Timestamp,Station,Freeway,Direction,Lane Type,Total Flow (veh/5min),Avg Speed (mph),Lane1 Flow (veh/5min),Lane1 Avg Speed (mph),Lane2 Flow (veh/5min),Lane2 Avg Speed (mph),Lane3 Flow (veh/5min),Lane3 Avg Speed (mph),Lane4 Flow (veh/5min),Lane4 Avg Speed (mph),Lane5 Flow (veh/5min),Lane5 Avg Speed (mph),Lane6 Flow (veh/5min),Lane6 Avg Speed (mph),Latitude,Longitude,Location,Abs_PM
2024-12-10 06:00:00,716551,134,W,ML,302,61.2,81,66.0,83,62.8,72,58.6,66,56.1,,,,,34.154235,-118.274159,SAN FERNANDO,5.983
2024-12-10 06:00:00,716554,134,W,ML,317,66.3,53,76.2,122,68.3,71,64.7,71,57.2,,,,,34.156198,-118.265345,PACIFIC,6.503
2024-12-10 06:00:00,717099,134,W,ML,361,61.3,91,68.2,87,64.2,83,59.4,100,54.2,,,,,34.156447,-118.245195,GLENDALE 1,7.673
2024-12-10 06:00:00,717582,134,W,ML,348,65.1,108,71.9,81,63.5,86,63.7,73,58.5,,,,,34.156458,-118.262159,CENTRAL,6.693
2024-12-10 06:00:00,717590,134,W,ML,106,64.9,22,70.4,32,66.8,29,63.4,23,59.1,,,,,34.148123,-118.229499,HARVEY,8.743
2024-12-10 06:00:00,717597,134,W,ML,106,64.9,22,70.4,32,66.8,29,63.4,23,59.1,,,,,34.142674,-118.184801,FIGUEROA,11.473
2024-12-10 06:00:00,717599,134,W,ML,426,66.4,89,72.0,129,68.3,114,64.9,94,60.4,,,,,34.142896,-118.172193,SAN RAFAEL,12.253
2024-12-10 06:00:00,717603,134,W,ML,108,65.6,24,69.7,26,67.4,23,65.6,21,63.0,14,58.8,,,34.146519,-118.162409,ORANGE GROVE,12.763
2024-12-10 06:00:00,717604,134,W,HV,107,64.9,107,64.9,,,,,,,,,,,34.146519,-118.162409,ORANGE GROVE,12.763
2024-12-10 06:00:00,761035,134,W,HV,107,64.9,107,64.9,,,,,,,,,,,34.148123,-118.229499,HARVEY,8.743
2024-12-10 06:00:00,761038,134,W,HV,107,64.9,107,64.9,,,,,,,,,,,34.156447,-118.245195,GLENDALE 1,7.673
2024-12-10 06:00:00,761041,134,W,HV,107,64.9,107,64.9,,,,,,,,,,,34.156458,-118.262159,CENTRAL,6.693
2024-12-10 06:00:00,761044,134,W,HV,107,64.9,107,64.9,,,,,,,,,,,34.156198,-118.265345,PACIFIC,6.503
2024-12-10 06:00:00,763610,134,W,HV,107,64.9,107,64.9,,,,,,,,,,,34.142896,-118.172193,SAN RAFAEL,12.253
2024-12-10 06:00:00,763612,134,W,HV,107,64.9,107,64.9,,,,,,,,,,,34.142674,-118.184801,FIGUEROA,11.473
2024-12-10 06:00:00,773975,134,W,ML,106,64.9,22,70.4,32,66.8,29,63.4,23,59.1,,,,,34.14568,-118.221874,OAKVIEW,9.213
2024-12-10 06:00:00,773977,134,W,HV,107,64.9,107,64.9,,,,,,,,,,,34.14568,-118.221874,OAKVIEW,9.213
2024-12-10 06:00:00,773996,134,W,ML,426,67.1,94,71.3,103,69.0,91,67.1,84,64.5,54,60.1,,,34.145076,-118.215608,FM 2 NB TO 134 EB,9.573
2024-12-10 06:00:00,773998,134,W,HV,107,64.9,107,64.9,,,,,,,,,,,34.145076,-118.215608,FM 2 NB TO 134 EB,9.573
2024-12-10 06:00:00,774012,134,W,ML,426,66.4,89,72.0,129,68.3,114,64.9,94,60.4,,,,,34.148107,-118.197509,TOWNSEND,10.643
2024-12-10 06:00:00,774014,134,W,HV,107,64.9,107,64.9,,,,,,,,,,,34.148107,-118.197509,TOWNSEND,10.643
2024-12-10 06:00:00,774032,134,W,ML,106,64.9,22,70.4,32,66.8,29,63.4,23,59.1,,,,,34.141843,-118.182666,COLORADO,11.623
2024-12-10 06:00:00,774034,134,W,HV,107,64.9,107,64.9,,,,,,,,,,,34.141843,-118.182666,COLORADO,11.623
2024-12-10 06:00:00,774053,134,W,ML,106,64.9,22,70.4,32,66.8,29,63.4,23,59.1,,,,,34.15084,-118.234258,FM 2 SB TO 134,8.403
2024-12-10 06:00:00,774055,134,W,HV,107,64.9,107,64.9,,,,,,,,,,,34.15084,-118.234258,FM 2 SB TO 134,8.403
2024-12-10 06:05:00,716551,134,W,ML,324,59.3,87,63.9,89,60.8,77,56.7,71,54.5,,,,,34.154235,-118.274159,SAN FERNANDO,5.983
2024-12-10 06:05:00,716554,134,W,ML,336,65.5,56,75.8,129,66.9,74,65.2,77,55.8,,,,,34.156198,-118.265345,PACIFIC,6.503
2024-12-10 06:05:00,717099,134,W,ML,364,61.9,92,68.8,87,64.7,84,60.0,101,54.8,,,,,34.156447,-118.245195,GLENDALE 1,7.673
2024-12-10 06:05:00,717582,134,W,ML,393,64.3,137,70.3,91,64.5,92,63.3,73,54.3,,,,,34.156458,-118.262159,CENTRAL,6.693
2024-12-10 06:05:00,717590,134,W,ML,109,64.8,23,70.2,33,66.7,29,63.3,24,59.0,,,,,34.148123,-118.229499,HARVEY,8.743
2024-12-10 06:05:00,717597,134,W,ML,109,64.8,23,70.2,33,66.7,29,63.3,24,59.0,,,,,34.142674,-118.184801,FIGUEROA,11.473
2024-12-10 06:05:00,717599,134,W,ML,440,65.0,92,70.5,133,66.9,118,63.5,97,59.2,,,,,34.142896,-118.172193,SAN RAFAEL,12.253
2024-12-10 06:05:00,717603,134,W,ML,110,65.5,24,69.6,27,67.3,23,65.5,22,62.9,14,58.7,,,34.146519,-118.162409,ORANGE GROVE,12.763
2024-12-10 06:05:00,717604,134,W,HV,110,64.8,110,64.8,,,,,,,,,,,34.146519,-118.162409,ORANGE GROVE,12.763
2024-12-10 06:05:00,761035,134,W,HV,110,64.8,110,64.8,,,,,,,,,,,34.148123,-118.229499,HARVEY,8.743
2024-12-10 06:05:00,761038,134,W,HV,110,64.8,110,64.8,,,,,,,,,,,34.156447,-118.245195,GLENDALE 1,7.673
2024-12-10 06:05:00,761041,134,W,HV,110,64.8,110,64.8,,,,,,,,,,,34.156458,-118.262159,CENTRAL,6.693
2024-12-10 06:05:00,761044,134,W,HV,110,64.8,110,64.8,,,,,,,,,,,34.156198,-118.265345,PACIFIC,6.503
2024-12-10 06:05:00,763610,134,W,HV,110,64.8,110,64.8,,,,,,,,,,,34.142896,-118.172193,SAN RAFAEL,12.253
2024-12-10 06:05:00,763612,134,W,HV,110,64.8,110,64.8,,,,,,,,,,,34.142674,-118.184801,FIGUEROA,11.473
2024-12-10 06:05:00,773975,134,W,ML,109,64.8,23,70.2,33,66.7,29,63.3,24,59.0,,,,,34.14568,-118.221874,OAKVIEW,9.213
2024-12-10 06:05:00,773977,134,W,HV,110,64.8,110,64.8,,,,,,,,,,,34.14568,-118.221874,OAKVIEW,9.213
2024-12-10 06:05:00,773996,134,W,ML,440,65.7,97,69.8,106,67.5,94,65.7,87,63.1,56,58.9,,,34.145076,-118.215608,FM 2 NB TO 134 EB,9.573
2024-12-10 06:05:00,773998,134,W,HV,110,64.8,110,64.8,,,,,,,,,,,34.145076,-118.215608,FM 2 NB TO 134 EB,9.573
2024-12-10 06:05:00,774012,134,W,ML,440,65.0,92,70.5,133,66.9,118,63.5,97,59.2,,,,,34.148107,-118.197509,TOWNSEND,10.643
2024-12-10 06:05:00,774014,134,W,HV,110,64.8,110,64.8,,,,,,,,,,,34.148107,-118.197509,TOWNSEND,10.643
2024-12-10 06:05:00,774032,134,W,ML,109,64.8,23,70.2,33,66.7,29,63.3,24,59.0,,,,,34.141843,-118.182666,COLORADO,11.623
2024-12-10 06:05:00,774034,134,W,HV,110,64.8,110,64.8,,,,,,,,,,,34.141843,-118.182666,COLORADO,11.623
2024-12-10 06:05:00,774053,134,W,ML,109,64.8,23,70.2,33,66.7,29,63.3,24,59.0,,,,,34.15084,-118.234258,FM 2 SB TO 134,8.403
2024-12-10 06:05:00,774055,134,W,HV,110,64.8,110,64.8,,,,,,,,,,,34.15084,-118.234258,FM 2 SB TO 134,8.403
2024-12-10 06:10:00,716551,134,W,ML,336,59.6,90,64.2,92,61.1,80,57.0,74,54.7,,,,,34.154235,-118.274159,SAN FERNANDO,5.983
2024-12-10 06:10:00,716554,134,W,ML,357,63.8,64,75.3,130,64.7,92,62.2,71,53.9,,,,,34.156198,-118.265345,PACIFIC,6.503
2024-12-10 06:10:00,717099,134,W,ML,432,60.3,110,67.0,104,63.1,99,58.4,119,53.0,,,,,34.156447,-118.245195,GLENDALE 1,7.673
2024-12-10 06:10:00,717582,134,W,ML,384,63.1,125,69.4,71,61.6,100,62.7,88,55.8,,,,,34.156458,-118.262159,CENTRAL,6.693
2024-12-10 06:10:00,717590,134,W,ML,112,64.6,23,70.0,34,66.5,30,63.1,25,58.8,,,,,34.148123,-118.229499,HARVEY,8.743
2024-12-10 06:10:00,717597,134,W,ML,112,64.6,23,70.0,34,66.5,30,63.1,25,58.8,,,,,34.142674,-118.184801,FIGUEROA,11.473
2024-12-10 06:10:00,717599,134,W,ML,455,64.2,95,69.6,138,66.1,122,62.7,100,58.4,,,,,34.142896,-118.172193,SAN RAFAEL,12.253
2024-12-10 06:10:00,717603,134,W,ML,112,65.3,25,69.4,27,67.1,24,65.3,22,62.8,14,58.5,,,34.146519,-118.162409,ORANGE GROVE,12.763
2024-12-10 06:10:00,717604,134,W,HV,112,64.6,112,64.6,,,,,,,,,,,34.146519,-118.162409,ORANGE GROVE,12.763
2024-12-10 06:10:00,761035,134,W,HV,112,64.6,112,64.6,,,,,,,,,,,34.148123,-118.229499,HARVEY,8.743
2024-12-10 06:10:00,761038,134,W,HV,112,64.6,112,64.6,,,,,,,,,,,34.156447,-118.245195,GLENDALE 1,7.673
2024-12-10 06:10:00,761041,134,W,HV,112,64.6,112,64.6,,,,,,,,,,,34.156458,-118.262159,CENTRAL,6.693
2024-12-10 06:10:00,761044,134,W,HV,112,64.6,112,64.6,,,,,,,,,,,34.156198,-118.265345,PACIFIC,6.503
2024-12-10 06:10:00,763610,134,W,HV,112,64.6,112,64.6,,,,,,,,,,,34.142896,-118.172193,SAN RAFAEL,12.253
2024-12-10 06:10:00,763612,134,W,HV,112,64.6,112,64.6,,,,,,,,,,,34.142674,-118.184801,FIGUEROA,11.473
2024-12-10 06:10:00,773975,134,W,ML,112,64.6,23,70.0,34,66.5,30,63.1,25,58.8,,,,,34.14568,-118.221874,OAKVIEW,9.213
2024-12-10 06:10:00,773977,134,W,HV,112,64.6,112,64.6,,,,,,,,,,,34.14568,-118.221874,OAKVIEW,9.213
2024-12-10 06:10:00,773996,134,W,ML,456,64.9,101,68.9,110,66.7,97,64.9,90,62.4,58,58.1,,,34.145076,-118.215608,FM 2 NB TO 134 EB,9.573
2024-12-10 06:10:00,773998,134,W,HV,112,64.6,112,64.6,,,,,,,,,,,34.145076,-118.215608,FM 2 NB TO 134 EB,9.573
2024-12-10 06:10:00,774012,134,W,ML,455,64.2,95,69.6,138,66.1,122,62.7,100,58.4,,,,,34.148107,-118.197509,TOWNSEND,10.643
2024-12-10 06:10:00,774014,134,W,HV,112,64.6,112,64.6,,,,,,,,,,,34.148107,-118.197509,TOWNSEND,10.643
2024-12-10 06:10:00,774032,134,W,ML,112,64.6,23,70.0,34,66.5,30,63.1,25,58.8,,,,,34.141843,-118.182666,COLORADO,11.623
2024-12-10 06:10:00,774034,134,W,HV,112,64.6,112,64.6,,,,,,,,,,,34.141843,-118.182666,COLORADO,11.623
2024-12-10 06:10:00,774053,134,W,ML,112,64.6,23,70.0,34,66.5,30,63.1,25,58.8,,,,,34.15084,-118.234258,FM 2 SB TO 134,8.403
2024-12-10 06:10:00,774055,134,W,HV,112,64.6,112,64.6,,,,,,,,,,,34.15084,-118.234258,FM 2 SB TO 134,8.403
2024-12-10 06:15:00,716551,134,W,ML,346,57.6,93,62.3,94,59.2,82,54.9,77,52.7,,,,,34.154235,-118.274159,SAN FERNANDO,5.983
2024-12-10 06:15:00,716554,134,W,ML,386,64.2,82,74.2,132,64.3,95,63.7,77,54.1,,,,,34.156198,-118.265345,PACIFIC,6.503
2024-12-10 06:15:00,717099,134,W,ML,391,60.4,99,67.2,94,63.3,90,58.6,108,53.2,,,,,34.156447,-118.245195,GLENDALE 1,7.673
2024-12-10 06:15:00,717582,134,W,ML,379,63.7,122,70.3,77,61.9,101,62.5,79,56.7,,,,,34.156458,-118.262159,CENTRAL,6.693
2024-12-10 06:15:00,717590,134,W,ML,113,64.5,24,69.9,34,66.4,30,63.0,25,58.7,,,,,34.148123,-118.229499,HARVEY,8.743
2024-12-10 06:15:00,717597,134,W,ML,113,64.5,24,69.9,34,66.4,30,63.0,25,58.7,,,,,34.142674,-118.184801,FIGUEROA,11.473
2024-12-10 06:15:00,717599,134,W,ML,462,63.8,97,69.2,140,65.7,124,62.3,101,58.1,,,,,34.142896,-118.172193,SAN RAFAEL,12.253
2024-12-10 06:15:00,717603,134,W,ML,112,65.2,25,69.3,27,67.0,24,65.2,22,62.7,14,58.4,,,34.146519,-118.162409,ORANGE GROVE,12.763
2024-12-10 06:15:00,717604,134,W,HV,113,64.5,113,64.5,,,,,,,,,,,34.146519,-118.162409,ORANGE GROVE,12.763
2024-12-10 06:15:00,761035,134,W,HV,113,64.5,113,64.5,,,,,,,,,,,34.148123,-118.229499,HARVEY,8.743
2024-12-10 06:15:00,761038,134,W,HV,113,64.5,113,64.5,,,,,,,,,,,34.156447,-118.245195,GLENDALE 1,7.673
2024-12-10 06:15:00,761041,134,W,HV,113,64.5,113,64.5,,,,,,,,,,,34.156458,-118.262159,CENTRAL,6.693
2024-12-10 06:15:00,761044,134,W,HV,113,64.5,113,64.5,,,,,,,,,,,34.156198,-118.265345,PACIFIC,6.503
2024-12-10 06:15:00,763610,134,W,HV,113,64.5,113,64.5,,,,,,,,,,,34.142896,-118.172193,SAN RAFAEL,12.253
2024-12-10 06:15:00,763612,134,W,HV,113,64.5,113,64.5,,,,,,,,,,,34.142674,-118.184801,FIGUEROA,11.473
2024-12-10 06:15:00,773975,134,W,ML,113,64.5,24,69.9,34,66.4,30,63.0,25,58.7,,,,,34.14568,-118.221874,OAKVIEW,9.213
2024-12-10 06:15:00,773977,134,W,HV,113,64.5,113,64.5,,,,,,,,,,,34.14568,-118.221874,OAKVIEW,9.213
2024-12-10 06:15:00,773996,134,W,ML,461,64.4,102,68.5,111,66.3,98,64.5,91,62.0,59,57.8,,,34.145076,-118.215608,FM 2 NB TO 134 EB,9.573
2024-12-10 06:15:00,773998,134,W,HV,113,64.5,113,64.5,,,,,,,,,,,34.145076,-118.215608,FM 2 NB TO 134 EB,9.573
2024-12-10 06:15:00,774012,134,W,ML,462,63.8,97,69.2,140,65.7,124,62.3,101,58.1,,,,,34.148107,-118.197509,TOWNSEND,10.643
2024-12-10 06:15:00,774014,134,W,HV,113,64.5,113,64.5,,,,,,,,,,,34.148107,-118.197509,TOWNSEND,10.643
2024-12-10 06:15:00,774032,134,W,ML,113,64.5,24,69.9,34,66.4,30,63.0,25,58.7,,,,,34.141843,-118.182666,COLORADO,11.623
2024-12-10 06:15:00,774034,134,W,HV,113,64.5,113,64.5,,,,,,,,,,,34.141843,-118.182666,COLORADO,11.623
2024-12-10 06:15:00,774053,134,W,ML,113,64.5,24,69.9,34,66.4,30,63.0,25,58.7,,,,,34.15084,-118.234258,FM 2 SB TO 134,8.403
2024-12-10 06:15:00,774055,134,W,HV,113,64.5,113,64.5,,,,,,,,,,,34.15084,-118.234258,FM 2 SB TO 134,8.403
2024-12-10 06:20:00,716551,134,W,ML,327,58.1,88,62.9,90,59.8,78,55.4,71,53.1,,,,,34.154235,-118.274159,SAN FERNANDO,5.983
2024-12-10 06:20:00,716554,134,W,ML,357,64.4,69,75.0,132,65.3,78,63.0,78,54.8,,,,,34.156198,-118.265345,PACIFIC,6.503
2024-12-10 06:20:00,717099,134,W,ML,446,57.8,114,64.5,107,60.7,102,56.1,123,50.4,,,,,34.156447,-118.245195,GLENDALE 1,7.673
2024-12-10 06:20:00,717582,134,W,ML,410,62.4,131,70.4,92,57.3,96,61.8,91,56.5,,,,,34.156458,-118.262159,CENTRAL,6.693
2024-12-10 06:20:00,717590,134,W,ML,115,64.4,24,69.8,35,66.3,31,62.9,25,58.6,,,,,34.148123,-118.229499,HARVEY,8.743
2024-12-10 06:20:00,717597,134,W,ML,115,64.4,24,69.8,35,66.3,31,62.9,25,58.6,,,,,34.142674,-118.184801,FIGUEROA,11.473
2024-12-10 06:20:00,717599,134,W,ML,465,63.5,97,68.8,141,65.3,125,62.0,102,57.8,,,,,34.142896,-118.172193,SAN RAFAEL,12.253
2024-12-10 06:20:00,717603,134,W,ML,113,65.1,25,69.2,27,66.9,24,65.1,23,62.6,14,58.3,,,34.146519,-118.162409,ORANGE GROVE,12.763
2024-12-10 06:20:00,717604,134,W,HV,114,64.4,114,64.4,,,,,,,,,,,34.146519,-118.162409,ORANGE GROVE,12.763
2024-12-10 06:20:00,761035,134,W,HV,114,64.4,114,64.4,,,,,,,,,,,34.148123,-118.229499,HARVEY,8.743
2024-12-10 06:20:00,761038,134,W,HV,114,64.4,114,64.4,,,,,,,,,,,34.156447,-118.245195,GLENDALE 1,7.673
2024-12-10 06:20:00,761041,134,W,HV,114,64.4,114,64.4,,,,,,,,,,,34.156458,-118.262159,CENTRAL,6.693
2024-12-10 06:20:00,761044,134,W,HV,114,64.4,114,64.4,,,,,,,,,,,34.156198,-118.265345,PACIFIC,6.503
2024-12-10 06:20:00,763610,134,W,HV,114,64.4,114,64.4,,,,,,,,,,,34.142896,-118.172193,SAN RAFAEL,12.253
2024-12-10 06:20:00,763612,134,W,HV,114,64.4,114,64.4,,,,,,,,,,,34.142674,-118.184801,FIGUEROA,11.473
2024-12-10 06:20:00,773975,134,W,ML,115,64.4,24,69.8,35,66.3,31,62.9,25,58.6,,,,,34.14568,-118.221874,OAKVIEW,9.213
2024-12-10 06:20:00,773977,134,W,HV,114,64.4,114,64.4,,,,,,,,,,,34.14568,-118.221874,OAKVIEW,9.213
2024-12-10 06:20:00,773996,134,W,ML,465,64.2,103,68.2,112,66.0,99,64.2,92,61.7,59,57.5,,,34.145076,-118.215608,FM 2 NB TO 134 EB,9.573
2024-12-10 06:20:00,773998,134,W,HV,114,64.4,114,64.4,,,,,,,,,,,34.145076,-118.215608,FM 2 NB TO 134 EB,9.573
2024-12-10 06:20:00,774012,134,W,ML,465,63.5,97,68.8,141,65.3,125,62.0,102,57.8,,,,,34.148107,-118.197509,TOWNSEND,10.643
2024-12-10 06:20:00,774014,134,W,HV,114,64.4,114,64.4,,,,,,,,,,,34.148107,-118.197509,TOWNSEND,10.643
2024-12-10 06:20:00,774032,134,W,ML,115,64.4,24,69.8,35,66.3,31,62.9,25,58.6,,,,,34.141843,-118.182666,COLORADO,11.623
2024-12-10 06:20:00,774034,134,W,HV,114,64.4,114,64.4,,,,,,,,,,,34.141843,-118.182666,COLORADO,11.623
2024-12-10 06:20:00,774053,134,W,ML,115,64.4,24,69.8,35,66.3,31,62.9,25,58.6,,,,,34.15084,-118.234258,FM 2 SB TO 134,8.403
2024-12-10 06:20:00,774055,134,W,HV,114,64.4,114,64.4,,,,,,,,,,,34.15084,-118.234258,FM 2 SB TO 134,8.403
2024-12-10 06:25:00,716551,134,W,ML,362,56.1,97,60.4,99,57.4,86,53.7,80,51.7,,,,,34.154235,-118.274159,SAN FERNANDO,5.983
2024-12-10 06:25:00,716554,134,W,ML,380,62.9,61,76.2,140,65.0,91,61.4,88,51.7,,,,,34.156198,-118.265345,PACIFIC,6.503
2024-12-10 06:25:00,717099,134,W,ML,391,59.7,99,66.4,94,62.5,90,57.9,108,52.4,,,,,34.156447,-118.245195,GLENDALE 1,7.673
2024-12-10 06:25:00,717582,134,W,ML,409,62.3,139,70.0,91,60.6,100,60.6,79,52.7,,,,,34.156458,-118.262159,CENTRAL,6.693
2024-12-10 06:25:00,717590,134,W,ML,115,64.3,24,69.7,35,66.2,31,62.8,25,58.5,,,,,34.148123,-118.229499,HARVEY,8.743
2024-12-10 06:25:00,717597,134,W,ML,115,64.3,24,69.7,35,66.2,31,62.8,25,58.5,,,,,34.142674,-118.184801,FIGUEROA,11.473
2024-12-10 06:25:00,717599,134,W,ML,465,63.2,97,68.5,141,65.0,125,61.7,102,57.5,,,,,34.142896,-118.172193,SAN RAFAEL,12.253
2024-12-10 06:25:00,717603,134,W,ML,117,65.0,26,69.0,28,66.8,25,65.0,23,62.5,15,58.2,,,34.146519,-118.162409,ORANGE GROVE,12.763
2024-12-10 06:25:00,717604,134,W,HV,116,64.3,116,64.3,,,,,,,,,,,34.146519,-118.162409,ORANGE GROVE,12.763
2024-12-10 06:25:00,761035,134,W,HV,116,64.3,116,64.3,,,,,,,,,,,34.148123,-118.229499,HARVEY,8.743
2024-12-10 06:25:00,761038,134,W,HV,116,64.3,116,64.3,,,,,,,,,,,34.156447,-118.245195,GLENDALE 1,7.673
2024-12-10 06:25:00,761041,134,W,HV,116,64.3,116,64.3,,,,,,,,,,,34.156458,-118.262159,CENTRAL,6.693
2024-12-10 06:25:00,761044,134,W,HV,116,64.3,116,64.3,,,,,,,,,,,34.156198,-118.265345,PACIFIC,6.503
2024-12-10 06:25:00,763610,134,W,HV,116,64.3,116,64.3,,,,,,,,,,,34.142896,-118.172193,SAN RAFAEL,12.253
2024-12-10 06:25:00,763612,134,W,HV,116,64.3,116,64.3,,,,,,,,,,,34.142674,-118.184801,FIGUEROA,11.473
2024-12-10 06:25:00,773975,134,W,ML,115,64.3,24,69.7,35,66.2,31,62.8,25,58.5,,,,,34.14568,-118.221874,OAKVIEW,9.213
2024-12-10 06:25:00,773977,134,W,HV,116,64.3,116,64.3,,,,,,,,,,,34.14568,-118.221874,OAKVIEW,9.213
2024-12-10 06:25:00,773996,134,W,ML,465,63.9,103,67.9,112,65.6,99,63.9,92,61.4,59,57.2,,,34.145076,-118.215608,FM 2 NB TO 134 EB,9.573
2024-12-10 06:25:00,773998,134,W,HV,116,64.3,116,64.3,,,,,,,,,,,34.145076,-118.215608,FM 2 NB TO 134 EB,9.573
2024-12-10 06:25:00,774012,134,W,ML,465,63.2,97,68.5,141,65.0,125,61.7,102,57.5,,,,,34.148107,-118.197509,TOWNSEND,10.643
2024-12-10 06:25:00,774014,134,W,HV,116,64.3,116,64.3,,,,,,,,,,,34.148107,-118.197509,TOWNSEND,10.643
2024-12-10 06:25:00,774032,134,W,ML,115,64.3,24,69.7,35,66.2,31,62.8,25,58.5,,,,,34.141843,-118.182666,COLORADO,11.623
2024-12-10 06:25:00,774034,134,W,HV,116,64.3,116,64.3,,,,,,,,,,,34.141843,-118.182666,COLORADO,11.623
2024-12-10 06:25:00,774053,134,W,ML,115,64.3,24,69.7,35,66.2,31,62.8,25,58.5,,,,,34.15084,-118.234258,FM 2 SB TO 134,8.403
2024-12-10 06:25:00,774055,134,W,HV,116,64.3,116,64.3,,,,,,,,,,,34.15084,-118.234258,FM 2 SB TO 134,8.403
2024-12-10 06:30:00,716551,134,W,ML,346,57.8,93,62.2,94,59.2,82,55.3,77,53.2,,,,,34.154235,-118.274159,SAN FERNANDO,5.983
2024-12-10 06:30:00,716554,134,W,ML,388,63.1,73,73.5,145,64.3,95,62.6,75,51.5,,,,,34.156198,-118.265345,PACIFIC,6.503
2024-12-10 06:30:00,717099,134,W,ML,399,61.1,101,68.0,96,64.0,92,59.1,110,53.8,,,,,34.156447,-118.245195,GLENDALE 1,7.673
2024-12-10 06:30:00,717582,134,W,ML,411,63.3,141,69.3,89,66.5,100,60.6,81,52.6,,,,,34.156458,-118.262159,CENTRAL,6.693
2024-12-10 06:30:00,717590,134,W,ML,115,64.3,24,69.7,35,66.2,31,62.8,25,58.5,,,,,34.148123,-118.229499,HARVEY,8.743
2024-12-10 06:30:00,717597,134,W,ML,115,64.3,24,69.7,35,66.2,31,62.8,25,58.5,,,,,34.142674,-118.184801,FIGUEROA,11.473
2024-12-10 06:30:00,717599,134,W,ML,468,62.9,98,68.2,142,64.7,125,61.4,103,57.2,,,,,34.142896,-118.172193,SAN RAFAEL,12.253
2024-12-10 06:30:00,717603,134,W,ML,117,65.0,26,69.0,28,66.8,25,65.0,23,62.5,15,58.2,,,34.146519,-118.162409,ORANGE GROVE,12.763
2024-12-10 06:30:00,717604,134,W,HV,116,64.3,116,64.3,,,,,,,,,,,34.146519,-118.162409,ORANGE GROVE,12.763
2024-12-10 06:30:00,761035,134,W,HV,116,64.3,116,64.3,,,,,,,,,,,34.148123,-118.229499,HARVEY,8.743
2024-12-10 06:30:00,761038,134,W,HV,116,64.3,116,64.3,,,,,,,,,,,34.156447,-118.245195,GLENDALE 1,7.673
2024-12-10 06:30:00,761041,134,W,HV,116,64.3,116,64.3,,,,,,,,,,,34.156458,-118.262159,CENTRAL,6.693
2024-12-10 06:30:00,761044,134,W,HV,116,64.3,116,64.3,,,,,,,,,,,34.156198,-118.265345,PACIFIC,6.503
2024-12-10 06:30:00,763610,134,W,HV,116,64.3,116,64.3,,,,,,,,,,,34.142896,-118.172193,SAN RAFAEL,12.253
2024-12-10 06:30:00,763612,134,W,HV,116,64.3,116,64.3,,,,,,,,,,,34.142674,-118.184801,FIGUEROA,11.473
2024-12-10 06:30:00,773975,134,W,ML,115,64.3,24,69.7,35,66.2,31,62.8,25,58.5,,,,,34.14568,-118.221874,OAKVIEW,9.213
2024-12-10 06:30:00,773977,134,W,HV,116,64.3,116,64.3,,,,,,,,,,,34.14568,-118.221874,OAKVIEW,9.213
2024-12-10 06:30:00,773996,134,W,ML,468,63.6,104,67.5,113,65.3,100,63.6,92,61.1,59,56.9,,,34.145076,-118.215608,FM 2 NB TO 134 EB,9.573
2024-12-10 06:30:00,773998,134,W,HV,116,64.3,116,64.3,,,,,,,,,,,34.145076,-118.215608,FM 2 NB TO 134 EB,9.573
2024-12-10 06:30:00,774012,134,W,ML,468,62.9,98,68.2,142,64.7,125,61.4,103,57.2,,,,,34.148107,-118.197509,TOWNSEND,10.643
2024-12-10 06:30:00,774014,134,W,HV,116,64.3,116,64.3,,,,,,,,,,,34.148107,-118.197509,TOWNSEND,10.643
2024-12-10 06:30:00,774032,134,W,ML,115,64.3,24,69.7,35,66.2,31,62.8,25,58.5,,,,,34.141843,-118.182666,COLORADO,11.623
2024-12-10 06:30:00,774034,134,W,HV,116,64.3,116,64.3,,,,,,,,,,,34.141843,-118.182666,COLORADO,11.623
2024-12-10 06:30:00,774053,134,W,ML,115,64.3,24,69.7,35,66.2,31,62.8,25,58.5,,,,,34.15084,-118.234258,FM 2 SB TO 134,8.403
2024-12-10 06:30:00,774055,134,W,HV,116,64.3,116,64.3,,,,,,,,,,,34.15084,-118.234258,FM 2 SB TO 134,8.403
2024-12-10 06:35:00,716551,134,W,ML,385,58.4,105,63.2,104,60.0,91,55.6,85,53.4,,,,,34.154235,-118.274159,SAN FERNANDO,5.983
2024-12-10 06:35:00,716554,134,W,ML,386,64.2,72,73.3,129,66.0,89,63.9,96,55.1,,,,,34.156198,-118.265345,PACIFIC,6.503
2024-12-10 06:35:00,717099,134,W,ML,418,61.5,106,68.5,100,64.4,96,59.6,116,54.3,,,,,34.156447,-118.245195,GLENDALE 1,7.673
2024-12-10 06:35:00,717582,134,W,ML,439,64.8,140,70.3,102,68.3,112,61.3,85,56.0,,,,,34.156458,-118.262159,CENTRAL,6.693
2024-12-10 06:35:00,717590,134,W,ML,119,64.2,25,69.6,36,66.1,32,62.7,26,58.4,,,,,34.148123,-118.229499,HARVEY,8.743
2024-12-10 06:35:00,717597,134,W,ML,119,64.2,25,69.6,36,66.1,32,62.7,26,58.4,,,,,34.142674,-118.184801,FIGUEROA,11.473
2024-12-10 06:35:00,717599,134,W,ML,476,62.6,100,67.9,144,64.4,128,61.1,104,57.0,,,,,34.142896,-118.172193,SAN RAFAEL,12.253
2024-12-10 06:35:00,717603,134,W,ML,117,64.9,26,68.9,28,66.7,25,64.9,23,62.4,15,58.1,,,34.146519,-118.162409,ORANGE GROVE,12.763
2024-12-10 06:35:00,717604,134,W,HV,118,64.2,118,64.2,,,,,,,,,,,34.146519,-118.162409,ORANGE GROVE,12.763
2024-12-10 06:35:00,761035,134,W,HV,118,64.2,118,64.2,,,,,,,,,,,34.148123,-118.229499,HARVEY,8.743
2024-12-10 06:35:00,761038,134,W,HV,118,64.2,118,64.2,,,,,,,,,,,34.156447,-118.245195,GLENDALE 1,7.673
2024-12-10 06:35:00,761041,134,W,HV,118,64.2,118,64.2,,,,,,,,,,,34.156458,-118.262159,CENTRAL,6.693
2024-12-10 06:35:00,761044,134,W,HV,118,64.2,118,64.2,,,,,,,,,,,34.156198,-118.265345,PACIFIC,6.503
2024-12-10 06:35:00,763610,134,W,HV,118,64.2,118,64.2,,,,,,,,,,,34.142896,-118.172193,SAN RAFAEL,12.253
2024-12-10 06:35:00,763612,134,W,HV,118,64.2,118,64.2,,,,,,,,,,,34.142674,-118.184801,FIGUEROA,11.473
2024-12-10 06:35:00,773975,134,W,ML,119,64.2,25,69.6,36,66.1,32,62.7,26,58.4,,,,,34.14568,-118.221874,OAKVIEW,9.213
2024-12-10 06:35:00,773977,134,W,HV,118,64.2,118,64.2,,,,,,,,,,,34.14568,-118.221874,OAKVIEW,9.213
2024-12-10 06:35:00,773996,134,W,ML,475,63.2,105,67.2,115,65.0,101,63.3,94,60.8,60,56.7,,,34.145076,-118.215608,FM 2 NB TO 134 EB,9.573
2024-12-10 06:35:00,773998,134,W,HV,118,64.2,118,64.2,,,,,,,,,,,34.145076,-118.215608,FM 2 NB TO 134 EB,9.573
2024-12-10 06:35:00,774012,134,W,ML,476,62.6,100,67.9,144,64.4,128,61.1,104,57.0,,,,,34.148107,-118.197509,TOWNSEND,10.643
2024-12-10 06:35:00,774014,134,W,HV,118,64.2,118,64.2,,,,,,,,,,,34.148107,-118.197509,TOWNSEND,10.643
2024-12-10 06:35:00,774032,134,W,ML,119,64.2,25,69.6,36,66.1,32,62.7,26,58.4,,,,,34.141843,-118.182666,COLORADO,11.623
2024-12-10 06:35:00,774034,134,W,HV,118,64.2,118,64.2,,,,,,,,,,,34.141843,-118.182666,COLORADO,11.623
2024-12-10 06:35:00,774053,134,W,ML,119,64.2,25,69.6,36,66.1,32,62.7,26,58.4,,,,,34.15084,-118.234258,FM 2 SB TO 134,8.403
2024-12-10 06:35:00,774055,134,W,HV,118,64.2,118,64.2,,,,,,,,,,,34.15084,-118.234258,FM 2 SB TO 134,8.403
2024-12-10 06:40:00,716551,134,W,ML,398,58.5,107,63.1,108,60.1,95,56.1,88,53.8,,,,,34.154235,-118.274159,SAN FERNANDO,5.983
2024-12-10 06:40:00,716554,134,W,ML,416,63.8,73,73.2,140,65.7,105,63.1,98,54.7,,,,,34.156198,-118.265345,PACIFIC,6.503
2024-12-10 06:40:00,717099,134,W,ML,499,62.6,128,69.4,120,65.4,114,60.6,137,55.4,,,,,34.156447,-118.245195,GLENDALE 1,7.673
2024-12-10 06:40:00,717582,134,W,ML,468,64.6,152,70.9,93,65.9,121,62.8,102,56.1,,,,,34.156458,-118.262159,CENTRAL,6.693
2024-12-10 06:40:00,717590,134,W,ML,119,64.1,25,69.5,36,66.0,32,62.6,26,58.3,,,,,34.148123,-118.229499,HARVEY,8.743
2024-12-10 06:40:00,717597,134,W,ML,119,64.1,25,69.5,36,66.0,32,62.6,26,58.3,,,,,34.142674,-118.184801,FIGUEROA,11.473
2024-12-10 06:40:00,717599,134,W,ML,484,62.5,101,67.8,147,64.3,130,61.0,106,56.9,,,,,34.142896,-118.172193,SAN RAFAEL,12.253
2024-12-10 06:40:00,717603,134,W,ML,117,64.8,26,68.8,28,66.6,25,64.8,23,62.3,15,58.0,,,34.146519,-118.162409,ORANGE GROVE,12.763
2024-12-10 06:40:00,717604,134,W,HV,118,64.1,118,64.1,,,,,,,,,,,34.146519,-118.162409,ORANGE GROVE,12.763
2024-12-10 06:40:00,761035,134,W,HV,118,64.1,118,64.1,,,,,,,,,,,34.148123,-118.229499,HARVEY,8.743
2024-12-10 06:40:00,761038,134,W,HV,118,64.1,118,64.1,,,,,,,,,,,34.156447,-118.245195,GLENDALE 1,7.673
2024-12-10 06:40:00,761041,134,W,HV,118,64.1,118,64.1,,,,,,,,,,,34.156458,-118.262159,CENTRAL,6.693
2024-12-10 06:40:00,761044,134,W,HV,118,64.1,118,64.1,,,,,,,,,,,34.156198,-118.265345,PACIFIC,6.503
2024-12-10 06:40:00,763610,134,W,HV,118,64.1,118,64.1,,,,,,,,,,,34.142896,-118.172193,SAN RAFAEL,12.253
2024-12-10 06:40:00,763612,134,W,HV,118,64.1,118,64.1,,,,,,,,,,,34.142674,-118.184801,FIGUEROA,11.473
2024-12-10 06:40:00,773975,134,W,ML,119,64.1,25,69.5,36,66.0,32,62.6,26,58.3,,,,,34.14568,-118.221874,OAKVIEW,9.213
2024-12-10 06:40:00,773977,134,W,HV,118,64.1,118,64.1,,,,,,,,,,,34.14568,-118.221874,OAKVIEW,9.213
2024-12-10 06:40:00,773996,134,W,ML,485,63.1,107,67.1,117,64.9,103,63.2,96,60.7,62,56.6,,,34.145076,-118.215608,FM 2 NB TO 134 EB,9.573
2024-12-10 06:40:00,773998,134,W,HV,118,64.1,118,64.1,,,,,,,,,,,34.145076,-118.215608,FM 2 NB TO 134 EB,9.573
2024-12-10 06:40:00,774012,134,W,ML,484,62.5,101,67.8,147,64.3,130,61.0,106,56.9,,,,,34.148107,-118.197509,TOWNSEND,10.643
2024-12-10 06:40:00,774014,134,W,HV,118,64.1,118,64.1,,,,,,,,,,,34.148107,-118.197509,TOWNSEND,10.643
2024-12-10 06:40:00,774032,134,W,ML,119,64.1,25,69.5,36,66.0,32,62.6,26,58.3,,,,,34.141843,-118.182666,COLORADO,11.623
2024-12-10 06:40:00,774034,134,W,HV,118,64.1,118,64.1,,,,,,,,,,,34.141843,-118.182666,COLORADO,11.623
2024-12-10 06:40:00,774053,134,W,ML,119,64.1,25,69.5,36,66.0,32,62.6,26,58.3,,,,,34.15084,-118.234258,FM 2 SB TO 134,8.403
2024-12-10 06:40:00,774055,134,W,HV,118,64.1,118,64.1,,,,,,,,,,,34.15084,-118.234258,FM 2 SB TO 134,8.403
2024-12-10 06:45:00,716551,134,W,ML,412,60.5,111,65.3,112,62.1,98,57.8,91,55.4,,,,,34.154235,-118.274159,SAN FERNANDO,5.983
2024-12-10 06:45:00,716554,134,W,ML,441,64.7,68,73.5,161,65.5,110,64.5,102,57.7,,,,,34.156198,-118.265345,PACIFIC,6.503
2024-12-10 06:45:00,717099,134,W,ML,504,62.7,129,69.6,121,65.5,115,60.7,139,55.6,,,,,34.156447,-118.245195,GLENDALE 1,7.673
2024-12-10 06:45:00,717582,134,W,ML,484,65.6,159,71.0,101,67.4,121,63.0,103,58.6,,,,,34.156458,-118.262159,CENTRAL,6.693
2024-12-10 06:45:00,717590,134,W,ML,119,64.1,25,69.5,36,66.0,32,62.6,26,58.3,,,,,34.148123,-118.229499,HARVEY,8.743
2024-12-10 06:45:00,717597,134,W,ML,119,64.1,25,69.5,36,66.0,32,62.6,26,58.3,,,,,34.142674,-118.184801,FIGUEROA,11.473
2024-12-10 06:45:00,717599,134,W,ML,488,62.4,102,67.6,148,64.2,131,61.0,107,56.8,,,,,34.142896,-118.172193,SAN RAFAEL,12.253
2024-12-10 06:45:00,717603,134,W,ML,117,64.8,26,68.8,28,66.6,25,64.8,23,62.3,15,58.0,,,34.146519,-118.162409,ORANGE GROVE,12.763
2024-12-10 06:45:00,717604,134,W,HV,118,64.1,118,64.1,,,,,,,,,,,34.146519,-118.162409,ORANGE GROVE,12.763
2024-12-10 06:45:00,761035,134,W,HV,118,64.1,118,64.1,,,,,,,,,,,34.148123,-118.229499,HARVEY,8.743
2024-12-10 06:45:00,761038,134,W,HV,118,64.1,118,64.1,,,,,,,,,,,34.156447,-118.245195,GLENDALE 1,7.673
2024-12-10 06:45:00,761041,134,W,HV,118,64.1,118,64.1,,,,,,,,,,,34.156458,-118.262159,CENTRAL,6.693
2024-12-10 06:45:00,761044,134,W,HV,118,64.1,118,64.1,,,,,,,,,,,34.156198,-118.265345,PACIFIC,6.503
2024-12-10 06:45:00,763610,134,W,HV,118,64.1,118,64.1,,,,,,,,,,,34.142896,-118.172193,SAN RAFAEL,12.253
2024-12-10 06:45:00,763612,134,W,HV,118,64.1,118,64.1,,,,,,,,,,,34.142674,-118.184801,FIGUEROA,11.473
2024-12-10 06:45:00,773975,134,W,ML,119,64.1,25,69.5,36,66.0,32,62.6,26,58.3,,,,,34.14568,-118.221874,OAKVIEW,9.213
2024-12-10 06:45:00,773977,134,W,HV,118,64.1,118,64.1,,,,,,,,,,,34.14568,-118.221874,OAKVIEW,9.213
2024-12-10 06:45:00,773996,134,W,ML,489,63.0,108,67.0,118,64.8,104,63.1,97,60.6,62,56.5,,,34.145076,-118.215608,FM 2 NB TO 134 EB,9.573
2024-12-10 06:45:00,773998,134,W,HV,118,64.1,118,64.1,,,,,,,,,,,34.145076,-118.215608,FM 2 NB TO 134 EB,9.573
2024-12-10 06:45:00,774012,134,W,ML,488,62.4,102,67.6,148,64.2,131,61.0,107,56.8,,,,,34.148107,-118.197509,TOWNSEND,10.643
2024-12-10 06:45:00,774014,134,W,HV,118,64.1,118,64.1,,,,,,,,,,,34.148107,-118.197509,TOWNSEND,10.643
2024-12-10 06:45:00,774032,134,W,ML,119,64.1,25,69.5,36,66.0,32,62.6,26,58.3,,,,,34.141843,-118.182666,COLORADO,11.623
2024-12-10 06:45:00,774034,134,W,HV,118,64.1,118,64.1,,,,,,,,,,,34.141843,-118.182666,COLORADO,11.623
2024-12-10 06:45:00,774053,134,W,ML,119,64.1,25,69.5,36,66.0,32,62.6,26,58.3,,,,,34.15084,-118.234258,FM 2 SB TO 134,8.403
2024-12-10 06:45:00,774055,134,W,HV,118,64.1,118,64.1,,,,,,,,,,,34.15084,-118.234258,FM 2 SB TO 134,8.403
2024-12-10 06:50:00,716551,134,W,ML,416,61.1,112,66.0,113,62.8,99,58.4,92,55.9,,,,,34.154235,-118.274159,SAN FERNANDO,5.983
2024-12-10 06:50:00,716554,134,W,ML,434,65.0,64,74.6,164,65.3,103,64.8,103,58.6,,,,,34.156198,-118.265345,PACIFIC,6.503
2024-12-10 06:50:00,717099,134,W,ML,542,63.1,140,69.9,130,65.8,123,61.0,149,56.0,,,,,34.156447,-118.245195,GLENDALE 1,7.673
2024-12-10 06:50:00,717582,134,W,ML,507,66.0,170,69.8,112,69.0,114,63.5,111,59.8,,,,,34.156458,-118.262159,CENTRAL,6.693
2024-12-10 06:50:00,717590,134,W,ML,116,64.1,24,69.5,35,66.0,31,62.6,26,58.3,,,,,34.148123,-118.229499,HARVEY,8.743
2024-12-10 06:50:00,717597,134,W,ML,116,64.1,24,69.5,35,66.0,31,62.6,26,58.3,,,,,34.142674,-118.184801,FIGUEROA,11.473
2024-12-10 06:50:00,717599,134,W,ML,484,62.4,101,67.6,147,64.2,130,61.0,106,56.8,,,,,34.142896,-118.172193,SAN RAFAEL,12.253
2024-12-10 06:50:00,717603,134,W,ML,117,64.8,26,68.8,28,66.6,25,64.8,23,62.3,15,58.0,,,34.146519,-118.162409,ORANGE GROVE,12.763
2024-12-10 06:50:00,717604,134,W,HV,117,64.1,117,64.1,,,,,,,,,,,34.146519,-118.162409,ORANGE GROVE,12.763
2024-12-10 06:50:00,761035,134,W,HV,117,64.1,117,64.1,,,,,,,,,,,34.148123,-118.229499,HARVEY,8.743
2024-12-10 06:50:00,761038,134,W,HV,117,64.1,117,64.1,,,,,,,,,,,34.156447,-118.245195,GLENDALE 1,7.673
2024-12-10 06:50:00,761041,134,W,HV,117,64.1,117,64.1,,,,,,,,,,,34.156458,-118.262159,CENTRAL,6.693
2024-12-10 06:50:00,761044,134,W,HV,117,64.1,117,64.1,,,,,,,,,,,34.156198,-118.265345,PACIFIC,6.503
2024-12-10 06:50:00,763610,134,W,HV,117,64.1,117,64.1,,,,,,,,,,,34.142896,-118.172193,SAN RAFAEL,12.253
2024-12-10 06:50:00,763612,134,W,HV,117,64.1,117,64.1,,,,,,,,,,,34.142674,-118.184801,FIGUEROA,11.473
2024-12-10 06:50:00,773975,134,W,ML,116,64.1,24,69.5,35,66.0,31,62.6,26,58.3,,,,,34.14568,-118.221874,OAKVIEW,9.213
2024-12-10 06:50:00,773977,134,W,HV,117,64.1,117,64.1,,,,,,,,,,,34.14568,-118.221874,OAKVIEW,9.213
2024-12-10 06:50:00,773996,134,W,ML,484,63.0,107,67.0,117,64.8,103,63.1,96,60.6,61,56.5,,,34.145076,-118.215608,FM 2 NB TO 134 EB,9.573
2024-12-10 06:50:00,773998,134,W,HV,117,64.1,117,64.1,,,,,,,,,,,34.145076,-118.215608,FM 2 NB TO 134 EB,9.573
2024-12-10 06:50:00,774012,134,W,ML,484,62.4,101,67.6,147,64.2,130,61.0,106,56.8,,,,,34.148107,-118.197509,TOWNSEND,10.643
2024-12-10 06:50:00,774014,134,W,HV,117,64.1,117,64.1,,,,,,,,,,,34.148107,-118.197509,TOWNSEND,10.643
2024-12-10 06:50:00,774032,134,W,ML,116,64.1,24,69.5,35,66.0,31,62.6,26,58.3,,,,,34.141843,-118.182666,COLORADO,11.623
2024-12-10 06:50:00,774034,134,W,HV,117,64.1,117,64.1,,,,,,,,,,,34.141843,-118.182666,COLORADO,11.623
2024-12-10 06:50:00,774053,134,W,ML,116,64.1,24,69.5,35,66.0,31,62.6,26,58.3,,,,,34.15084,-118.234258,FM 2 SB TO 134,8.403
2024-12-10 06:50:00,774055,134,W,HV,117,64.1,117,64.1,,,,,,,,,,,34.15084,-118.234258,FM 2 SB TO 134,8.403
2024-12-10 06:55:00,716551,134,W,ML,394,61.6,107,66.5,107,63.3,93,59.0,87,56.5,,,,,34.154235,-118.274159,SAN FERNANDO,5.983
2024-12-10 06:55:00,716554,134,W,ML,437,65.6,68,74.4,153,65.6,105,66.1,111,59.9,,,,,34.156198,-118.265345,PACIFIC,6.503
2024-12-10 06:55:00,717099,134,W,ML,538,62.7,139,69.5,129,65.4,122,60.6,148,55.5,,,,,34.156447,-118.245195,GLENDALE 1,7.673
2024-12-10 06:55:00,717582,134,W,ML,492,65.1,150,68.9,108,68.9,124,62.9,110,58.7,,,,,34.156458,-118.262159,CENTRAL,6.693
2024-12-10 06:55:00,717590,134,W,ML,115,64.0,24,69.4,35,65.9,31,62.5,25,58.2,,,,,34.148123,-118.229499,HARVEY,8.743
2024-12-10 06:55:00,717597,134,W,ML,115,64.0,24,69.4,35,65.9,31,62.5,25,58.2,,,,,34.142674,-118.184801,FIGUEROA,11.473
2024-12-10 06:55:00,717599,134,W,ML,478,62.4,100,67.6,145,64.2,128,61.0,105,56.8,,,,,34.142896,-118.172193,SAN RAFAEL,12.253
2024-12-10 06:55:00,717603,134,W,ML,115,64.6,25,68.7,28,66.5,24,64.7,23,62.2,15,57.9,,,34.146519,-118.162409,ORANGE GROVE,12.763
2024-12-10 06:55:00,717604,134,W,HV,115,64.0,115,64.0,,,,,,,,,,,34.146519,-118.162409,ORANGE GROVE,12.763
2024-12-10 06:55:00,761035,134,W,HV,115,64.0,115,64.0,,,,,,,,,,,34.148123,-118.229499,HARVEY,8.743
2024-12-10 06:55:00,761038,134,W,HV,115,64.0,115,64.0,,,,,,,,,,,34.156447,-118.245195,GLENDALE 1,7.673
2024-12-10 06:55:00,761041,134,W,HV,115,64.0,115,64.0,,,,,,,,,,,34.156458,-118.262159,CENTRAL,6.693
2024-12-10 06:55:00,761044,134,W,HV,115,64.0,115,64.0,,,,,,,,,,,34.156198,-118.265345,PACIFIC,6.503
2024-12-10 06:55:00,763610,134,W,HV,115,64.0,115,64.0,,,,,,,,,,,34.142896,-118.172193,SAN RAFAEL,12.253
2024-12-10 06:55:00,763612,134,W,HV,115,64.0,115,64.0,,,,,,,,,,,34.142674,-118.184801,FIGUEROA,11.473
2024-12-10 06:55:00,773975,134,W,ML,115,64.0,24,69.4,35,65.9,31,62.5,25,58.2,,,,,34.14568,-118.221874,OAKVIEW,9.213
2024-12-10 06:55:00,773977,134,W,HV,115,64.0,115,64.0,,,,,,,,,,,34.14568,-118.221874,OAKVIEW,9.213
2024-12-10 06:55:00,773996,134,W,ML,479,63.0,106,67.0,115,64.8,102,63.1,95,60.6,61,56.5,,,34.145076,-118.215608,FM 2 NB TO 134 EB,9.573
2024-12-10 06:55:00,773998,134,W,HV,115,64.0,115,64.0,,,,,,,,,,,34.145076,-118.215608,FM 2 NB TO 134 EB,9.573
2024-12-10 06:55:00,774012,134,W,ML,478,62.4,100,67.6,145,64.2,128,61.0,105,56.8,,,,,34.148107,-118.197509,TOWNSEND,10.643
2024-12-10 06:55:00,774014,134,W,HV,115,64.0,115,64.0,,,,,,,,,,,34.148107,-118.197509,TOWNSEND,10.643
2024-12-10 06:55:00,774032,134,W,ML,115,64.0,24,69.4,35,65.9,31,62.5,25,58.2,,,,,34.141843,-118.182666,COLORADO,11.623
2024-12-10 06:55:00,774034,134,W,HV,115,64.0,115,64.0,,,,,,,,,,,34.141843,-118.182666,COLORADO,11.623
2024-12-10 06:55:00,774053,134,W,ML,115,64.0,24,69.4,35,65.9,31,62.5,25,58.2,,,,,34.15084,-118.234258,FM 2 SB TO 134,8.403
2024-12-10 06:55:00,774055,134,W,HV,115,64.0,115,64.0,,,,,,,,,,,34.15084,-118.234258,FM 2 SB TO 134,8.403
2024-12-10 07:00:00,716551,134,W,ML,409,60.0,112,64.7,111,61.5,96,57.4,90,55.1,,,,,34.154235,-118.274159,SAN FERNANDO,5.983
2024-12-10 07:00:00,716554,134,W,ML,451,64.7,73,73.6,161,65.5,117,64.9,100,56.7,,,,,34.156198,-118.265345,PACIFIC,6.503
2024-12-10 07:00:00,717099,134,W,ML,484,61.8,124,68.6,116,64.6,110,59.8,134,54.5,,,,,34.156447,-118.245195,GLENDALE 1,7.673
2024-12-10 07:00:00,717582,134,W,ML,479,63.4,155,67.6,107,65.0,118,61.6,99,57.1,,,,,34.156458,-118.262159,CENTRAL,6.693
2024-12-10 07:00:00,717590,134,W,ML,115,64.0,24,69.4,35,65.9,31,62.5,25,58.2,,,,,34.148123,-118.229499,HARVEY,8.743
2024-12-10 07:00:00,717597,134,W,ML,115,64.0,24,69.4,35,65.9,31,62.5,25,58.2,,,,,34.142674,-118.184801,FIGUEROA,11.473
2024-12-10 07:00:00,717599,134,W,ML,478,62.4,100,67.6,145,64.2,128,61.0,105,56.8,,,,,34.142896,-118.172193,SAN RAFAEL,12.253
2024-12-10 07:00:00,717603,134,W,ML,115,64.6,25,68.7,28,66.5,24,64.7,23,62.2,15,57.9,,,34.146519,-118.162409,ORANGE GROVE,12.763
2024-12-10 07:00:00,717604,134,W,HV,115,64.0,115,64.0,,,,,,,,,,,34.146519,-118.162409,ORANGE GROVE,12.763
2024-12-10 07:00:00,761035,134,W,HV,115,64.0,115,64.0,,,,,,,,,,,34.148123,-118.229499,HARVEY,8.743
2024-12-10 07:00:00,761038,134,W,HV,115,64.0,115,64.0,,,,,,,,,,,34.156447,-118.245195,GLENDALE 1,7.673
2024-12-10 07:00:00,761041,134,W,HV,115,64.0,115,64.0,,,,,,,,,,,34.156458,-118.262159,CENTRAL,6.693
2024-12-10 07:00:00,761044,134,W,HV,115,64.0,115,64.0,,,,,,,,,,,34.156198,-118.265345,PACIFIC,6.503
2024-12-10 07:00:00,763610,134,W,HV,115,64.0,115,64.0,,,,,,,,,,,34.142896,-118.172193,SAN RAFAEL,12.253
2024-12-10 07:00:00,763612,134,W,HV,115,64.0,115,64.0,,,,,,,,,,,34.142674,-118.184801,FIGUEROA,11.473
2024-12-10 07:00:00,773975,134,W,ML,115,64.0,24,69.4,35,65.9,31,62.5,25,58.2,,,,,34.14568,-118.221874,OAKVIEW,9.213
2024-12-10 07:00:00,773977,134,W,HV,115,64.0,115,64.0,,,,,,,,,,,34.14568,-118.221874,OAKVIEW,9.213
2024-12-10 07:00:00,773996,134,W,ML,479,63.0,106,67.0,115,64.8,102,63.1,95,60.6,61,56.5,,,34.145076,-118.215608,FM 2 NB TO 134 EB,9.573
2024-12-10 07:00:00,773998,134,W,HV,115,64.0,115,64.0,,,,,,,,,,,34.145076,-118.215608,FM 2 NB TO 134 EB,9.573
2024-12-10 07:00:00,774012,134,W,ML,478,62.4,100,67.6,145,64.2,128,61.0,105,56.8,,,,,34.148107,-118.197509,TOWNSEND,10.643
2024-12-10 07:00:00,774014,134,W,HV,115,64.0,115,64.0,,,,,,,,,,,34.148107,-118.197509,TOWNSEND,10.643
2024-12-10 07:00:00,774032,134,W,ML,115,64.0,24,69.4,35,65.9,31,62.5,25,58.2,,,,,34.141843,-118.182666,COLORADO,11.623
2024-12-10 07:00:00,774034,134,W,HV,115,64.0,115,64.0,,,,,,,,,,,34.141843,-118.182666,COLORADO,11.623
2024-12-10 07:00:00,774053,134,W,ML,115,64.0,24,69.4,35,65.9,31,62.5,25,58.2,,,,,34.15084,-118.234258,FM 2 SB TO 134,8.403
2024-12-10 07:00:00,774055,134,W,HV,115,64.0,115,64.0,,,,,,,,,,,34.15084,-118.234258,FM 2 SB TO 134,8.403
2024-12-10 07:05:00,716551,134,W,ML,479,58.3,133,62.8,129,59.8,112,55.8,105,53.6,,,,,34.154235,-118.274159,SAN FERNANDO,5.983
2024-12-10 07:05:00,716554,134,W,ML,464,62.2,66,73.9,162,63.3,111,62.9,125,54.0,,,,,34.156198,-118.265345,PACIFIC,6.503
2024-12-10 07:05:00,717099,134,W,ML,584,61.0,151,67.8,140,63.8,132,59.1,161,53.8,,,,,34.156447,-118.245195,GLENDALE 1,7.673
2024-12-10 07:05:00,717582,134,W,ML,511,62.0,166,66.4,108,62.9,117,61.6,120,55.3,,,,,34.156458,-118.262159,CENTRAL,6.693
2024-12-10 07:05:00,717590,134,W,ML,115,63.9,24,69.3,35,65.8,31,62.4,25,58.2,,,,,34.148123,-118.229499,HARVEY,8.743
2024-12-10 07:05:00,717597,134,W,ML,115,63.9,24,69.3,35,65.8,31,62.4,25,58.2,,,,,34.142674,-118.184801,FIGUEROA,11.473
2024-12-10 07:05:00,717599,134,W,ML,486,62.1,102,67.3,147,63.9,130,60.7,107,56.5,,,,,34.142896,-118.172193,SAN RAFAEL,12.253
2024-12-10 07:05:00,717603,134,W,ML,117,64.6,26,68.6,28,66.4,25,64.6,23,62.1,15,57.9,,,34.146519,-118.162409,ORANGE GROVE,12.763
2024-12-10 07:05:00,717604,134,W,HV,116,63.9,116,63.9,,,,,,,,,,,34.146519,-118.162409,ORANGE GROVE,12.763
2024-12-10 07:05:00,761035,134,W,HV,116,63.9,116,63.9,,,,,,,,,,,34.148123,-118.229499,HARVEY,8.743
2024-12-10 07:05:00,761038,134,W,HV,116,63.9,116,63.9,,,,,,,,,,,34.156447,-118.245195,GLENDALE 1,7.673
2024-12-10 07:05:00,761041,134,W,HV,116,63.9,116,63.9,,,,,,,,,,,34.156458,-118.262159,CENTRAL,6.693
2024-12-10 07:05:00,761044,134,W,HV,116,63.9,116,63.9,,,,,,,,,,,34.156198,-118.265345,PACIFIC,6.503
2024-12-10 07:05:00,763610,134,W,HV,116,63.9,116,63.9,,,,,,,,,,,34.142896,-118.172193,SAN RAFAEL,12.253
2024-12-10 07:05:00,763612,134,W,HV,116,63.9,116,63.9,,,,,,,,,,,34.142674,-118.184801,FIGUEROA,11.473
2024-12-10 07:05:00,773975,134,W,ML,115,63.9,24,69.3,35,65.8,31,62.4,25,58.2,,,,,34.14568,-118.221874,OAKVIEW,9.213
2024-12-10 07:05:00,773977,134,W,HV,116,63.9,116,63.9,,,,,,,,,,,34.14568,-118.221874,OAKVIEW,9.213
2024-12-10 07:05:00,773996,134,W,ML,487,62.7,108,66.7,117,64.5,104,62.8,96,60.3,62,56.2,,,34.145076,-118.215608,FM 2 NB TO 134 EB,9.573
2024-12-10 07:05:00,773998,134,W,HV,116,63.9,116,63.9,,,,,,,,,,,34.145076,-118.215608,FM 2 NB TO 134 EB,9.573
2024-12-10 07:05:00,774012,134,W,ML,486,62.1,102,67.3,147,63.9,130,60.7,107,56.5,,,,,34.148107,-118.197509,TOWNSEND,10.643
2024-12-10 07:05:00,774014,134,W,HV,116,63.9,116,63.9,,,,,,,,,,,34.148107,-118.197509,TOWNSEND,10.643
2024-12-10 07:05:00,774032,134,W,ML,115,63.9,24,69.3,35,65.8,31,62.4,25,58.2,,,,,34.141843,-118.182666,COLORADO,11.623
2024-12-10 07:05:00,774034,134,W,HV,116,63.9,116,63.9,,,,,,,,,,,34.141843,-118.182666,COLORADO,11.623
2024-12-10 07:05:00,774053,134,W,ML,115,63.9,24,69.3,35,65.8,31,62.4,25,58.2,,,,,34.15084,-118.234258,FM 2 SB TO 134,8.403
2024-12-10 07:05:00,774055,134,W,HV,116,63.9,116,63.9,,,,,,,,,,,34.15084,-118.234258,FM 2 SB TO 134,8.403
2024-12-10 07:10:00,716551,134,W,ML,442,58.7,122,63.5,120,60.3,103,56.0,97,53.6,,,,,34.154235,-118.274159,SAN FERNANDO,5.983
2024-12-10 07:10:00,716554,134,W,ML,479,62.7,85,72.4,168,63.1,107,62.3,119,55.5,,,,,34.156198,-118.265345,PACIFIC,6.503
2024-12-10 07:10:00,717099,134,W,ML,618,61.3,160,68.2,148,64.2,140,59.3,170,54.0,,,,,34.156447,-118.245195,GLENDALE 1,7.673
2024-12-10 07:10:00,717582,134,W,ML,523,61.7,164,64.7,113,63.7,119,60.9,127,57.0,,,,,34.156458,-118.262159,CENTRAL,6.693
2024-12-10 07:10:00,717590,134,W,ML,119,63.8,25,69.2,36,65.7,32,62.3,26,58.1,,,,,34.148123,-118.229499,HARVEY,8.743
2024-12-10 07:10:00,717597,134,W,ML,119,63.8,25,69.2,36,65.7,32,62.3,26,58.1,,,,,34.142674,-118.184801,FIGUEROA,11.473
2024-12-10 07:10:00,717599,134,W,ML,497,61.8,104,67.0,151,63.6,133,60.4,109,56.2,,,,,34.142896,-118.172193,SAN RAFAEL,12.253
2024-12-10 07:10:00,717603,134,W,ML,119,64.4,26,68.5,29,66.3,25,64.5,24,62.0,15,57.8,,,34.146519,-118.162409,ORANGE GROVE,12.763
2024-12-10 07:10:00,717604,134,W,HV,119,63.8,119,63.8,,,,,,,,,,,34.146519,-118.162409,ORANGE GROVE,12.763
2024-12-10 07:10:00,761035,134,W,HV,119,63.8,119,63.8,,,,,,,,,,,34.148123,-118.229499,HARVEY,8.743
2024-12-10 07:10:00,761038,134,W,HV,119,63.8,119,63.8,,,,,,,,,,,34.156447,-118.245195,GLENDALE 1,7.673
2024-12-10 07:10:00,761041,134,W,HV,119,63.8,119,63.8,,,,,,,,,,,34.156458,-118.262159,CENTRAL,6.693
2024-12-10 07:10:00,761044,134,W,HV,119,63.8,119,63.8,,,,,,,,,,,34.156198,-118.265345,PACIFIC,6.503
2024-12-10 07:10:00,763610,134,W,HV,119,63.8,119,63.8,,,,,,,,,,,34.142896,-118.172193,SAN RAFAEL,12.253
2024-12-10 07:10:00,763612,134,W,HV,119,63.8,119,63.8,,,,,,,,,,,34.142674,-118.184801,FIGUEROA,11.473
2024-12-10 07:10:00,773975,134,W,ML,119,63.8,25,69.2,36,65.7,32,62.3,26,58.1,,,,,34.14568,-118.221874,OAKVIEW,9.213
2024-12-10 07:10:00,773977,134,W,HV,119,63.8,119,63.8,,,,,,,,,,,34.14568,-118.221874,OAKVIEW,9.213
2024-12-10 07:10:00,773996,134,W,ML,497,62.4,110,66.4,120,64.2,106,62.5,98,60.0,63,56.0,,,34.145076,-118.215608,FM 2 NB TO 134 EB,9.573
2024-12-10 07:10:00,773998,134,W,HV,119,63.8,119,63.8,,,,,,,,,,,34.145076,-118.215608,FM 2 NB TO 134 EB,9.573
2024-12-10 07:10:00,774012,134,W,ML,497,61.8,104,67.0,151,63.6,133,60.4,109,56.2,,,,,34.148107,-118.197509,TOWNSEND,10.643
2024-12-10 07:10:00,774014,134,W,HV,119,63.8,119,63.8,,,,,,,,,,,34.148107,-118.197509,TOWNSEND,10.643
2024-12-10 07:10:00,774032,134,W,ML,119,63.8,25,69.2,36,65.7,32,62.3,26,58.1,,,,,34.141843,-118.182666,COLORADO,11.623
2024-12-10 07:10:00,774034,134,W,HV,119,63.8,119,63.8,,,,,,,,,,,34.141843,-118.182666,COLORADO,11.623
2024-12-10 07:10:00,774053,134,W,ML,119,63.8,25,69.2,36,65.7,32,62.3,26,58.1,,,,,34.15084,-118.234258,FM 2 SB TO 134,8.403
2024-12-10 07:10:00,774055,134,W,HV,119,63.8,119,63.8,,,,,,,,,,,34.15084,-118.234258,FM 2 SB TO 134,8.403
2024-12-10 07:15:00,716551,134,W,ML,444,59.4,123,64.1,120,60.9,104,56.7,97,54.4,,,,,34.154235,-118.274159,SAN FERNANDO,5.983
2024-12-10 07:15:00,716554,134,W,ML,481,62.9,90,73.7,159,63.6,116,61.9,116,54.7,,,,,34.156198,-118.265345,PACIFIC,6.503
2024-12-10 07:15:00,717099,134,W,ML,623,61.1,162,68.0,149,64.0,141,59.1,171,53.8,,,,,34.156447,-118.245195,GLENDALE 1,7.673
2024-12-10 07:15:00,717582,134,W,ML,548,62.9,170,67.5,115,64.3,135,60.6,128,57.8,,,,,34.156458,-118.262159,CENTRAL,6.693
2024-12-10 07:15:00,717590,134,W,ML,119,63.5,25,68.8,36,65.3,32,62.0,26,57.8,,,,,34.148123,-118.229499,HARVEY,8.743
2024-12-10 07:15:00,717597,134,W,ML,119,63.5,25,68.8,36,65.3,32,62.0,26,57.8,,,,,34.142674,-118.184801,FIGUEROA,11.473
2024-12-10 07:15:00,717599,134,W,ML,507,61.4,106,66.6,154,63.2,136,60.0,111,55.9,,,,,34.142896,-118.172193,SAN RAFAEL,12.253
2024-12-10 07:15:00,717603,134,W,ML,121,64.2,27,68.2,29,66.0,26,64.2,24,61.7,15,57.5,,,34.146519,-118.162409,ORANGE GROVE,12.763
2024-12-10 07:15:00,717604,134,W,HV,120,63.5,120,63.5,,,,,,,,,,,34.146519,-118.162409,ORANGE GROVE,12.763
2024-12-10 07:15:00,761035,134,W,HV,120,63.5,120,63.5,,,,,,,,,,,34.148123,-118.229499,HARVEY,8.743
2024-12-10 07:15:00,761038,134,W,HV,120,63.5,120,63.5,,,,,,,,,,,34.156447,-118.245195,GLENDALE 1,7.673
2024-12-10 07:15:00,761041,134,W,HV,120,63.5,120,63.5,,,,,,,,,,,34.156458,-118.262159,CENTRAL,6.693
2024-12-10 07:15:00,761044,134,W,HV,120,63.5,120,63.5,,,,,,,,,,,34.156198,-118.265345,PACIFIC,6.503
2024-12-10 07:15:00,763610,134,W,HV,120,63.5,120,63.5,,,,,,,,,,,34.142896,-118.172193,SAN RAFAEL,12.253
2024-12-10 07:15:00,763612,134,W,HV,120,63.5,120,63.5,,,,,,,,,,,34.142674,-118.184801,FIGUEROA,11.473
2024-12-10 07:15:00,773975,134,W,ML,119,63.5,25,68.8,36,65.3,32,62.0,26,57.8,,,,,34.14568,-118.221874,OAKVIEW,9.213
2024-12-10 07:15:00,773977,134,W,HV,120,63.5,120,63.5,,,,,,,,,,,34.14568,-118.221874,OAKVIEW,9.213
2024-12-10 07:15:00,773996,134,W,ML,506,62.0,112,65.9,122,63.8,108,62.1,100,59.6,64,55.6,,,34.145076,-118.215608,FM 2 NB TO 134 EB,9.573
2024-12-10 07:15:00,773998,134,W,HV,120,63.5,120,63.5,,,,,,,,,,,34.145076,-118.215608,FM 2 NB TO 134 EB,9.573
2024-12-10 07:15:00,774012,134,W,ML,507,61.4,106,66.6,154,63.2,136,60.0,111,55.9,,,,,34.148107,-118.197509,TOWNSEND,10.643
2024-12-10 07:15:00,774014,134,W,HV,120,63.5,120,63.5,,,,,,,,,,,34.148107,-118.197509,TOWNSEND,10.643
2024-12-10 07:15:00,774032,134,W,ML,119,63.5,25,68.8,36,65.3,32,62.0,26,57.8,,,,,34.141843,-118.182666,COLORADO,11.623
2024-12-10 07:15:00,774034,134,W,HV,120,63.5,120,63.5,,,,,,,,,,,34.141843,-118.182666,COLORADO,11.623
2024-12-10 07:15:00,774053,134,W,ML,119,63.5,25,68.8,36,65.3,32,62.0,26,57.8,,,,,34.15084,-118.234258,FM 2 SB TO 134,8.403
2024-12-10 07:15:00,774055,134,W,HV,120,63.5,120,63.5,,,,,,,,,,,34.15084,-118.234258,FM 2 SB TO 134,8.403
2024-12-10 07:20:00,716551,134,W,ML,462,59.1,128,63.7,125,60.6,108,56.5,101,54.3,,,,,34.154235,-118.274159,SAN FERNANDO,5.983
2024-12-10 07:20:00,716554,134,W,ML,495,62.4,76,73.2,172,64.7,128,62.9,119,51.7,,,,,34.156198,-118.265345,PACIFIC,6.503
2024-12-10 07:20:00,717099,134,W,ML,589,61.7,153,68.5,141,64.4,133,59.7,162,54.5,,,,,34.156447,-118.245195,GLENDALE 1,7.673
2024-12-10 07:20:00,717582,134,W,ML,559,62.9,186,68.3,117,64.0,135,61.6,121,55.2,,,,,34.156458,-118.262159,CENTRAL,6.693
2024-12-10 07:20:00,717590,134,W,ML,121,63.3,25,68.6,37,65.1,32,61.8,27,57.6,,,,,34.148123,-118.229499,HARVEY,8.743
2024-12-10 07:20:00,717597,134,W,ML,121,63.3,25,68.6,37,65.1,32,61.8,27,57.6,,,,,34.142674,-118.184801,FIGUEROA,11.473
2024-12-10 07:20:00,717599,134,W,ML,511,61.0,107,66.1,155,62.8,137,59.6,112,55.5,,,,,34.142896,-118.172193,SAN RAFAEL,12.253
2024-12-10 07:20:00,717603,134,W,ML,121,64.0,27,68.0,29,65.7,26,64.0,24,61.5,15,57.3,,,34.146519,-118.162409,ORANGE GROVE,12.763
2024-12-10 07:20:00,717604,134,W,HV,121,63.3,121,63.3,,,,,,,,,,,34.146519,-118.162409,ORANGE GROVE,12.763
2024-12-10 07:20:00,761035,134,W,HV,121,63.3,121,63.3,,,,,,,,,,,34.148123,-118.229499,HARVEY,8.743
2024-12-10 07:20:00,761038,134,W,HV,121,63.3,121,63.3,,,,,,,,,,,34.156447,-118.245195,GLENDALE 1,7.673
2024-12-10 07:20:00,761041,134,W,HV,121,63.3,121,63.3,,,,,,,,,,,34.156458,-118.262159,CENTRAL,6.693
2024-12-10 07:20:00,761044,134,W,HV,121,63.3,121,63.3,,,,,,,,,,,34.156198,-118.265345,PACIFIC,6.503
2024-12-10 07:20:00,763610,134,W,HV,121,63.3,121,63.3,,,,,,,,,,,34.142896,-118.172193,SAN RAFAEL,12.253
2024-12-10 07:20:00,763612,134,W,HV,121,63.3,121,63.3,,,,,,,,,,,34.142674,-118.184801,FIGUEROA,11.473
2024-12-10 07:20:00,773975,134,W,ML,121,63.3,25,68.6,37,65.1,32,61.8,27,57.6,,,,,34.14568,-118.221874,OAKVIEW,9.213
2024-12-10 07:20:00,773977,134,W,HV,121,63.3,121,63.3,,,,,,,,,,,34.14568,-118.221874,OAKVIEW,9.213
2024-12-10 07:20:00,773996,134,W,ML,511,61.6,113,65.5,123,63.4,109,61.7,101,59.3,65,55.2,,,34.145076,-118.215608,FM 2 NB TO 134 EB,9.573
2024-12-10 07:20:00,773998,134,W,HV,121,63.3,121,63.3,,,,,,,,,,,34.145076,-118.215608,FM 2 NB TO 134 EB,9.573
2024-12-10 07:20:00,774012,134,W,ML,511,61.0,107,66.1,155,62.8,137,59.6,112,55.5,,,,,34.148107,-118.197509,TOWNSEND,10.643
2024-12-10 07:20:00,774014,134,W,HV,121,63.3,121,63.3,,,,,,,,,,,34.148107,-118.197509,TOWNSEND,10.643
2024-12-10 07:20:00,774032,134,W,ML,121,63.3,25,68.6,37,65.1,32,61.8,27,57.6,,,,,34.141843,-118.182666,COLORADO,11.623
2024-12-10 07:20:00,774034,134,W,HV,121,63.3,121,63.3,,,,,,,,,,,34.141843,-118.182666,COLORADO,11.623
2024-12-10 07:20:00,774053,134,W,ML,121,63.3,25,68.6,37,65.1,32,61.8,27,57.6,,,,,34.15084,-118.234258,FM 2 SB TO 134,8.403
2024-12-10 07:20:00,774055,134,W,HV,121,63.3,121,63.3,,,,,,,,,,,34.15084,-118.234258,FM 2 SB TO 134,8.403
2024-12-10 07:25:00,716551,134,W,ML,485,58.4,133,62.9,131,59.8,114,55.9,107,53.7,,,,,34.154235,-118.274159,SAN FERNANDO,5.983
2024-12-10 07:25:00,716554,134,W,ML,536,61.1,74,73.3,190,63.7,138,61.1,134,50.8,,,,,34.156198,-118.265345,PACIFIC,6.503
2024-12-10 07:25:00,717099,134,W,ML,623,60.1,162,66.9,149,62.9,141,58.3,171,52.9,,,,,34.156447,-118.245195,GLENDALE 1,7.673
2024-12-10 07:25:00,717582,134,W,ML,591,61.1,196,66.5,112,61.3,155,60.7,128,53.0,,,,,34.156458,-118.262159,CENTRAL,6.693
2024-12-10 07:25:00,717590,134,W,ML,121,62.9,25,68.2,37,64.7,32,61.4,27,57.2,,,,,34.148123,-118.229499,HARVEY,8.743
2024-12-10 07:25:00,717597,134,W,ML,121,62.9,25,68.2,37,64.7,32,61.4,27,57.2,,,,,34.142674,-118.184801,FIGUEROA,11.473
2024-12-10 07:25:00,717599,134,W,ML,511,60.4,107,65.5,155,62.2,137,59.0,112,55.0,,,,,34.142896,-118.172193,SAN RAFAEL,12.253
2024-12-10 07:25:00,717603,134,W,ML,121,63.6,27,67.5,29,65.3,26,63.6,24,61.1,15,56.9,,,34.146519,-118.162409,ORANGE GROVE,12.763
2024-12-10 07:25:00,717604,134,W,HV,121,62.9,121,62.9,,,,,,,,,,,34.146519,-118.162409,ORANGE GROVE,12.763
2024-12-10 07:25:00,761035,134,W,HV,121,62.9,121,62.9,,,,,,,,,,,34.148123,-118.229499,HARVEY,8.743
2024-12-10 07:25:00,761038,134,W,HV,121,62.9,121,62.9,,,,,,,,,,,34.156447,-118.245195,GLENDALE 1,7.673
2024-12-10 07:25:00,761041,134,W,HV,121,62.9,121,62.9,,,,,,,,,,,34.156458,-118.262159,CENTRAL,6.693
2024-12-10 07:25:00,761044,134,W,HV,121,62.9,121,62.9,,,,,,,,,,,34.156198,-118.265345,PACIFIC,6.503
2024-12-10 07:25:00,763610,134,W,HV,121,62.9,121,62.9,,,,,,,,,,,34.142896,-118.172193,SAN RAFAEL,12.253
2024-12-10 07:25:00,763612,134,W,HV,121,62.9,121,62.9,,,,,,,,,,,34.142674,-118.184801,FIGUEROA,11.473
2024-12-10 07:25:00,773975,134,W,ML,121,62.9,25,68.2,37,64.7,32,61.4,27,57.2,,,,,34.14568,-118.221874,OAKVIEW,9.213
2024-12-10 07:25:00,773977,134,W,HV,121,62.9,121,62.9,,,,,,,,,,,34.14568,-118.221874,OAKVIEW,9.213
2024-12-10 07:25:00,773996,134,W,ML,511,61.0,113,64.9,123,62.7,109,61.0,101,58.7,65,54.7,,,34.145076,-118.215608,FM 2 NB TO 134 EB,9.573
2024-12-10 07:25:00,773998,134,W,HV,121,62.9,121,62.9,,,,,,,,,,,34.145076,-118.215608,FM 2 NB TO 134 EB,9.573
2024-12-10 07:25:00,774012,134,W,ML,511,60.4,107,65.5,155,62.2,137,59.0,112,55.0,,,,,34.148107,-118.197509,TOWNSEND,10.643
2024-12-10 07:25:00,774014,134,W,HV,121,62.9,121,62.9,,,,,,,,,,,34.148107,-118.197509,TOWNSEND,10.643
2024-12-10 07:25:00,774032,134,W,ML,121,62.9,25,68.2,37,64.7,32,61.4,27,57.2,,,,,34.141843,-118.182666,COLORADO,11.623
2024-12-10 07:25:00,774034,134,W,HV,121,62.9,121,62.9,,,,,,,,,,,34.141843,-118.182666,COLORADO,11.623
2024-12-10 07:25:00,774053,134,W,ML,121,62.9,25,68.2,37,64.7,32,61.4,27,57.2,,,,,34.15084,-118.234258,FM 2 SB TO 134,8.403
2024-12-10 07:25:00,774055,134,W,HV,121,62.9,121,62.9,,,,,,,,,,,34.15084,-118.234258,FM 2 SB TO 134,8.403
2024-12-10 07:30:00,716551,134,W,ML,481,56.5,132,61.1,130,58.0,113,53.7,106,51.7,,,,,34.154235,-118.274159,SAN FERNANDO,5.983
2024-12-10 07:30:00,716554,134,W,ML,527,63.2,85,75.9,177,65.6,137,62.3,128,52.6,,,,,34.156198,-118.265345,PACIFIC,6.503
2024-12-10 07:30:00,717099,134,W,ML,589,59.5,153,66.3,141,62.4,133,57.7,162,52.2,,,,,34.156447,-118.245195,GLENDALE 1,7.673
2024-12-10 07:30:00,717582,134,W,ML,545,61.3,187,65.9,94,60.3,143,61.1,121,55.0,,,,,34.156458,-118.262159,CENTRAL,6.693
2024-12-10 07:30:00,717590,134,W,ML,123,62.7,26,68.0,37,64.5,33,61.2,27,57.1,,,,,34.148123,-118.229499,HARVEY,8.743
2024-12-10 07:30:00,717597,134,W,ML,123,62.7,26,68.0,37,64.5,33,61.2,27,57.1,,,,,34.142674,-118.184801,FIGUEROA,11.473
2024-12-10 07:30:00,717599,134,W,ML,511,59.8,107,64.8,155,61.5,137,58.4,112,54.4,,,,,34.142896,-118.172193,SAN RAFAEL,12.253
2024-12-10 07:30:00,717603,134,W,ML,121,63.4,27,67.3,29,65.1,26,63.4,24,60.9,15,56.8,,,34.146519,-118.162409,ORANGE GROVE,12.763
2024-12-10 07:30:00,717604,134,W,HV,122,62.7,122,62.7,,,,,,,,,,,34.146519,-118.162409,ORANGE GROVE,12.763
2024-12-10 07:30:00,761035,134,W,HV,122,62.7,122,62.7,,,,,,,,,,,34.148123,-118.229499,HARVEY,8.743
2024-12-10 07:30:00,761038,134,W,HV,122,62.7,122,62.7,,,,,,,,,,,34.156447,-118.245195,GLENDALE 1,7.673
2024-12-10 07:30:00,761041,134,W,HV,122,62.7,122,62.7,,,,,,,,,,,34.156458,-118.262159,CENTRAL,6.693
2024-12-10 07:30:00,761044,134,W,HV,122,62.7,122,62.7,,,,,,,,,,,34.156198,-118.265345,PACIFIC,6.503
2024-12-10 07:30:00,763610,134,W,HV,122,62.7,122,62.7,,,,,,,,,,,34.142896,-118.172193,SAN RAFAEL,12.253
2024-12-10 07:30:00,763612,134,W,HV,122,62.7,122,62.7,,,,,,,,,,,34.142674,-118.184801,FIGUEROA,11.473
2024-12-10 07:30:00,773975,134,W,ML,123,62.7,26,68.0,37,64.5,33,61.2,27,57.1,,,,,34.14568,-118.221874,OAKVIEW,9.213
2024-12-10 07:30:00,773977,134,W,HV,122,62.7,122,62.7,,,,,,,,,,,34.14568,-118.221874,OAKVIEW,9.213
2024-12-10 07:30:00,773996,134,W,ML,511,60.4,113,64.2,123,62.1,109,60.4,101,58.1,65,54.1,,,34.145076,-118.215608,FM 2 NB TO 134 EB,9.573
2024-12-10 07:30:00,773998,134,W,HV,122,62.7,122,62.7,,,,,,,,,,,34.145076,-118.215608,FM 2 NB TO 134 EB,9.573
2024-12-10 07:30:00,774012,134,W,ML,511,59.8,107,64.8,155,61.5,137,58.4,112,54.4,,,,,34.148107,-118.197509,TOWNSEND,10.643
2024-12-10 07:30:00,774014,134,W,HV,122,62.7,122,62.7,,,,,,,,,,,34.148107,-118.197509,TOWNSEND,10.643
2024-12-10 07:30:00,774032,134,W,ML,123,62.7,26,68.0,37,64.5,33,61.2,27,57.1,,,,,34.141843,-118.182666,COLORADO,11.623
2024-12-10 07:30:00,774034,134,W,HV,122,62.7,122,62.7,,,,,,,,,,,34.141843,-118.182666,COLORADO,11.623
2024-12-10 07:30:00,774053,134,W,ML,123,62.7,26,68.0,37,64.5,33,61.2,27,57.1,,,,,34.15084,-118.234258,FM 2 SB TO 134,8.403
2024-12-10 07:30:00,774055,134,W,HV,122,62.7,122,62.7,,,,,,,,,,,34.15084,-118.234258,FM 2 SB TO 134,8.403
2024-12-10 07:35:00,716551,134,W,ML,496,56.8,139,61.0,134,58.1,115,54.3,108,52.3,,,,,34.154235,-118.274159,SAN FERNANDO,5.983
2024-12-10 07:35:00,716554,134,W,ML,536,59.8,78,75.0,185,63.4,120,58.0,153,49.2,,,,,34.156198,-118.265345,PACIFIC,6.503
2024-12-10 07:35:00,717099,134,W,ML,560,58.5,145,65.2,134,61.3,127,56.7,154,51.1,,,,,34.156447,-118.245195,GLENDALE 1,7.673
2024-12-10 07:35:00,717582,134,W,ML,536,58.9,183,63.7,103,58.5,135,57.9,115,52.7,,,,,34.156458,-118.262159,CENTRAL,6.693
2024-12-10 07:35:00,717590,134,W,ML,123,62.4,26,67.6,37,64.2,33,61.0,27,56.8,,,,,34.148123,-118.229499,HARVEY,8.743
2024-12-10 07:35:00,717597,134,W,ML,123,62.4,26,67.6,37,64.2,33,61.0,27,56.8,,,,,34.142674,-118.184801,FIGUEROA,11.473
2024-12-10 07:35:00,717599,134,W,ML,511,59.1,107,64.1,155,60.8,137,57.7,112,53.8,,,,,34.142896,-118.172193,SAN RAFAEL,12.253
2024-12-10 07:35:00,717603,134,W,ML,121,63.1,27,67.0,29,64.8,26,63.1,24,60.6,15,56.5,,,34.146519,-118.162409,ORANGE GROVE,12.763
2024-12-10 07:35:00,717604,134,W,HV,122,62.4,122,62.4,,,,,,,,,,,34.146519,-118.162409,ORANGE GROVE,12.763
2024-12-10 07:35:00,761035,134,W,HV,122,62.4,122,62.4,,,,,,,,,,,34.148123,-118.229499,HARVEY,8.743
2024-12-10 07:35:00,761038,134,W,HV,122,62.4,122,62.4,,,,,,,,,,,34.156447,-118.245195,GLENDALE 1,7.673
2024-12-10 07:35:00,761041,134,W,HV,122,62.4,122,62.4,,,,,,,,,,,34.156458,-118.262159,CENTRAL,6.693
2024-12-10 07:35:00,761044,134,W,HV,122,62.4,122,62.4,,,,,,,,,,,34.156198,-118.265345,PACIFIC,6.503
2024-12-10 07:35:00,763610,134,W,HV,122,62.4,122,62.4,,,,,,,,,,,34.142896,-118.172193,SAN RAFAEL,12.253
2024-12-10 07:35:00,763612,134,W,HV,122,62.4,122,62.4,,,,,,,,,,,34.142674,-118.184801,FIGUEROA,11.473
2024-12-10 07:35:00,773975,134,W,ML,123,62.4,26,67.6,37,64.2,33,61.0,27,56.8,,,,,34.14568,-118.221874,OAKVIEW,9.213
2024-12-10 07:35:00,773977,134,W,HV,122,62.4,122,62.4,,,,,,,,,,,34.14568,-118.221874,OAKVIEW,9.213
2024-12-10 07:35:00,773996,134,W,ML,511,59.7,113,63.5,123,61.4,109,59.7,101,57.4,65,53.5,,,34.145076,-118.215608,FM 2 NB TO 134 EB,9.573
2024-12-10 07:35:00,773998,134,W,HV,122,62.4,122,62.4,,,,,,,,,,,34.145076,-118.215608,FM 2 NB TO 134 EB,9.573
2024-12-10 07:35:00,774012,134,W,ML,511,59.1,107,64.1,155,60.8,137,57.7,112,53.8,,,,,34.148107,-118.197509,TOWNSEND,10.643
2024-12-10 07:35:00,774014,134,W,HV,122,62.4,122,62.4,,,,,,,,,,,34.148107,-118.197509,TOWNSEND,10.643
2024-12-10 07:35:00,774032,134,W,ML,123,62.4,26,67.6,37,64.2,33,61.0,27,56.8,,,,,34.141843,-118.182666,COLORADO,11.623
2024-12-10 07:35:00,774034,134,W,HV,122,62.4,122,62.4,,,,,,,,,,,34.141843,-118.182666,COLORADO,11.623
2024-12-10 07:35:00,774053,134,W,ML,123,62.4,26,67.6,37,64.2,33,61.0,27,56.8,,,,,34.15084,-118.234258,FM 2 SB TO 134,8.403
2024-12-10 07:35:00,774055,134,W,HV,122,62.4,122,62.4,,,,,,,,,,,34.15084,-118.234258,FM 2 SB TO 134,8.403
2024-12-10 07:40:00,716551,134,W,ML,479,55.4,133,59.6,129,56.7,112,53.1,105,51.1,,,,,34.154235,-118.274159,SAN FERNANDO,5.983
2024-12-10 07:40:00,716554,134,W,ML,556,58.0,94,75.8,178,62.4,124,55.1,160,44.9,,,,,34.156198,-118.265345,PACIFIC,6.503
2024-12-10 07:40:00,717099,134,W,ML,609,57.8,158,64.8,146,60.9,138,55.9,167,50.0,,,,,34.156447,-118.245195,GLENDALE 1,7.673
2024-12-10 07:40:00,717582,134,W,ML,552,57.7,187,62.7,91,58.7,149,55.6,125,52.0,,,,,34.156458,-118.262159,CENTRAL,6.693
2024-12-10 07:40:00,717590,134,W,ML,123,62.1,26,67.3,37,63.9,33,60.7,27,56.5,,,,,34.148123,-118.229499,HARVEY,8.743
2024-12-10 07:40:00,717597,134,W,ML,123,62.1,26,67.3,37,63.9,33,60.7,27,56.5,,,,,34.142674,-118.184801,FIGUEROA,11.473
2024-12-10 07:40:00,717599,134,W,ML,513,58.2,107,63.1,156,59.9,137,56.8,113,53.0,,,,,34.142896,-118.172193,SAN RAFAEL,12.253
2024-12-10 07:40:00,717603,134,W,ML,121,62.8,27,66.7,29,64.5,26,62.8,24,60.3,15,56.2,,,34.146519,-118.162409,ORANGE GROVE,12.763
2024-12-10 07:40:00,717604,134,W,HV,122,62.1,122,62.1,,,,,,,,,,,34.146519,-118.162409,ORANGE GROVE,12.763
2024-12-10 07:40:00,761035,134,W,HV,122,62.1,122,62.1,,,,,,,,,,,34.148123,-118.229499,HARVEY,8.743
2024-12-10 07:40:00,761038,134,W,HV,122,62.1,122,62.1,,,,,,,,,,,34.156447,-118.245195,GLENDALE 1,7.673
2024-12-10 07:40:00,761041,134,W,HV,122,62.1,122,62.1,,,,,,,,,,,34.156458,-118.262159,CENTRAL,6.693
2024-12-10 07:40:00,761044,134,W,HV,122,62.1,122,62.1,,,,,,,,,,,34.156198,-118.265345,PACIFIC,6.503
2024-12-10 07:40:00,763610,134,W,HV,122,62.1,122,62.1,,,,,,,,,,,34.142896,-118.172193,SAN RAFAEL,12.253
2024-12-10 07:40:00,763612,134,W,HV,122,62.1,122,62.1,,,,,,,,,,,34.142674,-118.184801,FIGUEROA,11.473
2024-12-10 07:40:00,773975,134,W,ML,123,62.1,26,67.3,37,63.9,33,60.7,27,56.5,,,,,34.14568,-118.221874,OAKVIEW,9.213
2024-12-10 07:40:00,773977,134,W,HV,122,62.1,122,62.1,,,,,,,,,,,34.14568,-118.221874,OAKVIEW,9.213
2024-12-10 07:40:00,773996,134,W,ML,513,58.8,114,62.5,124,60.5,109,58.8,101,56.5,65,52.7,,,34.145076,-118.215608,FM 2 NB TO 134 EB,9.573
2024-12-10 07:40:00,773998,134,W,HV,122,62.1,122,62.1,,,,,,,,,,,34.145076,-118.215608,FM 2 NB TO 134 EB,9.573
2024-12-10 07:40:00,774012,134,W,ML,513,58.2,107,63.1,156,59.9,137,56.8,113,53.0,,,,,34.148107,-118.197509,TOWNSEND,10.643
2024-12-10 07:40:00,774014,134,W,HV,122,62.1,122,62.1,,,,,,,,,,,34.148107,-118.197509,TOWNSEND,10.643
2024-12-10 07:40:00,774032,134,W,ML,123,62.1,26,67.3,37,63.9,33,60.7,27,56.5,,,,,34.141843,-118.182666,COLORADO,11.623
2024-12-10 07:40:00,774034,134,W,HV,122,62.1,122,62.1,,,,,,,,,,,34.141843,-118.182666,COLORADO,11.623
2024-12-10 07:40:00,774053,134,W,ML,123,62.1,26,67.3,37,63.9,33,60.7,27,56.5,,,,,34.15084,-118.234258,FM 2 SB TO 134,8.403
2024-12-10 07:40:00,774055,134,W,HV,122,62.1,122,62.1,,,,,,,,,,,34.15084,-118.234258,FM 2 SB TO 134,8.403
2024-12-10 07:45:00,716551,134,W,ML,436,53.7,119,57.8,118,54.9,103,51.4,96,49.7,,,,,34.154235,-118.274159,SAN FERNANDO,5.983
2024-12-10 07:45:00,716554,134,W,ML,543,56.7,77,76.1,176,62.4,123,53.4,167,44.2,,,,,34.156198,-118.265345,PACIFIC,6.503
2024-12-10 07:45:00,717099,134,W,ML,638,57.5,166,64.5,153,60.7,144,55.6,175,49.7,,,,,34.156447,-118.245195,GLENDALE 1,7.673
2024-12-10 07:45:00,717582,134,W,ML,526,57.4,170,62.1,102,57.6,123,55.2,131,53.2,,,,,34.156458,-118.262159,CENTRAL,6.693
2024-12-10 07:45:00,717590,134,W,ML,123,61.9,26,67.1,37,63.7,33,60.5,27,56.3,,,,,34.148123,-118.229499,HARVEY,8.743
2024-12-10 07:45:00,717597,134,W,ML,123,61.9,26,67.1,37,63.7,33,60.5,27,56.3,,,,,34.142674,-118.184801,FIGUEROA,11.473
2024-12-10 07:45:00,717599,134,W,ML,514,57.7,107,62.6,156,59.4,138,56.4,113,52.5,,,,,34.142896,-118.172193,SAN RAFAEL,12.253
2024-12-10 07:45:00,717603,134,W,ML,121,62.6,27,66.5,29,64.3,26,62.6,24,60.1,15,56.0,,,34.146519,-118.162409,ORANGE GROVE,12.763
2024-12-10 07:45:00,717604,134,W,HV,122,61.9,122,61.9,,,,,,,,,,,34.146519,-118.162409,ORANGE GROVE,12.763
2024-12-10 07:45:00,761035,134,W,HV,122,61.9,122,61.9,,,,,,,,,,,34.148123,-118.229499,HARVEY,8.743
2024-12-10 07:45:00,761038,134,W,HV,122,61.9,122,61.9,,,,,,,,,,,34.156447,-118.245195,GLENDALE 1,7.673
2024-12-10 07:45:00,761041,134,W,HV,122,61.9,122,61.9,,,,,,,,,,,34.156458,-118.262159,CENTRAL,6.693
2024-12-10 07:45:00,761044,134,W,HV,122,61.9,122,61.9,,,,,,,,,,,34.156198,-118.265345,PACIFIC,6.503
2024-12-10 07:45:00,763610,134,W,HV,122,61.9,122,61.9,,,,,,,,,,,34.142896,-118.172193,SAN RAFAEL,12.253
2024-12-10 07:45:00,763612,134,W,HV,122,61.9,122,61.9,,,,,,,,,,,34.142674,-118.184801,FIGUEROA,11.473
2024-12-10 07:45:00,773975,134,W,ML,123,61.9,26,67.1,37,63.7,33,60.5,27,56.3,,,,,34.14568,-118.221874,OAKVIEW,9.213
2024-12-10 07:45:00,773977,134,W,HV,122,61.9,122,61.9,,,,,,,,,,,34.14568,-118.221874,OAKVIEW,9.213
2024-12-10 07:45:00,773996,134,W,ML,514,58.3,114,62.0,124,59.9,109,58.3,102,56.0,65,52.2,,,34.145076,-118.215608,FM 2 NB TO 134 EB,9.573
2024-12-10 07:45:00,773998,134,W,HV,122,61.9,122,61.9,,,,,,,,,,,34.145076,-118.215608,FM 2 NB TO 134 EB,9.573
2024-12-10 07:45:00,774012,134,W,ML,514,57.7,107,62.6,156,59.4,138,56.4,113,52.5,,,,,34.148107,-118.197509,TOWNSEND,10.643
2024-12-10 07:45:00,774014,134,W,HV,122,61.9,122,61.9,,,,,,,,,,,34.148107,-118.197509,TOWNSEND,10.643
2024-12-10 07:45:00,774032,134,W,ML,123,61.9,26,67.1,37,63.7,33,60.5,27,56.3,,,,,34.141843,-118.182666,COLORADO,11.623
2024-12-10 07:45:00,774034,134,W,HV,122,61.9,122,61.9,,,,,,,,,,,34.141843,-118.182666,COLORADO,11.623
2024-12-10 07:45:00,774053,134,W,ML,123,61.9,26,67.1,37,63.7,33,60.5,27,56.3,,,,,34.15084,-118.234258,FM 2 SB TO 134,8.403
2024-12-10 07:45:00,774055,134,W,HV,122,61.9,122,61.9,,,,,,,,,,,34.15084,-118.234258,FM 2 SB TO 134,8.403
2024-12-10 07:50:00,716551,134,W,ML,475,53.0,130,57.0,129,54.1,112,50.7,104,49.1,,,,,34.154235,-118.274159,SAN FERNANDO,5.983
2024-12-10 07:50:00,716554,134,W,ML,556,55.6,96,72.4,172,60.5,135,51.1,153,43.6,,,,,34.156198,-118.265345,PACIFIC,6.503
2024-12-10 07:50:00,717099,134,W,ML,642,56.5,167,63.5,154,59.7,145,54.7,176,48.5,,,,,34.156447,-118.245195,GLENDALE 1,7.673
2024-12-10 07:50:00,717582,134,W,ML,539,55.8,173,59.8,91,57.2,143,53.7,132,51.8,,,,,34.156458,-118.262159,CENTRAL,6.693
2024-12-10 07:50:00,717590,134,W,ML,121,61.7,25,66.9,37,63.5,32,60.3,27,56.2,,,,,34.148123,-118.229499,HARVEY,8.743
2024-12-10 07:50:00,717597,134,W,ML,121,61.7,25,66.9,37,63.5,32,60.3,27,56.2,,,,,34.142674,-118.184801,FIGUEROA,11.473
2024-12-10 07:50:00,717599,134,W,ML,505,57.4,106,62.2,153,59.1,135,56.1,111,52.2,,,,,34.142896,-118.172193,SAN RAFAEL,12.253
2024-12-10 07:50:00,717603,134,W,ML,121,62.4,27,66.3,29,64.1,26,62.4,24,59.9,15,55.9,,,34.146519,-118.162409,ORANGE GROVE,12.763
2024-12-10 07:50:00,717604,134,W,HV,121,61.7,121,61.7,,,,,,,,,,,34.146519,-118.162409,ORANGE GROVE,12.763
2024-12-10 07:50:00,761035,134,W,HV,121,61.7,121,61.7,,,,,,,,,,,34.148123,-118.229499,HARVEY,8.743
2024-12-10 07:50:00,761038,134,W,HV,121,61.7,121,61.7,,,,,,,,,,,34.156447,-118.245195,GLENDALE 1,7.673
2024-12-10 07:50:00,761041,134,W,HV,121,61.7,121,61.7,,,,,,,,,,,34.156458,-118.262159,CENTRAL,6.693
2024-12-10 07:50:00,761044,134,W,HV,121,61.7,121,61.7,,,,,,,,,,,34.156198,-118.265345,PACIFIC,6.503
2024-12-10 07:50:00,763610,134,W,HV,121,61.7,121,61.7,,,,,,,,,,,34.142896,-118.172193,SAN RAFAEL,12.253
2024-12-10 07:50:00,763612,134,W,HV,121,61.7,121,61.7,,,,,,,,,,,34.142674,-118.184801,FIGUEROA,11.473
2024-12-10 07:50:00,773975,134,W,ML,121,61.7,25,66.9,37,63.5,32,60.3,27,56.2,,,,,34.14568,-118.221874,OAKVIEW,9.213
2024-12-10 07:50:00,773977,134,W,HV,121,61.7,121,61.7,,,,,,,,,,,34.14568,-118.221874,OAKVIEW,9.213
2024-12-10 07:50:00,773996,134,W,ML,506,58.0,112,61.6,122,59.6,108,58.0,100,55.8,64,52.0,,,34.145076,-118.215608,FM 2 NB TO 134 EB,9.573
2024-12-10 07:50:00,773998,134,W,HV,121,61.7,121,61.7,,,,,,,,,,,34.145076,-118.215608,FM 2 NB TO 134 EB,9.573
2024-12-10 07:50:00,774012,134,W,ML,505,57.4,106,62.2,153,59.1,135,56.1,111,52.2,,,,,34.148107,-118.197509,TOWNSEND,10.643
2024-12-10 07:50:00,774014,134,W,HV,121,61.7,121,61.7,,,,,,,,,,,34.148107,-118.197509,TOWNSEND,10.643
2024-12-10 07:50:00,774032,134,W,ML,121,61.7,25,66.9,37,63.5,32,60.3,27,56.2,,,,,34.141843,-118.182666,COLORADO,11.623
2024-12-10 07:50:00,774034,134,W,HV,121,61.7,121,61.7,,,,,,,,,,,34.141843,-118.182666,COLORADO,11.623
2024-12-10 07:50:00,774053,134,W,ML,121,61.7,25,66.9,37,63.5,32,60.3,27,56.2,,,,,34.15084,-118.234258,FM 2 SB TO 134,8.403
2024-12-10 07:50:00,774055,134,W,HV,121,61.7,121,61.7,,,,,,,,,,,34.15084,-118.234258,FM 2 SB TO 134,8.403
2024-12-10 07:55:00,716551,134,W,ML,517,54.1,142,58.3,140,55.4,122,51.7,113,49.9,,,,,34.154235,-118.274159,SAN FERNANDO,5.983
2024-12-10 07:55:00,716554,134,W,ML,569,53.6,109,70.5,175,56.4,148,48.1,137,42.4,,,,,34.156198,-118.265345,PACIFIC,6.503
2024-12-10 07:55:00,717099,134,W,ML,560,54.7,145,61.8,134,58.1,127,52.9,154,46.5,,,,,34.156447,-118.245195,GLENDALE 1,7.673
2024-12-10 07:55:00,717582,134,W,ML,524,53.5,171,57.2,97,56.8,141,51.0,115,48.3,,,,,34.156458,-118.262159,CENTRAL,6.693
2024-12-10 07:55:00,717590,134,W,ML,119,61.6,25,66.8,36,63.4,32,60.2,26,56.1,,,,,34.148123,-118.229499,HARVEY,8.743
2024-12-10 07:55:00,717597,134,W,ML,119,61.6,25,66.8,36,63.4,32,60.2,26,56.1,,,,,34.142674,-118.184801,FIGUEROA,11.473
2024-12-10 07:55:00,717599,134,W,ML,497,57.4,104,62.2,151,59.1,133,56.1,109,52.2,,,,,34.142896,-118.172193,SAN RAFAEL,12.253
2024-12-10 07:55:00,717603,134,W,ML,119,62.2,26,66.1,29,64.0,25,62.3,24,59.8,15,55.8,,,34.146519,-118.162409,ORANGE GROVE,12.763
2024-12-10 07:55:00,717604,134,W,HV,119,61.6,119,61.6,,,,,,,,,,,34.146519,-118.162409,ORANGE GROVE,12.763
2024-12-10 07:55:00,761035,134,W,HV,119,61.6,119,61.6,,,,,,,,,,,34.148123,-118.229499,HARVEY,8.743
2024-12-10 07:55:00,761038,134,W,HV,119,61.6,119,61.6,,,,,,,,,,,34.156447,-118.245195,GLENDALE 1,7.673
2024-12-10 07:55:00,761041,134,W,HV,119,61.6,119,61.6,,,,,,,,,,,34.156458,-118.262159,CENTRAL,6.693
2024-12-10 07:55:00,761044,134,W,HV,119,61.6,119,61.6,,,,,,,,,,,34.156198,-118.265345,PACIFIC,6.503
2024-12-10 07:55:00,763610,134,W,HV,119,61.6,119,61.6,,,,,,,,,,,34.142896,-118.172193,SAN RAFAEL,12.253
2024-12-10 07:55:00,763612,134,W,HV,119,61.6,119,61.6,,,,,,,,,,,34.142674,-118.184801,FIGUEROA,11.473
2024-12-10 07:55:00,773975,134,W,ML,119,61.6,25,66.8,36,63.4,32,60.2,26,56.1,,,,,34.14568,-118.221874,OAKVIEW,9.213
2024-12-10 07:55:00,773977,134,W,HV,119,61.6,119,61.6,,,,,,,,,,,34.14568,-118.221874,OAKVIEW,9.213
2024-12-10 07:55:00,773996,134,W,ML,497,58.0,110,61.6,120,59.6,106,58.0,98,55.8,63,52.0,,,34.145076,-118.215608,FM 2 NB TO 134 EB,9.573
2024-12-10 07:55:00,773998,134,W,HV,119,61.6,119,61.6,,,,,,,,,,,34.145076,-118.215608,FM 2 NB TO 134 EB,9.573
2024-12-10 07:55:00,774012,134,W,ML,497,57.4,104,62.2,151,59.1,133,56.1,109,52.2,,,,,34.148107,-118.197509,TOWNSEND,10.643
2024-12-10 07:55:00,774014,134,W,HV,119,61.6,119,61.6,,,,,,,,,,,34.148107,-118.197509,TOWNSEND,10.643
2024-12-10 07:55:00,774032,134,W,ML,119,61.6,25,66.8,36,63.4,32,60.2,26,56.1,,,,,34.141843,-118.182666,COLORADO,11.623
2024-12-10 07:55:00,774034,134,W,HV,119,61.6,119,61.6,,,,,,,,,,,34.141843,-118.182666,COLORADO,11.623
2024-12-10 07:55:00,774053,134,W,ML,119,61.6,25,66.8,36,63.4,32,60.2,26,56.1,,,,,34.15084,-118.234258,FM 2 SB TO 134,8.403
2024-12-10 07:55:00,774055,134,W,HV,119,61.6,119,61.6,,,,,,,,,,,34.15084,-118.234258,FM 2 SB TO 134,8.403
2024-12-10 08:00:00,716551,134,W,ML,479,55.4,133,59.7,129,56.6,112,53.1,105,51.2,,,,,34.154235,-118.274159,SAN FERNANDO,5.983
2024-12-10 08:00:00,716554,134,W,ML,553,54.5,104,67.7,166,58.7,128,50.1,155,44.9,,,,,34.156198,-118.265345,PACIFIC,6.503
2024-12-10 08:00:00,717099,134,W,ML,651,55.9,169,62.9,156,59.2,147,54.1,179,47.8,,,,,34.156447,-118.245195,GLENDALE 1,7.673
2024-12-10 08:00:00,717582,134,W,ML,531,55.1,160,58.6,104,57.6,133,52.8,134,51.4,,,,,34.156458,-118.262159,CENTRAL,6.693
2024-12-10 08:00:00,717590,134,W,ML,119,61.7,25,66.9,36,63.5,32,60.3,26,56.2,,,,,34.148123,-118.229499,HARVEY,8.743
2024-12-10 08:00:00,717597,134,W,ML,119,61.7,25,66.9,36,63.5,32,60.3,26,56.2,,,,,34.142674,-118.184801,FIGUEROA,11.473
2024-12-10 08:00:00,717599,134,W,ML,493,57.5,103,62.3,150,59.2,132,56.2,108,52.3,,,,,34.142896,-118.172193,SAN RAFAEL,12.253
2024-12-10 08:00:00,717603,134,W,ML,117,62.3,26,66.3,28,64.1,25,62.4,23,59.9,15,55.9,,,34.146519,-118.162409,ORANGE GROVE,12.763
2024-12-10 08:00:00,717604,134,W,HV,118,61.7,118,61.7,,,,,,,,,,,34.146519,-118.162409,ORANGE GROVE,12.763
2024-12-10 08:00:00,761035,134,W,HV,118,61.7,118,61.7,,,,,,,,,,,34.148123,-118.229499,HARVEY,8.743
2024-12-10 08:00:00,761038,134,W,HV,118,61.7,118,61.7,,,,,,,,,,,34.156447,-118.245195,GLENDALE 1,7.673
2024-12-10 08:00:00,761041,134,W,HV,118,61.7,118,61.7,,,,,,,,,,,34.156458,-118.262159,CENTRAL,6.693
2024-12-10 08:00:00,761044,134,W,HV,118,61.7,118,61.7,,,,,,,,,,,34.156198,-118.265345,PACIFIC,6.503
2024-12-10 08:00:00,763610,134,W,HV,118,61.7,118,61.7,,,,,,,,,,,34.142896,-118.172193,SAN RAFAEL,12.253
2024-12-10 08:00:00,763612,134,W,HV,118,61.7,118,61.7,,,,,,,,,,,34.142674,-118.184801,FIGUEROA,11.473
2024-12-10 08:00:00,773975,134,W,ML,119,61.7,25,66.9,36,63.5,32,60.3,26,56.2,,,,,34.14568,-118.221874,OAKVIEW,9.213
2024-12-10 08:00:00,773977,134,W,HV,118,61.7,118,61.7,,,,,,,,,,,34.14568,-118.221874,OAKVIEW,9.213
2024-12-10 08:00:00,773996,134,W,ML,494,58.1,109,61.7,119,59.7,105,58.1,98,55.9,63,52.1,,,34.145076,-118.215608,FM 2 NB TO 134 EB,9.573
2024-12-10 08:00:00,773998,134,W,HV,118,61.7,118,61.7,,,,,,,,,,,34.145076,-118.215608,FM 2 NB TO 134 EB,9.573
2024-12-10 08:00:00,774012,134,W,ML,493,57.5,103,62.3,150,59.2,132,56.2,108,52.3,,,,,34.148107,-118.197509,TOWNSEND,10.643
2024-12-10 08:00:00,774014,134,W,HV,118,61.7,118,61.7,,,,,,,,,,,34.148107,-118.197509,TOWNSEND,10.643
2024-12-10 08:00:00,774032,134,W,ML,119,61.7,25,66.9,36,63.5,32,60.3,26,56.2,,,,,34.141843,-118.182666,COLORADO,11.623
2024-12-10 08:00:00,774034,134,W,HV,118,61.7,118,61.7,,,,,,,,,,,34.141843,-118.182666,COLORADO,11.623
2024-12-10 08:00:00,774053,134,W,ML,119,61.7,25,66.9,36,63.5,32,60.3,26,56.2,,,,,34.15084,-118.234258,FM 2 SB TO 134,8.403
2024-12-10 08:00:00,774055,134,W,HV,118,61.7,118,61.7,,,,,,,,,,,34.15084,-118.234258,FM 2 SB TO 134,8.403
2024-12-10 08:05:00,716551,134,W,ML,498,54.9,137,59.2,135,56.3,117,52.5,109,50.6,,,,,34.154235,-118.274159,SAN FERNANDO,5.983
2024-12-10 08:05:00,716554,134,W,ML,582,52.8,112,65.2,180,57.5,142,48.4,148,42.1,,,,,34.156198,-118.265345,PACIFIC,6.503
2024-12-10 08:05:00,717099,134,W,ML,618,55.3,160,62.4,148,58.6,140,53.5,170,47.2,,,,,34.156447,-118.245195,GLENDALE 1,7.673
2024-12-10 08:05:00,717582,134,W,ML,554,53.7,182,57.9,101,54.3,144,51.9,127,49.3,,,,,34.156458,-118.262159,CENTRAL,6.693
2024-12-10 08:05:00,717590,134,W,ML,119,61.7,25,66.9,36,63.5,32,60.3,26,56.2,,,,,34.148123,-118.229499,HARVEY,8.743
2024-12-10 08:05:00,717597,134,W,ML,119,61.7,25,66.9,36,63.5,32,60.3,26,56.2,,,,,34.142674,-118.184801,FIGUEROA,11.473
2024-12-10 08:05:00,717599,134,W,ML,493,57.6,103,62.4,150,59.3,132,56.3,108,52.4,,,,,34.142896,-118.172193,SAN RAFAEL,12.253
2024-12-10 08:05:00,717603,134,W,ML,117,62.3,26,66.3,28,64.1,25,62.4,23,59.9,15,55.9,,,34.146519,-118.162409,ORANGE GROVE,12.763
2024-12-10 08:05:00,717604,134,W,HV,118,61.7,118,61.7,,,,,,,,,,,34.146519,-118.162409,ORANGE GROVE,12.763
2024-12-10 08:05:00,761035,134,W,HV,118,61.7,118,61.7,,,,,,,,,,,34.148123,-118.229499,HARVEY,8.743
2024-12-10 08:05:00,761038,134,W,HV,118,61.7,118,61.7,,,,,,,,,,,34.156447,-118.245195,GLENDALE 1,7.673
2024-12-10 08:05:00,761041,134,W,HV,118,61.7,118,61.7,,,,,,,,,,,34.156458,-118.262159,CENTRAL,6.693
2024-12-10 08:05:00,761044,134,W,HV,118,61.7,118,61.7,,,,,,,,,,,34.156198,-118.265345,PACIFIC,6.503
2024-12-10 08:05:00,763610,134,W,HV,118,61.7,118,61.7,,,,,,,,,,,34.142896,-118.172193,SAN RAFAEL,12.253
2024-12-10 08:05:00,763612,134,W,HV,118,61.7,118,61.7,,,,,,,,,,,34.142674,-118.184801,FIGUEROA,11.473
2024-12-10 08:05:00,773975,134,W,ML,119,61.7,25,66.9,36,63.5,32,60.3,26,56.2,,,,,34.14568,-118.221874,OAKVIEW,9.213
2024-12-10 08:05:00,773977,134,W,HV,118,61.7,118,61.7,,,,,,,,,,,34.14568,-118.221874,OAKVIEW,9.213
2024-12-10 08:05:00,773996,134,W,ML,494,58.2,109,61.9,119,59.8,105,58.2,98,56.0,63,52.2,,,34.145076,-118.215608,FM 2 NB TO 134 EB,9.573
2024-12-10 08:05:00,773998,134,W,HV,118,61.7,118,61.7,,,,,,,,,,,34.145076,-118.215608,FM 2 NB TO 134 EB,9.573
2024-12-10 08:05:00,774012,134,W,ML,493,57.6,103,62.4,150,59.3,132,56.3,108,52.4,,,,,34.148107,-118.197509,TOWNSEND,10.643
2024-12-10 08:05:00,774014,134,W,HV,118,61.7,118,61.7,,,,,,,,,,,34.148107,-118.197509,TOWNSEND,10.643
2024-12-10 08:05:00,774032,134,W,ML,119,61.7,25,66.9,36,63.5,32,60.3,26,56.2,,,,,34.141843,-118.182666,COLORADO,11.623
2024-12-10 08:05:00,774034,134,W,HV,118,61.7,118,61.7,,,,,,,,,,,34.141843,-118.182666,COLORADO,11.623
2024-12-10 08:05:00,774053,134,W,ML,119,61.7,25,66.9,36,63.5,32,60.3,26,56.2,,,,,34.15084,-118.234258,FM 2 SB TO 134,8.403
2024-12-10 08:05:00,774055,134,W,HV,118,61.7,118,61.7,,,,,,,,,,,34.15084,-118.234258,FM 2 SB TO 134,8.403
2024-12-10 08:10:00,716551,134,W,ML,504,53.2,140,57.2,136,54.4,118,50.8,110,49.0,,,,,34.154235,-118.274159,SAN FERNANDO,5.983
2024-12-10 08:10:00,716554,134,W,ML,582,49.7,110,60.7,180,55.1,143,46.0,149,38.7,,,,,34.156198,-118.265345,PACIFIC,6.503
2024-12-10 08:10:00,717099,134,W,ML,609,47.9,158,54.4,146,51.1,138,46.9,167,40.0,,,,,34.156447,-118.245195,GLENDALE 1,7.673
2024-12-10 08:10:00,717582,134,W,ML,532,45.5,175,51.2,88,40.2,144,44.9,125,42.0,,,,,34.156458,-118.262159,CENTRAL,6.693
2024-12-10 08:10:00,717590,134,W,ML,119,61.6,25,66.8,36,63.4,32,60.2,26,56.1,,,,,34.148123,-118.229499,HARVEY,8.743
2024-12-10 08:10:00,717597,134,W,ML,119,61.6,25,66.8,36,63.4,32,60.2,26,56.1,,,,,34.142674,-118.184801,FIGUEROA,11.473
2024-12-10 08:10:00,717599,134,W,ML,493,57.5,103,62.3,150,59.2,132,56.2,108,52.3,,,,,34.142896,-118.172193,SAN RAFAEL,12.253
2024-12-10 08:10:00,717603,134,W,ML,117,62.2,26,66.1,28,64.0,25,62.3,23,59.8,15,55.8,,,34.146519,-118.162409,ORANGE GROVE,12.763
2024-12-10 08:10:00,717604,134,W,HV,118,61.6,118,61.6,,,,,,,,,,,34.146519,-118.162409,ORANGE GROVE,12.763
2024-12-10 08:10:00,761035,134,W,HV,118,61.6,118,61.6,,,,,,,,,,,34.148123,-118.229499,HARVEY,8.743
2024-12-10 08:10:00,761038,134,W,HV,118,61.6,118,61.6,,,,,,,,,,,34.156447,-118.245195,GLENDALE 1,7.673
2024-12-10 08:10:00,761041,134,W,HV,118,61.6,118,61.6,,,,,,,,,,,34.156458,-118.262159,CENTRAL,6.693
2024-12-10 08:10:00,761044,134,W,HV,118,61.6,118,61.6,,,,,,,,,,,34.156198,-118.265345,PACIFIC,6.503
2024-12-10 08:10:00,763610,134,W,HV,118,61.6,118,61.6,,,,,,,,,,,34.142896,-118.172193,SAN RAFAEL,12.253
2024-12-10 08:10:00,763612,134,W,HV,118,61.6,118,61.6,,,,,,,,,,,34.142674,-118.184801,FIGUEROA,11.473
2024-12-10 08:10:00,773975,134,W,ML,119,61.6,25,66.8,36,63.4,32,60.2,26,56.1,,,,,34.14568,-118.221874,OAKVIEW,9.213
2024-12-10 08:10:00,773977,134,W,HV,118,61.6,118,61.6,,,,,,,,,,,34.14568,-118.221874,OAKVIEW,9.213
2024-12-10 08:10:00,773996,134,W,ML,494,58.1,109,61.7,119,59.7,105,58.1,98,55.9,63,52.1,,,34.145076,-118.215608,FM 2 NB TO 134 EB,9.573
2024-12-10 08:10:00,773998,134,W,HV,118,61.6,118,61.6,,,,,,,,,,,34.145076,-118.215608,FM 2 NB TO 134 EB,9.573
2024-12-10 08:10:00,774012,134,W,ML,493,57.5,103,62.3,150,59.2,132,56.2,108,52.3,,,,,34.148107,-118.197509,TOWNSEND,10.643
2024-12-10 08:10:00,774014,134,W,HV,118,61.6,118,61.6,,,,,,,,,,,34.148107,-118.197509,TOWNSEND,10.643
2024-12-10 08:10:00,774032,134,W,ML,119,61.6,25,66.8,36,63.4,32,60.2,26,56.1,,,,,34.141843,-118.182666,COLORADO,11.623
2024-12-10 08:10:00,774034,134,W,HV,118,61.6,118,61.6,,,,,,,,,,,34.141843,-118.182666,COLORADO,11.623
2024-12-10 08:10:00,774053,134,W,ML,119,61.6,25,66.8,36,63.4,32,60.2,26,56.1,,,,,34.15084,-118.234258,FM 2 SB TO 134,8.403
2024-12-10 08:10:00,774055,134,W,HV,118,61.6,118,61.6,,,,,,,,,,,34.15084,-118.234258,FM 2 SB TO 134,8.403
2024-12-10 08:15:00,716551,134,W,ML,485,48.0,133,51.6,131,48.8,114,45.9,107,44.7,,,,,34.154235,-118.274159,SAN FERNANDO,5.983
2024-12-10 08:15:00,716554,134,W,ML,556,48.7,111,60.0,163,53.5,138,46.0,144,37.1,,,,,34.156198,-118.265345,PACIFIC,6.503
2024-12-10 08:15:00,717099,134,W,ML,542,41.3,140,47.5,130,44.6,123,40.6,149,32.9,,,,,34.156447,-118.245195,GLENDALE 1,7.673
2024-12-10 08:15:00,717582,134,W,ML,496,38.3,159,46.5,97,28.7,129,40.1,111,32.9,,,,,34.156458,-118.262159,CENTRAL,6.693
2024-12-10 08:15:00,717590,134,W,ML,119,61.6,25,66.8,36,63.4,32,60.2,26,56.1,,,,,34.148123,-118.229499,HARVEY,8.743
2024-12-10 08:15:00,717597,134,W,ML,119,61.6,25,66.8,36,63.4,32,60.2,26,56.1,,,,,34.142674,-118.184801,FIGUEROA,11.473
2024-12-10 08:15:00,717599,134,W,ML,496,57.3,104,62.1,150,59.0,133,56.0,109,52.1,,,,,34.142896,-118.172193,SAN RAFAEL,12.253
2024-12-10 08:15:00,717603,134,W,ML,117,62.2,26,66.1,28,64.0,25,62.3,23,59.8,15,55.8,,,34.146519,-118.162409,ORANGE GROVE,12.763
2024-12-10 08:15:00,717604,134,W,HV,118,61.6,118,61.6,,,,,,,,,,,34.146519,-118.162409,ORANGE GROVE,12.763
2024-12-10 08:15:00,761035,134,W,HV,118,61.6,118,61.6,,,,,,,,,,,34.148123,-118.229499,HARVEY,8.743
2024-12-10 08:15:00,761038,134,W,HV,118,61.6,118,61.6,,,,,,,,,,,34.156447,-118.245195,GLENDALE 1,7.673
2024-12-10 08:15:00,761041,134,W,HV,118,61.6,118,61.6,,,,,,,,,,,34.156458,-118.262159,CENTRAL,6.693
2024-12-10 08:15:00,761044,134,W,HV,118,61.6,118,61.6,,,,,,,,,,,34.156198,-118.265345,PACIFIC,6.503
2024-12-10 08:15:00,763610,134,W,HV,118,61.6,118,61.6,,,,,,,,,,,34.142896,-118.172193,SAN RAFAEL,12.253
2024-12-10 08:15:00,763612,134,W,HV,118,61.6,118,61.6,,,,,,,,,,,34.142674,-118.184801,FIGUEROA,11.473
2024-12-10 08:15:00,773975,134,W,ML,119,61.6,25,66.8,36,63.4,32,60.2,26,56.1,,,,,34.14568,-118.221874,OAKVIEW,9.213
2024-12-10 08:15:00,773977,134,W,HV,118,61.6,118,61.6,,,,,,,,,,,34.14568,-118.221874,OAKVIEW,9.213
2024-12-10 08:15:00,773996,134,W,ML,495,57.9,110,61.5,119,59.5,105,57.9,98,55.7,63,51.9,,,34.145076,-118.215608,FM 2 NB TO 134 EB,9.573
2024-12-10 08:15:00,773998,134,W,HV,118,61.6,118,61.6,,,,,,,,,,,34.145076,-118.215608,FM 2 NB TO 134 EB,9.573
2024-12-10 08:15:00,774012,134,W,ML,496,57.3,104,62.1,150,59.0,133,56.0,109,52.1,,,,,34.148107,-118.197509,TOWNSEND,10.643
2024-12-10 08:15:00,774014,134,W,HV,118,61.6,118,61.6,,,,,,,,,,,34.148107,-118.197509,TOWNSEND,10.643
2024-12-10 08:15:00,774032,134,W,ML,119,61.6,25,66.8,36,63.4,32,60.2,26,56.1,,,,,34.141843,-118.182666,COLORADO,11.623
2024-12-10 08:15:00,774034,134,W,HV,118,61.6,118,61.6,,,,,,,,,,,34.141843,-118.182666,COLORADO,11.623
2024-12-10 08:15:00,774053,134,W,ML,119,61.6,25,66.8,36,63.4,32,60.2,26,56.1,,,,,34.15084,-118.234258,FM 2 SB TO 134,8.403
2024-12-10 08:15:00,774055,134,W,HV,118,61.6,118,61.6,,,,,,,,,,,34.15084,-118.234258,FM 2 SB TO 134,8.403
2024-12-10 08:20:00,716551,134,W,ML,495,43.9,136,47.5,134,44.6,116,41.8,109,41.0,,,,,34.154235,-118.274159,SAN FERNANDO,5.983
2024-12-10 08:20:00,716554,134,W,ML,577,47.3,120,58.8,163,52.5,141,43.9,153,35.8,,,,,34.156198,-118.265345,PACIFIC,6.503
2024-12-10 08:20:00,717099,134,W,ML,605,42.6,157,48.9,145,45.9,137,41.9,166,34.3,,,,,34.156447,-118.245195,GLENDALE 1,7.673
2024-12-10 08:20:00,717582,134,W,ML,529,37.7,160,45.5,99,31.0,146,38.2,124,32.4,,,,,34.156458,-118.262159,CENTRAL,6.693
2024-12-10 08:20:00,717590,134,W,ML,119,61.6,25,66.8,36,63.4,32,60.2,26,56.1,,,,,34.148123,-118.229499,HARVEY,8.743
2024-12-10 08:20:00,717597,134,W,ML,119,61.6,25,66.8,36,63.4,32,60.2,26,56.1,,,,,34.142674,-118.184801,FIGUEROA,11.473
2024-12-10 08:20:00,717599,134,W,ML,496,57.3,104,62.1,150,59.0,133,56.0,109,52.1,,,,,34.142896,-118.172193,SAN RAFAEL,12.253
2024-12-10 08:20:00,717603,134,W,ML,117,62.2,26,66.1,28,64.0,25,62.3,23,59.8,15,55.8,,,34.146519,-118.162409,ORANGE GROVE,12.763
2024-12-10 08:20:00,717604,134,W,HV,118,61.6,118,61.6,,,,,,,,,,,34.146519,-118.162409,ORANGE GROVE,12.763
2024-12-10 08:20:00,761035,134,W,HV,118,61.6,118,61.6,,,,,,,,,,,34.148123,-118.229499,HARVEY,8.743
2024-12-10 08:20:00,761038,134,W,HV,118,61.6,118,61.6,,,,,,,,,,,34.156447,-118.245195,GLENDALE 1,7.673
2024-12-10 08:20:00,761041,134,W,HV,118,61.6,118,61.6,,,,,,,,,,,34.156458,-118.262159,CENTRAL,6.693
2024-12-10 08:20:00,761044,134,W,HV,118,61.6,118,61.6,,,,,,,,,,,34.156198,-118.265345,PACIFIC,6.503
2024-12-10 08:20:00,763610,134,W,HV,118,61.6,118,61.6,,,,,,,,,,,34.142896,-118.172193,SAN RAFAEL,12.253
2024-12-10 08:20:00,763612,134,W,HV,118,61.6,118,61.6,,,,,,,,,,,34.142674,-118.184801,FIGUEROA,11.473
2024-12-10 08:20:00,773975,134,W,ML,119,61.6,25,66.8,36,63.4,32,60.2,26,56.1,,,,,34.14568,-118.221874,OAKVIEW,9.213
2024-12-10 08:20:00,773977,134,W,HV,118,61.6,118,61.6,,,,,,,,,,,34.14568,-118.221874,OAKVIEW,9.213
2024-12-10 08:20:00,773996,134,W,ML,495,57.9,110,61.5,119,59.5,105,57.9,98,55.7,63,51.9,,,34.145076,-118.215608,FM 2 NB TO 134 EB,9.573
2024-12-10 08:20:00,773998,134,W,HV,118,61.6,118,61.6,,,,,,,,,,,34.145076,-118.215608,FM 2 NB TO 134 EB,9.573
2024-12-10 08:20:00,774012,134,W,ML,496,57.3,104,62.1,150,59.0,133,56.0,109,52.1,,,,,34.148107,-118.197509,TOWNSEND,10.643
2024-12-10 08:20:00,774014,134,W,HV,118,61.6,118,61.6,,,,,,,,,,,34.148107,-118.197509,TOWNSEND,10.643
2024-12-10 08:20:00,774032,134,W,ML,119,61.6,25,66.8,36,63.4,32,60.2,26,56.1,,,,,34.141843,-118.182666,COLORADO,11.623
2024-12-10 08:20:00,774034,134,W,HV,118,61.6,118,61.6,,,,,,,,,,,34.141843,-118.182666,COLORADO,11.623
2024-12-10 08:20:00,774053,134,W,ML,119,61.6,25,66.8,36,63.4,32,60.2,26,56.1,,,,,34.15084,-118.234258,FM 2 SB TO 134,8.403
2024-12-10 08:20:00,774055,134,W,HV,118,61.6,118,61.6,,,,,,,,,,,34.15084,-118.234258,FM 2 SB TO 134,8.403
2024-12-10 08:25:00,716551,134,W,ML,504,41.4,139,45.5,136,42.7,118,38.3,111,37.9,,,,,34.154235,-118.274159,SAN FERNANDO,5.983
2024-12-10 08:25:00,716554,134,W,ML,534,44.6,94,57.4,152,50.5,144,41.4,144,33.4,,,,,34.156198,-118.265345,PACIFIC,6.503
2024-12-10 08:25:00,717099,134,W,ML,551,39.7,142,46.0,132,43.2,125,39.2,152,31.3,,,,,34.156447,-118.245195,GLENDALE 1,7.673
2024-12-10 08:25:00,717582,134,W,ML,472,32.8,141,39.4,90,26.1,128,34.4,113,28.0,,,,,34.156458,-118.262159,CENTRAL,6.693
2024-12-10 08:25:00,717590,134,W,ML,119,61.6,25,66.8,36,63.4,32,60.2,26,56.1,,,,,34.148123,-118.229499,HARVEY,8.743
2024-12-10 08:25:00,717597,134,W,ML,119,61.6,25,66.8,36,63.4,32,60.2,26,56.1,,,,,34.142674,-118.184801,FIGUEROA,11.473
2024-12-10 08:25:00,717599,134,W,ML,488,57.5,102,62.3,148,59.2,131,56.2,107,52.3,,,,,34.142896,-118.172193,SAN RAFAEL,12.253
2024-12-10 08:25:00,717603,134,W,ML,117,62.2,26,66.1,28,64.0,25,62.3,23,59.8,15,55.8,,,34.146519,-118.162409,ORANGE GROVE,12.763
2024-12-10 08:25:00,717604,134,W,HV,118,61.6,118,61.6,,,,,,,,,,,34.146519,-118.162409,ORANGE GROVE,12.763
2024-12-10 08:25:00,761035,134,W,HV,118,61.6,118,61.6,,,,,,,,,,,34.148123,-118.229499,HARVEY,8.743
2024-12-10 08:25:00,761038,134,W,HV,118,61.6,118,61.6,,,,,,,,,,,34.156447,-118.245195,GLENDALE 1,7.673
2024-12-10 08:25:00,761041,134,W,HV,118,61.6,118,61.6,,,,,,,,,,,34.156458,-118.262159,CENTRAL,6.693
2024-12-10 08:25:00,761044,134,W,HV,118,61.6,118,61.6,,,,,,,,,,,34.156198,-118.265345,PACIFIC,6.503
2024-12-10 08:25:00,763610,134,W,HV,118,61.6,118,61.6,,,,,,,,,,,34.142896,-118.172193,SAN RAFAEL,12.253
2024-12-10 08:25:00,763612,134,W,HV,118,61.6,118,61.6,,,,,,,,,,,34.142674,-118.184801,FIGUEROA,11.473
2024-12-10 08:25:00,773975,134,W,ML,119,61.6,25,66.8,36,63.4,32,60.2,26,56.1,,,,,34.14568,-118.221874,OAKVIEW,9.213
2024-12-10 08:25:00,773977,134,W,HV,118,61.6,118,61.6,,,,,,,,,,,34.14568,-118.221874,OAKVIEW,9.213
2024-12-10 08:25:00,773996,134,W,ML,487,58.1,108,61.7,117,59.7,104,58.1,96,55.9,62,52.1,,,34.145076,-118.215608,FM 2 NB TO 134 EB,9.573
2024-12-10 08:25:00,773998,134,W,HV,118,61.6,118,61.6,,,,,,,,,,,34.145076,-118.215608,FM 2 NB TO 134 EB,9.573
2024-12-10 08:25:00,774012,134,W,ML,488,57.5,102,62.3,148,59.2,131,56.2,107,52.3,,,,,34.148107,-118.197509,TOWNSEND,10.643
2024-12-10 08:25:00,774014,134,W,HV,118,61.6,118,61.6,,,,,,,,,,,34.148107,-118.197509,TOWNSEND,10.643
2024-12-10 08:25:00,774032,134,W,ML,119,61.6,25,66.8,36,63.4,32,60.2,26,56.1,,,,,34.141843,-118.182666,COLORADO,11.623
2024-12-10 08:25:00,774034,134,W,HV,118,61.6,118,61.6,,,,,,,,,,,34.141843,-118.182666,COLORADO,11.623
2024-12-10 08:25:00,774053,134,W,ML,119,61.6,25,66.8,36,63.4,32,60.2,26,56.1,,,,,34.15084,-118.234258,FM 2 SB TO 134,8.403
2024-12-10 08:25:00,774055,134,W,HV,118,61.6,118,61.6,,,,,,,,,,,34.15084,-118.234258,FM 2 SB TO 134,8.403
2024-12-10 08:30:00,716551,134,W,ML,458,40.0,125,44.0,124,41.2,108,36.9,101,36.6,,,,,34.154235,-118.274159,SAN FERNANDO,5.983
2024-12-10 08:30:00,716554,134,W,ML,528,44.5,106,56.6,152,50.3,130,41.6,140,31.6,,,,,34.156198,-118.265345,PACIFIC,6.503
2024-12-10 08:30:00,717099,134,W,ML,556,36.5,144,42.6,133,40.0,126,36.2,153,27.8,,,,,34.156447,-118.245195,GLENDALE 1,7.673
2024-12-10 08:30:00,717582,134,W,ML,484,33.4,149,43.6,90,20.4,131,36.7,114,26.5,,,,,34.156458,-118.262159,CENTRAL,6.693
2024-12-10 08:30:00,717590,134,W,ML,116,61.6,24,66.8,35,63.4,31,60.2,26,56.1,,,,,34.148123,-118.229499,HARVEY,8.743
2024-12-10 08:30:00,717597,134,W,ML,116,61.6,24,66.8,35,63.4,31,60.2,26,56.1,,,,,34.142674,-118.184801,FIGUEROA,11.473
2024-12-10 08:30:00,717599,134,W,ML,486,57.6,102,62.4,147,59.3,130,56.3,107,52.4,,,,,34.142896,-118.172193,SAN RAFAEL,12.253
2024-12-10 08:30:00,717603,134,W,ML,117,62.2,26,66.1,28,64.0,25,62.3,23,59.8,15,55.8,,,34.146519,-118.162409,ORANGE GROVE,12.763
2024-12-10 08:30:00,717604,134,W,HV,117,61.6,117,61.6,,,,,,,,,,,34.146519,-118.162409,ORANGE GROVE,12.763
2024-12-10 08:30:00,761035,134,W,HV,117,61.6,117,61.6,,,,,,,,,,,34.148123,-118.229499,HARVEY,8.743
2024-12-10 08:30:00,761038,134,W,HV,117,61.6,117,61.6,,,,,,,,,,,34.156447,-118.245195,GLENDALE 1,7.673
2024-12-10 08:30:00,761041,134,W,HV,117,61.6,117,61.6,,,,,,,,,,,34.156458,-118.262159,CENTRAL,6.693
2024-12-10 08:30:00,761044,134,W,HV,117,61.6,117,61.6,,,,,,,,,,,34.156198,-118.265345,PACIFIC,6.503
2024-12-10 08:30:00,763610,134,W,HV,117,61.6,117,61.6,,,,,,,,,,,34.142896,-118.172193,SAN RAFAEL,12.253
2024-12-10 08:30:00,763612,134,W,HV,117,61.6,117,61.6,,,,,,,,,,,34.142674,-118.184801,FIGUEROA,11.473
2024-12-10 08:30:00,773975,134,W,ML,116,61.6,24,66.8,35,63.4,31,60.2,26,56.1,,,,,34.14568,-118.221874,OAKVIEW,9.213
2024-12-10 08:30:00,773977,134,W,HV,117,61.6,117,61.6,,,,,,,,,,,34.14568,-118.221874,OAKVIEW,9.213
2024-12-10 08:30:00,773996,134,W,ML,487,58.2,108,61.9,117,59.8,104,58.2,96,56.0,62,52.2,,,34.145076,-118.215608,FM 2 NB TO 134 EB,9.573
2024-12-10 08:30:00,773998,134,W,HV,117,61.6,117,61.6,,,,,,,,,,,34.145076,-118.215608,FM 2 NB TO 134 EB,9.573
2024-12-10 08:30:00,774012,134,W,ML,486,57.6,102,62.4,147,59.3,130,56.3,107,52.4,,,,,34.148107,-118.197509,TOWNSEND,10.643
2024-12-10 08:30:00,774014,134,W,HV,117,61.6,117,61.6,,,,,,,,,,,34.148107,-118.197509,TOWNSEND,10.643
2024-12-10 08:30:00,774032,134,W,ML,116,61.6,24,66.8,35,63.4,31,60.2,26,56.1,,,,,34.141843,-118.182666,COLORADO,11.623
2024-12-10 08:30:00,774034,134,W,HV,117,61.6,117,61.6,,,,,,,,,,,34.141843,-118.182666,COLORADO,11.623
2024-12-10 08:30:00,774053,134,W,ML,116,61.6,24,66.8,35,63.4,31,60.2,26,56.1,,,,,34.15084,-118.234258,FM 2 SB TO 134,8.403
2024-12-10 08:30:00,774055,134,W,HV,117,61.6,117,61.6,,,,,,,,,,,34.15084,-118.234258,FM 2 SB TO 134,8.403
2024-12-10 08:35:00,716551,134,W,ML,485,39.6,135,43.6,131,40.8,113,36.5,106,36.2,,,,,34.154235,-118.274159,SAN FERNANDO,5.983
2024-12-10 08:35:00,716554,134,W,ML,532,43.5,96,55.2,158,48.7,137,41.9,141,31.1,,,,,34.156198,-118.265345,PACIFIC,6.503
2024-12-10 08:35:00,717099,134,W,ML,605,35.0,157,41.1,145,38.5,137,34.7,166,26.3,,,,,34.156447,-118.245195,GLENDALE 1,7.673
2024-12-10 08:35:00,717582,134,W,ML,496,30.4,147,39.6,87,17.8,138,34.6,124,23.7,,,,,34.156458,-118.262159,CENTRAL,6.693
2024-12-10 08:35:00,717590,134,W,ML,116,61.7,24,66.9,35,63.5,31,60.3,26,56.2,,,,,34.148123,-118.229499,HARVEY,8.743
2024-12-10 08:35:00,717597,134,W,ML,116,61.7,24,66.9,35,63.5,31,60.3,26,56.2,,,,,34.142674,-118.184801,FIGUEROA,11.473
2024-12-10 08:35:00,717599,134,W,ML,486,57.8,102,62.7,147,59.5,130,56.5,107,52.6,,,,,34.142896,-118.172193,SAN RAFAEL,12.253
2024-12-10 08:35:00,717603,134,W,ML,117,62.3,26,66.3,28,64.1,25,62.4,23,59.9,15,55.9,,,34.146519,-118.162409,ORANGE GROVE,12.763
2024-12-10 08:35:00,717604,134,W,HV,117,61.7,117,61.7,,,,,,,,,,,34.146519,-118.162409,ORANGE GROVE,12.763
2024-12-10 08:35:00,761035,134,W,HV,117,61.7,117,61.7,,,,,,,,,,,34.148123,-118.229499,HARVEY,8.743
2024-12-10 08:35:00,761038,134,W,HV,117,61.7,117,61.7,,,,,,,,,,,34.156447,-118.245195,GLENDALE 1,7.673
2024-12-10 08:35:00,761041,134,W,HV,117,61.7,117,61.7,,,,,,,,,,,34.156458,-118.262159,CENTRAL,6.693
2024-12-10 08:35:00,761044,134,W,HV,117,61.7,117,61.7,,,,,,,,,,,34.156198,-118.265345,PACIFIC,6.503
2024-12-10 08:35:00,763610,134,W,HV,117,61.7,117,61.7,,,,,,,,,,,34.142896,-118.172193,SAN RAFAEL,12.253
2024-12-10 08:35:00,763612,134,W,HV,117,61.7,117,61.7,,,,,,,,,,,34.142674,-118.184801,FIGUEROA,11.473
2024-12-10 08:35:00,773975,134,W,ML,116,61.7,24,66.9,35,63.5,31,60.3,26,56.2,,,,,34.14568,-118.221874,OAKVIEW,9.213
2024-12-10 08:35:00,773977,134,W,HV,117,61.7,117,61.7,,,,,,,,,,,34.14568,-118.221874,OAKVIEW,9.213
2024-12-10 08:35:00,773996,134,W,ML,487,58.4,108,62.1,117,60.0,104,58.4,96,56.1,62,52.3,,,34.145076,-118.215608,FM 2 NB TO 134 EB,9.573
2024-12-10 08:35:00,773998,134,W,HV,117,61.7,117,61.7,,,,,,,,,,,34.145076,-118.215608,FM 2 NB TO 134 EB,9.573
2024-12-10 08:35:00,774012,134,W,ML,486,57.8,102,62.7,147,59.5,130,56.5,107,52.6,,,,,34.148107,-118.197509,TOWNSEND,10.643
2024-12-10 08:35:00,774014,134,W,HV,117,61.7,117,61.7,,,,,,,,,,,34.148107,-118.197509,TOWNSEND,10.643
2024-12-10 08:35:00,774032,134,W,ML,116,61.7,24,66.9,35,63.5,31,60.3,26,56.2,,,,,34.141843,-118.182666,COLORADO,11.623
2024-12-10 08:35:00,774034,134,W,HV,117,61.7,117,61.7,,,,,,,,,,,34.141843,-118.182666,COLORADO,11.623
2024-12-10 08:35:00,774053,134,W,ML,116,61.7,24,66.9,35,63.5,31,60.3,26,56.2,,,,,34.15084,-118.234258,FM 2 SB TO 134,8.403
2024-12-10 08:35:00,774055,134,W,HV,117,61.7,117,61.7,,,,,,,,,,,34.15084,-118.234258,FM 2 SB TO 134,8.403
2024-12-10 08:40:00,716551,134,W,ML,476,40.7,132,44.1,129,41.3,111,38.6,104,38.0,,,,,34.154235,-118.274159,SAN FERNANDO,5.983
2024-12-10 08:40:00,716554,134,W,ML,528,43.2,103,54.6,157,47.3,131,41.5,137,31.7,,,,,34.156198,-118.265345,PACIFIC,6.503
2024-12-10 08:40:00,717099,134,W,ML,509,32.5,131,38.5,122,36.1,116,32.4,140,23.6,,,,,34.156447,-118.245195,GLENDALE 1,7.673
2024-12-10 08:40:00,717582,134,W,ML,454,28.5,144,38.1,69,13.5,137,31.1,104,21.6,,,,,34.156458,-118.262159,CENTRAL,6.693
2024-12-10 08:40:00,717590,134,W,ML,115,61.7,24,66.9,35,63.5,31,60.3,25,56.2,,,,,34.148123,-118.229499,HARVEY,8.743
2024-12-10 08:40:00,717597,134,W,ML,115,61.7,24,66.9,35,63.5,31,60.3,25,56.2,,,,,34.142674,-118.184801,FIGUEROA,11.473
2024-12-10 08:40:00,717599,134,W,ML,488,57.9,102,62.8,148,59.6,131,56.6,107,52.7,,,,,34.142896,-118.172193,SAN RAFAEL,12.253
2024-12-10 08:40:00,717603,134,W,ML,117,62.3,26,66.3,28,64.1,25,62.4,23,59.9,15,55.9,,,34.146519,-118.162409,ORANGE GROVE,12.763
2024-12-10 08:40:00,717604,134,W,HV,116,61.7,116,61.7,,,,,,,,,,,34.146519,-118.162409,ORANGE GROVE,12.763
2024-12-10 08:40:00,761035,134,W,HV,116,61.7,116,61.7,,,,,,,,,,,34.148123,-118.229499,HARVEY,8.743
2024-12-10 08:40:00,761038,134,W,HV,116,61.7,116,61.7,,,,,,,,,,,34.156447,-118.245195,GLENDALE 1,7.673
2024-12-10 08:40:00,761041,134,W,HV,116,61.7,116,61.7,,,,,,,,,,,34.156458,-118.262159,CENTRAL,6.693
2024-12-10 08:40:00,761044,134,W,HV,116,61.7,116,61.7,,,,,,,,,,,34.156198,-118.265345,PACIFIC,6.503
2024-12-10 08:40:00,763610,134,W,HV,116,61.7,116,61.7,,,,,,,,,,,34.142896,-118.172193,SAN RAFAEL,12.253
2024-12-10 08:40:00,763612,134,W,HV,116,61.7,116,61.7,,,,,,,,,,,34.142674,-118.184801,FIGUEROA,11.473
2024-12-10 08:40:00,773975,134,W,ML,115,61.7,24,66.9,35,63.5,31,60.3,25,56.2,,,,,34.14568,-118.221874,OAKVIEW,9.213
2024-12-10 08:40:00,773977,134,W,HV,116,61.7,116,61.7,,,,,,,,,,,34.14568,-118.221874,OAKVIEW,9.213
2024-12-10 08:40:00,773996,134,W,ML,489,58.5,108,62.2,118,60.1,104,58.5,97,56.2,62,52.4,,,34.145076,-118.215608,FM 2 NB TO 134 EB,9.573
2024-12-10 08:40:00,773998,134,W,HV,116,61.7,116,61.7,,,,,,,,,,,34.145076,-118.215608,FM 2 NB TO 134 EB,9.573
2024-12-10 08:40:00,774012,134,W,ML,488,57.9,102,62.8,148,59.6,131,56.6,107,52.7,,,,,34.148107,-118.197509,TOWNSEND,10.643
2024-12-10 08:40:00,774014,134,W,HV,116,61.7,116,61.7,,,,,,,,,,,34.148107,-118.197509,TOWNSEND,10.643
2024-12-10 08:40:00,774032,134,W,ML,115,61.7,24,66.9,35,63.5,31,60.3,25,56.2,,,,,34.141843,-118.182666,COLORADO,11.623
2024-12-10 08:40:00,774034,134,W,HV,116,61.7,116,61.7,,,,,,,,,,,34.141843,-118.182666,COLORADO,11.623
2024-12-10 08:40:00,774053,134,W,ML,115,61.7,24,66.9,35,63.5,31,60.3,25,56.2,,,,,34.15084,-118.234258,FM 2 SB TO 134,8.403
2024-12-10 08:40:00,774055,134,W,HV,116,61.7,116,61.7,,,,,,,,,,,34.15084,-118.234258,FM 2 SB TO 134,8.403
2024-12-10 08:45:00,716551,134,W,ML,495,43.5,136,46.6,134,44.0,116,41.7,109,40.9,,,,,34.154235,-118.274159,SAN FERNANDO,5.983
2024-12-10 08:45:00,716554,134,W,ML,526,43.9,94,56.3,156,48.7,141,42.0,135,31.8,,,,,34.156198,-118.265345,PACIFIC,6.503
2024-12-10 08:45:00,717099,134,W,ML,609,31.1,158,37.1,146,34.7,138,31.1,167,22.2,,,,,34.156447,-118.245195,GLENDALE 1,7.673
2024-12-10 08:45:00,717582,134,W,ML,490,30.3,154,40.6,71,11.1,140,34.3,125,24.2,,,,,34.156458,-118.262159,CENTRAL,6.693
2024-12-10 08:45:00,717590,134,W,ML,116,61.8,24,67.0,35,63.6,31,60.4,26,56.2,,,,,34.148123,-118.229499,HARVEY,8.743
2024-12-10 08:45:00,717597,134,W,ML,116,61.8,24,67.0,35,63.6,31,60.4,26,56.2,,,,,34.142674,-118.184801,FIGUEROA,11.473
2024-12-10 08:45:00,717599,134,W,ML,488,57.9,102,62.8,148,59.6,131,56.6,107,52.7,,,,,34.142896,-118.172193,SAN RAFAEL,12.253
2024-12-10 08:45:00,717603,134,W,ML,117,62.4,26,66.4,28,64.2,25,62.5,23,60.0,15,56.0,,,34.146519,-118.162409,ORANGE GROVE,12.763
2024-12-10 08:45:00,717604,134,W,HV,117,61.8,117,61.8,,,,,,,,,,,34.146519,-118.162409,ORANGE GROVE,12.763
2024-12-10 08:45:00,761035,134,W,HV,117,61.8,117,61.8,,,,,,,,,,,34.148123,-118.229499,HARVEY,8.743
2024-12-10 08:45:00,761038,134,W,HV,117,61.8,117,61.8,,,,,,,,,,,34.156447,-118.245195,GLENDALE 1,7.673
2024-12-10 08:45:00,761041,134,W,HV,117,61.8,117,61.8,,,,,,,,,,,34.156458,-118.262159,CENTRAL,6.693
2024-12-10 08:45:00,761044,134,W,HV,117,61.8,117,61.8,,,,,,,,,,,34.156198,-118.265345,PACIFIC,6.503
2024-12-10 08:45:00,763610,134,W,HV,117,61.8,117,61.8,,,,,,,,,,,34.142896,-118.172193,SAN RAFAEL,12.253
2024-12-10 08:45:00,763612,134,W,HV,117,61.8,117,61.8,,,,,,,,,,,34.142674,-118.184801,FIGUEROA,11.473
2024-12-10 08:45:00,773975,134,W,ML,116,61.8,24,67.0,35,63.6,31,60.4,26,56.2,,,,,34.14568,-118.221874,OAKVIEW,9.213
2024-12-10 08:45:00,773977,134,W,HV,117,61.8,117,61.8,,,,,,,,,,,34.14568,-118.221874,OAKVIEW,9.213
2024-12-10 08:45:00,773996,134,W,ML,488,58.5,108,62.2,118,60.1,104,58.5,96,56.2,62,52.4,,,34.145076,-118.215608,FM 2 NB TO 134 EB,9.573
2024-12-10 08:45:00,773998,134,W,HV,117,61.8,117,61.8,,,,,,,,,,,34.145076,-118.215608,FM 2 NB TO 134 EB,9.573
2024-12-10 08:45:00,774012,134,W,ML,488,57.9,102,62.8,148,59.6,131,56.6,107,52.7,,,,,34.148107,-118.197509,TOWNSEND,10.643
2024-12-10 08:45:00,774014,134,W,HV,117,61.8,117,61.8,,,,,,,,,,,34.148107,-118.197509,TOWNSEND,10.643
2024-12-10 08:45:00,774032,134,W,ML,116,61.8,24,67.0,35,63.6,31,60.4,26,56.2,,,,,34.141843,-118.182666,COLORADO,11.623
2024-12-10 08:45:00,774034,134,W,HV,117,61.8,117,61.8,,,,,,,,,,,34.141843,-118.182666,COLORADO,11.623
2024-12-10 08:45:00,774053,134,W,ML,116,61.8,24,67.0,35,63.6,31,60.4,26,56.2,,,,,34.15084,-118.234258,FM 2 SB TO 134,8.403
2024-12-10 08:45:00,774055,134,W,HV,117,61.8,117,61.8,,,,,,,,,,,34.15084,-118.234258,FM 2 SB TO 134,8.403
2024-12-10 08:50:00,716551,134,W,ML,507,41.3,140,44.9,137,42.0,119,39.1,111,38.5,,,,,34.154235,-118.274159,SAN FERNANDO,5.983
2024-12-10 08:50:00,716554,134,W,ML,551,45.2,99,57.3,166,50.3,145,43.5,141,32.6,,,,,34.156198,-118.265345,PACIFIC,6.503
2024-12-10 08:50:00,717099,134,W,ML,532,33.0,137,39.1,128,36.6,121,32.9,146,24.2,,,,,34.156447,-118.245195,GLENDALE 1,7.673
2024-12-10 08:50:00,717582,134,W,ML,503,28.3,161,38.1,93,14.4,140,31.8,109,21.0,,,,,34.156458,-118.262159,CENTRAL,6.693
2024-12-10 08:50:00,717590,134,W,ML,115,61.8,24,67.0,35,63.6,31,60.4,25,56.2,,,,,34.148123,-118.229499,HARVEY,8.743
2024-12-10 08:50:00,717597,134,W,ML,115,61.8,24,67.0,35,63.6,31,60.4,25,56.2,,,,,34.142674,-118.184801,FIGUEROA,11.473
2024-12-10 08:50:00,717599,134,W,ML,482,57.9,101,62.8,146,59.6,129,56.6,106,52.7,,,,,34.142896,-118.172193,SAN RAFAEL,12.253
2024-12-10 08:50:00,717603,134,W,ML,117,62.4,26,66.4,28,64.2,25,62.5,23,60.0,15,56.0,,,34.146519,-118.162409,ORANGE GROVE,12.763
2024-12-10 08:50:00,717604,134,W,HV,116,61.8,116,61.8,,,,,,,,,,,34.146519,-118.162409,ORANGE GROVE,12.763
2024-12-10 08:50:00,761035,134,W,HV,116,61.8,116,61.8,,,,,,,,,,,34.148123,-118.229499,HARVEY,8.743
2024-12-10 08:50:00,761038,134,W,HV,116,61.8,116,61.8,,,,,,,,,,,34.156447,-118.245195,GLENDALE 1,7.673
2024-12-10 08:50:00,761041,134,W,HV,116,61.8,116,61.8,,,,,,,,,,,34.156458,-118.262159,CENTRAL,6.693
2024-12-10 08:50:00,761044,134,W,HV,116,61.8,116,61.8,,,,,,,,,,,34.156198,-118.265345,PACIFIC,6.503
2024-12-10 08:50:00,763610,134,W,HV,116,61.8,116,61.8,,,,,,,,,,,34.142896,-118.172193,SAN RAFAEL,12.253
2024-12-10 08:50:00,763612,134,W,HV,116,61.8,116,61.8,,,,,,,,,,,34.142674,-118.184801,FIGUEROA,11.473
2024-12-10 08:50:00,773975,134,W,ML,115,61.8,24,67.0,35,63.6,31,60.4,25,56.2,,,,,34.14568,-118.221874,OAKVIEW,9.213
2024-12-10 08:50:00,773977,134,W,HV,116,61.8,116,61.8,,,,,,,,,,,34.14568,-118.221874,OAKVIEW,9.213
2024-12-10 08:50:00,773996,134,W,ML,480,58.5,106,62.2,116,60.1,102,58.5,95,56.2,61,52.4,,,34.145076,-118.215608,FM 2 NB TO 134 EB,9.573
2024-12-10 08:50:00,773998,134,W,HV,116,61.8,116,61.8,,,,,,,,,,,34.145076,-118.215608,FM 2 NB TO 134 EB,9.573
2024-12-10 08:50:00,774012,134,W,ML,482,57.9,101,62.8,146,59.6,129,56.6,106,52.7,,,,,34.148107,-118.197509,TOWNSEND,10.643
2024-12-10 08:50:00,774014,134,W,HV,116,61.8,116,61.8,,,,,,,,,,,34.148107,-118.197509,TOWNSEND,10.643
2024-12-10 08:50:00,774032,134,W,ML,115,61.8,24,67.0,35,63.6,31,60.4,25,56.2,,,,,34.141843,-118.182666,COLORADO,11.623
2024-12-10 08:50:00,774034,134,W,HV,116,61.8,116,61.8,,,,,,,,,,,34.141843,-118.182666,COLORADO,11.623
2024-12-10 08:50:00,774053,134,W,ML,115,61.8,24,67.0,35,63.6,31,60.4,25,56.2,,,,,34.15084,-118.234258,FM 2 SB TO 134,8.403
2024-12-10 08:50:00,774055,134,W,HV,116,61.8,116,61.8,,,,,,,,,,,34.15084,-118.234258,FM 2 SB TO 134,8.403
2024-12-10 08:55:00,716551,134,W,ML,495,40.7,136,44.8,134,42.0,116,37.6,109,37.2,,,,,34.154235,-118.274159,SAN FERNANDO,5.983
2024-12-10 08:55:00,716554,134,W,ML,523,45.1,93,57.9,152,51.3,141,42.4,137,32.5,,,,,34.156198,-118.265345,PACIFIC,6.503
2024-12-10 08:55:00,717099,134,W,ML,598,35.4,155,41.5,144,38.9,135,35.1,164,26.7,,,,,34.156447,-118.245195,GLENDALE 1,7.673
2024-12-10 08:55:00,717582,134,W,ML,526,27.4,152,37.3,109,18.5,142,29.8,123,20.3,,,,,34.156458,-118.262159,CENTRAL,6.693
2024-12-10 08:55:00,717590,134,W,ML,115,61.9,24,67.1,35,63.7,31,60.5,25,56.3,,,,,34.148123,-118.229499,HARVEY,8.743
2024-12-10 08:55:00,717597,134,W,ML,115,61.9,24,67.1,35,63.7,31,60.5,25,56.3,,,,,34.142674,-118.184801,FIGUEROA,11.473
2024-12-10 08:55:00,717599,134,W,ML,470,58.3,98,63.2,143,60.0,126,56.9,103,53.1,,,,,34.142896,-118.172193,SAN RAFAEL,12.253
2024-12-10 08:55:00,717603,134,W,ML,113,62.5,25,66.5,27,64.3,24,62.6,23,60.1,14,56.0,,,34.146519,-118.162409,ORANGE GROVE,12.763
2024-12-10 08:55:00,717604,134,W,HV,114,61.9,114,61.9,,,,,,,,,,,34.146519,-118.162409,ORANGE GROVE,12.763
2024-12-10 08:55:00,761035,134,W,HV,114,61.9,114,61.9,,,,,,,,,,,34.148123,-118.229499,HARVEY,8.743
2024-12-10 08:55:00,761038,134,W,HV,114,61.9,114,61.9,,,,,,,,,,,34.156447,-118.245195,GLENDALE 1,7.673
2024-12-10 08:55:00,761041,134,W,HV,114,61.9,114,61.9,,,,,,,,,,,34.156458,-118.262159,CENTRAL,6.693
2024-12-10 08:55:00,761044,134,W,HV,114,61.9,114,61.9,,,,,,,,,,,34.156198,-118.265345,PACIFIC,6.503
2024-12-10 08:55:00,763610,134,W,HV,114,61.9,114,61.9,,,,,,,,,,,34.142896,-118.172193,SAN RAFAEL,12.253
2024-12-10 08:55:00,763612,134,W,HV,114,61.9,114,61.9,,,,,,,,,,,34.142674,-118.184801,FIGUEROA,11.473
2024-12-10 08:55:00,773975,134,W,ML,115,61.9,24,67.1,35,63.7,31,60.5,25,56.3,,,,,34.14568,-118.221874,OAKVIEW,9.213
2024-12-10 08:55:00,773977,134,W,HV,114,61.9,114,61.9,,,,,,,,,,,34.14568,-118.221874,OAKVIEW,9.213
2024-12-10 08:55:00,773996,134,W,ML,471,58.9,104,62.6,114,60.6,100,58.9,93,56.6,60,52.8,,,34.145076,-118.215608,FM 2 NB TO 134 EB,9.573
2024-12-10 08:55:00,773998,134,W,HV,114,61.9,114,61.9,,,,,,,,,,,34.145076,-118.215608,FM 2 NB TO 134 EB,9.573
2024-12-10 08:55:00,774012,134,W,ML,470,58.3,98,63.2,143,60.0,126,56.9,103,53.1,,,,,34.148107,-118.197509,TOWNSEND,10.643
2024-12-10 08:55:00,774014,134,W,HV,114,61.9,114,61.9,,,,,,,,,,,34.148107,-118.197509,TOWNSEND,10.643
2024-12-10 08:55:00,774032,134,W,ML,115,61.9,24,67.1,35,63.7,31,60.5,25,56.3,,,,,34.141843,-118.182666,COLORADO,11.623
2024-12-10 08:55:00,774034,134,W,HV,114,61.9,114,61.9,,,,,,,,,,,34.141843,-118.182666,COLORADO,11.623
2024-12-10 08:55:00,774053,134,W,ML,115,61.9,24,67.1,35,63.7,31,60.5,25,56.3,,,,,34.15084,-118.234258,FM 2 SB TO 134,8.403
2024-12-10 08:55:00,774055,134,W,HV,114,61.9,114,61.9,,,,,,,,,,,34.15084,-118.234258,FM 2 SB TO 134,8.403
2024-12-10 09:00:00,716551,134,W,ML,468,39.5,128,43.1,127,40.3,110,37.1,103,36.7,,,,,34.154235,-118.274159,SAN FERNANDO,5.983
2024-12-10 09:00:00,716554,134,W,ML,510,43.3,79,59.3,155,49.2,133,40.7,143,30.4,,,,,34.156198,-118.265345,PACIFIC,6.503
2024-12-10 09:00:00,717099,134,W,ML,551,33.0,142,39.1,132,36.6,125,33.0,152,24.2,,,,,34.156447,-118.245195,GLENDALE 1,7.673
2024-12-10 09:00:00,717582,134,W,ML,469,28.8,141,39.5,84,14.5,131,32.1,113,22.3,,,,,34.156458,-118.262159,CENTRAL,6.693
2024-12-10 09:00:00,717590,134,W,ML,112,62.0,23,67.2,34,63.8,30,60.6,25,56.4,,,,,34.148123,-118.229499,HARVEY,8.743
2024-12-10 09:00:00,717597,134,W,ML,112,62.0,23,67.2,34,63.8,30,60.6,25,56.4,,,,,34.142674,-118.184801,FIGUEROA,11.473
2024-12-10 09:00:00,717599,134,W,ML,462,58.6,97,63.5,140,60.3,124,57.2,101,53.3,,,,,34.142896,-118.172193,SAN RAFAEL,12.253
2024-12-10 09:00:00,717603,134,W,ML,112,62.7,25,66.6,27,64.4,24,62.7,22,60.2,14,56.1,,,34.146519,-118.162409,ORANGE GROVE,12.763
2024-12-10 09:00:00,717604,134,W,HV,112,62.0,112,62.0,,,,,,,,,,,34.146519,-118.162409,ORANGE GROVE,12.763
2024-12-10 09:00:00,761035,134,W,HV,112,62.0,112,62.0,,,,,,,,,,,34.148123,-118.229499,HARVEY,8.743
2024-12-10 09:00:00,761038,134,W,HV,112,62.0,112,62.0,,,,,,,,,,,34.156447,-118.245195,GLENDALE 1,7.673
2024-12-10 09:00:00,761041,134,W,HV,112,62.0,112,62.0,,,,,,,,,,,34.156458,-118.262159,CENTRAL,6.693
2024-12-10 09:00:00,761044,134,W,HV,112,62.0,112,62.0,,,,,,,,,,,34.156198,-118.265345,PACIFIC,6.503
2024-12-10 09:00:00,763610,134,W,HV,112,62.0,112,62.0,,,,,,,,,,,34.142896,-118.172193,SAN RAFAEL,12.253
2024-12-10 09:00:00,763612,134,W,HV,112,62.0,112,62.0,,,,,,,,,,,34.142674,-118.184801,FIGUEROA,11.473
2024-12-10 09:00:00,773975,134,W,ML,112,62.0,23,67.2,34,63.8,30,60.6,25,56.4,,,,,34.14568,-118.221874,OAKVIEW,9.213
2024-12-10 09:00:00,773977,134,W,HV,112,62.0,112,62.0,,,,,,,,,,,34.14568,-118.221874,OAKVIEW,9.213
2024-12-10 09:00:00,773996,134,W,ML,461,59.2,102,62.9,111,60.9,98,59.2,91,56.9,59,53.1,,,34.145076,-118.215608,FM 2 NB TO 134 EB,9.573
2024-12-10 09:00:00,773998,134,W,HV,112,62.0,112,62.0,,,,,,,,,,,34.145076,-118.215608,FM 2 NB TO 134 EB,9.573
2024-12-10 09:00:00,774012,134,W,ML,462,58.6,97,63.5,140,60.3,124,57.2,101,53.3,,,,,34.148107,-118.197509,TOWNSEND,10.643
2024-12-10 09:00:00,774014,134,W,HV,112,62.0,112,62.0,,,,,,,,,,,34.148107,-118.197509,TOWNSEND,10.643
2024-12-10 09:00:00,774032,134,W,ML,112,62.0,23,67.2,34,63.8,30,60.6,25,56.4,,,,,34.141843,-118.182666,COLORADO,11.623
2024-12-10 09:00:00,774034,134,W,HV,112,62.0,112,62.0,,,,,,,,,,,34.141843,-118.182666,COLORADO,11.623
2024-12-10 09:00:00,774053,134,W,ML,112,62.0,23,67.2,34,63.8,30,60.6,25,56.4,,,,,34.15084,-118.234258,FM 2 SB TO 134,8.403
2024-12-10 09:00:00,774055,134,W,HV,112,62.0,112,62.0,,,,,,,,,,,34.15084,-118.234258,FM 2 SB TO 134,8.403
2024-12-10 09:05:00,716551,134,W,ML,501,38.1,139,42.1,135,39.3,117,35.1,110,34.9,,,,,34.154235,-118.274159,SAN FERNANDO,5.983
2024-12-10 09:05:00,716554,134,W,ML,507,43.7,82,62.2,150,50.5,144,39.4,131,29.2,,,,,34.156198,-118.265345,PACIFIC,6.503
2024-12-10 09:05:00,717099,134,W,ML,532,34.3,137,40.4,128,37.9,121,34.2,146,25.6,,,,,34.156447,-118.245195,GLENDALE 1,7.673
2024-12-10 09:05:00,717582,134,W,ML,473,28.9,157,38.0,84,16.7,123,30.4,109,23.5,,,,,34.156458,-118.262159,CENTRAL,6.693
2024-12-10 09:05:00,717590,134,W,ML,113,62.2,24,67.4,34,64.0,30,60.8,25,56.6,,,,,34.148123,-118.229499,HARVEY,8.743
2024-12-10 09:05:00,717597,134,W,ML,113,62.2,24,67.4,34,64.0,30,60.8,25,56.6,,,,,34.142674,-118.184801,FIGUEROA,11.473
2024-12-10 09:05:00,717599,134,W,ML,460,58.7,96,63.6,140,60.4,123,57.3,101,53.4,,,,,34.142896,-118.172193,SAN RAFAEL,12.253
2024-12-10 09:05:00,717603,134,W,ML,112,62.9,25,66.8,27,64.6,24,62.9,22,60.4,14,56.3,,,34.146519,-118.162409,ORANGE GROVE,12.763
2024-12-10 09:05:00,717604,134,W,HV,113,62.2,113,62.2,,,,,,,,,,,34.146519,-118.162409,ORANGE GROVE,12.763
2024-12-10 09:05:00,761035,134,W,HV,113,62.2,113,62.2,,,,,,,,,,,34.148123,-118.229499,HARVEY,8.743
2024-12-10 09:05:00,761038,134,W,HV,113,62.2,113,62.2,,,,,,,,,,,34.156447,-118.245195,GLENDALE 1,7.673
2024-12-10 09:05:00,761041,134,W,HV,113,62.2,113,62.2,,,,,,,,,,,34.156458,-118.262159,CENTRAL,6.693
2024-12-10 09:05:00,761044,134,W,HV,113,62.2,113,62.2,,,,,,,,,,,34.156198,-118.265345,PACIFIC,6.503
2024-12-10 09:05:00,763610,134,W,HV,113,62.2,113,62.2,,,,,,,,,,,34.142896,-118.172193,SAN RAFAEL,12.253
2024-12-10 09:05:00,763612,134,W,HV,113,62.2,113,62.2,,,,,,,,,,,34.142674,-118.184801,FIGUEROA,11.473
2024-12-10 09:05:00,773975,134,W,ML,113,62.2,24,67.4,34,64.0,30,60.8,25,56.6,,,,,34.14568,-118.221874,OAKVIEW,9.213
2024-12-10 09:05:00,773977,134,W,HV,113,62.2,113,62.2,,,,,,,,,,,34.14568,-118.221874,OAKVIEW,9.213
2024-12-10 09:05:00,773996,134,W,ML,460,59.3,102,63.0,111,61.0,98,59.3,91,57.0,58,53.1,,,34.145076,-118.215608,FM 2 NB TO 134 EB,9.573
2024-12-10 09:05:00,773998,134,W,HV,113,62.2,113,62.2,,,,,,,,,,,34.145076,-118.215608,FM 2 NB TO 134 EB,9.573
2024-12-10 09:05:00,774012,134,W,ML,460,58.7,96,63.6,140,60.4,123,57.3,101,53.4,,,,,34.148107,-118.197509,TOWNSEND,10.643
2024-12-10 09:05:00,774014,134,W,HV,113,62.2,113,62.2,,,,,,,,,,,34.148107,-118.197509,TOWNSEND,10.643
2024-12-10 09:05:00,774032,134,W,ML,113,62.2,24,67.4,34,64.0,30,60.8,25,56.6,,,,,34.141843,-118.182666,COLORADO,11.623
2024-12-10 09:05:00,774034,134,W,HV,113,62.2,113,62.2,,,,,,,,,,,34.141843,-118.182666,COLORADO,11.623
2024-12-10 09:05:00,774053,134,W,ML,113,62.2,24,67.4,34,64.0,30,60.8,25,56.6,,,,,34.15084,-118.234258,FM 2 SB TO 134,8.403
2024-12-10 09:05:00,774055,134,W,HV,113,62.2,113,62.2,,,,,,,,,,,34.15084,-118.234258,FM 2 SB TO 134,8.403
2024-12-10 09:10:00,716551,134,W,ML,458,40.0,125,44.1,124,41.3,108,37.0,101,36.7,,,,,34.154235,-118.274159,SAN FERNANDO,5.983
2024-12-10 09:10:00,716554,134,W,ML,496,44.9,88,64.1,141,50.0,130,40.3,137,31.7,,,,,34.156198,-118.265345,PACIFIC,6.503
2024-12-10 09:10:00,717099,134,W,ML,499,33.2,128,39.2,120,36.8,114,33.1,137,24.4,,,,,34.156447,-118.245195,GLENDALE 1,7.673
2024-12-10 09:10:00,717582,134,W,ML,457,28.4,143,37.9,87,14.7,125,30.6,102,24.2,,,,,34.156458,-118.262159,CENTRAL,6.693
2024-12-10 09:10:00,717590,134,W,ML,112,62.2,23,67.4,34,64.0,30,60.8,25,56.6,,,,,34.148123,-118.229499,HARVEY,8.743
2024-12-10 09:10:00,717597,134,W,ML,112,62.2,23,67.4,34,64.0,30,60.8,25,56.6,,,,,34.142674,-118.184801,FIGUEROA,11.473
2024-12-10 09:10:00,717599,134,W,ML,462,58.8,97,63.7,140,60.5,124,57.4,101,53.5,,,,,34.142896,-118.172193,SAN RAFAEL,12.253
2024-12-10 09:10:00,717603,134,W,ML,112,62.9,25,66.8,27,64.6,24,62.9,22,60.4,14,56.3,,,34.146519,-118.162409,ORANGE GROVE,12.763
2024-12-10 09:10:00,717604,134,W,HV,112,62.2,112,62.2,,,,,,,,,,,34.146519,-118.162409,ORANGE GROVE,12.763
2024-12-10 09:10:00,761035,134,W,HV,112,62.2,112,62.2,,,,,,,,,,,34.148123,-118.229499,HARVEY,8.743
2024-12-10 09:10:00,761038,134,W,HV,112,62.2,112,62.2,,,,,,,,,,,34.156447,-118.245195,GLENDALE 1,7.673
2024-12-10 09:10:00,761041,134,W,HV,112,62.2,112,62.2,,,,,,,,,,,34.156458,-118.262159,CENTRAL,6.693
2024-12-10 09:10:00,761044,134,W,HV,112,62.2,112,62.2,,,,,,,,,,,34.156198,-118.265345,PACIFIC,6.503
2024-12-10 09:10:00,763610,134,W,HV,112,62.2,112,62.2,,,,,,,,,,,34.142896,-118.172193,SAN RAFAEL,12.253
2024-12-10 09:10:00,763612,134,W,HV,112,62.2,112,62.2,,,,,,,,,,,34.142674,-118.184801,FIGUEROA,11.473
2024-12-10 09:10:00,773975,134,W,ML,112,62.2,23,67.4,34,64.0,30,60.8,25,56.6,,,,,34.14568,-118.221874,OAKVIEW,9.213
2024-12-10 09:10:00,773977,134,W,HV,112,62.2,112,62.2,,,,,,,,,,,34.14568,-118.221874,OAKVIEW,9.213
2024-12-10 09:10:00,773996,134,W,ML,461,59.4,102,63.1,111,61.1,98,59.4,91,57.1,59,53.2,,,34.145076,-118.215608,FM 2 NB TO 134 EB,9.573
2024-12-10 09:10:00,773998,134,W,HV,112,62.2,112,62.2,,,,,,,,,,,34.145076,-118.215608,FM 2 NB TO 134 EB,9.573
2024-12-10 09:10:00,774012,134,W,ML,462,58.8,97,63.7,140,60.5,124,57.4,101,53.5,,,,,34.148107,-118.197509,TOWNSEND,10.643
2024-12-10 09:10:00,774014,134,W,HV,112,62.2,112,62.2,,,,,,,,,,,34.148107,-118.197509,TOWNSEND,10.643
2024-12-10 09:10:00,774032,134,W,ML,112,62.2,23,67.4,34,64.0,30,60.8,25,56.6,,,,,34.141843,-118.182666,COLORADO,11.623
2024-12-10 09:10:00,774034,134,W,HV,112,62.2,112,62.2,,,,,,,,,,,34.141843,-118.182666,COLORADO,11.623
2024-12-10 09:10:00,774053,134,W,ML,112,62.2,23,67.4,34,64.0,30,60.8,25,56.6,,,,,34.15084,-118.234258,FM 2 SB TO 134,8.403
2024-12-10 09:10:00,774055,134,W,HV,112,62.2,112,62.2,,,,,,,,,,,34.15084,-118.234258,FM 2 SB TO 134,8.403
2024-12-10 09:15:00,716551,134,W,ML,462,38.0,126,42.0,125,39.2,109,34.9,102,34.8,,,,,34.154235,-118.274159,SAN FERNANDO,5.983
2024-12-10 09:15:00,716554,134,W,ML,510,44.7,106,63.5,153,49.4,131,38.1,120,29.1,,,,,34.156198,-118.265345,PACIFIC,6.503
2024-12-10 09:15:00,717099,134,W,ML,560,31.7,145,37.7,134,35.3,127,31.7,154,22.8,,,,,34.156447,-118.245195,GLENDALE 1,7.673
2024-12-10 09:15:00,717582,134,W,ML,455,28.6,141,39.5,75,12.1,124,31.5,115,22.9,,,,,34.156458,-118.262159,CENTRAL,6.693
2024-12-10 09:15:00,717590,134,W,ML,112,62.3,23,67.5,34,64.1,30,60.9,25,56.7,,,,,34.148123,-118.229499,HARVEY,8.743
2024-12-10 09:15:00,717597,134,W,ML,112,62.3,23,67.5,34,64.1,30,60.9,25,56.7,,,,,34.142674,-118.184801,FIGUEROA,11.473
2024-12-10 09:15:00,717599,134,W,ML,468,59.0,98,64.0,142,60.7,125,57.6,103,53.7,,,,,34.142896,-118.172193,SAN RAFAEL,12.253
2024-12-10 09:15:00,717603,134,W,ML,112,63.0,25,66.9,27,64.7,24,63.0,22,60.5,14,56.4,,,34.146519,-118.162409,ORANGE GROVE,12.763
2024-12-10 09:15:00,717604,134,W,HV,112,62.3,112,62.3,,,,,,,,,,,34.146519,-118.162409,ORANGE GROVE,12.763
2024-12-10 09:15:00,761035,134,W,HV,112,62.3,112,62.3,,,,,,,,,,,34.148123,-118.229499,HARVEY,8.743
2024-12-10 09:15:00,761038,134,W,HV,112,62.3,112,62.3,,,,,,,,,,,34.156447,-118.245195,GLENDALE 1,7.673
2024-12-10 09:15:00,761041,134,W,HV,112,62.3,112,62.3,,,,,,,,,,,34.156458,-118.262159,CENTRAL,6.693
2024-12-10 09:15:00,761044,134,W,HV,112,62.3,112,62.3,,,,,,,,,,,34.156198,-118.265345,PACIFIC,6.503
2024-12-10 09:15:00,763610,134,W,HV,112,62.3,112,62.3,,,,,,,,,,,34.142896,-118.172193,SAN RAFAEL,12.253
2024-12-10 09:15:00,763612,134,W,HV,112,62.3,112,62.3,,,,,,,,,,,34.142674,-118.184801,FIGUEROA,11.473
2024-12-10 09:15:00,773975,134,W,ML,112,62.3,23,67.5,34,64.1,30,60.9,25,56.7,,,,,34.14568,-118.221874,OAKVIEW,9.213
2024-12-10 09:15:00,773977,134,W,HV,112,62.3,112,62.3,,,,,,,,,,,34.14568,-118.221874,OAKVIEW,9.213
2024-12-10 09:15:00,773996,134,W,ML,466,59.6,103,63.4,113,61.3,99,59.6,92,57.3,59,53.4,,,34.145076,-118.215608,FM 2 NB TO 134 EB,9.573
2024-12-10 09:15:00,773998,134,W,HV,112,62.3,112,62.3,,,,,,,,,,,34.145076,-118.215608,FM 2 NB TO 134 EB,9.573
2024-12-10 09:15:00,774012,134,W,ML,468,59.0,98,64.0,142,60.7,125,57.6,103,53.7,,,,,34.148107,-118.197509,TOWNSEND,10.643
2024-12-10 09:15:00,774014,134,W,HV,112,62.3,112,62.3,,,,,,,,,,,34.148107,-118.197509,TOWNSEND,10.643
2024-12-10 09:15:00,774032,134,W,ML,112,62.3,23,67.5,34,64.1,30,60.9,25,56.7,,,,,34.141843,-118.182666,COLORADO,11.623
2024-12-10 09:15:00,774034,134,W,HV,112,62.3,112,62.3,,,,,,,,,,,34.141843,-118.182666,COLORADO,11.623
2024-12-10 09:15:00,774053,134,W,ML,112,62.3,23,67.5,34,64.1,30,60.9,25,56.7,,,,,34.15084,-118.234258,FM 2 SB TO 134,8.403
2024-12-10 09:15:00,774055,134,W,HV,112,62.3,112,62.3,,,,,,,,,,,34.15084,-118.234258,FM 2 SB TO 134,8.403
2024-12-10 09:20:00,716551,134,W,ML,465,36.7,129,40.6,126,37.9,108,33.5,102,33.6,,,,,34.154235,-118.274159,SAN FERNANDO,5.983
2024-12-10 09:20:00,716554,134,W,ML,490,40.5,98,60.4,140,40.6,128,38.0,124,27.4,,,,,34.156198,-118.265345,PACIFIC,6.503
2024-12-10 09:20:00,717099,134,W,ML,538,31.3,139,37.3,129,35.0,122,31.3,148,22.4,,,,,34.156447,-118.245195,GLENDALE 1,7.673
2024-12-10 09:20:00,717582,134,W,ML,466,28.3,146,40.2,81,11.5,129,32.0,110,20.7,,,,,34.156458,-118.262159,CENTRAL,6.693
2024-12-10 09:20:00,717590,134,W,ML,112,62.3,23,67.5,34,64.1,30,60.9,25,56.7,,,,,34.148123,-118.229499,HARVEY,8.743
2024-12-10 09:20:00,717597,134,W,ML,112,62.3,23,67.5,34,64.1,30,60.9,25,56.7,,,,,34.142674,-118.184801,FIGUEROA,11.473
2024-12-10 09:20:00,717599,134,W,ML,470,59.0,98,64.0,143,60.7,126,57.6,103,53.7,,,,,34.142896,-118.172193,SAN RAFAEL,12.253
2024-12-10 09:20:00,717603,134,W,ML,112,63.0,25,66.9,27,64.7,24,63.0,22,60.5,14,56.4,,,34.146519,-118.162409,ORANGE GROVE,12.763
2024-12-10 09:20:00,717604,134,W,HV,112,62.3,112,62.3,,,,,,,,,,,34.146519,-118.162409,ORANGE GROVE,12.763
2024-12-10 09:20:00,761035,134,W,HV,112,62.3,112,62.3,,,,,,,,,,,34.148123,-118.229499,HARVEY,8.743
2024-12-10 09:20:00,761038,134,W,HV,112,62.3,112,62.3,,,,,,,,,,,34.156447,-118.245195,GLENDALE 1,7.673
2024-12-10 09:20:00,761041,134,W,HV,112,62.3,112,62.3,,,,,,,,,,,34.156458,-118.262159,CENTRAL,6.693
2024-12-10 09:20:00,761044,134,W,HV,112,62.3,112,62.3,,,,,,,,,,,34.156198,-118.265345,PACIFIC,6.503
2024-12-10 09:20:00,763610,134,W,HV,112,62.3,112,62.3,,,,,,,,,,,34.142896,-118.172193,SAN RAFAEL,12.253
2024-12-10 09:20:00,763612,134,W,HV,112,62.3,112,62.3,,,,,,,,,,,34.142674,-118.184801,FIGUEROA,11.473
2024-12-10 09:20:00,773975,134,W,ML,112,62.3,23,67.5,34,64.1,30,60.9,25,56.7,,,,,34.14568,-118.221874,OAKVIEW,9.213
2024-12-10 09:20:00,773977,134,W,HV,112,62.3,112,62.3,,,,,,,,,,,34.14568,-118.221874,OAKVIEW,9.213
2024-12-10 09:20:00,773996,134,W,ML,470,59.6,104,63.4,113,61.3,100,59.6,93,57.3,60,53.4,,,34.145076,-118.215608,FM 2 NB TO 134 EB,9.573
2024-12-10 09:20:00,773998,134,W,HV,112,62.3,112,62.3,,,,,,,,,,,34.145076,-118.215608,FM 2 NB TO 134 EB,9.573
2024-12-10 09:20:00,774012,134,W,ML,470,59.0,98,64.0,143,60.7,126,57.6,103,53.7,,,,,34.148107,-118.197509,TOWNSEND,10.643
2024-12-10 09:20:00,774014,134,W,HV,112,62.3,112,62.3,,,,,,,,,,,34.148107,-118.197509,TOWNSEND,10.643
2024-12-10 09:20:00,774032,134,W,ML,112,62.3,23,67.5,34,64.1,30,60.9,25,56.7,,,,,34.141843,-118.182666,COLORADO,11.623
2024-12-10 09:20:00,774034,134,W,HV,112,62.3,112,62.3,,,,,,,,,,,34.141843,-118.182666,COLORADO,11.623
2024-12-10 09:20:00,774053,134,W,ML,112,62.3,23,67.5,34,64.1,30,60.9,25,56.7,,,,,34.15084,-118.234258,FM 2 SB TO 134,8.403
2024-12-10 09:20:00,774055,134,W,HV,112,62.3,112,62.3,,,,,,,,,,,34.15084,-118.234258,FM 2 SB TO 134,8.403
2024-12-10 09:25:00,716551,134,W,ML,410,34.2,112,37.4,111,35.4,97,31.4,90,31.7,,,,,34.154235,-118.274159,SAN FERNANDO,5.983
2024-12-10 09:25:00,716554,134,W,ML,455,35.1,88,59.4,116,30.4,126,32.5,125,24.8,,,,,34.156198,-118.265345,PACIFIC,6.503
2024-12-10 09:25:00,717099,134,W,ML,484,30.5,124,36.5,116,34.2,110,30.6,134,21.5,,,,,34.156447,-118.245195,GLENDALE 1,7.673
2024-12-10 09:25:00,717582,134,W,ML,410,23.3,123,31.1,73,10.1,115,28.4,99,17.4,,,,,34.156458,-118.262159,CENTRAL,6.693
2024-12-10 09:25:00,717590,134,W,ML,112,62.3,23,67.5,34,64.1,30,60.9,25,56.7,,,,,34.148123,-118.229499,HARVEY,8.743
2024-12-10 09:25:00,717597,134,W,ML,112,62.3,23,67.5,34,64.1,30,60.9,25,56.7,,,,,34.142674,-118.184801,FIGUEROA,11.473
2024-12-10 09:25:00,717599,134,W,ML,469,58.8,98,63.7,142,60.5,126,57.4,103,53.5,,,,,34.142896,-118.172193,SAN RAFAEL,12.253
2024-12-10 09:25:00,717603,134,W,ML,112,63.0,25,66.9,27,64.7,24,63.0,22,60.5,14,56.4,,,34.146519,-118.162409,ORANGE GROVE,12.763
2024-12-10 09:25:00,717604,134,W,HV,112,62.3,112,62.3,,,,,,,,,,,34.146519,-118.162409,ORANGE GROVE,12.763
2024-12-10 09:25:00,761035,134,W,HV,112,62.3,112,62.3,,,,,,,,,,,34.148123,-118.229499,HARVEY,8.743
2024-12-10 09:25:00,761038,134,W,HV,112,62.3,112,62.3,,,,,,,,,,,34.156447,-118.245195,GLENDALE 1,7.673
2024-12-10 09:25:00,761041,134,W,HV,112,62.3,112,62.3,,,,,,,,,,,34.156458,-118.262159,CENTRAL,6.693
2024-12-10 09:25:00,761044,134,W,HV,112,62.3,112,62.3,,,,,,,,,,,34.156198,-118.265345,PACIFIC,6.503
2024-12-10 09:25:00,763610,134,W,HV,112,62.3,112,62.3,,,,,,,,,,,34.142896,-118.172193,SAN RAFAEL,12.253
2024-12-10 09:25:00,763612,134,W,HV,112,62.3,112,62.3,,,,,,,,,,,34.142674,-118.184801,FIGUEROA,11.473
2024-12-10 09:25:00,773975,134,W,ML,112,62.3,23,67.5,34,64.1,30,60.9,25,56.7,,,,,34.14568,-118.221874,OAKVIEW,9.213
2024-12-10 09:25:00,773977,134,W,HV,112,62.3,112,62.3,,,,,,,,,,,34.14568,-118.221874,OAKVIEW,9.213
2024-12-10 09:25:00,773996,134,W,ML,470,59.4,104,63.1,113,61.1,100,59.4,93,57.1,60,53.2,,,34.145076,-118.215608,FM 2 NB TO 134 EB,9.573
2024-12-10 09:25:00,773998,134,W,HV,112,62.3,112,62.3,,,,,,,,,,,34.145076,-118.215608,FM 2 NB TO 134 EB,9.573
2024-12-10 09:25:00,774012,134,W,ML,469,58.8,98,63.7,142,60.5,126,57.4,103,53.5,,,,,34.148107,-118.197509,TOWNSEND,10.643
2024-12-10 09:25:00,774014,134,W,HV,112,62.3,112,62.3,,,,,,,,,,,34.148107,-118.197509,TOWNSEND,10.643
2024-12-10 09:25:00,774032,134,W,ML,112,62.3,23,67.5,34,64.1,30,60.9,25,56.7,,,,,34.141843,-118.182666,COLORADO,11.623
2024-12-10 09:25:00,774034,134,W,HV,112,62.3,112,62.3,,,,,,,,,,,34.141843,-118.182666,COLORADO,11.623
2024-12-10 09:25:00,774053,134,W,ML,112,62.3,23,67.5,34,64.1,30,60.9,25,56.7,,,,,34.15084,-118.234258,FM 2 SB TO 134,8.403
2024-12-10 09:25:00,774055,134,W,HV,112,62.3,112,62.3,,,,,,,,,,,34.15084,-118.234258,FM 2 SB TO 134,8.403
2024-12-10 09:30:00,716551,134,W,ML,336,27.3,90,28.7,92,27.0,80,26.3,74,26.8,,,,,34.154235,-118.274159,SAN FERNANDO,5.983
2024-12-10 09:30:00,716554,134,W,ML,339,24.3,73,35.3,66,18.5,92,24.0,108,20.7,,,,,34.156198,-118.265345,PACIFIC,6.503
2024-12-10 09:30:00,717099,134,W,ML,361,30.4,91,36.0,87,33.7,83,30.1,100,22.9,,,,,34.156447,-118.245195,GLENDALE 1,7.673
2024-12-10 09:30:00,717582,134,W,ML,364,18.6,110,24.8,70,9.2,111,22.4,73,12.5,,,,,34.156458,-118.262159,CENTRAL,6.693
2024-12-10 09:30:00,717590,134,W,ML,112,62.3,23,67.5,34,64.1,30,60.9,25,56.7,,,,,34.148123,-118.229499,HARVEY,8.743
2024-12-10 09:30:00,717597,134,W,ML,112,62.3,23,67.5,34,64.1,30,60.9,25,56.7,,,,,34.142674,-118.184801,FIGUEROA,11.473
2024-12-10 09:30:00,717599,134,W,ML,468,58.8,98,63.7,142,60.5,125,57.4,103,53.5,,,,,34.142896,-118.172193,SAN RAFAEL,12.253
2024-12-10 09:30:00,717603,134,W,ML,112,63.0,25,66.9,27,64.7,24,63.0,22,60.5,14,56.4,,,34.146519,-118.162409,ORANGE GROVE,12.763
2024-12-10 09:30:00,717604,134,W,HV,112,62.3,112,62.3,,,,,,,,,,,34.146519,-118.162409,ORANGE GROVE,12.763
2024-12-10 09:30:00,761035,134,W,HV,112,62.3,112,62.3,,,,,,,,,,,34.148123,-118.229499,HARVEY,8.743
2024-12-10 09:30:00,761038,134,W,HV,112,62.3,112,62.3,,,,,,,,,,,34.156447,-118.245195,GLENDALE 1,7.673
2024-12-10 09:30:00,761041,134,W,HV,112,62.3,112,62.3,,,,,,,,,,,34.156458,-118.262159,CENTRAL,6.693
2024-12-10 09:30:00,761044,134,W,HV,112,62.3,112,62.3,,,,,,,,,,,34.156198,-118.265345,PACIFIC,6.503
2024-12-10 09:30:00,763610,134,W,HV,112,62.3,112,62.3,,,,,,,,,,,34.142896,-118.172193,SAN RAFAEL,12.253
2024-12-10 09:30:00,763612,134,W,HV,112,62.3,112,62.3,,,,,,,,,,,34.142674,-118.184801,FIGUEROA,11.473
2024-12-10 09:30:00,773975,134,W,ML,112,62.3,23,67.5,34,64.1,30,60.9,25,56.7,,,,,34.14568,-118.221874,OAKVIEW,9.213
2024-12-10 09:30:00,773977,134,W,HV,112,62.3,112,62.3,,,,,,,,,,,34.14568,-118.221874,OAKVIEW,9.213
2024-12-10 09:30:00,773996,134,W,ML,466,59.4,103,63.1,113,61.1,99,59.4,92,57.1,59,53.2,,,34.145076,-118.215608,FM 2 NB TO 134 EB,9.573
2024-12-10 09:30:00,773998,134,W,HV,112,62.3,112,62.3,,,,,,,,,,,34.145076,-118.215608,FM 2 NB TO 134 EB,9.573
2024-12-10 09:30:00,774012,134,W,ML,468,58.8,98,63.7,142,60.5,125,57.4,103,53.5,,,,,34.148107,-118.197509,TOWNSEND,10.643
2024-12-10 09:30:00,774014,134,W,HV,112,62.3,112,62.3,,,,,,,,,,,34.148107,-118.197509,TOWNSEND,10.643
2024-12-10 09:30:00,774032,134,W,ML,112,62.3,23,67.5,34,64.1,30,60.9,25,56.7,,,,,34.141843,-118.182666,COLORADO,11.623
2024-12-10 09:30:00,774034,134,W,HV,112,62.3,112,62.3,,,,,,,,,,,34.141843,-118.182666,COLORADO,11.623
2024-12-10 09:30:00,774053,134,W,ML,112,62.3,23,67.5,34,64.1,30,60.9,25,56.7,,,,,34.15084,-118.234258,FM 2 SB TO 134,8.403
2024-12-10 09:30:00,774055,134,W,HV,112,62.3,112,62.3,,,,,,,,,,,34.15084,-118.234258,FM 2 SB TO 134,8.403
2024-12-10 09:35:00,716551,134,W,ML,349,26.8,94,28.3,95,27.2,83,25.4,77,26.1,,,,,34.154235,-118.274159,SAN FERNANDO,5.983
2024-12-10 09:35:00,716554,134,W,ML,314,17.8,62,21.5,65,12.7,94,19.9,93,16.7,,,,,34.156198,-118.265345,PACIFIC,6.503
2024-12-10 09:35:00,717099,134,W,ML,337,28.6,84,34.6,81,32.4,78,28.9,94,19.6,,,,,34.156447,-118.245195,GLENDALE 1,7.673
2024-12-10 09:35:00,717582,134,W,ML,260,12.5,65,15.9,50,6.9,77,15.6,68,9.9,,,,,34.156458,-118.262159,CENTRAL,6.693
2024-12-10 09:35:00,717590,134,W,ML,111,62.3,23,67.5,34,64.1,30,60.9,24,56.7,,,,,34.148123,-118.229499,HARVEY,8.743
2024-12-10 09:35:00,717597,134,W,ML,111,62.3,23,67.5,34,64.1,30,60.9,24,56.7,,,,,34.142674,-118.184801,FIGUEROA,11.473
2024-12-10 09:35:00,717599,134,W,ML,468,58.7,98,63.6,142,60.4,125,57.3,103,53.4,,,,,34.142896,-118.172193,SAN RAFAEL,12.253
2024-12-10 09:35:00,717603,134,W,ML,112,63.0,25,66.9,27,64.7,24,63.0,22,60.5,14,56.4,,,34.146519,-118.162409,ORANGE GROVE,12.763
2024-12-10 09:35:00,717604,134,W,HV,111,62.3,111,62.3,,,,,,,,,,,34.146519,-118.162409,ORANGE GROVE,12.763
2024-12-10 09:35:00,761035,134,W,HV,111,62.3,111,62.3,,,,,,,,,,,34.148123,-118.229499,HARVEY,8.743
2024-12-10 09:35:00,761038,134,W,HV,111,62.3,111,62.3,,,,,,,,,,,34.156447,-118.245195,GLENDALE 1,7.673
2024-12-10 09:35:00,761041,134,W,HV,111,62.3,111,62.3,,,,,,,,,,,34.156458,-118.262159,CENTRAL,6.693
2024-12-10 09:35:00,761044,134,W,HV,111,62.3,111,62.3,,,,,,,,,,,34.156198,-118.265345,PACIFIC,6.503
2024-12-10 09:35:00,763610,134,W,HV,111,62.3,111,62.3,,,,,,,,,,,34.142896,-118.172193,SAN RAFAEL,12.253
2024-12-10 09:35:00,763612,134,W,HV,111,62.3,111,62.3,,,,,,,,,,,34.142674,-118.184801,FIGUEROA,11.473
2024-12-10 09:35:00,773975,134,W,ML,111,62.3,23,67.5,34,64.1,30,60.9,24,56.7,,,,,34.14568,-118.221874,OAKVIEW,9.213
2024-12-10 09:35:00,773977,134,W,HV,111,62.3,111,62.3,,,,,,,,,,,34.14568,-118.221874,OAKVIEW,9.213
2024-12-10 09:35:00,773996,134,W,ML,468,59.3,104,63.0,113,61.0,100,59.3,92,57.0,59,53.1,,,34.145076,-118.215608,FM 2 NB TO 134 EB,9.573
2024-12-10 09:35:00,773998,134,W,HV,111,62.3,111,62.3,,,,,,,,,,,34.145076,-118.215608,FM 2 NB TO 134 EB,9.573
2024-12-10 09:35:00,774012,134,W,ML,468,58.7,98,63.6,142,60.4,125,57.3,103,53.4,,,,,34.148107,-118.197509,TOWNSEND,10.643
2024-12-10 09:35:00,774014,134,W,HV,111,62.3,111,62.3,,,,,,,,,,,34.148107,-118.197509,TOWNSEND,10.643
2024-12-10 09:35:00,774032,134,W,ML,111,62.3,23,67.5,34,64.1,30,60.9,24,56.7,,,,,34.141843,-118.182666,COLORADO,11.623
2024-12-10 09:35:00,774034,134,W,HV,111,62.3,111,62.3,,,,,,,,,,,34.141843,-118.182666,COLORADO,11.623
2024-12-10 09:35:00,774053,134,W,ML,111,62.3,23,67.5,34,64.1,30,60.9,24,56.7,,,,,34.15084,-118.234258,FM 2 SB TO 134,8.403
2024-12-10 09:35:00,774055,134,W,HV,111,62.3,111,62.3,,,,,,,,,,,34.15084,-118.234258,FM 2 SB TO 134,8.403
2024-12-10 09:40:00,716551,134,W,ML,409,27.2,111,28.7,111,27.1,97,26.2,90,26.5,,,,,34.154235,-118.274159,SAN FERNANDO,5.983
2024-12-10 09:40:00,716554,134,W,ML,470,22.9,104,24.8,128,19.6,115,25.9,123,22.0,,,,,34.156198,-118.265345,PACIFIC,6.503
2024-12-10 09:40:00,717099,134,W,ML,409,28.8,104,34.7,98,32.4,94,28.9,113,20.1,,,,,34.156447,-118.245195,GLENDALE 1,7.673
2024-12-10 09:40:00,717582,134,W,ML,368,14.3,116,18.7,63,7.0,106,16.7,83,10.8,,,,,34.156458,-118.262159,CENTRAL,6.693
2024-12-10 09:40:00,717590,134,W,ML,112,62.2,23,67.4,34,64.0,30,60.8,25,56.6,,,,,34.148123,-118.229499,HARVEY,8.743
2024-12-10 09:40:00,717597,134,W,ML,112,62.2,23,67.4,34,64.0,30,60.8,25,56.6,,,,,34.142674,-118.184801,FIGUEROA,11.473
2024-12-10 09:40:00,717599,134,W,ML,468,58.8,98,63.7,142,60.5,125,57.4,103,53.5,,,,,34.142896,-118.172193,SAN RAFAEL,12.253
2024-12-10 09:40:00,717603,134,W,ML,112,62.9,25,66.8,27,64.6,24,62.9,22,60.4,14,56.3,,,34.146519,-118.162409,ORANGE GROVE,12.763
2024-12-10 09:40:00,717604,134,W,HV,112,62.2,112,62.2,,,,,,,,,,,34.146519,-118.162409,ORANGE GROVE,12.763
2024-12-10 09:40:00,761035,134,W,HV,112,62.2,112,62.2,,,,,,,,,,,34.148123,-118.229499,HARVEY,8.743
2024-12-10 09:40:00,761038,134,W,HV,112,62.2,112,62.2,,,,,,,,,,,34.156447,-118.245195,GLENDALE 1,7.673
2024-12-10 09:40:00,761041,134,W,HV,112,62.2,112,62.2,,,,,,,,,,,34.156458,-118.262159,CENTRAL,6.693
2024-12-10 09:40:00,761044,134,W,HV,112,62.2,112,62.2,,,,,,,,,,,34.156198,-118.265345,PACIFIC,6.503
2024-12-10 09:40:00,763610,134,W,HV,112,62.2,112,62.2,,,,,,,,,,,34.142896,-118.172193,SAN RAFAEL,12.253
2024-12-10 09:40:00,763612,134,W,HV,112,62.2,112,62.2,,,,,,,,,,,34.142674,-118.184801,FIGUEROA,11.473
2024-12-10 09:40:00,773975,134,W,ML,112,62.2,23,67.4,34,64.0,30,60.8,25,56.6,,,,,34.14568,-118.221874,OAKVIEW,9.213
2024-12-10 09:40:00,773977,134,W,HV,112,62.2,112,62.2,,,,,,,,,,,34.14568,-118.221874,OAKVIEW,9.213
2024-12-10 09:40:00,773996,134,W,ML,466,59.4,103,63.1,113,61.1,99,59.4,92,57.1,59,53.2,,,34.145076,-118.215608,FM 2 NB TO 134 EB,9.573
2024-12-10 09:40:00,773998,134,W,HV,112,62.2,112,62.2,,,,,,,,,,,34.145076,-118.215608,FM 2 NB TO 134 EB,9.573
2024-12-10 09:40:00,774012,134,W,ML,468,58.8,98,63.7,142,60.5,125,57.4,103,53.5,,,,,34.148107,-118.197509,TOWNSEND,10.643
2024-12-10 09:40:00,774014,134,W,HV,112,62.2,112,62.2,,,,,,,,,,,34.148107,-118.197509,TOWNSEND,10.643
2024-12-10 09:40:00,774032,134,W,ML,112,62.2,23,67.4,34,64.0,30,60.8,25,56.6,,,,,34.141843,-118.182666,COLORADO,11.623
2024-12-10 09:40:00,774034,134,W,HV,112,62.2,112,62.2,,,,,,,,,,,34.141843,-118.182666,COLORADO,11.623
2024-12-10 09:40:00,774053,134,W,ML,112,62.2,23,67.4,34,64.0,30,60.8,25,56.6,,,,,34.15084,-118.234258,FM 2 SB TO 134,8.403
2024-12-10 09:40:00,774055,134,W,HV,112,62.2,112,62.2,,,,,,,,,,,34.15084,-118.234258,FM 2 SB TO 134,8.403
2024-12-10 09:45:00,716551,134,W,ML,420,28.9,114,30.6,114,28.9,99,27.9,93,28.0,,,,,34.154235,-118.274159,SAN FERNANDO,5.983
2024-12-10 09:45:00,716554,134,W,ML,467,23.5,103,22.2,126,22.0,118,26.8,120,22.9,,,,,34.156198,-118.265345,PACIFIC,6.503
2024-12-10 09:45:00,717099,134,W,ML,461,29.0,118,34.6,111,32.4,105,28.9,127,21.0,,,,,34.156447,-118.245195,GLENDALE 1,7.673
2024-12-10 09:45:00,717582,134,W,ML,401,16.7,131,22.0,66,6.9,110,19.3,94,13.3,,,,,34.156458,-118.262159,CENTRAL,6.693
2024-12-10 09:45:00,717590,134,W,ML,111,62.3,23,67.5,34,64.1,30,60.9,24,56.7,,,,,34.148123,-118.229499,HARVEY,8.743
2024-12-10 09:45:00,717597,134,W,ML,111,62.3,23,67.5,34,64.1,30,60.9,24,56.7,,,,,34.142674,-118.184801,FIGUEROA,11.473
2024-12-10 09:45:00,717599,134,W,ML,469,58.8,98,63.7,142,60.5,126,57.4,103,53.5,,,,,34.142896,-118.172193,SAN RAFAEL,12.253
2024-12-10 09:45:00,717603,134,W,ML,112,63.0,25,66.9,27,64.7,24,63.0,22,60.5,14,56.4,,,34.146519,-118.162409,ORANGE GROVE,12.763
2024-12-10 09:45:00,717604,134,W,HV,111,62.3,111,62.3,,,,,,,,,,,34.146519,-118.162409,ORANGE GROVE,12.763
2024-12-10 09:45:00,761035,134,W,HV,111,62.3,111,62.3,,,,,,,,,,,34.148123,-118.229499,HARVEY,8.743
2024-12-10 09:45:00,761038,134,W,HV,111,62.3,111,62.3,,,,,,,,,,,34.156447,-118.245195,GLENDALE 1,7.673
2024-12-10 09:45:00,761041,134,W,HV,111,62.3,111,62.3,,,,,,,,,,,34.156458,-118.262159,CENTRAL,6.693
2024-12-10 09:45:00,761044,134,W,HV,111,62.3,111,62.3,,,,,,,,,,,34.156198,-118.265345,PACIFIC,6.503
2024-12-10 09:45:00,763610,134,W,HV,111,62.3,111,62.3,,,,,,,,,,,34.142896,-118.172193,SAN RAFAEL,12.253
2024-12-10 09:45:00,763612,134,W,HV,111,62.3,111,62.3,,,,,,,,,,,34.142674,-118.184801,FIGUEROA,11.473
2024-12-10 09:45:00,773975,134,W,ML,111,62.3,23,67.5,34,64.1,30,60.9,24,56.7,,,,,34.14568,-118.221874,OAKVIEW,9.213
2024-12-10 09:45:00,773977,134,W,HV,111,62.3,111,62.3,,,,,,,,,,,34.14568,-118.221874,OAKVIEW,9.213
2024-12-10 09:45:00,773996,134,W,ML,470,59.4,104,63.1,113,61.1,100,59.4,93,57.1,60,53.2,,,34.145076,-118.215608,FM 2 NB TO 134 EB,9.573
2024-12-10 09:45:00,773998,134,W,HV,111,62.3,111,62.3,,,,,,,,,,,34.145076,-118.215608,FM 2 NB TO 134 EB,9.573
2024-12-10 09:45:00,774012,134,W,ML,469,58.8,98,63.7,142,60.5,126,57.4,103,53.5,,,,,34.148107,-118.197509,TOWNSEND,10.643
2024-12-10 09:45:00,774014,134,W,HV,111,62.3,111,62.3,,,,,,,,,,,34.148107,-118.197509,TOWNSEND,10.643
2024-12-10 09:45:00,774032,134,W,ML,111,62.3,23,67.5,34,64.1,30,60.9,24,56.7,,,,,34.141843,-118.182666,COLORADO,11.623
2024-12-10 09:45:00,774034,134,W,HV,111,62.3,111,62.3,,,,,,,,,,,34.141843,-118.182666,COLORADO,11.623
2024-12-10 09:45:00,774053,134,W,ML,111,62.3,23,67.5,34,64.1,30,60.9,24,56.7,,,,,34.15084,-118.234258,FM 2 SB TO 134,8.403
2024-12-10 09:45:00,774055,134,W,HV,111,62.3,111,62.3,,,,,,,,,,,34.15084,-118.234258,FM 2 SB TO 134,8.403
2024-12-10 09:50:00,716551,134,W,ML,427,29.5,118,31.2,115,29.2,100,28.4,94,28.8,,,,,34.154235,-118.274159,SAN FERNANDO,5.983
2024-12-10 09:50:00,716554,134,W,ML,460,23.6,94,22.3,123,21.7,122,27.2,121,23.1,,,,,34.156198,-118.265345,PACIFIC,6.503
2024-12-10 09:50:00,717099,134,W,ML,456,29.3,117,34.6,109,32.3,104,28.8,126,22.3,,,,,34.156447,-118.245195,GLENDALE 1,7.673
2024-12-10 09:50:00,717582,134,W,ML,413,19.5,136,26.0,58,6.8,126,22.8,93,13.4,,,,,34.156458,-118.262159,CENTRAL,6.693
2024-12-10 09:50:00,717590,134,W,ML,111,62.2,23,67.4,34,64.0,30,60.8,24,56.6,,,,,34.148123,-118.229499,HARVEY,8.743
2024-12-10 09:50:00,717597,134,W,ML,111,62.2,23,67.4,34,64.0,30,60.8,24,56.6,,,,,34.142674,-118.184801,FIGUEROA,11.473
2024-12-10 09:50:00,717599,134,W,ML,464,58.6,97,63.5,141,60.3,124,57.2,102,53.3,,,,,34.142896,-118.172193,SAN RAFAEL,12.253
2024-12-10 09:50:00,717603,134,W,ML,112,62.9,25,66.8,27,64.6,24,62.9,22,60.4,14,56.3,,,34.146519,-118.162409,ORANGE GROVE,12.763
2024-12-10 09:50:00,717604,134,W,HV,111,62.2,111,62.2,,,,,,,,,,,34.146519,-118.162409,ORANGE GROVE,12.763
2024-12-10 09:50:00,761035,134,W,HV,111,62.2,111,62.2,,,,,,,,,,,34.148123,-118.229499,HARVEY,8.743
2024-12-10 09:50:00,761038,134,W,HV,111,62.2,111,62.2,,,,,,,,,,,34.156447,-118.245195,GLENDALE 1,7.673
2024-12-10 09:50:00,761041,134,W,HV,111,62.2,111,62.2,,,,,,,,,,,34.156458,-118.262159,CENTRAL,6.693
2024-12-10 09:50:00,761044,134,W,HV,111,62.2,111,62.2,,,,,,,,,,,34.156198,-118.265345,PACIFIC,6.503
2024-12-10 09:50:00,763610,134,W,HV,111,62.2,111,62.2,,,,,,,,,,,34.142896,-118.172193,SAN RAFAEL,12.253
2024-12-10 09:50:00,763612,134,W,HV,111,62.2,111,62.2,,,,,,,,,,,34.142674,-118.184801,FIGUEROA,11.473
2024-12-10 09:50:00,773975,134,W,ML,111,62.2,23,67.4,34,64.0,30,60.8,24,56.6,,,,,34.14568,-118.221874,OAKVIEW,9.213
2024-12-10 09:50:00,773977,134,W,HV,111,62.2,111,62.2,,,,,,,,,,,34.14568,-118.221874,OAKVIEW,9.213
2024-12-10 09:50:00,773996,134,W,ML,465,59.2,103,62.9,112,60.9,99,59.2,92,56.9,59,53.1,,,34.145076,-118.215608,FM 2 NB TO 134 EB,9.573
2024-12-10 09:50:00,773998,134,W,HV,111,62.2,111,62.2,,,,,,,,,,,34.145076,-118.215608,FM 2 NB TO 134 EB,9.573
2024-12-10 09:50:00,774012,134,W,ML,464,58.6,97,63.5,141,60.3,124,57.2,102,53.3,,,,,34.148107,-118.197509,TOWNSEND,10.643
2024-12-10 09:50:00,774014,134,W,HV,111,62.2,111,62.2,,,,,,,,,,,34.148107,-118.197509,TOWNSEND,10.643
2024-12-10 09:50:00,774032,134,W,ML,111,62.2,23,67.4,34,64.0,30,60.8,24,56.6,,,,,34.141843,-118.182666,COLORADO,11.623
2024-12-10 09:50:00,774034,134,W,HV,111,62.2,111,62.2,,,,,,,,,,,34.141843,-118.182666,COLORADO,11.623
2024-12-10 09:50:00,774053,134,W,ML,111,62.2,23,67.4,34,64.0,30,60.8,24,56.6,,,,,34.15084,-118.234258,FM 2 SB TO 134,8.403
2024-12-10 09:50:00,774055,134,W,HV,111,62.2,111,62.2,,,,,,,,,,,34.15084,-118.234258,FM 2 SB TO 134,8.403
2024-12-10 09:55:00,716551,134,W,ML,458,33.2,125,35.4,124,33.5,108,31.5,101,31.8,,,,,34.154235,-118.274159,SAN FERNANDO,5.983
2024-12-10 09:55:00,716554,134,W,ML,472,29.6,83,40.9,143,27.9,130,28.5,116,24.9,,,,,34.156198,-118.265345,PACIFIC,6.503
2024-12-10 09:55:00,717099,134,W,ML,499,29.4,128,34.7,120,32.5,114,29.0,137,22.0,,,,,34.156447,-118.245195,GLENDALE 1,7.673
2024-12-10 09:55:00,717582,134,W,ML,424,20.1,132,29.1,69,7.1,121,21.7,102,15.3,,,,,34.156458,-118.262159,CENTRAL,6.693
2024-12-10 09:55:00,717590,134,W,ML,109,62.3,23,67.5,33,64.1,29,60.9,24,56.7,,,,,34.148123,-118.229499,HARVEY,8.743
2024-12-10 09:55:00,717597,134,W,ML,109,62.3,23,67.5,33,64.1,29,60.9,24,56.7,,,,,34.142674,-118.184801,FIGUEROA,11.473
2024-12-10 09:55:00,717599,134,W,ML,459,58.7,96,63.6,139,60.4,123,57.3,101,53.4,,,,,34.142896,-118.172193,SAN RAFAEL,12.253
2024-12-10 09:55:00,717603,134,W,ML,110,62.9,24,66.9,27,64.7,23,63.0,22,60.5,14,56.4,,,34.146519,-118.162409,ORANGE GROVE,12.763
2024-12-10 09:55:00,717604,134,W,HV,110,62.3,110,62.3,,,,,,,,,,,34.146519,-118.162409,ORANGE GROVE,12.763
2024-12-10 09:55:00,761035,134,W,HV,110,62.3,110,62.3,,,,,,,,,,,34.148123,-118.229499,HARVEY,8.743
2024-12-10 09:55:00,761038,134,W,HV,110,62.3,110,62.3,,,,,,,,,,,34.156447,-118.245195,GLENDALE 1,7.673
2024-12-10 09:55:00,761041,134,W,HV,110,62.3,110,62.3,,,,,,,,,,,34.156458,-118.262159,CENTRAL,6.693
2024-12-10 09:55:00,761044,134,W,HV,110,62.3,110,62.3,,,,,,,,,,,34.156198,-118.265345,PACIFIC,6.503
2024-12-10 09:55:00,763610,134,W,HV,110,62.3,110,62.3,,,,,,,,,,,34.142896,-118.172193,SAN RAFAEL,12.253
2024-12-10 09:55:00,763612,134,W,HV,110,62.3,110,62.3,,,,,,,,,,,34.142674,-118.184801,FIGUEROA,11.473
2024-12-10 09:55:00,773975,134,W,ML,109,62.3,23,67.5,33,64.1,29,60.9,24,56.7,,,,,34.14568,-118.221874,OAKVIEW,9.213
2024-12-10 09:55:00,773977,134,W,HV,110,62.3,110,62.3,,,,,,,,,,,34.14568,-118.221874,OAKVIEW,9.213
2024-12-10 09:55:00,773996,134,W,ML,457,59.3,101,63.0,110,61.0,98,59.3,90,57.0,58,53.1,,,34.145076,-118.215608,FM 2 NB TO 134 EB,9.573
2024-12-10 09:55:00,773998,134,W,HV,110,62.3,110,62.3,,,,,,,,,,,34.145076,-118.215608,FM 2 NB TO 134 EB,9.573
2024-12-10 09:55:00,774012,134,W,ML,459,58.7,96,63.6,139,60.4,123,57.3,101,53.4,,,,,34.148107,-118.197509,TOWNSEND,10.643
2024-12-10 09:55:00,774014,134,W,HV,110,62.3,110,62.3,,,,,,,,,,,34.148107,-118.197509,TOWNSEND,10.643
2024-12-10 09:55:00,774032,134,W,ML,109,62.3,23,67.5,33,64.1,29,60.9,24,56.7,,,,,34.141843,-118.182666,COLORADO,11.623
2024-12-10 09:55:00,774034,134,W,HV,110,62.3,110,62.3,,,,,,,,,,,34.141843,-118.182666,COLORADO,11.623
2024-12-10 09:55:00,774053,134,W,ML,109,62.3,23,67.5,33,64.1,29,60.9,24,56.7,,,,,34.15084,-118.234258,FM 2 SB TO 134,8.403
2024-12-10 09:55:00,774055,134,W,HV,110,62.3,110,62.3,,,,,,,,,,,34.15084,-118.234258,FM 2 SB TO 134,8.403
2024-12-10 10:00:00,716551,134,W,ML,420,34.5,114,38.4,114,35.7,99,31.4,93,31.7,,,,,34.154235,-118.274159,SAN FERNANDO,5.983
2024-12-10 10:00:00,716554,134,W,ML,472,35.4,84,50.0,146,37.6,118,33.5,124,24.7,,,,,34.156198,-118.265345,PACIFIC,6.503
2024-12-10 10:00:00,717099,134,W,ML,470,31.1,120,36.0,113,33.7,107,30.2,130,25.1,,,,,34.156447,-118.245195,GLENDALE 1,7.673
2024-12-10 10:00:00,717582,134,W,ML,442,24.9,142,37.2,81,9.3,123,28.1,96,15.8,,,,,34.156458,-118.262159,CENTRAL,6.693
2024-12-10 10:00:00,717590,134,W,ML,109,62.4,23,67.6,33,64.2,29,61.0,24,56.8,,,,,34.148123,-118.229499,HARVEY,8.743
2024-12-10 10:00:00,717597,134,W,ML,109,62.4,23,67.6,33,64.2,29,61.0,24,56.8,,,,,34.142674,-118.184801,FIGUEROA,11.473
2024-12-10 10:00:00,717599,134,W,ML,451,58.8,94,63.7,137,60.5,121,57.4,99,53.5,,,,,34.142896,-118.172193,SAN RAFAEL,12.253
2024-12-10 10:00:00,717603,134,W,ML,108,63.0,24,67.0,26,64.8,23,63.1,21,60.6,14,56.5,,,34.146519,-118.162409,ORANGE GROVE,12.763
2024-12-10 10:00:00,717604,134,W,HV,108,62.4,108,62.4,,,,,,,,,,,34.146519,-118.162409,ORANGE GROVE,12.763
2024-12-10 10:00:00,761035,134,W,HV,108,62.4,108,62.4,,,,,,,,,,,34.148123,-118.229499,HARVEY,8.743
2024-12-10 10:00:00,761038,134,W,HV,108,62.4,108,62.4,,,,,,,,,,,34.156447,-118.245195,GLENDALE 1,7.673
2024-12-10 10:00:00,761041,134,W,HV,108,62.4,108,62.4,,,,,,,,,,,34.156458,-118.262159,CENTRAL,6.693
2024-12-10 10:00:00,761044,134,W,HV,108,62.4,108,62.4,,,,,,,,,,,34.156198,-118.265345,PACIFIC,6.503
2024-12-10 10:00:00,763610,134,W,HV,108,62.4,108,62.4,,,,,,,,,,,34.142896,-118.172193,SAN RAFAEL,12.253
2024-12-10 10:00:00,763612,134,W,HV,108,62.4,108,62.4,,,,,,,,,,,34.142674,-118.184801,FIGUEROA,11.473
2024-12-10 10:00:00,773975,134,W,ML,109,62.4,23,67.6,33,64.2,29,61.0,24,56.8,,,,,34.14568,-118.221874,OAKVIEW,9.213
2024-12-10 10:00:00,773977,134,W,HV,108,62.4,108,62.4,,,,,,,,,,,34.14568,-118.221874,OAKVIEW,9.213
2024-12-10 10:00:00,773996,134,W,ML,451,59.4,100,63.1,109,61.1,96,59.4,89,57.1,57,53.2,,,34.145076,-118.215608,FM 2 NB TO 134 EB,9.573
2024-12-10 10:00:00,773998,134,W,HV,108,62.4,108,62.4,,,,,,,,,,,34.145076,-118.215608,FM 2 NB TO 134 EB,9.573
2024-12-10 10:00:00,774012,134,W,ML,451,58.8,94,63.7,137,60.5,121,57.4,99,53.5,,,,,34.148107,-118.197509,TOWNSEND,10.643
2024-12-10 10:00:00,774014,134,W,HV,108,62.4,108,62.4,,,,,,,,,,,34.148107,-118.197509,TOWNSEND,10.643
2024-12-10 10:00:00,774032,134,W,ML,109,62.4,23,67.6,33,64.2,29,61.0,24,56.8,,,,,34.141843,-118.182666,COLORADO,11.623
2024-12-10 10:00:00,774034,134,W,HV,108,62.4,108,62.4,,,,,,,,,,,34.141843,-118.182666,COLORADO,11.623
2024-12-10 10:00:00,774053,134,W,ML,109,62.4,23,67.6,33,64.2,29,61.0,24,56.8,,,,,34.15084,-118.234258,FM 2 SB TO 134,8.403
2024-12-10 10:00:00,774055,134,W,HV,108,62.4,108,62.4,,,,,,,,,,,34.15084,-118.234258,FM 2 SB TO 134,8.403
2024-12-10 10:05:00,716551,134,W,ML,431,36.3,119,40.2,116,37.5,101,33.1,95,33.2,,,,,34.154235,-118.274159,SAN FERNANDO,5.983
2024-12-10 10:05:00,716554,134,W,ML,458,40.4,81,58.0,124,46.1,125,37.0,128,26.9,,,,,34.156198,-118.265345,PACIFIC,6.503
2024-12-10 10:05:00,717099,134,W,ML,518,31.1,133,37.1,124,34.7,118,31.1,143,22.2,,,,,34.156447,-118.245195,GLENDALE 1,7.673
2024-12-10 10:05:00,717582,134,W,ML,440,27.5,134,41.8,90,11.1,110,31.4,106,19.5,,,,,34.156458,-118.262159,CENTRAL,6.693
2024-12-10 10:05:00,717590,134,W,ML,109,62.5,23,67.8,33,64.3,29,61.0,24,56.9,,,,,34.148123,-118.229499,HARVEY,8.743
2024-12-10 10:05:00,717597,134,W,ML,109,62.5,23,67.8,33,64.3,29,61.0,24,56.9,,,,,34.142674,-118.184801,FIGUEROA,11.473
2024-12-10 10:05:00,717599,134,W,ML,451,58.8,94,63.7,137,60.5,121,57.4,99,53.5,,,,,34.142896,-118.172193,SAN RAFAEL,12.253
2024-12-10 10:05:00,717603,134,W,ML,108,63.1,24,67.1,26,64.9,23,63.2,21,60.7,14,56.6,,,34.146519,-118.162409,ORANGE GROVE,12.763
2024-12-10 10:05:00,717604,134,W,HV,108,62.5,108,62.5,,,,,,,,,,,34.146519,-118.162409,ORANGE GROVE,12.763
2024-12-10 10:05:00,761035,134,W,HV,108,62.5,108,62.5,,,,,,,,,,,34.148123,-118.229499,HARVEY,8.743
2024-12-10 10:05:00,761038,134,W,HV,108,62.5,108,62.5,,,,,,,,,,,34.156447,-118.245195,GLENDALE 1,7.673
2024-12-10 10:05:00,761041,134,W,HV,108,62.5,108,62.5,,,,,,,,,,,34.156458,-118.262159,CENTRAL,6.693
2024-12-10 10:05:00,761044,134,W,HV,108,62.5,108,62.5,,,,,,,,,,,34.156198,-118.265345,PACIFIC,6.503
2024-12-10 10:05:00,763610,134,W,HV,108,62.5,108,62.5,,,,,,,,,,,34.142896,-118.172193,SAN RAFAEL,12.253
2024-12-10 10:05:00,763612,134,W,HV,108,62.5,108,62.5,,,,,,,,,,,34.142674,-118.184801,FIGUEROA,11.473
2024-12-10 10:05:00,773975,134,W,ML,109,62.5,23,67.8,33,64.3,29,61.0,24,56.9,,,,,34.14568,-118.221874,OAKVIEW,9.213
2024-12-10 10:05:00,773977,134,W,HV,108,62.5,108,62.5,,,,,,,,,,,34.14568,-118.221874,OAKVIEW,9.213
2024-12-10 10:05:00,773996,134,W,ML,450,59.4,100,63.1,108,61.1,96,59.4,89,57.1,57,53.2,,,34.145076,-118.215608,FM 2 NB TO 134 EB,9.573
2024-12-10 10:05:00,773998,134,W,HV,108,62.5,108,62.5,,,,,,,,,,,34.145076,-118.215608,FM 2 NB TO 134 EB,9.573
2024-12-10 10:05:00,774012,134,W,ML,451,58.8,94,63.7,137,60.5,121,57.4,99,53.5,,,,,34.148107,-118.197509,TOWNSEND,10.643
2024-12-10 10:05:00,774014,134,W,HV,108,62.5,108,62.5,,,,,,,,,,,34.148107,-118.197509,TOWNSEND,10.643
2024-12-10 10:05:00,774032,134,W,ML,109,62.5,23,67.8,33,64.3,29,61.0,24,56.9,,,,,34.141843,-118.182666,COLORADO,11.623
2024-12-10 10:05:00,774034,134,W,HV,108,62.5,108,62.5,,,,,,,,,,,34.141843,-118.182666,COLORADO,11.623
2024-12-10 10:05:00,774053,134,W,ML,109,62.5,23,67.8,33,64.3,29,61.0,24,56.9,,,,,34.15084,-118.234258,FM 2 SB TO 134,8.403
2024-12-10 10:05:00,774055,134,W,HV,108,62.5,108,62.5,,,,,,,,,,,34.15084,-118.234258,FM 2 SB TO 134,8.403
2024-12-10 10:10:00,716551,134,W,ML,416,38.5,113,42.6,113,39.8,98,35.4,92,35.3,,,,,34.154235,-118.274159,SAN FERNANDO,5.983
2024-12-10 10:10:00,716554,134,W,ML,489,43.1,84,60.5,153,49.1,117,37.9,135,29.8,,,,,34.156198,-118.265345,PACIFIC,6.503
2024-12-10 10:10:00,717099,134,W,ML,542,32.2,140,38.2,130,35.8,123,32.2,149,23.3,,,,,34.156447,-118.245195,GLENDALE 1,7.673
2024-12-10 10:10:00,717582,134,W,ML,465,30.5,148,43.7,86,13.0,120,32.6,111,24.0,,,,,34.156458,-118.262159,CENTRAL,6.693
2024-12-10 10:10:00,717590,134,W,ML,105,62.6,22,67.9,32,64.4,28,61.1,23,57.0,,,,,34.148123,-118.229499,HARVEY,8.743
2024-12-10 10:10:00,717597,134,W,ML,105,62.6,22,67.9,32,64.4,28,61.1,23,57.0,,,,,34.142674,-118.184801,FIGUEROA,11.473
2024-12-10 10:10:00,717599,134,W,ML,455,58.7,95,63.6,138,60.4,122,57.3,100,53.4,,,,,34.142896,-118.172193,SAN RAFAEL,12.253
2024-12-10 10:10:00,717603,134,W,ML,106,63.3,23,67.2,26,65.0,23,63.3,21,60.8,13,56.7,,,34.146519,-118.162409,ORANGE GROVE,12.763
2024-12-10 10:10:00,717604,134,W,HV,106,62.6,106,62.6,,,,,,,,,,,34.146519,-118.162409,ORANGE GROVE,12.763
2024-12-10 10:10:00,761035,134,W,HV,106,62.6,106,62.6,,,,,,,,,,,34.148123,-118.229499,HARVEY,8.743
2024-12-10 10:10:00,761038,134,W,HV,106,62.6,106,62.6,,,,,,,,,,,34.156447,-118.245195,GLENDALE 1,7.673
2024-12-10 10:10:00,761041,134,W,HV,106,62.6,106,62.6,,,,,,,,,,,34.156458,-118.262159,CENTRAL,6.693
2024-12-10 10:10:00,761044,134,W,HV,106,62.6,106,62.6,,,,,,,,,,,34.156198,-118.265345,PACIFIC,6.503
2024-12-10 10:10:00,763610,134,W,HV,106,62.6,106,62.6,,,,,,,,,,,34.142896,-118.172193,SAN RAFAEL,12.253
2024-12-10 10:10:00,763612,134,W,HV,106,62.6,106,62.6,,,,,,,,,,,34.142674,-118.184801,FIGUEROA,11.473
2024-12-10 10:10:00,773975,134,W,ML,105,62.6,22,67.9,32,64.4,28,61.1,23,57.0,,,,,34.14568,-118.221874,OAKVIEW,9.213
2024-12-10 10:10:00,773977,134,W,HV,106,62.6,106,62.6,,,,,,,,,,,34.14568,-118.221874,OAKVIEW,9.213
2024-12-10 10:10:00,773996,134,W,ML,455,59.3,101,63.0,109,61.0,97,59.3,90,57.0,58,53.1,,,34.145076,-118.215608,FM 2 NB TO 134 EB,9.573
2024-12-10 10:10:00,773998,134,W,HV,106,62.6,106,62.6,,,,,,,,,,,34.145076,-118.215608,FM 2 NB TO 134 EB,9.573
2024-12-10 10:10:00,774012,134,W,ML,455,58.7,95,63.6,138,60.4,122,57.3,100,53.4,,,,,34.148107,-118.197509,TOWNSEND,10.643
2024-12-10 10:10:00,774014,134,W,HV,106,62.6,106,62.6,,,,,,,,,,,34.148107,-118.197509,TOWNSEND,10.643
2024-12-10 10:10:00,774032,134,W,ML,105,62.6,22,67.9,32,64.4,28,61.1,23,57.0,,,,,34.141843,-118.182666,COLORADO,11.623
2024-12-10 10:10:00,774034,134,W,HV,106,62.6,106,62.6,,,,,,,,,,,34.141843,-118.182666,COLORADO,11.623
2024-12-10 10:10:00,774053,134,W,ML,105,62.6,22,67.9,32,64.4,28,61.1,23,57.0,,,,,34.15084,-118.234258,FM 2 SB TO 134,8.403
2024-12-10 10:10:00,774055,134,W,HV,106,62.6,106,62.6,,,,,,,,,,,34.15084,-118.234258,FM 2 SB TO 134,8.403
2024-12-10 10:15:00,716551,134,W,ML,440,41.7,120,45.8,119,43.0,104,38.6,97,38.2,,,,,34.154235,-118.274159,SAN FERNANDO,5.983
2024-12-10 10:15:00,716554,134,W,ML,474,45.5,68,62.4,149,52.5,124,40.4,133,33.8,,,,,34.156198,-118.265345,PACIFIC,6.503
2024-12-10 10:15:00,717099,134,W,ML,523,35.4,135,41.6,125,38.9,119,35.2,144,26.7,,,,,34.156447,-118.245195,GLENDALE 1,7.673
2024-12-10 10:15:00,717582,134,W,ML,466,33.4,145,46.0,89,18.6,125,35.2,107,26.5,,,,,34.156458,-118.262159,CENTRAL,6.693
2024-12-10 10:15:00,717590,134,W,ML,105,62.7,22,68.0,32,64.5,28,61.2,23,57.1,,,,,34.148123,-118.229499,HARVEY,8.743
2024-12-10 10:15:00,717597,134,W,ML,105,62.7,22,68.0,32,64.5,28,61.2,23,57.1,,,,,34.142674,-118.184801,FIGUEROA,11.473
2024-12-10 10:15:00,717599,134,W,ML,457,58.8,96,63.7,139,60.5,122,57.4,100,53.5,,,,,34.142896,-118.172193,SAN RAFAEL,12.253
2024-12-10 10:15:00,717603,134,W,ML,106,63.4,23,67.3,26,65.1,23,63.4,21,60.9,13,56.8,,,34.146519,-118.162409,ORANGE GROVE,12.763
2024-12-10 10:15:00,717604,134,W,HV,106,62.7,106,62.7,,,,,,,,,,,34.146519,-118.162409,ORANGE GROVE,12.763
2024-12-10 10:15:00,761035,134,W,HV,106,62.7,106,62.7,,,,,,,,,,,34.148123,-118.229499,HARVEY,8.743
2024-12-10 10:15:00,761038,134,W,HV,106,62.7,106,62.7,,,,,,,,,,,34.156447,-118.245195,GLENDALE 1,7.673
2024-12-10 10:15:00,761041,134,W,HV,106,62.7,106,62.7,,,,,,,,,,,34.156458,-118.262159,CENTRAL,6.693
2024-12-10 10:15:00,761044,134,W,HV,106,62.7,106,62.7,,,,,,,,,,,34.156198,-118.265345,PACIFIC,6.503
2024-12-10 10:15:00,763610,134,W,HV,106,62.7,106,62.7,,,,,,,,,,,34.142896,-118.172193,SAN RAFAEL,12.253
2024-12-10 10:15:00,763612,134,W,HV,106,62.7,106,62.7,,,,,,,,,,,34.142674,-118.184801,FIGUEROA,11.473
2024-12-10 10:15:00,773975,134,W,ML,105,62.7,22,68.0,32,64.5,28,61.2,23,57.1,,,,,34.14568,-118.221874,OAKVIEW,9.213
2024-12-10 10:15:00,773977,134,W,HV,106,62.7,106,62.7,,,,,,,,,,,34.14568,-118.221874,OAKVIEW,9.213
2024-12-10 10:15:00,773996,134,W,ML,456,59.4,101,63.1,110,61.1,97,59.4,90,57.1,58,53.2,,,34.145076,-118.215608,FM 2 NB TO 134 EB,9.573
2024-12-10 10:15:00,773998,134,W,HV,106,62.7,106,62.7,,,,,,,,,,,34.145076,-118.215608,FM 2 NB TO 134 EB,9.573
2024-12-10 10:15:00,774012,134,W,ML,457,58.8,96,63.7,139,60.5,122,57.4,100,53.5,,,,,34.148107,-118.197509,TOWNSEND,10.643
2024-12-10 10:15:00,774014,134,W,HV,106,62.7,106,62.7,,,,,,,,,,,34.148107,-118.197509,TOWNSEND,10.643
2024-12-10 10:15:00,774032,134,W,ML,105,62.7,22,68.0,32,64.5,28,61.2,23,57.1,,,,,34.141843,-118.182666,COLORADO,11.623
2024-12-10 10:15:00,774034,134,W,HV,106,62.7,106,62.7,,,,,,,,,,,34.141843,-118.182666,COLORADO,11.623
2024-12-10 10:15:00,774053,134,W,ML,105,62.7,22,68.0,32,64.5,28,61.2,23,57.1,,,,,34.15084,-118.234258,FM 2 SB TO 134,8.403
2024-12-10 10:15:00,774055,134,W,HV,106,62.7,106,62.7,,,,,,,,,,,34.15084,-118.234258,FM 2 SB TO 134,8.403
2024-12-10 10:20:00,716551,134,W,ML,419,45.8,115,50.1,114,47.2,98,42.8,92,41.9,,,,,34.154235,-118.274159,SAN FERNANDO,5.983
2024-12-10 10:20:00,716554,134,W,ML,432,50.4,61,66.2,131,58.6,112,45.3,128,39.0,,,,,34.156198,-118.265345,PACIFIC,6.503
2024-12-10 10:20:00,717099,134,W,ML,528,45.9,136,52.3,127,49.1,120,45.0,145,37.8,,,,,34.156447,-118.245195,GLENDALE 1,7.673
2024-12-10 10:20:00,717582,134,W,ML,442,45.2,142,55.0,79,36.7,113,45.5,108,38.2,,,,,34.156458,-118.262159,CENTRAL,6.693
2024-12-10 10:20:00,717590,134,W,ML,106,62.7,22,68.0,32,64.5,29,61.2,23,57.1,,,,,34.148123,-118.229499,HARVEY,8.743
2024-12-10 10:20:00,717597,134,W,ML,106,62.7,22,68.0,32,64.5,29,61.2,23,57.1,,,,,34.142674,-118.184801,FIGUEROA,11.473
2024-12-10 10:20:00,717599,134,W,ML,455,58.8,95,63.7,138,60.5,122,57.4,100,53.5,,,,,34.142896,-118.172193,SAN RAFAEL,12.253
2024-12-10 10:20:00,717603,134,W,ML,108,63.3,24,67.3,26,65.1,23,63.4,21,60.9,14,56.8,,,34.146519,-118.162409,ORANGE GROVE,12.763
2024-12-10 10:20:00,717604,134,W,HV,107,62.7,107,62.7,,,,,,,,,,,34.146519,-118.162409,ORANGE GROVE,12.763
2024-12-10 10:20:00,761035,134,W,HV,107,62.7,107,62.7,,,,,,,,,,,34.148123,-118.229499,HARVEY,8.743
2024-12-10 10:20:00,761038,134,W,HV,107,62.7,107,62.7,,,,,,,,,,,34.156447,-118.245195,GLENDALE 1,7.673
2024-12-10 10:20:00,761041,134,W,HV,107,62.7,107,62.7,,,,,,,,,,,34.156458,-118.262159,CENTRAL,6.693
2024-12-10 10:20:00,761044,134,W,HV,107,62.7,107,62.7,,,,,,,,,,,34.156198,-118.265345,PACIFIC,6.503
2024-12-10 10:20:00,763610,134,W,HV,107,62.7,107,62.7,,,,,,,,,,,34.142896,-118.172193,SAN RAFAEL,12.253
2024-12-10 10:20:00,763612,134,W,HV,107,62.7,107,62.7,,,,,,,,,,,34.142674,-118.184801,FIGUEROA,11.473
2024-12-10 10:20:00,773975,134,W,ML,106,62.7,22,68.0,32,64.5,29,61.2,23,57.1,,,,,34.14568,-118.221874,OAKVIEW,9.213
2024-12-10 10:20:00,773977,134,W,HV,107,62.7,107,62.7,,,,,,,,,,,34.14568,-118.221874,OAKVIEW,9.213
2024-12-10 10:20:00,773996,134,W,ML,456,59.4,101,63.1,110,61.1,97,59.4,90,57.1,58,53.2,,,34.145076,-118.215608,FM 2 NB TO 134 EB,9.573
2024-12-10 10:20:00,773998,134,W,HV,107,62.7,107,62.7,,,,,,,,,,,34.145076,-118.215608,FM 2 NB TO 134 EB,9.573
2024-12-10 10:20:00,774012,134,W,ML,455,58.8,95,63.7,138,60.5,122,57.4,100,53.5,,,,,34.148107,-118.197509,TOWNSEND,10.643
2024-12-10 10:20:00,774014,134,W,HV,107,62.7,107,62.7,,,,,,,,,,,34.148107,-118.197509,TOWNSEND,10.643
2024-12-10 10:20:00,774032,134,W,ML,106,62.7,22,68.0,32,64.5,29,61.2,23,57.1,,,,,34.141843,-118.182666,COLORADO,11.623
2024-12-10 10:20:00,774034,134,W,HV,107,62.7,107,62.7,,,,,,,,,,,34.141843,-118.182666,COLORADO,11.623
2024-12-10 10:20:00,774053,134,W,ML,106,62.7,22,68.0,32,64.5,29,61.2,23,57.1,,,,,34.15084,-118.234258,FM 2 SB TO 134,8.403
2024-12-10 10:20:00,774055,134,W,HV,107,62.7,107,62.7,,,,,,,,,,,34.15084,-118.234258,FM 2 SB TO 134,8.403
2024-12-10 10:25:00,716551,134,W,ML,425,49.5,117,53.9,115,50.9,100,46.5,93,45.2,,,,,34.154235,-118.274159,SAN FERNANDO,5.983
2024-12-10 10:25:00,716554,134,W,ML,411,54.7,48,69.3,128,63.7,108,50.5,127,43.7,,,,,34.156198,-118.265345,PACIFIC,6.503
2024-12-10 10:25:00,717099,134,W,ML,504,52.7,129,59.3,121,55.7,115,51.3,139,45.0,,,,,34.156447,-118.245195,GLENDALE 1,7.673
2024-12-10 10:25:00,717582,134,W,ML,426,52.8,124,62.9,92,48.5,107,52.4,103,44.9,,,,,34.156458,-118.262159,CENTRAL,6.693
2024-12-10 10:25:00,717590,134,W,ML,105,62.7,22,68.0,32,64.5,28,61.2,23,57.1,,,,,34.148123,-118.229499,HARVEY,8.743
2024-12-10 10:25:00,717597,134,W,ML,105,62.7,22,68.0,32,64.5,28,61.2,23,57.1,,,,,34.142674,-118.184801,FIGUEROA,11.473
2024-12-10 10:25:00,717599,134,W,ML,461,58.9,96,63.9,140,60.6,124,57.5,101,53.6,,,,,34.142896,-118.172193,SAN RAFAEL,12.253
2024-12-10 10:25:00,717603,134,W,ML,106,63.4,23,67.3,26,65.1,23,63.4,21,60.9,13,56.8,,,34.146519,-118.162409,ORANGE GROVE,12.763
2024-12-10 10:25:00,717604,134,W,HV,106,62.7,106,62.7,,,,,,,,,,,34.146519,-118.162409,ORANGE GROVE,12.763
2024-12-10 10:25:00,761035,134,W,HV,106,62.7,106,62.7,,,,,,,,,,,34.148123,-118.229499,HARVEY,8.743
2024-12-10 10:25:00,761038,134,W,HV,106,62.7,106,62.7,,,,,,,,,,,34.156447,-118.245195,GLENDALE 1,7.673
2024-12-10 10:25:00,761041,134,W,HV,106,62.7,106,62.7,,,,,,,,,,,34.156458,-118.262159,CENTRAL,6.693
2024-12-10 10:25:00,761044,134,W,HV,106,62.7,106,62.7,,,,,,,,,,,34.156198,-118.265345,PACIFIC,6.503
2024-12-10 10:25:00,763610,134,W,HV,106,62.7,106,62.7,,,,,,,,,,,34.142896,-118.172193,SAN RAFAEL,12.253
2024-12-10 10:25:00,763612,134,W,HV,106,62.7,106,62.7,,,,,,,,,,,34.142674,-118.184801,FIGUEROA,11.473
2024-12-10 10:25:00,773975,134,W,ML,105,62.7,22,68.0,32,64.5,28,61.2,23,57.1,,,,,34.14568,-118.221874,OAKVIEW,9.213
2024-12-10 10:25:00,773977,134,W,HV,106,62.7,106,62.7,,,,,,,,,,,34.14568,-118.221874,OAKVIEW,9.213
2024-12-10 10:25:00,773996,134,W,ML,461,59.5,102,63.2,111,61.2,98,59.5,91,57.2,59,53.3,,,34.145076,-118.215608,FM 2 NB TO 134 EB,9.573
2024-12-10 10:25:00,773998,134,W,HV,106,62.7,106,62.7,,,,,,,,,,,34.145076,-118.215608,FM 2 NB TO 134 EB,9.573
2024-12-10 10:25:00,774012,134,W,ML,461,58.9,96,63.9,140,60.6,124,57.5,101,53.6,,,,,34.148107,-118.197509,TOWNSEND,10.643
2024-12-10 10:25:00,774014,134,W,HV,106,62.7,106,62.7,,,,,,,,,,,34.148107,-118.197509,TOWNSEND,10.643
2024-12-10 10:25:00,774032,134,W,ML,105,62.7,22,68.0,32,64.5,28,61.2,23,57.1,,,,,34.141843,-118.182666,COLORADO,11.623
2024-12-10 10:25:00,774034,134,W,HV,106,62.7,106,62.7,,,,,,,,,,,34.141843,-118.182666,COLORADO,11.623
2024-12-10 10:25:00,774053,134,W,ML,105,62.7,22,68.0,32,64.5,28,61.2,23,57.1,,,,,34.15084,-118.234258,FM 2 SB TO 134,8.403
2024-12-10 10:25:00,774055,134,W,HV,106,62.7,106,62.7,,,,,,,,,,,34.15084,-118.234258,FM 2 SB TO 134,8.403
2024-12-10 10:30:00,716551,134,W,ML,432,49.1,119,53.5,117,50.5,101,46.1,95,44.9,,,,,34.154235,-118.274159,SAN FERNANDO,5.983
2024-12-10 10:30:00,716554,134,W,ML,430,56.0,65,70.0,128,65.0,111,51.8,126,43.2,,,,,34.156198,-118.265345,PACIFIC,6.503
2024-12-10 10:30:00,717099,134,W,ML,528,51.5,136,58.1,127,54.6,120,50.3,145,43.8,,,,,34.156447,-118.245195,GLENDALE 1,7.673
2024-12-10 10:30:00,717582,134,W,ML,460,53.6,129,65.3,104,46.5,119,55.7,108,44.0,,,,,34.156458,-118.262159,CENTRAL,6.693
2024-12-10 10:30:00,717590,134,W,ML,106,62.8,22,68.1,32,64.6,29,61.3,23,57.2,,,,,34.148123,-118.229499,HARVEY,8.743
2024-12-10 10:30:00,717597,134,W,ML,106,62.8,22,68.1,32,64.6,29,61.3,23,57.2,,,,,34.142674,-118.184801,FIGUEROA,11.473
2024-12-10 10:30:00,717599,134,W,ML,460,58.9,96,63.9,140,60.6,123,57.5,101,53.6,,,,,34.142896,-118.172193,SAN RAFAEL,12.253
2024-12-10 10:30:00,717603,134,W,ML,108,63.4,24,67.4,26,65.2,23,63.5,21,61.0,14,56.9,,,34.146519,-118.162409,ORANGE GROVE,12.763
2024-12-10 10:30:00,717604,134,W,HV,107,62.8,107,62.8,,,,,,,,,,,34.146519,-118.162409,ORANGE GROVE,12.763
2024-12-10 10:30:00,761035,134,W,HV,107,62.8,107,62.8,,,,,,,,,,,34.148123,-118.229499,HARVEY,8.743
2024-12-10 10:30:00,761038,134,W,HV,107,62.8,107,62.8,,,,,,,,,,,34.156447,-118.245195,GLENDALE 1,7.673
2024-12-10 10:30:00,761041,134,W,HV,107,62.8,107,62.8,,,,,,,,,,,34.156458,-118.262159,CENTRAL,6.693
2024-12-10 10:30:00,761044,134,W,HV,107,62.8,107,62.8,,,,,,,,,,,34.156198,-118.265345,PACIFIC,6.503
2024-12-10 10:30:00,763610,134,W,HV,107,62.8,107,62.8,,,,,,,,,,,34.142896,-118.172193,SAN RAFAEL,12.253
2024-12-10 10:30:00,763612,134,W,HV,107,62.8,107,62.8,,,,,,,,,,,34.142674,-118.184801,FIGUEROA,11.473
2024-12-10 10:30:00,773975,134,W,ML,106,62.8,22,68.1,32,64.6,29,61.3,23,57.2,,,,,34.14568,-118.221874,OAKVIEW,9.213
2024-12-10 10:30:00,773977,134,W,HV,107,62.8,107,62.8,,,,,,,,,,,34.14568,-118.221874,OAKVIEW,9.213
2024-12-10 10:30:00,773996,134,W,ML,460,59.5,102,63.2,111,61.2,98,59.5,91,57.2,58,53.3,,,34.145076,-118.215608,FM 2 NB TO 134 EB,9.573
2024-12-10 10:30:00,773998,134,W,HV,107,62.8,107,62.8,,,,,,,,,,,34.145076,-118.215608,FM 2 NB TO 134 EB,9.573
2024-12-10 10:30:00,774012,134,W,ML,460,58.9,96,63.9,140,60.6,123,57.5,101,53.6,,,,,34.148107,-118.197509,TOWNSEND,10.643
2024-12-10 10:30:00,774014,134,W,HV,107,62.8,107,62.8,,,,,,,,,,,34.148107,-118.197509,TOWNSEND,10.643
2024-12-10 10:30:00,774032,134,W,ML,106,62.8,22,68.1,32,64.6,29,61.3,23,57.2,,,,,34.141843,-118.182666,COLORADO,11.623
2024-12-10 10:30:00,774034,134,W,HV,107,62.8,107,62.8,,,,,,,,,,,34.141843,-118.182666,COLORADO,11.623
2024-12-10 10:30:00,774053,134,W,ML,106,62.8,22,68.1,32,64.6,29,61.3,23,57.2,,,,,34.15084,-118.234258,FM 2 SB TO 134,8.403
2024-12-10 10:30:00,774055,134,W,HV,107,62.8,107,62.8,,,,,,,,,,,34.15084,-118.234258,FM 2 SB TO 134,8.403
2024-12-10 10:35:00,716551,134,W,ML,439,47.8,121,52.2,119,49.2,103,44.9,96,43.7,,,,,34.154235,-118.274159,SAN FERNANDO,5.983
2024-12-10 10:35:00,716554,134,W,ML,414,54.5,46,70.6,134,63.4,107,51.6,127,41.6,,,,,34.156198,-118.265345,PACIFIC,6.503
2024-12-10 10:35:00,717099,134,W,ML,495,50.3,127,56.8,119,53.4,113,49.1,136,42.5,,,,,34.156447,-118.245195,GLENDALE 1,7.673
2024-12-10 10:35:00,717582,134,W,ML,439,52.9,129,64.9,96,44.3,113,55.5,101,42.7,,,,,34.156458,-118.262159,CENTRAL,6.693
2024-12-10 10:35:00,717590,134,W,ML,105,62.7,22,68.0,32,64.5,28,61.2,23,57.1,,,,,34.148123,-118.229499,HARVEY,8.743
2024-12-10 10:35:00,717597,134,W,ML,105,62.7,22,68.0,32,64.5,28,61.2,23,57.1,,,,,34.142674,-118.184801,FIGUEROA,11.473
2024-12-10 10:35:00,717599,134,W,ML,461,58.9,96,63.9,140,60.6,124,57.5,101,53.6,,,,,34.142896,-118.172193,SAN RAFAEL,12.253
2024-12-10 10:35:00,717603,134,W,ML,106,63.4,23,67.3,26,65.1,23,63.4,21,60.9,13,56.8,,,34.146519,-118.162409,ORANGE GROVE,12.763
2024-12-10 10:35:00,717604,134,W,HV,106,62.7,106,62.7,,,,,,,,,,,34.146519,-118.162409,ORANGE GROVE,12.763
2024-12-10 10:35:00,761035,134,W,HV,106,62.7,106,62.7,,,,,,,,,,,34.148123,-118.229499,HARVEY,8.743
2024-12-10 10:35:00,761038,134,W,HV,106,62.7,106,62.7,,,,,,,,,,,34.156447,-118.245195,GLENDALE 1,7.673
2024-12-10 10:35:00,761041,134,W,HV,106,62.7,106,62.7,,,,,,,,,,,34.156458,-118.262159,CENTRAL,6.693
2024-12-10 10:35:00,761044,134,W,HV,106,62.7,106,62.7,,,,,,,,,,,34.156198,-118.265345,PACIFIC,6.503
2024-12-10 10:35:00,763610,134,W,HV,106,62.7,106,62.7,,,,,,,,,,,34.142896,-118.172193,SAN RAFAEL,12.253
2024-12-10 10:35:00,763612,134,W,HV,106,62.7,106,62.7,,,,,,,,,,,34.142674,-118.184801,FIGUEROA,11.473
2024-12-10 10:35:00,773975,134,W,ML,105,62.7,22,68.0,32,64.5,28,61.2,23,57.1,,,,,34.14568,-118.221874,OAKVIEW,9.213
2024-12-10 10:35:00,773977,134,W,HV,106,62.7,106,62.7,,,,,,,,,,,34.14568,-118.221874,OAKVIEW,9.213
2024-12-10 10:35:00,773996,134,W,ML,461,59.5,102,63.2,111,61.2,98,59.5,91,57.2,59,53.3,,,34.145076,-118.215608,FM 2 NB TO 134 EB,9.573
2024-12-10 10:35:00,773998,134,W,HV,106,62.7,106,62.7,,,,,,,,,,,34.145076,-118.215608,FM 2 NB TO 134 EB,9.573
2024-12-10 10:35:00,774012,134,W,ML,461,58.9,96,63.9,140,60.6,124,57.5,101,53.6,,,,,34.148107,-118.197509,TOWNSEND,10.643
2024-12-10 10:35:00,774014,134,W,HV,106,62.7,106,62.7,,,,,,,,,,,34.148107,-118.197509,TOWNSEND,10.643
2024-12-10 10:35:00,774032,134,W,ML,105,62.7,22,68.0,32,64.5,28,61.2,23,57.1,,,,,34.141843,-118.182666,COLORADO,11.623
2024-12-10 10:35:00,774034,134,W,HV,106,62.7,106,62.7,,,,,,,,,,,34.141843,-118.182666,COLORADO,11.623
2024-12-10 10:35:00,774053,134,W,ML,105,62.7,22,68.0,32,64.5,28,61.2,23,57.1,,,,,34.15084,-118.234258,FM 2 SB TO 134,8.403
2024-12-10 10:35:00,774055,134,W,HV,106,62.7,106,62.7,,,,,,,,,,,34.15084,-118.234258,FM 2 SB TO 134,8.403
2024-12-10 10:40:00,716551,134,W,ML,398,51.6,108,55.7,108,52.8,94,49.1,88,47.6,,,,,34.154235,-118.274159,SAN FERNANDO,5.983
2024-12-10 10:40:00,716554,134,W,ML,470,54.3,59,70.2,147,63.0,111,50.3,153,42.7,,,,,34.156198,-118.265345,PACIFIC,6.503
2024-12-10 10:40:00,717099,134,W,ML,504,51.8,129,58.4,121,54.9,115,50.5,139,44.1,,,,,34.156447,-118.245195,GLENDALE 1,7.673
2024-12-10 10:40:00,717582,134,W,ML,465,53.2,140,64.3,101,47.0,121,54.2,103,43.0,,,,,34.156458,-118.262159,CENTRAL,6.693
2024-12-10 10:40:00,717590,134,W,ML,105,62.8,22,68.1,32,64.6,28,61.3,23,57.2,,,,,34.148123,-118.229499,HARVEY,8.743
2024-12-10 10:40:00,717597,134,W,ML,105,62.8,22,68.1,32,64.6,28,61.3,23,57.2,,,,,34.142674,-118.184801,FIGUEROA,11.473
2024-12-10 10:40:00,717599,134,W,ML,465,59.0,97,64.0,141,60.7,125,57.6,102,53.7,,,,,34.142896,-118.172193,SAN RAFAEL,12.253
2024-12-10 10:40:00,717603,134,W,ML,104,63.4,23,67.4,25,65.2,22,63.5,21,61.0,13,56.9,,,34.146519,-118.162409,ORANGE GROVE,12.763
2024-12-10 10:40:00,717604,134,W,HV,105,62.8,105,62.8,,,,,,,,,,,34.146519,-118.162409,ORANGE GROVE,12.763
2024-12-10 10:40:00,761035,134,W,HV,105,62.8,105,62.8,,,,,,,,,,,34.148123,-118.229499,HARVEY,8.743
2024-12-10 10:40:00,761038,134,W,HV,105,62.8,105,62.8,,,,,,,,,,,34.156447,-118.245195,GLENDALE 1,7.673
2024-12-10 10:40:00,761041,134,W,HV,105,62.8,105,62.8,,,,,,,,,,,34.156458,-118.262159,CENTRAL,6.693
2024-12-10 10:40:00,761044,134,W,HV,105,62.8,105,62.8,,,,,,,,,,,34.156198,-118.265345,PACIFIC,6.503
2024-12-10 10:40:00,763610,134,W,HV,105,62.8,105,62.8,,,,,,,,,,,34.142896,-118.172193,SAN RAFAEL,12.253
2024-12-10 10:40:00,763612,134,W,HV,105,62.8,105,62.8,,,,,,,,,,,34.142674,-118.184801,FIGUEROA,11.473
2024-12-10 10:40:00,773975,134,W,ML,105,62.8,22,68.1,32,64.6,28,61.3,23,57.2,,,,,34.14568,-118.221874,OAKVIEW,9.213
2024-12-10 10:40:00,773977,134,W,HV,105,62.8,105,62.8,,,,,,,,,,,34.14568,-118.221874,OAKVIEW,9.213
2024-12-10 10:40:00,773996,134,W,ML,465,59.6,103,63.4,112,61.3,99,59.6,92,57.3,59,53.4,,,34.145076,-118.215608,FM 2 NB TO 134 EB,9.573
2024-12-10 10:40:00,773998,134,W,HV,105,62.8,105,62.8,,,,,,,,,,,34.145076,-118.215608,FM 2 NB TO 134 EB,9.573
2024-12-10 10:40:00,774012,134,W,ML,465,59.0,97,64.0,141,60.7,125,57.6,102,53.7,,,,,34.148107,-118.197509,TOWNSEND,10.643
2024-12-10 10:40:00,774014,134,W,HV,105,62.8,105,62.8,,,,,,,,,,,34.148107,-118.197509,TOWNSEND,10.643
2024-12-10 10:40:00,774032,134,W,ML,105,62.8,22,68.1,32,64.6,28,61.3,23,57.2,,,,,34.141843,-118.182666,COLORADO,11.623
2024-12-10 10:40:00,774034,134,W,HV,105,62.8,105,62.8,,,,,,,,,,,34.141843,-118.182666,COLORADO,11.623
2024-12-10 10:40:00,774053,134,W,ML,105,62.8,22,68.1,32,64.6,28,61.3,23,57.2,,,,,34.15084,-118.234258,FM 2 SB TO 134,8.403
2024-12-10 10:40:00,774055,134,W,HV,105,62.8,105,62.8,,,,,,,,,,,34.15084,-118.234258,FM 2 SB TO 134,8.403
2024-12-10 10:45:00,716551,134,W,ML,416,53.0,114,57.2,113,54.2,98,50.5,91,48.8,,,,,34.154235,-118.274159,SAN FERNANDO,5.983
2024-12-10 10:45:00,716554,134,W,ML,439,54.8,47,70.6,147,63.6,109,52.1,136,41.9,,,,,34.156198,-118.265345,PACIFIC,6.503
2024-12-10 10:45:00,717099,134,W,ML,513,53.7,132,60.3,123,56.7,117,52.3,141,46.1,,,,,34.156447,-118.245195,GLENDALE 1,7.673
2024-12-10 10:45:00,717582,134,W,ML,466,55.7,151,66.7,102,50.2,108,55.7,105,45.3,,,,,34.156458,-118.262159,CENTRAL,6.693
2024-12-10 10:45:00,717590,134,W,ML,105,62.7,22,68.0,32,64.5,28,61.2,23,57.1,,,,,34.148123,-118.229499,HARVEY,8.743
2024-12-10 10:45:00,717597,134,W,ML,105,62.7,22,68.0,32,64.5,28,61.2,23,57.1,,,,,34.142674,-118.184801,FIGUEROA,11.473
2024-12-10 10:45:00,717599,134,W,ML,465,59.0,97,64.0,141,60.7,125,57.6,102,53.7,,,,,34.142896,-118.172193,SAN RAFAEL,12.253
2024-12-10 10:45:00,717603,134,W,ML,104,63.3,23,67.3,25,65.1,22,63.4,21,60.9,13,56.8,,,34.146519,-118.162409,ORANGE GROVE,12.763
2024-12-10 10:45:00,717604,134,W,HV,104,62.7,104,62.7,,,,,,,,,,,34.146519,-118.162409,ORANGE GROVE,12.763
2024-12-10 10:45:00,761035,134,W,HV,104,62.7,104,62.7,,,,,,,,,,,34.148123,-118.229499,HARVEY,8.743
2024-12-10 10:45:00,761038,134,W,HV,104,62.7,104,62.7,,,,,,,,,,,34.156447,-118.245195,GLENDALE 1,7.673
2024-12-10 10:45:00,761041,134,W,HV,104,62.7,104,62.7,,,,,,,,,,,34.156458,-118.262159,CENTRAL,6.693
2024-12-10 10:45:00,761044,134,W,HV,104,62.7,104,62.7,,,,,,,,,,,34.156198,-118.265345,PACIFIC,6.503
2024-12-10 10:45:00,763610,134,W,HV,104,62.7,104,62.7,,,,,,,,,,,34.142896,-118.172193,SAN RAFAEL,12.253
2024-12-10 10:45:00,763612,134,W,HV,104,62.7,104,62.7,,,,,,,,,,,34.142674,-118.184801,FIGUEROA,11.473
2024-12-10 10:45:00,773975,134,W,ML,105,62.7,22,68.0,32,64.5,28,61.2,23,57.1,,,,,34.14568,-118.221874,OAKVIEW,9.213
2024-12-10 10:45:00,773977,134,W,HV,104,62.7,104,62.7,,,,,,,,,,,34.14568,-118.221874,OAKVIEW,9.213
2024-12-10 10:45:00,773996,134,W,ML,465,59.6,103,63.4,112,61.3,99,59.6,92,57.3,59,53.4,,,34.145076,-118.215608,FM 2 NB TO 134 EB,9.573
2024-12-10 10:45:00,773998,134,W,HV,104,62.7,104,62.7,,,,,,,,,,,34.145076,-118.215608,FM 2 NB TO 134 EB,9.573
2024-12-10 10:45:00,774012,134,W,ML,465,59.0,97,64.0,141,60.7,125,57.6,102,53.7,,,,,34.148107,-118.197509,TOWNSEND,10.643
2024-12-10 10:45:00,774014,134,W,HV,104,62.7,104,62.7,,,,,,,,,,,34.148107,-118.197509,TOWNSEND,10.643
2024-12-10 10:45:00,774032,134,W,ML,105,62.7,22,68.0,32,64.5,28,61.2,23,57.1,,,,,34.141843,-118.182666,COLORADO,11.623
2024-12-10 10:45:00,774034,134,W,HV,104,62.7,104,62.7,,,,,,,,,,,34.141843,-118.182666,COLORADO,11.623
2024-12-10 10:45:00,774053,134,W,ML,105,62.7,22,68.0,32,64.5,28,61.2,23,57.1,,,,,34.15084,-118.234258,FM 2 SB TO 134,8.403
2024-12-10 10:45:00,774055,134,W,HV,104,62.7,104,62.7,,,,,,,,,,,34.15084,-118.234258,FM 2 SB TO 134,8.403
2024-12-10 10:50:00,716551,134,W,ML,474,53.8,132,58.1,128,55.1,110,51.3,104,49.5,,,,,34.154235,-118.274159,SAN FERNANDO,5.983
2024-12-10 10:50:00,716554,134,W,ML,445,56.8,58,72.2,140,65.0,104,53.2,143,45.1,,,,,34.156198,-118.265345,PACIFIC,6.503
2024-12-10 10:50:00,717099,134,W,ML,528,55.7,136,62.4,127,58.7,120,54.1,145,48.2,,,,,34.156447,-118.245195,GLENDALE 1,7.673
2024-12-10 10:50:00,717582,134,W,ML,473,58.0,140,68.2,108,53.7,117,58.7,108,48.5,,,,,34.156458,-118.262159,CENTRAL,6.693
2024-12-10 10:50:00,717590,134,W,ML,105,62.7,22,68.0,32,64.5,28,61.2,23,57.1,,,,,34.148123,-118.229499,HARVEY,8.743
2024-12-10 10:50:00,717597,134,W,ML,105,62.7,22,68.0,32,64.5,28,61.2,23,57.1,,,,,34.142674,-118.184801,FIGUEROA,11.473
2024-12-10 10:50:00,717599,134,W,ML,459,59.1,96,64.1,139,60.8,123,57.7,101,53.8,,,,,34.142896,-118.172193,SAN RAFAEL,12.253
2024-12-10 10:50:00,717603,134,W,ML,104,63.3,23,67.3,25,65.1,22,63.4,21,60.9,13,56.8,,,34.146519,-118.162409,ORANGE GROVE,12.763
2024-12-10 10:50:00,717604,134,W,HV,104,62.7,104,62.7,,,,,,,,,,,34.146519,-118.162409,ORANGE GROVE,12.763
2024-12-10 10:50:00,761035,134,W,HV,104,62.7,104,62.7,,,,,,,,,,,34.148123,-118.229499,HARVEY,8.743
2024-12-10 10:50:00,761038,134,W,HV,104,62.7,104,62.7,,,,,,,,,,,34.156447,-118.245195,GLENDALE 1,7.673
2024-12-10 10:50:00,761041,134,W,HV,104,62.7,104,62.7,,,,,,,,,,,34.156458,-118.262159,CENTRAL,6.693
2024-12-10 10:50:00,761044,134,W,HV,104,62.7,104,62.7,,,,,,,,,,,34.156198,-118.265345,PACIFIC,6.503
2024-12-10 10:50:00,763610,134,W,HV,104,62.7,104,62.7,,,,,,,,,,,34.142896,-118.172193,SAN RAFAEL,12.253
2024-12-10 10:50:00,763612,134,W,HV,104,62.7,104,62.7,,,,,,,,,,,34.142674,-118.184801,FIGUEROA,11.473
2024-12-10 10:50:00,773975,134,W,ML,105,62.7,22,68.0,32,64.5,28,61.2,23,57.1,,,,,34.14568,-118.221874,OAKVIEW,9.213
2024-12-10 10:50:00,773977,134,W,HV,104,62.7,104,62.7,,,,,,,,,,,34.14568,-118.221874,OAKVIEW,9.213
2024-12-10 10:50:00,773996,134,W,ML,460,59.7,102,63.5,111,61.4,98,59.7,91,57.4,58,53.5,,,34.145076,-118.215608,FM 2 NB TO 134 EB,9.573
2024-12-10 10:50:00,773998,134,W,HV,104,62.7,104,62.7,,,,,,,,,,,34.145076,-118.215608,FM 2 NB TO 134 EB,9.573
2024-12-10 10:50:00,774012,134,W,ML,459,59.1,96,64.1,139,60.8,123,57.7,101,53.8,,,,,34.148107,-118.197509,TOWNSEND,10.643
2024-12-10 10:50:00,774014,134,W,HV,104,62.7,104,62.7,,,,,,,,,,,34.148107,-118.197509,TOWNSEND,10.643
2024-12-10 10:50:00,774032,134,W,ML,105,62.7,22,68.0,32,64.5,28,61.2,23,57.1,,,,,34.141843,-118.182666,COLORADO,11.623
2024-12-10 10:50:00,774034,134,W,HV,104,62.7,104,62.7,,,,,,,,,,,34.141843,-118.182666,COLORADO,11.623
2024-12-10 10:50:00,774053,134,W,ML,105,62.7,22,68.0,32,64.5,28,61.2,23,57.1,,,,,34.15084,-118.234258,FM 2 SB TO 134,8.403
2024-12-10 10:50:00,774055,134,W,HV,104,62.7,104,62.7,,,,,,,,,,,34.15084,-118.234258,FM 2 SB TO 134,8.403
2024-12-10 10:55:00,716551,134,W,ML,431,53.2,119,57.2,116,54.2,101,50.9,95,49.2,,,,,34.154235,-118.274159,SAN FERNANDO,5.983
2024-12-10 10:55:00,716554,134,W,ML,412,56.1,45,72.5,124,65.1,119,51.2,124,46.0,,,,,34.156198,-118.265345,PACIFIC,6.503
2024-12-10 10:55:00,717099,134,W,ML,513,56.7,132,63.4,123,59.6,117,55.1,141,49.2,,,,,34.156447,-118.245195,GLENDALE 1,7.673
2024-12-10 10:55:00,717582,134,W,ML,414,58.1,114,68.1,91,55.4,104,57.5,105,50.2,,,,,34.156458,-118.262159,CENTRAL,6.693
2024-12-10 10:55:00,717590,134,W,ML,101,62.8,21,68.1,31,64.6,27,61.3,22,57.2,,,,,34.148123,-118.229499,HARVEY,8.743
2024-12-10 10:55:00,717597,134,W,ML,101,62.8,21,68.1,31,64.6,27,61.3,22,57.2,,,,,34.142674,-118.184801,FIGUEROA,11.473
2024-12-10 10:55:00,717599,134,W,ML,455,59.3,95,64.3,138,61.0,122,57.9,100,54.0,,,,,34.142896,-118.172193,SAN RAFAEL,12.253
2024-12-10 10:55:00,717603,134,W,ML,103,63.5,23,67.4,25,65.2,22,63.5,20,61.0,13,56.9,,,34.146519,-118.162409,ORANGE GROVE,12.763
2024-12-10 10:55:00,717604,134,W,HV,102,62.8,102,62.8,,,,,,,,,,,34.146519,-118.162409,ORANGE GROVE,12.763
2024-12-10 10:55:00,761035,134,W,HV,102,62.8,102,62.8,,,,,,,,,,,34.148123,-118.229499,HARVEY,8.743
2024-12-10 10:55:00,761038,134,W,HV,102,62.8,102,62.8,,,,,,,,,,,34.156447,-118.245195,GLENDALE 1,7.673
2024-12-10 10:55:00,761041,134,W,HV,102,62.8,102,62.8,,,,,,,,,,,34.156458,-118.262159,CENTRAL,6.693
2024-12-10 10:55:00,761044,134,W,HV,102,62.8,102,62.8,,,,,,,,,,,34.156198,-118.265345,PACIFIC,6.503
2024-12-10 10:55:00,763610,134,W,HV,102,62.8,102,62.8,,,,,,,,,,,34.142896,-118.172193,SAN RAFAEL,12.253
2024-12-10 10:55:00,763612,134,W,HV,102,62.8,102,62.8,,,,,,,,,,,34.142674,-118.184801,FIGUEROA,11.473
2024-12-10 10:55:00,773975,134,W,ML,101,62.8,21,68.1,31,64.6,27,61.3,22,57.2,,,,,34.14568,-118.221874,OAKVIEW,9.213
2024-12-10 10:55:00,773977,134,W,HV,102,62.8,102,62.8,,,,,,,,,,,34.14568,-118.221874,OAKVIEW,9.213
2024-12-10 10:55:00,773996,134,W,ML,455,59.9,101,63.7,109,61.6,97,59.9,90,57.6,58,53.7,,,34.145076,-118.215608,FM 2 NB TO 134 EB,9.573
2024-12-10 10:55:00,773998,134,W,HV,102,62.8,102,62.8,,,,,,,,,,,34.145076,-118.215608,FM 2 NB TO 134 EB,9.573
2024-12-10 10:55:00,774012,134,W,ML,455,59.3,95,64.3,138,61.0,122,57.9,100,54.0,,,,,34.148107,-118.197509,TOWNSEND,10.643
2024-12-10 10:55:00,774014,134,W,HV,102,62.8,102,62.8,,,,,,,,,,,34.148107,-118.197509,TOWNSEND,10.643
2024-12-10 10:55:00,774032,134,W,ML,101,62.8,21,68.1,31,64.6,27,61.3,22,57.2,,,,,34.141843,-118.182666,COLORADO,11.623
2024-12-10 10:55:00,774034,134,W,HV,102,62.8,102,62.8,,,,,,,,,,,34.141843,-118.182666,COLORADO,11.623
2024-12-10 10:55:00,774053,134,W,ML,101,62.8,21,68.1,31,64.6,27,61.3,22,57.2,,,,,34.15084,-118.234258,FM 2 SB TO 134,8.403
2024-12-10 10:55:00,774055,134,W,HV,102,62.8,102,62.8,,,,,,,,,,,34.15084,-118.234258,FM 2 SB TO 134,8.403
2024-12-10 11:00:00,716551,134,W,ML,416,56.2,114,60.5,113,57.4,98,53.8,91,51.8,,,,,34.154235,-118.274159,SAN FERNANDO,5.983
2024-12-10 11:00:00,716554,134,W,ML,431,57.5,68,72.4,135,65.2,99,51.6,129,46.1,,,,,34.156198,-118.265345,PACIFIC,6.503
2024-12-10 11:00:00,717099,134,W,ML,538,55.3,139,61.9,129,58.2,122,53.7,148,47.7,,,,,34.156447,-118.245195,GLENDALE 1,7.673
2024-12-10 11:00:00,717582,134,W,ML,453,57.0,141,67.9,97,52.9,105,55.2,110,48.3,,,,,34.156458,-118.262159,CENTRAL,6.693
2024-12-10 11:00:00,717590,134,W,ML,100,62.8,21,68.1,30,64.6,27,61.3,22,57.2,,,,,34.148123,-118.229499,HARVEY,8.743
2024-12-10 11:00:00,717597,134,W,ML,100,62.8,21,68.1,30,64.6,27,61.3,22,57.2,,,,,34.142674,-118.184801,FIGUEROA,11.473
2024-12-10 11:00:00,717599,134,W,ML,451,59.3,94,64.3,137,61.0,121,57.9,99,54.0,,,,,34.142896,-118.172193,SAN RAFAEL,12.253
2024-12-10 11:00:00,717603,134,W,ML,100,63.4,22,67.4,24,65.2,21,63.5,20,61.0,13,56.9,,,34.146519,-118.162409,ORANGE GROVE,12.763
2024-12-10 11:00:00,717604,134,W,HV,100,62.8,100,62.8,,,,,,,,,,,34.146519,-118.162409,ORANGE GROVE,12.763
2024-12-10 11:00:00,761035,134,W,HV,100,62.8,100,62.8,,,,,,,,,,,34.148123,-118.229499,HARVEY,8.743
2024-12-10 11:00:00,761038,134,W,HV,100,62.8,100,62.8,,,,,,,,,,,34.156447,-118.245195,GLENDALE 1,7.673
2024-12-10 11:00:00,761041,134,W,HV,100,62.8,100,62.8,,,,,,,,,,,34.156458,-118.262159,CENTRAL,6.693
2024-12-10 11:00:00,761044,134,W,HV,100,62.8,100,62.8,,,,,,,,,,,34.156198,-118.265345,PACIFIC,6.503
2024-12-10 11:00:00,763610,134,W,HV,100,62.8,100,62.8,,,,,,,,,,,34.142896,-118.172193,SAN RAFAEL,12.253
2024-12-10 11:00:00,763612,134,W,HV,100,62.8,100,62.8,,,,,,,,,,,34.142674,-118.184801,FIGUEROA,11.473
2024-12-10 11:00:00,773975,134,W,ML,100,62.8,21,68.1,30,64.6,27,61.3,22,57.2,,,,,34.14568,-118.221874,OAKVIEW,9.213
2024-12-10 11:00:00,773977,134,W,HV,100,62.8,100,62.8,,,,,,,,,,,34.14568,-118.221874,OAKVIEW,9.213
2024-12-10 11:00:00,773996,134,W,ML,451,59.9,100,63.7,109,61.6,96,59.9,89,57.6,57,53.7,,,34.145076,-118.215608,FM 2 NB TO 134 EB,9.573
2024-12-10 11:00:00,773998,134,W,HV,100,62.8,100,62.8,,,,,,,,,,,34.145076,-118.215608,FM 2 NB TO 134 EB,9.573
2024-12-10 11:00:00,774012,134,W,ML,451,59.3,94,64.3,137,61.0,121,57.9,99,54.0,,,,,34.148107,-118.197509,TOWNSEND,10.643
2024-12-10 11:00:00,774014,134,W,HV,100,62.8,100,62.8,,,,,,,,,,,34.148107,-118.197509,TOWNSEND,10.643
2024-12-10 11:00:00,774032,134,W,ML,100,62.8,21,68.1,30,64.6,27,61.3,22,57.2,,,,,34.141843,-118.182666,COLORADO,11.623
2024-12-10 11:00:00,774034,134,W,HV,100,62.8,100,62.8,,,,,,,,,,,34.141843,-118.182666,COLORADO,11.623
2024-12-10 11:00:00,774053,134,W,ML,100,62.8,21,68.1,30,64.6,27,61.3,22,57.2,,,,,34.15084,-118.234258,FM 2 SB TO 134,8.403
2024-12-10 11:00:00,774055,134,W,HV,100,62.8,100,62.8,,,,,,,,,,,34.15084,-118.234258,FM 2 SB TO 134,8.403
2024-12-10 11:05:00,716551,134,W,ML,405,54.4,111,58.6,110,55.6,95,52.1,89,50.3,,,,,34.154235,-118.274159,SAN FERNANDO,5.983
2024-12-10 11:05:00,716554,134,W,ML,387,56.4,48,73.4,125,66.8,101,48.0,113,45.2,,,,,34.156198,-118.265345,PACIFIC,6.503
2024-12-10 11:05:00,717099,134,W,ML,518,55.9,133,62.5,124,58.8,118,54.3,143,48.4,,,,,34.156447,-118.245195,GLENDALE 1,7.673
2024-12-10 11:05:00,717582,134,W,ML,438,56.8,128,70.0,89,54.0,115,53.5,106,46.8,,,,,34.156458,-118.262159,CENTRAL,6.693
2024-12-10 11:05:00,717590,134,W,ML,100,62.8,21,68.1,30,64.6,27,61.3,22,57.2,,,,,34.148123,-118.229499,HARVEY,8.743
2024-12-10 11:05:00,717597,134,W,ML,100,62.8,21,68.1,30,64.6,27,61.3,22,57.2,,,,,34.142674,-118.184801,FIGUEROA,11.473
2024-12-10 11:05:00,717599,134,W,ML,452,59.3,95,64.3,137,61.0,121,57.9,99,54.0,,,,,34.142896,-118.172193,SAN RAFAEL,12.253
2024-12-10 11:05:00,717603,134,W,ML,100,63.4,22,67.4,24,65.2,21,63.5,20,61.0,13,56.9,,,34.146519,-118.162409,ORANGE GROVE,12.763
2024-12-10 11:05:00,717604,134,W,HV,99,62.8,99,62.8,,,,,,,,,,,34.146519,-118.162409,ORANGE GROVE,12.763
2024-12-10 11:05:00,761035,134,W,HV,99,62.8,99,62.8,,,,,,,,,,,34.148123,-118.229499,HARVEY,8.743
2024-12-10 11:05:00,761038,134,W,HV,99,62.8,99,62.8,,,,,,,,,,,34.156447,-118.245195,GLENDALE 1,7.673
2024-12-10 11:05:00,761041,134,W,HV,99,62.8,99,62.8,,,,,,,,,,,34.156458,-118.262159,CENTRAL,6.693
2024-12-10 11:05:00,761044,134,W,HV,99,62.8,99,62.8,,,,,,,,,,,34.156198,-118.265345,PACIFIC,6.503
2024-12-10 11:05:00,763610,134,W,HV,99,62.8,99,62.8,,,,,,,,,,,34.142896,-118.172193,SAN RAFAEL,12.253
2024-12-10 11:05:00,763612,134,W,HV,99,62.8,99,62.8,,,,,,,,,,,34.142674,-118.184801,FIGUEROA,11.473
2024-12-10 11:05:00,773975,134,W,ML,100,62.8,21,68.1,30,64.6,27,61.3,22,57.2,,,,,34.14568,-118.221874,OAKVIEW,9.213
2024-12-10 11:05:00,773977,134,W,HV,99,62.8,99,62.8,,,,,,,,,,,34.14568,-118.221874,OAKVIEW,9.213
2024-12-10 11:05:00,773996,134,W,ML,452,59.9,100,63.7,109,61.6,96,59.9,89,57.6,58,53.7,,,34.145076,-118.215608,FM 2 NB TO 134 EB,9.573
2024-12-10 11:05:00,773998,134,W,HV,99,62.8,99,62.8,,,,,,,,,,,34.145076,-118.215608,FM 2 NB TO 134 EB,9.573
2024-12-10 11:05:00,774012,134,W,ML,452,59.3,95,64.3,137,61.0,121,57.9,99,54.0,,,,,34.148107,-118.197509,TOWNSEND,10.643
2024-12-10 11:05:00,774014,134,W,HV,99,62.8,99,62.8,,,,,,,,,,,34.148107,-118.197509,TOWNSEND,10.643
2024-12-10 11:05:00,774032,134,W,ML,100,62.8,21,68.1,30,64.6,27,61.3,22,57.2,,,,,34.141843,-118.182666,COLORADO,11.623
2024-12-10 11:05:00,774034,134,W,HV,99,62.8,99,62.8,,,,,,,,,,,34.141843,-118.182666,COLORADO,11.623
2024-12-10 11:05:00,774053,134,W,ML,100,62.8,21,68.1,30,64.6,27,61.3,22,57.2,,,,,34.15084,-118.234258,FM 2 SB TO 134,8.403
2024-12-10 11:05:00,774055,134,W,HV,99,62.8,99,62.8,,,,,,,,,,,34.15084,-118.234258,FM 2 SB TO 134,8.403
2024-12-10 11:10:00,716551,134,W,ML,428,54.6,118,58.8,116,55.8,100,52.3,94,50.4,,,,,34.154235,-118.274159,SAN FERNANDO,5.983
2024-12-10 11:10:00,716554,134,W,ML,418,56.4,33,74.8,127,67.5,113,51.3,145,46.4,,,,,34.156198,-118.265345,PACIFIC,6.503
2024-12-10 11:10:00,717099,134,W,ML,593,55.7,154,62.4,142,58.7,134,54.1,163,48.2,,,,,34.156447,-118.245195,GLENDALE 1,7.673
2024-12-10 11:10:00,717582,134,W,ML,461,59.1,121,71.1,93,53.7,125,58.3,122,52.1,,,,,34.156458,-118.262159,CENTRAL,6.693
2024-12-10 11:10:00,717590,134,W,ML,100,62.8,21,68.1,30,64.6,27,61.3,22,57.2,,,,,34.148123,-118.229499,HARVEY,8.743
2024-12-10 11:10:00,717597,134,W,ML,100,62.8,21,68.1,30,64.6,27,61.3,22,57.2,,,,,34.142674,-118.184801,FIGUEROA,11.473
2024-12-10 11:10:00,717599,134,W,ML,457,59.4,96,64.4,139,61.1,122,58.0,100,54.1,,,,,34.142896,-118.172193,SAN RAFAEL,12.253
2024-12-10 11:10:00,717603,134,W,ML,100,63.4,22,67.4,24,65.2,21,63.5,20,61.0,13,56.9,,,34.146519,-118.162409,ORANGE GROVE,12.763
2024-12-10 11:10:00,717604,134,W,HV,100,62.8,100,62.8,,,,,,,,,,,34.146519,-118.162409,ORANGE GROVE,12.763
2024-12-10 11:10:00,761035,134,W,HV,100,62.8,100,62.8,,,,,,,,,,,34.148123,-118.229499,HARVEY,8.743
2024-12-10 11:10:00,761038,134,W,HV,100,62.8,100,62.8,,,,,,,,,,,34.156447,-118.245195,GLENDALE 1,7.673
2024-12-10 11:10:00,761041,134,W,HV,100,62.8,100,62.8,,,,,,,,,,,34.156458,-118.262159,CENTRAL,6.693
2024-12-10 11:10:00,761044,134,W,HV,100,62.8,100,62.8,,,,,,,,,,,34.156198,-118.265345,PACIFIC,6.503
2024-12-10 11:10:00,763610,134,W,HV,100,62.8,100,62.8,,,,,,,,,,,34.142896,-118.172193,SAN RAFAEL,12.253
2024-12-10 11:10:00,763612,134,W,HV,100,62.8,100,62.8,,,,,,,,,,,34.142674,-118.184801,FIGUEROA,11.473
2024-12-10 11:10:00,773975,134,W,ML,100,62.8,21,68.1,30,64.6,27,61.3,22,57.2,,,,,34.14568,-118.221874,OAKVIEW,9.213
2024-12-10 11:10:00,773977,134,W,HV,100,62.8,100,62.8,,,,,,,,,,,34.14568,-118.221874,OAKVIEW,9.213
2024-12-10 11:10:00,773996,134,W,ML,456,60.0,101,63.8,110,61.7,97,60.0,90,57.7,58,53.8,,,34.145076,-118.215608,FM 2 NB TO 134 EB,9.573
2024-12-10 11:10:00,773998,134,W,HV,100,62.8,100,62.8,,,,,,,,,,,34.145076,-118.215608,FM 2 NB TO 134 EB,9.573
2024-12-10 11:10:00,774012,134,W,ML,457,59.4,96,64.4,139,61.1,122,58.0,100,54.1,,,,,34.148107,-118.197509,TOWNSEND,10.643
2024-12-10 11:10:00,774014,134,W,HV,100,62.8,100,62.8,,,,,,,,,,,34.148107,-118.197509,TOWNSEND,10.643
2024-12-10 11:10:00,774032,134,W,ML,100,62.8,21,68.1,30,64.6,27,61.3,22,57.2,,,,,34.141843,-118.182666,COLORADO,11.623
2024-12-10 11:10:00,774034,134,W,HV,100,62.8,100,62.8,,,,,,,,,,,34.141843,-118.182666,COLORADO,11.623
2024-12-10 11:10:00,774053,134,W,ML,100,62.8,21,68.1,30,64.6,27,61.3,22,57.2,,,,,34.15084,-118.234258,FM 2 SB TO 134,8.403
2024-12-10 11:10:00,774055,134,W,HV,100,62.8,100,62.8,,,,,,,,,,,34.15084,-118.234258,FM 2 SB TO 134,8.403
2024-12-10 11:15:00,716551,134,W,ML,423,55.9,115,60.2,115,57.1,100,53.5,93,51.6,,,,,34.154235,-118.274159,SAN FERNANDO,5.983
2024-12-10 11:15:00,716554,134,W,ML,417,56.0,35,73.8,125,65.5,119,53.3,138,45.1,,,,,34.156198,-118.265345,PACIFIC,6.503
2024-12-10 11:15:00,717099,134,W,ML,551,48.4,142,54.8,132,51.5,125,47.3,152,40.4,,,,,34.156447,-118.245195,GLENDALE 1,7.673
2024-12-10 11:15:00,717582,134,W,ML,442,53.4,118,67.5,100,41.0,111,56.1,113,46.9,,,,,34.156458,-118.262159,CENTRAL,6.693
2024-12-10 11:15:00,717590,134,W,ML,100,62.8,21,68.1,30,64.6,27,61.3,22,57.2,,,,,34.148123,-118.229499,HARVEY,8.743
2024-12-10 11:15:00,717597,134,W,ML,100,62.8,21,68.1,30,64.6,27,61.3,22,57.2,,,,,34.142674,-118.184801,FIGUEROA,11.473
2024-12-10 11:15:00,717599,134,W,ML,462,59.3,97,64.3,140,61.0,124,57.9,101,54.0,,,,,34.142896,-118.172193,SAN RAFAEL,12.253
2024-12-10 11:15:00,717603,134,W,ML,100,63.4,22,67.4,24,65.2,21,63.5,20,61.0,13,56.9,,,34.146519,-118.162409,ORANGE GROVE,12.763
2024-12-10 11:15:00,717604,134,W,HV,100,62.8,100,62.8,,,,,,,,,,,34.146519,-118.162409,ORANGE GROVE,12.763
2024-12-10 11:15:00,761035,134,W,HV,100,62.8,100,62.8,,,,,,,,,,,34.148123,-118.229499,HARVEY,8.743
2024-12-10 11:15:00,761038,134,W,HV,100,62.8,100,62.8,,,,,,,,,,,34.156447,-118.245195,GLENDALE 1,7.673
2024-12-10 11:15:00,761041,134,W,HV,100,62.8,100,62.8,,,,,,,,,,,34.156458,-118.262159,CENTRAL,6.693
2024-12-10 11:15:00,761044,134,W,HV,100,62.8,100,62.8,,,,,,,,,,,34.156198,-118.265345,PACIFIC,6.503
2024-12-10 11:15:00,763610,134,W,HV,100,62.8,100,62.8,,,,,,,,,,,34.142896,-118.172193,SAN RAFAEL,12.253
2024-12-10 11:15:00,763612,134,W,HV,100,62.8,100,62.8,,,,,,,,,,,34.142674,-118.184801,FIGUEROA,11.473
2024-12-10 11:15:00,773975,134,W,ML,100,62.8,21,68.1,30,64.6,27,61.3,22,57.2,,,,,34.14568,-118.221874,OAKVIEW,9.213
2024-12-10 11:15:00,773977,134,W,HV,100,62.8,100,62.8,,,,,,,,,,,34.14568,-118.221874,OAKVIEW,9.213
2024-12-10 11:15:00,773996,134,W,ML,461,59.9,102,63.7,111,61.6,98,59.9,91,57.6,59,53.7,,,34.145076,-118.215608,FM 2 NB TO 134 EB,9.573
2024-12-10 11:15:00,773998,134,W,HV,100,62.8,100,62.8,,,,,,,,,,,34.145076,-118.215608,FM 2 NB TO 134 EB,9.573
2024-12-10 11:15:00,774012,134,W,ML,462,59.3,97,64.3,140,61.0,124,57.9,101,54.0,,,,,34.148107,-118.197509,TOWNSEND,10.643
2024-12-10 11:15:00,774014,134,W,HV,100,62.8,100,62.8,,,,,,,,,,,34.148107,-118.197509,TOWNSEND,10.643
2024-12-10 11:15:00,774032,134,W,ML,100,62.8,21,68.1,30,64.6,27,61.3,22,57.2,,,,,34.141843,-118.182666,COLORADO,11.623
2024-12-10 11:15:00,774034,134,W,HV,100,62.8,100,62.8,,,,,,,,,,,34.141843,-118.182666,COLORADO,11.623
2024-12-10 11:15:00,774053,134,W,ML,100,62.8,21,68.1,30,64.6,27,61.3,22,57.2,,,,,34.15084,-118.234258,FM 2 SB TO 134,8.403
2024-12-10 11:15:00,774055,134,W,HV,100,62.8,100,62.8,,,,,,,,,,,34.15084,-118.234258,FM 2 SB TO 134,8.403
2024-12-10 11:20:00,716551,134,W,ML,416,56.6,114,60.9,113,57.9,98,54.1,91,52.2,,,,,34.154235,-118.274159,SAN FERNANDO,5.983
2024-12-10 11:20:00,716554,134,W,ML,450,56.2,53,72.8,147,64.0,115,52.1,135,44.6,,,,,34.156198,-118.265345,PACIFIC,6.503
2024-12-10 11:20:00,717099,134,W,ML,509,44.4,131,50.8,122,47.7,116,43.6,140,36.3,,,,,34.156447,-118.245195,GLENDALE 1,7.673
2024-12-10 11:20:00,717582,134,W,ML,462,50.4,143,63.4,91,34.2,124,52.5,104,44.2,,,,,34.156458,-118.262159,CENTRAL,6.693
2024-12-10 11:20:00,717590,134,W,ML,101,62.8,21,68.1,31,64.6,27,61.3,22,57.2,,,,,34.148123,-118.229499,HARVEY,8.743
2024-12-10 11:20:00,717597,134,W,ML,101,62.8,21,68.1,31,64.6,27,61.3,22,57.2,,,,,34.142674,-118.184801,FIGUEROA,11.473
2024-12-10 11:20:00,717599,134,W,ML,463,59.4,97,64.4,140,61.1,124,58.0,102,54.1,,,,,34.142896,-118.172193,SAN RAFAEL,12.253
2024-12-10 11:20:00,717603,134,W,ML,101,63.4,22,67.4,24,65.2,22,63.5,20,61.0,13,56.9,,,34.146519,-118.162409,ORANGE GROVE,12.763
2024-12-10 11:20:00,717604,134,W,HV,101,62.8,101,62.8,,,,,,,,,,,34.146519,-118.162409,ORANGE GROVE,12.763
2024-12-10 11:20:00,761035,134,W,HV,101,62.8,101,62.8,,,,,,,,,,,34.148123,-118.229499,HARVEY,8.743
2024-12-10 11:20:00,761038,134,W,HV,101,62.8,101,62.8,,,,,,,,,,,34.156447,-118.245195,GLENDALE 1,7.673
2024-12-10 11:20:00,761041,134,W,HV,101,62.8,101,62.8,,,,,,,,,,,34.156458,-118.262159,CENTRAL,6.693
2024-12-10 11:20:00,761044,134,W,HV,101,62.8,101,62.8,,,,,,,,,,,34.156198,-118.265345,PACIFIC,6.503
2024-12-10 11:20:00,763610,134,W,HV,101,62.8,101,62.8,,,,,,,,,,,34.142896,-118.172193,SAN RAFAEL,12.253
2024-12-10 11:20:00,763612,134,W,HV,101,62.8,101,62.8,,,,,,,,,,,34.142674,-118.184801,FIGUEROA,11.473
2024-12-10 11:20:00,773975,134,W,ML,101,62.8,21,68.1,31,64.6,27,61.3,22,57.2,,,,,34.14568,-118.221874,OAKVIEW,9.213
2024-12-10 11:20:00,773977,134,W,HV,101,62.8,101,62.8,,,,,,,,,,,34.14568,-118.221874,OAKVIEW,9.213
2024-12-10 11:20:00,773996,134,W,ML,464,60.0,103,63.8,112,61.7,99,60.0,91,57.7,59,53.8,,,34.145076,-118.215608,FM 2 NB TO 134 EB,9.573
2024-12-10 11:20:00,773998,134,W,HV,101,62.8,101,62.8,,,,,,,,,,,34.145076,-118.215608,FM 2 NB TO 134 EB,9.573
2024-12-10 11:20:00,774012,134,W,ML,463,59.4,97,64.4,140,61.1,124,58.0,102,54.1,,,,,34.148107,-118.197509,TOWNSEND,10.643
2024-12-10 11:20:00,774014,134,W,HV,101,62.8,101,62.8,,,,,,,,,,,34.148107,-118.197509,TOWNSEND,10.643
2024-12-10 11:20:00,774032,134,W,ML,101,62.8,21,68.1,31,64.6,27,61.3,22,57.2,,,,,34.141843,-118.182666,COLORADO,11.623
2024-12-10 11:20:00,774034,134,W,HV,101,62.8,101,62.8,,,,,,,,,,,34.141843,-118.182666,COLORADO,11.623
2024-12-10 11:20:00,774053,134,W,ML,101,62.8,21,68.1,31,64.6,27,61.3,22,57.2,,,,,34.15084,-118.234258,FM 2 SB TO 134,8.403
2024-12-10 11:20:00,774055,134,W,HV,101,62.8,101,62.8,,,,,,,,,,,34.15084,-118.234258,FM 2 SB TO 134,8.403
2024-12-10 11:25:00,716551,134,W,ML,423,56.1,115,60.4,115,57.4,100,53.7,93,51.8,,,,,34.154235,-118.274159,SAN FERNANDO,5.983
2024-12-10 11:25:00,716554,134,W,ML,461,55.3,55,72.2,141,64.8,119,52.1,146,42.4,,,,,34.156198,-118.265345,PACIFIC,6.503
2024-12-10 11:25:00,717099,134,W,ML,528,42.9,136,49.3,127,46.2,120,42.2,145,34.7,,,,,34.156447,-118.245195,GLENDALE 1,7.673
2024-12-10 11:25:00,717582,134,W,ML,472,48.2,139,62.8,96,31.6,129,51.7,108,39.9,,,,,34.156458,-118.262159,CENTRAL,6.693
2024-12-10 11:25:00,717590,134,W,ML,101,62.8,21,68.1,31,64.6,27,61.3,22,57.2,,,,,34.148123,-118.229499,HARVEY,8.743
2024-12-10 11:25:00,717597,134,W,ML,101,62.8,21,68.1,31,64.6,27,61.3,22,57.2,,,,,34.142674,-118.184801,FIGUEROA,11.473
2024-12-10 11:25:00,717599,134,W,ML,464,59.4,97,64.4,141,61.1,124,58.0,102,54.1,,,,,34.142896,-118.172193,SAN RAFAEL,12.253
2024-12-10 11:25:00,717603,134,W,ML,103,63.5,23,67.4,25,65.2,22,63.5,20,61.0,13,56.9,,,34.146519,-118.162409,ORANGE GROVE,12.763
2024-12-10 11:25:00,717604,134,W,HV,102,62.8,102,62.8,,,,,,,,,,,34.146519,-118.162409,ORANGE GROVE,12.763
2024-12-10 11:25:00,761035,134,W,HV,102,62.8,102,62.8,,,,,,,,,,,34.148123,-118.229499,HARVEY,8.743
2024-12-10 11:25:00,761038,134,W,HV,102,62.8,102,62.8,,,,,,,,,,,34.156447,-118.245195,GLENDALE 1,7.673
2024-12-10 11:25:00,761041,134,W,HV,102,62.8,102,62.8,,,,,,,,,,,34.156458,-118.262159,CENTRAL,6.693
2024-12-10 11:25:00,761044,134,W,HV,102,62.8,102,62.8,,,,,,,,,,,34.156198,-118.265345,PACIFIC,6.503
2024-12-10 11:25:00,763610,134,W,HV,102,62.8,102,62.8,,,,,,,,,,,34.142896,-118.172193,SAN RAFAEL,12.253
2024-12-10 11:25:00,763612,134,W,HV,102,62.8,102,62.8,,,,,,,,,,,34.142674,-118.184801,FIGUEROA,11.473
2024-12-10 11:25:00,773975,134,W,ML,101,62.8,21,68.1,31,64.6,27,61.3,22,57.2,,,,,34.14568,-118.221874,OAKVIEW,9.213
2024-12-10 11:25:00,773977,134,W,HV,102,62.8,102,62.8,,,,,,,,,,,34.14568,-118.221874,OAKVIEW,9.213
2024-12-10 11:25:00,773996,134,W,ML,465,60.0,103,63.8,112,61.7,99,60.0,92,57.7,59,53.8,,,34.145076,-118.215608,FM 2 NB TO 134 EB,9.573
2024-12-10 11:25:00,773998,134,W,HV,102,62.8,102,62.8,,,,,,,,,,,34.145076,-118.215608,FM 2 NB TO 134 EB,9.573
2024-12-10 11:25:00,774012,134,W,ML,464,59.4,97,64.4,141,61.1,124,58.0,102,54.1,,,,,34.148107,-118.197509,TOWNSEND,10.643
2024-12-10 11:25:00,774014,134,W,HV,102,62.8,102,62.8,,,,,,,,,,,34.148107,-118.197509,TOWNSEND,10.643
2024-12-10 11:25:00,774032,134,W,ML,101,62.8,21,68.1,31,64.6,27,61.3,22,57.2,,,,,34.141843,-118.182666,COLORADO,11.623
2024-12-10 11:25:00,774034,134,W,HV,102,62.8,102,62.8,,,,,,,,,,,34.141843,-118.182666,COLORADO,11.623
2024-12-10 11:25:00,774053,134,W,ML,101,62.8,21,68.1,31,64.6,27,61.3,22,57.2,,,,,34.15084,-118.234258,FM 2 SB TO 134,8.403
2024-12-10 11:25:00,774055,134,W,HV,102,62.8,102,62.8,,,,,,,,,,,34.15084,-118.234258,FM 2 SB TO 134,8.403
2024-12-10 11:30:00,716551,134,W,ML,442,55.4,122,59.6,120,56.6,103,53.0,97,51.1,,,,,34.154235,-118.274159,SAN FERNANDO,5.983
2024-12-10 11:30:00,716554,134,W,ML,421,53.6,48,72.2,130,64.4,119,48.2,124,40.4,,,,,34.156198,-118.265345,PACIFIC,6.503
2024-12-10 11:30:00,717099,134,W,ML,518,49.0,133,55.5,124,52.2,118,47.9,143,41.2,,,,,34.156447,-118.245195,GLENDALE 1,7.673
2024-12-10 11:30:00,717582,134,W,ML,445,51.4,133,66.2,92,42.2,114,52.5,106,39.8,,,,,34.156458,-118.262159,CENTRAL,6.693
2024-12-10 11:30:00,717590,134,W,ML,101,62.8,21,68.1,31,64.6,27,61.3,22,57.2,,,,,34.148123,-118.229499,HARVEY,8.743
2024-12-10 11:30:00,717597,134,W,ML,101,62.8,21,68.1,31,64.6,27,61.3,22,57.2,,,,,34.142674,-118.184801,FIGUEROA,11.473
2024-12-10 11:30:00,717599,134,W,ML,465,59.5,97,64.5,141,61.2,125,58.1,102,54.2,,,,,34.142896,-118.172193,SAN RAFAEL,12.253
2024-12-10 11:30:00,717603,134,W,ML,101,63.4,22,67.4,24,65.2,22,63.5,20,61.0,13,56.9,,,34.146519,-118.162409,ORANGE GROVE,12.763
2024-12-10 11:30:00,717604,134,W,HV,101,62.8,101,62.8,,,,,,,,,,,34.146519,-118.162409,ORANGE GROVE,12.763
2024-12-10 11:30:00,761035,134,W,HV,101,62.8,101,62.8,,,,,,,,,,,34.148123,-118.229499,HARVEY,8.743
2024-12-10 11:30:00,761038,134,W,HV,101,62.8,101,62.8,,,,,,,,,,,34.156447,-118.245195,GLENDALE 1,7.673
2024-12-10 11:30:00,761041,134,W,HV,101,62.8,101,62.8,,,,,,,,,,,34.156458,-118.262159,CENTRAL,6.693
2024-12-10 11:30:00,761044,134,W,HV,101,62.8,101,62.8,,,,,,,,,,,34.156198,-118.265345,PACIFIC,6.503
2024-12-10 11:30:00,763610,134,W,HV,101,62.8,101,62.8,,,,,,,,,,,34.142896,-118.172193,SAN RAFAEL,12.253
2024-12-10 11:30:00,763612,134,W,HV,101,62.8,101,62.8,,,,,,,,,,,34.142674,-118.184801,FIGUEROA,11.473
2024-12-10 11:30:00,773975,134,W,ML,101,62.8,21,68.1,31,64.6,27,61.3,22,57.2,,,,,34.14568,-118.221874,OAKVIEW,9.213
2024-12-10 11:30:00,773977,134,W,HV,101,62.8,101,62.8,,,,,,,,,,,34.14568,-118.221874,OAKVIEW,9.213
2024-12-10 11:30:00,773996,134,W,ML,465,60.1,103,63.9,112,61.8,99,60.1,92,57.8,59,53.9,,,34.145076,-118.215608,FM 2 NB TO 134 EB,9.573
2024-12-10 11:30:00,773998,134,W,HV,101,62.8,101,62.8,,,,,,,,,,,34.145076,-118.215608,FM 2 NB TO 134 EB,9.573
2024-12-10 11:30:00,774012,134,W,ML,465,59.5,97,64.5,141,61.2,125,58.1,102,54.2,,,,,34.148107,-118.197509,TOWNSEND,10.643
2024-12-10 11:30:00,774014,134,W,HV,101,62.8,101,62.8,,,,,,,,,,,34.148107,-118.197509,TOWNSEND,10.643
2024-12-10 11:30:00,774032,134,W,ML,101,62.8,21,68.1,31,64.6,27,61.3,22,57.2,,,,,34.141843,-118.182666,COLORADO,11.623
2024-12-10 11:30:00,774034,134,W,HV,101,62.8,101,62.8,,,,,,,,,,,34.141843,-118.182666,COLORADO,11.623
2024-12-10 11:30:00,774053,134,W,ML,101,62.8,21,68.1,31,64.6,27,61.3,22,57.2,,,,,34.15084,-118.234258,FM 2 SB TO 134,8.403
2024-12-10 11:30:00,774055,134,W,HV,101,62.8,101,62.8,,,,,,,,,,,34.15084,-118.234258,FM 2 SB TO 134,8.403
2024-12-10 11:35:00,716551,134,W,ML,409,52.3,112,56.3,111,53.4,96,49.9,90,48.3,,,,,34.154235,-118.274159,SAN FERNANDO,5.983
2024-12-10 11:35:00,716554,134,W,ML,397,56.7,44,72.8,133,67.1,97,51.1,123,44.2,,,,,34.156198,-118.265345,PACIFIC,6.503
2024-12-10 11:35:00,717099,134,W,ML,484,54.7,123,61.3,116,57.7,110,53.2,135,47.2,,,,,34.156447,-118.245195,GLENDALE 1,7.673
2024-12-10 11:35:00,717582,134,W,ML,410,57.2,121,70.0,89,52.0,91,56.4,109,47.8,,,,,34.156458,-118.262159,CENTRAL,6.693
2024-12-10 11:35:00,717590,134,W,ML,100,62.8,21,68.1,30,64.6,27,61.3,22,57.2,,,,,34.148123,-118.229499,HARVEY,8.743
2024-12-10 11:35:00,717597,134,W,ML,100,62.8,21,68.1,30,64.6,27,61.3,22,57.2,,,,,34.142674,-118.184801,FIGUEROA,11.473
2024-12-10 11:35:00,717599,134,W,ML,468,59.5,98,64.5,142,61.2,125,58.1,103,54.2,,,,,34.142896,-118.172193,SAN RAFAEL,12.253
2024-12-10 11:35:00,717603,134,W,ML,100,63.4,22,67.4,24,65.2,21,63.5,20,61.0,13,56.9,,,34.146519,-118.162409,ORANGE GROVE,12.763
2024-12-10 11:35:00,717604,134,W,HV,100,62.8,100,62.8,,,,,,,,,,,34.146519,-118.162409,ORANGE GROVE,12.763
2024-12-10 11:35:00,761035,134,W,HV,100,62.8,100,62.8,,,,,,,,,,,34.148123,-118.229499,HARVEY,8.743
2024-12-10 11:35:00,761038,134,W,HV,100,62.8,100,62.8,,,,,,,,,,,34.156447,-118.245195,GLENDALE 1,7.673
2024-12-10 11:35:00,761041,134,W,HV,100,62.8,100,62.8,,,,,,,,,,,34.156458,-118.262159,CENTRAL,6.693
2024-12-10 11:35:00,761044,134,W,HV,100,62.8,100,62.8,,,,,,,,,,,34.156198,-118.265345,PACIFIC,6.503
2024-12-10 11:35:00,763610,134,W,HV,100,62.8,100,62.8,,,,,,,,,,,34.142896,-118.172193,SAN RAFAEL,12.253
2024-12-10 11:35:00,763612,134,W,HV,100,62.8,100,62.8,,,,,,,,,,,34.142674,-118.184801,FIGUEROA,11.473
2024-12-10 11:35:00,773975,134,W,ML,100,62.8,21,68.1,30,64.6,27,61.3,22,57.2,,,,,34.14568,-118.221874,OAKVIEW,9.213
2024-12-10 11:35:00,773977,134,W,HV,100,62.8,100,62.8,,,,,,,,,,,34.14568,-118.221874,OAKVIEW,9.213
2024-12-10 11:35:00,773996,134,W,ML,468,60.1,104,63.9,113,61.8,100,60.1,92,57.8,59,53.9,,,34.145076,-118.215608,FM 2 NB TO 134 EB,9.573
2024-12-10 11:35:00,773998,134,W,HV,100,62.8,100,62.8,,,,,,,,,,,34.145076,-118.215608,FM 2 NB TO 134 EB,9.573
2024-12-10 11:35:00,774012,134,W,ML,468,59.5,98,64.5,142,61.2,125,58.1,103,54.2,,,,,34.148107,-118.197509,TOWNSEND,10.643
2024-12-10 11:35:00,774014,134,W,HV,100,62.8,100,62.8,,,,,,,,,,,34.148107,-118.197509,TOWNSEND,10.643
2024-12-10 11:35:00,774032,134,W,ML,100,62.8,21,68.1,30,64.6,27,61.3,22,57.2,,,,,34.141843,-118.182666,COLORADO,11.623
2024-12-10 11:35:00,774034,134,W,HV,100,62.8,100,62.8,,,,,,,,,,,34.141843,-118.182666,COLORADO,11.623
2024-12-10 11:35:00,774053,134,W,ML,100,62.8,21,68.1,30,64.6,27,61.3,22,57.2,,,,,34.15084,-118.234258,FM 2 SB TO 134,8.403
2024-12-10 11:35:00,774055,134,W,HV,100,62.8,100,62.8,,,,,,,,,,,34.15084,-118.234258,FM 2 SB TO 134,8.403
2024-12-10 11:40:00,716551,134,W,ML,425,54.1,117,58.3,115,55.4,100,51.7,93,49.9,,,,,34.154235,-118.274159,SAN FERNANDO,5.983
2024-12-10 11:40:00,716554,134,W,ML,408,59.2,50,74.9,136,69.0,107,53.5,115,46.1,,,,,34.156198,-118.265345,PACIFIC,6.503
2024-12-10 11:40:00,717099,134,W,ML,479,56.5,123,63.1,115,59.4,109,54.9,132,49.0,,,,,34.156447,-118.245195,GLENDALE 1,7.673
2024-12-10 11:40:00,717582,134,W,ML,436,59.4,138,71.3,99,55.0,101,58.4,98,48.0,,,,,34.156458,-118.262159,CENTRAL,6.693
2024-12-10 11:40:00,717590,134,W,ML,101,62.9,21,68.2,31,64.7,27,61.4,22,57.2,,,,,34.148123,-118.229499,HARVEY,8.743
2024-12-10 11:40:00,717597,134,W,ML,101,62.9,21,68.2,31,64.7,27,61.4,22,57.2,,,,,34.142674,-118.184801,FIGUEROA,11.473
2024-12-10 11:40:00,717599,134,W,ML,469,59.4,98,64.4,142,61.1,126,58.0,103,54.1,,,,,34.142896,-118.172193,SAN RAFAEL,12.253
2024-12-10 11:40:00,717603,134,W,ML,101,63.5,22,67.5,24,65.3,22,63.6,20,61.1,13,56.9,,,34.146519,-118.162409,ORANGE GROVE,12.763
2024-12-10 11:40:00,717604,134,W,HV,101,62.9,101,62.9,,,,,,,,,,,34.146519,-118.162409,ORANGE GROVE,12.763
2024-12-10 11:40:00,761035,134,W,HV,101,62.9,101,62.9,,,,,,,,,,,34.148123,-118.229499,HARVEY,8.743
2024-12-10 11:40:00,761038,134,W,HV,101,62.9,101,62.9,,,,,,,,,,,34.156447,-118.245195,GLENDALE 1,7.673
2024-12-10 11:40:00,761041,134,W,HV,101,62.9,101,62.9,,,,,,,,,,,34.156458,-118.262159,CENTRAL,6.693
2024-12-10 11:40:00,761044,134,W,HV,101,62.9,101,62.9,,,,,,,,,,,34.156198,-118.265345,PACIFIC,6.503
2024-12-10 11:40:00,763610,134,W,HV,101,62.9,101,62.9,,,,,,,,,,,34.142896,-118.172193,SAN RAFAEL,12.253
2024-12-10 11:40:00,763612,134,W,HV,101,62.9,101,62.9,,,,,,,,,,,34.142674,-118.184801,FIGUEROA,11.473
2024-12-10 11:40:00,773975,134,W,ML,101,62.9,21,68.2,31,64.7,27,61.4,22,57.2,,,,,34.14568,-118.221874,OAKVIEW,9.213
2024-12-10 11:40:00,773977,134,W,HV,101,62.9,101,62.9,,,,,,,,,,,34.14568,-118.221874,OAKVIEW,9.213
2024-12-10 11:40:00,773996,134,W,ML,470,60.0,104,63.8,113,61.7,100,60.0,93,57.7,60,53.8,,,34.145076,-118.215608,FM 2 NB TO 134 EB,9.573
2024-12-10 11:40:00,773998,134,W,HV,101,62.9,101,62.9,,,,,,,,,,,34.145076,-118.215608,FM 2 NB TO 134 EB,9.573
2024-12-10 11:40:00,774012,134,W,ML,469,59.4,98,64.4,142,61.1,126,58.0,103,54.1,,,,,34.148107,-118.197509,TOWNSEND,10.643
2024-12-10 11:40:00,774014,134,W,HV,101,62.9,101,62.9,,,,,,,,,,,34.148107,-118.197509,TOWNSEND,10.643
2024-12-10 11:40:00,774032,134,W,ML,101,62.9,21,68.2,31,64.7,27,61.4,22,57.2,,,,,34.141843,-118.182666,COLORADO,11.623
2024-12-10 11:40:00,774034,134,W,HV,101,62.9,101,62.9,,,,,,,,,,,34.141843,-118.182666,COLORADO,11.623
2024-12-10 11:40:00,774053,134,W,ML,101,62.9,21,68.2,31,64.7,27,61.4,22,57.2,,,,,34.15084,-118.234258,FM 2 SB TO 134,8.403
2024-12-10 11:40:00,774055,134,W,HV,101,62.9,101,62.9,,,,,,,,,,,34.15084,-118.234258,FM 2 SB TO 134,8.403
2024-12-10 11:45:00,716551,134,W,ML,387,56.2,106,60.6,105,57.6,91,53.6,85,51.6,,,,,34.154235,-118.274159,SAN FERNANDO,5.983
2024-12-10 11:45:00,716554,134,W,ML,373,61.3,43,75.2,122,70.9,93,56.3,115,49.9,,,,,34.156198,-118.265345,PACIFIC,6.503
2024-12-10 11:45:00,717099,134,W,ML,484,57.8,124,64.5,116,60.7,110,56.1,134,50.4,,,,,34.156447,-118.245195,GLENDALE 1,7.673
2024-12-10 11:45:00,717582,134,W,ML,417,60.4,125,72.7,89,57.3,104,59.0,99,49.1,,,,,34.156458,-118.262159,CENTRAL,6.693
2024-12-10 11:45:00,717590,134,W,ML,101,63.0,21,68.3,31,64.8,27,61.5,22,57.3,,,,,34.148123,-118.229499,HARVEY,8.743
2024-12-10 11:45:00,717597,134,W,ML,101,63.0,21,68.3,31,64.8,27,61.5,22,57.3,,,,,34.142674,-118.184801,FIGUEROA,11.473
2024-12-10 11:45:00,717599,134,W,ML,470,59.6,98,64.6,143,61.3,126,58.2,103,54.2,,,,,34.142896,-118.172193,SAN RAFAEL,12.253
2024-12-10 11:45:00,717603,134,W,ML,101,63.6,22,67.6,24,65.4,22,63.7,20,61.2,13,57.0,,,34.146519,-118.162409,ORANGE GROVE,12.763
2024-12-10 11:45:00,717604,134,W,HV,101,63.0,101,63.0,,,,,,,,,,,34.146519,-118.162409,ORANGE GROVE,12.763
2024-12-10 11:45:00,761035,134,W,HV,101,63.0,101,63.0,,,,,,,,,,,34.148123,-118.229499,HARVEY,8.743
2024-12-10 11:45:00,761038,134,W,HV,101,63.0,101,63.0,,,,,,,,,,,34.156447,-118.245195,GLENDALE 1,7.673
2024-12-10 11:45:00,761041,134,W,HV,101,63.0,101,63.0,,,,,,,,,,,34.156458,-118.262159,CENTRAL,6.693
2024-12-10 11:45:00,761044,134,W,HV,101,63.0,101,63.0,,,,,,,,,,,34.156198,-118.265345,PACIFIC,6.503
2024-12-10 11:45:00,763610,134,W,HV,101,63.0,101,63.0,,,,,,,,,,,34.142896,-118.172193,SAN RAFAEL,12.253
2024-12-10 11:45:00,763612,134,W,HV,101,63.0,101,63.0,,,,,,,,,,,34.142674,-118.184801,FIGUEROA,11.473
2024-12-10 11:45:00,773975,134,W,ML,101,63.0,21,68.3,31,64.8,27,61.5,22,57.3,,,,,34.14568,-118.221874,OAKVIEW,9.213
2024-12-10 11:45:00,773977,134,W,HV,101,63.0,101,63.0,,,,,,,,,,,34.14568,-118.221874,OAKVIEW,9.213
2024-12-10 11:45:00,773996,134,W,ML,470,60.2,104,64.0,113,61.9,100,60.2,93,57.9,60,54.0,,,34.145076,-118.215608,FM 2 NB TO 134 EB,9.573
2024-12-10 11:45:00,773998,134,W,HV,101,63.0,101,63.0,,,,,,,,,,,34.145076,-118.215608,FM 2 NB TO 134 EB,9.573
2024-12-10 11:45:00,774012,134,W,ML,470,59.6,98,64.6,143,61.3,126,58.2,103,54.2,,,,,34.148107,-118.197509,TOWNSEND,10.643
2024-12-10 11:45:00,774014,134,W,HV,101,63.0,101,63.0,,,,,,,,,,,34.148107,-118.197509,TOWNSEND,10.643
2024-12-10 11:45:00,774032,134,W,ML,101,63.0,21,68.3,31,64.8,27,61.5,22,57.3,,,,,34.141843,-118.182666,COLORADO,11.623
2024-12-10 11:45:00,774034,134,W,HV,101,63.0,101,63.0,,,,,,,,,,,34.141843,-118.182666,COLORADO,11.623
2024-12-10 11:45:00,774053,134,W,ML,101,63.0,21,68.3,31,64.8,27,61.5,22,57.3,,,,,34.15084,-118.234258,FM 2 SB TO 134,8.403
2024-12-10 11:45:00,774055,134,W,HV,101,63.0,101,63.0,,,,,,,,,,,34.15084,-118.234258,FM 2 SB TO 134,8.403
2024-12-10 11:50:00,716551,134,W,ML,413,56.6,113,61.1,112,58.0,97,53.9,91,52.0,,,,,34.154235,-118.274159,SAN FERNANDO,5.983
2024-12-10 11:50:00,716554,134,W,ML,387,60.2,31,75.0,122,70.6,112,56.8,122,49.2,,,,,34.156198,-118.265345,PACIFIC,6.503
2024-12-10 11:50:00,717099,134,W,ML,546,59.1,141,65.8,131,62.0,124,57.3,150,51.8,,,,,34.156447,-118.245195,GLENDALE 1,7.673
2024-12-10 11:50:00,717582,134,W,ML,449,60.7,128,73.0,99,59.6,110,59.3,112,48.9,,,,,34.156458,-118.262159,CENTRAL,6.693
2024-12-10 11:50:00,717590,134,W,ML,100,63.1,21,68.4,30,64.9,27,61.6,22,57.4,,,,,34.148123,-118.229499,HARVEY,8.743
2024-12-10 11:50:00,717597,134,W,ML,100,63.1,21,68.4,30,64.9,27,61.6,22,57.4,,,,,34.142674,-118.184801,FIGUEROA,11.473
2024-12-10 11:50:00,717599,134,W,ML,470,59.6,98,64.6,143,61.3,126,58.2,103,54.2,,,,,34.142896,-118.172193,SAN RAFAEL,12.253
2024-12-10 11:50:00,717603,134,W,ML,100,63.7,22,67.8,24,65.5,21,63.8,20,61.3,13,57.1,,,34.146519,-118.162409,ORANGE GROVE,12.763
2024-12-10 11:50:00,717604,134,W,HV,100,63.1,100,63.1,,,,,,,,,,,34.146519,-118.162409,ORANGE GROVE,12.763
2024-12-10 11:50:00,761035,134,W,HV,100,63.1,100,63.1,,,,,,,,,,,34.148123,-118.229499,HARVEY,8.743
2024-12-10 11:50:00,761038,134,W,HV,100,63.1,100,63.1,,,,,,,,,,,34.156447,-118.245195,GLENDALE 1,7.673
2024-12-10 11:50:00,761041,134,W,HV,100,63.1,100,63.1,,,,,,,,,,,34.156458,-118.262159,CENTRAL,6.693
2024-12-10 11:50:00,761044,134,W,HV,100,63.1,100,63.1,,,,,,,,,,,34.156198,-118.265345,PACIFIC,6.503
2024-12-10 11:50:00,763610,134,W,HV,100,63.1,100,63.1,,,,,,,,,,,34.142896,-118.172193,SAN RAFAEL,12.253
2024-12-10 11:50:00,763612,134,W,HV,100,63.1,100,63.1,,,,,,,,,,,34.142674,-118.184801,FIGUEROA,11.473
2024-12-10 11:50:00,773975,134,W,ML,100,63.1,21,68.4,30,64.9,27,61.6,22,57.4,,,,,34.14568,-118.221874,OAKVIEW,9.213
2024-12-10 11:50:00,773977,134,W,HV,100,63.1,100,63.1,,,,,,,,,,,34.14568,-118.221874,OAKVIEW,9.213
2024-12-10 11:50:00,773996,134,W,ML,470,60.2,104,64.0,113,61.9,100,60.2,93,57.9,60,54.0,,,34.145076,-118.215608,FM 2 NB TO 134 EB,9.573
2024-12-10 11:50:00,773998,134,W,HV,100,63.1,100,63.1,,,,,,,,,,,34.145076,-118.215608,FM 2 NB TO 134 EB,9.573
2024-12-10 11:50:00,774012,134,W,ML,470,59.6,98,64.6,143,61.3,126,58.2,103,54.2,,,,,34.148107,-118.197509,TOWNSEND,10.643
2024-12-10 11:50:00,774014,134,W,HV,100,63.1,100,63.1,,,,,,,,,,,34.148107,-118.197509,TOWNSEND,10.643
2024-12-10 11:50:00,774032,134,W,ML,100,63.1,21,68.4,30,64.9,27,61.6,22,57.4,,,,,34.141843,-118.182666,COLORADO,11.623
2024-12-10 11:50:00,774034,134,W,HV,100,63.1,100,63.1,,,,,,,,,,,34.141843,-118.182666,COLORADO,11.623
2024-12-10 11:50:00,774053,134,W,ML,100,63.1,21,68.4,30,64.9,27,61.6,22,57.4,,,,,34.15084,-118.234258,FM 2 SB TO 134,8.403
2024-12-10 11:50:00,774055,134,W,HV,100,63.1,100,63.1,,,,,,,,,,,34.15084,-118.234258,FM 2 SB TO 134,8.403
2024-12-10 11:55:00,716551,134,W,ML,401,54.6,109,58.9,109,55.9,95,52.0,88,50.2,,,,,34.154235,-118.274159,SAN FERNANDO,5.983
2024-12-10 11:55:00,716554,134,W,ML,391,59.2,43,74.7,107,70.3,112,54.2,129,49.1,,,,,34.156198,-118.265345,PACIFIC,6.503
2024-12-10 11:55:00,717099,134,W,ML,547,58.0,140,64.8,130,61.0,124,56.4,153,50.7,,,,,34.156447,-118.245195,GLENDALE 1,7.673
2024-12-10 11:55:00,717582,134,W,ML,421,61.1,105,76.3,99,57.8,102,61.1,115,50.2,,,,,34.156458,-118.262159,CENTRAL,6.693
2024-12-10 11:55:00,717590,134,W,ML,100,63.1,21,68.4,30,64.9,27,61.6,22,57.4,,,,,34.148123,-118.229499,HARVEY,8.743
2024-12-10 11:55:00,717597,134,W,ML,100,63.1,21,68.4,30,64.9,27,61.6,22,57.4,,,,,34.142674,-118.184801,FIGUEROA,11.473
2024-12-10 11:55:00,717599,134,W,ML,465,59.8,97,64.8,141,61.5,125,58.4,102,54.4,,,,,34.142896,-118.172193,SAN RAFAEL,12.253
2024-12-10 11:55:00,717603,134,W,ML,100,63.7,22,67.8,24,65.5,21,63.8,20,61.3,13,57.1,,,34.146519,-118.162409,ORANGE GROVE,12.763
2024-12-10 11:55:00,717604,134,W,HV,100,63.1,100,63.1,,,,,,,,,,,34.146519,-118.162409,ORANGE GROVE,12.763
2024-12-10 11:55:00,761035,134,W,HV,100,63.1,100,63.1,,,,,,,,,,,34.148123,-118.229499,HARVEY,8.743
2024-12-10 11:55:00,761038,134,W,HV,100,63.1,100,63.1,,,,,,,,,,,34.156447,-118.245195,GLENDALE 1,7.673
2024-12-10 11:55:00,761041,134,W,HV,100,63.1,100,63.1,,,,,,,,,,,34.156458,-118.262159,CENTRAL,6.693
2024-12-10 11:55:00,761044,134,W,HV,100,63.1,100,63.1,,,,,,,,,,,34.156198,-118.265345,PACIFIC,6.503
2024-12-10 11:55:00,763610,134,W,HV,100,63.1,100,63.1,,,,,,,,,,,34.142896,-118.172193,SAN RAFAEL,12.253
2024-12-10 11:55:00,763612,134,W,HV,100,63.1,100,63.1,,,,,,,,,,,34.142674,-118.184801,FIGUEROA,11.473
2024-12-10 11:55:00,773975,134,W,ML,100,63.1,21,68.4,30,64.9,27,61.6,22,57.4,,,,,34.14568,-118.221874,OAKVIEW,9.213
2024-12-10 11:55:00,773977,134,W,HV,100,63.1,100,63.1,,,,,,,,,,,34.14568,-118.221874,OAKVIEW,9.213
2024-12-10 11:55:00,773996,134,W,ML,465,60.4,103,64.2,112,62.1,99,60.4,92,58.1,59,54.1,,,34.145076,-118.215608,FM 2 NB TO 134 EB,9.573
2024-12-10 11:55:00,773998,134,W,HV,100,63.1,100,63.1,,,,,,,,,,,34.145076,-118.215608,FM 2 NB TO 134 EB,9.573
2024-12-10 11:55:00,774012,134,W,ML,465,59.8,97,64.8,141,61.5,125,58.4,102,54.4,,,,,34.148107,-118.197509,TOWNSEND,10.643
2024-12-10 11:55:00,774014,134,W,HV,100,63.1,100,63.1,,,,,,,,,,,34.148107,-118.197509,TOWNSEND,10.643
2024-12-10 11:55:00,774032,134,W,ML,100,63.1,21,68.4,30,64.9,27,61.6,22,57.4,,,,,34.141843,-118.182666,COLORADO,11.623
2024-12-10 11:55:00,774034,134,W,HV,100,63.1,100,63.1,,,,,,,,,,,34.141843,-118.182666,COLORADO,11.623
2024-12-10 11:55:00,774053,134,W,ML,100,63.1,21,68.4,30,64.9,27,61.6,22,57.4,,,,,34.15084,-118.234258,FM 2 SB TO 134,8.403
2024-12-10 11:55:00,774055,134,W,HV,100,63.1,100,63.1,,,,,,,,,,,34.15084,-118.234258,FM 2 SB TO 134,8.403
2024-12-10 12:00:00,716551,134,W,ML,378,54.5,102,58.8,103,55.9,89,51.9,84,50.1,,,,,34.154235,-118.274159,SAN FERNANDO,5.983
2024-12-10 12:00:00,716554,134,W,ML,367,59.0,36,76.7,93,72.3,105,54.1,133,48.9,,,,,34.156198,-118.265345,PACIFIC,6.503
2024-12-10 12:00:00,717099,134,W,ML,478,59.1,122,65.8,114,62.0,109,57.3,133,51.8,,,,,34.156447,-118.245195,GLENDALE 1,7.673
2024-12-10 12:00:00,717582,134,W,ML,385,61.4,94,76.4,89,59.6,90,60.2,112,51.1,,,,,34.156458,-118.262159,CENTRAL,6.693
2024-12-10 12:00:00,717590,134,W,ML,100,62.9,21,68.2,30,64.7,27,61.4,22,57.2,,,,,34.148123,-118.229499,HARVEY,8.743
2024-12-10 12:00:00,717597,134,W,ML,100,62.9,21,68.2,30,64.7,27,61.4,22,57.2,,,,,34.142674,-118.184801,FIGUEROA,11.473
2024-12-10 12:00:00,717599,134,W,ML,465,59.8,97,64.8,141,61.5,125,58.4,102,54.4,,,,,34.142896,-118.172193,SAN RAFAEL,12.253
2024-12-10 12:00:00,717603,134,W,ML,100,63.5,22,67.5,24,65.3,21,63.6,20,61.1,13,56.9,,,34.146519,-118.162409,ORANGE GROVE,12.763
2024-12-10 12:00:00,717604,134,W,HV,100,62.9,100,62.9,,,,,,,,,,,34.146519,-118.162409,ORANGE GROVE,12.763
2024-12-10 12:00:00,761035,134,W,HV,100,62.9,100,62.9,,,,,,,,,,,34.148123,-118.229499,HARVEY,8.743
2024-12-10 12:00:00,761038,134,W,HV,100,62.9,100,62.9,,,,,,,,,,,34.156447,-118.245195,GLENDALE 1,7.673
2024-12-10 12:00:00,761041,134,W,HV,100,62.9,100,62.9,,,,,,,,,,,34.156458,-118.262159,CENTRAL,6.693
2024-12-10 12:00:00,761044,134,W,HV,100,62.9,100,62.9,,,,,,,,,,,34.156198,-118.265345,PACIFIC,6.503
2024-12-10 12:00:00,763610,134,W,HV,100,62.9,100,62.9,,,,,,,,,,,34.142896,-118.172193,SAN RAFAEL,12.253
2024-12-10 12:00:00,763612,134,W,HV,100,62.9,100,62.9,,,,,,,,,,,34.142674,-118.184801,FIGUEROA,11.473
2024-12-10 12:00:00,773975,134,W,ML,100,62.9,21,68.2,30,64.7,27,61.4,22,57.2,,,,,34.14568,-118.221874,OAKVIEW,9.213
2024-12-10 12:00:00,773977,134,W,HV,100,62.9,100,62.9,,,,,,,,,,,34.14568,-118.221874,OAKVIEW,9.213
2024-12-10 12:00:00,773996,134,W,ML,465,60.4,103,64.2,112,62.1,99,60.4,92,58.1,59,54.1,,,34.145076,-118.215608,FM 2 NB TO 134 EB,9.573
2024-12-10 12:00:00,773998,134,W,HV,100,62.9,100,62.9,,,,,,,,,,,34.145076,-118.215608,FM 2 NB TO 134 EB,9.573
2024-12-10 12:00:00,774012,134,W,ML,465,59.8,97,64.8,141,61.5,125,58.4,102,54.4,,,,,34.148107,-118.197509,TOWNSEND,10.643
2024-12-10 12:00:00,774014,134,W,HV,100,62.9,100,62.9,,,,,,,,,,,34.148107,-118.197509,TOWNSEND,10.643
2024-12-10 12:00:00,774032,134,W,ML,100,62.9,21,68.2,30,64.7,27,61.4,22,57.2,,,,,34.141843,-118.182666,COLORADO,11.623
2024-12-10 12:00:00,774034,134,W,HV,100,62.9,100,62.9,,,,,,,,,,,34.141843,-118.182666,COLORADO,11.623
2024-12-10 12:00:00,774053,134,W,ML,100,62.9,21,68.2,30,64.7,27,61.4,22,57.2,,,,,34.15084,-118.234258,FM 2 SB TO 134,8.403
2024-12-10 12:00:00,774055,134,W,HV,100,62.9,100,62.9,,,,,,,,,,,34.15084,-118.234258,FM 2 SB TO 134,8.403
2024-12-10 12:05:00,716551,134,W,ML,379,56.2,103,60.6,103,57.6,89,53.6,84,51.6,,,,,34.154235,-118.274159,SAN FERNANDO,5.983
2024-12-10 12:05:00,716554,134,W,ML,343,60.4,34,76.0,110,71.1,87,56.3,112,48.2,,,,,34.156198,-118.265345,PACIFIC,6.503
2024-12-10 12:05:00,717099,134,W,ML,451,58.4,115,65.2,108,61.3,103,56.7,125,51.1,,,,,34.156447,-118.245195,GLENDALE 1,7.673
2024-12-10 12:05:00,717582,134,W,ML,416,62.3,117,75.4,99,58.5,108,61.2,92,50.8,,,,,34.156458,-118.262159,CENTRAL,6.693
2024-12-10 12:05:00,717590,134,W,ML,100,62.9,21,68.2,30,64.7,27,61.4,22,57.2,,,,,34.148123,-118.229499,HARVEY,8.743
2024-12-10 12:05:00,717597,134,W,ML,100,62.9,21,68.2,30,64.7,27,61.4,22,57.2,,,,,34.142674,-118.184801,FIGUEROA,11.473
2024-12-10 12:05:00,717599,134,W,ML,469,59.7,98,64.7,142,61.4,126,58.3,103,54.3,,,,,34.142896,-118.172193,SAN RAFAEL,12.253
2024-12-10 12:05:00,717603,134,W,ML,100,63.5,22,67.5,24,65.3,21,63.6,20,61.1,13,56.9,,,34.146519,-118.162409,ORANGE GROVE,12.763
2024-12-10 12:05:00,717604,134,W,HV,100,62.9,100,62.9,,,,,,,,,,,34.146519,-118.162409,ORANGE GROVE,12.763
2024-12-10 12:05:00,761035,134,W,HV,100,62.9,100,62.9,,,,,,,,,,,34.148123,-118.229499,HARVEY,8.743
2024-12-10 12:05:00,761038,134,W,HV,100,62.9,100,62.9,,,,,,,,,,,34.156447,-118.245195,GLENDALE 1,7.673
2024-12-10 12:05:00,761041,134,W,HV,100,62.9,100,62.9,,,,,,,,,,,34.156458,-118.262159,CENTRAL,6.693
2024-12-10 12:05:00,761044,134,W,HV,100,62.9,100,62.9,,,,,,,,,,,34.156198,-118.265345,PACIFIC,6.503
2024-12-10 12:05:00,763610,134,W,HV,100,62.9,100,62.9,,,,,,,,,,,34.142896,-118.172193,SAN RAFAEL,12.253
2024-12-10 12:05:00,763612,134,W,HV,100,62.9,100,62.9,,,,,,,,,,,34.142674,-118.184801,FIGUEROA,11.473
2024-12-10 12:05:00,773975,134,W,ML,100,62.9,21,68.2,30,64.7,27,61.4,22,57.2,,,,,34.14568,-118.221874,OAKVIEW,9.213
2024-12-10 12:05:00,773977,134,W,HV,100,62.9,100,62.9,,,,,,,,,,,34.14568,-118.221874,OAKVIEW,9.213
2024-12-10 12:05:00,773996,134,W,ML,470,60.3,104,64.1,113,62.0,100,60.3,93,58.0,60,54.1,,,34.145076,-118.215608,FM 2 NB TO 134 EB,9.573
2024-12-10 12:05:00,773998,134,W,HV,100,62.9,100,62.9,,,,,,,,,,,34.145076,-118.215608,FM 2 NB TO 134 EB,9.573
2024-12-10 12:05:00,774012,134,W,ML,469,59.7,98,64.7,142,61.4,126,58.3,103,54.3,,,,,34.148107,-118.197509,TOWNSEND,10.643
2024-12-10 12:05:00,774014,134,W,HV,100,62.9,100,62.9,,,,,,,,,,,34.148107,-118.197509,TOWNSEND,10.643
2024-12-10 12:05:00,774032,134,W,ML,100,62.9,21,68.2,30,64.7,27,61.4,22,57.2,,,,,34.141843,-118.182666,COLORADO,11.623
2024-12-10 12:05:00,774034,134,W,HV,100,62.9,100,62.9,,,,,,,,,,,34.141843,-118.182666,COLORADO,11.623
2024-12-10 12:05:00,774053,134,W,ML,100,62.9,21,68.2,30,64.7,27,61.4,22,57.2,,,,,34.15084,-118.234258,FM 2 SB TO 134,8.403
2024-12-10 12:05:00,774055,134,W,HV,100,62.9,100,62.9,,,,,,,,,,,34.15084,-118.234258,FM 2 SB TO 134,8.403
2024-12-10 12:10:00,716551,134,W,ML,385,57.4,105,62.0,104,58.9,91,54.8,85,52.7,,,,,34.154235,-118.274159,SAN FERNANDO,5.983
2024-12-10 12:10:00,716554,134,W,ML,384,59.4,41,75.2,108,69.0,106,57.9,129,47.6,,,,,34.156198,-118.265345,PACIFIC,6.503
2024-12-10 12:10:00,717099,134,W,ML,446,59.5,114,66.3,107,62.4,102,57.7,123,52.2,,,,,34.156447,-118.245195,GLENDALE 1,7.673
2024-12-10 12:10:00,717582,134,W,ML,384,64.1,107,75.3,84,60.3,102,63.8,91,54.7,,,,,34.156458,-118.262159,CENTRAL,6.693
2024-12-10 12:10:00,717590,134,W,ML,101,62.9,21,68.2,31,64.7,27,61.4,22,57.2,,,,,34.148123,-118.229499,HARVEY,8.743
2024-12-10 12:10:00,717597,134,W,ML,101,62.9,21,68.2,31,64.7,27,61.4,22,57.2,,,,,34.142674,-118.184801,FIGUEROA,11.473
2024-12-10 12:10:00,717599,134,W,ML,476,59.7,100,64.7,144,61.4,128,58.3,104,54.3,,,,,34.142896,-118.172193,SAN RAFAEL,12.253
2024-12-10 12:10:00,717603,134,W,ML,101,63.5,22,67.5,24,65.3,22,63.6,20,61.1,13,56.9,,,34.146519,-118.162409,ORANGE GROVE,12.763
2024-12-10 12:10:00,717604,134,W,HV,101,62.9,101,62.9,,,,,,,,,,,34.146519,-118.162409,ORANGE GROVE,12.763
2024-12-10 12:10:00,761035,134,W,HV,101,62.9,101,62.9,,,,,,,,,,,34.148123,-118.229499,HARVEY,8.743
2024-12-10 12:10:00,761038,134,W,HV,101,62.9,101,62.9,,,,,,,,,,,34.156447,-118.245195,GLENDALE 1,7.673
2024-12-10 12:10:00,761041,134,W,HV,101,62.9,101,62.9,,,,,,,,,,,34.156458,-118.262159,CENTRAL,6.693
2024-12-10 12:10:00,761044,134,W,HV,101,62.9,101,62.9,,,,,,,,,,,34.156198,-118.265345,PACIFIC,6.503
2024-12-10 12:10:00,763610,134,W,HV,101,62.9,101,62.9,,,,,,,,,,,34.142896,-118.172193,SAN RAFAEL,12.253
2024-12-10 12:10:00,763612,134,W,HV,101,62.9,101,62.9,,,,,,,,,,,34.142674,-118.184801,FIGUEROA,11.473
2024-12-10 12:10:00,773975,134,W,ML,101,62.9,21,68.2,31,64.7,27,61.4,22,57.2,,,,,34.14568,-118.221874,OAKVIEW,9.213
2024-12-10 12:10:00,773977,134,W,HV,101,62.9,101,62.9,,,,,,,,,,,34.14568,-118.221874,OAKVIEW,9.213
2024-12-10 12:10:00,773996,134,W,ML,475,60.3,105,64.1,115,62.0,101,60.3,94,58.0,60,54.1,,,34.145076,-118.215608,FM 2 NB TO 134 EB,9.573
2024-12-10 12:10:00,773998,134,W,HV,101,62.9,101,62.9,,,,,,,,,,,34.145076,-118.215608,FM 2 NB TO 134 EB,9.573
2024-12-10 12:10:00,774012,134,W,ML,476,59.7,100,64.7,144,61.4,128,58.3,104,54.3,,,,,34.148107,-118.197509,TOWNSEND,10.643
2024-12-10 12:10:00,774014,134,W,HV,101,62.9,101,62.9,,,,,,,,,,,34.148107,-118.197509,TOWNSEND,10.643
2024-12-10 12:10:00,774032,134,W,ML,101,62.9,21,68.2,31,64.7,27,61.4,22,57.2,,,,,34.141843,-118.182666,COLORADO,11.623
2024-12-10 12:10:00,774034,134,W,HV,101,62.9,101,62.9,,,,,,,,,,,34.141843,-118.182666,COLORADO,11.623
2024-12-10 12:10:00,774053,134,W,ML,101,62.9,21,68.2,31,64.7,27,61.4,22,57.2,,,,,34.15084,-118.234258,FM 2 SB TO 134,8.403
2024-12-10 12:10:00,774055,134,W,HV,101,62.9,101,62.9,,,,,,,,,,,34.15084,-118.234258,FM 2 SB TO 134,8.403
2024-12-10 12:15:00,716551,134,W,ML,383,58.2,104,62.9,104,59.8,90,55.6,85,53.4,,,,,34.154235,-118.274159,SAN FERNANDO,5.983
2024-12-10 12:15:00,716554,134,W,ML,363,61.5,39,75.4,107,69.5,91,59.0,126,52.2,,,,,34.156198,-118.265345,PACIFIC,6.503
2024-12-10 12:15:00,717099,134,W,ML,513,60.6,132,67.4,123,63.4,117,58.7,141,53.4,,,,,34.156447,-118.245195,GLENDALE 1,7.673
2024-12-10 12:15:00,717582,134,W,ML,426,65.2,122,75.2,90,62.2,109,64.1,105,57.3,,,,,34.156458,-118.262159,CENTRAL,6.693
2024-12-10 12:15:00,717590,134,W,ML,104,62.8,22,68.1,31,64.6,28,61.3,23,57.2,,,,,34.148123,-118.229499,HARVEY,8.743
2024-12-10 12:15:00,717597,134,W,ML,104,62.8,22,68.1,31,64.6,28,61.3,23,57.2,,,,,34.142674,-118.184801,FIGUEROA,11.473
2024-12-10 12:15:00,717599,134,W,ML,482,59.8,101,64.8,146,61.5,129,58.4,106,54.4,,,,,34.142896,-118.172193,SAN RAFAEL,12.253
2024-12-10 12:15:00,717603,134,W,ML,103,63.5,23,67.4,25,65.2,22,63.5,20,61.0,13,56.9,,,34.146519,-118.162409,ORANGE GROVE,12.763
2024-12-10 12:15:00,717604,134,W,HV,103,62.8,103,62.8,,,,,,,,,,,34.146519,-118.162409,ORANGE GROVE,12.763
2024-12-10 12:15:00,761035,134,W,HV,103,62.8,103,62.8,,,,,,,,,,,34.148123,-118.229499,HARVEY,8.743
2024-12-10 12:15:00,761038,134,W,HV,103,62.8,103,62.8,,,,,,,,,,,34.156447,-118.245195,GLENDALE 1,7.673
2024-12-10 12:15:00,761041,134,W,HV,103,62.8,103,62.8,,,,,,,,,,,34.156458,-118.262159,CENTRAL,6.693
2024-12-10 12:15:00,761044,134,W,HV,103,62.8,103,62.8,,,,,,,,,,,34.156198,-118.265345,PACIFIC,6.503
2024-12-10 12:15:00,763610,134,W,HV,103,62.8,103,62.8,,,,,,,,,,,34.142896,-118.172193,SAN RAFAEL,12.253
2024-12-10 12:15:00,763612,134,W,HV,103,62.8,103,62.8,,,,,,,,,,,34.142674,-118.184801,FIGUEROA,11.473
2024-12-10 12:15:00,773975,134,W,ML,104,62.8,22,68.1,31,64.6,28,61.3,23,57.2,,,,,34.14568,-118.221874,OAKVIEW,9.213
2024-12-10 12:15:00,773977,134,W,HV,103,62.8,103,62.8,,,,,,,,,,,34.14568,-118.221874,OAKVIEW,9.213
2024-12-10 12:15:00,773996,134,W,ML,480,60.4,106,64.2,116,62.1,102,60.4,95,58.1,61,54.1,,,34.145076,-118.215608,FM 2 NB TO 134 EB,9.573
2024-12-10 12:15:00,773998,134,W,HV,103,62.8,103,62.8,,,,,,,,,,,34.145076,-118.215608,FM 2 NB TO 134 EB,9.573
2024-12-10 12:15:00,774012,134,W,ML,482,59.8,101,64.8,146,61.5,129,58.4,106,54.4,,,,,34.148107,-118.197509,TOWNSEND,10.643
2024-12-10 12:15:00,774014,134,W,HV,103,62.8,103,62.8,,,,,,,,,,,34.148107,-118.197509,TOWNSEND,10.643
2024-12-10 12:15:00,774032,134,W,ML,104,62.8,22,68.1,31,64.6,28,61.3,23,57.2,,,,,34.141843,-118.182666,COLORADO,11.623
2024-12-10 12:15:00,774034,134,W,HV,103,62.8,103,62.8,,,,,,,,,,,34.141843,-118.182666,COLORADO,11.623
2024-12-10 12:15:00,774053,134,W,ML,104,62.8,22,68.1,31,64.6,28,61.3,23,57.2,,,,,34.15084,-118.234258,FM 2 SB TO 134,8.403
2024-12-10 12:15:00,774055,134,W,HV,103,62.8,103,62.8,,,,,,,,,,,34.15084,-118.234258,FM 2 SB TO 134,8.403
2024-12-10 12:20:00,716551,134,W,ML,389,58.5,106,63.2,105,60.1,92,55.9,86,53.7,,,,,34.154235,-118.274159,SAN FERNANDO,5.983
2024-12-10 12:20:00,716554,134,W,ML,390,61.2,33,75.5,124,70.6,108,59.4,125,49.5,,,,,34.156198,-118.265345,PACIFIC,6.503
2024-12-10 12:20:00,717099,134,W,ML,479,61.1,123,67.9,115,63.9,109,59.2,132,53.9,,,,,34.156447,-118.245195,GLENDALE 1,7.673
2024-12-10 12:20:00,717582,134,W,ML,444,65.2,131,74.9,103,63.0,112,65.0,98,54.7,,,,,34.156458,-118.262159,CENTRAL,6.693
2024-12-10 12:20:00,717590,134,W,ML,105,62.8,22,68.1,32,64.6,28,61.3,23,57.2,,,,,34.148123,-118.229499,HARVEY,8.743
2024-12-10 12:20:00,717597,134,W,ML,105,62.8,22,68.1,32,64.6,28,61.3,23,57.2,,,,,34.142674,-118.184801,FIGUEROA,11.473
2024-12-10 12:20:00,717599,134,W,ML,480,59.8,100,64.8,146,61.5,129,58.4,105,54.4,,,,,34.142896,-118.172193,SAN RAFAEL,12.253
2024-12-10 12:20:00,717603,134,W,ML,104,63.4,23,67.4,25,65.2,22,63.5,21,61.0,13,56.9,,,34.146519,-118.162409,ORANGE GROVE,12.763
2024-12-10 12:20:00,717604,134,W,HV,104,62.8,104,62.8,,,,,,,,,,,34.146519,-118.162409,ORANGE GROVE,12.763
2024-12-10 12:20:00,761035,134,W,HV,104,62.8,104,62.8,,,,,,,,,,,34.148123,-118.229499,HARVEY,8.743
2024-12-10 12:20:00,761038,134,W,HV,104,62.8,104,62.8,,,,,,,,,,,34.156447,-118.245195,GLENDALE 1,7.673
2024-12-10 12:20:00,761041,134,W,HV,104,62.8,104,62.8,,,,,,,,,,,34.156458,-118.262159,CENTRAL,6.693
2024-12-10 12:20:00,761044,134,W,HV,104,62.8,104,62.8,,,,,,,,,,,34.156198,-118.265345,PACIFIC,6.503
2024-12-10 12:20:00,763610,134,W,HV,104,62.8,104,62.8,,,,,,,,,,,34.142896,-118.172193,SAN RAFAEL,12.253
2024-12-10 12:20:00,763612,134,W,HV,104,62.8,104,62.8,,,,,,,,,,,34.142674,-118.184801,FIGUEROA,11.473
2024-12-10 12:20:00,773975,134,W,ML,105,62.8,22,68.1,32,64.6,28,61.3,23,57.2,,,,,34.14568,-118.221874,OAKVIEW,9.213
2024-12-10 12:20:00,773977,134,W,HV,104,62.8,104,62.8,,,,,,,,,,,34.14568,-118.221874,OAKVIEW,9.213
2024-12-10 12:20:00,773996,134,W,ML,480,60.4,106,64.2,116,62.1,102,60.4,95,58.1,61,54.1,,,34.145076,-118.215608,FM 2 NB TO 134 EB,9.573
2024-12-10 12:20:00,773998,134,W,HV,104,62.8,104,62.8,,,,,,,,,,,34.145076,-118.215608,FM 2 NB TO 134 EB,9.573
2024-12-10 12:20:00,774012,134,W,ML,480,59.8,100,64.8,146,61.5,129,58.4,105,54.4,,,,,34.148107,-118.197509,TOWNSEND,10.643
2024-12-10 12:20:00,774014,134,W,HV,104,62.8,104,62.8,,,,,,,,,,,34.148107,-118.197509,TOWNSEND,10.643
2024-12-10 12:20:00,774032,134,W,ML,105,62.8,22,68.1,32,64.6,28,61.3,23,57.2,,,,,34.141843,-118.182666,COLORADO,11.623
2024-12-10 12:20:00,774034,134,W,HV,104,62.8,104,62.8,,,,,,,,,,,34.141843,-118.182666,COLORADO,11.623
2024-12-10 12:20:00,774053,134,W,ML,105,62.8,22,68.1,32,64.6,28,61.3,23,57.2,,,,,34.15084,-118.234258,FM 2 SB TO 134,8.403
2024-12-10 12:20:00,774055,134,W,HV,104,62.8,104,62.8,,,,,,,,,,,34.15084,-118.234258,FM 2 SB TO 134,8.403
2024-12-10 12:25:00,716551,134,W,ML,388,57.2,106,61.7,105,58.7,91,54.5,86,52.5,,,,,34.154235,-118.274159,SAN FERNANDO,5.983
2024-12-10 12:25:00,716554,134,W,ML,393,60.0,51,76.1,109,70.1,107,57.6,126,46.7,,,,,34.156198,-118.265345,PACIFIC,6.503
2024-12-10 12:25:00,717099,134,W,ML,475,60.1,122,66.9,114,62.9,108,58.3,131,52.9,,,,,34.156447,-118.245195,GLENDALE 1,7.673
2024-12-10 12:25:00,717582,134,W,ML,391,64.0,109,75.7,92,61.3,93,66.6,97,51.0,,,,,34.156458,-118.262159,CENTRAL,6.693
2024-12-10 12:25:00,717590,134,W,ML,105,62.8,22,68.1,32,64.6,28,61.3,23,57.2,,,,,34.148123,-118.229499,HARVEY,8.743
2024-12-10 12:25:00,717597,134,W,ML,105,62.8,22,68.1,32,64.6,28,61.3,23,57.2,,,,,34.142674,-118.184801,FIGUEROA,11.473
2024-12-10 12:25:00,717599,134,W,ML,482,59.9,101,64.9,146,61.6,129,58.5,106,54.5,,,,,34.142896,-118.172193,SAN RAFAEL,12.253
2024-12-10 12:25:00,717603,134,W,ML,104,63.4,23,67.4,25,65.2,22,63.5,21,61.0,13,56.9,,,34.146519,-118.162409,ORANGE GROVE,12.763
2024-12-10 12:25:00,717604,134,W,HV,105,62.8,105,62.8,,,,,,,,,,,34.146519,-118.162409,ORANGE GROVE,12.763
2024-12-10 12:25:00,761035,134,W,HV,105,62.8,105,62.8,,,,,,,,,,,34.148123,-118.229499,HARVEY,8.743
2024-12-10 12:25:00,761038,134,W,HV,105,62.8,105,62.8,,,,,,,,,,,34.156447,-118.245195,GLENDALE 1,7.673
2024-12-10 12:25:00,761041,134,W,HV,105,62.8,105,62.8,,,,,,,,,,,34.156458,-118.262159,CENTRAL,6.693
2024-12-10 12:25:00,761044,134,W,HV,105,62.8,105,62.8,,,,,,,,,,,34.156198,-118.265345,PACIFIC,6.503
2024-12-10 12:25:00,763610,134,W,HV,105,62.8,105,62.8,,,,,,,,,,,34.142896,-118.172193,SAN RAFAEL,12.253
2024-12-10 12:25:00,763612,134,W,HV,105,62.8,105,62.8,,,,,,,,,,,34.142674,-118.184801,FIGUEROA,11.473
2024-12-10 12:25:00,773975,134,W,ML,105,62.8,22,68.1,32,64.6,28,61.3,23,57.2,,,,,34.14568,-118.221874,OAKVIEW,9.213
2024-12-10 12:25:00,773977,134,W,HV,105,62.8,105,62.8,,,,,,,,,,,34.14568,-118.221874,OAKVIEW,9.213
2024-12-10 12:25:00,773996,134,W,ML,482,60.5,107,64.3,116,62.2,103,60.5,95,58.2,61,54.2,,,34.145076,-118.215608,FM 2 NB TO 134 EB,9.573
2024-12-10 12:25:00,773998,134,W,HV,105,62.8,105,62.8,,,,,,,,,,,34.145076,-118.215608,FM 2 NB TO 134 EB,9.573
2024-12-10 12:25:00,774012,134,W,ML,482,59.9,101,64.9,146,61.6,129,58.5,106,54.5,,,,,34.148107,-118.197509,TOWNSEND,10.643
2024-12-10 12:25:00,774014,134,W,HV,105,62.8,105,62.8,,,,,,,,,,,34.148107,-118.197509,TOWNSEND,10.643
2024-12-10 12:25:00,774032,134,W,ML,105,62.8,22,68.1,32,64.6,28,61.3,23,57.2,,,,,34.141843,-118.182666,COLORADO,11.623
2024-12-10 12:25:00,774034,134,W,HV,105,62.8,105,62.8,,,,,,,,,,,34.141843,-118.182666,COLORADO,11.623
2024-12-10 12:25:00,774053,134,W,ML,105,62.8,22,68.1,32,64.6,28,61.3,23,57.2,,,,,34.15084,-118.234258,FM 2 SB TO 134,8.403
2024-12-10 12:25:00,774055,134,W,HV,105,62.8,105,62.8,,,,,,,,,,,34.15084,-118.234258,FM 2 SB TO 134,8.403
2024-12-10 12:30:00,716551,134,W,ML,413,56.4,113,60.8,112,57.7,97,54.0,91,52.0,,,,,34.154235,-118.274159,SAN FERNANDO,5.983
2024-12-10 12:30:00,716554,134,W,ML,401,59.3,50,74.6,118,69.5,103,56.4,130,46.6,,,,,34.156198,-118.265345,PACIFIC,6.503
2024-12-10 12:30:00,717099,134,W,ML,523,58.6,135,65.3,125,61.5,119,56.9,144,51.3,,,,,34.156447,-118.245195,GLENDALE 1,7.673
2024-12-10 12:30:00,717582,134,W,ML,439,63.8,126,75.4,103,58.7,103,65.1,107,53.8,,,,,34.156458,-118.262159,CENTRAL,6.693
2024-12-10 12:30:00,717590,134,W,ML,105,62.8,22,68.1,32,64.6,28,61.3,23,57.2,,,,,34.148123,-118.229499,HARVEY,8.743
2024-12-10 12:30:00,717597,134,W,ML,105,62.8,22,68.1,32,64.6,28,61.3,23,57.2,,,,,34.142674,-118.184801,FIGUEROA,11.473
2024-12-10 12:30:00,717599,134,W,ML,480,59.9,100,64.9,146,61.6,129,58.5,105,54.5,,,,,34.142896,-118.172193,SAN RAFAEL,12.253
2024-12-10 12:30:00,717603,134,W,ML,106,63.5,23,67.4,26,65.2,23,63.5,21,61.0,13,56.9,,,34.146519,-118.162409,ORANGE GROVE,12.763
2024-12-10 12:30:00,717604,134,W,HV,106,62.8,106,62.8,,,,,,,,,,,34.146519,-118.162409,ORANGE GROVE,12.763
2024-12-10 12:30:00,761035,134,W,HV,106,62.8,106,62.8,,,,,,,,,,,34.148123,-118.229499,HARVEY,8.743
2024-12-10 12:30:00,761038,134,W,HV,106,62.8,106,62.8,,,,,,,,,,,34.156447,-118.245195,GLENDALE 1,7.673
2024-12-10 12:30:00,761041,134,W,HV,106,62.8,106,62.8,,,,,,,,,,,34.156458,-118.262159,CENTRAL,6.693
2024-12-10 12:30:00,761044,134,W,HV,106,62.8,106,62.8,,,,,,,,,,,34.156198,-118.265345,PACIFIC,6.503
2024-12-10 12:30:00,763610,134,W,HV,106,62.8,106,62.8,,,,,,,,,,,34.142896,-118.172193,SAN RAFAEL,12.253
2024-12-10 12:30:00,763612,134,W,HV,106,62.8,106,62.8,,,,,,,,,,,34.142674,-118.184801,FIGUEROA,11.473
2024-12-10 12:30:00,773975,134,W,ML,105,62.8,22,68.1,32,64.6,28,61.3,23,57.2,,,,,34.14568,-118.221874,OAKVIEW,9.213
2024-12-10 12:30:00,773977,134,W,HV,106,62.8,106,62.8,,,,,,,,,,,34.14568,-118.221874,OAKVIEW,9.213
2024-12-10 12:30:00,773996,134,W,ML,480,60.5,106,64.3,116,62.2,102,60.5,95,58.2,61,54.2,,,34.145076,-118.215608,FM 2 NB TO 134 EB,9.573
2024-12-10 12:30:00,773998,134,W,HV,106,62.8,106,62.8,,,,,,,,,,,34.145076,-118.215608,FM 2 NB TO 134 EB,9.573
2024-12-10 12:30:00,774012,134,W,ML,480,59.9,100,64.9,146,61.6,129,58.5,105,54.5,,,,,34.148107,-118.197509,TOWNSEND,10.643
2024-12-10 12:30:00,774014,134,W,HV,106,62.8,106,62.8,,,,,,,,,,,34.148107,-118.197509,TOWNSEND,10.643
2024-12-10 12:30:00,774032,134,W,ML,105,62.8,22,68.1,32,64.6,28,61.3,23,57.2,,,,,34.141843,-118.182666,COLORADO,11.623
2024-12-10 12:30:00,774034,134,W,HV,106,62.8,106,62.8,,,,,,,,,,,34.141843,-118.182666,COLORADO,11.623
2024-12-10 12:30:00,774053,134,W,ML,105,62.8,22,68.1,32,64.6,28,61.3,23,57.2,,,,,34.15084,-118.234258,FM 2 SB TO 134,8.403
2024-12-10 12:30:00,774055,134,W,HV,106,62.8,106,62.8,,,,,,,,,,,34.15084,-118.234258,FM 2 SB TO 134,8.403
2024-12-10 12:35:00,716551,134,W,ML,369,56.6,100,61.0,100,57.9,87,54.2,82,52.2,,,,,34.154235,-118.274159,SAN FERNANDO,5.983
2024-12-10 12:35:00,716554,134,W,ML,359,59.2,37,75.8,102,69.8,101,55.9,119,47.8,,,,,34.156198,-118.265345,PACIFIC,6.503
2024-12-10 12:35:00,717099,134,W,ML,490,58.5,126,65.3,117,61.4,112,56.8,135,51.2,,,,,34.156447,-118.245195,GLENDALE 1,7.673
2024-12-10 12:35:00,717582,134,W,ML,373,63.4,94,76.4,86,58.6,93,63.6,100,55.0,,,,,34.156458,-118.262159,CENTRAL,6.693
2024-12-10 12:35:00,717590,134,W,ML,106,62.8,22,68.1,32,64.6,29,61.3,23,57.2,,,,,34.148123,-118.229499,HARVEY,8.743
2024-12-10 12:35:00,717597,134,W,ML,106,62.8,22,68.1,32,64.6,29,61.3,23,57.2,,,,,34.142674,-118.184801,FIGUEROA,11.473
2024-12-10 12:35:00,717599,134,W,ML,483,59.9,101,64.9,147,61.6,129,58.5,106,54.5,,,,,34.142896,-118.172193,SAN RAFAEL,12.253
2024-12-10 12:35:00,717603,134,W,ML,108,63.4,24,67.4,26,65.2,23,63.5,21,61.0,14,56.9,,,34.146519,-118.162409,ORANGE GROVE,12.763
2024-12-10 12:35:00,717604,134,W,HV,107,62.8,107,62.8,,,,,,,,,,,34.146519,-118.162409,ORANGE GROVE,12.763
2024-12-10 12:35:00,761035,134,W,HV,107,62.8,107,62.8,,,,,,,,,,,34.148123,-118.229499,HARVEY,8.743
2024-12-10 12:35:00,761038,134,W,HV,107,62.8,107,62.8,,,,,,,,,,,34.156447,-118.245195,GLENDALE 1,7.673
2024-12-10 12:35:00,761041,134,W,HV,107,62.8,107,62.8,,,,,,,,,,,34.156458,-118.262159,CENTRAL,6.693
2024-12-10 12:35:00,761044,134,W,HV,107,62.8,107,62.8,,,,,,,,,,,34.156198,-118.265345,PACIFIC,6.503
2024-12-10 12:35:00,763610,134,W,HV,107,62.8,107,62.8,,,,,,,,,,,34.142896,-118.172193,SAN RAFAEL,12.253
2024-12-10 12:35:00,763612,134,W,HV,107,62.8,107,62.8,,,,,,,,,,,34.142674,-118.184801,FIGUEROA,11.473
2024-12-10 12:35:00,773975,134,W,ML,106,62.8,22,68.1,32,64.6,29,61.3,23,57.2,,,,,34.14568,-118.221874,OAKVIEW,9.213
2024-12-10 12:35:00,773977,134,W,HV,107,62.8,107,62.8,,,,,,,,,,,34.14568,-118.221874,OAKVIEW,9.213
2024-12-10 12:35:00,773996,134,W,ML,482,60.5,107,64.3,116,62.2,103,60.5,95,58.2,61,54.2,,,34.145076,-118.215608,FM 2 NB TO 134 EB,9.573
2024-12-10 12:35:00,773998,134,W,HV,107,62.8,107,62.8,,,,,,,,,,,34.145076,-118.215608,FM 2 NB TO 134 EB,9.573
2024-12-10 12:35:00,774012,134,W,ML,483,59.9,101,64.9,147,61.6,129,58.5,106,54.5,,,,,34.148107,-118.197509,TOWNSEND,10.643
2024-12-10 12:35:00,774014,134,W,HV,107,62.8,107,62.8,,,,,,,,,,,34.148107,-118.197509,TOWNSEND,10.643
2024-12-10 12:35:00,774032,134,W,ML,106,62.8,22,68.1,32,64.6,29,61.3,23,57.2,,,,,34.141843,-118.182666,COLORADO,11.623
2024-12-10 12:35:00,774034,134,W,HV,107,62.8,107,62.8,,,,,,,,,,,34.141843,-118.182666,COLORADO,11.623
2024-12-10 12:35:00,774053,134,W,ML,106,62.8,22,68.1,32,64.6,29,61.3,23,57.2,,,,,34.15084,-118.234258,FM 2 SB TO 134,8.403
2024-12-10 12:35:00,774055,134,W,HV,107,62.8,107,62.8,,,,,,,,,,,34.15084,-118.234258,FM 2 SB TO 134,8.403
2024-12-10 12:40:00,716551,134,W,ML,334,59.0,89,63.8,91,60.7,79,56.4,75,54.2,,,,,34.154235,-118.274159,SAN FERNANDO,5.983
2024-12-10 12:40:00,716554,134,W,ML,318,62.8,33,76.0,90,72.4,87,60.1,108,53.0,,,,,34.156198,-118.265345,PACIFIC,6.503
2024-12-10 12:40:00,717099,134,W,ML,490,60.4,126,67.2,117,63.2,112,58.5,135,53.2,,,,,34.156447,-118.245195,GLENDALE 1,7.673
2024-12-10 12:40:00,717582,134,W,ML,383,66.0,105,78.0,77,61.8,101,66.4,100,56.1,,,,,34.156458,-118.262159,CENTRAL,6.693
2024-12-10 12:40:00,717590,134,W,ML,106,62.8,22,68.1,32,64.6,29,61.3,23,57.2,,,,,34.148123,-118.229499,HARVEY,8.743
2024-12-10 12:40:00,717597,134,W,ML,106,62.8,22,68.1,32,64.6,29,61.3,23,57.2,,,,,34.142674,-118.184801,FIGUEROA,11.473
2024-12-10 12:40:00,717599,134,W,ML,486,59.9,102,64.9,147,61.6,130,58.5,107,54.5,,,,,34.142896,-118.172193,SAN RAFAEL,12.253
2024-12-10 12:40:00,717603,134,W,ML,108,63.4,24,67.4,26,65.2,23,63.5,21,61.0,14,56.9,,,34.146519,-118.162409,ORANGE GROVE,12.763
2024-12-10 12:40:00,717604,134,W,HV,107,62.8,107,62.8,,,,,,,,,,,34.146519,-118.162409,ORANGE GROVE,12.763
2024-12-10 12:40:00,761035,134,W,HV,107,62.8,107,62.8,,,,,,,,,,,34.148123,-118.229499,HARVEY,8.743
2024-12-10 12:40:00,761038,134,W,HV,107,62.8,107,62.8,,,,,,,,,,,34.156447,-118.245195,GLENDALE 1,7.673
2024-12-10 12:40:00,761041,134,W,HV,107,62.8,107,62.8,,,,,,,,,,,34.156458,-118.262159,CENTRAL,6.693
2024-12-10 12:40:00,761044,134,W,HV,107,62.8,107,62.8,,,,,,,,,,,34.156198,-118.265345,PACIFIC,6.503
2024-12-10 12:40:00,763610,134,W,HV,107,62.8,107,62.8,,,,,,,,,,,34.142896,-118.172193,SAN RAFAEL,12.253
2024-12-10 12:40:00,763612,134,W,HV,107,62.8,107,62.8,,,,,,,,,,,34.142674,-118.184801,FIGUEROA,11.473
2024-12-10 12:40:00,773975,134,W,ML,106,62.8,22,68.1,32,64.6,29,61.3,23,57.2,,,,,34.14568,-118.221874,OAKVIEW,9.213
2024-12-10 12:40:00,773977,134,W,HV,107,62.8,107,62.8,,,,,,,,,,,34.14568,-118.221874,OAKVIEW,9.213
2024-12-10 12:40:00,773996,134,W,ML,487,60.5,108,64.3,117,62.2,104,60.5,96,58.2,62,54.2,,,34.145076,-118.215608,FM 2 NB TO 134 EB,9.573
2024-12-10 12:40:00,773998,134,W,HV,107,62.8,107,62.8,,,,,,,,,,,34.145076,-118.215608,FM 2 NB TO 134 EB,9.573
2024-12-10 12:40:00,774012,134,W,ML,486,59.9,102,64.9,147,61.6,130,58.5,107,54.5,,,,,34.148107,-118.197509,TOWNSEND,10.643
2024-12-10 12:40:00,774014,134,W,HV,107,62.8,107,62.8,,,,,,,,,,,34.148107,-118.197509,TOWNSEND,10.643
2024-12-10 12:40:00,774032,134,W,ML,106,62.8,22,68.1,32,64.6,29,61.3,23,57.2,,,,,34.141843,-118.182666,COLORADO,11.623
2024-12-10 12:40:00,774034,134,W,HV,107,62.8,107,62.8,,,,,,,,,,,34.141843,-118.182666,COLORADO,11.623
2024-12-10 12:40:00,774053,134,W,ML,106,62.8,22,68.1,32,64.6,29,61.3,23,57.2,,,,,34.15084,-118.234258,FM 2 SB TO 134,8.403
2024-12-10 12:40:00,774055,134,W,HV,107,62.8,107,62.8,,,,,,,,,,,34.15084,-118.234258,FM 2 SB TO 134,8.403
2024-12-10 12:45:00,716551,134,W,ML,394,58.7,107,63.4,107,60.3,93,56.0,87,53.8,,,,,34.154235,-118.274159,SAN FERNANDO,5.983
2024-12-10 12:45:00,716554,134,W,ML,398,61.9,47,75.8,121,68.6,98,59.6,132,52.4,,,,,34.156198,-118.265345,PACIFIC,6.503
2024-12-10 12:45:00,717099,134,W,ML,478,59.8,122,66.6,114,62.6,109,58.0,133,52.5,,,,,34.156447,-118.245195,GLENDALE 1,7.673
2024-12-10 12:45:00,717582,134,W,ML,400,64.6,108,74.8,96,60.8,90,66.6,106,55.8,,,,,34.156458,-118.262159,CENTRAL,6.693
2024-12-10 12:45:00,717590,134,W,ML,109,62.8,23,68.1,33,64.6,29,61.3,24,57.2,,,,,34.148123,-118.229499,HARVEY,8.743
2024-12-10 12:45:00,717597,134,W,ML,109,62.8,23,68.1,33,64.6,29,61.3,24,57.2,,,,,34.142674,-118.184801,FIGUEROA,11.473
2024-12-10 12:45:00,717599,134,W,ML,484,59.9,101,64.9,147,61.6,130,58.5,106,54.5,,,,,34.142896,-118.172193,SAN RAFAEL,12.253
2024-12-10 12:45:00,717603,134,W,ML,108,63.4,24,67.4,26,65.2,23,63.5,21,61.0,14,56.9,,,34.146519,-118.162409,ORANGE GROVE,12.763
2024-12-10 12:45:00,717604,134,W,HV,108,62.8,108,62.8,,,,,,,,,,,34.146519,-118.162409,ORANGE GROVE,12.763
2024-12-10 12:45:00,761035,134,W,HV,108,62.8,108,62.8,,,,,,,,,,,34.148123,-118.229499,HARVEY,8.743
2024-12-10 12:45:00,761038,134,W,HV,108,62.8,108,62.8,,,,,,,,,,,34.156447,-118.245195,GLENDALE 1,7.673
2024-12-10 12:45:00,761041,134,W,HV,108,62.8,108,62.8,,,,,,,,,,,34.156458,-118.262159,CENTRAL,6.693
2024-12-10 12:45:00,761044,134,W,HV,108,62.8,108,62.8,,,,,,,,,,,34.156198,-118.265345,PACIFIC,6.503
2024-12-10 12:45:00,763610,134,W,HV,108,62.8,108,62.8,,,,,,,,,,,34.142896,-118.172193,SAN RAFAEL,12.253
2024-12-10 12:45:00,763612,134,W,HV,108,62.8,108,62.8,,,,,,,,,,,34.142674,-118.184801,FIGUEROA,11.473
2024-12-10 12:45:00,773975,134,W,ML,109,62.8,23,68.1,33,64.6,29,61.3,24,57.2,,,,,34.14568,-118.221874,OAKVIEW,9.213
2024-12-10 12:45:00,773977,134,W,HV,108,62.8,108,62.8,,,,,,,,,,,34.14568,-118.221874,OAKVIEW,9.213
2024-12-10 12:45:00,773996,134,W,ML,485,60.5,107,64.3,117,62.2,103,60.5,96,58.2,62,54.2,,,34.145076,-118.215608,FM 2 NB TO 134 EB,9.573
2024-12-10 12:45:00,773998,134,W,HV,108,62.8,108,62.8,,,,,,,,,,,34.145076,-118.215608,FM 2 NB TO 134 EB,9.573
2024-12-10 12:45:00,774012,134,W,ML,484,59.9,101,64.9,147,61.6,130,58.5,106,54.5,,,,,34.148107,-118.197509,TOWNSEND,10.643
2024-12-10 12:45:00,774014,134,W,HV,108,62.8,108,62.8,,,,,,,,,,,34.148107,-118.197509,TOWNSEND,10.643
2024-12-10 12:45:00,774032,134,W,ML,109,62.8,23,68.1,33,64.6,29,61.3,24,57.2,,,,,34.141843,-118.182666,COLORADO,11.623
2024-12-10 12:45:00,774034,134,W,HV,108,62.8,108,62.8,,,,,,,,,,,34.141843,-118.182666,COLORADO,11.623
2024-12-10 12:45:00,774053,134,W,ML,109,62.8,23,68.1,33,64.6,29,61.3,24,57.2,,,,,34.15084,-118.234258,FM 2 SB TO 134,8.403
2024-12-10 12:45:00,774055,134,W,HV,108,62.8,108,62.8,,,,,,,,,,,34.15084,-118.234258,FM 2 SB TO 134,8.403
2024-12-10 12:50:00,716551,134,W,ML,360,58.8,97,63.5,98,60.4,85,56.2,80,54.0,,,,,34.154235,-118.274159,SAN FERNANDO,5.983
2024-12-10 12:50:00,716554,134,W,ML,347,63.3,41,76.2,99,71.7,95,59.8,112,54.1,,,,,34.156198,-118.265345,PACIFIC,6.503
2024-12-10 12:50:00,717099,134,W,ML,490,61.4,126,68.2,117,64.2,112,59.5,135,54.3,,,,,34.156447,-118.245195,GLENDALE 1,7.673
2024-12-10 12:50:00,717582,134,W,ML,397,65.7,106,75.6,89,63.6,102,65.7,100,57.0,,,,,34.156458,-118.262159,CENTRAL,6.693
2024-12-10 12:50:00,717590,134,W,ML,106,62.7,22,68.0,32,64.5,29,61.2,23,57.1,,,,,34.148123,-118.229499,HARVEY,8.743
2024-12-10 12:50:00,717597,134,W,ML,106,62.7,22,68.0,32,64.5,29,61.2,23,57.1,,,,,34.142674,-118.184801,FIGUEROA,11.473
2024-12-10 12:50:00,717599,134,W,ML,484,60.0,101,65.0,147,61.7,130,58.6,106,54.6,,,,,34.142896,-118.172193,SAN RAFAEL,12.253
2024-12-10 12:50:00,717603,134,W,ML,108,63.3,24,67.3,26,65.1,23,63.4,21,60.9,14,56.8,,,34.146519,-118.162409,ORANGE GROVE,12.763
2024-12-10 12:50:00,717604,134,W,HV,107,62.7,107,62.7,,,,,,,,,,,34.146519,-118.162409,ORANGE GROVE,12.763
2024-12-10 12:50:00,761035,134,W,HV,107,62.7,107,62.7,,,,,,,,,,,34.148123,-118.229499,HARVEY,8.743
2024-12-10 12:50:00,761038,134,W,HV,107,62.7,107,62.7,,,,,,,,,,,34.156447,-118.245195,GLENDALE 1,7.673
2024-12-10 12:50:00,761041,134,W,HV,107,62.7,107,62.7,,,,,,,,,,,34.156458,-118.262159,CENTRAL,6.693
2024-12-10 12:50:00,761044,134,W,HV,107,62.7,107,62.7,,,,,,,,,,,34.156198,-118.265345,PACIFIC,6.503
2024-12-10 12:50:00,763610,134,W,HV,107,62.7,107,62.7,,,,,,,,,,,34.142896,-118.172193,SAN RAFAEL,12.253
2024-12-10 12:50:00,763612,134,W,HV,107,62.7,107,62.7,,,,,,,,,,,34.142674,-118.184801,FIGUEROA,11.473
2024-12-10 12:50:00,773975,134,W,ML,106,62.7,22,68.0,32,64.5,29,61.2,23,57.1,,,,,34.14568,-118.221874,OAKVIEW,9.213
2024-12-10 12:50:00,773977,134,W,HV,107,62.7,107,62.7,,,,,,,,,,,34.14568,-118.221874,OAKVIEW,9.213
2024-12-10 12:50:00,773996,134,W,ML,484,60.6,107,64.4,117,62.3,103,60.6,96,58.3,61,54.3,,,34.145076,-118.215608,FM 2 NB TO 134 EB,9.573
2024-12-10 12:50:00,773998,134,W,HV,107,62.7,107,62.7,,,,,,,,,,,34.145076,-118.215608,FM 2 NB TO 134 EB,9.573
2024-12-10 12:50:00,774012,134,W,ML,484,60.0,101,65.0,147,61.7,130,58.6,106,54.6,,,,,34.148107,-118.197509,TOWNSEND,10.643
2024-12-10 12:50:00,774014,134,W,HV,107,62.7,107,62.7,,,,,,,,,,,34.148107,-118.197509,TOWNSEND,10.643
2024-12-10 12:50:00,774032,134,W,ML,106,62.7,22,68.0,32,64.5,29,61.2,23,57.1,,,,,34.141843,-118.182666,COLORADO,11.623
2024-12-10 12:50:00,774034,134,W,HV,107,62.7,107,62.7,,,,,,,,,,,34.141843,-118.182666,COLORADO,11.623
2024-12-10 12:50:00,774053,134,W,ML,106,62.7,22,68.0,32,64.5,29,61.2,23,57.1,,,,,34.15084,-118.234258,FM 2 SB TO 134,8.403
2024-12-10 12:50:00,774055,134,W,HV,107,62.7,107,62.7,,,,,,,,,,,34.15084,-118.234258,FM 2 SB TO 134,8.403
2024-12-10 12:55:00,716551,134,W,ML,371,58.5,101,63.0,101,59.9,87,56.0,82,53.8,,,,,34.154235,-118.274159,SAN FERNANDO,5.983
2024-12-10 12:55:00,716554,134,W,ML,365,62.1,34,76.0,103,71.3,101,58.4,127,54.0,,,,,34.156198,-118.265345,PACIFIC,6.503
2024-12-10 12:55:00,717099,134,W,ML,536,61.2,137,68.0,128,64.0,122,59.3,149,54.0,,,,,34.156447,-118.245195,GLENDALE 1,7.673
2024-12-10 12:55:00,717582,134,W,ML,413,65.2,102,73.9,98,63.2,100,66.7,113,57.8,,,,,34.156458,-118.262159,CENTRAL,6.693
2024-12-10 12:55:00,717590,134,W,ML,106,62.8,22,68.1,32,64.6,29,61.3,23,57.2,,,,,34.148123,-118.229499,HARVEY,8.743
2024-12-10 12:55:00,717597,134,W,ML,106,62.8,22,68.1,32,64.6,29,61.3,23,57.2,,,,,34.142674,-118.184801,FIGUEROA,11.473
2024-12-10 12:55:00,717599,134,W,ML,478,60.0,100,65.0,145,61.7,128,58.6,105,54.6,,,,,34.142896,-118.172193,SAN RAFAEL,12.253
2024-12-10 12:55:00,717603,134,W,ML,108,63.4,24,67.4,26,65.2,23,63.5,21,61.0,14,56.9,,,34.146519,-118.162409,ORANGE GROVE,12.763
2024-12-10 12:55:00,717604,134,W,HV,107,62.8,107,62.8,,,,,,,,,,,34.146519,-118.162409,ORANGE GROVE,12.763
2024-12-10 12:55:00,761035,134,W,HV,107,62.8,107,62.8,,,,,,,,,,,34.148123,-118.229499,HARVEY,8.743
2024-12-10 12:55:00,761038,134,W,HV,107,62.8,107,62.8,,,,,,,,,,,34.156447,-118.245195,GLENDALE 1,7.673
2024-12-10 12:55:00,761041,134,W,HV,107,62.8,107,62.8,,,,,,,,,,,34.156458,-118.262159,CENTRAL,6.693
2024-12-10 12:55:00,761044,134,W,HV,107,62.8,107,62.8,,,,,,,,,,,34.156198,-118.265345,PACIFIC,6.503
2024-12-10 12:55:00,763610,134,W,HV,107,62.8,107,62.8,,,,,,,,,,,34.142896,-118.172193,SAN RAFAEL,12.253
2024-12-10 12:55:00,763612,134,W,HV,107,62.8,107,62.8,,,,,,,,,,,34.142674,-118.184801,FIGUEROA,11.473
2024-12-10 12:55:00,773975,134,W,ML,106,62.8,22,68.1,32,64.6,29,61.3,23,57.2,,,,,34.14568,-118.221874,OAKVIEW,9.213
2024-12-10 12:55:00,773977,134,W,HV,107,62.8,107,62.8,,,,,,,,,,,34.14568,-118.221874,OAKVIEW,9.213
2024-12-10 12:55:00,773996,134,W,ML,479,60.6,106,64.4,115,62.3,102,60.6,95,58.3,61,54.3,,,34.145076,-118.215608,FM 2 NB TO 134 EB,9.573
2024-12-10 12:55:00,773998,134,W,HV,107,62.8,107,62.8,,,,,,,,,,,34.145076,-118.215608,FM 2 NB TO 134 EB,9.573
2024-12-10 12:55:00,774012,134,W,ML,478,60.0,100,65.0,145,61.7,128,58.6,105,54.6,,,,,34.148107,-118.197509,TOWNSEND,10.643
2024-12-10 12:55:00,774014,134,W,HV,107,62.8,107,62.8,,,,,,,,,,,34.148107,-118.197509,TOWNSEND,10.643
2024-12-10 12:55:00,774032,134,W,ML,106,62.8,22,68.1,32,64.6,29,61.3,23,57.2,,,,,34.141843,-118.182666,COLORADO,11.623
2024-12-10 12:55:00,774034,134,W,HV,107,62.8,107,62.8,,,,,,,,,,,34.141843,-118.182666,COLORADO,11.623
2024-12-10 12:55:00,774053,134,W,ML,106,62.8,22,68.1,32,64.6,29,61.3,23,57.2,,,,,34.15084,-118.234258,FM 2 SB TO 134,8.403
2024-12-10 12:55:00,774055,134,W,HV,107,62.8,107,62.8,,,,,,,,,,,34.15084,-118.234258,FM 2 SB TO 134,8.403
2024-12-10 13:00:00,716551,134,W,ML,393,57.2,107,61.7,107,58.6,92,54.8,87,52.7,,,,,34.154235,-118.274159,SAN FERNANDO,5.983
2024-12-10 13:00:00,716554,134,W,ML,347,61.2,32,75.8,111,71.0,96,57.0,108,50.4,,,,,34.156198,-118.265345,PACIFIC,6.503
2024-12-10 13:00:00,717099,134,W,ML,456,60.8,117,67.6,109,63.6,104,59.0,126,53.6,,,,,34.156447,-118.245195,GLENDALE 1,7.673
2024-12-10 13:00:00,717582,134,W,ML,370,64.0,99,73.6,86,62.6,92,66.0,93,53.2,,,,,34.156458,-118.262159,CENTRAL,6.693
2024-12-10 13:00:00,717590,134,W,ML,106,62.5,22,67.8,32,64.3,29,61.0,23,56.9,,,,,34.148123,-118.229499,HARVEY,8.743
2024-12-10 13:00:00,717597,134,W,ML,106,62.5,22,67.8,32,64.3,29,61.0,23,56.9,,,,,34.142674,-118.184801,FIGUEROA,11.473
2024-12-10 13:00:00,717599,134,W,ML,476,60.0,100,65.0,144,61.7,128,58.6,104,54.6,,,,,34.142896,-118.172193,SAN RAFAEL,12.253
2024-12-10 13:00:00,717603,134,W,ML,108,63.1,24,67.1,26,64.9,23,63.2,21,60.7,14,56.6,,,34.146519,-118.162409,ORANGE GROVE,12.763
2024-12-10 13:00:00,717604,134,W,HV,107,62.5,107,62.5,,,,,,,,,,,34.146519,-118.162409,ORANGE GROVE,12.763
2024-12-10 13:00:00,761035,134,W,HV,107,62.5,107,62.5,,,,,,,,,,,34.148123,-118.229499,HARVEY,8.743
2024-12-10 13:00:00,761038,134,W,HV,107,62.5,107,62.5,,,,,,,,,,,34.156447,-118.245195,GLENDALE 1,7.673
2024-12-10 13:00:00,761041,134,W,HV,107,62.5,107,62.5,,,,,,,,,,,34.156458,-118.262159,CENTRAL,6.693
2024-12-10 13:00:00,761044,134,W,HV,107,62.5,107,62.5,,,,,,,,,,,34.156198,-118.265345,PACIFIC,6.503
2024-12-10 13:00:00,763610,134,W,HV,107,62.5,107,62.5,,,,,,,,,,,34.142896,-118.172193,SAN RAFAEL,12.253
2024-12-10 13:00:00,763612,134,W,HV,107,62.5,107,62.5,,,,,,,,,,,34.142674,-118.184801,FIGUEROA,11.473
2024-12-10 13:00:00,773975,134,W,ML,106,62.5,22,67.8,32,64.3,29,61.0,23,56.9,,,,,34.14568,-118.221874,OAKVIEW,9.213
2024-12-10 13:00:00,773977,134,W,HV,107,62.5,107,62.5,,,,,,,,,,,34.14568,-118.221874,OAKVIEW,9.213
2024-12-10 13:00:00,773996,134,W,ML,475,60.6,105,64.4,115,62.3,101,60.6,94,58.3,60,54.3,,,34.145076,-118.215608,FM 2 NB TO 134 EB,9.573
2024-12-10 13:00:00,773998,134,W,HV,107,62.5,107,62.5,,,,,,,,,,,34.145076,-118.215608,FM 2 NB TO 134 EB,9.573
2024-12-10 13:00:00,774012,134,W,ML,476,60.0,100,65.0,144,61.7,128,58.6,104,54.6,,,,,34.148107,-118.197509,TOWNSEND,10.643
2024-12-10 13:00:00,774014,134,W,HV,107,62.5,107,62.5,,,,,,,,,,,34.148107,-118.197509,TOWNSEND,10.643
2024-12-10 13:00:00,774032,134,W,ML,106,62.5,22,67.8,32,64.3,29,61.0,23,56.9,,,,,34.141843,-118.182666,COLORADO,11.623
2024-12-10 13:00:00,774034,134,W,HV,107,62.5,107,62.5,,,,,,,,,,,34.141843,-118.182666,COLORADO,11.623
2024-12-10 13:00:00,774053,134,W,ML,106,62.5,22,67.8,32,64.3,29,61.0,23,56.9,,,,,34.15084,-118.234258,FM 2 SB TO 134,8.403
2024-12-10 13:00:00,774055,134,W,HV,107,62.5,107,62.5,,,,,,,,,,,34.15084,-118.234258,FM 2 SB TO 134,8.403
2024-12-10 13:05:00,716551,134,W,ML,365,57.7,99,62.4,99,59.3,86,55.1,81,53.0,,,,,34.154235,-118.274159,SAN FERNANDO,5.983
2024-12-10 13:05:00,716554,134,W,ML,369,62.6,35,75.8,106,72.3,101,58.3,127,54.2,,,,,34.156198,-118.265345,PACIFIC,6.503
2024-12-10 13:05:00,717099,134,W,ML,499,61.9,128,68.7,120,64.7,114,59.9,137,54.7,,,,,34.156447,-118.245195,GLENDALE 1,7.673
2024-12-10 13:05:00,717582,134,W,ML,416,64.7,114,74.7,96,64.4,104,65.6,102,52.8,,,,,34.156458,-118.262159,CENTRAL,6.693
2024-12-10 13:05:00,717590,134,W,ML,105,62.4,22,67.6,32,64.2,28,61.0,23,56.8,,,,,34.148123,-118.229499,HARVEY,8.743
2024-12-10 13:05:00,717597,134,W,ML,105,62.4,22,67.6,32,64.2,28,61.0,23,56.8,,,,,34.142674,-118.184801,FIGUEROA,11.473
2024-12-10 13:05:00,717599,134,W,ML,482,60.0,101,65.0,146,61.7,129,58.6,106,54.6,,,,,34.142896,-118.172193,SAN RAFAEL,12.253
2024-12-10 13:05:00,717603,134,W,ML,106,63.1,23,67.0,26,64.8,23,63.1,21,60.6,13,56.5,,,34.146519,-118.162409,ORANGE GROVE,12.763
2024-12-10 13:05:00,717604,134,W,HV,106,62.4,106,62.4,,,,,,,,,,,34.146519,-118.162409,ORANGE GROVE,12.763
2024-12-10 13:05:00,761035,134,W,HV,106,62.4,106,62.4,,,,,,,,,,,34.148123,-118.229499,HARVEY,8.743
2024-12-10 13:05:00,761038,134,W,HV,106,62.4,106,62.4,,,,,,,,,,,34.156447,-118.245195,GLENDALE 1,7.673
2024-12-10 13:05:00,761041,134,W,HV,106,62.4,106,62.4,,,,,,,,,,,34.156458,-118.262159,CENTRAL,6.693
2024-12-10 13:05:00,761044,134,W,HV,106,62.4,106,62.4,,,,,,,,,,,34.156198,-118.265345,PACIFIC,6.503
2024-12-10 13:05:00,763610,134,W,HV,106,62.4,106,62.4,,,,,,,,,,,34.142896,-118.172193,SAN RAFAEL,12.253
2024-12-10 13:05:00,763612,134,W,HV,106,62.4,106,62.4,,,,,,,,,,,34.142674,-118.184801,FIGUEROA,11.473
2024-12-10 13:05:00,773975,134,W,ML,105,62.4,22,67.6,32,64.2,28,61.0,23,56.8,,,,,34.14568,-118.221874,OAKVIEW,9.213
2024-12-10 13:05:00,773977,134,W,HV,106,62.4,106,62.4,,,,,,,,,,,34.14568,-118.221874,OAKVIEW,9.213
2024-12-10 13:05:00,773996,134,W,ML,480,60.6,106,64.4,116,62.3,102,60.6,95,58.3,61,54.3,,,34.145076,-118.215608,FM 2 NB TO 134 EB,9.573
2024-12-10 13:05:00,773998,134,W,HV,106,62.4,106,62.4,,,,,,,,,,,34.145076,-118.215608,FM 2 NB TO 134 EB,9.573
2024-12-10 13:05:00,774012,134,W,ML,482,60.0,101,65.0,146,61.7,129,58.6,106,54.6,,,,,34.148107,-118.197509,TOWNSEND,10.643
2024-12-10 13:05:00,774014,134,W,HV,106,62.4,106,62.4,,,,,,,,,,,34.148107,-118.197509,TOWNSEND,10.643
2024-12-10 13:05:00,774032,134,W,ML,105,62.4,22,67.6,32,64.2,28,61.0,23,56.8,,,,,34.141843,-118.182666,COLORADO,11.623
2024-12-10 13:05:00,774034,134,W,HV,106,62.4,106,62.4,,,,,,,,,,,34.141843,-118.182666,COLORADO,11.623
2024-12-10 13:05:00,774053,134,W,ML,105,62.4,22,67.6,32,64.2,28,61.0,23,56.8,,,,,34.15084,-118.234258,FM 2 SB TO 134,8.403
2024-12-10 13:05:00,774055,134,W,HV,106,62.4,106,62.4,,,,,,,,,,,34.15084,-118.234258,FM 2 SB TO 134,8.403
2024-12-10 13:10:00,716551,134,W,ML,388,58.8,106,63.4,105,60.4,91,56.1,86,53.9,,,,,34.154235,-118.274159,SAN FERNANDO,5.983
2024-12-10 13:10:00,716554,134,W,ML,362,62.2,29,75.7,109,71.7,99,59.7,125,52.7,,,,,34.156198,-118.265345,PACIFIC,6.503
2024-12-10 13:10:00,717099,134,W,ML,551,62.2,142,69.0,132,64.9,125,60.2,152,55.1,,,,,34.156447,-118.245195,GLENDALE 1,7.673
2024-12-10 13:10:00,717582,134,W,ML,422,64.9,114,74.1,92,64.9,103,66.9,113,53.7,,,,,34.156458,-118.262159,CENTRAL,6.693
2024-12-10 13:10:00,717590,134,W,ML,106,62.4,22,67.6,32,64.2,29,61.0,23,56.8,,,,,34.148123,-118.229499,HARVEY,8.743
2024-12-10 13:10:00,717597,134,W,ML,106,62.4,22,67.6,32,64.2,29,61.0,23,56.8,,,,,34.142674,-118.184801,FIGUEROA,11.473
2024-12-10 13:10:00,717599,134,W,ML,486,60.0,102,65.0,147,61.7,130,58.6,107,54.6,,,,,34.142896,-118.172193,SAN RAFAEL,12.253
2024-12-10 13:10:00,717603,134,W,ML,108,63.0,24,67.0,26,64.8,23,63.1,21,60.6,14,56.5,,,34.146519,-118.162409,ORANGE GROVE,12.763
2024-12-10 13:10:00,717604,134,W,HV,107,62.4,107,62.4,,,,,,,,,,,34.146519,-118.162409,ORANGE GROVE,12.763
2024-12-10 13:10:00,761035,134,W,HV,107,62.4,107,62.4,,,,,,,,,,,34.148123,-118.229499,HARVEY,8.743
2024-12-10 13:10:00,761038,134,W,HV,107,62.4,107,62.4,,,,,,,,,,,34.156447,-118.245195,GLENDALE 1,7.673
2024-12-10 13:10:00,761041,134,W,HV,107,62.4,107,62.4,,,,,,,,,,,34.156458,-118.262159,CENTRAL,6.693
2024-12-10 13:10:00,761044,134,W,HV,107,62.4,107,62.4,,,,,,,,,,,34.156198,-118.265345,PACIFIC,6.503
2024-12-10 13:10:00,763610,134,W,HV,107,62.4,107,62.4,,,,,,,,,,,34.142896,-118.172193,SAN RAFAEL,12.253
2024-12-10 13:10:00,763612,134,W,HV,107,62.4,107,62.4,,,,,,,,,,,34.142674,-118.184801,FIGUEROA,11.473
2024-12-10 13:10:00,773975,134,W,ML,106,62.4,22,67.6,32,64.2,29,61.0,23,56.8,,,,,34.14568,-118.221874,OAKVIEW,9.213
2024-12-10 13:10:00,773977,134,W,HV,107,62.4,107,62.4,,,,,,,,,,,34.14568,-118.221874,OAKVIEW,9.213
2024-12-10 13:10:00,773996,134,W,ML,487,60.6,108,64.4,117,62.3,104,60.6,96,58.3,62,54.3,,,34.145076,-118.215608,FM 2 NB TO 134 EB,9.573
2024-12-10 13:10:00,773998,134,W,HV,107,62.4,107,62.4,,,,,,,,,,,34.145076,-118.215608,FM 2 NB TO 134 EB,9.573
2024-12-10 13:10:00,774012,134,W,ML,486,60.0,102,65.0,147,61.7,130,58.6,107,54.6,,,,,34.148107,-118.197509,TOWNSEND,10.643
2024-12-10 13:10:00,774014,134,W,HV,107,62.4,107,62.4,,,,,,,,,,,34.148107,-118.197509,TOWNSEND,10.643
2024-12-10 13:10:00,774032,134,W,ML,106,62.4,22,67.6,32,64.2,29,61.0,23,56.8,,,,,34.141843,-118.182666,COLORADO,11.623
2024-12-10 13:10:00,774034,134,W,HV,107,62.4,107,62.4,,,,,,,,,,,34.141843,-118.182666,COLORADO,11.623
2024-12-10 13:10:00,774053,134,W,ML,106,62.4,22,67.6,32,64.2,29,61.0,23,56.8,,,,,34.15084,-118.234258,FM 2 SB TO 134,8.403
2024-12-10 13:10:00,774055,134,W,HV,107,62.4,107,62.4,,,,,,,,,,,34.15084,-118.234258,FM 2 SB TO 134,8.403
2024-12-10 13:15:00,716551,134,W,ML,375,58.8,101,63.5,102,60.4,89,56.2,83,54.0,,,,,34.154235,-118.274159,SAN FERNANDO,5.983
2024-12-10 13:15:00,716554,134,W,ML,346,62.8,23,75.5,106,73.5,104,59.8,113,52.9,,,,,34.156198,-118.265345,PACIFIC,6.503
2024-12-10 13:15:00,717099,134,W,ML,437,62.6,111,69.5,105,65.4,100,60.6,121,55.5,,,,,34.156447,-118.245195,GLENDALE 1,7.673
2024-12-10 13:15:00,717582,134,W,ML,396,67.6,104,76.0,95,65.7,108,68.3,89,59.1,,,,,34.156458,-118.262159,CENTRAL,6.693
2024-12-10 13:15:00,717590,134,W,ML,109,62.4,23,67.6,33,64.2,29,61.0,24,56.8,,,,,34.148123,-118.229499,HARVEY,8.743
2024-12-10 13:15:00,717597,134,W,ML,109,62.4,23,67.6,33,64.2,29,61.0,24,56.8,,,,,34.142674,-118.184801,FIGUEROA,11.473
2024-12-10 13:15:00,717599,134,W,ML,490,60.0,102,65.0,149,61.7,131,58.6,108,54.6,,,,,34.142896,-118.172193,SAN RAFAEL,12.253
2024-12-10 13:15:00,717603,134,W,ML,109,63.0,24,67.0,26,64.8,23,63.1,22,60.6,14,56.5,,,34.146519,-118.162409,ORANGE GROVE,12.763
2024-12-10 13:15:00,717604,134,W,HV,109,62.4,109,62.4,,,,,,,,,,,34.146519,-118.162409,ORANGE GROVE,12.763
2024-12-10 13:15:00,761035,134,W,HV,109,62.4,109,62.4,,,,,,,,,,,34.148123,-118.229499,HARVEY,8.743
2024-12-10 13:15:00,761038,134,W,HV,109,62.4,109,62.4,,,,,,,,,,,34.156447,-118.245195,GLENDALE 1,7.673
2024-12-10 13:15:00,761041,134,W,HV,109,62.4,109,62.4,,,,,,,,,,,34.156458,-118.262159,CENTRAL,6.693
2024-12-10 13:15:00,761044,134,W,HV,109,62.4,109,62.4,,,,,,,,,,,34.156198,-118.265345,PACIFIC,6.503
2024-12-10 13:15:00,763610,134,W,HV,109,62.4,109,62.4,,,,,,,,,,,34.142896,-118.172193,SAN RAFAEL,12.253
2024-12-10 13:15:00,763612,134,W,HV,109,62.4,109,62.4,,,,,,,,,,,34.142674,-118.184801,FIGUEROA,11.473
2024-12-10 13:15:00,773975,134,W,ML,109,62.4,23,67.6,33,64.2,29,61.0,24,56.8,,,,,34.14568,-118.221874,OAKVIEW,9.213
2024-12-10 13:15:00,773977,134,W,HV,109,62.4,109,62.4,,,,,,,,,,,34.14568,-118.221874,OAKVIEW,9.213
2024-12-10 13:15:00,773996,134,W,ML,489,60.6,108,64.4,118,62.3,104,60.6,97,58.3,62,54.3,,,34.145076,-118.215608,FM 2 NB TO 134 EB,9.573
2024-12-10 13:15:00,773998,134,W,HV,109,62.4,109,62.4,,,,,,,,,,,34.145076,-118.215608,FM 2 NB TO 134 EB,9.573
2024-12-10 13:15:00,774012,134,W,ML,490,60.0,102,65.0,149,61.7,131,58.6,108,54.6,,,,,34.148107,-118.197509,TOWNSEND,10.643
2024-12-10 13:15:00,774014,134,W,HV,109,62.4,109,62.4,,,,,,,,,,,34.148107,-118.197509,TOWNSEND,10.643
2024-12-10 13:15:00,774032,134,W,ML,109,62.4,23,67.6,33,64.2,29,61.0,24,56.8,,,,,34.141843,-118.182666,COLORADO,11.623
2024-12-10 13:15:00,774034,134,W,HV,109,62.4,109,62.4,,,,,,,,,,,34.141843,-118.182666,COLORADO,11.623
2024-12-10 13:15:00,774053,134,W,ML,109,62.4,23,67.6,33,64.2,29,61.0,24,56.8,,,,,34.15084,-118.234258,FM 2 SB TO 134,8.403
2024-12-10 13:15:00,774055,134,W,HV,109,62.4,109,62.4,,,,,,,,,,,34.15084,-118.234258,FM 2 SB TO 134,8.403
2024-12-10 13:20:00,716551,134,W,ML,390,59.4,106,64.1,106,61.0,92,56.7,86,54.4,,,,,34.154235,-118.274159,SAN FERNANDO,5.983
2024-12-10 13:20:00,716554,134,W,ML,358,63.1,39,75.9,110,71.6,84,60.5,125,53.3,,,,,34.156198,-118.265345,PACIFIC,6.503
2024-12-10 13:20:00,717099,134,W,ML,445,61.0,113,67.9,106,63.9,102,59.2,124,53.9,,,,,34.156447,-118.245195,GLENDALE 1,7.673
2024-12-10 13:20:00,717582,134,W,ML,389,66.3,105,76.5,103,63.0,84,67.9,97,57.5,,,,,34.156458,-118.262159,CENTRAL,6.693
2024-12-10 13:20:00,717590,134,W,ML,109,62.3,23,67.5,33,64.1,29,60.9,24,56.7,,,,,34.148123,-118.229499,HARVEY,8.743
2024-12-10 13:20:00,717597,134,W,ML,109,62.3,23,67.5,33,64.1,29,60.9,24,56.7,,,,,34.142674,-118.184801,FIGUEROA,11.473
2024-12-10 13:20:00,717599,134,W,ML,492,59.9,103,64.9,149,61.6,132,58.5,108,54.5,,,,,34.142896,-118.172193,SAN RAFAEL,12.253
2024-12-10 13:20:00,717603,134,W,ML,110,62.9,24,66.9,27,64.7,23,63.0,22,60.5,14,56.4,,,34.146519,-118.162409,ORANGE GROVE,12.763
2024-12-10 13:20:00,717604,134,W,HV,110,62.3,110,62.3,,,,,,,,,,,34.146519,-118.162409,ORANGE GROVE,12.763
2024-12-10 13:20:00,761035,134,W,HV,110,62.3,110,62.3,,,,,,,,,,,34.148123,-118.229499,HARVEY,8.743
2024-12-10 13:20:00,761038,134,W,HV,110,62.3,110,62.3,,,,,,,,,,,34.156447,-118.245195,GLENDALE 1,7.673
2024-12-10 13:20:00,761041,134,W,HV,110,62.3,110,62.3,,,,,,,,,,,34.156458,-118.262159,CENTRAL,6.693
2024-12-10 13:20:00,761044,134,W,HV,110,62.3,110,62.3,,,,,,,,,,,34.156198,-118.265345,PACIFIC,6.503
2024-12-10 13:20:00,763610,134,W,HV,110,62.3,110,62.3,,,,,,,,,,,34.142896,-118.172193,SAN RAFAEL,12.253
2024-12-10 13:20:00,763612,134,W,HV,110,62.3,110,62.3,,,,,,,,,,,34.142674,-118.184801,FIGUEROA,11.473
2024-12-10 13:20:00,773975,134,W,ML,109,62.3,23,67.5,33,64.1,29,60.9,24,56.7,,,,,34.14568,-118.221874,OAKVIEW,9.213
2024-12-10 13:20:00,773977,134,W,HV,110,62.3,110,62.3,,,,,,,,,,,34.14568,-118.221874,OAKVIEW,9.213
2024-12-10 13:20:00,773996,134,W,ML,491,60.5,109,64.3,118,62.2,105,60.5,97,58.2,62,54.2,,,34.145076,-118.215608,FM 2 NB TO 134 EB,9.573
2024-12-10 13:20:00,773998,134,W,HV,110,62.3,110,62.3,,,,,,,,,,,34.145076,-118.215608,FM 2 NB TO 134 EB,9.573
2024-12-10 13:20:00,774012,134,W,ML,492,59.9,103,64.9,149,61.6,132,58.5,108,54.5,,,,,34.148107,-118.197509,TOWNSEND,10.643
2024-12-10 13:20:00,774014,134,W,HV,110,62.3,110,62.3,,,,,,,,,,,34.148107,-118.197509,TOWNSEND,10.643
2024-12-10 13:20:00,774032,134,W,ML,109,62.3,23,67.5,33,64.1,29,60.9,24,56.7,,,,,34.141843,-118.182666,COLORADO,11.623
2024-12-10 13:20:00,774034,134,W,HV,110,62.3,110,62.3,,,,,,,,,,,34.141843,-118.182666,COLORADO,11.623
2024-12-10 13:20:00,774053,134,W,ML,109,62.3,23,67.5,33,64.1,29,60.9,24,56.7,,,,,34.15084,-118.234258,FM 2 SB TO 134,8.403
2024-12-10 13:20:00,774055,134,W,HV,110,62.3,110,62.3,,,,,,,,,,,34.15084,-118.234258,FM 2 SB TO 134,8.403
2024-12-10 13:25:00,716551,134,W,ML,376,57.9,102,62.5,102,59.5,89,55.3,83,53.2,,,,,34.154235,-118.274159,SAN FERNANDO,5.983
2024-12-10 13:25:00,716554,134,W,ML,352,62.1,41,75.8,105,69.5,93,58.6,113,53.2,,,,,34.156198,-118.265345,PACIFIC,6.503
2024-12-10 13:25:00,717099,134,W,ML,490,60.3,126,67.1,117,63.1,112,58.5,135,53.1,,,,,34.156447,-118.245195,GLENDALE 1,7.673
2024-12-10 13:25:00,717582,134,W,ML,389,65.8,109,76.1,85,61.7,95,64.2,100,59.6,,,,,34.156458,-118.262159,CENTRAL,6.693
2024-12-10 13:25:00,717590,134,W,ML,111,62.3,23,67.5,34,64.1,30,60.9,24,56.7,,,,,34.148123,-118.229499,HARVEY,8.743
2024-12-10 13:25:00,717597,134,W,ML,111,62.3,23,67.5,34,64.1,30,60.9,24,56.7,,,,,34.142674,-118.184801,FIGUEROA,11.473
2024-12-10 13:25:00,717599,134,W,ML,492,59.9,103,64.9,149,61.6,132,58.5,108,54.5,,,,,34.142896,-118.172193,SAN RAFAEL,12.253
2024-12-10 13:25:00,717603,134,W,ML,112,63.0,25,66.9,27,64.7,24,63.0,22,60.5,14,56.4,,,34.146519,-118.162409,ORANGE GROVE,12.763
2024-12-10 13:25:00,717604,134,W,HV,111,62.3,111,62.3,,,,,,,,,,,34.146519,-118.162409,ORANGE GROVE,12.763
2024-12-10 13:25:00,761035,134,W,HV,111,62.3,111,62.3,,,,,,,,,,,34.148123,-118.229499,HARVEY,8.743
2024-12-10 13:25:00,761038,134,W,HV,111,62.3,111,62.3,,,,,,,,,,,34.156447,-118.245195,GLENDALE 1,7.673
2024-12-10 13:25:00,761041,134,W,HV,111,62.3,111,62.3,,,,,,,,,,,34.156458,-118.262159,CENTRAL,6.693
2024-12-10 13:25:00,761044,134,W,HV,111,62.3,111,62.3,,,,,,,,,,,34.156198,-118.265345,PACIFIC,6.503
2024-12-10 13:25:00,763610,134,W,HV,111,62.3,111,62.3,,,,,,,,,,,34.142896,-118.172193,SAN RAFAEL,12.253
2024-12-10 13:25:00,763612,134,W,HV,111,62.3,111,62.3,,,,,,,,,,,34.142674,-118.184801,FIGUEROA,11.473
2024-12-10 13:25:00,773975,134,W,ML,111,62.3,23,67.5,34,64.1,30,60.9,24,56.7,,,,,34.14568,-118.221874,OAKVIEW,9.213
2024-12-10 13:25:00,773977,134,W,HV,111,62.3,111,62.3,,,,,,,,,,,34.14568,-118.221874,OAKVIEW,9.213
2024-12-10 13:25:00,773996,134,W,ML,492,60.5,109,64.3,119,62.2,105,60.5,97,58.2,62,54.2,,,34.145076,-118.215608,FM 2 NB TO 134 EB,9.573
2024-12-10 13:25:00,773998,134,W,HV,111,62.3,111,62.3,,,,,,,,,,,34.145076,-118.215608,FM 2 NB TO 134 EB,9.573
2024-12-10 13:25:00,774012,134,W,ML,492,59.9,103,64.9,149,61.6,132,58.5,108,54.5,,,,,34.148107,-118.197509,TOWNSEND,10.643
2024-12-10 13:25:00,774014,134,W,HV,111,62.3,111,62.3,,,,,,,,,,,34.148107,-118.197509,TOWNSEND,10.643
2024-12-10 13:25:00,774032,134,W,ML,111,62.3,23,67.5,34,64.1,30,60.9,24,56.7,,,,,34.141843,-118.182666,COLORADO,11.623
2024-12-10 13:25:00,774034,134,W,HV,111,62.3,111,62.3,,,,,,,,,,,34.141843,-118.182666,COLORADO,11.623
2024-12-10 13:25:00,774053,134,W,ML,111,62.3,23,67.5,34,64.1,30,60.9,24,56.7,,,,,34.15084,-118.234258,FM 2 SB TO 134,8.403
2024-12-10 13:25:00,774055,134,W,HV,111,62.3,111,62.3,,,,,,,,,,,34.15084,-118.234258,FM 2 SB TO 134,8.403
2024-12-10 13:30:00,716551,134,W,ML,405,60.4,111,65.1,110,61.9,95,57.8,89,55.4,,,,,34.154235,-118.274159,SAN FERNANDO,5.983
2024-12-10 13:30:00,716554,134,W,ML,381,63.0,37,76.0,115,71.2,102,59.7,127,54.5,,,,,34.156198,-118.265345,PACIFIC,6.503
2024-12-10 13:30:00,717099,134,W,ML,584,61.3,151,68.1,140,64.1,132,59.4,161,54.1,,,,,34.156447,-118.245195,GLENDALE 1,7.673
2024-12-10 13:30:00,717582,134,W,ML,447,66.4,119,76.8,99,63.4,109,64.3,120,60.4,,,,,34.156458,-118.262159,CENTRAL,6.693
2024-12-10 13:30:00,717590,134,W,ML,112,62.3,23,67.5,34,64.1,30,60.9,25,56.7,,,,,34.148123,-118.229499,HARVEY,8.743
2024-12-10 13:30:00,717597,134,W,ML,112,62.3,23,67.5,34,64.1,30,60.9,25,56.7,,,,,34.142674,-118.184801,FIGUEROA,11.473
2024-12-10 13:30:00,717599,134,W,ML,492,59.9,103,64.9,149,61.6,132,58.5,108,54.5,,,,,34.142896,-118.172193,SAN RAFAEL,12.253
2024-12-10 13:30:00,717603,134,W,ML,112,63.0,25,66.9,27,64.7,24,63.0,22,60.5,14,56.4,,,34.146519,-118.162409,ORANGE GROVE,12.763
2024-12-10 13:30:00,717604,134,W,HV,112,62.3,112,62.3,,,,,,,,,,,34.146519,-118.162409,ORANGE GROVE,12.763
2024-12-10 13:30:00,761035,134,W,HV,112,62.3,112,62.3,,,,,,,,,,,34.148123,-118.229499,HARVEY,8.743
2024-12-10 13:30:00,761038,134,W,HV,112,62.3,112,62.3,,,,,,,,,,,34.156447,-118.245195,GLENDALE 1,7.673
2024-12-10 13:30:00,761041,134,W,HV,112,62.3,112,62.3,,,,,,,,,,,34.156458,-118.262159,CENTRAL,6.693
2024-12-10 13:30:00,761044,134,W,HV,112,62.3,112,62.3,,,,,,,,,,,34.156198,-118.265345,PACIFIC,6.503
2024-12-10 13:30:00,763610,134,W,HV,112,62.3,112,62.3,,,,,,,,,,,34.142896,-118.172193,SAN RAFAEL,12.253
2024-12-10 13:30:00,763612,134,W,HV,112,62.3,112,62.3,,,,,,,,,,,34.142674,-118.184801,FIGUEROA,11.473
2024-12-10 13:30:00,773975,134,W,ML,112,62.3,23,67.5,34,64.1,30,60.9,25,56.7,,,,,34.14568,-118.221874,OAKVIEW,9.213
2024-12-10 13:30:00,773977,134,W,HV,112,62.3,112,62.3,,,,,,,,,,,34.14568,-118.221874,OAKVIEW,9.213
2024-12-10 13:30:00,773996,134,W,ML,491,60.5,109,64.3,118,62.2,105,60.5,97,58.2,62,54.2,,,34.145076,-118.215608,FM 2 NB TO 134 EB,9.573
2024-12-10 13:30:00,773998,134,W,HV,112,62.3,112,62.3,,,,,,,,,,,34.145076,-118.215608,FM 2 NB TO 134 EB,9.573
2024-12-10 13:30:00,774012,134,W,ML,492,59.9,103,64.9,149,61.6,132,58.5,108,54.5,,,,,34.148107,-118.197509,TOWNSEND,10.643
2024-12-10 13:30:00,774014,134,W,HV,112,62.3,112,62.3,,,,,,,,,,,34.148107,-118.197509,TOWNSEND,10.643
2024-12-10 13:30:00,774032,134,W,ML,112,62.3,23,67.5,34,64.1,30,60.9,25,56.7,,,,,34.141843,-118.182666,COLORADO,11.623
2024-12-10 13:30:00,774034,134,W,HV,112,62.3,112,62.3,,,,,,,,,,,34.141843,-118.182666,COLORADO,11.623
2024-12-10 13:30:00,774053,134,W,ML,112,62.3,23,67.5,34,64.1,30,60.9,25,56.7,,,,,34.15084,-118.234258,FM 2 SB TO 134,8.403
2024-12-10 13:30:00,774055,134,W,HV,112,62.3,112,62.3,,,,,,,,,,,34.15084,-118.234258,FM 2 SB TO 134,8.403
2024-12-10 13:35:00,716551,134,W,ML,391,59.9,107,64.6,106,61.4,92,57.3,86,55.0,,,,,34.154235,-118.274159,SAN FERNANDO,5.983
2024-12-10 13:35:00,716554,134,W,ML,369,62.3,37,76.8,110,70.9,106,59.0,116,52.4,,,,,34.156198,-118.265345,PACIFIC,6.503
2024-12-10 13:35:00,717099,134,W,ML,478,59.8,122,66.6,114,62.7,109,58.0,133,52.6,,,,,34.156447,-118.245195,GLENDALE 1,7.673
2024-12-10 13:35:00,717582,134,W,ML,400,66.5,110,77.9,90,60.9,90,65.9,110,60.1,,,,,34.156458,-118.262159,CENTRAL,6.693
2024-12-10 13:35:00,717590,134,W,ML,112,62.3,23,67.5,34,64.1,30,60.9,25,56.7,,,,,34.148123,-118.229499,HARVEY,8.743
2024-12-10 13:35:00,717597,134,W,ML,112,62.3,23,67.5,34,64.1,30,60.9,25,56.7,,,,,34.142674,-118.184801,FIGUEROA,11.473
2024-12-10 13:35:00,717599,134,W,ML,493,59.9,103,64.9,150,61.6,132,58.5,108,54.5,,,,,34.142896,-118.172193,SAN RAFAEL,12.253
2024-12-10 13:35:00,717603,134,W,ML,112,63.0,25,66.9,27,64.7,24,63.0,22,60.5,14,56.4,,,34.146519,-118.162409,ORANGE GROVE,12.763
2024-12-10 13:35:00,717604,134,W,HV,112,62.3,112,62.3,,,,,,,,,,,34.146519,-118.162409,ORANGE GROVE,12.763
2024-12-10 13:35:00,761035,134,W,HV,112,62.3,112,62.3,,,,,,,,,,,34.148123,-118.229499,HARVEY,8.743
2024-12-10 13:35:00,761038,134,W,HV,112,62.3,112,62.3,,,,,,,,,,,34.156447,-118.245195,GLENDALE 1,7.673
2024-12-10 13:35:00,761041,134,W,HV,112,62.3,112,62.3,,,,,,,,,,,34.156458,-118.262159,CENTRAL,6.693
2024-12-10 13:35:00,761044,134,W,HV,112,62.3,112,62.3,,,,,,,,,,,34.156198,-118.265345,PACIFIC,6.503
2024-12-10 13:35:00,763610,134,W,HV,112,62.3,112,62.3,,,,,,,,,,,34.142896,-118.172193,SAN RAFAEL,12.253
2024-12-10 13:35:00,763612,134,W,HV,112,62.3,112,62.3,,,,,,,,,,,34.142674,-118.184801,FIGUEROA,11.473
2024-12-10 13:35:00,773975,134,W,ML,112,62.3,23,67.5,34,64.1,30,60.9,25,56.7,,,,,34.14568,-118.221874,OAKVIEW,9.213
2024-12-10 13:35:00,773977,134,W,HV,112,62.3,112,62.3,,,,,,,,,,,34.14568,-118.221874,OAKVIEW,9.213
2024-12-10 13:35:00,773996,134,W,ML,493,60.5,109,64.3,119,62.2,105,60.5,97,58.2,63,54.2,,,34.145076,-118.215608,FM 2 NB TO 134 EB,9.573
2024-12-10 13:35:00,773998,134,W,HV,112,62.3,112,62.3,,,,,,,,,,,34.145076,-118.215608,FM 2 NB TO 134 EB,9.573
2024-12-10 13:35:00,774012,134,W,ML,493,59.9,103,64.9,150,61.6,132,58.5,108,54.5,,,,,34.148107,-118.197509,TOWNSEND,10.643
2024-12-10 13:35:00,774014,134,W,HV,112,62.3,112,62.3,,,,,,,,,,,34.148107,-118.197509,TOWNSEND,10.643
2024-12-10 13:35:00,774032,134,W,ML,112,62.3,23,67.5,34,64.1,30,60.9,25,56.7,,,,,34.141843,-118.182666,COLORADO,11.623
2024-12-10 13:35:00,774034,134,W,HV,112,62.3,112,62.3,,,,,,,,,,,34.141843,-118.182666,COLORADO,11.623
2024-12-10 13:35:00,774053,134,W,ML,112,62.3,23,67.5,34,64.1,30,60.9,25,56.7,,,,,34.15084,-118.234258,FM 2 SB TO 134,8.403
2024-12-10 13:35:00,774055,134,W,HV,112,62.3,112,62.3,,,,,,,,,,,34.15084,-118.234258,FM 2 SB TO 134,8.403
2024-12-10 13:40:00,716551,134,W,ML,390,59.7,106,64.4,106,61.3,92,57.0,86,54.7,,,,,34.154235,-118.274159,SAN FERNANDO,5.983
2024-12-10 13:40:00,716554,134,W,ML,374,62.6,42,75.6,121,71.4,93,60.9,118,50.4,,,,,34.156198,-118.265345,PACIFIC,6.503
2024-12-10 13:40:00,717099,134,W,ML,495,61.4,127,68.2,119,64.2,113,59.5,136,54.3,,,,,34.156447,-118.245195,GLENDALE 1,7.673
2024-12-10 13:40:00,717582,134,W,ML,404,66.6,113,77.2,91,63.6,99,67.0,101,57.1,,,,,34.156458,-118.262159,CENTRAL,6.693
2024-12-10 13:40:00,717590,134,W,ML,115,62.3,24,67.5,35,64.1,31,60.9,25,56.7,,,,,34.148123,-118.229499,HARVEY,8.743
2024-12-10 13:40:00,717597,134,W,ML,115,62.3,24,67.5,35,64.1,31,60.9,25,56.7,,,,,34.142674,-118.184801,FIGUEROA,11.473
2024-12-10 13:40:00,717599,134,W,ML,497,59.8,104,64.8,151,61.5,133,58.4,109,54.4,,,,,34.142896,-118.172193,SAN RAFAEL,12.253
2024-12-10 13:40:00,717603,134,W,ML,113,62.9,25,66.9,27,64.7,24,63.0,23,60.5,14,56.4,,,34.146519,-118.162409,ORANGE GROVE,12.763
2024-12-10 13:40:00,717604,134,W,HV,114,62.3,114,62.3,,,,,,,,,,,34.146519,-118.162409,ORANGE GROVE,12.763
2024-12-10 13:40:00,761035,134,W,HV,114,62.3,114,62.3,,,,,,,,,,,34.148123,-118.229499,HARVEY,8.743
2024-12-10 13:40:00,761038,134,W,HV,114,62.3,114,62.3,,,,,,,,,,,34.156447,-118.245195,GLENDALE 1,7.673
2024-12-10 13:40:00,761041,134,W,HV,114,62.3,114,62.3,,,,,,,,,,,34.156458,-118.262159,CENTRAL,6.693
2024-12-10 13:40:00,761044,134,W,HV,114,62.3,114,62.3,,,,,,,,,,,34.156198,-118.265345,PACIFIC,6.503
2024-12-10 13:40:00,763610,134,W,HV,114,62.3,114,62.3,,,,,,,,,,,34.142896,-118.172193,SAN RAFAEL,12.253
2024-12-10 13:40:00,763612,134,W,HV,114,62.3,114,62.3,,,,,,,,,,,34.142674,-118.184801,FIGUEROA,11.473
2024-12-10 13:40:00,773975,134,W,ML,115,62.3,24,67.5,35,64.1,31,60.9,25,56.7,,,,,34.14568,-118.221874,OAKVIEW,9.213
2024-12-10 13:40:00,773977,134,W,HV,114,62.3,114,62.3,,,,,,,,,,,34.14568,-118.221874,OAKVIEW,9.213
2024-12-10 13:40:00,773996,134,W,ML,497,60.4,110,64.2,120,62.1,106,60.4,98,58.1,63,54.1,,,34.145076,-118.215608,FM 2 NB TO 134 EB,9.573
2024-12-10 13:40:00,773998,134,W,HV,114,62.3,114,62.3,,,,,,,,,,,34.145076,-118.215608,FM 2 NB TO 134 EB,9.573
2024-12-10 13:40:00,774012,134,W,ML,497,59.8,104,64.8,151,61.5,133,58.4,109,54.4,,,,,34.148107,-118.197509,TOWNSEND,10.643
2024-12-10 13:40:00,774014,134,W,HV,114,62.3,114,62.3,,,,,,,,,,,34.148107,-118.197509,TOWNSEND,10.643
2024-12-10 13:40:00,774032,134,W,ML,115,62.3,24,67.5,35,64.1,31,60.9,25,56.7,,,,,34.141843,-118.182666,COLORADO,11.623
2024-12-10 13:40:00,774034,134,W,HV,114,62.3,114,62.3,,,,,,,,,,,34.141843,-118.182666,COLORADO,11.623
2024-12-10 13:40:00,774053,134,W,ML,115,62.3,24,67.5,35,64.1,31,60.9,25,56.7,,,,,34.15084,-118.234258,FM 2 SB TO 134,8.403
2024-12-10 13:40:00,774055,134,W,HV,114,62.3,114,62.3,,,,,,,,,,,34.15084,-118.234258,FM 2 SB TO 134,8.403
2024-12-10 13:45:00,716551,134,W,ML,401,61.1,110,65.9,109,62.7,94,58.5,88,56.1,,,,,34.154235,-118.274159,SAN FERNANDO,5.983
2024-12-10 13:45:00,716554,134,W,ML,395,61.3,44,75.0,133,69.3,99,60.3,119,48.1,,,,,34.156198,-118.265345,PACIFIC,6.503
2024-12-10 13:45:00,717099,134,W,ML,470,58.5,120,65.2,113,61.3,107,56.7,130,51.1,,,,,34.156447,-118.245195,GLENDALE 1,7.673
2024-12-10 13:45:00,717582,134,W,ML,434,64.7,128,75.4,99,58.5,111,65.0,96,56.7,,,,,34.156458,-118.262159,CENTRAL,6.693
2024-12-10 13:45:00,717590,134,W,ML,115,62.4,24,67.6,35,64.2,31,61.0,25,56.8,,,,,34.148123,-118.229499,HARVEY,8.743
2024-12-10 13:45:00,717597,134,W,ML,115,62.4,24,67.6,35,64.2,31,61.0,25,56.8,,,,,34.142674,-118.184801,FIGUEROA,11.473
2024-12-10 13:45:00,717599,134,W,ML,497,59.7,104,64.7,151,61.4,133,58.3,109,54.3,,,,,34.142896,-118.172193,SAN RAFAEL,12.253
2024-12-10 13:45:00,717603,134,W,ML,115,63.0,25,67.0,28,64.8,24,63.1,23,60.6,15,56.5,,,34.146519,-118.162409,ORANGE GROVE,12.763
2024-12-10 13:45:00,717604,134,W,HV,115,62.4,115,62.4,,,,,,,,,,,34.146519,-118.162409,ORANGE GROVE,12.763
2024-12-10 13:45:00,761035,134,W,HV,115,62.4,115,62.4,,,,,,,,,,,34.148123,-118.229499,HARVEY,8.743
2024-12-10 13:45:00,761038,134,W,HV,115,62.4,115,62.4,,,,,,,,,,,34.156447,-118.245195,GLENDALE 1,7.673
2024-12-10 13:45:00,761041,134,W,HV,115,62.4,115,62.4,,,,,,,,,,,34.156458,-118.262159,CENTRAL,6.693
2024-12-10 13:45:00,761044,134,W,HV,115,62.4,115,62.4,,,,,,,,,,,34.156198,-118.265345,PACIFIC,6.503
2024-12-10 13:45:00,763610,134,W,HV,115,62.4,115,62.4,,,,,,,,,,,34.142896,-118.172193,SAN RAFAEL,12.253
2024-12-10 13:45:00,763612,134,W,HV,115,62.4,115,62.4,,,,,,,,,,,34.142674,-118.184801,FIGUEROA,11.473
2024-12-10 13:45:00,773975,134,W,ML,115,62.4,24,67.6,35,64.2,31,61.0,25,56.8,,,,,34.14568,-118.221874,OAKVIEW,9.213
2024-12-10 13:45:00,773977,134,W,HV,115,62.4,115,62.4,,,,,,,,,,,34.14568,-118.221874,OAKVIEW,9.213
2024-12-10 13:45:00,773996,134,W,ML,497,60.3,110,64.1,120,62.0,106,60.3,98,58.0,63,54.1,,,34.145076,-118.215608,FM 2 NB TO 134 EB,9.573
2024-12-10 13:45:00,773998,134,W,HV,115,62.4,115,62.4,,,,,,,,,,,34.145076,-118.215608,FM 2 NB TO 134 EB,9.573
2024-12-10 13:45:00,774012,134,W,ML,497,59.7,104,64.7,151,61.4,133,58.3,109,54.3,,,,,34.148107,-118.197509,TOWNSEND,10.643
2024-12-10 13:45:00,774014,134,W,HV,115,62.4,115,62.4,,,,,,,,,,,34.148107,-118.197509,TOWNSEND,10.643
2024-12-10 13:45:00,774032,134,W,ML,115,62.4,24,67.6,35,64.2,31,61.0,25,56.8,,,,,34.141843,-118.182666,COLORADO,11.623
2024-12-10 13:45:00,774034,134,W,HV,115,62.4,115,62.4,,,,,,,,,,,34.141843,-118.182666,COLORADO,11.623
2024-12-10 13:45:00,774053,134,W,ML,115,62.4,24,67.6,35,64.2,31,61.0,25,56.8,,,,,34.15084,-118.234258,FM 2 SB TO 134,8.403
2024-12-10 13:45:00,774055,134,W,HV,115,62.4,115,62.4,,,,,,,,,,,34.15084,-118.234258,FM 2 SB TO 134,8.403
2024-12-10 13:50:00,716551,134,W,ML,396,60.4,108,65.2,107,62.0,93,57.8,88,55.5,,,,,34.154235,-118.274159,SAN FERNANDO,5.983
2024-12-10 13:50:00,716554,134,W,ML,395,59.3,48,74.6,112,69.0,99,58.2,136,46.6,,,,,34.156198,-118.265345,PACIFIC,6.503
2024-12-10 13:50:00,717099,134,W,ML,519,60.3,133,67.1,124,63.1,118,58.5,144,53.1,,,,,34.156447,-118.245195,GLENDALE 1,7.673
2024-12-10 13:50:00,717582,134,W,ML,415,64.0,107,75.4,93,61.7,97,64.4,118,55.0,,,,,34.156458,-118.262159,CENTRAL,6.693
2024-12-10 13:50:00,717590,134,W,ML,115,62.3,24,67.5,35,64.1,31,60.9,25,56.7,,,,,34.148123,-118.229499,HARVEY,8.743
2024-12-10 13:50:00,717597,134,W,ML,115,62.3,24,67.5,35,64.1,31,60.9,25,56.7,,,,,34.142674,-118.184801,FIGUEROA,11.473
2024-12-10 13:50:00,717599,134,W,ML,496,59.7,104,64.7,150,61.4,133,58.3,109,54.3,,,,,34.142896,-118.172193,SAN RAFAEL,12.253
2024-12-10 13:50:00,717603,134,W,ML,115,62.9,25,66.9,28,64.7,24,63.0,23,60.5,15,56.4,,,34.146519,-118.162409,ORANGE GROVE,12.763
2024-12-10 13:50:00,717604,134,W,HV,115,62.3,115,62.3,,,,,,,,,,,34.146519,-118.162409,ORANGE GROVE,12.763
2024-12-10 13:50:00,761035,134,W,HV,115,62.3,115,62.3,,,,,,,,,,,34.148123,-118.229499,HARVEY,8.743
2024-12-10 13:50:00,761038,134,W,HV,115,62.3,115,62.3,,,,,,,,,,,34.156447,-118.245195,GLENDALE 1,7.673
2024-12-10 13:50:00,761041,134,W,HV,115,62.3,115,62.3,,,,,,,,,,,34.156458,-118.262159,CENTRAL,6.693
2024-12-10 13:50:00,761044,134,W,HV,115,62.3,115,62.3,,,,,,,,,,,34.156198,-118.265345,PACIFIC,6.503
2024-12-10 13:50:00,763610,134,W,HV,115,62.3,115,62.3,,,,,,,,,,,34.142896,-118.172193,SAN RAFAEL,12.253
2024-12-10 13:50:00,763612,134,W,HV,115,62.3,115,62.3,,,,,,,,,,,34.142674,-118.184801,FIGUEROA,11.473
2024-12-10 13:50:00,773975,134,W,ML,115,62.3,24,67.5,35,64.1,31,60.9,25,56.7,,,,,34.14568,-118.221874,OAKVIEW,9.213
2024-12-10 13:50:00,773977,134,W,HV,115,62.3,115,62.3,,,,,,,,,,,34.14568,-118.221874,OAKVIEW,9.213
2024-12-10 13:50:00,773996,134,W,ML,495,60.3,110,64.1,119,62.0,105,60.3,98,58.0,63,54.1,,,34.145076,-118.215608,FM 2 NB TO 134 EB,9.573
2024-12-10 13:50:00,773998,134,W,HV,115,62.3,115,62.3,,,,,,,,,,,34.145076,-118.215608,FM 2 NB TO 134 EB,9.573
2024-12-10 13:50:00,774012,134,W,ML,496,59.7,104,64.7,150,61.4,133,58.3,109,54.3,,,,,34.148107,-118.197509,TOWNSEND,10.643
2024-12-10 13:50:00,774014,134,W,HV,115,62.3,115,62.3,,,,,,,,,,,34.148107,-118.197509,TOWNSEND,10.643
2024-12-10 13:50:00,774032,134,W,ML,115,62.3,24,67.5,35,64.1,31,60.9,25,56.7,,,,,34.141843,-118.182666,COLORADO,11.623
2024-12-10 13:50:00,774034,134,W,HV,115,62.3,115,62.3,,,,,,,,,,,34.141843,-118.182666,COLORADO,11.623
2024-12-10 13:50:00,774053,134,W,ML,115,62.3,24,67.5,35,64.1,31,60.9,25,56.7,,,,,34.15084,-118.234258,FM 2 SB TO 134,8.403
2024-12-10 13:50:00,774055,134,W,HV,115,62.3,115,62.3,,,,,,,,,,,34.15084,-118.234258,FM 2 SB TO 134,8.403
2024-12-10 13:55:00,716551,134,W,ML,396,60.1,108,64.8,108,61.6,93,57.5,87,55.2,,,,,34.154235,-118.274159,SAN FERNANDO,5.983
2024-12-10 13:55:00,716554,134,W,ML,373,58.5,40,75.2,116,66.9,94,55.4,123,47.4,,,,,34.156198,-118.265345,PACIFIC,6.503
2024-12-10 13:55:00,717099,134,W,ML,509,60.4,131,67.2,122,63.2,116,58.5,140,53.2,,,,,34.156447,-118.245195,GLENDALE 1,7.673
2024-12-10 13:55:00,717582,134,W,ML,417,64.4,118,73.8,92,61.8,103,62.3,104,58.0,,,,,34.156458,-118.262159,CENTRAL,6.693
2024-12-10 13:55:00,717590,134,W,ML,115,62.3,24,67.5,35,64.1,31,60.9,25,56.7,,,,,34.148123,-118.229499,HARVEY,8.743
2024-12-10 13:55:00,717597,134,W,ML,115,62.3,24,67.5,35,64.1,31,60.9,25,56.7,,,,,34.142674,-118.184801,FIGUEROA,11.473
2024-12-10 13:55:00,717599,134,W,ML,488,59.8,102,64.8,148,61.5,131,58.4,107,54.4,,,,,34.142896,-118.172193,SAN RAFAEL,12.253
2024-12-10 13:55:00,717603,134,W,ML,117,62.9,26,66.9,28,64.7,25,63.0,23,60.5,15,56.4,,,34.146519,-118.162409,ORANGE GROVE,12.763
2024-12-10 13:55:00,717604,134,W,HV,116,62.3,116,62.3,,,,,,,,,,,34.146519,-118.162409,ORANGE GROVE,12.763
2024-12-10 13:55:00,761035,134,W,HV,116,62.3,116,62.3,,,,,,,,,,,34.148123,-118.229499,HARVEY,8.743
2024-12-10 13:55:00,761038,134,W,HV,116,62.3,116,62.3,,,,,,,,,,,34.156447,-118.245195,GLENDALE 1,7.673
2024-12-10 13:55:00,761041,134,W,HV,116,62.3,116,62.3,,,,,,,,,,,34.156458,-118.262159,CENTRAL,6.693
2024-12-10 13:55:00,761044,134,W,HV,116,62.3,116,62.3,,,,,,,,,,,34.156198,-118.265345,PACIFIC,6.503
2024-12-10 13:55:00,763610,134,W,HV,116,62.3,116,62.3,,,,,,,,,,,34.142896,-118.172193,SAN RAFAEL,12.253
2024-12-10 13:55:00,763612,134,W,HV,116,62.3,116,62.3,,,,,,,,,,,34.142674,-118.184801,FIGUEROA,11.473
2024-12-10 13:55:00,773975,134,W,ML,115,62.3,24,67.5,35,64.1,31,60.9,25,56.7,,,,,34.14568,-118.221874,OAKVIEW,9.213
2024-12-10 13:55:00,773977,134,W,HV,116,62.3,116,62.3,,,,,,,,,,,34.14568,-118.221874,OAKVIEW,9.213
2024-12-10 13:55:00,773996,134,W,ML,489,60.4,108,64.2,118,62.1,104,60.4,97,58.1,62,54.1,,,34.145076,-118.215608,FM 2 NB TO 134 EB,9.573
2024-12-10 13:55:00,773998,134,W,HV,116,62.3,116,62.3,,,,,,,,,,,34.145076,-118.215608,FM 2 NB TO 134 EB,9.573
2024-12-10 13:55:00,774012,134,W,ML,488,59.8,102,64.8,148,61.5,131,58.4,107,54.4,,,,,34.148107,-118.197509,TOWNSEND,10.643
2024-12-10 13:55:00,774014,134,W,HV,116,62.3,116,62.3,,,,,,,,,,,34.148107,-118.197509,TOWNSEND,10.643
2024-12-10 13:55:00,774032,134,W,ML,115,62.3,24,67.5,35,64.1,31,60.9,25,56.7,,,,,34.141843,-118.182666,COLORADO,11.623
2024-12-10 13:55:00,774034,134,W,HV,116,62.3,116,62.3,,,,,,,,,,,34.141843,-118.182666,COLORADO,11.623
2024-12-10 13:55:00,774053,134,W,ML,115,62.3,24,67.5,35,64.1,31,60.9,25,56.7,,,,,34.15084,-118.234258,FM 2 SB TO 134,8.403
2024-12-10 13:55:00,774055,134,W,HV,116,62.3,116,62.3,,,,,,,,,,,34.15084,-118.234258,FM 2 SB TO 134,8.403
2024-12-10 14:00:00,716551,134,W,ML,405,61.1,111,66.0,110,62.8,95,58.4,89,56.0,,,,,34.154235,-118.274159,SAN FERNANDO,5.983
2024-12-10 14:00:00,716554,134,W,ML,399,58.1,46,74.6,115,66.0,104,54.3,134,48.7,,,,,34.156198,-118.265345,PACIFIC,6.503
2024-12-10 14:00:00,717099,134,W,ML,518,56.0,133,62.7,124,59.0,118,54.5,143,48.6,,,,,34.156447,-118.245195,GLENDALE 1,7.673
2024-12-10 14:00:00,717582,134,W,ML,401,60.3,102,72.0,87,54.3,106,59.5,106,54.7,,,,,34.156458,-118.262159,CENTRAL,6.693
2024-12-10 14:00:00,717590,134,W,ML,116,62.0,24,67.2,35,63.8,31,60.6,26,56.4,,,,,34.148123,-118.229499,HARVEY,8.743
2024-12-10 14:00:00,717597,134,W,ML,116,62.0,24,67.2,35,63.8,31,60.6,26,56.4,,,,,34.142674,-118.184801,FIGUEROA,11.473
2024-12-10 14:00:00,717599,134,W,ML,484,59.9,101,64.9,147,61.6,130,58.5,106,54.5,,,,,34.142896,-118.172193,SAN RAFAEL,12.253
2024-12-10 14:00:00,717603,134,W,ML,117,62.6,26,66.6,28,64.4,25,62.7,23,60.2,15,56.1,,,34.146519,-118.162409,ORANGE GROVE,12.763
2024-12-10 14:00:00,717604,134,W,HV,117,62.0,117,62.0,,,,,,,,,,,34.146519,-118.162409,ORANGE GROVE,12.763
2024-12-10 14:00:00,761035,134,W,HV,117,62.0,117,62.0,,,,,,,,,,,34.148123,-118.229499,HARVEY,8.743
2024-12-10 14:00:00,761038,134,W,HV,117,62.0,117,62.0,,,,,,,,,,,34.156447,-118.245195,GLENDALE 1,7.673
2024-12-10 14:00:00,761041,134,W,HV,117,62.0,117,62.0,,,,,,,,,,,34.156458,-118.262159,CENTRAL,6.693
2024-12-10 14:00:00,761044,134,W,HV,117,62.0,117,62.0,,,,,,,,,,,34.156198,-118.265345,PACIFIC,6.503
2024-12-10 14:00:00,763610,134,W,HV,117,62.0,117,62.0,,,,,,,,,,,34.142896,-118.172193,SAN RAFAEL,12.253
2024-12-10 14:00:00,763612,134,W,HV,117,62.0,117,62.0,,,,,,,,,,,34.142674,-118.184801,FIGUEROA,11.473
2024-12-10 14:00:00,773975,134,W,ML,116,62.0,24,67.2,35,63.8,31,60.6,26,56.4,,,,,34.14568,-118.221874,OAKVIEW,9.213
2024-12-10 14:00:00,773977,134,W,HV,117,62.0,117,62.0,,,,,,,,,,,34.14568,-118.221874,OAKVIEW,9.213
2024-12-10 14:00:00,773996,134,W,ML,484,60.5,107,64.3,117,62.2,103,60.5,96,58.2,61,54.2,,,34.145076,-118.215608,FM 2 NB TO 134 EB,9.573
2024-12-10 14:00:00,773998,134,W,HV,117,62.0,117,62.0,,,,,,,,,,,34.145076,-118.215608,FM 2 NB TO 134 EB,9.573
2024-12-10 14:00:00,774012,134,W,ML,484,59.9,101,64.9,147,61.6,130,58.5,106,54.5,,,,,34.148107,-118.197509,TOWNSEND,10.643
2024-12-10 14:00:00,774014,134,W,HV,117,62.0,117,62.0,,,,,,,,,,,34.148107,-118.197509,TOWNSEND,10.643
2024-12-10 14:00:00,774032,134,W,ML,116,62.0,24,67.2,35,63.8,31,60.6,26,56.4,,,,,34.141843,-118.182666,COLORADO,11.623
2024-12-10 14:00:00,774034,134,W,HV,117,62.0,117,62.0,,,,,,,,,,,34.141843,-118.182666,COLORADO,11.623
2024-12-10 14:00:00,774053,134,W,ML,116,62.0,24,67.2,35,63.8,31,60.6,26,56.4,,,,,34.15084,-118.234258,FM 2 SB TO 134,8.403
2024-12-10 14:00:00,774055,134,W,HV,117,62.0,117,62.0,,,,,,,,,,,34.15084,-118.234258,FM 2 SB TO 134,8.403
2024-12-10 14:05:00,716551,134,W,ML,376,62.4,102,67.4,102,64.1,89,59.6,83,57.0,,,,,34.154235,-118.274159,SAN FERNANDO,5.983
2024-12-10 14:05:00,716554,134,W,ML,337,59.7,29,74.8,107,67.7,89,55.1,112,51.8,,,,,34.156198,-118.265345,PACIFIC,6.503
2024-12-10 14:05:00,717099,134,W,ML,428,58.1,109,64.8,103,61.0,98,56.4,118,50.8,,,,,34.156447,-118.245195,GLENDALE 1,7.673
2024-12-10 14:05:00,717582,134,W,ML,356,62.8,101,72.2,84,57.9,84,61.0,87,58.4,,,,,34.156458,-118.262159,CENTRAL,6.693
2024-12-10 14:05:00,717590,134,W,ML,115,61.9,24,67.1,35,63.7,31,60.5,25,56.3,,,,,34.148123,-118.229499,HARVEY,8.743
2024-12-10 14:05:00,717597,134,W,ML,115,61.9,24,67.1,35,63.7,31,60.5,25,56.3,,,,,34.142674,-118.184801,FIGUEROA,11.473
2024-12-10 14:05:00,717599,134,W,ML,488,59.8,102,64.8,148,61.5,131,58.4,107,54.4,,,,,34.142896,-118.172193,SAN RAFAEL,12.253
2024-12-10 14:05:00,717603,134,W,ML,117,62.5,26,66.5,28,64.3,25,62.6,23,60.1,15,56.0,,,34.146519,-118.162409,ORANGE GROVE,12.763
2024-12-10 14:05:00,717604,134,W,HV,116,61.9,116,61.9,,,,,,,,,,,34.146519,-118.162409,ORANGE GROVE,12.763
2024-12-10 14:05:00,761035,134,W,HV,116,61.9,116,61.9,,,,,,,,,,,34.148123,-118.229499,HARVEY,8.743
2024-12-10 14:05:00,761038,134,W,HV,116,61.9,116,61.9,,,,,,,,,,,34.156447,-118.245195,GLENDALE 1,7.673
2024-12-10 14:05:00,761041,134,W,HV,116,61.9,116,61.9,,,,,,,,,,,34.156458,-118.262159,CENTRAL,6.693
2024-12-10 14:05:00,761044,134,W,HV,116,61.9,116,61.9,,,,,,,,,,,34.156198,-118.265345,PACIFIC,6.503
2024-12-10 14:05:00,763610,134,W,HV,116,61.9,116,61.9,,,,,,,,,,,34.142896,-118.172193,SAN RAFAEL,12.253
2024-12-10 14:05:00,763612,134,W,HV,116,61.9,116,61.9,,,,,,,,,,,34.142674,-118.184801,FIGUEROA,11.473
2024-12-10 14:05:00,773975,134,W,ML,115,61.9,24,67.1,35,63.7,31,60.5,25,56.3,,,,,34.14568,-118.221874,OAKVIEW,9.213
2024-12-10 14:05:00,773977,134,W,HV,116,61.9,116,61.9,,,,,,,,,,,34.14568,-118.221874,OAKVIEW,9.213
2024-12-10 14:05:00,773996,134,W,ML,488,60.4,108,64.2,118,62.1,104,60.4,96,58.1,62,54.1,,,34.145076,-118.215608,FM 2 NB TO 134 EB,9.573
2024-12-10 14:05:00,773998,134,W,HV,116,61.9,116,61.9,,,,,,,,,,,34.145076,-118.215608,FM 2 NB TO 134 EB,9.573
2024-12-10 14:05:00,774012,134,W,ML,488,59.8,102,64.8,148,61.5,131,58.4,107,54.4,,,,,34.148107,-118.197509,TOWNSEND,10.643
2024-12-10 14:05:00,774014,134,W,HV,116,61.9,116,61.9,,,,,,,,,,,34.148107,-118.197509,TOWNSEND,10.643
2024-12-10 14:05:00,774032,134,W,ML,115,61.9,24,67.1,35,63.7,31,60.5,25,56.3,,,,,34.141843,-118.182666,COLORADO,11.623
2024-12-10 14:05:00,774034,134,W,HV,116,61.9,116,61.9,,,,,,,,,,,34.141843,-118.182666,COLORADO,11.623
2024-12-10 14:05:00,774053,134,W,ML,115,61.9,24,67.1,35,63.7,31,60.5,25,56.3,,,,,34.15084,-118.234258,FM 2 SB TO 134,8.403
2024-12-10 14:05:00,774055,134,W,HV,116,61.9,116,61.9,,,,,,,,,,,34.15084,-118.234258,FM 2 SB TO 134,8.403
2024-12-10 14:10:00,716551,134,W,ML,405,61.2,111,66.0,110,62.8,95,58.6,89,56.2,,,,,34.154235,-118.274159,SAN FERNANDO,5.983
2024-12-10 14:10:00,716554,134,W,ML,400,62.1,53,75.4,115,69.8,107,56.5,125,54.2,,,,,34.156198,-118.265345,PACIFIC,6.503
2024-12-10 14:10:00,717099,134,W,ML,465,59.6,119,66.3,112,62.4,106,57.8,128,52.3,,,,,34.156447,-118.245195,GLENDALE 1,7.673
2024-12-10 14:10:00,717582,134,W,ML,410,64.2,120,73.7,92,60.4,103,60.8,95,59.7,,,,,34.156458,-118.262159,CENTRAL,6.693
2024-12-10 14:10:00,717590,134,W,ML,119,61.8,25,67.0,36,63.6,32,60.4,26,56.2,,,,,34.148123,-118.229499,HARVEY,8.743
2024-12-10 14:10:00,717597,134,W,ML,119,61.8,25,67.0,36,63.6,32,60.4,26,56.2,,,,,34.142674,-118.184801,FIGUEROA,11.473
2024-12-10 14:10:00,717599,134,W,ML,496,59.8,104,64.8,150,61.5,133,58.4,109,54.4,,,,,34.142896,-118.172193,SAN RAFAEL,12.253
2024-12-10 14:10:00,717603,134,W,ML,117,62.4,26,66.4,28,64.2,25,62.5,23,60.0,15,56.0,,,34.146519,-118.162409,ORANGE GROVE,12.763
2024-12-10 14:10:00,717604,134,W,HV,118,61.8,118,61.8,,,,,,,,,,,34.146519,-118.162409,ORANGE GROVE,12.763
2024-12-10 14:10:00,761035,134,W,HV,118,61.8,118,61.8,,,,,,,,,,,34.148123,-118.229499,HARVEY,8.743
2024-12-10 14:10:00,761038,134,W,HV,118,61.8,118,61.8,,,,,,,,,,,34.156447,-118.245195,GLENDALE 1,7.673
2024-12-10 14:10:00,761041,134,W,HV,118,61.8,118,61.8,,,,,,,,,,,34.156458,-118.262159,CENTRAL,6.693
2024-12-10 14:10:00,761044,134,W,HV,118,61.8,118,61.8,,,,,,,,,,,34.156198,-118.265345,PACIFIC,6.503
2024-12-10 14:10:00,763610,134,W,HV,118,61.8,118,61.8,,,,,,,,,,,34.142896,-118.172193,SAN RAFAEL,12.253
2024-12-10 14:10:00,763612,134,W,HV,118,61.8,118,61.8,,,,,,,,,,,34.142674,-118.184801,FIGUEROA,11.473
2024-12-10 14:10:00,773975,134,W,ML,119,61.8,25,67.0,36,63.6,32,60.4,26,56.2,,,,,34.14568,-118.221874,OAKVIEW,9.213
2024-12-10 14:10:00,773977,134,W,HV,118,61.8,118,61.8,,,,,,,,,,,34.14568,-118.221874,OAKVIEW,9.213
2024-12-10 14:10:00,773996,134,W,ML,495,60.4,110,64.2,119,62.1,105,60.4,98,58.1,63,54.1,,,34.145076,-118.215608,FM 2 NB TO 134 EB,9.573
2024-12-10 14:10:00,773998,134,W,HV,118,61.8,118,61.8,,,,,,,,,,,34.145076,-118.215608,FM 2 NB TO 134 EB,9.573
2024-12-10 14:10:00,774012,134,W,ML,496,59.8,104,64.8,150,61.5,133,58.4,109,54.4,,,,,34.148107,-118.197509,TOWNSEND,10.643
2024-12-10 14:10:00,774014,134,W,HV,118,61.8,118,61.8,,,,,,,,,,,34.148107,-118.197509,TOWNSEND,10.643
2024-12-10 14:10:00,774032,134,W,ML,119,61.8,25,67.0,36,63.6,32,60.4,26,56.2,,,,,34.141843,-118.182666,COLORADO,11.623
2024-12-10 14:10:00,774034,134,W,HV,118,61.8,118,61.8,,,,,,,,,,,34.141843,-118.182666,COLORADO,11.623
2024-12-10 14:10:00,774053,134,W,ML,119,61.8,25,67.0,36,63.6,32,60.4,26,56.2,,,,,34.15084,-118.234258,FM 2 SB TO 134,8.403
2024-12-10 14:10:00,774055,134,W,HV,118,61.8,118,61.8,,,,,,,,,,,34.15084,-118.234258,FM 2 SB TO 134,8.403
2024-12-10 14:15:00,716551,134,W,ML,388,60.0,105,64.7,105,61.5,92,57.4,86,55.1,,,,,34.154235,-118.274159,SAN FERNANDO,5.983
2024-12-10 14:15:00,716554,134,W,ML,400,60.4,46,74.5,117,68.7,108,56.9,129,50.9,,,,,34.156198,-118.265345,PACIFIC,6.503
2024-12-10 14:15:00,717099,134,W,ML,536,59.3,137,66.1,128,62.2,122,57.6,149,52.1,,,,,34.156447,-118.245195,GLENDALE 1,7.673
2024-12-10 14:15:00,717582,134,W,ML,424,63.7,117,73.7,95,60.0,100,61.3,112,58.4,,,,,34.156458,-118.262159,CENTRAL,6.693
2024-12-10 14:15:00,717590,134,W,ML,119,61.8,25,67.0,36,63.6,32,60.4,26,56.2,,,,,34.148123,-118.229499,HARVEY,8.743
2024-12-10 14:15:00,717597,134,W,ML,119,61.8,25,67.0,36,63.6,32,60.4,26,56.2,,,,,34.142674,-118.184801,FIGUEROA,11.473
2024-12-10 14:15:00,717599,134,W,ML,499,59.7,104,64.7,151,61.4,134,58.3,110,54.3,,,,,34.142896,-118.172193,SAN RAFAEL,12.253
2024-12-10 14:15:00,717603,134,W,ML,121,62.5,27,66.4,29,64.2,26,62.5,24,60.0,15,56.0,,,34.146519,-118.162409,ORANGE GROVE,12.763
2024-12-10 14:15:00,717604,134,W,HV,120,61.8,120,61.8,,,,,,,,,,,34.146519,-118.162409,ORANGE GROVE,12.763
2024-12-10 14:15:00,761035,134,W,HV,120,61.8,120,61.8,,,,,,,,,,,34.148123,-118.229499,HARVEY,8.743
2024-12-10 14:15:00,761038,134,W,HV,120,61.8,120,61.8,,,,,,,,,,,34.156447,-118.245195,GLENDALE 1,7.673
2024-12-10 14:15:00,761041,134,W,HV,120,61.8,120,61.8,,,,,,,,,,,34.156458,-118.262159,CENTRAL,6.693
2024-12-10 14:15:00,761044,134,W,HV,120,61.8,120,61.8,,,,,,,,,,,34.156198,-118.265345,PACIFIC,6.503
2024-12-10 14:15:00,763610,134,W,HV,120,61.8,120,61.8,,,,,,,,,,,34.142896,-118.172193,SAN RAFAEL,12.253
2024-12-10 14:15:00,763612,134,W,HV,120,61.8,120,61.8,,,,,,,,,,,34.142674,-118.184801,FIGUEROA,11.473
2024-12-10 14:15:00,773975,134,W,ML,119,61.8,25,67.0,36,63.6,32,60.4,26,56.2,,,,,34.14568,-118.221874,OAKVIEW,9.213
2024-12-10 14:15:00,773977,134,W,HV,120,61.8,120,61.8,,,,,,,,,,,34.14568,-118.221874,OAKVIEW,9.213
2024-12-10 14:15:00,773996,134,W,ML,498,60.3,110,64.1,120,62.0,106,60.3,99,58.0,63,54.1,,,34.145076,-118.215608,FM 2 NB TO 134 EB,9.573
2024-12-10 14:15:00,773998,134,W,HV,120,61.8,120,61.8,,,,,,,,,,,34.145076,-118.215608,FM 2 NB TO 134 EB,9.573
2024-12-10 14:15:00,774012,134,W,ML,499,59.7,104,64.7,151,61.4,134,58.3,110,54.3,,,,,34.148107,-118.197509,TOWNSEND,10.643
2024-12-10 14:15:00,774014,134,W,HV,120,61.8,120,61.8,,,,,,,,,,,34.148107,-118.197509,TOWNSEND,10.643
2024-12-10 14:15:00,774032,134,W,ML,119,61.8,25,67.0,36,63.6,32,60.4,26,56.2,,,,,34.141843,-118.182666,COLORADO,11.623
2024-12-10 14:15:00,774034,134,W,HV,120,61.8,120,61.8,,,,,,,,,,,34.141843,-118.182666,COLORADO,11.623
2024-12-10 14:15:00,774053,134,W,ML,119,61.8,25,67.0,36,63.6,32,60.4,26,56.2,,,,,34.15084,-118.234258,FM 2 SB TO 134,8.403
2024-12-10 14:15:00,774055,134,W,HV,120,61.8,120,61.8,,,,,,,,,,,34.15084,-118.234258,FM 2 SB TO 134,8.403
2024-12-10 14:20:00,716551,134,W,ML,405,59.4,111,64.0,110,60.8,95,56.8,89,54.6,,,,,34.154235,-118.274159,SAN FERNANDO,5.983
2024-12-10 14:20:00,716554,134,W,ML,367,60.6,44,74.9,115,69.7,82,54.3,126,51.3,,,,,34.156198,-118.265345,PACIFIC,6.503
2024-12-10 14:20:00,717099,134,W,ML,479,58.9,123,65.7,115,61.8,109,57.2,132,51.6,,,,,34.156447,-118.245195,GLENDALE 1,7.673
2024-12-10 14:20:00,717582,134,W,ML,379,62.7,106,74.1,81,59.3,94,61.0,98,54.8,,,,,34.156458,-118.262159,CENTRAL,6.693
2024-12-10 14:20:00,717590,134,W,ML,119,61.8,25,67.0,36,63.6,32,60.4,26,56.2,,,,,34.148123,-118.229499,HARVEY,8.743
2024-12-10 14:20:00,717597,134,W,ML,119,61.8,25,67.0,36,63.6,32,60.4,26,56.2,,,,,34.142674,-118.184801,FIGUEROA,11.473
2024-12-10 14:20:00,717599,134,W,ML,499,59.5,104,64.5,151,61.2,134,58.1,110,54.2,,,,,34.142896,-118.172193,SAN RAFAEL,12.253
2024-12-10 14:20:00,717603,134,W,ML,121,62.5,27,66.4,29,64.2,26,62.5,24,60.0,15,56.0,,,34.146519,-118.162409,ORANGE GROVE,12.763
2024-12-10 14:20:00,717604,134,W,HV,120,61.8,120,61.8,,,,,,,,,,,34.146519,-118.162409,ORANGE GROVE,12.763
2024-12-10 14:20:00,761035,134,W,HV,120,61.8,120,61.8,,,,,,,,,,,34.148123,-118.229499,HARVEY,8.743
2024-12-10 14:20:00,761038,134,W,HV,120,61.8,120,61.8,,,,,,,,,,,34.156447,-118.245195,GLENDALE 1,7.673
2024-12-10 14:20:00,761041,134,W,HV,120,61.8,120,61.8,,,,,,,,,,,34.156458,-118.262159,CENTRAL,6.693
2024-12-10 14:20:00,761044,134,W,HV,120,61.8,120,61.8,,,,,,,,,,,34.156198,-118.265345,PACIFIC,6.503
2024-12-10 14:20:00,763610,134,W,HV,120,61.8,120,61.8,,,,,,,,,,,34.142896,-118.172193,SAN RAFAEL,12.253
2024-12-10 14:20:00,763612,134,W,HV,120,61.8,120,61.8,,,,,,,,,,,34.142674,-118.184801,FIGUEROA,11.473
2024-12-10 14:20:00,773975,134,W,ML,119,61.8,25,67.0,36,63.6,32,60.4,26,56.2,,,,,34.14568,-118.221874,OAKVIEW,9.213
2024-12-10 14:20:00,773977,134,W,HV,120,61.8,120,61.8,,,,,,,,,,,34.14568,-118.221874,OAKVIEW,9.213
2024-12-10 14:20:00,773996,134,W,ML,498,60.1,110,63.9,120,61.8,106,60.1,99,57.8,63,53.9,,,34.145076,-118.215608,FM 2 NB TO 134 EB,9.573
2024-12-10 14:20:00,773998,134,W,HV,120,61.8,120,61.8,,,,,,,,,,,34.145076,-118.215608,FM 2 NB TO 134 EB,9.573
2024-12-10 14:20:00,774012,134,W,ML,499,59.5,104,64.5,151,61.2,134,58.1,110,54.2,,,,,34.148107,-118.197509,TOWNSEND,10.643
2024-12-10 14:20:00,774014,134,W,HV,120,61.8,120,61.8,,,,,,,,,,,34.148107,-118.197509,TOWNSEND,10.643
2024-12-10 14:20:00,774032,134,W,ML,119,61.8,25,67.0,36,63.6,32,60.4,26,56.2,,,,,34.141843,-118.182666,COLORADO,11.623
2024-12-10 14:20:00,774034,134,W,HV,120,61.8,120,61.8,,,,,,,,,,,34.141843,-118.182666,COLORADO,11.623
2024-12-10 14:20:00,774053,134,W,ML,119,61.8,25,67.0,36,63.6,32,60.4,26,56.2,,,,,34.15084,-118.234258,FM 2 SB TO 134,8.403
2024-12-10 14:20:00,774055,134,W,HV,120,61.8,120,61.8,,,,,,,,,,,34.15084,-118.234258,FM 2 SB TO 134,8.403
2024-12-10 14:25:00,716551,134,W,ML,365,60.2,99,64.9,99,61.7,86,57.6,81,55.3,,,,,34.154235,-118.274159,SAN FERNANDO,5.983
2024-12-10 14:25:00,716554,134,W,ML,346,62.4,40,75.1,101,71.4,86,57.7,119,54.0,,,,,34.156198,-118.265345,PACIFIC,6.503
2024-12-10 14:25:00,717099,134,W,ML,484,60.3,123,67.1,116,63.1,110,58.5,135,53.1,,,,,34.156447,-118.245195,GLENDALE 1,7.673
2024-12-10 14:25:00,717582,134,W,ML,382,64.5,103,75.0,88,61.7,91,62.7,100,57.8,,,,,34.156458,-118.262159,CENTRAL,6.693
2024-12-10 14:25:00,717590,134,W,ML,119,61.8,25,67.0,36,63.6,32,60.4,26,56.2,,,,,34.148123,-118.229499,HARVEY,8.743
2024-12-10 14:25:00,717597,134,W,ML,119,61.8,25,67.0,36,63.6,32,60.4,26,56.2,,,,,34.142674,-118.184801,FIGUEROA,11.473
2024-12-10 14:25:00,717599,134,W,ML,497,59.5,104,64.5,151,61.2,133,58.1,109,54.2,,,,,34.142896,-118.172193,SAN RAFAEL,12.253
2024-12-10 14:25:00,717603,134,W,ML,121,62.5,27,66.4,29,64.2,26,62.5,24,60.0,15,56.0,,,34.146519,-118.162409,ORANGE GROVE,12.763
2024-12-10 14:25:00,717604,134,W,HV,120,61.8,120,61.8,,,,,,,,,,,34.146519,-118.162409,ORANGE GROVE,12.763
2024-12-10 14:25:00,761035,134,W,HV,120,61.8,120,61.8,,,,,,,,,,,34.148123,-118.229499,HARVEY,8.743
2024-12-10 14:25:00,761038,134,W,HV,120,61.8,120,61.8,,,,,,,,,,,34.156447,-118.245195,GLENDALE 1,7.673
2024-12-10 14:25:00,761041,134,W,HV,120,61.8,120,61.8,,,,,,,,,,,34.156458,-118.262159,CENTRAL,6.693
2024-12-10 14:25:00,761044,134,W,HV,120,61.8,120,61.8,,,,,,,,,,,34.156198,-118.265345,PACIFIC,6.503
2024-12-10 14:25:00,763610,134,W,HV,120,61.8,120,61.8,,,,,,,,,,,34.142896,-118.172193,SAN RAFAEL,12.253
2024-12-10 14:25:00,763612,134,W,HV,120,61.8,120,61.8,,,,,,,,,,,34.142674,-118.184801,FIGUEROA,11.473
2024-12-10 14:25:00,773975,134,W,ML,119,61.8,25,67.0,36,63.6,32,60.4,26,56.2,,,,,34.14568,-118.221874,OAKVIEW,9.213
2024-12-10 14:25:00,773977,134,W,HV,120,61.8,120,61.8,,,,,,,,,,,34.14568,-118.221874,OAKVIEW,9.213
2024-12-10 14:25:00,773996,134,W,ML,497,60.1,110,63.9,120,61.8,106,60.1,98,57.8,63,53.9,,,34.145076,-118.215608,FM 2 NB TO 134 EB,9.573
2024-12-10 14:25:00,773998,134,W,HV,120,61.8,120,61.8,,,,,,,,,,,34.145076,-118.215608,FM 2 NB TO 134 EB,9.573
2024-12-10 14:25:00,774012,134,W,ML,497,59.5,104,64.5,151,61.2,133,58.1,109,54.2,,,,,34.148107,-118.197509,TOWNSEND,10.643
2024-12-10 14:25:00,774014,134,W,HV,120,61.8,120,61.8,,,,,,,,,,,34.148107,-118.197509,TOWNSEND,10.643
2024-12-10 14:25:00,774032,134,W,ML,119,61.8,25,67.0,36,63.6,32,60.4,26,56.2,,,,,34.141843,-118.182666,COLORADO,11.623
2024-12-10 14:25:00,774034,134,W,HV,120,61.8,120,61.8,,,,,,,,,,,34.141843,-118.182666,COLORADO,11.623
2024-12-10 14:25:00,774053,134,W,ML,119,61.8,25,67.0,36,63.6,32,60.4,26,56.2,,,,,34.15084,-118.234258,FM 2 SB TO 134,8.403
2024-12-10 14:25:00,774055,134,W,HV,120,61.8,120,61.8,,,,,,,,,,,34.15084,-118.234258,FM 2 SB TO 134,8.403
2024-12-10 14:30:00,716551,134,W,ML,418,57.7,115,62.2,113,59.1,98,55.2,92,53.1,,,,,34.154235,-118.274159,SAN FERNANDO,5.983
2024-12-10 14:30:00,716554,134,W,ML,395,62.0,55,74.1,120,71.2,98,55.4,122,52.9,,,,,34.156198,-118.265345,PACIFIC,6.503
2024-12-10 14:30:00,717099,134,W,ML,475,60.4,122,67.3,114,63.3,108,58.4,131,52.9,,,,,34.156447,-118.245195,GLENDALE 1,7.673
2024-12-10 14:30:00,717582,134,W,ML,407,63.6,117,74.4,94,63.3,99,59.5,97,55.0,,,,,34.156458,-118.262159,CENTRAL,6.693
2024-12-10 14:30:00,717590,134,W,ML,119,61.8,25,67.0,36,63.6,32,60.4,26,56.2,,,,,34.148123,-118.229499,HARVEY,8.743
2024-12-10 14:30:00,717597,134,W,ML,119,61.8,25,67.0,36,63.6,32,60.4,26,56.2,,,,,34.142674,-118.184801,FIGUEROA,11.473
2024-12-10 14:30:00,717599,134,W,ML,493,59.5,103,64.5,150,61.2,132,58.1,108,54.2,,,,,34.142896,-118.172193,SAN RAFAEL,12.253
2024-12-10 14:30:00,717603,134,W,ML,121,62.5,27,66.4,29,64.2,26,62.5,24,60.0,15,56.0,,,34.146519,-118.162409,ORANGE GROVE,12.763
2024-12-10 14:30:00,717604,134,W,HV,120,61.8,120,61.8,,,,,,,,,,,34.146519,-118.162409,ORANGE GROVE,12.763
2024-12-10 14:30:00,761035,134,W,HV,120,61.8,120,61.8,,,,,,,,,,,34.148123,-118.229499,HARVEY,8.743
2024-12-10 14:30:00,761038,134,W,HV,120,61.8,120,61.8,,,,,,,,,,,34.156447,-118.245195,GLENDALE 1,7.673
2024-12-10 14:30:00,761041,134,W,HV,120,61.8,120,61.8,,,,,,,,,,,34.156458,-118.262159,CENTRAL,6.693
2024-12-10 14:30:00,761044,134,W,HV,120,61.8,120,61.8,,,,,,,,,,,34.156198,-118.265345,PACIFIC,6.503
2024-12-10 14:30:00,763610,134,W,HV,120,61.8,120,61.8,,,,,,,,,,,34.142896,-118.172193,SAN RAFAEL,12.253
2024-12-10 14:30:00,763612,134,W,HV,120,61.8,120,61.8,,,,,,,,,,,34.142674,-118.184801,FIGUEROA,11.473
2024-12-10 14:30:00,773975,134,W,ML,119,61.8,25,67.0,36,63.6,32,60.4,26,56.2,,,,,34.14568,-118.221874,OAKVIEW,9.213
2024-12-10 14:30:00,773977,134,W,HV,120,61.8,120,61.8,,,,,,,,,,,34.14568,-118.221874,OAKVIEW,9.213
2024-12-10 14:30:00,773996,134,W,ML,494,60.1,109,63.9,119,61.8,105,60.1,98,57.8,63,53.9,,,34.145076,-118.215608,FM 2 NB TO 134 EB,9.573
2024-12-10 14:30:00,773998,134,W,HV,120,61.8,120,61.8,,,,,,,,,,,34.145076,-118.215608,FM 2 NB TO 134 EB,9.573
2024-12-10 14:30:00,774012,134,W,ML,493,59.5,103,64.5,150,61.2,132,58.1,108,54.2,,,,,34.148107,-118.197509,TOWNSEND,10.643
2024-12-10 14:30:00,774014,134,W,HV,120,61.8,120,61.8,,,,,,,,,,,34.148107,-118.197509,TOWNSEND,10.643
2024-12-10 14:30:00,774032,134,W,ML,119,61.8,25,67.0,36,63.6,32,60.4,26,56.2,,,,,34.141843,-118.182666,COLORADO,11.623
2024-12-10 14:30:00,774034,134,W,HV,120,61.8,120,61.8,,,,,,,,,,,34.141843,-118.182666,COLORADO,11.623
2024-12-10 14:30:00,774053,134,W,ML,119,61.8,25,67.0,36,63.6,32,60.4,26,56.2,,,,,34.15084,-118.234258,FM 2 SB TO 134,8.403
2024-12-10 14:30:00,774055,134,W,HV,120,61.8,120,61.8,,,,,,,,,,,34.15084,-118.234258,FM 2 SB TO 134,8.403
2024-12-10 14:35:00,716551,134,W,ML,367,58.4,99,62.9,100,59.8,87,55.9,81,53.7,,,,,34.154235,-118.274159,SAN FERNANDO,5.983
2024-12-10 14:35:00,716554,134,W,ML,348,61.1,32,75.1,106,71.0,87,55.5,123,52.9,,,,,34.156198,-118.265345,PACIFIC,6.503
2024-12-10 14:35:00,717099,134,W,ML,507,59.7,130,66.6,121,62.7,115,57.8,141,52.2,,,,,34.156447,-118.245195,GLENDALE 1,7.673
2024-12-10 14:35:00,717582,134,W,ML,398,64.0,111,73.3,87,63.6,95,58.5,105,59.3,,,,,34.156458,-118.262159,CENTRAL,6.693
2024-12-10 14:35:00,717590,134,W,ML,121,61.7,25,66.9,37,63.5,32,60.3,27,56.2,,,,,34.148123,-118.229499,HARVEY,8.743
2024-12-10 14:35:00,717597,134,W,ML,121,61.7,25,66.9,37,63.5,32,60.3,27,56.2,,,,,34.142674,-118.184801,FIGUEROA,11.473
2024-12-10 14:35:00,717599,134,W,ML,501,59.2,105,64.2,152,60.9,134,57.8,110,53.9,,,,,34.142896,-118.172193,SAN RAFAEL,12.253
2024-12-10 14:35:00,717603,134,W,ML,121,62.4,27,66.3,29,64.1,26,62.4,24,59.9,15,55.9,,,34.146519,-118.162409,ORANGE GROVE,12.763
2024-12-10 14:35:00,717604,134,W,HV,121,61.7,121,61.7,,,,,,,,,,,34.146519,-118.162409,ORANGE GROVE,12.763
2024-12-10 14:35:00,761035,134,W,HV,121,61.7,121,61.7,,,,,,,,,,,34.148123,-118.229499,HARVEY,8.743
2024-12-10 14:35:00,761038,134,W,HV,121,61.7,121,61.7,,,,,,,,,,,34.156447,-118.245195,GLENDALE 1,7.673
2024-12-10 14:35:00,761041,134,W,HV,121,61.7,121,61.7,,,,,,,,,,,34.156458,-118.262159,CENTRAL,6.693
2024-12-10 14:35:00,761044,134,W,HV,121,61.7,121,61.7,,,,,,,,,,,34.156198,-118.265345,PACIFIC,6.503
2024-12-10 14:35:00,763610,134,W,HV,121,61.7,121,61.7,,,,,,,,,,,34.142896,-118.172193,SAN RAFAEL,12.253
2024-12-10 14:35:00,763612,134,W,HV,121,61.7,121,61.7,,,,,,,,,,,34.142674,-118.184801,FIGUEROA,11.473
2024-12-10 14:35:00,773975,134,W,ML,121,61.7,25,66.9,37,63.5,32,60.3,27,56.2,,,,,34.14568,-118.221874,OAKVIEW,9.213
2024-12-10 14:35:00,773977,134,W,HV,121,61.7,121,61.7,,,,,,,,,,,34.14568,-118.221874,OAKVIEW,9.213
2024-12-10 14:35:00,773996,134,W,ML,502,59.8,111,63.6,121,61.5,107,59.8,99,57.5,64,53.6,,,34.145076,-118.215608,FM 2 NB TO 134 EB,9.573
2024-12-10 14:35:00,773998,134,W,HV,121,61.7,121,61.7,,,,,,,,,,,34.145076,-118.215608,FM 2 NB TO 134 EB,9.573
2024-12-10 14:35:00,774012,134,W,ML,501,59.2,105,64.2,152,60.9,134,57.8,110,53.9,,,,,34.148107,-118.197509,TOWNSEND,10.643
2024-12-10 14:35:00,774014,134,W,HV,121,61.7,121,61.7,,,,,,,,,,,34.148107,-118.197509,TOWNSEND,10.643
2024-12-10 14:35:00,774032,134,W,ML,121,61.7,25,66.9,37,63.5,32,60.3,27,56.2,,,,,34.141843,-118.182666,COLORADO,11.623
2024-12-10 14:35:00,774034,134,W,HV,121,61.7,121,61.7,,,,,,,,,,,34.141843,-118.182666,COLORADO,11.623
2024-12-10 14:35:00,774053,134,W,ML,121,61.7,25,66.9,37,63.5,32,60.3,27,56.2,,,,,34.15084,-118.234258,FM 2 SB TO 134,8.403
2024-12-10 14:35:00,774055,134,W,HV,121,61.7,121,61.7,,,,,,,,,,,34.15084,-118.234258,FM 2 SB TO 134,8.403
2024-12-10 14:40:00,716551,134,W,ML,356,60.3,96,65.1,97,61.9,84,57.8,79,55.4,,,,,34.154235,-118.274159,SAN FERNANDO,5.983
2024-12-10 14:40:00,716554,134,W,ML,376,62.8,51,75.3,98,72.3,96,59.3,131,53.3,,,,,34.156198,-118.265345,PACIFIC,6.503
2024-12-10 14:40:00,717099,134,W,ML,499,59.9,128,66.6,120,62.7,114,58.0,137,52.6,,,,,34.156447,-118.245195,GLENDALE 1,7.673
2024-12-10 14:40:00,717582,134,W,ML,409,63.8,111,72.8,90,60.9,106,60.3,102,60.2,,,,,34.156458,-118.262159,CENTRAL,6.693
2024-12-10 14:40:00,717590,134,W,ML,123,61.7,26,66.9,37,63.5,33,60.3,27,56.2,,,,,34.148123,-118.229499,HARVEY,8.743
2024-12-10 14:40:00,717597,134,W,ML,123,61.7,26,66.9,37,63.5,33,60.3,27,56.2,,,,,34.142674,-118.184801,FIGUEROA,11.473
2024-12-10 14:40:00,717599,134,W,ML,508,59.1,106,64.1,154,60.8,136,57.7,112,53.8,,,,,34.142896,-118.172193,SAN RAFAEL,12.253
2024-12-10 14:40:00,717603,134,W,ML,123,62.3,27,66.3,30,64.1,26,62.4,24,59.9,16,55.9,,,34.146519,-118.162409,ORANGE GROVE,12.763
2024-12-10 14:40:00,717604,134,W,HV,123,61.7,123,61.7,,,,,,,,,,,34.146519,-118.162409,ORANGE GROVE,12.763
2024-12-10 14:40:00,761035,134,W,HV,123,61.7,123,61.7,,,,,,,,,,,34.148123,-118.229499,HARVEY,8.743
2024-12-10 14:40:00,761038,134,W,HV,123,61.7,123,61.7,,,,,,,,,,,34.156447,-118.245195,GLENDALE 1,7.673
2024-12-10 14:40:00,761041,134,W,HV,123,61.7,123,61.7,,,,,,,,,,,34.156458,-118.262159,CENTRAL,6.693
2024-12-10 14:40:00,761044,134,W,HV,123,61.7,123,61.7,,,,,,,,,,,34.156198,-118.265345,PACIFIC,6.503
2024-12-10 14:40:00,763610,134,W,HV,123,61.7,123,61.7,,,,,,,,,,,34.142896,-118.172193,SAN RAFAEL,12.253
2024-12-10 14:40:00,763612,134,W,HV,123,61.7,123,61.7,,,,,,,,,,,34.142674,-118.184801,FIGUEROA,11.473
2024-12-10 14:40:00,773975,134,W,ML,123,61.7,26,66.9,37,63.5,33,60.3,27,56.2,,,,,34.14568,-118.221874,OAKVIEW,9.213
2024-12-10 14:40:00,773977,134,W,HV,123,61.7,123,61.7,,,,,,,,,,,34.14568,-118.221874,OAKVIEW,9.213
2024-12-10 14:40:00,773996,134,W,ML,510,59.7,113,63.5,123,61.4,108,59.7,101,57.4,65,53.5,,,34.145076,-118.215608,FM 2 NB TO 134 EB,9.573
2024-12-10 14:40:00,773998,134,W,HV,123,61.7,123,61.7,,,,,,,,,,,34.145076,-118.215608,FM 2 NB TO 134 EB,9.573
2024-12-10 14:40:00,774012,134,W,ML,508,59.1,106,64.1,154,60.8,136,57.7,112,53.8,,,,,34.148107,-118.197509,TOWNSEND,10.643
2024-12-10 14:40:00,774014,134,W,HV,123,61.7,123,61.7,,,,,,,,,,,34.148107,-118.197509,TOWNSEND,10.643
2024-12-10 14:40:00,774032,134,W,ML,123,61.7,26,66.9,37,63.5,33,60.3,27,56.2,,,,,34.141843,-118.182666,COLORADO,11.623
2024-12-10 14:40:00,774034,134,W,HV,123,61.7,123,61.7,,,,,,,,,,,34.141843,-118.182666,COLORADO,11.623
2024-12-10 14:40:00,774053,134,W,ML,123,61.7,26,66.9,37,63.5,33,60.3,27,56.2,,,,,34.15084,-118.234258,FM 2 SB TO 134,8.403
2024-12-10 14:40:00,774055,134,W,HV,123,61.7,123,61.7,,,,,,,,,,,34.15084,-118.234258,FM 2 SB TO 134,8.403
2024-12-10 14:45:00,716551,134,W,ML,382,59.2,104,63.8,104,60.6,90,56.6,84,54.4,,,,,34.154235,-118.274159,SAN FERNANDO,5.983
2024-12-10 14:45:00,716554,134,W,ML,402,61.1,54,74.9,114,69.4,105,57.9,129,50.6,,,,,34.156198,-118.265345,PACIFIC,6.503
2024-12-10 14:45:00,717099,134,W,ML,470,58.5,120,65.3,113,61.4,107,56.8,130,51.2,,,,,34.156447,-118.245195,GLENDALE 1,7.673
2024-12-10 14:45:00,717582,134,W,ML,399,62.9,115,71.8,74,58.6,114,60.5,96,58.6,,,,,34.156458,-118.262159,CENTRAL,6.693
2024-12-10 14:45:00,717590,134,W,ML,123,61.6,26,66.8,37,63.4,33,60.2,27,56.1,,,,,34.148123,-118.229499,HARVEY,8.743
2024-12-10 14:45:00,717597,134,W,ML,123,61.6,26,66.8,37,63.4,33,60.2,27,56.1,,,,,34.142674,-118.184801,FIGUEROA,11.473
2024-12-10 14:45:00,717599,134,W,ML,511,58.9,107,63.9,155,60.6,137,57.5,112,53.6,,,,,34.142896,-118.172193,SAN RAFAEL,12.253
2024-12-10 14:45:00,717603,134,W,ML,123,62.2,27,66.1,30,64.0,26,62.3,24,59.8,16,55.8,,,34.146519,-118.162409,ORANGE GROVE,12.763
2024-12-10 14:45:00,717604,134,W,HV,123,61.6,123,61.6,,,,,,,,,,,34.146519,-118.162409,ORANGE GROVE,12.763
2024-12-10 14:45:00,761035,134,W,HV,123,61.6,123,61.6,,,,,,,,,,,34.148123,-118.229499,HARVEY,8.743
2024-12-10 14:45:00,761038,134,W,HV,123,61.6,123,61.6,,,,,,,,,,,34.156447,-118.245195,GLENDALE 1,7.673
2024-12-10 14:45:00,761041,134,W,HV,123,61.6,123,61.6,,,,,,,,,,,34.156458,-118.262159,CENTRAL,6.693
2024-12-10 14:45:00,761044,134,W,HV,123,61.6,123,61.6,,,,,,,,,,,34.156198,-118.265345,PACIFIC,6.503
2024-12-10 14:45:00,763610,134,W,HV,123,61.6,123,61.6,,,,,,,,,,,34.142896,-118.172193,SAN RAFAEL,12.253
2024-12-10 14:45:00,763612,134,W,HV,123,61.6,123,61.6,,,,,,,,,,,34.142674,-118.184801,FIGUEROA,11.473
2024-12-10 14:45:00,773975,134,W,ML,123,61.6,26,66.8,37,63.4,33,60.2,27,56.1,,,,,34.14568,-118.221874,OAKVIEW,9.213
2024-12-10 14:45:00,773977,134,W,HV,123,61.6,123,61.6,,,,,,,,,,,34.14568,-118.221874,OAKVIEW,9.213
2024-12-10 14:45:00,773996,134,W,ML,511,59.5,113,63.2,123,61.2,109,59.5,101,57.2,65,53.3,,,34.145076,-118.215608,FM 2 NB TO 134 EB,9.573
2024-12-10 14:45:00,773998,134,W,HV,123,61.6,123,61.6,,,,,,,,,,,34.145076,-118.215608,FM 2 NB TO 134 EB,9.573
2024-12-10 14:45:00,774012,134,W,ML,511,58.9,107,63.9,155,60.6,137,57.5,112,53.6,,,,,34.148107,-118.197509,TOWNSEND,10.643
2024-12-10 14:45:00,774014,134,W,HV,123,61.6,123,61.6,,,,,,,,,,,34.148107,-118.197509,TOWNSEND,10.643
2024-12-10 14:45:00,774032,134,W,ML,123,61.6,26,66.8,37,63.4,33,60.2,27,56.1,,,,,34.141843,-118.182666,COLORADO,11.623
2024-12-10 14:45:00,774034,134,W,HV,123,61.6,123,61.6,,,,,,,,,,,34.141843,-118.182666,COLORADO,11.623
2024-12-10 14:45:00,774053,134,W,ML,123,61.6,26,66.8,37,63.4,33,60.2,27,56.1,,,,,34.15084,-118.234258,FM 2 SB TO 134,8.403
2024-12-10 14:45:00,774055,134,W,HV,123,61.6,123,61.6,,,,,,,,,,,34.15084,-118.234258,FM 2 SB TO 134,8.403
2024-12-10 14:50:00,716551,134,W,ML,382,59.6,104,64.3,104,61.1,90,57.0,84,54.8,,,,,34.154235,-118.274159,SAN FERNANDO,5.983
2024-12-10 14:50:00,716554,134,W,ML,417,58.7,55,74.6,116,67.9,106,56.5,140,46.5,,,,,34.156198,-118.265345,PACIFIC,6.503
2024-12-10 14:50:00,717099,134,W,ML,523,56.8,135,63.5,125,59.7,119,55.2,144,49.4,,,,,34.156447,-118.245195,GLENDALE 1,7.673
2024-12-10 14:50:00,717582,134,W,ML,440,60.7,131,71.1,94,55.6,108,59.4,107,53.6,,,,,34.156458,-118.262159,CENTRAL,6.693
2024-12-10 14:50:00,717590,134,W,ML,124,61.6,26,66.8,38,63.4,33,60.2,27,56.1,,,,,34.148123,-118.229499,HARVEY,8.743
2024-12-10 14:50:00,717597,134,W,ML,124,61.6,26,66.8,38,63.4,33,60.2,27,56.1,,,,,34.142674,-118.184801,FIGUEROA,11.473
2024-12-10 14:50:00,717599,134,W,ML,502,58.7,105,63.6,152,60.4,135,57.3,110,53.4,,,,,34.142896,-118.172193,SAN RAFAEL,12.253
2024-12-10 14:50:00,717603,134,W,ML,123,62.2,27,66.1,30,64.0,26,62.3,24,59.8,16,55.8,,,34.146519,-118.162409,ORANGE GROVE,12.763
2024-12-10 14:50:00,717604,134,W,HV,124,61.6,124,61.6,,,,,,,,,,,34.146519,-118.162409,ORANGE GROVE,12.763
2024-12-10 14:50:00,761035,134,W,HV,124,61.6,124,61.6,,,,,,,,,,,34.148123,-118.229499,HARVEY,8.743
2024-12-10 14:50:00,761038,134,W,HV,124,61.6,124,61.6,,,,,,,,,,,34.156447,-118.245195,GLENDALE 1,7.673
2024-12-10 14:50:00,761041,134,W,HV,124,61.6,124,61.6,,,,,,,,,,,34.156458,-118.262159,CENTRAL,6.693
2024-12-10 14:50:00,761044,134,W,HV,124,61.6,124,61.6,,,,,,,,,,,34.156198,-118.265345,PACIFIC,6.503
2024-12-10 14:50:00,763610,134,W,HV,124,61.6,124,61.6,,,,,,,,,,,34.142896,-118.172193,SAN RAFAEL,12.253
2024-12-10 14:50:00,763612,134,W,HV,124,61.6,124,61.6,,,,,,,,,,,34.142674,-118.184801,FIGUEROA,11.473
2024-12-10 14:50:00,773975,134,W,ML,124,61.6,26,66.8,38,63.4,33,60.2,27,56.1,,,,,34.14568,-118.221874,OAKVIEW,9.213
2024-12-10 14:50:00,773977,134,W,HV,124,61.6,124,61.6,,,,,,,,,,,34.14568,-118.221874,OAKVIEW,9.213
2024-12-10 14:50:00,773996,134,W,ML,502,59.3,111,63.0,121,61.0,107,59.3,99,57.0,64,53.1,,,34.145076,-118.215608,FM 2 NB TO 134 EB,9.573
2024-12-10 14:50:00,773998,134,W,HV,124,61.6,124,61.6,,,,,,,,,,,34.145076,-118.215608,FM 2 NB TO 134 EB,9.573
2024-12-10 14:50:00,774012,134,W,ML,502,58.7,105,63.6,152,60.4,135,57.3,110,53.4,,,,,34.148107,-118.197509,TOWNSEND,10.643
2024-12-10 14:50:00,774014,134,W,HV,124,61.6,124,61.6,,,,,,,,,,,34.148107,-118.197509,TOWNSEND,10.643
2024-12-10 14:50:00,774032,134,W,ML,124,61.6,26,66.8,38,63.4,33,60.2,27,56.1,,,,,34.141843,-118.182666,COLORADO,11.623
2024-12-10 14:50:00,774034,134,W,HV,124,61.6,124,61.6,,,,,,,,,,,34.141843,-118.182666,COLORADO,11.623
2024-12-10 14:50:00,774053,134,W,ML,124,61.6,26,66.8,38,63.4,33,60.2,27,56.1,,,,,34.15084,-118.234258,FM 2 SB TO 134,8.403
2024-12-10 14:50:00,774055,134,W,HV,124,61.6,124,61.6,,,,,,,,,,,34.15084,-118.234258,FM 2 SB TO 134,8.403
2024-12-10 14:55:00,716551,134,W,ML,367,60.1,99,64.8,100,61.6,87,57.6,81,55.2,,,,,34.154235,-118.274159,SAN FERNANDO,5.983
2024-12-10 14:55:00,716554,134,W,ML,379,59.6,43,74.2,112,68.8,102,55.9,122,49.1,,,,,34.156198,-118.265345,PACIFIC,6.503
2024-12-10 14:55:00,717099,134,W,ML,451,59.1,115,65.9,108,62.0,103,57.4,125,51.9,,,,,34.156447,-118.245195,GLENDALE 1,7.673
2024-12-10 14:55:00,717582,134,W,ML,391,61.9,109,71.8,93,59.7,97,59.2,92,55.4,,,,,34.156458,-118.262159,CENTRAL,6.693
2024-12-10 14:55:00,717590,134,W,ML,123,61.5,26,66.7,37,63.3,33,60.1,27,56.0,,,,,34.148123,-118.229499,HARVEY,8.743
2024-12-10 14:55:00,717597,134,W,ML,123,61.5,26,66.7,37,63.3,33,60.1,27,56.0,,,,,34.142674,-118.184801,FIGUEROA,11.473
2024-12-10 14:55:00,717599,134,W,ML,496,58.5,104,63.4,150,60.2,133,57.1,109,53.2,,,,,34.142896,-118.172193,SAN RAFAEL,12.253
2024-12-10 14:55:00,717603,134,W,ML,121,62.2,27,66.0,29,63.9,26,62.2,24,59.7,15,55.7,,,34.146519,-118.162409,ORANGE GROVE,12.763
2024-12-10 14:55:00,717604,134,W,HV,122,61.5,122,61.5,,,,,,,,,,,34.146519,-118.162409,ORANGE GROVE,12.763
2024-12-10 14:55:00,761035,134,W,HV,122,61.5,122,61.5,,,,,,,,,,,34.148123,-118.229499,HARVEY,8.743
2024-12-10 14:55:00,761038,134,W,HV,122,61.5,122,61.5,,,,,,,,,,,34.156447,-118.245195,GLENDALE 1,7.673
2024-12-10 14:55:00,761041,134,W,HV,122,61.5,122,61.5,,,,,,,,,,,34.156458,-118.262159,CENTRAL,6.693
2024-12-10 14:55:00,761044,134,W,HV,122,61.5,122,61.5,,,,,,,,,,,34.156198,-118.265345,PACIFIC,6.503
2024-12-10 14:55:00,763610,134,W,HV,122,61.5,122,61.5,,,,,,,,,,,34.142896,-118.172193,SAN RAFAEL,12.253
2024-12-10 14:55:00,763612,134,W,HV,122,61.5,122,61.5,,,,,,,,,,,34.142674,-118.184801,FIGUEROA,11.473
2024-12-10 14:55:00,773975,134,W,ML,123,61.5,26,66.7,37,63.3,33,60.1,27,56.0,,,,,34.14568,-118.221874,OAKVIEW,9.213
2024-12-10 14:55:00,773977,134,W,HV,122,61.5,122,61.5,,,,,,,,,,,34.14568,-118.221874,OAKVIEW,9.213
2024-12-10 14:55:00,773996,134,W,ML,497,59.1,110,62.8,120,60.8,106,59.1,98,56.8,63,53.0,,,34.145076,-118.215608,FM 2 NB TO 134 EB,9.573
2024-12-10 14:55:00,773998,134,W,HV,122,61.5,122,61.5,,,,,,,,,,,34.145076,-118.215608,FM 2 NB TO 134 EB,9.573
2024-12-10 14:55:00,774012,134,W,ML,496,58.5,104,63.4,150,60.2,133,57.1,109,53.2,,,,,34.148107,-118.197509,TOWNSEND,10.643
2024-12-10 14:55:00,774014,134,W,HV,122,61.5,122,61.5,,,,,,,,,,,34.148107,-118.197509,TOWNSEND,10.643
2024-12-10 14:55:00,774032,134,W,ML,123,61.5,26,66.7,37,63.3,33,60.1,27,56.0,,,,,34.141843,-118.182666,COLORADO,11.623
2024-12-10 14:55:00,774034,134,W,HV,122,61.5,122,61.5,,,,,,,,,,,34.141843,-118.182666,COLORADO,11.623
2024-12-10 14:55:00,774053,134,W,ML,123,61.5,26,66.7,37,63.3,33,60.1,27,56.0,,,,,34.15084,-118.234258,FM 2 SB TO 134,8.403
2024-12-10 14:55:00,774055,134,W,HV,122,61.5,122,61.5,,,,,,,,,,,34.15084,-118.234258,FM 2 SB TO 134,8.403
2024-12-10 15:00:00,716551,134,W,ML,379,59.4,103,64.1,103,60.9,89,56.9,84,54.6,,,,,34.154235,-118.274159,SAN FERNANDO,5.983
2024-12-10 15:00:00,716554,134,W,ML,334,61.4,42,75.1,106,69.7,78,58.4,108,50.2,,,,,34.156198,-118.265345,PACIFIC,6.503
2024-12-10 15:00:00,717099,134,W,ML,473,60.2,120,67.0,113,63.0,108,58.4,132,53.0,,,,,34.156447,-118.245195,GLENDALE 1,7.673
2024-12-10 15:00:00,717582,134,W,ML,384,63.0,105,71.6,87,61.5,89,59.8,103,58.1,,,,,34.156458,-118.262159,CENTRAL,6.693
2024-12-10 15:00:00,717590,134,W,ML,123,61.4,26,66.6,37,63.2,33,60.0,27,55.9,,,,,34.148123,-118.229499,HARVEY,8.743
2024-12-10 15:00:00,717597,134,W,ML,123,61.4,26,66.6,37,63.2,33,60.0,27,55.9,,,,,34.142674,-118.184801,FIGUEROA,11.473
2024-12-10 15:00:00,717599,134,W,ML,492,58.8,103,63.7,149,60.5,132,57.4,108,53.5,,,,,34.142896,-118.172193,SAN RAFAEL,12.253
2024-12-10 15:00:00,717603,134,W,ML,121,62.1,27,65.9,29,63.8,26,62.1,24,59.6,15,55.6,,,34.146519,-118.162409,ORANGE GROVE,12.763
2024-12-10 15:00:00,717604,134,W,HV,122,61.4,122,61.4,,,,,,,,,,,34.146519,-118.162409,ORANGE GROVE,12.763
2024-12-10 15:00:00,761035,134,W,HV,122,61.4,122,61.4,,,,,,,,,,,34.148123,-118.229499,HARVEY,8.743
2024-12-10 15:00:00,761038,134,W,HV,122,61.4,122,61.4,,,,,,,,,,,34.156447,-118.245195,GLENDALE 1,7.673
2024-12-10 15:00:00,761041,134,W,HV,122,61.4,122,61.4,,,,,,,,,,,34.156458,-118.262159,CENTRAL,6.693
2024-12-10 15:00:00,761044,134,W,HV,122,61.4,122,61.4,,,,,,,,,,,34.156198,-118.265345,PACIFIC,6.503
2024-12-10 15:00:00,763610,134,W,HV,122,61.4,122,61.4,,,,,,,,,,,34.142896,-118.172193,SAN RAFAEL,12.253
2024-12-10 15:00:00,763612,134,W,HV,122,61.4,122,61.4,,,,,,,,,,,34.142674,-118.184801,FIGUEROA,11.473
2024-12-10 15:00:00,773975,134,W,ML,123,61.4,26,66.6,37,63.2,33,60.0,27,55.9,,,,,34.14568,-118.221874,OAKVIEW,9.213
2024-12-10 15:00:00,773977,134,W,HV,122,61.4,122,61.4,,,,,,,,,,,34.14568,-118.221874,OAKVIEW,9.213
2024-12-10 15:00:00,773996,134,W,ML,491,59.4,109,63.1,118,61.1,105,59.4,97,57.1,62,53.2,,,34.145076,-118.215608,FM 2 NB TO 134 EB,9.573
2024-12-10 15:00:00,773998,134,W,HV,122,61.4,122,61.4,,,,,,,,,,,34.145076,-118.215608,FM 2 NB TO 134 EB,9.573
2024-12-10 15:00:00,774012,134,W,ML,492,58.8,103,63.7,149,60.5,132,57.4,108,53.5,,,,,34.148107,-118.197509,TOWNSEND,10.643
2024-12-10 15:00:00,774014,134,W,HV,122,61.4,122,61.4,,,,,,,,,,,34.148107,-118.197509,TOWNSEND,10.643
2024-12-10 15:00:00,774032,134,W,ML,123,61.4,26,66.6,37,63.2,33,60.0,27,55.9,,,,,34.141843,-118.182666,COLORADO,11.623
2024-12-10 15:00:00,774034,134,W,HV,122,61.4,122,61.4,,,,,,,,,,,34.141843,-118.182666,COLORADO,11.623
2024-12-10 15:00:00,774053,134,W,ML,123,61.4,26,66.6,37,63.2,33,60.0,27,55.9,,,,,34.15084,-118.234258,FM 2 SB TO 134,8.403
2024-12-10 15:00:00,774055,134,W,HV,122,61.4,122,61.4,,,,,,,,,,,34.15084,-118.234258,FM 2 SB TO 134,8.403
2024-12-10 15:05:00,716551,134,W,ML,342,59.8,92,64.5,93,61.3,81,57.3,76,55.0,,,,,34.154235,-118.274159,SAN FERNANDO,5.983
2024-12-10 15:05:00,716554,134,W,ML,340,60.9,40,75.4,93,69.2,100,58.2,107,50.9,,,,,34.156198,-118.265345,PACIFIC,6.503
2024-12-10 15:05:00,717099,134,W,ML,424,60.6,108,67.4,102,63.4,97,58.7,117,53.4,,,,,34.156447,-118.245195,GLENDALE 1,7.673
2024-12-10 15:05:00,717582,134,W,ML,357,63.8,99,71.3,81,62.2,91,60.9,86,59.6,,,,,34.156458,-118.262159,CENTRAL,6.693
2024-12-10 15:05:00,717590,134,W,ML,123,61.3,26,66.5,37,63.1,33,59.9,27,55.8,,,,,34.148123,-118.229499,HARVEY,8.743
2024-12-10 15:05:00,717597,134,W,ML,123,61.3,26,66.5,37,63.1,33,59.9,27,55.8,,,,,34.142674,-118.184801,FIGUEROA,11.473
2024-12-10 15:05:00,717599,134,W,ML,493,58.9,103,63.9,150,60.6,132,57.5,108,53.6,,,,,34.142896,-118.172193,SAN RAFAEL,12.253
2024-12-10 15:05:00,717603,134,W,ML,121,62.0,27,65.8,29,63.7,26,62.0,24,59.5,15,55.5,,,34.146519,-118.162409,ORANGE GROVE,12.763
2024-12-10 15:05:00,717604,134,W,HV,122,61.3,122,61.3,,,,,,,,,,,34.146519,-118.162409,ORANGE GROVE,12.763
2024-12-10 15:05:00,761035,134,W,HV,122,61.3,122,61.3,,,,,,,,,,,34.148123,-118.229499,HARVEY,8.743
2024-12-10 15:05:00,761038,134,W,HV,122,61.3,122,61.3,,,,,,,,,,,34.156447,-118.245195,GLENDALE 1,7.673
2024-12-10 15:05:00,761041,134,W,HV,122,61.3,122,61.3,,,,,,,,,,,34.156458,-118.262159,CENTRAL,6.693
2024-12-10 15:05:00,761044,134,W,HV,122,61.3,122,61.3,,,,,,,,,,,34.156198,-118.265345,PACIFIC,6.503
2024-12-10 15:05:00,763610,134,W,HV,122,61.3,122,61.3,,,,,,,,,,,34.142896,-118.172193,SAN RAFAEL,12.253
2024-12-10 15:05:00,763612,134,W,HV,122,61.3,122,61.3,,,,,,,,,,,34.142674,-118.184801,FIGUEROA,11.473
2024-12-10 15:05:00,773975,134,W,ML,123,61.3,26,66.5,37,63.1,33,59.9,27,55.8,,,,,34.14568,-118.221874,OAKVIEW,9.213
2024-12-10 15:05:00,773977,134,W,HV,122,61.3,122,61.3,,,,,,,,,,,34.14568,-118.221874,OAKVIEW,9.213
2024-12-10 15:05:00,773996,134,W,ML,494,59.5,109,63.2,119,61.2,105,59.5,98,57.2,63,53.3,,,34.145076,-118.215608,FM 2 NB TO 134 EB,9.573
2024-12-10 15:05:00,773998,134,W,HV,122,61.3,122,61.3,,,,,,,,,,,34.145076,-118.215608,FM 2 NB TO 134 EB,9.573
2024-12-10 15:05:00,774012,134,W,ML,493,58.9,103,63.9,150,60.6,132,57.5,108,53.6,,,,,34.148107,-118.197509,TOWNSEND,10.643
2024-12-10 15:05:00,774014,134,W,HV,122,61.3,122,61.3,,,,,,,,,,,34.148107,-118.197509,TOWNSEND,10.643
2024-12-10 15:05:00,774032,134,W,ML,123,61.3,26,66.5,37,63.1,33,59.9,27,55.8,,,,,34.141843,-118.182666,COLORADO,11.623
2024-12-10 15:05:00,774034,134,W,HV,122,61.3,122,61.3,,,,,,,,,,,34.141843,-118.182666,COLORADO,11.623
2024-12-10 15:05:00,774053,134,W,ML,123,61.3,26,66.5,37,63.1,33,59.9,27,55.8,,,,,34.15084,-118.234258,FM 2 SB TO 134,8.403
2024-12-10 15:05:00,774055,134,W,HV,122,61.3,122,61.3,,,,,,,,,,,34.15084,-118.234258,FM 2 SB TO 134,8.403
2024-12-10 15:10:00,716551,134,W,ML,376,59.2,102,63.8,102,60.7,89,56.7,83,54.4,,,,,34.154235,-118.274159,SAN FERNANDO,5.983
2024-12-10 15:10:00,716554,134,W,ML,385,60.4,50,75.1,126,66.3,86,57.6,123,50.3,,,,,34.156198,-118.265345,PACIFIC,6.503
2024-12-10 15:10:00,717099,134,W,ML,518,58.4,133,65.1,124,61.2,118,56.6,143,51.0,,,,,34.156447,-118.245195,GLENDALE 1,7.673
2024-12-10 15:10:00,717582,134,W,ML,420,62.1,121,70.0,94,58.3,99,60.2,106,58.3,,,,,34.156458,-118.262159,CENTRAL,6.693
2024-12-10 15:10:00,717590,134,W,ML,123,61.2,26,66.3,37,63.0,33,59.8,27,55.7,,,,,34.148123,-118.229499,HARVEY,8.743
2024-12-10 15:10:00,717597,134,W,ML,123,61.2,26,66.3,37,63.0,33,59.8,27,55.7,,,,,34.142674,-118.184801,FIGUEROA,11.473
2024-12-10 15:10:00,717599,134,W,ML,499,58.8,104,63.7,151,60.5,134,57.4,110,53.5,,,,,34.142896,-118.172193,SAN RAFAEL,12.253
2024-12-10 15:10:00,717603,134,W,ML,123,61.8,27,65.7,30,63.6,26,61.9,24,59.4,16,55.4,,,34.146519,-118.162409,ORANGE GROVE,12.763
2024-12-10 15:10:00,717604,134,W,HV,123,61.2,123,61.2,,,,,,,,,,,34.146519,-118.162409,ORANGE GROVE,12.763
2024-12-10 15:10:00,761035,134,W,HV,123,61.2,123,61.2,,,,,,,,,,,34.148123,-118.229499,HARVEY,8.743
2024-12-10 15:10:00,761038,134,W,HV,123,61.2,123,61.2,,,,,,,,,,,34.156447,-118.245195,GLENDALE 1,7.673
2024-12-10 15:10:00,761041,134,W,HV,123,61.2,123,61.2,,,,,,,,,,,34.156458,-118.262159,CENTRAL,6.693
2024-12-10 15:10:00,761044,134,W,HV,123,61.2,123,61.2,,,,,,,,,,,34.156198,-118.265345,PACIFIC,6.503
2024-12-10 15:10:00,763610,134,W,HV,123,61.2,123,61.2,,,,,,,,,,,34.142896,-118.172193,SAN RAFAEL,12.253
2024-12-10 15:10:00,763612,134,W,HV,123,61.2,123,61.2,,,,,,,,,,,34.142674,-118.184801,FIGUEROA,11.473
2024-12-10 15:10:00,773975,134,W,ML,123,61.2,26,66.3,37,63.0,33,59.8,27,55.7,,,,,34.14568,-118.221874,OAKVIEW,9.213
2024-12-10 15:10:00,773977,134,W,HV,123,61.2,123,61.2,,,,,,,,,,,34.14568,-118.221874,OAKVIEW,9.213
2024-12-10 15:10:00,773996,134,W,ML,498,59.4,110,63.1,120,61.1,106,59.4,99,57.1,63,53.2,,,34.145076,-118.215608,FM 2 NB TO 134 EB,9.573
2024-12-10 15:10:00,773998,134,W,HV,123,61.2,123,61.2,,,,,,,,,,,34.145076,-118.215608,FM 2 NB TO 134 EB,9.573
2024-12-10 15:10:00,774012,134,W,ML,499,58.8,104,63.7,151,60.5,134,57.4,110,53.5,,,,,34.148107,-118.197509,TOWNSEND,10.643
2024-12-10 15:10:00,774014,134,W,HV,123,61.2,123,61.2,,,,,,,,,,,34.148107,-118.197509,TOWNSEND,10.643
2024-12-10 15:10:00,774032,134,W,ML,123,61.2,26,66.3,37,63.0,33,59.8,27,55.7,,,,,34.141843,-118.182666,COLORADO,11.623
2024-12-10 15:10:00,774034,134,W,HV,123,61.2,123,61.2,,,,,,,,,,,34.141843,-118.182666,COLORADO,11.623
2024-12-10 15:10:00,774053,134,W,ML,123,61.2,26,66.3,37,63.0,33,59.8,27,55.7,,,,,34.15084,-118.234258,FM 2 SB TO 134,8.403
2024-12-10 15:10:00,774055,134,W,HV,123,61.2,123,61.2,,,,,,,,,,,34.15084,-118.234258,FM 2 SB TO 134,8.403
2024-12-10 15:15:00,716551,134,W,ML,396,59.6,108,64.3,108,61.1,93,57.0,87,54.8,,,,,34.154235,-118.274159,SAN FERNANDO,5.983
2024-12-10 15:15:00,716554,134,W,ML,400,60.6,51,75.1,123,66.6,106,58.2,120,50.5,,,,,34.156198,-118.265345,PACIFIC,6.503
2024-12-10 15:15:00,717099,134,W,ML,437,60.8,111,67.6,105,63.6,100,58.9,121,53.6,,,,,34.156447,-118.245195,GLENDALE 1,7.673
2024-12-10 15:15:00,717582,134,W,ML,404,64.4,125,70.9,90,62.5,100,62.7,89,59.0,,,,,34.156458,-118.262159,CENTRAL,6.693
2024-12-10 15:15:00,717590,134,W,ML,123,61.1,26,66.2,37,62.9,33,59.7,27,55.6,,,,,34.148123,-118.229499,HARVEY,8.743
2024-12-10 15:15:00,717597,134,W,ML,123,61.1,26,66.2,37,62.9,33,59.7,27,55.6,,,,,34.142674,-118.184801,FIGUEROA,11.473
2024-12-10 15:15:00,717599,134,W,ML,502,58.8,105,63.7,152,60.5,135,57.4,110,53.5,,,,,34.142896,-118.172193,SAN RAFAEL,12.253
2024-12-10 15:15:00,717603,134,W,ML,123,61.7,27,65.6,30,63.5,26,61.8,24,59.4,16,55.3,,,34.146519,-118.162409,ORANGE GROVE,12.763
2024-12-10 15:15:00,717604,134,W,HV,123,61.1,123,61.1,,,,,,,,,,,34.146519,-118.162409,ORANGE GROVE,12.763
2024-12-10 15:15:00,761035,134,W,HV,123,61.1,123,61.1,,,,,,,,,,,34.148123,-118.229499,HARVEY,8.743
2024-12-10 15:15:00,761038,134,W,HV,123,61.1,123,61.1,,,,,,,,,,,34.156447,-118.245195,GLENDALE 1,7.673
2024-12-10 15:15:00,761041,134,W,HV,123,61.1,123,61.1,,,,,,,,,,,34.156458,-118.262159,CENTRAL,6.693
2024-12-10 15:15:00,761044,134,W,HV,123,61.1,123,61.1,,,,,,,,,,,34.156198,-118.265345,PACIFIC,6.503
2024-12-10 15:15:00,763610,134,W,HV,123,61.1,123,61.1,,,,,,,,,,,34.142896,-118.172193,SAN RAFAEL,12.253
2024-12-10 15:15:00,763612,134,W,HV,123,61.1,123,61.1,,,,,,,,,,,34.142674,-118.184801,FIGUEROA,11.473
2024-12-10 15:15:00,773975,134,W,ML,123,61.1,26,66.2,37,62.9,33,59.7,27,55.6,,,,,34.14568,-118.221874,OAKVIEW,9.213
2024-12-10 15:15:00,773977,134,W,HV,123,61.1,123,61.1,,,,,,,,,,,34.14568,-118.221874,OAKVIEW,9.213
2024-12-10 15:15:00,773996,134,W,ML,502,59.4,111,63.1,121,61.1,107,59.4,99,57.1,64,53.2,,,34.145076,-118.215608,FM 2 NB TO 134 EB,9.573
2024-12-10 15:15:00,773998,134,W,HV,123,61.1,123,61.1,,,,,,,,,,,34.145076,-118.215608,FM 2 NB TO 134 EB,9.573
2024-12-10 15:15:00,774012,134,W,ML,502,58.8,105,63.7,152,60.5,135,57.4,110,53.5,,,,,34.148107,-118.197509,TOWNSEND,10.643
2024-12-10 15:15:00,774014,134,W,HV,123,61.1,123,61.1,,,,,,,,,,,34.148107,-118.197509,TOWNSEND,10.643
2024-12-10 15:15:00,774032,134,W,ML,123,61.1,26,66.2,37,62.9,33,59.7,27,55.6,,,,,34.141843,-118.182666,COLORADO,11.623
2024-12-10 15:15:00,774034,134,W,HV,123,61.1,123,61.1,,,,,,,,,,,34.141843,-118.182666,COLORADO,11.623
2024-12-10 15:15:00,774053,134,W,ML,123,61.1,26,66.2,37,62.9,33,59.7,27,55.6,,,,,34.15084,-118.234258,FM 2 SB TO 134,8.403
2024-12-10 15:15:00,774055,134,W,HV,123,61.1,123,61.1,,,,,,,,,,,34.15084,-118.234258,FM 2 SB TO 134,8.403
2024-12-10 15:20:00,716551,134,W,ML,394,60.3,107,65.0,107,61.8,93,57.7,87,55.4,,,,,34.154235,-118.274159,SAN FERNANDO,5.983
2024-12-10 15:20:00,716554,134,W,ML,415,60.0,60,74.6,124,66.5,91,55.7,140,50.7,,,,,34.156198,-118.265345,PACIFIC,6.503
2024-12-10 15:20:00,717099,134,W,ML,570,59.8,146,66.6,136,62.6,129,58.0,159,52.5,,,,,34.156447,-118.245195,GLENDALE 1,7.673
2024-12-10 15:20:00,717582,134,W,ML,433,63.2,122,71.3,86,60.8,106,60.9,119,58.7,,,,,34.156458,-118.262159,CENTRAL,6.693
2024-12-10 15:20:00,717590,134,W,ML,123,61.1,26,66.2,37,62.9,33,59.7,27,55.6,,,,,34.148123,-118.229499,HARVEY,8.743
2024-12-10 15:20:00,717597,134,W,ML,123,61.1,26,66.2,37,62.9,33,59.7,27,55.6,,,,,34.142674,-118.184801,FIGUEROA,11.473
2024-12-10 15:20:00,717599,134,W,ML,501,58.6,105,63.5,152,60.3,134,57.2,110,53.3,,,,,34.142896,-118.172193,SAN RAFAEL,12.253
2024-12-10 15:20:00,717603,134,W,ML,123,61.7,27,65.6,30,63.5,26,61.8,24,59.4,16,55.3,,,34.146519,-118.162409,ORANGE GROVE,12.763
2024-12-10 15:20:00,717604,134,W,HV,123,61.1,123,61.1,,,,,,,,,,,34.146519,-118.162409,ORANGE GROVE,12.763
2024-12-10 15:20:00,761035,134,W,HV,123,61.1,123,61.1,,,,,,,,,,,34.148123,-118.229499,HARVEY,8.743
2024-12-10 15:20:00,761038,134,W,HV,123,61.1,123,61.1,,,,,,,,,,,34.156447,-118.245195,GLENDALE 1,7.673
2024-12-10 15:20:00,761041,134,W,HV,123,61.1,123,61.1,,,,,,,,,,,34.156458,-118.262159,CENTRAL,6.693
2024-12-10 15:20:00,761044,134,W,HV,123,61.1,123,61.1,,,,,,,,,,,34.156198,-118.265345,PACIFIC,6.503
2024-12-10 15:20:00,763610,134,W,HV,123,61.1,123,61.1,,,,,,,,,,,34.142896,-118.172193,SAN RAFAEL,12.253
2024-12-10 15:20:00,763612,134,W,HV,123,61.1,123,61.1,,,,,,,,,,,34.142674,-118.184801,FIGUEROA,11.473
2024-12-10 15:20:00,773975,134,W,ML,123,61.1,26,66.2,37,62.9,33,59.7,27,55.6,,,,,34.14568,-118.221874,OAKVIEW,9.213
2024-12-10 15:20:00,773977,134,W,HV,123,61.1,123,61.1,,,,,,,,,,,34.14568,-118.221874,OAKVIEW,9.213
2024-12-10 15:20:00,773996,134,W,ML,502,59.2,111,62.9,121,60.9,107,59.2,99,56.9,64,53.1,,,34.145076,-118.215608,FM 2 NB TO 134 EB,9.573
2024-12-10 15:20:00,773998,134,W,HV,123,61.1,123,61.1,,,,,,,,,,,34.145076,-118.215608,FM 2 NB TO 134 EB,9.573
2024-12-10 15:20:00,774012,134,W,ML,501,58.6,105,63.5,152,60.3,134,57.2,110,53.3,,,,,34.148107,-118.197509,TOWNSEND,10.643
2024-12-10 15:20:00,774014,134,W,HV,123,61.1,123,61.1,,,,,,,,,,,34.148107,-118.197509,TOWNSEND,10.643
2024-12-10 15:20:00,774032,134,W,ML,123,61.1,26,66.2,37,62.9,33,59.7,27,55.6,,,,,34.141843,-118.182666,COLORADO,11.623
2024-12-10 15:20:00,774034,134,W,HV,123,61.1,123,61.1,,,,,,,,,,,34.141843,-118.182666,COLORADO,11.623
2024-12-10 15:20:00,774053,134,W,ML,123,61.1,26,66.2,37,62.9,33,59.7,27,55.6,,,,,34.15084,-118.234258,FM 2 SB TO 134,8.403
2024-12-10 15:20:00,774055,134,W,HV,123,61.1,123,61.1,,,,,,,,,,,34.15084,-118.234258,FM 2 SB TO 134,8.403
2024-12-10 15:25:00,716551,134,W,ML,396,59.1,108,63.7,108,60.5,93,56.5,87,54.3,,,,,34.154235,-118.274159,SAN FERNANDO,5.983
2024-12-10 15:25:00,716554,134,W,ML,400,59.6,45,75.4,128,65.2,104,56.3,123,50.8,,,,,34.156198,-118.265345,PACIFIC,6.503
2024-12-10 15:25:00,717099,134,W,ML,504,60.8,129,67.6,121,63.6,115,59.0,139,53.6,,,,,34.156447,-118.245195,GLENDALE 1,7.673
2024-12-10 15:25:00,717582,134,W,ML,439,63.6,125,70.5,100,62.6,111,61.8,103,58.0,,,,,34.156458,-118.262159,CENTRAL,6.693
2024-12-10 15:25:00,717590,134,W,ML,123,61.1,26,66.2,37,62.9,33,59.7,27,55.6,,,,,34.148123,-118.229499,HARVEY,8.743
2024-12-10 15:25:00,717597,134,W,ML,123,61.1,26,66.2,37,62.9,33,59.7,27,55.6,,,,,34.142674,-118.184801,FIGUEROA,11.473
2024-12-10 15:25:00,717599,134,W,ML,496,58.5,104,63.4,150,60.2,133,57.1,109,53.2,,,,,34.142896,-118.172193,SAN RAFAEL,12.253
2024-12-10 15:25:00,717603,134,W,ML,123,61.7,27,65.6,30,63.5,26,61.8,24,59.4,16,55.3,,,34.146519,-118.162409,ORANGE GROVE,12.763
2024-12-10 15:25:00,717604,134,W,HV,123,61.1,123,61.1,,,,,,,,,,,34.146519,-118.162409,ORANGE GROVE,12.763
2024-12-10 15:25:00,761035,134,W,HV,123,61.1,123,61.1,,,,,,,,,,,34.148123,-118.229499,HARVEY,8.743
2024-12-10 15:25:00,761038,134,W,HV,123,61.1,123,61.1,,,,,,,,,,,34.156447,-118.245195,GLENDALE 1,7.673
2024-12-10 15:25:00,761041,134,W,HV,123,61.1,123,61.1,,,,,,,,,,,34.156458,-118.262159,CENTRAL,6.693
2024-12-10 15:25:00,761044,134,W,HV,123,61.1,123,61.1,,,,,,,,,,,34.156198,-118.265345,PACIFIC,6.503
2024-12-10 15:25:00,763610,134,W,HV,123,61.1,123,61.1,,,,,,,,,,,34.142896,-118.172193,SAN RAFAEL,12.253
2024-12-10 15:25:00,763612,134,W,HV,123,61.1,123,61.1,,,,,,,,,,,34.142674,-118.184801,FIGUEROA,11.473
2024-12-10 15:25:00,773975,134,W,ML,123,61.1,26,66.2,37,62.9,33,59.7,27,55.6,,,,,34.14568,-118.221874,OAKVIEW,9.213
2024-12-10 15:25:00,773977,134,W,HV,123,61.1,123,61.1,,,,,,,,,,,34.14568,-118.221874,OAKVIEW,9.213
2024-12-10 15:25:00,773996,134,W,ML,497,59.1,110,62.8,120,60.8,106,59.1,98,56.8,63,53.0,,,34.145076,-118.215608,FM 2 NB TO 134 EB,9.573
2024-12-10 15:25:00,773998,134,W,HV,123,61.1,123,61.1,,,,,,,,,,,34.145076,-118.215608,FM 2 NB TO 134 EB,9.573
2024-12-10 15:25:00,774012,134,W,ML,496,58.5,104,63.4,150,60.2,133,57.1,109,53.2,,,,,34.148107,-118.197509,TOWNSEND,10.643
2024-12-10 15:25:00,774014,134,W,HV,123,61.1,123,61.1,,,,,,,,,,,34.148107,-118.197509,TOWNSEND,10.643
2024-12-10 15:25:00,774032,134,W,ML,123,61.1,26,66.2,37,62.9,33,59.7,27,55.6,,,,,34.141843,-118.182666,COLORADO,11.623
2024-12-10 15:25:00,774034,134,W,HV,123,61.1,123,61.1,,,,,,,,,,,34.141843,-118.182666,COLORADO,11.623
2024-12-10 15:25:00,774053,134,W,ML,123,61.1,26,66.2,37,62.9,33,59.7,27,55.6,,,,,34.15084,-118.234258,FM 2 SB TO 134,8.403
2024-12-10 15:25:00,774055,134,W,HV,123,61.1,123,61.1,,,,,,,,,,,34.15084,-118.234258,FM 2 SB TO 134,8.403
2024-12-10 15:30:00,716551,134,W,ML,431,59.6,119,64.2,117,61.0,101,57.0,94,54.7,,,,,34.154235,-118.274159,SAN FERNANDO,5.983
2024-12-10 15:30:00,716554,134,W,ML,427,59.2,55,74.7,131,64.3,108,56.6,133,50.0,,,,,34.156198,-118.265345,PACIFIC,6.503
2024-12-10 15:30:00,717099,134,W,ML,509,59.9,131,66.7,122,62.7,116,58.1,140,52.7,,,,,34.156447,-118.245195,GLENDALE 1,7.673
2024-12-10 15:30:00,717582,134,W,ML,444,62.8,126,70.0,98,61.0,116,61.3,104,57.3,,,,,34.156458,-118.262159,CENTRAL,6.693
2024-12-10 15:30:00,717590,134,W,ML,123,61.1,26,66.2,37,62.9,33,59.7,27,55.6,,,,,34.148123,-118.229499,HARVEY,8.743
2024-12-10 15:30:00,717597,134,W,ML,123,61.1,26,66.2,37,62.9,33,59.7,27,55.6,,,,,34.142674,-118.184801,FIGUEROA,11.473
2024-12-10 15:30:00,717599,134,W,ML,490,58.6,102,63.5,149,60.3,131,57.2,108,53.3,,,,,34.142896,-118.172193,SAN RAFAEL,12.253
2024-12-10 15:30:00,717603,134,W,ML,123,61.7,27,65.6,30,63.5,26,61.8,24,59.4,16,55.3,,,34.146519,-118.162409,ORANGE GROVE,12.763
2024-12-10 15:30:00,717604,134,W,HV,123,61.1,123,61.1,,,,,,,,,,,34.146519,-118.162409,ORANGE GROVE,12.763
2024-12-10 15:30:00,761035,134,W,HV,123,61.1,123,61.1,,,,,,,,,,,34.148123,-118.229499,HARVEY,8.743
2024-12-10 15:30:00,761038,134,W,HV,123,61.1,123,61.1,,,,,,,,,,,34.156447,-118.245195,GLENDALE 1,7.673
2024-12-10 15:30:00,761041,134,W,HV,123,61.1,123,61.1,,,,,,,,,,,34.156458,-118.262159,CENTRAL,6.693
2024-12-10 15:30:00,761044,134,W,HV,123,61.1,123,61.1,,,,,,,,,,,34.156198,-118.265345,PACIFIC,6.503
2024-12-10 15:30:00,763610,134,W,HV,123,61.1,123,61.1,,,,,,,,,,,34.142896,-118.172193,SAN RAFAEL,12.253
2024-12-10 15:30:00,763612,134,W,HV,123,61.1,123,61.1,,,,,,,,,,,34.142674,-118.184801,FIGUEROA,11.473
2024-12-10 15:30:00,773975,134,W,ML,123,61.1,26,66.2,37,62.9,33,59.7,27,55.6,,,,,34.14568,-118.221874,OAKVIEW,9.213
2024-12-10 15:30:00,773977,134,W,HV,123,61.1,123,61.1,,,,,,,,,,,34.14568,-118.221874,OAKVIEW,9.213
2024-12-10 15:30:00,773996,134,W,ML,489,59.2,108,62.9,118,60.9,104,59.2,97,56.9,62,53.1,,,34.145076,-118.215608,FM 2 NB TO 134 EB,9.573
2024-12-10 15:30:00,773998,134,W,HV,123,61.1,123,61.1,,,,,,,,,,,34.145076,-118.215608,FM 2 NB TO 134 EB,9.573
2024-12-10 15:30:00,774012,134,W,ML,490,58.6,102,63.5,149,60.3,131,57.2,108,53.3,,,,,34.148107,-118.197509,TOWNSEND,10.643
2024-12-10 15:30:00,774014,134,W,HV,123,61.1,123,61.1,,,,,,,,,,,34.148107,-118.197509,TOWNSEND,10.643
2024-12-10 15:30:00,774032,134,W,ML,123,61.1,26,66.2,37,62.9,33,59.7,27,55.6,,,,,34.141843,-118.182666,COLORADO,11.623
2024-12-10 15:30:00,774034,134,W,HV,123,61.1,123,61.1,,,,,,,,,,,34.141843,-118.182666,COLORADO,11.623
2024-12-10 15:30:00,774053,134,W,ML,123,61.1,26,66.2,37,62.9,33,59.7,27,55.6,,,,,34.15084,-118.234258,FM 2 SB TO 134,8.403
2024-12-10 15:30:00,774055,134,W,HV,123,61.1,123,61.1,,,,,,,,,,,34.15084,-118.234258,FM 2 SB TO 134,8.403
2024-12-10 15:35:00,716551,134,W,ML,346,59.1,93,63.8,94,60.7,82,56.5,77,54.2,,,,,34.154235,-118.274159,SAN FERNANDO,5.983
2024-12-10 15:35:00,716554,134,W,ML,411,57.0,60,73.5,117,63.3,95,54.2,139,46.4,,,,,34.156198,-118.265345,PACIFIC,6.503
2024-12-10 15:35:00,717099,134,W,ML,484,57.9,124,64.7,116,60.8,110,56.3,134,50.6,,,,,34.156447,-118.245195,GLENDALE 1,7.673
2024-12-10 15:35:00,717582,134,W,ML,404,61.1,123,69.7,85,57.6,97,59.9,99,54.6,,,,,34.156458,-118.262159,CENTRAL,6.693
2024-12-10 15:35:00,717590,134,W,ML,123,61.1,26,66.2,37,62.9,33,59.7,27,55.6,,,,,34.148123,-118.229499,HARVEY,8.743
2024-12-10 15:35:00,717597,134,W,ML,123,61.1,26,66.2,37,62.9,33,59.7,27,55.6,,,,,34.142674,-118.184801,FIGUEROA,11.473
2024-12-10 15:35:00,717599,134,W,ML,496,58.5,104,63.4,150,60.2,133,57.1,109,53.2,,,,,34.142896,-118.172193,SAN RAFAEL,12.253
2024-12-10 15:35:00,717603,134,W,ML,123,61.7,27,65.6,30,63.5,26,61.8,24,59.4,16,55.3,,,34.146519,-118.162409,ORANGE GROVE,12.763
2024-12-10 15:35:00,717604,134,W,HV,123,61.1,123,61.1,,,,,,,,,,,34.146519,-118.162409,ORANGE GROVE,12.763
2024-12-10 15:35:00,761035,134,W,HV,123,61.1,123,61.1,,,,,,,,,,,34.148123,-118.229499,HARVEY,8.743
2024-12-10 15:35:00,761038,134,W,HV,123,61.1,123,61.1,,,,,,,,,,,34.156447,-118.245195,GLENDALE 1,7.673
2024-12-10 15:35:00,761041,134,W,HV,123,61.1,123,61.1,,,,,,,,,,,34.156458,-118.262159,CENTRAL,6.693
2024-12-10 15:35:00,761044,134,W,HV,123,61.1,123,61.1,,,,,,,,,,,34.156198,-118.265345,PACIFIC,6.503
2024-12-10 15:35:00,763610,134,W,HV,123,61.1,123,61.1,,,,,,,,,,,34.142896,-118.172193,SAN RAFAEL,12.253
2024-12-10 15:35:00,763612,134,W,HV,123,61.1,123,61.1,,,,,,,,,,,34.142674,-118.184801,FIGUEROA,11.473
2024-12-10 15:35:00,773975,134,W,ML,123,61.1,26,66.2,37,62.9,33,59.7,27,55.6,,,,,34.14568,-118.221874,OAKVIEW,9.213
2024-12-10 15:35:00,773977,134,W,HV,123,61.1,123,61.1,,,,,,,,,,,34.14568,-118.221874,OAKVIEW,9.213
2024-12-10 15:35:00,773996,134,W,ML,497,59.1,110,62.8,120,60.8,106,59.1,98,56.8,63,53.0,,,34.145076,-118.215608,FM 2 NB TO 134 EB,9.573
2024-12-10 15:35:00,773998,134,W,HV,123,61.1,123,61.1,,,,,,,,,,,34.145076,-118.215608,FM 2 NB TO 134 EB,9.573
2024-12-10 15:35:00,774012,134,W,ML,496,58.5,104,63.4,150,60.2,133,57.1,109,53.2,,,,,34.148107,-118.197509,TOWNSEND,10.643
2024-12-10 15:35:00,774014,134,W,HV,123,61.1,123,61.1,,,,,,,,,,,34.148107,-118.197509,TOWNSEND,10.643
2024-12-10 15:35:00,774032,134,W,ML,123,61.1,26,66.2,37,62.9,33,59.7,27,55.6,,,,,34.141843,-118.182666,COLORADO,11.623
2024-12-10 15:35:00,774034,134,W,HV,123,61.1,123,61.1,,,,,,,,,,,34.141843,-118.182666,COLORADO,11.623
2024-12-10 15:35:00,774053,134,W,ML,123,61.1,26,66.2,37,62.9,33,59.7,27,55.6,,,,,34.15084,-118.234258,FM 2 SB TO 134,8.403
2024-12-10 15:35:00,774055,134,W,HV,123,61.1,123,61.1,,,,,,,,,,,34.15084,-118.234258,FM 2 SB TO 134,8.403
2024-12-10 15:40:00,716551,134,W,ML,388,57.6,105,62.1,105,59.1,92,55.1,86,52.9,,,,,34.154235,-118.274159,SAN FERNANDO,5.983
2024-12-10 15:40:00,716554,134,W,ML,415,55.2,50,71.7,126,61.2,108,53.9,131,44.3,,,,,34.156198,-118.265345,PACIFIC,6.503
2024-12-10 15:40:00,717099,134,W,ML,556,57.7,144,64.4,133,60.6,126,56.0,153,50.3,,,,,34.156447,-118.245195,GLENDALE 1,7.673
2024-12-10 15:40:00,717582,134,W,ML,441,60.1,127,69.8,87,57.1,113,59.3,114,52.2,,,,,34.156458,-118.262159,CENTRAL,6.693
2024-12-10 15:40:00,717590,134,W,ML,124,61.0,26,66.1,38,62.8,33,59.6,27,55.5,,,,,34.148123,-118.229499,HARVEY,8.743
2024-12-10 15:40:00,717597,134,W,ML,124,61.0,26,66.1,38,62.8,33,59.6,27,55.5,,,,,34.142674,-118.184801,FIGUEROA,11.473
2024-12-10 15:40:00,717599,134,W,ML,505,58.3,106,63.2,153,60.0,135,56.9,111,53.1,,,,,34.142896,-118.172193,SAN RAFAEL,12.253
2024-12-10 15:40:00,717603,134,W,ML,123,61.6,27,65.5,30,63.4,26,61.7,24,59.3,16,55.2,,,34.146519,-118.162409,ORANGE GROVE,12.763
2024-12-10 15:40:00,717604,134,W,HV,124,61.0,124,61.0,,,,,,,,,,,34.146519,-118.162409,ORANGE GROVE,12.763
2024-12-10 15:40:00,761035,134,W,HV,124,61.0,124,61.0,,,,,,,,,,,34.148123,-118.229499,HARVEY,8.743
2024-12-10 15:40:00,761038,134,W,HV,124,61.0,124,61.0,,,,,,,,,,,34.156447,-118.245195,GLENDALE 1,7.673
2024-12-10 15:40:00,761041,134,W,HV,124,61.0,124,61.0,,,,,,,,,,,34.156458,-118.262159,CENTRAL,6.693
2024-12-10 15:40:00,761044,134,W,HV,124,61.0,124,61.0,,,,,,,,,,,34.156198,-118.265345,PACIFIC,6.503
2024-12-10 15:40:00,763610,134,W,HV,124,61.0,124,61.0,,,,,,,,,,,34.142896,-118.172193,SAN RAFAEL,12.253
2024-12-10 15:40:00,763612,134,W,HV,124,61.0,124,61.0,,,,,,,,,,,34.142674,-118.184801,FIGUEROA,11.473
2024-12-10 15:40:00,773975,134,W,ML,124,61.0,26,66.1,38,62.8,33,59.6,27,55.5,,,,,34.14568,-118.221874,OAKVIEW,9.213
2024-12-10 15:40:00,773977,134,W,HV,124,61.0,124,61.0,,,,,,,,,,,34.14568,-118.221874,OAKVIEW,9.213
2024-12-10 15:40:00,773996,134,W,ML,506,58.9,112,62.6,122,60.6,108,58.9,100,56.6,64,52.8,,,34.145076,-118.215608,FM 2 NB TO 134 EB,9.573
2024-12-10 15:40:00,773998,134,W,HV,124,61.0,124,61.0,,,,,,,,,,,34.145076,-118.215608,FM 2 NB TO 134 EB,9.573
2024-12-10 15:40:00,774012,134,W,ML,505,58.3,106,63.2,153,60.0,135,56.9,111,53.1,,,,,34.148107,-118.197509,TOWNSEND,10.643
2024-12-10 15:40:00,774014,134,W,HV,124,61.0,124,61.0,,,,,,,,,,,34.148107,-118.197509,TOWNSEND,10.643
2024-12-10 15:40:00,774032,134,W,ML,124,61.0,26,66.1,38,62.8,33,59.6,27,55.5,,,,,34.141843,-118.182666,COLORADO,11.623
2024-12-10 15:40:00,774034,134,W,HV,124,61.0,124,61.0,,,,,,,,,,,34.141843,-118.182666,COLORADO,11.623
2024-12-10 15:40:00,774053,134,W,ML,124,61.0,26,66.1,38,62.8,33,59.6,27,55.5,,,,,34.15084,-118.234258,FM 2 SB TO 134,8.403
2024-12-10 15:40:00,774055,134,W,HV,124,61.0,124,61.0,,,,,,,,,,,34.15084,-118.234258,FM 2 SB TO 134,8.403
2024-12-10 15:45:00,716551,134,W,ML,409,55.8,112,60.1,111,57.2,96,53.3,90,51.3,,,,,34.154235,-118.274159,SAN FERNANDO,5.983
2024-12-10 15:45:00,716554,134,W,ML,427,51.9,52,70.4,135,58.7,104,50.8,136,38.9,,,,,34.156198,-118.265345,PACIFIC,6.503
2024-12-10 15:45:00,717099,134,W,ML,538,56.8,139,63.5,129,59.7,122,55.2,148,49.4,,,,,34.156447,-118.245195,GLENDALE 1,7.673
2024-12-10 15:45:00,717582,134,W,ML,431,59.0,132,68.8,78,55.6,111,56.6,110,52.0,,,,,34.156458,-118.262159,CENTRAL,6.693
2024-12-10 15:45:00,717590,134,W,ML,123,61.0,26,66.1,37,62.8,33,59.6,27,55.5,,,,,34.148123,-118.229499,HARVEY,8.743
2024-12-10 15:45:00,717597,134,W,ML,123,61.0,26,66.1,37,62.8,33,59.6,27,55.5,,,,,34.142674,-118.184801,FIGUEROA,11.473
2024-12-10 15:45:00,717599,134,W,ML,504,58.1,105,63.0,153,59.8,135,56.8,111,52.9,,,,,34.142896,-118.172193,SAN RAFAEL,12.253
2024-12-10 15:45:00,717603,134,W,ML,123,61.6,27,65.5,30,63.4,26,61.7,24,59.3,16,55.2,,,34.146519,-118.162409,ORANGE GROVE,12.763
2024-12-10 15:45:00,717604,134,W,HV,123,61.0,123,61.0,,,,,,,,,,,34.146519,-118.162409,ORANGE GROVE,12.763
2024-12-10 15:45:00,761035,134,W,HV,123,61.0,123,61.0,,,,,,,,,,,34.148123,-118.229499,HARVEY,8.743
2024-12-10 15:45:00,761038,134,W,HV,123,61.0,123,61.0,,,,,,,,,,,34.156447,-118.245195,GLENDALE 1,7.673
2024-12-10 15:45:00,761041,134,W,HV,123,61.0,123,61.0,,,,,,,,,,,34.156458,-118.262159,CENTRAL,6.693
2024-12-10 15:45:00,761044,134,W,HV,123,61.0,123,61.0,,,,,,,,,,,34.156198,-118.265345,PACIFIC,6.503
2024-12-10 15:45:00,763610,134,W,HV,123,61.0,123,61.0,,,,,,,,,,,34.142896,-118.172193,SAN RAFAEL,12.253
2024-12-10 15:45:00,763612,134,W,HV,123,61.0,123,61.0,,,,,,,,,,,34.142674,-118.184801,FIGUEROA,11.473
2024-12-10 15:45:00,773975,134,W,ML,123,61.0,26,66.1,37,62.8,33,59.6,27,55.5,,,,,34.14568,-118.221874,OAKVIEW,9.213
2024-12-10 15:45:00,773977,134,W,HV,123,61.0,123,61.0,,,,,,,,,,,34.14568,-118.221874,OAKVIEW,9.213
2024-12-10 15:45:00,773996,134,W,ML,505,58.7,112,62.4,122,60.3,107,58.7,100,56.4,64,52.6,,,34.145076,-118.215608,FM 2 NB TO 134 EB,9.573
2024-12-10 15:45:00,773998,134,W,HV,123,61.0,123,61.0,,,,,,,,,,,34.145076,-118.215608,FM 2 NB TO 134 EB,9.573
2024-12-10 15:45:00,774012,134,W,ML,504,58.1,105,63.0,153,59.8,135,56.8,111,52.9,,,,,34.148107,-118.197509,TOWNSEND,10.643
2024-12-10 15:45:00,774014,134,W,HV,123,61.0,123,61.0,,,,,,,,,,,34.148107,-118.197509,TOWNSEND,10.643
2024-12-10 15:45:00,774032,134,W,ML,123,61.0,26,66.1,37,62.8,33,59.6,27,55.5,,,,,34.141843,-118.182666,COLORADO,11.623
2024-12-10 15:45:00,774034,134,W,HV,123,61.0,123,61.0,,,,,,,,,,,34.141843,-118.182666,COLORADO,11.623
2024-12-10 15:45:00,774053,134,W,ML,123,61.0,26,66.1,37,62.8,33,59.6,27,55.5,,,,,34.15084,-118.234258,FM 2 SB TO 134,8.403
2024-12-10 15:45:00,774055,134,W,HV,123,61.0,123,61.0,,,,,,,,,,,34.15084,-118.234258,FM 2 SB TO 134,8.403
2024-12-10 15:50:00,716551,134,W,ML,425,54.3,117,58.4,115,55.4,100,52.0,93,50.2,,,,,34.154235,-118.274159,SAN FERNANDO,5.983
2024-12-10 15:50:00,716554,134,W,ML,440,51.4,55,69.1,134,58.1,117,47.3,134,40.9,,,,,34.156198,-118.265345,PACIFIC,6.503
2024-12-10 15:50:00,717099,134,W,ML,551,57.3,142,64.4,132,60.5,125,55.5,152,49.5,,,,,34.156447,-118.245195,GLENDALE 1,7.673
2024-12-10 15:50:00,717582,134,W,ML,435,58.3,128,67.1,84,57.1,110,55.0,113,52.6,,,,,34.156458,-118.262159,CENTRAL,6.693
2024-12-10 15:50:00,717590,134,W,ML,123,60.9,26,66.0,37,62.7,33,59.5,27,55.4,,,,,34.148123,-118.229499,HARVEY,8.743
2024-12-10 15:50:00,717597,134,W,ML,123,60.9,26,66.0,37,62.7,33,59.5,27,55.4,,,,,34.142674,-118.184801,FIGUEROA,11.473
2024-12-10 15:50:00,717599,134,W,ML,501,57.8,105,62.7,152,59.5,134,56.5,110,52.6,,,,,34.142896,-118.172193,SAN RAFAEL,12.253
2024-12-10 15:50:00,717603,134,W,ML,123,61.5,27,65.4,30,63.3,26,61.6,24,59.2,16,55.1,,,34.146519,-118.162409,ORANGE GROVE,12.763
2024-12-10 15:50:00,717604,134,W,HV,123,60.9,123,60.9,,,,,,,,,,,34.146519,-118.162409,ORANGE GROVE,12.763
2024-12-10 15:50:00,761035,134,W,HV,123,60.9,123,60.9,,,,,,,,,,,34.148123,-118.229499,HARVEY,8.743
2024-12-10 15:50:00,761038,134,W,HV,123,60.9,123,60.9,,,,,,,,,,,34.156447,-118.245195,GLENDALE 1,7.673
2024-12-10 15:50:00,761041,134,W,HV,123,60.9,123,60.9,,,,,,,,,,,34.156458,-118.262159,CENTRAL,6.693
2024-12-10 15:50:00,761044,134,W,HV,123,60.9,123,60.9,,,,,,,,,,,34.156198,-118.265345,PACIFIC,6.503
2024-12-10 15:50:00,763610,134,W,HV,123,60.9,123,60.9,,,,,,,,,,,34.142896,-118.172193,SAN RAFAEL,12.253
2024-12-10 15:50:00,763612,134,W,HV,123,60.9,123,60.9,,,,,,,,,,,34.142674,-118.184801,FIGUEROA,11.473
2024-12-10 15:50:00,773975,134,W,ML,123,60.9,26,66.0,37,62.7,33,59.5,27,55.4,,,,,34.14568,-118.221874,OAKVIEW,9.213
2024-12-10 15:50:00,773977,134,W,HV,123,60.9,123,60.9,,,,,,,,,,,34.14568,-118.221874,OAKVIEW,9.213
2024-12-10 15:50:00,773996,134,W,ML,502,58.4,111,62.1,121,60.0,107,58.4,99,56.1,64,52.3,,,34.145076,-118.215608,FM 2 NB TO 134 EB,9.573
2024-12-10 15:50:00,773998,134,W,HV,123,60.9,123,60.9,,,,,,,,,,,34.145076,-118.215608,FM 2 NB TO 134 EB,9.573
2024-12-10 15:50:00,774012,134,W,ML,501,57.8,105,62.7,152,59.5,134,56.5,110,52.6,,,,,34.148107,-118.197509,TOWNSEND,10.643
2024-12-10 15:50:00,774014,134,W,HV,123,60.9,123,60.9,,,,,,,,,,,34.148107,-118.197509,TOWNSEND,10.643
2024-12-10 15:50:00,774032,134,W,ML,123,60.9,26,66.0,37,62.7,33,59.5,27,55.4,,,,,34.141843,-118.182666,COLORADO,11.623
2024-12-10 15:50:00,774034,134,W,HV,123,60.9,123,60.9,,,,,,,,,,,34.141843,-118.182666,COLORADO,11.623
2024-12-10 15:50:00,774053,134,W,ML,123,60.9,26,66.0,37,62.7,33,59.5,27,55.4,,,,,34.15084,-118.234258,FM 2 SB TO 134,8.403
2024-12-10 15:50:00,774055,134,W,HV,123,60.9,123,60.9,,,,,,,,,,,34.15084,-118.234258,FM 2 SB TO 134,8.403
2024-12-10 15:55:00,716551,134,W,ML,423,55.4,115,59.7,115,56.8,100,53.0,93,51.0,,,,,34.154235,-118.274159,SAN FERNANDO,5.983
2024-12-10 15:55:00,716554,134,W,ML,439,52.0,47,68.7,136,58.2,119,49.2,137,42.5,,,,,34.156198,-118.265345,PACIFIC,6.503
2024-12-10 15:55:00,717099,134,W,ML,513,55.8,132,62.4,123,58.7,117,54.2,141,48.3,,,,,34.156447,-118.245195,GLENDALE 1,7.673
2024-12-10 15:55:00,717582,134,W,ML,441,58.0,134,65.1,88,53.8,114,58.3,105,52.3,,,,,34.156458,-118.262159,CENTRAL,6.693
2024-12-10 15:55:00,717590,134,W,ML,123,61.0,26,66.1,37,62.8,33,59.6,27,55.5,,,,,34.148123,-118.229499,HARVEY,8.743
2024-12-10 15:55:00,717597,134,W,ML,123,61.0,26,66.1,37,62.8,33,59.6,27,55.5,,,,,34.142674,-118.184801,FIGUEROA,11.473
2024-12-10 15:55:00,717599,134,W,ML,493,57.9,103,62.8,150,59.6,132,56.6,108,52.7,,,,,34.142896,-118.172193,SAN RAFAEL,12.253
2024-12-10 15:55:00,717603,134,W,ML,121,61.6,27,65.5,29,63.4,26,61.7,24,59.3,15,55.2,,,34.146519,-118.162409,ORANGE GROVE,12.763
2024-12-10 15:55:00,717604,134,W,HV,122,61.0,122,61.0,,,,,,,,,,,34.146519,-118.162409,ORANGE GROVE,12.763
2024-12-10 15:55:00,761035,134,W,HV,122,61.0,122,61.0,,,,,,,,,,,34.148123,-118.229499,HARVEY,8.743
2024-12-10 15:55:00,761038,134,W,HV,122,61.0,122,61.0,,,,,,,,,,,34.156447,-118.245195,GLENDALE 1,7.673
2024-12-10 15:55:00,761041,134,W,HV,122,61.0,122,61.0,,,,,,,,,,,34.156458,-118.262159,CENTRAL,6.693
2024-12-10 15:55:00,761044,134,W,HV,122,61.0,122,61.0,,,,,,,,,,,34.156198,-118.265345,PACIFIC,6.503
2024-12-10 15:55:00,763610,134,W,HV,122,61.0,122,61.0,,,,,,,,,,,34.142896,-118.172193,SAN RAFAEL,12.253
2024-12-10 15:55:00,763612,134,W,HV,122,61.0,122,61.0,,,,,,,,,,,34.142674,-118.184801,FIGUEROA,11.473
2024-12-10 15:55:00,773975,134,W,ML,123,61.0,26,66.1,37,62.8,33,59.6,27,55.5,,,,,34.14568,-118.221874,OAKVIEW,9.213
2024-12-10 15:55:00,773977,134,W,HV,122,61.0,122,61.0,,,,,,,,,,,34.14568,-118.221874,OAKVIEW,9.213
2024-12-10 15:55:00,773996,134,W,ML,493,58.5,109,62.2,119,60.1,105,58.5,97,56.2,63,52.4,,,34.145076,-118.215608,FM 2 NB TO 134 EB,9.573
2024-12-10 15:55:00,773998,134,W,HV,122,61.0,122,61.0,,,,,,,,,,,34.145076,-118.215608,FM 2 NB TO 134 EB,9.573
2024-12-10 15:55:00,774012,134,W,ML,493,57.9,103,62.8,150,59.6,132,56.6,108,52.7,,,,,34.148107,-118.197509,TOWNSEND,10.643
2024-12-10 15:55:00,774014,134,W,HV,122,61.0,122,61.0,,,,,,,,,,,34.148107,-118.197509,TOWNSEND,10.643
2024-12-10 15:55:00,774032,134,W,ML,123,61.0,26,66.1,37,62.8,33,59.6,27,55.5,,,,,34.141843,-118.182666,COLORADO,11.623
2024-12-10 15:55:00,774034,134,W,HV,122,61.0,122,61.0,,,,,,,,,,,34.141843,-118.182666,COLORADO,11.623
2024-12-10 15:55:00,774053,134,W,ML,123,61.0,26,66.1,37,62.8,33,59.6,27,55.5,,,,,34.15084,-118.234258,FM 2 SB TO 134,8.403
2024-12-10 15:55:00,774055,134,W,HV,122,61.0,122,61.0,,,,,,,,,,,34.15084,-118.234258,FM 2 SB TO 134,8.403
2024-12-10 16:00:00,716551,134,W,ML,379,55.2,103,59.5,103,56.6,89,52.8,84,50.8,,,,,34.154235,-118.274159,SAN FERNANDO,5.983
2024-12-10 16:00:00,716554,134,W,ML,437,52.9,74,68.6,122,57.9,101,50.0,140,42.4,,,,,34.156198,-118.265345,PACIFIC,6.503
2024-12-10 16:00:00,717099,134,W,ML,546,56.9,141,63.5,131,59.8,124,55.2,150,49.4,,,,,34.156447,-118.245195,GLENDALE 1,7.673
2024-12-10 16:00:00,717582,134,W,ML,452,58.2,132,66.1,105,55.7,103,57.8,112,51.6,,,,,34.156458,-118.262159,CENTRAL,6.693
2024-12-10 16:00:00,717590,134,W,ML,121,61.0,25,66.1,37,62.8,32,59.6,27,55.5,,,,,34.148123,-118.229499,HARVEY,8.743
2024-12-10 16:00:00,717597,134,W,ML,121,61.0,25,66.1,37,62.8,32,59.6,27,55.5,,,,,34.142674,-118.184801,FIGUEROA,11.473
2024-12-10 16:00:00,717599,134,W,ML,488,58.1,102,63.0,148,59.8,131,56.8,107,52.9,,,,,34.142896,-118.172193,SAN RAFAEL,12.253
2024-12-10 16:00:00,717603,134,W,ML,121,61.6,27,65.5,29,63.4,26,61.7,24,59.3,15,55.2,,,34.146519,-118.162409,ORANGE GROVE,12.763
2024-12-10 16:00:00,717604,134,W,HV,121,61.0,121,61.0,,,,,,,,,,,34.146519,-118.162409,ORANGE GROVE,12.763
2024-12-10 16:00:00,761035,134,W,HV,121,61.0,121,61.0,,,,,,,,,,,34.148123,-118.229499,HARVEY,8.743
2024-12-10 16:00:00,761038,134,W,HV,121,61.0,121,61.0,,,,,,,,,,,34.156447,-118.245195,GLENDALE 1,7.673
2024-12-10 16:00:00,761041,134,W,HV,121,61.0,121,61.0,,,,,,,,,,,34.156458,-118.262159,CENTRAL,6.693
2024-12-10 16:00:00,761044,134,W,HV,121,61.0,121,61.0,,,,,,,,,,,34.156198,-118.265345,PACIFIC,6.503
2024-12-10 16:00:00,763610,134,W,HV,121,61.0,121,61.0,,,,,,,,,,,34.142896,-118.172193,SAN RAFAEL,12.253
2024-12-10 16:00:00,763612,134,W,HV,121,61.0,121,61.0,,,,,,,,,,,34.142674,-118.184801,FIGUEROA,11.473
2024-12-10 16:00:00,773975,134,W,ML,121,61.0,25,66.1,37,62.8,32,59.6,27,55.5,,,,,34.14568,-118.221874,OAKVIEW,9.213
2024-12-10 16:00:00,773977,134,W,HV,121,61.0,121,61.0,,,,,,,,,,,34.14568,-118.221874,OAKVIEW,9.213
2024-12-10 16:00:00,773996,134,W,ML,488,58.7,108,62.4,118,60.3,104,58.7,96,56.4,62,52.6,,,34.145076,-118.215608,FM 2 NB TO 134 EB,9.573
2024-12-10 16:00:00,773998,134,W,HV,121,61.0,121,61.0,,,,,,,,,,,34.145076,-118.215608,FM 2 NB TO 134 EB,9.573
2024-12-10 16:00:00,774012,134,W,ML,488,58.1,102,63.0,148,59.8,131,56.8,107,52.9,,,,,34.148107,-118.197509,TOWNSEND,10.643
2024-12-10 16:00:00,774014,134,W,HV,121,61.0,121,61.0,,,,,,,,,,,34.148107,-118.197509,TOWNSEND,10.643
2024-12-10 16:00:00,774032,134,W,ML,121,61.0,25,66.1,37,62.8,32,59.6,27,55.5,,,,,34.141843,-118.182666,COLORADO,11.623
2024-12-10 16:00:00,774034,134,W,HV,121,61.0,121,61.0,,,,,,,,,,,34.141843,-118.182666,COLORADO,11.623
2024-12-10 16:00:00,774053,134,W,ML,121,61.0,25,66.1,37,62.8,32,59.6,27,55.5,,,,,34.15084,-118.234258,FM 2 SB TO 134,8.403
2024-12-10 16:00:00,774055,134,W,HV,121,61.0,121,61.0,,,,,,,,,,,34.15084,-118.234258,FM 2 SB TO 134,8.403
2024-12-10 16:05:00,716551,134,W,ML,396,55.4,108,59.7,108,56.8,93,53.0,87,51.0,,,,,34.154235,-118.274159,SAN FERNANDO,5.983
2024-12-10 16:05:00,716554,134,W,ML,444,53.8,64,69.9,139,58.2,110,51.1,131,43.6,,,,,34.156198,-118.265345,PACIFIC,6.503
2024-12-10 16:05:00,717099,134,W,ML,479,53.0,123,59.6,115,56.1,109,51.7,132,45.4,,,,,34.156447,-118.245195,GLENDALE 1,7.673
2024-12-10 16:05:00,717582,134,W,ML,428,57.1,141,66.1,92,49.1,97,58.0,98,50.7,,,,,34.156458,-118.262159,CENTRAL,6.693
2024-12-10 16:05:00,717590,134,W,ML,123,61.0,26,66.1,37,62.8,33,59.6,27,55.5,,,,,34.148123,-118.229499,HARVEY,8.743
2024-12-10 16:05:00,717597,134,W,ML,123,61.0,26,66.1,37,62.8,33,59.6,27,55.5,,,,,34.142674,-118.184801,FIGUEROA,11.473
2024-12-10 16:05:00,717599,134,W,ML,490,58.2,102,63.1,149,59.9,131,56.8,108,53.0,,,,,34.142896,-118.172193,SAN RAFAEL,12.253
2024-12-10 16:05:00,717603,134,W,ML,121,61.6,27,65.5,29,63.4,26,61.7,24,59.3,15,55.2,,,34.146519,-118.162409,ORANGE GROVE,12.763
2024-12-10 16:05:00,717604,134,W,HV,122,61.0,122,61.0,,,,,,,,,,,34.146519,-118.162409,ORANGE GROVE,12.763
2024-12-10 16:05:00,761035,134,W,HV,122,61.0,122,61.0,,,,,,,,,,,34.148123,-118.229499,HARVEY,8.743
2024-12-10 16:05:00,761038,134,W,HV,122,61.0,122,61.0,,,,,,,,,,,34.156447,-118.245195,GLENDALE 1,7.673
2024-12-10 16:05:00,761041,134,W,HV,122,61.0,122,61.0,,,,,,,,,,,34.156458,-118.262159,CENTRAL,6.693
2024-12-10 16:05:00,761044,134,W,HV,122,61.0,122,61.0,,,,,,,,,,,34.156198,-118.265345,PACIFIC,6.503
2024-12-10 16:05:00,763610,134,W,HV,122,61.0,122,61.0,,,,,,,,,,,34.142896,-118.172193,SAN RAFAEL,12.253
2024-12-10 16:05:00,763612,134,W,HV,122,61.0,122,61.0,,,,,,,,,,,34.142674,-118.184801,FIGUEROA,11.473
2024-12-10 16:05:00,773975,134,W,ML,123,61.0,26,66.1,37,62.8,33,59.6,27,55.5,,,,,34.14568,-118.221874,OAKVIEW,9.213
2024-12-10 16:05:00,773977,134,W,HV,122,61.0,122,61.0,,,,,,,,,,,34.14568,-118.221874,OAKVIEW,9.213
2024-12-10 16:05:00,773996,134,W,ML,489,58.8,108,62.5,118,60.5,104,58.8,97,56.5,62,52.7,,,34.145076,-118.215608,FM 2 NB TO 134 EB,9.573
2024-12-10 16:05:00,773998,134,W,HV,122,61.0,122,61.0,,,,,,,,,,,34.145076,-118.215608,FM 2 NB TO 134 EB,9.573
2024-12-10 16:05:00,774012,134,W,ML,490,58.2,102,63.1,149,59.9,131,56.8,108,53.0,,,,,34.148107,-118.197509,TOWNSEND,10.643
2024-12-10 16:05:00,774014,134,W,HV,122,61.0,122,61.0,,,,,,,,,,,34.148107,-118.197509,TOWNSEND,10.643
2024-12-10 16:05:00,774032,134,W,ML,123,61.0,26,66.1,37,62.8,33,59.6,27,55.5,,,,,34.141843,-118.182666,COLORADO,11.623
2024-12-10 16:05:00,774034,134,W,HV,122,61.0,122,61.0,,,,,,,,,,,34.141843,-118.182666,COLORADO,11.623
2024-12-10 16:05:00,774053,134,W,ML,123,61.0,26,66.1,37,62.8,33,59.6,27,55.5,,,,,34.15084,-118.234258,FM 2 SB TO 134,8.403
2024-12-10 16:05:00,774055,134,W,HV,122,61.0,122,61.0,,,,,,,,,,,34.15084,-118.234258,FM 2 SB TO 134,8.403
2024-12-10 16:10:00,716551,134,W,ML,372,55.9,101,60.2,101,57.3,88,53.4,82,51.4,,,,,34.154235,-118.274159,SAN FERNANDO,5.983
2024-12-10 16:10:00,716554,134,W,ML,434,53.8,63,68.3,126,58.8,100,51.9,145,44.6,,,,,34.156198,-118.265345,PACIFIC,6.503
2024-12-10 16:10:00,717099,134,W,ML,547,52.1,140,58.7,130,55.2,124,50.9,153,44.5,,,,,34.156447,-118.245195,GLENDALE 1,7.673
2024-12-10 16:10:00,717582,134,W,ML,432,56.3,126,65.9,88,47.6,102,58.7,116,50.4,,,,,34.156458,-118.262159,CENTRAL,6.693
2024-12-10 16:10:00,717590,134,W,ML,123,60.9,26,66.0,37,62.7,33,59.5,27,55.4,,,,,34.148123,-118.229499,HARVEY,8.743
2024-12-10 16:10:00,717597,134,W,ML,123,60.9,26,66.0,37,62.7,33,59.5,27,55.4,,,,,34.142674,-118.184801,FIGUEROA,11.473
2024-12-10 16:10:00,717599,134,W,ML,501,58.0,105,62.9,152,59.7,134,56.7,110,52.8,,,,,34.142896,-118.172193,SAN RAFAEL,12.253
2024-12-10 16:10:00,717603,134,W,ML,121,61.5,27,65.4,29,63.3,26,61.6,24,59.2,15,55.1,,,34.146519,-118.162409,ORANGE GROVE,12.763
2024-12-10 16:10:00,717604,134,W,HV,122,60.9,122,60.9,,,,,,,,,,,34.146519,-118.162409,ORANGE GROVE,12.763
2024-12-10 16:10:00,761035,134,W,HV,122,60.9,122,60.9,,,,,,,,,,,34.148123,-118.229499,HARVEY,8.743
2024-12-10 16:10:00,761038,134,W,HV,122,60.9,122,60.9,,,,,,,,,,,34.156447,-118.245195,GLENDALE 1,7.673
2024-12-10 16:10:00,761041,134,W,HV,122,60.9,122,60.9,,,,,,,,,,,34.156458,-118.262159,CENTRAL,6.693
2024-12-10 16:10:00,761044,134,W,HV,122,60.9,122,60.9,,,,,,,,,,,34.156198,-118.265345,PACIFIC,6.503
2024-12-10 16:10:00,763610,134,W,HV,122,60.9,122,60.9,,,,,,,,,,,34.142896,-118.172193,SAN RAFAEL,12.253
2024-12-10 16:10:00,763612,134,W,HV,122,60.9,122,60.9,,,,,,,,,,,34.142674,-118.184801,FIGUEROA,11.473
2024-12-10 16:10:00,773975,134,W,ML,123,60.9,26,66.0,37,62.7,33,59.5,27,55.4,,,,,34.14568,-118.221874,OAKVIEW,9.213
2024-12-10 16:10:00,773977,134,W,HV,122,60.9,122,60.9,,,,,,,,,,,34.14568,-118.221874,OAKVIEW,9.213
2024-12-10 16:10:00,773996,134,W,ML,502,58.6,111,62.3,121,60.2,107,58.6,99,56.3,64,52.5,,,34.145076,-118.215608,FM 2 NB TO 134 EB,9.573
2024-12-10 16:10:00,773998,134,W,HV,122,60.9,122,60.9,,,,,,,,,,,34.145076,-118.215608,FM 2 NB TO 134 EB,9.573
2024-12-10 16:10:00,774012,134,W,ML,501,58.0,105,62.9,152,59.7,134,56.7,110,52.8,,,,,34.148107,-118.197509,TOWNSEND,10.643
2024-12-10 16:10:00,774014,134,W,HV,122,60.9,122,60.9,,,,,,,,,,,34.148107,-118.197509,TOWNSEND,10.643
2024-12-10 16:10:00,774032,134,W,ML,123,60.9,26,66.0,37,62.7,33,59.5,27,55.4,,,,,34.141843,-118.182666,COLORADO,11.623
2024-12-10 16:10:00,774034,134,W,HV,122,60.9,122,60.9,,,,,,,,,,,34.141843,-118.182666,COLORADO,11.623
2024-12-10 16:10:00,774053,134,W,ML,123,60.9,26,66.0,37,62.7,33,59.5,27,55.4,,,,,34.15084,-118.234258,FM 2 SB TO 134,8.403
2024-12-10 16:10:00,774055,134,W,HV,122,60.9,122,60.9,,,,,,,,,,,34.15084,-118.234258,FM 2 SB TO 134,8.403
2024-12-10 16:15:00,716551,134,W,ML,365,56.3,99,60.7,99,57.7,86,53.8,81,51.8,,,,,34.154235,-118.274159,SAN FERNANDO,5.983
2024-12-10 16:15:00,716554,134,W,ML,391,54.1,53,70.1,113,59.4,100,52.3,125,44.0,,,,,34.156198,-118.265345,PACIFIC,6.503
2024-12-10 16:15:00,717099,134,W,ML,504,54.9,129,61.6,121,57.9,115,53.4,139,47.4,,,,,34.156447,-118.245195,GLENDALE 1,7.673
2024-12-10 16:15:00,717582,134,W,ML,392,59.2,115,65.9,74,52.4,100,60.9,103,54.9,,,,,34.156458,-118.262159,CENTRAL,6.693
2024-12-10 16:15:00,717590,134,W,ML,123,60.7,26,65.8,37,62.5,33,59.3,27,55.2,,,,,34.148123,-118.229499,HARVEY,8.743
2024-12-10 16:15:00,717597,134,W,ML,123,60.7,26,65.8,37,62.5,33,59.3,27,55.2,,,,,34.142674,-118.184801,FIGUEROA,11.473
2024-12-10 16:15:00,717599,134,W,ML,503,57.6,105,62.4,153,59.3,135,56.3,110,52.4,,,,,34.142896,-118.172193,SAN RAFAEL,12.253
2024-12-10 16:15:00,717603,134,W,ML,121,61.3,27,65.2,29,63.0,26,61.3,24,59.0,15,55.0,,,34.146519,-118.162409,ORANGE GROVE,12.763
2024-12-10 16:15:00,717604,134,W,HV,122,60.7,122,60.7,,,,,,,,,,,34.146519,-118.162409,ORANGE GROVE,12.763
2024-12-10 16:15:00,761035,134,W,HV,122,60.7,122,60.7,,,,,,,,,,,34.148123,-118.229499,HARVEY,8.743
2024-12-10 16:15:00,761038,134,W,HV,122,60.7,122,60.7,,,,,,,,,,,34.156447,-118.245195,GLENDALE 1,7.673
2024-12-10 16:15:00,761041,134,W,HV,122,60.7,122,60.7,,,,,,,,,,,34.156458,-118.262159,CENTRAL,6.693
2024-12-10 16:15:00,761044,134,W,HV,122,60.7,122,60.7,,,,,,,,,,,34.156198,-118.265345,PACIFIC,6.503
2024-12-10 16:15:00,763610,134,W,HV,122,60.7,122,60.7,,,,,,,,,,,34.142896,-118.172193,SAN RAFAEL,12.253
2024-12-10 16:15:00,763612,134,W,HV,122,60.7,122,60.7,,,,,,,,,,,34.142674,-118.184801,FIGUEROA,11.473
2024-12-10 16:15:00,773975,134,W,ML,123,60.7,26,65.8,37,62.5,33,59.3,27,55.2,,,,,34.14568,-118.221874,OAKVIEW,9.213
2024-12-10 16:15:00,773977,134,W,HV,122,60.7,122,60.7,,,,,,,,,,,34.14568,-118.221874,OAKVIEW,9.213
2024-12-10 16:15:00,773996,134,W,ML,502,58.2,111,61.9,121,59.8,107,58.2,99,56.0,64,52.2,,,34.145076,-118.215608,FM 2 NB TO 134 EB,9.573
2024-12-10 16:15:00,773998,134,W,HV,122,60.7,122,60.7,,,,,,,,,,,34.145076,-118.215608,FM 2 NB TO 134 EB,9.573
2024-12-10 16:15:00,774012,134,W,ML,503,57.6,105,62.4,153,59.3,135,56.3,110,52.4,,,,,34.148107,-118.197509,TOWNSEND,10.643
2024-12-10 16:15:00,774014,134,W,HV,122,60.7,122,60.7,,,,,,,,,,,34.148107,-118.197509,TOWNSEND,10.643
2024-12-10 16:15:00,774032,134,W,ML,123,60.7,26,65.8,37,62.5,33,59.3,27,55.2,,,,,34.141843,-118.182666,COLORADO,11.623
2024-12-10 16:15:00,774034,134,W,HV,122,60.7,122,60.7,,,,,,,,,,,34.141843,-118.182666,COLORADO,11.623
2024-12-10 16:15:00,774053,134,W,ML,123,60.7,26,65.8,37,62.5,33,59.3,27,55.2,,,,,34.15084,-118.234258,FM 2 SB TO 134,8.403
2024-12-10 16:15:00,774055,134,W,HV,122,60.7,122,60.7,,,,,,,,,,,34.15084,-118.234258,FM 2 SB TO 134,8.403
2024-12-10 16:20:00,716551,134,W,ML,381,56.9,103,61.3,104,58.3,90,54.4,84,52.3,,,,,34.154235,-118.274159,SAN FERNANDO,5.983
2024-12-10 16:20:00,716554,134,W,ML,394,53.8,36,72.4,114,60.2,106,52.2,138,44.9,,,,,34.156198,-118.265345,PACIFIC,6.503
2024-12-10 16:20:00,717099,134,W,ML,484,57.5,124,64.2,116,60.4,110,55.9,134,50.2,,,,,34.156447,-118.245195,GLENDALE 1,7.673
2024-12-10 16:20:00,717582,134,W,ML,374,60.7,108,67.2,65,56.9,102,61.4,99,55.5,,,,,34.156458,-118.262159,CENTRAL,6.693
2024-12-10 16:20:00,717590,134,W,ML,123,60.7,26,65.8,37,62.5,33,59.3,27,55.2,,,,,34.148123,-118.229499,HARVEY,8.743
2024-12-10 16:20:00,717597,134,W,ML,123,60.7,26,65.8,37,62.5,33,59.3,27,55.2,,,,,34.142674,-118.184801,FIGUEROA,11.473
2024-12-10 16:20:00,717599,134,W,ML,502,57.2,105,62.0,152,58.9,135,55.9,110,52.1,,,,,34.142896,-118.172193,SAN RAFAEL,12.253
2024-12-10 16:20:00,717603,134,W,ML,123,61.3,27,65.2,30,63.0,26,61.3,24,59.0,16,55.0,,,34.146519,-118.162409,ORANGE GROVE,12.763
2024-12-10 16:20:00,717604,134,W,HV,123,60.7,123,60.7,,,,,,,,,,,34.146519,-118.162409,ORANGE GROVE,12.763
2024-12-10 16:20:00,761035,134,W,HV,123,60.7,123,60.7,,,,,,,,,,,34.148123,-118.229499,HARVEY,8.743
2024-12-10 16:20:00,761038,134,W,HV,123,60.7,123,60.7,,,,,,,,,,,34.156447,-118.245195,GLENDALE 1,7.673
2024-12-10 16:20:00,761041,134,W,HV,123,60.7,123,60.7,,,,,,,,,,,34.156458,-118.262159,CENTRAL,6.693
2024-12-10 16:20:00,761044,134,W,HV,123,60.7,123,60.7,,,,,,,,,,,34.156198,-118.265345,PACIFIC,6.503
2024-12-10 16:20:00,763610,134,W,HV,123,60.7,123,60.7,,,,,,,,,,,34.142896,-118.172193,SAN RAFAEL,12.253
2024-12-10 16:20:00,763612,134,W,HV,123,60.7,123,60.7,,,,,,,,,,,34.142674,-118.184801,FIGUEROA,11.473
2024-12-10 16:20:00,773975,134,W,ML,123,60.7,26,65.8,37,62.5,33,59.3,27,55.2,,,,,34.14568,-118.221874,OAKVIEW,9.213
2024-12-10 16:20:00,773977,134,W,HV,123,60.7,123,60.7,,,,,,,,,,,34.14568,-118.221874,OAKVIEW,9.213
2024-12-10 16:20:00,773996,134,W,ML,502,57.8,111,61.4,121,59.4,107,57.8,99,55.6,64,51.8,,,34.145076,-118.215608,FM 2 NB TO 134 EB,9.573
2024-12-10 16:20:00,773998,134,W,HV,123,60.7,123,60.7,,,,,,,,,,,34.145076,-118.215608,FM 2 NB TO 134 EB,9.573
2024-12-10 16:20:00,774012,134,W,ML,502,57.2,105,62.0,152,58.9,135,55.9,110,52.1,,,,,34.148107,-118.197509,TOWNSEND,10.643
2024-12-10 16:20:00,774014,134,W,HV,123,60.7,123,60.7,,,,,,,,,,,34.148107,-118.197509,TOWNSEND,10.643
2024-12-10 16:20:00,774032,134,W,ML,123,60.7,26,65.8,37,62.5,33,59.3,27,55.2,,,,,34.141843,-118.182666,COLORADO,11.623
2024-12-10 16:20:00,774034,134,W,HV,123,60.7,123,60.7,,,,,,,,,,,34.141843,-118.182666,COLORADO,11.623
2024-12-10 16:20:00,774053,134,W,ML,123,60.7,26,65.8,37,62.5,33,59.3,27,55.2,,,,,34.15084,-118.234258,FM 2 SB TO 134,8.403
2024-12-10 16:20:00,774055,134,W,HV,123,60.7,123,60.7,,,,,,,,,,,34.15084,-118.234258,FM 2 SB TO 134,8.403
2024-12-10 16:25:00,716551,134,W,ML,356,59.1,96,63.8,97,60.7,84,56.5,79,54.2,,,,,34.154235,-118.274159,SAN FERNANDO,5.983
2024-12-10 16:25:00,716554,134,W,ML,322,58.9,47,75.1,102,63.3,75,55.9,98,48.7,,,,,34.156198,-118.265345,PACIFIC,6.503
2024-12-10 16:25:00,717099,134,W,ML,442,60.4,113,67.2,106,63.3,101,58.6,122,53.2,,,,,34.156447,-118.245195,GLENDALE 1,7.673
2024-12-10 16:25:00,717582,134,W,ML,356,63.8,109,68.6,72,61.9,85,64.1,90,59.2,,,,,34.156458,-118.262159,CENTRAL,6.693
2024-12-10 16:25:00,717590,134,W,ML,123,60.7,26,65.8,37,62.5,33,59.3,27,55.2,,,,,34.148123,-118.229499,HARVEY,8.743
2024-12-10 16:25:00,717597,134,W,ML,123,60.7,26,65.8,37,62.5,33,59.3,27,55.2,,,,,34.142674,-118.184801,FIGUEROA,11.473
2024-12-10 16:25:00,717599,134,W,ML,497,57.1,104,61.9,151,58.8,133,55.8,109,52.0,,,,,34.142896,-118.172193,SAN RAFAEL,12.253
2024-12-10 16:25:00,717603,134,W,ML,123,61.3,27,65.2,30,63.0,26,61.3,24,59.0,16,55.0,,,34.146519,-118.162409,ORANGE GROVE,12.763
2024-12-10 16:25:00,717604,134,W,HV,123,60.7,123,60.7,,,,,,,,,,,34.146519,-118.162409,ORANGE GROVE,12.763
2024-12-10 16:25:00,761035,134,W,HV,123,60.7,123,60.7,,,,,,,,,,,34.148123,-118.229499,HARVEY,8.743
2024-12-10 16:25:00,761038,134,W,HV,123,60.7,123,60.7,,,,,,,,,,,34.156447,-118.245195,GLENDALE 1,7.673
2024-12-10 16:25:00,761041,134,W,HV,123,60.7,123,60.7,,,,,,,,,,,34.156458,-118.262159,CENTRAL,6.693
2024-12-10 16:25:00,761044,134,W,HV,123,60.7,123,60.7,,,,,,,,,,,34.156198,-118.265345,PACIFIC,6.503
2024-12-10 16:25:00,763610,134,W,HV,123,60.7,123,60.7,,,,,,,,,,,34.142896,-118.172193,SAN RAFAEL,12.253
2024-12-10 16:25:00,763612,134,W,HV,123,60.7,123,60.7,,,,,,,,,,,34.142674,-118.184801,FIGUEROA,11.473
2024-12-10 16:25:00,773975,134,W,ML,123,60.7,26,65.8,37,62.5,33,59.3,27,55.2,,,,,34.14568,-118.221874,OAKVIEW,9.213
2024-12-10 16:25:00,773977,134,W,HV,123,60.7,123,60.7,,,,,,,,,,,34.14568,-118.221874,OAKVIEW,9.213
2024-12-10 16:25:00,773996,134,W,ML,497,57.7,110,61.3,120,59.3,106,57.7,98,55.5,63,51.7,,,34.145076,-118.215608,FM 2 NB TO 134 EB,9.573
2024-12-10 16:25:00,773998,134,W,HV,123,60.7,123,60.7,,,,,,,,,,,34.145076,-118.215608,FM 2 NB TO 134 EB,9.573
2024-12-10 16:25:00,774012,134,W,ML,497,57.1,104,61.9,151,58.8,133,55.8,109,52.0,,,,,34.148107,-118.197509,TOWNSEND,10.643
2024-12-10 16:25:00,774014,134,W,HV,123,60.7,123,60.7,,,,,,,,,,,34.148107,-118.197509,TOWNSEND,10.643
2024-12-10 16:25:00,774032,134,W,ML,123,60.7,26,65.8,37,62.5,33,59.3,27,55.2,,,,,34.141843,-118.182666,COLORADO,11.623
2024-12-10 16:25:00,774034,134,W,HV,123,60.7,123,60.7,,,,,,,,,,,34.141843,-118.182666,COLORADO,11.623
2024-12-10 16:25:00,774053,134,W,ML,123,60.7,26,65.8,37,62.5,33,59.3,27,55.2,,,,,34.15084,-118.234258,FM 2 SB TO 134,8.403
2024-12-10 16:25:00,774055,134,W,HV,123,60.7,123,60.7,,,,,,,,,,,34.15084,-118.234258,FM 2 SB TO 134,8.403
2024-12-10 16:30:00,716551,134,W,ML,403,59.6,109,64.3,110,61.2,95,56.9,89,54.6,,,,,34.154235,-118.274159,SAN FERNANDO,5.983
2024-12-10 16:30:00,716554,134,W,ML,381,59.0,35,76.1,120,63.9,113,57.1,113,50.5,,,,,34.156198,-118.265345,PACIFIC,6.503
2024-12-10 16:30:00,717099,134,W,ML,484,60.5,124,67.3,116,63.4,110,58.7,134,53.3,,,,,34.156447,-118.245195,GLENDALE 1,7.673
2024-12-10 16:30:00,717582,134,W,ML,400,64.4,116,68.4,88,62.1,97,65.5,99,60.5,,,,,34.156458,-118.262159,CENTRAL,6.693
2024-12-10 16:30:00,717590,134,W,ML,123,60.7,26,65.8,37,62.5,33,59.3,27,55.2,,,,,34.148123,-118.229499,HARVEY,8.743
2024-12-10 16:30:00,717597,134,W,ML,123,60.7,26,65.8,37,62.5,33,59.3,27,55.2,,,,,34.142674,-118.184801,FIGUEROA,11.473
2024-12-10 16:30:00,717599,134,W,ML,496,57.1,104,61.9,150,58.8,133,55.8,109,52.0,,,,,34.142896,-118.172193,SAN RAFAEL,12.253
2024-12-10 16:30:00,717603,134,W,ML,121,61.3,27,65.2,29,63.0,26,61.3,24,59.0,15,55.0,,,34.146519,-118.162409,ORANGE GROVE,12.763
2024-12-10 16:30:00,717604,134,W,HV,122,60.7,122,60.7,,,,,,,,,,,34.146519,-118.162409,ORANGE GROVE,12.763
2024-12-10 16:30:00,761035,134,W,HV,122,60.7,122,60.7,,,,,,,,,,,34.148123,-118.229499,HARVEY,8.743
2024-12-10 16:30:00,761038,134,W,HV,122,60.7,122,60.7,,,,,,,,,,,34.156447,-118.245195,GLENDALE 1,7.673
2024-12-10 16:30:00,761041,134,W,HV,122,60.7,122,60.7,,,,,,,,,,,34.156458,-118.262159,CENTRAL,6.693
2024-12-10 16:30:00,761044,134,W,HV,122,60.7,122,60.7,,,,,,,,,,,34.156198,-118.265345,PACIFIC,6.503
2024-12-10 16:30:00,763610,134,W,HV,122,60.7,122,60.7,,,,,,,,,,,34.142896,-118.172193,SAN RAFAEL,12.253
2024-12-10 16:30:00,763612,134,W,HV,122,60.7,122,60.7,,,,,,,,,,,34.142674,-118.184801,FIGUEROA,11.473
2024-12-10 16:30:00,773975,134,W,ML,123,60.7,26,65.8,37,62.5,33,59.3,27,55.2,,,,,34.14568,-118.221874,OAKVIEW,9.213
2024-12-10 16:30:00,773977,134,W,HV,122,60.7,122,60.7,,,,,,,,,,,34.14568,-118.221874,OAKVIEW,9.213
2024-12-10 16:30:00,773996,134,W,ML,497,57.7,110,61.3,120,59.3,106,57.7,98,55.5,63,51.7,,,34.145076,-118.215608,FM 2 NB TO 134 EB,9.573
2024-12-10 16:30:00,773998,134,W,HV,122,60.7,122,60.7,,,,,,,,,,,34.145076,-118.215608,FM 2 NB TO 134 EB,9.573
2024-12-10 16:30:00,774012,134,W,ML,496,57.1,104,61.9,150,58.8,133,55.8,109,52.0,,,,,34.148107,-118.197509,TOWNSEND,10.643
2024-12-10 16:30:00,774014,134,W,HV,122,60.7,122,60.7,,,,,,,,,,,34.148107,-118.197509,TOWNSEND,10.643
2024-12-10 16:30:00,774032,134,W,ML,123,60.7,26,65.8,37,62.5,33,59.3,27,55.2,,,,,34.141843,-118.182666,COLORADO,11.623
2024-12-10 16:30:00,774034,134,W,HV,122,60.7,122,60.7,,,,,,,,,,,34.141843,-118.182666,COLORADO,11.623
2024-12-10 16:30:00,774053,134,W,ML,123,60.7,26,65.8,37,62.5,33,59.3,27,55.2,,,,,34.15084,-118.234258,FM 2 SB TO 134,8.403
2024-12-10 16:30:00,774055,134,W,HV,122,60.7,122,60.7,,,,,,,,,,,34.15084,-118.234258,FM 2 SB TO 134,8.403
2024-12-10 16:35:00,716551,134,W,ML,367,59.1,99,63.8,100,60.7,87,56.5,81,54.2,,,,,34.154235,-118.274159,SAN FERNANDO,5.983
2024-12-10 16:35:00,716554,134,W,ML,401,59.3,53,77.2,123,63.3,101,57.6,124,49.1,,,,,34.156198,-118.265345,PACIFIC,6.503
2024-12-10 16:35:00,717099,134,W,ML,504,59.8,129,66.6,121,62.6,115,58.0,139,52.5,,,,,34.156447,-118.245195,GLENDALE 1,7.673
2024-12-10 16:35:00,717582,134,W,ML,398,63.5,123,67.9,68,60.8,104,64.3,103,59.1,,,,,34.156458,-118.262159,CENTRAL,6.693
2024-12-10 16:35:00,717590,134,W,ML,123,60.8,26,65.9,37,62.6,33,59.4,27,55.3,,,,,34.148123,-118.229499,HARVEY,8.743
2024-12-10 16:35:00,717597,134,W,ML,123,60.8,26,65.9,37,62.6,33,59.4,27,55.3,,,,,34.142674,-118.184801,FIGUEROA,11.473
2024-12-10 16:35:00,717599,134,W,ML,501,57.0,105,61.8,152,58.7,134,55.7,110,51.9,,,,,34.142896,-118.172193,SAN RAFAEL,12.253
2024-12-10 16:35:00,717603,134,W,ML,121,61.4,27,65.3,29,63.2,26,61.5,24,59.1,15,55.0,,,34.146519,-118.162409,ORANGE GROVE,12.763
2024-12-10 16:35:00,717604,134,W,HV,122,60.8,122,60.8,,,,,,,,,,,34.146519,-118.162409,ORANGE GROVE,12.763
2024-12-10 16:35:00,761035,134,W,HV,122,60.8,122,60.8,,,,,,,,,,,34.148123,-118.229499,HARVEY,8.743
2024-12-10 16:35:00,761038,134,W,HV,122,60.8,122,60.8,,,,,,,,,,,34.156447,-118.245195,GLENDALE 1,7.673
2024-12-10 16:35:00,761041,134,W,HV,122,60.8,122,60.8,,,,,,,,,,,34.156458,-118.262159,CENTRAL,6.693
2024-12-10 16:35:00,761044,134,W,HV,122,60.8,122,60.8,,,,,,,,,,,34.156198,-118.265345,PACIFIC,6.503
2024-12-10 16:35:00,763610,134,W,HV,122,60.8,122,60.8,,,,,,,,,,,34.142896,-118.172193,SAN RAFAEL,12.253
2024-12-10 16:35:00,763612,134,W,HV,122,60.8,122,60.8,,,,,,,,,,,34.142674,-118.184801,FIGUEROA,11.473
2024-12-10 16:35:00,773975,134,W,ML,123,60.8,26,65.9,37,62.6,33,59.4,27,55.3,,,,,34.14568,-118.221874,OAKVIEW,9.213
2024-12-10 16:35:00,773977,134,W,HV,122,60.8,122,60.8,,,,,,,,,,,34.14568,-118.221874,OAKVIEW,9.213
2024-12-10 16:35:00,773996,134,W,ML,502,57.6,111,61.2,121,59.2,107,57.6,99,55.4,64,51.6,,,34.145076,-118.215608,FM 2 NB TO 134 EB,9.573
2024-12-10 16:35:00,773998,134,W,HV,122,60.8,122,60.8,,,,,,,,,,,34.145076,-118.215608,FM 2 NB TO 134 EB,9.573
2024-12-10 16:35:00,774012,134,W,ML,501,57.0,105,61.8,152,58.7,134,55.7,110,51.9,,,,,34.148107,-118.197509,TOWNSEND,10.643
2024-12-10 16:35:00,774014,134,W,HV,122,60.8,122,60.8,,,,,,,,,,,34.148107,-118.197509,TOWNSEND,10.643
2024-12-10 16:35:00,774032,134,W,ML,123,60.8,26,65.9,37,62.6,33,59.4,27,55.3,,,,,34.141843,-118.182666,COLORADO,11.623
2024-12-10 16:35:00,774034,134,W,HV,122,60.8,122,60.8,,,,,,,,,,,34.141843,-118.182666,COLORADO,11.623
2024-12-10 16:35:00,774053,134,W,ML,123,60.8,26,65.9,37,62.6,33,59.4,27,55.3,,,,,34.15084,-118.234258,FM 2 SB TO 134,8.403
2024-12-10 16:35:00,774055,134,W,HV,122,60.8,122,60.8,,,,,,,,,,,34.15084,-118.234258,FM 2 SB TO 134,8.403
2024-12-10 16:40:00,716551,134,W,ML,387,59.3,106,64.0,105,60.9,91,56.7,85,54.4,,,,,34.154235,-118.274159,SAN FERNANDO,5.983
2024-12-10 16:40:00,716554,134,W,ML,402,60.4,52,78.0,127,63.5,94,58.1,129,51.8,,,,,34.156198,-118.265345,PACIFIC,6.503
2024-12-10 16:40:00,717099,134,W,ML,523,61.6,135,68.4,125,64.4,119,59.7,144,54.4,,,,,34.156447,-118.245195,GLENDALE 1,7.673
2024-12-10 16:40:00,717582,134,W,ML,415,64.1,126,67.9,75,63.9,107,65.2,107,58.6,,,,,34.156458,-118.262159,CENTRAL,6.693
2024-12-10 16:40:00,717590,134,W,ML,123,60.6,26,65.7,37,62.4,33,59.2,27,55.2,,,,,34.148123,-118.229499,HARVEY,8.743
2024-12-10 16:40:00,717597,134,W,ML,123,60.6,26,65.7,37,62.4,33,59.2,27,55.2,,,,,34.142674,-118.184801,FIGUEROA,11.473
2024-12-10 16:40:00,717599,134,W,ML,508,56.9,106,61.7,154,58.6,136,55.6,112,51.8,,,,,34.142896,-118.172193,SAN RAFAEL,12.253
2024-12-10 16:40:00,717603,134,W,ML,123,61.2,27,65.1,30,62.9,26,61.2,24,58.9,16,54.9,,,34.146519,-118.162409,ORANGE GROVE,12.763
2024-12-10 16:40:00,717604,134,W,HV,123,60.6,123,60.6,,,,,,,,,,,34.146519,-118.162409,ORANGE GROVE,12.763
2024-12-10 16:40:00,761035,134,W,HV,123,60.6,123,60.6,,,,,,,,,,,34.148123,-118.229499,HARVEY,8.743
2024-12-10 16:40:00,761038,134,W,HV,123,60.6,123,60.6,,,,,,,,,,,34.156447,-118.245195,GLENDALE 1,7.673
2024-12-10 16:40:00,761041,134,W,HV,123,60.6,123,60.6,,,,,,,,,,,34.156458,-118.262159,CENTRAL,6.693
2024-12-10 16:40:00,761044,134,W,HV,123,60.6,123,60.6,,,,,,,,,,,34.156198,-118.265345,PACIFIC,6.503
2024-12-10 16:40:00,763610,134,W,HV,123,60.6,123,60.6,,,,,,,,,,,34.142896,-118.172193,SAN RAFAEL,12.253
2024-12-10 16:40:00,763612,134,W,HV,123,60.6,123,60.6,,,,,,,,,,,34.142674,-118.184801,FIGUEROA,11.473
2024-12-10 16:40:00,773975,134,W,ML,123,60.6,26,65.7,37,62.4,33,59.2,27,55.2,,,,,34.14568,-118.221874,OAKVIEW,9.213
2024-12-10 16:40:00,773977,134,W,HV,123,60.6,123,60.6,,,,,,,,,,,34.14568,-118.221874,OAKVIEW,9.213
2024-12-10 16:40:00,773996,134,W,ML,507,57.5,112,61.1,122,59.1,108,57.5,100,55.3,65,51.5,,,34.145076,-118.215608,FM 2 NB TO 134 EB,9.573
2024-12-10 16:40:00,773998,134,W,HV,123,60.6,123,60.6,,,,,,,,,,,34.145076,-118.215608,FM 2 NB TO 134 EB,9.573
2024-12-10 16:40:00,774012,134,W,ML,508,56.9,106,61.7,154,58.6,136,55.6,112,51.8,,,,,34.148107,-118.197509,TOWNSEND,10.643
2024-12-10 16:40:00,774014,134,W,HV,123,60.6,123,60.6,,,,,,,,,,,34.148107,-118.197509,TOWNSEND,10.643
2024-12-10 16:40:00,774032,134,W,ML,123,60.6,26,65.7,37,62.4,33,59.2,27,55.2,,,,,34.141843,-118.182666,COLORADO,11.623
2024-12-10 16:40:00,774034,134,W,HV,123,60.6,123,60.6,,,,,,,,,,,34.141843,-118.182666,COLORADO,11.623
2024-12-10 16:40:00,774053,134,W,ML,123,60.6,26,65.7,37,62.4,33,59.2,27,55.2,,,,,34.15084,-118.234258,FM 2 SB TO 134,8.403
2024-12-10 16:40:00,774055,134,W,HV,123,60.6,123,60.6,,,,,,,,,,,34.15084,-118.234258,FM 2 SB TO 134,8.403
2024-12-10 16:45:00,716551,134,W,ML,396,58.4,108,63.0,108,59.9,93,55.8,87,53.6,,,,,34.154235,-118.274159,SAN FERNANDO,5.983
2024-12-10 16:45:00,716554,134,W,ML,394,60.2,50,77.6,120,62.2,105,57.7,119,53.1,,,,,34.156198,-118.265345,PACIFIC,6.503
2024-12-10 16:45:00,717099,134,W,ML,509,61.5,131,68.3,122,64.3,116,59.6,140,54.3,,,,,34.156447,-118.245195,GLENDALE 1,7.673
2024-12-10 16:45:00,717582,134,W,ML,413,64.7,122,67.8,81,63.7,106,64.7,104,61.8,,,,,34.156458,-118.262159,CENTRAL,6.693
2024-12-10 16:45:00,717590,134,W,ML,123,60.6,26,65.7,37,62.4,33,59.2,27,55.2,,,,,34.148123,-118.229499,HARVEY,8.743
2024-12-10 16:45:00,717597,134,W,ML,123,60.6,26,65.7,37,62.4,33,59.2,27,55.2,,,,,34.142674,-118.184801,FIGUEROA,11.473
2024-12-10 16:45:00,717599,134,W,ML,508,56.6,106,61.4,154,58.2,136,55.3,112,51.5,,,,,34.142896,-118.172193,SAN RAFAEL,12.253
2024-12-10 16:45:00,717603,134,W,ML,121,61.2,27,65.1,29,62.9,26,61.2,24,58.9,15,54.9,,,34.146519,-118.162409,ORANGE GROVE,12.763
2024-12-10 16:45:00,717604,134,W,HV,122,60.6,122,60.6,,,,,,,,,,,34.146519,-118.162409,ORANGE GROVE,12.763
2024-12-10 16:45:00,761035,134,W,HV,122,60.6,122,60.6,,,,,,,,,,,34.148123,-118.229499,HARVEY,8.743
2024-12-10 16:45:00,761038,134,W,HV,122,60.6,122,60.6,,,,,,,,,,,34.156447,-118.245195,GLENDALE 1,7.673
2024-12-10 16:45:00,761041,134,W,HV,122,60.6,122,60.6,,,,,,,,,,,34.156458,-118.262159,CENTRAL,6.693
2024-12-10 16:45:00,761044,134,W,HV,122,60.6,122,60.6,,,,,,,,,,,34.156198,-118.265345,PACIFIC,6.503
2024-12-10 16:45:00,763610,134,W,HV,122,60.6,122,60.6,,,,,,,,,,,34.142896,-118.172193,SAN RAFAEL,12.253
2024-12-10 16:45:00,763612,134,W,HV,122,60.6,122,60.6,,,,,,,,,,,34.142674,-118.184801,FIGUEROA,11.473
2024-12-10 16:45:00,773975,134,W,ML,123,60.6,26,65.7,37,62.4,33,59.2,27,55.2,,,,,34.14568,-118.221874,OAKVIEW,9.213
2024-12-10 16:45:00,773977,134,W,HV,122,60.6,122,60.6,,,,,,,,,,,34.14568,-118.221874,OAKVIEW,9.213
2024-12-10 16:45:00,773996,134,W,ML,510,57.2,113,60.8,123,58.8,108,57.2,101,55.0,65,51.2,,,34.145076,-118.215608,FM 2 NB TO 134 EB,9.573
2024-12-10 16:45:00,773998,134,W,HV,122,60.6,122,60.6,,,,,,,,,,,34.145076,-118.215608,FM 2 NB TO 134 EB,9.573
2024-12-10 16:45:00,774012,134,W,ML,508,56.6,106,61.4,154,58.2,136,55.3,112,51.5,,,,,34.148107,-118.197509,TOWNSEND,10.643
2024-12-10 16:45:00,774014,134,W,HV,122,60.6,122,60.6,,,,,,,,,,,34.148107,-118.197509,TOWNSEND,10.643
2024-12-10 16:45:00,774032,134,W,ML,123,60.6,26,65.7,37,62.4,33,59.2,27,55.2,,,,,34.141843,-118.182666,COLORADO,11.623
2024-12-10 16:45:00,774034,134,W,HV,122,60.6,122,60.6,,,,,,,,,,,34.141843,-118.182666,COLORADO,11.623
2024-12-10 16:45:00,774053,134,W,ML,123,60.6,26,65.7,37,62.4,33,59.2,27,55.2,,,,,34.15084,-118.234258,FM 2 SB TO 134,8.403
2024-12-10 16:45:00,774055,134,W,HV,122,60.6,122,60.6,,,,,,,,,,,34.15084,-118.234258,FM 2 SB TO 134,8.403
2024-12-10 16:50:00,716551,134,W,ML,398,58.2,108,62.8,108,59.7,94,55.6,88,53.4,,,,,34.154235,-118.274159,SAN FERNANDO,5.983
2024-12-10 16:50:00,716554,134,W,ML,433,61.0,70,78.4,125,62.0,111,58.1,127,53.0,,,,,34.156198,-118.265345,PACIFIC,6.503
2024-12-10 16:50:00,717099,134,W,ML,504,62.6,129,69.4,121,65.3,115,60.6,139,55.5,,,,,34.156447,-118.245195,GLENDALE 1,7.673
2024-12-10 16:50:00,717582,134,W,ML,390,64.8,121,68.4,62,65.6,104,63.9,103,61.1,,,,,34.156458,-118.262159,CENTRAL,6.693
2024-12-10 16:50:00,717590,134,W,ML,123,60.6,26,65.7,37,62.4,33,59.2,27,55.2,,,,,34.148123,-118.229499,HARVEY,8.743
2024-12-10 16:50:00,717597,134,W,ML,123,60.6,26,65.7,37,62.4,33,59.2,27,55.2,,,,,34.142674,-118.184801,FIGUEROA,11.473
2024-12-10 16:50:00,717599,134,W,ML,505,56.4,106,61.1,153,58.0,135,55.1,111,51.3,,,,,34.142896,-118.172193,SAN RAFAEL,12.253
2024-12-10 16:50:00,717603,134,W,ML,123,61.2,27,65.1,30,62.9,26,61.2,24,58.9,16,54.9,,,34.146519,-118.162409,ORANGE GROVE,12.763
2024-12-10 16:50:00,717604,134,W,HV,123,60.6,123,60.6,,,,,,,,,,,34.146519,-118.162409,ORANGE GROVE,12.763
2024-12-10 16:50:00,761035,134,W,HV,123,60.6,123,60.6,,,,,,,,,,,34.148123,-118.229499,HARVEY,8.743
2024-12-10 16:50:00,761038,134,W,HV,123,60.6,123,60.6,,,,,,,,,,,34.156447,-118.245195,GLENDALE 1,7.673
2024-12-10 16:50:00,761041,134,W,HV,123,60.6,123,60.6,,,,,,,,,,,34.156458,-118.262159,CENTRAL,6.693
2024-12-10 16:50:00,761044,134,W,HV,123,60.6,123,60.6,,,,,,,,,,,34.156198,-118.265345,PACIFIC,6.503
2024-12-10 16:50:00,763610,134,W,HV,123,60.6,123,60.6,,,,,,,,,,,34.142896,-118.172193,SAN RAFAEL,12.253
2024-12-10 16:50:00,763612,134,W,HV,123,60.6,123,60.6,,,,,,,,,,,34.142674,-118.184801,FIGUEROA,11.473
2024-12-10 16:50:00,773975,134,W,ML,123,60.6,26,65.7,37,62.4,33,59.2,27,55.2,,,,,34.14568,-118.221874,OAKVIEW,9.213
2024-12-10 16:50:00,773977,134,W,HV,123,60.6,123,60.6,,,,,,,,,,,34.14568,-118.221874,OAKVIEW,9.213
2024-12-10 16:50:00,773996,134,W,ML,506,57.0,112,60.6,122,58.6,108,57.0,100,54.8,64,51.1,,,34.145076,-118.215608,FM 2 NB TO 134 EB,9.573
2024-12-10 16:50:00,773998,134,W,HV,123,60.6,123,60.6,,,,,,,,,,,34.145076,-118.215608,FM 2 NB TO 134 EB,9.573
2024-12-10 16:50:00,774012,134,W,ML,505,56.4,106,61.1,153,58.0,135,55.1,111,51.3,,,,,34.148107,-118.197509,TOWNSEND,10.643
2024-12-10 16:50:00,774014,134,W,HV,123,60.6,123,60.6,,,,,,,,,,,34.148107,-118.197509,TOWNSEND,10.643
2024-12-10 16:50:00,774032,134,W,ML,123,60.6,26,65.7,37,62.4,33,59.2,27,55.2,,,,,34.141843,-118.182666,COLORADO,11.623
2024-12-10 16:50:00,774034,134,W,HV,123,60.6,123,60.6,,,,,,,,,,,34.141843,-118.182666,COLORADO,11.623
2024-12-10 16:50:00,774053,134,W,ML,123,60.6,26,65.7,37,62.4,33,59.2,27,55.2,,,,,34.15084,-118.234258,FM 2 SB TO 134,8.403
2024-12-10 16:50:00,774055,134,W,HV,123,60.6,123,60.6,,,,,,,,,,,34.15084,-118.234258,FM 2 SB TO 134,8.403
2024-12-10 16:55:00,716551,134,W,ML,425,57.9,117,62.5,115,59.5,100,55.3,93,53.2,,,,,34.154235,-118.274159,SAN FERNANDO,5.983
2024-12-10 16:55:00,716554,134,W,ML,427,59.7,55,78.7,128,60.2,109,58.6,135,52.5,,,,,34.156198,-118.265345,PACIFIC,6.503
2024-12-10 16:55:00,717099,134,W,ML,504,60.6,129,67.4,121,63.4,115,58.7,139,53.4,,,,,34.156447,-118.245195,GLENDALE 1,7.673
2024-12-10 16:55:00,717582,134,W,ML,401,63.2,123,66.6,78,62.2,97,63.5,103,59.6,,,,,34.156458,-118.262159,CENTRAL,6.693
2024-12-10 16:55:00,717590,134,W,ML,123,60.7,26,65.8,37,62.5,33,59.3,27,55.2,,,,,34.148123,-118.229499,HARVEY,8.743
2024-12-10 16:55:00,717597,134,W,ML,123,60.7,26,65.8,37,62.5,33,59.3,27,55.2,,,,,34.142674,-118.184801,FIGUEROA,11.473
2024-12-10 16:55:00,717599,134,W,ML,501,56.6,105,61.4,152,58.2,134,55.3,110,51.5,,,,,34.142896,-118.172193,SAN RAFAEL,12.253
2024-12-10 16:55:00,717603,134,W,ML,123,61.3,27,65.2,30,63.0,26,61.3,24,59.0,16,55.0,,,34.146519,-118.162409,ORANGE GROVE,12.763
2024-12-10 16:55:00,717604,134,W,HV,123,60.7,123,60.7,,,,,,,,,,,34.146519,-118.162409,ORANGE GROVE,12.763
2024-12-10 16:55:00,761035,134,W,HV,123,60.7,123,60.7,,,,,,,,,,,34.148123,-118.229499,HARVEY,8.743
2024-12-10 16:55:00,761038,134,W,HV,123,60.7,123,60.7,,,,,,,,,,,34.156447,-118.245195,GLENDALE 1,7.673
2024-12-10 16:55:00,761041,134,W,HV,123,60.7,123,60.7,,,,,,,,,,,34.156458,-118.262159,CENTRAL,6.693
2024-12-10 16:55:00,761044,134,W,HV,123,60.7,123,60.7,,,,,,,,,,,34.156198,-118.265345,PACIFIC,6.503
2024-12-10 16:55:00,763610,134,W,HV,123,60.7,123,60.7,,,,,,,,,,,34.142896,-118.172193,SAN RAFAEL,12.253
2024-12-10 16:55:00,763612,134,W,HV,123,60.7,123,60.7,,,,,,,,,,,34.142674,-118.184801,FIGUEROA,11.473
2024-12-10 16:55:00,773975,134,W,ML,123,60.7,26,65.8,37,62.5,33,59.3,27,55.2,,,,,34.14568,-118.221874,OAKVIEW,9.213
2024-12-10 16:55:00,773977,134,W,HV,123,60.7,123,60.7,,,,,,,,,,,34.14568,-118.221874,OAKVIEW,9.213
2024-12-10 16:55:00,773996,134,W,ML,502,57.2,111,60.8,121,58.8,107,57.2,99,55.0,64,51.2,,,34.145076,-118.215608,FM 2 NB TO 134 EB,9.573
2024-12-10 16:55:00,773998,134,W,HV,123,60.7,123,60.7,,,,,,,,,,,34.145076,-118.215608,FM 2 NB TO 134 EB,9.573
2024-12-10 16:55:00,774012,134,W,ML,501,56.6,105,61.4,152,58.2,134,55.3,110,51.5,,,,,34.148107,-118.197509,TOWNSEND,10.643
2024-12-10 16:55:00,774014,134,W,HV,123,60.7,123,60.7,,,,,,,,,,,34.148107,-118.197509,TOWNSEND,10.643
2024-12-10 16:55:00,774032,134,W,ML,123,60.7,26,65.8,37,62.5,33,59.3,27,55.2,,,,,34.141843,-118.182666,COLORADO,11.623
2024-12-10 16:55:00,774034,134,W,HV,123,60.7,123,60.7,,,,,,,,,,,34.141843,-118.182666,COLORADO,11.623
2024-12-10 16:55:00,774053,134,W,ML,123,60.7,26,65.8,37,62.5,33,59.3,27,55.2,,,,,34.15084,-118.234258,FM 2 SB TO 134,8.403
2024-12-10 16:55:00,774055,134,W,HV,123,60.7,123,60.7,,,,,,,,,,,34.15084,-118.234258,FM 2 SB TO 134,8.403
2024-12-10 17:00:00,716551,134,W,ML,387,57.5,106,62.0,105,59.0,91,54.8,85,52.8,,,,,34.154235,-118.274159,SAN FERNANDO,5.983
2024-12-10 17:00:00,716554,134,W,ML,390,59.2,55,80.7,111,60.5,99,58.0,125,49.6,,,,,34.156198,-118.265345,PACIFIC,6.503
2024-12-10 17:00:00,717099,134,W,ML,504,60.5,129,67.3,121,63.3,115,58.6,139,53.3,,,,,34.156447,-118.245195,GLENDALE 1,7.673
2024-12-10 17:00:00,717582,134,W,ML,398,62.4,108,67.2,82,62.0,105,62.5,103,57.6,,,,,34.156458,-118.262159,CENTRAL,6.693
2024-12-10 17:00:00,717590,134,W,ML,123,60.8,26,65.9,37,62.6,33,59.4,27,55.3,,,,,34.148123,-118.229499,HARVEY,8.743
2024-12-10 17:00:00,717597,134,W,ML,123,60.8,26,65.9,37,62.6,33,59.4,27,55.3,,,,,34.142674,-118.184801,FIGUEROA,11.473
2024-12-10 17:00:00,717599,134,W,ML,497,56.7,104,61.5,151,58.3,133,55.4,109,51.6,,,,,34.142896,-118.172193,SAN RAFAEL,12.253
2024-12-10 17:00:00,717603,134,W,ML,121,61.4,27,65.3,29,63.2,26,61.5,24,59.1,15,55.0,,,34.146519,-118.162409,ORANGE GROVE,12.763
2024-12-10 17:00:00,717604,134,W,HV,122,60.8,122,60.8,,,,,,,,,,,34.146519,-118.162409,ORANGE GROVE,12.763
2024-12-10 17:00:00,761035,134,W,HV,122,60.8,122,60.8,,,,,,,,,,,34.148123,-118.229499,HARVEY,8.743
2024-12-10 17:00:00,761038,134,W,HV,122,60.8,122,60.8,,,,,,,,,,,34.156447,-118.245195,GLENDALE 1,7.673
2024-12-10 17:00:00,761041,134,W,HV,122,60.8,122,60.8,,,,,,,,,,,34.156458,-118.262159,CENTRAL,6.693
2024-12-10 17:00:00,761044,134,W,HV,122,60.8,122,60.8,,,,,,,,,,,34.156198,-118.265345,PACIFIC,6.503
2024-12-10 17:00:00,763610,134,W,HV,122,60.8,122,60.8,,,,,,,,,,,34.142896,-118.172193,SAN RAFAEL,12.253
2024-12-10 17:00:00,763612,134,W,HV,122,60.8,122,60.8,,,,,,,,,,,34.142674,-118.184801,FIGUEROA,11.473
2024-12-10 17:00:00,773975,134,W,ML,123,60.8,26,65.9,37,62.6,33,59.4,27,55.3,,,,,34.14568,-118.221874,OAKVIEW,9.213
2024-12-10 17:00:00,773977,134,W,HV,122,60.8,122,60.8,,,,,,,,,,,34.14568,-118.221874,OAKVIEW,9.213
2024-12-10 17:00:00,773996,134,W,ML,497,57.3,110,60.9,120,58.9,106,57.3,98,55.1,63,51.3,,,34.145076,-118.215608,FM 2 NB TO 134 EB,9.573
2024-12-10 17:00:00,773998,134,W,HV,122,60.8,122,60.8,,,,,,,,,,,34.145076,-118.215608,FM 2 NB TO 134 EB,9.573
2024-12-10 17:00:00,774012,134,W,ML,497,56.7,104,61.5,151,58.3,133,55.4,109,51.6,,,,,34.148107,-118.197509,TOWNSEND,10.643
2024-12-10 17:00:00,774014,134,W,HV,122,60.8,122,60.8,,,,,,,,,,,34.148107,-118.197509,TOWNSEND,10.643
2024-12-10 17:00:00,774032,134,W,ML,123,60.8,26,65.9,37,62.6,33,59.4,27,55.3,,,,,34.141843,-118.182666,COLORADO,11.623
2024-12-10 17:00:00,774034,134,W,HV,122,60.8,122,60.8,,,,,,,,,,,34.141843,-118.182666,COLORADO,11.623
2024-12-10 17:00:00,774053,134,W,ML,123,60.8,26,65.9,37,62.6,33,59.4,27,55.3,,,,,34.15084,-118.234258,FM 2 SB TO 134,8.403
2024-12-10 17:00:00,774055,134,W,HV,122,60.8,122,60.8,,,,,,,,,,,34.15084,-118.234258,FM 2 SB TO 134,8.403
2024-12-10 17:05:00,716551,134,W,ML,385,55.6,104,60.0,105,57.0,91,53.2,85,51.2,,,,,34.154235,-118.274159,SAN FERNANDO,5.983
2024-12-10 17:05:00,716554,134,W,ML,432,56.2,59,79.1,124,58.5,107,54.6,142,45.9,,,,,34.156198,-118.265345,PACIFIC,6.503
2024-12-10 17:05:00,717099,134,W,ML,553,59.7,142,66.5,132,62.6,125,57.9,154,52.5,,,,,34.156447,-118.245195,GLENDALE 1,7.673
2024-12-10 17:05:00,717582,134,W,ML,432,60.4,127,64.5,83,60.7,103,61.1,119,55.2,,,,,34.156458,-118.262159,CENTRAL,6.693
2024-12-10 17:05:00,717590,134,W,ML,123,60.9,26,66.0,37,62.7,33,59.5,27,55.4,,,,,34.148123,-118.229499,HARVEY,8.743
2024-12-10 17:05:00,717597,134,W,ML,123,60.9,26,66.0,37,62.7,33,59.5,27,55.4,,,,,34.142674,-118.184801,FIGUEROA,11.473
2024-12-10 17:05:00,717599,134,W,ML,505,56.7,106,61.5,153,58.3,135,55.4,111,51.6,,,,,34.142896,-118.172193,SAN RAFAEL,12.253
2024-12-10 17:05:00,717603,134,W,ML,121,61.5,27,65.4,29,63.3,26,61.6,24,59.2,15,55.1,,,34.146519,-118.162409,ORANGE GROVE,12.763
2024-12-10 17:05:00,717604,134,W,HV,122,60.9,122,60.9,,,,,,,,,,,34.146519,-118.162409,ORANGE GROVE,12.763
2024-12-10 17:05:00,761035,134,W,HV,122,60.9,122,60.9,,,,,,,,,,,34.148123,-118.229499,HARVEY,8.743
2024-12-10 17:05:00,761038,134,W,HV,122,60.9,122,60.9,,,,,,,,,,,34.156447,-118.245195,GLENDALE 1,7.673
2024-12-10 17:05:00,761041,134,W,HV,122,60.9,122,60.9,,,,,,,,,,,34.156458,-118.262159,CENTRAL,6.693
2024-12-10 17:05:00,761044,134,W,HV,122,60.9,122,60.9,,,,,,,,,,,34.156198,-118.265345,PACIFIC,6.503
2024-12-10 17:05:00,763610,134,W,HV,122,60.9,122,60.9,,,,,,,,,,,34.142896,-118.172193,SAN RAFAEL,12.253
2024-12-10 17:05:00,763612,134,W,HV,122,60.9,122,60.9,,,,,,,,,,,34.142674,-118.184801,FIGUEROA,11.473
2024-12-10 17:05:00,773975,134,W,ML,123,60.9,26,66.0,37,62.7,33,59.5,27,55.4,,,,,34.14568,-118.221874,OAKVIEW,9.213
2024-12-10 17:05:00,773977,134,W,HV,122,60.9,122,60.9,,,,,,,,,,,34.14568,-118.221874,OAKVIEW,9.213
2024-12-10 17:05:00,773996,134,W,ML,506,57.3,112,60.9,122,58.9,108,57.3,100,55.1,64,51.3,,,34.145076,-118.215608,FM 2 NB TO 134 EB,9.573
2024-12-10 17:05:00,773998,134,W,HV,122,60.9,122,60.9,,,,,,,,,,,34.145076,-118.215608,FM 2 NB TO 134 EB,9.573
2024-12-10 17:05:00,774012,134,W,ML,505,56.7,106,61.5,153,58.3,135,55.4,111,51.6,,,,,34.148107,-118.197509,TOWNSEND,10.643
2024-12-10 17:05:00,774014,134,W,HV,122,60.9,122,60.9,,,,,,,,,,,34.148107,-118.197509,TOWNSEND,10.643
2024-12-10 17:05:00,774032,134,W,ML,123,60.9,26,66.0,37,62.7,33,59.5,27,55.4,,,,,34.141843,-118.182666,COLORADO,11.623
2024-12-10 17:05:00,774034,134,W,HV,122,60.9,122,60.9,,,,,,,,,,,34.141843,-118.182666,COLORADO,11.623
2024-12-10 17:05:00,774053,134,W,ML,123,60.9,26,66.0,37,62.7,33,59.5,27,55.4,,,,,34.15084,-118.234258,FM 2 SB TO 134,8.403
2024-12-10 17:05:00,774055,134,W,HV,122,60.9,122,60.9,,,,,,,,,,,34.15084,-118.234258,FM 2 SB TO 134,8.403
2024-12-10 17:10:00,716551,134,W,ML,387,55.0,106,59.3,105,56.3,91,52.6,85,50.6,,,,,34.154235,-118.274159,SAN FERNANDO,5.983
2024-12-10 17:10:00,716554,134,W,ML,416,56.1,56,79.2,122,57.6,101,53.7,137,47.0,,,,,34.156198,-118.265345,PACIFIC,6.503
2024-12-10 17:10:00,717099,134,W,ML,528,58.7,136,65.4,127,61.6,120,57.0,145,51.4,,,,,34.156447,-118.245195,GLENDALE 1,7.673
2024-12-10 17:10:00,717582,134,W,ML,399,59.4,117,63.4,73,58.9,101,60.2,108,54.7,,,,,34.156458,-118.262159,CENTRAL,6.693
2024-12-10 17:10:00,717590,134,W,ML,123,60.8,26,65.9,37,62.6,33,59.4,27,55.3,,,,,34.148123,-118.229499,HARVEY,8.743
2024-12-10 17:10:00,717597,134,W,ML,123,60.8,26,65.9,37,62.6,33,59.4,27,55.3,,,,,34.142674,-118.184801,FIGUEROA,11.473
2024-12-10 17:10:00,717599,134,W,ML,516,56.1,108,60.8,157,57.7,138,54.8,113,51.1,,,,,34.142896,-118.172193,SAN RAFAEL,12.253
2024-12-10 17:10:00,717603,134,W,ML,121,61.4,27,65.3,29,63.2,26,61.5,24,59.1,15,55.0,,,34.146519,-118.162409,ORANGE GROVE,12.763
2024-12-10 17:10:00,717604,134,W,HV,122,60.8,122,60.8,,,,,,,,,,,34.146519,-118.162409,ORANGE GROVE,12.763
2024-12-10 17:10:00,761035,134,W,HV,122,60.8,122,60.8,,,,,,,,,,,34.148123,-118.229499,HARVEY,8.743
2024-12-10 17:10:00,761038,134,W,HV,122,60.8,122,60.8,,,,,,,,,,,34.156447,-118.245195,GLENDALE 1,7.673
2024-12-10 17:10:00,761041,134,W,HV,122,60.8,122,60.8,,,,,,,,,,,34.156458,-118.262159,CENTRAL,6.693
2024-12-10 17:10:00,761044,134,W,HV,122,60.8,122,60.8,,,,,,,,,,,34.156198,-118.265345,PACIFIC,6.503
2024-12-10 17:10:00,763610,134,W,HV,122,60.8,122,60.8,,,,,,,,,,,34.142896,-118.172193,SAN RAFAEL,12.253
2024-12-10 17:10:00,763612,134,W,HV,122,60.8,122,60.8,,,,,,,,,,,34.142674,-118.184801,FIGUEROA,11.473
2024-12-10 17:10:00,773975,134,W,ML,123,60.8,26,65.9,37,62.6,33,59.4,27,55.3,,,,,34.14568,-118.221874,OAKVIEW,9.213
2024-12-10 17:10:00,773977,134,W,HV,122,60.8,122,60.8,,,,,,,,,,,34.14568,-118.221874,OAKVIEW,9.213
2024-12-10 17:10:00,773996,134,W,ML,516,56.7,114,60.2,124,58.3,110,56.7,102,54.5,66,50.8,,,34.145076,-118.215608,FM 2 NB TO 134 EB,9.573
2024-12-10 17:10:00,773998,134,W,HV,122,60.8,122,60.8,,,,,,,,,,,34.145076,-118.215608,FM 2 NB TO 134 EB,9.573
2024-12-10 17:10:00,774012,134,W,ML,516,56.1,108,60.8,157,57.7,138,54.8,113,51.1,,,,,34.148107,-118.197509,TOWNSEND,10.643
2024-12-10 17:10:00,774014,134,W,HV,122,60.8,122,60.8,,,,,,,,,,,34.148107,-118.197509,TOWNSEND,10.643
2024-12-10 17:10:00,774032,134,W,ML,123,60.8,26,65.9,37,62.6,33,59.4,27,55.3,,,,,34.141843,-118.182666,COLORADO,11.623
2024-12-10 17:10:00,774034,134,W,HV,122,60.8,122,60.8,,,,,,,,,,,34.141843,-118.182666,COLORADO,11.623
2024-12-10 17:10:00,774053,134,W,ML,123,60.8,26,65.9,37,62.6,33,59.4,27,55.3,,,,,34.15084,-118.234258,FM 2 SB TO 134,8.403
2024-12-10 17:10:00,774055,134,W,HV,122,60.8,122,60.8,,,,,,,,,,,34.15084,-118.234258,FM 2 SB TO 134,8.403
2024-12-10 17:15:00,716551,134,W,ML,364,54.3,98,58.5,99,55.6,86,51.9,81,50.1,,,,,34.154235,-118.274159,SAN FERNANDO,5.983
2024-12-10 17:15:00,716554,134,W,ML,410,55.7,62,79.4,117,56.7,101,53.0,130,45.7,,,,,34.156198,-118.265345,PACIFIC,6.503
2024-12-10 17:15:00,717099,134,W,ML,490,56.2,126,62.9,117,59.2,112,54.6,135,48.8,,,,,34.156447,-118.245195,GLENDALE 1,7.673
2024-12-10 17:15:00,717582,134,W,ML,422,56.1,121,60.0,87,54.6,114,57.4,100,51.1,,,,,34.156458,-118.262159,CENTRAL,6.693
2024-12-10 17:15:00,717590,134,W,ML,123,60.5,26,65.6,37,62.3,33,59.1,27,55.1,,,,,34.148123,-118.229499,HARVEY,8.743
2024-12-10 17:15:00,717597,134,W,ML,123,60.5,26,65.6,37,62.3,33,59.1,27,55.1,,,,,34.142674,-118.184801,FIGUEROA,11.473
2024-12-10 17:15:00,717599,134,W,ML,517,54.7,108,59.3,157,56.3,139,53.4,113,49.8,,,,,34.142896,-118.172193,SAN RAFAEL,12.253
2024-12-10 17:15:00,717603,134,W,ML,123,61.1,27,65.0,30,62.8,26,61.1,24,58.8,16,54.8,,,34.146519,-118.162409,ORANGE GROVE,12.763
2024-12-10 17:15:00,717604,134,W,HV,123,60.5,123,60.5,,,,,,,,,,,34.146519,-118.162409,ORANGE GROVE,12.763
2024-12-10 17:15:00,761035,134,W,HV,123,60.5,123,60.5,,,,,,,,,,,34.148123,-118.229499,HARVEY,8.743
2024-12-10 17:15:00,761038,134,W,HV,123,60.5,123,60.5,,,,,,,,,,,34.156447,-118.245195,GLENDALE 1,7.673
2024-12-10 17:15:00,761041,134,W,HV,123,60.5,123,60.5,,,,,,,,,,,34.156458,-118.262159,CENTRAL,6.693
2024-12-10 17:15:00,761044,134,W,HV,123,60.5,123,60.5,,,,,,,,,,,34.156198,-118.265345,PACIFIC,6.503
2024-12-10 17:15:00,763610,134,W,HV,123,60.5,123,60.5,,,,,,,,,,,34.142896,-118.172193,SAN RAFAEL,12.253
2024-12-10 17:15:00,763612,134,W,HV,123,60.5,123,60.5,,,,,,,,,,,34.142674,-118.184801,FIGUEROA,11.473
2024-12-10 17:15:00,773975,134,W,ML,123,60.5,26,65.6,37,62.3,33,59.1,27,55.1,,,,,34.14568,-118.221874,OAKVIEW,9.213
2024-12-10 17:15:00,773977,134,W,HV,123,60.5,123,60.5,,,,,,,,,,,34.14568,-118.221874,OAKVIEW,9.213
2024-12-10 17:15:00,773996,134,W,ML,517,55.3,114,58.7,125,56.8,110,55.3,102,53.1,66,49.5,,,34.145076,-118.215608,FM 2 NB TO 134 EB,9.573
2024-12-10 17:15:00,773998,134,W,HV,123,60.5,123,60.5,,,,,,,,,,,34.145076,-118.215608,FM 2 NB TO 134 EB,9.573
2024-12-10 17:15:00,774012,134,W,ML,517,54.7,108,59.3,157,56.3,139,53.4,113,49.8,,,,,34.148107,-118.197509,TOWNSEND,10.643
2024-12-10 17:15:00,774014,134,W,HV,123,60.5,123,60.5,,,,,,,,,,,34.148107,-118.197509,TOWNSEND,10.643
2024-12-10 17:15:00,774032,134,W,ML,123,60.5,26,65.6,37,62.3,33,59.1,27,55.1,,,,,34.141843,-118.182666,COLORADO,11.623
2024-12-10 17:15:00,774034,134,W,HV,123,60.5,123,60.5,,,,,,,,,,,34.141843,-118.182666,COLORADO,11.623
2024-12-10 17:15:00,774053,134,W,ML,123,60.5,26,65.6,37,62.3,33,59.1,27,55.1,,,,,34.15084,-118.234258,FM 2 SB TO 134,8.403
2024-12-10 17:15:00,774055,134,W,HV,123,60.5,123,60.5,,,,,,,,,,,34.15084,-118.234258,FM 2 SB TO 134,8.403
2024-12-10 17:20:00,716551,134,W,ML,432,52.7,118,56.8,117,53.9,102,50.4,95,48.7,,,,,34.154235,-118.274159,SAN FERNANDO,5.983
2024-12-10 17:20:00,716554,134,W,ML,447,52.7,64,77.5,132,54.5,122,50.3,129,40.8,,,,,34.156198,-118.265345,PACIFIC,6.503
2024-12-10 17:20:00,717099,134,W,ML,546,54.3,141,60.9,131,57.2,124,52.8,150,46.7,,,,,34.156447,-118.245195,GLENDALE 1,7.673
2024-12-10 17:20:00,717582,134,W,ML,426,53.5,132,58.1,76,51.2,106,55.1,112,48.1,,,,,34.156458,-118.262159,CENTRAL,6.693
2024-12-10 17:20:00,717590,134,W,ML,124,60.4,26,65.5,38,62.2,33,59.0,27,55.0,,,,,34.148123,-118.229499,HARVEY,8.743
2024-12-10 17:20:00,717597,134,W,ML,124,60.4,26,65.5,38,62.2,33,59.0,27,55.0,,,,,34.142674,-118.184801,FIGUEROA,11.473
2024-12-10 17:20:00,717599,134,W,ML,511,53.6,107,58.1,155,55.2,137,52.4,112,48.8,,,,,34.142896,-118.172193,SAN RAFAEL,12.253
2024-12-10 17:20:00,717603,134,W,ML,123,61.0,27,64.9,30,62.7,26,61.0,24,58.7,16,54.7,,,34.146519,-118.162409,ORANGE GROVE,12.763
2024-12-10 17:20:00,717604,134,W,HV,124,60.4,124,60.4,,,,,,,,,,,34.146519,-118.162409,ORANGE GROVE,12.763
2024-12-10 17:20:00,761035,134,W,HV,124,60.4,124,60.4,,,,,,,,,,,34.148123,-118.229499,HARVEY,8.743
2024-12-10 17:20:00,761038,134,W,HV,124,60.4,124,60.4,,,,,,,,,,,34.156447,-118.245195,GLENDALE 1,7.673
2024-12-10 17:20:00,761041,134,W,HV,124,60.4,124,60.4,,,,,,,,,,,34.156458,-118.262159,CENTRAL,6.693
2024-12-10 17:20:00,761044,134,W,HV,124,60.4,124,60.4,,,,,,,,,,,34.156198,-118.265345,PACIFIC,6.503
2024-12-10 17:20:00,763610,134,W,HV,124,60.4,124,60.4,,,,,,,,,,,34.142896,-118.172193,SAN RAFAEL,12.253
2024-12-10 17:20:00,763612,134,W,HV,124,60.4,124,60.4,,,,,,,,,,,34.142674,-118.184801,FIGUEROA,11.473
2024-12-10 17:20:00,773975,134,W,ML,124,60.4,26,65.5,38,62.2,33,59.0,27,55.0,,,,,34.14568,-118.221874,OAKVIEW,9.213
2024-12-10 17:20:00,773977,134,W,HV,124,60.4,124,60.4,,,,,,,,,,,34.14568,-118.221874,OAKVIEW,9.213
2024-12-10 17:20:00,773996,134,W,ML,511,54.1,113,57.6,123,55.7,109,54.2,101,52.1,65,48.5,,,34.145076,-118.215608,FM 2 NB TO 134 EB,9.573
2024-12-10 17:20:00,773998,134,W,HV,124,60.4,124,60.4,,,,,,,,,,,34.145076,-118.215608,FM 2 NB TO 134 EB,9.573
2024-12-10 17:20:00,774012,134,W,ML,511,53.6,107,58.1,155,55.2,137,52.4,112,48.8,,,,,34.148107,-118.197509,TOWNSEND,10.643
2024-12-10 17:20:00,774014,134,W,HV,124,60.4,124,60.4,,,,,,,,,,,34.148107,-118.197509,TOWNSEND,10.643
2024-12-10 17:20:00,774032,134,W,ML,124,60.4,26,65.5,38,62.2,33,59.0,27,55.0,,,,,34.141843,-118.182666,COLORADO,11.623
2024-12-10 17:20:00,774034,134,W,HV,124,60.4,124,60.4,,,,,,,,,,,34.141843,-118.182666,COLORADO,11.623
2024-12-10 17:20:00,774053,134,W,ML,124,60.4,26,65.5,38,62.2,33,59.0,27,55.0,,,,,34.15084,-118.234258,FM 2 SB TO 134,8.403
2024-12-10 17:20:00,774055,134,W,HV,124,60.4,124,60.4,,,,,,,,,,,34.15084,-118.234258,FM 2 SB TO 134,8.403
2024-12-10 17:25:00,716551,134,W,ML,391,53.0,107,57.1,106,54.3,92,50.7,86,48.9,,,,,34.154235,-118.274159,SAN FERNANDO,5.983
2024-12-10 17:25:00,716554,134,W,ML,408,53.7,73,76.3,110,54.9,96,49.9,129,42.7,,,,,34.156198,-118.265345,PACIFIC,6.503
2024-12-10 17:25:00,717099,134,W,ML,513,54.0,131,60.7,122,57.1,117,52.6,143,46.5,,,,,34.156447,-118.245195,GLENDALE 1,7.673
2024-12-10 17:25:00,717582,134,W,ML,407,53.2,117,59.0,74,50.9,96,53.7,120,48.6,,,,,34.156458,-118.262159,CENTRAL,6.693
2024-12-10 17:25:00,717590,134,W,ML,123,60.2,26,65.3,37,61.9,33,58.8,27,54.8,,,,,34.148123,-118.229499,HARVEY,8.743
2024-12-10 17:25:00,717597,134,W,ML,123,60.2,26,65.3,37,61.9,33,58.8,27,54.8,,,,,34.142674,-118.184801,FIGUEROA,11.473
2024-12-10 17:25:00,717599,134,W,ML,508,52.6,106,57.0,154,54.1,136,51.4,112,47.9,,,,,34.142896,-118.172193,SAN RAFAEL,12.253
2024-12-10 17:25:00,717603,134,W,ML,123,60.8,27,64.6,30,62.5,26,60.8,24,58.5,16,54.5,,,34.146519,-118.162409,ORANGE GROVE,12.763
2024-12-10 17:25:00,717604,134,W,HV,123,60.2,123,60.2,,,,,,,,,,,34.146519,-118.162409,ORANGE GROVE,12.763
2024-12-10 17:25:00,761035,134,W,HV,123,60.2,123,60.2,,,,,,,,,,,34.148123,-118.229499,HARVEY,8.743
2024-12-10 17:25:00,761038,134,W,HV,123,60.2,123,60.2,,,,,,,,,,,34.156447,-118.245195,GLENDALE 1,7.673
2024-12-10 17:25:00,761041,134,W,HV,123,60.2,123,60.2,,,,,,,,,,,34.156458,-118.262159,CENTRAL,6.693
2024-12-10 17:25:00,761044,134,W,HV,123,60.2,123,60.2,,,,,,,,,,,34.156198,-118.265345,PACIFIC,6.503
2024-12-10 17:25:00,763610,134,W,HV,123,60.2,123,60.2,,,,,,,,,,,34.142896,-118.172193,SAN RAFAEL,12.253
2024-12-10 17:25:00,763612,134,W,HV,123,60.2,123,60.2,,,,,,,,,,,34.142674,-118.184801,FIGUEROA,11.473
2024-12-10 17:25:00,773975,134,W,ML,123,60.2,26,65.3,37,61.9,33,58.8,27,54.8,,,,,34.14568,-118.221874,OAKVIEW,9.213
2024-12-10 17:25:00,773977,134,W,HV,123,60.2,123,60.2,,,,,,,,,,,34.14568,-118.221874,OAKVIEW,9.213
2024-12-10 17:25:00,773996,134,W,ML,507,53.1,112,56.5,122,54.6,108,53.2,100,51.1,65,47.6,,,34.145076,-118.215608,FM 2 NB TO 134 EB,9.573
2024-12-10 17:25:00,773998,134,W,HV,123,60.2,123,60.2,,,,,,,,,,,34.145076,-118.215608,FM 2 NB TO 134 EB,9.573
2024-12-10 17:25:00,774012,134,W,ML,508,52.6,106,57.0,154,54.1,136,51.4,112,47.9,,,,,34.148107,-118.197509,TOWNSEND,10.643
2024-12-10 17:25:00,774014,134,W,HV,123,60.2,123,60.2,,,,,,,,,,,34.148107,-118.197509,TOWNSEND,10.643
2024-12-10 17:25:00,774032,134,W,ML,123,60.2,26,65.3,37,61.9,33,58.8,27,54.8,,,,,34.141843,-118.182666,COLORADO,11.623
2024-12-10 17:25:00,774034,134,W,HV,123,60.2,123,60.2,,,,,,,,,,,34.141843,-118.182666,COLORADO,11.623
2024-12-10 17:25:00,774053,134,W,ML,123,60.2,26,65.3,37,61.9,33,58.8,27,54.8,,,,,34.15084,-118.234258,FM 2 SB TO 134,8.403
2024-12-10 17:25:00,774055,134,W,HV,123,60.2,123,60.2,,,,,,,,,,,34.15084,-118.234258,FM 2 SB TO 134,8.403
2024-12-10 17:30:00,716551,134,W,ML,453,52.6,125,56.6,123,53.8,106,50.3,99,48.5,,,,,34.154235,-118.274159,SAN FERNANDO,5.983
2024-12-10 17:30:00,716554,134,W,ML,454,52.6,61,74.4,145,54.3,114,50.2,134,42.9,,,,,34.156198,-118.265345,PACIFIC,6.503
2024-12-10 17:30:00,717099,134,W,ML,490,54.8,126,61.4,117,57.8,112,53.3,135,47.2,,,,,34.156447,-118.245195,GLENDALE 1,7.673
2024-12-10 17:30:00,717582,134,W,ML,423,53.3,137,57.6,76,52.1,110,53.0,100,48.8,,,,,34.156458,-118.262159,CENTRAL,6.693
2024-12-10 17:30:00,717590,134,W,ML,123,60.1,26,65.2,37,61.8,33,58.7,27,54.7,,,,,34.148123,-118.229499,HARVEY,8.743
2024-12-10 17:30:00,717597,134,W,ML,123,60.1,26,65.2,37,61.8,33,58.7,27,54.7,,,,,34.142674,-118.184801,FIGUEROA,11.473
2024-12-10 17:30:00,717599,134,W,ML,502,52.3,105,56.7,152,53.8,135,51.1,110,47.6,,,,,34.142896,-118.172193,SAN RAFAEL,12.253
2024-12-10 17:30:00,717603,134,W,ML,123,60.7,27,64.5,30,62.4,26,60.7,24,58.4,16,54.4,,,34.146519,-118.162409,ORANGE GROVE,12.763
2024-12-10 17:30:00,717604,134,W,HV,123,60.1,123,60.1,,,,,,,,,,,34.146519,-118.162409,ORANGE GROVE,12.763
2024-12-10 17:30:00,761035,134,W,HV,123,60.1,123,60.1,,,,,,,,,,,34.148123,-118.229499,HARVEY,8.743
2024-12-10 17:30:00,761038,134,W,HV,123,60.1,123,60.1,,,,,,,,,,,34.156447,-118.245195,GLENDALE 1,7.673
2024-12-10 17:30:00,761041,134,W,HV,123,60.1,123,60.1,,,,,,,,,,,34.156458,-118.262159,CENTRAL,6.693
2024-12-10 17:30:00,761044,134,W,HV,123,60.1,123,60.1,,,,,,,,,,,34.156198,-118.265345,PACIFIC,6.503
2024-12-10 17:30:00,763610,134,W,HV,123,60.1,123,60.1,,,,,,,,,,,34.142896,-118.172193,SAN RAFAEL,12.253
2024-12-10 17:30:00,763612,134,W,HV,123,60.1,123,60.1,,,,,,,,,,,34.142674,-118.184801,FIGUEROA,11.473
2024-12-10 17:30:00,773975,134,W,ML,123,60.1,26,65.2,37,61.8,33,58.7,27,54.7,,,,,34.14568,-118.221874,OAKVIEW,9.213
2024-12-10 17:30:00,773977,134,W,HV,123,60.1,123,60.1,,,,,,,,,,,34.14568,-118.221874,OAKVIEW,9.213
2024-12-10 17:30:00,773996,134,W,ML,502,52.8,111,56.2,121,54.3,107,52.9,99,50.8,64,47.4,,,34.145076,-118.215608,FM 2 NB TO 134 EB,9.573
2024-12-10 17:30:00,773998,134,W,HV,123,60.1,123,60.1,,,,,,,,,,,34.145076,-118.215608,FM 2 NB TO 134 EB,9.573
2024-12-10 17:30:00,774012,134,W,ML,502,52.3,105,56.7,152,53.8,135,51.1,110,47.6,,,,,34.148107,-118.197509,TOWNSEND,10.643
2024-12-10 17:30:00,774014,134,W,HV,123,60.1,123,60.1,,,,,,,,,,,34.148107,-118.197509,TOWNSEND,10.643
2024-12-10 17:30:00,774032,134,W,ML,123,60.1,26,65.2,37,61.8,33,58.7,27,54.7,,,,,34.141843,-118.182666,COLORADO,11.623
2024-12-10 17:30:00,774034,134,W,HV,123,60.1,123,60.1,,,,,,,,,,,34.141843,-118.182666,COLORADO,11.623
2024-12-10 17:30:00,774053,134,W,ML,123,60.1,26,65.2,37,61.8,33,58.7,27,54.7,,,,,34.15084,-118.234258,FM 2 SB TO 134,8.403
2024-12-10 17:30:00,774055,134,W,HV,123,60.1,123,60.1,,,,,,,,,,,34.15084,-118.234258,FM 2 SB TO 134,8.403
2024-12-10 17:35:00,716551,134,W,ML,379,50.3,103,54.8,103,51.8,89,47.4,84,46.0,,,,,34.154235,-118.274159,SAN FERNANDO,5.983
2024-12-10 17:35:00,716554,134,W,ML,362,52.9,48,74.3,106,55.0,95,49.4,113,44.8,,,,,34.156198,-118.265345,PACIFIC,6.503
2024-12-10 17:35:00,717099,134,W,ML,385,55.8,97,62.5,92,58.8,89,54.3,107,48.3,,,,,34.156447,-118.245195,GLENDALE 1,7.673
2024-12-10 17:35:00,717582,134,W,ML,345,54.8,108,60.6,71,53.9,88,54.3,78,48.2,,,,,34.156458,-118.262159,CENTRAL,6.693
2024-12-10 17:35:00,717590,134,W,ML,124,60.3,26,65.4,38,62.0,33,58.9,27,54.9,,,,,34.148123,-118.229499,HARVEY,8.743
2024-12-10 17:35:00,717597,134,W,ML,124,60.3,26,65.4,38,62.0,33,58.9,27,54.9,,,,,34.142674,-118.184801,FIGUEROA,11.473
2024-12-10 17:35:00,717599,134,W,ML,503,52.5,105,56.9,153,54.0,135,51.3,110,47.8,,,,,34.142896,-118.172193,SAN RAFAEL,12.253
2024-12-10 17:35:00,717603,134,W,ML,123,60.9,27,64.8,30,62.6,26,60.9,24,58.6,16,54.6,,,34.146519,-118.162409,ORANGE GROVE,12.763
2024-12-10 17:35:00,717604,134,W,HV,124,60.3,124,60.3,,,,,,,,,,,34.146519,-118.162409,ORANGE GROVE,12.763
2024-12-10 17:35:00,761035,134,W,HV,124,60.3,124,60.3,,,,,,,,,,,34.148123,-118.229499,HARVEY,8.743
2024-12-10 17:35:00,761038,134,W,HV,124,60.3,124,60.3,,,,,,,,,,,34.156447,-118.245195,GLENDALE 1,7.673
2024-12-10 17:35:00,761041,134,W,HV,124,60.3,124,60.3,,,,,,,,,,,34.156458,-118.262159,CENTRAL,6.693
2024-12-10 17:35:00,761044,134,W,HV,124,60.3,124,60.3,,,,,,,,,,,34.156198,-118.265345,PACIFIC,6.503
2024-12-10 17:35:00,763610,134,W,HV,124,60.3,124,60.3,,,,,,,,,,,34.142896,-118.172193,SAN RAFAEL,12.253
2024-12-10 17:35:00,763612,134,W,HV,124,60.3,124,60.3,,,,,,,,,,,34.142674,-118.184801,FIGUEROA,11.473
2024-12-10 17:35:00,773975,134,W,ML,124,60.3,26,65.4,38,62.0,33,58.9,27,54.9,,,,,34.14568,-118.221874,OAKVIEW,9.213
2024-12-10 17:35:00,773977,134,W,HV,124,60.3,124,60.3,,,,,,,,,,,34.14568,-118.221874,OAKVIEW,9.213
2024-12-10 17:35:00,773996,134,W,ML,502,53.0,111,56.4,121,54.5,107,53.1,99,51.0,64,47.5,,,34.145076,-118.215608,FM 2 NB TO 134 EB,9.573
2024-12-10 17:35:00,773998,134,W,HV,124,60.3,124,60.3,,,,,,,,,,,34.145076,-118.215608,FM 2 NB TO 134 EB,9.573
2024-12-10 17:35:00,774012,134,W,ML,503,52.5,105,56.9,153,54.0,135,51.3,110,47.8,,,,,34.148107,-118.197509,TOWNSEND,10.643
2024-12-10 17:35:00,774014,134,W,HV,124,60.3,124,60.3,,,,,,,,,,,34.148107,-118.197509,TOWNSEND,10.643
2024-12-10 17:35:00,774032,134,W,ML,124,60.3,26,65.4,38,62.0,33,58.9,27,54.9,,,,,34.141843,-118.182666,COLORADO,11.623
2024-12-10 17:35:00,774034,134,W,HV,124,60.3,124,60.3,,,,,,,,,,,34.141843,-118.182666,COLORADO,11.623
2024-12-10 17:35:00,774053,134,W,ML,124,60.3,26,65.4,38,62.0,33,58.9,27,54.9,,,,,34.15084,-118.234258,FM 2 SB TO 134,8.403
2024-12-10 17:35:00,774055,134,W,HV,124,60.3,124,60.3,,,,,,,,,,,34.15084,-118.234258,FM 2 SB TO 134,8.403
2024-12-10 17:40:00,716551,134,W,ML,401,49.2,110,53.6,109,50.7,94,46.3,88,45.0,,,,,34.154235,-118.274159,SAN FERNANDO,5.983
2024-12-10 17:40:00,716554,134,W,ML,416,53.2,72,72.1,123,55.3,94,49.3,127,43.4,,,,,34.156198,-118.265345,PACIFIC,6.503
2024-12-10 17:40:00,717099,134,W,ML,538,55.2,139,61.8,129,58.1,122,53.7,148,47.7,,,,,34.156447,-118.245195,GLENDALE 1,7.673
2024-12-10 17:40:00,717582,134,W,ML,422,54.5,123,60.2,83,52.8,106,55.4,110,48.5,,,,,34.156458,-118.262159,CENTRAL,6.693
2024-12-10 17:40:00,717590,134,W,ML,123,60.5,26,65.6,37,62.3,33,59.1,27,55.1,,,,,34.148123,-118.229499,HARVEY,8.743
2024-12-10 17:40:00,717597,134,W,ML,123,60.5,26,65.6,37,62.3,33,59.1,27,55.1,,,,,34.142674,-118.184801,FIGUEROA,11.473
2024-12-10 17:40:00,717599,134,W,ML,505,52.8,106,57.2,153,54.3,135,51.6,111,48.1,,,,,34.142896,-118.172193,SAN RAFAEL,12.253
2024-12-10 17:40:00,717603,134,W,ML,123,61.1,27,65.0,30,62.8,26,61.1,24,58.8,16,54.8,,,34.146519,-118.162409,ORANGE GROVE,12.763
2024-12-10 17:40:00,717604,134,W,HV,123,60.5,123,60.5,,,,,,,,,,,34.146519,-118.162409,ORANGE GROVE,12.763
2024-12-10 17:40:00,761035,134,W,HV,123,60.5,123,60.5,,,,,,,,,,,34.148123,-118.229499,HARVEY,8.743
2024-12-10 17:40:00,761038,134,W,HV,123,60.5,123,60.5,,,,,,,,,,,34.156447,-118.245195,GLENDALE 1,7.673
2024-12-10 17:40:00,761041,134,W,HV,123,60.5,123,60.5,,,,,,,,,,,34.156458,-118.262159,CENTRAL,6.693
2024-12-10 17:40:00,761044,134,W,HV,123,60.5,123,60.5,,,,,,,,,,,34.156198,-118.265345,PACIFIC,6.503
2024-12-10 17:40:00,763610,134,W,HV,123,60.5,123,60.5,,,,,,,,,,,34.142896,-118.172193,SAN RAFAEL,12.253
2024-12-10 17:40:00,763612,134,W,HV,123,60.5,123,60.5,,,,,,,,,,,34.142674,-118.184801,FIGUEROA,11.473
2024-12-10 17:40:00,773975,134,W,ML,123,60.5,26,65.6,37,62.3,33,59.1,27,55.1,,,,,34.14568,-118.221874,OAKVIEW,9.213
2024-12-10 17:40:00,773977,134,W,HV,123,60.5,123,60.5,,,,,,,,,,,34.14568,-118.221874,OAKVIEW,9.213
2024-12-10 17:40:00,773996,134,W,ML,506,53.3,112,56.7,122,54.8,108,53.4,100,51.3,64,47.8,,,34.145076,-118.215608,FM 2 NB TO 134 EB,9.573
2024-12-10 17:40:00,773998,134,W,HV,123,60.5,123,60.5,,,,,,,,,,,34.145076,-118.215608,FM 2 NB TO 134 EB,9.573
2024-12-10 17:40:00,774012,134,W,ML,505,52.8,106,57.2,153,54.3,135,51.6,111,48.1,,,,,34.148107,-118.197509,TOWNSEND,10.643
2024-12-10 17:40:00,774014,134,W,HV,123,60.5,123,60.5,,,,,,,,,,,34.148107,-118.197509,TOWNSEND,10.643
2024-12-10 17:40:00,774032,134,W,ML,123,60.5,26,65.6,37,62.3,33,59.1,27,55.1,,,,,34.141843,-118.182666,COLORADO,11.623
2024-12-10 17:40:00,774034,134,W,HV,123,60.5,123,60.5,,,,,,,,,,,34.141843,-118.182666,COLORADO,11.623
2024-12-10 17:40:00,774053,134,W,ML,123,60.5,26,65.6,37,62.3,33,59.1,27,55.1,,,,,34.15084,-118.234258,FM 2 SB TO 134,8.403
2024-12-10 17:40:00,774055,134,W,HV,123,60.5,123,60.5,,,,,,,,,,,34.15084,-118.234258,FM 2 SB TO 134,8.403
2024-12-10 17:45:00,716551,134,W,ML,381,47.3,103,51.7,104,48.7,90,44.4,84,43.3,,,,,34.154235,-118.274159,SAN FERNANDO,5.983
2024-12-10 17:45:00,716554,134,W,ML,404,51.9,57,72.0,116,55.3,106,50.2,125,41.0,,,,,34.156198,-118.265345,PACIFIC,6.503
2024-12-10 17:45:00,717099,134,W,ML,504,54.1,129,60.7,121,57.1,115,52.6,139,46.5,,,,,34.156447,-118.245195,GLENDALE 1,7.673
2024-12-10 17:45:00,717582,134,W,ML,415,53.5,123,59.6,89,50.9,100,54.2,103,47.8,,,,,34.156458,-118.262159,CENTRAL,6.693
2024-12-10 17:45:00,717590,134,W,ML,123,60.6,26,65.7,37,62.4,33,59.2,27,55.2,,,,,34.148123,-118.229499,HARVEY,8.743
2024-12-10 17:45:00,717597,134,W,ML,123,60.6,26,65.7,37,62.4,33,59.2,27,55.2,,,,,34.142674,-118.184801,FIGUEROA,11.473
2024-12-10 17:45:00,717599,134,W,ML,501,53.1,105,57.6,152,54.6,134,51.9,110,48.3,,,,,34.142896,-118.172193,SAN RAFAEL,12.253
2024-12-10 17:45:00,717603,134,W,ML,123,61.2,27,65.1,30,62.9,26,61.2,24,58.9,16,54.9,,,34.146519,-118.162409,ORANGE GROVE,12.763
2024-12-10 17:45:00,717604,134,W,HV,123,60.6,123,60.6,,,,,,,,,,,34.146519,-118.162409,ORANGE GROVE,12.763
2024-12-10 17:45:00,761035,134,W,HV,123,60.6,123,60.6,,,,,,,,,,,34.148123,-118.229499,HARVEY,8.743
2024-12-10 17:45:00,761038,134,W,HV,123,60.6,123,60.6,,,,,,,,,,,34.156447,-118.245195,GLENDALE 1,7.673
2024-12-10 17:45:00,761041,134,W,HV,123,60.6,123,60.6,,,,,,,,,,,34.156458,-118.262159,CENTRAL,6.693
2024-12-10 17:45:00,761044,134,W,HV,123,60.6,123,60.6,,,,,,,,,,,34.156198,-118.265345,PACIFIC,6.503
2024-12-10 17:45:00,763610,134,W,HV,123,60.6,123,60.6,,,,,,,,,,,34.142896,-118.172193,SAN RAFAEL,12.253
2024-12-10 17:45:00,763612,134,W,HV,123,60.6,123,60.6,,,,,,,,,,,34.142674,-118.184801,FIGUEROA,11.473
2024-12-10 17:45:00,773975,134,W,ML,123,60.6,26,65.7,37,62.4,33,59.2,27,55.2,,,,,34.14568,-118.221874,OAKVIEW,9.213
2024-12-10 17:45:00,773977,134,W,HV,123,60.6,123,60.6,,,,,,,,,,,34.14568,-118.221874,OAKVIEW,9.213
2024-12-10 17:45:00,773996,134,W,ML,502,53.6,111,57.0,121,55.2,107,53.7,99,51.6,64,48.1,,,34.145076,-118.215608,FM 2 NB TO 134 EB,9.573
2024-12-10 17:45:00,773998,134,W,HV,123,60.6,123,60.6,,,,,,,,,,,34.145076,-118.215608,FM 2 NB TO 134 EB,9.573
2024-12-10 17:45:00,774012,134,W,ML,501,53.1,105,57.6,152,54.6,134,51.9,110,48.3,,,,,34.148107,-118.197509,TOWNSEND,10.643
2024-12-10 17:45:00,774014,134,W,HV,123,60.6,123,60.6,,,,,,,,,,,34.148107,-118.197509,TOWNSEND,10.643
2024-12-10 17:45:00,774032,134,W,ML,123,60.6,26,65.7,37,62.4,33,59.2,27,55.2,,,,,34.141843,-118.182666,COLORADO,11.623
2024-12-10 17:45:00,774034,134,W,HV,123,60.6,123,60.6,,,,,,,,,,,34.141843,-118.182666,COLORADO,11.623
2024-12-10 17:45:00,774053,134,W,ML,123,60.6,26,65.7,37,62.4,33,59.2,27,55.2,,,,,34.15084,-118.234258,FM 2 SB TO 134,8.403
2024-12-10 17:45:00,774055,134,W,HV,123,60.6,123,60.6,,,,,,,,,,,34.15084,-118.234258,FM 2 SB TO 134,8.403
2024-12-10 17:50:00,716551,134,W,ML,375,51.3,101,55.2,102,52.3,89,49.1,83,47.6,,,,,34.154235,-118.274159,SAN FERNANDO,5.983
2024-12-10 17:50:00,716554,134,W,ML,403,50.7,52,71.0,119,54.7,104,48.8,128,40.2,,,,,34.156198,-118.265345,PACIFIC,6.503
2024-12-10 17:50:00,717099,134,W,ML,518,46.2,133,52.6,124,49.4,118,45.3,143,38.2,,,,,34.156447,-118.245195,GLENDALE 1,7.673
2024-12-10 17:50:00,717582,134,W,ML,418,48.2,117,58.6,93,37.3,102,51.3,106,43.4,,,,,34.156458,-118.262159,CENTRAL,6.693
2024-12-10 17:50:00,717590,134,W,ML,123,60.7,26,65.8,37,62.5,33,59.3,27,55.2,,,,,34.148123,-118.229499,HARVEY,8.743
2024-12-10 17:50:00,717597,134,W,ML,123,60.7,26,65.8,37,62.5,33,59.3,27,55.2,,,,,34.142674,-118.184801,FIGUEROA,11.473
2024-12-10 17:50:00,717599,134,W,ML,497,53.7,104,58.2,151,55.3,133,52.5,109,48.9,,,,,34.142896,-118.172193,SAN RAFAEL,12.253
2024-12-10 17:50:00,717603,134,W,ML,121,61.3,27,65.2,29,63.0,26,61.3,24,59.0,15,55.0,,,34.146519,-118.162409,ORANGE GROVE,12.763
2024-12-10 17:50:00,717604,134,W,HV,122,60.7,122,60.7,,,,,,,,,,,34.146519,-118.162409,ORANGE GROVE,12.763
2024-12-10 17:50:00,761035,134,W,HV,122,60.7,122,60.7,,,,,,,,,,,34.148123,-118.229499,HARVEY,8.743
2024-12-10 17:50:00,761038,134,W,HV,122,60.7,122,60.7,,,,,,,,,,,34.156447,-118.245195,GLENDALE 1,7.673
2024-12-10 17:50:00,761041,134,W,HV,122,60.7,122,60.7,,,,,,,,,,,34.156458,-118.262159,CENTRAL,6.693
2024-12-10 17:50:00,761044,134,W,HV,122,60.7,122,60.7,,,,,,,,,,,34.156198,-118.265345,PACIFIC,6.503
2024-12-10 17:50:00,763610,134,W,HV,122,60.7,122,60.7,,,,,,,,,,,34.142896,-118.172193,SAN RAFAEL,12.253
2024-12-10 17:50:00,763612,134,W,HV,122,60.7,122,60.7,,,,,,,,,,,34.142674,-118.184801,FIGUEROA,11.473
2024-12-10 17:50:00,773975,134,W,ML,123,60.7,26,65.8,37,62.5,33,59.3,27,55.2,,,,,34.14568,-118.221874,OAKVIEW,9.213
2024-12-10 17:50:00,773977,134,W,HV,122,60.7,122,60.7,,,,,,,,,,,34.14568,-118.221874,OAKVIEW,9.213
2024-12-10 17:50:00,773996,134,W,ML,497,54.3,110,57.7,120,55.8,106,54.3,98,52.2,63,48.6,,,34.145076,-118.215608,FM 2 NB TO 134 EB,9.573
2024-12-10 17:50:00,773998,134,W,HV,122,60.7,122,60.7,,,,,,,,,,,34.145076,-118.215608,FM 2 NB TO 134 EB,9.573
2024-12-10 17:50:00,774012,134,W,ML,497,53.7,104,58.2,151,55.3,133,52.5,109,48.9,,,,,34.148107,-118.197509,TOWNSEND,10.643
2024-12-10 17:50:00,774014,134,W,HV,122,60.7,122,60.7,,,,,,,,,,,34.148107,-118.197509,TOWNSEND,10.643
2024-12-10 17:50:00,774032,134,W,ML,123,60.7,26,65.8,37,62.5,33,59.3,27,55.2,,,,,34.141843,-118.182666,COLORADO,11.623
2024-12-10 17:50:00,774034,134,W,HV,122,60.7,122,60.7,,,,,,,,,,,34.141843,-118.182666,COLORADO,11.623
2024-12-10 17:50:00,774053,134,W,ML,123,60.7,26,65.8,37,62.5,33,59.3,27,55.2,,,,,34.15084,-118.234258,FM 2 SB TO 134,8.403
2024-12-10 17:50:00,774055,134,W,HV,122,60.7,122,60.7,,,,,,,,,,,34.15084,-118.234258,FM 2 SB TO 134,8.403
2024-12-10 17:55:00,716551,134,W,ML,371,52.9,101,57.0,101,54.2,87,50.6,82,48.8,,,,,34.154235,-118.274159,SAN FERNANDO,5.983
2024-12-10 17:55:00,716554,134,W,ML,365,51.9,51,73.5,103,54.8,87,50.2,124,41.9,,,,,34.156198,-118.265345,PACIFIC,6.503
2024-12-10 17:55:00,717099,134,W,ML,416,41.6,105,48.0,100,45.0,95,41.0,116,33.3,,,,,34.156447,-118.245195,GLENDALE 1,7.673
2024-12-10 17:55:00,717582,134,W,ML,369,46.2,109,58.4,76,29.4,79,51.3,105,41.9,,,,,34.156458,-118.262159,CENTRAL,6.693
2024-12-10 17:55:00,717590,134,W,ML,123,61.0,26,66.1,37,62.8,33,59.6,27,55.5,,,,,34.148123,-118.229499,HARVEY,8.743
2024-12-10 17:55:00,717597,134,W,ML,123,61.0,26,66.1,37,62.8,33,59.6,27,55.5,,,,,34.142674,-118.184801,FIGUEROA,11.473
2024-12-10 17:55:00,717599,134,W,ML,493,55.2,103,59.8,150,56.8,132,53.9,108,50.2,,,,,34.142896,-118.172193,SAN RAFAEL,12.253
2024-12-10 17:55:00,717603,134,W,ML,121,61.6,27,65.5,29,63.4,26,61.7,24,59.3,15,55.2,,,34.146519,-118.162409,ORANGE GROVE,12.763
2024-12-10 17:55:00,717604,134,W,HV,122,61.0,122,61.0,,,,,,,,,,,34.146519,-118.162409,ORANGE GROVE,12.763
2024-12-10 17:55:00,761035,134,W,HV,122,61.0,122,61.0,,,,,,,,,,,34.148123,-118.229499,HARVEY,8.743
2024-12-10 17:55:00,761038,134,W,HV,122,61.0,122,61.0,,,,,,,,,,,34.156447,-118.245195,GLENDALE 1,7.673
2024-12-10 17:55:00,761041,134,W,HV,122,61.0,122,61.0,,,,,,,,,,,34.156458,-118.262159,CENTRAL,6.693
2024-12-10 17:55:00,761044,134,W,HV,122,61.0,122,61.0,,,,,,,,,,,34.156198,-118.265345,PACIFIC,6.503
2024-12-10 17:55:00,763610,134,W,HV,122,61.0,122,61.0,,,,,,,,,,,34.142896,-118.172193,SAN RAFAEL,12.253
2024-12-10 17:55:00,763612,134,W,HV,122,61.0,122,61.0,,,,,,,,,,,34.142674,-118.184801,FIGUEROA,11.473
2024-12-10 17:55:00,773975,134,W,ML,123,61.0,26,66.1,37,62.8,33,59.6,27,55.5,,,,,34.14568,-118.221874,OAKVIEW,9.213
2024-12-10 17:55:00,773977,134,W,HV,122,61.0,122,61.0,,,,,,,,,,,34.14568,-118.221874,OAKVIEW,9.213
2024-12-10 17:55:00,773996,134,W,ML,493,55.8,109,59.3,119,57.3,105,55.8,97,53.6,63,50.0,,,34.145076,-118.215608,FM 2 NB TO 134 EB,9.573
2024-12-10 17:55:00,773998,134,W,HV,122,61.0,122,61.0,,,,,,,,,,,34.145076,-118.215608,FM 2 NB TO 134 EB,9.573
2024-12-10 17:55:00,774012,134,W,ML,493,55.2,103,59.8,150,56.8,132,53.9,108,50.2,,,,,34.148107,-118.197509,TOWNSEND,10.643
2024-12-10 17:55:00,774014,134,W,HV,122,61.0,122,61.0,,,,,,,,,,,34.148107,-118.197509,TOWNSEND,10.643
2024-12-10 17:55:00,774032,134,W,ML,123,61.0,26,66.1,37,62.8,33,59.6,27,55.5,,,,,34.141843,-118.182666,COLORADO,11.623
2024-12-10 17:55:00,774034,134,W,HV,122,61.0,122,61.0,,,,,,,,,,,34.141843,-118.182666,COLORADO,11.623
2024-12-10 17:55:00,774053,134,W,ML,123,61.0,26,66.1,37,62.8,33,59.6,27,55.5,,,,,34.15084,-118.234258,FM 2 SB TO 134,8.403
2024-12-10 17:55:00,774055,134,W,HV,122,61.0,122,61.0,,,,,,,,,,,34.15084,-118.234258,FM 2 SB TO 134,8.403
2024-12-10 18:00:00,716551,134,W,ML,351,53.1,94,57.2,96,54.4,83,50.8,78,49.0,,,,,34.154235,-118.274159,SAN FERNANDO,5.983
2024-12-10 18:00:00,716554,134,W,ML,373,52.0,53,72.4,102,55.1,97,48.9,121,42.9,,,,,34.156198,-118.265345,PACIFIC,6.503
2024-12-10 18:00:00,717099,134,W,ML,504,44.3,129,50.7,121,47.6,115,43.5,139,36.2,,,,,34.156447,-118.245195,GLENDALE 1,7.673
2024-12-10 18:00:00,717582,134,W,ML,384,46.9,103,58.2,80,34.0,98,51.0,103,41.9,,,,,34.156458,-118.262159,CENTRAL,6.693
2024-12-10 18:00:00,717590,134,W,ML,121,61.4,25,66.6,37,63.2,32,60.0,27,55.9,,,,,34.148123,-118.229499,HARVEY,8.743
2024-12-10 18:00:00,717597,134,W,ML,121,61.4,25,66.6,37,63.2,32,60.0,27,55.9,,,,,34.142674,-118.184801,FIGUEROA,11.473
2024-12-10 18:00:00,717599,134,W,ML,488,56.2,102,60.9,148,57.8,131,54.9,107,51.1,,,,,34.142896,-118.172193,SAN RAFAEL,12.253
2024-12-10 18:00:00,717603,134,W,ML,121,62.1,27,65.9,29,63.8,26,62.1,24,59.6,15,55.6,,,34.146519,-118.162409,ORANGE GROVE,12.763
2024-12-10 18:00:00,717604,134,W,HV,121,61.4,121,61.4,,,,,,,,,,,34.146519,-118.162409,ORANGE GROVE,12.763
2024-12-10 18:00:00,761035,134,W,HV,121,61.4,121,61.4,,,,,,,,,,,34.148123,-118.229499,HARVEY,8.743
2024-12-10 18:00:00,761038,134,W,HV,121,61.4,121,61.4,,,,,,,,,,,34.156447,-118.245195,GLENDALE 1,7.673
2024-12-10 18:00:00,761041,134,W,HV,121,61.4,121,61.4,,,,,,,,,,,34.156458,-118.262159,CENTRAL,6.693
2024-12-10 18:00:00,761044,134,W,HV,121,61.4,121,61.4,,,,,,,,,,,34.156198,-118.265345,PACIFIC,6.503
2024-12-10 18:00:00,763610,134,W,HV,121,61.4,121,61.4,,,,,,,,,,,34.142896,-118.172193,SAN RAFAEL,12.253
2024-12-10 18:00:00,763612,134,W,HV,121,61.4,121,61.4,,,,,,,,,,,34.142674,-118.184801,FIGUEROA,11.473
2024-12-10 18:00:00,773975,134,W,ML,121,61.4,25,66.6,37,63.2,32,60.0,27,55.9,,,,,34.14568,-118.221874,OAKVIEW,9.213
2024-12-10 18:00:00,773977,134,W,HV,121,61.4,121,61.4,,,,,,,,,,,34.14568,-118.221874,OAKVIEW,9.213
2024-12-10 18:00:00,773996,134,W,ML,487,56.8,108,60.3,117,58.4,104,56.8,96,54.6,62,50.9,,,34.145076,-118.215608,FM 2 NB TO 134 EB,9.573
2024-12-10 18:00:00,773998,134,W,HV,121,61.4,121,61.4,,,,,,,,,,,34.145076,-118.215608,FM 2 NB TO 134 EB,9.573
2024-12-10 18:00:00,774012,134,W,ML,488,56.2,102,60.9,148,57.8,131,54.9,107,51.1,,,,,34.148107,-118.197509,TOWNSEND,10.643
2024-12-10 18:00:00,774014,134,W,HV,121,61.4,121,61.4,,,,,,,,,,,34.148107,-118.197509,TOWNSEND,10.643
2024-12-10 18:00:00,774032,134,W,ML,121,61.4,25,66.6,37,63.2,32,60.0,27,55.9,,,,,34.141843,-118.182666,COLORADO,11.623
2024-12-10 18:00:00,774034,134,W,HV,121,61.4,121,61.4,,,,,,,,,,,34.141843,-118.182666,COLORADO,11.623
2024-12-10 18:00:00,774053,134,W,ML,121,61.4,25,66.6,37,63.2,32,60.0,27,55.9,,,,,34.15084,-118.234258,FM 2 SB TO 134,8.403
2024-12-10 18:00:00,774055,134,W,HV,121,61.4,121,61.4,,,,,,,,,,,34.15084,-118.234258,FM 2 SB TO 134,8.403
2024-12-10 18:05:00,716551,134,W,ML,337,52.3,90,56.4,92,53.6,80,50.1,75,48.3,,,,,34.154235,-118.274159,SAN FERNANDO,5.983
2024-12-10 18:05:00,716554,134,W,ML,335,52.0,48,73.7,90,54.0,92,50.9,105,41.2,,,,,34.156198,-118.265345,PACIFIC,6.503
2024-12-10 18:05:00,717099,134,W,ML,424,51.1,108,57.6,102,54.2,97,49.8,117,43.3,,,,,34.156447,-118.245195,GLENDALE 1,7.673
2024-12-10 18:05:00,717582,134,W,ML,328,52.5,86,60.9,75,45.7,81,54.9,86,47.7,,,,,34.156458,-118.262159,CENTRAL,6.693
2024-12-10 18:05:00,717590,134,W,ML,119,61.7,25,66.9,36,63.5,32,60.3,26,56.2,,,,,34.148123,-118.229499,HARVEY,8.743
2024-12-10 18:05:00,717597,134,W,ML,119,61.7,25,66.9,36,63.5,32,60.3,26,56.2,,,,,34.142674,-118.184801,FIGUEROA,11.473
2024-12-10 18:05:00,717599,134,W,ML,490,57.3,102,62.1,149,59.0,131,56.0,108,52.1,,,,,34.142896,-118.172193,SAN RAFAEL,12.253
2024-12-10 18:05:00,717603,134,W,ML,121,62.4,27,66.3,29,64.1,26,62.4,24,59.9,15,55.9,,,34.146519,-118.162409,ORANGE GROVE,12.763
2024-12-10 18:05:00,717604,134,W,HV,120,61.7,120,61.7,,,,,,,,,,,34.146519,-118.162409,ORANGE GROVE,12.763
2024-12-10 18:05:00,761035,134,W,HV,120,61.7,120,61.7,,,,,,,,,,,34.148123,-118.229499,HARVEY,8.743
2024-12-10 18:05:00,761038,134,W,HV,120,61.7,120,61.7,,,,,,,,,,,34.156447,-118.245195,GLENDALE 1,7.673
2024-12-10 18:05:00,761041,134,W,HV,120,61.7,120,61.7,,,,,,,,,,,34.156458,-118.262159,CENTRAL,6.693
2024-12-10 18:05:00,761044,134,W,HV,120,61.7,120,61.7,,,,,,,,,,,34.156198,-118.265345,PACIFIC,6.503
2024-12-10 18:05:00,763610,134,W,HV,120,61.7,120,61.7,,,,,,,,,,,34.142896,-118.172193,SAN RAFAEL,12.253
2024-12-10 18:05:00,763612,134,W,HV,120,61.7,120,61.7,,,,,,,,,,,34.142674,-118.184801,FIGUEROA,11.473
2024-12-10 18:05:00,773975,134,W,ML,119,61.7,25,66.9,36,63.5,32,60.3,26,56.2,,,,,34.14568,-118.221874,OAKVIEW,9.213
2024-12-10 18:05:00,773977,134,W,HV,120,61.7,120,61.7,,,,,,,,,,,34.14568,-118.221874,OAKVIEW,9.213
2024-12-10 18:05:00,773996,134,W,ML,489,57.9,108,61.5,118,59.5,104,57.9,97,55.7,62,51.9,,,34.145076,-118.215608,FM 2 NB TO 134 EB,9.573
2024-12-10 18:05:00,773998,134,W,HV,120,61.7,120,61.7,,,,,,,,,,,34.145076,-118.215608,FM 2 NB TO 134 EB,9.573
2024-12-10 18:05:00,774012,134,W,ML,490,57.3,102,62.1,149,59.0,131,56.0,108,52.1,,,,,34.148107,-118.197509,TOWNSEND,10.643
2024-12-10 18:05:00,774014,134,W,HV,120,61.7,120,61.7,,,,,,,,,,,34.148107,-118.197509,TOWNSEND,10.643
2024-12-10 18:05:00,774032,134,W,ML,119,61.7,25,66.9,36,63.5,32,60.3,26,56.2,,,,,34.141843,-118.182666,COLORADO,11.623
2024-12-10 18:05:00,774034,134,W,HV,120,61.7,120,61.7,,,,,,,,,,,34.141843,-118.182666,COLORADO,11.623
2024-12-10 18:05:00,774053,134,W,ML,119,61.7,25,66.9,36,63.5,32,60.3,26,56.2,,,,,34.15084,-118.234258,FM 2 SB TO 134,8.403
2024-12-10 18:05:00,774055,134,W,HV,120,61.7,120,61.7,,,,,,,,,,,34.15084,-118.234258,FM 2 SB TO 134,8.403
2024-12-10 18:10:00,716551,134,W,ML,365,54.6,99,58.9,99,55.9,86,52.2,81,50.3,,,,,34.154235,-118.274159,SAN FERNANDO,5.983
2024-12-10 18:10:00,716554,134,W,ML,348,55.2,44,74.4,108,57.1,86,53.2,110,47.3,,,,,34.156198,-118.265345,PACIFIC,6.503
2024-12-10 18:10:00,717099,134,W,ML,442,56.0,113,62.6,106,58.9,101,54.4,122,48.5,,,,,34.156447,-118.245195,GLENDALE 1,7.673
2024-12-10 18:10:00,717582,134,W,ML,382,58.3,113,64.5,83,54.2,96,57.5,90,55.3,,,,,34.156458,-118.262159,CENTRAL,6.693
2024-12-10 18:10:00,717590,134,W,ML,123,62.0,26,67.2,37,63.8,33,60.6,27,56.4,,,,,34.148123,-118.229499,HARVEY,8.743
2024-12-10 18:10:00,717597,134,W,ML,123,62.0,26,67.2,37,63.8,33,60.6,27,56.4,,,,,34.142674,-118.184801,FIGUEROA,11.473
2024-12-10 18:10:00,717599,134,W,ML,497,58.2,104,63.1,151,59.9,133,56.8,109,53.0,,,,,34.142896,-118.172193,SAN RAFAEL,12.253
2024-12-10 18:10:00,717603,134,W,ML,121,62.7,27,66.6,29,64.4,26,62.7,24,60.2,15,56.1,,,34.146519,-118.162409,ORANGE GROVE,12.763
2024-12-10 18:10:00,717604,134,W,HV,122,62.0,122,62.0,,,,,,,,,,,34.146519,-118.162409,ORANGE GROVE,12.763
2024-12-10 18:10:00,761035,134,W,HV,122,62.0,122,62.0,,,,,,,,,,,34.148123,-118.229499,HARVEY,8.743
2024-12-10 18:10:00,761038,134,W,HV,122,62.0,122,62.0,,,,,,,,,,,34.156447,-118.245195,GLENDALE 1,7.673
2024-12-10 18:10:00,761041,134,W,HV,122,62.0,122,62.0,,,,,,,,,,,34.156458,-118.262159,CENTRAL,6.693
2024-12-10 18:10:00,761044,134,W,HV,122,62.0,122,62.0,,,,,,,,,,,34.156198,-118.265345,PACIFIC,6.503
2024-12-10 18:10:00,763610,134,W,HV,122,62.0,122,62.0,,,,,,,,,,,34.142896,-118.172193,SAN RAFAEL,12.253
2024-12-10 18:10:00,763612,134,W,HV,122,62.0,122,62.0,,,,,,,,,,,34.142674,-118.184801,FIGUEROA,11.473
2024-12-10 18:10:00,773975,134,W,ML,123,62.0,26,67.2,37,63.8,33,60.6,27,56.4,,,,,34.14568,-118.221874,OAKVIEW,9.213
2024-12-10 18:10:00,773977,134,W,HV,122,62.0,122,62.0,,,,,,,,,,,34.14568,-118.221874,OAKVIEW,9.213
2024-12-10 18:10:00,773996,134,W,ML,497,58.8,110,62.5,120,60.5,106,58.8,98,56.5,63,52.7,,,34.145076,-118.215608,FM 2 NB TO 134 EB,9.573
2024-12-10 18:10:00,773998,134,W,HV,122,62.0,122,62.0,,,,,,,,,,,34.145076,-118.215608,FM 2 NB TO 134 EB,9.573
2024-12-10 18:10:00,774012,134,W,ML,497,58.2,104,63.1,151,59.9,133,56.8,109,53.0,,,,,34.148107,-118.197509,TOWNSEND,10.643
2024-12-10 18:10:00,774014,134,W,HV,122,62.0,122,62.0,,,,,,,,,,,34.148107,-118.197509,TOWNSEND,10.643
2024-12-10 18:10:00,774032,134,W,ML,123,62.0,26,67.2,37,63.8,33,60.6,27,56.4,,,,,34.141843,-118.182666,COLORADO,11.623
2024-12-10 18:10:00,774034,134,W,HV,122,62.0,122,62.0,,,,,,,,,,,34.141843,-118.182666,COLORADO,11.623
2024-12-10 18:10:00,774053,134,W,ML,123,62.0,26,67.2,37,63.8,33,60.6,27,56.4,,,,,34.15084,-118.234258,FM 2 SB TO 134,8.403
2024-12-10 18:10:00,774055,134,W,HV,122,62.0,122,62.0,,,,,,,,,,,34.15084,-118.234258,FM 2 SB TO 134,8.403
2024-12-10 18:15:00,716551,134,W,ML,337,55.5,90,59.9,92,56.9,80,53.1,75,51.1,,,,,34.154235,-118.274159,SAN FERNANDO,5.983
2024-12-10 18:15:00,716554,134,W,ML,351,56.3,48,74.3,101,58.4,86,52.9,116,49.6,,,,,34.156198,-118.265345,PACIFIC,6.503
2024-12-10 18:15:00,717099,134,W,ML,450,57.1,114,63.8,108,60.1,103,55.5,125,49.7,,,,,34.156447,-118.245195,GLENDALE 1,7.673
2024-12-10 18:15:00,717582,134,W,ML,380,58.2,98,65.1,90,56.2,85,56.9,107,54.5,,,,,34.156458,-118.262159,CENTRAL,6.693
2024-12-10 18:15:00,717590,134,W,ML,123,62.2,26,67.4,37,64.0,33,60.8,27,56.6,,,,,34.148123,-118.229499,HARVEY,8.743
2024-12-10 18:15:00,717597,134,W,ML,123,62.2,26,67.4,37,64.0,33,60.8,27,56.6,,,,,34.142674,-118.184801,FIGUEROA,11.473
2024-12-10 18:15:00,717599,134,W,ML,497,58.8,104,63.7,151,60.5,133,57.4,109,53.5,,,,,34.142896,-118.172193,SAN RAFAEL,12.253
2024-12-10 18:15:00,717603,134,W,ML,121,62.9,27,66.8,29,64.6,26,62.9,24,60.4,15,56.3,,,34.146519,-118.162409,ORANGE GROVE,12.763
2024-12-10 18:15:00,717604,134,W,HV,122,62.2,122,62.2,,,,,,,,,,,34.146519,-118.162409,ORANGE GROVE,12.763
2024-12-10 18:15:00,761035,134,W,HV,122,62.2,122,62.2,,,,,,,,,,,34.148123,-118.229499,HARVEY,8.743
2024-12-10 18:15:00,761038,134,W,HV,122,62.2,122,62.2,,,,,,,,,,,34.156447,-118.245195,GLENDALE 1,7.673
2024-12-10 18:15:00,761041,134,W,HV,122,62.2,122,62.2,,,,,,,,,,,34.156458,-118.262159,CENTRAL,6.693
2024-12-10 18:15:00,761044,134,W,HV,122,62.2,122,62.2,,,,,,,,,,,34.156198,-118.265345,PACIFIC,6.503
2024-12-10 18:15:00,763610,134,W,HV,122,62.2,122,62.2,,,,,,,,,,,34.142896,-118.172193,SAN RAFAEL,12.253
2024-12-10 18:15:00,763612,134,W,HV,122,62.2,122,62.2,,,,,,,,,,,34.142674,-118.184801,FIGUEROA,11.473
2024-12-10 18:15:00,773975,134,W,ML,123,62.2,26,67.4,37,64.0,33,60.8,27,56.6,,,,,34.14568,-118.221874,OAKVIEW,9.213
2024-12-10 18:15:00,773977,134,W,HV,122,62.2,122,62.2,,,,,,,,,,,34.14568,-118.221874,OAKVIEW,9.213
2024-12-10 18:15:00,773996,134,W,ML,497,59.4,110,63.1,120,61.1,106,59.4,98,57.1,63,53.2,,,34.145076,-118.215608,FM 2 NB TO 134 EB,9.573
2024-12-10 18:15:00,773998,134,W,HV,122,62.2,122,62.2,,,,,,,,,,,34.145076,-118.215608,FM 2 NB TO 134 EB,9.573
2024-12-10 18:15:00,774012,134,W,ML,497,58.8,104,63.7,151,60.5,133,57.4,109,53.5,,,,,34.148107,-118.197509,TOWNSEND,10.643
2024-12-10 18:15:00,774014,134,W,HV,122,62.2,122,62.2,,,,,,,,,,,34.148107,-118.197509,TOWNSEND,10.643
2024-12-10 18:15:00,774032,134,W,ML,123,62.2,26,67.4,37,64.0,33,60.8,27,56.6,,,,,34.141843,-118.182666,COLORADO,11.623
2024-12-10 18:15:00,774034,134,W,HV,122,62.2,122,62.2,,,,,,,,,,,34.141843,-118.182666,COLORADO,11.623
2024-12-10 18:15:00,774053,134,W,ML,123,62.2,26,67.4,37,64.0,33,60.8,27,56.6,,,,,34.15084,-118.234258,FM 2 SB TO 134,8.403
2024-12-10 18:15:00,774055,134,W,HV,122,62.2,122,62.2,,,,,,,,,,,34.15084,-118.234258,FM 2 SB TO 134,8.403
2024-12-10 18:20:00,716551,134,W,ML,333,55.8,89,60.1,91,57.2,79,53.3,74,51.3,,,,,34.154235,-118.274159,SAN FERNANDO,5.983
2024-12-10 18:20:00,716554,134,W,ML,339,56.1,49,74.6,93,58.7,79,54.2,118,47.5,,,,,34.156198,-118.265345,PACIFIC,6.503
2024-12-10 18:20:00,717099,134,W,ML,437,53.3,111,59.9,105,56.4,100,51.9,121,45.7,,,,,34.156447,-118.245195,GLENDALE 1,7.673
2024-12-10 18:20:00,717582,134,W,ML,374,55.6,102,64.9,93,49.6,90,55.6,89,51.2,,,,,34.156458,-118.262159,CENTRAL,6.693
2024-12-10 18:20:00,717590,134,W,ML,121,62.4,25,67.6,37,64.2,32,61.0,27,56.8,,,,,34.148123,-118.229499,HARVEY,8.743
2024-12-10 18:20:00,717597,134,W,ML,121,62.4,25,67.6,37,64.2,32,61.0,27,56.8,,,,,34.142674,-118.184801,FIGUEROA,11.473
2024-12-10 18:20:00,717599,134,W,ML,496,59.5,104,64.5,150,61.2,133,58.1,109,54.2,,,,,34.142896,-118.172193,SAN RAFAEL,12.253
2024-12-10 18:20:00,717603,134,W,ML,121,63.1,27,67.0,29,64.8,26,63.1,24,60.6,15,56.5,,,34.146519,-118.162409,ORANGE GROVE,12.763
2024-12-10 18:20:00,717604,134,W,HV,121,62.4,121,62.4,,,,,,,,,,,34.146519,-118.162409,ORANGE GROVE,12.763
2024-12-10 18:20:00,761035,134,W,HV,121,62.4,121,62.4,,,,,,,,,,,34.148123,-118.229499,HARVEY,8.743
2024-12-10 18:20:00,761038,134,W,HV,121,62.4,121,62.4,,,,,,,,,,,34.156447,-118.245195,GLENDALE 1,7.673
2024-12-10 18:20:00,761041,134,W,HV,121,62.4,121,62.4,,,,,,,,,,,34.156458,-118.262159,CENTRAL,6.693
2024-12-10 18:20:00,761044,134,W,HV,121,62.4,121,62.4,,,,,,,,,,,34.156198,-118.265345,PACIFIC,6.503
2024-12-10 18:20:00,763610,134,W,HV,121,62.4,121,62.4,,,,,,,,,,,34.142896,-118.172193,SAN RAFAEL,12.253
2024-12-10 18:20:00,763612,134,W,HV,121,62.4,121,62.4,,,,,,,,,,,34.142674,-118.184801,FIGUEROA,11.473
2024-12-10 18:20:00,773975,134,W,ML,121,62.4,25,67.6,37,64.2,32,61.0,27,56.8,,,,,34.14568,-118.221874,OAKVIEW,9.213
2024-12-10 18:20:00,773977,134,W,HV,121,62.4,121,62.4,,,,,,,,,,,34.14568,-118.221874,OAKVIEW,9.213
2024-12-10 18:20:00,773996,134,W,ML,497,60.1,110,63.9,120,61.8,106,60.1,98,57.8,63,53.9,,,34.145076,-118.215608,FM 2 NB TO 134 EB,9.573
2024-12-10 18:20:00,773998,134,W,HV,121,62.4,121,62.4,,,,,,,,,,,34.145076,-118.215608,FM 2 NB TO 134 EB,9.573
2024-12-10 18:20:00,774012,134,W,ML,496,59.5,104,64.5,150,61.2,133,58.1,109,54.2,,,,,34.148107,-118.197509,TOWNSEND,10.643
2024-12-10 18:20:00,774014,134,W,HV,121,62.4,121,62.4,,,,,,,,,,,34.148107,-118.197509,TOWNSEND,10.643
2024-12-10 18:20:00,774032,134,W,ML,121,62.4,25,67.6,37,64.2,32,61.0,27,56.8,,,,,34.141843,-118.182666,COLORADO,11.623
2024-12-10 18:20:00,774034,134,W,HV,121,62.4,121,62.4,,,,,,,,,,,34.141843,-118.182666,COLORADO,11.623
2024-12-10 18:20:00,774053,134,W,ML,121,62.4,25,67.6,37,64.2,32,61.0,27,56.8,,,,,34.15084,-118.234258,FM 2 SB TO 134,8.403
2024-12-10 18:20:00,774055,134,W,HV,121,62.4,121,62.4,,,,,,,,,,,34.15084,-118.234258,FM 2 SB TO 134,8.403
2024-12-10 18:25:00,716551,134,W,ML,346,55.5,93,59.9,94,56.9,82,53.1,77,51.1,,,,,34.154235,-118.274159,SAN FERNANDO,5.983
2024-12-10 18:25:00,716554,134,W,ML,382,55.4,56,73.7,108,58.4,95,54.7,123,45.1,,,,,34.156198,-118.265345,PACIFIC,6.503
2024-12-10 18:25:00,717099,134,W,ML,461,52.0,118,58.6,111,55.1,105,50.7,127,44.3,,,,,34.156447,-118.245195,GLENDALE 1,7.673
2024-12-10 18:25:00,717582,134,W,ML,387,54.3,108,64.9,88,47.3,97,55.6,94,47.2,,,,,34.156458,-118.262159,CENTRAL,6.693
2024-12-10 18:25:00,717590,134,W,ML,121,62.6,25,67.9,37,64.4,32,61.1,27,57.0,,,,,34.148123,-118.229499,HARVEY,8.743
2024-12-10 18:25:00,717597,134,W,ML,121,62.6,25,67.9,37,64.4,32,61.1,27,57.0,,,,,34.142674,-118.184801,FIGUEROA,11.473
2024-12-10 18:25:00,717599,134,W,ML,490,60.1,102,65.2,149,61.8,131,58.7,108,54.7,,,,,34.142896,-118.172193,SAN RAFAEL,12.253
2024-12-10 18:25:00,717603,134,W,ML,121,63.3,27,67.2,29,65.0,26,63.3,24,60.8,15,56.7,,,34.146519,-118.162409,ORANGE GROVE,12.763
2024-12-10 18:25:00,717604,134,W,HV,121,62.6,121,62.6,,,,,,,,,,,34.146519,-118.162409,ORANGE GROVE,12.763
2024-12-10 18:25:00,761035,134,W,HV,121,62.6,121,62.6,,,,,,,,,,,34.148123,-118.229499,HARVEY,8.743
2024-12-10 18:25:00,761038,134,W,HV,121,62.6,121,62.6,,,,,,,,,,,34.156447,-118.245195,GLENDALE 1,7.673
2024-12-10 18:25:00,761041,134,W,HV,121,62.6,121,62.6,,,,,,,,,,,34.156458,-118.262159,CENTRAL,6.693
2024-12-10 18:25:00,761044,134,W,HV,121,62.6,121,62.6,,,,,,,,,,,34.156198,-118.265345,PACIFIC,6.503
2024-12-10 18:25:00,763610,134,W,HV,121,62.6,121,62.6,,,,,,,,,,,34.142896,-118.172193,SAN RAFAEL,12.253
2024-12-10 18:25:00,763612,134,W,HV,121,62.6,121,62.6,,,,,,,,,,,34.142674,-118.184801,FIGUEROA,11.473
2024-12-10 18:25:00,773975,134,W,ML,121,62.6,25,67.9,37,64.4,32,61.1,27,57.0,,,,,34.14568,-118.221874,OAKVIEW,9.213
2024-12-10 18:25:00,773977,134,W,HV,121,62.6,121,62.6,,,,,,,,,,,34.14568,-118.221874,OAKVIEW,9.213
2024-12-10 18:25:00,773996,134,W,ML,489,60.7,108,64.5,118,62.4,104,60.7,97,58.4,62,54.4,,,34.145076,-118.215608,FM 2 NB TO 134 EB,9.573
2024-12-10 18:25:00,773998,134,W,HV,121,62.6,121,62.6,,,,,,,,,,,34.145076,-118.215608,FM 2 NB TO 134 EB,9.573
2024-12-10 18:25:00,774012,134,W,ML,490,60.1,102,65.2,149,61.8,131,58.7,108,54.7,,,,,34.148107,-118.197509,TOWNSEND,10.643
2024-12-10 18:25:00,774014,134,W,HV,121,62.6,121,62.6,,,,,,,,,,,34.148107,-118.197509,TOWNSEND,10.643
2024-12-10 18:25:00,774032,134,W,ML,121,62.6,25,67.9,37,64.4,32,61.1,27,57.0,,,,,34.141843,-118.182666,COLORADO,11.623
2024-12-10 18:25:00,774034,134,W,HV,121,62.6,121,62.6,,,,,,,,,,,34.141843,-118.182666,COLORADO,11.623
2024-12-10 18:25:00,774053,134,W,ML,121,62.6,25,67.9,37,64.4,32,61.1,27,57.0,,,,,34.15084,-118.234258,FM 2 SB TO 134,8.403
2024-12-10 18:25:00,774055,134,W,HV,121,62.6,121,62.6,,,,,,,,,,,34.15084,-118.234258,FM 2 SB TO 134,8.403
2024-12-10 18:30:00,716551,134,W,ML,400,56.5,109,60.9,109,57.9,94,54.0,88,52.0,,,,,34.154235,-118.274159,SAN FERNANDO,5.983
2024-12-10 18:30:00,716554,134,W,ML,401,56.0,50,75.7,114,59.7,112,55.1,125,45.6,,,,,34.156198,-118.265345,PACIFIC,6.503
2024-12-10 18:30:00,717099,134,W,ML,495,54.8,127,61.4,119,57.8,113,53.3,136,47.2,,,,,34.156447,-118.245195,GLENDALE 1,7.673
2024-12-10 18:30:00,717582,134,W,ML,403,56.8,115,65.9,80,52.1,107,56.2,101,50.9,,,,,34.156458,-118.262159,CENTRAL,6.693
2024-12-10 18:30:00,717590,134,W,ML,121,62.8,25,68.1,37,64.6,32,61.3,27,57.2,,,,,34.148123,-118.229499,HARVEY,8.743
2024-12-10 18:30:00,717597,134,W,ML,121,62.8,25,68.1,37,64.6,32,61.3,27,57.2,,,,,34.142674,-118.184801,FIGUEROA,11.473
2024-12-10 18:30:00,717599,134,W,ML,484,60.9,101,66.0,147,62.7,130,59.5,106,55.4,,,,,34.142896,-118.172193,SAN RAFAEL,12.253
2024-12-10 18:30:00,717603,134,W,ML,121,63.5,27,67.4,29,65.2,26,63.5,24,61.0,15,56.9,,,34.146519,-118.162409,ORANGE GROVE,12.763
2024-12-10 18:30:00,717604,134,W,HV,121,62.8,121,62.8,,,,,,,,,,,34.146519,-118.162409,ORANGE GROVE,12.763
2024-12-10 18:30:00,761035,134,W,HV,121,62.8,121,62.8,,,,,,,,,,,34.148123,-118.229499,HARVEY,8.743
2024-12-10 18:30:00,761038,134,W,HV,121,62.8,121,62.8,,,,,,,,,,,34.156447,-118.245195,GLENDALE 1,7.673
2024-12-10 18:30:00,761041,134,W,HV,121,62.8,121,62.8,,,,,,,,,,,34.156458,-118.262159,CENTRAL,6.693
2024-12-10 18:30:00,761044,134,W,HV,121,62.8,121,62.8,,,,,,,,,,,34.156198,-118.265345,PACIFIC,6.503
2024-12-10 18:30:00,763610,134,W,HV,121,62.8,121,62.8,,,,,,,,,,,34.142896,-118.172193,SAN RAFAEL,12.253
2024-12-10 18:30:00,763612,134,W,HV,121,62.8,121,62.8,,,,,,,,,,,34.142674,-118.184801,FIGUEROA,11.473
2024-12-10 18:30:00,773975,134,W,ML,121,62.8,25,68.1,37,64.6,32,61.3,27,57.2,,,,,34.14568,-118.221874,OAKVIEW,9.213
2024-12-10 18:30:00,773977,134,W,HV,121,62.8,121,62.8,,,,,,,,,,,34.14568,-118.221874,OAKVIEW,9.213
2024-12-10 18:30:00,773996,134,W,ML,485,61.5,107,65.4,117,63.3,103,61.6,96,59.2,62,55.1,,,34.145076,-118.215608,FM 2 NB TO 134 EB,9.573
2024-12-10 18:30:00,773998,134,W,HV,121,62.8,121,62.8,,,,,,,,,,,34.145076,-118.215608,FM 2 NB TO 134 EB,9.573
2024-12-10 18:30:00,774012,134,W,ML,484,60.9,101,66.0,147,62.7,130,59.5,106,55.4,,,,,34.148107,-118.197509,TOWNSEND,10.643
2024-12-10 18:30:00,774014,134,W,HV,121,62.8,121,62.8,,,,,,,,,,,34.148107,-118.197509,TOWNSEND,10.643
2024-12-10 18:30:00,774032,134,W,ML,121,62.8,25,68.1,37,64.6,32,61.3,27,57.2,,,,,34.141843,-118.182666,COLORADO,11.623
2024-12-10 18:30:00,774034,134,W,HV,121,62.8,121,62.8,,,,,,,,,,,34.141843,-118.182666,COLORADO,11.623
2024-12-10 18:30:00,774053,134,W,ML,121,62.8,25,68.1,37,64.6,32,61.3,27,57.2,,,,,34.15084,-118.234258,FM 2 SB TO 134,8.403
2024-12-10 18:30:00,774055,134,W,HV,121,62.8,121,62.8,,,,,,,,,,,34.15084,-118.234258,FM 2 SB TO 134,8.403
2024-12-10 18:35:00,716551,134,W,ML,370,56.7,100,61.2,101,58.2,87,54.2,82,52.2,,,,,34.154235,-118.274159,SAN FERNANDO,5.983
2024-12-10 18:35:00,716554,134,W,ML,386,56.4,49,75.4,111,60.0,97,56.1,129,46.4,,,,,34.156198,-118.265345,PACIFIC,6.503
2024-12-10 18:35:00,717099,134,W,ML,478,55.9,122,62.6,114,58.9,109,54.4,133,48.4,,,,,34.156447,-118.245195,GLENDALE 1,7.673
2024-12-10 18:35:00,717582,134,W,ML,391,58.1,109,65.1,86,54.1,90,57.9,106,54.2,,,,,34.156458,-118.262159,CENTRAL,6.693
2024-12-10 18:35:00,717590,134,W,ML,119,63.1,25,68.4,36,64.9,32,61.6,26,57.4,,,,,34.148123,-118.229499,HARVEY,8.743
2024-12-10 18:35:00,717597,134,W,ML,119,63.1,25,68.4,36,64.9,32,61.6,26,57.4,,,,,34.142674,-118.184801,FIGUEROA,11.473
2024-12-10 18:35:00,717599,134,W,ML,480,61.5,100,66.7,146,63.3,129,60.1,105,56.0,,,,,34.142896,-118.172193,SAN RAFAEL,12.253
2024-12-10 18:35:00,717603,134,W,ML,121,63.8,27,67.8,29,65.5,26,63.8,24,61.3,15,57.1,,,34.146519,-118.162409,ORANGE GROVE,12.763
2024-12-10 18:35:00,717604,134,W,HV,120,63.1,120,63.1,,,,,,,,,,,34.146519,-118.162409,ORANGE GROVE,12.763
2024-12-10 18:35:00,761035,134,W,HV,120,63.1,120,63.1,,,,,,,,,,,34.148123,-118.229499,HARVEY,8.743
2024-12-10 18:35:00,761038,134,W,HV,120,63.1,120,63.1,,,,,,,,,,,34.156447,-118.245195,GLENDALE 1,7.673
2024-12-10 18:35:00,761041,134,W,HV,120,63.1,120,63.1,,,,,,,,,,,34.156458,-118.262159,CENTRAL,6.693
2024-12-10 18:35:00,761044,134,W,HV,120,63.1,120,63.1,,,,,,,,,,,34.156198,-118.265345,PACIFIC,6.503
2024-12-10 18:35:00,763610,134,W,HV,120,63.1,120,63.1,,,,,,,,,,,34.142896,-118.172193,SAN RAFAEL,12.253
2024-12-10 18:35:00,763612,134,W,HV,120,63.1,120,63.1,,,,,,,,,,,34.142674,-118.184801,FIGUEROA,11.473
2024-12-10 18:35:00,773975,134,W,ML,119,63.1,25,68.4,36,64.9,32,61.6,26,57.4,,,,,34.14568,-118.221874,OAKVIEW,9.213
2024-12-10 18:35:00,773977,134,W,HV,120,63.1,120,63.1,,,,,,,,,,,34.14568,-118.221874,OAKVIEW,9.213
2024-12-10 18:35:00,773996,134,W,ML,480,62.1,106,66.0,116,63.9,102,62.2,95,59.7,61,55.7,,,34.145076,-118.215608,FM 2 NB TO 134 EB,9.573
2024-12-10 18:35:00,773998,134,W,HV,120,63.1,120,63.1,,,,,,,,,,,34.145076,-118.215608,FM 2 NB TO 134 EB,9.573
2024-12-10 18:35:00,774012,134,W,ML,480,61.5,100,66.7,146,63.3,129,60.1,105,56.0,,,,,34.148107,-118.197509,TOWNSEND,10.643
2024-12-10 18:35:00,774014,134,W,HV,120,63.1,120,63.1,,,,,,,,,,,34.148107,-118.197509,TOWNSEND,10.643
2024-12-10 18:35:00,774032,134,W,ML,119,63.1,25,68.4,36,64.9,32,61.6,26,57.4,,,,,34.141843,-118.182666,COLORADO,11.623
2024-12-10 18:35:00,774034,134,W,HV,120,63.1,120,63.1,,,,,,,,,,,34.141843,-118.182666,COLORADO,11.623
2024-12-10 18:35:00,774053,134,W,ML,119,63.1,25,68.4,36,64.9,32,61.6,26,57.4,,,,,34.15084,-118.234258,FM 2 SB TO 134,8.403
2024-12-10 18:35:00,774055,134,W,HV,120,63.1,120,63.1,,,,,,,,,,,34.15084,-118.234258,FM 2 SB TO 134,8.403
2024-12-10 18:40:00,716551,134,W,ML,327,55.7,87,60.1,89,57.1,78,53.1,73,51.2,,,,,34.154235,-118.274159,SAN FERNANDO,5.983
2024-12-10 18:40:00,716554,134,W,ML,387,56.7,63,74.9,109,57.8,87,55.7,128,47.4,,,,,34.156198,-118.265345,PACIFIC,6.503
2024-12-10 18:40:00,717099,134,W,ML,484,55.2,124,61.8,116,58.1,110,53.7,134,47.7,,,,,34.156447,-118.245195,GLENDALE 1,7.673
2024-12-10 18:40:00,717582,134,W,ML,399,56.5,116,62.3,90,52.8,94,57.1,99,52.3,,,,,34.156458,-118.262159,CENTRAL,6.693
2024-12-10 18:40:00,717590,134,W,ML,119,63.1,25,68.4,36,64.9,32,61.6,26,57.4,,,,,34.148123,-118.229499,HARVEY,8.743
2024-12-10 18:40:00,717597,134,W,ML,119,63.1,25,68.4,36,64.9,32,61.6,26,57.4,,,,,34.142674,-118.184801,FIGUEROA,11.473
2024-12-10 18:40:00,717599,134,W,ML,478,62.0,100,67.2,145,63.8,128,60.6,105,56.4,,,,,34.142896,-118.172193,SAN RAFAEL,12.253
2024-12-10 18:40:00,717603,134,W,ML,119,63.7,26,67.8,29,65.5,25,63.8,24,61.3,15,57.1,,,34.146519,-118.162409,ORANGE GROVE,12.763
2024-12-10 18:40:00,717604,134,W,HV,119,63.1,119,63.1,,,,,,,,,,,34.146519,-118.162409,ORANGE GROVE,12.763
2024-12-10 18:40:00,761035,134,W,HV,119,63.1,119,63.1,,,,,,,,,,,34.148123,-118.229499,HARVEY,8.743
2024-12-10 18:40:00,761038,134,W,HV,119,63.1,119,63.1,,,,,,,,,,,34.156447,-118.245195,GLENDALE 1,7.673
2024-12-10 18:40:00,761041,134,W,HV,119,63.1,119,63.1,,,,,,,,,,,34.156458,-118.262159,CENTRAL,6.693
2024-12-10 18:40:00,761044,134,W,HV,119,63.1,119,63.1,,,,,,,,,,,34.156198,-118.265345,PACIFIC,6.503
2024-12-10 18:40:00,763610,134,W,HV,119,63.1,119,63.1,,,,,,,,,,,34.142896,-118.172193,SAN RAFAEL,12.253
2024-12-10 18:40:00,763612,134,W,HV,119,63.1,119,63.1,,,,,,,,,,,34.142674,-118.184801,FIGUEROA,11.473
2024-12-10 18:40:00,773975,134,W,ML,119,63.1,25,68.4,36,64.9,32,61.6,26,57.4,,,,,34.14568,-118.221874,OAKVIEW,9.213
2024-12-10 18:40:00,773977,134,W,HV,119,63.1,119,63.1,,,,,,,,,,,34.14568,-118.221874,OAKVIEW,9.213
2024-12-10 18:40:00,773996,134,W,ML,478,62.6,106,66.6,115,64.4,102,62.7,94,60.2,61,56.1,,,34.145076,-118.215608,FM 2 NB TO 134 EB,9.573
2024-12-10 18:40:00,773998,134,W,HV,119,63.1,119,63.1,,,,,,,,,,,34.145076,-118.215608,FM 2 NB TO 134 EB,9.573
2024-12-10 18:40:00,774012,134,W,ML,478,62.0,100,67.2,145,63.8,128,60.6,105,56.4,,,,,34.148107,-118.197509,TOWNSEND,10.643
2024-12-10 18:40:00,774014,134,W,HV,119,63.1,119,63.1,,,,,,,,,,,34.148107,-118.197509,TOWNSEND,10.643
2024-12-10 18:40:00,774032,134,W,ML,119,63.1,25,68.4,36,64.9,32,61.6,26,57.4,,,,,34.141843,-118.182666,COLORADO,11.623
2024-12-10 18:40:00,774034,134,W,HV,119,63.1,119,63.1,,,,,,,,,,,34.141843,-118.182666,COLORADO,11.623
2024-12-10 18:40:00,774053,134,W,ML,119,63.1,25,68.4,36,64.9,32,61.6,26,57.4,,,,,34.15084,-118.234258,FM 2 SB TO 134,8.403
2024-12-10 18:40:00,774055,134,W,HV,119,63.1,119,63.1,,,,,,,,,,,34.15084,-118.234258,FM 2 SB TO 134,8.403
2024-12-10 18:45:00,716551,134,W,ML,359,55.3,97,59.7,98,56.7,85,52.9,79,50.9,,,,,34.154235,-118.274159,SAN FERNANDO,5.983
2024-12-10 18:45:00,716554,134,W,ML,381,56.3,52,75.9,119,58.1,94,54.3,116,47.3,,,,,34.156198,-118.265345,PACIFIC,6.503
2024-12-10 18:45:00,717099,134,W,ML,484,54.1,124,60.8,116,57.1,110,52.7,134,46.6,,,,,34.156447,-118.245195,GLENDALE 1,7.673
2024-12-10 18:45:00,717582,134,W,ML,380,57.0,110,62.6,74,51.0,97,57.6,99,54.6,,,,,34.156458,-118.262159,CENTRAL,6.693
2024-12-10 18:45:00,717590,134,W,ML,119,63.3,25,68.6,36,65.1,32,61.8,26,57.6,,,,,34.148123,-118.229499,HARVEY,8.743
2024-12-10 18:45:00,717597,134,W,ML,119,63.3,25,68.6,36,65.1,32,61.8,26,57.6,,,,,34.142674,-118.184801,FIGUEROA,11.473
2024-12-10 18:45:00,717599,134,W,ML,470,62.7,98,68.0,143,64.5,126,61.2,103,57.1,,,,,34.142896,-118.172193,SAN RAFAEL,12.253
2024-12-10 18:45:00,717603,134,W,ML,119,63.9,26,68.0,29,65.7,25,64.0,24,61.5,15,57.3,,,34.146519,-118.162409,ORANGE GROVE,12.763
2024-12-10 18:45:00,717604,134,W,HV,119,63.3,119,63.3,,,,,,,,,,,34.146519,-118.162409,ORANGE GROVE,12.763
2024-12-10 18:45:00,761035,134,W,HV,119,63.3,119,63.3,,,,,,,,,,,34.148123,-118.229499,HARVEY,8.743
2024-12-10 18:45:00,761038,134,W,HV,119,63.3,119,63.3,,,,,,,,,,,34.156447,-118.245195,GLENDALE 1,7.673
2024-12-10 18:45:00,761041,134,W,HV,119,63.3,119,63.3,,,,,,,,,,,34.156458,-118.262159,CENTRAL,6.693
2024-12-10 18:45:00,761044,134,W,HV,119,63.3,119,63.3,,,,,,,,,,,34.156198,-118.265345,PACIFIC,6.503
2024-12-10 18:45:00,763610,134,W,HV,119,63.3,119,63.3,,,,,,,,,,,34.142896,-118.172193,SAN RAFAEL,12.253
2024-12-10 18:45:00,763612,134,W,HV,119,63.3,119,63.3,,,,,,,,,,,34.142674,-118.184801,FIGUEROA,11.473
2024-12-10 18:45:00,773975,134,W,ML,119,63.3,25,68.6,36,65.1,32,61.8,26,57.6,,,,,34.14568,-118.221874,OAKVIEW,9.213
2024-12-10 18:45:00,773977,134,W,HV,119,63.3,119,63.3,,,,,,,,,,,34.14568,-118.221874,OAKVIEW,9.213
2024-12-10 18:45:00,773996,134,W,ML,471,63.3,104,67.3,114,65.1,100,63.4,93,60.9,60,56.8,,,34.145076,-118.215608,FM 2 NB TO 134 EB,9.573
2024-12-10 18:45:00,773998,134,W,HV,119,63.3,119,63.3,,,,,,,,,,,34.145076,-118.215608,FM 2 NB TO 134 EB,9.573
2024-12-10 18:45:00,774012,134,W,ML,470,62.7,98,68.0,143,64.5,126,61.2,103,57.1,,,,,34.148107,-118.197509,TOWNSEND,10.643
2024-12-10 18:45:00,774014,134,W,HV,119,63.3,119,63.3,,,,,,,,,,,34.148107,-118.197509,TOWNSEND,10.643
2024-12-10 18:45:00,774032,134,W,ML,119,63.3,25,68.6,36,65.1,32,61.8,26,57.6,,,,,34.141843,-118.182666,COLORADO,11.623
2024-12-10 18:45:00,774034,134,W,HV,119,63.3,119,63.3,,,,,,,,,,,34.141843,-118.182666,COLORADO,11.623
2024-12-10 18:45:00,774053,134,W,ML,119,63.3,25,68.6,36,65.1,32,61.8,26,57.6,,,,,34.15084,-118.234258,FM 2 SB TO 134,8.403
2024-12-10 18:45:00,774055,134,W,HV,119,63.3,119,63.3,,,,,,,,,,,34.15084,-118.234258,FM 2 SB TO 134,8.403
2024-12-10 18:50:00,716551,134,W,ML,351,54.4,94,58.6,96,55.7,83,52.0,78,50.1,,,,,34.154235,-118.274159,SAN FERNANDO,5.983
2024-12-10 18:50:00,716554,134,W,ML,408,53.3,62,74.6,120,56.8,97,51.2,129,41.4,,,,,34.156198,-118.265345,PACIFIC,6.503
2024-12-10 18:50:00,717099,134,W,ML,451,47.4,115,53.9,108,50.6,103,46.4,125,39.5,,,,,34.156447,-118.245195,GLENDALE 1,7.673
2024-12-10 18:50:00,717582,134,W,ML,414,50.3,112,59.4,98,39.4,112,52.6,92,48.0,,,,,34.156458,-118.262159,CENTRAL,6.693
2024-12-10 18:50:00,717590,134,W,ML,119,63.6,25,68.9,36,65.4,32,62.1,26,57.9,,,,,34.148123,-118.229499,HARVEY,8.743
2024-12-10 18:50:00,717597,134,W,ML,119,63.6,25,68.9,36,65.4,32,62.1,26,57.9,,,,,34.142674,-118.184801,FIGUEROA,11.473
2024-12-10 18:50:00,717599,134,W,ML,468,63.2,98,68.5,142,65.0,125,61.7,103,57.5,,,,,34.142896,-118.172193,SAN RAFAEL,12.253
2024-12-10 18:50:00,717603,134,W,ML,117,64.2,26,68.3,28,66.1,25,64.3,23,61.8,15,57.6,,,34.146519,-118.162409,ORANGE GROVE,12.763
2024-12-10 18:50:00,717604,134,W,HV,118,63.6,118,63.6,,,,,,,,,,,34.146519,-118.162409,ORANGE GROVE,12.763
2024-12-10 18:50:00,761035,134,W,HV,118,63.6,118,63.6,,,,,,,,,,,34.148123,-118.229499,HARVEY,8.743
2024-12-10 18:50:00,761038,134,W,HV,118,63.6,118,63.6,,,,,,,,,,,34.156447,-118.245195,GLENDALE 1,7.673
2024-12-10 18:50:00,761041,134,W,HV,118,63.6,118,63.6,,,,,,,,,,,34.156458,-118.262159,CENTRAL,6.693
2024-12-10 18:50:00,761044,134,W,HV,118,63.6,118,63.6,,,,,,,,,,,34.156198,-118.265345,PACIFIC,6.503
2024-12-10 18:50:00,763610,134,W,HV,118,63.6,118,63.6,,,,,,,,,,,34.142896,-118.172193,SAN RAFAEL,12.253
2024-12-10 18:50:00,763612,134,W,HV,118,63.6,118,63.6,,,,,,,,,,,34.142674,-118.184801,FIGUEROA,11.473
2024-12-10 18:50:00,773975,134,W,ML,119,63.6,25,68.9,36,65.4,32,62.1,26,57.9,,,,,34.14568,-118.221874,OAKVIEW,9.213
2024-12-10 18:50:00,773977,134,W,HV,118,63.6,118,63.6,,,,,,,,,,,34.14568,-118.221874,OAKVIEW,9.213
2024-12-10 18:50:00,773996,134,W,ML,466,63.9,103,67.9,113,65.6,99,63.9,92,61.4,59,57.2,,,34.145076,-118.215608,FM 2 NB TO 134 EB,9.573
2024-12-10 18:50:00,773998,134,W,HV,118,63.6,118,63.6,,,,,,,,,,,34.145076,-118.215608,FM 2 NB TO 134 EB,9.573
2024-12-10 18:50:00,774012,134,W,ML,468,63.2,98,68.5,142,65.0,125,61.7,103,57.5,,,,,34.148107,-118.197509,TOWNSEND,10.643
2024-12-10 18:50:00,774014,134,W,HV,118,63.6,118,63.6,,,,,,,,,,,34.148107,-118.197509,TOWNSEND,10.643
2024-12-10 18:50:00,774032,134,W,ML,119,63.6,25,68.9,36,65.4,32,62.1,26,57.9,,,,,34.141843,-118.182666,COLORADO,11.623
2024-12-10 18:50:00,774034,134,W,HV,118,63.6,118,63.6,,,,,,,,,,,34.141843,-118.182666,COLORADO,11.623
2024-12-10 18:50:00,774053,134,W,ML,119,63.6,25,68.9,36,65.4,32,62.1,26,57.9,,,,,34.15084,-118.234258,FM 2 SB TO 134,8.403
2024-12-10 18:50:00,774055,134,W,HV,118,63.6,118,63.6,,,,,,,,,,,34.15084,-118.234258,FM 2 SB TO 134,8.403
2024-12-10 18:55:00,716551,134,W,ML,385,52.3,105,56.4,104,53.6,91,50.1,85,48.3,,,,,34.154235,-118.274159,SAN FERNANDO,5.983
2024-12-10 18:55:00,716554,134,W,ML,374,49.4,62,71.3,113,54.0,102,46.6,97,32.8,,,,,34.156198,-118.265345,PACIFIC,6.503
2024-12-10 18:55:00,717099,134,W,ML,451,40.4,115,46.7,108,43.8,103,39.9,125,32.1,,,,,34.156447,-118.245195,GLENDALE 1,7.673
2024-12-10 18:55:00,717582,134,W,ML,370,44.7,105,56.1,81,27.3,92,50.3,92,41.4,,,,,34.156458,-118.262159,CENTRAL,6.693
2024-12-10 18:55:00,717590,134,W,ML,116,63.8,24,69.2,35,65.7,31,62.3,26,58.1,,,,,34.148123,-118.229499,HARVEY,8.743
2024-12-10 18:55:00,717597,134,W,ML,116,63.8,24,69.2,35,65.7,31,62.3,26,58.1,,,,,34.142674,-118.184801,FIGUEROA,11.473
2024-12-10 18:55:00,717599,134,W,ML,455,63.7,95,69.1,138,65.5,122,62.2,100,58.0,,,,,34.142896,-118.172193,SAN RAFAEL,12.253
2024-12-10 18:55:00,717603,134,W,ML,117,64.5,26,68.5,28,66.3,25,64.5,23,62.0,15,57.8,,,34.146519,-118.162409,ORANGE GROVE,12.763
2024-12-10 18:55:00,717604,134,W,HV,117,63.8,117,63.8,,,,,,,,,,,34.146519,-118.162409,ORANGE GROVE,12.763
2024-12-10 18:55:00,761035,134,W,HV,117,63.8,117,63.8,,,,,,,,,,,34.148123,-118.229499,HARVEY,8.743
2024-12-10 18:55:00,761038,134,W,HV,117,63.8,117,63.8,,,,,,,,,,,34.156447,-118.245195,GLENDALE 1,7.673
2024-12-10 18:55:00,761041,134,W,HV,117,63.8,117,63.8,,,,,,,,,,,34.156458,-118.262159,CENTRAL,6.693
2024-12-10 18:55:00,761044,134,W,HV,117,63.8,117,63.8,,,,,,,,,,,34.156198,-118.265345,PACIFIC,6.503
2024-12-10 18:55:00,763610,134,W,HV,117,63.8,117,63.8,,,,,,,,,,,34.142896,-118.172193,SAN RAFAEL,12.253
2024-12-10 18:55:00,763612,134,W,HV,117,63.8,117,63.8,,,,,,,,,,,34.142674,-118.184801,FIGUEROA,11.473
2024-12-10 18:55:00,773975,134,W,ML,116,63.8,24,69.2,35,65.7,31,62.3,26,58.1,,,,,34.14568,-118.221874,OAKVIEW,9.213
2024-12-10 18:55:00,773977,134,W,HV,117,63.8,117,63.8,,,,,,,,,,,34.14568,-118.221874,OAKVIEW,9.213
2024-12-10 18:55:00,773996,134,W,ML,455,64.4,101,68.4,109,66.2,97,64.4,90,61.9,58,57.7,,,34.145076,-118.215608,FM 2 NB TO 134 EB,9.573
2024-12-10 18:55:00,773998,134,W,HV,117,63.8,117,63.8,,,,,,,,,,,34.145076,-118.215608,FM 2 NB TO 134 EB,9.573
2024-12-10 18:55:00,774012,134,W,ML,455,63.7,95,69.1,138,65.5,122,62.2,100,58.0,,,,,34.148107,-118.197509,TOWNSEND,10.643
2024-12-10 18:55:00,774014,134,W,HV,117,63.8,117,63.8,,,,,,,,,,,34.148107,-118.197509,TOWNSEND,10.643
2024-12-10 18:55:00,774032,134,W,ML,116,63.8,24,69.2,35,65.7,31,62.3,26,58.1,,,,,34.141843,-118.182666,COLORADO,11.623
2024-12-10 18:55:00,774034,134,W,HV,117,63.8,117,63.8,,,,,,,,,,,34.141843,-118.182666,COLORADO,11.623
2024-12-10 18:55:00,774053,134,W,ML,116,63.8,24,69.2,35,65.7,31,62.3,26,58.1,,,,,34.15084,-118.234258,FM 2 SB TO 134,8.403
2024-12-10 18:55:00,774055,134,W,HV,117,63.8,117,63.8,,,,,,,,,,,34.15084,-118.234258,FM 2 SB TO 134,8.403
2024-12-10 19:00:00,716551,134,W,ML,365,52.4,99,56.4,99,53.6,86,50.1,81,48.4,,,,,34.154235,-118.274159,SAN FERNANDO,5.983
2024-12-10 19:00:00,716554,134,W,ML,366,47.1,44,70.1,110,54.1,87,47.0,125,32.9,,,,,34.156198,-118.265345,PACIFIC,6.503
2024-12-10 19:00:00,717099,134,W,ML,470,40.6,120,46.9,113,44.0,107,40.0,130,32.2,,,,,34.156447,-118.245195,GLENDALE 1,7.673
2024-12-10 19:00:00,717582,134,W,ML,376,42.9,99,57.0,87,27.6,94,49.4,96,35.8,,,,,34.156458,-118.262159,CENTRAL,6.693
2024-12-10 19:00:00,717590,134,W,ML,115,64.0,24,69.4,35,65.9,31,62.5,25,58.2,,,,,34.148123,-118.229499,HARVEY,8.743
2024-12-10 19:00:00,717597,134,W,ML,115,64.0,24,69.4,35,65.9,31,62.5,25,58.2,,,,,34.142674,-118.184801,FIGUEROA,11.473
2024-12-10 19:00:00,717599,134,W,ML,447,64.1,93,69.5,136,66.0,120,62.6,98,58.3,,,,,34.142896,-118.172193,SAN RAFAEL,12.253
2024-12-10 19:00:00,717603,134,W,ML,115,64.6,25,68.7,28,66.5,24,64.7,23,62.2,15,57.9,,,34.146519,-118.162409,ORANGE GROVE,12.763
2024-12-10 19:00:00,717604,134,W,HV,115,64.0,115,64.0,,,,,,,,,,,34.146519,-118.162409,ORANGE GROVE,12.763
2024-12-10 19:00:00,761035,134,W,HV,115,64.0,115,64.0,,,,,,,,,,,34.148123,-118.229499,HARVEY,8.743
2024-12-10 19:00:00,761038,134,W,HV,115,64.0,115,64.0,,,,,,,,,,,34.156447,-118.245195,GLENDALE 1,7.673
2024-12-10 19:00:00,761041,134,W,HV,115,64.0,115,64.0,,,,,,,,,,,34.156458,-118.262159,CENTRAL,6.693
2024-12-10 19:00:00,761044,134,W,HV,115,64.0,115,64.0,,,,,,,,,,,34.156198,-118.265345,PACIFIC,6.503
2024-12-10 19:00:00,763610,134,W,HV,115,64.0,115,64.0,,,,,,,,,,,34.142896,-118.172193,SAN RAFAEL,12.253
2024-12-10 19:00:00,763612,134,W,HV,115,64.0,115,64.0,,,,,,,,,,,34.142674,-118.184801,FIGUEROA,11.473
2024-12-10 19:00:00,773975,134,W,ML,115,64.0,24,69.4,35,65.9,31,62.5,25,58.2,,,,,34.14568,-118.221874,OAKVIEW,9.213
2024-12-10 19:00:00,773977,134,W,HV,115,64.0,115,64.0,,,,,,,,,,,34.14568,-118.221874,OAKVIEW,9.213
2024-12-10 19:00:00,773996,134,W,ML,447,64.8,99,68.8,108,66.6,95,64.8,88,62.3,57,58.0,,,34.145076,-118.215608,FM 2 NB TO 134 EB,9.573
2024-12-10 19:00:00,773998,134,W,HV,115,64.0,115,64.0,,,,,,,,,,,34.145076,-118.215608,FM 2 NB TO 134 EB,9.573
2024-12-10 19:00:00,774012,134,W,ML,447,64.1,93,69.5,136,66.0,120,62.6,98,58.3,,,,,34.148107,-118.197509,TOWNSEND,10.643
2024-12-10 19:00:00,774014,134,W,HV,115,64.0,115,64.0,,,,,,,,,,,34.148107,-118.197509,TOWNSEND,10.643
2024-12-10 19:00:00,774032,134,W,ML,115,64.0,24,69.4,35,65.9,31,62.5,25,58.2,,,,,34.141843,-118.182666,COLORADO,11.623
2024-12-10 19:00:00,774034,134,W,HV,115,64.0,115,64.0,,,,,,,,,,,34.141843,-118.182666,COLORADO,11.623
2024-12-10 19:00:00,774053,134,W,ML,115,64.0,24,69.4,35,65.9,31,62.5,25,58.2,,,,,34.15084,-118.234258,FM 2 SB TO 134,8.403
2024-12-10 19:00:00,774055,134,W,HV,115,64.0,115,64.0,,,,,,,,,,,34.15084,-118.234258,FM 2 SB TO 134,8.403
2024-12-10 19:05:00,716551,134,W,ML,371,52.8,101,56.8,101,54.0,87,50.5,82,48.7,,,,,34.154235,-118.274159,SAN FERNANDO,5.983
2024-12-10 19:05:00,716554,134,W,ML,347,49.1,45,68.3,103,54.6,92,49.8,107,35.2,,,,,34.156198,-118.265345,PACIFIC,6.503
2024-12-10 19:05:00,717099,134,W,ML,399,48.4,101,54.9,96,51.6,92,47.3,110,40.5,,,,,34.156447,-118.245195,GLENDALE 1,7.673
2024-12-10 19:05:00,717582,134,W,ML,351,51.5,99,62.3,82,41.1,89,54.9,81,45.2,,,,,34.156458,-118.262159,CENTRAL,6.693
2024-12-10 19:05:00,717590,134,W,ML,115,64.2,24,69.6,35,66.1,31,62.7,25,58.4,,,,,34.148123,-118.229499,HARVEY,8.743
2024-12-10 19:05:00,717597,134,W,ML,115,64.2,24,69.6,35,66.1,31,62.7,25,58.4,,,,,34.142674,-118.184801,FIGUEROA,11.473
2024-12-10 19:05:00,717599,134,W,ML,445,64.6,93,70.0,135,66.5,119,63.1,98,58.8,,,,,34.142896,-118.172193,SAN RAFAEL,12.253
2024-12-10 19:05:00,717603,134,W,ML,113,64.9,25,68.9,27,66.7,24,64.9,23,62.4,14,58.1,,,34.146519,-118.162409,ORANGE GROVE,12.763
2024-12-10 19:05:00,717604,134,W,HV,114,64.2,114,64.2,,,,,,,,,,,34.146519,-118.162409,ORANGE GROVE,12.763
2024-12-10 19:05:00,761035,134,W,HV,114,64.2,114,64.2,,,,,,,,,,,34.148123,-118.229499,HARVEY,8.743
2024-12-10 19:05:00,761038,134,W,HV,114,64.2,114,64.2,,,,,,,,,,,34.156447,-118.245195,GLENDALE 1,7.673
2024-12-10 19:05:00,761041,134,W,HV,114,64.2,114,64.2,,,,,,,,,,,34.156458,-118.262159,CENTRAL,6.693
2024-12-10 19:05:00,761044,134,W,HV,114,64.2,114,64.2,,,,,,,,,,,34.156198,-118.265345,PACIFIC,6.503
2024-12-10 19:05:00,763610,134,W,HV,114,64.2,114,64.2,,,,,,,,,,,34.142896,-118.172193,SAN RAFAEL,12.253
2024-12-10 19:05:00,763612,134,W,HV,114,64.2,114,64.2,,,,,,,,,,,34.142674,-118.184801,FIGUEROA,11.473
2024-12-10 19:05:00,773975,134,W,ML,115,64.2,24,69.6,35,66.1,31,62.7,25,58.4,,,,,34.14568,-118.221874,OAKVIEW,9.213
2024-12-10 19:05:00,773977,134,W,HV,114,64.2,114,64.2,,,,,,,,,,,34.14568,-118.221874,OAKVIEW,9.213
2024-12-10 19:05:00,773996,134,W,ML,446,65.3,99,69.4,107,67.1,95,65.3,88,62.8,57,58.5,,,34.145076,-118.215608,FM 2 NB TO 134 EB,9.573
2024-12-10 19:05:00,773998,134,W,HV,114,64.2,114,64.2,,,,,,,,,,,34.145076,-118.215608,FM 2 NB TO 134 EB,9.573
2024-12-10 19:05:00,774012,134,W,ML,445,64.6,93,70.0,135,66.5,119,63.1,98,58.8,,,,,34.148107,-118.197509,TOWNSEND,10.643
2024-12-10 19:05:00,774014,134,W,HV,114,64.2,114,64.2,,,,,,,,,,,34.148107,-118.197509,TOWNSEND,10.643
2024-12-10 19:05:00,774032,134,W,ML,115,64.2,24,69.6,35,66.1,31,62.7,25,58.4,,,,,34.141843,-118.182666,COLORADO,11.623
2024-12-10 19:05:00,774034,134,W,HV,114,64.2,114,64.2,,,,,,,,,,,34.141843,-118.182666,COLORADO,11.623
2024-12-10 19:05:00,774053,134,W,ML,115,64.2,24,69.6,35,66.1,31,62.7,25,58.4,,,,,34.15084,-118.234258,FM 2 SB TO 134,8.403
2024-12-10 19:05:00,774055,134,W,HV,114,64.2,114,64.2,,,,,,,,,,,34.15084,-118.234258,FM 2 SB TO 134,8.403
2024-12-10 19:10:00,716551,134,W,ML,364,51.9,98,55.9,99,53.1,86,49.6,81,48.0,,,,,34.154235,-118.274159,SAN FERNANDO,5.983
2024-12-10 19:10:00,716554,134,W,ML,392,48.6,50,66.9,121,53.4,101,47.8,120,36.8,,,,,34.156198,-118.265345,PACIFIC,6.503
2024-12-10 19:10:00,717099,134,W,ML,475,50.8,122,57.3,114,53.9,108,49.6,131,43.0,,,,,34.156447,-118.245195,GLENDALE 1,7.673
2024-12-10 19:10:00,717582,134,W,ML,400,52.5,111,63.0,83,45.2,109,53.6,97,45.5,,,,,34.156458,-118.262159,CENTRAL,6.693
2024-12-10 19:10:00,717590,134,W,ML,115,64.2,24,69.6,35,66.1,31,62.7,25,58.4,,,,,34.148123,-118.229499,HARVEY,8.743
2024-12-10 19:10:00,717597,134,W,ML,115,64.2,24,69.6,35,66.1,31,62.7,25,58.4,,,,,34.142674,-118.184801,FIGUEROA,11.473
2024-12-10 19:10:00,717599,134,W,ML,446,64.7,93,70.1,135,66.6,120,63.2,98,58.9,,,,,34.142896,-118.172193,SAN RAFAEL,12.253
2024-12-10 19:10:00,717603,134,W,ML,113,64.9,25,68.9,27,66.7,24,64.9,23,62.4,14,58.1,,,34.146519,-118.162409,ORANGE GROVE,12.763
2024-12-10 19:10:00,717604,134,W,HV,114,64.2,114,64.2,,,,,,,,,,,34.146519,-118.162409,ORANGE GROVE,12.763
2024-12-10 19:10:00,761035,134,W,HV,114,64.2,114,64.2,,,,,,,,,,,34.148123,-118.229499,HARVEY,8.743
2024-12-10 19:10:00,761038,134,W,HV,114,64.2,114,64.2,,,,,,,,,,,34.156447,-118.245195,GLENDALE 1,7.673
2024-12-10 19:10:00,761041,134,W,HV,114,64.2,114,64.2,,,,,,,,,,,34.156458,-118.262159,CENTRAL,6.693
2024-12-10 19:10:00,761044,134,W,HV,114,64.2,114,64.2,,,,,,,,,,,34.156198,-118.265345,PACIFIC,6.503
2024-12-10 19:10:00,763610,134,W,HV,114,64.2,114,64.2,,,,,,,,,,,34.142896,-118.172193,SAN RAFAEL,12.253
2024-12-10 19:10:00,763612,134,W,HV,114,64.2,114,64.2,,,,,,,,,,,34.142674,-118.184801,FIGUEROA,11.473
2024-12-10 19:10:00,773975,134,W,ML,115,64.2,24,69.6,35,66.1,31,62.7,25,58.4,,,,,34.14568,-118.221874,OAKVIEW,9.213
2024-12-10 19:10:00,773977,134,W,HV,114,64.2,114,64.2,,,,,,,,,,,34.14568,-118.221874,OAKVIEW,9.213
2024-12-10 19:10:00,773996,134,W,ML,447,65.4,99,69.5,108,67.2,95,65.4,88,62.8,57,58.6,,,34.145076,-118.215608,FM 2 NB TO 134 EB,9.573
2024-12-10 19:10:00,773998,134,W,HV,114,64.2,114,64.2,,,,,,,,,,,34.145076,-118.215608,FM 2 NB TO 134 EB,9.573
2024-12-10 19:10:00,774012,134,W,ML,446,64.7,93,70.1,135,66.6,120,63.2,98,58.9,,,,,34.148107,-118.197509,TOWNSEND,10.643
2024-12-10 19:10:00,774014,134,W,HV,114,64.2,114,64.2,,,,,,,,,,,34.148107,-118.197509,TOWNSEND,10.643
2024-12-10 19:10:00,774032,134,W,ML,115,64.2,24,69.6,35,66.1,31,62.7,25,58.4,,,,,34.141843,-118.182666,COLORADO,11.623
2024-12-10 19:10:00,774034,134,W,HV,114,64.2,114,64.2,,,,,,,,,,,34.141843,-118.182666,COLORADO,11.623
2024-12-10 19:10:00,774053,134,W,ML,115,64.2,24,69.6,35,66.1,31,62.7,25,58.4,,,,,34.15084,-118.234258,FM 2 SB TO 134,8.403
2024-12-10 19:10:00,774055,134,W,HV,114,64.2,114,64.2,,,,,,,,,,,34.15084,-118.234258,FM 2 SB TO 134,8.403
2024-12-10 19:15:00,716551,134,W,ML,401,51.3,109,55.2,109,52.5,95,49.1,88,47.5,,,,,34.154235,-118.274159,SAN FERNANDO,5.983
2024-12-10 19:15:00,716554,134,W,ML,415,47.2,56,68.1,129,52.6,112,45.9,118,32.7,,,,,34.156198,-118.265345,PACIFIC,6.503
2024-12-10 19:15:00,717099,134,W,ML,490,41.4,126,47.7,117,44.8,112,40.8,135,33.1,,,,,34.156447,-118.245195,GLENDALE 1,7.673
2024-12-10 19:15:00,717582,134,W,ML,416,45.9,131,60.6,76,29.0,109,49.1,100,35.9,,,,,34.156458,-118.262159,CENTRAL,6.693
2024-12-10 19:15:00,717590,134,W,ML,113,64.4,24,69.8,34,66.3,30,62.9,25,58.6,,,,,34.148123,-118.229499,HARVEY,8.743
2024-12-10 19:15:00,717597,134,W,ML,113,64.4,24,69.8,34,66.3,30,62.9,25,58.6,,,,,34.142674,-118.184801,FIGUEROA,11.473
2024-12-10 19:15:00,717599,134,W,ML,448,65.0,94,70.5,136,66.9,120,63.5,98,59.2,,,,,34.142896,-118.172193,SAN RAFAEL,12.253
2024-12-10 19:15:00,717603,134,W,ML,112,65.1,25,69.2,27,66.9,24,65.1,22,62.6,14,58.3,,,34.146519,-118.162409,ORANGE GROVE,12.763
2024-12-10 19:15:00,717604,134,W,HV,113,64.4,113,64.4,,,,,,,,,,,34.146519,-118.162409,ORANGE GROVE,12.763
2024-12-10 19:15:00,761035,134,W,HV,113,64.4,113,64.4,,,,,,,,,,,34.148123,-118.229499,HARVEY,8.743
2024-12-10 19:15:00,761038,134,W,HV,113,64.4,113,64.4,,,,,,,,,,,34.156447,-118.245195,GLENDALE 1,7.673
2024-12-10 19:15:00,761041,134,W,HV,113,64.4,113,64.4,,,,,,,,,,,34.156458,-118.262159,CENTRAL,6.693
2024-12-10 19:15:00,761044,134,W,HV,113,64.4,113,64.4,,,,,,,,,,,34.156198,-118.265345,PACIFIC,6.503
2024-12-10 19:15:00,763610,134,W,HV,113,64.4,113,64.4,,,,,,,,,,,34.142896,-118.172193,SAN RAFAEL,12.253
2024-12-10 19:15:00,763612,134,W,HV,113,64.4,113,64.4,,,,,,,,,,,34.142674,-118.184801,FIGUEROA,11.473
2024-12-10 19:15:00,773975,134,W,ML,113,64.4,24,69.8,34,66.3,30,62.9,25,58.6,,,,,34.14568,-118.221874,OAKVIEW,9.213
2024-12-10 19:15:00,773977,134,W,HV,113,64.4,113,64.4,,,,,,,,,,,34.14568,-118.221874,OAKVIEW,9.213
2024-12-10 19:15:00,773996,134,W,ML,447,65.7,99,69.8,108,67.5,95,65.7,88,63.1,57,58.9,,,34.145076,-118.215608,FM 2 NB TO 134 EB,9.573
2024-12-10 19:15:00,773998,134,W,HV,113,64.4,113,64.4,,,,,,,,,,,34.145076,-118.215608,FM 2 NB TO 134 EB,9.573
2024-12-10 19:15:00,774012,134,W,ML,448,65.0,94,70.5,136,66.9,120,63.5,98,59.2,,,,,34.148107,-118.197509,TOWNSEND,10.643
2024-12-10 19:15:00,774014,134,W,HV,113,64.4,113,64.4,,,,,,,,,,,34.148107,-118.197509,TOWNSEND,10.643
2024-12-10 19:15:00,774032,134,W,ML,113,64.4,24,69.8,34,66.3,30,62.9,25,58.6,,,,,34.141843,-118.182666,COLORADO,11.623
2024-12-10 19:15:00,774034,134,W,HV,113,64.4,113,64.4,,,,,,,,,,,34.141843,-118.182666,COLORADO,11.623
2024-12-10 19:15:00,774053,134,W,ML,113,64.4,24,69.8,34,66.3,30,62.9,25,58.6,,,,,34.15084,-118.234258,FM 2 SB TO 134,8.403
2024-12-10 19:15:00,774055,134,W,HV,113,64.4,113,64.4,,,,,,,,,,,34.15084,-118.234258,FM 2 SB TO 134,8.403
2024-12-10 19:20:00,716551,134,W,ML,396,53.1,108,57.2,107,54.3,93,50.8,88,49.0,,,,,34.154235,-118.274159,SAN FERNANDO,5.983
2024-12-10 19:20:00,716554,134,W,ML,393,49.1,63,68.2,112,55.0,100,45.1,118,36.6,,,,,34.156198,-118.265345,PACIFIC,6.503
2024-12-10 19:20:00,717099,134,W,ML,484,40.7,124,47.0,116,44.1,110,40.2,134,32.4,,,,,34.156447,-118.245195,GLENDALE 1,7.673
2024-12-10 19:20:00,717582,134,W,ML,415,44.2,118,58.7,88,27.8,110,48.8,99,36.2,,,,,34.156458,-118.262159,CENTRAL,6.693
2024-12-10 19:20:00,717590,134,W,ML,111,64.5,23,69.9,34,66.4,30,63.0,24,58.7,,,,,34.148123,-118.229499,HARVEY,8.743
2024-12-10 19:20:00,717597,134,W,ML,111,64.5,23,69.9,34,66.4,30,63.0,24,58.7,,,,,34.142674,-118.184801,FIGUEROA,11.473
2024-12-10 19:20:00,717599,134,W,ML,441,65.2,92,70.7,134,67.1,118,63.7,97,59.3,,,,,34.142896,-118.172193,SAN RAFAEL,12.253
2024-12-10 19:20:00,717603,134,W,ML,112,65.2,25,69.3,27,67.0,24,65.2,22,62.7,14,58.4,,,34.146519,-118.162409,ORANGE GROVE,12.763
2024-12-10 19:20:00,717604,134,W,HV,111,64.5,111,64.5,,,,,,,,,,,34.146519,-118.162409,ORANGE GROVE,12.763
2024-12-10 19:20:00,761035,134,W,HV,111,64.5,111,64.5,,,,,,,,,,,34.148123,-118.229499,HARVEY,8.743
2024-12-10 19:20:00,761038,134,W,HV,111,64.5,111,64.5,,,,,,,,,,,34.156447,-118.245195,GLENDALE 1,7.673
2024-12-10 19:20:00,761041,134,W,HV,111,64.5,111,64.5,,,,,,,,,,,34.156458,-118.262159,CENTRAL,6.693
2024-12-10 19:20:00,761044,134,W,HV,111,64.5,111,64.5,,,,,,,,,,,34.156198,-118.265345,PACIFIC,6.503
2024-12-10 19:20:00,763610,134,W,HV,111,64.5,111,64.5,,,,,,,,,,,34.142896,-118.172193,SAN RAFAEL,12.253
2024-12-10 19:20:00,763612,134,W,HV,111,64.5,111,64.5,,,,,,,,,,,34.142674,-118.184801,FIGUEROA,11.473
2024-12-10 19:20:00,773975,134,W,ML,111,64.5,23,69.9,34,66.4,30,63.0,24,58.7,,,,,34.14568,-118.221874,OAKVIEW,9.213
2024-12-10 19:20:00,773977,134,W,HV,111,64.5,111,64.5,,,,,,,,,,,34.14568,-118.221874,OAKVIEW,9.213
2024-12-10 19:20:00,773996,134,W,ML,442,65.9,98,70.0,107,67.7,94,65.9,87,63.3,56,59.0,,,34.145076,-118.215608,FM 2 NB TO 134 EB,9.573
2024-12-10 19:20:00,773998,134,W,HV,111,64.5,111,64.5,,,,,,,,,,,34.145076,-118.215608,FM 2 NB TO 134 EB,9.573
2024-12-10 19:20:00,774012,134,W,ML,441,65.2,92,70.7,134,67.1,118,63.7,97,59.3,,,,,34.148107,-118.197509,TOWNSEND,10.643
2024-12-10 19:20:00,774014,134,W,HV,111,64.5,111,64.5,,,,,,,,,,,34.148107,-118.197509,TOWNSEND,10.643
2024-12-10 19:20:00,774032,134,W,ML,111,64.5,23,69.9,34,66.4,30,63.0,24,58.7,,,,,34.141843,-118.182666,COLORADO,11.623
2024-12-10 19:20:00,774034,134,W,HV,111,64.5,111,64.5,,,,,,,,,,,34.141843,-118.182666,COLORADO,11.623
2024-12-10 19:20:00,774053,134,W,ML,111,64.5,23,69.9,34,66.4,30,63.0,24,58.7,,,,,34.15084,-118.234258,FM 2 SB TO 134,8.403
2024-12-10 19:20:00,774055,134,W,HV,111,64.5,111,64.5,,,,,,,,,,,34.15084,-118.234258,FM 2 SB TO 134,8.403
2024-12-10 19:25:00,716551,134,W,ML,347,53.5,93,57.6,95,54.6,82,51.3,77,49.5,,,,,34.154235,-118.274159,SAN FERNANDO,5.983
2024-12-10 19:25:00,716554,134,W,ML,357,50.0,46,68.3,109,56.9,90,47.3,112,37.8,,,,,34.156198,-118.265345,PACIFIC,6.503
2024-12-10 19:25:00,717099,134,W,ML,438,44.1,111,50.6,105,47.5,100,43.4,122,36.0,,,,,34.156447,-118.245195,GLENDALE 1,7.673
2024-12-10 19:25:00,717582,134,W,ML,360,47.4,103,59.8,81,33.8,83,51.7,93,41.5,,,,,34.156458,-118.262159,CENTRAL,6.693
2024-12-10 19:25:00,717590,134,W,ML,109,64.6,23,70.0,33,66.5,29,63.1,24,58.8,,,,,34.148123,-118.229499,HARVEY,8.743
2024-12-10 19:25:00,717597,134,W,ML,109,64.6,23,70.0,33,66.5,29,63.1,24,58.8,,,,,34.142674,-118.184801,FIGUEROA,11.473
2024-12-10 19:25:00,717599,134,W,ML,435,65.4,91,70.9,132,67.3,117,63.9,95,59.5,,,,,34.142896,-118.172193,SAN RAFAEL,12.253
2024-12-10 19:25:00,717603,134,W,ML,109,65.2,24,69.4,26,67.1,23,65.3,22,62.8,14,58.5,,,34.146519,-118.162409,ORANGE GROVE,12.763
2024-12-10 19:25:00,717604,134,W,HV,109,64.6,109,64.6,,,,,,,,,,,34.146519,-118.162409,ORANGE GROVE,12.763
2024-12-10 19:25:00,761035,134,W,HV,109,64.6,109,64.6,,,,,,,,,,,34.148123,-118.229499,HARVEY,8.743
2024-12-10 19:25:00,761038,134,W,HV,109,64.6,109,64.6,,,,,,,,,,,34.156447,-118.245195,GLENDALE 1,7.673
2024-12-10 19:25:00,761041,134,W,HV,109,64.6,109,64.6,,,,,,,,,,,34.156458,-118.262159,CENTRAL,6.693
2024-12-10 19:25:00,761044,134,W,HV,109,64.6,109,64.6,,,,,,,,,,,34.156198,-118.265345,PACIFIC,6.503
2024-12-10 19:25:00,763610,134,W,HV,109,64.6,109,64.6,,,,,,,,,,,34.142896,-118.172193,SAN RAFAEL,12.253
2024-12-10 19:25:00,763612,134,W,HV,109,64.6,109,64.6,,,,,,,,,,,34.142674,-118.184801,FIGUEROA,11.473
2024-12-10 19:25:00,773975,134,W,ML,109,64.6,23,70.0,33,66.5,29,63.1,24,58.8,,,,,34.14568,-118.221874,OAKVIEW,9.213
2024-12-10 19:25:00,773977,134,W,HV,109,64.6,109,64.6,,,,,,,,,,,34.14568,-118.221874,OAKVIEW,9.213
2024-12-10 19:25:00,773996,134,W,ML,435,66.1,96,70.2,105,67.9,93,66.1,86,63.5,55,59.2,,,34.145076,-118.215608,FM 2 NB TO 134 EB,9.573
2024-12-10 19:25:00,773998,134,W,HV,109,64.6,109,64.6,,,,,,,,,,,34.145076,-118.215608,FM 2 NB TO 134 EB,9.573
2024-12-10 19:25:00,774012,134,W,ML,435,65.4,91,70.9,132,67.3,117,63.9,95,59.5,,,,,34.148107,-118.197509,TOWNSEND,10.643
2024-12-10 19:25:00,774014,134,W,HV,109,64.6,109,64.6,,,,,,,,,,,34.148107,-118.197509,TOWNSEND,10.643
2024-12-10 19:25:00,774032,134,W,ML,109,64.6,23,70.0,33,66.5,29,63.1,24,58.8,,,,,34.141843,-118.182666,COLORADO,11.623
2024-12-10 19:25:00,774034,134,W,HV,109,64.6,109,64.6,,,,,,,,,,,34.141843,-118.182666,COLORADO,11.623
2024-12-10 19:25:00,774053,134,W,ML,109,64.6,23,70.0,33,66.5,29,63.1,24,58.8,,,,,34.15084,-118.234258,FM 2 SB TO 134,8.403
2024-12-10 19:25:00,774055,134,W,HV,109,64.6,109,64.6,,,,,,,,,,,34.15084,-118.234258,FM 2 SB TO 134,8.403
2024-12-10 19:30:00,716551,134,W,ML,346,56.1,93,60.4,94,57.4,82,53.7,77,51.8,,,,,34.154235,-118.274159,SAN FERNANDO,5.983
2024-12-10 19:30:00,716554,134,W,ML,318,54.2,31,71.1,103,60.2,78,53.1,106,44.3,,,,,34.156198,-118.265345,PACIFIC,6.503
2024-12-10 19:30:00,717099,134,W,ML,416,50.6,105,57.1,100,53.7,95,49.4,116,42.8,,,,,34.156447,-118.245195,GLENDALE 1,7.673
2024-12-10 19:30:00,717582,134,W,ML,347,54.2,94,65.0,81,44.9,79,57.2,93,48.7,,,,,34.156458,-118.262159,CENTRAL,6.693
2024-12-10 19:30:00,717590,134,W,ML,106,64.7,22,70.1,32,66.6,29,63.2,23,58.9,,,,,34.148123,-118.229499,HARVEY,8.743
2024-12-10 19:30:00,717597,134,W,ML,106,64.7,22,70.1,32,66.6,29,63.2,23,58.9,,,,,34.142674,-118.184801,FIGUEROA,11.473
2024-12-10 19:30:00,717599,134,W,ML,427,65.6,89,71.1,130,67.5,114,64.1,94,59.7,,,,,34.142896,-118.172193,SAN RAFAEL,12.253
2024-12-10 19:30:00,717603,134,W,ML,108,65.4,24,69.5,26,67.2,23,65.4,21,62.8,14,58.6,,,34.146519,-118.162409,ORANGE GROVE,12.763
2024-12-10 19:30:00,717604,134,W,HV,107,64.7,107,64.7,,,,,,,,,,,34.146519,-118.162409,ORANGE GROVE,12.763
2024-12-10 19:30:00,761035,134,W,HV,107,64.7,107,64.7,,,,,,,,,,,34.148123,-118.229499,HARVEY,8.743
2024-12-10 19:30:00,761038,134,W,HV,107,64.7,107,64.7,,,,,,,,,,,34.156447,-118.245195,GLENDALE 1,7.673
2024-12-10 19:30:00,761041,134,W,HV,107,64.7,107,64.7,,,,,,,,,,,34.156458,-118.262159,CENTRAL,6.693
2024-12-10 19:30:00,761044,134,W,HV,107,64.7,107,64.7,,,,,,,,,,,34.156198,-118.265345,PACIFIC,6.503
2024-12-10 19:30:00,763610,134,W,HV,107,64.7,107,64.7,,,,,,,,,,,34.142896,-118.172193,SAN RAFAEL,12.253
2024-12-10 19:30:00,763612,134,W,HV,107,64.7,107,64.7,,,,,,,,,,,34.142674,-118.184801,FIGUEROA,11.473
2024-12-10 19:30:00,773975,134,W,ML,106,64.7,22,70.1,32,66.6,29,63.2,23,58.9,,,,,34.14568,-118.221874,OAKVIEW,9.213
2024-12-10 19:30:00,773977,134,W,HV,107,64.7,107,64.7,,,,,,,,,,,34.14568,-118.221874,OAKVIEW,9.213
2024-12-10 19:30:00,773996,134,W,ML,427,66.3,95,70.4,103,68.1,91,66.3,84,63.7,54,59.4,,,34.145076,-118.215608,FM 2 NB TO 134 EB,9.573
2024-12-10 19:30:00,773998,134,W,HV,107,64.7,107,64.7,,,,,,,,,,,34.145076,-118.215608,FM 2 NB TO 134 EB,9.573
2024-12-10 19:30:00,774012,134,W,ML,427,65.6,89,71.1,130,67.5,114,64.1,94,59.7,,,,,34.148107,-118.197509,TOWNSEND,10.643
2024-12-10 19:30:00,774014,134,W,HV,107,64.7,107,64.7,,,,,,,,,,,34.148107,-118.197509,TOWNSEND,10.643
2024-12-10 19:30:00,774032,134,W,ML,106,64.7,22,70.1,32,66.6,29,63.2,23,58.9,,,,,34.141843,-118.182666,COLORADO,11.623
2024-12-10 19:30:00,774034,134,W,HV,107,64.7,107,64.7,,,,,,,,,,,34.141843,-118.182666,COLORADO,11.623
2024-12-10 19:30:00,774053,134,W,ML,106,64.7,22,70.1,32,66.6,29,63.2,23,58.9,,,,,34.15084,-118.234258,FM 2 SB TO 134,8.403
2024-12-10 19:30:00,774055,134,W,HV,107,64.7,107,64.7,,,,,,,,,,,34.15084,-118.234258,FM 2 SB TO 134,8.403
2024-12-10 19:35:00,716551,134,W,ML,306,58.0,81,62.7,84,59.6,73,55.4,68,53.3,,,,,34.154235,-118.274159,SAN FERNANDO,5.983
2024-12-10 19:35:00,716554,134,W,ML,298,58.0,28,73.4,79,63.1,83,58.8,108,49.8,,,,,34.156198,-118.265345,PACIFIC,6.503
2024-12-10 19:35:00,717099,134,W,ML,433,56.4,110,63.1,104,59.4,99,54.9,120,49.0,,,,,34.156447,-118.245195,GLENDALE 1,7.673
2024-12-10 19:35:00,717582,134,W,ML,339,58.7,84,67.6,82,55.0,82,59.5,91,53.0,,,,,34.156458,-118.262159,CENTRAL,6.693
2024-12-10 19:35:00,717590,134,W,ML,105,64.7,22,70.1,32,66.6,28,63.2,23,58.9,,,,,34.148123,-118.229499,HARVEY,8.743
2024-12-10 19:35:00,717597,134,W,ML,105,64.7,22,70.1,32,66.6,28,63.2,23,58.9,,,,,34.142674,-118.184801,FIGUEROA,11.473
2024-12-10 19:35:00,717599,134,W,ML,425,65.7,89,71.2,129,67.6,114,64.2,93,59.8,,,,,34.142896,-118.172193,SAN RAFAEL,12.253
2024-12-10 19:35:00,717603,134,W,ML,104,65.4,23,69.5,25,67.2,22,65.4,21,62.8,13,58.6,,,34.146519,-118.162409,ORANGE GROVE,12.763
2024-12-10 19:35:00,717604,134,W,HV,104,64.7,104,64.7,,,,,,,,,,,34.146519,-118.162409,ORANGE GROVE,12.763
2024-12-10 19:35:00,761035,134,W,HV,104,64.7,104,64.7,,,,,,,,,,,34.148123,-118.229499,HARVEY,8.743
2024-12-10 19:35:00,761038,134,W,HV,104,64.7,104,64.7,,,,,,,,,,,34.156447,-118.245195,GLENDALE 1,7.673
2024-12-10 19:35:00,761041,134,W,HV,104,64.7,104,64.7,,,,,,,,,,,34.156458,-118.262159,CENTRAL,6.693
2024-12-10 19:35:00,761044,134,W,HV,104,64.7,104,64.7,,,,,,,,,,,34.156198,-118.265345,PACIFIC,6.503
2024-12-10 19:35:00,763610,134,W,HV,104,64.7,104,64.7,,,,,,,,,,,34.142896,-118.172193,SAN RAFAEL,12.253
2024-12-10 19:35:00,763612,134,W,HV,104,64.7,104,64.7,,,,,,,,,,,34.142674,-118.184801,FIGUEROA,11.473
2024-12-10 19:35:00,773975,134,W,ML,105,64.7,22,70.1,32,66.6,28,63.2,23,58.9,,,,,34.14568,-118.221874,OAKVIEW,9.213
2024-12-10 19:35:00,773977,134,W,HV,104,64.7,104,64.7,,,,,,,,,,,34.14568,-118.221874,OAKVIEW,9.213
2024-12-10 19:35:00,773996,134,W,ML,424,66.4,94,70.5,102,68.2,90,66.4,84,63.8,54,59.5,,,34.145076,-118.215608,FM 2 NB TO 134 EB,9.573
2024-12-10 19:35:00,773998,134,W,HV,104,64.7,104,64.7,,,,,,,,,,,34.145076,-118.215608,FM 2 NB TO 134 EB,9.573
2024-12-10 19:35:00,774012,134,W,ML,425,65.7,89,71.2,129,67.6,114,64.2,93,59.8,,,,,34.148107,-118.197509,TOWNSEND,10.643
2024-12-10 19:35:00,774014,134,W,HV,104,64.7,104,64.7,,,,,,,,,,,34.148107,-118.197509,TOWNSEND,10.643
2024-12-10 19:35:00,774032,134,W,ML,105,64.7,22,70.1,32,66.6,28,63.2,23,58.9,,,,,34.141843,-118.182666,COLORADO,11.623
2024-12-10 19:35:00,774034,134,W,HV,104,64.7,104,64.7,,,,,,,,,,,34.141843,-118.182666,COLORADO,11.623
2024-12-10 19:35:00,774053,134,W,ML,105,64.7,22,70.1,32,66.6,28,63.2,23,58.9,,,,,34.15084,-118.234258,FM 2 SB TO 134,8.403
2024-12-10 19:35:00,774055,134,W,HV,104,64.7,104,64.7,,,,,,,,,,,34.15084,-118.234258,FM 2 SB TO 134,8.403
2024-12-10 19:40:00,716551,134,W,ML,327,60.1,87,64.9,89,61.7,78,57.4,73,55.1,,,,,34.154235,-118.274159,SAN FERNANDO,5.983
2024-12-10 19:40:00,716554,134,W,ML,290,60.8,29,74.1,87,64.6,82,62.5,92,51.6,,,,,34.156198,-118.265345,PACIFIC,6.503
2024-12-10 19:40:00,717099,134,W,ML,365,56.5,92,63.2,88,59.4,84,54.9,101,49.1,,,,,34.156447,-118.245195,GLENDALE 1,7.673
2024-12-10 19:40:00,717582,134,W,ML,331,60.9,83,68.9,88,55.1,86,62.3,74,57.1,,,,,34.156458,-118.262159,CENTRAL,6.693
2024-12-10 19:40:00,717590,134,W,ML,104,64.7,22,70.1,31,66.6,28,63.2,23,58.9,,,,,34.148123,-118.229499,HARVEY,8.743
2024-12-10 19:40:00,717597,134,W,ML,104,64.7,22,70.1,31,66.6,28,63.2,23,58.9,,,,,34.142674,-118.184801,FIGUEROA,11.473
2024-12-10 19:40:00,717599,134,W,ML,419,65.7,88,71.2,127,67.6,112,64.2,92,59.8,,,,,34.142896,-118.172193,SAN RAFAEL,12.253
2024-12-10 19:40:00,717603,134,W,ML,103,65.4,23,69.5,25,67.2,22,65.4,20,62.8,13,58.6,,,34.146519,-118.162409,ORANGE GROVE,12.763
2024-12-10 19:40:00,717604,134,W,HV,103,64.7,103,64.7,,,,,,,,,,,34.146519,-118.162409,ORANGE GROVE,12.763
2024-12-10 19:40:00,761035,134,W,HV,103,64.7,103,64.7,,,,,,,,,,,34.148123,-118.229499,HARVEY,8.743
2024-12-10 19:40:00,761038,134,W,HV,103,64.7,103,64.7,,,,,,,,,,,34.156447,-118.245195,GLENDALE 1,7.673
2024-12-10 19:40:00,761041,134,W,HV,103,64.7,103,64.7,,,,,,,,,,,34.156458,-118.262159,CENTRAL,6.693
2024-12-10 19:40:00,761044,134,W,HV,103,64.7,103,64.7,,,,,,,,,,,34.156198,-118.265345,PACIFIC,6.503
2024-12-10 19:40:00,763610,134,W,HV,103,64.7,103,64.7,,,,,,,,,,,34.142896,-118.172193,SAN RAFAEL,12.253
2024-12-10 19:40:00,763612,134,W,HV,103,64.7,103,64.7,,,,,,,,,,,34.142674,-118.184801,FIGUEROA,11.473
2024-12-10 19:40:00,773975,134,W,ML,104,64.7,22,70.1,31,66.6,28,63.2,23,58.9,,,,,34.14568,-118.221874,OAKVIEW,9.213
2024-12-10 19:40:00,773977,134,W,HV,103,64.7,103,64.7,,,,,,,,,,,34.14568,-118.221874,OAKVIEW,9.213
2024-12-10 19:40:00,773996,134,W,ML,419,66.4,93,70.5,101,68.2,89,66.4,83,63.8,53,59.5,,,34.145076,-118.215608,FM 2 NB TO 134 EB,9.573
2024-12-10 19:40:00,773998,134,W,HV,103,64.7,103,64.7,,,,,,,,,,,34.145076,-118.215608,FM 2 NB TO 134 EB,9.573
2024-12-10 19:40:00,774012,134,W,ML,419,65.7,88,71.2,127,67.6,112,64.2,92,59.8,,,,,34.148107,-118.197509,TOWNSEND,10.643
2024-12-10 19:40:00,774014,134,W,HV,103,64.7,103,64.7,,,,,,,,,,,34.148107,-118.197509,TOWNSEND,10.643
2024-12-10 19:40:00,774032,134,W,ML,104,64.7,22,70.1,31,66.6,28,63.2,23,58.9,,,,,34.141843,-118.182666,COLORADO,11.623
2024-12-10 19:40:00,774034,134,W,HV,103,64.7,103,64.7,,,,,,,,,,,34.141843,-118.182666,COLORADO,11.623
2024-12-10 19:40:00,774053,134,W,ML,104,64.7,22,70.1,31,66.6,28,63.2,23,58.9,,,,,34.15084,-118.234258,FM 2 SB TO 134,8.403
2024-12-10 19:40:00,774055,134,W,HV,103,64.7,103,64.7,,,,,,,,,,,34.15084,-118.234258,FM 2 SB TO 134,8.403
2024-12-10 19:45:00,716551,134,W,ML,323,60.6,86,65.4,88,62.3,77,57.9,72,55.5,,,,,34.154235,-118.274159,SAN FERNANDO,5.983
2024-12-10 19:45:00,716554,134,W,ML,315,61.0,32,74.9,83,65.3,90,62.7,110,52.4,,,,,34.156198,-118.265345,PACIFIC,6.503
2024-12-10 19:45:00,717099,134,W,ML,468,57.0,119,63.8,112,60.0,107,55.4,130,49.6,,,,,34.156447,-118.245195,GLENDALE 1,7.673
2024-12-10 19:45:00,717582,134,W,ML,368,60.7,90,69.7,89,53.6,88,61.4,101,58.3,,,,,34.156458,-118.262159,CENTRAL,6.693
2024-12-10 19:45:00,717590,134,W,ML,100,64.8,21,70.2,30,66.7,27,63.3,22,59.0,,,,,34.148123,-118.229499,HARVEY,8.743
2024-12-10 19:45:00,717597,134,W,ML,100,64.8,21,70.2,30,66.7,27,63.3,22,59.0,,,,,34.142674,-118.184801,FIGUEROA,11.473
2024-12-10 19:45:00,717599,134,W,ML,415,65.7,87,71.2,126,67.6,111,64.2,91,59.8,,,,,34.142896,-118.172193,SAN RAFAEL,12.253
2024-12-10 19:45:00,717603,134,W,ML,100,65.4,22,69.6,24,67.3,21,65.5,20,62.9,13,58.7,,,34.146519,-118.162409,ORANGE GROVE,12.763
2024-12-10 19:45:00,717604,134,W,HV,100,64.8,100,64.8,,,,,,,,,,,34.146519,-118.162409,ORANGE GROVE,12.763
2024-12-10 19:45:00,761035,134,W,HV,100,64.8,100,64.8,,,,,,,,,,,34.148123,-118.229499,HARVEY,8.743
2024-12-10 19:45:00,761038,134,W,HV,100,64.8,100,64.8,,,,,,,,,,,34.156447,-118.245195,GLENDALE 1,7.673
2024-12-10 19:45:00,761041,134,W,HV,100,64.8,100,64.8,,,,,,,,,,,34.156458,-118.262159,CENTRAL,6.693
2024-12-10 19:45:00,761044,134,W,HV,100,64.8,100,64.8,,,,,,,,,,,34.156198,-118.265345,PACIFIC,6.503
2024-12-10 19:45:00,763610,134,W,HV,100,64.8,100,64.8,,,,,,,,,,,34.142896,-118.172193,SAN RAFAEL,12.253
2024-12-10 19:45:00,763612,134,W,HV,100,64.8,100,64.8,,,,,,,,,,,34.142674,-118.184801,FIGUEROA,11.473
2024-12-10 19:45:00,773975,134,W,ML,100,64.8,21,70.2,30,66.7,27,63.3,22,59.0,,,,,34.14568,-118.221874,OAKVIEW,9.213
2024-12-10 19:45:00,773977,134,W,HV,100,64.8,100,64.8,,,,,,,,,,,34.14568,-118.221874,OAKVIEW,9.213
2024-12-10 19:45:00,773996,134,W,ML,415,66.4,92,70.5,100,68.2,88,66.4,82,63.8,53,59.5,,,34.145076,-118.215608,FM 2 NB TO 134 EB,9.573
2024-12-10 19:45:00,773998,134,W,HV,100,64.8,100,64.8,,,,,,,,,,,34.145076,-118.215608,FM 2 NB TO 134 EB,9.573
2024-12-10 19:45:00,774012,134,W,ML,415,65.7,87,71.2,126,67.6,111,64.2,91,59.8,,,,,34.148107,-118.197509,TOWNSEND,10.643
2024-12-10 19:45:00,774014,134,W,HV,100,64.8,100,64.8,,,,,,,,,,,34.148107,-118.197509,TOWNSEND,10.643
2024-12-10 19:45:00,774032,134,W,ML,100,64.8,21,70.2,30,66.7,27,63.3,22,59.0,,,,,34.141843,-118.182666,COLORADO,11.623
2024-12-10 19:45:00,774034,134,W,HV,100,64.8,100,64.8,,,,,,,,,,,34.141843,-118.182666,COLORADO,11.623
2024-12-10 19:45:00,774053,134,W,ML,100,64.8,21,70.2,30,66.7,27,63.3,22,59.0,,,,,34.15084,-118.234258,FM 2 SB TO 134,8.403
2024-12-10 19:45:00,774055,134,W,HV,100,64.8,100,64.8,,,,,,,,,,,34.15084,-118.234258,FM 2 SB TO 134,8.403
2024-12-10 19:50:00,716551,134,W,ML,315,60.9,84,65.8,86,62.6,75,58.3,70,55.9,,,,,34.154235,-118.274159,SAN FERNANDO,5.983
2024-12-10 19:50:00,716554,134,W,ML,309,61.5,30,75.2,77,66.0,86,62.5,116,54.3,,,,,34.156198,-118.265345,PACIFIC,6.503
2024-12-10 19:50:00,717099,134,W,ML,404,61.0,102,67.8,97,63.9,93,59.1,112,53.8,,,,,34.156447,-118.245195,GLENDALE 1,7.673
2024-12-10 19:50:00,717582,134,W,ML,336,63.0,77,71.3,86,57.0,77,62.9,96,61.9,,,,,34.156458,-118.262159,CENTRAL,6.693
2024-12-10 19:50:00,717590,134,W,ML,98,64.8,20,70.2,30,66.7,26,63.3,22,59.0,,,,,34.148123,-118.229499,HARVEY,8.743
2024-12-10 19:50:00,717597,134,W,ML,98,64.8,20,70.2,30,66.7,26,63.3,22,59.0,,,,,34.142674,-118.184801,FIGUEROA,11.473
2024-12-10 19:50:00,717599,134,W,ML,406,65.8,85,71.3,123,67.7,109,64.3,89,59.9,,,,,34.142896,-118.172193,SAN RAFAEL,12.253
2024-12-10 19:50:00,717603,134,W,ML,98,65.5,22,69.6,24,67.3,21,65.5,19,62.9,12,58.7,,,34.146519,-118.162409,ORANGE GROVE,12.763
2024-12-10 19:50:00,717604,134,W,HV,98,64.8,98,64.8,,,,,,,,,,,34.146519,-118.162409,ORANGE GROVE,12.763
2024-12-10 19:50:00,761035,134,W,HV,98,64.8,98,64.8,,,,,,,,,,,34.148123,-118.229499,HARVEY,8.743
2024-12-10 19:50:00,761038,134,W,HV,98,64.8,98,64.8,,,,,,,,,,,34.156447,-118.245195,GLENDALE 1,7.673
2024-12-10 19:50:00,761041,134,W,HV,98,64.8,98,64.8,,,,,,,,,,,34.156458,-118.262159,CENTRAL,6.693
2024-12-10 19:50:00,761044,134,W,HV,98,64.8,98,64.8,,,,,,,,,,,34.156198,-118.265345,PACIFIC,6.503
2024-12-10 19:50:00,763610,134,W,HV,98,64.8,98,64.8,,,,,,,,,,,34.142896,-118.172193,SAN RAFAEL,12.253
2024-12-10 19:50:00,763612,134,W,HV,98,64.8,98,64.8,,,,,,,,,,,34.142674,-118.184801,FIGUEROA,11.473
2024-12-10 19:50:00,773975,134,W,ML,98,64.8,20,70.2,30,66.7,26,63.3,22,59.0,,,,,34.14568,-118.221874,OAKVIEW,9.213
2024-12-10 19:50:00,773977,134,W,HV,98,64.8,98,64.8,,,,,,,,,,,34.14568,-118.221874,OAKVIEW,9.213
2024-12-10 19:50:00,773996,134,W,ML,406,66.5,90,70.7,98,68.3,86,66.5,80,63.9,52,59.6,,,34.145076,-118.215608,FM 2 NB TO 134 EB,9.573
2024-12-10 19:50:00,773998,134,W,HV,98,64.8,98,64.8,,,,,,,,,,,34.145076,-118.215608,FM 2 NB TO 134 EB,9.573
2024-12-10 19:50:00,774012,134,W,ML,406,65.8,85,71.3,123,67.7,109,64.3,89,59.9,,,,,34.148107,-118.197509,TOWNSEND,10.643
2024-12-10 19:50:00,774014,134,W,HV,98,64.8,98,64.8,,,,,,,,,,,34.148107,-118.197509,TOWNSEND,10.643
2024-12-10 19:50:00,774032,134,W,ML,98,64.8,20,70.2,30,66.7,26,63.3,22,59.0,,,,,34.141843,-118.182666,COLORADO,11.623
2024-12-10 19:50:00,774034,134,W,HV,98,64.8,98,64.8,,,,,,,,,,,34.141843,-118.182666,COLORADO,11.623
2024-12-10 19:50:00,774053,134,W,ML,98,64.8,20,70.2,30,66.7,26,63.3,22,59.0,,,,,34.15084,-118.234258,FM 2 SB TO 134,8.403
2024-12-10 19:50:00,774055,134,W,HV,98,64.8,98,64.8,,,,,,,,,,,34.15084,-118.234258,FM 2 SB TO 134,8.403
2024-12-10 19:55:00,716551,134,W,ML,295,60.8,77,65.7,81,62.5,71,58.1,66,55.7,,,,,34.154235,-118.274159,SAN FERNANDO,5.983
2024-12-10 19:55:00,716554,134,W,ML,274,62.1,28,75.3,76,65.6,69,64.1,101,54.5,,,,,34.156198,-118.265345,PACIFIC,6.503
2024-12-10 19:55:00,717099,134,W,ML,370,61.2,93,68.1,89,64.1,85,59.4,103,54.1,,,,,34.156447,-118.245195,GLENDALE 1,7.673
2024-12-10 19:55:00,717582,134,W,ML,327,63.7,83,70.5,91,59.2,71,63.2,82,62.1,,,,,34.156458,-118.262159,CENTRAL,6.693
2024-12-10 19:55:00,717590,134,W,ML,95,64.8,20,70.2,29,66.7,25,63.3,21,59.0,,,,,34.148123,-118.229499,HARVEY,8.743
2024-12-10 19:55:00,717597,134,W,ML,95,64.8,20,70.2,29,66.7,25,63.3,21,59.0,,,,,34.142674,-118.184801,FIGUEROA,11.473
2024-12-10 19:55:00,717599,134,W,ML,396,65.9,83,71.4,120,67.8,106,64.4,87,60.0,,,,,34.142896,-118.172193,SAN RAFAEL,12.253
2024-12-10 19:55:00,717603,134,W,ML,95,65.5,21,69.6,23,67.3,20,65.5,19,62.9,12,58.7,,,34.146519,-118.162409,ORANGE GROVE,12.763
2024-12-10 19:55:00,717604,134,W,HV,95,64.8,95,64.8,,,,,,,,,,,34.146519,-118.162409,ORANGE GROVE,12.763
2024-12-10 19:55:00,761035,134,W,HV,95,64.8,95,64.8,,,,,,,,,,,34.148123,-118.229499,HARVEY,8.743
2024-12-10 19:55:00,761038,134,W,HV,95,64.8,95,64.8,,,,,,,,,,,34.156447,-118.245195,GLENDALE 1,7.673
2024-12-10 19:55:00,761041,134,W,HV,95,64.8,95,64.8,,,,,,,,,,,34.156458,-118.262159,CENTRAL,6.693
2024-12-10 19:55:00,761044,134,W,HV,95,64.8,95,64.8,,,,,,,,,,,34.156198,-118.265345,PACIFIC,6.503
2024-12-10 19:55:00,763610,134,W,HV,95,64.8,95,64.8,,,,,,,,,,,34.142896,-118.172193,SAN RAFAEL,12.253
2024-12-10 19:55:00,763612,134,W,HV,95,64.8,95,64.8,,,,,,,,,,,34.142674,-118.184801,FIGUEROA,11.473
2024-12-10 19:55:00,773975,134,W,ML,95,64.8,20,70.2,29,66.7,25,63.3,21,59.0,,,,,34.14568,-118.221874,OAKVIEW,9.213
2024-12-10 19:55:00,773977,134,W,HV,95,64.8,95,64.8,,,,,,,,,,,34.14568,-118.221874,OAKVIEW,9.213
2024-12-10 19:55:00,773996,134,W,ML,397,66.6,88,70.8,96,68.5,85,66.6,78,64.0,50,59.7,,,34.145076,-118.215608,FM 2 NB TO 134 EB,9.573
2024-12-10 19:55:00,773998,134,W,HV,95,64.8,95,64.8,,,,,,,,,,,34.145076,-118.215608,FM 2 NB TO 134 EB,9.573
2024-12-10 19:55:00,774012,134,W,ML,396,65.9,83,71.4,120,67.8,106,64.4,87,60.0,,,,,34.148107,-118.197509,TOWNSEND,10.643
2024-12-10 19:55:00,774014,134,W,HV,95,64.8,95,64.8,,,,,,,,,,,34.148107,-118.197509,TOWNSEND,10.643
2024-12-10 19:55:00,774032,134,W,ML,95,64.8,20,70.2,29,66.7,25,63.3,21,59.0,,,,,34.141843,-118.182666,COLORADO,11.623
2024-12-10 19:55:00,774034,134,W,HV,95,64.8,95,64.8,,,,,,,,,,,34.141843,-118.182666,COLORADO,11.623
2024-12-10 19:55:00,774053,134,W,ML,95,64.8,20,70.2,29,66.7,25,63.3,21,59.0,,,,,34.15084,-118.234258,FM 2 SB TO 134,8.403
2024-12-10 19:55:00,774055,134,W,HV,95,64.8,95,64.8,,,,,,,,,,,34.15084,-118.234258,FM 2 SB TO 134,8.403
2024-12-10 20:00:00,716551,134,W,ML,265,61.7,68,66.7,73,63.4,64,59.1,60,56.7,,,,,34.154235,-118.274159,SAN FERNANDO,5.983
2024-12-10 20:00:00,716554,134,W,ML,230,63.6,13,75.0,65,66.8,66,65.1,86,58.4,,,,,34.156198,-118.265345,PACIFIC,6.503
2024-12-10 20:00:00,717099,134,W,ML,354,64.0,89,70.9,85,66.7,82,62.0,98,57.1,,,,,34.156447,-118.245195,GLENDALE 1,7.673
2024-12-10 20:00:00,717582,134,W,ML,291,65.9,69,73.4,74,60.9,68,65.0,80,64.9,,,,,34.156458,-118.262159,CENTRAL,6.693
2024-12-10 20:00:00,717590,134,W,ML,92,64.8,19,70.2,28,66.7,25,63.3,20,59.0,,,,,34.148123,-118.229499,HARVEY,8.743
2024-12-10 20:00:00,717597,134,W,ML,92,64.8,19,70.2,28,66.7,25,63.3,20,59.0,,,,,34.142674,-118.184801,FIGUEROA,11.473
2024-12-10 20:00:00,717599,134,W,ML,392,65.9,82,71.4,119,67.8,105,64.4,86,60.0,,,,,34.142896,-118.172193,SAN RAFAEL,12.253
2024-12-10 20:00:00,717603,134,W,ML,92,65.4,20,69.6,22,67.3,20,65.5,18,62.9,12,58.7,,,34.146519,-118.162409,ORANGE GROVE,12.763
2024-12-10 20:00:00,717604,134,W,HV,92,64.8,92,64.8,,,,,,,,,,,34.146519,-118.162409,ORANGE GROVE,12.763
2024-12-10 20:00:00,761035,134,W,HV,92,64.8,92,64.8,,,,,,,,,,,34.148123,-118.229499,HARVEY,8.743
2024-12-10 20:00:00,761038,134,W,HV,92,64.8,92,64.8,,,,,,,,,,,34.156447,-118.245195,GLENDALE 1,7.673
2024-12-10 20:00:00,761041,134,W,HV,92,64.8,92,64.8,,,,,,,,,,,34.156458,-118.262159,CENTRAL,6.693
2024-12-10 20:00:00,761044,134,W,HV,92,64.8,92,64.8,,,,,,,,,,,34.156198,-118.265345,PACIFIC,6.503
2024-12-10 20:00:00,763610,134,W,HV,92,64.8,92,64.8,,,,,,,,,,,34.142896,-118.172193,SAN RAFAEL,12.253
2024-12-10 20:00:00,763612,134,W,HV,92,64.8,92,64.8,,,,,,,,,,,34.142674,-118.184801,FIGUEROA,11.473
2024-12-10 20:00:00,773975,134,W,ML,92,64.8,19,70.2,28,66.7,25,63.3,20,59.0,,,,,34.14568,-118.221874,OAKVIEW,9.213
2024-12-10 20:00:00,773977,134,W,HV,92,64.8,92,64.8,,,,,,,,,,,34.14568,-118.221874,OAKVIEW,9.213
2024-12-10 20:00:00,773996,134,W,ML,391,66.6,87,70.8,94,68.5,83,66.6,77,64.0,50,59.7,,,34.145076,-118.215608,FM 2 NB TO 134 EB,9.573
2024-12-10 20:00:00,773998,134,W,HV,92,64.8,92,64.8,,,,,,,,,,,34.145076,-118.215608,FM 2 NB TO 134 EB,9.573
2024-12-10 20:00:00,774012,134,W,ML,392,65.9,82,71.4,119,67.8,105,64.4,86,60.0,,,,,34.148107,-118.197509,TOWNSEND,10.643
2024-12-10 20:00:00,774014,134,W,HV,92,64.8,92,64.8,,,,,,,,,,,34.148107,-118.197509,TOWNSEND,10.643
2024-12-10 20:00:00,774032,134,W,ML,92,64.8,19,70.2,28,66.7,25,63.3,20,59.0,,,,,34.141843,-118.182666,COLORADO,11.623
2024-12-10 20:00:00,774034,134,W,HV,92,64.8,92,64.8,,,,,,,,,,,34.141843,-118.182666,COLORADO,11.623
2024-12-10 20:00:00,774053,134,W,ML,92,64.8,19,70.2,28,66.7,25,63.3,20,59.0,,,,,34.15084,-118.234258,FM 2 SB TO 134,8.403
2024-12-10 20:00:00,774055,134,W,HV,92,64.8,92,64.8,,,,,,,,,,,34.15084,-118.234258,FM 2 SB TO 134,8.403
2024-12-10 20:05:00,716551,134,W,ML,301,62.6,79,67.7,82,64.5,72,59.9,68,57.3,,,,,34.154235,-118.274159,SAN FERNANDO,5.983
2024-12-10 20:05:00,716554,134,W,ML,263,64.5,16,74.8,78,69.0,82,64.8,87,58.4,,,,,34.156198,-118.265345,PACIFIC,6.503
2024-12-10 20:05:00,717099,134,W,ML,323,61.0,80,67.8,78,63.9,75,59.1,90,53.8,,,,,34.156447,-118.245195,GLENDALE 1,7.673
2024-12-10 20:05:00,717582,134,W,ML,279,65.3,63,73.6,67,60.3,84,65.7,65,61.9,,,,,34.156458,-118.262159,CENTRAL,6.693
2024-12-10 20:05:00,717590,134,W,ML,90,64.8,19,70.2,27,66.7,24,63.3,20,59.0,,,,,34.148123,-118.229499,HARVEY,8.743
2024-12-10 20:05:00,717597,134,W,ML,90,64.8,19,70.2,27,66.7,24,63.3,20,59.0,,,,,34.142674,-118.184801,FIGUEROA,11.473
2024-12-10 20:05:00,717599,134,W,ML,388,66.0,81,71.6,118,67.9,104,64.5,85,60.1,,,,,34.142896,-118.172193,SAN RAFAEL,12.253
2024-12-10 20:05:00,717603,134,W,ML,90,65.5,20,69.6,22,67.3,19,65.5,18,62.9,11,58.7,,,34.146519,-118.162409,ORANGE GROVE,12.763
2024-12-10 20:05:00,717604,134,W,HV,90,64.8,90,64.8,,,,,,,,,,,34.146519,-118.162409,ORANGE GROVE,12.763
2024-12-10 20:05:00,761035,134,W,HV,90,64.8,90,64.8,,,,,,,,,,,34.148123,-118.229499,HARVEY,8.743
2024-12-10 20:05:00,761038,134,W,HV,90,64.8,90,64.8,,,,,,,,,,,34.156447,-118.245195,GLENDALE 1,7.673
2024-12-10 20:05:00,761041,134,W,HV,90,64.8,90,64.8,,,,,,,,,,,34.156458,-118.262159,CENTRAL,6.693
2024-12-10 20:05:00,761044,134,W,HV,90,64.8,90,64.8,,,,,,,,,,,34.156198,-118.265345,PACIFIC,6.503
2024-12-10 20:05:00,763610,134,W,HV,90,64.8,90,64.8,,,,,,,,,,,34.142896,-118.172193,SAN RAFAEL,12.253
2024-12-10 20:05:00,763612,134,W,HV,90,64.8,90,64.8,,,,,,,,,,,34.142674,-118.184801,FIGUEROA,11.473
2024-12-10 20:05:00,773975,134,W,ML,90,64.8,19,70.2,27,66.7,24,63.3,20,59.0,,,,,34.14568,-118.221874,OAKVIEW,9.213
2024-12-10 20:05:00,773977,134,W,HV,90,64.8,90,64.8,,,,,,,,,,,34.14568,-118.221874,OAKVIEW,9.213
2024-12-10 20:05:00,773996,134,W,ML,389,66.7,86,70.9,94,68.6,83,66.7,77,64.1,49,59.8,,,34.145076,-118.215608,FM 2 NB TO 134 EB,9.573
2024-12-10 20:05:00,773998,134,W,HV,90,64.8,90,64.8,,,,,,,,,,,34.145076,-118.215608,FM 2 NB TO 134 EB,9.573
2024-12-10 20:05:00,774012,134,W,ML,388,66.0,81,71.6,118,67.9,104,64.5,85,60.1,,,,,34.148107,-118.197509,TOWNSEND,10.643
2024-12-10 20:05:00,774014,134,W,HV,90,64.8,90,64.8,,,,,,,,,,,34.148107,-118.197509,TOWNSEND,10.643
2024-12-10 20:05:00,774032,134,W,ML,90,64.8,19,70.2,27,66.7,24,63.3,20,59.0,,,,,34.141843,-118.182666,COLORADO,11.623
2024-12-10 20:05:00,774034,134,W,HV,90,64.8,90,64.8,,,,,,,,,,,34.141843,-118.182666,COLORADO,11.623
2024-12-10 20:05:00,774053,134,W,ML,90,64.8,19,70.2,27,66.7,24,63.3,20,59.0,,,,,34.15084,-118.234258,FM 2 SB TO 134,8.403
2024-12-10 20:05:00,774055,134,W,HV,90,64.8,90,64.8,,,,,,,,,,,34.15084,-118.234258,FM 2 SB TO 134,8.403
2024-12-10 20:10:00,716551,134,W,ML,268,63.1,70,68.2,74,64.9,64,60.4,60,57.8,,,,,34.154235,-118.274159,SAN FERNANDO,5.983
2024-12-10 20:10:00,716554,134,W,ML,254,65.3,21,74.8,66,69.2,71,65.7,96,60.2,,,,,34.156198,-118.265345,PACIFIC,6.503
2024-12-10 20:10:00,717099,134,W,ML,422,61.9,107,68.7,101,64.7,97,60.0,117,54.8,,,,,34.156447,-118.245195,GLENDALE 1,7.673
2024-12-10 20:10:00,717582,134,W,ML,321,65.9,71,74.3,76,61.8,80,65.9,94,62.7,,,,,34.156458,-118.262159,CENTRAL,6.693
2024-12-10 20:10:00,717590,134,W,ML,86,64.9,18,70.4,26,66.8,23,63.4,19,59.1,,,,,34.148123,-118.229499,HARVEY,8.743
2024-12-10 20:10:00,717597,134,W,ML,86,64.9,18,70.4,26,66.8,23,63.4,19,59.1,,,,,34.142674,-118.184801,FIGUEROA,11.473
2024-12-10 20:10:00,717599,134,W,ML,391,66.0,82,71.6,118,67.9,105,64.5,86,60.1,,,,,34.142896,-118.172193,SAN RAFAEL,12.253
2024-12-10 20:10:00,717603,134,W,ML,87,65.6,19,69.7,21,67.4,19,65.6,17,63.0,11,58.8,,,34.146519,-118.162409,ORANGE GROVE,12.763
2024-12-10 20:10:00,717604,134,W,HV,87,64.9,87,64.9,,,,,,,,,,,34.146519,-118.162409,ORANGE GROVE,12.763
2024-12-10 20:10:00,761035,134,W,HV,87,64.9,87,64.9,,,,,,,,,,,34.148123,-118.229499,HARVEY,8.743
2024-12-10 20:10:00,761038,134,W,HV,87,64.9,87,64.9,,,,,,,,,,,34.156447,-118.245195,GLENDALE 1,7.673
2024-12-10 20:10:00,761041,134,W,HV,87,64.9,87,64.9,,,,,,,,,,,34.156458,-118.262159,CENTRAL,6.693
2024-12-10 20:10:00,761044,134,W,HV,87,64.9,87,64.9,,,,,,,,,,,34.156198,-118.265345,PACIFIC,6.503
2024-12-10 20:10:00,763610,134,W,HV,87,64.9,87,64.9,,,,,,,,,,,34.142896,-118.172193,SAN RAFAEL,12.253
2024-12-10 20:10:00,763612,134,W,HV,87,64.9,87,64.9,,,,,,,,,,,34.142674,-118.184801,FIGUEROA,11.473
2024-12-10 20:10:00,773975,134,W,ML,86,64.9,18,70.4,26,66.8,23,63.4,19,59.1,,,,,34.14568,-118.221874,OAKVIEW,9.213
2024-12-10 20:10:00,773977,134,W,HV,87,64.9,87,64.9,,,,,,,,,,,34.14568,-118.221874,OAKVIEW,9.213
2024-12-10 20:10:00,773996,134,W,ML,390,66.7,86,70.9,94,68.6,83,66.7,77,64.1,50,59.8,,,34.145076,-118.215608,FM 2 NB TO 134 EB,9.573
2024-12-10 20:10:00,773998,134,W,HV,87,64.9,87,64.9,,,,,,,,,,,34.145076,-118.215608,FM 2 NB TO 134 EB,9.573
2024-12-10 20:10:00,774012,134,W,ML,391,66.0,82,71.6,118,67.9,105,64.5,86,60.1,,,,,34.148107,-118.197509,TOWNSEND,10.643
2024-12-10 20:10:00,774014,134,W,HV,87,64.9,87,64.9,,,,,,,,,,,34.148107,-118.197509,TOWNSEND,10.643
2024-12-10 20:10:00,774032,134,W,ML,86,64.9,18,70.4,26,66.8,23,63.4,19,59.1,,,,,34.141843,-118.182666,COLORADO,11.623
2024-12-10 20:10:00,774034,134,W,HV,87,64.9,87,64.9,,,,,,,,,,,34.141843,-118.182666,COLORADO,11.623
2024-12-10 20:10:00,774053,134,W,ML,86,64.9,18,70.4,26,66.8,23,63.4,19,59.1,,,,,34.15084,-118.234258,FM 2 SB TO 134,8.403
2024-12-10 20:10:00,774055,134,W,HV,87,64.9,87,64.9,,,,,,,,,,,34.15084,-118.234258,FM 2 SB TO 134,8.403
2024-12-10 20:15:00,716551,134,W,ML,284,63.4,74,68.5,78,65.3,68,60.6,64,58.0,,,,,34.154235,-118.274159,SAN FERNANDO,5.983
2024-12-10 20:15:00,716554,134,W,ML,249,65.9,18,74.9,75,70.2,69,65.8,87,60.4,,,,,34.156198,-118.265345,PACIFIC,6.503
2024-12-10 20:15:00,717099,134,W,ML,347,62.3,87,69.2,84,65.1,80,60.4,96,55.3,,,,,34.156447,-118.245195,GLENDALE 1,7.673
2024-12-10 20:15:00,717582,134,W,ML,286,65.9,68,74.5,64,61.1,67,65.5,87,63.1,,,,,34.156458,-118.262159,CENTRAL,6.693
2024-12-10 20:15:00,717590,134,W,ML,84,65.0,18,70.4,25,66.8,23,63.4,18,59.1,,,,,34.148123,-118.229499,HARVEY,8.743
2024-12-10 20:15:00,717597,134,W,ML,84,65.0,18,70.4,25,66.8,23,63.4,18,59.1,,,,,34.142674,-118.184801,FIGUEROA,11.473
2024-12-10 20:15:00,717599,134,W,ML,391,66.0,82,71.6,118,67.9,105,64.5,86,60.1,,,,,34.142896,-118.172193,SAN RAFAEL,12.253
2024-12-10 20:15:00,717603,134,W,ML,85,65.5,19,69.7,20,67.4,18,65.6,17,63.0,11,58.8,,,34.146519,-118.162409,ORANGE GROVE,12.763
2024-12-10 20:15:00,717604,134,W,HV,84,64.9,84,64.9,,,,,,,,,,,34.146519,-118.162409,ORANGE GROVE,12.763
2024-12-10 20:15:00,761035,134,W,HV,84,64.9,84,64.9,,,,,,,,,,,34.148123,-118.229499,HARVEY,8.743
2024-12-10 20:15:00,761038,134,W,HV,84,64.9,84,64.9,,,,,,,,,,,34.156447,-118.245195,GLENDALE 1,7.673
2024-12-10 20:15:00,761041,134,W,HV,84,64.9,84,64.9,,,,,,,,,,,34.156458,-118.262159,CENTRAL,6.693
2024-12-10 20:15:00,761044,134,W,HV,84,64.9,84,64.9,,,,,,,,,,,34.156198,-118.265345,PACIFIC,6.503
2024-12-10 20:15:00,763610,134,W,HV,84,64.9,84,64.9,,,,,,,,,,,34.142896,-118.172193,SAN RAFAEL,12.253
2024-12-10 20:15:00,763612,134,W,HV,84,64.9,84,64.9,,,,,,,,,,,34.142674,-118.184801,FIGUEROA,11.473
2024-12-10 20:15:00,773975,134,W,ML,84,65.0,18,70.4,25,66.8,23,63.4,18,59.1,,,,,34.14568,-118.221874,OAKVIEW,9.213
2024-12-10 20:15:00,773977,134,W,HV,84,64.9,84,64.9,,,,,,,,,,,34.14568,-118.221874,OAKVIEW,9.213
2024-12-10 20:15:00,773996,134,W,ML,390,66.7,86,70.9,94,68.6,83,66.7,77,64.1,50,59.8,,,34.145076,-118.215608,FM 2 NB TO 134 EB,9.573
2024-12-10 20:15:00,773998,134,W,HV,84,64.9,84,64.9,,,,,,,,,,,34.145076,-118.215608,FM 2 NB TO 134 EB,9.573
2024-12-10 20:15:00,774012,134,W,ML,391,66.0,82,71.6,118,67.9,105,64.5,86,60.1,,,,,34.148107,-118.197509,TOWNSEND,10.643
2024-12-10 20:15:00,774014,134,W,HV,84,64.9,84,64.9,,,,,,,,,,,34.148107,-118.197509,TOWNSEND,10.643
2024-12-10 20:15:00,774032,134,W,ML,84,65.0,18,70.4,25,66.8,23,63.4,18,59.1,,,,,34.141843,-118.182666,COLORADO,11.623
2024-12-10 20:15:00,774034,134,W,HV,84,64.9,84,64.9,,,,,,,,,,,34.141843,-118.182666,COLORADO,11.623
2024-12-10 20:15:00,774053,134,W,ML,84,65.0,18,70.4,25,66.8,23,63.4,18,59.1,,,,,34.15084,-118.234258,FM 2 SB TO 134,8.403
2024-12-10 20:15:00,774055,134,W,HV,84,64.9,84,64.9,,,,,,,,,,,34.15084,-118.234258,FM 2 SB TO 134,8.403
2024-12-10 20:20:00,716551,134,W,ML,244,63.6,62,68.9,67,65.6,59,61.0,56,58.3,,,,,34.154235,-118.274159,SAN FERNANDO,5.983
2024-12-10 20:20:00,716554,134,W,ML,204,66.2,13,74.9,58,70.4,56,66.3,77,61.4,,,,,34.156198,-118.265345,PACIFIC,6.503
2024-12-10 20:20:00,717099,134,W,ML,291,63.2,72,70.2,70,66.1,68,61.3,81,56.3,,,,,34.156447,-118.245195,GLENDALE 1,7.673
2024-12-10 20:20:00,717582,134,W,ML,239,66.9,56,73.8,67,66.9,57,66.3,59,60.9,,,,,34.156458,-118.262159,CENTRAL,6.693
2024-12-10 20:20:00,717590,134,W,ML,82,64.9,17,70.4,25,66.8,22,63.4,18,59.1,,,,,34.148123,-118.229499,HARVEY,8.743
2024-12-10 20:20:00,717597,134,W,ML,82,64.9,17,70.4,25,66.8,22,63.4,18,59.1,,,,,34.142674,-118.184801,FIGUEROA,11.473
2024-12-10 20:20:00,717599,134,W,ML,386,66.0,81,71.6,117,67.9,103,64.5,85,60.1,,,,,34.142896,-118.172193,SAN RAFAEL,12.253
2024-12-10 20:20:00,717603,134,W,ML,81,65.6,18,69.7,20,67.4,17,65.6,16,63.0,10,58.8,,,34.146519,-118.162409,ORANGE GROVE,12.763
2024-12-10 20:20:00,717604,134,W,HV,81,64.9,81,64.9,,,,,,,,,,,34.146519,-118.162409,ORANGE GROVE,12.763
2024-12-10 20:20:00,761035,134,W,HV,81,64.9,81,64.9,,,,,,,,,,,34.148123,-118.229499,HARVEY,8.743
2024-12-10 20:20:00,761038,134,W,HV,81,64.9,81,64.9,,,,,,,,,,,34.156447,-118.245195,GLENDALE 1,7.673
2024-12-10 20:20:00,761041,134,W,HV,81,64.9,81,64.9,,,,,,,,,,,34.156458,-118.262159,CENTRAL,6.693
2024-12-10 20:20:00,761044,134,W,HV,81,64.9,81,64.9,,,,,,,,,,,34.156198,-118.265345,PACIFIC,6.503
2024-12-10 20:20:00,763610,134,W,HV,81,64.9,81,64.9,,,,,,,,,,,34.142896,-118.172193,SAN RAFAEL,12.253
2024-12-10 20:20:00,763612,134,W,HV,81,64.9,81,64.9,,,,,,,,,,,34.142674,-118.184801,FIGUEROA,11.473
2024-12-10 20:20:00,773975,134,W,ML,82,64.9,17,70.4,25,66.8,22,63.4,18,59.1,,,,,34.14568,-118.221874,OAKVIEW,9.213
2024-12-10 20:20:00,773977,134,W,HV,81,64.9,81,64.9,,,,,,,,,,,34.14568,-118.221874,OAKVIEW,9.213
2024-12-10 20:20:00,773996,134,W,ML,385,66.7,85,70.9,93,68.6,82,66.7,76,64.1,49,59.8,,,34.145076,-118.215608,FM 2 NB TO 134 EB,9.573
2024-12-10 20:20:00,773998,134,W,HV,81,64.9,81,64.9,,,,,,,,,,,34.145076,-118.215608,FM 2 NB TO 134 EB,9.573
2024-12-10 20:20:00,774012,134,W,ML,386,66.0,81,71.6,117,67.9,103,64.5,85,60.1,,,,,34.148107,-118.197509,TOWNSEND,10.643
2024-12-10 20:20:00,774014,134,W,HV,81,64.9,81,64.9,,,,,,,,,,,34.148107,-118.197509,TOWNSEND,10.643
2024-12-10 20:20:00,774032,134,W,ML,82,64.9,17,70.4,25,66.8,22,63.4,18,59.1,,,,,34.141843,-118.182666,COLORADO,11.623
2024-12-10 20:20:00,774034,134,W,HV,81,64.9,81,64.9,,,,,,,,,,,34.141843,-118.182666,COLORADO,11.623
2024-12-10 20:20:00,774053,134,W,ML,82,64.9,17,70.4,25,66.8,22,63.4,18,59.1,,,,,34.15084,-118.234258,FM 2 SB TO 134,8.403
2024-12-10 20:20:00,774055,134,W,HV,81,64.9,81,64.9,,,,,,,,,,,34.15084,-118.234258,FM 2 SB TO 134,8.403
2024-12-10 20:25:00,716551,134,W,ML,270,64.1,70,69.3,74,66.1,65,61.4,61,58.7,,,,,34.154235,-118.274159,SAN FERNANDO,5.983
2024-12-10 20:25:00,716554,134,W,ML,229,66.4,15,74.6,72,71.0,58,66.8,84,60.8,,,,,34.156198,-118.265345,PACIFIC,6.503
2024-12-10 20:25:00,717099,134,W,ML,308,64.7,76,71.7,74,67.5,72,62.7,86,57.9,,,,,34.156447,-118.245195,GLENDALE 1,7.673
2024-12-10 20:25:00,717582,134,W,ML,265,67.8,67,75.2,73,69.5,57,67.1,68,59.2,,,,,34.156458,-118.262159,CENTRAL,6.693
2024-12-10 20:25:00,717590,134,W,ML,78,64.8,16,70.2,24,66.7,21,63.3,17,59.0,,,,,34.148123,-118.229499,HARVEY,8.743
2024-12-10 20:25:00,717597,134,W,ML,78,64.8,16,70.2,24,66.7,21,63.3,17,59.0,,,,,34.142674,-118.184801,FIGUEROA,11.473
2024-12-10 20:25:00,717599,134,W,ML,373,65.9,78,71.4,113,67.8,100,64.4,82,60.0,,,,,34.142896,-118.172193,SAN RAFAEL,12.253
2024-12-10 20:25:00,717603,134,W,ML,78,65.5,17,69.6,19,67.3,17,65.5,15,62.9,10,58.7,,,34.146519,-118.162409,ORANGE GROVE,12.763
2024-12-10 20:25:00,717604,134,W,HV,78,64.8,78,64.8,,,,,,,,,,,34.146519,-118.162409,ORANGE GROVE,12.763
2024-12-10 20:25:00,761035,134,W,HV,78,64.8,78,64.8,,,,,,,,,,,34.148123,-118.229499,HARVEY,8.743
2024-12-10 20:25:00,761038,134,W,HV,78,64.8,78,64.8,,,,,,,,,,,34.156447,-118.245195,GLENDALE 1,7.673
2024-12-10 20:25:00,761041,134,W,HV,78,64.8,78,64.8,,,,,,,,,,,34.156458,-118.262159,CENTRAL,6.693
2024-12-10 20:25:00,761044,134,W,HV,78,64.8,78,64.8,,,,,,,,,,,34.156198,-118.265345,PACIFIC,6.503
2024-12-10 20:25:00,763610,134,W,HV,78,64.8,78,64.8,,,,,,,,,,,34.142896,-118.172193,SAN RAFAEL,12.253
2024-12-10 20:25:00,763612,134,W,HV,78,64.8,78,64.8,,,,,,,,,,,34.142674,-118.184801,FIGUEROA,11.473
2024-12-10 20:25:00,773975,134,W,ML,78,64.8,16,70.2,24,66.7,21,63.3,17,59.0,,,,,34.14568,-118.221874,OAKVIEW,9.213
2024-12-10 20:25:00,773977,134,W,HV,78,64.8,78,64.8,,,,,,,,,,,34.14568,-118.221874,OAKVIEW,9.213
2024-12-10 20:25:00,773996,134,W,ML,371,66.6,82,70.8,90,68.5,79,66.6,73,64.0,47,59.7,,,34.145076,-118.215608,FM 2 NB TO 134 EB,9.573
2024-12-10 20:25:00,773998,134,W,HV,78,64.8,78,64.8,,,,,,,,,,,34.145076,-118.215608,FM 2 NB TO 134 EB,9.573
2024-12-10 20:25:00,774012,134,W,ML,373,65.9,78,71.4,113,67.8,100,64.4,82,60.0,,,,,34.148107,-118.197509,TOWNSEND,10.643
2024-12-10 20:25:00,774014,134,W,HV,78,64.8,78,64.8,,,,,,,,,,,34.148107,-118.197509,TOWNSEND,10.643
2024-12-10 20:25:00,774032,134,W,ML,78,64.8,16,70.2,24,66.7,21,63.3,17,59.0,,,,,34.141843,-118.182666,COLORADO,11.623
2024-12-10 20:25:00,774034,134,W,HV,78,64.8,78,64.8,,,,,,,,,,,34.141843,-118.182666,COLORADO,11.623
2024-12-10 20:25:00,774053,134,W,ML,78,64.8,16,70.2,24,66.7,21,63.3,17,59.0,,,,,34.15084,-118.234258,FM 2 SB TO 134,8.403
2024-12-10 20:25:00,774055,134,W,HV,78,64.8,78,64.8,,,,,,,,,,,34.15084,-118.234258,FM 2 SB TO 134,8.403
2024-12-10 20:30:00,716551,134,W,ML,259,63.9,67,69.2,71,65.8,63,61.2,58,58.6,,,,,34.154235,-118.274159,SAN FERNANDO,5.983
2024-12-10 20:30:00,716554,134,W,ML,222,66.3,14,74.9,53,71.9,69,67.7,86,60.3,,,,,34.156198,-118.265345,PACIFIC,6.503
2024-12-10 20:30:00,717099,134,W,ML,337,63.2,84,70.1,81,66.0,78,61.2,94,56.2,,,,,34.156447,-118.245195,GLENDALE 1,7.673
2024-12-10 20:30:00,717582,134,W,ML,267,66.8,65,75.2,68,66.8,66,67.4,68,58.2,,,,,34.156458,-118.262159,CENTRAL,6.693
2024-12-10 20:30:00,717590,134,W,ML,76,64.8,16,70.2,23,66.7,20,63.3,17,59.0,,,,,34.148123,-118.229499,HARVEY,8.743
2024-12-10 20:30:00,717597,134,W,ML,76,64.8,16,70.2,23,66.7,20,63.3,17,59.0,,,,,34.142674,-118.184801,FIGUEROA,11.473
2024-12-10 20:30:00,717599,134,W,ML,366,65.8,77,71.3,111,67.7,98,64.3,80,59.9,,,,,34.142896,-118.172193,SAN RAFAEL,12.253
2024-12-10 20:30:00,717603,134,W,ML,76,65.4,17,69.6,18,67.3,16,65.5,15,62.9,10,58.7,,,34.146519,-118.162409,ORANGE GROVE,12.763
2024-12-10 20:30:00,717604,134,W,HV,76,64.8,76,64.8,,,,,,,,,,,34.146519,-118.162409,ORANGE GROVE,12.763
2024-12-10 20:30:00,761035,134,W,HV,76,64.8,76,64.8,,,,,,,,,,,34.148123,-118.229499,HARVEY,8.743
2024-12-10 20:30:00,761038,134,W,HV,76,64.8,76,64.8,,,,,,,,,,,34.156447,-118.245195,GLENDALE 1,7.673
2024-12-10 20:30:00,761041,134,W,HV,76,64.8,76,64.8,,,,,,,,,,,34.156458,-118.262159,CENTRAL,6.693
2024-12-10 20:30:00,761044,134,W,HV,76,64.8,76,64.8,,,,,,,,,,,34.156198,-118.265345,PACIFIC,6.503
2024-12-10 20:30:00,763610,134,W,HV,76,64.8,76,64.8,,,,,,,,,,,34.142896,-118.172193,SAN RAFAEL,12.253
2024-12-10 20:30:00,763612,134,W,HV,76,64.8,76,64.8,,,,,,,,,,,34.142674,-118.184801,FIGUEROA,11.473
2024-12-10 20:30:00,773975,134,W,ML,76,64.8,16,70.2,23,66.7,20,63.3,17,59.0,,,,,34.14568,-118.221874,OAKVIEW,9.213
2024-12-10 20:30:00,773977,134,W,HV,76,64.8,76,64.8,,,,,,,,,,,34.14568,-118.221874,OAKVIEW,9.213
2024-12-10 20:30:00,773996,134,W,ML,365,66.5,81,70.7,88,68.3,78,66.5,72,63.9,46,59.6,,,34.145076,-118.215608,FM 2 NB TO 134 EB,9.573
2024-12-10 20:30:00,773998,134,W,HV,76,64.8,76,64.8,,,,,,,,,,,34.145076,-118.215608,FM 2 NB TO 134 EB,9.573
2024-12-10 20:30:00,774012,134,W,ML,366,65.8,77,71.3,111,67.7,98,64.3,80,59.9,,,,,34.148107,-118.197509,TOWNSEND,10.643
2024-12-10 20:30:00,774014,134,W,HV,76,64.8,76,64.8,,,,,,,,,,,34.148107,-118.197509,TOWNSEND,10.643
2024-12-10 20:30:00,774032,134,W,ML,76,64.8,16,70.2,23,66.7,20,63.3,17,59.0,,,,,34.141843,-118.182666,COLORADO,11.623
2024-12-10 20:30:00,774034,134,W,HV,76,64.8,76,64.8,,,,,,,,,,,34.141843,-118.182666,COLORADO,11.623
2024-12-10 20:30:00,774053,134,W,ML,76,64.8,16,70.2,23,66.7,20,63.3,17,59.0,,,,,34.15084,-118.234258,FM 2 SB TO 134,8.403
2024-12-10 20:30:00,774055,134,W,HV,76,64.8,76,64.8,,,,,,,,,,,34.15084,-118.234258,FM 2 SB TO 134,8.403
2024-12-10 20:35:00,716551,134,W,ML,233,62.7,60,67.8,64,64.5,56,60.0,53,57.5,,,,,34.154235,-118.274159,SAN FERNANDO,5.983
2024-12-10 20:35:00,716554,134,W,ML,201,66.2,18,75.0,53,71.4,60,66.5,70,59.6,,,,,34.156198,-118.265345,PACIFIC,6.503
2024-12-10 20:35:00,717099,134,W,ML,272,64.1,66,71.1,66,67.0,64,62.1,76,57.3,,,,,34.156447,-118.245195,GLENDALE 1,7.673
2024-12-10 20:35:00,717582,134,W,ML,225,68.0,52,75.7,61,68.5,48,68.5,64,60.8,,,,,34.156458,-118.262159,CENTRAL,6.693
2024-12-10 20:35:00,717590,134,W,ML,73,64.8,15,70.2,22,66.7,20,63.3,16,59.0,,,,,34.148123,-118.229499,HARVEY,8.743
2024-12-10 20:35:00,717597,134,W,ML,73,64.8,15,70.2,22,66.7,20,63.3,16,59.0,,,,,34.142674,-118.184801,FIGUEROA,11.473
2024-12-10 20:35:00,717599,134,W,ML,369,65.7,77,71.2,112,67.6,99,64.2,81,59.8,,,,,34.142896,-118.172193,SAN RAFAEL,12.253
2024-12-10 20:35:00,717603,134,W,ML,74,65.5,16,69.6,18,67.3,16,65.5,15,62.9,9,58.7,,,34.146519,-118.162409,ORANGE GROVE,12.763
2024-12-10 20:35:00,717604,134,W,HV,74,64.8,74,64.8,,,,,,,,,,,34.146519,-118.162409,ORANGE GROVE,12.763
2024-12-10 20:35:00,761035,134,W,HV,74,64.8,74,64.8,,,,,,,,,,,34.148123,-118.229499,HARVEY,8.743
2024-12-10 20:35:00,761038,134,W,HV,74,64.8,74,64.8,,,,,,,,,,,34.156447,-118.245195,GLENDALE 1,7.673
2024-12-10 20:35:00,761041,134,W,HV,74,64.8,74,64.8,,,,,,,,,,,34.156458,-118.262159,CENTRAL,6.693
2024-12-10 20:35:00,761044,134,W,HV,74,64.8,74,64.8,,,,,,,,,,,34.156198,-118.265345,PACIFIC,6.503
2024-12-10 20:35:00,763610,134,W,HV,74,64.8,74,64.8,,,,,,,,,,,34.142896,-118.172193,SAN RAFAEL,12.253
2024-12-10 20:35:00,763612,134,W,HV,74,64.8,74,64.8,,,,,,,,,,,34.142674,-118.184801,FIGUEROA,11.473
2024-12-10 20:35:00,773975,134,W,ML,73,64.8,15,70.2,22,66.7,20,63.3,16,59.0,,,,,34.14568,-118.221874,OAKVIEW,9.213
2024-12-10 20:35:00,773977,134,W,HV,74,64.8,74,64.8,,,,,,,,,,,34.14568,-118.221874,OAKVIEW,9.213
2024-12-10 20:35:00,773996,134,W,ML,368,66.4,81,70.5,89,68.2,78,66.4,73,63.8,47,59.5,,,34.145076,-118.215608,FM 2 NB TO 134 EB,9.573
2024-12-10 20:35:00,773998,134,W,HV,74,64.8,74,64.8,,,,,,,,,,,34.145076,-118.215608,FM 2 NB TO 134 EB,9.573
2024-12-10 20:35:00,774012,134,W,ML,369,65.7,77,71.2,112,67.6,99,64.2,81,59.8,,,,,34.148107,-118.197509,TOWNSEND,10.643
2024-12-10 20:35:00,774014,134,W,HV,74,64.8,74,64.8,,,,,,,,,,,34.148107,-118.197509,TOWNSEND,10.643
2024-12-10 20:35:00,774032,134,W,ML,73,64.8,15,70.2,22,66.7,20,63.3,16,59.0,,,,,34.141843,-118.182666,COLORADO,11.623
2024-12-10 20:35:00,774034,134,W,HV,74,64.8,74,64.8,,,,,,,,,,,34.141843,-118.182666,COLORADO,11.623
2024-12-10 20:35:00,774053,134,W,ML,73,64.8,15,70.2,22,66.7,20,63.3,16,59.0,,,,,34.15084,-118.234258,FM 2 SB TO 134,8.403
2024-12-10 20:35:00,774055,134,W,HV,74,64.8,74,64.8,,,,,,,,,,,34.15084,-118.234258,FM 2 SB TO 134,8.403
2024-12-10 20:40:00,716551,134,W,ML,251,63.1,64,68.2,69,65.0,61,60.6,57,57.8,,,,,34.154235,-118.274159,SAN FERNANDO,5.983
2024-12-10 20:40:00,716554,134,W,ML,197,67.4,10,74.9,60,71.9,57,69.0,70,61.3,,,,,34.156198,-118.265345,PACIFIC,6.503
2024-12-10 20:40:00,717099,134,W,ML,251,64.2,60,71.2,60,67.1,60,62.3,71,57.4,,,,,34.156447,-118.245195,GLENDALE 1,7.673
2024-12-10 20:40:00,717582,134,W,ML,213,68.8,56,74.9,54,68.7,49,69.0,54,62.2,,,,,34.156458,-118.262159,CENTRAL,6.693
2024-12-10 20:40:00,717590,134,W,ML,72,64.8,15,70.2,22,66.7,19,63.3,16,59.0,,,,,34.148123,-118.229499,HARVEY,8.743
2024-12-10 20:40:00,717597,134,W,ML,72,64.8,15,70.2,22,66.7,19,63.3,16,59.0,,,,,34.142674,-118.184801,FIGUEROA,11.473
2024-12-10 20:40:00,717599,134,W,ML,367,65.7,77,71.2,111,67.6,98,64.2,81,59.8,,,,,34.142896,-118.172193,SAN RAFAEL,12.253
2024-12-10 20:40:00,717603,134,W,ML,71,65.5,16,69.6,17,67.3,15,65.5,14,62.9,9,58.7,,,34.146519,-118.162409,ORANGE GROVE,12.763
2024-12-10 20:40:00,717604,134,W,HV,71,64.8,71,64.8,,,,,,,,,,,34.146519,-118.162409,ORANGE GROVE,12.763
2024-12-10 20:40:00,761035,134,W,HV,71,64.8,71,64.8,,,,,,,,,,,34.148123,-118.229499,HARVEY,8.743
2024-12-10 20:40:00,761038,134,W,HV,71,64.8,71,64.8,,,,,,,,,,,34.156447,-118.245195,GLENDALE 1,7.673
2024-12-10 20:40:00,761041,134,W,HV,71,64.8,71,64.8,,,,,,,,,,,34.156458,-118.262159,CENTRAL,6.693
2024-12-10 20:40:00,761044,134,W,HV,71,64.8,71,64.8,,,,,,,,,,,34.156198,-118.265345,PACIFIC,6.503
2024-12-10 20:40:00,763610,134,W,HV,71,64.8,71,64.8,,,,,,,,,,,34.142896,-118.172193,SAN RAFAEL,12.253
2024-12-10 20:40:00,763612,134,W,HV,71,64.8,71,64.8,,,,,,,,,,,34.142674,-118.184801,FIGUEROA,11.473
2024-12-10 20:40:00,773975,134,W,ML,72,64.8,15,70.2,22,66.7,19,63.3,16,59.0,,,,,34.14568,-118.221874,OAKVIEW,9.213
2024-12-10 20:40:00,773977,134,W,HV,71,64.8,71,64.8,,,,,,,,,,,34.14568,-118.221874,OAKVIEW,9.213
2024-12-10 20:40:00,773996,134,W,ML,366,66.4,81,70.5,88,68.2,78,66.4,72,63.8,47,59.5,,,34.145076,-118.215608,FM 2 NB TO 134 EB,9.573
2024-12-10 20:40:00,773998,134,W,HV,71,64.8,71,64.8,,,,,,,,,,,34.145076,-118.215608,FM 2 NB TO 134 EB,9.573
2024-12-10 20:40:00,774012,134,W,ML,367,65.7,77,71.2,111,67.6,98,64.2,81,59.8,,,,,34.148107,-118.197509,TOWNSEND,10.643
2024-12-10 20:40:00,774014,134,W,HV,71,64.8,71,64.8,,,,,,,,,,,34.148107,-118.197509,TOWNSEND,10.643
2024-12-10 20:40:00,774032,134,W,ML,72,64.8,15,70.2,22,66.7,19,63.3,16,59.0,,,,,34.141843,-118.182666,COLORADO,11.623
2024-12-10 20:40:00,774034,134,W,HV,71,64.8,71,64.8,,,,,,,,,,,34.141843,-118.182666,COLORADO,11.623
2024-12-10 20:40:00,774053,134,W,ML,72,64.8,15,70.2,22,66.7,19,63.3,16,59.0,,,,,34.15084,-118.234258,FM 2 SB TO 134,8.403
2024-12-10 20:40:00,774055,134,W,HV,71,64.8,71,64.8,,,,,,,,,,,34.15084,-118.234258,FM 2 SB TO 134,8.403
2024-12-10 20:45:00,716551,134,W,ML,219,64.6,54,70.1,61,66.6,54,62.0,50,59.2,,,,,34.154235,-118.274159,SAN FERNANDO,5.983
2024-12-10 20:45:00,716554,134,W,ML,183,66.9,6,74.8,49,72.3,51,68.1,77,62.0,,,,,34.156198,-118.265345,PACIFIC,6.503
2024-12-10 20:45:00,717099,134,W,ML,285,65.2,70,72.2,68,68.0,67,63.1,80,58.4,,,,,34.156447,-118.245195,GLENDALE 1,7.673
2024-12-10 20:45:00,717582,134,W,ML,227,69.1,55,75.5,65,70.3,57,67.2,50,62.5,,,,,34.156458,-118.262159,CENTRAL,6.693
2024-12-10 20:45:00,717590,134,W,ML,68,64.8,14,70.2,21,66.7,18,63.3,15,59.0,,,,,34.148123,-118.229499,HARVEY,8.743
2024-12-10 20:45:00,717597,134,W,ML,68,64.8,14,70.2,21,66.7,18,63.3,15,59.0,,,,,34.142674,-118.184801,FIGUEROA,11.473
2024-12-10 20:45:00,717599,134,W,ML,363,65.7,76,71.2,110,67.6,97,64.2,80,59.8,,,,,34.142896,-118.172193,SAN RAFAEL,12.253
2024-12-10 20:45:00,717603,134,W,ML,70,65.4,15,69.6,17,67.3,15,65.5,14,62.9,9,58.7,,,34.146519,-118.162409,ORANGE GROVE,12.763
2024-12-10 20:45:00,717604,134,W,HV,69,64.8,69,64.8,,,,,,,,,,,34.146519,-118.162409,ORANGE GROVE,12.763
2024-12-10 20:45:00,761035,134,W,HV,69,64.8,69,64.8,,,,,,,,,,,34.148123,-118.229499,HARVEY,8.743
2024-12-10 20:45:00,761038,134,W,HV,69,64.8,69,64.8,,,,,,,,,,,34.156447,-118.245195,GLENDALE 1,7.673
2024-12-10 20:45:00,761041,134,W,HV,69,64.8,69,64.8,,,,,,,,,,,34.156458,-118.262159,CENTRAL,6.693
2024-12-10 20:45:00,761044,134,W,HV,69,64.8,69,64.8,,,,,,,,,,,34.156198,-118.265345,PACIFIC,6.503
2024-12-10 20:45:00,763610,134,W,HV,69,64.8,69,64.8,,,,,,,,,,,34.142896,-118.172193,SAN RAFAEL,12.253
2024-12-10 20:45:00,763612,134,W,HV,69,64.8,69,64.8,,,,,,,,,,,34.142674,-118.184801,FIGUEROA,11.473
2024-12-10 20:45:00,773975,134,W,ML,68,64.8,14,70.2,21,66.7,18,63.3,15,59.0,,,,,34.14568,-118.221874,OAKVIEW,9.213
2024-12-10 20:45:00,773977,134,W,HV,69,64.8,69,64.8,,,,,,,,,,,34.14568,-118.221874,OAKVIEW,9.213
2024-12-10 20:45:00,773996,134,W,ML,363,66.4,80,70.5,88,68.2,77,66.4,72,63.8,46,59.5,,,34.145076,-118.215608,FM 2 NB TO 134 EB,9.573
2024-12-10 20:45:00,773998,134,W,HV,69,64.8,69,64.8,,,,,,,,,,,34.145076,-118.215608,FM 2 NB TO 134 EB,9.573
2024-12-10 20:45:00,774012,134,W,ML,363,65.7,76,71.2,110,67.6,97,64.2,80,59.8,,,,,34.148107,-118.197509,TOWNSEND,10.643
2024-12-10 20:45:00,774014,134,W,HV,69,64.8,69,64.8,,,,,,,,,,,34.148107,-118.197509,TOWNSEND,10.643
2024-12-10 20:45:00,774032,134,W,ML,68,64.8,14,70.2,21,66.7,18,63.3,15,59.0,,,,,34.141843,-118.182666,COLORADO,11.623
2024-12-10 20:45:00,774034,134,W,HV,69,64.8,69,64.8,,,,,,,,,,,34.141843,-118.182666,COLORADO,11.623
2024-12-10 20:45:00,774053,134,W,ML,68,64.8,14,70.2,21,66.7,18,63.3,15,59.0,,,,,34.15084,-118.234258,FM 2 SB TO 134,8.403
2024-12-10 20:45:00,774055,134,W,HV,69,64.8,69,64.8,,,,,,,,,,,34.15084,-118.234258,FM 2 SB TO 134,8.403
2024-12-10 20:50:00,716551,134,W,ML,239,65.4,60,70.9,66,67.5,58,62.6,55,59.8,,,,,34.154235,-118.274159,SAN FERNANDO,5.983
2024-12-10 20:50:00,716554,134,W,ML,188,69.3,13,74.8,56,72.1,53,69.4,66,65.7,,,,,34.156198,-118.265345,PACIFIC,6.503
2024-12-10 20:50:00,717099,134,W,ML,268,65.9,66,72.8,65,68.6,63,63.8,74,59.2,,,,,34.156447,-118.245195,GLENDALE 1,7.673
2024-12-10 20:50:00,717582,134,W,ML,220,70.2,51,75.6,53,71.4,53,67.8,63,66.7,,,,,34.156458,-118.262159,CENTRAL,6.693
2024-12-10 20:50:00,717590,134,W,ML,68,64.8,14,70.2,21,66.7,18,63.3,15,59.0,,,,,34.148123,-118.229499,HARVEY,8.743
2024-12-10 20:50:00,717597,134,W,ML,68,64.8,14,70.2,21,66.7,18,63.3,15,59.0,,,,,34.142674,-118.184801,FIGUEROA,11.473
2024-12-10 20:50:00,717599,134,W,ML,357,65.7,75,71.2,108,67.6,96,64.2,78,59.8,,,,,34.142896,-118.172193,SAN RAFAEL,12.253
2024-12-10 20:50:00,717603,134,W,ML,67,65.4,15,69.6,16,67.3,14,65.5,13,62.9,9,58.7,,,34.146519,-118.162409,ORANGE GROVE,12.763
2024-12-10 20:50:00,717604,134,W,HV,68,64.8,68,64.8,,,,,,,,,,,34.146519,-118.162409,ORANGE GROVE,12.763
2024-12-10 20:50:00,761035,134,W,HV,68,64.8,68,64.8,,,,,,,,,,,34.148123,-118.229499,HARVEY,8.743
2024-12-10 20:50:00,761038,134,W,HV,68,64.8,68,64.8,,,,,,,,,,,34.156447,-118.245195,GLENDALE 1,7.673
2024-12-10 20:50:00,761041,134,W,HV,68,64.8,68,64.8,,,,,,,,,,,34.156458,-118.262159,CENTRAL,6.693
2024-12-10 20:50:00,761044,134,W,HV,68,64.8,68,64.8,,,,,,,,,,,34.156198,-118.265345,PACIFIC,6.503
2024-12-10 20:50:00,763610,134,W,HV,68,64.8,68,64.8,,,,,,,,,,,34.142896,-118.172193,SAN RAFAEL,12.253
2024-12-10 20:50:00,763612,134,W,HV,68,64.8,68,64.8,,,,,,,,,,,34.142674,-118.184801,FIGUEROA,11.473
2024-12-10 20:50:00,773975,134,W,ML,68,64.8,14,70.2,21,66.7,18,63.3,15,59.0,,,,,34.14568,-118.221874,OAKVIEW,9.213
2024-12-10 20:50:00,773977,134,W,HV,68,64.8,68,64.8,,,,,,,,,,,34.14568,-118.221874,OAKVIEW,9.213
2024-12-10 20:50:00,773996,134,W,ML,357,66.4,79,70.5,86,68.2,76,66.4,71,63.8,45,59.5,,,34.145076,-118.215608,FM 2 NB TO 134 EB,9.573
2024-12-10 20:50:00,773998,134,W,HV,68,64.8,68,64.8,,,,,,,,,,,34.145076,-118.215608,FM 2 NB TO 134 EB,9.573
2024-12-10 20:50:00,774012,134,W,ML,357,65.7,75,71.2,108,67.6,96,64.2,78,59.8,,,,,34.148107,-118.197509,TOWNSEND,10.643
2024-12-10 20:50:00,774014,134,W,HV,68,64.8,68,64.8,,,,,,,,,,,34.148107,-118.197509,TOWNSEND,10.643
2024-12-10 20:50:00,774032,134,W,ML,68,64.8,14,70.2,21,66.7,18,63.3,15,59.0,,,,,34.141843,-118.182666,COLORADO,11.623
2024-12-10 20:50:00,774034,134,W,HV,68,64.8,68,64.8,,,,,,,,,,,34.141843,-118.182666,COLORADO,11.623
2024-12-10 20:50:00,774053,134,W,ML,68,64.8,14,70.2,21,66.7,18,63.3,15,59.0,,,,,34.15084,-118.234258,FM 2 SB TO 134,8.403
2024-12-10 20:50:00,774055,134,W,HV,68,64.8,68,64.8,,,,,,,,,,,34.15084,-118.234258,FM 2 SB TO 134,8.403
2024-12-10 20:55:00,716551,134,W,ML,214,65.1,53,70.6,59,67.2,53,62.3,49,59.6,,,,,34.154235,-118.274159,SAN FERNANDO,5.983
2024-12-10 20:55:00,716554,134,W,ML,181,70.3,12,74.8,47,71.7,53,70.4,69,68.4,,,,,34.156198,-118.265345,PACIFIC,6.503
2024-12-10 20:55:00,717099,134,W,ML,251,67.6,62,74.6,61,70.3,59,65.3,69,60.9,,,,,34.156447,-118.245195,GLENDALE 1,7.673
2024-12-10 20:55:00,717582,134,W,ML,211,71.3,57,75.8,47,74.4,50,65.3,57,69.4,,,,,34.156458,-118.262159,CENTRAL,6.693
2024-12-10 20:55:00,717590,134,W,ML,66,65.0,14,70.4,20,66.8,18,63.4,14,59.1,,,,,34.148123,-118.229499,HARVEY,8.743
2024-12-10 20:55:00,717597,134,W,ML,66,65.0,14,70.4,20,66.8,18,63.4,14,59.1,,,,,34.142674,-118.184801,FIGUEROA,11.473
2024-12-10 20:55:00,717599,134,W,ML,353,65.7,74,71.2,107,67.6,95,64.2,77,59.8,,,,,34.142896,-118.172193,SAN RAFAEL,12.253
2024-12-10 20:55:00,717603,134,W,ML,66,65.6,15,69.7,16,67.4,14,65.6,13,63.0,8,58.8,,,34.146519,-118.162409,ORANGE GROVE,12.763
2024-12-10 20:55:00,717604,134,W,HV,66,64.9,66,64.9,,,,,,,,,,,34.146519,-118.162409,ORANGE GROVE,12.763
2024-12-10 20:55:00,761035,134,W,HV,66,64.9,66,64.9,,,,,,,,,,,34.148123,-118.229499,HARVEY,8.743
2024-12-10 20:55:00,761038,134,W,HV,66,64.9,66,64.9,,,,,,,,,,,34.156447,-118.245195,GLENDALE 1,7.673
2024-12-10 20:55:00,761041,134,W,HV,66,64.9,66,64.9,,,,,,,,,,,34.156458,-118.262159,CENTRAL,6.693
2024-12-10 20:55:00,761044,134,W,HV,66,64.9,66,64.9,,,,,,,,,,,34.156198,-118.265345,PACIFIC,6.503
2024-12-10 20:55:00,763610,134,W,HV,66,64.9,66,64.9,,,,,,,,,,,34.142896,-118.172193,SAN RAFAEL,12.253
2024-12-10 20:55:00,763612,134,W,HV,66,64.9,66,64.9,,,,,,,,,,,34.142674,-118.184801,FIGUEROA,11.473
2024-12-10 20:55:00,773975,134,W,ML,66,65.0,14,70.4,20,66.8,18,63.4,14,59.1,,,,,34.14568,-118.221874,OAKVIEW,9.213
2024-12-10 20:55:00,773977,134,W,HV,66,64.9,66,64.9,,,,,,,,,,,34.14568,-118.221874,OAKVIEW,9.213
2024-12-10 20:55:00,773996,134,W,ML,353,66.4,78,70.5,85,68.2,75,66.4,70,63.8,45,59.5,,,34.145076,-118.215608,FM 2 NB TO 134 EB,9.573
2024-12-10 20:55:00,773998,134,W,HV,66,64.9,66,64.9,,,,,,,,,,,34.145076,-118.215608,FM 2 NB TO 134 EB,9.573
2024-12-10 20:55:00,774012,134,W,ML,353,65.7,74,71.2,107,67.6,95,64.2,77,59.8,,,,,34.148107,-118.197509,TOWNSEND,10.643
2024-12-10 20:55:00,774014,134,W,HV,66,64.9,66,64.9,,,,,,,,,,,34.148107,-118.197509,TOWNSEND,10.643
2024-12-10 20:55:00,774032,134,W,ML,66,65.0,14,70.4,20,66.8,18,63.4,14,59.1,,,,,34.141843,-118.182666,COLORADO,11.623
2024-12-10 20:55:00,774034,134,W,HV,66,64.9,66,64.9,,,,,,,,,,,34.141843,-118.182666,COLORADO,11.623
2024-12-10 20:55:00,774053,134,W,ML,66,65.0,14,70.4,20,66.8,18,63.4,14,59.1,,,,,34.15084,-118.234258,FM 2 SB TO 134,8.403
2024-12-10 20:55:00,774055,134,W,HV,66,64.9,66,64.9,,,,,,,,,,,34.15084,-118.234258,FM 2 SB TO 134,8.403
2024-12-10 21:00:00,716551,134,W,ML,208,64.6,51,69.9,58,66.5,51,62.0,48,59.2,,,,,34.154235,-118.274159,SAN FERNANDO,5.983
2024-12-10 21:00:00,716554,134,W,ML,164,69.9,11,74.8,45,71.3,46,67.3,62,70.0,,,,,34.156198,-118.265345,PACIFIC,6.503
2024-12-10 21:00:00,717099,134,W,ML,240,67.3,59,74.3,58,70.0,57,65.1,66,60.6,,,,,34.156447,-118.245195,GLENDALE 1,7.673
2024-12-10 21:00:00,717582,134,W,ML,187,70.4,40,74.5,47,73.9,48,66.0,52,68.0,,,,,34.156458,-118.262159,CENTRAL,6.693
2024-12-10 21:00:00,717590,134,W,ML,63,64.9,13,70.4,19,66.8,17,63.4,14,59.1,,,,,34.148123,-118.229499,HARVEY,8.743
2024-12-10 21:00:00,717597,134,W,ML,63,64.9,13,70.4,19,66.8,17,63.4,14,59.1,,,,,34.142674,-118.184801,FIGUEROA,11.473
2024-12-10 21:00:00,717599,134,W,ML,345,67.1,72,72.7,105,69.0,92,65.5,76,61.1,,,,,34.142896,-118.172193,SAN RAFAEL,12.253
2024-12-10 21:00:00,717603,134,W,ML,62,65.6,14,69.7,15,67.4,13,65.6,12,63.0,8,58.8,,,34.146519,-118.162409,ORANGE GROVE,12.763
2024-12-10 21:00:00,717604,134,W,HV,63,64.9,63,64.9,,,,,,,,,,,34.146519,-118.162409,ORANGE GROVE,12.763
2024-12-10 21:00:00,761035,134,W,HV,63,64.9,63,64.9,,,,,,,,,,,34.148123,-118.229499,HARVEY,8.743
2024-12-10 21:00:00,761038,134,W,HV,63,64.9,63,64.9,,,,,,,,,,,34.156447,-118.245195,GLENDALE 1,7.673
2024-12-10 21:00:00,761041,134,W,HV,63,64.9,63,64.9,,,,,,,,,,,34.156458,-118.262159,CENTRAL,6.693
2024-12-10 21:00:00,761044,134,W,HV,63,64.9,63,64.9,,,,,,,,,,,34.156198,-118.265345,PACIFIC,6.503
2024-12-10 21:00:00,763610,134,W,HV,63,64.9,63,64.9,,,,,,,,,,,34.142896,-118.172193,SAN RAFAEL,12.253
2024-12-10 21:00:00,763612,134,W,HV,63,64.9,63,64.9,,,,,,,,,,,34.142674,-118.184801,FIGUEROA,11.473
2024-12-10 21:00:00,773975,134,W,ML,63,64.9,13,70.4,19,66.8,17,63.4,14,59.1,,,,,34.14568,-118.221874,OAKVIEW,9.213
2024-12-10 21:00:00,773977,134,W,HV,63,64.9,63,64.9,,,,,,,,,,,34.14568,-118.221874,OAKVIEW,9.213
2024-12-10 21:00:00,773996,134,W,ML,344,67.8,76,72.1,83,69.7,73,67.8,68,65.2,44,60.8,,,34.145076,-118.215608,FM 2 NB TO 134 EB,9.573
2024-12-10 21:00:00,773998,134,W,HV,63,64.9,63,64.9,,,,,,,,,,,34.145076,-118.215608,FM 2 NB TO 134 EB,9.573
2024-12-10 21:00:00,774012,134,W,ML,345,67.1,72,72.7,105,69.0,92,65.5,76,61.1,,,,,34.148107,-118.197509,TOWNSEND,10.643
2024-12-10 21:00:00,774014,134,W,HV,63,64.9,63,64.9,,,,,,,,,,,34.148107,-118.197509,TOWNSEND,10.643
2024-12-10 21:00:00,774032,134,W,ML,63,64.9,13,70.4,19,66.8,17,63.4,14,59.1,,,,,34.141843,-118.182666,COLORADO,11.623
2024-12-10 21:00:00,774034,134,W,HV,63,64.9,63,64.9,,,,,,,,,,,34.141843,-118.182666,COLORADO,11.623
2024-12-10 21:00:00,774053,134,W,ML,63,64.9,13,70.4,19,66.8,17,63.4,14,59.1,,,,,34.15084,-118.234258,FM 2 SB TO 134,8.403
2024-12-10 21:00:00,774055,134,W,HV,63,64.9,63,64.9,,,,,,,,,,,34.15084,-118.234258,FM 2 SB TO 134,8.403
2024-12-10 21:05:00,716551,134,W,ML,209,64.8,52,70.0,58,66.7,51,62.3,48,59.3,,,,,34.154235,-118.274159,SAN FERNANDO,5.983
2024-12-10 21:05:00,716554,134,W,ML,190,68.0,16,74.7,45,71.7,52,69.5,77,63.5,,,,,34.156198,-118.265345,PACIFIC,6.503
2024-12-10 21:05:00,717099,134,W,ML,263,65.5,65,72.4,64,68.2,62,63.4,72,58.7,,,,,34.156447,-118.245195,GLENDALE 1,7.673
2024-12-10 21:05:00,717582,134,W,ML,221,69.4,51,75.4,53,70.9,52,67.4,65,64.9,,,,,34.156458,-118.262159,CENTRAL,6.693
2024-12-10 21:05:00,717590,134,W,ML,63,65.0,13,70.5,19,66.9,17,63.5,14,59.2,,,,,34.148123,-118.229499,HARVEY,8.743
2024-12-10 21:05:00,717597,134,W,ML,63,65.0,13,70.5,19,66.9,17,63.5,14,59.2,,,,,34.142674,-118.184801,FIGUEROA,11.473
2024-12-10 21:05:00,717599,134,W,ML,347,67.7,73,73.4,105,69.7,93,66.1,76,61.6,,,,,34.142896,-118.172193,SAN RAFAEL,12.253
2024-12-10 21:05:00,717603,134,W,ML,62,65.7,14,69.8,15,67.5,13,65.7,12,63.1,8,58.9,,,34.146519,-118.162409,ORANGE GROVE,12.763
2024-12-10 21:05:00,717604,134,W,HV,62,65.0,62,65.0,,,,,,,,,,,34.146519,-118.162409,ORANGE GROVE,12.763
2024-12-10 21:05:00,761035,134,W,HV,62,65.0,62,65.0,,,,,,,,,,,34.148123,-118.229499,HARVEY,8.743
2024-12-10 21:05:00,761038,134,W,HV,62,65.0,62,65.0,,,,,,,,,,,34.156447,-118.245195,GLENDALE 1,7.673
2024-12-10 21:05:00,761041,134,W,HV,62,65.0,62,65.0,,,,,,,,,,,34.156458,-118.262159,CENTRAL,6.693
2024-12-10 21:05:00,761044,134,W,HV,62,65.0,62,65.0,,,,,,,,,,,34.156198,-118.265345,PACIFIC,6.503
2024-12-10 21:05:00,763610,134,W,HV,62,65.0,62,65.0,,,,,,,,,,,34.142896,-118.172193,SAN RAFAEL,12.253
2024-12-10 21:05:00,763612,134,W,HV,62,65.0,62,65.0,,,,,,,,,,,34.142674,-118.184801,FIGUEROA,11.473
2024-12-10 21:05:00,773975,134,W,ML,63,65.0,13,70.5,19,66.9,17,63.5,14,59.2,,,,,34.14568,-118.221874,OAKVIEW,9.213
2024-12-10 21:05:00,773977,134,W,HV,62,65.0,62,65.0,,,,,,,,,,,34.14568,-118.221874,OAKVIEW,9.213
2024-12-10 21:05:00,773996,134,W,ML,348,68.4,77,72.7,84,70.3,74,68.4,69,65.8,44,61.3,,,34.145076,-118.215608,FM 2 NB TO 134 EB,9.573
2024-12-10 21:05:00,773998,134,W,HV,62,65.0,62,65.0,,,,,,,,,,,34.145076,-118.215608,FM 2 NB TO 134 EB,9.573
2024-12-10 21:05:00,774012,134,W,ML,347,67.7,73,73.4,105,69.7,93,66.1,76,61.6,,,,,34.148107,-118.197509,TOWNSEND,10.643
2024-12-10 21:05:00,774014,134,W,HV,62,65.0,62,65.0,,,,,,,,,,,34.148107,-118.197509,TOWNSEND,10.643
2024-12-10 21:05:00,774032,134,W,ML,63,65.0,13,70.5,19,66.9,17,63.5,14,59.2,,,,,34.141843,-118.182666,COLORADO,11.623
2024-12-10 21:05:00,774034,134,W,HV,62,65.0,62,65.0,,,,,,,,,,,34.141843,-118.182666,COLORADO,11.623
2024-12-10 21:05:00,774053,134,W,ML,63,65.0,13,70.5,19,66.9,17,63.5,14,59.2,,,,,34.15084,-118.234258,FM 2 SB TO 134,8.403
2024-12-10 21:05:00,774055,134,W,HV,62,65.0,62,65.0,,,,,,,,,,,34.15084,-118.234258,FM 2 SB TO 134,8.403
2024-12-10 21:10:00,716551,134,W,ML,243,64.6,62,70.0,67,66.5,59,61.9,55,59.2,,,,,34.154235,-118.274159,SAN FERNANDO,5.983
2024-12-10 21:10:00,716554,134,W,ML,192,68.3,15,74.7,57,72.0,57,70.4,63,61.5,,,,,34.156198,-118.265345,PACIFIC,6.503
2024-12-10 21:10:00,717099,134,W,ML,308,65.6,77,72.6,74,68.4,72,63.5,85,58.8,,,,,34.156447,-118.245195,GLENDALE 1,7.673
2024-12-10 21:10:00,717582,134,W,ML,238,68.6,59,75.1,57,71.0,60,68.3,62,60.4,,,,,34.156458,-118.262159,CENTRAL,6.693
2024-12-10 21:10:00,717590,134,W,ML,61,65.1,13,70.5,19,66.9,16,63.5,13,59.2,,,,,34.148123,-118.229499,HARVEY,8.743
2024-12-10 21:10:00,717597,134,W,ML,61,65.1,13,70.5,19,66.9,16,63.5,13,59.2,,,,,34.142674,-118.184801,FIGUEROA,11.473
2024-12-10 21:10:00,717599,134,W,ML,352,67.9,74,73.6,107,69.9,94,66.3,77,61.8,,,,,34.142896,-118.172193,SAN RAFAEL,12.253
2024-12-10 21:10:00,717603,134,W,ML,62,65.7,14,69.8,15,67.5,13,65.7,12,63.1,8,58.9,,,34.146519,-118.162409,ORANGE GROVE,12.763
2024-12-10 21:10:00,717604,134,W,HV,61,65.0,61,65.0,,,,,,,,,,,34.146519,-118.162409,ORANGE GROVE,12.763
2024-12-10 21:10:00,761035,134,W,HV,61,65.0,61,65.0,,,,,,,,,,,34.148123,-118.229499,HARVEY,8.743
2024-12-10 21:10:00,761038,134,W,HV,61,65.0,61,65.0,,,,,,,,,,,34.156447,-118.245195,GLENDALE 1,7.673
2024-12-10 21:10:00,761041,134,W,HV,61,65.0,61,65.0,,,,,,,,,,,34.156458,-118.262159,CENTRAL,6.693
2024-12-10 21:10:00,761044,134,W,HV,61,65.0,61,65.0,,,,,,,,,,,34.156198,-118.265345,PACIFIC,6.503
2024-12-10 21:10:00,763610,134,W,HV,61,65.0,61,65.0,,,,,,,,,,,34.142896,-118.172193,SAN RAFAEL,12.253
2024-12-10 21:10:00,763612,134,W,HV,61,65.0,61,65.0,,,,,,,,,,,34.142674,-118.184801,FIGUEROA,11.473
2024-12-10 21:10:00,773975,134,W,ML,61,65.1,13,70.5,19,66.9,16,63.5,13,59.2,,,,,34.14568,-118.221874,OAKVIEW,9.213
2024-12-10 21:10:00,773977,134,W,HV,61,65.0,61,65.0,,,,,,,,,,,34.14568,-118.221874,OAKVIEW,9.213
2024-12-10 21:10:00,773996,134,W,ML,353,68.6,78,72.9,85,70.5,75,68.6,70,66.0,45,61.5,,,34.145076,-118.215608,FM 2 NB TO 134 EB,9.573
2024-12-10 21:10:00,773998,134,W,HV,61,65.0,61,65.0,,,,,,,,,,,34.145076,-118.215608,FM 2 NB TO 134 EB,9.573
2024-12-10 21:10:00,774012,134,W,ML,352,67.9,74,73.6,107,69.9,94,66.3,77,61.8,,,,,34.148107,-118.197509,TOWNSEND,10.643
2024-12-10 21:10:00,774014,134,W,HV,61,65.0,61,65.0,,,,,,,,,,,34.148107,-118.197509,TOWNSEND,10.643
2024-12-10 21:10:00,774032,134,W,ML,61,65.1,13,70.5,19,66.9,16,63.5,13,59.2,,,,,34.141843,-118.182666,COLORADO,11.623
2024-12-10 21:10:00,774034,134,W,HV,61,65.0,61,65.0,,,,,,,,,,,34.141843,-118.182666,COLORADO,11.623
2024-12-10 21:10:00,774053,134,W,ML,61,65.1,13,70.5,19,66.9,16,63.5,13,59.2,,,,,34.15084,-118.234258,FM 2 SB TO 134,8.403
2024-12-10 21:10:00,774055,134,W,HV,61,65.0,61,65.0,,,,,,,,,,,34.15084,-118.234258,FM 2 SB TO 134,8.403
2024-12-10 21:15:00,716551,134,W,ML,223,63.9,56,69.2,61,65.8,55,61.2,51,58.6,,,,,34.154235,-118.274159,SAN FERNANDO,5.983
2024-12-10 21:15:00,716554,134,W,ML,191,67.1,11,74.7,50,71.8,56,68.7,74,61.5,,,,,34.156198,-118.265345,PACIFIC,6.503
2024-12-10 21:15:00,717099,134,W,ML,266,65.7,64,72.6,64,68.4,63,63.7,75,59.1,,,,,34.156447,-118.245195,GLENDALE 1,7.673
2024-12-10 21:15:00,717582,134,W,ML,215,68.9,46,74.2,59,72.5,50,67.7,60,62.2,,,,,34.156458,-118.262159,CENTRAL,6.693
2024-12-10 21:15:00,717590,134,W,ML,60,65.1,13,70.5,18,66.9,16,63.5,13,59.2,,,,,34.148123,-118.229499,HARVEY,8.743
2024-12-10 21:15:00,717597,134,W,ML,60,65.1,13,70.5,18,66.9,16,63.5,13,59.2,,,,,34.142674,-118.184801,FIGUEROA,11.473
2024-12-10 21:15:00,717599,134,W,ML,353,68.1,74,73.8,107,70.1,95,66.5,77,62.0,,,,,34.142896,-118.172193,SAN RAFAEL,12.253
2024-12-10 21:15:00,717603,134,W,ML,60,65.6,13,69.8,14,67.5,13,65.7,12,63.1,8,58.9,,,34.146519,-118.162409,ORANGE GROVE,12.763
2024-12-10 21:15:00,717604,134,W,HV,60,65.0,60,65.0,,,,,,,,,,,34.146519,-118.162409,ORANGE GROVE,12.763
2024-12-10 21:15:00,761035,134,W,HV,60,65.0,60,65.0,,,,,,,,,,,34.148123,-118.229499,HARVEY,8.743
2024-12-10 21:15:00,761038,134,W,HV,60,65.0,60,65.0,,,,,,,,,,,34.156447,-118.245195,GLENDALE 1,7.673
2024-12-10 21:15:00,761041,134,W,HV,60,65.0,60,65.0,,,,,,,,,,,34.156458,-118.262159,CENTRAL,6.693
2024-12-10 21:15:00,761044,134,W,HV,60,65.0,60,65.0,,,,,,,,,,,34.156198,-118.265345,PACIFIC,6.503
2024-12-10 21:15:00,763610,134,W,HV,60,65.0,60,65.0,,,,,,,,,,,34.142896,-118.172193,SAN RAFAEL,12.253
2024-12-10 21:15:00,763612,134,W,HV,60,65.0,60,65.0,,,,,,,,,,,34.142674,-118.184801,FIGUEROA,11.473
2024-12-10 21:15:00,773975,134,W,ML,60,65.1,13,70.5,18,66.9,16,63.5,13,59.2,,,,,34.14568,-118.221874,OAKVIEW,9.213
2024-12-10 21:15:00,773977,134,W,HV,60,65.0,60,65.0,,,,,,,,,,,34.14568,-118.221874,OAKVIEW,9.213
2024-12-10 21:15:00,773996,134,W,ML,353,68.8,78,73.1,85,70.7,75,68.8,70,66.2,45,61.7,,,34.145076,-118.215608,FM 2 NB TO 134 EB,9.573
2024-12-10 21:15:00,773998,134,W,HV,60,65.0,60,65.0,,,,,,,,,,,34.145076,-118.215608,FM 2 NB TO 134 EB,9.573
2024-12-10 21:15:00,774012,134,W,ML,353,68.1,74,73.8,107,70.1,95,66.5,77,62.0,,,,,34.148107,-118.197509,TOWNSEND,10.643
2024-12-10 21:15:00,774014,134,W,HV,60,65.0,60,65.0,,,,,,,,,,,34.148107,-118.197509,TOWNSEND,10.643
2024-12-10 21:15:00,774032,134,W,ML,60,65.1,13,70.5,18,66.9,16,63.5,13,59.2,,,,,34.141843,-118.182666,COLORADO,11.623
2024-12-10 21:15:00,774034,134,W,HV,60,65.0,60,65.0,,,,,,,,,,,34.141843,-118.182666,COLORADO,11.623
2024-12-10 21:15:00,774053,134,W,ML,60,65.1,13,70.5,18,66.9,16,63.5,13,59.2,,,,,34.15084,-118.234258,FM 2 SB TO 134,8.403
2024-12-10 21:15:00,774055,134,W,HV,60,65.0,60,65.0,,,,,,,,,,,34.15084,-118.234258,FM 2 SB TO 134,8.403
2024-12-10 21:20:00,716551,134,W,ML,222,64.6,55,70.0,61,66.5,55,61.9,51,59.2,,,,,34.154235,-118.274159,SAN FERNANDO,5.983
2024-12-10 21:20:00,716554,134,W,ML,204,67.9,14,74.8,44,71.7,62,71.7,84,62.0,,,,,34.156198,-118.265345,PACIFIC,6.503
2024-12-10 21:20:00,717099,134,W,ML,297,64.3,74,71.2,72,67.0,69,62.2,82,57.3,,,,,34.156447,-118.245195,GLENDALE 1,7.673
2024-12-10 21:20:00,717582,134,W,ML,238,67.8,49,75.6,66,68.6,58,68.8,65,60.3,,,,,34.156458,-118.262159,CENTRAL,6.693
2024-12-10 21:20:00,717590,134,W,ML,59,65.1,12,70.6,18,67.0,16,63.6,13,59.2,,,,,34.148123,-118.229499,HARVEY,8.743
2024-12-10 21:20:00,717597,134,W,ML,59,65.1,12,70.6,18,67.0,16,63.6,13,59.2,,,,,34.142674,-118.184801,FIGUEROA,11.473
2024-12-10 21:20:00,717599,134,W,ML,352,68.2,74,73.9,107,70.2,94,66.6,77,62.1,,,,,34.142896,-118.172193,SAN RAFAEL,12.253
2024-12-10 21:20:00,717603,134,W,ML,59,65.8,13,69.9,14,67.6,13,65.8,12,63.2,7,58.9,,,34.146519,-118.162409,ORANGE GROVE,12.763
2024-12-10 21:20:00,717604,134,W,HV,59,65.1,59,65.1,,,,,,,,,,,34.146519,-118.162409,ORANGE GROVE,12.763
2024-12-10 21:20:00,761035,134,W,HV,59,65.1,59,65.1,,,,,,,,,,,34.148123,-118.229499,HARVEY,8.743
2024-12-10 21:20:00,761038,134,W,HV,59,65.1,59,65.1,,,,,,,,,,,34.156447,-118.245195,GLENDALE 1,7.673
2024-12-10 21:20:00,761041,134,W,HV,59,65.1,59,65.1,,,,,,,,,,,34.156458,-118.262159,CENTRAL,6.693
2024-12-10 21:20:00,761044,134,W,HV,59,65.1,59,65.1,,,,,,,,,,,34.156198,-118.265345,PACIFIC,6.503
2024-12-10 21:20:00,763610,134,W,HV,59,65.1,59,65.1,,,,,,,,,,,34.142896,-118.172193,SAN RAFAEL,12.253
2024-12-10 21:20:00,763612,134,W,HV,59,65.1,59,65.1,,,,,,,,,,,34.142674,-118.184801,FIGUEROA,11.473
2024-12-10 21:20:00,773975,134,W,ML,59,65.1,12,70.6,18,67.0,16,63.6,13,59.2,,,,,34.14568,-118.221874,OAKVIEW,9.213
2024-12-10 21:20:00,773977,134,W,HV,59,65.1,59,65.1,,,,,,,,,,,34.14568,-118.221874,OAKVIEW,9.213
2024-12-10 21:20:00,773996,134,W,ML,353,68.9,78,73.2,85,70.8,75,68.9,70,66.2,45,61.7,,,34.145076,-118.215608,FM 2 NB TO 134 EB,9.573
2024-12-10 21:20:00,773998,134,W,HV,59,65.1,59,65.1,,,,,,,,,,,34.145076,-118.215608,FM 2 NB TO 134 EB,9.573
2024-12-10 21:20:00,774012,134,W,ML,352,68.2,74,73.9,107,70.2,94,66.6,77,62.1,,,,,34.148107,-118.197509,TOWNSEND,10.643
2024-12-10 21:20:00,774014,134,W,HV,59,65.1,59,65.1,,,,,,,,,,,34.148107,-118.197509,TOWNSEND,10.643
2024-12-10 21:20:00,774032,134,W,ML,59,65.1,12,70.6,18,67.0,16,63.6,13,59.2,,,,,34.141843,-118.182666,COLORADO,11.623
2024-12-10 21:20:00,774034,134,W,HV,59,65.1,59,65.1,,,,,,,,,,,34.141843,-118.182666,COLORADO,11.623
2024-12-10 21:20:00,774053,134,W,ML,59,65.1,12,70.6,18,67.0,16,63.6,13,59.2,,,,,34.15084,-118.234258,FM 2 SB TO 134,8.403
2024-12-10 21:20:00,774055,134,W,HV,59,65.1,59,65.1,,,,,,,,,,,34.15084,-118.234258,FM 2 SB TO 134,8.403
2024-12-10 21:25:00,716551,134,W,ML,241,64.8,62,70.1,67,66.7,58,62.1,54,59.3,,,,,34.154235,-118.274159,SAN FERNANDO,5.983
2024-12-10 21:25:00,716554,134,W,ML,207,68.3,17,74.8,54,69.3,63,70.6,73,64.2,,,,,34.156198,-118.265345,PACIFIC,6.503
2024-12-10 21:25:00,717099,134,W,ML,276,63.3,68,70.3,66,66.2,65,61.4,77,56.4,,,,,34.156447,-118.245195,GLENDALE 1,7.673
2024-12-10 21:25:00,717582,134,W,ML,214,67.7,46,72.3,50,67.1,63,68.7,55,63.4,,,,,34.156458,-118.262159,CENTRAL,6.693
2024-12-10 21:25:00,717590,134,W,ML,59,65.1,12,70.6,18,67.0,16,63.6,13,59.2,,,,,34.148123,-118.229499,HARVEY,8.743
2024-12-10 21:25:00,717597,134,W,ML,59,65.1,12,70.6,18,67.0,16,63.6,13,59.2,,,,,34.142674,-118.184801,FIGUEROA,11.473
2024-12-10 21:25:00,717599,134,W,ML,346,68.3,72,74.0,105,70.3,93,66.7,76,62.2,,,,,34.142896,-118.172193,SAN RAFAEL,12.253
2024-12-10 21:25:00,717603,134,W,ML,59,65.8,13,69.9,14,67.6,13,65.8,12,63.2,7,58.9,,,34.146519,-118.162409,ORANGE GROVE,12.763
2024-12-10 21:25:00,717604,134,W,HV,59,65.1,59,65.1,,,,,,,,,,,34.146519,-118.162409,ORANGE GROVE,12.763
2024-12-10 21:25:00,761035,134,W,HV,59,65.1,59,65.1,,,,,,,,,,,34.148123,-118.229499,HARVEY,8.743
2024-12-10 21:25:00,761038,134,W,HV,59,65.1,59,65.1,,,,,,,,,,,34.156447,-118.245195,GLENDALE 1,7.673
2024-12-10 21:25:00,761041,134,W,HV,59,65.1,59,65.1,,,,,,,,,,,34.156458,-118.262159,CENTRAL,6.693
2024-12-10 21:25:00,761044,134,W,HV,59,65.1,59,65.1,,,,,,,,,,,34.156198,-118.265345,PACIFIC,6.503
2024-12-10 21:25:00,763610,134,W,HV,59,65.1,59,65.1,,,,,,,,,,,34.142896,-118.172193,SAN RAFAEL,12.253
2024-12-10 21:25:00,763612,134,W,HV,59,65.1,59,65.1,,,,,,,,,,,34.142674,-118.184801,FIGUEROA,11.473
2024-12-10 21:25:00,773975,134,W,ML,59,65.1,12,70.6,18,67.0,16,63.6,13,59.2,,,,,34.14568,-118.221874,OAKVIEW,9.213
2024-12-10 21:25:00,773977,134,W,HV,59,65.1,59,65.1,,,,,,,,,,,34.14568,-118.221874,OAKVIEW,9.213
2024-12-10 21:25:00,773996,134,W,ML,346,69.0,77,73.3,83,70.9,74,69.0,68,66.3,44,61.8,,,34.145076,-118.215608,FM 2 NB TO 134 EB,9.573
2024-12-10 21:25:00,773998,134,W,HV,59,65.1,59,65.1,,,,,,,,,,,34.145076,-118.215608,FM 2 NB TO 134 EB,9.573
2024-12-10 21:25:00,774012,134,W,ML,346,68.3,72,74.0,105,70.3,93,66.7,76,62.2,,,,,34.148107,-118.197509,TOWNSEND,10.643
2024-12-10 21:25:00,774014,134,W,HV,59,65.1,59,65.1,,,,,,,,,,,34.148107,-118.197509,TOWNSEND,10.643
2024-12-10 21:25:00,774032,134,W,ML,59,65.1,12,70.6,18,67.0,16,63.6,13,59.2,,,,,34.141843,-118.182666,COLORADO,11.623
2024-12-10 21:25:00,774034,134,W,HV,59,65.1,59,65.1,,,,,,,,,,,34.141843,-118.182666,COLORADO,11.623
2024-12-10 21:25:00,774053,134,W,ML,59,65.1,12,70.6,18,67.0,16,63.6,13,59.2,,,,,34.15084,-118.234258,FM 2 SB TO 134,8.403
2024-12-10 21:25:00,774055,134,W,HV,59,65.1,59,65.1,,,,,,,,,,,34.15084,-118.234258,FM 2 SB TO 134,8.403
2024-12-10 21:30:00,716551,134,W,ML,209,63.0,53,68.0,58,64.8,51,60.4,47,57.6,,,,,34.154235,-118.274159,SAN FERNANDO,5.983
2024-12-10 21:30:00,716554,134,W,ML,174,66.4,12,74.9,43,70.5,53,67.7,66,61.1,,,,,34.156198,-118.265345,PACIFIC,6.503
2024-12-10 21:30:00,717099,134,W,ML,290,62.4,71,69.3,70,65.3,68,60.5,81,55.4,,,,,34.156447,-118.245195,GLENDALE 1,7.673
2024-12-10 21:30:00,717582,134,W,ML,223,66.9,44,74.0,67,65.5,54,69.9,58,60.2,,,,,34.156458,-118.262159,CENTRAL,6.693
2024-12-10 21:30:00,717590,134,W,ML,59,65.1,12,70.6,18,67.0,16,63.6,13,59.2,,,,,34.148123,-118.229499,HARVEY,8.743
2024-12-10 21:30:00,717597,134,W,ML,59,65.1,12,70.6,18,67.0,16,63.6,13,59.2,,,,,34.142674,-118.184801,FIGUEROA,11.473
2024-12-10 21:30:00,717599,134,W,ML,340,68.5,71,74.3,103,70.5,91,66.9,75,62.3,,,,,34.142896,-118.172193,SAN RAFAEL,12.253
2024-12-10 21:30:00,717603,134,W,ML,57,65.8,13,69.9,14,67.6,12,65.8,11,63.2,7,58.9,,,34.146519,-118.162409,ORANGE GROVE,12.763
2024-12-10 21:30:00,717604,134,W,HV,58,65.1,58,65.1,,,,,,,,,,,34.146519,-118.162409,ORANGE GROVE,12.763
2024-12-10 21:30:00,761035,134,W,HV,58,65.1,58,65.1,,,,,,,,,,,34.148123,-118.229499,HARVEY,8.743
2024-12-10 21:30:00,761038,134,W,HV,58,65.1,58,65.1,,,,,,,,,,,34.156447,-118.245195,GLENDALE 1,7.673
2024-12-10 21:30:00,761041,134,W,HV,58,65.1,58,65.1,,,,,,,,,,,34.156458,-118.262159,CENTRAL,6.693
2024-12-10 21:30:00,761044,134,W,HV,58,65.1,58,65.1,,,,,,,,,,,34.156198,-118.265345,PACIFIC,6.503
2024-12-10 21:30:00,763610,134,W,HV,58,65.1,58,65.1,,,,,,,,,,,34.142896,-118.172193,SAN RAFAEL,12.253
2024-12-10 21:30:00,763612,134,W,HV,58,65.1,58,65.1,,,,,,,,,,,34.142674,-118.184801,FIGUEROA,11.473
2024-12-10 21:30:00,773975,134,W,ML,59,65.1,12,70.6,18,67.0,16,63.6,13,59.2,,,,,34.14568,-118.221874,OAKVIEW,9.213
2024-12-10 21:30:00,773977,134,W,HV,58,65.1,58,65.1,,,,,,,,,,,34.14568,-118.221874,OAKVIEW,9.213
2024-12-10 21:30:00,773996,134,W,ML,339,69.2,75,73.6,82,71.2,72,69.2,67,66.5,43,62.0,,,34.145076,-118.215608,FM 2 NB TO 134 EB,9.573
2024-12-10 21:30:00,773998,134,W,HV,58,65.1,58,65.1,,,,,,,,,,,34.145076,-118.215608,FM 2 NB TO 134 EB,9.573
2024-12-10 21:30:00,774012,134,W,ML,340,68.5,71,74.3,103,70.5,91,66.9,75,62.3,,,,,34.148107,-118.197509,TOWNSEND,10.643
2024-12-10 21:30:00,774014,134,W,HV,58,65.1,58,65.1,,,,,,,,,,,34.148107,-118.197509,TOWNSEND,10.643
2024-12-10 21:30:00,774032,134,W,ML,59,65.1,12,70.6,18,67.0,16,63.6,13,59.2,,,,,34.141843,-118.182666,COLORADO,11.623
2024-12-10 21:30:00,774034,134,W,HV,58,65.1,58,65.1,,,,,,,,,,,34.141843,-118.182666,COLORADO,11.623
2024-12-10 21:30:00,774053,134,W,ML,59,65.1,12,70.6,18,67.0,16,63.6,13,59.2,,,,,34.15084,-118.234258,FM 2 SB TO 134,8.403
2024-12-10 21:30:00,774055,134,W,HV,58,65.1,58,65.1,,,,,,,,,,,34.15084,-118.234258,FM 2 SB TO 134,8.403
2024-12-10 21:35:00,716551,134,W,ML,219,64.8,56,70.2,61,66.8,53,62.0,49,59.3,,,,,34.154235,-118.274159,SAN FERNANDO,5.983
2024-12-10 21:35:00,716554,134,W,ML,168,68.7,5,74.9,44,71.2,56,70.1,63,65.3,,,,,34.156198,-118.265345,PACIFIC,6.503
2024-12-10 21:35:00,717099,134,W,ML,273,63.2,68,70.1,66,66.0,64,61.2,75,56.2,,,,,34.156447,-118.245195,GLENDALE 1,7.673
2024-12-10 21:35:00,717582,134,W,ML,193,68.1,37,74.9,47,66.8,54,69.5,55,63.1,,,,,34.156458,-118.262159,CENTRAL,6.693
2024-12-10 21:35:00,717590,134,W,ML,56,65.2,12,70.6,17,67.0,15,63.6,12,59.2,,,,,34.148123,-118.229499,HARVEY,8.743
2024-12-10 21:35:00,717597,134,W,ML,56,65.2,12,70.6,17,67.0,15,63.6,12,59.2,,,,,34.142674,-118.184801,FIGUEROA,11.473
2024-12-10 21:35:00,717599,134,W,ML,339,68.6,71,74.4,103,70.6,91,67.0,74,62.4,,,,,34.142896,-118.172193,SAN RAFAEL,12.253
2024-12-10 21:35:00,717603,134,W,ML,56,65.8,12,69.9,14,67.6,12,65.8,11,63.2,7,58.9,,,34.146519,-118.162409,ORANGE GROVE,12.763
2024-12-10 21:35:00,717604,134,W,HV,56,65.1,56,65.1,,,,,,,,,,,34.146519,-118.162409,ORANGE GROVE,12.763
2024-12-10 21:35:00,761035,134,W,HV,56,65.1,56,65.1,,,,,,,,,,,34.148123,-118.229499,HARVEY,8.743
2024-12-10 21:35:00,761038,134,W,HV,56,65.1,56,65.1,,,,,,,,,,,34.156447,-118.245195,GLENDALE 1,7.673
2024-12-10 21:35:00,761041,134,W,HV,56,65.1,56,65.1,,,,,,,,,,,34.156458,-118.262159,CENTRAL,6.693
2024-12-10 21:35:00,761044,134,W,HV,56,65.1,56,65.1,,,,,,,,,,,34.156198,-118.265345,PACIFIC,6.503
2024-12-10 21:35:00,763610,134,W,HV,56,65.1,56,65.1,,,,,,,,,,,34.142896,-118.172193,SAN RAFAEL,12.253
2024-12-10 21:35:00,763612,134,W,HV,56,65.1,56,65.1,,,,,,,,,,,34.142674,-118.184801,FIGUEROA,11.473
2024-12-10 21:35:00,773975,134,W,ML,56,65.2,12,70.6,17,67.0,15,63.6,12,59.2,,,,,34.14568,-118.221874,OAKVIEW,9.213
2024-12-10 21:35:00,773977,134,W,HV,56,65.1,56,65.1,,,,,,,,,,,34.14568,-118.221874,OAKVIEW,9.213
2024-12-10 21:35:00,773996,134,W,ML,338,69.3,75,73.7,81,71.3,72,69.3,67,66.6,43,62.1,,,34.145076,-118.215608,FM 2 NB TO 134 EB,9.573
2024-12-10 21:35:00,773998,134,W,HV,56,65.1,56,65.1,,,,,,,,,,,34.145076,-118.215608,FM 2 NB TO 134 EB,9.573
2024-12-10 21:35:00,774012,134,W,ML,339,68.6,71,74.4,103,70.6,91,67.0,74,62.4,,,,,34.148107,-118.197509,TOWNSEND,10.643
2024-12-10 21:35:00,774014,134,W,HV,56,65.1,56,65.1,,,,,,,,,,,34.148107,-118.197509,TOWNSEND,10.643
2024-12-10 21:35:00,774032,134,W,ML,56,65.2,12,70.6,17,67.0,15,63.6,12,59.2,,,,,34.141843,-118.182666,COLORADO,11.623
2024-12-10 21:35:00,774034,134,W,HV,56,65.1,56,65.1,,,,,,,,,,,34.141843,-118.182666,COLORADO,11.623
2024-12-10 21:35:00,774053,134,W,ML,56,65.2,12,70.6,17,67.0,15,63.6,12,59.2,,,,,34.15084,-118.234258,FM 2 SB TO 134,8.403
2024-12-10 21:35:00,774055,134,W,HV,56,65.1,56,65.1,,,,,,,,,,,34.15084,-118.234258,FM 2 SB TO 134,8.403
2024-12-10 21:40:00,716551,134,W,ML,210,64.2,53,69.5,58,66.2,51,61.5,48,58.8,,,,,34.154235,-118.274159,SAN FERNANDO,5.983
2024-12-10 21:40:00,716554,134,W,ML,171,69.0,5,74.9,45,71.9,53,67.0,68,68.1,,,,,34.156198,-118.265345,PACIFIC,6.503
2024-12-10 21:40:00,717099,134,W,ML,248,65.3,59,72.2,60,68.0,59,63.3,70,58.7,,,,,34.156447,-118.245195,GLENDALE 1,7.673
2024-12-10 21:40:00,717582,134,W,ML,200,69.6,44,75.2,53,69.5,44,67.1,59,67.5,,,,,34.156458,-118.262159,CENTRAL,6.693
2024-12-10 21:40:00,717590,134,W,ML,56,65.2,12,70.6,17,67.0,15,63.6,12,59.2,,,,,34.148123,-118.229499,HARVEY,8.743
2024-12-10 21:40:00,717597,134,W,ML,56,65.2,12,70.6,17,67.0,15,63.6,12,59.2,,,,,34.142674,-118.184801,FIGUEROA,11.473
2024-12-10 21:40:00,717599,134,W,ML,334,68.6,70,74.4,101,70.6,90,67.0,73,62.4,,,,,34.142896,-118.172193,SAN RAFAEL,12.253
2024-12-10 21:40:00,717603,134,W,ML,56,65.8,12,69.9,14,67.6,12,65.8,11,63.2,7,58.9,,,34.146519,-118.162409,ORANGE GROVE,12.763
2024-12-10 21:40:00,717604,134,W,HV,56,65.1,56,65.1,,,,,,,,,,,34.146519,-118.162409,ORANGE GROVE,12.763
2024-12-10 21:40:00,761035,134,W,HV,56,65.1,56,65.1,,,,,,,,,,,34.148123,-118.229499,HARVEY,8.743
2024-12-10 21:40:00,761038,134,W,HV,56,65.1,56,65.1,,,,,,,,,,,34.156447,-118.245195,GLENDALE 1,7.673
2024-12-10 21:40:00,761041,134,W,HV,56,65.1,56,65.1,,,,,,,,,,,34.156458,-118.262159,CENTRAL,6.693
2024-12-10 21:40:00,761044,134,W,HV,56,65.1,56,65.1,,,,,,,,,,,34.156198,-118.265345,PACIFIC,6.503
2024-12-10 21:40:00,763610,134,W,HV,56,65.1,56,65.1,,,,,,,,,,,34.142896,-118.172193,SAN RAFAEL,12.253
2024-12-10 21:40:00,763612,134,W,HV,56,65.1,56,65.1,,,,,,,,,,,34.142674,-118.184801,FIGUEROA,11.473
2024-12-10 21:40:00,773975,134,W,ML,56,65.2,12,70.6,17,67.0,15,63.6,12,59.2,,,,,34.14568,-118.221874,OAKVIEW,9.213
2024-12-10 21:40:00,773977,134,W,HV,56,65.1,56,65.1,,,,,,,,,,,34.14568,-118.221874,OAKVIEW,9.213
2024-12-10 21:40:00,773996,134,W,ML,334,69.3,74,73.7,81,71.3,71,69.3,66,66.6,42,62.1,,,34.145076,-118.215608,FM 2 NB TO 134 EB,9.573
2024-12-10 21:40:00,773998,134,W,HV,56,65.1,56,65.1,,,,,,,,,,,34.145076,-118.215608,FM 2 NB TO 134 EB,9.573
2024-12-10 21:40:00,774012,134,W,ML,334,68.6,70,74.4,101,70.6,90,67.0,73,62.4,,,,,34.148107,-118.197509,TOWNSEND,10.643
2024-12-10 21:40:00,774014,134,W,HV,56,65.1,56,65.1,,,,,,,,,,,34.148107,-118.197509,TOWNSEND,10.643
2024-12-10 21:40:00,774032,134,W,ML,56,65.2,12,70.6,17,67.0,15,63.6,12,59.2,,,,,34.141843,-118.182666,COLORADO,11.623
2024-12-10 21:40:00,774034,134,W,HV,56,65.1,56,65.1,,,,,,,,,,,34.141843,-118.182666,COLORADO,11.623
2024-12-10 21:40:00,774053,134,W,ML,56,65.2,12,70.6,17,67.0,15,63.6,12,59.2,,,,,34.15084,-118.234258,FM 2 SB TO 134,8.403
2024-12-10 21:40:00,774055,134,W,HV,56,65.1,56,65.1,,,,,,,,,,,34.15084,-118.234258,FM 2 SB TO 134,8.403
2024-12-10 21:45:00,716551,134,W,ML,231,62.9,58,68.1,64,64.9,56,60.2,53,57.7,,,,,34.154235,-118.274159,SAN FERNANDO,5.983
2024-12-10 21:45:00,716554,134,W,ML,186,68.3,19,74.9,53,71.2,55,65.3,59,66.3,,,,,34.156198,-118.265345,PACIFIC,6.503
2024-12-10 21:45:00,717099,134,W,ML,236,65.9,57,72.9,57,68.6,56,63.9,66,59.3,,,,,34.156447,-118.245195,GLENDALE 1,7.673
2024-12-10 21:45:00,717582,134,W,ML,202,69.8,43,76.0,48,71.8,47,68.1,64,65.5,,,,,34.156458,-118.262159,CENTRAL,6.693
2024-12-10 21:45:00,717590,134,W,ML,56,65.2,12,70.6,17,67.0,15,63.6,12,59.2,,,,,34.148123,-118.229499,HARVEY,8.743
2024-12-10 21:45:00,717597,134,W,ML,56,65.2,12,70.6,17,67.0,15,63.6,12,59.2,,,,,34.142674,-118.184801,FIGUEROA,11.473
2024-12-10 21:45:00,717599,134,W,ML,329,68.7,69,74.5,100,70.7,88,67.1,72,62.5,,,,,34.142896,-118.172193,SAN RAFAEL,12.253
2024-12-10 21:45:00,717603,134,W,ML,55,65.7,12,69.9,13,67.6,12,65.8,11,63.2,7,58.9,,,34.146519,-118.162409,ORANGE GROVE,12.763
2024-12-10 21:45:00,717604,134,W,HV,55,65.1,55,65.1,,,,,,,,,,,34.146519,-118.162409,ORANGE GROVE,12.763
2024-12-10 21:45:00,761035,134,W,HV,55,65.1,55,65.1,,,,,,,,,,,34.148123,-118.229499,HARVEY,8.743
2024-12-10 21:45:00,761038,134,W,HV,55,65.1,55,65.1,,,,,,,,,,,34.156447,-118.245195,GLENDALE 1,7.673
2024-12-10 21:45:00,761041,134,W,HV,55,65.1,55,65.1,,,,,,,,,,,34.156458,-118.262159,CENTRAL,6.693
2024-12-10 21:45:00,761044,134,W,HV,55,65.1,55,65.1,,,,,,,,,,,34.156198,-118.265345,PACIFIC,6.503
2024-12-10 21:45:00,763610,134,W,HV,55,65.1,55,65.1,,,,,,,,,,,34.142896,-118.172193,SAN RAFAEL,12.253
2024-12-10 21:45:00,763612,134,W,HV,55,65.1,55,65.1,,,,,,,,,,,34.142674,-118.184801,FIGUEROA,11.473
2024-12-10 21:45:00,773975,134,W,ML,56,65.2,12,70.6,17,67.0,15,63.6,12,59.2,,,,,34.14568,-118.221874,OAKVIEW,9.213
2024-12-10 21:45:00,773977,134,W,HV,55,65.1,55,65.1,,,,,,,,,,,34.14568,-118.221874,OAKVIEW,9.213
2024-12-10 21:45:00,773996,134,W,ML,329,69.4,73,73.8,79,71.4,70,69.4,65,66.7,42,62.2,,,34.145076,-118.215608,FM 2 NB TO 134 EB,9.573
2024-12-10 21:45:00,773998,134,W,HV,55,65.1,55,65.1,,,,,,,,,,,34.145076,-118.215608,FM 2 NB TO 134 EB,9.573
2024-12-10 21:45:00,774012,134,W,ML,329,68.7,69,74.5,100,70.7,88,67.1,72,62.5,,,,,34.148107,-118.197509,TOWNSEND,10.643
2024-12-10 21:45:00,774014,134,W,HV,55,65.1,55,65.1,,,,,,,,,,,34.148107,-118.197509,TOWNSEND,10.643
2024-12-10 21:45:00,774032,134,W,ML,56,65.2,12,70.6,17,67.0,15,63.6,12,59.2,,,,,34.141843,-118.182666,COLORADO,11.623
2024-12-10 21:45:00,774034,134,W,HV,55,65.1,55,65.1,,,,,,,,,,,34.141843,-118.182666,COLORADO,11.623
2024-12-10 21:45:00,774053,134,W,ML,56,65.2,12,70.6,17,67.0,15,63.6,12,59.2,,,,,34.15084,-118.234258,FM 2 SB TO 134,8.403
2024-12-10 21:45:00,774055,134,W,HV,55,65.1,55,65.1,,,,,,,,,,,34.15084,-118.234258,FM 2 SB TO 134,8.403
2024-12-10 21:50:00,716551,134,W,ML,212,63.7,54,69.0,59,65.6,51,61.0,48,58.4,,,,,34.154235,-118.274159,SAN FERNANDO,5.983
2024-12-10 21:50:00,716554,134,W,ML,173,67.9,12,74.9,41,69.7,54,67.0,66,66.3,,,,,34.156198,-118.265345,PACIFIC,6.503
2024-12-10 21:50:00,717099,134,W,ML,244,65.9,58,73.0,59,68.7,58,63.8,69,59.1,,,,,34.156447,-118.245195,GLENDALE 1,7.673
2024-12-10 21:50:00,717582,134,W,ML,194,69.5,40,75.3,52,71.6,47,68.8,55,64.0,,,,,34.156458,-118.262159,CENTRAL,6.693
2024-12-10 21:50:00,717590,134,W,ML,53,65.2,11,70.7,16,67.1,14,63.7,12,59.3,,,,,34.148123,-118.229499,HARVEY,8.743
2024-12-10 21:50:00,717597,134,W,ML,53,65.2,11,70.7,16,67.1,14,63.7,12,59.3,,,,,34.142674,-118.184801,FIGUEROA,11.473
2024-12-10 21:50:00,717599,134,W,ML,319,68.7,67,74.5,97,70.7,85,67.1,70,62.5,,,,,34.142896,-118.172193,SAN RAFAEL,12.253
2024-12-10 21:50:00,717603,134,W,ML,55,65.8,12,70.0,13,67.7,12,65.9,11,63.3,7,59.0,,,34.146519,-118.162409,ORANGE GROVE,12.763
2024-12-10 21:50:00,717604,134,W,HV,54,65.2,54,65.2,,,,,,,,,,,34.146519,-118.162409,ORANGE GROVE,12.763
2024-12-10 21:50:00,761035,134,W,HV,54,65.2,54,65.2,,,,,,,,,,,34.148123,-118.229499,HARVEY,8.743
2024-12-10 21:50:00,761038,134,W,HV,54,65.2,54,65.2,,,,,,,,,,,34.156447,-118.245195,GLENDALE 1,7.673
2024-12-10 21:50:00,761041,134,W,HV,54,65.2,54,65.2,,,,,,,,,,,34.156458,-118.262159,CENTRAL,6.693
2024-12-10 21:50:00,761044,134,W,HV,54,65.2,54,65.2,,,,,,,,,,,34.156198,-118.265345,PACIFIC,6.503
2024-12-10 21:50:00,763610,134,W,HV,54,65.2,54,65.2,,,,,,,,,,,34.142896,-118.172193,SAN RAFAEL,12.253
2024-12-10 21:50:00,763612,134,W,HV,54,65.2,54,65.2,,,,,,,,,,,34.142674,-118.184801,FIGUEROA,11.473
2024-12-10 21:50:00,773975,134,W,ML,53,65.2,11,70.7,16,67.1,14,63.7,12,59.3,,,,,34.14568,-118.221874,OAKVIEW,9.213
2024-12-10 21:50:00,773977,134,W,HV,54,65.2,54,65.2,,,,,,,,,,,34.14568,-118.221874,OAKVIEW,9.213
2024-12-10 21:50:00,773996,134,W,ML,320,69.4,71,73.8,77,71.4,68,69.4,63,66.7,41,62.2,,,34.145076,-118.215608,FM 2 NB TO 134 EB,9.573
2024-12-10 21:50:00,773998,134,W,HV,54,65.2,54,65.2,,,,,,,,,,,34.145076,-118.215608,FM 2 NB TO 134 EB,9.573
2024-12-10 21:50:00,774012,134,W,ML,319,68.7,67,74.5,97,70.7,85,67.1,70,62.5,,,,,34.148107,-118.197509,TOWNSEND,10.643
2024-12-10 21:50:00,774014,134,W,HV,54,65.2,54,65.2,,,,,,,,,,,34.148107,-118.197509,TOWNSEND,10.643
2024-12-10 21:50:00,774032,134,W,ML,53,65.2,11,70.7,16,67.1,14,63.7,12,59.3,,,,,34.141843,-118.182666,COLORADO,11.623
2024-12-10 21:50:00,774034,134,W,HV,54,65.2,54,65.2,,,,,,,,,,,34.141843,-118.182666,COLORADO,11.623
2024-12-10 21:50:00,774053,134,W,ML,53,65.2,11,70.7,16,67.1,14,63.7,12,59.3,,,,,34.15084,-118.234258,FM 2 SB TO 134,8.403
2024-12-10 21:50:00,774055,134,W,HV,54,65.2,54,65.2,,,,,,,,,,,34.15084,-118.234258,FM 2 SB TO 134,8.403
2024-12-10 21:55:00,716551,134,W,ML,194,63.6,47,68.9,54,65.7,48,61.0,45,58.3,,,,,34.154235,-118.274159,SAN FERNANDO,5.983
2024-12-10 21:55:00,716554,134,W,ML,152,68.2,4,74.8,40,71.1,39,66.3,69,67.2,,,,,34.156198,-118.265345,PACIFIC,6.503
2024-12-10 21:55:00,717099,134,W,ML,216,65.6,52,72.5,53,68.3,52,63.6,59,59.0,,,,,34.156447,-118.245195,GLENDALE 1,7.673
2024-12-10 21:55:00,717582,134,W,ML,171,69.2,33,75.1,38,71.8,44,67.5,56,65.3,,,,,34.156458,-118.262159,CENTRAL,6.693
2024-12-10 21:55:00,717590,134,W,ML,53,65.2,11,70.7,16,67.1,14,63.7,12,59.3,,,,,34.148123,-118.229499,HARVEY,8.743
2024-12-10 21:55:00,717597,134,W,ML,53,65.2,11,70.7,16,67.1,14,63.7,12,59.3,,,,,34.142674,-118.184801,FIGUEROA,11.473
2024-12-10 21:55:00,717599,134,W,ML,310,68.7,65,74.5,94,70.7,83,67.1,68,62.5,,,,,34.142896,-118.172193,SAN RAFAEL,12.253
2024-12-10 21:55:00,717603,134,W,ML,53,65.9,12,70.0,13,67.7,11,65.9,10,63.3,7,59.0,,,34.146519,-118.162409,ORANGE GROVE,12.763
2024-12-10 21:55:00,717604,134,W,HV,53,65.2,53,65.2,,,,,,,,,,,34.146519,-118.162409,ORANGE GROVE,12.763
2024-12-10 21:55:00,761035,134,W,HV,53,65.2,53,65.2,,,,,,,,,,,34.148123,-118.229499,HARVEY,8.743
2024-12-10 21:55:00,761038,134,W,HV,53,65.2,53,65.2,,,,,,,,,,,34.156447,-118.245195,GLENDALE 1,7.673
2024-12-10 21:55:00,761041,134,W,HV,53,65.2,53,65.2,,,,,,,,,,,34.156458,-118.262159,CENTRAL,6.693
2024-12-10 21:55:00,761044,134,W,HV,53,65.2,53,65.2,,,,,,,,,,,34.156198,-118.265345,PACIFIC,6.503
2024-12-10 21:55:00,763610,134,W,HV,53,65.2,53,65.2,,,,,,,,,,,34.142896,-118.172193,SAN RAFAEL,12.253
2024-12-10 21:55:00,763612,134,W,HV,53,65.2,53,65.2,,,,,,,,,,,34.142674,-118.184801,FIGUEROA,11.473
2024-12-10 21:55:00,773975,134,W,ML,53,65.2,11,70.7,16,67.1,14,63.7,12,59.3,,,,,34.14568,-118.221874,OAKVIEW,9.213
2024-12-10 21:55:00,773977,134,W,HV,53,65.2,53,65.2,,,,,,,,,,,34.14568,-118.221874,OAKVIEW,9.213
2024-12-10 21:55:00,773996,134,W,ML,310,69.4,69,73.8,75,71.4,66,69.4,61,66.7,39,62.2,,,34.145076,-118.215608,FM 2 NB TO 134 EB,9.573
2024-12-10 21:55:00,773998,134,W,HV,53,65.2,53,65.2,,,,,,,,,,,34.145076,-118.215608,FM 2 NB TO 134 EB,9.573
2024-12-10 21:55:00,774012,134,W,ML,310,68.7,65,74.5,94,70.7,83,67.1,68,62.5,,,,,34.148107,-118.197509,TOWNSEND,10.643
2024-12-10 21:55:00,774014,134,W,HV,53,65.2,53,65.2,,,,,,,,,,,34.148107,-118.197509,TOWNSEND,10.643
2024-12-10 21:55:00,774032,134,W,ML,53,65.2,11,70.7,16,67.1,14,63.7,12,59.3,,,,,34.141843,-118.182666,COLORADO,11.623
2024-12-10 21:55:00,774034,134,W,HV,53,65.2,53,65.2,,,,,,,,,,,34.141843,-118.182666,COLORADO,11.623
2024-12-10 21:55:00,774053,134,W,ML,53,65.2,11,70.7,16,67.1,14,63.7,12,59.3,,,,,34.15084,-118.234258,FM 2 SB TO 134,8.403
2024-12-10 21:55:00,774055,134,W,HV,53,65.2,53,65.2,,,,,,,,,,,34.15084,-118.234258,FM 2 SB TO 134,8.403
2024-12-10 22:00:00,716551,134,W,ML,189,65.1,45,70.6,53,67.2,47,62.5,44,59.7,,,,,34.154235,-118.274159,SAN FERNANDO,5.983
2024-12-10 22:00:00,716554,134,W,ML,155,69.2,7,74.9,38,71.7,43,68.3,67,67.7,,,,,34.156198,-118.265345,PACIFIC,6.503
2024-12-10 22:00:00,717099,134,W,ML,224,65.6,53,72.5,54,68.3,54,63.7,63,59.1,,,,,34.156447,-118.245195,GLENDALE 1,7.673
2024-12-10 22:00:00,717582,134,W,ML,164,69.6,34,74.9,45,69.2,36,67.6,49,67.9,,,,,34.156458,-118.262159,CENTRAL,6.693
2024-12-10 22:00:00,717590,134,W,ML,51,65.2,11,70.6,15,67.0,14,63.6,11,59.2,,,,,34.148123,-118.229499,HARVEY,8.743
2024-12-10 22:00:00,717597,134,W,ML,51,65.2,11,70.6,15,67.0,14,63.6,11,59.2,,,,,34.142674,-118.184801,FIGUEROA,11.473
2024-12-10 22:00:00,717599,134,W,ML,304,68.5,64,74.3,92,70.5,81,66.9,67,62.3,,,,,34.142896,-118.172193,SAN RAFAEL,12.253
2024-12-10 22:00:00,717603,134,W,ML,50,65.8,11,69.9,12,67.6,11,65.8,10,63.2,6,58.9,,,34.146519,-118.162409,ORANGE GROVE,12.763
2024-12-10 22:00:00,717604,134,W,HV,51,65.1,51,65.1,,,,,,,,,,,34.146519,-118.162409,ORANGE GROVE,12.763
2024-12-10 22:00:00,761035,134,W,HV,51,65.1,51,65.1,,,,,,,,,,,34.148123,-118.229499,HARVEY,8.743
2024-12-10 22:00:00,761038,134,W,HV,51,65.1,51,65.1,,,,,,,,,,,34.156447,-118.245195,GLENDALE 1,7.673
2024-12-10 22:00:00,761041,134,W,HV,51,65.1,51,65.1,,,,,,,,,,,34.156458,-118.262159,CENTRAL,6.693
2024-12-10 22:00:00,761044,134,W,HV,51,65.1,51,65.1,,,,,,,,,,,34.156198,-118.265345,PACIFIC,6.503
2024-12-10 22:00:00,763610,134,W,HV,51,65.1,51,65.1,,,,,,,,,,,34.142896,-118.172193,SAN RAFAEL,12.253
2024-12-10 22:00:00,763612,134,W,HV,51,65.1,51,65.1,,,,,,,,,,,34.142674,-118.184801,FIGUEROA,11.473
2024-12-10 22:00:00,773975,134,W,ML,51,65.2,11,70.6,15,67.0,14,63.6,11,59.2,,,,,34.14568,-118.221874,OAKVIEW,9.213
2024-12-10 22:00:00,773977,134,W,HV,51,65.1,51,65.1,,,,,,,,,,,34.14568,-118.221874,OAKVIEW,9.213
2024-12-10 22:00:00,773996,134,W,ML,304,69.2,67,73.6,73,71.2,65,69.2,60,66.5,39,62.0,,,34.145076,-118.215608,FM 2 NB TO 134 EB,9.573
2024-12-10 22:00:00,773998,134,W,HV,51,65.1,51,65.1,,,,,,,,,,,34.145076,-118.215608,FM 2 NB TO 134 EB,9.573
2024-12-10 22:00:00,774012,134,W,ML,304,68.5,64,74.3,92,70.5,81,66.9,67,62.3,,,,,34.148107,-118.197509,TOWNSEND,10.643
2024-12-10 22:00:00,774014,134,W,HV,51,65.1,51,65.1,,,,,,,,,,,34.148107,-118.197509,TOWNSEND,10.643
2024-12-10 22:00:00,774032,134,W,ML,51,65.2,11,70.6,15,67.0,14,63.6,11,59.2,,,,,34.141843,-118.182666,COLORADO,11.623
2024-12-10 22:00:00,774034,134,W,HV,51,65.1,51,65.1,,,,,,,,,,,34.141843,-118.182666,COLORADO,11.623
2024-12-10 22:00:00,774053,134,W,ML,51,65.2,11,70.6,15,67.0,14,63.6,11,59.2,,,,,34.15084,-118.234258,FM 2 SB TO 134,8.403
2024-12-10 22:00:00,774055,134,W,HV,51,65.1,51,65.1,,,,,,,,,,,34.15084,-118.234258,FM 2 SB TO 134,8.403
2024-12-10 22:05:00,716551,134,W,ML,200,65.2,48,70.6,56,67.3,50,62.5,46,59.7,,,,,34.154235,-118.274159,SAN FERNANDO,5.983
2024-12-10 22:05:00,716554,134,W,ML,160,68.0,7,74.9,42,70.2,43,68.4,68,65.7,,,,,34.156198,-118.265345,PACIFIC,6.503
2024-12-10 22:05:00,717099,134,W,ML,207,65.3,48,72.3,50,68.1,50,63.4,59,58.8,,,,,34.156447,-118.245195,GLENDALE 1,7.673
2024-12-10 22:05:00,717582,134,W,ML,169,70.1,41,74.0,40,69.6,39,67.2,49,69.7,,,,,34.156458,-118.262159,CENTRAL,6.693
2024-12-10 22:05:00,717590,134,W,ML,49,65.1,10,70.6,15,67.0,13,63.6,11,59.2,,,,,34.148123,-118.229499,HARVEY,8.743
2024-12-10 22:05:00,717597,134,W,ML,49,65.1,10,70.6,15,67.0,13,63.6,11,59.2,,,,,34.142674,-118.184801,FIGUEROA,11.473
2024-12-10 22:05:00,717599,134,W,ML,306,68.4,64,74.2,93,70.4,82,66.8,67,62.3,,,,,34.142896,-118.172193,SAN RAFAEL,12.253
2024-12-10 22:05:00,717603,134,W,ML,50,65.8,11,69.9,12,67.6,11,65.8,10,63.2,6,58.9,,,34.146519,-118.162409,ORANGE GROVE,12.763
2024-12-10 22:05:00,717604,134,W,HV,50,65.1,50,65.1,,,,,,,,,,,34.146519,-118.162409,ORANGE GROVE,12.763
2024-12-10 22:05:00,761035,134,W,HV,50,65.1,50,65.1,,,,,,,,,,,34.148123,-118.229499,HARVEY,8.743
2024-12-10 22:05:00,761038,134,W,HV,50,65.1,50,65.1,,,,,,,,,,,34.156447,-118.245195,GLENDALE 1,7.673
2024-12-10 22:05:00,761041,134,W,HV,50,65.1,50,65.1,,,,,,,,,,,34.156458,-118.262159,CENTRAL,6.693
2024-12-10 22:05:00,761044,134,W,HV,50,65.1,50,65.1,,,,,,,,,,,34.156198,-118.265345,PACIFIC,6.503
2024-12-10 22:05:00,763610,134,W,HV,50,65.1,50,65.1,,,,,,,,,,,34.142896,-118.172193,SAN RAFAEL,12.253
2024-12-10 22:05:00,763612,134,W,HV,50,65.1,50,65.1,,,,,,,,,,,34.142674,-118.184801,FIGUEROA,11.473
2024-12-10 22:05:00,773975,134,W,ML,49,65.1,10,70.6,15,67.0,13,63.6,11,59.2,,,,,34.14568,-118.221874,OAKVIEW,9.213
2024-12-10 22:05:00,773977,134,W,HV,50,65.1,50,65.1,,,,,,,,,,,34.14568,-118.221874,OAKVIEW,9.213
2024-12-10 22:05:00,773996,134,W,ML,306,69.1,68,73.4,74,71.0,65,69.1,60,66.4,39,61.9,,,34.145076,-118.215608,FM 2 NB TO 134 EB,9.573
2024-12-10 22:05:00,773998,134,W,HV,50,65.1,50,65.1,,,,,,,,,,,34.145076,-118.215608,FM 2 NB TO 134 EB,9.573
2024-12-10 22:05:00,774012,134,W,ML,306,68.4,64,74.2,93,70.4,82,66.8,67,62.3,,,,,34.148107,-118.197509,TOWNSEND,10.643
2024-12-10 22:05:00,774014,134,W,HV,50,65.1,50,65.1,,,,,,,,,,,34.148107,-118.197509,TOWNSEND,10.643
2024-12-10 22:05:00,774032,134,W,ML,49,65.1,10,70.6,15,67.0,13,63.6,11,59.2,,,,,34.141843,-118.182666,COLORADO,11.623
2024-12-10 22:05:00,774034,134,W,HV,50,65.1,50,65.1,,,,,,,,,,,34.141843,-118.182666,COLORADO,11.623
2024-12-10 22:05:00,774053,134,W,ML,49,65.1,10,70.6,15,67.0,13,63.6,11,59.2,,,,,34.15084,-118.234258,FM 2 SB TO 134,8.403
2024-12-10 22:05:00,774055,134,W,HV,50,65.1,50,65.1,,,,,,,,,,,34.15084,-118.234258,FM 2 SB TO 134,8.403
2024-12-10 22:10:00,716551,134,W,ML,229,65.2,59,70.3,64,67.1,55,62.7,51,59.6,,,,,34.154235,-118.274159,SAN FERNANDO,5.983
2024-12-10 22:10:00,716554,134,W,ML,164,67.8,9,74.8,36,70.8,59,69.0,60,63.9,,,,,34.156198,-118.265345,PACIFIC,6.503
2024-12-10 22:10:00,717099,134,W,ML,242,65.3,59,72.3,58,68.1,57,63.2,68,58.5,,,,,34.156447,-118.245195,GLENDALE 1,7.673
2024-12-10 22:10:00,717582,134,W,ML,178,69.2,38,73.9,40,70.5,52,68.8,48,64.9,,,,,34.156458,-118.262159,CENTRAL,6.693
2024-12-10 22:10:00,717590,134,W,ML,51,65.2,11,70.6,15,67.0,14,63.6,11,59.2,,,,,34.148123,-118.229499,HARVEY,8.743
2024-12-10 22:10:00,717597,134,W,ML,51,65.2,11,70.6,15,67.0,14,63.6,11,59.2,,,,,34.142674,-118.184801,FIGUEROA,11.473
2024-12-10 22:10:00,717599,134,W,ML,306,68.4,64,74.2,93,70.4,82,66.8,67,62.3,,,,,34.142896,-118.172193,SAN RAFAEL,12.253
2024-12-10 22:10:00,717603,134,W,ML,50,65.8,11,69.9,12,67.6,11,65.8,10,63.2,6,58.9,,,34.146519,-118.162409,ORANGE GROVE,12.763
2024-12-10 22:10:00,717604,134,W,HV,51,65.1,51,65.1,,,,,,,,,,,34.146519,-118.162409,ORANGE GROVE,12.763
2024-12-10 22:10:00,761035,134,W,HV,51,65.1,51,65.1,,,,,,,,,,,34.148123,-118.229499,HARVEY,8.743
2024-12-10 22:10:00,761038,134,W,HV,51,65.1,51,65.1,,,,,,,,,,,34.156447,-118.245195,GLENDALE 1,7.673
2024-12-10 22:10:00,761041,134,W,HV,51,65.1,51,65.1,,,,,,,,,,,34.156458,-118.262159,CENTRAL,6.693
2024-12-10 22:10:00,761044,134,W,HV,51,65.1,51,65.1,,,,,,,,,,,34.156198,-118.265345,PACIFIC,6.503
2024-12-10 22:10:00,763610,134,W,HV,51,65.1,51,65.1,,,,,,,,,,,34.142896,-118.172193,SAN RAFAEL,12.253
2024-12-10 22:10:00,763612,134,W,HV,51,65.1,51,65.1,,,,,,,,,,,34.142674,-118.184801,FIGUEROA,11.473
2024-12-10 22:10:00,773975,134,W,ML,51,65.2,11,70.6,15,67.0,14,63.6,11,59.2,,,,,34.14568,-118.221874,OAKVIEW,9.213
2024-12-10 22:10:00,773977,134,W,HV,51,65.1,51,65.1,,,,,,,,,,,34.14568,-118.221874,OAKVIEW,9.213
2024-12-10 22:10:00,773996,134,W,ML,307,69.1,68,73.4,74,71.0,65,69.1,61,66.4,39,61.9,,,34.145076,-118.215608,FM 2 NB TO 134 EB,9.573
2024-12-10 22:10:00,773998,134,W,HV,51,65.1,51,65.1,,,,,,,,,,,34.145076,-118.215608,FM 2 NB TO 134 EB,9.573
2024-12-10 22:10:00,774012,134,W,ML,306,68.4,64,74.2,93,70.4,82,66.8,67,62.3,,,,,34.148107,-118.197509,TOWNSEND,10.643
2024-12-10 22:10:00,774014,134,W,HV,51,65.1,51,65.1,,,,,,,,,,,34.148107,-118.197509,TOWNSEND,10.643
2024-12-10 22:10:00,774032,134,W,ML,51,65.2,11,70.6,15,67.0,14,63.6,11,59.2,,,,,34.141843,-118.182666,COLORADO,11.623
2024-12-10 22:10:00,774034,134,W,HV,51,65.1,51,65.1,,,,,,,,,,,34.141843,-118.182666,COLORADO,11.623
2024-12-10 22:10:00,774053,134,W,ML,51,65.2,11,70.6,15,67.0,14,63.6,11,59.2,,,,,34.15084,-118.234258,FM 2 SB TO 134,8.403
2024-12-10 22:10:00,774055,134,W,HV,51,65.1,51,65.1,,,,,,,,,,,34.15084,-118.234258,FM 2 SB TO 134,8.403
2024-12-10 22:15:00,716551,134,W,ML,238,63.9,60,69.1,66,65.8,58,61.2,54,58.5,,,,,34.154235,-118.274159,SAN FERNANDO,5.983
2024-12-10 22:15:00,716554,134,W,ML,192,66.4,10,74.9,56,71.3,57,66.6,69,61.0,,,,,34.156198,-118.265345,PACIFIC,6.503
2024-12-10 22:15:00,717099,134,W,ML,242,65.6,58,72.5,58,68.3,58,63.7,68,59.1,,,,,34.156447,-118.245195,GLENDALE 1,7.673
2024-12-10 22:15:00,717582,134,W,ML,204,69.8,52,75.1,51,72.7,56,67.6,45,62.9,,,,,34.156458,-118.262159,CENTRAL,6.693
2024-12-10 22:15:00,717590,134,W,ML,51,65.2,11,70.6,15,67.0,14,63.6,11,59.2,,,,,34.148123,-118.229499,HARVEY,8.743
2024-12-10 22:15:00,717597,134,W,ML,51,65.2,11,70.6,15,67.0,14,63.6,11,59.2,,,,,34.142674,-118.184801,FIGUEROA,11.473
2024-12-10 22:15:00,717599,134,W,ML,304,68.4,64,74.2,92,70.4,81,66.8,67,62.3,,,,,34.142896,-118.172193,SAN RAFAEL,12.253
2024-12-10 22:15:00,717603,134,W,ML,50,65.8,11,69.9,12,67.6,11,65.8,10,63.2,6,58.9,,,34.146519,-118.162409,ORANGE GROVE,12.763
2024-12-10 22:15:00,717604,134,W,HV,51,65.1,51,65.1,,,,,,,,,,,34.146519,-118.162409,ORANGE GROVE,12.763
2024-12-10 22:15:00,761035,134,W,HV,51,65.1,51,65.1,,,,,,,,,,,34.148123,-118.229499,HARVEY,8.743
2024-12-10 22:15:00,761038,134,W,HV,51,65.1,51,65.1,,,,,,,,,,,34.156447,-118.245195,GLENDALE 1,7.673
2024-12-10 22:15:00,761041,134,W,HV,51,65.1,51,65.1,,,,,,,,,,,34.156458,-118.262159,CENTRAL,6.693
2024-12-10 22:15:00,761044,134,W,HV,51,65.1,51,65.1,,,,,,,,,,,34.156198,-118.265345,PACIFIC,6.503
2024-12-10 22:15:00,763610,134,W,HV,51,65.1,51,65.1,,,,,,,,,,,34.142896,-118.172193,SAN RAFAEL,12.253
2024-12-10 22:15:00,763612,134,W,HV,51,65.1,51,65.1,,,,,,,,,,,34.142674,-118.184801,FIGUEROA,11.473
2024-12-10 22:15:00,773975,134,W,ML,51,65.2,11,70.6,15,67.0,14,63.6,11,59.2,,,,,34.14568,-118.221874,OAKVIEW,9.213
2024-12-10 22:15:00,773977,134,W,HV,51,65.1,51,65.1,,,,,,,,,,,34.14568,-118.221874,OAKVIEW,9.213
2024-12-10 22:15:00,773996,134,W,ML,304,69.1,67,73.4,73,71.0,65,69.1,60,66.4,39,61.9,,,34.145076,-118.215608,FM 2 NB TO 134 EB,9.573
2024-12-10 22:15:00,773998,134,W,HV,51,65.1,51,65.1,,,,,,,,,,,34.145076,-118.215608,FM 2 NB TO 134 EB,9.573
2024-12-10 22:15:00,774012,134,W,ML,304,68.4,64,74.2,92,70.4,81,66.8,67,62.3,,,,,34.148107,-118.197509,TOWNSEND,10.643
2024-12-10 22:15:00,774014,134,W,HV,51,65.1,51,65.1,,,,,,,,,,,34.148107,-118.197509,TOWNSEND,10.643
2024-12-10 22:15:00,774032,134,W,ML,51,65.2,11,70.6,15,67.0,14,63.6,11,59.2,,,,,34.141843,-118.182666,COLORADO,11.623
2024-12-10 22:15:00,774034,134,W,HV,51,65.1,51,65.1,,,,,,,,,,,34.141843,-118.182666,COLORADO,11.623
2024-12-10 22:15:00,774053,134,W,ML,51,65.2,11,70.6,15,67.0,14,63.6,11,59.2,,,,,34.15084,-118.234258,FM 2 SB TO 134,8.403
2024-12-10 22:15:00,774055,134,W,HV,51,65.1,51,65.1,,,,,,,,,,,34.15084,-118.234258,FM 2 SB TO 134,8.403
2024-12-10 22:20:00,716551,134,W,ML,200,63.0,48,68.2,56,65.0,50,60.4,46,57.8,,,,,34.154235,-118.274159,SAN FERNANDO,5.983
2024-12-10 22:20:00,716554,134,W,ML,146,66.5,7,74.9,42,70.4,33,65.5,64,63.5,,,,,34.156198,-118.265345,PACIFIC,6.503
2024-12-10 22:20:00,717099,134,W,ML,221,65.8,52,72.9,53,68.6,53,63.8,63,59.1,,,,,34.156447,-118.245195,GLENDALE 1,7.673
2024-12-10 22:20:00,717582,134,W,ML,178,69.5,39,74.8,44,72.4,42,65.5,53,66.4,,,,,34.156458,-118.262159,CENTRAL,6.693
2024-12-10 22:20:00,717590,134,W,ML,49,65.1,10,70.6,15,67.0,13,63.6,11,59.2,,,,,34.148123,-118.229499,HARVEY,8.743
2024-12-10 22:20:00,717597,134,W,ML,49,65.1,10,70.6,15,67.0,13,63.6,11,59.2,,,,,34.142674,-118.184801,FIGUEROA,11.473
2024-12-10 22:20:00,717599,134,W,ML,297,68.4,62,74.2,90,70.4,80,66.8,65,62.3,,,,,34.142896,-118.172193,SAN RAFAEL,12.253
2024-12-10 22:20:00,717603,134,W,ML,49,65.8,11,69.9,12,67.6,10,65.8,10,63.2,6,58.9,,,34.146519,-118.162409,ORANGE GROVE,12.763
2024-12-10 22:20:00,717604,134,W,HV,49,65.1,49,65.1,,,,,,,,,,,34.146519,-118.162409,ORANGE GROVE,12.763
2024-12-10 22:20:00,761035,134,W,HV,49,65.1,49,65.1,,,,,,,,,,,34.148123,-118.229499,HARVEY,8.743
2024-12-10 22:20:00,761038,134,W,HV,49,65.1,49,65.1,,,,,,,,,,,34.156447,-118.245195,GLENDALE 1,7.673
2024-12-10 22:20:00,761041,134,W,HV,49,65.1,49,65.1,,,,,,,,,,,34.156458,-118.262159,CENTRAL,6.693
2024-12-10 22:20:00,761044,134,W,HV,49,65.1,49,65.1,,,,,,,,,,,34.156198,-118.265345,PACIFIC,6.503
2024-12-10 22:20:00,763610,134,W,HV,49,65.1,49,65.1,,,,,,,,,,,34.142896,-118.172193,SAN RAFAEL,12.253
2024-12-10 22:20:00,763612,134,W,HV,49,65.1,49,65.1,,,,,,,,,,,34.142674,-118.184801,FIGUEROA,11.473
2024-12-10 22:20:00,773975,134,W,ML,49,65.1,10,70.6,15,67.0,13,63.6,11,59.2,,,,,34.14568,-118.221874,OAKVIEW,9.213
2024-12-10 22:20:00,773977,134,W,HV,49,65.1,49,65.1,,,,,,,,,,,34.14568,-118.221874,OAKVIEW,9.213
2024-12-10 22:20:00,773996,134,W,ML,298,69.1,66,73.4,72,71.0,63,69.1,59,66.4,38,61.9,,,34.145076,-118.215608,FM 2 NB TO 134 EB,9.573
2024-12-10 22:20:00,773998,134,W,HV,49,65.1,49,65.1,,,,,,,,,,,34.145076,-118.215608,FM 2 NB TO 134 EB,9.573
2024-12-10 22:20:00,774012,134,W,ML,297,68.4,62,74.2,90,70.4,80,66.8,65,62.3,,,,,34.148107,-118.197509,TOWNSEND,10.643
2024-12-10 22:20:00,774014,134,W,HV,49,65.1,49,65.1,,,,,,,,,,,34.148107,-118.197509,TOWNSEND,10.643
2024-12-10 22:20:00,774032,134,W,ML,49,65.1,10,70.6,15,67.0,13,63.6,11,59.2,,,,,34.141843,-118.182666,COLORADO,11.623
2024-12-10 22:20:00,774034,134,W,HV,49,65.1,49,65.1,,,,,,,,,,,34.141843,-118.182666,COLORADO,11.623
2024-12-10 22:20:00,774053,134,W,ML,49,65.1,10,70.6,15,67.0,13,63.6,11,59.2,,,,,34.15084,-118.234258,FM 2 SB TO 134,8.403
2024-12-10 22:20:00,774055,134,W,HV,49,65.1,49,65.1,,,,,,,,,,,34.15084,-118.234258,FM 2 SB TO 134,8.403
2024-12-10 22:25:00,716551,134,W,ML,207,60.8,53,65.7,59,62.5,51,58.1,44,55.7,,,,,34.154235,-118.274159,SAN FERNANDO,5.983
2024-12-10 22:25:00,716554,134,W,ML,137,66.0,6,74.8,47,71.6,39,62.4,45,62.1,,,,,34.156198,-118.265345,PACIFIC,6.503
2024-12-10 22:25:00,717099,134,W,ML,226,64.8,53,71.8,55,67.6,54,63.0,64,58.2,,,,,34.156447,-118.245195,GLENDALE 1,7.673
2024-12-10 22:25:00,717582,134,W,ML,170,67.6,36,73.8,46,73.0,47,66.5,41,57.2,,,,,34.156458,-118.262159,CENTRAL,6.693
2024-12-10 22:25:00,717590,134,W,ML,47,65.2,10,70.6,14,67.0,13,63.6,10,59.2,,,,,34.148123,-118.229499,HARVEY,8.743
2024-12-10 22:25:00,717597,134,W,ML,47,65.2,10,70.6,14,67.0,13,63.6,10,59.2,,,,,34.142674,-118.184801,FIGUEROA,11.473
2024-12-10 22:25:00,717599,134,W,ML,287,68.4,60,74.2,87,70.4,77,66.8,63,62.3,,,,,34.142896,-118.172193,SAN RAFAEL,12.253
2024-12-10 22:25:00,717603,134,W,ML,46,65.7,10,69.9,11,67.6,10,65.8,9,63.2,6,58.9,,,34.146519,-118.162409,ORANGE GROVE,12.763
2024-12-10 22:25:00,717604,134,W,HV,47,65.1,47,65.1,,,,,,,,,,,34.146519,-118.162409,ORANGE GROVE,12.763
2024-12-10 22:25:00,761035,134,W,HV,47,65.1,47,65.1,,,,,,,,,,,34.148123,-118.229499,HARVEY,8.743
2024-12-10 22:25:00,761038,134,W,HV,47,65.1,47,65.1,,,,,,,,,,,34.156447,-118.245195,GLENDALE 1,7.673
2024-12-10 22:25:00,761041,134,W,HV,47,65.1,47,65.1,,,,,,,,,,,34.156458,-118.262159,CENTRAL,6.693
2024-12-10 22:25:00,761044,134,W,HV,47,65.1,47,65.1,,,,,,,,,,,34.156198,-118.265345,PACIFIC,6.503
2024-12-10 22:25:00,763610,134,W,HV,47,65.1,47,65.1,,,,,,,,,,,34.142896,-118.172193,SAN RAFAEL,12.253
2024-12-10 22:25:00,763612,134,W,HV,47,65.1,47,65.1,,,,,,,,,,,34.142674,-118.184801,FIGUEROA,11.473
2024-12-10 22:25:00,773975,134,W,ML,47,65.2,10,70.6,14,67.0,13,63.6,10,59.2,,,,,34.14568,-118.221874,OAKVIEW,9.213
2024-12-10 22:25:00,773977,134,W,HV,47,65.1,47,65.1,,,,,,,,,,,34.14568,-118.221874,OAKVIEW,9.213
2024-12-10 22:25:00,773996,134,W,ML,285,69.1,63,73.4,69,71.0,61,69.1,56,66.4,36,61.9,,,34.145076,-118.215608,FM 2 NB TO 134 EB,9.573
2024-12-10 22:25:00,773998,134,W,HV,47,65.1,47,65.1,,,,,,,,,,,34.145076,-118.215608,FM 2 NB TO 134 EB,9.573
2024-12-10 22:25:00,774012,134,W,ML,287,68.4,60,74.2,87,70.4,77,66.8,63,62.3,,,,,34.148107,-118.197509,TOWNSEND,10.643
2024-12-10 22:25:00,774014,134,W,HV,47,65.1,47,65.1,,,,,,,,,,,34.148107,-118.197509,TOWNSEND,10.643
2024-12-10 22:25:00,774032,134,W,ML,47,65.2,10,70.6,14,67.0,13,63.6,10,59.2,,,,,34.141843,-118.182666,COLORADO,11.623
2024-12-10 22:25:00,774034,134,W,HV,47,65.1,47,65.1,,,,,,,,,,,34.141843,-118.182666,COLORADO,11.623
2024-12-10 22:25:00,774053,134,W,ML,47,65.2,10,70.6,14,67.0,13,63.6,10,59.2,,,,,34.15084,-118.234258,FM 2 SB TO 134,8.403
2024-12-10 22:25:00,774055,134,W,HV,47,65.1,47,65.1,,,,,,,,,,,34.15084,-118.234258,FM 2 SB TO 134,8.403
2024-12-10 22:30:00,716551,134,W,ML,180,64.1,43,69.5,50,66.2,45,61.5,42,58.8,,,,,34.154235,-118.274159,SAN FERNANDO,5.983
2024-12-10 22:30:00,716554,134,W,ML,146,66.7,2,74.9,34,71.2,42,67.0,68,64.0,,,,,34.156198,-118.265345,PACIFIC,6.503
2024-12-10 22:30:00,717099,134,W,ML,199,65.1,46,72.2,48,68.0,48,63.2,57,58.4,,,,,34.156447,-118.245195,GLENDALE 1,7.673
2024-12-10 22:30:00,717582,134,W,ML,147,68.2,28,74.2,37,70.4,38,67.6,44,63.2,,,,,34.156458,-118.262159,CENTRAL,6.693
2024-12-10 22:30:00,717590,134,W,ML,46,65.2,10,70.6,14,67.0,12,63.6,10,59.2,,,,,34.148123,-118.229499,HARVEY,8.743
2024-12-10 22:30:00,717597,134,W,ML,46,65.2,10,70.6,14,67.0,12,63.6,10,59.2,,,,,34.142674,-118.184801,FIGUEROA,11.473
2024-12-10 22:30:00,717599,134,W,ML,277,68.4,58,74.2,84,70.4,74,66.8,61,62.3,,,,,34.142896,-118.172193,SAN RAFAEL,12.253
2024-12-10 22:30:00,717603,134,W,ML,46,65.7,10,69.9,11,67.6,10,65.8,9,63.2,6,58.9,,,34.146519,-118.162409,ORANGE GROVE,12.763
2024-12-10 22:30:00,717604,134,W,HV,46,65.1,46,65.1,,,,,,,,,,,34.146519,-118.162409,ORANGE GROVE,12.763
2024-12-10 22:30:00,761035,134,W,HV,46,65.1,46,65.1,,,,,,,,,,,34.148123,-118.229499,HARVEY,8.743
2024-12-10 22:30:00,761038,134,W,HV,46,65.1,46,65.1,,,,,,,,,,,34.156447,-118.245195,GLENDALE 1,7.673
2024-12-10 22:30:00,761041,134,W,HV,46,65.1,46,65.1,,,,,,,,,,,34.156458,-118.262159,CENTRAL,6.693
2024-12-10 22:30:00,761044,134,W,HV,46,65.1,46,65.1,,,,,,,,,,,34.156198,-118.265345,PACIFIC,6.503
2024-12-10 22:30:00,763610,134,W,HV,46,65.1,46,65.1,,,,,,,,,,,34.142896,-118.172193,SAN RAFAEL,12.253
2024-12-10 22:30:00,763612,134,W,HV,46,65.1,46,65.1,,,,,,,,,,,34.142674,-118.184801,FIGUEROA,11.473
2024-12-10 22:30:00,773975,134,W,ML,46,65.2,10,70.6,14,67.0,12,63.6,10,59.2,,,,,34.14568,-118.221874,OAKVIEW,9.213
2024-12-10 22:30:00,773977,134,W,HV,46,65.1,46,65.1,,,,,,,,,,,34.14568,-118.221874,OAKVIEW,9.213
2024-12-10 22:30:00,773996,134,W,ML,277,69.1,61,73.4,67,71.0,59,69.1,55,66.4,35,61.9,,,34.145076,-118.215608,FM 2 NB TO 134 EB,9.573
2024-12-10 22:30:00,773998,134,W,HV,46,65.1,46,65.1,,,,,,,,,,,34.145076,-118.215608,FM 2 NB TO 134 EB,9.573
2024-12-10 22:30:00,774012,134,W,ML,277,68.4,58,74.2,84,70.4,74,66.8,61,62.3,,,,,34.148107,-118.197509,TOWNSEND,10.643
2024-12-10 22:30:00,774014,134,W,HV,46,65.1,46,65.1,,,,,,,,,,,34.148107,-118.197509,TOWNSEND,10.643
2024-12-10 22:30:00,774032,134,W,ML,46,65.2,10,70.6,14,67.0,12,63.6,10,59.2,,,,,34.141843,-118.182666,COLORADO,11.623
2024-12-10 22:30:00,774034,134,W,HV,46,65.1,46,65.1,,,,,,,,,,,34.141843,-118.182666,COLORADO,11.623
2024-12-10 22:30:00,774053,134,W,ML,46,65.2,10,70.6,14,67.0,12,63.6,10,59.2,,,,,34.15084,-118.234258,FM 2 SB TO 134,8.403
2024-12-10 22:30:00,774055,134,W,HV,46,65.1,46,65.1,,,,,,,,,,,34.15084,-118.234258,FM 2 SB TO 134,8.403
2024-12-10 22:35:00,716551,134,W,ML,172,64.2,41,69.7,48,66.2,43,61.7,40,58.9,,,,,34.154235,-118.274159,SAN FERNANDO,5.983
2024-12-10 22:35:00,716554,134,W,ML,119,67.5,3,74.9,32,71.3,39,66.7,45,65.1,,,,,34.156198,-118.265345,PACIFIC,6.503
2024-12-10 22:35:00,717099,134,W,ML,166,64.6,38,71.7,40,67.5,41,62.8,47,58.1,,,,,34.156447,-118.245195,GLENDALE 1,7.673
2024-12-10 22:35:00,717582,134,W,ML,123,69.4,23,74.6,37,73.2,31,66.3,32,64.4,,,,,34.156458,-118.262159,CENTRAL,6.693
2024-12-10 22:35:00,717590,134,W,ML,44,65.0,9,70.6,13,67.0,12,63.6,10,59.2,,,,,34.148123,-118.229499,HARVEY,8.743
2024-12-10 22:35:00,717597,134,W,ML,44,65.0,9,70.6,13,67.0,12,63.6,10,59.2,,,,,34.142674,-118.184801,FIGUEROA,11.473
2024-12-10 22:35:00,717599,134,W,ML,269,68.5,56,74.3,82,70.5,72,66.9,59,62.3,,,,,34.142896,-118.172193,SAN RAFAEL,12.253
2024-12-10 22:35:00,717603,134,W,ML,45,65.7,10,69.9,11,67.6,9,65.8,9,63.2,6,58.9,,,34.146519,-118.162409,ORANGE GROVE,12.763
2024-12-10 22:35:00,717604,134,W,HV,44,65.1,44,65.1,,,,,,,,,,,34.146519,-118.162409,ORANGE GROVE,12.763
2024-12-10 22:35:00,761035,134,W,HV,44,65.1,44,65.1,,,,,,,,,,,34.148123,-118.229499,HARVEY,8.743
2024-12-10 22:35:00,761038,134,W,HV,44,65.1,44,65.1,,,,,,,,,,,34.156447,-118.245195,GLENDALE 1,7.673
2024-12-10 22:35:00,761041,134,W,HV,44,65.1,44,65.1,,,,,,,,,,,34.156458,-118.262159,CENTRAL,6.693
2024-12-10 22:35:00,761044,134,W,HV,44,65.1,44,65.1,,,,,,,,,,,34.156198,-118.265345,PACIFIC,6.503
2024-12-10 22:35:00,763610,134,W,HV,44,65.1,44,65.1,,,,,,,,,,,34.142896,-118.172193,SAN RAFAEL,12.253
2024-12-10 22:35:00,763612,134,W,HV,44,65.1,44,65.1,,,,,,,,,,,34.142674,-118.184801,FIGUEROA,11.473
2024-12-10 22:35:00,773975,134,W,ML,44,65.0,9,70.6,13,67.0,12,63.6,10,59.2,,,,,34.14568,-118.221874,OAKVIEW,9.213
2024-12-10 22:35:00,773977,134,W,HV,44,65.1,44,65.1,,,,,,,,,,,34.14568,-118.221874,OAKVIEW,9.213
2024-12-10 22:35:00,773996,134,W,ML,269,69.2,60,73.6,65,71.2,57,69.2,53,66.5,34,62.0,,,34.145076,-118.215608,FM 2 NB TO 134 EB,9.573
2024-12-10 22:35:00,773998,134,W,HV,44,65.1,44,65.1,,,,,,,,,,,34.145076,-118.215608,FM 2 NB TO 134 EB,9.573
2024-12-10 22:35:00,774012,134,W,ML,269,68.5,56,74.3,82,70.5,72,66.9,59,62.3,,,,,34.148107,-118.197509,TOWNSEND,10.643
2024-12-10 22:35:00,774014,134,W,HV,44,65.1,44,65.1,,,,,,,,,,,34.148107,-118.197509,TOWNSEND,10.643
2024-12-10 22:35:00,774032,134,W,ML,44,65.0,9,70.6,13,67.0,12,63.6,10,59.2,,,,,34.141843,-118.182666,COLORADO,11.623
2024-12-10 22:35:00,774034,134,W,HV,44,65.1,44,65.1,,,,,,,,,,,34.141843,-118.182666,COLORADO,11.623
2024-12-10 22:35:00,774053,134,W,ML,44,65.0,9,70.6,13,67.0,12,63.6,10,59.2,,,,,34.15084,-118.234258,FM 2 SB TO 134,8.403
2024-12-10 22:35:00,774055,134,W,HV,44,65.1,44,65.1,,,,,,,,,,,34.15084,-118.234258,FM 2 SB TO 134,8.403
2024-12-10 22:40:00,716551,134,W,ML,197,64.5,49,69.7,55,66.4,48,61.9,45,59.1,,,,,34.154235,-118.274159,SAN FERNANDO,5.983
2024-12-10 22:40:00,716554,134,W,ML,130,67.5,4,74.8,25,71.1,49,69.7,52,63.1,,,,,34.156198,-118.265345,PACIFIC,6.503
2024-12-10 22:40:00,717099,134,W,ML,185,65.7,43,72.7,45,68.4,45,63.8,52,59.2,,,,,34.156447,-118.245195,GLENDALE 1,7.673
2024-12-10 22:40:00,717582,134,W,ML,139,69.1,25,74.5,43,72.3,35,67.8,36,62.9,,,,,34.156458,-118.262159,CENTRAL,6.693
2024-12-10 22:40:00,717590,134,W,ML,44,65.0,9,70.6,13,67.0,12,63.6,10,59.2,,,,,34.148123,-118.229499,HARVEY,8.743
2024-12-10 22:40:00,717597,134,W,ML,44,65.0,9,70.6,13,67.0,12,63.6,10,59.2,,,,,34.142674,-118.184801,FIGUEROA,11.473
2024-12-10 22:40:00,717599,134,W,ML,264,68.6,55,74.4,80,70.6,71,67.0,58,62.4,,,,,34.142896,-118.172193,SAN RAFAEL,12.253
2024-12-10 22:40:00,717603,134,W,ML,45,65.7,10,69.9,11,67.6,9,65.8,9,63.2,6,58.9,,,34.146519,-118.162409,ORANGE GROVE,12.763
2024-12-10 22:40:00,717604,134,W,HV,44,65.1,44,65.1,,,,,,,,,,,34.146519,-118.162409,ORANGE GROVE,12.763
2024-12-10 22:40:00,761035,134,W,HV,44,65.1,44,65.1,,,,,,,,,,,34.148123,-118.229499,HARVEY,8.743
2024-12-10 22:40:00,761038,134,W,HV,44,65.1,44,65.1,,,,,,,,,,,34.156447,-118.245195,GLENDALE 1,7.673
2024-12-10 22:40:00,761041,134,W,HV,44,65.1,44,65.1,,,,,,,,,,,34.156458,-118.262159,CENTRAL,6.693
2024-12-10 22:40:00,761044,134,W,HV,44,65.1,44,65.1,,,,,,,,,,,34.156198,-118.265345,PACIFIC,6.503
2024-12-10 22:40:00,763610,134,W,HV,44,65.1,44,65.1,,,,,,,,,,,34.142896,-118.172193,SAN RAFAEL,12.253
2024-12-10 22:40:00,763612,134,W,HV,44,65.1,44,65.1,,,,,,,,,,,34.142674,-118.184801,FIGUEROA,11.473
2024-12-10 22:40:00,773975,134,W,ML,44,65.0,9,70.6,13,67.0,12,63.6,10,59.2,,,,,34.14568,-118.221874,OAKVIEW,9.213
2024-12-10 22:40:00,773977,134,W,HV,44,65.1,44,65.1,,,,,,,,,,,34.14568,-118.221874,OAKVIEW,9.213
2024-12-10 22:40:00,773996,134,W,ML,265,69.3,59,73.7,64,71.3,56,69.3,52,66.6,34,62.1,,,34.145076,-118.215608,FM 2 NB TO 134 EB,9.573
2024-12-10 22:40:00,773998,134,W,HV,44,65.1,44,65.1,,,,,,,,,,,34.145076,-118.215608,FM 2 NB TO 134 EB,9.573
2024-12-10 22:40:00,774012,134,W,ML,264,68.6,55,74.4,80,70.6,71,67.0,58,62.4,,,,,34.148107,-118.197509,TOWNSEND,10.643
2024-12-10 22:40:00,774014,134,W,HV,44,65.1,44,65.1,,,,,,,,,,,34.148107,-118.197509,TOWNSEND,10.643
2024-12-10 22:40:00,774032,134,W,ML,44,65.0,9,70.6,13,67.0,12,63.6,10,59.2,,,,,34.141843,-118.182666,COLORADO,11.623
2024-12-10 22:40:00,774034,134,W,HV,44,65.1,44,65.1,,,,,,,,,,,34.141843,-118.182666,COLORADO,11.623
2024-12-10 22:40:00,774053,134,W,ML,44,65.0,9,70.6,13,67.0,12,63.6,10,59.2,,,,,34.15084,-118.234258,FM 2 SB TO 134,8.403
2024-12-10 22:40:00,774055,134,W,HV,44,65.1,44,65.1,,,,,,,,,,,34.15084,-118.234258,FM 2 SB TO 134,8.403
2024-12-10 22:45:00,716551,134,W,ML,193,64.1,47,69.3,54,66.0,48,61.6,44,58.7,,,,,34.154235,-118.274159,SAN FERNANDO,5.983
2024-12-10 22:45:00,716554,134,W,ML,129,67.0,5,74.8,40,71.5,39,66.6,45,62.6,,,,,34.156198,-118.265345,PACIFIC,6.503
2024-12-10 22:45:00,717099,134,W,ML,159,66.1,37,73.2,40,68.9,39,64.0,43,59.4,,,,,34.156447,-118.245195,GLENDALE 1,7.673
2024-12-10 22:45:00,717582,134,W,ML,127,69.2,33,74.3,31,72.0,34,68.7,29,60.9,,,,,34.156458,-118.262159,CENTRAL,6.693
2024-12-10 22:45:00,717590,134,W,ML,43,65.2,9,70.6,13,67.0,12,63.6,9,59.2,,,,,34.148123,-118.229499,HARVEY,8.743
2024-12-10 22:45:00,717597,134,W,ML,43,65.2,9,70.6,13,67.0,12,63.6,9,59.2,,,,,34.142674,-118.184801,FIGUEROA,11.473
2024-12-10 22:45:00,717599,134,W,ML,257,68.6,54,74.4,78,70.6,69,67.0,56,62.4,,,,,34.142896,-118.172193,SAN RAFAEL,12.253
2024-12-10 22:45:00,717603,134,W,ML,42,65.9,10,69.9,10,67.6,9,65.8,8,63.2,5,58.9,,,34.146519,-118.162409,ORANGE GROVE,12.763
2024-12-10 22:45:00,717604,134,W,HV,43,65.1,43,65.1,,,,,,,,,,,34.146519,-118.162409,ORANGE GROVE,12.763
2024-12-10 22:45:00,761035,134,W,HV,43,65.1,43,65.1,,,,,,,,,,,34.148123,-118.229499,HARVEY,8.743
2024-12-10 22:45:00,761038,134,W,HV,43,65.1,43,65.1,,,,,,,,,,,34.156447,-118.245195,GLENDALE 1,7.673
2024-12-10 22:45:00,761041,134,W,HV,43,65.1,43,65.1,,,,,,,,,,,34.156458,-118.262159,CENTRAL,6.693
2024-12-10 22:45:00,761044,134,W,HV,43,65.1,43,65.1,,,,,,,,,,,34.156198,-118.265345,PACIFIC,6.503
2024-12-10 22:45:00,763610,134,W,HV,43,65.1,43,65.1,,,,,,,,,,,34.142896,-118.172193,SAN RAFAEL,12.253
2024-12-10 22:45:00,763612,134,W,HV,43,65.1,43,65.1,,,,,,,,,,,34.142674,-118.184801,FIGUEROA,11.473
2024-12-10 22:45:00,773975,134,W,ML,43,65.2,9,70.6,13,67.0,12,63.6,9,59.2,,,,,34.14568,-118.221874,OAKVIEW,9.213
2024-12-10 22:45:00,773977,134,W,HV,43,65.1,43,65.1,,,,,,,,,,,34.14568,-118.221874,OAKVIEW,9.213
2024-12-10 22:45:00,773996,134,W,ML,258,69.3,57,73.7,62,71.3,55,69.3,51,66.6,33,62.1,,,34.145076,-118.215608,FM 2 NB TO 134 EB,9.573
2024-12-10 22:45:00,773998,134,W,HV,43,65.1,43,65.1,,,,,,,,,,,34.145076,-118.215608,FM 2 NB TO 134 EB,9.573
2024-12-10 22:45:00,774012,134,W,ML,257,68.6,54,74.4,78,70.6,69,67.0,56,62.4,,,,,34.148107,-118.197509,TOWNSEND,10.643
2024-12-10 22:45:00,774014,134,W,HV,43,65.1,43,65.1,,,,,,,,,,,34.148107,-118.197509,TOWNSEND,10.643
2024-12-10 22:45:00,774032,134,W,ML,43,65.2,9,70.6,13,67.0,12,63.6,9,59.2,,,,,34.141843,-118.182666,COLORADO,11.623
2024-12-10 22:45:00,774034,134,W,HV,43,65.1,43,65.1,,,,,,,,,,,34.141843,-118.182666,COLORADO,11.623
2024-12-10 22:45:00,774053,134,W,ML,43,65.2,9,70.6,13,67.0,12,63.6,9,59.2,,,,,34.15084,-118.234258,FM 2 SB TO 134,8.403
2024-12-10 22:45:00,774055,134,W,HV,43,65.1,43,65.1,,,,,,,,,,,34.15084,-118.234258,FM 2 SB TO 134,8.403
2024-12-10 22:50:00,716551,134,W,ML,179,63.0,42,68.4,50,65.1,45,60.6,42,57.9,,,,,34.154235,-118.274159,SAN FERNANDO,5.983
2024-12-10 22:50:00,716554,134,W,ML,123,67.4,4,74.7,35,71.6,36,65.4,48,65.3,,,,,34.156198,-118.265345,PACIFIC,6.503
2024-12-10 22:50:00,717099,134,W,ML,171,65.8,39,72.8,41,68.6,42,63.9,49,59.4,,,,,34.156447,-118.245195,GLENDALE 1,7.673
2024-12-10 22:50:00,717582,134,W,ML,131,69.4,30,74.6,35,72.3,33,68.0,33,63.1,,,,,34.156458,-118.262159,CENTRAL,6.693
2024-12-10 22:50:00,717590,134,W,ML,41,65.2,9,70.6,12,67.0,11,63.6,9,59.2,,,,,34.148123,-118.229499,HARVEY,8.743
2024-12-10 22:50:00,717597,134,W,ML,41,65.2,9,70.6,12,67.0,11,63.6,9,59.2,,,,,34.142674,-118.184801,FIGUEROA,11.473
2024-12-10 22:50:00,717599,134,W,ML,245,68.6,51,74.4,74,70.6,66,67.0,54,62.4,,,,,34.142896,-118.172193,SAN RAFAEL,12.253
2024-12-10 22:50:00,717603,134,W,ML,41,65.8,9,69.9,10,67.6,9,65.8,8,63.2,5,58.9,,,34.146519,-118.162409,ORANGE GROVE,12.763
2024-12-10 22:50:00,717604,134,W,HV,41,65.1,41,65.1,,,,,,,,,,,34.146519,-118.162409,ORANGE GROVE,12.763
2024-12-10 22:50:00,761035,134,W,HV,41,65.1,41,65.1,,,,,,,,,,,34.148123,-118.229499,HARVEY,8.743
2024-12-10 22:50:00,761038,134,W,HV,41,65.1,41,65.1,,,,,,,,,,,34.156447,-118.245195,GLENDALE 1,7.673
2024-12-10 22:50:00,761041,134,W,HV,41,65.1,41,65.1,,,,,,,,,,,34.156458,-118.262159,CENTRAL,6.693
2024-12-10 22:50:00,761044,134,W,HV,41,65.1,41,65.1,,,,,,,,,,,34.156198,-118.265345,PACIFIC,6.503
2024-12-10 22:50:00,763610,134,W,HV,41,65.1,41,65.1,,,,,,,,,,,34.142896,-118.172193,SAN RAFAEL,12.253
2024-12-10 22:50:00,763612,134,W,HV,41,65.1,41,65.1,,,,,,,,,,,34.142674,-118.184801,FIGUEROA,11.473
2024-12-10 22:50:00,773975,134,W,ML,41,65.2,9,70.6,12,67.0,11,63.6,9,59.2,,,,,34.14568,-118.221874,OAKVIEW,9.213
2024-12-10 22:50:00,773977,134,W,HV,41,65.1,41,65.1,,,,,,,,,,,34.14568,-118.221874,OAKVIEW,9.213
2024-12-10 22:50:00,773996,134,W,ML,244,69.3,54,73.7,59,71.3,52,69.3,48,66.6,31,62.1,,,34.145076,-118.215608,FM 2 NB TO 134 EB,9.573
2024-12-10 22:50:00,773998,134,W,HV,41,65.1,41,65.1,,,,,,,,,,,34.145076,-118.215608,FM 2 NB TO 134 EB,9.573
2024-12-10 22:50:00,774012,134,W,ML,245,68.6,51,74.4,74,70.6,66,67.0,54,62.4,,,,,34.148107,-118.197509,TOWNSEND,10.643
2024-12-10 22:50:00,774014,134,W,HV,41,65.1,41,65.1,,,,,,,,,,,34.148107,-118.197509,TOWNSEND,10.643
2024-12-10 22:50:00,774032,134,W,ML,41,65.2,9,70.6,12,67.0,11,63.6,9,59.2,,,,,34.141843,-118.182666,COLORADO,11.623
2024-12-10 22:50:00,774034,134,W,HV,41,65.1,41,65.1,,,,,,,,,,,34.141843,-118.182666,COLORADO,11.623
2024-12-10 22:50:00,774053,134,W,ML,41,65.2,9,70.6,12,67.0,11,63.6,9,59.2,,,,,34.15084,-118.234258,FM 2 SB TO 134,8.403
2024-12-10 22:50:00,774055,134,W,HV,41,65.1,41,65.1,,,,,,,,,,,34.15084,-118.234258,FM 2 SB TO 134,8.403
2024-12-10 22:55:00,716551,134,W,ML,160,64.5,36,70.1,45,66.7,41,61.9,38,59.2,,,,,34.154235,-118.274159,SAN FERNANDO,5.983
2024-12-10 22:55:00,716554,134,W,ML,117,68.6,4,74.7,28,71.1,34,65.7,51,68.7,,,,,34.156198,-118.265345,PACIFIC,6.503
2024-12-10 22:55:00,717099,134,W,ML,185,65.7,43,72.7,45,68.4,45,63.8,52,59.2,,,,,34.156447,-118.245195,GLENDALE 1,7.673
2024-12-10 22:55:00,717582,134,W,ML,126,69.7,23,74.6,34,72.9,33,67.8,36,65.3,,,,,34.156458,-118.262159,CENTRAL,6.693
2024-12-10 22:55:00,717590,134,W,ML,38,65.2,8,70.6,12,67.0,10,63.6,8,59.2,,,,,34.148123,-118.229499,HARVEY,8.743
2024-12-10 22:55:00,717597,134,W,ML,38,65.2,8,70.6,12,67.0,10,63.6,8,59.2,,,,,34.142674,-118.184801,FIGUEROA,11.473
2024-12-10 22:55:00,717599,134,W,ML,232,68.6,49,74.4,70,70.6,62,67.0,51,62.4,,,,,34.142896,-118.172193,SAN RAFAEL,12.253
2024-12-10 22:55:00,717603,134,W,ML,38,65.7,8,69.9,9,67.6,8,65.8,8,63.2,5,58.9,,,34.146519,-118.162409,ORANGE GROVE,12.763
2024-12-10 22:55:00,717604,134,W,HV,38,65.1,38,65.1,,,,,,,,,,,34.146519,-118.162409,ORANGE GROVE,12.763
2024-12-10 22:55:00,761035,134,W,HV,38,65.1,38,65.1,,,,,,,,,,,34.148123,-118.229499,HARVEY,8.743
2024-12-10 22:55:00,761038,134,W,HV,38,65.1,38,65.1,,,,,,,,,,,34.156447,-118.245195,GLENDALE 1,7.673
2024-12-10 22:55:00,761041,134,W,HV,38,65.1,38,65.1,,,,,,,,,,,34.156458,-118.262159,CENTRAL,6.693
2024-12-10 22:55:00,761044,134,W,HV,38,65.1,38,65.1,,,,,,,,,,,34.156198,-118.265345,PACIFIC,6.503
2024-12-10 22:55:00,763610,134,W,HV,38,65.1,38,65.1,,,,,,,,,,,34.142896,-118.172193,SAN RAFAEL,12.253
2024-12-10 22:55:00,763612,134,W,HV,38,65.1,38,65.1,,,,,,,,,,,34.142674,-118.184801,FIGUEROA,11.473
2024-12-10 22:55:00,773975,134,W,ML,38,65.2,8,70.6,12,67.0,10,63.6,8,59.2,,,,,34.14568,-118.221874,OAKVIEW,9.213
2024-12-10 22:55:00,773977,134,W,HV,38,65.1,38,65.1,,,,,,,,,,,34.14568,-118.221874,OAKVIEW,9.213
2024-12-10 22:55:00,773996,134,W,ML,231,69.3,51,73.7,56,71.3,49,69.3,46,66.6,29,62.1,,,34.145076,-118.215608,FM 2 NB TO 134 EB,9.573
2024-12-10 22:55:00,773998,134,W,HV,38,65.1,38,65.1,,,,,,,,,,,34.145076,-118.215608,FM 2 NB TO 134 EB,9.573
2024-12-10 22:55:00,774012,134,W,ML,232,68.6,49,74.4,70,70.6,62,67.0,51,62.4,,,,,34.148107,-118.197509,TOWNSEND,10.643
2024-12-10 22:55:00,774014,134,W,HV,38,65.1,38,65.1,,,,,,,,,,,34.148107,-118.197509,TOWNSEND,10.643
2024-12-10 22:55:00,774032,134,W,ML,38,65.2,8,70.6,12,67.0,10,63.6,8,59.2,,,,,34.141843,-118.182666,COLORADO,11.623
2024-12-10 22:55:00,774034,134,W,HV,38,65.1,38,65.1,,,,,,,,,,,34.141843,-118.182666,COLORADO,11.623
2024-12-10 22:55:00,774053,134,W,ML,38,65.2,8,70.6,12,67.0,10,63.6,8,59.2,,,,,34.15084,-118.234258,FM 2 SB TO 134,8.403
2024-12-10 22:55:00,774055,134,W,HV,38,65.1,38,65.1,,,,,,,,,,,34.15084,-118.234258,FM 2 SB TO 134,8.403
2024-12-10 23:00:00,716551,134,W,ML,156,64.4,35,70.0,44,66.6,40,61.9,37,59.1,,,,,34.154235,-118.274159,SAN FERNANDO,5.983
2024-12-10 23:00:00,716554,134,W,ML,101,67.9,2,74.7,26,71.0,33,64.6,40,68.3,,,,,34.156198,-118.265345,PACIFIC,6.503
2024-12-10 23:00:00,717099,134,W,ML,170,65.2,40,72.2,42,68.0,42,63.2,46,58.4,,,,,34.156447,-118.245195,GLENDALE 1,7.673
2024-12-10 23:00:00,717582,134,W,ML,119,68.8,22,74.5,31,70.4,36,66.2,30,65.9,,,,,34.156458,-118.262159,CENTRAL,6.693
2024-12-10 23:00:00,717590,134,W,ML,37,65.2,8,70.6,11,67.0,10,63.6,8,59.2,,,,,34.148123,-118.229499,HARVEY,8.743
2024-12-10 23:00:00,717597,134,W,ML,37,65.2,8,70.6,11,67.0,10,63.6,8,59.2,,,,,34.142674,-118.184801,FIGUEROA,11.473
2024-12-10 23:00:00,717599,134,W,ML,221,68.5,46,74.3,67,70.5,59,66.9,49,62.3,,,,,34.142896,-118.172193,SAN RAFAEL,12.253
2024-12-10 23:00:00,717603,134,W,ML,37,65.7,8,69.9,9,67.6,8,65.8,7,63.2,5,58.9,,,34.146519,-118.162409,ORANGE GROVE,12.763
2024-12-10 23:00:00,717604,134,W,HV,37,65.1,37,65.1,,,,,,,,,,,34.146519,-118.162409,ORANGE GROVE,12.763
2024-12-10 23:00:00,761035,134,W,HV,37,65.1,37,65.1,,,,,,,,,,,34.148123,-118.229499,HARVEY,8.743
2024-12-10 23:00:00,761038,134,W,HV,37,65.1,37,65.1,,,,,,,,,,,34.156447,-118.245195,GLENDALE 1,7.673
2024-12-10 23:00:00,761041,134,W,HV,37,65.1,37,65.1,,,,,,,,,,,34.156458,-118.262159,CENTRAL,6.693
2024-12-10 23:00:00,761044,134,W,HV,37,65.1,37,65.1,,,,,,,,,,,34.156198,-118.265345,PACIFIC,6.503
2024-12-10 23:00:00,763610,134,W,HV,37,65.1,37,65.1,,,,,,,,,,,34.142896,-118.172193,SAN RAFAEL,12.253
2024-12-10 23:00:00,763612,134,W,HV,37,65.1,37,65.1,,,,,,,,,,,34.142674,-118.184801,FIGUEROA,11.473
2024-12-10 23:00:00,773975,134,W,ML,37,65.2,8,70.6,11,67.0,10,63.6,8,59.2,,,,,34.14568,-118.221874,OAKVIEW,9.213
2024-12-10 23:00:00,773977,134,W,HV,37,65.1,37,65.1,,,,,,,,,,,34.14568,-118.221874,OAKVIEW,9.213
2024-12-10 23:00:00,773996,134,W,ML,222,69.2,49,73.6,54,71.2,47,69.2,44,66.5,28,62.0,,,34.145076,-118.215608,FM 2 NB TO 134 EB,9.573
2024-12-10 23:00:00,773998,134,W,HV,37,65.1,37,65.1,,,,,,,,,,,34.145076,-118.215608,FM 2 NB TO 134 EB,9.573
2024-12-10 23:00:00,774012,134,W,ML,221,68.5,46,74.3,67,70.5,59,66.9,49,62.3,,,,,34.148107,-118.197509,TOWNSEND,10.643
2024-12-10 23:00:00,774014,134,W,HV,37,65.1,37,65.1,,,,,,,,,,,34.148107,-118.197509,TOWNSEND,10.643
2024-12-10 23:00:00,774032,134,W,ML,37,65.2,8,70.6,11,67.0,10,63.6,8,59.2,,,,,34.141843,-118.182666,COLORADO,11.623
2024-12-10 23:00:00,774034,134,W,HV,37,65.1,37,65.1,,,,,,,,,,,34.141843,-118.182666,COLORADO,11.623
2024-12-10 23:00:00,774053,134,W,ML,37,65.2,8,70.6,11,67.0,10,63.6,8,59.2,,,,,34.15084,-118.234258,FM 2 SB TO 134,8.403
2024-12-10 23:00:00,774055,134,W,HV,37,65.1,37,65.1,,,,,,,,,,,34.15084,-118.234258,FM 2 SB TO 134,8.403
