Timestamp,Station,Freeway,Direction,Lane Type,Total Flow (veh/5min),Lane1 Flow (veh/5min),Lane2 Flow (veh/5min),Lane3 Flow (veh/5min),Lane4 Flow (veh/5min),Lane5 Flow (veh/5min),Lane6 Flow (veh/5min),Latitude,Longitude,Location,Abs_PM
2024-12-17 06:00:00,716576,210,E,OR,,,,,,,,34.179921,-118.167405,ARROYO,22.6
2024-12-17 06:00:00,716577,210,E,OR,60,60,,,,,,34.174756,-118.160407,LINCOLN 1,23.14
2024-12-17 06:00:00,716580,210,E,OR,0,0,,,,,,34.160546,-118.158748,MOUNTAIN 2,24.16
2024-12-17 06:00:00,716585,210,E,OR,,,,,,,,34.151691,-118.142523,MARENGO,25.72
2024-12-17 06:00:00,716587,210,E,OR,,,,,,,,34.151658,-118.12944,LAKE NB,26.47
2024-12-17 06:00:00,716589,210,E,OR,8,8,,,,,,34.152187,-118.117782,HILL NB,27.14
2024-12-17 06:00:00,716590,210,E,OR,12,12,,,,,,34.152301,-118.109239,ALLEN,27.63
2024-12-17 06:00:00,716593,210,E,OR,13,13,,,,,,34.151406,-118.091041,SAN GABRIEL,28.68
2024-12-17 06:00:00,716595,210,E,OR,,,,,,,,34.147621,-118.079037,SIERRA MADRE V2,29.44
2024-12-17 06:00:00,769790,210,E,OR,,,,,,,,34.189219,-118.180753,BERKSHIRE,21.58
2024-12-17 06:00:00,769809,210,E,OR,,,,,,,,34.196934,-118.185042,FOOTHILL,20.98
2024-12-17 06:00:00,769820,210,E,OR,,,,,,,,34.205892,-118.198234,ANGELES CREST HWY NB,19.98
2024-12-17 06:00:00,769832,210,E,OR,,,,,,,,34.206745,-118.201533,ANGELES CREST HWY SB,19.78
2024-12-17 06:00:00,769848,210,E,OR,11,11,,,,,,34.211728,-118.228265,OCEAN VIEW,18.18
2024-12-17 06:00:00,769868,210,E,OR,15,15,,,,,,34.218398,-118.239738,LA CRESCENTA,17.38
2024-12-17 06:00:00,769881,210,E,OR,24,24,,,,,,34.221426,-118.245718,PENNSYLVANIA,16.98
2024-12-17 06:00:00,769896,210,E,OR,54,54,,,,,,34.230849,-118.265101,LOWELL / HONOLULU,15.68
2024-12-17 06:00:00,770117,210,E,OR,,,,,,,,34.234317,-118.286992,LA TUNA CANYON,14.39
2024-12-17 06:00:00,770387,210,E,OR,33,,33,,,,,34.206925,-118.21372,EB/NB 2 TO EB 210 CN,19.08
2024-12-17 06:05:00,716576,210,E,OR,,,,,,,,34.179921,-118.167405,ARROYO,22.6
2024-12-17 06:05:00,716577,210,E,OR,60,60,,,,,,34.174756,-118.160407,LINCOLN 1,23.14
2024-12-17 06:05:00,716580,210,E,OR,0,0,,,,,,34.160546,-118.158748,MOUNTAIN 2,24.16
2024-12-17 06:05:00,716585,210,E,OR,,,,,,,,34.151691,-118.142523,MARENGO,25.72
2024-12-17 06:05:00,716587,210,E,OR,,,,,,,,34.151658,-118.12944,LAKE NB,26.47
2024-12-17 06:05:00,716589,210,E,OR,7,7,,,,,,34.152187,-118.117782,HILL NB,27.14
2024-12-17 06:05:00,716590,210,E,OR,13,13,,,,,,34.152301,-118.109239,ALLEN,27.63
2024-12-17 06:05:00,716593,210,E,OR,11,11,,,,,,34.151406,-118.091041,SAN GABRIEL,28.68
2024-12-17 06:05:00,716595,210,E,OR,,,,,,,,34.147621,-118.079037,SIERRA MADRE V2,29.44
2024-12-17 06:05:00,769790,210,E,OR,,,,,,,,34.189219,-118.180753,BERKSHIRE,21.58
2024-12-17 06:05:00,769809,210,E,OR,,,,,,,,34.196934,-118.185042,FOOTHILL,20.98
2024-12-17 06:05:00,769820,210,E,OR,,,,,,,,34.205892,-118.198234,ANGELES CREST HWY NB,19.98
2024-12-17 06:05:00,769832,210,E,OR,,,,,,,,34.206745,-118.201533,ANGELES CREST HWY SB,19.78
2024-12-17 06:05:00,769848,210,E,OR,8,8,,,,,,34.211728,-118.228265,OCEAN VIEW,18.18
2024-12-17 06:05:00,769868,210,E,OR,8,8,,,,,,34.218398,-118.239738,LA CRESCENTA,17.38
2024-12-17 06:05:00,769881,210,E,OR,42,42,,,,,,34.221426,-118.245718,PENNSYLVANIA,16.98
2024-12-17 06:05:00,769896,210,E,OR,59,59,,,,,,34.230849,-118.265101,LOWELL / HONOLULU,15.68
2024-12-17 06:05:00,770117,210,E,OR,,,,,,,,34.234317,-118.286992,LA TUNA CANYON,14.39
2024-12-17 06:05:00,770387,210,E,OR,31,,31,,,,,34.206925,-118.21372,EB/NB 2 TO EB 210 CN,19.08
2024-12-17 06:10:00,716576,210,E,OR,,,,,,,,34.179921,-118.167405,ARROYO,22.6
2024-12-17 06:10:00,716577,210,E,OR,60,60,,,,,,34.174756,-118.160407,LINCOLN 1,23.14
2024-12-17 06:10:00,716580,210,E,OR,0,0,,,,,,34.160546,-118.158748,MOUNTAIN 2,24.16
2024-12-17 06:10:00,716585,210,E,OR,,,,,,,,34.151691,-118.142523,MARENGO,25.72
2024-12-17 06:10:00,716587,210,E,OR,,,,,,,,34.151658,-118.12944,LAKE NB,26.47
2024-12-17 06:10:00,716589,210,E,OR,12,12,,,,,,34.152187,-118.117782,HILL NB,27.14
2024-12-17 06:10:00,716590,210,E,OR,11,11,,,,,,34.152301,-118.109239,ALLEN,27.63
2024-12-17 06:10:00,716593,210,E,OR,14,14,,,,,,34.151406,-118.091041,SAN GABRIEL,28.68
2024-12-17 06:10:00,716595,210,E,OR,,,,,,,,34.147621,-118.079037,SIERRA MADRE V2,29.44
2024-12-17 06:10:00,769790,210,E,OR,,,,,,,,34.189219,-118.180753,BERKSHIRE,21.58
2024-12-17 06:10:00,769809,210,E,OR,,,,,,,,34.196934,-118.185042,FOOTHILL,20.98
2024-12-17 06:10:00,769820,210,E,OR,,,,,,,,34.205892,-118.198234,ANGELES CREST HWY NB,19.98
2024-12-17 06:10:00,769832,210,E,OR,,,,,,,,34.206745,-118.201533,ANGELES CREST HWY SB,19.78
2024-12-17 06:10:00,769848,210,E,OR,11,11,,,,,,34.211728,-118.228265,OCEAN VIEW,18.18
2024-12-17 06:10:00,769868,210,E,OR,5,5,,,,,,34.218398,-118.239738,LA CRESCENTA,17.38
2024-12-17 06:10:00,769881,210,E,OR,27,27,,,,,,34.221426,-118.245718,PENNSYLVANIA,16.98
2024-12-17 06:10:00,769896,210,E,OR,74,74,,,,,,34.230849,-118.265101,LOWELL / HONOLULU,15.68
2024-12-17 06:10:00,770117,210,E,OR,,,,,,,,34.234317,-118.286992,LA TUNA CANYON,14.39
2024-12-17 06:10:00,770387,210,E,OR,29,,29,,,,,34.206925,-118.21372,EB/NB 2 TO EB 210 CN,19.08
2024-12-17 06:15:00,716576,210,E,OR,,,,,,,,34.179921,-118.167405,ARROYO,22.6
2024-12-17 06:15:00,716577,210,E,OR,60,60,,,,,,34.174756,-118.160407,LINCOLN 1,23.14
2024-12-17 06:15:00,716580,210,E,OR,0,0,,,,,,34.160546,-118.158748,MOUNTAIN 2,24.16
2024-12-17 06:15:00,716585,210,E,OR,,,,,,,,34.151691,-118.142523,MARENGO,25.72
2024-12-17 06:15:00,716587,210,E,OR,,,,,,,,34.151658,-118.12944,LAKE NB,26.47
2024-12-17 06:15:00,716589,210,E,OR,10,10,,,,,,34.152187,-118.117782,HILL NB,27.14
2024-12-17 06:15:00,716590,210,E,OR,13,13,,,,,,34.152301,-118.109239,ALLEN,27.63
2024-12-17 06:15:00,716593,210,E,OR,7,7,,,,,,34.151406,-118.091041,SAN GABRIEL,28.68
2024-12-17 06:15:00,716595,210,E,OR,,,,,,,,34.147621,-118.079037,SIERRA MADRE V2,29.44
2024-12-17 06:15:00,769790,210,E,OR,,,,,,,,34.189219,-118.180753,BERKSHIRE,21.58
2024-12-17 06:15:00,769809,210,E,OR,,,,,,,,34.196934,-118.185042,FOOTHILL,20.98
2024-12-17 06:15:00,769820,210,E,OR,,,,,,,,34.205892,-118.198234,ANGELES CREST HWY NB,19.98
2024-12-17 06:15:00,769832,210,E,OR,,,,,,,,34.206745,-118.201533,ANGELES CREST HWY SB,19.78
2024-12-17 06:15:00,769848,210,E,OR,13,13,,,,,,34.211728,-118.228265,OCEAN VIEW,18.18
2024-12-17 06:15:00,769868,210,E,OR,1,1,,,,,,34.218398,-118.239738,LA CRESCENTA,17.38
2024-12-17 06:15:00,769881,210,E,OR,24,24,,,,,,34.221426,-118.245718,PENNSYLVANIA,16.98
2024-12-17 06:15:00,769896,210,E,OR,68,68,,,,,,34.230849,-118.265101,LOWELL / HONOLULU,15.68
2024-12-17 06:15:00,770117,210,E,OR,,,,,,,,34.234317,-118.286992,LA TUNA CANYON,14.39
2024-12-17 06:15:00,770387,210,E,OR,12,,12,,,,,34.206925,-118.21372,EB/NB 2 TO EB 210 CN,19.08
2024-12-17 06:20:00,716576,210,E,OR,,,,,,,,34.179921,-118.167405,ARROYO,22.6
2024-12-17 06:20:00,716577,210,E,OR,60,60,,,,,,34.174756,-118.160407,LINCOLN 1,23.14
2024-12-17 06:20:00,716580,210,E,OR,0,0,,,,,,34.160546,-118.158748,MOUNTAIN 2,24.16
2024-12-17 06:20:00,716585,210,E,OR,,,,,,,,34.151691,-118.142523,MARENGO,25.72
2024-12-17 06:20:00,716587,210,E,OR,,,,,,,,34.151658,-118.12944,LAKE NB,26.47
2024-12-17 06:20:00,716589,210,E,OR,10,10,,,,,,34.152187,-118.117782,HILL NB,27.14
2024-12-17 06:20:00,716590,210,E,OR,11,11,,,,,,34.152301,-118.109239,ALLEN,27.63
2024-12-17 06:20:00,716593,210,E,OR,13,13,,,,,,34.151406,-118.091041,SAN GABRIEL,28.68
2024-12-17 06:20:00,716595,210,E,OR,,,,,,,,34.147621,-118.079037,SIERRA MADRE V2,29.44
2024-12-17 06:20:00,769790,210,E,OR,,,,,,,,34.189219,-118.180753,BERKSHIRE,21.58
2024-12-17 06:20:00,769809,210,E,OR,,,,,,,,34.196934,-118.185042,FOOTHILL,20.98
2024-12-17 06:20:00,769820,210,E,OR,,,,,,,,34.205892,-118.198234,ANGELES CREST HWY NB,19.98
2024-12-17 06:20:00,769832,210,E,OR,,,,,,,,34.206745,-118.201533,ANGELES CREST HWY SB,19.78
2024-12-17 06:20:00,769848,210,E,OR,8,8,,,,,,34.211728,-118.228265,OCEAN VIEW,18.18
2024-12-17 06:20:00,769868,210,E,OR,12,12,,,,,,34.218398,-118.239738,LA CRESCENTA,17.38
2024-12-17 06:20:00,769881,210,E,OR,48,48,,,,,,34.221426,-118.245718,PENNSYLVANIA,16.98
2024-12-17 06:20:00,769896,210,E,OR,73,73,,,,,,34.230849,-118.265101,LOWELL / HONOLULU,15.68
2024-12-17 06:20:00,770117,210,E,OR,,,,,,,,34.234317,-118.286992,LA TUNA CANYON,14.39
2024-12-17 06:20:00,770387,210,E,OR,41,,41,,,,,34.206925,-118.21372,EB/NB 2 TO EB 210 CN,19.08
2024-12-17 06:25:00,716576,210,E,OR,,,,,,,,34.179921,-118.167405,ARROYO,22.6
2024-12-17 06:25:00,716577,210,E,OR,60,60,,,,,,34.174756,-118.160407,LINCOLN 1,23.14
2024-12-17 06:25:00,716580,210,E,OR,0,0,,,,,,34.160546,-118.158748,MOUNTAIN 2,24.16
2024-12-17 06:25:00,716585,210,E,OR,,,,,,,,34.151691,-118.142523,MARENGO,25.72
2024-12-17 06:25:00,716587,210,E,OR,,,,,,,,34.151658,-118.12944,LAKE NB,26.47
2024-12-17 06:25:00,716589,210,E,OR,15,15,,,,,,34.152187,-118.117782,HILL NB,27.14
2024-12-17 06:25:00,716590,210,E,OR,16,16,,,,,,34.152301,-118.109239,ALLEN,27.63
2024-12-17 06:25:00,716593,210,E,OR,15,15,,,,,,34.151406,-118.091041,SAN GABRIEL,28.68
2024-12-17 06:25:00,716595,210,E,OR,,,,,,,,34.147621,-118.079037,SIERRA MADRE V2,29.44
2024-12-17 06:25:00,769790,210,E,OR,,,,,,,,34.189219,-118.180753,BERKSHIRE,21.58
2024-12-17 06:25:00,769809,210,E,OR,,,,,,,,34.196934,-118.185042,FOOTHILL,20.98
2024-12-17 06:25:00,769820,210,E,OR,,,,,,,,34.205892,-118.198234,ANGELES CREST HWY NB,19.98
2024-12-17 06:25:00,769832,210,E,OR,,,,,,,,34.206745,-118.201533,ANGELES CREST HWY SB,19.78
2024-12-17 06:25:00,769848,210,E,OR,9,9,,,,,,34.211728,-118.228265,OCEAN VIEW,18.18
2024-12-17 06:25:00,769868,210,E,OR,20,20,,,,,,34.218398,-118.239738,LA CRESCENTA,17.38
2024-12-17 06:25:00,769881,210,E,OR,29,29,,,,,,34.221426,-118.245718,PENNSYLVANIA,16.98
2024-12-17 06:25:00,769896,210,E,OR,57,57,,,,,,34.230849,-118.265101,LOWELL / HONOLULU,15.68
2024-12-17 06:25:00,770117,210,E,OR,,,,,,,,34.234317,-118.286992,LA TUNA CANYON,14.39
2024-12-17 06:25:00,770387,210,E,OR,28,,28,,,,,34.206925,-118.21372,EB/NB 2 TO EB 210 CN,19.08
2024-12-17 06:30:00,716576,210,E,OR,,,,,,,,34.179921,-118.167405,ARROYO,22.6
2024-12-17 06:30:00,716577,210,E,OR,60,60,,,,,,34.174756,-118.160407,LINCOLN 1,23.14
2024-12-17 06:30:00,716580,210,E,OR,0,0,,,,,,34.160546,-118.158748,MOUNTAIN 2,24.16
2024-12-17 06:30:00,716585,210,E,OR,,,,,,,,34.151691,-118.142523,MARENGO,25.72
2024-12-17 06:30:00,716587,210,E,OR,,,,,,,,34.151658,-118.12944,LAKE NB,26.47
2024-12-17 06:30:00,716589,210,E,OR,9,9,,,,,,34.152187,-118.117782,HILL NB,27.14
2024-12-17 06:30:00,716590,210,E,OR,12,12,,,,,,34.152301,-118.109239,ALLEN,27.63
2024-12-17 06:30:00,716593,210,E,OR,11,11,,,,,,34.151406,-118.091041,SAN GABRIEL,28.68
2024-12-17 06:30:00,716595,210,E,OR,,,,,,,,34.147621,-118.079037,SIERRA MADRE V2,29.44
2024-12-17 06:30:00,769790,210,E,OR,,,,,,,,34.189219,-118.180753,BERKSHIRE,21.58
2024-12-17 06:30:00,769809,210,E,OR,,,,,,,,34.196934,-118.185042,FOOTHILL,20.98
2024-12-17 06:30:00,769820,210,E,OR,,,,,,,,34.205892,-118.198234,ANGELES CREST HWY NB,19.98
2024-12-17 06:30:00,769832,210,E,OR,,,,,,,,34.206745,-118.201533,ANGELES CREST HWY SB,19.78
2024-12-17 06:30:00,769848,210,E,OR,20,20,,,,,,34.211728,-118.228265,OCEAN VIEW,18.18
2024-12-17 06:30:00,769868,210,E,OR,20,20,,,,,,34.218398,-118.239738,LA CRESCENTA,17.38
2024-12-17 06:30:00,769881,210,E,OR,47,47,,,,,,34.221426,-118.245718,PENNSYLVANIA,16.98
2024-12-17 06:30:00,769896,210,E,OR,78,78,,,,,,34.230849,-118.265101,LOWELL / HONOLULU,15.68
2024-12-17 06:30:00,770117,210,E,OR,,,,,,,,34.234317,-118.286992,LA TUNA CANYON,14.39
2024-12-17 06:30:00,770387,210,E,OR,61,,61,,,,,34.206925,-118.21372,EB/NB 2 TO EB 210 CN,19.08
2024-12-17 06:35:00,716576,210,E,OR,,,,,,,,34.179921,-118.167405,ARROYO,22.6
2024-12-17 06:35:00,716577,210,E,OR,60,60,,,,,,34.174756,-118.160407,LINCOLN 1,23.14
2024-12-17 06:35:00,716580,210,E,OR,0,0,,,,,,34.160546,-118.158748,MOUNTAIN 2,24.16
2024-12-17 06:35:00,716585,210,E,OR,,,,,,,,34.151691,-118.142523,MARENGO,25.72
2024-12-17 06:35:00,716587,210,E,OR,,,,,,,,34.151658,-118.12944,LAKE NB,26.47
2024-12-17 06:35:00,716589,210,E,OR,14,14,,,,,,34.152187,-118.117782,HILL NB,27.14
2024-12-17 06:35:00,716590,210,E,OR,11,11,,,,,,34.152301,-118.109239,ALLEN,27.63
2024-12-17 06:35:00,716593,210,E,OR,18,18,,,,,,34.151406,-118.091041,SAN GABRIEL,28.68
2024-12-17 06:35:00,716595,210,E,OR,,,,,,,,34.147621,-118.079037,SIERRA MADRE V2,29.44
2024-12-17 06:35:00,769790,210,E,OR,,,,,,,,34.189219,-118.180753,BERKSHIRE,21.58
2024-12-17 06:35:00,769809,210,E,OR,,,,,,,,34.196934,-118.185042,FOOTHILL,20.98
2024-12-17 06:35:00,769820,210,E,OR,,,,,,,,34.205892,-118.198234,ANGELES CREST HWY NB,19.98
2024-12-17 06:35:00,769832,210,E,OR,,,,,,,,34.206745,-118.201533,ANGELES CREST HWY SB,19.78
2024-12-17 06:35:00,769848,210,E,OR,13,13,,,,,,34.211728,-118.228265,OCEAN VIEW,18.18
2024-12-17 06:35:00,769868,210,E,OR,14,14,,,,,,34.218398,-118.239738,LA CRESCENTA,17.38
2024-12-17 06:35:00,769881,210,E,OR,45,45,,,,,,34.221426,-118.245718,PENNSYLVANIA,16.98
2024-12-17 06:35:00,769896,210,E,OR,74,74,,,,,,34.230849,-118.265101,LOWELL / HONOLULU,15.68
2024-12-17 06:35:00,770117,210,E,OR,,,,,,,,34.234317,-118.286992,LA TUNA CANYON,14.39
2024-12-17 06:35:00,770387,210,E,OR,46,,46,,,,,34.206925,-118.21372,EB/NB 2 TO EB 210 CN,19.08
2024-12-17 06:40:00,716576,210,E,OR,,,,,,,,34.179921,-118.167405,ARROYO,22.6
2024-12-17 06:40:00,716577,210,E,OR,60,60,,,,,,34.174756,-118.160407,LINCOLN 1,23.14
2024-12-17 06:40:00,716580,210,E,OR,0,0,,,,,,34.160546,-118.158748,MOUNTAIN 2,24.16
2024-12-17 06:40:00,716585,210,E,OR,,,,,,,,34.151691,-118.142523,MARENGO,25.72
2024-12-17 06:40:00,716587,210,E,OR,,,,,,,,34.151658,-118.12944,LAKE NB,26.47
2024-12-17 06:40:00,716589,210,E,OR,18,18,,,,,,34.152187,-118.117782,HILL NB,27.14
2024-12-17 06:40:00,716590,210,E,OR,22,22,,,,,,34.152301,-118.109239,ALLEN,27.63
2024-12-17 06:40:00,716593,210,E,OR,13,13,,,,,,34.151406,-118.091041,SAN GABRIEL,28.68
2024-12-17 06:40:00,716595,210,E,OR,,,,,,,,34.147621,-118.079037,SIERRA MADRE V2,29.44
2024-12-17 06:40:00,769790,210,E,OR,,,,,,,,34.189219,-118.180753,BERKSHIRE,21.58
2024-12-17 06:40:00,769809,210,E,OR,,,,,,,,34.196934,-118.185042,FOOTHILL,20.98
2024-12-17 06:40:00,769820,210,E,OR,,,,,,,,34.205892,-118.198234,ANGELES CREST HWY NB,19.98
2024-12-17 06:40:00,769832,210,E,OR,,,,,,,,34.206745,-118.201533,ANGELES CREST HWY SB,19.78
2024-12-17 06:40:00,769848,210,E,OR,25,25,,,,,,34.211728,-118.228265,OCEAN VIEW,18.18
2024-12-17 06:40:00,769868,210,E,OR,9,9,,,,,,34.218398,-118.239738,LA CRESCENTA,17.38
2024-12-17 06:40:00,769881,210,E,OR,49,49,,,,,,34.221426,-118.245718,PENNSYLVANIA,16.98
2024-12-17 06:40:00,769896,210,E,OR,90,90,,,,,,34.230849,-118.265101,LOWELL / HONOLULU,15.68
2024-12-17 06:40:00,770117,210,E,OR,,,,,,,,34.234317,-118.286992,LA TUNA CANYON,14.39
2024-12-17 06:40:00,770387,210,E,OR,34,,34,,,,,34.206925,-118.21372,EB/NB 2 TO EB 210 CN,19.08
2024-12-17 06:45:00,716576,210,E,OR,,,,,,,,34.179921,-118.167405,ARROYO,22.6
2024-12-17 06:45:00,716577,210,E,OR,60,60,,,,,,34.174756,-118.160407,LINCOLN 1,23.14
2024-12-17 06:45:00,716580,210,E,OR,0,0,,,,,,34.160546,-118.158748,MOUNTAIN 2,24.16
2024-12-17 06:45:00,716585,210,E,OR,,,,,,,,34.151691,-118.142523,MARENGO,25.72
2024-12-17 06:45:00,716587,210,E,OR,,,,,,,,34.151658,-118.12944,LAKE NB,26.47
2024-12-17 06:45:00,716589,210,E,OR,21,21,,,,,,34.152187,-118.117782,HILL NB,27.14
2024-12-17 06:45:00,716590,210,E,OR,20,20,,,,,,34.152301,-118.109239,ALLEN,27.63
2024-12-17 06:45:00,716593,210,E,OR,26,26,,,,,,34.151406,-118.091041,SAN GABRIEL,28.68
2024-12-17 06:45:00,716595,210,E,OR,,,,,,,,34.147621,-118.079037,SIERRA MADRE V2,29.44
2024-12-17 06:45:00,769790,210,E,OR,,,,,,,,34.189219,-118.180753,BERKSHIRE,21.58
2024-12-17 06:45:00,769809,210,E,OR,,,,,,,,34.196934,-118.185042,FOOTHILL,20.98
2024-12-17 06:45:00,769820,210,E,OR,,,,,,,,34.205892,-118.198234,ANGELES CREST HWY NB,19.98
2024-12-17 06:45:00,769832,210,E,OR,,,,,,,,34.206745,-118.201533,ANGELES CREST HWY SB,19.78
2024-12-17 06:45:00,769848,210,E,OR,32,32,,,,,,34.211728,-118.228265,OCEAN VIEW,18.18
2024-12-17 06:45:00,769868,210,E,OR,13,13,,,,,,34.218398,-118.239738,LA CRESCENTA,17.38
2024-12-17 06:45:00,769881,210,E,OR,40,40,,,,,,34.221426,-118.245718,PENNSYLVANIA,16.98
2024-12-17 06:45:00,769896,210,E,OR,116,116,,,,,,34.230849,-118.265101,LOWELL / HONOLULU,15.68
2024-12-17 06:45:00,770117,210,E,OR,,,,,,,,34.234317,-118.286992,LA TUNA CANYON,14.39
2024-12-17 06:45:00,770387,210,E,OR,56,,56,,,,,34.206925,-118.21372,EB/NB 2 TO EB 210 CN,19.08
2024-12-17 06:50:00,716576,210,E,OR,,,,,,,,34.179921,-118.167405,ARROYO,22.6
2024-12-17 06:50:00,716577,210,E,OR,60,60,,,,,,34.174756,-118.160407,LINCOLN 1,23.14
2024-12-17 06:50:00,716580,210,E,OR,0,0,,,,,,34.160546,-118.158748,MOUNTAIN 2,24.16
2024-12-17 06:50:00,716585,210,E,OR,,,,,,,,34.151691,-118.142523,MARENGO,25.72
2024-12-17 06:50:00,716587,210,E,OR,,,,,,,,34.151658,-118.12944,LAKE NB,26.47
2024-12-17 06:50:00,716589,210,E,OR,22,22,,,,,,34.152187,-118.117782,HILL NB,27.14
2024-12-17 06:50:00,716590,210,E,OR,19,19,,,,,,34.152301,-118.109239,ALLEN,27.63
2024-12-17 06:50:00,716593,210,E,OR,20,20,,,,,,34.151406,-118.091041,SAN GABRIEL,28.68
2024-12-17 06:50:00,716595,210,E,OR,,,,,,,,34.147621,-118.079037,SIERRA MADRE V2,29.44
2024-12-17 06:50:00,769790,210,E,OR,,,,,,,,34.189219,-118.180753,BERKSHIRE,21.58
2024-12-17 06:50:00,769809,210,E,OR,,,,,,,,34.196934,-118.185042,FOOTHILL,20.98
2024-12-17 06:50:00,769820,210,E,OR,,,,,,,,34.205892,-118.198234,ANGELES CREST HWY NB,19.98
2024-12-17 06:50:00,769832,210,E,OR,,,,,,,,34.206745,-118.201533,ANGELES CREST HWY SB,19.78
2024-12-17 06:50:00,769848,210,E,OR,37,37,,,,,,34.211728,-118.228265,OCEAN VIEW,18.18
2024-12-17 06:50:00,769868,210,E,OR,28,28,,,,,,34.218398,-118.239738,LA CRESCENTA,17.38
2024-12-17 06:50:00,769881,210,E,OR,22,22,,,,,,34.221426,-118.245718,PENNSYLVANIA,16.98
2024-12-17 06:50:00,769896,210,E,OR,79,79,,,,,,34.230849,-118.265101,LOWELL / HONOLULU,15.68
2024-12-17 06:50:00,770117,210,E,OR,,,,,,,,34.234317,-118.286992,LA TUNA CANYON,14.39
2024-12-17 06:50:00,770387,210,E,OR,32,,32,,,,,34.206925,-118.21372,EB/NB 2 TO EB 210 CN,19.08
2024-12-17 06:55:00,716576,210,E,OR,,,,,,,,34.179921,-118.167405,ARROYO,22.6
2024-12-17 06:55:00,716577,210,E,OR,60,60,,,,,,34.174756,-118.160407,LINCOLN 1,23.14
2024-12-17 06:55:00,716580,210,E,OR,0,0,,,,,,34.160546,-118.158748,MOUNTAIN 2,24.16
2024-12-17 06:55:00,716585,210,E,OR,,,,,,,,34.151691,-118.142523,MARENGO,25.72
2024-12-17 06:55:00,716587,210,E,OR,,,,,,,,34.151658,-118.12944,LAKE NB,26.47
2024-12-17 06:55:00,716589,210,E,OR,12,12,,,,,,34.152187,-118.117782,HILL NB,27.14
2024-12-17 06:55:00,716590,210,E,OR,13,13,,,,,,34.152301,-118.109239,ALLEN,27.63
2024-12-17 06:55:00,716593,210,E,OR,11,11,,,,,,34.151406,-118.091041,SAN GABRIEL,28.68
2024-12-17 06:55:00,716595,210,E,OR,,,,,,,,34.147621,-118.079037,SIERRA MADRE V2,29.44
2024-12-17 06:55:00,769790,210,E,OR,,,,,,,,34.189219,-118.180753,BERKSHIRE,21.58
2024-12-17 06:55:00,769809,210,E,OR,,,,,,,,34.196934,-118.185042,FOOTHILL,20.98
2024-12-17 06:55:00,769820,210,E,OR,,,,,,,,34.205892,-118.198234,ANGELES CREST HWY NB,19.98
2024-12-17 06:55:00,769832,210,E,OR,,,,,,,,34.206745,-118.201533,ANGELES CREST HWY SB,19.78
2024-12-17 06:55:00,769848,210,E,OR,34,34,,,,,,34.211728,-118.228265,OCEAN VIEW,18.18
2024-12-17 06:55:00,769868,210,E,OR,22,22,,,,,,34.218398,-118.239738,LA CRESCENTA,17.38
2024-12-17 06:55:00,769881,210,E,OR,37,37,,,,,,34.221426,-118.245718,PENNSYLVANIA,16.98
2024-12-17 06:55:00,769896,210,E,OR,96,96,,,,,,34.230849,-118.265101,LOWELL / HONOLULU,15.68
2024-12-17 06:55:00,770117,210,E,OR,,,,,,,,34.234317,-118.286992,LA TUNA CANYON,14.39
2024-12-17 06:55:00,770387,210,E,OR,23,,23,,,,,34.206925,-118.21372,EB/NB 2 TO EB 210 CN,19.08
2024-12-17 07:00:00,716576,210,E,OR,,,,,,,,34.179921,-118.167405,ARROYO,22.6
2024-12-17 07:00:00,716577,210,E,OR,60,60,,,,,,34.174756,-118.160407,LINCOLN 1,23.14
2024-12-17 07:00:00,716580,210,E,OR,0,0,,,,,,34.160546,-118.158748,MOUNTAIN 2,24.16
2024-12-17 07:00:00,716585,210,E,OR,,,,,,,,34.151691,-118.142523,MARENGO,25.72
2024-12-17 07:00:00,716587,210,E,OR,,,,,,,,34.151658,-118.12944,LAKE NB,26.47
2024-12-17 07:00:00,716589,210,E,OR,21,21,,,,,,34.152187,-118.117782,HILL NB,27.14
2024-12-17 07:00:00,716590,210,E,OR,19,19,,,,,,34.152301,-118.109239,ALLEN,27.63
2024-12-17 07:00:00,716593,210,E,OR,20,20,,,,,,34.151406,-118.091041,SAN GABRIEL,28.68
2024-12-17 07:00:00,716595,210,E,OR,,,,,,,,34.147621,-118.079037,SIERRA MADRE V2,29.44
2024-12-17 07:00:00,769790,210,E,OR,,,,,,,,34.189219,-118.180753,BERKSHIRE,21.58
2024-12-17 07:00:00,769809,210,E,OR,,,,,,,,34.196934,-118.185042,FOOTHILL,20.98
2024-12-17 07:00:00,769820,210,E,OR,,,,,,,,34.205892,-118.198234,ANGELES CREST HWY NB,19.98
2024-12-17 07:00:00,769832,210,E,OR,,,,,,,,34.206745,-118.201533,ANGELES CREST HWY SB,19.78
2024-12-17 07:00:00,769848,210,E,OR,29,29,,,,,,34.211728,-118.228265,OCEAN VIEW,18.18
2024-12-17 07:00:00,769868,210,E,OR,27,27,,,,,,34.218398,-118.239738,LA CRESCENTA,17.38
2024-12-17 07:00:00,769881,210,E,OR,45,45,,,,,,34.221426,-118.245718,PENNSYLVANIA,16.98
2024-12-17 07:00:00,769896,210,E,OR,90,90,,,,,,34.230849,-118.265101,LOWELL / HONOLULU,15.68
2024-12-17 07:00:00,770117,210,E,OR,,,,,,,,34.234317,-118.286992,LA TUNA CANYON,14.39
2024-12-17 07:00:00,770387,210,E,OR,8,,8,,,,,34.206925,-118.21372,EB/NB 2 TO EB 210 CN,19.08
2024-12-17 07:05:00,716576,210,E,OR,,,,,,,,34.179921,-118.167405,ARROYO,22.6
2024-12-17 07:05:00,716577,210,E,OR,60,60,,,,,,34.174756,-118.160407,LINCOLN 1,23.14
2024-12-17 07:05:00,716580,210,E,OR,0,0,,,,,,34.160546,-118.158748,MOUNTAIN 2,24.16
2024-12-17 07:05:00,716585,210,E,OR,,,,,,,,34.151691,-118.142523,MARENGO,25.72
2024-12-17 07:05:00,716587,210,E,OR,,,,,,,,34.151658,-118.12944,LAKE NB,26.47
2024-12-17 07:05:00,716589,210,E,OR,22,22,,,,,,34.152187,-118.117782,HILL NB,27.14
2024-12-17 07:05:00,716590,210,E,OR,17,17,,,,,,34.152301,-118.109239,ALLEN,27.63
2024-12-17 07:05:00,716593,210,E,OR,30,30,,,,,,34.151406,-118.091041,SAN GABRIEL,28.68
2024-12-17 07:05:00,716595,210,E,OR,,,,,,,,34.147621,-118.079037,SIERRA MADRE V2,29.44
2024-12-17 07:05:00,769790,210,E,OR,,,,,,,,34.189219,-118.180753,BERKSHIRE,21.58
2024-12-17 07:05:00,769809,210,E,OR,,,,,,,,34.196934,-118.185042,FOOTHILL,20.98
2024-12-17 07:05:00,769820,210,E,OR,,,,,,,,34.205892,-118.198234,ANGELES CREST HWY NB,19.98
2024-12-17 07:05:00,769832,210,E,OR,,,,,,,,34.206745,-118.201533,ANGELES CREST HWY SB,19.78
2024-12-17 07:05:00,769848,210,E,OR,10,10,,,,,,34.211728,-118.228265,OCEAN VIEW,18.18
2024-12-17 07:05:00,769868,210,E,OR,17,17,,,,,,34.218398,-118.239738,LA CRESCENTA,17.38
2024-12-17 07:05:00,769881,210,E,OR,62,62,,,,,,34.221426,-118.245718,PENNSYLVANIA,16.98
2024-12-17 07:05:00,769896,210,E,OR,88,88,,,,,,34.230849,-118.265101,LOWELL / HONOLULU,15.68
2024-12-17 07:05:00,770117,210,E,OR,,,,,,,,34.234317,-118.286992,LA TUNA CANYON,14.39
2024-12-17 07:05:00,770387,210,E,OR,16,,16,,,,,34.206925,-118.21372,EB/NB 2 TO EB 210 CN,19.08
2024-12-17 07:10:00,716576,210,E,OR,,,,,,,,34.179921,-118.167405,ARROYO,22.6
2024-12-17 07:10:00,716577,210,E,OR,60,60,,,,,,34.174756,-118.160407,LINCOLN 1,23.14
2024-12-17 07:10:00,716580,210,E,OR,0,0,,,,,,34.160546,-118.158748,MOUNTAIN 2,24.16
2024-12-17 07:10:00,716585,210,E,OR,,,,,,,,34.151691,-118.142523,MARENGO,25.72
2024-12-17 07:10:00,716587,210,E,OR,,,,,,,,34.151658,-118.12944,LAKE NB,26.47
2024-12-17 07:10:00,716589,210,E,OR,22,22,,,,,,34.152187,-118.117782,HILL NB,27.14
2024-12-17 07:10:00,716590,210,E,OR,17,17,,,,,,34.152301,-118.109239,ALLEN,27.63
2024-12-17 07:10:00,716593,210,E,OR,29,29,,,,,,34.151406,-118.091041,SAN GABRIEL,28.68
2024-12-17 07:10:00,716595,210,E,OR,,,,,,,,34.147621,-118.079037,SIERRA MADRE V2,29.44
2024-12-17 07:10:00,769790,210,E,OR,,,,,,,,34.189219,-118.180753,BERKSHIRE,21.58
2024-12-17 07:10:00,769809,210,E,OR,,,,,,,,34.196934,-118.185042,FOOTHILL,20.98
2024-12-17 07:10:00,769820,210,E,OR,,,,,,,,34.205892,-118.198234,ANGELES CREST HWY NB,19.98
2024-12-17 07:10:00,769832,210,E,OR,,,,,,,,34.206745,-118.201533,ANGELES CREST HWY SB,19.78
2024-12-17 07:10:00,769848,210,E,OR,36,36,,,,,,34.211728,-118.228265,OCEAN VIEW,18.18
2024-12-17 07:10:00,769868,210,E,OR,21,21,,,,,,34.218398,-118.239738,LA CRESCENTA,17.38
2024-12-17 07:10:00,769881,210,E,OR,46,46,,,,,,34.221426,-118.245718,PENNSYLVANIA,16.98
2024-12-17 07:10:00,769896,210,E,OR,94,94,,,,,,34.230849,-118.265101,LOWELL / HONOLULU,15.68
2024-12-17 07:10:00,770117,210,E,OR,,,,,,,,34.234317,-118.286992,LA TUNA CANYON,14.39
2024-12-17 07:10:00,770387,210,E,OR,63,,63,,,,,34.206925,-118.21372,EB/NB 2 TO EB 210 CN,19.08
2024-12-17 07:15:00,716576,210,E,OR,,,,,,,,34.179921,-118.167405,ARROYO,22.6
2024-12-17 07:15:00,716577,210,E,OR,60,60,,,,,,34.174756,-118.160407,LINCOLN 1,23.14
2024-12-17 07:15:00,716580,210,E,OR,0,0,,,,,,34.160546,-118.158748,MOUNTAIN 2,24.16
2024-12-17 07:15:00,716585,210,E,OR,,,,,,,,34.151691,-118.142523,MARENGO,25.72
2024-12-17 07:15:00,716587,210,E,OR,,,,,,,,34.151658,-118.12944,LAKE NB,26.47
2024-12-17 07:15:00,716589,210,E,OR,30,30,,,,,,34.152187,-118.117782,HILL NB,27.14
2024-12-17 07:15:00,716590,210,E,OR,23,23,,,,,,34.152301,-118.109239,ALLEN,27.63
2024-12-17 07:15:00,716593,210,E,OR,20,20,,,,,,34.151406,-118.091041,SAN GABRIEL,28.68
2024-12-17 07:15:00,716595,210,E,OR,,,,,,,,34.147621,-118.079037,SIERRA MADRE V2,29.44
2024-12-17 07:15:00,769790,210,E,OR,,,,,,,,34.189219,-118.180753,BERKSHIRE,21.58
2024-12-17 07:15:00,769809,210,E,OR,,,,,,,,34.196934,-118.185042,FOOTHILL,20.98
2024-12-17 07:15:00,769820,210,E,OR,,,,,,,,34.205892,-118.198234,ANGELES CREST HWY NB,19.98
2024-12-17 07:15:00,769832,210,E,OR,,,,,,,,34.206745,-118.201533,ANGELES CREST HWY SB,19.78
2024-12-17 07:15:00,769848,210,E,OR,30,30,,,,,,34.211728,-118.228265,OCEAN VIEW,18.18
2024-12-17 07:15:00,769868,210,E,OR,18,18,,,,,,34.218398,-118.239738,LA CRESCENTA,17.38
2024-12-17 07:15:00,769881,210,E,OR,62,62,,,,,,34.221426,-118.245718,PENNSYLVANIA,16.98
2024-12-17 07:15:00,769896,210,E,OR,125,125,,,,,,34.230849,-118.265101,LOWELL / HONOLULU,15.68
2024-12-17 07:15:00,770117,210,E,OR,,,,,,,,34.234317,-118.286992,LA TUNA CANYON,14.39
2024-12-17 07:15:00,770387,210,E,OR,79,,79,,,,,34.206925,-118.21372,EB/NB 2 TO EB 210 CN,19.08
2024-12-17 07:20:00,716576,210,E,OR,,,,,,,,34.179921,-118.167405,ARROYO,22.6
2024-12-17 07:20:00,716577,210,E,OR,60,60,,,,,,34.174756,-118.160407,LINCOLN 1,23.14
2024-12-17 07:20:00,716580,210,E,OR,0,0,,,,,,34.160546,-118.158748,MOUNTAIN 2,24.16
2024-12-17 07:20:00,716585,210,E,OR,,,,,,,,34.151691,-118.142523,MARENGO,25.72
2024-12-17 07:20:00,716587,210,E,OR,,,,,,,,34.151658,-118.12944,LAKE NB,26.47
2024-12-17 07:20:00,716589,210,E,OR,37,37,,,,,,34.152187,-118.117782,HILL NB,27.14
2024-12-17 07:20:00,716590,210,E,OR,29,29,,,,,,34.152301,-118.109239,ALLEN,27.63
2024-12-17 07:20:00,716593,210,E,OR,38,38,,,,,,34.151406,-118.091041,SAN GABRIEL,28.68
2024-12-17 07:20:00,716595,210,E,OR,,,,,,,,34.147621,-118.079037,SIERRA MADRE V2,29.44
2024-12-17 07:20:00,769790,210,E,OR,,,,,,,,34.189219,-118.180753,BERKSHIRE,21.58
2024-12-17 07:20:00,769809,210,E,OR,,,,,,,,34.196934,-118.185042,FOOTHILL,20.98
2024-12-17 07:20:00,769820,210,E,OR,,,,,,,,34.205892,-118.198234,ANGELES CREST HWY NB,19.98
2024-12-17 07:20:00,769832,210,E,OR,,,,,,,,34.206745,-118.201533,ANGELES CREST HWY SB,19.78
2024-12-17 07:20:00,769848,210,E,OR,31,31,,,,,,34.211728,-118.228265,OCEAN VIEW,18.18
2024-12-17 07:20:00,769868,210,E,OR,23,23,,,,,,34.218398,-118.239738,LA CRESCENTA,17.38
2024-12-17 07:20:00,769881,210,E,OR,68,68,,,,,,34.221426,-118.245718,PENNSYLVANIA,16.98
2024-12-17 07:20:00,769896,210,E,OR,135,135,,,,,,34.230849,-118.265101,LOWELL / HONOLULU,15.68
2024-12-17 07:20:00,770117,210,E,OR,,,,,,,,34.234317,-118.286992,LA TUNA CANYON,14.39
2024-12-17 07:20:00,770387,210,E,OR,76,,76,,,,,34.206925,-118.21372,EB/NB 2 TO EB 210 CN,19.08
2024-12-17 07:25:00,716576,210,E,OR,,,,,,,,34.179921,-118.167405,ARROYO,22.6
2024-12-17 07:25:00,716577,210,E,OR,60,60,,,,,,34.174756,-118.160407,LINCOLN 1,23.14
2024-12-17 07:25:00,716580,210,E,OR,0,0,,,,,,34.160546,-118.158748,MOUNTAIN 2,24.16
2024-12-17 07:25:00,716585,210,E,OR,,,,,,,,34.151691,-118.142523,MARENGO,25.72
2024-12-17 07:25:00,716587,210,E,OR,,,,,,,,34.151658,-118.12944,LAKE NB,26.47
2024-12-17 07:25:00,716589,210,E,OR,27,27,,,,,,34.152187,-118.117782,HILL NB,27.14
2024-12-17 07:25:00,716590,210,E,OR,19,19,,,,,,34.152301,-118.109239,ALLEN,27.63
2024-12-17 07:25:00,716593,210,E,OR,37,37,,,,,,34.151406,-118.091041,SAN GABRIEL,28.68
2024-12-17 07:25:00,716595,210,E,OR,,,,,,,,34.147621,-118.079037,SIERRA MADRE V2,29.44
2024-12-17 07:25:00,769790,210,E,OR,,,,,,,,34.189219,-118.180753,BERKSHIRE,21.58
2024-12-17 07:25:00,769809,210,E,OR,,,,,,,,34.196934,-118.185042,FOOTHILL,20.98
2024-12-17 07:25:00,769820,210,E,OR,,,,,,,,34.205892,-118.198234,ANGELES CREST HWY NB,19.98
2024-12-17 07:25:00,769832,210,E,OR,,,,,,,,34.206745,-118.201533,ANGELES CREST HWY SB,19.78
2024-12-17 07:25:00,769848,210,E,OR,41,41,,,,,,34.211728,-118.228265,OCEAN VIEW,18.18
2024-12-17 07:25:00,769868,210,E,OR,35,35,,,,,,34.218398,-118.239738,LA CRESCENTA,17.38
2024-12-17 07:25:00,769881,210,E,OR,81,81,,,,,,34.221426,-118.245718,PENNSYLVANIA,16.98
2024-12-17 07:25:00,769896,210,E,OR,135,135,,,,,,34.230849,-118.265101,LOWELL / HONOLULU,15.68
2024-12-17 07:25:00,770117,210,E,OR,,,,,,,,34.234317,-118.286992,LA TUNA CANYON,14.39
2024-12-17 07:25:00,770387,210,E,OR,48,,48,,,,,34.206925,-118.21372,EB/NB 2 TO EB 210 CN,19.08
2024-12-17 07:30:00,716576,210,E,OR,,,,,,,,34.179921,-118.167405,ARROYO,22.6
2024-12-17 07:30:00,716577,210,E,OR,60,60,,,,,,34.174756,-118.160407,LINCOLN 1,23.14
2024-12-17 07:30:00,716580,210,E,OR,0,0,,,,,,34.160546,-118.158748,MOUNTAIN 2,24.16
2024-12-17 07:30:00,716585,210,E,OR,,,,,,,,34.151691,-118.142523,MARENGO,25.72
2024-12-17 07:30:00,716587,210,E,OR,,,,,,,,34.151658,-118.12944,LAKE NB,26.47
2024-12-17 07:30:00,716589,210,E,OR,38,38,,,,,,34.152187,-118.117782,HILL NB,27.14
2024-12-17 07:30:00,716590,210,E,OR,29,29,,,,,,34.152301,-118.109239,ALLEN,27.63
2024-12-17 07:30:00,716593,210,E,OR,22,22,,,,,,34.151406,-118.091041,SAN GABRIEL,28.68
2024-12-17 07:30:00,716595,210,E,OR,,,,,,,,34.147621,-118.079037,SIERRA MADRE V2,29.44
2024-12-17 07:30:00,769790,210,E,OR,,,,,,,,34.189219,-118.180753,BERKSHIRE,21.58
2024-12-17 07:30:00,769809,210,E,OR,,,,,,,,34.196934,-118.185042,FOOTHILL,20.98
2024-12-17 07:30:00,769820,210,E,OR,,,,,,,,34.205892,-118.198234,ANGELES CREST HWY NB,19.98
2024-12-17 07:30:00,769832,210,E,OR,,,,,,,,34.206745,-118.201533,ANGELES CREST HWY SB,19.78
2024-12-17 07:30:00,769848,210,E,OR,55,55,,,,,,34.211728,-118.228265,OCEAN VIEW,18.18
2024-12-17 07:30:00,769868,210,E,OR,18,18,,,,,,34.218398,-118.239738,LA CRESCENTA,17.38
2024-12-17 07:30:00,769881,210,E,OR,60,60,,,,,,34.221426,-118.245718,PENNSYLVANIA,16.98
2024-12-17 07:30:00,769896,210,E,OR,125,125,,,,,,34.230849,-118.265101,LOWELL / HONOLULU,15.68
2024-12-17 07:30:00,770117,210,E,OR,,,,,,,,34.234317,-118.286992,LA TUNA CANYON,14.39
2024-12-17 07:30:00,770387,210,E,OR,59,,59,,,,,34.206925,-118.21372,EB/NB 2 TO EB 210 CN,19.08
2024-12-17 07:35:00,716576,210,E,OR,,,,,,,,34.179921,-118.167405,ARROYO,22.6
2024-12-17 07:35:00,716577,210,E,OR,60,60,,,,,,34.174756,-118.160407,LINCOLN 1,23.14
2024-12-17 07:35:00,716580,210,E,OR,0,0,,,,,,34.160546,-118.158748,MOUNTAIN 2,24.16
2024-12-17 07:35:00,716585,210,E,OR,,,,,,,,34.151691,-118.142523,MARENGO,25.72
2024-12-17 07:35:00,716587,210,E,OR,,,,,,,,34.151658,-118.12944,LAKE NB,26.47
2024-12-17 07:35:00,716589,210,E,OR,35,35,,,,,,34.152187,-118.117782,HILL NB,27.14
2024-12-17 07:35:00,716590,210,E,OR,23,23,,,,,,34.152301,-118.109239,ALLEN,27.63
2024-12-17 07:35:00,716593,210,E,OR,47,47,,,,,,34.151406,-118.091041,SAN GABRIEL,28.68
2024-12-17 07:35:00,716595,210,E,OR,,,,,,,,34.147621,-118.079037,SIERRA MADRE V2,29.44
2024-12-17 07:35:00,769790,210,E,OR,,,,,,,,34.189219,-118.180753,BERKSHIRE,21.58
2024-12-17 07:35:00,769809,210,E,OR,,,,,,,,34.196934,-118.185042,FOOTHILL,20.98
2024-12-17 07:35:00,769820,210,E,OR,,,,,,,,34.205892,-118.198234,ANGELES CREST HWY NB,19.98
2024-12-17 07:35:00,769832,210,E,OR,,,,,,,,34.206745,-118.201533,ANGELES CREST HWY SB,19.78
2024-12-17 07:35:00,769848,210,E,OR,59,59,,,,,,34.211728,-118.228265,OCEAN VIEW,18.18
2024-12-17 07:35:00,769868,210,E,OR,34,34,,,,,,34.218398,-118.239738,LA CRESCENTA,17.38
2024-12-17 07:35:00,769881,210,E,OR,87,87,,,,,,34.221426,-118.245718,PENNSYLVANIA,16.98
2024-12-17 07:35:00,769896,210,E,OR,161,161,,,,,,34.230849,-118.265101,LOWELL / HONOLULU,15.68
2024-12-17 07:35:00,770117,210,E,OR,,,,,,,,34.234317,-118.286992,LA TUNA CANYON,14.39
2024-12-17 07:35:00,770387,210,E,OR,68,,68,,,,,34.206925,-118.21372,EB/NB 2 TO EB 210 CN,19.08
2024-12-17 07:40:00,716576,210,E,OR,,,,,,,,34.179921,-118.167405,ARROYO,22.6
2024-12-17 07:40:00,716577,210,E,OR,60,60,,,,,,34.174756,-118.160407,LINCOLN 1,23.14
2024-12-17 07:40:00,716580,210,E,OR,0,0,,,,,,34.160546,-118.158748,MOUNTAIN 2,24.16
2024-12-17 07:40:00,716585,210,E,OR,,,,,,,,34.151691,-118.142523,MARENGO,25.72
2024-12-17 07:40:00,716587,210,E,OR,,,,,,,,34.151658,-118.12944,LAKE NB,26.47
2024-12-17 07:40:00,716589,210,E,OR,25,25,,,,,,34.152187,-118.117782,HILL NB,27.14
2024-12-17 07:40:00,716590,210,E,OR,44,44,,,,,,34.152301,-118.109239,ALLEN,27.63
2024-12-17 07:40:00,716593,210,E,OR,38,38,,,,,,34.151406,-118.091041,SAN GABRIEL,28.68
2024-12-17 07:40:00,716595,210,E,OR,,,,,,,,34.147621,-118.079037,SIERRA MADRE V2,29.44
2024-12-17 07:40:00,769790,210,E,OR,,,,,,,,34.189219,-118.180753,BERKSHIRE,21.58
2024-12-17 07:40:00,769809,210,E,OR,,,,,,,,34.196934,-118.185042,FOOTHILL,20.98
2024-12-17 07:40:00,769820,210,E,OR,,,,,,,,34.205892,-118.198234,ANGELES CREST HWY NB,19.98
2024-12-17 07:40:00,769832,210,E,OR,,,,,,,,34.206745,-118.201533,ANGELES CREST HWY SB,19.78
2024-12-17 07:40:00,769848,210,E,OR,60,60,,,,,,34.211728,-118.228265,OCEAN VIEW,18.18
2024-12-17 07:40:00,769868,210,E,OR,47,47,,,,,,34.218398,-118.239738,LA CRESCENTA,17.38
2024-12-17 07:40:00,769881,210,E,OR,94,94,,,,,,34.221426,-118.245718,PENNSYLVANIA,16.98
2024-12-17 07:40:00,769896,210,E,OR,140,140,,,,,,34.230849,-118.265101,LOWELL / HONOLULU,15.68
2024-12-17 07:40:00,770117,210,E,OR,,,,,,,,34.234317,-118.286992,LA TUNA CANYON,14.39
2024-12-17 07:40:00,770387,210,E,OR,49,,49,,,,,34.206925,-118.21372,EB/NB 2 TO EB 210 CN,19.08
2024-12-17 07:45:00,716576,210,E,OR,,,,,,,,34.179921,-118.167405,ARROYO,22.6
2024-12-17 07:45:00,716577,210,E,OR,60,60,,,,,,34.174756,-118.160407,LINCOLN 1,23.14
2024-12-17 07:45:00,716580,210,E,OR,0,0,,,,,,34.160546,-118.158748,MOUNTAIN 2,24.16
2024-12-17 07:45:00,716585,210,E,OR,,,,,,,,34.151691,-118.142523,MARENGO,25.72
2024-12-17 07:45:00,716587,210,E,OR,,,,,,,,34.151658,-118.12944,LAKE NB,26.47
2024-12-17 07:45:00,716589,210,E,OR,37,37,,,,,,34.152187,-118.117782,HILL NB,27.14
2024-12-17 07:45:00,716590,210,E,OR,43,43,,,,,,34.152301,-118.109239,ALLEN,27.63
2024-12-17 07:45:00,716593,210,E,OR,46,46,,,,,,34.151406,-118.091041,SAN GABRIEL,28.68
2024-12-17 07:45:00,716595,210,E,OR,,,,,,,,34.147621,-118.079037,SIERRA MADRE V2,29.44
2024-12-17 07:45:00,769790,210,E,OR,,,,,,,,34.189219,-118.180753,BERKSHIRE,21.58
2024-12-17 07:45:00,769809,210,E,OR,,,,,,,,34.196934,-118.185042,FOOTHILL,20.98
2024-12-17 07:45:00,769820,210,E,OR,,,,,,,,34.205892,-118.198234,ANGELES CREST HWY NB,19.98
2024-12-17 07:45:00,769832,210,E,OR,,,,,,,,34.206745,-118.201533,ANGELES CREST HWY SB,19.78
2024-12-17 07:45:00,769848,210,E,OR,61,61,,,,,,34.211728,-118.228265,OCEAN VIEW,18.18
2024-12-17 07:45:00,769868,210,E,OR,45,45,,,,,,34.218398,-118.239738,LA CRESCENTA,17.38
2024-12-17 07:45:00,769881,210,E,OR,86,86,,,,,,34.221426,-118.245718,PENNSYLVANIA,16.98
2024-12-17 07:45:00,769896,210,E,OR,149,149,,,,,,34.230849,-118.265101,LOWELL / HONOLULU,15.68
2024-12-17 07:45:00,770117,210,E,OR,,,,,,,,34.234317,-118.286992,LA TUNA CANYON,14.39
2024-12-17 07:45:00,770387,210,E,OR,37,,37,,,,,34.206925,-118.21372,EB/NB 2 TO EB 210 CN,19.08
2024-12-17 07:50:00,716576,210,E,OR,,,,,,,,34.179921,-118.167405,ARROYO,22.6
2024-12-17 07:50:00,716577,210,E,OR,60,60,,,,,,34.174756,-118.160407,LINCOLN 1,23.14
2024-12-17 07:50:00,716580,210,E,OR,0,0,,,,,,34.160546,-118.158748,MOUNTAIN 2,24.16
2024-12-17 07:50:00,716585,210,E,OR,,,,,,,,34.151691,-118.142523,MARENGO,25.72
2024-12-17 07:50:00,716587,210,E,OR,,,,,,,,34.151658,-118.12944,LAKE NB,26.47
2024-12-17 07:50:00,716589,210,E,OR,40,40,,,,,,34.152187,-118.117782,HILL NB,27.14
2024-12-17 07:50:00,716590,210,E,OR,28,28,,,,,,34.152301,-118.109239,ALLEN,27.63
2024-12-17 07:50:00,716593,210,E,OR,43,43,,,,,,34.151406,-118.091041,SAN GABRIEL,28.68
2024-12-17 07:50:00,716595,210,E,OR,,,,,,,,34.147621,-118.079037,SIERRA MADRE V2,29.44
2024-12-17 07:50:00,769790,210,E,OR,,,,,,,,34.189219,-118.180753,BERKSHIRE,21.58
2024-12-17 07:50:00,769809,210,E,OR,,,,,,,,34.196934,-118.185042,FOOTHILL,20.98
2024-12-17 07:50:00,769820,210,E,OR,,,,,,,,34.205892,-118.198234,ANGELES CREST HWY NB,19.98
2024-12-17 07:50:00,769832,210,E,OR,,,,,,,,34.206745,-118.201533,ANGELES CREST HWY SB,19.78
2024-12-17 07:50:00,769848,210,E,OR,67,67,,,,,,34.211728,-118.228265,OCEAN VIEW,18.18
2024-12-17 07:50:00,769868,210,E,OR,55,55,,,,,,34.218398,-118.239738,LA CRESCENTA,17.38
2024-12-17 07:50:00,769881,210,E,OR,101,101,,,,,,34.221426,-118.245718,PENNSYLVANIA,16.98
2024-12-17 07:50:00,769896,210,E,OR,145,145,,,,,,34.230849,-118.265101,LOWELL / HONOLULU,15.68
2024-12-17 07:50:00,770117,210,E,OR,,,,,,,,34.234317,-118.286992,LA TUNA CANYON,14.39
2024-12-17 07:50:00,770387,210,E,OR,51,,51,,,,,34.206925,-118.21372,EB/NB 2 TO EB 210 CN,19.08
2024-12-17 07:55:00,716576,210,E,OR,,,,,,,,34.179921,-118.167405,ARROYO,22.6
2024-12-17 07:55:00,716577,210,E,OR,60,60,,,,,,34.174756,-118.160407,LINCOLN 1,23.14
2024-12-17 07:55:00,716580,210,E,OR,0,0,,,,,,34.160546,-118.158748,MOUNTAIN 2,24.16
2024-12-17 07:55:00,716585,210,E,OR,,,,,,,,34.151691,-118.142523,MARENGO,25.72
2024-12-17 07:55:00,716587,210,E,OR,,,,,,,,34.151658,-118.12944,LAKE NB,26.47
2024-12-17 07:55:00,716589,210,E,OR,37,37,,,,,,34.152187,-118.117782,HILL NB,27.14
2024-12-17 07:55:00,716590,210,E,OR,41,41,,,,,,34.152301,-118.109239,ALLEN,27.63
2024-12-17 07:55:00,716593,210,E,OR,43,43,,,,,,34.151406,-118.091041,SAN GABRIEL,28.68
2024-12-17 07:55:00,716595,210,E,OR,,,,,,,,34.147621,-118.079037,SIERRA MADRE V2,29.44
2024-12-17 07:55:00,769790,210,E,OR,,,,,,,,34.189219,-118.180753,BERKSHIRE,21.58
2024-12-17 07:55:00,769809,210,E,OR,,,,,,,,34.196934,-118.185042,FOOTHILL,20.98
2024-12-17 07:55:00,769820,210,E,OR,,,,,,,,34.205892,-118.198234,ANGELES CREST HWY NB,19.98
2024-12-17 07:55:00,769832,210,E,OR,,,,,,,,34.206745,-118.201533,ANGELES CREST HWY SB,19.78
2024-12-17 07:55:00,769848,210,E,OR,76,76,,,,,,34.211728,-118.228265,OCEAN VIEW,18.18
2024-12-17 07:55:00,769868,210,E,OR,68,68,,,,,,34.218398,-118.239738,LA CRESCENTA,17.38
2024-12-17 07:55:00,769881,210,E,OR,81,81,,,,,,34.221426,-118.245718,PENNSYLVANIA,16.98
2024-12-17 07:55:00,769896,210,E,OR,142,142,,,,,,34.230849,-118.265101,LOWELL / HONOLULU,15.68
2024-12-17 07:55:00,770117,210,E,OR,,,,,,,,34.234317,-118.286992,LA TUNA CANYON,14.39
2024-12-17 07:55:00,770387,210,E,OR,41,,41,,,,,34.206925,-118.21372,EB/NB 2 TO EB 210 CN,19.08
2024-12-17 08:00:00,716576,210,E,OR,,,,,,,,34.179921,-118.167405,ARROYO,22.6
2024-12-17 08:00:00,716577,210,E,OR,60,60,,,,,,34.174756,-118.160407,LINCOLN 1,23.14
2024-12-17 08:00:00,716580,210,E,OR,0,0,,,,,,34.160546,-118.158748,MOUNTAIN 2,24.16
2024-12-17 08:00:00,716585,210,E,OR,,,,,,,,34.151691,-118.142523,MARENGO,25.72
2024-12-17 08:00:00,716587,210,E,OR,,,,,,,,34.151658,-118.12944,LAKE NB,26.47
2024-12-17 08:00:00,716589,210,E,OR,43,43,,,,,,34.152187,-118.117782,HILL NB,27.14
2024-12-17 08:00:00,716590,210,E,OR,43,43,,,,,,34.152301,-118.109239,ALLEN,27.63
2024-12-17 08:00:00,716593,210,E,OR,52,52,,,,,,34.151406,-118.091041,SAN GABRIEL,28.68
2024-12-17 08:00:00,716595,210,E,OR,,,,,,,,34.147621,-118.079037,SIERRA MADRE V2,29.44
2024-12-17 08:00:00,769790,210,E,OR,,,,,,,,34.189219,-118.180753,BERKSHIRE,21.58
2024-12-17 08:00:00,769809,210,E,OR,,,,,,,,34.196934,-118.185042,FOOTHILL,20.98
2024-12-17 08:00:00,769820,210,E,OR,,,,,,,,34.205892,-118.198234,ANGELES CREST HWY NB,19.98
2024-12-17 08:00:00,769832,210,E,OR,,,,,,,,34.206745,-118.201533,ANGELES CREST HWY SB,19.78
2024-12-17 08:00:00,769848,210,E,OR,71,71,,,,,,34.211728,-118.228265,OCEAN VIEW,18.18
2024-12-17 08:00:00,769868,210,E,OR,69,69,,,,,,34.218398,-118.239738,LA CRESCENTA,17.38
2024-12-17 08:00:00,769881,210,E,OR,94,94,,,,,,34.221426,-118.245718,PENNSYLVANIA,16.98
2024-12-17 08:00:00,769896,210,E,OR,134,134,,,,,,34.230849,-118.265101,LOWELL / HONOLULU,15.68
2024-12-17 08:00:00,770117,210,E,OR,,,,,,,,34.234317,-118.286992,LA TUNA CANYON,14.39
2024-12-17 08:00:00,770387,210,E,OR,45,,45,,,,,34.206925,-118.21372,EB/NB 2 TO EB 210 CN,19.08
2024-12-17 08:05:00,716576,210,E,OR,,,,,,,,34.179921,-118.167405,ARROYO,22.6
2024-12-17 08:05:00,716577,210,E,OR,60,60,,,,,,34.174756,-118.160407,LINCOLN 1,23.14
2024-12-17 08:05:00,716580,210,E,OR,0,0,,,,,,34.160546,-118.158748,MOUNTAIN 2,24.16
2024-12-17 08:05:00,716585,210,E,OR,,,,,,,,34.151691,-118.142523,MARENGO,25.72
2024-12-17 08:05:00,716587,210,E,OR,,,,,,,,34.151658,-118.12944,LAKE NB,26.47
2024-12-17 08:05:00,716589,210,E,OR,53,53,,,,,,34.152187,-118.117782,HILL NB,27.14
2024-12-17 08:05:00,716590,210,E,OR,40,40,,,,,,34.152301,-118.109239,ALLEN,27.63
2024-12-17 08:05:00,716593,210,E,OR,43,43,,,,,,34.151406,-118.091041,SAN GABRIEL,28.68
2024-12-17 08:05:00,716595,210,E,OR,,,,,,,,34.147621,-118.079037,SIERRA MADRE V2,29.44
2024-12-17 08:05:00,769790,210,E,OR,,,,,,,,34.189219,-118.180753,BERKSHIRE,21.58
2024-12-17 08:05:00,769809,210,E,OR,,,,,,,,34.196934,-118.185042,FOOTHILL,20.98
2024-12-17 08:05:00,769820,210,E,OR,,,,,,,,34.205892,-118.198234,ANGELES CREST HWY NB,19.98
2024-12-17 08:05:00,769832,210,E,OR,,,,,,,,34.206745,-118.201533,ANGELES CREST HWY SB,19.78
2024-12-17 08:05:00,769848,210,E,OR,85,85,,,,,,34.211728,-118.228265,OCEAN VIEW,18.18
2024-12-17 08:05:00,769868,210,E,OR,111,111,,,,,,34.218398,-118.239738,LA CRESCENTA,17.38
2024-12-17 08:05:00,769881,210,E,OR,91,91,,,,,,34.221426,-118.245718,PENNSYLVANIA,16.98
2024-12-17 08:05:00,769896,210,E,OR,156,156,,,,,,34.230849,-118.265101,LOWELL / HONOLULU,15.68
2024-12-17 08:05:00,770117,210,E,OR,,,,,,,,34.234317,-118.286992,LA TUNA CANYON,14.39
2024-12-17 08:05:00,770387,210,E,OR,40,,40,,,,,34.206925,-118.21372,EB/NB 2 TO EB 210 CN,19.08
2024-12-17 08:10:00,716576,210,E,OR,,,,,,,,34.179921,-118.167405,ARROYO,22.6
2024-12-17 08:10:00,716577,210,E,OR,60,60,,,,,,34.174756,-118.160407,LINCOLN 1,23.14
2024-12-17 08:10:00,716580,210,E,OR,0,0,,,,,,34.160546,-118.158748,MOUNTAIN 2,24.16
2024-12-17 08:10:00,716585,210,E,OR,,,,,,,,34.151691,-118.142523,MARENGO,25.72
2024-12-17 08:10:00,716587,210,E,OR,,,,,,,,34.151658,-118.12944,LAKE NB,26.47
2024-12-17 08:10:00,716589,210,E,OR,35,35,,,,,,34.152187,-118.117782,HILL NB,27.14
2024-12-17 08:10:00,716590,210,E,OR,34,34,,,,,,34.152301,-118.109239,ALLEN,27.63
2024-12-17 08:10:00,716593,210,E,OR,37,37,,,,,,34.151406,-118.091041,SAN GABRIEL,28.68
2024-12-17 08:10:00,716595,210,E,OR,,,,,,,,34.147621,-118.079037,SIERRA MADRE V2,29.44
2024-12-17 08:10:00,769790,210,E,OR,,,,,,,,34.189219,-118.180753,BERKSHIRE,21.58
2024-12-17 08:10:00,769809,210,E,OR,,,,,,,,34.196934,-118.185042,FOOTHILL,20.98
2024-12-17 08:10:00,769820,210,E,OR,,,,,,,,34.205892,-118.198234,ANGELES CREST HWY NB,19.98
2024-12-17 08:10:00,769832,210,E,OR,,,,,,,,34.206745,-118.201533,ANGELES CREST HWY SB,19.78
2024-12-17 08:10:00,769848,210,E,OR,74,74,,,,,,34.211728,-118.228265,OCEAN VIEW,18.18
2024-12-17 08:10:00,769868,210,E,OR,72,72,,,,,,34.218398,-118.239738,LA CRESCENTA,17.38
2024-12-17 08:10:00,769881,210,E,OR,95,95,,,,,,34.221426,-118.245718,PENNSYLVANIA,16.98
2024-12-17 08:10:00,769896,210,E,OR,165,165,,,,,,34.230849,-118.265101,LOWELL / HONOLULU,15.68
2024-12-17 08:10:00,770117,210,E,OR,,,,,,,,34.234317,-118.286992,LA TUNA CANYON,14.39
2024-12-17 08:10:00,770387,210,E,OR,35,,35,,,,,34.206925,-118.21372,EB/NB 2 TO EB 210 CN,19.08
2024-12-17 08:15:00,716576,210,E,OR,,,,,,,,34.179921,-118.167405,ARROYO,22.6
2024-12-17 08:15:00,716577,210,E,OR,60,60,,,,,,34.174756,-118.160407,LINCOLN 1,23.14
2024-12-17 08:15:00,716580,210,E,OR,0,0,,,,,,34.160546,-118.158748,MOUNTAIN 2,24.16
2024-12-17 08:15:00,716585,210,E,OR,,,,,,,,34.151691,-118.142523,MARENGO,25.72
2024-12-17 08:15:00,716587,210,E,OR,,,,,,,,34.151658,-118.12944,LAKE NB,26.47
2024-12-17 08:15:00,716589,210,E,OR,43,43,,,,,,34.152187,-118.117782,HILL NB,27.14
2024-12-17 08:15:00,716590,210,E,OR,35,35,,,,,,34.152301,-118.109239,ALLEN,27.63
2024-12-17 08:15:00,716593,210,E,OR,50,50,,,,,,34.151406,-118.091041,SAN GABRIEL,28.68
2024-12-17 08:15:00,716595,210,E,OR,,,,,,,,34.147621,-118.079037,SIERRA MADRE V2,29.44
2024-12-17 08:15:00,769790,210,E,OR,,,,,,,,34.189219,-118.180753,BERKSHIRE,21.58
2024-12-17 08:15:00,769809,210,E,OR,,,,,,,,34.196934,-118.185042,FOOTHILL,20.98
2024-12-17 08:15:00,769820,210,E,OR,,,,,,,,34.205892,-118.198234,ANGELES CREST HWY NB,19.98
2024-12-17 08:15:00,769832,210,E,OR,,,,,,,,34.206745,-118.201533,ANGELES CREST HWY SB,19.78
2024-12-17 08:15:00,769848,210,E,OR,69,69,,,,,,34.211728,-118.228265,OCEAN VIEW,18.18
2024-12-17 08:15:00,769868,210,E,OR,71,71,,,,,,34.218398,-118.239738,LA CRESCENTA,17.38
2024-12-17 08:15:00,769881,210,E,OR,79,79,,,,,,34.221426,-118.245718,PENNSYLVANIA,16.98
2024-12-17 08:15:00,769896,210,E,OR,117,117,,,,,,34.230849,-118.265101,LOWELL / HONOLULU,15.68
2024-12-17 08:15:00,770117,210,E,OR,,,,,,,,34.234317,-118.286992,LA TUNA CANYON,14.39
2024-12-17 08:15:00,770387,210,E,OR,48,,48,,,,,34.206925,-118.21372,EB/NB 2 TO EB 210 CN,19.08
2024-12-17 08:20:00,716576,210,E,OR,,,,,,,,34.179921,-118.167405,ARROYO,22.6
2024-12-17 08:20:00,716577,210,E,OR,60,60,,,,,,34.174756,-118.160407,LINCOLN 1,23.14
2024-12-17 08:20:00,716580,210,E,OR,0,0,,,,,,34.160546,-118.158748,MOUNTAIN 2,24.16
2024-12-17 08:20:00,716585,210,E,OR,,,,,,,,34.151691,-118.142523,MARENGO,25.72
2024-12-17 08:20:00,716587,210,E,OR,,,,,,,,34.151658,-118.12944,LAKE NB,26.47
2024-12-17 08:20:00,716589,210,E,OR,33,33,,,,,,34.152187,-118.117782,HILL NB,27.14
2024-12-17 08:20:00,716590,210,E,OR,33,33,,,,,,34.152301,-118.109239,ALLEN,27.63
2024-12-17 08:20:00,716593,210,E,OR,43,43,,,,,,34.151406,-118.091041,SAN GABRIEL,28.68
2024-12-17 08:20:00,716595,210,E,OR,,,,,,,,34.147621,-118.079037,SIERRA MADRE V2,29.44
2024-12-17 08:20:00,769790,210,E,OR,,,,,,,,34.189219,-118.180753,BERKSHIRE,21.58
2024-12-17 08:20:00,769809,210,E,OR,,,,,,,,34.196934,-118.185042,FOOTHILL,20.98
2024-12-17 08:20:00,769820,210,E,OR,,,,,,,,34.205892,-118.198234,ANGELES CREST HWY NB,19.98
2024-12-17 08:20:00,769832,210,E,OR,,,,,,,,34.206745,-118.201533,ANGELES CREST HWY SB,19.78
2024-12-17 08:20:00,769848,210,E,OR,68,68,,,,,,34.211728,-118.228265,OCEAN VIEW,18.18
2024-12-17 08:20:00,769868,210,E,OR,103,103,,,,,,34.218398,-118.239738,LA CRESCENTA,17.38
2024-12-17 08:20:00,769881,210,E,OR,70,70,,,,,,34.221426,-118.245718,PENNSYLVANIA,16.98
2024-12-17 08:20:00,769896,210,E,OR,137,137,,,,,,34.230849,-118.265101,LOWELL / HONOLULU,15.68
2024-12-17 08:20:00,770117,210,E,OR,,,,,,,,34.234317,-118.286992,LA TUNA CANYON,14.39
2024-12-17 08:20:00,770387,210,E,OR,32,,32,,,,,34.206925,-118.21372,EB/NB 2 TO EB 210 CN,19.08
2024-12-17 08:25:00,716576,210,E,OR,,,,,,,,34.179921,-118.167405,ARROYO,22.6
2024-12-17 08:25:00,716577,210,E,OR,60,60,,,,,,34.174756,-118.160407,LINCOLN 1,23.14
2024-12-17 08:25:00,716580,210,E,OR,0,0,,,,,,34.160546,-118.158748,MOUNTAIN 2,24.16
2024-12-17 08:25:00,716585,210,E,OR,,,,,,,,34.151691,-118.142523,MARENGO,25.72
2024-12-17 08:25:00,716587,210,E,OR,,,,,,,,34.151658,-118.12944,LAKE NB,26.47
2024-12-17 08:25:00,716589,210,E,OR,40,40,,,,,,34.152187,-118.117782,HILL NB,27.14
2024-12-17 08:25:00,716590,210,E,OR,35,35,,,,,,34.152301,-118.109239,ALLEN,27.63
2024-12-17 08:25:00,716593,210,E,OR,43,43,,,,,,34.151406,-118.091041,SAN GABRIEL,28.68
2024-12-17 08:25:00,716595,210,E,OR,,,,,,,,34.147621,-118.079037,SIERRA MADRE V2,29.44
2024-12-17 08:25:00,769790,210,E,OR,,,,,,,,34.189219,-118.180753,BERKSHIRE,21.58
2024-12-17 08:25:00,769809,210,E,OR,,,,,,,,34.196934,-118.185042,FOOTHILL,20.98
2024-12-17 08:25:00,769820,210,E,OR,,,,,,,,34.205892,-118.198234,ANGELES CREST HWY NB,19.98
2024-12-17 08:25:00,769832,210,E,OR,,,,,,,,34.206745,-118.201533,ANGELES CREST HWY SB,19.78
2024-12-17 08:25:00,769848,210,E,OR,68,68,,,,,,34.211728,-118.228265,OCEAN VIEW,18.18
2024-12-17 08:25:00,769868,210,E,OR,49,49,,,,,,34.218398,-118.239738,LA CRESCENTA,17.38
2024-12-17 08:25:00,769881,210,E,OR,95,95,,,,,,34.221426,-118.245718,PENNSYLVANIA,16.98
2024-12-17 08:25:00,769896,210,E,OR,115,115,,,,,,34.230849,-118.265101,LOWELL / HONOLULU,15.68
2024-12-17 08:25:00,770117,210,E,OR,,,,,,,,34.234317,-118.286992,LA TUNA CANYON,14.39
2024-12-17 08:25:00,770387,210,E,OR,39,,39,,,,,34.206925,-118.21372,EB/NB 2 TO EB 210 CN,19.08
2024-12-17 08:30:00,716576,210,E,OR,,,,,,,,34.179921,-118.167405,ARROYO,22.6
2024-12-17 08:30:00,716577,210,E,OR,60,60,,,,,,34.174756,-118.160407,LINCOLN 1,23.14
2024-12-17 08:30:00,716580,210,E,OR,0,0,,,,,,34.160546,-118.158748,MOUNTAIN 2,24.16
2024-12-17 08:30:00,716585,210,E,OR,,,,,,,,34.151691,-118.142523,MARENGO,25.72
2024-12-17 08:30:00,716587,210,E,OR,,,,,,,,34.151658,-118.12944,LAKE NB,26.47
2024-12-17 08:30:00,716589,210,E,OR,31,31,,,,,,34.152187,-118.117782,HILL NB,27.14
2024-12-17 08:30:00,716590,210,E,OR,45,45,,,,,,34.152301,-118.109239,ALLEN,27.63
2024-12-17 08:30:00,716593,210,E,OR,31,31,,,,,,34.151406,-118.091041,SAN GABRIEL,28.68
2024-12-17 08:30:00,716595,210,E,OR,,,,,,,,34.147621,-118.079037,SIERRA MADRE V2,29.44
2024-12-17 08:30:00,769790,210,E,OR,,,,,,,,34.189219,-118.180753,BERKSHIRE,21.58
2024-12-17 08:30:00,769809,210,E,OR,,,,,,,,34.196934,-118.185042,FOOTHILL,20.98
2024-12-17 08:30:00,769820,210,E,OR,,,,,,,,34.205892,-118.198234,ANGELES CREST HWY NB,19.98
2024-12-17 08:30:00,769832,210,E,OR,,,,,,,,34.206745,-118.201533,ANGELES CREST HWY SB,19.78
2024-12-17 08:30:00,769848,210,E,OR,66,66,,,,,,34.211728,-118.228265,OCEAN VIEW,18.18
2024-12-17 08:30:00,769868,210,E,OR,40,40,,,,,,34.218398,-118.239738,LA CRESCENTA,17.38
2024-12-17 08:30:00,769881,210,E,OR,96,96,,,,,,34.221426,-118.245718,PENNSYLVANIA,16.98
2024-12-17 08:30:00,769896,210,E,OR,122,122,,,,,,34.230849,-118.265101,LOWELL / HONOLULU,15.68
2024-12-17 08:30:00,770117,210,E,OR,,,,,,,,34.234317,-118.286992,LA TUNA CANYON,14.39
2024-12-17 08:30:00,770387,210,E,OR,25,,25,,,,,34.206925,-118.21372,EB/NB 2 TO EB 210 CN,19.08
2024-12-17 08:35:00,716576,210,E,OR,,,,,,,,34.179921,-118.167405,ARROYO,22.6
2024-12-17 08:35:00,716577,210,E,OR,60,60,,,,,,34.174756,-118.160407,LINCOLN 1,23.14
2024-12-17 08:35:00,716580,210,E,OR,0,0,,,,,,34.160546,-118.158748,MOUNTAIN 2,24.16
2024-12-17 08:35:00,716585,210,E,OR,,,,,,,,34.151691,-118.142523,MARENGO,25.72
2024-12-17 08:35:00,716587,210,E,OR,,,,,,,,34.151658,-118.12944,LAKE NB,26.47
2024-12-17 08:35:00,716589,210,E,OR,45,45,,,,,,34.152187,-118.117782,HILL NB,27.14
2024-12-17 08:35:00,716590,210,E,OR,30,30,,,,,,34.152301,-118.109239,ALLEN,27.63
2024-12-17 08:35:00,716593,210,E,OR,52,52,,,,,,34.151406,-118.091041,SAN GABRIEL,28.68
2024-12-17 08:35:00,716595,210,E,OR,,,,,,,,34.147621,-118.079037,SIERRA MADRE V2,29.44
2024-12-17 08:35:00,769790,210,E,OR,,,,,,,,34.189219,-118.180753,BERKSHIRE,21.58
2024-12-17 08:35:00,769809,210,E,OR,,,,,,,,34.196934,-118.185042,FOOTHILL,20.98
2024-12-17 08:35:00,769820,210,E,OR,,,,,,,,34.205892,-118.198234,ANGELES CREST HWY NB,19.98
2024-12-17 08:35:00,769832,210,E,OR,,,,,,,,34.206745,-118.201533,ANGELES CREST HWY SB,19.78
2024-12-17 08:35:00,769848,210,E,OR,68,68,,,,,,34.211728,-118.228265,OCEAN VIEW,18.18
2024-12-17 08:35:00,769868,210,E,OR,41,41,,,,,,34.218398,-118.239738,LA CRESCENTA,17.38
2024-12-17 08:35:00,769881,210,E,OR,92,92,,,,,,34.221426,-118.245718,PENNSYLVANIA,16.98
2024-12-17 08:35:00,769896,210,E,OR,139,139,,,,,,34.230849,-118.265101,LOWELL / HONOLULU,15.68
2024-12-17 08:35:00,770117,210,E,OR,,,,,,,,34.234317,-118.286992,LA TUNA CANYON,14.39
2024-12-17 08:35:00,770387,210,E,OR,31,,31,,,,,34.206925,-118.21372,EB/NB 2 TO EB 210 CN,19.08
2024-12-17 08:40:00,716576,210,E,OR,,,,,,,,34.179921,-118.167405,ARROYO,22.6
2024-12-17 08:40:00,716577,210,E,OR,60,60,,,,,,34.174756,-118.160407,LINCOLN 1,23.14
2024-12-17 08:40:00,716580,210,E,OR,0,0,,,,,,34.160546,-118.158748,MOUNTAIN 2,24.16
2024-12-17 08:40:00,716585,210,E,OR,,,,,,,,34.151691,-118.142523,MARENGO,25.72
2024-12-17 08:40:00,716587,210,E,OR,,,,,,,,34.151658,-118.12944,LAKE NB,26.47
2024-12-17 08:40:00,716589,210,E,OR,41,41,,,,,,34.152187,-118.117782,HILL NB,27.14
2024-12-17 08:40:00,716590,210,E,OR,35,35,,,,,,34.152301,-118.109239,ALLEN,27.63
2024-12-17 08:40:00,716593,210,E,OR,40,40,,,,,,34.151406,-118.091041,SAN GABRIEL,28.68
2024-12-17 08:40:00,716595,210,E,OR,,,,,,,,34.147621,-118.079037,SIERRA MADRE V2,29.44
2024-12-17 08:40:00,769790,210,E,OR,,,,,,,,34.189219,-118.180753,BERKSHIRE,21.58
2024-12-17 08:40:00,769809,210,E,OR,,,,,,,,34.196934,-118.185042,FOOTHILL,20.98
2024-12-17 08:40:00,769820,210,E,OR,,,,,,,,34.205892,-118.198234,ANGELES CREST HWY NB,19.98
2024-12-17 08:40:00,769832,210,E,OR,,,,,,,,34.206745,-118.201533,ANGELES CREST HWY SB,19.78
2024-12-17 08:40:00,769848,210,E,OR,48,48,,,,,,34.211728,-118.228265,OCEAN VIEW,18.18
2024-12-17 08:40:00,769868,210,E,OR,39,39,,,,,,34.218398,-118.239738,LA CRESCENTA,17.38
2024-12-17 08:40:00,769881,210,E,OR,81,81,,,,,,34.221426,-118.245718,PENNSYLVANIA,16.98
2024-12-17 08:40:00,769896,210,E,OR,127,127,,,,,,34.230849,-118.265101,LOWELL / HONOLULU,15.68
2024-12-17 08:40:00,770117,210,E,OR,,,,,,,,34.234317,-118.286992,LA TUNA CANYON,14.39
2024-12-17 08:40:00,770387,210,E,OR,42,,42,,,,,34.206925,-118.21372,EB/NB 2 TO EB 210 CN,19.08
2024-12-17 08:45:00,716576,210,E,OR,,,,,,,,34.179921,-118.167405,ARROYO,22.6
2024-12-17 08:45:00,716577,210,E,OR,60,60,,,,,,34.174756,-118.160407,LINCOLN 1,23.14
2024-12-17 08:45:00,716580,210,E,OR,0,0,,,,,,34.160546,-118.158748,MOUNTAIN 2,24.16
2024-12-17 08:45:00,716585,210,E,OR,,,,,,,,34.151691,-118.142523,MARENGO,25.72
2024-12-17 08:45:00,716587,210,E,OR,,,,,,,,34.151658,-118.12944,LAKE NB,26.47
2024-12-17 08:45:00,716589,210,E,OR,30,30,,,,,,34.152187,-118.117782,HILL NB,27.14
2024-12-17 08:45:00,716590,210,E,OR,22,22,,,,,,34.152301,-118.109239,ALLEN,27.63
2024-12-17 08:45:00,716593,210,E,OR,34,34,,,,,,34.151406,-118.091041,SAN GABRIEL,28.68
2024-12-17 08:45:00,716595,210,E,OR,,,,,,,,34.147621,-118.079037,SIERRA MADRE V2,29.44
2024-12-17 08:45:00,769790,210,E,OR,,,,,,,,34.189219,-118.180753,BERKSHIRE,21.58
2024-12-17 08:45:00,769809,210,E,OR,,,,,,,,34.196934,-118.185042,FOOTHILL,20.98
2024-12-17 08:45:00,769820,210,E,OR,,,,,,,,34.205892,-118.198234,ANGELES CREST HWY NB,19.98
2024-12-17 08:45:00,769832,210,E,OR,,,,,,,,34.206745,-118.201533,ANGELES CREST HWY SB,19.78
2024-12-17 08:45:00,769848,210,E,OR,52,52,,,,,,34.211728,-118.228265,OCEAN VIEW,18.18
2024-12-17 08:45:00,769868,210,E,OR,44,44,,,,,,34.218398,-118.239738,LA CRESCENTA,17.38
2024-12-17 08:45:00,769881,210,E,OR,93,93,,,,,,34.221426,-118.245718,PENNSYLVANIA,16.98
2024-12-17 08:45:00,769896,210,E,OR,122,122,,,,,,34.230849,-118.265101,LOWELL / HONOLULU,15.68
2024-12-17 08:45:00,770117,210,E,OR,,,,,,,,34.234317,-118.286992,LA TUNA CANYON,14.39
2024-12-17 08:45:00,770387,210,E,OR,52,,52,,,,,34.206925,-118.21372,EB/NB 2 TO EB 210 CN,19.08
2024-12-17 08:50:00,716576,210,E,OR,,,,,,,,34.179921,-118.167405,ARROYO,22.6
2024-12-17 08:50:00,716577,210,E,OR,60,60,,,,,,34.174756,-118.160407,LINCOLN 1,23.14
2024-12-17 08:50:00,716580,210,E,OR,0,0,,,,,,34.160546,-118.158748,MOUNTAIN 2,24.16
2024-12-17 08:50:00,716585,210,E,OR,,,,,,,,34.151691,-118.142523,MARENGO,25.72
2024-12-17 08:50:00,716587,210,E,OR,,,,,,,,34.151658,-118.12944,LAKE NB,26.47
2024-12-17 08:50:00,716589,210,E,OR,33,33,,,,,,34.152187,-118.117782,HILL NB,27.14
2024-12-17 08:50:00,716590,210,E,OR,29,29,,,,,,34.152301,-118.109239,ALLEN,27.63
2024-12-17 08:50:00,716593,210,E,OR,25,25,,,,,,34.151406,-118.091041,SAN GABRIEL,28.68
2024-12-17 08:50:00,716595,210,E,OR,,,,,,,,34.147621,-118.079037,SIERRA MADRE V2,29.44
2024-12-17 08:50:00,769790,210,E,OR,,,,,,,,34.189219,-118.180753,BERKSHIRE,21.58
2024-12-17 08:50:00,769809,210,E,OR,,,,,,,,34.196934,-118.185042,FOOTHILL,20.98
2024-12-17 08:50:00,769820,210,E,OR,,,,,,,,34.205892,-118.198234,ANGELES CREST HWY NB,19.98
2024-12-17 08:50:00,769832,210,E,OR,,,,,,,,34.206745,-118.201533,ANGELES CREST HWY SB,19.78
2024-12-17 08:50:00,769848,210,E,OR,59,59,,,,,,34.211728,-118.228265,OCEAN VIEW,18.18
2024-12-17 08:50:00,769868,210,E,OR,34,34,,,,,,34.218398,-118.239738,LA CRESCENTA,17.38
2024-12-17 08:50:00,769881,210,E,OR,69,69,,,,,,34.221426,-118.245718,PENNSYLVANIA,16.98
2024-12-17 08:50:00,769896,210,E,OR,113,113,,,,,,34.230849,-118.265101,LOWELL / HONOLULU,15.68
2024-12-17 08:50:00,770117,210,E,OR,,,,,,,,34.234317,-118.286992,LA TUNA CANYON,14.39
2024-12-17 08:50:00,770387,210,E,OR,28,,28,,,,,34.206925,-118.21372,EB/NB 2 TO EB 210 CN,19.08
2024-12-17 08:55:00,716576,210,E,OR,,,,,,,,34.179921,-118.167405,ARROYO,22.6
2024-12-17 08:55:00,716577,210,E,OR,60,60,,,,,,34.174756,-118.160407,LINCOLN 1,23.14
2024-12-17 08:55:00,716580,210,E,OR,0,0,,,,,,34.160546,-118.158748,MOUNTAIN 2,24.16
2024-12-17 08:55:00,716585,210,E,OR,,,,,,,,34.151691,-118.142523,MARENGO,25.72
2024-12-17 08:55:00,716587,210,E,OR,,,,,,,,34.151658,-118.12944,LAKE NB,26.47
2024-12-17 08:55:00,716589,210,E,OR,43,43,,,,,,34.152187,-118.117782,HILL NB,27.14
2024-12-17 08:55:00,716590,210,E,OR,25,25,,,,,,34.152301,-118.109239,ALLEN,27.63
2024-12-17 08:55:00,716593,210,E,OR,42,42,,,,,,34.151406,-118.091041,SAN GABRIEL,28.68
2024-12-17 08:55:00,716595,210,E,OR,,,,,,,,34.147621,-118.079037,SIERRA MADRE V2,29.44
2024-12-17 08:55:00,769790,210,E,OR,,,,,,,,34.189219,-118.180753,BERKSHIRE,21.58
2024-12-17 08:55:00,769809,210,E,OR,,,,,,,,34.196934,-118.185042,FOOTHILL,20.98
2024-12-17 08:55:00,769820,210,E,OR,,,,,,,,34.205892,-118.198234,ANGELES CREST HWY NB,19.98
2024-12-17 08:55:00,769832,210,E,OR,,,,,,,,34.206745,-118.201533,ANGELES CREST HWY SB,19.78
2024-12-17 08:55:00,769848,210,E,OR,39,39,,,,,,34.211728,-118.228265,OCEAN VIEW,18.18
2024-12-17 08:55:00,769868,210,E,OR,38,38,,,,,,34.218398,-118.239738,LA CRESCENTA,17.38
2024-12-17 08:55:00,769881,210,E,OR,84,84,,,,,,34.221426,-118.245718,PENNSYLVANIA,16.98
2024-12-17 08:55:00,769896,210,E,OR,103,103,,,,,,34.230849,-118.265101,LOWELL / HONOLULU,15.68
2024-12-17 08:55:00,770117,210,E,OR,,,,,,,,34.234317,-118.286992,LA TUNA CANYON,14.39
2024-12-17 08:55:00,770387,210,E,OR,36,,36,,,,,34.206925,-118.21372,EB/NB 2 TO EB 210 CN,19.08
2024-12-17 09:00:00,716576,210,E,OR,,,,,,,,34.179921,-118.167405,ARROYO,22.6
2024-12-17 09:00:00,716577,210,E,OR,60,60,,,,,,34.174756,-118.160407,LINCOLN 1,23.14
2024-12-17 09:00:00,716580,210,E,OR,0,0,,,,,,34.160546,-118.158748,MOUNTAIN 2,24.16
2024-12-17 09:00:00,716585,210,E,OR,,,,,,,,34.151691,-118.142523,MARENGO,25.72
2024-12-17 09:00:00,716587,210,E,OR,,,,,,,,34.151658,-118.12944,LAKE NB,26.47
2024-12-17 09:00:00,716589,210,E,OR,31,31,,,,,,34.152187,-118.117782,HILL NB,27.14
2024-12-17 09:00:00,716590,210,E,OR,26,26,,,,,,34.152301,-118.109239,ALLEN,27.63
2024-12-17 09:00:00,716593,210,E,OR,34,34,,,,,,34.151406,-118.091041,SAN GABRIEL,28.68
2024-12-17 09:00:00,716595,210,E,OR,,,,,,,,34.147621,-118.079037,SIERRA MADRE V2,29.44
2024-12-17 09:00:00,769790,210,E,OR,,,,,,,,34.189219,-118.180753,BERKSHIRE,21.58
2024-12-17 09:00:00,769809,210,E,OR,,,,,,,,34.196934,-118.185042,FOOTHILL,20.98
2024-12-17 09:00:00,769820,210,E,OR,,,,,,,,34.205892,-118.198234,ANGELES CREST HWY NB,19.98
2024-12-17 09:00:00,769832,210,E,OR,,,,,,,,34.206745,-118.201533,ANGELES CREST HWY SB,19.78
2024-12-17 09:00:00,769848,210,E,OR,34,34,,,,,,34.211728,-118.228265,OCEAN VIEW,18.18
2024-12-17 09:00:00,769868,210,E,OR,32,32,,,,,,34.218398,-118.239738,LA CRESCENTA,17.38
2024-12-17 09:00:00,769881,210,E,OR,46,46,,,,,,34.221426,-118.245718,PENNSYLVANIA,16.98
2024-12-17 09:00:00,769896,210,E,OR,96,96,,,,,,34.230849,-118.265101,LOWELL / HONOLULU,15.68
2024-12-17 09:00:00,770117,210,E,OR,,,,,,,,34.234317,-118.286992,LA TUNA CANYON,14.39
2024-12-17 09:00:00,770387,210,E,OR,17,,17,,,,,34.206925,-118.21372,EB/NB 2 TO EB 210 CN,19.08
2024-12-17 09:05:00,716576,210,E,OR,,,,,,,,34.179921,-118.167405,ARROYO,22.6
2024-12-17 09:05:00,716577,210,E,OR,60,60,,,,,,34.174756,-118.160407,LINCOLN 1,23.14
2024-12-17 09:05:00,716580,210,E,OR,0,0,,,,,,34.160546,-118.158748,MOUNTAIN 2,24.16
2024-12-17 09:05:00,716585,210,E,OR,,,,,,,,34.151691,-118.142523,MARENGO,25.72
2024-12-17 09:05:00,716587,210,E,OR,,,,,,,,34.151658,-118.12944,LAKE NB,26.47
2024-12-17 09:05:00,716589,210,E,OR,26,26,,,,,,34.152187,-118.117782,HILL NB,27.14
2024-12-17 09:05:00,716590,210,E,OR,48,48,,,,,,34.152301,-118.109239,ALLEN,27.63
2024-12-17 09:05:00,716593,210,E,OR,36,36,,,,,,34.151406,-118.091041,SAN GABRIEL,28.68
2024-12-17 09:05:00,716595,210,E,OR,,,,,,,,34.147621,-118.079037,SIERRA MADRE V2,29.44
2024-12-17 09:05:00,769790,210,E,OR,,,,,,,,34.189219,-118.180753,BERKSHIRE,21.58
2024-12-17 09:05:00,769809,210,E,OR,,,,,,,,34.196934,-118.185042,FOOTHILL,20.98
2024-12-17 09:05:00,769820,210,E,OR,,,,,,,,34.205892,-118.198234,ANGELES CREST HWY NB,19.98
2024-12-17 09:05:00,769832,210,E,OR,,,,,,,,34.206745,-118.201533,ANGELES CREST HWY SB,19.78
2024-12-17 09:05:00,769848,210,E,OR,44,44,,,,,,34.211728,-118.228265,OCEAN VIEW,18.18
2024-12-17 09:05:00,769868,210,E,OR,49,49,,,,,,34.218398,-118.239738,LA CRESCENTA,17.38
2024-12-17 09:05:00,769881,210,E,OR,73,73,,,,,,34.221426,-118.245718,PENNSYLVANIA,16.98
2024-12-17 09:05:00,769896,210,E,OR,91,91,,,,,,34.230849,-118.265101,LOWELL / HONOLULU,15.68
2024-12-17 09:05:00,770117,210,E,OR,,,,,,,,34.234317,-118.286992,LA TUNA CANYON,14.39
2024-12-17 09:05:00,770387,210,E,OR,27,,27,,,,,34.206925,-118.21372,EB/NB 2 TO EB 210 CN,19.08
2024-12-17 09:10:00,716576,210,E,OR,,,,,,,,34.179921,-118.167405,ARROYO,22.6
2024-12-17 09:10:00,716577,210,E,OR,60,60,,,,,,34.174756,-118.160407,LINCOLN 1,23.14
2024-12-17 09:10:00,716580,210,E,OR,0,0,,,,,,34.160546,-118.158748,MOUNTAIN 2,24.16
2024-12-17 09:10:00,716585,210,E,OR,,,,,,,,34.151691,-118.142523,MARENGO,25.72
2024-12-17 09:10:00,716587,210,E,OR,,,,,,,,34.151658,-118.12944,LAKE NB,26.47
2024-12-17 09:10:00,716589,210,E,OR,41,41,,,,,,34.152187,-118.117782,HILL NB,27.14
2024-12-17 09:10:00,716590,210,E,OR,24,24,,,,,,34.152301,-118.109239,ALLEN,27.63
2024-12-17 09:10:00,716593,210,E,OR,32,32,,,,,,34.151406,-118.091041,SAN GABRIEL,28.68
2024-12-17 09:10:00,716595,210,E,OR,,,,,,,,34.147621,-118.079037,SIERRA MADRE V2,29.44
2024-12-17 09:10:00,769790,210,E,OR,,,,,,,,34.189219,-118.180753,BERKSHIRE,21.58
2024-12-17 09:10:00,769809,210,E,OR,,,,,,,,34.196934,-118.185042,FOOTHILL,20.98
2024-12-17 09:10:00,769820,210,E,OR,,,,,,,,34.205892,-118.198234,ANGELES CREST HWY NB,19.98
2024-12-17 09:10:00,769832,210,E,OR,,,,,,,,34.206745,-118.201533,ANGELES CREST HWY SB,19.78
2024-12-17 09:10:00,769848,210,E,OR,36,36,,,,,,34.211728,-118.228265,OCEAN VIEW,18.18
2024-12-17 09:10:00,769868,210,E,OR,21,21,,,,,,34.218398,-118.239738,LA CRESCENTA,17.38
2024-12-17 09:10:00,769881,210,E,OR,59,59,,,,,,34.221426,-118.245718,PENNSYLVANIA,16.98
2024-12-17 09:10:00,769896,210,E,OR,95,95,,,,,,34.230849,-118.265101,LOWELL / HONOLULU,15.68
2024-12-17 09:10:00,770117,210,E,OR,,,,,,,,34.234317,-118.286992,LA TUNA CANYON,14.39
2024-12-17 09:10:00,770387,210,E,OR,0,,0,,,,,34.206925,-118.21372,EB/NB 2 TO EB 210 CN,19.08
2024-12-17 09:15:00,716576,210,E,OR,,,,,,,,34.179921,-118.167405,ARROYO,22.6
2024-12-17 09:15:00,716577,210,E,OR,60,60,,,,,,34.174756,-118.160407,LINCOLN 1,23.14
2024-12-17 09:15:00,716580,210,E,OR,0,0,,,,,,34.160546,-118.158748,MOUNTAIN 2,24.16
2024-12-17 09:15:00,716585,210,E,OR,,,,,,,,34.151691,-118.142523,MARENGO,25.72
2024-12-17 09:15:00,716587,210,E,OR,,,,,,,,34.151658,-118.12944,LAKE NB,26.47
2024-12-17 09:15:00,716589,210,E,OR,32,32,,,,,,34.152187,-118.117782,HILL NB,27.14
2024-12-17 09:15:00,716590,210,E,OR,13,13,,,,,,34.152301,-118.109239,ALLEN,27.63
2024-12-17 09:15:00,716593,210,E,OR,33,33,,,,,,34.151406,-118.091041,SAN GABRIEL,28.68
2024-12-17 09:15:00,716595,210,E,OR,,,,,,,,34.147621,-118.079037,SIERRA MADRE V2,29.44
2024-12-17 09:15:00,769790,210,E,OR,,,,,,,,34.189219,-118.180753,BERKSHIRE,21.58
2024-12-17 09:15:00,769809,210,E,OR,,,,,,,,34.196934,-118.185042,FOOTHILL,20.98
2024-12-17 09:15:00,769820,210,E,OR,,,,,,,,34.205892,-118.198234,ANGELES CREST HWY NB,19.98
2024-12-17 09:15:00,769832,210,E,OR,,,,,,,,34.206745,-118.201533,ANGELES CREST HWY SB,19.78
2024-12-17 09:15:00,769848,210,E,OR,39,39,,,,,,34.211728,-118.228265,OCEAN VIEW,18.18
2024-12-17 09:15:00,769868,210,E,OR,32,32,,,,,,34.218398,-118.239738,LA CRESCENTA,17.38
2024-12-17 09:15:00,769881,210,E,OR,57,57,,,,,,34.221426,-118.245718,PENNSYLVANIA,16.98
2024-12-17 09:15:00,769896,210,E,OR,88,88,,,,,,34.230849,-118.265101,LOWELL / HONOLULU,15.68
2024-12-17 09:15:00,770117,210,E,OR,,,,,,,,34.234317,-118.286992,LA TUNA CANYON,14.39
2024-12-17 09:15:00,770387,210,E,OR,0,,0,,,,,34.206925,-118.21372,EB/NB 2 TO EB 210 CN,19.08
2024-12-17 09:20:00,716576,210,E,OR,,,,,,,,34.179921,-118.167405,ARROYO,22.6
2024-12-17 09:20:00,716577,210,E,OR,60,60,,,,,,34.174756,-118.160407,LINCOLN 1,23.14
2024-12-17 09:20:00,716580,210,E,OR,0,0,,,,,,34.160546,-118.158748,MOUNTAIN 2,24.16
2024-12-17 09:20:00,716585,210,E,OR,,,,,,,,34.151691,-118.142523,MARENGO,25.72
2024-12-17 09:20:00,716587,210,E,OR,,,,,,,,34.151658,-118.12944,LAKE NB,26.47
2024-12-17 09:20:00,716589,210,E,OR,29,29,,,,,,34.152187,-118.117782,HILL NB,27.14
2024-12-17 09:20:00,716590,210,E,OR,24,24,,,,,,34.152301,-118.109239,ALLEN,27.63
2024-12-17 09:20:00,716593,210,E,OR,34,34,,,,,,34.151406,-118.091041,SAN GABRIEL,28.68
2024-12-17 09:20:00,716595,210,E,OR,,,,,,,,34.147621,-118.079037,SIERRA MADRE V2,29.44
2024-12-17 09:20:00,769790,210,E,OR,,,,,,,,34.189219,-118.180753,BERKSHIRE,21.58
2024-12-17 09:20:00,769809,210,E,OR,,,,,,,,34.196934,-118.185042,FOOTHILL,20.98
2024-12-17 09:20:00,769820,210,E,OR,,,,,,,,34.205892,-118.198234,ANGELES CREST HWY NB,19.98
2024-12-17 09:20:00,769832,210,E,OR,,,,,,,,34.206745,-118.201533,ANGELES CREST HWY SB,19.78
2024-12-17 09:20:00,769848,210,E,OR,22,22,,,,,,34.211728,-118.228265,OCEAN VIEW,18.18
2024-12-17 09:20:00,769868,210,E,OR,23,23,,,,,,34.218398,-118.239738,LA CRESCENTA,17.38
2024-12-17 09:20:00,769881,210,E,OR,60,60,,,,,,34.221426,-118.245718,PENNSYLVANIA,16.98
2024-12-17 09:20:00,769896,210,E,OR,105,105,,,,,,34.230849,-118.265101,LOWELL / HONOLULU,15.68
2024-12-17 09:20:00,770117,210,E,OR,,,,,,,,34.234317,-118.286992,LA TUNA CANYON,14.39
2024-12-17 09:20:00,770387,210,E,OR,0,,0,,,,,34.206925,-118.21372,EB/NB 2 TO EB 210 CN,19.08
2024-12-17 09:25:00,716576,210,E,OR,,,,,,,,34.179921,-118.167405,ARROYO,22.6
2024-12-17 09:25:00,716577,210,E,OR,60,60,,,,,,34.174756,-118.160407,LINCOLN 1,23.14
2024-12-17 09:25:00,716580,210,E,OR,0,0,,,,,,34.160546,-118.158748,MOUNTAIN 2,24.16
2024-12-17 09:25:00,716585,210,E,OR,,,,,,,,34.151691,-118.142523,MARENGO,25.72
2024-12-17 09:25:00,716587,210,E,OR,,,,,,,,34.151658,-118.12944,LAKE NB,26.47
2024-12-17 09:25:00,716589,210,E,OR,41,41,,,,,,34.152187,-118.117782,HILL NB,27.14
2024-12-17 09:25:00,716590,210,E,OR,33,33,,,,,,34.152301,-118.109239,ALLEN,27.63
2024-12-17 09:25:00,716593,210,E,OR,34,34,,,,,,34.151406,-118.091041,SAN GABRIEL,28.68
2024-12-17 09:25:00,716595,210,E,OR,,,,,,,,34.147621,-118.079037,SIERRA MADRE V2,29.44
2024-12-17 09:25:00,769790,210,E,OR,,,,,,,,34.189219,-118.180753,BERKSHIRE,21.58
2024-12-17 09:25:00,769809,210,E,OR,,,,,,,,34.196934,-118.185042,FOOTHILL,20.98
2024-12-17 09:25:00,769820,210,E,OR,,,,,,,,34.205892,-118.198234,ANGELES CREST HWY NB,19.98
2024-12-17 09:25:00,769832,210,E,OR,,,,,,,,34.206745,-118.201533,ANGELES CREST HWY SB,19.78
2024-12-17 09:25:00,769848,210,E,OR,31,31,,,,,,34.211728,-118.228265,OCEAN VIEW,18.18
2024-12-17 09:25:00,769868,210,E,OR,33,33,,,,,,34.218398,-118.239738,LA CRESCENTA,17.38
2024-12-17 09:25:00,769881,210,E,OR,70,70,,,,,,34.221426,-118.245718,PENNSYLVANIA,16.98
2024-12-17 09:25:00,769896,210,E,OR,93,93,,,,,,34.230849,-118.265101,LOWELL / HONOLULU,15.68
2024-12-17 09:25:00,770117,210,E,OR,,,,,,,,34.234317,-118.286992,LA TUNA CANYON,14.39
2024-12-17 09:25:00,770387,210,E,OR,0,,0,,,,,34.206925,-118.21372,EB/NB 2 TO EB 210 CN,19.08
2024-12-17 09:30:00,716576,210,E,OR,,,,,,,,34.179921,-118.167405,ARROYO,22.6
2024-12-17 09:30:00,716577,210,E,OR,60,60,,,,,,34.174756,-118.160407,LINCOLN 1,23.14
2024-12-17 09:30:00,716580,210,E,OR,0,0,,,,,,34.160546,-118.158748,MOUNTAIN 2,24.16
2024-12-17 09:30:00,716585,210,E,OR,,,,,,,,34.151691,-118.142523,MARENGO,25.72
2024-12-17 09:30:00,716587,210,E,OR,,,,,,,,34.151658,-118.12944,LAKE NB,26.47
2024-12-17 09:30:00,716589,210,E,OR,28,28,,,,,,34.152187,-118.117782,HILL NB,27.14
2024-12-17 09:30:00,716590,210,E,OR,18,18,,,,,,34.152301,-118.109239,ALLEN,27.63
2024-12-17 09:30:00,716593,210,E,OR,23,23,,,,,,34.151406,-118.091041,SAN GABRIEL,28.68
2024-12-17 09:30:00,716595,210,E,OR,,,,,,,,34.147621,-118.079037,SIERRA MADRE V2,29.44
2024-12-17 09:30:00,769790,210,E,OR,,,,,,,,34.189219,-118.180753,BERKSHIRE,21.58
2024-12-17 09:30:00,769809,210,E,OR,,,,,,,,34.196934,-118.185042,FOOTHILL,20.98
2024-12-17 09:30:00,769820,210,E,OR,,,,,,,,34.205892,-118.198234,ANGELES CREST HWY NB,19.98
2024-12-17 09:30:00,769832,210,E,OR,,,,,,,,34.206745,-118.201533,ANGELES CREST HWY SB,19.78
2024-12-17 09:30:00,769848,210,E,OR,32,32,,,,,,34.211728,-118.228265,OCEAN VIEW,18.18
2024-12-17 09:30:00,769868,210,E,OR,25,25,,,,,,34.218398,-118.239738,LA CRESCENTA,17.38
2024-12-17 09:30:00,769881,210,E,OR,69,69,,,,,,34.221426,-118.245718,PENNSYLVANIA,16.98
2024-12-17 09:30:00,769896,210,E,OR,69,69,,,,,,34.230849,-118.265101,LOWELL / HONOLULU,15.68
2024-12-17 09:30:00,770117,210,E,OR,,,,,,,,34.234317,-118.286992,LA TUNA CANYON,14.39
2024-12-17 09:30:00,770387,210,E,OR,0,,0,,,,,34.206925,-118.21372,EB/NB 2 TO EB 210 CN,19.08
2024-12-17 09:35:00,716576,210,E,OR,,,,,,,,34.179921,-118.167405,ARROYO,22.6
2024-12-17 09:35:00,716577,210,E,OR,60,60,,,,,,34.174756,-118.160407,LINCOLN 1,23.14
2024-12-17 09:35:00,716580,210,E,OR,0,0,,,,,,34.160546,-118.158748,MOUNTAIN 2,24.16
2024-12-17 09:35:00,716585,210,E,OR,,,,,,,,34.151691,-118.142523,MARENGO,25.72
2024-12-17 09:35:00,716587,210,E,OR,,,,,,,,34.151658,-118.12944,LAKE NB,26.47
2024-12-17 09:35:00,716589,210,E,OR,28,28,,,,,,34.152187,-118.117782,HILL NB,27.14
2024-12-17 09:35:00,716590,210,E,OR,28,28,,,,,,34.152301,-118.109239,ALLEN,27.63
2024-12-17 09:35:00,716593,210,E,OR,39,39,,,,,,34.151406,-118.091041,SAN GABRIEL,28.68
2024-12-17 09:35:00,716595,210,E,OR,,,,,,,,34.147621,-118.079037,SIERRA MADRE V2,29.44
2024-12-17 09:35:00,769790,210,E,OR,,,,,,,,34.189219,-118.180753,BERKSHIRE,21.58
2024-12-17 09:35:00,769809,210,E,OR,,,,,,,,34.196934,-118.185042,FOOTHILL,20.98
2024-12-17 09:35:00,769820,210,E,OR,,,,,,,,34.205892,-118.198234,ANGELES CREST HWY NB,19.98
2024-12-17 09:35:00,769832,210,E,OR,,,,,,,,34.206745,-118.201533,ANGELES CREST HWY SB,19.78
2024-12-17 09:35:00,769848,210,E,OR,29,29,,,,,,34.211728,-118.228265,OCEAN VIEW,18.18
2024-12-17 09:35:00,769868,210,E,OR,13,13,,,,,,34.218398,-118.239738,LA CRESCENTA,17.38
2024-12-17 09:35:00,769881,210,E,OR,55,55,,,,,,34.221426,-118.245718,PENNSYLVANIA,16.98
2024-12-17 09:35:00,769896,210,E,OR,92,92,,,,,,34.230849,-118.265101,LOWELL / HONOLULU,15.68
2024-12-17 09:35:00,770117,210,E,OR,,,,,,,,34.234317,-118.286992,LA TUNA CANYON,14.39
2024-12-17 09:35:00,770387,210,E,OR,0,,0,,,,,34.206925,-118.21372,EB/NB 2 TO EB 210 CN,19.08
2024-12-17 09:40:00,716576,210,E,OR,,,,,,,,34.179921,-118.167405,ARROYO,22.6
2024-12-17 09:40:00,716577,210,E,OR,60,60,,,,,,34.174756,-118.160407,LINCOLN 1,23.14
2024-12-17 09:40:00,716580,210,E,OR,0,0,,,,,,34.160546,-118.158748,MOUNTAIN 2,24.16
2024-12-17 09:40:00,716585,210,E,OR,,,,,,,,34.151691,-118.142523,MARENGO,25.72
2024-12-17 09:40:00,716587,210,E,OR,,,,,,,,34.151658,-118.12944,LAKE NB,26.47
2024-12-17 09:40:00,716589,210,E,OR,36,36,,,,,,34.152187,-118.117782,HILL NB,27.14
2024-12-17 09:40:00,716590,210,E,OR,25,25,,,,,,34.152301,-118.109239,ALLEN,27.63
2024-12-17 09:40:00,716593,210,E,OR,47,47,,,,,,34.151406,-118.091041,SAN GABRIEL,28.68
2024-12-17 09:40:00,716595,210,E,OR,,,,,,,,34.147621,-118.079037,SIERRA MADRE V2,29.44
2024-12-17 09:40:00,769790,210,E,OR,,,,,,,,34.189219,-118.180753,BERKSHIRE,21.58
2024-12-17 09:40:00,769809,210,E,OR,,,,,,,,34.196934,-118.185042,FOOTHILL,20.98
2024-12-17 09:40:00,769820,210,E,OR,,,,,,,,34.205892,-118.198234,ANGELES CREST HWY NB,19.98
2024-12-17 09:40:00,769832,210,E,OR,,,,,,,,34.206745,-118.201533,ANGELES CREST HWY SB,19.78
2024-12-17 09:40:00,769848,210,E,OR,32,32,,,,,,34.211728,-118.228265,OCEAN VIEW,18.18
2024-12-17 09:40:00,769868,210,E,OR,31,31,,,,,,34.218398,-118.239738,LA CRESCENTA,17.38
2024-12-17 09:40:00,769881,210,E,OR,53,53,,,,,,34.221426,-118.245718,PENNSYLVANIA,16.98
2024-12-17 09:40:00,769896,210,E,OR,96,96,,,,,,34.230849,-118.265101,LOWELL / HONOLULU,15.68
2024-12-17 09:40:00,770117,210,E,OR,,,,,,,,34.234317,-118.286992,LA TUNA CANYON,14.39
2024-12-17 09:40:00,770387,210,E,OR,0,,0,,,,,34.206925,-118.21372,EB/NB 2 TO EB 210 CN,19.08
2024-12-17 09:45:00,716576,210,E,OR,,,,,,,,34.179921,-118.167405,ARROYO,22.6
2024-12-17 09:45:00,716577,210,E,OR,60,60,,,,,,34.174756,-118.160407,LINCOLN 1,23.14
2024-12-17 09:45:00,716580,210,E,OR,0,0,,,,,,34.160546,-118.158748,MOUNTAIN 2,24.16
2024-12-17 09:45:00,716585,210,E,OR,,,,,,,,34.151691,-118.142523,MARENGO,25.72
2024-12-17 09:45:00,716587,210,E,OR,,,,,,,,34.151658,-118.12944,LAKE NB,26.47
2024-12-17 09:45:00,716589,210,E,OR,21,21,,,,,,34.152187,-118.117782,HILL NB,27.14
2024-12-17 09:45:00,716590,210,E,OR,20,20,,,,,,34.152301,-118.109239,ALLEN,27.63
2024-12-17 09:45:00,716593,210,E,OR,30,30,,,,,,34.151406,-118.091041,SAN GABRIEL,28.68
2024-12-17 09:45:00,716595,210,E,OR,,,,,,,,34.147621,-118.079037,SIERRA MADRE V2,29.44
2024-12-17 09:45:00,769790,210,E,OR,,,,,,,,34.189219,-118.180753,BERKSHIRE,21.58
2024-12-17 09:45:00,769809,210,E,OR,,,,,,,,34.196934,-118.185042,FOOTHILL,20.98
2024-12-17 09:45:00,769820,210,E,OR,,,,,,,,34.205892,-118.198234,ANGELES CREST HWY NB,19.98
2024-12-17 09:45:00,769832,210,E,OR,,,,,,,,34.206745,-118.201533,ANGELES CREST HWY SB,19.78
2024-12-17 09:45:00,769848,210,E,OR,33,33,,,,,,34.211728,-118.228265,OCEAN VIEW,18.18
2024-12-17 09:45:00,769868,210,E,OR,34,34,,,,,,34.218398,-118.239738,LA CRESCENTA,17.38
2024-12-17 09:45:00,769881,210,E,OR,52,52,,,,,,34.221426,-118.245718,PENNSYLVANIA,16.98
2024-12-17 09:45:00,769896,210,E,OR,93,93,,,,,,34.230849,-118.265101,LOWELL / HONOLULU,15.68
2024-12-17 09:45:00,770117,210,E,OR,,,,,,,,34.234317,-118.286992,LA TUNA CANYON,14.39
2024-12-17 09:45:00,770387,210,E,OR,0,,0,,,,,34.206925,-118.21372,EB/NB 2 TO EB 210 CN,19.08
2024-12-17 09:50:00,716576,210,E,OR,,,,,,,,34.179921,-118.167405,ARROYO,22.6
2024-12-17 09:50:00,716577,210,E,OR,60,60,,,,,,34.174756,-118.160407,LINCOLN 1,23.14
2024-12-17 09:50:00,716580,210,E,OR,0,0,,,,,,34.160546,-118.158748,MOUNTAIN 2,24.16
2024-12-17 09:50:00,716585,210,E,OR,,,,,,,,34.151691,-118.142523,MARENGO,25.72
2024-12-17 09:50:00,716587,210,E,OR,,,,,,,,34.151658,-118.12944,LAKE NB,26.47
2024-12-17 09:50:00,716589,210,E,OR,20,20,,,,,,34.152187,-118.117782,HILL NB,27.14
2024-12-17 09:50:00,716590,210,E,OR,27,27,,,,,,34.152301,-118.109239,ALLEN,27.63
2024-12-17 09:50:00,716593,210,E,OR,35,35,,,,,,34.151406,-118.091041,SAN GABRIEL,28.68
2024-12-17 09:50:00,716595,210,E,OR,,,,,,,,34.147621,-118.079037,SIERRA MADRE V2,29.44
2024-12-17 09:50:00,769790,210,E,OR,,,,,,,,34.189219,-118.180753,BERKSHIRE,21.58
2024-12-17 09:50:00,769809,210,E,OR,,,,,,,,34.196934,-118.185042,FOOTHILL,20.98
2024-12-17 09:50:00,769820,210,E,OR,,,,,,,,34.205892,-118.198234,ANGELES CREST HWY NB,19.98
2024-12-17 09:50:00,769832,210,E,OR,,,,,,,,34.206745,-118.201533,ANGELES CREST HWY SB,19.78
2024-12-17 09:50:00,769848,210,E,OR,42,42,,,,,,34.211728,-118.228265,OCEAN VIEW,18.18
2024-12-17 09:50:00,769868,210,E,OR,30,30,,,,,,34.218398,-118.239738,LA CRESCENTA,17.38
2024-12-17 09:50:00,769881,210,E,OR,52,52,,,,,,34.221426,-118.245718,PENNSYLVANIA,16.98
2024-12-17 09:50:00,769896,210,E,OR,75,75,,,,,,34.230849,-118.265101,LOWELL / HONOLULU,15.68
2024-12-17 09:50:00,770117,210,E,OR,,,,,,,,34.234317,-118.286992,LA TUNA CANYON,14.39
2024-12-17 09:50:00,770387,210,E,OR,0,,0,,,,,34.206925,-118.21372,EB/NB 2 TO EB 210 CN,19.08
2024-12-17 09:55:00,716576,210,E,OR,,,,,,,,34.179921,-118.167405,ARROYO,22.6
2024-12-17 09:55:00,716577,210,E,OR,60,60,,,,,,34.174756,-118.160407,LINCOLN 1,23.14
2024-12-17 09:55:00,716580,210,E,OR,0,0,,,,,,34.160546,-118.158748,MOUNTAIN 2,24.16
2024-12-17 09:55:00,716585,210,E,OR,,,,,,,,34.151691,-118.142523,MARENGO,25.72
2024-12-17 09:55:00,716587,210,E,OR,,,,,,,,34.151658,-118.12944,LAKE NB,26.47
2024-12-17 09:55:00,716589,210,E,OR,37,37,,,,,,34.152187,-118.117782,HILL NB,27.14
2024-12-17 09:55:00,716590,210,E,OR,31,31,,,,,,34.152301,-118.109239,ALLEN,27.63
2024-12-17 09:55:00,716593,210,E,OR,35,35,,,,,,34.151406,-118.091041,SAN GABRIEL,28.68
2024-12-17 09:55:00,716595,210,E,OR,,,,,,,,34.147621,-118.079037,SIERRA MADRE V2,29.44
2024-12-17 09:55:00,769790,210,E,OR,,,,,,,,34.189219,-118.180753,BERKSHIRE,21.58
2024-12-17 09:55:00,769809,210,E,OR,,,,,,,,34.196934,-118.185042,FOOTHILL,20.98
2024-12-17 09:55:00,769820,210,E,OR,,,,,,,,34.205892,-118.198234,ANGELES CREST HWY NB,19.98
2024-12-17 09:55:00,769832,210,E,OR,,,,,,,,34.206745,-118.201533,ANGELES CREST HWY SB,19.78
2024-12-17 09:55:00,769848,210,E,OR,31,31,,,,,,34.211728,-118.228265,OCEAN VIEW,18.18
2024-12-17 09:55:00,769868,210,E,OR,29,29,,,,,,34.218398,-118.239738,LA CRESCENTA,17.38
2024-12-17 09:55:00,769881,210,E,OR,55,55,,,,,,34.221426,-118.245718,PENNSYLVANIA,16.98
2024-12-17 09:55:00,769896,210,E,OR,93,93,,,,,,34.230849,-118.265101,LOWELL / HONOLULU,15.68
2024-12-17 09:55:00,770117,210,E,OR,,,,,,,,34.234317,-118.286992,LA TUNA CANYON,14.39
2024-12-17 09:55:00,770387,210,E,OR,0,,0,,,,,34.206925,-118.21372,EB/NB 2 TO EB 210 CN,19.08
2024-12-17 10:00:00,716576,210,E,OR,,,,,,,,34.179921,-118.167405,ARROYO,22.6
2024-12-17 10:00:00,716577,210,E,OR,60,60,,,,,,34.174756,-118.160407,LINCOLN 1,23.14
2024-12-17 10:00:00,716580,210,E,OR,0,0,,,,,,34.160546,-118.158748,MOUNTAIN 2,24.16
2024-12-17 10:00:00,716585,210,E,OR,,,,,,,,34.151691,-118.142523,MARENGO,25.72
2024-12-17 10:00:00,716587,210,E,OR,,,,,,,,34.151658,-118.12944,LAKE NB,26.47
2024-12-17 10:00:00,716589,210,E,OR,37,37,,,,,,34.152187,-118.117782,HILL NB,27.14
2024-12-17 10:00:00,716590,210,E,OR,23,23,,,,,,34.152301,-118.109239,ALLEN,27.63
2024-12-17 10:00:00,716593,210,E,OR,32,32,,,,,,34.151406,-118.091041,SAN GABRIEL,28.68
2024-12-17 10:00:00,716595,210,E,OR,,,,,,,,34.147621,-118.079037,SIERRA MADRE V2,29.44
2024-12-17 10:00:00,769790,210,E,OR,,,,,,,,34.189219,-118.180753,BERKSHIRE,21.58
2024-12-17 10:00:00,769809,210,E,OR,,,,,,,,34.196934,-118.185042,FOOTHILL,20.98
2024-12-17 10:00:00,769820,210,E,OR,,,,,,,,34.205892,-118.198234,ANGELES CREST HWY NB,19.98
2024-12-17 10:00:00,769832,210,E,OR,,,,,,,,34.206745,-118.201533,ANGELES CREST HWY SB,19.78
2024-12-17 10:00:00,769848,210,E,OR,39,39,,,,,,34.211728,-118.228265,OCEAN VIEW,18.18
2024-12-17 10:00:00,769868,210,E,OR,34,34,,,,,,34.218398,-118.239738,LA CRESCENTA,17.38
2024-12-17 10:00:00,769881,210,E,OR,46,46,,,,,,34.221426,-118.245718,PENNSYLVANIA,16.98
2024-12-17 10:00:00,769896,210,E,OR,100,100,,,,,,34.230849,-118.265101,LOWELL / HONOLULU,15.68
2024-12-17 10:00:00,770117,210,E,OR,,,,,,,,34.234317,-118.286992,LA TUNA CANYON,14.39
2024-12-17 10:00:00,770387,210,E,OR,0,,0,,,,,34.206925,-118.21372,EB/NB 2 TO EB 210 CN,19.08
2024-12-17 10:05:00,716576,210,E,OR,,,,,,,,34.179921,-118.167405,ARROYO,22.6
2024-12-17 10:05:00,716577,210,E,OR,60,60,,,,,,34.174756,-118.160407,LINCOLN 1,23.14
2024-12-17 10:05:00,716580,210,E,OR,0,0,,,,,,34.160546,-118.158748,MOUNTAIN 2,24.16
2024-12-17 10:05:00,716585,210,E,OR,,,,,,,,34.151691,-118.142523,MARENGO,25.72
2024-12-17 10:05:00,716587,210,E,OR,,,,,,,,34.151658,-118.12944,LAKE NB,26.47
2024-12-17 10:05:00,716589,210,E,OR,34,34,,,,,,34.152187,-118.117782,HILL NB,27.14
2024-12-17 10:05:00,716590,210,E,OR,34,34,,,,,,34.152301,-118.109239,ALLEN,27.63
2024-12-17 10:05:00,716593,210,E,OR,41,41,,,,,,34.151406,-118.091041,SAN GABRIEL,28.68
2024-12-17 10:05:00,716595,210,E,OR,,,,,,,,34.147621,-118.079037,SIERRA MADRE V2,29.44
2024-12-17 10:05:00,769790,210,E,OR,,,,,,,,34.189219,-118.180753,BERKSHIRE,21.58
2024-12-17 10:05:00,769809,210,E,OR,,,,,,,,34.196934,-118.185042,FOOTHILL,20.98
2024-12-17 10:05:00,769820,210,E,OR,,,,,,,,34.205892,-118.198234,ANGELES CREST HWY NB,19.98
2024-12-17 10:05:00,769832,210,E,OR,,,,,,,,34.206745,-118.201533,ANGELES CREST HWY SB,19.78
2024-12-17 10:05:00,769848,210,E,OR,30,30,,,,,,34.211728,-118.228265,OCEAN VIEW,18.18
2024-12-17 10:05:00,769868,210,E,OR,32,32,,,,,,34.218398,-118.239738,LA CRESCENTA,17.38
2024-12-17 10:05:00,769881,210,E,OR,50,50,,,,,,34.221426,-118.245718,PENNSYLVANIA,16.98
2024-12-17 10:05:00,769896,210,E,OR,78,78,,,,,,34.230849,-118.265101,LOWELL / HONOLULU,15.68
2024-12-17 10:05:00,770117,210,E,OR,,,,,,,,34.234317,-118.286992,LA TUNA CANYON,14.39
2024-12-17 10:05:00,770387,210,E,OR,0,,0,,,,,34.206925,-118.21372,EB/NB 2 TO EB 210 CN,19.08
2024-12-17 10:10:00,716576,210,E,OR,,,,,,,,34.179921,-118.167405,ARROYO,22.6
2024-12-17 10:10:00,716577,210,E,OR,60,60,,,,,,34.174756,-118.160407,LINCOLN 1,23.14
2024-12-17 10:10:00,716580,210,E,OR,0,0,,,,,,34.160546,-118.158748,MOUNTAIN 2,24.16
2024-12-17 10:10:00,716585,210,E,OR,,,,,,,,34.151691,-118.142523,MARENGO,25.72
2024-12-17 10:10:00,716587,210,E,OR,,,,,,,,34.151658,-118.12944,LAKE NB,26.47
2024-12-17 10:10:00,716589,210,E,OR,22,22,,,,,,34.152187,-118.117782,HILL NB,27.14
2024-12-17 10:10:00,716590,210,E,OR,23,23,,,,,,34.152301,-118.109239,ALLEN,27.63
2024-12-17 10:10:00,716593,210,E,OR,36,36,,,,,,34.151406,-118.091041,SAN GABRIEL,28.68
2024-12-17 10:10:00,716595,210,E,OR,,,,,,,,34.147621,-118.079037,SIERRA MADRE V2,29.44
2024-12-17 10:10:00,769790,210,E,OR,,,,,,,,34.189219,-118.180753,BERKSHIRE,21.58
2024-12-17 10:10:00,769809,210,E,OR,,,,,,,,34.196934,-118.185042,FOOTHILL,20.98
2024-12-17 10:10:00,769820,210,E,OR,,,,,,,,34.205892,-118.198234,ANGELES CREST HWY NB,19.98
2024-12-17 10:10:00,769832,210,E,OR,,,,,,,,34.206745,-118.201533,ANGELES CREST HWY SB,19.78
2024-12-17 10:10:00,769848,210,E,OR,36,36,,,,,,34.211728,-118.228265,OCEAN VIEW,18.18
2024-12-17 10:10:00,769868,210,E,OR,30,30,,,,,,34.218398,-118.239738,LA CRESCENTA,17.38
2024-12-17 10:10:00,769881,210,E,OR,43,43,,,,,,34.221426,-118.245718,PENNSYLVANIA,16.98
2024-12-17 10:10:00,769896,210,E,OR,94,94,,,,,,34.230849,-118.265101,LOWELL / HONOLULU,15.68
2024-12-17 10:10:00,770117,210,E,OR,,,,,,,,34.234317,-118.286992,LA TUNA CANYON,14.39
2024-12-17 10:10:00,770387,210,E,OR,0,,0,,,,,34.206925,-118.21372,EB/NB 2 TO EB 210 CN,19.08
2024-12-17 10:15:00,716576,210,E,OR,,,,,,,,34.179921,-118.167405,ARROYO,22.6
2024-12-17 10:15:00,716577,210,E,OR,60,60,,,,,,34.174756,-118.160407,LINCOLN 1,23.14
2024-12-17 10:15:00,716580,210,E,OR,0,0,,,,,,34.160546,-118.158748,MOUNTAIN 2,24.16
2024-12-17 10:15:00,716585,210,E,OR,,,,,,,,34.151691,-118.142523,MARENGO,25.72
2024-12-17 10:15:00,716587,210,E,OR,,,,,,,,34.151658,-118.12944,LAKE NB,26.47
2024-12-17 10:15:00,716589,210,E,OR,32,32,,,,,,34.152187,-118.117782,HILL NB,27.14
2024-12-17 10:15:00,716590,210,E,OR,32,32,,,,,,34.152301,-118.109239,ALLEN,27.63
2024-12-17 10:15:00,716593,210,E,OR,30,30,,,,,,34.151406,-118.091041,SAN GABRIEL,28.68
2024-12-17 10:15:00,716595,210,E,OR,,,,,,,,34.147621,-118.079037,SIERRA MADRE V2,29.44
2024-12-17 10:15:00,769790,210,E,OR,,,,,,,,34.189219,-118.180753,BERKSHIRE,21.58
2024-12-17 10:15:00,769809,210,E,OR,,,,,,,,34.196934,-118.185042,FOOTHILL,20.98
2024-12-17 10:15:00,769820,210,E,OR,,,,,,,,34.205892,-118.198234,ANGELES CREST HWY NB,19.98
2024-12-17 10:15:00,769832,210,E,OR,,,,,,,,34.206745,-118.201533,ANGELES CREST HWY SB,19.78
2024-12-17 10:15:00,769848,210,E,OR,33,33,,,,,,34.211728,-118.228265,OCEAN VIEW,18.18
2024-12-17 10:15:00,769868,210,E,OR,36,36,,,,,,34.218398,-118.239738,LA CRESCENTA,17.38
2024-12-17 10:15:00,769881,210,E,OR,59,59,,,,,,34.221426,-118.245718,PENNSYLVANIA,16.98
2024-12-17 10:15:00,769896,210,E,OR,75,75,,,,,,34.230849,-118.265101,LOWELL / HONOLULU,15.68
2024-12-17 10:15:00,770117,210,E,OR,,,,,,,,34.234317,-118.286992,LA TUNA CANYON,14.39
2024-12-17 10:15:00,770387,210,E,OR,0,,0,,,,,34.206925,-118.21372,EB/NB 2 TO EB 210 CN,19.08
2024-12-17 10:20:00,716576,210,E,OR,,,,,,,,34.179921,-118.167405,ARROYO,22.6
2024-12-17 10:20:00,716577,210,E,OR,60,60,,,,,,34.174756,-118.160407,LINCOLN 1,23.14
2024-12-17 10:20:00,716580,210,E,OR,0,0,,,,,,34.160546,-118.158748,MOUNTAIN 2,24.16
2024-12-17 10:20:00,716585,210,E,OR,,,,,,,,34.151691,-118.142523,MARENGO,25.72
2024-12-17 10:20:00,716587,210,E,OR,,,,,,,,34.151658,-118.12944,LAKE NB,26.47
2024-12-17 10:20:00,716589,210,E,OR,27,27,,,,,,34.152187,-118.117782,HILL NB,27.14
2024-12-17 10:20:00,716590,210,E,OR,24,24,,,,,,34.152301,-118.109239,ALLEN,27.63
2024-12-17 10:20:00,716593,210,E,OR,38,38,,,,,,34.151406,-118.091041,SAN GABRIEL,28.68
2024-12-17 10:20:00,716595,210,E,OR,,,,,,,,34.147621,-118.079037,SIERRA MADRE V2,29.44
2024-12-17 10:20:00,769790,210,E,OR,,,,,,,,34.189219,-118.180753,BERKSHIRE,21.58
2024-12-17 10:20:00,769809,210,E,OR,,,,,,,,34.196934,-118.185042,FOOTHILL,20.98
2024-12-17 10:20:00,769820,210,E,OR,,,,,,,,34.205892,-118.198234,ANGELES CREST HWY NB,19.98
2024-12-17 10:20:00,769832,210,E,OR,,,,,,,,34.206745,-118.201533,ANGELES CREST HWY SB,19.78
2024-12-17 10:20:00,769848,210,E,OR,30,30,,,,,,34.211728,-118.228265,OCEAN VIEW,18.18
2024-12-17 10:20:00,769868,210,E,OR,35,35,,,,,,34.218398,-118.239738,LA CRESCENTA,17.38
2024-12-17 10:20:00,769881,210,E,OR,41,41,,,,,,34.221426,-118.245718,PENNSYLVANIA,16.98
2024-12-17 10:20:00,769896,210,E,OR,84,84,,,,,,34.230849,-118.265101,LOWELL / HONOLULU,15.68
2024-12-17 10:20:00,770117,210,E,OR,,,,,,,,34.234317,-118.286992,LA TUNA CANYON,14.39
2024-12-17 10:20:00,770387,210,E,OR,0,,0,,,,,34.206925,-118.21372,EB/NB 2 TO EB 210 CN,19.08
2024-12-17 10:25:00,716576,210,E,OR,,,,,,,,34.179921,-118.167405,ARROYO,22.6
2024-12-17 10:25:00,716577,210,E,OR,60,60,,,,,,34.174756,-118.160407,LINCOLN 1,23.14
2024-12-17 10:25:00,716580,210,E,OR,0,0,,,,,,34.160546,-118.158748,MOUNTAIN 2,24.16
2024-12-17 10:25:00,716585,210,E,OR,,,,,,,,34.151691,-118.142523,MARENGO,25.72
2024-12-17 10:25:00,716587,210,E,OR,,,,,,,,34.151658,-118.12944,LAKE NB,26.47
2024-12-17 10:25:00,716589,210,E,OR,46,46,,,,,,34.152187,-118.117782,HILL NB,27.14
2024-12-17 10:25:00,716590,210,E,OR,21,21,,,,,,34.152301,-118.109239,ALLEN,27.63
2024-12-17 10:25:00,716593,210,E,OR,37,37,,,,,,34.151406,-118.091041,SAN GABRIEL,28.68
2024-12-17 10:25:00,716595,210,E,OR,,,,,,,,34.147621,-118.079037,SIERRA MADRE V2,29.44
2024-12-17 10:25:00,769790,210,E,OR,,,,,,,,34.189219,-118.180753,BERKSHIRE,21.58
2024-12-17 10:25:00,769809,210,E,OR,,,,,,,,34.196934,-118.185042,FOOTHILL,20.98
2024-12-17 10:25:00,769820,210,E,OR,,,,,,,,34.205892,-118.198234,ANGELES CREST HWY NB,19.98
2024-12-17 10:25:00,769832,210,E,OR,,,,,,,,34.206745,-118.201533,ANGELES CREST HWY SB,19.78
2024-12-17 10:25:00,769848,210,E,OR,40,40,,,,,,34.211728,-118.228265,OCEAN VIEW,18.18
2024-12-17 10:25:00,769868,210,E,OR,13,13,,,,,,34.218398,-118.239738,LA CRESCENTA,17.38
2024-12-17 10:25:00,769881,210,E,OR,26,26,,,,,,34.221426,-118.245718,PENNSYLVANIA,16.98
2024-12-17 10:25:00,769896,210,E,OR,68,68,,,,,,34.230849,-118.265101,LOWELL / HONOLULU,15.68
2024-12-17 10:25:00,770117,210,E,OR,,,,,,,,34.234317,-118.286992,LA TUNA CANYON,14.39
2024-12-17 10:25:00,770387,210,E,OR,0,,0,,,,,34.206925,-118.21372,EB/NB 2 TO EB 210 CN,19.08
2024-12-17 10:30:00,716576,210,E,OR,,,,,,,,34.179921,-118.167405,ARROYO,22.6
2024-12-17 10:30:00,716577,210,E,OR,60,60,,,,,,34.174756,-118.160407,LINCOLN 1,23.14
2024-12-17 10:30:00,716580,210,E,OR,0,0,,,,,,34.160546,-118.158748,MOUNTAIN 2,24.16
2024-12-17 10:30:00,716585,210,E,OR,,,,,,,,34.151691,-118.142523,MARENGO,25.72
2024-12-17 10:30:00,716587,210,E,OR,,,,,,,,34.151658,-118.12944,LAKE NB,26.47
2024-12-17 10:30:00,716589,210,E,OR,34,34,,,,,,34.152187,-118.117782,HILL NB,27.14
2024-12-17 10:30:00,716590,210,E,OR,25,25,,,,,,34.152301,-118.109239,ALLEN,27.63
2024-12-17 10:30:00,716593,210,E,OR,32,32,,,,,,34.151406,-118.091041,SAN GABRIEL,28.68
2024-12-17 10:30:00,716595,210,E,OR,,,,,,,,34.147621,-118.079037,SIERRA MADRE V2,29.44
2024-12-17 10:30:00,769790,210,E,OR,,,,,,,,34.189219,-118.180753,BERKSHIRE,21.58
2024-12-17 10:30:00,769809,210,E,OR,,,,,,,,34.196934,-118.185042,FOOTHILL,20.98
2024-12-17 10:30:00,769820,210,E,OR,,,,,,,,34.205892,-118.198234,ANGELES CREST HWY NB,19.98
2024-12-17 10:30:00,769832,210,E,OR,,,,,,,,34.206745,-118.201533,ANGELES CREST HWY SB,19.78
2024-12-17 10:30:00,769848,210,E,OR,33,33,,,,,,34.211728,-118.228265,OCEAN VIEW,18.18
2024-12-17 10:30:00,769868,210,E,OR,39,39,,,,,,34.218398,-118.239738,LA CRESCENTA,17.38
2024-12-17 10:30:00,769881,210,E,OR,55,55,,,,,,34.221426,-118.245718,PENNSYLVANIA,16.98
2024-12-17 10:30:00,769896,210,E,OR,87,87,,,,,,34.230849,-118.265101,LOWELL / HONOLULU,15.68
2024-12-17 10:30:00,770117,210,E,OR,,,,,,,,34.234317,-118.286992,LA TUNA CANYON,14.39
2024-12-17 10:30:00,770387,210,E,OR,0,,0,,,,,34.206925,-118.21372,EB/NB 2 TO EB 210 CN,19.08
2024-12-17 10:35:00,716576,210,E,OR,,,,,,,,34.179921,-118.167405,ARROYO,22.6
2024-12-17 10:35:00,716577,210,E,OR,60,60,,,,,,34.174756,-118.160407,LINCOLN 1,23.14
2024-12-17 10:35:00,716580,210,E,OR,0,0,,,,,,34.160546,-118.158748,MOUNTAIN 2,24.16
2024-12-17 10:35:00,716585,210,E,OR,,,,,,,,34.151691,-118.142523,MARENGO,25.72
2024-12-17 10:35:00,716587,210,E,OR,,,,,,,,34.151658,-118.12944,LAKE NB,26.47
2024-12-17 10:35:00,716589,210,E,OR,34,34,,,,,,34.152187,-118.117782,HILL NB,27.14
2024-12-17 10:35:00,716590,210,E,OR,31,31,,,,,,34.152301,-118.109239,ALLEN,27.63
2024-12-17 10:35:00,716593,210,E,OR,36,36,,,,,,34.151406,-118.091041,SAN GABRIEL,28.68
2024-12-17 10:35:00,716595,210,E,OR,,,,,,,,34.147621,-118.079037,SIERRA MADRE V2,29.44
2024-12-17 10:35:00,769790,210,E,OR,,,,,,,,34.189219,-118.180753,BERKSHIRE,21.58
2024-12-17 10:35:00,769809,210,E,OR,,,,,,,,34.196934,-118.185042,FOOTHILL,20.98
2024-12-17 10:35:00,769820,210,E,OR,,,,,,,,34.205892,-118.198234,ANGELES CREST HWY NB,19.98
2024-12-17 10:35:00,769832,210,E,OR,,,,,,,,34.206745,-118.201533,ANGELES CREST HWY SB,19.78
2024-12-17 10:35:00,769848,210,E,OR,39,39,,,,,,34.211728,-118.228265,OCEAN VIEW,18.18
2024-12-17 10:35:00,769868,210,E,OR,28,28,,,,,,34.218398,-118.239738,LA CRESCENTA,17.38
2024-12-17 10:35:00,769881,210,E,OR,48,48,,,,,,34.221426,-118.245718,PENNSYLVANIA,16.98
2024-12-17 10:35:00,769896,210,E,OR,97,97,,,,,,34.230849,-118.265101,LOWELL / HONOLULU,15.68
2024-12-17 10:35:00,770117,210,E,OR,,,,,,,,34.234317,-118.286992,LA TUNA CANYON,14.39
2024-12-17 10:35:00,770387,210,E,OR,0,,0,,,,,34.206925,-118.21372,EB/NB 2 TO EB 210 CN,19.08
2024-12-17 10:40:00,716576,210,E,OR,,,,,,,,34.179921,-118.167405,ARROYO,22.6
2024-12-17 10:40:00,716577,210,E,OR,60,60,,,,,,34.174756,-118.160407,LINCOLN 1,23.14
2024-12-17 10:40:00,716580,210,E,OR,0,0,,,,,,34.160546,-118.158748,MOUNTAIN 2,24.16
2024-12-17 10:40:00,716585,210,E,OR,,,,,,,,34.151691,-118.142523,MARENGO,25.72
2024-12-17 10:40:00,716587,210,E,OR,,,,,,,,34.151658,-118.12944,LAKE NB,26.47
2024-12-17 10:40:00,716589,210,E,OR,38,38,,,,,,34.152187,-118.117782,HILL NB,27.14
2024-12-17 10:40:00,716590,210,E,OR,27,27,,,,,,34.152301,-118.109239,ALLEN,27.63
2024-12-17 10:40:00,716593,210,E,OR,35,35,,,,,,34.151406,-118.091041,SAN GABRIEL,28.68
2024-12-17 10:40:00,716595,210,E,OR,,,,,,,,34.147621,-118.079037,SIERRA MADRE V2,29.44
2024-12-17 10:40:00,769790,210,E,OR,,,,,,,,34.189219,-118.180753,BERKSHIRE,21.58
2024-12-17 10:40:00,769809,210,E,OR,,,,,,,,34.196934,-118.185042,FOOTHILL,20.98
2024-12-17 10:40:00,769820,210,E,OR,,,,,,,,34.205892,-118.198234,ANGELES CREST HWY NB,19.98
2024-12-17 10:40:00,769832,210,E,OR,,,,,,,,34.206745,-118.201533,ANGELES CREST HWY SB,19.78
2024-12-17 10:40:00,769848,210,E,OR,23,23,,,,,,34.211728,-118.228265,OCEAN VIEW,18.18
2024-12-17 10:40:00,769868,210,E,OR,32,32,,,,,,34.218398,-118.239738,LA CRESCENTA,17.38
2024-12-17 10:40:00,769881,210,E,OR,59,59,,,,,,34.221426,-118.245718,PENNSYLVANIA,16.98
2024-12-17 10:40:00,769896,210,E,OR,105,105,,,,,,34.230849,-118.265101,LOWELL / HONOLULU,15.68
2024-12-17 10:40:00,770117,210,E,OR,,,,,,,,34.234317,-118.286992,LA TUNA CANYON,14.39
2024-12-17 10:40:00,770387,210,E,OR,0,,0,,,,,34.206925,-118.21372,EB/NB 2 TO EB 210 CN,19.08
2024-12-17 10:45:00,716576,210,E,OR,,,,,,,,34.179921,-118.167405,ARROYO,22.6
2024-12-17 10:45:00,716577,210,E,OR,60,60,,,,,,34.174756,-118.160407,LINCOLN 1,23.14
2024-12-17 10:45:00,716580,210,E,OR,0,0,,,,,,34.160546,-118.158748,MOUNTAIN 2,24.16
2024-12-17 10:45:00,716585,210,E,OR,,,,,,,,34.151691,-118.142523,MARENGO,25.72
2024-12-17 10:45:00,716587,210,E,OR,,,,,,,,34.151658,-118.12944,LAKE NB,26.47
2024-12-17 10:45:00,716589,210,E,OR,33,33,,,,,,34.152187,-118.117782,HILL NB,27.14
2024-12-17 10:45:00,716590,210,E,OR,33,33,,,,,,34.152301,-118.109239,ALLEN,27.63
2024-12-17 10:45:00,716593,210,E,OR,42,42,,,,,,34.151406,-118.091041,SAN GABRIEL,28.68
2024-12-17 10:45:00,716595,210,E,OR,,,,,,,,34.147621,-118.079037,SIERRA MADRE V2,29.44
2024-12-17 10:45:00,769790,210,E,OR,,,,,,,,34.189219,-118.180753,BERKSHIRE,21.58
2024-12-17 10:45:00,769809,210,E,OR,,,,,,,,34.196934,-118.185042,FOOTHILL,20.98
2024-12-17 10:45:00,769820,210,E,OR,,,,,,,,34.205892,-118.198234,ANGELES CREST HWY NB,19.98
2024-12-17 10:45:00,769832,210,E,OR,,,,,,,,34.206745,-118.201533,ANGELES CREST HWY SB,19.78
2024-12-17 10:45:00,769848,210,E,OR,42,42,,,,,,34.211728,-118.228265,OCEAN VIEW,18.18
2024-12-17 10:45:00,769868,210,E,OR,55,55,,,,,,34.218398,-118.239738,LA CRESCENTA,17.38
2024-12-17 10:45:00,769881,210,E,OR,59,59,,,,,,34.221426,-118.245718,PENNSYLVANIA,16.98
2024-12-17 10:45:00,769896,210,E,OR,93,93,,,,,,34.230849,-118.265101,LOWELL / HONOLULU,15.68
2024-12-17 10:45:00,770117,210,E,OR,,,,,,,,34.234317,-118.286992,LA TUNA CANYON,14.39
2024-12-17 10:45:00,770387,210,E,OR,0,,0,,,,,34.206925,-118.21372,EB/NB 2 TO EB 210 CN,19.08
2024-12-17 10:50:00,716576,210,E,OR,,,,,,,,34.179921,-118.167405,ARROYO,22.6
2024-12-17 10:50:00,716577,210,E,OR,60,60,,,,,,34.174756,-118.160407,LINCOLN 1,23.14
2024-12-17 10:50:00,716580,210,E,OR,0,0,,,,,,34.160546,-118.158748,MOUNTAIN 2,24.16
2024-12-17 10:50:00,716585,210,E,OR,,,,,,,,34.151691,-118.142523,MARENGO,25.72
2024-12-17 10:50:00,716587,210,E,OR,,,,,,,,34.151658,-118.12944,LAKE NB,26.47
2024-12-17 10:50:00,716589,210,E,OR,34,34,,,,,,34.152187,-118.117782,HILL NB,27.14
2024-12-17 10:50:00,716590,210,E,OR,28,28,,,,,,34.152301,-118.109239,ALLEN,27.63
2024-12-17 10:50:00,716593,210,E,OR,32,32,,,,,,34.151406,-118.091041,SAN GABRIEL,28.68
2024-12-17 10:50:00,716595,210,E,OR,,,,,,,,34.147621,-118.079037,SIERRA MADRE V2,29.44
2024-12-17 10:50:00,769790,210,E,OR,,,,,,,,34.189219,-118.180753,BERKSHIRE,21.58
2024-12-17 10:50:00,769809,210,E,OR,,,,,,,,34.196934,-118.185042,FOOTHILL,20.98
2024-12-17 10:50:00,769820,210,E,OR,,,,,,,,34.205892,-118.198234,ANGELES CREST HWY NB,19.98
2024-12-17 10:50:00,769832,210,E,OR,,,,,,,,34.206745,-118.201533,ANGELES CREST HWY SB,19.78
2024-12-17 10:50:00,769848,210,E,OR,38,38,,,,,,34.211728,-118.228265,OCEAN VIEW,18.18
2024-12-17 10:50:00,769868,210,E,OR,43,43,,,,,,34.218398,-118.239738,LA CRESCENTA,17.38
2024-12-17 10:50:00,769881,210,E,OR,46,46,,,,,,34.221426,-118.245718,PENNSYLVANIA,16.98
2024-12-17 10:50:00,769896,210,E,OR,86,86,,,,,,34.230849,-118.265101,LOWELL / HONOLULU,15.68
2024-12-17 10:50:00,770117,210,E,OR,,,,,,,,34.234317,-118.286992,LA TUNA CANYON,14.39
2024-12-17 10:50:00,770387,210,E,OR,0,,0,,,,,34.206925,-118.21372,EB/NB 2 TO EB 210 CN,19.08
2024-12-17 10:55:00,716576,210,E,OR,,,,,,,,34.179921,-118.167405,ARROYO,22.6
2024-12-17 10:55:00,716577,210,E,OR,60,60,,,,,,34.174756,-118.160407,LINCOLN 1,23.14
2024-12-17 10:55:00,716580,210,E,OR,0,0,,,,,,34.160546,-118.158748,MOUNTAIN 2,24.16
2024-12-17 10:55:00,716585,210,E,OR,,,,,,,,34.151691,-118.142523,MARENGO,25.72
2024-12-17 10:55:00,716587,210,E,OR,,,,,,,,34.151658,-118.12944,LAKE NB,26.47
2024-12-17 10:55:00,716589,210,E,OR,40,40,,,,,,34.152187,-118.117782,HILL NB,27.14
2024-12-17 10:55:00,716590,210,E,OR,28,28,,,,,,34.152301,-118.109239,ALLEN,27.63
2024-12-17 10:55:00,716593,210,E,OR,27,27,,,,,,34.151406,-118.091041,SAN GABRIEL,28.68
2024-12-17 10:55:00,716595,210,E,OR,,,,,,,,34.147621,-118.079037,SIERRA MADRE V2,29.44
2024-12-17 10:55:00,769790,210,E,OR,,,,,,,,34.189219,-118.180753,BERKSHIRE,21.58
2024-12-17 10:55:00,769809,210,E,OR,,,,,,,,34.196934,-118.185042,FOOTHILL,20.98
2024-12-17 10:55:00,769820,210,E,OR,,,,,,,,34.205892,-118.198234,ANGELES CREST HWY NB,19.98
2024-12-17 10:55:00,769832,210,E,OR,,,,,,,,34.206745,-118.201533,ANGELES CREST HWY SB,19.78
2024-12-17 10:55:00,769848,210,E,OR,34,34,,,,,,34.211728,-118.228265,OCEAN VIEW,18.18
2024-12-17 10:55:00,769868,210,E,OR,42,42,,,,,,34.218398,-118.239738,LA CRESCENTA,17.38
2024-12-17 10:55:00,769881,210,E,OR,44,44,,,,,,34.221426,-118.245718,PENNSYLVANIA,16.98
2024-12-17 10:55:00,769896,210,E,OR,101,101,,,,,,34.230849,-118.265101,LOWELL / HONOLULU,15.68
2024-12-17 10:55:00,770117,210,E,OR,,,,,,,,34.234317,-118.286992,LA TUNA CANYON,14.39
2024-12-17 10:55:00,770387,210,E,OR,0,,0,,,,,34.206925,-118.21372,EB/NB 2 TO EB 210 CN,19.08
2024-12-17 11:00:00,716576,210,E,OR,,,,,,,,34.179921,-118.167405,ARROYO,22.6
2024-12-17 11:00:00,716577,210,E,OR,60,60,,,,,,34.174756,-118.160407,LINCOLN 1,23.14
2024-12-17 11:00:00,716580,210,E,OR,0,0,,,,,,34.160546,-118.158748,MOUNTAIN 2,24.16
2024-12-17 11:00:00,716585,210,E,OR,,,,,,,,34.151691,-118.142523,MARENGO,25.72
2024-12-17 11:00:00,716587,210,E,OR,,,,,,,,34.151658,-118.12944,LAKE NB,26.47
2024-12-17 11:00:00,716589,210,E,OR,30,30,,,,,,34.152187,-118.117782,HILL NB,27.14
2024-12-17 11:00:00,716590,210,E,OR,23,23,,,,,,34.152301,-118.109239,ALLEN,27.63
2024-12-17 11:00:00,716593,210,E,OR,29,29,,,,,,34.151406,-118.091041,SAN GABRIEL,28.68
2024-12-17 11:00:00,716595,210,E,OR,,,,,,,,34.147621,-118.079037,SIERRA MADRE V2,29.44
2024-12-17 11:00:00,769790,210,E,OR,,,,,,,,34.189219,-118.180753,BERKSHIRE,21.58
2024-12-17 11:00:00,769809,210,E,OR,,,,,,,,34.196934,-118.185042,FOOTHILL,20.98
2024-12-17 11:00:00,769820,210,E,OR,,,,,,,,34.205892,-118.198234,ANGELES CREST HWY NB,19.98
2024-12-17 11:00:00,769832,210,E,OR,,,,,,,,34.206745,-118.201533,ANGELES CREST HWY SB,19.78
2024-12-17 11:00:00,769848,210,E,OR,22,22,,,,,,34.211728,-118.228265,OCEAN VIEW,18.18
2024-12-17 11:00:00,769868,210,E,OR,39,39,,,,,,34.218398,-118.239738,LA CRESCENTA,17.38
2024-12-17 11:00:00,769881,210,E,OR,25,25,,,,,,34.221426,-118.245718,PENNSYLVANIA,16.98
2024-12-17 11:00:00,769896,210,E,OR,56,56,,,,,,34.230849,-118.265101,LOWELL / HONOLULU,15.68
2024-12-17 11:00:00,770117,210,E,OR,,,,,,,,34.234317,-118.286992,LA TUNA CANYON,14.39
2024-12-17 11:00:00,770387,210,E,OR,0,,0,,,,,34.206925,-118.21372,EB/NB 2 TO EB 210 CN,19.08
2024-12-17 11:05:00,716576,210,E,OR,,,,,,,,34.179921,-118.167405,ARROYO,22.6
2024-12-17 11:05:00,716577,210,E,OR,60,60,,,,,,34.174756,-118.160407,LINCOLN 1,23.14
2024-12-17 11:05:00,716580,210,E,OR,0,0,,,,,,34.160546,-118.158748,MOUNTAIN 2,24.16
2024-12-17 11:05:00,716585,210,E,OR,,,,,,,,34.151691,-118.142523,MARENGO,25.72
2024-12-17 11:05:00,716587,210,E,OR,,,,,,,,34.151658,-118.12944,LAKE NB,26.47
2024-12-17 11:05:00,716589,210,E,OR,47,47,,,,,,34.152187,-118.117782,HILL NB,27.14
2024-12-17 11:05:00,716590,210,E,OR,26,26,,,,,,34.152301,-118.109239,ALLEN,27.63
2024-12-17 11:05:00,716593,210,E,OR,26,26,,,,,,34.151406,-118.091041,SAN GABRIEL,28.68
2024-12-17 11:05:00,716595,210,E,OR,,,,,,,,34.147621,-118.079037,SIERRA MADRE V2,29.44
2024-12-17 11:05:00,769790,210,E,OR,,,,,,,,34.189219,-118.180753,BERKSHIRE,21.58
2024-12-17 11:05:00,769809,210,E,OR,,,,,,,,34.196934,-118.185042,FOOTHILL,20.98
2024-12-17 11:05:00,769820,210,E,OR,,,,,,,,34.205892,-118.198234,ANGELES CREST HWY NB,19.98
2024-12-17 11:05:00,769832,210,E,OR,,,,,,,,34.206745,-118.201533,ANGELES CREST HWY SB,19.78
2024-12-17 11:05:00,769848,210,E,OR,33,33,,,,,,34.211728,-118.228265,OCEAN VIEW,18.18
2024-12-17 11:05:00,769868,210,E,OR,32,32,,,,,,34.218398,-118.239738,LA CRESCENTA,17.38
2024-12-17 11:05:00,769881,210,E,OR,24,24,,,,,,34.221426,-118.245718,PENNSYLVANIA,16.98
2024-12-17 11:05:00,769896,210,E,OR,80,80,,,,,,34.230849,-118.265101,LOWELL / HONOLULU,15.68
2024-12-17 11:05:00,770117,210,E,OR,,,,,,,,34.234317,-118.286992,LA TUNA CANYON,14.39
2024-12-17 11:05:00,770387,210,E,OR,0,,0,,,,,34.206925,-118.21372,EB/NB 2 TO EB 210 CN,19.08
2024-12-17 11:10:00,716576,210,E,OR,,,,,,,,34.179921,-118.167405,ARROYO,22.6
2024-12-17 11:10:00,716577,210,E,OR,60,60,,,,,,34.174756,-118.160407,LINCOLN 1,23.14
2024-12-17 11:10:00,716580,210,E,OR,0,0,,,,,,34.160546,-118.158748,MOUNTAIN 2,24.16
2024-12-17 11:10:00,716585,210,E,OR,,,,,,,,34.151691,-118.142523,MARENGO,25.72
2024-12-17 11:10:00,716587,210,E,OR,,,,,,,,34.151658,-118.12944,LAKE NB,26.47
2024-12-17 11:10:00,716589,210,E,OR,48,48,,,,,,34.152187,-118.117782,HILL NB,27.14
2024-12-17 11:10:00,716590,210,E,OR,31,31,,,,,,34.152301,-118.109239,ALLEN,27.63
2024-12-17 11:10:00,716593,210,E,OR,41,41,,,,,,34.151406,-118.091041,SAN GABRIEL,28.68
2024-12-17 11:10:00,716595,210,E,OR,,,,,,,,34.147621,-118.079037,SIERRA MADRE V2,29.44
2024-12-17 11:10:00,769790,210,E,OR,,,,,,,,34.189219,-118.180753,BERKSHIRE,21.58
2024-12-17 11:10:00,769809,210,E,OR,,,,,,,,34.196934,-118.185042,FOOTHILL,20.98
2024-12-17 11:10:00,769820,210,E,OR,,,,,,,,34.205892,-118.198234,ANGELES CREST HWY NB,19.98
2024-12-17 11:10:00,769832,210,E,OR,,,,,,,,34.206745,-118.201533,ANGELES CREST HWY SB,19.78
2024-12-17 11:10:00,769848,210,E,OR,23,23,,,,,,34.211728,-118.228265,OCEAN VIEW,18.18
2024-12-17 11:10:00,769868,210,E,OR,37,37,,,,,,34.218398,-118.239738,LA CRESCENTA,17.38
2024-12-17 11:10:00,769881,210,E,OR,47,47,,,,,,34.221426,-118.245718,PENNSYLVANIA,16.98
2024-12-17 11:10:00,769896,210,E,OR,73,73,,,,,,34.230849,-118.265101,LOWELL / HONOLULU,15.68
2024-12-17 11:10:00,770117,210,E,OR,,,,,,,,34.234317,-118.286992,LA TUNA CANYON,14.39
2024-12-17 11:10:00,770387,210,E,OR,0,,0,,,,,34.206925,-118.21372,EB/NB 2 TO EB 210 CN,19.08
2024-12-17 11:15:00,716576,210,E,OR,,,,,,,,34.179921,-118.167405,ARROYO,22.6
2024-12-17 11:15:00,716577,210,E,OR,60,60,,,,,,34.174756,-118.160407,LINCOLN 1,23.14
2024-12-17 11:15:00,716580,210,E,OR,0,0,,,,,,34.160546,-118.158748,MOUNTAIN 2,24.16
2024-12-17 11:15:00,716585,210,E,OR,,,,,,,,34.151691,-118.142523,MARENGO,25.72
2024-12-17 11:15:00,716587,210,E,OR,,,,,,,,34.151658,-118.12944,LAKE NB,26.47
2024-12-17 11:15:00,716589,210,E,OR,38,38,,,,,,34.152187,-118.117782,HILL NB,27.14
2024-12-17 11:15:00,716590,210,E,OR,28,28,,,,,,34.152301,-118.109239,ALLEN,27.63
2024-12-17 11:15:00,716593,210,E,OR,28,28,,,,,,34.151406,-118.091041,SAN GABRIEL,28.68
2024-12-17 11:15:00,716595,210,E,OR,,,,,,,,34.147621,-118.079037,SIERRA MADRE V2,29.44
2024-12-17 11:15:00,769790,210,E,OR,,,,,,,,34.189219,-118.180753,BERKSHIRE,21.58
2024-12-17 11:15:00,769809,210,E,OR,,,,,,,,34.196934,-118.185042,FOOTHILL,20.98
2024-12-17 11:15:00,769820,210,E,OR,,,,,,,,34.205892,-118.198234,ANGELES CREST HWY NB,19.98
2024-12-17 11:15:00,769832,210,E,OR,,,,,,,,34.206745,-118.201533,ANGELES CREST HWY SB,19.78
2024-12-17 11:15:00,769848,210,E,OR,38,38,,,,,,34.211728,-118.228265,OCEAN VIEW,18.18
2024-12-17 11:15:00,769868,210,E,OR,31,31,,,,,,34.218398,-118.239738,LA CRESCENTA,17.38
2024-12-17 11:15:00,769881,210,E,OR,59,59,,,,,,34.221426,-118.245718,PENNSYLVANIA,16.98
2024-12-17 11:15:00,769896,210,E,OR,78,78,,,,,,34.230849,-118.265101,LOWELL / HONOLULU,15.68
2024-12-17 11:15:00,770117,210,E,OR,,,,,,,,34.234317,-118.286992,LA TUNA CANYON,14.39
2024-12-17 11:15:00,770387,210,E,OR,0,,0,,,,,34.206925,-118.21372,EB/NB 2 TO EB 210 CN,19.08
2024-12-17 11:20:00,716576,210,E,OR,,,,,,,,34.179921,-118.167405,ARROYO,22.6
2024-12-17 11:20:00,716577,210,E,OR,60,60,,,,,,34.174756,-118.160407,LINCOLN 1,23.14
2024-12-17 11:20:00,716580,210,E,OR,0,0,,,,,,34.160546,-118.158748,MOUNTAIN 2,24.16
2024-12-17 11:20:00,716585,210,E,OR,,,,,,,,34.151691,-118.142523,MARENGO,25.72
2024-12-17 11:20:00,716587,210,E,OR,,,,,,,,34.151658,-118.12944,LAKE NB,26.47
2024-12-17 11:20:00,716589,210,E,OR,44,44,,,,,,34.152187,-118.117782,HILL NB,27.14
2024-12-17 11:20:00,716590,210,E,OR,20,20,,,,,,34.152301,-118.109239,ALLEN,27.63
2024-12-17 11:20:00,716593,210,E,OR,34,34,,,,,,34.151406,-118.091041,SAN GABRIEL,28.68
2024-12-17 11:20:00,716595,210,E,OR,,,,,,,,34.147621,-118.079037,SIERRA MADRE V2,29.44
2024-12-17 11:20:00,769790,210,E,OR,,,,,,,,34.189219,-118.180753,BERKSHIRE,21.58
2024-12-17 11:20:00,769809,210,E,OR,,,,,,,,34.196934,-118.185042,FOOTHILL,20.98
2024-12-17 11:20:00,769820,210,E,OR,,,,,,,,34.205892,-118.198234,ANGELES CREST HWY NB,19.98
2024-12-17 11:20:00,769832,210,E,OR,,,,,,,,34.206745,-118.201533,ANGELES CREST HWY SB,19.78
2024-12-17 11:20:00,769848,210,E,OR,37,37,,,,,,34.211728,-118.228265,OCEAN VIEW,18.18
2024-12-17 11:20:00,769868,210,E,OR,34,34,,,,,,34.218398,-118.239738,LA CRESCENTA,17.38
2024-12-17 11:20:00,769881,210,E,OR,41,41,,,,,,34.221426,-118.245718,PENNSYLVANIA,16.98
2024-12-17 11:20:00,769896,210,E,OR,68,68,,,,,,34.230849,-118.265101,LOWELL / HONOLULU,15.68
2024-12-17 11:20:00,770117,210,E,OR,,,,,,,,34.234317,-118.286992,LA TUNA CANYON,14.39
2024-12-17 11:20:00,770387,210,E,OR,0,,0,,,,,34.206925,-118.21372,EB/NB 2 TO EB 210 CN,19.08
2024-12-17 11:25:00,716576,210,E,OR,,,,,,,,34.179921,-118.167405,ARROYO,22.6
2024-12-17 11:25:00,716577,210,E,OR,60,60,,,,,,34.174756,-118.160407,LINCOLN 1,23.14
2024-12-17 11:25:00,716580,210,E,OR,0,0,,,,,,34.160546,-118.158748,MOUNTAIN 2,24.16
2024-12-17 11:25:00,716585,210,E,OR,,,,,,,,34.151691,-118.142523,MARENGO,25.72
2024-12-17 11:25:00,716587,210,E,OR,,,,,,,,34.151658,-118.12944,LAKE NB,26.47
2024-12-17 11:25:00,716589,210,E,OR,47,47,,,,,,34.152187,-118.117782,HILL NB,27.14
2024-12-17 11:25:00,716590,210,E,OR,28,28,,,,,,34.152301,-118.109239,ALLEN,27.63
2024-12-17 11:25:00,716593,210,E,OR,40,40,,,,,,34.151406,-118.091041,SAN GABRIEL,28.68
2024-12-17 11:25:00,716595,210,E,OR,,,,,,,,34.147621,-118.079037,SIERRA MADRE V2,29.44
2024-12-17 11:25:00,769790,210,E,OR,,,,,,,,34.189219,-118.180753,BERKSHIRE,21.58
2024-12-17 11:25:00,769809,210,E,OR,,,,,,,,34.196934,-118.185042,FOOTHILL,20.98
2024-12-17 11:25:00,769820,210,E,OR,,,,,,,,34.205892,-118.198234,ANGELES CREST HWY NB,19.98
2024-12-17 11:25:00,769832,210,E,OR,,,,,,,,34.206745,-118.201533,ANGELES CREST HWY SB,19.78
2024-12-17 11:25:00,769848,210,E,OR,34,34,,,,,,34.211728,-118.228265,OCEAN VIEW,18.18
2024-12-17 11:25:00,769868,210,E,OR,22,22,,,,,,34.218398,-118.239738,LA CRESCENTA,17.38
2024-12-17 11:25:00,769881,210,E,OR,55,55,,,,,,34.221426,-118.245718,PENNSYLVANIA,16.98
2024-12-17 11:25:00,769896,210,E,OR,79,79,,,,,,34.230849,-118.265101,LOWELL / HONOLULU,15.68
2024-12-17 11:25:00,770117,210,E,OR,,,,,,,,34.234317,-118.286992,LA TUNA CANYON,14.39
2024-12-17 11:25:00,770387,210,E,OR,0,,0,,,,,34.206925,-118.21372,EB/NB 2 TO EB 210 CN,19.08
2024-12-17 11:30:00,716576,210,E,OR,,,,,,,,34.179921,-118.167405,ARROYO,22.6
2024-12-17 11:30:00,716577,210,E,OR,60,60,,,,,,34.174756,-118.160407,LINCOLN 1,23.14
2024-12-17 11:30:00,716580,210,E,OR,0,0,,,,,,34.160546,-118.158748,MOUNTAIN 2,24.16
2024-12-17 11:30:00,716585,210,E,OR,,,,,,,,34.151691,-118.142523,MARENGO,25.72
2024-12-17 11:30:00,716587,210,E,OR,,,,,,,,34.151658,-118.12944,LAKE NB,26.47
2024-12-17 11:30:00,716589,210,E,OR,48,48,,,,,,34.152187,-118.117782,HILL NB,27.14
2024-12-17 11:30:00,716590,210,E,OR,30,30,,,,,,34.152301,-118.109239,ALLEN,27.63
2024-12-17 11:30:00,716593,210,E,OR,30,30,,,,,,34.151406,-118.091041,SAN GABRIEL,28.68
2024-12-17 11:30:00,716595,210,E,OR,,,,,,,,34.147621,-118.079037,SIERRA MADRE V2,29.44
2024-12-17 11:30:00,769790,210,E,OR,,,,,,,,34.189219,-118.180753,BERKSHIRE,21.58
2024-12-17 11:30:00,769809,210,E,OR,,,,,,,,34.196934,-118.185042,FOOTHILL,20.98
2024-12-17 11:30:00,769820,210,E,OR,,,,,,,,34.205892,-118.198234,ANGELES CREST HWY NB,19.98
2024-12-17 11:30:00,769832,210,E,OR,,,,,,,,34.206745,-118.201533,ANGELES CREST HWY SB,19.78
2024-12-17 11:30:00,769848,210,E,OR,40,40,,,,,,34.211728,-118.228265,OCEAN VIEW,18.18
2024-12-17 11:30:00,769868,210,E,OR,33,33,,,,,,34.218398,-118.239738,LA CRESCENTA,17.38
2024-12-17 11:30:00,769881,210,E,OR,15,15,,,,,,34.221426,-118.245718,PENNSYLVANIA,16.98
2024-12-17 11:30:00,769896,210,E,OR,74,74,,,,,,34.230849,-118.265101,LOWELL / HONOLULU,15.68
2024-12-17 11:30:00,770117,210,E,OR,,,,,,,,34.234317,-118.286992,LA TUNA CANYON,14.39
2024-12-17 11:30:00,770387,210,E,OR,0,,0,,,,,34.206925,-118.21372,EB/NB 2 TO EB 210 CN,19.08
2024-12-17 11:35:00,716576,210,E,OR,,,,,,,,34.179921,-118.167405,ARROYO,22.6
2024-12-17 11:35:00,716577,210,E,OR,60,60,,,,,,34.174756,-118.160407,LINCOLN 1,23.14
2024-12-17 11:35:00,716580,210,E,OR,0,0,,,,,,34.160546,-118.158748,MOUNTAIN 2,24.16
2024-12-17 11:35:00,716585,210,E,OR,,,,,,,,34.151691,-118.142523,MARENGO,25.72
2024-12-17 11:35:00,716587,210,E,OR,,,,,,,,34.151658,-118.12944,LAKE NB,26.47
2024-12-17 11:35:00,716589,210,E,OR,44,44,,,,,,34.152187,-118.117782,HILL NB,27.14
2024-12-17 11:35:00,716590,210,E,OR,30,30,,,,,,34.152301,-118.109239,ALLEN,27.63
2024-12-17 11:35:00,716593,210,E,OR,28,28,,,,,,34.151406,-118.091041,SAN GABRIEL,28.68
2024-12-17 11:35:00,716595,210,E,OR,,,,,,,,34.147621,-118.079037,SIERRA MADRE V2,29.44
2024-12-17 11:35:00,769790,210,E,OR,,,,,,,,34.189219,-118.180753,BERKSHIRE,21.58
2024-12-17 11:35:00,769809,210,E,OR,,,,,,,,34.196934,-118.185042,FOOTHILL,20.98
2024-12-17 11:35:00,769820,210,E,OR,,,,,,,,34.205892,-118.198234,ANGELES CREST HWY NB,19.98
2024-12-17 11:35:00,769832,210,E,OR,,,,,,,,34.206745,-118.201533,ANGELES CREST HWY SB,19.78
2024-12-17 11:35:00,769848,210,E,OR,43,43,,,,,,34.211728,-118.228265,OCEAN VIEW,18.18
2024-12-17 11:35:00,769868,210,E,OR,35,35,,,,,,34.218398,-118.239738,LA CRESCENTA,17.38
2024-12-17 11:35:00,769881,210,E,OR,50,50,,,,,,34.221426,-118.245718,PENNSYLVANIA,16.98
2024-12-17 11:35:00,769896,210,E,OR,89,89,,,,,,34.230849,-118.265101,LOWELL / HONOLULU,15.68
2024-12-17 11:35:00,770117,210,E,OR,,,,,,,,34.234317,-118.286992,LA TUNA CANYON,14.39
2024-12-17 11:35:00,770387,210,E,OR,0,,0,,,,,34.206925,-118.21372,EB/NB 2 TO EB 210 CN,19.08
2024-12-17 11:40:00,716576,210,E,OR,,,,,,,,34.179921,-118.167405,ARROYO,22.6
2024-12-17 11:40:00,716577,210,E,OR,60,60,,,,,,34.174756,-118.160407,LINCOLN 1,23.14
2024-12-17 11:40:00,716580,210,E,OR,0,0,,,,,,34.160546,-118.158748,MOUNTAIN 2,24.16
2024-12-17 11:40:00,716585,210,E,OR,,,,,,,,34.151691,-118.142523,MARENGO,25.72
2024-12-17 11:40:00,716587,210,E,OR,,,,,,,,34.151658,-118.12944,LAKE NB,26.47
2024-12-17 11:40:00,716589,210,E,OR,45,45,,,,,,34.152187,-118.117782,HILL NB,27.14
2024-12-17 11:40:00,716590,210,E,OR,24,24,,,,,,34.152301,-118.109239,ALLEN,27.63
2024-12-17 11:40:00,716593,210,E,OR,39,39,,,,,,34.151406,-118.091041,SAN GABRIEL,28.68
2024-12-17 11:40:00,716595,210,E,OR,,,,,,,,34.147621,-118.079037,SIERRA MADRE V2,29.44
2024-12-17 11:40:00,769790,210,E,OR,,,,,,,,34.189219,-118.180753,BERKSHIRE,21.58
2024-12-17 11:40:00,769809,210,E,OR,,,,,,,,34.196934,-118.185042,FOOTHILL,20.98
2024-12-17 11:40:00,769820,210,E,OR,,,,,,,,34.205892,-118.198234,ANGELES CREST HWY NB,19.98
2024-12-17 11:40:00,769832,210,E,OR,,,,,,,,34.206745,-118.201533,ANGELES CREST HWY SB,19.78
2024-12-17 11:40:00,769848,210,E,OR,33,33,,,,,,34.211728,-118.228265,OCEAN VIEW,18.18
2024-12-17 11:40:00,769868,210,E,OR,61,61,,,,,,34.218398,-118.239738,LA CRESCENTA,17.38
2024-12-17 11:40:00,769881,210,E,OR,38,38,,,,,,34.221426,-118.245718,PENNSYLVANIA,16.98
2024-12-17 11:40:00,769896,210,E,OR,84,84,,,,,,34.230849,-118.265101,LOWELL / HONOLULU,15.68
2024-12-17 11:40:00,770117,210,E,OR,,,,,,,,34.234317,-118.286992,LA TUNA CANYON,14.39
2024-12-17 11:40:00,770387,210,E,OR,0,,0,,,,,34.206925,-118.21372,EB/NB 2 TO EB 210 CN,19.08
2024-12-17 11:45:00,716576,210,E,OR,,,,,,,,34.179921,-118.167405,ARROYO,22.6
2024-12-17 11:45:00,716577,210,E,OR,60,60,,,,,,34.174756,-118.160407,LINCOLN 1,23.14
2024-12-17 11:45:00,716580,210,E,OR,0,0,,,,,,34.160546,-118.158748,MOUNTAIN 2,24.16
2024-12-17 11:45:00,716585,210,E,OR,,,,,,,,34.151691,-118.142523,MARENGO,25.72
2024-12-17 11:45:00,716587,210,E,OR,,,,,,,,34.151658,-118.12944,LAKE NB,26.47
2024-12-17 11:45:00,716589,210,E,OR,39,39,,,,,,34.152187,-118.117782,HILL NB,27.14
2024-12-17 11:45:00,716590,210,E,OR,24,24,,,,,,34.152301,-118.109239,ALLEN,27.63
2024-12-17 11:45:00,716593,210,E,OR,29,29,,,,,,34.151406,-118.091041,SAN GABRIEL,28.68
2024-12-17 11:45:00,716595,210,E,OR,,,,,,,,34.147621,-118.079037,SIERRA MADRE V2,29.44
2024-12-17 11:45:00,769790,210,E,OR,,,,,,,,34.189219,-118.180753,BERKSHIRE,21.58
2024-12-17 11:45:00,769809,210,E,OR,,,,,,,,34.196934,-118.185042,FOOTHILL,20.98
2024-12-17 11:45:00,769820,210,E,OR,,,,,,,,34.205892,-118.198234,ANGELES CREST HWY NB,19.98
2024-12-17 11:45:00,769832,210,E,OR,,,,,,,,34.206745,-118.201533,ANGELES CREST HWY SB,19.78
2024-12-17 11:45:00,769848,210,E,OR,38,38,,,,,,34.211728,-118.228265,OCEAN VIEW,18.18
2024-12-17 11:45:00,769868,210,E,OR,22,22,,,,,,34.218398,-118.239738,LA CRESCENTA,17.38
2024-12-17 11:45:00,769881,210,E,OR,52,52,,,,,,34.221426,-118.245718,PENNSYLVANIA,16.98
2024-12-17 11:45:00,769896,210,E,OR,104,104,,,,,,34.230849,-118.265101,LOWELL / HONOLULU,15.68
2024-12-17 11:45:00,770117,210,E,OR,,,,,,,,34.234317,-118.286992,LA TUNA CANYON,14.39
2024-12-17 11:45:00,770387,210,E,OR,0,,0,,,,,34.206925,-118.21372,EB/NB 2 TO EB 210 CN,19.08
2024-12-17 11:50:00,716576,210,E,OR,,,,,,,,34.179921,-118.167405,ARROYO,22.6
2024-12-17 11:50:00,716577,210,E,OR,60,60,,,,,,34.174756,-118.160407,LINCOLN 1,23.14
2024-12-17 11:50:00,716580,210,E,OR,0,0,,,,,,34.160546,-118.158748,MOUNTAIN 2,24.16
2024-12-17 11:50:00,716585,210,E,OR,,,,,,,,34.151691,-118.142523,MARENGO,25.72
2024-12-17 11:50:00,716587,210,E,OR,,,,,,,,34.151658,-118.12944,LAKE NB,26.47
2024-12-17 11:50:00,716589,210,E,OR,36,36,,,,,,34.152187,-118.117782,HILL NB,27.14
2024-12-17 11:50:00,716590,210,E,OR,35,35,,,,,,34.152301,-118.109239,ALLEN,27.63
2024-12-17 11:50:00,716593,210,E,OR,30,30,,,,,,34.151406,-118.091041,SAN GABRIEL,28.68
2024-12-17 11:50:00,716595,210,E,OR,,,,,,,,34.147621,-118.079037,SIERRA MADRE V2,29.44
2024-12-17 11:50:00,769790,210,E,OR,,,,,,,,34.189219,-118.180753,BERKSHIRE,21.58
2024-12-17 11:50:00,769809,210,E,OR,,,,,,,,34.196934,-118.185042,FOOTHILL,20.98
2024-12-17 11:50:00,769820,210,E,OR,,,,,,,,34.205892,-118.198234,ANGELES CREST HWY NB,19.98
2024-12-17 11:50:00,769832,210,E,OR,,,,,,,,34.206745,-118.201533,ANGELES CREST HWY SB,19.78
2024-12-17 11:50:00,769848,210,E,OR,28,28,,,,,,34.211728,-118.228265,OCEAN VIEW,18.18
2024-12-17 11:50:00,769868,210,E,OR,35,35,,,,,,34.218398,-118.239738,LA CRESCENTA,17.38
2024-12-17 11:50:00,769881,210,E,OR,48,48,,,,,,34.221426,-118.245718,PENNSYLVANIA,16.98
2024-12-17 11:50:00,769896,210,E,OR,90,90,,,,,,34.230849,-118.265101,LOWELL / HONOLULU,15.68
2024-12-17 11:50:00,770117,210,E,OR,,,,,,,,34.234317,-118.286992,LA TUNA CANYON,14.39
2024-12-17 11:50:00,770387,210,E,OR,0,,0,,,,,34.206925,-118.21372,EB/NB 2 TO EB 210 CN,19.08
2024-12-17 11:55:00,716576,210,E,OR,,,,,,,,34.179921,-118.167405,ARROYO,22.6
2024-12-17 11:55:00,716577,210,E,OR,60,60,,,,,,34.174756,-118.160407,LINCOLN 1,23.14
2024-12-17 11:55:00,716580,210,E,OR,0,0,,,,,,34.160546,-118.158748,MOUNTAIN 2,24.16
2024-12-17 11:55:00,716585,210,E,OR,,,,,,,,34.151691,-118.142523,MARENGO,25.72
2024-12-17 11:55:00,716587,210,E,OR,,,,,,,,34.151658,-118.12944,LAKE NB,26.47
2024-12-17 11:55:00,716589,210,E,OR,41,41,,,,,,34.152187,-118.117782,HILL NB,27.14
2024-12-17 11:55:00,716590,210,E,OR,27,27,,,,,,34.152301,-118.109239,ALLEN,27.63
2024-12-17 11:55:00,716593,210,E,OR,38,38,,,,,,34.151406,-118.091041,SAN GABRIEL,28.68
2024-12-17 11:55:00,716595,210,E,OR,,,,,,,,34.147621,-118.079037,SIERRA MADRE V2,29.44
2024-12-17 11:55:00,769790,210,E,OR,,,,,,,,34.189219,-118.180753,BERKSHIRE,21.58
2024-12-17 11:55:00,769809,210,E,OR,,,,,,,,34.196934,-118.185042,FOOTHILL,20.98
2024-12-17 11:55:00,769820,210,E,OR,,,,,,,,34.205892,-118.198234,ANGELES CREST HWY NB,19.98
2024-12-17 11:55:00,769832,210,E,OR,,,,,,,,34.206745,-118.201533,ANGELES CREST HWY SB,19.78
2024-12-17 11:55:00,769848,210,E,OR,26,26,,,,,,34.211728,-118.228265,OCEAN VIEW,18.18
2024-12-17 11:55:00,769868,210,E,OR,49,49,,,,,,34.218398,-118.239738,LA CRESCENTA,17.38
2024-12-17 11:55:00,769881,210,E,OR,40,40,,,,,,34.221426,-118.245718,PENNSYLVANIA,16.98
2024-12-17 11:55:00,769896,210,E,OR,70,70,,,,,,34.230849,-118.265101,LOWELL / HONOLULU,15.68
2024-12-17 11:55:00,770117,210,E,OR,,,,,,,,34.234317,-118.286992,LA TUNA CANYON,14.39
2024-12-17 11:55:00,770387,210,E,OR,0,,0,,,,,34.206925,-118.21372,EB/NB 2 TO EB 210 CN,19.08
2024-12-17 12:00:00,716576,210,E,OR,,,,,,,,34.179921,-118.167405,ARROYO,22.6
2024-12-17 12:00:00,716577,210,E,OR,60,60,,,,,,34.174756,-118.160407,LINCOLN 1,23.14
2024-12-17 12:00:00,716580,210,E,OR,0,0,,,,,,34.160546,-118.158748,MOUNTAIN 2,24.16
2024-12-17 12:00:00,716585,210,E,OR,,,,,,,,34.151691,-118.142523,MARENGO,25.72
2024-12-17 12:00:00,716587,210,E,OR,,,,,,,,34.151658,-118.12944,LAKE NB,26.47
2024-12-17 12:00:00,716589,210,E,OR,33,33,,,,,,34.152187,-118.117782,HILL NB,27.14
2024-12-17 12:00:00,716590,210,E,OR,16,16,,,,,,34.152301,-118.109239,ALLEN,27.63
2024-12-17 12:00:00,716593,210,E,OR,36,36,,,,,,34.151406,-118.091041,SAN GABRIEL,28.68
2024-12-17 12:00:00,716595,210,E,OR,,,,,,,,34.147621,-118.079037,SIERRA MADRE V2,29.44
2024-12-17 12:00:00,769790,210,E,OR,,,,,,,,34.189219,-118.180753,BERKSHIRE,21.58
2024-12-17 12:00:00,769809,210,E,OR,,,,,,,,34.196934,-118.185042,FOOTHILL,20.98
2024-12-17 12:00:00,769820,210,E,OR,,,,,,,,34.205892,-118.198234,ANGELES CREST HWY NB,19.98
2024-12-17 12:00:00,769832,210,E,OR,,,,,,,,34.206745,-118.201533,ANGELES CREST HWY SB,19.78
2024-12-17 12:00:00,769848,210,E,OR,31,31,,,,,,34.211728,-118.228265,OCEAN VIEW,18.18
2024-12-17 12:00:00,769868,210,E,OR,37,37,,,,,,34.218398,-118.239738,LA CRESCENTA,17.38
2024-12-17 12:00:00,769881,210,E,OR,34,34,,,,,,34.221426,-118.245718,PENNSYLVANIA,16.98
2024-12-17 12:00:00,769896,210,E,OR,57,57,,,,,,34.230849,-118.265101,LOWELL / HONOLULU,15.68
2024-12-17 12:00:00,770117,210,E,OR,,,,,,,,34.234317,-118.286992,LA TUNA CANYON,14.39
2024-12-17 12:00:00,770387,210,E,OR,0,,0,,,,,34.206925,-118.21372,EB/NB 2 TO EB 210 CN,19.08
2024-12-17 12:05:00,716576,210,E,OR,,,,,,,,34.179921,-118.167405,ARROYO,22.6
2024-12-17 12:05:00,716577,210,E,OR,60,60,,,,,,34.174756,-118.160407,LINCOLN 1,23.14
2024-12-17 12:05:00,716580,210,E,OR,0,0,,,,,,34.160546,-118.158748,MOUNTAIN 2,24.16
2024-12-17 12:05:00,716585,210,E,OR,,,,,,,,34.151691,-118.142523,MARENGO,25.72
2024-12-17 12:05:00,716587,210,E,OR,,,,,,,,34.151658,-118.12944,LAKE NB,26.47
2024-12-17 12:05:00,716589,210,E,OR,51,51,,,,,,34.152187,-118.117782,HILL NB,27.14
2024-12-17 12:05:00,716590,210,E,OR,22,22,,,,,,34.152301,-118.109239,ALLEN,27.63
2024-12-17 12:05:00,716593,210,E,OR,27,27,,,,,,34.151406,-118.091041,SAN GABRIEL,28.68
2024-12-17 12:05:00,716595,210,E,OR,,,,,,,,34.147621,-118.079037,SIERRA MADRE V2,29.44
2024-12-17 12:05:00,769790,210,E,OR,,,,,,,,34.189219,-118.180753,BERKSHIRE,21.58
2024-12-17 12:05:00,769809,210,E,OR,,,,,,,,34.196934,-118.185042,FOOTHILL,20.98
2024-12-17 12:05:00,769820,210,E,OR,,,,,,,,34.205892,-118.198234,ANGELES CREST HWY NB,19.98
2024-12-17 12:05:00,769832,210,E,OR,,,,,,,,34.206745,-118.201533,ANGELES CREST HWY SB,19.78
2024-12-17 12:05:00,769848,210,E,OR,35,35,,,,,,34.211728,-118.228265,OCEAN VIEW,18.18
2024-12-17 12:05:00,769868,210,E,OR,45,45,,,,,,34.218398,-118.239738,LA CRESCENTA,17.38
2024-12-17 12:05:00,769881,210,E,OR,55,55,,,,,,34.221426,-118.245718,PENNSYLVANIA,16.98
2024-12-17 12:05:00,769896,210,E,OR,120,120,,,,,,34.230849,-118.265101,LOWELL / HONOLULU,15.68
2024-12-17 12:05:00,770117,210,E,OR,,,,,,,,34.234317,-118.286992,LA TUNA CANYON,14.39
2024-12-17 12:05:00,770387,210,E,OR,0,,0,,,,,34.206925,-118.21372,EB/NB 2 TO EB 210 CN,19.08
2024-12-17 12:10:00,716576,210,E,OR,,,,,,,,34.179921,-118.167405,ARROYO,22.6
2024-12-17 12:10:00,716577,210,E,OR,60,60,,,,,,34.174756,-118.160407,LINCOLN 1,23.14
2024-12-17 12:10:00,716580,210,E,OR,0,0,,,,,,34.160546,-118.158748,MOUNTAIN 2,24.16
2024-12-17 12:10:00,716585,210,E,OR,,,,,,,,34.151691,-118.142523,MARENGO,25.72
2024-12-17 12:10:00,716587,210,E,OR,,,,,,,,34.151658,-118.12944,LAKE NB,26.47
2024-12-17 12:10:00,716589,210,E,OR,42,42,,,,,,34.152187,-118.117782,HILL NB,27.14
2024-12-17 12:10:00,716590,210,E,OR,33,33,,,,,,34.152301,-118.109239,ALLEN,27.63
2024-12-17 12:10:00,716593,210,E,OR,38,38,,,,,,34.151406,-118.091041,SAN GABRIEL,28.68
2024-12-17 12:10:00,716595,210,E,OR,,,,,,,,34.147621,-118.079037,SIERRA MADRE V2,29.44
2024-12-17 12:10:00,769790,210,E,OR,,,,,,,,34.189219,-118.180753,BERKSHIRE,21.58
2024-12-17 12:10:00,769809,210,E,OR,,,,,,,,34.196934,-118.185042,FOOTHILL,20.98
2024-12-17 12:10:00,769820,210,E,OR,,,,,,,,34.205892,-118.198234,ANGELES CREST HWY NB,19.98
2024-12-17 12:10:00,769832,210,E,OR,,,,,,,,34.206745,-118.201533,ANGELES CREST HWY SB,19.78
2024-12-17 12:10:00,769848,210,E,OR,24,24,,,,,,34.211728,-118.228265,OCEAN VIEW,18.18
2024-12-17 12:10:00,769868,210,E,OR,53,53,,,,,,34.218398,-118.239738,LA CRESCENTA,17.38
2024-12-17 12:10:00,769881,210,E,OR,50,50,,,,,,34.221426,-118.245718,PENNSYLVANIA,16.98
2024-12-17 12:10:00,769896,210,E,OR,95,95,,,,,,34.230849,-118.265101,LOWELL / HONOLULU,15.68
2024-12-17 12:10:00,770117,210,E,OR,,,,,,,,34.234317,-118.286992,LA TUNA CANYON,14.39
2024-12-17 12:10:00,770387,210,E,OR,0,,0,,,,,34.206925,-118.21372,EB/NB 2 TO EB 210 CN,19.08
2024-12-17 12:15:00,716576,210,E,OR,,,,,,,,34.179921,-118.167405,ARROYO,22.6
2024-12-17 12:15:00,716577,210,E,OR,60,60,,,,,,34.174756,-118.160407,LINCOLN 1,23.14
2024-12-17 12:15:00,716580,210,E,OR,0,0,,,,,,34.160546,-118.158748,MOUNTAIN 2,24.16
2024-12-17 12:15:00,716585,210,E,OR,,,,,,,,34.151691,-118.142523,MARENGO,25.72
2024-12-17 12:15:00,716587,210,E,OR,,,,,,,,34.151658,-118.12944,LAKE NB,26.47
2024-12-17 12:15:00,716589,210,E,OR,47,47,,,,,,34.152187,-118.117782,HILL NB,27.14
2024-12-17 12:15:00,716590,210,E,OR,36,36,,,,,,34.152301,-118.109239,ALLEN,27.63
2024-12-17 12:15:00,716593,210,E,OR,39,39,,,,,,34.151406,-118.091041,SAN GABRIEL,28.68
2024-12-17 12:15:00,716595,210,E,OR,,,,,,,,34.147621,-118.079037,SIERRA MADRE V2,29.44
2024-12-17 12:15:00,769790,210,E,OR,,,,,,,,34.189219,-118.180753,BERKSHIRE,21.58
2024-12-17 12:15:00,769809,210,E,OR,,,,,,,,34.196934,-118.185042,FOOTHILL,20.98
2024-12-17 12:15:00,769820,210,E,OR,,,,,,,,34.205892,-118.198234,ANGELES CREST HWY NB,19.98
2024-12-17 12:15:00,769832,210,E,OR,,,,,,,,34.206745,-118.201533,ANGELES CREST HWY SB,19.78
2024-12-17 12:15:00,769848,210,E,OR,31,31,,,,,,34.211728,-118.228265,OCEAN VIEW,18.18
2024-12-17 12:15:00,769868,210,E,OR,39,39,,,,,,34.218398,-118.239738,LA CRESCENTA,17.38
2024-12-17 12:15:00,769881,210,E,OR,40,40,,,,,,34.221426,-118.245718,PENNSYLVANIA,16.98
2024-12-17 12:15:00,769896,210,E,OR,80,80,,,,,,34.230849,-118.265101,LOWELL / HONOLULU,15.68
2024-12-17 12:15:00,770117,210,E,OR,,,,,,,,34.234317,-118.286992,LA TUNA CANYON,14.39
2024-12-17 12:15:00,770387,210,E,OR,0,,0,,,,,34.206925,-118.21372,EB/NB 2 TO EB 210 CN,19.08
2024-12-17 12:20:00,716576,210,E,OR,,,,,,,,34.179921,-118.167405,ARROYO,22.6
2024-12-17 12:20:00,716577,210,E,OR,60,60,,,,,,34.174756,-118.160407,LINCOLN 1,23.14
2024-12-17 12:20:00,716580,210,E,OR,0,0,,,,,,34.160546,-118.158748,MOUNTAIN 2,24.16
2024-12-17 12:20:00,716585,210,E,OR,,,,,,,,34.151691,-118.142523,MARENGO,25.72
2024-12-17 12:20:00,716587,210,E,OR,,,,,,,,34.151658,-118.12944,LAKE NB,26.47
2024-12-17 12:20:00,716589,210,E,OR,45,45,,,,,,34.152187,-118.117782,HILL NB,27.14
2024-12-17 12:20:00,716590,210,E,OR,27,27,,,,,,34.152301,-118.109239,ALLEN,27.63
2024-12-17 12:20:00,716593,210,E,OR,34,34,,,,,,34.151406,-118.091041,SAN GABRIEL,28.68
2024-12-17 12:20:00,716595,210,E,OR,,,,,,,,34.147621,-118.079037,SIERRA MADRE V2,29.44
2024-12-17 12:20:00,769790,210,E,OR,,,,,,,,34.189219,-118.180753,BERKSHIRE,21.58
2024-12-17 12:20:00,769809,210,E,OR,,,,,,,,34.196934,-118.185042,FOOTHILL,20.98
2024-12-17 12:20:00,769820,210,E,OR,,,,,,,,34.205892,-118.198234,ANGELES CREST HWY NB,19.98
2024-12-17 12:20:00,769832,210,E,OR,,,,,,,,34.206745,-118.201533,ANGELES CREST HWY SB,19.78
2024-12-17 12:20:00,769848,210,E,OR,43,43,,,,,,34.211728,-118.228265,OCEAN VIEW,18.18
2024-12-17 12:20:00,769868,210,E,OR,39,39,,,,,,34.218398,-118.239738,LA CRESCENTA,17.38
2024-12-17 12:20:00,769881,210,E,OR,35,35,,,,,,34.221426,-118.245718,PENNSYLVANIA,16.98
2024-12-17 12:20:00,769896,210,E,OR,92,92,,,,,,34.230849,-118.265101,LOWELL / HONOLULU,15.68
2024-12-17 12:20:00,770117,210,E,OR,,,,,,,,34.234317,-118.286992,LA TUNA CANYON,14.39
2024-12-17 12:20:00,770387,210,E,OR,0,,0,,,,,34.206925,-118.21372,EB/NB 2 TO EB 210 CN,19.08
2024-12-17 12:25:00,716576,210,E,OR,,,,,,,,34.179921,-118.167405,ARROYO,22.6
2024-12-17 12:25:00,716577,210,E,OR,60,60,,,,,,34.174756,-118.160407,LINCOLN 1,23.14
2024-12-17 12:25:00,716580,210,E,OR,0,0,,,,,,34.160546,-118.158748,MOUNTAIN 2,24.16
2024-12-17 12:25:00,716585,210,E,OR,,,,,,,,34.151691,-118.142523,MARENGO,25.72
2024-12-17 12:25:00,716587,210,E,OR,,,,,,,,34.151658,-118.12944,LAKE NB,26.47
2024-12-17 12:25:00,716589,210,E,OR,40,40,,,,,,34.152187,-118.117782,HILL NB,27.14
2024-12-17 12:25:00,716590,210,E,OR,36,36,,,,,,34.152301,-118.109239,ALLEN,27.63
2024-12-17 12:25:00,716593,210,E,OR,36,36,,,,,,34.151406,-118.091041,SAN GABRIEL,28.68
2024-12-17 12:25:00,716595,210,E,OR,,,,,,,,34.147621,-118.079037,SIERRA MADRE V2,29.44
2024-12-17 12:25:00,769790,210,E,OR,,,,,,,,34.189219,-118.180753,BERKSHIRE,21.58
2024-12-17 12:25:00,769809,210,E,OR,,,,,,,,34.196934,-118.185042,FOOTHILL,20.98
2024-12-17 12:25:00,769820,210,E,OR,,,,,,,,34.205892,-118.198234,ANGELES CREST HWY NB,19.98
2024-12-17 12:25:00,769832,210,E,OR,,,,,,,,34.206745,-118.201533,ANGELES CREST HWY SB,19.78
2024-12-17 12:25:00,769848,210,E,OR,33,33,,,,,,34.211728,-118.228265,OCEAN VIEW,18.18
2024-12-17 12:25:00,769868,210,E,OR,44,44,,,,,,34.218398,-118.239738,LA CRESCENTA,17.38
2024-12-17 12:25:00,769881,210,E,OR,42,42,,,,,,34.221426,-118.245718,PENNSYLVANIA,16.98
2024-12-17 12:25:00,769896,210,E,OR,90,90,,,,,,34.230849,-118.265101,LOWELL / HONOLULU,15.68
2024-12-17 12:25:00,770117,210,E,OR,,,,,,,,34.234317,-118.286992,LA TUNA CANYON,14.39
2024-12-17 12:25:00,770387,210,E,OR,0,,0,,,,,34.206925,-118.21372,EB/NB 2 TO EB 210 CN,19.08
2024-12-17 12:30:00,716576,210,E,OR,,,,,,,,34.179921,-118.167405,ARROYO,22.6
2024-12-17 12:30:00,716577,210,E,OR,60,60,,,,,,34.174756,-118.160407,LINCOLN 1,23.14
2024-12-17 12:30:00,716580,210,E,OR,0,0,,,,,,34.160546,-118.158748,MOUNTAIN 2,24.16
2024-12-17 12:30:00,716585,210,E,OR,,,,,,,,34.151691,-118.142523,MARENGO,25.72
2024-12-17 12:30:00,716587,210,E,OR,,,,,,,,34.151658,-118.12944,LAKE NB,26.47
2024-12-17 12:30:00,716589,210,E,OR,36,36,,,,,,34.152187,-118.117782,HILL NB,27.14
2024-12-17 12:30:00,716590,210,E,OR,28,28,,,,,,34.152301,-118.109239,ALLEN,27.63
2024-12-17 12:30:00,716593,210,E,OR,34,34,,,,,,34.151406,-118.091041,SAN GABRIEL,28.68
2024-12-17 12:30:00,716595,210,E,OR,,,,,,,,34.147621,-118.079037,SIERRA MADRE V2,29.44
2024-12-17 12:30:00,769790,210,E,OR,,,,,,,,34.189219,-118.180753,BERKSHIRE,21.58
2024-12-17 12:30:00,769809,210,E,OR,,,,,,,,34.196934,-118.185042,FOOTHILL,20.98
2024-12-17 12:30:00,769820,210,E,OR,,,,,,,,34.205892,-118.198234,ANGELES CREST HWY NB,19.98
2024-12-17 12:30:00,769832,210,E,OR,,,,,,,,34.206745,-118.201533,ANGELES CREST HWY SB,19.78
2024-12-17 12:30:00,769848,210,E,OR,35,35,,,,,,34.211728,-118.228265,OCEAN VIEW,18.18
2024-12-17 12:30:00,769868,210,E,OR,45,45,,,,,,34.218398,-118.239738,LA CRESCENTA,17.38
2024-12-17 12:30:00,769881,210,E,OR,48,48,,,,,,34.221426,-118.245718,PENNSYLVANIA,16.98
2024-12-17 12:30:00,769896,210,E,OR,77,77,,,,,,34.230849,-118.265101,LOWELL / HONOLULU,15.68
2024-12-17 12:30:00,770117,210,E,OR,,,,,,,,34.234317,-118.286992,LA TUNA CANYON,14.39
2024-12-17 12:30:00,770387,210,E,OR,0,,0,,,,,34.206925,-118.21372,EB/NB 2 TO EB 210 CN,19.08
2024-12-17 12:35:00,716576,210,E,OR,,,,,,,,34.179921,-118.167405,ARROYO,22.6
2024-12-17 12:35:00,716577,210,E,OR,60,60,,,,,,34.174756,-118.160407,LINCOLN 1,23.14
2024-12-17 12:35:00,716580,210,E,OR,0,0,,,,,,34.160546,-118.158748,MOUNTAIN 2,24.16
2024-12-17 12:35:00,716585,210,E,OR,,,,,,,,34.151691,-118.142523,MARENGO,25.72
2024-12-17 12:35:00,716587,210,E,OR,,,,,,,,34.151658,-118.12944,LAKE NB,26.47
2024-12-17 12:35:00,716589,210,E,OR,45,45,,,,,,34.152187,-118.117782,HILL NB,27.14
2024-12-17 12:35:00,716590,210,E,OR,40,40,,,,,,34.152301,-118.109239,ALLEN,27.63
2024-12-17 12:35:00,716593,210,E,OR,33,33,,,,,,34.151406,-118.091041,SAN GABRIEL,28.68
2024-12-17 12:35:00,716595,210,E,OR,,,,,,,,34.147621,-118.079037,SIERRA MADRE V2,29.44
2024-12-17 12:35:00,769790,210,E,OR,,,,,,,,34.189219,-118.180753,BERKSHIRE,21.58
2024-12-17 12:35:00,769809,210,E,OR,,,,,,,,34.196934,-118.185042,FOOTHILL,20.98
2024-12-17 12:35:00,769820,210,E,OR,,,,,,,,34.205892,-118.198234,ANGELES CREST HWY NB,19.98
2024-12-17 12:35:00,769832,210,E,OR,,,,,,,,34.206745,-118.201533,ANGELES CREST HWY SB,19.78
2024-12-17 12:35:00,769848,210,E,OR,42,42,,,,,,34.211728,-118.228265,OCEAN VIEW,18.18
2024-12-17 12:35:00,769868,210,E,OR,45,45,,,,,,34.218398,-118.239738,LA CRESCENTA,17.38
2024-12-17 12:35:00,769881,210,E,OR,51,51,,,,,,34.221426,-118.245718,PENNSYLVANIA,16.98
2024-12-17 12:35:00,769896,210,E,OR,76,76,,,,,,34.230849,-118.265101,LOWELL / HONOLULU,15.68
2024-12-17 12:35:00,770117,210,E,OR,,,,,,,,34.234317,-118.286992,LA TUNA CANYON,14.39
2024-12-17 12:35:00,770387,210,E,OR,0,,0,,,,,34.206925,-118.21372,EB/NB 2 TO EB 210 CN,19.08
2024-12-17 12:40:00,716576,210,E,OR,,,,,,,,34.179921,-118.167405,ARROYO,22.6
2024-12-17 12:40:00,716577,210,E,OR,60,60,,,,,,34.174756,-118.160407,LINCOLN 1,23.14
2024-12-17 12:40:00,716580,210,E,OR,0,0,,,,,,34.160546,-118.158748,MOUNTAIN 2,24.16
2024-12-17 12:40:00,716585,210,E,OR,,,,,,,,34.151691,-118.142523,MARENGO,25.72
2024-12-17 12:40:00,716587,210,E,OR,,,,,,,,34.151658,-118.12944,LAKE NB,26.47
2024-12-17 12:40:00,716589,210,E,OR,52,52,,,,,,34.152187,-118.117782,HILL NB,27.14
2024-12-17 12:40:00,716590,210,E,OR,36,36,,,,,,34.152301,-118.109239,ALLEN,27.63
2024-12-17 12:40:00,716593,210,E,OR,33,33,,,,,,34.151406,-118.091041,SAN GABRIEL,28.68
2024-12-17 12:40:00,716595,210,E,OR,,,,,,,,34.147621,-118.079037,SIERRA MADRE V2,29.44
2024-12-17 12:40:00,769790,210,E,OR,,,,,,,,34.189219,-118.180753,BERKSHIRE,21.58
2024-12-17 12:40:00,769809,210,E,OR,,,,,,,,34.196934,-118.185042,FOOTHILL,20.98
2024-12-17 12:40:00,769820,210,E,OR,,,,,,,,34.205892,-118.198234,ANGELES CREST HWY NB,19.98
2024-12-17 12:40:00,769832,210,E,OR,,,,,,,,34.206745,-118.201533,ANGELES CREST HWY SB,19.78
2024-12-17 12:40:00,769848,210,E,OR,23,23,,,,,,34.211728,-118.228265,OCEAN VIEW,18.18
2024-12-17 12:40:00,769868,210,E,OR,28,28,,,,,,34.218398,-118.239738,LA CRESCENTA,17.38
2024-12-17 12:40:00,769881,210,E,OR,46,46,,,,,,34.221426,-118.245718,PENNSYLVANIA,16.98
2024-12-17 12:40:00,769896,210,E,OR,86,86,,,,,,34.230849,-118.265101,LOWELL / HONOLULU,15.68
2024-12-17 12:40:00,770117,210,E,OR,,,,,,,,34.234317,-118.286992,LA TUNA CANYON,14.39
2024-12-17 12:40:00,770387,210,E,OR,0,,0,,,,,34.206925,-118.21372,EB/NB 2 TO EB 210 CN,19.08
2024-12-17 12:45:00,716576,210,E,OR,,,,,,,,34.179921,-118.167405,ARROYO,22.6
2024-12-17 12:45:00,716577,210,E,OR,60,60,,,,,,34.174756,-118.160407,LINCOLN 1,23.14
2024-12-17 12:45:00,716580,210,E,OR,0,0,,,,,,34.160546,-118.158748,MOUNTAIN 2,24.16
2024-12-17 12:45:00,716585,210,E,OR,,,,,,,,34.151691,-118.142523,MARENGO,25.72
2024-12-17 12:45:00,716587,210,E,OR,,,,,,,,34.151658,-118.12944,LAKE NB,26.47
2024-12-17 12:45:00,716589,210,E,OR,43,43,,,,,,34.152187,-118.117782,HILL NB,27.14
2024-12-17 12:45:00,716590,210,E,OR,33,33,,,,,,34.152301,-118.109239,ALLEN,27.63
2024-12-17 12:45:00,716593,210,E,OR,32,32,,,,,,34.151406,-118.091041,SAN GABRIEL,28.68
2024-12-17 12:45:00,716595,210,E,OR,,,,,,,,34.147621,-118.079037,SIERRA MADRE V2,29.44
2024-12-17 12:45:00,769790,210,E,OR,,,,,,,,34.189219,-118.180753,BERKSHIRE,21.58
2024-12-17 12:45:00,769809,210,E,OR,,,,,,,,34.196934,-118.185042,FOOTHILL,20.98
2024-12-17 12:45:00,769820,210,E,OR,,,,,,,,34.205892,-118.198234,ANGELES CREST HWY NB,19.98
2024-12-17 12:45:00,769832,210,E,OR,,,,,,,,34.206745,-118.201533,ANGELES CREST HWY SB,19.78
2024-12-17 12:45:00,769848,210,E,OR,32,32,,,,,,34.211728,-118.228265,OCEAN VIEW,18.18
2024-12-17 12:45:00,769868,210,E,OR,38,38,,,,,,34.218398,-118.239738,LA CRESCENTA,17.38
2024-12-17 12:45:00,769881,210,E,OR,33,33,,,,,,34.221426,-118.245718,PENNSYLVANIA,16.98
2024-12-17 12:45:00,769896,210,E,OR,92,92,,,,,,34.230849,-118.265101,LOWELL / HONOLULU,15.68
2024-12-17 12:45:00,770117,210,E,OR,,,,,,,,34.234317,-118.286992,LA TUNA CANYON,14.39
2024-12-17 12:45:00,770387,210,E,OR,0,,0,,,,,34.206925,-118.21372,EB/NB 2 TO EB 210 CN,19.08
2024-12-17 12:50:00,716576,210,E,OR,,,,,,,,34.179921,-118.167405,ARROYO,22.6
2024-12-17 12:50:00,716577,210,E,OR,60,60,,,,,,34.174756,-118.160407,LINCOLN 1,23.14
2024-12-17 12:50:00,716580,210,E,OR,0,0,,,,,,34.160546,-118.158748,MOUNTAIN 2,24.16
2024-12-17 12:50:00,716585,210,E,OR,,,,,,,,34.151691,-118.142523,MARENGO,25.72
2024-12-17 12:50:00,716587,210,E,OR,,,,,,,,34.151658,-118.12944,LAKE NB,26.47
2024-12-17 12:50:00,716589,210,E,OR,41,41,,,,,,34.152187,-118.117782,HILL NB,27.14
2024-12-17 12:50:00,716590,210,E,OR,29,29,,,,,,34.152301,-118.109239,ALLEN,27.63
2024-12-17 12:50:00,716593,210,E,OR,37,37,,,,,,34.151406,-118.091041,SAN GABRIEL,28.68
2024-12-17 12:50:00,716595,210,E,OR,,,,,,,,34.147621,-118.079037,SIERRA MADRE V2,29.44
2024-12-17 12:50:00,769790,210,E,OR,,,,,,,,34.189219,-118.180753,BERKSHIRE,21.58
2024-12-17 12:50:00,769809,210,E,OR,,,,,,,,34.196934,-118.185042,FOOTHILL,20.98
2024-12-17 12:50:00,769820,210,E,OR,,,,,,,,34.205892,-118.198234,ANGELES CREST HWY NB,19.98
2024-12-17 12:50:00,769832,210,E,OR,,,,,,,,34.206745,-118.201533,ANGELES CREST HWY SB,19.78
2024-12-17 12:50:00,769848,210,E,OR,39,39,,,,,,34.211728,-118.228265,OCEAN VIEW,18.18
2024-12-17 12:50:00,769868,210,E,OR,59,59,,,,,,34.218398,-118.239738,LA CRESCENTA,17.38
2024-12-17 12:50:00,769881,210,E,OR,42,42,,,,,,34.221426,-118.245718,PENNSYLVANIA,16.98
2024-12-17 12:50:00,769896,210,E,OR,86,86,,,,,,34.230849,-118.265101,LOWELL / HONOLULU,15.68
2024-12-17 12:50:00,770117,210,E,OR,,,,,,,,34.234317,-118.286992,LA TUNA CANYON,14.39
2024-12-17 12:50:00,770387,210,E,OR,0,,0,,,,,34.206925,-118.21372,EB/NB 2 TO EB 210 CN,19.08
2024-12-17 12:55:00,716576,210,E,OR,,,,,,,,34.179921,-118.167405,ARROYO,22.6
2024-12-17 12:55:00,716577,210,E,OR,60,60,,,,,,34.174756,-118.160407,LINCOLN 1,23.14
2024-12-17 12:55:00,716580,210,E,OR,0,0,,,,,,34.160546,-118.158748,MOUNTAIN 2,24.16
2024-12-17 12:55:00,716585,210,E,OR,,,,,,,,34.151691,-118.142523,MARENGO,25.72
2024-12-17 12:55:00,716587,210,E,OR,,,,,,,,34.151658,-118.12944,LAKE NB,26.47
2024-12-17 12:55:00,716589,210,E,OR,51,51,,,,,,34.152187,-118.117782,HILL NB,27.14
2024-12-17 12:55:00,716590,210,E,OR,35,35,,,,,,34.152301,-118.109239,ALLEN,27.63
2024-12-17 12:55:00,716593,210,E,OR,46,46,,,,,,34.151406,-118.091041,SAN GABRIEL,28.68
2024-12-17 12:55:00,716595,210,E,OR,,,,,,,,34.147621,-118.079037,SIERRA MADRE V2,29.44
2024-12-17 12:55:00,769790,210,E,OR,,,,,,,,34.189219,-118.180753,BERKSHIRE,21.58
2024-12-17 12:55:00,769809,210,E,OR,,,,,,,,34.196934,-118.185042,FOOTHILL,20.98
2024-12-17 12:55:00,769820,210,E,OR,,,,,,,,34.205892,-118.198234,ANGELES CREST HWY NB,19.98
2024-12-17 12:55:00,769832,210,E,OR,,,,,,,,34.206745,-118.201533,ANGELES CREST HWY SB,19.78
2024-12-17 12:55:00,769848,210,E,OR,45,45,,,,,,34.211728,-118.228265,OCEAN VIEW,18.18
2024-12-17 12:55:00,769868,210,E,OR,59,59,,,,,,34.218398,-118.239738,LA CRESCENTA,17.38
2024-12-17 12:55:00,769881,210,E,OR,49,49,,,,,,34.221426,-118.245718,PENNSYLVANIA,16.98
2024-12-17 12:55:00,769896,210,E,OR,69,69,,,,,,34.230849,-118.265101,LOWELL / HONOLULU,15.68
2024-12-17 12:55:00,770117,210,E,OR,,,,,,,,34.234317,-118.286992,LA TUNA CANYON,14.39
2024-12-17 12:55:00,770387,210,E,OR,0,,0,,,,,34.206925,-118.21372,EB/NB 2 TO EB 210 CN,19.08
2024-12-17 13:00:00,716576,210,E,OR,,,,,,,,34.179921,-118.167405,ARROYO,22.6
2024-12-17 13:00:00,716577,210,E,OR,60,60,,,,,,34.174756,-118.160407,LINCOLN 1,23.14
2024-12-17 13:00:00,716580,210,E,OR,0,0,,,,,,34.160546,-118.158748,MOUNTAIN 2,24.16
2024-12-17 13:00:00,716585,210,E,OR,,,,,,,,34.151691,-118.142523,MARENGO,25.72
2024-12-17 13:00:00,716587,210,E,OR,,,,,,,,34.151658,-118.12944,LAKE NB,26.47
2024-12-17 13:00:00,716589,210,E,OR,39,39,,,,,,34.152187,-118.117782,HILL NB,27.14
2024-12-17 13:00:00,716590,210,E,OR,24,24,,,,,,34.152301,-118.109239,ALLEN,27.63
2024-12-17 13:00:00,716593,210,E,OR,30,30,,,,,,34.151406,-118.091041,SAN GABRIEL,28.68
2024-12-17 13:00:00,716595,210,E,OR,,,,,,,,34.147621,-118.079037,SIERRA MADRE V2,29.44
2024-12-17 13:00:00,769790,210,E,OR,,,,,,,,34.189219,-118.180753,BERKSHIRE,21.58
2024-12-17 13:00:00,769809,210,E,OR,,,,,,,,34.196934,-118.185042,FOOTHILL,20.98
2024-12-17 13:00:00,769820,210,E,OR,,,,,,,,34.205892,-118.198234,ANGELES CREST HWY NB,19.98
2024-12-17 13:00:00,769832,210,E,OR,,,,,,,,34.206745,-118.201533,ANGELES CREST HWY SB,19.78
2024-12-17 13:00:00,769848,210,E,OR,36,36,,,,,,34.211728,-118.228265,OCEAN VIEW,18.18
2024-12-17 13:00:00,769868,210,E,OR,66,66,,,,,,34.218398,-118.239738,LA CRESCENTA,17.38
2024-12-17 13:00:00,769881,210,E,OR,65,65,,,,,,34.221426,-118.245718,PENNSYLVANIA,16.98
2024-12-17 13:00:00,769896,210,E,OR,74,74,,,,,,34.230849,-118.265101,LOWELL / HONOLULU,15.68
2024-12-17 13:00:00,770117,210,E,OR,,,,,,,,34.234317,-118.286992,LA TUNA CANYON,14.39
2024-12-17 13:00:00,770387,210,E,OR,0,,0,,,,,34.206925,-118.21372,EB/NB 2 TO EB 210 CN,19.08
2024-12-17 13:05:00,716576,210,E,OR,,,,,,,,34.179921,-118.167405,ARROYO,22.6
2024-12-17 13:05:00,716577,210,E,OR,60,60,,,,,,34.174756,-118.160407,LINCOLN 1,23.14
2024-12-17 13:05:00,716580,210,E,OR,0,0,,,,,,34.160546,-118.158748,MOUNTAIN 2,24.16
2024-12-17 13:05:00,716585,210,E,OR,,,,,,,,34.151691,-118.142523,MARENGO,25.72
2024-12-17 13:05:00,716587,210,E,OR,,,,,,,,34.151658,-118.12944,LAKE NB,26.47
2024-12-17 13:05:00,716589,210,E,OR,50,50,,,,,,34.152187,-118.117782,HILL NB,27.14
2024-12-17 13:05:00,716590,210,E,OR,33,33,,,,,,34.152301,-118.109239,ALLEN,27.63
2024-12-17 13:05:00,716593,210,E,OR,45,45,,,,,,34.151406,-118.091041,SAN GABRIEL,28.68
2024-12-17 13:05:00,716595,210,E,OR,,,,,,,,34.147621,-118.079037,SIERRA MADRE V2,29.44
2024-12-17 13:05:00,769790,210,E,OR,,,,,,,,34.189219,-118.180753,BERKSHIRE,21.58
2024-12-17 13:05:00,769809,210,E,OR,,,,,,,,34.196934,-118.185042,FOOTHILL,20.98
2024-12-17 13:05:00,769820,210,E,OR,,,,,,,,34.205892,-118.198234,ANGELES CREST HWY NB,19.98
2024-12-17 13:05:00,769832,210,E,OR,,,,,,,,34.206745,-118.201533,ANGELES CREST HWY SB,19.78
2024-12-17 13:05:00,769848,210,E,OR,48,48,,,,,,34.211728,-118.228265,OCEAN VIEW,18.18
2024-12-17 13:05:00,769868,210,E,OR,57,57,,,,,,34.218398,-118.239738,LA CRESCENTA,17.38
2024-12-17 13:05:00,769881,210,E,OR,55,55,,,,,,34.221426,-118.245718,PENNSYLVANIA,16.98
2024-12-17 13:05:00,769896,210,E,OR,59,59,,,,,,34.230849,-118.265101,LOWELL / HONOLULU,15.68
2024-12-17 13:05:00,770117,210,E,OR,,,,,,,,34.234317,-118.286992,LA TUNA CANYON,14.39
2024-12-17 13:05:00,770387,210,E,OR,7,,7,,,,,34.206925,-118.21372,EB/NB 2 TO EB 210 CN,19.08
2024-12-17 13:10:00,716576,210,E,OR,,,,,,,,34.179921,-118.167405,ARROYO,22.6
2024-12-17 13:10:00,716577,210,E,OR,60,60,,,,,,34.174756,-118.160407,LINCOLN 1,23.14
2024-12-17 13:10:00,716580,210,E,OR,0,0,,,,,,34.160546,-118.158748,MOUNTAIN 2,24.16
2024-12-17 13:10:00,716585,210,E,OR,,,,,,,,34.151691,-118.142523,MARENGO,25.72
2024-12-17 13:10:00,716587,210,E,OR,,,,,,,,34.151658,-118.12944,LAKE NB,26.47
2024-12-17 13:10:00,716589,210,E,OR,35,35,,,,,,34.152187,-118.117782,HILL NB,27.14
2024-12-17 13:10:00,716590,210,E,OR,37,37,,,,,,34.152301,-118.109239,ALLEN,27.63
2024-12-17 13:10:00,716593,210,E,OR,31,31,,,,,,34.151406,-118.091041,SAN GABRIEL,28.68
2024-12-17 13:10:00,716595,210,E,OR,,,,,,,,34.147621,-118.079037,SIERRA MADRE V2,29.44
2024-12-17 13:10:00,769790,210,E,OR,,,,,,,,34.189219,-118.180753,BERKSHIRE,21.58
2024-12-17 13:10:00,769809,210,E,OR,,,,,,,,34.196934,-118.185042,FOOTHILL,20.98
2024-12-17 13:10:00,769820,210,E,OR,,,,,,,,34.205892,-118.198234,ANGELES CREST HWY NB,19.98
2024-12-17 13:10:00,769832,210,E,OR,,,,,,,,34.206745,-118.201533,ANGELES CREST HWY SB,19.78
2024-12-17 13:10:00,769848,210,E,OR,38,38,,,,,,34.211728,-118.228265,OCEAN VIEW,18.18
2024-12-17 13:10:00,769868,210,E,OR,76,76,,,,,,34.218398,-118.239738,LA CRESCENTA,17.38
2024-12-17 13:10:00,769881,210,E,OR,77,77,,,,,,34.221426,-118.245718,PENNSYLVANIA,16.98
2024-12-17 13:10:00,769896,210,E,OR,71,71,,,,,,34.230849,-118.265101,LOWELL / HONOLULU,15.68
2024-12-17 13:10:00,770117,210,E,OR,,,,,,,,34.234317,-118.286992,LA TUNA CANYON,14.39
2024-12-17 13:10:00,770387,210,E,OR,13,,13,,,,,34.206925,-118.21372,EB/NB 2 TO EB 210 CN,19.08
2024-12-17 13:15:00,716576,210,E,OR,,,,,,,,34.179921,-118.167405,ARROYO,22.6
2024-12-17 13:15:00,716577,210,E,OR,60,60,,,,,,34.174756,-118.160407,LINCOLN 1,23.14
2024-12-17 13:15:00,716580,210,E,OR,0,0,,,,,,34.160546,-118.158748,MOUNTAIN 2,24.16
2024-12-17 13:15:00,716585,210,E,OR,,,,,,,,34.151691,-118.142523,MARENGO,25.72
2024-12-17 13:15:00,716587,210,E,OR,,,,,,,,34.151658,-118.12944,LAKE NB,26.47
2024-12-17 13:15:00,716589,210,E,OR,38,38,,,,,,34.152187,-118.117782,HILL NB,27.14
2024-12-17 13:15:00,716590,210,E,OR,28,28,,,,,,34.152301,-118.109239,ALLEN,27.63
2024-12-17 13:15:00,716593,210,E,OR,27,27,,,,,,34.151406,-118.091041,SAN GABRIEL,28.68
2024-12-17 13:15:00,716595,210,E,OR,,,,,,,,34.147621,-118.079037,SIERRA MADRE V2,29.44
2024-12-17 13:15:00,769790,210,E,OR,,,,,,,,34.189219,-118.180753,BERKSHIRE,21.58
2024-12-17 13:15:00,769809,210,E,OR,,,,,,,,34.196934,-118.185042,FOOTHILL,20.98
2024-12-17 13:15:00,769820,210,E,OR,,,,,,,,34.205892,-118.198234,ANGELES CREST HWY NB,19.98
2024-12-17 13:15:00,769832,210,E,OR,,,,,,,,34.206745,-118.201533,ANGELES CREST HWY SB,19.78
2024-12-17 13:15:00,769848,210,E,OR,50,50,,,,,,34.211728,-118.228265,OCEAN VIEW,18.18
2024-12-17 13:15:00,769868,210,E,OR,58,58,,,,,,34.218398,-118.239738,LA CRESCENTA,17.38
2024-12-17 13:15:00,769881,210,E,OR,63,63,,,,,,34.221426,-118.245718,PENNSYLVANIA,16.98
2024-12-17 13:15:00,769896,210,E,OR,60,60,,,,,,34.230849,-118.265101,LOWELL / HONOLULU,15.68
2024-12-17 13:15:00,770117,210,E,OR,,,,,,,,34.234317,-118.286992,LA TUNA CANYON,14.39
2024-12-17 13:15:00,770387,210,E,OR,21,,21,,,,,34.206925,-118.21372,EB/NB 2 TO EB 210 CN,19.08
2024-12-17 13:20:00,716576,210,E,OR,,,,,,,,34.179921,-118.167405,ARROYO,22.6
2024-12-17 13:20:00,716577,210,E,OR,60,60,,,,,,34.174756,-118.160407,LINCOLN 1,23.14
2024-12-17 13:20:00,716580,210,E,OR,0,0,,,,,,34.160546,-118.158748,MOUNTAIN 2,24.16
2024-12-17 13:20:00,716585,210,E,OR,,,,,,,,34.151691,-118.142523,MARENGO,25.72
2024-12-17 13:20:00,716587,210,E,OR,,,,,,,,34.151658,-118.12944,LAKE NB,26.47
2024-12-17 13:20:00,716589,210,E,OR,35,35,,,,,,34.152187,-118.117782,HILL NB,27.14
2024-12-17 13:20:00,716590,210,E,OR,24,24,,,,,,34.152301,-118.109239,ALLEN,27.63
2024-12-17 13:20:00,716593,210,E,OR,30,30,,,,,,34.151406,-118.091041,SAN GABRIEL,28.68
2024-12-17 13:20:00,716595,210,E,OR,,,,,,,,34.147621,-118.079037,SIERRA MADRE V2,29.44
2024-12-17 13:20:00,769790,210,E,OR,,,,,,,,34.189219,-118.180753,BERKSHIRE,21.58
2024-12-17 13:20:00,769809,210,E,OR,,,,,,,,34.196934,-118.185042,FOOTHILL,20.98
2024-12-17 13:20:00,769820,210,E,OR,,,,,,,,34.205892,-118.198234,ANGELES CREST HWY NB,19.98
2024-12-17 13:20:00,769832,210,E,OR,,,,,,,,34.206745,-118.201533,ANGELES CREST HWY SB,19.78
2024-12-17 13:20:00,769848,210,E,OR,42,42,,,,,,34.211728,-118.228265,OCEAN VIEW,18.18
2024-12-17 13:20:00,769868,210,E,OR,51,51,,,,,,34.218398,-118.239738,LA CRESCENTA,17.38
2024-12-17 13:20:00,769881,210,E,OR,63,63,,,,,,34.221426,-118.245718,PENNSYLVANIA,16.98
2024-12-17 13:20:00,769896,210,E,OR,70,70,,,,,,34.230849,-118.265101,LOWELL / HONOLULU,15.68
2024-12-17 13:20:00,770117,210,E,OR,,,,,,,,34.234317,-118.286992,LA TUNA CANYON,14.39
2024-12-17 13:20:00,770387,210,E,OR,19,,19,,,,,34.206925,-118.21372,EB/NB 2 TO EB 210 CN,19.08
2024-12-17 13:25:00,716576,210,E,OR,,,,,,,,34.179921,-118.167405,ARROYO,22.6
2024-12-17 13:25:00,716577,210,E,OR,60,60,,,,,,34.174756,-118.160407,LINCOLN 1,23.14
2024-12-17 13:25:00,716580,210,E,OR,0,0,,,,,,34.160546,-118.158748,MOUNTAIN 2,24.16
2024-12-17 13:25:00,716585,210,E,OR,,,,,,,,34.151691,-118.142523,MARENGO,25.72
2024-12-17 13:25:00,716587,210,E,OR,,,,,,,,34.151658,-118.12944,LAKE NB,26.47
2024-12-17 13:25:00,716589,210,E,OR,45,45,,,,,,34.152187,-118.117782,HILL NB,27.14
2024-12-17 13:25:00,716590,210,E,OR,22,22,,,,,,34.152301,-118.109239,ALLEN,27.63
2024-12-17 13:25:00,716593,210,E,OR,27,27,,,,,,34.151406,-118.091041,SAN GABRIEL,28.68
2024-12-17 13:25:00,716595,210,E,OR,,,,,,,,34.147621,-118.079037,SIERRA MADRE V2,29.44
2024-12-17 13:25:00,769790,210,E,OR,,,,,,,,34.189219,-118.180753,BERKSHIRE,21.58
2024-12-17 13:25:00,769809,210,E,OR,,,,,,,,34.196934,-118.185042,FOOTHILL,20.98
2024-12-17 13:25:00,769820,210,E,OR,,,,,,,,34.205892,-118.198234,ANGELES CREST HWY NB,19.98
2024-12-17 13:25:00,769832,210,E,OR,,,,,,,,34.206745,-118.201533,ANGELES CREST HWY SB,19.78
2024-12-17 13:25:00,769848,210,E,OR,42,42,,,,,,34.211728,-118.228265,OCEAN VIEW,18.18
2024-12-17 13:25:00,769868,210,E,OR,56,56,,,,,,34.218398,-118.239738,LA CRESCENTA,17.38
2024-12-17 13:25:00,769881,210,E,OR,69,69,,,,,,34.221426,-118.245718,PENNSYLVANIA,16.98
2024-12-17 13:25:00,769896,210,E,OR,70,70,,,,,,34.230849,-118.265101,LOWELL / HONOLULU,15.68
2024-12-17 13:25:00,770117,210,E,OR,,,,,,,,34.234317,-118.286992,LA TUNA CANYON,14.39
2024-12-17 13:25:00,770387,210,E,OR,11,,11,,,,,34.206925,-118.21372,EB/NB 2 TO EB 210 CN,19.08
2024-12-17 13:30:00,716576,210,E,OR,,,,,,,,34.179921,-118.167405,ARROYO,22.6
2024-12-17 13:30:00,716577,210,E,OR,60,60,,,,,,34.174756,-118.160407,LINCOLN 1,23.14
2024-12-17 13:30:00,716580,210,E,OR,0,0,,,,,,34.160546,-118.158748,MOUNTAIN 2,24.16
2024-12-17 13:30:00,716585,210,E,OR,,,,,,,,34.151691,-118.142523,MARENGO,25.72
2024-12-17 13:30:00,716587,210,E,OR,,,,,,,,34.151658,-118.12944,LAKE NB,26.47
2024-12-17 13:30:00,716589,210,E,OR,24,24,,,,,,34.152187,-118.117782,HILL NB,27.14
2024-12-17 13:30:00,716590,210,E,OR,29,29,,,,,,34.152301,-118.109239,ALLEN,27.63
2024-12-17 13:30:00,716593,210,E,OR,35,35,,,,,,34.151406,-118.091041,SAN GABRIEL,28.68
2024-12-17 13:30:00,716595,210,E,OR,,,,,,,,34.147621,-118.079037,SIERRA MADRE V2,29.44
2024-12-17 13:30:00,769790,210,E,OR,,,,,,,,34.189219,-118.180753,BERKSHIRE,21.58
2024-12-17 13:30:00,769809,210,E,OR,,,,,,,,34.196934,-118.185042,FOOTHILL,20.98
2024-12-17 13:30:00,769820,210,E,OR,,,,,,,,34.205892,-118.198234,ANGELES CREST HWY NB,19.98
2024-12-17 13:30:00,769832,210,E,OR,,,,,,,,34.206745,-118.201533,ANGELES CREST HWY SB,19.78
2024-12-17 13:30:00,769848,210,E,OR,50,50,,,,,,34.211728,-118.228265,OCEAN VIEW,18.18
2024-12-17 13:30:00,769868,210,E,OR,64,64,,,,,,34.218398,-118.239738,LA CRESCENTA,17.38
2024-12-17 13:30:00,769881,210,E,OR,58,58,,,,,,34.221426,-118.245718,PENNSYLVANIA,16.98
2024-12-17 13:30:00,769896,210,E,OR,79,79,,,,,,34.230849,-118.265101,LOWELL / HONOLULU,15.68
2024-12-17 13:30:00,770117,210,E,OR,,,,,,,,34.234317,-118.286992,LA TUNA CANYON,14.39
2024-12-17 13:30:00,770387,210,E,OR,12,,12,,,,,34.206925,-118.21372,EB/NB 2 TO EB 210 CN,19.08
2024-12-17 13:35:00,716576,210,E,OR,,,,,,,,34.179921,-118.167405,ARROYO,22.6
2024-12-17 13:35:00,716577,210,E,OR,60,60,,,,,,34.174756,-118.160407,LINCOLN 1,23.14
2024-12-17 13:35:00,716580,210,E,OR,0,0,,,,,,34.160546,-118.158748,MOUNTAIN 2,24.16
2024-12-17 13:35:00,716585,210,E,OR,,,,,,,,34.151691,-118.142523,MARENGO,25.72
2024-12-17 13:35:00,716587,210,E,OR,,,,,,,,34.151658,-118.12944,LAKE NB,26.47
2024-12-17 13:35:00,716589,210,E,OR,52,52,,,,,,34.152187,-118.117782,HILL NB,27.14
2024-12-17 13:35:00,716590,210,E,OR,34,34,,,,,,34.152301,-118.109239,ALLEN,27.63
2024-12-17 13:35:00,716593,210,E,OR,32,32,,,,,,34.151406,-118.091041,SAN GABRIEL,28.68
2024-12-17 13:35:00,716595,210,E,OR,,,,,,,,34.147621,-118.079037,SIERRA MADRE V2,29.44
2024-12-17 13:35:00,769790,210,E,OR,,,,,,,,34.189219,-118.180753,BERKSHIRE,21.58
2024-12-17 13:35:00,769809,210,E,OR,,,,,,,,34.196934,-118.185042,FOOTHILL,20.98
2024-12-17 13:35:00,769820,210,E,OR,,,,,,,,34.205892,-118.198234,ANGELES CREST HWY NB,19.98
2024-12-17 13:35:00,769832,210,E,OR,,,,,,,,34.206745,-118.201533,ANGELES CREST HWY SB,19.78
2024-12-17 13:35:00,769848,210,E,OR,34,34,,,,,,34.211728,-118.228265,OCEAN VIEW,18.18
2024-12-17 13:35:00,769868,210,E,OR,46,46,,,,,,34.218398,-118.239738,LA CRESCENTA,17.38
2024-12-17 13:35:00,769881,210,E,OR,54,54,,,,,,34.221426,-118.245718,PENNSYLVANIA,16.98
2024-12-17 13:35:00,769896,210,E,OR,72,72,,,,,,34.230849,-118.265101,LOWELL / HONOLULU,15.68
2024-12-17 13:35:00,770117,210,E,OR,,,,,,,,34.234317,-118.286992,LA TUNA CANYON,14.39
2024-12-17 13:35:00,770387,210,E,OR,13,,13,,,,,34.206925,-118.21372,EB/NB 2 TO EB 210 CN,19.08
2024-12-17 13:40:00,716576,210,E,OR,,,,,,,,34.179921,-118.167405,ARROYO,22.6
2024-12-17 13:40:00,716577,210,E,OR,60,60,,,,,,34.174756,-118.160407,LINCOLN 1,23.14
2024-12-17 13:40:00,716580,210,E,OR,0,0,,,,,,34.160546,-118.158748,MOUNTAIN 2,24.16
2024-12-17 13:40:00,716585,210,E,OR,,,,,,,,34.151691,-118.142523,MARENGO,25.72
2024-12-17 13:40:00,716587,210,E,OR,,,,,,,,34.151658,-118.12944,LAKE NB,26.47
2024-12-17 13:40:00,716589,210,E,OR,52,52,,,,,,34.152187,-118.117782,HILL NB,27.14
2024-12-17 13:40:00,716590,210,E,OR,22,22,,,,,,34.152301,-118.109239,ALLEN,27.63
2024-12-17 13:40:00,716593,210,E,OR,40,40,,,,,,34.151406,-118.091041,SAN GABRIEL,28.68
2024-12-17 13:40:00,716595,210,E,OR,,,,,,,,34.147621,-118.079037,SIERRA MADRE V2,29.44
2024-12-17 13:40:00,769790,210,E,OR,,,,,,,,34.189219,-118.180753,BERKSHIRE,21.58
2024-12-17 13:40:00,769809,210,E,OR,,,,,,,,34.196934,-118.185042,FOOTHILL,20.98
2024-12-17 13:40:00,769820,210,E,OR,,,,,,,,34.205892,-118.198234,ANGELES CREST HWY NB,19.98
2024-12-17 13:40:00,769832,210,E,OR,,,,,,,,34.206745,-118.201533,ANGELES CREST HWY SB,19.78
2024-12-17 13:40:00,769848,210,E,OR,37,37,,,,,,34.211728,-118.228265,OCEAN VIEW,18.18
2024-12-17 13:40:00,769868,210,E,OR,44,44,,,,,,34.218398,-118.239738,LA CRESCENTA,17.38
2024-12-17 13:40:00,769881,210,E,OR,51,51,,,,,,34.221426,-118.245718,PENNSYLVANIA,16.98
2024-12-17 13:40:00,769896,210,E,OR,73,73,,,,,,34.230849,-118.265101,LOWELL / HONOLULU,15.68
2024-12-17 13:40:00,770117,210,E,OR,,,,,,,,34.234317,-118.286992,LA TUNA CANYON,14.39
2024-12-17 13:40:00,770387,210,E,OR,23,,23,,,,,34.206925,-118.21372,EB/NB 2 TO EB 210 CN,19.08
2024-12-17 13:45:00,716576,210,E,OR,,,,,,,,34.179921,-118.167405,ARROYO,22.6
2024-12-17 13:45:00,716577,210,E,OR,60,60,,,,,,34.174756,-118.160407,LINCOLN 1,23.14
2024-12-17 13:45:00,716580,210,E,OR,0,0,,,,,,34.160546,-118.158748,MOUNTAIN 2,24.16
2024-12-17 13:45:00,716585,210,E,OR,,,,,,,,34.151691,-118.142523,MARENGO,25.72
2024-12-17 13:45:00,716587,210,E,OR,,,,,,,,34.151658,-118.12944,LAKE NB,26.47
2024-12-17 13:45:00,716589,210,E,OR,44,44,,,,,,34.152187,-118.117782,HILL NB,27.14
2024-12-17 13:45:00,716590,210,E,OR,30,30,,,,,,34.152301,-118.109239,ALLEN,27.63
2024-12-17 13:45:00,716593,210,E,OR,34,34,,,,,,34.151406,-118.091041,SAN GABRIEL,28.68
2024-12-17 13:45:00,716595,210,E,OR,,,,,,,,34.147621,-118.079037,SIERRA MADRE V2,29.44
2024-12-17 13:45:00,769790,210,E,OR,,,,,,,,34.189219,-118.180753,BERKSHIRE,21.58
2024-12-17 13:45:00,769809,210,E,OR,,,,,,,,34.196934,-118.185042,FOOTHILL,20.98
2024-12-17 13:45:00,769820,210,E,OR,,,,,,,,34.205892,-118.198234,ANGELES CREST HWY NB,19.98
2024-12-17 13:45:00,769832,210,E,OR,,,,,,,,34.206745,-118.201533,ANGELES CREST HWY SB,19.78
2024-12-17 13:45:00,769848,210,E,OR,35,35,,,,,,34.211728,-118.228265,OCEAN VIEW,18.18
2024-12-17 13:45:00,769868,210,E,OR,62,62,,,,,,34.218398,-118.239738,LA CRESCENTA,17.38
2024-12-17 13:45:00,769881,210,E,OR,36,36,,,,,,34.221426,-118.245718,PENNSYLVANIA,16.98
2024-12-17 13:45:00,769896,210,E,OR,83,83,,,,,,34.230849,-118.265101,LOWELL / HONOLULU,15.68
2024-12-17 13:45:00,770117,210,E,OR,,,,,,,,34.234317,-118.286992,LA TUNA CANYON,14.39
2024-12-17 13:45:00,770387,210,E,OR,15,,15,,,,,34.206925,-118.21372,EB/NB 2 TO EB 210 CN,19.08
2024-12-17 13:50:00,716576,210,E,OR,,,,,,,,34.179921,-118.167405,ARROYO,22.6
2024-12-17 13:50:00,716577,210,E,OR,60,60,,,,,,34.174756,-118.160407,LINCOLN 1,23.14
2024-12-17 13:50:00,716580,210,E,OR,0,0,,,,,,34.160546,-118.158748,MOUNTAIN 2,24.16
2024-12-17 13:50:00,716585,210,E,OR,,,,,,,,34.151691,-118.142523,MARENGO,25.72
2024-12-17 13:50:00,716587,210,E,OR,,,,,,,,34.151658,-118.12944,LAKE NB,26.47
2024-12-17 13:50:00,716589,210,E,OR,47,47,,,,,,34.152187,-118.117782,HILL NB,27.14
2024-12-17 13:50:00,716590,210,E,OR,25,25,,,,,,34.152301,-118.109239,ALLEN,27.63
2024-12-17 13:50:00,716593,210,E,OR,25,25,,,,,,34.151406,-118.091041,SAN GABRIEL,28.68
2024-12-17 13:50:00,716595,210,E,OR,,,,,,,,34.147621,-118.079037,SIERRA MADRE V2,29.44
2024-12-17 13:50:00,769790,210,E,OR,,,,,,,,34.189219,-118.180753,BERKSHIRE,21.58
2024-12-17 13:50:00,769809,210,E,OR,,,,,,,,34.196934,-118.185042,FOOTHILL,20.98
2024-12-17 13:50:00,769820,210,E,OR,,,,,,,,34.205892,-118.198234,ANGELES CREST HWY NB,19.98
2024-12-17 13:50:00,769832,210,E,OR,,,,,,,,34.206745,-118.201533,ANGELES CREST HWY SB,19.78
2024-12-17 13:50:00,769848,210,E,OR,42,42,,,,,,34.211728,-118.228265,OCEAN VIEW,18.18
2024-12-17 13:50:00,769868,210,E,OR,46,46,,,,,,34.218398,-118.239738,LA CRESCENTA,17.38
2024-12-17 13:50:00,769881,210,E,OR,32,32,,,,,,34.221426,-118.245718,PENNSYLVANIA,16.98
2024-12-17 13:50:00,769896,210,E,OR,70,70,,,,,,34.230849,-118.265101,LOWELL / HONOLULU,15.68
2024-12-17 13:50:00,770117,210,E,OR,,,,,,,,34.234317,-118.286992,LA TUNA CANYON,14.39
2024-12-17 13:50:00,770387,210,E,OR,8,,8,,,,,34.206925,-118.21372,EB/NB 2 TO EB 210 CN,19.08
2024-12-17 13:55:00,716576,210,E,OR,,,,,,,,34.179921,-118.167405,ARROYO,22.6
2024-12-17 13:55:00,716577,210,E,OR,60,60,,,,,,34.174756,-118.160407,LINCOLN 1,23.14
2024-12-17 13:55:00,716580,210,E,OR,0,0,,,,,,34.160546,-118.158748,MOUNTAIN 2,24.16
2024-12-17 13:55:00,716585,210,E,OR,,,,,,,,34.151691,-118.142523,MARENGO,25.72
2024-12-17 13:55:00,716587,210,E,OR,,,,,,,,34.151658,-118.12944,LAKE NB,26.47
2024-12-17 13:55:00,716589,210,E,OR,37,37,,,,,,34.152187,-118.117782,HILL NB,27.14
2024-12-17 13:55:00,716590,210,E,OR,27,27,,,,,,34.152301,-118.109239,ALLEN,27.63
2024-12-17 13:55:00,716593,210,E,OR,37,37,,,,,,34.151406,-118.091041,SAN GABRIEL,28.68
2024-12-17 13:55:00,716595,210,E,OR,,,,,,,,34.147621,-118.079037,SIERRA MADRE V2,29.44
2024-12-17 13:55:00,769790,210,E,OR,,,,,,,,34.189219,-118.180753,BERKSHIRE,21.58
2024-12-17 13:55:00,769809,210,E,OR,,,,,,,,34.196934,-118.185042,FOOTHILL,20.98
2024-12-17 13:55:00,769820,210,E,OR,,,,,,,,34.205892,-118.198234,ANGELES CREST HWY NB,19.98
2024-12-17 13:55:00,769832,210,E,OR,,,,,,,,34.206745,-118.201533,ANGELES CREST HWY SB,19.78
2024-12-17 13:55:00,769848,210,E,OR,34,34,,,,,,34.211728,-118.228265,OCEAN VIEW,18.18
2024-12-17 13:55:00,769868,210,E,OR,35,35,,,,,,34.218398,-118.239738,LA CRESCENTA,17.38
2024-12-17 13:55:00,769881,210,E,OR,48,48,,,,,,34.221426,-118.245718,PENNSYLVANIA,16.98
2024-12-17 13:55:00,769896,210,E,OR,90,90,,,,,,34.230849,-118.265101,LOWELL / HONOLULU,15.68
2024-12-17 13:55:00,770117,210,E,OR,,,,,,,,34.234317,-118.286992,LA TUNA CANYON,14.39
2024-12-17 13:55:00,770387,210,E,OR,14,,14,,,,,34.206925,-118.21372,EB/NB 2 TO EB 210 CN,19.08
2024-12-17 14:00:00,716576,210,E,OR,,,,,,,,34.179921,-118.167405,ARROYO,22.6
2024-12-17 14:00:00,716577,210,E,OR,60,60,,,,,,34.174756,-118.160407,LINCOLN 1,23.14
2024-12-17 14:00:00,716580,210,E,OR,0,0,,,,,,34.160546,-118.158748,MOUNTAIN 2,24.16
2024-12-17 14:00:00,716585,210,E,OR,,,,,,,,34.151691,-118.142523,MARENGO,25.72
2024-12-17 14:00:00,716587,210,E,OR,,,,,,,,34.151658,-118.12944,LAKE NB,26.47
2024-12-17 14:00:00,716589,210,E,OR,32,32,,,,,,34.152187,-118.117782,HILL NB,27.14
2024-12-17 14:00:00,716590,210,E,OR,21,21,,,,,,34.152301,-118.109239,ALLEN,27.63
2024-12-17 14:00:00,716593,210,E,OR,26,26,,,,,,34.151406,-118.091041,SAN GABRIEL,28.68
2024-12-17 14:00:00,716595,210,E,OR,,,,,,,,34.147621,-118.079037,SIERRA MADRE V2,29.44
2024-12-17 14:00:00,769790,210,E,OR,,,,,,,,34.189219,-118.180753,BERKSHIRE,21.58
2024-12-17 14:00:00,769809,210,E,OR,,,,,,,,34.196934,-118.185042,FOOTHILL,20.98
2024-12-17 14:00:00,769820,210,E,OR,,,,,,,,34.205892,-118.198234,ANGELES CREST HWY NB,19.98
2024-12-17 14:00:00,769832,210,E,OR,,,,,,,,34.206745,-118.201533,ANGELES CREST HWY SB,19.78
2024-12-17 14:00:00,769848,210,E,OR,36,36,,,,,,34.211728,-118.228265,OCEAN VIEW,18.18
2024-12-17 14:00:00,769868,210,E,OR,58,58,,,,,,34.218398,-118.239738,LA CRESCENTA,17.38
2024-12-17 14:00:00,769881,210,E,OR,32,32,,,,,,34.221426,-118.245718,PENNSYLVANIA,16.98
2024-12-17 14:00:00,769896,210,E,OR,68,68,,,,,,34.230849,-118.265101,LOWELL / HONOLULU,15.68
2024-12-17 14:00:00,770117,210,E,OR,,,,,,,,34.234317,-118.286992,LA TUNA CANYON,14.39
2024-12-17 14:00:00,770387,210,E,OR,10,,10,,,,,34.206925,-118.21372,EB/NB 2 TO EB 210 CN,19.08
2024-12-17 14:05:00,716576,210,E,OR,,,,,,,,34.179921,-118.167405,ARROYO,22.6
2024-12-17 14:05:00,716577,210,E,OR,60,60,,,,,,34.174756,-118.160407,LINCOLN 1,23.14
2024-12-17 14:05:00,716580,210,E,OR,0,0,,,,,,34.160546,-118.158748,MOUNTAIN 2,24.16
2024-12-17 14:05:00,716585,210,E,OR,,,,,,,,34.151691,-118.142523,MARENGO,25.72
2024-12-17 14:05:00,716587,210,E,OR,,,,,,,,34.151658,-118.12944,LAKE NB,26.47
2024-12-17 14:05:00,716589,210,E,OR,44,44,,,,,,34.152187,-118.117782,HILL NB,27.14
2024-12-17 14:05:00,716590,210,E,OR,30,30,,,,,,34.152301,-118.109239,ALLEN,27.63
2024-12-17 14:05:00,716593,210,E,OR,28,28,,,,,,34.151406,-118.091041,SAN GABRIEL,28.68
2024-12-17 14:05:00,716595,210,E,OR,,,,,,,,34.147621,-118.079037,SIERRA MADRE V2,29.44
2024-12-17 14:05:00,769790,210,E,OR,,,,,,,,34.189219,-118.180753,BERKSHIRE,21.58
2024-12-17 14:05:00,769809,210,E,OR,,,,,,,,34.196934,-118.185042,FOOTHILL,20.98
2024-12-17 14:05:00,769820,210,E,OR,,,,,,,,34.205892,-118.198234,ANGELES CREST HWY NB,19.98
2024-12-17 14:05:00,769832,210,E,OR,,,,,,,,34.206745,-118.201533,ANGELES CREST HWY SB,19.78
2024-12-17 14:05:00,769848,210,E,OR,32,32,,,,,,34.211728,-118.228265,OCEAN VIEW,18.18
2024-12-17 14:05:00,769868,210,E,OR,53,53,,,,,,34.218398,-118.239738,LA CRESCENTA,17.38
2024-12-17 14:05:00,769881,210,E,OR,54,54,,,,,,34.221426,-118.245718,PENNSYLVANIA,16.98
2024-12-17 14:05:00,769896,210,E,OR,57,57,,,,,,34.230849,-118.265101,LOWELL / HONOLULU,15.68
2024-12-17 14:05:00,770117,210,E,OR,,,,,,,,34.234317,-118.286992,LA TUNA CANYON,14.39
2024-12-17 14:05:00,770387,210,E,OR,12,,12,,,,,34.206925,-118.21372,EB/NB 2 TO EB 210 CN,19.08
2024-12-17 14:10:00,716576,210,E,OR,,,,,,,,34.179921,-118.167405,ARROYO,22.6
2024-12-17 14:10:00,716577,210,E,OR,60,60,,,,,,34.174756,-118.160407,LINCOLN 1,23.14
2024-12-17 14:10:00,716580,210,E,OR,0,0,,,,,,34.160546,-118.158748,MOUNTAIN 2,24.16
2024-12-17 14:10:00,716585,210,E,OR,,,,,,,,34.151691,-118.142523,MARENGO,25.72
2024-12-17 14:10:00,716587,210,E,OR,,,,,,,,34.151658,-118.12944,LAKE NB,26.47
2024-12-17 14:10:00,716589,210,E,OR,50,50,,,,,,34.152187,-118.117782,HILL NB,27.14
2024-12-17 14:10:00,716590,210,E,OR,26,26,,,,,,34.152301,-118.109239,ALLEN,27.63
2024-12-17 14:10:00,716593,210,E,OR,22,22,,,,,,34.151406,-118.091041,SAN GABRIEL,28.68
2024-12-17 14:10:00,716595,210,E,OR,,,,,,,,34.147621,-118.079037,SIERRA MADRE V2,29.44
2024-12-17 14:10:00,769790,210,E,OR,,,,,,,,34.189219,-118.180753,BERKSHIRE,21.58
2024-12-17 14:10:00,769809,210,E,OR,,,,,,,,34.196934,-118.185042,FOOTHILL,20.98
2024-12-17 14:10:00,769820,210,E,OR,,,,,,,,34.205892,-118.198234,ANGELES CREST HWY NB,19.98
2024-12-17 14:10:00,769832,210,E,OR,,,,,,,,34.206745,-118.201533,ANGELES CREST HWY SB,19.78
2024-12-17 14:10:00,769848,210,E,OR,40,40,,,,,,34.211728,-118.228265,OCEAN VIEW,18.18
2024-12-17 14:10:00,769868,210,E,OR,49,49,,,,,,34.218398,-118.239738,LA CRESCENTA,17.38
2024-12-17 14:10:00,769881,210,E,OR,35,35,,,,,,34.221426,-118.245718,PENNSYLVANIA,16.98
2024-12-17 14:10:00,769896,210,E,OR,80,80,,,,,,34.230849,-118.265101,LOWELL / HONOLULU,15.68
2024-12-17 14:10:00,770117,210,E,OR,,,,,,,,34.234317,-118.286992,LA TUNA CANYON,14.39
2024-12-17 14:10:00,770387,210,E,OR,11,,11,,,,,34.206925,-118.21372,EB/NB 2 TO EB 210 CN,19.08
2024-12-17 14:15:00,716576,210,E,OR,,,,,,,,34.179921,-118.167405,ARROYO,22.6
2024-12-17 14:15:00,716577,210,E,OR,60,60,,,,,,34.174756,-118.160407,LINCOLN 1,23.14
2024-12-17 14:15:00,716580,210,E,OR,0,0,,,,,,34.160546,-118.158748,MOUNTAIN 2,24.16
2024-12-17 14:15:00,716585,210,E,OR,,,,,,,,34.151691,-118.142523,MARENGO,25.72
2024-12-17 14:15:00,716587,210,E,OR,,,,,,,,34.151658,-118.12944,LAKE NB,26.47
2024-12-17 14:15:00,716589,210,E,OR,29,29,,,,,,34.152187,-118.117782,HILL NB,27.14
2024-12-17 14:15:00,716590,210,E,OR,34,34,,,,,,34.152301,-118.109239,ALLEN,27.63
2024-12-17 14:15:00,716593,210,E,OR,26,26,,,,,,34.151406,-118.091041,SAN GABRIEL,28.68
2024-12-17 14:15:00,716595,210,E,OR,,,,,,,,34.147621,-118.079037,SIERRA MADRE V2,29.44
2024-12-17 14:15:00,769790,210,E,OR,,,,,,,,34.189219,-118.180753,BERKSHIRE,21.58
2024-12-17 14:15:00,769809,210,E,OR,,,,,,,,34.196934,-118.185042,FOOTHILL,20.98
2024-12-17 14:15:00,769820,210,E,OR,,,,,,,,34.205892,-118.198234,ANGELES CREST HWY NB,19.98
2024-12-17 14:15:00,769832,210,E,OR,,,,,,,,34.206745,-118.201533,ANGELES CREST HWY SB,19.78
2024-12-17 14:15:00,769848,210,E,OR,35,35,,,,,,34.211728,-118.228265,OCEAN VIEW,18.18
2024-12-17 14:15:00,769868,210,E,OR,53,53,,,,,,34.218398,-118.239738,LA CRESCENTA,17.38
2024-12-17 14:15:00,769881,210,E,OR,41,41,,,,,,34.221426,-118.245718,PENNSYLVANIA,16.98
2024-12-17 14:15:00,769896,210,E,OR,64,64,,,,,,34.230849,-118.265101,LOWELL / HONOLULU,15.68
2024-12-17 14:15:00,770117,210,E,OR,,,,,,,,34.234317,-118.286992,LA TUNA CANYON,14.39
2024-12-17 14:15:00,770387,210,E,OR,21,,21,,,,,34.206925,-118.21372,EB/NB 2 TO EB 210 CN,19.08
2024-12-17 14:20:00,716576,210,E,OR,,,,,,,,34.179921,-118.167405,ARROYO,22.6
2024-12-17 14:20:00,716577,210,E,OR,60,60,,,,,,34.174756,-118.160407,LINCOLN 1,23.14
2024-12-17 14:20:00,716580,210,E,OR,0,0,,,,,,34.160546,-118.158748,MOUNTAIN 2,24.16
2024-12-17 14:20:00,716585,210,E,OR,,,,,,,,34.151691,-118.142523,MARENGO,25.72
2024-12-17 14:20:00,716587,210,E,OR,,,,,,,,34.151658,-118.12944,LAKE NB,26.47
2024-12-17 14:20:00,716589,210,E,OR,26,26,,,,,,34.152187,-118.117782,HILL NB,27.14
2024-12-17 14:20:00,716590,210,E,OR,20,20,,,,,,34.152301,-118.109239,ALLEN,27.63
2024-12-17 14:20:00,716593,210,E,OR,29,29,,,,,,34.151406,-118.091041,SAN GABRIEL,28.68
2024-12-17 14:20:00,716595,210,E,OR,,,,,,,,34.147621,-118.079037,SIERRA MADRE V2,29.44
2024-12-17 14:20:00,769790,210,E,OR,,,,,,,,34.189219,-118.180753,BERKSHIRE,21.58
2024-12-17 14:20:00,769809,210,E,OR,,,,,,,,34.196934,-118.185042,FOOTHILL,20.98
2024-12-17 14:20:00,769820,210,E,OR,,,,,,,,34.205892,-118.198234,ANGELES CREST HWY NB,19.98
2024-12-17 14:20:00,769832,210,E,OR,,,,,,,,34.206745,-118.201533,ANGELES CREST HWY SB,19.78
2024-12-17 14:20:00,769848,210,E,OR,20,20,,,,,,34.211728,-118.228265,OCEAN VIEW,18.18
2024-12-17 14:20:00,769868,210,E,OR,62,62,,,,,,34.218398,-118.239738,LA CRESCENTA,17.38
2024-12-17 14:20:00,769881,210,E,OR,38,38,,,,,,34.221426,-118.245718,PENNSYLVANIA,16.98
2024-12-17 14:20:00,769896,210,E,OR,68,68,,,,,,34.230849,-118.265101,LOWELL / HONOLULU,15.68
2024-12-17 14:20:00,770117,210,E,OR,,,,,,,,34.234317,-118.286992,LA TUNA CANYON,14.39
2024-12-17 14:20:00,770387,210,E,OR,7,,7,,,,,34.206925,-118.21372,EB/NB 2 TO EB 210 CN,19.08
2024-12-17 14:25:00,716576,210,E,OR,,,,,,,,34.179921,-118.167405,ARROYO,22.6
2024-12-17 14:25:00,716577,210,E,OR,60,60,,,,,,34.174756,-118.160407,LINCOLN 1,23.14
2024-12-17 14:25:00,716580,210,E,OR,0,0,,,,,,34.160546,-118.158748,MOUNTAIN 2,24.16
2024-12-17 14:25:00,716585,210,E,OR,,,,,,,,34.151691,-118.142523,MARENGO,25.72
2024-12-17 14:25:00,716587,210,E,OR,,,,,,,,34.151658,-118.12944,LAKE NB,26.47
2024-12-17 14:25:00,716589,210,E,OR,38,38,,,,,,34.152187,-118.117782,HILL NB,27.14
2024-12-17 14:25:00,716590,210,E,OR,21,21,,,,,,34.152301,-118.109239,ALLEN,27.63
2024-12-17 14:25:00,716593,210,E,OR,26,26,,,,,,34.151406,-118.091041,SAN GABRIEL,28.68
2024-12-17 14:25:00,716595,210,E,OR,,,,,,,,34.147621,-118.079037,SIERRA MADRE V2,29.44
2024-12-17 14:25:00,769790,210,E,OR,,,,,,,,34.189219,-118.180753,BERKSHIRE,21.58
2024-12-17 14:25:00,769809,210,E,OR,,,,,,,,34.196934,-118.185042,FOOTHILL,20.98
2024-12-17 14:25:00,769820,210,E,OR,,,,,,,,34.205892,-118.198234,ANGELES CREST HWY NB,19.98
2024-12-17 14:25:00,769832,210,E,OR,,,,,,,,34.206745,-118.201533,ANGELES CREST HWY SB,19.78
2024-12-17 14:25:00,769848,210,E,OR,46,46,,,,,,34.211728,-118.228265,OCEAN VIEW,18.18
2024-12-17 14:25:00,769868,210,E,OR,61,61,,,,,,34.218398,-118.239738,LA CRESCENTA,17.38
2024-12-17 14:25:00,769881,210,E,OR,44,44,,,,,,34.221426,-118.245718,PENNSYLVANIA,16.98
2024-12-17 14:25:00,769896,210,E,OR,75,75,,,,,,34.230849,-118.265101,LOWELL / HONOLULU,15.68
2024-12-17 14:25:00,770117,210,E,OR,,,,,,,,34.234317,-118.286992,LA TUNA CANYON,14.39
2024-12-17 14:25:00,770387,210,E,OR,15,,15,,,,,34.206925,-118.21372,EB/NB 2 TO EB 210 CN,19.08
2024-12-17 14:30:00,716576,210,E,OR,,,,,,,,34.179921,-118.167405,ARROYO,22.6
2024-12-17 14:30:00,716577,210,E,OR,60,60,,,,,,34.174756,-118.160407,LINCOLN 1,23.14
2024-12-17 14:30:00,716580,210,E,OR,0,0,,,,,,34.160546,-118.158748,MOUNTAIN 2,24.16
2024-12-17 14:30:00,716585,210,E,OR,,,,,,,,34.151691,-118.142523,MARENGO,25.72
2024-12-17 14:30:00,716587,210,E,OR,,,,,,,,34.151658,-118.12944,LAKE NB,26.47
2024-12-17 14:30:00,716589,210,E,OR,28,28,,,,,,34.152187,-118.117782,HILL NB,27.14
2024-12-17 14:30:00,716590,210,E,OR,22,22,,,,,,34.152301,-118.109239,ALLEN,27.63
2024-12-17 14:30:00,716593,210,E,OR,35,35,,,,,,34.151406,-118.091041,SAN GABRIEL,28.68
2024-12-17 14:30:00,716595,210,E,OR,,,,,,,,34.147621,-118.079037,SIERRA MADRE V2,29.44
2024-12-17 14:30:00,769790,210,E,OR,,,,,,,,34.189219,-118.180753,BERKSHIRE,21.58
2024-12-17 14:30:00,769809,210,E,OR,,,,,,,,34.196934,-118.185042,FOOTHILL,20.98
2024-12-17 14:30:00,769820,210,E,OR,,,,,,,,34.205892,-118.198234,ANGELES CREST HWY NB,19.98
2024-12-17 14:30:00,769832,210,E,OR,,,,,,,,34.206745,-118.201533,ANGELES CREST HWY SB,19.78
2024-12-17 14:30:00,769848,210,E,OR,39,39,,,,,,34.211728,-118.228265,OCEAN VIEW,18.18
2024-12-17 14:30:00,769868,210,E,OR,71,71,,,,,,34.218398,-118.239738,LA CRESCENTA,17.38
2024-12-17 14:30:00,769881,210,E,OR,43,43,,,,,,34.221426,-118.245718,PENNSYLVANIA,16.98
2024-12-17 14:30:00,769896,210,E,OR,77,77,,,,,,34.230849,-118.265101,LOWELL / HONOLULU,15.68
2024-12-17 14:30:00,770117,210,E,OR,,,,,,,,34.234317,-118.286992,LA TUNA CANYON,14.39
2024-12-17 14:30:00,770387,210,E,OR,8,,8,,,,,34.206925,-118.21372,EB/NB 2 TO EB 210 CN,19.08
2024-12-17 14:35:00,716576,210,E,OR,,,,,,,,34.179921,-118.167405,ARROYO,22.6
2024-12-17 14:35:00,716577,210,E,OR,60,60,,,,,,34.174756,-118.160407,LINCOLN 1,23.14
2024-12-17 14:35:00,716580,210,E,OR,0,0,,,,,,34.160546,-118.158748,MOUNTAIN 2,24.16
2024-12-17 14:35:00,716585,210,E,OR,,,,,,,,34.151691,-118.142523,MARENGO,25.72
2024-12-17 14:35:00,716587,210,E,OR,,,,,,,,34.151658,-118.12944,LAKE NB,26.47
2024-12-17 14:35:00,716589,210,E,OR,24,24,,,,,,34.152187,-118.117782,HILL NB,27.14
2024-12-17 14:35:00,716590,210,E,OR,25,25,,,,,,34.152301,-118.109239,ALLEN,27.63
2024-12-17 14:35:00,716593,210,E,OR,39,39,,,,,,34.151406,-118.091041,SAN GABRIEL,28.68
2024-12-17 14:35:00,716595,210,E,OR,,,,,,,,34.147621,-118.079037,SIERRA MADRE V2,29.44
2024-12-17 14:35:00,769790,210,E,OR,,,,,,,,34.189219,-118.180753,BERKSHIRE,21.58
2024-12-17 14:35:00,769809,210,E,OR,,,,,,,,34.196934,-118.185042,FOOTHILL,20.98
2024-12-17 14:35:00,769820,210,E,OR,,,,,,,,34.205892,-118.198234,ANGELES CREST HWY NB,19.98
2024-12-17 14:35:00,769832,210,E,OR,,,,,,,,34.206745,-118.201533,ANGELES CREST HWY SB,19.78
2024-12-17 14:35:00,769848,210,E,OR,35,35,,,,,,34.211728,-118.228265,OCEAN VIEW,18.18
2024-12-17 14:35:00,769868,210,E,OR,55,55,,,,,,34.218398,-118.239738,LA CRESCENTA,17.38
2024-12-17 14:35:00,769881,210,E,OR,53,53,,,,,,34.221426,-118.245718,PENNSYLVANIA,16.98
2024-12-17 14:35:00,769896,210,E,OR,77,77,,,,,,34.230849,-118.265101,LOWELL / HONOLULU,15.68
2024-12-17 14:35:00,770117,210,E,OR,,,,,,,,34.234317,-118.286992,LA TUNA CANYON,14.39
2024-12-17 14:35:00,770387,210,E,OR,13,,13,,,,,34.206925,-118.21372,EB/NB 2 TO EB 210 CN,19.08
2024-12-17 14:40:00,716576,210,E,OR,,,,,,,,34.179921,-118.167405,ARROYO,22.6
2024-12-17 14:40:00,716577,210,E,OR,60,60,,,,,,34.174756,-118.160407,LINCOLN 1,23.14
2024-12-17 14:40:00,716580,210,E,OR,0,0,,,,,,34.160546,-118.158748,MOUNTAIN 2,24.16
2024-12-17 14:40:00,716585,210,E,OR,,,,,,,,34.151691,-118.142523,MARENGO,25.72
2024-12-17 14:40:00,716587,210,E,OR,,,,,,,,34.151658,-118.12944,LAKE NB,26.47
2024-12-17 14:40:00,716589,210,E,OR,34,34,,,,,,34.152187,-118.117782,HILL NB,27.14
2024-12-17 14:40:00,716590,210,E,OR,31,31,,,,,,34.152301,-118.109239,ALLEN,27.63
2024-12-17 14:40:00,716593,210,E,OR,24,24,,,,,,34.151406,-118.091041,SAN GABRIEL,28.68
2024-12-17 14:40:00,716595,210,E,OR,,,,,,,,34.147621,-118.079037,SIERRA MADRE V2,29.44
2024-12-17 14:40:00,769790,210,E,OR,,,,,,,,34.189219,-118.180753,BERKSHIRE,21.58
2024-12-17 14:40:00,769809,210,E,OR,,,,,,,,34.196934,-118.185042,FOOTHILL,20.98
2024-12-17 14:40:00,769820,210,E,OR,,,,,,,,34.205892,-118.198234,ANGELES CREST HWY NB,19.98
2024-12-17 14:40:00,769832,210,E,OR,,,,,,,,34.206745,-118.201533,ANGELES CREST HWY SB,19.78
2024-12-17 14:40:00,769848,210,E,OR,41,41,,,,,,34.211728,-118.228265,OCEAN VIEW,18.18
2024-12-17 14:40:00,769868,210,E,OR,55,55,,,,,,34.218398,-118.239738,LA CRESCENTA,17.38
2024-12-17 14:40:00,769881,210,E,OR,34,34,,,,,,34.221426,-118.245718,PENNSYLVANIA,16.98
2024-12-17 14:40:00,769896,210,E,OR,72,72,,,,,,34.230849,-118.265101,LOWELL / HONOLULU,15.68
2024-12-17 14:40:00,770117,210,E,OR,,,,,,,,34.234317,-118.286992,LA TUNA CANYON,14.39
2024-12-17 14:40:00,770387,210,E,OR,13,,13,,,,,34.206925,-118.21372,EB/NB 2 TO EB 210 CN,19.08
2024-12-17 14:45:00,716576,210,E,OR,,,,,,,,34.179921,-118.167405,ARROYO,22.6
2024-12-17 14:45:00,716577,210,E,OR,60,60,,,,,,34.174756,-118.160407,LINCOLN 1,23.14
2024-12-17 14:45:00,716580,210,E,OR,0,0,,,,,,34.160546,-118.158748,MOUNTAIN 2,24.16
2024-12-17 14:45:00,716585,210,E,OR,,,,,,,,34.151691,-118.142523,MARENGO,25.72
2024-12-17 14:45:00,716587,210,E,OR,,,,,,,,34.151658,-118.12944,LAKE NB,26.47
2024-12-17 14:45:00,716589,210,E,OR,36,36,,,,,,34.152187,-118.117782,HILL NB,27.14
2024-12-17 14:45:00,716590,210,E,OR,25,25,,,,,,34.152301,-118.109239,ALLEN,27.63
2024-12-17 14:45:00,716593,210,E,OR,22,22,,,,,,34.151406,-118.091041,SAN GABRIEL,28.68
2024-12-17 14:45:00,716595,210,E,OR,,,,,,,,34.147621,-118.079037,SIERRA MADRE V2,29.44
2024-12-17 14:45:00,769790,210,E,OR,,,,,,,,34.189219,-118.180753,BERKSHIRE,21.58
2024-12-17 14:45:00,769809,210,E,OR,,,,,,,,34.196934,-118.185042,FOOTHILL,20.98
2024-12-17 14:45:00,769820,210,E,OR,,,,,,,,34.205892,-118.198234,ANGELES CREST HWY NB,19.98
2024-12-17 14:45:00,769832,210,E,OR,,,,,,,,34.206745,-118.201533,ANGELES CREST HWY SB,19.78
2024-12-17 14:45:00,769848,210,E,OR,46,46,,,,,,34.211728,-118.228265,OCEAN VIEW,18.18
2024-12-17 14:45:00,769868,210,E,OR,51,51,,,,,,34.218398,-118.239738,LA CRESCENTA,17.38
2024-12-17 14:45:00,769881,210,E,OR,40,40,,,,,,34.221426,-118.245718,PENNSYLVANIA,16.98
2024-12-17 14:45:00,769896,210,E,OR,93,93,,,,,,34.230849,-118.265101,LOWELL / HONOLULU,15.68
2024-12-17 14:45:00,770117,210,E,OR,,,,,,,,34.234317,-118.286992,LA TUNA CANYON,14.39
2024-12-17 14:45:00,770387,210,E,OR,19,,19,,,,,34.206925,-118.21372,EB/NB 2 TO EB 210 CN,19.08
2024-12-17 14:50:00,716576,210,E,OR,,,,,,,,34.179921,-118.167405,ARROYO,22.6
2024-12-17 14:50:00,716577,210,E,OR,60,60,,,,,,34.174756,-118.160407,LINCOLN 1,23.14
2024-12-17 14:50:00,716580,210,E,OR,0,0,,,,,,34.160546,-118.158748,MOUNTAIN 2,24.16
2024-12-17 14:50:00,716585,210,E,OR,,,,,,,,34.151691,-118.142523,MARENGO,25.72
2024-12-17 14:50:00,716587,210,E,OR,,,,,,,,34.151658,-118.12944,LAKE NB,26.47
2024-12-17 14:50:00,716589,210,E,OR,28,28,,,,,,34.152187,-118.117782,HILL NB,27.14
2024-12-17 14:50:00,716590,210,E,OR,23,23,,,,,,34.152301,-118.109239,ALLEN,27.63
2024-12-17 14:50:00,716593,210,E,OR,27,27,,,,,,34.151406,-118.091041,SAN GABRIEL,28.68
2024-12-17 14:50:00,716595,210,E,OR,,,,,,,,34.147621,-118.079037,SIERRA MADRE V2,29.44
2024-12-17 14:50:00,769790,210,E,OR,,,,,,,,34.189219,-118.180753,BERKSHIRE,21.58
2024-12-17 14:50:00,769809,210,E,OR,,,,,,,,34.196934,-118.185042,FOOTHILL,20.98
2024-12-17 14:50:00,769820,210,E,OR,,,,,,,,34.205892,-118.198234,ANGELES CREST HWY NB,19.98
2024-12-17 14:50:00,769832,210,E,OR,,,,,,,,34.206745,-118.201533,ANGELES CREST HWY SB,19.78
2024-12-17 14:50:00,769848,210,E,OR,43,43,,,,,,34.211728,-118.228265,OCEAN VIEW,18.18
2024-12-17 14:50:00,769868,210,E,OR,59,59,,,,,,34.218398,-118.239738,LA CRESCENTA,17.38
2024-12-17 14:50:00,769881,210,E,OR,43,43,,,,,,34.221426,-118.245718,PENNSYLVANIA,16.98
2024-12-17 14:50:00,769896,210,E,OR,59,59,,,,,,34.230849,-118.265101,LOWELL / HONOLULU,15.68
2024-12-17 14:50:00,770117,210,E,OR,,,,,,,,34.234317,-118.286992,LA TUNA CANYON,14.39
2024-12-17 14:50:00,770387,210,E,OR,2,,2,,,,,34.206925,-118.21372,EB/NB 2 TO EB 210 CN,19.08
2024-12-17 14:55:00,716576,210,E,OR,,,,,,,,34.179921,-118.167405,ARROYO,22.6
2024-12-17 14:55:00,716577,210,E,OR,60,60,,,,,,34.174756,-118.160407,LINCOLN 1,23.14
2024-12-17 14:55:00,716580,210,E,OR,0,0,,,,,,34.160546,-118.158748,MOUNTAIN 2,24.16
2024-12-17 14:55:00,716585,210,E,OR,,,,,,,,34.151691,-118.142523,MARENGO,25.72
2024-12-17 14:55:00,716587,210,E,OR,,,,,,,,34.151658,-118.12944,LAKE NB,26.47
2024-12-17 14:55:00,716589,210,E,OR,43,43,,,,,,34.152187,-118.117782,HILL NB,27.14
2024-12-17 14:55:00,716590,210,E,OR,28,28,,,,,,34.152301,-118.109239,ALLEN,27.63
2024-12-17 14:55:00,716593,210,E,OR,34,34,,,,,,34.151406,-118.091041,SAN GABRIEL,28.68
2024-12-17 14:55:00,716595,210,E,OR,,,,,,,,34.147621,-118.079037,SIERRA MADRE V2,29.44
2024-12-17 14:55:00,769790,210,E,OR,,,,,,,,34.189219,-118.180753,BERKSHIRE,21.58
2024-12-17 14:55:00,769809,210,E,OR,,,,,,,,34.196934,-118.185042,FOOTHILL,20.98
2024-12-17 14:55:00,769820,210,E,OR,,,,,,,,34.205892,-118.198234,ANGELES CREST HWY NB,19.98
2024-12-17 14:55:00,769832,210,E,OR,,,,,,,,34.206745,-118.201533,ANGELES CREST HWY SB,19.78
2024-12-17 14:55:00,769848,210,E,OR,43,43,,,,,,34.211728,-118.228265,OCEAN VIEW,18.18
2024-12-17 14:55:00,769868,210,E,OR,73,73,,,,,,34.218398,-118.239738,LA CRESCENTA,17.38
2024-12-17 14:55:00,769881,210,E,OR,55,55,,,,,,34.221426,-118.245718,PENNSYLVANIA,16.98
2024-12-17 14:55:00,769896,210,E,OR,80,80,,,,,,34.230849,-118.265101,LOWELL / HONOLULU,15.68
2024-12-17 14:55:00,770117,210,E,OR,,,,,,,,34.234317,-118.286992,LA TUNA CANYON,14.39
2024-12-17 14:55:00,770387,210,E,OR,27,,27,,,,,34.206925,-118.21372,EB/NB 2 TO EB 210 CN,19.08
2024-12-17 15:00:00,716576,210,E,OR,,,,,,,,34.179921,-118.167405,ARROYO,22.6
2024-12-17 15:00:00,716577,210,E,OR,60,60,,,,,,34.174756,-118.160407,LINCOLN 1,23.14
2024-12-17 15:00:00,716580,210,E,OR,0,0,,,,,,34.160546,-118.158748,MOUNTAIN 2,24.16
2024-12-17 15:00:00,716585,210,E,OR,,,,,,,,34.151691,-118.142523,MARENGO,25.72
2024-12-17 15:00:00,716587,210,E,OR,,,,,,,,34.151658,-118.12944,LAKE NB,26.47
2024-12-17 15:00:00,716589,210,E,OR,38,38,,,,,,34.152187,-118.117782,HILL NB,27.14
2024-12-17 15:00:00,716590,210,E,OR,27,27,,,,,,34.152301,-118.109239,ALLEN,27.63
2024-12-17 15:00:00,716593,210,E,OR,29,29,,,,,,34.151406,-118.091041,SAN GABRIEL,28.68
2024-12-17 15:00:00,716595,210,E,OR,,,,,,,,34.147621,-118.079037,SIERRA MADRE V2,29.44
2024-12-17 15:00:00,769790,210,E,OR,,,,,,,,34.189219,-118.180753,BERKSHIRE,21.58
2024-12-17 15:00:00,769809,210,E,OR,,,,,,,,34.196934,-118.185042,FOOTHILL,20.98
2024-12-17 15:00:00,769820,210,E,OR,,,,,,,,34.205892,-118.198234,ANGELES CREST HWY NB,19.98
2024-12-17 15:00:00,769832,210,E,OR,,,,,,,,34.206745,-118.201533,ANGELES CREST HWY SB,19.78
2024-12-17 15:00:00,769848,210,E,OR,52,52,,,,,,34.211728,-118.228265,OCEAN VIEW,18.18
2024-12-17 15:00:00,769868,210,E,OR,66,66,,,,,,34.218398,-118.239738,LA CRESCENTA,17.38
2024-12-17 15:00:00,769881,210,E,OR,37,37,,,,,,34.221426,-118.245718,PENNSYLVANIA,16.98
2024-12-17 15:00:00,769896,210,E,OR,85,85,,,,,,34.230849,-118.265101,LOWELL / HONOLULU,15.68
2024-12-17 15:00:00,770117,210,E,OR,,,,,,,,34.234317,-118.286992,LA TUNA CANYON,14.39
2024-12-17 15:00:00,770387,210,E,OR,29,,29,,,,,34.206925,-118.21372,EB/NB 2 TO EB 210 CN,19.08
2024-12-17 15:05:00,716576,210,E,OR,,,,,,,,34.179921,-118.167405,ARROYO,22.6
2024-12-17 15:05:00,716577,210,E,OR,60,60,,,,,,34.174756,-118.160407,LINCOLN 1,23.14
2024-12-17 15:05:00,716580,210,E,OR,0,0,,,,,,34.160546,-118.158748,MOUNTAIN 2,24.16
2024-12-17 15:05:00,716585,210,E,OR,,,,,,,,34.151691,-118.142523,MARENGO,25.72
2024-12-17 15:05:00,716587,210,E,OR,,,,,,,,34.151658,-118.12944,LAKE NB,26.47
2024-12-17 15:05:00,716589,210,E,OR,35,35,,,,,,34.152187,-118.117782,HILL NB,27.14
2024-12-17 15:05:00,716590,210,E,OR,26,26,,,,,,34.152301,-118.109239,ALLEN,27.63
2024-12-17 15:05:00,716593,210,E,OR,32,32,,,,,,34.151406,-118.091041,SAN GABRIEL,28.68
2024-12-17 15:05:00,716595,210,E,OR,,,,,,,,34.147621,-118.079037,SIERRA MADRE V2,29.44
2024-12-17 15:05:00,769790,210,E,OR,,,,,,,,34.189219,-118.180753,BERKSHIRE,21.58
2024-12-17 15:05:00,769809,210,E,OR,,,,,,,,34.196934,-118.185042,FOOTHILL,20.98
2024-12-17 15:05:00,769820,210,E,OR,,,,,,,,34.205892,-118.198234,ANGELES CREST HWY NB,19.98
2024-12-17 15:05:00,769832,210,E,OR,,,,,,,,34.206745,-118.201533,ANGELES CREST HWY SB,19.78
2024-12-17 15:05:00,769848,210,E,OR,43,43,,,,,,34.211728,-118.228265,OCEAN VIEW,18.18
2024-12-17 15:05:00,769868,210,E,OR,71,71,,,,,,34.218398,-118.239738,LA CRESCENTA,17.38
2024-12-17 15:05:00,769881,210,E,OR,45,45,,,,,,34.221426,-118.245718,PENNSYLVANIA,16.98
2024-12-17 15:05:00,769896,210,E,OR,79,79,,,,,,34.230849,-118.265101,LOWELL / HONOLULU,15.68
2024-12-17 15:05:00,770117,210,E,OR,,,,,,,,34.234317,-118.286992,LA TUNA CANYON,14.39
2024-12-17 15:05:00,770387,210,E,OR,21,,21,,,,,34.206925,-118.21372,EB/NB 2 TO EB 210 CN,19.08
2024-12-17 15:10:00,716576,210,E,OR,,,,,,,,34.179921,-118.167405,ARROYO,22.6
2024-12-17 15:10:00,716577,210,E,OR,60,60,,,,,,34.174756,-118.160407,LINCOLN 1,23.14
2024-12-17 15:10:00,716580,210,E,OR,0,0,,,,,,34.160546,-118.158748,MOUNTAIN 2,24.16
2024-12-17 15:10:00,716585,210,E,OR,,,,,,,,34.151691,-118.142523,MARENGO,25.72
2024-12-17 15:10:00,716587,210,E,OR,,,,,,,,34.151658,-118.12944,LAKE NB,26.47
2024-12-17 15:10:00,716589,210,E,OR,35,35,,,,,,34.152187,-118.117782,HILL NB,27.14
2024-12-17 15:10:00,716590,210,E,OR,19,19,,,,,,34.152301,-118.109239,ALLEN,27.63
2024-12-17 15:10:00,716593,210,E,OR,20,20,,,,,,34.151406,-118.091041,SAN GABRIEL,28.68
2024-12-17 15:10:00,716595,210,E,OR,,,,,,,,34.147621,-118.079037,SIERRA MADRE V2,29.44
2024-12-17 15:10:00,769790,210,E,OR,,,,,,,,34.189219,-118.180753,BERKSHIRE,21.58
2024-12-17 15:10:00,769809,210,E,OR,,,,,,,,34.196934,-118.185042,FOOTHILL,20.98
2024-12-17 15:10:00,769820,210,E,OR,,,,,,,,34.205892,-118.198234,ANGELES CREST HWY NB,19.98
2024-12-17 15:10:00,769832,210,E,OR,,,,,,,,34.206745,-118.201533,ANGELES CREST HWY SB,19.78
2024-12-17 15:10:00,769848,210,E,OR,43,43,,,,,,34.211728,-118.228265,OCEAN VIEW,18.18
2024-12-17 15:10:00,769868,210,E,OR,48,48,,,,,,34.218398,-118.239738,LA CRESCENTA,17.38
2024-12-17 15:10:00,769881,210,E,OR,47,47,,,,,,34.221426,-118.245718,PENNSYLVANIA,16.98
2024-12-17 15:10:00,769896,210,E,OR,76,76,,,,,,34.230849,-118.265101,LOWELL / HONOLULU,15.68
2024-12-17 15:10:00,770117,210,E,OR,,,,,,,,34.234317,-118.286992,LA TUNA CANYON,14.39
2024-12-17 15:10:00,770387,210,E,OR,20,,20,,,,,34.206925,-118.21372,EB/NB 2 TO EB 210 CN,19.08
2024-12-17 15:15:00,716576,210,E,OR,,,,,,,,34.179921,-118.167405,ARROYO,22.6
2024-12-17 15:15:00,716577,210,E,OR,60,60,,,,,,34.174756,-118.160407,LINCOLN 1,23.14
2024-12-17 15:15:00,716580,210,E,OR,0,0,,,,,,34.160546,-118.158748,MOUNTAIN 2,24.16
2024-12-17 15:15:00,716585,210,E,OR,,,,,,,,34.151691,-118.142523,MARENGO,25.72
2024-12-17 15:15:00,716587,210,E,OR,,,,,,,,34.151658,-118.12944,LAKE NB,26.47
2024-12-17 15:15:00,716589,210,E,OR,51,51,,,,,,34.152187,-118.117782,HILL NB,27.14
2024-12-17 15:15:00,716590,210,E,OR,20,20,,,,,,34.152301,-118.109239,ALLEN,27.63
2024-12-17 15:15:00,716593,210,E,OR,26,26,,,,,,34.151406,-118.091041,SAN GABRIEL,28.68
2024-12-17 15:15:00,716595,210,E,OR,,,,,,,,34.147621,-118.079037,SIERRA MADRE V2,29.44
2024-12-17 15:15:00,769790,210,E,OR,,,,,,,,34.189219,-118.180753,BERKSHIRE,21.58
2024-12-17 15:15:00,769809,210,E,OR,,,,,,,,34.196934,-118.185042,FOOTHILL,20.98
2024-12-17 15:15:00,769820,210,E,OR,,,,,,,,34.205892,-118.198234,ANGELES CREST HWY NB,19.98
2024-12-17 15:15:00,769832,210,E,OR,,,,,,,,34.206745,-118.201533,ANGELES CREST HWY SB,19.78
2024-12-17 15:15:00,769848,210,E,OR,43,43,,,,,,34.211728,-118.228265,OCEAN VIEW,18.18
2024-12-17 15:15:00,769868,210,E,OR,66,66,,,,,,34.218398,-118.239738,LA CRESCENTA,17.38
2024-12-17 15:15:00,769881,210,E,OR,51,51,,,,,,34.221426,-118.245718,PENNSYLVANIA,16.98
2024-12-17 15:15:00,769896,210,E,OR,82,82,,,,,,34.230849,-118.265101,LOWELL / HONOLULU,15.68
2024-12-17 15:15:00,770117,210,E,OR,,,,,,,,34.234317,-118.286992,LA TUNA CANYON,14.39
2024-12-17 15:15:00,770387,210,E,OR,21,,21,,,,,34.206925,-118.21372,EB/NB 2 TO EB 210 CN,19.08
2024-12-17 15:20:00,716576,210,E,OR,,,,,,,,34.179921,-118.167405,ARROYO,22.6
2024-12-17 15:20:00,716577,210,E,OR,60,60,,,,,,34.174756,-118.160407,LINCOLN 1,23.14
2024-12-17 15:20:00,716580,210,E,OR,0,0,,,,,,34.160546,-118.158748,MOUNTAIN 2,24.16
2024-12-17 15:20:00,716585,210,E,OR,,,,,,,,34.151691,-118.142523,MARENGO,25.72
2024-12-17 15:20:00,716587,210,E,OR,,,,,,,,34.151658,-118.12944,LAKE NB,26.47
2024-12-17 15:20:00,716589,210,E,OR,28,28,,,,,,34.152187,-118.117782,HILL NB,27.14
2024-12-17 15:20:00,716590,210,E,OR,18,18,,,,,,34.152301,-118.109239,ALLEN,27.63
2024-12-17 15:20:00,716593,210,E,OR,31,31,,,,,,34.151406,-118.091041,SAN GABRIEL,28.68
2024-12-17 15:20:00,716595,210,E,OR,,,,,,,,34.147621,-118.079037,SIERRA MADRE V2,29.44
2024-12-17 15:20:00,769790,210,E,OR,,,,,,,,34.189219,-118.180753,BERKSHIRE,21.58
2024-12-17 15:20:00,769809,210,E,OR,,,,,,,,34.196934,-118.185042,FOOTHILL,20.98
2024-12-17 15:20:00,769820,210,E,OR,,,,,,,,34.205892,-118.198234,ANGELES CREST HWY NB,19.98
2024-12-17 15:20:00,769832,210,E,OR,,,,,,,,34.206745,-118.201533,ANGELES CREST HWY SB,19.78
2024-12-17 15:20:00,769848,210,E,OR,39,39,,,,,,34.211728,-118.228265,OCEAN VIEW,18.18
2024-12-17 15:20:00,769868,210,E,OR,75,75,,,,,,34.218398,-118.239738,LA CRESCENTA,17.38
2024-12-17 15:20:00,769881,210,E,OR,54,54,,,,,,34.221426,-118.245718,PENNSYLVANIA,16.98
2024-12-17 15:20:00,769896,210,E,OR,69,69,,,,,,34.230849,-118.265101,LOWELL / HONOLULU,15.68
2024-12-17 15:20:00,770117,210,E,OR,,,,,,,,34.234317,-118.286992,LA TUNA CANYON,14.39
2024-12-17 15:20:00,770387,210,E,OR,25,,25,,,,,34.206925,-118.21372,EB/NB 2 TO EB 210 CN,19.08
2024-12-17 15:25:00,716576,210,E,OR,,,,,,,,34.179921,-118.167405,ARROYO,22.6
2024-12-17 15:25:00,716577,210,E,OR,60,60,,,,,,34.174756,-118.160407,LINCOLN 1,23.14
2024-12-17 15:25:00,716580,210,E,OR,0,0,,,,,,34.160546,-118.158748,MOUNTAIN 2,24.16
2024-12-17 15:25:00,716585,210,E,OR,,,,,,,,34.151691,-118.142523,MARENGO,25.72
2024-12-17 15:25:00,716587,210,E,OR,,,,,,,,34.151658,-118.12944,LAKE NB,26.47
2024-12-17 15:25:00,716589,210,E,OR,36,36,,,,,,34.152187,-118.117782,HILL NB,27.14
2024-12-17 15:25:00,716590,210,E,OR,19,19,,,,,,34.152301,-118.109239,ALLEN,27.63
2024-12-17 15:25:00,716593,210,E,OR,22,22,,,,,,34.151406,-118.091041,SAN GABRIEL,28.68
2024-12-17 15:25:00,716595,210,E,OR,,,,,,,,34.147621,-118.079037,SIERRA MADRE V2,29.44
2024-12-17 15:25:00,769790,210,E,OR,,,,,,,,34.189219,-118.180753,BERKSHIRE,21.58
2024-12-17 15:25:00,769809,210,E,OR,,,,,,,,34.196934,-118.185042,FOOTHILL,20.98
2024-12-17 15:25:00,769820,210,E,OR,,,,,,,,34.205892,-118.198234,ANGELES CREST HWY NB,19.98
2024-12-17 15:25:00,769832,210,E,OR,,,,,,,,34.206745,-118.201533,ANGELES CREST HWY SB,19.78
2024-12-17 15:25:00,769848,210,E,OR,47,47,,,,,,34.211728,-118.228265,OCEAN VIEW,18.18
2024-12-17 15:25:00,769868,210,E,OR,50,50,,,,,,34.218398,-118.239738,LA CRESCENTA,17.38
2024-12-17 15:25:00,769881,210,E,OR,40,40,,,,,,34.221426,-118.245718,PENNSYLVANIA,16.98
2024-12-17 15:25:00,769896,210,E,OR,89,89,,,,,,34.230849,-118.265101,LOWELL / HONOLULU,15.68
2024-12-17 15:25:00,770117,210,E,OR,,,,,,,,34.234317,-118.286992,LA TUNA CANYON,14.39
2024-12-17 15:25:00,770387,210,E,OR,2,,2,,,,,34.206925,-118.21372,EB/NB 2 TO EB 210 CN,19.08
2024-12-17 15:30:00,716576,210,E,OR,,,,,,,,34.179921,-118.167405,ARROYO,22.6
2024-12-17 15:30:00,716577,210,E,OR,60,60,,,,,,34.174756,-118.160407,LINCOLN 1,23.14
2024-12-17 15:30:00,716580,210,E,OR,0,0,,,,,,34.160546,-118.158748,MOUNTAIN 2,24.16
2024-12-17 15:30:00,716585,210,E,OR,,,,,,,,34.151691,-118.142523,MARENGO,25.72
2024-12-17 15:30:00,716587,210,E,OR,,,,,,,,34.151658,-118.12944,LAKE NB,26.47
2024-12-17 15:30:00,716589,210,E,OR,25,25,,,,,,34.152187,-118.117782,HILL NB,27.14
2024-12-17 15:30:00,716590,210,E,OR,20,20,,,,,,34.152301,-118.109239,ALLEN,27.63
2024-12-17 15:30:00,716593,210,E,OR,34,34,,,,,,34.151406,-118.091041,SAN GABRIEL,28.68
2024-12-17 15:30:00,716595,210,E,OR,,,,,,,,34.147621,-118.079037,SIERRA MADRE V2,29.44
2024-12-17 15:30:00,769790,210,E,OR,,,,,,,,34.189219,-118.180753,BERKSHIRE,21.58
2024-12-17 15:30:00,769809,210,E,OR,,,,,,,,34.196934,-118.185042,FOOTHILL,20.98
2024-12-17 15:30:00,769820,210,E,OR,,,,,,,,34.205892,-118.198234,ANGELES CREST HWY NB,19.98
2024-12-17 15:30:00,769832,210,E,OR,,,,,,,,34.206745,-118.201533,ANGELES CREST HWY SB,19.78
2024-12-17 15:30:00,769848,210,E,OR,42,42,,,,,,34.211728,-118.228265,OCEAN VIEW,18.18
2024-12-17 15:30:00,769868,210,E,OR,69,69,,,,,,34.218398,-118.239738,LA CRESCENTA,17.38
2024-12-17 15:30:00,769881,210,E,OR,34,34,,,,,,34.221426,-118.245718,PENNSYLVANIA,16.98
2024-12-17 15:30:00,769896,210,E,OR,81,81,,,,,,34.230849,-118.265101,LOWELL / HONOLULU,15.68
2024-12-17 15:30:00,770117,210,E,OR,,,,,,,,34.234317,-118.286992,LA TUNA CANYON,14.39
2024-12-17 15:30:00,770387,210,E,OR,10,,10,,,,,34.206925,-118.21372,EB/NB 2 TO EB 210 CN,19.08
2024-12-17 15:35:00,716576,210,E,OR,,,,,,,,34.179921,-118.167405,ARROYO,22.6
2024-12-17 15:35:00,716577,210,E,OR,60,60,,,,,,34.174756,-118.160407,LINCOLN 1,23.14
2024-12-17 15:35:00,716580,210,E,OR,0,0,,,,,,34.160546,-118.158748,MOUNTAIN 2,24.16
2024-12-17 15:35:00,716585,210,E,OR,,,,,,,,34.151691,-118.142523,MARENGO,25.72
2024-12-17 15:35:00,716587,210,E,OR,,,,,,,,34.151658,-118.12944,LAKE NB,26.47
2024-12-17 15:35:00,716589,210,E,OR,34,34,,,,,,34.152187,-118.117782,HILL NB,27.14
2024-12-17 15:35:00,716590,210,E,OR,28,28,,,,,,34.152301,-118.109239,ALLEN,27.63
2024-12-17 15:35:00,716593,210,E,OR,33,33,,,,,,34.151406,-118.091041,SAN GABRIEL,28.68
2024-12-17 15:35:00,716595,210,E,OR,,,,,,,,34.147621,-118.079037,SIERRA MADRE V2,29.44
2024-12-17 15:35:00,769790,210,E,OR,,,,,,,,34.189219,-118.180753,BERKSHIRE,21.58
2024-12-17 15:35:00,769809,210,E,OR,,,,,,,,34.196934,-118.185042,FOOTHILL,20.98
2024-12-17 15:35:00,769820,210,E,OR,,,,,,,,34.205892,-118.198234,ANGELES CREST HWY NB,19.98
2024-12-17 15:35:00,769832,210,E,OR,,,,,,,,34.206745,-118.201533,ANGELES CREST HWY SB,19.78
2024-12-17 15:35:00,769848,210,E,OR,43,43,,,,,,34.211728,-118.228265,OCEAN VIEW,18.18
2024-12-17 15:35:00,769868,210,E,OR,88,88,,,,,,34.218398,-118.239738,LA CRESCENTA,17.38
2024-12-17 15:35:00,769881,210,E,OR,44,44,,,,,,34.221426,-118.245718,PENNSYLVANIA,16.98
2024-12-17 15:35:00,769896,210,E,OR,80,80,,,,,,34.230849,-118.265101,LOWELL / HONOLULU,15.68
2024-12-17 15:35:00,770117,210,E,OR,,,,,,,,34.234317,-118.286992,LA TUNA CANYON,14.39
2024-12-17 15:35:00,770387,210,E,OR,10,,10,,,,,34.206925,-118.21372,EB/NB 2 TO EB 210 CN,19.08
2024-12-17 15:40:00,716576,210,E,OR,,,,,,,,34.179921,-118.167405,ARROYO,22.6
2024-12-17 15:40:00,716577,210,E,OR,60,60,,,,,,34.174756,-118.160407,LINCOLN 1,23.14
2024-12-17 15:40:00,716580,210,E,OR,0,0,,,,,,34.160546,-118.158748,MOUNTAIN 2,24.16
2024-12-17 15:40:00,716585,210,E,OR,,,,,,,,34.151691,-118.142523,MARENGO,25.72
2024-12-17 15:40:00,716587,210,E,OR,,,,,,,,34.151658,-118.12944,LAKE NB,26.47
2024-12-17 15:40:00,716589,210,E,OR,38,38,,,,,,34.152187,-118.117782,HILL NB,27.14
2024-12-17 15:40:00,716590,210,E,OR,21,21,,,,,,34.152301,-118.109239,ALLEN,27.63
2024-12-17 15:40:00,716593,210,E,OR,43,43,,,,,,34.151406,-118.091041,SAN GABRIEL,28.68
2024-12-17 15:40:00,716595,210,E,OR,,,,,,,,34.147621,-118.079037,SIERRA MADRE V2,29.44
2024-12-17 15:40:00,769790,210,E,OR,,,,,,,,34.189219,-118.180753,BERKSHIRE,21.58
2024-12-17 15:40:00,769809,210,E,OR,,,,,,,,34.196934,-118.185042,FOOTHILL,20.98
2024-12-17 15:40:00,769820,210,E,OR,,,,,,,,34.205892,-118.198234,ANGELES CREST HWY NB,19.98
2024-12-17 15:40:00,769832,210,E,OR,,,,,,,,34.206745,-118.201533,ANGELES CREST HWY SB,19.78
2024-12-17 15:40:00,769848,210,E,OR,53,53,,,,,,34.211728,-118.228265,OCEAN VIEW,18.18
2024-12-17 15:40:00,769868,210,E,OR,86,86,,,,,,34.218398,-118.239738,LA CRESCENTA,17.38
2024-12-17 15:40:00,769881,210,E,OR,33,33,,,,,,34.221426,-118.245718,PENNSYLVANIA,16.98
2024-12-17 15:40:00,769896,210,E,OR,77,77,,,,,,34.230849,-118.265101,LOWELL / HONOLULU,15.68
2024-12-17 15:40:00,770117,210,E,OR,,,,,,,,34.234317,-118.286992,LA TUNA CANYON,14.39
2024-12-17 15:40:00,770387,210,E,OR,23,,23,,,,,34.206925,-118.21372,EB/NB 2 TO EB 210 CN,19.08
2024-12-17 15:45:00,716576,210,E,OR,,,,,,,,34.179921,-118.167405,ARROYO,22.6
2024-12-17 15:45:00,716577,210,E,OR,60,60,,,,,,34.174756,-118.160407,LINCOLN 1,23.14
2024-12-17 15:45:00,716580,210,E,OR,0,0,,,,,,34.160546,-118.158748,MOUNTAIN 2,24.16
2024-12-17 15:45:00,716585,210,E,OR,,,,,,,,34.151691,-118.142523,MARENGO,25.72
2024-12-17 15:45:00,716587,210,E,OR,,,,,,,,34.151658,-118.12944,LAKE NB,26.47
2024-12-17 15:45:00,716589,210,E,OR,21,21,,,,,,34.152187,-118.117782,HILL NB,27.14
2024-12-17 15:45:00,716590,210,E,OR,25,25,,,,,,34.152301,-118.109239,ALLEN,27.63
2024-12-17 15:45:00,716593,210,E,OR,23,23,,,,,,34.151406,-118.091041,SAN GABRIEL,28.68
2024-12-17 15:45:00,716595,210,E,OR,,,,,,,,34.147621,-118.079037,SIERRA MADRE V2,29.44
2024-12-17 15:45:00,769790,210,E,OR,,,,,,,,34.189219,-118.180753,BERKSHIRE,21.58
2024-12-17 15:45:00,769809,210,E,OR,,,,,,,,34.196934,-118.185042,FOOTHILL,20.98
2024-12-17 15:45:00,769820,210,E,OR,,,,,,,,34.205892,-118.198234,ANGELES CREST HWY NB,19.98
2024-12-17 15:45:00,769832,210,E,OR,,,,,,,,34.206745,-118.201533,ANGELES CREST HWY SB,19.78
2024-12-17 15:45:00,769848,210,E,OR,40,40,,,,,,34.211728,-118.228265,OCEAN VIEW,18.18
2024-12-17 15:45:00,769868,210,E,OR,68,68,,,,,,34.218398,-118.239738,LA CRESCENTA,17.38
2024-12-17 15:45:00,769881,210,E,OR,29,29,,,,,,34.221426,-118.245718,PENNSYLVANIA,16.98
2024-12-17 15:45:00,769896,210,E,OR,106,106,,,,,,34.230849,-118.265101,LOWELL / HONOLULU,15.68
2024-12-17 15:45:00,770117,210,E,OR,,,,,,,,34.234317,-118.286992,LA TUNA CANYON,14.39
2024-12-17 15:45:00,770387,210,E,OR,18,,18,,,,,34.206925,-118.21372,EB/NB 2 TO EB 210 CN,19.08
2024-12-17 15:50:00,716576,210,E,OR,,,,,,,,34.179921,-118.167405,ARROYO,22.6
2024-12-17 15:50:00,716577,210,E,OR,60,60,,,,,,34.174756,-118.160407,LINCOLN 1,23.14
2024-12-17 15:50:00,716580,210,E,OR,0,0,,,,,,34.160546,-118.158748,MOUNTAIN 2,24.16
2024-12-17 15:50:00,716585,210,E,OR,,,,,,,,34.151691,-118.142523,MARENGO,25.72
2024-12-17 15:50:00,716587,210,E,OR,,,,,,,,34.151658,-118.12944,LAKE NB,26.47
2024-12-17 15:50:00,716589,210,E,OR,22,22,,,,,,34.152187,-118.117782,HILL NB,27.14
2024-12-17 15:50:00,716590,210,E,OR,18,18,,,,,,34.152301,-118.109239,ALLEN,27.63
2024-12-17 15:50:00,716593,210,E,OR,32,32,,,,,,34.151406,-118.091041,SAN GABRIEL,28.68
2024-12-17 15:50:00,716595,210,E,OR,,,,,,,,34.147621,-118.079037,SIERRA MADRE V2,29.44
2024-12-17 15:50:00,769790,210,E,OR,,,,,,,,34.189219,-118.180753,BERKSHIRE,21.58
2024-12-17 15:50:00,769809,210,E,OR,,,,,,,,34.196934,-118.185042,FOOTHILL,20.98
2024-12-17 15:50:00,769820,210,E,OR,,,,,,,,34.205892,-118.198234,ANGELES CREST HWY NB,19.98
2024-12-17 15:50:00,769832,210,E,OR,,,,,,,,34.206745,-118.201533,ANGELES CREST HWY SB,19.78
2024-12-17 15:50:00,769848,210,E,OR,36,36,,,,,,34.211728,-118.228265,OCEAN VIEW,18.18
2024-12-17 15:50:00,769868,210,E,OR,59,59,,,,,,34.218398,-118.239738,LA CRESCENTA,17.38
2024-12-17 15:50:00,769881,210,E,OR,53,53,,,,,,34.221426,-118.245718,PENNSYLVANIA,16.98
2024-12-17 15:50:00,769896,210,E,OR,85,85,,,,,,34.230849,-118.265101,LOWELL / HONOLULU,15.68
2024-12-17 15:50:00,770117,210,E,OR,,,,,,,,34.234317,-118.286992,LA TUNA CANYON,14.39
2024-12-17 15:50:00,770387,210,E,OR,6,,6,,,,,34.206925,-118.21372,EB/NB 2 TO EB 210 CN,19.08
2024-12-17 15:55:00,716576,210,E,OR,,,,,,,,34.179921,-118.167405,ARROYO,22.6
2024-12-17 15:55:00,716577,210,E,OR,60,60,,,,,,34.174756,-118.160407,LINCOLN 1,23.14
2024-12-17 15:55:00,716580,210,E,OR,0,0,,,,,,34.160546,-118.158748,MOUNTAIN 2,24.16
2024-12-17 15:55:00,716585,210,E,OR,,,,,,,,34.151691,-118.142523,MARENGO,25.72
2024-12-17 15:55:00,716587,210,E,OR,,,,,,,,34.151658,-118.12944,LAKE NB,26.47
2024-12-17 15:55:00,716589,210,E,OR,25,25,,,,,,34.152187,-118.117782,HILL NB,27.14
2024-12-17 15:55:00,716590,210,E,OR,20,20,,,,,,34.152301,-118.109239,ALLEN,27.63
2024-12-17 15:55:00,716593,210,E,OR,20,20,,,,,,34.151406,-118.091041,SAN GABRIEL,28.68
2024-12-17 15:55:00,716595,210,E,OR,,,,,,,,34.147621,-118.079037,SIERRA MADRE V2,29.44
2024-12-17 15:55:00,769790,210,E,OR,,,,,,,,34.189219,-118.180753,BERKSHIRE,21.58
2024-12-17 15:55:00,769809,210,E,OR,,,,,,,,34.196934,-118.185042,FOOTHILL,20.98
2024-12-17 15:55:00,769820,210,E,OR,,,,,,,,34.205892,-118.198234,ANGELES CREST HWY NB,19.98
2024-12-17 15:55:00,769832,210,E,OR,,,,,,,,34.206745,-118.201533,ANGELES CREST HWY SB,19.78
2024-12-17 15:55:00,769848,210,E,OR,30,30,,,,,,34.211728,-118.228265,OCEAN VIEW,18.18
2024-12-17 15:55:00,769868,210,E,OR,66,66,,,,,,34.218398,-118.239738,LA CRESCENTA,17.38
2024-12-17 15:55:00,769881,210,E,OR,57,57,,,,,,34.221426,-118.245718,PENNSYLVANIA,16.98
2024-12-17 15:55:00,769896,210,E,OR,75,75,,,,,,34.230849,-118.265101,LOWELL / HONOLULU,15.68
2024-12-17 15:55:00,770117,210,E,OR,,,,,,,,34.234317,-118.286992,LA TUNA CANYON,14.39
2024-12-17 15:55:00,770387,210,E,OR,17,,17,,,,,34.206925,-118.21372,EB/NB 2 TO EB 210 CN,19.08
2024-12-17 16:00:00,716576,210,E,OR,,,,,,,,34.179921,-118.167405,ARROYO,22.6
2024-12-17 16:00:00,716577,210,E,OR,60,60,,,,,,34.174756,-118.160407,LINCOLN 1,23.14
2024-12-17 16:00:00,716580,210,E,OR,0,0,,,,,,34.160546,-118.158748,MOUNTAIN 2,24.16
2024-12-17 16:00:00,716585,210,E,OR,,,,,,,,34.151691,-118.142523,MARENGO,25.72
2024-12-17 16:00:00,716587,210,E,OR,,,,,,,,34.151658,-118.12944,LAKE NB,26.47
2024-12-17 16:00:00,716589,210,E,OR,20,20,,,,,,34.152187,-118.117782,HILL NB,27.14
2024-12-17 16:00:00,716590,210,E,OR,16,16,,,,,,34.152301,-118.109239,ALLEN,27.63
2024-12-17 16:00:00,716593,210,E,OR,27,27,,,,,,34.151406,-118.091041,SAN GABRIEL,28.68
2024-12-17 16:00:00,716595,210,E,OR,,,,,,,,34.147621,-118.079037,SIERRA MADRE V2,29.44
2024-12-17 16:00:00,769790,210,E,OR,,,,,,,,34.189219,-118.180753,BERKSHIRE,21.58
2024-12-17 16:00:00,769809,210,E,OR,,,,,,,,34.196934,-118.185042,FOOTHILL,20.98
2024-12-17 16:00:00,769820,210,E,OR,,,,,,,,34.205892,-118.198234,ANGELES CREST HWY NB,19.98
2024-12-17 16:00:00,769832,210,E,OR,,,,,,,,34.206745,-118.201533,ANGELES CREST HWY SB,19.78
2024-12-17 16:00:00,769848,210,E,OR,45,45,,,,,,34.211728,-118.228265,OCEAN VIEW,18.18
2024-12-17 16:00:00,769868,210,E,OR,68,68,,,,,,34.218398,-118.239738,LA CRESCENTA,17.38
2024-12-17 16:00:00,769881,210,E,OR,72,72,,,,,,34.221426,-118.245718,PENNSYLVANIA,16.98
2024-12-17 16:00:00,769896,210,E,OR,80,80,,,,,,34.230849,-118.265101,LOWELL / HONOLULU,15.68
2024-12-17 16:00:00,770117,210,E,OR,,,,,,,,34.234317,-118.286992,LA TUNA CANYON,14.39
2024-12-17 16:00:00,770387,210,E,OR,14,,14,,,,,34.206925,-118.21372,EB/NB 2 TO EB 210 CN,19.08
2024-12-17 16:05:00,716576,210,E,OR,,,,,,,,34.179921,-118.167405,ARROYO,22.6
2024-12-17 16:05:00,716577,210,E,OR,60,60,,,,,,34.174756,-118.160407,LINCOLN 1,23.14
2024-12-17 16:05:00,716580,210,E,OR,0,0,,,,,,34.160546,-118.158748,MOUNTAIN 2,24.16
2024-12-17 16:05:00,716585,210,E,OR,,,,,,,,34.151691,-118.142523,MARENGO,25.72
2024-12-17 16:05:00,716587,210,E,OR,,,,,,,,34.151658,-118.12944,LAKE NB,26.47
2024-12-17 16:05:00,716589,210,E,OR,29,29,,,,,,34.152187,-118.117782,HILL NB,27.14
2024-12-17 16:05:00,716590,210,E,OR,19,19,,,,,,34.152301,-118.109239,ALLEN,27.63
2024-12-17 16:05:00,716593,210,E,OR,35,35,,,,,,34.151406,-118.091041,SAN GABRIEL,28.68
2024-12-17 16:05:00,716595,210,E,OR,,,,,,,,34.147621,-118.079037,SIERRA MADRE V2,29.44
2024-12-17 16:05:00,769790,210,E,OR,,,,,,,,34.189219,-118.180753,BERKSHIRE,21.58
2024-12-17 16:05:00,769809,210,E,OR,,,,,,,,34.196934,-118.185042,FOOTHILL,20.98
2024-12-17 16:05:00,769820,210,E,OR,,,,,,,,34.205892,-118.198234,ANGELES CREST HWY NB,19.98
2024-12-17 16:05:00,769832,210,E,OR,,,,,,,,34.206745,-118.201533,ANGELES CREST HWY SB,19.78
2024-12-17 16:05:00,769848,210,E,OR,30,30,,,,,,34.211728,-118.228265,OCEAN VIEW,18.18
2024-12-17 16:05:00,769868,210,E,OR,66,66,,,,,,34.218398,-118.239738,LA CRESCENTA,17.38
2024-12-17 16:05:00,769881,210,E,OR,46,46,,,,,,34.221426,-118.245718,PENNSYLVANIA,16.98
2024-12-17 16:05:00,769896,210,E,OR,71,71,,,,,,34.230849,-118.265101,LOWELL / HONOLULU,15.68
2024-12-17 16:05:00,770117,210,E,OR,,,,,,,,34.234317,-118.286992,LA TUNA CANYON,14.39
2024-12-17 16:05:00,770387,210,E,OR,13,,13,,,,,34.206925,-118.21372,EB/NB 2 TO EB 210 CN,19.08
2024-12-17 16:10:00,716576,210,E,OR,,,,,,,,34.179921,-118.167405,ARROYO,22.6
2024-12-17 16:10:00,716577,210,E,OR,60,60,,,,,,34.174756,-118.160407,LINCOLN 1,23.14
2024-12-17 16:10:00,716580,210,E,OR,0,0,,,,,,34.160546,-118.158748,MOUNTAIN 2,24.16
2024-12-17 16:10:00,716585,210,E,OR,,,,,,,,34.151691,-118.142523,MARENGO,25.72
2024-12-17 16:10:00,716587,210,E,OR,,,,,,,,34.151658,-118.12944,LAKE NB,26.47
2024-12-17 16:10:00,716589,210,E,OR,34,34,,,,,,34.152187,-118.117782,HILL NB,27.14
2024-12-17 16:10:00,716590,210,E,OR,18,18,,,,,,34.152301,-118.109239,ALLEN,27.63
2024-12-17 16:10:00,716593,210,E,OR,32,32,,,,,,34.151406,-118.091041,SAN GABRIEL,28.68
2024-12-17 16:10:00,716595,210,E,OR,,,,,,,,34.147621,-118.079037,SIERRA MADRE V2,29.44
2024-12-17 16:10:00,769790,210,E,OR,,,,,,,,34.189219,-118.180753,BERKSHIRE,21.58
2024-12-17 16:10:00,769809,210,E,OR,,,,,,,,34.196934,-118.185042,FOOTHILL,20.98
2024-12-17 16:10:00,769820,210,E,OR,,,,,,,,34.205892,-118.198234,ANGELES CREST HWY NB,19.98
2024-12-17 16:10:00,769832,210,E,OR,,,,,,,,34.206745,-118.201533,ANGELES CREST HWY SB,19.78
2024-12-17 16:10:00,769848,210,E,OR,29,29,,,,,,34.211728,-118.228265,OCEAN VIEW,18.18
2024-12-17 16:10:00,769868,210,E,OR,50,50,,,,,,34.218398,-118.239738,LA CRESCENTA,17.38
2024-12-17 16:10:00,769881,210,E,OR,51,51,,,,,,34.221426,-118.245718,PENNSYLVANIA,16.98
2024-12-17 16:10:00,769896,210,E,OR,96,96,,,,,,34.230849,-118.265101,LOWELL / HONOLULU,15.68
2024-12-17 16:10:00,770117,210,E,OR,,,,,,,,34.234317,-118.286992,LA TUNA CANYON,14.39
2024-12-17 16:10:00,770387,210,E,OR,20,,20,,,,,34.206925,-118.21372,EB/NB 2 TO EB 210 CN,19.08
2024-12-17 16:15:00,716576,210,E,OR,,,,,,,,34.179921,-118.167405,ARROYO,22.6
2024-12-17 16:15:00,716577,210,E,OR,60,60,,,,,,34.174756,-118.160407,LINCOLN 1,23.14
2024-12-17 16:15:00,716580,210,E,OR,0,0,,,,,,34.160546,-118.158748,MOUNTAIN 2,24.16
2024-12-17 16:15:00,716585,210,E,OR,,,,,,,,34.151691,-118.142523,MARENGO,25.72
2024-12-17 16:15:00,716587,210,E,OR,,,,,,,,34.151658,-118.12944,LAKE NB,26.47
2024-12-17 16:15:00,716589,210,E,OR,31,31,,,,,,34.152187,-118.117782,HILL NB,27.14
2024-12-17 16:15:00,716590,210,E,OR,20,20,,,,,,34.152301,-118.109239,ALLEN,27.63
2024-12-17 16:15:00,716593,210,E,OR,18,18,,,,,,34.151406,-118.091041,SAN GABRIEL,28.68
2024-12-17 16:15:00,716595,210,E,OR,,,,,,,,34.147621,-118.079037,SIERRA MADRE V2,29.44
2024-12-17 16:15:00,769790,210,E,OR,,,,,,,,34.189219,-118.180753,BERKSHIRE,21.58
2024-12-17 16:15:00,769809,210,E,OR,,,,,,,,34.196934,-118.185042,FOOTHILL,20.98
2024-12-17 16:15:00,769820,210,E,OR,,,,,,,,34.205892,-118.198234,ANGELES CREST HWY NB,19.98
2024-12-17 16:15:00,769832,210,E,OR,,,,,,,,34.206745,-118.201533,ANGELES CREST HWY SB,19.78
2024-12-17 16:15:00,769848,210,E,OR,49,49,,,,,,34.211728,-118.228265,OCEAN VIEW,18.18
2024-12-17 16:15:00,769868,210,E,OR,70,70,,,,,,34.218398,-118.239738,LA CRESCENTA,17.38
2024-12-17 16:15:00,769881,210,E,OR,62,62,,,,,,34.221426,-118.245718,PENNSYLVANIA,16.98
2024-12-17 16:15:00,769896,210,E,OR,81,81,,,,,,34.230849,-118.265101,LOWELL / HONOLULU,15.68
2024-12-17 16:15:00,770117,210,E,OR,,,,,,,,34.234317,-118.286992,LA TUNA CANYON,14.39
2024-12-17 16:15:00,770387,210,E,OR,11,,11,,,,,34.206925,-118.21372,EB/NB 2 TO EB 210 CN,19.08
2024-12-17 16:20:00,716576,210,E,OR,,,,,,,,34.179921,-118.167405,ARROYO,22.6
2024-12-17 16:20:00,716577,210,E,OR,60,60,,,,,,34.174756,-118.160407,LINCOLN 1,23.14
2024-12-17 16:20:00,716580,210,E,OR,0,0,,,,,,34.160546,-118.158748,MOUNTAIN 2,24.16
2024-12-17 16:20:00,716585,210,E,OR,,,,,,,,34.151691,-118.142523,MARENGO,25.72
2024-12-17 16:20:00,716587,210,E,OR,,,,,,,,34.151658,-118.12944,LAKE NB,26.47
2024-12-17 16:20:00,716589,210,E,OR,25,25,,,,,,34.152187,-118.117782,HILL NB,27.14
2024-12-17 16:20:00,716590,210,E,OR,15,15,,,,,,34.152301,-118.109239,ALLEN,27.63
2024-12-17 16:20:00,716593,210,E,OR,33,33,,,,,,34.151406,-118.091041,SAN GABRIEL,28.68
2024-12-17 16:20:00,716595,210,E,OR,,,,,,,,34.147621,-118.079037,SIERRA MADRE V2,29.44
2024-12-17 16:20:00,769790,210,E,OR,,,,,,,,34.189219,-118.180753,BERKSHIRE,21.58
2024-12-17 16:20:00,769809,210,E,OR,,,,,,,,34.196934,-118.185042,FOOTHILL,20.98
2024-12-17 16:20:00,769820,210,E,OR,,,,,,,,34.205892,-118.198234,ANGELES CREST HWY NB,19.98
2024-12-17 16:20:00,769832,210,E,OR,,,,,,,,34.206745,-118.201533,ANGELES CREST HWY SB,19.78
2024-12-17 16:20:00,769848,210,E,OR,55,55,,,,,,34.211728,-118.228265,OCEAN VIEW,18.18
2024-12-17 16:20:00,769868,210,E,OR,61,61,,,,,,34.218398,-118.239738,LA CRESCENTA,17.38
2024-12-17 16:20:00,769881,210,E,OR,32,32,,,,,,34.221426,-118.245718,PENNSYLVANIA,16.98
2024-12-17 16:20:00,769896,210,E,OR,81,81,,,,,,34.230849,-118.265101,LOWELL / HONOLULU,15.68
2024-12-17 16:20:00,770117,210,E,OR,,,,,,,,34.234317,-118.286992,LA TUNA CANYON,14.39
2024-12-17 16:20:00,770387,210,E,OR,15,,15,,,,,34.206925,-118.21372,EB/NB 2 TO EB 210 CN,19.08
2024-12-17 16:25:00,716576,210,E,OR,,,,,,,,34.179921,-118.167405,ARROYO,22.6
2024-12-17 16:25:00,716577,210,E,OR,60,60,,,,,,34.174756,-118.160407,LINCOLN 1,23.14
2024-12-17 16:25:00,716580,210,E,OR,0,0,,,,,,34.160546,-118.158748,MOUNTAIN 2,24.16
2024-12-17 16:25:00,716585,210,E,OR,,,,,,,,34.151691,-118.142523,MARENGO,25.72
2024-12-17 16:25:00,716587,210,E,OR,,,,,,,,34.151658,-118.12944,LAKE NB,26.47
2024-12-17 16:25:00,716589,210,E,OR,23,23,,,,,,34.152187,-118.117782,HILL NB,27.14
2024-12-17 16:25:00,716590,210,E,OR,16,16,,,,,,34.152301,-118.109239,ALLEN,27.63
2024-12-17 16:25:00,716593,210,E,OR,26,26,,,,,,34.151406,-118.091041,SAN GABRIEL,28.68
2024-12-17 16:25:00,716595,210,E,OR,,,,,,,,34.147621,-118.079037,SIERRA MADRE V2,29.44
2024-12-17 16:25:00,769790,210,E,OR,,,,,,,,34.189219,-118.180753,BERKSHIRE,21.58
2024-12-17 16:25:00,769809,210,E,OR,,,,,,,,34.196934,-118.185042,FOOTHILL,20.98
2024-12-17 16:25:00,769820,210,E,OR,,,,,,,,34.205892,-118.198234,ANGELES CREST HWY NB,19.98
2024-12-17 16:25:00,769832,210,E,OR,,,,,,,,34.206745,-118.201533,ANGELES CREST HWY SB,19.78
2024-12-17 16:25:00,769848,210,E,OR,26,26,,,,,,34.211728,-118.228265,OCEAN VIEW,18.18
2024-12-17 16:25:00,769868,210,E,OR,90,90,,,,,,34.218398,-118.239738,LA CRESCENTA,17.38
2024-12-17 16:25:00,769881,210,E,OR,33,33,,,,,,34.221426,-118.245718,PENNSYLVANIA,16.98
2024-12-17 16:25:00,769896,210,E,OR,64,64,,,,,,34.230849,-118.265101,LOWELL / HONOLULU,15.68
2024-12-17 16:25:00,770117,210,E,OR,,,,,,,,34.234317,-118.286992,LA TUNA CANYON,14.39
2024-12-17 16:25:00,770387,210,E,OR,18,,18,,,,,34.206925,-118.21372,EB/NB 2 TO EB 210 CN,19.08
2024-12-17 16:30:00,716576,210,E,OR,,,,,,,,34.179921,-118.167405,ARROYO,22.6
2024-12-17 16:30:00,716577,210,E,OR,60,60,,,,,,34.174756,-118.160407,LINCOLN 1,23.14
2024-12-17 16:30:00,716580,210,E,OR,0,0,,,,,,34.160546,-118.158748,MOUNTAIN 2,24.16
2024-12-17 16:30:00,716585,210,E,OR,,,,,,,,34.151691,-118.142523,MARENGO,25.72
2024-12-17 16:30:00,716587,210,E,OR,,,,,,,,34.151658,-118.12944,LAKE NB,26.47
2024-12-17 16:30:00,716589,210,E,OR,24,24,,,,,,34.152187,-118.117782,HILL NB,27.14
2024-12-17 16:30:00,716590,210,E,OR,25,25,,,,,,34.152301,-118.109239,ALLEN,27.63
2024-12-17 16:30:00,716593,210,E,OR,19,19,,,,,,34.151406,-118.091041,SAN GABRIEL,28.68
2024-12-17 16:30:00,716595,210,E,OR,,,,,,,,34.147621,-118.079037,SIERRA MADRE V2,29.44
2024-12-17 16:30:00,769790,210,E,OR,,,,,,,,34.189219,-118.180753,BERKSHIRE,21.58
2024-12-17 16:30:00,769809,210,E,OR,,,,,,,,34.196934,-118.185042,FOOTHILL,20.98
2024-12-17 16:30:00,769820,210,E,OR,,,,,,,,34.205892,-118.198234,ANGELES CREST HWY NB,19.98
2024-12-17 16:30:00,769832,210,E,OR,,,,,,,,34.206745,-118.201533,ANGELES CREST HWY SB,19.78
2024-12-17 16:30:00,769848,210,E,OR,51,51,,,,,,34.211728,-118.228265,OCEAN VIEW,18.18
2024-12-17 16:30:00,769868,210,E,OR,65,65,,,,,,34.218398,-118.239738,LA CRESCENTA,17.38
2024-12-17 16:30:00,769881,210,E,OR,42,42,,,,,,34.221426,-118.245718,PENNSYLVANIA,16.98
2024-12-17 16:30:00,769896,210,E,OR,58,58,,,,,,34.230849,-118.265101,LOWELL / HONOLULU,15.68
2024-12-17 16:30:00,770117,210,E,OR,,,,,,,,34.234317,-118.286992,LA TUNA CANYON,14.39
2024-12-17 16:30:00,770387,210,E,OR,13,,13,,,,,34.206925,-118.21372,EB/NB 2 TO EB 210 CN,19.08
2024-12-17 16:35:00,716576,210,E,OR,,,,,,,,34.179921,-118.167405,ARROYO,22.6
2024-12-17 16:35:00,716577,210,E,OR,60,60,,,,,,34.174756,-118.160407,LINCOLN 1,23.14
2024-12-17 16:35:00,716580,210,E,OR,0,0,,,,,,34.160546,-118.158748,MOUNTAIN 2,24.16
2024-12-17 16:35:00,716585,210,E,OR,,,,,,,,34.151691,-118.142523,MARENGO,25.72
2024-12-17 16:35:00,716587,210,E,OR,,,,,,,,34.151658,-118.12944,LAKE NB,26.47
2024-12-17 16:35:00,716589,210,E,OR,25,25,,,,,,34.152187,-118.117782,HILL NB,27.14
2024-12-17 16:35:00,716590,210,E,OR,13,13,,,,,,34.152301,-118.109239,ALLEN,27.63
2024-12-17 16:35:00,716593,210,E,OR,22,22,,,,,,34.151406,-118.091041,SAN GABRIEL,28.68
2024-12-17 16:35:00,716595,210,E,OR,,,,,,,,34.147621,-118.079037,SIERRA MADRE V2,29.44
2024-12-17 16:35:00,769790,210,E,OR,,,,,,,,34.189219,-118.180753,BERKSHIRE,21.58
2024-12-17 16:35:00,769809,210,E,OR,,,,,,,,34.196934,-118.185042,FOOTHILL,20.98
2024-12-17 16:35:00,769820,210,E,OR,,,,,,,,34.205892,-118.198234,ANGELES CREST HWY NB,19.98
2024-12-17 16:35:00,769832,210,E,OR,,,,,,,,34.206745,-118.201533,ANGELES CREST HWY SB,19.78
2024-12-17 16:35:00,769848,210,E,OR,35,35,,,,,,34.211728,-118.228265,OCEAN VIEW,18.18
2024-12-17 16:35:00,769868,210,E,OR,48,48,,,,,,34.218398,-118.239738,LA CRESCENTA,17.38
2024-12-17 16:35:00,769881,210,E,OR,24,24,,,,,,34.221426,-118.245718,PENNSYLVANIA,16.98
2024-12-17 16:35:00,769896,210,E,OR,67,67,,,,,,34.230849,-118.265101,LOWELL / HONOLULU,15.68
2024-12-17 16:35:00,770117,210,E,OR,,,,,,,,34.234317,-118.286992,LA TUNA CANYON,14.39
2024-12-17 16:35:00,770387,210,E,OR,24,,24,,,,,34.206925,-118.21372,EB/NB 2 TO EB 210 CN,19.08
2024-12-17 16:40:00,716576,210,E,OR,,,,,,,,34.179921,-118.167405,ARROYO,22.6
2024-12-17 16:40:00,716577,210,E,OR,60,60,,,,,,34.174756,-118.160407,LINCOLN 1,23.14
2024-12-17 16:40:00,716580,210,E,OR,0,0,,,,,,34.160546,-118.158748,MOUNTAIN 2,24.16
2024-12-17 16:40:00,716585,210,E,OR,,,,,,,,34.151691,-118.142523,MARENGO,25.72
2024-12-17 16:40:00,716587,210,E,OR,,,,,,,,34.151658,-118.12944,LAKE NB,26.47
2024-12-17 16:40:00,716589,210,E,OR,24,24,,,,,,34.152187,-118.117782,HILL NB,27.14
2024-12-17 16:40:00,716590,210,E,OR,14,14,,,,,,34.152301,-118.109239,ALLEN,27.63
2024-12-17 16:40:00,716593,210,E,OR,27,27,,,,,,34.151406,-118.091041,SAN GABRIEL,28.68
2024-12-17 16:40:00,716595,210,E,OR,,,,,,,,34.147621,-118.079037,SIERRA MADRE V2,29.44
2024-12-17 16:40:00,769790,210,E,OR,,,,,,,,34.189219,-118.180753,BERKSHIRE,21.58
2024-12-17 16:40:00,769809,210,E,OR,,,,,,,,34.196934,-118.185042,FOOTHILL,20.98
2024-12-17 16:40:00,769820,210,E,OR,,,,,,,,34.205892,-118.198234,ANGELES CREST HWY NB,19.98
2024-12-17 16:40:00,769832,210,E,OR,,,,,,,,34.206745,-118.201533,ANGELES CREST HWY SB,19.78
2024-12-17 16:40:00,769848,210,E,OR,39,39,,,,,,34.211728,-118.228265,OCEAN VIEW,18.18
2024-12-17 16:40:00,769868,210,E,OR,86,86,,,,,,34.218398,-118.239738,LA CRESCENTA,17.38
2024-12-17 16:40:00,769881,210,E,OR,43,43,,,,,,34.221426,-118.245718,PENNSYLVANIA,16.98
2024-12-17 16:40:00,769896,210,E,OR,88,88,,,,,,34.230849,-118.265101,LOWELL / HONOLULU,15.68
2024-12-17 16:40:00,770117,210,E,OR,,,,,,,,34.234317,-118.286992,LA TUNA CANYON,14.39
2024-12-17 16:40:00,770387,210,E,OR,31,,31,,,,,34.206925,-118.21372,EB/NB 2 TO EB 210 CN,19.08
2024-12-17 16:45:00,716576,210,E,OR,,,,,,,,34.179921,-118.167405,ARROYO,22.6
2024-12-17 16:45:00,716577,210,E,OR,60,60,,,,,,34.174756,-118.160407,LINCOLN 1,23.14
2024-12-17 16:45:00,716580,210,E,OR,0,0,,,,,,34.160546,-118.158748,MOUNTAIN 2,24.16
2024-12-17 16:45:00,716585,210,E,OR,,,,,,,,34.151691,-118.142523,MARENGO,25.72
2024-12-17 16:45:00,716587,210,E,OR,,,,,,,,34.151658,-118.12944,LAKE NB,26.47
2024-12-17 16:45:00,716589,210,E,OR,31,31,,,,,,34.152187,-118.117782,HILL NB,27.14
2024-12-17 16:45:00,716590,210,E,OR,20,20,,,,,,34.152301,-118.109239,ALLEN,27.63
2024-12-17 16:45:00,716593,210,E,OR,29,29,,,,,,34.151406,-118.091041,SAN GABRIEL,28.68
2024-12-17 16:45:00,716595,210,E,OR,,,,,,,,34.147621,-118.079037,SIERRA MADRE V2,29.44
2024-12-17 16:45:00,769790,210,E,OR,,,,,,,,34.189219,-118.180753,BERKSHIRE,21.58
2024-12-17 16:45:00,769809,210,E,OR,,,,,,,,34.196934,-118.185042,FOOTHILL,20.98
2024-12-17 16:45:00,769820,210,E,OR,,,,,,,,34.205892,-118.198234,ANGELES CREST HWY NB,19.98
2024-12-17 16:45:00,769832,210,E,OR,,,,,,,,34.206745,-118.201533,ANGELES CREST HWY SB,19.78
2024-12-17 16:45:00,769848,210,E,OR,39,39,,,,,,34.211728,-118.228265,OCEAN VIEW,18.18
2024-12-17 16:45:00,769868,210,E,OR,43,43,,,,,,34.218398,-118.239738,LA CRESCENTA,17.38
2024-12-17 16:45:00,769881,210,E,OR,51,51,,,,,,34.221426,-118.245718,PENNSYLVANIA,16.98
2024-12-17 16:45:00,769896,210,E,OR,78,78,,,,,,34.230849,-118.265101,LOWELL / HONOLULU,15.68
2024-12-17 16:45:00,770117,210,E,OR,,,,,,,,34.234317,-118.286992,LA TUNA CANYON,14.39
2024-12-17 16:45:00,770387,210,E,OR,12,,12,,,,,34.206925,-118.21372,EB/NB 2 TO EB 210 CN,19.08
2024-12-17 16:50:00,716576,210,E,OR,,,,,,,,34.179921,-118.167405,ARROYO,22.6
2024-12-17 16:50:00,716577,210,E,OR,60,60,,,,,,34.174756,-118.160407,LINCOLN 1,23.14
2024-12-17 16:50:00,716580,210,E,OR,0,0,,,,,,34.160546,-118.158748,MOUNTAIN 2,24.16
2024-12-17 16:50:00,716585,210,E,OR,,,,,,,,34.151691,-118.142523,MARENGO,25.72
2024-12-17 16:50:00,716587,210,E,OR,,,,,,,,34.151658,-118.12944,LAKE NB,26.47
2024-12-17 16:50:00,716589,210,E,OR,29,29,,,,,,34.152187,-118.117782,HILL NB,27.14
2024-12-17 16:50:00,716590,210,E,OR,20,20,,,,,,34.152301,-118.109239,ALLEN,27.63
2024-12-17 16:50:00,716593,210,E,OR,25,25,,,,,,34.151406,-118.091041,SAN GABRIEL,28.68
2024-12-17 16:50:00,716595,210,E,OR,,,,,,,,34.147621,-118.079037,SIERRA MADRE V2,29.44
2024-12-17 16:50:00,769790,210,E,OR,,,,,,,,34.189219,-118.180753,BERKSHIRE,21.58
2024-12-17 16:50:00,769809,210,E,OR,,,,,,,,34.196934,-118.185042,FOOTHILL,20.98
2024-12-17 16:50:00,769820,210,E,OR,,,,,,,,34.205892,-118.198234,ANGELES CREST HWY NB,19.98
2024-12-17 16:50:00,769832,210,E,OR,,,,,,,,34.206745,-118.201533,ANGELES CREST HWY SB,19.78
2024-12-17 16:50:00,769848,210,E,OR,56,56,,,,,,34.211728,-118.228265,OCEAN VIEW,18.18
2024-12-17 16:50:00,769868,210,E,OR,42,42,,,,,,34.218398,-118.239738,LA CRESCENTA,17.38
2024-12-17 16:50:00,769881,210,E,OR,36,36,,,,,,34.221426,-118.245718,PENNSYLVANIA,16.98
2024-12-17 16:50:00,769896,210,E,OR,75,75,,,,,,34.230849,-118.265101,LOWELL / HONOLULU,15.68
2024-12-17 16:50:00,770117,210,E,OR,,,,,,,,34.234317,-118.286992,LA TUNA CANYON,14.39
2024-12-17 16:50:00,770387,210,E,OR,18,,18,,,,,34.206925,-118.21372,EB/NB 2 TO EB 210 CN,19.08
2024-12-17 16:55:00,716576,210,E,OR,,,,,,,,34.179921,-118.167405,ARROYO,22.6
2024-12-17 16:55:00,716577,210,E,OR,60,60,,,,,,34.174756,-118.160407,LINCOLN 1,23.14
2024-12-17 16:55:00,716580,210,E,OR,0,0,,,,,,34.160546,-118.158748,MOUNTAIN 2,24.16
2024-12-17 16:55:00,716585,210,E,OR,,,,,,,,34.151691,-118.142523,MARENGO,25.72
2024-12-17 16:55:00,716587,210,E,OR,,,,,,,,34.151658,-118.12944,LAKE NB,26.47
2024-12-17 16:55:00,716589,210,E,OR,31,31,,,,,,34.152187,-118.117782,HILL NB,27.14
2024-12-17 16:55:00,716590,210,E,OR,19,19,,,,,,34.152301,-118.109239,ALLEN,27.63
2024-12-17 16:55:00,716593,210,E,OR,29,29,,,,,,34.151406,-118.091041,SAN GABRIEL,28.68
2024-12-17 16:55:00,716595,210,E,OR,,,,,,,,34.147621,-118.079037,SIERRA MADRE V2,29.44
2024-12-17 16:55:00,769790,210,E,OR,,,,,,,,34.189219,-118.180753,BERKSHIRE,21.58
2024-12-17 16:55:00,769809,210,E,OR,,,,,,,,34.196934,-118.185042,FOOTHILL,20.98
2024-12-17 16:55:00,769820,210,E,OR,,,,,,,,34.205892,-118.198234,ANGELES CREST HWY NB,19.98
2024-12-17 16:55:00,769832,210,E,OR,,,,,,,,34.206745,-118.201533,ANGELES CREST HWY SB,19.78
2024-12-17 16:55:00,769848,210,E,OR,39,39,,,,,,34.211728,-118.228265,OCEAN VIEW,18.18
2024-12-17 16:55:00,769868,210,E,OR,63,63,,,,,,34.218398,-118.239738,LA CRESCENTA,17.38
2024-12-17 16:55:00,769881,210,E,OR,87,87,,,,,,34.221426,-118.245718,PENNSYLVANIA,16.98
2024-12-17 16:55:00,769896,210,E,OR,64,64,,,,,,34.230849,-118.265101,LOWELL / HONOLULU,15.68
2024-12-17 16:55:00,770117,210,E,OR,,,,,,,,34.234317,-118.286992,LA TUNA CANYON,14.39
2024-12-17 16:55:00,770387,210,E,OR,31,,31,,,,,34.206925,-118.21372,EB/NB 2 TO EB 210 CN,19.08
2024-12-17 17:00:00,716576,210,E,OR,,,,,,,,34.179921,-118.167405,ARROYO,22.6
2024-12-17 17:00:00,716577,210,E,OR,60,60,,,,,,34.174756,-118.160407,LINCOLN 1,23.14
2024-12-17 17:00:00,716580,210,E,OR,0,0,,,,,,34.160546,-118.158748,MOUNTAIN 2,24.16
2024-12-17 17:00:00,716585,210,E,OR,,,,,,,,34.151691,-118.142523,MARENGO,25.72
2024-12-17 17:00:00,716587,210,E,OR,,,,,,,,34.151658,-118.12944,LAKE NB,26.47
2024-12-17 17:00:00,716589,210,E,OR,30,30,,,,,,34.152187,-118.117782,HILL NB,27.14
2024-12-17 17:00:00,716590,210,E,OR,15,15,,,,,,34.152301,-118.109239,ALLEN,27.63
2024-12-17 17:00:00,716593,210,E,OR,31,31,,,,,,34.151406,-118.091041,SAN GABRIEL,28.68
2024-12-17 17:00:00,716595,210,E,OR,,,,,,,,34.147621,-118.079037,SIERRA MADRE V2,29.44
2024-12-17 17:00:00,769790,210,E,OR,,,,,,,,34.189219,-118.180753,BERKSHIRE,21.58
2024-12-17 17:00:00,769809,210,E,OR,,,,,,,,34.196934,-118.185042,FOOTHILL,20.98
2024-12-17 17:00:00,769820,210,E,OR,,,,,,,,34.205892,-118.198234,ANGELES CREST HWY NB,19.98
2024-12-17 17:00:00,769832,210,E,OR,,,,,,,,34.206745,-118.201533,ANGELES CREST HWY SB,19.78
2024-12-17 17:00:00,769848,210,E,OR,32,32,,,,,,34.211728,-118.228265,OCEAN VIEW,18.18
2024-12-17 17:00:00,769868,210,E,OR,65,65,,,,,,34.218398,-118.239738,LA CRESCENTA,17.38
2024-12-17 17:00:00,769881,210,E,OR,54,54,,,,,,34.221426,-118.245718,PENNSYLVANIA,16.98
2024-12-17 17:00:00,769896,210,E,OR,53,53,,,,,,34.230849,-118.265101,LOWELL / HONOLULU,15.68
2024-12-17 17:00:00,770117,210,E,OR,,,,,,,,34.234317,-118.286992,LA TUNA CANYON,14.39
2024-12-17 17:00:00,770387,210,E,OR,15,,15,,,,,34.206925,-118.21372,EB/NB 2 TO EB 210 CN,19.08
2024-12-17 17:05:00,716576,210,E,OR,,,,,,,,34.179921,-118.167405,ARROYO,22.6
2024-12-17 17:05:00,716577,210,E,OR,60,60,,,,,,34.174756,-118.160407,LINCOLN 1,23.14
2024-12-17 17:05:00,716580,210,E,OR,0,0,,,,,,34.160546,-118.158748,MOUNTAIN 2,24.16
2024-12-17 17:05:00,716585,210,E,OR,,,,,,,,34.151691,-118.142523,MARENGO,25.72
2024-12-17 17:05:00,716587,210,E,OR,,,,,,,,34.151658,-118.12944,LAKE NB,26.47
2024-12-17 17:05:00,716589,210,E,OR,31,31,,,,,,34.152187,-118.117782,HILL NB,27.14
2024-12-17 17:05:00,716590,210,E,OR,20,20,,,,,,34.152301,-118.109239,ALLEN,27.63
2024-12-17 17:05:00,716593,210,E,OR,28,28,,,,,,34.151406,-118.091041,SAN GABRIEL,28.68
2024-12-17 17:05:00,716595,210,E,OR,,,,,,,,34.147621,-118.079037,SIERRA MADRE V2,29.44
2024-12-17 17:05:00,769790,210,E,OR,,,,,,,,34.189219,-118.180753,BERKSHIRE,21.58
2024-12-17 17:05:00,769809,210,E,OR,,,,,,,,34.196934,-118.185042,FOOTHILL,20.98
2024-12-17 17:05:00,769820,210,E,OR,,,,,,,,34.205892,-118.198234,ANGELES CREST HWY NB,19.98
2024-12-17 17:05:00,769832,210,E,OR,,,,,,,,34.206745,-118.201533,ANGELES CREST HWY SB,19.78
2024-12-17 17:05:00,769848,210,E,OR,54,54,,,,,,34.211728,-118.228265,OCEAN VIEW,18.18
2024-12-17 17:05:00,769868,210,E,OR,66,66,,,,,,34.218398,-118.239738,LA CRESCENTA,17.38
2024-12-17 17:05:00,769881,210,E,OR,57,57,,,,,,34.221426,-118.245718,PENNSYLVANIA,16.98
2024-12-17 17:05:00,769896,210,E,OR,91,91,,,,,,34.230849,-118.265101,LOWELL / HONOLULU,15.68
2024-12-17 17:05:00,770117,210,E,OR,,,,,,,,34.234317,-118.286992,LA TUNA CANYON,14.39
2024-12-17 17:05:00,770387,210,E,OR,20,,20,,,,,34.206925,-118.21372,EB/NB 2 TO EB 210 CN,19.08
2024-12-17 17:10:00,716576,210,E,OR,,,,,,,,34.179921,-118.167405,ARROYO,22.6
2024-12-17 17:10:00,716577,210,E,OR,60,60,,,,,,34.174756,-118.160407,LINCOLN 1,23.14
2024-12-17 17:10:00,716580,210,E,OR,0,0,,,,,,34.160546,-118.158748,MOUNTAIN 2,24.16
2024-12-17 17:10:00,716585,210,E,OR,,,,,,,,34.151691,-118.142523,MARENGO,25.72
2024-12-17 17:10:00,716587,210,E,OR,,,,,,,,34.151658,-118.12944,LAKE NB,26.47
2024-12-17 17:10:00,716589,210,E,OR,32,32,,,,,,34.152187,-118.117782,HILL NB,27.14
2024-12-17 17:10:00,716590,210,E,OR,19,19,,,,,,34.152301,-118.109239,ALLEN,27.63
2024-12-17 17:10:00,716593,210,E,OR,28,28,,,,,,34.151406,-118.091041,SAN GABRIEL,28.68
2024-12-17 17:10:00,716595,210,E,OR,,,,,,,,34.147621,-118.079037,SIERRA MADRE V2,29.44
2024-12-17 17:10:00,769790,210,E,OR,,,,,,,,34.189219,-118.180753,BERKSHIRE,21.58
2024-12-17 17:10:00,769809,210,E,OR,,,,,,,,34.196934,-118.185042,FOOTHILL,20.98
2024-12-17 17:10:00,769820,210,E,OR,,,,,,,,34.205892,-118.198234,ANGELES CREST HWY NB,19.98
2024-12-17 17:10:00,769832,210,E,OR,,,,,,,,34.206745,-118.201533,ANGELES CREST HWY SB,19.78
2024-12-17 17:10:00,769848,210,E,OR,65,65,,,,,,34.211728,-118.228265,OCEAN VIEW,18.18
2024-12-17 17:10:00,769868,210,E,OR,56,56,,,,,,34.218398,-118.239738,LA CRESCENTA,17.38
2024-12-17 17:10:00,769881,210,E,OR,25,25,,,,,,34.221426,-118.245718,PENNSYLVANIA,16.98
2024-12-17 17:10:00,769896,210,E,OR,72,72,,,,,,34.230849,-118.265101,LOWELL / HONOLULU,15.68
2024-12-17 17:10:00,770117,210,E,OR,,,,,,,,34.234317,-118.286992,LA TUNA CANYON,14.39
2024-12-17 17:10:00,770387,210,E,OR,25,,25,,,,,34.206925,-118.21372,EB/NB 2 TO EB 210 CN,19.08
2024-12-17 17:15:00,716576,210,E,OR,,,,,,,,34.179921,-118.167405,ARROYO,22.6
2024-12-17 17:15:00,716577,210,E,OR,60,60,,,,,,34.174756,-118.160407,LINCOLN 1,23.14
2024-12-17 17:15:00,716580,210,E,OR,0,0,,,,,,34.160546,-118.158748,MOUNTAIN 2,24.16
2024-12-17 17:15:00,716585,210,E,OR,,,,,,,,34.151691,-118.142523,MARENGO,25.72
2024-12-17 17:15:00,716587,210,E,OR,,,,,,,,34.151658,-118.12944,LAKE NB,26.47
2024-12-17 17:15:00,716589,210,E,OR,34,34,,,,,,34.152187,-118.117782,HILL NB,27.14
2024-12-17 17:15:00,716590,210,E,OR,22,22,,,,,,34.152301,-118.109239,ALLEN,27.63
2024-12-17 17:15:00,716593,210,E,OR,32,32,,,,,,34.151406,-118.091041,SAN GABRIEL,28.68
2024-12-17 17:15:00,716595,210,E,OR,,,,,,,,34.147621,-118.079037,SIERRA MADRE V2,29.44
2024-12-17 17:15:00,769790,210,E,OR,,,,,,,,34.189219,-118.180753,BERKSHIRE,21.58
2024-12-17 17:15:00,769809,210,E,OR,,,,,,,,34.196934,-118.185042,FOOTHILL,20.98
2024-12-17 17:15:00,769820,210,E,OR,,,,,,,,34.205892,-118.198234,ANGELES CREST HWY NB,19.98
2024-12-17 17:15:00,769832,210,E,OR,,,,,,,,34.206745,-118.201533,ANGELES CREST HWY SB,19.78
2024-12-17 17:15:00,769848,210,E,OR,58,58,,,,,,34.211728,-118.228265,OCEAN VIEW,18.18
2024-12-17 17:15:00,769868,210,E,OR,31,31,,,,,,34.218398,-118.239738,LA CRESCENTA,17.38
2024-12-17 17:15:00,769881,210,E,OR,32,32,,,,,,34.221426,-118.245718,PENNSYLVANIA,16.98
2024-12-17 17:15:00,769896,210,E,OR,83,83,,,,,,34.230849,-118.265101,LOWELL / HONOLULU,15.68
2024-12-17 17:15:00,770117,210,E,OR,,,,,,,,34.234317,-118.286992,LA TUNA CANYON,14.39
2024-12-17 17:15:00,770387,210,E,OR,13,,13,,,,,34.206925,-118.21372,EB/NB 2 TO EB 210 CN,19.08
2024-12-17 17:20:00,716576,210,E,OR,,,,,,,,34.179921,-118.167405,ARROYO,22.6
2024-12-17 17:20:00,716577,210,E,OR,60,60,,,,,,34.174756,-118.160407,LINCOLN 1,23.14
2024-12-17 17:20:00,716580,210,E,OR,0,0,,,,,,34.160546,-118.158748,MOUNTAIN 2,24.16
2024-12-17 17:20:00,716585,210,E,OR,,,,,,,,34.151691,-118.142523,MARENGO,25.72
2024-12-17 17:20:00,716587,210,E,OR,,,,,,,,34.151658,-118.12944,LAKE NB,26.47
2024-12-17 17:20:00,716589,210,E,OR,26,26,,,,,,34.152187,-118.117782,HILL NB,27.14
2024-12-17 17:20:00,716590,210,E,OR,12,12,,,,,,34.152301,-118.109239,ALLEN,27.63
2024-12-17 17:20:00,716593,210,E,OR,21,21,,,,,,34.151406,-118.091041,SAN GABRIEL,28.68
2024-12-17 17:20:00,716595,210,E,OR,,,,,,,,34.147621,-118.079037,SIERRA MADRE V2,29.44
2024-12-17 17:20:00,769790,210,E,OR,,,,,,,,34.189219,-118.180753,BERKSHIRE,21.58
2024-12-17 17:20:00,769809,210,E,OR,,,,,,,,34.196934,-118.185042,FOOTHILL,20.98
2024-12-17 17:20:00,769820,210,E,OR,,,,,,,,34.205892,-118.198234,ANGELES CREST HWY NB,19.98
2024-12-17 17:20:00,769832,210,E,OR,,,,,,,,34.206745,-118.201533,ANGELES CREST HWY SB,19.78
2024-12-17 17:20:00,769848,210,E,OR,39,39,,,,,,34.211728,-118.228265,OCEAN VIEW,18.18
2024-12-17 17:20:00,769868,210,E,OR,39,39,,,,,,34.218398,-118.239738,LA CRESCENTA,17.38
2024-12-17 17:20:00,769881,210,E,OR,40,40,,,,,,34.221426,-118.245718,PENNSYLVANIA,16.98
2024-12-17 17:20:00,769896,210,E,OR,76,76,,,,,,34.230849,-118.265101,LOWELL / HONOLULU,15.68
2024-12-17 17:20:00,770117,210,E,OR,,,,,,,,34.234317,-118.286992,LA TUNA CANYON,14.39
2024-12-17 17:20:00,770387,210,E,OR,19,,19,,,,,34.206925,-118.21372,EB/NB 2 TO EB 210 CN,19.08
2024-12-17 17:25:00,716576,210,E,OR,,,,,,,,34.179921,-118.167405,ARROYO,22.6
2024-12-17 17:25:00,716577,210,E,OR,60,60,,,,,,34.174756,-118.160407,LINCOLN 1,23.14
2024-12-17 17:25:00,716580,210,E,OR,0,0,,,,,,34.160546,-118.158748,MOUNTAIN 2,24.16
2024-12-17 17:25:00,716585,210,E,OR,,,,,,,,34.151691,-118.142523,MARENGO,25.72
2024-12-17 17:25:00,716587,210,E,OR,,,,,,,,34.151658,-118.12944,LAKE NB,26.47
2024-12-17 17:25:00,716589,210,E,OR,30,30,,,,,,34.152187,-118.117782,HILL NB,27.14
2024-12-17 17:25:00,716590,210,E,OR,14,14,,,,,,34.152301,-118.109239,ALLEN,27.63
2024-12-17 17:25:00,716593,210,E,OR,35,35,,,,,,34.151406,-118.091041,SAN GABRIEL,28.68
2024-12-17 17:25:00,716595,210,E,OR,,,,,,,,34.147621,-118.079037,SIERRA MADRE V2,29.44
2024-12-17 17:25:00,769790,210,E,OR,,,,,,,,34.189219,-118.180753,BERKSHIRE,21.58
2024-12-17 17:25:00,769809,210,E,OR,,,,,,,,34.196934,-118.185042,FOOTHILL,20.98
2024-12-17 17:25:00,769820,210,E,OR,,,,,,,,34.205892,-118.198234,ANGELES CREST HWY NB,19.98
2024-12-17 17:25:00,769832,210,E,OR,,,,,,,,34.206745,-118.201533,ANGELES CREST HWY SB,19.78
2024-12-17 17:25:00,769848,210,E,OR,50,50,,,,,,34.211728,-118.228265,OCEAN VIEW,18.18
2024-12-17 17:25:00,769868,210,E,OR,54,54,,,,,,34.218398,-118.239738,LA CRESCENTA,17.38
2024-12-17 17:25:00,769881,210,E,OR,40,40,,,,,,34.221426,-118.245718,PENNSYLVANIA,16.98
2024-12-17 17:25:00,769896,210,E,OR,82,82,,,,,,34.230849,-118.265101,LOWELL / HONOLULU,15.68
2024-12-17 17:25:00,770117,210,E,OR,,,,,,,,34.234317,-118.286992,LA TUNA CANYON,14.39
2024-12-17 17:25:00,770387,210,E,OR,19,,19,,,,,34.206925,-118.21372,EB/NB 2 TO EB 210 CN,19.08
2024-12-17 17:30:00,716576,210,E,OR,,,,,,,,34.179921,-118.167405,ARROYO,22.6
2024-12-17 17:30:00,716577,210,E,OR,60,60,,,,,,34.174756,-118.160407,LINCOLN 1,23.14
2024-12-17 17:30:00,716580,210,E,OR,0,0,,,,,,34.160546,-118.158748,MOUNTAIN 2,24.16
2024-12-17 17:30:00,716585,210,E,OR,,,,,,,,34.151691,-118.142523,MARENGO,25.72
2024-12-17 17:30:00,716587,210,E,OR,,,,,,,,34.151658,-118.12944,LAKE NB,26.47
2024-12-17 17:30:00,716589,210,E,OR,24,24,,,,,,34.152187,-118.117782,HILL NB,27.14
2024-12-17 17:30:00,716590,210,E,OR,22,22,,,,,,34.152301,-118.109239,ALLEN,27.63
2024-12-17 17:30:00,716593,210,E,OR,27,27,,,,,,34.151406,-118.091041,SAN GABRIEL,28.68
2024-12-17 17:30:00,716595,210,E,OR,,,,,,,,34.147621,-118.079037,SIERRA MADRE V2,29.44
2024-12-17 17:30:00,769790,210,E,OR,,,,,,,,34.189219,-118.180753,BERKSHIRE,21.58
2024-12-17 17:30:00,769809,210,E,OR,,,,,,,,34.196934,-118.185042,FOOTHILL,20.98
2024-12-17 17:30:00,769820,210,E,OR,,,,,,,,34.205892,-118.198234,ANGELES CREST HWY NB,19.98
2024-12-17 17:30:00,769832,210,E,OR,,,,,,,,34.206745,-118.201533,ANGELES CREST HWY SB,19.78
2024-12-17 17:30:00,769848,210,E,OR,42,42,,,,,,34.211728,-118.228265,OCEAN VIEW,18.18
2024-12-17 17:30:00,769868,210,E,OR,52,52,,,,,,34.218398,-118.239738,LA CRESCENTA,17.38
2024-12-17 17:30:00,769881,210,E,OR,30,30,,,,,,34.221426,-118.245718,PENNSYLVANIA,16.98
2024-12-17 17:30:00,769896,210,E,OR,56,56,,,,,,34.230849,-118.265101,LOWELL / HONOLULU,15.68
2024-12-17 17:30:00,770117,210,E,OR,,,,,,,,34.234317,-118.286992,LA TUNA CANYON,14.39
2024-12-17 17:30:00,770387,210,E,OR,9,,9,,,,,34.206925,-118.21372,EB/NB 2 TO EB 210 CN,19.08
2024-12-17 17:35:00,716576,210,E,OR,,,,,,,,34.179921,-118.167405,ARROYO,22.6
2024-12-17 17:35:00,716577,210,E,OR,60,60,,,,,,34.174756,-118.160407,LINCOLN 1,23.14
2024-12-17 17:35:00,716580,210,E,OR,0,0,,,,,,34.160546,-118.158748,MOUNTAIN 2,24.16
2024-12-17 17:35:00,716585,210,E,OR,,,,,,,,34.151691,-118.142523,MARENGO,25.72
2024-12-17 17:35:00,716587,210,E,OR,,,,,,,,34.151658,-118.12944,LAKE NB,26.47
2024-12-17 17:35:00,716589,210,E,OR,39,39,,,,,,34.152187,-118.117782,HILL NB,27.14
2024-12-17 17:35:00,716590,210,E,OR,23,23,,,,,,34.152301,-118.109239,ALLEN,27.63
2024-12-17 17:35:00,716593,210,E,OR,39,39,,,,,,34.151406,-118.091041,SAN GABRIEL,28.68
2024-12-17 17:35:00,716595,210,E,OR,,,,,,,,34.147621,-118.079037,SIERRA MADRE V2,29.44
2024-12-17 17:35:00,769790,210,E,OR,,,,,,,,34.189219,-118.180753,BERKSHIRE,21.58
2024-12-17 17:35:00,769809,210,E,OR,,,,,,,,34.196934,-118.185042,FOOTHILL,20.98
2024-12-17 17:35:00,769820,210,E,OR,,,,,,,,34.205892,-118.198234,ANGELES CREST HWY NB,19.98
2024-12-17 17:35:00,769832,210,E,OR,,,,,,,,34.206745,-118.201533,ANGELES CREST HWY SB,19.78
2024-12-17 17:35:00,769848,210,E,OR,62,62,,,,,,34.211728,-118.228265,OCEAN VIEW,18.18
2024-12-17 17:35:00,769868,210,E,OR,50,50,,,,,,34.218398,-118.239738,LA CRESCENTA,17.38
2024-12-17 17:35:00,769881,210,E,OR,37,37,,,,,,34.221426,-118.245718,PENNSYLVANIA,16.98
2024-12-17 17:35:00,769896,210,E,OR,67,67,,,,,,34.230849,-118.265101,LOWELL / HONOLULU,15.68
2024-12-17 17:35:00,770117,210,E,OR,,,,,,,,34.234317,-118.286992,LA TUNA CANYON,14.39
2024-12-17 17:35:00,770387,210,E,OR,18,,18,,,,,34.206925,-118.21372,EB/NB 2 TO EB 210 CN,19.08
2024-12-17 17:40:00,716576,210,E,OR,,,,,,,,34.179921,-118.167405,ARROYO,22.6
2024-12-17 17:40:00,716577,210,E,OR,60,60,,,,,,34.174756,-118.160407,LINCOLN 1,23.14
2024-12-17 17:40:00,716580,210,E,OR,0,0,,,,,,34.160546,-118.158748,MOUNTAIN 2,24.16
2024-12-17 17:40:00,716585,210,E,OR,,,,,,,,34.151691,-118.142523,MARENGO,25.72
2024-12-17 17:40:00,716587,210,E,OR,,,,,,,,34.151658,-118.12944,LAKE NB,26.47
2024-12-17 17:40:00,716589,210,E,OR,31,31,,,,,,34.152187,-118.117782,HILL NB,27.14
2024-12-17 17:40:00,716590,210,E,OR,10,10,,,,,,34.152301,-118.109239,ALLEN,27.63
2024-12-17 17:40:00,716593,210,E,OR,30,30,,,,,,34.151406,-118.091041,SAN GABRIEL,28.68
2024-12-17 17:40:00,716595,210,E,OR,,,,,,,,34.147621,-118.079037,SIERRA MADRE V2,29.44
2024-12-17 17:40:00,769790,210,E,OR,,,,,,,,34.189219,-118.180753,BERKSHIRE,21.58
2024-12-17 17:40:00,769809,210,E,OR,,,,,,,,34.196934,-118.185042,FOOTHILL,20.98
2024-12-17 17:40:00,769820,210,E,OR,,,,,,,,34.205892,-118.198234,ANGELES CREST HWY NB,19.98
2024-12-17 17:40:00,769832,210,E,OR,,,,,,,,34.206745,-118.201533,ANGELES CREST HWY SB,19.78
2024-12-17 17:40:00,769848,210,E,OR,32,32,,,,,,34.211728,-118.228265,OCEAN VIEW,18.18
2024-12-17 17:40:00,769868,210,E,OR,43,43,,,,,,34.218398,-118.239738,LA CRESCENTA,17.38
2024-12-17 17:40:00,769881,210,E,OR,52,52,,,,,,34.221426,-118.245718,PENNSYLVANIA,16.98
2024-12-17 17:40:00,769896,210,E,OR,86,86,,,,,,34.230849,-118.265101,LOWELL / HONOLULU,15.68
2024-12-17 17:40:00,770117,210,E,OR,,,,,,,,34.234317,-118.286992,LA TUNA CANYON,14.39
2024-12-17 17:40:00,770387,210,E,OR,18,,18,,,,,34.206925,-118.21372,EB/NB 2 TO EB 210 CN,19.08
2024-12-17 17:45:00,716576,210,E,OR,,,,,,,,34.179921,-118.167405,ARROYO,22.6
2024-12-17 17:45:00,716577,210,E,OR,60,60,,,,,,34.174756,-118.160407,LINCOLN 1,23.14
2024-12-17 17:45:00,716580,210,E,OR,0,0,,,,,,34.160546,-118.158748,MOUNTAIN 2,24.16
2024-12-17 17:45:00,716585,210,E,OR,,,,,,,,34.151691,-118.142523,MARENGO,25.72
2024-12-17 17:45:00,716587,210,E,OR,,,,,,,,34.151658,-118.12944,LAKE NB,26.47
2024-12-17 17:45:00,716589,210,E,OR,26,26,,,,,,34.152187,-118.117782,HILL NB,27.14
2024-12-17 17:45:00,716590,210,E,OR,10,10,,,,,,34.152301,-118.109239,ALLEN,27.63
2024-12-17 17:45:00,716593,210,E,OR,24,24,,,,,,34.151406,-118.091041,SAN GABRIEL,28.68
2024-12-17 17:45:00,716595,210,E,OR,,,,,,,,34.147621,-118.079037,SIERRA MADRE V2,29.44
2024-12-17 17:45:00,769790,210,E,OR,,,,,,,,34.189219,-118.180753,BERKSHIRE,21.58
2024-12-17 17:45:00,769809,210,E,OR,,,,,,,,34.196934,-118.185042,FOOTHILL,20.98
2024-12-17 17:45:00,769820,210,E,OR,,,,,,,,34.205892,-118.198234,ANGELES CREST HWY NB,19.98
2024-12-17 17:45:00,769832,210,E,OR,,,,,,,,34.206745,-118.201533,ANGELES CREST HWY SB,19.78
2024-12-17 17:45:00,769848,210,E,OR,27,27,,,,,,34.211728,-118.228265,OCEAN VIEW,18.18
2024-12-17 17:45:00,769868,210,E,OR,53,53,,,,,,34.218398,-118.239738,LA CRESCENTA,17.38
2024-12-17 17:45:00,769881,210,E,OR,29,29,,,,,,34.221426,-118.245718,PENNSYLVANIA,16.98
2024-12-17 17:45:00,769896,210,E,OR,82,82,,,,,,34.230849,-118.265101,LOWELL / HONOLULU,15.68
2024-12-17 17:45:00,770117,210,E,OR,,,,,,,,34.234317,-118.286992,LA TUNA CANYON,14.39
2024-12-17 17:45:00,770387,210,E,OR,23,,23,,,,,34.206925,-118.21372,EB/NB 2 TO EB 210 CN,19.08
2024-12-17 17:50:00,716576,210,E,OR,,,,,,,,34.179921,-118.167405,ARROYO,22.6
2024-12-17 17:50:00,716577,210,E,OR,60,60,,,,,,34.174756,-118.160407,LINCOLN 1,23.14
2024-12-17 17:50:00,716580,210,E,OR,0,0,,,,,,34.160546,-118.158748,MOUNTAIN 2,24.16
2024-12-17 17:50:00,716585,210,E,OR,,,,,,,,34.151691,-118.142523,MARENGO,25.72
2024-12-17 17:50:00,716587,210,E,OR,,,,,,,,34.151658,-118.12944,LAKE NB,26.47
2024-12-17 17:50:00,716589,210,E,OR,22,22,,,,,,34.152187,-118.117782,HILL NB,27.14
2024-12-17 17:50:00,716590,210,E,OR,8,8,,,,,,34.152301,-118.109239,ALLEN,27.63
2024-12-17 17:50:00,716593,210,E,OR,20,20,,,,,,34.151406,-118.091041,SAN GABRIEL,28.68
2024-12-17 17:50:00,716595,210,E,OR,,,,,,,,34.147621,-118.079037,SIERRA MADRE V2,29.44
2024-12-17 17:50:00,769790,210,E,OR,,,,,,,,34.189219,-118.180753,BERKSHIRE,21.58
2024-12-17 17:50:00,769809,210,E,OR,,,,,,,,34.196934,-118.185042,FOOTHILL,20.98
2024-12-17 17:50:00,769820,210,E,OR,,,,,,,,34.205892,-118.198234,ANGELES CREST HWY NB,19.98
2024-12-17 17:50:00,769832,210,E,OR,,,,,,,,34.206745,-118.201533,ANGELES CREST HWY SB,19.78
2024-12-17 17:50:00,769848,210,E,OR,45,45,,,,,,34.211728,-118.228265,OCEAN VIEW,18.18
2024-12-17 17:50:00,769868,210,E,OR,67,67,,,,,,34.218398,-118.239738,LA CRESCENTA,17.38
2024-12-17 17:50:00,769881,210,E,OR,52,52,,,,,,34.221426,-118.245718,PENNSYLVANIA,16.98
2024-12-17 17:50:00,769896,210,E,OR,66,66,,,,,,34.230849,-118.265101,LOWELL / HONOLULU,15.68
2024-12-17 17:50:00,770117,210,E,OR,,,,,,,,34.234317,-118.286992,LA TUNA CANYON,14.39
2024-12-17 17:50:00,770387,210,E,OR,11,,11,,,,,34.206925,-118.21372,EB/NB 2 TO EB 210 CN,19.08
2024-12-17 17:55:00,716576,210,E,OR,,,,,,,,34.179921,-118.167405,ARROYO,22.6
2024-12-17 17:55:00,716577,210,E,OR,60,60,,,,,,34.174756,-118.160407,LINCOLN 1,23.14
2024-12-17 17:55:00,716580,210,E,OR,0,0,,,,,,34.160546,-118.158748,MOUNTAIN 2,24.16
2024-12-17 17:55:00,716585,210,E,OR,,,,,,,,34.151691,-118.142523,MARENGO,25.72
2024-12-17 17:55:00,716587,210,E,OR,,,,,,,,34.151658,-118.12944,LAKE NB,26.47
2024-12-17 17:55:00,716589,210,E,OR,36,36,,,,,,34.152187,-118.117782,HILL NB,27.14
2024-12-17 17:55:00,716590,210,E,OR,17,17,,,,,,34.152301,-118.109239,ALLEN,27.63
2024-12-17 17:55:00,716593,210,E,OR,27,27,,,,,,34.151406,-118.091041,SAN GABRIEL,28.68
2024-12-17 17:55:00,716595,210,E,OR,,,,,,,,34.147621,-118.079037,SIERRA MADRE V2,29.44
2024-12-17 17:55:00,769790,210,E,OR,,,,,,,,34.189219,-118.180753,BERKSHIRE,21.58
2024-12-17 17:55:00,769809,210,E,OR,,,,,,,,34.196934,-118.185042,FOOTHILL,20.98
2024-12-17 17:55:00,769820,210,E,OR,,,,,,,,34.205892,-118.198234,ANGELES CREST HWY NB,19.98
2024-12-17 17:55:00,769832,210,E,OR,,,,,,,,34.206745,-118.201533,ANGELES CREST HWY SB,19.78
2024-12-17 17:55:00,769848,210,E,OR,51,51,,,,,,34.211728,-118.228265,OCEAN VIEW,18.18
2024-12-17 17:55:00,769868,210,E,OR,69,69,,,,,,34.218398,-118.239738,LA CRESCENTA,17.38
2024-12-17 17:55:00,769881,210,E,OR,29,29,,,,,,34.221426,-118.245718,PENNSYLVANIA,16.98
2024-12-17 17:55:00,769896,210,E,OR,73,73,,,,,,34.230849,-118.265101,LOWELL / HONOLULU,15.68
2024-12-17 17:55:00,770117,210,E,OR,,,,,,,,34.234317,-118.286992,LA TUNA CANYON,14.39
2024-12-17 17:55:00,770387,210,E,OR,17,,17,,,,,34.206925,-118.21372,EB/NB 2 TO EB 210 CN,19.08
2024-12-17 18:00:00,716576,210,E,OR,,,,,,,,34.179921,-118.167405,ARROYO,22.6
2024-12-17 18:00:00,716577,210,E,OR,60,60,,,,,,34.174756,-118.160407,LINCOLN 1,23.14
2024-12-17 18:00:00,716580,210,E,OR,0,0,,,,,,34.160546,-118.158748,MOUNTAIN 2,24.16
2024-12-17 18:00:00,716585,210,E,OR,,,,,,,,34.151691,-118.142523,MARENGO,25.72
2024-12-17 18:00:00,716587,210,E,OR,,,,,,,,34.151658,-118.12944,LAKE NB,26.47
2024-12-17 18:00:00,716589,210,E,OR,22,22,,,,,,34.152187,-118.117782,HILL NB,27.14
2024-12-17 18:00:00,716590,210,E,OR,17,17,,,,,,34.152301,-118.109239,ALLEN,27.63
2024-12-17 18:00:00,716593,210,E,OR,29,29,,,,,,34.151406,-118.091041,SAN GABRIEL,28.68
2024-12-17 18:00:00,716595,210,E,OR,,,,,,,,34.147621,-118.079037,SIERRA MADRE V2,29.44
2024-12-17 18:00:00,769790,210,E,OR,,,,,,,,34.189219,-118.180753,BERKSHIRE,21.58
2024-12-17 18:00:00,769809,210,E,OR,,,,,,,,34.196934,-118.185042,FOOTHILL,20.98
2024-12-17 18:00:00,769820,210,E,OR,,,,,,,,34.205892,-118.198234,ANGELES CREST HWY NB,19.98
2024-12-17 18:00:00,769832,210,E,OR,,,,,,,,34.206745,-118.201533,ANGELES CREST HWY SB,19.78
2024-12-17 18:00:00,769848,210,E,OR,35,35,,,,,,34.211728,-118.228265,OCEAN VIEW,18.18
2024-12-17 18:00:00,769868,210,E,OR,57,57,,,,,,34.218398,-118.239738,LA CRESCENTA,17.38
2024-12-17 18:00:00,769881,210,E,OR,44,44,,,,,,34.221426,-118.245718,PENNSYLVANIA,16.98
2024-12-17 18:00:00,769896,210,E,OR,68,68,,,,,,34.230849,-118.265101,LOWELL / HONOLULU,15.68
2024-12-17 18:00:00,770117,210,E,OR,,,,,,,,34.234317,-118.286992,LA TUNA CANYON,14.39
2024-12-17 18:00:00,770387,210,E,OR,21,,21,,,,,34.206925,-118.21372,EB/NB 2 TO EB 210 CN,19.08
2024-12-17 18:05:00,716576,210,E,OR,,,,,,,,34.179921,-118.167405,ARROYO,22.6
2024-12-17 18:05:00,716577,210,E,OR,60,60,,,,,,34.174756,-118.160407,LINCOLN 1,23.14
2024-12-17 18:05:00,716580,210,E,OR,0,0,,,,,,34.160546,-118.158748,MOUNTAIN 2,24.16
2024-12-17 18:05:00,716585,210,E,OR,,,,,,,,34.151691,-118.142523,MARENGO,25.72
2024-12-17 18:05:00,716587,210,E,OR,,,,,,,,34.151658,-118.12944,LAKE NB,26.47
2024-12-17 18:05:00,716589,210,E,OR,24,24,,,,,,34.152187,-118.117782,HILL NB,27.14
2024-12-17 18:05:00,716590,210,E,OR,17,17,,,,,,34.152301,-118.109239,ALLEN,27.63
2024-12-17 18:05:00,716593,210,E,OR,23,23,,,,,,34.151406,-118.091041,SAN GABRIEL,28.68
2024-12-17 18:05:00,716595,210,E,OR,,,,,,,,34.147621,-118.079037,SIERRA MADRE V2,29.44
2024-12-17 18:05:00,769790,210,E,OR,,,,,,,,34.189219,-118.180753,BERKSHIRE,21.58
2024-12-17 18:05:00,769809,210,E,OR,,,,,,,,34.196934,-118.185042,FOOTHILL,20.98
2024-12-17 18:05:00,769820,210,E,OR,,,,,,,,34.205892,-118.198234,ANGELES CREST HWY NB,19.98
2024-12-17 18:05:00,769832,210,E,OR,,,,,,,,34.206745,-118.201533,ANGELES CREST HWY SB,19.78
2024-12-17 18:05:00,769848,210,E,OR,26,26,,,,,,34.211728,-118.228265,OCEAN VIEW,18.18
2024-12-17 18:05:00,769868,210,E,OR,65,65,,,,,,34.218398,-118.239738,LA CRESCENTA,17.38
2024-12-17 18:05:00,769881,210,E,OR,38,38,,,,,,34.221426,-118.245718,PENNSYLVANIA,16.98
2024-12-17 18:05:00,769896,210,E,OR,65,65,,,,,,34.230849,-118.265101,LOWELL / HONOLULU,15.68
2024-12-17 18:05:00,770117,210,E,OR,,,,,,,,34.234317,-118.286992,LA TUNA CANYON,14.39
2024-12-17 18:05:00,770387,210,E,OR,5,,5,,,,,34.206925,-118.21372,EB/NB 2 TO EB 210 CN,19.08
2024-12-17 18:10:00,716576,210,E,OR,,,,,,,,34.179921,-118.167405,ARROYO,22.6
2024-12-17 18:10:00,716577,210,E,OR,60,60,,,,,,34.174756,-118.160407,LINCOLN 1,23.14
2024-12-17 18:10:00,716580,210,E,OR,0,0,,,,,,34.160546,-118.158748,MOUNTAIN 2,24.16
2024-12-17 18:10:00,716585,210,E,OR,,,,,,,,34.151691,-118.142523,MARENGO,25.72
2024-12-17 18:10:00,716587,210,E,OR,,,,,,,,34.151658,-118.12944,LAKE NB,26.47
2024-12-17 18:10:00,716589,210,E,OR,32,32,,,,,,34.152187,-118.117782,HILL NB,27.14
2024-12-17 18:10:00,716590,210,E,OR,17,17,,,,,,34.152301,-118.109239,ALLEN,27.63
2024-12-17 18:10:00,716593,210,E,OR,27,27,,,,,,34.151406,-118.091041,SAN GABRIEL,28.68
2024-12-17 18:10:00,716595,210,E,OR,,,,,,,,34.147621,-118.079037,SIERRA MADRE V2,29.44
2024-12-17 18:10:00,769790,210,E,OR,,,,,,,,34.189219,-118.180753,BERKSHIRE,21.58
2024-12-17 18:10:00,769809,210,E,OR,,,,,,,,34.196934,-118.185042,FOOTHILL,20.98
2024-12-17 18:10:00,769820,210,E,OR,,,,,,,,34.205892,-118.198234,ANGELES CREST HWY NB,19.98
2024-12-17 18:10:00,769832,210,E,OR,,,,,,,,34.206745,-118.201533,ANGELES CREST HWY SB,19.78
2024-12-17 18:10:00,769848,210,E,OR,37,37,,,,,,34.211728,-118.228265,OCEAN VIEW,18.18
2024-12-17 18:10:00,769868,210,E,OR,40,40,,,,,,34.218398,-118.239738,LA CRESCENTA,17.38
2024-12-17 18:10:00,769881,210,E,OR,48,48,,,,,,34.221426,-118.245718,PENNSYLVANIA,16.98
2024-12-17 18:10:00,769896,210,E,OR,77,77,,,,,,34.230849,-118.265101,LOWELL / HONOLULU,15.68
2024-12-17 18:10:00,770117,210,E,OR,,,,,,,,34.234317,-118.286992,LA TUNA CANYON,14.39
2024-12-17 18:10:00,770387,210,E,OR,4,,4,,,,,34.206925,-118.21372,EB/NB 2 TO EB 210 CN,19.08
2024-12-17 18:15:00,716576,210,E,OR,,,,,,,,34.179921,-118.167405,ARROYO,22.6
2024-12-17 18:15:00,716577,210,E,OR,60,60,,,,,,34.174756,-118.160407,LINCOLN 1,23.14
2024-12-17 18:15:00,716580,210,E,OR,0,0,,,,,,34.160546,-118.158748,MOUNTAIN 2,24.16
2024-12-17 18:15:00,716585,210,E,OR,,,,,,,,34.151691,-118.142523,MARENGO,25.72
2024-12-17 18:15:00,716587,210,E,OR,,,,,,,,34.151658,-118.12944,LAKE NB,26.47
2024-12-17 18:15:00,716589,210,E,OR,35,35,,,,,,34.152187,-118.117782,HILL NB,27.14
2024-12-17 18:15:00,716590,210,E,OR,20,20,,,,,,34.152301,-118.109239,ALLEN,27.63
2024-12-17 18:15:00,716593,210,E,OR,23,23,,,,,,34.151406,-118.091041,SAN GABRIEL,28.68
2024-12-17 18:15:00,716595,210,E,OR,,,,,,,,34.147621,-118.079037,SIERRA MADRE V2,29.44
2024-12-17 18:15:00,769790,210,E,OR,,,,,,,,34.189219,-118.180753,BERKSHIRE,21.58
2024-12-17 18:15:00,769809,210,E,OR,,,,,,,,34.196934,-118.185042,FOOTHILL,20.98
2024-12-17 18:15:00,769820,210,E,OR,,,,,,,,34.205892,-118.198234,ANGELES CREST HWY NB,19.98
2024-12-17 18:15:00,769832,210,E,OR,,,,,,,,34.206745,-118.201533,ANGELES CREST HWY SB,19.78
2024-12-17 18:15:00,769848,210,E,OR,35,35,,,,,,34.211728,-118.228265,OCEAN VIEW,18.18
2024-12-17 18:15:00,769868,210,E,OR,78,78,,,,,,34.218398,-118.239738,LA CRESCENTA,17.38
2024-12-17 18:15:00,769881,210,E,OR,45,45,,,,,,34.221426,-118.245718,PENNSYLVANIA,16.98
2024-12-17 18:15:00,769896,210,E,OR,70,70,,,,,,34.230849,-118.265101,LOWELL / HONOLULU,15.68
2024-12-17 18:15:00,770117,210,E,OR,,,,,,,,34.234317,-118.286992,LA TUNA CANYON,14.39
2024-12-17 18:15:00,770387,210,E,OR,2,,2,,,,,34.206925,-118.21372,EB/NB 2 TO EB 210 CN,19.08
2024-12-17 18:20:00,716576,210,E,OR,,,,,,,,34.179921,-118.167405,ARROYO,22.6
2024-12-17 18:20:00,716577,210,E,OR,60,60,,,,,,34.174756,-118.160407,LINCOLN 1,23.14
2024-12-17 18:20:00,716580,210,E,OR,0,0,,,,,,34.160546,-118.158748,MOUNTAIN 2,24.16
2024-12-17 18:20:00,716585,210,E,OR,,,,,,,,34.151691,-118.142523,MARENGO,25.72
2024-12-17 18:20:00,716587,210,E,OR,,,,,,,,34.151658,-118.12944,LAKE NB,26.47
2024-12-17 18:20:00,716589,210,E,OR,23,23,,,,,,34.152187,-118.117782,HILL NB,27.14
2024-12-17 18:20:00,716590,210,E,OR,14,14,,,,,,34.152301,-118.109239,ALLEN,27.63
2024-12-17 18:20:00,716593,210,E,OR,25,25,,,,,,34.151406,-118.091041,SAN GABRIEL,28.68
2024-12-17 18:20:00,716595,210,E,OR,,,,,,,,34.147621,-118.079037,SIERRA MADRE V2,29.44
2024-12-17 18:20:00,769790,210,E,OR,,,,,,,,34.189219,-118.180753,BERKSHIRE,21.58
2024-12-17 18:20:00,769809,210,E,OR,,,,,,,,34.196934,-118.185042,FOOTHILL,20.98
2024-12-17 18:20:00,769820,210,E,OR,,,,,,,,34.205892,-118.198234,ANGELES CREST HWY NB,19.98
2024-12-17 18:20:00,769832,210,E,OR,,,,,,,,34.206745,-118.201533,ANGELES CREST HWY SB,19.78
2024-12-17 18:20:00,769848,210,E,OR,36,36,,,,,,34.211728,-118.228265,OCEAN VIEW,18.18
2024-12-17 18:20:00,769868,210,E,OR,80,80,,,,,,34.218398,-118.239738,LA CRESCENTA,17.38
2024-12-17 18:20:00,769881,210,E,OR,24,24,,,,,,34.221426,-118.245718,PENNSYLVANIA,16.98
2024-12-17 18:20:00,769896,210,E,OR,60,60,,,,,,34.230849,-118.265101,LOWELL / HONOLULU,15.68
2024-12-17 18:20:00,770117,210,E,OR,,,,,,,,34.234317,-118.286992,LA TUNA CANYON,14.39
2024-12-17 18:20:00,770387,210,E,OR,12,,12,,,,,34.206925,-118.21372,EB/NB 2 TO EB 210 CN,19.08
2024-12-17 18:25:00,716576,210,E,OR,,,,,,,,34.179921,-118.167405,ARROYO,22.6
2024-12-17 18:25:00,716577,210,E,OR,60,60,,,,,,34.174756,-118.160407,LINCOLN 1,23.14
2024-12-17 18:25:00,716580,210,E,OR,0,0,,,,,,34.160546,-118.158748,MOUNTAIN 2,24.16
2024-12-17 18:25:00,716585,210,E,OR,,,,,,,,34.151691,-118.142523,MARENGO,25.72
2024-12-17 18:25:00,716587,210,E,OR,,,,,,,,34.151658,-118.12944,LAKE NB,26.47
2024-12-17 18:25:00,716589,210,E,OR,34,34,,,,,,34.152187,-118.117782,HILL NB,27.14
2024-12-17 18:25:00,716590,210,E,OR,11,11,,,,,,34.152301,-118.109239,ALLEN,27.63
2024-12-17 18:25:00,716593,210,E,OR,23,23,,,,,,34.151406,-118.091041,SAN GABRIEL,28.68
2024-12-17 18:25:00,716595,210,E,OR,,,,,,,,34.147621,-118.079037,SIERRA MADRE V2,29.44
2024-12-17 18:25:00,769790,210,E,OR,,,,,,,,34.189219,-118.180753,BERKSHIRE,21.58
2024-12-17 18:25:00,769809,210,E,OR,,,,,,,,34.196934,-118.185042,FOOTHILL,20.98
2024-12-17 18:25:00,769820,210,E,OR,,,,,,,,34.205892,-118.198234,ANGELES CREST HWY NB,19.98
2024-12-17 18:25:00,769832,210,E,OR,,,,,,,,34.206745,-118.201533,ANGELES CREST HWY SB,19.78
2024-12-17 18:25:00,769848,210,E,OR,16,16,,,,,,34.211728,-118.228265,OCEAN VIEW,18.18
2024-12-17 18:25:00,769868,210,E,OR,80,80,,,,,,34.218398,-118.239738,LA CRESCENTA,17.38
2024-12-17 18:25:00,769881,210,E,OR,46,46,,,,,,34.221426,-118.245718,PENNSYLVANIA,16.98
2024-12-17 18:25:00,769896,210,E,OR,73,73,,,,,,34.230849,-118.265101,LOWELL / HONOLULU,15.68
2024-12-17 18:25:00,770117,210,E,OR,,,,,,,,34.234317,-118.286992,LA TUNA CANYON,14.39
2024-12-17 18:25:00,770387,210,E,OR,10,,10,,,,,34.206925,-118.21372,EB/NB 2 TO EB 210 CN,19.08
2024-12-17 18:30:00,716576,210,E,OR,,,,,,,,34.179921,-118.167405,ARROYO,22.6
2024-12-17 18:30:00,716577,210,E,OR,60,60,,,,,,34.174756,-118.160407,LINCOLN 1,23.14
2024-12-17 18:30:00,716580,210,E,OR,0,0,,,,,,34.160546,-118.158748,MOUNTAIN 2,24.16
2024-12-17 18:30:00,716585,210,E,OR,,,,,,,,34.151691,-118.142523,MARENGO,25.72
2024-12-17 18:30:00,716587,210,E,OR,,,,,,,,34.151658,-118.12944,LAKE NB,26.47
2024-12-17 18:30:00,716589,210,E,OR,30,30,,,,,,34.152187,-118.117782,HILL NB,27.14
2024-12-17 18:30:00,716590,210,E,OR,16,16,,,,,,34.152301,-118.109239,ALLEN,27.63
2024-12-17 18:30:00,716593,210,E,OR,18,18,,,,,,34.151406,-118.091041,SAN GABRIEL,28.68
2024-12-17 18:30:00,716595,210,E,OR,,,,,,,,34.147621,-118.079037,SIERRA MADRE V2,29.44
2024-12-17 18:30:00,769790,210,E,OR,,,,,,,,34.189219,-118.180753,BERKSHIRE,21.58
2024-12-17 18:30:00,769809,210,E,OR,,,,,,,,34.196934,-118.185042,FOOTHILL,20.98
2024-12-17 18:30:00,769820,210,E,OR,,,,,,,,34.205892,-118.198234,ANGELES CREST HWY NB,19.98
2024-12-17 18:30:00,769832,210,E,OR,,,,,,,,34.206745,-118.201533,ANGELES CREST HWY SB,19.78
2024-12-17 18:30:00,769848,210,E,OR,32,32,,,,,,34.211728,-118.228265,OCEAN VIEW,18.18
2024-12-17 18:30:00,769868,210,E,OR,72,72,,,,,,34.218398,-118.239738,LA CRESCENTA,17.38
2024-12-17 18:30:00,769881,210,E,OR,41,41,,,,,,34.221426,-118.245718,PENNSYLVANIA,16.98
2024-12-17 18:30:00,769896,210,E,OR,62,62,,,,,,34.230849,-118.265101,LOWELL / HONOLULU,15.68
2024-12-17 18:30:00,770117,210,E,OR,,,,,,,,34.234317,-118.286992,LA TUNA CANYON,14.39
2024-12-17 18:30:00,770387,210,E,OR,9,,9,,,,,34.206925,-118.21372,EB/NB 2 TO EB 210 CN,19.08
2024-12-17 18:35:00,716576,210,E,OR,,,,,,,,34.179921,-118.167405,ARROYO,22.6
2024-12-17 18:35:00,716577,210,E,OR,60,60,,,,,,34.174756,-118.160407,LINCOLN 1,23.14
2024-12-17 18:35:00,716580,210,E,OR,0,0,,,,,,34.160546,-118.158748,MOUNTAIN 2,24.16
2024-12-17 18:35:00,716585,210,E,OR,,,,,,,,34.151691,-118.142523,MARENGO,25.72
2024-12-17 18:35:00,716587,210,E,OR,,,,,,,,34.151658,-118.12944,LAKE NB,26.47
2024-12-17 18:35:00,716589,210,E,OR,25,25,,,,,,34.152187,-118.117782,HILL NB,27.14
2024-12-17 18:35:00,716590,210,E,OR,16,16,,,,,,34.152301,-118.109239,ALLEN,27.63
2024-12-17 18:35:00,716593,210,E,OR,25,25,,,,,,34.151406,-118.091041,SAN GABRIEL,28.68
2024-12-17 18:35:00,716595,210,E,OR,,,,,,,,34.147621,-118.079037,SIERRA MADRE V2,29.44
2024-12-17 18:35:00,769790,210,E,OR,,,,,,,,34.189219,-118.180753,BERKSHIRE,21.58
2024-12-17 18:35:00,769809,210,E,OR,,,,,,,,34.196934,-118.185042,FOOTHILL,20.98
2024-12-17 18:35:00,769820,210,E,OR,,,,,,,,34.205892,-118.198234,ANGELES CREST HWY NB,19.98
2024-12-17 18:35:00,769832,210,E,OR,,,,,,,,34.206745,-118.201533,ANGELES CREST HWY SB,19.78
2024-12-17 18:35:00,769848,210,E,OR,29,29,,,,,,34.211728,-118.228265,OCEAN VIEW,18.18
2024-12-17 18:35:00,769868,210,E,OR,56,56,,,,,,34.218398,-118.239738,LA CRESCENTA,17.38
2024-12-17 18:35:00,769881,210,E,OR,33,33,,,,,,34.221426,-118.245718,PENNSYLVANIA,16.98
2024-12-17 18:35:00,769896,210,E,OR,66,66,,,,,,34.230849,-118.265101,LOWELL / HONOLULU,15.68
2024-12-17 18:35:00,770117,210,E,OR,,,,,,,,34.234317,-118.286992,LA TUNA CANYON,14.39
2024-12-17 18:35:00,770387,210,E,OR,9,,9,,,,,34.206925,-118.21372,EB/NB 2 TO EB 210 CN,19.08
2024-12-17 18:40:00,716576,210,E,OR,,,,,,,,34.179921,-118.167405,ARROYO,22.6
2024-12-17 18:40:00,716577,210,E,OR,60,60,,,,,,34.174756,-118.160407,LINCOLN 1,23.14
2024-12-17 18:40:00,716580,210,E,OR,0,0,,,,,,34.160546,-118.158748,MOUNTAIN 2,24.16
2024-12-17 18:40:00,716585,210,E,OR,,,,,,,,34.151691,-118.142523,MARENGO,25.72
2024-12-17 18:40:00,716587,210,E,OR,,,,,,,,34.151658,-118.12944,LAKE NB,26.47
2024-12-17 18:40:00,716589,210,E,OR,24,24,,,,,,34.152187,-118.117782,HILL NB,27.14
2024-12-17 18:40:00,716590,210,E,OR,23,23,,,,,,34.152301,-118.109239,ALLEN,27.63
2024-12-17 18:40:00,716593,210,E,OR,28,28,,,,,,34.151406,-118.091041,SAN GABRIEL,28.68
2024-12-17 18:40:00,716595,210,E,OR,,,,,,,,34.147621,-118.079037,SIERRA MADRE V2,29.44
2024-12-17 18:40:00,769790,210,E,OR,,,,,,,,34.189219,-118.180753,BERKSHIRE,21.58
2024-12-17 18:40:00,769809,210,E,OR,,,,,,,,34.196934,-118.185042,FOOTHILL,20.98
2024-12-17 18:40:00,769820,210,E,OR,,,,,,,,34.205892,-118.198234,ANGELES CREST HWY NB,19.98
2024-12-17 18:40:00,769832,210,E,OR,,,,,,,,34.206745,-118.201533,ANGELES CREST HWY SB,19.78
2024-12-17 18:40:00,769848,210,E,OR,43,43,,,,,,34.211728,-118.228265,OCEAN VIEW,18.18
2024-12-17 18:40:00,769868,210,E,OR,60,60,,,,,,34.218398,-118.239738,LA CRESCENTA,17.38
2024-12-17 18:40:00,769881,210,E,OR,33,33,,,,,,34.221426,-118.245718,PENNSYLVANIA,16.98
2024-12-17 18:40:00,769896,210,E,OR,70,70,,,,,,34.230849,-118.265101,LOWELL / HONOLULU,15.68
2024-12-17 18:40:00,770117,210,E,OR,,,,,,,,34.234317,-118.286992,LA TUNA CANYON,14.39
2024-12-17 18:40:00,770387,210,E,OR,23,,23,,,,,34.206925,-118.21372,EB/NB 2 TO EB 210 CN,19.08
2024-12-17 18:45:00,716576,210,E,OR,,,,,,,,34.179921,-118.167405,ARROYO,22.6
2024-12-17 18:45:00,716577,210,E,OR,60,60,,,,,,34.174756,-118.160407,LINCOLN 1,23.14
2024-12-17 18:45:00,716580,210,E,OR,0,0,,,,,,34.160546,-118.158748,MOUNTAIN 2,24.16
2024-12-17 18:45:00,716585,210,E,OR,,,,,,,,34.151691,-118.142523,MARENGO,25.72
2024-12-17 18:45:00,716587,210,E,OR,,,,,,,,34.151658,-118.12944,LAKE NB,26.47
2024-12-17 18:45:00,716589,210,E,OR,36,36,,,,,,34.152187,-118.117782,HILL NB,27.14
2024-12-17 18:45:00,716590,210,E,OR,18,18,,,,,,34.152301,-118.109239,ALLEN,27.63
2024-12-17 18:45:00,716593,210,E,OR,21,21,,,,,,34.151406,-118.091041,SAN GABRIEL,28.68
2024-12-17 18:45:00,716595,210,E,OR,,,,,,,,34.147621,-118.079037,SIERRA MADRE V2,29.44
2024-12-17 18:45:00,769790,210,E,OR,,,,,,,,34.189219,-118.180753,BERKSHIRE,21.58
2024-12-17 18:45:00,769809,210,E,OR,,,,,,,,34.196934,-118.185042,FOOTHILL,20.98
2024-12-17 18:45:00,769820,210,E,OR,,,,,,,,34.205892,-118.198234,ANGELES CREST HWY NB,19.98
2024-12-17 18:45:00,769832,210,E,OR,,,,,,,,34.206745,-118.201533,ANGELES CREST HWY SB,19.78
2024-12-17 18:45:00,769848,210,E,OR,28,28,,,,,,34.211728,-118.228265,OCEAN VIEW,18.18
2024-12-17 18:45:00,769868,210,E,OR,51,51,,,,,,34.218398,-118.239738,LA CRESCENTA,17.38
2024-12-17 18:45:00,769881,210,E,OR,35,35,,,,,,34.221426,-118.245718,PENNSYLVANIA,16.98
2024-12-17 18:45:00,769896,210,E,OR,54,54,,,,,,34.230849,-118.265101,LOWELL / HONOLULU,15.68
2024-12-17 18:45:00,770117,210,E,OR,,,,,,,,34.234317,-118.286992,LA TUNA CANYON,14.39
2024-12-17 18:45:00,770387,210,E,OR,9,,9,,,,,34.206925,-118.21372,EB/NB 2 TO EB 210 CN,19.08
2024-12-17 18:50:00,716576,210,E,OR,,,,,,,,34.179921,-118.167405,ARROYO,22.6
2024-12-17 18:50:00,716577,210,E,OR,60,60,,,,,,34.174756,-118.160407,LINCOLN 1,23.14
2024-12-17 18:50:00,716580,210,E,OR,0,0,,,,,,34.160546,-118.158748,MOUNTAIN 2,24.16
2024-12-17 18:50:00,716585,210,E,OR,,,,,,,,34.151691,-118.142523,MARENGO,25.72
2024-12-17 18:50:00,716587,210,E,OR,,,,,,,,34.151658,-118.12944,LAKE NB,26.47
2024-12-17 18:50:00,716589,210,E,OR,25,25,,,,,,34.152187,-118.117782,HILL NB,27.14
2024-12-17 18:50:00,716590,210,E,OR,12,12,,,,,,34.152301,-118.109239,ALLEN,27.63
2024-12-17 18:50:00,716593,210,E,OR,17,17,,,,,,34.151406,-118.091041,SAN GABRIEL,28.68
2024-12-17 18:50:00,716595,210,E,OR,,,,,,,,34.147621,-118.079037,SIERRA MADRE V2,29.44
2024-12-17 18:50:00,769790,210,E,OR,,,,,,,,34.189219,-118.180753,BERKSHIRE,21.58
2024-12-17 18:50:00,769809,210,E,OR,,,,,,,,34.196934,-118.185042,FOOTHILL,20.98
2024-12-17 18:50:00,769820,210,E,OR,,,,,,,,34.205892,-118.198234,ANGELES CREST HWY NB,19.98
2024-12-17 18:50:00,769832,210,E,OR,,,,,,,,34.206745,-118.201533,ANGELES CREST HWY SB,19.78
2024-12-17 18:50:00,769848,210,E,OR,31,31,,,,,,34.211728,-118.228265,OCEAN VIEW,18.18
2024-12-17 18:50:00,769868,210,E,OR,82,82,,,,,,34.218398,-118.239738,LA CRESCENTA,17.38
2024-12-17 18:50:00,769881,210,E,OR,20,20,,,,,,34.221426,-118.245718,PENNSYLVANIA,16.98
2024-12-17 18:50:00,769896,210,E,OR,66,66,,,,,,34.230849,-118.265101,LOWELL / HONOLULU,15.68
2024-12-17 18:50:00,770117,210,E,OR,,,,,,,,34.234317,-118.286992,LA TUNA CANYON,14.39
2024-12-17 18:50:00,770387,210,E,OR,11,,11,,,,,34.206925,-118.21372,EB/NB 2 TO EB 210 CN,19.08
2024-12-17 18:55:00,716576,210,E,OR,,,,,,,,34.179921,-118.167405,ARROYO,22.6
2024-12-17 18:55:00,716577,210,E,OR,60,60,,,,,,34.174756,-118.160407,LINCOLN 1,23.14
2024-12-17 18:55:00,716580,210,E,OR,0,0,,,,,,34.160546,-118.158748,MOUNTAIN 2,24.16
2024-12-17 18:55:00,716585,210,E,OR,,,,,,,,34.151691,-118.142523,MARENGO,25.72
2024-12-17 18:55:00,716587,210,E,OR,,,,,,,,34.151658,-118.12944,LAKE NB,26.47
2024-12-17 18:55:00,716589,210,E,OR,28,28,,,,,,34.152187,-118.117782,HILL NB,27.14
2024-12-17 18:55:00,716590,210,E,OR,23,23,,,,,,34.152301,-118.109239,ALLEN,27.63
2024-12-17 18:55:00,716593,210,E,OR,27,27,,,,,,34.151406,-118.091041,SAN GABRIEL,28.68
2024-12-17 18:55:00,716595,210,E,OR,,,,,,,,34.147621,-118.079037,SIERRA MADRE V2,29.44
2024-12-17 18:55:00,769790,210,E,OR,,,,,,,,34.189219,-118.180753,BERKSHIRE,21.58
2024-12-17 18:55:00,769809,210,E,OR,,,,,,,,34.196934,-118.185042,FOOTHILL,20.98
2024-12-17 18:55:00,769820,210,E,OR,,,,,,,,34.205892,-118.198234,ANGELES CREST HWY NB,19.98
2024-12-17 18:55:00,769832,210,E,OR,,,,,,,,34.206745,-118.201533,ANGELES CREST HWY SB,19.78
2024-12-17 18:55:00,769848,210,E,OR,34,34,,,,,,34.211728,-118.228265,OCEAN VIEW,18.18
2024-12-17 18:55:00,769868,210,E,OR,54,54,,,,,,34.218398,-118.239738,LA CRESCENTA,17.38
2024-12-17 18:55:00,769881,210,E,OR,32,32,,,,,,34.221426,-118.245718,PENNSYLVANIA,16.98
2024-12-17 18:55:00,769896,210,E,OR,61,61,,,,,,34.230849,-118.265101,LOWELL / HONOLULU,15.68
2024-12-17 18:55:00,770117,210,E,OR,,,,,,,,34.234317,-118.286992,LA TUNA CANYON,14.39
2024-12-17 18:55:00,770387,210,E,OR,14,,14,,,,,34.206925,-118.21372,EB/NB 2 TO EB 210 CN,19.08
2024-12-17 19:00:00,716576,210,E,OR,,,,,,,,34.179921,-118.167405,ARROYO,22.6
2024-12-17 19:00:00,716577,210,E,OR,60,60,,,,,,34.174756,-118.160407,LINCOLN 1,23.14
2024-12-17 19:00:00,716580,210,E,OR,0,0,,,,,,34.160546,-118.158748,MOUNTAIN 2,24.16
2024-12-17 19:00:00,716585,210,E,OR,,,,,,,,34.151691,-118.142523,MARENGO,25.72
2024-12-17 19:00:00,716587,210,E,OR,,,,,,,,34.151658,-118.12944,LAKE NB,26.47
2024-12-17 19:00:00,716589,210,E,OR,24,24,,,,,,34.152187,-118.117782,HILL NB,27.14
2024-12-17 19:00:00,716590,210,E,OR,5,5,,,,,,34.152301,-118.109239,ALLEN,27.63
2024-12-17 19:00:00,716593,210,E,OR,26,26,,,,,,34.151406,-118.091041,SAN GABRIEL,28.68
2024-12-17 19:00:00,716595,210,E,OR,,,,,,,,34.147621,-118.079037,SIERRA MADRE V2,29.44
2024-12-17 19:00:00,769790,210,E,OR,,,,,,,,34.189219,-118.180753,BERKSHIRE,21.58
2024-12-17 19:00:00,769809,210,E,OR,,,,,,,,34.196934,-118.185042,FOOTHILL,20.98
2024-12-17 19:00:00,769820,210,E,OR,,,,,,,,34.205892,-118.198234,ANGELES CREST HWY NB,19.98
2024-12-17 19:00:00,769832,210,E,OR,,,,,,,,34.206745,-118.201533,ANGELES CREST HWY SB,19.78
2024-12-17 19:00:00,769848,210,E,OR,28,28,,,,,,34.211728,-118.228265,OCEAN VIEW,18.18
2024-12-17 19:00:00,769868,210,E,OR,70,70,,,,,,34.218398,-118.239738,LA CRESCENTA,17.38
2024-12-17 19:00:00,769881,210,E,OR,30,30,,,,,,34.221426,-118.245718,PENNSYLVANIA,16.98
2024-12-17 19:00:00,769896,210,E,OR,50,50,,,,,,34.230849,-118.265101,LOWELL / HONOLULU,15.68
2024-12-17 19:00:00,770117,210,E,OR,,,,,,,,34.234317,-118.286992,LA TUNA CANYON,14.39
2024-12-17 19:00:00,770387,210,E,OR,13,,13,,,,,34.206925,-118.21372,EB/NB 2 TO EB 210 CN,19.08
2024-12-17 19:05:00,716576,210,E,OR,,,,,,,,34.179921,-118.167405,ARROYO,22.6
2024-12-17 19:05:00,716577,210,E,OR,60,60,,,,,,34.174756,-118.160407,LINCOLN 1,23.14
2024-12-17 19:05:00,716580,210,E,OR,0,0,,,,,,34.160546,-118.158748,MOUNTAIN 2,24.16
2024-12-17 19:05:00,716585,210,E,OR,,,,,,,,34.151691,-118.142523,MARENGO,25.72
2024-12-17 19:05:00,716587,210,E,OR,,,,,,,,34.151658,-118.12944,LAKE NB,26.47
2024-12-17 19:05:00,716589,210,E,OR,30,30,,,,,,34.152187,-118.117782,HILL NB,27.14
2024-12-17 19:05:00,716590,210,E,OR,24,24,,,,,,34.152301,-118.109239,ALLEN,27.63
2024-12-17 19:05:00,716593,210,E,OR,26,26,,,,,,34.151406,-118.091041,SAN GABRIEL,28.68
2024-12-17 19:05:00,716595,210,E,OR,,,,,,,,34.147621,-118.079037,SIERRA MADRE V2,29.44
2024-12-17 19:05:00,769790,210,E,OR,,,,,,,,34.189219,-118.180753,BERKSHIRE,21.58
2024-12-17 19:05:00,769809,210,E,OR,,,,,,,,34.196934,-118.185042,FOOTHILL,20.98
2024-12-17 19:05:00,769820,210,E,OR,,,,,,,,34.205892,-118.198234,ANGELES CREST HWY NB,19.98
2024-12-17 19:05:00,769832,210,E,OR,,,,,,,,34.206745,-118.201533,ANGELES CREST HWY SB,19.78
2024-12-17 19:05:00,769848,210,E,OR,30,30,,,,,,34.211728,-118.228265,OCEAN VIEW,18.18
2024-12-17 19:05:00,769868,210,E,OR,65,65,,,,,,34.218398,-118.239738,LA CRESCENTA,17.38
2024-12-17 19:05:00,769881,210,E,OR,33,33,,,,,,34.221426,-118.245718,PENNSYLVANIA,16.98
2024-12-17 19:05:00,769896,210,E,OR,75,75,,,,,,34.230849,-118.265101,LOWELL / HONOLULU,15.68
2024-12-17 19:05:00,770117,210,E,OR,,,,,,,,34.234317,-118.286992,LA TUNA CANYON,14.39
2024-12-17 19:05:00,770387,210,E,OR,6,,6,,,,,34.206925,-118.21372,EB/NB 2 TO EB 210 CN,19.08
2024-12-17 19:10:00,716576,210,E,OR,,,,,,,,34.179921,-118.167405,ARROYO,22.6
2024-12-17 19:10:00,716577,210,E,OR,60,60,,,,,,34.174756,-118.160407,LINCOLN 1,23.14
2024-12-17 19:10:00,716580,210,E,OR,0,0,,,,,,34.160546,-118.158748,MOUNTAIN 2,24.16
2024-12-17 19:10:00,716585,210,E,OR,,,,,,,,34.151691,-118.142523,MARENGO,25.72
2024-12-17 19:10:00,716587,210,E,OR,,,,,,,,34.151658,-118.12944,LAKE NB,26.47
2024-12-17 19:10:00,716589,210,E,OR,31,31,,,,,,34.152187,-118.117782,HILL NB,27.14
2024-12-17 19:10:00,716590,210,E,OR,24,24,,,,,,34.152301,-118.109239,ALLEN,27.63
2024-12-17 19:10:00,716593,210,E,OR,19,19,,,,,,34.151406,-118.091041,SAN GABRIEL,28.68
2024-12-17 19:10:00,716595,210,E,OR,,,,,,,,34.147621,-118.079037,SIERRA MADRE V2,29.44
2024-12-17 19:10:00,769790,210,E,OR,,,,,,,,34.189219,-118.180753,BERKSHIRE,21.58
2024-12-17 19:10:00,769809,210,E,OR,,,,,,,,34.196934,-118.185042,FOOTHILL,20.98
2024-12-17 19:10:00,769820,210,E,OR,,,,,,,,34.205892,-118.198234,ANGELES CREST HWY NB,19.98
2024-12-17 19:10:00,769832,210,E,OR,,,,,,,,34.206745,-118.201533,ANGELES CREST HWY SB,19.78
2024-12-17 19:10:00,769848,210,E,OR,27,27,,,,,,34.211728,-118.228265,OCEAN VIEW,18.18
2024-12-17 19:10:00,769868,210,E,OR,29,29,,,,,,34.218398,-118.239738,LA CRESCENTA,17.38
2024-12-17 19:10:00,769881,210,E,OR,33,33,,,,,,34.221426,-118.245718,PENNSYLVANIA,16.98
2024-12-17 19:10:00,769896,210,E,OR,58,58,,,,,,34.230849,-118.265101,LOWELL / HONOLULU,15.68
2024-12-17 19:10:00,770117,210,E,OR,,,,,,,,34.234317,-118.286992,LA TUNA CANYON,14.39
2024-12-17 19:10:00,770387,210,E,OR,8,,8,,,,,34.206925,-118.21372,EB/NB 2 TO EB 210 CN,19.08
2024-12-17 19:15:00,716576,210,E,OR,,,,,,,,34.179921,-118.167405,ARROYO,22.6
2024-12-17 19:15:00,716577,210,E,OR,60,60,,,,,,34.174756,-118.160407,LINCOLN 1,23.14
2024-12-17 19:15:00,716580,210,E,OR,0,0,,,,,,34.160546,-118.158748,MOUNTAIN 2,24.16
2024-12-17 19:15:00,716585,210,E,OR,,,,,,,,34.151691,-118.142523,MARENGO,25.72
2024-12-17 19:15:00,716587,210,E,OR,,,,,,,,34.151658,-118.12944,LAKE NB,26.47
2024-12-17 19:15:00,716589,210,E,OR,30,30,,,,,,34.152187,-118.117782,HILL NB,27.14
2024-12-17 19:15:00,716590,210,E,OR,24,24,,,,,,34.152301,-118.109239,ALLEN,27.63
2024-12-17 19:15:00,716593,210,E,OR,20,20,,,,,,34.151406,-118.091041,SAN GABRIEL,28.68
2024-12-17 19:15:00,716595,210,E,OR,,,,,,,,34.147621,-118.079037,SIERRA MADRE V2,29.44
2024-12-17 19:15:00,769790,210,E,OR,,,,,,,,34.189219,-118.180753,BERKSHIRE,21.58
2024-12-17 19:15:00,769809,210,E,OR,,,,,,,,34.196934,-118.185042,FOOTHILL,20.98
2024-12-17 19:15:00,769820,210,E,OR,,,,,,,,34.205892,-118.198234,ANGELES CREST HWY NB,19.98
2024-12-17 19:15:00,769832,210,E,OR,,,,,,,,34.206745,-118.201533,ANGELES CREST HWY SB,19.78
2024-12-17 19:15:00,769848,210,E,OR,26,26,,,,,,34.211728,-118.228265,OCEAN VIEW,18.18
2024-12-17 19:15:00,769868,210,E,OR,32,32,,,,,,34.218398,-118.239738,LA CRESCENTA,17.38
2024-12-17 19:15:00,769881,210,E,OR,22,22,,,,,,34.221426,-118.245718,PENNSYLVANIA,16.98
2024-12-17 19:15:00,769896,210,E,OR,63,63,,,,,,34.230849,-118.265101,LOWELL / HONOLULU,15.68
2024-12-17 19:15:00,770117,210,E,OR,,,,,,,,34.234317,-118.286992,LA TUNA CANYON,14.39
2024-12-17 19:15:00,770387,210,E,OR,11,,11,,,,,34.206925,-118.21372,EB/NB 2 TO EB 210 CN,19.08
2024-12-17 19:20:00,716576,210,E,OR,,,,,,,,34.179921,-118.167405,ARROYO,22.6
2024-12-17 19:20:00,716577,210,E,OR,60,60,,,,,,34.174756,-118.160407,LINCOLN 1,23.14
2024-12-17 19:20:00,716580,210,E,OR,0,0,,,,,,34.160546,-118.158748,MOUNTAIN 2,24.16
2024-12-17 19:20:00,716585,210,E,OR,,,,,,,,34.151691,-118.142523,MARENGO,25.72
2024-12-17 19:20:00,716587,210,E,OR,,,,,,,,34.151658,-118.12944,LAKE NB,26.47
2024-12-17 19:20:00,716589,210,E,OR,33,33,,,,,,34.152187,-118.117782,HILL NB,27.14
2024-12-17 19:20:00,716590,210,E,OR,6,6,,,,,,34.152301,-118.109239,ALLEN,27.63
2024-12-17 19:20:00,716593,210,E,OR,26,26,,,,,,34.151406,-118.091041,SAN GABRIEL,28.68
2024-12-17 19:20:00,716595,210,E,OR,,,,,,,,34.147621,-118.079037,SIERRA MADRE V2,29.44
2024-12-17 19:20:00,769790,210,E,OR,,,,,,,,34.189219,-118.180753,BERKSHIRE,21.58
2024-12-17 19:20:00,769809,210,E,OR,,,,,,,,34.196934,-118.185042,FOOTHILL,20.98
2024-12-17 19:20:00,769820,210,E,OR,,,,,,,,34.205892,-118.198234,ANGELES CREST HWY NB,19.98
2024-12-17 19:20:00,769832,210,E,OR,,,,,,,,34.206745,-118.201533,ANGELES CREST HWY SB,19.78
2024-12-17 19:20:00,769848,210,E,OR,23,23,,,,,,34.211728,-118.228265,OCEAN VIEW,18.18
2024-12-17 19:20:00,769868,210,E,OR,46,46,,,,,,34.218398,-118.239738,LA CRESCENTA,17.38
2024-12-17 19:20:00,769881,210,E,OR,41,41,,,,,,34.221426,-118.245718,PENNSYLVANIA,16.98
2024-12-17 19:20:00,769896,210,E,OR,48,48,,,,,,34.230849,-118.265101,LOWELL / HONOLULU,15.68
2024-12-17 19:20:00,770117,210,E,OR,,,,,,,,34.234317,-118.286992,LA TUNA CANYON,14.39
2024-12-17 19:20:00,770387,210,E,OR,8,,8,,,,,34.206925,-118.21372,EB/NB 2 TO EB 210 CN,19.08
2024-12-17 19:25:00,716576,210,E,OR,,,,,,,,34.179921,-118.167405,ARROYO,22.6
2024-12-17 19:25:00,716577,210,E,OR,60,60,,,,,,34.174756,-118.160407,LINCOLN 1,23.14
2024-12-17 19:25:00,716580,210,E,OR,0,0,,,,,,34.160546,-118.158748,MOUNTAIN 2,24.16
2024-12-17 19:25:00,716585,210,E,OR,,,,,,,,34.151691,-118.142523,MARENGO,25.72
2024-12-17 19:25:00,716587,210,E,OR,,,,,,,,34.151658,-118.12944,LAKE NB,26.47
2024-12-17 19:25:00,716589,210,E,OR,30,30,,,,,,34.152187,-118.117782,HILL NB,27.14
2024-12-17 19:25:00,716590,210,E,OR,19,19,,,,,,34.152301,-118.109239,ALLEN,27.63
2024-12-17 19:25:00,716593,210,E,OR,12,12,,,,,,34.151406,-118.091041,SAN GABRIEL,28.68
2024-12-17 19:25:00,716595,210,E,OR,,,,,,,,34.147621,-118.079037,SIERRA MADRE V2,29.44
2024-12-17 19:25:00,769790,210,E,OR,,,,,,,,34.189219,-118.180753,BERKSHIRE,21.58
2024-12-17 19:25:00,769809,210,E,OR,,,,,,,,34.196934,-118.185042,FOOTHILL,20.98
2024-12-17 19:25:00,769820,210,E,OR,,,,,,,,34.205892,-118.198234,ANGELES CREST HWY NB,19.98
2024-12-17 19:25:00,769832,210,E,OR,,,,,,,,34.206745,-118.201533,ANGELES CREST HWY SB,19.78
2024-12-17 19:25:00,769848,210,E,OR,19,19,,,,,,34.211728,-118.228265,OCEAN VIEW,18.18
2024-12-17 19:25:00,769868,210,E,OR,52,52,,,,,,34.218398,-118.239738,LA CRESCENTA,17.38
2024-12-17 19:25:00,769881,210,E,OR,28,28,,,,,,34.221426,-118.245718,PENNSYLVANIA,16.98
2024-12-17 19:25:00,769896,210,E,OR,45,45,,,,,,34.230849,-118.265101,LOWELL / HONOLULU,15.68
2024-12-17 19:25:00,770117,210,E,OR,,,,,,,,34.234317,-118.286992,LA TUNA CANYON,14.39
2024-12-17 19:25:00,770387,210,E,OR,10,,10,,,,,34.206925,-118.21372,EB/NB 2 TO EB 210 CN,19.08
2024-12-17 19:30:00,716576,210,E,OR,,,,,,,,34.179921,-118.167405,ARROYO,22.6
2024-12-17 19:30:00,716577,210,E,OR,60,60,,,,,,34.174756,-118.160407,LINCOLN 1,23.14
2024-12-17 19:30:00,716580,210,E,OR,0,0,,,,,,34.160546,-118.158748,MOUNTAIN 2,24.16
2024-12-17 19:30:00,716585,210,E,OR,,,,,,,,34.151691,-118.142523,MARENGO,25.72
2024-12-17 19:30:00,716587,210,E,OR,,,,,,,,34.151658,-118.12944,LAKE NB,26.47
2024-12-17 19:30:00,716589,210,E,OR,26,26,,,,,,34.152187,-118.117782,HILL NB,27.14
2024-12-17 19:30:00,716590,210,E,OR,16,16,,,,,,34.152301,-118.109239,ALLEN,27.63
2024-12-17 19:30:00,716593,210,E,OR,20,20,,,,,,34.151406,-118.091041,SAN GABRIEL,28.68
2024-12-17 19:30:00,716595,210,E,OR,,,,,,,,34.147621,-118.079037,SIERRA MADRE V2,29.44
2024-12-17 19:30:00,769790,210,E,OR,,,,,,,,34.189219,-118.180753,BERKSHIRE,21.58
2024-12-17 19:30:00,769809,210,E,OR,,,,,,,,34.196934,-118.185042,FOOTHILL,20.98
2024-12-17 19:30:00,769820,210,E,OR,,,,,,,,34.205892,-118.198234,ANGELES CREST HWY NB,19.98
2024-12-17 19:30:00,769832,210,E,OR,,,,,,,,34.206745,-118.201533,ANGELES CREST HWY SB,19.78
2024-12-17 19:30:00,769848,210,E,OR,27,27,,,,,,34.211728,-118.228265,OCEAN VIEW,18.18
2024-12-17 19:30:00,769868,210,E,OR,53,53,,,,,,34.218398,-118.239738,LA CRESCENTA,17.38
2024-12-17 19:30:00,769881,210,E,OR,23,23,,,,,,34.221426,-118.245718,PENNSYLVANIA,16.98
2024-12-17 19:30:00,769896,210,E,OR,47,47,,,,,,34.230849,-118.265101,LOWELL / HONOLULU,15.68
2024-12-17 19:30:00,770117,210,E,OR,,,,,,,,34.234317,-118.286992,LA TUNA CANYON,14.39
2024-12-17 19:30:00,770387,210,E,OR,16,,16,,,,,34.206925,-118.21372,EB/NB 2 TO EB 210 CN,19.08
2024-12-17 19:35:00,716576,210,E,OR,,,,,,,,34.179921,-118.167405,ARROYO,22.6
2024-12-17 19:35:00,716577,210,E,OR,60,60,,,,,,34.174756,-118.160407,LINCOLN 1,23.14
2024-12-17 19:35:00,716580,210,E,OR,0,0,,,,,,34.160546,-118.158748,MOUNTAIN 2,24.16
2024-12-17 19:35:00,716585,210,E,OR,,,,,,,,34.151691,-118.142523,MARENGO,25.72
2024-12-17 19:35:00,716587,210,E,OR,,,,,,,,34.151658,-118.12944,LAKE NB,26.47
2024-12-17 19:35:00,716589,210,E,OR,30,30,,,,,,34.152187,-118.117782,HILL NB,27.14
2024-12-17 19:35:00,716590,210,E,OR,20,20,,,,,,34.152301,-118.109239,ALLEN,27.63
2024-12-17 19:35:00,716593,210,E,OR,15,15,,,,,,34.151406,-118.091041,SAN GABRIEL,28.68
2024-12-17 19:35:00,716595,210,E,OR,,,,,,,,34.147621,-118.079037,SIERRA MADRE V2,29.44
2024-12-17 19:35:00,769790,210,E,OR,,,,,,,,34.189219,-118.180753,BERKSHIRE,21.58
2024-12-17 19:35:00,769809,210,E,OR,,,,,,,,34.196934,-118.185042,FOOTHILL,20.98
2024-12-17 19:35:00,769820,210,E,OR,,,,,,,,34.205892,-118.198234,ANGELES CREST HWY NB,19.98
2024-12-17 19:35:00,769832,210,E,OR,,,,,,,,34.206745,-118.201533,ANGELES CREST HWY SB,19.78
2024-12-17 19:35:00,769848,210,E,OR,20,20,,,,,,34.211728,-118.228265,OCEAN VIEW,18.18
2024-12-17 19:35:00,769868,210,E,OR,51,51,,,,,,34.218398,-118.239738,LA CRESCENTA,17.38
2024-12-17 19:35:00,769881,210,E,OR,21,21,,,,,,34.221426,-118.245718,PENNSYLVANIA,16.98
2024-12-17 19:35:00,769896,210,E,OR,42,42,,,,,,34.230849,-118.265101,LOWELL / HONOLULU,15.68
2024-12-17 19:35:00,770117,210,E,OR,,,,,,,,34.234317,-118.286992,LA TUNA CANYON,14.39
2024-12-17 19:35:00,770387,210,E,OR,7,,7,,,,,34.206925,-118.21372,EB/NB 2 TO EB 210 CN,19.08
2024-12-17 19:40:00,716576,210,E,OR,,,,,,,,34.179921,-118.167405,ARROYO,22.6
2024-12-17 19:40:00,716577,210,E,OR,60,60,,,,,,34.174756,-118.160407,LINCOLN 1,23.14
2024-12-17 19:40:00,716580,210,E,OR,0,0,,,,,,34.160546,-118.158748,MOUNTAIN 2,24.16
2024-12-17 19:40:00,716585,210,E,OR,,,,,,,,34.151691,-118.142523,MARENGO,25.72
2024-12-17 19:40:00,716587,210,E,OR,,,,,,,,34.151658,-118.12944,LAKE NB,26.47
2024-12-17 19:40:00,716589,210,E,OR,24,24,,,,,,34.152187,-118.117782,HILL NB,27.14
2024-12-17 19:40:00,716590,210,E,OR,15,15,,,,,,34.152301,-118.109239,ALLEN,27.63
2024-12-17 19:40:00,716593,210,E,OR,28,28,,,,,,34.151406,-118.091041,SAN GABRIEL,28.68
2024-12-17 19:40:00,716595,210,E,OR,,,,,,,,34.147621,-118.079037,SIERRA MADRE V2,29.44
2024-12-17 19:40:00,769790,210,E,OR,,,,,,,,34.189219,-118.180753,BERKSHIRE,21.58
2024-12-17 19:40:00,769809,210,E,OR,,,,,,,,34.196934,-118.185042,FOOTHILL,20.98
2024-12-17 19:40:00,769820,210,E,OR,,,,,,,,34.205892,-118.198234,ANGELES CREST HWY NB,19.98
2024-12-17 19:40:00,769832,210,E,OR,,,,,,,,34.206745,-118.201533,ANGELES CREST HWY SB,19.78
2024-12-17 19:40:00,769848,210,E,OR,17,17,,,,,,34.211728,-118.228265,OCEAN VIEW,18.18
2024-12-17 19:40:00,769868,210,E,OR,43,43,,,,,,34.218398,-118.239738,LA CRESCENTA,17.38
2024-12-17 19:40:00,769881,210,E,OR,24,24,,,,,,34.221426,-118.245718,PENNSYLVANIA,16.98
2024-12-17 19:40:00,769896,210,E,OR,53,53,,,,,,34.230849,-118.265101,LOWELL / HONOLULU,15.68
2024-12-17 19:40:00,770117,210,E,OR,,,,,,,,34.234317,-118.286992,LA TUNA CANYON,14.39
2024-12-17 19:40:00,770387,210,E,OR,8,,8,,,,,34.206925,-118.21372,EB/NB 2 TO EB 210 CN,19.08
2024-12-17 19:45:00,716576,210,E,OR,,,,,,,,34.179921,-118.167405,ARROYO,22.6
2024-12-17 19:45:00,716577,210,E,OR,60,60,,,,,,34.174756,-118.160407,LINCOLN 1,23.14
2024-12-17 19:45:00,716580,210,E,OR,0,0,,,,,,34.160546,-118.158748,MOUNTAIN 2,24.16
2024-12-17 19:45:00,716585,210,E,OR,,,,,,,,34.151691,-118.142523,MARENGO,25.72
2024-12-17 19:45:00,716587,210,E,OR,,,,,,,,34.151658,-118.12944,LAKE NB,26.47
2024-12-17 19:45:00,716589,210,E,OR,28,28,,,,,,34.152187,-118.117782,HILL NB,27.14
2024-12-17 19:45:00,716590,210,E,OR,11,11,,,,,,34.152301,-118.109239,ALLEN,27.63
2024-12-17 19:45:00,716593,210,E,OR,25,25,,,,,,34.151406,-118.091041,SAN GABRIEL,28.68
2024-12-17 19:45:00,716595,210,E,OR,,,,,,,,34.147621,-118.079037,SIERRA MADRE V2,29.44
2024-12-17 19:45:00,769790,210,E,OR,,,,,,,,34.189219,-118.180753,BERKSHIRE,21.58
2024-12-17 19:45:00,769809,210,E,OR,,,,,,,,34.196934,-118.185042,FOOTHILL,20.98
2024-12-17 19:45:00,769820,210,E,OR,,,,,,,,34.205892,-118.198234,ANGELES CREST HWY NB,19.98
2024-12-17 19:45:00,769832,210,E,OR,,,,,,,,34.206745,-118.201533,ANGELES CREST HWY SB,19.78
2024-12-17 19:45:00,769848,210,E,OR,19,19,,,,,,34.211728,-118.228265,OCEAN VIEW,18.18
2024-12-17 19:45:00,769868,210,E,OR,48,48,,,,,,34.218398,-118.239738,LA CRESCENTA,17.38
2024-12-17 19:45:00,769881,210,E,OR,22,22,,,,,,34.221426,-118.245718,PENNSYLVANIA,16.98
2024-12-17 19:45:00,769896,210,E,OR,57,57,,,,,,34.230849,-118.265101,LOWELL / HONOLULU,15.68
2024-12-17 19:45:00,770117,210,E,OR,,,,,,,,34.234317,-118.286992,LA TUNA CANYON,14.39
2024-12-17 19:45:00,770387,210,E,OR,4,,4,,,,,34.206925,-118.21372,EB/NB 2 TO EB 210 CN,19.08
2024-12-17 19:50:00,716576,210,E,OR,,,,,,,,34.179921,-118.167405,ARROYO,22.6
2024-12-17 19:50:00,716577,210,E,OR,60,60,,,,,,34.174756,-118.160407,LINCOLN 1,23.14
2024-12-17 19:50:00,716580,210,E,OR,0,0,,,,,,34.160546,-118.158748,MOUNTAIN 2,24.16
2024-12-17 19:50:00,716585,210,E,OR,,,,,,,,34.151691,-118.142523,MARENGO,25.72
2024-12-17 19:50:00,716587,210,E,OR,,,,,,,,34.151658,-118.12944,LAKE NB,26.47
2024-12-17 19:50:00,716589,210,E,OR,34,34,,,,,,34.152187,-118.117782,HILL NB,27.14
2024-12-17 19:50:00,716590,210,E,OR,19,19,,,,,,34.152301,-118.109239,ALLEN,27.63
2024-12-17 19:50:00,716593,210,E,OR,18,18,,,,,,34.151406,-118.091041,SAN GABRIEL,28.68
2024-12-17 19:50:00,716595,210,E,OR,,,,,,,,34.147621,-118.079037,SIERRA MADRE V2,29.44
2024-12-17 19:50:00,769790,210,E,OR,,,,,,,,34.189219,-118.180753,BERKSHIRE,21.58
2024-12-17 19:50:00,769809,210,E,OR,,,,,,,,34.196934,-118.185042,FOOTHILL,20.98
2024-12-17 19:50:00,769820,210,E,OR,,,,,,,,34.205892,-118.198234,ANGELES CREST HWY NB,19.98
2024-12-17 19:50:00,769832,210,E,OR,,,,,,,,34.206745,-118.201533,ANGELES CREST HWY SB,19.78
2024-12-17 19:50:00,769848,210,E,OR,24,24,,,,,,34.211728,-118.228265,OCEAN VIEW,18.18
2024-12-17 19:50:00,769868,210,E,OR,49,49,,,,,,34.218398,-118.239738,LA CRESCENTA,17.38
2024-12-17 19:50:00,769881,210,E,OR,22,22,,,,,,34.221426,-118.245718,PENNSYLVANIA,16.98
2024-12-17 19:50:00,769896,210,E,OR,47,47,,,,,,34.230849,-118.265101,LOWELL / HONOLULU,15.68
2024-12-17 19:50:00,770117,210,E,OR,,,,,,,,34.234317,-118.286992,LA TUNA CANYON,14.39
2024-12-17 19:50:00,770387,210,E,OR,3,,3,,,,,34.206925,-118.21372,EB/NB 2 TO EB 210 CN,19.08
2024-12-17 19:55:00,716576,210,E,OR,,,,,,,,34.179921,-118.167405,ARROYO,22.6
2024-12-17 19:55:00,716577,210,E,OR,60,60,,,,,,34.174756,-118.160407,LINCOLN 1,23.14
2024-12-17 19:55:00,716580,210,E,OR,0,0,,,,,,34.160546,-118.158748,MOUNTAIN 2,24.16
2024-12-17 19:55:00,716585,210,E,OR,,,,,,,,34.151691,-118.142523,MARENGO,25.72
2024-12-17 19:55:00,716587,210,E,OR,,,,,,,,34.151658,-118.12944,LAKE NB,26.47
2024-12-17 19:55:00,716589,210,E,OR,32,32,,,,,,34.152187,-118.117782,HILL NB,27.14
2024-12-17 19:55:00,716590,210,E,OR,17,17,,,,,,34.152301,-118.109239,ALLEN,27.63
2024-12-17 19:55:00,716593,210,E,OR,23,23,,,,,,34.151406,-118.091041,SAN GABRIEL,28.68
2024-12-17 19:55:00,716595,210,E,OR,,,,,,,,34.147621,-118.079037,SIERRA MADRE V2,29.44
2024-12-17 19:55:00,769790,210,E,OR,,,,,,,,34.189219,-118.180753,BERKSHIRE,21.58
2024-12-17 19:55:00,769809,210,E,OR,,,,,,,,34.196934,-118.185042,FOOTHILL,20.98
2024-12-17 19:55:00,769820,210,E,OR,,,,,,,,34.205892,-118.198234,ANGELES CREST HWY NB,19.98
2024-12-17 19:55:00,769832,210,E,OR,,,,,,,,34.206745,-118.201533,ANGELES CREST HWY SB,19.78
2024-12-17 19:55:00,769848,210,E,OR,26,26,,,,,,34.211728,-118.228265,OCEAN VIEW,18.18
2024-12-17 19:55:00,769868,210,E,OR,40,40,,,,,,34.218398,-118.239738,LA CRESCENTA,17.38
2024-12-17 19:55:00,769881,210,E,OR,21,21,,,,,,34.221426,-118.245718,PENNSYLVANIA,16.98
2024-12-17 19:55:00,769896,210,E,OR,44,44,,,,,,34.230849,-118.265101,LOWELL / HONOLULU,15.68
2024-12-17 19:55:00,770117,210,E,OR,,,,,,,,34.234317,-118.286992,LA TUNA CANYON,14.39
2024-12-17 19:55:00,770387,210,E,OR,6,,6,,,,,34.206925,-118.21372,EB/NB 2 TO EB 210 CN,19.08
2024-12-17 20:00:00,716576,210,E,OR,,,,,,,,34.179921,-118.167405,ARROYO,22.6
2024-12-17 20:00:00,716577,210,E,OR,60,60,,,,,,34.174756,-118.160407,LINCOLN 1,23.14
2024-12-17 20:00:00,716580,210,E,OR,0,0,,,,,,34.160546,-118.158748,MOUNTAIN 2,24.16
2024-12-17 20:00:00,716585,210,E,OR,,,,,,,,34.151691,-118.142523,MARENGO,25.72
2024-12-17 20:00:00,716587,210,E,OR,,,,,,,,34.151658,-118.12944,LAKE NB,26.47
2024-12-17 20:00:00,716589,210,E,OR,27,27,,,,,,34.152187,-118.117782,HILL NB,27.14
2024-12-17 20:00:00,716590,210,E,OR,18,18,,,,,,34.152301,-118.109239,ALLEN,27.63
2024-12-17 20:00:00,716593,210,E,OR,31,31,,,,,,34.151406,-118.091041,SAN GABRIEL,28.68
2024-12-17 20:00:00,716595,210,E,OR,,,,,,,,34.147621,-118.079037,SIERRA MADRE V2,29.44
2024-12-17 20:00:00,769790,210,E,OR,,,,,,,,34.189219,-118.180753,BERKSHIRE,21.58
2024-12-17 20:00:00,769809,210,E,OR,,,,,,,,34.196934,-118.185042,FOOTHILL,20.98
2024-12-17 20:00:00,769820,210,E,OR,,,,,,,,34.205892,-118.198234,ANGELES CREST HWY NB,19.98
2024-12-17 20:00:00,769832,210,E,OR,,,,,,,,34.206745,-118.201533,ANGELES CREST HWY SB,19.78
2024-12-17 20:00:00,769848,210,E,OR,14,14,,,,,,34.211728,-118.228265,OCEAN VIEW,18.18
2024-12-17 20:00:00,769868,210,E,OR,46,46,,,,,,34.218398,-118.239738,LA CRESCENTA,17.38
2024-12-17 20:00:00,769881,210,E,OR,20,20,,,,,,34.221426,-118.245718,PENNSYLVANIA,16.98
2024-12-17 20:00:00,769896,210,E,OR,30,30,,,,,,34.230849,-118.265101,LOWELL / HONOLULU,15.68
2024-12-17 20:00:00,770117,210,E,OR,,,,,,,,34.234317,-118.286992,LA TUNA CANYON,14.39
2024-12-17 20:00:00,770387,210,E,OR,4,,4,,,,,34.206925,-118.21372,EB/NB 2 TO EB 210 CN,19.08
2024-12-17 20:05:00,716576,210,E,OR,,,,,,,,34.179921,-118.167405,ARROYO,22.6
2024-12-17 20:05:00,716577,210,E,OR,60,60,,,,,,34.174756,-118.160407,LINCOLN 1,23.14
2024-12-17 20:05:00,716580,210,E,OR,0,0,,,,,,34.160546,-118.158748,MOUNTAIN 2,24.16
2024-12-17 20:05:00,716585,210,E,OR,,,,,,,,34.151691,-118.142523,MARENGO,25.72
2024-12-17 20:05:00,716587,210,E,OR,,,,,,,,34.151658,-118.12944,LAKE NB,26.47
2024-12-17 20:05:00,716589,210,E,OR,27,27,,,,,,34.152187,-118.117782,HILL NB,27.14
2024-12-17 20:05:00,716590,210,E,OR,14,14,,,,,,34.152301,-118.109239,ALLEN,27.63
2024-12-17 20:05:00,716593,210,E,OR,14,14,,,,,,34.151406,-118.091041,SAN GABRIEL,28.68
2024-12-17 20:05:00,716595,210,E,OR,,,,,,,,34.147621,-118.079037,SIERRA MADRE V2,29.44
2024-12-17 20:05:00,769790,210,E,OR,,,,,,,,34.189219,-118.180753,BERKSHIRE,21.58
2024-12-17 20:05:00,769809,210,E,OR,,,,,,,,34.196934,-118.185042,FOOTHILL,20.98
2024-12-17 20:05:00,769820,210,E,OR,,,,,,,,34.205892,-118.198234,ANGELES CREST HWY NB,19.98
2024-12-17 20:05:00,769832,210,E,OR,,,,,,,,34.206745,-118.201533,ANGELES CREST HWY SB,19.78
2024-12-17 20:05:00,769848,210,E,OR,20,20,,,,,,34.211728,-118.228265,OCEAN VIEW,18.18
2024-12-17 20:05:00,769868,210,E,OR,45,45,,,,,,34.218398,-118.239738,LA CRESCENTA,17.38
2024-12-17 20:05:00,769881,210,E,OR,27,27,,,,,,34.221426,-118.245718,PENNSYLVANIA,16.98
2024-12-17 20:05:00,769896,210,E,OR,33,33,,,,,,34.230849,-118.265101,LOWELL / HONOLULU,15.68
2024-12-17 20:05:00,770117,210,E,OR,,,,,,,,34.234317,-118.286992,LA TUNA CANYON,14.39
2024-12-17 20:05:00,770387,210,E,OR,11,,11,,,,,34.206925,-118.21372,EB/NB 2 TO EB 210 CN,19.08
2024-12-17 20:10:00,716576,210,E,OR,,,,,,,,34.179921,-118.167405,ARROYO,22.6
2024-12-17 20:10:00,716577,210,E,OR,60,60,,,,,,34.174756,-118.160407,LINCOLN 1,23.14
2024-12-17 20:10:00,716580,210,E,OR,0,0,,,,,,34.160546,-118.158748,MOUNTAIN 2,24.16
2024-12-17 20:10:00,716585,210,E,OR,,,,,,,,34.151691,-118.142523,MARENGO,25.72
2024-12-17 20:10:00,716587,210,E,OR,,,,,,,,34.151658,-118.12944,LAKE NB,26.47
2024-12-17 20:10:00,716589,210,E,OR,22,22,,,,,,34.152187,-118.117782,HILL NB,27.14
2024-12-17 20:10:00,716590,210,E,OR,24,24,,,,,,34.152301,-118.109239,ALLEN,27.63
2024-12-17 20:10:00,716593,210,E,OR,16,16,,,,,,34.151406,-118.091041,SAN GABRIEL,28.68
2024-12-17 20:10:00,716595,210,E,OR,,,,,,,,34.147621,-118.079037,SIERRA MADRE V2,29.44
2024-12-17 20:10:00,769790,210,E,OR,,,,,,,,34.189219,-118.180753,BERKSHIRE,21.58
2024-12-17 20:10:00,769809,210,E,OR,,,,,,,,34.196934,-118.185042,FOOTHILL,20.98
2024-12-17 20:10:00,769820,210,E,OR,,,,,,,,34.205892,-118.198234,ANGELES CREST HWY NB,19.98
2024-12-17 20:10:00,769832,210,E,OR,,,,,,,,34.206745,-118.201533,ANGELES CREST HWY SB,19.78
2024-12-17 20:10:00,769848,210,E,OR,17,17,,,,,,34.211728,-118.228265,OCEAN VIEW,18.18
2024-12-17 20:10:00,769868,210,E,OR,49,49,,,,,,34.218398,-118.239738,LA CRESCENTA,17.38
2024-12-17 20:10:00,769881,210,E,OR,12,12,,,,,,34.221426,-118.245718,PENNSYLVANIA,16.98
2024-12-17 20:10:00,769896,210,E,OR,27,27,,,,,,34.230849,-118.265101,LOWELL / HONOLULU,15.68
2024-12-17 20:10:00,770117,210,E,OR,,,,,,,,34.234317,-118.286992,LA TUNA CANYON,14.39
2024-12-17 20:10:00,770387,210,E,OR,2,,2,,,,,34.206925,-118.21372,EB/NB 2 TO EB 210 CN,19.08
2024-12-17 20:15:00,716576,210,E,OR,,,,,,,,34.179921,-118.167405,ARROYO,22.6
2024-12-17 20:15:00,716577,210,E,OR,60,60,,,,,,34.174756,-118.160407,LINCOLN 1,23.14
2024-12-17 20:15:00,716580,210,E,OR,0,0,,,,,,34.160546,-118.158748,MOUNTAIN 2,24.16
2024-12-17 20:15:00,716585,210,E,OR,,,,,,,,34.151691,-118.142523,MARENGO,25.72
2024-12-17 20:15:00,716587,210,E,OR,,,,,,,,34.151658,-118.12944,LAKE NB,26.47
2024-12-17 20:15:00,716589,210,E,OR,27,27,,,,,,34.152187,-118.117782,HILL NB,27.14
2024-12-17 20:15:00,716590,210,E,OR,20,20,,,,,,34.152301,-118.109239,ALLEN,27.63
2024-12-17 20:15:00,716593,210,E,OR,23,23,,,,,,34.151406,-118.091041,SAN GABRIEL,28.68
2024-12-17 20:15:00,716595,210,E,OR,,,,,,,,34.147621,-118.079037,SIERRA MADRE V2,29.44
2024-12-17 20:15:00,769790,210,E,OR,,,,,,,,34.189219,-118.180753,BERKSHIRE,21.58
2024-12-17 20:15:00,769809,210,E,OR,,,,,,,,34.196934,-118.185042,FOOTHILL,20.98
2024-12-17 20:15:00,769820,210,E,OR,,,,,,,,34.205892,-118.198234,ANGELES CREST HWY NB,19.98
2024-12-17 20:15:00,769832,210,E,OR,,,,,,,,34.206745,-118.201533,ANGELES CREST HWY SB,19.78
2024-12-17 20:15:00,769848,210,E,OR,18,18,,,,,,34.211728,-118.228265,OCEAN VIEW,18.18
2024-12-17 20:15:00,769868,210,E,OR,39,39,,,,,,34.218398,-118.239738,LA CRESCENTA,17.38
2024-12-17 20:15:00,769881,210,E,OR,35,35,,,,,,34.221426,-118.245718,PENNSYLVANIA,16.98
2024-12-17 20:15:00,769896,210,E,OR,46,46,,,,,,34.230849,-118.265101,LOWELL / HONOLULU,15.68
2024-12-17 20:15:00,770117,210,E,OR,,,,,,,,34.234317,-118.286992,LA TUNA CANYON,14.39
2024-12-17 20:15:00,770387,210,E,OR,5,,5,,,,,34.206925,-118.21372,EB/NB 2 TO EB 210 CN,19.08
2024-12-17 20:20:00,716576,210,E,OR,,,,,,,,34.179921,-118.167405,ARROYO,22.6
2024-12-17 20:20:00,716577,210,E,OR,60,60,,,,,,34.174756,-118.160407,LINCOLN 1,23.14
2024-12-17 20:20:00,716580,210,E,OR,0,0,,,,,,34.160546,-118.158748,MOUNTAIN 2,24.16
2024-12-17 20:20:00,716585,210,E,OR,,,,,,,,34.151691,-118.142523,MARENGO,25.72
2024-12-17 20:20:00,716587,210,E,OR,,,,,,,,34.151658,-118.12944,LAKE NB,26.47
2024-12-17 20:20:00,716589,210,E,OR,22,22,,,,,,34.152187,-118.117782,HILL NB,27.14
2024-12-17 20:20:00,716590,210,E,OR,9,9,,,,,,34.152301,-118.109239,ALLEN,27.63
2024-12-17 20:20:00,716593,210,E,OR,23,23,,,,,,34.151406,-118.091041,SAN GABRIEL,28.68
2024-12-17 20:20:00,716595,210,E,OR,,,,,,,,34.147621,-118.079037,SIERRA MADRE V2,29.44
2024-12-17 20:20:00,769790,210,E,OR,,,,,,,,34.189219,-118.180753,BERKSHIRE,21.58
2024-12-17 20:20:00,769809,210,E,OR,,,,,,,,34.196934,-118.185042,FOOTHILL,20.98
2024-12-17 20:20:00,769820,210,E,OR,,,,,,,,34.205892,-118.198234,ANGELES CREST HWY NB,19.98
2024-12-17 20:20:00,769832,210,E,OR,,,,,,,,34.206745,-118.201533,ANGELES CREST HWY SB,19.78
2024-12-17 20:20:00,769848,210,E,OR,11,11,,,,,,34.211728,-118.228265,OCEAN VIEW,18.18
2024-12-17 20:20:00,769868,210,E,OR,45,45,,,,,,34.218398,-118.239738,LA CRESCENTA,17.38
2024-12-17 20:20:00,769881,210,E,OR,18,18,,,,,,34.221426,-118.245718,PENNSYLVANIA,16.98
2024-12-17 20:20:00,769896,210,E,OR,35,35,,,,,,34.230849,-118.265101,LOWELL / HONOLULU,15.68
2024-12-17 20:20:00,770117,210,E,OR,,,,,,,,34.234317,-118.286992,LA TUNA CANYON,14.39
2024-12-17 20:20:00,770387,210,E,OR,7,,7,,,,,34.206925,-118.21372,EB/NB 2 TO EB 210 CN,19.08
2024-12-17 20:25:00,716576,210,E,OR,,,,,,,,34.179921,-118.167405,ARROYO,22.6
2024-12-17 20:25:00,716577,210,E,OR,60,60,,,,,,34.174756,-118.160407,LINCOLN 1,23.14
2024-12-17 20:25:00,716580,210,E,OR,0,0,,,,,,34.160546,-118.158748,MOUNTAIN 2,24.16
2024-12-17 20:25:00,716585,210,E,OR,,,,,,,,34.151691,-118.142523,MARENGO,25.72
2024-12-17 20:25:00,716587,210,E,OR,,,,,,,,34.151658,-118.12944,LAKE NB,26.47
2024-12-17 20:25:00,716589,210,E,OR,19,19,,,,,,34.152187,-118.117782,HILL NB,27.14
2024-12-17 20:25:00,716590,210,E,OR,15,15,,,,,,34.152301,-118.109239,ALLEN,27.63
2024-12-17 20:25:00,716593,210,E,OR,22,22,,,,,,34.151406,-118.091041,SAN GABRIEL,28.68
2024-12-17 20:25:00,716595,210,E,OR,,,,,,,,34.147621,-118.079037,SIERRA MADRE V2,29.44
2024-12-17 20:25:00,769790,210,E,OR,,,,,,,,34.189219,-118.180753,BERKSHIRE,21.58
2024-12-17 20:25:00,769809,210,E,OR,,,,,,,,34.196934,-118.185042,FOOTHILL,20.98
2024-12-17 20:25:00,769820,210,E,OR,,,,,,,,34.205892,-118.198234,ANGELES CREST HWY NB,19.98
2024-12-17 20:25:00,769832,210,E,OR,,,,,,,,34.206745,-118.201533,ANGELES CREST HWY SB,19.78
2024-12-17 20:25:00,769848,210,E,OR,15,15,,,,,,34.211728,-118.228265,OCEAN VIEW,18.18
2024-12-17 20:25:00,769868,210,E,OR,46,46,,,,,,34.218398,-118.239738,LA CRESCENTA,17.38
2024-12-17 20:25:00,769881,210,E,OR,8,8,,,,,,34.221426,-118.245718,PENNSYLVANIA,16.98
2024-12-17 20:25:00,769896,210,E,OR,36,36,,,,,,34.230849,-118.265101,LOWELL / HONOLULU,15.68
2024-12-17 20:25:00,770117,210,E,OR,,,,,,,,34.234317,-118.286992,LA TUNA CANYON,14.39
2024-12-17 20:25:00,770387,210,E,OR,2,,2,,,,,34.206925,-118.21372,EB/NB 2 TO EB 210 CN,19.08
2024-12-17 20:30:00,716576,210,E,OR,,,,,,,,34.179921,-118.167405,ARROYO,22.6
2024-12-17 20:30:00,716577,210,E,OR,60,60,,,,,,34.174756,-118.160407,LINCOLN 1,23.14
2024-12-17 20:30:00,716580,210,E,OR,0,0,,,,,,34.160546,-118.158748,MOUNTAIN 2,24.16
2024-12-17 20:30:00,716585,210,E,OR,,,,,,,,34.151691,-118.142523,MARENGO,25.72
2024-12-17 20:30:00,716587,210,E,OR,,,,,,,,34.151658,-118.12944,LAKE NB,26.47
2024-12-17 20:30:00,716589,210,E,OR,21,21,,,,,,34.152187,-118.117782,HILL NB,27.14
2024-12-17 20:30:00,716590,210,E,OR,17,17,,,,,,34.152301,-118.109239,ALLEN,27.63
2024-12-17 20:30:00,716593,210,E,OR,28,28,,,,,,34.151406,-118.091041,SAN GABRIEL,28.68
2024-12-17 20:30:00,716595,210,E,OR,,,,,,,,34.147621,-118.079037,SIERRA MADRE V2,29.44
2024-12-17 20:30:00,769790,210,E,OR,,,,,,,,34.189219,-118.180753,BERKSHIRE,21.58
2024-12-17 20:30:00,769809,210,E,OR,,,,,,,,34.196934,-118.185042,FOOTHILL,20.98
2024-12-17 20:30:00,769820,210,E,OR,,,,,,,,34.205892,-118.198234,ANGELES CREST HWY NB,19.98
2024-12-17 20:30:00,769832,210,E,OR,,,,,,,,34.206745,-118.201533,ANGELES CREST HWY SB,19.78
2024-12-17 20:30:00,769848,210,E,OR,14,14,,,,,,34.211728,-118.228265,OCEAN VIEW,18.18
2024-12-17 20:30:00,769868,210,E,OR,65,65,,,,,,34.218398,-118.239738,LA CRESCENTA,17.38
2024-12-17 20:30:00,769881,210,E,OR,6,6,,,,,,34.221426,-118.245718,PENNSYLVANIA,16.98
2024-12-17 20:30:00,769896,210,E,OR,34,34,,,,,,34.230849,-118.265101,LOWELL / HONOLULU,15.68
2024-12-17 20:30:00,770117,210,E,OR,,,,,,,,34.234317,-118.286992,LA TUNA CANYON,14.39
2024-12-17 20:30:00,770387,210,E,OR,4,,4,,,,,34.206925,-118.21372,EB/NB 2 TO EB 210 CN,19.08
2024-12-17 20:35:00,716576,210,E,OR,,,,,,,,34.179921,-118.167405,ARROYO,22.6
2024-12-17 20:35:00,716577,210,E,OR,60,60,,,,,,34.174756,-118.160407,LINCOLN 1,23.14
2024-12-17 20:35:00,716580,210,E,OR,0,0,,,,,,34.160546,-118.158748,MOUNTAIN 2,24.16
2024-12-17 20:35:00,716585,210,E,OR,,,,,,,,34.151691,-118.142523,MARENGO,25.72
2024-12-17 20:35:00,716587,210,E,OR,,,,,,,,34.151658,-118.12944,LAKE NB,26.47
2024-12-17 20:35:00,716589,210,E,OR,28,28,,,,,,34.152187,-118.117782,HILL NB,27.14
2024-12-17 20:35:00,716590,210,E,OR,11,11,,,,,,34.152301,-118.109239,ALLEN,27.63
2024-12-17 20:35:00,716593,210,E,OR,29,29,,,,,,34.151406,-118.091041,SAN GABRIEL,28.68
2024-12-17 20:35:00,716595,210,E,OR,,,,,,,,34.147621,-118.079037,SIERRA MADRE V2,29.44
2024-12-17 20:35:00,769790,210,E,OR,,,,,,,,34.189219,-118.180753,BERKSHIRE,21.58
2024-12-17 20:35:00,769809,210,E,OR,,,,,,,,34.196934,-118.185042,FOOTHILL,20.98
2024-12-17 20:35:00,769820,210,E,OR,,,,,,,,34.205892,-118.198234,ANGELES CREST HWY NB,19.98
2024-12-17 20:35:00,769832,210,E,OR,,,,,,,,34.206745,-118.201533,ANGELES CREST HWY SB,19.78
2024-12-17 20:35:00,769848,210,E,OR,11,11,,,,,,34.211728,-118.228265,OCEAN VIEW,18.18
2024-12-17 20:35:00,769868,210,E,OR,35,35,,,,,,34.218398,-118.239738,LA CRESCENTA,17.38
2024-12-17 20:35:00,769881,210,E,OR,18,18,,,,,,34.221426,-118.245718,PENNSYLVANIA,16.98
2024-12-17 20:35:00,769896,210,E,OR,35,35,,,,,,34.230849,-118.265101,LOWELL / HONOLULU,15.68
2024-12-17 20:35:00,770117,210,E,OR,,,,,,,,34.234317,-118.286992,LA TUNA CANYON,14.39
2024-12-17 20:35:00,770387,210,E,OR,3,,3,,,,,34.206925,-118.21372,EB/NB 2 TO EB 210 CN,19.08
2024-12-17 20:40:00,716576,210,E,OR,,,,,,,,34.179921,-118.167405,ARROYO,22.6
2024-12-17 20:40:00,716577,210,E,OR,60,60,,,,,,34.174756,-118.160407,LINCOLN 1,23.14
2024-12-17 20:40:00,716580,210,E,OR,0,0,,,,,,34.160546,-118.158748,MOUNTAIN 2,24.16
2024-12-17 20:40:00,716585,210,E,OR,,,,,,,,34.151691,-118.142523,MARENGO,25.72
2024-12-17 20:40:00,716587,210,E,OR,,,,,,,,34.151658,-118.12944,LAKE NB,26.47
2024-12-17 20:40:00,716589,210,E,OR,24,24,,,,,,34.152187,-118.117782,HILL NB,27.14
2024-12-17 20:40:00,716590,210,E,OR,17,17,,,,,,34.152301,-118.109239,ALLEN,27.63
2024-12-17 20:40:00,716593,210,E,OR,25,25,,,,,,34.151406,-118.091041,SAN GABRIEL,28.68
2024-12-17 20:40:00,716595,210,E,OR,,,,,,,,34.147621,-118.079037,SIERRA MADRE V2,29.44
2024-12-17 20:40:00,769790,210,E,OR,,,,,,,,34.189219,-118.180753,BERKSHIRE,21.58
2024-12-17 20:40:00,769809,210,E,OR,,,,,,,,34.196934,-118.185042,FOOTHILL,20.98
2024-12-17 20:40:00,769820,210,E,OR,,,,,,,,34.205892,-118.198234,ANGELES CREST HWY NB,19.98
2024-12-17 20:40:00,769832,210,E,OR,,,,,,,,34.206745,-118.201533,ANGELES CREST HWY SB,19.78
2024-12-17 20:40:00,769848,210,E,OR,14,14,,,,,,34.211728,-118.228265,OCEAN VIEW,18.18
2024-12-17 20:40:00,769868,210,E,OR,29,29,,,,,,34.218398,-118.239738,LA CRESCENTA,17.38
2024-12-17 20:40:00,769881,210,E,OR,14,14,,,,,,34.221426,-118.245718,PENNSYLVANIA,16.98
2024-12-17 20:40:00,769896,210,E,OR,40,40,,,,,,34.230849,-118.265101,LOWELL / HONOLULU,15.68
2024-12-17 20:40:00,770117,210,E,OR,,,,,,,,34.234317,-118.286992,LA TUNA CANYON,14.39
2024-12-17 20:40:00,770387,210,E,OR,0,,0,,,,,34.206925,-118.21372,EB/NB 2 TO EB 210 CN,19.08
2024-12-17 20:45:00,716576,210,E,OR,,,,,,,,34.179921,-118.167405,ARROYO,22.6
2024-12-17 20:45:00,716577,210,E,OR,60,60,,,,,,34.174756,-118.160407,LINCOLN 1,23.14
2024-12-17 20:45:00,716580,210,E,OR,0,0,,,,,,34.160546,-118.158748,MOUNTAIN 2,24.16
2024-12-17 20:45:00,716585,210,E,OR,,,,,,,,34.151691,-118.142523,MARENGO,25.72
2024-12-17 20:45:00,716587,210,E,OR,,,,,,,,34.151658,-118.12944,LAKE NB,26.47
2024-12-17 20:45:00,716589,210,E,OR,26,26,,,,,,34.152187,-118.117782,HILL NB,27.14
2024-12-17 20:45:00,716590,210,E,OR,16,16,,,,,,34.152301,-118.109239,ALLEN,27.63
2024-12-17 20:45:00,716593,210,E,OR,13,13,,,,,,34.151406,-118.091041,SAN GABRIEL,28.68
2024-12-17 20:45:00,716595,210,E,OR,,,,,,,,34.147621,-118.079037,SIERRA MADRE V2,29.44
2024-12-17 20:45:00,769790,210,E,OR,,,,,,,,34.189219,-118.180753,BERKSHIRE,21.58
2024-12-17 20:45:00,769809,210,E,OR,,,,,,,,34.196934,-118.185042,FOOTHILL,20.98
2024-12-17 20:45:00,769820,210,E,OR,,,,,,,,34.205892,-118.198234,ANGELES CREST HWY NB,19.98
2024-12-17 20:45:00,769832,210,E,OR,,,,,,,,34.206745,-118.201533,ANGELES CREST HWY SB,19.78
2024-12-17 20:45:00,769848,210,E,OR,18,18,,,,,,34.211728,-118.228265,OCEAN VIEW,18.18
2024-12-17 20:45:00,769868,210,E,OR,35,35,,,,,,34.218398,-118.239738,LA CRESCENTA,17.38
2024-12-17 20:45:00,769881,210,E,OR,14,14,,,,,,34.221426,-118.245718,PENNSYLVANIA,16.98
2024-12-17 20:45:00,769896,210,E,OR,40,40,,,,,,34.230849,-118.265101,LOWELL / HONOLULU,15.68
2024-12-17 20:45:00,770117,210,E,OR,,,,,,,,34.234317,-118.286992,LA TUNA CANYON,14.39
2024-12-17 20:45:00,770387,210,E,OR,12,,12,,,,,34.206925,-118.21372,EB/NB 2 TO EB 210 CN,19.08
2024-12-17 20:50:00,716576,210,E,OR,,,,,,,,34.179921,-118.167405,ARROYO,22.6
2024-12-17 20:50:00,716577,210,E,OR,60,60,,,,,,34.174756,-118.160407,LINCOLN 1,23.14
2024-12-17 20:50:00,716580,210,E,OR,0,0,,,,,,34.160546,-118.158748,MOUNTAIN 2,24.16
2024-12-17 20:50:00,716585,210,E,OR,,,,,,,,34.151691,-118.142523,MARENGO,25.72
2024-12-17 20:50:00,716587,210,E,OR,,,,,,,,34.151658,-118.12944,LAKE NB,26.47
2024-12-17 20:50:00,716589,210,E,OR,15,15,,,,,,34.152187,-118.117782,HILL NB,27.14
2024-12-17 20:50:00,716590,210,E,OR,11,11,,,,,,34.152301,-118.109239,ALLEN,27.63
2024-12-17 20:50:00,716593,210,E,OR,17,17,,,,,,34.151406,-118.091041,SAN GABRIEL,28.68
2024-12-17 20:50:00,716595,210,E,OR,,,,,,,,34.147621,-118.079037,SIERRA MADRE V2,29.44
2024-12-17 20:50:00,769790,210,E,OR,,,,,,,,34.189219,-118.180753,BERKSHIRE,21.58
2024-12-17 20:50:00,769809,210,E,OR,,,,,,,,34.196934,-118.185042,FOOTHILL,20.98
2024-12-17 20:50:00,769820,210,E,OR,,,,,,,,34.205892,-118.198234,ANGELES CREST HWY NB,19.98
2024-12-17 20:50:00,769832,210,E,OR,,,,,,,,34.206745,-118.201533,ANGELES CREST HWY SB,19.78
2024-12-17 20:50:00,769848,210,E,OR,16,16,,,,,,34.211728,-118.228265,OCEAN VIEW,18.18
2024-12-17 20:50:00,769868,210,E,OR,37,37,,,,,,34.218398,-118.239738,LA CRESCENTA,17.38
2024-12-17 20:50:00,769881,210,E,OR,14,14,,,,,,34.221426,-118.245718,PENNSYLVANIA,16.98
2024-12-17 20:50:00,769896,210,E,OR,31,31,,,,,,34.230849,-118.265101,LOWELL / HONOLULU,15.68
2024-12-17 20:50:00,770117,210,E,OR,,,,,,,,34.234317,-118.286992,LA TUNA CANYON,14.39
2024-12-17 20:50:00,770387,210,E,OR,1,,1,,,,,34.206925,-118.21372,EB/NB 2 TO EB 210 CN,19.08
2024-12-17 20:55:00,716576,210,E,OR,,,,,,,,34.179921,-118.167405,ARROYO,22.6
2024-12-17 20:55:00,716577,210,E,OR,60,60,,,,,,34.174756,-118.160407,LINCOLN 1,23.14
2024-12-17 20:55:00,716580,210,E,OR,0,0,,,,,,34.160546,-118.158748,MOUNTAIN 2,24.16
2024-12-17 20:55:00,716585,210,E,OR,,,,,,,,34.151691,-118.142523,MARENGO,25.72
2024-12-17 20:55:00,716587,210,E,OR,,,,,,,,34.151658,-118.12944,LAKE NB,26.47
2024-12-17 20:55:00,716589,210,E,OR,14,14,,,,,,34.152187,-118.117782,HILL NB,27.14
2024-12-17 20:55:00,716590,210,E,OR,16,16,,,,,,34.152301,-118.109239,ALLEN,27.63
2024-12-17 20:55:00,716593,210,E,OR,18,18,,,,,,34.151406,-118.091041,SAN GABRIEL,28.68
2024-12-17 20:55:00,716595,210,E,OR,,,,,,,,34.147621,-118.079037,SIERRA MADRE V2,29.44
2024-12-17 20:55:00,769790,210,E,OR,,,,,,,,34.189219,-118.180753,BERKSHIRE,21.58
2024-12-17 20:55:00,769809,210,E,OR,,,,,,,,34.196934,-118.185042,FOOTHILL,20.98
2024-12-17 20:55:00,769820,210,E,OR,,,,,,,,34.205892,-118.198234,ANGELES CREST HWY NB,19.98
2024-12-17 20:55:00,769832,210,E,OR,,,,,,,,34.206745,-118.201533,ANGELES CREST HWY SB,19.78
2024-12-17 20:55:00,769848,210,E,OR,12,12,,,,,,34.211728,-118.228265,OCEAN VIEW,18.18
2024-12-17 20:55:00,769868,210,E,OR,35,35,,,,,,34.218398,-118.239738,LA CRESCENTA,17.38
2024-12-17 20:55:00,769881,210,E,OR,15,15,,,,,,34.221426,-118.245718,PENNSYLVANIA,16.98
2024-12-17 20:55:00,769896,210,E,OR,34,34,,,,,,34.230849,-118.265101,LOWELL / HONOLULU,15.68
2024-12-17 20:55:00,770117,210,E,OR,,,,,,,,34.234317,-118.286992,LA TUNA CANYON,14.39
2024-12-17 20:55:00,770387,210,E,OR,5,,5,,,,,34.206925,-118.21372,EB/NB 2 TO EB 210 CN,19.08
2024-12-17 21:00:00,716576,210,E,OR,,,,,,,,34.179921,-118.167405,ARROYO,22.6
2024-12-17 21:00:00,716577,210,E,OR,60,60,,,,,,34.174756,-118.160407,LINCOLN 1,23.14
2024-12-17 21:00:00,716580,210,E,OR,0,0,,,,,,34.160546,-118.158748,MOUNTAIN 2,24.16
2024-12-17 21:00:00,716585,210,E,OR,,,,,,,,34.151691,-118.142523,MARENGO,25.72
2024-12-17 21:00:00,716587,210,E,OR,,,,,,,,34.151658,-118.12944,LAKE NB,26.47
2024-12-17 21:00:00,716589,210,E,OR,24,24,,,,,,34.152187,-118.117782,HILL NB,27.14
2024-12-17 21:00:00,716590,210,E,OR,16,16,,,,,,34.152301,-118.109239,ALLEN,27.63
2024-12-17 21:00:00,716593,210,E,OR,17,17,,,,,,34.151406,-118.091041,SAN GABRIEL,28.68
2024-12-17 21:00:00,716595,210,E,OR,,,,,,,,34.147621,-118.079037,SIERRA MADRE V2,29.44
2024-12-17 21:00:00,769790,210,E,OR,,,,,,,,34.189219,-118.180753,BERKSHIRE,21.58
2024-12-17 21:00:00,769809,210,E,OR,,,,,,,,34.196934,-118.185042,FOOTHILL,20.98
2024-12-17 21:00:00,769820,210,E,OR,,,,,,,,34.205892,-118.198234,ANGELES CREST HWY NB,19.98
2024-12-17 21:00:00,769832,210,E,OR,,,,,,,,34.206745,-118.201533,ANGELES CREST HWY SB,19.78
2024-12-17 21:00:00,769848,210,E,OR,9,9,,,,,,34.211728,-118.228265,OCEAN VIEW,18.18
2024-12-17 21:00:00,769868,210,E,OR,31,31,,,,,,34.218398,-118.239738,LA CRESCENTA,17.38
2024-12-17 21:00:00,769881,210,E,OR,16,16,,,,,,34.221426,-118.245718,PENNSYLVANIA,16.98
2024-12-17 21:00:00,769896,210,E,OR,27,27,,,,,,34.230849,-118.265101,LOWELL / HONOLULU,15.68
2024-12-17 21:00:00,770117,210,E,OR,,,,,,,,34.234317,-118.286992,LA TUNA CANYON,14.39
2024-12-17 21:00:00,770387,210,E,OR,8,,8,,,,,34.206925,-118.21372,EB/NB 2 TO EB 210 CN,19.08
2024-12-17 21:05:00,716576,210,E,OR,,,,,,,,34.179921,-118.167405,ARROYO,22.6
2024-12-17 21:05:00,716577,210,E,OR,60,60,,,,,,34.174756,-118.160407,LINCOLN 1,23.14
2024-12-17 21:05:00,716580,210,E,OR,0,0,,,,,,34.160546,-118.158748,MOUNTAIN 2,24.16
2024-12-17 21:05:00,716585,210,E,OR,,,,,,,,34.151691,-118.142523,MARENGO,25.72
2024-12-17 21:05:00,716587,210,E,OR,,,,,,,,34.151658,-118.12944,LAKE NB,26.47
2024-12-17 21:05:00,716589,210,E,OR,19,19,,,,,,34.152187,-118.117782,HILL NB,27.14
2024-12-17 21:05:00,716590,210,E,OR,12,12,,,,,,34.152301,-118.109239,ALLEN,27.63
2024-12-17 21:05:00,716593,210,E,OR,28,28,,,,,,34.151406,-118.091041,SAN GABRIEL,28.68
2024-12-17 21:05:00,716595,210,E,OR,,,,,,,,34.147621,-118.079037,SIERRA MADRE V2,29.44
2024-12-17 21:05:00,769790,210,E,OR,,,,,,,,34.189219,-118.180753,BERKSHIRE,21.58
2024-12-17 21:05:00,769809,210,E,OR,,,,,,,,34.196934,-118.185042,FOOTHILL,20.98
2024-12-17 21:05:00,769820,210,E,OR,,,,,,,,34.205892,-118.198234,ANGELES CREST HWY NB,19.98
2024-12-17 21:05:00,769832,210,E,OR,,,,,,,,34.206745,-118.201533,ANGELES CREST HWY SB,19.78
2024-12-17 21:05:00,769848,210,E,OR,22,22,,,,,,34.211728,-118.228265,OCEAN VIEW,18.18
2024-12-17 21:05:00,769868,210,E,OR,48,48,,,,,,34.218398,-118.239738,LA CRESCENTA,17.38
2024-12-17 21:05:00,769881,210,E,OR,8,8,,,,,,34.221426,-118.245718,PENNSYLVANIA,16.98
2024-12-17 21:05:00,769896,210,E,OR,32,32,,,,,,34.230849,-118.265101,LOWELL / HONOLULU,15.68
2024-12-17 21:05:00,770117,210,E,OR,,,,,,,,34.234317,-118.286992,LA TUNA CANYON,14.39
2024-12-17 21:05:00,770387,210,E,OR,8,,8,,,,,34.206925,-118.21372,EB/NB 2 TO EB 210 CN,19.08
2024-12-17 21:10:00,716576,210,E,OR,,,,,,,,34.179921,-118.167405,ARROYO,22.6
2024-12-17 21:10:00,716577,210,E,OR,60,60,,,,,,34.174756,-118.160407,LINCOLN 1,23.14
2024-12-17 21:10:00,716580,210,E,OR,0,0,,,,,,34.160546,-118.158748,MOUNTAIN 2,24.16
2024-12-17 21:10:00,716585,210,E,OR,,,,,,,,34.151691,-118.142523,MARENGO,25.72
2024-12-17 21:10:00,716587,210,E,OR,,,,,,,,34.151658,-118.12944,LAKE NB,26.47
2024-12-17 21:10:00,716589,210,E,OR,20,20,,,,,,34.152187,-118.117782,HILL NB,27.14
2024-12-17 21:10:00,716590,210,E,OR,11,11,,,,,,34.152301,-118.109239,ALLEN,27.63
2024-12-17 21:10:00,716593,210,E,OR,26,26,,,,,,34.151406,-118.091041,SAN GABRIEL,28.68
2024-12-17 21:10:00,716595,210,E,OR,,,,,,,,34.147621,-118.079037,SIERRA MADRE V2,29.44
2024-12-17 21:10:00,769790,210,E,OR,,,,,,,,34.189219,-118.180753,BERKSHIRE,21.58
2024-12-17 21:10:00,769809,210,E,OR,,,,,,,,34.196934,-118.185042,FOOTHILL,20.98
2024-12-17 21:10:00,769820,210,E,OR,,,,,,,,34.205892,-118.198234,ANGELES CREST HWY NB,19.98
2024-12-17 21:10:00,769832,210,E,OR,,,,,,,,34.206745,-118.201533,ANGELES CREST HWY SB,19.78
2024-12-17 21:10:00,769848,210,E,OR,11,11,,,,,,34.211728,-118.228265,OCEAN VIEW,18.18
2024-12-17 21:10:00,769868,210,E,OR,38,38,,,,,,34.218398,-118.239738,LA CRESCENTA,17.38
2024-12-17 21:10:00,769881,210,E,OR,11,11,,,,,,34.221426,-118.245718,PENNSYLVANIA,16.98
2024-12-17 21:10:00,769896,210,E,OR,21,21,,,,,,34.230849,-118.265101,LOWELL / HONOLULU,15.68
2024-12-17 21:10:00,770117,210,E,OR,,,,,,,,34.234317,-118.286992,LA TUNA CANYON,14.39
2024-12-17 21:10:00,770387,210,E,OR,9,,9,,,,,34.206925,-118.21372,EB/NB 2 TO EB 210 CN,19.08
2024-12-17 21:15:00,716576,210,E,OR,,,,,,,,34.179921,-118.167405,ARROYO,22.6
2024-12-17 21:15:00,716577,210,E,OR,60,60,,,,,,34.174756,-118.160407,LINCOLN 1,23.14
2024-12-17 21:15:00,716580,210,E,OR,0,0,,,,,,34.160546,-118.158748,MOUNTAIN 2,24.16
2024-12-17 21:15:00,716585,210,E,OR,,,,,,,,34.151691,-118.142523,MARENGO,25.72
2024-12-17 21:15:00,716587,210,E,OR,,,,,,,,34.151658,-118.12944,LAKE NB,26.47
2024-12-17 21:15:00,716589,210,E,OR,13,13,,,,,,34.152187,-118.117782,HILL NB,27.14
2024-12-17 21:15:00,716590,210,E,OR,18,18,,,,,,34.152301,-118.109239,ALLEN,27.63
2024-12-17 21:15:00,716593,210,E,OR,22,22,,,,,,34.151406,-118.091041,SAN GABRIEL,28.68
2024-12-17 21:15:00,716595,210,E,OR,,,,,,,,34.147621,-118.079037,SIERRA MADRE V2,29.44
2024-12-17 21:15:00,769790,210,E,OR,,,,,,,,34.189219,-118.180753,BERKSHIRE,21.58
2024-12-17 21:15:00,769809,210,E,OR,,,,,,,,34.196934,-118.185042,FOOTHILL,20.98
2024-12-17 21:15:00,769820,210,E,OR,,,,,,,,34.205892,-118.198234,ANGELES CREST HWY NB,19.98
2024-12-17 21:15:00,769832,210,E,OR,,,,,,,,34.206745,-118.201533,ANGELES CREST HWY SB,19.78
2024-12-17 21:15:00,769848,210,E,OR,16,16,,,,,,34.211728,-118.228265,OCEAN VIEW,18.18
2024-12-17 21:15:00,769868,210,E,OR,30,30,,,,,,34.218398,-118.239738,LA CRESCENTA,17.38
2024-12-17 21:15:00,769881,210,E,OR,5,5,,,,,,34.221426,-118.245718,PENNSYLVANIA,16.98
2024-12-17 21:15:00,769896,210,E,OR,33,33,,,,,,34.230849,-118.265101,LOWELL / HONOLULU,15.68
2024-12-17 21:15:00,770117,210,E,OR,,,,,,,,34.234317,-118.286992,LA TUNA CANYON,14.39
2024-12-17 21:15:00,770387,210,E,OR,6,,6,,,,,34.206925,-118.21372,EB/NB 2 TO EB 210 CN,19.08
2024-12-17 21:20:00,716576,210,E,OR,,,,,,,,34.179921,-118.167405,ARROYO,22.6
2024-12-17 21:20:00,716577,210,E,OR,60,60,,,,,,34.174756,-118.160407,LINCOLN 1,23.14
2024-12-17 21:20:00,716580,210,E,OR,0,0,,,,,,34.160546,-118.158748,MOUNTAIN 2,24.16
2024-12-17 21:20:00,716585,210,E,OR,,,,,,,,34.151691,-118.142523,MARENGO,25.72
2024-12-17 21:20:00,716587,210,E,OR,,,,,,,,34.151658,-118.12944,LAKE NB,26.47
2024-12-17 21:20:00,716589,210,E,OR,20,20,,,,,,34.152187,-118.117782,HILL NB,27.14
2024-12-17 21:20:00,716590,210,E,OR,19,19,,,,,,34.152301,-118.109239,ALLEN,27.63
2024-12-17 21:20:00,716593,210,E,OR,18,18,,,,,,34.151406,-118.091041,SAN GABRIEL,28.68
2024-12-17 21:20:00,716595,210,E,OR,,,,,,,,34.147621,-118.079037,SIERRA MADRE V2,29.44
2024-12-17 21:20:00,769790,210,E,OR,,,,,,,,34.189219,-118.180753,BERKSHIRE,21.58
2024-12-17 21:20:00,769809,210,E,OR,,,,,,,,34.196934,-118.185042,FOOTHILL,20.98
2024-12-17 21:20:00,769820,210,E,OR,,,,,,,,34.205892,-118.198234,ANGELES CREST HWY NB,19.98
2024-12-17 21:20:00,769832,210,E,OR,,,,,,,,34.206745,-118.201533,ANGELES CREST HWY SB,19.78
2024-12-17 21:20:00,769848,210,E,OR,10,10,,,,,,34.211728,-118.228265,OCEAN VIEW,18.18
2024-12-17 21:20:00,769868,210,E,OR,27,27,,,,,,34.218398,-118.239738,LA CRESCENTA,17.38
2024-12-17 21:20:00,769881,210,E,OR,10,10,,,,,,34.221426,-118.245718,PENNSYLVANIA,16.98
2024-12-17 21:20:00,769896,210,E,OR,25,25,,,,,,34.230849,-118.265101,LOWELL / HONOLULU,15.68
2024-12-17 21:20:00,770117,210,E,OR,,,,,,,,34.234317,-118.286992,LA TUNA CANYON,14.39
2024-12-17 21:20:00,770387,210,E,OR,6,,6,,,,,34.206925,-118.21372,EB/NB 2 TO EB 210 CN,19.08
2024-12-17 21:25:00,716576,210,E,OR,,,,,,,,34.179921,-118.167405,ARROYO,22.6
2024-12-17 21:25:00,716577,210,E,OR,60,60,,,,,,34.174756,-118.160407,LINCOLN 1,23.14
2024-12-17 21:25:00,716580,210,E,OR,0,0,,,,,,34.160546,-118.158748,MOUNTAIN 2,24.16
2024-12-17 21:25:00,716585,210,E,OR,,,,,,,,34.151691,-118.142523,MARENGO,25.72
2024-12-17 21:25:00,716587,210,E,OR,,,,,,,,34.151658,-118.12944,LAKE NB,26.47
2024-12-17 21:25:00,716589,210,E,OR,17,17,,,,,,34.152187,-118.117782,HILL NB,27.14
2024-12-17 21:25:00,716590,210,E,OR,9,9,,,,,,34.152301,-118.109239,ALLEN,27.63
2024-12-17 21:25:00,716593,210,E,OR,19,19,,,,,,34.151406,-118.091041,SAN GABRIEL,28.68
2024-12-17 21:25:00,716595,210,E,OR,,,,,,,,34.147621,-118.079037,SIERRA MADRE V2,29.44
2024-12-17 21:25:00,769790,210,E,OR,,,,,,,,34.189219,-118.180753,BERKSHIRE,21.58
2024-12-17 21:25:00,769809,210,E,OR,,,,,,,,34.196934,-118.185042,FOOTHILL,20.98
2024-12-17 21:25:00,769820,210,E,OR,,,,,,,,34.205892,-118.198234,ANGELES CREST HWY NB,19.98
2024-12-17 21:25:00,769832,210,E,OR,,,,,,,,34.206745,-118.201533,ANGELES CREST HWY SB,19.78
2024-12-17 21:25:00,769848,210,E,OR,7,7,,,,,,34.211728,-118.228265,OCEAN VIEW,18.18
2024-12-17 21:25:00,769868,210,E,OR,25,25,,,,,,34.218398,-118.239738,LA CRESCENTA,17.38
2024-12-17 21:25:00,769881,210,E,OR,8,8,,,,,,34.221426,-118.245718,PENNSYLVANIA,16.98
2024-12-17 21:25:00,769896,210,E,OR,19,19,,,,,,34.230849,-118.265101,LOWELL / HONOLULU,15.68
2024-12-17 21:25:00,770117,210,E,OR,,,,,,,,34.234317,-118.286992,LA TUNA CANYON,14.39
2024-12-17 21:25:00,770387,210,E,OR,12,,12,,,,,34.206925,-118.21372,EB/NB 2 TO EB 210 CN,19.08
2024-12-17 21:30:00,716576,210,E,OR,,,,,,,,34.179921,-118.167405,ARROYO,22.6
2024-12-17 21:30:00,716577,210,E,OR,60,60,,,,,,34.174756,-118.160407,LINCOLN 1,23.14
2024-12-17 21:30:00,716580,210,E,OR,0,0,,,,,,34.160546,-118.158748,MOUNTAIN 2,24.16
2024-12-17 21:30:00,716585,210,E,OR,,,,,,,,34.151691,-118.142523,MARENGO,25.72
2024-12-17 21:30:00,716587,210,E,OR,,,,,,,,34.151658,-118.12944,LAKE NB,26.47
2024-12-17 21:30:00,716589,210,E,OR,20,20,,,,,,34.152187,-118.117782,HILL NB,27.14
2024-12-17 21:30:00,716590,210,E,OR,12,12,,,,,,34.152301,-118.109239,ALLEN,27.63
2024-12-17 21:30:00,716593,210,E,OR,14,14,,,,,,34.151406,-118.091041,SAN GABRIEL,28.68
2024-12-17 21:30:00,716595,210,E,OR,,,,,,,,34.147621,-118.079037,SIERRA MADRE V2,29.44
2024-12-17 21:30:00,769790,210,E,OR,,,,,,,,34.189219,-118.180753,BERKSHIRE,21.58
2024-12-17 21:30:00,769809,210,E,OR,,,,,,,,34.196934,-118.185042,FOOTHILL,20.98
2024-12-17 21:30:00,769820,210,E,OR,,,,,,,,34.205892,-118.198234,ANGELES CREST HWY NB,19.98
2024-12-17 21:30:00,769832,210,E,OR,,,,,,,,34.206745,-118.201533,ANGELES CREST HWY SB,19.78
2024-12-17 21:30:00,769848,210,E,OR,18,18,,,,,,34.211728,-118.228265,OCEAN VIEW,18.18
2024-12-17 21:30:00,769868,210,E,OR,19,19,,,,,,34.218398,-118.239738,LA CRESCENTA,17.38
2024-12-17 21:30:00,769881,210,E,OR,11,11,,,,,,34.221426,-118.245718,PENNSYLVANIA,16.98
2024-12-17 21:30:00,769896,210,E,OR,20,20,,,,,,34.230849,-118.265101,LOWELL / HONOLULU,15.68
2024-12-17 21:30:00,770117,210,E,OR,,,,,,,,34.234317,-118.286992,LA TUNA CANYON,14.39
2024-12-17 21:30:00,770387,210,E,OR,6,,6,,,,,34.206925,-118.21372,EB/NB 2 TO EB 210 CN,19.08
2024-12-17 21:35:00,716576,210,E,OR,,,,,,,,34.179921,-118.167405,ARROYO,22.6
2024-12-17 21:35:00,716577,210,E,OR,60,60,,,,,,34.174756,-118.160407,LINCOLN 1,23.14
2024-12-17 21:35:00,716580,210,E,OR,0,0,,,,,,34.160546,-118.158748,MOUNTAIN 2,24.16
2024-12-17 21:35:00,716585,210,E,OR,,,,,,,,34.151691,-118.142523,MARENGO,25.72
2024-12-17 21:35:00,716587,210,E,OR,,,,,,,,34.151658,-118.12944,LAKE NB,26.47
2024-12-17 21:35:00,716589,210,E,OR,17,17,,,,,,34.152187,-118.117782,HILL NB,27.14
2024-12-17 21:35:00,716590,210,E,OR,14,14,,,,,,34.152301,-118.109239,ALLEN,27.63
2024-12-17 21:35:00,716593,210,E,OR,12,12,,,,,,34.151406,-118.091041,SAN GABRIEL,28.68
2024-12-17 21:35:00,716595,210,E,OR,,,,,,,,34.147621,-118.079037,SIERRA MADRE V2,29.44
2024-12-17 21:35:00,769790,210,E,OR,,,,,,,,34.189219,-118.180753,BERKSHIRE,21.58
2024-12-17 21:35:00,769809,210,E,OR,,,,,,,,34.196934,-118.185042,FOOTHILL,20.98
2024-12-17 21:35:00,769820,210,E,OR,,,,,,,,34.205892,-118.198234,ANGELES CREST HWY NB,19.98
2024-12-17 21:35:00,769832,210,E,OR,,,,,,,,34.206745,-118.201533,ANGELES CREST HWY SB,19.78
2024-12-17 21:35:00,769848,210,E,OR,10,10,,,,,,34.211728,-118.228265,OCEAN VIEW,18.18
2024-12-17 21:35:00,769868,210,E,OR,25,25,,,,,,34.218398,-118.239738,LA CRESCENTA,17.38
2024-12-17 21:35:00,769881,210,E,OR,15,15,,,,,,34.221426,-118.245718,PENNSYLVANIA,16.98
2024-12-17 21:35:00,769896,210,E,OR,34,34,,,,,,34.230849,-118.265101,LOWELL / HONOLULU,15.68
2024-12-17 21:35:00,770117,210,E,OR,,,,,,,,34.234317,-118.286992,LA TUNA CANYON,14.39
2024-12-17 21:35:00,770387,210,E,OR,8,,8,,,,,34.206925,-118.21372,EB/NB 2 TO EB 210 CN,19.08
2024-12-17 21:40:00,716576,210,E,OR,,,,,,,,34.179921,-118.167405,ARROYO,22.6
2024-12-17 21:40:00,716577,210,E,OR,60,60,,,,,,34.174756,-118.160407,LINCOLN 1,23.14
2024-12-17 21:40:00,716580,210,E,OR,0,0,,,,,,34.160546,-118.158748,MOUNTAIN 2,24.16
2024-12-17 21:40:00,716585,210,E,OR,,,,,,,,34.151691,-118.142523,MARENGO,25.72
2024-12-17 21:40:00,716587,210,E,OR,,,,,,,,34.151658,-118.12944,LAKE NB,26.47
2024-12-17 21:40:00,716589,210,E,OR,24,24,,,,,,34.152187,-118.117782,HILL NB,27.14
2024-12-17 21:40:00,716590,210,E,OR,12,12,,,,,,34.152301,-118.109239,ALLEN,27.63
2024-12-17 21:40:00,716593,210,E,OR,10,10,,,,,,34.151406,-118.091041,SAN GABRIEL,28.68
2024-12-17 21:40:00,716595,210,E,OR,,,,,,,,34.147621,-118.079037,SIERRA MADRE V2,29.44
2024-12-17 21:40:00,769790,210,E,OR,,,,,,,,34.189219,-118.180753,BERKSHIRE,21.58
2024-12-17 21:40:00,769809,210,E,OR,,,,,,,,34.196934,-118.185042,FOOTHILL,20.98
2024-12-17 21:40:00,769820,210,E,OR,,,,,,,,34.205892,-118.198234,ANGELES CREST HWY NB,19.98
2024-12-17 21:40:00,769832,210,E,OR,,,,,,,,34.206745,-118.201533,ANGELES CREST HWY SB,19.78
2024-12-17 21:40:00,769848,210,E,OR,8,8,,,,,,34.211728,-118.228265,OCEAN VIEW,18.18
2024-12-17 21:40:00,769868,210,E,OR,25,25,,,,,,34.218398,-118.239738,LA CRESCENTA,17.38
2024-12-17 21:40:00,769881,210,E,OR,7,7,,,,,,34.221426,-118.245718,PENNSYLVANIA,16.98
2024-12-17 21:40:00,769896,210,E,OR,19,19,,,,,,34.230849,-118.265101,LOWELL / HONOLULU,15.68
2024-12-17 21:40:00,770117,210,E,OR,,,,,,,,34.234317,-118.286992,LA TUNA CANYON,14.39
2024-12-17 21:40:00,770387,210,E,OR,0,,0,,,,,34.206925,-118.21372,EB/NB 2 TO EB 210 CN,19.08
2024-12-17 21:45:00,716576,210,E,OR,,,,,,,,34.179921,-118.167405,ARROYO,22.6
2024-12-17 21:45:00,716577,210,E,OR,60,60,,,,,,34.174756,-118.160407,LINCOLN 1,23.14
2024-12-17 21:45:00,716580,210,E,OR,0,0,,,,,,34.160546,-118.158748,MOUNTAIN 2,24.16
2024-12-17 21:45:00,716585,210,E,OR,,,,,,,,34.151691,-118.142523,MARENGO,25.72
2024-12-17 21:45:00,716587,210,E,OR,,,,,,,,34.151658,-118.12944,LAKE NB,26.47
2024-12-17 21:45:00,716589,210,E,OR,13,13,,,,,,34.152187,-118.117782,HILL NB,27.14
2024-12-17 21:45:00,716590,210,E,OR,10,10,,,,,,34.152301,-118.109239,ALLEN,27.63
2024-12-17 21:45:00,716593,210,E,OR,10,10,,,,,,34.151406,-118.091041,SAN GABRIEL,28.68
2024-12-17 21:45:00,716595,210,E,OR,,,,,,,,34.147621,-118.079037,SIERRA MADRE V2,29.44
2024-12-17 21:45:00,769790,210,E,OR,,,,,,,,34.189219,-118.180753,BERKSHIRE,21.58
2024-12-17 21:45:00,769809,210,E,OR,,,,,,,,34.196934,-118.185042,FOOTHILL,20.98
2024-12-17 21:45:00,769820,210,E,OR,,,,,,,,34.205892,-118.198234,ANGELES CREST HWY NB,19.98
2024-12-17 21:45:00,769832,210,E,OR,,,,,,,,34.206745,-118.201533,ANGELES CREST HWY SB,19.78
2024-12-17 21:45:00,769848,210,E,OR,9,9,,,,,,34.211728,-118.228265,OCEAN VIEW,18.18
2024-12-17 21:45:00,769868,210,E,OR,20,20,,,,,,34.218398,-118.239738,LA CRESCENTA,17.38
2024-12-17 21:45:00,769881,210,E,OR,10,10,,,,,,34.221426,-118.245718,PENNSYLVANIA,16.98
2024-12-17 21:45:00,769896,210,E,OR,21,21,,,,,,34.230849,-118.265101,LOWELL / HONOLULU,15.68
2024-12-17 21:45:00,770117,210,E,OR,,,,,,,,34.234317,-118.286992,LA TUNA CANYON,14.39
2024-12-17 21:45:00,770387,210,E,OR,0,,0,,,,,34.206925,-118.21372,EB/NB 2 TO EB 210 CN,19.08
2024-12-17 21:50:00,716576,210,E,OR,,,,,,,,34.179921,-118.167405,ARROYO,22.6
2024-12-17 21:50:00,716577,210,E,OR,60,60,,,,,,34.174756,-118.160407,LINCOLN 1,23.14
2024-12-17 21:50:00,716580,210,E,OR,0,0,,,,,,34.160546,-118.158748,MOUNTAIN 2,24.16
2024-12-17 21:50:00,716585,210,E,OR,,,,,,,,34.151691,-118.142523,MARENGO,25.72
2024-12-17 21:50:00,716587,210,E,OR,,,,,,,,34.151658,-118.12944,LAKE NB,26.47
2024-12-17 21:50:00,716589,210,E,OR,23,23,,,,,,34.152187,-118.117782,HILL NB,27.14
2024-12-17 21:50:00,716590,210,E,OR,9,9,,,,,,34.152301,-118.109239,ALLEN,27.63
2024-12-17 21:50:00,716593,210,E,OR,12,12,,,,,,34.151406,-118.091041,SAN GABRIEL,28.68
2024-12-17 21:50:00,716595,210,E,OR,,,,,,,,34.147621,-118.079037,SIERRA MADRE V2,29.44
2024-12-17 21:50:00,769790,210,E,OR,,,,,,,,34.189219,-118.180753,BERKSHIRE,21.58
2024-12-17 21:50:00,769809,210,E,OR,,,,,,,,34.196934,-118.185042,FOOTHILL,20.98
2024-12-17 21:50:00,769820,210,E,OR,,,,,,,,34.205892,-118.198234,ANGELES CREST HWY NB,19.98
2024-12-17 21:50:00,769832,210,E,OR,,,,,,,,34.206745,-118.201533,ANGELES CREST HWY SB,19.78
2024-12-17 21:50:00,769848,210,E,OR,12,12,,,,,,34.211728,-118.228265,OCEAN VIEW,18.18
2024-12-17 21:50:00,769868,210,E,OR,24,24,,,,,,34.218398,-118.239738,LA CRESCENTA,17.38
2024-12-17 21:50:00,769881,210,E,OR,14,14,,,,,,34.221426,-118.245718,PENNSYLVANIA,16.98
2024-12-17 21:50:00,769896,210,E,OR,8,8,,,,,,34.230849,-118.265101,LOWELL / HONOLULU,15.68
2024-12-17 21:50:00,770117,210,E,OR,,,,,,,,34.234317,-118.286992,LA TUNA CANYON,14.39
2024-12-17 21:50:00,770387,210,E,OR,0,,0,,,,,34.206925,-118.21372,EB/NB 2 TO EB 210 CN,19.08
2024-12-17 21:55:00,716576,210,E,OR,,,,,,,,34.179921,-118.167405,ARROYO,22.6
2024-12-17 21:55:00,716577,210,E,OR,60,60,,,,,,34.174756,-118.160407,LINCOLN 1,23.14
2024-12-17 21:55:00,716580,210,E,OR,0,0,,,,,,34.160546,-118.158748,MOUNTAIN 2,24.16
2024-12-17 21:55:00,716585,210,E,OR,,,,,,,,34.151691,-118.142523,MARENGO,25.72
2024-12-17 21:55:00,716587,210,E,OR,,,,,,,,34.151658,-118.12944,LAKE NB,26.47
2024-12-17 21:55:00,716589,210,E,OR,15,15,,,,,,34.152187,-118.117782,HILL NB,27.14
2024-12-17 21:55:00,716590,210,E,OR,12,12,,,,,,34.152301,-118.109239,ALLEN,27.63
2024-12-17 21:55:00,716593,210,E,OR,14,14,,,,,,34.151406,-118.091041,SAN GABRIEL,28.68
2024-12-17 21:55:00,716595,210,E,OR,,,,,,,,34.147621,-118.079037,SIERRA MADRE V2,29.44
2024-12-17 21:55:00,769790,210,E,OR,,,,,,,,34.189219,-118.180753,BERKSHIRE,21.58
2024-12-17 21:55:00,769809,210,E,OR,,,,,,,,34.196934,-118.185042,FOOTHILL,20.98
2024-12-17 21:55:00,769820,210,E,OR,,,,,,,,34.205892,-118.198234,ANGELES CREST HWY NB,19.98
2024-12-17 21:55:00,769832,210,E,OR,,,,,,,,34.206745,-118.201533,ANGELES CREST HWY SB,19.78
2024-12-17 21:55:00,769848,210,E,OR,10,10,,,,,,34.211728,-118.228265,OCEAN VIEW,18.18
2024-12-17 21:55:00,769868,210,E,OR,33,33,,,,,,34.218398,-118.239738,LA CRESCENTA,17.38
2024-12-17 21:55:00,769881,210,E,OR,6,6,,,,,,34.221426,-118.245718,PENNSYLVANIA,16.98
2024-12-17 21:55:00,769896,210,E,OR,27,27,,,,,,34.230849,-118.265101,LOWELL / HONOLULU,15.68
2024-12-17 21:55:00,770117,210,E,OR,,,,,,,,34.234317,-118.286992,LA TUNA CANYON,14.39
2024-12-17 21:55:00,770387,210,E,OR,2,,2,,,,,34.206925,-118.21372,EB/NB 2 TO EB 210 CN,19.08
2024-12-17 22:00:00,716576,210,E,OR,,,,,,,,34.179921,-118.167405,ARROYO,22.6
2024-12-17 22:00:00,716577,210,E,OR,60,60,,,,,,34.174756,-118.160407,LINCOLN 1,23.14
2024-12-17 22:00:00,716580,210,E,OR,0,0,,,,,,34.160546,-118.158748,MOUNTAIN 2,24.16
2024-12-17 22:00:00,716585,210,E,OR,,,,,,,,34.151691,-118.142523,MARENGO,25.72
2024-12-17 22:00:00,716587,210,E,OR,,,,,,,,34.151658,-118.12944,LAKE NB,26.47
2024-12-17 22:00:00,716589,210,E,OR,14,14,,,,,,34.152187,-118.117782,HILL NB,27.14
2024-12-17 22:00:00,716590,210,E,OR,8,8,,,,,,34.152301,-118.109239,ALLEN,27.63
2024-12-17 22:00:00,716593,210,E,OR,13,13,,,,,,34.151406,-118.091041,SAN GABRIEL,28.68
2024-12-17 22:00:00,716595,210,E,OR,,,,,,,,34.147621,-118.079037,SIERRA MADRE V2,29.44
2024-12-17 22:00:00,769790,210,E,OR,,,,,,,,34.189219,-118.180753,BERKSHIRE,21.58
2024-12-17 22:00:00,769809,210,E,OR,,,,,,,,34.196934,-118.185042,FOOTHILL,20.98
2024-12-17 22:00:00,769820,210,E,OR,,,,,,,,34.205892,-118.198234,ANGELES CREST HWY NB,19.98
2024-12-17 22:00:00,769832,210,E,OR,,,,,,,,34.206745,-118.201533,ANGELES CREST HWY SB,19.78
2024-12-17 22:00:00,769848,210,E,OR,10,10,,,,,,34.211728,-118.228265,OCEAN VIEW,18.18
2024-12-17 22:00:00,769868,210,E,OR,20,20,,,,,,34.218398,-118.239738,LA CRESCENTA,17.38
2024-12-17 22:00:00,769881,210,E,OR,8,8,,,,,,34.221426,-118.245718,PENNSYLVANIA,16.98
2024-12-17 22:00:00,769896,210,E,OR,12,12,,,,,,34.230849,-118.265101,LOWELL / HONOLULU,15.68
2024-12-17 22:00:00,770117,210,E,OR,,,,,,,,34.234317,-118.286992,LA TUNA CANYON,14.39
2024-12-17 22:00:00,770387,210,E,OR,6,,6,,,,,34.206925,-118.21372,EB/NB 2 TO EB 210 CN,19.08
2024-12-17 22:05:00,716576,210,E,OR,,,,,,,,34.179921,-118.167405,ARROYO,22.6
2024-12-17 22:05:00,716577,210,E,OR,60,60,,,,,,34.174756,-118.160407,LINCOLN 1,23.14
2024-12-17 22:05:00,716580,210,E,OR,0,0,,,,,,34.160546,-118.158748,MOUNTAIN 2,24.16
2024-12-17 22:05:00,716585,210,E,OR,,,,,,,,34.151691,-118.142523,MARENGO,25.72
2024-12-17 22:05:00,716587,210,E,OR,,,,,,,,34.151658,-118.12944,LAKE NB,26.47
2024-12-17 22:05:00,716589,210,E,OR,16,16,,,,,,34.152187,-118.117782,HILL NB,27.14
2024-12-17 22:05:00,716590,210,E,OR,9,9,,,,,,34.152301,-118.109239,ALLEN,27.63
2024-12-17 22:05:00,716593,210,E,OR,7,7,,,,,,34.151406,-118.091041,SAN GABRIEL,28.68
2024-12-17 22:05:00,716595,210,E,OR,,,,,,,,34.147621,-118.079037,SIERRA MADRE V2,29.44
2024-12-17 22:05:00,769790,210,E,OR,,,,,,,,34.189219,-118.180753,BERKSHIRE,21.58
2024-12-17 22:05:00,769809,210,E,OR,,,,,,,,34.196934,-118.185042,FOOTHILL,20.98
2024-12-17 22:05:00,769820,210,E,OR,,,,,,,,34.205892,-118.198234,ANGELES CREST HWY NB,19.98
2024-12-17 22:05:00,769832,210,E,OR,,,,,,,,34.206745,-118.201533,ANGELES CREST HWY SB,19.78
2024-12-17 22:05:00,769848,210,E,OR,5,5,,,,,,34.211728,-118.228265,OCEAN VIEW,18.18
2024-12-17 22:05:00,769868,210,E,OR,21,21,,,,,,34.218398,-118.239738,LA CRESCENTA,17.38
2024-12-17 22:05:00,769881,210,E,OR,13,13,,,,,,34.221426,-118.245718,PENNSYLVANIA,16.98
2024-12-17 22:05:00,769896,210,E,OR,19,19,,,,,,34.230849,-118.265101,LOWELL / HONOLULU,15.68
2024-12-17 22:05:00,770117,210,E,OR,,,,,,,,34.234317,-118.286992,LA TUNA CANYON,14.39
2024-12-17 22:05:00,770387,210,E,OR,5,,5,,,,,34.206925,-118.21372,EB/NB 2 TO EB 210 CN,19.08
2024-12-17 22:10:00,716576,210,E,OR,,,,,,,,34.179921,-118.167405,ARROYO,22.6
2024-12-17 22:10:00,716577,210,E,OR,60,60,,,,,,34.174756,-118.160407,LINCOLN 1,23.14
2024-12-17 22:10:00,716580,210,E,OR,0,0,,,,,,34.160546,-118.158748,MOUNTAIN 2,24.16
2024-12-17 22:10:00,716585,210,E,OR,,,,,,,,34.151691,-118.142523,MARENGO,25.72
2024-12-17 22:10:00,716587,210,E,OR,,,,,,,,34.151658,-118.12944,LAKE NB,26.47
2024-12-17 22:10:00,716589,210,E,OR,7,7,,,,,,34.152187,-118.117782,HILL NB,27.14
2024-12-17 22:10:00,716590,210,E,OR,15,15,,,,,,34.152301,-118.109239,ALLEN,27.63
2024-12-17 22:10:00,716593,210,E,OR,12,12,,,,,,34.151406,-118.091041,SAN GABRIEL,28.68
2024-12-17 22:10:00,716595,210,E,OR,,,,,,,,34.147621,-118.079037,SIERRA MADRE V2,29.44
2024-12-17 22:10:00,769790,210,E,OR,,,,,,,,34.189219,-118.180753,BERKSHIRE,21.58
2024-12-17 22:10:00,769809,210,E,OR,,,,,,,,34.196934,-118.185042,FOOTHILL,20.98
2024-12-17 22:10:00,769820,210,E,OR,,,,,,,,34.205892,-118.198234,ANGELES CREST HWY NB,19.98
2024-12-17 22:10:00,769832,210,E,OR,,,,,,,,34.206745,-118.201533,ANGELES CREST HWY SB,19.78
2024-12-17 22:10:00,769848,210,E,OR,8,8,,,,,,34.211728,-118.228265,OCEAN VIEW,18.18
2024-12-17 22:10:00,769868,210,E,OR,15,15,,,,,,34.218398,-118.239738,LA CRESCENTA,17.38
2024-12-17 22:10:00,769881,210,E,OR,9,9,,,,,,34.221426,-118.245718,PENNSYLVANIA,16.98
2024-12-17 22:10:00,769896,210,E,OR,24,24,,,,,,34.230849,-118.265101,LOWELL / HONOLULU,15.68
2024-12-17 22:10:00,770117,210,E,OR,,,,,,,,34.234317,-118.286992,LA TUNA CANYON,14.39
2024-12-17 22:10:00,770387,210,E,OR,2,,2,,,,,34.206925,-118.21372,EB/NB 2 TO EB 210 CN,19.08
2024-12-17 22:15:00,716576,210,E,OR,,,,,,,,34.179921,-118.167405,ARROYO,22.6
2024-12-17 22:15:00,716577,210,E,OR,60,60,,,,,,34.174756,-118.160407,LINCOLN 1,23.14
2024-12-17 22:15:00,716580,210,E,OR,0,0,,,,,,34.160546,-118.158748,MOUNTAIN 2,24.16
2024-12-17 22:15:00,716585,210,E,OR,,,,,,,,34.151691,-118.142523,MARENGO,25.72
2024-12-17 22:15:00,716587,210,E,OR,,,,,,,,34.151658,-118.12944,LAKE NB,26.47
2024-12-17 22:15:00,716589,210,E,OR,13,13,,,,,,34.152187,-118.117782,HILL NB,27.14
2024-12-17 22:15:00,716590,210,E,OR,13,13,,,,,,34.152301,-118.109239,ALLEN,27.63
2024-12-17 22:15:00,716593,210,E,OR,13,13,,,,,,34.151406,-118.091041,SAN GABRIEL,28.68
2024-12-17 22:15:00,716595,210,E,OR,,,,,,,,34.147621,-118.079037,SIERRA MADRE V2,29.44
2024-12-17 22:15:00,769790,210,E,OR,,,,,,,,34.189219,-118.180753,BERKSHIRE,21.58
2024-12-17 22:15:00,769809,210,E,OR,,,,,,,,34.196934,-118.185042,FOOTHILL,20.98
2024-12-17 22:15:00,769820,210,E,OR,,,,,,,,34.205892,-118.198234,ANGELES CREST HWY NB,19.98
2024-12-17 22:15:00,769832,210,E,OR,,,,,,,,34.206745,-118.201533,ANGELES CREST HWY SB,19.78
2024-12-17 22:15:00,769848,210,E,OR,8,8,,,,,,34.211728,-118.228265,OCEAN VIEW,18.18
2024-12-17 22:15:00,769868,210,E,OR,27,27,,,,,,34.218398,-118.239738,LA CRESCENTA,17.38
2024-12-17 22:15:00,769881,210,E,OR,12,12,,,,,,34.221426,-118.245718,PENNSYLVANIA,16.98
2024-12-17 22:15:00,769896,210,E,OR,25,25,,,,,,34.230849,-118.265101,LOWELL / HONOLULU,15.68
2024-12-17 22:15:00,770117,210,E,OR,,,,,,,,34.234317,-118.286992,LA TUNA CANYON,14.39
2024-12-17 22:15:00,770387,210,E,OR,3,,3,,,,,34.206925,-118.21372,EB/NB 2 TO EB 210 CN,19.08
2024-12-17 22:20:00,716576,210,E,OR,,,,,,,,34.179921,-118.167405,ARROYO,22.6
2024-12-17 22:20:00,716577,210,E,OR,60,60,,,,,,34.174756,-118.160407,LINCOLN 1,23.14
2024-12-17 22:20:00,716580,210,E,OR,0,0,,,,,,34.160546,-118.158748,MOUNTAIN 2,24.16
2024-12-17 22:20:00,716585,210,E,OR,,,,,,,,34.151691,-118.142523,MARENGO,25.72
2024-12-17 22:20:00,716587,210,E,OR,,,,,,,,34.151658,-118.12944,LAKE NB,26.47
2024-12-17 22:20:00,716589,210,E,OR,11,11,,,,,,34.152187,-118.117782,HILL NB,27.14
2024-12-17 22:20:00,716590,210,E,OR,10,10,,,,,,34.152301,-118.109239,ALLEN,27.63
2024-12-17 22:20:00,716593,210,E,OR,9,9,,,,,,34.151406,-118.091041,SAN GABRIEL,28.68
2024-12-17 22:20:00,716595,210,E,OR,,,,,,,,34.147621,-118.079037,SIERRA MADRE V2,29.44
2024-12-17 22:20:00,769790,210,E,OR,,,,,,,,34.189219,-118.180753,BERKSHIRE,21.58
2024-12-17 22:20:00,769809,210,E,OR,,,,,,,,34.196934,-118.185042,FOOTHILL,20.98
2024-12-17 22:20:00,769820,210,E,OR,,,,,,,,34.205892,-118.198234,ANGELES CREST HWY NB,19.98
2024-12-17 22:20:00,769832,210,E,OR,,,,,,,,34.206745,-118.201533,ANGELES CREST HWY SB,19.78
2024-12-17 22:20:00,769848,210,E,OR,6,6,,,,,,34.211728,-118.228265,OCEAN VIEW,18.18
2024-12-17 22:20:00,769868,210,E,OR,30,30,,,,,,34.218398,-118.239738,LA CRESCENTA,17.38
2024-12-17 22:20:00,769881,210,E,OR,7,7,,,,,,34.221426,-118.245718,PENNSYLVANIA,16.98
2024-12-17 22:20:00,769896,210,E,OR,16,16,,,,,,34.230849,-118.265101,LOWELL / HONOLULU,15.68
2024-12-17 22:20:00,770117,210,E,OR,,,,,,,,34.234317,-118.286992,LA TUNA CANYON,14.39
2024-12-17 22:20:00,770387,210,E,OR,2,,2,,,,,34.206925,-118.21372,EB/NB 2 TO EB 210 CN,19.08
2024-12-17 22:25:00,716576,210,E,OR,,,,,,,,34.179921,-118.167405,ARROYO,22.6
2024-12-17 22:25:00,716577,210,E,OR,60,60,,,,,,34.174756,-118.160407,LINCOLN 1,23.14
2024-12-17 22:25:00,716580,210,E,OR,0,0,,,,,,34.160546,-118.158748,MOUNTAIN 2,24.16
2024-12-17 22:25:00,716585,210,E,OR,,,,,,,,34.151691,-118.142523,MARENGO,25.72
2024-12-17 22:25:00,716587,210,E,OR,,,,,,,,34.151658,-118.12944,LAKE NB,26.47
2024-12-17 22:25:00,716589,210,E,OR,18,18,,,,,,34.152187,-118.117782,HILL NB,27.14
2024-12-17 22:25:00,716590,210,E,OR,8,8,,,,,,34.152301,-118.109239,ALLEN,27.63
2024-12-17 22:25:00,716593,210,E,OR,11,11,,,,,,34.151406,-118.091041,SAN GABRIEL,28.68
2024-12-17 22:25:00,716595,210,E,OR,,,,,,,,34.147621,-118.079037,SIERRA MADRE V2,29.44
2024-12-17 22:25:00,769790,210,E,OR,,,,,,,,34.189219,-118.180753,BERKSHIRE,21.58
2024-12-17 22:25:00,769809,210,E,OR,,,,,,,,34.196934,-118.185042,FOOTHILL,20.98
2024-12-17 22:25:00,769820,210,E,OR,,,,,,,,34.205892,-118.198234,ANGELES CREST HWY NB,19.98
2024-12-17 22:25:00,769832,210,E,OR,,,,,,,,34.206745,-118.201533,ANGELES CREST HWY SB,19.78
2024-12-17 22:25:00,769848,210,E,OR,6,6,,,,,,34.211728,-118.228265,OCEAN VIEW,18.18
2024-12-17 22:25:00,769868,210,E,OR,20,20,,,,,,34.218398,-118.239738,LA CRESCENTA,17.38
2024-12-17 22:25:00,769881,210,E,OR,7,7,,,,,,34.221426,-118.245718,PENNSYLVANIA,16.98
2024-12-17 22:25:00,769896,210,E,OR,15,15,,,,,,34.230849,-118.265101,LOWELL / HONOLULU,15.68
2024-12-17 22:25:00,770117,210,E,OR,,,,,,,,34.234317,-118.286992,LA TUNA CANYON,14.39
2024-12-17 22:25:00,770387,210,E,OR,3,,3,,,,,34.206925,-118.21372,EB/NB 2 TO EB 210 CN,19.08
2024-12-17 22:30:00,716576,210,E,OR,,,,,,,,34.179921,-118.167405,ARROYO,22.6
2024-12-17 22:30:00,716577,210,E,OR,60,60,,,,,,34.174756,-118.160407,LINCOLN 1,23.14
2024-12-17 22:30:00,716580,210,E,OR,0,0,,,,,,34.160546,-118.158748,MOUNTAIN 2,24.16
2024-12-17 22:30:00,716585,210,E,OR,,,,,,,,34.151691,-118.142523,MARENGO,25.72
2024-12-17 22:30:00,716587,210,E,OR,,,,,,,,34.151658,-118.12944,LAKE NB,26.47
2024-12-17 22:30:00,716589,210,E,OR,4,4,,,,,,34.152187,-118.117782,HILL NB,27.14
2024-12-17 22:30:00,716590,210,E,OR,7,7,,,,,,34.152301,-118.109239,ALLEN,27.63
2024-12-17 22:30:00,716593,210,E,OR,6,6,,,,,,34.151406,-118.091041,SAN GABRIEL,28.68
2024-12-17 22:30:00,716595,210,E,OR,,,,,,,,34.147621,-118.079037,SIERRA MADRE V2,29.44
2024-12-17 22:30:00,769790,210,E,OR,,,,,,,,34.189219,-118.180753,BERKSHIRE,21.58
2024-12-17 22:30:00,769809,210,E,OR,,,,,,,,34.196934,-118.185042,FOOTHILL,20.98
2024-12-17 22:30:00,769820,210,E,OR,,,,,,,,34.205892,-118.198234,ANGELES CREST HWY NB,19.98
2024-12-17 22:30:00,769832,210,E,OR,,,,,,,,34.206745,-118.201533,ANGELES CREST HWY SB,19.78
2024-12-17 22:30:00,769848,210,E,OR,5,5,,,,,,34.211728,-118.228265,OCEAN VIEW,18.18
2024-12-17 22:30:00,769868,210,E,OR,25,25,,,,,,34.218398,-118.239738,LA CRESCENTA,17.38
2024-12-17 22:30:00,769881,210,E,OR,1,1,,,,,,34.221426,-118.245718,PENNSYLVANIA,16.98
2024-12-17 22:30:00,769896,210,E,OR,16,16,,,,,,34.230849,-118.265101,LOWELL / HONOLULU,15.68
2024-12-17 22:30:00,770117,210,E,OR,,,,,,,,34.234317,-118.286992,LA TUNA CANYON,14.39
2024-12-17 22:30:00,770387,210,E,OR,0,,0,,,,,34.206925,-118.21372,EB/NB 2 TO EB 210 CN,19.08
2024-12-17 22:35:00,716576,210,E,OR,,,,,,,,34.179921,-118.167405,ARROYO,22.6
2024-12-17 22:35:00,716577,210,E,OR,60,60,,,,,,34.174756,-118.160407,LINCOLN 1,23.14
2024-12-17 22:35:00,716580,210,E,OR,0,0,,,,,,34.160546,-118.158748,MOUNTAIN 2,24.16
2024-12-17 22:35:00,716585,210,E,OR,,,,,,,,34.151691,-118.142523,MARENGO,25.72
2024-12-17 22:35:00,716587,210,E,OR,,,,,,,,34.151658,-118.12944,LAKE NB,26.47
2024-12-17 22:35:00,716589,210,E,OR,7,7,,,,,,34.152187,-118.117782,HILL NB,27.14
2024-12-17 22:35:00,716590,210,E,OR,8,8,,,,,,34.152301,-118.109239,ALLEN,27.63
2024-12-17 22:35:00,716593,210,E,OR,10,10,,,,,,34.151406,-118.091041,SAN GABRIEL,28.68
2024-12-17 22:35:00,716595,210,E,OR,,,,,,,,34.147621,-118.079037,SIERRA MADRE V2,29.44
2024-12-17 22:35:00,769790,210,E,OR,,,,,,,,34.189219,-118.180753,BERKSHIRE,21.58
2024-12-17 22:35:00,769809,210,E,OR,,,,,,,,34.196934,-118.185042,FOOTHILL,20.98
2024-12-17 22:35:00,769820,210,E,OR,,,,,,,,34.205892,-118.198234,ANGELES CREST HWY NB,19.98
2024-12-17 22:35:00,769832,210,E,OR,,,,,,,,34.206745,-118.201533,ANGELES CREST HWY SB,19.78
2024-12-17 22:35:00,769848,210,E,OR,5,5,,,,,,34.211728,-118.228265,OCEAN VIEW,18.18
2024-12-17 22:35:00,769868,210,E,OR,18,18,,,,,,34.218398,-118.239738,LA CRESCENTA,17.38
2024-12-17 22:35:00,769881,210,E,OR,5,5,,,,,,34.221426,-118.245718,PENNSYLVANIA,16.98
2024-12-17 22:35:00,769896,210,E,OR,10,10,,,,,,34.230849,-118.265101,LOWELL / HONOLULU,15.68
2024-12-17 22:35:00,770117,210,E,OR,,,,,,,,34.234317,-118.286992,LA TUNA CANYON,14.39
2024-12-17 22:35:00,770387,210,E,OR,4,,4,,,,,34.206925,-118.21372,EB/NB 2 TO EB 210 CN,19.08
2024-12-17 22:40:00,716576,210,E,OR,,,,,,,,34.179921,-118.167405,ARROYO,22.6
2024-12-17 22:40:00,716577,210,E,OR,60,60,,,,,,34.174756,-118.160407,LINCOLN 1,23.14
2024-12-17 22:40:00,716580,210,E,OR,0,0,,,,,,34.160546,-118.158748,MOUNTAIN 2,24.16
2024-12-17 22:40:00,716585,210,E,OR,,,,,,,,34.151691,-118.142523,MARENGO,25.72
2024-12-17 22:40:00,716587,210,E,OR,,,,,,,,34.151658,-118.12944,LAKE NB,26.47
2024-12-17 22:40:00,716589,210,E,OR,9,9,,,,,,34.152187,-118.117782,HILL NB,27.14
2024-12-17 22:40:00,716590,210,E,OR,7,7,,,,,,34.152301,-118.109239,ALLEN,27.63
2024-12-17 22:40:00,716593,210,E,OR,10,10,,,,,,34.151406,-118.091041,SAN GABRIEL,28.68
2024-12-17 22:40:00,716595,210,E,OR,,,,,,,,34.147621,-118.079037,SIERRA MADRE V2,29.44
2024-12-17 22:40:00,769790,210,E,OR,,,,,,,,34.189219,-118.180753,BERKSHIRE,21.58
2024-12-17 22:40:00,769809,210,E,OR,,,,,,,,34.196934,-118.185042,FOOTHILL,20.98
2024-12-17 22:40:00,769820,210,E,OR,,,,,,,,34.205892,-118.198234,ANGELES CREST HWY NB,19.98
2024-12-17 22:40:00,769832,210,E,OR,,,,,,,,34.206745,-118.201533,ANGELES CREST HWY SB,19.78
2024-12-17 22:40:00,769848,210,E,OR,2,2,,,,,,34.211728,-118.228265,OCEAN VIEW,18.18
2024-12-17 22:40:00,769868,210,E,OR,19,19,,,,,,34.218398,-118.239738,LA CRESCENTA,17.38
2024-12-17 22:40:00,769881,210,E,OR,12,12,,,,,,34.221426,-118.245718,PENNSYLVANIA,16.98
2024-12-17 22:40:00,769896,210,E,OR,22,22,,,,,,34.230849,-118.265101,LOWELL / HONOLULU,15.68
2024-12-17 22:40:00,770117,210,E,OR,,,,,,,,34.234317,-118.286992,LA TUNA CANYON,14.39
2024-12-17 22:40:00,770387,210,E,OR,3,,3,,,,,34.206925,-118.21372,EB/NB 2 TO EB 210 CN,19.08
2024-12-17 22:45:00,716576,210,E,OR,,,,,,,,34.179921,-118.167405,ARROYO,22.6
2024-12-17 22:45:00,716577,210,E,OR,60,60,,,,,,34.174756,-118.160407,LINCOLN 1,23.14
2024-12-17 22:45:00,716580,210,E,OR,0,0,,,,,,34.160546,-118.158748,MOUNTAIN 2,24.16
2024-12-17 22:45:00,716585,210,E,OR,,,,,,,,34.151691,-118.142523,MARENGO,25.72
2024-12-17 22:45:00,716587,210,E,OR,,,,,,,,34.151658,-118.12944,LAKE NB,26.47
2024-12-17 22:45:00,716589,210,E,OR,9,9,,,,,,34.152187,-118.117782,HILL NB,27.14
2024-12-17 22:45:00,716590,210,E,OR,9,9,,,,,,34.152301,-118.109239,ALLEN,27.63
2024-12-17 22:45:00,716593,210,E,OR,5,5,,,,,,34.151406,-118.091041,SAN GABRIEL,28.68
2024-12-17 22:45:00,716595,210,E,OR,,,,,,,,34.147621,-118.079037,SIERRA MADRE V2,29.44
2024-12-17 22:45:00,769790,210,E,OR,,,,,,,,34.189219,-118.180753,BERKSHIRE,21.58
2024-12-17 22:45:00,769809,210,E,OR,,,,,,,,34.196934,-118.185042,FOOTHILL,20.98
2024-12-17 22:45:00,769820,210,E,OR,,,,,,,,34.205892,-118.198234,ANGELES CREST HWY NB,19.98
2024-12-17 22:45:00,769832,210,E,OR,,,,,,,,34.206745,-118.201533,ANGELES CREST HWY SB,19.78
2024-12-17 22:45:00,769848,210,E,OR,2,2,,,,,,34.211728,-118.228265,OCEAN VIEW,18.18
2024-12-17 22:45:00,769868,210,E,OR,0,0,,,,,,34.218398,-118.239738,LA CRESCENTA,17.38
2024-12-17 22:45:00,769881,210,E,OR,6,6,,,,,,34.221426,-118.245718,PENNSYLVANIA,16.98
2024-12-17 22:45:00,769896,210,E,OR,19,19,,,,,,34.230849,-118.265101,LOWELL / HONOLULU,15.68
2024-12-17 22:45:00,770117,210,E,OR,,,,,,,,34.234317,-118.286992,LA TUNA CANYON,14.39
2024-12-17 22:45:00,770387,210,E,OR,2,,2,,,,,34.206925,-118.21372,EB/NB 2 TO EB 210 CN,19.08
2024-12-17 22:50:00,716576,210,E,OR,,,,,,,,34.179921,-118.167405,ARROYO,22.6
2024-12-17 22:50:00,716577,210,E,OR,60,60,,,,,,34.174756,-118.160407,LINCOLN 1,23.14
2024-12-17 22:50:00,716580,210,E,OR,0,0,,,,,,34.160546,-118.158748,MOUNTAIN 2,24.16
2024-12-17 22:50:00,716585,210,E,OR,,,,,,,,34.151691,-118.142523,MARENGO,25.72
2024-12-17 22:50:00,716587,210,E,OR,,,,,,,,34.151658,-118.12944,LAKE NB,26.47
2024-12-17 22:50:00,716589,210,E,OR,4,4,,,,,,34.152187,-118.117782,HILL NB,27.14
2024-12-17 22:50:00,716590,210,E,OR,7,7,,,,,,34.152301,-118.109239,ALLEN,27.63
2024-12-17 22:50:00,716593,210,E,OR,8,8,,,,,,34.151406,-118.091041,SAN GABRIEL,28.68
2024-12-17 22:50:00,716595,210,E,OR,,,,,,,,34.147621,-118.079037,SIERRA MADRE V2,29.44
2024-12-17 22:50:00,769790,210,E,OR,,,,,,,,34.189219,-118.180753,BERKSHIRE,21.58
2024-12-17 22:50:00,769809,210,E,OR,,,,,,,,34.196934,-118.185042,FOOTHILL,20.98
2024-12-17 22:50:00,769820,210,E,OR,,,,,,,,34.205892,-118.198234,ANGELES CREST HWY NB,19.98
2024-12-17 22:50:00,769832,210,E,OR,,,,,,,,34.206745,-118.201533,ANGELES CREST HWY SB,19.78
2024-12-17 22:50:00,769848,210,E,OR,6,6,,,,,,34.211728,-118.228265,OCEAN VIEW,18.18
2024-12-17 22:50:00,769868,210,E,OR,22,22,,,,,,34.218398,-118.239738,LA CRESCENTA,17.38
2024-12-17 22:50:00,769881,210,E,OR,4,4,,,,,,34.221426,-118.245718,PENNSYLVANIA,16.98
2024-12-17 22:50:00,769896,210,E,OR,10,10,,,,,,34.230849,-118.265101,LOWELL / HONOLULU,15.68
2024-12-17 22:50:00,770117,210,E,OR,,,,,,,,34.234317,-118.286992,LA TUNA CANYON,14.39
2024-12-17 22:50:00,770387,210,E,OR,1,,1,,,,,34.206925,-118.21372,EB/NB 2 TO EB 210 CN,19.08
2024-12-17 22:55:00,716576,210,E,OR,,,,,,,,34.179921,-118.167405,ARROYO,22.6
2024-12-17 22:55:00,716577,210,E,OR,60,60,,,,,,34.174756,-118.160407,LINCOLN 1,23.14
2024-12-17 22:55:00,716580,210,E,OR,0,0,,,,,,34.160546,-118.158748,MOUNTAIN 2,24.16
2024-12-17 22:55:00,716585,210,E,OR,,,,,,,,34.151691,-118.142523,MARENGO,25.72
2024-12-17 22:55:00,716587,210,E,OR,,,,,,,,34.151658,-118.12944,LAKE NB,26.47
2024-12-17 22:55:00,716589,210,E,OR,10,10,,,,,,34.152187,-118.117782,HILL NB,27.14
2024-12-17 22:55:00,716590,210,E,OR,7,7,,,,,,34.152301,-118.109239,ALLEN,27.63
2024-12-17 22:55:00,716593,210,E,OR,5,5,,,,,,34.151406,-118.091041,SAN GABRIEL,28.68
2024-12-17 22:55:00,716595,210,E,OR,,,,,,,,34.147621,-118.079037,SIERRA MADRE V2,29.44
2024-12-17 22:55:00,769790,210,E,OR,,,,,,,,34.189219,-118.180753,BERKSHIRE,21.58
2024-12-17 22:55:00,769809,210,E,OR,,,,,,,,34.196934,-118.185042,FOOTHILL,20.98
2024-12-17 22:55:00,769820,210,E,OR,,,,,,,,34.205892,-118.198234,ANGELES CREST HWY NB,19.98
2024-12-17 22:55:00,769832,210,E,OR,,,,,,,,34.206745,-118.201533,ANGELES CREST HWY SB,19.78
2024-12-17 22:55:00,769848,210,E,OR,2,2,,,,,,34.211728,-118.228265,OCEAN VIEW,18.18
2024-12-17 22:55:00,769868,210,E,OR,32,32,,,,,,34.218398,-118.239738,LA CRESCENTA,17.38
2024-12-17 22:55:00,769881,210,E,OR,6,6,,,,,,34.221426,-118.245718,PENNSYLVANIA,16.98
2024-12-17 22:55:00,769896,210,E,OR,9,9,,,,,,34.230849,-118.265101,LOWELL / HONOLULU,15.68
2024-12-17 22:55:00,770117,210,E,OR,,,,,,,,34.234317,-118.286992,LA TUNA CANYON,14.39
2024-12-17 22:55:00,770387,210,E,OR,10,,10,,,,,34.206925,-118.21372,EB/NB 2 TO EB 210 CN,19.08
2024-12-17 23:00:00,716576,210,E,OR,,,,,,,,34.179921,-118.167405,ARROYO,22.6
2024-12-17 23:00:00,716577,210,E,OR,60,60,,,,,,34.174756,-118.160407,LINCOLN 1,23.14
2024-12-17 23:00:00,716580,210,E,OR,0,0,,,,,,34.160546,-118.158748,MOUNTAIN 2,24.16
2024-12-17 23:00:00,716585,210,E,OR,,,,,,,,34.151691,-118.142523,MARENGO,25.72
2024-12-17 23:00:00,716587,210,E,OR,,,,,,,,34.151658,-118.12944,LAKE NB,26.47
2024-12-17 23:00:00,716589,210,E,OR,4,4,,,,,,34.152187,-118.117782,HILL NB,27.14
2024-12-17 23:00:00,716590,210,E,OR,5,5,,,,,,34.152301,-118.109239,ALLEN,27.63
2024-12-17 23:00:00,716593,210,E,OR,14,14,,,,,,34.151406,-118.091041,SAN GABRIEL,28.68
2024-12-17 23:00:00,716595,210,E,OR,,,,,,,,34.147621,-118.079037,SIERRA MADRE V2,29.44
2024-12-17 23:00:00,769790,210,E,OR,,,,,,,,34.189219,-118.180753,BERKSHIRE,21.58
2024-12-17 23:00:00,769809,210,E,OR,,,,,,,,34.196934,-118.185042,FOOTHILL,20.98
2024-12-17 23:00:00,769820,210,E,OR,,,,,,,,34.205892,-118.198234,ANGELES CREST HWY NB,19.98
2024-12-17 23:00:00,769832,210,E,OR,,,,,,,,34.206745,-118.201533,ANGELES CREST HWY SB,19.78
2024-12-17 23:00:00,769848,210,E,OR,3,3,,,,,,34.211728,-118.228265,OCEAN VIEW,18.18
2024-12-17 23:00:00,769868,210,E,OR,15,15,,,,,,34.218398,-118.239738,LA CRESCENTA,17.38
2024-12-17 23:00:00,769881,210,E,OR,4,4,,,,,,34.221426,-118.245718,PENNSYLVANIA,16.98
2024-12-17 23:00:00,769896,210,E,OR,14,14,,,,,,34.230849,-118.265101,LOWELL / HONOLULU,15.68
2024-12-17 23:00:00,770117,210,E,OR,,,,,,,,34.234317,-118.286992,LA TUNA CANYON,14.39
2024-12-17 23:00:00,770387,210,E,OR,0,,0,,,,,34.206925,-118.21372,EB/NB 2 TO EB 210 CN,19.08
