Timestamp,Station,Freeway,Direction,Lane Type,Total Flow (veh/5min),Lane1 Flow (veh/5min),Lane2 Flow (veh/5min),Lane3 Flow (veh/5min),Lane4 Flow (veh/5min),Lane5 Flow (veh/5min),Lane6 Flow (veh/5min),Latitude,Longitude,Location,Abs_PM
2024-12-17 06:00:00,717623,210,W,FR,,,,,,,,34.164368,-118.158093,MOUNTAIN 1,23.9
2024-12-17 06:00:00,717636,210,W,FR,,,,,,,,34.152357,-118.123714,HILL,26.8
2024-12-17 06:00:00,717648,210,W,FR,13.0,6.0,2.0,5.0,,,,34.148074,-118.08377,SIERRA MADRE V1,29.17
2024-12-17 06:00:00,717652,210,W,FR,,,,,,,,34.148737,-118.071321,ROSEMEAD 1,29.879
2024-12-17 06:00:00,764346,210,W,FR,14.0,6.0,8.0,,,,,34.152648,-118.109062,ALLEN,27.64
2024-12-17 06:00:00,764349,210,W,FR,,,,,,,,34.152092,-118.143249,MARENGO,25.68
2024-12-17 06:00:00,768920,210,W,FR,,,,,,,,34.151995,-118.129451,LAKE 2 - OFF,26.47
2024-12-17 06:00:00,768927,210,W,FR,19.0,19.0,,,,,,34.152365,-118.092642,SAN GABRIEL OFF,28.58
2024-12-17 06:00:00,769300,210,W,FR,,,,,,,,34.152008,-118.153813,WB 210 TO ORANGE GRV,24.98
2024-12-17 06:00:00,769808,210,W,FR,,,,,,,,34.197068,-118.184827,FOOTHILL,20.98
2024-12-17 06:00:00,769869,210,W,FR,33.0,33.0,,,,,,34.218652,-118.239558,LA CRESCENTA,17.38
2024-12-17 06:00:00,769913,210,W,FR,5.0,5.0,,,,,,34.224897,-118.251344,PENNSYLVANIA,16.58
2024-12-17 06:00:00,769928,210,W,FR,8.0,8.0,,,,,,34.214462,-118.232443,OCEAN VIEW,17.88
2024-12-17 06:00:00,769955,210,W,FR,,,,,,,,34.206998,-118.201441,ANGELES CREST HWY NB,19.78
2024-12-17 06:00:00,769998,210,W,FR,,,,,,,,34.19198,-118.181214,BERKSHIRE,21.39
2024-12-17 06:00:00,770131,210,W,FR,11.0,11.0,,,,,,34.234984,-118.290562,LA TUNA CANYON NB,14.18
2024-12-17 06:00:00,773132,210,W,FR,,,,,,,,34.152216,-118.146794,FAIR OAKS OFF,25.48
2024-12-17 06:00:00,776761,210,W,FR,15.0,0.0,15.0,,,,,34.176444,-118.162183,LINCOLN 1,22.982
2024-12-17 06:05:00,717623,210,W,FR,,,,,,,,34.164368,-118.158093,MOUNTAIN 1,23.9
2024-12-17 06:05:00,717636,210,W,FR,,,,,,,,34.152357,-118.123714,HILL,26.8
2024-12-17 06:05:00,717648,210,W,FR,18.0,7.0,2.0,9.0,,,,34.148074,-118.08377,SIERRA MADRE V1,29.17
2024-12-17 06:05:00,717652,210,W,FR,,,,,,,,34.148737,-118.071321,ROSEMEAD 1,29.879
2024-12-17 06:05:00,764346,210,W,FR,17.0,8.0,9.0,,,,,34.152648,-118.109062,ALLEN,27.64
2024-12-17 06:05:00,764349,210,W,FR,,,,,,,,34.152092,-118.143249,MARENGO,25.68
2024-12-17 06:05:00,768920,210,W,FR,,,,,,,,34.151995,-118.129451,LAKE 2 - OFF,26.47
2024-12-17 06:05:00,768927,210,W,FR,14.0,14.0,,,,,,34.152365,-118.092642,SAN GABRIEL OFF,28.58
2024-12-17 06:05:00,769300,210,W,FR,,,,,,,,34.152008,-118.153813,WB 210 TO ORANGE GRV,24.98
2024-12-17 06:05:00,769808,210,W,FR,,,,,,,,34.197068,-118.184827,FOOTHILL,20.98
2024-12-17 06:05:00,769869,210,W,FR,32.0,32.0,,,,,,34.218652,-118.239558,LA CRESCENTA,17.38
2024-12-17 06:05:00,769913,210,W,FR,7.0,7.0,,,,,,34.224897,-118.251344,PENNSYLVANIA,16.58
2024-12-17 06:05:00,769928,210,W,FR,12.0,12.0,,,,,,34.214462,-118.232443,OCEAN VIEW,17.88
2024-12-17 06:05:00,769955,210,W,FR,,,,,,,,34.206998,-118.201441,ANGELES CREST HWY NB,19.78
2024-12-17 06:05:00,769998,210,W,FR,,,,,,,,34.19198,-118.181214,BERKSHIRE,21.39
2024-12-17 06:05:00,770131,210,W,FR,12.0,12.0,,,,,,34.234984,-118.290562,LA TUNA CANYON NB,14.18
2024-12-17 06:05:00,773132,210,W,FR,,,,,,,,34.152216,-118.146794,FAIR OAKS OFF,25.48
2024-12-17 06:05:00,776761,210,W,FR,18.0,2.0,16.0,,,,,34.176444,-118.162183,LINCOLN 1,22.982
2024-12-17 06:10:00,717623,210,W,FR,,,,,,,,34.164368,-118.158093,MOUNTAIN 1,23.9
2024-12-17 06:10:00,717636,210,W,FR,,,,,,,,34.152357,-118.123714,HILL,26.8
2024-12-17 06:10:00,717648,210,W,FR,20.0,7.0,3.0,10.0,,,,34.148074,-118.08377,SIERRA MADRE V1,29.17
2024-12-17 06:10:00,717652,210,W,FR,,,,,,,,34.148737,-118.071321,ROSEMEAD 1,29.879
2024-12-17 06:10:00,764346,210,W,FR,10.0,2.0,8.0,,,,,34.152648,-118.109062,ALLEN,27.64
2024-12-17 06:10:00,764349,210,W,FR,,,,,,,,34.152092,-118.143249,MARENGO,25.68
2024-12-17 06:10:00,768920,210,W,FR,,,,,,,,34.151995,-118.129451,LAKE 2 - OFF,26.47
2024-12-17 06:10:00,768927,210,W,FR,14.0,14.0,,,,,,34.152365,-118.092642,SAN GABRIEL OFF,28.58
2024-12-17 06:10:00,769300,210,W,FR,,,,,,,,34.152008,-118.153813,WB 210 TO ORANGE GRV,24.98
2024-12-17 06:10:00,769808,210,W,FR,,,,,,,,34.197068,-118.184827,FOOTHILL,20.98
2024-12-17 06:10:00,769869,210,W,FR,53.0,53.0,,,,,,34.218652,-118.239558,LA CRESCENTA,17.38
2024-12-17 06:10:00,769913,210,W,FR,8.0,8.0,,,,,,34.224897,-118.251344,PENNSYLVANIA,16.58
2024-12-17 06:10:00,769928,210,W,FR,6.0,6.0,,,,,,34.214462,-118.232443,OCEAN VIEW,17.88
2024-12-17 06:10:00,769955,210,W,FR,,,,,,,,34.206998,-118.201441,ANGELES CREST HWY NB,19.78
2024-12-17 06:10:00,769998,210,W,FR,,,,,,,,34.19198,-118.181214,BERKSHIRE,21.39
2024-12-17 06:10:00,770131,210,W,FR,7.0,7.0,,,,,,34.234984,-118.290562,LA TUNA CANYON NB,14.18
2024-12-17 06:10:00,773132,210,W,FR,,,,,,,,34.152216,-118.146794,FAIR OAKS OFF,25.48
2024-12-17 06:10:00,776761,210,W,FR,9.0,2.0,7.0,,,,,34.176444,-118.162183,LINCOLN 1,22.982
2024-12-17 06:15:00,717623,210,W,FR,,,,,,,,34.164368,-118.158093,MOUNTAIN 1,23.9
2024-12-17 06:15:00,717636,210,W,FR,,,,,,,,34.152357,-118.123714,HILL,26.8
2024-12-17 06:15:00,717648,210,W,FR,17.0,8.0,2.0,7.0,,,,34.148074,-118.08377,SIERRA MADRE V1,29.17
2024-12-17 06:15:00,717652,210,W,FR,,,,,,,,34.148737,-118.071321,ROSEMEAD 1,29.879
2024-12-17 06:15:00,764346,210,W,FR,13.0,4.0,9.0,,,,,34.152648,-118.109062,ALLEN,27.64
2024-12-17 06:15:00,764349,210,W,FR,,,,,,,,34.152092,-118.143249,MARENGO,25.68
2024-12-17 06:15:00,768920,210,W,FR,,,,,,,,34.151995,-118.129451,LAKE 2 - OFF,26.47
2024-12-17 06:15:00,768927,210,W,FR,7.0,7.0,,,,,,34.152365,-118.092642,SAN GABRIEL OFF,28.58
2024-12-17 06:15:00,769300,210,W,FR,,,,,,,,34.152008,-118.153813,WB 210 TO ORANGE GRV,24.98
2024-12-17 06:15:00,769808,210,W,FR,,,,,,,,34.197068,-118.184827,FOOTHILL,20.98
2024-12-17 06:15:00,769869,210,W,FR,12.0,12.0,,,,,,34.218652,-118.239558,LA CRESCENTA,17.38
2024-12-17 06:15:00,769913,210,W,FR,10.0,10.0,,,,,,34.224897,-118.251344,PENNSYLVANIA,16.58
2024-12-17 06:15:00,769928,210,W,FR,15.0,15.0,,,,,,34.214462,-118.232443,OCEAN VIEW,17.88
2024-12-17 06:15:00,769955,210,W,FR,,,,,,,,34.206998,-118.201441,ANGELES CREST HWY NB,19.78
2024-12-17 06:15:00,769998,210,W,FR,,,,,,,,34.19198,-118.181214,BERKSHIRE,21.39
2024-12-17 06:15:00,770131,210,W,FR,5.0,5.0,,,,,,34.234984,-118.290562,LA TUNA CANYON NB,14.18
2024-12-17 06:15:00,773132,210,W,FR,,,,,,,,34.152216,-118.146794,FAIR OAKS OFF,25.48
2024-12-17 06:15:00,776761,210,W,FR,10.0,1.0,9.0,,,,,34.176444,-118.162183,LINCOLN 1,22.982
2024-12-17 06:20:00,717623,210,W,FR,,,,,,,,34.164368,-118.158093,MOUNTAIN 1,23.9
2024-12-17 06:20:00,717636,210,W,FR,,,,,,,,34.152357,-118.123714,HILL,26.8
2024-12-17 06:20:00,717648,210,W,FR,6.0,2.0,1.0,3.0,,,,34.148074,-118.08377,SIERRA MADRE V1,29.17
2024-12-17 06:20:00,717652,210,W,FR,,,,,,,,34.148737,-118.071321,ROSEMEAD 1,29.879
2024-12-17 06:20:00,764346,210,W,FR,18.0,4.0,14.0,,,,,34.152648,-118.109062,ALLEN,27.64
2024-12-17 06:20:00,764349,210,W,FR,,,,,,,,34.152092,-118.143249,MARENGO,25.68
2024-12-17 06:20:00,768920,210,W,FR,,,,,,,,34.151995,-118.129451,LAKE 2 - OFF,26.47
2024-12-17 06:20:00,768927,210,W,FR,8.0,8.0,,,,,,34.152365,-118.092642,SAN GABRIEL OFF,28.58
2024-12-17 06:20:00,769300,210,W,FR,,,,,,,,34.152008,-118.153813,WB 210 TO ORANGE GRV,24.98
2024-12-17 06:20:00,769808,210,W,FR,,,,,,,,34.197068,-118.184827,FOOTHILL,20.98
2024-12-17 06:20:00,769869,210,W,FR,28.0,28.0,,,,,,34.218652,-118.239558,LA CRESCENTA,17.38
2024-12-17 06:20:00,769913,210,W,FR,8.0,8.0,,,,,,34.224897,-118.251344,PENNSYLVANIA,16.58
2024-12-17 06:20:00,769928,210,W,FR,14.0,14.0,,,,,,34.214462,-118.232443,OCEAN VIEW,17.88
2024-12-17 06:20:00,769955,210,W,FR,,,,,,,,34.206998,-118.201441,ANGELES CREST HWY NB,19.78
2024-12-17 06:20:00,769998,210,W,FR,,,,,,,,34.19198,-118.181214,BERKSHIRE,21.39
2024-12-17 06:20:00,770131,210,W,FR,6.0,6.0,,,,,,34.234984,-118.290562,LA TUNA CANYON NB,14.18
2024-12-17 06:20:00,773132,210,W,FR,,,,,,,,34.152216,-118.146794,FAIR OAKS OFF,25.48
2024-12-17 06:20:00,776761,210,W,FR,27.0,1.0,26.0,,,,,34.176444,-118.162183,LINCOLN 1,22.982
2024-12-17 06:25:00,717623,210,W,FR,,,,,,,,34.164368,-118.158093,MOUNTAIN 1,23.9
2024-12-17 06:25:00,717636,210,W,FR,,,,,,,,34.152357,-118.123714,HILL,26.8
2024-12-17 06:25:00,717648,210,W,FR,11.0,3.0,1.0,7.0,,,,34.148074,-118.08377,SIERRA MADRE V1,29.17
2024-12-17 06:25:00,717652,210,W,FR,,,,,,,,34.148737,-118.071321,ROSEMEAD 1,29.879
2024-12-17 06:25:00,764346,210,W,FR,13.0,3.0,10.0,,,,,34.152648,-118.109062,ALLEN,27.64
2024-12-17 06:25:00,764349,210,W,FR,,,,,,,,34.152092,-118.143249,MARENGO,25.68
2024-12-17 06:25:00,768920,210,W,FR,,,,,,,,34.151995,-118.129451,LAKE 2 - OFF,26.47
2024-12-17 06:25:00,768927,210,W,FR,12.0,12.0,,,,,,34.152365,-118.092642,SAN GABRIEL OFF,28.58
2024-12-17 06:25:00,769300,210,W,FR,,,,,,,,34.152008,-118.153813,WB 210 TO ORANGE GRV,24.98
2024-12-17 06:25:00,769808,210,W,FR,,,,,,,,34.197068,-118.184827,FOOTHILL,20.98
2024-12-17 06:25:00,769869,210,W,FR,38.0,38.0,,,,,,34.218652,-118.239558,LA CRESCENTA,17.38
2024-12-17 06:25:00,769913,210,W,FR,8.0,8.0,,,,,,34.224897,-118.251344,PENNSYLVANIA,16.58
2024-12-17 06:25:00,769928,210,W,FR,14.0,14.0,,,,,,34.214462,-118.232443,OCEAN VIEW,17.88
2024-12-17 06:25:00,769955,210,W,FR,,,,,,,,34.206998,-118.201441,ANGELES CREST HWY NB,19.78
2024-12-17 06:25:00,769998,210,W,FR,,,,,,,,34.19198,-118.181214,BERKSHIRE,21.39
2024-12-17 06:25:00,770131,210,W,FR,9.0,9.0,,,,,,34.234984,-118.290562,LA TUNA CANYON NB,14.18
2024-12-17 06:25:00,773132,210,W,FR,,,,,,,,34.152216,-118.146794,FAIR OAKS OFF,25.48
2024-12-17 06:25:00,776761,210,W,FR,31.0,1.0,30.0,,,,,34.176444,-118.162183,LINCOLN 1,22.982
2024-12-17 06:30:00,717623,210,W,FR,,,,,,,,34.164368,-118.158093,MOUNTAIN 1,23.9
2024-12-17 06:30:00,717636,210,W,FR,,,,,,,,34.152357,-118.123714,HILL,26.8
2024-12-17 06:30:00,717648,210,W,FR,15.0,6.0,3.0,6.0,,,,34.148074,-118.08377,SIERRA MADRE V1,29.17
2024-12-17 06:30:00,717652,210,W,FR,,,,,,,,34.148737,-118.071321,ROSEMEAD 1,29.879
2024-12-17 06:30:00,764346,210,W,FR,7.0,3.0,4.0,,,,,34.152648,-118.109062,ALLEN,27.64
2024-12-17 06:30:00,764349,210,W,FR,,,,,,,,34.152092,-118.143249,MARENGO,25.68
2024-12-17 06:30:00,768920,210,W,FR,,,,,,,,34.151995,-118.129451,LAKE 2 - OFF,26.47
2024-12-17 06:30:00,768927,210,W,FR,7.0,7.0,,,,,,34.152365,-118.092642,SAN GABRIEL OFF,28.58
2024-12-17 06:30:00,769300,210,W,FR,,,,,,,,34.152008,-118.153813,WB 210 TO ORANGE GRV,24.98
2024-12-17 06:30:00,769808,210,W,FR,,,,,,,,34.197068,-118.184827,FOOTHILL,20.98
2024-12-17 06:30:00,769869,210,W,FR,29.0,29.0,,,,,,34.218652,-118.239558,LA CRESCENTA,17.38
2024-12-17 06:30:00,769913,210,W,FR,12.0,12.0,,,,,,34.224897,-118.251344,PENNSYLVANIA,16.58
2024-12-17 06:30:00,769928,210,W,FR,12.0,12.0,,,,,,34.214462,-118.232443,OCEAN VIEW,17.88
2024-12-17 06:30:00,769955,210,W,FR,,,,,,,,34.206998,-118.201441,ANGELES CREST HWY NB,19.78
2024-12-17 06:30:00,769998,210,W,FR,,,,,,,,34.19198,-118.181214,BERKSHIRE,21.39
2024-12-17 06:30:00,770131,210,W,FR,5.0,5.0,,,,,,34.234984,-118.290562,LA TUNA CANYON NB,14.18
2024-12-17 06:30:00,773132,210,W,FR,,,,,,,,34.152216,-118.146794,FAIR OAKS OFF,25.48
2024-12-17 06:30:00,776761,210,W,FR,32.0,3.0,29.0,,,,,34.176444,-118.162183,LINCOLN 1,22.982
2024-12-17 06:35:00,717623,210,W,FR,,,,,,,,34.164368,-118.158093,MOUNTAIN 1,23.9
2024-12-17 06:35:00,717636,210,W,FR,,,,,,,,34.152357,-118.123714,HILL,26.8
2024-12-17 06:35:00,717648,210,W,FR,17.0,2.0,7.0,8.0,,,,34.148074,-118.08377,SIERRA MADRE V1,29.17
2024-12-17 06:35:00,717652,210,W,FR,,,,,,,,34.148737,-118.071321,ROSEMEAD 1,29.879
2024-12-17 06:35:00,764346,210,W,FR,16.0,3.0,13.0,,,,,34.152648,-118.109062,ALLEN,27.64
2024-12-17 06:35:00,764349,210,W,FR,,,,,,,,34.152092,-118.143249,MARENGO,25.68
2024-12-17 06:35:00,768920,210,W,FR,,,,,,,,34.151995,-118.129451,LAKE 2 - OFF,26.47
2024-12-17 06:35:00,768927,210,W,FR,20.0,20.0,,,,,,34.152365,-118.092642,SAN GABRIEL OFF,28.58
2024-12-17 06:35:00,769300,210,W,FR,,,,,,,,34.152008,-118.153813,WB 210 TO ORANGE GRV,24.98
2024-12-17 06:35:00,769808,210,W,FR,,,,,,,,34.197068,-118.184827,FOOTHILL,20.98
2024-12-17 06:35:00,769869,210,W,FR,50.0,50.0,,,,,,34.218652,-118.239558,LA CRESCENTA,17.38
2024-12-17 06:35:00,769913,210,W,FR,11.0,11.0,,,,,,34.224897,-118.251344,PENNSYLVANIA,16.58
2024-12-17 06:35:00,769928,210,W,FR,15.0,15.0,,,,,,34.214462,-118.232443,OCEAN VIEW,17.88
2024-12-17 06:35:00,769955,210,W,FR,,,,,,,,34.206998,-118.201441,ANGELES CREST HWY NB,19.78
2024-12-17 06:35:00,769998,210,W,FR,,,,,,,,34.19198,-118.181214,BERKSHIRE,21.39
2024-12-17 06:35:00,770131,210,W,FR,9.0,9.0,,,,,,34.234984,-118.290562,LA TUNA CANYON NB,14.18
2024-12-17 06:35:00,773132,210,W,FR,,,,,,,,34.152216,-118.146794,FAIR OAKS OFF,25.48
2024-12-17 06:35:00,776761,210,W,FR,14.0,3.0,11.0,,,,,34.176444,-118.162183,LINCOLN 1,22.982
2024-12-17 06:40:00,717623,210,W,FR,,,,,,,,34.164368,-118.158093,MOUNTAIN 1,23.9
2024-12-17 06:40:00,717636,210,W,FR,,,,,,,,34.152357,-118.123714,HILL,26.8
2024-12-17 06:40:00,717648,210,W,FR,15.0,8.0,3.0,4.0,,,,34.148074,-118.08377,SIERRA MADRE V1,29.17
2024-12-17 06:40:00,717652,210,W,FR,,,,,,,,34.148737,-118.071321,ROSEMEAD 1,29.879
2024-12-17 06:40:00,764346,210,W,FR,19.0,6.0,13.0,,,,,34.152648,-118.109062,ALLEN,27.64
2024-12-17 06:40:00,764349,210,W,FR,,,,,,,,34.152092,-118.143249,MARENGO,25.68
2024-12-17 06:40:00,768920,210,W,FR,,,,,,,,34.151995,-118.129451,LAKE 2 - OFF,26.47
2024-12-17 06:40:00,768927,210,W,FR,13.0,13.0,,,,,,34.152365,-118.092642,SAN GABRIEL OFF,28.58
2024-12-17 06:40:00,769300,210,W,FR,,,,,,,,34.152008,-118.153813,WB 210 TO ORANGE GRV,24.98
2024-12-17 06:40:00,769808,210,W,FR,,,,,,,,34.197068,-118.184827,FOOTHILL,20.98
2024-12-17 06:40:00,769869,210,W,FR,44.0,44.0,,,,,,34.218652,-118.239558,LA CRESCENTA,17.38
2024-12-17 06:40:00,769913,210,W,FR,16.0,16.0,,,,,,34.224897,-118.251344,PENNSYLVANIA,16.58
2024-12-17 06:40:00,769928,210,W,FR,15.0,15.0,,,,,,34.214462,-118.232443,OCEAN VIEW,17.88
2024-12-17 06:40:00,769955,210,W,FR,,,,,,,,34.206998,-118.201441,ANGELES CREST HWY NB,19.78
2024-12-17 06:40:00,769998,210,W,FR,,,,,,,,34.19198,-118.181214,BERKSHIRE,21.39
2024-12-17 06:40:00,770131,210,W,FR,9.0,9.0,,,,,,34.234984,-118.290562,LA TUNA CANYON NB,14.18
2024-12-17 06:40:00,773132,210,W,FR,,,,,,,,34.152216,-118.146794,FAIR OAKS OFF,25.48
2024-12-17 06:40:00,776761,210,W,FR,13.0,2.0,11.0,,,,,34.176444,-118.162183,LINCOLN 1,22.982
2024-12-17 06:45:00,717623,210,W,FR,,,,,,,,34.164368,-118.158093,MOUNTAIN 1,23.9
2024-12-17 06:45:00,717636,210,W,FR,,,,,,,,34.152357,-118.123714,HILL,26.8
2024-12-17 06:45:00,717648,210,W,FR,11.0,3.0,3.0,5.0,,,,34.148074,-118.08377,SIERRA MADRE V1,29.17
2024-12-17 06:45:00,717652,210,W,FR,,,,,,,,34.148737,-118.071321,ROSEMEAD 1,29.879
2024-12-17 06:45:00,764346,210,W,FR,18.0,8.0,10.0,,,,,34.152648,-118.109062,ALLEN,27.64
2024-12-17 06:45:00,764349,210,W,FR,,,,,,,,34.152092,-118.143249,MARENGO,25.68
2024-12-17 06:45:00,768920,210,W,FR,,,,,,,,34.151995,-118.129451,LAKE 2 - OFF,26.47
2024-12-17 06:45:00,768927,210,W,FR,11.0,11.0,,,,,,34.152365,-118.092642,SAN GABRIEL OFF,28.58
2024-12-17 06:45:00,769300,210,W,FR,,,,,,,,34.152008,-118.153813,WB 210 TO ORANGE GRV,24.98
2024-12-17 06:45:00,769808,210,W,FR,,,,,,,,34.197068,-118.184827,FOOTHILL,20.98
2024-12-17 06:45:00,769869,210,W,FR,41.0,41.0,,,,,,34.218652,-118.239558,LA CRESCENTA,17.38
2024-12-17 06:45:00,769913,210,W,FR,14.0,14.0,,,,,,34.224897,-118.251344,PENNSYLVANIA,16.58
2024-12-17 06:45:00,769928,210,W,FR,15.0,15.0,,,,,,34.214462,-118.232443,OCEAN VIEW,17.88
2024-12-17 06:45:00,769955,210,W,FR,,,,,,,,34.206998,-118.201441,ANGELES CREST HWY NB,19.78
2024-12-17 06:45:00,769998,210,W,FR,,,,,,,,34.19198,-118.181214,BERKSHIRE,21.39
2024-12-17 06:45:00,770131,210,W,FR,23.0,23.0,,,,,,34.234984,-118.290562,LA TUNA CANYON NB,14.18
2024-12-17 06:45:00,773132,210,W,FR,,,,,,,,34.152216,-118.146794,FAIR OAKS OFF,25.48
2024-12-17 06:45:00,776761,210,W,FR,41.0,7.0,34.0,,,,,34.176444,-118.162183,LINCOLN 1,22.982
2024-12-17 06:50:00,717623,210,W,FR,,,,,,,,34.164368,-118.158093,MOUNTAIN 1,23.9
2024-12-17 06:50:00,717636,210,W,FR,,,,,,,,34.152357,-118.123714,HILL,26.8
2024-12-17 06:50:00,717648,210,W,FR,24.0,4.0,6.0,14.0,,,,34.148074,-118.08377,SIERRA MADRE V1,29.17
2024-12-17 06:50:00,717652,210,W,FR,,,,,,,,34.148737,-118.071321,ROSEMEAD 1,29.879
2024-12-17 06:50:00,764346,210,W,FR,27.0,7.0,20.0,,,,,34.152648,-118.109062,ALLEN,27.64
2024-12-17 06:50:00,764349,210,W,FR,,,,,,,,34.152092,-118.143249,MARENGO,25.68
2024-12-17 06:50:00,768920,210,W,FR,,,,,,,,34.151995,-118.129451,LAKE 2 - OFF,26.47
2024-12-17 06:50:00,768927,210,W,FR,19.0,19.0,,,,,,34.152365,-118.092642,SAN GABRIEL OFF,28.58
2024-12-17 06:50:00,769300,210,W,FR,,,,,,,,34.152008,-118.153813,WB 210 TO ORANGE GRV,24.98
2024-12-17 06:50:00,769808,210,W,FR,,,,,,,,34.197068,-118.184827,FOOTHILL,20.98
2024-12-17 06:50:00,769869,210,W,FR,56.0,56.0,,,,,,34.218652,-118.239558,LA CRESCENTA,17.38
2024-12-17 06:50:00,769913,210,W,FR,17.0,17.0,,,,,,34.224897,-118.251344,PENNSYLVANIA,16.58
2024-12-17 06:50:00,769928,210,W,FR,12.0,12.0,,,,,,34.214462,-118.232443,OCEAN VIEW,17.88
2024-12-17 06:50:00,769955,210,W,FR,,,,,,,,34.206998,-118.201441,ANGELES CREST HWY NB,19.78
2024-12-17 06:50:00,769998,210,W,FR,,,,,,,,34.19198,-118.181214,BERKSHIRE,21.39
2024-12-17 06:50:00,770131,210,W,FR,17.0,17.0,,,,,,34.234984,-118.290562,LA TUNA CANYON NB,14.18
2024-12-17 06:50:00,773132,210,W,FR,,,,,,,,34.152216,-118.146794,FAIR OAKS OFF,25.48
2024-12-17 06:50:00,776761,210,W,FR,32.0,1.0,31.0,,,,,34.176444,-118.162183,LINCOLN 1,22.982
2024-12-17 06:55:00,717623,210,W,FR,,,,,,,,34.164368,-118.158093,MOUNTAIN 1,23.9
2024-12-17 06:55:00,717636,210,W,FR,,,,,,,,34.152357,-118.123714,HILL,26.8
2024-12-17 06:55:00,717648,210,W,FR,27.0,11.0,5.0,11.0,,,,34.148074,-118.08377,SIERRA MADRE V1,29.17
2024-12-17 06:55:00,717652,210,W,FR,,,,,,,,34.148737,-118.071321,ROSEMEAD 1,29.879
2024-12-17 06:55:00,764346,210,W,FR,22.0,8.0,14.0,,,,,34.152648,-118.109062,ALLEN,27.64
2024-12-17 06:55:00,764349,210,W,FR,,,,,,,,34.152092,-118.143249,MARENGO,25.68
2024-12-17 06:55:00,768920,210,W,FR,,,,,,,,34.151995,-118.129451,LAKE 2 - OFF,26.47
2024-12-17 06:55:00,768927,210,W,FR,17.0,17.0,,,,,,34.152365,-118.092642,SAN GABRIEL OFF,28.58
2024-12-17 06:55:00,769300,210,W,FR,,,,,,,,34.152008,-118.153813,WB 210 TO ORANGE GRV,24.98
2024-12-17 06:55:00,769808,210,W,FR,,,,,,,,34.197068,-118.184827,FOOTHILL,20.98
2024-12-17 06:55:00,769869,210,W,FR,48.0,48.0,,,,,,34.218652,-118.239558,LA CRESCENTA,17.38
2024-12-17 06:55:00,769913,210,W,FR,19.0,19.0,,,,,,34.224897,-118.251344,PENNSYLVANIA,16.58
2024-12-17 06:55:00,769928,210,W,FR,17.0,17.0,,,,,,34.214462,-118.232443,OCEAN VIEW,17.88
2024-12-17 06:55:00,769955,210,W,FR,,,,,,,,34.206998,-118.201441,ANGELES CREST HWY NB,19.78
2024-12-17 06:55:00,769998,210,W,FR,,,,,,,,34.19198,-118.181214,BERKSHIRE,21.39
2024-12-17 06:55:00,770131,210,W,FR,14.0,14.0,,,,,,34.234984,-118.290562,LA TUNA CANYON NB,14.18
2024-12-17 06:55:00,773132,210,W,FR,,,,,,,,34.152216,-118.146794,FAIR OAKS OFF,25.48
2024-12-17 06:55:00,776761,210,W,FR,29.0,10.0,19.0,,,,,34.176444,-118.162183,LINCOLN 1,22.982
2024-12-17 07:00:00,717623,210,W,FR,,,,,,,,34.164368,-118.158093,MOUNTAIN 1,23.9
2024-12-17 07:00:00,717636,210,W,FR,,,,,,,,34.152357,-118.123714,HILL,26.8
2024-12-17 07:00:00,717648,210,W,FR,20.0,6.0,9.0,5.0,,,,34.148074,-118.08377,SIERRA MADRE V1,29.17
2024-12-17 07:00:00,717652,210,W,FR,,,,,,,,34.148737,-118.071321,ROSEMEAD 1,29.879
2024-12-17 07:00:00,764346,210,W,FR,19.0,4.0,15.0,,,,,34.152648,-118.109062,ALLEN,27.64
2024-12-17 07:00:00,764349,210,W,FR,,,,,,,,34.152092,-118.143249,MARENGO,25.68
2024-12-17 07:00:00,768920,210,W,FR,,,,,,,,34.151995,-118.129451,LAKE 2 - OFF,26.47
2024-12-17 07:00:00,768927,210,W,FR,21.0,21.0,,,,,,34.152365,-118.092642,SAN GABRIEL OFF,28.58
2024-12-17 07:00:00,769300,210,W,FR,,,,,,,,34.152008,-118.153813,WB 210 TO ORANGE GRV,24.98
2024-12-17 07:00:00,769808,210,W,FR,,,,,,,,34.197068,-118.184827,FOOTHILL,20.98
2024-12-17 07:00:00,769869,210,W,FR,56.0,56.0,,,,,,34.218652,-118.239558,LA CRESCENTA,17.38
2024-12-17 07:00:00,769913,210,W,FR,22.0,22.0,,,,,,34.224897,-118.251344,PENNSYLVANIA,16.58
2024-12-17 07:00:00,769928,210,W,FR,12.0,12.0,,,,,,34.214462,-118.232443,OCEAN VIEW,17.88
2024-12-17 07:00:00,769955,210,W,FR,,,,,,,,34.206998,-118.201441,ANGELES CREST HWY NB,19.78
2024-12-17 07:00:00,769998,210,W,FR,,,,,,,,34.19198,-118.181214,BERKSHIRE,21.39
2024-12-17 07:00:00,770131,210,W,FR,9.0,9.0,,,,,,34.234984,-118.290562,LA TUNA CANYON NB,14.18
2024-12-17 07:00:00,773132,210,W,FR,,,,,,,,34.152216,-118.146794,FAIR OAKS OFF,25.48
2024-12-17 07:00:00,776761,210,W,FR,29.0,1.0,28.0,,,,,34.176444,-118.162183,LINCOLN 1,22.982
2024-12-17 07:05:00,717623,210,W,FR,,,,,,,,34.164368,-118.158093,MOUNTAIN 1,23.9
2024-12-17 07:05:00,717636,210,W,FR,,,,,,,,34.152357,-118.123714,HILL,26.8
2024-12-17 07:05:00,717648,210,W,FR,29.0,10.0,6.0,13.0,,,,34.148074,-118.08377,SIERRA MADRE V1,29.17
2024-12-17 07:05:00,717652,210,W,FR,,,,,,,,34.148737,-118.071321,ROSEMEAD 1,29.879
2024-12-17 07:05:00,764346,210,W,FR,10.0,1.0,9.0,,,,,34.152648,-118.109062,ALLEN,27.64
2024-12-17 07:05:00,764349,210,W,FR,,,,,,,,34.152092,-118.143249,MARENGO,25.68
2024-12-17 07:05:00,768920,210,W,FR,,,,,,,,34.151995,-118.129451,LAKE 2 - OFF,26.47
2024-12-17 07:05:00,768927,210,W,FR,23.0,23.0,,,,,,34.152365,-118.092642,SAN GABRIEL OFF,28.58
2024-12-17 07:05:00,769300,210,W,FR,,,,,,,,34.152008,-118.153813,WB 210 TO ORANGE GRV,24.98
2024-12-17 07:05:00,769808,210,W,FR,,,,,,,,34.197068,-118.184827,FOOTHILL,20.98
2024-12-17 07:05:00,769869,210,W,FR,57.0,57.0,,,,,,34.218652,-118.239558,LA CRESCENTA,17.38
2024-12-17 07:05:00,769913,210,W,FR,21.0,21.0,,,,,,34.224897,-118.251344,PENNSYLVANIA,16.58
2024-12-17 07:05:00,769928,210,W,FR,14.0,14.0,,,,,,34.214462,-118.232443,OCEAN VIEW,17.88
2024-12-17 07:05:00,769955,210,W,FR,,,,,,,,34.206998,-118.201441,ANGELES CREST HWY NB,19.78
2024-12-17 07:05:00,769998,210,W,FR,,,,,,,,34.19198,-118.181214,BERKSHIRE,21.39
2024-12-17 07:05:00,770131,210,W,FR,11.0,11.0,,,,,,34.234984,-118.290562,LA TUNA CANYON NB,14.18
2024-12-17 07:05:00,773132,210,W,FR,,,,,,,,34.152216,-118.146794,FAIR OAKS OFF,25.48
2024-12-17 07:05:00,776761,210,W,FR,34.0,0.0,34.0,,,,,34.176444,-118.162183,LINCOLN 1,22.982
2024-12-17 07:10:00,717623,210,W,FR,,,,,,,,34.164368,-118.158093,MOUNTAIN 1,23.9
2024-12-17 07:10:00,717636,210,W,FR,,,,,,,,34.152357,-118.123714,HILL,26.8
2024-12-17 07:10:00,717648,210,W,FR,12.0,4.0,4.0,4.0,,,,34.148074,-118.08377,SIERRA MADRE V1,29.17
2024-12-17 07:10:00,717652,210,W,FR,,,,,,,,34.148737,-118.071321,ROSEMEAD 1,29.879
2024-12-17 07:10:00,764346,210,W,FR,23.0,5.0,18.0,,,,,34.152648,-118.109062,ALLEN,27.64
2024-12-17 07:10:00,764349,210,W,FR,,,,,,,,34.152092,-118.143249,MARENGO,25.68
2024-12-17 07:10:00,768920,210,W,FR,,,,,,,,34.151995,-118.129451,LAKE 2 - OFF,26.47
2024-12-17 07:10:00,768927,210,W,FR,15.0,15.0,,,,,,34.152365,-118.092642,SAN GABRIEL OFF,28.58
2024-12-17 07:10:00,769300,210,W,FR,,,,,,,,34.152008,-118.153813,WB 210 TO ORANGE GRV,24.98
2024-12-17 07:10:00,769808,210,W,FR,,,,,,,,34.197068,-118.184827,FOOTHILL,20.98
2024-12-17 07:10:00,769869,210,W,FR,56.0,56.0,,,,,,34.218652,-118.239558,LA CRESCENTA,17.38
2024-12-17 07:10:00,769913,210,W,FR,18.0,18.0,,,,,,34.224897,-118.251344,PENNSYLVANIA,16.58
2024-12-17 07:10:00,769928,210,W,FR,22.0,22.0,,,,,,34.214462,-118.232443,OCEAN VIEW,17.88
2024-12-17 07:10:00,769955,210,W,FR,,,,,,,,34.206998,-118.201441,ANGELES CREST HWY NB,19.78
2024-12-17 07:10:00,769998,210,W,FR,,,,,,,,34.19198,-118.181214,BERKSHIRE,21.39
2024-12-17 07:10:00,770131,210,W,FR,33.0,33.0,,,,,,34.234984,-118.290562,LA TUNA CANYON NB,14.18
2024-12-17 07:10:00,773132,210,W,FR,,,,,,,,34.152216,-118.146794,FAIR OAKS OFF,25.48
2024-12-17 07:10:00,776761,210,W,FR,21.0,3.0,18.0,,,,,34.176444,-118.162183,LINCOLN 1,22.982
2024-12-17 07:15:00,717623,210,W,FR,,,,,,,,34.164368,-118.158093,MOUNTAIN 1,23.9
2024-12-17 07:15:00,717636,210,W,FR,,,,,,,,34.152357,-118.123714,HILL,26.8
2024-12-17 07:15:00,717648,210,W,FR,17.0,8.0,4.0,5.0,,,,34.148074,-118.08377,SIERRA MADRE V1,29.17
2024-12-17 07:15:00,717652,210,W,FR,,,,,,,,34.148737,-118.071321,ROSEMEAD 1,29.879
2024-12-17 07:15:00,764346,210,W,FR,20.0,2.0,18.0,,,,,34.152648,-118.109062,ALLEN,27.64
2024-12-17 07:15:00,764349,210,W,FR,,,,,,,,34.152092,-118.143249,MARENGO,25.68
2024-12-17 07:15:00,768920,210,W,FR,,,,,,,,34.151995,-118.129451,LAKE 2 - OFF,26.47
2024-12-17 07:15:00,768927,210,W,FR,10.0,10.0,,,,,,34.152365,-118.092642,SAN GABRIEL OFF,28.58
2024-12-17 07:15:00,769300,210,W,FR,,,,,,,,34.152008,-118.153813,WB 210 TO ORANGE GRV,24.98
2024-12-17 07:15:00,769808,210,W,FR,,,,,,,,34.197068,-118.184827,FOOTHILL,20.98
2024-12-17 07:15:00,769869,210,W,FR,51.0,51.0,,,,,,34.218652,-118.239558,LA CRESCENTA,17.38
2024-12-17 07:15:00,769913,210,W,FR,23.0,23.0,,,,,,34.224897,-118.251344,PENNSYLVANIA,16.58
2024-12-17 07:15:00,769928,210,W,FR,22.0,22.0,,,,,,34.214462,-118.232443,OCEAN VIEW,17.88
2024-12-17 07:15:00,769955,210,W,FR,,,,,,,,34.206998,-118.201441,ANGELES CREST HWY NB,19.78
2024-12-17 07:15:00,769998,210,W,FR,,,,,,,,34.19198,-118.181214,BERKSHIRE,21.39
2024-12-17 07:15:00,770131,210,W,FR,19.0,19.0,,,,,,34.234984,-118.290562,LA TUNA CANYON NB,14.18
2024-12-17 07:15:00,773132,210,W,FR,,,,,,,,34.152216,-118.146794,FAIR OAKS OFF,25.48
2024-12-17 07:15:00,776761,210,W,FR,35.0,6.0,29.0,,,,,34.176444,-118.162183,LINCOLN 1,22.982
2024-12-17 07:20:00,717623,210,W,FR,,,,,,,,34.164368,-118.158093,MOUNTAIN 1,23.9
2024-12-17 07:20:00,717636,210,W,FR,,,,,,,,34.152357,-118.123714,HILL,26.8
2024-12-17 07:20:00,717648,210,W,FR,13.0,4.0,4.0,5.0,,,,34.148074,-118.08377,SIERRA MADRE V1,29.17
2024-12-17 07:20:00,717652,210,W,FR,,,,,,,,34.148737,-118.071321,ROSEMEAD 1,29.879
2024-12-17 07:20:00,764346,210,W,FR,21.0,5.0,16.0,,,,,34.152648,-118.109062,ALLEN,27.64
2024-12-17 07:20:00,764349,210,W,FR,,,,,,,,34.152092,-118.143249,MARENGO,25.68
2024-12-17 07:20:00,768920,210,W,FR,,,,,,,,34.151995,-118.129451,LAKE 2 - OFF,26.47
2024-12-17 07:20:00,768927,210,W,FR,14.0,14.0,,,,,,34.152365,-118.092642,SAN GABRIEL OFF,28.58
2024-12-17 07:20:00,769300,210,W,FR,,,,,,,,34.152008,-118.153813,WB 210 TO ORANGE GRV,24.98
2024-12-17 07:20:00,769808,210,W,FR,,,,,,,,34.197068,-118.184827,FOOTHILL,20.98
2024-12-17 07:20:00,769869,210,W,FR,72.0,72.0,,,,,,34.218652,-118.239558,LA CRESCENTA,17.38
2024-12-17 07:20:00,769913,210,W,FR,30.0,30.0,,,,,,34.224897,-118.251344,PENNSYLVANIA,16.58
2024-12-17 07:20:00,769928,210,W,FR,32.0,32.0,,,,,,34.214462,-118.232443,OCEAN VIEW,17.88
2024-12-17 07:20:00,769955,210,W,FR,,,,,,,,34.206998,-118.201441,ANGELES CREST HWY NB,19.78
2024-12-17 07:20:00,769998,210,W,FR,,,,,,,,34.19198,-118.181214,BERKSHIRE,21.39
2024-12-17 07:20:00,770131,210,W,FR,23.0,23.0,,,,,,34.234984,-118.290562,LA TUNA CANYON NB,14.18
2024-12-17 07:20:00,773132,210,W,FR,,,,,,,,34.152216,-118.146794,FAIR OAKS OFF,25.48
2024-12-17 07:20:00,776761,210,W,FR,57.0,13.0,44.0,,,,,34.176444,-118.162183,LINCOLN 1,22.982
2024-12-17 07:25:00,717623,210,W,FR,,,,,,,,34.164368,-118.158093,MOUNTAIN 1,23.9
2024-12-17 07:25:00,717636,210,W,FR,,,,,,,,34.152357,-118.123714,HILL,26.8
2024-12-17 07:25:00,717648,210,W,FR,20.0,8.0,3.0,9.0,,,,34.148074,-118.08377,SIERRA MADRE V1,29.17
2024-12-17 07:25:00,717652,210,W,FR,,,,,,,,34.148737,-118.071321,ROSEMEAD 1,29.879
2024-12-17 07:25:00,764346,210,W,FR,25.0,3.0,22.0,,,,,34.152648,-118.109062,ALLEN,27.64
2024-12-17 07:25:00,764349,210,W,FR,,,,,,,,34.152092,-118.143249,MARENGO,25.68
2024-12-17 07:25:00,768920,210,W,FR,,,,,,,,34.151995,-118.129451,LAKE 2 - OFF,26.47
2024-12-17 07:25:00,768927,210,W,FR,24.0,24.0,,,,,,34.152365,-118.092642,SAN GABRIEL OFF,28.58
2024-12-17 07:25:00,769300,210,W,FR,,,,,,,,34.152008,-118.153813,WB 210 TO ORANGE GRV,24.98
2024-12-17 07:25:00,769808,210,W,FR,,,,,,,,34.197068,-118.184827,FOOTHILL,20.98
2024-12-17 07:25:00,769869,210,W,FR,64.0,64.0,,,,,,34.218652,-118.239558,LA CRESCENTA,17.38
2024-12-17 07:25:00,769913,210,W,FR,36.0,36.0,,,,,,34.224897,-118.251344,PENNSYLVANIA,16.58
2024-12-17 07:25:00,769928,210,W,FR,24.0,24.0,,,,,,34.214462,-118.232443,OCEAN VIEW,17.88
2024-12-17 07:25:00,769955,210,W,FR,,,,,,,,34.206998,-118.201441,ANGELES CREST HWY NB,19.78
2024-12-17 07:25:00,769998,210,W,FR,,,,,,,,34.19198,-118.181214,BERKSHIRE,21.39
2024-12-17 07:25:00,770131,210,W,FR,23.0,23.0,,,,,,34.234984,-118.290562,LA TUNA CANYON NB,14.18
2024-12-17 07:25:00,773132,210,W,FR,,,,,,,,34.152216,-118.146794,FAIR OAKS OFF,25.48
2024-12-17 07:25:00,776761,210,W,FR,30.0,0.0,30.0,,,,,34.176444,-118.162183,LINCOLN 1,22.982
2024-12-17 07:30:00,717623,210,W,FR,,,,,,,,34.164368,-118.158093,MOUNTAIN 1,23.9
2024-12-17 07:30:00,717636,210,W,FR,,,,,,,,34.152357,-118.123714,HILL,26.8
2024-12-17 07:30:00,717648,210,W,FR,15.0,2.0,6.0,7.0,,,,34.148074,-118.08377,SIERRA MADRE V1,29.17
2024-12-17 07:30:00,717652,210,W,FR,,,,,,,,34.148737,-118.071321,ROSEMEAD 1,29.879
2024-12-17 07:30:00,764346,210,W,FR,29.0,6.0,23.0,,,,,34.152648,-118.109062,ALLEN,27.64
2024-12-17 07:30:00,764349,210,W,FR,,,,,,,,34.152092,-118.143249,MARENGO,25.68
2024-12-17 07:30:00,768920,210,W,FR,,,,,,,,34.151995,-118.129451,LAKE 2 - OFF,26.47
2024-12-17 07:30:00,768927,210,W,FR,12.0,12.0,,,,,,34.152365,-118.092642,SAN GABRIEL OFF,28.58
2024-12-17 07:30:00,769300,210,W,FR,,,,,,,,34.152008,-118.153813,WB 210 TO ORANGE GRV,24.98
2024-12-17 07:30:00,769808,210,W,FR,,,,,,,,34.197068,-118.184827,FOOTHILL,20.98
2024-12-17 07:30:00,769869,210,W,FR,59.0,59.0,,,,,,34.218652,-118.239558,LA CRESCENTA,17.38
2024-12-17 07:30:00,769913,210,W,FR,26.0,26.0,,,,,,34.224897,-118.251344,PENNSYLVANIA,16.58
2024-12-17 07:30:00,769928,210,W,FR,27.0,27.0,,,,,,34.214462,-118.232443,OCEAN VIEW,17.88
2024-12-17 07:30:00,769955,210,W,FR,,,,,,,,34.206998,-118.201441,ANGELES CREST HWY NB,19.78
2024-12-17 07:30:00,769998,210,W,FR,,,,,,,,34.19198,-118.181214,BERKSHIRE,21.39
2024-12-17 07:30:00,770131,210,W,FR,32.0,32.0,,,,,,34.234984,-118.290562,LA TUNA CANYON NB,14.18
2024-12-17 07:30:00,773132,210,W,FR,,,,,,,,34.152216,-118.146794,FAIR OAKS OFF,25.48
2024-12-17 07:30:00,776761,210,W,FR,38.0,4.0,34.0,,,,,34.176444,-118.162183,LINCOLN 1,22.982
2024-12-17 07:35:00,717623,210,W,FR,,,,,,,,34.164368,-118.158093,MOUNTAIN 1,23.9
2024-12-17 07:35:00,717636,210,W,FR,,,,,,,,34.152357,-118.123714,HILL,26.8
2024-12-17 07:35:00,717648,210,W,FR,29.0,10.0,10.0,9.0,,,,34.148074,-118.08377,SIERRA MADRE V1,29.17
2024-12-17 07:35:00,717652,210,W,FR,,,,,,,,34.148737,-118.071321,ROSEMEAD 1,29.879
2024-12-17 07:35:00,764346,210,W,FR,19.0,3.0,16.0,,,,,34.152648,-118.109062,ALLEN,27.64
2024-12-17 07:35:00,764349,210,W,FR,,,,,,,,34.152092,-118.143249,MARENGO,25.68
2024-12-17 07:35:00,768920,210,W,FR,,,,,,,,34.151995,-118.129451,LAKE 2 - OFF,26.47
2024-12-17 07:35:00,768927,210,W,FR,28.0,28.0,,,,,,34.152365,-118.092642,SAN GABRIEL OFF,28.58
2024-12-17 07:35:00,769300,210,W,FR,,,,,,,,34.152008,-118.153813,WB 210 TO ORANGE GRV,24.98
2024-12-17 07:35:00,769808,210,W,FR,,,,,,,,34.197068,-118.184827,FOOTHILL,20.98
2024-12-17 07:35:00,769869,210,W,FR,78.0,78.0,,,,,,34.218652,-118.239558,LA CRESCENTA,17.38
2024-12-17 07:35:00,769913,210,W,FR,31.0,31.0,,,,,,34.224897,-118.251344,PENNSYLVANIA,16.58
2024-12-17 07:35:00,769928,210,W,FR,28.0,28.0,,,,,,34.214462,-118.232443,OCEAN VIEW,17.88
2024-12-17 07:35:00,769955,210,W,FR,,,,,,,,34.206998,-118.201441,ANGELES CREST HWY NB,19.78
2024-12-17 07:35:00,769998,210,W,FR,,,,,,,,34.19198,-118.181214,BERKSHIRE,21.39
2024-12-17 07:35:00,770131,210,W,FR,35.0,35.0,,,,,,34.234984,-118.290562,LA TUNA CANYON NB,14.18
2024-12-17 07:35:00,773132,210,W,FR,,,,,,,,34.152216,-118.146794,FAIR OAKS OFF,25.48
2024-12-17 07:35:00,776761,210,W,FR,78.0,1.0,77.0,,,,,34.176444,-118.162183,LINCOLN 1,22.982
2024-12-17 07:40:00,717623,210,W,FR,,,,,,,,34.164368,-118.158093,MOUNTAIN 1,23.9
2024-12-17 07:40:00,717636,210,W,FR,,,,,,,,34.152357,-118.123714,HILL,26.8
2024-12-17 07:40:00,717648,210,W,FR,26.0,8.0,10.0,8.0,,,,34.148074,-118.08377,SIERRA MADRE V1,29.17
2024-12-17 07:40:00,717652,210,W,FR,,,,,,,,34.148737,-118.071321,ROSEMEAD 1,29.879
2024-12-17 07:40:00,764346,210,W,FR,23.0,5.0,18.0,,,,,34.152648,-118.109062,ALLEN,27.64
2024-12-17 07:40:00,764349,210,W,FR,,,,,,,,34.152092,-118.143249,MARENGO,25.68
2024-12-17 07:40:00,768920,210,W,FR,,,,,,,,34.151995,-118.129451,LAKE 2 - OFF,26.47
2024-12-17 07:40:00,768927,210,W,FR,30.0,30.0,,,,,,34.152365,-118.092642,SAN GABRIEL OFF,28.58
2024-12-17 07:40:00,769300,210,W,FR,,,,,,,,34.152008,-118.153813,WB 210 TO ORANGE GRV,24.98
2024-12-17 07:40:00,769808,210,W,FR,,,,,,,,34.197068,-118.184827,FOOTHILL,20.98
2024-12-17 07:40:00,769869,210,W,FR,90.0,90.0,,,,,,34.218652,-118.239558,LA CRESCENTA,17.38
2024-12-17 07:40:00,769913,210,W,FR,43.0,43.0,,,,,,34.224897,-118.251344,PENNSYLVANIA,16.58
2024-12-17 07:40:00,769928,210,W,FR,24.0,24.0,,,,,,34.214462,-118.232443,OCEAN VIEW,17.88
2024-12-17 07:40:00,769955,210,W,FR,,,,,,,,34.206998,-118.201441,ANGELES CREST HWY NB,19.78
2024-12-17 07:40:00,769998,210,W,FR,,,,,,,,34.19198,-118.181214,BERKSHIRE,21.39
2024-12-17 07:40:00,770131,210,W,FR,29.0,29.0,,,,,,34.234984,-118.290562,LA TUNA CANYON NB,14.18
2024-12-17 07:40:00,773132,210,W,FR,,,,,,,,34.152216,-118.146794,FAIR OAKS OFF,25.48
2024-12-17 07:40:00,776761,210,W,FR,69.0,4.0,65.0,,,,,34.176444,-118.162183,LINCOLN 1,22.982
2024-12-17 07:45:00,717623,210,W,FR,,,,,,,,34.164368,-118.158093,MOUNTAIN 1,23.9
2024-12-17 07:45:00,717636,210,W,FR,,,,,,,,34.152357,-118.123714,HILL,26.8
2024-12-17 07:45:00,717648,210,W,FR,24.0,4.0,7.0,13.0,,,,34.148074,-118.08377,SIERRA MADRE V1,29.17
2024-12-17 07:45:00,717652,210,W,FR,,,,,,,,34.148737,-118.071321,ROSEMEAD 1,29.879
2024-12-17 07:45:00,764346,210,W,FR,17.0,1.0,16.0,,,,,34.152648,-118.109062,ALLEN,27.64
2024-12-17 07:45:00,764349,210,W,FR,,,,,,,,34.152092,-118.143249,MARENGO,25.68
2024-12-17 07:45:00,768920,210,W,FR,,,,,,,,34.151995,-118.129451,LAKE 2 - OFF,26.47
2024-12-17 07:45:00,768927,210,W,FR,27.0,27.0,,,,,,34.152365,-118.092642,SAN GABRIEL OFF,28.58
2024-12-17 07:45:00,769300,210,W,FR,,,,,,,,34.152008,-118.153813,WB 210 TO ORANGE GRV,24.98
2024-12-17 07:45:00,769808,210,W,FR,,,,,,,,34.197068,-118.184827,FOOTHILL,20.98
2024-12-17 07:45:00,769869,210,W,FR,67.0,67.0,,,,,,34.218652,-118.239558,LA CRESCENTA,17.38
2024-12-17 07:45:00,769913,210,W,FR,48.0,48.0,,,,,,34.224897,-118.251344,PENNSYLVANIA,16.58
2024-12-17 07:45:00,769928,210,W,FR,29.0,29.0,,,,,,34.214462,-118.232443,OCEAN VIEW,17.88
2024-12-17 07:45:00,769955,210,W,FR,,,,,,,,34.206998,-118.201441,ANGELES CREST HWY NB,19.78
2024-12-17 07:45:00,769998,210,W,FR,,,,,,,,34.19198,-118.181214,BERKSHIRE,21.39
2024-12-17 07:45:00,770131,210,W,FR,29.0,29.0,,,,,,34.234984,-118.290562,LA TUNA CANYON NB,14.18
2024-12-17 07:45:00,773132,210,W,FR,,,,,,,,34.152216,-118.146794,FAIR OAKS OFF,25.48
2024-12-17 07:45:00,776761,210,W,FR,45.0,2.0,43.0,,,,,34.176444,-118.162183,LINCOLN 1,22.982
2024-12-17 07:50:00,717623,210,W,FR,,,,,,,,34.164368,-118.158093,MOUNTAIN 1,23.9
2024-12-17 07:50:00,717636,210,W,FR,,,,,,,,34.152357,-118.123714,HILL,26.8
2024-12-17 07:50:00,717648,210,W,FR,17.0,7.0,6.0,4.0,,,,34.148074,-118.08377,SIERRA MADRE V1,29.17
2024-12-17 07:50:00,717652,210,W,FR,,,,,,,,34.148737,-118.071321,ROSEMEAD 1,29.879
2024-12-17 07:50:00,764346,210,W,FR,21.0,6.0,15.0,,,,,34.152648,-118.109062,ALLEN,27.64
2024-12-17 07:50:00,764349,210,W,FR,,,,,,,,34.152092,-118.143249,MARENGO,25.68
2024-12-17 07:50:00,768920,210,W,FR,,,,,,,,34.151995,-118.129451,LAKE 2 - OFF,26.47
2024-12-17 07:50:00,768927,210,W,FR,39.0,39.0,,,,,,34.152365,-118.092642,SAN GABRIEL OFF,28.58
2024-12-17 07:50:00,769300,210,W,FR,,,,,,,,34.152008,-118.153813,WB 210 TO ORANGE GRV,24.98
2024-12-17 07:50:00,769808,210,W,FR,,,,,,,,34.197068,-118.184827,FOOTHILL,20.98
2024-12-17 07:50:00,769869,210,W,FR,84.0,84.0,,,,,,34.218652,-118.239558,LA CRESCENTA,17.38
2024-12-17 07:50:00,769913,210,W,FR,66.0,66.0,,,,,,34.224897,-118.251344,PENNSYLVANIA,16.58
2024-12-17 07:50:00,769928,210,W,FR,31.0,31.0,,,,,,34.214462,-118.232443,OCEAN VIEW,17.88
2024-12-17 07:50:00,769955,210,W,FR,,,,,,,,34.206998,-118.201441,ANGELES CREST HWY NB,19.78
2024-12-17 07:50:00,769998,210,W,FR,,,,,,,,34.19198,-118.181214,BERKSHIRE,21.39
2024-12-17 07:50:00,770131,210,W,FR,23.0,23.0,,,,,,34.234984,-118.290562,LA TUNA CANYON NB,14.18
2024-12-17 07:50:00,773132,210,W,FR,,,,,,,,34.152216,-118.146794,FAIR OAKS OFF,25.48
2024-12-17 07:50:00,776761,210,W,FR,54.0,5.0,49.0,,,,,34.176444,-118.162183,LINCOLN 1,22.982
2024-12-17 07:55:00,717623,210,W,FR,,,,,,,,34.164368,-118.158093,MOUNTAIN 1,23.9
2024-12-17 07:55:00,717636,210,W,FR,,,,,,,,34.152357,-118.123714,HILL,26.8
2024-12-17 07:55:00,717648,210,W,FR,20.0,9.0,1.0,10.0,,,,34.148074,-118.08377,SIERRA MADRE V1,29.17
2024-12-17 07:55:00,717652,210,W,FR,,,,,,,,34.148737,-118.071321,ROSEMEAD 1,29.879
2024-12-17 07:55:00,764346,210,W,FR,22.0,7.0,15.0,,,,,34.152648,-118.109062,ALLEN,27.64
2024-12-17 07:55:00,764349,210,W,FR,,,,,,,,34.152092,-118.143249,MARENGO,25.68
2024-12-17 07:55:00,768920,210,W,FR,,,,,,,,34.151995,-118.129451,LAKE 2 - OFF,26.47
2024-12-17 07:55:00,768927,210,W,FR,28.0,28.0,,,,,,34.152365,-118.092642,SAN GABRIEL OFF,28.58
2024-12-17 07:55:00,769300,210,W,FR,,,,,,,,34.152008,-118.153813,WB 210 TO ORANGE GRV,24.98
2024-12-17 07:55:00,769808,210,W,FR,,,,,,,,34.197068,-118.184827,FOOTHILL,20.98
2024-12-17 07:55:00,769869,210,W,FR,92.0,92.0,,,,,,34.218652,-118.239558,LA CRESCENTA,17.38
2024-12-17 07:55:00,769913,210,W,FR,76.0,76.0,,,,,,34.224897,-118.251344,PENNSYLVANIA,16.58
2024-12-17 07:55:00,769928,210,W,FR,24.0,24.0,,,,,,34.214462,-118.232443,OCEAN VIEW,17.88
2024-12-17 07:55:00,769955,210,W,FR,,,,,,,,34.206998,-118.201441,ANGELES CREST HWY NB,19.78
2024-12-17 07:55:00,769998,210,W,FR,,,,,,,,34.19198,-118.181214,BERKSHIRE,21.39
2024-12-17 07:55:00,770131,210,W,FR,24.0,24.0,,,,,,34.234984,-118.290562,LA TUNA CANYON NB,14.18
2024-12-17 07:55:00,773132,210,W,FR,,,,,,,,34.152216,-118.146794,FAIR OAKS OFF,25.48
2024-12-17 07:55:00,776761,210,W,FR,81.0,6.0,75.0,,,,,34.176444,-118.162183,LINCOLN 1,22.982
2024-12-17 08:00:00,717623,210,W,FR,,,,,,,,34.164368,-118.158093,MOUNTAIN 1,23.9
2024-12-17 08:00:00,717636,210,W,FR,,,,,,,,34.152357,-118.123714,HILL,26.8
2024-12-17 08:00:00,717648,210,W,FR,19.0,5.0,5.0,9.0,,,,34.148074,-118.08377,SIERRA MADRE V1,29.17
2024-12-17 08:00:00,717652,210,W,FR,,,,,,,,34.148737,-118.071321,ROSEMEAD 1,29.879
2024-12-17 08:00:00,764346,210,W,FR,26.0,10.0,16.0,,,,,34.152648,-118.109062,ALLEN,27.64
2024-12-17 08:00:00,764349,210,W,FR,,,,,,,,34.152092,-118.143249,MARENGO,25.68
2024-12-17 08:00:00,768920,210,W,FR,,,,,,,,34.151995,-118.129451,LAKE 2 - OFF,26.47
2024-12-17 08:00:00,768927,210,W,FR,47.0,47.0,,,,,,34.152365,-118.092642,SAN GABRIEL OFF,28.58
2024-12-17 08:00:00,769300,210,W,FR,,,,,,,,34.152008,-118.153813,WB 210 TO ORANGE GRV,24.98
2024-12-17 08:00:00,769808,210,W,FR,,,,,,,,34.197068,-118.184827,FOOTHILL,20.98
2024-12-17 08:00:00,769869,210,W,FR,78.0,78.0,,,,,,34.218652,-118.239558,LA CRESCENTA,17.38
2024-12-17 08:00:00,769913,210,W,FR,75.0,75.0,,,,,,34.224897,-118.251344,PENNSYLVANIA,16.58
2024-12-17 08:00:00,769928,210,W,FR,44.0,44.0,,,,,,34.214462,-118.232443,OCEAN VIEW,17.88
2024-12-17 08:00:00,769955,210,W,FR,,,,,,,,34.206998,-118.201441,ANGELES CREST HWY NB,19.78
2024-12-17 08:00:00,769998,210,W,FR,,,,,,,,34.19198,-118.181214,BERKSHIRE,21.39
2024-12-17 08:00:00,770131,210,W,FR,17.0,17.0,,,,,,34.234984,-118.290562,LA TUNA CANYON NB,14.18
2024-12-17 08:00:00,773132,210,W,FR,,,,,,,,34.152216,-118.146794,FAIR OAKS OFF,25.48
2024-12-17 08:00:00,776761,210,W,FR,79.0,7.0,72.0,,,,,34.176444,-118.162183,LINCOLN 1,22.982
2024-12-17 08:05:00,717623,210,W,FR,,,,,,,,34.164368,-118.158093,MOUNTAIN 1,23.9
2024-12-17 08:05:00,717636,210,W,FR,,,,,,,,34.152357,-118.123714,HILL,26.8
2024-12-17 08:05:00,717648,210,W,FR,16.0,5.0,3.0,8.0,,,,34.148074,-118.08377,SIERRA MADRE V1,29.17
2024-12-17 08:05:00,717652,210,W,FR,,,,,,,,34.148737,-118.071321,ROSEMEAD 1,29.879
2024-12-17 08:05:00,764346,210,W,FR,15.0,4.0,11.0,,,,,34.152648,-118.109062,ALLEN,27.64
2024-12-17 08:05:00,764349,210,W,FR,,,,,,,,34.152092,-118.143249,MARENGO,25.68
2024-12-17 08:05:00,768920,210,W,FR,,,,,,,,34.151995,-118.129451,LAKE 2 - OFF,26.47
2024-12-17 08:05:00,768927,210,W,FR,43.0,43.0,,,,,,34.152365,-118.092642,SAN GABRIEL OFF,28.58
2024-12-17 08:05:00,769300,210,W,FR,,,,,,,,34.152008,-118.153813,WB 210 TO ORANGE GRV,24.98
2024-12-17 08:05:00,769808,210,W,FR,,,,,,,,34.197068,-118.184827,FOOTHILL,20.98
2024-12-17 08:05:00,769869,210,W,FR,80.0,80.0,,,,,,34.218652,-118.239558,LA CRESCENTA,17.38
2024-12-17 08:05:00,769913,210,W,FR,69.0,69.0,,,,,,34.224897,-118.251344,PENNSYLVANIA,16.58
2024-12-17 08:05:00,769928,210,W,FR,45.0,45.0,,,,,,34.214462,-118.232443,OCEAN VIEW,17.88
2024-12-17 08:05:00,769955,210,W,FR,,,,,,,,34.206998,-118.201441,ANGELES CREST HWY NB,19.78
2024-12-17 08:05:00,769998,210,W,FR,,,,,,,,34.19198,-118.181214,BERKSHIRE,21.39
2024-12-17 08:05:00,770131,210,W,FR,27.0,27.0,,,,,,34.234984,-118.290562,LA TUNA CANYON NB,14.18
2024-12-17 08:05:00,773132,210,W,FR,,,,,,,,34.152216,-118.146794,FAIR OAKS OFF,25.48
2024-12-17 08:05:00,776761,210,W,FR,78.0,2.0,76.0,,,,,34.176444,-118.162183,LINCOLN 1,22.982
2024-12-17 08:10:00,717623,210,W,FR,,,,,,,,34.164368,-118.158093,MOUNTAIN 1,23.9
2024-12-17 08:10:00,717636,210,W,FR,,,,,,,,34.152357,-118.123714,HILL,26.8
2024-12-17 08:10:00,717648,210,W,FR,31.0,11.0,7.0,13.0,,,,34.148074,-118.08377,SIERRA MADRE V1,29.17
2024-12-17 08:10:00,717652,210,W,FR,,,,,,,,34.148737,-118.071321,ROSEMEAD 1,29.879
2024-12-17 08:10:00,764346,210,W,FR,15.0,3.0,12.0,,,,,34.152648,-118.109062,ALLEN,27.64
2024-12-17 08:10:00,764349,210,W,FR,,,,,,,,34.152092,-118.143249,MARENGO,25.68
2024-12-17 08:10:00,768920,210,W,FR,,,,,,,,34.151995,-118.129451,LAKE 2 - OFF,26.47
2024-12-17 08:10:00,768927,210,W,FR,40.0,40.0,,,,,,34.152365,-118.092642,SAN GABRIEL OFF,28.58
2024-12-17 08:10:00,769300,210,W,FR,,,,,,,,34.152008,-118.153813,WB 210 TO ORANGE GRV,24.98
2024-12-17 08:10:00,769808,210,W,FR,,,,,,,,34.197068,-118.184827,FOOTHILL,20.98
2024-12-17 08:10:00,769869,210,W,FR,77.0,77.0,,,,,,34.218652,-118.239558,LA CRESCENTA,17.38
2024-12-17 08:10:00,769913,210,W,FR,99.0,99.0,,,,,,34.224897,-118.251344,PENNSYLVANIA,16.58
2024-12-17 08:10:00,769928,210,W,FR,46.0,46.0,,,,,,34.214462,-118.232443,OCEAN VIEW,17.88
2024-12-17 08:10:00,769955,210,W,FR,,,,,,,,34.206998,-118.201441,ANGELES CREST HWY NB,19.78
2024-12-17 08:10:00,769998,210,W,FR,,,,,,,,34.19198,-118.181214,BERKSHIRE,21.39
2024-12-17 08:10:00,770131,210,W,FR,29.0,29.0,,,,,,34.234984,-118.290562,LA TUNA CANYON NB,14.18
2024-12-17 08:10:00,773132,210,W,FR,,,,,,,,34.152216,-118.146794,FAIR OAKS OFF,25.48
2024-12-17 08:10:00,776761,210,W,FR,70.0,7.0,63.0,,,,,34.176444,-118.162183,LINCOLN 1,22.982
2024-12-17 08:15:00,717623,210,W,FR,,,,,,,,34.164368,-118.158093,MOUNTAIN 1,23.9
2024-12-17 08:15:00,717636,210,W,FR,,,,,,,,34.152357,-118.123714,HILL,26.8
2024-12-17 08:15:00,717648,210,W,FR,28.0,10.0,7.0,11.0,,,,34.148074,-118.08377,SIERRA MADRE V1,29.17
2024-12-17 08:15:00,717652,210,W,FR,,,,,,,,34.148737,-118.071321,ROSEMEAD 1,29.879
2024-12-17 08:15:00,764346,210,W,FR,17.0,4.0,13.0,,,,,34.152648,-118.109062,ALLEN,27.64
2024-12-17 08:15:00,764349,210,W,FR,,,,,,,,34.152092,-118.143249,MARENGO,25.68
2024-12-17 08:15:00,768920,210,W,FR,,,,,,,,34.151995,-118.129451,LAKE 2 - OFF,26.47
2024-12-17 08:15:00,768927,210,W,FR,41.0,41.0,,,,,,34.152365,-118.092642,SAN GABRIEL OFF,28.58
2024-12-17 08:15:00,769300,210,W,FR,,,,,,,,34.152008,-118.153813,WB 210 TO ORANGE GRV,24.98
2024-12-17 08:15:00,769808,210,W,FR,,,,,,,,34.197068,-118.184827,FOOTHILL,20.98
2024-12-17 08:15:00,769869,210,W,FR,79.0,79.0,,,,,,34.218652,-118.239558,LA CRESCENTA,17.38
2024-12-17 08:15:00,769913,210,W,FR,97.0,97.0,,,,,,34.224897,-118.251344,PENNSYLVANIA,16.58
2024-12-17 08:15:00,769928,210,W,FR,38.0,38.0,,,,,,34.214462,-118.232443,OCEAN VIEW,17.88
2024-12-17 08:15:00,769955,210,W,FR,,,,,,,,34.206998,-118.201441,ANGELES CREST HWY NB,19.78
2024-12-17 08:15:00,769998,210,W,FR,,,,,,,,34.19198,-118.181214,BERKSHIRE,21.39
2024-12-17 08:15:00,770131,210,W,FR,19.0,19.0,,,,,,34.234984,-118.290562,LA TUNA CANYON NB,14.18
2024-12-17 08:15:00,773132,210,W,FR,,,,,,,,34.152216,-118.146794,FAIR OAKS OFF,25.48
2024-12-17 08:15:00,776761,210,W,FR,34.0,3.0,31.0,,,,,34.176444,-118.162183,LINCOLN 1,22.982
2024-12-17 08:20:00,717623,210,W,FR,,,,,,,,34.164368,-118.158093,MOUNTAIN 1,23.9
2024-12-17 08:20:00,717636,210,W,FR,,,,,,,,34.152357,-118.123714,HILL,26.8
2024-12-17 08:20:00,717648,210,W,FR,17.0,8.0,2.0,7.0,,,,34.148074,-118.08377,SIERRA MADRE V1,29.17
2024-12-17 08:20:00,717652,210,W,FR,,,,,,,,34.148737,-118.071321,ROSEMEAD 1,29.879
2024-12-17 08:20:00,764346,210,W,FR,19.0,5.0,14.0,,,,,34.152648,-118.109062,ALLEN,27.64
2024-12-17 08:20:00,764349,210,W,FR,,,,,,,,34.152092,-118.143249,MARENGO,25.68
2024-12-17 08:20:00,768920,210,W,FR,,,,,,,,34.151995,-118.129451,LAKE 2 - OFF,26.47
2024-12-17 08:20:00,768927,210,W,FR,50.0,50.0,,,,,,34.152365,-118.092642,SAN GABRIEL OFF,28.58
2024-12-17 08:20:00,769300,210,W,FR,,,,,,,,34.152008,-118.153813,WB 210 TO ORANGE GRV,24.98
2024-12-17 08:20:00,769808,210,W,FR,,,,,,,,34.197068,-118.184827,FOOTHILL,20.98
2024-12-17 08:20:00,769869,210,W,FR,79.0,79.0,,,,,,34.218652,-118.239558,LA CRESCENTA,17.38
2024-12-17 08:20:00,769913,210,W,FR,53.0,53.0,,,,,,34.224897,-118.251344,PENNSYLVANIA,16.58
2024-12-17 08:20:00,769928,210,W,FR,37.0,37.0,,,,,,34.214462,-118.232443,OCEAN VIEW,17.88
2024-12-17 08:20:00,769955,210,W,FR,,,,,,,,34.206998,-118.201441,ANGELES CREST HWY NB,19.78
2024-12-17 08:20:00,769998,210,W,FR,,,,,,,,34.19198,-118.181214,BERKSHIRE,21.39
2024-12-17 08:20:00,770131,210,W,FR,21.0,21.0,,,,,,34.234984,-118.290562,LA TUNA CANYON NB,14.18
2024-12-17 08:20:00,773132,210,W,FR,,,,,,,,34.152216,-118.146794,FAIR OAKS OFF,25.48
2024-12-17 08:20:00,776761,210,W,FR,64.0,7.0,57.0,,,,,34.176444,-118.162183,LINCOLN 1,22.982
2024-12-17 08:25:00,717623,210,W,FR,,,,,,,,34.164368,-118.158093,MOUNTAIN 1,23.9
2024-12-17 08:25:00,717636,210,W,FR,,,,,,,,34.152357,-118.123714,HILL,26.8
2024-12-17 08:25:00,717648,210,W,FR,19.0,1.0,5.0,13.0,,,,34.148074,-118.08377,SIERRA MADRE V1,29.17
2024-12-17 08:25:00,717652,210,W,FR,,,,,,,,34.148737,-118.071321,ROSEMEAD 1,29.879
2024-12-17 08:25:00,764346,210,W,FR,31.0,9.0,22.0,,,,,34.152648,-118.109062,ALLEN,27.64
2024-12-17 08:25:00,764349,210,W,FR,,,,,,,,34.152092,-118.143249,MARENGO,25.68
2024-12-17 08:25:00,768920,210,W,FR,,,,,,,,34.151995,-118.129451,LAKE 2 - OFF,26.47
2024-12-17 08:25:00,768927,210,W,FR,34.0,34.0,,,,,,34.152365,-118.092642,SAN GABRIEL OFF,28.58
2024-12-17 08:25:00,769300,210,W,FR,,,,,,,,34.152008,-118.153813,WB 210 TO ORANGE GRV,24.98
2024-12-17 08:25:00,769808,210,W,FR,,,,,,,,34.197068,-118.184827,FOOTHILL,20.98
2024-12-17 08:25:00,769869,210,W,FR,81.0,81.0,,,,,,34.218652,-118.239558,LA CRESCENTA,17.38
2024-12-17 08:25:00,769913,210,W,FR,47.0,47.0,,,,,,34.224897,-118.251344,PENNSYLVANIA,16.58
2024-12-17 08:25:00,769928,210,W,FR,37.0,37.0,,,,,,34.214462,-118.232443,OCEAN VIEW,17.88
2024-12-17 08:25:00,769955,210,W,FR,,,,,,,,34.206998,-118.201441,ANGELES CREST HWY NB,19.78
2024-12-17 08:25:00,769998,210,W,FR,,,,,,,,34.19198,-118.181214,BERKSHIRE,21.39
2024-12-17 08:25:00,770131,210,W,FR,25.0,25.0,,,,,,34.234984,-118.290562,LA TUNA CANYON NB,14.18
2024-12-17 08:25:00,773132,210,W,FR,,,,,,,,34.152216,-118.146794,FAIR OAKS OFF,25.48
2024-12-17 08:25:00,776761,210,W,FR,54.0,0.0,54.0,,,,,34.176444,-118.162183,LINCOLN 1,22.982
2024-12-17 08:30:00,717623,210,W,FR,,,,,,,,34.164368,-118.158093,MOUNTAIN 1,23.9
2024-12-17 08:30:00,717636,210,W,FR,,,,,,,,34.152357,-118.123714,HILL,26.8
2024-12-17 08:30:00,717648,210,W,FR,31.0,8.0,7.0,16.0,,,,34.148074,-118.08377,SIERRA MADRE V1,29.17
2024-12-17 08:30:00,717652,210,W,FR,,,,,,,,34.148737,-118.071321,ROSEMEAD 1,29.879
2024-12-17 08:30:00,764346,210,W,FR,23.0,7.0,16.0,,,,,34.152648,-118.109062,ALLEN,27.64
2024-12-17 08:30:00,764349,210,W,FR,,,,,,,,34.152092,-118.143249,MARENGO,25.68
2024-12-17 08:30:00,768920,210,W,FR,,,,,,,,34.151995,-118.129451,LAKE 2 - OFF,26.47
2024-12-17 08:30:00,768927,210,W,FR,48.0,48.0,,,,,,34.152365,-118.092642,SAN GABRIEL OFF,28.58
2024-12-17 08:30:00,769300,210,W,FR,,,,,,,,34.152008,-118.153813,WB 210 TO ORANGE GRV,24.98
2024-12-17 08:30:00,769808,210,W,FR,,,,,,,,34.197068,-118.184827,FOOTHILL,20.98
2024-12-17 08:30:00,769869,210,W,FR,91.0,91.0,,,,,,34.218652,-118.239558,LA CRESCENTA,17.38
2024-12-17 08:30:00,769913,210,W,FR,26.0,26.0,,,,,,34.224897,-118.251344,PENNSYLVANIA,16.58
2024-12-17 08:30:00,769928,210,W,FR,35.0,35.0,,,,,,34.214462,-118.232443,OCEAN VIEW,17.88
2024-12-17 08:30:00,769955,210,W,FR,,,,,,,,34.206998,-118.201441,ANGELES CREST HWY NB,19.78
2024-12-17 08:30:00,769998,210,W,FR,,,,,,,,34.19198,-118.181214,BERKSHIRE,21.39
2024-12-17 08:30:00,770131,210,W,FR,20.0,20.0,,,,,,34.234984,-118.290562,LA TUNA CANYON NB,14.18
2024-12-17 08:30:00,773132,210,W,FR,,,,,,,,34.152216,-118.146794,FAIR OAKS OFF,25.48
2024-12-17 08:30:00,776761,210,W,FR,58.0,4.0,54.0,,,,,34.176444,-118.162183,LINCOLN 1,22.982
2024-12-17 08:35:00,717623,210,W,FR,,,,,,,,34.164368,-118.158093,MOUNTAIN 1,23.9
2024-12-17 08:35:00,717636,210,W,FR,,,,,,,,34.152357,-118.123714,HILL,26.8
2024-12-17 08:35:00,717648,210,W,FR,26.0,10.0,5.0,11.0,,,,34.148074,-118.08377,SIERRA MADRE V1,29.17
2024-12-17 08:35:00,717652,210,W,FR,,,,,,,,34.148737,-118.071321,ROSEMEAD 1,29.879
2024-12-17 08:35:00,764346,210,W,FR,19.0,7.0,12.0,,,,,34.152648,-118.109062,ALLEN,27.64
2024-12-17 08:35:00,764349,210,W,FR,,,,,,,,34.152092,-118.143249,MARENGO,25.68
2024-12-17 08:35:00,768920,210,W,FR,,,,,,,,34.151995,-118.129451,LAKE 2 - OFF,26.47
2024-12-17 08:35:00,768927,210,W,FR,37.0,37.0,,,,,,34.152365,-118.092642,SAN GABRIEL OFF,28.58
2024-12-17 08:35:00,769300,210,W,FR,,,,,,,,34.152008,-118.153813,WB 210 TO ORANGE GRV,24.98
2024-12-17 08:35:00,769808,210,W,FR,,,,,,,,34.197068,-118.184827,FOOTHILL,20.98
2024-12-17 08:35:00,769869,210,W,FR,82.0,82.0,,,,,,34.218652,-118.239558,LA CRESCENTA,17.38
2024-12-17 08:35:00,769913,210,W,FR,28.0,28.0,,,,,,34.224897,-118.251344,PENNSYLVANIA,16.58
2024-12-17 08:35:00,769928,210,W,FR,29.0,29.0,,,,,,34.214462,-118.232443,OCEAN VIEW,17.88
2024-12-17 08:35:00,769955,210,W,FR,,,,,,,,34.206998,-118.201441,ANGELES CREST HWY NB,19.78
2024-12-17 08:35:00,769998,210,W,FR,,,,,,,,34.19198,-118.181214,BERKSHIRE,21.39
2024-12-17 08:35:00,770131,210,W,FR,41.0,41.0,,,,,,34.234984,-118.290562,LA TUNA CANYON NB,14.18
2024-12-17 08:35:00,773132,210,W,FR,,,,,,,,34.152216,-118.146794,FAIR OAKS OFF,25.48
2024-12-17 08:35:00,776761,210,W,FR,44.0,0.0,44.0,,,,,34.176444,-118.162183,LINCOLN 1,22.982
2024-12-17 08:40:00,717623,210,W,FR,,,,,,,,34.164368,-118.158093,MOUNTAIN 1,23.9
2024-12-17 08:40:00,717636,210,W,FR,,,,,,,,34.152357,-118.123714,HILL,26.8
2024-12-17 08:40:00,717648,210,W,FR,21.0,9.0,7.0,5.0,,,,34.148074,-118.08377,SIERRA MADRE V1,29.17
2024-12-17 08:40:00,717652,210,W,FR,,,,,,,,34.148737,-118.071321,ROSEMEAD 1,29.879
2024-12-17 08:40:00,764346,210,W,FR,27.0,7.0,20.0,,,,,34.152648,-118.109062,ALLEN,27.64
2024-12-17 08:40:00,764349,210,W,FR,,,,,,,,34.152092,-118.143249,MARENGO,25.68
2024-12-17 08:40:00,768920,210,W,FR,,,,,,,,34.151995,-118.129451,LAKE 2 - OFF,26.47
2024-12-17 08:40:00,768927,210,W,FR,43.0,43.0,,,,,,34.152365,-118.092642,SAN GABRIEL OFF,28.58
2024-12-17 08:40:00,769300,210,W,FR,,,,,,,,34.152008,-118.153813,WB 210 TO ORANGE GRV,24.98
2024-12-17 08:40:00,769808,210,W,FR,,,,,,,,34.197068,-118.184827,FOOTHILL,20.98
2024-12-17 08:40:00,769869,210,W,FR,75.0,75.0,,,,,,34.218652,-118.239558,LA CRESCENTA,17.38
2024-12-17 08:40:00,769913,210,W,FR,32.0,32.0,,,,,,34.224897,-118.251344,PENNSYLVANIA,16.58
2024-12-17 08:40:00,769928,210,W,FR,30.0,30.0,,,,,,34.214462,-118.232443,OCEAN VIEW,17.88
2024-12-17 08:40:00,769955,210,W,FR,,,,,,,,34.206998,-118.201441,ANGELES CREST HWY NB,19.78
2024-12-17 08:40:00,769998,210,W,FR,,,,,,,,34.19198,-118.181214,BERKSHIRE,21.39
2024-12-17 08:40:00,770131,210,W,FR,33.0,33.0,,,,,,34.234984,-118.290562,LA TUNA CANYON NB,14.18
2024-12-17 08:40:00,773132,210,W,FR,,,,,,,,34.152216,-118.146794,FAIR OAKS OFF,25.48
2024-12-17 08:40:00,776761,210,W,FR,70.0,5.0,65.0,,,,,34.176444,-118.162183,LINCOLN 1,22.982
2024-12-17 08:45:00,717623,210,W,FR,,,,,,,,34.164368,-118.158093,MOUNTAIN 1,23.9
2024-12-17 08:45:00,717636,210,W,FR,,,,,,,,34.152357,-118.123714,HILL,26.8
2024-12-17 08:45:00,717648,210,W,FR,19.0,7.0,5.0,7.0,,,,34.148074,-118.08377,SIERRA MADRE V1,29.17
2024-12-17 08:45:00,717652,210,W,FR,,,,,,,,34.148737,-118.071321,ROSEMEAD 1,29.879
2024-12-17 08:45:00,764346,210,W,FR,30.0,7.0,23.0,,,,,34.152648,-118.109062,ALLEN,27.64
2024-12-17 08:45:00,764349,210,W,FR,,,,,,,,34.152092,-118.143249,MARENGO,25.68
2024-12-17 08:45:00,768920,210,W,FR,,,,,,,,34.151995,-118.129451,LAKE 2 - OFF,26.47
2024-12-17 08:45:00,768927,210,W,FR,42.0,42.0,,,,,,34.152365,-118.092642,SAN GABRIEL OFF,28.58
2024-12-17 08:45:00,769300,210,W,FR,,,,,,,,34.152008,-118.153813,WB 210 TO ORANGE GRV,24.98
2024-12-17 08:45:00,769808,210,W,FR,,,,,,,,34.197068,-118.184827,FOOTHILL,20.98
2024-12-17 08:45:00,769869,210,W,FR,63.0,63.0,,,,,,34.218652,-118.239558,LA CRESCENTA,17.38
2024-12-17 08:45:00,769913,210,W,FR,31.0,31.0,,,,,,34.224897,-118.251344,PENNSYLVANIA,16.58
2024-12-17 08:45:00,769928,210,W,FR,34.0,34.0,,,,,,34.214462,-118.232443,OCEAN VIEW,17.88
2024-12-17 08:45:00,769955,210,W,FR,,,,,,,,34.206998,-118.201441,ANGELES CREST HWY NB,19.78
2024-12-17 08:45:00,769998,210,W,FR,,,,,,,,34.19198,-118.181214,BERKSHIRE,21.39
2024-12-17 08:45:00,770131,210,W,FR,31.0,31.0,,,,,,34.234984,-118.290562,LA TUNA CANYON NB,14.18
2024-12-17 08:45:00,773132,210,W,FR,,,,,,,,34.152216,-118.146794,FAIR OAKS OFF,25.48
2024-12-17 08:45:00,776761,210,W,FR,37.0,1.0,36.0,,,,,34.176444,-118.162183,LINCOLN 1,22.982
2024-12-17 08:50:00,717623,210,W,FR,,,,,,,,34.164368,-118.158093,MOUNTAIN 1,23.9
2024-12-17 08:50:00,717636,210,W,FR,,,,,,,,34.152357,-118.123714,HILL,26.8
2024-12-17 08:50:00,717648,210,W,FR,35.0,15.0,3.0,17.0,,,,34.148074,-118.08377,SIERRA MADRE V1,29.17
2024-12-17 08:50:00,717652,210,W,FR,,,,,,,,34.148737,-118.071321,ROSEMEAD 1,29.879
2024-12-17 08:50:00,764346,210,W,FR,34.0,11.0,23.0,,,,,34.152648,-118.109062,ALLEN,27.64
2024-12-17 08:50:00,764349,210,W,FR,,,,,,,,34.152092,-118.143249,MARENGO,25.68
2024-12-17 08:50:00,768920,210,W,FR,,,,,,,,34.151995,-118.129451,LAKE 2 - OFF,26.47
2024-12-17 08:50:00,768927,210,W,FR,42.0,42.0,,,,,,34.152365,-118.092642,SAN GABRIEL OFF,28.58
2024-12-17 08:50:00,769300,210,W,FR,,,,,,,,34.152008,-118.153813,WB 210 TO ORANGE GRV,24.98
2024-12-17 08:50:00,769808,210,W,FR,,,,,,,,34.197068,-118.184827,FOOTHILL,20.98
2024-12-17 08:50:00,769869,210,W,FR,72.0,72.0,,,,,,34.218652,-118.239558,LA CRESCENTA,17.38
2024-12-17 08:50:00,769913,210,W,FR,37.0,37.0,,,,,,34.224897,-118.251344,PENNSYLVANIA,16.58
2024-12-17 08:50:00,769928,210,W,FR,18.0,18.0,,,,,,34.214462,-118.232443,OCEAN VIEW,17.88
2024-12-17 08:50:00,769955,210,W,FR,,,,,,,,34.206998,-118.201441,ANGELES CREST HWY NB,19.78
2024-12-17 08:50:00,769998,210,W,FR,,,,,,,,34.19198,-118.181214,BERKSHIRE,21.39
2024-12-17 08:50:00,770131,210,W,FR,21.0,21.0,,,,,,34.234984,-118.290562,LA TUNA CANYON NB,14.18
2024-12-17 08:50:00,773132,210,W,FR,,,,,,,,34.152216,-118.146794,FAIR OAKS OFF,25.48
2024-12-17 08:50:00,776761,210,W,FR,66.0,3.0,63.0,,,,,34.176444,-118.162183,LINCOLN 1,22.982
2024-12-17 08:55:00,717623,210,W,FR,,,,,,,,34.164368,-118.158093,MOUNTAIN 1,23.9
2024-12-17 08:55:00,717636,210,W,FR,,,,,,,,34.152357,-118.123714,HILL,26.8
2024-12-17 08:55:00,717648,210,W,FR,55.0,18.0,24.0,13.0,,,,34.148074,-118.08377,SIERRA MADRE V1,29.17
2024-12-17 08:55:00,717652,210,W,FR,,,,,,,,34.148737,-118.071321,ROSEMEAD 1,29.879
2024-12-17 08:55:00,764346,210,W,FR,33.0,4.0,29.0,,,,,34.152648,-118.109062,ALLEN,27.64
2024-12-17 08:55:00,764349,210,W,FR,,,,,,,,34.152092,-118.143249,MARENGO,25.68
2024-12-17 08:55:00,768920,210,W,FR,,,,,,,,34.151995,-118.129451,LAKE 2 - OFF,26.47
2024-12-17 08:55:00,768927,210,W,FR,53.0,53.0,,,,,,34.152365,-118.092642,SAN GABRIEL OFF,28.58
2024-12-17 08:55:00,769300,210,W,FR,,,,,,,,34.152008,-118.153813,WB 210 TO ORANGE GRV,24.98
2024-12-17 08:55:00,769808,210,W,FR,,,,,,,,34.197068,-118.184827,FOOTHILL,20.98
2024-12-17 08:55:00,769869,210,W,FR,55.0,55.0,,,,,,34.218652,-118.239558,LA CRESCENTA,17.38
2024-12-17 08:55:00,769913,210,W,FR,37.0,37.0,,,,,,34.224897,-118.251344,PENNSYLVANIA,16.58
2024-12-17 08:55:00,769928,210,W,FR,23.0,23.0,,,,,,34.214462,-118.232443,OCEAN VIEW,17.88
2024-12-17 08:55:00,769955,210,W,FR,,,,,,,,34.206998,-118.201441,ANGELES CREST HWY NB,19.78
2024-12-17 08:55:00,769998,210,W,FR,,,,,,,,34.19198,-118.181214,BERKSHIRE,21.39
2024-12-17 08:55:00,770131,210,W,FR,39.0,39.0,,,,,,34.234984,-118.290562,LA TUNA CANYON NB,14.18
2024-12-17 08:55:00,773132,210,W,FR,,,,,,,,34.152216,-118.146794,FAIR OAKS OFF,25.48
2024-12-17 08:55:00,776761,210,W,FR,53.0,19.0,34.0,,,,,34.176444,-118.162183,LINCOLN 1,22.982
2024-12-17 09:00:00,717623,210,W,FR,,,,,,,,34.164368,-118.158093,MOUNTAIN 1,23.9
2024-12-17 09:00:00,717636,210,W,FR,,,,,,,,34.152357,-118.123714,HILL,26.8
2024-12-17 09:00:00,717648,210,W,FR,28.0,7.0,10.0,11.0,,,,34.148074,-118.08377,SIERRA MADRE V1,29.17
2024-12-17 09:00:00,717652,210,W,FR,,,,,,,,34.148737,-118.071321,ROSEMEAD 1,29.879
2024-12-17 09:00:00,764346,210,W,FR,27.0,9.0,18.0,,,,,34.152648,-118.109062,ALLEN,27.64
2024-12-17 09:00:00,764349,210,W,FR,,,,,,,,34.152092,-118.143249,MARENGO,25.68
2024-12-17 09:00:00,768920,210,W,FR,,,,,,,,34.151995,-118.129451,LAKE 2 - OFF,26.47
2024-12-17 09:00:00,768927,210,W,FR,38.0,38.0,,,,,,34.152365,-118.092642,SAN GABRIEL OFF,28.58
2024-12-17 09:00:00,769300,210,W,FR,,,,,,,,34.152008,-118.153813,WB 210 TO ORANGE GRV,24.98
2024-12-17 09:00:00,769808,210,W,FR,,,,,,,,34.197068,-118.184827,FOOTHILL,20.98
2024-12-17 09:00:00,769869,210,W,FR,44.0,44.0,,,,,,34.218652,-118.239558,LA CRESCENTA,17.38
2024-12-17 09:00:00,769913,210,W,FR,50.0,50.0,,,,,,34.224897,-118.251344,PENNSYLVANIA,16.58
2024-12-17 09:00:00,769928,210,W,FR,32.0,32.0,,,,,,34.214462,-118.232443,OCEAN VIEW,17.88
2024-12-17 09:00:00,769955,210,W,FR,,,,,,,,34.206998,-118.201441,ANGELES CREST HWY NB,19.78
2024-12-17 09:00:00,769998,210,W,FR,,,,,,,,34.19198,-118.181214,BERKSHIRE,21.39
2024-12-17 09:00:00,770131,210,W,FR,26.0,26.0,,,,,,34.234984,-118.290562,LA TUNA CANYON NB,14.18
2024-12-17 09:00:00,773132,210,W,FR,,,,,,,,34.152216,-118.146794,FAIR OAKS OFF,25.48
2024-12-17 09:00:00,776761,210,W,FR,68.0,3.0,65.0,,,,,34.176444,-118.162183,LINCOLN 1,22.982
2024-12-17 09:05:00,717623,210,W,FR,,,,,,,,34.164368,-118.158093,MOUNTAIN 1,23.9
2024-12-17 09:05:00,717636,210,W,FR,,,,,,,,34.152357,-118.123714,HILL,26.8
2024-12-17 09:05:00,717648,210,W,FR,34.0,6.0,16.0,12.0,,,,34.148074,-118.08377,SIERRA MADRE V1,29.17
2024-12-17 09:05:00,717652,210,W,FR,,,,,,,,34.148737,-118.071321,ROSEMEAD 1,29.879
2024-12-17 09:05:00,764346,210,W,FR,37.0,8.0,29.0,,,,,34.152648,-118.109062,ALLEN,27.64
2024-12-17 09:05:00,764349,210,W,FR,,,,,,,,34.152092,-118.143249,MARENGO,25.68
2024-12-17 09:05:00,768920,210,W,FR,,,,,,,,34.151995,-118.129451,LAKE 2 - OFF,26.47
2024-12-17 09:05:00,768927,210,W,FR,37.0,37.0,,,,,,34.152365,-118.092642,SAN GABRIEL OFF,28.58
2024-12-17 09:05:00,769300,210,W,FR,,,,,,,,34.152008,-118.153813,WB 210 TO ORANGE GRV,24.98
2024-12-17 09:05:00,769808,210,W,FR,,,,,,,,34.197068,-118.184827,FOOTHILL,20.98
2024-12-17 09:05:00,769869,210,W,FR,49.0,49.0,,,,,,34.218652,-118.239558,LA CRESCENTA,17.38
2024-12-17 09:05:00,769913,210,W,FR,23.0,23.0,,,,,,34.224897,-118.251344,PENNSYLVANIA,16.58
2024-12-17 09:05:00,769928,210,W,FR,17.0,17.0,,,,,,34.214462,-118.232443,OCEAN VIEW,17.88
2024-12-17 09:05:00,769955,210,W,FR,,,,,,,,34.206998,-118.201441,ANGELES CREST HWY NB,19.78
2024-12-17 09:05:00,769998,210,W,FR,,,,,,,,34.19198,-118.181214,BERKSHIRE,21.39
2024-12-17 09:05:00,770131,210,W,FR,33.0,33.0,,,,,,34.234984,-118.290562,LA TUNA CANYON NB,14.18
2024-12-17 09:05:00,773132,210,W,FR,,,,,,,,34.152216,-118.146794,FAIR OAKS OFF,25.48
2024-12-17 09:05:00,776761,210,W,FR,51.0,6.0,45.0,,,,,34.176444,-118.162183,LINCOLN 1,22.982
2024-12-17 09:10:00,717623,210,W,FR,,,,,,,,34.164368,-118.158093,MOUNTAIN 1,23.9
2024-12-17 09:10:00,717636,210,W,FR,,,,,,,,34.152357,-118.123714,HILL,26.8
2024-12-17 09:10:00,717648,210,W,FR,35.0,11.0,9.0,15.0,,,,34.148074,-118.08377,SIERRA MADRE V1,29.17
2024-12-17 09:10:00,717652,210,W,FR,,,,,,,,34.148737,-118.071321,ROSEMEAD 1,29.879
2024-12-17 09:10:00,764346,210,W,FR,26.0,9.0,17.0,,,,,34.152648,-118.109062,ALLEN,27.64
2024-12-17 09:10:00,764349,210,W,FR,,,,,,,,34.152092,-118.143249,MARENGO,25.68
2024-12-17 09:10:00,768920,210,W,FR,,,,,,,,34.151995,-118.129451,LAKE 2 - OFF,26.47
2024-12-17 09:10:00,768927,210,W,FR,32.0,32.0,,,,,,34.152365,-118.092642,SAN GABRIEL OFF,28.58
2024-12-17 09:10:00,769300,210,W,FR,,,,,,,,34.152008,-118.153813,WB 210 TO ORANGE GRV,24.98
2024-12-17 09:10:00,769808,210,W,FR,,,,,,,,34.197068,-118.184827,FOOTHILL,20.98
2024-12-17 09:10:00,769869,210,W,FR,60.0,60.0,,,,,,34.218652,-118.239558,LA CRESCENTA,17.38
2024-12-17 09:10:00,769913,210,W,FR,22.0,22.0,,,,,,34.224897,-118.251344,PENNSYLVANIA,16.58
2024-12-17 09:10:00,769928,210,W,FR,27.0,27.0,,,,,,34.214462,-118.232443,OCEAN VIEW,17.88
2024-12-17 09:10:00,769955,210,W,FR,,,,,,,,34.206998,-118.201441,ANGELES CREST HWY NB,19.78
2024-12-17 09:10:00,769998,210,W,FR,,,,,,,,34.19198,-118.181214,BERKSHIRE,21.39
2024-12-17 09:10:00,770131,210,W,FR,31.0,31.0,,,,,,34.234984,-118.290562,LA TUNA CANYON NB,14.18
2024-12-17 09:10:00,773132,210,W,FR,,,,,,,,34.152216,-118.146794,FAIR OAKS OFF,25.48
2024-12-17 09:10:00,776761,210,W,FR,14.0,1.0,13.0,,,,,34.176444,-118.162183,LINCOLN 1,22.982
2024-12-17 09:15:00,717623,210,W,FR,,,,,,,,34.164368,-118.158093,MOUNTAIN 1,23.9
2024-12-17 09:15:00,717636,210,W,FR,,,,,,,,34.152357,-118.123714,HILL,26.8
2024-12-17 09:15:00,717648,210,W,FR,33.0,7.0,11.0,15.0,,,,34.148074,-118.08377,SIERRA MADRE V1,29.17
2024-12-17 09:15:00,717652,210,W,FR,,,,,,,,34.148737,-118.071321,ROSEMEAD 1,29.879
2024-12-17 09:15:00,764346,210,W,FR,33.0,6.0,27.0,,,,,34.152648,-118.109062,ALLEN,27.64
2024-12-17 09:15:00,764349,210,W,FR,,,,,,,,34.152092,-118.143249,MARENGO,25.68
2024-12-17 09:15:00,768920,210,W,FR,,,,,,,,34.151995,-118.129451,LAKE 2 - OFF,26.47
2024-12-17 09:15:00,768927,210,W,FR,38.0,38.0,,,,,,34.152365,-118.092642,SAN GABRIEL OFF,28.58
2024-12-17 09:15:00,769300,210,W,FR,,,,,,,,34.152008,-118.153813,WB 210 TO ORANGE GRV,24.98
2024-12-17 09:15:00,769808,210,W,FR,,,,,,,,34.197068,-118.184827,FOOTHILL,20.98
2024-12-17 09:15:00,769869,210,W,FR,57.0,57.0,,,,,,34.218652,-118.239558,LA CRESCENTA,17.38
2024-12-17 09:15:00,769913,210,W,FR,27.0,27.0,,,,,,34.224897,-118.251344,PENNSYLVANIA,16.58
2024-12-17 09:15:00,769928,210,W,FR,23.0,23.0,,,,,,34.214462,-118.232443,OCEAN VIEW,17.88
2024-12-17 09:15:00,769955,210,W,FR,,,,,,,,34.206998,-118.201441,ANGELES CREST HWY NB,19.78
2024-12-17 09:15:00,769998,210,W,FR,,,,,,,,34.19198,-118.181214,BERKSHIRE,21.39
2024-12-17 09:15:00,770131,210,W,FR,22.0,22.0,,,,,,34.234984,-118.290562,LA TUNA CANYON NB,14.18
2024-12-17 09:15:00,773132,210,W,FR,,,,,,,,34.152216,-118.146794,FAIR OAKS OFF,25.48
2024-12-17 09:15:00,776761,210,W,FR,44.0,2.0,42.0,,,,,34.176444,-118.162183,LINCOLN 1,22.982
2024-12-17 09:20:00,717623,210,W,FR,,,,,,,,34.164368,-118.158093,MOUNTAIN 1,23.9
2024-12-17 09:20:00,717636,210,W,FR,,,,,,,,34.152357,-118.123714,HILL,26.8
2024-12-17 09:20:00,717648,210,W,FR,41.0,9.0,8.0,24.0,,,,34.148074,-118.08377,SIERRA MADRE V1,29.17
2024-12-17 09:20:00,717652,210,W,FR,,,,,,,,34.148737,-118.071321,ROSEMEAD 1,29.879
2024-12-17 09:20:00,764346,210,W,FR,36.0,4.0,32.0,,,,,34.152648,-118.109062,ALLEN,27.64
2024-12-17 09:20:00,764349,210,W,FR,,,,,,,,34.152092,-118.143249,MARENGO,25.68
2024-12-17 09:20:00,768920,210,W,FR,,,,,,,,34.151995,-118.129451,LAKE 2 - OFF,26.47
2024-12-17 09:20:00,768927,210,W,FR,27.0,27.0,,,,,,34.152365,-118.092642,SAN GABRIEL OFF,28.58
2024-12-17 09:20:00,769300,210,W,FR,,,,,,,,34.152008,-118.153813,WB 210 TO ORANGE GRV,24.98
2024-12-17 09:20:00,769808,210,W,FR,,,,,,,,34.197068,-118.184827,FOOTHILL,20.98
2024-12-17 09:20:00,769869,210,W,FR,51.0,51.0,,,,,,34.218652,-118.239558,LA CRESCENTA,17.38
2024-12-17 09:20:00,769913,210,W,FR,24.0,24.0,,,,,,34.224897,-118.251344,PENNSYLVANIA,16.58
2024-12-17 09:20:00,769928,210,W,FR,23.0,23.0,,,,,,34.214462,-118.232443,OCEAN VIEW,17.88
2024-12-17 09:20:00,769955,210,W,FR,,,,,,,,34.206998,-118.201441,ANGELES CREST HWY NB,19.78
2024-12-17 09:20:00,769998,210,W,FR,,,,,,,,34.19198,-118.181214,BERKSHIRE,21.39
2024-12-17 09:20:00,770131,210,W,FR,25.0,25.0,,,,,,34.234984,-118.290562,LA TUNA CANYON NB,14.18
2024-12-17 09:20:00,773132,210,W,FR,,,,,,,,34.152216,-118.146794,FAIR OAKS OFF,25.48
2024-12-17 09:20:00,776761,210,W,FR,37.0,2.0,35.0,,,,,34.176444,-118.162183,LINCOLN 1,22.982
2024-12-17 09:25:00,717623,210,W,FR,,,,,,,,34.164368,-118.158093,MOUNTAIN 1,23.9
2024-12-17 09:25:00,717636,210,W,FR,,,,,,,,34.152357,-118.123714,HILL,26.8
2024-12-17 09:25:00,717648,210,W,FR,33.0,9.0,13.0,11.0,,,,34.148074,-118.08377,SIERRA MADRE V1,29.17
2024-12-17 09:25:00,717652,210,W,FR,,,,,,,,34.148737,-118.071321,ROSEMEAD 1,29.879
2024-12-17 09:25:00,764346,210,W,FR,32.0,8.0,24.0,,,,,34.152648,-118.109062,ALLEN,27.64
2024-12-17 09:25:00,764349,210,W,FR,,,,,,,,34.152092,-118.143249,MARENGO,25.68
2024-12-17 09:25:00,768920,210,W,FR,,,,,,,,34.151995,-118.129451,LAKE 2 - OFF,26.47
2024-12-17 09:25:00,768927,210,W,FR,26.0,26.0,,,,,,34.152365,-118.092642,SAN GABRIEL OFF,28.58
2024-12-17 09:25:00,769300,210,W,FR,,,,,,,,34.152008,-118.153813,WB 210 TO ORANGE GRV,24.98
2024-12-17 09:25:00,769808,210,W,FR,,,,,,,,34.197068,-118.184827,FOOTHILL,20.98
2024-12-17 09:25:00,769869,210,W,FR,59.0,59.0,,,,,,34.218652,-118.239558,LA CRESCENTA,17.38
2024-12-17 09:25:00,769913,210,W,FR,31.0,31.0,,,,,,34.224897,-118.251344,PENNSYLVANIA,16.58
2024-12-17 09:25:00,769928,210,W,FR,26.0,26.0,,,,,,34.214462,-118.232443,OCEAN VIEW,17.88
2024-12-17 09:25:00,769955,210,W,FR,,,,,,,,34.206998,-118.201441,ANGELES CREST HWY NB,19.78
2024-12-17 09:25:00,769998,210,W,FR,,,,,,,,34.19198,-118.181214,BERKSHIRE,21.39
2024-12-17 09:25:00,770131,210,W,FR,17.0,17.0,,,,,,34.234984,-118.290562,LA TUNA CANYON NB,14.18
2024-12-17 09:25:00,773132,210,W,FR,,,,,,,,34.152216,-118.146794,FAIR OAKS OFF,25.48
2024-12-17 09:25:00,776761,210,W,FR,34.0,1.0,33.0,,,,,34.176444,-118.162183,LINCOLN 1,22.982
2024-12-17 09:30:00,717623,210,W,FR,,,,,,,,34.164368,-118.158093,MOUNTAIN 1,23.9
2024-12-17 09:30:00,717636,210,W,FR,,,,,,,,34.152357,-118.123714,HILL,26.8
2024-12-17 09:30:00,717648,210,W,FR,29.0,7.0,9.0,13.0,,,,34.148074,-118.08377,SIERRA MADRE V1,29.17
2024-12-17 09:30:00,717652,210,W,FR,,,,,,,,34.148737,-118.071321,ROSEMEAD 1,29.879
2024-12-17 09:30:00,764346,210,W,FR,34.0,12.0,22.0,,,,,34.152648,-118.109062,ALLEN,27.64
2024-12-17 09:30:00,764349,210,W,FR,,,,,,,,34.152092,-118.143249,MARENGO,25.68
2024-12-17 09:30:00,768920,210,W,FR,,,,,,,,34.151995,-118.129451,LAKE 2 - OFF,26.47
2024-12-17 09:30:00,768927,210,W,FR,21.0,21.0,,,,,,34.152365,-118.092642,SAN GABRIEL OFF,28.58
2024-12-17 09:30:00,769300,210,W,FR,,,,,,,,34.152008,-118.153813,WB 210 TO ORANGE GRV,24.98
2024-12-17 09:30:00,769808,210,W,FR,,,,,,,,34.197068,-118.184827,FOOTHILL,20.98
2024-12-17 09:30:00,769869,210,W,FR,30.0,30.0,,,,,,34.218652,-118.239558,LA CRESCENTA,17.38
2024-12-17 09:30:00,769913,210,W,FR,25.0,25.0,,,,,,34.224897,-118.251344,PENNSYLVANIA,16.58
2024-12-17 09:30:00,769928,210,W,FR,24.0,24.0,,,,,,34.214462,-118.232443,OCEAN VIEW,17.88
2024-12-17 09:30:00,769955,210,W,FR,,,,,,,,34.206998,-118.201441,ANGELES CREST HWY NB,19.78
2024-12-17 09:30:00,769998,210,W,FR,,,,,,,,34.19198,-118.181214,BERKSHIRE,21.39
2024-12-17 09:30:00,770131,210,W,FR,16.0,16.0,,,,,,34.234984,-118.290562,LA TUNA CANYON NB,14.18
2024-12-17 09:30:00,773132,210,W,FR,,,,,,,,34.152216,-118.146794,FAIR OAKS OFF,25.48
2024-12-17 09:30:00,776761,210,W,FR,46.0,2.0,44.0,,,,,34.176444,-118.162183,LINCOLN 1,22.982
2024-12-17 09:35:00,717623,210,W,FR,,,,,,,,34.164368,-118.158093,MOUNTAIN 1,23.9
2024-12-17 09:35:00,717636,210,W,FR,,,,,,,,34.152357,-118.123714,HILL,26.8
2024-12-17 09:35:00,717648,210,W,FR,44.0,12.0,18.0,14.0,,,,34.148074,-118.08377,SIERRA MADRE V1,29.17
2024-12-17 09:35:00,717652,210,W,FR,,,,,,,,34.148737,-118.071321,ROSEMEAD 1,29.879
2024-12-17 09:35:00,764346,210,W,FR,33.0,11.0,22.0,,,,,34.152648,-118.109062,ALLEN,27.64
2024-12-17 09:35:00,764349,210,W,FR,,,,,,,,34.152092,-118.143249,MARENGO,25.68
2024-12-17 09:35:00,768920,210,W,FR,,,,,,,,34.151995,-118.129451,LAKE 2 - OFF,26.47
2024-12-17 09:35:00,768927,210,W,FR,28.0,28.0,,,,,,34.152365,-118.092642,SAN GABRIEL OFF,28.58
2024-12-17 09:35:00,769300,210,W,FR,,,,,,,,34.152008,-118.153813,WB 210 TO ORANGE GRV,24.98
2024-12-17 09:35:00,769808,210,W,FR,,,,,,,,34.197068,-118.184827,FOOTHILL,20.98
2024-12-17 09:35:00,769869,210,W,FR,58.0,58.0,,,,,,34.218652,-118.239558,LA CRESCENTA,17.38
2024-12-17 09:35:00,769913,210,W,FR,29.0,29.0,,,,,,34.224897,-118.251344,PENNSYLVANIA,16.58
2024-12-17 09:35:00,769928,210,W,FR,26.0,26.0,,,,,,34.214462,-118.232443,OCEAN VIEW,17.88
2024-12-17 09:35:00,769955,210,W,FR,,,,,,,,34.206998,-118.201441,ANGELES CREST HWY NB,19.78
2024-12-17 09:35:00,769998,210,W,FR,,,,,,,,34.19198,-118.181214,BERKSHIRE,21.39
2024-12-17 09:35:00,770131,210,W,FR,19.0,19.0,,,,,,34.234984,-118.290562,LA TUNA CANYON NB,14.18
2024-12-17 09:35:00,773132,210,W,FR,,,,,,,,34.152216,-118.146794,FAIR OAKS OFF,25.48
2024-12-17 09:35:00,776761,210,W,FR,36.0,4.0,32.0,,,,,34.176444,-118.162183,LINCOLN 1,22.982
2024-12-17 09:40:00,717623,210,W,FR,,,,,,,,34.164368,-118.158093,MOUNTAIN 1,23.9
2024-12-17 09:40:00,717636,210,W,FR,,,,,,,,34.152357,-118.123714,HILL,26.8
2024-12-17 09:40:00,717648,210,W,FR,24.0,8.0,6.0,10.0,,,,34.148074,-118.08377,SIERRA MADRE V1,29.17
2024-12-17 09:40:00,717652,210,W,FR,,,,,,,,34.148737,-118.071321,ROSEMEAD 1,29.879
2024-12-17 09:40:00,764346,210,W,FR,32.0,8.0,24.0,,,,,34.152648,-118.109062,ALLEN,27.64
2024-12-17 09:40:00,764349,210,W,FR,,,,,,,,34.152092,-118.143249,MARENGO,25.68
2024-12-17 09:40:00,768920,210,W,FR,,,,,,,,34.151995,-118.129451,LAKE 2 - OFF,26.47
2024-12-17 09:40:00,768927,210,W,FR,17.0,17.0,,,,,,34.152365,-118.092642,SAN GABRIEL OFF,28.58
2024-12-17 09:40:00,769300,210,W,FR,,,,,,,,34.152008,-118.153813,WB 210 TO ORANGE GRV,24.98
2024-12-17 09:40:00,769808,210,W,FR,,,,,,,,34.197068,-118.184827,FOOTHILL,20.98
2024-12-17 09:40:00,769869,210,W,FR,48.0,48.0,,,,,,34.218652,-118.239558,LA CRESCENTA,17.38
2024-12-17 09:40:00,769913,210,W,FR,25.0,25.0,,,,,,34.224897,-118.251344,PENNSYLVANIA,16.58
2024-12-17 09:40:00,769928,210,W,FR,29.0,29.0,,,,,,34.214462,-118.232443,OCEAN VIEW,17.88
2024-12-17 09:40:00,769955,210,W,FR,,,,,,,,34.206998,-118.201441,ANGELES CREST HWY NB,19.78
2024-12-17 09:40:00,769998,210,W,FR,,,,,,,,34.19198,-118.181214,BERKSHIRE,21.39
2024-12-17 09:40:00,770131,210,W,FR,12.0,12.0,,,,,,34.234984,-118.290562,LA TUNA CANYON NB,14.18
2024-12-17 09:40:00,773132,210,W,FR,,,,,,,,34.152216,-118.146794,FAIR OAKS OFF,25.48
2024-12-17 09:40:00,776761,210,W,FR,39.0,5.0,34.0,,,,,34.176444,-118.162183,LINCOLN 1,22.982
2024-12-17 09:45:00,717623,210,W,FR,,,,,,,,34.164368,-118.158093,MOUNTAIN 1,23.9
2024-12-17 09:45:00,717636,210,W,FR,,,,,,,,34.152357,-118.123714,HILL,26.8
2024-12-17 09:45:00,717648,210,W,FR,38.0,10.0,5.0,23.0,,,,34.148074,-118.08377,SIERRA MADRE V1,29.17
2024-12-17 09:45:00,717652,210,W,FR,,,,,,,,34.148737,-118.071321,ROSEMEAD 1,29.879
2024-12-17 09:45:00,764346,210,W,FR,33.0,9.0,24.0,,,,,34.152648,-118.109062,ALLEN,27.64
2024-12-17 09:45:00,764349,210,W,FR,,,,,,,,34.152092,-118.143249,MARENGO,25.68
2024-12-17 09:45:00,768920,210,W,FR,,,,,,,,34.151995,-118.129451,LAKE 2 - OFF,26.47
2024-12-17 09:45:00,768927,210,W,FR,29.0,29.0,,,,,,34.152365,-118.092642,SAN GABRIEL OFF,28.58
2024-12-17 09:45:00,769300,210,W,FR,,,,,,,,34.152008,-118.153813,WB 210 TO ORANGE GRV,24.98
2024-12-17 09:45:00,769808,210,W,FR,,,,,,,,34.197068,-118.184827,FOOTHILL,20.98
2024-12-17 09:45:00,769869,210,W,FR,50.0,50.0,,,,,,34.218652,-118.239558,LA CRESCENTA,17.38
2024-12-17 09:45:00,769913,210,W,FR,35.0,35.0,,,,,,34.224897,-118.251344,PENNSYLVANIA,16.58
2024-12-17 09:45:00,769928,210,W,FR,28.0,28.0,,,,,,34.214462,-118.232443,OCEAN VIEW,17.88
2024-12-17 09:45:00,769955,210,W,FR,,,,,,,,34.206998,-118.201441,ANGELES CREST HWY NB,19.78
2024-12-17 09:45:00,769998,210,W,FR,,,,,,,,34.19198,-118.181214,BERKSHIRE,21.39
2024-12-17 09:45:00,770131,210,W,FR,13.0,13.0,,,,,,34.234984,-118.290562,LA TUNA CANYON NB,14.18
2024-12-17 09:45:00,773132,210,W,FR,,,,,,,,34.152216,-118.146794,FAIR OAKS OFF,25.48
2024-12-17 09:45:00,776761,210,W,FR,71.0,6.0,65.0,,,,,34.176444,-118.162183,LINCOLN 1,22.982
2024-12-17 09:50:00,717623,210,W,FR,,,,,,,,34.164368,-118.158093,MOUNTAIN 1,23.9
2024-12-17 09:50:00,717636,210,W,FR,,,,,,,,34.152357,-118.123714,HILL,26.8
2024-12-17 09:50:00,717648,210,W,FR,22.0,5.0,8.0,9.0,,,,34.148074,-118.08377,SIERRA MADRE V1,29.17
2024-12-17 09:50:00,717652,210,W,FR,,,,,,,,34.148737,-118.071321,ROSEMEAD 1,29.879
2024-12-17 09:50:00,764346,210,W,FR,31.0,9.0,22.0,,,,,34.152648,-118.109062,ALLEN,27.64
2024-12-17 09:50:00,764349,210,W,FR,,,,,,,,34.152092,-118.143249,MARENGO,25.68
2024-12-17 09:50:00,768920,210,W,FR,,,,,,,,34.151995,-118.129451,LAKE 2 - OFF,26.47
2024-12-17 09:50:00,768927,210,W,FR,26.0,26.0,,,,,,34.152365,-118.092642,SAN GABRIEL OFF,28.58
2024-12-17 09:50:00,769300,210,W,FR,,,,,,,,34.152008,-118.153813,WB 210 TO ORANGE GRV,24.98
2024-12-17 09:50:00,769808,210,W,FR,,,,,,,,34.197068,-118.184827,FOOTHILL,20.98
2024-12-17 09:50:00,769869,210,W,FR,59.0,59.0,,,,,,34.218652,-118.239558,LA CRESCENTA,17.38
2024-12-17 09:50:00,769913,210,W,FR,25.0,25.0,,,,,,34.224897,-118.251344,PENNSYLVANIA,16.58
2024-12-17 09:50:00,769928,210,W,FR,23.0,23.0,,,,,,34.214462,-118.232443,OCEAN VIEW,17.88
2024-12-17 09:50:00,769955,210,W,FR,,,,,,,,34.206998,-118.201441,ANGELES CREST HWY NB,19.78
2024-12-17 09:50:00,769998,210,W,FR,,,,,,,,34.19198,-118.181214,BERKSHIRE,21.39
2024-12-17 09:50:00,770131,210,W,FR,13.0,13.0,,,,,,34.234984,-118.290562,LA TUNA CANYON NB,14.18
2024-12-17 09:50:00,773132,210,W,FR,,,,,,,,34.152216,-118.146794,FAIR OAKS OFF,25.48
2024-12-17 09:50:00,776761,210,W,FR,51.0,5.0,46.0,,,,,34.176444,-118.162183,LINCOLN 1,22.982
2024-12-17 09:55:00,717623,210,W,FR,,,,,,,,34.164368,-118.158093,MOUNTAIN 1,23.9
2024-12-17 09:55:00,717636,210,W,FR,,,,,,,,34.152357,-118.123714,HILL,26.8
2024-12-17 09:55:00,717648,210,W,FR,57.0,17.0,21.0,19.0,,,,34.148074,-118.08377,SIERRA MADRE V1,29.17
2024-12-17 09:55:00,717652,210,W,FR,,,,,,,,34.148737,-118.071321,ROSEMEAD 1,29.879
2024-12-17 09:55:00,764346,210,W,FR,31.0,8.0,23.0,,,,,34.152648,-118.109062,ALLEN,27.64
2024-12-17 09:55:00,764349,210,W,FR,,,,,,,,34.152092,-118.143249,MARENGO,25.68
2024-12-17 09:55:00,768920,210,W,FR,,,,,,,,34.151995,-118.129451,LAKE 2 - OFF,26.47
2024-12-17 09:55:00,768927,210,W,FR,34.0,34.0,,,,,,34.152365,-118.092642,SAN GABRIEL OFF,28.58
2024-12-17 09:55:00,769300,210,W,FR,,,,,,,,34.152008,-118.153813,WB 210 TO ORANGE GRV,24.98
2024-12-17 09:55:00,769808,210,W,FR,,,,,,,,34.197068,-118.184827,FOOTHILL,20.98
2024-12-17 09:55:00,769869,210,W,FR,55.0,55.0,,,,,,34.218652,-118.239558,LA CRESCENTA,17.38
2024-12-17 09:55:00,769913,210,W,FR,30.0,30.0,,,,,,34.224897,-118.251344,PENNSYLVANIA,16.58
2024-12-17 09:55:00,769928,210,W,FR,21.0,21.0,,,,,,34.214462,-118.232443,OCEAN VIEW,17.88
2024-12-17 09:55:00,769955,210,W,FR,,,,,,,,34.206998,-118.201441,ANGELES CREST HWY NB,19.78
2024-12-17 09:55:00,769998,210,W,FR,,,,,,,,34.19198,-118.181214,BERKSHIRE,21.39
2024-12-17 09:55:00,770131,210,W,FR,13.0,13.0,,,,,,34.234984,-118.290562,LA TUNA CANYON NB,14.18
2024-12-17 09:55:00,773132,210,W,FR,,,,,,,,34.152216,-118.146794,FAIR OAKS OFF,25.48
2024-12-17 09:55:00,776761,210,W,FR,62.0,9.0,53.0,,,,,34.176444,-118.162183,LINCOLN 1,22.982
2024-12-17 10:00:00,717623,210,W,FR,,,,,,,,34.164368,-118.158093,MOUNTAIN 1,23.9
2024-12-17 10:00:00,717636,210,W,FR,,,,,,,,34.152357,-118.123714,HILL,26.8
2024-12-17 10:00:00,717648,210,W,FR,27.0,7.0,7.0,13.0,,,,34.148074,-118.08377,SIERRA MADRE V1,29.17
2024-12-17 10:00:00,717652,210,W,FR,,,,,,,,34.148737,-118.071321,ROSEMEAD 1,29.879
2024-12-17 10:00:00,764346,210,W,FR,33.0,4.0,29.0,,,,,34.152648,-118.109062,ALLEN,27.64
2024-12-17 10:00:00,764349,210,W,FR,,,,,,,,34.152092,-118.143249,MARENGO,25.68
2024-12-17 10:00:00,768920,210,W,FR,,,,,,,,34.151995,-118.129451,LAKE 2 - OFF,26.47
2024-12-17 10:00:00,768927,210,W,FR,26.0,26.0,,,,,,34.152365,-118.092642,SAN GABRIEL OFF,28.58
2024-12-17 10:00:00,769300,210,W,FR,,,,,,,,34.152008,-118.153813,WB 210 TO ORANGE GRV,24.98
2024-12-17 10:00:00,769808,210,W,FR,,,,,,,,34.197068,-118.184827,FOOTHILL,20.98
2024-12-17 10:00:00,769869,210,W,FR,38.0,38.0,,,,,,34.218652,-118.239558,LA CRESCENTA,17.38
2024-12-17 10:00:00,769913,210,W,FR,28.0,28.0,,,,,,34.224897,-118.251344,PENNSYLVANIA,16.58
2024-12-17 10:00:00,769928,210,W,FR,27.0,27.0,,,,,,34.214462,-118.232443,OCEAN VIEW,17.88
2024-12-17 10:00:00,769955,210,W,FR,,,,,,,,34.206998,-118.201441,ANGELES CREST HWY NB,19.78
2024-12-17 10:00:00,769998,210,W,FR,,,,,,,,34.19198,-118.181214,BERKSHIRE,21.39
2024-12-17 10:00:00,770131,210,W,FR,8.0,8.0,,,,,,34.234984,-118.290562,LA TUNA CANYON NB,14.18
2024-12-17 10:00:00,773132,210,W,FR,,,,,,,,34.152216,-118.146794,FAIR OAKS OFF,25.48
2024-12-17 10:00:00,776761,210,W,FR,53.0,9.0,44.0,,,,,34.176444,-118.162183,LINCOLN 1,22.982
2024-12-17 10:05:00,717623,210,W,FR,,,,,,,,34.164368,-118.158093,MOUNTAIN 1,23.9
2024-12-17 10:05:00,717636,210,W,FR,,,,,,,,34.152357,-118.123714,HILL,26.8
2024-12-17 10:05:00,717648,210,W,FR,34.0,12.0,9.0,13.0,,,,34.148074,-118.08377,SIERRA MADRE V1,29.17
2024-12-17 10:05:00,717652,210,W,FR,,,,,,,,34.148737,-118.071321,ROSEMEAD 1,29.879
2024-12-17 10:05:00,764346,210,W,FR,27.0,8.0,19.0,,,,,34.152648,-118.109062,ALLEN,27.64
2024-12-17 10:05:00,764349,210,W,FR,,,,,,,,34.152092,-118.143249,MARENGO,25.68
2024-12-17 10:05:00,768920,210,W,FR,,,,,,,,34.151995,-118.129451,LAKE 2 - OFF,26.47
2024-12-17 10:05:00,768927,210,W,FR,33.0,33.0,,,,,,34.152365,-118.092642,SAN GABRIEL OFF,28.58
2024-12-17 10:05:00,769300,210,W,FR,,,,,,,,34.152008,-118.153813,WB 210 TO ORANGE GRV,24.98
2024-12-17 10:05:00,769808,210,W,FR,,,,,,,,34.197068,-118.184827,FOOTHILL,20.98
2024-12-17 10:05:00,769869,210,W,FR,38.0,38.0,,,,,,34.218652,-118.239558,LA CRESCENTA,17.38
2024-12-17 10:05:00,769913,210,W,FR,29.0,29.0,,,,,,34.224897,-118.251344,PENNSYLVANIA,16.58
2024-12-17 10:05:00,769928,210,W,FR,23.0,23.0,,,,,,34.214462,-118.232443,OCEAN VIEW,17.88
2024-12-17 10:05:00,769955,210,W,FR,,,,,,,,34.206998,-118.201441,ANGELES CREST HWY NB,19.78
2024-12-17 10:05:00,769998,210,W,FR,,,,,,,,34.19198,-118.181214,BERKSHIRE,21.39
2024-12-17 10:05:00,770131,210,W,FR,14.0,14.0,,,,,,34.234984,-118.290562,LA TUNA CANYON NB,14.18
2024-12-17 10:05:00,773132,210,W,FR,,,,,,,,34.152216,-118.146794,FAIR OAKS OFF,25.48
2024-12-17 10:05:00,776761,210,W,FR,47.0,6.0,41.0,,,,,34.176444,-118.162183,LINCOLN 1,22.982
2024-12-17 10:10:00,717623,210,W,FR,,,,,,,,34.164368,-118.158093,MOUNTAIN 1,23.9
2024-12-17 10:10:00,717636,210,W,FR,,,,,,,,34.152357,-118.123714,HILL,26.8
2024-12-17 10:10:00,717648,210,W,FR,35.0,7.0,12.0,16.0,,,,34.148074,-118.08377,SIERRA MADRE V1,29.17
2024-12-17 10:10:00,717652,210,W,FR,,,,,,,,34.148737,-118.071321,ROSEMEAD 1,29.879
2024-12-17 10:10:00,764346,210,W,FR,30.0,8.0,22.0,,,,,34.152648,-118.109062,ALLEN,27.64
2024-12-17 10:10:00,764349,210,W,FR,,,,,,,,34.152092,-118.143249,MARENGO,25.68
2024-12-17 10:10:00,768920,210,W,FR,,,,,,,,34.151995,-118.129451,LAKE 2 - OFF,26.47
2024-12-17 10:10:00,768927,210,W,FR,25.0,25.0,,,,,,34.152365,-118.092642,SAN GABRIEL OFF,28.58
2024-12-17 10:10:00,769300,210,W,FR,,,,,,,,34.152008,-118.153813,WB 210 TO ORANGE GRV,24.98
2024-12-17 10:10:00,769808,210,W,FR,,,,,,,,34.197068,-118.184827,FOOTHILL,20.98
2024-12-17 10:10:00,769869,210,W,FR,35.0,35.0,,,,,,34.218652,-118.239558,LA CRESCENTA,17.38
2024-12-17 10:10:00,769913,210,W,FR,27.0,27.0,,,,,,34.224897,-118.251344,PENNSYLVANIA,16.58
2024-12-17 10:10:00,769928,210,W,FR,30.0,30.0,,,,,,34.214462,-118.232443,OCEAN VIEW,17.88
2024-12-17 10:10:00,769955,210,W,FR,,,,,,,,34.206998,-118.201441,ANGELES CREST HWY NB,19.78
2024-12-17 10:10:00,769998,210,W,FR,,,,,,,,34.19198,-118.181214,BERKSHIRE,21.39
2024-12-17 10:10:00,770131,210,W,FR,14.0,14.0,,,,,,34.234984,-118.290562,LA TUNA CANYON NB,14.18
2024-12-17 10:10:00,773132,210,W,FR,,,,,,,,34.152216,-118.146794,FAIR OAKS OFF,25.48
2024-12-17 10:10:00,776761,210,W,FR,63.0,6.0,57.0,,,,,34.176444,-118.162183,LINCOLN 1,22.982
2024-12-17 10:15:00,717623,210,W,FR,,,,,,,,34.164368,-118.158093,MOUNTAIN 1,23.9
2024-12-17 10:15:00,717636,210,W,FR,,,,,,,,34.152357,-118.123714,HILL,26.8
2024-12-17 10:15:00,717648,210,W,FR,25.0,5.0,9.0,11.0,,,,34.148074,-118.08377,SIERRA MADRE V1,29.17
2024-12-17 10:15:00,717652,210,W,FR,,,,,,,,34.148737,-118.071321,ROSEMEAD 1,29.879
2024-12-17 10:15:00,764346,210,W,FR,44.0,12.0,32.0,,,,,34.152648,-118.109062,ALLEN,27.64
2024-12-17 10:15:00,764349,210,W,FR,,,,,,,,34.152092,-118.143249,MARENGO,25.68
2024-12-17 10:15:00,768920,210,W,FR,,,,,,,,34.151995,-118.129451,LAKE 2 - OFF,26.47
2024-12-17 10:15:00,768927,210,W,FR,22.0,22.0,,,,,,34.152365,-118.092642,SAN GABRIEL OFF,28.58
2024-12-17 10:15:00,769300,210,W,FR,,,,,,,,34.152008,-118.153813,WB 210 TO ORANGE GRV,24.98
2024-12-17 10:15:00,769808,210,W,FR,,,,,,,,34.197068,-118.184827,FOOTHILL,20.98
2024-12-17 10:15:00,769869,210,W,FR,47.0,47.0,,,,,,34.218652,-118.239558,LA CRESCENTA,17.38
2024-12-17 10:15:00,769913,210,W,FR,34.0,34.0,,,,,,34.224897,-118.251344,PENNSYLVANIA,16.58
2024-12-17 10:15:00,769928,210,W,FR,27.0,27.0,,,,,,34.214462,-118.232443,OCEAN VIEW,17.88
2024-12-17 10:15:00,769955,210,W,FR,,,,,,,,34.206998,-118.201441,ANGELES CREST HWY NB,19.78
2024-12-17 10:15:00,769998,210,W,FR,,,,,,,,34.19198,-118.181214,BERKSHIRE,21.39
2024-12-17 10:15:00,770131,210,W,FR,15.0,15.0,,,,,,34.234984,-118.290562,LA TUNA CANYON NB,14.18
2024-12-17 10:15:00,773132,210,W,FR,,,,,,,,34.152216,-118.146794,FAIR OAKS OFF,25.48
2024-12-17 10:15:00,776761,210,W,FR,75.0,21.0,54.0,,,,,34.176444,-118.162183,LINCOLN 1,22.982
2024-12-17 10:20:00,717623,210,W,FR,,,,,,,,34.164368,-118.158093,MOUNTAIN 1,23.9
2024-12-17 10:20:00,717636,210,W,FR,,,,,,,,34.152357,-118.123714,HILL,26.8
2024-12-17 10:20:00,717648,210,W,FR,34.0,9.0,8.0,17.0,,,,34.148074,-118.08377,SIERRA MADRE V1,29.17
2024-12-17 10:20:00,717652,210,W,FR,,,,,,,,34.148737,-118.071321,ROSEMEAD 1,29.879
2024-12-17 10:20:00,764346,210,W,FR,36.0,13.0,23.0,,,,,34.152648,-118.109062,ALLEN,27.64
2024-12-17 10:20:00,764349,210,W,FR,,,,,,,,34.152092,-118.143249,MARENGO,25.68
2024-12-17 10:20:00,768920,210,W,FR,,,,,,,,34.151995,-118.129451,LAKE 2 - OFF,26.47
2024-12-17 10:20:00,768927,210,W,FR,27.0,27.0,,,,,,34.152365,-118.092642,SAN GABRIEL OFF,28.58
2024-12-17 10:20:00,769300,210,W,FR,,,,,,,,34.152008,-118.153813,WB 210 TO ORANGE GRV,24.98
2024-12-17 10:20:00,769808,210,W,FR,,,,,,,,34.197068,-118.184827,FOOTHILL,20.98
2024-12-17 10:20:00,769869,210,W,FR,47.0,47.0,,,,,,34.218652,-118.239558,LA CRESCENTA,17.38
2024-12-17 10:20:00,769913,210,W,FR,24.0,24.0,,,,,,34.224897,-118.251344,PENNSYLVANIA,16.58
2024-12-17 10:20:00,769928,210,W,FR,32.0,32.0,,,,,,34.214462,-118.232443,OCEAN VIEW,17.88
2024-12-17 10:20:00,769955,210,W,FR,,,,,,,,34.206998,-118.201441,ANGELES CREST HWY NB,19.78
2024-12-17 10:20:00,769998,210,W,FR,,,,,,,,34.19198,-118.181214,BERKSHIRE,21.39
2024-12-17 10:20:00,770131,210,W,FR,14.0,14.0,,,,,,34.234984,-118.290562,LA TUNA CANYON NB,14.18
2024-12-17 10:20:00,773132,210,W,FR,,,,,,,,34.152216,-118.146794,FAIR OAKS OFF,25.48
2024-12-17 10:20:00,776761,210,W,FR,53.0,5.0,48.0,,,,,34.176444,-118.162183,LINCOLN 1,22.982
2024-12-17 10:25:00,717623,210,W,FR,,,,,,,,34.164368,-118.158093,MOUNTAIN 1,23.9
2024-12-17 10:25:00,717636,210,W,FR,,,,,,,,34.152357,-118.123714,HILL,26.8
2024-12-17 10:25:00,717648,210,W,FR,25.0,8.0,4.0,13.0,,,,34.148074,-118.08377,SIERRA MADRE V1,29.17
2024-12-17 10:25:00,717652,210,W,FR,,,,,,,,34.148737,-118.071321,ROSEMEAD 1,29.879
2024-12-17 10:25:00,764346,210,W,FR,45.0,8.0,37.0,,,,,34.152648,-118.109062,ALLEN,27.64
2024-12-17 10:25:00,764349,210,W,FR,,,,,,,,34.152092,-118.143249,MARENGO,25.68
2024-12-17 10:25:00,768920,210,W,FR,,,,,,,,34.151995,-118.129451,LAKE 2 - OFF,26.47
2024-12-17 10:25:00,768927,210,W,FR,30.0,30.0,,,,,,34.152365,-118.092642,SAN GABRIEL OFF,28.58
2024-12-17 10:25:00,769300,210,W,FR,,,,,,,,34.152008,-118.153813,WB 210 TO ORANGE GRV,24.98
2024-12-17 10:25:00,769808,210,W,FR,,,,,,,,34.197068,-118.184827,FOOTHILL,20.98
2024-12-17 10:25:00,769869,210,W,FR,62.0,62.0,,,,,,34.218652,-118.239558,LA CRESCENTA,17.38
2024-12-17 10:25:00,769913,210,W,FR,34.0,34.0,,,,,,34.224897,-118.251344,PENNSYLVANIA,16.58
2024-12-17 10:25:00,769928,210,W,FR,30.0,30.0,,,,,,34.214462,-118.232443,OCEAN VIEW,17.88
2024-12-17 10:25:00,769955,210,W,FR,,,,,,,,34.206998,-118.201441,ANGELES CREST HWY NB,19.78
2024-12-17 10:25:00,769998,210,W,FR,,,,,,,,34.19198,-118.181214,BERKSHIRE,21.39
2024-12-17 10:25:00,770131,210,W,FR,18.0,18.0,,,,,,34.234984,-118.290562,LA TUNA CANYON NB,14.18
2024-12-17 10:25:00,773132,210,W,FR,,,,,,,,34.152216,-118.146794,FAIR OAKS OFF,25.48
2024-12-17 10:25:00,776761,210,W,FR,35.0,2.0,33.0,,,,,34.176444,-118.162183,LINCOLN 1,22.982
2024-12-17 10:30:00,717623,210,W,FR,,,,,,,,34.164368,-118.158093,MOUNTAIN 1,23.9
2024-12-17 10:30:00,717636,210,W,FR,,,,,,,,34.152357,-118.123714,HILL,26.8
2024-12-17 10:30:00,717648,210,W,FR,30.0,7.0,10.0,13.0,,,,34.148074,-118.08377,SIERRA MADRE V1,29.17
2024-12-17 10:30:00,717652,210,W,FR,,,,,,,,34.148737,-118.071321,ROSEMEAD 1,29.879
2024-12-17 10:30:00,764346,210,W,FR,53.0,19.0,34.0,,,,,34.152648,-118.109062,ALLEN,27.64
2024-12-17 10:30:00,764349,210,W,FR,,,,,,,,34.152092,-118.143249,MARENGO,25.68
2024-12-17 10:30:00,768920,210,W,FR,,,,,,,,34.151995,-118.129451,LAKE 2 - OFF,26.47
2024-12-17 10:30:00,768927,210,W,FR,24.0,24.0,,,,,,34.152365,-118.092642,SAN GABRIEL OFF,28.58
2024-12-17 10:30:00,769300,210,W,FR,,,,,,,,34.152008,-118.153813,WB 210 TO ORANGE GRV,24.98
2024-12-17 10:30:00,769808,210,W,FR,,,,,,,,34.197068,-118.184827,FOOTHILL,20.98
2024-12-17 10:30:00,769869,210,W,FR,42.0,42.0,,,,,,34.218652,-118.239558,LA CRESCENTA,17.38
2024-12-17 10:30:00,769913,210,W,FR,30.0,30.0,,,,,,34.224897,-118.251344,PENNSYLVANIA,16.58
2024-12-17 10:30:00,769928,210,W,FR,21.0,21.0,,,,,,34.214462,-118.232443,OCEAN VIEW,17.88
2024-12-17 10:30:00,769955,210,W,FR,,,,,,,,34.206998,-118.201441,ANGELES CREST HWY NB,19.78
2024-12-17 10:30:00,769998,210,W,FR,,,,,,,,34.19198,-118.181214,BERKSHIRE,21.39
2024-12-17 10:30:00,770131,210,W,FR,12.0,12.0,,,,,,34.234984,-118.290562,LA TUNA CANYON NB,14.18
2024-12-17 10:30:00,773132,210,W,FR,,,,,,,,34.152216,-118.146794,FAIR OAKS OFF,25.48
2024-12-17 10:30:00,776761,210,W,FR,32.0,3.0,29.0,,,,,34.176444,-118.162183,LINCOLN 1,22.982
2024-12-17 10:35:00,717623,210,W,FR,,,,,,,,34.164368,-118.158093,MOUNTAIN 1,23.9
2024-12-17 10:35:00,717636,210,W,FR,,,,,,,,34.152357,-118.123714,HILL,26.8
2024-12-17 10:35:00,717648,210,W,FR,29.0,7.0,8.0,14.0,,,,34.148074,-118.08377,SIERRA MADRE V1,29.17
2024-12-17 10:35:00,717652,210,W,FR,,,,,,,,34.148737,-118.071321,ROSEMEAD 1,29.879
2024-12-17 10:35:00,764346,210,W,FR,31.0,8.0,23.0,,,,,34.152648,-118.109062,ALLEN,27.64
2024-12-17 10:35:00,764349,210,W,FR,,,,,,,,34.152092,-118.143249,MARENGO,25.68
2024-12-17 10:35:00,768920,210,W,FR,,,,,,,,34.151995,-118.129451,LAKE 2 - OFF,26.47
2024-12-17 10:35:00,768927,210,W,FR,28.0,28.0,,,,,,34.152365,-118.092642,SAN GABRIEL OFF,28.58
2024-12-17 10:35:00,769300,210,W,FR,,,,,,,,34.152008,-118.153813,WB 210 TO ORANGE GRV,24.98
2024-12-17 10:35:00,769808,210,W,FR,,,,,,,,34.197068,-118.184827,FOOTHILL,20.98
2024-12-17 10:35:00,769869,210,W,FR,49.0,49.0,,,,,,34.218652,-118.239558,LA CRESCENTA,17.38
2024-12-17 10:35:00,769913,210,W,FR,28.0,28.0,,,,,,34.224897,-118.251344,PENNSYLVANIA,16.58
2024-12-17 10:35:00,769928,210,W,FR,32.0,32.0,,,,,,34.214462,-118.232443,OCEAN VIEW,17.88
2024-12-17 10:35:00,769955,210,W,FR,,,,,,,,34.206998,-118.201441,ANGELES CREST HWY NB,19.78
2024-12-17 10:35:00,769998,210,W,FR,,,,,,,,34.19198,-118.181214,BERKSHIRE,21.39
2024-12-17 10:35:00,770131,210,W,FR,8.0,8.0,,,,,,34.234984,-118.290562,LA TUNA CANYON NB,14.18
2024-12-17 10:35:00,773132,210,W,FR,,,,,,,,34.152216,-118.146794,FAIR OAKS OFF,25.48
2024-12-17 10:35:00,776761,210,W,FR,54.0,8.0,46.0,,,,,34.176444,-118.162183,LINCOLN 1,22.982
2024-12-17 10:40:00,717623,210,W,FR,,,,,,,,34.164368,-118.158093,MOUNTAIN 1,23.9
2024-12-17 10:40:00,717636,210,W,FR,,,,,,,,34.152357,-118.123714,HILL,26.8
2024-12-17 10:40:00,717648,210,W,FR,31.0,9.0,11.0,11.0,,,,34.148074,-118.08377,SIERRA MADRE V1,29.17
2024-12-17 10:40:00,717652,210,W,FR,,,,,,,,34.148737,-118.071321,ROSEMEAD 1,29.879
2024-12-17 10:40:00,764346,210,W,FR,22.0,9.0,13.0,,,,,34.152648,-118.109062,ALLEN,27.64
2024-12-17 10:40:00,764349,210,W,FR,,,,,,,,34.152092,-118.143249,MARENGO,25.68
2024-12-17 10:40:00,768920,210,W,FR,,,,,,,,34.151995,-118.129451,LAKE 2 - OFF,26.47
2024-12-17 10:40:00,768927,210,W,FR,38.0,38.0,,,,,,34.152365,-118.092642,SAN GABRIEL OFF,28.58
2024-12-17 10:40:00,769300,210,W,FR,,,,,,,,34.152008,-118.153813,WB 210 TO ORANGE GRV,24.98
2024-12-17 10:40:00,769808,210,W,FR,,,,,,,,34.197068,-118.184827,FOOTHILL,20.98
2024-12-17 10:40:00,769869,210,W,FR,58.0,58.0,,,,,,34.218652,-118.239558,LA CRESCENTA,17.38
2024-12-17 10:40:00,769913,210,W,FR,35.0,35.0,,,,,,34.224897,-118.251344,PENNSYLVANIA,16.58
2024-12-17 10:40:00,769928,210,W,FR,28.0,28.0,,,,,,34.214462,-118.232443,OCEAN VIEW,17.88
2024-12-17 10:40:00,769955,210,W,FR,,,,,,,,34.206998,-118.201441,ANGELES CREST HWY NB,19.78
2024-12-17 10:40:00,769998,210,W,FR,,,,,,,,34.19198,-118.181214,BERKSHIRE,21.39
2024-12-17 10:40:00,770131,210,W,FR,19.0,19.0,,,,,,34.234984,-118.290562,LA TUNA CANYON NB,14.18
2024-12-17 10:40:00,773132,210,W,FR,,,,,,,,34.152216,-118.146794,FAIR OAKS OFF,25.48
2024-12-17 10:40:00,776761,210,W,FR,21.0,3.0,18.0,,,,,34.176444,-118.162183,LINCOLN 1,22.982
2024-12-17 10:45:00,717623,210,W,FR,,,,,,,,34.164368,-118.158093,MOUNTAIN 1,23.9
2024-12-17 10:45:00,717636,210,W,FR,,,,,,,,34.152357,-118.123714,HILL,26.8
2024-12-17 10:45:00,717648,210,W,FR,39.0,12.0,9.0,18.0,,,,34.148074,-118.08377,SIERRA MADRE V1,29.17
2024-12-17 10:45:00,717652,210,W,FR,,,,,,,,34.148737,-118.071321,ROSEMEAD 1,29.879
2024-12-17 10:45:00,764346,210,W,FR,27.0,7.0,20.0,,,,,34.152648,-118.109062,ALLEN,27.64
2024-12-17 10:45:00,764349,210,W,FR,,,,,,,,34.152092,-118.143249,MARENGO,25.68
2024-12-17 10:45:00,768920,210,W,FR,,,,,,,,34.151995,-118.129451,LAKE 2 - OFF,26.47
2024-12-17 10:45:00,768927,210,W,FR,33.0,33.0,,,,,,34.152365,-118.092642,SAN GABRIEL OFF,28.58
2024-12-17 10:45:00,769300,210,W,FR,,,,,,,,34.152008,-118.153813,WB 210 TO ORANGE GRV,24.98
2024-12-17 10:45:00,769808,210,W,FR,,,,,,,,34.197068,-118.184827,FOOTHILL,20.98
2024-12-17 10:45:00,769869,210,W,FR,52.0,52.0,,,,,,34.218652,-118.239558,LA CRESCENTA,17.38
2024-12-17 10:45:00,769913,210,W,FR,26.0,26.0,,,,,,34.224897,-118.251344,PENNSYLVANIA,16.58
2024-12-17 10:45:00,769928,210,W,FR,20.0,20.0,,,,,,34.214462,-118.232443,OCEAN VIEW,17.88
2024-12-17 10:45:00,769955,210,W,FR,,,,,,,,34.206998,-118.201441,ANGELES CREST HWY NB,19.78
2024-12-17 10:45:00,769998,210,W,FR,,,,,,,,34.19198,-118.181214,BERKSHIRE,21.39
2024-12-17 10:45:00,770131,210,W,FR,11.0,11.0,,,,,,34.234984,-118.290562,LA TUNA CANYON NB,14.18
2024-12-17 10:45:00,773132,210,W,FR,,,,,,,,34.152216,-118.146794,FAIR OAKS OFF,25.48
2024-12-17 10:45:00,776761,210,W,FR,41.0,2.0,39.0,,,,,34.176444,-118.162183,LINCOLN 1,22.982
2024-12-17 10:50:00,717623,210,W,FR,,,,,,,,34.164368,-118.158093,MOUNTAIN 1,23.9
2024-12-17 10:50:00,717636,210,W,FR,,,,,,,,34.152357,-118.123714,HILL,26.8
2024-12-17 10:50:00,717648,210,W,FR,29.0,7.0,12.0,10.0,,,,34.148074,-118.08377,SIERRA MADRE V1,29.17
2024-12-17 10:50:00,717652,210,W,FR,,,,,,,,34.148737,-118.071321,ROSEMEAD 1,29.879
2024-12-17 10:50:00,764346,210,W,FR,33.0,12.0,21.0,,,,,34.152648,-118.109062,ALLEN,27.64
2024-12-17 10:50:00,764349,210,W,FR,,,,,,,,34.152092,-118.143249,MARENGO,25.68
2024-12-17 10:50:00,768920,210,W,FR,,,,,,,,34.151995,-118.129451,LAKE 2 - OFF,26.47
2024-12-17 10:50:00,768927,210,W,FR,23.0,23.0,,,,,,34.152365,-118.092642,SAN GABRIEL OFF,28.58
2024-12-17 10:50:00,769300,210,W,FR,,,,,,,,34.152008,-118.153813,WB 210 TO ORANGE GRV,24.98
2024-12-17 10:50:00,769808,210,W,FR,,,,,,,,34.197068,-118.184827,FOOTHILL,20.98
2024-12-17 10:50:00,769869,210,W,FR,61.0,61.0,,,,,,34.218652,-118.239558,LA CRESCENTA,17.38
2024-12-17 10:50:00,769913,210,W,FR,32.0,32.0,,,,,,34.224897,-118.251344,PENNSYLVANIA,16.58
2024-12-17 10:50:00,769928,210,W,FR,20.0,20.0,,,,,,34.214462,-118.232443,OCEAN VIEW,17.88
2024-12-17 10:50:00,769955,210,W,FR,,,,,,,,34.206998,-118.201441,ANGELES CREST HWY NB,19.78
2024-12-17 10:50:00,769998,210,W,FR,,,,,,,,34.19198,-118.181214,BERKSHIRE,21.39
2024-12-17 10:50:00,770131,210,W,FR,14.0,14.0,,,,,,34.234984,-118.290562,LA TUNA CANYON NB,14.18
2024-12-17 10:50:00,773132,210,W,FR,,,,,,,,34.152216,-118.146794,FAIR OAKS OFF,25.48
2024-12-17 10:50:00,776761,210,W,FR,40.0,4.0,36.0,,,,,34.176444,-118.162183,LINCOLN 1,22.982
2024-12-17 10:55:00,717623,210,W,FR,,,,,,,,34.164368,-118.158093,MOUNTAIN 1,23.9
2024-12-17 10:55:00,717636,210,W,FR,,,,,,,,34.152357,-118.123714,HILL,26.8
2024-12-17 10:55:00,717648,210,W,FR,37.0,10.0,8.0,19.0,,,,34.148074,-118.08377,SIERRA MADRE V1,29.17
2024-12-17 10:55:00,717652,210,W,FR,,,,,,,,34.148737,-118.071321,ROSEMEAD 1,29.879
2024-12-17 10:55:00,764346,210,W,FR,33.0,6.0,27.0,,,,,34.152648,-118.109062,ALLEN,27.64
2024-12-17 10:55:00,764349,210,W,FR,,,,,,,,34.152092,-118.143249,MARENGO,25.68
2024-12-17 10:55:00,768920,210,W,FR,,,,,,,,34.151995,-118.129451,LAKE 2 - OFF,26.47
2024-12-17 10:55:00,768927,210,W,FR,37.0,37.0,,,,,,34.152365,-118.092642,SAN GABRIEL OFF,28.58
2024-12-17 10:55:00,769300,210,W,FR,,,,,,,,34.152008,-118.153813,WB 210 TO ORANGE GRV,24.98
2024-12-17 10:55:00,769808,210,W,FR,,,,,,,,34.197068,-118.184827,FOOTHILL,20.98
2024-12-17 10:55:00,769869,210,W,FR,51.0,51.0,,,,,,34.218652,-118.239558,LA CRESCENTA,17.38
2024-12-17 10:55:00,769913,210,W,FR,35.0,35.0,,,,,,34.224897,-118.251344,PENNSYLVANIA,16.58
2024-12-17 10:55:00,769928,210,W,FR,22.0,22.0,,,,,,34.214462,-118.232443,OCEAN VIEW,17.88
2024-12-17 10:55:00,769955,210,W,FR,,,,,,,,34.206998,-118.201441,ANGELES CREST HWY NB,19.78
2024-12-17 10:55:00,769998,210,W,FR,,,,,,,,34.19198,-118.181214,BERKSHIRE,21.39
2024-12-17 10:55:00,770131,210,W,FR,16.0,16.0,,,,,,34.234984,-118.290562,LA TUNA CANYON NB,14.18
2024-12-17 10:55:00,773132,210,W,FR,,,,,,,,34.152216,-118.146794,FAIR OAKS OFF,25.48
2024-12-17 10:55:00,776761,210,W,FR,39.0,4.0,35.0,,,,,34.176444,-118.162183,LINCOLN 1,22.982
2024-12-17 11:00:00,717623,210,W,FR,,,,,,,,34.164368,-118.158093,MOUNTAIN 1,23.9
2024-12-17 11:00:00,717636,210,W,FR,,,,,,,,34.152357,-118.123714,HILL,26.8
2024-12-17 11:00:00,717648,210,W,FR,32.0,10.0,6.0,16.0,,,,34.148074,-118.08377,SIERRA MADRE V1,29.17
2024-12-17 11:00:00,717652,210,W,FR,,,,,,,,34.148737,-118.071321,ROSEMEAD 1,29.879
2024-12-17 11:00:00,764346,210,W,FR,38.0,12.0,26.0,,,,,34.152648,-118.109062,ALLEN,27.64
2024-12-17 11:00:00,764349,210,W,FR,,,,,,,,34.152092,-118.143249,MARENGO,25.68
2024-12-17 11:00:00,768920,210,W,FR,,,,,,,,34.151995,-118.129451,LAKE 2 - OFF,26.47
2024-12-17 11:00:00,768927,210,W,FR,22.0,22.0,,,,,,34.152365,-118.092642,SAN GABRIEL OFF,28.58
2024-12-17 11:00:00,769300,210,W,FR,,,,,,,,34.152008,-118.153813,WB 210 TO ORANGE GRV,24.98
2024-12-17 11:00:00,769808,210,W,FR,,,,,,,,34.197068,-118.184827,FOOTHILL,20.98
2024-12-17 11:00:00,769869,210,W,FR,44.0,44.0,,,,,,34.218652,-118.239558,LA CRESCENTA,17.38
2024-12-17 11:00:00,769913,210,W,FR,43.0,43.0,,,,,,34.224897,-118.251344,PENNSYLVANIA,16.58
2024-12-17 11:00:00,769928,210,W,FR,17.0,17.0,,,,,,34.214462,-118.232443,OCEAN VIEW,17.88
2024-12-17 11:00:00,769955,210,W,FR,,,,,,,,34.206998,-118.201441,ANGELES CREST HWY NB,19.78
2024-12-17 11:00:00,769998,210,W,FR,,,,,,,,34.19198,-118.181214,BERKSHIRE,21.39
2024-12-17 11:00:00,770131,210,W,FR,6.0,6.0,,,,,,34.234984,-118.290562,LA TUNA CANYON NB,14.18
2024-12-17 11:00:00,773132,210,W,FR,,,,,,,,34.152216,-118.146794,FAIR OAKS OFF,25.48
2024-12-17 11:00:00,776761,210,W,FR,41.0,4.0,37.0,,,,,34.176444,-118.162183,LINCOLN 1,22.982
2024-12-17 11:05:00,717623,210,W,FR,,,,,,,,34.164368,-118.158093,MOUNTAIN 1,23.9
2024-12-17 11:05:00,717636,210,W,FR,,,,,,,,34.152357,-118.123714,HILL,26.8
2024-12-17 11:05:00,717648,210,W,FR,33.0,15.0,10.0,8.0,,,,34.148074,-118.08377,SIERRA MADRE V1,29.17
2024-12-17 11:05:00,717652,210,W,FR,,,,,,,,34.148737,-118.071321,ROSEMEAD 1,29.879
2024-12-17 11:05:00,764346,210,W,FR,31.0,8.0,23.0,,,,,34.152648,-118.109062,ALLEN,27.64
2024-12-17 11:05:00,764349,210,W,FR,,,,,,,,34.152092,-118.143249,MARENGO,25.68
2024-12-17 11:05:00,768920,210,W,FR,,,,,,,,34.151995,-118.129451,LAKE 2 - OFF,26.47
2024-12-17 11:05:00,768927,210,W,FR,31.0,31.0,,,,,,34.152365,-118.092642,SAN GABRIEL OFF,28.58
2024-12-17 11:05:00,769300,210,W,FR,,,,,,,,34.152008,-118.153813,WB 210 TO ORANGE GRV,24.98
2024-12-17 11:05:00,769808,210,W,FR,,,,,,,,34.197068,-118.184827,FOOTHILL,20.98
2024-12-17 11:05:00,769869,210,W,FR,44.0,44.0,,,,,,34.218652,-118.239558,LA CRESCENTA,17.38
2024-12-17 11:05:00,769913,210,W,FR,34.0,34.0,,,,,,34.224897,-118.251344,PENNSYLVANIA,16.58
2024-12-17 11:05:00,769928,210,W,FR,15.0,15.0,,,,,,34.214462,-118.232443,OCEAN VIEW,17.88
2024-12-17 11:05:00,769955,210,W,FR,,,,,,,,34.206998,-118.201441,ANGELES CREST HWY NB,19.78
2024-12-17 11:05:00,769998,210,W,FR,,,,,,,,34.19198,-118.181214,BERKSHIRE,21.39
2024-12-17 11:05:00,770131,210,W,FR,15.0,15.0,,,,,,34.234984,-118.290562,LA TUNA CANYON NB,14.18
2024-12-17 11:05:00,773132,210,W,FR,,,,,,,,34.152216,-118.146794,FAIR OAKS OFF,25.48
2024-12-17 11:05:00,776761,210,W,FR,27.0,1.0,26.0,,,,,34.176444,-118.162183,LINCOLN 1,22.982
2024-12-17 11:10:00,717623,210,W,FR,,,,,,,,34.164368,-118.158093,MOUNTAIN 1,23.9
2024-12-17 11:10:00,717636,210,W,FR,,,,,,,,34.152357,-118.123714,HILL,26.8
2024-12-17 11:10:00,717648,210,W,FR,41.0,12.0,13.0,16.0,,,,34.148074,-118.08377,SIERRA MADRE V1,29.17
2024-12-17 11:10:00,717652,210,W,FR,,,,,,,,34.148737,-118.071321,ROSEMEAD 1,29.879
2024-12-17 11:10:00,764346,210,W,FR,33.0,11.0,22.0,,,,,34.152648,-118.109062,ALLEN,27.64
2024-12-17 11:10:00,764349,210,W,FR,,,,,,,,34.152092,-118.143249,MARENGO,25.68
2024-12-17 11:10:00,768920,210,W,FR,,,,,,,,34.151995,-118.129451,LAKE 2 - OFF,26.47
2024-12-17 11:10:00,768927,210,W,FR,33.0,33.0,,,,,,34.152365,-118.092642,SAN GABRIEL OFF,28.58
2024-12-17 11:10:00,769300,210,W,FR,,,,,,,,34.152008,-118.153813,WB 210 TO ORANGE GRV,24.98
2024-12-17 11:10:00,769808,210,W,FR,,,,,,,,34.197068,-118.184827,FOOTHILL,20.98
2024-12-17 11:10:00,769869,210,W,FR,44.0,44.0,,,,,,34.218652,-118.239558,LA CRESCENTA,17.38
2024-12-17 11:10:00,769913,210,W,FR,37.0,37.0,,,,,,34.224897,-118.251344,PENNSYLVANIA,16.58
2024-12-17 11:10:00,769928,210,W,FR,25.0,25.0,,,,,,34.214462,-118.232443,OCEAN VIEW,17.88
2024-12-17 11:10:00,769955,210,W,FR,,,,,,,,34.206998,-118.201441,ANGELES CREST HWY NB,19.78
2024-12-17 11:10:00,769998,210,W,FR,,,,,,,,34.19198,-118.181214,BERKSHIRE,21.39
2024-12-17 11:10:00,770131,210,W,FR,9.0,9.0,,,,,,34.234984,-118.290562,LA TUNA CANYON NB,14.18
2024-12-17 11:10:00,773132,210,W,FR,,,,,,,,34.152216,-118.146794,FAIR OAKS OFF,25.48
2024-12-17 11:10:00,776761,210,W,FR,45.0,1.0,44.0,,,,,34.176444,-118.162183,LINCOLN 1,22.982
2024-12-17 11:15:00,717623,210,W,FR,,,,,,,,34.164368,-118.158093,MOUNTAIN 1,23.9
2024-12-17 11:15:00,717636,210,W,FR,,,,,,,,34.152357,-118.123714,HILL,26.8
2024-12-17 11:15:00,717648,210,W,FR,33.0,8.0,11.0,14.0,,,,34.148074,-118.08377,SIERRA MADRE V1,29.17
2024-12-17 11:15:00,717652,210,W,FR,,,,,,,,34.148737,-118.071321,ROSEMEAD 1,29.879
2024-12-17 11:15:00,764346,210,W,FR,34.0,11.0,23.0,,,,,34.152648,-118.109062,ALLEN,27.64
2024-12-17 11:15:00,764349,210,W,FR,,,,,,,,34.152092,-118.143249,MARENGO,25.68
2024-12-17 11:15:00,768920,210,W,FR,,,,,,,,34.151995,-118.129451,LAKE 2 - OFF,26.47
2024-12-17 11:15:00,768927,210,W,FR,28.0,28.0,,,,,,34.152365,-118.092642,SAN GABRIEL OFF,28.58
2024-12-17 11:15:00,769300,210,W,FR,,,,,,,,34.152008,-118.153813,WB 210 TO ORANGE GRV,24.98
2024-12-17 11:15:00,769808,210,W,FR,,,,,,,,34.197068,-118.184827,FOOTHILL,20.98
2024-12-17 11:15:00,769869,210,W,FR,44.0,44.0,,,,,,34.218652,-118.239558,LA CRESCENTA,17.38
2024-12-17 11:15:00,769913,210,W,FR,31.0,31.0,,,,,,34.224897,-118.251344,PENNSYLVANIA,16.58
2024-12-17 11:15:00,769928,210,W,FR,26.0,26.0,,,,,,34.214462,-118.232443,OCEAN VIEW,17.88
2024-12-17 11:15:00,769955,210,W,FR,,,,,,,,34.206998,-118.201441,ANGELES CREST HWY NB,19.78
2024-12-17 11:15:00,769998,210,W,FR,,,,,,,,34.19198,-118.181214,BERKSHIRE,21.39
2024-12-17 11:15:00,770131,210,W,FR,14.0,14.0,,,,,,34.234984,-118.290562,LA TUNA CANYON NB,14.18
2024-12-17 11:15:00,773132,210,W,FR,,,,,,,,34.152216,-118.146794,FAIR OAKS OFF,25.48
2024-12-17 11:15:00,776761,210,W,FR,53.0,1.0,52.0,,,,,34.176444,-118.162183,LINCOLN 1,22.982
2024-12-17 11:20:00,717623,210,W,FR,,,,,,,,34.164368,-118.158093,MOUNTAIN 1,23.9
2024-12-17 11:20:00,717636,210,W,FR,,,,,,,,34.152357,-118.123714,HILL,26.8
2024-12-17 11:20:00,717648,210,W,FR,39.0,15.0,9.0,15.0,,,,34.148074,-118.08377,SIERRA MADRE V1,29.17
2024-12-17 11:20:00,717652,210,W,FR,,,,,,,,34.148737,-118.071321,ROSEMEAD 1,29.879
2024-12-17 11:20:00,764346,210,W,FR,30.0,5.0,25.0,,,,,34.152648,-118.109062,ALLEN,27.64
2024-12-17 11:20:00,764349,210,W,FR,,,,,,,,34.152092,-118.143249,MARENGO,25.68
2024-12-17 11:20:00,768920,210,W,FR,,,,,,,,34.151995,-118.129451,LAKE 2 - OFF,26.47
2024-12-17 11:20:00,768927,210,W,FR,23.0,23.0,,,,,,34.152365,-118.092642,SAN GABRIEL OFF,28.58
2024-12-17 11:20:00,769300,210,W,FR,,,,,,,,34.152008,-118.153813,WB 210 TO ORANGE GRV,24.98
2024-12-17 11:20:00,769808,210,W,FR,,,,,,,,34.197068,-118.184827,FOOTHILL,20.98
2024-12-17 11:20:00,769869,210,W,FR,59.0,59.0,,,,,,34.218652,-118.239558,LA CRESCENTA,17.38
2024-12-17 11:20:00,769913,210,W,FR,31.0,31.0,,,,,,34.224897,-118.251344,PENNSYLVANIA,16.58
2024-12-17 11:20:00,769928,210,W,FR,31.0,31.0,,,,,,34.214462,-118.232443,OCEAN VIEW,17.88
2024-12-17 11:20:00,769955,210,W,FR,,,,,,,,34.206998,-118.201441,ANGELES CREST HWY NB,19.78
2024-12-17 11:20:00,769998,210,W,FR,,,,,,,,34.19198,-118.181214,BERKSHIRE,21.39
2024-12-17 11:20:00,770131,210,W,FR,14.0,14.0,,,,,,34.234984,-118.290562,LA TUNA CANYON NB,14.18
2024-12-17 11:20:00,773132,210,W,FR,,,,,,,,34.152216,-118.146794,FAIR OAKS OFF,25.48
2024-12-17 11:20:00,776761,210,W,FR,18.0,2.0,16.0,,,,,34.176444,-118.162183,LINCOLN 1,22.982
2024-12-17 11:25:00,717623,210,W,FR,,,,,,,,34.164368,-118.158093,MOUNTAIN 1,23.9
2024-12-17 11:25:00,717636,210,W,FR,,,,,,,,34.152357,-118.123714,HILL,26.8
2024-12-17 11:25:00,717648,210,W,FR,30.0,12.0,5.0,13.0,,,,34.148074,-118.08377,SIERRA MADRE V1,29.17
2024-12-17 11:25:00,717652,210,W,FR,,,,,,,,34.148737,-118.071321,ROSEMEAD 1,29.879
2024-12-17 11:25:00,764346,210,W,FR,28.0,8.0,20.0,,,,,34.152648,-118.109062,ALLEN,27.64
2024-12-17 11:25:00,764349,210,W,FR,,,,,,,,34.152092,-118.143249,MARENGO,25.68
2024-12-17 11:25:00,768920,210,W,FR,,,,,,,,34.151995,-118.129451,LAKE 2 - OFF,26.47
2024-12-17 11:25:00,768927,210,W,FR,37.0,37.0,,,,,,34.152365,-118.092642,SAN GABRIEL OFF,28.58
2024-12-17 11:25:00,769300,210,W,FR,,,,,,,,34.152008,-118.153813,WB 210 TO ORANGE GRV,24.98
2024-12-17 11:25:00,769808,210,W,FR,,,,,,,,34.197068,-118.184827,FOOTHILL,20.98
2024-12-17 11:25:00,769869,210,W,FR,43.0,43.0,,,,,,34.218652,-118.239558,LA CRESCENTA,17.38
2024-12-17 11:25:00,769913,210,W,FR,35.0,35.0,,,,,,34.224897,-118.251344,PENNSYLVANIA,16.58
2024-12-17 11:25:00,769928,210,W,FR,31.0,31.0,,,,,,34.214462,-118.232443,OCEAN VIEW,17.88
2024-12-17 11:25:00,769955,210,W,FR,,,,,,,,34.206998,-118.201441,ANGELES CREST HWY NB,19.78
2024-12-17 11:25:00,769998,210,W,FR,,,,,,,,34.19198,-118.181214,BERKSHIRE,21.39
2024-12-17 11:25:00,770131,210,W,FR,27.0,27.0,,,,,,34.234984,-118.290562,LA TUNA CANYON NB,14.18
2024-12-17 11:25:00,773132,210,W,FR,,,,,,,,34.152216,-118.146794,FAIR OAKS OFF,25.48
2024-12-17 11:25:00,776761,210,W,FR,60.0,7.0,53.0,,,,,34.176444,-118.162183,LINCOLN 1,22.982
2024-12-17 11:30:00,717623,210,W,FR,,,,,,,,34.164368,-118.158093,MOUNTAIN 1,23.9
2024-12-17 11:30:00,717636,210,W,FR,,,,,,,,34.152357,-118.123714,HILL,26.8
2024-12-17 11:30:00,717648,210,W,FR,42.0,9.0,12.0,21.0,,,,34.148074,-118.08377,SIERRA MADRE V1,29.17
2024-12-17 11:30:00,717652,210,W,FR,,,,,,,,34.148737,-118.071321,ROSEMEAD 1,29.879
2024-12-17 11:30:00,764346,210,W,FR,26.0,6.0,20.0,,,,,34.152648,-118.109062,ALLEN,27.64
2024-12-17 11:30:00,764349,210,W,FR,,,,,,,,34.152092,-118.143249,MARENGO,25.68
2024-12-17 11:30:00,768920,210,W,FR,,,,,,,,34.151995,-118.129451,LAKE 2 - OFF,26.47
2024-12-17 11:30:00,768927,210,W,FR,33.0,33.0,,,,,,34.152365,-118.092642,SAN GABRIEL OFF,28.58
2024-12-17 11:30:00,769300,210,W,FR,,,,,,,,34.152008,-118.153813,WB 210 TO ORANGE GRV,24.98
2024-12-17 11:30:00,769808,210,W,FR,,,,,,,,34.197068,-118.184827,FOOTHILL,20.98
2024-12-17 11:30:00,769869,210,W,FR,44.0,44.0,,,,,,34.218652,-118.239558,LA CRESCENTA,17.38
2024-12-17 11:30:00,769913,210,W,FR,29.0,29.0,,,,,,34.224897,-118.251344,PENNSYLVANIA,16.58
2024-12-17 11:30:00,769928,210,W,FR,22.0,22.0,,,,,,34.214462,-118.232443,OCEAN VIEW,17.88
2024-12-17 11:30:00,769955,210,W,FR,,,,,,,,34.206998,-118.201441,ANGELES CREST HWY NB,19.78
2024-12-17 11:30:00,769998,210,W,FR,,,,,,,,34.19198,-118.181214,BERKSHIRE,21.39
2024-12-17 11:30:00,770131,210,W,FR,16.0,16.0,,,,,,34.234984,-118.290562,LA TUNA CANYON NB,14.18
2024-12-17 11:30:00,773132,210,W,FR,,,,,,,,34.152216,-118.146794,FAIR OAKS OFF,25.48
2024-12-17 11:30:00,776761,210,W,FR,47.0,6.0,41.0,,,,,34.176444,-118.162183,LINCOLN 1,22.982
2024-12-17 11:35:00,717623,210,W,FR,,,,,,,,34.164368,-118.158093,MOUNTAIN 1,23.9
2024-12-17 11:35:00,717636,210,W,FR,,,,,,,,34.152357,-118.123714,HILL,26.8
2024-12-17 11:35:00,717648,210,W,FR,38.0,15.0,12.0,11.0,,,,34.148074,-118.08377,SIERRA MADRE V1,29.17
2024-12-17 11:35:00,717652,210,W,FR,,,,,,,,34.148737,-118.071321,ROSEMEAD 1,29.879
2024-12-17 11:35:00,764346,210,W,FR,33.0,11.0,22.0,,,,,34.152648,-118.109062,ALLEN,27.64
2024-12-17 11:35:00,764349,210,W,FR,,,,,,,,34.152092,-118.143249,MARENGO,25.68
2024-12-17 11:35:00,768920,210,W,FR,,,,,,,,34.151995,-118.129451,LAKE 2 - OFF,26.47
2024-12-17 11:35:00,768927,210,W,FR,22.0,22.0,,,,,,34.152365,-118.092642,SAN GABRIEL OFF,28.58
2024-12-17 11:35:00,769300,210,W,FR,,,,,,,,34.152008,-118.153813,WB 210 TO ORANGE GRV,24.98
2024-12-17 11:35:00,769808,210,W,FR,,,,,,,,34.197068,-118.184827,FOOTHILL,20.98
2024-12-17 11:35:00,769869,210,W,FR,53.0,53.0,,,,,,34.218652,-118.239558,LA CRESCENTA,17.38
2024-12-17 11:35:00,769913,210,W,FR,27.0,27.0,,,,,,34.224897,-118.251344,PENNSYLVANIA,16.58
2024-12-17 11:35:00,769928,210,W,FR,25.0,25.0,,,,,,34.214462,-118.232443,OCEAN VIEW,17.88
2024-12-17 11:35:00,769955,210,W,FR,,,,,,,,34.206998,-118.201441,ANGELES CREST HWY NB,19.78
2024-12-17 11:35:00,769998,210,W,FR,,,,,,,,34.19198,-118.181214,BERKSHIRE,21.39
2024-12-17 11:35:00,770131,210,W,FR,20.0,20.0,,,,,,34.234984,-118.290562,LA TUNA CANYON NB,14.18
2024-12-17 11:35:00,773132,210,W,FR,,,,,,,,34.152216,-118.146794,FAIR OAKS OFF,25.48
2024-12-17 11:35:00,776761,210,W,FR,53.0,4.0,49.0,,,,,34.176444,-118.162183,LINCOLN 1,22.982
2024-12-17 11:40:00,717623,210,W,FR,,,,,,,,34.164368,-118.158093,MOUNTAIN 1,23.9
2024-12-17 11:40:00,717636,210,W,FR,,,,,,,,34.152357,-118.123714,HILL,26.8
2024-12-17 11:40:00,717648,210,W,FR,31.0,8.0,10.0,13.0,,,,34.148074,-118.08377,SIERRA MADRE V1,29.17
2024-12-17 11:40:00,717652,210,W,FR,,,,,,,,34.148737,-118.071321,ROSEMEAD 1,29.879
2024-12-17 11:40:00,764346,210,W,FR,36.0,11.0,25.0,,,,,34.152648,-118.109062,ALLEN,27.64
2024-12-17 11:40:00,764349,210,W,FR,,,,,,,,34.152092,-118.143249,MARENGO,25.68
2024-12-17 11:40:00,768920,210,W,FR,,,,,,,,34.151995,-118.129451,LAKE 2 - OFF,26.47
2024-12-17 11:40:00,768927,210,W,FR,32.0,32.0,,,,,,34.152365,-118.092642,SAN GABRIEL OFF,28.58
2024-12-17 11:40:00,769300,210,W,FR,,,,,,,,34.152008,-118.153813,WB 210 TO ORANGE GRV,24.98
2024-12-17 11:40:00,769808,210,W,FR,,,,,,,,34.197068,-118.184827,FOOTHILL,20.98
2024-12-17 11:40:00,769869,210,W,FR,56.0,56.0,,,,,,34.218652,-118.239558,LA CRESCENTA,17.38
2024-12-17 11:40:00,769913,210,W,FR,37.0,37.0,,,,,,34.224897,-118.251344,PENNSYLVANIA,16.58
2024-12-17 11:40:00,769928,210,W,FR,28.0,28.0,,,,,,34.214462,-118.232443,OCEAN VIEW,17.88
2024-12-17 11:40:00,769955,210,W,FR,,,,,,,,34.206998,-118.201441,ANGELES CREST HWY NB,19.78
2024-12-17 11:40:00,769998,210,W,FR,,,,,,,,34.19198,-118.181214,BERKSHIRE,21.39
2024-12-17 11:40:00,770131,210,W,FR,14.0,14.0,,,,,,34.234984,-118.290562,LA TUNA CANYON NB,14.18
2024-12-17 11:40:00,773132,210,W,FR,,,,,,,,34.152216,-118.146794,FAIR OAKS OFF,25.48
2024-12-17 11:40:00,776761,210,W,FR,46.0,5.0,41.0,,,,,34.176444,-118.162183,LINCOLN 1,22.982
2024-12-17 11:45:00,717623,210,W,FR,,,,,,,,34.164368,-118.158093,MOUNTAIN 1,23.9
2024-12-17 11:45:00,717636,210,W,FR,,,,,,,,34.152357,-118.123714,HILL,26.8
2024-12-17 11:45:00,717648,210,W,FR,31.0,9.0,11.0,11.0,,,,34.148074,-118.08377,SIERRA MADRE V1,29.17
2024-12-17 11:45:00,717652,210,W,FR,,,,,,,,34.148737,-118.071321,ROSEMEAD 1,29.879
2024-12-17 11:45:00,764346,210,W,FR,58.0,17.0,41.0,,,,,34.152648,-118.109062,ALLEN,27.64
2024-12-17 11:45:00,764349,210,W,FR,,,,,,,,34.152092,-118.143249,MARENGO,25.68
2024-12-17 11:45:00,768920,210,W,FR,,,,,,,,34.151995,-118.129451,LAKE 2 - OFF,26.47
2024-12-17 11:45:00,768927,210,W,FR,20.0,20.0,,,,,,34.152365,-118.092642,SAN GABRIEL OFF,28.58
2024-12-17 11:45:00,769300,210,W,FR,,,,,,,,34.152008,-118.153813,WB 210 TO ORANGE GRV,24.98
2024-12-17 11:45:00,769808,210,W,FR,,,,,,,,34.197068,-118.184827,FOOTHILL,20.98
2024-12-17 11:45:00,769869,210,W,FR,44.0,44.0,,,,,,34.218652,-118.239558,LA CRESCENTA,17.38
2024-12-17 11:45:00,769913,210,W,FR,39.0,39.0,,,,,,34.224897,-118.251344,PENNSYLVANIA,16.58
2024-12-17 11:45:00,769928,210,W,FR,25.0,25.0,,,,,,34.214462,-118.232443,OCEAN VIEW,17.88
2024-12-17 11:45:00,769955,210,W,FR,,,,,,,,34.206998,-118.201441,ANGELES CREST HWY NB,19.78
2024-12-17 11:45:00,769998,210,W,FR,,,,,,,,34.19198,-118.181214,BERKSHIRE,21.39
2024-12-17 11:45:00,770131,210,W,FR,14.0,14.0,,,,,,34.234984,-118.290562,LA TUNA CANYON NB,14.18
2024-12-17 11:45:00,773132,210,W,FR,,,,,,,,34.152216,-118.146794,FAIR OAKS OFF,25.48
2024-12-17 11:45:00,776761,210,W,FR,49.0,6.0,43.0,,,,,34.176444,-118.162183,LINCOLN 1,22.982
2024-12-17 11:50:00,717623,210,W,FR,,,,,,,,34.164368,-118.158093,MOUNTAIN 1,23.9
2024-12-17 11:50:00,717636,210,W,FR,,,,,,,,34.152357,-118.123714,HILL,26.8
2024-12-17 11:50:00,717648,210,W,FR,39.0,10.0,15.0,14.0,,,,34.148074,-118.08377,SIERRA MADRE V1,29.17
2024-12-17 11:50:00,717652,210,W,FR,,,,,,,,34.148737,-118.071321,ROSEMEAD 1,29.879
2024-12-17 11:50:00,764346,210,W,FR,55.0,18.0,37.0,,,,,34.152648,-118.109062,ALLEN,27.64
2024-12-17 11:50:00,764349,210,W,FR,,,,,,,,34.152092,-118.143249,MARENGO,25.68
2024-12-17 11:50:00,768920,210,W,FR,,,,,,,,34.151995,-118.129451,LAKE 2 - OFF,26.47
2024-12-17 11:50:00,768927,210,W,FR,29.0,29.0,,,,,,34.152365,-118.092642,SAN GABRIEL OFF,28.58
2024-12-17 11:50:00,769300,210,W,FR,,,,,,,,34.152008,-118.153813,WB 210 TO ORANGE GRV,24.98
2024-12-17 11:50:00,769808,210,W,FR,,,,,,,,34.197068,-118.184827,FOOTHILL,20.98
2024-12-17 11:50:00,769869,210,W,FR,32.0,32.0,,,,,,34.218652,-118.239558,LA CRESCENTA,17.38
2024-12-17 11:50:00,769913,210,W,FR,39.0,39.0,,,,,,34.224897,-118.251344,PENNSYLVANIA,16.58
2024-12-17 11:50:00,769928,210,W,FR,27.0,27.0,,,,,,34.214462,-118.232443,OCEAN VIEW,17.88
2024-12-17 11:50:00,769955,210,W,FR,,,,,,,,34.206998,-118.201441,ANGELES CREST HWY NB,19.78
2024-12-17 11:50:00,769998,210,W,FR,,,,,,,,34.19198,-118.181214,BERKSHIRE,21.39
2024-12-17 11:50:00,770131,210,W,FR,17.0,17.0,,,,,,34.234984,-118.290562,LA TUNA CANYON NB,14.18
2024-12-17 11:50:00,773132,210,W,FR,,,,,,,,34.152216,-118.146794,FAIR OAKS OFF,25.48
2024-12-17 11:50:00,776761,210,W,FR,58.0,14.0,44.0,,,,,34.176444,-118.162183,LINCOLN 1,22.982
2024-12-17 11:55:00,717623,210,W,FR,,,,,,,,34.164368,-118.158093,MOUNTAIN 1,23.9
2024-12-17 11:55:00,717636,210,W,FR,,,,,,,,34.152357,-118.123714,HILL,26.8
2024-12-17 11:55:00,717648,210,W,FR,44.0,17.0,11.0,16.0,,,,34.148074,-118.08377,SIERRA MADRE V1,29.17
2024-12-17 11:55:00,717652,210,W,FR,,,,,,,,34.148737,-118.071321,ROSEMEAD 1,29.879
2024-12-17 11:55:00,764346,210,W,FR,56.0,18.0,38.0,,,,,34.152648,-118.109062,ALLEN,27.64
2024-12-17 11:55:00,764349,210,W,FR,,,,,,,,34.152092,-118.143249,MARENGO,25.68
2024-12-17 11:55:00,768920,210,W,FR,,,,,,,,34.151995,-118.129451,LAKE 2 - OFF,26.47
2024-12-17 11:55:00,768927,210,W,FR,34.0,34.0,,,,,,34.152365,-118.092642,SAN GABRIEL OFF,28.58
2024-12-17 11:55:00,769300,210,W,FR,,,,,,,,34.152008,-118.153813,WB 210 TO ORANGE GRV,24.98
2024-12-17 11:55:00,769808,210,W,FR,,,,,,,,34.197068,-118.184827,FOOTHILL,20.98
2024-12-17 11:55:00,769869,210,W,FR,47.0,47.0,,,,,,34.218652,-118.239558,LA CRESCENTA,17.38
2024-12-17 11:55:00,769913,210,W,FR,53.0,53.0,,,,,,34.224897,-118.251344,PENNSYLVANIA,16.58
2024-12-17 11:55:00,769928,210,W,FR,33.0,33.0,,,,,,34.214462,-118.232443,OCEAN VIEW,17.88
2024-12-17 11:55:00,769955,210,W,FR,,,,,,,,34.206998,-118.201441,ANGELES CREST HWY NB,19.78
2024-12-17 11:55:00,769998,210,W,FR,,,,,,,,34.19198,-118.181214,BERKSHIRE,21.39
2024-12-17 11:55:00,770131,210,W,FR,11.0,11.0,,,,,,34.234984,-118.290562,LA TUNA CANYON NB,14.18
2024-12-17 11:55:00,773132,210,W,FR,,,,,,,,34.152216,-118.146794,FAIR OAKS OFF,25.48
2024-12-17 11:55:00,776761,210,W,FR,48.0,8.0,40.0,,,,,34.176444,-118.162183,LINCOLN 1,22.982
2024-12-17 12:00:00,717623,210,W,FR,,,,,,,,34.164368,-118.158093,MOUNTAIN 1,23.9
2024-12-17 12:00:00,717636,210,W,FR,,,,,,,,34.152357,-118.123714,HILL,26.8
2024-12-17 12:00:00,717648,210,W,FR,40.0,8.0,14.0,18.0,,,,34.148074,-118.08377,SIERRA MADRE V1,29.17
2024-12-17 12:00:00,717652,210,W,FR,,,,,,,,34.148737,-118.071321,ROSEMEAD 1,29.879
2024-12-17 12:00:00,764346,210,W,FR,65.0,20.0,45.0,,,,,34.152648,-118.109062,ALLEN,27.64
2024-12-17 12:00:00,764349,210,W,FR,,,,,,,,34.152092,-118.143249,MARENGO,25.68
2024-12-17 12:00:00,768920,210,W,FR,,,,,,,,34.151995,-118.129451,LAKE 2 - OFF,26.47
2024-12-17 12:00:00,768927,210,W,FR,38.0,38.0,,,,,,34.152365,-118.092642,SAN GABRIEL OFF,28.58
2024-12-17 12:00:00,769300,210,W,FR,,,,,,,,34.152008,-118.153813,WB 210 TO ORANGE GRV,24.98
2024-12-17 12:00:00,769808,210,W,FR,,,,,,,,34.197068,-118.184827,FOOTHILL,20.98
2024-12-17 12:00:00,769869,210,W,FR,41.0,41.0,,,,,,34.218652,-118.239558,LA CRESCENTA,17.38
2024-12-17 12:00:00,769913,210,W,FR,35.0,35.0,,,,,,34.224897,-118.251344,PENNSYLVANIA,16.58
2024-12-17 12:00:00,769928,210,W,FR,28.0,28.0,,,,,,34.214462,-118.232443,OCEAN VIEW,17.88
2024-12-17 12:00:00,769955,210,W,FR,,,,,,,,34.206998,-118.201441,ANGELES CREST HWY NB,19.78
2024-12-17 12:00:00,769998,210,W,FR,,,,,,,,34.19198,-118.181214,BERKSHIRE,21.39
2024-12-17 12:00:00,770131,210,W,FR,6.0,6.0,,,,,,34.234984,-118.290562,LA TUNA CANYON NB,14.18
2024-12-17 12:00:00,773132,210,W,FR,,,,,,,,34.152216,-118.146794,FAIR OAKS OFF,25.48
2024-12-17 12:00:00,776761,210,W,FR,62.0,7.0,55.0,,,,,34.176444,-118.162183,LINCOLN 1,22.982
2024-12-17 12:05:00,717623,210,W,FR,,,,,,,,34.164368,-118.158093,MOUNTAIN 1,23.9
2024-12-17 12:05:00,717636,210,W,FR,,,,,,,,34.152357,-118.123714,HILL,26.8
2024-12-17 12:05:00,717648,210,W,FR,44.0,11.0,15.0,18.0,,,,34.148074,-118.08377,SIERRA MADRE V1,29.17
2024-12-17 12:05:00,717652,210,W,FR,,,,,,,,34.148737,-118.071321,ROSEMEAD 1,29.879
2024-12-17 12:05:00,764346,210,W,FR,66.0,19.0,47.0,,,,,34.152648,-118.109062,ALLEN,27.64
2024-12-17 12:05:00,764349,210,W,FR,,,,,,,,34.152092,-118.143249,MARENGO,25.68
2024-12-17 12:05:00,768920,210,W,FR,,,,,,,,34.151995,-118.129451,LAKE 2 - OFF,26.47
2024-12-17 12:05:00,768927,210,W,FR,44.0,44.0,,,,,,34.152365,-118.092642,SAN GABRIEL OFF,28.58
2024-12-17 12:05:00,769300,210,W,FR,,,,,,,,34.152008,-118.153813,WB 210 TO ORANGE GRV,24.98
2024-12-17 12:05:00,769808,210,W,FR,,,,,,,,34.197068,-118.184827,FOOTHILL,20.98
2024-12-17 12:05:00,769869,210,W,FR,61.0,61.0,,,,,,34.218652,-118.239558,LA CRESCENTA,17.38
2024-12-17 12:05:00,769913,210,W,FR,32.0,32.0,,,,,,34.224897,-118.251344,PENNSYLVANIA,16.58
2024-12-17 12:05:00,769928,210,W,FR,20.0,20.0,,,,,,34.214462,-118.232443,OCEAN VIEW,17.88
2024-12-17 12:05:00,769955,210,W,FR,,,,,,,,34.206998,-118.201441,ANGELES CREST HWY NB,19.78
2024-12-17 12:05:00,769998,210,W,FR,,,,,,,,34.19198,-118.181214,BERKSHIRE,21.39
2024-12-17 12:05:00,770131,210,W,FR,19.0,19.0,,,,,,34.234984,-118.290562,LA TUNA CANYON NB,14.18
2024-12-17 12:05:00,773132,210,W,FR,,,,,,,,34.152216,-118.146794,FAIR OAKS OFF,25.48
2024-12-17 12:05:00,776761,210,W,FR,49.0,2.0,47.0,,,,,34.176444,-118.162183,LINCOLN 1,22.982
2024-12-17 12:10:00,717623,210,W,FR,,,,,,,,34.164368,-118.158093,MOUNTAIN 1,23.9
2024-12-17 12:10:00,717636,210,W,FR,,,,,,,,34.152357,-118.123714,HILL,26.8
2024-12-17 12:10:00,717648,210,W,FR,32.0,10.0,8.0,14.0,,,,34.148074,-118.08377,SIERRA MADRE V1,29.17
2024-12-17 12:10:00,717652,210,W,FR,,,,,,,,34.148737,-118.071321,ROSEMEAD 1,29.879
2024-12-17 12:10:00,764346,210,W,FR,65.0,20.0,45.0,,,,,34.152648,-118.109062,ALLEN,27.64
2024-12-17 12:10:00,764349,210,W,FR,,,,,,,,34.152092,-118.143249,MARENGO,25.68
2024-12-17 12:10:00,768920,210,W,FR,,,,,,,,34.151995,-118.129451,LAKE 2 - OFF,26.47
2024-12-17 12:10:00,768927,210,W,FR,54.0,54.0,,,,,,34.152365,-118.092642,SAN GABRIEL OFF,28.58
2024-12-17 12:10:00,769300,210,W,FR,,,,,,,,34.152008,-118.153813,WB 210 TO ORANGE GRV,24.98
2024-12-17 12:10:00,769808,210,W,FR,,,,,,,,34.197068,-118.184827,FOOTHILL,20.98
2024-12-17 12:10:00,769869,210,W,FR,37.0,37.0,,,,,,34.218652,-118.239558,LA CRESCENTA,17.38
2024-12-17 12:10:00,769913,210,W,FR,36.0,36.0,,,,,,34.224897,-118.251344,PENNSYLVANIA,16.58
2024-12-17 12:10:00,769928,210,W,FR,39.0,39.0,,,,,,34.214462,-118.232443,OCEAN VIEW,17.88
2024-12-17 12:10:00,769955,210,W,FR,,,,,,,,34.206998,-118.201441,ANGELES CREST HWY NB,19.78
2024-12-17 12:10:00,769998,210,W,FR,,,,,,,,34.19198,-118.181214,BERKSHIRE,21.39
2024-12-17 12:10:00,770131,210,W,FR,17.0,17.0,,,,,,34.234984,-118.290562,LA TUNA CANYON NB,14.18
2024-12-17 12:10:00,773132,210,W,FR,,,,,,,,34.152216,-118.146794,FAIR OAKS OFF,25.48
2024-12-17 12:10:00,776761,210,W,FR,30.0,5.0,25.0,,,,,34.176444,-118.162183,LINCOLN 1,22.982
2024-12-17 12:15:00,717623,210,W,FR,,,,,,,,34.164368,-118.158093,MOUNTAIN 1,23.9
2024-12-17 12:15:00,717636,210,W,FR,,,,,,,,34.152357,-118.123714,HILL,26.8
2024-12-17 12:15:00,717648,210,W,FR,42.0,8.0,15.0,19.0,,,,34.148074,-118.08377,SIERRA MADRE V1,29.17
2024-12-17 12:15:00,717652,210,W,FR,,,,,,,,34.148737,-118.071321,ROSEMEAD 1,29.879
2024-12-17 12:15:00,764346,210,W,FR,45.0,13.0,32.0,,,,,34.152648,-118.109062,ALLEN,27.64
2024-12-17 12:15:00,764349,210,W,FR,,,,,,,,34.152092,-118.143249,MARENGO,25.68
2024-12-17 12:15:00,768920,210,W,FR,,,,,,,,34.151995,-118.129451,LAKE 2 - OFF,26.47
2024-12-17 12:15:00,768927,210,W,FR,43.0,43.0,,,,,,34.152365,-118.092642,SAN GABRIEL OFF,28.58
2024-12-17 12:15:00,769300,210,W,FR,,,,,,,,34.152008,-118.153813,WB 210 TO ORANGE GRV,24.98
2024-12-17 12:15:00,769808,210,W,FR,,,,,,,,34.197068,-118.184827,FOOTHILL,20.98
2024-12-17 12:15:00,769869,210,W,FR,47.0,47.0,,,,,,34.218652,-118.239558,LA CRESCENTA,17.38
2024-12-17 12:15:00,769913,210,W,FR,42.0,42.0,,,,,,34.224897,-118.251344,PENNSYLVANIA,16.58
2024-12-17 12:15:00,769928,210,W,FR,23.0,23.0,,,,,,34.214462,-118.232443,OCEAN VIEW,17.88
2024-12-17 12:15:00,769955,210,W,FR,,,,,,,,34.206998,-118.201441,ANGELES CREST HWY NB,19.78
2024-12-17 12:15:00,769998,210,W,FR,,,,,,,,34.19198,-118.181214,BERKSHIRE,21.39
2024-12-17 12:15:00,770131,210,W,FR,16.0,16.0,,,,,,34.234984,-118.290562,LA TUNA CANYON NB,14.18
2024-12-17 12:15:00,773132,210,W,FR,,,,,,,,34.152216,-118.146794,FAIR OAKS OFF,25.48
2024-12-17 12:15:00,776761,210,W,FR,51.0,8.0,43.0,,,,,34.176444,-118.162183,LINCOLN 1,22.982
2024-12-17 12:20:00,717623,210,W,FR,,,,,,,,34.164368,-118.158093,MOUNTAIN 1,23.9
2024-12-17 12:20:00,717636,210,W,FR,,,,,,,,34.152357,-118.123714,HILL,26.8
2024-12-17 12:20:00,717648,210,W,FR,44.0,9.0,9.0,26.0,,,,34.148074,-118.08377,SIERRA MADRE V1,29.17
2024-12-17 12:20:00,717652,210,W,FR,,,,,,,,34.148737,-118.071321,ROSEMEAD 1,29.879
2024-12-17 12:20:00,764346,210,W,FR,43.0,8.0,35.0,,,,,34.152648,-118.109062,ALLEN,27.64
2024-12-17 12:20:00,764349,210,W,FR,,,,,,,,34.152092,-118.143249,MARENGO,25.68
2024-12-17 12:20:00,768920,210,W,FR,,,,,,,,34.151995,-118.129451,LAKE 2 - OFF,26.47
2024-12-17 12:20:00,768927,210,W,FR,43.0,43.0,,,,,,34.152365,-118.092642,SAN GABRIEL OFF,28.58
2024-12-17 12:20:00,769300,210,W,FR,,,,,,,,34.152008,-118.153813,WB 210 TO ORANGE GRV,24.98
2024-12-17 12:20:00,769808,210,W,FR,,,,,,,,34.197068,-118.184827,FOOTHILL,20.98
2024-12-17 12:20:00,769869,210,W,FR,36.0,36.0,,,,,,34.218652,-118.239558,LA CRESCENTA,17.38
2024-12-17 12:20:00,769913,210,W,FR,47.0,47.0,,,,,,34.224897,-118.251344,PENNSYLVANIA,16.58
2024-12-17 12:20:00,769928,210,W,FR,29.0,29.0,,,,,,34.214462,-118.232443,OCEAN VIEW,17.88
2024-12-17 12:20:00,769955,210,W,FR,,,,,,,,34.206998,-118.201441,ANGELES CREST HWY NB,19.78
2024-12-17 12:20:00,769998,210,W,FR,,,,,,,,34.19198,-118.181214,BERKSHIRE,21.39
2024-12-17 12:20:00,770131,210,W,FR,13.0,13.0,,,,,,34.234984,-118.290562,LA TUNA CANYON NB,14.18
2024-12-17 12:20:00,773132,210,W,FR,,,,,,,,34.152216,-118.146794,FAIR OAKS OFF,25.48
2024-12-17 12:20:00,776761,210,W,FR,46.0,2.0,44.0,,,,,34.176444,-118.162183,LINCOLN 1,22.982
2024-12-17 12:25:00,717623,210,W,FR,,,,,,,,34.164368,-118.158093,MOUNTAIN 1,23.9
2024-12-17 12:25:00,717636,210,W,FR,,,,,,,,34.152357,-118.123714,HILL,26.8
2024-12-17 12:25:00,717648,210,W,FR,39.0,12.0,14.0,13.0,,,,34.148074,-118.08377,SIERRA MADRE V1,29.17
2024-12-17 12:25:00,717652,210,W,FR,,,,,,,,34.148737,-118.071321,ROSEMEAD 1,29.879
2024-12-17 12:25:00,764346,210,W,FR,49.0,11.0,38.0,,,,,34.152648,-118.109062,ALLEN,27.64
2024-12-17 12:25:00,764349,210,W,FR,,,,,,,,34.152092,-118.143249,MARENGO,25.68
2024-12-17 12:25:00,768920,210,W,FR,,,,,,,,34.151995,-118.129451,LAKE 2 - OFF,26.47
2024-12-17 12:25:00,768927,210,W,FR,39.0,39.0,,,,,,34.152365,-118.092642,SAN GABRIEL OFF,28.58
2024-12-17 12:25:00,769300,210,W,FR,,,,,,,,34.152008,-118.153813,WB 210 TO ORANGE GRV,24.98
2024-12-17 12:25:00,769808,210,W,FR,,,,,,,,34.197068,-118.184827,FOOTHILL,20.98
2024-12-17 12:25:00,769869,210,W,FR,29.0,29.0,,,,,,34.218652,-118.239558,LA CRESCENTA,17.38
2024-12-17 12:25:00,769913,210,W,FR,43.0,43.0,,,,,,34.224897,-118.251344,PENNSYLVANIA,16.58
2024-12-17 12:25:00,769928,210,W,FR,32.0,32.0,,,,,,34.214462,-118.232443,OCEAN VIEW,17.88
2024-12-17 12:25:00,769955,210,W,FR,,,,,,,,34.206998,-118.201441,ANGELES CREST HWY NB,19.78
2024-12-17 12:25:00,769998,210,W,FR,,,,,,,,34.19198,-118.181214,BERKSHIRE,21.39
2024-12-17 12:25:00,770131,210,W,FR,14.0,14.0,,,,,,34.234984,-118.290562,LA TUNA CANYON NB,14.18
2024-12-17 12:25:00,773132,210,W,FR,,,,,,,,34.152216,-118.146794,FAIR OAKS OFF,25.48
2024-12-17 12:25:00,776761,210,W,FR,38.0,9.0,29.0,,,,,34.176444,-118.162183,LINCOLN 1,22.982
2024-12-17 12:30:00,717623,210,W,FR,,,,,,,,34.164368,-118.158093,MOUNTAIN 1,23.9
2024-12-17 12:30:00,717636,210,W,FR,,,,,,,,34.152357,-118.123714,HILL,26.8
2024-12-17 12:30:00,717648,210,W,FR,39.0,7.0,12.0,20.0,,,,34.148074,-118.08377,SIERRA MADRE V1,29.17
2024-12-17 12:30:00,717652,210,W,FR,,,,,,,,34.148737,-118.071321,ROSEMEAD 1,29.879
2024-12-17 12:30:00,764346,210,W,FR,44.0,10.0,34.0,,,,,34.152648,-118.109062,ALLEN,27.64
2024-12-17 12:30:00,764349,210,W,FR,,,,,,,,34.152092,-118.143249,MARENGO,25.68
2024-12-17 12:30:00,768920,210,W,FR,,,,,,,,34.151995,-118.129451,LAKE 2 - OFF,26.47
2024-12-17 12:30:00,768927,210,W,FR,45.0,45.0,,,,,,34.152365,-118.092642,SAN GABRIEL OFF,28.58
2024-12-17 12:30:00,769300,210,W,FR,,,,,,,,34.152008,-118.153813,WB 210 TO ORANGE GRV,24.98
2024-12-17 12:30:00,769808,210,W,FR,,,,,,,,34.197068,-118.184827,FOOTHILL,20.98
2024-12-17 12:30:00,769869,210,W,FR,43.0,43.0,,,,,,34.218652,-118.239558,LA CRESCENTA,17.38
2024-12-17 12:30:00,769913,210,W,FR,55.0,55.0,,,,,,34.224897,-118.251344,PENNSYLVANIA,16.58
2024-12-17 12:30:00,769928,210,W,FR,34.0,34.0,,,,,,34.214462,-118.232443,OCEAN VIEW,17.88
2024-12-17 12:30:00,769955,210,W,FR,,,,,,,,34.206998,-118.201441,ANGELES CREST HWY NB,19.78
2024-12-17 12:30:00,769998,210,W,FR,,,,,,,,34.19198,-118.181214,BERKSHIRE,21.39
2024-12-17 12:30:00,770131,210,W,FR,9.0,9.0,,,,,,34.234984,-118.290562,LA TUNA CANYON NB,14.18
2024-12-17 12:30:00,773132,210,W,FR,,,,,,,,34.152216,-118.146794,FAIR OAKS OFF,25.48
2024-12-17 12:30:00,776761,210,W,FR,37.0,6.0,31.0,,,,,34.176444,-118.162183,LINCOLN 1,22.982
2024-12-17 12:35:00,717623,210,W,FR,,,,,,,,34.164368,-118.158093,MOUNTAIN 1,23.9
2024-12-17 12:35:00,717636,210,W,FR,,,,,,,,34.152357,-118.123714,HILL,26.8
2024-12-17 12:35:00,717648,210,W,FR,38.0,9.0,12.0,17.0,,,,34.148074,-118.08377,SIERRA MADRE V1,29.17
2024-12-17 12:35:00,717652,210,W,FR,,,,,,,,34.148737,-118.071321,ROSEMEAD 1,29.879
2024-12-17 12:35:00,764346,210,W,FR,43.0,11.0,32.0,,,,,34.152648,-118.109062,ALLEN,27.64
2024-12-17 12:35:00,764349,210,W,FR,,,,,,,,34.152092,-118.143249,MARENGO,25.68
2024-12-17 12:35:00,768920,210,W,FR,,,,,,,,34.151995,-118.129451,LAKE 2 - OFF,26.47
2024-12-17 12:35:00,768927,210,W,FR,33.0,33.0,,,,,,34.152365,-118.092642,SAN GABRIEL OFF,28.58
2024-12-17 12:35:00,769300,210,W,FR,,,,,,,,34.152008,-118.153813,WB 210 TO ORANGE GRV,24.98
2024-12-17 12:35:00,769808,210,W,FR,,,,,,,,34.197068,-118.184827,FOOTHILL,20.98
2024-12-17 12:35:00,769869,210,W,FR,38.0,38.0,,,,,,34.218652,-118.239558,LA CRESCENTA,17.38
2024-12-17 12:35:00,769913,210,W,FR,49.0,49.0,,,,,,34.224897,-118.251344,PENNSYLVANIA,16.58
2024-12-17 12:35:00,769928,210,W,FR,29.0,29.0,,,,,,34.214462,-118.232443,OCEAN VIEW,17.88
2024-12-17 12:35:00,769955,210,W,FR,,,,,,,,34.206998,-118.201441,ANGELES CREST HWY NB,19.78
2024-12-17 12:35:00,769998,210,W,FR,,,,,,,,34.19198,-118.181214,BERKSHIRE,21.39
2024-12-17 12:35:00,770131,210,W,FR,14.0,14.0,,,,,,34.234984,-118.290562,LA TUNA CANYON NB,14.18
2024-12-17 12:35:00,773132,210,W,FR,,,,,,,,34.152216,-118.146794,FAIR OAKS OFF,25.48
2024-12-17 12:35:00,776761,210,W,FR,58.0,5.0,53.0,,,,,34.176444,-118.162183,LINCOLN 1,22.982
2024-12-17 12:40:00,717623,210,W,FR,,,,,,,,34.164368,-118.158093,MOUNTAIN 1,23.9
2024-12-17 12:40:00,717636,210,W,FR,,,,,,,,34.152357,-118.123714,HILL,26.8
2024-12-17 12:40:00,717648,210,W,FR,41.0,11.0,13.0,17.0,,,,34.148074,-118.08377,SIERRA MADRE V1,29.17
2024-12-17 12:40:00,717652,210,W,FR,,,,,,,,34.148737,-118.071321,ROSEMEAD 1,29.879
2024-12-17 12:40:00,764346,210,W,FR,55.0,12.0,43.0,,,,,34.152648,-118.109062,ALLEN,27.64
2024-12-17 12:40:00,764349,210,W,FR,,,,,,,,34.152092,-118.143249,MARENGO,25.68
2024-12-17 12:40:00,768920,210,W,FR,,,,,,,,34.151995,-118.129451,LAKE 2 - OFF,26.47
2024-12-17 12:40:00,768927,210,W,FR,45.0,45.0,,,,,,34.152365,-118.092642,SAN GABRIEL OFF,28.58
2024-12-17 12:40:00,769300,210,W,FR,,,,,,,,34.152008,-118.153813,WB 210 TO ORANGE GRV,24.98
2024-12-17 12:40:00,769808,210,W,FR,,,,,,,,34.197068,-118.184827,FOOTHILL,20.98
2024-12-17 12:40:00,769869,210,W,FR,45.0,45.0,,,,,,34.218652,-118.239558,LA CRESCENTA,17.38
2024-12-17 12:40:00,769913,210,W,FR,42.0,42.0,,,,,,34.224897,-118.251344,PENNSYLVANIA,16.58
2024-12-17 12:40:00,769928,210,W,FR,30.0,30.0,,,,,,34.214462,-118.232443,OCEAN VIEW,17.88
2024-12-17 12:40:00,769955,210,W,FR,,,,,,,,34.206998,-118.201441,ANGELES CREST HWY NB,19.78
2024-12-17 12:40:00,769998,210,W,FR,,,,,,,,34.19198,-118.181214,BERKSHIRE,21.39
2024-12-17 12:40:00,770131,210,W,FR,17.0,17.0,,,,,,34.234984,-118.290562,LA TUNA CANYON NB,14.18
2024-12-17 12:40:00,773132,210,W,FR,,,,,,,,34.152216,-118.146794,FAIR OAKS OFF,25.48
2024-12-17 12:40:00,776761,210,W,FR,65.0,2.0,63.0,,,,,34.176444,-118.162183,LINCOLN 1,22.982
2024-12-17 12:45:00,717623,210,W,FR,,,,,,,,34.164368,-118.158093,MOUNTAIN 1,23.9
2024-12-17 12:45:00,717636,210,W,FR,,,,,,,,34.152357,-118.123714,HILL,26.8
2024-12-17 12:45:00,717648,210,W,FR,50.0,18.0,12.0,20.0,,,,34.148074,-118.08377,SIERRA MADRE V1,29.17
2024-12-17 12:45:00,717652,210,W,FR,,,,,,,,34.148737,-118.071321,ROSEMEAD 1,29.879
2024-12-17 12:45:00,764346,210,W,FR,66.0,17.0,49.0,,,,,34.152648,-118.109062,ALLEN,27.64
2024-12-17 12:45:00,764349,210,W,FR,,,,,,,,34.152092,-118.143249,MARENGO,25.68
2024-12-17 12:45:00,768920,210,W,FR,,,,,,,,34.151995,-118.129451,LAKE 2 - OFF,26.47
2024-12-17 12:45:00,768927,210,W,FR,66.0,66.0,,,,,,34.152365,-118.092642,SAN GABRIEL OFF,28.58
2024-12-17 12:45:00,769300,210,W,FR,,,,,,,,34.152008,-118.153813,WB 210 TO ORANGE GRV,24.98
2024-12-17 12:45:00,769808,210,W,FR,,,,,,,,34.197068,-118.184827,FOOTHILL,20.98
2024-12-17 12:45:00,769869,210,W,FR,39.0,39.0,,,,,,34.218652,-118.239558,LA CRESCENTA,17.38
2024-12-17 12:45:00,769913,210,W,FR,39.0,39.0,,,,,,34.224897,-118.251344,PENNSYLVANIA,16.58
2024-12-17 12:45:00,769928,210,W,FR,32.0,32.0,,,,,,34.214462,-118.232443,OCEAN VIEW,17.88
2024-12-17 12:45:00,769955,210,W,FR,,,,,,,,34.206998,-118.201441,ANGELES CREST HWY NB,19.78
2024-12-17 12:45:00,769998,210,W,FR,,,,,,,,34.19198,-118.181214,BERKSHIRE,21.39
2024-12-17 12:45:00,770131,210,W,FR,14.0,14.0,,,,,,34.234984,-118.290562,LA TUNA CANYON NB,14.18
2024-12-17 12:45:00,773132,210,W,FR,,,,,,,,34.152216,-118.146794,FAIR OAKS OFF,25.48
2024-12-17 12:45:00,776761,210,W,FR,47.0,0.0,47.0,,,,,34.176444,-118.162183,LINCOLN 1,22.982
2024-12-17 12:50:00,717623,210,W,FR,,,,,,,,34.164368,-118.158093,MOUNTAIN 1,23.9
2024-12-17 12:50:00,717636,210,W,FR,,,,,,,,34.152357,-118.123714,HILL,26.8
2024-12-17 12:50:00,717648,210,W,FR,36.0,9.0,8.0,19.0,,,,34.148074,-118.08377,SIERRA MADRE V1,29.17
2024-12-17 12:50:00,717652,210,W,FR,,,,,,,,34.148737,-118.071321,ROSEMEAD 1,29.879
2024-12-17 12:50:00,764346,210,W,FR,58.0,19.0,39.0,,,,,34.152648,-118.109062,ALLEN,27.64
2024-12-17 12:50:00,764349,210,W,FR,,,,,,,,34.152092,-118.143249,MARENGO,25.68
2024-12-17 12:50:00,768920,210,W,FR,,,,,,,,34.151995,-118.129451,LAKE 2 - OFF,26.47
2024-12-17 12:50:00,768927,210,W,FR,57.0,57.0,,,,,,34.152365,-118.092642,SAN GABRIEL OFF,28.58
2024-12-17 12:50:00,769300,210,W,FR,,,,,,,,34.152008,-118.153813,WB 210 TO ORANGE GRV,24.98
2024-12-17 12:50:00,769808,210,W,FR,,,,,,,,34.197068,-118.184827,FOOTHILL,20.98
2024-12-17 12:50:00,769869,210,W,FR,29.0,29.0,,,,,,34.218652,-118.239558,LA CRESCENTA,17.38
2024-12-17 12:50:00,769913,210,W,FR,52.0,52.0,,,,,,34.224897,-118.251344,PENNSYLVANIA,16.58
2024-12-17 12:50:00,769928,210,W,FR,30.0,30.0,,,,,,34.214462,-118.232443,OCEAN VIEW,17.88
2024-12-17 12:50:00,769955,210,W,FR,,,,,,,,34.206998,-118.201441,ANGELES CREST HWY NB,19.78
2024-12-17 12:50:00,769998,210,W,FR,,,,,,,,34.19198,-118.181214,BERKSHIRE,21.39
2024-12-17 12:50:00,770131,210,W,FR,13.0,13.0,,,,,,34.234984,-118.290562,LA TUNA CANYON NB,14.18
2024-12-17 12:50:00,773132,210,W,FR,,,,,,,,34.152216,-118.146794,FAIR OAKS OFF,25.48
2024-12-17 12:50:00,776761,210,W,FR,40.0,1.0,39.0,,,,,34.176444,-118.162183,LINCOLN 1,22.982
2024-12-17 12:55:00,717623,210,W,FR,,,,,,,,34.164368,-118.158093,MOUNTAIN 1,23.9
2024-12-17 12:55:00,717636,210,W,FR,,,,,,,,34.152357,-118.123714,HILL,26.8
2024-12-17 12:55:00,717648,210,W,FR,55.0,18.0,17.0,20.0,,,,34.148074,-118.08377,SIERRA MADRE V1,29.17
2024-12-17 12:55:00,717652,210,W,FR,,,,,,,,34.148737,-118.071321,ROSEMEAD 1,29.879
2024-12-17 12:55:00,764346,210,W,FR,57.0,12.0,45.0,,,,,34.152648,-118.109062,ALLEN,27.64
2024-12-17 12:55:00,764349,210,W,FR,,,,,,,,34.152092,-118.143249,MARENGO,25.68
2024-12-17 12:55:00,768920,210,W,FR,,,,,,,,34.151995,-118.129451,LAKE 2 - OFF,26.47
2024-12-17 12:55:00,768927,210,W,FR,63.0,63.0,,,,,,34.152365,-118.092642,SAN GABRIEL OFF,28.58
2024-12-17 12:55:00,769300,210,W,FR,,,,,,,,34.152008,-118.153813,WB 210 TO ORANGE GRV,24.98
2024-12-17 12:55:00,769808,210,W,FR,,,,,,,,34.197068,-118.184827,FOOTHILL,20.98
2024-12-17 12:55:00,769869,210,W,FR,33.0,33.0,,,,,,34.218652,-118.239558,LA CRESCENTA,17.38
2024-12-17 12:55:00,769913,210,W,FR,58.0,58.0,,,,,,34.224897,-118.251344,PENNSYLVANIA,16.58
2024-12-17 12:55:00,769928,210,W,FR,41.0,41.0,,,,,,34.214462,-118.232443,OCEAN VIEW,17.88
2024-12-17 12:55:00,769955,210,W,FR,,,,,,,,34.206998,-118.201441,ANGELES CREST HWY NB,19.78
2024-12-17 12:55:00,769998,210,W,FR,,,,,,,,34.19198,-118.181214,BERKSHIRE,21.39
2024-12-17 12:55:00,770131,210,W,FR,16.0,16.0,,,,,,34.234984,-118.290562,LA TUNA CANYON NB,14.18
2024-12-17 12:55:00,773132,210,W,FR,,,,,,,,34.152216,-118.146794,FAIR OAKS OFF,25.48
2024-12-17 12:55:00,776761,210,W,FR,45.0,6.0,39.0,,,,,34.176444,-118.162183,LINCOLN 1,22.982
2024-12-17 13:00:00,717623,210,W,FR,,,,,,,,34.164368,-118.158093,MOUNTAIN 1,23.9
2024-12-17 13:00:00,717636,210,W,FR,,,,,,,,34.152357,-118.123714,HILL,26.8
2024-12-17 13:00:00,717648,210,W,FR,50.0,11.0,14.0,25.0,,,,34.148074,-118.08377,SIERRA MADRE V1,29.17
2024-12-17 13:00:00,717652,210,W,FR,,,,,,,,34.148737,-118.071321,ROSEMEAD 1,29.879
2024-12-17 13:00:00,764346,210,W,FR,68.0,19.0,49.0,,,,,34.152648,-118.109062,ALLEN,27.64
2024-12-17 13:00:00,764349,210,W,FR,,,,,,,,34.152092,-118.143249,MARENGO,25.68
2024-12-17 13:00:00,768920,210,W,FR,,,,,,,,34.151995,-118.129451,LAKE 2 - OFF,26.47
2024-12-17 13:00:00,768927,210,W,FR,45.0,45.0,,,,,,34.152365,-118.092642,SAN GABRIEL OFF,28.58
2024-12-17 13:00:00,769300,210,W,FR,,,,,,,,34.152008,-118.153813,WB 210 TO ORANGE GRV,24.98
2024-12-17 13:00:00,769808,210,W,FR,,,,,,,,34.197068,-118.184827,FOOTHILL,20.98
2024-12-17 13:00:00,769869,210,W,FR,34.0,34.0,,,,,,34.218652,-118.239558,LA CRESCENTA,17.38
2024-12-17 13:00:00,769913,210,W,FR,48.0,48.0,,,,,,34.224897,-118.251344,PENNSYLVANIA,16.58
2024-12-17 13:00:00,769928,210,W,FR,34.0,34.0,,,,,,34.214462,-118.232443,OCEAN VIEW,17.88
2024-12-17 13:00:00,769955,210,W,FR,,,,,,,,34.206998,-118.201441,ANGELES CREST HWY NB,19.78
2024-12-17 13:00:00,769998,210,W,FR,,,,,,,,34.19198,-118.181214,BERKSHIRE,21.39
2024-12-17 13:00:00,770131,210,W,FR,18.0,18.0,,,,,,34.234984,-118.290562,LA TUNA CANYON NB,14.18
2024-12-17 13:00:00,773132,210,W,FR,,,,,,,,34.152216,-118.146794,FAIR OAKS OFF,25.48
2024-12-17 13:00:00,776761,210,W,FR,57.0,3.0,54.0,,,,,34.176444,-118.162183,LINCOLN 1,22.982
2024-12-17 13:05:00,717623,210,W,FR,,,,,,,,34.164368,-118.158093,MOUNTAIN 1,23.9
2024-12-17 13:05:00,717636,210,W,FR,,,,,,,,34.152357,-118.123714,HILL,26.8
2024-12-17 13:05:00,717648,210,W,FR,41.0,9.0,12.0,20.0,,,,34.148074,-118.08377,SIERRA MADRE V1,29.17
2024-12-17 13:05:00,717652,210,W,FR,,,,,,,,34.148737,-118.071321,ROSEMEAD 1,29.879
2024-12-17 13:05:00,764346,210,W,FR,57.0,16.0,41.0,,,,,34.152648,-118.109062,ALLEN,27.64
2024-12-17 13:05:00,764349,210,W,FR,,,,,,,,34.152092,-118.143249,MARENGO,25.68
2024-12-17 13:05:00,768920,210,W,FR,,,,,,,,34.151995,-118.129451,LAKE 2 - OFF,26.47
2024-12-17 13:05:00,768927,210,W,FR,26.0,26.0,,,,,,34.152365,-118.092642,SAN GABRIEL OFF,28.58
2024-12-17 13:05:00,769300,210,W,FR,,,,,,,,34.152008,-118.153813,WB 210 TO ORANGE GRV,24.98
2024-12-17 13:05:00,769808,210,W,FR,,,,,,,,34.197068,-118.184827,FOOTHILL,20.98
2024-12-17 13:05:00,769869,210,W,FR,34.0,34.0,,,,,,34.218652,-118.239558,LA CRESCENTA,17.38
2024-12-17 13:05:00,769913,210,W,FR,45.0,45.0,,,,,,34.224897,-118.251344,PENNSYLVANIA,16.58
2024-12-17 13:05:00,769928,210,W,FR,30.0,30.0,,,,,,34.214462,-118.232443,OCEAN VIEW,17.88
2024-12-17 13:05:00,769955,210,W,FR,,,,,,,,34.206998,-118.201441,ANGELES CREST HWY NB,19.78
2024-12-17 13:05:00,769998,210,W,FR,,,,,,,,34.19198,-118.181214,BERKSHIRE,21.39
2024-12-17 13:05:00,770131,210,W,FR,12.0,12.0,,,,,,34.234984,-118.290562,LA TUNA CANYON NB,14.18
2024-12-17 13:05:00,773132,210,W,FR,,,,,,,,34.152216,-118.146794,FAIR OAKS OFF,25.48
2024-12-17 13:05:00,776761,210,W,FR,45.0,2.0,43.0,,,,,34.176444,-118.162183,LINCOLN 1,22.982
2024-12-17 13:10:00,717623,210,W,FR,,,,,,,,34.164368,-118.158093,MOUNTAIN 1,23.9
2024-12-17 13:10:00,717636,210,W,FR,,,,,,,,34.152357,-118.123714,HILL,26.8
2024-12-17 13:10:00,717648,210,W,FR,49.0,15.0,18.0,16.0,,,,34.148074,-118.08377,SIERRA MADRE V1,29.17
2024-12-17 13:10:00,717652,210,W,FR,,,,,,,,34.148737,-118.071321,ROSEMEAD 1,29.879
2024-12-17 13:10:00,764346,210,W,FR,55.0,11.0,44.0,,,,,34.152648,-118.109062,ALLEN,27.64
2024-12-17 13:10:00,764349,210,W,FR,,,,,,,,34.152092,-118.143249,MARENGO,25.68
2024-12-17 13:10:00,768920,210,W,FR,,,,,,,,34.151995,-118.129451,LAKE 2 - OFF,26.47
2024-12-17 13:10:00,768927,210,W,FR,41.0,41.0,,,,,,34.152365,-118.092642,SAN GABRIEL OFF,28.58
2024-12-17 13:10:00,769300,210,W,FR,,,,,,,,34.152008,-118.153813,WB 210 TO ORANGE GRV,24.98
2024-12-17 13:10:00,769808,210,W,FR,,,,,,,,34.197068,-118.184827,FOOTHILL,20.98
2024-12-17 13:10:00,769869,210,W,FR,44.0,44.0,,,,,,34.218652,-118.239558,LA CRESCENTA,17.38
2024-12-17 13:10:00,769913,210,W,FR,40.0,40.0,,,,,,34.224897,-118.251344,PENNSYLVANIA,16.58
2024-12-17 13:10:00,769928,210,W,FR,32.0,32.0,,,,,,34.214462,-118.232443,OCEAN VIEW,17.88
2024-12-17 13:10:00,769955,210,W,FR,,,,,,,,34.206998,-118.201441,ANGELES CREST HWY NB,19.78
2024-12-17 13:10:00,769998,210,W,FR,,,,,,,,34.19198,-118.181214,BERKSHIRE,21.39
2024-12-17 13:10:00,770131,210,W,FR,11.0,11.0,,,,,,34.234984,-118.290562,LA TUNA CANYON NB,14.18
2024-12-17 13:10:00,773132,210,W,FR,,,,,,,,34.152216,-118.146794,FAIR OAKS OFF,25.48
2024-12-17 13:10:00,776761,210,W,FR,44.0,6.0,38.0,,,,,34.176444,-118.162183,LINCOLN 1,22.982
2024-12-17 13:15:00,717623,210,W,FR,,,,,,,,34.164368,-118.158093,MOUNTAIN 1,23.9
2024-12-17 13:15:00,717636,210,W,FR,,,,,,,,34.152357,-118.123714,HILL,26.8
2024-12-17 13:15:00,717648,210,W,FR,42.0,13.0,13.0,16.0,,,,34.148074,-118.08377,SIERRA MADRE V1,29.17
2024-12-17 13:15:00,717652,210,W,FR,,,,,,,,34.148737,-118.071321,ROSEMEAD 1,29.879
2024-12-17 13:15:00,764346,210,W,FR,61.0,21.0,40.0,,,,,34.152648,-118.109062,ALLEN,27.64
2024-12-17 13:15:00,764349,210,W,FR,,,,,,,,34.152092,-118.143249,MARENGO,25.68
2024-12-17 13:15:00,768920,210,W,FR,,,,,,,,34.151995,-118.129451,LAKE 2 - OFF,26.47
2024-12-17 13:15:00,768927,210,W,FR,40.0,40.0,,,,,,34.152365,-118.092642,SAN GABRIEL OFF,28.58
2024-12-17 13:15:00,769300,210,W,FR,,,,,,,,34.152008,-118.153813,WB 210 TO ORANGE GRV,24.98
2024-12-17 13:15:00,769808,210,W,FR,,,,,,,,34.197068,-118.184827,FOOTHILL,20.98
2024-12-17 13:15:00,769869,210,W,FR,57.0,57.0,,,,,,34.218652,-118.239558,LA CRESCENTA,17.38
2024-12-17 13:15:00,769913,210,W,FR,53.0,53.0,,,,,,34.224897,-118.251344,PENNSYLVANIA,16.58
2024-12-17 13:15:00,769928,210,W,FR,39.0,39.0,,,,,,34.214462,-118.232443,OCEAN VIEW,17.88
2024-12-17 13:15:00,769955,210,W,FR,,,,,,,,34.206998,-118.201441,ANGELES CREST HWY NB,19.78
2024-12-17 13:15:00,769998,210,W,FR,,,,,,,,34.19198,-118.181214,BERKSHIRE,21.39
2024-12-17 13:15:00,770131,210,W,FR,20.0,20.0,,,,,,34.234984,-118.290562,LA TUNA CANYON NB,14.18
2024-12-17 13:15:00,773132,210,W,FR,,,,,,,,34.152216,-118.146794,FAIR OAKS OFF,25.48
2024-12-17 13:15:00,776761,210,W,FR,36.0,7.0,29.0,,,,,34.176444,-118.162183,LINCOLN 1,22.982
2024-12-17 13:20:00,717623,210,W,FR,,,,,,,,34.164368,-118.158093,MOUNTAIN 1,23.9
2024-12-17 13:20:00,717636,210,W,FR,,,,,,,,34.152357,-118.123714,HILL,26.8
2024-12-17 13:20:00,717648,210,W,FR,40.0,14.0,11.0,15.0,,,,34.148074,-118.08377,SIERRA MADRE V1,29.17
2024-12-17 13:20:00,717652,210,W,FR,,,,,,,,34.148737,-118.071321,ROSEMEAD 1,29.879
2024-12-17 13:20:00,764346,210,W,FR,45.0,9.0,36.0,,,,,34.152648,-118.109062,ALLEN,27.64
2024-12-17 13:20:00,764349,210,W,FR,,,,,,,,34.152092,-118.143249,MARENGO,25.68
2024-12-17 13:20:00,768920,210,W,FR,,,,,,,,34.151995,-118.129451,LAKE 2 - OFF,26.47
2024-12-17 13:20:00,768927,210,W,FR,24.0,24.0,,,,,,34.152365,-118.092642,SAN GABRIEL OFF,28.58
2024-12-17 13:20:00,769300,210,W,FR,,,,,,,,34.152008,-118.153813,WB 210 TO ORANGE GRV,24.98
2024-12-17 13:20:00,769808,210,W,FR,,,,,,,,34.197068,-118.184827,FOOTHILL,20.98
2024-12-17 13:20:00,769869,210,W,FR,117.0,117.0,,,,,,34.218652,-118.239558,LA CRESCENTA,17.38
2024-12-17 13:20:00,769913,210,W,FR,42.0,42.0,,,,,,34.224897,-118.251344,PENNSYLVANIA,16.58
2024-12-17 13:20:00,769928,210,W,FR,19.0,19.0,,,,,,34.214462,-118.232443,OCEAN VIEW,17.88
2024-12-17 13:20:00,769955,210,W,FR,,,,,,,,34.206998,-118.201441,ANGELES CREST HWY NB,19.78
2024-12-17 13:20:00,769998,210,W,FR,,,,,,,,34.19198,-118.181214,BERKSHIRE,21.39
2024-12-17 13:20:00,770131,210,W,FR,21.0,21.0,,,,,,34.234984,-118.290562,LA TUNA CANYON NB,14.18
2024-12-17 13:20:00,773132,210,W,FR,,,,,,,,34.152216,-118.146794,FAIR OAKS OFF,25.48
2024-12-17 13:20:00,776761,210,W,FR,56.0,9.0,47.0,,,,,34.176444,-118.162183,LINCOLN 1,22.982
2024-12-17 13:25:00,717623,210,W,FR,,,,,,,,34.164368,-118.158093,MOUNTAIN 1,23.9
2024-12-17 13:25:00,717636,210,W,FR,,,,,,,,34.152357,-118.123714,HILL,26.8
2024-12-17 13:25:00,717648,210,W,FR,47.0,10.0,17.0,20.0,,,,34.148074,-118.08377,SIERRA MADRE V1,29.17
2024-12-17 13:25:00,717652,210,W,FR,,,,,,,,34.148737,-118.071321,ROSEMEAD 1,29.879
2024-12-17 13:25:00,764346,210,W,FR,54.0,11.0,43.0,,,,,34.152648,-118.109062,ALLEN,27.64
2024-12-17 13:25:00,764349,210,W,FR,,,,,,,,34.152092,-118.143249,MARENGO,25.68
2024-12-17 13:25:00,768920,210,W,FR,,,,,,,,34.151995,-118.129451,LAKE 2 - OFF,26.47
2024-12-17 13:25:00,768927,210,W,FR,40.0,40.0,,,,,,34.152365,-118.092642,SAN GABRIEL OFF,28.58
2024-12-17 13:25:00,769300,210,W,FR,,,,,,,,34.152008,-118.153813,WB 210 TO ORANGE GRV,24.98
2024-12-17 13:25:00,769808,210,W,FR,,,,,,,,34.197068,-118.184827,FOOTHILL,20.98
2024-12-17 13:25:00,769869,210,W,FR,84.0,84.0,,,,,,34.218652,-118.239558,LA CRESCENTA,17.38
2024-12-17 13:25:00,769913,210,W,FR,45.0,45.0,,,,,,34.224897,-118.251344,PENNSYLVANIA,16.58
2024-12-17 13:25:00,769928,210,W,FR,30.0,30.0,,,,,,34.214462,-118.232443,OCEAN VIEW,17.88
2024-12-17 13:25:00,769955,210,W,FR,,,,,,,,34.206998,-118.201441,ANGELES CREST HWY NB,19.78
2024-12-17 13:25:00,769998,210,W,FR,,,,,,,,34.19198,-118.181214,BERKSHIRE,21.39
2024-12-17 13:25:00,770131,210,W,FR,16.0,16.0,,,,,,34.234984,-118.290562,LA TUNA CANYON NB,14.18
2024-12-17 13:25:00,773132,210,W,FR,,,,,,,,34.152216,-118.146794,FAIR OAKS OFF,25.48
2024-12-17 13:25:00,776761,210,W,FR,27.0,6.0,21.0,,,,,34.176444,-118.162183,LINCOLN 1,22.982
2024-12-17 13:30:00,717623,210,W,FR,,,,,,,,34.164368,-118.158093,MOUNTAIN 1,23.9
2024-12-17 13:30:00,717636,210,W,FR,,,,,,,,34.152357,-118.123714,HILL,26.8
2024-12-17 13:30:00,717648,210,W,FR,31.0,9.0,12.0,10.0,,,,34.148074,-118.08377,SIERRA MADRE V1,29.17
2024-12-17 13:30:00,717652,210,W,FR,,,,,,,,34.148737,-118.071321,ROSEMEAD 1,29.879
2024-12-17 13:30:00,764346,210,W,FR,67.0,19.0,48.0,,,,,34.152648,-118.109062,ALLEN,27.64
2024-12-17 13:30:00,764349,210,W,FR,,,,,,,,34.152092,-118.143249,MARENGO,25.68
2024-12-17 13:30:00,768920,210,W,FR,,,,,,,,34.151995,-118.129451,LAKE 2 - OFF,26.47
2024-12-17 13:30:00,768927,210,W,FR,30.0,30.0,,,,,,34.152365,-118.092642,SAN GABRIEL OFF,28.58
2024-12-17 13:30:00,769300,210,W,FR,,,,,,,,34.152008,-118.153813,WB 210 TO ORANGE GRV,24.98
2024-12-17 13:30:00,769808,210,W,FR,,,,,,,,34.197068,-118.184827,FOOTHILL,20.98
2024-12-17 13:30:00,769869,210,W,FR,79.0,79.0,,,,,,34.218652,-118.239558,LA CRESCENTA,17.38
2024-12-17 13:30:00,769913,210,W,FR,53.0,53.0,,,,,,34.224897,-118.251344,PENNSYLVANIA,16.58
2024-12-17 13:30:00,769928,210,W,FR,24.0,24.0,,,,,,34.214462,-118.232443,OCEAN VIEW,17.88
2024-12-17 13:30:00,769955,210,W,FR,,,,,,,,34.206998,-118.201441,ANGELES CREST HWY NB,19.78
2024-12-17 13:30:00,769998,210,W,FR,,,,,,,,34.19198,-118.181214,BERKSHIRE,21.39
2024-12-17 13:30:00,770131,210,W,FR,15.0,15.0,,,,,,34.234984,-118.290562,LA TUNA CANYON NB,14.18
2024-12-17 13:30:00,773132,210,W,FR,,,,,,,,34.152216,-118.146794,FAIR OAKS OFF,25.48
2024-12-17 13:30:00,776761,210,W,FR,43.0,4.0,39.0,,,,,34.176444,-118.162183,LINCOLN 1,22.982
2024-12-17 13:35:00,717623,210,W,FR,,,,,,,,34.164368,-118.158093,MOUNTAIN 1,23.9
2024-12-17 13:35:00,717636,210,W,FR,,,,,,,,34.152357,-118.123714,HILL,26.8
2024-12-17 13:35:00,717648,210,W,FR,42.0,9.0,10.0,23.0,,,,34.148074,-118.08377,SIERRA MADRE V1,29.17
2024-12-17 13:35:00,717652,210,W,FR,,,,,,,,34.148737,-118.071321,ROSEMEAD 1,29.879
2024-12-17 13:35:00,764346,210,W,FR,65.0,18.0,47.0,,,,,34.152648,-118.109062,ALLEN,27.64
2024-12-17 13:35:00,764349,210,W,FR,,,,,,,,34.152092,-118.143249,MARENGO,25.68
2024-12-17 13:35:00,768920,210,W,FR,,,,,,,,34.151995,-118.129451,LAKE 2 - OFF,26.47
2024-12-17 13:35:00,768927,210,W,FR,30.0,30.0,,,,,,34.152365,-118.092642,SAN GABRIEL OFF,28.58
2024-12-17 13:35:00,769300,210,W,FR,,,,,,,,34.152008,-118.153813,WB 210 TO ORANGE GRV,24.98
2024-12-17 13:35:00,769808,210,W,FR,,,,,,,,34.197068,-118.184827,FOOTHILL,20.98
2024-12-17 13:35:00,769869,210,W,FR,41.0,41.0,,,,,,34.218652,-118.239558,LA CRESCENTA,17.38
2024-12-17 13:35:00,769913,210,W,FR,50.0,50.0,,,,,,34.224897,-118.251344,PENNSYLVANIA,16.58
2024-12-17 13:35:00,769928,210,W,FR,38.0,38.0,,,,,,34.214462,-118.232443,OCEAN VIEW,17.88
2024-12-17 13:35:00,769955,210,W,FR,,,,,,,,34.206998,-118.201441,ANGELES CREST HWY NB,19.78
2024-12-17 13:35:00,769998,210,W,FR,,,,,,,,34.19198,-118.181214,BERKSHIRE,21.39
2024-12-17 13:35:00,770131,210,W,FR,17.0,17.0,,,,,,34.234984,-118.290562,LA TUNA CANYON NB,14.18
2024-12-17 13:35:00,773132,210,W,FR,,,,,,,,34.152216,-118.146794,FAIR OAKS OFF,25.48
2024-12-17 13:35:00,776761,210,W,FR,70.0,6.0,64.0,,,,,34.176444,-118.162183,LINCOLN 1,22.982
2024-12-17 13:40:00,717623,210,W,FR,,,,,,,,34.164368,-118.158093,MOUNTAIN 1,23.9
2024-12-17 13:40:00,717636,210,W,FR,,,,,,,,34.152357,-118.123714,HILL,26.8
2024-12-17 13:40:00,717648,210,W,FR,38.0,7.0,11.0,20.0,,,,34.148074,-118.08377,SIERRA MADRE V1,29.17
2024-12-17 13:40:00,717652,210,W,FR,,,,,,,,34.148737,-118.071321,ROSEMEAD 1,29.879
2024-12-17 13:40:00,764346,210,W,FR,72.0,18.0,54.0,,,,,34.152648,-118.109062,ALLEN,27.64
2024-12-17 13:40:00,764349,210,W,FR,,,,,,,,34.152092,-118.143249,MARENGO,25.68
2024-12-17 13:40:00,768920,210,W,FR,,,,,,,,34.151995,-118.129451,LAKE 2 - OFF,26.47
2024-12-17 13:40:00,768927,210,W,FR,31.0,31.0,,,,,,34.152365,-118.092642,SAN GABRIEL OFF,28.58
2024-12-17 13:40:00,769300,210,W,FR,,,,,,,,34.152008,-118.153813,WB 210 TO ORANGE GRV,24.98
2024-12-17 13:40:00,769808,210,W,FR,,,,,,,,34.197068,-118.184827,FOOTHILL,20.98
2024-12-17 13:40:00,769869,210,W,FR,55.0,55.0,,,,,,34.218652,-118.239558,LA CRESCENTA,17.38
2024-12-17 13:40:00,769913,210,W,FR,39.0,39.0,,,,,,34.224897,-118.251344,PENNSYLVANIA,16.58
2024-12-17 13:40:00,769928,210,W,FR,30.0,30.0,,,,,,34.214462,-118.232443,OCEAN VIEW,17.88
2024-12-17 13:40:00,769955,210,W,FR,,,,,,,,34.206998,-118.201441,ANGELES CREST HWY NB,19.78
2024-12-17 13:40:00,769998,210,W,FR,,,,,,,,34.19198,-118.181214,BERKSHIRE,21.39
2024-12-17 13:40:00,770131,210,W,FR,7.0,7.0,,,,,,34.234984,-118.290562,LA TUNA CANYON NB,14.18
2024-12-17 13:40:00,773132,210,W,FR,,,,,,,,34.152216,-118.146794,FAIR OAKS OFF,25.48
2024-12-17 13:40:00,776761,210,W,FR,37.0,2.0,35.0,,,,,34.176444,-118.162183,LINCOLN 1,22.982
2024-12-17 13:45:00,717623,210,W,FR,,,,,,,,34.164368,-118.158093,MOUNTAIN 1,23.9
2024-12-17 13:45:00,717636,210,W,FR,,,,,,,,34.152357,-118.123714,HILL,26.8
2024-12-17 13:45:00,717648,210,W,FR,45.0,8.0,11.0,26.0,,,,34.148074,-118.08377,SIERRA MADRE V1,29.17
2024-12-17 13:45:00,717652,210,W,FR,,,,,,,,34.148737,-118.071321,ROSEMEAD 1,29.879
2024-12-17 13:45:00,764346,210,W,FR,61.0,17.0,44.0,,,,,34.152648,-118.109062,ALLEN,27.64
2024-12-17 13:45:00,764349,210,W,FR,,,,,,,,34.152092,-118.143249,MARENGO,25.68
2024-12-17 13:45:00,768920,210,W,FR,,,,,,,,34.151995,-118.129451,LAKE 2 - OFF,26.47
2024-12-17 13:45:00,768927,210,W,FR,35.0,35.0,,,,,,34.152365,-118.092642,SAN GABRIEL OFF,28.58
2024-12-17 13:45:00,769300,210,W,FR,,,,,,,,34.152008,-118.153813,WB 210 TO ORANGE GRV,24.98
2024-12-17 13:45:00,769808,210,W,FR,,,,,,,,34.197068,-118.184827,FOOTHILL,20.98
2024-12-17 13:45:00,769869,210,W,FR,45.0,45.0,,,,,,34.218652,-118.239558,LA CRESCENTA,17.38
2024-12-17 13:45:00,769913,210,W,FR,64.0,64.0,,,,,,34.224897,-118.251344,PENNSYLVANIA,16.58
2024-12-17 13:45:00,769928,210,W,FR,33.0,33.0,,,,,,34.214462,-118.232443,OCEAN VIEW,17.88
2024-12-17 13:45:00,769955,210,W,FR,,,,,,,,34.206998,-118.201441,ANGELES CREST HWY NB,19.78
2024-12-17 13:45:00,769998,210,W,FR,,,,,,,,34.19198,-118.181214,BERKSHIRE,21.39
2024-12-17 13:45:00,770131,210,W,FR,15.0,15.0,,,,,,34.234984,-118.290562,LA TUNA CANYON NB,14.18
2024-12-17 13:45:00,773132,210,W,FR,,,,,,,,34.152216,-118.146794,FAIR OAKS OFF,25.48
2024-12-17 13:45:00,776761,210,W,FR,51.0,4.0,47.0,,,,,34.176444,-118.162183,LINCOLN 1,22.982
2024-12-17 13:50:00,717623,210,W,FR,,,,,,,,34.164368,-118.158093,MOUNTAIN 1,23.9
2024-12-17 13:50:00,717636,210,W,FR,,,,,,,,34.152357,-118.123714,HILL,26.8
2024-12-17 13:50:00,717648,210,W,FR,37.0,13.0,9.0,15.0,,,,34.148074,-118.08377,SIERRA MADRE V1,29.17
2024-12-17 13:50:00,717652,210,W,FR,,,,,,,,34.148737,-118.071321,ROSEMEAD 1,29.879
2024-12-17 13:50:00,764346,210,W,FR,65.0,20.0,45.0,,,,,34.152648,-118.109062,ALLEN,27.64
2024-12-17 13:50:00,764349,210,W,FR,,,,,,,,34.152092,-118.143249,MARENGO,25.68
2024-12-17 13:50:00,768920,210,W,FR,,,,,,,,34.151995,-118.129451,LAKE 2 - OFF,26.47
2024-12-17 13:50:00,768927,210,W,FR,33.0,33.0,,,,,,34.152365,-118.092642,SAN GABRIEL OFF,28.58
2024-12-17 13:50:00,769300,210,W,FR,,,,,,,,34.152008,-118.153813,WB 210 TO ORANGE GRV,24.98
2024-12-17 13:50:00,769808,210,W,FR,,,,,,,,34.197068,-118.184827,FOOTHILL,20.98
2024-12-17 13:50:00,769869,210,W,FR,31.0,31.0,,,,,,34.218652,-118.239558,LA CRESCENTA,17.38
2024-12-17 13:50:00,769913,210,W,FR,50.0,50.0,,,,,,34.224897,-118.251344,PENNSYLVANIA,16.58
2024-12-17 13:50:00,769928,210,W,FR,28.0,28.0,,,,,,34.214462,-118.232443,OCEAN VIEW,17.88
2024-12-17 13:50:00,769955,210,W,FR,,,,,,,,34.206998,-118.201441,ANGELES CREST HWY NB,19.78
2024-12-17 13:50:00,769998,210,W,FR,,,,,,,,34.19198,-118.181214,BERKSHIRE,21.39
2024-12-17 13:50:00,770131,210,W,FR,15.0,15.0,,,,,,34.234984,-118.290562,LA TUNA CANYON NB,14.18
2024-12-17 13:50:00,773132,210,W,FR,,,,,,,,34.152216,-118.146794,FAIR OAKS OFF,25.48
2024-12-17 13:50:00,776761,210,W,FR,54.0,1.0,53.0,,,,,34.176444,-118.162183,LINCOLN 1,22.982
2024-12-17 13:55:00,717623,210,W,FR,,,,,,,,34.164368,-118.158093,MOUNTAIN 1,23.9
2024-12-17 13:55:00,717636,210,W,FR,,,,,,,,34.152357,-118.123714,HILL,26.8
2024-12-17 13:55:00,717648,210,W,FR,45.0,11.0,13.0,21.0,,,,34.148074,-118.08377,SIERRA MADRE V1,29.17
2024-12-17 13:55:00,717652,210,W,FR,,,,,,,,34.148737,-118.071321,ROSEMEAD 1,29.879
2024-12-17 13:55:00,764346,210,W,FR,50.0,16.0,34.0,,,,,34.152648,-118.109062,ALLEN,27.64
2024-12-17 13:55:00,764349,210,W,FR,,,,,,,,34.152092,-118.143249,MARENGO,25.68
2024-12-17 13:55:00,768920,210,W,FR,,,,,,,,34.151995,-118.129451,LAKE 2 - OFF,26.47
2024-12-17 13:55:00,768927,210,W,FR,35.0,35.0,,,,,,34.152365,-118.092642,SAN GABRIEL OFF,28.58
2024-12-17 13:55:00,769300,210,W,FR,,,,,,,,34.152008,-118.153813,WB 210 TO ORANGE GRV,24.98
2024-12-17 13:55:00,769808,210,W,FR,,,,,,,,34.197068,-118.184827,FOOTHILL,20.98
2024-12-17 13:55:00,769869,210,W,FR,45.0,45.0,,,,,,34.218652,-118.239558,LA CRESCENTA,17.38
2024-12-17 13:55:00,769913,210,W,FR,59.0,59.0,,,,,,34.224897,-118.251344,PENNSYLVANIA,16.58
2024-12-17 13:55:00,769928,210,W,FR,35.0,35.0,,,,,,34.214462,-118.232443,OCEAN VIEW,17.88
2024-12-17 13:55:00,769955,210,W,FR,,,,,,,,34.206998,-118.201441,ANGELES CREST HWY NB,19.78
2024-12-17 13:55:00,769998,210,W,FR,,,,,,,,34.19198,-118.181214,BERKSHIRE,21.39
2024-12-17 13:55:00,770131,210,W,FR,17.0,17.0,,,,,,34.234984,-118.290562,LA TUNA CANYON NB,14.18
2024-12-17 13:55:00,773132,210,W,FR,,,,,,,,34.152216,-118.146794,FAIR OAKS OFF,25.48
2024-12-17 13:55:00,776761,210,W,FR,54.0,8.0,46.0,,,,,34.176444,-118.162183,LINCOLN 1,22.982
2024-12-17 14:00:00,717623,210,W,FR,,,,,,,,34.164368,-118.158093,MOUNTAIN 1,23.9
2024-12-17 14:00:00,717636,210,W,FR,,,,,,,,34.152357,-118.123714,HILL,26.8
2024-12-17 14:00:00,717648,210,W,FR,42.0,14.0,16.0,12.0,,,,34.148074,-118.08377,SIERRA MADRE V1,29.17
2024-12-17 14:00:00,717652,210,W,FR,,,,,,,,34.148737,-118.071321,ROSEMEAD 1,29.879
2024-12-17 14:00:00,764346,210,W,FR,63.0,17.0,46.0,,,,,34.152648,-118.109062,ALLEN,27.64
2024-12-17 14:00:00,764349,210,W,FR,,,,,,,,34.152092,-118.143249,MARENGO,25.68
2024-12-17 14:00:00,768920,210,W,FR,,,,,,,,34.151995,-118.129451,LAKE 2 - OFF,26.47
2024-12-17 14:00:00,768927,210,W,FR,36.0,36.0,,,,,,34.152365,-118.092642,SAN GABRIEL OFF,28.58
2024-12-17 14:00:00,769300,210,W,FR,,,,,,,,34.152008,-118.153813,WB 210 TO ORANGE GRV,24.98
2024-12-17 14:00:00,769808,210,W,FR,,,,,,,,34.197068,-118.184827,FOOTHILL,20.98
2024-12-17 14:00:00,769869,210,W,FR,43.0,43.0,,,,,,34.218652,-118.239558,LA CRESCENTA,17.38
2024-12-17 14:00:00,769913,210,W,FR,59.0,59.0,,,,,,34.224897,-118.251344,PENNSYLVANIA,16.58
2024-12-17 14:00:00,769928,210,W,FR,36.0,36.0,,,,,,34.214462,-118.232443,OCEAN VIEW,17.88
2024-12-17 14:00:00,769955,210,W,FR,,,,,,,,34.206998,-118.201441,ANGELES CREST HWY NB,19.78
2024-12-17 14:00:00,769998,210,W,FR,,,,,,,,34.19198,-118.181214,BERKSHIRE,21.39
2024-12-17 14:00:00,770131,210,W,FR,13.0,13.0,,,,,,34.234984,-118.290562,LA TUNA CANYON NB,14.18
2024-12-17 14:00:00,773132,210,W,FR,,,,,,,,34.152216,-118.146794,FAIR OAKS OFF,25.48
2024-12-17 14:00:00,776761,210,W,FR,63.0,8.0,55.0,,,,,34.176444,-118.162183,LINCOLN 1,22.982
2024-12-17 14:05:00,717623,210,W,FR,,,,,,,,34.164368,-118.158093,MOUNTAIN 1,23.9
2024-12-17 14:05:00,717636,210,W,FR,,,,,,,,34.152357,-118.123714,HILL,26.8
2024-12-17 14:05:00,717648,210,W,FR,28.0,4.0,7.0,17.0,,,,34.148074,-118.08377,SIERRA MADRE V1,29.17
2024-12-17 14:05:00,717652,210,W,FR,,,,,,,,34.148737,-118.071321,ROSEMEAD 1,29.879
2024-12-17 14:05:00,764346,210,W,FR,71.0,10.0,61.0,,,,,34.152648,-118.109062,ALLEN,27.64
2024-12-17 14:05:00,764349,210,W,FR,,,,,,,,34.152092,-118.143249,MARENGO,25.68
2024-12-17 14:05:00,768920,210,W,FR,,,,,,,,34.151995,-118.129451,LAKE 2 - OFF,26.47
2024-12-17 14:05:00,768927,210,W,FR,32.0,32.0,,,,,,34.152365,-118.092642,SAN GABRIEL OFF,28.58
2024-12-17 14:05:00,769300,210,W,FR,,,,,,,,34.152008,-118.153813,WB 210 TO ORANGE GRV,24.98
2024-12-17 14:05:00,769808,210,W,FR,,,,,,,,34.197068,-118.184827,FOOTHILL,20.98
2024-12-17 14:05:00,769869,210,W,FR,43.0,43.0,,,,,,34.218652,-118.239558,LA CRESCENTA,17.38
2024-12-17 14:05:00,769913,210,W,FR,47.0,47.0,,,,,,34.224897,-118.251344,PENNSYLVANIA,16.58
2024-12-17 14:05:00,769928,210,W,FR,33.0,33.0,,,,,,34.214462,-118.232443,OCEAN VIEW,17.88
2024-12-17 14:05:00,769955,210,W,FR,,,,,,,,34.206998,-118.201441,ANGELES CREST HWY NB,19.78
2024-12-17 14:05:00,769998,210,W,FR,,,,,,,,34.19198,-118.181214,BERKSHIRE,21.39
2024-12-17 14:05:00,770131,210,W,FR,11.0,11.0,,,,,,34.234984,-118.290562,LA TUNA CANYON NB,14.18
2024-12-17 14:05:00,773132,210,W,FR,,,,,,,,34.152216,-118.146794,FAIR OAKS OFF,25.48
2024-12-17 14:05:00,776761,210,W,FR,56.0,9.0,47.0,,,,,34.176444,-118.162183,LINCOLN 1,22.982
2024-12-17 14:10:00,717623,210,W,FR,,,,,,,,34.164368,-118.158093,MOUNTAIN 1,23.9
2024-12-17 14:10:00,717636,210,W,FR,,,,,,,,34.152357,-118.123714,HILL,26.8
2024-12-17 14:10:00,717648,210,W,FR,42.0,12.0,14.0,16.0,,,,34.148074,-118.08377,SIERRA MADRE V1,29.17
2024-12-17 14:10:00,717652,210,W,FR,,,,,,,,34.148737,-118.071321,ROSEMEAD 1,29.879
2024-12-17 14:10:00,764346,210,W,FR,62.0,20.0,42.0,,,,,34.152648,-118.109062,ALLEN,27.64
2024-12-17 14:10:00,764349,210,W,FR,,,,,,,,34.152092,-118.143249,MARENGO,25.68
2024-12-17 14:10:00,768920,210,W,FR,,,,,,,,34.151995,-118.129451,LAKE 2 - OFF,26.47
2024-12-17 14:10:00,768927,210,W,FR,34.0,34.0,,,,,,34.152365,-118.092642,SAN GABRIEL OFF,28.58
2024-12-17 14:10:00,769300,210,W,FR,,,,,,,,34.152008,-118.153813,WB 210 TO ORANGE GRV,24.98
2024-12-17 14:10:00,769808,210,W,FR,,,,,,,,34.197068,-118.184827,FOOTHILL,20.98
2024-12-17 14:10:00,769869,210,W,FR,24.0,24.0,,,,,,34.218652,-118.239558,LA CRESCENTA,17.38
2024-12-17 14:10:00,769913,210,W,FR,54.0,54.0,,,,,,34.224897,-118.251344,PENNSYLVANIA,16.58
2024-12-17 14:10:00,769928,210,W,FR,45.0,45.0,,,,,,34.214462,-118.232443,OCEAN VIEW,17.88
2024-12-17 14:10:00,769955,210,W,FR,,,,,,,,34.206998,-118.201441,ANGELES CREST HWY NB,19.78
2024-12-17 14:10:00,769998,210,W,FR,,,,,,,,34.19198,-118.181214,BERKSHIRE,21.39
2024-12-17 14:10:00,770131,210,W,FR,28.0,28.0,,,,,,34.234984,-118.290562,LA TUNA CANYON NB,14.18
2024-12-17 14:10:00,773132,210,W,FR,,,,,,,,34.152216,-118.146794,FAIR OAKS OFF,25.48
2024-12-17 14:10:00,776761,210,W,FR,51.0,2.0,49.0,,,,,34.176444,-118.162183,LINCOLN 1,22.982
2024-12-17 14:15:00,717623,210,W,FR,,,,,,,,34.164368,-118.158093,MOUNTAIN 1,23.9
2024-12-17 14:15:00,717636,210,W,FR,,,,,,,,34.152357,-118.123714,HILL,26.8
2024-12-17 14:15:00,717648,210,W,FR,38.0,10.0,11.0,17.0,,,,34.148074,-118.08377,SIERRA MADRE V1,29.17
2024-12-17 14:15:00,717652,210,W,FR,,,,,,,,34.148737,-118.071321,ROSEMEAD 1,29.879
2024-12-17 14:15:00,764346,210,W,FR,55.0,12.0,43.0,,,,,34.152648,-118.109062,ALLEN,27.64
2024-12-17 14:15:00,764349,210,W,FR,,,,,,,,34.152092,-118.143249,MARENGO,25.68
2024-12-17 14:15:00,768920,210,W,FR,,,,,,,,34.151995,-118.129451,LAKE 2 - OFF,26.47
2024-12-17 14:15:00,768927,210,W,FR,22.0,22.0,,,,,,34.152365,-118.092642,SAN GABRIEL OFF,28.58
2024-12-17 14:15:00,769300,210,W,FR,,,,,,,,34.152008,-118.153813,WB 210 TO ORANGE GRV,24.98
2024-12-17 14:15:00,769808,210,W,FR,,,,,,,,34.197068,-118.184827,FOOTHILL,20.98
2024-12-17 14:15:00,769869,210,W,FR,46.0,46.0,,,,,,34.218652,-118.239558,LA CRESCENTA,17.38
2024-12-17 14:15:00,769913,210,W,FR,42.0,42.0,,,,,,34.224897,-118.251344,PENNSYLVANIA,16.58
2024-12-17 14:15:00,769928,210,W,FR,37.0,37.0,,,,,,34.214462,-118.232443,OCEAN VIEW,17.88
2024-12-17 14:15:00,769955,210,W,FR,,,,,,,,34.206998,-118.201441,ANGELES CREST HWY NB,19.78
2024-12-17 14:15:00,769998,210,W,FR,,,,,,,,34.19198,-118.181214,BERKSHIRE,21.39
2024-12-17 14:15:00,770131,210,W,FR,23.0,23.0,,,,,,34.234984,-118.290562,LA TUNA CANYON NB,14.18
2024-12-17 14:15:00,773132,210,W,FR,,,,,,,,34.152216,-118.146794,FAIR OAKS OFF,25.48
2024-12-17 14:15:00,776761,210,W,FR,67.0,7.0,60.0,,,,,34.176444,-118.162183,LINCOLN 1,22.982
2024-12-17 14:20:00,717623,210,W,FR,,,,,,,,34.164368,-118.158093,MOUNTAIN 1,23.9
2024-12-17 14:20:00,717636,210,W,FR,,,,,,,,34.152357,-118.123714,HILL,26.8
2024-12-17 14:20:00,717648,210,W,FR,38.0,13.0,8.0,17.0,,,,34.148074,-118.08377,SIERRA MADRE V1,29.17
2024-12-17 14:20:00,717652,210,W,FR,,,,,,,,34.148737,-118.071321,ROSEMEAD 1,29.879
2024-12-17 14:20:00,764346,210,W,FR,56.0,12.0,44.0,,,,,34.152648,-118.109062,ALLEN,27.64
2024-12-17 14:20:00,764349,210,W,FR,,,,,,,,34.152092,-118.143249,MARENGO,25.68
2024-12-17 14:20:00,768920,210,W,FR,,,,,,,,34.151995,-118.129451,LAKE 2 - OFF,26.47
2024-12-17 14:20:00,768927,210,W,FR,44.0,44.0,,,,,,34.152365,-118.092642,SAN GABRIEL OFF,28.58
2024-12-17 14:20:00,769300,210,W,FR,,,,,,,,34.152008,-118.153813,WB 210 TO ORANGE GRV,24.98
2024-12-17 14:20:00,769808,210,W,FR,,,,,,,,34.197068,-118.184827,FOOTHILL,20.98
2024-12-17 14:20:00,769869,210,W,FR,38.0,38.0,,,,,,34.218652,-118.239558,LA CRESCENTA,17.38
2024-12-17 14:20:00,769913,210,W,FR,56.0,56.0,,,,,,34.224897,-118.251344,PENNSYLVANIA,16.58
2024-12-17 14:20:00,769928,210,W,FR,38.0,38.0,,,,,,34.214462,-118.232443,OCEAN VIEW,17.88
2024-12-17 14:20:00,769955,210,W,FR,,,,,,,,34.206998,-118.201441,ANGELES CREST HWY NB,19.78
2024-12-17 14:20:00,769998,210,W,FR,,,,,,,,34.19198,-118.181214,BERKSHIRE,21.39
2024-12-17 14:20:00,770131,210,W,FR,13.0,13.0,,,,,,34.234984,-118.290562,LA TUNA CANYON NB,14.18
2024-12-17 14:20:00,773132,210,W,FR,,,,,,,,34.152216,-118.146794,FAIR OAKS OFF,25.48
2024-12-17 14:20:00,776761,210,W,FR,57.0,1.0,56.0,,,,,34.176444,-118.162183,LINCOLN 1,22.982
2024-12-17 14:25:00,717623,210,W,FR,,,,,,,,34.164368,-118.158093,MOUNTAIN 1,23.9
2024-12-17 14:25:00,717636,210,W,FR,,,,,,,,34.152357,-118.123714,HILL,26.8
2024-12-17 14:25:00,717648,210,W,FR,36.0,7.0,9.0,20.0,,,,34.148074,-118.08377,SIERRA MADRE V1,29.17
2024-12-17 14:25:00,717652,210,W,FR,,,,,,,,34.148737,-118.071321,ROSEMEAD 1,29.879
2024-12-17 14:25:00,764346,210,W,FR,58.0,12.0,46.0,,,,,34.152648,-118.109062,ALLEN,27.64
2024-12-17 14:25:00,764349,210,W,FR,,,,,,,,34.152092,-118.143249,MARENGO,25.68
2024-12-17 14:25:00,768920,210,W,FR,,,,,,,,34.151995,-118.129451,LAKE 2 - OFF,26.47
2024-12-17 14:25:00,768927,210,W,FR,38.0,38.0,,,,,,34.152365,-118.092642,SAN GABRIEL OFF,28.58
2024-12-17 14:25:00,769300,210,W,FR,,,,,,,,34.152008,-118.153813,WB 210 TO ORANGE GRV,24.98
2024-12-17 14:25:00,769808,210,W,FR,,,,,,,,34.197068,-118.184827,FOOTHILL,20.98
2024-12-17 14:25:00,769869,210,W,FR,57.0,57.0,,,,,,34.218652,-118.239558,LA CRESCENTA,17.38
2024-12-17 14:25:00,769913,210,W,FR,55.0,55.0,,,,,,34.224897,-118.251344,PENNSYLVANIA,16.58
2024-12-17 14:25:00,769928,210,W,FR,50.0,50.0,,,,,,34.214462,-118.232443,OCEAN VIEW,17.88
2024-12-17 14:25:00,769955,210,W,FR,,,,,,,,34.206998,-118.201441,ANGELES CREST HWY NB,19.78
2024-12-17 14:25:00,769998,210,W,FR,,,,,,,,34.19198,-118.181214,BERKSHIRE,21.39
2024-12-17 14:25:00,770131,210,W,FR,12.0,12.0,,,,,,34.234984,-118.290562,LA TUNA CANYON NB,14.18
2024-12-17 14:25:00,773132,210,W,FR,,,,,,,,34.152216,-118.146794,FAIR OAKS OFF,25.48
2024-12-17 14:25:00,776761,210,W,FR,38.0,1.0,37.0,,,,,34.176444,-118.162183,LINCOLN 1,22.982
2024-12-17 14:30:00,717623,210,W,FR,,,,,,,,34.164368,-118.158093,MOUNTAIN 1,23.9
2024-12-17 14:30:00,717636,210,W,FR,,,,,,,,34.152357,-118.123714,HILL,26.8
2024-12-17 14:30:00,717648,210,W,FR,40.0,14.0,11.0,15.0,,,,34.148074,-118.08377,SIERRA MADRE V1,29.17
2024-12-17 14:30:00,717652,210,W,FR,,,,,,,,34.148737,-118.071321,ROSEMEAD 1,29.879
2024-12-17 14:30:00,764346,210,W,FR,83.0,23.0,60.0,,,,,34.152648,-118.109062,ALLEN,27.64
2024-12-17 14:30:00,764349,210,W,FR,,,,,,,,34.152092,-118.143249,MARENGO,25.68
2024-12-17 14:30:00,768920,210,W,FR,,,,,,,,34.151995,-118.129451,LAKE 2 - OFF,26.47
2024-12-17 14:30:00,768927,210,W,FR,32.0,32.0,,,,,,34.152365,-118.092642,SAN GABRIEL OFF,28.58
2024-12-17 14:30:00,769300,210,W,FR,,,,,,,,34.152008,-118.153813,WB 210 TO ORANGE GRV,24.98
2024-12-17 14:30:00,769808,210,W,FR,,,,,,,,34.197068,-118.184827,FOOTHILL,20.98
2024-12-17 14:30:00,769869,210,W,FR,41.0,41.0,,,,,,34.218652,-118.239558,LA CRESCENTA,17.38
2024-12-17 14:30:00,769913,210,W,FR,49.0,49.0,,,,,,34.224897,-118.251344,PENNSYLVANIA,16.58
2024-12-17 14:30:00,769928,210,W,FR,41.0,41.0,,,,,,34.214462,-118.232443,OCEAN VIEW,17.88
2024-12-17 14:30:00,769955,210,W,FR,,,,,,,,34.206998,-118.201441,ANGELES CREST HWY NB,19.78
2024-12-17 14:30:00,769998,210,W,FR,,,,,,,,34.19198,-118.181214,BERKSHIRE,21.39
2024-12-17 14:30:00,770131,210,W,FR,17.0,17.0,,,,,,34.234984,-118.290562,LA TUNA CANYON NB,14.18
2024-12-17 14:30:00,773132,210,W,FR,,,,,,,,34.152216,-118.146794,FAIR OAKS OFF,25.48
2024-12-17 14:30:00,776761,210,W,FR,55.0,7.0,48.0,,,,,34.176444,-118.162183,LINCOLN 1,22.982
2024-12-17 14:35:00,717623,210,W,FR,,,,,,,,34.164368,-118.158093,MOUNTAIN 1,23.9
2024-12-17 14:35:00,717636,210,W,FR,,,,,,,,34.152357,-118.123714,HILL,26.8
2024-12-17 14:35:00,717648,210,W,FR,26.0,6.0,9.0,11.0,,,,34.148074,-118.08377,SIERRA MADRE V1,29.17
2024-12-17 14:35:00,717652,210,W,FR,,,,,,,,34.148737,-118.071321,ROSEMEAD 1,29.879
2024-12-17 14:35:00,764346,210,W,FR,66.0,12.0,54.0,,,,,34.152648,-118.109062,ALLEN,27.64
2024-12-17 14:35:00,764349,210,W,FR,,,,,,,,34.152092,-118.143249,MARENGO,25.68
2024-12-17 14:35:00,768920,210,W,FR,,,,,,,,34.151995,-118.129451,LAKE 2 - OFF,26.47
2024-12-17 14:35:00,768927,210,W,FR,31.0,31.0,,,,,,34.152365,-118.092642,SAN GABRIEL OFF,28.58
2024-12-17 14:35:00,769300,210,W,FR,,,,,,,,34.152008,-118.153813,WB 210 TO ORANGE GRV,24.98
2024-12-17 14:35:00,769808,210,W,FR,,,,,,,,34.197068,-118.184827,FOOTHILL,20.98
2024-12-17 14:35:00,769869,210,W,FR,51.0,51.0,,,,,,34.218652,-118.239558,LA CRESCENTA,17.38
2024-12-17 14:35:00,769913,210,W,FR,44.0,44.0,,,,,,34.224897,-118.251344,PENNSYLVANIA,16.58
2024-12-17 14:35:00,769928,210,W,FR,42.0,42.0,,,,,,34.214462,-118.232443,OCEAN VIEW,17.88
2024-12-17 14:35:00,769955,210,W,FR,,,,,,,,34.206998,-118.201441,ANGELES CREST HWY NB,19.78
2024-12-17 14:35:00,769998,210,W,FR,,,,,,,,34.19198,-118.181214,BERKSHIRE,21.39
2024-12-17 14:35:00,770131,210,W,FR,24.0,24.0,,,,,,34.234984,-118.290562,LA TUNA CANYON NB,14.18
2024-12-17 14:35:00,773132,210,W,FR,,,,,,,,34.152216,-118.146794,FAIR OAKS OFF,25.48
2024-12-17 14:35:00,776761,210,W,FR,49.0,9.0,40.0,,,,,34.176444,-118.162183,LINCOLN 1,22.982
2024-12-17 14:40:00,717623,210,W,FR,,,,,,,,34.164368,-118.158093,MOUNTAIN 1,23.9
2024-12-17 14:40:00,717636,210,W,FR,,,,,,,,34.152357,-118.123714,HILL,26.8
2024-12-17 14:40:00,717648,210,W,FR,38.0,14.0,14.0,10.0,,,,34.148074,-118.08377,SIERRA MADRE V1,29.17
2024-12-17 14:40:00,717652,210,W,FR,,,,,,,,34.148737,-118.071321,ROSEMEAD 1,29.879
2024-12-17 14:40:00,764346,210,W,FR,62.0,12.0,50.0,,,,,34.152648,-118.109062,ALLEN,27.64
2024-12-17 14:40:00,764349,210,W,FR,,,,,,,,34.152092,-118.143249,MARENGO,25.68
2024-12-17 14:40:00,768920,210,W,FR,,,,,,,,34.151995,-118.129451,LAKE 2 - OFF,26.47
2024-12-17 14:40:00,768927,210,W,FR,40.0,40.0,,,,,,34.152365,-118.092642,SAN GABRIEL OFF,28.58
2024-12-17 14:40:00,769300,210,W,FR,,,,,,,,34.152008,-118.153813,WB 210 TO ORANGE GRV,24.98
2024-12-17 14:40:00,769808,210,W,FR,,,,,,,,34.197068,-118.184827,FOOTHILL,20.98
2024-12-17 14:40:00,769869,210,W,FR,38.0,38.0,,,,,,34.218652,-118.239558,LA CRESCENTA,17.38
2024-12-17 14:40:00,769913,210,W,FR,51.0,51.0,,,,,,34.224897,-118.251344,PENNSYLVANIA,16.58
2024-12-17 14:40:00,769928,210,W,FR,38.0,38.0,,,,,,34.214462,-118.232443,OCEAN VIEW,17.88
2024-12-17 14:40:00,769955,210,W,FR,,,,,,,,34.206998,-118.201441,ANGELES CREST HWY NB,19.78
2024-12-17 14:40:00,769998,210,W,FR,,,,,,,,34.19198,-118.181214,BERKSHIRE,21.39
2024-12-17 14:40:00,770131,210,W,FR,22.0,22.0,,,,,,34.234984,-118.290562,LA TUNA CANYON NB,14.18
2024-12-17 14:40:00,773132,210,W,FR,,,,,,,,34.152216,-118.146794,FAIR OAKS OFF,25.48
2024-12-17 14:40:00,776761,210,W,FR,62.0,3.0,59.0,,,,,34.176444,-118.162183,LINCOLN 1,22.982
2024-12-17 14:45:00,717623,210,W,FR,,,,,,,,34.164368,-118.158093,MOUNTAIN 1,23.9
2024-12-17 14:45:00,717636,210,W,FR,,,,,,,,34.152357,-118.123714,HILL,26.8
2024-12-17 14:45:00,717648,210,W,FR,40.0,8.0,14.0,18.0,,,,34.148074,-118.08377,SIERRA MADRE V1,29.17
2024-12-17 14:45:00,717652,210,W,FR,,,,,,,,34.148737,-118.071321,ROSEMEAD 1,29.879
2024-12-17 14:45:00,764346,210,W,FR,77.0,30.0,47.0,,,,,34.152648,-118.109062,ALLEN,27.64
2024-12-17 14:45:00,764349,210,W,FR,,,,,,,,34.152092,-118.143249,MARENGO,25.68
2024-12-17 14:45:00,768920,210,W,FR,,,,,,,,34.151995,-118.129451,LAKE 2 - OFF,26.47
2024-12-17 14:45:00,768927,210,W,FR,36.0,36.0,,,,,,34.152365,-118.092642,SAN GABRIEL OFF,28.58
2024-12-17 14:45:00,769300,210,W,FR,,,,,,,,34.152008,-118.153813,WB 210 TO ORANGE GRV,24.98
2024-12-17 14:45:00,769808,210,W,FR,,,,,,,,34.197068,-118.184827,FOOTHILL,20.98
2024-12-17 14:45:00,769869,210,W,FR,22.0,22.0,,,,,,34.218652,-118.239558,LA CRESCENTA,17.38
2024-12-17 14:45:00,769913,210,W,FR,47.0,47.0,,,,,,34.224897,-118.251344,PENNSYLVANIA,16.58
2024-12-17 14:45:00,769928,210,W,FR,48.0,48.0,,,,,,34.214462,-118.232443,OCEAN VIEW,17.88
2024-12-17 14:45:00,769955,210,W,FR,,,,,,,,34.206998,-118.201441,ANGELES CREST HWY NB,19.78
2024-12-17 14:45:00,769998,210,W,FR,,,,,,,,34.19198,-118.181214,BERKSHIRE,21.39
2024-12-17 14:45:00,770131,210,W,FR,20.0,20.0,,,,,,34.234984,-118.290562,LA TUNA CANYON NB,14.18
2024-12-17 14:45:00,773132,210,W,FR,,,,,,,,34.152216,-118.146794,FAIR OAKS OFF,25.48
2024-12-17 14:45:00,776761,210,W,FR,57.0,11.0,46.0,,,,,34.176444,-118.162183,LINCOLN 1,22.982
2024-12-17 14:50:00,717623,210,W,FR,,,,,,,,34.164368,-118.158093,MOUNTAIN 1,23.9
2024-12-17 14:50:00,717636,210,W,FR,,,,,,,,34.152357,-118.123714,HILL,26.8
2024-12-17 14:50:00,717648,210,W,FR,39.0,8.0,12.0,19.0,,,,34.148074,-118.08377,SIERRA MADRE V1,29.17
2024-12-17 14:50:00,717652,210,W,FR,,,,,,,,34.148737,-118.071321,ROSEMEAD 1,29.879
2024-12-17 14:50:00,764346,210,W,FR,62.0,17.0,45.0,,,,,34.152648,-118.109062,ALLEN,27.64
2024-12-17 14:50:00,764349,210,W,FR,,,,,,,,34.152092,-118.143249,MARENGO,25.68
2024-12-17 14:50:00,768920,210,W,FR,,,,,,,,34.151995,-118.129451,LAKE 2 - OFF,26.47
2024-12-17 14:50:00,768927,210,W,FR,27.0,27.0,,,,,,34.152365,-118.092642,SAN GABRIEL OFF,28.58
2024-12-17 14:50:00,769300,210,W,FR,,,,,,,,34.152008,-118.153813,WB 210 TO ORANGE GRV,24.98
2024-12-17 14:50:00,769808,210,W,FR,,,,,,,,34.197068,-118.184827,FOOTHILL,20.98
2024-12-17 14:50:00,769869,210,W,FR,53.0,53.0,,,,,,34.218652,-118.239558,LA CRESCENTA,17.38
2024-12-17 14:50:00,769913,210,W,FR,59.0,59.0,,,,,,34.224897,-118.251344,PENNSYLVANIA,16.58
2024-12-17 14:50:00,769928,210,W,FR,41.0,41.0,,,,,,34.214462,-118.232443,OCEAN VIEW,17.88
2024-12-17 14:50:00,769955,210,W,FR,,,,,,,,34.206998,-118.201441,ANGELES CREST HWY NB,19.78
2024-12-17 14:50:00,769998,210,W,FR,,,,,,,,34.19198,-118.181214,BERKSHIRE,21.39
2024-12-17 14:50:00,770131,210,W,FR,10.0,10.0,,,,,,34.234984,-118.290562,LA TUNA CANYON NB,14.18
2024-12-17 14:50:00,773132,210,W,FR,,,,,,,,34.152216,-118.146794,FAIR OAKS OFF,25.48
2024-12-17 14:50:00,776761,210,W,FR,44.0,8.0,36.0,,,,,34.176444,-118.162183,LINCOLN 1,22.982
2024-12-17 14:55:00,717623,210,W,FR,,,,,,,,34.164368,-118.158093,MOUNTAIN 1,23.9
2024-12-17 14:55:00,717636,210,W,FR,,,,,,,,34.152357,-118.123714,HILL,26.8
2024-12-17 14:55:00,717648,210,W,FR,41.0,13.0,7.0,21.0,,,,34.148074,-118.08377,SIERRA MADRE V1,29.17
2024-12-17 14:55:00,717652,210,W,FR,,,,,,,,34.148737,-118.071321,ROSEMEAD 1,29.879
2024-12-17 14:55:00,764346,210,W,FR,79.0,23.0,56.0,,,,,34.152648,-118.109062,ALLEN,27.64
2024-12-17 14:55:00,764349,210,W,FR,,,,,,,,34.152092,-118.143249,MARENGO,25.68
2024-12-17 14:55:00,768920,210,W,FR,,,,,,,,34.151995,-118.129451,LAKE 2 - OFF,26.47
2024-12-17 14:55:00,768927,210,W,FR,45.0,45.0,,,,,,34.152365,-118.092642,SAN GABRIEL OFF,28.58
2024-12-17 14:55:00,769300,210,W,FR,,,,,,,,34.152008,-118.153813,WB 210 TO ORANGE GRV,24.98
2024-12-17 14:55:00,769808,210,W,FR,,,,,,,,34.197068,-118.184827,FOOTHILL,20.98
2024-12-17 14:55:00,769869,210,W,FR,37.0,37.0,,,,,,34.218652,-118.239558,LA CRESCENTA,17.38
2024-12-17 14:55:00,769913,210,W,FR,43.0,43.0,,,,,,34.224897,-118.251344,PENNSYLVANIA,16.58
2024-12-17 14:55:00,769928,210,W,FR,34.0,34.0,,,,,,34.214462,-118.232443,OCEAN VIEW,17.88
2024-12-17 14:55:00,769955,210,W,FR,,,,,,,,34.206998,-118.201441,ANGELES CREST HWY NB,19.78
2024-12-17 14:55:00,769998,210,W,FR,,,,,,,,34.19198,-118.181214,BERKSHIRE,21.39
2024-12-17 14:55:00,770131,210,W,FR,22.0,22.0,,,,,,34.234984,-118.290562,LA TUNA CANYON NB,14.18
2024-12-17 14:55:00,773132,210,W,FR,,,,,,,,34.152216,-118.146794,FAIR OAKS OFF,25.48
2024-12-17 14:55:00,776761,210,W,FR,43.0,0.0,43.0,,,,,34.176444,-118.162183,LINCOLN 1,22.982
2024-12-17 15:00:00,717623,210,W,FR,,,,,,,,34.164368,-118.158093,MOUNTAIN 1,23.9
2024-12-17 15:00:00,717636,210,W,FR,,,,,,,,34.152357,-118.123714,HILL,26.8
2024-12-17 15:00:00,717648,210,W,FR,50.0,11.0,11.0,28.0,,,,34.148074,-118.08377,SIERRA MADRE V1,29.17
2024-12-17 15:00:00,717652,210,W,FR,,,,,,,,34.148737,-118.071321,ROSEMEAD 1,29.879
2024-12-17 15:00:00,764346,210,W,FR,71.0,17.0,54.0,,,,,34.152648,-118.109062,ALLEN,27.64
2024-12-17 15:00:00,764349,210,W,FR,,,,,,,,34.152092,-118.143249,MARENGO,25.68
2024-12-17 15:00:00,768920,210,W,FR,,,,,,,,34.151995,-118.129451,LAKE 2 - OFF,26.47
2024-12-17 15:00:00,768927,210,W,FR,39.0,39.0,,,,,,34.152365,-118.092642,SAN GABRIEL OFF,28.58
2024-12-17 15:00:00,769300,210,W,FR,,,,,,,,34.152008,-118.153813,WB 210 TO ORANGE GRV,24.98
2024-12-17 15:00:00,769808,210,W,FR,,,,,,,,34.197068,-118.184827,FOOTHILL,20.98
2024-12-17 15:00:00,769869,210,W,FR,42.0,42.0,,,,,,34.218652,-118.239558,LA CRESCENTA,17.38
2024-12-17 15:00:00,769913,210,W,FR,62.0,62.0,,,,,,34.224897,-118.251344,PENNSYLVANIA,16.58
2024-12-17 15:00:00,769928,210,W,FR,46.0,46.0,,,,,,34.214462,-118.232443,OCEAN VIEW,17.88
2024-12-17 15:00:00,769955,210,W,FR,,,,,,,,34.206998,-118.201441,ANGELES CREST HWY NB,19.78
2024-12-17 15:00:00,769998,210,W,FR,,,,,,,,34.19198,-118.181214,BERKSHIRE,21.39
2024-12-17 15:00:00,770131,210,W,FR,10.0,10.0,,,,,,34.234984,-118.290562,LA TUNA CANYON NB,14.18
2024-12-17 15:00:00,773132,210,W,FR,,,,,,,,34.152216,-118.146794,FAIR OAKS OFF,25.48
2024-12-17 15:00:00,776761,210,W,FR,65.0,1.0,64.0,,,,,34.176444,-118.162183,LINCOLN 1,22.982
2024-12-17 15:05:00,717623,210,W,FR,,,,,,,,34.164368,-118.158093,MOUNTAIN 1,23.9
2024-12-17 15:05:00,717636,210,W,FR,,,,,,,,34.152357,-118.123714,HILL,26.8
2024-12-17 15:05:00,717648,210,W,FR,31.0,6.0,9.0,16.0,,,,34.148074,-118.08377,SIERRA MADRE V1,29.17
2024-12-17 15:05:00,717652,210,W,FR,,,,,,,,34.148737,-118.071321,ROSEMEAD 1,29.879
2024-12-17 15:05:00,764346,210,W,FR,84.0,21.0,63.0,,,,,34.152648,-118.109062,ALLEN,27.64
2024-12-17 15:05:00,764349,210,W,FR,,,,,,,,34.152092,-118.143249,MARENGO,25.68
2024-12-17 15:05:00,768920,210,W,FR,,,,,,,,34.151995,-118.129451,LAKE 2 - OFF,26.47
2024-12-17 15:05:00,768927,210,W,FR,59.0,59.0,,,,,,34.152365,-118.092642,SAN GABRIEL OFF,28.58
2024-12-17 15:05:00,769300,210,W,FR,,,,,,,,34.152008,-118.153813,WB 210 TO ORANGE GRV,24.98
2024-12-17 15:05:00,769808,210,W,FR,,,,,,,,34.197068,-118.184827,FOOTHILL,20.98
2024-12-17 15:05:00,769869,210,W,FR,44.0,44.0,,,,,,34.218652,-118.239558,LA CRESCENTA,17.38
2024-12-17 15:05:00,769913,210,W,FR,54.0,54.0,,,,,,34.224897,-118.251344,PENNSYLVANIA,16.58
2024-12-17 15:05:00,769928,210,W,FR,49.0,49.0,,,,,,34.214462,-118.232443,OCEAN VIEW,17.88
2024-12-17 15:05:00,769955,210,W,FR,,,,,,,,34.206998,-118.201441,ANGELES CREST HWY NB,19.78
2024-12-17 15:05:00,769998,210,W,FR,,,,,,,,34.19198,-118.181214,BERKSHIRE,21.39
2024-12-17 15:05:00,770131,210,W,FR,19.0,19.0,,,,,,34.234984,-118.290562,LA TUNA CANYON NB,14.18
2024-12-17 15:05:00,773132,210,W,FR,,,,,,,,34.152216,-118.146794,FAIR OAKS OFF,25.48
2024-12-17 15:05:00,776761,210,W,FR,61.0,10.0,51.0,,,,,34.176444,-118.162183,LINCOLN 1,22.982
2024-12-17 15:10:00,717623,210,W,FR,,,,,,,,34.164368,-118.158093,MOUNTAIN 1,23.9
2024-12-17 15:10:00,717636,210,W,FR,,,,,,,,34.152357,-118.123714,HILL,26.8
2024-12-17 15:10:00,717648,210,W,FR,41.0,12.0,12.0,17.0,,,,34.148074,-118.08377,SIERRA MADRE V1,29.17
2024-12-17 15:10:00,717652,210,W,FR,,,,,,,,34.148737,-118.071321,ROSEMEAD 1,29.879
2024-12-17 15:10:00,764346,210,W,FR,72.0,18.0,54.0,,,,,34.152648,-118.109062,ALLEN,27.64
2024-12-17 15:10:00,764349,210,W,FR,,,,,,,,34.152092,-118.143249,MARENGO,25.68
2024-12-17 15:10:00,768920,210,W,FR,,,,,,,,34.151995,-118.129451,LAKE 2 - OFF,26.47
2024-12-17 15:10:00,768927,210,W,FR,48.0,48.0,,,,,,34.152365,-118.092642,SAN GABRIEL OFF,28.58
2024-12-17 15:10:00,769300,210,W,FR,,,,,,,,34.152008,-118.153813,WB 210 TO ORANGE GRV,24.98
2024-12-17 15:10:00,769808,210,W,FR,,,,,,,,34.197068,-118.184827,FOOTHILL,20.98
2024-12-17 15:10:00,769869,210,W,FR,52.0,52.0,,,,,,34.218652,-118.239558,LA CRESCENTA,17.38
2024-12-17 15:10:00,769913,210,W,FR,50.0,50.0,,,,,,34.224897,-118.251344,PENNSYLVANIA,16.58
2024-12-17 15:10:00,769928,210,W,FR,37.0,37.0,,,,,,34.214462,-118.232443,OCEAN VIEW,17.88
2024-12-17 15:10:00,769955,210,W,FR,,,,,,,,34.206998,-118.201441,ANGELES CREST HWY NB,19.78
2024-12-17 15:10:00,769998,210,W,FR,,,,,,,,34.19198,-118.181214,BERKSHIRE,21.39
2024-12-17 15:10:00,770131,210,W,FR,19.0,19.0,,,,,,34.234984,-118.290562,LA TUNA CANYON NB,14.18
2024-12-17 15:10:00,773132,210,W,FR,,,,,,,,34.152216,-118.146794,FAIR OAKS OFF,25.48
2024-12-17 15:10:00,776761,210,W,FR,49.0,7.0,42.0,,,,,34.176444,-118.162183,LINCOLN 1,22.982
2024-12-17 15:15:00,717623,210,W,FR,,,,,,,,34.164368,-118.158093,MOUNTAIN 1,23.9
2024-12-17 15:15:00,717636,210,W,FR,,,,,,,,34.152357,-118.123714,HILL,26.8
2024-12-17 15:15:00,717648,210,W,FR,45.0,13.0,13.0,19.0,,,,34.148074,-118.08377,SIERRA MADRE V1,29.17
2024-12-17 15:15:00,717652,210,W,FR,,,,,,,,34.148737,-118.071321,ROSEMEAD 1,29.879
2024-12-17 15:15:00,764346,210,W,FR,76.0,20.0,56.0,,,,,34.152648,-118.109062,ALLEN,27.64
2024-12-17 15:15:00,764349,210,W,FR,,,,,,,,34.152092,-118.143249,MARENGO,25.68
2024-12-17 15:15:00,768920,210,W,FR,,,,,,,,34.151995,-118.129451,LAKE 2 - OFF,26.47
2024-12-17 15:15:00,768927,210,W,FR,71.0,71.0,,,,,,34.152365,-118.092642,SAN GABRIEL OFF,28.58
2024-12-17 15:15:00,769300,210,W,FR,,,,,,,,34.152008,-118.153813,WB 210 TO ORANGE GRV,24.98
2024-12-17 15:15:00,769808,210,W,FR,,,,,,,,34.197068,-118.184827,FOOTHILL,20.98
2024-12-17 15:15:00,769869,210,W,FR,27.0,27.0,,,,,,34.218652,-118.239558,LA CRESCENTA,17.38
2024-12-17 15:15:00,769913,210,W,FR,50.0,50.0,,,,,,34.224897,-118.251344,PENNSYLVANIA,16.58
2024-12-17 15:15:00,769928,210,W,FR,43.0,43.0,,,,,,34.214462,-118.232443,OCEAN VIEW,17.88
2024-12-17 15:15:00,769955,210,W,FR,,,,,,,,34.206998,-118.201441,ANGELES CREST HWY NB,19.78
2024-12-17 15:15:00,769998,210,W,FR,,,,,,,,34.19198,-118.181214,BERKSHIRE,21.39
2024-12-17 15:15:00,770131,210,W,FR,19.0,19.0,,,,,,34.234984,-118.290562,LA TUNA CANYON NB,14.18
2024-12-17 15:15:00,773132,210,W,FR,,,,,,,,34.152216,-118.146794,FAIR OAKS OFF,25.48
2024-12-17 15:15:00,776761,210,W,FR,44.0,4.0,40.0,,,,,34.176444,-118.162183,LINCOLN 1,22.982
2024-12-17 15:20:00,717623,210,W,FR,,,,,,,,34.164368,-118.158093,MOUNTAIN 1,23.9
2024-12-17 15:20:00,717636,210,W,FR,,,,,,,,34.152357,-118.123714,HILL,26.8
2024-12-17 15:20:00,717648,210,W,FR,45.0,8.0,16.0,21.0,,,,34.148074,-118.08377,SIERRA MADRE V1,29.17
2024-12-17 15:20:00,717652,210,W,FR,,,,,,,,34.148737,-118.071321,ROSEMEAD 1,29.879
2024-12-17 15:20:00,764346,210,W,FR,50.0,13.0,37.0,,,,,34.152648,-118.109062,ALLEN,27.64
2024-12-17 15:20:00,764349,210,W,FR,,,,,,,,34.152092,-118.143249,MARENGO,25.68
2024-12-17 15:20:00,768920,210,W,FR,,,,,,,,34.151995,-118.129451,LAKE 2 - OFF,26.47
2024-12-17 15:20:00,768927,210,W,FR,68.0,68.0,,,,,,34.152365,-118.092642,SAN GABRIEL OFF,28.58
2024-12-17 15:20:00,769300,210,W,FR,,,,,,,,34.152008,-118.153813,WB 210 TO ORANGE GRV,24.98
2024-12-17 15:20:00,769808,210,W,FR,,,,,,,,34.197068,-118.184827,FOOTHILL,20.98
2024-12-17 15:20:00,769869,210,W,FR,43.0,43.0,,,,,,34.218652,-118.239558,LA CRESCENTA,17.38
2024-12-17 15:20:00,769913,210,W,FR,39.0,39.0,,,,,,34.224897,-118.251344,PENNSYLVANIA,16.58
2024-12-17 15:20:00,769928,210,W,FR,44.0,44.0,,,,,,34.214462,-118.232443,OCEAN VIEW,17.88
2024-12-17 15:20:00,769955,210,W,FR,,,,,,,,34.206998,-118.201441,ANGELES CREST HWY NB,19.78
2024-12-17 15:20:00,769998,210,W,FR,,,,,,,,34.19198,-118.181214,BERKSHIRE,21.39
2024-12-17 15:20:00,770131,210,W,FR,21.0,21.0,,,,,,34.234984,-118.290562,LA TUNA CANYON NB,14.18
2024-12-17 15:20:00,773132,210,W,FR,,,,,,,,34.152216,-118.146794,FAIR OAKS OFF,25.48
2024-12-17 15:20:00,776761,210,W,FR,68.0,8.0,60.0,,,,,34.176444,-118.162183,LINCOLN 1,22.982
2024-12-17 15:25:00,717623,210,W,FR,,,,,,,,34.164368,-118.158093,MOUNTAIN 1,23.9
2024-12-17 15:25:00,717636,210,W,FR,,,,,,,,34.152357,-118.123714,HILL,26.8
2024-12-17 15:25:00,717648,210,W,FR,53.0,17.0,17.0,19.0,,,,34.148074,-118.08377,SIERRA MADRE V1,29.17
2024-12-17 15:25:00,717652,210,W,FR,,,,,,,,34.148737,-118.071321,ROSEMEAD 1,29.879
2024-12-17 15:25:00,764346,210,W,FR,63.0,20.0,43.0,,,,,34.152648,-118.109062,ALLEN,27.64
2024-12-17 15:25:00,764349,210,W,FR,,,,,,,,34.152092,-118.143249,MARENGO,25.68
2024-12-17 15:25:00,768920,210,W,FR,,,,,,,,34.151995,-118.129451,LAKE 2 - OFF,26.47
2024-12-17 15:25:00,768927,210,W,FR,51.0,51.0,,,,,,34.152365,-118.092642,SAN GABRIEL OFF,28.58
2024-12-17 15:25:00,769300,210,W,FR,,,,,,,,34.152008,-118.153813,WB 210 TO ORANGE GRV,24.98
2024-12-17 15:25:00,769808,210,W,FR,,,,,,,,34.197068,-118.184827,FOOTHILL,20.98
2024-12-17 15:25:00,769869,210,W,FR,49.0,49.0,,,,,,34.218652,-118.239558,LA CRESCENTA,17.38
2024-12-17 15:25:00,769913,210,W,FR,64.0,64.0,,,,,,34.224897,-118.251344,PENNSYLVANIA,16.58
2024-12-17 15:25:00,769928,210,W,FR,46.0,46.0,,,,,,34.214462,-118.232443,OCEAN VIEW,17.88
2024-12-17 15:25:00,769955,210,W,FR,,,,,,,,34.206998,-118.201441,ANGELES CREST HWY NB,19.78
2024-12-17 15:25:00,769998,210,W,FR,,,,,,,,34.19198,-118.181214,BERKSHIRE,21.39
2024-12-17 15:25:00,770131,210,W,FR,11.0,11.0,,,,,,34.234984,-118.290562,LA TUNA CANYON NB,14.18
2024-12-17 15:25:00,773132,210,W,FR,,,,,,,,34.152216,-118.146794,FAIR OAKS OFF,25.48
2024-12-17 15:25:00,776761,210,W,FR,72.0,2.0,70.0,,,,,34.176444,-118.162183,LINCOLN 1,22.982
2024-12-17 15:30:00,717623,210,W,FR,,,,,,,,34.164368,-118.158093,MOUNTAIN 1,23.9
2024-12-17 15:30:00,717636,210,W,FR,,,,,,,,34.152357,-118.123714,HILL,26.8
2024-12-17 15:30:00,717648,210,W,FR,35.0,11.0,4.0,20.0,,,,34.148074,-118.08377,SIERRA MADRE V1,29.17
2024-12-17 15:30:00,717652,210,W,FR,,,,,,,,34.148737,-118.071321,ROSEMEAD 1,29.879
2024-12-17 15:30:00,764346,210,W,FR,68.0,14.0,54.0,,,,,34.152648,-118.109062,ALLEN,27.64
2024-12-17 15:30:00,764349,210,W,FR,,,,,,,,34.152092,-118.143249,MARENGO,25.68
2024-12-17 15:30:00,768920,210,W,FR,,,,,,,,34.151995,-118.129451,LAKE 2 - OFF,26.47
2024-12-17 15:30:00,768927,210,W,FR,47.0,47.0,,,,,,34.152365,-118.092642,SAN GABRIEL OFF,28.58
2024-12-17 15:30:00,769300,210,W,FR,,,,,,,,34.152008,-118.153813,WB 210 TO ORANGE GRV,24.98
2024-12-17 15:30:00,769808,210,W,FR,,,,,,,,34.197068,-118.184827,FOOTHILL,20.98
2024-12-17 15:30:00,769869,210,W,FR,60.0,60.0,,,,,,34.218652,-118.239558,LA CRESCENTA,17.38
2024-12-17 15:30:00,769913,210,W,FR,56.0,56.0,,,,,,34.224897,-118.251344,PENNSYLVANIA,16.58
2024-12-17 15:30:00,769928,210,W,FR,30.0,30.0,,,,,,34.214462,-118.232443,OCEAN VIEW,17.88
2024-12-17 15:30:00,769955,210,W,FR,,,,,,,,34.206998,-118.201441,ANGELES CREST HWY NB,19.78
2024-12-17 15:30:00,769998,210,W,FR,,,,,,,,34.19198,-118.181214,BERKSHIRE,21.39
2024-12-17 15:30:00,770131,210,W,FR,31.0,31.0,,,,,,34.234984,-118.290562,LA TUNA CANYON NB,14.18
2024-12-17 15:30:00,773132,210,W,FR,,,,,,,,34.152216,-118.146794,FAIR OAKS OFF,25.48
2024-12-17 15:30:00,776761,210,W,FR,73.0,12.0,61.0,,,,,34.176444,-118.162183,LINCOLN 1,22.982
2024-12-17 15:35:00,717623,210,W,FR,,,,,,,,34.164368,-118.158093,MOUNTAIN 1,23.9
2024-12-17 15:35:00,717636,210,W,FR,,,,,,,,34.152357,-118.123714,HILL,26.8
2024-12-17 15:35:00,717648,210,W,FR,40.0,11.0,10.0,19.0,,,,34.148074,-118.08377,SIERRA MADRE V1,29.17
2024-12-17 15:35:00,717652,210,W,FR,,,,,,,,34.148737,-118.071321,ROSEMEAD 1,29.879
2024-12-17 15:35:00,764346,210,W,FR,62.0,15.0,47.0,,,,,34.152648,-118.109062,ALLEN,27.64
2024-12-17 15:35:00,764349,210,W,FR,,,,,,,,34.152092,-118.143249,MARENGO,25.68
2024-12-17 15:35:00,768920,210,W,FR,,,,,,,,34.151995,-118.129451,LAKE 2 - OFF,26.47
2024-12-17 15:35:00,768927,210,W,FR,59.0,59.0,,,,,,34.152365,-118.092642,SAN GABRIEL OFF,28.58
2024-12-17 15:35:00,769300,210,W,FR,,,,,,,,34.152008,-118.153813,WB 210 TO ORANGE GRV,24.98
2024-12-17 15:35:00,769808,210,W,FR,,,,,,,,34.197068,-118.184827,FOOTHILL,20.98
2024-12-17 15:35:00,769869,210,W,FR,40.0,40.0,,,,,,34.218652,-118.239558,LA CRESCENTA,17.38
2024-12-17 15:35:00,769913,210,W,FR,45.0,45.0,,,,,,34.224897,-118.251344,PENNSYLVANIA,16.58
2024-12-17 15:35:00,769928,210,W,FR,48.0,48.0,,,,,,34.214462,-118.232443,OCEAN VIEW,17.88
2024-12-17 15:35:00,769955,210,W,FR,,,,,,,,34.206998,-118.201441,ANGELES CREST HWY NB,19.78
2024-12-17 15:35:00,769998,210,W,FR,,,,,,,,34.19198,-118.181214,BERKSHIRE,21.39
2024-12-17 15:35:00,770131,210,W,FR,30.0,30.0,,,,,,34.234984,-118.290562,LA TUNA CANYON NB,14.18
2024-12-17 15:35:00,773132,210,W,FR,,,,,,,,34.152216,-118.146794,FAIR OAKS OFF,25.48
2024-12-17 15:35:00,776761,210,W,FR,52.0,2.0,50.0,,,,,34.176444,-118.162183,LINCOLN 1,22.982
2024-12-17 15:40:00,717623,210,W,FR,,,,,,,,34.164368,-118.158093,MOUNTAIN 1,23.9
2024-12-17 15:40:00,717636,210,W,FR,,,,,,,,34.152357,-118.123714,HILL,26.8
2024-12-17 15:40:00,717648,210,W,FR,33.0,10.0,9.0,14.0,,,,34.148074,-118.08377,SIERRA MADRE V1,29.17
2024-12-17 15:40:00,717652,210,W,FR,,,,,,,,34.148737,-118.071321,ROSEMEAD 1,29.879
2024-12-17 15:40:00,764346,210,W,FR,66.0,18.0,48.0,,,,,34.152648,-118.109062,ALLEN,27.64
2024-12-17 15:40:00,764349,210,W,FR,,,,,,,,34.152092,-118.143249,MARENGO,25.68
2024-12-17 15:40:00,768920,210,W,FR,,,,,,,,34.151995,-118.129451,LAKE 2 - OFF,26.47
2024-12-17 15:40:00,768927,210,W,FR,46.0,46.0,,,,,,34.152365,-118.092642,SAN GABRIEL OFF,28.58
2024-12-17 15:40:00,769300,210,W,FR,,,,,,,,34.152008,-118.153813,WB 210 TO ORANGE GRV,24.98
2024-12-17 15:40:00,769808,210,W,FR,,,,,,,,34.197068,-118.184827,FOOTHILL,20.98
2024-12-17 15:40:00,769869,210,W,FR,50.0,50.0,,,,,,34.218652,-118.239558,LA CRESCENTA,17.38
2024-12-17 15:40:00,769913,210,W,FR,44.0,44.0,,,,,,34.224897,-118.251344,PENNSYLVANIA,16.58
2024-12-17 15:40:00,769928,210,W,FR,40.0,40.0,,,,,,34.214462,-118.232443,OCEAN VIEW,17.88
2024-12-17 15:40:00,769955,210,W,FR,,,,,,,,34.206998,-118.201441,ANGELES CREST HWY NB,19.78
2024-12-17 15:40:00,769998,210,W,FR,,,,,,,,34.19198,-118.181214,BERKSHIRE,21.39
2024-12-17 15:40:00,770131,210,W,FR,29.0,29.0,,,,,,34.234984,-118.290562,LA TUNA CANYON NB,14.18
2024-12-17 15:40:00,773132,210,W,FR,,,,,,,,34.152216,-118.146794,FAIR OAKS OFF,25.48
2024-12-17 15:40:00,776761,210,W,FR,50.0,0.0,50.0,,,,,34.176444,-118.162183,LINCOLN 1,22.982
2024-12-17 15:45:00,717623,210,W,FR,,,,,,,,34.164368,-118.158093,MOUNTAIN 1,23.9
2024-12-17 15:45:00,717636,210,W,FR,,,,,,,,34.152357,-118.123714,HILL,26.8
2024-12-17 15:45:00,717648,210,W,FR,38.0,8.0,10.0,20.0,,,,34.148074,-118.08377,SIERRA MADRE V1,29.17
2024-12-17 15:45:00,717652,210,W,FR,,,,,,,,34.148737,-118.071321,ROSEMEAD 1,29.879
2024-12-17 15:45:00,764346,210,W,FR,56.0,12.0,44.0,,,,,34.152648,-118.109062,ALLEN,27.64
2024-12-17 15:45:00,764349,210,W,FR,,,,,,,,34.152092,-118.143249,MARENGO,25.68
2024-12-17 15:45:00,768920,210,W,FR,,,,,,,,34.151995,-118.129451,LAKE 2 - OFF,26.47
2024-12-17 15:45:00,768927,210,W,FR,46.0,46.0,,,,,,34.152365,-118.092642,SAN GABRIEL OFF,28.58
2024-12-17 15:45:00,769300,210,W,FR,,,,,,,,34.152008,-118.153813,WB 210 TO ORANGE GRV,24.98
2024-12-17 15:45:00,769808,210,W,FR,,,,,,,,34.197068,-118.184827,FOOTHILL,20.98
2024-12-17 15:45:00,769869,210,W,FR,46.0,46.0,,,,,,34.218652,-118.239558,LA CRESCENTA,17.38
2024-12-17 15:45:00,769913,210,W,FR,53.0,53.0,,,,,,34.224897,-118.251344,PENNSYLVANIA,16.58
2024-12-17 15:45:00,769928,210,W,FR,47.0,47.0,,,,,,34.214462,-118.232443,OCEAN VIEW,17.88
2024-12-17 15:45:00,769955,210,W,FR,,,,,,,,34.206998,-118.201441,ANGELES CREST HWY NB,19.78
2024-12-17 15:45:00,769998,210,W,FR,,,,,,,,34.19198,-118.181214,BERKSHIRE,21.39
2024-12-17 15:45:00,770131,210,W,FR,27.0,27.0,,,,,,34.234984,-118.290562,LA TUNA CANYON NB,14.18
2024-12-17 15:45:00,773132,210,W,FR,,,,,,,,34.152216,-118.146794,FAIR OAKS OFF,25.48
2024-12-17 15:45:00,776761,210,W,FR,41.0,7.0,34.0,,,,,34.176444,-118.162183,LINCOLN 1,22.982
2024-12-17 15:50:00,717623,210,W,FR,,,,,,,,34.164368,-118.158093,MOUNTAIN 1,23.9
2024-12-17 15:50:00,717636,210,W,FR,,,,,,,,34.152357,-118.123714,HILL,26.8
2024-12-17 15:50:00,717648,210,W,FR,46.0,14.0,9.0,23.0,,,,34.148074,-118.08377,SIERRA MADRE V1,29.17
2024-12-17 15:50:00,717652,210,W,FR,,,,,,,,34.148737,-118.071321,ROSEMEAD 1,29.879
2024-12-17 15:50:00,764346,210,W,FR,54.0,10.0,44.0,,,,,34.152648,-118.109062,ALLEN,27.64
2024-12-17 15:50:00,764349,210,W,FR,,,,,,,,34.152092,-118.143249,MARENGO,25.68
2024-12-17 15:50:00,768920,210,W,FR,,,,,,,,34.151995,-118.129451,LAKE 2 - OFF,26.47
2024-12-17 15:50:00,768927,210,W,FR,53.0,53.0,,,,,,34.152365,-118.092642,SAN GABRIEL OFF,28.58
2024-12-17 15:50:00,769300,210,W,FR,,,,,,,,34.152008,-118.153813,WB 210 TO ORANGE GRV,24.98
2024-12-17 15:50:00,769808,210,W,FR,,,,,,,,34.197068,-118.184827,FOOTHILL,20.98
2024-12-17 15:50:00,769869,210,W,FR,50.0,50.0,,,,,,34.218652,-118.239558,LA CRESCENTA,17.38
2024-12-17 15:50:00,769913,210,W,FR,46.0,46.0,,,,,,34.224897,-118.251344,PENNSYLVANIA,16.58
2024-12-17 15:50:00,769928,210,W,FR,45.0,45.0,,,,,,34.214462,-118.232443,OCEAN VIEW,17.88
2024-12-17 15:50:00,769955,210,W,FR,,,,,,,,34.206998,-118.201441,ANGELES CREST HWY NB,19.78
2024-12-17 15:50:00,769998,210,W,FR,,,,,,,,34.19198,-118.181214,BERKSHIRE,21.39
2024-12-17 15:50:00,770131,210,W,FR,22.0,22.0,,,,,,34.234984,-118.290562,LA TUNA CANYON NB,14.18
2024-12-17 15:50:00,773132,210,W,FR,,,,,,,,34.152216,-118.146794,FAIR OAKS OFF,25.48
2024-12-17 15:50:00,776761,210,W,FR,66.0,10.0,56.0,,,,,34.176444,-118.162183,LINCOLN 1,22.982
2024-12-17 15:55:00,717623,210,W,FR,,,,,,,,34.164368,-118.158093,MOUNTAIN 1,23.9
2024-12-17 15:55:00,717636,210,W,FR,,,,,,,,34.152357,-118.123714,HILL,26.8
2024-12-17 15:55:00,717648,210,W,FR,31.0,10.0,5.0,16.0,,,,34.148074,-118.08377,SIERRA MADRE V1,29.17
2024-12-17 15:55:00,717652,210,W,FR,,,,,,,,34.148737,-118.071321,ROSEMEAD 1,29.879
2024-12-17 15:55:00,764346,210,W,FR,73.0,12.0,61.0,,,,,34.152648,-118.109062,ALLEN,27.64
2024-12-17 15:55:00,764349,210,W,FR,,,,,,,,34.152092,-118.143249,MARENGO,25.68
2024-12-17 15:55:00,768920,210,W,FR,,,,,,,,34.151995,-118.129451,LAKE 2 - OFF,26.47
2024-12-17 15:55:00,768927,210,W,FR,44.0,44.0,,,,,,34.152365,-118.092642,SAN GABRIEL OFF,28.58
2024-12-17 15:55:00,769300,210,W,FR,,,,,,,,34.152008,-118.153813,WB 210 TO ORANGE GRV,24.98
2024-12-17 15:55:00,769808,210,W,FR,,,,,,,,34.197068,-118.184827,FOOTHILL,20.98
2024-12-17 15:55:00,769869,210,W,FR,53.0,53.0,,,,,,34.218652,-118.239558,LA CRESCENTA,17.38
2024-12-17 15:55:00,769913,210,W,FR,46.0,46.0,,,,,,34.224897,-118.251344,PENNSYLVANIA,16.58
2024-12-17 15:55:00,769928,210,W,FR,42.0,42.0,,,,,,34.214462,-118.232443,OCEAN VIEW,17.88
2024-12-17 15:55:00,769955,210,W,FR,,,,,,,,34.206998,-118.201441,ANGELES CREST HWY NB,19.78
2024-12-17 15:55:00,769998,210,W,FR,,,,,,,,34.19198,-118.181214,BERKSHIRE,21.39
2024-12-17 15:55:00,770131,210,W,FR,21.0,21.0,,,,,,34.234984,-118.290562,LA TUNA CANYON NB,14.18
2024-12-17 15:55:00,773132,210,W,FR,,,,,,,,34.152216,-118.146794,FAIR OAKS OFF,25.48
2024-12-17 15:55:00,776761,210,W,FR,42.0,3.0,39.0,,,,,34.176444,-118.162183,LINCOLN 1,22.982
2024-12-17 16:00:00,717623,210,W,FR,,,,,,,,34.164368,-118.158093,MOUNTAIN 1,23.9
2024-12-17 16:00:00,717636,210,W,FR,,,,,,,,34.152357,-118.123714,HILL,26.8
2024-12-17 16:00:00,717648,210,W,FR,44.0,10.0,13.0,21.0,,,,34.148074,-118.08377,SIERRA MADRE V1,29.17
2024-12-17 16:00:00,717652,210,W,FR,,,,,,,,34.148737,-118.071321,ROSEMEAD 1,29.879
2024-12-17 16:00:00,764346,210,W,FR,45.0,8.0,37.0,,,,,34.152648,-118.109062,ALLEN,27.64
2024-12-17 16:00:00,764349,210,W,FR,,,,,,,,34.152092,-118.143249,MARENGO,25.68
2024-12-17 16:00:00,768920,210,W,FR,,,,,,,,34.151995,-118.129451,LAKE 2 - OFF,26.47
2024-12-17 16:00:00,768927,210,W,FR,34.0,34.0,,,,,,34.152365,-118.092642,SAN GABRIEL OFF,28.58
2024-12-17 16:00:00,769300,210,W,FR,,,,,,,,34.152008,-118.153813,WB 210 TO ORANGE GRV,24.98
2024-12-17 16:00:00,769808,210,W,FR,,,,,,,,34.197068,-118.184827,FOOTHILL,20.98
2024-12-17 16:00:00,769869,210,W,FR,67.0,67.0,,,,,,34.218652,-118.239558,LA CRESCENTA,17.38
2024-12-17 16:00:00,769913,210,W,FR,59.0,59.0,,,,,,34.224897,-118.251344,PENNSYLVANIA,16.58
2024-12-17 16:00:00,769928,210,W,FR,43.0,43.0,,,,,,34.214462,-118.232443,OCEAN VIEW,17.88
2024-12-17 16:00:00,769955,210,W,FR,,,,,,,,34.206998,-118.201441,ANGELES CREST HWY NB,19.78
2024-12-17 16:00:00,769998,210,W,FR,,,,,,,,34.19198,-118.181214,BERKSHIRE,21.39
2024-12-17 16:00:00,770131,210,W,FR,16.0,16.0,,,,,,34.234984,-118.290562,LA TUNA CANYON NB,14.18
2024-12-17 16:00:00,773132,210,W,FR,,,,,,,,34.152216,-118.146794,FAIR OAKS OFF,25.48
2024-12-17 16:00:00,776761,210,W,FR,99.0,13.0,86.0,,,,,34.176444,-118.162183,LINCOLN 1,22.982
2024-12-17 16:05:00,717623,210,W,FR,,,,,,,,34.164368,-118.158093,MOUNTAIN 1,23.9
2024-12-17 16:05:00,717636,210,W,FR,,,,,,,,34.152357,-118.123714,HILL,26.8
2024-12-17 16:05:00,717648,210,W,FR,32.0,11.0,7.0,14.0,,,,34.148074,-118.08377,SIERRA MADRE V1,29.17
2024-12-17 16:05:00,717652,210,W,FR,,,,,,,,34.148737,-118.071321,ROSEMEAD 1,29.879
2024-12-17 16:05:00,764346,210,W,FR,74.0,20.0,54.0,,,,,34.152648,-118.109062,ALLEN,27.64
2024-12-17 16:05:00,764349,210,W,FR,,,,,,,,34.152092,-118.143249,MARENGO,25.68
2024-12-17 16:05:00,768920,210,W,FR,,,,,,,,34.151995,-118.129451,LAKE 2 - OFF,26.47
2024-12-17 16:05:00,768927,210,W,FR,36.0,36.0,,,,,,34.152365,-118.092642,SAN GABRIEL OFF,28.58
2024-12-17 16:05:00,769300,210,W,FR,,,,,,,,34.152008,-118.153813,WB 210 TO ORANGE GRV,24.98
2024-12-17 16:05:00,769808,210,W,FR,,,,,,,,34.197068,-118.184827,FOOTHILL,20.98
2024-12-17 16:05:00,769869,210,W,FR,86.0,86.0,,,,,,34.218652,-118.239558,LA CRESCENTA,17.38
2024-12-17 16:05:00,769913,210,W,FR,39.0,39.0,,,,,,34.224897,-118.251344,PENNSYLVANIA,16.58
2024-12-17 16:05:00,769928,210,W,FR,37.0,37.0,,,,,,34.214462,-118.232443,OCEAN VIEW,17.88
2024-12-17 16:05:00,769955,210,W,FR,,,,,,,,34.206998,-118.201441,ANGELES CREST HWY NB,19.78
2024-12-17 16:05:00,769998,210,W,FR,,,,,,,,34.19198,-118.181214,BERKSHIRE,21.39
2024-12-17 16:05:00,770131,210,W,FR,24.0,24.0,,,,,,34.234984,-118.290562,LA TUNA CANYON NB,14.18
2024-12-17 16:05:00,773132,210,W,FR,,,,,,,,34.152216,-118.146794,FAIR OAKS OFF,25.48
2024-12-17 16:05:00,776761,210,W,FR,69.0,9.0,60.0,,,,,34.176444,-118.162183,LINCOLN 1,22.982
2024-12-17 16:10:00,717623,210,W,FR,,,,,,,,34.164368,-118.158093,MOUNTAIN 1,23.9
2024-12-17 16:10:00,717636,210,W,FR,,,,,,,,34.152357,-118.123714,HILL,26.8
2024-12-17 16:10:00,717648,210,W,FR,29.0,7.0,10.0,12.0,,,,34.148074,-118.08377,SIERRA MADRE V1,29.17
2024-12-17 16:10:00,717652,210,W,FR,,,,,,,,34.148737,-118.071321,ROSEMEAD 1,29.879
2024-12-17 16:10:00,764346,210,W,FR,48.0,8.0,40.0,,,,,34.152648,-118.109062,ALLEN,27.64
2024-12-17 16:10:00,764349,210,W,FR,,,,,,,,34.152092,-118.143249,MARENGO,25.68
2024-12-17 16:10:00,768920,210,W,FR,,,,,,,,34.151995,-118.129451,LAKE 2 - OFF,26.47
2024-12-17 16:10:00,768927,210,W,FR,31.0,31.0,,,,,,34.152365,-118.092642,SAN GABRIEL OFF,28.58
2024-12-17 16:10:00,769300,210,W,FR,,,,,,,,34.152008,-118.153813,WB 210 TO ORANGE GRV,24.98
2024-12-17 16:10:00,769808,210,W,FR,,,,,,,,34.197068,-118.184827,FOOTHILL,20.98
2024-12-17 16:10:00,769869,210,W,FR,51.0,51.0,,,,,,34.218652,-118.239558,LA CRESCENTA,17.38
2024-12-17 16:10:00,769913,210,W,FR,37.0,37.0,,,,,,34.224897,-118.251344,PENNSYLVANIA,16.58
2024-12-17 16:10:00,769928,210,W,FR,47.0,47.0,,,,,,34.214462,-118.232443,OCEAN VIEW,17.88
2024-12-17 16:10:00,769955,210,W,FR,,,,,,,,34.206998,-118.201441,ANGELES CREST HWY NB,19.78
2024-12-17 16:10:00,769998,210,W,FR,,,,,,,,34.19198,-118.181214,BERKSHIRE,21.39
2024-12-17 16:10:00,770131,210,W,FR,20.0,20.0,,,,,,34.234984,-118.290562,LA TUNA CANYON NB,14.18
2024-12-17 16:10:00,773132,210,W,FR,,,,,,,,34.152216,-118.146794,FAIR OAKS OFF,25.48
2024-12-17 16:10:00,776761,210,W,FR,74.0,6.0,68.0,,,,,34.176444,-118.162183,LINCOLN 1,22.982
2024-12-17 16:15:00,717623,210,W,FR,,,,,,,,34.164368,-118.158093,MOUNTAIN 1,23.9
2024-12-17 16:15:00,717636,210,W,FR,,,,,,,,34.152357,-118.123714,HILL,26.8
2024-12-17 16:15:00,717648,210,W,FR,29.0,8.0,13.0,8.0,,,,34.148074,-118.08377,SIERRA MADRE V1,29.17
2024-12-17 16:15:00,717652,210,W,FR,,,,,,,,34.148737,-118.071321,ROSEMEAD 1,29.879
2024-12-17 16:15:00,764346,210,W,FR,53.0,11.0,42.0,,,,,34.152648,-118.109062,ALLEN,27.64
2024-12-17 16:15:00,764349,210,W,FR,,,,,,,,34.152092,-118.143249,MARENGO,25.68
2024-12-17 16:15:00,768920,210,W,FR,,,,,,,,34.151995,-118.129451,LAKE 2 - OFF,26.47
2024-12-17 16:15:00,768927,210,W,FR,37.0,37.0,,,,,,34.152365,-118.092642,SAN GABRIEL OFF,28.58
2024-12-17 16:15:00,769300,210,W,FR,,,,,,,,34.152008,-118.153813,WB 210 TO ORANGE GRV,24.98
2024-12-17 16:15:00,769808,210,W,FR,,,,,,,,34.197068,-118.184827,FOOTHILL,20.98
2024-12-17 16:15:00,769869,210,W,FR,72.0,72.0,,,,,,34.218652,-118.239558,LA CRESCENTA,17.38
2024-12-17 16:15:00,769913,210,W,FR,34.0,34.0,,,,,,34.224897,-118.251344,PENNSYLVANIA,16.58
2024-12-17 16:15:00,769928,210,W,FR,31.0,31.0,,,,,,34.214462,-118.232443,OCEAN VIEW,17.88
2024-12-17 16:15:00,769955,210,W,FR,,,,,,,,34.206998,-118.201441,ANGELES CREST HWY NB,19.78
2024-12-17 16:15:00,769998,210,W,FR,,,,,,,,34.19198,-118.181214,BERKSHIRE,21.39
2024-12-17 16:15:00,770131,210,W,FR,23.0,23.0,,,,,,34.234984,-118.290562,LA TUNA CANYON NB,14.18
2024-12-17 16:15:00,773132,210,W,FR,,,,,,,,34.152216,-118.146794,FAIR OAKS OFF,25.48
2024-12-17 16:15:00,776761,210,W,FR,74.0,6.0,68.0,,,,,34.176444,-118.162183,LINCOLN 1,22.982
2024-12-17 16:20:00,717623,210,W,FR,,,,,,,,34.164368,-118.158093,MOUNTAIN 1,23.9
2024-12-17 16:20:00,717636,210,W,FR,,,,,,,,34.152357,-118.123714,HILL,26.8
2024-12-17 16:20:00,717648,210,W,FR,33.0,12.0,8.0,13.0,,,,34.148074,-118.08377,SIERRA MADRE V1,29.17
2024-12-17 16:20:00,717652,210,W,FR,,,,,,,,34.148737,-118.071321,ROSEMEAD 1,29.879
2024-12-17 16:20:00,764346,210,W,FR,46.0,9.0,37.0,,,,,34.152648,-118.109062,ALLEN,27.64
2024-12-17 16:20:00,764349,210,W,FR,,,,,,,,34.152092,-118.143249,MARENGO,25.68
2024-12-17 16:20:00,768920,210,W,FR,,,,,,,,34.151995,-118.129451,LAKE 2 - OFF,26.47
2024-12-17 16:20:00,768927,210,W,FR,34.0,34.0,,,,,,34.152365,-118.092642,SAN GABRIEL OFF,28.58
2024-12-17 16:20:00,769300,210,W,FR,,,,,,,,34.152008,-118.153813,WB 210 TO ORANGE GRV,24.98
2024-12-17 16:20:00,769808,210,W,FR,,,,,,,,34.197068,-118.184827,FOOTHILL,20.98
2024-12-17 16:20:00,769869,210,W,FR,46.0,46.0,,,,,,34.218652,-118.239558,LA CRESCENTA,17.38
2024-12-17 16:20:00,769913,210,W,FR,48.0,48.0,,,,,,34.224897,-118.251344,PENNSYLVANIA,16.58
2024-12-17 16:20:00,769928,210,W,FR,27.0,27.0,,,,,,34.214462,-118.232443,OCEAN VIEW,17.88
2024-12-17 16:20:00,769955,210,W,FR,,,,,,,,34.206998,-118.201441,ANGELES CREST HWY NB,19.78
2024-12-17 16:20:00,769998,210,W,FR,,,,,,,,34.19198,-118.181214,BERKSHIRE,21.39
2024-12-17 16:20:00,770131,210,W,FR,37.0,37.0,,,,,,34.234984,-118.290562,LA TUNA CANYON NB,14.18
2024-12-17 16:20:00,773132,210,W,FR,,,,,,,,34.152216,-118.146794,FAIR OAKS OFF,25.48
2024-12-17 16:20:00,776761,210,W,FR,76.0,23.0,53.0,,,,,34.176444,-118.162183,LINCOLN 1,22.982
2024-12-17 16:25:00,717623,210,W,FR,,,,,,,,34.164368,-118.158093,MOUNTAIN 1,23.9
2024-12-17 16:25:00,717636,210,W,FR,,,,,,,,34.152357,-118.123714,HILL,26.8
2024-12-17 16:25:00,717648,210,W,FR,37.0,7.0,14.0,16.0,,,,34.148074,-118.08377,SIERRA MADRE V1,29.17
2024-12-17 16:25:00,717652,210,W,FR,,,,,,,,34.148737,-118.071321,ROSEMEAD 1,29.879
2024-12-17 16:25:00,764346,210,W,FR,59.0,13.0,46.0,,,,,34.152648,-118.109062,ALLEN,27.64
2024-12-17 16:25:00,764349,210,W,FR,,,,,,,,34.152092,-118.143249,MARENGO,25.68
2024-12-17 16:25:00,768920,210,W,FR,,,,,,,,34.151995,-118.129451,LAKE 2 - OFF,26.47
2024-12-17 16:25:00,768927,210,W,FR,32.0,32.0,,,,,,34.152365,-118.092642,SAN GABRIEL OFF,28.58
2024-12-17 16:25:00,769300,210,W,FR,,,,,,,,34.152008,-118.153813,WB 210 TO ORANGE GRV,24.98
2024-12-17 16:25:00,769808,210,W,FR,,,,,,,,34.197068,-118.184827,FOOTHILL,20.98
2024-12-17 16:25:00,769869,210,W,FR,54.0,54.0,,,,,,34.218652,-118.239558,LA CRESCENTA,17.38
2024-12-17 16:25:00,769913,210,W,FR,36.0,36.0,,,,,,34.224897,-118.251344,PENNSYLVANIA,16.58
2024-12-17 16:25:00,769928,210,W,FR,43.0,43.0,,,,,,34.214462,-118.232443,OCEAN VIEW,17.88
2024-12-17 16:25:00,769955,210,W,FR,,,,,,,,34.206998,-118.201441,ANGELES CREST HWY NB,19.78
2024-12-17 16:25:00,769998,210,W,FR,,,,,,,,34.19198,-118.181214,BERKSHIRE,21.39
2024-12-17 16:25:00,770131,210,W,FR,35.0,35.0,,,,,,34.234984,-118.290562,LA TUNA CANYON NB,14.18
2024-12-17 16:25:00,773132,210,W,FR,,,,,,,,34.152216,-118.146794,FAIR OAKS OFF,25.48
2024-12-17 16:25:00,776761,210,W,FR,64.0,9.0,55.0,,,,,34.176444,-118.162183,LINCOLN 1,22.982
2024-12-17 16:30:00,717623,210,W,FR,,,,,,,,34.164368,-118.158093,MOUNTAIN 1,23.9
2024-12-17 16:30:00,717636,210,W,FR,,,,,,,,34.152357,-118.123714,HILL,26.8
2024-12-17 16:30:00,717648,210,W,FR,36.0,10.0,12.0,14.0,,,,34.148074,-118.08377,SIERRA MADRE V1,29.17
2024-12-17 16:30:00,717652,210,W,FR,,,,,,,,34.148737,-118.071321,ROSEMEAD 1,29.879
2024-12-17 16:30:00,764346,210,W,FR,41.0,9.0,32.0,,,,,34.152648,-118.109062,ALLEN,27.64
2024-12-17 16:30:00,764349,210,W,FR,,,,,,,,34.152092,-118.143249,MARENGO,25.68
2024-12-17 16:30:00,768920,210,W,FR,,,,,,,,34.151995,-118.129451,LAKE 2 - OFF,26.47
2024-12-17 16:30:00,768927,210,W,FR,46.0,46.0,,,,,,34.152365,-118.092642,SAN GABRIEL OFF,28.58
2024-12-17 16:30:00,769300,210,W,FR,,,,,,,,34.152008,-118.153813,WB 210 TO ORANGE GRV,24.98
2024-12-17 16:30:00,769808,210,W,FR,,,,,,,,34.197068,-118.184827,FOOTHILL,20.98
2024-12-17 16:30:00,769869,210,W,FR,45.0,45.0,,,,,,34.218652,-118.239558,LA CRESCENTA,17.38
2024-12-17 16:30:00,769913,210,W,FR,62.0,62.0,,,,,,34.224897,-118.251344,PENNSYLVANIA,16.58
2024-12-17 16:30:00,769928,210,W,FR,42.0,42.0,,,,,,34.214462,-118.232443,OCEAN VIEW,17.88
2024-12-17 16:30:00,769955,210,W,FR,,,,,,,,34.206998,-118.201441,ANGELES CREST HWY NB,19.78
2024-12-17 16:30:00,769998,210,W,FR,,,,,,,,34.19198,-118.181214,BERKSHIRE,21.39
2024-12-17 16:30:00,770131,210,W,FR,9.0,9.0,,,,,,34.234984,-118.290562,LA TUNA CANYON NB,14.18
2024-12-17 16:30:00,773132,210,W,FR,,,,,,,,34.152216,-118.146794,FAIR OAKS OFF,25.48
2024-12-17 16:30:00,776761,210,W,FR,63.0,4.0,59.0,,,,,34.176444,-118.162183,LINCOLN 1,22.982
2024-12-17 16:35:00,717623,210,W,FR,,,,,,,,34.164368,-118.158093,MOUNTAIN 1,23.9
2024-12-17 16:35:00,717636,210,W,FR,,,,,,,,34.152357,-118.123714,HILL,26.8
2024-12-17 16:35:00,717648,210,W,FR,39.0,9.0,12.0,18.0,,,,34.148074,-118.08377,SIERRA MADRE V1,29.17
2024-12-17 16:35:00,717652,210,W,FR,,,,,,,,34.148737,-118.071321,ROSEMEAD 1,29.879
2024-12-17 16:35:00,764346,210,W,FR,39.0,4.0,35.0,,,,,34.152648,-118.109062,ALLEN,27.64
2024-12-17 16:35:00,764349,210,W,FR,,,,,,,,34.152092,-118.143249,MARENGO,25.68
2024-12-17 16:35:00,768920,210,W,FR,,,,,,,,34.151995,-118.129451,LAKE 2 - OFF,26.47
2024-12-17 16:35:00,768927,210,W,FR,30.0,30.0,,,,,,34.152365,-118.092642,SAN GABRIEL OFF,28.58
2024-12-17 16:35:00,769300,210,W,FR,,,,,,,,34.152008,-118.153813,WB 210 TO ORANGE GRV,24.98
2024-12-17 16:35:00,769808,210,W,FR,,,,,,,,34.197068,-118.184827,FOOTHILL,20.98
2024-12-17 16:35:00,769869,210,W,FR,20.0,20.0,,,,,,34.218652,-118.239558,LA CRESCENTA,17.38
2024-12-17 16:35:00,769913,210,W,FR,44.0,44.0,,,,,,34.224897,-118.251344,PENNSYLVANIA,16.58
2024-12-17 16:35:00,769928,210,W,FR,40.0,40.0,,,,,,34.214462,-118.232443,OCEAN VIEW,17.88
2024-12-17 16:35:00,769955,210,W,FR,,,,,,,,34.206998,-118.201441,ANGELES CREST HWY NB,19.78
2024-12-17 16:35:00,769998,210,W,FR,,,,,,,,34.19198,-118.181214,BERKSHIRE,21.39
2024-12-17 16:35:00,770131,210,W,FR,21.0,21.0,,,,,,34.234984,-118.290562,LA TUNA CANYON NB,14.18
2024-12-17 16:35:00,773132,210,W,FR,,,,,,,,34.152216,-118.146794,FAIR OAKS OFF,25.48
2024-12-17 16:35:00,776761,210,W,FR,54.0,4.0,50.0,,,,,34.176444,-118.162183,LINCOLN 1,22.982
2024-12-17 16:40:00,717623,210,W,FR,,,,,,,,34.164368,-118.158093,MOUNTAIN 1,23.9
2024-12-17 16:40:00,717636,210,W,FR,,,,,,,,34.152357,-118.123714,HILL,26.8
2024-12-17 16:40:00,717648,210,W,FR,27.0,7.0,10.0,10.0,,,,34.148074,-118.08377,SIERRA MADRE V1,29.17
2024-12-17 16:40:00,717652,210,W,FR,,,,,,,,34.148737,-118.071321,ROSEMEAD 1,29.879
2024-12-17 16:40:00,764346,210,W,FR,38.0,7.0,31.0,,,,,34.152648,-118.109062,ALLEN,27.64
2024-12-17 16:40:00,764349,210,W,FR,,,,,,,,34.152092,-118.143249,MARENGO,25.68
2024-12-17 16:40:00,768920,210,W,FR,,,,,,,,34.151995,-118.129451,LAKE 2 - OFF,26.47
2024-12-17 16:40:00,768927,210,W,FR,31.0,31.0,,,,,,34.152365,-118.092642,SAN GABRIEL OFF,28.58
2024-12-17 16:40:00,769300,210,W,FR,,,,,,,,34.152008,-118.153813,WB 210 TO ORANGE GRV,24.98
2024-12-17 16:40:00,769808,210,W,FR,,,,,,,,34.197068,-118.184827,FOOTHILL,20.98
2024-12-17 16:40:00,769869,210,W,FR,79.0,79.0,,,,,,34.218652,-118.239558,LA CRESCENTA,17.38
2024-12-17 16:40:00,769913,210,W,FR,41.0,41.0,,,,,,34.224897,-118.251344,PENNSYLVANIA,16.58
2024-12-17 16:40:00,769928,210,W,FR,33.0,33.0,,,,,,34.214462,-118.232443,OCEAN VIEW,17.88
2024-12-17 16:40:00,769955,210,W,FR,,,,,,,,34.206998,-118.201441,ANGELES CREST HWY NB,19.78
2024-12-17 16:40:00,769998,210,W,FR,,,,,,,,34.19198,-118.181214,BERKSHIRE,21.39
2024-12-17 16:40:00,770131,210,W,FR,28.0,28.0,,,,,,34.234984,-118.290562,LA TUNA CANYON NB,14.18
2024-12-17 16:40:00,773132,210,W,FR,,,,,,,,34.152216,-118.146794,FAIR OAKS OFF,25.48
2024-12-17 16:40:00,776761,210,W,FR,81.0,9.0,72.0,,,,,34.176444,-118.162183,LINCOLN 1,22.982
2024-12-17 16:45:00,717623,210,W,FR,,,,,,,,34.164368,-118.158093,MOUNTAIN 1,23.9
2024-12-17 16:45:00,717636,210,W,FR,,,,,,,,34.152357,-118.123714,HILL,26.8
2024-12-17 16:45:00,717648,210,W,FR,20.0,3.0,3.0,14.0,,,,34.148074,-118.08377,SIERRA MADRE V1,29.17
2024-12-17 16:45:00,717652,210,W,FR,,,,,,,,34.148737,-118.071321,ROSEMEAD 1,29.879
2024-12-17 16:45:00,764346,210,W,FR,63.0,10.0,53.0,,,,,34.152648,-118.109062,ALLEN,27.64
2024-12-17 16:45:00,764349,210,W,FR,,,,,,,,34.152092,-118.143249,MARENGO,25.68
2024-12-17 16:45:00,768920,210,W,FR,,,,,,,,34.151995,-118.129451,LAKE 2 - OFF,26.47
2024-12-17 16:45:00,768927,210,W,FR,27.0,27.0,,,,,,34.152365,-118.092642,SAN GABRIEL OFF,28.58
2024-12-17 16:45:00,769300,210,W,FR,,,,,,,,34.152008,-118.153813,WB 210 TO ORANGE GRV,24.98
2024-12-17 16:45:00,769808,210,W,FR,,,,,,,,34.197068,-118.184827,FOOTHILL,20.98
2024-12-17 16:45:00,769869,210,W,FR,42.0,42.0,,,,,,34.218652,-118.239558,LA CRESCENTA,17.38
2024-12-17 16:45:00,769913,210,W,FR,38.0,38.0,,,,,,34.224897,-118.251344,PENNSYLVANIA,16.58
2024-12-17 16:45:00,769928,210,W,FR,46.0,46.0,,,,,,34.214462,-118.232443,OCEAN VIEW,17.88
2024-12-17 16:45:00,769955,210,W,FR,,,,,,,,34.206998,-118.201441,ANGELES CREST HWY NB,19.78
2024-12-17 16:45:00,769998,210,W,FR,,,,,,,,34.19198,-118.181214,BERKSHIRE,21.39
2024-12-17 16:45:00,770131,210,W,FR,19.0,19.0,,,,,,34.234984,-118.290562,LA TUNA CANYON NB,14.18
2024-12-17 16:45:00,773132,210,W,FR,,,,,,,,34.152216,-118.146794,FAIR OAKS OFF,25.48
2024-12-17 16:45:00,776761,210,W,FR,79.0,6.0,73.0,,,,,34.176444,-118.162183,LINCOLN 1,22.982
2024-12-17 16:50:00,717623,210,W,FR,,,,,,,,34.164368,-118.158093,MOUNTAIN 1,23.9
2024-12-17 16:50:00,717636,210,W,FR,,,,,,,,34.152357,-118.123714,HILL,26.8
2024-12-17 16:50:00,717648,210,W,FR,39.0,9.0,11.0,19.0,,,,34.148074,-118.08377,SIERRA MADRE V1,29.17
2024-12-17 16:50:00,717652,210,W,FR,,,,,,,,34.148737,-118.071321,ROSEMEAD 1,29.879
2024-12-17 16:50:00,764346,210,W,FR,61.0,12.0,49.0,,,,,34.152648,-118.109062,ALLEN,27.64
2024-12-17 16:50:00,764349,210,W,FR,,,,,,,,34.152092,-118.143249,MARENGO,25.68
2024-12-17 16:50:00,768920,210,W,FR,,,,,,,,34.151995,-118.129451,LAKE 2 - OFF,26.47
2024-12-17 16:50:00,768927,210,W,FR,32.0,32.0,,,,,,34.152365,-118.092642,SAN GABRIEL OFF,28.58
2024-12-17 16:50:00,769300,210,W,FR,,,,,,,,34.152008,-118.153813,WB 210 TO ORANGE GRV,24.98
2024-12-17 16:50:00,769808,210,W,FR,,,,,,,,34.197068,-118.184827,FOOTHILL,20.98
2024-12-17 16:50:00,769869,210,W,FR,45.0,45.0,,,,,,34.218652,-118.239558,LA CRESCENTA,17.38
2024-12-17 16:50:00,769913,210,W,FR,29.0,29.0,,,,,,34.224897,-118.251344,PENNSYLVANIA,16.58
2024-12-17 16:50:00,769928,210,W,FR,33.0,33.0,,,,,,34.214462,-118.232443,OCEAN VIEW,17.88
2024-12-17 16:50:00,769955,210,W,FR,,,,,,,,34.206998,-118.201441,ANGELES CREST HWY NB,19.78
2024-12-17 16:50:00,769998,210,W,FR,,,,,,,,34.19198,-118.181214,BERKSHIRE,21.39
2024-12-17 16:50:00,770131,210,W,FR,26.0,26.0,,,,,,34.234984,-118.290562,LA TUNA CANYON NB,14.18
2024-12-17 16:50:00,773132,210,W,FR,,,,,,,,34.152216,-118.146794,FAIR OAKS OFF,25.48
2024-12-17 16:50:00,776761,210,W,FR,76.0,9.0,67.0,,,,,34.176444,-118.162183,LINCOLN 1,22.982
2024-12-17 16:55:00,717623,210,W,FR,,,,,,,,34.164368,-118.158093,MOUNTAIN 1,23.9
2024-12-17 16:55:00,717636,210,W,FR,,,,,,,,34.152357,-118.123714,HILL,26.8
2024-12-17 16:55:00,717648,210,W,FR,35.0,6.0,12.0,17.0,,,,34.148074,-118.08377,SIERRA MADRE V1,29.17
2024-12-17 16:55:00,717652,210,W,FR,,,,,,,,34.148737,-118.071321,ROSEMEAD 1,29.879
2024-12-17 16:55:00,764346,210,W,FR,41.0,6.0,35.0,,,,,34.152648,-118.109062,ALLEN,27.64
2024-12-17 16:55:00,764349,210,W,FR,,,,,,,,34.152092,-118.143249,MARENGO,25.68
2024-12-17 16:55:00,768920,210,W,FR,,,,,,,,34.151995,-118.129451,LAKE 2 - OFF,26.47
2024-12-17 16:55:00,768927,210,W,FR,42.0,42.0,,,,,,34.152365,-118.092642,SAN GABRIEL OFF,28.58
2024-12-17 16:55:00,769300,210,W,FR,,,,,,,,34.152008,-118.153813,WB 210 TO ORANGE GRV,24.98
2024-12-17 16:55:00,769808,210,W,FR,,,,,,,,34.197068,-118.184827,FOOTHILL,20.98
2024-12-17 16:55:00,769869,210,W,FR,35.0,35.0,,,,,,34.218652,-118.239558,LA CRESCENTA,17.38
2024-12-17 16:55:00,769913,210,W,FR,50.0,50.0,,,,,,34.224897,-118.251344,PENNSYLVANIA,16.58
2024-12-17 16:55:00,769928,210,W,FR,49.0,49.0,,,,,,34.214462,-118.232443,OCEAN VIEW,17.88
2024-12-17 16:55:00,769955,210,W,FR,,,,,,,,34.206998,-118.201441,ANGELES CREST HWY NB,19.78
2024-12-17 16:55:00,769998,210,W,FR,,,,,,,,34.19198,-118.181214,BERKSHIRE,21.39
2024-12-17 16:55:00,770131,210,W,FR,15.0,15.0,,,,,,34.234984,-118.290562,LA TUNA CANYON NB,14.18
2024-12-17 16:55:00,773132,210,W,FR,,,,,,,,34.152216,-118.146794,FAIR OAKS OFF,25.48
2024-12-17 16:55:00,776761,210,W,FR,58.0,3.0,55.0,,,,,34.176444,-118.162183,LINCOLN 1,22.982
2024-12-17 17:00:00,717623,210,W,FR,,,,,,,,34.164368,-118.158093,MOUNTAIN 1,23.9
2024-12-17 17:00:00,717636,210,W,FR,,,,,,,,34.152357,-118.123714,HILL,26.8
2024-12-17 17:00:00,717648,210,W,FR,38.0,9.0,14.0,15.0,,,,34.148074,-118.08377,SIERRA MADRE V1,29.17
2024-12-17 17:00:00,717652,210,W,FR,,,,,,,,34.148737,-118.071321,ROSEMEAD 1,29.879
2024-12-17 17:00:00,764346,210,W,FR,50.0,12.0,38.0,,,,,34.152648,-118.109062,ALLEN,27.64
2024-12-17 17:00:00,764349,210,W,FR,,,,,,,,34.152092,-118.143249,MARENGO,25.68
2024-12-17 17:00:00,768920,210,W,FR,,,,,,,,34.151995,-118.129451,LAKE 2 - OFF,26.47
2024-12-17 17:00:00,768927,210,W,FR,38.0,38.0,,,,,,34.152365,-118.092642,SAN GABRIEL OFF,28.58
2024-12-17 17:00:00,769300,210,W,FR,,,,,,,,34.152008,-118.153813,WB 210 TO ORANGE GRV,24.98
2024-12-17 17:00:00,769808,210,W,FR,,,,,,,,34.197068,-118.184827,FOOTHILL,20.98
2024-12-17 17:00:00,769869,210,W,FR,23.0,23.0,,,,,,34.218652,-118.239558,LA CRESCENTA,17.38
2024-12-17 17:00:00,769913,210,W,FR,41.0,41.0,,,,,,34.224897,-118.251344,PENNSYLVANIA,16.58
2024-12-17 17:00:00,769928,210,W,FR,41.0,41.0,,,,,,34.214462,-118.232443,OCEAN VIEW,17.88
2024-12-17 17:00:00,769955,210,W,FR,,,,,,,,34.206998,-118.201441,ANGELES CREST HWY NB,19.78
2024-12-17 17:00:00,769998,210,W,FR,,,,,,,,34.19198,-118.181214,BERKSHIRE,21.39
2024-12-17 17:00:00,770131,210,W,FR,20.0,20.0,,,,,,34.234984,-118.290562,LA TUNA CANYON NB,14.18
2024-12-17 17:00:00,773132,210,W,FR,,,,,,,,34.152216,-118.146794,FAIR OAKS OFF,25.48
2024-12-17 17:00:00,776761,210,W,FR,45.0,2.0,43.0,,,,,34.176444,-118.162183,LINCOLN 1,22.982
2024-12-17 17:05:00,717623,210,W,FR,,,,,,,,34.164368,-118.158093,MOUNTAIN 1,23.9
2024-12-17 17:05:00,717636,210,W,FR,,,,,,,,34.152357,-118.123714,HILL,26.8
2024-12-17 17:05:00,717648,210,W,FR,20.0,6.0,6.0,8.0,,,,34.148074,-118.08377,SIERRA MADRE V1,29.17
2024-12-17 17:05:00,717652,210,W,FR,,,,,,,,34.148737,-118.071321,ROSEMEAD 1,29.879
2024-12-17 17:05:00,764346,210,W,FR,39.0,12.0,27.0,,,,,34.152648,-118.109062,ALLEN,27.64
2024-12-17 17:05:00,764349,210,W,FR,,,,,,,,34.152092,-118.143249,MARENGO,25.68
2024-12-17 17:05:00,768920,210,W,FR,,,,,,,,34.151995,-118.129451,LAKE 2 - OFF,26.47
2024-12-17 17:05:00,768927,210,W,FR,36.0,36.0,,,,,,34.152365,-118.092642,SAN GABRIEL OFF,28.58
2024-12-17 17:05:00,769300,210,W,FR,,,,,,,,34.152008,-118.153813,WB 210 TO ORANGE GRV,24.98
2024-12-17 17:05:00,769808,210,W,FR,,,,,,,,34.197068,-118.184827,FOOTHILL,20.98
2024-12-17 17:05:00,769869,210,W,FR,51.0,51.0,,,,,,34.218652,-118.239558,LA CRESCENTA,17.38
2024-12-17 17:05:00,769913,210,W,FR,47.0,47.0,,,,,,34.224897,-118.251344,PENNSYLVANIA,16.58
2024-12-17 17:05:00,769928,210,W,FR,40.0,40.0,,,,,,34.214462,-118.232443,OCEAN VIEW,17.88
2024-12-17 17:05:00,769955,210,W,FR,,,,,,,,34.206998,-118.201441,ANGELES CREST HWY NB,19.78
2024-12-17 17:05:00,769998,210,W,FR,,,,,,,,34.19198,-118.181214,BERKSHIRE,21.39
2024-12-17 17:05:00,770131,210,W,FR,17.0,17.0,,,,,,34.234984,-118.290562,LA TUNA CANYON NB,14.18
2024-12-17 17:05:00,773132,210,W,FR,,,,,,,,34.152216,-118.146794,FAIR OAKS OFF,25.48
2024-12-17 17:05:00,776761,210,W,FR,58.0,8.0,50.0,,,,,34.176444,-118.162183,LINCOLN 1,22.982
2024-12-17 17:10:00,717623,210,W,FR,,,,,,,,34.164368,-118.158093,MOUNTAIN 1,23.9
2024-12-17 17:10:00,717636,210,W,FR,,,,,,,,34.152357,-118.123714,HILL,26.8
2024-12-17 17:10:00,717648,210,W,FR,33.0,8.0,9.0,16.0,,,,34.148074,-118.08377,SIERRA MADRE V1,29.17
2024-12-17 17:10:00,717652,210,W,FR,,,,,,,,34.148737,-118.071321,ROSEMEAD 1,29.879
2024-12-17 17:10:00,764346,210,W,FR,34.0,8.0,26.0,,,,,34.152648,-118.109062,ALLEN,27.64
2024-12-17 17:10:00,764349,210,W,FR,,,,,,,,34.152092,-118.143249,MARENGO,25.68
2024-12-17 17:10:00,768920,210,W,FR,,,,,,,,34.151995,-118.129451,LAKE 2 - OFF,26.47
2024-12-17 17:10:00,768927,210,W,FR,27.0,27.0,,,,,,34.152365,-118.092642,SAN GABRIEL OFF,28.58
2024-12-17 17:10:00,769300,210,W,FR,,,,,,,,34.152008,-118.153813,WB 210 TO ORANGE GRV,24.98
2024-12-17 17:10:00,769808,210,W,FR,,,,,,,,34.197068,-118.184827,FOOTHILL,20.98
2024-12-17 17:10:00,769869,210,W,FR,54.0,54.0,,,,,,34.218652,-118.239558,LA CRESCENTA,17.38
2024-12-17 17:10:00,769913,210,W,FR,46.0,46.0,,,,,,34.224897,-118.251344,PENNSYLVANIA,16.58
2024-12-17 17:10:00,769928,210,W,FR,41.0,41.0,,,,,,34.214462,-118.232443,OCEAN VIEW,17.88
2024-12-17 17:10:00,769955,210,W,FR,,,,,,,,34.206998,-118.201441,ANGELES CREST HWY NB,19.78
2024-12-17 17:10:00,769998,210,W,FR,,,,,,,,34.19198,-118.181214,BERKSHIRE,21.39
2024-12-17 17:10:00,770131,210,W,FR,25.0,25.0,,,,,,34.234984,-118.290562,LA TUNA CANYON NB,14.18
2024-12-17 17:10:00,773132,210,W,FR,,,,,,,,34.152216,-118.146794,FAIR OAKS OFF,25.48
2024-12-17 17:10:00,776761,210,W,FR,87.0,11.0,76.0,,,,,34.176444,-118.162183,LINCOLN 1,22.982
2024-12-17 17:15:00,717623,210,W,FR,,,,,,,,34.164368,-118.158093,MOUNTAIN 1,23.9
2024-12-17 17:15:00,717636,210,W,FR,,,,,,,,34.152357,-118.123714,HILL,26.8
2024-12-17 17:15:00,717648,210,W,FR,34.0,10.0,5.0,19.0,,,,34.148074,-118.08377,SIERRA MADRE V1,29.17
2024-12-17 17:15:00,717652,210,W,FR,,,,,,,,34.148737,-118.071321,ROSEMEAD 1,29.879
2024-12-17 17:15:00,764346,210,W,FR,56.0,11.0,45.0,,,,,34.152648,-118.109062,ALLEN,27.64
2024-12-17 17:15:00,764349,210,W,FR,,,,,,,,34.152092,-118.143249,MARENGO,25.68
2024-12-17 17:15:00,768920,210,W,FR,,,,,,,,34.151995,-118.129451,LAKE 2 - OFF,26.47
2024-12-17 17:15:00,768927,210,W,FR,33.0,33.0,,,,,,34.152365,-118.092642,SAN GABRIEL OFF,28.58
2024-12-17 17:15:00,769300,210,W,FR,,,,,,,,34.152008,-118.153813,WB 210 TO ORANGE GRV,24.98
2024-12-17 17:15:00,769808,210,W,FR,,,,,,,,34.197068,-118.184827,FOOTHILL,20.98
2024-12-17 17:15:00,769869,210,W,FR,36.0,36.0,,,,,,34.218652,-118.239558,LA CRESCENTA,17.38
2024-12-17 17:15:00,769913,210,W,FR,39.0,39.0,,,,,,34.224897,-118.251344,PENNSYLVANIA,16.58
2024-12-17 17:15:00,769928,210,W,FR,43.0,43.0,,,,,,34.214462,-118.232443,OCEAN VIEW,17.88
2024-12-17 17:15:00,769955,210,W,FR,,,,,,,,34.206998,-118.201441,ANGELES CREST HWY NB,19.78
2024-12-17 17:15:00,769998,210,W,FR,,,,,,,,34.19198,-118.181214,BERKSHIRE,21.39
2024-12-17 17:15:00,770131,210,W,FR,37.0,37.0,,,,,,34.234984,-118.290562,LA TUNA CANYON NB,14.18
2024-12-17 17:15:00,773132,210,W,FR,,,,,,,,34.152216,-118.146794,FAIR OAKS OFF,25.48
2024-12-17 17:15:00,776761,210,W,FR,87.0,16.0,71.0,,,,,34.176444,-118.162183,LINCOLN 1,22.982
2024-12-17 17:20:00,717623,210,W,FR,,,,,,,,34.164368,-118.158093,MOUNTAIN 1,23.9
2024-12-17 17:20:00,717636,210,W,FR,,,,,,,,34.152357,-118.123714,HILL,26.8
2024-12-17 17:20:00,717648,210,W,FR,39.0,11.0,13.0,15.0,,,,34.148074,-118.08377,SIERRA MADRE V1,29.17
2024-12-17 17:20:00,717652,210,W,FR,,,,,,,,34.148737,-118.071321,ROSEMEAD 1,29.879
2024-12-17 17:20:00,764346,210,W,FR,49.0,12.0,37.0,,,,,34.152648,-118.109062,ALLEN,27.64
2024-12-17 17:20:00,764349,210,W,FR,,,,,,,,34.152092,-118.143249,MARENGO,25.68
2024-12-17 17:20:00,768920,210,W,FR,,,,,,,,34.151995,-118.129451,LAKE 2 - OFF,26.47
2024-12-17 17:20:00,768927,210,W,FR,38.0,38.0,,,,,,34.152365,-118.092642,SAN GABRIEL OFF,28.58
2024-12-17 17:20:00,769300,210,W,FR,,,,,,,,34.152008,-118.153813,WB 210 TO ORANGE GRV,24.98
2024-12-17 17:20:00,769808,210,W,FR,,,,,,,,34.197068,-118.184827,FOOTHILL,20.98
2024-12-17 17:20:00,769869,210,W,FR,51.0,51.0,,,,,,34.218652,-118.239558,LA CRESCENTA,17.38
2024-12-17 17:20:00,769913,210,W,FR,52.0,52.0,,,,,,34.224897,-118.251344,PENNSYLVANIA,16.58
2024-12-17 17:20:00,769928,210,W,FR,44.0,44.0,,,,,,34.214462,-118.232443,OCEAN VIEW,17.88
2024-12-17 17:20:00,769955,210,W,FR,,,,,,,,34.206998,-118.201441,ANGELES CREST HWY NB,19.78
2024-12-17 17:20:00,769998,210,W,FR,,,,,,,,34.19198,-118.181214,BERKSHIRE,21.39
2024-12-17 17:20:00,770131,210,W,FR,19.0,19.0,,,,,,34.234984,-118.290562,LA TUNA CANYON NB,14.18
2024-12-17 17:20:00,773132,210,W,FR,,,,,,,,34.152216,-118.146794,FAIR OAKS OFF,25.48
2024-12-17 17:20:00,776761,210,W,FR,61.0,3.0,58.0,,,,,34.176444,-118.162183,LINCOLN 1,22.982
2024-12-17 17:25:00,717623,210,W,FR,,,,,,,,34.164368,-118.158093,MOUNTAIN 1,23.9
2024-12-17 17:25:00,717636,210,W,FR,,,,,,,,34.152357,-118.123714,HILL,26.8
2024-12-17 17:25:00,717648,210,W,FR,34.0,8.0,12.0,14.0,,,,34.148074,-118.08377,SIERRA MADRE V1,29.17
2024-12-17 17:25:00,717652,210,W,FR,,,,,,,,34.148737,-118.071321,ROSEMEAD 1,29.879
2024-12-17 17:25:00,764346,210,W,FR,62.0,7.0,55.0,,,,,34.152648,-118.109062,ALLEN,27.64
2024-12-17 17:25:00,764349,210,W,FR,,,,,,,,34.152092,-118.143249,MARENGO,25.68
2024-12-17 17:25:00,768920,210,W,FR,,,,,,,,34.151995,-118.129451,LAKE 2 - OFF,26.47
2024-12-17 17:25:00,768927,210,W,FR,33.0,33.0,,,,,,34.152365,-118.092642,SAN GABRIEL OFF,28.58
2024-12-17 17:25:00,769300,210,W,FR,,,,,,,,34.152008,-118.153813,WB 210 TO ORANGE GRV,24.98
2024-12-17 17:25:00,769808,210,W,FR,,,,,,,,34.197068,-118.184827,FOOTHILL,20.98
2024-12-17 17:25:00,769869,210,W,FR,60.0,60.0,,,,,,34.218652,-118.239558,LA CRESCENTA,17.38
2024-12-17 17:25:00,769913,210,W,FR,57.0,57.0,,,,,,34.224897,-118.251344,PENNSYLVANIA,16.58
2024-12-17 17:25:00,769928,210,W,FR,39.0,39.0,,,,,,34.214462,-118.232443,OCEAN VIEW,17.88
2024-12-17 17:25:00,769955,210,W,FR,,,,,,,,34.206998,-118.201441,ANGELES CREST HWY NB,19.78
2024-12-17 17:25:00,769998,210,W,FR,,,,,,,,34.19198,-118.181214,BERKSHIRE,21.39
2024-12-17 17:25:00,770131,210,W,FR,46.0,46.0,,,,,,34.234984,-118.290562,LA TUNA CANYON NB,14.18
2024-12-17 17:25:00,773132,210,W,FR,,,,,,,,34.152216,-118.146794,FAIR OAKS OFF,25.48
2024-12-17 17:25:00,776761,210,W,FR,62.0,6.0,56.0,,,,,34.176444,-118.162183,LINCOLN 1,22.982
2024-12-17 17:30:00,717623,210,W,FR,,,,,,,,34.164368,-118.158093,MOUNTAIN 1,23.9
2024-12-17 17:30:00,717636,210,W,FR,,,,,,,,34.152357,-118.123714,HILL,26.8
2024-12-17 17:30:00,717648,210,W,FR,26.0,5.0,8.0,13.0,,,,34.148074,-118.08377,SIERRA MADRE V1,29.17
2024-12-17 17:30:00,717652,210,W,FR,,,,,,,,34.148737,-118.071321,ROSEMEAD 1,29.879
2024-12-17 17:30:00,764346,210,W,FR,58.0,13.0,45.0,,,,,34.152648,-118.109062,ALLEN,27.64
2024-12-17 17:30:00,764349,210,W,FR,,,,,,,,34.152092,-118.143249,MARENGO,25.68
2024-12-17 17:30:00,768920,210,W,FR,,,,,,,,34.151995,-118.129451,LAKE 2 - OFF,26.47
2024-12-17 17:30:00,768927,210,W,FR,34.0,34.0,,,,,,34.152365,-118.092642,SAN GABRIEL OFF,28.58
2024-12-17 17:30:00,769300,210,W,FR,,,,,,,,34.152008,-118.153813,WB 210 TO ORANGE GRV,24.98
2024-12-17 17:30:00,769808,210,W,FR,,,,,,,,34.197068,-118.184827,FOOTHILL,20.98
2024-12-17 17:30:00,769869,210,W,FR,38.0,38.0,,,,,,34.218652,-118.239558,LA CRESCENTA,17.38
2024-12-17 17:30:00,769913,210,W,FR,55.0,55.0,,,,,,34.224897,-118.251344,PENNSYLVANIA,16.58
2024-12-17 17:30:00,769928,210,W,FR,33.0,33.0,,,,,,34.214462,-118.232443,OCEAN VIEW,17.88
2024-12-17 17:30:00,769955,210,W,FR,,,,,,,,34.206998,-118.201441,ANGELES CREST HWY NB,19.78
2024-12-17 17:30:00,769998,210,W,FR,,,,,,,,34.19198,-118.181214,BERKSHIRE,21.39
2024-12-17 17:30:00,770131,210,W,FR,33.0,33.0,,,,,,34.234984,-118.290562,LA TUNA CANYON NB,14.18
2024-12-17 17:30:00,773132,210,W,FR,,,,,,,,34.152216,-118.146794,FAIR OAKS OFF,25.48
2024-12-17 17:30:00,776761,210,W,FR,72.0,12.0,60.0,,,,,34.176444,-118.162183,LINCOLN 1,22.982
2024-12-17 17:35:00,717623,210,W,FR,,,,,,,,34.164368,-118.158093,MOUNTAIN 1,23.9
2024-12-17 17:35:00,717636,210,W,FR,,,,,,,,34.152357,-118.123714,HILL,26.8
2024-12-17 17:35:00,717648,210,W,FR,34.0,7.0,5.0,22.0,,,,34.148074,-118.08377,SIERRA MADRE V1,29.17
2024-12-17 17:35:00,717652,210,W,FR,,,,,,,,34.148737,-118.071321,ROSEMEAD 1,29.879
2024-12-17 17:35:00,764346,210,W,FR,73.0,15.0,58.0,,,,,34.152648,-118.109062,ALLEN,27.64
2024-12-17 17:35:00,764349,210,W,FR,,,,,,,,34.152092,-118.143249,MARENGO,25.68
2024-12-17 17:35:00,768920,210,W,FR,,,,,,,,34.151995,-118.129451,LAKE 2 - OFF,26.47
2024-12-17 17:35:00,768927,210,W,FR,39.0,39.0,,,,,,34.152365,-118.092642,SAN GABRIEL OFF,28.58
2024-12-17 17:35:00,769300,210,W,FR,,,,,,,,34.152008,-118.153813,WB 210 TO ORANGE GRV,24.98
2024-12-17 17:35:00,769808,210,W,FR,,,,,,,,34.197068,-118.184827,FOOTHILL,20.98
2024-12-17 17:35:00,769869,210,W,FR,30.0,30.0,,,,,,34.218652,-118.239558,LA CRESCENTA,17.38
2024-12-17 17:35:00,769913,210,W,FR,54.0,54.0,,,,,,34.224897,-118.251344,PENNSYLVANIA,16.58
2024-12-17 17:35:00,769928,210,W,FR,41.0,41.0,,,,,,34.214462,-118.232443,OCEAN VIEW,17.88
2024-12-17 17:35:00,769955,210,W,FR,,,,,,,,34.206998,-118.201441,ANGELES CREST HWY NB,19.78
2024-12-17 17:35:00,769998,210,W,FR,,,,,,,,34.19198,-118.181214,BERKSHIRE,21.39
2024-12-17 17:35:00,770131,210,W,FR,23.0,23.0,,,,,,34.234984,-118.290562,LA TUNA CANYON NB,14.18
2024-12-17 17:35:00,773132,210,W,FR,,,,,,,,34.152216,-118.146794,FAIR OAKS OFF,25.48
2024-12-17 17:35:00,776761,210,W,FR,68.0,8.0,60.0,,,,,34.176444,-118.162183,LINCOLN 1,22.982
2024-12-17 17:40:00,717623,210,W,FR,,,,,,,,34.164368,-118.158093,MOUNTAIN 1,23.9
2024-12-17 17:40:00,717636,210,W,FR,,,,,,,,34.152357,-118.123714,HILL,26.8
2024-12-17 17:40:00,717648,210,W,FR,37.0,6.0,13.0,18.0,,,,34.148074,-118.08377,SIERRA MADRE V1,29.17
2024-12-17 17:40:00,717652,210,W,FR,,,,,,,,34.148737,-118.071321,ROSEMEAD 1,29.879
2024-12-17 17:40:00,764346,210,W,FR,45.0,9.0,36.0,,,,,34.152648,-118.109062,ALLEN,27.64
2024-12-17 17:40:00,764349,210,W,FR,,,,,,,,34.152092,-118.143249,MARENGO,25.68
2024-12-17 17:40:00,768920,210,W,FR,,,,,,,,34.151995,-118.129451,LAKE 2 - OFF,26.47
2024-12-17 17:40:00,768927,210,W,FR,35.0,35.0,,,,,,34.152365,-118.092642,SAN GABRIEL OFF,28.58
2024-12-17 17:40:00,769300,210,W,FR,,,,,,,,34.152008,-118.153813,WB 210 TO ORANGE GRV,24.98
2024-12-17 17:40:00,769808,210,W,FR,,,,,,,,34.197068,-118.184827,FOOTHILL,20.98
2024-12-17 17:40:00,769869,210,W,FR,37.0,37.0,,,,,,34.218652,-118.239558,LA CRESCENTA,17.38
2024-12-17 17:40:00,769913,210,W,FR,31.0,31.0,,,,,,34.224897,-118.251344,PENNSYLVANIA,16.58
2024-12-17 17:40:00,769928,210,W,FR,29.0,29.0,,,,,,34.214462,-118.232443,OCEAN VIEW,17.88
2024-12-17 17:40:00,769955,210,W,FR,,,,,,,,34.206998,-118.201441,ANGELES CREST HWY NB,19.78
2024-12-17 17:40:00,769998,210,W,FR,,,,,,,,34.19198,-118.181214,BERKSHIRE,21.39
2024-12-17 17:40:00,770131,210,W,FR,21.0,21.0,,,,,,34.234984,-118.290562,LA TUNA CANYON NB,14.18
2024-12-17 17:40:00,773132,210,W,FR,,,,,,,,34.152216,-118.146794,FAIR OAKS OFF,25.48
2024-12-17 17:40:00,776761,210,W,FR,47.0,3.0,44.0,,,,,34.176444,-118.162183,LINCOLN 1,22.982
2024-12-17 17:45:00,717623,210,W,FR,,,,,,,,34.164368,-118.158093,MOUNTAIN 1,23.9
2024-12-17 17:45:00,717636,210,W,FR,,,,,,,,34.152357,-118.123714,HILL,26.8
2024-12-17 17:45:00,717648,210,W,FR,43.0,14.0,10.0,19.0,,,,34.148074,-118.08377,SIERRA MADRE V1,29.17
2024-12-17 17:45:00,717652,210,W,FR,,,,,,,,34.148737,-118.071321,ROSEMEAD 1,29.879
2024-12-17 17:45:00,764346,210,W,FR,36.0,7.0,29.0,,,,,34.152648,-118.109062,ALLEN,27.64
2024-12-17 17:45:00,764349,210,W,FR,,,,,,,,34.152092,-118.143249,MARENGO,25.68
2024-12-17 17:45:00,768920,210,W,FR,,,,,,,,34.151995,-118.129451,LAKE 2 - OFF,26.47
2024-12-17 17:45:00,768927,210,W,FR,52.0,52.0,,,,,,34.152365,-118.092642,SAN GABRIEL OFF,28.58
2024-12-17 17:45:00,769300,210,W,FR,,,,,,,,34.152008,-118.153813,WB 210 TO ORANGE GRV,24.98
2024-12-17 17:45:00,769808,210,W,FR,,,,,,,,34.197068,-118.184827,FOOTHILL,20.98
2024-12-17 17:45:00,769869,210,W,FR,38.0,38.0,,,,,,34.218652,-118.239558,LA CRESCENTA,17.38
2024-12-17 17:45:00,769913,210,W,FR,53.0,53.0,,,,,,34.224897,-118.251344,PENNSYLVANIA,16.58
2024-12-17 17:45:00,769928,210,W,FR,30.0,30.0,,,,,,34.214462,-118.232443,OCEAN VIEW,17.88
2024-12-17 17:45:00,769955,210,W,FR,,,,,,,,34.206998,-118.201441,ANGELES CREST HWY NB,19.78
2024-12-17 17:45:00,769998,210,W,FR,,,,,,,,34.19198,-118.181214,BERKSHIRE,21.39
2024-12-17 17:45:00,770131,210,W,FR,30.0,30.0,,,,,,34.234984,-118.290562,LA TUNA CANYON NB,14.18
2024-12-17 17:45:00,773132,210,W,FR,,,,,,,,34.152216,-118.146794,FAIR OAKS OFF,25.48
2024-12-17 17:45:00,776761,210,W,FR,77.0,8.0,69.0,,,,,34.176444,-118.162183,LINCOLN 1,22.982
2024-12-17 17:50:00,717623,210,W,FR,,,,,,,,34.164368,-118.158093,MOUNTAIN 1,23.9
2024-12-17 17:50:00,717636,210,W,FR,,,,,,,,34.152357,-118.123714,HILL,26.8
2024-12-17 17:50:00,717648,210,W,FR,36.0,10.0,8.0,18.0,,,,34.148074,-118.08377,SIERRA MADRE V1,29.17
2024-12-17 17:50:00,717652,210,W,FR,,,,,,,,34.148737,-118.071321,ROSEMEAD 1,29.879
2024-12-17 17:50:00,764346,210,W,FR,27.0,5.0,22.0,,,,,34.152648,-118.109062,ALLEN,27.64
2024-12-17 17:50:00,764349,210,W,FR,,,,,,,,34.152092,-118.143249,MARENGO,25.68
2024-12-17 17:50:00,768920,210,W,FR,,,,,,,,34.151995,-118.129451,LAKE 2 - OFF,26.47
2024-12-17 17:50:00,768927,210,W,FR,53.0,53.0,,,,,,34.152365,-118.092642,SAN GABRIEL OFF,28.58
2024-12-17 17:50:00,769300,210,W,FR,,,,,,,,34.152008,-118.153813,WB 210 TO ORANGE GRV,24.98
2024-12-17 17:50:00,769808,210,W,FR,,,,,,,,34.197068,-118.184827,FOOTHILL,20.98
2024-12-17 17:50:00,769869,210,W,FR,36.0,36.0,,,,,,34.218652,-118.239558,LA CRESCENTA,17.38
2024-12-17 17:50:00,769913,210,W,FR,34.0,34.0,,,,,,34.224897,-118.251344,PENNSYLVANIA,16.58
2024-12-17 17:50:00,769928,210,W,FR,24.0,24.0,,,,,,34.214462,-118.232443,OCEAN VIEW,17.88
2024-12-17 17:50:00,769955,210,W,FR,,,,,,,,34.206998,-118.201441,ANGELES CREST HWY NB,19.78
2024-12-17 17:50:00,769998,210,W,FR,,,,,,,,34.19198,-118.181214,BERKSHIRE,21.39
2024-12-17 17:50:00,770131,210,W,FR,14.0,14.0,,,,,,34.234984,-118.290562,LA TUNA CANYON NB,14.18
2024-12-17 17:50:00,773132,210,W,FR,,,,,,,,34.152216,-118.146794,FAIR OAKS OFF,25.48
2024-12-17 17:50:00,776761,210,W,FR,57.0,6.0,51.0,,,,,34.176444,-118.162183,LINCOLN 1,22.982
2024-12-17 17:55:00,717623,210,W,FR,,,,,,,,34.164368,-118.158093,MOUNTAIN 1,23.9
2024-12-17 17:55:00,717636,210,W,FR,,,,,,,,34.152357,-118.123714,HILL,26.8
2024-12-17 17:55:00,717648,210,W,FR,29.0,9.0,3.0,17.0,,,,34.148074,-118.08377,SIERRA MADRE V1,29.17
2024-12-17 17:55:00,717652,210,W,FR,,,,,,,,34.148737,-118.071321,ROSEMEAD 1,29.879
2024-12-17 17:55:00,764346,210,W,FR,30.0,4.0,26.0,,,,,34.152648,-118.109062,ALLEN,27.64
2024-12-17 17:55:00,764349,210,W,FR,,,,,,,,34.152092,-118.143249,MARENGO,25.68
2024-12-17 17:55:00,768920,210,W,FR,,,,,,,,34.151995,-118.129451,LAKE 2 - OFF,26.47
2024-12-17 17:55:00,768927,210,W,FR,55.0,55.0,,,,,,34.152365,-118.092642,SAN GABRIEL OFF,28.58
2024-12-17 17:55:00,769300,210,W,FR,,,,,,,,34.152008,-118.153813,WB 210 TO ORANGE GRV,24.98
2024-12-17 17:55:00,769808,210,W,FR,,,,,,,,34.197068,-118.184827,FOOTHILL,20.98
2024-12-17 17:55:00,769869,210,W,FR,33.0,33.0,,,,,,34.218652,-118.239558,LA CRESCENTA,17.38
2024-12-17 17:55:00,769913,210,W,FR,52.0,52.0,,,,,,34.224897,-118.251344,PENNSYLVANIA,16.58
2024-12-17 17:55:00,769928,210,W,FR,32.0,32.0,,,,,,34.214462,-118.232443,OCEAN VIEW,17.88
2024-12-17 17:55:00,769955,210,W,FR,,,,,,,,34.206998,-118.201441,ANGELES CREST HWY NB,19.78
2024-12-17 17:55:00,769998,210,W,FR,,,,,,,,34.19198,-118.181214,BERKSHIRE,21.39
2024-12-17 17:55:00,770131,210,W,FR,27.0,27.0,,,,,,34.234984,-118.290562,LA TUNA CANYON NB,14.18
2024-12-17 17:55:00,773132,210,W,FR,,,,,,,,34.152216,-118.146794,FAIR OAKS OFF,25.48
2024-12-17 17:55:00,776761,210,W,FR,71.0,15.0,56.0,,,,,34.176444,-118.162183,LINCOLN 1,22.982
2024-12-17 18:00:00,717623,210,W,FR,,,,,,,,34.164368,-118.158093,MOUNTAIN 1,23.9
2024-12-17 18:00:00,717636,210,W,FR,,,,,,,,34.152357,-118.123714,HILL,26.8
2024-12-17 18:00:00,717648,210,W,FR,35.0,4.0,8.0,23.0,,,,34.148074,-118.08377,SIERRA MADRE V1,29.17
2024-12-17 18:00:00,717652,210,W,FR,,,,,,,,34.148737,-118.071321,ROSEMEAD 1,29.879
2024-12-17 18:00:00,764346,210,W,FR,34.0,6.0,28.0,,,,,34.152648,-118.109062,ALLEN,27.64
2024-12-17 18:00:00,764349,210,W,FR,,,,,,,,34.152092,-118.143249,MARENGO,25.68
2024-12-17 18:00:00,768920,210,W,FR,,,,,,,,34.151995,-118.129451,LAKE 2 - OFF,26.47
2024-12-17 18:00:00,768927,210,W,FR,44.0,44.0,,,,,,34.152365,-118.092642,SAN GABRIEL OFF,28.58
2024-12-17 18:00:00,769300,210,W,FR,,,,,,,,34.152008,-118.153813,WB 210 TO ORANGE GRV,24.98
2024-12-17 18:00:00,769808,210,W,FR,,,,,,,,34.197068,-118.184827,FOOTHILL,20.98
2024-12-17 18:00:00,769869,210,W,FR,31.0,31.0,,,,,,34.218652,-118.239558,LA CRESCENTA,17.38
2024-12-17 18:00:00,769913,210,W,FR,47.0,47.0,,,,,,34.224897,-118.251344,PENNSYLVANIA,16.58
2024-12-17 18:00:00,769928,210,W,FR,38.0,38.0,,,,,,34.214462,-118.232443,OCEAN VIEW,17.88
2024-12-17 18:00:00,769955,210,W,FR,,,,,,,,34.206998,-118.201441,ANGELES CREST HWY NB,19.78
2024-12-17 18:00:00,769998,210,W,FR,,,,,,,,34.19198,-118.181214,BERKSHIRE,21.39
2024-12-17 18:00:00,770131,210,W,FR,25.0,25.0,,,,,,34.234984,-118.290562,LA TUNA CANYON NB,14.18
2024-12-17 18:00:00,773132,210,W,FR,,,,,,,,34.152216,-118.146794,FAIR OAKS OFF,25.48
2024-12-17 18:00:00,776761,210,W,FR,53.0,3.0,50.0,,,,,34.176444,-118.162183,LINCOLN 1,22.982
2024-12-17 18:05:00,717623,210,W,FR,,,,,,,,34.164368,-118.158093,MOUNTAIN 1,23.9
2024-12-17 18:05:00,717636,210,W,FR,,,,,,,,34.152357,-118.123714,HILL,26.8
2024-12-17 18:05:00,717648,210,W,FR,35.0,8.0,9.0,18.0,,,,34.148074,-118.08377,SIERRA MADRE V1,29.17
2024-12-17 18:05:00,717652,210,W,FR,,,,,,,,34.148737,-118.071321,ROSEMEAD 1,29.879
2024-12-17 18:05:00,764346,210,W,FR,23.0,5.0,18.0,,,,,34.152648,-118.109062,ALLEN,27.64
2024-12-17 18:05:00,764349,210,W,FR,,,,,,,,34.152092,-118.143249,MARENGO,25.68
2024-12-17 18:05:00,768920,210,W,FR,,,,,,,,34.151995,-118.129451,LAKE 2 - OFF,26.47
2024-12-17 18:05:00,768927,210,W,FR,62.0,62.0,,,,,,34.152365,-118.092642,SAN GABRIEL OFF,28.58
2024-12-17 18:05:00,769300,210,W,FR,,,,,,,,34.152008,-118.153813,WB 210 TO ORANGE GRV,24.98
2024-12-17 18:05:00,769808,210,W,FR,,,,,,,,34.197068,-118.184827,FOOTHILL,20.98
2024-12-17 18:05:00,769869,210,W,FR,64.0,64.0,,,,,,34.218652,-118.239558,LA CRESCENTA,17.38
2024-12-17 18:05:00,769913,210,W,FR,57.0,57.0,,,,,,34.224897,-118.251344,PENNSYLVANIA,16.58
2024-12-17 18:05:00,769928,210,W,FR,36.0,36.0,,,,,,34.214462,-118.232443,OCEAN VIEW,17.88
2024-12-17 18:05:00,769955,210,W,FR,,,,,,,,34.206998,-118.201441,ANGELES CREST HWY NB,19.78
2024-12-17 18:05:00,769998,210,W,FR,,,,,,,,34.19198,-118.181214,BERKSHIRE,21.39
2024-12-17 18:05:00,770131,210,W,FR,13.0,13.0,,,,,,34.234984,-118.290562,LA TUNA CANYON NB,14.18
2024-12-17 18:05:00,773132,210,W,FR,,,,,,,,34.152216,-118.146794,FAIR OAKS OFF,25.48
2024-12-17 18:05:00,776761,210,W,FR,79.0,15.0,64.0,,,,,34.176444,-118.162183,LINCOLN 1,22.982
2024-12-17 18:10:00,717623,210,W,FR,,,,,,,,34.164368,-118.158093,MOUNTAIN 1,23.9
2024-12-17 18:10:00,717636,210,W,FR,,,,,,,,34.152357,-118.123714,HILL,26.8
2024-12-17 18:10:00,717648,210,W,FR,52.0,12.0,13.0,27.0,,,,34.148074,-118.08377,SIERRA MADRE V1,29.17
2024-12-17 18:10:00,717652,210,W,FR,,,,,,,,34.148737,-118.071321,ROSEMEAD 1,29.879
2024-12-17 18:10:00,764346,210,W,FR,16.0,4.0,12.0,,,,,34.152648,-118.109062,ALLEN,27.64
2024-12-17 18:10:00,764349,210,W,FR,,,,,,,,34.152092,-118.143249,MARENGO,25.68
2024-12-17 18:10:00,768920,210,W,FR,,,,,,,,34.151995,-118.129451,LAKE 2 - OFF,26.47
2024-12-17 18:10:00,768927,210,W,FR,78.0,78.0,,,,,,34.152365,-118.092642,SAN GABRIEL OFF,28.58
2024-12-17 18:10:00,769300,210,W,FR,,,,,,,,34.152008,-118.153813,WB 210 TO ORANGE GRV,24.98
2024-12-17 18:10:00,769808,210,W,FR,,,,,,,,34.197068,-118.184827,FOOTHILL,20.98
2024-12-17 18:10:00,769869,210,W,FR,40.0,40.0,,,,,,34.218652,-118.239558,LA CRESCENTA,17.38
2024-12-17 18:10:00,769913,210,W,FR,46.0,46.0,,,,,,34.224897,-118.251344,PENNSYLVANIA,16.58
2024-12-17 18:10:00,769928,210,W,FR,38.0,38.0,,,,,,34.214462,-118.232443,OCEAN VIEW,17.88
2024-12-17 18:10:00,769955,210,W,FR,,,,,,,,34.206998,-118.201441,ANGELES CREST HWY NB,19.78
2024-12-17 18:10:00,769998,210,W,FR,,,,,,,,34.19198,-118.181214,BERKSHIRE,21.39
2024-12-17 18:10:00,770131,210,W,FR,23.0,23.0,,,,,,34.234984,-118.290562,LA TUNA CANYON NB,14.18
2024-12-17 18:10:00,773132,210,W,FR,,,,,,,,34.152216,-118.146794,FAIR OAKS OFF,25.48
2024-12-17 18:10:00,776761,210,W,FR,72.0,9.0,63.0,,,,,34.176444,-118.162183,LINCOLN 1,22.982
2024-12-17 18:15:00,717623,210,W,FR,,,,,,,,34.164368,-118.158093,MOUNTAIN 1,23.9
2024-12-17 18:15:00,717636,210,W,FR,,,,,,,,34.152357,-118.123714,HILL,26.8
2024-12-17 18:15:00,717648,210,W,FR,38.0,10.0,5.0,23.0,,,,34.148074,-118.08377,SIERRA MADRE V1,29.17
2024-12-17 18:15:00,717652,210,W,FR,,,,,,,,34.148737,-118.071321,ROSEMEAD 1,29.879
2024-12-17 18:15:00,764346,210,W,FR,32.0,7.0,25.0,,,,,34.152648,-118.109062,ALLEN,27.64
2024-12-17 18:15:00,764349,210,W,FR,,,,,,,,34.152092,-118.143249,MARENGO,25.68
2024-12-17 18:15:00,768920,210,W,FR,,,,,,,,34.151995,-118.129451,LAKE 2 - OFF,26.47
2024-12-17 18:15:00,768927,210,W,FR,33.0,33.0,,,,,,34.152365,-118.092642,SAN GABRIEL OFF,28.58
2024-12-17 18:15:00,769300,210,W,FR,,,,,,,,34.152008,-118.153813,WB 210 TO ORANGE GRV,24.98
2024-12-17 18:15:00,769808,210,W,FR,,,,,,,,34.197068,-118.184827,FOOTHILL,20.98
2024-12-17 18:15:00,769869,210,W,FR,46.0,46.0,,,,,,34.218652,-118.239558,LA CRESCENTA,17.38
2024-12-17 18:15:00,769913,210,W,FR,65.0,65.0,,,,,,34.224897,-118.251344,PENNSYLVANIA,16.58
2024-12-17 18:15:00,769928,210,W,FR,37.0,37.0,,,,,,34.214462,-118.232443,OCEAN VIEW,17.88
2024-12-17 18:15:00,769955,210,W,FR,,,,,,,,34.206998,-118.201441,ANGELES CREST HWY NB,19.78
2024-12-17 18:15:00,769998,210,W,FR,,,,,,,,34.19198,-118.181214,BERKSHIRE,21.39
2024-12-17 18:15:00,770131,210,W,FR,27.0,27.0,,,,,,34.234984,-118.290562,LA TUNA CANYON NB,14.18
2024-12-17 18:15:00,773132,210,W,FR,,,,,,,,34.152216,-118.146794,FAIR OAKS OFF,25.48
2024-12-17 18:15:00,776761,210,W,FR,30.0,3.0,27.0,,,,,34.176444,-118.162183,LINCOLN 1,22.982
2024-12-17 18:20:00,717623,210,W,FR,,,,,,,,34.164368,-118.158093,MOUNTAIN 1,23.9
2024-12-17 18:20:00,717636,210,W,FR,,,,,,,,34.152357,-118.123714,HILL,26.8
2024-12-17 18:20:00,717648,210,W,FR,26.0,7.0,10.0,9.0,,,,34.148074,-118.08377,SIERRA MADRE V1,29.17
2024-12-17 18:20:00,717652,210,W,FR,,,,,,,,34.148737,-118.071321,ROSEMEAD 1,29.879
2024-12-17 18:20:00,764346,210,W,FR,23.0,4.0,19.0,,,,,34.152648,-118.109062,ALLEN,27.64
2024-12-17 18:20:00,764349,210,W,FR,,,,,,,,34.152092,-118.143249,MARENGO,25.68
2024-12-17 18:20:00,768920,210,W,FR,,,,,,,,34.151995,-118.129451,LAKE 2 - OFF,26.47
2024-12-17 18:20:00,768927,210,W,FR,20.0,20.0,,,,,,34.152365,-118.092642,SAN GABRIEL OFF,28.58
2024-12-17 18:20:00,769300,210,W,FR,,,,,,,,34.152008,-118.153813,WB 210 TO ORANGE GRV,24.98
2024-12-17 18:20:00,769808,210,W,FR,,,,,,,,34.197068,-118.184827,FOOTHILL,20.98
2024-12-17 18:20:00,769869,210,W,FR,80.0,80.0,,,,,,34.218652,-118.239558,LA CRESCENTA,17.38
2024-12-17 18:20:00,769913,210,W,FR,68.0,68.0,,,,,,34.224897,-118.251344,PENNSYLVANIA,16.58
2024-12-17 18:20:00,769928,210,W,FR,34.0,34.0,,,,,,34.214462,-118.232443,OCEAN VIEW,17.88
2024-12-17 18:20:00,769955,210,W,FR,,,,,,,,34.206998,-118.201441,ANGELES CREST HWY NB,19.78
2024-12-17 18:20:00,769998,210,W,FR,,,,,,,,34.19198,-118.181214,BERKSHIRE,21.39
2024-12-17 18:20:00,770131,210,W,FR,15.0,15.0,,,,,,34.234984,-118.290562,LA TUNA CANYON NB,14.18
2024-12-17 18:20:00,773132,210,W,FR,,,,,,,,34.152216,-118.146794,FAIR OAKS OFF,25.48
2024-12-17 18:20:00,776761,210,W,FR,57.0,10.0,47.0,,,,,34.176444,-118.162183,LINCOLN 1,22.982
2024-12-17 18:25:00,717623,210,W,FR,,,,,,,,34.164368,-118.158093,MOUNTAIN 1,23.9
2024-12-17 18:25:00,717636,210,W,FR,,,,,,,,34.152357,-118.123714,HILL,26.8
2024-12-17 18:25:00,717648,210,W,FR,25.0,9.0,11.0,5.0,,,,34.148074,-118.08377,SIERRA MADRE V1,29.17
2024-12-17 18:25:00,717652,210,W,FR,,,,,,,,34.148737,-118.071321,ROSEMEAD 1,29.879
2024-12-17 18:25:00,764346,210,W,FR,23.0,3.0,20.0,,,,,34.152648,-118.109062,ALLEN,27.64
2024-12-17 18:25:00,764349,210,W,FR,,,,,,,,34.152092,-118.143249,MARENGO,25.68
2024-12-17 18:25:00,768920,210,W,FR,,,,,,,,34.151995,-118.129451,LAKE 2 - OFF,26.47
2024-12-17 18:25:00,768927,210,W,FR,28.0,28.0,,,,,,34.152365,-118.092642,SAN GABRIEL OFF,28.58
2024-12-17 18:25:00,769300,210,W,FR,,,,,,,,34.152008,-118.153813,WB 210 TO ORANGE GRV,24.98
2024-12-17 18:25:00,769808,210,W,FR,,,,,,,,34.197068,-118.184827,FOOTHILL,20.98
2024-12-17 18:25:00,769869,210,W,FR,80.0,80.0,,,,,,34.218652,-118.239558,LA CRESCENTA,17.38
2024-12-17 18:25:00,769913,210,W,FR,43.0,43.0,,,,,,34.224897,-118.251344,PENNSYLVANIA,16.58
2024-12-17 18:25:00,769928,210,W,FR,32.0,32.0,,,,,,34.214462,-118.232443,OCEAN VIEW,17.88
2024-12-17 18:25:00,769955,210,W,FR,,,,,,,,34.206998,-118.201441,ANGELES CREST HWY NB,19.78
2024-12-17 18:25:00,769998,210,W,FR,,,,,,,,34.19198,-118.181214,BERKSHIRE,21.39
2024-12-17 18:25:00,770131,210,W,FR,21.0,21.0,,,,,,34.234984,-118.290562,LA TUNA CANYON NB,14.18
2024-12-17 18:25:00,773132,210,W,FR,,,,,,,,34.152216,-118.146794,FAIR OAKS OFF,25.48
2024-12-17 18:25:00,776761,210,W,FR,67.0,10.0,57.0,,,,,34.176444,-118.162183,LINCOLN 1,22.982
2024-12-17 18:30:00,717623,210,W,FR,,,,,,,,34.164368,-118.158093,MOUNTAIN 1,23.9
2024-12-17 18:30:00,717636,210,W,FR,,,,,,,,34.152357,-118.123714,HILL,26.8
2024-12-17 18:30:00,717648,210,W,FR,29.0,7.0,9.0,13.0,,,,34.148074,-118.08377,SIERRA MADRE V1,29.17
2024-12-17 18:30:00,717652,210,W,FR,,,,,,,,34.148737,-118.071321,ROSEMEAD 1,29.879
2024-12-17 18:30:00,764346,210,W,FR,39.0,10.0,29.0,,,,,34.152648,-118.109062,ALLEN,27.64
2024-12-17 18:30:00,764349,210,W,FR,,,,,,,,34.152092,-118.143249,MARENGO,25.68
2024-12-17 18:30:00,768920,210,W,FR,,,,,,,,34.151995,-118.129451,LAKE 2 - OFF,26.47
2024-12-17 18:30:00,768927,210,W,FR,35.0,35.0,,,,,,34.152365,-118.092642,SAN GABRIEL OFF,28.58
2024-12-17 18:30:00,769300,210,W,FR,,,,,,,,34.152008,-118.153813,WB 210 TO ORANGE GRV,24.98
2024-12-17 18:30:00,769808,210,W,FR,,,,,,,,34.197068,-118.184827,FOOTHILL,20.98
2024-12-17 18:30:00,769869,210,W,FR,65.0,65.0,,,,,,34.218652,-118.239558,LA CRESCENTA,17.38
2024-12-17 18:30:00,769913,210,W,FR,53.0,53.0,,,,,,34.224897,-118.251344,PENNSYLVANIA,16.58
2024-12-17 18:30:00,769928,210,W,FR,27.0,27.0,,,,,,34.214462,-118.232443,OCEAN VIEW,17.88
2024-12-17 18:30:00,769955,210,W,FR,,,,,,,,34.206998,-118.201441,ANGELES CREST HWY NB,19.78
2024-12-17 18:30:00,769998,210,W,FR,,,,,,,,34.19198,-118.181214,BERKSHIRE,21.39
2024-12-17 18:30:00,770131,210,W,FR,18.0,18.0,,,,,,34.234984,-118.290562,LA TUNA CANYON NB,14.18
2024-12-17 18:30:00,773132,210,W,FR,,,,,,,,34.152216,-118.146794,FAIR OAKS OFF,25.48
2024-12-17 18:30:00,776761,210,W,FR,50.0,8.0,42.0,,,,,34.176444,-118.162183,LINCOLN 1,22.982
2024-12-17 18:35:00,717623,210,W,FR,,,,,,,,34.164368,-118.158093,MOUNTAIN 1,23.9
2024-12-17 18:35:00,717636,210,W,FR,,,,,,,,34.152357,-118.123714,HILL,26.8
2024-12-17 18:35:00,717648,210,W,FR,32.0,10.0,5.0,17.0,,,,34.148074,-118.08377,SIERRA MADRE V1,29.17
2024-12-17 18:35:00,717652,210,W,FR,,,,,,,,34.148737,-118.071321,ROSEMEAD 1,29.879
2024-12-17 18:35:00,764346,210,W,FR,41.0,6.0,35.0,,,,,34.152648,-118.109062,ALLEN,27.64
2024-12-17 18:35:00,764349,210,W,FR,,,,,,,,34.152092,-118.143249,MARENGO,25.68
2024-12-17 18:35:00,768920,210,W,FR,,,,,,,,34.151995,-118.129451,LAKE 2 - OFF,26.47
2024-12-17 18:35:00,768927,210,W,FR,36.0,36.0,,,,,,34.152365,-118.092642,SAN GABRIEL OFF,28.58
2024-12-17 18:35:00,769300,210,W,FR,,,,,,,,34.152008,-118.153813,WB 210 TO ORANGE GRV,24.98
2024-12-17 18:35:00,769808,210,W,FR,,,,,,,,34.197068,-118.184827,FOOTHILL,20.98
2024-12-17 18:35:00,769869,210,W,FR,43.0,43.0,,,,,,34.218652,-118.239558,LA CRESCENTA,17.38
2024-12-17 18:35:00,769913,210,W,FR,60.0,60.0,,,,,,34.224897,-118.251344,PENNSYLVANIA,16.58
2024-12-17 18:35:00,769928,210,W,FR,19.0,19.0,,,,,,34.214462,-118.232443,OCEAN VIEW,17.88
2024-12-17 18:35:00,769955,210,W,FR,,,,,,,,34.206998,-118.201441,ANGELES CREST HWY NB,19.78
2024-12-17 18:35:00,769998,210,W,FR,,,,,,,,34.19198,-118.181214,BERKSHIRE,21.39
2024-12-17 18:35:00,770131,210,W,FR,10.0,10.0,,,,,,34.234984,-118.290562,LA TUNA CANYON NB,14.18
2024-12-17 18:35:00,773132,210,W,FR,,,,,,,,34.152216,-118.146794,FAIR OAKS OFF,25.48
2024-12-17 18:35:00,776761,210,W,FR,57.0,6.0,51.0,,,,,34.176444,-118.162183,LINCOLN 1,22.982
2024-12-17 18:40:00,717623,210,W,FR,,,,,,,,34.164368,-118.158093,MOUNTAIN 1,23.9
2024-12-17 18:40:00,717636,210,W,FR,,,,,,,,34.152357,-118.123714,HILL,26.8
2024-12-17 18:40:00,717648,210,W,FR,40.0,4.0,12.0,24.0,,,,34.148074,-118.08377,SIERRA MADRE V1,29.17
2024-12-17 18:40:00,717652,210,W,FR,,,,,,,,34.148737,-118.071321,ROSEMEAD 1,29.879
2024-12-17 18:40:00,764346,210,W,FR,31.0,4.0,27.0,,,,,34.152648,-118.109062,ALLEN,27.64
2024-12-17 18:40:00,764349,210,W,FR,,,,,,,,34.152092,-118.143249,MARENGO,25.68
2024-12-17 18:40:00,768920,210,W,FR,,,,,,,,34.151995,-118.129451,LAKE 2 - OFF,26.47
2024-12-17 18:40:00,768927,210,W,FR,35.0,35.0,,,,,,34.152365,-118.092642,SAN GABRIEL OFF,28.58
2024-12-17 18:40:00,769300,210,W,FR,,,,,,,,34.152008,-118.153813,WB 210 TO ORANGE GRV,24.98
2024-12-17 18:40:00,769808,210,W,FR,,,,,,,,34.197068,-118.184827,FOOTHILL,20.98
2024-12-17 18:40:00,769869,210,W,FR,29.0,29.0,,,,,,34.218652,-118.239558,LA CRESCENTA,17.38
2024-12-17 18:40:00,769913,210,W,FR,50.0,50.0,,,,,,34.224897,-118.251344,PENNSYLVANIA,16.58
2024-12-17 18:40:00,769928,210,W,FR,35.0,35.0,,,,,,34.214462,-118.232443,OCEAN VIEW,17.88
2024-12-17 18:40:00,769955,210,W,FR,,,,,,,,34.206998,-118.201441,ANGELES CREST HWY NB,19.78
2024-12-17 18:40:00,769998,210,W,FR,,,,,,,,34.19198,-118.181214,BERKSHIRE,21.39
2024-12-17 18:40:00,770131,210,W,FR,16.0,16.0,,,,,,34.234984,-118.290562,LA TUNA CANYON NB,14.18
2024-12-17 18:40:00,773132,210,W,FR,,,,,,,,34.152216,-118.146794,FAIR OAKS OFF,25.48
2024-12-17 18:40:00,776761,210,W,FR,65.0,7.0,58.0,,,,,34.176444,-118.162183,LINCOLN 1,22.982
2024-12-17 18:45:00,717623,210,W,FR,,,,,,,,34.164368,-118.158093,MOUNTAIN 1,23.9
2024-12-17 18:45:00,717636,210,W,FR,,,,,,,,34.152357,-118.123714,HILL,26.8
2024-12-17 18:45:00,717648,210,W,FR,30.0,10.0,6.0,14.0,,,,34.148074,-118.08377,SIERRA MADRE V1,29.17
2024-12-17 18:45:00,717652,210,W,FR,,,,,,,,34.148737,-118.071321,ROSEMEAD 1,29.879
2024-12-17 18:45:00,764346,210,W,FR,39.0,12.0,27.0,,,,,34.152648,-118.109062,ALLEN,27.64
2024-12-17 18:45:00,764349,210,W,FR,,,,,,,,34.152092,-118.143249,MARENGO,25.68
2024-12-17 18:45:00,768920,210,W,FR,,,,,,,,34.151995,-118.129451,LAKE 2 - OFF,26.47
2024-12-17 18:45:00,768927,210,W,FR,29.0,29.0,,,,,,34.152365,-118.092642,SAN GABRIEL OFF,28.58
2024-12-17 18:45:00,769300,210,W,FR,,,,,,,,34.152008,-118.153813,WB 210 TO ORANGE GRV,24.98
2024-12-17 18:45:00,769808,210,W,FR,,,,,,,,34.197068,-118.184827,FOOTHILL,20.98
2024-12-17 18:45:00,769869,210,W,FR,27.0,27.0,,,,,,34.218652,-118.239558,LA CRESCENTA,17.38
2024-12-17 18:45:00,769913,210,W,FR,53.0,53.0,,,,,,34.224897,-118.251344,PENNSYLVANIA,16.58
2024-12-17 18:45:00,769928,210,W,FR,23.0,23.0,,,,,,34.214462,-118.232443,OCEAN VIEW,17.88
2024-12-17 18:45:00,769955,210,W,FR,,,,,,,,34.206998,-118.201441,ANGELES CREST HWY NB,19.78
2024-12-17 18:45:00,769998,210,W,FR,,,,,,,,34.19198,-118.181214,BERKSHIRE,21.39
2024-12-17 18:45:00,770131,210,W,FR,12.0,12.0,,,,,,34.234984,-118.290562,LA TUNA CANYON NB,14.18
2024-12-17 18:45:00,773132,210,W,FR,,,,,,,,34.152216,-118.146794,FAIR OAKS OFF,25.48
2024-12-17 18:45:00,776761,210,W,FR,50.0,5.0,45.0,,,,,34.176444,-118.162183,LINCOLN 1,22.982
2024-12-17 18:50:00,717623,210,W,FR,,,,,,,,34.164368,-118.158093,MOUNTAIN 1,23.9
2024-12-17 18:50:00,717636,210,W,FR,,,,,,,,34.152357,-118.123714,HILL,26.8
2024-12-17 18:50:00,717648,210,W,FR,27.0,6.0,9.0,12.0,,,,34.148074,-118.08377,SIERRA MADRE V1,29.17
2024-12-17 18:50:00,717652,210,W,FR,,,,,,,,34.148737,-118.071321,ROSEMEAD 1,29.879
2024-12-17 18:50:00,764346,210,W,FR,29.0,10.0,19.0,,,,,34.152648,-118.109062,ALLEN,27.64
2024-12-17 18:50:00,764349,210,W,FR,,,,,,,,34.152092,-118.143249,MARENGO,25.68
2024-12-17 18:50:00,768920,210,W,FR,,,,,,,,34.151995,-118.129451,LAKE 2 - OFF,26.47
2024-12-17 18:50:00,768927,210,W,FR,28.0,28.0,,,,,,34.152365,-118.092642,SAN GABRIEL OFF,28.58
2024-12-17 18:50:00,769300,210,W,FR,,,,,,,,34.152008,-118.153813,WB 210 TO ORANGE GRV,24.98
2024-12-17 18:50:00,769808,210,W,FR,,,,,,,,34.197068,-118.184827,FOOTHILL,20.98
2024-12-17 18:50:00,769869,210,W,FR,34.0,34.0,,,,,,34.218652,-118.239558,LA CRESCENTA,17.38
2024-12-17 18:50:00,769913,210,W,FR,65.0,65.0,,,,,,34.224897,-118.251344,PENNSYLVANIA,16.58
2024-12-17 18:50:00,769928,210,W,FR,37.0,37.0,,,,,,34.214462,-118.232443,OCEAN VIEW,17.88
2024-12-17 18:50:00,769955,210,W,FR,,,,,,,,34.206998,-118.201441,ANGELES CREST HWY NB,19.78
2024-12-17 18:50:00,769998,210,W,FR,,,,,,,,34.19198,-118.181214,BERKSHIRE,21.39
2024-12-17 18:50:00,770131,210,W,FR,10.0,10.0,,,,,,34.234984,-118.290562,LA TUNA CANYON NB,14.18
2024-12-17 18:50:00,773132,210,W,FR,,,,,,,,34.152216,-118.146794,FAIR OAKS OFF,25.48
2024-12-17 18:50:00,776761,210,W,FR,29.0,1.0,28.0,,,,,34.176444,-118.162183,LINCOLN 1,22.982
2024-12-17 18:55:00,717623,210,W,FR,,,,,,,,34.164368,-118.158093,MOUNTAIN 1,23.9
2024-12-17 18:55:00,717636,210,W,FR,,,,,,,,34.152357,-118.123714,HILL,26.8
2024-12-17 18:55:00,717648,210,W,FR,22.0,5.0,7.0,10.0,,,,34.148074,-118.08377,SIERRA MADRE V1,29.17
2024-12-17 18:55:00,717652,210,W,FR,,,,,,,,34.148737,-118.071321,ROSEMEAD 1,29.879
2024-12-17 18:55:00,764346,210,W,FR,21.0,5.0,16.0,,,,,34.152648,-118.109062,ALLEN,27.64
2024-12-17 18:55:00,764349,210,W,FR,,,,,,,,34.152092,-118.143249,MARENGO,25.68
2024-12-17 18:55:00,768920,210,W,FR,,,,,,,,34.151995,-118.129451,LAKE 2 - OFF,26.47
2024-12-17 18:55:00,768927,210,W,FR,35.0,35.0,,,,,,34.152365,-118.092642,SAN GABRIEL OFF,28.58
2024-12-17 18:55:00,769300,210,W,FR,,,,,,,,34.152008,-118.153813,WB 210 TO ORANGE GRV,24.98
2024-12-17 18:55:00,769808,210,W,FR,,,,,,,,34.197068,-118.184827,FOOTHILL,20.98
2024-12-17 18:55:00,769869,210,W,FR,37.0,37.0,,,,,,34.218652,-118.239558,LA CRESCENTA,17.38
2024-12-17 18:55:00,769913,210,W,FR,36.0,36.0,,,,,,34.224897,-118.251344,PENNSYLVANIA,16.58
2024-12-17 18:55:00,769928,210,W,FR,28.0,28.0,,,,,,34.214462,-118.232443,OCEAN VIEW,17.88
2024-12-17 18:55:00,769955,210,W,FR,,,,,,,,34.206998,-118.201441,ANGELES CREST HWY NB,19.78
2024-12-17 18:55:00,769998,210,W,FR,,,,,,,,34.19198,-118.181214,BERKSHIRE,21.39
2024-12-17 18:55:00,770131,210,W,FR,10.0,10.0,,,,,,34.234984,-118.290562,LA TUNA CANYON NB,14.18
2024-12-17 18:55:00,773132,210,W,FR,,,,,,,,34.152216,-118.146794,FAIR OAKS OFF,25.48
2024-12-17 18:55:00,776761,210,W,FR,61.0,2.0,59.0,,,,,34.176444,-118.162183,LINCOLN 1,22.982
2024-12-17 19:00:00,717623,210,W,FR,,,,,,,,34.164368,-118.158093,MOUNTAIN 1,23.9
2024-12-17 19:00:00,717636,210,W,FR,,,,,,,,34.152357,-118.123714,HILL,26.8
2024-12-17 19:00:00,717648,210,W,FR,35.0,8.0,12.0,15.0,,,,34.148074,-118.08377,SIERRA MADRE V1,29.17
2024-12-17 19:00:00,717652,210,W,FR,,,,,,,,34.148737,-118.071321,ROSEMEAD 1,29.879
2024-12-17 19:00:00,764346,210,W,FR,15.0,1.0,14.0,,,,,34.152648,-118.109062,ALLEN,27.64
2024-12-17 19:00:00,764349,210,W,FR,,,,,,,,34.152092,-118.143249,MARENGO,25.68
2024-12-17 19:00:00,768920,210,W,FR,,,,,,,,34.151995,-118.129451,LAKE 2 - OFF,26.47
2024-12-17 19:00:00,768927,210,W,FR,23.0,23.0,,,,,,34.152365,-118.092642,SAN GABRIEL OFF,28.58
2024-12-17 19:00:00,769300,210,W,FR,,,,,,,,34.152008,-118.153813,WB 210 TO ORANGE GRV,24.98
2024-12-17 19:00:00,769808,210,W,FR,,,,,,,,34.197068,-118.184827,FOOTHILL,20.98
2024-12-17 19:00:00,769869,210,W,FR,30.0,30.0,,,,,,34.218652,-118.239558,LA CRESCENTA,17.38
2024-12-17 19:00:00,769913,210,W,FR,52.0,52.0,,,,,,34.224897,-118.251344,PENNSYLVANIA,16.58
2024-12-17 19:00:00,769928,210,W,FR,19.0,19.0,,,,,,34.214462,-118.232443,OCEAN VIEW,17.88
2024-12-17 19:00:00,769955,210,W,FR,,,,,,,,34.206998,-118.201441,ANGELES CREST HWY NB,19.78
2024-12-17 19:00:00,769998,210,W,FR,,,,,,,,34.19198,-118.181214,BERKSHIRE,21.39
2024-12-17 19:00:00,770131,210,W,FR,14.0,14.0,,,,,,34.234984,-118.290562,LA TUNA CANYON NB,14.18
2024-12-17 19:00:00,773132,210,W,FR,,,,,,,,34.152216,-118.146794,FAIR OAKS OFF,25.48
2024-12-17 19:00:00,776761,210,W,FR,60.0,3.0,57.0,,,,,34.176444,-118.162183,LINCOLN 1,22.982
2024-12-17 19:05:00,717623,210,W,FR,,,,,,,,34.164368,-118.158093,MOUNTAIN 1,23.9
2024-12-17 19:05:00,717636,210,W,FR,,,,,,,,34.152357,-118.123714,HILL,26.8
2024-12-17 19:05:00,717648,210,W,FR,33.0,6.0,11.0,16.0,,,,34.148074,-118.08377,SIERRA MADRE V1,29.17
2024-12-17 19:05:00,717652,210,W,FR,,,,,,,,34.148737,-118.071321,ROSEMEAD 1,29.879
2024-12-17 19:05:00,764346,210,W,FR,39.0,12.0,27.0,,,,,34.152648,-118.109062,ALLEN,27.64
2024-12-17 19:05:00,764349,210,W,FR,,,,,,,,34.152092,-118.143249,MARENGO,25.68
2024-12-17 19:05:00,768920,210,W,FR,,,,,,,,34.151995,-118.129451,LAKE 2 - OFF,26.47
2024-12-17 19:05:00,768927,210,W,FR,25.0,25.0,,,,,,34.152365,-118.092642,SAN GABRIEL OFF,28.58
2024-12-17 19:05:00,769300,210,W,FR,,,,,,,,34.152008,-118.153813,WB 210 TO ORANGE GRV,24.98
2024-12-17 19:05:00,769808,210,W,FR,,,,,,,,34.197068,-118.184827,FOOTHILL,20.98
2024-12-17 19:05:00,769869,210,W,FR,25.0,25.0,,,,,,34.218652,-118.239558,LA CRESCENTA,17.38
2024-12-17 19:05:00,769913,210,W,FR,48.0,48.0,,,,,,34.224897,-118.251344,PENNSYLVANIA,16.58
2024-12-17 19:05:00,769928,210,W,FR,17.0,17.0,,,,,,34.214462,-118.232443,OCEAN VIEW,17.88
2024-12-17 19:05:00,769955,210,W,FR,,,,,,,,34.206998,-118.201441,ANGELES CREST HWY NB,19.78
2024-12-17 19:05:00,769998,210,W,FR,,,,,,,,34.19198,-118.181214,BERKSHIRE,21.39
2024-12-17 19:05:00,770131,210,W,FR,10.0,10.0,,,,,,34.234984,-118.290562,LA TUNA CANYON NB,14.18
2024-12-17 19:05:00,773132,210,W,FR,,,,,,,,34.152216,-118.146794,FAIR OAKS OFF,25.48
2024-12-17 19:05:00,776761,210,W,FR,55.0,6.0,49.0,,,,,34.176444,-118.162183,LINCOLN 1,22.982
2024-12-17 19:10:00,717623,210,W,FR,,,,,,,,34.164368,-118.158093,MOUNTAIN 1,23.9
2024-12-17 19:10:00,717636,210,W,FR,,,,,,,,34.152357,-118.123714,HILL,26.8
2024-12-17 19:10:00,717648,210,W,FR,26.0,5.0,7.0,14.0,,,,34.148074,-118.08377,SIERRA MADRE V1,29.17
2024-12-17 19:10:00,717652,210,W,FR,,,,,,,,34.148737,-118.071321,ROSEMEAD 1,29.879
2024-12-17 19:10:00,764346,210,W,FR,28.0,5.0,23.0,,,,,34.152648,-118.109062,ALLEN,27.64
2024-12-17 19:10:00,764349,210,W,FR,,,,,,,,34.152092,-118.143249,MARENGO,25.68
2024-12-17 19:10:00,768920,210,W,FR,,,,,,,,34.151995,-118.129451,LAKE 2 - OFF,26.47
2024-12-17 19:10:00,768927,210,W,FR,19.0,19.0,,,,,,34.152365,-118.092642,SAN GABRIEL OFF,28.58
2024-12-17 19:10:00,769300,210,W,FR,,,,,,,,34.152008,-118.153813,WB 210 TO ORANGE GRV,24.98
2024-12-17 19:10:00,769808,210,W,FR,,,,,,,,34.197068,-118.184827,FOOTHILL,20.98
2024-12-17 19:10:00,769869,210,W,FR,23.0,23.0,,,,,,34.218652,-118.239558,LA CRESCENTA,17.38
2024-12-17 19:10:00,769913,210,W,FR,49.0,49.0,,,,,,34.224897,-118.251344,PENNSYLVANIA,16.58
2024-12-17 19:10:00,769928,210,W,FR,42.0,42.0,,,,,,34.214462,-118.232443,OCEAN VIEW,17.88
2024-12-17 19:10:00,769955,210,W,FR,,,,,,,,34.206998,-118.201441,ANGELES CREST HWY NB,19.78
2024-12-17 19:10:00,769998,210,W,FR,,,,,,,,34.19198,-118.181214,BERKSHIRE,21.39
2024-12-17 19:10:00,770131,210,W,FR,3.0,3.0,,,,,,34.234984,-118.290562,LA TUNA CANYON NB,14.18
2024-12-17 19:10:00,773132,210,W,FR,,,,,,,,34.152216,-118.146794,FAIR OAKS OFF,25.48
2024-12-17 19:10:00,776761,210,W,FR,48.0,7.0,41.0,,,,,34.176444,-118.162183,LINCOLN 1,22.982
2024-12-17 19:15:00,717623,210,W,FR,,,,,,,,34.164368,-118.158093,MOUNTAIN 1,23.9
2024-12-17 19:15:00,717636,210,W,FR,,,,,,,,34.152357,-118.123714,HILL,26.8
2024-12-17 19:15:00,717648,210,W,FR,24.0,3.0,8.0,13.0,,,,34.148074,-118.08377,SIERRA MADRE V1,29.17
2024-12-17 19:15:00,717652,210,W,FR,,,,,,,,34.148737,-118.071321,ROSEMEAD 1,29.879
2024-12-17 19:15:00,764346,210,W,FR,27.0,7.0,20.0,,,,,34.152648,-118.109062,ALLEN,27.64
2024-12-17 19:15:00,764349,210,W,FR,,,,,,,,34.152092,-118.143249,MARENGO,25.68
2024-12-17 19:15:00,768920,210,W,FR,,,,,,,,34.151995,-118.129451,LAKE 2 - OFF,26.47
2024-12-17 19:15:00,768927,210,W,FR,30.0,30.0,,,,,,34.152365,-118.092642,SAN GABRIEL OFF,28.58
2024-12-17 19:15:00,769300,210,W,FR,,,,,,,,34.152008,-118.153813,WB 210 TO ORANGE GRV,24.98
2024-12-17 19:15:00,769808,210,W,FR,,,,,,,,34.197068,-118.184827,FOOTHILL,20.98
2024-12-17 19:15:00,769869,210,W,FR,40.0,40.0,,,,,,34.218652,-118.239558,LA CRESCENTA,17.38
2024-12-17 19:15:00,769913,210,W,FR,51.0,51.0,,,,,,34.224897,-118.251344,PENNSYLVANIA,16.58
2024-12-17 19:15:00,769928,210,W,FR,27.0,27.0,,,,,,34.214462,-118.232443,OCEAN VIEW,17.88
2024-12-17 19:15:00,769955,210,W,FR,,,,,,,,34.206998,-118.201441,ANGELES CREST HWY NB,19.78
2024-12-17 19:15:00,769998,210,W,FR,,,,,,,,34.19198,-118.181214,BERKSHIRE,21.39
2024-12-17 19:15:00,770131,210,W,FR,14.0,14.0,,,,,,34.234984,-118.290562,LA TUNA CANYON NB,14.18
2024-12-17 19:15:00,773132,210,W,FR,,,,,,,,34.152216,-118.146794,FAIR OAKS OFF,25.48
2024-12-17 19:15:00,776761,210,W,FR,53.0,7.0,46.0,,,,,34.176444,-118.162183,LINCOLN 1,22.982
2024-12-17 19:20:00,717623,210,W,FR,,,,,,,,34.164368,-118.158093,MOUNTAIN 1,23.9
2024-12-17 19:20:00,717636,210,W,FR,,,,,,,,34.152357,-118.123714,HILL,26.8
2024-12-17 19:20:00,717648,210,W,FR,21.0,5.0,4.0,12.0,,,,34.148074,-118.08377,SIERRA MADRE V1,29.17
2024-12-17 19:20:00,717652,210,W,FR,,,,,,,,34.148737,-118.071321,ROSEMEAD 1,29.879
2024-12-17 19:20:00,764346,210,W,FR,20.0,3.0,17.0,,,,,34.152648,-118.109062,ALLEN,27.64
2024-12-17 19:20:00,764349,210,W,FR,,,,,,,,34.152092,-118.143249,MARENGO,25.68
2024-12-17 19:20:00,768920,210,W,FR,,,,,,,,34.151995,-118.129451,LAKE 2 - OFF,26.47
2024-12-17 19:20:00,768927,210,W,FR,21.0,21.0,,,,,,34.152365,-118.092642,SAN GABRIEL OFF,28.58
2024-12-17 19:20:00,769300,210,W,FR,,,,,,,,34.152008,-118.153813,WB 210 TO ORANGE GRV,24.98
2024-12-17 19:20:00,769808,210,W,FR,,,,,,,,34.197068,-118.184827,FOOTHILL,20.98
2024-12-17 19:20:00,769869,210,W,FR,48.0,48.0,,,,,,34.218652,-118.239558,LA CRESCENTA,17.38
2024-12-17 19:20:00,769913,210,W,FR,39.0,39.0,,,,,,34.224897,-118.251344,PENNSYLVANIA,16.58
2024-12-17 19:20:00,769928,210,W,FR,32.0,32.0,,,,,,34.214462,-118.232443,OCEAN VIEW,17.88
2024-12-17 19:20:00,769955,210,W,FR,,,,,,,,34.206998,-118.201441,ANGELES CREST HWY NB,19.78
2024-12-17 19:20:00,769998,210,W,FR,,,,,,,,34.19198,-118.181214,BERKSHIRE,21.39
2024-12-17 19:20:00,770131,210,W,FR,11.0,11.0,,,,,,34.234984,-118.290562,LA TUNA CANYON NB,14.18
2024-12-17 19:20:00,773132,210,W,FR,,,,,,,,34.152216,-118.146794,FAIR OAKS OFF,25.48
2024-12-17 19:20:00,776761,210,W,FR,35.0,3.0,32.0,,,,,34.176444,-118.162183,LINCOLN 1,22.982
2024-12-17 19:25:00,717623,210,W,FR,,,,,,,,34.164368,-118.158093,MOUNTAIN 1,23.9
2024-12-17 19:25:00,717636,210,W,FR,,,,,,,,34.152357,-118.123714,HILL,26.8
2024-12-17 19:25:00,717648,210,W,FR,19.0,3.0,5.0,11.0,,,,34.148074,-118.08377,SIERRA MADRE V1,29.17
2024-12-17 19:25:00,717652,210,W,FR,,,,,,,,34.148737,-118.071321,ROSEMEAD 1,29.879
2024-12-17 19:25:00,764346,210,W,FR,23.0,5.0,18.0,,,,,34.152648,-118.109062,ALLEN,27.64
2024-12-17 19:25:00,764349,210,W,FR,,,,,,,,34.152092,-118.143249,MARENGO,25.68
2024-12-17 19:25:00,768920,210,W,FR,,,,,,,,34.151995,-118.129451,LAKE 2 - OFF,26.47
2024-12-17 19:25:00,768927,210,W,FR,19.0,19.0,,,,,,34.152365,-118.092642,SAN GABRIEL OFF,28.58
2024-12-17 19:25:00,769300,210,W,FR,,,,,,,,34.152008,-118.153813,WB 210 TO ORANGE GRV,24.98
2024-12-17 19:25:00,769808,210,W,FR,,,,,,,,34.197068,-118.184827,FOOTHILL,20.98
2024-12-17 19:25:00,769869,210,W,FR,26.0,26.0,,,,,,34.218652,-118.239558,LA CRESCENTA,17.38
2024-12-17 19:25:00,769913,210,W,FR,45.0,45.0,,,,,,34.224897,-118.251344,PENNSYLVANIA,16.58
2024-12-17 19:25:00,769928,210,W,FR,20.0,20.0,,,,,,34.214462,-118.232443,OCEAN VIEW,17.88
2024-12-17 19:25:00,769955,210,W,FR,,,,,,,,34.206998,-118.201441,ANGELES CREST HWY NB,19.78
2024-12-17 19:25:00,769998,210,W,FR,,,,,,,,34.19198,-118.181214,BERKSHIRE,21.39
2024-12-17 19:25:00,770131,210,W,FR,5.0,5.0,,,,,,34.234984,-118.290562,LA TUNA CANYON NB,14.18
2024-12-17 19:25:00,773132,210,W,FR,,,,,,,,34.152216,-118.146794,FAIR OAKS OFF,25.48
2024-12-17 19:25:00,776761,210,W,FR,69.0,9.0,60.0,,,,,34.176444,-118.162183,LINCOLN 1,22.982
2024-12-17 19:30:00,717623,210,W,FR,,,,,,,,34.164368,-118.158093,MOUNTAIN 1,23.9
2024-12-17 19:30:00,717636,210,W,FR,,,,,,,,34.152357,-118.123714,HILL,26.8
2024-12-17 19:30:00,717648,210,W,FR,29.0,6.0,9.0,14.0,,,,34.148074,-118.08377,SIERRA MADRE V1,29.17
2024-12-17 19:30:00,717652,210,W,FR,,,,,,,,34.148737,-118.071321,ROSEMEAD 1,29.879
2024-12-17 19:30:00,764346,210,W,FR,24.0,6.0,18.0,,,,,34.152648,-118.109062,ALLEN,27.64
2024-12-17 19:30:00,764349,210,W,FR,,,,,,,,34.152092,-118.143249,MARENGO,25.68
2024-12-17 19:30:00,768920,210,W,FR,,,,,,,,34.151995,-118.129451,LAKE 2 - OFF,26.47
2024-12-17 19:30:00,768927,210,W,FR,23.0,23.0,,,,,,34.152365,-118.092642,SAN GABRIEL OFF,28.58
2024-12-17 19:30:00,769300,210,W,FR,,,,,,,,34.152008,-118.153813,WB 210 TO ORANGE GRV,24.98
2024-12-17 19:30:00,769808,210,W,FR,,,,,,,,34.197068,-118.184827,FOOTHILL,20.98
2024-12-17 19:30:00,769869,210,W,FR,17.0,17.0,,,,,,34.218652,-118.239558,LA CRESCENTA,17.38
2024-12-17 19:30:00,769913,210,W,FR,43.0,43.0,,,,,,34.224897,-118.251344,PENNSYLVANIA,16.58
2024-12-17 19:30:00,769928,210,W,FR,25.0,25.0,,,,,,34.214462,-118.232443,OCEAN VIEW,17.88
2024-12-17 19:30:00,769955,210,W,FR,,,,,,,,34.206998,-118.201441,ANGELES CREST HWY NB,19.78
2024-12-17 19:30:00,769998,210,W,FR,,,,,,,,34.19198,-118.181214,BERKSHIRE,21.39
2024-12-17 19:30:00,770131,210,W,FR,8.0,8.0,,,,,,34.234984,-118.290562,LA TUNA CANYON NB,14.18
2024-12-17 19:30:00,773132,210,W,FR,,,,,,,,34.152216,-118.146794,FAIR OAKS OFF,25.48
2024-12-17 19:30:00,776761,210,W,FR,39.0,5.0,34.0,,,,,34.176444,-118.162183,LINCOLN 1,22.982
2024-12-17 19:35:00,717623,210,W,FR,,,,,,,,34.164368,-118.158093,MOUNTAIN 1,23.9
2024-12-17 19:35:00,717636,210,W,FR,,,,,,,,34.152357,-118.123714,HILL,26.8
2024-12-17 19:35:00,717648,210,W,FR,15.0,4.0,3.0,8.0,,,,34.148074,-118.08377,SIERRA MADRE V1,29.17
2024-12-17 19:35:00,717652,210,W,FR,,,,,,,,34.148737,-118.071321,ROSEMEAD 1,29.879
2024-12-17 19:35:00,764346,210,W,FR,20.0,4.0,16.0,,,,,34.152648,-118.109062,ALLEN,27.64
2024-12-17 19:35:00,764349,210,W,FR,,,,,,,,34.152092,-118.143249,MARENGO,25.68
2024-12-17 19:35:00,768920,210,W,FR,,,,,,,,34.151995,-118.129451,LAKE 2 - OFF,26.47
2024-12-17 19:35:00,768927,210,W,FR,13.0,13.0,,,,,,34.152365,-118.092642,SAN GABRIEL OFF,28.58
2024-12-17 19:35:00,769300,210,W,FR,,,,,,,,34.152008,-118.153813,WB 210 TO ORANGE GRV,24.98
2024-12-17 19:35:00,769808,210,W,FR,,,,,,,,34.197068,-118.184827,FOOTHILL,20.98
2024-12-17 19:35:00,769869,210,W,FR,30.0,30.0,,,,,,34.218652,-118.239558,LA CRESCENTA,17.38
2024-12-17 19:35:00,769913,210,W,FR,38.0,38.0,,,,,,34.224897,-118.251344,PENNSYLVANIA,16.58
2024-12-17 19:35:00,769928,210,W,FR,36.0,36.0,,,,,,34.214462,-118.232443,OCEAN VIEW,17.88
2024-12-17 19:35:00,769955,210,W,FR,,,,,,,,34.206998,-118.201441,ANGELES CREST HWY NB,19.78
2024-12-17 19:35:00,769998,210,W,FR,,,,,,,,34.19198,-118.181214,BERKSHIRE,21.39
2024-12-17 19:35:00,770131,210,W,FR,4.0,4.0,,,,,,34.234984,-118.290562,LA TUNA CANYON NB,14.18
2024-12-17 19:35:00,773132,210,W,FR,,,,,,,,34.152216,-118.146794,FAIR OAKS OFF,25.48
2024-12-17 19:35:00,776761,210,W,FR,64.0,6.0,58.0,,,,,34.176444,-118.162183,LINCOLN 1,22.982
2024-12-17 19:40:00,717623,210,W,FR,,,,,,,,34.164368,-118.158093,MOUNTAIN 1,23.9
2024-12-17 19:40:00,717636,210,W,FR,,,,,,,,34.152357,-118.123714,HILL,26.8
2024-12-17 19:40:00,717648,210,W,FR,23.0,2.0,4.0,17.0,,,,34.148074,-118.08377,SIERRA MADRE V1,29.17
2024-12-17 19:40:00,717652,210,W,FR,,,,,,,,34.148737,-118.071321,ROSEMEAD 1,29.879
2024-12-17 19:40:00,764346,210,W,FR,19.0,3.0,16.0,,,,,34.152648,-118.109062,ALLEN,27.64
2024-12-17 19:40:00,764349,210,W,FR,,,,,,,,34.152092,-118.143249,MARENGO,25.68
2024-12-17 19:40:00,768920,210,W,FR,,,,,,,,34.151995,-118.129451,LAKE 2 - OFF,26.47
2024-12-17 19:40:00,768927,210,W,FR,16.0,16.0,,,,,,34.152365,-118.092642,SAN GABRIEL OFF,28.58
2024-12-17 19:40:00,769300,210,W,FR,,,,,,,,34.152008,-118.153813,WB 210 TO ORANGE GRV,24.98
2024-12-17 19:40:00,769808,210,W,FR,,,,,,,,34.197068,-118.184827,FOOTHILL,20.98
2024-12-17 19:40:00,769869,210,W,FR,30.0,30.0,,,,,,34.218652,-118.239558,LA CRESCENTA,17.38
2024-12-17 19:40:00,769913,210,W,FR,34.0,34.0,,,,,,34.224897,-118.251344,PENNSYLVANIA,16.58
2024-12-17 19:40:00,769928,210,W,FR,26.0,26.0,,,,,,34.214462,-118.232443,OCEAN VIEW,17.88
2024-12-17 19:40:00,769955,210,W,FR,,,,,,,,34.206998,-118.201441,ANGELES CREST HWY NB,19.78
2024-12-17 19:40:00,769998,210,W,FR,,,,,,,,34.19198,-118.181214,BERKSHIRE,21.39
2024-12-17 19:40:00,770131,210,W,FR,10.0,10.0,,,,,,34.234984,-118.290562,LA TUNA CANYON NB,14.18
2024-12-17 19:40:00,773132,210,W,FR,,,,,,,,34.152216,-118.146794,FAIR OAKS OFF,25.48
2024-12-17 19:40:00,776761,210,W,FR,56.0,4.0,52.0,,,,,34.176444,-118.162183,LINCOLN 1,22.982
2024-12-17 19:45:00,717623,210,W,FR,,,,,,,,34.164368,-118.158093,MOUNTAIN 1,23.9
2024-12-17 19:45:00,717636,210,W,FR,,,,,,,,34.152357,-118.123714,HILL,26.8
2024-12-17 19:45:00,717648,210,W,FR,26.0,7.0,9.0,10.0,,,,34.148074,-118.08377,SIERRA MADRE V1,29.17
2024-12-17 19:45:00,717652,210,W,FR,,,,,,,,34.148737,-118.071321,ROSEMEAD 1,29.879
2024-12-17 19:45:00,764346,210,W,FR,29.0,9.0,20.0,,,,,34.152648,-118.109062,ALLEN,27.64
2024-12-17 19:45:00,764349,210,W,FR,,,,,,,,34.152092,-118.143249,MARENGO,25.68
2024-12-17 19:45:00,768920,210,W,FR,,,,,,,,34.151995,-118.129451,LAKE 2 - OFF,26.47
2024-12-17 19:45:00,768927,210,W,FR,14.0,14.0,,,,,,34.152365,-118.092642,SAN GABRIEL OFF,28.58
2024-12-17 19:45:00,769300,210,W,FR,,,,,,,,34.152008,-118.153813,WB 210 TO ORANGE GRV,24.98
2024-12-17 19:45:00,769808,210,W,FR,,,,,,,,34.197068,-118.184827,FOOTHILL,20.98
2024-12-17 19:45:00,769869,210,W,FR,32.0,32.0,,,,,,34.218652,-118.239558,LA CRESCENTA,17.38
2024-12-17 19:45:00,769913,210,W,FR,43.0,43.0,,,,,,34.224897,-118.251344,PENNSYLVANIA,16.58
2024-12-17 19:45:00,769928,210,W,FR,34.0,34.0,,,,,,34.214462,-118.232443,OCEAN VIEW,17.88
2024-12-17 19:45:00,769955,210,W,FR,,,,,,,,34.206998,-118.201441,ANGELES CREST HWY NB,19.78
2024-12-17 19:45:00,769998,210,W,FR,,,,,,,,34.19198,-118.181214,BERKSHIRE,21.39
2024-12-17 19:45:00,770131,210,W,FR,8.0,8.0,,,,,,34.234984,-118.290562,LA TUNA CANYON NB,14.18
2024-12-17 19:45:00,773132,210,W,FR,,,,,,,,34.152216,-118.146794,FAIR OAKS OFF,25.48
2024-12-17 19:45:00,776761,210,W,FR,61.0,4.0,57.0,,,,,34.176444,-118.162183,LINCOLN 1,22.982
2024-12-17 19:50:00,717623,210,W,FR,,,,,,,,34.164368,-118.158093,MOUNTAIN 1,23.9
2024-12-17 19:50:00,717636,210,W,FR,,,,,,,,34.152357,-118.123714,HILL,26.8
2024-12-17 19:50:00,717648,210,W,FR,27.0,3.0,10.0,14.0,,,,34.148074,-118.08377,SIERRA MADRE V1,29.17
2024-12-17 19:50:00,717652,210,W,FR,,,,,,,,34.148737,-118.071321,ROSEMEAD 1,29.879
2024-12-17 19:50:00,764346,210,W,FR,17.0,6.0,11.0,,,,,34.152648,-118.109062,ALLEN,27.64
2024-12-17 19:50:00,764349,210,W,FR,,,,,,,,34.152092,-118.143249,MARENGO,25.68
2024-12-17 19:50:00,768920,210,W,FR,,,,,,,,34.151995,-118.129451,LAKE 2 - OFF,26.47
2024-12-17 19:50:00,768927,210,W,FR,11.0,11.0,,,,,,34.152365,-118.092642,SAN GABRIEL OFF,28.58
2024-12-17 19:50:00,769300,210,W,FR,,,,,,,,34.152008,-118.153813,WB 210 TO ORANGE GRV,24.98
2024-12-17 19:50:00,769808,210,W,FR,,,,,,,,34.197068,-118.184827,FOOTHILL,20.98
2024-12-17 19:50:00,769869,210,W,FR,20.0,20.0,,,,,,34.218652,-118.239558,LA CRESCENTA,17.38
2024-12-17 19:50:00,769913,210,W,FR,36.0,36.0,,,,,,34.224897,-118.251344,PENNSYLVANIA,16.58
2024-12-17 19:50:00,769928,210,W,FR,24.0,24.0,,,,,,34.214462,-118.232443,OCEAN VIEW,17.88
2024-12-17 19:50:00,769955,210,W,FR,,,,,,,,34.206998,-118.201441,ANGELES CREST HWY NB,19.78
2024-12-17 19:50:00,769998,210,W,FR,,,,,,,,34.19198,-118.181214,BERKSHIRE,21.39
2024-12-17 19:50:00,770131,210,W,FR,6.0,6.0,,,,,,34.234984,-118.290562,LA TUNA CANYON NB,14.18
2024-12-17 19:50:00,773132,210,W,FR,,,,,,,,34.152216,-118.146794,FAIR OAKS OFF,25.48
2024-12-17 19:50:00,776761,210,W,FR,65.0,11.0,54.0,,,,,34.176444,-118.162183,LINCOLN 1,22.982
2024-12-17 19:55:00,717623,210,W,FR,,,,,,,,34.164368,-118.158093,MOUNTAIN 1,23.9
2024-12-17 19:55:00,717636,210,W,FR,,,,,,,,34.152357,-118.123714,HILL,26.8
2024-12-17 19:55:00,717648,210,W,FR,26.0,8.0,6.0,12.0,,,,34.148074,-118.08377,SIERRA MADRE V1,29.17
2024-12-17 19:55:00,717652,210,W,FR,,,,,,,,34.148737,-118.071321,ROSEMEAD 1,29.879
2024-12-17 19:55:00,764346,210,W,FR,22.0,1.0,21.0,,,,,34.152648,-118.109062,ALLEN,27.64
2024-12-17 19:55:00,764349,210,W,FR,,,,,,,,34.152092,-118.143249,MARENGO,25.68
2024-12-17 19:55:00,768920,210,W,FR,,,,,,,,34.151995,-118.129451,LAKE 2 - OFF,26.47
2024-12-17 19:55:00,768927,210,W,FR,18.0,18.0,,,,,,34.152365,-118.092642,SAN GABRIEL OFF,28.58
2024-12-17 19:55:00,769300,210,W,FR,,,,,,,,34.152008,-118.153813,WB 210 TO ORANGE GRV,24.98
2024-12-17 19:55:00,769808,210,W,FR,,,,,,,,34.197068,-118.184827,FOOTHILL,20.98
2024-12-17 19:55:00,769869,210,W,FR,26.0,26.0,,,,,,34.218652,-118.239558,LA CRESCENTA,17.38
2024-12-17 19:55:00,769913,210,W,FR,38.0,38.0,,,,,,34.224897,-118.251344,PENNSYLVANIA,16.58
2024-12-17 19:55:00,769928,210,W,FR,16.0,16.0,,,,,,34.214462,-118.232443,OCEAN VIEW,17.88
2024-12-17 19:55:00,769955,210,W,FR,,,,,,,,34.206998,-118.201441,ANGELES CREST HWY NB,19.78
2024-12-17 19:55:00,769998,210,W,FR,,,,,,,,34.19198,-118.181214,BERKSHIRE,21.39
2024-12-17 19:55:00,770131,210,W,FR,11.0,11.0,,,,,,34.234984,-118.290562,LA TUNA CANYON NB,14.18
2024-12-17 19:55:00,773132,210,W,FR,,,,,,,,34.152216,-118.146794,FAIR OAKS OFF,25.48
2024-12-17 19:55:00,776761,210,W,FR,28.0,1.0,27.0,,,,,34.176444,-118.162183,LINCOLN 1,22.982
2024-12-17 20:00:00,717623,210,W,FR,,,,,,,,34.164368,-118.158093,MOUNTAIN 1,23.9
2024-12-17 20:00:00,717636,210,W,FR,,,,,,,,34.152357,-118.123714,HILL,26.8
2024-12-17 20:00:00,717648,210,W,FR,19.0,2.0,7.0,10.0,,,,34.148074,-118.08377,SIERRA MADRE V1,29.17
2024-12-17 20:00:00,717652,210,W,FR,,,,,,,,34.148737,-118.071321,ROSEMEAD 1,29.879
2024-12-17 20:00:00,764346,210,W,FR,20.0,7.0,13.0,,,,,34.152648,-118.109062,ALLEN,27.64
2024-12-17 20:00:00,764349,210,W,FR,,,,,,,,34.152092,-118.143249,MARENGO,25.68
2024-12-17 20:00:00,768920,210,W,FR,,,,,,,,34.151995,-118.129451,LAKE 2 - OFF,26.47
2024-12-17 20:00:00,768927,210,W,FR,17.0,17.0,,,,,,34.152365,-118.092642,SAN GABRIEL OFF,28.58
2024-12-17 20:00:00,769300,210,W,FR,,,,,,,,34.152008,-118.153813,WB 210 TO ORANGE GRV,24.98
2024-12-17 20:00:00,769808,210,W,FR,,,,,,,,34.197068,-118.184827,FOOTHILL,20.98
2024-12-17 20:00:00,769869,210,W,FR,19.0,19.0,,,,,,34.218652,-118.239558,LA CRESCENTA,17.38
2024-12-17 20:00:00,769913,210,W,FR,40.0,40.0,,,,,,34.224897,-118.251344,PENNSYLVANIA,16.58
2024-12-17 20:00:00,769928,210,W,FR,24.0,24.0,,,,,,34.214462,-118.232443,OCEAN VIEW,17.88
2024-12-17 20:00:00,769955,210,W,FR,,,,,,,,34.206998,-118.201441,ANGELES CREST HWY NB,19.78
2024-12-17 20:00:00,769998,210,W,FR,,,,,,,,34.19198,-118.181214,BERKSHIRE,21.39
2024-12-17 20:00:00,770131,210,W,FR,11.0,11.0,,,,,,34.234984,-118.290562,LA TUNA CANYON NB,14.18
2024-12-17 20:00:00,773132,210,W,FR,,,,,,,,34.152216,-118.146794,FAIR OAKS OFF,25.48
2024-12-17 20:00:00,776761,210,W,FR,50.0,5.0,45.0,,,,,34.176444,-118.162183,LINCOLN 1,22.982
2024-12-17 20:05:00,717623,210,W,FR,,,,,,,,34.164368,-118.158093,MOUNTAIN 1,23.9
2024-12-17 20:05:00,717636,210,W,FR,,,,,,,,34.152357,-118.123714,HILL,26.8
2024-12-17 20:05:00,717648,210,W,FR,21.0,3.0,5.0,13.0,,,,34.148074,-118.08377,SIERRA MADRE V1,29.17
2024-12-17 20:05:00,717652,210,W,FR,,,,,,,,34.148737,-118.071321,ROSEMEAD 1,29.879
2024-12-17 20:05:00,764346,210,W,FR,19.0,7.0,12.0,,,,,34.152648,-118.109062,ALLEN,27.64
2024-12-17 20:05:00,764349,210,W,FR,,,,,,,,34.152092,-118.143249,MARENGO,25.68
2024-12-17 20:05:00,768920,210,W,FR,,,,,,,,34.151995,-118.129451,LAKE 2 - OFF,26.47
2024-12-17 20:05:00,768927,210,W,FR,9.0,9.0,,,,,,34.152365,-118.092642,SAN GABRIEL OFF,28.58
2024-12-17 20:05:00,769300,210,W,FR,,,,,,,,34.152008,-118.153813,WB 210 TO ORANGE GRV,24.98
2024-12-17 20:05:00,769808,210,W,FR,,,,,,,,34.197068,-118.184827,FOOTHILL,20.98
2024-12-17 20:05:00,769869,210,W,FR,41.0,41.0,,,,,,34.218652,-118.239558,LA CRESCENTA,17.38
2024-12-17 20:05:00,769913,210,W,FR,27.0,27.0,,,,,,34.224897,-118.251344,PENNSYLVANIA,16.58
2024-12-17 20:05:00,769928,210,W,FR,29.0,29.0,,,,,,34.214462,-118.232443,OCEAN VIEW,17.88
2024-12-17 20:05:00,769955,210,W,FR,,,,,,,,34.206998,-118.201441,ANGELES CREST HWY NB,19.78
2024-12-17 20:05:00,769998,210,W,FR,,,,,,,,34.19198,-118.181214,BERKSHIRE,21.39
2024-12-17 20:05:00,770131,210,W,FR,8.0,8.0,,,,,,34.234984,-118.290562,LA TUNA CANYON NB,14.18
2024-12-17 20:05:00,773132,210,W,FR,,,,,,,,34.152216,-118.146794,FAIR OAKS OFF,25.48
2024-12-17 20:05:00,776761,210,W,FR,49.0,5.0,44.0,,,,,34.176444,-118.162183,LINCOLN 1,22.982
2024-12-17 20:10:00,717623,210,W,FR,,,,,,,,34.164368,-118.158093,MOUNTAIN 1,23.9
2024-12-17 20:10:00,717636,210,W,FR,,,,,,,,34.152357,-118.123714,HILL,26.8
2024-12-17 20:10:00,717648,210,W,FR,21.0,4.0,4.0,13.0,,,,34.148074,-118.08377,SIERRA MADRE V1,29.17
2024-12-17 20:10:00,717652,210,W,FR,,,,,,,,34.148737,-118.071321,ROSEMEAD 1,29.879
2024-12-17 20:10:00,764346,210,W,FR,32.0,11.0,21.0,,,,,34.152648,-118.109062,ALLEN,27.64
2024-12-17 20:10:00,764349,210,W,FR,,,,,,,,34.152092,-118.143249,MARENGO,25.68
2024-12-17 20:10:00,768920,210,W,FR,,,,,,,,34.151995,-118.129451,LAKE 2 - OFF,26.47
2024-12-17 20:10:00,768927,210,W,FR,16.0,16.0,,,,,,34.152365,-118.092642,SAN GABRIEL OFF,28.58
2024-12-17 20:10:00,769300,210,W,FR,,,,,,,,34.152008,-118.153813,WB 210 TO ORANGE GRV,24.98
2024-12-17 20:10:00,769808,210,W,FR,,,,,,,,34.197068,-118.184827,FOOTHILL,20.98
2024-12-17 20:10:00,769869,210,W,FR,12.0,12.0,,,,,,34.218652,-118.239558,LA CRESCENTA,17.38
2024-12-17 20:10:00,769913,210,W,FR,31.0,31.0,,,,,,34.224897,-118.251344,PENNSYLVANIA,16.58
2024-12-17 20:10:00,769928,210,W,FR,26.0,26.0,,,,,,34.214462,-118.232443,OCEAN VIEW,17.88
2024-12-17 20:10:00,769955,210,W,FR,,,,,,,,34.206998,-118.201441,ANGELES CREST HWY NB,19.78
2024-12-17 20:10:00,769998,210,W,FR,,,,,,,,34.19198,-118.181214,BERKSHIRE,21.39
2024-12-17 20:10:00,770131,210,W,FR,8.0,8.0,,,,,,34.234984,-118.290562,LA TUNA CANYON NB,14.18
2024-12-17 20:10:00,773132,210,W,FR,,,,,,,,34.152216,-118.146794,FAIR OAKS OFF,25.48
2024-12-17 20:10:00,776761,210,W,FR,36.0,7.0,29.0,,,,,34.176444,-118.162183,LINCOLN 1,22.982
2024-12-17 20:15:00,717623,210,W,FR,,,,,,,,34.164368,-118.158093,MOUNTAIN 1,23.9
2024-12-17 20:15:00,717636,210,W,FR,,,,,,,,34.152357,-118.123714,HILL,26.8
2024-12-17 20:15:00,717648,210,W,FR,16.0,2.0,3.0,11.0,,,,34.148074,-118.08377,SIERRA MADRE V1,29.17
2024-12-17 20:15:00,717652,210,W,FR,,,,,,,,34.148737,-118.071321,ROSEMEAD 1,29.879
2024-12-17 20:15:00,764346,210,W,FR,20.0,4.0,16.0,,,,,34.152648,-118.109062,ALLEN,27.64
2024-12-17 20:15:00,764349,210,W,FR,,,,,,,,34.152092,-118.143249,MARENGO,25.68
2024-12-17 20:15:00,768920,210,W,FR,,,,,,,,34.151995,-118.129451,LAKE 2 - OFF,26.47
2024-12-17 20:15:00,768927,210,W,FR,9.0,9.0,,,,,,34.152365,-118.092642,SAN GABRIEL OFF,28.58
2024-12-17 20:15:00,769300,210,W,FR,,,,,,,,34.152008,-118.153813,WB 210 TO ORANGE GRV,24.98
2024-12-17 20:15:00,769808,210,W,FR,,,,,,,,34.197068,-118.184827,FOOTHILL,20.98
2024-12-17 20:15:00,769869,210,W,FR,12.0,12.0,,,,,,34.218652,-118.239558,LA CRESCENTA,17.38
2024-12-17 20:15:00,769913,210,W,FR,39.0,39.0,,,,,,34.224897,-118.251344,PENNSYLVANIA,16.58
2024-12-17 20:15:00,769928,210,W,FR,22.0,22.0,,,,,,34.214462,-118.232443,OCEAN VIEW,17.88
2024-12-17 20:15:00,769955,210,W,FR,,,,,,,,34.206998,-118.201441,ANGELES CREST HWY NB,19.78
2024-12-17 20:15:00,769998,210,W,FR,,,,,,,,34.19198,-118.181214,BERKSHIRE,21.39
2024-12-17 20:15:00,770131,210,W,FR,4.0,4.0,,,,,,34.234984,-118.290562,LA TUNA CANYON NB,14.18
2024-12-17 20:15:00,773132,210,W,FR,,,,,,,,34.152216,-118.146794,FAIR OAKS OFF,25.48
2024-12-17 20:15:00,776761,210,W,FR,54.0,14.0,40.0,,,,,34.176444,-118.162183,LINCOLN 1,22.982
2024-12-17 20:20:00,717623,210,W,FR,,,,,,,,34.164368,-118.158093,MOUNTAIN 1,23.9
2024-12-17 20:20:00,717636,210,W,FR,,,,,,,,34.152357,-118.123714,HILL,26.8
2024-12-17 20:20:00,717648,210,W,FR,18.0,7.0,4.0,7.0,,,,34.148074,-118.08377,SIERRA MADRE V1,29.17
2024-12-17 20:20:00,717652,210,W,FR,,,,,,,,34.148737,-118.071321,ROSEMEAD 1,29.879
2024-12-17 20:20:00,764346,210,W,FR,27.0,9.0,18.0,,,,,34.152648,-118.109062,ALLEN,27.64
2024-12-17 20:20:00,764349,210,W,FR,,,,,,,,34.152092,-118.143249,MARENGO,25.68
2024-12-17 20:20:00,768920,210,W,FR,,,,,,,,34.151995,-118.129451,LAKE 2 - OFF,26.47
2024-12-17 20:20:00,768927,210,W,FR,12.0,12.0,,,,,,34.152365,-118.092642,SAN GABRIEL OFF,28.58
2024-12-17 20:20:00,769300,210,W,FR,,,,,,,,34.152008,-118.153813,WB 210 TO ORANGE GRV,24.98
2024-12-17 20:20:00,769808,210,W,FR,,,,,,,,34.197068,-118.184827,FOOTHILL,20.98
2024-12-17 20:20:00,769869,210,W,FR,18.0,18.0,,,,,,34.218652,-118.239558,LA CRESCENTA,17.38
2024-12-17 20:20:00,769913,210,W,FR,44.0,44.0,,,,,,34.224897,-118.251344,PENNSYLVANIA,16.58
2024-12-17 20:20:00,769928,210,W,FR,11.0,11.0,,,,,,34.214462,-118.232443,OCEAN VIEW,17.88
2024-12-17 20:20:00,769955,210,W,FR,,,,,,,,34.206998,-118.201441,ANGELES CREST HWY NB,19.78
2024-12-17 20:20:00,769998,210,W,FR,,,,,,,,34.19198,-118.181214,BERKSHIRE,21.39
2024-12-17 20:20:00,770131,210,W,FR,9.0,9.0,,,,,,34.234984,-118.290562,LA TUNA CANYON NB,14.18
2024-12-17 20:20:00,773132,210,W,FR,,,,,,,,34.152216,-118.146794,FAIR OAKS OFF,25.48
2024-12-17 20:20:00,776761,210,W,FR,62.0,3.0,59.0,,,,,34.176444,-118.162183,LINCOLN 1,22.982
2024-12-17 20:25:00,717623,210,W,FR,,,,,,,,34.164368,-118.158093,MOUNTAIN 1,23.9
2024-12-17 20:25:00,717636,210,W,FR,,,,,,,,34.152357,-118.123714,HILL,26.8
2024-12-17 20:25:00,717648,210,W,FR,14.0,4.0,4.0,6.0,,,,34.148074,-118.08377,SIERRA MADRE V1,29.17
2024-12-17 20:25:00,717652,210,W,FR,,,,,,,,34.148737,-118.071321,ROSEMEAD 1,29.879
2024-12-17 20:25:00,764346,210,W,FR,29.0,6.0,23.0,,,,,34.152648,-118.109062,ALLEN,27.64
2024-12-17 20:25:00,764349,210,W,FR,,,,,,,,34.152092,-118.143249,MARENGO,25.68
2024-12-17 20:25:00,768920,210,W,FR,,,,,,,,34.151995,-118.129451,LAKE 2 - OFF,26.47
2024-12-17 20:25:00,768927,210,W,FR,18.0,18.0,,,,,,34.152365,-118.092642,SAN GABRIEL OFF,28.58
2024-12-17 20:25:00,769300,210,W,FR,,,,,,,,34.152008,-118.153813,WB 210 TO ORANGE GRV,24.98
2024-12-17 20:25:00,769808,210,W,FR,,,,,,,,34.197068,-118.184827,FOOTHILL,20.98
2024-12-17 20:25:00,769869,210,W,FR,9.0,9.0,,,,,,34.218652,-118.239558,LA CRESCENTA,17.38
2024-12-17 20:25:00,769913,210,W,FR,30.0,30.0,,,,,,34.224897,-118.251344,PENNSYLVANIA,16.58
2024-12-17 20:25:00,769928,210,W,FR,17.0,17.0,,,,,,34.214462,-118.232443,OCEAN VIEW,17.88
2024-12-17 20:25:00,769955,210,W,FR,,,,,,,,34.206998,-118.201441,ANGELES CREST HWY NB,19.78
2024-12-17 20:25:00,769998,210,W,FR,,,,,,,,34.19198,-118.181214,BERKSHIRE,21.39
2024-12-17 20:25:00,770131,210,W,FR,13.0,13.0,,,,,,34.234984,-118.290562,LA TUNA CANYON NB,14.18
2024-12-17 20:25:00,773132,210,W,FR,,,,,,,,34.152216,-118.146794,FAIR OAKS OFF,25.48
2024-12-17 20:25:00,776761,210,W,FR,51.0,5.0,46.0,,,,,34.176444,-118.162183,LINCOLN 1,22.982
2024-12-17 20:30:00,717623,210,W,FR,,,,,,,,34.164368,-118.158093,MOUNTAIN 1,23.9
2024-12-17 20:30:00,717636,210,W,FR,,,,,,,,34.152357,-118.123714,HILL,26.8
2024-12-17 20:30:00,717648,210,W,FR,16.0,3.0,5.0,8.0,,,,34.148074,-118.08377,SIERRA MADRE V1,29.17
2024-12-17 20:30:00,717652,210,W,FR,,,,,,,,34.148737,-118.071321,ROSEMEAD 1,29.879
2024-12-17 20:30:00,764346,210,W,FR,18.0,5.0,13.0,,,,,34.152648,-118.109062,ALLEN,27.64
2024-12-17 20:30:00,764349,210,W,FR,,,,,,,,34.152092,-118.143249,MARENGO,25.68
2024-12-17 20:30:00,768920,210,W,FR,,,,,,,,34.151995,-118.129451,LAKE 2 - OFF,26.47
2024-12-17 20:30:00,768927,210,W,FR,17.0,17.0,,,,,,34.152365,-118.092642,SAN GABRIEL OFF,28.58
2024-12-17 20:30:00,769300,210,W,FR,,,,,,,,34.152008,-118.153813,WB 210 TO ORANGE GRV,24.98
2024-12-17 20:30:00,769808,210,W,FR,,,,,,,,34.197068,-118.184827,FOOTHILL,20.98
2024-12-17 20:30:00,769869,210,W,FR,24.0,24.0,,,,,,34.218652,-118.239558,LA CRESCENTA,17.38
2024-12-17 20:30:00,769913,210,W,FR,27.0,27.0,,,,,,34.224897,-118.251344,PENNSYLVANIA,16.58
2024-12-17 20:30:00,769928,210,W,FR,23.0,23.0,,,,,,34.214462,-118.232443,OCEAN VIEW,17.88
2024-12-17 20:30:00,769955,210,W,FR,,,,,,,,34.206998,-118.201441,ANGELES CREST HWY NB,19.78
2024-12-17 20:30:00,769998,210,W,FR,,,,,,,,34.19198,-118.181214,BERKSHIRE,21.39
2024-12-17 20:30:00,770131,210,W,FR,7.0,7.0,,,,,,34.234984,-118.290562,LA TUNA CANYON NB,14.18
2024-12-17 20:30:00,773132,210,W,FR,,,,,,,,34.152216,-118.146794,FAIR OAKS OFF,25.48
2024-12-17 20:30:00,776761,210,W,FR,51.0,5.0,46.0,,,,,34.176444,-118.162183,LINCOLN 1,22.982
2024-12-17 20:35:00,717623,210,W,FR,,,,,,,,34.164368,-118.158093,MOUNTAIN 1,23.9
2024-12-17 20:35:00,717636,210,W,FR,,,,,,,,34.152357,-118.123714,HILL,26.8
2024-12-17 20:35:00,717648,210,W,FR,17.0,2.0,11.0,4.0,,,,34.148074,-118.08377,SIERRA MADRE V1,29.17
2024-12-17 20:35:00,717652,210,W,FR,,,,,,,,34.148737,-118.071321,ROSEMEAD 1,29.879
2024-12-17 20:35:00,764346,210,W,FR,13.0,3.0,10.0,,,,,34.152648,-118.109062,ALLEN,27.64
2024-12-17 20:35:00,764349,210,W,FR,,,,,,,,34.152092,-118.143249,MARENGO,25.68
2024-12-17 20:35:00,768920,210,W,FR,,,,,,,,34.151995,-118.129451,LAKE 2 - OFF,26.47
2024-12-17 20:35:00,768927,210,W,FR,14.0,14.0,,,,,,34.152365,-118.092642,SAN GABRIEL OFF,28.58
2024-12-17 20:35:00,769300,210,W,FR,,,,,,,,34.152008,-118.153813,WB 210 TO ORANGE GRV,24.98
2024-12-17 20:35:00,769808,210,W,FR,,,,,,,,34.197068,-118.184827,FOOTHILL,20.98
2024-12-17 20:35:00,769869,210,W,FR,9.0,9.0,,,,,,34.218652,-118.239558,LA CRESCENTA,17.38
2024-12-17 20:35:00,769913,210,W,FR,33.0,33.0,,,,,,34.224897,-118.251344,PENNSYLVANIA,16.58
2024-12-17 20:35:00,769928,210,W,FR,20.0,20.0,,,,,,34.214462,-118.232443,OCEAN VIEW,17.88
2024-12-17 20:35:00,769955,210,W,FR,,,,,,,,34.206998,-118.201441,ANGELES CREST HWY NB,19.78
2024-12-17 20:35:00,769998,210,W,FR,,,,,,,,34.19198,-118.181214,BERKSHIRE,21.39
2024-12-17 20:35:00,770131,210,W,FR,0.0,0.0,,,,,,34.234984,-118.290562,LA TUNA CANYON NB,14.18
2024-12-17 20:35:00,773132,210,W,FR,,,,,,,,34.152216,-118.146794,FAIR OAKS OFF,25.48
2024-12-17 20:35:00,776761,210,W,FR,37.0,1.0,36.0,,,,,34.176444,-118.162183,LINCOLN 1,22.982
2024-12-17 20:40:00,717623,210,W,FR,,,,,,,,34.164368,-118.158093,MOUNTAIN 1,23.9
2024-12-17 20:40:00,717636,210,W,FR,,,,,,,,34.152357,-118.123714,HILL,26.8
2024-12-17 20:40:00,717648,210,W,FR,18.0,3.0,6.0,9.0,,,,34.148074,-118.08377,SIERRA MADRE V1,29.17
2024-12-17 20:40:00,717652,210,W,FR,,,,,,,,34.148737,-118.071321,ROSEMEAD 1,29.879
2024-12-17 20:40:00,764346,210,W,FR,11.0,2.0,9.0,,,,,34.152648,-118.109062,ALLEN,27.64
2024-12-17 20:40:00,764349,210,W,FR,,,,,,,,34.152092,-118.143249,MARENGO,25.68
2024-12-17 20:40:00,768920,210,W,FR,,,,,,,,34.151995,-118.129451,LAKE 2 - OFF,26.47
2024-12-17 20:40:00,768927,210,W,FR,15.0,15.0,,,,,,34.152365,-118.092642,SAN GABRIEL OFF,28.58
2024-12-17 20:40:00,769300,210,W,FR,,,,,,,,34.152008,-118.153813,WB 210 TO ORANGE GRV,24.98
2024-12-17 20:40:00,769808,210,W,FR,,,,,,,,34.197068,-118.184827,FOOTHILL,20.98
2024-12-17 20:40:00,769869,210,W,FR,10.0,10.0,,,,,,34.218652,-118.239558,LA CRESCENTA,17.38
2024-12-17 20:40:00,769913,210,W,FR,33.0,33.0,,,,,,34.224897,-118.251344,PENNSYLVANIA,16.58
2024-12-17 20:40:00,769928,210,W,FR,21.0,21.0,,,,,,34.214462,-118.232443,OCEAN VIEW,17.88
2024-12-17 20:40:00,769955,210,W,FR,,,,,,,,34.206998,-118.201441,ANGELES CREST HWY NB,19.78
2024-12-17 20:40:00,769998,210,W,FR,,,,,,,,34.19198,-118.181214,BERKSHIRE,21.39
2024-12-17 20:40:00,770131,210,W,FR,3.0,3.0,,,,,,34.234984,-118.290562,LA TUNA CANYON NB,14.18
2024-12-17 20:40:00,773132,210,W,FR,,,,,,,,34.152216,-118.146794,FAIR OAKS OFF,25.48
2024-12-17 20:40:00,776761,210,W,FR,33.0,6.0,27.0,,,,,34.176444,-118.162183,LINCOLN 1,22.982
2024-12-17 20:45:00,717623,210,W,FR,,,,,,,,34.164368,-118.158093,MOUNTAIN 1,23.9
2024-12-17 20:45:00,717636,210,W,FR,,,,,,,,34.152357,-118.123714,HILL,26.8
2024-12-17 20:45:00,717648,210,W,FR,18.0,3.0,11.0,4.0,,,,34.148074,-118.08377,SIERRA MADRE V1,29.17
2024-12-17 20:45:00,717652,210,W,FR,,,,,,,,34.148737,-118.071321,ROSEMEAD 1,29.879
2024-12-17 20:45:00,764346,210,W,FR,23.0,6.0,17.0,,,,,34.152648,-118.109062,ALLEN,27.64
2024-12-17 20:45:00,764349,210,W,FR,,,,,,,,34.152092,-118.143249,MARENGO,25.68
2024-12-17 20:45:00,768920,210,W,FR,,,,,,,,34.151995,-118.129451,LAKE 2 - OFF,26.47
2024-12-17 20:45:00,768927,210,W,FR,15.0,15.0,,,,,,34.152365,-118.092642,SAN GABRIEL OFF,28.58
2024-12-17 20:45:00,769300,210,W,FR,,,,,,,,34.152008,-118.153813,WB 210 TO ORANGE GRV,24.98
2024-12-17 20:45:00,769808,210,W,FR,,,,,,,,34.197068,-118.184827,FOOTHILL,20.98
2024-12-17 20:45:00,769869,210,W,FR,17.0,17.0,,,,,,34.218652,-118.239558,LA CRESCENTA,17.38
2024-12-17 20:45:00,769913,210,W,FR,34.0,34.0,,,,,,34.224897,-118.251344,PENNSYLVANIA,16.58
2024-12-17 20:45:00,769928,210,W,FR,36.0,36.0,,,,,,34.214462,-118.232443,OCEAN VIEW,17.88
2024-12-17 20:45:00,769955,210,W,FR,,,,,,,,34.206998,-118.201441,ANGELES CREST HWY NB,19.78
2024-12-17 20:45:00,769998,210,W,FR,,,,,,,,34.19198,-118.181214,BERKSHIRE,21.39
2024-12-17 20:45:00,770131,210,W,FR,10.0,10.0,,,,,,34.234984,-118.290562,LA TUNA CANYON NB,14.18
2024-12-17 20:45:00,773132,210,W,FR,,,,,,,,34.152216,-118.146794,FAIR OAKS OFF,25.48
2024-12-17 20:45:00,776761,210,W,FR,35.0,4.0,31.0,,,,,34.176444,-118.162183,LINCOLN 1,22.982
2024-12-17 20:50:00,717623,210,W,FR,,,,,,,,34.164368,-118.158093,MOUNTAIN 1,23.9
2024-12-17 20:50:00,717636,210,W,FR,,,,,,,,34.152357,-118.123714,HILL,26.8
2024-12-17 20:50:00,717648,210,W,FR,16.0,4.0,9.0,3.0,,,,34.148074,-118.08377,SIERRA MADRE V1,29.17
2024-12-17 20:50:00,717652,210,W,FR,,,,,,,,34.148737,-118.071321,ROSEMEAD 1,29.879
2024-12-17 20:50:00,764346,210,W,FR,16.0,3.0,13.0,,,,,34.152648,-118.109062,ALLEN,27.64
2024-12-17 20:50:00,764349,210,W,FR,,,,,,,,34.152092,-118.143249,MARENGO,25.68
2024-12-17 20:50:00,768920,210,W,FR,,,,,,,,34.151995,-118.129451,LAKE 2 - OFF,26.47
2024-12-17 20:50:00,768927,210,W,FR,14.0,14.0,,,,,,34.152365,-118.092642,SAN GABRIEL OFF,28.58
2024-12-17 20:50:00,769300,210,W,FR,,,,,,,,34.152008,-118.153813,WB 210 TO ORANGE GRV,24.98
2024-12-17 20:50:00,769808,210,W,FR,,,,,,,,34.197068,-118.184827,FOOTHILL,20.98
2024-12-17 20:50:00,769869,210,W,FR,15.0,15.0,,,,,,34.218652,-118.239558,LA CRESCENTA,17.38
2024-12-17 20:50:00,769913,210,W,FR,32.0,32.0,,,,,,34.224897,-118.251344,PENNSYLVANIA,16.58
2024-12-17 20:50:00,769928,210,W,FR,15.0,15.0,,,,,,34.214462,-118.232443,OCEAN VIEW,17.88
2024-12-17 20:50:00,769955,210,W,FR,,,,,,,,34.206998,-118.201441,ANGELES CREST HWY NB,19.78
2024-12-17 20:50:00,769998,210,W,FR,,,,,,,,34.19198,-118.181214,BERKSHIRE,21.39
2024-12-17 20:50:00,770131,210,W,FR,7.0,7.0,,,,,,34.234984,-118.290562,LA TUNA CANYON NB,14.18
2024-12-17 20:50:00,773132,210,W,FR,,,,,,,,34.152216,-118.146794,FAIR OAKS OFF,25.48
2024-12-17 20:50:00,776761,210,W,FR,35.0,5.0,30.0,,,,,34.176444,-118.162183,LINCOLN 1,22.982
2024-12-17 20:55:00,717623,210,W,FR,,,,,,,,34.164368,-118.158093,MOUNTAIN 1,23.9
2024-12-17 20:55:00,717636,210,W,FR,,,,,,,,34.152357,-118.123714,HILL,26.8
2024-12-17 20:55:00,717648,210,W,FR,22.0,4.0,8.0,10.0,,,,34.148074,-118.08377,SIERRA MADRE V1,29.17
2024-12-17 20:55:00,717652,210,W,FR,,,,,,,,34.148737,-118.071321,ROSEMEAD 1,29.879
2024-12-17 20:55:00,764346,210,W,FR,16.0,3.0,13.0,,,,,34.152648,-118.109062,ALLEN,27.64
2024-12-17 20:55:00,764349,210,W,FR,,,,,,,,34.152092,-118.143249,MARENGO,25.68
2024-12-17 20:55:00,768920,210,W,FR,,,,,,,,34.151995,-118.129451,LAKE 2 - OFF,26.47
2024-12-17 20:55:00,768927,210,W,FR,22.0,22.0,,,,,,34.152365,-118.092642,SAN GABRIEL OFF,28.58
2024-12-17 20:55:00,769300,210,W,FR,,,,,,,,34.152008,-118.153813,WB 210 TO ORANGE GRV,24.98
2024-12-17 20:55:00,769808,210,W,FR,,,,,,,,34.197068,-118.184827,FOOTHILL,20.98
2024-12-17 20:55:00,769869,210,W,FR,17.0,17.0,,,,,,34.218652,-118.239558,LA CRESCENTA,17.38
2024-12-17 20:55:00,769913,210,W,FR,33.0,33.0,,,,,,34.224897,-118.251344,PENNSYLVANIA,16.58
2024-12-17 20:55:00,769928,210,W,FR,18.0,18.0,,,,,,34.214462,-118.232443,OCEAN VIEW,17.88
2024-12-17 20:55:00,769955,210,W,FR,,,,,,,,34.206998,-118.201441,ANGELES CREST HWY NB,19.78
2024-12-17 20:55:00,769998,210,W,FR,,,,,,,,34.19198,-118.181214,BERKSHIRE,21.39
2024-12-17 20:55:00,770131,210,W,FR,7.0,7.0,,,,,,34.234984,-118.290562,LA TUNA CANYON NB,14.18
2024-12-17 20:55:00,773132,210,W,FR,,,,,,,,34.152216,-118.146794,FAIR OAKS OFF,25.48
2024-12-17 20:55:00,776761,210,W,FR,51.0,2.0,49.0,,,,,34.176444,-118.162183,LINCOLN 1,22.982
2024-12-17 21:00:00,717623,210,W,FR,,,,,,,,34.164368,-118.158093,MOUNTAIN 1,23.9
2024-12-17 21:00:00,717636,210,W,FR,,,,,,,,34.152357,-118.123714,HILL,26.8
2024-12-17 21:00:00,717648,210,W,FR,12.0,2.0,4.0,6.0,,,,34.148074,-118.08377,SIERRA MADRE V1,29.17
2024-12-17 21:00:00,717652,210,W,FR,,,,,,,,34.148737,-118.071321,ROSEMEAD 1,29.879
2024-12-17 21:00:00,764346,210,W,FR,26.0,4.0,22.0,,,,,34.152648,-118.109062,ALLEN,27.64
2024-12-17 21:00:00,764349,210,W,FR,,,,,,,,34.152092,-118.143249,MARENGO,25.68
2024-12-17 21:00:00,768920,210,W,FR,,,,,,,,34.151995,-118.129451,LAKE 2 - OFF,26.47
2024-12-17 21:00:00,768927,210,W,FR,14.0,14.0,,,,,,34.152365,-118.092642,SAN GABRIEL OFF,28.58
2024-12-17 21:00:00,769300,210,W,FR,,,,,,,,34.152008,-118.153813,WB 210 TO ORANGE GRV,24.98
2024-12-17 21:00:00,769808,210,W,FR,,,,,,,,34.197068,-118.184827,FOOTHILL,20.98
2024-12-17 21:00:00,769869,210,W,FR,13.0,13.0,,,,,,34.218652,-118.239558,LA CRESCENTA,17.38
2024-12-17 21:00:00,769913,210,W,FR,34.0,34.0,,,,,,34.224897,-118.251344,PENNSYLVANIA,16.58
2024-12-17 21:00:00,769928,210,W,FR,19.0,19.0,,,,,,34.214462,-118.232443,OCEAN VIEW,17.88
2024-12-17 21:00:00,769955,210,W,FR,,,,,,,,34.206998,-118.201441,ANGELES CREST HWY NB,19.78
2024-12-17 21:00:00,769998,210,W,FR,,,,,,,,34.19198,-118.181214,BERKSHIRE,21.39
2024-12-17 21:00:00,770131,210,W,FR,8.0,8.0,,,,,,34.234984,-118.290562,LA TUNA CANYON NB,14.18
2024-12-17 21:00:00,773132,210,W,FR,,,,,,,,34.152216,-118.146794,FAIR OAKS OFF,25.48
2024-12-17 21:00:00,776761,210,W,FR,58.0,13.0,45.0,,,,,34.176444,-118.162183,LINCOLN 1,22.982
2024-12-17 21:05:00,717623,210,W,FR,,,,,,,,34.164368,-118.158093,MOUNTAIN 1,23.9
2024-12-17 21:05:00,717636,210,W,FR,,,,,,,,34.152357,-118.123714,HILL,26.8
2024-12-17 21:05:00,717648,210,W,FR,8.0,1.0,0.0,7.0,,,,34.148074,-118.08377,SIERRA MADRE V1,29.17
2024-12-17 21:05:00,717652,210,W,FR,,,,,,,,34.148737,-118.071321,ROSEMEAD 1,29.879
2024-12-17 21:05:00,764346,210,W,FR,14.0,2.0,12.0,,,,,34.152648,-118.109062,ALLEN,27.64
2024-12-17 21:05:00,764349,210,W,FR,,,,,,,,34.152092,-118.143249,MARENGO,25.68
2024-12-17 21:05:00,768920,210,W,FR,,,,,,,,34.151995,-118.129451,LAKE 2 - OFF,26.47
2024-12-17 21:05:00,768927,210,W,FR,16.0,16.0,,,,,,34.152365,-118.092642,SAN GABRIEL OFF,28.58
2024-12-17 21:05:00,769300,210,W,FR,,,,,,,,34.152008,-118.153813,WB 210 TO ORANGE GRV,24.98
2024-12-17 21:05:00,769808,210,W,FR,,,,,,,,34.197068,-118.184827,FOOTHILL,20.98
2024-12-17 21:05:00,769869,210,W,FR,8.0,8.0,,,,,,34.218652,-118.239558,LA CRESCENTA,17.38
2024-12-17 21:05:00,769913,210,W,FR,18.0,18.0,,,,,,34.224897,-118.251344,PENNSYLVANIA,16.58
2024-12-17 21:05:00,769928,210,W,FR,23.0,23.0,,,,,,34.214462,-118.232443,OCEAN VIEW,17.88
2024-12-17 21:05:00,769955,210,W,FR,,,,,,,,34.206998,-118.201441,ANGELES CREST HWY NB,19.78
2024-12-17 21:05:00,769998,210,W,FR,,,,,,,,34.19198,-118.181214,BERKSHIRE,21.39
2024-12-17 21:05:00,770131,210,W,FR,5.0,5.0,,,,,,34.234984,-118.290562,LA TUNA CANYON NB,14.18
2024-12-17 21:05:00,773132,210,W,FR,,,,,,,,34.152216,-118.146794,FAIR OAKS OFF,25.48
2024-12-17 21:05:00,776761,210,W,FR,54.0,15.0,39.0,,,,,34.176444,-118.162183,LINCOLN 1,22.982
2024-12-17 21:10:00,717623,210,W,FR,,,,,,,,34.164368,-118.158093,MOUNTAIN 1,23.9
2024-12-17 21:10:00,717636,210,W,FR,,,,,,,,34.152357,-118.123714,HILL,26.8
2024-12-17 21:10:00,717648,210,W,FR,10.0,1.0,3.0,6.0,,,,34.148074,-118.08377,SIERRA MADRE V1,29.17
2024-12-17 21:10:00,717652,210,W,FR,,,,,,,,34.148737,-118.071321,ROSEMEAD 1,29.879
2024-12-17 21:10:00,764346,210,W,FR,17.0,3.0,14.0,,,,,34.152648,-118.109062,ALLEN,27.64
2024-12-17 21:10:00,764349,210,W,FR,,,,,,,,34.152092,-118.143249,MARENGO,25.68
2024-12-17 21:10:00,768920,210,W,FR,,,,,,,,34.151995,-118.129451,LAKE 2 - OFF,26.47
2024-12-17 21:10:00,768927,210,W,FR,16.0,16.0,,,,,,34.152365,-118.092642,SAN GABRIEL OFF,28.58
2024-12-17 21:10:00,769300,210,W,FR,,,,,,,,34.152008,-118.153813,WB 210 TO ORANGE GRV,24.98
2024-12-17 21:10:00,769808,210,W,FR,,,,,,,,34.197068,-118.184827,FOOTHILL,20.98
2024-12-17 21:10:00,769869,210,W,FR,16.0,16.0,,,,,,34.218652,-118.239558,LA CRESCENTA,17.38
2024-12-17 21:10:00,769913,210,W,FR,37.0,37.0,,,,,,34.224897,-118.251344,PENNSYLVANIA,16.58
2024-12-17 21:10:00,769928,210,W,FR,17.0,17.0,,,,,,34.214462,-118.232443,OCEAN VIEW,17.88
2024-12-17 21:10:00,769955,210,W,FR,,,,,,,,34.206998,-118.201441,ANGELES CREST HWY NB,19.78
2024-12-17 21:10:00,769998,210,W,FR,,,,,,,,34.19198,-118.181214,BERKSHIRE,21.39
2024-12-17 21:10:00,770131,210,W,FR,11.0,11.0,,,,,,34.234984,-118.290562,LA TUNA CANYON NB,14.18
2024-12-17 21:10:00,773132,210,W,FR,,,,,,,,34.152216,-118.146794,FAIR OAKS OFF,25.48
2024-12-17 21:10:00,776761,210,W,FR,46.0,10.0,36.0,,,,,34.176444,-118.162183,LINCOLN 1,22.982
2024-12-17 21:15:00,717623,210,W,FR,,,,,,,,34.164368,-118.158093,MOUNTAIN 1,23.9
2024-12-17 21:15:00,717636,210,W,FR,,,,,,,,34.152357,-118.123714,HILL,26.8
2024-12-17 21:15:00,717648,210,W,FR,15.0,3.0,7.0,5.0,,,,34.148074,-118.08377,SIERRA MADRE V1,29.17
2024-12-17 21:15:00,717652,210,W,FR,,,,,,,,34.148737,-118.071321,ROSEMEAD 1,29.879
2024-12-17 21:15:00,764346,210,W,FR,22.0,3.0,19.0,,,,,34.152648,-118.109062,ALLEN,27.64
2024-12-17 21:15:00,764349,210,W,FR,,,,,,,,34.152092,-118.143249,MARENGO,25.68
2024-12-17 21:15:00,768920,210,W,FR,,,,,,,,34.151995,-118.129451,LAKE 2 - OFF,26.47
2024-12-17 21:15:00,768927,210,W,FR,16.0,16.0,,,,,,34.152365,-118.092642,SAN GABRIEL OFF,28.58
2024-12-17 21:15:00,769300,210,W,FR,,,,,,,,34.152008,-118.153813,WB 210 TO ORANGE GRV,24.98
2024-12-17 21:15:00,769808,210,W,FR,,,,,,,,34.197068,-118.184827,FOOTHILL,20.98
2024-12-17 21:15:00,769869,210,W,FR,19.0,19.0,,,,,,34.218652,-118.239558,LA CRESCENTA,17.38
2024-12-17 21:15:00,769913,210,W,FR,29.0,29.0,,,,,,34.224897,-118.251344,PENNSYLVANIA,16.58
2024-12-17 21:15:00,769928,210,W,FR,19.0,19.0,,,,,,34.214462,-118.232443,OCEAN VIEW,17.88
2024-12-17 21:15:00,769955,210,W,FR,,,,,,,,34.206998,-118.201441,ANGELES CREST HWY NB,19.78
2024-12-17 21:15:00,769998,210,W,FR,,,,,,,,34.19198,-118.181214,BERKSHIRE,21.39
2024-12-17 21:15:00,770131,210,W,FR,8.0,8.0,,,,,,34.234984,-118.290562,LA TUNA CANYON NB,14.18
2024-12-17 21:15:00,773132,210,W,FR,,,,,,,,34.152216,-118.146794,FAIR OAKS OFF,25.48
2024-12-17 21:15:00,776761,210,W,FR,27.0,0.0,27.0,,,,,34.176444,-118.162183,LINCOLN 1,22.982
2024-12-17 21:20:00,717623,210,W,FR,,,,,,,,34.164368,-118.158093,MOUNTAIN 1,23.9
2024-12-17 21:20:00,717636,210,W,FR,,,,,,,,34.152357,-118.123714,HILL,26.8
2024-12-17 21:20:00,717648,210,W,FR,16.0,4.0,6.0,6.0,,,,34.148074,-118.08377,SIERRA MADRE V1,29.17
2024-12-17 21:20:00,717652,210,W,FR,,,,,,,,34.148737,-118.071321,ROSEMEAD 1,29.879
2024-12-17 21:20:00,764346,210,W,FR,13.0,2.0,11.0,,,,,34.152648,-118.109062,ALLEN,27.64
2024-12-17 21:20:00,764349,210,W,FR,,,,,,,,34.152092,-118.143249,MARENGO,25.68
2024-12-17 21:20:00,768920,210,W,FR,,,,,,,,34.151995,-118.129451,LAKE 2 - OFF,26.47
2024-12-17 21:20:00,768927,210,W,FR,13.0,13.0,,,,,,34.152365,-118.092642,SAN GABRIEL OFF,28.58
2024-12-17 21:20:00,769300,210,W,FR,,,,,,,,34.152008,-118.153813,WB 210 TO ORANGE GRV,24.98
2024-12-17 21:20:00,769808,210,W,FR,,,,,,,,34.197068,-118.184827,FOOTHILL,20.98
2024-12-17 21:20:00,769869,210,W,FR,12.0,12.0,,,,,,34.218652,-118.239558,LA CRESCENTA,17.38
2024-12-17 21:20:00,769913,210,W,FR,41.0,41.0,,,,,,34.224897,-118.251344,PENNSYLVANIA,16.58
2024-12-17 21:20:00,769928,210,W,FR,27.0,27.0,,,,,,34.214462,-118.232443,OCEAN VIEW,17.88
2024-12-17 21:20:00,769955,210,W,FR,,,,,,,,34.206998,-118.201441,ANGELES CREST HWY NB,19.78
2024-12-17 21:20:00,769998,210,W,FR,,,,,,,,34.19198,-118.181214,BERKSHIRE,21.39
2024-12-17 21:20:00,770131,210,W,FR,12.0,12.0,,,,,,34.234984,-118.290562,LA TUNA CANYON NB,14.18
2024-12-17 21:20:00,773132,210,W,FR,,,,,,,,34.152216,-118.146794,FAIR OAKS OFF,25.48
2024-12-17 21:20:00,776761,210,W,FR,43.0,5.0,38.0,,,,,34.176444,-118.162183,LINCOLN 1,22.982
2024-12-17 21:25:00,717623,210,W,FR,,,,,,,,34.164368,-118.158093,MOUNTAIN 1,23.9
2024-12-17 21:25:00,717636,210,W,FR,,,,,,,,34.152357,-118.123714,HILL,26.8
2024-12-17 21:25:00,717648,210,W,FR,9.0,3.0,3.0,3.0,,,,34.148074,-118.08377,SIERRA MADRE V1,29.17
2024-12-17 21:25:00,717652,210,W,FR,,,,,,,,34.148737,-118.071321,ROSEMEAD 1,29.879
2024-12-17 21:25:00,764346,210,W,FR,13.0,2.0,11.0,,,,,34.152648,-118.109062,ALLEN,27.64
2024-12-17 21:25:00,764349,210,W,FR,,,,,,,,34.152092,-118.143249,MARENGO,25.68
2024-12-17 21:25:00,768920,210,W,FR,,,,,,,,34.151995,-118.129451,LAKE 2 - OFF,26.47
2024-12-17 21:25:00,768927,210,W,FR,10.0,10.0,,,,,,34.152365,-118.092642,SAN GABRIEL OFF,28.58
2024-12-17 21:25:00,769300,210,W,FR,,,,,,,,34.152008,-118.153813,WB 210 TO ORANGE GRV,24.98
2024-12-17 21:25:00,769808,210,W,FR,,,,,,,,34.197068,-118.184827,FOOTHILL,20.98
2024-12-17 21:25:00,769869,210,W,FR,11.0,11.0,,,,,,34.218652,-118.239558,LA CRESCENTA,17.38
2024-12-17 21:25:00,769913,210,W,FR,32.0,32.0,,,,,,34.224897,-118.251344,PENNSYLVANIA,16.58
2024-12-17 21:25:00,769928,210,W,FR,17.0,17.0,,,,,,34.214462,-118.232443,OCEAN VIEW,17.88
2024-12-17 21:25:00,769955,210,W,FR,,,,,,,,34.206998,-118.201441,ANGELES CREST HWY NB,19.78
2024-12-17 21:25:00,769998,210,W,FR,,,,,,,,34.19198,-118.181214,BERKSHIRE,21.39
2024-12-17 21:25:00,770131,210,W,FR,6.0,6.0,,,,,,34.234984,-118.290562,LA TUNA CANYON NB,14.18
2024-12-17 21:25:00,773132,210,W,FR,,,,,,,,34.152216,-118.146794,FAIR OAKS OFF,25.48
2024-12-17 21:25:00,776761,210,W,FR,47.0,0.0,47.0,,,,,34.176444,-118.162183,LINCOLN 1,22.982
2024-12-17 21:30:00,717623,210,W,FR,,,,,,,,34.164368,-118.158093,MOUNTAIN 1,23.9
2024-12-17 21:30:00,717636,210,W,FR,,,,,,,,34.152357,-118.123714,HILL,26.8
2024-12-17 21:30:00,717648,210,W,FR,18.0,3.0,7.0,8.0,,,,34.148074,-118.08377,SIERRA MADRE V1,29.17
2024-12-17 21:30:00,717652,210,W,FR,,,,,,,,34.148737,-118.071321,ROSEMEAD 1,29.879
2024-12-17 21:30:00,764346,210,W,FR,13.0,3.0,10.0,,,,,34.152648,-118.109062,ALLEN,27.64
2024-12-17 21:30:00,764349,210,W,FR,,,,,,,,34.152092,-118.143249,MARENGO,25.68
2024-12-17 21:30:00,768920,210,W,FR,,,,,,,,34.151995,-118.129451,LAKE 2 - OFF,26.47
2024-12-17 21:30:00,768927,210,W,FR,11.0,11.0,,,,,,34.152365,-118.092642,SAN GABRIEL OFF,28.58
2024-12-17 21:30:00,769300,210,W,FR,,,,,,,,34.152008,-118.153813,WB 210 TO ORANGE GRV,24.98
2024-12-17 21:30:00,769808,210,W,FR,,,,,,,,34.197068,-118.184827,FOOTHILL,20.98
2024-12-17 21:30:00,769869,210,W,FR,2.0,2.0,,,,,,34.218652,-118.239558,LA CRESCENTA,17.38
2024-12-17 21:30:00,769913,210,W,FR,34.0,34.0,,,,,,34.224897,-118.251344,PENNSYLVANIA,16.58
2024-12-17 21:30:00,769928,210,W,FR,20.0,20.0,,,,,,34.214462,-118.232443,OCEAN VIEW,17.88
2024-12-17 21:30:00,769955,210,W,FR,,,,,,,,34.206998,-118.201441,ANGELES CREST HWY NB,19.78
2024-12-17 21:30:00,769998,210,W,FR,,,,,,,,34.19198,-118.181214,BERKSHIRE,21.39
2024-12-17 21:30:00,770131,210,W,FR,6.0,6.0,,,,,,34.234984,-118.290562,LA TUNA CANYON NB,14.18
2024-12-17 21:30:00,773132,210,W,FR,,,,,,,,34.152216,-118.146794,FAIR OAKS OFF,25.48
2024-12-17 21:30:00,776761,210,W,FR,38.0,10.0,28.0,,,,,34.176444,-118.162183,LINCOLN 1,22.982
2024-12-17 21:35:00,717623,210,W,FR,,,,,,,,34.164368,-118.158093,MOUNTAIN 1,23.9
2024-12-17 21:35:00,717636,210,W,FR,,,,,,,,34.152357,-118.123714,HILL,26.8
2024-12-17 21:35:00,717648,210,W,FR,14.0,4.0,7.0,3.0,,,,34.148074,-118.08377,SIERRA MADRE V1,29.17
2024-12-17 21:35:00,717652,210,W,FR,,,,,,,,34.148737,-118.071321,ROSEMEAD 1,29.879
2024-12-17 21:35:00,764346,210,W,FR,15.0,4.0,11.0,,,,,34.152648,-118.109062,ALLEN,27.64
2024-12-17 21:35:00,764349,210,W,FR,,,,,,,,34.152092,-118.143249,MARENGO,25.68
2024-12-17 21:35:00,768920,210,W,FR,,,,,,,,34.151995,-118.129451,LAKE 2 - OFF,26.47
2024-12-17 21:35:00,768927,210,W,FR,13.0,13.0,,,,,,34.152365,-118.092642,SAN GABRIEL OFF,28.58
2024-12-17 21:35:00,769300,210,W,FR,,,,,,,,34.152008,-118.153813,WB 210 TO ORANGE GRV,24.98
2024-12-17 21:35:00,769808,210,W,FR,,,,,,,,34.197068,-118.184827,FOOTHILL,20.98
2024-12-17 21:35:00,769869,210,W,FR,12.0,12.0,,,,,,34.218652,-118.239558,LA CRESCENTA,17.38
2024-12-17 21:35:00,769913,210,W,FR,25.0,25.0,,,,,,34.224897,-118.251344,PENNSYLVANIA,16.58
2024-12-17 21:35:00,769928,210,W,FR,12.0,12.0,,,,,,34.214462,-118.232443,OCEAN VIEW,17.88
2024-12-17 21:35:00,769955,210,W,FR,,,,,,,,34.206998,-118.201441,ANGELES CREST HWY NB,19.78
2024-12-17 21:35:00,769998,210,W,FR,,,,,,,,34.19198,-118.181214,BERKSHIRE,21.39
2024-12-17 21:35:00,770131,210,W,FR,7.0,7.0,,,,,,34.234984,-118.290562,LA TUNA CANYON NB,14.18
2024-12-17 21:35:00,773132,210,W,FR,,,,,,,,34.152216,-118.146794,FAIR OAKS OFF,25.48
2024-12-17 21:35:00,776761,210,W,FR,19.0,0.0,19.0,,,,,34.176444,-118.162183,LINCOLN 1,22.982
2024-12-17 21:40:00,717623,210,W,FR,,,,,,,,34.164368,-118.158093,MOUNTAIN 1,23.9
2024-12-17 21:40:00,717636,210,W,FR,,,,,,,,34.152357,-118.123714,HILL,26.8
2024-12-17 21:40:00,717648,210,W,FR,16.0,1.0,6.0,9.0,,,,34.148074,-118.08377,SIERRA MADRE V1,29.17
2024-12-17 21:40:00,717652,210,W,FR,,,,,,,,34.148737,-118.071321,ROSEMEAD 1,29.879
2024-12-17 21:40:00,764346,210,W,FR,16.0,2.0,14.0,,,,,34.152648,-118.109062,ALLEN,27.64
2024-12-17 21:40:00,764349,210,W,FR,,,,,,,,34.152092,-118.143249,MARENGO,25.68
2024-12-17 21:40:00,768920,210,W,FR,,,,,,,,34.151995,-118.129451,LAKE 2 - OFF,26.47
2024-12-17 21:40:00,768927,210,W,FR,21.0,21.0,,,,,,34.152365,-118.092642,SAN GABRIEL OFF,28.58
2024-12-17 21:40:00,769300,210,W,FR,,,,,,,,34.152008,-118.153813,WB 210 TO ORANGE GRV,24.98
2024-12-17 21:40:00,769808,210,W,FR,,,,,,,,34.197068,-118.184827,FOOTHILL,20.98
2024-12-17 21:40:00,769869,210,W,FR,9.0,9.0,,,,,,34.218652,-118.239558,LA CRESCENTA,17.38
2024-12-17 21:40:00,769913,210,W,FR,20.0,20.0,,,,,,34.224897,-118.251344,PENNSYLVANIA,16.58
2024-12-17 21:40:00,769928,210,W,FR,21.0,21.0,,,,,,34.214462,-118.232443,OCEAN VIEW,17.88
2024-12-17 21:40:00,769955,210,W,FR,,,,,,,,34.206998,-118.201441,ANGELES CREST HWY NB,19.78
2024-12-17 21:40:00,769998,210,W,FR,,,,,,,,34.19198,-118.181214,BERKSHIRE,21.39
2024-12-17 21:40:00,770131,210,W,FR,2.0,2.0,,,,,,34.234984,-118.290562,LA TUNA CANYON NB,14.18
2024-12-17 21:40:00,773132,210,W,FR,,,,,,,,34.152216,-118.146794,FAIR OAKS OFF,25.48
2024-12-17 21:40:00,776761,210,W,FR,37.0,6.0,31.0,,,,,34.176444,-118.162183,LINCOLN 1,22.982
2024-12-17 21:45:00,717623,210,W,FR,,,,,,,,34.164368,-118.158093,MOUNTAIN 1,23.9
2024-12-17 21:45:00,717636,210,W,FR,,,,,,,,34.152357,-118.123714,HILL,26.8
2024-12-17 21:45:00,717648,210,W,FR,5.0,1.0,1.0,3.0,,,,34.148074,-118.08377,SIERRA MADRE V1,29.17
2024-12-17 21:45:00,717652,210,W,FR,,,,,,,,34.148737,-118.071321,ROSEMEAD 1,29.879
2024-12-17 21:45:00,764346,210,W,FR,10.0,3.0,7.0,,,,,34.152648,-118.109062,ALLEN,27.64
2024-12-17 21:45:00,764349,210,W,FR,,,,,,,,34.152092,-118.143249,MARENGO,25.68
2024-12-17 21:45:00,768920,210,W,FR,,,,,,,,34.151995,-118.129451,LAKE 2 - OFF,26.47
2024-12-17 21:45:00,768927,210,W,FR,7.0,7.0,,,,,,34.152365,-118.092642,SAN GABRIEL OFF,28.58
2024-12-17 21:45:00,769300,210,W,FR,,,,,,,,34.152008,-118.153813,WB 210 TO ORANGE GRV,24.98
2024-12-17 21:45:00,769808,210,W,FR,,,,,,,,34.197068,-118.184827,FOOTHILL,20.98
2024-12-17 21:45:00,769869,210,W,FR,12.0,12.0,,,,,,34.218652,-118.239558,LA CRESCENTA,17.38
2024-12-17 21:45:00,769913,210,W,FR,25.0,25.0,,,,,,34.224897,-118.251344,PENNSYLVANIA,16.58
2024-12-17 21:45:00,769928,210,W,FR,21.0,21.0,,,,,,34.214462,-118.232443,OCEAN VIEW,17.88
2024-12-17 21:45:00,769955,210,W,FR,,,,,,,,34.206998,-118.201441,ANGELES CREST HWY NB,19.78
2024-12-17 21:45:00,769998,210,W,FR,,,,,,,,34.19198,-118.181214,BERKSHIRE,21.39
2024-12-17 21:45:00,770131,210,W,FR,5.0,5.0,,,,,,34.234984,-118.290562,LA TUNA CANYON NB,14.18
2024-12-17 21:45:00,773132,210,W,FR,,,,,,,,34.152216,-118.146794,FAIR OAKS OFF,25.48
2024-12-17 21:45:00,776761,210,W,FR,43.0,18.0,25.0,,,,,34.176444,-118.162183,LINCOLN 1,22.982
2024-12-17 21:50:00,717623,210,W,FR,,,,,,,,34.164368,-118.158093,MOUNTAIN 1,23.9
2024-12-17 21:50:00,717636,210,W,FR,,,,,,,,34.152357,-118.123714,HILL,26.8
2024-12-17 21:50:00,717648,210,W,FR,7.0,1.0,1.0,5.0,,,,34.148074,-118.08377,SIERRA MADRE V1,29.17
2024-12-17 21:50:00,717652,210,W,FR,,,,,,,,34.148737,-118.071321,ROSEMEAD 1,29.879
2024-12-17 21:50:00,764346,210,W,FR,15.0,2.0,13.0,,,,,34.152648,-118.109062,ALLEN,27.64
2024-12-17 21:50:00,764349,210,W,FR,,,,,,,,34.152092,-118.143249,MARENGO,25.68
2024-12-17 21:50:00,768920,210,W,FR,,,,,,,,34.151995,-118.129451,LAKE 2 - OFF,26.47
2024-12-17 21:50:00,768927,210,W,FR,13.0,13.0,,,,,,34.152365,-118.092642,SAN GABRIEL OFF,28.58
2024-12-17 21:50:00,769300,210,W,FR,,,,,,,,34.152008,-118.153813,WB 210 TO ORANGE GRV,24.98
2024-12-17 21:50:00,769808,210,W,FR,,,,,,,,34.197068,-118.184827,FOOTHILL,20.98
2024-12-17 21:50:00,769869,210,W,FR,10.0,10.0,,,,,,34.218652,-118.239558,LA CRESCENTA,17.38
2024-12-17 21:50:00,769913,210,W,FR,21.0,21.0,,,,,,34.224897,-118.251344,PENNSYLVANIA,16.58
2024-12-17 21:50:00,769928,210,W,FR,25.0,25.0,,,,,,34.214462,-118.232443,OCEAN VIEW,17.88
2024-12-17 21:50:00,769955,210,W,FR,,,,,,,,34.206998,-118.201441,ANGELES CREST HWY NB,19.78
2024-12-17 21:50:00,769998,210,W,FR,,,,,,,,34.19198,-118.181214,BERKSHIRE,21.39
2024-12-17 21:50:00,770131,210,W,FR,4.0,4.0,,,,,,34.234984,-118.290562,LA TUNA CANYON NB,14.18
2024-12-17 21:50:00,773132,210,W,FR,,,,,,,,34.152216,-118.146794,FAIR OAKS OFF,25.48
2024-12-17 21:50:00,776761,210,W,FR,14.0,2.0,12.0,,,,,34.176444,-118.162183,LINCOLN 1,22.982
2024-12-17 21:55:00,717623,210,W,FR,,,,,,,,34.164368,-118.158093,MOUNTAIN 1,23.9
2024-12-17 21:55:00,717636,210,W,FR,,,,,,,,34.152357,-118.123714,HILL,26.8
2024-12-17 21:55:00,717648,210,W,FR,11.0,4.0,3.0,4.0,,,,34.148074,-118.08377,SIERRA MADRE V1,29.17
2024-12-17 21:55:00,717652,210,W,FR,,,,,,,,34.148737,-118.071321,ROSEMEAD 1,29.879
2024-12-17 21:55:00,764346,210,W,FR,17.0,3.0,14.0,,,,,34.152648,-118.109062,ALLEN,27.64
2024-12-17 21:55:00,764349,210,W,FR,,,,,,,,34.152092,-118.143249,MARENGO,25.68
2024-12-17 21:55:00,768920,210,W,FR,,,,,,,,34.151995,-118.129451,LAKE 2 - OFF,26.47
2024-12-17 21:55:00,768927,210,W,FR,15.0,15.0,,,,,,34.152365,-118.092642,SAN GABRIEL OFF,28.58
2024-12-17 21:55:00,769300,210,W,FR,,,,,,,,34.152008,-118.153813,WB 210 TO ORANGE GRV,24.98
2024-12-17 21:55:00,769808,210,W,FR,,,,,,,,34.197068,-118.184827,FOOTHILL,20.98
2024-12-17 21:55:00,769869,210,W,FR,9.0,9.0,,,,,,34.218652,-118.239558,LA CRESCENTA,17.38
2024-12-17 21:55:00,769913,210,W,FR,32.0,32.0,,,,,,34.224897,-118.251344,PENNSYLVANIA,16.58
2024-12-17 21:55:00,769928,210,W,FR,15.0,15.0,,,,,,34.214462,-118.232443,OCEAN VIEW,17.88
2024-12-17 21:55:00,769955,210,W,FR,,,,,,,,34.206998,-118.201441,ANGELES CREST HWY NB,19.78
2024-12-17 21:55:00,769998,210,W,FR,,,,,,,,34.19198,-118.181214,BERKSHIRE,21.39
2024-12-17 21:55:00,770131,210,W,FR,4.0,4.0,,,,,,34.234984,-118.290562,LA TUNA CANYON NB,14.18
2024-12-17 21:55:00,773132,210,W,FR,,,,,,,,34.152216,-118.146794,FAIR OAKS OFF,25.48
2024-12-17 21:55:00,776761,210,W,FR,35.0,2.0,33.0,,,,,34.176444,-118.162183,LINCOLN 1,22.982
2024-12-17 22:00:00,717623,210,W,FR,,,,,,,,34.164368,-118.158093,MOUNTAIN 1,23.9
2024-12-17 22:00:00,717636,210,W,FR,,,,,,,,34.152357,-118.123714,HILL,26.8
2024-12-17 22:00:00,717648,210,W,FR,8.0,1.0,3.0,4.0,,,,34.148074,-118.08377,SIERRA MADRE V1,29.17
2024-12-17 22:00:00,717652,210,W,FR,,,,,,,,34.148737,-118.071321,ROSEMEAD 1,29.879
2024-12-17 22:00:00,764346,210,W,FR,17.0,3.0,14.0,,,,,34.152648,-118.109062,ALLEN,27.64
2024-12-17 22:00:00,764349,210,W,FR,,,,,,,,34.152092,-118.143249,MARENGO,25.68
2024-12-17 22:00:00,768920,210,W,FR,,,,,,,,34.151995,-118.129451,LAKE 2 - OFF,26.47
2024-12-17 22:00:00,768927,210,W,FR,13.0,13.0,,,,,,34.152365,-118.092642,SAN GABRIEL OFF,28.58
2024-12-17 22:00:00,769300,210,W,FR,,,,,,,,34.152008,-118.153813,WB 210 TO ORANGE GRV,24.98
2024-12-17 22:00:00,769808,210,W,FR,,,,,,,,34.197068,-118.184827,FOOTHILL,20.98
2024-12-17 22:00:00,769869,210,W,FR,9.0,9.0,,,,,,34.218652,-118.239558,LA CRESCENTA,17.38
2024-12-17 22:00:00,769913,210,W,FR,33.0,33.0,,,,,,34.224897,-118.251344,PENNSYLVANIA,16.58
2024-12-17 22:00:00,769928,210,W,FR,18.0,18.0,,,,,,34.214462,-118.232443,OCEAN VIEW,17.88
2024-12-17 22:00:00,769955,210,W,FR,,,,,,,,34.206998,-118.201441,ANGELES CREST HWY NB,19.78
2024-12-17 22:00:00,769998,210,W,FR,,,,,,,,34.19198,-118.181214,BERKSHIRE,21.39
2024-12-17 22:00:00,770131,210,W,FR,5.0,5.0,,,,,,34.234984,-118.290562,LA TUNA CANYON NB,14.18
2024-12-17 22:00:00,773132,210,W,FR,,,,,,,,34.152216,-118.146794,FAIR OAKS OFF,25.48
2024-12-17 22:00:00,776761,210,W,FR,23.0,2.0,21.0,,,,,34.176444,-118.162183,LINCOLN 1,22.982
2024-12-17 22:05:00,717623,210,W,FR,,,,,,,,34.164368,-118.158093,MOUNTAIN 1,23.9
2024-12-17 22:05:00,717636,210,W,FR,,,,,,,,34.152357,-118.123714,HILL,26.8
2024-12-17 22:05:00,717648,210,W,FR,15.0,3.0,5.0,7.0,,,,34.148074,-118.08377,SIERRA MADRE V1,29.17
2024-12-17 22:05:00,717652,210,W,FR,,,,,,,,34.148737,-118.071321,ROSEMEAD 1,29.879
2024-12-17 22:05:00,764346,210,W,FR,17.0,2.0,15.0,,,,,34.152648,-118.109062,ALLEN,27.64
2024-12-17 22:05:00,764349,210,W,FR,,,,,,,,34.152092,-118.143249,MARENGO,25.68
2024-12-17 22:05:00,768920,210,W,FR,,,,,,,,34.151995,-118.129451,LAKE 2 - OFF,26.47
2024-12-17 22:05:00,768927,210,W,FR,17.0,17.0,,,,,,34.152365,-118.092642,SAN GABRIEL OFF,28.58
2024-12-17 22:05:00,769300,210,W,FR,,,,,,,,34.152008,-118.153813,WB 210 TO ORANGE GRV,24.98
2024-12-17 22:05:00,769808,210,W,FR,,,,,,,,34.197068,-118.184827,FOOTHILL,20.98
2024-12-17 22:05:00,769869,210,W,FR,13.0,13.0,,,,,,34.218652,-118.239558,LA CRESCENTA,17.38
2024-12-17 22:05:00,769913,210,W,FR,29.0,29.0,,,,,,34.224897,-118.251344,PENNSYLVANIA,16.58
2024-12-17 22:05:00,769928,210,W,FR,16.0,16.0,,,,,,34.214462,-118.232443,OCEAN VIEW,17.88
2024-12-17 22:05:00,769955,210,W,FR,,,,,,,,34.206998,-118.201441,ANGELES CREST HWY NB,19.78
2024-12-17 22:05:00,769998,210,W,FR,,,,,,,,34.19198,-118.181214,BERKSHIRE,21.39
2024-12-17 22:05:00,770131,210,W,FR,3.0,3.0,,,,,,34.234984,-118.290562,LA TUNA CANYON NB,14.18
2024-12-17 22:05:00,773132,210,W,FR,,,,,,,,34.152216,-118.146794,FAIR OAKS OFF,25.48
2024-12-17 22:05:00,776761,210,W,FR,36.0,2.0,34.0,,,,,34.176444,-118.162183,LINCOLN 1,22.982
2024-12-17 22:10:00,717623,210,W,FR,,,,,,,,34.164368,-118.158093,MOUNTAIN 1,23.9
2024-12-17 22:10:00,717636,210,W,FR,,,,,,,,34.152357,-118.123714,HILL,26.8
2024-12-17 22:10:00,717648,210,W,FR,6.0,2.0,2.0,2.0,,,,34.148074,-118.08377,SIERRA MADRE V1,29.17
2024-12-17 22:10:00,717652,210,W,FR,,,,,,,,34.148737,-118.071321,ROSEMEAD 1,29.879
2024-12-17 22:10:00,764346,210,W,FR,13.0,6.0,7.0,,,,,34.152648,-118.109062,ALLEN,27.64
2024-12-17 22:10:00,764349,210,W,FR,,,,,,,,34.152092,-118.143249,MARENGO,25.68
2024-12-17 22:10:00,768920,210,W,FR,,,,,,,,34.151995,-118.129451,LAKE 2 - OFF,26.47
2024-12-17 22:10:00,768927,210,W,FR,5.0,5.0,,,,,,34.152365,-118.092642,SAN GABRIEL OFF,28.58
2024-12-17 22:10:00,769300,210,W,FR,,,,,,,,34.152008,-118.153813,WB 210 TO ORANGE GRV,24.98
2024-12-17 22:10:00,769808,210,W,FR,,,,,,,,34.197068,-118.184827,FOOTHILL,20.98
2024-12-17 22:10:00,769869,210,W,FR,15.0,15.0,,,,,,34.218652,-118.239558,LA CRESCENTA,17.38
2024-12-17 22:10:00,769913,210,W,FR,16.0,16.0,,,,,,34.224897,-118.251344,PENNSYLVANIA,16.58
2024-12-17 22:10:00,769928,210,W,FR,10.0,10.0,,,,,,34.214462,-118.232443,OCEAN VIEW,17.88
2024-12-17 22:10:00,769955,210,W,FR,,,,,,,,34.206998,-118.201441,ANGELES CREST HWY NB,19.78
2024-12-17 22:10:00,769998,210,W,FR,,,,,,,,34.19198,-118.181214,BERKSHIRE,21.39
2024-12-17 22:10:00,770131,210,W,FR,5.0,5.0,,,,,,34.234984,-118.290562,LA TUNA CANYON NB,14.18
2024-12-17 22:10:00,773132,210,W,FR,,,,,,,,34.152216,-118.146794,FAIR OAKS OFF,25.48
2024-12-17 22:10:00,776761,210,W,FR,34.0,1.0,33.0,,,,,34.176444,-118.162183,LINCOLN 1,22.982
2024-12-17 22:15:00,717623,210,W,FR,,,,,,,,34.164368,-118.158093,MOUNTAIN 1,23.9
2024-12-17 22:15:00,717636,210,W,FR,,,,,,,,34.152357,-118.123714,HILL,26.8
2024-12-17 22:15:00,717648,210,W,FR,9.0,2.0,3.0,4.0,,,,34.148074,-118.08377,SIERRA MADRE V1,29.17
2024-12-17 22:15:00,717652,210,W,FR,,,,,,,,34.148737,-118.071321,ROSEMEAD 1,29.879
2024-12-17 22:15:00,764346,210,W,FR,9.0,2.0,7.0,,,,,34.152648,-118.109062,ALLEN,27.64
2024-12-17 22:15:00,764349,210,W,FR,,,,,,,,34.152092,-118.143249,MARENGO,25.68
2024-12-17 22:15:00,768920,210,W,FR,,,,,,,,34.151995,-118.129451,LAKE 2 - OFF,26.47
2024-12-17 22:15:00,768927,210,W,FR,11.0,11.0,,,,,,34.152365,-118.092642,SAN GABRIEL OFF,28.58
2024-12-17 22:15:00,769300,210,W,FR,,,,,,,,34.152008,-118.153813,WB 210 TO ORANGE GRV,24.98
2024-12-17 22:15:00,769808,210,W,FR,,,,,,,,34.197068,-118.184827,FOOTHILL,20.98
2024-12-17 22:15:00,769869,210,W,FR,13.0,13.0,,,,,,34.218652,-118.239558,LA CRESCENTA,17.38
2024-12-17 22:15:00,769913,210,W,FR,17.0,17.0,,,,,,34.224897,-118.251344,PENNSYLVANIA,16.58
2024-12-17 22:15:00,769928,210,W,FR,11.0,11.0,,,,,,34.214462,-118.232443,OCEAN VIEW,17.88
2024-12-17 22:15:00,769955,210,W,FR,,,,,,,,34.206998,-118.201441,ANGELES CREST HWY NB,19.78
2024-12-17 22:15:00,769998,210,W,FR,,,,,,,,34.19198,-118.181214,BERKSHIRE,21.39
2024-12-17 22:15:00,770131,210,W,FR,3.0,3.0,,,,,,34.234984,-118.290562,LA TUNA CANYON NB,14.18
2024-12-17 22:15:00,773132,210,W,FR,,,,,,,,34.152216,-118.146794,FAIR OAKS OFF,25.48
2024-12-17 22:15:00,776761,210,W,FR,33.0,8.0,25.0,,,,,34.176444,-118.162183,LINCOLN 1,22.982
2024-12-17 22:20:00,717623,210,W,FR,,,,,,,,34.164368,-118.158093,MOUNTAIN 1,23.9
2024-12-17 22:20:00,717636,210,W,FR,,,,,,,,34.152357,-118.123714,HILL,26.8
2024-12-17 22:20:00,717648,210,W,FR,6.0,2.0,2.0,2.0,,,,34.148074,-118.08377,SIERRA MADRE V1,29.17
2024-12-17 22:20:00,717652,210,W,FR,,,,,,,,34.148737,-118.071321,ROSEMEAD 1,29.879
2024-12-17 22:20:00,764346,210,W,FR,3.0,0.0,3.0,,,,,34.152648,-118.109062,ALLEN,27.64
2024-12-17 22:20:00,764349,210,W,FR,,,,,,,,34.152092,-118.143249,MARENGO,25.68
2024-12-17 22:20:00,768920,210,W,FR,,,,,,,,34.151995,-118.129451,LAKE 2 - OFF,26.47
2024-12-17 22:20:00,768927,210,W,FR,9.0,9.0,,,,,,34.152365,-118.092642,SAN GABRIEL OFF,28.58
2024-12-17 22:20:00,769300,210,W,FR,,,,,,,,34.152008,-118.153813,WB 210 TO ORANGE GRV,24.98
2024-12-17 22:20:00,769808,210,W,FR,,,,,,,,34.197068,-118.184827,FOOTHILL,20.98
2024-12-17 22:20:00,769869,210,W,FR,3.0,3.0,,,,,,34.218652,-118.239558,LA CRESCENTA,17.38
2024-12-17 22:20:00,769913,210,W,FR,18.0,18.0,,,,,,34.224897,-118.251344,PENNSYLVANIA,16.58
2024-12-17 22:20:00,769928,210,W,FR,11.0,11.0,,,,,,34.214462,-118.232443,OCEAN VIEW,17.88
2024-12-17 22:20:00,769955,210,W,FR,,,,,,,,34.206998,-118.201441,ANGELES CREST HWY NB,19.78
2024-12-17 22:20:00,769998,210,W,FR,,,,,,,,34.19198,-118.181214,BERKSHIRE,21.39
2024-12-17 22:20:00,770131,210,W,FR,2.0,2.0,,,,,,34.234984,-118.290562,LA TUNA CANYON NB,14.18
2024-12-17 22:20:00,773132,210,W,FR,,,,,,,,34.152216,-118.146794,FAIR OAKS OFF,25.48
2024-12-17 22:20:00,776761,210,W,FR,44.0,9.0,35.0,,,,,34.176444,-118.162183,LINCOLN 1,22.982
2024-12-17 22:25:00,717623,210,W,FR,,,,,,,,34.164368,-118.158093,MOUNTAIN 1,23.9
2024-12-17 22:25:00,717636,210,W,FR,,,,,,,,34.152357,-118.123714,HILL,26.8
2024-12-17 22:25:00,717648,210,W,FR,6.0,3.0,1.0,2.0,,,,34.148074,-118.08377,SIERRA MADRE V1,29.17
2024-12-17 22:25:00,717652,210,W,FR,,,,,,,,34.148737,-118.071321,ROSEMEAD 1,29.879
2024-12-17 22:25:00,764346,210,W,FR,11.0,3.0,8.0,,,,,34.152648,-118.109062,ALLEN,27.64
2024-12-17 22:25:00,764349,210,W,FR,,,,,,,,34.152092,-118.143249,MARENGO,25.68
2024-12-17 22:25:00,768920,210,W,FR,,,,,,,,34.151995,-118.129451,LAKE 2 - OFF,26.47
2024-12-17 22:25:00,768927,210,W,FR,12.0,12.0,,,,,,34.152365,-118.092642,SAN GABRIEL OFF,28.58
2024-12-17 22:25:00,769300,210,W,FR,,,,,,,,34.152008,-118.153813,WB 210 TO ORANGE GRV,24.98
2024-12-17 22:25:00,769808,210,W,FR,,,,,,,,34.197068,-118.184827,FOOTHILL,20.98
2024-12-17 22:25:00,769869,210,W,FR,7.0,7.0,,,,,,34.218652,-118.239558,LA CRESCENTA,17.38
2024-12-17 22:25:00,769913,210,W,FR,20.0,20.0,,,,,,34.224897,-118.251344,PENNSYLVANIA,16.58
2024-12-17 22:25:00,769928,210,W,FR,18.0,18.0,,,,,,34.214462,-118.232443,OCEAN VIEW,17.88
2024-12-17 22:25:00,769955,210,W,FR,,,,,,,,34.206998,-118.201441,ANGELES CREST HWY NB,19.78
2024-12-17 22:25:00,769998,210,W,FR,,,,,,,,34.19198,-118.181214,BERKSHIRE,21.39
2024-12-17 22:25:00,770131,210,W,FR,7.0,7.0,,,,,,34.234984,-118.290562,LA TUNA CANYON NB,14.18
2024-12-17 22:25:00,773132,210,W,FR,,,,,,,,34.152216,-118.146794,FAIR OAKS OFF,25.48
2024-12-17 22:25:00,776761,210,W,FR,23.0,2.0,21.0,,,,,34.176444,-118.162183,LINCOLN 1,22.982
2024-12-17 22:30:00,717623,210,W,FR,,,,,,,,34.164368,-118.158093,MOUNTAIN 1,23.9
2024-12-17 22:30:00,717636,210,W,FR,,,,,,,,34.152357,-118.123714,HILL,26.8
2024-12-17 22:30:00,717648,210,W,FR,10.0,2.0,6.0,2.0,,,,34.148074,-118.08377,SIERRA MADRE V1,29.17
2024-12-17 22:30:00,717652,210,W,FR,,,,,,,,34.148737,-118.071321,ROSEMEAD 1,29.879
2024-12-17 22:30:00,764346,210,W,FR,11.0,0.0,11.0,,,,,34.152648,-118.109062,ALLEN,27.64
2024-12-17 22:30:00,764349,210,W,FR,,,,,,,,34.152092,-118.143249,MARENGO,25.68
2024-12-17 22:30:00,768920,210,W,FR,,,,,,,,34.151995,-118.129451,LAKE 2 - OFF,26.47
2024-12-17 22:30:00,768927,210,W,FR,10.0,10.0,,,,,,34.152365,-118.092642,SAN GABRIEL OFF,28.58
2024-12-17 22:30:00,769300,210,W,FR,,,,,,,,34.152008,-118.153813,WB 210 TO ORANGE GRV,24.98
2024-12-17 22:30:00,769808,210,W,FR,,,,,,,,34.197068,-118.184827,FOOTHILL,20.98
2024-12-17 22:30:00,769869,210,W,FR,10.0,10.0,,,,,,34.218652,-118.239558,LA CRESCENTA,17.38
2024-12-17 22:30:00,769913,210,W,FR,17.0,17.0,,,,,,34.224897,-118.251344,PENNSYLVANIA,16.58
2024-12-17 22:30:00,769928,210,W,FR,10.0,10.0,,,,,,34.214462,-118.232443,OCEAN VIEW,17.88
2024-12-17 22:30:00,769955,210,W,FR,,,,,,,,34.206998,-118.201441,ANGELES CREST HWY NB,19.78
2024-12-17 22:30:00,769998,210,W,FR,,,,,,,,34.19198,-118.181214,BERKSHIRE,21.39
2024-12-17 22:30:00,770131,210,W,FR,4.0,4.0,,,,,,34.234984,-118.290562,LA TUNA CANYON NB,14.18
2024-12-17 22:30:00,773132,210,W,FR,,,,,,,,34.152216,-118.146794,FAIR OAKS OFF,25.48
2024-12-17 22:30:00,776761,210,W,FR,23.0,7.0,16.0,,,,,34.176444,-118.162183,LINCOLN 1,22.982
2024-12-17 22:35:00,717623,210,W,FR,,,,,,,,34.164368,-118.158093,MOUNTAIN 1,23.9
2024-12-17 22:35:00,717636,210,W,FR,,,,,,,,34.152357,-118.123714,HILL,26.8
2024-12-17 22:35:00,717648,210,W,FR,1.0,0.0,0.0,1.0,,,,34.148074,-118.08377,SIERRA MADRE V1,29.17
2024-12-17 22:35:00,717652,210,W,FR,,,,,,,,34.148737,-118.071321,ROSEMEAD 1,29.879
2024-12-17 22:35:00,764346,210,W,FR,4.0,1.0,3.0,,,,,34.152648,-118.109062,ALLEN,27.64
2024-12-17 22:35:00,764349,210,W,FR,,,,,,,,34.152092,-118.143249,MARENGO,25.68
2024-12-17 22:35:00,768920,210,W,FR,,,,,,,,34.151995,-118.129451,LAKE 2 - OFF,26.47
2024-12-17 22:35:00,768927,210,W,FR,11.0,11.0,,,,,,34.152365,-118.092642,SAN GABRIEL OFF,28.58
2024-12-17 22:35:00,769300,210,W,FR,,,,,,,,34.152008,-118.153813,WB 210 TO ORANGE GRV,24.98
2024-12-17 22:35:00,769808,210,W,FR,,,,,,,,34.197068,-118.184827,FOOTHILL,20.98
2024-12-17 22:35:00,769869,210,W,FR,7.0,7.0,,,,,,34.218652,-118.239558,LA CRESCENTA,17.38
2024-12-17 22:35:00,769913,210,W,FR,22.0,22.0,,,,,,34.224897,-118.251344,PENNSYLVANIA,16.58
2024-12-17 22:35:00,769928,210,W,FR,7.0,7.0,,,,,,34.214462,-118.232443,OCEAN VIEW,17.88
2024-12-17 22:35:00,769955,210,W,FR,,,,,,,,34.206998,-118.201441,ANGELES CREST HWY NB,19.78
2024-12-17 22:35:00,769998,210,W,FR,,,,,,,,34.19198,-118.181214,BERKSHIRE,21.39
2024-12-17 22:35:00,770131,210,W,FR,0.0,0.0,,,,,,34.234984,-118.290562,LA TUNA CANYON NB,14.18
2024-12-17 22:35:00,773132,210,W,FR,,,,,,,,34.152216,-118.146794,FAIR OAKS OFF,25.48
2024-12-17 22:35:00,776761,210,W,FR,27.0,0.0,27.0,,,,,34.176444,-118.162183,LINCOLN 1,22.982
2024-12-17 22:40:00,717623,210,W,FR,,,,,,,,34.164368,-118.158093,MOUNTAIN 1,23.9
2024-12-17 22:40:00,717636,210,W,FR,,,,,,,,34.152357,-118.123714,HILL,26.8
2024-12-17 22:40:00,717648,210,W,FR,4.0,2.0,1.0,1.0,,,,34.148074,-118.08377,SIERRA MADRE V1,29.17
2024-12-17 22:40:00,717652,210,W,FR,,,,,,,,34.148737,-118.071321,ROSEMEAD 1,29.879
2024-12-17 22:40:00,764346,210,W,FR,7.0,4.0,3.0,,,,,34.152648,-118.109062,ALLEN,27.64
2024-12-17 22:40:00,764349,210,W,FR,,,,,,,,34.152092,-118.143249,MARENGO,25.68
2024-12-17 22:40:00,768920,210,W,FR,,,,,,,,34.151995,-118.129451,LAKE 2 - OFF,26.47
2024-12-17 22:40:00,768927,210,W,FR,9.0,9.0,,,,,,34.152365,-118.092642,SAN GABRIEL OFF,28.58
2024-12-17 22:40:00,769300,210,W,FR,,,,,,,,34.152008,-118.153813,WB 210 TO ORANGE GRV,24.98
2024-12-17 22:40:00,769808,210,W,FR,,,,,,,,34.197068,-118.184827,FOOTHILL,20.98
2024-12-17 22:40:00,769869,210,W,FR,9.0,9.0,,,,,,34.218652,-118.239558,LA CRESCENTA,17.38
2024-12-17 22:40:00,769913,210,W,FR,12.0,12.0,,,,,,34.224897,-118.251344,PENNSYLVANIA,16.58
2024-12-17 22:40:00,769928,210,W,FR,4.0,4.0,,,,,,34.214462,-118.232443,OCEAN VIEW,17.88
2024-12-17 22:40:00,769955,210,W,FR,,,,,,,,34.206998,-118.201441,ANGELES CREST HWY NB,19.78
2024-12-17 22:40:00,769998,210,W,FR,,,,,,,,34.19198,-118.181214,BERKSHIRE,21.39
2024-12-17 22:40:00,770131,210,W,FR,5.0,5.0,,,,,,34.234984,-118.290562,LA TUNA CANYON NB,14.18
2024-12-17 22:40:00,773132,210,W,FR,,,,,,,,34.152216,-118.146794,FAIR OAKS OFF,25.48
2024-12-17 22:40:00,776761,210,W,FR,33.0,7.0,26.0,,,,,34.176444,-118.162183,LINCOLN 1,22.982
2024-12-17 22:45:00,717623,210,W,FR,,,,,,,,34.164368,-118.158093,MOUNTAIN 1,23.9
2024-12-17 22:45:00,717636,210,W,FR,,,,,,,,34.152357,-118.123714,HILL,26.8
2024-12-17 22:45:00,717648,210,W,FR,8.0,1.0,4.0,3.0,,,,34.148074,-118.08377,SIERRA MADRE V1,29.17
2024-12-17 22:45:00,717652,210,W,FR,,,,,,,,34.148737,-118.071321,ROSEMEAD 1,29.879
2024-12-17 22:45:00,764346,210,W,FR,11.0,3.0,8.0,,,,,34.152648,-118.109062,ALLEN,27.64
2024-12-17 22:45:00,764349,210,W,FR,,,,,,,,34.152092,-118.143249,MARENGO,25.68
2024-12-17 22:45:00,768920,210,W,FR,,,,,,,,34.151995,-118.129451,LAKE 2 - OFF,26.47
2024-12-17 22:45:00,768927,210,W,FR,7.0,7.0,,,,,,34.152365,-118.092642,SAN GABRIEL OFF,28.58
2024-12-17 22:45:00,769300,210,W,FR,,,,,,,,34.152008,-118.153813,WB 210 TO ORANGE GRV,24.98
2024-12-17 22:45:00,769808,210,W,FR,,,,,,,,34.197068,-118.184827,FOOTHILL,20.98
2024-12-17 22:45:00,769869,210,W,FR,10.0,10.0,,,,,,34.218652,-118.239558,LA CRESCENTA,17.38
2024-12-17 22:45:00,769913,210,W,FR,14.0,14.0,,,,,,34.224897,-118.251344,PENNSYLVANIA,16.58
2024-12-17 22:45:00,769928,210,W,FR,6.0,6.0,,,,,,34.214462,-118.232443,OCEAN VIEW,17.88
2024-12-17 22:45:00,769955,210,W,FR,,,,,,,,34.206998,-118.201441,ANGELES CREST HWY NB,19.78
2024-12-17 22:45:00,769998,210,W,FR,,,,,,,,34.19198,-118.181214,BERKSHIRE,21.39
2024-12-17 22:45:00,770131,210,W,FR,6.0,6.0,,,,,,34.234984,-118.290562,LA TUNA CANYON NB,14.18
2024-12-17 22:45:00,773132,210,W,FR,,,,,,,,34.152216,-118.146794,FAIR OAKS OFF,25.48
2024-12-17 22:45:00,776761,210,W,FR,37.0,2.0,35.0,,,,,34.176444,-118.162183,LINCOLN 1,22.982
2024-12-17 22:50:00,717623,210,W,FR,,,,,,,,34.164368,-118.158093,MOUNTAIN 1,23.9
2024-12-17 22:50:00,717636,210,W,FR,,,,,,,,34.152357,-118.123714,HILL,26.8
2024-12-17 22:50:00,717648,210,W,FR,13.0,3.0,6.0,4.0,,,,34.148074,-118.08377,SIERRA MADRE V1,29.17
2024-12-17 22:50:00,717652,210,W,FR,,,,,,,,34.148737,-118.071321,ROSEMEAD 1,29.879
2024-12-17 22:50:00,764346,210,W,FR,10.0,5.0,5.0,,,,,34.152648,-118.109062,ALLEN,27.64
2024-12-17 22:50:00,764349,210,W,FR,,,,,,,,34.152092,-118.143249,MARENGO,25.68
2024-12-17 22:50:00,768920,210,W,FR,,,,,,,,34.151995,-118.129451,LAKE 2 - OFF,26.47
2024-12-17 22:50:00,768927,210,W,FR,8.0,8.0,,,,,,34.152365,-118.092642,SAN GABRIEL OFF,28.58
2024-12-17 22:50:00,769300,210,W,FR,,,,,,,,34.152008,-118.153813,WB 210 TO ORANGE GRV,24.98
2024-12-17 22:50:00,769808,210,W,FR,,,,,,,,34.197068,-118.184827,FOOTHILL,20.98
2024-12-17 22:50:00,769869,210,W,FR,14.0,14.0,,,,,,34.218652,-118.239558,LA CRESCENTA,17.38
2024-12-17 22:50:00,769913,210,W,FR,15.0,15.0,,,,,,34.224897,-118.251344,PENNSYLVANIA,16.58
2024-12-17 22:50:00,769928,210,W,FR,7.0,7.0,,,,,,34.214462,-118.232443,OCEAN VIEW,17.88
2024-12-17 22:50:00,769955,210,W,FR,,,,,,,,34.206998,-118.201441,ANGELES CREST HWY NB,19.78
2024-12-17 22:50:00,769998,210,W,FR,,,,,,,,34.19198,-118.181214,BERKSHIRE,21.39
2024-12-17 22:50:00,770131,210,W,FR,3.0,3.0,,,,,,34.234984,-118.290562,LA TUNA CANYON NB,14.18
2024-12-17 22:50:00,773132,210,W,FR,,,,,,,,34.152216,-118.146794,FAIR OAKS OFF,25.48
2024-12-17 22:50:00,776761,210,W,FR,17.0,3.0,14.0,,,,,34.176444,-118.162183,LINCOLN 1,22.982
2024-12-17 22:55:00,717623,210,W,FR,,,,,,,,34.164368,-118.158093,MOUNTAIN 1,23.9
2024-12-17 22:55:00,717636,210,W,FR,,,,,,,,34.152357,-118.123714,HILL,26.8
2024-12-17 22:55:00,717648,210,W,FR,9.0,2.0,3.0,4.0,,,,34.148074,-118.08377,SIERRA MADRE V1,29.17
2024-12-17 22:55:00,717652,210,W,FR,,,,,,,,34.148737,-118.071321,ROSEMEAD 1,29.879
2024-12-17 22:55:00,764346,210,W,FR,11.0,2.0,9.0,,,,,34.152648,-118.109062,ALLEN,27.64
2024-12-17 22:55:00,764349,210,W,FR,,,,,,,,34.152092,-118.143249,MARENGO,25.68
2024-12-17 22:55:00,768920,210,W,FR,,,,,,,,34.151995,-118.129451,LAKE 2 - OFF,26.47
2024-12-17 22:55:00,768927,210,W,FR,5.0,5.0,,,,,,34.152365,-118.092642,SAN GABRIEL OFF,28.58
2024-12-17 22:55:00,769300,210,W,FR,,,,,,,,34.152008,-118.153813,WB 210 TO ORANGE GRV,24.98
2024-12-17 22:55:00,769808,210,W,FR,,,,,,,,34.197068,-118.184827,FOOTHILL,20.98
2024-12-17 22:55:00,769869,210,W,FR,1.0,1.0,,,,,,34.218652,-118.239558,LA CRESCENTA,17.38
2024-12-17 22:55:00,769913,210,W,FR,19.0,19.0,,,,,,34.224897,-118.251344,PENNSYLVANIA,16.58
2024-12-17 22:55:00,769928,210,W,FR,7.0,7.0,,,,,,34.214462,-118.232443,OCEAN VIEW,17.88
2024-12-17 22:55:00,769955,210,W,FR,,,,,,,,34.206998,-118.201441,ANGELES CREST HWY NB,19.78
2024-12-17 22:55:00,769998,210,W,FR,,,,,,,,34.19198,-118.181214,BERKSHIRE,21.39
2024-12-17 22:55:00,770131,210,W,FR,4.0,4.0,,,,,,34.234984,-118.290562,LA TUNA CANYON NB,14.18
2024-12-17 22:55:00,773132,210,W,FR,,,,,,,,34.152216,-118.146794,FAIR OAKS OFF,25.48
2024-12-17 22:55:00,776761,210,W,FR,22.0,1.0,21.0,,,,,34.176444,-118.162183,LINCOLN 1,22.982
2024-12-17 23:00:00,717623,210,W,FR,,,,,,,,34.164368,-118.158093,MOUNTAIN 1,23.9
2024-12-17 23:00:00,717636,210,W,FR,,,,,,,,34.152357,-118.123714,HILL,26.8
2024-12-17 23:00:00,717648,210,W,FR,5.0,0.0,0.0,5.0,,,,34.148074,-118.08377,SIERRA MADRE V1,29.17
2024-12-17 23:00:00,717652,210,W,FR,,,,,,,,34.148737,-118.071321,ROSEMEAD 1,29.879
2024-12-17 23:00:00,764346,210,W,FR,6.0,0.0,6.0,,,,,34.152648,-118.109062,ALLEN,27.64
2024-12-17 23:00:00,764349,210,W,FR,,,,,,,,34.152092,-118.143249,MARENGO,25.68
2024-12-17 23:00:00,768920,210,W,FR,,,,,,,,34.151995,-118.129451,LAKE 2 - OFF,26.47
2024-12-17 23:00:00,768927,210,W,FR,6.0,6.0,,,,,,34.152365,-118.092642,SAN GABRIEL OFF,28.58
2024-12-17 23:00:00,769300,210,W,FR,,,,,,,,34.152008,-118.153813,WB 210 TO ORANGE GRV,24.98
2024-12-17 23:00:00,769808,210,W,FR,,,,,,,,34.197068,-118.184827,FOOTHILL,20.98
2024-12-17 23:00:00,769869,210,W,FR,4.0,4.0,,,,,,34.218652,-118.239558,LA CRESCENTA,17.38
2024-12-17 23:00:00,769913,210,W,FR,8.0,8.0,,,,,,34.224897,-118.251344,PENNSYLVANIA,16.58
2024-12-17 23:00:00,769928,210,W,FR,3.0,3.0,,,,,,34.214462,-118.232443,OCEAN VIEW,17.88
2024-12-17 23:00:00,769955,210,W,FR,,,,,,,,34.206998,-118.201441,ANGELES CREST HWY NB,19.78
2024-12-17 23:00:00,769998,210,W,FR,,,,,,,,34.19198,-118.181214,BERKSHIRE,21.39
2024-12-17 23:00:00,770131,210,W,FR,5.0,5.0,,,,,,34.234984,-118.290562,LA TUNA CANYON NB,14.18
2024-12-17 23:00:00,773132,210,W,FR,,,,,,,,34.152216,-118.146794,FAIR OAKS OFF,25.48
2024-12-17 23:00:00,776761,210,W,FR,24.0,3.0,21.0,,,,,34.176444,-118.162183,LINCOLN 1,22.982
