========================================
CALIBRATION ARRAY JOB (v2 - Feb 2026)
========================================
Job ID:        42800459
Array Task ID: 13
Host:          d4-2
Started:       Tue Feb 17 23:39:27 EST 2026
========================================
Fitness Mode:  MICRO
Model:         IDM
Optimizer:     NelderMead
========================================
Working directory: /scratch/krb84578/workDir/scalation_2.0
Using JAR: target/scala-3.7.4/scalation-assembly.jar
JAR size:  22M

=== Starting Calibration ===
Tue Feb 17 23:39:28 EST 2026
-----------------------------------
| CALIBRATION ARRAY JOB - Task 13 |
-----------------------------------
Model: idm (IDM)
Optimizer: neldermead
Fitness Mode: micro (lane-level)
Timestamp: 2026-02-17T23:39:28.468880197
Host: d4-2
============================================================
Starting parameters: VectorD(2.00000,	1.00000,	-1.50000,	1.50000,	0.600000)
----------------------------------------------------------------------
   Epoch |            Loss |       Best Loss |   Progress
----------------------------------------------------------------------
[ModelOptimizer] Evaluating parameters: VectorD(2.00000,	1.00000,	-1.50000,	1.50000,	0.600000)

======================================================================
TRAFFIC MODEL BUILDER SUMMARY
======================================================================
Network:      US-101-N-DonaldDoyle
Segments:     7
Lanes:        4
Junctions:    8
Ramps:        2
Sensors:      5
Mode:         PeMS Data-Driven
Car-Following: IDM
ODE Solver:   Ballistic
Vmax:         35.0 m/s
======================================================================
[IDMDynamics.updateM] INTEGRATOR IN USE: Ballistic
Skipping Source actor due to time limit at clock = 43201.00125327633
Skipping Source actor due to time limit at clock = 43210.6788297557
-----------------------------
| Model.cleanup in progress |
-----------------------------
cleanup: agenda
cleanup: wait queues
coroutine counts = (59757,59753,59750)
[ModelOptimizer] Fitness: 14.0002 | Elapsed: 114.00 sec
[ModelOptimizer] Evaluating parameters: VectorD(2.50000,	1.00000,	-1.50000,	1.50000,	0.600000)

======================================================================
TRAFFIC MODEL BUILDER SUMMARY
======================================================================
Network:      US-101-N-DonaldDoyle
Segments:     7
Lanes:        4
Junctions:    8
Ramps:        2
Sensors:      5
Mode:         PeMS Data-Driven
Car-Following: IDM
ODE Solver:   Ballistic
Vmax:         35.0 m/s
======================================================================
Skipping Source actor due to time limit at clock = 43201.00125327633
Skipping Source actor due to time limit at clock = 43210.6788297557
-----------------------------
| Model.cleanup in progress |
-----------------------------
cleanup: agenda
cleanup: wait queues
coroutine counts = (119514,119506,119501)
[ModelOptimizer] Fitness: 13.7391 | Elapsed: 111.10 sec
[ModelOptimizer] Evaluating parameters: VectorD(2.00000,	1.50000,	-1.50000,	1.50000,	0.600000)

======================================================================
TRAFFIC MODEL BUILDER SUMMARY
======================================================================
Network:      US-101-N-DonaldDoyle
Segments:     7
Lanes:        4
Junctions:    8
Ramps:        2
Sensors:      5
Mode:         PeMS Data-Driven
Car-Following: IDM
ODE Solver:   Ballistic
Vmax:         35.0 m/s
======================================================================
Skipping Source actor due to time limit at clock = 43201.00125327633
Skipping Source actor due to time limit at clock = 43210.6788297557
-----------------------------
| Model.cleanup in progress |
-----------------------------
cleanup: agenda
cleanup: wait queues
coroutine counts = (179271,179259,179252)
[ModelOptimizer] Fitness: 13.6353 | Elapsed: 111.76 sec
[ModelOptimizer] Evaluating parameters: VectorD(2.00000,	1.00000,	-1.00000,	1.50000,	0.600000)

======================================================================
TRAFFIC MODEL BUILDER SUMMARY
======================================================================
Network:      US-101-N-DonaldDoyle
Segments:     7
Lanes:        4
Junctions:    8
Ramps:        2
Sensors:      5
Mode:         PeMS Data-Driven
Car-Following: IDM
ODE Solver:   Ballistic
Vmax:         35.0 m/s
======================================================================
Skipping Source actor due to time limit at clock = 43201.00125327633
Skipping Source actor due to time limit at clock = 43210.6788297557
-----------------------------
| Model.cleanup in progress |
-----------------------------
cleanup: agenda
cleanup: wait queues
coroutine counts = (239028,239012,239003)
[ModelOptimizer] Fitness: 12.8744 | Elapsed: 107.48 sec
[ModelOptimizer] Evaluating parameters: VectorD(2.00000,	1.00000,	-1.50000,	2.00000,	0.600000)

======================================================================
TRAFFIC MODEL BUILDER SUMMARY
======================================================================
Network:      US-101-N-DonaldDoyle
Segments:     7
Lanes:        4
Junctions:    8
Ramps:        2
Sensors:      5
Mode:         PeMS Data-Driven
Car-Following: IDM
ODE Solver:   Ballistic
Vmax:         35.0 m/s
======================================================================
Skipping Source actor due to time limit at clock = 43201.00125327633
Skipping Source actor due to time limit at clock = 43210.6788297557
-----------------------------
| Model.cleanup in progress |
-----------------------------
cleanup: agenda
cleanup: wait queues
coroutine counts = (298785,298765,298754)
[ModelOptimizer] Fitness: 14.6892 | Elapsed: 109.49 sec
[ModelOptimizer] Evaluating parameters: VectorD(2.00000,	1.00000,	-1.50000,	1.50000,	1.10000)

======================================================================
TRAFFIC MODEL BUILDER SUMMARY
======================================================================
Network:      US-101-N-DonaldDoyle
Segments:     7
Lanes:        4
Junctions:    8
Ramps:        2
Sensors:      5
Mode:         PeMS Data-Driven
Car-Following: IDM
ODE Solver:   Ballistic
Vmax:         35.0 m/s
======================================================================
Skipping Source actor due to time limit at clock = 43201.00125327633
Skipping Source actor due to time limit at clock = 43210.6788297557
-----------------------------
| Model.cleanup in progress |
-----------------------------
cleanup: agenda
cleanup: wait queues
coroutine counts = (358542,358518,358505)
[ModelOptimizer] Fitness: 13.7724 | Elapsed: 72.37 sec
[ModelOptimizer] Evaluating parameters: VectorD(2.10000,	1.10000,	-1.40000,	1.50000,	0.700000)

======================================================================
TRAFFIC MODEL BUILDER SUMMARY
======================================================================
Network:      US-101-N-DonaldDoyle
Segments:     7
Lanes:        4
Junctions:    8
Ramps:        2
Sensors:      5
Mode:         PeMS Data-Driven
Car-Following: IDM
ODE Solver:   Ballistic
Vmax:         35.0 m/s
======================================================================
Skipping Source actor due to time limit at clock = 43201.00125327633
Skipping Source actor due to time limit at clock = 43210.6788297557
-----------------------------
| Model.cleanup in progress |
-----------------------------
cleanup: agenda
cleanup: wait queues
coroutine counts = (418299,418271,418256)
[ModelOptimizer] Fitness: 13.6286 | Elapsed: 97.68 sec
[ModelOptimizer] Evaluating parameters: VectorD(2.20000,	1.20000,	-1.30000,	1.00000,	0.800000)

======================================================================
TRAFFIC MODEL BUILDER SUMMARY
======================================================================
Network:      US-101-N-DonaldDoyle
Segments:     7
Lanes:        4
Junctions:    8
Ramps:        2
Sensors:      5
Mode:         PeMS Data-Driven
Car-Following: IDM
ODE Solver:   Ballistic
Vmax:         35.0 m/s
======================================================================
Skipping Source actor due to time limit at clock = 43201.00125327633
Skipping Source actor due to time limit at clock = 43210.6788297557
-----------------------------
| Model.cleanup in progress |
-----------------------------
cleanup: agenda
cleanup: wait queues
coroutine counts = (478056,478024,478007)
[ModelOptimizer] Fitness: 11.4362 | Elapsed: 77.30 sec
[ModelOptimizer] Evaluating parameters: VectorD(2.30000,	1.30000,	-1.20000,	0.800000,	0.900000)

======================================================================
TRAFFIC MODEL BUILDER SUMMARY
======================================================================
Network:      US-101-N-DonaldDoyle
Segments:     7
Lanes:        4
Junctions:    8
Ramps:        2
Sensors:      5
Mode:         PeMS Data-Driven
Car-Following: IDM
ODE Solver:   Ballistic
Vmax:         35.0 m/s
======================================================================
Skipping Source actor due to time limit at clock = 43201.00125327633
Skipping Source actor due to time limit at clock = 43210.6788297557
-----------------------------
| Model.cleanup in progress |
-----------------------------
cleanup: agenda
cleanup: wait queues
coroutine counts = (537813,537777,537758)
[ModelOptimizer] Fitness: 10.3907 | Elapsed: 69.84 sec
[ModelOptimizer] Evaluating parameters: VectorD(2.30000,	1.30000,	-1.20000,	0.800000,	0.900000)

======================================================================
TRAFFIC MODEL BUILDER SUMMARY
======================================================================
Network:      US-101-N-DonaldDoyle
Segments:     7
Lanes:        4
Junctions:    8
Ramps:        2
Sensors:      5
Mode:         PeMS Data-Driven
Car-Following: IDM
ODE Solver:   Ballistic
Vmax:         35.0 m/s
======================================================================
Skipping Source actor due to time limit at clock = 43201.00125327633
Skipping Source actor due to time limit at clock = 43210.6788297557
-----------------------------
| Model.cleanup in progress |
-----------------------------
cleanup: agenda
cleanup: wait queues
coroutine counts = (597570,597530,597509)
[ModelOptimizer] Fitness: 10.3907 | Elapsed: 69.72 sec
       1 |     12.87441561 |     12.87441561 |       0.3% ✓
[ModelOptimizer] Evaluating parameters: VectorD(2.16000,	1.16000,	-1.34000,	1.30000,	0.760000)

======================================================================
TRAFFIC MODEL BUILDER SUMMARY
======================================================================
Network:      US-101-N-DonaldDoyle
Segments:     7
Lanes:        4
Junctions:    8
Ramps:        2
Sensors:      5
Mode:         PeMS Data-Driven
Car-Following: IDM
ODE Solver:   Ballistic
Vmax:         35.0 m/s
======================================================================
Skipping Source actor due to time limit at clock = 43201.00125327633
Skipping Source actor due to time limit at clock = 43210.6788297557
-----------------------------
| Model.cleanup in progress |
-----------------------------
cleanup: agenda
cleanup: wait queues
coroutine counts = (657327,657283,657260)
[ModelOptimizer] Fitness: 12.7038 | Elapsed: 90.44 sec
[ModelOptimizer] Evaluating parameters: VectorD(2.32000,	1.32000,	-1.18000,	1.10000,	0.920000)

======================================================================
TRAFFIC MODEL BUILDER SUMMARY
======================================================================
Network:      US-101-N-DonaldDoyle
Segments:     7
Lanes:        4
Junctions:    8
Ramps:        2
Sensors:      5
Mode:         PeMS Data-Driven
Car-Following: IDM
ODE Solver:   Ballistic
Vmax:         35.0 m/s
======================================================================
Skipping Source actor due to time limit at clock = 43201.00125327633
Skipping Source actor due to time limit at clock = 43210.6788297557
-----------------------------
| Model.cleanup in progress |
-----------------------------
cleanup: agenda
cleanup: wait queues
coroutine counts = (717084,717036,717011)
[ModelOptimizer] Fitness: 11.7264 | Elapsed: 71.13 sec
[ModelOptimizer] Evaluating parameters: VectorD(2.32000,	1.32000,	-1.18000,	1.10000,	0.920000)

======================================================================
TRAFFIC MODEL BUILDER SUMMARY
======================================================================
Network:      US-101-N-DonaldDoyle
Segments:     7
Lanes:        4
Junctions:    8
Ramps:        2
Sensors:      5
Mode:         PeMS Data-Driven
Car-Following: IDM
ODE Solver:   Ballistic
Vmax:         35.0 m/s
======================================================================
Skipping Source actor due to time limit at clock = 43201.00125327633
Skipping Source actor due to time limit at clock = 43210.6788297557
-----------------------------
| Model.cleanup in progress |
-----------------------------
cleanup: agenda
cleanup: wait queues
coroutine counts = (776841,776789,776762)
[ModelOptimizer] Fitness: 11.7264 | Elapsed: 71.43 sec
       2 |     10.39066797 |     10.39066797 |       0.5% ✓
[ModelOptimizer] Evaluating parameters: VectorD(2.22400,	1.22400,	-1.27600,	1.22000,	0.724000)

======================================================================
TRAFFIC MODEL BUILDER SUMMARY
======================================================================
Network:      US-101-N-DonaldDoyle
Segments:     7
Lanes:        4
Junctions:    8
Ramps:        2
Sensors:      5
Mode:         PeMS Data-Driven
Car-Following: IDM
ODE Solver:   Ballistic
Vmax:         35.0 m/s
======================================================================
Skipping Source actor due to time limit at clock = 43201.00125327633
Skipping Source actor due to time limit at clock = 43210.6788297557
-----------------------------
| Model.cleanup in progress |
-----------------------------
cleanup: agenda
cleanup: wait queues
coroutine counts = (836598,836542,836513)
[ModelOptimizer] Fitness: 12.4820 | Elapsed: 91.01 sec
[ModelOptimizer] Evaluating parameters: VectorD(2.44800,	1.44800,	-1.05200,	0.940000,	0.348000)

======================================================================
TRAFFIC MODEL BUILDER SUMMARY
======================================================================
Network:      US-101-N-DonaldDoyle
Segments:     7
Lanes:        4
Junctions:    8
Ramps:        2
Sensors:      5
Mode:         PeMS Data-Driven
Car-Following: IDM
ODE Solver:   Ballistic
Vmax:         35.0 m/s
======================================================================
Skipping Source actor due to time limit at clock = 43201.00125327633
Skipping Source actor due to time limit at clock = 43210.6788297557
-----------------------------
| Model.cleanup in progress |
-----------------------------
cleanup: agenda
cleanup: wait queues
coroutine counts = (896355,896295,896264)
[ModelOptimizer] Fitness: 11.0681 | Elapsed: 153.49 sec
[ModelOptimizer] Evaluating parameters: VectorD(2.44800,	1.44800,	-1.05200,	0.940000,	0.348000)

======================================================================
TRAFFIC MODEL BUILDER SUMMARY
======================================================================
Network:      US-101-N-DonaldDoyle
Segments:     7
Lanes:        4
Junctions:    8
Ramps:        2
Sensors:      5
Mode:         PeMS Data-Driven
Car-Following: IDM
ODE Solver:   Ballistic
Vmax:         35.0 m/s
======================================================================
Skipping Source actor due to time limit at clock = 43201.00125327633
Skipping Source actor due to time limit at clock = 43210.6788297557
-----------------------------
| Model.cleanup in progress |
-----------------------------
cleanup: agenda
cleanup: wait queues
coroutine counts = (956112,956048,956015)
[ModelOptimizer] Fitness: 11.0681 | Elapsed: 152.84 sec
       3 |     10.39066797 |     10.39066797 |       0.8% ✓
[ModelOptimizer] Evaluating parameters: VectorD(2.21360,	1.31360,	-1.18640,	1.10800,	0.673600)

======================================================================
TRAFFIC MODEL BUILDER SUMMARY
======================================================================
Network:      US-101-N-DonaldDoyle
Segments:     7
Lanes:        4
Junctions:    8
Ramps:        2
Sensors:      5
Mode:         PeMS Data-Driven
Car-Following: IDM
ODE Solver:   Ballistic
Vmax:         35.0 m/s
======================================================================
Skipping Source actor due to time limit at clock = 43201.00125327633
Skipping Source actor due to time limit at clock = 43210.6788297557
-----------------------------
| Model.cleanup in progress |
-----------------------------
cleanup: agenda
cleanup: wait queues
coroutine counts = (1015869,1015801,1015766)
[ModelOptimizer] Fitness: 11.9544 | Elapsed: 92.12 sec
[ModelOptimizer] Evaluating parameters: VectorD(1.92720,	1.62720,	-0.872800,	0.800000,	0.747200)

======================================================================
TRAFFIC MODEL BUILDER SUMMARY
======================================================================
Network:      US-101-N-DonaldDoyle
Segments:     7
Lanes:        4
Junctions:    8
Ramps:        2
Sensors:      5
Mode:         PeMS Data-Driven
Car-Following: IDM
ODE Solver:   Ballistic
Vmax:         35.0 m/s
======================================================================
Skipping Source actor due to time limit at clock = 43201.00125327633
Skipping Source actor due to time limit at clock = 43210.6788297557
-----------------------------
| Model.cleanup in progress |
-----------------------------
cleanup: agenda
cleanup: wait queues
coroutine counts = (1075626,1075554,1075517)
[ModelOptimizer] Fitness: 9.6058 | Elapsed: 79.05 sec
[ModelOptimizer] Evaluating parameters: VectorD(1.64080,	1.94080,	-0.559200,	0.800000,	0.820800)

======================================================================
TRAFFIC MODEL BUILDER SUMMARY
======================================================================
Network:      US-101-N-DonaldDoyle
Segments:     7
Lanes:        4
Junctions:    8
Ramps:        2
Sensors:      5
Mode:         PeMS Data-Driven
Car-Following: IDM
ODE Solver:   Ballistic
Vmax:         35.0 m/s
======================================================================
Skipping Source actor due to time limit at clock = 43201.00125327633
Skipping Source actor due to time limit at clock = 43210.6788297557
-----------------------------
| Model.cleanup in progress |
-----------------------------
cleanup: agenda
cleanup: wait queues
coroutine counts = (1135383,1135307,1135268)
[ModelOptimizer] Fitness: 8.8017 | Elapsed: 73.41 sec
[ModelOptimizer] Evaluating parameters: VectorD(1.64080,	1.94080,	-0.559200,	0.800000,	0.820800)

======================================================================
TRAFFIC MODEL BUILDER SUMMARY
======================================================================
Network:      US-101-N-DonaldDoyle
Segments:     7
Lanes:        4
Junctions:    8
Ramps:        2
Sensors:      5
Mode:         PeMS Data-Driven
Car-Following: IDM
ODE Solver:   Ballistic
Vmax:         35.0 m/s
======================================================================
Skipping Source actor due to time limit at clock = 43201.00125327633
Skipping Source actor due to time limit at clock = 43210.6788297557
-----------------------------
| Model.cleanup in progress |
-----------------------------
cleanup: agenda
cleanup: wait queues
coroutine counts = (1195140,1195060,1195019)
[ModelOptimizer] Fitness: 8.8017 | Elapsed: 73.74 sec
       4 |     10.39066797 |     10.39066797 |       1.0% ✓
[ModelOptimizer] Evaluating parameters: VectorD(2.14176,	1.40176,	-0.998240,	0.872800,	0.717760)

======================================================================
TRAFFIC MODEL BUILDER SUMMARY
======================================================================
Network:      US-101-N-DonaldDoyle
Segments:     7
Lanes:        4
Junctions:    8
Ramps:        2
Sensors:      5
Mode:         PeMS Data-Driven
Car-Following: IDM
ODE Solver:   Ballistic
Vmax:         35.0 m/s
======================================================================
Skipping Source actor due to time limit at clock = 43201.00125327633
Skipping Source actor due to time limit at clock = 43210.6788297557
-----------------------------
| Model.cleanup in progress |
-----------------------------
cleanup: agenda
cleanup: wait queues
coroutine counts = (1254897,1254813,1254770)
[ModelOptimizer] Fitness: 10.3123 | Elapsed: 82.02 sec
[ModelOptimizer] Evaluating parameters: VectorD(2.28352,	1.30352,	-0.500000,	0.800000,	0.835520)

======================================================================
TRAFFIC MODEL BUILDER SUMMARY
======================================================================
Network:      US-101-N-DonaldDoyle
Segments:     7
Lanes:        4
Junctions:    8
Ramps:        2
Sensors:      5
Mode:         PeMS Data-Driven
Car-Following: IDM
ODE Solver:   Ballistic
Vmax:         35.0 m/s
======================================================================
Skipping Source actor due to time limit at clock = 43201.00125327633
Skipping Source actor due to time limit at clock = 43210.6788297557
-----------------------------
| Model.cleanup in progress |
-----------------------------
cleanup: agenda
cleanup: wait queues
coroutine counts = (1314654,1314566,1314521)
[ModelOptimizer] Fitness: 8.9325 | Elapsed: 74.19 sec
[ModelOptimizer] Evaluating parameters: VectorD(2.28352,	1.30352,	-0.500000,	0.800000,	0.835520)

======================================================================
TRAFFIC MODEL BUILDER SUMMARY
======================================================================
Network:      US-101-N-DonaldDoyle
Segments:     7
Lanes:        4
Junctions:    8
Ramps:        2
Sensors:      5
Mode:         PeMS Data-Driven
Car-Following: IDM
ODE Solver:   Ballistic
Vmax:         35.0 m/s
======================================================================
Skipping Source actor due to time limit at clock = 43201.00125327633
Skipping Source actor due to time limit at clock = 43210.6788297557
-----------------------------
| Model.cleanup in progress |
-----------------------------
cleanup: agenda
cleanup: wait queues
coroutine counts = (1374411,1374319,1374272)
[ModelOptimizer] Fitness: 8.9325 | Elapsed: 73.73 sec
       5 |      8.80167874 |      8.80167874 |       1.3% ✓
[ModelOptimizer] Evaluating parameters: VectorD(2.19846,	1.46246,	-0.897536,	0.800000,	0.764864)

======================================================================
TRAFFIC MODEL BUILDER SUMMARY
======================================================================
Network:      US-101-N-DonaldDoyle
Segments:     7
Lanes:        4
Junctions:    8
Ramps:        2
Sensors:      5
Mode:         PeMS Data-Driven
Car-Following: IDM
ODE Solver:   Ballistic
Vmax:         35.0 m/s
======================================================================
Skipping Source actor due to time limit at clock = 43201.00125327633
Skipping Source actor due to time limit at clock = 43210.6788297557
-----------------------------
| Model.cleanup in progress |
-----------------------------
cleanup: agenda
cleanup: wait queues
coroutine counts = (1434168,1434072,1434023)
[ModelOptimizer] Fitness: 9.7882 | Elapsed: 78.70 sec
[ModelOptimizer] Evaluating parameters: VectorD(2.39693,	1.92493,	-0.795072,	0.800000,	0.929728)

======================================================================
TRAFFIC MODEL BUILDER SUMMARY
======================================================================
Network:      US-101-N-DonaldDoyle
Segments:     7
Lanes:        4
Junctions:    8
Ramps:        2
Sensors:      5
Mode:         PeMS Data-Driven
Car-Following: IDM
ODE Solver:   Ballistic
Vmax:         35.0 m/s
======================================================================
Skipping Source actor due to time limit at clock = 43201.00125327633
Skipping Source actor due to time limit at clock = 43210.6788297557
-----------------------------
| Model.cleanup in progress |
-----------------------------
cleanup: agenda
cleanup: wait queues
coroutine counts = (1493925,1493825,1493774)
[ModelOptimizer] Fitness: 9.4243 | Elapsed: 68.86 sec
[ModelOptimizer] Evaluating parameters: VectorD(2.39693,	1.92493,	-0.795072,	0.800000,	0.929728)

======================================================================
TRAFFIC MODEL BUILDER SUMMARY
======================================================================
Network:      US-101-N-DonaldDoyle
Segments:     7
Lanes:        4
Junctions:    8
Ramps:        2
Sensors:      5
Mode:         PeMS Data-Driven
Car-Following: IDM
ODE Solver:   Ballistic
Vmax:         35.0 m/s
======================================================================
Skipping Source actor due to time limit at clock = 43201.00125327633
Skipping Source actor due to time limit at clock = 43210.6788297557
-----------------------------
| Model.cleanup in progress |
-----------------------------
cleanup: agenda
cleanup: wait queues
coroutine counts = (1553682,1553578,1553525)
[ModelOptimizer] Fitness: 9.4243 | Elapsed: 68.90 sec
       6 |      8.80167874 |      8.80167874 |       1.5% ✓
[ModelOptimizer] Evaluating parameters: VectorD(2.21385,	1.58345,	-0.820550,	0.800000,	0.766810)

======================================================================
TRAFFIC MODEL BUILDER SUMMARY
======================================================================
Network:      US-101-N-DonaldDoyle
Segments:     7
Lanes:        4
Junctions:    8
Ramps:        2
Sensors:      5
Mode:         PeMS Data-Driven
Car-Following: IDM
ODE Solver:   Ballistic
Vmax:         35.0 m/s
======================================================================
Skipping Source actor due to time limit at clock = 43201.00125327633
Skipping Source actor due to time limit at clock = 43210.6788297557
-----------------------------
| Model.cleanup in progress |
-----------------------------
cleanup: agenda
cleanup: wait queues
coroutine counts = (1613439,1613331,1613276)
[ModelOptimizer] Fitness: 9.6133 | Elapsed: 84.94 sec
[ModelOptimizer] Evaluating parameters: VectorD(2.10770,	1.84690,	-0.500000,	0.800000,	0.613619)

======================================================================
TRAFFIC MODEL BUILDER SUMMARY
======================================================================
Network:      US-101-N-DonaldDoyle
Segments:     7
Lanes:        4
Junctions:    8
Ramps:        2
Sensors:      5
Mode:         PeMS Data-Driven
Car-Following: IDM
ODE Solver:   Ballistic
Vmax:         35.0 m/s
======================================================================
Skipping Source actor due to time limit at clock = 43201.00125327633
Skipping Source actor due to time limit at clock = 43210.6788297557
-----------------------------
| Model.cleanup in progress |
-----------------------------
cleanup: agenda
cleanup: wait queues
coroutine counts = (1673196,1673084,1673027)
[ModelOptimizer] Fitness: 8.8762 | Elapsed: 92.59 sec
[ModelOptimizer] Evaluating parameters: VectorD(2.10770,	1.84690,	-0.500000,	0.800000,	0.613619)

======================================================================
TRAFFIC MODEL BUILDER SUMMARY
======================================================================
Network:      US-101-N-DonaldDoyle
Segments:     7
Lanes:        4
Junctions:    8
Ramps:        2
Sensors:      5
Mode:         PeMS Data-Driven
Car-Following: IDM
ODE Solver:   Ballistic
Vmax:         35.0 m/s
======================================================================
Skipping Source actor due to time limit at clock = 43201.00125327633
Skipping Source actor due to time limit at clock = 43210.6788297557
-----------------------------
| Model.cleanup in progress |
-----------------------------
cleanup: agenda
cleanup: wait queues
coroutine counts = (1732953,1732837,1732777)
[ModelOptimizer] Fitness: 8.8762 | Elapsed: 92.62 sec
       7 |      8.80167874 |      8.80167874 |       1.8% ✓
[ModelOptimizer] Evaluating parameters: VectorD(2.14579,	1.66323,	-0.702371,	0.800000,	0.819933)

======================================================================
TRAFFIC MODEL BUILDER SUMMARY
======================================================================
Network:      US-101-N-DonaldDoyle
Segments:     7
Lanes:        4
Junctions:    8
Ramps:        2
Sensors:      5
Mode:         PeMS Data-Driven
Car-Following: IDM
ODE Solver:   Ballistic
Vmax:         35.0 m/s
======================================================================
Skipping Source actor due to time limit at clock = 43201.00125327633
Skipping Source actor due to time limit at clock = 43210.6788297557
-----------------------------
| Model.cleanup in progress |
-----------------------------
cleanup: agenda
cleanup: wait queues
coroutine counts = (1792710,1792590,1792528)
[ModelOptimizer] Fitness: 9.3021 | Elapsed: 75.89 sec
[ModelOptimizer] Evaluating parameters: VectorD(1.84358,	1.87846,	-0.500000,	0.800000,	1.29187)

======================================================================
TRAFFIC MODEL BUILDER SUMMARY
======================================================================
Network:      US-101-N-DonaldDoyle
Segments:     7
Lanes:        4
Junctions:    8
Ramps:        2
Sensors:      5
Mode:         PeMS Data-Driven
Car-Following: IDM
ODE Solver:   Ballistic
Vmax:         35.0 m/s
======================================================================
Skipping Source actor due to time limit at clock = 43201.00125327633
Skipping Source actor due to time limit at clock = 43210.6788297557
-----------------------------
| Model.cleanup in progress |
-----------------------------
cleanup: agenda
cleanup: wait queues
coroutine counts = (1852467,1852343,1852279)
[ModelOptimizer] Fitness: 8.5837 | Elapsed: 55.88 sec
[ModelOptimizer] Evaluating parameters: VectorD(1.54137,	2.09369,	-0.500000,	0.800000,	1.76380)

======================================================================
TRAFFIC MODEL BUILDER SUMMARY
======================================================================
Network:      US-101-N-DonaldDoyle
Segments:     7
Lanes:        4
Junctions:    8
Ramps:        2
Sensors:      5
Mode:         PeMS Data-Driven
Car-Following: IDM
ODE Solver:   Ballistic
Vmax:         35.0 m/s
======================================================================
Skipping Source actor due to time limit at clock = 43201.00125327633
Skipping Source actor due to time limit at clock = 43210.6788297557
-----------------------------
| Model.cleanup in progress |
-----------------------------
cleanup: agenda
cleanup: wait queues
coroutine counts = (1912224,1912096,1912030)
[ModelOptimizer] Fitness: 8.3511 | Elapsed: 47.40 sec
[ModelOptimizer] Evaluating parameters: VectorD(1.54137,	2.09369,	-0.500000,	0.800000,	1.76380)

======================================================================
TRAFFIC MODEL BUILDER SUMMARY
======================================================================
Network:      US-101-N-DonaldDoyle
Segments:     7
Lanes:        4
Junctions:    8
Ramps:        2
Sensors:      5
Mode:         PeMS Data-Driven
Car-Following: IDM
ODE Solver:   Ballistic
Vmax:         35.0 m/s
======================================================================
Skipping Source actor due to time limit at clock = 43201.00125327633
Skipping Source actor due to time limit at clock = 43210.6788297557
-----------------------------
| Model.cleanup in progress |
-----------------------------
cleanup: agenda
cleanup: wait queues
coroutine counts = (1971981,1971849,1971781)
[ModelOptimizer] Fitness: 8.3511 | Elapsed: 47.22 sec
       8 |      8.80167874 |      8.80167874 |       2.0% ✓
[ModelOptimizer] Evaluating parameters: VectorD(1.99406,	1.82197,	-0.500000,	0.800000,	0.992694)

======================================================================
TRAFFIC MODEL BUILDER SUMMARY
======================================================================
Network:      US-101-N-DonaldDoyle
Segments:     7
Lanes:        4
Junctions:    8
Ramps:        2
Sensors:      5
Mode:         PeMS Data-Driven
Car-Following: IDM
ODE Solver:   Ballistic
Vmax:         35.0 m/s
======================================================================
Skipping Source actor due to time limit at clock = 43201.00125327633
Skipping Source actor due to time limit at clock = 43210.6788297557
-----------------------------
| Model.cleanup in progress |
-----------------------------
cleanup: agenda
cleanup: wait queues
coroutine counts = (2031738,2031602,2031532)
[ModelOptimizer] Fitness: 8.7218 | Elapsed: 65.74 sec
[ModelOptimizer] Evaluating parameters: VectorD(1.68813,	2.34393,	-0.500000,	0.800000,	1.08539)

======================================================================
TRAFFIC MODEL BUILDER SUMMARY
======================================================================
Network:      US-101-N-DonaldDoyle
Segments:     7
Lanes:        4
Junctions:    8
Ramps:        2
Sensors:      5
Mode:         PeMS Data-Driven
Car-Following: IDM
ODE Solver:   Ballistic
Vmax:         35.0 m/s
======================================================================
Skipping Source actor due to time limit at clock = 43201.00125327633
Skipping Source actor due to time limit at clock = 43210.6788297557
-----------------------------
| Model.cleanup in progress |
-----------------------------
cleanup: agenda
cleanup: wait queues
coroutine counts = (2091495,2091355,2091283)
[ModelOptimizer] Fitness: 8.5272 | Elapsed: 62.54 sec
[ModelOptimizer] Evaluating parameters: VectorD(1.68813,	2.34393,	-0.500000,	0.800000,	1.08539)

======================================================================
TRAFFIC MODEL BUILDER SUMMARY
======================================================================
Network:      US-101-N-DonaldDoyle
Segments:     7
Lanes:        4
Junctions:    8
Ramps:        2
Sensors:      5
Mode:         PeMS Data-Driven
Car-Following: IDM
ODE Solver:   Ballistic
Vmax:         35.0 m/s
======================================================================
Skipping Source actor due to time limit at clock = 43201.00125327633
Skipping Source actor due to time limit at clock = 43210.6788297557
-----------------------------
| Model.cleanup in progress |
-----------------------------
cleanup: agenda
cleanup: wait queues
coroutine counts = (2151252,2151108,2151034)
[ModelOptimizer] Fitness: 8.5272 | Elapsed: 61.65 sec
       9 |      8.35112362 |      8.35112362 |       2.3% ✓
[ModelOptimizer] Evaluating parameters: VectorD(1.85230,	1.90577,	-0.500000,	0.800000,	1.02383)

======================================================================
TRAFFIC MODEL BUILDER SUMMARY
======================================================================
Network:      US-101-N-DonaldDoyle
Segments:     7
Lanes:        4
Junctions:    8
Ramps:        2
Sensors:      5
Mode:         PeMS Data-Driven
Car-Following: IDM
ODE Solver:   Ballistic
Vmax:         35.0 m/s
======================================================================
Skipping Source actor due to time limit at clock = 43201.00125327633
Skipping Source actor due to time limit at clock = 43210.6788297557
-----------------------------
| Model.cleanup in progress |
-----------------------------
cleanup: agenda
cleanup: wait queues
coroutine counts = (2211009,2210861,2210785)
[ModelOptimizer] Fitness: 8.6471 | Elapsed: 64.29 sec
[ModelOptimizer] Evaluating parameters: VectorD(1.30768,	1.88661,	-0.500000,	0.800000,	1.11792)

======================================================================
TRAFFIC MODEL BUILDER SUMMARY
======================================================================
Network:      US-101-N-DonaldDoyle
Segments:     7
Lanes:        4
Junctions:    8
Ramps:        2
Sensors:      5
Mode:         PeMS Data-Driven
Car-Following: IDM
ODE Solver:   Ballistic
Vmax:         35.0 m/s
======================================================================
Skipping Source actor due to time limit at clock = 43201.00125327633
Skipping Source actor due to time limit at clock = 43210.6788297557
-----------------------------
| Model.cleanup in progress |
-----------------------------
cleanup: agenda
cleanup: wait queues
coroutine counts = (2270766,2270614,2270536)
[ModelOptimizer] Fitness: 8.5809 | Elapsed: 60.86 sec
[ModelOptimizer] Evaluating parameters: VectorD(1.30768,	1.88661,	-0.500000,	0.800000,	1.11792)

======================================================================
TRAFFIC MODEL BUILDER SUMMARY
======================================================================
Network:      US-101-N-DonaldDoyle
Segments:     7
Lanes:        4
Junctions:    8
Ramps:        2
Sensors:      5
Mode:         PeMS Data-Driven
Car-Following: IDM
ODE Solver:   Ballistic
Vmax:         35.0 m/s
======================================================================
Skipping Source actor due to time limit at clock = 43201.00125327633
Skipping Source actor due to time limit at clock = 43210.6788297557
-----------------------------
| Model.cleanup in progress |
-----------------------------
cleanup: agenda
cleanup: wait queues
coroutine counts = (2330523,2330367,2330287)
[ModelOptimizer] Fitness: 8.5809 | Elapsed: 61.13 sec
      10 |      8.35112362 |      8.35112362 |       2.5% ✓
[ModelOptimizer] Evaluating parameters: VectorD(1.65713,	2.02239,	-0.500000,	0.800000,	1.08031)

======================================================================
TRAFFIC MODEL BUILDER SUMMARY
======================================================================
Network:      US-101-N-DonaldDoyle
Segments:     7
Lanes:        4
Junctions:    8
Ramps:        2
Sensors:      5
Mode:         PeMS Data-Driven
Car-Following: IDM
ODE Solver:   Ballistic
Vmax:         35.0 m/s
======================================================================
Skipping Source actor due to time limit at clock = 43201.00125327633
Skipping Source actor due to time limit at clock = 43210.6788297557
-----------------------------
| Model.cleanup in progress |
-----------------------------
cleanup: agenda
cleanup: wait queues
coroutine counts = (2390280,2390120,2390038)
[ModelOptimizer] Fitness: 8.5884 | Elapsed: 62.39 sec
[ModelOptimizer] Evaluating parameters: VectorD(1.03075,	2.74125,	-0.500000,	0.800000,	1.32509)

======================================================================
TRAFFIC MODEL BUILDER SUMMARY
======================================================================
Network:      US-101-N-DonaldDoyle
Segments:     7
Lanes:        4
Junctions:    8
Ramps:        2
Sensors:      5
Mode:         PeMS Data-Driven
Car-Following: IDM
ODE Solver:   Ballistic
Vmax:         35.0 m/s
======================================================================
Skipping Source actor due to time limit at clock = 43201.00125327633
Skipping Source actor due to time limit at clock = 43210.6788297557
-----------------------------
| Model.cleanup in progress |
-----------------------------
cleanup: agenda
cleanup: wait queues
coroutine counts = (2450037,2449873,2449789)
[ModelOptimizer] Fitness: 8.2563 | Elapsed: 54.25 sec
[ModelOptimizer] Evaluating parameters: VectorD(1.00000,	3.46012,	-0.500000,	0.800000,	1.56988)

======================================================================
TRAFFIC MODEL BUILDER SUMMARY
======================================================================
Network:      US-101-N-DonaldDoyle
Segments:     7
Lanes:        4
Junctions:    8
Ramps:        2
Sensors:      5
Mode:         PeMS Data-Driven
Car-Following: IDM
ODE Solver:   Ballistic
Vmax:         35.0 m/s
======================================================================
Skipping Source actor due to time limit at clock = 43201.00125327633
Skipping Source actor due to time limit at clock = 43210.6788297557
-----------------------------
| Model.cleanup in progress |
-----------------------------
cleanup: agenda
cleanup: wait queues
coroutine counts = (2509794,2509626,2509540)
[ModelOptimizer] Fitness: 8.1222 | Elapsed: 50.20 sec
[ModelOptimizer] Evaluating parameters: VectorD(1.00000,	3.46012,	-0.500000,	0.800000,	1.56988)

======================================================================
TRAFFIC MODEL BUILDER SUMMARY
======================================================================
Network:      US-101-N-DonaldDoyle
Segments:     7
Lanes:        4
Junctions:    8
Ramps:        2
Sensors:      5
Mode:         PeMS Data-Driven
Car-Following: IDM
ODE Solver:   Ballistic
Vmax:         35.0 m/s
======================================================================
Skipping Source actor due to time limit at clock = 43201.00125327633
Skipping Source actor due to time limit at clock = 43210.6788297557
-----------------------------
| Model.cleanup in progress |
-----------------------------
cleanup: agenda
cleanup: wait queues
coroutine counts = (2569551,2569379,2569291)
[ModelOptimizer] Fitness: 8.1222 | Elapsed: 50.23 sec
      11 |      8.35112362 |      8.35112362 |       2.8% ✓
[ModelOptimizer] Evaluating parameters: VectorD(1.31647,	2.34503,	-0.500000,	0.800000,	1.27156)

======================================================================
TRAFFIC MODEL BUILDER SUMMARY
======================================================================
Network:      US-101-N-DonaldDoyle
Segments:     7
Lanes:        4
Junctions:    8
Ramps:        2
Sensors:      5
Mode:         PeMS Data-Driven
Car-Following: IDM
ODE Solver:   Ballistic
Vmax:         35.0 m/s
======================================================================
Skipping Source actor due to time limit at clock = 43201.00125327633
Skipping Source actor due to time limit at clock = 43210.6788297557
-----------------------------
| Model.cleanup in progress |
-----------------------------
cleanup: agenda
cleanup: wait queues
coroutine counts = (2629308,2629132,2629042)
[ModelOptimizer] Fitness: 8.3863 | Elapsed: 56.18 sec
[ModelOptimizer] Evaluating parameters: VectorD(1.00000,	2.84316,	-0.500000,	0.800000,	1.92950)

======================================================================
TRAFFIC MODEL BUILDER SUMMARY
======================================================================
Network:      US-101-N-DonaldDoyle
Segments:     7
Lanes:        4
Junctions:    8
Ramps:        2
Sensors:      5
Mode:         PeMS Data-Driven
Car-Following: IDM
ODE Solver:   Ballistic
Vmax:         35.0 m/s
======================================================================
Skipping Source actor due to time limit at clock = 43201.00125327633
Skipping Source actor due to time limit at clock = 43210.6788297557
-----------------------------
| Model.cleanup in progress |
-----------------------------
cleanup: agenda
cleanup: wait queues
coroutine counts = (2689065,2688885,2688793)
[ModelOptimizer] Fitness: 8.2277 | Elapsed: 45.10 sec
[ModelOptimizer] Evaluating parameters: VectorD(1.00000,	2.84316,	-0.500000,	0.800000,	1.92950)

======================================================================
TRAFFIC MODEL BUILDER SUMMARY
======================================================================
Network:      US-101-N-DonaldDoyle
Segments:     7
Lanes:        4
Junctions:    8
Ramps:        2
Sensors:      5
Mode:         PeMS Data-Driven
Car-Following: IDM
ODE Solver:   Ballistic
Vmax:         35.0 m/s
======================================================================
Skipping Source actor due to time limit at clock = 43201.00125327633
Skipping Source actor due to time limit at clock = 43210.6788297557
-----------------------------
| Model.cleanup in progress |
-----------------------------
cleanup: agenda
cleanup: wait queues
coroutine counts = (2748822,2748638,2748544)
[ModelOptimizer] Fitness: 8.2277 | Elapsed: 44.77 sec
      12 |      8.12224329 |      8.12224329 |       3.0% ✓
[ModelOptimizer] Evaluating parameters: VectorD(1.09335,	2.52550,	-0.500000,	0.800000,	1.49330)

======================================================================
TRAFFIC MODEL BUILDER SUMMARY
======================================================================
Network:      US-101-N-DonaldDoyle
Segments:     7
Lanes:        4
Junctions:    8
Ramps:        2
Sensors:      5
Mode:         PeMS Data-Driven
Car-Following: IDM
ODE Solver:   Ballistic
Vmax:         35.0 m/s
======================================================================
Skipping Source actor due to time limit at clock = 43201.00125327633
Skipping Source actor due to time limit at clock = 43210.6788297557
-----------------------------
| Model.cleanup in progress |
-----------------------------
cleanup: agenda
cleanup: wait queues
coroutine counts = (2808579,2808391,2808295)
[ModelOptimizer] Fitness: 8.2429 | Elapsed: 50.69 sec
[ModelOptimizer] Evaluating parameters: VectorD(1.00000,	3.11020,	-0.500000,	0.800000,	2.00000)

======================================================================
TRAFFIC MODEL BUILDER SUMMARY
======================================================================
Network:      US-101-N-DonaldDoyle
Segments:     7
Lanes:        4
Junctions:    8
Ramps:        2
Sensors:      5
Mode:         PeMS Data-Driven
Car-Following: IDM
ODE Solver:   Ballistic
Vmax:         35.0 m/s
======================================================================
Skipping Source actor due to time limit at clock = 43201.00125327633
Skipping Source actor due to time limit at clock = 43210.6788297557
-----------------------------
| Model.cleanup in progress |
-----------------------------
cleanup: agenda
cleanup: wait queues
coroutine counts = (2868336,2868144,2868046)
[ModelOptimizer] Fitness: 8.1947 | Elapsed: 44.07 sec
[ModelOptimizer] Evaluating parameters: VectorD(1.00000,	3.11020,	-0.500000,	0.800000,	2.00000)

======================================================================
TRAFFIC MODEL BUILDER SUMMARY
======================================================================
Network:      US-101-N-DonaldDoyle
Segments:     7
Lanes:        4
Junctions:    8
Ramps:        2
Sensors:      5
Mode:         PeMS Data-Driven
Car-Following: IDM
ODE Solver:   Ballistic
Vmax:         35.0 m/s
======================================================================
Skipping Source actor due to time limit at clock = 43201.00125327633
Skipping Source actor due to time limit at clock = 43210.6788297557
-----------------------------
| Model.cleanup in progress |
-----------------------------
cleanup: agenda
cleanup: wait queues
coroutine counts = (2928093,2927897,2927797)
[ModelOptimizer] Fitness: 8.1947 | Elapsed: 44.12 sec
      13 |      8.12224329 |      8.12224329 |       3.3% ✓
[ModelOptimizer] Evaluating parameters: VectorD(1.00000,	2.77022,	-0.500000,	0.800000,	1.70287)

======================================================================
TRAFFIC MODEL BUILDER SUMMARY
======================================================================
Network:      US-101-N-DonaldDoyle
Segments:     7
Lanes:        4
Junctions:    8
Ramps:        2
Sensors:      5
Mode:         PeMS Data-Driven
Car-Following: IDM
ODE Solver:   Ballistic
Vmax:         35.0 m/s
======================================================================
Skipping Source actor due to time limit at clock = 43201.00125327633
Skipping Source actor due to time limit at clock = 43210.6788297557
-----------------------------
| Model.cleanup in progress |
-----------------------------
cleanup: agenda
cleanup: wait queues
coroutine counts = (2987850,2987650,2987548)
[ModelOptimizer] Fitness: 8.1941 | Elapsed: 47.58 sec
[ModelOptimizer] Evaluating parameters: VectorD(1.00000,	3.65383,	-0.500000,	0.800000,	2.00000)

======================================================================
TRAFFIC MODEL BUILDER SUMMARY
======================================================================
Network:      US-101-N-DonaldDoyle
Segments:     7
Lanes:        4
Junctions:    8
Ramps:        2
Sensors:      5
Mode:         PeMS Data-Driven
Car-Following: IDM
ODE Solver:   Ballistic
Vmax:         35.0 m/s
======================================================================
Skipping Source actor due to time limit at clock = 43201.00125327633
Skipping Source actor due to time limit at clock = 43210.6788297557
-----------------------------
| Model.cleanup in progress |
-----------------------------
cleanup: agenda
cleanup: wait queues
coroutine counts = (3047607,3047403,3047299)
[ModelOptimizer] Fitness: 8.1855 | Elapsed: 43.89 sec
[ModelOptimizer] Evaluating parameters: VectorD(1.00000,	3.65383,	-0.500000,	0.800000,	2.00000)

======================================================================
TRAFFIC MODEL BUILDER SUMMARY
======================================================================
Network:      US-101-N-DonaldDoyle
Segments:     7
Lanes:        4
Junctions:    8
Ramps:        2
Sensors:      5
Mode:         PeMS Data-Driven
Car-Following: IDM
ODE Solver:   Ballistic
Vmax:         35.0 m/s
======================================================================
Skipping Source actor due to time limit at clock = 43201.00125327633
Skipping Source actor due to time limit at clock = 43210.6788297557
-----------------------------
| Model.cleanup in progress |
-----------------------------
cleanup: agenda
cleanup: wait queues
coroutine counts = (3107364,3107156,3107050)
[ModelOptimizer] Fitness: 8.1855 | Elapsed: 44.29 sec
      14 |      8.12224329 |      8.12224329 |       3.5% ✓
[ModelOptimizer] Evaluating parameters: VectorD(1.00000,	3.03220,	-0.500000,	0.800000,	1.94336)

======================================================================
TRAFFIC MODEL BUILDER SUMMARY
======================================================================
Network:      US-101-N-DonaldDoyle
Segments:     7
Lanes:        4
Junctions:    8
Ramps:        2
Sensors:      5
Mode:         PeMS Data-Driven
Car-Following: IDM
ODE Solver:   Ballistic
Vmax:         35.0 m/s
======================================================================
Skipping Source actor due to time limit at clock = 43201.00125327633
Skipping Source actor due to time limit at clock = 43210.6788297557
-----------------------------
| Model.cleanup in progress |
-----------------------------
cleanup: agenda
cleanup: wait queues
coroutine counts = (3167121,3166909,3166801)
[ModelOptimizer] Fitness: 8.1995 | Elapsed: 44.70 sec
[ModelOptimizer] Evaluating parameters: VectorD(1.00000,	3.72047,	-0.500000,	0.800000,	2.00000)

======================================================================
TRAFFIC MODEL BUILDER SUMMARY
======================================================================
Network:      US-101-N-DonaldDoyle
Segments:     7
Lanes:        4
Junctions:    8
Ramps:        2
Sensors:      5
Mode:         PeMS Data-Driven
Car-Following: IDM
ODE Solver:   Ballistic
Vmax:         35.0 m/s
======================================================================
Skipping Source actor due to time limit at clock = 43201.00125327633
Skipping Source actor due to time limit at clock = 43210.6788297557
-----------------------------
| Model.cleanup in progress |
-----------------------------
cleanup: agenda
cleanup: wait queues
coroutine counts = (3226878,3226662,3226552)
[ModelOptimizer] Fitness: 8.1815 | Elapsed: 44.00 sec
[ModelOptimizer] Evaluating parameters: VectorD(1.00000,	3.72047,	-0.500000,	0.800000,	2.00000)

======================================================================
TRAFFIC MODEL BUILDER SUMMARY
======================================================================
Network:      US-101-N-DonaldDoyle
Segments:     7
Lanes:        4
Junctions:    8
Ramps:        2
Sensors:      5
Mode:         PeMS Data-Driven
Car-Following: IDM
ODE Solver:   Ballistic
Vmax:         35.0 m/s
======================================================================
Skipping Source actor due to time limit at clock = 43201.00125327633
Skipping Source actor due to time limit at clock = 43210.6788297557
-----------------------------
| Model.cleanup in progress |
-----------------------------
cleanup: agenda
cleanup: wait queues
coroutine counts = (3286635,3286415,3286303)
[ModelOptimizer] Fitness: 8.1815 | Elapsed: 44.01 sec
      15 |      8.12224329 |      8.12224329 |       3.8% ✓
[ModelOptimizer] Evaluating parameters: VectorD(1.00000,	3.35756,	-0.500000,	0.800000,	2.00000)

======================================================================
TRAFFIC MODEL BUILDER SUMMARY
======================================================================
Network:      US-101-N-DonaldDoyle
Segments:     7
Lanes:        4
Junctions:    8
Ramps:        2
Sensors:      5
Mode:         PeMS Data-Driven
Car-Following: IDM
ODE Solver:   Ballistic
Vmax:         35.0 m/s
======================================================================
Skipping Source actor due to time limit at clock = 43201.00125327633
Skipping Source actor due to time limit at clock = 43210.6788297557
-----------------------------
| Model.cleanup in progress |
-----------------------------
cleanup: agenda
cleanup: wait queues
coroutine counts = (3346392,3346168,3346054)
[ModelOptimizer] Fitness: 8.1835 | Elapsed: 45.15 sec
[ModelOptimizer] Evaluating parameters: VectorD(1.00000,	4.62143,	-0.500000,	0.800000,	2.00000)

======================================================================
TRAFFIC MODEL BUILDER SUMMARY
======================================================================
Network:      US-101-N-DonaldDoyle
Segments:     7
Lanes:        4
Junctions:    8
Ramps:        2
Sensors:      5
Mode:         PeMS Data-Driven
Car-Following: IDM
ODE Solver:   Ballistic
Vmax:         35.0 m/s
======================================================================
Skipping Source actor due to time limit at clock = 43201.00125327633
Skipping Source actor due to time limit at clock = 43210.6788297557
-----------------------------
| Model.cleanup in progress |
-----------------------------
cleanup: agenda
cleanup: wait queues
coroutine counts = (3406149,3405921,3405805)
[ModelOptimizer] Fitness: 8.1732 | Elapsed: 44.35 sec
[ModelOptimizer] Evaluating parameters: VectorD(1.00000,	4.62143,	-0.500000,	0.800000,	2.00000)

======================================================================
TRAFFIC MODEL BUILDER SUMMARY
======================================================================
Network:      US-101-N-DonaldDoyle
Segments:     7
Lanes:        4
Junctions:    8
Ramps:        2
Sensors:      5
Mode:         PeMS Data-Driven
Car-Following: IDM
ODE Solver:   Ballistic
Vmax:         35.0 m/s
======================================================================
Skipping Source actor due to time limit at clock = 43201.00125327633
Skipping Source actor due to time limit at clock = 43210.6788297557
-----------------------------
| Model.cleanup in progress |
-----------------------------
cleanup: agenda
cleanup: wait queues
coroutine counts = (3465906,3465674,3465556)
[ModelOptimizer] Fitness: 8.1732 | Elapsed: 43.96 sec
      16 |      8.12224329 |      8.12224329 |       4.0% ✓
[ModelOptimizer] Evaluating parameters: VectorD(1.00000,	3.71321,	-0.500000,	0.800000,	2.00000)

======================================================================
TRAFFIC MODEL BUILDER SUMMARY
======================================================================
Network:      US-101-N-DonaldDoyle
Segments:     7
Lanes:        4
Junctions:    8
Ramps:        2
Sensors:      5
Mode:         PeMS Data-Driven
Car-Following: IDM
ODE Solver:   Ballistic
Vmax:         35.0 m/s
======================================================================
Skipping Source actor due to time limit at clock = 43201.00125327633
Skipping Source actor due to time limit at clock = 43210.6788297557
-----------------------------
| Model.cleanup in progress |
-----------------------------
cleanup: agenda
cleanup: wait queues
coroutine counts = (3525663,3525427,3525307)
[ModelOptimizer] Fitness: 8.1829 | Elapsed: 44.15 sec
[ModelOptimizer] Evaluating parameters: VectorD(1.00000,	4.58326,	-0.500000,	0.800000,	2.00000)

======================================================================
TRAFFIC MODEL BUILDER SUMMARY
======================================================================
Network:      US-101-N-DonaldDoyle
Segments:     7
Lanes:        4
Junctions:    8
Ramps:        2
Sensors:      5
Mode:         PeMS Data-Driven
Car-Following: IDM
ODE Solver:   Ballistic
Vmax:         35.0 m/s
======================================================================
Skipping Source actor due to time limit at clock = 43201.00125327633
Skipping Source actor due to time limit at clock = 43210.6788297557
-----------------------------
| Model.cleanup in progress |
-----------------------------
cleanup: agenda
cleanup: wait queues
coroutine counts = (3585420,3585180,3585058)
[ModelOptimizer] Fitness: 8.1761 | Elapsed: 44.04 sec
[ModelOptimizer] Evaluating parameters: VectorD(1.00000,	4.58326,	-0.500000,	0.800000,	2.00000)

======================================================================
TRAFFIC MODEL BUILDER SUMMARY
======================================================================
Network:      US-101-N-DonaldDoyle
Segments:     7
Lanes:        4
Junctions:    8
Ramps:        2
Sensors:      5
Mode:         PeMS Data-Driven
Car-Following: IDM
ODE Solver:   Ballistic
Vmax:         35.0 m/s
======================================================================
Skipping Source actor due to time limit at clock = 43201.00125327633
Skipping Source actor due to time limit at clock = 43210.6788297557
-----------------------------
| Model.cleanup in progress |
-----------------------------
cleanup: agenda
cleanup: wait queues
coroutine counts = (3645177,3644933,3644809)
[ModelOptimizer] Fitness: 8.1761 | Elapsed: 44.25 sec
      17 |      8.12224329 |      8.12224329 |       4.3% ✓
[ModelOptimizer] Evaluating parameters: VectorD(1.00000,	4.00782,	-0.500000,	0.800000,	2.00000)

======================================================================
TRAFFIC MODEL BUILDER SUMMARY
======================================================================
Network:      US-101-N-DonaldDoyle
Segments:     7
Lanes:        4
Junctions:    8
Ramps:        2
Sensors:      5
Mode:         PeMS Data-Driven
Car-Following: IDM
ODE Solver:   Ballistic
Vmax:         35.0 m/s
======================================================================
Skipping Source actor due to time limit at clock = 43201.00125327633
Skipping Source actor due to time limit at clock = 43210.6788297557
-----------------------------
| Model.cleanup in progress |
-----------------------------
cleanup: agenda
cleanup: wait queues
coroutine counts = (3704934,3704686,3704560)
[ModelOptimizer] Fitness: 8.1756 | Elapsed: 44.07 sec
[ModelOptimizer] Evaluating parameters: VectorD(1.00000,	4.90544,	-0.500000,	0.800000,	2.00000)

======================================================================
TRAFFIC MODEL BUILDER SUMMARY
======================================================================
Network:      US-101-N-DonaldDoyle
Segments:     7
Lanes:        4
Junctions:    8
Ramps:        2
Sensors:      5
Mode:         PeMS Data-Driven
Car-Following: IDM
ODE Solver:   Ballistic
Vmax:         35.0 m/s
======================================================================
Skipping Source actor due to time limit at clock = 43201.00125327633
Skipping Source actor due to time limit at clock = 43210.6788297557
-----------------------------
| Model.cleanup in progress |
-----------------------------
cleanup: agenda
cleanup: wait queues
coroutine counts = (3764691,3764439,3764311)
[ModelOptimizer] Fitness: 8.1718 | Elapsed: 43.77 sec
[ModelOptimizer] Evaluating parameters: VectorD(1.00000,	4.90544,	-0.500000,	0.800000,	2.00000)

======================================================================
TRAFFIC MODEL BUILDER SUMMARY
======================================================================
Network:      US-101-N-DonaldDoyle
Segments:     7
Lanes:        4
Junctions:    8
Ramps:        2
Sensors:      5
Mode:         PeMS Data-Driven
Car-Following: IDM
ODE Solver:   Ballistic
Vmax:         35.0 m/s
======================================================================
Skipping Source actor due to time limit at clock = 43201.00125327633
Skipping Source actor due to time limit at clock = 43210.6788297557
-----------------------------
| Model.cleanup in progress |
-----------------------------
cleanup: agenda
cleanup: wait queues
coroutine counts = (3824448,3824192,3824062)
[ModelOptimizer] Fitness: 8.1718 | Elapsed: 43.84 sec
      18 |      8.12224329 |      8.12224329 |       4.5% ✓
[ModelOptimizer] Evaluating parameters: VectorD(1.00000,	4.25814,	-0.500000,	0.800000,	2.00000)

======================================================================
TRAFFIC MODEL BUILDER SUMMARY
======================================================================
Network:      US-101-N-DonaldDoyle
Segments:     7
Lanes:        4
Junctions:    8
Ramps:        2
Sensors:      5
Mode:         PeMS Data-Driven
Car-Following: IDM
ODE Solver:   Ballistic
Vmax:         35.0 m/s
======================================================================
Skipping Source actor due to time limit at clock = 43201.00125327633
Skipping Source actor due to time limit at clock = 43210.6788297557
-----------------------------
| Model.cleanup in progress |
-----------------------------
cleanup: agenda
cleanup: wait queues
coroutine counts = (3884205,3883945,3883813)
[ModelOptimizer] Fitness: 8.1788 | Elapsed: 43.44 sec
[ModelOptimizer] Evaluating parameters: VectorD(1.00000,	4.86245,	-0.500000,	0.800000,	2.00000)

======================================================================
TRAFFIC MODEL BUILDER SUMMARY
======================================================================
Network:      US-101-N-DonaldDoyle
Segments:     7
Lanes:        4
Junctions:    8
Ramps:        2
Sensors:      5
Mode:         PeMS Data-Driven
Car-Following: IDM
ODE Solver:   Ballistic
Vmax:         35.0 m/s
======================================================================
Skipping Source actor due to time limit at clock = 43201.00125327633
Skipping Source actor due to time limit at clock = 43210.6788297557
-----------------------------
| Model.cleanup in progress |
-----------------------------
cleanup: agenda
cleanup: wait queues
coroutine counts = (3943962,3943698,3943564)
[ModelOptimizer] Fitness: 8.1712 | Elapsed: 43.43 sec
[ModelOptimizer] Evaluating parameters: VectorD(1.00000,	4.86245,	-0.500000,	0.800000,	2.00000)

======================================================================
TRAFFIC MODEL BUILDER SUMMARY
======================================================================
Network:      US-101-N-DonaldDoyle
Segments:     7
Lanes:        4
Junctions:    8
Ramps:        2
Sensors:      5
Mode:         PeMS Data-Driven
Car-Following: IDM
ODE Solver:   Ballistic
Vmax:         35.0 m/s
======================================================================
Skipping Source actor due to time limit at clock = 43201.00125327633
Skipping Source actor due to time limit at clock = 43210.6788297557
-----------------------------
| Model.cleanup in progress |
-----------------------------
cleanup: agenda
cleanup: wait queues
coroutine counts = (4003719,4003451,4003315)
[ModelOptimizer] Fitness: 8.1712 | Elapsed: 43.47 sec
      19 |      8.12224329 |      8.12224329 |       4.8% ✓
[ModelOptimizer] Evaluating parameters: VectorD(1.00000,	4.48654,	-0.500000,	0.800000,	2.00000)

======================================================================
TRAFFIC MODEL BUILDER SUMMARY
======================================================================
Network:      US-101-N-DonaldDoyle
Segments:     7
Lanes:        4
Junctions:    8
Ramps:        2
Sensors:      5
Mode:         PeMS Data-Driven
Car-Following: IDM
ODE Solver:   Ballistic
Vmax:         35.0 m/s
======================================================================
Skipping Source actor due to time limit at clock = 43201.00125327633
Skipping Source actor due to time limit at clock = 43210.6788297557
-----------------------------
| Model.cleanup in progress |
-----------------------------
cleanup: agenda
cleanup: wait queues
coroutine counts = (4063476,4063204,4063066)
[ModelOptimizer] Fitness: 8.1807 | Elapsed: 43.30 sec
[ModelOptimizer] Evaluating parameters: VectorD(1.00000,	5.25261,	-0.500000,	0.800000,	1.93003)

======================================================================
TRAFFIC MODEL BUILDER SUMMARY
======================================================================
Network:      US-101-N-DonaldDoyle
Segments:     7
Lanes:        4
Junctions:    8
Ramps:        2
Sensors:      5
Mode:         PeMS Data-Driven
Car-Following: IDM
ODE Solver:   Ballistic
Vmax:         35.0 m/s
======================================================================
Skipping Source actor due to time limit at clock = 43201.00125327633
Skipping Source actor due to time limit at clock = 43210.6788297557
-----------------------------
| Model.cleanup in progress |
-----------------------------
cleanup: agenda
cleanup: wait queues
coroutine counts = (4123233,4122957,4122817)
[ModelOptimizer] Fitness: 8.1887 | Elapsed: 44.28 sec
[ModelOptimizer] Evaluating parameters: VectorD(1.00000,	4.10350,	-0.500000,	0.800000,	2.00000)

======================================================================
TRAFFIC MODEL BUILDER SUMMARY
======================================================================
Network:      US-101-N-DonaldDoyle
Segments:     7
Lanes:        4
Junctions:    8
Ramps:        2
Sensors:      5
Mode:         PeMS Data-Driven
Car-Following: IDM
ODE Solver:   Ballistic
Vmax:         35.0 m/s
======================================================================
Skipping Source actor due to time limit at clock = 43201.00125327633
Skipping Source actor due to time limit at clock = 43210.6788297557
-----------------------------
| Model.cleanup in progress |
-----------------------------
cleanup: agenda
cleanup: wait queues
coroutine counts = (4182990,4182710,4182568)
[ModelOptimizer] Fitness: 8.1757 | Elapsed: 43.46 sec
[ModelOptimizer] Evaluating parameters: VectorD(1.00000,	4.10350,	-0.500000,	0.800000,	2.00000)

======================================================================
TRAFFIC MODEL BUILDER SUMMARY
======================================================================
Network:      US-101-N-DonaldDoyle
Segments:     7
Lanes:        4
Junctions:    8
Ramps:        2
Sensors:      5
Mode:         PeMS Data-Driven
Car-Following: IDM
ODE Solver:   Ballistic
Vmax:         35.0 m/s
======================================================================
Skipping Source actor due to time limit at clock = 43201.00125327633
Skipping Source actor due to time limit at clock = 43210.6788297557
-----------------------------
| Model.cleanup in progress |
-----------------------------
cleanup: agenda
cleanup: wait queues
coroutine counts = (4242747,4242463,4242319)
[ModelOptimizer] Fitness: 8.1757 | Elapsed: 43.66 sec
      20 |      8.12224329 |      8.12224329 |       5.0% ✓
[ModelOptimizer] Evaluating parameters: VectorD(1.00000,	4.39059,	-0.500000,	0.800000,	2.00000)

======================================================================
TRAFFIC MODEL BUILDER SUMMARY
======================================================================
Network:      US-101-N-DonaldDoyle
Segments:     7
Lanes:        4
Junctions:    8
Ramps:        2
Sensors:      5
Mode:         PeMS Data-Driven
Car-Following: IDM
ODE Solver:   Ballistic
Vmax:         35.0 m/s
======================================================================
Skipping Source actor due to time limit at clock = 43201.00125327633
Skipping Source actor due to time limit at clock = 43210.6788297557
-----------------------------
| Model.cleanup in progress |
-----------------------------
cleanup: agenda
cleanup: wait queues
coroutine counts = (4302504,4302216,4302070)
[ModelOptimizer] Fitness: 8.1798 | Elapsed: 43.46 sec
[ModelOptimizer] Evaluating parameters: VectorD(1.00000,	4.19791,	-0.500000,	0.800000,	2.00000)

======================================================================
TRAFFIC MODEL BUILDER SUMMARY
======================================================================
Network:      US-101-N-DonaldDoyle
Segments:     7
Lanes:        4
Junctions:    8
Ramps:        2
Sensors:      5
Mode:         PeMS Data-Driven
Car-Following: IDM
ODE Solver:   Ballistic
Vmax:         35.0 m/s
======================================================================
Skipping Source actor due to time limit at clock = 43201.00125327633
Skipping Source actor due to time limit at clock = 43210.6788297557
-----------------------------
| Model.cleanup in progress |
-----------------------------
cleanup: agenda
cleanup: wait queues
coroutine counts = (4362261,4361969,4361821)
[ModelOptimizer] Fitness: 8.1805 | Elapsed: 43.51 sec
[ModelOptimizer] Evaluating parameters: VectorD(1.00000,	4.48692,	-0.500000,	0.800000,	2.00000)

======================================================================
TRAFFIC MODEL BUILDER SUMMARY
======================================================================
Network:      US-101-N-DonaldDoyle
Segments:     7
Lanes:        4
Junctions:    8
Ramps:        2
Sensors:      5
Mode:         PeMS Data-Driven
Car-Following: IDM
ODE Solver:   Ballistic
Vmax:         35.0 m/s
======================================================================
Skipping Source actor due to time limit at clock = 43201.00125327633
Skipping Source actor due to time limit at clock = 43210.6788297557
-----------------------------
| Model.cleanup in progress |
-----------------------------
cleanup: agenda
cleanup: wait queues
coroutine counts = (4422018,4421722,4421572)
[ModelOptimizer] Fitness: 8.1801 | Elapsed: 43.46 sec
[ModelOptimizer] Evaluating parameters: VectorD(1.00000,	4.02169,	-0.500000,	0.800000,	2.00000)

======================================================================
TRAFFIC MODEL BUILDER SUMMARY
======================================================================
Network:      US-101-N-DonaldDoyle
Segments:     7
Lanes:        4
Junctions:    8
Ramps:        2
Sensors:      5
Mode:         PeMS Data-Driven
Car-Following: IDM
ODE Solver:   Ballistic
Vmax:         35.0 m/s
======================================================================
Skipping Source actor due to time limit at clock = 43201.00125327633
Skipping Source actor due to time limit at clock = 43210.6788297557
-----------------------------
| Model.cleanup in progress |
-----------------------------
cleanup: agenda
cleanup: wait queues
coroutine counts = (4481775,4481475,4481323)
[ModelOptimizer] Fitness: 8.1773 | Elapsed: 43.19 sec
[ModelOptimizer] Evaluating parameters: VectorD(1.00000,	3.78181,	-0.500000,	0.800000,	2.00000)

======================================================================
TRAFFIC MODEL BUILDER SUMMARY
======================================================================
Network:      US-101-N-DonaldDoyle
Segments:     7
Lanes:        4
Junctions:    8
Ramps:        2
Sensors:      5
Mode:         PeMS Data-Driven
Car-Following: IDM
ODE Solver:   Ballistic
Vmax:         35.0 m/s
======================================================================
Skipping Source actor due to time limit at clock = 43201.00125327633
Skipping Source actor due to time limit at clock = 43210.6788297557
-----------------------------
| Model.cleanup in progress |
-----------------------------
cleanup: agenda
cleanup: wait queues
coroutine counts = (4541532,4541228,4541074)
[ModelOptimizer] Fitness: 8.1805 | Elapsed: 43.33 sec
[ModelOptimizer] Evaluating parameters: VectorD(1.00000,	4.04077,	-0.500000,	0.800000,	2.00000)

======================================================================
TRAFFIC MODEL BUILDER SUMMARY
======================================================================
Network:      US-101-N-DonaldDoyle
Segments:     7
Lanes:        4
Junctions:    8
Ramps:        2
Sensors:      5
Mode:         PeMS Data-Driven
Car-Following: IDM
ODE Solver:   Ballistic
Vmax:         35.0 m/s
======================================================================
Skipping Source actor due to time limit at clock = 43201.00125327633
Skipping Source actor due to time limit at clock = 43210.6788297557
-----------------------------
| Model.cleanup in progress |
-----------------------------
cleanup: agenda
cleanup: wait queues
coroutine counts = (4601289,4600981,4600825)
[ModelOptimizer] Fitness: 8.1769 | Elapsed: 43.57 sec
[ModelOptimizer] Evaluating parameters: VectorD(1.00000,	4.18278,	-0.500000,	0.800000,	2.00000)

======================================================================
TRAFFIC MODEL BUILDER SUMMARY
======================================================================
Network:      US-101-N-DonaldDoyle
Segments:     7
Lanes:        4
Junctions:    8
Ramps:        2
Sensors:      5
Mode:         PeMS Data-Driven
Car-Following: IDM
ODE Solver:   Ballistic
Vmax:         35.0 m/s
======================================================================
Skipping Source actor due to time limit at clock = 43201.00125327633
Skipping Source actor due to time limit at clock = 43210.6788297557
-----------------------------
| Model.cleanup in progress |
-----------------------------
cleanup: agenda
cleanup: wait queues
coroutine counts = (4661046,4660734,4660576)
[ModelOptimizer] Fitness: 8.1819 | Elapsed: 43.70 sec
[ModelOptimizer] Evaluating parameters: VectorD(1.00000,	4.16128,	-0.500000,	0.800000,	2.00000)

======================================================================
TRAFFIC MODEL BUILDER SUMMARY
======================================================================
Network:      US-101-N-DonaldDoyle
Segments:     7
Lanes:        4
Junctions:    8
Ramps:        2
Sensors:      5
Mode:         PeMS Data-Driven
Car-Following: IDM
ODE Solver:   Ballistic
Vmax:         35.0 m/s
======================================================================
Skipping Source actor due to time limit at clock = 43201.00125327633
Skipping Source actor due to time limit at clock = 43210.6788297557
-----------------------------
| Model.cleanup in progress |
-----------------------------
cleanup: agenda
cleanup: wait queues
coroutine counts = (4720803,4720487,4720327)
[ModelOptimizer] Fitness: 8.1797 | Elapsed: 43.59 sec
[ModelOptimizer] Evaluating parameters: VectorD(1.00000,	3.89313,	-0.500000,	0.800000,	1.97021)

======================================================================
TRAFFIC MODEL BUILDER SUMMARY
======================================================================
Network:      US-101-N-DonaldDoyle
Segments:     7
Lanes:        4
Junctions:    8
Ramps:        2
Sensors:      5
Mode:         PeMS Data-Driven
Car-Following: IDM
ODE Solver:   Ballistic
Vmax:         35.0 m/s
======================================================================
Skipping Source actor due to time limit at clock = 43201.00125327633
Skipping Source actor due to time limit at clock = 43210.6788297557
-----------------------------
| Model.cleanup in progress |
-----------------------------
cleanup: agenda
cleanup: wait queues
coroutine counts = (4780560,4780240,4780078)
[ModelOptimizer] Fitness: 8.1871 | Elapsed: 43.75 sec
[ModelOptimizer] Evaluating parameters: VectorD(1.00000,	3.60349,	-0.500000,	0.800000,	1.87586)

======================================================================
TRAFFIC MODEL BUILDER SUMMARY
======================================================================
Network:      US-101-N-DonaldDoyle
Segments:     7
Lanes:        4
Junctions:    8
Ramps:        2
Sensors:      5
Mode:         PeMS Data-Driven
Car-Following: IDM
ODE Solver:   Ballistic
Vmax:         35.0 m/s
======================================================================
Skipping Source actor due to time limit at clock = 43201.00125327633
Skipping Source actor due to time limit at clock = 43210.6788297557
-----------------------------
| Model.cleanup in progress |
-----------------------------
cleanup: agenda
cleanup: wait queues
coroutine counts = (4840317,4839993,4839829)
[ModelOptimizer] Fitness: 8.1967 | Elapsed: 44.98 sec
[ModelOptimizer] Evaluating parameters: VectorD(1.00000,	4.03796,	-0.500000,	0.800000,	2.00000)

======================================================================
TRAFFIC MODEL BUILDER SUMMARY
======================================================================
Network:      US-101-N-DonaldDoyle
Segments:     7
Lanes:        4
Junctions:    8
Ramps:        2
Sensors:      5
Mode:         PeMS Data-Driven
Car-Following: IDM
ODE Solver:   Ballistic
Vmax:         35.0 m/s
======================================================================
Skipping Source actor due to time limit at clock = 43201.00125327633
Skipping Source actor due to time limit at clock = 43210.6788297557
-----------------------------
| Model.cleanup in progress |
-----------------------------
cleanup: agenda
cleanup: wait queues
coroutine counts = (4900074,4899746,4899580)
[ModelOptimizer] Fitness: 8.1771 | Elapsed: 43.56 sec
[ModelOptimizer] Evaluating parameters: VectorD(1.00000,	4.03796,	-0.500000,	0.800000,	2.00000)

======================================================================
TRAFFIC MODEL BUILDER SUMMARY
======================================================================
Network:      US-101-N-DonaldDoyle
Segments:     7
Lanes:        4
Junctions:    8
Ramps:        2
Sensors:      5
Mode:         PeMS Data-Driven
Car-Following: IDM
ODE Solver:   Ballistic
Vmax:         35.0 m/s
======================================================================
Skipping Source actor due to time limit at clock = 43201.00125327633
Skipping Source actor due to time limit at clock = 43210.6788297557
-----------------------------
| Model.cleanup in progress |
-----------------------------
cleanup: agenda
cleanup: wait queues
coroutine counts = (4959831,4959499,4959331)
[ModelOptimizer] Fitness: 8.1771 | Elapsed: 43.30 sec
      21 |      8.12224329 |      8.12224329 |       5.3% ✓
[ModelOptimizer] Evaluating parameters: VectorD(1.00000,	3.94436,	-0.500000,	0.800000,	1.95834)

======================================================================
TRAFFIC MODEL BUILDER SUMMARY
======================================================================
Network:      US-101-N-DonaldDoyle
Segments:     7
Lanes:        4
Junctions:    8
Ramps:        2
Sensors:      5
Mode:         PeMS Data-Driven
Car-Following: IDM
ODE Solver:   Ballistic
Vmax:         35.0 m/s
======================================================================
Skipping Source actor due to time limit at clock = 43201.00125327633
Skipping Source actor due to time limit at clock = 43210.6788297557
-----------------------------
| Model.cleanup in progress |
-----------------------------
cleanup: agenda
cleanup: wait queues
coroutine counts = (5019588,5019252,5019082)
[ModelOptimizer] Fitness: 8.1889 | Elapsed: 43.89 sec
[ModelOptimizer] Evaluating parameters: VectorD(1.00000,	4.10692,	-0.500000,	0.800000,	1.84000)

======================================================================
TRAFFIC MODEL BUILDER SUMMARY
======================================================================
Network:      US-101-N-DonaldDoyle
Segments:     7
Lanes:        4
Junctions:    8
Ramps:        2
Sensors:      5
Mode:         PeMS Data-Driven
Car-Following: IDM
ODE Solver:   Ballistic
Vmax:         35.0 m/s
======================================================================
Skipping Source actor due to time limit at clock = 43201.00125327633
Skipping Source actor due to time limit at clock = 43210.6788297557
-----------------------------
| Model.cleanup in progress |
-----------------------------
cleanup: agenda
cleanup: wait queues
coroutine counts = (5079345,5079005,5078833)
[ModelOptimizer] Fitness: 8.1866 | Elapsed: 45.28 sec
[ModelOptimizer] Evaluating parameters: VectorD(1.00000,	3.86309,	-0.500000,	0.800000,	2.00000)

======================================================================
TRAFFIC MODEL BUILDER SUMMARY
======================================================================
Network:      US-101-N-DonaldDoyle
Segments:     7
Lanes:        4
Junctions:    8
Ramps:        2
Sensors:      5
Mode:         PeMS Data-Driven
Car-Following: IDM
ODE Solver:   Ballistic
Vmax:         35.0 m/s
======================================================================
Skipping Source actor due to time limit at clock = 43201.00125327633
Skipping Source actor due to time limit at clock = 43210.6788297557
-----------------------------
| Model.cleanup in progress |
-----------------------------
cleanup: agenda
cleanup: wait queues
coroutine counts = (5139102,5138758,5138584)
[ModelOptimizer] Fitness: 8.1846 | Elapsed: 43.51 sec
[ModelOptimizer] Evaluating parameters: VectorD(1.00000,	3.62096,	-0.500000,	0.800000,	1.82328)

======================================================================
TRAFFIC MODEL BUILDER SUMMARY
======================================================================
Network:      US-101-N-DonaldDoyle
Segments:     7
Lanes:        4
Junctions:    8
Ramps:        2
Sensors:      5
Mode:         PeMS Data-Driven
Car-Following: IDM
ODE Solver:   Ballistic
Vmax:         35.0 m/s
======================================================================
Skipping Source actor due to time limit at clock = 43201.00125327633
Skipping Source actor due to time limit at clock = 43210.6788297557
-----------------------------
| Model.cleanup in progress |
-----------------------------
cleanup: agenda
cleanup: wait queues
coroutine counts = (5198859,5198511,5198335)
[ModelOptimizer] Fitness: 8.1713 | Elapsed: 45.68 sec
[ModelOptimizer] Evaluating parameters: VectorD(1.00000,	3.81070,	-0.500000,	0.800000,	1.81385)

======================================================================
TRAFFIC MODEL BUILDER SUMMARY
======================================================================
Network:      US-101-N-DonaldDoyle
Segments:     7
Lanes:        4
Junctions:    8
Ramps:        2
Sensors:      5
Mode:         PeMS Data-Driven
Car-Following: IDM
ODE Solver:   Ballistic
Vmax:         35.0 m/s
======================================================================
Skipping Source actor due to time limit at clock = 43201.00125327633
Skipping Source actor due to time limit at clock = 43210.6788297557
-----------------------------
| Model.cleanup in progress |
-----------------------------
cleanup: agenda
cleanup: wait queues
coroutine counts = (5258616,5258264,5258086)
[ModelOptimizer] Fitness: 8.1686 | Elapsed: 45.52 sec
[ModelOptimizer] Evaluating parameters: VectorD(1.00000,	3.74090,	-0.500000,	0.800000,	1.83131)

======================================================================
TRAFFIC MODEL BUILDER SUMMARY
======================================================================
Network:      US-101-N-DonaldDoyle
Segments:     7
Lanes:        4
Junctions:    8
Ramps:        2
Sensors:      5
Mode:         PeMS Data-Driven
Car-Following: IDM
ODE Solver:   Ballistic
Vmax:         35.0 m/s
======================================================================
Skipping Source actor due to time limit at clock = 43201.00125327633
Skipping Source actor due to time limit at clock = 43210.6788297557
-----------------------------
| Model.cleanup in progress |
-----------------------------
cleanup: agenda
cleanup: wait queues
coroutine counts = (5318373,5318017,5317837)
[ModelOptimizer] Fitness: 8.1627 | Elapsed: 45.43 sec
[ModelOptimizer] Evaluating parameters: VectorD(1.00000,	3.74904,	-0.500000,	0.800000,	1.79363)

======================================================================
TRAFFIC MODEL BUILDER SUMMARY
======================================================================
Network:      US-101-N-DonaldDoyle
Segments:     7
Lanes:        4
Junctions:    8
Ramps:        2
Sensors:      5
Mode:         PeMS Data-Driven
Car-Following: IDM
ODE Solver:   Ballistic
Vmax:         35.0 m/s
======================================================================
Skipping Source actor due to time limit at clock = 43201.00125327633
Skipping Source actor due to time limit at clock = 43210.6788297557
-----------------------------
| Model.cleanup in progress |
-----------------------------
cleanup: agenda
cleanup: wait queues
coroutine counts = (5378130,5377770,5377588)
[ModelOptimizer] Fitness: 8.1588 | Elapsed: 45.85 sec
[ModelOptimizer] Evaluating parameters: VectorD(1.00000,	3.75045,	-0.500000,	0.800000,	1.81189)

======================================================================
TRAFFIC MODEL BUILDER SUMMARY
======================================================================
Network:      US-101-N-DonaldDoyle
Segments:     7
Lanes:        4
Junctions:    8
Ramps:        2
Sensors:      5
Mode:         PeMS Data-Driven
Car-Following: IDM
ODE Solver:   Ballistic
Vmax:         35.0 m/s
======================================================================
Skipping Source actor due to time limit at clock = 43201.00125327633
Skipping Source actor due to time limit at clock = 43210.6788297557
-----------------------------
| Model.cleanup in progress |
-----------------------------
cleanup: agenda
cleanup: wait queues
coroutine counts = (5437887,5437523,5437339)
[ModelOptimizer] Fitness: 8.1677 | Elapsed: 45.57 sec
[ModelOptimizer] Evaluating parameters: VectorD(1.00000,	3.70224,	-0.500000,	0.800000,	1.76411)

======================================================================
TRAFFIC MODEL BUILDER SUMMARY
======================================================================
Network:      US-101-N-DonaldDoyle
Segments:     7
Lanes:        4
Junctions:    8
Ramps:        2
Sensors:      5
Mode:         PeMS Data-Driven
Car-Following: IDM
ODE Solver:   Ballistic
Vmax:         35.0 m/s
======================================================================
Skipping Source actor due to time limit at clock = 43201.00125327633
Skipping Source actor due to time limit at clock = 43210.6788297557
-----------------------------
| Model.cleanup in progress |
-----------------------------
cleanup: agenda
cleanup: wait queues
coroutine counts = (5497644,5497276,5497090)
[ModelOptimizer] Fitness: 8.1635 | Elapsed: 46.18 sec
[ModelOptimizer] Evaluating parameters: VectorD(1.00000,	3.78352,	-0.500000,	0.800000,	1.70494)

======================================================================
TRAFFIC MODEL BUILDER SUMMARY
======================================================================
Network:      US-101-N-DonaldDoyle
Segments:     7
Lanes:        4
Junctions:    8
Ramps:        2
Sensors:      5
Mode:         PeMS Data-Driven
Car-Following: IDM
ODE Solver:   Ballistic
Vmax:         35.0 m/s
======================================================================
Skipping Source actor due to time limit at clock = 43201.00125327633
Skipping Source actor due to time limit at clock = 43210.6788297557
-----------------------------
| Model.cleanup in progress |
-----------------------------
cleanup: agenda
cleanup: wait queues
coroutine counts = (5557401,5557029,5556841)
[ModelOptimizer] Fitness: 8.1520 | Elapsed: 47.15 sec
[ModelOptimizer] Evaluating parameters: VectorD(1.00000,	3.78352,	-0.500000,	0.800000,	1.70494)

======================================================================
TRAFFIC MODEL BUILDER SUMMARY
======================================================================
Network:      US-101-N-DonaldDoyle
Segments:     7
Lanes:        4
Junctions:    8
Ramps:        2
Sensors:      5
Mode:         PeMS Data-Driven
Car-Following: IDM
ODE Solver:   Ballistic
Vmax:         35.0 m/s
======================================================================
Skipping Source actor due to time limit at clock = 43201.00125327633
Skipping Source actor due to time limit at clock = 43210.6788297557
-----------------------------
| Model.cleanup in progress |
-----------------------------
cleanup: agenda
cleanup: wait queues
coroutine counts = (5617158,5616782,5616592)
[ModelOptimizer] Fitness: 8.1520 | Elapsed: 47.16 sec
      22 |      8.12224329 |      8.12224329 |       5.5% ✓
[ModelOptimizer] Evaluating parameters: VectorD(1.00000,	3.69680,	-0.500000,	0.800000,	1.74233)

======================================================================
TRAFFIC MODEL BUILDER SUMMARY
======================================================================
Network:      US-101-N-DonaldDoyle
Segments:     7
Lanes:        4
Junctions:    8
Ramps:        2
Sensors:      5
Mode:         PeMS Data-Driven
Car-Following: IDM
ODE Solver:   Ballistic
Vmax:         35.0 m/s
======================================================================
Skipping Source actor due to time limit at clock = 43201.00125327633
Skipping Source actor due to time limit at clock = 43210.6788297557
-----------------------------
| Model.cleanup in progress |
-----------------------------
cleanup: agenda
cleanup: wait queues
coroutine counts = (5676915,5676535,5676343)
[ModelOptimizer] Fitness: 8.1777 | Elapsed: 46.95 sec
[ModelOptimizer] Evaluating parameters: VectorD(1.00000,	3.58291,	-0.500000,	0.800000,	1.67081)

======================================================================
TRAFFIC MODEL BUILDER SUMMARY
======================================================================
Network:      US-101-N-DonaldDoyle
Segments:     7
Lanes:        4
Junctions:    8
Ramps:        2
Sensors:      5
Mode:         PeMS Data-Driven
Car-Following: IDM
ODE Solver:   Ballistic
Vmax:         35.0 m/s
======================================================================
Skipping Source actor due to time limit at clock = 43201.00125327633
Skipping Source actor due to time limit at clock = 43210.6788297557
-----------------------------
| Model.cleanup in progress |
-----------------------------
cleanup: agenda
cleanup: wait queues
coroutine counts = (5736672,5736288,5736094)
[ModelOptimizer] Fitness: 8.1437 | Elapsed: 47.68 sec
[ModelOptimizer] Evaluating parameters: VectorD(1.00000,	3.58291,	-0.500000,	0.800000,	1.67081)

======================================================================
TRAFFIC MODEL BUILDER SUMMARY
======================================================================
Network:      US-101-N-DonaldDoyle
Segments:     7
Lanes:        4
Junctions:    8
Ramps:        2
Sensors:      5
Mode:         PeMS Data-Driven
Car-Following: IDM
ODE Solver:   Ballistic
Vmax:         35.0 m/s
======================================================================
Skipping Source actor due to time limit at clock = 43201.00125327633
Skipping Source actor due to time limit at clock = 43210.6788297557
-----------------------------
| Model.cleanup in progress |
-----------------------------
cleanup: agenda
cleanup: wait queues
coroutine counts = (5796429,5796041,5795845)
[ModelOptimizer] Fitness: 8.1437 | Elapsed: 47.36 sec
      23 |      8.12224329 |      8.12224329 |       5.8% ✓
[ModelOptimizer] Evaluating parameters: VectorD(1.00000,	3.66330,	-0.500000,	0.800000,	1.71411)

======================================================================
TRAFFIC MODEL BUILDER SUMMARY
======================================================================
Network:      US-101-N-DonaldDoyle
Segments:     7
Lanes:        4
Junctions:    8
Ramps:        2
Sensors:      5
Mode:         PeMS Data-Driven
Car-Following: IDM
ODE Solver:   Ballistic
Vmax:         35.0 m/s
======================================================================
Skipping Source actor due to time limit at clock = 43201.00125327633
Skipping Source actor due to time limit at clock = 43210.6788297557
-----------------------------
| Model.cleanup in progress |
-----------------------------
cleanup: agenda
cleanup: wait queues
coroutine counts = (5856186,5855794,5855596)
[ModelOptimizer] Fitness: 8.1528 | Elapsed: 47.28 sec
[ModelOptimizer] Evaluating parameters: VectorD(1.00000,	3.57615,	-0.500000,	0.800000,	1.61633)

======================================================================
TRAFFIC MODEL BUILDER SUMMARY
======================================================================
Network:      US-101-N-DonaldDoyle
Segments:     7
Lanes:        4
Junctions:    8
Ramps:        2
Sensors:      5
Mode:         PeMS Data-Driven
Car-Following: IDM
ODE Solver:   Ballistic
Vmax:         35.0 m/s
======================================================================
Skipping Source actor due to time limit at clock = 43201.00125327633
Skipping Source actor due to time limit at clock = 43210.6788297557
-----------------------------
| Model.cleanup in progress |
-----------------------------
cleanup: agenda
cleanup: wait queues
coroutine counts = (5915943,5915547,5915347)
[ModelOptimizer] Fitness: 8.1359 | Elapsed: 48.61 sec
[ModelOptimizer] Evaluating parameters: VectorD(1.00000,	3.57615,	-0.500000,	0.800000,	1.61633)

======================================================================
TRAFFIC MODEL BUILDER SUMMARY
======================================================================
Network:      US-101-N-DonaldDoyle
Segments:     7
Lanes:        4
Junctions:    8
Ramps:        2
Sensors:      5
Mode:         PeMS Data-Driven
Car-Following: IDM
ODE Solver:   Ballistic
Vmax:         35.0 m/s
======================================================================
Skipping Source actor due to time limit at clock = 43201.00125327633
Skipping Source actor due to time limit at clock = 43210.6788297557
-----------------------------
| Model.cleanup in progress |
-----------------------------
cleanup: agenda
cleanup: wait queues
coroutine counts = (5975700,5975300,5975098)
[ModelOptimizer] Fitness: 8.1359 | Elapsed: 48.51 sec
      24 |      8.12224329 |      8.12224329 |       6.0% ✓
[ModelOptimizer] Evaluating parameters: VectorD(1.00000,	3.63035,	-0.500000,	0.800000,	1.67112)

======================================================================
TRAFFIC MODEL BUILDER SUMMARY
======================================================================
Network:      US-101-N-DonaldDoyle
Segments:     7
Lanes:        4
Junctions:    8
Ramps:        2
Sensors:      5
Mode:         PeMS Data-Driven
Car-Following: IDM
ODE Solver:   Ballistic
Vmax:         35.0 m/s
======================================================================
Skipping Source actor due to time limit at clock = 43201.00125327633
Skipping Source actor due to time limit at clock = 43210.6788297557
-----------------------------
| Model.cleanup in progress |
-----------------------------
cleanup: agenda
cleanup: wait queues
coroutine counts = (6035457,6035053,6034849)
[ModelOptimizer] Fitness: 8.1386 | Elapsed: 47.51 sec
[ModelOptimizer] Evaluating parameters: VectorD(1.00000,	3.51979,	-0.500000,	0.800000,	1.51093)

======================================================================
TRAFFIC MODEL BUILDER SUMMARY
======================================================================
Network:      US-101-N-DonaldDoyle
Segments:     7
Lanes:        4
Junctions:    8
Ramps:        2
Sensors:      5
Mode:         PeMS Data-Driven
Car-Following: IDM
ODE Solver:   Ballistic
Vmax:         35.0 m/s
======================================================================
Skipping Source actor due to time limit at clock = 43201.00125327633
Skipping Source actor due to time limit at clock = 43210.6788297557
-----------------------------
| Model.cleanup in progress |
-----------------------------
cleanup: agenda
cleanup: wait queues
coroutine counts = (6095214,6094806,6094600)
[ModelOptimizer] Fitness: 8.1203 | Elapsed: 50.22 sec
[ModelOptimizer] Evaluating parameters: VectorD(1.00000,	3.40923,	-0.500000,	0.800000,	1.35073)

======================================================================
TRAFFIC MODEL BUILDER SUMMARY
======================================================================
Network:      US-101-N-DonaldDoyle
Segments:     7
Lanes:        4
Junctions:    8
Ramps:        2
Sensors:      5
Mode:         PeMS Data-Driven
Car-Following: IDM
ODE Solver:   Ballistic
Vmax:         35.0 m/s
======================================================================
Skipping Source actor due to time limit at clock = 43201.00125327633
Skipping Source actor due to time limit at clock = 43210.6788297557
-----------------------------
| Model.cleanup in progress |
-----------------------------
cleanup: agenda
cleanup: wait queues
coroutine counts = (6154971,6154559,6154351)
[ModelOptimizer] Fitness: 8.1584 | Elapsed: 53.35 sec
[ModelOptimizer] Evaluating parameters: VectorD(1.00000,	3.51979,	-0.500000,	0.800000,	1.51093)

======================================================================
TRAFFIC MODEL BUILDER SUMMARY
======================================================================
Network:      US-101-N-DonaldDoyle
Segments:     7
Lanes:        4
Junctions:    8
Ramps:        2
Sensors:      5
Mode:         PeMS Data-Driven
Car-Following: IDM
ODE Solver:   Ballistic
Vmax:         35.0 m/s
======================================================================
Skipping Source actor due to time limit at clock = 43201.00125327633
Skipping Source actor due to time limit at clock = 43210.6788297557
-----------------------------
| Model.cleanup in progress |
-----------------------------
cleanup: agenda
cleanup: wait queues
coroutine counts = (6214728,6214312,6214102)
[ModelOptimizer] Fitness: 8.1203 | Elapsed: 49.43 sec
      25 |      8.12224329 |      8.12224329 |       6.3% ✓
[ModelOptimizer] Evaluating parameters: VectorD(1.00000,	3.58450,	-0.500000,	0.800000,	1.61458)

======================================================================
TRAFFIC MODEL BUILDER SUMMARY
======================================================================
Network:      US-101-N-DonaldDoyle
Segments:     7
Lanes:        4
Junctions:    8
Ramps:        2
Sensors:      5
Mode:         PeMS Data-Driven
Car-Following: IDM
ODE Solver:   Ballistic
Vmax:         35.0 m/s
======================================================================
Skipping Source actor due to time limit at clock = 43201.00125327633
Skipping Source actor due to time limit at clock = 43210.6788297557
-----------------------------
| Model.cleanup in progress |
-----------------------------
cleanup: agenda
cleanup: wait queues
coroutine counts = (6274485,6274065,6273853)
[ModelOptimizer] Fitness: 8.1374 | Elapsed: 48.39 sec
[ModelOptimizer] Evaluating parameters: VectorD(1.00000,	3.41995,	-0.500000,	0.800000,	1.43552)

======================================================================
TRAFFIC MODEL BUILDER SUMMARY
======================================================================
Network:      US-101-N-DonaldDoyle
Segments:     7
Lanes:        4
Junctions:    8
Ramps:        2
Sensors:      5
Mode:         PeMS Data-Driven
Car-Following: IDM
ODE Solver:   Ballistic
Vmax:         35.0 m/s
======================================================================
Skipping Source actor due to time limit at clock = 43201.00125327633
Skipping Source actor due to time limit at clock = 43210.6788297557
-----------------------------
| Model.cleanup in progress |
-----------------------------
cleanup: agenda
cleanup: wait queues
coroutine counts = (6334242,6333818,6333604)
[ModelOptimizer] Fitness: 8.1225 | Elapsed: 50.94 sec
[ModelOptimizer] Evaluating parameters: VectorD(1.00000,	3.41995,	-0.500000,	0.800000,	1.43552)

======================================================================
TRAFFIC MODEL BUILDER SUMMARY
======================================================================
Network:      US-101-N-DonaldDoyle
Segments:     7
Lanes:        4
Junctions:    8
Ramps:        2
Sensors:      5
Mode:         PeMS Data-Driven
Car-Following: IDM
ODE Solver:   Ballistic
Vmax:         35.0 m/s
======================================================================
Skipping Source actor due to time limit at clock = 43201.00125327633
Skipping Source actor due to time limit at clock = 43210.6788297557
-----------------------------
| Model.cleanup in progress |
-----------------------------
cleanup: agenda
cleanup: wait queues
coroutine counts = (6393999,6393571,6393355)
[ModelOptimizer] Fitness: 8.1225 | Elapsed: 51.16 sec
      26 |      8.12026593 |      8.12026593 |       6.5% ✓
[ModelOptimizer] Evaluating parameters: VectorD(1.00000,	3.51178,	-0.500000,	0.800000,	1.56069)

======================================================================
TRAFFIC MODEL BUILDER SUMMARY
======================================================================
Network:      US-101-N-DonaldDoyle
Segments:     7
Lanes:        4
Junctions:    8
Ramps:        2
Sensors:      5
Mode:         PeMS Data-Driven
Car-Following: IDM
ODE Solver:   Ballistic
Vmax:         35.0 m/s
======================================================================
Skipping Source actor due to time limit at clock = 43201.00125327633
Skipping Source actor due to time limit at clock = 43210.6788297557
-----------------------------
| Model.cleanup in progress |
-----------------------------
cleanup: agenda
cleanup: wait queues
coroutine counts = (6453756,6453324,6453106)
[ModelOptimizer] Fitness: 8.1338 | Elapsed: 49.49 sec
[ModelOptimizer] Evaluating parameters: VectorD(1.00000,	3.24005,	-0.500000,	0.800000,	1.41645)

======================================================================
TRAFFIC MODEL BUILDER SUMMARY
======================================================================
Network:      US-101-N-DonaldDoyle
Segments:     7
Lanes:        4
Junctions:    8
Ramps:        2
Sensors:      5
Mode:         PeMS Data-Driven
Car-Following: IDM
ODE Solver:   Ballistic
Vmax:         35.0 m/s
======================================================================
Skipping Source actor due to time limit at clock = 43201.00125327633
Skipping Source actor due to time limit at clock = 43210.6788297557
-----------------------------
| Model.cleanup in progress |
-----------------------------
cleanup: agenda
cleanup: wait queues
coroutine counts = (6513513,6513077,6512857)
[ModelOptimizer] Fitness: 8.1403 | Elapsed: 51.40 sec
[ModelOptimizer] Evaluating parameters: VectorD(1.00000,	3.24005,	-0.500000,	0.800000,	1.41645)

======================================================================
TRAFFIC MODEL BUILDER SUMMARY
======================================================================
Network:      US-101-N-DonaldDoyle
Segments:     7
Lanes:        4
Junctions:    8
Ramps:        2
Sensors:      5
Mode:         PeMS Data-Driven
Car-Following: IDM
ODE Solver:   Ballistic
Vmax:         35.0 m/s
======================================================================
Skipping Source actor due to time limit at clock = 43201.00125327633
Skipping Source actor due to time limit at clock = 43210.6788297557
-----------------------------
| Model.cleanup in progress |
-----------------------------
cleanup: agenda
cleanup: wait queues
coroutine counts = (6573270,6572830,6572608)
[ModelOptimizer] Fitness: 8.1403 | Elapsed: 51.79 sec
      27 |      8.12026593 |      8.12026593 |       6.8% ✓
[ModelOptimizer] Evaluating parameters: VectorD(1.00000,	3.44321,	-0.500000,	0.800000,	1.50982)

======================================================================
TRAFFIC MODEL BUILDER SUMMARY
======================================================================
Network:      US-101-N-DonaldDoyle
Segments:     7
Lanes:        4
Junctions:    8
Ramps:        2
Sensors:      5
Mode:         PeMS Data-Driven
Car-Following: IDM
ODE Solver:   Ballistic
Vmax:         35.0 m/s
======================================================================
Skipping Source actor due to time limit at clock = 43201.00125327633
Skipping Source actor due to time limit at clock = 43210.6788297557
-----------------------------
| Model.cleanup in progress |
-----------------------------
cleanup: agenda
cleanup: wait queues
coroutine counts = (6633027,6632583,6632359)
[ModelOptimizer] Fitness: 8.1178 | Elapsed: 49.95 sec
[ModelOptimizer] Evaluating parameters: VectorD(1.00000,	3.30352,	-0.500000,	0.800000,	1.34884)

======================================================================
TRAFFIC MODEL BUILDER SUMMARY
======================================================================
Network:      US-101-N-DonaldDoyle
Segments:     7
Lanes:        4
Junctions:    8
Ramps:        2
Sensors:      5
Mode:         PeMS Data-Driven
Car-Following: IDM
ODE Solver:   Ballistic
Vmax:         35.0 m/s
======================================================================
Skipping Source actor due to time limit at clock = 43201.00125327633
Skipping Source actor due to time limit at clock = 43210.6788297557
-----------------------------
| Model.cleanup in progress |
-----------------------------
cleanup: agenda
cleanup: wait queues
coroutine counts = (6692784,6692336,6692110)
[ModelOptimizer] Fitness: 8.1720 | Elapsed: 53.39 sec
[ModelOptimizer] Evaluating parameters: VectorD(1.00000,	3.51306,	-0.500000,	0.800000,	1.59031)

======================================================================
TRAFFIC MODEL BUILDER SUMMARY
======================================================================
Network:      US-101-N-DonaldDoyle
Segments:     7
Lanes:        4
Junctions:    8
Ramps:        2
Sensors:      5
Mode:         PeMS Data-Driven
Car-Following: IDM
ODE Solver:   Ballistic
Vmax:         35.0 m/s
======================================================================
Skipping Source actor due to time limit at clock = 43201.00125327633
Skipping Source actor due to time limit at clock = 43210.6788297557
-----------------------------
| Model.cleanup in progress |
-----------------------------
cleanup: agenda
cleanup: wait queues
coroutine counts = (6752541,6752089,6751861)
[ModelOptimizer] Fitness: 8.1347 | Elapsed: 48.16 sec
[ModelOptimizer] Evaluating parameters: VectorD(1.00000,	3.51306,	-0.500000,	0.800000,	1.59031)

======================================================================
TRAFFIC MODEL BUILDER SUMMARY
======================================================================
Network:      US-101-N-DonaldDoyle
Segments:     7
Lanes:        4
Junctions:    8
Ramps:        2
Sensors:      5
Mode:         PeMS Data-Driven
Car-Following: IDM
ODE Solver:   Ballistic
Vmax:         35.0 m/s
======================================================================
Skipping Source actor due to time limit at clock = 43201.00125327633
Skipping Source actor due to time limit at clock = 43210.6788297557
-----------------------------
| Model.cleanup in progress |
-----------------------------
cleanup: agenda
cleanup: wait queues
coroutine counts = (6812298,6811842,6811612)
[ModelOptimizer] Fitness: 8.1347 | Elapsed: 48.52 sec
      28 |      8.12026593 |      8.12026593 |       7.0% ✓
[ModelOptimizer] Evaluating parameters: VectorD(1.00000,	3.49781,	-0.500000,	0.800000,	1.54460)

======================================================================
TRAFFIC MODEL BUILDER SUMMARY
======================================================================
Network:      US-101-N-DonaldDoyle
Segments:     7
Lanes:        4
Junctions:    8
Ramps:        2
Sensors:      5
Mode:         PeMS Data-Driven
Car-Following: IDM
ODE Solver:   Ballistic
Vmax:         35.0 m/s
======================================================================
Skipping Source actor due to time limit at clock = 43201.00125327633
Skipping Source actor due to time limit at clock = 43210.6788297557
-----------------------------
| Model.cleanup in progress |
-----------------------------
cleanup: agenda
cleanup: wait queues
coroutine counts = (6872055,6871595,6871363)
[ModelOptimizer] Fitness: 8.1231 | Elapsed: 49.25 sec
[ModelOptimizer] Evaluating parameters: VectorD(1.00000,	3.75558,	-0.500000,	0.800000,	1.67274)

======================================================================
TRAFFIC MODEL BUILDER SUMMARY
======================================================================
Network:      US-101-N-DonaldDoyle
Segments:     7
Lanes:        4
Junctions:    8
Ramps:        2
Sensors:      5
Mode:         PeMS Data-Driven
Car-Following: IDM
ODE Solver:   Ballistic
Vmax:         35.0 m/s
======================================================================
Skipping Source actor due to time limit at clock = 43201.00125327633
Skipping Source actor due to time limit at clock = 43210.6788297557
-----------------------------
| Model.cleanup in progress |
-----------------------------
cleanup: agenda
cleanup: wait queues
coroutine counts = (6931812,6931348,6931114)
[ModelOptimizer] Fitness: 8.1427 | Elapsed: 47.29 sec
[ModelOptimizer] Evaluating parameters: VectorD(1.00000,	3.36893,	-0.500000,	0.800000,	1.48052)

======================================================================
TRAFFIC MODEL BUILDER SUMMARY
======================================================================
Network:      US-101-N-DonaldDoyle
Segments:     7
Lanes:        4
Junctions:    8
Ramps:        2
Sensors:      5
Mode:         PeMS Data-Driven
Car-Following: IDM
ODE Solver:   Ballistic
Vmax:         35.0 m/s
======================================================================
Skipping Source actor due to time limit at clock = 43201.00125327633
Skipping Source actor due to time limit at clock = 43210.6788297557
-----------------------------
| Model.cleanup in progress |
-----------------------------
cleanup: agenda
cleanup: wait queues
coroutine counts = (6991569,6991101,6990865)
[ModelOptimizer] Fitness: 8.1414 | Elapsed: 50.62 sec
[ModelOptimizer] Evaluating parameters: VectorD(1.00000,	3.37992,	-0.500000,	0.800000,	1.46369)

======================================================================
TRAFFIC MODEL BUILDER SUMMARY
======================================================================
Network:      US-101-N-DonaldDoyle
Segments:     7
Lanes:        4
Junctions:    8
Ramps:        2
Sensors:      5
Mode:         PeMS Data-Driven
Car-Following: IDM
ODE Solver:   Ballistic
Vmax:         35.0 m/s
======================================================================
Skipping Source actor due to time limit at clock = 43201.00125327633
Skipping Source actor due to time limit at clock = 43210.6788297557
-----------------------------
| Model.cleanup in progress |
-----------------------------
cleanup: agenda
cleanup: wait queues
coroutine counts = (7051326,7050854,7050616)
[ModelOptimizer] Fitness: 8.1350 | Elapsed: 50.74 sec
[ModelOptimizer] Evaluating parameters: VectorD(1.00000,	3.54797,	-0.500000,	0.800000,	1.56363)

======================================================================
TRAFFIC MODEL BUILDER SUMMARY
======================================================================
Network:      US-101-N-DonaldDoyle
Segments:     7
Lanes:        4
Junctions:    8
Ramps:        2
Sensors:      5
Mode:         PeMS Data-Driven
Car-Following: IDM
ODE Solver:   Ballistic
Vmax:         35.0 m/s
======================================================================
Skipping Source actor due to time limit at clock = 43201.00125327633
Skipping Source actor due to time limit at clock = 43210.6788297557
-----------------------------
| Model.cleanup in progress |
-----------------------------
cleanup: agenda
cleanup: wait queues
coroutine counts = (7111083,7110607,7110367)
[ModelOptimizer] Fitness: 8.1360 | Elapsed: 48.96 sec
[ModelOptimizer] Evaluating parameters: VectorD(1.00000,	3.51642,	-0.500000,	0.800000,	1.55062)

======================================================================
TRAFFIC MODEL BUILDER SUMMARY
======================================================================
Network:      US-101-N-DonaldDoyle
Segments:     7
Lanes:        4
Junctions:    8
Ramps:        2
Sensors:      5
Mode:         PeMS Data-Driven
Car-Following: IDM
ODE Solver:   Ballistic
Vmax:         35.0 m/s
======================================================================
Skipping Source actor due to time limit at clock = 43201.00125327633
Skipping Source actor due to time limit at clock = 43210.6788297557
-----------------------------
| Model.cleanup in progress |
-----------------------------
cleanup: agenda
cleanup: wait queues
coroutine counts = (7170840,7170360,7170118)
[ModelOptimizer] Fitness: 8.1223 | Elapsed: 49.29 sec
[ModelOptimizer] Evaluating parameters: VectorD(1.00000,	3.46987,	-0.500000,	0.800000,	1.47322)

======================================================================
TRAFFIC MODEL BUILDER SUMMARY
======================================================================
Network:      US-101-N-DonaldDoyle
Segments:     7
Lanes:        4
Junctions:    8
Ramps:        2
Sensors:      5
Mode:         PeMS Data-Driven
Car-Following: IDM
ODE Solver:   Ballistic
Vmax:         35.0 m/s
======================================================================
Skipping Source actor due to time limit at clock = 43201.00125327633
Skipping Source actor due to time limit at clock = 43210.6788297557
-----------------------------
| Model.cleanup in progress |
-----------------------------
cleanup: agenda
cleanup: wait queues
coroutine counts = (7230597,7230113,7229869)
[ModelOptimizer] Fitness: 8.1341 | Elapsed: 50.37 sec
[ModelOptimizer] Evaluating parameters: VectorD(1.00000,	3.48995,	-0.500000,	0.800000,	1.54040)

======================================================================
TRAFFIC MODEL BUILDER SUMMARY
======================================================================
Network:      US-101-N-DonaldDoyle
Segments:     7
Lanes:        4
Junctions:    8
Ramps:        2
Sensors:      5
Mode:         PeMS Data-Driven
Car-Following: IDM
ODE Solver:   Ballistic
Vmax:         35.0 m/s
======================================================================
Skipping Source actor due to time limit at clock = 43201.00125327633
Skipping Source actor due to time limit at clock = 43210.6788297557
-----------------------------
| Model.cleanup in progress |
-----------------------------
cleanup: agenda
cleanup: wait queues
coroutine counts = (7290354,7289866,7289620)
[ModelOptimizer] Fitness: 8.1290 | Elapsed: 49.59 sec
[ModelOptimizer] Evaluating parameters: VectorD(1.00000,	3.47519,	-0.500000,	0.800000,	1.50777)

======================================================================
TRAFFIC MODEL BUILDER SUMMARY
======================================================================
Network:      US-101-N-DonaldDoyle
Segments:     7
Lanes:        4
Junctions:    8
Ramps:        2
Sensors:      5
Mode:         PeMS Data-Driven
Car-Following: IDM
ODE Solver:   Ballistic
Vmax:         35.0 m/s
======================================================================
Skipping Source actor due to time limit at clock = 43201.00125327633
Skipping Source actor due to time limit at clock = 43210.6788297557
-----------------------------
| Model.cleanup in progress |
-----------------------------
cleanup: agenda
cleanup: wait queues
coroutine counts = (7350111,7349619,7349371)
[ModelOptimizer] Fitness: 8.1190 | Elapsed: 49.70 sec
[ModelOptimizer] Evaluating parameters: VectorD(1.00000,	3.40241,	-0.500000,	0.800000,	1.45191)

======================================================================
TRAFFIC MODEL BUILDER SUMMARY
======================================================================
Network:      US-101-N-DonaldDoyle
Segments:     7
Lanes:        4
Junctions:    8
Ramps:        2
Sensors:      5
Mode:         PeMS Data-Driven
Car-Following: IDM
ODE Solver:   Ballistic
Vmax:         35.0 m/s
======================================================================
Skipping Source actor due to time limit at clock = 43201.00125327633
Skipping Source actor due to time limit at clock = 43210.6788297557
-----------------------------
| Model.cleanup in progress |
-----------------------------
cleanup: agenda
cleanup: wait queues
coroutine counts = (7409868,7409372,7409122)
[ModelOptimizer] Fitness: 8.1468 | Elapsed: 60.05 sec
[ModelOptimizer] Evaluating parameters: VectorD(1.00000,	3.51158,	-0.500000,	0.800000,	1.53570)

======================================================================
TRAFFIC MODEL BUILDER SUMMARY
======================================================================
Network:      US-101-N-DonaldDoyle
Segments:     7
Lanes:        4
Junctions:    8
Ramps:        2
Sensors:      5
Mode:         PeMS Data-Driven
Car-Following: IDM
ODE Solver:   Ballistic
Vmax:         35.0 m/s
======================================================================
Skipping Source actor due to time limit at clock = 43201.00125327633
Skipping Source actor due to time limit at clock = 43210.6788297557
-----------------------------
| Model.cleanup in progress |
-----------------------------
cleanup: agenda
cleanup: wait queues
coroutine counts = (7469625,7469125,7468873)
[ModelOptimizer] Fitness: 8.1397 | Elapsed: 49.35 sec
[ModelOptimizer] Evaluating parameters: VectorD(1.00000,	3.53388,	-0.500000,	0.800000,	1.53728)

======================================================================
TRAFFIC MODEL BUILDER SUMMARY
======================================================================
Network:      US-101-N-DonaldDoyle
Segments:     7
Lanes:        4
Junctions:    8
Ramps:        2
Sensors:      5
Mode:         PeMS Data-Driven
Car-Following: IDM
ODE Solver:   Ballistic
Vmax:         35.0 m/s
======================================================================
Skipping Source actor due to time limit at clock = 43201.00125327633
Skipping Source actor due to time limit at clock = 43210.6788297557
-----------------------------
| Model.cleanup in progress |
-----------------------------
cleanup: agenda
cleanup: wait queues
coroutine counts = (7529382,7528878,7528624)
[ModelOptimizer] Fitness: 8.1348 | Elapsed: 49.39 sec
[ModelOptimizer] Evaluating parameters: VectorD(1.00000,	3.44985,	-0.500000,	0.800000,	1.48731)

======================================================================
TRAFFIC MODEL BUILDER SUMMARY
======================================================================
Network:      US-101-N-DonaldDoyle
Segments:     7
Lanes:        4
Junctions:    8
Ramps:        2
Sensors:      5
Mode:         PeMS Data-Driven
Car-Following: IDM
ODE Solver:   Ballistic
Vmax:         35.0 m/s
======================================================================
Skipping Source actor due to time limit at clock = 43201.00125327633
Skipping Source actor due to time limit at clock = 43210.6788297557
-----------------------------
| Model.cleanup in progress |
-----------------------------
cleanup: agenda
cleanup: wait queues
coroutine counts = (7589139,7588631,7588375)
[ModelOptimizer] Fitness: 8.1334 | Elapsed: 50.27 sec
[ModelOptimizer] Evaluating parameters: VectorD(1.00000,	3.49483,	-0.500000,	0.800000,	1.49207)

======================================================================
TRAFFIC MODEL BUILDER SUMMARY
======================================================================
Network:      US-101-N-DonaldDoyle
Segments:     7
Lanes:        4
Junctions:    8
Ramps:        2
Sensors:      5
Mode:         PeMS Data-Driven
Car-Following: IDM
ODE Solver:   Ballistic
Vmax:         35.0 m/s
======================================================================
Skipping Source actor due to time limit at clock = 43201.00125327633
Skipping Source actor due to time limit at clock = 43210.6788297557
-----------------------------
| Model.cleanup in progress |
-----------------------------
cleanup: agenda
cleanup: wait queues
coroutine counts = (7648896,7648384,7648126)
[ModelOptimizer] Fitness: 8.1219 | Elapsed: 50.34 sec
[ModelOptimizer] Evaluating parameters: VectorD(1.00000,	3.50487,	-0.500000,	0.800000,	1.52566)

======================================================================
TRAFFIC MODEL BUILDER SUMMARY
======================================================================
Network:      US-101-N-DonaldDoyle
Segments:     7
Lanes:        4
Junctions:    8
Ramps:        2
Sensors:      5
Mode:         PeMS Data-Driven
Car-Following: IDM
ODE Solver:   Ballistic
Vmax:         35.0 m/s
======================================================================
Skipping Source actor due to time limit at clock = 43201.00125327633
Skipping Source actor due to time limit at clock = 43210.6788297557
-----------------------------
| Model.cleanup in progress |
-----------------------------
cleanup: agenda
cleanup: wait queues
coroutine counts = (7708653,7708137,7707877)
[ModelOptimizer] Fitness: 8.1254 | Elapsed: 49.87 sec
[ModelOptimizer] Evaluating parameters: VectorD(1.00000,	3.51811,	-0.500000,	0.800000,	1.53077)

======================================================================
TRAFFIC MODEL BUILDER SUMMARY
======================================================================
Network:      US-101-N-DonaldDoyle
Segments:     7
Lanes:        4
Junctions:    8
Ramps:        2
Sensors:      5
Mode:         PeMS Data-Driven
Car-Following: IDM
ODE Solver:   Ballistic
Vmax:         35.0 m/s
======================================================================
Skipping Source actor due to time limit at clock = 43201.00125327633
Skipping Source actor due to time limit at clock = 43210.6788297557
-----------------------------
| Model.cleanup in progress |
-----------------------------
cleanup: agenda
cleanup: wait queues
coroutine counts = (7768410,7767890,7767628)
[ModelOptimizer] Fitness: 8.1347 | Elapsed: 49.60 sec
[ModelOptimizer] Evaluating parameters: VectorD(1.00000,	3.49749,	-0.500000,	0.800000,	1.50935)

======================================================================
TRAFFIC MODEL BUILDER SUMMARY
======================================================================
Network:      US-101-N-DonaldDoyle
Segments:     7
Lanes:        4
Junctions:    8
Ramps:        2
Sensors:      5
Mode:         PeMS Data-Driven
Car-Following: IDM
ODE Solver:   Ballistic
Vmax:         35.0 m/s
======================================================================
Skipping Source actor due to time limit at clock = 43201.00125327633
Skipping Source actor due to time limit at clock = 43210.6788297557
-----------------------------
| Model.cleanup in progress |
-----------------------------
cleanup: agenda
cleanup: wait queues
coroutine counts = (7828167,7827643,7827379)
[ModelOptimizer] Fitness: 8.1127 | Elapsed: 49.86 sec
[ModelOptimizer] Evaluating parameters: VectorD(1.00000,	3.46110,	-0.500000,	0.800000,	1.48142)

======================================================================
TRAFFIC MODEL BUILDER SUMMARY
======================================================================
Network:      US-101-N-DonaldDoyle
Segments:     7
Lanes:        4
Junctions:    8
Ramps:        2
Sensors:      5
Mode:         PeMS Data-Driven
Car-Following: IDM
ODE Solver:   Ballistic
Vmax:         35.0 m/s
======================================================================
Skipping Source actor due to time limit at clock = 43201.00125327633
Skipping Source actor due to time limit at clock = 43210.6788297557
-----------------------------
| Model.cleanup in progress |
-----------------------------
cleanup: agenda
cleanup: wait queues
coroutine counts = (7887924,7887396,7887130)
[ModelOptimizer] Fitness: 8.1410 | Elapsed: 50.70 sec
[ModelOptimizer] Evaluating parameters: VectorD(1.00000,	3.51568,	-0.500000,	0.800000,	1.52331)

======================================================================
TRAFFIC MODEL BUILDER SUMMARY
======================================================================
Network:      US-101-N-DonaldDoyle
Segments:     7
Lanes:        4
Junctions:    8
Ramps:        2
Sensors:      5
Mode:         PeMS Data-Driven
Car-Following: IDM
ODE Solver:   Ballistic
Vmax:         35.0 m/s
======================================================================
Skipping Source actor due to time limit at clock = 43201.00125327633
Skipping Source actor due to time limit at clock = 43210.6788297557
-----------------------------
| Model.cleanup in progress |
-----------------------------
cleanup: agenda
cleanup: wait queues
coroutine counts = (7947681,7947149,7946881)
[ModelOptimizer] Fitness: 8.1286 | Elapsed: 49.71 sec
[ModelOptimizer] Evaluating parameters: VectorD(1.00000,	3.51568,	-0.500000,	0.800000,	1.52331)

======================================================================
TRAFFIC MODEL BUILDER SUMMARY
======================================================================
Network:      US-101-N-DonaldDoyle
Segments:     7
Lanes:        4
Junctions:    8
Ramps:        2
Sensors:      5
Mode:         PeMS Data-Driven
Car-Following: IDM
ODE Solver:   Ballistic
Vmax:         35.0 m/s
======================================================================
Skipping Source actor due to time limit at clock = 43201.00125327633
Skipping Source actor due to time limit at clock = 43210.6788297557
-----------------------------
| Model.cleanup in progress |
-----------------------------
cleanup: agenda
cleanup: wait queues
coroutine counts = (8007438,8006902,8006632)
[ModelOptimizer] Fitness: 8.1286 | Elapsed: 49.75 sec
      29 |      8.12026593 |      8.12026593 |       7.3% ✓
[ModelOptimizer] Evaluating parameters: VectorD(1.00000,	3.49701,	-0.500000,	0.800000,	1.50786)

======================================================================
TRAFFIC MODEL BUILDER SUMMARY
======================================================================
Network:      US-101-N-DonaldDoyle
Segments:     7
Lanes:        4
Junctions:    8
Ramps:        2
Sensors:      5
Mode:         PeMS Data-Driven
Car-Following: IDM
ODE Solver:   Ballistic
Vmax:         35.0 m/s
======================================================================
Skipping Source actor due to time limit at clock = 43201.00125327633
Skipping Source actor due to time limit at clock = 43210.6788297557
-----------------------------
| Model.cleanup in progress |
-----------------------------
cleanup: agenda
cleanup: wait queues
coroutine counts = (8067195,8066655,8066383)
[ModelOptimizer] Fitness: 8.1187 | Elapsed: 49.78 sec
[ModelOptimizer] Evaluating parameters: VectorD(1.00000,	3.47590,	-0.500000,	0.800000,	1.48494)

======================================================================
TRAFFIC MODEL BUILDER SUMMARY
======================================================================
Network:      US-101-N-DonaldDoyle
Segments:     7
Lanes:        4
Junctions:    8
Ramps:        2
Sensors:      5
Mode:         PeMS Data-Driven
Car-Following: IDM
ODE Solver:   Ballistic
Vmax:         35.0 m/s
======================================================================
Skipping Source actor due to time limit at clock = 43201.00125327633
Skipping Source actor due to time limit at clock = 43210.6788297557
-----------------------------
| Model.cleanup in progress |
-----------------------------
cleanup: agenda
cleanup: wait queues
coroutine counts = (8126952,8126408,8126134)
[ModelOptimizer] Fitness: 8.1406 | Elapsed: 50.26 sec
[ModelOptimizer] Evaluating parameters: VectorD(1.00000,	3.50756,	-0.500000,	0.800000,	1.51931)

======================================================================
TRAFFIC MODEL BUILDER SUMMARY
======================================================================
Network:      US-101-N-DonaldDoyle
Segments:     7
Lanes:        4
Junctions:    8
Ramps:        2
Sensors:      5
Mode:         PeMS Data-Driven
Car-Following: IDM
ODE Solver:   Ballistic
Vmax:         35.0 m/s
======================================================================
Skipping Source actor due to time limit at clock = 43201.00125327633
Skipping Source actor due to time limit at clock = 43210.6788297557
-----------------------------
| Model.cleanup in progress |
-----------------------------
cleanup: agenda
cleanup: wait queues
coroutine counts = (8186709,8186161,8185885)
[ModelOptimizer] Fitness: 8.1151 | Elapsed: 49.07 sec
[ModelOptimizer] Evaluating parameters: VectorD(1.00000,	3.50756,	-0.500000,	0.800000,	1.51931)

======================================================================
TRAFFIC MODEL BUILDER SUMMARY
======================================================================
Network:      US-101-N-DonaldDoyle
Segments:     7
Lanes:        4
Junctions:    8
Ramps:        2
Sensors:      5
Mode:         PeMS Data-Driven
Car-Following: IDM
ODE Solver:   Ballistic
Vmax:         35.0 m/s
======================================================================
Skipping Source actor due to time limit at clock = 43201.00125327633
Skipping Source actor due to time limit at clock = 43210.6788297557
-----------------------------
| Model.cleanup in progress |
-----------------------------
cleanup: agenda
cleanup: wait queues
coroutine counts = (8246466,8245914,8245636)
[ModelOptimizer] Fitness: 8.1151 | Elapsed: 49.84 sec
      30 |      8.12026593 |      8.12026593 |       7.5% ✓
[ModelOptimizer] Evaluating parameters: VectorD(1.00000,	3.50855,	-0.500000,	0.800000,	1.51426)

======================================================================
TRAFFIC MODEL BUILDER SUMMARY
======================================================================
Network:      US-101-N-DonaldDoyle
Segments:     7
Lanes:        4
Junctions:    8
Ramps:        2
Sensors:      5
Mode:         PeMS Data-Driven
Car-Following: IDM
ODE Solver:   Ballistic
Vmax:         35.0 m/s
======================================================================
Skipping Source actor due to time limit at clock = 43201.00125327633
Skipping Source actor due to time limit at clock = 43210.6788297557
-----------------------------
| Model.cleanup in progress |
-----------------------------
cleanup: agenda
cleanup: wait queues
coroutine counts = (8306223,8305667,8305387)
[ModelOptimizer] Fitness: 8.1050 | Elapsed: 49.70 sec
[ModelOptimizer] Evaluating parameters: VectorD(1.00000,	3.56724,	-0.500000,	0.800000,	1.54121)

======================================================================
TRAFFIC MODEL BUILDER SUMMARY
======================================================================
Network:      US-101-N-DonaldDoyle
Segments:     7
Lanes:        4
Junctions:    8
Ramps:        2
Sensors:      5
Mode:         PeMS Data-Driven
Car-Following: IDM
ODE Solver:   Ballistic
Vmax:         35.0 m/s
======================================================================
Skipping Source actor due to time limit at clock = 43201.00125327633
Skipping Source actor due to time limit at clock = 43210.6788297557
-----------------------------
| Model.cleanup in progress |
-----------------------------
cleanup: agenda
cleanup: wait queues
coroutine counts = (8365980,8365420,8365138)
[ModelOptimizer] Fitness: 8.1254 | Elapsed: 49.53 sec
[ModelOptimizer] Evaluating parameters: VectorD(1.00000,	3.56724,	-0.500000,	0.800000,	1.54121)

======================================================================
TRAFFIC MODEL BUILDER SUMMARY
======================================================================
Network:      US-101-N-DonaldDoyle
Segments:     7
Lanes:        4
Junctions:    8
Ramps:        2
Sensors:      5
Mode:         PeMS Data-Driven
Car-Following: IDM
ODE Solver:   Ballistic
Vmax:         35.0 m/s
======================================================================
Skipping Source actor due to time limit at clock = 43201.00125327633
Skipping Source actor due to time limit at clock = 43210.6788297557
-----------------------------
| Model.cleanup in progress |
-----------------------------
cleanup: agenda
cleanup: wait queues
coroutine counts = (8425737,8425173,8424889)
[ModelOptimizer] Fitness: 8.1254 | Elapsed: 49.29 sec
      31 |      8.11510099 |      8.11510099 |       7.8% ✓
[ModelOptimizer] Evaluating parameters: VectorD(1.00000,	3.51886,	-0.500000,	0.800000,	1.51784)

======================================================================
TRAFFIC MODEL BUILDER SUMMARY
======================================================================
Network:      US-101-N-DonaldDoyle
Segments:     7
Lanes:        4
Junctions:    8
Ramps:        2
Sensors:      5
Mode:         PeMS Data-Driven
Car-Following: IDM
ODE Solver:   Ballistic
Vmax:         35.0 m/s
======================================================================
Skipping Source actor due to time limit at clock = 43201.00125327633
Skipping Source actor due to time limit at clock = 43210.6788297557
-----------------------------
| Model.cleanup in progress |
-----------------------------
cleanup: agenda
cleanup: wait queues
coroutine counts = (8485494,8484926,8484640)
[ModelOptimizer] Fitness: 8.1049 | Elapsed: 49.78 sec
[ModelOptimizer] Evaluating parameters: VectorD(1.00000,	3.52203,	-0.500000,	0.800000,	1.51236)

======================================================================
TRAFFIC MODEL BUILDER SUMMARY
======================================================================
Network:      US-101-N-DonaldDoyle
Segments:     7
Lanes:        4
Junctions:    8
Ramps:        2
Sensors:      5
Mode:         PeMS Data-Driven
Car-Following: IDM
ODE Solver:   Ballistic
Vmax:         35.0 m/s
======================================================================
Skipping Source actor due to time limit at clock = 43201.00125327633
Skipping Source actor due to time limit at clock = 43210.6788297557
-----------------------------
| Model.cleanup in progress |
-----------------------------
cleanup: agenda
cleanup: wait queues
coroutine counts = (8545251,8544679,8544391)
[ModelOptimizer] Fitness: 8.1170 | Elapsed: 49.80 sec
[ModelOptimizer] Evaluating parameters: VectorD(1.00000,	3.52203,	-0.500000,	0.800000,	1.51236)

======================================================================
TRAFFIC MODEL BUILDER SUMMARY
======================================================================
Network:      US-101-N-DonaldDoyle
Segments:     7
Lanes:        4
Junctions:    8
Ramps:        2
Sensors:      5
Mode:         PeMS Data-Driven
Car-Following: IDM
ODE Solver:   Ballistic
Vmax:         35.0 m/s
======================================================================
Skipping Source actor due to time limit at clock = 43201.00125327633
Skipping Source actor due to time limit at clock = 43210.6788297557
-----------------------------
| Model.cleanup in progress |
-----------------------------
cleanup: agenda
cleanup: wait queues
coroutine counts = (8605008,8604432,8604142)
[ModelOptimizer] Fitness: 8.1170 | Elapsed: 49.81 sec
      32 |      8.11510099 |      8.11510099 |       8.0% ✓
[ModelOptimizer] Evaluating parameters: VectorD(1.00000,	3.50981,	-0.500000,	0.800000,	1.51207)

======================================================================
TRAFFIC MODEL BUILDER SUMMARY
======================================================================
Network:      US-101-N-DonaldDoyle
Segments:     7
Lanes:        4
Junctions:    8
Ramps:        2
Sensors:      5
Mode:         PeMS Data-Driven
Car-Following: IDM
ODE Solver:   Ballistic
Vmax:         35.0 m/s
======================================================================
Skipping Source actor due to time limit at clock = 43201.00125327633
Skipping Source actor due to time limit at clock = 43210.6788297557
-----------------------------
| Model.cleanup in progress |
-----------------------------
cleanup: agenda
cleanup: wait queues
coroutine counts = (8664765,8664185,8663893)
[ModelOptimizer] Fitness: 8.1176 | Elapsed: 49.67 sec
[ModelOptimizer] Evaluating parameters: VectorD(1.00000,	3.45239,	-0.500000,	0.800000,	1.48293)

======================================================================
TRAFFIC MODEL BUILDER SUMMARY
======================================================================
Network:      US-101-N-DonaldDoyle
Segments:     7
Lanes:        4
Junctions:    8
Ramps:        2
Sensors:      5
Mode:         PeMS Data-Driven
Car-Following: IDM
ODE Solver:   Ballistic
Vmax:         35.0 m/s
======================================================================
Skipping Source actor due to time limit at clock = 43201.00125327633
Skipping Source actor due to time limit at clock = 43210.6788297557
-----------------------------
| Model.cleanup in progress |
-----------------------------
cleanup: agenda
cleanup: wait queues
coroutine counts = (8724522,8723938,8723644)
[ModelOptimizer] Fitness: 8.1385 | Elapsed: 50.21 sec
[ModelOptimizer] Evaluating parameters: VectorD(1.00000,	3.53853,	-0.500000,	0.800000,	1.52664)

======================================================================
TRAFFIC MODEL BUILDER SUMMARY
======================================================================
Network:      US-101-N-DonaldDoyle
Segments:     7
Lanes:        4
Junctions:    8
Ramps:        2
Sensors:      5
Mode:         PeMS Data-Driven
Car-Following: IDM
ODE Solver:   Ballistic
Vmax:         35.0 m/s
======================================================================
Skipping Source actor due to time limit at clock = 43201.00125327633
Skipping Source actor due to time limit at clock = 43210.6788297557
-----------------------------
| Model.cleanup in progress |
-----------------------------
cleanup: agenda
cleanup: wait queues
coroutine counts = (8784279,8783691,8783395)
[ModelOptimizer] Fitness: 8.1192 | Elapsed: 49.49 sec
[ModelOptimizer] Evaluating parameters: VectorD(1.00000,	3.53853,	-0.500000,	0.800000,	1.52664)

======================================================================
TRAFFIC MODEL BUILDER SUMMARY
======================================================================
Network:      US-101-N-DonaldDoyle
Segments:     7
Lanes:        4
Junctions:    8
Ramps:        2
Sensors:      5
Mode:         PeMS Data-Driven
Car-Following: IDM
ODE Solver:   Ballistic
Vmax:         35.0 m/s
======================================================================
Skipping Source actor due to time limit at clock = 43201.00125327633
Skipping Source actor due to time limit at clock = 43210.6788297557
-----------------------------
| Model.cleanup in progress |
-----------------------------
cleanup: agenda
cleanup: wait queues
coroutine counts = (8844036,8843444,8843146)
[ModelOptimizer] Fitness: 8.1192 | Elapsed: 49.96 sec
      33 |      8.11510099 |      8.11510099 |       8.3% ✓
[ModelOptimizer] Evaluating parameters: VectorD(1.00000,	3.51655,	-0.500000,	0.800000,	1.51226)

======================================================================
TRAFFIC MODEL BUILDER SUMMARY
======================================================================
Network:      US-101-N-DonaldDoyle
Segments:     7
Lanes:        4
Junctions:    8
Ramps:        2
Sensors:      5
Mode:         PeMS Data-Driven
Car-Following: IDM
ODE Solver:   Ballistic
Vmax:         35.0 m/s
======================================================================
Skipping Source actor due to time limit at clock = 43201.00125327633
Skipping Source actor due to time limit at clock = 43210.6788297557
-----------------------------
| Model.cleanup in progress |
-----------------------------
cleanup: agenda
cleanup: wait queues
coroutine counts = (8903793,8903197,8902897)
[ModelOptimizer] Fitness: 8.1176 | Elapsed: 49.89 sec
[ModelOptimizer] Evaluating parameters: VectorD(1.00000,	3.52822,	-0.500000,	0.800000,	1.49886)

======================================================================
TRAFFIC MODEL BUILDER SUMMARY
======================================================================
Network:      US-101-N-DonaldDoyle
Segments:     7
Lanes:        4
Junctions:    8
Ramps:        2
Sensors:      5
Mode:         PeMS Data-Driven
Car-Following: IDM
ODE Solver:   Ballistic
Vmax:         35.0 m/s
======================================================================
Skipping Source actor due to time limit at clock = 43201.00125327633
Skipping Source actor due to time limit at clock = 43210.6788297557
-----------------------------
| Model.cleanup in progress |
-----------------------------
cleanup: agenda
cleanup: wait queues
coroutine counts = (8963550,8962950,8962648)
[ModelOptimizer] Fitness: 8.1238 | Elapsed: 50.12 sec
[ModelOptimizer] Evaluating parameters: VectorD(1.00000,	3.52238,	-0.500000,	0.800000,	1.50556)

======================================================================
TRAFFIC MODEL BUILDER SUMMARY
======================================================================
Network:      US-101-N-DonaldDoyle
Segments:     7
Lanes:        4
Junctions:    8
Ramps:        2
Sensors:      5
Mode:         PeMS Data-Driven
Car-Following: IDM
ODE Solver:   Ballistic
Vmax:         35.0 m/s
======================================================================
Skipping Source actor due to time limit at clock = 43201.00125327633
Skipping Source actor due to time limit at clock = 43210.6788297557
-----------------------------
| Model.cleanup in progress |
-----------------------------
cleanup: agenda
cleanup: wait queues
coroutine counts = (9023307,9022703,9022399)
[ModelOptimizer] Fitness: 8.1179 | Elapsed: 50.19 sec
[ModelOptimizer] Evaluating parameters: VectorD(1.00000,	3.52238,	-0.500000,	0.800000,	1.50556)

======================================================================
TRAFFIC MODEL BUILDER SUMMARY
======================================================================
Network:      US-101-N-DonaldDoyle
Segments:     7
Lanes:        4
Junctions:    8
Ramps:        2
Sensors:      5
Mode:         PeMS Data-Driven
Car-Following: IDM
ODE Solver:   Ballistic
Vmax:         35.0 m/s
======================================================================
Skipping Source actor due to time limit at clock = 43201.00125327633
Skipping Source actor due to time limit at clock = 43210.6788297557
-----------------------------
| Model.cleanup in progress |
-----------------------------
cleanup: agenda
cleanup: wait queues
coroutine counts = (9083064,9082456,9082150)
[ModelOptimizer] Fitness: 8.1179 | Elapsed: 49.95 sec
      34 |      8.11510099 |      8.11510099 |       8.5% ✓
[ModelOptimizer] Evaluating parameters: VectorD(1.00000,	3.52206,	-0.500000,	0.800000,	1.51496)

======================================================================
TRAFFIC MODEL BUILDER SUMMARY
======================================================================
Network:      US-101-N-DonaldDoyle
Segments:     7
Lanes:        4
Junctions:    8
Ramps:        2
Sensors:      5
Mode:         PeMS Data-Driven
Car-Following: IDM
ODE Solver:   Ballistic
Vmax:         35.0 m/s
======================================================================
Skipping Source actor due to time limit at clock = 43201.00125327633
Skipping Source actor due to time limit at clock = 43210.6788297557
-----------------------------
| Model.cleanup in progress |
-----------------------------
cleanup: agenda
cleanup: wait queues
coroutine counts = (9142821,9142209,9141901)
[ModelOptimizer] Fitness: 8.1106 | Elapsed: 50.10 sec
[ModelOptimizer] Evaluating parameters: VectorD(1.00000,	3.54928,	-0.500000,	0.800000,	1.53785)

======================================================================
TRAFFIC MODEL BUILDER SUMMARY
======================================================================
Network:      US-101-N-DonaldDoyle
Segments:     7
Lanes:        4
Junctions:    8
Ramps:        2
Sensors:      5
Mode:         PeMS Data-Driven
Car-Following: IDM
ODE Solver:   Ballistic
Vmax:         35.0 m/s
======================================================================
Skipping Source actor due to time limit at clock = 43201.00125327633
Skipping Source actor due to time limit at clock = 43210.6788297557
-----------------------------
| Model.cleanup in progress |
-----------------------------
cleanup: agenda
cleanup: wait queues
coroutine counts = (9202578,9201962,9201652)
[ModelOptimizer] Fitness: 8.1359 | Elapsed: 49.56 sec
[ModelOptimizer] Evaluating parameters: VectorD(1.00000,	3.50844,	-0.500000,	0.800000,	1.50352)

======================================================================
TRAFFIC MODEL BUILDER SUMMARY
======================================================================
Network:      US-101-N-DonaldDoyle
Segments:     7
Lanes:        4
Junctions:    8
Ramps:        2
Sensors:      5
Mode:         PeMS Data-Driven
Car-Following: IDM
ODE Solver:   Ballistic
Vmax:         35.0 m/s
======================================================================
Skipping Source actor due to time limit at clock = 43201.00125327633
Skipping Source actor due to time limit at clock = 43210.6788297557
-----------------------------
| Model.cleanup in progress |
-----------------------------
cleanup: agenda
cleanup: wait queues
coroutine counts = (9262335,9261715,9261403)
[ModelOptimizer] Fitness: 8.1195 | Elapsed: 50.17 sec
[ModelOptimizer] Evaluating parameters: VectorD(1.00000,	3.50844,	-0.500000,	0.800000,	1.50352)

======================================================================
TRAFFIC MODEL BUILDER SUMMARY
======================================================================
Network:      US-101-N-DonaldDoyle
Segments:     7
Lanes:        4
Junctions:    8
Ramps:        2
Sensors:      5
Mode:         PeMS Data-Driven
Car-Following: IDM
ODE Solver:   Ballistic
Vmax:         35.0 m/s
======================================================================
Skipping Source actor due to time limit at clock = 43201.00125327633
Skipping Source actor due to time limit at clock = 43210.6788297557
-----------------------------
| Model.cleanup in progress |
-----------------------------
cleanup: agenda
cleanup: wait queues
coroutine counts = (9322092,9321468,9321154)
[ModelOptimizer] Fitness: 8.1195 | Elapsed: 50.19 sec
      35 |      8.11510099 |      8.11510099 |       8.8% ✓
[ModelOptimizer] Evaluating parameters: VectorD(1.00000,	3.51979,	-0.500000,	0.800000,	1.51348)

======================================================================
TRAFFIC MODEL BUILDER SUMMARY
======================================================================
Network:      US-101-N-DonaldDoyle
Segments:     7
Lanes:        4
Junctions:    8
Ramps:        2
Sensors:      5
Mode:         PeMS Data-Driven
Car-Following: IDM
ODE Solver:   Ballistic
Vmax:         35.0 m/s
======================================================================
Skipping Source actor due to time limit at clock = 43201.00125327633
Skipping Source actor due to time limit at clock = 43210.6788297557
-----------------------------
| Model.cleanup in progress |
-----------------------------
cleanup: agenda
cleanup: wait queues
coroutine counts = (9381849,9381221,9380905)
[ModelOptimizer] Fitness: 8.1089 | Elapsed: 49.87 sec
[ModelOptimizer] Evaluating parameters: VectorD(1.00000,	3.51979,	-0.500000,	0.800000,	1.51603)

======================================================================
TRAFFIC MODEL BUILDER SUMMARY
======================================================================
Network:      US-101-N-DonaldDoyle
Segments:     7
Lanes:        4
Junctions:    8
Ramps:        2
Sensors:      5
Mode:         PeMS Data-Driven
Car-Following: IDM
ODE Solver:   Ballistic
Vmax:         35.0 m/s
======================================================================
Skipping Source actor due to time limit at clock = 43201.00125327633
Skipping Source actor due to time limit at clock = 43210.6788297557
-----------------------------
| Model.cleanup in progress |
-----------------------------
cleanup: agenda
cleanup: wait queues
coroutine counts = (9441606,9440974,9440656)
[ModelOptimizer] Fitness: 8.1050 | Elapsed: 49.76 sec
[ModelOptimizer] Evaluating parameters: VectorD(1.00000,	3.51979,	-0.500000,	0.800000,	1.51859)

======================================================================
TRAFFIC MODEL BUILDER SUMMARY
======================================================================
Network:      US-101-N-DonaldDoyle
Segments:     7
Lanes:        4
Junctions:    8
Ramps:        2
Sensors:      5
Mode:         PeMS Data-Driven
Car-Following: IDM
ODE Solver:   Ballistic
Vmax:         35.0 m/s
======================================================================
Skipping Source actor due to time limit at clock = 43201.00125327633
Skipping Source actor due to time limit at clock = 43210.6788297557
-----------------------------
| Model.cleanup in progress |
-----------------------------
cleanup: agenda
cleanup: wait queues
coroutine counts = (9501363,9500727,9500407)
[ModelOptimizer] Fitness: 8.1103 | Elapsed: 49.72 sec
[ModelOptimizer] Evaluating parameters: VectorD(1.00000,	3.51979,	-0.500000,	0.800000,	1.51603)

======================================================================
TRAFFIC MODEL BUILDER SUMMARY
======================================================================
Network:      US-101-N-DonaldDoyle
Segments:     7
Lanes:        4
Junctions:    8
Ramps:        2
Sensors:      5
Mode:         PeMS Data-Driven
Car-Following: IDM
ODE Solver:   Ballistic
Vmax:         35.0 m/s
======================================================================
Skipping Source actor due to time limit at clock = 43201.00125327633
Skipping Source actor due to time limit at clock = 43210.6788297557
-----------------------------
| Model.cleanup in progress |
-----------------------------
cleanup: agenda
cleanup: wait queues
coroutine counts = (9561120,9560480,9560158)
[ModelOptimizer] Fitness: 8.1050 | Elapsed: 50.09 sec
      36 |      8.11510099 |      8.11510099 |       9.0% ✓
[ModelOptimizer] Evaluating parameters: VectorD(1.00000,	3.52206,	-0.500000,	0.800000,	1.51598)

======================================================================
TRAFFIC MODEL BUILDER SUMMARY
======================================================================
Network:      US-101-N-DonaldDoyle
Segments:     7
Lanes:        4
Junctions:    8
Ramps:        2
Sensors:      5
Mode:         PeMS Data-Driven
Car-Following: IDM
ODE Solver:   Ballistic
Vmax:         35.0 m/s
======================================================================
Skipping Source actor due to time limit at clock = 43201.00125327633
Skipping Source actor due to time limit at clock = 43210.6788297557
-----------------------------
| Model.cleanup in progress |
-----------------------------
cleanup: agenda
cleanup: wait queues
coroutine counts = (9620877,9620233,9619909)
[ModelOptimizer] Fitness: 8.1063 | Elapsed: 49.28 sec
[ModelOptimizer] Evaluating parameters: VectorD(1.00000,	3.53567,	-0.500000,	0.800000,	1.52845)

======================================================================
TRAFFIC MODEL BUILDER SUMMARY
======================================================================
Network:      US-101-N-DonaldDoyle
Segments:     7
Lanes:        4
Junctions:    8
Ramps:        2
Sensors:      5
Mode:         PeMS Data-Driven
Car-Following: IDM
ODE Solver:   Ballistic
Vmax:         35.0 m/s
======================================================================
Skipping Source actor due to time limit at clock = 43201.00125327633
Skipping Source actor due to time limit at clock = 43210.6788297557
-----------------------------
| Model.cleanup in progress |
-----------------------------
cleanup: agenda
cleanup: wait queues
coroutine counts = (9680634,9679986,9679660)
[ModelOptimizer] Fitness: 8.1257 | Elapsed: 49.55 sec
[ModelOptimizer] Evaluating parameters: VectorD(1.00000,	3.51525,	-0.500000,	0.800000,	1.50975)

======================================================================
TRAFFIC MODEL BUILDER SUMMARY
======================================================================
Network:      US-101-N-DonaldDoyle
Segments:     7
Lanes:        4
Junctions:    8
Ramps:        2
Sensors:      5
Mode:         PeMS Data-Driven
Car-Following: IDM
ODE Solver:   Ballistic
Vmax:         35.0 m/s
======================================================================
Skipping Source actor due to time limit at clock = 43201.00125327633
Skipping Source actor due to time limit at clock = 43210.6788297557
-----------------------------
| Model.cleanup in progress |
-----------------------------
cleanup: agenda
cleanup: wait queues
coroutine counts = (9740391,9739739,9739411)
[ModelOptimizer] Fitness: 8.1136 | Elapsed: 49.99 sec
[ModelOptimizer] Evaluating parameters: VectorD(1.00000,	3.51525,	-0.500000,	0.800000,	1.50975)

======================================================================
TRAFFIC MODEL BUILDER SUMMARY
======================================================================
Network:      US-101-N-DonaldDoyle
Segments:     7
Lanes:        4
Junctions:    8
Ramps:        2
Sensors:      5
Mode:         PeMS Data-Driven
Car-Following: IDM
ODE Solver:   Ballistic
Vmax:         35.0 m/s
======================================================================
Skipping Source actor due to time limit at clock = 43201.00125327633
Skipping Source actor due to time limit at clock = 43210.6788297557
-----------------------------
| Model.cleanup in progress |
-----------------------------
cleanup: agenda
cleanup: wait queues
coroutine counts = (9800148,9799492,9799162)
[ModelOptimizer] Fitness: 8.1136 | Elapsed: 50.16 sec
      37 |      8.10501481 |      8.10501481 |       9.3% ✓
[ModelOptimizer] Evaluating parameters: VectorD(1.00000,	3.51740,	-0.500000,	0.800000,	1.51260)

======================================================================
TRAFFIC MODEL BUILDER SUMMARY
======================================================================
Network:      US-101-N-DonaldDoyle
Segments:     7
Lanes:        4
Junctions:    8
Ramps:        2
Sensors:      5
Mode:         PeMS Data-Driven
Car-Following: IDM
ODE Solver:   Ballistic
Vmax:         35.0 m/s
======================================================================
Skipping Source actor due to time limit at clock = 43201.00125327633
Skipping Source actor due to time limit at clock = 43210.6788297557
-----------------------------
| Model.cleanup in progress |
-----------------------------
cleanup: agenda
cleanup: wait queues
coroutine counts = (9859905,9859245,9858913)
[ModelOptimizer] Fitness: 8.1171 | Elapsed: 50.02 sec
[ModelOptimizer] Evaluating parameters: VectorD(1.00000,	3.49628,	-0.500000,	0.800000,	1.49857)

======================================================================
TRAFFIC MODEL BUILDER SUMMARY
======================================================================
Network:      US-101-N-DonaldDoyle
Segments:     7
Lanes:        4
Junctions:    8
Ramps:        2
Sensors:      5
Mode:         PeMS Data-Driven
Car-Following: IDM
ODE Solver:   Ballistic
Vmax:         35.0 m/s
======================================================================
Skipping Source actor due to time limit at clock = 43201.00125327633
Skipping Source actor due to time limit at clock = 43210.6788297557
-----------------------------
| Model.cleanup in progress |
-----------------------------
cleanup: agenda
cleanup: wait queues
coroutine counts = (9919662,9918998,9918664)
[ModelOptimizer] Fitness: 8.1276 | Elapsed: 50.03 sec
[ModelOptimizer] Evaluating parameters: VectorD(1.00000,	3.52796,	-0.500000,	0.800000,	1.51962)

======================================================================
TRAFFIC MODEL BUILDER SUMMARY
======================================================================
Network:      US-101-N-DonaldDoyle
Segments:     7
Lanes:        4
Junctions:    8
Ramps:        2
Sensors:      5
Mode:         PeMS Data-Driven
Car-Following: IDM
ODE Solver:   Ballistic
Vmax:         35.0 m/s
======================================================================
Skipping Source actor due to time limit at clock = 43201.00125327633
Skipping Source actor due to time limit at clock = 43210.6788297557
-----------------------------
| Model.cleanup in progress |
-----------------------------
cleanup: agenda
cleanup: wait queues
coroutine counts = (9979419,9978751,9978415)
[ModelOptimizer] Fitness: 8.1169 | Elapsed: 50.11 sec
[ModelOptimizer] Evaluating parameters: VectorD(1.00000,	3.52796,	-0.500000,	0.800000,	1.51962)

======================================================================
TRAFFIC MODEL BUILDER SUMMARY
======================================================================
Network:      US-101-N-DonaldDoyle
Segments:     7
Lanes:        4
Junctions:    8
Ramps:        2
Sensors:      5
Mode:         PeMS Data-Driven
Car-Following: IDM
ODE Solver:   Ballistic
Vmax:         35.0 m/s
======================================================================
Skipping Source actor due to time limit at clock = 43201.00125327633
Skipping Source actor due to time limit at clock = 43210.6788297557
-----------------------------
| Model.cleanup in progress |
-----------------------------
cleanup: agenda
cleanup: wait queues
coroutine counts = (10039176,10038504,10038166)
[ModelOptimizer] Fitness: 8.1169 | Elapsed: 50.05 sec
      38 |      8.10501481 |      8.10501481 |       9.5% ✓
[ModelOptimizer] Evaluating parameters: VectorD(1.00000,	3.51852,	-0.500000,	0.800000,	1.51542)

======================================================================
TRAFFIC MODEL BUILDER SUMMARY
======================================================================
Network:      US-101-N-DonaldDoyle
Segments:     7
Lanes:        4
Junctions:    8
Ramps:        2
Sensors:      5
Mode:         PeMS Data-Driven
Car-Following: IDM
ODE Solver:   Ballistic
Vmax:         35.0 m/s
======================================================================
Skipping Source actor due to time limit at clock = 43201.00125327633
Skipping Source actor due to time limit at clock = 43210.6788297557
-----------------------------
| Model.cleanup in progress |
-----------------------------
cleanup: agenda
cleanup: wait queues
coroutine counts = (10098933,10098257,10097917)
[ModelOptimizer] Fitness: 8.1080 | Elapsed: 49.94 sec
[ModelOptimizer] Evaluating parameters: VectorD(1.00000,	3.51465,	-0.500000,	0.800000,	1.52527)

======================================================================
TRAFFIC MODEL BUILDER SUMMARY
======================================================================
Network:      US-101-N-DonaldDoyle
Segments:     7
Lanes:        4
Junctions:    8
Ramps:        2
Sensors:      5
Mode:         PeMS Data-Driven
Car-Following: IDM
ODE Solver:   Ballistic
Vmax:         35.0 m/s
======================================================================
Skipping Source actor due to time limit at clock = 43201.00125327633
Skipping Source actor due to time limit at clock = 43210.6788297557
-----------------------------
| Model.cleanup in progress |
-----------------------------
cleanup: agenda
cleanup: wait queues
coroutine counts = (10158690,10158010,10157668)
[ModelOptimizer] Fitness: 8.1253 | Elapsed: 49.82 sec
[ModelOptimizer] Evaluating parameters: VectorD(1.00000,	3.52045,	-0.500000,	0.800000,	1.51049)

======================================================================
TRAFFIC MODEL BUILDER SUMMARY
======================================================================
Network:      US-101-N-DonaldDoyle
Segments:     7
Lanes:        4
Junctions:    8
Ramps:        2
Sensors:      5
Mode:         PeMS Data-Driven
Car-Following: IDM
ODE Solver:   Ballistic
Vmax:         35.0 m/s
======================================================================
Skipping Source actor due to time limit at clock = 43201.00125327633
Skipping Source actor due to time limit at clock = 43210.6788297557
-----------------------------
| Model.cleanup in progress |
-----------------------------
cleanup: agenda
cleanup: wait queues
coroutine counts = (10218447,10217763,10217419)
[ModelOptimizer] Fitness: 8.1148 | Elapsed: 50.30 sec
[ModelOptimizer] Evaluating parameters: VectorD(1.00000,	3.52045,	-0.500000,	0.800000,	1.51049)

======================================================================
TRAFFIC MODEL BUILDER SUMMARY
======================================================================
Network:      US-101-N-DonaldDoyle
Segments:     7
Lanes:        4
Junctions:    8
Ramps:        2
Sensors:      5
Mode:         PeMS Data-Driven
Car-Following: IDM
ODE Solver:   Ballistic
Vmax:         35.0 m/s
======================================================================
Skipping Source actor due to time limit at clock = 43201.00125327633
Skipping Source actor due to time limit at clock = 43210.6788297557
-----------------------------
| Model.cleanup in progress |
-----------------------------
cleanup: agenda
cleanup: wait queues
coroutine counts = (10278204,10277516,10277170)
[ModelOptimizer] Fitness: 8.1148 | Elapsed: 49.64 sec
      39 |      8.10501481 |      8.10501481 |       9.8% ✓
[ModelOptimizer] Evaluating parameters: VectorD(1.00000,	3.51820,	-0.500000,	0.800000,	1.51504)

======================================================================
TRAFFIC MODEL BUILDER SUMMARY
======================================================================
Network:      US-101-N-DonaldDoyle
Segments:     7
Lanes:        4
Junctions:    8
Ramps:        2
Sensors:      5
Mode:         PeMS Data-Driven
Car-Following: IDM
ODE Solver:   Ballistic
Vmax:         35.0 m/s
======================================================================
Skipping Source actor due to time limit at clock = 43201.00125327633
Skipping Source actor due to time limit at clock = 43210.6788297557
-----------------------------
| Model.cleanup in progress |
-----------------------------
cleanup: agenda
cleanup: wait queues
coroutine counts = (10337961,10337269,10336921)
[ModelOptimizer] Fitness: 8.1099 | Elapsed: 49.52 sec
[ModelOptimizer] Evaluating parameters: VectorD(1.00000,	3.51437,	-0.500000,	0.800000,	1.51772)

======================================================================
TRAFFIC MODEL BUILDER SUMMARY
======================================================================
Network:      US-101-N-DonaldDoyle
Segments:     7
Lanes:        4
Junctions:    8
Ramps:        2
Sensors:      5
Mode:         PeMS Data-Driven
Car-Following: IDM
ODE Solver:   Ballistic
Vmax:         35.0 m/s
======================================================================
Skipping Source actor due to time limit at clock = 43201.00125327633
Skipping Source actor due to time limit at clock = 43210.6788297557
-----------------------------
| Model.cleanup in progress |
-----------------------------
cleanup: agenda
cleanup: wait queues
coroutine counts = (10397718,10397022,10396672)
[ModelOptimizer] Fitness: 8.1059 | Elapsed: 50.14 sec
[ModelOptimizer] Evaluating parameters: VectorD(1.00000,	3.51437,	-0.500000,	0.800000,	1.51772)

======================================================================
TRAFFIC MODEL BUILDER SUMMARY
======================================================================
Network:      US-101-N-DonaldDoyle
Segments:     7
Lanes:        4
Junctions:    8
Ramps:        2
Sensors:      5
Mode:         PeMS Data-Driven
Car-Following: IDM
ODE Solver:   Ballistic
Vmax:         35.0 m/s
======================================================================
Skipping Source actor due to time limit at clock = 43201.00125327633
Skipping Source actor due to time limit at clock = 43210.6788297557
-----------------------------
| Model.cleanup in progress |
-----------------------------
cleanup: agenda
cleanup: wait queues
coroutine counts = (10457475,10456775,10456423)
[ModelOptimizer] Fitness: 8.1059 | Elapsed: 49.50 sec
      40 |      8.10501481 |      8.10501481 |      10.0% ✓
[ModelOptimizer] Evaluating parameters: VectorD(1.00000,	3.51548,	-0.500000,	0.800000,	1.51466)

======================================================================
TRAFFIC MODEL BUILDER SUMMARY
======================================================================
Network:      US-101-N-DonaldDoyle
Segments:     7
Lanes:        4
Junctions:    8
Ramps:        2
Sensors:      5
Mode:         PeMS Data-Driven
Car-Following: IDM
ODE Solver:   Ballistic
Vmax:         35.0 m/s
======================================================================
Skipping Source actor due to time limit at clock = 43201.00125327633
Skipping Source actor due to time limit at clock = 43210.6788297557
-----------------------------
| Model.cleanup in progress |
-----------------------------
cleanup: agenda
cleanup: wait queues
coroutine counts = (10517232,10516528,10516174)
[ModelOptimizer] Fitness: 8.1114 | Elapsed: 49.72 sec
[ModelOptimizer] Evaluating parameters: VectorD(1.00000,	3.50300,	-0.500000,	0.800000,	1.50970)

======================================================================
TRAFFIC MODEL BUILDER SUMMARY
======================================================================
Network:      US-101-N-DonaldDoyle
Segments:     7
Lanes:        4
Junctions:    8
Ramps:        2
Sensors:      5
Mode:         PeMS Data-Driven
Car-Following: IDM
ODE Solver:   Ballistic
Vmax:         35.0 m/s
======================================================================
Skipping Source actor due to time limit at clock = 43201.00125327633
Skipping Source actor due to time limit at clock = 43210.6788297557
-----------------------------
| Model.cleanup in progress |
-----------------------------
cleanup: agenda
cleanup: wait queues
coroutine counts = (10576989,10576281,10575925)
[ModelOptimizer] Fitness: 8.1147 | Elapsed: 50.04 sec
[ModelOptimizer] Evaluating parameters: VectorD(1.00000,	3.50300,	-0.500000,	0.800000,	1.50970)

======================================================================
TRAFFIC MODEL BUILDER SUMMARY
======================================================================
Network:      US-101-N-DonaldDoyle
Segments:     7
Lanes:        4
Junctions:    8
Ramps:        2
Sensors:      5
Mode:         PeMS Data-Driven
Car-Following: IDM
ODE Solver:   Ballistic
Vmax:         35.0 m/s
======================================================================
Skipping Source actor due to time limit at clock = 43201.00125327633
Skipping Source actor due to time limit at clock = 43210.6788297557
-----------------------------
| Model.cleanup in progress |
-----------------------------
cleanup: agenda
cleanup: wait queues
coroutine counts = (10636746,10636034,10635676)
[ModelOptimizer] Fitness: 8.1147 | Elapsed: 49.51 sec
      41 |      8.10501481 |      8.10501481 |      10.3% ✓
[ModelOptimizer] Evaluating parameters: VectorD(1.00000,	3.51457,	-0.500000,	0.800000,	1.51274)

======================================================================
TRAFFIC MODEL BUILDER SUMMARY
======================================================================
Network:      US-101-N-DonaldDoyle
Segments:     7
Lanes:        4
Junctions:    8
Ramps:        2
Sensors:      5
Mode:         PeMS Data-Driven
Car-Following: IDM
ODE Solver:   Ballistic
Vmax:         35.0 m/s
======================================================================
Skipping Source actor due to time limit at clock = 43201.00125327633
Skipping Source actor due to time limit at clock = 43210.6788297557
-----------------------------
| Model.cleanup in progress |
-----------------------------
cleanup: agenda
cleanup: wait queues
coroutine counts = (10696503,10695787,10695427)
[ModelOptimizer] Fitness: 8.1114 | Elapsed: 50.25 sec
[ModelOptimizer] Evaluating parameters: VectorD(1.00000,	3.52159,	-0.500000,	0.800000,	1.50616)

======================================================================
TRAFFIC MODEL BUILDER SUMMARY
======================================================================
Network:      US-101-N-DonaldDoyle
Segments:     7
Lanes:        4
Junctions:    8
Ramps:        2
Sensors:      5
Mode:         PeMS Data-Driven
Car-Following: IDM
ODE Solver:   Ballistic
Vmax:         35.0 m/s
======================================================================
Skipping Source actor due to time limit at clock = 43201.00125327633
Skipping Source actor due to time limit at clock = 43210.6788297557
-----------------------------
| Model.cleanup in progress |
-----------------------------
cleanup: agenda
cleanup: wait queues
coroutine counts = (10756260,10755540,10755178)
[ModelOptimizer] Fitness: 8.1134 | Elapsed: 49.99 sec
[ModelOptimizer] Evaluating parameters: VectorD(1.00000,	3.52159,	-0.500000,	0.800000,	1.50616)

======================================================================
TRAFFIC MODEL BUILDER SUMMARY
======================================================================
Network:      US-101-N-DonaldDoyle
Segments:     7
Lanes:        4
Junctions:    8
Ramps:        2
Sensors:      5
Mode:         PeMS Data-Driven
Car-Following: IDM
ODE Solver:   Ballistic
Vmax:         35.0 m/s
======================================================================
Skipping Source actor due to time limit at clock = 43201.00125327633
Skipping Source actor due to time limit at clock = 43210.6788297557
-----------------------------
| Model.cleanup in progress |
-----------------------------
cleanup: agenda
cleanup: wait queues
coroutine counts = (10816017,10815293,10814929)
[ModelOptimizer] Fitness: 8.1134 | Elapsed: 65.15 sec
      42 |      8.10501481 |      8.10501481 |      10.5% ✓
[ModelOptimizer] Evaluating parameters: VectorD(1.00000,	3.51480,	-0.500000,	0.800000,	1.51187)

======================================================================
TRAFFIC MODEL BUILDER SUMMARY
======================================================================
Network:      US-101-N-DonaldDoyle
Segments:     7
Lanes:        4
Junctions:    8
Ramps:        2
Sensors:      5
Mode:         PeMS Data-Driven
Car-Following: IDM
ODE Solver:   Ballistic
Vmax:         35.0 m/s
======================================================================
Skipping Source actor due to time limit at clock = 43201.00125327633
Skipping Source actor due to time limit at clock = 43210.6788297557
-----------------------------
| Model.cleanup in progress |
-----------------------------
cleanup: agenda
cleanup: wait queues
coroutine counts = (10875774,10875046,10874680)
[ModelOptimizer] Fitness: 8.1182 | Elapsed: 49.73 sec
[ModelOptimizer] Evaluating parameters: VectorD(1.00000,	3.50915,	-0.500000,	0.800000,	1.51326)

======================================================================
TRAFFIC MODEL BUILDER SUMMARY
======================================================================
Network:      US-101-N-DonaldDoyle
Segments:     7
Lanes:        4
Junctions:    8
Ramps:        2
Sensors:      5
Mode:         PeMS Data-Driven
Car-Following: IDM
ODE Solver:   Ballistic
Vmax:         35.0 m/s
======================================================================
Skipping Source actor due to time limit at clock = 43201.00125327633
Skipping Source actor due to time limit at clock = 43210.6788297557
-----------------------------
| Model.cleanup in progress |
-----------------------------
cleanup: agenda
cleanup: wait queues
coroutine counts = (10935531,10934799,10934431)
[ModelOptimizer] Fitness: 8.1110 | Elapsed: 50.04 sec
[ModelOptimizer] Evaluating parameters: VectorD(1.00000,	3.50915,	-0.500000,	0.800000,	1.51326)

======================================================================
TRAFFIC MODEL BUILDER SUMMARY
======================================================================
Network:      US-101-N-DonaldDoyle
Segments:     7
Lanes:        4
Junctions:    8
Ramps:        2
Sensors:      5
Mode:         PeMS Data-Driven
Car-Following: IDM
ODE Solver:   Ballistic
Vmax:         35.0 m/s
======================================================================
Skipping Source actor due to time limit at clock = 43201.00125327633
Skipping Source actor due to time limit at clock = 43210.6788297557
-----------------------------
| Model.cleanup in progress |
-----------------------------
cleanup: agenda
cleanup: wait queues
coroutine counts = (10995288,10994552,10994182)
[ModelOptimizer] Fitness: 8.1110 | Elapsed: 50.11 sec
      43 |      8.10501481 |      8.10501481 |      10.8% ✓
[ModelOptimizer] Evaluating parameters: VectorD(1.00000,	3.51603,	-0.500000,	0.800000,	1.51259)

======================================================================
TRAFFIC MODEL BUILDER SUMMARY
======================================================================
Network:      US-101-N-DonaldDoyle
Segments:     7
Lanes:        4
Junctions:    8
Ramps:        2
Sensors:      5
Mode:         PeMS Data-Driven
Car-Following: IDM
ODE Solver:   Ballistic
Vmax:         35.0 m/s
======================================================================
Skipping Source actor due to time limit at clock = 43201.00125327633
Skipping Source actor due to time limit at clock = 43210.6788297557
-----------------------------
| Model.cleanup in progress |
-----------------------------
cleanup: agenda
cleanup: wait queues
coroutine counts = (11055045,11054305,11053933)
[ModelOptimizer] Fitness: 8.1137 | Elapsed: 49.91 sec
[ModelOptimizer] Evaluating parameters: VectorD(1.00000,	3.52906,	-0.500000,	0.800000,	1.51547)

======================================================================
TRAFFIC MODEL BUILDER SUMMARY
======================================================================
Network:      US-101-N-DonaldDoyle
Segments:     7
Lanes:        4
Junctions:    8
Ramps:        2
Sensors:      5
Mode:         PeMS Data-Driven
Car-Following: IDM
ODE Solver:   Ballistic
Vmax:         35.0 m/s
======================================================================
Skipping Source actor due to time limit at clock = 43201.00125327633
Skipping Source actor due to time limit at clock = 43210.6788297557
-----------------------------
| Model.cleanup in progress |
-----------------------------
cleanup: agenda
cleanup: wait queues
coroutine counts = (11114802,11114058,11113684)
[ModelOptimizer] Fitness: 8.1054 | Elapsed: 49.70 sec
[ModelOptimizer] Evaluating parameters: VectorD(1.00000,	3.52906,	-0.500000,	0.800000,	1.51547)

======================================================================
TRAFFIC MODEL BUILDER SUMMARY
======================================================================
Network:      US-101-N-DonaldDoyle
Segments:     7
Lanes:        4
Junctions:    8
Ramps:        2
Sensors:      5
Mode:         PeMS Data-Driven
Car-Following: IDM
ODE Solver:   Ballistic
Vmax:         35.0 m/s
======================================================================
Skipping Source actor due to time limit at clock = 43201.00125327633
Skipping Source actor due to time limit at clock = 43210.6788297557
-----------------------------
| Model.cleanup in progress |
-----------------------------
cleanup: agenda
cleanup: wait queues
coroutine counts = (11174559,11173811,11173435)
[ModelOptimizer] Fitness: 8.1054 | Elapsed: 50.05 sec
      44 |      8.10501481 |      8.10501481 |      11.0% ✓
[ModelOptimizer] Evaluating parameters: VectorD(1.00000,	3.51879,	-0.500000,	0.800000,	1.51373)

======================================================================
TRAFFIC MODEL BUILDER SUMMARY
======================================================================
Network:      US-101-N-DonaldDoyle
Segments:     7
Lanes:        4
Junctions:    8
Ramps:        2
Sensors:      5
Mode:         PeMS Data-Driven
Car-Following: IDM
ODE Solver:   Ballistic
Vmax:         35.0 m/s
======================================================================
Skipping Source actor due to time limit at clock = 43201.00125327633
Skipping Source actor due to time limit at clock = 43210.6788297557
-----------------------------
| Model.cleanup in progress |
-----------------------------
cleanup: agenda
cleanup: wait queues
coroutine counts = (11234316,11233564,11233186)
[ModelOptimizer] Fitness: 8.1064 | Elapsed: 49.59 sec
[ModelOptimizer] Evaluating parameters: VectorD(1.00000,	3.52233,	-0.500000,	0.800000,	1.51771)

======================================================================
TRAFFIC MODEL BUILDER SUMMARY
======================================================================
Network:      US-101-N-DonaldDoyle
Segments:     7
Lanes:        4
Junctions:    8
Ramps:        2
Sensors:      5
Mode:         PeMS Data-Driven
Car-Following: IDM
ODE Solver:   Ballistic
Vmax:         35.0 m/s
======================================================================
Skipping Source actor due to time limit at clock = 43201.00125327633
Skipping Source actor due to time limit at clock = 43210.6788297557
-----------------------------
| Model.cleanup in progress |
-----------------------------
cleanup: agenda
cleanup: wait queues
coroutine counts = (11294073,11293317,11292937)
[ModelOptimizer] Fitness: 8.1064 | Elapsed: 49.77 sec
[ModelOptimizer] Evaluating parameters: VectorD(1.00000,	3.52233,	-0.500000,	0.800000,	1.51771)

======================================================================
TRAFFIC MODEL BUILDER SUMMARY
======================================================================
Network:      US-101-N-DonaldDoyle
Segments:     7
Lanes:        4
Junctions:    8
Ramps:        2
Sensors:      5
Mode:         PeMS Data-Driven
Car-Following: IDM
ODE Solver:   Ballistic
Vmax:         35.0 m/s
======================================================================
Skipping Source actor due to time limit at clock = 43201.00125327633
Skipping Source actor due to time limit at clock = 43210.6788297557
-----------------------------
| Model.cleanup in progress |
-----------------------------
cleanup: agenda
cleanup: wait queues
coroutine counts = (11353830,11353070,11352688)
[ModelOptimizer] Fitness: 8.1064 | Elapsed: 49.93 sec
      45 |      8.10501481 |      8.10501481 |      11.3% ✓
[ModelOptimizer] Evaluating parameters: VectorD(1.00000,	3.51894,	-0.500000,	0.800000,	1.51604)

======================================================================
TRAFFIC MODEL BUILDER SUMMARY
======================================================================
Network:      US-101-N-DonaldDoyle
Segments:     7
Lanes:        4
Junctions:    8
Ramps:        2
Sensors:      5
Mode:         PeMS Data-Driven
Car-Following: IDM
ODE Solver:   Ballistic
Vmax:         35.0 m/s
======================================================================
Skipping Source actor due to time limit at clock = 43201.00125327633
Skipping Source actor due to time limit at clock = 43210.6788297557
-----------------------------
| Model.cleanup in progress |
-----------------------------
cleanup: agenda
cleanup: wait queues
coroutine counts = (11413587,11412823,11412439)
[ModelOptimizer] Fitness: 8.1064 | Elapsed: 50.01 sec
[ModelOptimizer] Evaluating parameters: VectorD(1.00000,	3.51629,	-0.500000,	0.800000,	1.52591)

======================================================================
TRAFFIC MODEL BUILDER SUMMARY
======================================================================
Network:      US-101-N-DonaldDoyle
Segments:     7
Lanes:        4
Junctions:    8
Ramps:        2
Sensors:      5
Mode:         PeMS Data-Driven
Car-Following: IDM
ODE Solver:   Ballistic
Vmax:         35.0 m/s
======================================================================
Skipping Source actor due to time limit at clock = 43201.00125327633
Skipping Source actor due to time limit at clock = 43210.6788297557
-----------------------------
| Model.cleanup in progress |
-----------------------------
cleanup: agenda
cleanup: wait queues
coroutine counts = (11473344,11472576,11472190)
[ModelOptimizer] Fitness: 8.1210 | Elapsed: 49.77 sec
[ModelOptimizer] Evaluating parameters: VectorD(1.00000,	3.52026,	-0.500000,	0.800000,	1.51110)

======================================================================
TRAFFIC MODEL BUILDER SUMMARY
======================================================================
Network:      US-101-N-DonaldDoyle
Segments:     7
Lanes:        4
Junctions:    8
Ramps:        2
Sensors:      5
Mode:         PeMS Data-Driven
Car-Following: IDM
ODE Solver:   Ballistic
Vmax:         35.0 m/s
======================================================================
Skipping Source actor due to time limit at clock = 43201.00125327633
Skipping Source actor due to time limit at clock = 43210.6788297557
-----------------------------
| Model.cleanup in progress |
-----------------------------
cleanup: agenda
cleanup: wait queues
coroutine counts = (11533101,11532329,11531941)
[ModelOptimizer] Fitness: 8.1180 | Elapsed: 50.24 sec
[ModelOptimizer] Evaluating parameters: VectorD(1.00000,	3.52069,	-0.500000,	0.800000,	1.51110)

======================================================================
TRAFFIC MODEL BUILDER SUMMARY
======================================================================
Network:      US-101-N-DonaldDoyle
Segments:     7
Lanes:        4
Junctions:    8
Ramps:        2
Sensors:      5
Mode:         PeMS Data-Driven
Car-Following: IDM
ODE Solver:   Ballistic
Vmax:         35.0 m/s
======================================================================
Skipping Source actor due to time limit at clock = 43201.00125327633
Skipping Source actor due to time limit at clock = 43210.6788297557
-----------------------------
| Model.cleanup in progress |
-----------------------------
cleanup: agenda
cleanup: wait queues
coroutine counts = (11592858,11592082,11591692)
[ModelOptimizer] Fitness: 8.1173 | Elapsed: 50.03 sec
[ModelOptimizer] Evaluating parameters: VectorD(1.00000,	3.51447,	-0.500000,	0.800000,	1.51465)

======================================================================
TRAFFIC MODEL BUILDER SUMMARY
======================================================================
Network:      US-101-N-DonaldDoyle
Segments:     7
Lanes:        4
Junctions:    8
Ramps:        2
Sensors:      5
Mode:         PeMS Data-Driven
Car-Following: IDM
ODE Solver:   Ballistic
Vmax:         35.0 m/s
======================================================================
Skipping Source actor due to time limit at clock = 43201.00125327633
Skipping Source actor due to time limit at clock = 43210.6788297557
-----------------------------
| Model.cleanup in progress |
-----------------------------
cleanup: agenda
cleanup: wait queues
coroutine counts = (11652615,11651835,11651443)
[ModelOptimizer] Fitness: 8.1131 | Elapsed: 49.96 sec
[ModelOptimizer] Evaluating parameters: VectorD(1.00000,	3.52106,	-0.500000,	0.800000,	1.51687)

======================================================================
TRAFFIC MODEL BUILDER SUMMARY
======================================================================
Network:      US-101-N-DonaldDoyle
Segments:     7
Lanes:        4
Junctions:    8
Ramps:        2
Sensors:      5
Mode:         PeMS Data-Driven
Car-Following: IDM
ODE Solver:   Ballistic
Vmax:         35.0 m/s
======================================================================
Skipping Source actor due to time limit at clock = 43201.00125327633
Skipping Source actor due to time limit at clock = 43210.6788297557
-----------------------------
| Model.cleanup in progress |
-----------------------------
cleanup: agenda
cleanup: wait queues
coroutine counts = (11712372,11711588,11711194)
[ModelOptimizer] Fitness: 8.1040 | Elapsed: 49.91 sec
[ModelOptimizer] Evaluating parameters: VectorD(1.00000,	3.51708,	-0.500000,	0.800000,	1.51688)

======================================================================
TRAFFIC MODEL BUILDER SUMMARY
======================================================================
Network:      US-101-N-DonaldDoyle
Segments:     7
Lanes:        4
Junctions:    8
Ramps:        2
Sensors:      5
Mode:         PeMS Data-Driven
Car-Following: IDM
ODE Solver:   Ballistic
Vmax:         35.0 m/s
======================================================================
Skipping Source actor due to time limit at clock = 43201.00125327633
Skipping Source actor due to time limit at clock = 43210.6788297557
-----------------------------
| Model.cleanup in progress |
-----------------------------
cleanup: agenda
cleanup: wait queues
coroutine counts = (11772129,11771341,11770945)
[ModelOptimizer] Fitness: 8.1059 | Elapsed: 49.98 sec
[ModelOptimizer] Evaluating parameters: VectorD(1.00000,	3.52442,	-0.500000,	0.800000,	1.51575)

======================================================================
TRAFFIC MODEL BUILDER SUMMARY
======================================================================
Network:      US-101-N-DonaldDoyle
Segments:     7
Lanes:        4
Junctions:    8
Ramps:        2
Sensors:      5
Mode:         PeMS Data-Driven
Car-Following: IDM
ODE Solver:   Ballistic
Vmax:         35.0 m/s
======================================================================
Skipping Source actor due to time limit at clock = 43201.00125327633
Skipping Source actor due to time limit at clock = 43210.6788297557
-----------------------------
| Model.cleanup in progress |
-----------------------------
cleanup: agenda
cleanup: wait queues
coroutine counts = (11831886,11831094,11830696)
[ModelOptimizer] Fitness: 8.1081 | Elapsed: 49.94 sec
[ModelOptimizer] Evaluating parameters: VectorD(1.00000,	3.51936,	-0.500000,	0.800000,	1.51604)

======================================================================
TRAFFIC MODEL BUILDER SUMMARY
======================================================================
Network:      US-101-N-DonaldDoyle
Segments:     7
Lanes:        4
Junctions:    8
Ramps:        2
Sensors:      5
Mode:         PeMS Data-Driven
Car-Following: IDM
ODE Solver:   Ballistic
Vmax:         35.0 m/s
======================================================================
Skipping Source actor due to time limit at clock = 43201.00125327633
Skipping Source actor due to time limit at clock = 43210.6788297557
-----------------------------
| Model.cleanup in progress |
-----------------------------
cleanup: agenda
cleanup: wait queues
coroutine counts = (11891643,11890847,11890447)
[ModelOptimizer] Fitness: 8.1045 | Elapsed: 50.19 sec
[ModelOptimizer] Evaluating parameters: VectorD(1.00000,	3.51804,	-0.500000,	0.800000,	1.52097)

======================================================================
TRAFFIC MODEL BUILDER SUMMARY
======================================================================
Network:      US-101-N-DonaldDoyle
Segments:     7
Lanes:        4
Junctions:    8
Ramps:        2
Sensors:      5
Mode:         PeMS Data-Driven
Car-Following: IDM
ODE Solver:   Ballistic
Vmax:         35.0 m/s
======================================================================
Skipping Source actor due to time limit at clock = 43201.00125327633
Skipping Source actor due to time limit at clock = 43210.6788297557
-----------------------------
| Model.cleanup in progress |
-----------------------------
cleanup: agenda
cleanup: wait queues
coroutine counts = (11951400,11950600,11950198)
[ModelOptimizer] Fitness: 8.1197 | Elapsed: 49.86 sec
[ModelOptimizer] Evaluating parameters: VectorD(1.00000,	3.52003,	-0.500000,	0.800000,	1.51357)

======================================================================
TRAFFIC MODEL BUILDER SUMMARY
======================================================================
Network:      US-101-N-DonaldDoyle
Segments:     7
Lanes:        4
Junctions:    8
Ramps:        2
Sensors:      5
Mode:         PeMS Data-Driven
Car-Following: IDM
ODE Solver:   Ballistic
Vmax:         35.0 m/s
======================================================================
Skipping Source actor due to time limit at clock = 43201.00125327633
Skipping Source actor due to time limit at clock = 43210.6788297557
-----------------------------
| Model.cleanup in progress |
-----------------------------
cleanup: agenda
cleanup: wait queues
coroutine counts = (12011157,12010353,12009949)
[ModelOptimizer] Fitness: 8.1050 | Elapsed: 50.07 sec
[ModelOptimizer] Evaluating parameters: VectorD(1.00000,	3.52003,	-0.500000,	0.800000,	1.51357)

======================================================================
TRAFFIC MODEL BUILDER SUMMARY
======================================================================
Network:      US-101-N-DonaldDoyle
Segments:     7
Lanes:        4
Junctions:    8
Ramps:        2
Sensors:      5
Mode:         PeMS Data-Driven
Car-Following: IDM
ODE Solver:   Ballistic
Vmax:         35.0 m/s
======================================================================
Skipping Source actor due to time limit at clock = 43201.00125327633
Skipping Source actor due to time limit at clock = 43210.6788297557
-----------------------------
| Model.cleanup in progress |
-----------------------------
cleanup: agenda
cleanup: wait queues
coroutine counts = (12070914,12070106,12069700)
[ModelOptimizer] Fitness: 8.1050 | Elapsed: 49.97 sec
      46 |      8.10402621 |      8.10402621 |      11.5% ✓
[ModelOptimizer] Evaluating parameters: VectorD(1.00000,	3.52047,	-0.500000,	0.800000,	1.51582)

======================================================================
TRAFFIC MODEL BUILDER SUMMARY
======================================================================
Network:      US-101-N-DonaldDoyle
Segments:     7
Lanes:        4
Junctions:    8
Ramps:        2
Sensors:      5
Mode:         PeMS Data-Driven
Car-Following: IDM
ODE Solver:   Ballistic
Vmax:         35.0 m/s
======================================================================
Skipping Source actor due to time limit at clock = 43201.00125327633
Skipping Source actor due to time limit at clock = 43210.6788297557
-----------------------------
| Model.cleanup in progress |
-----------------------------
cleanup: agenda
cleanup: wait queues
coroutine counts = (12130671,12129859,12129451)
[ModelOptimizer] Fitness: 8.1091 | Elapsed: 49.72 sec
[ModelOptimizer] Evaluating parameters: VectorD(1.00000,	3.52648,	-0.500000,	0.800000,	1.51699)

======================================================================
TRAFFIC MODEL BUILDER SUMMARY
======================================================================
Network:      US-101-N-DonaldDoyle
Segments:     7
Lanes:        4
Junctions:    8
Ramps:        2
Sensors:      5
Mode:         PeMS Data-Driven
Car-Following: IDM
ODE Solver:   Ballistic
Vmax:         35.0 m/s
======================================================================
Skipping Source actor due to time limit at clock = 43201.00125327633
Skipping Source actor due to time limit at clock = 43210.6788297557
-----------------------------
| Model.cleanup in progress |
-----------------------------
cleanup: agenda
cleanup: wait queues
coroutine counts = (12190428,12189612,12189202)
[ModelOptimizer] Fitness: 8.1052 | Elapsed: 49.92 sec
[ModelOptimizer] Evaluating parameters: VectorD(1.00000,	3.52648,	-0.500000,	0.800000,	1.51699)

======================================================================
TRAFFIC MODEL BUILDER SUMMARY
======================================================================
Network:      US-101-N-DonaldDoyle
Segments:     7
Lanes:        4
Junctions:    8
Ramps:        2
Sensors:      5
Mode:         PeMS Data-Driven
Car-Following: IDM
ODE Solver:   Ballistic
Vmax:         35.0 m/s
======================================================================
Skipping Source actor due to time limit at clock = 43201.00125327633
Skipping Source actor due to time limit at clock = 43210.6788297557
-----------------------------
| Model.cleanup in progress |
-----------------------------
cleanup: agenda
cleanup: wait queues
coroutine counts = (12250185,12249365,12248953)
[ModelOptimizer] Fitness: 8.1052 | Elapsed: 50.19 sec
      47 |      8.10402621 |      8.10402621 |      11.8% ✓
[ModelOptimizer] Evaluating parameters: VectorD(1.00000,	3.52089,	-0.500000,	0.800000,	1.51607)

======================================================================
TRAFFIC MODEL BUILDER SUMMARY
======================================================================
Network:      US-101-N-DonaldDoyle
Segments:     7
Lanes:        4
Junctions:    8
Ramps:        2
Sensors:      5
Mode:         PeMS Data-Driven
Car-Following: IDM
ODE Solver:   Ballistic
Vmax:         35.0 m/s
======================================================================
Skipping Source actor due to time limit at clock = 43201.00125327633
Skipping Source actor due to time limit at clock = 43210.6788297557
-----------------------------
| Model.cleanup in progress |
-----------------------------
cleanup: agenda
cleanup: wait queues
coroutine counts = (12309942,12309118,12308704)
[ModelOptimizer] Fitness: 8.1035 | Elapsed: 49.48 sec
[ModelOptimizer] Evaluating parameters: VectorD(1.00000,	3.51735,	-0.500000,	0.800000,	1.51639)

======================================================================
TRAFFIC MODEL BUILDER SUMMARY
======================================================================
Network:      US-101-N-DonaldDoyle
Segments:     7
Lanes:        4
Junctions:    8
Ramps:        2
Sensors:      5
Mode:         PeMS Data-Driven
Car-Following: IDM
ODE Solver:   Ballistic
Vmax:         35.0 m/s
======================================================================
Skipping Source actor due to time limit at clock = 43201.00125327633
Skipping Source actor due to time limit at clock = 43210.6788297557
-----------------------------
| Model.cleanup in progress |
-----------------------------
cleanup: agenda
cleanup: wait queues
coroutine counts = (12369699,12368871,12368455)
[ModelOptimizer] Fitness: 8.1069 | Elapsed: 49.54 sec
[ModelOptimizer] Evaluating parameters: VectorD(1.00000,	3.51912,	-0.500000,	0.800000,	1.51623)

======================================================================
TRAFFIC MODEL BUILDER SUMMARY
======================================================================
Network:      US-101-N-DonaldDoyle
Segments:     7
Lanes:        4
Junctions:    8
Ramps:        2
Sensors:      5
Mode:         PeMS Data-Driven
Car-Following: IDM
ODE Solver:   Ballistic
Vmax:         35.0 m/s
======================================================================
Skipping Source actor due to time limit at clock = 43201.00125327633
Skipping Source actor due to time limit at clock = 43210.6788297557
-----------------------------
| Model.cleanup in progress |
-----------------------------
cleanup: agenda
cleanup: wait queues
coroutine counts = (12429456,12428624,12428206)
[ModelOptimizer] Fitness: 8.1072 | Elapsed: 49.87 sec
[ModelOptimizer] Evaluating parameters: VectorD(1.00000,	3.52274,	-0.500000,	0.800000,	1.51631)

======================================================================
TRAFFIC MODEL BUILDER SUMMARY
======================================================================
Network:      US-101-N-DonaldDoyle
Segments:     7
Lanes:        4
Junctions:    8
Ramps:        2
Sensors:      5
Mode:         PeMS Data-Driven
Car-Following: IDM
ODE Solver:   Ballistic
Vmax:         35.0 m/s
======================================================================
Skipping Source actor due to time limit at clock = 43201.00125327633
Skipping Source actor due to time limit at clock = 43210.6788297557
-----------------------------
| Model.cleanup in progress |
-----------------------------
cleanup: agenda
cleanup: wait queues
coroutine counts = (12489213,12488377,12487957)
[ModelOptimizer] Fitness: 8.1039 | Elapsed: 50.06 sec
[ModelOptimizer] Evaluating parameters: VectorD(1.00000,	3.51907,	-0.500000,	0.800000,	1.51687)

======================================================================
TRAFFIC MODEL BUILDER SUMMARY
======================================================================
Network:      US-101-N-DonaldDoyle
Segments:     7
Lanes:        4
Junctions:    8
Ramps:        2
Sensors:      5
Mode:         PeMS Data-Driven
Car-Following: IDM
ODE Solver:   Ballistic
Vmax:         35.0 m/s
======================================================================
Skipping Source actor due to time limit at clock = 43201.00125327633
Skipping Source actor due to time limit at clock = 43210.6788297557
-----------------------------
| Model.cleanup in progress |
-----------------------------
cleanup: agenda
cleanup: wait queues
coroutine counts = (12548970,12548130,12547708)
[ModelOptimizer] Fitness: 8.1066 | Elapsed: 49.94 sec
[ModelOptimizer] Evaluating parameters: VectorD(1.00000,	3.52377,	-0.500000,	0.800000,	1.51693)

======================================================================
TRAFFIC MODEL BUILDER SUMMARY
======================================================================
Network:      US-101-N-DonaldDoyle
Segments:     7
Lanes:        4
Junctions:    8
Ramps:        2
Sensors:      5
Mode:         PeMS Data-Driven
Car-Following: IDM
ODE Solver:   Ballistic
Vmax:         35.0 m/s
======================================================================
Skipping Source actor due to time limit at clock = 43201.00125327633
Skipping Source actor due to time limit at clock = 43210.6788297557
-----------------------------
| Model.cleanup in progress |
-----------------------------
cleanup: agenda
cleanup: wait queues
coroutine counts = (12608727,12607883,12607459)
[ModelOptimizer] Fitness: 8.1052 | Elapsed: 50.00 sec
[ModelOptimizer] Evaluating parameters: VectorD(1.00000,	3.52042,	-0.500000,	0.800000,	1.51645)

======================================================================
TRAFFIC MODEL BUILDER SUMMARY
======================================================================
Network:      US-101-N-DonaldDoyle
Segments:     7
Lanes:        4
Junctions:    8
Ramps:        2
Sensors:      5
Mode:         PeMS Data-Driven
Car-Following: IDM
ODE Solver:   Ballistic
Vmax:         35.0 m/s
======================================================================
Skipping Source actor due to time limit at clock = 43201.00125327633
Skipping Source actor due to time limit at clock = 43210.6788297557
-----------------------------
| Model.cleanup in progress |
-----------------------------
cleanup: agenda
cleanup: wait queues
coroutine counts = (12668484,12667636,12667210)
[ModelOptimizer] Fitness: 8.1051 | Elapsed: 50.00 sec
[ModelOptimizer] Evaluating parameters: VectorD(1.00000,	3.52054,	-0.500000,	0.800000,	1.51522)

======================================================================
TRAFFIC MODEL BUILDER SUMMARY
======================================================================
Network:      US-101-N-DonaldDoyle
Segments:     7
Lanes:        4
Junctions:    8
Ramps:        2
Sensors:      5
Mode:         PeMS Data-Driven
Car-Following: IDM
ODE Solver:   Ballistic
Vmax:         35.0 m/s
======================================================================
Skipping Source actor due to time limit at clock = 43201.00125327633
Skipping Source actor due to time limit at clock = 43210.6788297557
-----------------------------
| Model.cleanup in progress |
-----------------------------
cleanup: agenda
cleanup: wait queues
coroutine counts = (12728241,12727389,12726961)
[ModelOptimizer] Fitness: 8.1091 | Elapsed: 49.53 sec
[ModelOptimizer] Evaluating parameters: VectorD(1.00000,	3.52141,	-0.500000,	0.800000,	1.51669)

======================================================================
TRAFFIC MODEL BUILDER SUMMARY
======================================================================
Network:      US-101-N-DonaldDoyle
Segments:     7
Lanes:        4
Junctions:    8
Ramps:        2
Sensors:      5
Mode:         PeMS Data-Driven
Car-Following: IDM
ODE Solver:   Ballistic
Vmax:         35.0 m/s
======================================================================
Skipping Source actor due to time limit at clock = 43201.00125327633
Skipping Source actor due to time limit at clock = 43210.6788297557
-----------------------------
| Model.cleanup in progress |
-----------------------------
cleanup: agenda
cleanup: wait queues
coroutine counts = (12787998,12787142,12786712)
[ModelOptimizer] Fitness: 8.1058 | Elapsed: 49.69 sec
[ModelOptimizer] Evaluating parameters: VectorD(1.00000,	3.52228,	-0.500000,	0.800000,	1.51816)

======================================================================
TRAFFIC MODEL BUILDER SUMMARY
======================================================================
Network:      US-101-N-DonaldDoyle
Segments:     7
Lanes:        4
Junctions:    8
Ramps:        2
Sensors:      5
Mode:         PeMS Data-Driven
Car-Following: IDM
ODE Solver:   Ballistic
Vmax:         35.0 m/s
======================================================================
Skipping Source actor due to time limit at clock = 43201.00125327633
Skipping Source actor due to time limit at clock = 43210.6788297557
-----------------------------
| Model.cleanup in progress |
-----------------------------
cleanup: agenda
cleanup: wait queues
coroutine counts = (12847755,12846895,12846463)
[ModelOptimizer] Fitness: 8.1069 | Elapsed: 50.04 sec
[ModelOptimizer] Evaluating parameters: VectorD(1.00000,	3.52185,	-0.500000,	0.800000,	1.51742)

======================================================================
TRAFFIC MODEL BUILDER SUMMARY
======================================================================
Network:      US-101-N-DonaldDoyle
Segments:     7
Lanes:        4
Junctions:    8
Ramps:        2
Sensors:      5
Mode:         PeMS Data-Driven
Car-Following: IDM
ODE Solver:   Ballistic
Vmax:         35.0 m/s
======================================================================
Skipping Source actor due to time limit at clock = 43201.00125327633
Skipping Source actor due to time limit at clock = 43210.6788297557
-----------------------------
| Model.cleanup in progress |
-----------------------------
cleanup: agenda
cleanup: wait queues
coroutine counts = (12907512,12906648,12906214)
[ModelOptimizer] Fitness: 8.1071 | Elapsed: 50.33 sec
[ModelOptimizer] Evaluating parameters: VectorD(1.00000,	3.52164,	-0.500000,	0.800000,	1.51577)

======================================================================
TRAFFIC MODEL BUILDER SUMMARY
======================================================================
Network:      US-101-N-DonaldDoyle
Segments:     7
Lanes:        4
Junctions:    8
Ramps:        2
Sensors:      5
Mode:         PeMS Data-Driven
Car-Following: IDM
ODE Solver:   Ballistic
Vmax:         35.0 m/s
======================================================================
Skipping Source actor due to time limit at clock = 43201.00125327633
Skipping Source actor due to time limit at clock = 43210.6788297557
-----------------------------
| Model.cleanup in progress |
-----------------------------
cleanup: agenda
cleanup: wait queues
coroutine counts = (12967269,12966401,12965965)
[ModelOptimizer] Fitness: 8.1106 | Elapsed: 49.65 sec
[ModelOptimizer] Evaluating parameters: VectorD(1.00000,	3.52091,	-0.500000,	0.800000,	1.51659)

======================================================================
TRAFFIC MODEL BUILDER SUMMARY
======================================================================
Network:      US-101-N-DonaldDoyle
Segments:     7
Lanes:        4
Junctions:    8
Ramps:        2
Sensors:      5
Mode:         PeMS Data-Driven
Car-Following: IDM
ODE Solver:   Ballistic
Vmax:         35.0 m/s
======================================================================
Skipping Source actor due to time limit at clock = 43201.00125327633
Skipping Source actor due to time limit at clock = 43210.6788297557
-----------------------------
| Model.cleanup in progress |
-----------------------------
cleanup: agenda
cleanup: wait queues
coroutine counts = (13027026,13026154,13025716)
[ModelOptimizer] Fitness: 8.1060 | Elapsed: 50.05 sec
[ModelOptimizer] Evaluating parameters: VectorD(1.00000,	3.52326,	-0.500000,	0.800000,	1.51662)

======================================================================
TRAFFIC MODEL BUILDER SUMMARY
======================================================================
Network:      US-101-N-DonaldDoyle
Segments:     7
Lanes:        4
Junctions:    8
Ramps:        2
Sensors:      5
Mode:         PeMS Data-Driven
Car-Following: IDM
ODE Solver:   Ballistic
Vmax:         35.0 m/s
======================================================================
Skipping Source actor due to time limit at clock = 43201.00125327633
Skipping Source actor due to time limit at clock = 43210.6788297557
-----------------------------
| Model.cleanup in progress |
-----------------------------
cleanup: agenda
cleanup: wait queues
coroutine counts = (13086783,13085907,13085467)
[ModelOptimizer] Fitness: 8.1047 | Elapsed: 49.31 sec
[ModelOptimizer] Evaluating parameters: VectorD(1.00000,	3.52158,	-0.500000,	0.800000,	1.51638)

======================================================================
TRAFFIC MODEL BUILDER SUMMARY
======================================================================
Network:      US-101-N-DonaldDoyle
Segments:     7
Lanes:        4
Junctions:    8
Ramps:        2
Sensors:      5
Mode:         PeMS Data-Driven
Car-Following: IDM
ODE Solver:   Ballistic
Vmax:         35.0 m/s
======================================================================
Skipping Source actor due to time limit at clock = 43201.00125327633
Skipping Source actor due to time limit at clock = 43210.6788297557
-----------------------------
| Model.cleanup in progress |
-----------------------------
cleanup: agenda
cleanup: wait queues
coroutine counts = (13146540,13145660,13145218)
[ModelOptimizer] Fitness: 8.1091 | Elapsed: 49.79 sec
[ModelOptimizer] Evaluating parameters: VectorD(1.00000,	3.52190,	-0.500000,	0.800000,	1.51659)

======================================================================
TRAFFIC MODEL BUILDER SUMMARY
======================================================================
Network:      US-101-N-DonaldDoyle
Segments:     7
Lanes:        4
Junctions:    8
Ramps:        2
Sensors:      5
Mode:         PeMS Data-Driven
Car-Following: IDM
ODE Solver:   Ballistic
Vmax:         35.0 m/s
======================================================================
Skipping Source actor due to time limit at clock = 43201.00125327633
Skipping Source actor due to time limit at clock = 43210.6788297557
-----------------------------
| Model.cleanup in progress |
-----------------------------
cleanup: agenda
cleanup: wait queues
coroutine counts = (13206297,13205413,13204969)
[ModelOptimizer] Fitness: 8.1031 | Elapsed: 49.61 sec
[ModelOptimizer] Evaluating parameters: VectorD(1.00000,	3.52208,	-0.500000,	0.800000,	1.51650)

======================================================================
TRAFFIC MODEL BUILDER SUMMARY
======================================================================
Network:      US-101-N-DonaldDoyle
Segments:     7
Lanes:        4
Junctions:    8
Ramps:        2
Sensors:      5
Mode:         PeMS Data-Driven
Car-Following: IDM
ODE Solver:   Ballistic
Vmax:         35.0 m/s
======================================================================
Skipping Source actor due to time limit at clock = 43201.00125327633
Skipping Source actor due to time limit at clock = 43210.6788297557
-----------------------------
| Model.cleanup in progress |
-----------------------------
cleanup: agenda
cleanup: wait queues
coroutine counts = (13266054,13265166,13264720)
[ModelOptimizer] Fitness: 8.1046 | Elapsed: 49.40 sec
[ModelOptimizer] Evaluating parameters: VectorD(1.00000,	3.52251,	-0.500000,	0.800000,	1.51723)

======================================================================
TRAFFIC MODEL BUILDER SUMMARY
======================================================================
Network:      US-101-N-DonaldDoyle
Segments:     7
Lanes:        4
Junctions:    8
Ramps:        2
Sensors:      5
Mode:         PeMS Data-Driven
Car-Following: IDM
ODE Solver:   Ballistic
Vmax:         35.0 m/s
======================================================================
Skipping Source actor due to time limit at clock = 43201.00125327633
Skipping Source actor due to time limit at clock = 43210.6788297557
-----------------------------
| Model.cleanup in progress |
-----------------------------
cleanup: agenda
cleanup: wait queues
coroutine counts = (13325811,13324919,13324471)
[ModelOptimizer] Fitness: 8.1057 | Elapsed: 49.78 sec
[ModelOptimizer] Evaluating parameters: VectorD(1.00000,	3.52251,	-0.500000,	0.800000,	1.51723)

======================================================================
TRAFFIC MODEL BUILDER SUMMARY
======================================================================
Network:      US-101-N-DonaldDoyle
Segments:     7
Lanes:        4
Junctions:    8
Ramps:        2
Sensors:      5
Mode:         PeMS Data-Driven
Car-Following: IDM
ODE Solver:   Ballistic
Vmax:         35.0 m/s
======================================================================
Skipping Source actor due to time limit at clock = 43201.00125327633
Skipping Source actor due to time limit at clock = 43210.6788297557
-----------------------------
| Model.cleanup in progress |
-----------------------------
cleanup: agenda
cleanup: wait queues
coroutine counts = (13385568,13384672,13384222)
[ModelOptimizer] Fitness: 8.1057 | Elapsed: 49.65 sec
      48 |      8.10308053 |      8.10308053 |      12.0% ✓
[ModelOptimizer] Evaluating parameters: VectorD(1.00000,	3.52226,	-0.500000,	0.800000,	1.51667)

======================================================================
TRAFFIC MODEL BUILDER SUMMARY
======================================================================
Network:      US-101-N-DonaldDoyle
Segments:     7
Lanes:        4
Junctions:    8
Ramps:        2
Sensors:      5
Mode:         PeMS Data-Driven
Car-Following: IDM
ODE Solver:   Ballistic
Vmax:         35.0 m/s
======================================================================
Skipping Source actor due to time limit at clock = 43201.00125327633
Skipping Source actor due to time limit at clock = 43210.6788297557
-----------------------------
| Model.cleanup in progress |
-----------------------------
cleanup: agenda
cleanup: wait queues
coroutine counts = (13445325,13444425,13443973)
[ModelOptimizer] Fitness: 8.1053 | Elapsed: 49.54 sec
[ModelOptimizer] Evaluating parameters: VectorD(1.00000,	3.52294,	-0.500000,	0.800000,	1.51696)

======================================================================
TRAFFIC MODEL BUILDER SUMMARY
======================================================================
Network:      US-101-N-DonaldDoyle
Segments:     7
Lanes:        4
Junctions:    8
Ramps:        2
Sensors:      5
Mode:         PeMS Data-Driven
Car-Following: IDM
ODE Solver:   Ballistic
Vmax:         35.0 m/s
======================================================================
Skipping Source actor due to time limit at clock = 43201.00125327633
Skipping Source actor due to time limit at clock = 43210.6788297557
-----------------------------
| Model.cleanup in progress |
-----------------------------
cleanup: agenda
cleanup: wait queues
coroutine counts = (13505082,13504178,13503724)
[ModelOptimizer] Fitness: 8.1047 | Elapsed: 49.77 sec
[ModelOptimizer] Evaluating parameters: VectorD(1.00000,	3.52294,	-0.500000,	0.800000,	1.51696)

======================================================================
TRAFFIC MODEL BUILDER SUMMARY
======================================================================
Network:      US-101-N-DonaldDoyle
Segments:     7
Lanes:        4
Junctions:    8
Ramps:        2
Sensors:      5
Mode:         PeMS Data-Driven
Car-Following: IDM
ODE Solver:   Ballistic
Vmax:         35.0 m/s
======================================================================
Skipping Source actor due to time limit at clock = 43201.00125327633
Skipping Source actor due to time limit at clock = 43210.6788297557
-----------------------------
| Model.cleanup in progress |
-----------------------------
cleanup: agenda
cleanup: wait queues
coroutine counts = (13564839,13563931,13563475)
[ModelOptimizer] Fitness: 8.1047 | Elapsed: 49.30 sec
      49 |      8.10308053 |      8.10308053 |      12.3% ✓
[ModelOptimizer] Evaluating parameters: VectorD(1.00000,	3.52267,	-0.500000,	0.800000,	1.51674)

======================================================================
TRAFFIC MODEL BUILDER SUMMARY
======================================================================
Network:      US-101-N-DonaldDoyle
Segments:     7
Lanes:        4
Junctions:    8
Ramps:        2
Sensors:      5
Mode:         PeMS Data-Driven
Car-Following: IDM
ODE Solver:   Ballistic
Vmax:         35.0 m/s
======================================================================
Skipping Source actor due to time limit at clock = 43201.00125327633
Skipping Source actor due to time limit at clock = 43210.6788297557
-----------------------------
| Model.cleanup in progress |
-----------------------------
cleanup: agenda
cleanup: wait queues
coroutine counts = (13624596,13623684,13623226)
[ModelOptimizer] Fitness: 8.1051 | Elapsed: 49.77 sec
[ModelOptimizer] Evaluating parameters: VectorD(1.00000,	3.52444,	-0.500000,	0.800000,	1.51689)

======================================================================
TRAFFIC MODEL BUILDER SUMMARY
======================================================================
Network:      US-101-N-DonaldDoyle
Segments:     7
Lanes:        4
Junctions:    8
Ramps:        2
Sensors:      5
Mode:         PeMS Data-Driven
Car-Following: IDM
ODE Solver:   Ballistic
Vmax:         35.0 m/s
======================================================================
Skipping Source actor due to time limit at clock = 43201.00125327633
Skipping Source actor due to time limit at clock = 43210.6788297557
-----------------------------
| Model.cleanup in progress |
-----------------------------
cleanup: agenda
cleanup: wait queues
coroutine counts = (13684353,13683437,13682977)
[ModelOptimizer] Fitness: 8.1061 | Elapsed: 49.66 sec
[ModelOptimizer] Evaluating parameters: VectorD(1.00000,	3.52179,	-0.500000,	0.800000,	1.51667)

======================================================================
TRAFFIC MODEL BUILDER SUMMARY
======================================================================
Network:      US-101-N-DonaldDoyle
Segments:     7
Lanes:        4
Junctions:    8
Ramps:        2
Sensors:      5
Mode:         PeMS Data-Driven
Car-Following: IDM
ODE Solver:   Ballistic
Vmax:         35.0 m/s
======================================================================
Skipping Source actor due to time limit at clock = 43201.00125327633
Skipping Source actor due to time limit at clock = 43210.6788297557
-----------------------------
| Model.cleanup in progress |
-----------------------------
cleanup: agenda
cleanup: wait queues
coroutine counts = (13744110,13743190,13742728)
[ModelOptimizer] Fitness: 8.1036 | Elapsed: 49.45 sec
[ModelOptimizer] Evaluating parameters: VectorD(1.00000,	3.52179,	-0.500000,	0.800000,	1.51667)

======================================================================
TRAFFIC MODEL BUILDER SUMMARY
======================================================================
Network:      US-101-N-DonaldDoyle
Segments:     7
Lanes:        4
Junctions:    8
Ramps:        2
Sensors:      5
Mode:         PeMS Data-Driven
Car-Following: IDM
ODE Solver:   Ballistic
Vmax:         35.0 m/s
======================================================================
Skipping Source actor due to time limit at clock = 43201.00125327633
Skipping Source actor due to time limit at clock = 43210.6788297557
-----------------------------
| Model.cleanup in progress |
-----------------------------
cleanup: agenda
cleanup: wait queues
coroutine counts = (13803867,13802943,13802479)
[ModelOptimizer] Fitness: 8.1036 | Elapsed: 49.57 sec
      50 |      8.10308053 |      8.10308053 |      12.5% ✓
[ModelOptimizer] Evaluating parameters: VectorD(1.00000,	3.52253,	-0.500000,	0.800000,	1.51663)

======================================================================
TRAFFIC MODEL BUILDER SUMMARY
======================================================================
Network:      US-101-N-DonaldDoyle
Segments:     7
Lanes:        4
Junctions:    8
Ramps:        2
Sensors:      5
Mode:         PeMS Data-Driven
Car-Following: IDM
ODE Solver:   Ballistic
Vmax:         35.0 m/s
======================================================================
Skipping Source actor due to time limit at clock = 43201.00125327633
Skipping Source actor due to time limit at clock = 43210.6788297557
-----------------------------
| Model.cleanup in progress |
-----------------------------
cleanup: agenda
cleanup: wait queues
coroutine counts = (13863624,13862696,13862230)
[ModelOptimizer] Fitness: 8.1041 | Elapsed: 49.63 sec
[ModelOptimizer] Evaluating parameters: VectorD(1.00000,	3.52254,	-0.500000,	0.800000,	1.51603)

======================================================================
TRAFFIC MODEL BUILDER SUMMARY
======================================================================
Network:      US-101-N-DonaldDoyle
Segments:     7
Lanes:        4
Junctions:    8
Ramps:        2
Sensors:      5
Mode:         PeMS Data-Driven
Car-Following: IDM
ODE Solver:   Ballistic
Vmax:         35.0 m/s
======================================================================
Skipping Source actor due to time limit at clock = 43201.00125327633
Skipping Source actor due to time limit at clock = 43210.6788297557
-----------------------------
| Model.cleanup in progress |
-----------------------------
cleanup: agenda
cleanup: wait queues
coroutine counts = (13923381,13922449,13921981)
[ModelOptimizer] Fitness: 8.1055 | Elapsed: 49.55 sec
[ModelOptimizer] Evaluating parameters: VectorD(1.00000,	3.52253,	-0.500000,	0.800000,	1.51633)

======================================================================
TRAFFIC MODEL BUILDER SUMMARY
======================================================================
Network:      US-101-N-DonaldDoyle
Segments:     7
Lanes:        4
Junctions:    8
Ramps:        2
Sensors:      5
Mode:         PeMS Data-Driven
Car-Following: IDM
ODE Solver:   Ballistic
Vmax:         35.0 m/s
======================================================================
Skipping Source actor due to time limit at clock = 43201.00125327633
Skipping Source actor due to time limit at clock = 43210.6788297557
-----------------------------
| Model.cleanup in progress |
-----------------------------
cleanup: agenda
cleanup: wait queues
coroutine counts = (13983138,13982202,13981732)
[ModelOptimizer] Fitness: 8.1051 | Elapsed: 49.69 sec
[ModelOptimizer] Evaluating parameters: VectorD(1.00000,	3.52253,	-0.500000,	0.800000,	1.51633)

======================================================================
TRAFFIC MODEL BUILDER SUMMARY
======================================================================
Network:      US-101-N-DonaldDoyle
Segments:     7
Lanes:        4
Junctions:    8
Ramps:        2
Sensors:      5
Mode:         PeMS Data-Driven
Car-Following: IDM
ODE Solver:   Ballistic
Vmax:         35.0 m/s
======================================================================
Skipping Source actor due to time limit at clock = 43201.00125327633
Skipping Source actor due to time limit at clock = 43210.6788297557
-----------------------------
| Model.cleanup in progress |
-----------------------------
cleanup: agenda
cleanup: wait queues
coroutine counts = (14042895,14041955,14041483)
[ModelOptimizer] Fitness: 8.1051 | Elapsed: 49.17 sec
      51 |      8.10308053 |      8.10308053 |      12.8% ✓
[ModelOptimizer] Evaluating parameters: VectorD(1.00000,	3.52253,	-0.500000,	0.800000,	1.51663)

======================================================================
TRAFFIC MODEL BUILDER SUMMARY
======================================================================
Network:      US-101-N-DonaldDoyle
Segments:     7
Lanes:        4
Junctions:    8
Ramps:        2
Sensors:      5
Mode:         PeMS Data-Driven
Car-Following: IDM
ODE Solver:   Ballistic
Vmax:         35.0 m/s
======================================================================
Skipping Source actor due to time limit at clock = 43201.00125327633
Skipping Source actor due to time limit at clock = 43210.6788297557
-----------------------------
| Model.cleanup in progress |
-----------------------------
cleanup: agenda
cleanup: wait queues
coroutine counts = (14102652,14101708,14101234)
[ModelOptimizer] Fitness: 8.1041 | Elapsed: 49.51 sec
[ModelOptimizer] Evaluating parameters: VectorD(1.00000,	3.52252,	-0.500000,	0.800000,	1.51693)

======================================================================
TRAFFIC MODEL BUILDER SUMMARY
======================================================================
Network:      US-101-N-DonaldDoyle
Segments:     7
Lanes:        4
Junctions:    8
Ramps:        2
Sensors:      5
Mode:         PeMS Data-Driven
Car-Following: IDM
ODE Solver:   Ballistic
Vmax:         35.0 m/s
======================================================================
Skipping Source actor due to time limit at clock = 43201.00125327633
Skipping Source actor due to time limit at clock = 43210.6788297557
-----------------------------
| Model.cleanup in progress |
-----------------------------
cleanup: agenda
cleanup: wait queues
coroutine counts = (14162409,14161461,14160985)
[ModelOptimizer] Fitness: 8.1051 | Elapsed: 49.39 sec
[ModelOptimizer] Evaluating parameters: VectorD(1.00000,	3.52252,	-0.500000,	0.800000,	1.51678)

======================================================================
TRAFFIC MODEL BUILDER SUMMARY
======================================================================
Network:      US-101-N-DonaldDoyle
Segments:     7
Lanes:        4
Junctions:    8
Ramps:        2
Sensors:      5
Mode:         PeMS Data-Driven
Car-Following: IDM
ODE Solver:   Ballistic
Vmax:         35.0 m/s
======================================================================
Skipping Source actor due to time limit at clock = 43201.00125327633
Skipping Source actor due to time limit at clock = 43210.6788297557
-----------------------------
| Model.cleanup in progress |
-----------------------------
cleanup: agenda
cleanup: wait queues
coroutine counts = (14222166,14221214,14220736)
[ModelOptimizer] Fitness: 8.1058 | Elapsed: 49.28 sec
[ModelOptimizer] Evaluating parameters: VectorD(1.00000,	3.52222,	-0.500000,	0.800000,	1.51646)

======================================================================
TRAFFIC MODEL BUILDER SUMMARY
======================================================================
Network:      US-101-N-DonaldDoyle
Segments:     7
Lanes:        4
Junctions:    8
Ramps:        2
Sensors:      5
Mode:         PeMS Data-Driven
Car-Following: IDM
ODE Solver:   Ballistic
Vmax:         35.0 m/s
======================================================================
Skipping Source actor due to time limit at clock = 43201.00125327633
Skipping Source actor due to time limit at clock = 43210.6788297557
-----------------------------
| Model.cleanup in progress |
-----------------------------
cleanup: agenda
cleanup: wait queues
coroutine counts = (14281923,14280967,14280487)
[ModelOptimizer] Fitness: 8.1035 | Elapsed: 49.49 sec
[ModelOptimizer] Evaluating parameters: VectorD(1.00000,	3.52242,	-0.500000,	0.800000,	1.51678)

======================================================================
TRAFFIC MODEL BUILDER SUMMARY
======================================================================
Network:      US-101-N-DonaldDoyle
Segments:     7
Lanes:        4
Junctions:    8
Ramps:        2
Sensors:      5
Mode:         PeMS Data-Driven
Car-Following: IDM
ODE Solver:   Ballistic
Vmax:         35.0 m/s
======================================================================
Skipping Source actor due to time limit at clock = 43201.00125327633
Skipping Source actor due to time limit at clock = 43210.6788297557
-----------------------------
| Model.cleanup in progress |
-----------------------------
cleanup: agenda
cleanup: wait queues
coroutine counts = (14341680,14340720,14340238)
[ModelOptimizer] Fitness: 8.1061 | Elapsed: 49.53 sec
[ModelOptimizer] Evaluating parameters: VectorD(1.00000,	3.52258,	-0.500000,	0.800000,	1.51661)

======================================================================
TRAFFIC MODEL BUILDER SUMMARY
======================================================================
Network:      US-101-N-DonaldDoyle
Segments:     7
Lanes:        4
Junctions:    8
Ramps:        2
Sensors:      5
Mode:         PeMS Data-Driven
Car-Following: IDM
ODE Solver:   Ballistic
Vmax:         35.0 m/s
======================================================================
Skipping Source actor due to time limit at clock = 43201.00125327633
Skipping Source actor due to time limit at clock = 43210.6788297557
-----------------------------
| Model.cleanup in progress |
-----------------------------
cleanup: agenda
cleanup: wait queues
coroutine counts = (14401437,14400473,14399989)
[ModelOptimizer] Fitness: 8.1010 | Elapsed: 49.58 sec
[ModelOptimizer] Evaluating parameters: VectorD(1.00000,	3.52232,	-0.500000,	0.800000,	1.51645)

======================================================================
TRAFFIC MODEL BUILDER SUMMARY
======================================================================
Network:      US-101-N-DonaldDoyle
Segments:     7
Lanes:        4
Junctions:    8
Ramps:        2
Sensors:      5
Mode:         PeMS Data-Driven
Car-Following: IDM
ODE Solver:   Ballistic
Vmax:         35.0 m/s
======================================================================
Skipping Source actor due to time limit at clock = 43201.00125327633
Skipping Source actor due to time limit at clock = 43210.6788297557
-----------------------------
| Model.cleanup in progress |
-----------------------------
cleanup: agenda
cleanup: wait queues
coroutine counts = (14461194,14460226,14459740)
[ModelOptimizer] Fitness: 8.1027 | Elapsed: 50.17 sec
[ModelOptimizer] Evaluating parameters: VectorD(1.00000,	3.52184,	-0.500000,	0.800000,	1.51663)

======================================================================
TRAFFIC MODEL BUILDER SUMMARY
======================================================================
Network:      US-101-N-DonaldDoyle
Segments:     7
Lanes:        4
Junctions:    8
Ramps:        2
Sensors:      5
Mode:         PeMS Data-Driven
Car-Following: IDM
ODE Solver:   Ballistic
Vmax:         35.0 m/s
======================================================================
Skipping Source actor due to time limit at clock = 43201.00125327633
Skipping Source actor due to time limit at clock = 43210.6788297557
-----------------------------
| Model.cleanup in progress |
-----------------------------
cleanup: agenda
cleanup: wait queues
coroutine counts = (14520951,14519979,14519491)
[ModelOptimizer] Fitness: 8.1029 | Elapsed: 49.52 sec
[ModelOptimizer] Evaluating parameters: VectorD(1.00000,	3.52217,	-0.500000,	0.800000,	1.51655)

======================================================================
TRAFFIC MODEL BUILDER SUMMARY
======================================================================
Network:      US-101-N-DonaldDoyle
Segments:     7
Lanes:        4
Junctions:    8
Ramps:        2
Sensors:      5
Mode:         PeMS Data-Driven
Car-Following: IDM
ODE Solver:   Ballistic
Vmax:         35.0 m/s
======================================================================
Skipping Source actor due to time limit at clock = 43201.00125327633
Skipping Source actor due to time limit at clock = 43210.6788297557
-----------------------------
| Model.cleanup in progress |
-----------------------------
cleanup: agenda
cleanup: wait queues
coroutine counts = (14580708,14579732,14579242)
[ModelOptimizer] Fitness: 8.1059 | Elapsed: 49.53 sec
[ModelOptimizer] Evaluating parameters: VectorD(1.00000,	3.52192,	-0.500000,	0.800000,	1.51632)

======================================================================
TRAFFIC MODEL BUILDER SUMMARY
======================================================================
Network:      US-101-N-DonaldDoyle
Segments:     7
Lanes:        4
Junctions:    8
Ramps:        2
Sensors:      5
Mode:         PeMS Data-Driven
Car-Following: IDM
ODE Solver:   Ballistic
Vmax:         35.0 m/s
======================================================================
Skipping Source actor due to time limit at clock = 43201.00125327633
Skipping Source actor due to time limit at clock = 43210.6788297557
-----------------------------
| Model.cleanup in progress |
-----------------------------
cleanup: agenda
cleanup: wait queues
coroutine counts = (14640465,14639485,14638993)
[ModelOptimizer] Fitness: 8.1041 | Elapsed: 49.83 sec
[ModelOptimizer] Evaluating parameters: VectorD(1.00000,	3.52205,	-0.500000,	0.800000,	1.51643)

======================================================================
TRAFFIC MODEL BUILDER SUMMARY
======================================================================
Network:      US-101-N-DonaldDoyle
Segments:     7
Lanes:        4
Junctions:    8
Ramps:        2
Sensors:      5
Mode:         PeMS Data-Driven
Car-Following: IDM
ODE Solver:   Ballistic
Vmax:         35.0 m/s
======================================================================
Skipping Source actor due to time limit at clock = 43201.00125327633
Skipping Source actor due to time limit at clock = 43210.6788297557
-----------------------------
| Model.cleanup in progress |
-----------------------------
cleanup: agenda
cleanup: wait queues
coroutine counts = (14700222,14699238,14698744)
[ModelOptimizer] Fitness: 8.1047 | Elapsed: 49.59 sec
[ModelOptimizer] Evaluating parameters: VectorD(1.00000,	3.52250,	-0.500000,	0.800000,	1.51669)

======================================================================
TRAFFIC MODEL BUILDER SUMMARY
======================================================================
Network:      US-101-N-DonaldDoyle
Segments:     7
Lanes:        4
Junctions:    8
Ramps:        2
Sensors:      5
Mode:         PeMS Data-Driven
Car-Following: IDM
ODE Solver:   Ballistic
Vmax:         35.0 m/s
======================================================================
Skipping Source actor due to time limit at clock = 43201.00125327633
Skipping Source actor due to time limit at clock = 43210.6788297557
-----------------------------
| Model.cleanup in progress |
-----------------------------
cleanup: agenda
cleanup: wait queues
coroutine counts = (14759979,14758991,14758495)
[ModelOptimizer] Fitness: 8.1046 | Elapsed: 49.84 sec
[ModelOptimizer] Evaluating parameters: VectorD(1.00000,	3.52240,	-0.500000,	0.800000,	1.51653)

======================================================================
TRAFFIC MODEL BUILDER SUMMARY
======================================================================
Network:      US-101-N-DonaldDoyle
Segments:     7
Lanes:        4
Junctions:    8
Ramps:        2
Sensors:      5
Mode:         PeMS Data-Driven
Car-Following: IDM
ODE Solver:   Ballistic
Vmax:         35.0 m/s
======================================================================
Skipping Source actor due to time limit at clock = 43201.00125327633
Skipping Source actor due to time limit at clock = 43210.6788297557
-----------------------------
| Model.cleanup in progress |
-----------------------------
cleanup: agenda
cleanup: wait queues
coroutine counts = (14819736,14818744,14818246)
[ModelOptimizer] Fitness: 8.1077 | Elapsed: 49.59 sec
[ModelOptimizer] Evaluating parameters: VectorD(1.00000,	3.52224,	-0.500000,	0.800000,	1.51660)

======================================================================
TRAFFIC MODEL BUILDER SUMMARY
======================================================================
Network:      US-101-N-DonaldDoyle
Segments:     7
Lanes:        4
Junctions:    8
Ramps:        2
Sensors:      5
Mode:         PeMS Data-Driven
Car-Following: IDM
ODE Solver:   Ballistic
Vmax:         35.0 m/s
======================================================================
Skipping Source actor due to time limit at clock = 43201.00125327633
Skipping Source actor due to time limit at clock = 43210.6788297557
-----------------------------
| Model.cleanup in progress |
-----------------------------
cleanup: agenda
cleanup: wait queues
coroutine counts = (14879493,14878497,14877997)
[ModelOptimizer] Fitness: 8.1026 | Elapsed: 49.67 sec
[ModelOptimizer] Evaluating parameters: VectorD(1.00000,	3.52221,	-0.500000,	0.800000,	1.51662)

======================================================================
TRAFFIC MODEL BUILDER SUMMARY
======================================================================
Network:      US-101-N-DonaldDoyle
Segments:     7
Lanes:        4
Junctions:    8
Ramps:        2
Sensors:      5
Mode:         PeMS Data-Driven
Car-Following: IDM
ODE Solver:   Ballistic
Vmax:         35.0 m/s
======================================================================
Skipping Source actor due to time limit at clock = 43201.00125327633
Skipping Source actor due to time limit at clock = 43210.6788297557
-----------------------------
| Model.cleanup in progress |
-----------------------------
cleanup: agenda
cleanup: wait queues
coroutine counts = (14939250,14938250,14937748)
[ModelOptimizer] Fitness: 8.1036 | Elapsed: 49.50 sec
[ModelOptimizer] Evaluating parameters: VectorD(1.00000,	3.52245,	-0.500000,	0.800000,	1.51653)

======================================================================
TRAFFIC MODEL BUILDER SUMMARY
======================================================================
Network:      US-101-N-DonaldDoyle
Segments:     7
Lanes:        4
Junctions:    8
Ramps:        2
Sensors:      5
Mode:         PeMS Data-Driven
Car-Following: IDM
ODE Solver:   Ballistic
Vmax:         35.0 m/s
======================================================================
Skipping Source actor due to time limit at clock = 43201.00125327633
Skipping Source actor due to time limit at clock = 43210.6788297557
-----------------------------
| Model.cleanup in progress |
-----------------------------
cleanup: agenda
cleanup: wait queues
coroutine counts = (14999007,14998003,14997499)
[ModelOptimizer] Fitness: 8.1066 | Elapsed: 49.74 sec
[ModelOptimizer] Evaluating parameters: VectorD(1.00000,	3.52240,	-0.500000,	0.800000,	1.51661)

======================================================================
TRAFFIC MODEL BUILDER SUMMARY
======================================================================
Network:      US-101-N-DonaldDoyle
Segments:     7
Lanes:        4
Junctions:    8
Ramps:        2
Sensors:      5
Mode:         PeMS Data-Driven
Car-Following: IDM
ODE Solver:   Ballistic
Vmax:         35.0 m/s
======================================================================
Skipping Source actor due to time limit at clock = 43201.00125327633
Skipping Source actor due to time limit at clock = 43210.6788297557
-----------------------------
| Model.cleanup in progress |
-----------------------------
cleanup: agenda
cleanup: wait queues
coroutine counts = (15058764,15057756,15057250)
[ModelOptimizer] Fitness: 8.1037 | Elapsed: 49.61 sec
[ModelOptimizer] Evaluating parameters: VectorD(1.00000,	3.52239,	-0.500000,	0.800000,	1.51668)

======================================================================
TRAFFIC MODEL BUILDER SUMMARY
======================================================================
Network:      US-101-N-DonaldDoyle
Segments:     7
Lanes:        4
Junctions:    8
Ramps:        2
Sensors:      5
Mode:         PeMS Data-Driven
Car-Following: IDM
ODE Solver:   Ballistic
Vmax:         35.0 m/s
======================================================================
Skipping Source actor due to time limit at clock = 43201.00125327633
Skipping Source actor due to time limit at clock = 43210.6788297557
-----------------------------
| Model.cleanup in progress |
-----------------------------
cleanup: agenda
cleanup: wait queues
coroutine counts = (15118521,15117509,15117001)
[ModelOptimizer] Fitness: 8.1045 | Elapsed: 49.76 sec
[ModelOptimizer] Evaluating parameters: VectorD(1.00000,	3.52239,	-0.500000,	0.800000,	1.51668)

======================================================================
TRAFFIC MODEL BUILDER SUMMARY
======================================================================
Network:      US-101-N-DonaldDoyle
Segments:     7
Lanes:        4
Junctions:    8
Ramps:        2
Sensors:      5
Mode:         PeMS Data-Driven
Car-Following: IDM
ODE Solver:   Ballistic
Vmax:         35.0 m/s
======================================================================
Skipping Source actor due to time limit at clock = 43201.00125327633
Skipping Source actor due to time limit at clock = 43210.6788297557
-----------------------------
| Model.cleanup in progress |
-----------------------------
cleanup: agenda
cleanup: wait queues
coroutine counts = (15178278,15177262,15176752)
[ModelOptimizer] Fitness: 8.1045 | Elapsed: 49.79 sec
      52 |      8.10096274 |      8.10096274 |      13.0% ✓
[ModelOptimizer] Evaluating parameters: VectorD(1.00000,	3.52238,	-0.500000,	0.800000,	1.51664)

======================================================================
TRAFFIC MODEL BUILDER SUMMARY
======================================================================
Network:      US-101-N-DonaldDoyle
Segments:     7
Lanes:        4
Junctions:    8
Ramps:        2
Sensors:      5
Mode:         PeMS Data-Driven
Car-Following: IDM
ODE Solver:   Ballistic
Vmax:         35.0 m/s
======================================================================
Skipping Source actor due to time limit at clock = 43201.00125327633
Skipping Source actor due to time limit at clock = 43210.6788297557
-----------------------------
| Model.cleanup in progress |
-----------------------------
cleanup: agenda
cleanup: wait queues
coroutine counts = (15238035,15237015,15236503)
[ModelOptimizer] Fitness: 8.1032 | Elapsed: 49.44 sec
[ModelOptimizer] Evaluating parameters: VectorD(1.00000,	3.52232,	-0.500000,	0.800000,	1.51675)

======================================================================
TRAFFIC MODEL BUILDER SUMMARY
======================================================================
Network:      US-101-N-DonaldDoyle
Segments:     7
Lanes:        4
Junctions:    8
Ramps:        2
Sensors:      5
Mode:         PeMS Data-Driven
Car-Following: IDM
ODE Solver:   Ballistic
Vmax:         35.0 m/s
======================================================================
Skipping Source actor due to time limit at clock = 43201.00125327633
Skipping Source actor due to time limit at clock = 43210.6788297557
-----------------------------
| Model.cleanup in progress |
-----------------------------
cleanup: agenda
cleanup: wait queues
coroutine counts = (15297792,15296768,15296254)
[ModelOptimizer] Fitness: 8.1057 | Elapsed: 50.16 sec
[ModelOptimizer] Evaluating parameters: VectorD(1.00000,	3.52235,	-0.500000,	0.800000,	1.51670)

======================================================================
TRAFFIC MODEL BUILDER SUMMARY
======================================================================
Network:      US-101-N-DonaldDoyle
Segments:     7
Lanes:        4
Junctions:    8
Ramps:        2
Sensors:      5
Mode:         PeMS Data-Driven
Car-Following: IDM
ODE Solver:   Ballistic
Vmax:         35.0 m/s
======================================================================
Skipping Source actor due to time limit at clock = 43201.00125327633
Skipping Source actor due to time limit at clock = 43210.6788297557
-----------------------------
| Model.cleanup in progress |
-----------------------------
cleanup: agenda
cleanup: wait queues
coroutine counts = (15357549,15356521,15356005)
[ModelOptimizer] Fitness: 8.1062 | Elapsed: 49.59 sec
[ModelOptimizer] Evaluating parameters: VectorD(1.00000,	3.52251,	-0.500000,	0.800000,	1.51657)

======================================================================
TRAFFIC MODEL BUILDER SUMMARY
======================================================================
Network:      US-101-N-DonaldDoyle
Segments:     7
Lanes:        4
Junctions:    8
Ramps:        2
Sensors:      5
Mode:         PeMS Data-Driven
Car-Following: IDM
ODE Solver:   Ballistic
Vmax:         35.0 m/s
======================================================================
Skipping Source actor due to time limit at clock = 43201.00125327633
Skipping Source actor due to time limit at clock = 43210.6788297557
-----------------------------
| Model.cleanup in progress |
-----------------------------
cleanup: agenda
cleanup: wait queues
coroutine counts = (15417306,15416274,15415756)
[ModelOptimizer] Fitness: 8.1043 | Elapsed: 49.76 sec
[ModelOptimizer] Evaluating parameters: VectorD(1.00000,	3.52254,	-0.500000,	0.800000,	1.51665)

======================================================================
TRAFFIC MODEL BUILDER SUMMARY
======================================================================
Network:      US-101-N-DonaldDoyle
Segments:     7
Lanes:        4
Junctions:    8
Ramps:        2
Sensors:      5
Mode:         PeMS Data-Driven
Car-Following: IDM
ODE Solver:   Ballistic
Vmax:         35.0 m/s
======================================================================
Skipping Source actor due to time limit at clock = 43201.00125327633
Skipping Source actor due to time limit at clock = 43210.6788297557
-----------------------------
| Model.cleanup in progress |
-----------------------------
cleanup: agenda
cleanup: wait queues
coroutine counts = (15477063,15476027,15475507)
[ModelOptimizer] Fitness: 8.1045 | Elapsed: 49.84 sec
[ModelOptimizer] Evaluating parameters: VectorD(1.00000,	3.52249,	-0.500000,	0.800000,	1.51665)

======================================================================
TRAFFIC MODEL BUILDER SUMMARY
======================================================================
Network:      US-101-N-DonaldDoyle
Segments:     7
Lanes:        4
Junctions:    8
Ramps:        2
Sensors:      5
Mode:         PeMS Data-Driven
Car-Following: IDM
ODE Solver:   Ballistic
Vmax:         35.0 m/s
======================================================================
Skipping Source actor due to time limit at clock = 43201.00125327633
Skipping Source actor due to time limit at clock = 43210.6788297557
-----------------------------
| Model.cleanup in progress |
-----------------------------
cleanup: agenda
cleanup: wait queues
coroutine counts = (15536820,15535780,15535258)
[ModelOptimizer] Fitness: 8.1030 | Elapsed: 49.95 sec
[ModelOptimizer] Evaluating parameters: VectorD(1.00000,	3.52239,	-0.500000,	0.800000,	1.51661)

======================================================================
TRAFFIC MODEL BUILDER SUMMARY
======================================================================
Network:      US-101-N-DonaldDoyle
Segments:     7
Lanes:        4
Junctions:    8
Ramps:        2
Sensors:      5
Mode:         PeMS Data-Driven
Car-Following: IDM
ODE Solver:   Ballistic
Vmax:         35.0 m/s
======================================================================
Skipping Source actor due to time limit at clock = 43201.00125327633
Skipping Source actor due to time limit at clock = 43210.6788297557
-----------------------------
| Model.cleanup in progress |
-----------------------------
cleanup: agenda
cleanup: wait queues
coroutine counts = (15596577,15595533,15595009)
[ModelOptimizer] Fitness: 8.1054 | Elapsed: 49.69 sec
[ModelOptimizer] Evaluating parameters: VectorD(1.00000,	3.52241,	-0.500000,	0.800000,	1.51660)

======================================================================
TRAFFIC MODEL BUILDER SUMMARY
======================================================================
Network:      US-101-N-DonaldDoyle
Segments:     7
Lanes:        4
Junctions:    8
Ramps:        2
Sensors:      5
Mode:         PeMS Data-Driven
Car-Following: IDM
ODE Solver:   Ballistic
Vmax:         35.0 m/s
======================================================================
Skipping Source actor due to time limit at clock = 43201.00125327633
Skipping Source actor due to time limit at clock = 43210.6788297557
-----------------------------
| Model.cleanup in progress |
-----------------------------
cleanup: agenda
cleanup: wait queues
coroutine counts = (15656334,15655286,15654760)
[ModelOptimizer] Fitness: 8.1036 | Elapsed: 49.42 sec
[ModelOptimizer] Evaluating parameters: VectorD(1.00000,	3.52251,	-0.500000,	0.800000,	1.51661)

======================================================================
TRAFFIC MODEL BUILDER SUMMARY
======================================================================
Network:      US-101-N-DonaldDoyle
Segments:     7
Lanes:        4
Junctions:    8
Ramps:        2
Sensors:      5
Mode:         PeMS Data-Driven
Car-Following: IDM
ODE Solver:   Ballistic
Vmax:         35.0 m/s
======================================================================
Skipping Source actor due to time limit at clock = 43201.00125327633
Skipping Source actor due to time limit at clock = 43210.6788297557
-----------------------------
| Model.cleanup in progress |
-----------------------------
cleanup: agenda
cleanup: wait queues
coroutine counts = (15716091,15715039,15714511)
[ModelOptimizer] Fitness: 8.1021 | Elapsed: 49.77 sec
[ModelOptimizer] Evaluating parameters: VectorD(1.00000,	3.52262,	-0.500000,	0.800000,	1.51662)

======================================================================
TRAFFIC MODEL BUILDER SUMMARY
======================================================================
Network:      US-101-N-DonaldDoyle
Segments:     7
Lanes:        4
Junctions:    8
Ramps:        2
Sensors:      5
Mode:         PeMS Data-Driven
Car-Following: IDM
ODE Solver:   Ballistic
Vmax:         35.0 m/s
======================================================================
Skipping Source actor due to time limit at clock = 43201.00125327633
Skipping Source actor due to time limit at clock = 43210.6788297557
-----------------------------
| Model.cleanup in progress |
-----------------------------
cleanup: agenda
cleanup: wait queues
coroutine counts = (15775848,15774792,15774262)
[ModelOptimizer] Fitness: 8.1030 | Elapsed: 49.86 sec
[ModelOptimizer] Evaluating parameters: VectorD(1.00000,	3.52262,	-0.500000,	0.800000,	1.51662)

======================================================================
TRAFFIC MODEL BUILDER SUMMARY
======================================================================
Network:      US-101-N-DonaldDoyle
Segments:     7
Lanes:        4
Junctions:    8
Ramps:        2
Sensors:      5
Mode:         PeMS Data-Driven
Car-Following: IDM
ODE Solver:   Ballistic
Vmax:         35.0 m/s
======================================================================
Skipping Source actor due to time limit at clock = 43201.00125327633
Skipping Source actor due to time limit at clock = 43210.6788297557
-----------------------------
| Model.cleanup in progress |
-----------------------------
cleanup: agenda
cleanup: wait queues
coroutine counts = (15835605,15834545,15834013)
[ModelOptimizer] Fitness: 8.1030 | Elapsed: 49.83 sec
      53 |      8.10096274 |      8.10096274 |      13.3% ✓
[ModelOptimizer] Evaluating parameters: VectorD(1.00000,	3.52252,	-0.500000,	0.800000,	1.51661)

======================================================================
TRAFFIC MODEL BUILDER SUMMARY
======================================================================
Network:      US-101-N-DonaldDoyle
Segments:     7
Lanes:        4
Junctions:    8
Ramps:        2
Sensors:      5
Mode:         PeMS Data-Driven
Car-Following: IDM
ODE Solver:   Ballistic
Vmax:         35.0 m/s
======================================================================
Skipping Source actor due to time limit at clock = 43201.00125327633
Skipping Source actor due to time limit at clock = 43210.6788297557
-----------------------------
| Model.cleanup in progress |
-----------------------------
cleanup: agenda
cleanup: wait queues
coroutine counts = (15895362,15894298,15893764)
[ModelOptimizer] Fitness: 8.1044 | Elapsed: 49.66 sec
[ModelOptimizer] Evaluating parameters: VectorD(1.00000,	3.52250,	-0.500000,	0.800000,	1.51657)

======================================================================
TRAFFIC MODEL BUILDER SUMMARY
======================================================================
Network:      US-101-N-DonaldDoyle
Segments:     7
Lanes:        4
Junctions:    8
Ramps:        2
Sensors:      5
Mode:         PeMS Data-Driven
Car-Following: IDM
ODE Solver:   Ballistic
Vmax:         35.0 m/s
======================================================================
Skipping Source actor due to time limit at clock = 43201.00125327633
Skipping Source actor due to time limit at clock = 43210.6788297557
-----------------------------
| Model.cleanup in progress |
-----------------------------
cleanup: agenda
cleanup: wait queues
coroutine counts = (15955119,15954051,15953515)
[ModelOptimizer] Fitness: 8.1060 | Elapsed: 49.77 sec
[ModelOptimizer] Evaluating parameters: VectorD(1.00000,	3.52253,	-0.500000,	0.800000,	1.51663)

======================================================================
TRAFFIC MODEL BUILDER SUMMARY
======================================================================
Network:      US-101-N-DonaldDoyle
Segments:     7
Lanes:        4
Junctions:    8
Ramps:        2
Sensors:      5
Mode:         PeMS Data-Driven
Car-Following: IDM
ODE Solver:   Ballistic
Vmax:         35.0 m/s
======================================================================
Skipping Source actor due to time limit at clock = 43201.00125327633
Skipping Source actor due to time limit at clock = 43210.6788297557
-----------------------------
| Model.cleanup in progress |
-----------------------------
cleanup: agenda
cleanup: wait queues
coroutine counts = (16014876,16013804,16013266)
[ModelOptimizer] Fitness: 8.1036 | Elapsed: 49.70 sec
[ModelOptimizer] Evaluating parameters: VectorD(1.00000,	3.52253,	-0.500000,	0.800000,	1.51663)

======================================================================
TRAFFIC MODEL BUILDER SUMMARY
======================================================================
Network:      US-101-N-DonaldDoyle
Segments:     7
Lanes:        4
Junctions:    8
Ramps:        2
Sensors:      5
Mode:         PeMS Data-Driven
Car-Following: IDM
ODE Solver:   Ballistic
Vmax:         35.0 m/s
======================================================================
Skipping Source actor due to time limit at clock = 43201.00125327633
Skipping Source actor due to time limit at clock = 43210.6788297557
-----------------------------
| Model.cleanup in progress |
-----------------------------
cleanup: agenda
cleanup: wait queues
coroutine counts = (16074633,16073557,16073017)
[ModelOptimizer] Fitness: 8.1036 | Elapsed: 49.34 sec
      54 |      8.10096274 |      8.10096274 |      13.5% ✓
[ModelOptimizer] Evaluating parameters: VectorD(1.00000,	3.52252,	-0.500000,	0.800000,	1.51662)

======================================================================
TRAFFIC MODEL BUILDER SUMMARY
======================================================================
Network:      US-101-N-DonaldDoyle
Segments:     7
Lanes:        4
Junctions:    8
Ramps:        2
Sensors:      5
Mode:         PeMS Data-Driven
Car-Following: IDM
ODE Solver:   Ballistic
Vmax:         35.0 m/s
======================================================================
Skipping Source actor due to time limit at clock = 43201.00125327633
Skipping Source actor due to time limit at clock = 43210.6788297557
-----------------------------
| Model.cleanup in progress |
-----------------------------
cleanup: agenda
cleanup: wait queues
coroutine counts = (16134390,16133310,16132768)
[ModelOptimizer] Fitness: 8.1038 | Elapsed: 49.20 sec
[ModelOptimizer] Evaluating parameters: VectorD(1.00000,	3.52253,	-0.500000,	0.800000,	1.51667)

======================================================================
TRAFFIC MODEL BUILDER SUMMARY
======================================================================
Network:      US-101-N-DonaldDoyle
Segments:     7
Lanes:        4
Junctions:    8
Ramps:        2
Sensors:      5
Mode:         PeMS Data-Driven
Car-Following: IDM
ODE Solver:   Ballistic
Vmax:         35.0 m/s
======================================================================
Skipping Source actor due to time limit at clock = 43201.00125327633
Skipping Source actor due to time limit at clock = 43210.6788297557
-----------------------------
| Model.cleanup in progress |
-----------------------------
cleanup: agenda
cleanup: wait queues
coroutine counts = (16194147,16193063,16192519)
[ModelOptimizer] Fitness: 8.1069 | Elapsed: 49.46 sec
[ModelOptimizer] Evaluating parameters: VectorD(1.00000,	3.52252,	-0.500000,	0.800000,	1.51659)

======================================================================
TRAFFIC MODEL BUILDER SUMMARY
======================================================================
Network:      US-101-N-DonaldDoyle
Segments:     7
Lanes:        4
Junctions:    8
Ramps:        2
Sensors:      5
Mode:         PeMS Data-Driven
Car-Following: IDM
ODE Solver:   Ballistic
Vmax:         35.0 m/s
======================================================================
Skipping Source actor due to time limit at clock = 43201.00125327633
Skipping Source actor due to time limit at clock = 43210.6788297557
-----------------------------
| Model.cleanup in progress |
-----------------------------
cleanup: agenda
cleanup: wait queues
coroutine counts = (16253904,16252816,16252270)
[ModelOptimizer] Fitness: 8.1047 | Elapsed: 49.48 sec
[ModelOptimizer] Evaluating parameters: VectorD(1.00000,	3.52255,	-0.500000,	0.800000,	1.51659)

======================================================================
TRAFFIC MODEL BUILDER SUMMARY
======================================================================
Network:      US-101-N-DonaldDoyle
Segments:     7
Lanes:        4
Junctions:    8
Ramps:        2
Sensors:      5
Mode:         PeMS Data-Driven
Car-Following: IDM
ODE Solver:   Ballistic
Vmax:         35.0 m/s
======================================================================
Skipping Source actor due to time limit at clock = 43201.00125327633
Skipping Source actor due to time limit at clock = 43210.6788297557
-----------------------------
| Model.cleanup in progress |
-----------------------------
cleanup: agenda
cleanup: wait queues
coroutine counts = (16313661,16312569,16312021)
[ModelOptimizer] Fitness: 8.1033 | Elapsed: 50.11 sec
[ModelOptimizer] Evaluating parameters: VectorD(1.00000,	3.52249,	-0.500000,	0.800000,	1.51660)

======================================================================
TRAFFIC MODEL BUILDER SUMMARY
======================================================================
Network:      US-101-N-DonaldDoyle
Segments:     7
Lanes:        4
Junctions:    8
Ramps:        2
Sensors:      5
Mode:         PeMS Data-Driven
Car-Following: IDM
ODE Solver:   Ballistic
Vmax:         35.0 m/s
======================================================================
Skipping Source actor due to time limit at clock = 43201.00125327633
Skipping Source actor due to time limit at clock = 43210.6788297557
-----------------------------
| Model.cleanup in progress |
-----------------------------
cleanup: agenda
cleanup: wait queues
coroutine counts = (16373418,16372322,16371772)
[ModelOptimizer] Fitness: 8.1039 | Elapsed: 50.00 sec
[ModelOptimizer] Evaluating parameters: VectorD(1.00000,	3.52255,	-0.500000,	0.800000,	1.51662)

======================================================================
TRAFFIC MODEL BUILDER SUMMARY
======================================================================
Network:      US-101-N-DonaldDoyle
Segments:     7
Lanes:        4
Junctions:    8
Ramps:        2
Sensors:      5
Mode:         PeMS Data-Driven
Car-Following: IDM
ODE Solver:   Ballistic
Vmax:         35.0 m/s
======================================================================
Skipping Source actor due to time limit at clock = 43201.00125327633
Skipping Source actor due to time limit at clock = 43210.6788297557
-----------------------------
| Model.cleanup in progress |
-----------------------------
cleanup: agenda
cleanup: wait queues
coroutine counts = (16433175,16432075,16431523)
[ModelOptimizer] Fitness: 8.1006 | Elapsed: 49.40 sec
[ModelOptimizer] Evaluating parameters: VectorD(1.00000,	3.52260,	-0.500000,	0.800000,	1.51661)

======================================================================
TRAFFIC MODEL BUILDER SUMMARY
======================================================================
Network:      US-101-N-DonaldDoyle
Segments:     7
Lanes:        4
Junctions:    8
Ramps:        2
Sensors:      5
Mode:         PeMS Data-Driven
Car-Following: IDM
ODE Solver:   Ballistic
Vmax:         35.0 m/s
======================================================================
Skipping Source actor due to time limit at clock = 43201.00125327633
Skipping Source actor due to time limit at clock = 43210.6788297557
-----------------------------
| Model.cleanup in progress |
-----------------------------
cleanup: agenda
cleanup: wait queues
coroutine counts = (16492932,16491828,16491274)
[ModelOptimizer] Fitness: 8.1033 | Elapsed: 49.80 sec
[ModelOptimizer] Evaluating parameters: VectorD(1.00000,	3.52253,	-0.500000,	0.800000,	1.51663)

======================================================================
TRAFFIC MODEL BUILDER SUMMARY
======================================================================
Network:      US-101-N-DonaldDoyle
Segments:     7
Lanes:        4
Junctions:    8
Ramps:        2
Sensors:      5
Mode:         PeMS Data-Driven
Car-Following: IDM
ODE Solver:   Ballistic
Vmax:         35.0 m/s
======================================================================
Skipping Source actor due to time limit at clock = 43201.00125327633
Skipping Source actor due to time limit at clock = 43210.6788297557
-----------------------------
| Model.cleanup in progress |
-----------------------------
cleanup: agenda
cleanup: wait queues
coroutine counts = (16552689,16551581,16551025)
[ModelOptimizer] Fitness: 8.1018 | Elapsed: 49.33 sec
[ModelOptimizer] Evaluating parameters: VectorD(1.00000,	3.52256,	-0.500000,	0.800000,	1.51661)

======================================================================
TRAFFIC MODEL BUILDER SUMMARY
======================================================================
Network:      US-101-N-DonaldDoyle
Segments:     7
Lanes:        4
Junctions:    8
Ramps:        2
Sensors:      5
Mode:         PeMS Data-Driven
Car-Following: IDM
ODE Solver:   Ballistic
Vmax:         35.0 m/s
======================================================================
Skipping Source actor due to time limit at clock = 43201.00125327633
Skipping Source actor due to time limit at clock = 43210.6788297557
-----------------------------
| Model.cleanup in progress |
-----------------------------
cleanup: agenda
cleanup: wait queues
coroutine counts = (16612446,16611334,16610776)
[ModelOptimizer] Fitness: 8.1025 | Elapsed: 49.41 sec
[ModelOptimizer] Evaluating parameters: VectorD(1.00000,	3.52263,	-0.500000,	0.800000,	1.51661)

======================================================================
TRAFFIC MODEL BUILDER SUMMARY
======================================================================
Network:      US-101-N-DonaldDoyle
Segments:     7
Lanes:        4
Junctions:    8
Ramps:        2
Sensors:      5
Mode:         PeMS Data-Driven
Car-Following: IDM
ODE Solver:   Ballistic
Vmax:         35.0 m/s
======================================================================
Skipping Source actor due to time limit at clock = 43201.00125327633
Skipping Source actor due to time limit at clock = 43210.6788297557
-----------------------------
| Model.cleanup in progress |
-----------------------------
cleanup: agenda
cleanup: wait queues
coroutine counts = (16672203,16671087,16670527)
[ModelOptimizer] Fitness: 8.1029 | Elapsed: 49.78 sec
[ModelOptimizer] Evaluating parameters: VectorD(1.00000,	3.52263,	-0.500000,	0.800000,	1.51661)

======================================================================
TRAFFIC MODEL BUILDER SUMMARY
======================================================================
Network:      US-101-N-DonaldDoyle
Segments:     7
Lanes:        4
Junctions:    8
Ramps:        2
Sensors:      5
Mode:         PeMS Data-Driven
Car-Following: IDM
ODE Solver:   Ballistic
Vmax:         35.0 m/s
======================================================================
Skipping Source actor due to time limit at clock = 43201.00125327633
Skipping Source actor due to time limit at clock = 43210.6788297557
-----------------------------
| Model.cleanup in progress |
-----------------------------
cleanup: agenda
cleanup: wait queues
coroutine counts = (16731960,16730840,16730278)
[ModelOptimizer] Fitness: 8.1029 | Elapsed: 49.04 sec
      55 |      8.10062543 |      8.10062543 |      13.8% ✓
[ModelOptimizer] Evaluating parameters: VectorD(1.00000,	3.52257,	-0.500000,	0.800000,	1.51661)

======================================================================
TRAFFIC MODEL BUILDER SUMMARY
======================================================================
Network:      US-101-N-DonaldDoyle
Segments:     7
Lanes:        4
Junctions:    8
Ramps:        2
Sensors:      5
Mode:         PeMS Data-Driven
Car-Following: IDM
ODE Solver:   Ballistic
Vmax:         35.0 m/s
======================================================================
Skipping Source actor due to time limit at clock = 43201.00125327633
Skipping Source actor due to time limit at clock = 43210.6788297557
-----------------------------
| Model.cleanup in progress |
-----------------------------
cleanup: agenda
cleanup: wait queues
coroutine counts = (16791717,16790593,16790029)
[ModelOptimizer] Fitness: 8.1027 | Elapsed: 49.57 sec
[ModelOptimizer] Evaluating parameters: VectorD(1.00000,	3.52254,	-0.500000,	0.800000,	1.51661)

======================================================================
TRAFFIC MODEL BUILDER SUMMARY
======================================================================
Network:      US-101-N-DonaldDoyle
Segments:     7
Lanes:        4
Junctions:    8
Ramps:        2
Sensors:      5
Mode:         PeMS Data-Driven
Car-Following: IDM
ODE Solver:   Ballistic
Vmax:         35.0 m/s
======================================================================
Skipping Source actor due to time limit at clock = 43201.00125327633
Skipping Source actor due to time limit at clock = 43210.6788297557
-----------------------------
| Model.cleanup in progress |
-----------------------------
cleanup: agenda
cleanup: wait queues
coroutine counts = (16851474,16850346,16849780)
[ModelOptimizer] Fitness: 8.1024 | Elapsed: 49.50 sec
[ModelOptimizer] Evaluating parameters: VectorD(1.00000,	3.52254,	-0.500000,	0.800000,	1.51661)

======================================================================
TRAFFIC MODEL BUILDER SUMMARY
======================================================================
Network:      US-101-N-DonaldDoyle
Segments:     7
Lanes:        4
Junctions:    8
Ramps:        2
Sensors:      5
Mode:         PeMS Data-Driven
Car-Following: IDM
ODE Solver:   Ballistic
Vmax:         35.0 m/s
======================================================================
Skipping Source actor due to time limit at clock = 43201.00125327633
Skipping Source actor due to time limit at clock = 43210.6788297557
-----------------------------
| Model.cleanup in progress |
-----------------------------
cleanup: agenda
cleanup: wait queues
coroutine counts = (16911231,16910099,16909531)
[ModelOptimizer] Fitness: 8.1024 | Elapsed: 49.63 sec
      56 |      8.10062543 |      8.10062543 |      14.0% ✓
[ModelOptimizer] Evaluating parameters: VectorD(1.00000,	3.52257,	-0.500000,	0.800000,	1.51661)

======================================================================
TRAFFIC MODEL BUILDER SUMMARY
======================================================================
Network:      US-101-N-DonaldDoyle
Segments:     7
Lanes:        4
Junctions:    8
Ramps:        2
Sensors:      5
Mode:         PeMS Data-Driven
Car-Following: IDM
ODE Solver:   Ballistic
Vmax:         35.0 m/s
======================================================================
Skipping Source actor due to time limit at clock = 43201.00125327633
Skipping Source actor due to time limit at clock = 43210.6788297557
-----------------------------
| Model.cleanup in progress |
-----------------------------
cleanup: agenda
cleanup: wait queues
coroutine counts = (16970988,16969852,16969282)
[ModelOptimizer] Fitness: 8.1022 | Elapsed: 49.75 sec
[ModelOptimizer] Evaluating parameters: VectorD(1.00000,	3.52259,	-0.500000,	0.800000,	1.51664)

======================================================================
TRAFFIC MODEL BUILDER SUMMARY
======================================================================
Network:      US-101-N-DonaldDoyle
Segments:     7
Lanes:        4
Junctions:    8
Ramps:        2
Sensors:      5
Mode:         PeMS Data-Driven
Car-Following: IDM
ODE Solver:   Ballistic
Vmax:         35.0 m/s
======================================================================
Skipping Source actor due to time limit at clock = 43201.00125327633
Skipping Source actor due to time limit at clock = 43210.6788297557
-----------------------------
| Model.cleanup in progress |
-----------------------------
cleanup: agenda
cleanup: wait queues
coroutine counts = (17030745,17029605,17029033)
[ModelOptimizer] Fitness: 8.1043 | Elapsed: 49.41 sec
[ModelOptimizer] Evaluating parameters: VectorD(1.00000,	3.52256,	-0.500000,	0.800000,	1.51660)

======================================================================
TRAFFIC MODEL BUILDER SUMMARY
======================================================================
Network:      US-101-N-DonaldDoyle
Segments:     7
Lanes:        4
Junctions:    8
Ramps:        2
Sensors:      5
Mode:         PeMS Data-Driven
Car-Following: IDM
ODE Solver:   Ballistic
Vmax:         35.0 m/s
======================================================================
Skipping Source actor due to time limit at clock = 43201.00125327633
Skipping Source actor due to time limit at clock = 43210.6788297557
-----------------------------
| Model.cleanup in progress |
-----------------------------
cleanup: agenda
cleanup: wait queues
coroutine counts = (17090502,17089358,17088784)
[ModelOptimizer] Fitness: 8.1035 | Elapsed: 49.68 sec
[ModelOptimizer] Evaluating parameters: VectorD(1.00000,	3.52255,	-0.500000,	0.800000,	1.51660)

======================================================================
TRAFFIC MODEL BUILDER SUMMARY
======================================================================
Network:      US-101-N-DonaldDoyle
Segments:     7
Lanes:        4
Junctions:    8
Ramps:        2
Sensors:      5
Mode:         PeMS Data-Driven
Car-Following: IDM
ODE Solver:   Ballistic
Vmax:         35.0 m/s
======================================================================
Skipping Source actor due to time limit at clock = 43201.00125327633
Skipping Source actor due to time limit at clock = 43210.6788297557
-----------------------------
| Model.cleanup in progress |
-----------------------------
cleanup: agenda
cleanup: wait queues
coroutine counts = (17150259,17149111,17148535)
[ModelOptimizer] Fitness: 8.1027 | Elapsed: 49.67 sec
[ModelOptimizer] Evaluating parameters: VectorD(1.00000,	3.52259,	-0.500000,	0.800000,	1.51662)

======================================================================
TRAFFIC MODEL BUILDER SUMMARY
======================================================================
Network:      US-101-N-DonaldDoyle
Segments:     7
Lanes:        4
Junctions:    8
Ramps:        2
Sensors:      5
Mode:         PeMS Data-Driven
Car-Following: IDM
ODE Solver:   Ballistic
Vmax:         35.0 m/s
======================================================================
Skipping Source actor due to time limit at clock = 43201.00125327633
Skipping Source actor due to time limit at clock = 43210.6788297557
-----------------------------
| Model.cleanup in progress |
-----------------------------
cleanup: agenda
cleanup: wait queues
coroutine counts = (17210016,17208864,17208286)
[ModelOptimizer] Fitness: 8.1032 | Elapsed: 49.59 sec
[ModelOptimizer] Evaluating parameters: VectorD(1.00000,	3.52255,	-0.500000,	0.800000,	1.51661)

======================================================================
TRAFFIC MODEL BUILDER SUMMARY
======================================================================
Network:      US-101-N-DonaldDoyle
Segments:     7
Lanes:        4
Junctions:    8
Ramps:        2
Sensors:      5
Mode:         PeMS Data-Driven
Car-Following: IDM
ODE Solver:   Ballistic
Vmax:         35.0 m/s
======================================================================
Skipping Source actor due to time limit at clock = 43201.00125327633
Skipping Source actor due to time limit at clock = 43210.6788297557
-----------------------------
| Model.cleanup in progress |
-----------------------------
cleanup: agenda
cleanup: wait queues
coroutine counts = (17269773,17268617,17268037)
[ModelOptimizer] Fitness: 8.1027 | Elapsed: 49.40 sec
[ModelOptimizer] Evaluating parameters: VectorD(1.00000,	3.52254,	-0.500000,	0.800000,	1.51662)

======================================================================
TRAFFIC MODEL BUILDER SUMMARY
======================================================================
Network:      US-101-N-DonaldDoyle
Segments:     7
Lanes:        4
Junctions:    8
Ramps:        2
Sensors:      5
Mode:         PeMS Data-Driven
Car-Following: IDM
ODE Solver:   Ballistic
Vmax:         35.0 m/s
======================================================================
Skipping Source actor due to time limit at clock = 43201.00125327633
Skipping Source actor due to time limit at clock = 43210.6788297557
-----------------------------
| Model.cleanup in progress |
-----------------------------
cleanup: agenda
cleanup: wait queues
coroutine counts = (17329530,17328370,17327788)
[ModelOptimizer] Fitness: 8.1030 | Elapsed: 49.81 sec
[ModelOptimizer] Evaluating parameters: VectorD(1.00000,	3.52257,	-0.500000,	0.800000,	1.51661)

======================================================================
TRAFFIC MODEL BUILDER SUMMARY
======================================================================
Network:      US-101-N-DonaldDoyle
Segments:     7
Lanes:        4
Junctions:    8
Ramps:        2
Sensors:      5
Mode:         PeMS Data-Driven
Car-Following: IDM
ODE Solver:   Ballistic
Vmax:         35.0 m/s
======================================================================
Skipping Source actor due to time limit at clock = 43201.00125327633
Skipping Source actor due to time limit at clock = 43210.6788297557
-----------------------------
| Model.cleanup in progress |
-----------------------------
cleanup: agenda
cleanup: wait queues
coroutine counts = (17389287,17388123,17387539)
[ModelOptimizer] Fitness: 8.1040 | Elapsed: 49.63 sec
[ModelOptimizer] Evaluating parameters: VectorD(1.00000,	3.52256,	-0.500000,	0.800000,	1.51661)

======================================================================
TRAFFIC MODEL BUILDER SUMMARY
======================================================================
Network:      US-101-N-DonaldDoyle
Segments:     7
Lanes:        4
Junctions:    8
Ramps:        2
Sensors:      5
Mode:         PeMS Data-Driven
Car-Following: IDM
ODE Solver:   Ballistic
Vmax:         35.0 m/s
======================================================================
Skipping Source actor due to time limit at clock = 43201.00125327633
Skipping Source actor due to time limit at clock = 43210.6788297557
-----------------------------
| Model.cleanup in progress |
-----------------------------
cleanup: agenda
cleanup: wait queues
coroutine counts = (17449044,17447876,17447290)
[ModelOptimizer] Fitness: 8.1026 | Elapsed: 49.80 sec
[ModelOptimizer] Evaluating parameters: VectorD(1.00000,	3.52255,	-0.500000,	0.800000,	1.51662)

======================================================================
TRAFFIC MODEL BUILDER SUMMARY
======================================================================
Network:      US-101-N-DonaldDoyle
Segments:     7
Lanes:        4
Junctions:    8
Ramps:        2
Sensors:      5
Mode:         PeMS Data-Driven
Car-Following: IDM
ODE Solver:   Ballistic
Vmax:         35.0 m/s
======================================================================
Skipping Source actor due to time limit at clock = 43201.00125327633
Skipping Source actor due to time limit at clock = 43210.6788297557
-----------------------------
| Model.cleanup in progress |
-----------------------------
cleanup: agenda
cleanup: wait queues
coroutine counts = (17508801,17507629,17507041)
[ModelOptimizer] Fitness: 8.1030 | Elapsed: 49.69 sec
[ModelOptimizer] Evaluating parameters: VectorD(1.00000,	3.52255,	-0.500000,	0.800000,	1.51662)

======================================================================
TRAFFIC MODEL BUILDER SUMMARY
======================================================================
Network:      US-101-N-DonaldDoyle
Segments:     7
Lanes:        4
Junctions:    8
Ramps:        2
Sensors:      5
Mode:         PeMS Data-Driven
Car-Following: IDM
ODE Solver:   Ballistic
Vmax:         35.0 m/s
======================================================================
Skipping Source actor due to time limit at clock = 43201.00125327633
Skipping Source actor due to time limit at clock = 43210.6788297557
-----------------------------
| Model.cleanup in progress |
-----------------------------
cleanup: agenda
cleanup: wait queues
coroutine counts = (17568558,17567382,17566792)
[ModelOptimizer] Fitness: 8.1030 | Elapsed: 49.33 sec
      57 |      8.10062543 |      8.10062543 |      14.3% ✓
[ModelOptimizer] Evaluating parameters: VectorD(1.00000,	3.52255,	-0.500000,	0.800000,	1.51661)

======================================================================
TRAFFIC MODEL BUILDER SUMMARY
======================================================================
Network:      US-101-N-DonaldDoyle
Segments:     7
Lanes:        4
Junctions:    8
Ramps:        2
Sensors:      5
Mode:         PeMS Data-Driven
Car-Following: IDM
ODE Solver:   Ballistic
Vmax:         35.0 m/s
======================================================================
Skipping Source actor due to time limit at clock = 43201.00125327633
Skipping Source actor due to time limit at clock = 43210.6788297557
-----------------------------
| Model.cleanup in progress |
-----------------------------
cleanup: agenda
cleanup: wait queues
coroutine counts = (17628315,17627135,17626543)
[ModelOptimizer] Fitness: 8.1025 | Elapsed: 49.07 sec
[ModelOptimizer] Evaluating parameters: VectorD(1.00000,	3.52250,	-0.500000,	0.800000,	1.51661)

======================================================================
TRAFFIC MODEL BUILDER SUMMARY
======================================================================
Network:      US-101-N-DonaldDoyle
Segments:     7
Lanes:        4
Junctions:    8
Ramps:        2
Sensors:      5
Mode:         PeMS Data-Driven
Car-Following: IDM
ODE Solver:   Ballistic
Vmax:         35.0 m/s
======================================================================
Skipping Source actor due to time limit at clock = 43201.00125327633
Skipping Source actor due to time limit at clock = 43210.6788297557
-----------------------------
| Model.cleanup in progress |
-----------------------------
cleanup: agenda
cleanup: wait queues
coroutine counts = (17688072,17686888,17686294)
[ModelOptimizer] Fitness: 8.1029 | Elapsed: 50.12 sec
[ModelOptimizer] Evaluating parameters: VectorD(1.00000,	3.52250,	-0.500000,	0.800000,	1.51661)

======================================================================
TRAFFIC MODEL BUILDER SUMMARY
======================================================================
Network:      US-101-N-DonaldDoyle
Segments:     7
Lanes:        4
Junctions:    8
Ramps:        2
Sensors:      5
Mode:         PeMS Data-Driven
Car-Following: IDM
ODE Solver:   Ballistic
Vmax:         35.0 m/s
======================================================================
Skipping Source actor due to time limit at clock = 43201.00125327633
Skipping Source actor due to time limit at clock = 43210.6788297557
-----------------------------
| Model.cleanup in progress |
-----------------------------
cleanup: agenda
cleanup: wait queues
coroutine counts = (17747829,17746641,17746045)
[ModelOptimizer] Fitness: 8.1029 | Elapsed: 49.74 sec
      58 |      8.10062543 |      8.10062543 |      14.5% ✓
[ModelOptimizer] Evaluating parameters: VectorD(1.00000,	3.52254,	-0.500000,	0.800000,	1.51661)

======================================================================
TRAFFIC MODEL BUILDER SUMMARY
======================================================================
Network:      US-101-N-DonaldDoyle
Segments:     7
Lanes:        4
Junctions:    8
Ramps:        2
Sensors:      5
Mode:         PeMS Data-Driven
Car-Following: IDM
ODE Solver:   Ballistic
Vmax:         35.0 m/s
======================================================================
Skipping Source actor due to time limit at clock = 43201.00125327633
Skipping Source actor due to time limit at clock = 43210.6788297557
-----------------------------
| Model.cleanup in progress |
-----------------------------
cleanup: agenda
cleanup: wait queues
coroutine counts = (17807586,17806394,17805796)
[ModelOptimizer] Fitness: 8.1029 | Elapsed: 49.52 sec
[ModelOptimizer] Evaluating parameters: VectorD(1.00000,	3.52254,	-0.500000,	0.800000,	1.51660)

======================================================================
TRAFFIC MODEL BUILDER SUMMARY
======================================================================
Network:      US-101-N-DonaldDoyle
Segments:     7
Lanes:        4
Junctions:    8
Ramps:        2
Sensors:      5
Mode:         PeMS Data-Driven
Car-Following: IDM
ODE Solver:   Ballistic
Vmax:         35.0 m/s
======================================================================
Skipping Source actor due to time limit at clock = 43201.00125327633
Skipping Source actor due to time limit at clock = 43210.6788297557
-----------------------------
| Model.cleanup in progress |
-----------------------------
cleanup: agenda
cleanup: wait queues
coroutine counts = (17867343,17866147,17865547)
[ModelOptimizer] Fitness: 8.1032 | Elapsed: 49.97 sec
[ModelOptimizer] Evaluating parameters: VectorD(1.00000,	3.52254,	-0.500000,	0.800000,	1.51662)

======================================================================
TRAFFIC MODEL BUILDER SUMMARY
======================================================================
Network:      US-101-N-DonaldDoyle
Segments:     7
Lanes:        4
Junctions:    8
Ramps:        2
Sensors:      5
Mode:         PeMS Data-Driven
Car-Following: IDM
ODE Solver:   Ballistic
Vmax:         35.0 m/s
======================================================================
Skipping Source actor due to time limit at clock = 43201.00125327633
Skipping Source actor due to time limit at clock = 43210.6788297557
-----------------------------
| Model.cleanup in progress |
-----------------------------
cleanup: agenda
cleanup: wait queues
coroutine counts = (17927100,17925900,17925298)
[ModelOptimizer] Fitness: 8.1018 | Elapsed: 49.77 sec
[ModelOptimizer] Evaluating parameters: VectorD(1.00000,	3.52254,	-0.500000,	0.800000,	1.51662)

======================================================================
TRAFFIC MODEL BUILDER SUMMARY
======================================================================
Network:      US-101-N-DonaldDoyle
Segments:     7
Lanes:        4
Junctions:    8
Ramps:        2
Sensors:      5
Mode:         PeMS Data-Driven
Car-Following: IDM
ODE Solver:   Ballistic
Vmax:         35.0 m/s
======================================================================
Skipping Source actor due to time limit at clock = 43201.00125327633
Skipping Source actor due to time limit at clock = 43210.6788297557
-----------------------------
| Model.cleanup in progress |
-----------------------------
cleanup: agenda
cleanup: wait queues
coroutine counts = (17986857,17985653,17985049)
[ModelOptimizer] Fitness: 8.1018 | Elapsed: 49.95 sec
      59 |      8.10062543 |      8.10062543 |      14.8% ✓
[ModelOptimizer] Evaluating parameters: VectorD(1.00000,	3.52254,	-0.500000,	0.800000,	1.51661)

======================================================================
TRAFFIC MODEL BUILDER SUMMARY
======================================================================
Network:      US-101-N-DonaldDoyle
Segments:     7
Lanes:        4
Junctions:    8
Ramps:        2
Sensors:      5
Mode:         PeMS Data-Driven
Car-Following: IDM
ODE Solver:   Ballistic
Vmax:         35.0 m/s
======================================================================
Skipping Source actor due to time limit at clock = 43201.00125327633
Skipping Source actor due to time limit at clock = 43210.6788297557
-----------------------------
| Model.cleanup in progress |
-----------------------------
cleanup: agenda
cleanup: wait queues
coroutine counts = (18046614,18045406,18044800)
[ModelOptimizer] Fitness: 8.1039 | Elapsed: 49.35 sec
[ModelOptimizer] Evaluating parameters: VectorD(1.00000,	3.52253,	-0.500000,	0.800000,	1.51661)

======================================================================
TRAFFIC MODEL BUILDER SUMMARY
======================================================================
Network:      US-101-N-DonaldDoyle
Segments:     7
Lanes:        4
Junctions:    8
Ramps:        2
Sensors:      5
Mode:         PeMS Data-Driven
Car-Following: IDM
ODE Solver:   Ballistic
Vmax:         35.0 m/s
======================================================================
Skipping Source actor due to time limit at clock = 43201.00125327633
Skipping Source actor due to time limit at clock = 43210.6788297557
-----------------------------
| Model.cleanup in progress |
-----------------------------
cleanup: agenda
cleanup: wait queues
coroutine counts = (18106371,18105159,18104551)
[ModelOptimizer] Fitness: 8.1036 | Elapsed: 50.19 sec
[ModelOptimizer] Evaluating parameters: VectorD(1.00000,	3.52254,	-0.500000,	0.800000,	1.51661)

======================================================================
TRAFFIC MODEL BUILDER SUMMARY
======================================================================
Network:      US-101-N-DonaldDoyle
Segments:     7
Lanes:        4
Junctions:    8
Ramps:        2
Sensors:      5
Mode:         PeMS Data-Driven
Car-Following: IDM
ODE Solver:   Ballistic
Vmax:         35.0 m/s
======================================================================
Skipping Source actor due to time limit at clock = 43201.00125327633
Skipping Source actor due to time limit at clock = 43210.6788297557
-----------------------------
| Model.cleanup in progress |
-----------------------------
cleanup: agenda
cleanup: wait queues
coroutine counts = (18166128,18164912,18164302)
[ModelOptimizer] Fitness: 8.1024 | Elapsed: 50.18 sec
[ModelOptimizer] Evaluating parameters: VectorD(1.00000,	3.52254,	-0.500000,	0.800000,	1.51661)

======================================================================
TRAFFIC MODEL BUILDER SUMMARY
======================================================================
Network:      US-101-N-DonaldDoyle
Segments:     7
Lanes:        4
Junctions:    8
Ramps:        2
Sensors:      5
Mode:         PeMS Data-Driven
Car-Following: IDM
ODE Solver:   Ballistic
Vmax:         35.0 m/s
======================================================================
Skipping Source actor due to time limit at clock = 43201.00125327633
Skipping Source actor due to time limit at clock = 43210.6788297557
-----------------------------
| Model.cleanup in progress |
-----------------------------
cleanup: agenda
cleanup: wait queues
coroutine counts = (18225885,18224665,18224053)
[ModelOptimizer] Fitness: 8.1024 | Elapsed: 49.41 sec
      60 |      8.10062543 |      8.10062543 |      15.0% ✓
[ModelOptimizer] Evaluating parameters: VectorD(1.00000,	3.52255,	-0.500000,	0.800000,	1.51661)

======================================================================
TRAFFIC MODEL BUILDER SUMMARY
======================================================================
Network:      US-101-N-DonaldDoyle
Segments:     7
Lanes:        4
Junctions:    8
Ramps:        2
Sensors:      5
Mode:         PeMS Data-Driven
Car-Following: IDM
ODE Solver:   Ballistic
Vmax:         35.0 m/s
======================================================================
Skipping Source actor due to time limit at clock = 43201.00125327633
Skipping Source actor due to time limit at clock = 43210.6788297557
-----------------------------
| Model.cleanup in progress |
-----------------------------
cleanup: agenda
cleanup: wait queues
coroutine counts = (18285642,18284418,18283804)
[ModelOptimizer] Fitness: 8.1016 | Elapsed: 49.95 sec
[ModelOptimizer] Evaluating parameters: VectorD(1.00000,	3.52259,	-0.500000,	0.800000,	1.51661)

======================================================================
TRAFFIC MODEL BUILDER SUMMARY
======================================================================
Network:      US-101-N-DonaldDoyle
Segments:     7
Lanes:        4
Junctions:    8
Ramps:        2
Sensors:      5
Mode:         PeMS Data-Driven
Car-Following: IDM
ODE Solver:   Ballistic
Vmax:         35.0 m/s
======================================================================
Skipping Source actor due to time limit at clock = 43201.00125327633
Skipping Source actor due to time limit at clock = 43210.6788297557
-----------------------------
| Model.cleanup in progress |
-----------------------------
cleanup: agenda
cleanup: wait queues
coroutine counts = (18345399,18344171,18343555)
[ModelOptimizer] Fitness: 8.1014 | Elapsed: 50.12 sec
[ModelOptimizer] Evaluating parameters: VectorD(1.00000,	3.52259,	-0.500000,	0.800000,	1.51661)

======================================================================
TRAFFIC MODEL BUILDER SUMMARY
======================================================================
Network:      US-101-N-DonaldDoyle
Segments:     7
Lanes:        4
Junctions:    8
Ramps:        2
Sensors:      5
Mode:         PeMS Data-Driven
Car-Following: IDM
ODE Solver:   Ballistic
Vmax:         35.0 m/s
======================================================================
Skipping Source actor due to time limit at clock = 43201.00125327633
Skipping Source actor due to time limit at clock = 43210.6788297557
-----------------------------
| Model.cleanup in progress |
-----------------------------
cleanup: agenda
cleanup: wait queues
coroutine counts = (18405156,18403924,18403306)
[ModelOptimizer] Fitness: 8.1014 | Elapsed: 49.55 sec
      61 |      8.10062543 |      8.10062543 |      15.3% ✓
[ModelOptimizer] Evaluating parameters: VectorD(1.00000,	3.52256,	-0.500000,	0.800000,	1.51662)

======================================================================
TRAFFIC MODEL BUILDER SUMMARY
======================================================================
Network:      US-101-N-DonaldDoyle
Segments:     7
Lanes:        4
Junctions:    8
Ramps:        2
Sensors:      5
Mode:         PeMS Data-Driven
Car-Following: IDM
ODE Solver:   Ballistic
Vmax:         35.0 m/s
======================================================================
Skipping Source actor due to time limit at clock = 43201.00125327633
Skipping Source actor due to time limit at clock = 43210.6788297557
-----------------------------
| Model.cleanup in progress |
-----------------------------
cleanup: agenda
cleanup: wait queues
coroutine counts = (18464913,18463677,18463057)
[ModelOptimizer] Fitness: 8.1013 | Elapsed: 50.31 sec
[ModelOptimizer] Evaluating parameters: VectorD(1.00000,	3.52256,	-0.500000,	0.800000,	1.51663)

======================================================================
TRAFFIC MODEL BUILDER SUMMARY
======================================================================
Network:      US-101-N-DonaldDoyle
Segments:     7
Lanes:        4
Junctions:    8
Ramps:        2
Sensors:      5
Mode:         PeMS Data-Driven
Car-Following: IDM
ODE Solver:   Ballistic
Vmax:         35.0 m/s
======================================================================
Skipping Source actor due to time limit at clock = 43201.00125327633
Skipping Source actor due to time limit at clock = 43210.6788297557
-----------------------------
| Model.cleanup in progress |
-----------------------------
cleanup: agenda
cleanup: wait queues
coroutine counts = (18524670,18523430,18522808)
[ModelOptimizer] Fitness: 8.1031 | Elapsed: 49.80 sec
[ModelOptimizer] Evaluating parameters: VectorD(1.00000,	3.52255,	-0.500000,	0.800000,	1.51661)

======================================================================
TRAFFIC MODEL BUILDER SUMMARY
======================================================================
Network:      US-101-N-DonaldDoyle
Segments:     7
Lanes:        4
Junctions:    8
Ramps:        2
Sensors:      5
Mode:         PeMS Data-Driven
Car-Following: IDM
ODE Solver:   Ballistic
Vmax:         35.0 m/s
======================================================================
Skipping Source actor due to time limit at clock = 43201.00125327633
Skipping Source actor due to time limit at clock = 43210.6788297557
-----------------------------
| Model.cleanup in progress |
-----------------------------
cleanup: agenda
cleanup: wait queues
coroutine counts = (18584427,18583183,18582559)
[ModelOptimizer] Fitness: 8.1020 | Elapsed: 50.23 sec
[ModelOptimizer] Evaluating parameters: VectorD(1.00000,	3.52255,	-0.500000,	0.800000,	1.51661)

======================================================================
TRAFFIC MODEL BUILDER SUMMARY
======================================================================
Network:      US-101-N-DonaldDoyle
Segments:     7
Lanes:        4
Junctions:    8
Ramps:        2
Sensors:      5
Mode:         PeMS Data-Driven
Car-Following: IDM
ODE Solver:   Ballistic
Vmax:         35.0 m/s
======================================================================
Skipping Source actor due to time limit at clock = 43201.00125327633
Skipping Source actor due to time limit at clock = 43210.6788297557
-----------------------------
| Model.cleanup in progress |
-----------------------------
cleanup: agenda
cleanup: wait queues
coroutine counts = (18644184,18642936,18642310)
[ModelOptimizer] Fitness: 8.1020 | Elapsed: 50.31 sec
      62 |      8.10062543 |      8.10062543 |      15.5% ✓
[ModelOptimizer] Evaluating parameters: VectorD(1.00000,	3.52256,	-0.500000,	0.800000,	1.51661)

======================================================================
TRAFFIC MODEL BUILDER SUMMARY
======================================================================
Network:      US-101-N-DonaldDoyle
Segments:     7
Lanes:        4
Junctions:    8
Ramps:        2
Sensors:      5
Mode:         PeMS Data-Driven
Car-Following: IDM
ODE Solver:   Ballistic
Vmax:         35.0 m/s
======================================================================
Skipping Source actor due to time limit at clock = 43201.00125327633
Skipping Source actor due to time limit at clock = 43210.6788297557
-----------------------------
| Model.cleanup in progress |
-----------------------------
cleanup: agenda
cleanup: wait queues
coroutine counts = (18703941,18702689,18702061)
[ModelOptimizer] Fitness: 8.1027 | Elapsed: 49.95 sec
[ModelOptimizer] Evaluating parameters: VectorD(1.00000,	3.52257,	-0.500000,	0.800000,	1.51662)

======================================================================
TRAFFIC MODEL BUILDER SUMMARY
======================================================================
Network:      US-101-N-DonaldDoyle
Segments:     7
Lanes:        4
Junctions:    8
Ramps:        2
Sensors:      5
Mode:         PeMS Data-Driven
Car-Following: IDM
ODE Solver:   Ballistic
Vmax:         35.0 m/s
======================================================================
Skipping Source actor due to time limit at clock = 43201.00125327633
Skipping Source actor due to time limit at clock = 43210.6788297557
-----------------------------
| Model.cleanup in progress |
-----------------------------
cleanup: agenda
cleanup: wait queues
coroutine counts = (18763698,18762442,18761812)
[ModelOptimizer] Fitness: 8.1013 | Elapsed: 49.78 sec
[ModelOptimizer] Evaluating parameters: VectorD(1.00000,	3.52257,	-0.500000,	0.800000,	1.51662)

======================================================================
TRAFFIC MODEL BUILDER SUMMARY
======================================================================
Network:      US-101-N-DonaldDoyle
Segments:     7
Lanes:        4
Junctions:    8
Ramps:        2
Sensors:      5
Mode:         PeMS Data-Driven
Car-Following: IDM
ODE Solver:   Ballistic
Vmax:         35.0 m/s
======================================================================
Skipping Source actor due to time limit at clock = 43201.00125327633
Skipping Source actor due to time limit at clock = 43210.6788297557
-----------------------------
| Model.cleanup in progress |
-----------------------------
cleanup: agenda
cleanup: wait queues
coroutine counts = (18823455,18822195,18821563)
[ModelOptimizer] Fitness: 8.1013 | Elapsed: 49.21 sec
      63 |      8.10062543 |      8.10062543 |      15.8% ✓
[ModelOptimizer] Evaluating parameters: VectorD(1.00000,	3.52256,	-0.500000,	0.800000,	1.51661)

======================================================================
TRAFFIC MODEL BUILDER SUMMARY
======================================================================
Network:      US-101-N-DonaldDoyle
Segments:     7
Lanes:        4
Junctions:    8
Ramps:        2
Sensors:      5
Mode:         PeMS Data-Driven
Car-Following: IDM
ODE Solver:   Ballistic
Vmax:         35.0 m/s
======================================================================
Skipping Source actor due to time limit at clock = 43201.00125327633
Skipping Source actor due to time limit at clock = 43210.6788297557
-----------------------------
| Model.cleanup in progress |
-----------------------------
cleanup: agenda
cleanup: wait queues
coroutine counts = (18883212,18881948,18881314)
[ModelOptimizer] Fitness: 8.1028 | Elapsed: 49.92 sec
[ModelOptimizer] Evaluating parameters: VectorD(1.00000,	3.52258,	-0.500000,	0.800000,	1.51661)

======================================================================
TRAFFIC MODEL BUILDER SUMMARY
======================================================================
Network:      US-101-N-DonaldDoyle
Segments:     7
Lanes:        4
Junctions:    8
Ramps:        2
Sensors:      5
Mode:         PeMS Data-Driven
Car-Following: IDM
ODE Solver:   Ballistic
Vmax:         35.0 m/s
======================================================================
Skipping Source actor due to time limit at clock = 43201.00125327633
Skipping Source actor due to time limit at clock = 43210.6788297557
-----------------------------
| Model.cleanup in progress |
-----------------------------
cleanup: agenda
cleanup: wait queues
coroutine counts = (18942969,18941701,18941065)
[ModelOptimizer] Fitness: 8.1025 | Elapsed: 50.00 sec
[ModelOptimizer] Evaluating parameters: VectorD(1.00000,	3.52255,	-0.500000,	0.800000,	1.51661)

======================================================================
TRAFFIC MODEL BUILDER SUMMARY
======================================================================
Network:      US-101-N-DonaldDoyle
Segments:     7
Lanes:        4
Junctions:    8
Ramps:        2
Sensors:      5
Mode:         PeMS Data-Driven
Car-Following: IDM
ODE Solver:   Ballistic
Vmax:         35.0 m/s
======================================================================
Skipping Source actor due to time limit at clock = 43201.00125327633
Skipping Source actor due to time limit at clock = 43210.6788297557
-----------------------------
| Model.cleanup in progress |
-----------------------------
cleanup: agenda
cleanup: wait queues
coroutine counts = (19002726,19001454,19000816)
[ModelOptimizer] Fitness: 8.1030 | Elapsed: 49.70 sec
[ModelOptimizer] Evaluating parameters: VectorD(1.00000,	3.52255,	-0.500000,	0.800000,	1.51662)

======================================================================
TRAFFIC MODEL BUILDER SUMMARY
======================================================================
Network:      US-101-N-DonaldDoyle
Segments:     7
Lanes:        4
Junctions:    8
Ramps:        2
Sensors:      5
Mode:         PeMS Data-Driven
Car-Following: IDM
ODE Solver:   Ballistic
Vmax:         35.0 m/s
======================================================================
Skipping Source actor due to time limit at clock = 43201.00125327633
Skipping Source actor due to time limit at clock = 43210.6788297557
-----------------------------
| Model.cleanup in progress |
-----------------------------
cleanup: agenda
cleanup: wait queues
coroutine counts = (19062483,19061207,19060567)
[ModelOptimizer] Fitness: 8.1036 | Elapsed: 50.82 sec
[ModelOptimizer] Evaluating parameters: VectorD(1.00000,	3.52255,	-0.500000,	0.800000,	1.51661)

======================================================================
TRAFFIC MODEL BUILDER SUMMARY
======================================================================
Network:      US-101-N-DonaldDoyle
Segments:     7
Lanes:        4
Junctions:    8
Ramps:        2
Sensors:      5
Mode:         PeMS Data-Driven
Car-Following: IDM
ODE Solver:   Ballistic
Vmax:         35.0 m/s
======================================================================
Skipping Source actor due to time limit at clock = 43201.00125327633
Skipping Source actor due to time limit at clock = 43210.6788297557
-----------------------------
| Model.cleanup in progress |
-----------------------------
cleanup: agenda
cleanup: wait queues
coroutine counts = (19122240,19120960,19120318)
[ModelOptimizer] Fitness: 8.1032 | Elapsed: 48.87 sec
[ModelOptimizer] Evaluating parameters: VectorD(1.00000,	3.52255,	-0.500000,	0.800000,	1.51662)

======================================================================
TRAFFIC MODEL BUILDER SUMMARY
======================================================================
Network:      US-101-N-DonaldDoyle
Segments:     7
Lanes:        4
Junctions:    8
Ramps:        2
Sensors:      5
Mode:         PeMS Data-Driven
Car-Following: IDM
ODE Solver:   Ballistic
Vmax:         35.0 m/s
======================================================================
Skipping Source actor due to time limit at clock = 43201.00125327633
Skipping Source actor due to time limit at clock = 43210.6788297557
-----------------------------
| Model.cleanup in progress |
-----------------------------
cleanup: agenda
cleanup: wait queues
coroutine counts = (19181997,19180713,19180069)
[ModelOptimizer] Fitness: 8.1027 | Elapsed: 51.21 sec
[ModelOptimizer] Evaluating parameters: VectorD(1.00000,	3.52257,	-0.500000,	0.800000,	1.51662)

======================================================================
TRAFFIC MODEL BUILDER SUMMARY
======================================================================
Network:      US-101-N-DonaldDoyle
Segments:     7
Lanes:        4
Junctions:    8
Ramps:        2
Sensors:      5
Mode:         PeMS Data-Driven
Car-Following: IDM
ODE Solver:   Ballistic
Vmax:         35.0 m/s
======================================================================
Skipping Source actor due to time limit at clock = 43201.00125327633
Skipping Source actor due to time limit at clock = 43210.6788297557
-----------------------------
| Model.cleanup in progress |
-----------------------------
cleanup: agenda
cleanup: wait queues
coroutine counts = (19241754,19240466,19239820)
[ModelOptimizer] Fitness: 8.1025 | Elapsed: 49.94 sec
[ModelOptimizer] Evaluating parameters: VectorD(1.00000,	3.52256,	-0.500000,	0.800000,	1.51662)

======================================================================
TRAFFIC MODEL BUILDER SUMMARY
======================================================================
Network:      US-101-N-DonaldDoyle
Segments:     7
Lanes:        4
Junctions:    8
Ramps:        2
Sensors:      5
Mode:         PeMS Data-Driven
Car-Following: IDM
ODE Solver:   Ballistic
Vmax:         35.0 m/s
======================================================================
Skipping Source actor due to time limit at clock = 43201.00125327633
Skipping Source actor due to time limit at clock = 43210.6788297557
-----------------------------
| Model.cleanup in progress |
-----------------------------
cleanup: agenda
cleanup: wait queues
coroutine counts = (19301511,19300219,19299571)
[ModelOptimizer] Fitness: 8.1036 | Elapsed: 50.14 sec
[ModelOptimizer] Evaluating parameters: VectorD(1.00000,	3.52256,	-0.500000,	0.800000,	1.51662)

======================================================================
TRAFFIC MODEL BUILDER SUMMARY
======================================================================
Network:      US-101-N-DonaldDoyle
Segments:     7
Lanes:        4
Junctions:    8
Ramps:        2
Sensors:      5
Mode:         PeMS Data-Driven
Car-Following: IDM
ODE Solver:   Ballistic
Vmax:         35.0 m/s
======================================================================
Skipping Source actor due to time limit at clock = 43201.00125327633
Skipping Source actor due to time limit at clock = 43210.6788297557
-----------------------------
| Model.cleanup in progress |
-----------------------------
cleanup: agenda
cleanup: wait queues
coroutine counts = (19361268,19359972,19359322)
[ModelOptimizer] Fitness: 8.1021 | Elapsed: 50.35 sec
[ModelOptimizer] Evaluating parameters: VectorD(1.00000,	3.52255,	-0.500000,	0.800000,	1.51662)

======================================================================
TRAFFIC MODEL BUILDER SUMMARY
======================================================================
Network:      US-101-N-DonaldDoyle
Segments:     7
Lanes:        4
Junctions:    8
Ramps:        2
Sensors:      5
Mode:         PeMS Data-Driven
Car-Following: IDM
ODE Solver:   Ballistic
Vmax:         35.0 m/s
======================================================================
Skipping Source actor due to time limit at clock = 43201.00125327633
Skipping Source actor due to time limit at clock = 43210.6788297557
-----------------------------
| Model.cleanup in progress |
-----------------------------
cleanup: agenda
cleanup: wait queues
coroutine counts = (19421025,19419725,19419073)
[ModelOptimizer] Fitness: 8.1034 | Elapsed: 48.85 sec
[ModelOptimizer] Evaluating parameters: VectorD(1.00000,	3.52255,	-0.500000,	0.800000,	1.51662)

======================================================================
TRAFFIC MODEL BUILDER SUMMARY
======================================================================
Network:      US-101-N-DonaldDoyle
Segments:     7
Lanes:        4
Junctions:    8
Ramps:        2
Sensors:      5
Mode:         PeMS Data-Driven
Car-Following: IDM
ODE Solver:   Ballistic
Vmax:         35.0 m/s
======================================================================
Skipping Source actor due to time limit at clock = 43201.00125327633
Skipping Source actor due to time limit at clock = 43210.6788297557
-----------------------------
| Model.cleanup in progress |
-----------------------------
cleanup: agenda
cleanup: wait queues
coroutine counts = (19480782,19479478,19478824)
[ModelOptimizer] Fitness: 8.1034 | Elapsed: 51.02 sec
      64 |      8.10062543 |      8.10062543 |      16.0% ✓
[ModelOptimizer] Evaluating parameters: VectorD(1.00000,	3.52256,	-0.500000,	0.800000,	1.51662)

======================================================================
TRAFFIC MODEL BUILDER SUMMARY
======================================================================
Network:      US-101-N-DonaldDoyle
Segments:     7
Lanes:        4
Junctions:    8
Ramps:        2
Sensors:      5
Mode:         PeMS Data-Driven
Car-Following: IDM
ODE Solver:   Ballistic
Vmax:         35.0 m/s
======================================================================
Skipping Source actor due to time limit at clock = 43201.00125327633
Skipping Source actor due to time limit at clock = 43210.6788297557
-----------------------------
| Model.cleanup in progress |
-----------------------------
cleanup: agenda
cleanup: wait queues
coroutine counts = (19540539,19539231,19538575)
[ModelOptimizer] Fitness: 8.1007 | Elapsed: 50.74 sec
[ModelOptimizer] Evaluating parameters: VectorD(1.00000,	3.52256,	-0.500000,	0.800000,	1.51662)

======================================================================
TRAFFIC MODEL BUILDER SUMMARY
======================================================================
Network:      US-101-N-DonaldDoyle
Segments:     7
Lanes:        4
Junctions:    8
Ramps:        2
Sensors:      5
Mode:         PeMS Data-Driven
Car-Following: IDM
ODE Solver:   Ballistic
Vmax:         35.0 m/s
======================================================================
Skipping Source actor due to time limit at clock = 43201.00125327633
Skipping Source actor due to time limit at clock = 43210.6788297557
-----------------------------
| Model.cleanup in progress |
-----------------------------
cleanup: agenda
cleanup: wait queues
coroutine counts = (19600296,19598984,19598326)
[ModelOptimizer] Fitness: 8.1034 | Elapsed: 49.94 sec
[ModelOptimizer] Evaluating parameters: VectorD(1.00000,	3.52256,	-0.500000,	0.800000,	1.51662)

======================================================================
TRAFFIC MODEL BUILDER SUMMARY
======================================================================
Network:      US-101-N-DonaldDoyle
Segments:     7
Lanes:        4
Junctions:    8
Ramps:        2
Sensors:      5
Mode:         PeMS Data-Driven
Car-Following: IDM
ODE Solver:   Ballistic
Vmax:         35.0 m/s
======================================================================
Skipping Source actor due to time limit at clock = 43201.00125327633
Skipping Source actor due to time limit at clock = 43210.6788297557
-----------------------------
| Model.cleanup in progress |
-----------------------------
cleanup: agenda
cleanup: wait queues
coroutine counts = (19660053,19658737,19658077)
[ModelOptimizer] Fitness: 8.1034 | Elapsed: 49.98 sec
      65 |      8.10062543 |      8.10062543 |      16.3% ✓
[ModelOptimizer] Evaluating parameters: VectorD(1.00000,	3.52256,	-0.500000,	0.800000,	1.51662)

======================================================================
TRAFFIC MODEL BUILDER SUMMARY
======================================================================
Network:      US-101-N-DonaldDoyle
Segments:     7
Lanes:        4
Junctions:    8
Ramps:        2
Sensors:      5
Mode:         PeMS Data-Driven
Car-Following: IDM
ODE Solver:   Ballistic
Vmax:         35.0 m/s
======================================================================
Skipping Source actor due to time limit at clock = 43201.00125327633
Skipping Source actor due to time limit at clock = 43210.6788297557
-----------------------------
| Model.cleanup in progress |
-----------------------------
cleanup: agenda
cleanup: wait queues
coroutine counts = (19719810,19718490,19717828)
[ModelOptimizer] Fitness: 8.1020 | Elapsed: 50.04 sec
[ModelOptimizer] Evaluating parameters: VectorD(1.00000,	3.52257,	-0.500000,	0.800000,	1.51662)

======================================================================
TRAFFIC MODEL BUILDER SUMMARY
======================================================================
Network:      US-101-N-DonaldDoyle
Segments:     7
Lanes:        4
Junctions:    8
Ramps:        2
Sensors:      5
Mode:         PeMS Data-Driven
Car-Following: IDM
ODE Solver:   Ballistic
Vmax:         35.0 m/s
======================================================================
Skipping Source actor due to time limit at clock = 43201.00125327633
Skipping Source actor due to time limit at clock = 43210.6788297557
-----------------------------
| Model.cleanup in progress |
-----------------------------
cleanup: agenda
cleanup: wait queues
coroutine counts = (19779567,19778243,19777579)
[ModelOptimizer] Fitness: 8.1025 | Elapsed: 50.66 sec
[ModelOptimizer] Evaluating parameters: VectorD(1.00000,	3.52257,	-0.500000,	0.800000,	1.51662)

======================================================================
TRAFFIC MODEL BUILDER SUMMARY
======================================================================
Network:      US-101-N-DonaldDoyle
Segments:     7
Lanes:        4
Junctions:    8
Ramps:        2
Sensors:      5
Mode:         PeMS Data-Driven
Car-Following: IDM
ODE Solver:   Ballistic
Vmax:         35.0 m/s
======================================================================
Skipping Source actor due to time limit at clock = 43201.00125327633
Skipping Source actor due to time limit at clock = 43210.6788297557
-----------------------------
| Model.cleanup in progress |
-----------------------------
cleanup: agenda
cleanup: wait queues
coroutine counts = (19839324,19837996,19837330)
[ModelOptimizer] Fitness: 8.1025 | Elapsed: 50.60 sec
      66 |      8.10062543 |      8.10062543 |      16.5% ✓
[ModelOptimizer] Evaluating parameters: VectorD(1.00000,	3.52256,	-0.500000,	0.800000,	1.51662)

======================================================================
TRAFFIC MODEL BUILDER SUMMARY
======================================================================
Network:      US-101-N-DonaldDoyle
Segments:     7
Lanes:        4
Junctions:    8
Ramps:        2
Sensors:      5
Mode:         PeMS Data-Driven
Car-Following: IDM
ODE Solver:   Ballistic
Vmax:         35.0 m/s
======================================================================
Skipping Source actor due to time limit at clock = 43201.00125327633
Skipping Source actor due to time limit at clock = 43210.6788297557
-----------------------------
| Model.cleanup in progress |
-----------------------------
cleanup: agenda
cleanup: wait queues
coroutine counts = (19899081,19897749,19897081)
[ModelOptimizer] Fitness: 8.1029 | Elapsed: 49.77 sec
[ModelOptimizer] Evaluating parameters: VectorD(1.00000,	3.52255,	-0.500000,	0.800000,	1.51662)

======================================================================
TRAFFIC MODEL BUILDER SUMMARY
======================================================================
Network:      US-101-N-DonaldDoyle
Segments:     7
Lanes:        4
Junctions:    8
Ramps:        2
Sensors:      5
Mode:         PeMS Data-Driven
Car-Following: IDM
ODE Solver:   Ballistic
Vmax:         35.0 m/s
======================================================================
Skipping Source actor due to time limit at clock = 43201.00125327633
Skipping Source actor due to time limit at clock = 43210.6788297557
-----------------------------
| Model.cleanup in progress |
-----------------------------
cleanup: agenda
cleanup: wait queues
coroutine counts = (19958838,19957502,19956832)
[ModelOptimizer] Fitness: 8.1031 | Elapsed: 49.52 sec
[ModelOptimizer] Evaluating parameters: VectorD(1.00000,	3.52255,	-0.500000,	0.800000,	1.51662)

======================================================================
TRAFFIC MODEL BUILDER SUMMARY
======================================================================
Network:      US-101-N-DonaldDoyle
Segments:     7
Lanes:        4
Junctions:    8
Ramps:        2
Sensors:      5
Mode:         PeMS Data-Driven
Car-Following: IDM
ODE Solver:   Ballistic
Vmax:         35.0 m/s
======================================================================
Skipping Source actor due to time limit at clock = 43201.00125327633
Skipping Source actor due to time limit at clock = 43210.6788297557
-----------------------------
| Model.cleanup in progress |
-----------------------------
cleanup: agenda
cleanup: wait queues
coroutine counts = (20018595,20017255,20016583)
[ModelOptimizer] Fitness: 8.1031 | Elapsed: 50.91 sec
      67 |      8.10062543 |      8.10062543 |      16.8% ✓
[ModelOptimizer] Evaluating parameters: VectorD(1.00000,	3.52256,	-0.500000,	0.800000,	1.51662)

======================================================================
TRAFFIC MODEL BUILDER SUMMARY
======================================================================
Network:      US-101-N-DonaldDoyle
Segments:     7
Lanes:        4
Junctions:    8
Ramps:        2
Sensors:      5
Mode:         PeMS Data-Driven
Car-Following: IDM
ODE Solver:   Ballistic
Vmax:         35.0 m/s
======================================================================
Skipping Source actor due to time limit at clock = 43201.00125327633
Skipping Source actor due to time limit at clock = 43210.6788297557
-----------------------------
| Model.cleanup in progress |
-----------------------------
cleanup: agenda
cleanup: wait queues
coroutine counts = (20078352,20077008,20076334)
[ModelOptimizer] Fitness: 8.1024 | Elapsed: 49.58 sec
[ModelOptimizer] Evaluating parameters: VectorD(1.00000,	3.52256,	-0.500000,	0.800000,	1.51662)

======================================================================
TRAFFIC MODEL BUILDER SUMMARY
======================================================================
Network:      US-101-N-DonaldDoyle
Segments:     7
Lanes:        4
Junctions:    8
Ramps:        2
Sensors:      5
Mode:         PeMS Data-Driven
Car-Following: IDM
ODE Solver:   Ballistic
Vmax:         35.0 m/s
======================================================================
Skipping Source actor due to time limit at clock = 43201.00125327633
Skipping Source actor due to time limit at clock = 43210.6788297557
-----------------------------
| Model.cleanup in progress |
-----------------------------
cleanup: agenda
cleanup: wait queues
coroutine counts = (20138109,20136761,20136085)
[ModelOptimizer] Fitness: 8.1043 | Elapsed: 51.30 sec
[ModelOptimizer] Evaluating parameters: VectorD(1.00000,	3.52256,	-0.500000,	0.800000,	1.51661)

======================================================================
TRAFFIC MODEL BUILDER SUMMARY
======================================================================
Network:      US-101-N-DonaldDoyle
Segments:     7
Lanes:        4
Junctions:    8
Ramps:        2
Sensors:      5
Mode:         PeMS Data-Driven
Car-Following: IDM
ODE Solver:   Ballistic
Vmax:         35.0 m/s
======================================================================
Skipping Source actor due to time limit at clock = 43201.00125327633
Skipping Source actor due to time limit at clock = 43210.6788297557
-----------------------------
| Model.cleanup in progress |
-----------------------------
cleanup: agenda
cleanup: wait queues
coroutine counts = (20197866,20196514,20195836)
[ModelOptimizer] Fitness: 8.1011 | Elapsed: 49.79 sec
[ModelOptimizer] Evaluating parameters: VectorD(1.00000,	3.52256,	-0.500000,	0.800000,	1.51661)

======================================================================
TRAFFIC MODEL BUILDER SUMMARY
======================================================================
Network:      US-101-N-DonaldDoyle
Segments:     7
Lanes:        4
Junctions:    8
Ramps:        2
Sensors:      5
Mode:         PeMS Data-Driven
Car-Following: IDM
ODE Solver:   Ballistic
Vmax:         35.0 m/s
======================================================================
Skipping Source actor due to time limit at clock = 43201.00125327633
Skipping Source actor due to time limit at clock = 43210.6788297557
-----------------------------
| Model.cleanup in progress |
-----------------------------
cleanup: agenda
cleanup: wait queues
coroutine counts = (20257623,20256267,20255587)
[ModelOptimizer] Fitness: 8.1011 | Elapsed: 50.34 sec
      68 |      8.10062543 |      8.10062543 |      17.0% ✓
[ModelOptimizer] Evaluating parameters: VectorD(1.00000,	3.52256,	-0.500000,	0.800000,	1.51662)

======================================================================
TRAFFIC MODEL BUILDER SUMMARY
======================================================================
Network:      US-101-N-DonaldDoyle
Segments:     7
Lanes:        4
Junctions:    8
Ramps:        2
Sensors:      5
Mode:         PeMS Data-Driven
Car-Following: IDM
ODE Solver:   Ballistic
Vmax:         35.0 m/s
======================================================================
Skipping Source actor due to time limit at clock = 43201.00125327633
Skipping Source actor due to time limit at clock = 43210.6788297557
-----------------------------
| Model.cleanup in progress |
-----------------------------
cleanup: agenda
cleanup: wait queues
coroutine counts = (20317380,20316020,20315338)
[ModelOptimizer] Fitness: 8.1034 | Elapsed: 50.17 sec
[ModelOptimizer] Evaluating parameters: VectorD(1.00000,	3.52256,	-0.500000,	0.800000,	1.51662)

======================================================================
TRAFFIC MODEL BUILDER SUMMARY
======================================================================
Network:      US-101-N-DonaldDoyle
Segments:     7
Lanes:        4
Junctions:    8
Ramps:        2
Sensors:      5
Mode:         PeMS Data-Driven
Car-Following: IDM
ODE Solver:   Ballistic
Vmax:         35.0 m/s
======================================================================
Skipping Source actor due to time limit at clock = 43201.00125327633
Skipping Source actor due to time limit at clock = 43210.6788297557
-----------------------------
| Model.cleanup in progress |
-----------------------------
cleanup: agenda
cleanup: wait queues
coroutine counts = (20377137,20375773,20375089)
[ModelOptimizer] Fitness: 8.1021 | Elapsed: 51.33 sec
[ModelOptimizer] Evaluating parameters: VectorD(1.00000,	3.52256,	-0.500000,	0.800000,	1.51662)

======================================================================
TRAFFIC MODEL BUILDER SUMMARY
======================================================================
Network:      US-101-N-DonaldDoyle
Segments:     7
Lanes:        4
Junctions:    8
Ramps:        2
Sensors:      5
Mode:         PeMS Data-Driven
Car-Following: IDM
ODE Solver:   Ballistic
Vmax:         35.0 m/s
======================================================================
Skipping Source actor due to time limit at clock = 43201.00125327633
Skipping Source actor due to time limit at clock = 43210.6788297557
-----------------------------
| Model.cleanup in progress |
-----------------------------
cleanup: agenda
cleanup: wait queues
coroutine counts = (20436894,20435526,20434840)
[ModelOptimizer] Fitness: 8.1021 | Elapsed: 49.00 sec
      69 |      8.10062543 |      8.10062543 |      17.3% ✓
[ModelOptimizer] Evaluating parameters: VectorD(1.00000,	3.52256,	-0.500000,	0.800000,	1.51662)

======================================================================
TRAFFIC MODEL BUILDER SUMMARY
======================================================================
Network:      US-101-N-DonaldDoyle
Segments:     7
Lanes:        4
Junctions:    8
Ramps:        2
Sensors:      5
Mode:         PeMS Data-Driven
Car-Following: IDM
ODE Solver:   Ballistic
Vmax:         35.0 m/s
======================================================================
Skipping Source actor due to time limit at clock = 43201.00125327633
Skipping Source actor due to time limit at clock = 43210.6788297557
-----------------------------
| Model.cleanup in progress |
-----------------------------
cleanup: agenda
cleanup: wait queues
coroutine counts = (20496651,20495279,20494591)
[ModelOptimizer] Fitness: 8.1014 | Elapsed: 48.94 sec
[ModelOptimizer] Evaluating parameters: VectorD(1.00000,	3.52258,	-0.500000,	0.800000,	1.51661)

======================================================================
TRAFFIC MODEL BUILDER SUMMARY
======================================================================
Network:      US-101-N-DonaldDoyle
Segments:     7
Lanes:        4
Junctions:    8
Ramps:        2
Sensors:      5
Mode:         PeMS Data-Driven
Car-Following: IDM
ODE Solver:   Ballistic
Vmax:         35.0 m/s
======================================================================
Skipping Source actor due to time limit at clock = 43201.00125327633
Skipping Source actor due to time limit at clock = 43210.6788297557
-----------------------------
| Model.cleanup in progress |
-----------------------------
cleanup: agenda
cleanup: wait queues
coroutine counts = (20556408,20555032,20554342)
[ModelOptimizer] Fitness: 8.1020 | Elapsed: 51.63 sec
[ModelOptimizer] Evaluating parameters: VectorD(1.00000,	3.52258,	-0.500000,	0.800000,	1.51661)

======================================================================
TRAFFIC MODEL BUILDER SUMMARY
======================================================================
Network:      US-101-N-DonaldDoyle
Segments:     7
Lanes:        4
Junctions:    8
Ramps:        2
Sensors:      5
Mode:         PeMS Data-Driven
Car-Following: IDM
ODE Solver:   Ballistic
Vmax:         35.0 m/s
======================================================================
Skipping Source actor due to time limit at clock = 43201.00125327633
Skipping Source actor due to time limit at clock = 43210.6788297557
-----------------------------
| Model.cleanup in progress |
-----------------------------
cleanup: agenda
cleanup: wait queues
coroutine counts = (20616165,20614785,20614093)
[ModelOptimizer] Fitness: 8.1020 | Elapsed: 49.78 sec
      70 |      8.10062543 |      8.10062543 |      17.5% ✓
[ModelOptimizer] Evaluating parameters: VectorD(1.00000,	3.52256,	-0.500000,	0.800000,	1.51662)

======================================================================
TRAFFIC MODEL BUILDER SUMMARY
======================================================================
Network:      US-101-N-DonaldDoyle
Segments:     7
Lanes:        4
Junctions:    8
Ramps:        2
Sensors:      5
Mode:         PeMS Data-Driven
Car-Following: IDM
ODE Solver:   Ballistic
Vmax:         35.0 m/s
======================================================================
Skipping Source actor due to time limit at clock = 43201.00125327633
Skipping Source actor due to time limit at clock = 43210.6788297557
-----------------------------
| Model.cleanup in progress |
-----------------------------
cleanup: agenda
cleanup: wait queues
coroutine counts = (20675922,20674538,20673844)
[ModelOptimizer] Fitness: 8.1019 | Elapsed: 51.20 sec
[ModelOptimizer] Evaluating parameters: VectorD(1.00000,	3.52256,	-0.500000,	0.800000,	1.51662)

======================================================================
TRAFFIC MODEL BUILDER SUMMARY
======================================================================
Network:      US-101-N-DonaldDoyle
Segments:     7
Lanes:        4
Junctions:    8
Ramps:        2
Sensors:      5
Mode:         PeMS Data-Driven
Car-Following: IDM
ODE Solver:   Ballistic
Vmax:         35.0 m/s
======================================================================
Skipping Source actor due to time limit at clock = 43201.00125327633
Skipping Source actor due to time limit at clock = 43210.6788297557
-----------------------------
| Model.cleanup in progress |
-----------------------------
cleanup: agenda
cleanup: wait queues
coroutine counts = (20735679,20734291,20733595)
[ModelOptimizer] Fitness: 8.1020 | Elapsed: 49.83 sec
[ModelOptimizer] Evaluating parameters: VectorD(1.00000,	3.52256,	-0.500000,	0.800000,	1.51662)

======================================================================
TRAFFIC MODEL BUILDER SUMMARY
======================================================================
Network:      US-101-N-DonaldDoyle
Segments:     7
Lanes:        4
Junctions:    8
Ramps:        2
Sensors:      5
Mode:         PeMS Data-Driven
Car-Following: IDM
ODE Solver:   Ballistic
Vmax:         35.0 m/s
======================================================================
Skipping Source actor due to time limit at clock = 43201.00125327633
Skipping Source actor due to time limit at clock = 43210.6788297557
-----------------------------
| Model.cleanup in progress |
-----------------------------
cleanup: agenda
cleanup: wait queues
coroutine counts = (20795436,20794044,20793346)
[ModelOptimizer] Fitness: 8.1020 | Elapsed: 51.19 sec
      71 |      8.10062543 |      8.10062543 |      17.8% ✓
[ModelOptimizer] Evaluating parameters: VectorD(1.00000,	3.52256,	-0.500000,	0.800000,	1.51662)

======================================================================
TRAFFIC MODEL BUILDER SUMMARY
======================================================================
Network:      US-101-N-DonaldDoyle
Segments:     7
Lanes:        4
Junctions:    8
Ramps:        2
Sensors:      5
Mode:         PeMS Data-Driven
Car-Following: IDM
ODE Solver:   Ballistic
Vmax:         35.0 m/s
======================================================================
Skipping Source actor due to time limit at clock = 43201.00125327633
Skipping Source actor due to time limit at clock = 43210.6788297557
-----------------------------
| Model.cleanup in progress |
-----------------------------
cleanup: agenda
cleanup: wait queues
coroutine counts = (20855193,20853797,20853097)
[ModelOptimizer] Fitness: 8.1019 | Elapsed: 51.24 sec
[ModelOptimizer] Evaluating parameters: VectorD(1.00000,	3.52255,	-0.500000,	0.800000,	1.51662)

======================================================================
TRAFFIC MODEL BUILDER SUMMARY
======================================================================
Network:      US-101-N-DonaldDoyle
Segments:     7
Lanes:        4
Junctions:    8
Ramps:        2
Sensors:      5
Mode:         PeMS Data-Driven
Car-Following: IDM
ODE Solver:   Ballistic
Vmax:         35.0 m/s
======================================================================
Skipping Source actor due to time limit at clock = 43201.00125327633
Skipping Source actor due to time limit at clock = 43210.6788297557
-----------------------------
| Model.cleanup in progress |
-----------------------------
cleanup: agenda
cleanup: wait queues
coroutine counts = (20914950,20913550,20912848)
[ModelOptimizer] Fitness: 8.1031 | Elapsed: 49.80 sec
[ModelOptimizer] Evaluating parameters: VectorD(1.00000,	3.52257,	-0.500000,	0.800000,	1.51662)

======================================================================
TRAFFIC MODEL BUILDER SUMMARY
======================================================================
Network:      US-101-N-DonaldDoyle
Segments:     7
Lanes:        4
Junctions:    8
Ramps:        2
Sensors:      5
Mode:         PeMS Data-Driven
Car-Following: IDM
ODE Solver:   Ballistic
Vmax:         35.0 m/s
======================================================================
Skipping Source actor due to time limit at clock = 43201.00125327633
Skipping Source actor due to time limit at clock = 43210.6788297557
-----------------------------
| Model.cleanup in progress |
-----------------------------
cleanup: agenda
cleanup: wait queues
coroutine counts = (20974707,20973303,20972599)
[ModelOptimizer] Fitness: 8.1022 | Elapsed: 50.80 sec
[ModelOptimizer] Evaluating parameters: VectorD(1.00000,	3.52257,	-0.500000,	0.800000,	1.51662)

======================================================================
TRAFFIC MODEL BUILDER SUMMARY
======================================================================
Network:      US-101-N-DonaldDoyle
Segments:     7
Lanes:        4
Junctions:    8
Ramps:        2
Sensors:      5
Mode:         PeMS Data-Driven
Car-Following: IDM
ODE Solver:   Ballistic
Vmax:         35.0 m/s
======================================================================
Skipping Source actor due to time limit at clock = 43201.00125327633
Skipping Source actor due to time limit at clock = 43210.6788297557
-----------------------------
| Model.cleanup in progress |
-----------------------------
cleanup: agenda
cleanup: wait queues
coroutine counts = (21034464,21033056,21032350)
[ModelOptimizer] Fitness: 8.1022 | Elapsed: 49.89 sec
      72 |      8.10062543 |      8.10062543 |      18.0% ✓
[ModelOptimizer] Evaluating parameters: VectorD(1.00000,	3.52256,	-0.500000,	0.800000,	1.51662)

======================================================================
TRAFFIC MODEL BUILDER SUMMARY
======================================================================
Network:      US-101-N-DonaldDoyle
Segments:     7
Lanes:        4
Junctions:    8
Ramps:        2
Sensors:      5
Mode:         PeMS Data-Driven
Car-Following: IDM
ODE Solver:   Ballistic
Vmax:         35.0 m/s
======================================================================
Skipping Source actor due to time limit at clock = 43201.00125327633
Skipping Source actor due to time limit at clock = 43210.6788297557
-----------------------------
| Model.cleanup in progress |
-----------------------------
cleanup: agenda
cleanup: wait queues
coroutine counts = (21094221,21092809,21092101)
[ModelOptimizer] Fitness: 8.1019 | Elapsed: 52.33 sec
[ModelOptimizer] Evaluating parameters: VectorD(1.00000,	3.52256,	-0.500000,	0.800000,	1.51662)

======================================================================
TRAFFIC MODEL BUILDER SUMMARY
======================================================================
Network:      US-101-N-DonaldDoyle
Segments:     7
Lanes:        4
Junctions:    8
Ramps:        2
Sensors:      5
Mode:         PeMS Data-Driven
Car-Following: IDM
ODE Solver:   Ballistic
Vmax:         35.0 m/s
======================================================================
Skipping Source actor due to time limit at clock = 43201.00125327633
Skipping Source actor due to time limit at clock = 43210.6788297557
-----------------------------
| Model.cleanup in progress |
-----------------------------
cleanup: agenda
cleanup: wait queues
coroutine counts = (21153978,21152562,21151852)
[ModelOptimizer] Fitness: 8.1026 | Elapsed: 49.94 sec
[ModelOptimizer] Evaluating parameters: VectorD(1.00000,	3.52256,	-0.500000,	0.800000,	1.51662)

======================================================================
TRAFFIC MODEL BUILDER SUMMARY
======================================================================
Network:      US-101-N-DonaldDoyle
Segments:     7
Lanes:        4
Junctions:    8
Ramps:        2
Sensors:      5
Mode:         PeMS Data-Driven
Car-Following: IDM
ODE Solver:   Ballistic
Vmax:         35.0 m/s
======================================================================
Skipping Source actor due to time limit at clock = 43201.00125327633
Skipping Source actor due to time limit at clock = 43210.6788297557
-----------------------------
| Model.cleanup in progress |
-----------------------------
cleanup: agenda
cleanup: wait queues
coroutine counts = (21213735,21212315,21211603)
[ModelOptimizer] Fitness: 8.1013 | Elapsed: 51.22 sec
[ModelOptimizer] Evaluating parameters: VectorD(1.00000,	3.52256,	-0.500000,	0.800000,	1.51662)

======================================================================
TRAFFIC MODEL BUILDER SUMMARY
======================================================================
Network:      US-101-N-DonaldDoyle
Segments:     7
Lanes:        4
Junctions:    8
Ramps:        2
Sensors:      5
Mode:         PeMS Data-Driven
Car-Following: IDM
ODE Solver:   Ballistic
Vmax:         35.0 m/s
======================================================================
Skipping Source actor due to time limit at clock = 43201.00125327633
Skipping Source actor due to time limit at clock = 43210.6788297557
-----------------------------
| Model.cleanup in progress |
-----------------------------
cleanup: agenda
cleanup: wait queues
coroutine counts = (21273492,21272068,21271354)
[ModelOptimizer] Fitness: 8.1013 | Elapsed: 51.00 sec
      73 |      8.10062543 |      8.10062543 |      18.3% ✓
[ModelOptimizer] Evaluating parameters: VectorD(1.00000,	3.52256,	-0.500000,	0.800000,	1.51662)

======================================================================
TRAFFIC MODEL BUILDER SUMMARY
======================================================================
Network:      US-101-N-DonaldDoyle
Segments:     7
Lanes:        4
Junctions:    8
Ramps:        2
Sensors:      5
Mode:         PeMS Data-Driven
Car-Following: IDM
ODE Solver:   Ballistic
Vmax:         35.0 m/s
======================================================================
Skipping Source actor due to time limit at clock = 43201.00125327633
Skipping Source actor due to time limit at clock = 43210.6788297557
-----------------------------
| Model.cleanup in progress |
-----------------------------
cleanup: agenda
cleanup: wait queues
coroutine counts = (21333249,21331821,21331105)
[ModelOptimizer] Fitness: 8.1019 | Elapsed: 50.70 sec
[ModelOptimizer] Evaluating parameters: VectorD(1.00000,	3.52256,	-0.500000,	0.800000,	1.51662)

======================================================================
TRAFFIC MODEL BUILDER SUMMARY
======================================================================
Network:      US-101-N-DonaldDoyle
Segments:     7
Lanes:        4
Junctions:    8
Ramps:        2
Sensors:      5
Mode:         PeMS Data-Driven
Car-Following: IDM
ODE Solver:   Ballistic
Vmax:         35.0 m/s
======================================================================
Skipping Source actor due to time limit at clock = 43201.00125327633
Skipping Source actor due to time limit at clock = 43210.6788297557
-----------------------------
| Model.cleanup in progress |
-----------------------------
cleanup: agenda
cleanup: wait queues
coroutine counts = (21393006,21391574,21390856)
[ModelOptimizer] Fitness: 8.1023 | Elapsed: 51.00 sec
[ModelOptimizer] Evaluating parameters: VectorD(1.00000,	3.52256,	-0.500000,	0.800000,	1.51662)

======================================================================
TRAFFIC MODEL BUILDER SUMMARY
======================================================================
Network:      US-101-N-DonaldDoyle
Segments:     7
Lanes:        4
Junctions:    8
Ramps:        2
Sensors:      5
Mode:         PeMS Data-Driven
Car-Following: IDM
ODE Solver:   Ballistic
Vmax:         35.0 m/s
======================================================================
Skipping Source actor due to time limit at clock = 43201.00125327633
Skipping Source actor due to time limit at clock = 43210.6788297557
-----------------------------
| Model.cleanup in progress |
-----------------------------
cleanup: agenda
cleanup: wait queues
coroutine counts = (21452763,21451327,21450607)
[ModelOptimizer] Fitness: 8.1025 | Elapsed: 51.02 sec
[ModelOptimizer] Evaluating parameters: VectorD(1.00000,	3.52256,	-0.500000,	0.800000,	1.51662)

======================================================================
TRAFFIC MODEL BUILDER SUMMARY
======================================================================
Network:      US-101-N-DonaldDoyle
Segments:     7
Lanes:        4
Junctions:    8
Ramps:        2
Sensors:      5
Mode:         PeMS Data-Driven
Car-Following: IDM
ODE Solver:   Ballistic
Vmax:         35.0 m/s
======================================================================
Skipping Source actor due to time limit at clock = 43201.00125327633
Skipping Source actor due to time limit at clock = 43210.6788297557
-----------------------------
| Model.cleanup in progress |
-----------------------------
cleanup: agenda
cleanup: wait queues
coroutine counts = (21512520,21511080,21510358)
[ModelOptimizer] Fitness: 8.1027 | Elapsed: 51.85 sec
[ModelOptimizer] Evaluating parameters: VectorD(1.00000,	3.52257,	-0.500000,	0.800000,	1.51662)

======================================================================
TRAFFIC MODEL BUILDER SUMMARY
======================================================================
Network:      US-101-N-DonaldDoyle
Segments:     7
Lanes:        4
Junctions:    8
Ramps:        2
Sensors:      5
Mode:         PeMS Data-Driven
Car-Following: IDM
ODE Solver:   Ballistic
Vmax:         35.0 m/s
======================================================================
Skipping Source actor due to time limit at clock = 43201.00125327633
Skipping Source actor due to time limit at clock = 43210.6788297557
-----------------------------
| Model.cleanup in progress |
-----------------------------
cleanup: agenda
cleanup: wait queues
coroutine counts = (21572277,21570833,21570109)
[ModelOptimizer] Fitness: 8.1028 | Elapsed: 49.83 sec
[ModelOptimizer] Evaluating parameters: VectorD(1.00000,	3.52256,	-0.500000,	0.800000,	1.51662)

======================================================================
TRAFFIC MODEL BUILDER SUMMARY
======================================================================
Network:      US-101-N-DonaldDoyle
Segments:     7
Lanes:        4
Junctions:    8
Ramps:        2
Sensors:      5
Mode:         PeMS Data-Driven
Car-Following: IDM
ODE Solver:   Ballistic
Vmax:         35.0 m/s
======================================================================
Skipping Source actor due to time limit at clock = 43201.00125327633
Skipping Source actor due to time limit at clock = 43210.6788297557
-----------------------------
| Model.cleanup in progress |
-----------------------------
cleanup: agenda
cleanup: wait queues
coroutine counts = (21632034,21630586,21629860)
[ModelOptimizer] Fitness: 8.1021 | Elapsed: 51.87 sec
[ModelOptimizer] Evaluating parameters: VectorD(1.00000,	3.52256,	-0.500000,	0.800000,	1.51662)

======================================================================
TRAFFIC MODEL BUILDER SUMMARY
======================================================================
Network:      US-101-N-DonaldDoyle
Segments:     7
Lanes:        4
Junctions:    8
Ramps:        2
Sensors:      5
Mode:         PeMS Data-Driven
Car-Following: IDM
ODE Solver:   Ballistic
Vmax:         35.0 m/s
======================================================================
Skipping Source actor due to time limit at clock = 43201.00125327633
Skipping Source actor due to time limit at clock = 43210.6788297557
-----------------------------
| Model.cleanup in progress |
-----------------------------
cleanup: agenda
cleanup: wait queues
coroutine counts = (21691791,21690339,21689611)
[ModelOptimizer] Fitness: 8.1032 | Elapsed: 50.29 sec
[ModelOptimizer] Evaluating parameters: VectorD(1.00000,	3.52256,	-0.500000,	0.800000,	1.51662)

======================================================================
TRAFFIC MODEL BUILDER SUMMARY
======================================================================
Network:      US-101-N-DonaldDoyle
Segments:     7
Lanes:        4
Junctions:    8
Ramps:        2
Sensors:      5
Mode:         PeMS Data-Driven
Car-Following: IDM
ODE Solver:   Ballistic
Vmax:         35.0 m/s
======================================================================
Skipping Source actor due to time limit at clock = 43201.00125327633
Skipping Source actor due to time limit at clock = 43210.6788297557
-----------------------------
| Model.cleanup in progress |
-----------------------------
cleanup: agenda
cleanup: wait queues
coroutine counts = (21751548,21750092,21749362)
[ModelOptimizer] Fitness: 8.1034 | Elapsed: 52.39 sec
[ModelOptimizer] Evaluating parameters: VectorD(1.00000,	3.52256,	-0.500000,	0.800000,	1.51662)

======================================================================
TRAFFIC MODEL BUILDER SUMMARY
======================================================================
Network:      US-101-N-DonaldDoyle
Segments:     7
Lanes:        4
Junctions:    8
Ramps:        2
Sensors:      5
Mode:         PeMS Data-Driven
Car-Following: IDM
ODE Solver:   Ballistic
Vmax:         35.0 m/s
======================================================================
Skipping Source actor due to time limit at clock = 43201.00125327633
Skipping Source actor due to time limit at clock = 43210.6788297557
-----------------------------
| Model.cleanup in progress |
-----------------------------
cleanup: agenda
cleanup: wait queues
coroutine counts = (21811305,21809845,21809113)
[ModelOptimizer] Fitness: 8.1041 | Elapsed: 49.72 sec
[ModelOptimizer] Evaluating parameters: VectorD(1.00000,	3.52256,	-0.500000,	0.800000,	1.51662)

======================================================================
TRAFFIC MODEL BUILDER SUMMARY
======================================================================
Network:      US-101-N-DonaldDoyle
Segments:     7
Lanes:        4
Junctions:    8
Ramps:        2
Sensors:      5
Mode:         PeMS Data-Driven
Car-Following: IDM
ODE Solver:   Ballistic
Vmax:         35.0 m/s
======================================================================
Skipping Source actor due to time limit at clock = 43201.00125327633
Skipping Source actor due to time limit at clock = 43210.6788297557
-----------------------------
| Model.cleanup in progress |
-----------------------------
cleanup: agenda
cleanup: wait queues
coroutine counts = (21871062,21869598,21868864)
[ModelOptimizer] Fitness: 8.1041 | Elapsed: 51.66 sec
[ModelOptimizer] Evaluating parameters: VectorD(1.00000,	3.52256,	-0.500000,	0.800000,	1.51662)

======================================================================
TRAFFIC MODEL BUILDER SUMMARY
======================================================================
Network:      US-101-N-DonaldDoyle
Segments:     7
Lanes:        4
Junctions:    8
Ramps:        2
Sensors:      5
Mode:         PeMS Data-Driven
Car-Following: IDM
ODE Solver:   Ballistic
Vmax:         35.0 m/s
======================================================================
Skipping Source actor due to time limit at clock = 43201.00125327633
Skipping Source actor due to time limit at clock = 43210.6788297557
-----------------------------
| Model.cleanup in progress |
-----------------------------
cleanup: agenda
cleanup: wait queues
coroutine counts = (21930819,21929351,21928615)
[ModelOptimizer] Fitness: 8.1034 | Elapsed: 51.80 sec
[ModelOptimizer] Evaluating parameters: VectorD(1.00000,	3.52256,	-0.500000,	0.800000,	1.51662)

======================================================================
TRAFFIC MODEL BUILDER SUMMARY
======================================================================
Network:      US-101-N-DonaldDoyle
Segments:     7
Lanes:        4
Junctions:    8
Ramps:        2
Sensors:      5
Mode:         PeMS Data-Driven
Car-Following: IDM
ODE Solver:   Ballistic
Vmax:         35.0 m/s
======================================================================
Skipping Source actor due to time limit at clock = 43201.00125327633
Skipping Source actor due to time limit at clock = 43210.6788297557
-----------------------------
| Model.cleanup in progress |
-----------------------------
cleanup: agenda
cleanup: wait queues
coroutine counts = (21990576,21989104,21988366)
[ModelOptimizer] Fitness: 8.1034 | Elapsed: 52.25 sec
      74 |      8.10062543 |      8.10062543 |      18.5% ✓
[ModelOptimizer] Evaluating parameters: VectorD(1.00000,	3.52256,	-0.500000,	0.800000,	1.51662)

======================================================================
TRAFFIC MODEL BUILDER SUMMARY
======================================================================
Network:      US-101-N-DonaldDoyle
Segments:     7
Lanes:        4
Junctions:    8
Ramps:        2
Sensors:      5
Mode:         PeMS Data-Driven
Car-Following: IDM
ODE Solver:   Ballistic
Vmax:         35.0 m/s
======================================================================
Skipping Source actor due to time limit at clock = 43201.00125327633
Skipping Source actor due to time limit at clock = 43210.6788297557
-----------------------------
| Model.cleanup in progress |
-----------------------------
cleanup: agenda
cleanup: wait queues
coroutine counts = (22050333,22048857,22048117)
[ModelOptimizer] Fitness: 8.1041 | Elapsed: 50.57 sec
[ModelOptimizer] Evaluating parameters: VectorD(1.00000,	3.52256,	-0.500000,	0.800000,	1.51662)

======================================================================
TRAFFIC MODEL BUILDER SUMMARY
======================================================================
Network:      US-101-N-DonaldDoyle
Segments:     7
Lanes:        4
Junctions:    8
Ramps:        2
Sensors:      5
Mode:         PeMS Data-Driven
Car-Following: IDM
ODE Solver:   Ballistic
Vmax:         35.0 m/s
======================================================================
Skipping Source actor due to time limit at clock = 43201.00125327633
Skipping Source actor due to time limit at clock = 43210.6788297557
-----------------------------
| Model.cleanup in progress |
-----------------------------
cleanup: agenda
cleanup: wait queues
coroutine counts = (22110090,22108610,22107868)
[ModelOptimizer] Fitness: 8.1037 | Elapsed: 52.83 sec
[ModelOptimizer] Evaluating parameters: VectorD(1.00000,	3.52256,	-0.500000,	0.800000,	1.51662)

======================================================================
TRAFFIC MODEL BUILDER SUMMARY
======================================================================
Network:      US-101-N-DonaldDoyle
Segments:     7
Lanes:        4
Junctions:    8
Ramps:        2
Sensors:      5
Mode:         PeMS Data-Driven
Car-Following: IDM
ODE Solver:   Ballistic
Vmax:         35.0 m/s
======================================================================
Skipping Source actor due to time limit at clock = 43201.00125327633
Skipping Source actor due to time limit at clock = 43210.6788297557
-----------------------------
| Model.cleanup in progress |
-----------------------------
cleanup: agenda
cleanup: wait queues
coroutine counts = (22169847,22168363,22167619)
[ModelOptimizer] Fitness: 8.1030 | Elapsed: 50.64 sec
[ModelOptimizer] Evaluating parameters: VectorD(1.00000,	3.52256,	-0.500000,	0.800000,	1.51662)

======================================================================
TRAFFIC MODEL BUILDER SUMMARY
======================================================================
Network:      US-101-N-DonaldDoyle
Segments:     7
Lanes:        4
Junctions:    8
Ramps:        2
Sensors:      5
Mode:         PeMS Data-Driven
Car-Following: IDM
ODE Solver:   Ballistic
Vmax:         35.0 m/s
======================================================================
Skipping Source actor due to time limit at clock = 43201.00125327633
Skipping Source actor due to time limit at clock = 43210.6788297557
-----------------------------
| Model.cleanup in progress |
-----------------------------
cleanup: agenda
cleanup: wait queues
coroutine counts = (22229604,22228116,22227370)
[ModelOptimizer] Fitness: 8.1030 | Elapsed: 52.26 sec
      75 |      8.10062543 |      8.10062543 |      18.8% ✓
[ModelOptimizer] Evaluating parameters: VectorD(1.00000,	3.52256,	-0.500000,	0.800000,	1.51662)

======================================================================
TRAFFIC MODEL BUILDER SUMMARY
======================================================================
Network:      US-101-N-DonaldDoyle
Segments:     7
Lanes:        4
Junctions:    8
Ramps:        2
Sensors:      5
Mode:         PeMS Data-Driven
Car-Following: IDM
ODE Solver:   Ballistic
Vmax:         35.0 m/s
======================================================================
Skipping Source actor due to time limit at clock = 43201.00125327633
Skipping Source actor due to time limit at clock = 43210.6788297557
-----------------------------
| Model.cleanup in progress |
-----------------------------
cleanup: agenda
cleanup: wait queues
coroutine counts = (22289361,22287869,22287121)
[ModelOptimizer] Fitness: 8.1040 | Elapsed: 51.33 sec
[ModelOptimizer] Evaluating parameters: VectorD(1.00000,	3.52256,	-0.500000,	0.800000,	1.51662)

======================================================================
TRAFFIC MODEL BUILDER SUMMARY
======================================================================
Network:      US-101-N-DonaldDoyle
Segments:     7
Lanes:        4
Junctions:    8
Ramps:        2
Sensors:      5
Mode:         PeMS Data-Driven
Car-Following: IDM
ODE Solver:   Ballistic
Vmax:         35.0 m/s
======================================================================
Skipping Source actor due to time limit at clock = 43201.00125327633
Skipping Source actor due to time limit at clock = 43210.6788297557
-----------------------------
| Model.cleanup in progress |
-----------------------------
cleanup: agenda
cleanup: wait queues
coroutine counts = (22349118,22347622,22346872)
[ModelOptimizer] Fitness: 8.1034 | Elapsed: 52.83 sec
[ModelOptimizer] Evaluating parameters: VectorD(1.00000,	3.52256,	-0.500000,	0.800000,	1.51662)

======================================================================
TRAFFIC MODEL BUILDER SUMMARY
======================================================================
Network:      US-101-N-DonaldDoyle
Segments:     7
Lanes:        4
Junctions:    8
Ramps:        2
Sensors:      5
Mode:         PeMS Data-Driven
Car-Following: IDM
ODE Solver:   Ballistic
Vmax:         35.0 m/s
======================================================================
Skipping Source actor due to time limit at clock = 43201.00125327633
Skipping Source actor due to time limit at clock = 43210.6788297557
-----------------------------
| Model.cleanup in progress |
-----------------------------
cleanup: agenda
cleanup: wait queues
coroutine counts = (22408875,22407375,22406623)
[ModelOptimizer] Fitness: 8.1040 | Elapsed: 50.39 sec
[ModelOptimizer] Evaluating parameters: VectorD(1.00000,	3.52256,	-0.500000,	0.800000,	1.51662)

======================================================================
TRAFFIC MODEL BUILDER SUMMARY
======================================================================
Network:      US-101-N-DonaldDoyle
Segments:     7
Lanes:        4
Junctions:    8
Ramps:        2
Sensors:      5
Mode:         PeMS Data-Driven
Car-Following: IDM
ODE Solver:   Ballistic
Vmax:         35.0 m/s
======================================================================
Skipping Source actor due to time limit at clock = 43201.00125327633
Skipping Source actor due to time limit at clock = 43210.6788297557
-----------------------------
| Model.cleanup in progress |
-----------------------------
cleanup: agenda
cleanup: wait queues
coroutine counts = (22468632,22467128,22466374)
[ModelOptimizer] Fitness: 8.1032 | Elapsed: 53.69 sec
[ModelOptimizer] Evaluating parameters: VectorD(1.00000,	3.52256,	-0.500000,	0.800000,	1.51662)

======================================================================
TRAFFIC MODEL BUILDER SUMMARY
======================================================================
Network:      US-101-N-DonaldDoyle
Segments:     7
Lanes:        4
Junctions:    8
Ramps:        2
Sensors:      5
Mode:         PeMS Data-Driven
Car-Following: IDM
ODE Solver:   Ballistic
Vmax:         35.0 m/s
======================================================================
Skipping Source actor due to time limit at clock = 43201.00125327633
Skipping Source actor due to time limit at clock = 43210.6788297557
-----------------------------
| Model.cleanup in progress |
-----------------------------
cleanup: agenda
cleanup: wait queues
coroutine counts = (22528389,22526881,22526125)
[ModelOptimizer] Fitness: 8.1032 | Elapsed: 51.12 sec
[ModelOptimizer] Evaluating parameters: VectorD(1.00000,	3.52256,	-0.500000,	0.800000,	1.51662)

======================================================================
TRAFFIC MODEL BUILDER SUMMARY
======================================================================
Network:      US-101-N-DonaldDoyle
Segments:     7
Lanes:        4
Junctions:    8
Ramps:        2
Sensors:      5
Mode:         PeMS Data-Driven
Car-Following: IDM
ODE Solver:   Ballistic
Vmax:         35.0 m/s
======================================================================
Skipping Source actor due to time limit at clock = 43201.00125327633
Skipping Source actor due to time limit at clock = 43210.6788297557
-----------------------------
| Model.cleanup in progress |
-----------------------------
cleanup: agenda
cleanup: wait queues
coroutine counts = (22588146,22586634,22585876)
[ModelOptimizer] Fitness: 8.1033 | Elapsed: 53.73 sec
[ModelOptimizer] Evaluating parameters: VectorD(1.00000,	3.52256,	-0.500000,	0.800000,	1.51662)

======================================================================
TRAFFIC MODEL BUILDER SUMMARY
======================================================================
Network:      US-101-N-DonaldDoyle
Segments:     7
Lanes:        4
Junctions:    8
Ramps:        2
Sensors:      5
Mode:         PeMS Data-Driven
Car-Following: IDM
ODE Solver:   Ballistic
Vmax:         35.0 m/s
======================================================================
Skipping Source actor due to time limit at clock = 43201.00125327633
Skipping Source actor due to time limit at clock = 43210.6788297557
-----------------------------
| Model.cleanup in progress |
-----------------------------
cleanup: agenda
cleanup: wait queues
coroutine counts = (22647903,22646387,22645627)
[ModelOptimizer] Fitness: 8.1025 | Elapsed: 53.08 sec
[ModelOptimizer] Evaluating parameters: VectorD(1.00000,	3.52256,	-0.500000,	0.800000,	1.51662)

======================================================================
TRAFFIC MODEL BUILDER SUMMARY
======================================================================
Network:      US-101-N-DonaldDoyle
Segments:     7
Lanes:        4
Junctions:    8
Ramps:        2
Sensors:      5
Mode:         PeMS Data-Driven
Car-Following: IDM
ODE Solver:   Ballistic
Vmax:         35.0 m/s
======================================================================
Skipping Source actor due to time limit at clock = 43201.00125327633
Skipping Source actor due to time limit at clock = 43210.6788297557
-----------------------------
| Model.cleanup in progress |
-----------------------------
cleanup: agenda
cleanup: wait queues
coroutine counts = (22707660,22706140,22705378)
[ModelOptimizer] Fitness: 8.1035 | Elapsed: 51.99 sec
[ModelOptimizer] Evaluating parameters: VectorD(1.00000,	3.52256,	-0.500000,	0.800000,	1.51662)

======================================================================
TRAFFIC MODEL BUILDER SUMMARY
======================================================================
Network:      US-101-N-DonaldDoyle
Segments:     7
Lanes:        4
Junctions:    8
Ramps:        2
Sensors:      5
Mode:         PeMS Data-Driven
Car-Following: IDM
ODE Solver:   Ballistic
Vmax:         35.0 m/s
======================================================================
Skipping Source actor due to time limit at clock = 43201.00125327633
Skipping Source actor due to time limit at clock = 43210.6788297557
-----------------------------
| Model.cleanup in progress |
-----------------------------
cleanup: agenda
cleanup: wait queues
coroutine counts = (22767417,22765893,22765129)
[ModelOptimizer] Fitness: 8.1039 | Elapsed: 50.70 sec
[ModelOptimizer] Evaluating parameters: VectorD(1.00000,	3.52256,	-0.500000,	0.800000,	1.51662)

======================================================================
TRAFFIC MODEL BUILDER SUMMARY
======================================================================
Network:      US-101-N-DonaldDoyle
Segments:     7
Lanes:        4
Junctions:    8
Ramps:        2
Sensors:      5
Mode:         PeMS Data-Driven
Car-Following: IDM
ODE Solver:   Ballistic
Vmax:         35.0 m/s
======================================================================
Skipping Source actor due to time limit at clock = 43201.00125327633
Skipping Source actor due to time limit at clock = 43210.6788297557
-----------------------------
| Model.cleanup in progress |
-----------------------------
cleanup: agenda
cleanup: wait queues
coroutine counts = (22827174,22825646,22824880)
[ModelOptimizer] Fitness: 8.1022 | Elapsed: 53.08 sec
[ModelOptimizer] Evaluating parameters: VectorD(1.00000,	3.52256,	-0.500000,	0.800000,	1.51662)

======================================================================
TRAFFIC MODEL BUILDER SUMMARY
======================================================================
Network:      US-101-N-DonaldDoyle
Segments:     7
Lanes:        4
Junctions:    8
Ramps:        2
Sensors:      5
Mode:         PeMS Data-Driven
Car-Following: IDM
ODE Solver:   Ballistic
Vmax:         35.0 m/s
======================================================================
Skipping Source actor due to time limit at clock = 43201.00125327633
Skipping Source actor due to time limit at clock = 43210.6788297557
-----------------------------
| Model.cleanup in progress |
-----------------------------
cleanup: agenda
cleanup: wait queues
coroutine counts = (22886931,22885399,22884631)
[ModelOptimizer] Fitness: 8.1022 | Elapsed: 53.35 sec
      76 |      8.10062543 |      8.10062543 |      19.0% ✓
[ModelOptimizer] Evaluating parameters: VectorD(1.00000,	3.52256,	-0.500000,	0.800000,	1.51662)

======================================================================
TRAFFIC MODEL BUILDER SUMMARY
======================================================================
Network:      US-101-N-DonaldDoyle
Segments:     7
Lanes:        4
Junctions:    8
Ramps:        2
Sensors:      5
Mode:         PeMS Data-Driven
Car-Following: IDM
ODE Solver:   Ballistic
Vmax:         35.0 m/s
======================================================================
Skipping Source actor due to time limit at clock = 43201.00125327633
Skipping Source actor due to time limit at clock = 43210.6788297557
-----------------------------
| Model.cleanup in progress |
-----------------------------
cleanup: agenda
cleanup: wait queues
coroutine counts = (22946688,22945152,22944382)
[ModelOptimizer] Fitness: 8.1034 | Elapsed: 51.05 sec
[ModelOptimizer] Evaluating parameters: VectorD(1.00000,	3.52255,	-0.500000,	0.800000,	1.51662)

======================================================================
TRAFFIC MODEL BUILDER SUMMARY
======================================================================
Network:      US-101-N-DonaldDoyle
Segments:     7
Lanes:        4
Junctions:    8
Ramps:        2
Sensors:      5
Mode:         PeMS Data-Driven
Car-Following: IDM
ODE Solver:   Ballistic
Vmax:         35.0 m/s
======================================================================
Skipping Source actor due to time limit at clock = 43201.00125327633
Skipping Source actor due to time limit at clock = 43210.6788297557
-----------------------------
| Model.cleanup in progress |
-----------------------------
cleanup: agenda
cleanup: wait queues
coroutine counts = (23006445,23004905,23004133)
[ModelOptimizer] Fitness: 8.1032 | Elapsed: 49.29 sec
[ModelOptimizer] Evaluating parameters: VectorD(1.00000,	3.52255,	-0.500000,	0.800000,	1.51662)

======================================================================
TRAFFIC MODEL BUILDER SUMMARY
======================================================================
Network:      US-101-N-DonaldDoyle
Segments:     7
Lanes:        4
Junctions:    8
Ramps:        2
Sensors:      5
Mode:         PeMS Data-Driven
Car-Following: IDM
ODE Solver:   Ballistic
Vmax:         35.0 m/s
======================================================================
Skipping Source actor due to time limit at clock = 43201.00125327633
Skipping Source actor due to time limit at clock = 43210.6788297557
-----------------------------
| Model.cleanup in progress |
-----------------------------
cleanup: agenda
cleanup: wait queues
coroutine counts = (23066202,23064658,23063884)
[ModelOptimizer] Fitness: 8.1022 | Elapsed: 51.90 sec
[ModelOptimizer] Evaluating parameters: VectorD(1.00000,	3.52255,	-0.500000,	0.800000,	1.51662)

======================================================================
TRAFFIC MODEL BUILDER SUMMARY
======================================================================
Network:      US-101-N-DonaldDoyle
Segments:     7
Lanes:        4
Junctions:    8
Ramps:        2
Sensors:      5
Mode:         PeMS Data-Driven
Car-Following: IDM
ODE Solver:   Ballistic
Vmax:         35.0 m/s
======================================================================
Skipping Source actor due to time limit at clock = 43201.00125327633
Skipping Source actor due to time limit at clock = 43210.6788297557
-----------------------------
| Model.cleanup in progress |
-----------------------------
cleanup: agenda
cleanup: wait queues
coroutine counts = (23125959,23124411,23123635)
[ModelOptimizer] Fitness: 8.1022 | Elapsed: 52.93 sec
      77 |      8.10062543 |      8.10062543 |      19.3% ✓
[ModelOptimizer] Evaluating parameters: VectorD(1.00000,	3.52256,	-0.500000,	0.800000,	1.51662)

======================================================================
TRAFFIC MODEL BUILDER SUMMARY
======================================================================
Network:      US-101-N-DonaldDoyle
Segments:     7
Lanes:        4
Junctions:    8
Ramps:        2
Sensors:      5
Mode:         PeMS Data-Driven
Car-Following: IDM
ODE Solver:   Ballistic
Vmax:         35.0 m/s
======================================================================
Skipping Source actor due to time limit at clock = 43201.00125327633
Skipping Source actor due to time limit at clock = 43210.6788297557
-----------------------------
| Model.cleanup in progress |
-----------------------------
cleanup: agenda
cleanup: wait queues
coroutine counts = (23185716,23184164,23183386)
[ModelOptimizer] Fitness: 8.1020 | Elapsed: 52.97 sec
[ModelOptimizer] Evaluating parameters: VectorD(1.00000,	3.52256,	-0.500000,	0.800000,	1.51662)

======================================================================
TRAFFIC MODEL BUILDER SUMMARY
======================================================================
Network:      US-101-N-DonaldDoyle
Segments:     7
Lanes:        4
Junctions:    8
Ramps:        2
Sensors:      5
Mode:         PeMS Data-Driven
Car-Following: IDM
ODE Solver:   Ballistic
Vmax:         35.0 m/s
======================================================================
Skipping Source actor due to time limit at clock = 43201.00125327633
Skipping Source actor due to time limit at clock = 43210.6788297557
-----------------------------
| Model.cleanup in progress |
-----------------------------
cleanup: agenda
cleanup: wait queues
coroutine counts = (23245473,23243917,23243137)
[ModelOptimizer] Fitness: 8.1016 | Elapsed: 50.95 sec
[ModelOptimizer] Evaluating parameters: VectorD(1.00000,	3.52256,	-0.500000,	0.800000,	1.51662)

======================================================================
TRAFFIC MODEL BUILDER SUMMARY
======================================================================
Network:      US-101-N-DonaldDoyle
Segments:     7
Lanes:        4
Junctions:    8
Ramps:        2
Sensors:      5
Mode:         PeMS Data-Driven
Car-Following: IDM
ODE Solver:   Ballistic
Vmax:         35.0 m/s
======================================================================
Skipping Source actor due to time limit at clock = 43201.00125327633
Skipping Source actor due to time limit at clock = 43210.6788297557
-----------------------------
| Model.cleanup in progress |
-----------------------------
cleanup: agenda
cleanup: wait queues
coroutine counts = (23305230,23303670,23302888)
[ModelOptimizer] Fitness: 8.1016 | Elapsed: 54.46 sec
      78 |      8.10062543 |      8.10062543 |      19.5% ✓
[ModelOptimizer] Evaluating parameters: VectorD(1.00000,	3.52256,	-0.500000,	0.800000,	1.51662)

======================================================================
TRAFFIC MODEL BUILDER SUMMARY
======================================================================
Network:      US-101-N-DonaldDoyle
Segments:     7
Lanes:        4
Junctions:    8
Ramps:        2
Sensors:      5
Mode:         PeMS Data-Driven
Car-Following: IDM
ODE Solver:   Ballistic
Vmax:         35.0 m/s
======================================================================
Skipping Source actor due to time limit at clock = 43201.00125327633
Skipping Source actor due to time limit at clock = 43210.6788297557
-----------------------------
| Model.cleanup in progress |
-----------------------------
cleanup: agenda
cleanup: wait queues
coroutine counts = (23364987,23363423,23362639)
[ModelOptimizer] Fitness: 8.1024 | Elapsed: 51.26 sec
[ModelOptimizer] Evaluating parameters: VectorD(1.00000,	3.52255,	-0.500000,	0.800000,	1.51662)

======================================================================
TRAFFIC MODEL BUILDER SUMMARY
======================================================================
Network:      US-101-N-DonaldDoyle
Segments:     7
Lanes:        4
Junctions:    8
Ramps:        2
Sensors:      5
Mode:         PeMS Data-Driven
Car-Following: IDM
ODE Solver:   Ballistic
Vmax:         35.0 m/s
======================================================================
Skipping Source actor due to time limit at clock = 43201.00125327633
Skipping Source actor due to time limit at clock = 43210.6788297557
-----------------------------
| Model.cleanup in progress |
-----------------------------
cleanup: agenda
cleanup: wait queues
coroutine counts = (23424744,23423176,23422390)
[ModelOptimizer] Fitness: 8.1015 | Elapsed: 52.38 sec
[ModelOptimizer] Evaluating parameters: VectorD(1.00000,	3.52255,	-0.500000,	0.800000,	1.51662)

======================================================================
TRAFFIC MODEL BUILDER SUMMARY
======================================================================
Network:      US-101-N-DonaldDoyle
Segments:     7
Lanes:        4
Junctions:    8
Ramps:        2
Sensors:      5
Mode:         PeMS Data-Driven
Car-Following: IDM
ODE Solver:   Ballistic
Vmax:         35.0 m/s
======================================================================
Skipping Source actor due to time limit at clock = 43201.00125327633
Skipping Source actor due to time limit at clock = 43210.6788297557
-----------------------------
| Model.cleanup in progress |
-----------------------------
cleanup: agenda
cleanup: wait queues
coroutine counts = (23484501,23482929,23482141)
[ModelOptimizer] Fitness: 8.1015 | Elapsed: 53.06 sec
      79 |      8.10062543 |      8.10062543 |      19.8% ✓
[ModelOptimizer] Evaluating parameters: VectorD(1.00000,	3.52255,	-0.500000,	0.800000,	1.51662)

======================================================================
TRAFFIC MODEL BUILDER SUMMARY
======================================================================
Network:      US-101-N-DonaldDoyle
Segments:     7
Lanes:        4
Junctions:    8
Ramps:        2
Sensors:      5
Mode:         PeMS Data-Driven
Car-Following: IDM
ODE Solver:   Ballistic
Vmax:         35.0 m/s
======================================================================
Skipping Source actor due to time limit at clock = 43201.00125327633
Skipping Source actor due to time limit at clock = 43210.6788297557
-----------------------------
| Model.cleanup in progress |
-----------------------------
cleanup: agenda
cleanup: wait queues
coroutine counts = (23544258,23542682,23541892)
[ModelOptimizer] Fitness: 8.1020 | Elapsed: 51.62 sec
[ModelOptimizer] Evaluating parameters: VectorD(1.00000,	3.52255,	-0.500000,	0.800000,	1.51662)

======================================================================
TRAFFIC MODEL BUILDER SUMMARY
======================================================================
Network:      US-101-N-DonaldDoyle
Segments:     7
Lanes:        4
Junctions:    8
Ramps:        2
Sensors:      5
Mode:         PeMS Data-Driven
Car-Following: IDM
ODE Solver:   Ballistic
Vmax:         35.0 m/s
======================================================================
Skipping Source actor due to time limit at clock = 43201.00125327633
Skipping Source actor due to time limit at clock = 43210.6788297557
-----------------------------
| Model.cleanup in progress |
-----------------------------
cleanup: agenda
cleanup: wait queues
coroutine counts = (23604015,23602435,23601643)
[ModelOptimizer] Fitness: 8.1027 | Elapsed: 54.88 sec
[ModelOptimizer] Evaluating parameters: VectorD(1.00000,	3.52256,	-0.500000,	0.800000,	1.51662)

======================================================================
TRAFFIC MODEL BUILDER SUMMARY
======================================================================
Network:      US-101-N-DonaldDoyle
Segments:     7
Lanes:        4
Junctions:    8
Ramps:        2
Sensors:      5
Mode:         PeMS Data-Driven
Car-Following: IDM
ODE Solver:   Ballistic
Vmax:         35.0 m/s
======================================================================
Skipping Source actor due to time limit at clock = 43201.00125327633
Skipping Source actor due to time limit at clock = 43210.6788297557
-----------------------------
| Model.cleanup in progress |
-----------------------------
cleanup: agenda
cleanup: wait queues
coroutine counts = (23663772,23662188,23661394)
[ModelOptimizer] Fitness: 8.1030 | Elapsed: 50.69 sec
[ModelOptimizer] Evaluating parameters: VectorD(1.00000,	3.52256,	-0.500000,	0.800000,	1.51662)

======================================================================
TRAFFIC MODEL BUILDER SUMMARY
======================================================================
Network:      US-101-N-DonaldDoyle
Segments:     7
Lanes:        4
Junctions:    8
Ramps:        2
Sensors:      5
Mode:         PeMS Data-Driven
Car-Following: IDM
ODE Solver:   Ballistic
Vmax:         35.0 m/s
======================================================================
Skipping Source actor due to time limit at clock = 43201.00125327633
Skipping Source actor due to time limit at clock = 43210.6788297557
-----------------------------
| Model.cleanup in progress |
-----------------------------
cleanup: agenda
cleanup: wait queues
coroutine counts = (23723529,23721941,23721145)
[ModelOptimizer] Fitness: 8.1025 | Elapsed: 51.04 sec
[ModelOptimizer] Evaluating parameters: VectorD(1.00000,	3.52256,	-0.500000,	0.800000,	1.51662)

======================================================================
TRAFFIC MODEL BUILDER SUMMARY
======================================================================
Network:      US-101-N-DonaldDoyle
Segments:     7
Lanes:        4
Junctions:    8
Ramps:        2
Sensors:      5
Mode:         PeMS Data-Driven
Car-Following: IDM
ODE Solver:   Ballistic
Vmax:         35.0 m/s
======================================================================
Skipping Source actor due to time limit at clock = 43201.00125327633
Skipping Source actor due to time limit at clock = 43210.6788297557
-----------------------------
| Model.cleanup in progress |
-----------------------------
cleanup: agenda
cleanup: wait queues
coroutine counts = (23783286,23781694,23780896)
[ModelOptimizer] Fitness: 8.1023 | Elapsed: 54.33 sec
[ModelOptimizer] Evaluating parameters: VectorD(1.00000,	3.52255,	-0.500000,	0.800000,	1.51662)

======================================================================
TRAFFIC MODEL BUILDER SUMMARY
======================================================================
Network:      US-101-N-DonaldDoyle
Segments:     7
Lanes:        4
Junctions:    8
Ramps:        2
Sensors:      5
Mode:         PeMS Data-Driven
Car-Following: IDM
ODE Solver:   Ballistic
Vmax:         35.0 m/s
======================================================================
Skipping Source actor due to time limit at clock = 43201.00125327633
Skipping Source actor due to time limit at clock = 43210.6788297557
-----------------------------
| Model.cleanup in progress |
-----------------------------
cleanup: agenda
cleanup: wait queues
coroutine counts = (23843043,23841447,23840647)
[ModelOptimizer] Fitness: 8.1017 | Elapsed: 52.94 sec
[ModelOptimizer] Evaluating parameters: VectorD(1.00000,	3.52255,	-0.500000,	0.800000,	1.51662)

======================================================================
TRAFFIC MODEL BUILDER SUMMARY
======================================================================
Network:      US-101-N-DonaldDoyle
Segments:     7
Lanes:        4
Junctions:    8
Ramps:        2
Sensors:      5
Mode:         PeMS Data-Driven
Car-Following: IDM
ODE Solver:   Ballistic
Vmax:         35.0 m/s
======================================================================
Skipping Source actor due to time limit at clock = 43201.00125327633
Skipping Source actor due to time limit at clock = 43210.6788297557
-----------------------------
| Model.cleanup in progress |
-----------------------------
cleanup: agenda
cleanup: wait queues
coroutine counts = (23902800,23901200,23900398)
[ModelOptimizer] Fitness: 8.1011 | Elapsed: 52.66 sec
[ModelOptimizer] Evaluating parameters: VectorD(1.00000,	3.52255,	-0.500000,	0.800000,	1.51662)

======================================================================
TRAFFIC MODEL BUILDER SUMMARY
======================================================================
Network:      US-101-N-DonaldDoyle
Segments:     7
Lanes:        4
Junctions:    8
Ramps:        2
Sensors:      5
Mode:         PeMS Data-Driven
Car-Following: IDM
ODE Solver:   Ballistic
Vmax:         35.0 m/s
======================================================================
Skipping Source actor due to time limit at clock = 43201.00125327633
Skipping Source actor due to time limit at clock = 43210.6788297557
-----------------------------
| Model.cleanup in progress |
-----------------------------
cleanup: agenda
cleanup: wait queues
coroutine counts = (23962557,23960953,23960149)
[ModelOptimizer] Fitness: 8.1020 | Elapsed: 53.64 sec
[ModelOptimizer] Evaluating parameters: VectorD(1.00000,	3.52255,	-0.500000,	0.800000,	1.51662)

======================================================================
TRAFFIC MODEL BUILDER SUMMARY
======================================================================
Network:      US-101-N-DonaldDoyle
Segments:     7
Lanes:        4
Junctions:    8
Ramps:        2
Sensors:      5
Mode:         PeMS Data-Driven
Car-Following: IDM
ODE Solver:   Ballistic
Vmax:         35.0 m/s
======================================================================
Skipping Source actor due to time limit at clock = 43201.00125327633
Skipping Source actor due to time limit at clock = 43210.6788297557
-----------------------------
| Model.cleanup in progress |
-----------------------------
cleanup: agenda
cleanup: wait queues
coroutine counts = (24022314,24020706,24019900)
[ModelOptimizer] Fitness: 8.1014 | Elapsed: 52.37 sec
[ModelOptimizer] Evaluating parameters: VectorD(1.00000,	3.52255,	-0.500000,	0.800000,	1.51662)

======================================================================
TRAFFIC MODEL BUILDER SUMMARY
======================================================================
Network:      US-101-N-DonaldDoyle
Segments:     7
Lanes:        4
Junctions:    8
Ramps:        2
Sensors:      5
Mode:         PeMS Data-Driven
Car-Following: IDM
ODE Solver:   Ballistic
Vmax:         35.0 m/s
======================================================================
Skipping Source actor due to time limit at clock = 43201.00125327633
Skipping Source actor due to time limit at clock = 43210.6788297557
-----------------------------
| Model.cleanup in progress |
-----------------------------
cleanup: agenda
cleanup: wait queues
coroutine counts = (24082071,24080459,24079651)
[ModelOptimizer] Fitness: 8.1013 | Elapsed: 56.09 sec
[ModelOptimizer] Evaluating parameters: VectorD(1.00000,	3.52255,	-0.500000,	0.800000,	1.51662)

======================================================================
TRAFFIC MODEL BUILDER SUMMARY
======================================================================
Network:      US-101-N-DonaldDoyle
Segments:     7
Lanes:        4
Junctions:    8
Ramps:        2
Sensors:      5
Mode:         PeMS Data-Driven
Car-Following: IDM
ODE Solver:   Ballistic
Vmax:         35.0 m/s
======================================================================
Skipping Source actor due to time limit at clock = 43201.00125327633
Skipping Source actor due to time limit at clock = 43210.6788297557
-----------------------------
| Model.cleanup in progress |
-----------------------------
cleanup: agenda
cleanup: wait queues
coroutine counts = (24141828,24140212,24139402)
[ModelOptimizer] Fitness: 8.1013 | Elapsed: 51.66 sec
      80 |      8.10062543 |      8.10062543 |      20.0% ✓
[ModelOptimizer] Evaluating parameters: VectorD(1.00000,	3.52255,	-0.500000,	0.800000,	1.51662)

======================================================================
TRAFFIC MODEL BUILDER SUMMARY
======================================================================
Network:      US-101-N-DonaldDoyle
Segments:     7
Lanes:        4
Junctions:    8
Ramps:        2
Sensors:      5
Mode:         PeMS Data-Driven
Car-Following: IDM
ODE Solver:   Ballistic
Vmax:         35.0 m/s
======================================================================
Skipping Source actor due to time limit at clock = 43201.00125327633
Skipping Source actor due to time limit at clock = 43210.6788297557
-----------------------------
| Model.cleanup in progress |
-----------------------------
cleanup: agenda
cleanup: wait queues
coroutine counts = (24201585,24199965,24199153)
[ModelOptimizer] Fitness: 8.1022 | Elapsed: 54.35 sec
[ModelOptimizer] Evaluating parameters: VectorD(1.00000,	3.52255,	-0.500000,	0.800000,	1.51662)

======================================================================
TRAFFIC MODEL BUILDER SUMMARY
======================================================================
Network:      US-101-N-DonaldDoyle
Segments:     7
Lanes:        4
Junctions:    8
Ramps:        2
Sensors:      5
Mode:         PeMS Data-Driven
Car-Following: IDM
ODE Solver:   Ballistic
Vmax:         35.0 m/s
======================================================================
Skipping Source actor due to time limit at clock = 43201.00125327633
Skipping Source actor due to time limit at clock = 43210.6788297557
-----------------------------
| Model.cleanup in progress |
-----------------------------
cleanup: agenda
cleanup: wait queues
coroutine counts = (24261342,24259718,24258904)
[ModelOptimizer] Fitness: 8.1024 | Elapsed: 53.49 sec
[ModelOptimizer] Evaluating parameters: VectorD(1.00000,	3.52255,	-0.500000,	0.800000,	1.51662)

======================================================================
TRAFFIC MODEL BUILDER SUMMARY
======================================================================
Network:      US-101-N-DonaldDoyle
Segments:     7
Lanes:        4
Junctions:    8
Ramps:        2
Sensors:      5
Mode:         PeMS Data-Driven
Car-Following: IDM
ODE Solver:   Ballistic
Vmax:         35.0 m/s
======================================================================
Skipping Source actor due to time limit at clock = 43201.00125327633
Skipping Source actor due to time limit at clock = 43210.6788297557
-----------------------------
| Model.cleanup in progress |
-----------------------------
cleanup: agenda
cleanup: wait queues
coroutine counts = (24321099,24319471,24318655)
[ModelOptimizer] Fitness: 8.1019 | Elapsed: 55.97 sec
[ModelOptimizer] Evaluating parameters: VectorD(1.00000,	3.52255,	-0.500000,	0.800000,	1.51662)

======================================================================
TRAFFIC MODEL BUILDER SUMMARY
======================================================================
Network:      US-101-N-DonaldDoyle
Segments:     7
Lanes:        4
Junctions:    8
Ramps:        2
Sensors:      5
Mode:         PeMS Data-Driven
Car-Following: IDM
ODE Solver:   Ballistic
Vmax:         35.0 m/s
======================================================================
Skipping Source actor due to time limit at clock = 43201.00125327633
Skipping Source actor due to time limit at clock = 43210.6788297557
-----------------------------
| Model.cleanup in progress |
-----------------------------
cleanup: agenda
cleanup: wait queues
coroutine counts = (24380856,24379224,24378406)
[ModelOptimizer] Fitness: 8.1019 | Elapsed: 49.73 sec
      81 |      8.10062543 |      8.10062543 |      20.3% ✓
[ModelOptimizer] Evaluating parameters: VectorD(1.00000,	3.52255,	-0.500000,	0.800000,	1.51662)

======================================================================
TRAFFIC MODEL BUILDER SUMMARY
======================================================================
Network:      US-101-N-DonaldDoyle
Segments:     7
Lanes:        4
Junctions:    8
Ramps:        2
Sensors:      5
Mode:         PeMS Data-Driven
Car-Following: IDM
ODE Solver:   Ballistic
Vmax:         35.0 m/s
======================================================================
Skipping Source actor due to time limit at clock = 43201.00125327633
Skipping Source actor due to time limit at clock = 43210.6788297557
-----------------------------
| Model.cleanup in progress |
-----------------------------
cleanup: agenda
cleanup: wait queues
coroutine counts = (24440613,24438977,24438157)
[ModelOptimizer] Fitness: 8.1024 | Elapsed: 55.50 sec
[ModelOptimizer] Evaluating parameters: VectorD(1.00000,	3.52255,	-0.500000,	0.800000,	1.51662)

======================================================================
TRAFFIC MODEL BUILDER SUMMARY
======================================================================
Network:      US-101-N-DonaldDoyle
Segments:     7
Lanes:        4
Junctions:    8
Ramps:        2
Sensors:      5
Mode:         PeMS Data-Driven
Car-Following: IDM
ODE Solver:   Ballistic
Vmax:         35.0 m/s
======================================================================
Skipping Source actor due to time limit at clock = 43201.00125327633
Skipping Source actor due to time limit at clock = 43210.6788297557
-----------------------------
| Model.cleanup in progress |
-----------------------------
cleanup: agenda
cleanup: wait queues
coroutine counts = (24500370,24498730,24497908)
[ModelOptimizer] Fitness: 8.1023 | Elapsed: 52.17 sec
[ModelOptimizer] Evaluating parameters: VectorD(1.00000,	3.52255,	-0.500000,	0.800000,	1.51662)

======================================================================
TRAFFIC MODEL BUILDER SUMMARY
======================================================================
Network:      US-101-N-DonaldDoyle
Segments:     7
Lanes:        4
Junctions:    8
Ramps:        2
Sensors:      5
Mode:         PeMS Data-Driven
Car-Following: IDM
ODE Solver:   Ballistic
Vmax:         35.0 m/s
======================================================================
Skipping Source actor due to time limit at clock = 43201.00125327633
Skipping Source actor due to time limit at clock = 43210.6788297557
-----------------------------
| Model.cleanup in progress |
-----------------------------
cleanup: agenda
cleanup: wait queues
coroutine counts = (24560127,24558483,24557659)
[ModelOptimizer] Fitness: 8.1024 | Elapsed: 54.46 sec
[ModelOptimizer] Evaluating parameters: VectorD(1.00000,	3.52255,	-0.500000,	0.800000,	1.51662)

======================================================================
TRAFFIC MODEL BUILDER SUMMARY
======================================================================
Network:      US-101-N-DonaldDoyle
Segments:     7
Lanes:        4
Junctions:    8
Ramps:        2
Sensors:      5
Mode:         PeMS Data-Driven
Car-Following: IDM
ODE Solver:   Ballistic
Vmax:         35.0 m/s
======================================================================
Skipping Source actor due to time limit at clock = 43201.00125327633
Skipping Source actor due to time limit at clock = 43210.6788297557
-----------------------------
| Model.cleanup in progress |
-----------------------------
cleanup: agenda
cleanup: wait queues
coroutine counts = (24619884,24618236,24617410)
[ModelOptimizer] Fitness: 8.1033 | Elapsed: 54.79 sec
[ModelOptimizer] Evaluating parameters: VectorD(1.00000,	3.52255,	-0.500000,	0.800000,	1.51662)

======================================================================
TRAFFIC MODEL BUILDER SUMMARY
======================================================================
Network:      US-101-N-DonaldDoyle
Segments:     7
Lanes:        4
Junctions:    8
Ramps:        2
Sensors:      5
Mode:         PeMS Data-Driven
Car-Following: IDM
ODE Solver:   Ballistic
Vmax:         35.0 m/s
======================================================================
Skipping Source actor due to time limit at clock = 43201.00125327633
Skipping Source actor due to time limit at clock = 43210.6788297557
-----------------------------
| Model.cleanup in progress |
-----------------------------
cleanup: agenda
cleanup: wait queues
coroutine counts = (24679641,24677989,24677161)
[ModelOptimizer] Fitness: 8.1014 | Elapsed: 51.80 sec
[ModelOptimizer] Evaluating parameters: VectorD(1.00000,	3.52255,	-0.500000,	0.800000,	1.51662)

======================================================================
TRAFFIC MODEL BUILDER SUMMARY
======================================================================
Network:      US-101-N-DonaldDoyle
Segments:     7
Lanes:        4
Junctions:    8
Ramps:        2
Sensors:      5
Mode:         PeMS Data-Driven
Car-Following: IDM
ODE Solver:   Ballistic
Vmax:         35.0 m/s
======================================================================
Skipping Source actor due to time limit at clock = 43201.00125327633
Skipping Source actor due to time limit at clock = 43210.6788297557
-----------------------------
| Model.cleanup in progress |
-----------------------------
cleanup: agenda
cleanup: wait queues
coroutine counts = (24739398,24737742,24736912)
[ModelOptimizer] Fitness: 8.1026 | Elapsed: 56.64 sec
[ModelOptimizer] Evaluating parameters: VectorD(1.00000,	3.52255,	-0.500000,	0.800000,	1.51662)

======================================================================
TRAFFIC MODEL BUILDER SUMMARY
======================================================================
Network:      US-101-N-DonaldDoyle
Segments:     7
Lanes:        4
Junctions:    8
Ramps:        2
Sensors:      5
Mode:         PeMS Data-Driven
Car-Following: IDM
ODE Solver:   Ballistic
Vmax:         35.0 m/s
======================================================================
Skipping Source actor due to time limit at clock = 43201.00125327633
Skipping Source actor due to time limit at clock = 43210.6788297557
-----------------------------
| Model.cleanup in progress |
-----------------------------
cleanup: agenda
cleanup: wait queues
coroutine counts = (24799155,24797495,24796663)
[ModelOptimizer] Fitness: 8.1031 | Elapsed: 52.16 sec
[ModelOptimizer] Evaluating parameters: VectorD(1.00000,	3.52255,	-0.500000,	0.800000,	1.51662)

======================================================================
TRAFFIC MODEL BUILDER SUMMARY
======================================================================
Network:      US-101-N-DonaldDoyle
Segments:     7
Lanes:        4
Junctions:    8
Ramps:        2
Sensors:      5
Mode:         PeMS Data-Driven
Car-Following: IDM
ODE Solver:   Ballistic
Vmax:         35.0 m/s
======================================================================
Skipping Source actor due to time limit at clock = 43201.00125327633
Skipping Source actor due to time limit at clock = 43210.6788297557
-----------------------------
| Model.cleanup in progress |
-----------------------------
cleanup: agenda
cleanup: wait queues
coroutine counts = (24858912,24857248,24856414)
[ModelOptimizer] Fitness: 8.1009 | Elapsed: 55.58 sec
[ModelOptimizer] Evaluating parameters: VectorD(1.00000,	3.52255,	-0.500000,	0.800000,	1.51662)

======================================================================
TRAFFIC MODEL BUILDER SUMMARY
======================================================================
Network:      US-101-N-DonaldDoyle
Segments:     7
Lanes:        4
Junctions:    8
Ramps:        2
Sensors:      5
Mode:         PeMS Data-Driven
Car-Following: IDM
ODE Solver:   Ballistic
Vmax:         35.0 m/s
======================================================================
Skipping Source actor due to time limit at clock = 43201.00125327633
Skipping Source actor due to time limit at clock = 43210.6788297557
-----------------------------
| Model.cleanup in progress |
-----------------------------
cleanup: agenda
cleanup: wait queues
coroutine counts = (24918669,24917001,24916165)
[ModelOptimizer] Fitness: 8.1020 | Elapsed: 51.86 sec
[ModelOptimizer] Evaluating parameters: VectorD(1.00000,	3.52255,	-0.500000,	0.800000,	1.51662)

======================================================================
TRAFFIC MODEL BUILDER SUMMARY
======================================================================
Network:      US-101-N-DonaldDoyle
Segments:     7
Lanes:        4
Junctions:    8
Ramps:        2
Sensors:      5
Mode:         PeMS Data-Driven
Car-Following: IDM
ODE Solver:   Ballistic
Vmax:         35.0 m/s
======================================================================
Skipping Source actor due to time limit at clock = 43201.00125327633
Skipping Source actor due to time limit at clock = 43210.6788297557
-----------------------------
| Model.cleanup in progress |
-----------------------------
cleanup: agenda
cleanup: wait queues
coroutine counts = (24978426,24976754,24975916)
[ModelOptimizer] Fitness: 8.1036 | Elapsed: 55.30 sec
[ModelOptimizer] Evaluating parameters: VectorD(1.00000,	3.52255,	-0.500000,	0.800000,	1.51662)

======================================================================
TRAFFIC MODEL BUILDER SUMMARY
======================================================================
Network:      US-101-N-DonaldDoyle
Segments:     7
Lanes:        4
Junctions:    8
Ramps:        2
Sensors:      5
Mode:         PeMS Data-Driven
Car-Following: IDM
ODE Solver:   Ballistic
Vmax:         35.0 m/s
======================================================================
Skipping Source actor due to time limit at clock = 43201.00125327633
Skipping Source actor due to time limit at clock = 43210.6788297557
-----------------------------
| Model.cleanup in progress |
-----------------------------
cleanup: agenda
cleanup: wait queues
coroutine counts = (25038183,25036507,25035667)
[ModelOptimizer] Fitness: 8.1023 | Elapsed: 50.31 sec
[ModelOptimizer] Evaluating parameters: VectorD(1.00000,	3.52255,	-0.500000,	0.800000,	1.51662)

======================================================================
TRAFFIC MODEL BUILDER SUMMARY
======================================================================
Network:      US-101-N-DonaldDoyle
Segments:     7
Lanes:        4
Junctions:    8
Ramps:        2
Sensors:      5
Mode:         PeMS Data-Driven
Car-Following: IDM
ODE Solver:   Ballistic
Vmax:         35.0 m/s
======================================================================
Skipping Source actor due to time limit at clock = 43201.00125327633
Skipping Source actor due to time limit at clock = 43210.6788297557
-----------------------------
| Model.cleanup in progress |
-----------------------------
cleanup: agenda
cleanup: wait queues
coroutine counts = (25097940,25096260,25095418)
[ModelOptimizer] Fitness: 8.1023 | Elapsed: 51.18 sec
      82 |      8.10062543 |      8.10062543 |      20.5% ✓
[ModelOptimizer] Evaluating parameters: VectorD(1.00000,	3.52255,	-0.500000,	0.800000,	1.51662)

======================================================================
TRAFFIC MODEL BUILDER SUMMARY
======================================================================
Network:      US-101-N-DonaldDoyle
Segments:     7
Lanes:        4
Junctions:    8
Ramps:        2
Sensors:      5
Mode:         PeMS Data-Driven
Car-Following: IDM
ODE Solver:   Ballistic
Vmax:         35.0 m/s
======================================================================
Skipping Source actor due to time limit at clock = 43201.00125327633
Skipping Source actor due to time limit at clock = 43210.6788297557
-----------------------------
| Model.cleanup in progress |
-----------------------------
cleanup: agenda
cleanup: wait queues
coroutine counts = (25157697,25156013,25155169)
[ModelOptimizer] Fitness: 8.1022 | Elapsed: 55.74 sec
[ModelOptimizer] Evaluating parameters: VectorD(1.00000,	3.52255,	-0.500000,	0.800000,	1.51662)

======================================================================
TRAFFIC MODEL BUILDER SUMMARY
======================================================================
Network:      US-101-N-DonaldDoyle
Segments:     7
Lanes:        4
Junctions:    8
Ramps:        2
Sensors:      5
Mode:         PeMS Data-Driven
Car-Following: IDM
ODE Solver:   Ballistic
Vmax:         35.0 m/s
======================================================================
Skipping Source actor due to time limit at clock = 43201.00125327633
Skipping Source actor due to time limit at clock = 43210.6788297557
-----------------------------
| Model.cleanup in progress |
-----------------------------
cleanup: agenda
cleanup: wait queues
coroutine counts = (25217454,25215766,25214920)
[ModelOptimizer] Fitness: 8.1019 | Elapsed: 52.93 sec
[ModelOptimizer] Evaluating parameters: VectorD(1.00000,	3.52255,	-0.500000,	0.800000,	1.51662)

======================================================================
TRAFFIC MODEL BUILDER SUMMARY
======================================================================
Network:      US-101-N-DonaldDoyle
Segments:     7
Lanes:        4
Junctions:    8
Ramps:        2
Sensors:      5
Mode:         PeMS Data-Driven
Car-Following: IDM
ODE Solver:   Ballistic
Vmax:         35.0 m/s
======================================================================
Skipping Source actor due to time limit at clock = 43201.00125327633
Skipping Source actor due to time limit at clock = 43210.6788297557
-----------------------------
| Model.cleanup in progress |
-----------------------------
cleanup: agenda
cleanup: wait queues
coroutine counts = (25277211,25275519,25274671)
[ModelOptimizer] Fitness: 8.1019 | Elapsed: 54.09 sec
      83 |      8.10062543 |      8.10062543 |      20.8% ✓
[ModelOptimizer] Evaluating parameters: VectorD(1.00000,	3.52255,	-0.500000,	0.800000,	1.51662)

======================================================================
TRAFFIC MODEL BUILDER SUMMARY
======================================================================
Network:      US-101-N-DonaldDoyle
Segments:     7
Lanes:        4
Junctions:    8
Ramps:        2
Sensors:      5
Mode:         PeMS Data-Driven
Car-Following: IDM
ODE Solver:   Ballistic
Vmax:         35.0 m/s
======================================================================
Skipping Source actor due to time limit at clock = 43201.00125327633
Skipping Source actor due to time limit at clock = 43210.6788297557
-----------------------------
| Model.cleanup in progress |
-----------------------------
cleanup: agenda
cleanup: wait queues
coroutine counts = (25336968,25335272,25334422)
[ModelOptimizer] Fitness: 8.1018 | Elapsed: 54.19 sec
[ModelOptimizer] Evaluating parameters: VectorD(1.00000,	3.52255,	-0.500000,	0.800000,	1.51662)

======================================================================
TRAFFIC MODEL BUILDER SUMMARY
======================================================================
Network:      US-101-N-DonaldDoyle
Segments:     7
Lanes:        4
Junctions:    8
Ramps:        2
Sensors:      5
Mode:         PeMS Data-Driven
Car-Following: IDM
ODE Solver:   Ballistic
Vmax:         35.0 m/s
======================================================================
Skipping Source actor due to time limit at clock = 43201.00125327633
Skipping Source actor due to time limit at clock = 43210.6788297557
-----------------------------
| Model.cleanup in progress |
-----------------------------
cleanup: agenda
cleanup: wait queues
coroutine counts = (25396725,25395025,25394173)
[ModelOptimizer] Fitness: 8.1015 | Elapsed: 52.11 sec
[ModelOptimizer] Evaluating parameters: VectorD(1.00000,	3.52255,	-0.500000,	0.800000,	1.51662)

======================================================================
TRAFFIC MODEL BUILDER SUMMARY
======================================================================
Network:      US-101-N-DonaldDoyle
Segments:     7
Lanes:        4
Junctions:    8
Ramps:        2
Sensors:      5
Mode:         PeMS Data-Driven
Car-Following: IDM
ODE Solver:   Ballistic
Vmax:         35.0 m/s
======================================================================
Skipping Source actor due to time limit at clock = 43201.00125327633
Skipping Source actor due to time limit at clock = 43210.6788297557
-----------------------------
| Model.cleanup in progress |
-----------------------------
cleanup: agenda
cleanup: wait queues
coroutine counts = (25456482,25454778,25453924)
[ModelOptimizer] Fitness: 8.1015 | Elapsed: 56.11 sec
      84 |      8.10062543 |      8.10062543 |      21.0% ✓
[ModelOptimizer] Evaluating parameters: VectorD(1.00000,	3.52255,	-0.500000,	0.800000,	1.51662)

======================================================================
TRAFFIC MODEL BUILDER SUMMARY
======================================================================
Network:      US-101-N-DonaldDoyle
Segments:     7
Lanes:        4
Junctions:    8
Ramps:        2
Sensors:      5
Mode:         PeMS Data-Driven
Car-Following: IDM
ODE Solver:   Ballistic
Vmax:         35.0 m/s
======================================================================
Skipping Source actor due to time limit at clock = 43201.00125327633
Skipping Source actor due to time limit at clock = 43210.6788297557
-----------------------------
| Model.cleanup in progress |
-----------------------------
cleanup: agenda
cleanup: wait queues
coroutine counts = (25516239,25514531,25513675)
[ModelOptimizer] Fitness: 8.1016 | Elapsed: 51.85 sec
[ModelOptimizer] Evaluating parameters: VectorD(1.00000,	3.52255,	-0.500000,	0.800000,	1.51662)

======================================================================
TRAFFIC MODEL BUILDER SUMMARY
======================================================================
Network:      US-101-N-DonaldDoyle
Segments:     7
Lanes:        4
Junctions:    8
Ramps:        2
Sensors:      5
Mode:         PeMS Data-Driven
Car-Following: IDM
ODE Solver:   Ballistic
Vmax:         35.0 m/s
======================================================================
Skipping Source actor due to time limit at clock = 43201.00125327633
Skipping Source actor due to time limit at clock = 43210.6788297557
-----------------------------
| Model.cleanup in progress |
-----------------------------
cleanup: agenda
cleanup: wait queues
coroutine counts = (25575996,25574284,25573426)
[ModelOptimizer] Fitness: 8.1022 | Elapsed: 55.65 sec
[ModelOptimizer] Evaluating parameters: VectorD(1.00000,	3.52255,	-0.500000,	0.800000,	1.51662)

======================================================================
TRAFFIC MODEL BUILDER SUMMARY
======================================================================
Network:      US-101-N-DonaldDoyle
Segments:     7
Lanes:        4
Junctions:    8
Ramps:        2
Sensors:      5
Mode:         PeMS Data-Driven
Car-Following: IDM
ODE Solver:   Ballistic
Vmax:         35.0 m/s
======================================================================
Skipping Source actor due to time limit at clock = 43201.00125327633
Skipping Source actor due to time limit at clock = 43210.6788297557
-----------------------------
| Model.cleanup in progress |
-----------------------------
cleanup: agenda
cleanup: wait queues
coroutine counts = (25635753,25634037,25633177)
[ModelOptimizer] Fitness: 8.1018 | Elapsed: 54.80 sec
[ModelOptimizer] Evaluating parameters: VectorD(1.00000,	3.52255,	-0.500000,	0.800000,	1.51662)

======================================================================
TRAFFIC MODEL BUILDER SUMMARY
======================================================================
Network:      US-101-N-DonaldDoyle
Segments:     7
Lanes:        4
Junctions:    8
Ramps:        2
Sensors:      5
Mode:         PeMS Data-Driven
Car-Following: IDM
ODE Solver:   Ballistic
Vmax:         35.0 m/s
======================================================================
Skipping Source actor due to time limit at clock = 43201.00125327633
Skipping Source actor due to time limit at clock = 43210.6788297557
-----------------------------
| Model.cleanup in progress |
-----------------------------
cleanup: agenda
cleanup: wait queues
coroutine counts = (25695510,25693790,25692928)
[ModelOptimizer] Fitness: 8.1018 | Elapsed: 53.00 sec
      85 |      8.10062543 |      8.10062543 |      21.3% ✓
[ModelOptimizer] Evaluating parameters: VectorD(1.00000,	3.52255,	-0.500000,	0.800000,	1.51662)

======================================================================
TRAFFIC MODEL BUILDER SUMMARY
======================================================================
Network:      US-101-N-DonaldDoyle
Segments:     7
Lanes:        4
Junctions:    8
Ramps:        2
Sensors:      5
Mode:         PeMS Data-Driven
Car-Following: IDM
ODE Solver:   Ballistic
Vmax:         35.0 m/s
======================================================================
Skipping Source actor due to time limit at clock = 43201.00125327633
Skipping Source actor due to time limit at clock = 43210.6788297557
-----------------------------
| Model.cleanup in progress |
-----------------------------
cleanup: agenda
cleanup: wait queues
coroutine counts = (25755267,25753543,25752679)
[ModelOptimizer] Fitness: 8.1027 | Elapsed: 56.69 sec
[ModelOptimizer] Evaluating parameters: VectorD(1.00000,	3.52255,	-0.500000,	0.800000,	1.51662)

======================================================================
TRAFFIC MODEL BUILDER SUMMARY
======================================================================
Network:      US-101-N-DonaldDoyle
Segments:     7
Lanes:        4
Junctions:    8
Ramps:        2
Sensors:      5
Mode:         PeMS Data-Driven
Car-Following: IDM
ODE Solver:   Ballistic
Vmax:         35.0 m/s
======================================================================
Skipping Source actor due to time limit at clock = 43201.00125327633
Skipping Source actor due to time limit at clock = 43210.6788297557
-----------------------------
| Model.cleanup in progress |
-----------------------------
cleanup: agenda
cleanup: wait queues
coroutine counts = (25815024,25813296,25812430)
[ModelOptimizer] Fitness: 8.1016 | Elapsed: 52.65 sec
[ModelOptimizer] Evaluating parameters: VectorD(1.00000,	3.52255,	-0.500000,	0.800000,	1.51662)

======================================================================
TRAFFIC MODEL BUILDER SUMMARY
======================================================================
Network:      US-101-N-DonaldDoyle
Segments:     7
Lanes:        4
Junctions:    8
Ramps:        2
Sensors:      5
Mode:         PeMS Data-Driven
Car-Following: IDM
ODE Solver:   Ballistic
Vmax:         35.0 m/s
======================================================================
Skipping Source actor due to time limit at clock = 43201.00125327633
Skipping Source actor due to time limit at clock = 43210.6788297557
-----------------------------
| Model.cleanup in progress |
-----------------------------
cleanup: agenda
cleanup: wait queues
coroutine counts = (25874781,25873049,25872181)
[ModelOptimizer] Fitness: 8.1016 | Elapsed: 55.53 sec
      86 |      8.10062543 |      8.10062543 |      21.5% ✓
[ModelOptimizer] Evaluating parameters: VectorD(1.00000,	3.52255,	-0.500000,	0.800000,	1.51662)

======================================================================
TRAFFIC MODEL BUILDER SUMMARY
======================================================================
Network:      US-101-N-DonaldDoyle
Segments:     7
Lanes:        4
Junctions:    8
Ramps:        2
Sensors:      5
Mode:         PeMS Data-Driven
Car-Following: IDM
ODE Solver:   Ballistic
Vmax:         35.0 m/s
======================================================================
Skipping Source actor due to time limit at clock = 43201.00125327633
Skipping Source actor due to time limit at clock = 43210.6788297557
-----------------------------
| Model.cleanup in progress |
-----------------------------
cleanup: agenda
cleanup: wait queues
coroutine counts = (25934538,25932802,25931932)
[ModelOptimizer] Fitness: 8.1015 | Elapsed: 54.21 sec
[ModelOptimizer] Evaluating parameters: VectorD(1.00000,	3.52255,	-0.500000,	0.800000,	1.51662)

======================================================================
TRAFFIC MODEL BUILDER SUMMARY
======================================================================
Network:      US-101-N-DonaldDoyle
Segments:     7
Lanes:        4
Junctions:    8
Ramps:        2
Sensors:      5
Mode:         PeMS Data-Driven
Car-Following: IDM
ODE Solver:   Ballistic
Vmax:         35.0 m/s
======================================================================
Skipping Source actor due to time limit at clock = 43201.00125327633
Skipping Source actor due to time limit at clock = 43210.6788297557
-----------------------------
| Model.cleanup in progress |
-----------------------------
cleanup: agenda
cleanup: wait queues
coroutine counts = (25994295,25992555,25991683)
[ModelOptimizer] Fitness: 8.1021 | Elapsed: 52.58 sec
[ModelOptimizer] Evaluating parameters: VectorD(1.00000,	3.52255,	-0.500000,	0.800000,	1.51662)

======================================================================
TRAFFIC MODEL BUILDER SUMMARY
======================================================================
Network:      US-101-N-DonaldDoyle
Segments:     7
Lanes:        4
Junctions:    8
Ramps:        2
Sensors:      5
Mode:         PeMS Data-Driven
Car-Following: IDM
ODE Solver:   Ballistic
Vmax:         35.0 m/s
======================================================================
Skipping Source actor due to time limit at clock = 43201.00125327633
Skipping Source actor due to time limit at clock = 43210.6788297557
-----------------------------
| Model.cleanup in progress |
-----------------------------
cleanup: agenda
cleanup: wait queues
coroutine counts = (26054052,26052308,26051434)
[ModelOptimizer] Fitness: 8.1017 | Elapsed: 53.45 sec
[ModelOptimizer] Evaluating parameters: VectorD(1.00000,	3.52255,	-0.500000,	0.800000,	1.51662)

======================================================================
TRAFFIC MODEL BUILDER SUMMARY
======================================================================
Network:      US-101-N-DonaldDoyle
Segments:     7
Lanes:        4
Junctions:    8
Ramps:        2
Sensors:      5
Mode:         PeMS Data-Driven
Car-Following: IDM
ODE Solver:   Ballistic
Vmax:         35.0 m/s
======================================================================
Skipping Source actor due to time limit at clock = 43201.00125327633
Skipping Source actor due to time limit at clock = 43210.6788297557
-----------------------------
| Model.cleanup in progress |
-----------------------------
cleanup: agenda
cleanup: wait queues
coroutine counts = (26113809,26112061,26111185)
[ModelOptimizer] Fitness: 8.1017 | Elapsed: 54.15 sec
      87 |      8.10062543 |      8.10062543 |      21.8% ✓
[ModelOptimizer] Evaluating parameters: VectorD(1.00000,	3.52255,	-0.500000,	0.800000,	1.51662)

======================================================================
TRAFFIC MODEL BUILDER SUMMARY
======================================================================
Network:      US-101-N-DonaldDoyle
Segments:     7
Lanes:        4
Junctions:    8
Ramps:        2
Sensors:      5
Mode:         PeMS Data-Driven
Car-Following: IDM
ODE Solver:   Ballistic
Vmax:         35.0 m/s
======================================================================
Skipping Source actor due to time limit at clock = 43201.00125327633
Skipping Source actor due to time limit at clock = 43210.6788297557
-----------------------------
| Model.cleanup in progress |
-----------------------------
cleanup: agenda
cleanup: wait queues
coroutine counts = (26173566,26171814,26170936)
[ModelOptimizer] Fitness: 8.1015 | Elapsed: 56.20 sec
[ModelOptimizer] Evaluating parameters: VectorD(1.00000,	3.52255,	-0.500000,	0.800000,	1.51662)

======================================================================
TRAFFIC MODEL BUILDER SUMMARY
======================================================================
Network:      US-101-N-DonaldDoyle
Segments:     7
Lanes:        4
Junctions:    8
Ramps:        2
Sensors:      5
Mode:         PeMS Data-Driven
Car-Following: IDM
ODE Solver:   Ballistic
Vmax:         35.0 m/s
======================================================================
Skipping Source actor due to time limit at clock = 43201.00125327633
Skipping Source actor due to time limit at clock = 43210.6788297557
-----------------------------
| Model.cleanup in progress |
-----------------------------
cleanup: agenda
cleanup: wait queues
coroutine counts = (26233323,26231567,26230687)
[ModelOptimizer] Fitness: 8.1023 | Elapsed: 51.89 sec
[ModelOptimizer] Evaluating parameters: VectorD(1.00000,	3.52255,	-0.500000,	0.800000,	1.51662)

======================================================================
TRAFFIC MODEL BUILDER SUMMARY
======================================================================
Network:      US-101-N-DonaldDoyle
Segments:     7
Lanes:        4
Junctions:    8
Ramps:        2
Sensors:      5
Mode:         PeMS Data-Driven
Car-Following: IDM
ODE Solver:   Ballistic
Vmax:         35.0 m/s
======================================================================
Skipping Source actor due to time limit at clock = 43201.00125327633
Skipping Source actor due to time limit at clock = 43210.6788297557
-----------------------------
| Model.cleanup in progress |
-----------------------------
cleanup: agenda
cleanup: wait queues
coroutine counts = (26293080,26291320,26290438)
[ModelOptimizer] Fitness: 8.1024 | Elapsed: 55.57 sec
[ModelOptimizer] Evaluating parameters: VectorD(1.00000,	3.52255,	-0.500000,	0.800000,	1.51662)

======================================================================
TRAFFIC MODEL BUILDER SUMMARY
======================================================================
Network:      US-101-N-DonaldDoyle
Segments:     7
Lanes:        4
Junctions:    8
Ramps:        2
Sensors:      5
Mode:         PeMS Data-Driven
Car-Following: IDM
ODE Solver:   Ballistic
Vmax:         35.0 m/s
======================================================================
Skipping Source actor due to time limit at clock = 43201.00125327633
Skipping Source actor due to time limit at clock = 43210.6788297557
-----------------------------
| Model.cleanup in progress |
-----------------------------
cleanup: agenda
cleanup: wait queues
coroutine counts = (26352837,26351073,26350189)
[ModelOptimizer] Fitness: 8.1027 | Elapsed: 51.83 sec
[ModelOptimizer] Evaluating parameters: VectorD(1.00000,	3.52255,	-0.500000,	0.800000,	1.51662)

======================================================================
TRAFFIC MODEL BUILDER SUMMARY
======================================================================
Network:      US-101-N-DonaldDoyle
Segments:     7
Lanes:        4
Junctions:    8
Ramps:        2
Sensors:      5
Mode:         PeMS Data-Driven
Car-Following: IDM
ODE Solver:   Ballistic
Vmax:         35.0 m/s
======================================================================
Skipping Source actor due to time limit at clock = 43201.00125327633
Skipping Source actor due to time limit at clock = 43210.6788297557
-----------------------------
| Model.cleanup in progress |
-----------------------------
cleanup: agenda
cleanup: wait queues
coroutine counts = (26412594,26410826,26409940)
[ModelOptimizer] Fitness: 8.1019 | Elapsed: 55.90 sec
[ModelOptimizer] Evaluating parameters: VectorD(1.00000,	3.52255,	-0.500000,	0.800000,	1.51662)

======================================================================
TRAFFIC MODEL BUILDER SUMMARY
======================================================================
Network:      US-101-N-DonaldDoyle
Segments:     7
Lanes:        4
Junctions:    8
Ramps:        2
Sensors:      5
Mode:         PeMS Data-Driven
Car-Following: IDM
ODE Solver:   Ballistic
Vmax:         35.0 m/s
======================================================================
Skipping Source actor due to time limit at clock = 43201.00125327633
Skipping Source actor due to time limit at clock = 43210.6788297557
-----------------------------
| Model.cleanup in progress |
-----------------------------
cleanup: agenda
cleanup: wait queues
coroutine counts = (26472351,26470579,26469691)
[ModelOptimizer] Fitness: 8.1014 | Elapsed: 54.87 sec
[ModelOptimizer] Evaluating parameters: VectorD(1.00000,	3.52255,	-0.500000,	0.800000,	1.51662)

======================================================================
TRAFFIC MODEL BUILDER SUMMARY
======================================================================
Network:      US-101-N-DonaldDoyle
Segments:     7
Lanes:        4
Junctions:    8
Ramps:        2
Sensors:      5
Mode:         PeMS Data-Driven
Car-Following: IDM
ODE Solver:   Ballistic
Vmax:         35.0 m/s
======================================================================
Skipping Source actor due to time limit at clock = 43201.00125327633
Skipping Source actor due to time limit at clock = 43210.6788297557
-----------------------------
| Model.cleanup in progress |
-----------------------------
cleanup: agenda
cleanup: wait queues
coroutine counts = (26532108,26530332,26529442)
[ModelOptimizer] Fitness: 8.1016 | Elapsed: 52.71 sec
[ModelOptimizer] Evaluating parameters: VectorD(1.00000,	3.52255,	-0.500000,	0.800000,	1.51662)

======================================================================
TRAFFIC MODEL BUILDER SUMMARY
======================================================================
Network:      US-101-N-DonaldDoyle
Segments:     7
Lanes:        4
Junctions:    8
Ramps:        2
Sensors:      5
Mode:         PeMS Data-Driven
Car-Following: IDM
ODE Solver:   Ballistic
Vmax:         35.0 m/s
======================================================================
Skipping Source actor due to time limit at clock = 43201.00125327633
Skipping Source actor due to time limit at clock = 43210.6788297557
-----------------------------
| Model.cleanup in progress |
-----------------------------
cleanup: agenda
cleanup: wait queues
coroutine counts = (26591865,26590085,26589193)
[ModelOptimizer] Fitness: 8.1021 | Elapsed: 53.81 sec
[ModelOptimizer] Evaluating parameters: VectorD(1.00000,	3.52255,	-0.500000,	0.800000,	1.51662)

======================================================================
TRAFFIC MODEL BUILDER SUMMARY
======================================================================
Network:      US-101-N-DonaldDoyle
Segments:     7
Lanes:        4
Junctions:    8
Ramps:        2
Sensors:      5
Mode:         PeMS Data-Driven
Car-Following: IDM
ODE Solver:   Ballistic
Vmax:         35.0 m/s
======================================================================
Skipping Source actor due to time limit at clock = 43201.00125327633
Skipping Source actor due to time limit at clock = 43210.6788297557
-----------------------------
| Model.cleanup in progress |
-----------------------------
cleanup: agenda
cleanup: wait queues
coroutine counts = (26651622,26649838,26648944)
[ModelOptimizer] Fitness: 8.1008 | Elapsed: 53.80 sec
[ModelOptimizer] Evaluating parameters: VectorD(1.00000,	3.52255,	-0.500000,	0.800000,	1.51662)

======================================================================
TRAFFIC MODEL BUILDER SUMMARY
======================================================================
Network:      US-101-N-DonaldDoyle
Segments:     7
Lanes:        4
Junctions:    8
Ramps:        2
Sensors:      5
Mode:         PeMS Data-Driven
Car-Following: IDM
ODE Solver:   Ballistic
Vmax:         35.0 m/s
======================================================================
Skipping Source actor due to time limit at clock = 43201.00125327633
Skipping Source actor due to time limit at clock = 43210.6788297557
-----------------------------
| Model.cleanup in progress |
-----------------------------
cleanup: agenda
cleanup: wait queues
coroutine counts = (26711379,26709591,26708695)
[ModelOptimizer] Fitness: 8.1013 | Elapsed: 50.42 sec
[ModelOptimizer] Evaluating parameters: VectorD(1.00000,	3.52255,	-0.500000,	0.800000,	1.51662)

======================================================================
TRAFFIC MODEL BUILDER SUMMARY
======================================================================
Network:      US-101-N-DonaldDoyle
Segments:     7
Lanes:        4
Junctions:    8
Ramps:        2
Sensors:      5
Mode:         PeMS Data-Driven
Car-Following: IDM
ODE Solver:   Ballistic
Vmax:         35.0 m/s
======================================================================
Skipping Source actor due to time limit at clock = 43201.00125327633
Skipping Source actor due to time limit at clock = 43210.6788297557
-----------------------------
| Model.cleanup in progress |
-----------------------------
cleanup: agenda
cleanup: wait queues
coroutine counts = (26771136,26769344,26768446)
[ModelOptimizer] Fitness: 8.1013 | Elapsed: 56.31 sec
      88 |      8.10062543 |      8.10062543 |      22.0% ✓
[ModelOptimizer] Evaluating parameters: VectorD(1.00000,	3.52255,	-0.500000,	0.800000,	1.51662)

======================================================================
TRAFFIC MODEL BUILDER SUMMARY
======================================================================
Network:      US-101-N-DonaldDoyle
Segments:     7
Lanes:        4
Junctions:    8
Ramps:        2
Sensors:      5
Mode:         PeMS Data-Driven
Car-Following: IDM
ODE Solver:   Ballistic
Vmax:         35.0 m/s
======================================================================
Skipping Source actor due to time limit at clock = 43201.00125327633
Skipping Source actor due to time limit at clock = 43210.6788297557
-----------------------------
| Model.cleanup in progress |
-----------------------------
cleanup: agenda
cleanup: wait queues
coroutine counts = (26830893,26829097,26828197)
[ModelOptimizer] Fitness: 8.1014 | Elapsed: 55.52 sec
[ModelOptimizer] Evaluating parameters: VectorD(1.00000,	3.52255,	-0.500000,	0.800000,	1.51662)

======================================================================
TRAFFIC MODEL BUILDER SUMMARY
======================================================================
Network:      US-101-N-DonaldDoyle
Segments:     7
Lanes:        4
Junctions:    8
Ramps:        2
Sensors:      5
Mode:         PeMS Data-Driven
Car-Following: IDM
ODE Solver:   Ballistic
Vmax:         35.0 m/s
======================================================================
Skipping Source actor due to time limit at clock = 43201.00125327633
Skipping Source actor due to time limit at clock = 43210.6788297557
-----------------------------
| Model.cleanup in progress |
-----------------------------
cleanup: agenda
cleanup: wait queues
coroutine counts = (26890650,26888850,26887948)
[ModelOptimizer] Fitness: 8.1011 | Elapsed: 53.14 sec
[ModelOptimizer] Evaluating parameters: VectorD(1.00000,	3.52255,	-0.500000,	0.800000,	1.51662)

======================================================================
TRAFFIC MODEL BUILDER SUMMARY
======================================================================
Network:      US-101-N-DonaldDoyle
Segments:     7
Lanes:        4
Junctions:    8
Ramps:        2
Sensors:      5
Mode:         PeMS Data-Driven
Car-Following: IDM
ODE Solver:   Ballistic
Vmax:         35.0 m/s
======================================================================
Skipping Source actor due to time limit at clock = 43201.00125327633
Skipping Source actor due to time limit at clock = 43210.6788297557
-----------------------------
| Model.cleanup in progress |
-----------------------------
cleanup: agenda
cleanup: wait queues
coroutine counts = (26950407,26948603,26947699)
[ModelOptimizer] Fitness: 8.1011 | Elapsed: 54.92 sec
      89 |      8.10062543 |      8.10062543 |      22.3% ✓
[ModelOptimizer] Evaluating parameters: VectorD(1.00000,	3.52255,	-0.500000,	0.800000,	1.51662)

======================================================================
TRAFFIC MODEL BUILDER SUMMARY
======================================================================
Network:      US-101-N-DonaldDoyle
Segments:     7
Lanes:        4
Junctions:    8
Ramps:        2
Sensors:      5
Mode:         PeMS Data-Driven
Car-Following: IDM
ODE Solver:   Ballistic
Vmax:         35.0 m/s
======================================================================
Skipping Source actor due to time limit at clock = 43201.00125327633
Skipping Source actor due to time limit at clock = 43210.6788297557
-----------------------------
| Model.cleanup in progress |
-----------------------------
cleanup: agenda
cleanup: wait queues
coroutine counts = (27010164,27008356,27007450)
[ModelOptimizer] Fitness: 8.1012 | Elapsed: 51.29 sec
[ModelOptimizer] Evaluating parameters: VectorD(1.00000,	3.52255,	-0.500000,	0.800000,	1.51662)

======================================================================
TRAFFIC MODEL BUILDER SUMMARY
======================================================================
Network:      US-101-N-DonaldDoyle
Segments:     7
Lanes:        4
Junctions:    8
Ramps:        2
Sensors:      5
Mode:         PeMS Data-Driven
Car-Following: IDM
ODE Solver:   Ballistic
Vmax:         35.0 m/s
======================================================================
Skipping Source actor due to time limit at clock = 43201.00125327633
Skipping Source actor due to time limit at clock = 43210.6788297557
-----------------------------
| Model.cleanup in progress |
-----------------------------
cleanup: agenda
cleanup: wait queues
coroutine counts = (27069921,27068109,27067201)
[ModelOptimizer] Fitness: 8.1025 | Elapsed: 51.71 sec
[ModelOptimizer] Evaluating parameters: VectorD(1.00000,	3.52255,	-0.500000,	0.800000,	1.51662)

======================================================================
TRAFFIC MODEL BUILDER SUMMARY
======================================================================
Network:      US-101-N-DonaldDoyle
Segments:     7
Lanes:        4
Junctions:    8
Ramps:        2
Sensors:      5
Mode:         PeMS Data-Driven
Car-Following: IDM
ODE Solver:   Ballistic
Vmax:         35.0 m/s
======================================================================
Skipping Source actor due to time limit at clock = 43201.00125327633
Skipping Source actor due to time limit at clock = 43210.6788297557
-----------------------------
| Model.cleanup in progress |
-----------------------------
cleanup: agenda
cleanup: wait queues
coroutine counts = (27129678,27127862,27126952)
[ModelOptimizer] Fitness: 8.1017 | Elapsed: 56.60 sec
[ModelOptimizer] Evaluating parameters: VectorD(1.00000,	3.52255,	-0.500000,	0.800000,	1.51662)

======================================================================
TRAFFIC MODEL BUILDER SUMMARY
======================================================================
Network:      US-101-N-DonaldDoyle
Segments:     7
Lanes:        4
Junctions:    8
Ramps:        2
Sensors:      5
Mode:         PeMS Data-Driven
Car-Following: IDM
ODE Solver:   Ballistic
Vmax:         35.0 m/s
======================================================================
Skipping Source actor due to time limit at clock = 43201.00125327633
Skipping Source actor due to time limit at clock = 43210.6788297557
-----------------------------
| Model.cleanup in progress |
-----------------------------
cleanup: agenda
cleanup: wait queues
coroutine counts = (27189435,27187615,27186703)
[ModelOptimizer] Fitness: 8.1017 | Elapsed: 52.93 sec
      90 |      8.10062543 |      8.10062543 |      22.5% ✓
[ModelOptimizer] Evaluating parameters: VectorD(1.00000,	3.52255,	-0.500000,	0.800000,	1.51662)

======================================================================
TRAFFIC MODEL BUILDER SUMMARY
======================================================================
Network:      US-101-N-DonaldDoyle
Segments:     7
Lanes:        4
Junctions:    8
Ramps:        2
Sensors:      5
Mode:         PeMS Data-Driven
Car-Following: IDM
ODE Solver:   Ballistic
Vmax:         35.0 m/s
======================================================================
Skipping Source actor due to time limit at clock = 43201.00125327633
Skipping Source actor due to time limit at clock = 43210.6788297557
-----------------------------
| Model.cleanup in progress |
-----------------------------
cleanup: agenda
cleanup: wait queues
coroutine counts = (27249192,27247368,27246454)
[ModelOptimizer] Fitness: 8.1012 | Elapsed: 54.14 sec
[ModelOptimizer] Evaluating parameters: VectorD(1.00000,	3.52255,	-0.500000,	0.800000,	1.51662)

======================================================================
TRAFFIC MODEL BUILDER SUMMARY
======================================================================
Network:      US-101-N-DonaldDoyle
Segments:     7
Lanes:        4
Junctions:    8
Ramps:        2
Sensors:      5
Mode:         PeMS Data-Driven
Car-Following: IDM
ODE Solver:   Ballistic
Vmax:         35.0 m/s
======================================================================
Skipping Source actor due to time limit at clock = 43201.00125327633
Skipping Source actor due to time limit at clock = 43210.6788297557
-----------------------------
| Model.cleanup in progress |
-----------------------------
cleanup: agenda
cleanup: wait queues
coroutine counts = (27308949,27307121,27306205)
[ModelOptimizer] Fitness: 8.1015 | Elapsed: 52.72 sec
[ModelOptimizer] Evaluating parameters: VectorD(1.00000,	3.52255,	-0.500000,	0.800000,	1.51662)

======================================================================
TRAFFIC MODEL BUILDER SUMMARY
======================================================================
Network:      US-101-N-DonaldDoyle
Segments:     7
Lanes:        4
Junctions:    8
Ramps:        2
Sensors:      5
Mode:         PeMS Data-Driven
Car-Following: IDM
ODE Solver:   Ballistic
Vmax:         35.0 m/s
======================================================================
Skipping Source actor due to time limit at clock = 43201.00125327633
Skipping Source actor due to time limit at clock = 43210.6788297557
-----------------------------
| Model.cleanup in progress |
-----------------------------
cleanup: agenda
cleanup: wait queues
coroutine counts = (27368706,27366874,27365956)
[ModelOptimizer] Fitness: 8.1015 | Elapsed: 55.90 sec
      91 |      8.10062543 |      8.10062543 |      22.8% ✓
[ModelOptimizer] Evaluating parameters: VectorD(1.00000,	3.52255,	-0.500000,	0.800000,	1.51662)

======================================================================
TRAFFIC MODEL BUILDER SUMMARY
======================================================================
Network:      US-101-N-DonaldDoyle
Segments:     7
Lanes:        4
Junctions:    8
Ramps:        2
Sensors:      5
Mode:         PeMS Data-Driven
Car-Following: IDM
ODE Solver:   Ballistic
Vmax:         35.0 m/s
======================================================================
Skipping Source actor due to time limit at clock = 43201.00125327633
Skipping Source actor due to time limit at clock = 43210.6788297557
-----------------------------
| Model.cleanup in progress |
-----------------------------
cleanup: agenda
cleanup: wait queues
coroutine counts = (27428463,27426627,27425707)
[ModelOptimizer] Fitness: 8.1014 | Elapsed: 50.17 sec
[ModelOptimizer] Evaluating parameters: VectorD(1.00000,	3.52255,	-0.500000,	0.800000,	1.51662)

======================================================================
TRAFFIC MODEL BUILDER SUMMARY
======================================================================
Network:      US-101-N-DonaldDoyle
Segments:     7
Lanes:        4
Junctions:    8
Ramps:        2
Sensors:      5
Mode:         PeMS Data-Driven
Car-Following: IDM
ODE Solver:   Ballistic
Vmax:         35.0 m/s
======================================================================
Skipping Source actor due to time limit at clock = 43201.00125327633
Skipping Source actor due to time limit at clock = 43210.6788297557
-----------------------------
| Model.cleanup in progress |
-----------------------------
cleanup: agenda
cleanup: wait queues
coroutine counts = (27488220,27486380,27485458)
[ModelOptimizer] Fitness: 8.1025 | Elapsed: 57.26 sec
[ModelOptimizer] Evaluating parameters: VectorD(1.00000,	3.52255,	-0.500000,	0.800000,	1.51662)

======================================================================
TRAFFIC MODEL BUILDER SUMMARY
======================================================================
Network:      US-101-N-DonaldDoyle
Segments:     7
Lanes:        4
Junctions:    8
Ramps:        2
Sensors:      5
Mode:         PeMS Data-Driven
Car-Following: IDM
ODE Solver:   Ballistic
Vmax:         35.0 m/s
======================================================================
Skipping Source actor due to time limit at clock = 43201.00125327633
Skipping Source actor due to time limit at clock = 43210.6788297557
-----------------------------
| Model.cleanup in progress |
-----------------------------
cleanup: agenda
cleanup: wait queues
coroutine counts = (27547977,27546133,27545209)
[ModelOptimizer] Fitness: 8.1016 | Elapsed: 55.16 sec
[ModelOptimizer] Evaluating parameters: VectorD(1.00000,	3.52255,	-0.500000,	0.800000,	1.51662)

======================================================================
TRAFFIC MODEL BUILDER SUMMARY
======================================================================
Network:      US-101-N-DonaldDoyle
Segments:     7
Lanes:        4
Junctions:    8
Ramps:        2
Sensors:      5
Mode:         PeMS Data-Driven
Car-Following: IDM
ODE Solver:   Ballistic
Vmax:         35.0 m/s
======================================================================
Skipping Source actor due to time limit at clock = 43201.00125327633
Skipping Source actor due to time limit at clock = 43210.6788297557
-----------------------------
| Model.cleanup in progress |
-----------------------------
cleanup: agenda
cleanup: wait queues
coroutine counts = (27607734,27605886,27604960)
[ModelOptimizer] Fitness: 8.1016 | Elapsed: 52.57 sec
      92 |      8.10062543 |      8.10062543 |      23.0% ✓
[ModelOptimizer] Evaluating parameters: VectorD(1.00000,	3.52255,	-0.500000,	0.800000,	1.51662)

======================================================================
TRAFFIC MODEL BUILDER SUMMARY
======================================================================
Network:      US-101-N-DonaldDoyle
Segments:     7
Lanes:        4
Junctions:    8
Ramps:        2
Sensors:      5
Mode:         PeMS Data-Driven
Car-Following: IDM
ODE Solver:   Ballistic
Vmax:         35.0 m/s
======================================================================
Skipping Source actor due to time limit at clock = 43201.00125327633
Skipping Source actor due to time limit at clock = 43210.6788297557
-----------------------------
| Model.cleanup in progress |
-----------------------------
cleanup: agenda
cleanup: wait queues
coroutine counts = (27667491,27665639,27664711)
[ModelOptimizer] Fitness: 8.1014 | Elapsed: 55.35 sec
[ModelOptimizer] Evaluating parameters: VectorD(1.00000,	3.52255,	-0.500000,	0.800000,	1.51662)

======================================================================
TRAFFIC MODEL BUILDER SUMMARY
======================================================================
Network:      US-101-N-DonaldDoyle
Segments:     7
Lanes:        4
Junctions:    8
Ramps:        2
Sensors:      5
Mode:         PeMS Data-Driven
Car-Following: IDM
ODE Solver:   Ballistic
Vmax:         35.0 m/s
======================================================================
Skipping Source actor due to time limit at clock = 43201.00125327633
Skipping Source actor due to time limit at clock = 43210.6788297557
-----------------------------
| Model.cleanup in progress |
-----------------------------
cleanup: agenda
cleanup: wait queues
coroutine counts = (27727248,27725392,27724462)
[ModelOptimizer] Fitness: 8.1011 | Elapsed: 52.32 sec
[ModelOptimizer] Evaluating parameters: VectorD(1.00000,	3.52255,	-0.500000,	0.800000,	1.51662)

======================================================================
TRAFFIC MODEL BUILDER SUMMARY
======================================================================
Network:      US-101-N-DonaldDoyle
Segments:     7
Lanes:        4
Junctions:    8
Ramps:        2
Sensors:      5
Mode:         PeMS Data-Driven
Car-Following: IDM
ODE Solver:   Ballistic
Vmax:         35.0 m/s
======================================================================
Skipping Source actor due to time limit at clock = 43201.00125327633
Skipping Source actor due to time limit at clock = 43210.6788297557
-----------------------------
| Model.cleanup in progress |
-----------------------------
cleanup: agenda
cleanup: wait queues
coroutine counts = (27787005,27785145,27784213)
[ModelOptimizer] Fitness: 8.1011 | Elapsed: 55.73 sec
      93 |      8.10062543 |      8.10062543 |      23.3% ✓
[ModelOptimizer] Evaluating parameters: VectorD(1.00000,	3.52255,	-0.500000,	0.800000,	1.51662)

======================================================================
TRAFFIC MODEL BUILDER SUMMARY
======================================================================
Network:      US-101-N-DonaldDoyle
Segments:     7
Lanes:        4
Junctions:    8
Ramps:        2
Sensors:      5
Mode:         PeMS Data-Driven
Car-Following: IDM
ODE Solver:   Ballistic
Vmax:         35.0 m/s
======================================================================
Skipping Source actor due to time limit at clock = 43201.00125327633
Skipping Source actor due to time limit at clock = 43210.6788297557
-----------------------------
| Model.cleanup in progress |
-----------------------------
cleanup: agenda
cleanup: wait queues
coroutine counts = (27846762,27844898,27843964)
[ModelOptimizer] Fitness: 8.1028 | Elapsed: 55.91 sec
[ModelOptimizer] Evaluating parameters: VectorD(1.00000,	3.52255,	-0.500000,	0.800000,	1.51662)

======================================================================
TRAFFIC MODEL BUILDER SUMMARY
======================================================================
Network:      US-101-N-DonaldDoyle
Segments:     7
Lanes:        4
Junctions:    8
Ramps:        2
Sensors:      5
Mode:         PeMS Data-Driven
Car-Following: IDM
ODE Solver:   Ballistic
Vmax:         35.0 m/s
======================================================================
Skipping Source actor due to time limit at clock = 43201.00125327633
Skipping Source actor due to time limit at clock = 43210.6788297557
-----------------------------
| Model.cleanup in progress |
-----------------------------
cleanup: agenda
cleanup: wait queues
coroutine counts = (27906519,27904651,27903715)
[ModelOptimizer] Fitness: 8.1013 | Elapsed: 52.64 sec
[ModelOptimizer] Evaluating parameters: VectorD(1.00000,	3.52255,	-0.500000,	0.800000,	1.51662)

======================================================================
TRAFFIC MODEL BUILDER SUMMARY
======================================================================
Network:      US-101-N-DonaldDoyle
Segments:     7
Lanes:        4
Junctions:    8
Ramps:        2
Sensors:      5
Mode:         PeMS Data-Driven
Car-Following: IDM
ODE Solver:   Ballistic
Vmax:         35.0 m/s
======================================================================
Skipping Source actor due to time limit at clock = 43201.00125327633
Skipping Source actor due to time limit at clock = 43210.6788297557
-----------------------------
| Model.cleanup in progress |
-----------------------------
cleanup: agenda
cleanup: wait queues
coroutine counts = (27966276,27964404,27963466)
[ModelOptimizer] Fitness: 8.1013 | Elapsed: 55.28 sec
      94 |      8.10062543 |      8.10062543 |      23.5% ✓
[ModelOptimizer] Evaluating parameters: VectorD(1.00000,	3.52255,	-0.500000,	0.800000,	1.51662)

======================================================================
TRAFFIC MODEL BUILDER SUMMARY
======================================================================
Network:      US-101-N-DonaldDoyle
Segments:     7
Lanes:        4
Junctions:    8
Ramps:        2
Sensors:      5
Mode:         PeMS Data-Driven
Car-Following: IDM
ODE Solver:   Ballistic
Vmax:         35.0 m/s
======================================================================
Skipping Source actor due to time limit at clock = 43201.00125327633
Skipping Source actor due to time limit at clock = 43210.6788297557
-----------------------------
| Model.cleanup in progress |
-----------------------------
cleanup: agenda
cleanup: wait queues
coroutine counts = (28026033,28024157,28023217)
[ModelOptimizer] Fitness: 8.1018 | Elapsed: 52.05 sec
[ModelOptimizer] Evaluating parameters: VectorD(1.00000,	3.52255,	-0.500000,	0.800000,	1.51662)

======================================================================
TRAFFIC MODEL BUILDER SUMMARY
======================================================================
Network:      US-101-N-DonaldDoyle
Segments:     7
Lanes:        4
Junctions:    8
Ramps:        2
Sensors:      5
Mode:         PeMS Data-Driven
Car-Following: IDM
ODE Solver:   Ballistic
Vmax:         35.0 m/s
======================================================================
Skipping Source actor due to time limit at clock = 43201.00125327633
Skipping Source actor due to time limit at clock = 43210.6788297557
-----------------------------
| Model.cleanup in progress |
-----------------------------
cleanup: agenda
cleanup: wait queues
coroutine counts = (28085790,28083910,28082968)
[ModelOptimizer] Fitness: 8.1019 | Elapsed: 51.87 sec
[ModelOptimizer] Evaluating parameters: VectorD(1.00000,	3.52255,	-0.500000,	0.800000,	1.51662)

======================================================================
TRAFFIC MODEL BUILDER SUMMARY
======================================================================
Network:      US-101-N-DonaldDoyle
Segments:     7
Lanes:        4
Junctions:    8
Ramps:        2
Sensors:      5
Mode:         PeMS Data-Driven
Car-Following: IDM
ODE Solver:   Ballistic
Vmax:         35.0 m/s
======================================================================
Skipping Source actor due to time limit at clock = 43201.00125327633
Skipping Source actor due to time limit at clock = 43210.6788297557
-----------------------------
| Model.cleanup in progress |
-----------------------------
cleanup: agenda
cleanup: wait queues
coroutine counts = (28145547,28143663,28142719)
[ModelOptimizer] Fitness: 8.1014 | Elapsed: 56.32 sec
[ModelOptimizer] Evaluating parameters: VectorD(1.00000,	3.52255,	-0.500000,	0.800000,	1.51662)

======================================================================
TRAFFIC MODEL BUILDER SUMMARY
======================================================================
Network:      US-101-N-DonaldDoyle
Segments:     7
Lanes:        4
Junctions:    8
Ramps:        2
Sensors:      5
Mode:         PeMS Data-Driven
Car-Following: IDM
ODE Solver:   Ballistic
Vmax:         35.0 m/s
======================================================================
Skipping Source actor due to time limit at clock = 43201.00125327633
Skipping Source actor due to time limit at clock = 43210.6788297557
-----------------------------
| Model.cleanup in progress |
-----------------------------
cleanup: agenda
cleanup: wait queues
coroutine counts = (28205304,28203416,28202470)
[ModelOptimizer] Fitness: 8.1027 | Elapsed: 54.57 sec
[ModelOptimizer] Evaluating parameters: VectorD(1.00000,	3.52255,	-0.500000,	0.800000,	1.51662)

======================================================================
TRAFFIC MODEL BUILDER SUMMARY
======================================================================
Network:      US-101-N-DonaldDoyle
Segments:     7
Lanes:        4
Junctions:    8
Ramps:        2
Sensors:      5
Mode:         PeMS Data-Driven
Car-Following: IDM
ODE Solver:   Ballistic
Vmax:         35.0 m/s
======================================================================
Skipping Source actor due to time limit at clock = 43201.00125327633
Skipping Source actor due to time limit at clock = 43210.6788297557
-----------------------------
| Model.cleanup in progress |
-----------------------------
cleanup: agenda
cleanup: wait queues
coroutine counts = (28265061,28263169,28262221)
[ModelOptimizer] Fitness: 8.1024 | Elapsed: 54.58 sec
[ModelOptimizer] Evaluating parameters: VectorD(1.00000,	3.52255,	-0.500000,	0.800000,	1.51662)

======================================================================
TRAFFIC MODEL BUILDER SUMMARY
======================================================================
Network:      US-101-N-DonaldDoyle
Segments:     7
Lanes:        4
Junctions:    8
Ramps:        2
Sensors:      5
Mode:         PeMS Data-Driven
Car-Following: IDM
ODE Solver:   Ballistic
Vmax:         35.0 m/s
======================================================================
Skipping Source actor due to time limit at clock = 43201.00125327633
Skipping Source actor due to time limit at clock = 43210.6788297557
-----------------------------
| Model.cleanup in progress |
-----------------------------
cleanup: agenda
cleanup: wait queues
coroutine counts = (28324818,28322922,28321972)
[ModelOptimizer] Fitness: 8.1023 | Elapsed: 54.27 sec
[ModelOptimizer] Evaluating parameters: VectorD(1.00000,	3.52255,	-0.500000,	0.800000,	1.51662)

======================================================================
TRAFFIC MODEL BUILDER SUMMARY
======================================================================
Network:      US-101-N-DonaldDoyle
Segments:     7
Lanes:        4
Junctions:    8
Ramps:        2
Sensors:      5
Mode:         PeMS Data-Driven
Car-Following: IDM
ODE Solver:   Ballistic
Vmax:         35.0 m/s
======================================================================
Skipping Source actor due to time limit at clock = 43201.00125327633
Skipping Source actor due to time limit at clock = 43210.6788297557
-----------------------------
| Model.cleanup in progress |
-----------------------------
cleanup: agenda
cleanup: wait queues
coroutine counts = (28384575,28382675,28381723)
[ModelOptimizer] Fitness: 8.1024 | Elapsed: 53.38 sec
[ModelOptimizer] Evaluating parameters: VectorD(1.00000,	3.52255,	-0.500000,	0.800000,	1.51662)

======================================================================
TRAFFIC MODEL BUILDER SUMMARY
======================================================================
Network:      US-101-N-DonaldDoyle
Segments:     7
Lanes:        4
Junctions:    8
Ramps:        2
Sensors:      5
Mode:         PeMS Data-Driven
Car-Following: IDM
ODE Solver:   Ballistic
Vmax:         35.0 m/s
======================================================================
Skipping Source actor due to time limit at clock = 43201.00125327633
Skipping Source actor due to time limit at clock = 43210.6788297557
-----------------------------
| Model.cleanup in progress |
-----------------------------
cleanup: agenda
cleanup: wait queues
coroutine counts = (28444332,28442428,28441474)
[ModelOptimizer] Fitness: 8.1014 | Elapsed: 56.01 sec
[ModelOptimizer] Evaluating parameters: VectorD(1.00000,	3.52255,	-0.500000,	0.800000,	1.51662)

======================================================================
TRAFFIC MODEL BUILDER SUMMARY
======================================================================
Network:      US-101-N-DonaldDoyle
Segments:     7
Lanes:        4
Junctions:    8
Ramps:        2
Sensors:      5
Mode:         PeMS Data-Driven
Car-Following: IDM
ODE Solver:   Ballistic
Vmax:         35.0 m/s
======================================================================
Skipping Source actor due to time limit at clock = 43201.00125327633
Skipping Source actor due to time limit at clock = 43210.6788297557
-----------------------------
| Model.cleanup in progress |
-----------------------------
cleanup: agenda
cleanup: wait queues
coroutine counts = (28504089,28502181,28501225)
[ModelOptimizer] Fitness: 8.1018 | Elapsed: 52.89 sec
[ModelOptimizer] Evaluating parameters: VectorD(1.00000,	3.52255,	-0.500000,	0.800000,	1.51662)

======================================================================
TRAFFIC MODEL BUILDER SUMMARY
======================================================================
Network:      US-101-N-DonaldDoyle
Segments:     7
Lanes:        4
Junctions:    8
Ramps:        2
Sensors:      5
Mode:         PeMS Data-Driven
Car-Following: IDM
ODE Solver:   Ballistic
Vmax:         35.0 m/s
======================================================================
Skipping Source actor due to time limit at clock = 43201.00125327633
Skipping Source actor due to time limit at clock = 43210.6788297557
-----------------------------
| Model.cleanup in progress |
-----------------------------
cleanup: agenda
cleanup: wait queues
coroutine counts = (28563846,28561934,28560976)
[ModelOptimizer] Fitness: 8.1017 | Elapsed: 55.77 sec
[ModelOptimizer] Evaluating parameters: VectorD(1.00000,	3.52255,	-0.500000,	0.800000,	1.51662)

======================================================================
TRAFFIC MODEL BUILDER SUMMARY
======================================================================
Network:      US-101-N-DonaldDoyle
Segments:     7
Lanes:        4
Junctions:    8
Ramps:        2
Sensors:      5
Mode:         PeMS Data-Driven
Car-Following: IDM
ODE Solver:   Ballistic
Vmax:         35.0 m/s
======================================================================
Skipping Source actor due to time limit at clock = 43201.00125327633
Skipping Source actor due to time limit at clock = 43210.6788297557
-----------------------------
| Model.cleanup in progress |
-----------------------------
cleanup: agenda
cleanup: wait queues
coroutine counts = (28623603,28621687,28620727)
[ModelOptimizer] Fitness: 8.1017 | Elapsed: 53.66 sec
      95 |      8.10062543 |      8.10062543 |      23.8% ✓
[ModelOptimizer] Evaluating parameters: VectorD(1.00000,	3.52255,	-0.500000,	0.800000,	1.51662)

======================================================================
TRAFFIC MODEL BUILDER SUMMARY
======================================================================
Network:      US-101-N-DonaldDoyle
Segments:     7
Lanes:        4
Junctions:    8
Ramps:        2
Sensors:      5
Mode:         PeMS Data-Driven
Car-Following: IDM
ODE Solver:   Ballistic
Vmax:         35.0 m/s
======================================================================
Skipping Source actor due to time limit at clock = 43201.00125327633
Skipping Source actor due to time limit at clock = 43210.6788297557
-----------------------------
| Model.cleanup in progress |
-----------------------------
cleanup: agenda
cleanup: wait queues
coroutine counts = (28683360,28681440,28680478)
[ModelOptimizer] Fitness: 8.1021 | Elapsed: 54.65 sec
[ModelOptimizer] Evaluating parameters: VectorD(1.00000,	3.52255,	-0.500000,	0.800000,	1.51662)

======================================================================
TRAFFIC MODEL BUILDER SUMMARY
======================================================================
Network:      US-101-N-DonaldDoyle
Segments:     7
Lanes:        4
Junctions:    8
Ramps:        2
Sensors:      5
Mode:         PeMS Data-Driven
Car-Following: IDM
ODE Solver:   Ballistic
Vmax:         35.0 m/s
======================================================================
Skipping Source actor due to time limit at clock = 43201.00125327633
Skipping Source actor due to time limit at clock = 43210.6788297557
-----------------------------
| Model.cleanup in progress |
-----------------------------
cleanup: agenda
cleanup: wait queues
coroutine counts = (28743117,28741193,28740229)
[ModelOptimizer] Fitness: 8.1013 | Elapsed: 51.15 sec
[ModelOptimizer] Evaluating parameters: VectorD(1.00000,	3.52255,	-0.500000,	0.800000,	1.51662)

======================================================================
TRAFFIC MODEL BUILDER SUMMARY
======================================================================
Network:      US-101-N-DonaldDoyle
Segments:     7
Lanes:        4
Junctions:    8
Ramps:        2
Sensors:      5
Mode:         PeMS Data-Driven
Car-Following: IDM
ODE Solver:   Ballistic
Vmax:         35.0 m/s
======================================================================
Skipping Source actor due to time limit at clock = 43201.00125327633
Skipping Source actor due to time limit at clock = 43210.6788297557
-----------------------------
| Model.cleanup in progress |
-----------------------------
cleanup: agenda
cleanup: wait queues
coroutine counts = (28802874,28800946,28799980)
[ModelOptimizer] Fitness: 8.1013 | Elapsed: 56.94 sec
      96 |      8.10062543 |      8.10062543 |      24.0% ✓
[ModelOptimizer] Evaluating parameters: VectorD(1.00000,	3.52255,	-0.500000,	0.800000,	1.51662)

======================================================================
TRAFFIC MODEL BUILDER SUMMARY
======================================================================
Network:      US-101-N-DonaldDoyle
Segments:     7
Lanes:        4
Junctions:    8
Ramps:        2
Sensors:      5
Mode:         PeMS Data-Driven
Car-Following: IDM
ODE Solver:   Ballistic
Vmax:         35.0 m/s
======================================================================
Skipping Source actor due to time limit at clock = 43201.00125327633
Skipping Source actor due to time limit at clock = 43210.6788297557
-----------------------------
| Model.cleanup in progress |
-----------------------------
cleanup: agenda
cleanup: wait queues
coroutine counts = (28862631,28860699,28859731)
[ModelOptimizer] Fitness: 8.1016 | Elapsed: 54.39 sec
[ModelOptimizer] Evaluating parameters: VectorD(1.00000,	3.52255,	-0.500000,	0.800000,	1.51662)

======================================================================
TRAFFIC MODEL BUILDER SUMMARY
======================================================================
Network:      US-101-N-DonaldDoyle
Segments:     7
Lanes:        4
Junctions:    8
Ramps:        2
Sensors:      5
Mode:         PeMS Data-Driven
Car-Following: IDM
ODE Solver:   Ballistic
Vmax:         35.0 m/s
======================================================================
Skipping Source actor due to time limit at clock = 43201.00125327633
Skipping Source actor due to time limit at clock = 43210.6788297557
-----------------------------
| Model.cleanup in progress |
-----------------------------
cleanup: agenda
cleanup: wait queues
coroutine counts = (28922388,28920452,28919482)
[ModelOptimizer] Fitness: 8.1018 | Elapsed: 53.32 sec
[ModelOptimizer] Evaluating parameters: VectorD(1.00000,	3.52255,	-0.500000,	0.800000,	1.51662)

======================================================================
TRAFFIC MODEL BUILDER SUMMARY
======================================================================
Network:      US-101-N-DonaldDoyle
Segments:     7
Lanes:        4
Junctions:    8
Ramps:        2
Sensors:      5
Mode:         PeMS Data-Driven
Car-Following: IDM
ODE Solver:   Ballistic
Vmax:         35.0 m/s
======================================================================
Skipping Source actor due to time limit at clock = 43201.00125327633
Skipping Source actor due to time limit at clock = 43210.6788297557
-----------------------------
| Model.cleanup in progress |
-----------------------------
cleanup: agenda
cleanup: wait queues
coroutine counts = (28982145,28980205,28979233)
[ModelOptimizer] Fitness: 8.1018 | Elapsed: 55.95 sec
      97 |      8.10062543 |      8.10062543 |      24.3% ✓
[ModelOptimizer] Evaluating parameters: VectorD(1.00000,	3.52255,	-0.500000,	0.800000,	1.51662)

======================================================================
TRAFFIC MODEL BUILDER SUMMARY
======================================================================
Network:      US-101-N-DonaldDoyle
Segments:     7
Lanes:        4
Junctions:    8
Ramps:        2
Sensors:      5
Mode:         PeMS Data-Driven
Car-Following: IDM
ODE Solver:   Ballistic
Vmax:         35.0 m/s
======================================================================
Skipping Source actor due to time limit at clock = 43201.00125327633
Skipping Source actor due to time limit at clock = 43210.6788297557
-----------------------------
| Model.cleanup in progress |
-----------------------------
cleanup: agenda
cleanup: wait queues
coroutine counts = (29041902,29039958,29038984)
[ModelOptimizer] Fitness: 8.1021 | Elapsed: 53.91 sec
[ModelOptimizer] Evaluating parameters: VectorD(1.00000,	3.52255,	-0.500000,	0.800000,	1.51662)

======================================================================
TRAFFIC MODEL BUILDER SUMMARY
======================================================================
Network:      US-101-N-DonaldDoyle
Segments:     7
Lanes:        4
Junctions:    8
Ramps:        2
Sensors:      5
Mode:         PeMS Data-Driven
Car-Following: IDM
ODE Solver:   Ballistic
Vmax:         35.0 m/s
======================================================================
Skipping Source actor due to time limit at clock = 43201.00125327633
Skipping Source actor due to time limit at clock = 43210.6788297557
-----------------------------
| Model.cleanup in progress |
-----------------------------
cleanup: agenda
cleanup: wait queues
coroutine counts = (29101659,29099711,29098735)
[ModelOptimizer] Fitness: 8.1019 | Elapsed: 60.67 sec
[ModelOptimizer] Evaluating parameters: VectorD(1.00000,	3.52255,	-0.500000,	0.800000,	1.51662)

======================================================================
TRAFFIC MODEL BUILDER SUMMARY
======================================================================
Network:      US-101-N-DonaldDoyle
Segments:     7
Lanes:        4
Junctions:    8
Ramps:        2
Sensors:      5
Mode:         PeMS Data-Driven
Car-Following: IDM
ODE Solver:   Ballistic
Vmax:         35.0 m/s
======================================================================
Skipping Source actor due to time limit at clock = 43201.00125327633
Skipping Source actor due to time limit at clock = 43210.6788297557
-----------------------------
| Model.cleanup in progress |
-----------------------------
cleanup: agenda
cleanup: wait queues
coroutine counts = (29161416,29159464,29158486)
[ModelOptimizer] Fitness: 8.1021 | Elapsed: 53.66 sec
[ModelOptimizer] Evaluating parameters: VectorD(1.00000,	3.52255,	-0.500000,	0.800000,	1.51662)

======================================================================
TRAFFIC MODEL BUILDER SUMMARY
======================================================================
Network:      US-101-N-DonaldDoyle
Segments:     7
Lanes:        4
Junctions:    8
Ramps:        2
Sensors:      5
Mode:         PeMS Data-Driven
Car-Following: IDM
ODE Solver:   Ballistic
Vmax:         35.0 m/s
======================================================================
Skipping Source actor due to time limit at clock = 43201.00125327633
Skipping Source actor due to time limit at clock = 43210.6788297557
-----------------------------
| Model.cleanup in progress |
-----------------------------
cleanup: agenda
cleanup: wait queues
coroutine counts = (29221173,29219217,29218237)
[ModelOptimizer] Fitness: 8.1017 | Elapsed: 55.51 sec
[ModelOptimizer] Evaluating parameters: VectorD(1.00000,	3.52255,	-0.500000,	0.800000,	1.51662)

======================================================================
TRAFFIC MODEL BUILDER SUMMARY
======================================================================
Network:      US-101-N-DonaldDoyle
Segments:     7
Lanes:        4
Junctions:    8
Ramps:        2
Sensors:      5
Mode:         PeMS Data-Driven
Car-Following: IDM
ODE Solver:   Ballistic
Vmax:         35.0 m/s
======================================================================
Skipping Source actor due to time limit at clock = 43201.00125327633
Skipping Source actor due to time limit at clock = 43210.6788297557
-----------------------------
| Model.cleanup in progress |
-----------------------------
cleanup: agenda
cleanup: wait queues
coroutine counts = (29280930,29278970,29277988)
[ModelOptimizer] Fitness: 8.1017 | Elapsed: 53.85 sec
[ModelOptimizer] Evaluating parameters: VectorD(1.00000,	3.52255,	-0.500000,	0.800000,	1.51662)

======================================================================
TRAFFIC MODEL BUILDER SUMMARY
======================================================================
Network:      US-101-N-DonaldDoyle
Segments:     7
Lanes:        4
Junctions:    8
Ramps:        2
Sensors:      5
Mode:         PeMS Data-Driven
Car-Following: IDM
ODE Solver:   Ballistic
Vmax:         35.0 m/s
======================================================================
Skipping Source actor due to time limit at clock = 43201.00125327633
Skipping Source actor due to time limit at clock = 43210.6788297557
-----------------------------
| Model.cleanup in progress |
-----------------------------
cleanup: agenda
cleanup: wait queues
coroutine counts = (29340687,29338723,29337739)
[ModelOptimizer] Fitness: 8.1023 | Elapsed: 54.20 sec
[ModelOptimizer] Evaluating parameters: VectorD(1.00000,	3.52255,	-0.500000,	0.800000,	1.51662)

======================================================================
TRAFFIC MODEL BUILDER SUMMARY
======================================================================
Network:      US-101-N-DonaldDoyle
Segments:     7
Lanes:        4
Junctions:    8
Ramps:        2
Sensors:      5
Mode:         PeMS Data-Driven
Car-Following: IDM
ODE Solver:   Ballistic
Vmax:         35.0 m/s
======================================================================
Skipping Source actor due to time limit at clock = 43201.00125327633
Skipping Source actor due to time limit at clock = 43210.6788297557
-----------------------------
| Model.cleanup in progress |
-----------------------------
cleanup: agenda
cleanup: wait queues
coroutine counts = (29400444,29398476,29397490)
[ModelOptimizer] Fitness: 8.1016 | Elapsed: 56.28 sec
[ModelOptimizer] Evaluating parameters: VectorD(1.00000,	3.52255,	-0.500000,	0.800000,	1.51662)

======================================================================
TRAFFIC MODEL BUILDER SUMMARY
======================================================================
Network:      US-101-N-DonaldDoyle
Segments:     7
Lanes:        4
Junctions:    8
Ramps:        2
Sensors:      5
Mode:         PeMS Data-Driven
Car-Following: IDM
ODE Solver:   Ballistic
Vmax:         35.0 m/s
======================================================================
Skipping Source actor due to time limit at clock = 43201.00125327633
Skipping Source actor due to time limit at clock = 43210.6788297557
-----------------------------
| Model.cleanup in progress |
-----------------------------
cleanup: agenda
cleanup: wait queues
coroutine counts = (29460201,29458229,29457241)
[ModelOptimizer] Fitness: 8.1014 | Elapsed: 52.28 sec
[ModelOptimizer] Evaluating parameters: VectorD(1.00000,	3.52255,	-0.500000,	0.800000,	1.51662)

======================================================================
TRAFFIC MODEL BUILDER SUMMARY
======================================================================
Network:      US-101-N-DonaldDoyle
Segments:     7
Lanes:        4
Junctions:    8
Ramps:        2
Sensors:      5
Mode:         PeMS Data-Driven
Car-Following: IDM
ODE Solver:   Ballistic
Vmax:         35.0 m/s
======================================================================
Skipping Source actor due to time limit at clock = 43201.00125327633
Skipping Source actor due to time limit at clock = 43210.6788297557
-----------------------------
| Model.cleanup in progress |
-----------------------------
cleanup: agenda
cleanup: wait queues
coroutine counts = (29519958,29517982,29516992)
[ModelOptimizer] Fitness: 8.1012 | Elapsed: 55.77 sec
[ModelOptimizer] Evaluating parameters: VectorD(1.00000,	3.52255,	-0.500000,	0.800000,	1.51662)

======================================================================
TRAFFIC MODEL BUILDER SUMMARY
======================================================================
Network:      US-101-N-DonaldDoyle
Segments:     7
Lanes:        4
Junctions:    8
Ramps:        2
Sensors:      5
Mode:         PeMS Data-Driven
Car-Following: IDM
ODE Solver:   Ballistic
Vmax:         35.0 m/s
======================================================================
Skipping Source actor due to time limit at clock = 43201.00125327633
Skipping Source actor due to time limit at clock = 43210.6788297557
-----------------------------
| Model.cleanup in progress |
-----------------------------
cleanup: agenda
cleanup: wait queues
coroutine counts = (29579715,29577735,29576743)
[ModelOptimizer] Fitness: 8.1014 | Elapsed: 52.34 sec
[ModelOptimizer] Evaluating parameters: VectorD(1.00000,	3.52255,	-0.500000,	0.800000,	1.51662)

======================================================================
TRAFFIC MODEL BUILDER SUMMARY
======================================================================
Network:      US-101-N-DonaldDoyle
Segments:     7
Lanes:        4
Junctions:    8
Ramps:        2
Sensors:      5
Mode:         PeMS Data-Driven
Car-Following: IDM
ODE Solver:   Ballistic
Vmax:         35.0 m/s
======================================================================
Skipping Source actor due to time limit at clock = 43201.00125327633
Skipping Source actor due to time limit at clock = 43210.6788297557
-----------------------------
| Model.cleanup in progress |
-----------------------------
cleanup: agenda
cleanup: wait queues
coroutine counts = (29639472,29637488,29636494)
[ModelOptimizer] Fitness: 8.1014 | Elapsed: 56.33 sec
      98 |      8.10062543 |      8.10062543 |      24.5% ✓
[ModelOptimizer] Evaluating parameters: VectorD(1.00000,	3.52255,	-0.500000,	0.800000,	1.51662)

======================================================================
TRAFFIC MODEL BUILDER SUMMARY
======================================================================
Network:      US-101-N-DonaldDoyle
Segments:     7
Lanes:        4
Junctions:    8
Ramps:        2
Sensors:      5
Mode:         PeMS Data-Driven
Car-Following: IDM
ODE Solver:   Ballistic
Vmax:         35.0 m/s
======================================================================
Skipping Source actor due to time limit at clock = 43201.00125327633
Skipping Source actor due to time limit at clock = 43210.6788297557
-----------------------------
| Model.cleanup in progress |
-----------------------------
cleanup: agenda
cleanup: wait queues
coroutine counts = (29699229,29697241,29696245)
[ModelOptimizer] Fitness: 8.1011 | Elapsed: 55.85 sec
[ModelOptimizer] Evaluating parameters: VectorD(1.00000,	3.52255,	-0.500000,	0.800000,	1.51662)

======================================================================
TRAFFIC MODEL BUILDER SUMMARY
======================================================================
Network:      US-101-N-DonaldDoyle
Segments:     7
Lanes:        4
Junctions:    8
Ramps:        2
Sensors:      5
Mode:         PeMS Data-Driven
Car-Following: IDM
ODE Solver:   Ballistic
Vmax:         35.0 m/s
======================================================================
Skipping Source actor due to time limit at clock = 43201.00125327633
Skipping Source actor due to time limit at clock = 43210.6788297557
-----------------------------
| Model.cleanup in progress |
-----------------------------
cleanup: agenda
cleanup: wait queues
coroutine counts = (29758986,29756994,29755996)
[ModelOptimizer] Fitness: 8.1025 | Elapsed: 51.96 sec
[ModelOptimizer] Evaluating parameters: VectorD(1.00000,	3.52255,	-0.500000,	0.800000,	1.51662)

======================================================================
TRAFFIC MODEL BUILDER SUMMARY
======================================================================
Network:      US-101-N-DonaldDoyle
Segments:     7
Lanes:        4
Junctions:    8
Ramps:        2
Sensors:      5
Mode:         PeMS Data-Driven
Car-Following: IDM
ODE Solver:   Ballistic
Vmax:         35.0 m/s
======================================================================
Skipping Source actor due to time limit at clock = 43201.00125327633
Skipping Source actor due to time limit at clock = 43210.6788297557
-----------------------------
| Model.cleanup in progress |
-----------------------------
cleanup: agenda
cleanup: wait queues
coroutine counts = (29818743,29816747,29815747)
[ModelOptimizer] Fitness: 8.1015 | Elapsed: 53.29 sec
[ModelOptimizer] Evaluating parameters: VectorD(1.00000,	3.52255,	-0.500000,	0.800000,	1.51662)

======================================================================
TRAFFIC MODEL BUILDER SUMMARY
======================================================================
Network:      US-101-N-DonaldDoyle
Segments:     7
Lanes:        4
Junctions:    8
Ramps:        2
Sensors:      5
Mode:         PeMS Data-Driven
Car-Following: IDM
ODE Solver:   Ballistic
Vmax:         35.0 m/s
======================================================================
Skipping Source actor due to time limit at clock = 43201.00125327633
Skipping Source actor due to time limit at clock = 43210.6788297557
-----------------------------
| Model.cleanup in progress |
-----------------------------
cleanup: agenda
cleanup: wait queues
coroutine counts = (29878500,29876500,29875498)
[ModelOptimizer] Fitness: 8.1015 | Elapsed: 54.92 sec
      99 |      8.10062543 |      8.10062543 |      24.8% ✓
[ModelOptimizer] Evaluating parameters: VectorD(1.00000,	3.52255,	-0.500000,	0.800000,	1.51662)

======================================================================
TRAFFIC MODEL BUILDER SUMMARY
======================================================================
Network:      US-101-N-DonaldDoyle
Segments:     7
Lanes:        4
Junctions:    8
Ramps:        2
Sensors:      5
Mode:         PeMS Data-Driven
Car-Following: IDM
ODE Solver:   Ballistic
Vmax:         35.0 m/s
======================================================================
Skipping Source actor due to time limit at clock = 43201.00125327633
Skipping Source actor due to time limit at clock = 43210.6788297557
-----------------------------
| Model.cleanup in progress |
-----------------------------
cleanup: agenda
cleanup: wait queues
coroutine counts = (29938257,29936253,29935249)
[ModelOptimizer] Fitness: 8.1012 | Elapsed: 56.02 sec
[ModelOptimizer] Evaluating parameters: VectorD(1.00000,	3.52255,	-0.500000,	0.800000,	1.51662)

======================================================================
TRAFFIC MODEL BUILDER SUMMARY
======================================================================
Network:      US-101-N-DonaldDoyle
Segments:     7
Lanes:        4
Junctions:    8
Ramps:        2
Sensors:      5
Mode:         PeMS Data-Driven
Car-Following: IDM
ODE Solver:   Ballistic
Vmax:         35.0 m/s
======================================================================
Skipping Source actor due to time limit at clock = 43201.00125327633
Skipping Source actor due to time limit at clock = 43210.6788297557
-----------------------------
| Model.cleanup in progress |
-----------------------------
cleanup: agenda
cleanup: wait queues
coroutine counts = (29998014,29996006,29995000)
[ModelOptimizer] Fitness: 8.1007 | Elapsed: 52.11 sec
[ModelOptimizer] Evaluating parameters: VectorD(1.00000,	3.52255,	-0.500000,	0.800000,	1.51662)

======================================================================
TRAFFIC MODEL BUILDER SUMMARY
======================================================================
Network:      US-101-N-DonaldDoyle
Segments:     7
Lanes:        4
Junctions:    8
Ramps:        2
Sensors:      5
Mode:         PeMS Data-Driven
Car-Following: IDM
ODE Solver:   Ballistic
Vmax:         35.0 m/s
======================================================================
Skipping Source actor due to time limit at clock = 43201.00125327633
Skipping Source actor due to time limit at clock = 43210.6788297557
-----------------------------
| Model.cleanup in progress |
-----------------------------
cleanup: agenda
cleanup: wait queues
coroutine counts = (30057771,30055759,30054751)
[ModelOptimizer] Fitness: 8.1007 | Elapsed: 52.42 sec
     100 |      8.10062543 |      8.10062543 |      25.0% ✓
[ModelOptimizer] Evaluating parameters: VectorD(1.00000,	3.52255,	-0.500000,	0.800000,	1.51662)

======================================================================
TRAFFIC MODEL BUILDER SUMMARY
======================================================================
Network:      US-101-N-DonaldDoyle
Segments:     7
Lanes:        4
Junctions:    8
Ramps:        2
Sensors:      5
Mode:         PeMS Data-Driven
Car-Following: IDM
ODE Solver:   Ballistic
Vmax:         35.0 m/s
======================================================================
Skipping Source actor due to time limit at clock = 43201.00125327633
Skipping Source actor due to time limit at clock = 43210.6788297557
-----------------------------
| Model.cleanup in progress |
-----------------------------
cleanup: agenda
cleanup: wait queues
coroutine counts = (30117528,30115512,30114502)
[ModelOptimizer] Fitness: 8.1018 | Elapsed: 56.57 sec
[ModelOptimizer] Evaluating parameters: VectorD(1.00000,	3.52255,	-0.500000,	0.800000,	1.51662)

======================================================================
TRAFFIC MODEL BUILDER SUMMARY
======================================================================
Network:      US-101-N-DonaldDoyle
Segments:     7
Lanes:        4
Junctions:    8
Ramps:        2
Sensors:      5
Mode:         PeMS Data-Driven
Car-Following: IDM
ODE Solver:   Ballistic
Vmax:         35.0 m/s
======================================================================
Skipping Source actor due to time limit at clock = 43201.00125327633
Skipping Source actor due to time limit at clock = 43210.6788297557
-----------------------------
| Model.cleanup in progress |
-----------------------------
cleanup: agenda
cleanup: wait queues
coroutine counts = (30177285,30175265,30174253)
[ModelOptimizer] Fitness: 8.1014 | Elapsed: 53.25 sec
[ModelOptimizer] Evaluating parameters: VectorD(1.00000,	3.52255,	-0.500000,	0.800000,	1.51662)

======================================================================
TRAFFIC MODEL BUILDER SUMMARY
======================================================================
Network:      US-101-N-DonaldDoyle
Segments:     7
Lanes:        4
Junctions:    8
Ramps:        2
Sensors:      5
Mode:         PeMS Data-Driven
Car-Following: IDM
ODE Solver:   Ballistic
Vmax:         35.0 m/s
======================================================================
Skipping Source actor due to time limit at clock = 43201.00125327633
Skipping Source actor due to time limit at clock = 43210.6788297557
-----------------------------
| Model.cleanup in progress |
-----------------------------
cleanup: agenda
cleanup: wait queues
coroutine counts = (30237042,30235018,30234004)
[ModelOptimizer] Fitness: 8.1014 | Elapsed: 55.61 sec
     101 |      8.10062543 |      8.10062543 |      25.3% ✓
[ModelOptimizer] Evaluating parameters: VectorD(1.00000,	3.52255,	-0.500000,	0.800000,	1.51662)

======================================================================
TRAFFIC MODEL BUILDER SUMMARY
======================================================================
Network:      US-101-N-DonaldDoyle
Segments:     7
Lanes:        4
Junctions:    8
Ramps:        2
Sensors:      5
Mode:         PeMS Data-Driven
Car-Following: IDM
ODE Solver:   Ballistic
Vmax:         35.0 m/s
======================================================================
Skipping Source actor due to time limit at clock = 43201.00125327633
Skipping Source actor due to time limit at clock = 43210.6788297557
-----------------------------
| Model.cleanup in progress |
-----------------------------
cleanup: agenda
cleanup: wait queues
coroutine counts = (30296799,30294771,30293755)
[ModelOptimizer] Fitness: 8.1013 | Elapsed: 52.24 sec
[ModelOptimizer] Evaluating parameters: VectorD(1.00000,	3.52255,	-0.500000,	0.800000,	1.51662)

======================================================================
TRAFFIC MODEL BUILDER SUMMARY
======================================================================
Network:      US-101-N-DonaldDoyle
Segments:     7
Lanes:        4
Junctions:    8
Ramps:        2
Sensors:      5
Mode:         PeMS Data-Driven
Car-Following: IDM
ODE Solver:   Ballistic
Vmax:         35.0 m/s
======================================================================
Skipping Source actor due to time limit at clock = 43201.00125327633
Skipping Source actor due to time limit at clock = 43210.6788297557
-----------------------------
| Model.cleanup in progress |
-----------------------------
cleanup: agenda
cleanup: wait queues
coroutine counts = (30356556,30354524,30353506)
[ModelOptimizer] Fitness: 8.1003 | Elapsed: 55.95 sec
[ModelOptimizer] Evaluating parameters: VectorD(1.00000,	3.52255,	-0.500000,	0.800000,	1.51662)

======================================================================
TRAFFIC MODEL BUILDER SUMMARY
======================================================================
Network:      US-101-N-DonaldDoyle
Segments:     7
Lanes:        4
Junctions:    8
Ramps:        2
Sensors:      5
Mode:         PeMS Data-Driven
Car-Following: IDM
ODE Solver:   Ballistic
Vmax:         35.0 m/s
======================================================================
Skipping Source actor due to time limit at clock = 43201.00125327633
Skipping Source actor due to time limit at clock = 43210.6788297557
-----------------------------
| Model.cleanup in progress |
-----------------------------
cleanup: agenda
cleanup: wait queues
coroutine counts = (30416313,30414277,30413257)
[ModelOptimizer] Fitness: 8.1014 | Elapsed: 53.93 sec
[ModelOptimizer] Evaluating parameters: VectorD(1.00000,	3.52255,	-0.500000,	0.800000,	1.51662)

======================================================================
TRAFFIC MODEL BUILDER SUMMARY
======================================================================
Network:      US-101-N-DonaldDoyle
Segments:     7
Lanes:        4
Junctions:    8
Ramps:        2
Sensors:      5
Mode:         PeMS Data-Driven
Car-Following: IDM
ODE Solver:   Ballistic
Vmax:         35.0 m/s
======================================================================
Skipping Source actor due to time limit at clock = 43201.00125327633
Skipping Source actor due to time limit at clock = 43210.6788297557
-----------------------------
| Model.cleanup in progress |
-----------------------------
cleanup: agenda
cleanup: wait queues
coroutine counts = (30476070,30474030,30473008)
[ModelOptimizer] Fitness: 8.1003 | Elapsed: 54.55 sec
     102 |      8.10062543 |      8.10062543 |      25.5% ✓
[ModelOptimizer] Evaluating parameters: VectorD(1.00000,	3.52255,	-0.500000,	0.800000,	1.51662)

======================================================================
TRAFFIC MODEL BUILDER SUMMARY
======================================================================
Network:      US-101-N-DonaldDoyle
Segments:     7
Lanes:        4
Junctions:    8
Ramps:        2
Sensors:      5
Mode:         PeMS Data-Driven
Car-Following: IDM
ODE Solver:   Ballistic
Vmax:         35.0 m/s
======================================================================
Skipping Source actor due to time limit at clock = 43201.00125327633
Skipping Source actor due to time limit at clock = 43210.6788297557
-----------------------------
| Model.cleanup in progress |
-----------------------------
cleanup: agenda
cleanup: wait queues
coroutine counts = (30535827,30533783,30532759)
[ModelOptimizer] Fitness: 8.1018 | Elapsed: 55.88 sec
[ModelOptimizer] Evaluating parameters: VectorD(1.00000,	3.52255,	-0.500000,	0.800000,	1.51662)

======================================================================
TRAFFIC MODEL BUILDER SUMMARY
======================================================================
Network:      US-101-N-DonaldDoyle
Segments:     7
Lanes:        4
Junctions:    8
Ramps:        2
Sensors:      5
Mode:         PeMS Data-Driven
Car-Following: IDM
ODE Solver:   Ballistic
Vmax:         35.0 m/s
======================================================================
Skipping Source actor due to time limit at clock = 43201.00125327633
Skipping Source actor due to time limit at clock = 43210.6788297557
-----------------------------
| Model.cleanup in progress |
-----------------------------
cleanup: agenda
cleanup: wait queues
coroutine counts = (30595584,30593536,30592510)
[ModelOptimizer] Fitness: 8.1011 | Elapsed: 52.39 sec
[ModelOptimizer] Evaluating parameters: VectorD(1.00000,	3.52255,	-0.500000,	0.800000,	1.51662)

======================================================================
TRAFFIC MODEL BUILDER SUMMARY
======================================================================
Network:      US-101-N-DonaldDoyle
Segments:     7
Lanes:        4
Junctions:    8
Ramps:        2
Sensors:      5
Mode:         PeMS Data-Driven
Car-Following: IDM
ODE Solver:   Ballistic
Vmax:         35.0 m/s
======================================================================
Skipping Source actor due to time limit at clock = 43201.00125327633
Skipping Source actor due to time limit at clock = 43210.6788297557
-----------------------------
| Model.cleanup in progress |
-----------------------------
cleanup: agenda
cleanup: wait queues
coroutine counts = (30655341,30653289,30652261)
[ModelOptimizer] Fitness: 8.1011 | Elapsed: 55.42 sec
     103 |      8.10029721 |      8.10029721 |      25.8% ✓
[ModelOptimizer] Evaluating parameters: VectorD(1.00000,	3.52255,	-0.500000,	0.800000,	1.51662)

======================================================================
TRAFFIC MODEL BUILDER SUMMARY
======================================================================
Network:      US-101-N-DonaldDoyle
Segments:     7
Lanes:        4
Junctions:    8
Ramps:        2
Sensors:      5
Mode:         PeMS Data-Driven
Car-Following: IDM
ODE Solver:   Ballistic
Vmax:         35.0 m/s
======================================================================
Skipping Source actor due to time limit at clock = 43201.00125327633
Skipping Source actor due to time limit at clock = 43210.6788297557
-----------------------------
| Model.cleanup in progress |
-----------------------------
cleanup: agenda
cleanup: wait queues
coroutine counts = (30715098,30713042,30712012)
[ModelOptimizer] Fitness: 8.1019 | Elapsed: 53.88 sec
[ModelOptimizer] Evaluating parameters: VectorD(1.00000,	3.52255,	-0.500000,	0.800000,	1.51662)

======================================================================
TRAFFIC MODEL BUILDER SUMMARY
======================================================================
Network:      US-101-N-DonaldDoyle
Segments:     7
Lanes:        4
Junctions:    8
Ramps:        2
Sensors:      5
Mode:         PeMS Data-Driven
Car-Following: IDM
ODE Solver:   Ballistic
Vmax:         35.0 m/s
======================================================================
Skipping Source actor due to time limit at clock = 43201.00125327633
Skipping Source actor due to time limit at clock = 43210.6788297557
-----------------------------
| Model.cleanup in progress |
-----------------------------
cleanup: agenda
cleanup: wait queues
coroutine counts = (30774855,30772795,30771763)
[ModelOptimizer] Fitness: 8.1015 | Elapsed: 54.43 sec
[ModelOptimizer] Evaluating parameters: VectorD(1.00000,	3.52255,	-0.500000,	0.800000,	1.51662)

======================================================================
TRAFFIC MODEL BUILDER SUMMARY
======================================================================
Network:      US-101-N-DonaldDoyle
Segments:     7
Lanes:        4
Junctions:    8
Ramps:        2
Sensors:      5
Mode:         PeMS Data-Driven
Car-Following: IDM
ODE Solver:   Ballistic
Vmax:         35.0 m/s
======================================================================
Skipping Source actor due to time limit at clock = 43201.00125327633
Skipping Source actor due to time limit at clock = 43210.6788297557
-----------------------------
| Model.cleanup in progress |
-----------------------------
cleanup: agenda
cleanup: wait queues
coroutine counts = (30834612,30832548,30831514)
[ModelOptimizer] Fitness: 8.1027 | Elapsed: 53.81 sec
[ModelOptimizer] Evaluating parameters: VectorD(1.00000,	3.52255,	-0.500000,	0.800000,	1.51662)

======================================================================
TRAFFIC MODEL BUILDER SUMMARY
======================================================================
Network:      US-101-N-DonaldDoyle
Segments:     7
Lanes:        4
Junctions:    8
Ramps:        2
Sensors:      5
Mode:         PeMS Data-Driven
Car-Following: IDM
ODE Solver:   Ballistic
Vmax:         35.0 m/s
======================================================================
Skipping Source actor due to time limit at clock = 43201.00125327633
Skipping Source actor due to time limit at clock = 43210.6788297557
-----------------------------
| Model.cleanup in progress |
-----------------------------
cleanup: agenda
cleanup: wait queues
coroutine counts = (30894369,30892301,30891265)
[ModelOptimizer] Fitness: 8.1019 | Elapsed: 54.83 sec
[ModelOptimizer] Evaluating parameters: VectorD(1.00000,	3.52255,	-0.500000,	0.800000,	1.51662)

======================================================================
TRAFFIC MODEL BUILDER SUMMARY
======================================================================
Network:      US-101-N-DonaldDoyle
Segments:     7
Lanes:        4
Junctions:    8
Ramps:        2
Sensors:      5
Mode:         PeMS Data-Driven
Car-Following: IDM
ODE Solver:   Ballistic
Vmax:         35.0 m/s
======================================================================
Skipping Source actor due to time limit at clock = 43201.00125327633
Skipping Source actor due to time limit at clock = 43210.6788297557
-----------------------------
| Model.cleanup in progress |
-----------------------------
cleanup: agenda
cleanup: wait queues
coroutine counts = (30954126,30952054,30951016)
[ModelOptimizer] Fitness: 8.1020 | Elapsed: 57.38 sec
[ModelOptimizer] Evaluating parameters: VectorD(1.00000,	3.52255,	-0.500000,	0.800000,	1.51662)

======================================================================
TRAFFIC MODEL BUILDER SUMMARY
======================================================================
Network:      US-101-N-DonaldDoyle
Segments:     7
Lanes:        4
Junctions:    8
Ramps:        2
Sensors:      5
Mode:         PeMS Data-Driven
Car-Following: IDM
ODE Solver:   Ballistic
Vmax:         35.0 m/s
======================================================================
Skipping Source actor due to time limit at clock = 43201.00125327633
Skipping Source actor due to time limit at clock = 43210.6788297557
-----------------------------
| Model.cleanup in progress |
-----------------------------
cleanup: agenda
cleanup: wait queues
coroutine counts = (31013883,31011807,31010767)
[ModelOptimizer] Fitness: 8.1014 | Elapsed: 52.91 sec
[ModelOptimizer] Evaluating parameters: VectorD(1.00000,	3.52255,	-0.500000,	0.800000,	1.51662)

======================================================================
TRAFFIC MODEL BUILDER SUMMARY
======================================================================
Network:      US-101-N-DonaldDoyle
Segments:     7
Lanes:        4
Junctions:    8
Ramps:        2
Sensors:      5
Mode:         PeMS Data-Driven
Car-Following: IDM
ODE Solver:   Ballistic
Vmax:         35.0 m/s
======================================================================
Skipping Source actor due to time limit at clock = 43201.00125327633
Skipping Source actor due to time limit at clock = 43210.6788297557
-----------------------------
| Model.cleanup in progress |
-----------------------------
cleanup: agenda
cleanup: wait queues
coroutine counts = (31073640,31071560,31070518)
[ModelOptimizer] Fitness: 8.1020 | Elapsed: 55.33 sec
[ModelOptimizer] Evaluating parameters: VectorD(1.00000,	3.52255,	-0.500000,	0.800000,	1.51662)

======================================================================
TRAFFIC MODEL BUILDER SUMMARY
======================================================================
Network:      US-101-N-DonaldDoyle
Segments:     7
Lanes:        4
Junctions:    8
Ramps:        2
Sensors:      5
Mode:         PeMS Data-Driven
Car-Following: IDM
ODE Solver:   Ballistic
Vmax:         35.0 m/s
======================================================================
Skipping Source actor due to time limit at clock = 43201.00125327633
Skipping Source actor due to time limit at clock = 43210.6788297557
-----------------------------
| Model.cleanup in progress |
-----------------------------
cleanup: agenda
cleanup: wait queues
coroutine counts = (31133397,31131313,31130269)
[ModelOptimizer] Fitness: 8.1014 | Elapsed: 53.67 sec
[ModelOptimizer] Evaluating parameters: VectorD(1.00000,	3.52255,	-0.500000,	0.800000,	1.51662)

======================================================================
TRAFFIC MODEL BUILDER SUMMARY
======================================================================
Network:      US-101-N-DonaldDoyle
Segments:     7
Lanes:        4
Junctions:    8
Ramps:        2
Sensors:      5
Mode:         PeMS Data-Driven
Car-Following: IDM
ODE Solver:   Ballistic
Vmax:         35.0 m/s
======================================================================
Skipping Source actor due to time limit at clock = 43201.00125327633
Skipping Source actor due to time limit at clock = 43210.6788297557
-----------------------------
| Model.cleanup in progress |
-----------------------------
cleanup: agenda
cleanup: wait queues
coroutine counts = (31193154,31191066,31190020)
[ModelOptimizer] Fitness: 8.1015 | Elapsed: 56.36 sec
[ModelOptimizer] Evaluating parameters: VectorD(1.00000,	3.52255,	-0.500000,	0.800000,	1.51662)

======================================================================
TRAFFIC MODEL BUILDER SUMMARY
======================================================================
Network:      US-101-N-DonaldDoyle
Segments:     7
Lanes:        4
Junctions:    8
Ramps:        2
Sensors:      5
Mode:         PeMS Data-Driven
Car-Following: IDM
ODE Solver:   Ballistic
Vmax:         35.0 m/s
======================================================================
Skipping Source actor due to time limit at clock = 43201.00125327633
Skipping Source actor due to time limit at clock = 43210.6788297557
-----------------------------
| Model.cleanup in progress |
-----------------------------
cleanup: agenda
cleanup: wait queues
coroutine counts = (31252911,31250819,31249771)
[ModelOptimizer] Fitness: 8.1017 | Elapsed: 53.07 sec
[ModelOptimizer] Evaluating parameters: VectorD(1.00000,	3.52255,	-0.500000,	0.800000,	1.51662)

======================================================================
TRAFFIC MODEL BUILDER SUMMARY
======================================================================
Network:      US-101-N-DonaldDoyle
Segments:     7
Lanes:        4
Junctions:    8
Ramps:        2
Sensors:      5
Mode:         PeMS Data-Driven
Car-Following: IDM
ODE Solver:   Ballistic
Vmax:         35.0 m/s
======================================================================
Skipping Source actor due to time limit at clock = 43201.00125327633
Skipping Source actor due to time limit at clock = 43210.6788297557
-----------------------------
| Model.cleanup in progress |
-----------------------------
cleanup: agenda
cleanup: wait queues
coroutine counts = (31312668,31310572,31309522)
[ModelOptimizer] Fitness: 8.1017 | Elapsed: 55.41 sec
     104 |      8.10029721 |      8.10029721 |      26.0% ✓
[ModelOptimizer] Evaluating parameters: VectorD(1.00000,	3.52255,	-0.500000,	0.800000,	1.51662)

======================================================================
TRAFFIC MODEL BUILDER SUMMARY
======================================================================
Network:      US-101-N-DonaldDoyle
Segments:     7
Lanes:        4
Junctions:    8
Ramps:        2
Sensors:      5
Mode:         PeMS Data-Driven
Car-Following: IDM
ODE Solver:   Ballistic
Vmax:         35.0 m/s
======================================================================
Skipping Source actor due to time limit at clock = 43201.00125327633
Skipping Source actor due to time limit at clock = 43210.6788297557
-----------------------------
| Model.cleanup in progress |
-----------------------------
cleanup: agenda
cleanup: wait queues
coroutine counts = (31372425,31370325,31369273)
[ModelOptimizer] Fitness: 8.1015 | Elapsed: 55.59 sec
[ModelOptimizer] Evaluating parameters: VectorD(1.00000,	3.52255,	-0.500000,	0.800000,	1.51662)

======================================================================
TRAFFIC MODEL BUILDER SUMMARY
======================================================================
Network:      US-101-N-DonaldDoyle
Segments:     7
Lanes:        4
Junctions:    8
Ramps:        2
Sensors:      5
Mode:         PeMS Data-Driven
Car-Following: IDM
ODE Solver:   Ballistic
Vmax:         35.0 m/s
======================================================================
Skipping Source actor due to time limit at clock = 43201.00125327633
Skipping Source actor due to time limit at clock = 43210.6788297557
-----------------------------
| Model.cleanup in progress |
-----------------------------
cleanup: agenda
cleanup: wait queues
coroutine counts = (31432182,31430078,31429024)
[ModelOptimizer] Fitness: 8.1011 | Elapsed: 54.98 sec
[ModelOptimizer] Evaluating parameters: VectorD(1.00000,	3.52255,	-0.500000,	0.800000,	1.51662)

======================================================================
TRAFFIC MODEL BUILDER SUMMARY
======================================================================
Network:      US-101-N-DonaldDoyle
Segments:     7
Lanes:        4
Junctions:    8
Ramps:        2
Sensors:      5
Mode:         PeMS Data-Driven
Car-Following: IDM
ODE Solver:   Ballistic
Vmax:         35.0 m/s
======================================================================
Skipping Source actor due to time limit at clock = 43201.00125327633
Skipping Source actor due to time limit at clock = 43210.6788297557
-----------------------------
| Model.cleanup in progress |
-----------------------------
cleanup: agenda
cleanup: wait queues
coroutine counts = (31491939,31489831,31488775)
[ModelOptimizer] Fitness: 8.1011 | Elapsed: 56.39 sec
     105 |      8.10029721 |      8.10029721 |      26.3% ✓
[ModelOptimizer] Evaluating parameters: VectorD(1.00000,	3.52255,	-0.500000,	0.800000,	1.51662)

======================================================================
TRAFFIC MODEL BUILDER SUMMARY
======================================================================
Network:      US-101-N-DonaldDoyle
Segments:     7
Lanes:        4
Junctions:    8
Ramps:        2
Sensors:      5
Mode:         PeMS Data-Driven
Car-Following: IDM
ODE Solver:   Ballistic
Vmax:         35.0 m/s
======================================================================
Skipping Source actor due to time limit at clock = 43201.00125327633
Skipping Source actor due to time limit at clock = 43210.6788297557
-----------------------------
| Model.cleanup in progress |
-----------------------------
cleanup: agenda
cleanup: wait queues
coroutine counts = (31551696,31549584,31548526)
[ModelOptimizer] Fitness: 8.1014 | Elapsed: 56.26 sec
[ModelOptimizer] Evaluating parameters: VectorD(1.00000,	3.52255,	-0.500000,	0.800000,	1.51662)

======================================================================
TRAFFIC MODEL BUILDER SUMMARY
======================================================================
Network:      US-101-N-DonaldDoyle
Segments:     7
Lanes:        4
Junctions:    8
Ramps:        2
Sensors:      5
Mode:         PeMS Data-Driven
Car-Following: IDM
ODE Solver:   Ballistic
Vmax:         35.0 m/s
======================================================================
Skipping Source actor due to time limit at clock = 43201.00125327633
Skipping Source actor due to time limit at clock = 43210.6788297557
-----------------------------
| Model.cleanup in progress |
-----------------------------
cleanup: agenda
cleanup: wait queues
coroutine counts = (31611453,31609337,31608277)
[ModelOptimizer] Fitness: 8.1015 | Elapsed: 52.74 sec
[ModelOptimizer] Evaluating parameters: VectorD(1.00000,	3.52255,	-0.500000,	0.800000,	1.51662)

======================================================================
TRAFFIC MODEL BUILDER SUMMARY
======================================================================
Network:      US-101-N-DonaldDoyle
Segments:     7
Lanes:        4
Junctions:    8
Ramps:        2
Sensors:      5
Mode:         PeMS Data-Driven
Car-Following: IDM
ODE Solver:   Ballistic
Vmax:         35.0 m/s
======================================================================
Skipping Source actor due to time limit at clock = 43201.00125327633
Skipping Source actor due to time limit at clock = 43210.6788297557
-----------------------------
| Model.cleanup in progress |
-----------------------------
cleanup: agenda
cleanup: wait queues
coroutine counts = (31671210,31669090,31668028)
[ModelOptimizer] Fitness: 8.1015 | Elapsed: 56.08 sec
     106 |      8.10029721 |      8.10029721 |      26.5% ✓
[ModelOptimizer] Evaluating parameters: VectorD(1.00000,	3.52255,	-0.500000,	0.800000,	1.51662)

======================================================================
TRAFFIC MODEL BUILDER SUMMARY
======================================================================
Network:      US-101-N-DonaldDoyle
Segments:     7
Lanes:        4
Junctions:    8
Ramps:        2
Sensors:      5
Mode:         PeMS Data-Driven
Car-Following: IDM
ODE Solver:   Ballistic
Vmax:         35.0 m/s
======================================================================
Skipping Source actor due to time limit at clock = 43201.00125327633
Skipping Source actor due to time limit at clock = 43210.6788297557
-----------------------------
| Model.cleanup in progress |
-----------------------------
cleanup: agenda
cleanup: wait queues
coroutine counts = (31730967,31728843,31727779)
[ModelOptimizer] Fitness: 8.1015 | Elapsed: 54.53 sec
[ModelOptimizer] Evaluating parameters: VectorD(1.00000,	3.52255,	-0.500000,	0.800000,	1.51662)

======================================================================
TRAFFIC MODEL BUILDER SUMMARY
======================================================================
Network:      US-101-N-DonaldDoyle
Segments:     7
Lanes:        4
Junctions:    8
Ramps:        2
Sensors:      5
Mode:         PeMS Data-Driven
Car-Following: IDM
ODE Solver:   Ballistic
Vmax:         35.0 m/s
======================================================================
Skipping Source actor due to time limit at clock = 43201.00125327633
Skipping Source actor due to time limit at clock = 43210.6788297557
-----------------------------
| Model.cleanup in progress |
-----------------------------
cleanup: agenda
cleanup: wait queues
coroutine counts = (31790724,31788596,31787530)
[ModelOptimizer] Fitness: 8.1022 | Elapsed: 54.69 sec
[ModelOptimizer] Evaluating parameters: VectorD(1.00000,	3.52255,	-0.500000,	0.800000,	1.51662)

======================================================================
TRAFFIC MODEL BUILDER SUMMARY
======================================================================
Network:      US-101-N-DonaldDoyle
Segments:     7
Lanes:        4
Junctions:    8
Ramps:        2
Sensors:      5
Mode:         PeMS Data-Driven
Car-Following: IDM
ODE Solver:   Ballistic
Vmax:         35.0 m/s
======================================================================
Skipping Source actor due to time limit at clock = 43201.00125327633
Skipping Source actor due to time limit at clock = 43210.6788297557
-----------------------------
| Model.cleanup in progress |
-----------------------------
cleanup: agenda
cleanup: wait queues
coroutine counts = (31850481,31848349,31847281)
[ModelOptimizer] Fitness: 8.1018 | Elapsed: 76.12 sec
[ModelOptimizer] Evaluating parameters: VectorD(1.00000,	3.52255,	-0.500000,	0.800000,	1.51662)

======================================================================
TRAFFIC MODEL BUILDER SUMMARY
======================================================================
Network:      US-101-N-DonaldDoyle
Segments:     7
Lanes:        4
Junctions:    8
Ramps:        2
Sensors:      5
Mode:         PeMS Data-Driven
Car-Following: IDM
ODE Solver:   Ballistic
Vmax:         35.0 m/s
======================================================================
Skipping Source actor due to time limit at clock = 43201.00125327633
Skipping Source actor due to time limit at clock = 43210.6788297557
-----------------------------
| Model.cleanup in progress |
-----------------------------
cleanup: agenda
cleanup: wait queues
coroutine counts = (31910238,31908102,31907032)
[ModelOptimizer] Fitness: 8.1012 | Elapsed: 55.65 sec
[ModelOptimizer] Evaluating parameters: VectorD(1.00000,	3.52255,	-0.500000,	0.800000,	1.51662)

======================================================================
TRAFFIC MODEL BUILDER SUMMARY
======================================================================
Network:      US-101-N-DonaldDoyle
Segments:     7
Lanes:        4
Junctions:    8
Ramps:        2
Sensors:      5
Mode:         PeMS Data-Driven
Car-Following: IDM
ODE Solver:   Ballistic
Vmax:         35.0 m/s
======================================================================
Skipping Source actor due to time limit at clock = 43201.00125327633
Skipping Source actor due to time limit at clock = 43210.6788297557
-----------------------------
| Model.cleanup in progress |
-----------------------------
cleanup: agenda
cleanup: wait queues
coroutine counts = (31969995,31967855,31966783)
[ModelOptimizer] Fitness: 8.1017 | Elapsed: 54.63 sec
[ModelOptimizer] Evaluating parameters: VectorD(1.00000,	3.52255,	-0.500000,	0.800000,	1.51662)

======================================================================
TRAFFIC MODEL BUILDER SUMMARY
======================================================================
Network:      US-101-N-DonaldDoyle
Segments:     7
Lanes:        4
Junctions:    8
Ramps:        2
Sensors:      5
Mode:         PeMS Data-Driven
Car-Following: IDM
ODE Solver:   Ballistic
Vmax:         35.0 m/s
======================================================================
Skipping Source actor due to time limit at clock = 43201.00125327633
Skipping Source actor due to time limit at clock = 43210.6788297557
-----------------------------
| Model.cleanup in progress |
-----------------------------
cleanup: agenda
cleanup: wait queues
coroutine counts = (32029752,32027608,32026534)
[ModelOptimizer] Fitness: 8.1016 | Elapsed: 55.61 sec
[ModelOptimizer] Evaluating parameters: VectorD(1.00000,	3.52255,	-0.500000,	0.800000,	1.51662)

======================================================================
TRAFFIC MODEL BUILDER SUMMARY
======================================================================
Network:      US-101-N-DonaldDoyle
Segments:     7
Lanes:        4
Junctions:    8
Ramps:        2
Sensors:      5
Mode:         PeMS Data-Driven
Car-Following: IDM
ODE Solver:   Ballistic
Vmax:         35.0 m/s
======================================================================
Skipping Source actor due to time limit at clock = 43201.00125327633
Skipping Source actor due to time limit at clock = 43210.6788297557
-----------------------------
| Model.cleanup in progress |
-----------------------------
cleanup: agenda
cleanup: wait queues
coroutine counts = (32089509,32087361,32086285)
[ModelOptimizer] Fitness: 8.1013 | Elapsed: 52.97 sec
[ModelOptimizer] Evaluating parameters: VectorD(1.00000,	3.52255,	-0.500000,	0.800000,	1.51662)

======================================================================
TRAFFIC MODEL BUILDER SUMMARY
======================================================================
Network:      US-101-N-DonaldDoyle
Segments:     7
Lanes:        4
Junctions:    8
Ramps:        2
Sensors:      5
Mode:         PeMS Data-Driven
Car-Following: IDM
ODE Solver:   Ballistic
Vmax:         35.0 m/s
======================================================================
Skipping Source actor due to time limit at clock = 43201.00125327633
Skipping Source actor due to time limit at clock = 43210.6788297557
-----------------------------
| Model.cleanup in progress |
-----------------------------
cleanup: agenda
cleanup: wait queues
coroutine counts = (32149266,32147114,32146036)
[ModelOptimizer] Fitness: 8.1016 | Elapsed: 56.19 sec
[ModelOptimizer] Evaluating parameters: VectorD(1.00000,	3.52255,	-0.500000,	0.800000,	1.51662)

======================================================================
TRAFFIC MODEL BUILDER SUMMARY
======================================================================
Network:      US-101-N-DonaldDoyle
Segments:     7
Lanes:        4
Junctions:    8
Ramps:        2
Sensors:      5
Mode:         PeMS Data-Driven
Car-Following: IDM
ODE Solver:   Ballistic
Vmax:         35.0 m/s
======================================================================
Skipping Source actor due to time limit at clock = 43201.00125327633
Skipping Source actor due to time limit at clock = 43210.6788297557
-----------------------------
| Model.cleanup in progress |
-----------------------------
cleanup: agenda
cleanup: wait queues
coroutine counts = (32209023,32206867,32205787)
[ModelOptimizer] Fitness: 8.1013 | Elapsed: 54.77 sec
[ModelOptimizer] Evaluating parameters: VectorD(1.00000,	3.52255,	-0.500000,	0.800000,	1.51662)

======================================================================
TRAFFIC MODEL BUILDER SUMMARY
======================================================================
Network:      US-101-N-DonaldDoyle
Segments:     7
Lanes:        4
Junctions:    8
Ramps:        2
Sensors:      5
Mode:         PeMS Data-Driven
Car-Following: IDM
ODE Solver:   Ballistic
Vmax:         35.0 m/s
======================================================================
Skipping Source actor due to time limit at clock = 43201.00125327633
Skipping Source actor due to time limit at clock = 43210.6788297557
-----------------------------
| Model.cleanup in progress |
-----------------------------
cleanup: agenda
cleanup: wait queues
coroutine counts = (32268780,32266620,32265538)
[ModelOptimizer] Fitness: 8.1017 | Elapsed: 54.41 sec
[ModelOptimizer] Evaluating parameters: VectorD(1.00000,	3.52255,	-0.500000,	0.800000,	1.51662)

======================================================================
TRAFFIC MODEL BUILDER SUMMARY
======================================================================
Network:      US-101-N-DonaldDoyle
Segments:     7
Lanes:        4
Junctions:    8
Ramps:        2
Sensors:      5
Mode:         PeMS Data-Driven
Car-Following: IDM
ODE Solver:   Ballistic
Vmax:         35.0 m/s
======================================================================
Skipping Source actor due to time limit at clock = 43201.00125327633
Skipping Source actor due to time limit at clock = 43210.6788297557
-----------------------------
| Model.cleanup in progress |
-----------------------------
cleanup: agenda
cleanup: wait queues
coroutine counts = (32328537,32326373,32325289)
[ModelOptimizer] Fitness: 8.1018 | Elapsed: 55.80 sec
[ModelOptimizer] Evaluating parameters: VectorD(1.00000,	3.52255,	-0.500000,	0.800000,	1.51662)

======================================================================
TRAFFIC MODEL BUILDER SUMMARY
======================================================================
Network:      US-101-N-DonaldDoyle
Segments:     7
Lanes:        4
Junctions:    8
Ramps:        2
Sensors:      5
Mode:         PeMS Data-Driven
Car-Following: IDM
ODE Solver:   Ballistic
Vmax:         35.0 m/s
======================================================================
Skipping Source actor due to time limit at clock = 43201.00125327633
Skipping Source actor due to time limit at clock = 43210.6788297557
-----------------------------
| Model.cleanup in progress |
-----------------------------
cleanup: agenda
cleanup: wait queues
coroutine counts = (32388294,32386126,32385040)
[ModelOptimizer] Fitness: 8.1017 | Elapsed: 54.55 sec
[ModelOptimizer] Evaluating parameters: VectorD(1.00000,	3.52255,	-0.500000,	0.800000,	1.51662)

======================================================================
TRAFFIC MODEL BUILDER SUMMARY
======================================================================
Network:      US-101-N-DonaldDoyle
Segments:     7
Lanes:        4
Junctions:    8
Ramps:        2
Sensors:      5
Mode:         PeMS Data-Driven
Car-Following: IDM
ODE Solver:   Ballistic
Vmax:         35.0 m/s
======================================================================
Skipping Source actor due to time limit at clock = 43201.00125327633
Skipping Source actor due to time limit at clock = 43210.6788297557
-----------------------------
| Model.cleanup in progress |
-----------------------------
cleanup: agenda
cleanup: wait queues
coroutine counts = (32448051,32445879,32444791)
[ModelOptimizer] Fitness: 8.1027 | Elapsed: 53.69 sec
[ModelOptimizer] Evaluating parameters: VectorD(1.00000,	3.52255,	-0.500000,	0.800000,	1.51662)

======================================================================
TRAFFIC MODEL BUILDER SUMMARY
======================================================================
Network:      US-101-N-DonaldDoyle
Segments:     7
Lanes:        4
Junctions:    8
Ramps:        2
Sensors:      5
Mode:         PeMS Data-Driven
Car-Following: IDM
ODE Solver:   Ballistic
Vmax:         35.0 m/s
======================================================================
Skipping Source actor due to time limit at clock = 43201.00125327633
Skipping Source actor due to time limit at clock = 43210.6788297557
-----------------------------
| Model.cleanup in progress |
-----------------------------
cleanup: agenda
cleanup: wait queues
coroutine counts = (32507808,32505632,32504542)
[ModelOptimizer] Fitness: 8.1011 | Elapsed: 55.79 sec
[ModelOptimizer] Evaluating parameters: VectorD(1.00000,	3.52255,	-0.500000,	0.800000,	1.51662)

======================================================================
TRAFFIC MODEL BUILDER SUMMARY
======================================================================
Network:      US-101-N-DonaldDoyle
Segments:     7
Lanes:        4
Junctions:    8
Ramps:        2
Sensors:      5
Mode:         PeMS Data-Driven
Car-Following: IDM
ODE Solver:   Ballistic
Vmax:         35.0 m/s
======================================================================
Skipping Source actor due to time limit at clock = 43201.00125327633
Skipping Source actor due to time limit at clock = 43210.6788297557
-----------------------------
| Model.cleanup in progress |
-----------------------------
cleanup: agenda
cleanup: wait queues
coroutine counts = (32567565,32565385,32564293)
[ModelOptimizer] Fitness: 8.1016 | Elapsed: 53.11 sec
[ModelOptimizer] Evaluating parameters: VectorD(1.00000,	3.52255,	-0.500000,	0.800000,	1.51662)

======================================================================
TRAFFIC MODEL BUILDER SUMMARY
======================================================================
Network:      US-101-N-DonaldDoyle
Segments:     7
Lanes:        4
Junctions:    8
Ramps:        2
Sensors:      5
Mode:         PeMS Data-Driven
Car-Following: IDM
ODE Solver:   Ballistic
Vmax:         35.0 m/s
======================================================================
Skipping Source actor due to time limit at clock = 43201.00125327633
Skipping Source actor due to time limit at clock = 43210.6788297557
-----------------------------
| Model.cleanup in progress |
-----------------------------
cleanup: agenda
cleanup: wait queues
coroutine counts = (32627322,32625138,32624044)
[ModelOptimizer] Fitness: 8.1015 | Elapsed: 55.30 sec
[ModelOptimizer] Evaluating parameters: VectorD(1.00000,	3.52255,	-0.500000,	0.800000,	1.51662)

======================================================================
TRAFFIC MODEL BUILDER SUMMARY
======================================================================
Network:      US-101-N-DonaldDoyle
Segments:     7
Lanes:        4
Junctions:    8
Ramps:        2
Sensors:      5
Mode:         PeMS Data-Driven
Car-Following: IDM
ODE Solver:   Ballistic
Vmax:         35.0 m/s
======================================================================
Skipping Source actor due to time limit at clock = 43201.00125327633
Skipping Source actor due to time limit at clock = 43210.6788297557
-----------------------------
| Model.cleanup in progress |
-----------------------------
cleanup: agenda
cleanup: wait queues
coroutine counts = (32687079,32684891,32683795)
[ModelOptimizer] Fitness: 8.1016 | Elapsed: 55.78 sec
[ModelOptimizer] Evaluating parameters: VectorD(1.00000,	3.52255,	-0.500000,	0.800000,	1.51662)

======================================================================
TRAFFIC MODEL BUILDER SUMMARY
======================================================================
Network:      US-101-N-DonaldDoyle
Segments:     7
Lanes:        4
Junctions:    8
Ramps:        2
Sensors:      5
Mode:         PeMS Data-Driven
Car-Following: IDM
ODE Solver:   Ballistic
Vmax:         35.0 m/s
======================================================================
Skipping Source actor due to time limit at clock = 43201.00125327633
Skipping Source actor due to time limit at clock = 43210.6788297557
-----------------------------
| Model.cleanup in progress |
-----------------------------
cleanup: agenda
cleanup: wait queues
coroutine counts = (32746836,32744644,32743546)
[ModelOptimizer] Fitness: 8.1011 | Elapsed: 52.74 sec
[ModelOptimizer] Evaluating parameters: VectorD(1.00000,	3.52255,	-0.500000,	0.800000,	1.51662)

======================================================================
TRAFFIC MODEL BUILDER SUMMARY
======================================================================
Network:      US-101-N-DonaldDoyle
Segments:     7
Lanes:        4
Junctions:    8
Ramps:        2
Sensors:      5
Mode:         PeMS Data-Driven
Car-Following: IDM
ODE Solver:   Ballistic
Vmax:         35.0 m/s
======================================================================
Skipping Source actor due to time limit at clock = 43201.00125327633
Skipping Source actor due to time limit at clock = 43210.6788297557
-----------------------------
| Model.cleanup in progress |
-----------------------------
cleanup: agenda
cleanup: wait queues
coroutine counts = (32806593,32804397,32803297)
[ModelOptimizer] Fitness: 8.1011 | Elapsed: 57.40 sec
     107 |      8.10029721 |      8.10029721 |      26.8% ✓
[ModelOptimizer] Evaluating parameters: VectorD(1.00000,	3.52255,	-0.500000,	0.800000,	1.51662)

======================================================================
TRAFFIC MODEL BUILDER SUMMARY
======================================================================
Network:      US-101-N-DonaldDoyle
Segments:     7
Lanes:        4
Junctions:    8
Ramps:        2
Sensors:      5
Mode:         PeMS Data-Driven
Car-Following: IDM
ODE Solver:   Ballistic
Vmax:         35.0 m/s
======================================================================
Skipping Source actor due to time limit at clock = 43201.00125327633
Skipping Source actor due to time limit at clock = 43210.6788297557
-----------------------------
| Model.cleanup in progress |
-----------------------------
cleanup: agenda
cleanup: wait queues
coroutine counts = (32866350,32864150,32863048)
[ModelOptimizer] Fitness: 8.1016 | Elapsed: 53.71 sec
[ModelOptimizer] Evaluating parameters: VectorD(1.00000,	3.52255,	-0.500000,	0.800000,	1.51662)

======================================================================
TRAFFIC MODEL BUILDER SUMMARY
======================================================================
Network:      US-101-N-DonaldDoyle
Segments:     7
Lanes:        4
Junctions:    8
Ramps:        2
Sensors:      5
Mode:         PeMS Data-Driven
Car-Following: IDM
ODE Solver:   Ballistic
Vmax:         35.0 m/s
======================================================================
Skipping Source actor due to time limit at clock = 43201.00125327633
Skipping Source actor due to time limit at clock = 43210.6788297557
-----------------------------
| Model.cleanup in progress |
-----------------------------
cleanup: agenda
cleanup: wait queues
coroutine counts = (32926107,32923903,32922799)
[ModelOptimizer] Fitness: 8.1016 | Elapsed: 54.98 sec
[ModelOptimizer] Evaluating parameters: VectorD(1.00000,	3.52255,	-0.500000,	0.800000,	1.51662)

======================================================================
TRAFFIC MODEL BUILDER SUMMARY
======================================================================
Network:      US-101-N-DonaldDoyle
Segments:     7
Lanes:        4
Junctions:    8
Ramps:        2
Sensors:      5
Mode:         PeMS Data-Driven
Car-Following: IDM
ODE Solver:   Ballistic
Vmax:         35.0 m/s
======================================================================
Skipping Source actor due to time limit at clock = 43201.00125327633
Skipping Source actor due to time limit at clock = 43210.6788297557
-----------------------------
| Model.cleanup in progress |
-----------------------------
cleanup: agenda
cleanup: wait queues
coroutine counts = (32985864,32983656,32982550)
[ModelOptimizer] Fitness: 8.1023 | Elapsed: 56.18 sec
[ModelOptimizer] Evaluating parameters: VectorD(1.00000,	3.52255,	-0.500000,	0.800000,	1.51662)

======================================================================
TRAFFIC MODEL BUILDER SUMMARY
======================================================================
Network:      US-101-N-DonaldDoyle
Segments:     7
Lanes:        4
Junctions:    8
Ramps:        2
Sensors:      5
Mode:         PeMS Data-Driven
Car-Following: IDM
ODE Solver:   Ballistic
Vmax:         35.0 m/s
======================================================================
Skipping Source actor due to time limit at clock = 43201.00125327633
Skipping Source actor due to time limit at clock = 43210.6788297557
-----------------------------
| Model.cleanup in progress |
-----------------------------
cleanup: agenda
cleanup: wait queues
coroutine counts = (33045621,33043409,33042301)
[ModelOptimizer] Fitness: 8.1015 | Elapsed: 55.06 sec
[ModelOptimizer] Evaluating parameters: VectorD(1.00000,	3.52255,	-0.500000,	0.800000,	1.51662)

======================================================================
TRAFFIC MODEL BUILDER SUMMARY
======================================================================
Network:      US-101-N-DonaldDoyle
Segments:     7
Lanes:        4
Junctions:    8
Ramps:        2
Sensors:      5
Mode:         PeMS Data-Driven
Car-Following: IDM
ODE Solver:   Ballistic
Vmax:         35.0 m/s
======================================================================
Skipping Source actor due to time limit at clock = 43201.00125327633
Skipping Source actor due to time limit at clock = 43210.6788297557
-----------------------------
| Model.cleanup in progress |
-----------------------------
cleanup: agenda
cleanup: wait queues
coroutine counts = (33105378,33103162,33102052)
[ModelOptimizer] Fitness: 8.1017 | Elapsed: 54.35 sec
[ModelOptimizer] Evaluating parameters: VectorD(1.00000,	3.52255,	-0.500000,	0.800000,	1.51662)

======================================================================
TRAFFIC MODEL BUILDER SUMMARY
======================================================================
Network:      US-101-N-DonaldDoyle
Segments:     7
Lanes:        4
Junctions:    8
Ramps:        2
Sensors:      5
Mode:         PeMS Data-Driven
Car-Following: IDM
ODE Solver:   Ballistic
Vmax:         35.0 m/s
======================================================================
Skipping Source actor due to time limit at clock = 43201.00125327633
Skipping Source actor due to time limit at clock = 43210.6788297557
-----------------------------
| Model.cleanup in progress |
-----------------------------
cleanup: agenda
cleanup: wait queues
coroutine counts = (33165135,33162915,33161803)
[ModelOptimizer] Fitness: 8.1010 | Elapsed: 54.98 sec
[ModelOptimizer] Evaluating parameters: VectorD(1.00000,	3.52255,	-0.500000,	0.800000,	1.51662)

======================================================================
TRAFFIC MODEL BUILDER SUMMARY
======================================================================
Network:      US-101-N-DonaldDoyle
Segments:     7
Lanes:        4
Junctions:    8
Ramps:        2
Sensors:      5
Mode:         PeMS Data-Driven
Car-Following: IDM
ODE Solver:   Ballistic
Vmax:         35.0 m/s
======================================================================
Skipping Source actor due to time limit at clock = 43201.00125327633
Skipping Source actor due to time limit at clock = 43210.6788297557
-----------------------------
| Model.cleanup in progress |
-----------------------------
cleanup: agenda
cleanup: wait queues
coroutine counts = (33224892,33222668,33221554)
[ModelOptimizer] Fitness: 8.1015 | Elapsed: 56.12 sec
[ModelOptimizer] Evaluating parameters: VectorD(1.00000,	3.52255,	-0.500000,	0.800000,	1.51662)

======================================================================
TRAFFIC MODEL BUILDER SUMMARY
======================================================================
Network:      US-101-N-DonaldDoyle
Segments:     7
Lanes:        4
Junctions:    8
Ramps:        2
Sensors:      5
Mode:         PeMS Data-Driven
Car-Following: IDM
ODE Solver:   Ballistic
Vmax:         35.0 m/s
======================================================================
Skipping Source actor due to time limit at clock = 43201.00125327633
Skipping Source actor due to time limit at clock = 43210.6788297557
-----------------------------
| Model.cleanup in progress |
-----------------------------
cleanup: agenda
cleanup: wait queues
coroutine counts = (33284649,33282421,33281305)
[ModelOptimizer] Fitness: 8.1006 | Elapsed: 56.69 sec
[ModelOptimizer] Evaluating parameters: VectorD(1.00000,	3.52255,	-0.500000,	0.800000,	1.51662)

======================================================================
TRAFFIC MODEL BUILDER SUMMARY
======================================================================
Network:      US-101-N-DonaldDoyle
Segments:     7
Lanes:        4
Junctions:    8
Ramps:        2
Sensors:      5
Mode:         PeMS Data-Driven
Car-Following: IDM
ODE Solver:   Ballistic
Vmax:         35.0 m/s
======================================================================
Skipping Source actor due to time limit at clock = 43201.00125327633
Skipping Source actor due to time limit at clock = 43210.6788297557
-----------------------------
| Model.cleanup in progress |
-----------------------------
cleanup: agenda
cleanup: wait queues
coroutine counts = (33344406,33342174,33341056)
[ModelOptimizer] Fitness: 8.1014 | Elapsed: 54.43 sec
[ModelOptimizer] Evaluating parameters: VectorD(1.00000,	3.52255,	-0.500000,	0.800000,	1.51662)

======================================================================
TRAFFIC MODEL BUILDER SUMMARY
======================================================================
Network:      US-101-N-DonaldDoyle
Segments:     7
Lanes:        4
Junctions:    8
Ramps:        2
Sensors:      5
Mode:         PeMS Data-Driven
Car-Following: IDM
ODE Solver:   Ballistic
Vmax:         35.0 m/s
======================================================================
Skipping Source actor due to time limit at clock = 43201.00125327633
Skipping Source actor due to time limit at clock = 43210.6788297557
-----------------------------
| Model.cleanup in progress |
-----------------------------
cleanup: agenda
cleanup: wait queues
coroutine counts = (33404163,33401927,33400807)
[ModelOptimizer] Fitness: 8.1005 | Elapsed: 55.49 sec
[ModelOptimizer] Evaluating parameters: VectorD(1.00000,	3.52255,	-0.500000,	0.800000,	1.51662)

======================================================================
TRAFFIC MODEL BUILDER SUMMARY
======================================================================
Network:      US-101-N-DonaldDoyle
Segments:     7
Lanes:        4
Junctions:    8
Ramps:        2
Sensors:      5
Mode:         PeMS Data-Driven
Car-Following: IDM
ODE Solver:   Ballistic
Vmax:         35.0 m/s
======================================================================
Skipping Source actor due to time limit at clock = 43201.00125327633
Skipping Source actor due to time limit at clock = 43210.6788297557
-----------------------------
| Model.cleanup in progress |
-----------------------------
cleanup: agenda
cleanup: wait queues
coroutine counts = (33463920,33461680,33460558)
[ModelOptimizer] Fitness: 8.1005 | Elapsed: 56.71 sec
     108 |      8.10029721 |      8.10029721 |      27.0% ✓
[ModelOptimizer] Evaluating parameters: VectorD(1.00000,	3.52255,	-0.500000,	0.800000,	1.51662)

======================================================================
TRAFFIC MODEL BUILDER SUMMARY
======================================================================
Network:      US-101-N-DonaldDoyle
Segments:     7
Lanes:        4
Junctions:    8
Ramps:        2
Sensors:      5
Mode:         PeMS Data-Driven
Car-Following: IDM
ODE Solver:   Ballistic
Vmax:         35.0 m/s
======================================================================
Skipping Source actor due to time limit at clock = 43201.00125327633
Skipping Source actor due to time limit at clock = 43210.6788297557
-----------------------------
| Model.cleanup in progress |
-----------------------------
cleanup: agenda
cleanup: wait queues
coroutine counts = (33523677,33521433,33520309)
[ModelOptimizer] Fitness: 8.1010 | Elapsed: 54.86 sec
[ModelOptimizer] Evaluating parameters: VectorD(1.00000,	3.52255,	-0.500000,	0.800000,	1.51662)

======================================================================
TRAFFIC MODEL BUILDER SUMMARY
======================================================================
Network:      US-101-N-DonaldDoyle
Segments:     7
Lanes:        4
Junctions:    8
Ramps:        2
Sensors:      5
Mode:         PeMS Data-Driven
Car-Following: IDM
ODE Solver:   Ballistic
Vmax:         35.0 m/s
======================================================================
Skipping Source actor due to time limit at clock = 43201.00125327633
Skipping Source actor due to time limit at clock = 43210.6788297557
-----------------------------
| Model.cleanup in progress |
-----------------------------
cleanup: agenda
cleanup: wait queues
coroutine counts = (33583434,33581186,33580060)
[ModelOptimizer] Fitness: 8.1006 | Elapsed: 57.20 sec
[ModelOptimizer] Evaluating parameters: VectorD(1.00000,	3.52255,	-0.500000,	0.800000,	1.51662)

======================================================================
TRAFFIC MODEL BUILDER SUMMARY
======================================================================
Network:      US-101-N-DonaldDoyle
Segments:     7
Lanes:        4
Junctions:    8
Ramps:        2
Sensors:      5
Mode:         PeMS Data-Driven
Car-Following: IDM
ODE Solver:   Ballistic
Vmax:         35.0 m/s
======================================================================
Skipping Source actor due to time limit at clock = 43201.00125327633
Skipping Source actor due to time limit at clock = 43210.6788297557
-----------------------------
| Model.cleanup in progress |
-----------------------------
cleanup: agenda
cleanup: wait queues
coroutine counts = (33643191,33640939,33639811)
[ModelOptimizer] Fitness: 8.1006 | Elapsed: 54.14 sec
     109 |      8.10029721 |      8.10029721 |      27.3% ✓
[ModelOptimizer] Evaluating parameters: VectorD(1.00000,	3.52255,	-0.500000,	0.800000,	1.51662)

======================================================================
TRAFFIC MODEL BUILDER SUMMARY
======================================================================
Network:      US-101-N-DonaldDoyle
Segments:     7
Lanes:        4
Junctions:    8
Ramps:        2
Sensors:      5
Mode:         PeMS Data-Driven
Car-Following: IDM
ODE Solver:   Ballistic
Vmax:         35.0 m/s
======================================================================
Skipping Source actor due to time limit at clock = 43201.00125327633
Skipping Source actor due to time limit at clock = 43210.6788297557
-----------------------------
| Model.cleanup in progress |
-----------------------------
cleanup: agenda
cleanup: wait queues
coroutine counts = (33702948,33700692,33699562)
[ModelOptimizer] Fitness: 8.1008 | Elapsed: 58.18 sec
[ModelOptimizer] Evaluating parameters: VectorD(1.00000,	3.52255,	-0.500000,	0.800000,	1.51662)

======================================================================
TRAFFIC MODEL BUILDER SUMMARY
======================================================================
Network:      US-101-N-DonaldDoyle
Segments:     7
Lanes:        4
Junctions:    8
Ramps:        2
Sensors:      5
Mode:         PeMS Data-Driven
Car-Following: IDM
ODE Solver:   Ballistic
Vmax:         35.0 m/s
======================================================================
Skipping Source actor due to time limit at clock = 43201.00125327633
Skipping Source actor due to time limit at clock = 43210.6788297557
-----------------------------
| Model.cleanup in progress |
-----------------------------
cleanup: agenda
cleanup: wait queues
coroutine counts = (33762705,33760445,33759313)
[ModelOptimizer] Fitness: 8.1020 | Elapsed: 55.37 sec
[ModelOptimizer] Evaluating parameters: VectorD(1.00000,	3.52255,	-0.500000,	0.800000,	1.51662)

======================================================================
TRAFFIC MODEL BUILDER SUMMARY
======================================================================
Network:      US-101-N-DonaldDoyle
Segments:     7
Lanes:        4
Junctions:    8
Ramps:        2
Sensors:      5
Mode:         PeMS Data-Driven
Car-Following: IDM
ODE Solver:   Ballistic
Vmax:         35.0 m/s
======================================================================
Skipping Source actor due to time limit at clock = 43201.00125327633
Skipping Source actor due to time limit at clock = 43210.6788297557
-----------------------------
| Model.cleanup in progress |
-----------------------------
cleanup: agenda
cleanup: wait queues
coroutine counts = (33822462,33820198,33819064)
[ModelOptimizer] Fitness: 8.1017 | Elapsed: 56.36 sec
[ModelOptimizer] Evaluating parameters: VectorD(1.00000,	3.52255,	-0.500000,	0.800000,	1.51662)

======================================================================
TRAFFIC MODEL BUILDER SUMMARY
======================================================================
Network:      US-101-N-DonaldDoyle
Segments:     7
Lanes:        4
Junctions:    8
Ramps:        2
Sensors:      5
Mode:         PeMS Data-Driven
Car-Following: IDM
ODE Solver:   Ballistic
Vmax:         35.0 m/s
======================================================================
Skipping Source actor due to time limit at clock = 43201.00125327633
Skipping Source actor due to time limit at clock = 43210.6788297557
-----------------------------
| Model.cleanup in progress |
-----------------------------
cleanup: agenda
cleanup: wait queues
coroutine counts = (33882219,33879951,33878815)
[ModelOptimizer] Fitness: 8.1011 | Elapsed: 57.11 sec
[ModelOptimizer] Evaluating parameters: VectorD(1.00000,	3.52255,	-0.500000,	0.800000,	1.51662)

======================================================================
TRAFFIC MODEL BUILDER SUMMARY
======================================================================
Network:      US-101-N-DonaldDoyle
Segments:     7
Lanes:        4
Junctions:    8
Ramps:        2
Sensors:      5
Mode:         PeMS Data-Driven
Car-Following: IDM
ODE Solver:   Ballistic
Vmax:         35.0 m/s
======================================================================
Skipping Source actor due to time limit at clock = 43201.00125327633
Skipping Source actor due to time limit at clock = 43210.6788297557
-----------------------------
| Model.cleanup in progress |
-----------------------------
cleanup: agenda
cleanup: wait queues
coroutine counts = (33941976,33939704,33938566)
[ModelOptimizer] Fitness: 8.1012 | Elapsed: 57.24 sec
[ModelOptimizer] Evaluating parameters: VectorD(1.00000,	3.52255,	-0.500000,	0.800000,	1.51662)

======================================================================
TRAFFIC MODEL BUILDER SUMMARY
======================================================================
Network:      US-101-N-DonaldDoyle
Segments:     7
Lanes:        4
Junctions:    8
Ramps:        2
Sensors:      5
Mode:         PeMS Data-Driven
Car-Following: IDM
ODE Solver:   Ballistic
Vmax:         35.0 m/s
======================================================================
Skipping Source actor due to time limit at clock = 43201.00125327633
Skipping Source actor due to time limit at clock = 43210.6788297557
-----------------------------
| Model.cleanup in progress |
-----------------------------
cleanup: agenda
cleanup: wait queues
coroutine counts = (34001733,33999457,33998317)
[ModelOptimizer] Fitness: 8.1013 | Elapsed: 56.47 sec
[ModelOptimizer] Evaluating parameters: VectorD(1.00000,	3.52255,	-0.500000,	0.800000,	1.51662)

======================================================================
TRAFFIC MODEL BUILDER SUMMARY
======================================================================
Network:      US-101-N-DonaldDoyle
Segments:     7
Lanes:        4
Junctions:    8
Ramps:        2
Sensors:      5
Mode:         PeMS Data-Driven
Car-Following: IDM
ODE Solver:   Ballistic
Vmax:         35.0 m/s
======================================================================
Skipping Source actor due to time limit at clock = 43201.00125327633
Skipping Source actor due to time limit at clock = 43210.6788297557
-----------------------------
| Model.cleanup in progress |
-----------------------------
cleanup: agenda
cleanup: wait queues
coroutine counts = (34061490,34059210,34058068)
[ModelOptimizer] Fitness: 8.1011 | Elapsed: 56.05 sec
[ModelOptimizer] Evaluating parameters: VectorD(1.00000,	3.52255,	-0.500000,	0.800000,	1.51662)

======================================================================
TRAFFIC MODEL BUILDER SUMMARY
======================================================================
Network:      US-101-N-DonaldDoyle
Segments:     7
Lanes:        4
Junctions:    8
Ramps:        2
Sensors:      5
Mode:         PeMS Data-Driven
Car-Following: IDM
ODE Solver:   Ballistic
Vmax:         35.0 m/s
======================================================================
Skipping Source actor due to time limit at clock = 43201.00125327633
Skipping Source actor due to time limit at clock = 43210.6788297557
-----------------------------
| Model.cleanup in progress |
-----------------------------
cleanup: agenda
cleanup: wait queues
coroutine counts = (34121247,34118963,34117819)
[ModelOptimizer] Fitness: 8.1006 | Elapsed: 57.34 sec
[ModelOptimizer] Evaluating parameters: VectorD(1.00000,	3.52255,	-0.500000,	0.800000,	1.51662)

======================================================================
TRAFFIC MODEL BUILDER SUMMARY
======================================================================
Network:      US-101-N-DonaldDoyle
Segments:     7
Lanes:        4
Junctions:    8
Ramps:        2
Sensors:      5
Mode:         PeMS Data-Driven
Car-Following: IDM
ODE Solver:   Ballistic
Vmax:         35.0 m/s
======================================================================
Skipping Source actor due to time limit at clock = 43201.00125327633
Skipping Source actor due to time limit at clock = 43210.6788297557
-----------------------------
| Model.cleanup in progress |
-----------------------------
cleanup: agenda
cleanup: wait queues
coroutine counts = (34181004,34178716,34177570)
[ModelOptimizer] Fitness: 8.1008 | Elapsed: 54.56 sec
[ModelOptimizer] Evaluating parameters: VectorD(1.00000,	3.52255,	-0.500000,	0.800000,	1.51662)

======================================================================
TRAFFIC MODEL BUILDER SUMMARY
======================================================================
Network:      US-101-N-DonaldDoyle
Segments:     7
Lanes:        4
Junctions:    8
Ramps:        2
Sensors:      5
Mode:         PeMS Data-Driven
Car-Following: IDM
ODE Solver:   Ballistic
Vmax:         35.0 m/s
======================================================================
Skipping Source actor due to time limit at clock = 43201.00125327633
Skipping Source actor due to time limit at clock = 43210.6788297557
-----------------------------
| Model.cleanup in progress |
-----------------------------
cleanup: agenda
cleanup: wait queues
coroutine counts = (34240761,34238469,34237321)
[ModelOptimizer] Fitness: 8.1010 | Elapsed: 59.08 sec
[ModelOptimizer] Evaluating parameters: VectorD(1.00000,	3.52255,	-0.500000,	0.800000,	1.51662)

======================================================================
TRAFFIC MODEL BUILDER SUMMARY
======================================================================
Network:      US-101-N-DonaldDoyle
Segments:     7
Lanes:        4
Junctions:    8
Ramps:        2
Sensors:      5
Mode:         PeMS Data-Driven
Car-Following: IDM
ODE Solver:   Ballistic
Vmax:         35.0 m/s
======================================================================
Skipping Source actor due to time limit at clock = 43201.00125327633
Skipping Source actor due to time limit at clock = 43210.6788297557
-----------------------------
| Model.cleanup in progress |
-----------------------------
cleanup: agenda
cleanup: wait queues
coroutine counts = (34300518,34298222,34297072)
[ModelOptimizer] Fitness: 8.1010 | Elapsed: 54.82 sec
     110 |      8.10029721 |      8.10029721 |      27.5% ✓
[ModelOptimizer] Evaluating parameters: VectorD(1.00000,	3.52255,	-0.500000,	0.800000,	1.51662)

======================================================================
TRAFFIC MODEL BUILDER SUMMARY
======================================================================
Network:      US-101-N-DonaldDoyle
Segments:     7
Lanes:        4
Junctions:    8
Ramps:        2
Sensors:      5
Mode:         PeMS Data-Driven
Car-Following: IDM
ODE Solver:   Ballistic
Vmax:         35.0 m/s
======================================================================
Skipping Source actor due to time limit at clock = 43201.00125327633
Skipping Source actor due to time limit at clock = 43210.6788297557
-----------------------------
| Model.cleanup in progress |
-----------------------------
cleanup: agenda
cleanup: wait queues
coroutine counts = (34360275,34357975,34356823)
[ModelOptimizer] Fitness: 8.1005 | Elapsed: 58.83 sec
[ModelOptimizer] Evaluating parameters: VectorD(1.00000,	3.52255,	-0.500000,	0.800000,	1.51662)

======================================================================
TRAFFIC MODEL BUILDER SUMMARY
======================================================================
Network:      US-101-N-DonaldDoyle
Segments:     7
Lanes:        4
Junctions:    8
Ramps:        2
Sensors:      5
Mode:         PeMS Data-Driven
Car-Following: IDM
ODE Solver:   Ballistic
Vmax:         35.0 m/s
======================================================================
Skipping Source actor due to time limit at clock = 43201.00125327633
Skipping Source actor due to time limit at clock = 43210.6788297557
-----------------------------
| Model.cleanup in progress |
-----------------------------
cleanup: agenda
cleanup: wait queues
coroutine counts = (34420032,34417728,34416574)
[ModelOptimizer] Fitness: 8.1009 | Elapsed: 56.46 sec
[ModelOptimizer] Evaluating parameters: VectorD(1.00000,	3.52255,	-0.500000,	0.800000,	1.51662)

======================================================================
TRAFFIC MODEL BUILDER SUMMARY
======================================================================
Network:      US-101-N-DonaldDoyle
Segments:     7
Lanes:        4
Junctions:    8
Ramps:        2
Sensors:      5
Mode:         PeMS Data-Driven
Car-Following: IDM
ODE Solver:   Ballistic
Vmax:         35.0 m/s
======================================================================
Skipping Source actor due to time limit at clock = 43201.00125327633
Skipping Source actor due to time limit at clock = 43210.6788297557
-----------------------------
| Model.cleanup in progress |
-----------------------------
cleanup: agenda
cleanup: wait queues
coroutine counts = (34479789,34477481,34476325)
[ModelOptimizer] Fitness: 8.1009 | Elapsed: 56.74 sec
     111 |      8.10029721 |      8.10029721 |      27.8% ✓
[ModelOptimizer] Evaluating parameters: VectorD(1.00000,	3.52255,	-0.500000,	0.800000,	1.51662)

======================================================================
TRAFFIC MODEL BUILDER SUMMARY
======================================================================
Network:      US-101-N-DonaldDoyle
Segments:     7
Lanes:        4
Junctions:    8
Ramps:        2
Sensors:      5
Mode:         PeMS Data-Driven
Car-Following: IDM
ODE Solver:   Ballistic
Vmax:         35.0 m/s
======================================================================
Skipping Source actor due to time limit at clock = 43201.00125327633
Skipping Source actor due to time limit at clock = 43210.6788297557
-----------------------------
| Model.cleanup in progress |
-----------------------------
cleanup: agenda
cleanup: wait queues
coroutine counts = (34539546,34537234,34536076)
[ModelOptimizer] Fitness: 8.1009 | Elapsed: 56.40 sec
[ModelOptimizer] Evaluating parameters: VectorD(1.00000,	3.52255,	-0.500000,	0.800000,	1.51662)

======================================================================
TRAFFIC MODEL BUILDER SUMMARY
======================================================================
Network:      US-101-N-DonaldDoyle
Segments:     7
Lanes:        4
Junctions:    8
Ramps:        2
Sensors:      5
Mode:         PeMS Data-Driven
Car-Following: IDM
ODE Solver:   Ballistic
Vmax:         35.0 m/s
======================================================================
Skipping Source actor due to time limit at clock = 43201.00125327633
Skipping Source actor due to time limit at clock = 43210.6788297557
-----------------------------
| Model.cleanup in progress |
-----------------------------
cleanup: agenda
cleanup: wait queues
coroutine counts = (34599303,34596987,34595827)
[ModelOptimizer] Fitness: 8.1012 | Elapsed: 56.34 sec
[ModelOptimizer] Evaluating parameters: VectorD(1.00000,	3.52255,	-0.500000,	0.800000,	1.51662)

======================================================================
TRAFFIC MODEL BUILDER SUMMARY
======================================================================
Network:      US-101-N-DonaldDoyle
Segments:     7
Lanes:        4
Junctions:    8
Ramps:        2
Sensors:      5
Mode:         PeMS Data-Driven
Car-Following: IDM
ODE Solver:   Ballistic
Vmax:         35.0 m/s
======================================================================
Skipping Source actor due to time limit at clock = 43201.00125327633
Skipping Source actor due to time limit at clock = 43210.6788297557
-----------------------------
| Model.cleanup in progress |
-----------------------------
cleanup: agenda
cleanup: wait queues
coroutine counts = (34659060,34656740,34655578)
[ModelOptimizer] Fitness: 8.1016 | Elapsed: 56.87 sec
[ModelOptimizer] Evaluating parameters: VectorD(1.00000,	3.52255,	-0.500000,	0.800000,	1.51662)

======================================================================
TRAFFIC MODEL BUILDER SUMMARY
======================================================================
Network:      US-101-N-DonaldDoyle
Segments:     7
Lanes:        4
Junctions:    8
Ramps:        2
Sensors:      5
Mode:         PeMS Data-Driven
Car-Following: IDM
ODE Solver:   Ballistic
Vmax:         35.0 m/s
======================================================================
Skipping Source actor due to time limit at clock = 43201.00125327633
Skipping Source actor due to time limit at clock = 43210.6788297557
-----------------------------
| Model.cleanup in progress |
-----------------------------
cleanup: agenda
cleanup: wait queues
coroutine counts = (34718817,34716493,34715329)
[ModelOptimizer] Fitness: 8.1013 | Elapsed: 58.71 sec
[ModelOptimizer] Evaluating parameters: VectorD(1.00000,	3.52255,	-0.500000,	0.800000,	1.51662)

======================================================================
TRAFFIC MODEL BUILDER SUMMARY
======================================================================
Network:      US-101-N-DonaldDoyle
Segments:     7
Lanes:        4
Junctions:    8
Ramps:        2
Sensors:      5
Mode:         PeMS Data-Driven
Car-Following: IDM
ODE Solver:   Ballistic
Vmax:         35.0 m/s
======================================================================
Skipping Source actor due to time limit at clock = 43201.00125327633
Skipping Source actor due to time limit at clock = 43210.6788297557
-----------------------------
| Model.cleanup in progress |
-----------------------------
cleanup: agenda
cleanup: wait queues
coroutine counts = (34778574,34776246,34775080)
[ModelOptimizer] Fitness: 8.1012 | Elapsed: 54.89 sec
[ModelOptimizer] Evaluating parameters: VectorD(1.00000,	3.52255,	-0.500000,	0.800000,	1.51662)

======================================================================
TRAFFIC MODEL BUILDER SUMMARY
======================================================================
Network:      US-101-N-DonaldDoyle
Segments:     7
Lanes:        4
Junctions:    8
Ramps:        2
Sensors:      5
Mode:         PeMS Data-Driven
Car-Following: IDM
ODE Solver:   Ballistic
Vmax:         35.0 m/s
======================================================================
Skipping Source actor due to time limit at clock = 43201.00125327633
Skipping Source actor due to time limit at clock = 43210.6788297557
-----------------------------
| Model.cleanup in progress |
-----------------------------
cleanup: agenda
cleanup: wait queues
coroutine counts = (34838331,34835999,34834831)
[ModelOptimizer] Fitness: 8.1012 | Elapsed: 56.16 sec
[ModelOptimizer] Evaluating parameters: VectorD(1.00000,	3.52255,	-0.500000,	0.800000,	1.51662)

======================================================================
TRAFFIC MODEL BUILDER SUMMARY
======================================================================
Network:      US-101-N-DonaldDoyle
Segments:     7
Lanes:        4
Junctions:    8
Ramps:        2
Sensors:      5
Mode:         PeMS Data-Driven
Car-Following: IDM
ODE Solver:   Ballistic
Vmax:         35.0 m/s
======================================================================
Skipping Source actor due to time limit at clock = 43201.00125327633
Skipping Source actor due to time limit at clock = 43210.6788297557
-----------------------------
| Model.cleanup in progress |
-----------------------------
cleanup: agenda
cleanup: wait queues
coroutine counts = (34898088,34895752,34894582)
[ModelOptimizer] Fitness: 8.1015 | Elapsed: 57.90 sec
[ModelOptimizer] Evaluating parameters: VectorD(1.00000,	3.52255,	-0.500000,	0.800000,	1.51662)

======================================================================
TRAFFIC MODEL BUILDER SUMMARY
======================================================================
Network:      US-101-N-DonaldDoyle
Segments:     7
Lanes:        4
Junctions:    8
Ramps:        2
Sensors:      5
Mode:         PeMS Data-Driven
Car-Following: IDM
ODE Solver:   Ballistic
Vmax:         35.0 m/s
======================================================================
Skipping Source actor due to time limit at clock = 43201.00125327633
Skipping Source actor due to time limit at clock = 43210.6788297557
-----------------------------
| Model.cleanup in progress |
-----------------------------
cleanup: agenda
cleanup: wait queues
coroutine counts = (34957845,34955505,34954333)
[ModelOptimizer] Fitness: 8.1009 | Elapsed: 56.31 sec
[ModelOptimizer] Evaluating parameters: VectorD(1.00000,	3.52255,	-0.500000,	0.800000,	1.51662)

======================================================================
TRAFFIC MODEL BUILDER SUMMARY
======================================================================
Network:      US-101-N-DonaldDoyle
Segments:     7
Lanes:        4
Junctions:    8
Ramps:        2
Sensors:      5
Mode:         PeMS Data-Driven
Car-Following: IDM
ODE Solver:   Ballistic
Vmax:         35.0 m/s
======================================================================
Skipping Source actor due to time limit at clock = 43201.00125327633
Skipping Source actor due to time limit at clock = 43210.6788297557
-----------------------------
| Model.cleanup in progress |
-----------------------------
cleanup: agenda
cleanup: wait queues
coroutine counts = (35017602,35015258,35014084)
[ModelOptimizer] Fitness: 8.1003 | Elapsed: 58.23 sec
[ModelOptimizer] Evaluating parameters: VectorD(1.00000,	3.52255,	-0.500000,	0.800000,	1.51662)

======================================================================
TRAFFIC MODEL BUILDER SUMMARY
======================================================================
Network:      US-101-N-DonaldDoyle
Segments:     7
Lanes:        4
Junctions:    8
Ramps:        2
Sensors:      5
Mode:         PeMS Data-Driven
Car-Following: IDM
ODE Solver:   Ballistic
Vmax:         35.0 m/s
======================================================================
Skipping Source actor due to time limit at clock = 43201.00125327633
Skipping Source actor due to time limit at clock = 43210.6788297557
-----------------------------
| Model.cleanup in progress |
-----------------------------
cleanup: agenda
cleanup: wait queues
coroutine counts = (35077359,35075011,35073835)
[ModelOptimizer] Fitness: 8.1010 | Elapsed: 56.33 sec
[ModelOptimizer] Evaluating parameters: VectorD(1.00000,	3.52255,	-0.500000,	0.800000,	1.51662)

======================================================================
TRAFFIC MODEL BUILDER SUMMARY
======================================================================
Network:      US-101-N-DonaldDoyle
Segments:     7
Lanes:        4
Junctions:    8
Ramps:        2
Sensors:      5
Mode:         PeMS Data-Driven
Car-Following: IDM
ODE Solver:   Ballistic
Vmax:         35.0 m/s
======================================================================
Skipping Source actor due to time limit at clock = 43201.00125327633
Skipping Source actor due to time limit at clock = 43210.6788297557
-----------------------------
| Model.cleanup in progress |
-----------------------------
cleanup: agenda
cleanup: wait queues
coroutine counts = (35137116,35134764,35133586)
[ModelOptimizer] Fitness: 8.1010 | Elapsed: 58.48 sec
     112 |      8.10029721 |      8.10029721 |      28.0% ✓
[ModelOptimizer] Evaluating parameters: VectorD(1.00000,	3.52255,	-0.500000,	0.800000,	1.51662)

======================================================================
TRAFFIC MODEL BUILDER SUMMARY
======================================================================
Network:      US-101-N-DonaldDoyle
Segments:     7
Lanes:        4
Junctions:    8
Ramps:        2
Sensors:      5
Mode:         PeMS Data-Driven
Car-Following: IDM
ODE Solver:   Ballistic
Vmax:         35.0 m/s
======================================================================
Skipping Source actor due to time limit at clock = 43201.00125327633
Skipping Source actor due to time limit at clock = 43210.6788297557
-----------------------------
| Model.cleanup in progress |
-----------------------------
cleanup: agenda
cleanup: wait queues
coroutine counts = (35196873,35194517,35193337)
[ModelOptimizer] Fitness: 8.1010 | Elapsed: 58.31 sec
[ModelOptimizer] Evaluating parameters: VectorD(1.00000,	3.52255,	-0.500000,	0.800000,	1.51662)

======================================================================
TRAFFIC MODEL BUILDER SUMMARY
======================================================================
Network:      US-101-N-DonaldDoyle
Segments:     7
Lanes:        4
Junctions:    8
Ramps:        2
Sensors:      5
Mode:         PeMS Data-Driven
Car-Following: IDM
ODE Solver:   Ballistic
Vmax:         35.0 m/s
======================================================================
Skipping Source actor due to time limit at clock = 43201.00125327633
Skipping Source actor due to time limit at clock = 43210.6788297557
-----------------------------
| Model.cleanup in progress |
-----------------------------
cleanup: agenda
cleanup: wait queues
coroutine counts = (35256630,35254270,35253088)
[ModelOptimizer] Fitness: 8.1009 | Elapsed: 55.17 sec
[ModelOptimizer] Evaluating parameters: VectorD(1.00000,	3.52255,	-0.500000,	0.800000,	1.51662)

======================================================================
TRAFFIC MODEL BUILDER SUMMARY
======================================================================
Network:      US-101-N-DonaldDoyle
Segments:     7
Lanes:        4
Junctions:    8
Ramps:        2
Sensors:      5
Mode:         PeMS Data-Driven
Car-Following: IDM
ODE Solver:   Ballistic
Vmax:         35.0 m/s
======================================================================
Skipping Source actor due to time limit at clock = 43201.00125327633
Skipping Source actor due to time limit at clock = 43210.6788297557
-----------------------------
| Model.cleanup in progress |
-----------------------------
cleanup: agenda
cleanup: wait queues
coroutine counts = (35316387,35314023,35312839)
[ModelOptimizer] Fitness: 8.1009 | Elapsed: 58.92 sec
     113 |      8.10029721 |      8.10029721 |      28.3% ✓
[ModelOptimizer] Evaluating parameters: VectorD(1.00000,	3.52255,	-0.500000,	0.800000,	1.51662)

======================================================================
TRAFFIC MODEL BUILDER SUMMARY
======================================================================
Network:      US-101-N-DonaldDoyle
Segments:     7
Lanes:        4
Junctions:    8
Ramps:        2
Sensors:      5
Mode:         PeMS Data-Driven
Car-Following: IDM
ODE Solver:   Ballistic
Vmax:         35.0 m/s
======================================================================
Skipping Source actor due to time limit at clock = 43201.00125327633
Skipping Source actor due to time limit at clock = 43210.6788297557
-----------------------------
| Model.cleanup in progress |
-----------------------------
cleanup: agenda
cleanup: wait queues
coroutine counts = (35376144,35373776,35372590)
[ModelOptimizer] Fitness: 8.1006 | Elapsed: 56.95 sec
[ModelOptimizer] Evaluating parameters: VectorD(1.00000,	3.52255,	-0.500000,	0.800000,	1.51662)

======================================================================
TRAFFIC MODEL BUILDER SUMMARY
======================================================================
Network:      US-101-N-DonaldDoyle
Segments:     7
Lanes:        4
Junctions:    8
Ramps:        2
Sensors:      5
Mode:         PeMS Data-Driven
Car-Following: IDM
ODE Solver:   Ballistic
Vmax:         35.0 m/s
======================================================================
Skipping Source actor due to time limit at clock = 43201.00125327633
Skipping Source actor due to time limit at clock = 43210.6788297557
-----------------------------
| Model.cleanup in progress |
-----------------------------
cleanup: agenda
cleanup: wait queues
coroutine counts = (35435901,35433529,35432341)
[ModelOptimizer] Fitness: 8.1012 | Elapsed: 57.28 sec
[ModelOptimizer] Evaluating parameters: VectorD(1.00000,	3.52255,	-0.500000,	0.800000,	1.51662)

======================================================================
TRAFFIC MODEL BUILDER SUMMARY
======================================================================
Network:      US-101-N-DonaldDoyle
Segments:     7
Lanes:        4
Junctions:    8
Ramps:        2
Sensors:      5
Mode:         PeMS Data-Driven
Car-Following: IDM
ODE Solver:   Ballistic
Vmax:         35.0 m/s
======================================================================
Skipping Source actor due to time limit at clock = 43201.00125327633
Skipping Source actor due to time limit at clock = 43210.6788297557
-----------------------------
| Model.cleanup in progress |
-----------------------------
cleanup: agenda
cleanup: wait queues
coroutine counts = (35495658,35493282,35492092)
[ModelOptimizer] Fitness: 8.1013 | Elapsed: 58.14 sec
[ModelOptimizer] Evaluating parameters: VectorD(1.00000,	3.52255,	-0.500000,	0.800000,	1.51662)

======================================================================
TRAFFIC MODEL BUILDER SUMMARY
======================================================================
Network:      US-101-N-DonaldDoyle
Segments:     7
Lanes:        4
Junctions:    8
Ramps:        2
Sensors:      5
Mode:         PeMS Data-Driven
Car-Following: IDM
ODE Solver:   Ballistic
Vmax:         35.0 m/s
======================================================================
Skipping Source actor due to time limit at clock = 43201.00125327633
Skipping Source actor due to time limit at clock = 43210.6788297557
-----------------------------
| Model.cleanup in progress |
-----------------------------
cleanup: agenda
cleanup: wait queues
coroutine counts = (35555415,35553035,35551843)
[ModelOptimizer] Fitness: 8.1009 | Elapsed: 57.40 sec
[ModelOptimizer] Evaluating parameters: VectorD(1.00000,	3.52255,	-0.500000,	0.800000,	1.51662)

======================================================================
TRAFFIC MODEL BUILDER SUMMARY
======================================================================
Network:      US-101-N-DonaldDoyle
Segments:     7
Lanes:        4
Junctions:    8
Ramps:        2
Sensors:      5
Mode:         PeMS Data-Driven
Car-Following: IDM
ODE Solver:   Ballistic
Vmax:         35.0 m/s
======================================================================
Skipping Source actor due to time limit at clock = 43201.00125327633
Skipping Source actor due to time limit at clock = 43210.6788297557
-----------------------------
| Model.cleanup in progress |
-----------------------------
cleanup: agenda
cleanup: wait queues
coroutine counts = (35615172,35612788,35611594)
[ModelOptimizer] Fitness: 8.1010 | Elapsed: 55.23 sec
[ModelOptimizer] Evaluating parameters: VectorD(1.00000,	3.52255,	-0.500000,	0.800000,	1.51662)

======================================================================
TRAFFIC MODEL BUILDER SUMMARY
======================================================================
Network:      US-101-N-DonaldDoyle
Segments:     7
Lanes:        4
Junctions:    8
Ramps:        2
Sensors:      5
Mode:         PeMS Data-Driven
Car-Following: IDM
ODE Solver:   Ballistic
Vmax:         35.0 m/s
======================================================================
Skipping Source actor due to time limit at clock = 43201.00125327633
Skipping Source actor due to time limit at clock = 43210.6788297557
-----------------------------
| Model.cleanup in progress |
-----------------------------
cleanup: agenda
cleanup: wait queues
coroutine counts = (35674929,35672541,35671345)
[ModelOptimizer] Fitness: 8.1009 | Elapsed: 58.22 sec
[ModelOptimizer] Evaluating parameters: VectorD(1.00000,	3.52255,	-0.500000,	0.800000,	1.51662)

======================================================================
TRAFFIC MODEL BUILDER SUMMARY
======================================================================
Network:      US-101-N-DonaldDoyle
Segments:     7
Lanes:        4
Junctions:    8
Ramps:        2
Sensors:      5
Mode:         PeMS Data-Driven
Car-Following: IDM
ODE Solver:   Ballistic
Vmax:         35.0 m/s
======================================================================
Skipping Source actor due to time limit at clock = 43201.00125327633
Skipping Source actor due to time limit at clock = 43210.6788297557
-----------------------------
| Model.cleanup in progress |
-----------------------------
cleanup: agenda
cleanup: wait queues
coroutine counts = (35734686,35732294,35731096)
[ModelOptimizer] Fitness: 8.1008 | Elapsed: 52.98 sec
[ModelOptimizer] Evaluating parameters: VectorD(1.00000,	3.52255,	-0.500000,	0.800000,	1.51662)

======================================================================
TRAFFIC MODEL BUILDER SUMMARY
======================================================================
Network:      US-101-N-DonaldDoyle
Segments:     7
Lanes:        4
Junctions:    8
Ramps:        2
Sensors:      5
Mode:         PeMS Data-Driven
Car-Following: IDM
ODE Solver:   Ballistic
Vmax:         35.0 m/s
======================================================================
Skipping Source actor due to time limit at clock = 43201.00125327633
Skipping Source actor due to time limit at clock = 43210.6788297557
-----------------------------
| Model.cleanup in progress |
-----------------------------
cleanup: agenda
cleanup: wait queues
coroutine counts = (35794443,35792047,35790847)
[ModelOptimizer] Fitness: 8.1016 | Elapsed: 55.37 sec
[ModelOptimizer] Evaluating parameters: VectorD(1.00000,	3.52255,	-0.500000,	0.800000,	1.51662)

======================================================================
TRAFFIC MODEL BUILDER SUMMARY
======================================================================
Network:      US-101-N-DonaldDoyle
Segments:     7
Lanes:        4
Junctions:    8
Ramps:        2
Sensors:      5
Mode:         PeMS Data-Driven
Car-Following: IDM
ODE Solver:   Ballistic
Vmax:         35.0 m/s
======================================================================
Skipping Source actor due to time limit at clock = 43201.00125327633
Skipping Source actor due to time limit at clock = 43210.6788297557
-----------------------------
| Model.cleanup in progress |
-----------------------------
cleanup: agenda
cleanup: wait queues
coroutine counts = (35854200,35851800,35850598)
[ModelOptimizer] Fitness: 8.1012 | Elapsed: 56.40 sec
[ModelOptimizer] Evaluating parameters: VectorD(1.00000,	3.52255,	-0.500000,	0.800000,	1.51662)

======================================================================
TRAFFIC MODEL BUILDER SUMMARY
======================================================================
Network:      US-101-N-DonaldDoyle
Segments:     7
Lanes:        4
Junctions:    8
Ramps:        2
Sensors:      5
Mode:         PeMS Data-Driven
Car-Following: IDM
ODE Solver:   Ballistic
Vmax:         35.0 m/s
======================================================================
Skipping Source actor due to time limit at clock = 43201.00125327633
Skipping Source actor due to time limit at clock = 43210.6788297557
-----------------------------
| Model.cleanup in progress |
-----------------------------
cleanup: agenda
cleanup: wait queues
coroutine counts = (35913957,35911553,35910349)
[ModelOptimizer] Fitness: 8.1008 | Elapsed: 59.18 sec
[ModelOptimizer] Evaluating parameters: VectorD(1.00000,	3.52255,	-0.500000,	0.800000,	1.51662)

======================================================================
TRAFFIC MODEL BUILDER SUMMARY
======================================================================
Network:      US-101-N-DonaldDoyle
Segments:     7
Lanes:        4
Junctions:    8
Ramps:        2
Sensors:      5
Mode:         PeMS Data-Driven
Car-Following: IDM
ODE Solver:   Ballistic
Vmax:         35.0 m/s
======================================================================
Skipping Source actor due to time limit at clock = 43201.00125327633
Skipping Source actor due to time limit at clock = 43210.6788297557
-----------------------------
| Model.cleanup in progress |
-----------------------------
cleanup: agenda
cleanup: wait queues
coroutine counts = (35973714,35971306,35970100)
[ModelOptimizer] Fitness: 8.1008 | Elapsed: 57.05 sec
     114 |      8.10029721 |      8.10029721 |      28.5% ✓
[ModelOptimizer] Evaluating parameters: VectorD(1.00000,	3.52255,	-0.500000,	0.800000,	1.51662)

======================================================================
TRAFFIC MODEL BUILDER SUMMARY
======================================================================
Network:      US-101-N-DonaldDoyle
Segments:     7
Lanes:        4
Junctions:    8
Ramps:        2
Sensors:      5
Mode:         PeMS Data-Driven
Car-Following: IDM
ODE Solver:   Ballistic
Vmax:         35.0 m/s
======================================================================
Skipping Source actor due to time limit at clock = 43201.00125327633
Skipping Source actor due to time limit at clock = 43210.6788297557
-----------------------------
| Model.cleanup in progress |
-----------------------------
cleanup: agenda
cleanup: wait queues
coroutine counts = (36033471,36031059,36029851)
[ModelOptimizer] Fitness: 8.1008 | Elapsed: 58.65 sec
[ModelOptimizer] Evaluating parameters: VectorD(1.00000,	3.52255,	-0.500000,	0.800000,	1.51662)

======================================================================
TRAFFIC MODEL BUILDER SUMMARY
======================================================================
Network:      US-101-N-DonaldDoyle
Segments:     7
Lanes:        4
Junctions:    8
Ramps:        2
Sensors:      5
Mode:         PeMS Data-Driven
Car-Following: IDM
ODE Solver:   Ballistic
Vmax:         35.0 m/s
======================================================================
Skipping Source actor due to time limit at clock = 43201.00125327633
Skipping Source actor due to time limit at clock = 43210.6788297557
-----------------------------
| Model.cleanup in progress |
-----------------------------
cleanup: agenda
cleanup: wait queues
coroutine counts = (36093228,36090812,36089602)
[ModelOptimizer] Fitness: 8.1010 | Elapsed: 57.50 sec
[ModelOptimizer] Evaluating parameters: VectorD(1.00000,	3.52255,	-0.500000,	0.800000,	1.51662)

======================================================================
TRAFFIC MODEL BUILDER SUMMARY
======================================================================
Network:      US-101-N-DonaldDoyle
Segments:     7
Lanes:        4
Junctions:    8
Ramps:        2
Sensors:      5
Mode:         PeMS Data-Driven
Car-Following: IDM
ODE Solver:   Ballistic
Vmax:         35.0 m/s
======================================================================
Skipping Source actor due to time limit at clock = 43201.00125327633
Skipping Source actor due to time limit at clock = 43210.6788297557
-----------------------------
| Model.cleanup in progress |
-----------------------------
cleanup: agenda
cleanup: wait queues
coroutine counts = (36152985,36150565,36149353)
[ModelOptimizer] Fitness: 8.1010 | Elapsed: 59.57 sec
[ModelOptimizer] Evaluating parameters: VectorD(1.00000,	3.52255,	-0.500000,	0.800000,	1.51662)

======================================================================
TRAFFIC MODEL BUILDER SUMMARY
======================================================================
Network:      US-101-N-DonaldDoyle
Segments:     7
Lanes:        4
Junctions:    8
Ramps:        2
Sensors:      5
Mode:         PeMS Data-Driven
Car-Following: IDM
ODE Solver:   Ballistic
Vmax:         35.0 m/s
======================================================================
Skipping Source actor due to time limit at clock = 43201.00125327633
Skipping Source actor due to time limit at clock = 43210.6788297557
-----------------------------
| Model.cleanup in progress |
-----------------------------
cleanup: agenda
cleanup: wait queues
coroutine counts = (36212742,36210318,36209104)
[ModelOptimizer] Fitness: 8.1010 | Elapsed: 58.26 sec
     115 |      8.10029721 |      8.10029721 |      28.8% ✓
[ModelOptimizer] Evaluating parameters: VectorD(1.00000,	3.52255,	-0.500000,	0.800000,	1.51662)

======================================================================
TRAFFIC MODEL BUILDER SUMMARY
======================================================================
Network:      US-101-N-DonaldDoyle
Segments:     7
Lanes:        4
Junctions:    8
Ramps:        2
Sensors:      5
Mode:         PeMS Data-Driven
Car-Following: IDM
ODE Solver:   Ballistic
Vmax:         35.0 m/s
======================================================================
Skipping Source actor due to time limit at clock = 43201.00125327633
Skipping Source actor due to time limit at clock = 43210.6788297557
-----------------------------
| Model.cleanup in progress |
-----------------------------
cleanup: agenda
cleanup: wait queues
coroutine counts = (36272499,36270071,36268855)
[ModelOptimizer] Fitness: 8.1008 | Elapsed: 57.94 sec
[ModelOptimizer] Evaluating parameters: VectorD(1.00000,	3.52255,	-0.500000,	0.800000,	1.51662)

======================================================================
TRAFFIC MODEL BUILDER SUMMARY
======================================================================
Network:      US-101-N-DonaldDoyle
Segments:     7
Lanes:        4
Junctions:    8
Ramps:        2
Sensors:      5
Mode:         PeMS Data-Driven
Car-Following: IDM
ODE Solver:   Ballistic
Vmax:         35.0 m/s
======================================================================
Skipping Source actor due to time limit at clock = 43201.00125327633
Skipping Source actor due to time limit at clock = 43210.6788297557
-----------------------------
| Model.cleanup in progress |
-----------------------------
cleanup: agenda
cleanup: wait queues
coroutine counts = (36332256,36329824,36328606)
[ModelOptimizer] Fitness: 8.1012 | Elapsed: 58.22 sec
[ModelOptimizer] Evaluating parameters: VectorD(1.00000,	3.52255,	-0.500000,	0.800000,	1.51662)

======================================================================
TRAFFIC MODEL BUILDER SUMMARY
======================================================================
Network:      US-101-N-DonaldDoyle
Segments:     7
Lanes:        4
Junctions:    8
Ramps:        2
Sensors:      5
Mode:         PeMS Data-Driven
Car-Following: IDM
ODE Solver:   Ballistic
Vmax:         35.0 m/s
======================================================================
Skipping Source actor due to time limit at clock = 43201.00125327633
Skipping Source actor due to time limit at clock = 43210.6788297557
-----------------------------
| Model.cleanup in progress |
-----------------------------
cleanup: agenda
cleanup: wait queues
coroutine counts = (36392013,36389577,36388357)
[ModelOptimizer] Fitness: 8.1015 | Elapsed: 59.75 sec
[ModelOptimizer] Evaluating parameters: VectorD(1.00000,	3.52255,	-0.500000,	0.800000,	1.51662)

======================================================================
TRAFFIC MODEL BUILDER SUMMARY
======================================================================
Network:      US-101-N-DonaldDoyle
Segments:     7
Lanes:        4
Junctions:    8
Ramps:        2
Sensors:      5
Mode:         PeMS Data-Driven
Car-Following: IDM
ODE Solver:   Ballistic
Vmax:         35.0 m/s
======================================================================
Skipping Source actor due to time limit at clock = 43201.00125327633
Skipping Source actor due to time limit at clock = 43210.6788297557
-----------------------------
| Model.cleanup in progress |
-----------------------------
cleanup: agenda
cleanup: wait queues
coroutine counts = (36451770,36449330,36448108)
[ModelOptimizer] Fitness: 8.1011 | Elapsed: 58.80 sec
[ModelOptimizer] Evaluating parameters: VectorD(1.00000,	3.52255,	-0.500000,	0.800000,	1.51662)

======================================================================
TRAFFIC MODEL BUILDER SUMMARY
======================================================================
Network:      US-101-N-DonaldDoyle
Segments:     7
Lanes:        4
Junctions:    8
Ramps:        2
Sensors:      5
Mode:         PeMS Data-Driven
Car-Following: IDM
ODE Solver:   Ballistic
Vmax:         35.0 m/s
======================================================================
Skipping Source actor due to time limit at clock = 43201.00125327633
Skipping Source actor due to time limit at clock = 43210.6788297557
-----------------------------
| Model.cleanup in progress |
-----------------------------
cleanup: agenda
cleanup: wait queues
coroutine counts = (36511527,36509083,36507859)
[ModelOptimizer] Fitness: 8.1009 | Elapsed: 57.78 sec
[ModelOptimizer] Evaluating parameters: VectorD(1.00000,	3.52255,	-0.500000,	0.800000,	1.51662)

======================================================================
TRAFFIC MODEL BUILDER SUMMARY
======================================================================
Network:      US-101-N-DonaldDoyle
Segments:     7
Lanes:        4
Junctions:    8
Ramps:        2
Sensors:      5
Mode:         PeMS Data-Driven
Car-Following: IDM
ODE Solver:   Ballistic
Vmax:         35.0 m/s
======================================================================
Skipping Source actor due to time limit at clock = 43201.00125327633
Skipping Source actor due to time limit at clock = 43210.6788297557
-----------------------------
| Model.cleanup in progress |
-----------------------------
cleanup: agenda
cleanup: wait queues
coroutine counts = (36571284,36568836,36567610)
[ModelOptimizer] Fitness: 8.1011 | Elapsed: 59.37 sec
[ModelOptimizer] Evaluating parameters: VectorD(1.00000,	3.52255,	-0.500000,	0.800000,	1.51662)

======================================================================
TRAFFIC MODEL BUILDER SUMMARY
======================================================================
Network:      US-101-N-DonaldDoyle
Segments:     7
Lanes:        4
Junctions:    8
Ramps:        2
Sensors:      5
Mode:         PeMS Data-Driven
Car-Following: IDM
ODE Solver:   Ballistic
Vmax:         35.0 m/s
======================================================================
Skipping Source actor due to time limit at clock = 43201.00125327633
Skipping Source actor due to time limit at clock = 43210.6788297557
-----------------------------
| Model.cleanup in progress |
-----------------------------
cleanup: agenda
cleanup: wait queues
coroutine counts = (36631041,36628589,36627361)
[ModelOptimizer] Fitness: 8.1014 | Elapsed: 58.57 sec
[ModelOptimizer] Evaluating parameters: VectorD(1.00000,	3.52255,	-0.500000,	0.800000,	1.51662)

======================================================================
TRAFFIC MODEL BUILDER SUMMARY
======================================================================
Network:      US-101-N-DonaldDoyle
Segments:     7
Lanes:        4
Junctions:    8
Ramps:        2
Sensors:      5
Mode:         PeMS Data-Driven
Car-Following: IDM
ODE Solver:   Ballistic
Vmax:         35.0 m/s
======================================================================
Skipping Source actor due to time limit at clock = 43201.00125327633
Skipping Source actor due to time limit at clock = 43210.6788297557
-----------------------------
| Model.cleanup in progress |
-----------------------------
cleanup: agenda
cleanup: wait queues
coroutine counts = (36690798,36688342,36687112)
[ModelOptimizer] Fitness: 8.1008 | Elapsed: 57.78 sec
[ModelOptimizer] Evaluating parameters: VectorD(1.00000,	3.52255,	-0.500000,	0.800000,	1.51662)

======================================================================
TRAFFIC MODEL BUILDER SUMMARY
======================================================================
Network:      US-101-N-DonaldDoyle
Segments:     7
Lanes:        4
Junctions:    8
Ramps:        2
Sensors:      5
Mode:         PeMS Data-Driven
Car-Following: IDM
ODE Solver:   Ballistic
Vmax:         35.0 m/s
======================================================================
Skipping Source actor due to time limit at clock = 43201.00125327633
Skipping Source actor due to time limit at clock = 43210.6788297557
-----------------------------
| Model.cleanup in progress |
-----------------------------
cleanup: agenda
cleanup: wait queues
coroutine counts = (36750555,36748095,36746863)
[ModelOptimizer] Fitness: 8.1006 | Elapsed: 58.59 sec
[ModelOptimizer] Evaluating parameters: VectorD(1.00000,	3.52255,	-0.500000,	0.800000,	1.51662)

======================================================================
TRAFFIC MODEL BUILDER SUMMARY
======================================================================
Network:      US-101-N-DonaldDoyle
Segments:     7
Lanes:        4
Junctions:    8
Ramps:        2
Sensors:      5
Mode:         PeMS Data-Driven
Car-Following: IDM
ODE Solver:   Ballistic
Vmax:         35.0 m/s
======================================================================
Skipping Source actor due to time limit at clock = 43201.00125327633
Skipping Source actor due to time limit at clock = 43210.6788297557
-----------------------------
| Model.cleanup in progress |
-----------------------------
cleanup: agenda
cleanup: wait queues
coroutine counts = (36810312,36807848,36806614)
[ModelOptimizer] Fitness: 8.1010 | Elapsed: 58.76 sec
[ModelOptimizer] Evaluating parameters: VectorD(1.00000,	3.52255,	-0.500000,	0.800000,	1.51662)

======================================================================
TRAFFIC MODEL BUILDER SUMMARY
======================================================================
Network:      US-101-N-DonaldDoyle
Segments:     7
Lanes:        4
Junctions:    8
Ramps:        2
Sensors:      5
Mode:         PeMS Data-Driven
Car-Following: IDM
ODE Solver:   Ballistic
Vmax:         35.0 m/s
======================================================================
Skipping Source actor due to time limit at clock = 43201.00125327633
Skipping Source actor due to time limit at clock = 43210.6788297557
-----------------------------
| Model.cleanup in progress |
-----------------------------
cleanup: agenda
cleanup: wait queues
coroutine counts = (36870069,36867601,36866365)
[ModelOptimizer] Fitness: 8.1010 | Elapsed: 56.52 sec
     116 |      8.10029721 |      8.10029721 |      29.0% ✓
[ModelOptimizer] Evaluating parameters: VectorD(1.00000,	3.52255,	-0.500000,	0.800000,	1.51662)

======================================================================
TRAFFIC MODEL BUILDER SUMMARY
======================================================================
Network:      US-101-N-DonaldDoyle
Segments:     7
Lanes:        4
Junctions:    8
Ramps:        2
Sensors:      5
Mode:         PeMS Data-Driven
Car-Following: IDM
ODE Solver:   Ballistic
Vmax:         35.0 m/s
======================================================================
Skipping Source actor due to time limit at clock = 43201.00125327633
Skipping Source actor due to time limit at clock = 43210.6788297557
-----------------------------
| Model.cleanup in progress |
-----------------------------
cleanup: agenda
cleanup: wait queues
coroutine counts = (36929826,36927354,36926116)
[ModelOptimizer] Fitness: 8.1012 | Elapsed: 58.50 sec
[ModelOptimizer] Evaluating parameters: VectorD(1.00000,	3.52255,	-0.500000,	0.800000,	1.51662)

======================================================================
TRAFFIC MODEL BUILDER SUMMARY
======================================================================
Network:      US-101-N-DonaldDoyle
Segments:     7
Lanes:        4
Junctions:    8
Ramps:        2
Sensors:      5
Mode:         PeMS Data-Driven
Car-Following: IDM
ODE Solver:   Ballistic
Vmax:         35.0 m/s
======================================================================
Skipping Source actor due to time limit at clock = 43201.00125327633
Skipping Source actor due to time limit at clock = 43210.6788297557
-----------------------------
| Model.cleanup in progress |
-----------------------------
cleanup: agenda
cleanup: wait queues
coroutine counts = (36989583,36987107,36985867)
[ModelOptimizer] Fitness: 8.1011 | Elapsed: 58.65 sec
[ModelOptimizer] Evaluating parameters: VectorD(1.00000,	3.52255,	-0.500000,	0.800000,	1.51662)

======================================================================
TRAFFIC MODEL BUILDER SUMMARY
======================================================================
Network:      US-101-N-DonaldDoyle
Segments:     7
Lanes:        4
Junctions:    8
Ramps:        2
Sensors:      5
Mode:         PeMS Data-Driven
Car-Following: IDM
ODE Solver:   Ballistic
Vmax:         35.0 m/s
======================================================================
Skipping Source actor due to time limit at clock = 43201.00125327633
Skipping Source actor due to time limit at clock = 43210.6788297557
-----------------------------
| Model.cleanup in progress |
-----------------------------
cleanup: agenda
cleanup: wait queues
coroutine counts = (37049340,37046860,37045618)
[ModelOptimizer] Fitness: 8.1008 | Elapsed: 56.93 sec
[ModelOptimizer] Evaluating parameters: VectorD(1.00000,	3.52255,	-0.500000,	0.800000,	1.51662)

======================================================================
TRAFFIC MODEL BUILDER SUMMARY
======================================================================
Network:      US-101-N-DonaldDoyle
Segments:     7
Lanes:        4
Junctions:    8
Ramps:        2
Sensors:      5
Mode:         PeMS Data-Driven
Car-Following: IDM
ODE Solver:   Ballistic
Vmax:         35.0 m/s
======================================================================
Skipping Source actor due to time limit at clock = 43201.00125327633
Skipping Source actor due to time limit at clock = 43210.6788297557
-----------------------------
| Model.cleanup in progress |
-----------------------------
cleanup: agenda
cleanup: wait queues
coroutine counts = (37109097,37106613,37105369)
[ModelOptimizer] Fitness: 8.1008 | Elapsed: 57.50 sec
     117 |      8.10029721 |      8.10029721 |      29.3% ✓
[ModelOptimizer] Evaluating parameters: VectorD(1.00000,	3.52255,	-0.500000,	0.800000,	1.51662)

======================================================================
TRAFFIC MODEL BUILDER SUMMARY
======================================================================
Network:      US-101-N-DonaldDoyle
Segments:     7
Lanes:        4
Junctions:    8
Ramps:        2
Sensors:      5
Mode:         PeMS Data-Driven
Car-Following: IDM
ODE Solver:   Ballistic
Vmax:         35.0 m/s
======================================================================
Skipping Source actor due to time limit at clock = 43201.00125327633
Skipping Source actor due to time limit at clock = 43210.6788297557
-----------------------------
| Model.cleanup in progress |
-----------------------------
cleanup: agenda
cleanup: wait queues
coroutine counts = (37168854,37166366,37165120)
[ModelOptimizer] Fitness: 8.1006 | Elapsed: 58.50 sec
[ModelOptimizer] Evaluating parameters: VectorD(1.00000,	3.52255,	-0.500000,	0.800000,	1.51662)

======================================================================
TRAFFIC MODEL BUILDER SUMMARY
======================================================================
Network:      US-101-N-DonaldDoyle
Segments:     7
Lanes:        4
Junctions:    8
Ramps:        2
Sensors:      5
Mode:         PeMS Data-Driven
Car-Following: IDM
ODE Solver:   Ballistic
Vmax:         35.0 m/s
======================================================================
Skipping Source actor due to time limit at clock = 43201.00125327633
Skipping Source actor due to time limit at clock = 43210.6788297557
-----------------------------
| Model.cleanup in progress |
-----------------------------
cleanup: agenda
cleanup: wait queues
coroutine counts = (37228611,37226119,37224871)
[ModelOptimizer] Fitness: 8.1017 | Elapsed: 58.84 sec
[ModelOptimizer] Evaluating parameters: VectorD(1.00000,	3.52255,	-0.500000,	0.800000,	1.51662)

======================================================================
TRAFFIC MODEL BUILDER SUMMARY
======================================================================
Network:      US-101-N-DonaldDoyle
Segments:     7
Lanes:        4
Junctions:    8
Ramps:        2
Sensors:      5
Mode:         PeMS Data-Driven
Car-Following: IDM
ODE Solver:   Ballistic
Vmax:         35.0 m/s
======================================================================
Skipping Source actor due to time limit at clock = 43201.00125327633
Skipping Source actor due to time limit at clock = 43210.6788297557
-----------------------------
| Model.cleanup in progress |
-----------------------------
cleanup: agenda
cleanup: wait queues
coroutine counts = (37288368,37285872,37284622)
[ModelOptimizer] Fitness: 8.1009 | Elapsed: 56.72 sec
[ModelOptimizer] Evaluating parameters: VectorD(1.00000,	3.52255,	-0.500000,	0.800000,	1.51662)

======================================================================
TRAFFIC MODEL BUILDER SUMMARY
======================================================================
Network:      US-101-N-DonaldDoyle
Segments:     7
Lanes:        4
Junctions:    8
Ramps:        2
Sensors:      5
Mode:         PeMS Data-Driven
Car-Following: IDM
ODE Solver:   Ballistic
Vmax:         35.0 m/s
======================================================================
Skipping Source actor due to time limit at clock = 43201.00125327633
Skipping Source actor due to time limit at clock = 43210.6788297557
-----------------------------
| Model.cleanup in progress |
-----------------------------
cleanup: agenda
cleanup: wait queues
coroutine counts = (37348125,37345625,37344373)
[ModelOptimizer] Fitness: 8.1009 | Elapsed: 56.56 sec
     118 |      8.10029721 |      8.10029721 |      29.5% ✓
[ModelOptimizer] Evaluating parameters: VectorD(1.00000,	3.52255,	-0.500000,	0.800000,	1.51662)

======================================================================
TRAFFIC MODEL BUILDER SUMMARY
======================================================================
Network:      US-101-N-DonaldDoyle
Segments:     7
Lanes:        4
Junctions:    8
Ramps:        2
Sensors:      5
Mode:         PeMS Data-Driven
Car-Following: IDM
ODE Solver:   Ballistic
Vmax:         35.0 m/s
======================================================================
Skipping Source actor due to time limit at clock = 43201.00125327633
Skipping Source actor due to time limit at clock = 43210.6788297557
-----------------------------
| Model.cleanup in progress |
-----------------------------
cleanup: agenda
cleanup: wait queues
coroutine counts = (37407882,37405378,37404124)
[ModelOptimizer] Fitness: 8.1007 | Elapsed: 59.17 sec
[ModelOptimizer] Evaluating parameters: VectorD(1.00000,	3.52255,	-0.500000,	0.800000,	1.51662)

======================================================================
TRAFFIC MODEL BUILDER SUMMARY
======================================================================
Network:      US-101-N-DonaldDoyle
Segments:     7
Lanes:        4
Junctions:    8
Ramps:        2
Sensors:      5
Mode:         PeMS Data-Driven
Car-Following: IDM
ODE Solver:   Ballistic
Vmax:         35.0 m/s
======================================================================
Skipping Source actor due to time limit at clock = 43201.00125327633
Skipping Source actor due to time limit at clock = 43210.6788297557
-----------------------------
| Model.cleanup in progress |
-----------------------------
cleanup: agenda
cleanup: wait queues
coroutine counts = (37467639,37465131,37463875)
[ModelOptimizer] Fitness: 8.1008 | Elapsed: 57.95 sec
[ModelOptimizer] Evaluating parameters: VectorD(1.00000,	3.52255,	-0.500000,	0.800000,	1.51662)

======================================================================
TRAFFIC MODEL BUILDER SUMMARY
======================================================================
Network:      US-101-N-DonaldDoyle
Segments:     7
Lanes:        4
Junctions:    8
Ramps:        2
Sensors:      5
Mode:         PeMS Data-Driven
Car-Following: IDM
ODE Solver:   Ballistic
Vmax:         35.0 m/s
======================================================================
Skipping Source actor due to time limit at clock = 43201.00125327633
Skipping Source actor due to time limit at clock = 43210.6788297557
-----------------------------
| Model.cleanup in progress |
-----------------------------
cleanup: agenda
cleanup: wait queues
coroutine counts = (37527396,37524884,37523626)
[ModelOptimizer] Fitness: 8.1008 | Elapsed: 57.85 sec
     119 |      8.10029721 |      8.10029721 |      29.8% ✓
[ModelOptimizer] Evaluating parameters: VectorD(1.00000,	3.52255,	-0.500000,	0.800000,	1.51662)

======================================================================
TRAFFIC MODEL BUILDER SUMMARY
======================================================================
Network:      US-101-N-DonaldDoyle
Segments:     7
Lanes:        4
Junctions:    8
Ramps:        2
Sensors:      5
Mode:         PeMS Data-Driven
Car-Following: IDM
ODE Solver:   Ballistic
Vmax:         35.0 m/s
======================================================================
Skipping Source actor due to time limit at clock = 43201.00125327633
Skipping Source actor due to time limit at clock = 43210.6788297557
-----------------------------
| Model.cleanup in progress |
-----------------------------
cleanup: agenda
cleanup: wait queues
coroutine counts = (37587153,37584637,37583377)
[ModelOptimizer] Fitness: 8.1009 | Elapsed: 57.31 sec
[ModelOptimizer] Evaluating parameters: VectorD(1.00000,	3.52255,	-0.500000,	0.800000,	1.51662)

======================================================================
TRAFFIC MODEL BUILDER SUMMARY
======================================================================
Network:      US-101-N-DonaldDoyle
Segments:     7
Lanes:        4
Junctions:    8
Ramps:        2
Sensors:      5
Mode:         PeMS Data-Driven
Car-Following: IDM
ODE Solver:   Ballistic
Vmax:         35.0 m/s
======================================================================
Skipping Source actor due to time limit at clock = 43201.00125327633
Skipping Source actor due to time limit at clock = 43210.6788297557
-----------------------------
| Model.cleanup in progress |
-----------------------------
cleanup: agenda
cleanup: wait queues
coroutine counts = (37646910,37644390,37643128)
[ModelOptimizer] Fitness: 8.1007 | Elapsed: 58.03 sec
[ModelOptimizer] Evaluating parameters: VectorD(1.00000,	3.52255,	-0.500000,	0.800000,	1.51662)

======================================================================
TRAFFIC MODEL BUILDER SUMMARY
======================================================================
Network:      US-101-N-DonaldDoyle
Segments:     7
Lanes:        4
Junctions:    8
Ramps:        2
Sensors:      5
Mode:         PeMS Data-Driven
Car-Following: IDM
ODE Solver:   Ballistic
Vmax:         35.0 m/s
======================================================================
Skipping Source actor due to time limit at clock = 43201.00125327633
Skipping Source actor due to time limit at clock = 43210.6788297557
-----------------------------
| Model.cleanup in progress |
-----------------------------
cleanup: agenda
cleanup: wait queues
coroutine counts = (37706667,37704143,37702879)
[ModelOptimizer] Fitness: 8.1007 | Elapsed: 58.31 sec
     120 |      8.10029721 |      8.10029721 |      30.0% ✓
[ModelOptimizer] Evaluating parameters: VectorD(1.00000,	3.52255,	-0.500000,	0.800000,	1.51662)

======================================================================
TRAFFIC MODEL BUILDER SUMMARY
======================================================================
Network:      US-101-N-DonaldDoyle
Segments:     7
Lanes:        4
Junctions:    8
Ramps:        2
Sensors:      5
Mode:         PeMS Data-Driven
Car-Following: IDM
ODE Solver:   Ballistic
Vmax:         35.0 m/s
======================================================================
Skipping Source actor due to time limit at clock = 43201.00125327633
Skipping Source actor due to time limit at clock = 43210.6788297557
-----------------------------
| Model.cleanup in progress |
-----------------------------
cleanup: agenda
cleanup: wait queues
coroutine counts = (37766424,37763896,37762630)
[ModelOptimizer] Fitness: 8.1006 | Elapsed: 56.83 sec
[ModelOptimizer] Evaluating parameters: VectorD(1.00000,	3.52255,	-0.500000,	0.800000,	1.51662)

======================================================================
TRAFFIC MODEL BUILDER SUMMARY
======================================================================
Network:      US-101-N-DonaldDoyle
Segments:     7
Lanes:        4
Junctions:    8
Ramps:        2
Sensors:      5
Mode:         PeMS Data-Driven
Car-Following: IDM
ODE Solver:   Ballistic
Vmax:         35.0 m/s
======================================================================
Skipping Source actor due to time limit at clock = 43201.00125327633
Skipping Source actor due to time limit at clock = 43210.6788297557
-----------------------------
| Model.cleanup in progress |
-----------------------------
cleanup: agenda
cleanup: wait queues
coroutine counts = (37826181,37823649,37822381)
[ModelOptimizer] Fitness: 8.1011 | Elapsed: 57.71 sec
[ModelOptimizer] Evaluating parameters: VectorD(1.00000,	3.52255,	-0.500000,	0.800000,	1.51662)

======================================================================
TRAFFIC MODEL BUILDER SUMMARY
======================================================================
Network:      US-101-N-DonaldDoyle
Segments:     7
Lanes:        4
Junctions:    8
Ramps:        2
Sensors:      5
Mode:         PeMS Data-Driven
Car-Following: IDM
ODE Solver:   Ballistic
Vmax:         35.0 m/s
======================================================================
Skipping Source actor due to time limit at clock = 43201.00125327633
Skipping Source actor due to time limit at clock = 43210.6788297557
-----------------------------
| Model.cleanup in progress |
-----------------------------
cleanup: agenda
cleanup: wait queues
coroutine counts = (37885938,37883402,37882132)
[ModelOptimizer] Fitness: 8.1007 | Elapsed: 56.60 sec
[ModelOptimizer] Evaluating parameters: VectorD(1.00000,	3.52255,	-0.500000,	0.800000,	1.51662)

======================================================================
TRAFFIC MODEL BUILDER SUMMARY
======================================================================
Network:      US-101-N-DonaldDoyle
Segments:     7
Lanes:        4
Junctions:    8
Ramps:        2
Sensors:      5
Mode:         PeMS Data-Driven
Car-Following: IDM
ODE Solver:   Ballistic
Vmax:         35.0 m/s
======================================================================
Skipping Source actor due to time limit at clock = 43201.00125327633
Skipping Source actor due to time limit at clock = 43210.6788297557
-----------------------------
| Model.cleanup in progress |
-----------------------------
cleanup: agenda
cleanup: wait queues
coroutine counts = (37945695,37943155,37941883)
[ModelOptimizer] Fitness: 8.1007 | Elapsed: 58.19 sec
     121 |      8.10029721 |      8.10029721 |      30.3% ✓
[ModelOptimizer] Evaluating parameters: VectorD(1.00000,	3.52255,	-0.500000,	0.800000,	1.51662)

======================================================================
TRAFFIC MODEL BUILDER SUMMARY
======================================================================
Network:      US-101-N-DonaldDoyle
Segments:     7
Lanes:        4
Junctions:    8
Ramps:        2
Sensors:      5
Mode:         PeMS Data-Driven
Car-Following: IDM
ODE Solver:   Ballistic
Vmax:         35.0 m/s
======================================================================
Skipping Source actor due to time limit at clock = 43201.00125327633
Skipping Source actor due to time limit at clock = 43210.6788297557
-----------------------------
| Model.cleanup in progress |
-----------------------------
cleanup: agenda
cleanup: wait queues
coroutine counts = (38005452,38002908,38001634)
[ModelOptimizer] Fitness: 8.1014 | Elapsed: 57.42 sec
[ModelOptimizer] Evaluating parameters: VectorD(1.00000,	3.52255,	-0.500000,	0.800000,	1.51662)

======================================================================
TRAFFIC MODEL BUILDER SUMMARY
======================================================================
Network:      US-101-N-DonaldDoyle
Segments:     7
Lanes:        4
Junctions:    8
Ramps:        2
Sensors:      5
Mode:         PeMS Data-Driven
Car-Following: IDM
ODE Solver:   Ballistic
Vmax:         35.0 m/s
======================================================================
Skipping Source actor due to time limit at clock = 43201.00125327633
Skipping Source actor due to time limit at clock = 43210.6788297557
-----------------------------
| Model.cleanup in progress |
-----------------------------
cleanup: agenda
cleanup: wait queues
coroutine counts = (38065209,38062661,38061385)
[ModelOptimizer] Fitness: 8.1008 | Elapsed: 58.76 sec
[ModelOptimizer] Evaluating parameters: VectorD(1.00000,	3.52255,	-0.500000,	0.800000,	1.51662)

======================================================================
TRAFFIC MODEL BUILDER SUMMARY
======================================================================
Network:      US-101-N-DonaldDoyle
Segments:     7
Lanes:        4
Junctions:    8
Ramps:        2
Sensors:      5
Mode:         PeMS Data-Driven
Car-Following: IDM
ODE Solver:   Ballistic
Vmax:         35.0 m/s
======================================================================
Skipping Source actor due to time limit at clock = 43201.00125327633
Skipping Source actor due to time limit at clock = 43210.6788297557
-----------------------------
| Model.cleanup in progress |
-----------------------------
cleanup: agenda
cleanup: wait queues
coroutine counts = (38124966,38122414,38121136)
[ModelOptimizer] Fitness: 8.1008 | Elapsed: 58.49 sec
     122 |      8.10029721 |      8.10029721 |      30.5% ✓
[ModelOptimizer] Evaluating parameters: VectorD(1.00000,	3.52255,	-0.500000,	0.800000,	1.51662)

======================================================================
TRAFFIC MODEL BUILDER SUMMARY
======================================================================
Network:      US-101-N-DonaldDoyle
Segments:     7
Lanes:        4
Junctions:    8
Ramps:        2
Sensors:      5
Mode:         PeMS Data-Driven
Car-Following: IDM
ODE Solver:   Ballistic
Vmax:         35.0 m/s
======================================================================
Skipping Source actor due to time limit at clock = 43201.00125327633
Skipping Source actor due to time limit at clock = 43210.6788297557
-----------------------------
| Model.cleanup in progress |
-----------------------------
cleanup: agenda
cleanup: wait queues
coroutine counts = (38184723,38182167,38180887)
[ModelOptimizer] Fitness: 8.1011 | Elapsed: 57.93 sec
[ModelOptimizer] Evaluating parameters: VectorD(1.00000,	3.52255,	-0.500000,	0.800000,	1.51662)

======================================================================
TRAFFIC MODEL BUILDER SUMMARY
======================================================================
Network:      US-101-N-DonaldDoyle
Segments:     7
Lanes:        4
Junctions:    8
Ramps:        2
Sensors:      5
Mode:         PeMS Data-Driven
Car-Following: IDM
ODE Solver:   Ballistic
Vmax:         35.0 m/s
======================================================================
Skipping Source actor due to time limit at clock = 43201.00125327633
Skipping Source actor due to time limit at clock = 43210.6788297557
-----------------------------
| Model.cleanup in progress |
-----------------------------
cleanup: agenda
cleanup: wait queues
coroutine counts = (38244480,38241920,38240638)
[ModelOptimizer] Fitness: 8.1013 | Elapsed: 58.29 sec
[ModelOptimizer] Evaluating parameters: VectorD(1.00000,	3.52255,	-0.500000,	0.800000,	1.51662)

======================================================================
TRAFFIC MODEL BUILDER SUMMARY
======================================================================
Network:      US-101-N-DonaldDoyle
Segments:     7
Lanes:        4
Junctions:    8
Ramps:        2
Sensors:      5
Mode:         PeMS Data-Driven
Car-Following: IDM
ODE Solver:   Ballistic
Vmax:         35.0 m/s
======================================================================
Skipping Source actor due to time limit at clock = 43201.00125327633
Skipping Source actor due to time limit at clock = 43210.6788297557
-----------------------------
| Model.cleanup in progress |
-----------------------------
cleanup: agenda
cleanup: wait queues
coroutine counts = (38304237,38301673,38300389)
[ModelOptimizer] Fitness: 8.1005 | Elapsed: 57.73 sec
[ModelOptimizer] Evaluating parameters: VectorD(1.00000,	3.52255,	-0.500000,	0.800000,	1.51662)

======================================================================
TRAFFIC MODEL BUILDER SUMMARY
======================================================================
Network:      US-101-N-DonaldDoyle
Segments:     7
Lanes:        4
Junctions:    8
Ramps:        2
Sensors:      5
Mode:         PeMS Data-Driven
Car-Following: IDM
ODE Solver:   Ballistic
Vmax:         35.0 m/s
======================================================================
Skipping Source actor due to time limit at clock = 43201.00125327633
Skipping Source actor due to time limit at clock = 43210.6788297557
-----------------------------
| Model.cleanup in progress |
-----------------------------
cleanup: agenda
cleanup: wait queues
coroutine counts = (38363994,38361426,38360140)
[ModelOptimizer] Fitness: 8.1005 | Elapsed: 57.52 sec
     123 |      8.10029721 |      8.10029721 |      30.8% ✓
[ModelOptimizer] Evaluating parameters: VectorD(1.00000,	3.52255,	-0.500000,	0.800000,	1.51662)

======================================================================
TRAFFIC MODEL BUILDER SUMMARY
======================================================================
Network:      US-101-N-DonaldDoyle
Segments:     7
Lanes:        4
Junctions:    8
Ramps:        2
Sensors:      5
Mode:         PeMS Data-Driven
Car-Following: IDM
ODE Solver:   Ballistic
Vmax:         35.0 m/s
======================================================================
Skipping Source actor due to time limit at clock = 43201.00125327633
Skipping Source actor due to time limit at clock = 43210.6788297557
-----------------------------
| Model.cleanup in progress |
-----------------------------
cleanup: agenda
cleanup: wait queues
coroutine counts = (38423751,38421179,38419891)
[ModelOptimizer] Fitness: 8.1009 | Elapsed: 57.35 sec
[ModelOptimizer] Evaluating parameters: VectorD(1.00000,	3.52255,	-0.500000,	0.800000,	1.51662)

======================================================================
TRAFFIC MODEL BUILDER SUMMARY
======================================================================
Network:      US-101-N-DonaldDoyle
Segments:     7
Lanes:        4
Junctions:    8
Ramps:        2
Sensors:      5
Mode:         PeMS Data-Driven
Car-Following: IDM
ODE Solver:   Ballistic
Vmax:         35.0 m/s
======================================================================
Skipping Source actor due to time limit at clock = 43201.00125327633
Skipping Source actor due to time limit at clock = 43210.6788297557
-----------------------------
| Model.cleanup in progress |
-----------------------------
cleanup: agenda
cleanup: wait queues
coroutine counts = (38483508,38480932,38479642)
[ModelOptimizer] Fitness: 8.1009 | Elapsed: 57.78 sec
[ModelOptimizer] Evaluating parameters: VectorD(1.00000,	3.52255,	-0.500000,	0.800000,	1.51662)

======================================================================
TRAFFIC MODEL BUILDER SUMMARY
======================================================================
Network:      US-101-N-DonaldDoyle
Segments:     7
Lanes:        4
Junctions:    8
Ramps:        2
Sensors:      5
Mode:         PeMS Data-Driven
Car-Following: IDM
ODE Solver:   Ballistic
Vmax:         35.0 m/s
======================================================================
Skipping Source actor due to time limit at clock = 43201.00125327633
Skipping Source actor due to time limit at clock = 43210.6788297557
-----------------------------
| Model.cleanup in progress |
-----------------------------
cleanup: agenda
cleanup: wait queues
coroutine counts = (38543265,38540685,38539393)
[ModelOptimizer] Fitness: 8.1011 | Elapsed: 56.40 sec
[ModelOptimizer] Evaluating parameters: VectorD(1.00000,	3.52255,	-0.500000,	0.800000,	1.51662)

======================================================================
TRAFFIC MODEL BUILDER SUMMARY
======================================================================
Network:      US-101-N-DonaldDoyle
Segments:     7
Lanes:        4
Junctions:    8
Ramps:        2
Sensors:      5
Mode:         PeMS Data-Driven
Car-Following: IDM
ODE Solver:   Ballistic
Vmax:         35.0 m/s
======================================================================
Skipping Source actor due to time limit at clock = 43201.00125327633
Skipping Source actor due to time limit at clock = 43210.6788297557
-----------------------------
| Model.cleanup in progress |
-----------------------------
cleanup: agenda
cleanup: wait queues
coroutine counts = (38603022,38600438,38599144)
[ModelOptimizer] Fitness: 8.1014 | Elapsed: 57.85 sec
[ModelOptimizer] Evaluating parameters: VectorD(1.00000,	3.52255,	-0.500000,	0.800000,	1.51662)

======================================================================
TRAFFIC MODEL BUILDER SUMMARY
======================================================================
Network:      US-101-N-DonaldDoyle
Segments:     7
Lanes:        4
Junctions:    8
Ramps:        2
Sensors:      5
Mode:         PeMS Data-Driven
Car-Following: IDM
ODE Solver:   Ballistic
Vmax:         35.0 m/s
======================================================================
Skipping Source actor due to time limit at clock = 43201.00125327633
Skipping Source actor due to time limit at clock = 43210.6788297557
-----------------------------
| Model.cleanup in progress |
-----------------------------
cleanup: agenda
cleanup: wait queues
coroutine counts = (38662779,38660191,38658895)
[ModelOptimizer] Fitness: 8.1007 | Elapsed: 55.93 sec
[ModelOptimizer] Evaluating parameters: VectorD(1.00000,	3.52255,	-0.500000,	0.800000,	1.51662)

======================================================================
TRAFFIC MODEL BUILDER SUMMARY
======================================================================
Network:      US-101-N-DonaldDoyle
Segments:     7
Lanes:        4
Junctions:    8
Ramps:        2
Sensors:      5
Mode:         PeMS Data-Driven
Car-Following: IDM
ODE Solver:   Ballistic
Vmax:         35.0 m/s
======================================================================
Skipping Source actor due to time limit at clock = 43201.00125327633
Skipping Source actor due to time limit at clock = 43210.6788297557
-----------------------------
| Model.cleanup in progress |
-----------------------------
cleanup: agenda
cleanup: wait queues
coroutine counts = (38722536,38719944,38718646)
[ModelOptimizer] Fitness: 8.1004 | Elapsed: 56.30 sec
[ModelOptimizer] Evaluating parameters: VectorD(1.00000,	3.52255,	-0.500000,	0.800000,	1.51662)

======================================================================
TRAFFIC MODEL BUILDER SUMMARY
======================================================================
Network:      US-101-N-DonaldDoyle
Segments:     7
Lanes:        4
Junctions:    8
Ramps:        2
Sensors:      5
Mode:         PeMS Data-Driven
Car-Following: IDM
ODE Solver:   Ballistic
Vmax:         35.0 m/s
======================================================================
Skipping Source actor due to time limit at clock = 43201.00125327633
Skipping Source actor due to time limit at clock = 43210.6788297557
-----------------------------
| Model.cleanup in progress |
-----------------------------
cleanup: agenda
cleanup: wait queues
coroutine counts = (38782293,38779697,38778397)
[ModelOptimizer] Fitness: 8.1010 | Elapsed: 57.77 sec
[ModelOptimizer] Evaluating parameters: VectorD(1.00000,	3.52255,	-0.500000,	0.800000,	1.51662)

======================================================================
TRAFFIC MODEL BUILDER SUMMARY
======================================================================
Network:      US-101-N-DonaldDoyle
Segments:     7
Lanes:        4
Junctions:    8
Ramps:        2
Sensors:      5
Mode:         PeMS Data-Driven
Car-Following: IDM
ODE Solver:   Ballistic
Vmax:         35.0 m/s
======================================================================
Skipping Source actor due to time limit at clock = 43201.00125327633
Skipping Source actor due to time limit at clock = 43210.6788297557
-----------------------------
| Model.cleanup in progress |
-----------------------------
cleanup: agenda
cleanup: wait queues
coroutine counts = (38842050,38839450,38838148)
[ModelOptimizer] Fitness: 8.1007 | Elapsed: 57.65 sec
[ModelOptimizer] Evaluating parameters: VectorD(1.00000,	3.52255,	-0.500000,	0.800000,	1.51662)

======================================================================
TRAFFIC MODEL BUILDER SUMMARY
======================================================================
Network:      US-101-N-DonaldDoyle
Segments:     7
Lanes:        4
Junctions:    8
Ramps:        2
Sensors:      5
Mode:         PeMS Data-Driven
Car-Following: IDM
ODE Solver:   Ballistic
Vmax:         35.0 m/s
======================================================================
Skipping Source actor due to time limit at clock = 43201.00125327633
Skipping Source actor due to time limit at clock = 43210.6788297557
-----------------------------
| Model.cleanup in progress |
-----------------------------
cleanup: agenda
cleanup: wait queues
coroutine counts = (38901807,38899203,38897899)
[ModelOptimizer] Fitness: 8.1004 | Elapsed: 58.37 sec
[ModelOptimizer] Evaluating parameters: VectorD(1.00000,	3.52255,	-0.500000,	0.800000,	1.51662)

======================================================================
TRAFFIC MODEL BUILDER SUMMARY
======================================================================
Network:      US-101-N-DonaldDoyle
Segments:     7
Lanes:        4
Junctions:    8
Ramps:        2
Sensors:      5
Mode:         PeMS Data-Driven
Car-Following: IDM
ODE Solver:   Ballistic
Vmax:         35.0 m/s
======================================================================
Skipping Source actor due to time limit at clock = 43201.00125327633
Skipping Source actor due to time limit at clock = 43210.6788297557
-----------------------------
| Model.cleanup in progress |
-----------------------------
cleanup: agenda
cleanup: wait queues
coroutine counts = (38961564,38958956,38957650)
[ModelOptimizer] Fitness: 8.1009 | Elapsed: 56.51 sec
[ModelOptimizer] Evaluating parameters: VectorD(1.00000,	3.52255,	-0.500000,	0.800000,	1.51662)

======================================================================
TRAFFIC MODEL BUILDER SUMMARY
======================================================================
Network:      US-101-N-DonaldDoyle
Segments:     7
Lanes:        4
Junctions:    8
Ramps:        2
Sensors:      5
Mode:         PeMS Data-Driven
Car-Following: IDM
ODE Solver:   Ballistic
Vmax:         35.0 m/s
======================================================================
Skipping Source actor due to time limit at clock = 43201.00125327633
Skipping Source actor due to time limit at clock = 43210.6788297557
-----------------------------
| Model.cleanup in progress |
-----------------------------
cleanup: agenda
cleanup: wait queues
coroutine counts = (39021321,39018709,39017401)
[ModelOptimizer] Fitness: 8.1009 | Elapsed: 58.28 sec
     124 |      8.10029721 |      8.10029721 |      31.0% ✓
[ModelOptimizer] Evaluating parameters: VectorD(1.00000,	3.52255,	-0.500000,	0.800000,	1.51662)

======================================================================
TRAFFIC MODEL BUILDER SUMMARY
======================================================================
Network:      US-101-N-DonaldDoyle
Segments:     7
Lanes:        4
Junctions:    8
Ramps:        2
Sensors:      5
Mode:         PeMS Data-Driven
Car-Following: IDM
ODE Solver:   Ballistic
Vmax:         35.0 m/s
======================================================================
Skipping Source actor due to time limit at clock = 43201.00125327633
Skipping Source actor due to time limit at clock = 43210.6788297557
-----------------------------
| Model.cleanup in progress |
-----------------------------
cleanup: agenda
cleanup: wait queues
coroutine counts = (39081078,39078462,39077152)
[ModelOptimizer] Fitness: 8.1007 | Elapsed: 67.81 sec
[ModelOptimizer] Evaluating parameters: VectorD(1.00000,	3.52255,	-0.500000,	0.800000,	1.51662)

======================================================================
TRAFFIC MODEL BUILDER SUMMARY
======================================================================
Network:      US-101-N-DonaldDoyle
Segments:     7
Lanes:        4
Junctions:    8
Ramps:        2
Sensors:      5
Mode:         PeMS Data-Driven
Car-Following: IDM
ODE Solver:   Ballistic
Vmax:         35.0 m/s
======================================================================
Skipping Source actor due to time limit at clock = 43201.00125327633
Skipping Source actor due to time limit at clock = 43210.6788297557
-----------------------------
| Model.cleanup in progress |
-----------------------------
cleanup: agenda
cleanup: wait queues
coroutine counts = (39140835,39138215,39136903)
[ModelOptimizer] Fitness: 8.1005 | Elapsed: 58.16 sec
[ModelOptimizer] Evaluating parameters: VectorD(1.00000,	3.52255,	-0.500000,	0.800000,	1.51662)

======================================================================
TRAFFIC MODEL BUILDER SUMMARY
======================================================================
Network:      US-101-N-DonaldDoyle
Segments:     7
Lanes:        4
Junctions:    8
Ramps:        2
Sensors:      5
Mode:         PeMS Data-Driven
Car-Following: IDM
ODE Solver:   Ballistic
Vmax:         35.0 m/s
======================================================================
Skipping Source actor due to time limit at clock = 43201.00125327633
Skipping Source actor due to time limit at clock = 43210.6788297557
-----------------------------
| Model.cleanup in progress |
-----------------------------
cleanup: agenda
cleanup: wait queues
coroutine counts = (39200592,39197968,39196654)
[ModelOptimizer] Fitness: 8.1005 | Elapsed: 56.52 sec
     125 |      8.10029721 |      8.10029721 |      31.3% ✓
[ModelOptimizer] Evaluating parameters: VectorD(1.00000,	3.52255,	-0.500000,	0.800000,	1.51662)

======================================================================
TRAFFIC MODEL BUILDER SUMMARY
======================================================================
Network:      US-101-N-DonaldDoyle
Segments:     7
Lanes:        4
Junctions:    8
Ramps:        2
Sensors:      5
Mode:         PeMS Data-Driven
Car-Following: IDM
ODE Solver:   Ballistic
Vmax:         35.0 m/s
======================================================================
Skipping Source actor due to time limit at clock = 43201.00125327633
Skipping Source actor due to time limit at clock = 43210.6788297557
-----------------------------
| Model.cleanup in progress |
-----------------------------
cleanup: agenda
cleanup: wait queues
coroutine counts = (39260349,39257721,39256405)
[ModelOptimizer] Fitness: 8.1001 | Elapsed: 58.05 sec
[ModelOptimizer] Evaluating parameters: VectorD(1.00000,	3.52255,	-0.500000,	0.800000,	1.51662)

======================================================================
TRAFFIC MODEL BUILDER SUMMARY
======================================================================
Network:      US-101-N-DonaldDoyle
Segments:     7
Lanes:        4
Junctions:    8
Ramps:        2
Sensors:      5
Mode:         PeMS Data-Driven
Car-Following: IDM
ODE Solver:   Ballistic
Vmax:         35.0 m/s
======================================================================
Skipping Source actor due to time limit at clock = 43201.00125327633
Skipping Source actor due to time limit at clock = 43210.6788297557
-----------------------------
| Model.cleanup in progress |
-----------------------------
cleanup: agenda
cleanup: wait queues
coroutine counts = (39320106,39317474,39316156)
[ModelOptimizer] Fitness: 8.1012 | Elapsed: 58.85 sec
[ModelOptimizer] Evaluating parameters: VectorD(1.00000,	3.52255,	-0.500000,	0.800000,	1.51662)

======================================================================
TRAFFIC MODEL BUILDER SUMMARY
======================================================================
Network:      US-101-N-DonaldDoyle
Segments:     7
Lanes:        4
Junctions:    8
Ramps:        2
Sensors:      5
Mode:         PeMS Data-Driven
Car-Following: IDM
ODE Solver:   Ballistic
Vmax:         35.0 m/s
======================================================================
Skipping Source actor due to time limit at clock = 43201.00125327633
Skipping Source actor due to time limit at clock = 43210.6788297557
-----------------------------
| Model.cleanup in progress |
-----------------------------
cleanup: agenda
cleanup: wait queues
coroutine counts = (39379863,39377227,39375907)
[ModelOptimizer] Fitness: 8.1008 | Elapsed: 57.68 sec
[ModelOptimizer] Evaluating parameters: VectorD(1.00000,	3.52255,	-0.500000,	0.800000,	1.51662)

======================================================================
TRAFFIC MODEL BUILDER SUMMARY
======================================================================
Network:      US-101-N-DonaldDoyle
Segments:     7
Lanes:        4
Junctions:    8
Ramps:        2
Sensors:      5
Mode:         PeMS Data-Driven
Car-Following: IDM
ODE Solver:   Ballistic
Vmax:         35.0 m/s
======================================================================
Skipping Source actor due to time limit at clock = 43201.00125327633
Skipping Source actor due to time limit at clock = 43210.6788297557
-----------------------------
| Model.cleanup in progress |
-----------------------------
cleanup: agenda
cleanup: wait queues
coroutine counts = (39439620,39436980,39435658)
[ModelOptimizer] Fitness: 8.1008 | Elapsed: 59.75 sec
     126 |      8.10029721 |      8.10029721 |      31.5% ✓
[ModelOptimizer] Evaluating parameters: VectorD(1.00000,	3.52255,	-0.500000,	0.800000,	1.51662)

======================================================================
TRAFFIC MODEL BUILDER SUMMARY
======================================================================
Network:      US-101-N-DonaldDoyle
Segments:     7
Lanes:        4
Junctions:    8
Ramps:        2
Sensors:      5
Mode:         PeMS Data-Driven
Car-Following: IDM
ODE Solver:   Ballistic
Vmax:         35.0 m/s
======================================================================
Skipping Source actor due to time limit at clock = 43201.00125327633
Skipping Source actor due to time limit at clock = 43210.6788297557
-----------------------------
| Model.cleanup in progress |
-----------------------------
cleanup: agenda
cleanup: wait queues
coroutine counts = (39499377,39496733,39495409)
[ModelOptimizer] Fitness: 8.1001 | Elapsed: 57.12 sec
[ModelOptimizer] Evaluating parameters: VectorD(1.00000,	3.52255,	-0.500000,	0.800000,	1.51662)

======================================================================
TRAFFIC MODEL BUILDER SUMMARY
======================================================================
Network:      US-101-N-DonaldDoyle
Segments:     7
Lanes:        4
Junctions:    8
Ramps:        2
Sensors:      5
Mode:         PeMS Data-Driven
Car-Following: IDM
ODE Solver:   Ballistic
Vmax:         35.0 m/s
======================================================================
Skipping Source actor due to time limit at clock = 43201.00125327633
Skipping Source actor due to time limit at clock = 43210.6788297557
-----------------------------
| Model.cleanup in progress |
-----------------------------
cleanup: agenda
cleanup: wait queues
coroutine counts = (39559134,39556486,39555160)
[ModelOptimizer] Fitness: 8.1010 | Elapsed: 58.28 sec
[ModelOptimizer] Evaluating parameters: VectorD(1.00000,	3.52255,	-0.500000,	0.800000,	1.51662)

======================================================================
TRAFFIC MODEL BUILDER SUMMARY
======================================================================
Network:      US-101-N-DonaldDoyle
Segments:     7
Lanes:        4
Junctions:    8
Ramps:        2
Sensors:      5
Mode:         PeMS Data-Driven
Car-Following: IDM
ODE Solver:   Ballistic
Vmax:         35.0 m/s
======================================================================
Skipping Source actor due to time limit at clock = 43201.00125327633
Skipping Source actor due to time limit at clock = 43210.6788297557
-----------------------------
| Model.cleanup in progress |
-----------------------------
cleanup: agenda
cleanup: wait queues
coroutine counts = (39618891,39616239,39614911)
[ModelOptimizer] Fitness: 8.1005 | Elapsed: 58.44 sec
[ModelOptimizer] Evaluating parameters: VectorD(1.00000,	3.52255,	-0.500000,	0.800000,	1.51662)

======================================================================
TRAFFIC MODEL BUILDER SUMMARY
======================================================================
Network:      US-101-N-DonaldDoyle
Segments:     7
Lanes:        4
Junctions:    8
Ramps:        2
Sensors:      5
Mode:         PeMS Data-Driven
Car-Following: IDM
ODE Solver:   Ballistic
Vmax:         35.0 m/s
======================================================================
Skipping Source actor due to time limit at clock = 43201.00125327633
Skipping Source actor due to time limit at clock = 43210.6788297557
-----------------------------
| Model.cleanup in progress |
-----------------------------
cleanup: agenda
cleanup: wait queues
coroutine counts = (39678648,39675992,39674662)
[ModelOptimizer] Fitness: 8.1005 | Elapsed: 57.06 sec
     127 |      8.10029721 |      8.10029721 |      31.8% ✓
----------------------------------------------------------------------
Training completed! Total epochs: 254
Final Loss: 8.10029721
Best Loss:  8.10029721
----------------------------------------------------------------------
solve: optimal function, vertex = (8.100297214741897,VectorD(0.411959,	3.52255,	0.715080,	-2.67345,	1.51662))

----------------------------------------------------------------------
NELDER-MEAD SIMPLEX: OPTIMIZATION SUMMARY
----------------------------------------------------------------------
Metric                    | Value
----------------------------------------------------------------------
Final position (opt)      | VectorD(0.411959,	3.52255,	0.715080,	-2.67345,	1.51662)
Loss at final position    | 8.10029721
Best position found       | VectorD(0.411959,	3.52255,	0.715080,	-2.67345,	1.51662)
Best loss achieved        | 8.10029721
Total iterations          | 254
Elapsed time              | 35774.2749 seconds (35774274.90 ms)
Time per iteration        | 140843.60 ms
----------------------------------------------------------------------

============================================================
GENERATING FINAL REPORT WITH OPTIMIZED PARAMETERS
============================================================

======================================================================
TRAFFIC MODEL BUILDER SUMMARY
======================================================================
Network:      US-101-N-DonaldDoyle
Segments:     7
Lanes:        4
Junctions:    8
Ramps:        2
Sensors:      5
Mode:         PeMS Data-Driven
Car-Following: IDM
ODE Solver:   Ballistic
Vmax:         35.0 m/s
======================================================================
Skipping Source actor due to time limit at clock = 43201.00125327633
Skipping Source actor due to time limit at clock = 43210.6788297557
-----------------------------
| Model.cleanup in progress |
-----------------------------
cleanup: agenda
cleanup: wait queues
coroutine counts = (39738405,39735745,39734413)

==================================================================================================================================================================================================================
MACRO-LEVEL VALIDATION (Sensor Aggregates)
==================================================================================================================================================================================================================
Sensor    Flow R²      Flow MAE     Flow RMSE    Flow Mean    Flow NRMSE*100   Flow SMAPE     Speed R²     Speed MAE    Speed RMSE   Speed Mean   Speed NRMSE*100  Speed SMAPE   
------------------------------------------------------------------------------------------------------------------------------------------------------------------------------------------------------------------
1         0.9770       9.99         16.18        1168.79      1.38             3.75           0.9902       0.62         0.71         95.18        0.75             3.37          
2         0.9510       16.61        23.35        1256.92      1.86             5.60           0.9650       0.98         1.30         96.12        1.35             5.40          
3         0.9354       22.68        27.73        1264.75      2.19             7.66           0.9020       1.35         1.96         97.47        2.01             7.99          
4         0.9153       26.33        31.89        1291.94      2.47             8.70           0.8137       1.65         2.53         98.56        2.56             9.64          
5         0.9054       28.15        33.87        1280.10      2.65             9.39           0.5654       2.26         3.46         101.33       3.42             12.60         
==================================================================================================================================================================================================================

============================================================================================================================================================================================================================
MICRO-LEVEL VALIDATION (Lane Detail)
============================================================================================================================================================================================================================
Sensor   Lane   Flow R²      Flow MAE     Flow RMSE    Flow Mean    Flow NRMSE*100   Flow SMAPE     Speed R²     Speed MAE    Speed RMSE   Speed Mean   Speed NRMSE*100  Speed SMAPE   
----------------------------------------------------------------------------------------------------------------------------------------------------------------------------------------------------------------------------
1        1      0.9836       8.02         12.72        201.35       6.32             4.45           0.9925       0.39         0.51         28.67        1.80             1.74          
         2      0.8432       13.73        24.73        410.71       6.02             3.60           0.9862       0.85         0.91         23.40        3.89             4.68          
         3      0.9120       9.98         13.11        319.88       4.10             3.16           0.9869       0.72         0.77         22.40        3.45             3.94          
         4      0.9716       8.23         10.09        236.85       4.26             3.77           0.9889       0.53         0.59         20.71        2.86             3.14          
----------------------------------------------------------------------------------------------------------------------------------------------------------------------------------------------------------------------------
2        1      0.9763       10.60        15.76        210.10       7.50             5.48           0.9666       0.68         1.04         28.89        3.59             3.04          
         2      0.8279       14.56        25.34        417.92       6.06             3.76           0.9476       1.35         1.64         23.66        6.93             7.90          
         3      0.6162       26.90        30.16        345.58       8.73             8.26           0.9435       1.25         1.55         22.89        6.75             6.93          
         4      0.9135       14.40        19.50        283.31       6.88             4.88           0.9810       0.62         0.77         20.68        3.71             3.73          
----------------------------------------------------------------------------------------------------------------------------------------------------------------------------------------------------------------------------
3        1      0.9646       15.85        19.46        216.35       8.99             8.35           0.9605       0.69         1.10         28.79        3.82             3.18          
         2      0.7845       22.94        29.60        431.71       6.86             5.62           0.8469       1.83         2.50         24.18        10.35            11.14         
         3      0.6024       27.69        30.37        346.54       8.76             8.55           0.8380       1.67         2.26         23.27        9.71             10.06         
         4      0.7867       24.25        30.00        270.15       11.10            8.13           0.8795       1.19         1.67         21.23        7.85             7.58          
----------------------------------------------------------------------------------------------------------------------------------------------------------------------------------------------------------------------------
4        1      0.9477       19.33        23.76        220.17       10.79            9.84           0.9350       0.89         1.34         28.90        4.64             3.93          
         2      0.6812       28.35        35.12        437.67       8.02             6.92           0.6813       2.34         3.30         24.71        13.36            13.85         
         3      0.5123       29.77        33.69        349.21       9.65             9.16           0.5831       2.14         3.12         23.69        13.16            12.90         
         4      0.7800       27.85        33.68        284.90       11.82            8.87           0.8546       1.22         1.76         21.26        8.29             7.87          
----------------------------------------------------------------------------------------------------------------------------------------------------------------------------------------------------------------------------
5        1      0.9483       19.08        23.32        220.00       10.60            10.12          0.6607       1.67         2.57         29.91        8.58             7.14          
         2      0.6842       29.71        36.62        438.52       8.35             7.13           0.4161       2.73         4.10         25.23        16.23            15.71         
         3      0.5885       27.00        30.69        345.81       8.87             8.37           0.0894       2.68         3.91         24.12        16.23            15.32         
         4      0.6331       36.79        41.98        275.77       15.22            11.95          0.2531       1.99         3.05         22.08        13.83            12.24         
============================================================================================================================================================================================================================

============================================================
SUMMARY
============================================================
Average Flow NRMSE*100:  2.1097
Average Speed NRMSE*100: 2.0187
Fitness (avg NRMSE*100): 2.0460
============================================================
Simulation data exported to: log/simulation/idm_neldermead_micro_optimized_data.csv
Validation report exported to: log/simulation/idm_neldermead_micro_optimized_report.txt

Exported: idm_neldermead_micro_optimized_data.csv, idm_neldermead_micro_optimized_report.txt
Best Fitness: 8.100297214741897
Best Parameters: VectorD(1.00000,	3.52255,	-0.500000,	0.800000,	1.51662)
Total Duration: 35774276.58 seconds
