========================================
CALIBRATION ARRAY JOB (v2 - Feb 2026)
========================================
Job ID:        42800456
Array Task ID: 10
Host:          ra8-10
Started:       Tue Feb 17 23:39:27 EST 2026
========================================
Fitness Mode:  MACRO
Model:         Gipps
Optimizer:     DE
========================================
Working directory: /scratch/krb84578/workDir/scalation_2.0
Using JAR: target/scala-3.7.4/scalation-assembly.jar
JAR size:  22M

=== Starting Calibration ===
Tue Feb 17 23:39:27 EST 2026
-----------------------------------
| CALIBRATION ARRAY JOB - Task 10 |
-----------------------------------
Model: gipps (Gipps)
Optimizer: de
Fitness Mode: macro (corridor-level)
Timestamp: 2026-02-17T23:39:28.218462394
Host: ra8-10
============================================================
Starting parameters: VectorD(2.00000,	1.50000,	-3.00000,	1.00000,	0.670000)
----------------------------------------------------------------------
   Epoch |            Loss |       Best Loss |   Progress
----------------------------------------------------------------------
[ModelOptimizer] Evaluating parameters: VectorD(5.93553,	4.99082,	-0.500000,	5.00000,	2.00000)

======================================================================
TRAFFIC MODEL BUILDER SUMMARY
======================================================================
Network:      US-101-N-DonaldDoyle
Segments:     7
Lanes:        4
Junctions:    8
Ramps:        2
Sensors:      5
Mode:         PeMS Data-Driven
Car-Following: Gipps
ODE Solver:   Ballistic
Vmax:         35.0 m/s
======================================================================
Skipping Source actor due to time limit at clock = 43201.00125327633
Skipping Source actor due to time limit at clock = 43210.6788297557
-----------------------------
| Model.cleanup in progress |
-----------------------------
cleanup: agenda
cleanup: wait queues
coroutine counts = (59757,59753,59750)
[ModelOptimizer] Fitness: 7.3771 | Elapsed: 23.56 sec
[ModelOptimizer] Evaluating parameters: VectorD(1.04882,	4.35783,	-0.500000,	5.00000,	2.00000)

======================================================================
TRAFFIC MODEL BUILDER SUMMARY
======================================================================
Network:      US-101-N-DonaldDoyle
Segments:     7
Lanes:        4
Junctions:    8
Ramps:        2
Sensors:      5
Mode:         PeMS Data-Driven
Car-Following: Gipps
ODE Solver:   Ballistic
Vmax:         35.0 m/s
======================================================================
Skipping Source actor due to time limit at clock = 43201.00125327633
Skipping Source actor due to time limit at clock = 43210.6788297557
-----------------------------
| Model.cleanup in progress |
-----------------------------
cleanup: agenda
cleanup: wait queues
coroutine counts = (119514,119506,119501)
[ModelOptimizer] Fitness: 7.5599 | Elapsed: 22.28 sec
[ModelOptimizer] Evaluating parameters: VectorD(3.63829,	0.800000,	-0.500000,	5.00000,	2.00000)

======================================================================
TRAFFIC MODEL BUILDER SUMMARY
======================================================================
Network:      US-101-N-DonaldDoyle
Segments:     7
Lanes:        4
Junctions:    8
Ramps:        2
Sensors:      5
Mode:         PeMS Data-Driven
Car-Following: Gipps
ODE Solver:   Ballistic
Vmax:         35.0 m/s
======================================================================
Skipping Source actor due to time limit at clock = 43201.00125327633
Skipping Source actor due to time limit at clock = 43210.6788297557
-----------------------------
| Model.cleanup in progress |
-----------------------------
cleanup: agenda
cleanup: wait queues
coroutine counts = (179271,179259,179252)
[ModelOptimizer] Fitness: 8.1989 | Elapsed: 23.87 sec
[ModelOptimizer] Evaluating parameters: VectorD(6.43126,	6.00000,	-0.500000,	3.93580,	2.00000)

======================================================================
TRAFFIC MODEL BUILDER SUMMARY
======================================================================
Network:      US-101-N-DonaldDoyle
Segments:     7
Lanes:        4
Junctions:    8
Ramps:        2
Sensors:      5
Mode:         PeMS Data-Driven
Car-Following: Gipps
ODE Solver:   Ballistic
Vmax:         35.0 m/s
======================================================================
Skipping Source actor due to time limit at clock = 43201.00125327633
Skipping Source actor due to time limit at clock = 43210.6788297557
-----------------------------
| Model.cleanup in progress |
-----------------------------
cleanup: agenda
cleanup: wait queues
coroutine counts = (239028,239012,239003)
[ModelOptimizer] Fitness: NaN | Elapsed: 20.01 sec
[ModelOptimizer] Evaluating parameters: VectorD(4.76239,	4.10696,	-0.500000,	1.54032,	0.259152)

======================================================================
TRAFFIC MODEL BUILDER SUMMARY
======================================================================
Network:      US-101-N-DonaldDoyle
Segments:     7
Lanes:        4
Junctions:    8
Ramps:        2
Sensors:      5
Mode:         PeMS Data-Driven
Car-Following: Gipps
ODE Solver:   Ballistic
Vmax:         35.0 m/s
======================================================================
Skipping Source actor due to time limit at clock = 43201.00125327633
Skipping Source actor due to time limit at clock = 43210.6788297557
-----------------------------
| Model.cleanup in progress |
-----------------------------
cleanup: agenda
cleanup: wait queues
coroutine counts = (298785,298765,298754)
[ModelOptimizer] Fitness: 9.2240 | Elapsed: 100.59 sec
[ModelOptimizer] Evaluating parameters: VectorD(4.36229,	5.55935,	-0.500000,	0.800000,	2.00000)

======================================================================
TRAFFIC MODEL BUILDER SUMMARY
======================================================================
Network:      US-101-N-DonaldDoyle
Segments:     7
Lanes:        4
Junctions:    8
Ramps:        2
Sensors:      5
Mode:         PeMS Data-Driven
Car-Following: Gipps
ODE Solver:   Ballistic
Vmax:         35.0 m/s
======================================================================
Skipping Source actor due to time limit at clock = 43201.00125327633
Skipping Source actor due to time limit at clock = 43210.6788297557
-----------------------------
| Model.cleanup in progress |
-----------------------------
cleanup: agenda
cleanup: wait queues
coroutine counts = (358542,358518,358505)
[ModelOptimizer] Fitness: 7.2572 | Elapsed: 20.48 sec
[ModelOptimizer] Evaluating parameters: VectorD(3.36869,	6.00000,	-0.500000,	1.43496,	2.00000)

======================================================================
TRAFFIC MODEL BUILDER SUMMARY
======================================================================
Network:      US-101-N-DonaldDoyle
Segments:     7
Lanes:        4
Junctions:    8
Ramps:        2
Sensors:      5
Mode:         PeMS Data-Driven
Car-Following: Gipps
ODE Solver:   Ballistic
Vmax:         35.0 m/s
======================================================================
Skipping Source actor due to time limit at clock = 43201.00125327633
Skipping Source actor due to time limit at clock = 43210.6788297557
-----------------------------
| Model.cleanup in progress |
-----------------------------
cleanup: agenda
cleanup: wait queues
coroutine counts = (418299,418271,418256)
[ModelOptimizer] Fitness: NaN | Elapsed: 19.24 sec
[ModelOptimizer] Evaluating parameters: VectorD(1.10310,	1.98581,	-0.500000,	0.800000,	2.00000)

======================================================================
TRAFFIC MODEL BUILDER SUMMARY
======================================================================
Network:      US-101-N-DonaldDoyle
Segments:     7
Lanes:        4
Junctions:    8
Ramps:        2
Sensors:      5
Mode:         PeMS Data-Driven
Car-Following: Gipps
ODE Solver:   Ballistic
Vmax:         35.0 m/s
======================================================================
Skipping Source actor due to time limit at clock = 43201.00125327633
Skipping Source actor due to time limit at clock = 43210.6788297557
-----------------------------
| Model.cleanup in progress |
-----------------------------
cleanup: agenda
cleanup: wait queues
coroutine counts = (478056,478024,478007)
[ModelOptimizer] Fitness: 8.2424 | Elapsed: 21.29 sec
[ModelOptimizer] Evaluating parameters: VectorD(1.00000,	3.48580,	-0.500000,	3.08957,	1.31224)

======================================================================
TRAFFIC MODEL BUILDER SUMMARY
======================================================================
Network:      US-101-N-DonaldDoyle
Segments:     7
Lanes:        4
Junctions:    8
Ramps:        2
Sensors:      5
Mode:         PeMS Data-Driven
Car-Following: Gipps
ODE Solver:   Ballistic
Vmax:         35.0 m/s
======================================================================
Skipping Source actor due to time limit at clock = 43201.00125327633
Skipping Source actor due to time limit at clock = 43210.6788297557
-----------------------------
| Model.cleanup in progress |
-----------------------------
cleanup: agenda
cleanup: wait queues
coroutine counts = (537813,537777,537758)
[ModelOptimizer] Fitness: 9.0763 | Elapsed: 28.47 sec
[ModelOptimizer] Evaluating parameters: VectorD(5.18796,	1.14757,	-0.500000,	4.23161,	2.00000)

======================================================================
TRAFFIC MODEL BUILDER SUMMARY
======================================================================
Network:      US-101-N-DonaldDoyle
Segments:     7
Lanes:        4
Junctions:    8
Ramps:        2
Sensors:      5
Mode:         PeMS Data-Driven
Car-Following: Gipps
ODE Solver:   Ballistic
Vmax:         35.0 m/s
======================================================================
Skipping Source actor due to time limit at clock = 43201.00125327633
Skipping Source actor due to time limit at clock = 43210.6788297557
-----------------------------
| Model.cleanup in progress |
-----------------------------
cleanup: agenda
cleanup: wait queues
coroutine counts = (597570,597530,597509)
[ModelOptimizer] Fitness: 8.1760 | Elapsed: 21.83 sec
[ModelOptimizer] Evaluating parameters: VectorD(2.07007,	4.26457,	-0.500000,	5.00000,	2.00000)

======================================================================
TRAFFIC MODEL BUILDER SUMMARY
======================================================================
Network:      US-101-N-DonaldDoyle
Segments:     7
Lanes:        4
Junctions:    8
Ramps:        2
Sensors:      5
Mode:         PeMS Data-Driven
Car-Following: Gipps
ODE Solver:   Ballistic
Vmax:         35.0 m/s
======================================================================
Skipping Source actor due to time limit at clock = 43201.00125327633
Skipping Source actor due to time limit at clock = 43210.6788297557
-----------------------------
| Model.cleanup in progress |
-----------------------------
cleanup: agenda
cleanup: wait queues
coroutine counts = (657327,657283,657260)
[ModelOptimizer] Fitness: 7.5744 | Elapsed: 20.15 sec
[ModelOptimizer] Evaluating parameters: VectorD(6.15219,	6.00000,	-0.500000,	5.00000,	2.00000)

======================================================================
TRAFFIC MODEL BUILDER SUMMARY
======================================================================
Network:      US-101-N-DonaldDoyle
Segments:     7
Lanes:        4
Junctions:    8
Ramps:        2
Sensors:      5
Mode:         PeMS Data-Driven
Car-Following: Gipps
ODE Solver:   Ballistic
Vmax:         35.0 m/s
======================================================================
Skipping Source actor due to time limit at clock = 43201.00125327633
Skipping Source actor due to time limit at clock = 43210.6788297557
-----------------------------
| Model.cleanup in progress |
-----------------------------
cleanup: agenda
cleanup: wait queues
coroutine counts = (717084,717036,717011)
[ModelOptimizer] Fitness: NaN | Elapsed: 18.87 sec
[ModelOptimizer] Evaluating parameters: VectorD(7.77082,	4.42163,	-0.500000,	5.00000,	1.46754)

======================================================================
TRAFFIC MODEL BUILDER SUMMARY
======================================================================
Network:      US-101-N-DonaldDoyle
Segments:     7
Lanes:        4
Junctions:    8
Ramps:        2
Sensors:      5
Mode:         PeMS Data-Driven
Car-Following: Gipps
ODE Solver:   Ballistic
Vmax:         35.0 m/s
======================================================================
Skipping Source actor due to time limit at clock = 43201.00125327633
Skipping Source actor due to time limit at clock = 43210.6788297557
-----------------------------
| Model.cleanup in progress |
-----------------------------
cleanup: agenda
cleanup: wait queues
coroutine counts = (776841,776789,776762)
[ModelOptimizer] Fitness: 8.3753 | Elapsed: 23.66 sec
[ModelOptimizer] Evaluating parameters: VectorD(1.00000,	3.11493,	-0.500000,	3.64310,	0.423016)

======================================================================
TRAFFIC MODEL BUILDER SUMMARY
======================================================================
Network:      US-101-N-DonaldDoyle
Segments:     7
Lanes:        4
Junctions:    8
Ramps:        2
Sensors:      5
Mode:         PeMS Data-Driven
Car-Following: Gipps
ODE Solver:   Ballistic
Vmax:         35.0 m/s
======================================================================
Skipping Source actor due to time limit at clock = 43201.00125327633
Skipping Source actor due to time limit at clock = 43210.6788297557
-----------------------------
| Model.cleanup in progress |
-----------------------------
cleanup: agenda
cleanup: wait queues
coroutine counts = (836598,836542,836513)
[ModelOptimizer] Fitness: 9.8044 | Elapsed: 70.25 sec
[ModelOptimizer] Evaluating parameters: VectorD(1.00000,	3.33317,	-0.500000,	4.99508,	2.00000)

======================================================================
TRAFFIC MODEL BUILDER SUMMARY
======================================================================
Network:      US-101-N-DonaldDoyle
Segments:     7
Lanes:        4
Junctions:    8
Ramps:        2
Sensors:      5
Mode:         PeMS Data-Driven
Car-Following: Gipps
ODE Solver:   Ballistic
Vmax:         35.0 m/s
======================================================================
Skipping Source actor due to time limit at clock = 43201.00125327633
Skipping Source actor due to time limit at clock = 43210.6788297557
-----------------------------
| Model.cleanup in progress |
-----------------------------
cleanup: agenda
cleanup: wait queues
coroutine counts = (896355,896295,896264)
[ModelOptimizer] Fitness: 7.8897 | Elapsed: 21.16 sec
[ModelOptimizer] Evaluating parameters: VectorD(5.76085,	3.03049,	-0.500000,	5.00000,	2.00000)

======================================================================
TRAFFIC MODEL BUILDER SUMMARY
======================================================================
Network:      US-101-N-DonaldDoyle
Segments:     7
Lanes:        4
Junctions:    8
Ramps:        2
Sensors:      5
Mode:         PeMS Data-Driven
Car-Following: Gipps
ODE Solver:   Ballistic
Vmax:         35.0 m/s
======================================================================
Skipping Source actor due to time limit at clock = 43201.00125327633
Skipping Source actor due to time limit at clock = 43210.6788297557
-----------------------------
| Model.cleanup in progress |
-----------------------------
cleanup: agenda
cleanup: wait queues
coroutine counts = (956112,956048,956015)
[ModelOptimizer] Fitness: 7.9921 | Elapsed: 21.46 sec
[ModelOptimizer] Evaluating parameters: VectorD(7.88292,	6.00000,	-0.500000,	5.00000,	1.20098)

======================================================================
TRAFFIC MODEL BUILDER SUMMARY
======================================================================
Network:      US-101-N-DonaldDoyle
Segments:     7
Lanes:        4
Junctions:    8
Ramps:        2
Sensors:      5
Mode:         PeMS Data-Driven
Car-Following: Gipps
ODE Solver:   Ballistic
Vmax:         35.0 m/s
======================================================================
Skipping Source actor due to time limit at clock = 43201.00125327633
Skipping Source actor due to time limit at clock = 43210.6788297557
-----------------------------
| Model.cleanup in progress |
-----------------------------
cleanup: agenda
cleanup: wait queues
coroutine counts = (1015869,1015801,1015766)
[ModelOptimizer] Fitness: 8.3532 | Elapsed: 28.35 sec
[ModelOptimizer] Evaluating parameters: VectorD(2.89140,	6.00000,	-0.500000,	0.800000,	2.00000)

======================================================================
TRAFFIC MODEL BUILDER SUMMARY
======================================================================
Network:      US-101-N-DonaldDoyle
Segments:     7
Lanes:        4
Junctions:    8
Ramps:        2
Sensors:      5
Mode:         PeMS Data-Driven
Car-Following: Gipps
ODE Solver:   Ballistic
Vmax:         35.0 m/s
======================================================================
Skipping Source actor due to time limit at clock = 43201.00125327633
Skipping Source actor due to time limit at clock = 43210.6788297557
-----------------------------
| Model.cleanup in progress |
-----------------------------
cleanup: agenda
cleanup: wait queues
coroutine counts = (1075626,1075554,1075517)
[ModelOptimizer] Fitness: NaN | Elapsed: 20.21 sec
[ModelOptimizer] Evaluating parameters: VectorD(7.85225,	5.35363,	-0.500000,	1.89949,	2.00000)

======================================================================
TRAFFIC MODEL BUILDER SUMMARY
======================================================================
Network:      US-101-N-DonaldDoyle
Segments:     7
Lanes:        4
Junctions:    8
Ramps:        2
Sensors:      5
Mode:         PeMS Data-Driven
Car-Following: Gipps
ODE Solver:   Ballistic
Vmax:         35.0 m/s
======================================================================
Skipping Source actor due to time limit at clock = 43201.00125327633
Skipping Source actor due to time limit at clock = 43210.6788297557
-----------------------------
| Model.cleanup in progress |
-----------------------------
cleanup: agenda
cleanup: wait queues
coroutine counts = (1135383,1135307,1135268)
[ModelOptimizer] Fitness: 7.3316 | Elapsed: 21.10 sec
[ModelOptimizer] Evaluating parameters: VectorD(1.00000,	5.02851,	-0.500000,	4.80661,	2.00000)

======================================================================
TRAFFIC MODEL BUILDER SUMMARY
======================================================================
Network:      US-101-N-DonaldDoyle
Segments:     7
Lanes:        4
Junctions:    8
Ramps:        2
Sensors:      5
Mode:         PeMS Data-Driven
Car-Following: Gipps
ODE Solver:   Ballistic
Vmax:         35.0 m/s
======================================================================
Skipping Source actor due to time limit at clock = 43201.00125327633
Skipping Source actor due to time limit at clock = 43210.6788297557
-----------------------------
| Model.cleanup in progress |
-----------------------------
cleanup: agenda
cleanup: wait queues
coroutine counts = (1195140,1195060,1195019)
[ModelOptimizer] Fitness: 7.3830 | Elapsed: 19.72 sec
[ModelOptimizer] Evaluating parameters: VectorD(4.36229,	5.55935,	-0.500000,	0.800000,	2.00000)

======================================================================
TRAFFIC MODEL BUILDER SUMMARY
======================================================================
Network:      US-101-N-DonaldDoyle
Segments:     7
Lanes:        4
Junctions:    8
Ramps:        2
Sensors:      5
Mode:         PeMS Data-Driven
Car-Following: Gipps
ODE Solver:   Ballistic
Vmax:         35.0 m/s
======================================================================
Skipping Source actor due to time limit at clock = 43201.00125327633
Skipping Source actor due to time limit at clock = 43210.6788297557
-----------------------------
| Model.cleanup in progress |
-----------------------------
cleanup: agenda
cleanup: wait queues
coroutine counts = (1254897,1254813,1254770)
[ModelOptimizer] Fitness: 7.2572 | Elapsed: 20.63 sec
[ModelOptimizer] Evaluating parameters: VectorD(1.00000,	1.83872,	-0.500000,	0.800000,	2.00000)

======================================================================
TRAFFIC MODEL BUILDER SUMMARY
======================================================================
Network:      US-101-N-DonaldDoyle
Segments:     7
Lanes:        4
Junctions:    8
Ramps:        2
Sensors:      5
Mode:         PeMS Data-Driven
Car-Following: Gipps
ODE Solver:   Ballistic
Vmax:         35.0 m/s
======================================================================
Skipping Source actor due to time limit at clock = 43201.00125327633
Skipping Source actor due to time limit at clock = 43210.6788297557
-----------------------------
| Model.cleanup in progress |
-----------------------------
cleanup: agenda
cleanup: wait queues
coroutine counts = (1314654,1314566,1314521)
[ModelOptimizer] Fitness: 8.2392 | Elapsed: 22.22 sec
[ModelOptimizer] Evaluating parameters: VectorD(5.93553,	4.99082,	-0.500000,	5.00000,	2.00000)

======================================================================
TRAFFIC MODEL BUILDER SUMMARY
======================================================================
Network:      US-101-N-DonaldDoyle
Segments:     7
Lanes:        4
Junctions:    8
Ramps:        2
Sensors:      5
Mode:         PeMS Data-Driven
Car-Following: Gipps
ODE Solver:   Ballistic
Vmax:         35.0 m/s
======================================================================
Skipping Source actor due to time limit at clock = 43201.00125327633
Skipping Source actor due to time limit at clock = 43210.6788297557
-----------------------------
| Model.cleanup in progress |
-----------------------------
cleanup: agenda
cleanup: wait queues
coroutine counts = (1374411,1374319,1374272)
[ModelOptimizer] Fitness: 7.3771 | Elapsed: 21.23 sec
[ModelOptimizer] Evaluating parameters: VectorD(4.97885,	4.58621,	-0.500000,	5.00000,	2.00000)

======================================================================
TRAFFIC MODEL BUILDER SUMMARY
======================================================================
Network:      US-101-N-DonaldDoyle
Segments:     7
Lanes:        4
Junctions:    8
Ramps:        2
Sensors:      5
Mode:         PeMS Data-Driven
Car-Following: Gipps
ODE Solver:   Ballistic
Vmax:         35.0 m/s
======================================================================
Skipping Source actor due to time limit at clock = 43201.00125327633
Skipping Source actor due to time limit at clock = 43210.6788297557
-----------------------------
| Model.cleanup in progress |
-----------------------------
cleanup: agenda
cleanup: wait queues
coroutine counts = (1434168,1434072,1434023)
[ModelOptimizer] Fitness: 7.4812 | Elapsed: 20.55 sec
[ModelOptimizer] Evaluating parameters: VectorD(1.04882,	4.35783,	-0.500000,	5.00000,	2.00000)

======================================================================
TRAFFIC MODEL BUILDER SUMMARY
======================================================================
Network:      US-101-N-DonaldDoyle
Segments:     7
Lanes:        4
Junctions:    8
Ramps:        2
Sensors:      5
Mode:         PeMS Data-Driven
Car-Following: Gipps
ODE Solver:   Ballistic
Vmax:         35.0 m/s
======================================================================
Skipping Source actor due to time limit at clock = 43201.00125327633
Skipping Source actor due to time limit at clock = 43210.6788297557
-----------------------------
| Model.cleanup in progress |
-----------------------------
cleanup: agenda
cleanup: wait queues
coroutine counts = (1493925,1493825,1493774)
[ModelOptimizer] Fitness: 7.5599 | Elapsed: 19.93 sec
[ModelOptimizer] Evaluating parameters: VectorD(4.97885,	4.58621,	-0.500000,	5.00000,	2.00000)

======================================================================
TRAFFIC MODEL BUILDER SUMMARY
======================================================================
Network:      US-101-N-DonaldDoyle
Segments:     7
Lanes:        4
Junctions:    8
Ramps:        2
Sensors:      5
Mode:         PeMS Data-Driven
Car-Following: Gipps
ODE Solver:   Ballistic
Vmax:         35.0 m/s
======================================================================
Skipping Source actor due to time limit at clock = 43201.00125327633
Skipping Source actor due to time limit at clock = 43210.6788297557
-----------------------------
| Model.cleanup in progress |
-----------------------------
cleanup: agenda
cleanup: wait queues
coroutine counts = (1553682,1553578,1553525)
[ModelOptimizer] Fitness: 7.4812 | Elapsed: 21.03 sec
[ModelOptimizer] Evaluating parameters: VectorD(7.60353,	6.00000,	-0.562743,	5.00000,	1.85634)

======================================================================
TRAFFIC MODEL BUILDER SUMMARY
======================================================================
Network:      US-101-N-DonaldDoyle
Segments:     7
Lanes:        4
Junctions:    8
Ramps:        2
Sensors:      5
Mode:         PeMS Data-Driven
Car-Following: Gipps
ODE Solver:   Ballistic
Vmax:         35.0 m/s
======================================================================
Skipping Source actor due to time limit at clock = 43201.00125327633
Skipping Source actor due to time limit at clock = 43210.6788297557
-----------------------------
| Model.cleanup in progress |
-----------------------------
cleanup: agenda
cleanup: wait queues
coroutine counts = (1613439,1613331,1613276)
[ModelOptimizer] Fitness: 7.1341 | Elapsed: 20.44 sec
[ModelOptimizer] Evaluating parameters: VectorD(3.63829,	0.800000,	-0.500000,	5.00000,	2.00000)

======================================================================
TRAFFIC MODEL BUILDER SUMMARY
======================================================================
Network:      US-101-N-DonaldDoyle
Segments:     7
Lanes:        4
Junctions:    8
Ramps:        2
Sensors:      5
Mode:         PeMS Data-Driven
Car-Following: Gipps
ODE Solver:   Ballistic
Vmax:         35.0 m/s
======================================================================
Skipping Source actor due to time limit at clock = 43201.00125327633
Skipping Source actor due to time limit at clock = 43210.6788297557
-----------------------------
| Model.cleanup in progress |
-----------------------------
cleanup: agenda
cleanup: wait queues
coroutine counts = (1673196,1673084,1673027)
[ModelOptimizer] Fitness: 8.1989 | Elapsed: 20.94 sec
[ModelOptimizer] Evaluating parameters: VectorD(7.60353,	6.00000,	-0.562743,	5.00000,	1.85634)

======================================================================
TRAFFIC MODEL BUILDER SUMMARY
======================================================================
Network:      US-101-N-DonaldDoyle
Segments:     7
Lanes:        4
Junctions:    8
Ramps:        2
Sensors:      5
Mode:         PeMS Data-Driven
Car-Following: Gipps
ODE Solver:   Ballistic
Vmax:         35.0 m/s
======================================================================
Skipping Source actor due to time limit at clock = 43201.00125327633
Skipping Source actor due to time limit at clock = 43210.6788297557
-----------------------------
| Model.cleanup in progress |
-----------------------------
cleanup: agenda
cleanup: wait queues
coroutine counts = (1732953,1732837,1732778)
[ModelOptimizer] Fitness: 7.1341 | Elapsed: 20.01 sec
[ModelOptimizer] Evaluating parameters: VectorD(8.00000,	6.00000,	-0.500000,	1.55552,	2.00000)

======================================================================
TRAFFIC MODEL BUILDER SUMMARY
======================================================================
Network:      US-101-N-DonaldDoyle
Segments:     7
Lanes:        4
Junctions:    8
Ramps:        2
Sensors:      5
Mode:         PeMS Data-Driven
Car-Following: Gipps
ODE Solver:   Ballistic
Vmax:         35.0 m/s
======================================================================
Skipping Source actor due to time limit at clock = 43201.00125327633
Skipping Source actor due to time limit at clock = 43210.6788297557
-----------------------------
| Model.cleanup in progress |
-----------------------------
cleanup: agenda
cleanup: wait queues
coroutine counts = (1792710,1792590,1792529)
[ModelOptimizer] Fitness: NaN | Elapsed: 18.71 sec
[ModelOptimizer] Evaluating parameters: VectorD(6.43126,	6.00000,	-0.500000,	3.93580,	2.00000)

======================================================================
TRAFFIC MODEL BUILDER SUMMARY
======================================================================
Network:      US-101-N-DonaldDoyle
Segments:     7
Lanes:        4
Junctions:    8
Ramps:        2
Sensors:      5
Mode:         PeMS Data-Driven
Car-Following: Gipps
ODE Solver:   Ballistic
Vmax:         35.0 m/s
======================================================================
Skipping Source actor due to time limit at clock = 43201.00125327633
Skipping Source actor due to time limit at clock = 43210.6788297557
-----------------------------
| Model.cleanup in progress |
-----------------------------
cleanup: agenda
cleanup: wait queues
coroutine counts = (1852467,1852343,1852280)
[ModelOptimizer] Fitness: NaN | Elapsed: 19.38 sec
[ModelOptimizer] Evaluating parameters: VectorD(3.97826,	0.800000,	-0.500000,	4.53508,	2.00000)

======================================================================
TRAFFIC MODEL BUILDER SUMMARY
======================================================================
Network:      US-101-N-DonaldDoyle
Segments:     7
Lanes:        4
Junctions:    8
Ramps:        2
Sensors:      5
Mode:         PeMS Data-Driven
Car-Following: Gipps
ODE Solver:   Ballistic
Vmax:         35.0 m/s
======================================================================
Skipping Source actor due to time limit at clock = 43201.00125327633
Skipping Source actor due to time limit at clock = 43210.6788297557
-----------------------------
| Model.cleanup in progress |
-----------------------------
cleanup: agenda
cleanup: wait queues
coroutine counts = (1912224,1912096,1912031)
[ModelOptimizer] Fitness: 8.1989 | Elapsed: 20.84 sec
[ModelOptimizer] Evaluating parameters: VectorD(4.76239,	4.10696,	-0.500000,	1.54032,	0.259152)

======================================================================
TRAFFIC MODEL BUILDER SUMMARY
======================================================================
Network:      US-101-N-DonaldDoyle
Segments:     7
Lanes:        4
Junctions:    8
Ramps:        2
Sensors:      5
Mode:         PeMS Data-Driven
Car-Following: Gipps
ODE Solver:   Ballistic
Vmax:         35.0 m/s
======================================================================
Skipping Source actor due to time limit at clock = 43201.00125327633
Skipping Source actor due to time limit at clock = 43210.6788297557
-----------------------------
| Model.cleanup in progress |
-----------------------------
cleanup: agenda
cleanup: wait queues
coroutine counts = (1971981,1971849,1971782)
[ModelOptimizer] Fitness: 9.2240 | Elapsed: 103.84 sec
[ModelOptimizer] Evaluating parameters: VectorD(3.97826,	0.800000,	-0.500000,	4.53508,	2.00000)

======================================================================
TRAFFIC MODEL BUILDER SUMMARY
======================================================================
Network:      US-101-N-DonaldDoyle
Segments:     7
Lanes:        4
Junctions:    8
Ramps:        2
Sensors:      5
Mode:         PeMS Data-Driven
Car-Following: Gipps
ODE Solver:   Ballistic
Vmax:         35.0 m/s
======================================================================
Skipping Source actor due to time limit at clock = 43201.00125327633
Skipping Source actor due to time limit at clock = 43210.6788297557
-----------------------------
| Model.cleanup in progress |
-----------------------------
cleanup: agenda
cleanup: wait queues
coroutine counts = (2031738,2031602,2031533)
[ModelOptimizer] Fitness: 8.1989 | Elapsed: 20.96 sec
[ModelOptimizer] Evaluating parameters: VectorD(2.86864,	2.98844,	-0.500000,	5.00000,	2.00000)

======================================================================
TRAFFIC MODEL BUILDER SUMMARY
======================================================================
Network:      US-101-N-DonaldDoyle
Segments:     7
Lanes:        4
Junctions:    8
Ramps:        2
Sensors:      5
Mode:         PeMS Data-Driven
Car-Following: Gipps
ODE Solver:   Ballistic
Vmax:         35.0 m/s
======================================================================
Skipping Source actor due to time limit at clock = 43201.00125327633
Skipping Source actor due to time limit at clock = 43210.6788297557
-----------------------------
| Model.cleanup in progress |
-----------------------------
cleanup: agenda
cleanup: wait queues
coroutine counts = (2091495,2091355,2091284)
[ModelOptimizer] Fitness: 7.9996 | Elapsed: 20.28 sec
[ModelOptimizer] Evaluating parameters: VectorD(4.36229,	5.55935,	-0.500000,	0.800000,	2.00000)

======================================================================
TRAFFIC MODEL BUILDER SUMMARY
======================================================================
Network:      US-101-N-DonaldDoyle
Segments:     7
Lanes:        4
Junctions:    8
Ramps:        2
Sensors:      5
Mode:         PeMS Data-Driven
Car-Following: Gipps
ODE Solver:   Ballistic
Vmax:         35.0 m/s
======================================================================
Skipping Source actor due to time limit at clock = 43201.00125327633
Skipping Source actor due to time limit at clock = 43210.6788297557
-----------------------------
| Model.cleanup in progress |
-----------------------------
cleanup: agenda
cleanup: wait queues
coroutine counts = (2151252,2151108,2151035)
[ModelOptimizer] Fitness: 7.2572 | Elapsed: 19.40 sec
[ModelOptimizer] Evaluating parameters: VectorD(1.69193,	4.39799,	-0.500000,	5.00000,	0.200000)

======================================================================
TRAFFIC MODEL BUILDER SUMMARY
======================================================================
Network:      US-101-N-DonaldDoyle
Segments:     7
Lanes:        4
Junctions:    8
Ramps:        2
Sensors:      5
Mode:         PeMS Data-Driven
Car-Following: Gipps
ODE Solver:   Ballistic
Vmax:         35.0 m/s
======================================================================
Skipping Source actor due to time limit at clock = 43201.00125327633
Skipping Source actor due to time limit at clock = 43210.6788297557
-----------------------------
| Model.cleanup in progress |
-----------------------------
cleanup: agenda
cleanup: wait queues
coroutine counts = (2211009,2210861,2210786)
[ModelOptimizer] Fitness: 9.0084 | Elapsed: 130.88 sec
[ModelOptimizer] Evaluating parameters: VectorD(3.36869,	6.00000,	-0.500000,	1.43496,	2.00000)

======================================================================
TRAFFIC MODEL BUILDER SUMMARY
======================================================================
Network:      US-101-N-DonaldDoyle
Segments:     7
Lanes:        4
Junctions:    8
Ramps:        2
Sensors:      5
Mode:         PeMS Data-Driven
Car-Following: Gipps
ODE Solver:   Ballistic
Vmax:         35.0 m/s
======================================================================
Skipping Source actor due to time limit at clock = 43201.00125327633
Skipping Source actor due to time limit at clock = 43210.6788297557
-----------------------------
| Model.cleanup in progress |
-----------------------------
cleanup: agenda
cleanup: wait queues
coroutine counts = (2270766,2270614,2270537)
[ModelOptimizer] Fitness: NaN | Elapsed: 18.79 sec
[ModelOptimizer] Evaluating parameters: VectorD(8.00000,	6.00000,	-0.500000,	5.00000,	2.00000)

======================================================================
TRAFFIC MODEL BUILDER SUMMARY
======================================================================
Network:      US-101-N-DonaldDoyle
Segments:     7
Lanes:        4
Junctions:    8
Ramps:        2
Sensors:      5
Mode:         PeMS Data-Driven
Car-Following: Gipps
ODE Solver:   Ballistic
Vmax:         35.0 m/s
======================================================================
Skipping Source actor due to time limit at clock = 43201.00125327633
Skipping Source actor due to time limit at clock = 43210.6788297557
-----------------------------
| Model.cleanup in progress |
-----------------------------
cleanup: agenda
cleanup: wait queues
coroutine counts = (2330523,2330367,2330288)
[ModelOptimizer] Fitness: NaN | Elapsed: 18.82 sec
[ModelOptimizer] Evaluating parameters: VectorD(1.10310,	1.98581,	-0.500000,	0.800000,	2.00000)

======================================================================
TRAFFIC MODEL BUILDER SUMMARY
======================================================================
Network:      US-101-N-DonaldDoyle
Segments:     7
Lanes:        4
Junctions:    8
Ramps:        2
Sensors:      5
Mode:         PeMS Data-Driven
Car-Following: Gipps
ODE Solver:   Ballistic
Vmax:         35.0 m/s
======================================================================
Skipping Source actor due to time limit at clock = 43201.00125327633
Skipping Source actor due to time limit at clock = 43210.6788297557
-----------------------------
| Model.cleanup in progress |
-----------------------------
cleanup: agenda
cleanup: wait queues
coroutine counts = (2390280,2390120,2390039)
[ModelOptimizer] Fitness: 8.2424 | Elapsed: 20.42 sec
[ModelOptimizer] Evaluating parameters: VectorD(3.41617,	5.32998,	-0.500000,	0.800000,	2.00000)

======================================================================
TRAFFIC MODEL BUILDER SUMMARY
======================================================================
Network:      US-101-N-DonaldDoyle
Segments:     7
Lanes:        4
Junctions:    8
Ramps:        2
Sensors:      5
Mode:         PeMS Data-Driven
Car-Following: Gipps
ODE Solver:   Ballistic
Vmax:         35.0 m/s
======================================================================
Skipping Source actor due to time limit at clock = 43201.00125327633
Skipping Source actor due to time limit at clock = 43210.6788297557
-----------------------------
| Model.cleanup in progress |
-----------------------------
cleanup: agenda
cleanup: wait queues
coroutine counts = (2450037,2449873,2449790)
[ModelOptimizer] Fitness: 7.3227 | Elapsed: 19.41 sec
[ModelOptimizer] Evaluating parameters: VectorD(1.00000,	3.48580,	-0.500000,	3.08957,	1.31224)

======================================================================
TRAFFIC MODEL BUILDER SUMMARY
======================================================================
Network:      US-101-N-DonaldDoyle
Segments:     7
Lanes:        4
Junctions:    8
Ramps:        2
Sensors:      5
Mode:         PeMS Data-Driven
Car-Following: Gipps
ODE Solver:   Ballistic
Vmax:         35.0 m/s
======================================================================
Skipping Source actor due to time limit at clock = 43201.00125327633
Skipping Source actor due to time limit at clock = 43210.6788297557
-----------------------------
| Model.cleanup in progress |
-----------------------------
cleanup: agenda
cleanup: wait queues
coroutine counts = (2509794,2509626,2509541)
[ModelOptimizer] Fitness: 9.0763 | Elapsed: 26.24 sec
[ModelOptimizer] Evaluating parameters: VectorD(3.41617,	5.32998,	-0.500000,	0.800000,	2.00000)

======================================================================
TRAFFIC MODEL BUILDER SUMMARY
======================================================================
Network:      US-101-N-DonaldDoyle
Segments:     7
Lanes:        4
Junctions:    8
Ramps:        2
Sensors:      5
Mode:         PeMS Data-Driven
Car-Following: Gipps
ODE Solver:   Ballistic
Vmax:         35.0 m/s
======================================================================
Skipping Source actor due to time limit at clock = 43201.00125327633
Skipping Source actor due to time limit at clock = 43210.6788297557
-----------------------------
| Model.cleanup in progress |
-----------------------------
cleanup: agenda
cleanup: wait queues
coroutine counts = (2569551,2569379,2569292)
[ModelOptimizer] Fitness: 7.3227 | Elapsed: 19.36 sec
[ModelOptimizer] Evaluating parameters: VectorD(8.00000,	1.14757,	-0.500000,	5.00000,	1.11817)

======================================================================
TRAFFIC MODEL BUILDER SUMMARY
======================================================================
Network:      US-101-N-DonaldDoyle
Segments:     7
Lanes:        4
Junctions:    8
Ramps:        2
Sensors:      5
Mode:         PeMS Data-Driven
Car-Following: Gipps
ODE Solver:   Ballistic
Vmax:         35.0 m/s
======================================================================
Skipping Source actor due to time limit at clock = 43201.00125327633
Skipping Source actor due to time limit at clock = 43210.6788297557
-----------------------------
| Model.cleanup in progress |
-----------------------------
cleanup: agenda
cleanup: wait queues
coroutine counts = (2629308,2629132,2629043)
[ModelOptimizer] Fitness: 8.5589 | Elapsed: 29.62 sec
[ModelOptimizer] Evaluating parameters: VectorD(5.18796,	1.14757,	-0.500000,	4.23161,	2.00000)

======================================================================
TRAFFIC MODEL BUILDER SUMMARY
======================================================================
Network:      US-101-N-DonaldDoyle
Segments:     7
Lanes:        4
Junctions:    8
Ramps:        2
Sensors:      5
Mode:         PeMS Data-Driven
Car-Following: Gipps
ODE Solver:   Ballistic
Vmax:         35.0 m/s
======================================================================
Skipping Source actor due to time limit at clock = 43201.00125327633
Skipping Source actor due to time limit at clock = 43210.6788297557
-----------------------------
| Model.cleanup in progress |
-----------------------------
cleanup: agenda
cleanup: wait queues
coroutine counts = (2689065,2688885,2688794)
[ModelOptimizer] Fitness: 8.1760 | Elapsed: 21.01 sec
[ModelOptimizer] Evaluating parameters: VectorD(8.00000,	6.00000,	-0.500000,	5.00000,	0.447487)

======================================================================
TRAFFIC MODEL BUILDER SUMMARY
======================================================================
Network:      US-101-N-DonaldDoyle
Segments:     7
Lanes:        4
Junctions:    8
Ramps:        2
Sensors:      5
Mode:         PeMS Data-Driven
Car-Following: Gipps
ODE Solver:   Ballistic
Vmax:         35.0 m/s
======================================================================
Skipping Source actor due to time limit at clock = 43201.00125327633
Skipping Source actor due to time limit at clock = 43210.6788297557
-----------------------------
| Model.cleanup in progress |
-----------------------------
cleanup: agenda
cleanup: wait queues
coroutine counts = (2748822,2748638,2748545)
[ModelOptimizer] Fitness: 8.9358 | Elapsed: 58.80 sec
[ModelOptimizer] Evaluating parameters: VectorD(2.07007,	4.26457,	-0.500000,	5.00000,	2.00000)

======================================================================
TRAFFIC MODEL BUILDER SUMMARY
======================================================================
Network:      US-101-N-DonaldDoyle
Segments:     7
Lanes:        4
Junctions:    8
Ramps:        2
Sensors:      5
Mode:         PeMS Data-Driven
Car-Following: Gipps
ODE Solver:   Ballistic
Vmax:         35.0 m/s
======================================================================
Skipping Source actor due to time limit at clock = 43201.00125327633
Skipping Source actor due to time limit at clock = 43210.6788297557
-----------------------------
| Model.cleanup in progress |
-----------------------------
cleanup: agenda
cleanup: wait queues
coroutine counts = (2808579,2808391,2808296)
[ModelOptimizer] Fitness: 7.5744 | Elapsed: 19.55 sec
[ModelOptimizer] Evaluating parameters: VectorD(8.00000,	5.88933,	-0.500000,	5.00000,	2.00000)

======================================================================
TRAFFIC MODEL BUILDER SUMMARY
======================================================================
Network:      US-101-N-DonaldDoyle
Segments:     7
Lanes:        4
Junctions:    8
Ramps:        2
Sensors:      5
Mode:         PeMS Data-Driven
Car-Following: Gipps
ODE Solver:   Ballistic
Vmax:         35.0 m/s
======================================================================
Skipping Source actor due to time limit at clock = 43201.00125327633
Skipping Source actor due to time limit at clock = 43210.6788297557
-----------------------------
| Model.cleanup in progress |
-----------------------------
cleanup: agenda
cleanup: wait queues
coroutine counts = (2868336,2868144,2868047)
[ModelOptimizer] Fitness: NaN | Elapsed: 18.68 sec
[ModelOptimizer] Evaluating parameters: VectorD(6.15219,	6.00000,	-0.500000,	5.00000,	2.00000)

======================================================================
TRAFFIC MODEL BUILDER SUMMARY
======================================================================
Network:      US-101-N-DonaldDoyle
Segments:     7
Lanes:        4
Junctions:    8
Ramps:        2
Sensors:      5
Mode:         PeMS Data-Driven
Car-Following: Gipps
ODE Solver:   Ballistic
Vmax:         35.0 m/s
======================================================================
Skipping Source actor due to time limit at clock = 43201.00125327633
Skipping Source actor due to time limit at clock = 43210.6788297557
-----------------------------
| Model.cleanup in progress |
-----------------------------
cleanup: agenda
cleanup: wait queues
coroutine counts = (2928093,2927897,2927798)
[ModelOptimizer] Fitness: NaN | Elapsed: 18.68 sec
[ModelOptimizer] Evaluating parameters: VectorD(4.69034,	6.00000,	-0.500000,	0.819287,	2.00000)

======================================================================
TRAFFIC MODEL BUILDER SUMMARY
======================================================================
Network:      US-101-N-DonaldDoyle
Segments:     7
Lanes:        4
Junctions:    8
Ramps:        2
Sensors:      5
Mode:         PeMS Data-Driven
Car-Following: Gipps
ODE Solver:   Ballistic
Vmax:         35.0 m/s
======================================================================
Skipping Source actor due to time limit at clock = 43201.00125327633
Skipping Source actor due to time limit at clock = 43210.6788297557
-----------------------------
| Model.cleanup in progress |
-----------------------------
cleanup: agenda
cleanup: wait queues
coroutine counts = (2987850,2987650,2987549)
[ModelOptimizer] Fitness: NaN | Elapsed: 18.39 sec
[ModelOptimizer] Evaluating parameters: VectorD(7.77082,	4.42163,	-0.500000,	5.00000,	1.46754)

======================================================================
TRAFFIC MODEL BUILDER SUMMARY
======================================================================
Network:      US-101-N-DonaldDoyle
Segments:     7
Lanes:        4
Junctions:    8
Ramps:        2
Sensors:      5
Mode:         PeMS Data-Driven
Car-Following: Gipps
ODE Solver:   Ballistic
Vmax:         35.0 m/s
======================================================================
Skipping Source actor due to time limit at clock = 43201.00125327633
Skipping Source actor due to time limit at clock = 43210.6788297557
-----------------------------
| Model.cleanup in progress |
-----------------------------
cleanup: agenda
cleanup: wait queues
coroutine counts = (3047607,3047403,3047300)
[ModelOptimizer] Fitness: 8.3753 | Elapsed: 23.72 sec
[ModelOptimizer] Evaluating parameters: VectorD(4.01025,	5.29821,	-0.500000,	5.00000,	2.00000)

======================================================================
TRAFFIC MODEL BUILDER SUMMARY
======================================================================
Network:      US-101-N-DonaldDoyle
Segments:     7
Lanes:        4
Junctions:    8
Ramps:        2
Sensors:      5
Mode:         PeMS Data-Driven
Car-Following: Gipps
ODE Solver:   Ballistic
Vmax:         35.0 m/s
======================================================================
Skipping Source actor due to time limit at clock = 43201.00125327633
Skipping Source actor due to time limit at clock = 43210.6788297557
-----------------------------
| Model.cleanup in progress |
-----------------------------
cleanup: agenda
cleanup: wait queues
coroutine counts = (3107364,3107156,3107051)
[ModelOptimizer] Fitness: 7.3062 | Elapsed: 19.39 sec
[ModelOptimizer] Evaluating parameters: VectorD(1.00000,	3.11493,	-0.500000,	3.64310,	0.423016)

======================================================================
TRAFFIC MODEL BUILDER SUMMARY
======================================================================
Network:      US-101-N-DonaldDoyle
Segments:     7
Lanes:        4
Junctions:    8
Ramps:        2
Sensors:      5
Mode:         PeMS Data-Driven
Car-Following: Gipps
ODE Solver:   Ballistic
Vmax:         35.0 m/s
======================================================================
Skipping Source actor due to time limit at clock = 43201.00125327633
Skipping Source actor due to time limit at clock = 43210.6788297557
-----------------------------
| Model.cleanup in progress |
-----------------------------
cleanup: agenda
cleanup: wait queues
coroutine counts = (3167121,3166909,3166802)
[ModelOptimizer] Fitness: 9.8044 | Elapsed: 69.42 sec
[ModelOptimizer] Evaluating parameters: VectorD(4.01025,	5.29821,	-0.500000,	5.00000,	2.00000)

======================================================================
TRAFFIC MODEL BUILDER SUMMARY
======================================================================
Network:      US-101-N-DonaldDoyle
Segments:     7
Lanes:        4
Junctions:    8
Ramps:        2
Sensors:      5
Mode:         PeMS Data-Driven
Car-Following: Gipps
ODE Solver:   Ballistic
Vmax:         35.0 m/s
======================================================================
Skipping Source actor due to time limit at clock = 43201.00125327633
Skipping Source actor due to time limit at clock = 43210.6788297557
-----------------------------
| Model.cleanup in progress |
-----------------------------
cleanup: agenda
cleanup: wait queues
coroutine counts = (3226878,3226662,3226553)
[ModelOptimizer] Fitness: 7.3062 | Elapsed: 20.29 sec
[ModelOptimizer] Evaluating parameters: VectorD(8.00000,	6.00000,	-0.500000,	0.800000,	2.00000)

======================================================================
TRAFFIC MODEL BUILDER SUMMARY
======================================================================
Network:      US-101-N-DonaldDoyle
Segments:     7
Lanes:        4
Junctions:    8
Ramps:        2
Sensors:      5
Mode:         PeMS Data-Driven
Car-Following: Gipps
ODE Solver:   Ballistic
Vmax:         35.0 m/s
======================================================================
Skipping Source actor due to time limit at clock = 43201.00125327633
Skipping Source actor due to time limit at clock = 43210.6788297557
-----------------------------
| Model.cleanup in progress |
-----------------------------
cleanup: agenda
cleanup: wait queues
coroutine counts = (3286635,3286415,3286304)
[ModelOptimizer] Fitness: NaN | Elapsed: 19.26 sec
[ModelOptimizer] Evaluating parameters: VectorD(1.00000,	3.33317,	-0.500000,	4.99508,	2.00000)

======================================================================
TRAFFIC MODEL BUILDER SUMMARY
======================================================================
Network:      US-101-N-DonaldDoyle
Segments:     7
Lanes:        4
Junctions:    8
Ramps:        2
Sensors:      5
Mode:         PeMS Data-Driven
Car-Following: Gipps
ODE Solver:   Ballistic
Vmax:         35.0 m/s
======================================================================
Skipping Source actor due to time limit at clock = 43201.00125327633
Skipping Source actor due to time limit at clock = 43210.6788297557
-----------------------------
| Model.cleanup in progress |
-----------------------------
cleanup: agenda
cleanup: wait queues
coroutine counts = (3346392,3346168,3346055)
[ModelOptimizer] Fitness: 7.8897 | Elapsed: 20.00 sec
[ModelOptimizer] Evaluating parameters: VectorD(6.81015,	0.800000,	-0.500000,	5.00000,	2.00000)

======================================================================
TRAFFIC MODEL BUILDER SUMMARY
======================================================================
Network:      US-101-N-DonaldDoyle
Segments:     7
Lanes:        4
Junctions:    8
Ramps:        2
Sensors:      5
Mode:         PeMS Data-Driven
Car-Following: Gipps
ODE Solver:   Ballistic
Vmax:         35.0 m/s
======================================================================
Skipping Source actor due to time limit at clock = 43201.00125327633
Skipping Source actor due to time limit at clock = 43210.6788297557
-----------------------------
| Model.cleanup in progress |
-----------------------------
cleanup: agenda
cleanup: wait queues
coroutine counts = (3406149,3405921,3405806)
[ModelOptimizer] Fitness: 8.1989 | Elapsed: 27.27 sec
[ModelOptimizer] Evaluating parameters: VectorD(5.76085,	3.03049,	-0.500000,	5.00000,	2.00000)

======================================================================
TRAFFIC MODEL BUILDER SUMMARY
======================================================================
Network:      US-101-N-DonaldDoyle
Segments:     7
Lanes:        4
Junctions:    8
Ramps:        2
Sensors:      5
Mode:         PeMS Data-Driven
Car-Following: Gipps
ODE Solver:   Ballistic
Vmax:         35.0 m/s
======================================================================
Skipping Source actor due to time limit at clock = 43201.00125327633
Skipping Source actor due to time limit at clock = 43210.6788297557
-----------------------------
| Model.cleanup in progress |
-----------------------------
cleanup: agenda
cleanup: wait queues
coroutine counts = (3465906,3465674,3465557)
[ModelOptimizer] Fitness: 7.9921 | Elapsed: 19.68 sec
[ModelOptimizer] Evaluating parameters: VectorD(4.26241,	3.13231,	-0.500000,	5.00000,	2.00000)

======================================================================
TRAFFIC MODEL BUILDER SUMMARY
======================================================================
Network:      US-101-N-DonaldDoyle
Segments:     7
Lanes:        4
Junctions:    8
Ramps:        2
Sensors:      5
Mode:         PeMS Data-Driven
Car-Following: Gipps
ODE Solver:   Ballistic
Vmax:         35.0 m/s
======================================================================
Skipping Source actor due to time limit at clock = 43201.00125327633
Skipping Source actor due to time limit at clock = 43210.6788297557
-----------------------------
| Model.cleanup in progress |
-----------------------------
cleanup: agenda
cleanup: wait queues
coroutine counts = (3525663,3525427,3525308)
[ModelOptimizer] Fitness: 7.9810 | Elapsed: 20.02 sec
[ModelOptimizer] Evaluating parameters: VectorD(7.88292,	6.00000,	-0.500000,	5.00000,	1.20098)

======================================================================
TRAFFIC MODEL BUILDER SUMMARY
======================================================================
Network:      US-101-N-DonaldDoyle
Segments:     7
Lanes:        4
Junctions:    8
Ramps:        2
Sensors:      5
Mode:         PeMS Data-Driven
Car-Following: Gipps
ODE Solver:   Ballistic
Vmax:         35.0 m/s
======================================================================
Skipping Source actor due to time limit at clock = 43201.00125327633
Skipping Source actor due to time limit at clock = 43210.6788297557
-----------------------------
| Model.cleanup in progress |
-----------------------------
cleanup: agenda
cleanup: wait queues
coroutine counts = (3585420,3585180,3585059)
[ModelOptimizer] Fitness: 8.3532 | Elapsed: 26.33 sec
[ModelOptimizer] Evaluating parameters: VectorD(4.26241,	3.13231,	-0.500000,	5.00000,	2.00000)

======================================================================
TRAFFIC MODEL BUILDER SUMMARY
======================================================================
Network:      US-101-N-DonaldDoyle
Segments:     7
Lanes:        4
Junctions:    8
Ramps:        2
Sensors:      5
Mode:         PeMS Data-Driven
Car-Following: Gipps
ODE Solver:   Ballistic
Vmax:         35.0 m/s
======================================================================
Skipping Source actor due to time limit at clock = 43201.00125327633
Skipping Source actor due to time limit at clock = 43210.6788297557
-----------------------------
| Model.cleanup in progress |
-----------------------------
cleanup: agenda
cleanup: wait queues
coroutine counts = (3645177,3644933,3644810)
[ModelOptimizer] Fitness: 7.9810 | Elapsed: 19.84 sec
[ModelOptimizer] Evaluating parameters: VectorD(4.45992,	1.21697,	-0.500000,	5.00000,	0.200000)

======================================================================
TRAFFIC MODEL BUILDER SUMMARY
======================================================================
Network:      US-101-N-DonaldDoyle
Segments:     7
Lanes:        4
Junctions:    8
Ramps:        2
Sensors:      5
Mode:         PeMS Data-Driven
Car-Following: Gipps
ODE Solver:   Ballistic
Vmax:         35.0 m/s
======================================================================
Skipping Source actor due to time limit at clock = 43201.00125327633
Skipping Source actor due to time limit at clock = 43210.6788297557
-----------------------------
| Model.cleanup in progress |
-----------------------------
cleanup: agenda
cleanup: wait queues
coroutine counts = (3704934,3704686,3704561)
[ModelOptimizer] Fitness: 8.6742 | Elapsed: 123.35 sec
[ModelOptimizer] Evaluating parameters: VectorD(2.89140,	6.00000,	-0.500000,	0.800000,	2.00000)

======================================================================
TRAFFIC MODEL BUILDER SUMMARY
======================================================================
Network:      US-101-N-DonaldDoyle
Segments:     7
Lanes:        4
Junctions:    8
Ramps:        2
Sensors:      5
Mode:         PeMS Data-Driven
Car-Following: Gipps
ODE Solver:   Ballistic
Vmax:         35.0 m/s
======================================================================
Skipping Source actor due to time limit at clock = 43201.00125327633
Skipping Source actor due to time limit at clock = 43210.6788297557
-----------------------------
| Model.cleanup in progress |
-----------------------------
cleanup: agenda
cleanup: wait queues
coroutine counts = (3764691,3764439,3764312)
[ModelOptimizer] Fitness: NaN | Elapsed: 18.97 sec
[ModelOptimizer] Evaluating parameters: VectorD(4.01624,	0.800000,	-0.500000,	2.59503,	2.00000)

======================================================================
TRAFFIC MODEL BUILDER SUMMARY
======================================================================
Network:      US-101-N-DonaldDoyle
Segments:     7
Lanes:        4
Junctions:    8
Ramps:        2
Sensors:      5
Mode:         PeMS Data-Driven
Car-Following: Gipps
ODE Solver:   Ballistic
Vmax:         35.0 m/s
======================================================================
Skipping Source actor due to time limit at clock = 43201.00125327633
Skipping Source actor due to time limit at clock = 43210.6788297557
-----------------------------
| Model.cleanup in progress |
-----------------------------
cleanup: agenda
cleanup: wait queues
coroutine counts = (3824448,3824192,3824063)
[ModelOptimizer] Fitness: 8.1989 | Elapsed: 20.63 sec
[ModelOptimizer] Evaluating parameters: VectorD(7.85225,	5.35363,	-0.500000,	1.89949,	2.00000)

======================================================================
TRAFFIC MODEL BUILDER SUMMARY
======================================================================
Network:      US-101-N-DonaldDoyle
Segments:     7
Lanes:        4
Junctions:    8
Ramps:        2
Sensors:      5
Mode:         PeMS Data-Driven
Car-Following: Gipps
ODE Solver:   Ballistic
Vmax:         35.0 m/s
======================================================================
Skipping Source actor due to time limit at clock = 43201.00125327633
Skipping Source actor due to time limit at clock = 43210.6788297557
-----------------------------
| Model.cleanup in progress |
-----------------------------
cleanup: agenda
cleanup: wait queues
coroutine counts = (3884205,3883945,3883814)
[ModelOptimizer] Fitness: 7.3316 | Elapsed: 18.61 sec
[ModelOptimizer] Evaluating parameters: VectorD(8.00000,	6.00000,	-0.500000,	1.35749,	2.00000)

======================================================================
TRAFFIC MODEL BUILDER SUMMARY
======================================================================
Network:      US-101-N-DonaldDoyle
Segments:     7
Lanes:        4
Junctions:    8
Ramps:        2
Sensors:      5
Mode:         PeMS Data-Driven
Car-Following: Gipps
ODE Solver:   Ballistic
Vmax:         35.0 m/s
======================================================================
Skipping Source actor due to time limit at clock = 43201.00125327633
Skipping Source actor due to time limit at clock = 43210.6788297557
-----------------------------
| Model.cleanup in progress |
-----------------------------
cleanup: agenda
cleanup: wait queues
coroutine counts = (3943962,3943698,3943565)
[ModelOptimizer] Fitness: NaN | Elapsed: 18.37 sec
[ModelOptimizer] Evaluating parameters: VectorD(1.00000,	5.02851,	-0.500000,	4.80661,	2.00000)

======================================================================
TRAFFIC MODEL BUILDER SUMMARY
======================================================================
Network:      US-101-N-DonaldDoyle
Segments:     7
Lanes:        4
Junctions:    8
Ramps:        2
Sensors:      5
Mode:         PeMS Data-Driven
Car-Following: Gipps
ODE Solver:   Ballistic
Vmax:         35.0 m/s
======================================================================
Skipping Source actor due to time limit at clock = 43201.00125327633
Skipping Source actor due to time limit at clock = 43210.6788297557
-----------------------------
| Model.cleanup in progress |
-----------------------------
cleanup: agenda
cleanup: wait queues
coroutine counts = (4003719,4003451,4003316)
[ModelOptimizer] Fitness: 7.3830 | Elapsed: 18.91 sec
       1 |      7.13413046 |      7.13413046 |       2.5% ✓
[ModelOptimizer] Evaluating parameters: VectorD(7.97901,	6.00000,	-1.27816,	5.00000,	2.00000)

======================================================================
TRAFFIC MODEL BUILDER SUMMARY
======================================================================
Network:      US-101-N-DonaldDoyle
Segments:     7
Lanes:        4
Junctions:    8
Ramps:        2
Sensors:      5
Mode:         PeMS Data-Driven
Car-Following: Gipps
ODE Solver:   Ballistic
Vmax:         35.0 m/s
======================================================================
Skipping Source actor due to time limit at clock = 43201.00125327633
Skipping Source actor due to time limit at clock = 43210.6788297557
-----------------------------
| Model.cleanup in progress |
-----------------------------
cleanup: agenda
cleanup: wait queues
coroutine counts = (4063476,4063204,4063067)
[ModelOptimizer] Fitness: NaN | Elapsed: 17.40 sec
[ModelOptimizer] Evaluating parameters: VectorD(5.93553,	4.99082,	-0.500000,	5.00000,	2.00000)

======================================================================
TRAFFIC MODEL BUILDER SUMMARY
======================================================================
Network:      US-101-N-DonaldDoyle
Segments:     7
Lanes:        4
Junctions:    8
Ramps:        2
Sensors:      5
Mode:         PeMS Data-Driven
Car-Following: Gipps
ODE Solver:   Ballistic
Vmax:         35.0 m/s
======================================================================
Skipping Source actor due to time limit at clock = 43201.00125327633
Skipping Source actor due to time limit at clock = 43210.6788297557
-----------------------------
| Model.cleanup in progress |
-----------------------------
cleanup: agenda
cleanup: wait queues
coroutine counts = (4123233,4122957,4122818)
[ModelOptimizer] Fitness: 7.3771 | Elapsed: 23.59 sec
[ModelOptimizer] Evaluating parameters: VectorD(6.88094,	3.53696,	-0.500000,	5.00000,	0.200000)

======================================================================
TRAFFIC MODEL BUILDER SUMMARY
======================================================================
Network:      US-101-N-DonaldDoyle
Segments:     7
Lanes:        4
Junctions:    8
Ramps:        2
Sensors:      5
Mode:         PeMS Data-Driven
Car-Following: Gipps
ODE Solver:   Ballistic
Vmax:         35.0 m/s
======================================================================
Skipping Source actor due to time limit at clock = 43201.00125327633
Skipping Source actor due to time limit at clock = 43210.6788297557
-----------------------------
| Model.cleanup in progress |
-----------------------------
cleanup: agenda
cleanup: wait queues
coroutine counts = (4182990,4182710,4182569)
[ModelOptimizer] Fitness: 9.2562 | Elapsed: 135.69 sec
[ModelOptimizer] Evaluating parameters: VectorD(4.97885,	4.58621,	-0.500000,	5.00000,	2.00000)

======================================================================
TRAFFIC MODEL BUILDER SUMMARY
======================================================================
Network:      US-101-N-DonaldDoyle
Segments:     7
Lanes:        4
Junctions:    8
Ramps:        2
Sensors:      5
Mode:         PeMS Data-Driven
Car-Following: Gipps
ODE Solver:   Ballistic
Vmax:         35.0 m/s
======================================================================
Skipping Source actor due to time limit at clock = 43201.00125327633
Skipping Source actor due to time limit at clock = 43210.6788297557
-----------------------------
| Model.cleanup in progress |
-----------------------------
cleanup: agenda
cleanup: wait queues
coroutine counts = (4242747,4242463,4242320)
[ModelOptimizer] Fitness: 7.4812 | Elapsed: 19.14 sec
[ModelOptimizer] Evaluating parameters: VectorD(2.13098,	0.800000,	-0.500000,	5.00000,	1.91661)

======================================================================
TRAFFIC MODEL BUILDER SUMMARY
======================================================================
Network:      US-101-N-DonaldDoyle
Segments:     7
Lanes:        4
Junctions:    8
Ramps:        2
Sensors:      5
Mode:         PeMS Data-Driven
Car-Following: Gipps
ODE Solver:   Ballistic
Vmax:         35.0 m/s
======================================================================
Skipping Source actor due to time limit at clock = 43201.00125327633
Skipping Source actor due to time limit at clock = 43210.6788297557
-----------------------------
| Model.cleanup in progress |
-----------------------------
cleanup: agenda
cleanup: wait queues
coroutine counts = (4302504,4302216,4302071)
[ModelOptimizer] Fitness: 8.2824 | Elapsed: 21.06 sec
[ModelOptimizer] Evaluating parameters: VectorD(7.60353,	6.00000,	-0.562743,	5.00000,	1.85634)

======================================================================
TRAFFIC MODEL BUILDER SUMMARY
======================================================================
Network:      US-101-N-DonaldDoyle
Segments:     7
Lanes:        4
Junctions:    8
Ramps:        2
Sensors:      5
Mode:         PeMS Data-Driven
Car-Following: Gipps
ODE Solver:   Ballistic
Vmax:         35.0 m/s
======================================================================
Skipping Source actor due to time limit at clock = 43201.00125327633
Skipping Source actor due to time limit at clock = 43210.6788297557
-----------------------------
| Model.cleanup in progress |
-----------------------------
cleanup: agenda
cleanup: wait queues
coroutine counts = (4362261,4361969,4361822)
[ModelOptimizer] Fitness: 7.1341 | Elapsed: 19.93 sec
[ModelOptimizer] Evaluating parameters: VectorD(8.00000,	6.00000,	-0.500000,	0.800000,	2.00000)

======================================================================
TRAFFIC MODEL BUILDER SUMMARY
======================================================================
Network:      US-101-N-DonaldDoyle
Segments:     7
Lanes:        4
Junctions:    8
Ramps:        2
Sensors:      5
Mode:         PeMS Data-Driven
Car-Following: Gipps
ODE Solver:   Ballistic
Vmax:         35.0 m/s
======================================================================
Skipping Source actor due to time limit at clock = 43201.00125327633
Skipping Source actor due to time limit at clock = 43210.6788297557
-----------------------------
| Model.cleanup in progress |
-----------------------------
cleanup: agenda
cleanup: wait queues
coroutine counts = (4422018,4421722,4421573)
[ModelOptimizer] Fitness: NaN | Elapsed: 17.98 sec
[ModelOptimizer] Evaluating parameters: VectorD(6.43126,	6.00000,	-0.500000,	3.93580,	2.00000)

======================================================================
TRAFFIC MODEL BUILDER SUMMARY
======================================================================
Network:      US-101-N-DonaldDoyle
Segments:     7
Lanes:        4
Junctions:    8
Ramps:        2
Sensors:      5
Mode:         PeMS Data-Driven
Car-Following: Gipps
ODE Solver:   Ballistic
Vmax:         35.0 m/s
======================================================================
Skipping Source actor due to time limit at clock = 43201.00125327633
Skipping Source actor due to time limit at clock = 43210.6788297557
-----------------------------
| Model.cleanup in progress |
-----------------------------
cleanup: agenda
cleanup: wait queues
coroutine counts = (4481775,4481475,4481324)
[ModelOptimizer] Fitness: NaN | Elapsed: 17.88 sec
[ModelOptimizer] Evaluating parameters: VectorD(8.00000,	2.01882,	-0.500000,	1.02733,	2.00000)

======================================================================
TRAFFIC MODEL BUILDER SUMMARY
======================================================================
Network:      US-101-N-DonaldDoyle
Segments:     7
Lanes:        4
Junctions:    8
Ramps:        2
Sensors:      5
Mode:         PeMS Data-Driven
Car-Following: Gipps
ODE Solver:   Ballistic
Vmax:         35.0 m/s
======================================================================
Skipping Source actor due to time limit at clock = 43201.00125327633
Skipping Source actor due to time limit at clock = 43210.6788297557
-----------------------------
| Model.cleanup in progress |
-----------------------------
cleanup: agenda
cleanup: wait queues
coroutine counts = (4541532,4541228,4541075)
[ModelOptimizer] Fitness: 8.2668 | Elapsed: 19.72 sec
[ModelOptimizer] Evaluating parameters: VectorD(3.97826,	0.800000,	-0.500000,	4.53508,	2.00000)

======================================================================
TRAFFIC MODEL BUILDER SUMMARY
======================================================================
Network:      US-101-N-DonaldDoyle
Segments:     7
Lanes:        4
Junctions:    8
Ramps:        2
Sensors:      5
Mode:         PeMS Data-Driven
Car-Following: Gipps
ODE Solver:   Ballistic
Vmax:         35.0 m/s
======================================================================
Skipping Source actor due to time limit at clock = 43201.00125327633
Skipping Source actor due to time limit at clock = 43210.6788297557
-----------------------------
| Model.cleanup in progress |
-----------------------------
cleanup: agenda
cleanup: wait queues
coroutine counts = (4601289,4600981,4600826)
[ModelOptimizer] Fitness: 8.1989 | Elapsed: 20.42 sec
[ModelOptimizer] Evaluating parameters: VectorD(4.18631,	5.49892,	-0.500000,	0.800000,	2.00000)

======================================================================
TRAFFIC MODEL BUILDER SUMMARY
======================================================================
Network:      US-101-N-DonaldDoyle
Segments:     7
Lanes:        4
Junctions:    8
Ramps:        2
Sensors:      5
Mode:         PeMS Data-Driven
Car-Following: Gipps
ODE Solver:   Ballistic
Vmax:         35.0 m/s
======================================================================
Skipping Source actor due to time limit at clock = 43201.00125327633
Skipping Source actor due to time limit at clock = 43210.6788297557
-----------------------------
| Model.cleanup in progress |
-----------------------------
cleanup: agenda
cleanup: wait queues
coroutine counts = (4661046,4660734,4660577)
[ModelOptimizer] Fitness: 7.3238 | Elapsed: 18.73 sec
[ModelOptimizer] Evaluating parameters: VectorD(4.36229,	5.55935,	-0.500000,	0.800000,	2.00000)

======================================================================
TRAFFIC MODEL BUILDER SUMMARY
======================================================================
Network:      US-101-N-DonaldDoyle
Segments:     7
Lanes:        4
Junctions:    8
Ramps:        2
Sensors:      5
Mode:         PeMS Data-Driven
Car-Following: Gipps
ODE Solver:   Ballistic
Vmax:         35.0 m/s
======================================================================
Skipping Source actor due to time limit at clock = 43201.00125327633
Skipping Source actor due to time limit at clock = 43210.6788297557
-----------------------------
| Model.cleanup in progress |
-----------------------------
cleanup: agenda
cleanup: wait queues
coroutine counts = (4720803,4720487,4720328)
[ModelOptimizer] Fitness: 7.2572 | Elapsed: 18.60 sec
[ModelOptimizer] Evaluating parameters: VectorD(1.00000,	0.800000,	-0.500000,	0.800000,	2.00000)

======================================================================
TRAFFIC MODEL BUILDER SUMMARY
======================================================================
Network:      US-101-N-DonaldDoyle
Segments:     7
Lanes:        4
Junctions:    8
Ramps:        2
Sensors:      5
Mode:         PeMS Data-Driven
Car-Following: Gipps
ODE Solver:   Ballistic
Vmax:         35.0 m/s
======================================================================
Skipping Source actor due to time limit at clock = 43201.00125327633
Skipping Source actor due to time limit at clock = 43210.6788297557
-----------------------------
| Model.cleanup in progress |
-----------------------------
cleanup: agenda
cleanup: wait queues
coroutine counts = (4780560,4780240,4780079)
[ModelOptimizer] Fitness: 8.1989 | Elapsed: 20.82 sec
[ModelOptimizer] Evaluating parameters: VectorD(3.36869,	6.00000,	-0.500000,	1.43496,	2.00000)

======================================================================
TRAFFIC MODEL BUILDER SUMMARY
======================================================================
Network:      US-101-N-DonaldDoyle
Segments:     7
Lanes:        4
Junctions:    8
Ramps:        2
Sensors:      5
Mode:         PeMS Data-Driven
Car-Following: Gipps
ODE Solver:   Ballistic
Vmax:         35.0 m/s
======================================================================
Skipping Source actor due to time limit at clock = 43201.00125327633
Skipping Source actor due to time limit at clock = 43210.6788297557
-----------------------------
| Model.cleanup in progress |
-----------------------------
cleanup: agenda
cleanup: wait queues
coroutine counts = (4840317,4839993,4839830)
[ModelOptimizer] Fitness: NaN | Elapsed: 18.29 sec
[ModelOptimizer] Evaluating parameters: VectorD(6.24382,	5.16655,	-0.500000,	5.00000,	0.879775)

======================================================================
TRAFFIC MODEL BUILDER SUMMARY
======================================================================
Network:      US-101-N-DonaldDoyle
Segments:     7
Lanes:        4
Junctions:    8
Ramps:        2
Sensors:      5
Mode:         PeMS Data-Driven
Car-Following: Gipps
ODE Solver:   Ballistic
Vmax:         35.0 m/s
======================================================================
Skipping Source actor due to time limit at clock = 43201.00125327633
Skipping Source actor due to time limit at clock = 43210.6788297557
-----------------------------
| Model.cleanup in progress |
-----------------------------
cleanup: agenda
cleanup: wait queues
coroutine counts = (4900074,4899746,4899581)
[ModelOptimizer] Fitness: 9.0453 | Elapsed: 33.44 sec
[ModelOptimizer] Evaluating parameters: VectorD(1.10310,	1.98581,	-0.500000,	0.800000,	2.00000)

======================================================================
TRAFFIC MODEL BUILDER SUMMARY
======================================================================
Network:      US-101-N-DonaldDoyle
Segments:     7
Lanes:        4
Junctions:    8
Ramps:        2
Sensors:      5
Mode:         PeMS Data-Driven
Car-Following: Gipps
ODE Solver:   Ballistic
Vmax:         35.0 m/s
======================================================================
Skipping Source actor due to time limit at clock = 43201.00125327633
Skipping Source actor due to time limit at clock = 43210.6788297557
-----------------------------
| Model.cleanup in progress |
-----------------------------
cleanup: agenda
cleanup: wait queues
coroutine counts = (4959831,4959499,4959332)
[ModelOptimizer] Fitness: 8.2424 | Elapsed: 19.69 sec
[ModelOptimizer] Evaluating parameters: VectorD(7.29646,	6.00000,	-0.500000,	5.00000,	2.00000)

======================================================================
TRAFFIC MODEL BUILDER SUMMARY
======================================================================
Network:      US-101-N-DonaldDoyle
Segments:     7
Lanes:        4
Junctions:    8
Ramps:        2
Sensors:      5
Mode:         PeMS Data-Driven
Car-Following: Gipps
ODE Solver:   Ballistic
Vmax:         35.0 m/s
======================================================================
Skipping Source actor due to time limit at clock = 43201.00125327633
Skipping Source actor due to time limit at clock = 43210.6788297557
-----------------------------
| Model.cleanup in progress |
-----------------------------
cleanup: agenda
cleanup: wait queues
coroutine counts = (5019588,5019252,5019083)
[ModelOptimizer] Fitness: NaN | Elapsed: 18.09 sec
[ModelOptimizer] Evaluating parameters: VectorD(3.41617,	5.32998,	-0.500000,	0.800000,	2.00000)

======================================================================
TRAFFIC MODEL BUILDER SUMMARY
======================================================================
Network:      US-101-N-DonaldDoyle
Segments:     7
Lanes:        4
Junctions:    8
Ramps:        2
Sensors:      5
Mode:         PeMS Data-Driven
Car-Following: Gipps
ODE Solver:   Ballistic
Vmax:         35.0 m/s
======================================================================
Skipping Source actor due to time limit at clock = 43201.00125327633
Skipping Source actor due to time limit at clock = 43210.6788297557
-----------------------------
| Model.cleanup in progress |
-----------------------------
cleanup: agenda
cleanup: wait queues
coroutine counts = (5079345,5079005,5078834)
[ModelOptimizer] Fitness: 7.3227 | Elapsed: 18.73 sec
[ModelOptimizer] Evaluating parameters: VectorD(5.10412,	6.00000,	-0.500000,	5.00000,	2.00000)

======================================================================
TRAFFIC MODEL BUILDER SUMMARY
======================================================================
Network:      US-101-N-DonaldDoyle
Segments:     7
Lanes:        4
Junctions:    8
Ramps:        2
Sensors:      5
Mode:         PeMS Data-Driven
Car-Following: Gipps
ODE Solver:   Ballistic
Vmax:         35.0 m/s
======================================================================
Skipping Source actor due to time limit at clock = 43201.00125327633
Skipping Source actor due to time limit at clock = 43210.6788297557
-----------------------------
| Model.cleanup in progress |
-----------------------------
cleanup: agenda
cleanup: wait queues
coroutine counts = (5139102,5138758,5138585)
[ModelOptimizer] Fitness: NaN | Elapsed: 19.66 sec
[ModelOptimizer] Evaluating parameters: VectorD(5.18796,	1.14757,	-0.500000,	4.23161,	2.00000)

======================================================================
TRAFFIC MODEL BUILDER SUMMARY
======================================================================
Network:      US-101-N-DonaldDoyle
Segments:     7
Lanes:        4
Junctions:    8
Ramps:        2
Sensors:      5
Mode:         PeMS Data-Driven
Car-Following: Gipps
ODE Solver:   Ballistic
Vmax:         35.0 m/s
======================================================================
Skipping Source actor due to time limit at clock = 43201.00125327633
Skipping Source actor due to time limit at clock = 43210.6788297557
-----------------------------
| Model.cleanup in progress |
-----------------------------
cleanup: agenda
cleanup: wait queues
coroutine counts = (5198859,5198511,5198336)
[ModelOptimizer] Fitness: 8.1760 | Elapsed: 20.85 sec
[ModelOptimizer] Evaluating parameters: VectorD(1.00000,	6.00000,	-0.500000,	0.800000,	2.00000)

======================================================================
TRAFFIC MODEL BUILDER SUMMARY
======================================================================
Network:      US-101-N-DonaldDoyle
Segments:     7
Lanes:        4
Junctions:    8
Ramps:        2
Sensors:      5
Mode:         PeMS Data-Driven
Car-Following: Gipps
ODE Solver:   Ballistic
Vmax:         35.0 m/s
======================================================================
Skipping Source actor due to time limit at clock = 43201.00125327633
Skipping Source actor due to time limit at clock = 43210.6788297557
-----------------------------
| Model.cleanup in progress |
-----------------------------
cleanup: agenda
cleanup: wait queues
coroutine counts = (5258616,5258264,5258087)
[ModelOptimizer] Fitness: NaN | Elapsed: 17.86 sec
[ModelOptimizer] Evaluating parameters: VectorD(2.07007,	4.26457,	-0.500000,	5.00000,	2.00000)

======================================================================
TRAFFIC MODEL BUILDER SUMMARY
======================================================================
Network:      US-101-N-DonaldDoyle
Segments:     7
Lanes:        4
Junctions:    8
Ramps:        2
Sensors:      5
Mode:         PeMS Data-Driven
Car-Following: Gipps
ODE Solver:   Ballistic
Vmax:         35.0 m/s
======================================================================
Skipping Source actor due to time limit at clock = 43201.00125327633
Skipping Source actor due to time limit at clock = 43210.6788297557
-----------------------------
| Model.cleanup in progress |
-----------------------------
cleanup: agenda
cleanup: wait queues
coroutine counts = (5318373,5318017,5317838)
[ModelOptimizer] Fitness: 7.5744 | Elapsed: 19.25 sec
[ModelOptimizer] Evaluating parameters: VectorD(1.12544,	5.69769,	-0.500000,	5.00000,	1.24618)

======================================================================
TRAFFIC MODEL BUILDER SUMMARY
======================================================================
Network:      US-101-N-DonaldDoyle
Segments:     7
Lanes:        4
Junctions:    8
Ramps:        2
Sensors:      5
Mode:         PeMS Data-Driven
Car-Following: Gipps
ODE Solver:   Ballistic
Vmax:         35.0 m/s
======================================================================
Skipping Source actor due to time limit at clock = 43201.00125327633
Skipping Source actor due to time limit at clock = 43210.6788297557
-----------------------------
| Model.cleanup in progress |
-----------------------------
cleanup: agenda
cleanup: wait queues
coroutine counts = (5378130,5377770,5377589)
[ModelOptimizer] Fitness: 8.3482 | Elapsed: 25.17 sec
[ModelOptimizer] Evaluating parameters: VectorD(6.15219,	6.00000,	-0.500000,	5.00000,	2.00000)

======================================================================
TRAFFIC MODEL BUILDER SUMMARY
======================================================================
Network:      US-101-N-DonaldDoyle
Segments:     7
Lanes:        4
Junctions:    8
Ramps:        2
Sensors:      5
Mode:         PeMS Data-Driven
Car-Following: Gipps
ODE Solver:   Ballistic
Vmax:         35.0 m/s
======================================================================
Skipping Source actor due to time limit at clock = 43201.00125327633
Skipping Source actor due to time limit at clock = 43210.6788297557
-----------------------------
| Model.cleanup in progress |
-----------------------------
cleanup: agenda
cleanup: wait queues
coroutine counts = (5437887,5437523,5437340)
[ModelOptimizer] Fitness: NaN | Elapsed: 18.00 sec
[ModelOptimizer] Evaluating parameters: VectorD(1.00000,	0.800000,	-0.500000,	5.00000,	2.00000)

======================================================================
TRAFFIC MODEL BUILDER SUMMARY
======================================================================
Network:      US-101-N-DonaldDoyle
Segments:     7
Lanes:        4
Junctions:    8
Ramps:        2
Sensors:      5
Mode:         PeMS Data-Driven
Car-Following: Gipps
ODE Solver:   Ballistic
Vmax:         35.0 m/s
======================================================================
Skipping Source actor due to time limit at clock = 43201.00125327633
Skipping Source actor due to time limit at clock = 43210.6788297557
-----------------------------
| Model.cleanup in progress |
-----------------------------
cleanup: agenda
cleanup: wait queues
coroutine counts = (5497644,5497276,5497091)
[ModelOptimizer] Fitness: 8.1989 | Elapsed: 20.52 sec
[ModelOptimizer] Evaluating parameters: VectorD(7.77082,	4.42163,	-0.500000,	5.00000,	1.46754)

======================================================================
TRAFFIC MODEL BUILDER SUMMARY
======================================================================
Network:      US-101-N-DonaldDoyle
Segments:     7
Lanes:        4
Junctions:    8
Ramps:        2
Sensors:      5
Mode:         PeMS Data-Driven
Car-Following: Gipps
ODE Solver:   Ballistic
Vmax:         35.0 m/s
======================================================================
Skipping Source actor due to time limit at clock = 43201.00125327633
Skipping Source actor due to time limit at clock = 43210.6788297557
-----------------------------
| Model.cleanup in progress |
-----------------------------
cleanup: agenda
cleanup: wait queues
coroutine counts = (5557401,5557029,5556842)
[ModelOptimizer] Fitness: 8.3753 | Elapsed: 23.07 sec
[ModelOptimizer] Evaluating parameters: VectorD(1.00000,	0.800000,	-0.500000,	5.00000,	2.00000)

======================================================================
TRAFFIC MODEL BUILDER SUMMARY
======================================================================
Network:      US-101-N-DonaldDoyle
Segments:     7
Lanes:        4
Junctions:    8
Ramps:        2
Sensors:      5
Mode:         PeMS Data-Driven
Car-Following: Gipps
ODE Solver:   Ballistic
Vmax:         35.0 m/s
======================================================================
Skipping Source actor due to time limit at clock = 43201.00125327633
Skipping Source actor due to time limit at clock = 43210.6788297557
-----------------------------
| Model.cleanup in progress |
-----------------------------
cleanup: agenda
cleanup: wait queues
coroutine counts = (5617158,5616782,5616593)
[ModelOptimizer] Fitness: 8.1989 | Elapsed: 20.61 sec
[ModelOptimizer] Evaluating parameters: VectorD(1.00000,	0.800000,	-0.500000,	5.00000,	2.00000)

======================================================================
TRAFFIC MODEL BUILDER SUMMARY
======================================================================
Network:      US-101-N-DonaldDoyle
Segments:     7
Lanes:        4
Junctions:    8
Ramps:        2
Sensors:      5
Mode:         PeMS Data-Driven
Car-Following: Gipps
ODE Solver:   Ballistic
Vmax:         35.0 m/s
======================================================================
Skipping Source actor due to time limit at clock = 43201.00125327633
Skipping Source actor due to time limit at clock = 43210.6788297557
-----------------------------
| Model.cleanup in progress |
-----------------------------
cleanup: agenda
cleanup: wait queues
coroutine counts = (5676915,5676535,5676344)
[ModelOptimizer] Fitness: 8.1989 | Elapsed: 20.64 sec
[ModelOptimizer] Evaluating parameters: VectorD(4.01025,	5.29821,	-0.500000,	5.00000,	2.00000)

======================================================================
TRAFFIC MODEL BUILDER SUMMARY
======================================================================
Network:      US-101-N-DonaldDoyle
Segments:     7
Lanes:        4
Junctions:    8
Ramps:        2
Sensors:      5
Mode:         PeMS Data-Driven
Car-Following: Gipps
ODE Solver:   Ballistic
Vmax:         35.0 m/s
======================================================================
Skipping Source actor due to time limit at clock = 43201.00125327633
Skipping Source actor due to time limit at clock = 43210.6788297557
-----------------------------
| Model.cleanup in progress |
-----------------------------
cleanup: agenda
cleanup: wait queues
coroutine counts = (5736672,5736288,5736095)
[ModelOptimizer] Fitness: 7.3062 | Elapsed: 19.34 sec
[ModelOptimizer] Evaluating parameters: VectorD(5.10274,	3.97157,	-0.500000,	0.800000,	2.00000)

======================================================================
TRAFFIC MODEL BUILDER SUMMARY
======================================================================
Network:      US-101-N-DonaldDoyle
Segments:     7
Lanes:        4
Junctions:    8
Ramps:        2
Sensors:      5
Mode:         PeMS Data-Driven
Car-Following: Gipps
ODE Solver:   Ballistic
Vmax:         35.0 m/s
======================================================================
Skipping Source actor due to time limit at clock = 43201.00125327633
Skipping Source actor due to time limit at clock = 43210.6788297557
-----------------------------
| Model.cleanup in progress |
-----------------------------
cleanup: agenda
cleanup: wait queues
coroutine counts = (5796429,5796041,5795846)
[ModelOptimizer] Fitness: 7.6850 | Elapsed: 19.31 sec
[ModelOptimizer] Evaluating parameters: VectorD(1.00000,	3.33317,	-0.500000,	4.99508,	2.00000)

======================================================================
TRAFFIC MODEL BUILDER SUMMARY
======================================================================
Network:      US-101-N-DonaldDoyle
Segments:     7
Lanes:        4
Junctions:    8
Ramps:        2
Sensors:      5
Mode:         PeMS Data-Driven
Car-Following: Gipps
ODE Solver:   Ballistic
Vmax:         35.0 m/s
======================================================================
Skipping Source actor due to time limit at clock = 43201.00125327633
Skipping Source actor due to time limit at clock = 43210.6788297557
-----------------------------
| Model.cleanup in progress |
-----------------------------
cleanup: agenda
cleanup: wait queues
coroutine counts = (5856186,5855794,5855597)
[ModelOptimizer] Fitness: 7.8897 | Elapsed: 19.47 sec
[ModelOptimizer] Evaluating parameters: VectorD(5.10274,	3.97157,	-0.500000,	0.800000,	2.00000)

======================================================================
TRAFFIC MODEL BUILDER SUMMARY
======================================================================
Network:      US-101-N-DonaldDoyle
Segments:     7
Lanes:        4
Junctions:    8
Ramps:        2
Sensors:      5
Mode:         PeMS Data-Driven
Car-Following: Gipps
ODE Solver:   Ballistic
Vmax:         35.0 m/s
======================================================================
Skipping Source actor due to time limit at clock = 43201.00125327633
Skipping Source actor due to time limit at clock = 43210.6788297557
-----------------------------
| Model.cleanup in progress |
-----------------------------
cleanup: agenda
cleanup: wait queues
coroutine counts = (5915943,5915547,5915348)
[ModelOptimizer] Fitness: 7.6850 | Elapsed: 19.64 sec
[ModelOptimizer] Evaluating parameters: VectorD(5.99781,	2.35310,	-0.500000,	0.800000,	2.00000)

======================================================================
TRAFFIC MODEL BUILDER SUMMARY
======================================================================
Network:      US-101-N-DonaldDoyle
Segments:     7
Lanes:        4
Junctions:    8
Ramps:        2
Sensors:      5
Mode:         PeMS Data-Driven
Car-Following: Gipps
ODE Solver:   Ballistic
Vmax:         35.0 m/s
======================================================================
Skipping Source actor due to time limit at clock = 43201.00125327633
Skipping Source actor due to time limit at clock = 43210.6788297557
-----------------------------
| Model.cleanup in progress |
-----------------------------
cleanup: agenda
cleanup: wait queues
coroutine counts = (5975700,5975300,5975099)
[ModelOptimizer] Fitness: 8.2175 | Elapsed: 20.01 sec
[ModelOptimizer] Evaluating parameters: VectorD(5.76085,	3.03049,	-0.500000,	5.00000,	2.00000)

======================================================================
TRAFFIC MODEL BUILDER SUMMARY
======================================================================
Network:      US-101-N-DonaldDoyle
Segments:     7
Lanes:        4
Junctions:    8
Ramps:        2
Sensors:      5
Mode:         PeMS Data-Driven
Car-Following: Gipps
ODE Solver:   Ballistic
Vmax:         35.0 m/s
======================================================================
Skipping Source actor due to time limit at clock = 43201.00125327633
Skipping Source actor due to time limit at clock = 43210.6788297557
-----------------------------
| Model.cleanup in progress |
-----------------------------
cleanup: agenda
cleanup: wait queues
coroutine counts = (6035457,6035053,6034850)
[ModelOptimizer] Fitness: 7.9921 | Elapsed: 21.25 sec
[ModelOptimizer] Evaluating parameters: VectorD(8.00000,	4.89880,	-0.500000,	5.00000,	1.88742)

======================================================================
TRAFFIC MODEL BUILDER SUMMARY
======================================================================
Network:      US-101-N-DonaldDoyle
Segments:     7
Lanes:        4
Junctions:    8
Ramps:        2
Sensors:      5
Mode:         PeMS Data-Driven
Car-Following: Gipps
ODE Solver:   Ballistic
Vmax:         35.0 m/s
======================================================================
Skipping Source actor due to time limit at clock = 43201.00125327633
Skipping Source actor due to time limit at clock = 43210.6788297557
-----------------------------
| Model.cleanup in progress |
-----------------------------
cleanup: agenda
cleanup: wait queues
coroutine counts = (6095214,6094806,6094601)
[ModelOptimizer] Fitness: 7.5187 | Elapsed: 19.83 sec
[ModelOptimizer] Evaluating parameters: VectorD(4.26241,	3.13231,	-0.500000,	5.00000,	2.00000)

======================================================================
TRAFFIC MODEL BUILDER SUMMARY
======================================================================
Network:      US-101-N-DonaldDoyle
Segments:     7
Lanes:        4
Junctions:    8
Ramps:        2
Sensors:      5
Mode:         PeMS Data-Driven
Car-Following: Gipps
ODE Solver:   Ballistic
Vmax:         35.0 m/s
======================================================================
Skipping Source actor due to time limit at clock = 43201.00125327633
Skipping Source actor due to time limit at clock = 43210.6788297557
-----------------------------
| Model.cleanup in progress |
-----------------------------
cleanup: agenda
cleanup: wait queues
coroutine counts = (6154971,6154559,6154352)
[ModelOptimizer] Fitness: 7.9810 | Elapsed: 19.70 sec
[ModelOptimizer] Evaluating parameters: VectorD(8.00000,	4.89880,	-0.500000,	5.00000,	1.88742)

======================================================================
TRAFFIC MODEL BUILDER SUMMARY
======================================================================
Network:      US-101-N-DonaldDoyle
Segments:     7
Lanes:        4
Junctions:    8
Ramps:        2
Sensors:      5
Mode:         PeMS Data-Driven
Car-Following: Gipps
ODE Solver:   Ballistic
Vmax:         35.0 m/s
======================================================================
Skipping Source actor due to time limit at clock = 43201.00125327633
Skipping Source actor due to time limit at clock = 43210.6788297557
-----------------------------
| Model.cleanup in progress |
-----------------------------
cleanup: agenda
cleanup: wait queues
coroutine counts = (6214728,6214312,6214103)
[ModelOptimizer] Fitness: 7.5187 | Elapsed: 20.10 sec
[ModelOptimizer] Evaluating parameters: VectorD(1.00000,	3.33779,	-0.833923,	2.75064,	2.00000)

======================================================================
TRAFFIC MODEL BUILDER SUMMARY
======================================================================
Network:      US-101-N-DonaldDoyle
Segments:     7
Lanes:        4
Junctions:    8
Ramps:        2
Sensors:      5
Mode:         PeMS Data-Driven
Car-Following: Gipps
ODE Solver:   Ballistic
Vmax:         35.0 m/s
======================================================================
Skipping Source actor due to time limit at clock = 43201.00125327633
Skipping Source actor due to time limit at clock = 43210.6788297557
-----------------------------
| Model.cleanup in progress |
-----------------------------
cleanup: agenda
cleanup: wait queues
coroutine counts = (6274485,6274065,6273854)
[ModelOptimizer] Fitness: 6.5036 | Elapsed: 18.08 sec
[ModelOptimizer] Evaluating parameters: VectorD(2.89140,	6.00000,	-0.500000,	0.800000,	2.00000)

======================================================================
TRAFFIC MODEL BUILDER SUMMARY
======================================================================
Network:      US-101-N-DonaldDoyle
Segments:     7
Lanes:        4
Junctions:    8
Ramps:        2
Sensors:      5
Mode:         PeMS Data-Driven
Car-Following: Gipps
ODE Solver:   Ballistic
Vmax:         35.0 m/s
======================================================================
Skipping Source actor due to time limit at clock = 43201.00125327633
Skipping Source actor due to time limit at clock = 43210.6788297557
-----------------------------
| Model.cleanup in progress |
-----------------------------
cleanup: agenda
cleanup: wait queues
coroutine counts = (6334242,6333818,6333605)
[ModelOptimizer] Fitness: NaN | Elapsed: 17.66 sec
[ModelOptimizer] Evaluating parameters: VectorD(5.28033,	6.00000,	-0.863742,	5.00000,	1.87166)

======================================================================
TRAFFIC MODEL BUILDER SUMMARY
======================================================================
Network:      US-101-N-DonaldDoyle
Segments:     7
Lanes:        4
Junctions:    8
Ramps:        2
Sensors:      5
Mode:         PeMS Data-Driven
Car-Following: Gipps
ODE Solver:   Ballistic
Vmax:         35.0 m/s
======================================================================
Skipping Source actor due to time limit at clock = 43201.00125327633
Skipping Source actor due to time limit at clock = 43210.6788297557
-----------------------------
| Model.cleanup in progress |
-----------------------------
cleanup: agenda
cleanup: wait queues
coroutine counts = (6393999,6393571,6393356)
[ModelOptimizer] Fitness: 6.1803 | Elapsed: 18.37 sec
[ModelOptimizer] Evaluating parameters: VectorD(7.85225,	5.35363,	-0.500000,	1.89949,	2.00000)

======================================================================
TRAFFIC MODEL BUILDER SUMMARY
======================================================================
Network:      US-101-N-DonaldDoyle
Segments:     7
Lanes:        4
Junctions:    8
Ramps:        2
Sensors:      5
Mode:         PeMS Data-Driven
Car-Following: Gipps
ODE Solver:   Ballistic
Vmax:         35.0 m/s
======================================================================
Skipping Source actor due to time limit at clock = 43201.00125327633
Skipping Source actor due to time limit at clock = 43210.6788297557
-----------------------------
| Model.cleanup in progress |
-----------------------------
cleanup: agenda
cleanup: wait queues
coroutine counts = (6453756,6453324,6453107)
[ModelOptimizer] Fitness: 7.3316 | Elapsed: 19.32 sec
[ModelOptimizer] Evaluating parameters: VectorD(5.28033,	6.00000,	-0.863742,	5.00000,	1.87166)

======================================================================
TRAFFIC MODEL BUILDER SUMMARY
======================================================================
Network:      US-101-N-DonaldDoyle
Segments:     7
Lanes:        4
Junctions:    8
Ramps:        2
Sensors:      5
Mode:         PeMS Data-Driven
Car-Following: Gipps
ODE Solver:   Ballistic
Vmax:         35.0 m/s
======================================================================
Skipping Source actor due to time limit at clock = 43201.00125327633
Skipping Source actor due to time limit at clock = 43210.6788297557
-----------------------------
| Model.cleanup in progress |
-----------------------------
cleanup: agenda
cleanup: wait queues
coroutine counts = (6513513,6513077,6512858)
[ModelOptimizer] Fitness: 6.1803 | Elapsed: 18.88 sec
[ModelOptimizer] Evaluating parameters: VectorD(1.00000,	0.800000,	-0.500000,	0.800000,	2.00000)

======================================================================
TRAFFIC MODEL BUILDER SUMMARY
======================================================================
Network:      US-101-N-DonaldDoyle
Segments:     7
Lanes:        4
Junctions:    8
Ramps:        2
Sensors:      5
Mode:         PeMS Data-Driven
Car-Following: Gipps
ODE Solver:   Ballistic
Vmax:         35.0 m/s
======================================================================
Skipping Source actor due to time limit at clock = 43201.00125327633
Skipping Source actor due to time limit at clock = 43210.6788297557
-----------------------------
| Model.cleanup in progress |
-----------------------------
cleanup: agenda
cleanup: wait queues
coroutine counts = (6573270,6572830,6572609)
[ModelOptimizer] Fitness: 8.1989 | Elapsed: 20.51 sec
[ModelOptimizer] Evaluating parameters: VectorD(1.00000,	5.02851,	-0.500000,	4.80661,	2.00000)

======================================================================
TRAFFIC MODEL BUILDER SUMMARY
======================================================================
Network:      US-101-N-DonaldDoyle
Segments:     7
Lanes:        4
Junctions:    8
Ramps:        2
Sensors:      5
Mode:         PeMS Data-Driven
Car-Following: Gipps
ODE Solver:   Ballistic
Vmax:         35.0 m/s
======================================================================
Skipping Source actor due to time limit at clock = 43201.00125327633
Skipping Source actor due to time limit at clock = 43210.6788297557
-----------------------------
| Model.cleanup in progress |
-----------------------------
cleanup: agenda
cleanup: wait queues
coroutine counts = (6633027,6632583,6632360)
[ModelOptimizer] Fitness: 7.3830 | Elapsed: 19.10 sec
       2 |      6.18030448 |      6.18030448 |       5.0% ✓
[ModelOptimizer] Evaluating parameters: VectorD(8.00000,	6.00000,	-3.28683,	5.00000,	2.00000)

======================================================================
TRAFFIC MODEL BUILDER SUMMARY
======================================================================
Network:      US-101-N-DonaldDoyle
Segments:     7
Lanes:        4
Junctions:    8
Ramps:        2
Sensors:      5
Mode:         PeMS Data-Driven
Car-Following: Gipps
ODE Solver:   Ballistic
Vmax:         35.0 m/s
======================================================================
Skipping Source actor due to time limit at clock = 43201.00125327633
Skipping Source actor due to time limit at clock = 43210.6788297557
-----------------------------
| Model.cleanup in progress |
-----------------------------
cleanup: agenda
cleanup: wait queues
coroutine counts = (6692784,6692336,6692111)
[ModelOptimizer] Fitness: 2.6532 | Elapsed: 16.13 sec
[ModelOptimizer] Evaluating parameters: VectorD(5.93553,	4.99082,	-0.500000,	5.00000,	2.00000)

======================================================================
TRAFFIC MODEL BUILDER SUMMARY
======================================================================
Network:      US-101-N-DonaldDoyle
Segments:     7
Lanes:        4
Junctions:    8
Ramps:        2
Sensors:      5
Mode:         PeMS Data-Driven
Car-Following: Gipps
ODE Solver:   Ballistic
Vmax:         35.0 m/s
======================================================================
Skipping Source actor due to time limit at clock = 43201.00125327633
Skipping Source actor due to time limit at clock = 43210.6788297557
-----------------------------
| Model.cleanup in progress |
-----------------------------
cleanup: agenda
cleanup: wait queues
coroutine counts = (6752541,6752089,6751862)
[ModelOptimizer] Fitness: 7.3771 | Elapsed: 19.41 sec
[ModelOptimizer] Evaluating parameters: VectorD(8.00000,	6.00000,	-3.28683,	5.00000,	2.00000)

======================================================================
TRAFFIC MODEL BUILDER SUMMARY
======================================================================
Network:      US-101-N-DonaldDoyle
Segments:     7
Lanes:        4
Junctions:    8
Ramps:        2
Sensors:      5
Mode:         PeMS Data-Driven
Car-Following: Gipps
ODE Solver:   Ballistic
Vmax:         35.0 m/s
======================================================================
Skipping Source actor due to time limit at clock = 43201.00125327633
Skipping Source actor due to time limit at clock = 43210.6788297557
-----------------------------
| Model.cleanup in progress |
-----------------------------
cleanup: agenda
cleanup: wait queues
coroutine counts = (6812298,6811842,6811613)
[ModelOptimizer] Fitness: 2.6532 | Elapsed: 16.11 sec
[ModelOptimizer] Evaluating parameters: VectorD(8.00000,	6.00000,	-1.87857,	5.00000,	2.00000)

======================================================================
TRAFFIC MODEL BUILDER SUMMARY
======================================================================
Network:      US-101-N-DonaldDoyle
Segments:     7
Lanes:        4
Junctions:    8
Ramps:        2
Sensors:      5
Mode:         PeMS Data-Driven
Car-Following: Gipps
ODE Solver:   Ballistic
Vmax:         35.0 m/s
======================================================================
Skipping Source actor due to time limit at clock = 43201.00125327633
Skipping Source actor due to time limit at clock = 43210.6788297557
-----------------------------
| Model.cleanup in progress |
-----------------------------
cleanup: agenda
cleanup: wait queues
coroutine counts = (6872055,6871595,6871364)
[ModelOptimizer] Fitness: NaN | Elapsed: 16.89 sec
[ModelOptimizer] Evaluating parameters: VectorD(4.97885,	4.58621,	-0.500000,	5.00000,	2.00000)

======================================================================
TRAFFIC MODEL BUILDER SUMMARY
======================================================================
Network:      US-101-N-DonaldDoyle
Segments:     7
Lanes:        4
Junctions:    8
Ramps:        2
Sensors:      5
Mode:         PeMS Data-Driven
Car-Following: Gipps
ODE Solver:   Ballistic
Vmax:         35.0 m/s
======================================================================
Skipping Source actor due to time limit at clock = 43201.00125327633
Skipping Source actor due to time limit at clock = 43210.6788297557
-----------------------------
| Model.cleanup in progress |
-----------------------------
cleanup: agenda
cleanup: wait queues
coroutine counts = (6931812,6931348,6931115)
[ModelOptimizer] Fitness: 7.4812 | Elapsed: 19.21 sec
[ModelOptimizer] Evaluating parameters: VectorD(3.06510,	6.00000,	-0.500000,	4.39580,	2.00000)

======================================================================
TRAFFIC MODEL BUILDER SUMMARY
======================================================================
Network:      US-101-N-DonaldDoyle
Segments:     7
Lanes:        4
Junctions:    8
Ramps:        2
Sensors:      5
Mode:         PeMS Data-Driven
Car-Following: Gipps
ODE Solver:   Ballistic
Vmax:         35.0 m/s
======================================================================
Skipping Source actor due to time limit at clock = 43201.00125327633
Skipping Source actor due to time limit at clock = 43210.6788297557
-----------------------------
| Model.cleanup in progress |
-----------------------------
cleanup: agenda
cleanup: wait queues
coroutine counts = (6991569,6991101,6990866)
[ModelOptimizer] Fitness: NaN | Elapsed: 18.43 sec
[ModelOptimizer] Evaluating parameters: VectorD(7.60353,	6.00000,	-0.562743,	5.00000,	1.85634)

======================================================================
TRAFFIC MODEL BUILDER SUMMARY
======================================================================
Network:      US-101-N-DonaldDoyle
Segments:     7
Lanes:        4
Junctions:    8
Ramps:        2
Sensors:      5
Mode:         PeMS Data-Driven
Car-Following: Gipps
ODE Solver:   Ballistic
Vmax:         35.0 m/s
======================================================================
Skipping Source actor due to time limit at clock = 43201.00125327633
Skipping Source actor due to time limit at clock = 43210.6788297557
-----------------------------
| Model.cleanup in progress |
-----------------------------
cleanup: agenda
cleanup: wait queues
coroutine counts = (7051326,7050854,7050617)
[ModelOptimizer] Fitness: 7.1341 | Elapsed: 19.50 sec
[ModelOptimizer] Evaluating parameters: VectorD(6.43126,	6.00000,	-0.500000,	5.00000,	0.200000)

======================================================================
TRAFFIC MODEL BUILDER SUMMARY
======================================================================
Network:      US-101-N-DonaldDoyle
Segments:     7
Lanes:        4
Junctions:    8
Ramps:        2
Sensors:      5
Mode:         PeMS Data-Driven
Car-Following: Gipps
ODE Solver:   Ballistic
Vmax:         35.0 m/s
======================================================================
Skipping Source actor due to time limit at clock = 43201.00125327633
Skipping Source actor due to time limit at clock = 43210.6788297557
-----------------------------
| Model.cleanup in progress |
-----------------------------
cleanup: agenda
cleanup: wait queues
coroutine counts = (7111083,7110607,7110368)
[ModelOptimizer] Fitness: 8.6656 | Elapsed: 124.12 sec
[ModelOptimizer] Evaluating parameters: VectorD(6.43126,	6.00000,	-0.500000,	3.93580,	2.00000)

======================================================================
TRAFFIC MODEL BUILDER SUMMARY
======================================================================
Network:      US-101-N-DonaldDoyle
Segments:     7
Lanes:        4
Junctions:    8
Ramps:        2
Sensors:      5
Mode:         PeMS Data-Driven
Car-Following: Gipps
ODE Solver:   Ballistic
Vmax:         35.0 m/s
======================================================================
Skipping Source actor due to time limit at clock = 43201.00125327633
Skipping Source actor due to time limit at clock = 43210.6788297557
-----------------------------
| Model.cleanup in progress |
-----------------------------
cleanup: agenda
cleanup: wait queues
coroutine counts = (7170840,7170360,7170119)
[ModelOptimizer] Fitness: NaN | Elapsed: 19.17 sec
[ModelOptimizer] Evaluating parameters: VectorD(1.58178,	4.66146,	-0.500000,	3.20155,	2.00000)

======================================================================
TRAFFIC MODEL BUILDER SUMMARY
======================================================================
Network:      US-101-N-DonaldDoyle
Segments:     7
Lanes:        4
Junctions:    8
Ramps:        2
Sensors:      5
Mode:         PeMS Data-Driven
Car-Following: Gipps
ODE Solver:   Ballistic
Vmax:         35.0 m/s
======================================================================
Skipping Source actor due to time limit at clock = 43201.00125327633
Skipping Source actor due to time limit at clock = 43210.6788297557
-----------------------------
| Model.cleanup in progress |
-----------------------------
cleanup: agenda
cleanup: wait queues
coroutine counts = (7230597,7230113,7229870)
[ModelOptimizer] Fitness: 7.4676 | Elapsed: 19.33 sec
[ModelOptimizer] Evaluating parameters: VectorD(3.97826,	0.800000,	-0.500000,	4.53508,	2.00000)

======================================================================
TRAFFIC MODEL BUILDER SUMMARY
======================================================================
Network:      US-101-N-DonaldDoyle
Segments:     7
Lanes:        4
Junctions:    8
Ramps:        2
Sensors:      5
Mode:         PeMS Data-Driven
Car-Following: Gipps
ODE Solver:   Ballistic
Vmax:         35.0 m/s
======================================================================
Skipping Source actor due to time limit at clock = 43201.00125327633
Skipping Source actor due to time limit at clock = 43210.6788297557
-----------------------------
| Model.cleanup in progress |
-----------------------------
cleanup: agenda
cleanup: wait queues
coroutine counts = (7290354,7289866,7289621)
[ModelOptimizer] Fitness: 8.1989 | Elapsed: 20.94 sec
[ModelOptimizer] Evaluating parameters: VectorD(1.58178,	4.66146,	-0.500000,	3.20155,	2.00000)

======================================================================
TRAFFIC MODEL BUILDER SUMMARY
======================================================================
Network:      US-101-N-DonaldDoyle
Segments:     7
Lanes:        4
Junctions:    8
Ramps:        2
Sensors:      5
Mode:         PeMS Data-Driven
Car-Following: Gipps
ODE Solver:   Ballistic
Vmax:         35.0 m/s
======================================================================
Skipping Source actor due to time limit at clock = 43201.00125327633
Skipping Source actor due to time limit at clock = 43210.6788297557
-----------------------------
| Model.cleanup in progress |
-----------------------------
cleanup: agenda
cleanup: wait queues
coroutine counts = (7350111,7349619,7349372)
[ModelOptimizer] Fitness: 7.4676 | Elapsed: 19.59 sec
[ModelOptimizer] Evaluating parameters: VectorD(8.00000,	6.00000,	-4.00000,	5.00000,	0.200000)

======================================================================
TRAFFIC MODEL BUILDER SUMMARY
======================================================================
Network:      US-101-N-DonaldDoyle
Segments:     7
Lanes:        4
Junctions:    8
Ramps:        2
Sensors:      5
Mode:         PeMS Data-Driven
Car-Following: Gipps
ODE Solver:   Ballistic
Vmax:         35.0 m/s
======================================================================
Skipping Source actor due to time limit at clock = 43201.00125327633
Skipping Source actor due to time limit at clock = 43210.6788297557
-----------------------------
| Model.cleanup in progress |
-----------------------------
cleanup: agenda
cleanup: wait queues
coroutine counts = (7409868,7409372,7409123)
[ModelOptimizer] Fitness: 4.9154 | Elapsed: 68.79 sec
[ModelOptimizer] Evaluating parameters: VectorD(4.36229,	5.55935,	-0.500000,	0.800000,	2.00000)

======================================================================
TRAFFIC MODEL BUILDER SUMMARY
======================================================================
Network:      US-101-N-DonaldDoyle
Segments:     7
Lanes:        4
Junctions:    8
Ramps:        2
Sensors:      5
Mode:         PeMS Data-Driven
Car-Following: Gipps
ODE Solver:   Ballistic
Vmax:         35.0 m/s
======================================================================
Skipping Source actor due to time limit at clock = 43201.00125327633
Skipping Source actor due to time limit at clock = 43210.6788297557
-----------------------------
| Model.cleanup in progress |
-----------------------------
cleanup: agenda
cleanup: wait queues
coroutine counts = (7469625,7469125,7468874)
[ModelOptimizer] Fitness: 7.2572 | Elapsed: 19.39 sec
[ModelOptimizer] Evaluating parameters: VectorD(8.00000,	6.00000,	-4.00000,	5.00000,	0.200000)

======================================================================
TRAFFIC MODEL BUILDER SUMMARY
======================================================================
Network:      US-101-N-DonaldDoyle
Segments:     7
Lanes:        4
Junctions:    8
Ramps:        2
Sensors:      5
Mode:         PeMS Data-Driven
Car-Following: Gipps
ODE Solver:   Ballistic
Vmax:         35.0 m/s
======================================================================
Skipping Source actor due to time limit at clock = 43201.00125327633
Skipping Source actor due to time limit at clock = 43210.6788297557
-----------------------------
| Model.cleanup in progress |
-----------------------------
cleanup: agenda
cleanup: wait queues
coroutine counts = (7529382,7528878,7528625)
[ModelOptimizer] Fitness: 4.9154 | Elapsed: 68.89 sec
[ModelOptimizer] Evaluating parameters: VectorD(1.00000,	0.800000,	-0.500000,	5.00000,	2.00000)

======================================================================
TRAFFIC MODEL BUILDER SUMMARY
======================================================================
Network:      US-101-N-DonaldDoyle
Segments:     7
Lanes:        4
Junctions:    8
Ramps:        2
Sensors:      5
Mode:         PeMS Data-Driven
Car-Following: Gipps
ODE Solver:   Ballistic
Vmax:         35.0 m/s
======================================================================
Skipping Source actor due to time limit at clock = 43201.00125327633
Skipping Source actor due to time limit at clock = 43210.6788297557
-----------------------------
| Model.cleanup in progress |
-----------------------------
cleanup: agenda
cleanup: wait queues
coroutine counts = (7589139,7588631,7588376)
[ModelOptimizer] Fitness: 8.1989 | Elapsed: 20.44 sec
[ModelOptimizer] Evaluating parameters: VectorD(3.36869,	6.00000,	-0.500000,	1.43496,	2.00000)

======================================================================
TRAFFIC MODEL BUILDER SUMMARY
======================================================================
Network:      US-101-N-DonaldDoyle
Segments:     7
Lanes:        4
Junctions:    8
Ramps:        2
Sensors:      5
Mode:         PeMS Data-Driven
Car-Following: Gipps
ODE Solver:   Ballistic
Vmax:         35.0 m/s
======================================================================
Skipping Source actor due to time limit at clock = 43201.00125327633
Skipping Source actor due to time limit at clock = 43210.6788297557
-----------------------------
| Model.cleanup in progress |
-----------------------------
cleanup: agenda
cleanup: wait queues
coroutine counts = (7648896,7648384,7648127)
[ModelOptimizer] Fitness: NaN | Elapsed: 18.04 sec
[ModelOptimizer] Evaluating parameters: VectorD(8.00000,	6.00000,	-0.500000,	5.00000,	0.200000)

======================================================================
TRAFFIC MODEL BUILDER SUMMARY
======================================================================
Network:      US-101-N-DonaldDoyle
Segments:     7
Lanes:        4
Junctions:    8
Ramps:        2
Sensors:      5
Mode:         PeMS Data-Driven
Car-Following: Gipps
ODE Solver:   Ballistic
Vmax:         35.0 m/s
======================================================================
Skipping Source actor due to time limit at clock = 43201.00125327633
Skipping Source actor due to time limit at clock = 43210.6788297557
-----------------------------
| Model.cleanup in progress |
-----------------------------
cleanup: agenda
cleanup: wait queues
coroutine counts = (7708653,7708137,7707878)
[ModelOptimizer] Fitness: 8.6656 | Elapsed: 122.21 sec
[ModelOptimizer] Evaluating parameters: VectorD(1.10310,	1.98581,	-0.500000,	0.800000,	2.00000)

======================================================================
TRAFFIC MODEL BUILDER SUMMARY
======================================================================
Network:      US-101-N-DonaldDoyle
Segments:     7
Lanes:        4
Junctions:    8
Ramps:        2
Sensors:      5
Mode:         PeMS Data-Driven
Car-Following: Gipps
ODE Solver:   Ballistic
Vmax:         35.0 m/s
======================================================================
Skipping Source actor due to time limit at clock = 43201.00125327633
Skipping Source actor due to time limit at clock = 43210.6788297557
-----------------------------
| Model.cleanup in progress |
-----------------------------
cleanup: agenda
cleanup: wait queues
coroutine counts = (7768410,7767890,7767629)
[ModelOptimizer] Fitness: 8.2424 | Elapsed: 20.13 sec
[ModelOptimizer] Evaluating parameters: VectorD(8.00000,	6.00000,	-4.00000,	5.00000,	0.200000)

======================================================================
TRAFFIC MODEL BUILDER SUMMARY
======================================================================
Network:      US-101-N-DonaldDoyle
Segments:     7
Lanes:        4
Junctions:    8
Ramps:        2
Sensors:      5
Mode:         PeMS Data-Driven
Car-Following: Gipps
ODE Solver:   Ballistic
Vmax:         35.0 m/s
======================================================================
Skipping Source actor due to time limit at clock = 43201.00125327633
Skipping Source actor due to time limit at clock = 43210.6788297557
-----------------------------
| Model.cleanup in progress |
-----------------------------
cleanup: agenda
cleanup: wait queues
coroutine counts = (7828167,7827643,7827380)
[ModelOptimizer] Fitness: 4.9154 | Elapsed: 70.51 sec
[ModelOptimizer] Evaluating parameters: VectorD(3.41617,	5.32998,	-0.500000,	0.800000,	2.00000)

======================================================================
TRAFFIC MODEL BUILDER SUMMARY
======================================================================
Network:      US-101-N-DonaldDoyle
Segments:     7
Lanes:        4
Junctions:    8
Ramps:        2
Sensors:      5
Mode:         PeMS Data-Driven
Car-Following: Gipps
ODE Solver:   Ballistic
Vmax:         35.0 m/s
======================================================================
Skipping Source actor due to time limit at clock = 43201.00125327633
Skipping Source actor due to time limit at clock = 43210.6788297557
-----------------------------
| Model.cleanup in progress |
-----------------------------
cleanup: agenda
cleanup: wait queues
coroutine counts = (7887924,7887396,7887131)
[ModelOptimizer] Fitness: 7.3227 | Elapsed: 18.97 sec
[ModelOptimizer] Evaluating parameters: VectorD(8.00000,	6.00000,	-4.00000,	5.00000,	0.200000)

======================================================================
TRAFFIC MODEL BUILDER SUMMARY
======================================================================
Network:      US-101-N-DonaldDoyle
Segments:     7
Lanes:        4
Junctions:    8
Ramps:        2
Sensors:      5
Mode:         PeMS Data-Driven
Car-Following: Gipps
ODE Solver:   Ballistic
Vmax:         35.0 m/s
======================================================================
Skipping Source actor due to time limit at clock = 43201.00125327633
Skipping Source actor due to time limit at clock = 43210.6788297557
-----------------------------
| Model.cleanup in progress |
-----------------------------
cleanup: agenda
cleanup: wait queues
coroutine counts = (7947681,7947149,7946882)
[ModelOptimizer] Fitness: 4.9154 | Elapsed: 69.66 sec
[ModelOptimizer] Evaluating parameters: VectorD(1.00000,	1.35141,	-0.500000,	2.82688,	2.00000)

======================================================================
TRAFFIC MODEL BUILDER SUMMARY
======================================================================
Network:      US-101-N-DonaldDoyle
Segments:     7
Lanes:        4
Junctions:    8
Ramps:        2
Sensors:      5
Mode:         PeMS Data-Driven
Car-Following: Gipps
ODE Solver:   Ballistic
Vmax:         35.0 m/s
======================================================================
Skipping Source actor due to time limit at clock = 43201.00125327633
Skipping Source actor due to time limit at clock = 43210.6788297557
-----------------------------
| Model.cleanup in progress |
-----------------------------
cleanup: agenda
cleanup: wait queues
coroutine counts = (8007438,8006902,8006633)
[ModelOptimizer] Fitness: 8.1825 | Elapsed: 20.22 sec
[ModelOptimizer] Evaluating parameters: VectorD(5.18796,	1.14757,	-0.500000,	4.23161,	2.00000)

======================================================================
TRAFFIC MODEL BUILDER SUMMARY
======================================================================
Network:      US-101-N-DonaldDoyle
Segments:     7
Lanes:        4
Junctions:    8
Ramps:        2
Sensors:      5
Mode:         PeMS Data-Driven
Car-Following: Gipps
ODE Solver:   Ballistic
Vmax:         35.0 m/s
======================================================================
Skipping Source actor due to time limit at clock = 43201.00125327633
Skipping Source actor due to time limit at clock = 43210.6788297557
-----------------------------
| Model.cleanup in progress |
-----------------------------
cleanup: agenda
cleanup: wait queues
coroutine counts = (8067195,8066655,8066384)
[ModelOptimizer] Fitness: 8.1760 | Elapsed: 20.26 sec
[ModelOptimizer] Evaluating parameters: VectorD(3.24676,	0.800000,	-0.500000,	4.98822,	2.00000)

======================================================================
TRAFFIC MODEL BUILDER SUMMARY
======================================================================
Network:      US-101-N-DonaldDoyle
Segments:     7
Lanes:        4
Junctions:    8
Ramps:        2
Sensors:      5
Mode:         PeMS Data-Driven
Car-Following: Gipps
ODE Solver:   Ballistic
Vmax:         35.0 m/s
======================================================================
Skipping Source actor due to time limit at clock = 43201.00125327633
Skipping Source actor due to time limit at clock = 43210.6788297557
-----------------------------
| Model.cleanup in progress |
-----------------------------
cleanup: agenda
cleanup: wait queues
coroutine counts = (8126952,8126408,8126135)
[ModelOptimizer] Fitness: 8.1989 | Elapsed: 20.34 sec
[ModelOptimizer] Evaluating parameters: VectorD(2.07007,	4.26457,	-0.500000,	5.00000,	2.00000)

======================================================================
TRAFFIC MODEL BUILDER SUMMARY
======================================================================
Network:      US-101-N-DonaldDoyle
Segments:     7
Lanes:        4
Junctions:    8
Ramps:        2
Sensors:      5
Mode:         PeMS Data-Driven
Car-Following: Gipps
ODE Solver:   Ballistic
Vmax:         35.0 m/s
======================================================================
Skipping Source actor due to time limit at clock = 43201.00125327633
Skipping Source actor due to time limit at clock = 43210.6788297557
-----------------------------
| Model.cleanup in progress |
-----------------------------
cleanup: agenda
cleanup: wait queues
coroutine counts = (8186709,8186161,8185886)
[ModelOptimizer] Fitness: 7.5744 | Elapsed: 20.32 sec
[ModelOptimizer] Evaluating parameters: VectorD(3.36686,	6.00000,	-0.500000,	2.02635,	2.00000)

======================================================================
TRAFFIC MODEL BUILDER SUMMARY
======================================================================
Network:      US-101-N-DonaldDoyle
Segments:     7
Lanes:        4
Junctions:    8
Ramps:        2
Sensors:      5
Mode:         PeMS Data-Driven
Car-Following: Gipps
ODE Solver:   Ballistic
Vmax:         35.0 m/s
======================================================================
Skipping Source actor due to time limit at clock = 43201.00125327633
Skipping Source actor due to time limit at clock = 43210.6788297557
-----------------------------
| Model.cleanup in progress |
-----------------------------
cleanup: agenda
cleanup: wait queues
coroutine counts = (8246466,8245914,8245637)
[ModelOptimizer] Fitness: NaN | Elapsed: 18.08 sec
[ModelOptimizer] Evaluating parameters: VectorD(6.15219,	6.00000,	-0.500000,	5.00000,	2.00000)

======================================================================
TRAFFIC MODEL BUILDER SUMMARY
======================================================================
Network:      US-101-N-DonaldDoyle
Segments:     7
Lanes:        4
Junctions:    8
Ramps:        2
Sensors:      5
Mode:         PeMS Data-Driven
Car-Following: Gipps
ODE Solver:   Ballistic
Vmax:         35.0 m/s
======================================================================
Skipping Source actor due to time limit at clock = 43201.00125327633
Skipping Source actor due to time limit at clock = 43210.6788297557
-----------------------------
| Model.cleanup in progress |
-----------------------------
cleanup: agenda
cleanup: wait queues
coroutine counts = (8306223,8305667,8305388)
[ModelOptimizer] Fitness: NaN | Elapsed: 17.97 sec
[ModelOptimizer] Evaluating parameters: VectorD(1.00000,	4.41550,	-0.500000,	5.00000,	0.877651)

======================================================================
TRAFFIC MODEL BUILDER SUMMARY
======================================================================
Network:      US-101-N-DonaldDoyle
Segments:     7
Lanes:        4
Junctions:    8
Ramps:        2
Sensors:      5
Mode:         PeMS Data-Driven
Car-Following: Gipps
ODE Solver:   Ballistic
Vmax:         35.0 m/s
======================================================================
Skipping Source actor due to time limit at clock = 43201.00125327633
Skipping Source actor due to time limit at clock = 43210.6788297557
-----------------------------
| Model.cleanup in progress |
-----------------------------
cleanup: agenda
cleanup: wait queues
coroutine counts = (8365980,8365420,8365139)
[ModelOptimizer] Fitness: 9.3296 | Elapsed: 35.68 sec
[ModelOptimizer] Evaluating parameters: VectorD(1.00000,	0.800000,	-0.500000,	5.00000,	2.00000)

======================================================================
TRAFFIC MODEL BUILDER SUMMARY
======================================================================
Network:      US-101-N-DonaldDoyle
Segments:     7
Lanes:        4
Junctions:    8
Ramps:        2
Sensors:      5
Mode:         PeMS Data-Driven
Car-Following: Gipps
ODE Solver:   Ballistic
Vmax:         35.0 m/s
======================================================================
Skipping Source actor due to time limit at clock = 43201.00125327633
Skipping Source actor due to time limit at clock = 43210.6788297557
-----------------------------
| Model.cleanup in progress |
-----------------------------
cleanup: agenda
cleanup: wait queues
coroutine counts = (8425737,8425173,8424890)
[ModelOptimizer] Fitness: 8.1989 | Elapsed: 20.64 sec
[ModelOptimizer] Evaluating parameters: VectorD(8.00000,	6.00000,	-2.69881,	3.30984,	2.00000)

======================================================================
TRAFFIC MODEL BUILDER SUMMARY
======================================================================
Network:      US-101-N-DonaldDoyle
Segments:     7
Lanes:        4
Junctions:    8
Ramps:        2
Sensors:      5
Mode:         PeMS Data-Driven
Car-Following: Gipps
ODE Solver:   Ballistic
Vmax:         35.0 m/s
======================================================================
Skipping Source actor due to time limit at clock = 43201.00125327633
Skipping Source actor due to time limit at clock = 43210.6788297557
-----------------------------
| Model.cleanup in progress |
-----------------------------
cleanup: agenda
cleanup: wait queues
coroutine counts = (8485494,8484926,8484641)
[ModelOptimizer] Fitness: 3.1051 | Elapsed: 17.50 sec
[ModelOptimizer] Evaluating parameters: VectorD(4.01025,	5.29821,	-0.500000,	5.00000,	2.00000)

======================================================================
TRAFFIC MODEL BUILDER SUMMARY
======================================================================
Network:      US-101-N-DonaldDoyle
Segments:     7
Lanes:        4
Junctions:    8
Ramps:        2
Sensors:      5
Mode:         PeMS Data-Driven
Car-Following: Gipps
ODE Solver:   Ballistic
Vmax:         35.0 m/s
======================================================================
Skipping Source actor due to time limit at clock = 43201.00125327633
Skipping Source actor due to time limit at clock = 43210.6788297557
-----------------------------
| Model.cleanup in progress |
-----------------------------
cleanup: agenda
cleanup: wait queues
coroutine counts = (8545251,8544679,8544392)
[ModelOptimizer] Fitness: 7.3062 | Elapsed: 19.15 sec
[ModelOptimizer] Evaluating parameters: VectorD(8.00000,	6.00000,	-2.69881,	3.30984,	2.00000)

======================================================================
TRAFFIC MODEL BUILDER SUMMARY
======================================================================
Network:      US-101-N-DonaldDoyle
Segments:     7
Lanes:        4
Junctions:    8
Ramps:        2
Sensors:      5
Mode:         PeMS Data-Driven
Car-Following: Gipps
ODE Solver:   Ballistic
Vmax:         35.0 m/s
======================================================================
Skipping Source actor due to time limit at clock = 43201.00125327633
Skipping Source actor due to time limit at clock = 43210.6788297557
-----------------------------
| Model.cleanup in progress |
-----------------------------
cleanup: agenda
cleanup: wait queues
coroutine counts = (8605008,8604432,8604143)
[ModelOptimizer] Fitness: 3.1051 | Elapsed: 17.20 sec
[ModelOptimizer] Evaluating parameters: VectorD(8.00000,	6.00000,	-0.500000,	5.00000,	2.00000)

======================================================================
TRAFFIC MODEL BUILDER SUMMARY
======================================================================
Network:      US-101-N-DonaldDoyle
Segments:     7
Lanes:        4
Junctions:    8
Ramps:        2
Sensors:      5
Mode:         PeMS Data-Driven
Car-Following: Gipps
ODE Solver:   Ballistic
Vmax:         35.0 m/s
======================================================================
Skipping Source actor due to time limit at clock = 43201.00125327633
Skipping Source actor due to time limit at clock = 43210.6788297557
-----------------------------
| Model.cleanup in progress |
-----------------------------
cleanup: agenda
cleanup: wait queues
coroutine counts = (8664765,8664185,8663894)
[ModelOptimizer] Fitness: NaN | Elapsed: 18.25 sec
[ModelOptimizer] Evaluating parameters: VectorD(5.10274,	3.97157,	-0.500000,	0.800000,	2.00000)

======================================================================
TRAFFIC MODEL BUILDER SUMMARY
======================================================================
Network:      US-101-N-DonaldDoyle
Segments:     7
Lanes:        4
Junctions:    8
Ramps:        2
Sensors:      5
Mode:         PeMS Data-Driven
Car-Following: Gipps
ODE Solver:   Ballistic
Vmax:         35.0 m/s
======================================================================
Skipping Source actor due to time limit at clock = 43201.00125327633
Skipping Source actor due to time limit at clock = 43210.6788297557
-----------------------------
| Model.cleanup in progress |
-----------------------------
cleanup: agenda
cleanup: wait queues
coroutine counts = (8724522,8723938,8723645)
[ModelOptimizer] Fitness: 7.6850 | Elapsed: 19.37 sec
[ModelOptimizer] Evaluating parameters: VectorD(1.00000,	2.20819,	-0.500000,	3.16292,	2.00000)

======================================================================
TRAFFIC MODEL BUILDER SUMMARY
======================================================================
Network:      US-101-N-DonaldDoyle
Segments:     7
Lanes:        4
Junctions:    8
Ramps:        2
Sensors:      5
Mode:         PeMS Data-Driven
Car-Following: Gipps
ODE Solver:   Ballistic
Vmax:         35.0 m/s
======================================================================
Skipping Source actor due to time limit at clock = 43201.00125327633
Skipping Source actor due to time limit at clock = 43210.6788297557
-----------------------------
| Model.cleanup in progress |
-----------------------------
cleanup: agenda
cleanup: wait queues
coroutine counts = (8784279,8783691,8783396)
[ModelOptimizer] Fitness: 8.1904 | Elapsed: 19.86 sec
[ModelOptimizer] Evaluating parameters: VectorD(5.76085,	3.03049,	-0.500000,	5.00000,	2.00000)

======================================================================
TRAFFIC MODEL BUILDER SUMMARY
======================================================================
Network:      US-101-N-DonaldDoyle
Segments:     7
Lanes:        4
Junctions:    8
Ramps:        2
Sensors:      5
Mode:         PeMS Data-Driven
Car-Following: Gipps
ODE Solver:   Ballistic
Vmax:         35.0 m/s
======================================================================
Skipping Source actor due to time limit at clock = 43201.00125327633
Skipping Source actor due to time limit at clock = 43210.6788297557
-----------------------------
| Model.cleanup in progress |
-----------------------------
cleanup: agenda
cleanup: wait queues
coroutine counts = (8844036,8843444,8843147)
[ModelOptimizer] Fitness: 7.9921 | Elapsed: 19.96 sec
[ModelOptimizer] Evaluating parameters: VectorD(7.36549,	6.00000,	-4.00000,	5.00000,	0.390521)

======================================================================
TRAFFIC MODEL BUILDER SUMMARY
======================================================================
Network:      US-101-N-DonaldDoyle
Segments:     7
Lanes:        4
Junctions:    8
Ramps:        2
Sensors:      5
Mode:         PeMS Data-Driven
Car-Following: Gipps
ODE Solver:   Ballistic
Vmax:         35.0 m/s
======================================================================
Skipping Source actor due to time limit at clock = 43201.00125327633
Skipping Source actor due to time limit at clock = 43210.6788297557
-----------------------------
| Model.cleanup in progress |
-----------------------------
cleanup: agenda
cleanup: wait queues
coroutine counts = (8903793,8903197,8902898)
[ModelOptimizer] Fitness: 4.7772 | Elapsed: 41.15 sec
[ModelOptimizer] Evaluating parameters: VectorD(8.00000,	4.89880,	-0.500000,	5.00000,	1.88742)

======================================================================
TRAFFIC MODEL BUILDER SUMMARY
======================================================================
Network:      US-101-N-DonaldDoyle
Segments:     7
Lanes:        4
Junctions:    8
Ramps:        2
Sensors:      5
Mode:         PeMS Data-Driven
Car-Following: Gipps
ODE Solver:   Ballistic
Vmax:         35.0 m/s
======================================================================
Skipping Source actor due to time limit at clock = 43201.00125327633
Skipping Source actor due to time limit at clock = 43210.6788297557
-----------------------------
| Model.cleanup in progress |
-----------------------------
cleanup: agenda
cleanup: wait queues
coroutine counts = (8963550,8962950,8962649)
[ModelOptimizer] Fitness: 7.5187 | Elapsed: 19.98 sec
[ModelOptimizer] Evaluating parameters: VectorD(7.36549,	6.00000,	-4.00000,	5.00000,	0.390521)

======================================================================
TRAFFIC MODEL BUILDER SUMMARY
======================================================================
Network:      US-101-N-DonaldDoyle
Segments:     7
Lanes:        4
Junctions:    8
Ramps:        2
Sensors:      5
Mode:         PeMS Data-Driven
Car-Following: Gipps
ODE Solver:   Ballistic
Vmax:         35.0 m/s
======================================================================
Skipping Source actor due to time limit at clock = 43201.00125327633
Skipping Source actor due to time limit at clock = 43210.6788297557
-----------------------------
| Model.cleanup in progress |
-----------------------------
cleanup: agenda
cleanup: wait queues
coroutine counts = (9023307,9022703,9022400)
[ModelOptimizer] Fitness: 4.7772 | Elapsed: 40.73 sec
[ModelOptimizer] Evaluating parameters: VectorD(8.00000,	6.00000,	-4.00000,	5.00000,	1.86875)

======================================================================
TRAFFIC MODEL BUILDER SUMMARY
======================================================================
Network:      US-101-N-DonaldDoyle
Segments:     7
Lanes:        4
Junctions:    8
Ramps:        2
Sensors:      5
Mode:         PeMS Data-Driven
Car-Following: Gipps
ODE Solver:   Ballistic
Vmax:         35.0 m/s
======================================================================
Skipping Source actor due to time limit at clock = 43201.00125327633
Skipping Source actor due to time limit at clock = 43210.6788297557
-----------------------------
| Model.cleanup in progress |
-----------------------------
cleanup: agenda
cleanup: wait queues
coroutine counts = (9083064,9082456,9082151)
[ModelOptimizer] Fitness: 2.3941 | Elapsed: 16.53 sec
[ModelOptimizer] Evaluating parameters: VectorD(2.89140,	6.00000,	-0.500000,	0.800000,	2.00000)

======================================================================
TRAFFIC MODEL BUILDER SUMMARY
======================================================================
Network:      US-101-N-DonaldDoyle
Segments:     7
Lanes:        4
Junctions:    8
Ramps:        2
Sensors:      5
Mode:         PeMS Data-Driven
Car-Following: Gipps
ODE Solver:   Ballistic
Vmax:         35.0 m/s
======================================================================
Skipping Source actor due to time limit at clock = 43201.00125327633
Skipping Source actor due to time limit at clock = 43210.6788297557
-----------------------------
| Model.cleanup in progress |
-----------------------------
cleanup: agenda
cleanup: wait queues
coroutine counts = (9142821,9142209,9141902)
[ModelOptimizer] Fitness: NaN | Elapsed: 17.92 sec
[ModelOptimizer] Evaluating parameters: VectorD(8.00000,	6.00000,	-1.03746,	5.00000,	2.00000)

======================================================================
TRAFFIC MODEL BUILDER SUMMARY
======================================================================
Network:      US-101-N-DonaldDoyle
Segments:     7
Lanes:        4
Junctions:    8
Ramps:        2
Sensors:      5
Mode:         PeMS Data-Driven
Car-Following: Gipps
ODE Solver:   Ballistic
Vmax:         35.0 m/s
======================================================================
Skipping Source actor due to time limit at clock = 43201.00125327633
Skipping Source actor due to time limit at clock = 43210.6788297557
-----------------------------
| Model.cleanup in progress |
-----------------------------
cleanup: agenda
cleanup: wait queues
coroutine counts = (9202578,9201962,9201653)
[ModelOptimizer] Fitness: NaN | Elapsed: 16.70 sec
[ModelOptimizer] Evaluating parameters: VectorD(5.28033,	6.00000,	-0.863742,	5.00000,	1.87166)

======================================================================
TRAFFIC MODEL BUILDER SUMMARY
======================================================================
Network:      US-101-N-DonaldDoyle
Segments:     7
Lanes:        4
Junctions:    8
Ramps:        2
Sensors:      5
Mode:         PeMS Data-Driven
Car-Following: Gipps
ODE Solver:   Ballistic
Vmax:         35.0 m/s
======================================================================
Skipping Source actor due to time limit at clock = 43201.00125327633
Skipping Source actor due to time limit at clock = 43210.6788297557
-----------------------------
| Model.cleanup in progress |
-----------------------------
cleanup: agenda
cleanup: wait queues
coroutine counts = (9262335,9261715,9261404)
[ModelOptimizer] Fitness: 6.1803 | Elapsed: 18.87 sec
[ModelOptimizer] Evaluating parameters: VectorD(8.00000,	6.00000,	-4.00000,	5.00000,	0.200000)

======================================================================
TRAFFIC MODEL BUILDER SUMMARY
======================================================================
Network:      US-101-N-DonaldDoyle
Segments:     7
Lanes:        4
Junctions:    8
Ramps:        2
Sensors:      5
Mode:         PeMS Data-Driven
Car-Following: Gipps
ODE Solver:   Ballistic
Vmax:         35.0 m/s
======================================================================
Skipping Source actor due to time limit at clock = 43201.00125327633
Skipping Source actor due to time limit at clock = 43210.6788297557
-----------------------------
| Model.cleanup in progress |
-----------------------------
cleanup: agenda
cleanup: wait queues
coroutine counts = (9322092,9321468,9321155)
[ModelOptimizer] Fitness: 4.9154 | Elapsed: 68.74 sec
[ModelOptimizer] Evaluating parameters: VectorD(1.00000,	5.02851,	-0.500000,	4.80661,	2.00000)

======================================================================
TRAFFIC MODEL BUILDER SUMMARY
======================================================================
Network:      US-101-N-DonaldDoyle
Segments:     7
Lanes:        4
Junctions:    8
Ramps:        2
Sensors:      5
Mode:         PeMS Data-Driven
Car-Following: Gipps
ODE Solver:   Ballistic
Vmax:         35.0 m/s
======================================================================
Skipping Source actor due to time limit at clock = 43201.00125327633
Skipping Source actor due to time limit at clock = 43210.6788297557
-----------------------------
| Model.cleanup in progress |
-----------------------------
cleanup: agenda
cleanup: wait queues
coroutine counts = (9381849,9381221,9380906)
[ModelOptimizer] Fitness: 7.3830 | Elapsed: 18.61 sec
[ModelOptimizer] Evaluating parameters: VectorD(8.00000,	6.00000,	-4.00000,	5.00000,	0.200000)

======================================================================
TRAFFIC MODEL BUILDER SUMMARY
======================================================================
Network:      US-101-N-DonaldDoyle
Segments:     7
Lanes:        4
Junctions:    8
Ramps:        2
Sensors:      5
Mode:         PeMS Data-Driven
Car-Following: Gipps
ODE Solver:   Ballistic
Vmax:         35.0 m/s
======================================================================
Skipping Source actor due to time limit at clock = 43201.00125327633
Skipping Source actor due to time limit at clock = 43210.6788297557
-----------------------------
| Model.cleanup in progress |
-----------------------------
cleanup: agenda
cleanup: wait queues
coroutine counts = (9441606,9440974,9440657)
[ModelOptimizer] Fitness: 4.9154 | Elapsed: 68.63 sec
       3 |      2.65316945 |      2.65316945 |       7.5% ✓
[ModelOptimizer] Evaluating parameters: VectorD(6.32132,	6.00000,	-0.500000,	2.17083,	2.00000)

======================================================================
TRAFFIC MODEL BUILDER SUMMARY
======================================================================
Network:      US-101-N-DonaldDoyle
Segments:     7
Lanes:        4
Junctions:    8
Ramps:        2
Sensors:      5
Mode:         PeMS Data-Driven
Car-Following: Gipps
ODE Solver:   Ballistic
Vmax:         35.0 m/s
======================================================================
Skipping Source actor due to time limit at clock = 43201.00125327633
Skipping Source actor due to time limit at clock = 43210.6788297557
-----------------------------
| Model.cleanup in progress |
-----------------------------
cleanup: agenda
cleanup: wait queues
coroutine counts = (9501363,9500727,9500408)
[ModelOptimizer] Fitness: NaN | Elapsed: 18.45 sec
[ModelOptimizer] Evaluating parameters: VectorD(8.00000,	6.00000,	-3.28683,	5.00000,	2.00000)

======================================================================
TRAFFIC MODEL BUILDER SUMMARY
======================================================================
Network:      US-101-N-DonaldDoyle
Segments:     7
Lanes:        4
Junctions:    8
Ramps:        2
Sensors:      5
Mode:         PeMS Data-Driven
Car-Following: Gipps
ODE Solver:   Ballistic
Vmax:         35.0 m/s
======================================================================
Skipping Source actor due to time limit at clock = 43201.00125327633
Skipping Source actor due to time limit at clock = 43210.6788297557
-----------------------------
| Model.cleanup in progress |
-----------------------------
cleanup: agenda
cleanup: wait queues
coroutine counts = (9561120,9560480,9560159)
[ModelOptimizer] Fitness: 2.6532 | Elapsed: 16.41 sec
[ModelOptimizer] Evaluating parameters: VectorD(1.00000,	4.27522,	-0.500000,	5.00000,	2.00000)

======================================================================
TRAFFIC MODEL BUILDER SUMMARY
======================================================================
Network:      US-101-N-DonaldDoyle
Segments:     7
Lanes:        4
Junctions:    8
Ramps:        2
Sensors:      5
Mode:         PeMS Data-Driven
Car-Following: Gipps
ODE Solver:   Ballistic
Vmax:         35.0 m/s
======================================================================
Skipping Source actor due to time limit at clock = 43201.00125327633
Skipping Source actor due to time limit at clock = 43210.6788297557
-----------------------------
| Model.cleanup in progress |
-----------------------------
cleanup: agenda
cleanup: wait queues
coroutine counts = (9620877,9620233,9619910)
[ModelOptimizer] Fitness: 7.5589 | Elapsed: 19.29 sec
[ModelOptimizer] Evaluating parameters: VectorD(4.97885,	4.58621,	-0.500000,	5.00000,	2.00000)

======================================================================
TRAFFIC MODEL BUILDER SUMMARY
======================================================================
Network:      US-101-N-DonaldDoyle
Segments:     7
Lanes:        4
Junctions:    8
Ramps:        2
Sensors:      5
Mode:         PeMS Data-Driven
Car-Following: Gipps
ODE Solver:   Ballistic
Vmax:         35.0 m/s
======================================================================
Skipping Source actor due to time limit at clock = 43201.00125327633
Skipping Source actor due to time limit at clock = 43210.6788297557
-----------------------------
| Model.cleanup in progress |
-----------------------------
cleanup: agenda
cleanup: wait queues
coroutine counts = (9680634,9679986,9679661)
[ModelOptimizer] Fitness: 7.4812 | Elapsed: 19.51 sec
[ModelOptimizer] Evaluating parameters: VectorD(6.56404,	6.00000,	-4.00000,	5.00000,	0.200000)

======================================================================
TRAFFIC MODEL BUILDER SUMMARY
======================================================================
Network:      US-101-N-DonaldDoyle
Segments:     7
Lanes:        4
Junctions:    8
Ramps:        2
Sensors:      5
Mode:         PeMS Data-Driven
Car-Following: Gipps
ODE Solver:   Ballistic
Vmax:         35.0 m/s
======================================================================
Skipping Source actor due to time limit at clock = 43201.00125327633
Skipping Source actor due to time limit at clock = 43210.6788297557
-----------------------------
| Model.cleanup in progress |
-----------------------------
cleanup: agenda
cleanup: wait queues
coroutine counts = (9740391,9739739,9739412)
[ModelOptimizer] Fitness: 4.9154 | Elapsed: 68.85 sec
[ModelOptimizer] Evaluating parameters: VectorD(7.60353,	6.00000,	-0.562743,	5.00000,	1.85634)

======================================================================
TRAFFIC MODEL BUILDER SUMMARY
======================================================================
Network:      US-101-N-DonaldDoyle
Segments:     7
Lanes:        4
Junctions:    8
Ramps:        2
Sensors:      5
Mode:         PeMS Data-Driven
Car-Following: Gipps
ODE Solver:   Ballistic
Vmax:         35.0 m/s
======================================================================
Skipping Source actor due to time limit at clock = 43201.00125327633
Skipping Source actor due to time limit at clock = 43210.6788297557
-----------------------------
| Model.cleanup in progress |
-----------------------------
cleanup: agenda
cleanup: wait queues
coroutine counts = (9800148,9799492,9799163)
[ModelOptimizer] Fitness: 7.1341 | Elapsed: 19.23 sec
[ModelOptimizer] Evaluating parameters: VectorD(6.56404,	6.00000,	-4.00000,	5.00000,	0.200000)

======================================================================
TRAFFIC MODEL BUILDER SUMMARY
======================================================================
Network:      US-101-N-DonaldDoyle
Segments:     7
Lanes:        4
Junctions:    8
Ramps:        2
Sensors:      5
Mode:         PeMS Data-Driven
Car-Following: Gipps
ODE Solver:   Ballistic
Vmax:         35.0 m/s
======================================================================
Skipping Source actor due to time limit at clock = 43201.00125327633
Skipping Source actor due to time limit at clock = 43210.6788297557
-----------------------------
| Model.cleanup in progress |
-----------------------------
cleanup: agenda
cleanup: wait queues
coroutine counts = (9859905,9859245,9858914)
[ModelOptimizer] Fitness: 4.9154 | Elapsed: 68.54 sec
[ModelOptimizer] Evaluating parameters: VectorD(8.00000,	6.00000,	-3.72815,	5.00000,	0.200000)

======================================================================
TRAFFIC MODEL BUILDER SUMMARY
======================================================================
Network:      US-101-N-DonaldDoyle
Segments:     7
Lanes:        4
Junctions:    8
Ramps:        2
Sensors:      5
Mode:         PeMS Data-Driven
Car-Following: Gipps
ODE Solver:   Ballistic
Vmax:         35.0 m/s
======================================================================
Skipping Source actor due to time limit at clock = 43201.00125327633
Skipping Source actor due to time limit at clock = 43210.6788297557
-----------------------------
| Model.cleanup in progress |
-----------------------------
cleanup: agenda
cleanup: wait queues
coroutine counts = (9919662,9918998,9918665)
[ModelOptimizer] Fitness: 5.0568 | Elapsed: 70.24 sec
[ModelOptimizer] Evaluating parameters: VectorD(6.43126,	6.00000,	-0.500000,	3.93580,	2.00000)

======================================================================
TRAFFIC MODEL BUILDER SUMMARY
======================================================================
Network:      US-101-N-DonaldDoyle
Segments:     7
Lanes:        4
Junctions:    8
Ramps:        2
Sensors:      5
Mode:         PeMS Data-Driven
Car-Following: Gipps
ODE Solver:   Ballistic
Vmax:         35.0 m/s
======================================================================
Skipping Source actor due to time limit at clock = 43201.00125327633
Skipping Source actor due to time limit at clock = 43210.6788297557
-----------------------------
| Model.cleanup in progress |
-----------------------------
cleanup: agenda
cleanup: wait queues
coroutine counts = (9979419,9978751,9978416)
[ModelOptimizer] Fitness: NaN | Elapsed: 19.08 sec
[ModelOptimizer] Evaluating parameters: VectorD(8.00000,	6.00000,	-4.00000,	1.31841,	1.46290)

======================================================================
TRAFFIC MODEL BUILDER SUMMARY
======================================================================
Network:      US-101-N-DonaldDoyle
Segments:     7
Lanes:        4
Junctions:    8
Ramps:        2
Sensors:      5
Mode:         PeMS Data-Driven
Car-Following: Gipps
ODE Solver:   Ballistic
Vmax:         35.0 m/s
======================================================================
Skipping Source actor due to time limit at clock = 43201.00125327633
Skipping Source actor due to time limit at clock = 43210.6788297557
-----------------------------
| Model.cleanup in progress |
-----------------------------
cleanup: agenda
cleanup: wait queues
coroutine counts = (10039176,10038504,10038167)
[ModelOptimizer] Fitness: 2.9436 | Elapsed: 19.02 sec
[ModelOptimizer] Evaluating parameters: VectorD(1.58178,	4.66146,	-0.500000,	3.20155,	2.00000)

======================================================================
TRAFFIC MODEL BUILDER SUMMARY
======================================================================
Network:      US-101-N-DonaldDoyle
Segments:     7
Lanes:        4
Junctions:    8
Ramps:        2
Sensors:      5
Mode:         PeMS Data-Driven
Car-Following: Gipps
ODE Solver:   Ballistic
Vmax:         35.0 m/s
======================================================================
Skipping Source actor due to time limit at clock = 43201.00125327633
Skipping Source actor due to time limit at clock = 43210.6788297557
-----------------------------
| Model.cleanup in progress |
-----------------------------
cleanup: agenda
cleanup: wait queues
coroutine counts = (10098933,10098257,10097918)
[ModelOptimizer] Fitness: 7.4676 | Elapsed: 18.83 sec
[ModelOptimizer] Evaluating parameters: VectorD(8.00000,	6.00000,	-4.00000,	1.31841,	1.46290)

======================================================================
TRAFFIC MODEL BUILDER SUMMARY
======================================================================
Network:      US-101-N-DonaldDoyle
Segments:     7
Lanes:        4
Junctions:    8
Ramps:        2
Sensors:      5
Mode:         PeMS Data-Driven
Car-Following: Gipps
ODE Solver:   Ballistic
Vmax:         35.0 m/s
======================================================================
Skipping Source actor due to time limit at clock = 43201.00125327633
Skipping Source actor due to time limit at clock = 43210.6788297557
-----------------------------
| Model.cleanup in progress |
-----------------------------
cleanup: agenda
cleanup: wait queues
coroutine counts = (10158690,10158010,10157669)
[ModelOptimizer] Fitness: 2.9436 | Elapsed: 18.27 sec
[ModelOptimizer] Evaluating parameters: VectorD(5.27511,	1.98510,	-0.500000,	5.00000,	0.200000)

======================================================================
TRAFFIC MODEL BUILDER SUMMARY
======================================================================
Network:      US-101-N-DonaldDoyle
Segments:     7
Lanes:        4
Junctions:    8
Ramps:        2
Sensors:      5
Mode:         PeMS Data-Driven
Car-Following: Gipps
ODE Solver:   Ballistic
Vmax:         35.0 m/s
======================================================================
Skipping Source actor due to time limit at clock = 43201.00125327633
Skipping Source actor due to time limit at clock = 43210.6788297557
-----------------------------
| Model.cleanup in progress |
-----------------------------
cleanup: agenda
cleanup: wait queues
coroutine counts = (10218447,10217763,10217420)
[ModelOptimizer] Fitness: 9.5526 | Elapsed: 139.47 sec
[ModelOptimizer] Evaluating parameters: VectorD(8.00000,	6.00000,	-4.00000,	5.00000,	0.200000)

======================================================================
TRAFFIC MODEL BUILDER SUMMARY
======================================================================
Network:      US-101-N-DonaldDoyle
Segments:     7
Lanes:        4
Junctions:    8
Ramps:        2
Sensors:      5
Mode:         PeMS Data-Driven
Car-Following: Gipps
ODE Solver:   Ballistic
Vmax:         35.0 m/s
======================================================================
Skipping Source actor due to time limit at clock = 43201.00125327633
Skipping Source actor due to time limit at clock = 43210.6788297557
-----------------------------
| Model.cleanup in progress |
-----------------------------
cleanup: agenda
cleanup: wait queues
coroutine counts = (10278204,10277516,10277171)
[ModelOptimizer] Fitness: 4.9154 | Elapsed: 71.50 sec
[ModelOptimizer] Evaluating parameters: VectorD(4.13583,	6.00000,	-3.73065,	2.88004,	2.00000)

======================================================================
TRAFFIC MODEL BUILDER SUMMARY
======================================================================
Network:      US-101-N-DonaldDoyle
Segments:     7
Lanes:        4
Junctions:    8
Ramps:        2
Sensors:      5
Mode:         PeMS Data-Driven
Car-Following: Gipps
ODE Solver:   Ballistic
Vmax:         35.0 m/s
======================================================================
Skipping Source actor due to time limit at clock = 43201.00125327633
Skipping Source actor due to time limit at clock = 43210.6788297557
-----------------------------
| Model.cleanup in progress |
-----------------------------
cleanup: agenda
cleanup: wait queues
coroutine counts = (10337961,10337269,10336922)
[ModelOptimizer] Fitness: 2.3797 | Elapsed: 16.22 sec
[ModelOptimizer] Evaluating parameters: VectorD(3.36869,	6.00000,	-0.500000,	1.43496,	2.00000)

======================================================================
TRAFFIC MODEL BUILDER SUMMARY
======================================================================
Network:      US-101-N-DonaldDoyle
Segments:     7
Lanes:        4
Junctions:    8
Ramps:        2
Sensors:      5
Mode:         PeMS Data-Driven
Car-Following: Gipps
ODE Solver:   Ballistic
Vmax:         35.0 m/s
======================================================================
Skipping Source actor due to time limit at clock = 43201.00125327633
Skipping Source actor due to time limit at clock = 43210.6788297557
-----------------------------
| Model.cleanup in progress |
-----------------------------
cleanup: agenda
cleanup: wait queues
coroutine counts = (10397718,10397022,10396673)
[ModelOptimizer] Fitness: NaN | Elapsed: 18.13 sec
[ModelOptimizer] Evaluating parameters: VectorD(1.00000,	6.00000,	-0.500000,	5.00000,	2.00000)

======================================================================
TRAFFIC MODEL BUILDER SUMMARY
======================================================================
Network:      US-101-N-DonaldDoyle
Segments:     7
Lanes:        4
Junctions:    8
Ramps:        2
Sensors:      5
Mode:         PeMS Data-Driven
Car-Following: Gipps
ODE Solver:   Ballistic
Vmax:         35.0 m/s
======================================================================
Skipping Source actor due to time limit at clock = 43201.00125327633
Skipping Source actor due to time limit at clock = 43210.6788297557
-----------------------------
| Model.cleanup in progress |
-----------------------------
cleanup: agenda
cleanup: wait queues
coroutine counts = (10457475,10456775,10456424)
[ModelOptimizer] Fitness: NaN | Elapsed: 17.90 sec
[ModelOptimizer] Evaluating parameters: VectorD(1.10310,	1.98581,	-0.500000,	0.800000,	2.00000)

======================================================================
TRAFFIC MODEL BUILDER SUMMARY
======================================================================
Network:      US-101-N-DonaldDoyle
Segments:     7
Lanes:        4
Junctions:    8
Ramps:        2
Sensors:      5
Mode:         PeMS Data-Driven
Car-Following: Gipps
ODE Solver:   Ballistic
Vmax:         35.0 m/s
======================================================================
Skipping Source actor due to time limit at clock = 43201.00125327633
Skipping Source actor due to time limit at clock = 43210.6788297557
-----------------------------
| Model.cleanup in progress |
-----------------------------
cleanup: agenda
cleanup: wait queues
coroutine counts = (10517232,10516528,10516175)
[ModelOptimizer] Fitness: 8.2424 | Elapsed: 19.93 sec
[ModelOptimizer] Evaluating parameters: VectorD(8.00000,	6.00000,	-3.45523,	0.800000,	2.00000)

======================================================================
TRAFFIC MODEL BUILDER SUMMARY
======================================================================
Network:      US-101-N-DonaldDoyle
Segments:     7
Lanes:        4
Junctions:    8
Ramps:        2
Sensors:      5
Mode:         PeMS Data-Driven
Car-Following: Gipps
ODE Solver:   Ballistic
Vmax:         35.0 m/s
======================================================================
Skipping Source actor due to time limit at clock = 43201.00125327633
Skipping Source actor due to time limit at clock = 43210.6788297557
-----------------------------
| Model.cleanup in progress |
-----------------------------
cleanup: agenda
cleanup: wait queues
coroutine counts = (10576989,10576281,10575926)
[ModelOptimizer] Fitness: 2.5380 | Elapsed: 16.47 sec
[ModelOptimizer] Evaluating parameters: VectorD(8.00000,	6.00000,	-4.00000,	5.00000,	0.200000)

======================================================================
TRAFFIC MODEL BUILDER SUMMARY
======================================================================
Network:      US-101-N-DonaldDoyle
Segments:     7
Lanes:        4
Junctions:    8
Ramps:        2
Sensors:      5
Mode:         PeMS Data-Driven
Car-Following: Gipps
ODE Solver:   Ballistic
Vmax:         35.0 m/s
======================================================================
Skipping Source actor due to time limit at clock = 43201.00125327633
Skipping Source actor due to time limit at clock = 43210.6788297557
-----------------------------
| Model.cleanup in progress |
-----------------------------
cleanup: agenda
cleanup: wait queues
coroutine counts = (10636746,10636034,10635677)
[ModelOptimizer] Fitness: 4.9154 | Elapsed: 70.15 sec
[ModelOptimizer] Evaluating parameters: VectorD(8.00000,	6.00000,	-3.45523,	0.800000,	2.00000)

======================================================================
TRAFFIC MODEL BUILDER SUMMARY
======================================================================
Network:      US-101-N-DonaldDoyle
Segments:     7
Lanes:        4
Junctions:    8
Ramps:        2
Sensors:      5
Mode:         PeMS Data-Driven
Car-Following: Gipps
ODE Solver:   Ballistic
Vmax:         35.0 m/s
======================================================================
Skipping Source actor due to time limit at clock = 43201.00125327633
Skipping Source actor due to time limit at clock = 43210.6788297557
-----------------------------
| Model.cleanup in progress |
-----------------------------
cleanup: agenda
cleanup: wait queues
coroutine counts = (10696503,10695787,10695428)
[ModelOptimizer] Fitness: 2.5380 | Elapsed: 16.13 sec
[ModelOptimizer] Evaluating parameters: VectorD(8.00000,	6.00000,	-4.00000,	0.800000,	2.00000)

======================================================================
TRAFFIC MODEL BUILDER SUMMARY
======================================================================
Network:      US-101-N-DonaldDoyle
Segments:     7
Lanes:        4
Junctions:    8
Ramps:        2
Sensors:      5
Mode:         PeMS Data-Driven
Car-Following: Gipps
ODE Solver:   Ballistic
Vmax:         35.0 m/s
======================================================================
Skipping Source actor due to time limit at clock = 43201.00125327633
Skipping Source actor due to time limit at clock = 43210.6788297557
-----------------------------
| Model.cleanup in progress |
-----------------------------
cleanup: agenda
cleanup: wait queues
coroutine counts = (10756260,10755540,10755179)
[ModelOptimizer] Fitness: 2.2518 | Elapsed: 16.07 sec
[ModelOptimizer] Evaluating parameters: VectorD(5.18796,	1.14757,	-0.500000,	4.23161,	2.00000)

======================================================================
TRAFFIC MODEL BUILDER SUMMARY
======================================================================
Network:      US-101-N-DonaldDoyle
Segments:     7
Lanes:        4
Junctions:    8
Ramps:        2
Sensors:      5
Mode:         PeMS Data-Driven
Car-Following: Gipps
ODE Solver:   Ballistic
Vmax:         35.0 m/s
======================================================================
Skipping Source actor due to time limit at clock = 43201.00125327633
Skipping Source actor due to time limit at clock = 43210.6788297557
-----------------------------
| Model.cleanup in progress |
-----------------------------
cleanup: agenda
cleanup: wait queues
coroutine counts = (10816017,10815293,10814930)
[ModelOptimizer] Fitness: 8.1760 | Elapsed: 20.48 sec
[ModelOptimizer] Evaluating parameters: VectorD(8.00000,	6.00000,	-4.00000,	0.800000,	2.00000)

======================================================================
TRAFFIC MODEL BUILDER SUMMARY
======================================================================
Network:      US-101-N-DonaldDoyle
Segments:     7
Lanes:        4
Junctions:    8
Ramps:        2
Sensors:      5
Mode:         PeMS Data-Driven
Car-Following: Gipps
ODE Solver:   Ballistic
Vmax:         35.0 m/s
======================================================================
Skipping Source actor due to time limit at clock = 43201.00125327633
Skipping Source actor due to time limit at clock = 43210.6788297557
-----------------------------
| Model.cleanup in progress |
-----------------------------
cleanup: agenda
cleanup: wait queues
coroutine counts = (10875774,10875046,10874681)
[ModelOptimizer] Fitness: 2.2518 | Elapsed: 16.06 sec
[ModelOptimizer] Evaluating parameters: VectorD(4.98535,	6.00000,	-4.00000,	4.36990,	0.200000)

======================================================================
TRAFFIC MODEL BUILDER SUMMARY
======================================================================
Network:      US-101-N-DonaldDoyle
Segments:     7
Lanes:        4
Junctions:    8
Ramps:        2
Sensors:      5
Mode:         PeMS Data-Driven
Car-Following: Gipps
ODE Solver:   Ballistic
Vmax:         35.0 m/s
======================================================================
Skipping Source actor due to time limit at clock = 43201.00125327633
Skipping Source actor due to time limit at clock = 43210.6788297557
-----------------------------
| Model.cleanup in progress |
-----------------------------
cleanup: agenda
cleanup: wait queues
coroutine counts = (10935531,10934799,10934432)
[ModelOptimizer] Fitness: 4.9154 | Elapsed: 69.56 sec
[ModelOptimizer] Evaluating parameters: VectorD(2.07007,	4.26457,	-0.500000,	5.00000,	2.00000)

======================================================================
TRAFFIC MODEL BUILDER SUMMARY
======================================================================
Network:      US-101-N-DonaldDoyle
Segments:     7
Lanes:        4
Junctions:    8
Ramps:        2
Sensors:      5
Mode:         PeMS Data-Driven
Car-Following: Gipps
ODE Solver:   Ballistic
Vmax:         35.0 m/s
======================================================================
Skipping Source actor due to time limit at clock = 43201.00125327633
Skipping Source actor due to time limit at clock = 43210.6788297557
-----------------------------
| Model.cleanup in progress |
-----------------------------
cleanup: agenda
cleanup: wait queues
coroutine counts = (10995288,10994552,10994183)
[ModelOptimizer] Fitness: 7.5744 | Elapsed: 19.06 sec
[ModelOptimizer] Evaluating parameters: VectorD(4.98535,	6.00000,	-4.00000,	4.36990,	0.200000)

======================================================================
TRAFFIC MODEL BUILDER SUMMARY
======================================================================
Network:      US-101-N-DonaldDoyle
Segments:     7
Lanes:        4
Junctions:    8
Ramps:        2
Sensors:      5
Mode:         PeMS Data-Driven
Car-Following: Gipps
ODE Solver:   Ballistic
Vmax:         35.0 m/s
======================================================================
Skipping Source actor due to time limit at clock = 43201.00125327633
Skipping Source actor due to time limit at clock = 43210.6788297557
-----------------------------
| Model.cleanup in progress |
-----------------------------
cleanup: agenda
cleanup: wait queues
coroutine counts = (11055045,11054305,11053934)
[ModelOptimizer] Fitness: 4.9154 | Elapsed: 66.29 sec
[ModelOptimizer] Evaluating parameters: VectorD(3.41291,	6.00000,	-2.10055,	4.78385,	2.00000)

======================================================================
TRAFFIC MODEL BUILDER SUMMARY
======================================================================
Network:      US-101-N-DonaldDoyle
Segments:     7
Lanes:        4
Junctions:    8
Ramps:        2
Sensors:      5
Mode:         PeMS Data-Driven
Car-Following: Gipps
ODE Solver:   Ballistic
Vmax:         35.0 m/s
======================================================================
Skipping Source actor due to time limit at clock = 43201.00125327633
Skipping Source actor due to time limit at clock = 43210.6788297557
-----------------------------
| Model.cleanup in progress |
-----------------------------
cleanup: agenda
cleanup: wait queues
coroutine counts = (11114802,11114058,11113685)
[ModelOptimizer] Fitness: NaN | Elapsed: 16.45 sec
[ModelOptimizer] Evaluating parameters: VectorD(6.15219,	6.00000,	-0.500000,	5.00000,	2.00000)

======================================================================
TRAFFIC MODEL BUILDER SUMMARY
======================================================================
Network:      US-101-N-DonaldDoyle
Segments:     7
Lanes:        4
Junctions:    8
Ramps:        2
Sensors:      5
Mode:         PeMS Data-Driven
Car-Following: Gipps
ODE Solver:   Ballistic
Vmax:         35.0 m/s
======================================================================
Skipping Source actor due to time limit at clock = 43201.00125327633
Skipping Source actor due to time limit at clock = 43210.6788297557
-----------------------------
| Model.cleanup in progress |
-----------------------------
cleanup: agenda
cleanup: wait queues
coroutine counts = (11174559,11173811,11173436)
[ModelOptimizer] Fitness: NaN | Elapsed: 17.76 sec
[ModelOptimizer] Evaluating parameters: VectorD(5.40211,	6.00000,	-4.00000,	5.00000,	0.200000)

======================================================================
TRAFFIC MODEL BUILDER SUMMARY
======================================================================
Network:      US-101-N-DonaldDoyle
Segments:     7
Lanes:        4
Junctions:    8
Ramps:        2
Sensors:      5
Mode:         PeMS Data-Driven
Car-Following: Gipps
ODE Solver:   Ballistic
Vmax:         35.0 m/s
======================================================================
Skipping Source actor due to time limit at clock = 43201.00125327633
Skipping Source actor due to time limit at clock = 43210.6788297557
-----------------------------
| Model.cleanup in progress |
-----------------------------
cleanup: agenda
cleanup: wait queues
coroutine counts = (11234316,11233564,11233187)
[ModelOptimizer] Fitness: 4.9154 | Elapsed: 66.54 sec
[ModelOptimizer] Evaluating parameters: VectorD(1.00000,	0.800000,	-0.500000,	5.00000,	2.00000)

======================================================================
TRAFFIC MODEL BUILDER SUMMARY
======================================================================
Network:      US-101-N-DonaldDoyle
Segments:     7
Lanes:        4
Junctions:    8
Ramps:        2
Sensors:      5
Mode:         PeMS Data-Driven
Car-Following: Gipps
ODE Solver:   Ballistic
Vmax:         35.0 m/s
======================================================================
Skipping Source actor due to time limit at clock = 43201.00125327633
Skipping Source actor due to time limit at clock = 43210.6788297557
-----------------------------
| Model.cleanup in progress |
-----------------------------
cleanup: agenda
cleanup: wait queues
coroutine counts = (11294073,11293317,11292938)
[ModelOptimizer] Fitness: 8.1989 | Elapsed: 20.07 sec
[ModelOptimizer] Evaluating parameters: VectorD(5.40211,	6.00000,	-4.00000,	5.00000,	0.200000)

======================================================================
TRAFFIC MODEL BUILDER SUMMARY
======================================================================
Network:      US-101-N-DonaldDoyle
Segments:     7
Lanes:        4
Junctions:    8
Ramps:        2
Sensors:      5
Mode:         PeMS Data-Driven
Car-Following: Gipps
ODE Solver:   Ballistic
Vmax:         35.0 m/s
======================================================================
Skipping Source actor due to time limit at clock = 43201.00125327633
Skipping Source actor due to time limit at clock = 43210.6788297557
-----------------------------
| Model.cleanup in progress |
-----------------------------
cleanup: agenda
cleanup: wait queues
coroutine counts = (11353830,11353070,11352689)
[ModelOptimizer] Fitness: 4.9154 | Elapsed: 66.49 sec
[ModelOptimizer] Evaluating parameters: VectorD(7.07023,	6.00000,	-4.00000,	5.00000,	0.200000)

======================================================================
TRAFFIC MODEL BUILDER SUMMARY
======================================================================
Network:      US-101-N-DonaldDoyle
Segments:     7
Lanes:        4
Junctions:    8
Ramps:        2
Sensors:      5
Mode:         PeMS Data-Driven
Car-Following: Gipps
ODE Solver:   Ballistic
Vmax:         35.0 m/s
======================================================================
Skipping Source actor due to time limit at clock = 43201.00125327633
Skipping Source actor due to time limit at clock = 43210.6788297557
-----------------------------
| Model.cleanup in progress |
-----------------------------
cleanup: agenda
cleanup: wait queues
coroutine counts = (11413587,11412823,11412440)
[ModelOptimizer] Fitness: 4.9154 | Elapsed: 66.55 sec
[ModelOptimizer] Evaluating parameters: VectorD(8.00000,	6.00000,	-2.69881,	3.30984,	2.00000)

======================================================================
TRAFFIC MODEL BUILDER SUMMARY
======================================================================
Network:      US-101-N-DonaldDoyle
Segments:     7
Lanes:        4
Junctions:    8
Ramps:        2
Sensors:      5
Mode:         PeMS Data-Driven
Car-Following: Gipps
ODE Solver:   Ballistic
Vmax:         35.0 m/s
======================================================================
Skipping Source actor due to time limit at clock = 43201.00125327633
Skipping Source actor due to time limit at clock = 43210.6788297557
-----------------------------
| Model.cleanup in progress |
-----------------------------
cleanup: agenda
cleanup: wait queues
coroutine counts = (11473344,11472576,11472191)
[ModelOptimizer] Fitness: 3.1051 | Elapsed: 16.39 sec
[ModelOptimizer] Evaluating parameters: VectorD(8.00000,	6.00000,	-4.00000,	5.00000,	1.61471)

======================================================================
TRAFFIC MODEL BUILDER SUMMARY
======================================================================
Network:      US-101-N-DonaldDoyle
Segments:     7
Lanes:        4
Junctions:    8
Ramps:        2
Sensors:      5
Mode:         PeMS Data-Driven
Car-Following: Gipps
ODE Solver:   Ballistic
Vmax:         35.0 m/s
======================================================================
Skipping Source actor due to time limit at clock = 43201.00125327633
Skipping Source actor due to time limit at clock = 43210.6788297557
-----------------------------
| Model.cleanup in progress |
-----------------------------
cleanup: agenda
cleanup: wait queues
coroutine counts = (11533101,11532329,11531942)
[ModelOptimizer] Fitness: 2.8015 | Elapsed: 17.43 sec
[ModelOptimizer] Evaluating parameters: VectorD(5.10274,	3.97157,	-0.500000,	0.800000,	2.00000)

======================================================================
TRAFFIC MODEL BUILDER SUMMARY
======================================================================
Network:      US-101-N-DonaldDoyle
Segments:     7
Lanes:        4
Junctions:    8
Ramps:        2
Sensors:      5
Mode:         PeMS Data-Driven
Car-Following: Gipps
ODE Solver:   Ballistic
Vmax:         35.0 m/s
======================================================================
Skipping Source actor due to time limit at clock = 43201.00125327633
Skipping Source actor due to time limit at clock = 43210.6788297557
-----------------------------
| Model.cleanup in progress |
-----------------------------
cleanup: agenda
cleanup: wait queues
coroutine counts = (11592858,11592082,11591693)
[ModelOptimizer] Fitness: 7.6850 | Elapsed: 18.92 sec
[ModelOptimizer] Evaluating parameters: VectorD(8.00000,	6.00000,	-4.00000,	5.00000,	1.61471)

======================================================================
TRAFFIC MODEL BUILDER SUMMARY
======================================================================
Network:      US-101-N-DonaldDoyle
Segments:     7
Lanes:        4
Junctions:    8
Ramps:        2
Sensors:      5
Mode:         PeMS Data-Driven
Car-Following: Gipps
ODE Solver:   Ballistic
Vmax:         35.0 m/s
======================================================================
Skipping Source actor due to time limit at clock = 43201.00125327633
Skipping Source actor due to time limit at clock = 43210.6788297557
-----------------------------
| Model.cleanup in progress |
-----------------------------
cleanup: agenda
cleanup: wait queues
coroutine counts = (11652615,11651835,11651444)
[ModelOptimizer] Fitness: 2.8015 | Elapsed: 17.15 sec
[ModelOptimizer] Evaluating parameters: VectorD(4.64769,	5.35599,	-0.500000,	4.69303,	1.59509)

======================================================================
TRAFFIC MODEL BUILDER SUMMARY
======================================================================
Network:      US-101-N-DonaldDoyle
Segments:     7
Lanes:        4
Junctions:    8
Ramps:        2
Sensors:      5
Mode:         PeMS Data-Driven
Car-Following: Gipps
ODE Solver:   Ballistic
Vmax:         35.0 m/s
======================================================================
Skipping Source actor due to time limit at clock = 43201.00125327633
Skipping Source actor due to time limit at clock = 43210.6788297557
-----------------------------
| Model.cleanup in progress |
-----------------------------
cleanup: agenda
cleanup: wait queues
coroutine counts = (11712372,11711588,11711195)
[ModelOptimizer] Fitness: 7.8243 | Elapsed: 21.21 sec
[ModelOptimizer] Evaluating parameters: VectorD(5.76085,	3.03049,	-0.500000,	5.00000,	2.00000)

======================================================================
TRAFFIC MODEL BUILDER SUMMARY
======================================================================
Network:      US-101-N-DonaldDoyle
Segments:     7
Lanes:        4
Junctions:    8
Ramps:        2
Sensors:      5
Mode:         PeMS Data-Driven
Car-Following: Gipps
ODE Solver:   Ballistic
Vmax:         35.0 m/s
======================================================================
Skipping Source actor due to time limit at clock = 43201.00125327633
Skipping Source actor due to time limit at clock = 43210.6788297557
-----------------------------
| Model.cleanup in progress |
-----------------------------
cleanup: agenda
cleanup: wait queues
coroutine counts = (11772129,11771341,11770946)
[ModelOptimizer] Fitness: 7.9921 | Elapsed: 19.13 sec
[ModelOptimizer] Evaluating parameters: VectorD(4.64769,	5.35599,	-0.500000,	4.69303,	1.59509)

======================================================================
TRAFFIC MODEL BUILDER SUMMARY
======================================================================
Network:      US-101-N-DonaldDoyle
Segments:     7
Lanes:        4
Junctions:    8
Ramps:        2
Sensors:      5
Mode:         PeMS Data-Driven
Car-Following: Gipps
ODE Solver:   Ballistic
Vmax:         35.0 m/s
======================================================================
Skipping Source actor due to time limit at clock = 43201.00125327633
Skipping Source actor due to time limit at clock = 43210.6788297557
-----------------------------
| Model.cleanup in progress |
-----------------------------
cleanup: agenda
cleanup: wait queues
coroutine counts = (11831886,11831094,11830697)
[ModelOptimizer] Fitness: 7.8243 | Elapsed: 21.18 sec
[ModelOptimizer] Evaluating parameters: VectorD(8.00000,	6.00000,	-2.68169,	5.00000,	0.200000)

======================================================================
TRAFFIC MODEL BUILDER SUMMARY
======================================================================
Network:      US-101-N-DonaldDoyle
Segments:     7
Lanes:        4
Junctions:    8
Ramps:        2
Sensors:      5
Mode:         PeMS Data-Driven
Car-Following: Gipps
ODE Solver:   Ballistic
Vmax:         35.0 m/s
======================================================================
Skipping Source actor due to time limit at clock = 43201.00125327633
Skipping Source actor due to time limit at clock = 43210.6788297557
-----------------------------
| Model.cleanup in progress |
-----------------------------
cleanup: agenda
cleanup: wait queues
coroutine counts = (11891643,11890847,11890448)
[ModelOptimizer] Fitness: 5.9540 | Elapsed: 76.76 sec
[ModelOptimizer] Evaluating parameters: VectorD(7.36549,	6.00000,	-4.00000,	5.00000,	0.390521)

======================================================================
TRAFFIC MODEL BUILDER SUMMARY
======================================================================
Network:      US-101-N-DonaldDoyle
Segments:     7
Lanes:        4
Junctions:    8
Ramps:        2
Sensors:      5
Mode:         PeMS Data-Driven
Car-Following: Gipps
ODE Solver:   Ballistic
Vmax:         35.0 m/s
======================================================================
Skipping Source actor due to time limit at clock = 43201.00125327633
Skipping Source actor due to time limit at clock = 43210.6788297557
-----------------------------
| Model.cleanup in progress |
-----------------------------
cleanup: agenda
cleanup: wait queues
coroutine counts = (11951400,11950600,11950199)
[ModelOptimizer] Fitness: 4.7772 | Elapsed: 38.91 sec
[ModelOptimizer] Evaluating parameters: VectorD(8.00000,	6.00000,	-0.500000,	5.00000,	1.39345)

======================================================================
TRAFFIC MODEL BUILDER SUMMARY
======================================================================
Network:      US-101-N-DonaldDoyle
Segments:     7
Lanes:        4
Junctions:    8
Ramps:        2
Sensors:      5
Mode:         PeMS Data-Driven
Car-Following: Gipps
ODE Solver:   Ballistic
Vmax:         35.0 m/s
======================================================================
Skipping Source actor due to time limit at clock = 43201.00125327633
Skipping Source actor due to time limit at clock = 43210.6788297557
-----------------------------
| Model.cleanup in progress |
-----------------------------
cleanup: agenda
cleanup: wait queues
coroutine counts = (12011157,12010353,12009950)
[ModelOptimizer] Fitness: 7.9822 | Elapsed: 22.99 sec
[ModelOptimizer] Evaluating parameters: VectorD(2.89140,	6.00000,	-0.500000,	0.800000,	2.00000)

======================================================================
TRAFFIC MODEL BUILDER SUMMARY
======================================================================
Network:      US-101-N-DonaldDoyle
Segments:     7
Lanes:        4
Junctions:    8
Ramps:        2
Sensors:      5
Mode:         PeMS Data-Driven
Car-Following: Gipps
ODE Solver:   Ballistic
Vmax:         35.0 m/s
======================================================================
Skipping Source actor due to time limit at clock = 43201.00125327633
Skipping Source actor due to time limit at clock = 43210.6788297557
-----------------------------
| Model.cleanup in progress |
-----------------------------
cleanup: agenda
cleanup: wait queues
coroutine counts = (12070914,12070106,12069701)
[ModelOptimizer] Fitness: NaN | Elapsed: 17.84 sec
[ModelOptimizer] Evaluating parameters: VectorD(1.00000,	5.48499,	-0.863742,	5.00000,	0.200000)

======================================================================
TRAFFIC MODEL BUILDER SUMMARY
======================================================================
Network:      US-101-N-DonaldDoyle
Segments:     7
Lanes:        4
Junctions:    8
Ramps:        2
Sensors:      5
Mode:         PeMS Data-Driven
Car-Following: Gipps
ODE Solver:   Ballistic
Vmax:         35.0 m/s
======================================================================
Skipping Source actor due to time limit at clock = 43201.00125327633
Skipping Source actor due to time limit at clock = 43210.6788297557
-----------------------------
| Model.cleanup in progress |
-----------------------------
cleanup: agenda
cleanup: wait queues
coroutine counts = (12130671,12129859,12129452)
[ModelOptimizer] Fitness: 8.5511 | Elapsed: 109.37 sec
[ModelOptimizer] Evaluating parameters: VectorD(5.28033,	6.00000,	-0.863742,	5.00000,	1.87166)

======================================================================
TRAFFIC MODEL BUILDER SUMMARY
======================================================================
Network:      US-101-N-DonaldDoyle
Segments:     7
Lanes:        4
Junctions:    8
Ramps:        2
Sensors:      5
Mode:         PeMS Data-Driven
Car-Following: Gipps
ODE Solver:   Ballistic
Vmax:         35.0 m/s
======================================================================
Skipping Source actor due to time limit at clock = 43201.00125327633
Skipping Source actor due to time limit at clock = 43210.6788297557
-----------------------------
| Model.cleanup in progress |
-----------------------------
cleanup: agenda
cleanup: wait queues
coroutine counts = (12190428,12189612,12189203)
[ModelOptimizer] Fitness: 6.1803 | Elapsed: 18.34 sec
[ModelOptimizer] Evaluating parameters: VectorD(8.00000,	6.00000,	-4.00000,	5.00000,	0.200000)

======================================================================
TRAFFIC MODEL BUILDER SUMMARY
======================================================================
Network:      US-101-N-DonaldDoyle
Segments:     7
Lanes:        4
Junctions:    8
Ramps:        2
Sensors:      5
Mode:         PeMS Data-Driven
Car-Following: Gipps
ODE Solver:   Ballistic
Vmax:         35.0 m/s
======================================================================
Skipping Source actor due to time limit at clock = 43201.00125327633
Skipping Source actor due to time limit at clock = 43210.6788297557
-----------------------------
| Model.cleanup in progress |
-----------------------------
cleanup: agenda
cleanup: wait queues
coroutine counts = (12250185,12249365,12248954)
[ModelOptimizer] Fitness: 4.9154 | Elapsed: 66.79 sec
[ModelOptimizer] Evaluating parameters: VectorD(8.00000,	6.00000,	-4.00000,	5.00000,	0.200000)

======================================================================
TRAFFIC MODEL BUILDER SUMMARY
======================================================================
Network:      US-101-N-DonaldDoyle
Segments:     7
Lanes:        4
Junctions:    8
Ramps:        2
Sensors:      5
Mode:         PeMS Data-Driven
Car-Following: Gipps
ODE Solver:   Ballistic
Vmax:         35.0 m/s
======================================================================
Skipping Source actor due to time limit at clock = 43201.00125327633
Skipping Source actor due to time limit at clock = 43210.6788297557
-----------------------------
| Model.cleanup in progress |
-----------------------------
cleanup: agenda
cleanup: wait queues
coroutine counts = (12309942,12309118,12308705)
[ModelOptimizer] Fitness: 4.9154 | Elapsed: 66.39 sec
       4 |      2.25175977 |      2.25175977 |      10.0% ✓
[ModelOptimizer] Evaluating parameters: VectorD(8.00000,	6.00000,	-4.00000,	0.800000,	2.00000)

======================================================================
TRAFFIC MODEL BUILDER SUMMARY
======================================================================
Network:      US-101-N-DonaldDoyle
Segments:     7
Lanes:        4
Junctions:    8
Ramps:        2
Sensors:      5
Mode:         PeMS Data-Driven
Car-Following: Gipps
ODE Solver:   Ballistic
Vmax:         35.0 m/s
======================================================================
Skipping Source actor due to time limit at clock = 43201.00125327633
Skipping Source actor due to time limit at clock = 43210.6788297557
-----------------------------
| Model.cleanup in progress |
-----------------------------
cleanup: agenda
cleanup: wait queues
coroutine counts = (12369699,12368871,12368456)
[ModelOptimizer] Fitness: 2.2518 | Elapsed: 16.21 sec
[ModelOptimizer] Evaluating parameters: VectorD(8.00000,	6.00000,	-3.28683,	5.00000,	2.00000)

======================================================================
TRAFFIC MODEL BUILDER SUMMARY
======================================================================
Network:      US-101-N-DonaldDoyle
Segments:     7
Lanes:        4
Junctions:    8
Ramps:        2
Sensors:      5
Mode:         PeMS Data-Driven
Car-Following: Gipps
ODE Solver:   Ballistic
Vmax:         35.0 m/s
======================================================================
Skipping Source actor due to time limit at clock = 43201.00125327633
Skipping Source actor due to time limit at clock = 43210.6788297557
-----------------------------
| Model.cleanup in progress |
-----------------------------
cleanup: agenda
cleanup: wait queues
coroutine counts = (12429456,12428624,12428207)
[ModelOptimizer] Fitness: 2.6532 | Elapsed: 16.10 sec
[ModelOptimizer] Evaluating parameters: VectorD(8.00000,	6.00000,	-4.00000,	0.800000,	2.00000)

======================================================================
TRAFFIC MODEL BUILDER SUMMARY
======================================================================
Network:      US-101-N-DonaldDoyle
Segments:     7
Lanes:        4
Junctions:    8
Ramps:        2
Sensors:      5
Mode:         PeMS Data-Driven
Car-Following: Gipps
ODE Solver:   Ballistic
Vmax:         35.0 m/s
======================================================================
Skipping Source actor due to time limit at clock = 43201.00125327633
Skipping Source actor due to time limit at clock = 43210.6788297557
-----------------------------
| Model.cleanup in progress |
-----------------------------
cleanup: agenda
cleanup: wait queues
coroutine counts = (12489213,12488377,12487958)
[ModelOptimizer] Fitness: 2.2518 | Elapsed: 16.24 sec
[ModelOptimizer] Evaluating parameters: VectorD(5.90975,	2.68526,	-0.500000,	0.800000,	2.00000)

======================================================================
TRAFFIC MODEL BUILDER SUMMARY
======================================================================
Network:      US-101-N-DonaldDoyle
Segments:     7
Lanes:        4
Junctions:    8
Ramps:        2
Sensors:      5
Mode:         PeMS Data-Driven
Car-Following: Gipps
ODE Solver:   Ballistic
Vmax:         35.0 m/s
======================================================================
Skipping Source actor due to time limit at clock = 43201.00125327633
Skipping Source actor due to time limit at clock = 43210.6788297557
-----------------------------
| Model.cleanup in progress |
-----------------------------
cleanup: agenda
cleanup: wait queues
coroutine counts = (12548970,12548130,12547709)
[ModelOptimizer] Fitness: 8.0591 | Elapsed: 19.56 sec
[ModelOptimizer] Evaluating parameters: VectorD(4.97885,	4.58621,	-0.500000,	5.00000,	2.00000)

======================================================================
TRAFFIC MODEL BUILDER SUMMARY
======================================================================
Network:      US-101-N-DonaldDoyle
Segments:     7
Lanes:        4
Junctions:    8
Ramps:        2
Sensors:      5
Mode:         PeMS Data-Driven
Car-Following: Gipps
ODE Solver:   Ballistic
Vmax:         35.0 m/s
======================================================================
Skipping Source actor due to time limit at clock = 43201.00125327633
Skipping Source actor due to time limit at clock = 43210.6788297557
-----------------------------
| Model.cleanup in progress |
-----------------------------
cleanup: agenda
cleanup: wait queues
coroutine counts = (12608727,12607883,12607460)
[ModelOptimizer] Fitness: 7.4812 | Elapsed: 18.69 sec
[ModelOptimizer] Evaluating parameters: VectorD(3.92628,	5.56011,	-0.500000,	1.02450,	2.00000)

======================================================================
TRAFFIC MODEL BUILDER SUMMARY
======================================================================
Network:      US-101-N-DonaldDoyle
Segments:     7
Lanes:        4
Junctions:    8
Ramps:        2
Sensors:      5
Mode:         PeMS Data-Driven
Car-Following: Gipps
ODE Solver:   Ballistic
Vmax:         35.0 m/s
======================================================================
Skipping Source actor due to time limit at clock = 43201.00125327633
Skipping Source actor due to time limit at clock = 43210.6788297557
-----------------------------
| Model.cleanup in progress |
-----------------------------
cleanup: agenda
cleanup: wait queues
coroutine counts = (12668484,12667636,12667211)
[ModelOptimizer] Fitness: 7.2843 | Elapsed: 18.53 sec
[ModelOptimizer] Evaluating parameters: VectorD(6.56404,	6.00000,	-4.00000,	5.00000,	0.200000)

======================================================================
TRAFFIC MODEL BUILDER SUMMARY
======================================================================
Network:      US-101-N-DonaldDoyle
Segments:     7
Lanes:        4
Junctions:    8
Ramps:        2
Sensors:      5
Mode:         PeMS Data-Driven
Car-Following: Gipps
ODE Solver:   Ballistic
Vmax:         35.0 m/s
======================================================================
Skipping Source actor due to time limit at clock = 43201.00125327633
Skipping Source actor due to time limit at clock = 43210.6788297557
-----------------------------
| Model.cleanup in progress |
-----------------------------
cleanup: agenda
cleanup: wait queues
coroutine counts = (12728241,12727389,12726962)
[ModelOptimizer] Fitness: 4.9154 | Elapsed: 66.64 sec
[ModelOptimizer] Evaluating parameters: VectorD(8.00000,	6.00000,	-4.00000,	0.800000,	0.200000)

======================================================================
TRAFFIC MODEL BUILDER SUMMARY
======================================================================
Network:      US-101-N-DonaldDoyle
Segments:     7
Lanes:        4
Junctions:    8
Ramps:        2
Sensors:      5
Mode:         PeMS Data-Driven
Car-Following: Gipps
ODE Solver:   Ballistic
Vmax:         35.0 m/s
======================================================================
Skipping Source actor due to time limit at clock = 43201.00125327633
Skipping Source actor due to time limit at clock = 43210.6788297557
-----------------------------
| Model.cleanup in progress |
-----------------------------
cleanup: agenda
cleanup: wait queues
coroutine counts = (12787998,12787142,12786713)
[ModelOptimizer] Fitness: 4.9154 | Elapsed: 66.14 sec
[ModelOptimizer] Evaluating parameters: VectorD(6.43126,	6.00000,	-0.500000,	3.93580,	2.00000)

======================================================================
TRAFFIC MODEL BUILDER SUMMARY
======================================================================
Network:      US-101-N-DonaldDoyle
Segments:     7
Lanes:        4
Junctions:    8
Ramps:        2
Sensors:      5
Mode:         PeMS Data-Driven
Car-Following: Gipps
ODE Solver:   Ballistic
Vmax:         35.0 m/s
======================================================================
Skipping Source actor due to time limit at clock = 43201.00125327633
Skipping Source actor due to time limit at clock = 43210.6788297557
-----------------------------
| Model.cleanup in progress |
-----------------------------
cleanup: agenda
cleanup: wait queues
coroutine counts = (12847755,12846895,12846464)
[ModelOptimizer] Fitness: NaN | Elapsed: 17.92 sec
[ModelOptimizer] Evaluating parameters: VectorD(1.00000,	2.87946,	-0.500000,	5.00000,	1.59280)

======================================================================
TRAFFIC MODEL BUILDER SUMMARY
======================================================================
Network:      US-101-N-DonaldDoyle
Segments:     7
Lanes:        4
Junctions:    8
Ramps:        2
Sensors:      5
Mode:         PeMS Data-Driven
Car-Following: Gipps
ODE Solver:   Ballistic
Vmax:         35.0 m/s
======================================================================
Skipping Source actor due to time limit at clock = 43201.00125327633
Skipping Source actor due to time limit at clock = 43210.6788297557
-----------------------------
| Model.cleanup in progress |
-----------------------------
cleanup: agenda
cleanup: wait queues
coroutine counts = (12907512,12906648,12906215)
[ModelOptimizer] Fitness: 8.6569 | Elapsed: 22.20 sec
[ModelOptimizer] Evaluating parameters: VectorD(8.00000,	6.00000,	-4.00000,	1.31841,	1.46290)

======================================================================
TRAFFIC MODEL BUILDER SUMMARY
======================================================================
Network:      US-101-N-DonaldDoyle
Segments:     7
Lanes:        4
Junctions:    8
Ramps:        2
Sensors:      5
Mode:         PeMS Data-Driven
Car-Following: Gipps
ODE Solver:   Ballistic
Vmax:         35.0 m/s
======================================================================
Skipping Source actor due to time limit at clock = 43201.00125327633
Skipping Source actor due to time limit at clock = 43210.6788297557
-----------------------------
| Model.cleanup in progress |
-----------------------------
cleanup: agenda
cleanup: wait queues
coroutine counts = (12967269,12966401,12965966)
[ModelOptimizer] Fitness: 2.9436 | Elapsed: 17.89 sec
[ModelOptimizer] Evaluating parameters: VectorD(4.53360,	6.00000,	-4.00000,	3.53392,	0.200000)

======================================================================
TRAFFIC MODEL BUILDER SUMMARY
======================================================================
Network:      US-101-N-DonaldDoyle
Segments:     7
Lanes:        4
Junctions:    8
Ramps:        2
Sensors:      5
Mode:         PeMS Data-Driven
Car-Following: Gipps
ODE Solver:   Ballistic
Vmax:         35.0 m/s
======================================================================
Skipping Source actor due to time limit at clock = 43201.00125327633
Skipping Source actor due to time limit at clock = 43210.6788297557
-----------------------------
| Model.cleanup in progress |
-----------------------------
cleanup: agenda
cleanup: wait queues
coroutine counts = (13027026,13026154,13025717)
[ModelOptimizer] Fitness: 4.9154 | Elapsed: 66.89 sec
[ModelOptimizer] Evaluating parameters: VectorD(8.00000,	6.00000,	-4.00000,	5.00000,	0.200000)

======================================================================
TRAFFIC MODEL BUILDER SUMMARY
======================================================================
Network:      US-101-N-DonaldDoyle
Segments:     7
Lanes:        4
Junctions:    8
Ramps:        2
Sensors:      5
Mode:         PeMS Data-Driven
Car-Following: Gipps
ODE Solver:   Ballistic
Vmax:         35.0 m/s
======================================================================
Skipping Source actor due to time limit at clock = 43201.00125327633
Skipping Source actor due to time limit at clock = 43210.6788297557
-----------------------------
| Model.cleanup in progress |
-----------------------------
cleanup: agenda
cleanup: wait queues
coroutine counts = (13086783,13085907,13085468)
[ModelOptimizer] Fitness: 4.9154 | Elapsed: 66.59 sec
[ModelOptimizer] Evaluating parameters: VectorD(8.00000,	6.00000,	-0.500000,	1.13267,	2.00000)

======================================================================
TRAFFIC MODEL BUILDER SUMMARY
======================================================================
Network:      US-101-N-DonaldDoyle
Segments:     7
Lanes:        4
Junctions:    8
Ramps:        2
Sensors:      5
Mode:         PeMS Data-Driven
Car-Following: Gipps
ODE Solver:   Ballistic
Vmax:         35.0 m/s
======================================================================
Skipping Source actor due to time limit at clock = 43201.00125327633
Skipping Source actor due to time limit at clock = 43210.6788297557
-----------------------------
| Model.cleanup in progress |
-----------------------------
cleanup: agenda
cleanup: wait queues
coroutine counts = (13146540,13145660,13145219)
[ModelOptimizer] Fitness: NaN | Elapsed: 17.92 sec
[ModelOptimizer] Evaluating parameters: VectorD(3.36869,	6.00000,	-0.500000,	1.43496,	2.00000)

======================================================================
TRAFFIC MODEL BUILDER SUMMARY
======================================================================
Network:      US-101-N-DonaldDoyle
Segments:     7
Lanes:        4
Junctions:    8
Ramps:        2
Sensors:      5
Mode:         PeMS Data-Driven
Car-Following: Gipps
ODE Solver:   Ballistic
Vmax:         35.0 m/s
======================================================================
Skipping Source actor due to time limit at clock = 43201.00125327633
Skipping Source actor due to time limit at clock = 43210.6788297557
-----------------------------
| Model.cleanup in progress |
-----------------------------
cleanup: agenda
cleanup: wait queues
coroutine counts = (13206297,13205413,13204970)
[ModelOptimizer] Fitness: NaN | Elapsed: 17.71 sec
[ModelOptimizer] Evaluating parameters: VectorD(8.00000,	6.00000,	-2.62617,	3.15749,	1.26815)

======================================================================
TRAFFIC MODEL BUILDER SUMMARY
======================================================================
Network:      US-101-N-DonaldDoyle
Segments:     7
Lanes:        4
Junctions:    8
Ramps:        2
Sensors:      5
Mode:         PeMS Data-Driven
Car-Following: Gipps
ODE Solver:   Ballistic
Vmax:         35.0 m/s
======================================================================
Skipping Source actor due to time limit at clock = 43201.00125327633
Skipping Source actor due to time limit at clock = 43210.6788297557
-----------------------------
| Model.cleanup in progress |
-----------------------------
cleanup: agenda
cleanup: wait queues
coroutine counts = (13266054,13265166,13264721)
[ModelOptimizer] Fitness: 4.0685 | Elapsed: 19.82 sec
[ModelOptimizer] Evaluating parameters: VectorD(1.10310,	1.98581,	-0.500000,	0.800000,	2.00000)

======================================================================
TRAFFIC MODEL BUILDER SUMMARY
======================================================================
Network:      US-101-N-DonaldDoyle
Segments:     7
Lanes:        4
Junctions:    8
Ramps:        2
Sensors:      5
Mode:         PeMS Data-Driven
Car-Following: Gipps
ODE Solver:   Ballistic
Vmax:         35.0 m/s
======================================================================
Skipping Source actor due to time limit at clock = 43201.00125327633
Skipping Source actor due to time limit at clock = 43210.6788297557
-----------------------------
| Model.cleanup in progress |
-----------------------------
cleanup: agenda
cleanup: wait queues
coroutine counts = (13325811,13324919,13324472)
[ModelOptimizer] Fitness: 8.2424 | Elapsed: 20.21 sec
[ModelOptimizer] Evaluating parameters: VectorD(8.00000,	6.00000,	-2.62617,	3.15749,	1.26815)

======================================================================
TRAFFIC MODEL BUILDER SUMMARY
======================================================================
Network:      US-101-N-DonaldDoyle
Segments:     7
Lanes:        4
Junctions:    8
Ramps:        2
Sensors:      5
Mode:         PeMS Data-Driven
Car-Following: Gipps
ODE Solver:   Ballistic
Vmax:         35.0 m/s
======================================================================
Skipping Source actor due to time limit at clock = 43201.00125327633
Skipping Source actor due to time limit at clock = 43210.6788297557
-----------------------------
| Model.cleanup in progress |
-----------------------------
cleanup: agenda
cleanup: wait queues
coroutine counts = (13385568,13384672,13384223)
[ModelOptimizer] Fitness: 4.0685 | Elapsed: 20.93 sec
[ModelOptimizer] Evaluating parameters: VectorD(8.00000,	6.00000,	-4.00000,	1.35476,	0.200000)

======================================================================
TRAFFIC MODEL BUILDER SUMMARY
======================================================================
Network:      US-101-N-DonaldDoyle
Segments:     7
Lanes:        4
Junctions:    8
Ramps:        2
Sensors:      5
Mode:         PeMS Data-Driven
Car-Following: Gipps
ODE Solver:   Ballistic
Vmax:         35.0 m/s
======================================================================
Skipping Source actor due to time limit at clock = 43201.00125327633
Skipping Source actor due to time limit at clock = 43210.6788297557
-----------------------------
| Model.cleanup in progress |
-----------------------------
cleanup: agenda
cleanup: wait queues
coroutine counts = (13445325,13444425,13443974)
[ModelOptimizer] Fitness: 4.9154 | Elapsed: 66.64 sec
[ModelOptimizer] Evaluating parameters: VectorD(8.00000,	6.00000,	-3.45523,	0.800000,	2.00000)

======================================================================
TRAFFIC MODEL BUILDER SUMMARY
======================================================================
Network:      US-101-N-DonaldDoyle
Segments:     7
Lanes:        4
Junctions:    8
Ramps:        2
Sensors:      5
Mode:         PeMS Data-Driven
Car-Following: Gipps
ODE Solver:   Ballistic
Vmax:         35.0 m/s
======================================================================
Skipping Source actor due to time limit at clock = 43201.00125327633
Skipping Source actor due to time limit at clock = 43210.6788297557
-----------------------------
| Model.cleanup in progress |
-----------------------------
cleanup: agenda
cleanup: wait queues
coroutine counts = (13505082,13504178,13503725)
[ModelOptimizer] Fitness: 2.5380 | Elapsed: 15.86 sec
[ModelOptimizer] Evaluating parameters: VectorD(8.00000,	6.00000,	-3.48600,	0.800000,	2.00000)

======================================================================
TRAFFIC MODEL BUILDER SUMMARY
======================================================================
Network:      US-101-N-DonaldDoyle
Segments:     7
Lanes:        4
Junctions:    8
Ramps:        2
Sensors:      5
Mode:         PeMS Data-Driven
Car-Following: Gipps
ODE Solver:   Ballistic
Vmax:         35.0 m/s
======================================================================
Skipping Source actor due to time limit at clock = 43201.00125327633
Skipping Source actor due to time limit at clock = 43210.6788297557
-----------------------------
| Model.cleanup in progress |
-----------------------------
cleanup: agenda
cleanup: wait queues
coroutine counts = (13564839,13563931,13563476)
[ModelOptimizer] Fitness: 2.5100 | Elapsed: 16.09 sec
[ModelOptimizer] Evaluating parameters: VectorD(8.00000,	6.00000,	-4.00000,	0.800000,	2.00000)

======================================================================
TRAFFIC MODEL BUILDER SUMMARY
======================================================================
Network:      US-101-N-DonaldDoyle
Segments:     7
Lanes:        4
Junctions:    8
Ramps:        2
Sensors:      5
Mode:         PeMS Data-Driven
Car-Following: Gipps
ODE Solver:   Ballistic
Vmax:         35.0 m/s
======================================================================
Skipping Source actor due to time limit at clock = 43201.00125327633
Skipping Source actor due to time limit at clock = 43210.6788297557
-----------------------------
| Model.cleanup in progress |
-----------------------------
cleanup: agenda
cleanup: wait queues
coroutine counts = (13624596,13623684,13623227)
[ModelOptimizer] Fitness: 2.2518 | Elapsed: 16.15 sec
[ModelOptimizer] Evaluating parameters: VectorD(8.00000,	6.00000,	-4.00000,	0.800000,	2.00000)

======================================================================
TRAFFIC MODEL BUILDER SUMMARY
======================================================================
Network:      US-101-N-DonaldDoyle
Segments:     7
Lanes:        4
Junctions:    8
Ramps:        2
Sensors:      5
Mode:         PeMS Data-Driven
Car-Following: Gipps
ODE Solver:   Ballistic
Vmax:         35.0 m/s
======================================================================
Skipping Source actor due to time limit at clock = 43201.00125327633
Skipping Source actor due to time limit at clock = 43210.6788297557
-----------------------------
| Model.cleanup in progress |
-----------------------------
cleanup: agenda
cleanup: wait queues
coroutine counts = (13684353,13683437,13682978)
[ModelOptimizer] Fitness: 2.2518 | Elapsed: 16.40 sec
[ModelOptimizer] Evaluating parameters: VectorD(4.98535,	6.00000,	-4.00000,	4.36990,	0.200000)

======================================================================
TRAFFIC MODEL BUILDER SUMMARY
======================================================================
Network:      US-101-N-DonaldDoyle
Segments:     7
Lanes:        4
Junctions:    8
Ramps:        2
Sensors:      5
Mode:         PeMS Data-Driven
Car-Following: Gipps
ODE Solver:   Ballistic
Vmax:         35.0 m/s
======================================================================
Skipping Source actor due to time limit at clock = 43201.00125327633
Skipping Source actor due to time limit at clock = 43210.6788297557
-----------------------------
| Model.cleanup in progress |
-----------------------------
cleanup: agenda
cleanup: wait queues
coroutine counts = (13744110,13743190,13742729)
[ModelOptimizer] Fitness: 4.9154 | Elapsed: 66.76 sec
[ModelOptimizer] Evaluating parameters: VectorD(8.00000,	6.00000,	-4.00000,	0.800000,	2.00000)

======================================================================
TRAFFIC MODEL BUILDER SUMMARY
======================================================================
Network:      US-101-N-DonaldDoyle
Segments:     7
Lanes:        4
Junctions:    8
Ramps:        2
Sensors:      5
Mode:         PeMS Data-Driven
Car-Following: Gipps
ODE Solver:   Ballistic
Vmax:         35.0 m/s
======================================================================
Skipping Source actor due to time limit at clock = 43201.00125327633
Skipping Source actor due to time limit at clock = 43210.6788297557
-----------------------------
| Model.cleanup in progress |
-----------------------------
cleanup: agenda
cleanup: wait queues
coroutine counts = (13803867,13802943,13802480)
[ModelOptimizer] Fitness: 2.2518 | Elapsed: 15.79 sec
[ModelOptimizer] Evaluating parameters: VectorD(8.00000,	6.00000,	-3.05097,	5.00000,	2.00000)

======================================================================
TRAFFIC MODEL BUILDER SUMMARY
======================================================================
Network:      US-101-N-DonaldDoyle
Segments:     7
Lanes:        4
Junctions:    8
Ramps:        2
Sensors:      5
Mode:         PeMS Data-Driven
Car-Following: Gipps
ODE Solver:   Ballistic
Vmax:         35.0 m/s
======================================================================
Skipping Source actor due to time limit at clock = 43201.00125327633
Skipping Source actor due to time limit at clock = 43210.6788297557
-----------------------------
| Model.cleanup in progress |
-----------------------------
cleanup: agenda
cleanup: wait queues
coroutine counts = (13863624,13862696,13862231)
[ModelOptimizer] Fitness: 2.7919 | Elapsed: 15.85 sec
[ModelOptimizer] Evaluating parameters: VectorD(6.15219,	6.00000,	-0.500000,	5.00000,	2.00000)

======================================================================
TRAFFIC MODEL BUILDER SUMMARY
======================================================================
Network:      US-101-N-DonaldDoyle
Segments:     7
Lanes:        4
Junctions:    8
Ramps:        2
Sensors:      5
Mode:         PeMS Data-Driven
Car-Following: Gipps
ODE Solver:   Ballistic
Vmax:         35.0 m/s
======================================================================
Skipping Source actor due to time limit at clock = 43201.00125327633
Skipping Source actor due to time limit at clock = 43210.6788297557
-----------------------------
| Model.cleanup in progress |
-----------------------------
cleanup: agenda
cleanup: wait queues
coroutine counts = (13923381,13922449,13921982)
[ModelOptimizer] Fitness: NaN | Elapsed: 19.57 sec
[ModelOptimizer] Evaluating parameters: VectorD(3.24335,	6.00000,	-4.00000,	5.00000,	0.200000)

======================================================================
TRAFFIC MODEL BUILDER SUMMARY
======================================================================
Network:      US-101-N-DonaldDoyle
Segments:     7
Lanes:        4
Junctions:    8
Ramps:        2
Sensors:      5
Mode:         PeMS Data-Driven
Car-Following: Gipps
ODE Solver:   Ballistic
Vmax:         35.0 m/s
======================================================================
Skipping Source actor due to time limit at clock = 43201.00125327633
Skipping Source actor due to time limit at clock = 43210.6788297557
-----------------------------
| Model.cleanup in progress |
-----------------------------
cleanup: agenda
cleanup: wait queues
coroutine counts = (13983138,13982202,13981733)
[ModelOptimizer] Fitness: 4.9154 | Elapsed: 72.03 sec
[ModelOptimizer] Evaluating parameters: VectorD(5.40211,	6.00000,	-4.00000,	5.00000,	0.200000)

======================================================================
TRAFFIC MODEL BUILDER SUMMARY
======================================================================
Network:      US-101-N-DonaldDoyle
Segments:     7
Lanes:        4
Junctions:    8
Ramps:        2
Sensors:      5
Mode:         PeMS Data-Driven
Car-Following: Gipps
ODE Solver:   Ballistic
Vmax:         35.0 m/s
======================================================================
Skipping Source actor due to time limit at clock = 43201.00125327633
Skipping Source actor due to time limit at clock = 43210.6788297557
-----------------------------
| Model.cleanup in progress |
-----------------------------
cleanup: agenda
cleanup: wait queues
coroutine counts = (14042895,14041955,14041484)
[ModelOptimizer] Fitness: 4.9154 | Elapsed: 70.85 sec
[ModelOptimizer] Evaluating parameters: VectorD(5.15901,	6.00000,	-4.00000,	3.03438,	0.200000)

======================================================================
TRAFFIC MODEL BUILDER SUMMARY
======================================================================
Network:      US-101-N-DonaldDoyle
Segments:     7
Lanes:        4
Junctions:    8
Ramps:        2
Sensors:      5
Mode:         PeMS Data-Driven
Car-Following: Gipps
ODE Solver:   Ballistic
Vmax:         35.0 m/s
======================================================================
Skipping Source actor due to time limit at clock = 43201.00125327633
Skipping Source actor due to time limit at clock = 43210.6788297557
-----------------------------
| Model.cleanup in progress |
-----------------------------
cleanup: agenda
cleanup: wait queues
coroutine counts = (14102652,14101708,14101235)
[ModelOptimizer] Fitness: 4.9154 | Elapsed: 69.26 sec
[ModelOptimizer] Evaluating parameters: VectorD(8.00000,	6.00000,	-2.69881,	3.30984,	2.00000)

======================================================================
TRAFFIC MODEL BUILDER SUMMARY
======================================================================
Network:      US-101-N-DonaldDoyle
Segments:     7
Lanes:        4
Junctions:    8
Ramps:        2
Sensors:      5
Mode:         PeMS Data-Driven
Car-Following: Gipps
ODE Solver:   Ballistic
Vmax:         35.0 m/s
======================================================================
Skipping Source actor due to time limit at clock = 43201.00125327633
Skipping Source actor due to time limit at clock = 43210.6788297557
-----------------------------
| Model.cleanup in progress |
-----------------------------
cleanup: agenda
cleanup: wait queues
coroutine counts = (14162409,14161461,14160986)
[ModelOptimizer] Fitness: 3.1051 | Elapsed: 16.02 sec
[ModelOptimizer] Evaluating parameters: VectorD(7.16410,	6.00000,	-0.500000,	5.00000,	1.26742)

======================================================================
TRAFFIC MODEL BUILDER SUMMARY
======================================================================
Network:      US-101-N-DonaldDoyle
Segments:     7
Lanes:        4
Junctions:    8
Ramps:        2
Sensors:      5
Mode:         PeMS Data-Driven
Car-Following: Gipps
ODE Solver:   Ballistic
Vmax:         35.0 m/s
======================================================================
Skipping Source actor due to time limit at clock = 43201.00125327633
Skipping Source actor due to time limit at clock = 43210.6788297557
-----------------------------
| Model.cleanup in progress |
-----------------------------
cleanup: agenda
cleanup: wait queues
coroutine counts = (14222166,14221214,14220737)
[ModelOptimizer] Fitness: 8.2360 | Elapsed: 27.02 sec
[ModelOptimizer] Evaluating parameters: VectorD(8.00000,	6.00000,	-4.00000,	5.00000,	1.61471)

======================================================================
TRAFFIC MODEL BUILDER SUMMARY
======================================================================
Network:      US-101-N-DonaldDoyle
Segments:     7
Lanes:        4
Junctions:    8
Ramps:        2
Sensors:      5
Mode:         PeMS Data-Driven
Car-Following: Gipps
ODE Solver:   Ballistic
Vmax:         35.0 m/s
======================================================================
Skipping Source actor due to time limit at clock = 43201.00125327633
Skipping Source actor due to time limit at clock = 43210.6788297557
-----------------------------
| Model.cleanup in progress |
-----------------------------
cleanup: agenda
cleanup: wait queues
coroutine counts = (14281923,14280967,14280488)
[ModelOptimizer] Fitness: 2.8015 | Elapsed: 19.37 sec
[ModelOptimizer] Evaluating parameters: VectorD(8.00000,	6.00000,	-4.00000,	1.55022,	0.200000)

======================================================================
TRAFFIC MODEL BUILDER SUMMARY
======================================================================
Network:      US-101-N-DonaldDoyle
Segments:     7
Lanes:        4
Junctions:    8
Ramps:        2
Sensors:      5
Mode:         PeMS Data-Driven
Car-Following: Gipps
ODE Solver:   Ballistic
Vmax:         35.0 m/s
======================================================================
Skipping Source actor due to time limit at clock = 43201.00125327633
Skipping Source actor due to time limit at clock = 43210.6788297557
-----------------------------
| Model.cleanup in progress |
-----------------------------
cleanup: agenda
cleanup: wait queues
coroutine counts = (14341680,14340720,14340239)
[ModelOptimizer] Fitness: 4.9154 | Elapsed: 70.92 sec
[ModelOptimizer] Evaluating parameters: VectorD(4.64769,	5.35599,	-0.500000,	4.69303,	1.59509)

======================================================================
TRAFFIC MODEL BUILDER SUMMARY
======================================================================
Network:      US-101-N-DonaldDoyle
Segments:     7
Lanes:        4
Junctions:    8
Ramps:        2
Sensors:      5
Mode:         PeMS Data-Driven
Car-Following: Gipps
ODE Solver:   Ballistic
Vmax:         35.0 m/s
======================================================================
Skipping Source actor due to time limit at clock = 43201.00125327633
Skipping Source actor due to time limit at clock = 43210.6788297557
-----------------------------
| Model.cleanup in progress |
-----------------------------
cleanup: agenda
cleanup: wait queues
coroutine counts = (14401437,14400473,14399990)
[ModelOptimizer] Fitness: 7.8243 | Elapsed: 24.19 sec
[ModelOptimizer] Evaluating parameters: VectorD(8.00000,	6.00000,	-4.00000,	1.55022,	0.200000)

======================================================================
TRAFFIC MODEL BUILDER SUMMARY
======================================================================
Network:      US-101-N-DonaldDoyle
Segments:     7
Lanes:        4
Junctions:    8
Ramps:        2
Sensors:      5
Mode:         PeMS Data-Driven
Car-Following: Gipps
ODE Solver:   Ballistic
Vmax:         35.0 m/s
======================================================================
Skipping Source actor due to time limit at clock = 43201.00125327633
Skipping Source actor due to time limit at clock = 43210.6788297557
-----------------------------
| Model.cleanup in progress |
-----------------------------
cleanup: agenda
cleanup: wait queues
coroutine counts = (14461194,14460226,14459741)
[ModelOptimizer] Fitness: 4.9154 | Elapsed: 69.62 sec
[ModelOptimizer] Evaluating parameters: VectorD(7.36549,	6.00000,	-4.00000,	5.00000,	0.200000)

======================================================================
TRAFFIC MODEL BUILDER SUMMARY
======================================================================
Network:      US-101-N-DonaldDoyle
Segments:     7
Lanes:        4
Junctions:    8
Ramps:        2
Sensors:      5
Mode:         PeMS Data-Driven
Car-Following: Gipps
ODE Solver:   Ballistic
Vmax:         35.0 m/s
======================================================================
Skipping Source actor due to time limit at clock = 43201.00125327633
Skipping Source actor due to time limit at clock = 43210.6788297557
-----------------------------
| Model.cleanup in progress |
-----------------------------
cleanup: agenda
cleanup: wait queues
coroutine counts = (14520951,14519979,14519492)
[ModelOptimizer] Fitness: 4.9154 | Elapsed: 72.64 sec
[ModelOptimizer] Evaluating parameters: VectorD(7.36549,	6.00000,	-4.00000,	5.00000,	0.390521)

======================================================================
TRAFFIC MODEL BUILDER SUMMARY
======================================================================
Network:      US-101-N-DonaldDoyle
Segments:     7
Lanes:        4
Junctions:    8
Ramps:        2
Sensors:      5
Mode:         PeMS Data-Driven
Car-Following: Gipps
ODE Solver:   Ballistic
Vmax:         35.0 m/s
======================================================================
Skipping Source actor due to time limit at clock = 43201.00125327633
Skipping Source actor due to time limit at clock = 43210.6788297557
-----------------------------
| Model.cleanup in progress |
-----------------------------
cleanup: agenda
cleanup: wait queues
coroutine counts = (14580708,14579732,14579243)
[ModelOptimizer] Fitness: 4.7772 | Elapsed: 42.78 sec
[ModelOptimizer] Evaluating parameters: VectorD(8.00000,	6.00000,	-4.00000,	5.00000,	0.200000)

======================================================================
TRAFFIC MODEL BUILDER SUMMARY
======================================================================
Network:      US-101-N-DonaldDoyle
Segments:     7
Lanes:        4
Junctions:    8
Ramps:        2
Sensors:      5
Mode:         PeMS Data-Driven
Car-Following: Gipps
ODE Solver:   Ballistic
Vmax:         35.0 m/s
======================================================================
Skipping Source actor due to time limit at clock = 43201.00125327633
Skipping Source actor due to time limit at clock = 43210.6788297557
-----------------------------
| Model.cleanup in progress |
-----------------------------
cleanup: agenda
cleanup: wait queues
coroutine counts = (14640465,14639485,14638994)
[ModelOptimizer] Fitness: 4.9154 | Elapsed: 71.43 sec
[ModelOptimizer] Evaluating parameters: VectorD(2.89140,	6.00000,	-0.500000,	0.800000,	2.00000)

======================================================================
TRAFFIC MODEL BUILDER SUMMARY
======================================================================
Network:      US-101-N-DonaldDoyle
Segments:     7
Lanes:        4
Junctions:    8
Ramps:        2
Sensors:      5
Mode:         PeMS Data-Driven
Car-Following: Gipps
ODE Solver:   Ballistic
Vmax:         35.0 m/s
======================================================================
Skipping Source actor due to time limit at clock = 43201.00125327633
Skipping Source actor due to time limit at clock = 43210.6788297557
-----------------------------
| Model.cleanup in progress |
-----------------------------
cleanup: agenda
cleanup: wait queues
coroutine counts = (14700222,14699238,14698745)
[ModelOptimizer] Fitness: NaN | Elapsed: 19.81 sec
[ModelOptimizer] Evaluating parameters: VectorD(8.00000,	6.00000,	-4.00000,	5.00000,	0.200000)

======================================================================
TRAFFIC MODEL BUILDER SUMMARY
======================================================================
Network:      US-101-N-DonaldDoyle
Segments:     7
Lanes:        4
Junctions:    8
Ramps:        2
Sensors:      5
Mode:         PeMS Data-Driven
Car-Following: Gipps
ODE Solver:   Ballistic
Vmax:         35.0 m/s
======================================================================
Skipping Source actor due to time limit at clock = 43201.00125327633
Skipping Source actor due to time limit at clock = 43210.6788297557
-----------------------------
| Model.cleanup in progress |
-----------------------------
cleanup: agenda
cleanup: wait queues
coroutine counts = (14759979,14758991,14758496)
[ModelOptimizer] Fitness: 4.9154 | Elapsed: 72.55 sec
[ModelOptimizer] Evaluating parameters: VectorD(5.28033,	6.00000,	-0.863742,	5.00000,	1.87166)

======================================================================
TRAFFIC MODEL BUILDER SUMMARY
======================================================================
Network:      US-101-N-DonaldDoyle
Segments:     7
Lanes:        4
Junctions:    8
Ramps:        2
Sensors:      5
Mode:         PeMS Data-Driven
Car-Following: Gipps
ODE Solver:   Ballistic
Vmax:         35.0 m/s
======================================================================
Skipping Source actor due to time limit at clock = 43201.00125327633
Skipping Source actor due to time limit at clock = 43210.6788297557
-----------------------------
| Model.cleanup in progress |
-----------------------------
cleanup: agenda
cleanup: wait queues
coroutine counts = (14819736,14818744,14818247)
[ModelOptimizer] Fitness: 6.1803 | Elapsed: 18.10 sec
[ModelOptimizer] Evaluating parameters: VectorD(8.00000,	6.00000,	-4.00000,	5.00000,	0.200000)

======================================================================
TRAFFIC MODEL BUILDER SUMMARY
======================================================================
Network:      US-101-N-DonaldDoyle
Segments:     7
Lanes:        4
Junctions:    8
Ramps:        2
Sensors:      5
Mode:         PeMS Data-Driven
Car-Following: Gipps
ODE Solver:   Ballistic
Vmax:         35.0 m/s
======================================================================
Skipping Source actor due to time limit at clock = 43201.00125327633
Skipping Source actor due to time limit at clock = 43210.6788297557
-----------------------------
| Model.cleanup in progress |
-----------------------------
cleanup: agenda
cleanup: wait queues
coroutine counts = (14879493,14878497,14877998)
[ModelOptimizer] Fitness: 4.9154 | Elapsed: 66.34 sec
[ModelOptimizer] Evaluating parameters: VectorD(8.00000,	6.00000,	-4.00000,	2.69779,	1.95013)

======================================================================
TRAFFIC MODEL BUILDER SUMMARY
======================================================================
Network:      US-101-N-DonaldDoyle
Segments:     7
Lanes:        4
Junctions:    8
Ramps:        2
Sensors:      5
Mode:         PeMS Data-Driven
Car-Following: Gipps
ODE Solver:   Ballistic
Vmax:         35.0 m/s
======================================================================
Skipping Source actor due to time limit at clock = 43201.00125327633
Skipping Source actor due to time limit at clock = 43210.6788297557
-----------------------------
| Model.cleanup in progress |
-----------------------------
cleanup: agenda
cleanup: wait queues
coroutine counts = (14939250,14938250,14937749)
[ModelOptimizer] Fitness: 2.2347 | Elapsed: 16.06 sec
[ModelOptimizer] Evaluating parameters: VectorD(8.00000,	6.00000,	-4.00000,	5.00000,	0.200000)

======================================================================
TRAFFIC MODEL BUILDER SUMMARY
======================================================================
Network:      US-101-N-DonaldDoyle
Segments:     7
Lanes:        4
Junctions:    8
Ramps:        2
Sensors:      5
Mode:         PeMS Data-Driven
Car-Following: Gipps
ODE Solver:   Ballistic
Vmax:         35.0 m/s
======================================================================
Skipping Source actor due to time limit at clock = 43201.00125327633
Skipping Source actor due to time limit at clock = 43210.6788297557
-----------------------------
| Model.cleanup in progress |
-----------------------------
cleanup: agenda
cleanup: wait queues
coroutine counts = (14999007,14998003,14997500)
[ModelOptimizer] Fitness: 4.9154 | Elapsed: 66.21 sec
[ModelOptimizer] Evaluating parameters: VectorD(8.00000,	6.00000,	-4.00000,	2.69779,	1.95013)

======================================================================
TRAFFIC MODEL BUILDER SUMMARY
======================================================================
Network:      US-101-N-DonaldDoyle
Segments:     7
Lanes:        4
Junctions:    8
Ramps:        2
Sensors:      5
Mode:         PeMS Data-Driven
Car-Following: Gipps
ODE Solver:   Ballistic
Vmax:         35.0 m/s
======================================================================
Skipping Source actor due to time limit at clock = 43201.00125327633
Skipping Source actor due to time limit at clock = 43210.6788297557
-----------------------------
| Model.cleanup in progress |
-----------------------------
cleanup: agenda
cleanup: wait queues
coroutine counts = (15058764,15057756,15057251)
[ModelOptimizer] Fitness: 2.2347 | Elapsed: 16.59 sec
       5 |      2.23470146 |      2.23470146 |      12.5% ✓
[ModelOptimizer] Evaluating parameters: VectorD(5.21284,	6.00000,	-4.00000,	2.67051,	2.00000)

======================================================================
TRAFFIC MODEL BUILDER SUMMARY
======================================================================
Network:      US-101-N-DonaldDoyle
Segments:     7
Lanes:        4
Junctions:    8
Ramps:        2
Sensors:      5
Mode:         PeMS Data-Driven
Car-Following: Gipps
ODE Solver:   Ballistic
Vmax:         35.0 m/s
======================================================================
Skipping Source actor due to time limit at clock = 43201.00125327633
Skipping Source actor due to time limit at clock = 43210.6788297557
-----------------------------
| Model.cleanup in progress |
-----------------------------
cleanup: agenda
cleanup: wait queues
coroutine counts = (15118521,15117509,15117002)
[ModelOptimizer] Fitness: 2.2518 | Elapsed: 15.97 sec
[ModelOptimizer] Evaluating parameters: VectorD(8.00000,	6.00000,	-4.00000,	0.800000,	2.00000)

======================================================================
TRAFFIC MODEL BUILDER SUMMARY
======================================================================
Network:      US-101-N-DonaldDoyle
Segments:     7
Lanes:        4
Junctions:    8
Ramps:        2
Sensors:      5
Mode:         PeMS Data-Driven
Car-Following: Gipps
ODE Solver:   Ballistic
Vmax:         35.0 m/s
======================================================================
Skipping Source actor due to time limit at clock = 43201.00125327633
Skipping Source actor due to time limit at clock = 43210.6788297557
-----------------------------
| Model.cleanup in progress |
-----------------------------
cleanup: agenda
cleanup: wait queues
coroutine counts = (15178278,15177262,15176753)
[ModelOptimizer] Fitness: 2.2518 | Elapsed: 17.00 sec
[ModelOptimizer] Evaluating parameters: VectorD(4.97885,	6.00000,	-4.00000,	0.800000,	2.00000)

======================================================================
TRAFFIC MODEL BUILDER SUMMARY
======================================================================
Network:      US-101-N-DonaldDoyle
Segments:     7
Lanes:        4
Junctions:    8
Ramps:        2
Sensors:      5
Mode:         PeMS Data-Driven
Car-Following: Gipps
ODE Solver:   Ballistic
Vmax:         35.0 m/s
======================================================================
Skipping Source actor due to time limit at clock = 43201.00125327633
Skipping Source actor due to time limit at clock = 43210.6788297557
-----------------------------
| Model.cleanup in progress |
-----------------------------
cleanup: agenda
cleanup: wait queues
coroutine counts = (15238035,15237015,15236504)
[ModelOptimizer] Fitness: 2.2518 | Elapsed: 18.17 sec
[ModelOptimizer] Evaluating parameters: VectorD(4.97885,	4.58621,	-0.500000,	5.00000,	2.00000)

======================================================================
TRAFFIC MODEL BUILDER SUMMARY
======================================================================
Network:      US-101-N-DonaldDoyle
Segments:     7
Lanes:        4
Junctions:    8
Ramps:        2
Sensors:      5
Mode:         PeMS Data-Driven
Car-Following: Gipps
ODE Solver:   Ballistic
Vmax:         35.0 m/s
======================================================================
Skipping Source actor due to time limit at clock = 43201.00125327633
Skipping Source actor due to time limit at clock = 43210.6788297557
-----------------------------
| Model.cleanup in progress |
-----------------------------
cleanup: agenda
cleanup: wait queues
coroutine counts = (15297792,15296768,15296255)
[ModelOptimizer] Fitness: 7.4812 | Elapsed: 20.96 sec
[ModelOptimizer] Evaluating parameters: VectorD(4.97885,	6.00000,	-4.00000,	0.800000,	2.00000)

======================================================================
TRAFFIC MODEL BUILDER SUMMARY
======================================================================
Network:      US-101-N-DonaldDoyle
Segments:     7
Lanes:        4
Junctions:    8
Ramps:        2
Sensors:      5
Mode:         PeMS Data-Driven
Car-Following: Gipps
ODE Solver:   Ballistic
Vmax:         35.0 m/s
======================================================================
Skipping Source actor due to time limit at clock = 43201.00125327633
Skipping Source actor due to time limit at clock = 43210.6788297557
-----------------------------
| Model.cleanup in progress |
-----------------------------
cleanup: agenda
cleanup: wait queues
coroutine counts = (15357549,15356521,15356006)
[ModelOptimizer] Fitness: 2.2518 | Elapsed: 18.10 sec
[ModelOptimizer] Evaluating parameters: VectorD(8.00000,	6.00000,	-4.00000,	5.00000,	2.00000)

======================================================================
TRAFFIC MODEL BUILDER SUMMARY
======================================================================
Network:      US-101-N-DonaldDoyle
Segments:     7
Lanes:        4
Junctions:    8
Ramps:        2
Sensors:      5
Mode:         PeMS Data-Driven
Car-Following: Gipps
ODE Solver:   Ballistic
Vmax:         35.0 m/s
======================================================================
Skipping Source actor due to time limit at clock = 43201.00125327633
Skipping Source actor due to time limit at clock = 43210.6788297557
-----------------------------
| Model.cleanup in progress |
-----------------------------
cleanup: agenda
cleanup: wait queues
coroutine counts = (15417306,15416274,15415757)
[ModelOptimizer] Fitness: 2.2518 | Elapsed: 17.23 sec
[ModelOptimizer] Evaluating parameters: VectorD(6.56404,	6.00000,	-4.00000,	5.00000,	0.200000)

======================================================================
TRAFFIC MODEL BUILDER SUMMARY
======================================================================
Network:      US-101-N-DonaldDoyle
Segments:     7
Lanes:        4
Junctions:    8
Ramps:        2
Sensors:      5
Mode:         PeMS Data-Driven
Car-Following: Gipps
ODE Solver:   Ballistic
Vmax:         35.0 m/s
======================================================================
Skipping Source actor due to time limit at clock = 43201.00125327633
Skipping Source actor due to time limit at clock = 43210.6788297557
-----------------------------
| Model.cleanup in progress |
-----------------------------
cleanup: agenda
cleanup: wait queues
coroutine counts = (15477063,15476027,15475508)
[ModelOptimizer] Fitness: 4.9154 | Elapsed: 67.85 sec
[ModelOptimizer] Evaluating parameters: VectorD(8.00000,	6.00000,	-4.00000,	5.00000,	2.00000)

======================================================================
TRAFFIC MODEL BUILDER SUMMARY
======================================================================
Network:      US-101-N-DonaldDoyle
Segments:     7
Lanes:        4
Junctions:    8
Ramps:        2
Sensors:      5
Mode:         PeMS Data-Driven
Car-Following: Gipps
ODE Solver:   Ballistic
Vmax:         35.0 m/s
======================================================================
Skipping Source actor due to time limit at clock = 43201.00125327633
Skipping Source actor due to time limit at clock = 43210.6788297557
-----------------------------
| Model.cleanup in progress |
-----------------------------
cleanup: agenda
cleanup: wait queues
coroutine counts = (15536820,15535780,15535259)
[ModelOptimizer] Fitness: 2.2518 | Elapsed: 16.05 sec
[ModelOptimizer] Evaluating parameters: VectorD(7.57215,	6.00000,	-1.23055,	1.21270,	2.00000)

======================================================================
TRAFFIC MODEL BUILDER SUMMARY
======================================================================
Network:      US-101-N-DonaldDoyle
Segments:     7
Lanes:        4
Junctions:    8
Ramps:        2
Sensors:      5
Mode:         PeMS Data-Driven
Car-Following: Gipps
ODE Solver:   Ballistic
Vmax:         35.0 m/s
======================================================================
Skipping Source actor due to time limit at clock = 43201.00125327633
Skipping Source actor due to time limit at clock = 43210.6788297557
-----------------------------
| Model.cleanup in progress |
-----------------------------
cleanup: agenda
cleanup: wait queues
coroutine counts = (15596577,15595533,15595010)
[ModelOptimizer] Fitness: NaN | Elapsed: 16.52 sec
[ModelOptimizer] Evaluating parameters: VectorD(6.43126,	6.00000,	-0.500000,	3.93580,	2.00000)

======================================================================
TRAFFIC MODEL BUILDER SUMMARY
======================================================================
Network:      US-101-N-DonaldDoyle
Segments:     7
Lanes:        4
Junctions:    8
Ramps:        2
Sensors:      5
Mode:         PeMS Data-Driven
Car-Following: Gipps
ODE Solver:   Ballistic
Vmax:         35.0 m/s
======================================================================
Skipping Source actor due to time limit at clock = 43201.00125327633
Skipping Source actor due to time limit at clock = 43210.6788297557
-----------------------------
| Model.cleanup in progress |
-----------------------------
cleanup: agenda
cleanup: wait queues
coroutine counts = (15656334,15655286,15654761)
[ModelOptimizer] Fitness: NaN | Elapsed: 17.68 sec
[ModelOptimizer] Evaluating parameters: VectorD(3.49995,	6.00000,	-4.00000,	0.800000,	2.00000)

======================================================================
TRAFFIC MODEL BUILDER SUMMARY
======================================================================
Network:      US-101-N-DonaldDoyle
Segments:     7
Lanes:        4
Junctions:    8
Ramps:        2
Sensors:      5
Mode:         PeMS Data-Driven
Car-Following: Gipps
ODE Solver:   Ballistic
Vmax:         35.0 m/s
======================================================================
Skipping Source actor due to time limit at clock = 43201.00125327633
Skipping Source actor due to time limit at clock = 43210.6788297557
-----------------------------
| Model.cleanup in progress |
-----------------------------
cleanup: agenda
cleanup: wait queues
coroutine counts = (15716091,15715039,15714512)
[ModelOptimizer] Fitness: 2.2518 | Elapsed: 15.91 sec
[ModelOptimizer] Evaluating parameters: VectorD(8.00000,	6.00000,	-4.00000,	1.31841,	1.46290)

======================================================================
TRAFFIC MODEL BUILDER SUMMARY
======================================================================
Network:      US-101-N-DonaldDoyle
Segments:     7
Lanes:        4
Junctions:    8
Ramps:        2
Sensors:      5
Mode:         PeMS Data-Driven
Car-Following: Gipps
ODE Solver:   Ballistic
Vmax:         35.0 m/s
======================================================================
Skipping Source actor due to time limit at clock = 43201.00125327633
Skipping Source actor due to time limit at clock = 43210.6788297557
-----------------------------
| Model.cleanup in progress |
-----------------------------
cleanup: agenda
cleanup: wait queues
coroutine counts = (15775848,15774792,15774263)
[ModelOptimizer] Fitness: 2.9436 | Elapsed: 17.91 sec
[ModelOptimizer] Evaluating parameters: VectorD(3.49995,	6.00000,	-4.00000,	0.800000,	2.00000)

======================================================================
TRAFFIC MODEL BUILDER SUMMARY
======================================================================
Network:      US-101-N-DonaldDoyle
Segments:     7
Lanes:        4
Junctions:    8
Ramps:        2
Sensors:      5
Mode:         PeMS Data-Driven
Car-Following: Gipps
ODE Solver:   Ballistic
Vmax:         35.0 m/s
======================================================================
Skipping Source actor due to time limit at clock = 43201.00125327633
Skipping Source actor due to time limit at clock = 43210.6788297557
-----------------------------
| Model.cleanup in progress |
-----------------------------
cleanup: agenda
cleanup: wait queues
coroutine counts = (15835605,15834545,15834014)
[ModelOptimizer] Fitness: 2.2518 | Elapsed: 15.64 sec
[ModelOptimizer] Evaluating parameters: VectorD(8.00000,	6.00000,	-4.00000,	0.800000,	0.200000)

======================================================================
TRAFFIC MODEL BUILDER SUMMARY
======================================================================
Network:      US-101-N-DonaldDoyle
Segments:     7
Lanes:        4
Junctions:    8
Ramps:        2
Sensors:      5
Mode:         PeMS Data-Driven
Car-Following: Gipps
ODE Solver:   Ballistic
Vmax:         35.0 m/s
======================================================================
Skipping Source actor due to time limit at clock = 43201.00125327633
Skipping Source actor due to time limit at clock = 43210.6788297557
-----------------------------
| Model.cleanup in progress |
-----------------------------
cleanup: agenda
cleanup: wait queues
coroutine counts = (15895362,15894298,15893765)
[ModelOptimizer] Fitness: 4.9154 | Elapsed: 66.27 sec
[ModelOptimizer] Evaluating parameters: VectorD(8.00000,	6.00000,	-4.00000,	5.00000,	0.200000)

======================================================================
TRAFFIC MODEL BUILDER SUMMARY
======================================================================
Network:      US-101-N-DonaldDoyle
Segments:     7
Lanes:        4
Junctions:    8
Ramps:        2
Sensors:      5
Mode:         PeMS Data-Driven
Car-Following: Gipps
ODE Solver:   Ballistic
Vmax:         35.0 m/s
======================================================================
Skipping Source actor due to time limit at clock = 43201.00125327633
Skipping Source actor due to time limit at clock = 43210.6788297557
-----------------------------
| Model.cleanup in progress |
-----------------------------
cleanup: agenda
cleanup: wait queues
coroutine counts = (15955119,15954051,15953516)
[ModelOptimizer] Fitness: 4.9154 | Elapsed: 65.78 sec
[ModelOptimizer] Evaluating parameters: VectorD(2.29134,	6.00000,	-4.00000,	0.800000,	0.200000)

======================================================================
TRAFFIC MODEL BUILDER SUMMARY
======================================================================
Network:      US-101-N-DonaldDoyle
Segments:     7
Lanes:        4
Junctions:    8
Ramps:        2
Sensors:      5
Mode:         PeMS Data-Driven
Car-Following: Gipps
ODE Solver:   Ballistic
Vmax:         35.0 m/s
======================================================================
Skipping Source actor due to time limit at clock = 43201.00125327633
Skipping Source actor due to time limit at clock = 43210.6788297557
-----------------------------
| Model.cleanup in progress |
-----------------------------
cleanup: agenda
cleanup: wait queues
coroutine counts = (16014876,16013804,16013267)
[ModelOptimizer] Fitness: 4.9154 | Elapsed: 65.90 sec
[ModelOptimizer] Evaluating parameters: VectorD(3.36869,	6.00000,	-0.500000,	1.43496,	2.00000)

======================================================================
TRAFFIC MODEL BUILDER SUMMARY
======================================================================
Network:      US-101-N-DonaldDoyle
Segments:     7
Lanes:        4
Junctions:    8
Ramps:        2
Sensors:      5
Mode:         PeMS Data-Driven
Car-Following: Gipps
ODE Solver:   Ballistic
Vmax:         35.0 m/s
======================================================================
Skipping Source actor due to time limit at clock = 43201.00125327633
Skipping Source actor due to time limit at clock = 43210.6788297557
-----------------------------
| Model.cleanup in progress |
-----------------------------
cleanup: agenda
cleanup: wait queues
coroutine counts = (16074633,16073557,16073018)
[ModelOptimizer] Fitness: NaN | Elapsed: 17.48 sec
[ModelOptimizer] Evaluating parameters: VectorD(8.00000,	6.00000,	-4.00000,	0.800000,	0.326658)

======================================================================
TRAFFIC MODEL BUILDER SUMMARY
======================================================================
Network:      US-101-N-DonaldDoyle
Segments:     7
Lanes:        4
Junctions:    8
Ramps:        2
Sensors:      5
Mode:         PeMS Data-Driven
Car-Following: Gipps
ODE Solver:   Ballistic
Vmax:         35.0 m/s
======================================================================
Skipping Source actor due to time limit at clock = 43201.00125327633
Skipping Source actor due to time limit at clock = 43210.6788297557
-----------------------------
| Model.cleanup in progress |
-----------------------------
cleanup: agenda
cleanup: wait queues
coroutine counts = (16134390,16133310,16132769)
[ModelOptimizer] Fitness: 4.8075 | Elapsed: 44.77 sec
[ModelOptimizer] Evaluating parameters: VectorD(8.00000,	6.00000,	-2.62617,	3.15749,	1.26815)

======================================================================
TRAFFIC MODEL BUILDER SUMMARY
======================================================================
Network:      US-101-N-DonaldDoyle
Segments:     7
Lanes:        4
Junctions:    8
Ramps:        2
Sensors:      5
Mode:         PeMS Data-Driven
Car-Following: Gipps
ODE Solver:   Ballistic
Vmax:         35.0 m/s
======================================================================
Skipping Source actor due to time limit at clock = 43201.00125327633
Skipping Source actor due to time limit at clock = 43210.6788297557
-----------------------------
| Model.cleanup in progress |
-----------------------------
cleanup: agenda
cleanup: wait queues
coroutine counts = (16194147,16193063,16192520)
[ModelOptimizer] Fitness: 4.0685 | Elapsed: 19.47 sec
[ModelOptimizer] Evaluating parameters: VectorD(8.00000,	6.00000,	-0.500000,	5.00000,	0.200000)

======================================================================
TRAFFIC MODEL BUILDER SUMMARY
======================================================================
Network:      US-101-N-DonaldDoyle
Segments:     7
Lanes:        4
Junctions:    8
Ramps:        2
Sensors:      5
Mode:         PeMS Data-Driven
Car-Following: Gipps
ODE Solver:   Ballistic
Vmax:         35.0 m/s
======================================================================
Skipping Source actor due to time limit at clock = 43201.00125327633
Skipping Source actor due to time limit at clock = 43210.6788297557
-----------------------------
| Model.cleanup in progress |
-----------------------------
cleanup: agenda
cleanup: wait queues
coroutine counts = (16253904,16252816,16252271)
[ModelOptimizer] Fitness: 8.6656 | Elapsed: 113.84 sec
[ModelOptimizer] Evaluating parameters: VectorD(8.00000,	6.00000,	-3.45523,	0.800000,	2.00000)

======================================================================
TRAFFIC MODEL BUILDER SUMMARY
======================================================================
Network:      US-101-N-DonaldDoyle
Segments:     7
Lanes:        4
Junctions:    8
Ramps:        2
Sensors:      5
Mode:         PeMS Data-Driven
Car-Following: Gipps
ODE Solver:   Ballistic
Vmax:         35.0 m/s
======================================================================
Skipping Source actor due to time limit at clock = 43201.00125327633
Skipping Source actor due to time limit at clock = 43210.6788297557
-----------------------------
| Model.cleanup in progress |
-----------------------------
cleanup: agenda
cleanup: wait queues
coroutine counts = (16313661,16312569,16312022)
[ModelOptimizer] Fitness: 2.5380 | Elapsed: 15.97 sec
[ModelOptimizer] Evaluating parameters: VectorD(8.00000,	6.00000,	-4.00000,	3.99908,	2.00000)

======================================================================
TRAFFIC MODEL BUILDER SUMMARY
======================================================================
Network:      US-101-N-DonaldDoyle
Segments:     7
Lanes:        4
Junctions:    8
Ramps:        2
Sensors:      5
Mode:         PeMS Data-Driven
Car-Following: Gipps
ODE Solver:   Ballistic
Vmax:         35.0 m/s
======================================================================
Skipping Source actor due to time limit at clock = 43201.00125327633
Skipping Source actor due to time limit at clock = 43210.6788297557
-----------------------------
| Model.cleanup in progress |
-----------------------------
cleanup: agenda
cleanup: wait queues
coroutine counts = (16373418,16372322,16371773)
[ModelOptimizer] Fitness: 2.2518 | Elapsed: 16.03 sec
[ModelOptimizer] Evaluating parameters: VectorD(8.00000,	6.00000,	-4.00000,	0.800000,	2.00000)

======================================================================
TRAFFIC MODEL BUILDER SUMMARY
======================================================================
Network:      US-101-N-DonaldDoyle
Segments:     7
Lanes:        4
Junctions:    8
Ramps:        2
Sensors:      5
Mode:         PeMS Data-Driven
Car-Following: Gipps
ODE Solver:   Ballistic
Vmax:         35.0 m/s
======================================================================
Skipping Source actor due to time limit at clock = 43201.00125327633
Skipping Source actor due to time limit at clock = 43210.6788297557
-----------------------------
| Model.cleanup in progress |
-----------------------------
cleanup: agenda
cleanup: wait queues
coroutine counts = (16433175,16432075,16431524)
[ModelOptimizer] Fitness: 2.2518 | Elapsed: 16.01 sec
[ModelOptimizer] Evaluating parameters: VectorD(8.00000,	6.00000,	-0.500000,	5.00000,	0.200000)

======================================================================
TRAFFIC MODEL BUILDER SUMMARY
======================================================================
Network:      US-101-N-DonaldDoyle
Segments:     7
Lanes:        4
Junctions:    8
Ramps:        2
Sensors:      5
Mode:         PeMS Data-Driven
Car-Following: Gipps
ODE Solver:   Ballistic
Vmax:         35.0 m/s
======================================================================
Skipping Source actor due to time limit at clock = 43201.00125327633
Skipping Source actor due to time limit at clock = 43210.6788297557
-----------------------------
| Model.cleanup in progress |
-----------------------------
cleanup: agenda
cleanup: wait queues
coroutine counts = (16492932,16491828,16491275)
[ModelOptimizer] Fitness: 8.6656 | Elapsed: 114.50 sec
[ModelOptimizer] Evaluating parameters: VectorD(8.00000,	6.00000,	-4.00000,	0.800000,	2.00000)

======================================================================
TRAFFIC MODEL BUILDER SUMMARY
======================================================================
Network:      US-101-N-DonaldDoyle
Segments:     7
Lanes:        4
Junctions:    8
Ramps:        2
Sensors:      5
Mode:         PeMS Data-Driven
Car-Following: Gipps
ODE Solver:   Ballistic
Vmax:         35.0 m/s
======================================================================
Skipping Source actor due to time limit at clock = 43201.00125327633
Skipping Source actor due to time limit at clock = 43210.6788297557
-----------------------------
| Model.cleanup in progress |
-----------------------------
cleanup: agenda
cleanup: wait queues
coroutine counts = (16552689,16551581,16551026)
[ModelOptimizer] Fitness: 2.2518 | Elapsed: 15.84 sec
[ModelOptimizer] Evaluating parameters: VectorD(8.00000,	6.00000,	-2.74971,	5.00000,	0.200000)

======================================================================
TRAFFIC MODEL BUILDER SUMMARY
======================================================================
Network:      US-101-N-DonaldDoyle
Segments:     7
Lanes:        4
Junctions:    8
Ramps:        2
Sensors:      5
Mode:         PeMS Data-Driven
Car-Following: Gipps
ODE Solver:   Ballistic
Vmax:         35.0 m/s
======================================================================
Skipping Source actor due to time limit at clock = 43201.00125327633
Skipping Source actor due to time limit at clock = 43210.6788297557
-----------------------------
| Model.cleanup in progress |
-----------------------------
cleanup: agenda
cleanup: wait queues
coroutine counts = (16612446,16611334,16610777)
[ModelOptimizer] Fitness: 5.8488 | Elapsed: 75.46 sec
[ModelOptimizer] Evaluating parameters: VectorD(6.15219,	6.00000,	-0.500000,	5.00000,	2.00000)

======================================================================
TRAFFIC MODEL BUILDER SUMMARY
======================================================================
Network:      US-101-N-DonaldDoyle
Segments:     7
Lanes:        4
Junctions:    8
Ramps:        2
Sensors:      5
Mode:         PeMS Data-Driven
Car-Following: Gipps
ODE Solver:   Ballistic
Vmax:         35.0 m/s
======================================================================
Skipping Source actor due to time limit at clock = 43201.00125327633
Skipping Source actor due to time limit at clock = 43210.6788297557
-----------------------------
| Model.cleanup in progress |
-----------------------------
cleanup: agenda
cleanup: wait queues
coroutine counts = (16672203,16671087,16670527)
[ModelOptimizer] Fitness: NaN | Elapsed: 17.64 sec
[ModelOptimizer] Evaluating parameters: VectorD(8.00000,	6.00000,	-3.85599,	5.00000,	0.200000)

======================================================================
TRAFFIC MODEL BUILDER SUMMARY
======================================================================
Network:      US-101-N-DonaldDoyle
Segments:     7
Lanes:        4
Junctions:    8
Ramps:        2
Sensors:      5
Mode:         PeMS Data-Driven
Car-Following: Gipps
ODE Solver:   Ballistic
Vmax:         35.0 m/s
======================================================================
Skipping Source actor due to time limit at clock = 43201.00125327633
Skipping Source actor due to time limit at clock = 43210.6788297557
-----------------------------
| Model.cleanup in progress |
-----------------------------
cleanup: agenda
cleanup: wait queues
coroutine counts = (16731960,16730840,16730278)
[ModelOptimizer] Fitness: 4.9874 | Elapsed: 66.92 sec
[ModelOptimizer] Evaluating parameters: VectorD(5.40211,	6.00000,	-4.00000,	5.00000,	0.200000)

======================================================================
TRAFFIC MODEL BUILDER SUMMARY
======================================================================
Network:      US-101-N-DonaldDoyle
Segments:     7
Lanes:        4
Junctions:    8
Ramps:        2
Sensors:      5
Mode:         PeMS Data-Driven
Car-Following: Gipps
ODE Solver:   Ballistic
Vmax:         35.0 m/s
======================================================================
Skipping Source actor due to time limit at clock = 43201.00125327633
Skipping Source actor due to time limit at clock = 43210.6788297557
-----------------------------
| Model.cleanup in progress |
-----------------------------
cleanup: agenda
cleanup: wait queues
coroutine counts = (16791717,16790593,16790029)
[ModelOptimizer] Fitness: 4.9154 | Elapsed: 67.12 sec
[ModelOptimizer] Evaluating parameters: VectorD(8.00000,	6.00000,	-4.00000,	5.00000,	0.200000)

======================================================================
TRAFFIC MODEL BUILDER SUMMARY
======================================================================
Network:      US-101-N-DonaldDoyle
Segments:     7
Lanes:        4
Junctions:    8
Ramps:        2
Sensors:      5
Mode:         PeMS Data-Driven
Car-Following: Gipps
ODE Solver:   Ballistic
Vmax:         35.0 m/s
======================================================================
Skipping Source actor due to time limit at clock = 43201.00125327633
Skipping Source actor due to time limit at clock = 43210.6788297557
-----------------------------
| Model.cleanup in progress |
-----------------------------
cleanup: agenda
cleanup: wait queues
coroutine counts = (16851474,16850346,16849780)
[ModelOptimizer] Fitness: 4.9154 | Elapsed: 66.71 sec
[ModelOptimizer] Evaluating parameters: VectorD(8.00000,	6.00000,	-2.69881,	3.30984,	2.00000)

======================================================================
TRAFFIC MODEL BUILDER SUMMARY
======================================================================
Network:      US-101-N-DonaldDoyle
Segments:     7
Lanes:        4
Junctions:    8
Ramps:        2
Sensors:      5
Mode:         PeMS Data-Driven
Car-Following: Gipps
ODE Solver:   Ballistic
Vmax:         35.0 m/s
======================================================================
Skipping Source actor due to time limit at clock = 43201.00125327633
Skipping Source actor due to time limit at clock = 43210.6788297557
-----------------------------
| Model.cleanup in progress |
-----------------------------
cleanup: agenda
cleanup: wait queues
coroutine counts = (16911231,16910099,16909531)
[ModelOptimizer] Fitness: 3.1051 | Elapsed: 16.19 sec
[ModelOptimizer] Evaluating parameters: VectorD(1.00000,	6.00000,	-4.00000,	0.800000,	2.00000)

======================================================================
TRAFFIC MODEL BUILDER SUMMARY
======================================================================
Network:      US-101-N-DonaldDoyle
Segments:     7
Lanes:        4
Junctions:    8
Ramps:        2
Sensors:      5
Mode:         PeMS Data-Driven
Car-Following: Gipps
ODE Solver:   Ballistic
Vmax:         35.0 m/s
======================================================================
Skipping Source actor due to time limit at clock = 43201.00125327633
Skipping Source actor due to time limit at clock = 43210.6788297557
-----------------------------
| Model.cleanup in progress |
-----------------------------
cleanup: agenda
cleanup: wait queues
coroutine counts = (16970988,16969852,16969282)
[ModelOptimizer] Fitness: 2.2518 | Elapsed: 16.03 sec
[ModelOptimizer] Evaluating parameters: VectorD(8.00000,	6.00000,	-4.00000,	5.00000,	1.61471)

======================================================================
TRAFFIC MODEL BUILDER SUMMARY
======================================================================
Network:      US-101-N-DonaldDoyle
Segments:     7
Lanes:        4
Junctions:    8
Ramps:        2
Sensors:      5
Mode:         PeMS Data-Driven
Car-Following: Gipps
ODE Solver:   Ballistic
Vmax:         35.0 m/s
======================================================================
Skipping Source actor due to time limit at clock = 43201.00125327633
Skipping Source actor due to time limit at clock = 43210.6788297557
-----------------------------
| Model.cleanup in progress |
-----------------------------
cleanup: agenda
cleanup: wait queues
coroutine counts = (17030745,17029605,17029033)
[ModelOptimizer] Fitness: 2.8015 | Elapsed: 17.26 sec
[ModelOptimizer] Evaluating parameters: VectorD(1.00000,	6.00000,	-4.00000,	0.800000,	2.00000)

======================================================================
TRAFFIC MODEL BUILDER SUMMARY
======================================================================
Network:      US-101-N-DonaldDoyle
Segments:     7
Lanes:        4
Junctions:    8
Ramps:        2
Sensors:      5
Mode:         PeMS Data-Driven
Car-Following: Gipps
ODE Solver:   Ballistic
Vmax:         35.0 m/s
======================================================================
Skipping Source actor due to time limit at clock = 43201.00125327633
Skipping Source actor due to time limit at clock = 43210.6788297557
-----------------------------
| Model.cleanup in progress |
-----------------------------
cleanup: agenda
cleanup: wait queues
coroutine counts = (17090502,17089358,17088784)
[ModelOptimizer] Fitness: 2.2518 | Elapsed: 16.01 sec
[ModelOptimizer] Evaluating parameters: VectorD(8.00000,	6.00000,	-4.00000,	0.800000,	0.355872)

======================================================================
TRAFFIC MODEL BUILDER SUMMARY
======================================================================
Network:      US-101-N-DonaldDoyle
Segments:     7
Lanes:        4
Junctions:    8
Ramps:        2
Sensors:      5
Mode:         PeMS Data-Driven
Car-Following: Gipps
ODE Solver:   Ballistic
Vmax:         35.0 m/s
======================================================================
Skipping Source actor due to time limit at clock = 43201.00125327633
Skipping Source actor due to time limit at clock = 43210.6788297557
-----------------------------
| Model.cleanup in progress |
-----------------------------
cleanup: agenda
cleanup: wait queues
coroutine counts = (17150259,17149111,17148535)
[ModelOptimizer] Fitness: 4.8343 | Elapsed: 42.50 sec
[ModelOptimizer] Evaluating parameters: VectorD(8.00000,	6.00000,	-4.00000,	1.55022,	0.200000)

======================================================================
TRAFFIC MODEL BUILDER SUMMARY
======================================================================
Network:      US-101-N-DonaldDoyle
Segments:     7
Lanes:        4
Junctions:    8
Ramps:        2
Sensors:      5
Mode:         PeMS Data-Driven
Car-Following: Gipps
ODE Solver:   Ballistic
Vmax:         35.0 m/s
======================================================================
Skipping Source actor due to time limit at clock = 43201.00125327633
Skipping Source actor due to time limit at clock = 43210.6788297557
-----------------------------
| Model.cleanup in progress |
-----------------------------
cleanup: agenda
cleanup: wait queues
coroutine counts = (17210016,17208864,17208286)
[ModelOptimizer] Fitness: 4.9154 | Elapsed: 68.62 sec
[ModelOptimizer] Evaluating parameters: VectorD(8.00000,	6.00000,	-4.00000,	0.800000,	0.355872)

======================================================================
TRAFFIC MODEL BUILDER SUMMARY
======================================================================
Network:      US-101-N-DonaldDoyle
Segments:     7
Lanes:        4
Junctions:    8
Ramps:        2
Sensors:      5
Mode:         PeMS Data-Driven
Car-Following: Gipps
ODE Solver:   Ballistic
Vmax:         35.0 m/s
======================================================================
Skipping Source actor due to time limit at clock = 43201.00125327633
Skipping Source actor due to time limit at clock = 43210.6788297557
-----------------------------
| Model.cleanup in progress |
-----------------------------
cleanup: agenda
cleanup: wait queues
coroutine counts = (17269773,17268617,17268037)
[ModelOptimizer] Fitness: 4.8343 | Elapsed: 45.85 sec
[ModelOptimizer] Evaluating parameters: VectorD(1.00000,	5.88018,	-0.500000,	5.00000,	1.24702)

======================================================================
TRAFFIC MODEL BUILDER SUMMARY
======================================================================
Network:      US-101-N-DonaldDoyle
Segments:     7
Lanes:        4
Junctions:    8
Ramps:        2
Sensors:      5
Mode:         PeMS Data-Driven
Car-Following: Gipps
ODE Solver:   Ballistic
Vmax:         35.0 m/s
======================================================================
Skipping Source actor due to time limit at clock = 43201.00125327633
Skipping Source actor due to time limit at clock = 43210.6788297557
-----------------------------
| Model.cleanup in progress |
-----------------------------
cleanup: agenda
cleanup: wait queues
coroutine counts = (17329530,17328370,17327788)
[ModelOptimizer] Fitness: 8.2542 | Elapsed: 27.94 sec
[ModelOptimizer] Evaluating parameters: VectorD(7.36549,	6.00000,	-4.00000,	5.00000,	0.390521)

======================================================================
TRAFFIC MODEL BUILDER SUMMARY
======================================================================
Network:      US-101-N-DonaldDoyle
Segments:     7
Lanes:        4
Junctions:    8
Ramps:        2
Sensors:      5
Mode:         PeMS Data-Driven
Car-Following: Gipps
ODE Solver:   Ballistic
Vmax:         35.0 m/s
======================================================================
Skipping Source actor due to time limit at clock = 43201.00125327633
Skipping Source actor due to time limit at clock = 43210.6788297557
-----------------------------
| Model.cleanup in progress |
-----------------------------
cleanup: agenda
cleanup: wait queues
coroutine counts = (17389287,17388123,17387539)
[ModelOptimizer] Fitness: 4.7772 | Elapsed: 42.67 sec
[ModelOptimizer] Evaluating parameters: VectorD(8.00000,	6.00000,	-4.00000,	0.800000,	1.62655)

======================================================================
TRAFFIC MODEL BUILDER SUMMARY
======================================================================
Network:      US-101-N-DonaldDoyle
Segments:     7
Lanes:        4
Junctions:    8
Ramps:        2
Sensors:      5
Mode:         PeMS Data-Driven
Car-Following: Gipps
ODE Solver:   Ballistic
Vmax:         35.0 m/s
======================================================================
Skipping Source actor due to time limit at clock = 43201.00125327633
Skipping Source actor due to time limit at clock = 43210.6788297557
-----------------------------
| Model.cleanup in progress |
-----------------------------
cleanup: agenda
cleanup: wait queues
coroutine counts = (17449044,17447876,17447290)
[ModelOptimizer] Fitness: 2.7373 | Elapsed: 18.51 sec
[ModelOptimizer] Evaluating parameters: VectorD(2.89140,	6.00000,	-0.500000,	0.800000,	2.00000)

======================================================================
TRAFFIC MODEL BUILDER SUMMARY
======================================================================
Network:      US-101-N-DonaldDoyle
Segments:     7
Lanes:        4
Junctions:    8
Ramps:        2
Sensors:      5
Mode:         PeMS Data-Driven
Car-Following: Gipps
ODE Solver:   Ballistic
Vmax:         35.0 m/s
======================================================================
Skipping Source actor due to time limit at clock = 43201.00125327633
Skipping Source actor due to time limit at clock = 43210.6788297557
-----------------------------
| Model.cleanup in progress |
-----------------------------
cleanup: agenda
cleanup: wait queues
coroutine counts = (17508801,17507629,17507041)
[ModelOptimizer] Fitness: NaN | Elapsed: 19.95 sec
[ModelOptimizer] Evaluating parameters: VectorD(8.00000,	6.00000,	-4.00000,	3.71290,	0.486488)

======================================================================
TRAFFIC MODEL BUILDER SUMMARY
======================================================================
Network:      US-101-N-DonaldDoyle
Segments:     7
Lanes:        4
Junctions:    8
Ramps:        2
Sensors:      5
Mode:         PeMS Data-Driven
Car-Following: Gipps
ODE Solver:   Ballistic
Vmax:         35.0 m/s
======================================================================
Skipping Source actor due to time limit at clock = 43201.00125327633
Skipping Source actor due to time limit at clock = 43210.6788297557
-----------------------------
| Model.cleanup in progress |
-----------------------------
cleanup: agenda
cleanup: wait queues
coroutine counts = (17568558,17567382,17566792)
[ModelOptimizer] Fitness: 4.6565 | Elapsed: 36.69 sec
[ModelOptimizer] Evaluating parameters: VectorD(8.00000,	6.00000,	-4.00000,	5.00000,	0.200000)

======================================================================
TRAFFIC MODEL BUILDER SUMMARY
======================================================================
Network:      US-101-N-DonaldDoyle
Segments:     7
Lanes:        4
Junctions:    8
Ramps:        2
Sensors:      5
Mode:         PeMS Data-Driven
Car-Following: Gipps
ODE Solver:   Ballistic
Vmax:         35.0 m/s
======================================================================
Skipping Source actor due to time limit at clock = 43201.00125327633
Skipping Source actor due to time limit at clock = 43210.6788297557
-----------------------------
| Model.cleanup in progress |
-----------------------------
cleanup: agenda
cleanup: wait queues
coroutine counts = (17628315,17627135,17626543)
[ModelOptimizer] Fitness: 4.9154 | Elapsed: 69.88 sec
[ModelOptimizer] Evaluating parameters: VectorD(8.00000,	6.00000,	-4.00000,	3.71290,	0.486488)

======================================================================
TRAFFIC MODEL BUILDER SUMMARY
======================================================================
Network:      US-101-N-DonaldDoyle
Segments:     7
Lanes:        4
Junctions:    8
Ramps:        2
Sensors:      5
Mode:         PeMS Data-Driven
Car-Following: Gipps
ODE Solver:   Ballistic
Vmax:         35.0 m/s
======================================================================
Skipping Source actor due to time limit at clock = 43201.00125327633
Skipping Source actor due to time limit at clock = 43210.6788297557
-----------------------------
| Model.cleanup in progress |
-----------------------------
cleanup: agenda
cleanup: wait queues
coroutine counts = (17688072,17686888,17686294)
[ModelOptimizer] Fitness: 4.6565 | Elapsed: 35.95 sec
[ModelOptimizer] Evaluating parameters: VectorD(8.00000,	6.00000,	-4.00000,	0.800000,	2.00000)

======================================================================
TRAFFIC MODEL BUILDER SUMMARY
======================================================================
Network:      US-101-N-DonaldDoyle
Segments:     7
Lanes:        4
Junctions:    8
Ramps:        2
Sensors:      5
Mode:         PeMS Data-Driven
Car-Following: Gipps
ODE Solver:   Ballistic
Vmax:         35.0 m/s
======================================================================
Skipping Source actor due to time limit at clock = 43201.00125327633
Skipping Source actor due to time limit at clock = 43210.6788297557
-----------------------------
| Model.cleanup in progress |
-----------------------------
cleanup: agenda
cleanup: wait queues
coroutine counts = (17747829,17746641,17746045)
[ModelOptimizer] Fitness: 2.2518 | Elapsed: 18.01 sec
[ModelOptimizer] Evaluating parameters: VectorD(8.00000,	6.00000,	-4.00000,	2.69779,	1.95013)

======================================================================
TRAFFIC MODEL BUILDER SUMMARY
======================================================================
Network:      US-101-N-DonaldDoyle
Segments:     7
Lanes:        4
Junctions:    8
Ramps:        2
Sensors:      5
Mode:         PeMS Data-Driven
Car-Following: Gipps
ODE Solver:   Ballistic
Vmax:         35.0 m/s
======================================================================
Skipping Source actor due to time limit at clock = 43201.00125327633
Skipping Source actor due to time limit at clock = 43210.6788297557
-----------------------------
| Model.cleanup in progress |
-----------------------------
cleanup: agenda
cleanup: wait queues
coroutine counts = (17807586,17806394,17805796)
[ModelOptimizer] Fitness: 2.2347 | Elapsed: 18.10 sec
       6 |      2.23470146 |      2.23470146 |      15.0% ✓
[ModelOptimizer] Evaluating parameters: VectorD(1.00000,	6.00000,	-2.68548,	0.800000,	2.00000)

======================================================================
TRAFFIC MODEL BUILDER SUMMARY
======================================================================
Network:      US-101-N-DonaldDoyle
Segments:     7
Lanes:        4
Junctions:    8
Ramps:        2
Sensors:      5
Mode:         PeMS Data-Driven
Car-Following: Gipps
ODE Solver:   Ballistic
Vmax:         35.0 m/s
======================================================================
Skipping Source actor due to time limit at clock = 43201.00125327633
Skipping Source actor due to time limit at clock = 43210.6788297557
-----------------------------
| Model.cleanup in progress |
-----------------------------
cleanup: agenda
cleanup: wait queues
coroutine counts = (17867343,17866147,17865547)
[ModelOptimizer] Fitness: 3.1350 | Elapsed: 19.21 sec
[ModelOptimizer] Evaluating parameters: VectorD(8.00000,	6.00000,	-4.00000,	0.800000,	2.00000)

======================================================================
TRAFFIC MODEL BUILDER SUMMARY
======================================================================
Network:      US-101-N-DonaldDoyle
Segments:     7
Lanes:        4
Junctions:    8
Ramps:        2
Sensors:      5
Mode:         PeMS Data-Driven
Car-Following: Gipps
ODE Solver:   Ballistic
Vmax:         35.0 m/s
======================================================================
Skipping Source actor due to time limit at clock = 43201.00125327633
Skipping Source actor due to time limit at clock = 43210.6788297557
-----------------------------
| Model.cleanup in progress |
-----------------------------
cleanup: agenda
cleanup: wait queues
coroutine counts = (17927100,17925900,17925298)
[ModelOptimizer] Fitness: 2.2518 | Elapsed: 18.33 sec
[ModelOptimizer] Evaluating parameters: VectorD(1.64441,	6.00000,	-0.500000,	5.00000,	0.200000)

======================================================================
TRAFFIC MODEL BUILDER SUMMARY
======================================================================
Network:      US-101-N-DonaldDoyle
Segments:     7
Lanes:        4
Junctions:    8
Ramps:        2
Sensors:      5
Mode:         PeMS Data-Driven
Car-Following: Gipps
ODE Solver:   Ballistic
Vmax:         35.0 m/s
======================================================================
Skipping Source actor due to time limit at clock = 43201.00125327633
Skipping Source actor due to time limit at clock = 43210.6788297557
-----------------------------
| Model.cleanup in progress |
-----------------------------
cleanup: agenda
cleanup: wait queues
coroutine counts = (17986857,17985653,17985049)
[ModelOptimizer] Fitness: 8.6656 | Elapsed: 121.43 sec
[ModelOptimizer] Evaluating parameters: VectorD(4.97885,	6.00000,	-4.00000,	0.800000,	2.00000)

======================================================================
TRAFFIC MODEL BUILDER SUMMARY
======================================================================
Network:      US-101-N-DonaldDoyle
Segments:     7
Lanes:        4
Junctions:    8
Ramps:        2
Sensors:      5
Mode:         PeMS Data-Driven
Car-Following: Gipps
ODE Solver:   Ballistic
Vmax:         35.0 m/s
======================================================================
Skipping Source actor due to time limit at clock = 43201.00125327633
Skipping Source actor due to time limit at clock = 43210.6788297557
-----------------------------
| Model.cleanup in progress |
-----------------------------
cleanup: agenda
cleanup: wait queues
coroutine counts = (18046614,18045406,18044800)
[ModelOptimizer] Fitness: 2.2518 | Elapsed: 17.53 sec
[ModelOptimizer] Evaluating parameters: VectorD(6.68733,	5.40073,	-0.500000,	0.800000,	2.00000)

======================================================================
TRAFFIC MODEL BUILDER SUMMARY
======================================================================
Network:      US-101-N-DonaldDoyle
Segments:     7
Lanes:        4
Junctions:    8
Ramps:        2
Sensors:      5
Mode:         PeMS Data-Driven
Car-Following: Gipps
ODE Solver:   Ballistic
Vmax:         35.0 m/s
======================================================================
Skipping Source actor due to time limit at clock = 43201.00125327633
Skipping Source actor due to time limit at clock = 43210.6788297557
-----------------------------
| Model.cleanup in progress |
-----------------------------
cleanup: agenda
cleanup: wait queues
coroutine counts = (18106371,18105159,18104551)
[ModelOptimizer] Fitness: 7.3068 | Elapsed: 20.57 sec
[ModelOptimizer] Evaluating parameters: VectorD(8.00000,	6.00000,	-4.00000,	5.00000,	2.00000)

======================================================================
TRAFFIC MODEL BUILDER SUMMARY
======================================================================
Network:      US-101-N-DonaldDoyle
Segments:     7
Lanes:        4
Junctions:    8
Ramps:        2
Sensors:      5
Mode:         PeMS Data-Driven
Car-Following: Gipps
ODE Solver:   Ballistic
Vmax:         35.0 m/s
======================================================================
Skipping Source actor due to time limit at clock = 43201.00125327633
Skipping Source actor due to time limit at clock = 43210.6788297557
-----------------------------
| Model.cleanup in progress |
-----------------------------
cleanup: agenda
cleanup: wait queues
coroutine counts = (18166128,18164912,18164302)
[ModelOptimizer] Fitness: 2.2518 | Elapsed: 19.63 sec
[ModelOptimizer] Evaluating parameters: VectorD(8.00000,	6.00000,	-0.500000,	2.09744,	2.00000)

======================================================================
TRAFFIC MODEL BUILDER SUMMARY
======================================================================
Network:      US-101-N-DonaldDoyle
Segments:     7
Lanes:        4
Junctions:    8
Ramps:        2
Sensors:      5
Mode:         PeMS Data-Driven
Car-Following: Gipps
ODE Solver:   Ballistic
Vmax:         35.0 m/s
======================================================================
Skipping Source actor due to time limit at clock = 43201.00125327633
Skipping Source actor due to time limit at clock = 43210.6788297557
-----------------------------
| Model.cleanup in progress |
-----------------------------
cleanup: agenda
cleanup: wait queues
coroutine counts = (18225885,18224665,18224053)
[ModelOptimizer] Fitness: NaN | Elapsed: 19.20 sec
[ModelOptimizer] Evaluating parameters: VectorD(6.43126,	6.00000,	-0.500000,	3.93580,	2.00000)

======================================================================
TRAFFIC MODEL BUILDER SUMMARY
======================================================================
Network:      US-101-N-DonaldDoyle
Segments:     7
Lanes:        4
Junctions:    8
Ramps:        2
Sensors:      5
Mode:         PeMS Data-Driven
Car-Following: Gipps
ODE Solver:   Ballistic
Vmax:         35.0 m/s
======================================================================
Skipping Source actor due to time limit at clock = 43201.00125327633
Skipping Source actor due to time limit at clock = 43210.6788297557
-----------------------------
| Model.cleanup in progress |
-----------------------------
cleanup: agenda
cleanup: wait queues
coroutine counts = (18285642,18284418,18283804)
[ModelOptimizer] Fitness: NaN | Elapsed: 19.82 sec
[ModelOptimizer] Evaluating parameters: VectorD(8.00000,	6.00000,	-4.00000,	5.00000,	0.200000)

======================================================================
TRAFFIC MODEL BUILDER SUMMARY
======================================================================
Network:      US-101-N-DonaldDoyle
Segments:     7
Lanes:        4
Junctions:    8
Ramps:        2
Sensors:      5
Mode:         PeMS Data-Driven
Car-Following: Gipps
ODE Solver:   Ballistic
Vmax:         35.0 m/s
======================================================================
Skipping Source actor due to time limit at clock = 43201.00125327633
Skipping Source actor due to time limit at clock = 43210.6788297557
-----------------------------
| Model.cleanup in progress |
-----------------------------
cleanup: agenda
cleanup: wait queues
coroutine counts = (18345399,18344171,18343555)
[ModelOptimizer] Fitness: 4.9154 | Elapsed: 69.19 sec
[ModelOptimizer] Evaluating parameters: VectorD(3.49995,	6.00000,	-4.00000,	0.800000,	2.00000)

======================================================================
TRAFFIC MODEL BUILDER SUMMARY
======================================================================
Network:      US-101-N-DonaldDoyle
Segments:     7
Lanes:        4
Junctions:    8
Ramps:        2
Sensors:      5
Mode:         PeMS Data-Driven
Car-Following: Gipps
ODE Solver:   Ballistic
Vmax:         35.0 m/s
======================================================================
Skipping Source actor due to time limit at clock = 43201.00125327633
Skipping Source actor due to time limit at clock = 43210.6788297557
-----------------------------
| Model.cleanup in progress |
-----------------------------
cleanup: agenda
cleanup: wait queues
coroutine counts = (18405156,18403924,18403306)
[ModelOptimizer] Fitness: 2.2518 | Elapsed: 15.96 sec
[ModelOptimizer] Evaluating parameters: VectorD(8.00000,	6.00000,	-4.00000,	4.23774,	1.80974)

======================================================================
TRAFFIC MODEL BUILDER SUMMARY
======================================================================
Network:      US-101-N-DonaldDoyle
Segments:     7
Lanes:        4
Junctions:    8
Ramps:        2
Sensors:      5
Mode:         PeMS Data-Driven
Car-Following: Gipps
ODE Solver:   Ballistic
Vmax:         35.0 m/s
======================================================================
Skipping Source actor due to time limit at clock = 43201.00125327633
Skipping Source actor due to time limit at clock = 43210.6788297557
-----------------------------
| Model.cleanup in progress |
-----------------------------
cleanup: agenda
cleanup: wait queues
coroutine counts = (18464913,18463677,18463057)
[ModelOptimizer] Fitness: 2.4975 | Elapsed: 16.58 sec
[ModelOptimizer] Evaluating parameters: VectorD(8.00000,	6.00000,	-4.00000,	5.00000,	0.200000)

======================================================================
TRAFFIC MODEL BUILDER SUMMARY
======================================================================
Network:      US-101-N-DonaldDoyle
Segments:     7
Lanes:        4
Junctions:    8
Ramps:        2
Sensors:      5
Mode:         PeMS Data-Driven
Car-Following: Gipps
ODE Solver:   Ballistic
Vmax:         35.0 m/s
======================================================================
Skipping Source actor due to time limit at clock = 43201.00125327633
Skipping Source actor due to time limit at clock = 43210.6788297557
-----------------------------
| Model.cleanup in progress |
-----------------------------
cleanup: agenda
cleanup: wait queues
coroutine counts = (18524670,18523430,18522808)
[ModelOptimizer] Fitness: 4.9154 | Elapsed: 65.12 sec
[ModelOptimizer] Evaluating parameters: VectorD(8.00000,	6.00000,	-4.00000,	4.23774,	1.80974)

======================================================================
TRAFFIC MODEL BUILDER SUMMARY
======================================================================
Network:      US-101-N-DonaldDoyle
Segments:     7
Lanes:        4
Junctions:    8
Ramps:        2
Sensors:      5
Mode:         PeMS Data-Driven
Car-Following: Gipps
ODE Solver:   Ballistic
Vmax:         35.0 m/s
======================================================================
Skipping Source actor due to time limit at clock = 43201.00125327633
Skipping Source actor due to time limit at clock = 43210.6788297557
-----------------------------
| Model.cleanup in progress |
-----------------------------
cleanup: agenda
cleanup: wait queues
coroutine counts = (18584427,18583183,18582559)
[ModelOptimizer] Fitness: 2.4975 | Elapsed: 16.77 sec
[ModelOptimizer] Evaluating parameters: VectorD(7.63221,	6.00000,	-4.00000,	5.00000,	0.200000)

======================================================================
TRAFFIC MODEL BUILDER SUMMARY
======================================================================
Network:      US-101-N-DonaldDoyle
Segments:     7
Lanes:        4
Junctions:    8
Ramps:        2
Sensors:      5
Mode:         PeMS Data-Driven
Car-Following: Gipps
ODE Solver:   Ballistic
Vmax:         35.0 m/s
======================================================================
Skipping Source actor due to time limit at clock = 43201.00125327633
Skipping Source actor due to time limit at clock = 43210.6788297557
-----------------------------
| Model.cleanup in progress |
-----------------------------
cleanup: agenda
cleanup: wait queues
coroutine counts = (18644184,18642936,18642310)
[ModelOptimizer] Fitness: 4.9154 | Elapsed: 66.43 sec
[ModelOptimizer] Evaluating parameters: VectorD(3.36869,	6.00000,	-0.500000,	1.43496,	2.00000)

======================================================================
TRAFFIC MODEL BUILDER SUMMARY
======================================================================
Network:      US-101-N-DonaldDoyle
Segments:     7
Lanes:        4
Junctions:    8
Ramps:        2
Sensors:      5
Mode:         PeMS Data-Driven
Car-Following: Gipps
ODE Solver:   Ballistic
Vmax:         35.0 m/s
======================================================================
Skipping Source actor due to time limit at clock = 43201.00125327633
Skipping Source actor due to time limit at clock = 43210.6788297557
-----------------------------
| Model.cleanup in progress |
-----------------------------
cleanup: agenda
cleanup: wait queues
coroutine counts = (18703941,18702689,18702061)
[ModelOptimizer] Fitness: NaN | Elapsed: 17.59 sec
[ModelOptimizer] Evaluating parameters: VectorD(6.69799,	6.00000,	-0.500000,	5.00000,	1.62479)

======================================================================
TRAFFIC MODEL BUILDER SUMMARY
======================================================================
Network:      US-101-N-DonaldDoyle
Segments:     7
Lanes:        4
Junctions:    8
Ramps:        2
Sensors:      5
Mode:         PeMS Data-Driven
Car-Following: Gipps
ODE Solver:   Ballistic
Vmax:         35.0 m/s
======================================================================
Skipping Source actor due to time limit at clock = 43201.00125327633
Skipping Source actor due to time limit at clock = 43210.6788297557
-----------------------------
| Model.cleanup in progress |
-----------------------------
cleanup: agenda
cleanup: wait queues
coroutine counts = (18763698,18762442,18761812)
[ModelOptimizer] Fitness: 7.6081 | Elapsed: 33.59 sec
[ModelOptimizer] Evaluating parameters: VectorD(8.00000,	6.00000,	-2.62617,	3.15749,	1.26815)

======================================================================
TRAFFIC MODEL BUILDER SUMMARY
======================================================================
Network:      US-101-N-DonaldDoyle
Segments:     7
Lanes:        4
Junctions:    8
Ramps:        2
Sensors:      5
Mode:         PeMS Data-Driven
Car-Following: Gipps
ODE Solver:   Ballistic
Vmax:         35.0 m/s
======================================================================
Skipping Source actor due to time limit at clock = 43201.00125327633
Skipping Source actor due to time limit at clock = 43210.6788297557
-----------------------------
| Model.cleanup in progress |
-----------------------------
cleanup: agenda
cleanup: wait queues
coroutine counts = (18823455,18822195,18821563)
[ModelOptimizer] Fitness: 4.0685 | Elapsed: 19.97 sec
[ModelOptimizer] Evaluating parameters: VectorD(3.01311,	6.00000,	-0.500000,	0.800000,	2.00000)

======================================================================
TRAFFIC MODEL BUILDER SUMMARY
======================================================================
Network:      US-101-N-DonaldDoyle
Segments:     7
Lanes:        4
Junctions:    8
Ramps:        2
Sensors:      5
Mode:         PeMS Data-Driven
Car-Following: Gipps
ODE Solver:   Ballistic
Vmax:         35.0 m/s
======================================================================
Skipping Source actor due to time limit at clock = 43201.00125327633
Skipping Source actor due to time limit at clock = 43210.6788297557
-----------------------------
| Model.cleanup in progress |
-----------------------------
cleanup: agenda
cleanup: wait queues
coroutine counts = (18883212,18881948,18881314)
[ModelOptimizer] Fitness: NaN | Elapsed: 19.77 sec
[ModelOptimizer] Evaluating parameters: VectorD(8.00000,	6.00000,	-3.45523,	0.800000,	2.00000)

======================================================================
TRAFFIC MODEL BUILDER SUMMARY
======================================================================
Network:      US-101-N-DonaldDoyle
Segments:     7
Lanes:        4
Junctions:    8
Ramps:        2
Sensors:      5
Mode:         PeMS Data-Driven
Car-Following: Gipps
ODE Solver:   Ballistic
Vmax:         35.0 m/s
======================================================================
Skipping Source actor due to time limit at clock = 43201.00125327633
Skipping Source actor due to time limit at clock = 43210.6788297557
-----------------------------
| Model.cleanup in progress |
-----------------------------
cleanup: agenda
cleanup: wait queues
coroutine counts = (18942969,18941701,18941065)
[ModelOptimizer] Fitness: 2.5380 | Elapsed: 18.77 sec
[ModelOptimizer] Evaluating parameters: VectorD(1.00000,	6.00000,	-4.00000,	0.800000,	2.00000)

======================================================================
TRAFFIC MODEL BUILDER SUMMARY
======================================================================
Network:      US-101-N-DonaldDoyle
Segments:     7
Lanes:        4
Junctions:    8
Ramps:        2
Sensors:      5
Mode:         PeMS Data-Driven
Car-Following: Gipps
ODE Solver:   Ballistic
Vmax:         35.0 m/s
======================================================================
Skipping Source actor due to time limit at clock = 43201.00125327633
Skipping Source actor due to time limit at clock = 43210.6788297557
-----------------------------
| Model.cleanup in progress |
-----------------------------
cleanup: agenda
cleanup: wait queues
coroutine counts = (19002726,19001454,19000816)
[ModelOptimizer] Fitness: 2.2518 | Elapsed: 18.22 sec
[ModelOptimizer] Evaluating parameters: VectorD(8.00000,	6.00000,	-4.00000,	0.800000,	2.00000)

======================================================================
TRAFFIC MODEL BUILDER SUMMARY
======================================================================
Network:      US-101-N-DonaldDoyle
Segments:     7
Lanes:        4
Junctions:    8
Ramps:        2
Sensors:      5
Mode:         PeMS Data-Driven
Car-Following: Gipps
ODE Solver:   Ballistic
Vmax:         35.0 m/s
======================================================================
Skipping Source actor due to time limit at clock = 43201.00125327633
Skipping Source actor due to time limit at clock = 43210.6788297557
-----------------------------
| Model.cleanup in progress |
-----------------------------
cleanup: agenda
cleanup: wait queues
coroutine counts = (19062483,19061207,19060567)
[ModelOptimizer] Fitness: 2.2518 | Elapsed: 17.51 sec
[ModelOptimizer] Evaluating parameters: VectorD(7.50137,	6.00000,	-4.00000,	0.800000,	2.00000)

======================================================================
TRAFFIC MODEL BUILDER SUMMARY
======================================================================
Network:      US-101-N-DonaldDoyle
Segments:     7
Lanes:        4
Junctions:    8
Ramps:        2
Sensors:      5
Mode:         PeMS Data-Driven
Car-Following: Gipps
ODE Solver:   Ballistic
Vmax:         35.0 m/s
======================================================================
Skipping Source actor due to time limit at clock = 43201.00125327633
Skipping Source actor due to time limit at clock = 43210.6788297557
-----------------------------
| Model.cleanup in progress |
-----------------------------
cleanup: agenda
cleanup: wait queues
coroutine counts = (19122240,19120960,19120318)
[ModelOptimizer] Fitness: 2.2518 | Elapsed: 16.44 sec
[ModelOptimizer] Evaluating parameters: VectorD(8.00000,	6.00000,	-4.00000,	0.800000,	2.00000)

======================================================================
TRAFFIC MODEL BUILDER SUMMARY
======================================================================
Network:      US-101-N-DonaldDoyle
Segments:     7
Lanes:        4
Junctions:    8
Ramps:        2
Sensors:      5
Mode:         PeMS Data-Driven
Car-Following: Gipps
ODE Solver:   Ballistic
Vmax:         35.0 m/s
======================================================================
Skipping Source actor due to time limit at clock = 43201.00125327633
Skipping Source actor due to time limit at clock = 43210.6788297557
-----------------------------
| Model.cleanup in progress |
-----------------------------
cleanup: agenda
cleanup: wait queues
coroutine counts = (19181997,19180713,19180069)
[ModelOptimizer] Fitness: 2.2518 | Elapsed: 15.88 sec
[ModelOptimizer] Evaluating parameters: VectorD(6.38159,	0.913680,	-0.500000,	5.00000,	2.00000)

======================================================================
TRAFFIC MODEL BUILDER SUMMARY
======================================================================
Network:      US-101-N-DonaldDoyle
Segments:     7
Lanes:        4
Junctions:    8
Ramps:        2
Sensors:      5
Mode:         PeMS Data-Driven
Car-Following: Gipps
ODE Solver:   Ballistic
Vmax:         35.0 m/s
======================================================================
Skipping Source actor due to time limit at clock = 43201.00125327633
Skipping Source actor due to time limit at clock = 43210.6788297557
-----------------------------
| Model.cleanup in progress |
-----------------------------
cleanup: agenda
cleanup: wait queues
coroutine counts = (19241754,19240466,19239820)
[ModelOptimizer] Fitness: 8.1758 | Elapsed: 19.85 sec
[ModelOptimizer] Evaluating parameters: VectorD(6.15219,	6.00000,	-0.500000,	5.00000,	2.00000)

======================================================================
TRAFFIC MODEL BUILDER SUMMARY
======================================================================
Network:      US-101-N-DonaldDoyle
Segments:     7
Lanes:        4
Junctions:    8
Ramps:        2
Sensors:      5
Mode:         PeMS Data-Driven
Car-Following: Gipps
ODE Solver:   Ballistic
Vmax:         35.0 m/s
======================================================================
Skipping Source actor due to time limit at clock = 43201.00125327633
Skipping Source actor due to time limit at clock = 43210.6788297557
-----------------------------
| Model.cleanup in progress |
-----------------------------
cleanup: agenda
cleanup: wait queues
coroutine counts = (19301511,19300219,19299570)
[ModelOptimizer] Fitness: NaN | Elapsed: 17.82 sec
[ModelOptimizer] Evaluating parameters: VectorD(8.00000,	6.00000,	-0.500000,	2.38890,	2.00000)

======================================================================
TRAFFIC MODEL BUILDER SUMMARY
======================================================================
Network:      US-101-N-DonaldDoyle
Segments:     7
Lanes:        4
Junctions:    8
Ramps:        2
Sensors:      5
Mode:         PeMS Data-Driven
Car-Following: Gipps
ODE Solver:   Ballistic
Vmax:         35.0 m/s
======================================================================
Skipping Source actor due to time limit at clock = 43201.00125327633
Skipping Source actor due to time limit at clock = 43210.6788297557
-----------------------------
| Model.cleanup in progress |
-----------------------------
cleanup: agenda
cleanup: wait queues
coroutine counts = (19361268,19359972,19359321)
[ModelOptimizer] Fitness: NaN | Elapsed: 17.50 sec
[ModelOptimizer] Evaluating parameters: VectorD(5.40211,	6.00000,	-4.00000,	5.00000,	0.200000)

======================================================================
TRAFFIC MODEL BUILDER SUMMARY
======================================================================
Network:      US-101-N-DonaldDoyle
Segments:     7
Lanes:        4
Junctions:    8
Ramps:        2
Sensors:      5
Mode:         PeMS Data-Driven
Car-Following: Gipps
ODE Solver:   Ballistic
Vmax:         35.0 m/s
======================================================================
Skipping Source actor due to time limit at clock = 43201.00125327633
Skipping Source actor due to time limit at clock = 43210.6788297557
-----------------------------
| Model.cleanup in progress |
-----------------------------
cleanup: agenda
cleanup: wait queues
coroutine counts = (19421025,19419725,19419072)
[ModelOptimizer] Fitness: 4.9154 | Elapsed: 66.08 sec
[ModelOptimizer] Evaluating parameters: VectorD(8.00000,	5.92235,	-0.500000,	5.00000,	0.200000)

======================================================================
TRAFFIC MODEL BUILDER SUMMARY
======================================================================
Network:      US-101-N-DonaldDoyle
Segments:     7
Lanes:        4
Junctions:    8
Ramps:        2
Sensors:      5
Mode:         PeMS Data-Driven
Car-Following: Gipps
ODE Solver:   Ballistic
Vmax:         35.0 m/s
======================================================================
Skipping Source actor due to time limit at clock = 43201.00125327633
Skipping Source actor due to time limit at clock = 43210.6788297557
-----------------------------
| Model.cleanup in progress |
-----------------------------
cleanup: agenda
cleanup: wait queues
coroutine counts = (19480782,19479478,19478823)
[ModelOptimizer] Fitness: 8.6785 | Elapsed: 114.19 sec
[ModelOptimizer] Evaluating parameters: VectorD(8.00000,	6.00000,	-2.69881,	3.30984,	2.00000)

======================================================================
TRAFFIC MODEL BUILDER SUMMARY
======================================================================
Network:      US-101-N-DonaldDoyle
Segments:     7
Lanes:        4
Junctions:    8
Ramps:        2
Sensors:      5
Mode:         PeMS Data-Driven
Car-Following: Gipps
ODE Solver:   Ballistic
Vmax:         35.0 m/s
======================================================================
Skipping Source actor due to time limit at clock = 43201.00125327633
Skipping Source actor due to time limit at clock = 43210.6788297557
-----------------------------
| Model.cleanup in progress |
-----------------------------
cleanup: agenda
cleanup: wait queues
coroutine counts = (19540539,19539231,19538574)
[ModelOptimizer] Fitness: 3.1051 | Elapsed: 15.95 sec
[ModelOptimizer] Evaluating parameters: VectorD(1.06612,	3.07010,	-4.00000,	5.00000,	2.00000)

======================================================================
TRAFFIC MODEL BUILDER SUMMARY
======================================================================
Network:      US-101-N-DonaldDoyle
Segments:     7
Lanes:        4
Junctions:    8
Ramps:        2
Sensors:      5
Mode:         PeMS Data-Driven
Car-Following: Gipps
ODE Solver:   Ballistic
Vmax:         35.0 m/s
======================================================================
Skipping Source actor due to time limit at clock = 43201.00125327633
Skipping Source actor due to time limit at clock = 43210.6788297557
-----------------------------
| Model.cleanup in progress |
-----------------------------
cleanup: agenda
cleanup: wait queues
coroutine counts = (19600296,19598984,19598325)
[ModelOptimizer] Fitness: 2.5617 | Elapsed: 15.80 sec
[ModelOptimizer] Evaluating parameters: VectorD(1.00000,	6.00000,	-4.00000,	0.800000,	2.00000)

======================================================================
TRAFFIC MODEL BUILDER SUMMARY
======================================================================
Network:      US-101-N-DonaldDoyle
Segments:     7
Lanes:        4
Junctions:    8
Ramps:        2
Sensors:      5
Mode:         PeMS Data-Driven
Car-Following: Gipps
ODE Solver:   Ballistic
Vmax:         35.0 m/s
======================================================================
Skipping Source actor due to time limit at clock = 43201.00125327633
Skipping Source actor due to time limit at clock = 43210.6788297557
-----------------------------
| Model.cleanup in progress |
-----------------------------
cleanup: agenda
cleanup: wait queues
coroutine counts = (19660053,19658737,19658076)
[ModelOptimizer] Fitness: 2.2518 | Elapsed: 15.74 sec
[ModelOptimizer] Evaluating parameters: VectorD(8.00000,	0.800000,	-2.95142,	0.800000,	2.00000)

======================================================================
TRAFFIC MODEL BUILDER SUMMARY
======================================================================
Network:      US-101-N-DonaldDoyle
Segments:     7
Lanes:        4
Junctions:    8
Ramps:        2
Sensors:      5
Mode:         PeMS Data-Driven
Car-Following: Gipps
ODE Solver:   Ballistic
Vmax:         35.0 m/s
======================================================================
Skipping Source actor due to time limit at clock = 43201.00125327633
Skipping Source actor due to time limit at clock = 43210.6788297557
-----------------------------
| Model.cleanup in progress |
-----------------------------
cleanup: agenda
cleanup: wait queues
coroutine counts = (19719810,19718490,19717827)
[ModelOptimizer] Fitness: 3.9592 | Elapsed: 16.32 sec
[ModelOptimizer] Evaluating parameters: VectorD(8.00000,	6.00000,	-4.00000,	0.800000,	0.355872)

======================================================================
TRAFFIC MODEL BUILDER SUMMARY
======================================================================
Network:      US-101-N-DonaldDoyle
Segments:     7
Lanes:        4
Junctions:    8
Ramps:        2
Sensors:      5
Mode:         PeMS Data-Driven
Car-Following: Gipps
ODE Solver:   Ballistic
Vmax:         35.0 m/s
======================================================================
Skipping Source actor due to time limit at clock = 43201.00125327633
Skipping Source actor due to time limit at clock = 43210.6788297557
-----------------------------
| Model.cleanup in progress |
-----------------------------
cleanup: agenda
cleanup: wait queues
coroutine counts = (19779567,19778243,19777578)
[ModelOptimizer] Fitness: 4.8343 | Elapsed: 40.92 sec
[ModelOptimizer] Evaluating parameters: VectorD(8.00000,	0.800000,	-2.95142,	0.800000,	2.00000)

======================================================================
TRAFFIC MODEL BUILDER SUMMARY
======================================================================
Network:      US-101-N-DonaldDoyle
Segments:     7
Lanes:        4
Junctions:    8
Ramps:        2
Sensors:      5
Mode:         PeMS Data-Driven
Car-Following: Gipps
ODE Solver:   Ballistic
Vmax:         35.0 m/s
======================================================================
Skipping Source actor due to time limit at clock = 43201.00125327633
Skipping Source actor due to time limit at clock = 43210.6788297557
-----------------------------
| Model.cleanup in progress |
-----------------------------
cleanup: agenda
cleanup: wait queues
coroutine counts = (19839324,19837996,19837329)
[ModelOptimizer] Fitness: 3.9592 | Elapsed: 16.50 sec
[ModelOptimizer] Evaluating parameters: VectorD(8.00000,	6.00000,	-0.500000,	5.00000,	0.374658)

======================================================================
TRAFFIC MODEL BUILDER SUMMARY
======================================================================
Network:      US-101-N-DonaldDoyle
Segments:     7
Lanes:        4
Junctions:    8
Ramps:        2
Sensors:      5
Mode:         PeMS Data-Driven
Car-Following: Gipps
ODE Solver:   Ballistic
Vmax:         35.0 m/s
======================================================================
Skipping Source actor due to time limit at clock = 43201.00125327633
Skipping Source actor due to time limit at clock = 43210.6788297557
-----------------------------
| Model.cleanup in progress |
-----------------------------
cleanup: agenda
cleanup: wait queues
coroutine counts = (19899081,19897749,19897080)
[ModelOptimizer] Fitness: 8.9155 | Elapsed: 66.15 sec
[ModelOptimizer] Evaluating parameters: VectorD(7.36549,	6.00000,	-4.00000,	5.00000,	0.390521)

======================================================================
TRAFFIC MODEL BUILDER SUMMARY
======================================================================
Network:      US-101-N-DonaldDoyle
Segments:     7
Lanes:        4
Junctions:    8
Ramps:        2
Sensors:      5
Mode:         PeMS Data-Driven
Car-Following: Gipps
ODE Solver:   Ballistic
Vmax:         35.0 m/s
======================================================================
Skipping Source actor due to time limit at clock = 43201.00125327633
Skipping Source actor due to time limit at clock = 43210.6788297557
-----------------------------
| Model.cleanup in progress |
-----------------------------
cleanup: agenda
cleanup: wait queues
coroutine counts = (19958838,19957502,19956831)
[ModelOptimizer] Fitness: 4.7772 | Elapsed: 38.32 sec
[ModelOptimizer] Evaluating parameters: VectorD(8.00000,	0.800000,	-3.86998,	0.800000,	2.00000)

======================================================================
TRAFFIC MODEL BUILDER SUMMARY
======================================================================
Network:      US-101-N-DonaldDoyle
Segments:     7
Lanes:        4
Junctions:    8
Ramps:        2
Sensors:      5
Mode:         PeMS Data-Driven
Car-Following: Gipps
ODE Solver:   Ballistic
Vmax:         35.0 m/s
======================================================================
Skipping Source actor due to time limit at clock = 43201.00125327633
Skipping Source actor due to time limit at clock = 43210.6788297557
-----------------------------
| Model.cleanup in progress |
-----------------------------
cleanup: agenda
cleanup: wait queues
coroutine counts = (20018595,20017255,20016582)
[ModelOptimizer] Fitness: 3.2838 | Elapsed: 16.19 sec
[ModelOptimizer] Evaluating parameters: VectorD(2.89140,	6.00000,	-0.500000,	0.800000,	2.00000)

======================================================================
TRAFFIC MODEL BUILDER SUMMARY
======================================================================
Network:      US-101-N-DonaldDoyle
Segments:     7
Lanes:        4
Junctions:    8
Ramps:        2
Sensors:      5
Mode:         PeMS Data-Driven
Car-Following: Gipps
ODE Solver:   Ballistic
Vmax:         35.0 m/s
======================================================================
Skipping Source actor due to time limit at clock = 43201.00125327633
Skipping Source actor due to time limit at clock = 43210.6788297557
-----------------------------
| Model.cleanup in progress |
-----------------------------
cleanup: agenda
cleanup: wait queues
coroutine counts = (20078352,20077008,20076333)
[ModelOptimizer] Fitness: NaN | Elapsed: 17.54 sec
[ModelOptimizer] Evaluating parameters: VectorD(8.00000,	3.82423,	-0.500000,	5.00000,	0.200000)

======================================================================
TRAFFIC MODEL BUILDER SUMMARY
======================================================================
Network:      US-101-N-DonaldDoyle
Segments:     7
Lanes:        4
Junctions:    8
Ramps:        2
Sensors:      5
Mode:         PeMS Data-Driven
Car-Following: Gipps
ODE Solver:   Ballistic
Vmax:         35.0 m/s
======================================================================
Skipping Source actor due to time limit at clock = 43201.00125327633
Skipping Source actor due to time limit at clock = 43210.6788297557
-----------------------------
| Model.cleanup in progress |
-----------------------------
cleanup: agenda
cleanup: wait queues
coroutine counts = (20138109,20136761,20136084)
[ModelOptimizer] Fitness: 9.1803 | Elapsed: 125.29 sec
[ModelOptimizer] Evaluating parameters: VectorD(8.00000,	6.00000,	-4.00000,	3.71290,	0.486488)

======================================================================
TRAFFIC MODEL BUILDER SUMMARY
======================================================================
Network:      US-101-N-DonaldDoyle
Segments:     7
Lanes:        4
Junctions:    8
Ramps:        2
Sensors:      5
Mode:         PeMS Data-Driven
Car-Following: Gipps
ODE Solver:   Ballistic
Vmax:         35.0 m/s
======================================================================
Skipping Source actor due to time limit at clock = 43201.00125327633
Skipping Source actor due to time limit at clock = 43210.6788297557
-----------------------------
| Model.cleanup in progress |
-----------------------------
cleanup: agenda
cleanup: wait queues
coroutine counts = (20197866,20196514,20195835)
[ModelOptimizer] Fitness: 4.6565 | Elapsed: 32.72 sec
[ModelOptimizer] Evaluating parameters: VectorD(7.62891,	6.00000,	-4.00000,	5.00000,	0.200000)

======================================================================
TRAFFIC MODEL BUILDER SUMMARY
======================================================================
Network:      US-101-N-DonaldDoyle
Segments:     7
Lanes:        4
Junctions:    8
Ramps:        2
Sensors:      5
Mode:         PeMS Data-Driven
Car-Following: Gipps
ODE Solver:   Ballistic
Vmax:         35.0 m/s
======================================================================
Skipping Source actor due to time limit at clock = 43201.00125327633
Skipping Source actor due to time limit at clock = 43210.6788297557
-----------------------------
| Model.cleanup in progress |
-----------------------------
cleanup: agenda
cleanup: wait queues
coroutine counts = (20257623,20256267,20255586)
[ModelOptimizer] Fitness: 4.9154 | Elapsed: 66.06 sec
[ModelOptimizer] Evaluating parameters: VectorD(8.00000,	6.00000,	-4.00000,	2.69779,	1.95013)

======================================================================
TRAFFIC MODEL BUILDER SUMMARY
======================================================================
Network:      US-101-N-DonaldDoyle
Segments:     7
Lanes:        4
Junctions:    8
Ramps:        2
Sensors:      5
Mode:         PeMS Data-Driven
Car-Following: Gipps
ODE Solver:   Ballistic
Vmax:         35.0 m/s
======================================================================
Skipping Source actor due to time limit at clock = 43201.00125327633
Skipping Source actor due to time limit at clock = 43210.6788297557
-----------------------------
| Model.cleanup in progress |
-----------------------------
cleanup: agenda
cleanup: wait queues
coroutine counts = (20317380,20316020,20315337)
[ModelOptimizer] Fitness: 2.2347 | Elapsed: 15.94 sec
       7 |      2.23470146 |      2.23470146 |      17.5% ✓
[ModelOptimizer] Evaluating parameters: VectorD(8.00000,	6.00000,	-4.00000,	0.800000,	2.00000)

======================================================================
TRAFFIC MODEL BUILDER SUMMARY
======================================================================
Network:      US-101-N-DonaldDoyle
Segments:     7
Lanes:        4
Junctions:    8
Ramps:        2
Sensors:      5
Mode:         PeMS Data-Driven
Car-Following: Gipps
ODE Solver:   Ballistic
Vmax:         35.0 m/s
======================================================================
Skipping Source actor due to time limit at clock = 43201.00125327633
Skipping Source actor due to time limit at clock = 43210.6788297557
-----------------------------
| Model.cleanup in progress |
-----------------------------
cleanup: agenda
cleanup: wait queues
coroutine counts = (20377137,20375773,20375088)
[ModelOptimizer] Fitness: 2.2518 | Elapsed: 15.79 sec
[ModelOptimizer] Evaluating parameters: VectorD(8.00000,	6.00000,	-4.00000,	0.800000,	2.00000)

======================================================================
TRAFFIC MODEL BUILDER SUMMARY
======================================================================
Network:      US-101-N-DonaldDoyle
Segments:     7
Lanes:        4
Junctions:    8
Ramps:        2
Sensors:      5
Mode:         PeMS Data-Driven
Car-Following: Gipps
ODE Solver:   Ballistic
Vmax:         35.0 m/s
======================================================================
Skipping Source actor due to time limit at clock = 43201.00125327633
Skipping Source actor due to time limit at clock = 43210.6788297557
-----------------------------
| Model.cleanup in progress |
-----------------------------
cleanup: agenda
cleanup: wait queues
coroutine counts = (20436894,20435526,20434839)
[ModelOptimizer] Fitness: 2.2518 | Elapsed: 15.88 sec
[ModelOptimizer] Evaluating parameters: VectorD(8.00000,	6.00000,	-4.00000,	0.800000,	2.00000)

======================================================================
TRAFFIC MODEL BUILDER SUMMARY
======================================================================
Network:      US-101-N-DonaldDoyle
Segments:     7
Lanes:        4
Junctions:    8
Ramps:        2
Sensors:      5
Mode:         PeMS Data-Driven
Car-Following: Gipps
ODE Solver:   Ballistic
Vmax:         35.0 m/s
======================================================================
Skipping Source actor due to time limit at clock = 43201.00125327633
Skipping Source actor due to time limit at clock = 43210.6788297557
-----------------------------
| Model.cleanup in progress |
-----------------------------
cleanup: agenda
cleanup: wait queues
coroutine counts = (20496651,20495279,20494590)
[ModelOptimizer] Fitness: 2.2518 | Elapsed: 15.75 sec
[ModelOptimizer] Evaluating parameters: VectorD(4.97885,	6.00000,	-4.00000,	0.800000,	2.00000)

======================================================================
TRAFFIC MODEL BUILDER SUMMARY
======================================================================
Network:      US-101-N-DonaldDoyle
Segments:     7
Lanes:        4
Junctions:    8
Ramps:        2
Sensors:      5
Mode:         PeMS Data-Driven
Car-Following: Gipps
ODE Solver:   Ballistic
Vmax:         35.0 m/s
======================================================================
Skipping Source actor due to time limit at clock = 43201.00125327633
Skipping Source actor due to time limit at clock = 43210.6788297557
-----------------------------
| Model.cleanup in progress |
-----------------------------
cleanup: agenda
cleanup: wait queues
coroutine counts = (20556408,20555032,20554341)
[ModelOptimizer] Fitness: 2.2518 | Elapsed: 16.05 sec
[ModelOptimizer] Evaluating parameters: VectorD(1.00000,	6.00000,	-4.00000,	0.800000,	2.00000)

======================================================================
TRAFFIC MODEL BUILDER SUMMARY
======================================================================
Network:      US-101-N-DonaldDoyle
Segments:     7
Lanes:        4
Junctions:    8
Ramps:        2
Sensors:      5
Mode:         PeMS Data-Driven
Car-Following: Gipps
ODE Solver:   Ballistic
Vmax:         35.0 m/s
======================================================================
Skipping Source actor due to time limit at clock = 43201.00125327633
Skipping Source actor due to time limit at clock = 43210.6788297557
-----------------------------
| Model.cleanup in progress |
-----------------------------
cleanup: agenda
cleanup: wait queues
coroutine counts = (20616165,20614785,20614092)
[ModelOptimizer] Fitness: 2.2518 | Elapsed: 15.77 sec
[ModelOptimizer] Evaluating parameters: VectorD(8.00000,	6.00000,	-4.00000,	5.00000,	2.00000)

======================================================================
TRAFFIC MODEL BUILDER SUMMARY
======================================================================
Network:      US-101-N-DonaldDoyle
Segments:     7
Lanes:        4
Junctions:    8
Ramps:        2
Sensors:      5
Mode:         PeMS Data-Driven
Car-Following: Gipps
ODE Solver:   Ballistic
Vmax:         35.0 m/s
======================================================================
Skipping Source actor due to time limit at clock = 43201.00125327633
Skipping Source actor due to time limit at clock = 43210.6788297557
-----------------------------
| Model.cleanup in progress |
-----------------------------
cleanup: agenda
cleanup: wait queues
coroutine counts = (20675922,20674538,20673843)
[ModelOptimizer] Fitness: 2.2518 | Elapsed: 16.04 sec
[ModelOptimizer] Evaluating parameters: VectorD(1.49451,	3.05006,	-0.500000,	5.00000,	2.00000)

======================================================================
TRAFFIC MODEL BUILDER SUMMARY
======================================================================
Network:      US-101-N-DonaldDoyle
Segments:     7
Lanes:        4
Junctions:    8
Ramps:        2
Sensors:      5
Mode:         PeMS Data-Driven
Car-Following: Gipps
ODE Solver:   Ballistic
Vmax:         35.0 m/s
======================================================================
Skipping Source actor due to time limit at clock = 43201.00125327633
Skipping Source actor due to time limit at clock = 43210.6788297557
-----------------------------
| Model.cleanup in progress |
-----------------------------
cleanup: agenda
cleanup: wait queues
coroutine counts = (20735679,20734291,20733594)
[ModelOptimizer] Fitness: 7.9960 | Elapsed: 19.17 sec
[ModelOptimizer] Evaluating parameters: VectorD(6.43126,	6.00000,	-0.500000,	3.93580,	2.00000)

======================================================================
TRAFFIC MODEL BUILDER SUMMARY
======================================================================
Network:      US-101-N-DonaldDoyle
Segments:     7
Lanes:        4
Junctions:    8
Ramps:        2
Sensors:      5
Mode:         PeMS Data-Driven
Car-Following: Gipps
ODE Solver:   Ballistic
Vmax:         35.0 m/s
======================================================================
Skipping Source actor due to time limit at clock = 43201.00125327633
Skipping Source actor due to time limit at clock = 43210.6788297557
-----------------------------
| Model.cleanup in progress |
-----------------------------
cleanup: agenda
cleanup: wait queues
coroutine counts = (20795436,20794044,20793345)
[ModelOptimizer] Fitness: NaN | Elapsed: 17.64 sec
[ModelOptimizer] Evaluating parameters: VectorD(8.00000,	6.00000,	-0.500000,	0.800000,	2.00000)

======================================================================
TRAFFIC MODEL BUILDER SUMMARY
======================================================================
Network:      US-101-N-DonaldDoyle
Segments:     7
Lanes:        4
Junctions:    8
Ramps:        2
Sensors:      5
Mode:         PeMS Data-Driven
Car-Following: Gipps
ODE Solver:   Ballistic
Vmax:         35.0 m/s
======================================================================
Skipping Source actor due to time limit at clock = 43201.00125327633
Skipping Source actor due to time limit at clock = 43210.6788297557
-----------------------------
| Model.cleanup in progress |
-----------------------------
cleanup: agenda
cleanup: wait queues
coroutine counts = (20855193,20853797,20853096)
[ModelOptimizer] Fitness: NaN | Elapsed: 17.76 sec
[ModelOptimizer] Evaluating parameters: VectorD(3.49995,	6.00000,	-4.00000,	0.800000,	2.00000)

======================================================================
TRAFFIC MODEL BUILDER SUMMARY
======================================================================
Network:      US-101-N-DonaldDoyle
Segments:     7
Lanes:        4
Junctions:    8
Ramps:        2
Sensors:      5
Mode:         PeMS Data-Driven
Car-Following: Gipps
ODE Solver:   Ballistic
Vmax:         35.0 m/s
======================================================================
Skipping Source actor due to time limit at clock = 43201.00125327633
Skipping Source actor due to time limit at clock = 43210.6788297557
-----------------------------
| Model.cleanup in progress |
-----------------------------
cleanup: agenda
cleanup: wait queues
coroutine counts = (20914950,20913550,20912847)
[ModelOptimizer] Fitness: 2.2518 | Elapsed: 15.75 sec
[ModelOptimizer] Evaluating parameters: VectorD(3.89343,	6.00000,	-0.500000,	2.33114,	2.00000)

======================================================================
TRAFFIC MODEL BUILDER SUMMARY
======================================================================
Network:      US-101-N-DonaldDoyle
Segments:     7
Lanes:        4
Junctions:    8
Ramps:        2
Sensors:      5
Mode:         PeMS Data-Driven
Car-Following: Gipps
ODE Solver:   Ballistic
Vmax:         35.0 m/s
======================================================================
Skipping Source actor due to time limit at clock = 43201.00125327633
Skipping Source actor due to time limit at clock = 43210.6788297557
-----------------------------
| Model.cleanup in progress |
-----------------------------
cleanup: agenda
cleanup: wait queues
coroutine counts = (20974707,20973303,20972598)
[ModelOptimizer] Fitness: NaN | Elapsed: 17.78 sec
[ModelOptimizer] Evaluating parameters: VectorD(8.00000,	6.00000,	-4.00000,	4.23774,	1.80974)

======================================================================
TRAFFIC MODEL BUILDER SUMMARY
======================================================================
Network:      US-101-N-DonaldDoyle
Segments:     7
Lanes:        4
Junctions:    8
Ramps:        2
Sensors:      5
Mode:         PeMS Data-Driven
Car-Following: Gipps
ODE Solver:   Ballistic
Vmax:         35.0 m/s
======================================================================
Skipping Source actor due to time limit at clock = 43201.00125327633
Skipping Source actor due to time limit at clock = 43210.6788297557
-----------------------------
| Model.cleanup in progress |
-----------------------------
cleanup: agenda
cleanup: wait queues
coroutine counts = (21034464,21033056,21032349)
[ModelOptimizer] Fitness: 2.4975 | Elapsed: 16.69 sec
[ModelOptimizer] Evaluating parameters: VectorD(1.00000,	6.00000,	-4.00000,	0.800000,	2.00000)

======================================================================
TRAFFIC MODEL BUILDER SUMMARY
======================================================================
Network:      US-101-N-DonaldDoyle
Segments:     7
Lanes:        4
Junctions:    8
Ramps:        2
Sensors:      5
Mode:         PeMS Data-Driven
Car-Following: Gipps
ODE Solver:   Ballistic
Vmax:         35.0 m/s
======================================================================
Skipping Source actor due to time limit at clock = 43201.00125327633
Skipping Source actor due to time limit at clock = 43210.6788297557
-----------------------------
| Model.cleanup in progress |
-----------------------------
cleanup: agenda
cleanup: wait queues
coroutine counts = (21094221,21092809,21092100)
[ModelOptimizer] Fitness: 2.2518 | Elapsed: 15.77 sec
[ModelOptimizer] Evaluating parameters: VectorD(3.36869,	6.00000,	-0.500000,	1.43496,	2.00000)

======================================================================
TRAFFIC MODEL BUILDER SUMMARY
======================================================================
Network:      US-101-N-DonaldDoyle
Segments:     7
Lanes:        4
Junctions:    8
Ramps:        2
Sensors:      5
Mode:         PeMS Data-Driven
Car-Following: Gipps
ODE Solver:   Ballistic
Vmax:         35.0 m/s
======================================================================
Skipping Source actor due to time limit at clock = 43201.00125327633
Skipping Source actor due to time limit at clock = 43210.6788297557
-----------------------------
| Model.cleanup in progress |
-----------------------------
cleanup: agenda
cleanup: wait queues
coroutine counts = (21153978,21152562,21151851)
[ModelOptimizer] Fitness: NaN | Elapsed: 17.71 sec
[ModelOptimizer] Evaluating parameters: VectorD(1.00000,	6.00000,	-0.500000,	0.800000,	2.00000)

======================================================================
TRAFFIC MODEL BUILDER SUMMARY
======================================================================
Network:      US-101-N-DonaldDoyle
Segments:     7
Lanes:        4
Junctions:    8
Ramps:        2
Sensors:      5
Mode:         PeMS Data-Driven
Car-Following: Gipps
ODE Solver:   Ballistic
Vmax:         35.0 m/s
======================================================================
Skipping Source actor due to time limit at clock = 43201.00125327633
Skipping Source actor due to time limit at clock = 43210.6788297557
-----------------------------
| Model.cleanup in progress |
-----------------------------
cleanup: agenda
cleanup: wait queues
coroutine counts = (21213735,21212315,21211602)
[ModelOptimizer] Fitness: NaN | Elapsed: 17.73 sec
[ModelOptimizer] Evaluating parameters: VectorD(8.00000,	6.00000,	-2.62617,	3.15749,	1.26815)

======================================================================
TRAFFIC MODEL BUILDER SUMMARY
======================================================================
Network:      US-101-N-DonaldDoyle
Segments:     7
Lanes:        4
Junctions:    8
Ramps:        2
Sensors:      5
Mode:         PeMS Data-Driven
Car-Following: Gipps
ODE Solver:   Ballistic
Vmax:         35.0 m/s
======================================================================
Skipping Source actor due to time limit at clock = 43201.00125327633
Skipping Source actor due to time limit at clock = 43210.6788297557
-----------------------------
| Model.cleanup in progress |
-----------------------------
cleanup: agenda
cleanup: wait queues
coroutine counts = (21273492,21272068,21271353)
[ModelOptimizer] Fitness: 4.0685 | Elapsed: 19.31 sec
[ModelOptimizer] Evaluating parameters: VectorD(1.00000,	2.57007,	-0.500000,	5.00000,	2.00000)

======================================================================
TRAFFIC MODEL BUILDER SUMMARY
======================================================================
Network:      US-101-N-DonaldDoyle
Segments:     7
Lanes:        4
Junctions:    8
Ramps:        2
Sensors:      5
Mode:         PeMS Data-Driven
Car-Following: Gipps
ODE Solver:   Ballistic
Vmax:         35.0 m/s
======================================================================
Skipping Source actor due to time limit at clock = 43201.00125327633
Skipping Source actor due to time limit at clock = 43210.6788297557
-----------------------------
| Model.cleanup in progress |
-----------------------------
cleanup: agenda
cleanup: wait queues
coroutine counts = (21333249,21331821,21331104)
[ModelOptimizer] Fitness: 8.1376 | Elapsed: 19.37 sec
[ModelOptimizer] Evaluating parameters: VectorD(8.00000,	6.00000,	-3.45523,	0.800000,	2.00000)

======================================================================
TRAFFIC MODEL BUILDER SUMMARY
======================================================================
Network:      US-101-N-DonaldDoyle
Segments:     7
Lanes:        4
Junctions:    8
Ramps:        2
Sensors:      5
Mode:         PeMS Data-Driven
Car-Following: Gipps
ODE Solver:   Ballistic
Vmax:         35.0 m/s
======================================================================
Skipping Source actor due to time limit at clock = 43201.00125327633
Skipping Source actor due to time limit at clock = 43210.6788297557
-----------------------------
| Model.cleanup in progress |
-----------------------------
cleanup: agenda
cleanup: wait queues
coroutine counts = (21393006,21391574,21390855)
[ModelOptimizer] Fitness: 2.5380 | Elapsed: 16.07 sec
[ModelOptimizer] Evaluating parameters: VectorD(1.36651,	4.57438,	-4.00000,	0.800000,	2.00000)

======================================================================
TRAFFIC MODEL BUILDER SUMMARY
======================================================================
Network:      US-101-N-DonaldDoyle
Segments:     7
Lanes:        4
Junctions:    8
Ramps:        2
Sensors:      5
Mode:         PeMS Data-Driven
Car-Following: Gipps
ODE Solver:   Ballistic
Vmax:         35.0 m/s
======================================================================
Skipping Source actor due to time limit at clock = 43201.00125327633
Skipping Source actor due to time limit at clock = 43210.6788297557
-----------------------------
| Model.cleanup in progress |
-----------------------------
cleanup: agenda
cleanup: wait queues
coroutine counts = (21452763,21451327,21450606)
[ModelOptimizer] Fitness: 2.4244 | Elapsed: 15.82 sec
[ModelOptimizer] Evaluating parameters: VectorD(8.00000,	6.00000,	-4.00000,	0.800000,	2.00000)

======================================================================
TRAFFIC MODEL BUILDER SUMMARY
======================================================================
Network:      US-101-N-DonaldDoyle
Segments:     7
Lanes:        4
Junctions:    8
Ramps:        2
Sensors:      5
Mode:         PeMS Data-Driven
Car-Following: Gipps
ODE Solver:   Ballistic
Vmax:         35.0 m/s
======================================================================
Skipping Source actor due to time limit at clock = 43201.00125327633
Skipping Source actor due to time limit at clock = 43210.6788297557
-----------------------------
| Model.cleanup in progress |
-----------------------------
cleanup: agenda
cleanup: wait queues
coroutine counts = (21512520,21511080,21510357)
[ModelOptimizer] Fitness: 2.2518 | Elapsed: 16.01 sec
[ModelOptimizer] Evaluating parameters: VectorD(8.00000,	4.66031,	-0.500000,	0.800000,	2.00000)

======================================================================
TRAFFIC MODEL BUILDER SUMMARY
======================================================================
Network:      US-101-N-DonaldDoyle
Segments:     7
Lanes:        4
Junctions:    8
Ramps:        2
Sensors:      5
Mode:         PeMS Data-Driven
Car-Following: Gipps
ODE Solver:   Ballistic
Vmax:         35.0 m/s
======================================================================
Skipping Source actor due to time limit at clock = 43201.00125327633
Skipping Source actor due to time limit at clock = 43210.6788297557
-----------------------------
| Model.cleanup in progress |
-----------------------------
cleanup: agenda
cleanup: wait queues
coroutine counts = (21572277,21570833,21570108)
[ModelOptimizer] Fitness: 7.4643 | Elapsed: 18.57 sec
[ModelOptimizer] Evaluating parameters: VectorD(8.00000,	6.00000,	-4.00000,	0.800000,	2.00000)

======================================================================
TRAFFIC MODEL BUILDER SUMMARY
======================================================================
Network:      US-101-N-DonaldDoyle
Segments:     7
Lanes:        4
Junctions:    8
Ramps:        2
Sensors:      5
Mode:         PeMS Data-Driven
Car-Following: Gipps
ODE Solver:   Ballistic
Vmax:         35.0 m/s
======================================================================
Skipping Source actor due to time limit at clock = 43201.00125327633
Skipping Source actor due to time limit at clock = 43210.6788297557
-----------------------------
| Model.cleanup in progress |
-----------------------------
cleanup: agenda
cleanup: wait queues
coroutine counts = (21632034,21630586,21629859)
[ModelOptimizer] Fitness: 2.2518 | Elapsed: 15.64 sec
[ModelOptimizer] Evaluating parameters: VectorD(6.15219,	0.800000,	-0.695064,	0.800000,	2.00000)

======================================================================
TRAFFIC MODEL BUILDER SUMMARY
======================================================================
Network:      US-101-N-DonaldDoyle
Segments:     7
Lanes:        4
Junctions:    8
Ramps:        2
Sensors:      5
Mode:         PeMS Data-Driven
Car-Following: Gipps
ODE Solver:   Ballistic
Vmax:         35.0 m/s
======================================================================
Skipping Source actor due to time limit at clock = 43201.00125327633
Skipping Source actor due to time limit at clock = 43210.6788297557
-----------------------------
| Model.cleanup in progress |
-----------------------------
cleanup: agenda
cleanup: wait queues
coroutine counts = (21691791,21690339,21689610)
[ModelOptimizer] Fitness: 7.5090 | Elapsed: 18.75 sec
[ModelOptimizer] Evaluating parameters: VectorD(6.15219,	6.00000,	-0.500000,	5.00000,	2.00000)

======================================================================
TRAFFIC MODEL BUILDER SUMMARY
======================================================================
Network:      US-101-N-DonaldDoyle
Segments:     7
Lanes:        4
Junctions:    8
Ramps:        2
Sensors:      5
Mode:         PeMS Data-Driven
Car-Following: Gipps
ODE Solver:   Ballistic
Vmax:         35.0 m/s
======================================================================
Skipping Source actor due to time limit at clock = 43201.00125327633
Skipping Source actor due to time limit at clock = 43210.6788297557
-----------------------------
| Model.cleanup in progress |
-----------------------------
cleanup: agenda
cleanup: wait queues
coroutine counts = (21751548,21750092,21749361)
[ModelOptimizer] Fitness: NaN | Elapsed: 17.40 sec
[ModelOptimizer] Evaluating parameters: VectorD(8.00000,	0.800000,	-0.500000,	0.800000,	2.00000)

======================================================================
TRAFFIC MODEL BUILDER SUMMARY
======================================================================
Network:      US-101-N-DonaldDoyle
Segments:     7
Lanes:        4
Junctions:    8
Ramps:        2
Sensors:      5
Mode:         PeMS Data-Driven
Car-Following: Gipps
ODE Solver:   Ballistic
Vmax:         35.0 m/s
======================================================================
Skipping Source actor due to time limit at clock = 43201.00125327633
Skipping Source actor due to time limit at clock = 43210.6788297557
-----------------------------
| Model.cleanup in progress |
-----------------------------
cleanup: agenda
cleanup: wait queues
coroutine counts = (21811305,21809845,21809112)
[ModelOptimizer] Fitness: 8.1989 | Elapsed: 19.55 sec
[ModelOptimizer] Evaluating parameters: VectorD(5.40211,	6.00000,	-4.00000,	5.00000,	0.200000)

======================================================================
TRAFFIC MODEL BUILDER SUMMARY
======================================================================
Network:      US-101-N-DonaldDoyle
Segments:     7
Lanes:        4
Junctions:    8
Ramps:        2
Sensors:      5
Mode:         PeMS Data-Driven
Car-Following: Gipps
ODE Solver:   Ballistic
Vmax:         35.0 m/s
======================================================================
Skipping Source actor due to time limit at clock = 43201.00125327633
Skipping Source actor due to time limit at clock = 43210.6788297557
-----------------------------
| Model.cleanup in progress |
-----------------------------
cleanup: agenda
cleanup: wait queues
coroutine counts = (21871062,21869598,21868863)
[ModelOptimizer] Fitness: 4.9154 | Elapsed: 69.31 sec
[ModelOptimizer] Evaluating parameters: VectorD(1.00000,	6.00000,	-0.500000,	5.00000,	0.200000)

======================================================================
TRAFFIC MODEL BUILDER SUMMARY
======================================================================
Network:      US-101-N-DonaldDoyle
Segments:     7
Lanes:        4
Junctions:    8
Ramps:        2
Sensors:      5
Mode:         PeMS Data-Driven
Car-Following: Gipps
ODE Solver:   Ballistic
Vmax:         35.0 m/s
======================================================================
Skipping Source actor due to time limit at clock = 43201.00125327633
Skipping Source actor due to time limit at clock = 43210.6788297557
-----------------------------
| Model.cleanup in progress |
-----------------------------
cleanup: agenda
cleanup: wait queues
coroutine counts = (21930819,21929351,21928614)
[ModelOptimizer] Fitness: 8.6656 | Elapsed: 120.03 sec
[ModelOptimizer] Evaluating parameters: VectorD(8.00000,	6.00000,	-2.69881,	3.30984,	2.00000)

======================================================================
TRAFFIC MODEL BUILDER SUMMARY
======================================================================
Network:      US-101-N-DonaldDoyle
Segments:     7
Lanes:        4
Junctions:    8
Ramps:        2
Sensors:      5
Mode:         PeMS Data-Driven
Car-Following: Gipps
ODE Solver:   Ballistic
Vmax:         35.0 m/s
======================================================================
Skipping Source actor due to time limit at clock = 43201.00125327633
Skipping Source actor due to time limit at clock = 43210.6788297557
-----------------------------
| Model.cleanup in progress |
-----------------------------
cleanup: agenda
cleanup: wait queues
coroutine counts = (21990576,21989104,21988365)
[ModelOptimizer] Fitness: 3.1051 | Elapsed: 18.82 sec
[ModelOptimizer] Evaluating parameters: VectorD(4.64188,	0.800000,	-0.500000,	0.800000,	2.00000)

======================================================================
TRAFFIC MODEL BUILDER SUMMARY
======================================================================
Network:      US-101-N-DonaldDoyle
Segments:     7
Lanes:        4
Junctions:    8
Ramps:        2
Sensors:      5
Mode:         PeMS Data-Driven
Car-Following: Gipps
ODE Solver:   Ballistic
Vmax:         35.0 m/s
======================================================================
Skipping Source actor due to time limit at clock = 43201.00125327633
Skipping Source actor due to time limit at clock = 43210.6788297557
-----------------------------
| Model.cleanup in progress |
-----------------------------
cleanup: agenda
cleanup: wait queues
coroutine counts = (22050333,22048857,22048116)
[ModelOptimizer] Fitness: 8.1989 | Elapsed: 22.17 sec
[ModelOptimizer] Evaluating parameters: VectorD(1.00000,	6.00000,	-4.00000,	0.800000,	2.00000)

======================================================================
TRAFFIC MODEL BUILDER SUMMARY
======================================================================
Network:      US-101-N-DonaldDoyle
Segments:     7
Lanes:        4
Junctions:    8
Ramps:        2
Sensors:      5
Mode:         PeMS Data-Driven
Car-Following: Gipps
ODE Solver:   Ballistic
Vmax:         35.0 m/s
======================================================================
Skipping Source actor due to time limit at clock = 43201.00125327633
Skipping Source actor due to time limit at clock = 43210.6788297557
-----------------------------
| Model.cleanup in progress |
-----------------------------
cleanup: agenda
cleanup: wait queues
coroutine counts = (22110090,22108610,22107867)
[ModelOptimizer] Fitness: 2.2518 | Elapsed: 18.35 sec
[ModelOptimizer] Evaluating parameters: VectorD(8.00000,	6.00000,	-4.00000,	0.800000,	0.419794)

======================================================================
TRAFFIC MODEL BUILDER SUMMARY
======================================================================
Network:      US-101-N-DonaldDoyle
Segments:     7
Lanes:        4
Junctions:    8
Ramps:        2
Sensors:      5
Mode:         PeMS Data-Driven
Car-Following: Gipps
ODE Solver:   Ballistic
Vmax:         35.0 m/s
======================================================================
Skipping Source actor due to time limit at clock = 43201.00125327633
Skipping Source actor due to time limit at clock = 43210.6788297557
-----------------------------
| Model.cleanup in progress |
-----------------------------
cleanup: agenda
cleanup: wait queues
coroutine counts = (22169847,22168363,22167618)
[ModelOptimizer] Fitness: 4.7561 | Elapsed: 40.76 sec
[ModelOptimizer] Evaluating parameters: VectorD(8.00000,	0.800000,	-2.95142,	0.800000,	2.00000)

======================================================================
TRAFFIC MODEL BUILDER SUMMARY
======================================================================
Network:      US-101-N-DonaldDoyle
Segments:     7
Lanes:        4
Junctions:    8
Ramps:        2
Sensors:      5
Mode:         PeMS Data-Driven
Car-Following: Gipps
ODE Solver:   Ballistic
Vmax:         35.0 m/s
======================================================================
Skipping Source actor due to time limit at clock = 43201.00125327633
Skipping Source actor due to time limit at clock = 43210.6788297557
-----------------------------
| Model.cleanup in progress |
-----------------------------
cleanup: agenda
cleanup: wait queues
coroutine counts = (22229604,22228116,22227369)
[ModelOptimizer] Fitness: 3.9592 | Elapsed: 18.50 sec
[ModelOptimizer] Evaluating parameters: VectorD(7.36549,	6.00000,	-4.00000,	5.00000,	0.200000)

======================================================================
TRAFFIC MODEL BUILDER SUMMARY
======================================================================
Network:      US-101-N-DonaldDoyle
Segments:     7
Lanes:        4
Junctions:    8
Ramps:        2
Sensors:      5
Mode:         PeMS Data-Driven
Car-Following: Gipps
ODE Solver:   Ballistic
Vmax:         35.0 m/s
======================================================================
Skipping Source actor due to time limit at clock = 43201.00125327633
Skipping Source actor due to time limit at clock = 43210.6788297557
-----------------------------
| Model.cleanup in progress |
-----------------------------
cleanup: agenda
cleanup: wait queues
coroutine counts = (22289361,22287869,22287120)
[ModelOptimizer] Fitness: 4.9154 | Elapsed: 70.90 sec
[ModelOptimizer] Evaluating parameters: VectorD(7.36549,	6.00000,	-4.00000,	5.00000,	0.390521)

======================================================================
TRAFFIC MODEL BUILDER SUMMARY
======================================================================
Network:      US-101-N-DonaldDoyle
Segments:     7
Lanes:        4
Junctions:    8
Ramps:        2
Sensors:      5
Mode:         PeMS Data-Driven
Car-Following: Gipps
ODE Solver:   Ballistic
Vmax:         35.0 m/s
======================================================================
Skipping Source actor due to time limit at clock = 43201.00125327633
Skipping Source actor due to time limit at clock = 43210.6788297557
-----------------------------
| Model.cleanup in progress |
-----------------------------
cleanup: agenda
cleanup: wait queues
coroutine counts = (22349118,22347622,22346871)
[ModelOptimizer] Fitness: 4.7772 | Elapsed: 41.05 sec
[ModelOptimizer] Evaluating parameters: VectorD(2.36662,	6.00000,	-4.00000,	0.800000,	2.00000)

======================================================================
TRAFFIC MODEL BUILDER SUMMARY
======================================================================
Network:      US-101-N-DonaldDoyle
Segments:     7
Lanes:        4
Junctions:    8
Ramps:        2
Sensors:      5
Mode:         PeMS Data-Driven
Car-Following: Gipps
ODE Solver:   Ballistic
Vmax:         35.0 m/s
======================================================================
Skipping Source actor due to time limit at clock = 43201.00125327633
Skipping Source actor due to time limit at clock = 43210.6788297557
-----------------------------
| Model.cleanup in progress |
-----------------------------
cleanup: agenda
cleanup: wait queues
coroutine counts = (22408875,22407375,22406622)
[ModelOptimizer] Fitness: 2.2518 | Elapsed: 19.02 sec
[ModelOptimizer] Evaluating parameters: VectorD(2.89140,	6.00000,	-0.500000,	0.800000,	2.00000)

======================================================================
TRAFFIC MODEL BUILDER SUMMARY
======================================================================
Network:      US-101-N-DonaldDoyle
Segments:     7
Lanes:        4
Junctions:    8
Ramps:        2
Sensors:      5
Mode:         PeMS Data-Driven
Car-Following: Gipps
ODE Solver:   Ballistic
Vmax:         35.0 m/s
======================================================================
Skipping Source actor due to time limit at clock = 43201.00125327633
Skipping Source actor due to time limit at clock = 43210.6788297557
-----------------------------
| Model.cleanup in progress |
-----------------------------
cleanup: agenda
cleanup: wait queues
coroutine counts = (22468632,22467128,22466373)
[ModelOptimizer] Fitness: NaN | Elapsed: 20.07 sec
[ModelOptimizer] Evaluating parameters: VectorD(6.14949,	6.00000,	-4.00000,	5.00000,	0.200000)

======================================================================
TRAFFIC MODEL BUILDER SUMMARY
======================================================================
Network:      US-101-N-DonaldDoyle
Segments:     7
Lanes:        4
Junctions:    8
Ramps:        2
Sensors:      5
Mode:         PeMS Data-Driven
Car-Following: Gipps
ODE Solver:   Ballistic
Vmax:         35.0 m/s
======================================================================
Skipping Source actor due to time limit at clock = 43201.00125327633
Skipping Source actor due to time limit at clock = 43210.6788297557
-----------------------------
| Model.cleanup in progress |
-----------------------------
cleanup: agenda
cleanup: wait queues
coroutine counts = (22528389,22526881,22526124)
[ModelOptimizer] Fitness: 4.9154 | Elapsed: 71.43 sec
[ModelOptimizer] Evaluating parameters: VectorD(8.00000,	6.00000,	-4.00000,	3.71290,	0.486488)

======================================================================
TRAFFIC MODEL BUILDER SUMMARY
======================================================================
Network:      US-101-N-DonaldDoyle
Segments:     7
Lanes:        4
Junctions:    8
Ramps:        2
Sensors:      5
Mode:         PeMS Data-Driven
Car-Following: Gipps
ODE Solver:   Ballistic
Vmax:         35.0 m/s
======================================================================
Skipping Source actor due to time limit at clock = 43201.00125327633
Skipping Source actor due to time limit at clock = 43210.6788297557
-----------------------------
| Model.cleanup in progress |
-----------------------------
cleanup: agenda
cleanup: wait queues
coroutine counts = (22588146,22586634,22585875)
[ModelOptimizer] Fitness: 4.6565 | Elapsed: 32.61 sec
[ModelOptimizer] Evaluating parameters: VectorD(8.00000,	3.83523,	-0.500000,	2.19006,	2.00000)

======================================================================
TRAFFIC MODEL BUILDER SUMMARY
======================================================================
Network:      US-101-N-DonaldDoyle
Segments:     7
Lanes:        4
Junctions:    8
Ramps:        2
Sensors:      5
Mode:         PeMS Data-Driven
Car-Following: Gipps
ODE Solver:   Ballistic
Vmax:         35.0 m/s
======================================================================
Skipping Source actor due to time limit at clock = 43201.00125327633
Skipping Source actor due to time limit at clock = 43210.6788297557
-----------------------------
| Model.cleanup in progress |
-----------------------------
cleanup: agenda
cleanup: wait queues
coroutine counts = (22647903,22646387,22645626)
[ModelOptimizer] Fitness: 7.7086 | Elapsed: 18.82 sec
[ModelOptimizer] Evaluating parameters: VectorD(8.00000,	6.00000,	-4.00000,	2.69779,	1.95013)

======================================================================
TRAFFIC MODEL BUILDER SUMMARY
======================================================================
Network:      US-101-N-DonaldDoyle
Segments:     7
Lanes:        4
Junctions:    8
Ramps:        2
Sensors:      5
Mode:         PeMS Data-Driven
Car-Following: Gipps
ODE Solver:   Ballistic
Vmax:         35.0 m/s
======================================================================
Skipping Source actor due to time limit at clock = 43201.00125327633
Skipping Source actor due to time limit at clock = 43210.6788297557
-----------------------------
| Model.cleanup in progress |
-----------------------------
cleanup: agenda
cleanup: wait queues
coroutine counts = (22707660,22706140,22705377)
[ModelOptimizer] Fitness: 2.2347 | Elapsed: 15.75 sec
       8 |      2.23470146 |      2.23470146 |      20.0% ✓
[ModelOptimizer] Evaluating parameters: VectorD(5.66046,	6.00000,	-0.500000,	0.820469,	2.00000)

======================================================================
TRAFFIC MODEL BUILDER SUMMARY
======================================================================
Network:      US-101-N-DonaldDoyle
Segments:     7
Lanes:        4
Junctions:    8
Ramps:        2
Sensors:      5
Mode:         PeMS Data-Driven
Car-Following: Gipps
ODE Solver:   Ballistic
Vmax:         35.0 m/s
======================================================================
Skipping Source actor due to time limit at clock = 43201.00125327633
Skipping Source actor due to time limit at clock = 43210.6788297557
-----------------------------
| Model.cleanup in progress |
-----------------------------
cleanup: agenda
cleanup: wait queues
coroutine counts = (22767417,22765893,22765128)
[ModelOptimizer] Fitness: NaN | Elapsed: 17.60 sec
[ModelOptimizer] Evaluating parameters: VectorD(8.00000,	6.00000,	-4.00000,	0.800000,	2.00000)

======================================================================
TRAFFIC MODEL BUILDER SUMMARY
======================================================================
Network:      US-101-N-DonaldDoyle
Segments:     7
Lanes:        4
Junctions:    8
Ramps:        2
Sensors:      5
Mode:         PeMS Data-Driven
Car-Following: Gipps
ODE Solver:   Ballistic
Vmax:         35.0 m/s
======================================================================
Skipping Source actor due to time limit at clock = 43201.00125327633
Skipping Source actor due to time limit at clock = 43210.6788297557
-----------------------------
| Model.cleanup in progress |
-----------------------------
cleanup: agenda
cleanup: wait queues
coroutine counts = (22827174,22825646,22824879)
[ModelOptimizer] Fitness: 2.2518 | Elapsed: 15.82 sec
[ModelOptimizer] Evaluating parameters: VectorD(5.75412,	6.00000,	-4.00000,	0.800000,	2.00000)

======================================================================
TRAFFIC MODEL BUILDER SUMMARY
======================================================================
Network:      US-101-N-DonaldDoyle
Segments:     7
Lanes:        4
Junctions:    8
Ramps:        2
Sensors:      5
Mode:         PeMS Data-Driven
Car-Following: Gipps
ODE Solver:   Ballistic
Vmax:         35.0 m/s
======================================================================
Skipping Source actor due to time limit at clock = 43201.00125327633
Skipping Source actor due to time limit at clock = 43210.6788297557
-----------------------------
| Model.cleanup in progress |
-----------------------------
cleanup: agenda
cleanup: wait queues
coroutine counts = (22886931,22885399,22884630)
[ModelOptimizer] Fitness: 2.2518 | Elapsed: 16.01 sec
[ModelOptimizer] Evaluating parameters: VectorD(4.97885,	6.00000,	-4.00000,	0.800000,	2.00000)

======================================================================
TRAFFIC MODEL BUILDER SUMMARY
======================================================================
Network:      US-101-N-DonaldDoyle
Segments:     7
Lanes:        4
Junctions:    8
Ramps:        2
Sensors:      5
Mode:         PeMS Data-Driven
Car-Following: Gipps
ODE Solver:   Ballistic
Vmax:         35.0 m/s
======================================================================
Skipping Source actor due to time limit at clock = 43201.00125327633
Skipping Source actor due to time limit at clock = 43210.6788297557
-----------------------------
| Model.cleanup in progress |
-----------------------------
cleanup: agenda
cleanup: wait queues
coroutine counts = (22946688,22945152,22944381)
[ModelOptimizer] Fitness: 2.2518 | Elapsed: 15.60 sec
[ModelOptimizer] Evaluating parameters: VectorD(5.08807,	6.00000,	-4.00000,	5.00000,	0.200000)

======================================================================
TRAFFIC MODEL BUILDER SUMMARY
======================================================================
Network:      US-101-N-DonaldDoyle
Segments:     7
Lanes:        4
Junctions:    8
Ramps:        2
Sensors:      5
Mode:         PeMS Data-Driven
Car-Following: Gipps
ODE Solver:   Ballistic
Vmax:         35.0 m/s
======================================================================
Skipping Source actor due to time limit at clock = 43201.00125327633
Skipping Source actor due to time limit at clock = 43210.6788297557
-----------------------------
| Model.cleanup in progress |
-----------------------------
cleanup: agenda
cleanup: wait queues
coroutine counts = (23006445,23004905,23004132)
[ModelOptimizer] Fitness: 4.9154 | Elapsed: 66.57 sec
[ModelOptimizer] Evaluating parameters: VectorD(8.00000,	6.00000,	-4.00000,	5.00000,	2.00000)

======================================================================
TRAFFIC MODEL BUILDER SUMMARY
======================================================================
Network:      US-101-N-DonaldDoyle
Segments:     7
Lanes:        4
Junctions:    8
Ramps:        2
Sensors:      5
Mode:         PeMS Data-Driven
Car-Following: Gipps
ODE Solver:   Ballistic
Vmax:         35.0 m/s
======================================================================
Skipping Source actor due to time limit at clock = 43201.00125327633
Skipping Source actor due to time limit at clock = 43210.6788297557
-----------------------------
| Model.cleanup in progress |
-----------------------------
cleanup: agenda
cleanup: wait queues
coroutine counts = (23066202,23064658,23063883)
[ModelOptimizer] Fitness: 2.2518 | Elapsed: 15.54 sec
[ModelOptimizer] Evaluating parameters: VectorD(7.10145,	6.00000,	-4.00000,	5.00000,	0.200000)

======================================================================
TRAFFIC MODEL BUILDER SUMMARY
======================================================================
Network:      US-101-N-DonaldDoyle
Segments:     7
Lanes:        4
Junctions:    8
Ramps:        2
Sensors:      5
Mode:         PeMS Data-Driven
Car-Following: Gipps
ODE Solver:   Ballistic
Vmax:         35.0 m/s
======================================================================
Skipping Source actor due to time limit at clock = 43201.00125327633
Skipping Source actor due to time limit at clock = 43210.6788297557
-----------------------------
| Model.cleanup in progress |
-----------------------------
cleanup: agenda
cleanup: wait queues
coroutine counts = (23125959,23124411,23123634)
[ModelOptimizer] Fitness: 4.9154 | Elapsed: 66.13 sec
[ModelOptimizer] Evaluating parameters: VectorD(6.43126,	6.00000,	-0.500000,	3.93580,	2.00000)

======================================================================
TRAFFIC MODEL BUILDER SUMMARY
======================================================================
Network:      US-101-N-DonaldDoyle
Segments:     7
Lanes:        4
Junctions:    8
Ramps:        2
Sensors:      5
Mode:         PeMS Data-Driven
Car-Following: Gipps
ODE Solver:   Ballistic
Vmax:         35.0 m/s
======================================================================
Skipping Source actor due to time limit at clock = 43201.00125327633
Skipping Source actor due to time limit at clock = 43210.6788297557
-----------------------------
| Model.cleanup in progress |
-----------------------------
cleanup: agenda
cleanup: wait queues
coroutine counts = (23185716,23184164,23183385)
[ModelOptimizer] Fitness: NaN | Elapsed: 17.74 sec
[ModelOptimizer] Evaluating parameters: VectorD(8.00000,	6.00000,	-4.00000,	0.800000,	2.00000)

======================================================================
TRAFFIC MODEL BUILDER SUMMARY
======================================================================
Network:      US-101-N-DonaldDoyle
Segments:     7
Lanes:        4
Junctions:    8
Ramps:        2
Sensors:      5
Mode:         PeMS Data-Driven
Car-Following: Gipps
ODE Solver:   Ballistic
Vmax:         35.0 m/s
======================================================================
Skipping Source actor due to time limit at clock = 43201.00125327633
Skipping Source actor due to time limit at clock = 43210.6788297557
-----------------------------
| Model.cleanup in progress |
-----------------------------
cleanup: agenda
cleanup: wait queues
coroutine counts = (23245473,23243917,23243136)
[ModelOptimizer] Fitness: 2.2518 | Elapsed: 15.57 sec
[ModelOptimizer] Evaluating parameters: VectorD(3.49995,	6.00000,	-4.00000,	0.800000,	2.00000)

======================================================================
TRAFFIC MODEL BUILDER SUMMARY
======================================================================
Network:      US-101-N-DonaldDoyle
Segments:     7
Lanes:        4
Junctions:    8
Ramps:        2
Sensors:      5
Mode:         PeMS Data-Driven
Car-Following: Gipps
ODE Solver:   Ballistic
Vmax:         35.0 m/s
======================================================================
Skipping Source actor due to time limit at clock = 43201.00125327633
Skipping Source actor due to time limit at clock = 43210.6788297557
-----------------------------
| Model.cleanup in progress |
-----------------------------
cleanup: agenda
cleanup: wait queues
coroutine counts = (23305230,23303670,23302887)
[ModelOptimizer] Fitness: 2.2518 | Elapsed: 16.23 sec
[ModelOptimizer] Evaluating parameters: VectorD(8.00000,	6.00000,	-4.00000,	4.23774,	1.80974)

======================================================================
TRAFFIC MODEL BUILDER SUMMARY
======================================================================
Network:      US-101-N-DonaldDoyle
Segments:     7
Lanes:        4
Junctions:    8
Ramps:        2
Sensors:      5
Mode:         PeMS Data-Driven
Car-Following: Gipps
ODE Solver:   Ballistic
Vmax:         35.0 m/s
======================================================================
Skipping Source actor due to time limit at clock = 43201.00125327633
Skipping Source actor due to time limit at clock = 43210.6788297557
-----------------------------
| Model.cleanup in progress |
-----------------------------
cleanup: agenda
cleanup: wait queues
coroutine counts = (23364987,23363423,23362638)
[ModelOptimizer] Fitness: 2.4975 | Elapsed: 16.44 sec
[ModelOptimizer] Evaluating parameters: VectorD(8.00000,	6.00000,	-4.00000,	4.23774,	1.80974)

======================================================================
TRAFFIC MODEL BUILDER SUMMARY
======================================================================
Network:      US-101-N-DonaldDoyle
Segments:     7
Lanes:        4
Junctions:    8
Ramps:        2
Sensors:      5
Mode:         PeMS Data-Driven
Car-Following: Gipps
ODE Solver:   Ballistic
Vmax:         35.0 m/s
======================================================================
Skipping Source actor due to time limit at clock = 43201.00125327633
Skipping Source actor due to time limit at clock = 43210.6788297557
-----------------------------
| Model.cleanup in progress |
-----------------------------
cleanup: agenda
cleanup: wait queues
coroutine counts = (23424744,23423176,23422389)
[ModelOptimizer] Fitness: 2.4975 | Elapsed: 16.18 sec
[ModelOptimizer] Evaluating parameters: VectorD(8.00000,	6.00000,	-4.00000,	5.00000,	2.00000)

======================================================================
TRAFFIC MODEL BUILDER SUMMARY
======================================================================
Network:      US-101-N-DonaldDoyle
Segments:     7
Lanes:        4
Junctions:    8
Ramps:        2
Sensors:      5
Mode:         PeMS Data-Driven
Car-Following: Gipps
ODE Solver:   Ballistic
Vmax:         35.0 m/s
======================================================================
Skipping Source actor due to time limit at clock = 43201.00125327633
Skipping Source actor due to time limit at clock = 43210.6788297557
-----------------------------
| Model.cleanup in progress |
-----------------------------
cleanup: agenda
cleanup: wait queues
coroutine counts = (23484501,23482929,23482140)
[ModelOptimizer] Fitness: 2.2518 | Elapsed: 16.22 sec
[ModelOptimizer] Evaluating parameters: VectorD(3.36869,	6.00000,	-0.500000,	1.43496,	2.00000)

======================================================================
TRAFFIC MODEL BUILDER SUMMARY
======================================================================
Network:      US-101-N-DonaldDoyle
Segments:     7
Lanes:        4
Junctions:    8
Ramps:        2
Sensors:      5
Mode:         PeMS Data-Driven
Car-Following: Gipps
ODE Solver:   Ballistic
Vmax:         35.0 m/s
======================================================================
Skipping Source actor due to time limit at clock = 43201.00125327633
Skipping Source actor due to time limit at clock = 43210.6788297557
-----------------------------
| Model.cleanup in progress |
-----------------------------
cleanup: agenda
cleanup: wait queues
coroutine counts = (23544258,23542682,23541891)
[ModelOptimizer] Fitness: NaN | Elapsed: 17.37 sec
[ModelOptimizer] Evaluating parameters: VectorD(8.00000,	6.00000,	-4.00000,	0.800000,	2.00000)

======================================================================
TRAFFIC MODEL BUILDER SUMMARY
======================================================================
Network:      US-101-N-DonaldDoyle
Segments:     7
Lanes:        4
Junctions:    8
Ramps:        2
Sensors:      5
Mode:         PeMS Data-Driven
Car-Following: Gipps
ODE Solver:   Ballistic
Vmax:         35.0 m/s
======================================================================
Skipping Source actor due to time limit at clock = 43201.00125327633
Skipping Source actor due to time limit at clock = 43210.6788297557
-----------------------------
| Model.cleanup in progress |
-----------------------------
cleanup: agenda
cleanup: wait queues
coroutine counts = (23604015,23602435,23601642)
[ModelOptimizer] Fitness: 2.2518 | Elapsed: 15.88 sec
[ModelOptimizer] Evaluating parameters: VectorD(8.00000,	6.00000,	-2.62617,	3.15749,	1.26815)

======================================================================
TRAFFIC MODEL BUILDER SUMMARY
======================================================================
Network:      US-101-N-DonaldDoyle
Segments:     7
Lanes:        4
Junctions:    8
Ramps:        2
Sensors:      5
Mode:         PeMS Data-Driven
Car-Following: Gipps
ODE Solver:   Ballistic
Vmax:         35.0 m/s
======================================================================
Skipping Source actor due to time limit at clock = 43201.00125327633
Skipping Source actor due to time limit at clock = 43210.6788297557
-----------------------------
| Model.cleanup in progress |
-----------------------------
cleanup: agenda
cleanup: wait queues
coroutine counts = (23663772,23662188,23661393)
[ModelOptimizer] Fitness: 4.0685 | Elapsed: 19.02 sec
[ModelOptimizer] Evaluating parameters: VectorD(8.00000,	6.00000,	-4.00000,	0.800000,	2.00000)

======================================================================
TRAFFIC MODEL BUILDER SUMMARY
======================================================================
Network:      US-101-N-DonaldDoyle
Segments:     7
Lanes:        4
Junctions:    8
Ramps:        2
Sensors:      5
Mode:         PeMS Data-Driven
Car-Following: Gipps
ODE Solver:   Ballistic
Vmax:         35.0 m/s
======================================================================
Skipping Source actor due to time limit at clock = 43201.00125327633
Skipping Source actor due to time limit at clock = 43210.6788297557
-----------------------------
| Model.cleanup in progress |
-----------------------------
cleanup: agenda
cleanup: wait queues
coroutine counts = (23723529,23721941,23721144)
[ModelOptimizer] Fitness: 2.2518 | Elapsed: 15.82 sec
[ModelOptimizer] Evaluating parameters: VectorD(1.00000,	1.91659,	-4.00000,	0.800000,	2.00000)

======================================================================
TRAFFIC MODEL BUILDER SUMMARY
======================================================================
Network:      US-101-N-DonaldDoyle
Segments:     7
Lanes:        4
Junctions:    8
Ramps:        2
Sensors:      5
Mode:         PeMS Data-Driven
Car-Following: Gipps
ODE Solver:   Ballistic
Vmax:         35.0 m/s
======================================================================
Skipping Source actor due to time limit at clock = 43201.00125327633
Skipping Source actor due to time limit at clock = 43210.6788297557
-----------------------------
| Model.cleanup in progress |
-----------------------------
cleanup: agenda
cleanup: wait queues
coroutine counts = (23783286,23781694,23780895)
[ModelOptimizer] Fitness: 2.6829 | Elapsed: 16.19 sec
[ModelOptimizer] Evaluating parameters: VectorD(8.00000,	6.00000,	-3.45523,	0.800000,	2.00000)

======================================================================
TRAFFIC MODEL BUILDER SUMMARY
======================================================================
Network:      US-101-N-DonaldDoyle
Segments:     7
Lanes:        4
Junctions:    8
Ramps:        2
Sensors:      5
Mode:         PeMS Data-Driven
Car-Following: Gipps
ODE Solver:   Ballistic
Vmax:         35.0 m/s
======================================================================
Skipping Source actor due to time limit at clock = 43201.00125327633
Skipping Source actor due to time limit at clock = 43210.6788297557
-----------------------------
| Model.cleanup in progress |
-----------------------------
cleanup: agenda
cleanup: wait queues
coroutine counts = (23843043,23841447,23840646)
[ModelOptimizer] Fitness: 2.5380 | Elapsed: 15.55 sec
[ModelOptimizer] Evaluating parameters: VectorD(8.00000,	6.00000,	-4.00000,	0.800000,	0.200000)

======================================================================
TRAFFIC MODEL BUILDER SUMMARY
======================================================================
Network:      US-101-N-DonaldDoyle
Segments:     7
Lanes:        4
Junctions:    8
Ramps:        2
Sensors:      5
Mode:         PeMS Data-Driven
Car-Following: Gipps
ODE Solver:   Ballistic
Vmax:         35.0 m/s
======================================================================
Skipping Source actor due to time limit at clock = 43201.00125327633
Skipping Source actor due to time limit at clock = 43210.6788297557
-----------------------------
| Model.cleanup in progress |
-----------------------------
cleanup: agenda
cleanup: wait queues
coroutine counts = (23902800,23901200,23900397)
[ModelOptimizer] Fitness: 4.9154 | Elapsed: 66.68 sec
[ModelOptimizer] Evaluating parameters: VectorD(8.00000,	6.00000,	-4.00000,	0.800000,	2.00000)

======================================================================
TRAFFIC MODEL BUILDER SUMMARY
======================================================================
Network:      US-101-N-DonaldDoyle
Segments:     7
Lanes:        4
Junctions:    8
Ramps:        2
Sensors:      5
Mode:         PeMS Data-Driven
Car-Following: Gipps
ODE Solver:   Ballistic
Vmax:         35.0 m/s
======================================================================
Skipping Source actor due to time limit at clock = 43201.00125327633
Skipping Source actor due to time limit at clock = 43210.6788297557
-----------------------------
| Model.cleanup in progress |
-----------------------------
cleanup: agenda
cleanup: wait queues
coroutine counts = (23962557,23960953,23960148)
[ModelOptimizer] Fitness: 2.2518 | Elapsed: 15.89 sec
[ModelOptimizer] Evaluating parameters: VectorD(8.00000,	6.00000,	-0.500000,	5.00000,	0.200000)

======================================================================
TRAFFIC MODEL BUILDER SUMMARY
======================================================================
Network:      US-101-N-DonaldDoyle
Segments:     7
Lanes:        4
Junctions:    8
Ramps:        2
Sensors:      5
Mode:         PeMS Data-Driven
Car-Following: Gipps
ODE Solver:   Ballistic
Vmax:         35.0 m/s
======================================================================
Skipping Source actor due to time limit at clock = 43201.00125327633
Skipping Source actor due to time limit at clock = 43210.6788297557
-----------------------------
| Model.cleanup in progress |
-----------------------------
cleanup: agenda
cleanup: wait queues
coroutine counts = (24022314,24020706,24019899)
[ModelOptimizer] Fitness: 8.6656 | Elapsed: 114.02 sec
[ModelOptimizer] Evaluating parameters: VectorD(8.00000,	6.00000,	-4.00000,	0.800000,	2.00000)

======================================================================
TRAFFIC MODEL BUILDER SUMMARY
======================================================================
Network:      US-101-N-DonaldDoyle
Segments:     7
Lanes:        4
Junctions:    8
Ramps:        2
Sensors:      5
Mode:         PeMS Data-Driven
Car-Following: Gipps
ODE Solver:   Ballistic
Vmax:         35.0 m/s
======================================================================
Skipping Source actor due to time limit at clock = 43201.00125327633
Skipping Source actor due to time limit at clock = 43210.6788297557
-----------------------------
| Model.cleanup in progress |
-----------------------------
cleanup: agenda
cleanup: wait queues
coroutine counts = (24082071,24080459,24079650)
[ModelOptimizer] Fitness: 2.2518 | Elapsed: 15.86 sec
[ModelOptimizer] Evaluating parameters: VectorD(8.00000,	6.00000,	-1.55079,	5.00000,	1.97942)

======================================================================
TRAFFIC MODEL BUILDER SUMMARY
======================================================================
Network:      US-101-N-DonaldDoyle
Segments:     7
Lanes:        4
Junctions:    8
Ramps:        2
Sensors:      5
Mode:         PeMS Data-Driven
Car-Following: Gipps
ODE Solver:   Ballistic
Vmax:         35.0 m/s
======================================================================
Skipping Source actor due to time limit at clock = 43201.00125327633
Skipping Source actor due to time limit at clock = 43210.6788297557
-----------------------------
| Model.cleanup in progress |
-----------------------------
cleanup: agenda
cleanup: wait queues
coroutine counts = (24141828,24140212,24139401)
[ModelOptimizer] Fitness: NaN | Elapsed: 16.22 sec
[ModelOptimizer] Evaluating parameters: VectorD(6.15219,	6.00000,	-0.500000,	5.00000,	2.00000)

======================================================================
TRAFFIC MODEL BUILDER SUMMARY
======================================================================
Network:      US-101-N-DonaldDoyle
Segments:     7
Lanes:        4
Junctions:    8
Ramps:        2
Sensors:      5
Mode:         PeMS Data-Driven
Car-Following: Gipps
ODE Solver:   Ballistic
Vmax:         35.0 m/s
======================================================================
Skipping Source actor due to time limit at clock = 43201.00125327633
Skipping Source actor due to time limit at clock = 43210.6788297557
-----------------------------
| Model.cleanup in progress |
-----------------------------
cleanup: agenda
cleanup: wait queues
coroutine counts = (24201585,24199965,24199152)
[ModelOptimizer] Fitness: NaN | Elapsed: 17.61 sec
[ModelOptimizer] Evaluating parameters: VectorD(1.59064,	6.00000,	-4.00000,	0.800000,	2.00000)

======================================================================
TRAFFIC MODEL BUILDER SUMMARY
======================================================================
Network:      US-101-N-DonaldDoyle
Segments:     7
Lanes:        4
Junctions:    8
Ramps:        2
Sensors:      5
Mode:         PeMS Data-Driven
Car-Following: Gipps
ODE Solver:   Ballistic
Vmax:         35.0 m/s
======================================================================
Skipping Source actor due to time limit at clock = 43201.00125327633
Skipping Source actor due to time limit at clock = 43210.6788297557
-----------------------------
| Model.cleanup in progress |
-----------------------------
cleanup: agenda
cleanup: wait queues
coroutine counts = (24261342,24259718,24258903)
[ModelOptimizer] Fitness: 2.2518 | Elapsed: 15.43 sec
[ModelOptimizer] Evaluating parameters: VectorD(5.40211,	6.00000,	-4.00000,	5.00000,	0.200000)

======================================================================
TRAFFIC MODEL BUILDER SUMMARY
======================================================================
Network:      US-101-N-DonaldDoyle
Segments:     7
Lanes:        4
Junctions:    8
Ramps:        2
Sensors:      5
Mode:         PeMS Data-Driven
Car-Following: Gipps
ODE Solver:   Ballistic
Vmax:         35.0 m/s
======================================================================
Skipping Source actor due to time limit at clock = 43201.00125327633
Skipping Source actor due to time limit at clock = 43210.6788297557
-----------------------------
| Model.cleanup in progress |
-----------------------------
cleanup: agenda
cleanup: wait queues
coroutine counts = (24321099,24319471,24318654)
[ModelOptimizer] Fitness: 4.9154 | Elapsed: 66.08 sec
[ModelOptimizer] Evaluating parameters: VectorD(1.59064,	6.00000,	-4.00000,	0.800000,	2.00000)

======================================================================
TRAFFIC MODEL BUILDER SUMMARY
======================================================================
Network:      US-101-N-DonaldDoyle
Segments:     7
Lanes:        4
Junctions:    8
Ramps:        2
Sensors:      5
Mode:         PeMS Data-Driven
Car-Following: Gipps
ODE Solver:   Ballistic
Vmax:         35.0 m/s
======================================================================
Skipping Source actor due to time limit at clock = 43201.00125327633
Skipping Source actor due to time limit at clock = 43210.6788297557
-----------------------------
| Model.cleanup in progress |
-----------------------------
cleanup: agenda
cleanup: wait queues
coroutine counts = (24380856,24379224,24378405)
[ModelOptimizer] Fitness: 2.2518 | Elapsed: 16.14 sec
[ModelOptimizer] Evaluating parameters: VectorD(1.00000,	6.00000,	-4.00000,	0.800000,	2.00000)

======================================================================
TRAFFIC MODEL BUILDER SUMMARY
======================================================================
Network:      US-101-N-DonaldDoyle
Segments:     7
Lanes:        4
Junctions:    8
Ramps:        2
Sensors:      5
Mode:         PeMS Data-Driven
Car-Following: Gipps
ODE Solver:   Ballistic
Vmax:         35.0 m/s
======================================================================
Skipping Source actor due to time limit at clock = 43201.00125327633
Skipping Source actor due to time limit at clock = 43210.6788297557
-----------------------------
| Model.cleanup in progress |
-----------------------------
cleanup: agenda
cleanup: wait queues
coroutine counts = (24440613,24438977,24438156)
[ModelOptimizer] Fitness: 2.2518 | Elapsed: 15.59 sec
[ModelOptimizer] Evaluating parameters: VectorD(8.00000,	6.00000,	-2.69881,	3.30984,	2.00000)

======================================================================
TRAFFIC MODEL BUILDER SUMMARY
======================================================================
Network:      US-101-N-DonaldDoyle
Segments:     7
Lanes:        4
Junctions:    8
Ramps:        2
Sensors:      5
Mode:         PeMS Data-Driven
Car-Following: Gipps
ODE Solver:   Ballistic
Vmax:         35.0 m/s
======================================================================
Skipping Source actor due to time limit at clock = 43201.00125327633
Skipping Source actor due to time limit at clock = 43210.6788297557
-----------------------------
| Model.cleanup in progress |
-----------------------------
cleanup: agenda
cleanup: wait queues
coroutine counts = (24500370,24498730,24497907)
[ModelOptimizer] Fitness: 3.1051 | Elapsed: 16.50 sec
[ModelOptimizer] Evaluating parameters: VectorD(1.00000,	6.00000,	-4.00000,	0.800000,	2.00000)

======================================================================
TRAFFIC MODEL BUILDER SUMMARY
======================================================================
Network:      US-101-N-DonaldDoyle
Segments:     7
Lanes:        4
Junctions:    8
Ramps:        2
Sensors:      5
Mode:         PeMS Data-Driven
Car-Following: Gipps
ODE Solver:   Ballistic
Vmax:         35.0 m/s
======================================================================
Skipping Source actor due to time limit at clock = 43201.00125327633
Skipping Source actor due to time limit at clock = 43210.6788297557
-----------------------------
| Model.cleanup in progress |
-----------------------------
cleanup: agenda
cleanup: wait queues
coroutine counts = (24560127,24558483,24557658)
[ModelOptimizer] Fitness: 2.2518 | Elapsed: 15.82 sec
[ModelOptimizer] Evaluating parameters: VectorD(7.72554,	6.00000,	-4.00000,	0.800000,	2.00000)

======================================================================
TRAFFIC MODEL BUILDER SUMMARY
======================================================================
Network:      US-101-N-DonaldDoyle
Segments:     7
Lanes:        4
Junctions:    8
Ramps:        2
Sensors:      5
Mode:         PeMS Data-Driven
Car-Following: Gipps
ODE Solver:   Ballistic
Vmax:         35.0 m/s
======================================================================
Skipping Source actor due to time limit at clock = 43201.00125327633
Skipping Source actor due to time limit at clock = 43210.6788297557
-----------------------------
| Model.cleanup in progress |
-----------------------------
cleanup: agenda
cleanup: wait queues
coroutine counts = (24619884,24618236,24617409)
[ModelOptimizer] Fitness: 2.2518 | Elapsed: 15.86 sec
[ModelOptimizer] Evaluating parameters: VectorD(1.00000,	6.00000,	-4.00000,	0.800000,	2.00000)

======================================================================
TRAFFIC MODEL BUILDER SUMMARY
======================================================================
Network:      US-101-N-DonaldDoyle
Segments:     7
Lanes:        4
Junctions:    8
Ramps:        2
Sensors:      5
Mode:         PeMS Data-Driven
Car-Following: Gipps
ODE Solver:   Ballistic
Vmax:         35.0 m/s
======================================================================
Skipping Source actor due to time limit at clock = 43201.00125327633
Skipping Source actor due to time limit at clock = 43210.6788297557
-----------------------------
| Model.cleanup in progress |
-----------------------------
cleanup: agenda
cleanup: wait queues
coroutine counts = (24679641,24677989,24677160)
[ModelOptimizer] Fitness: 2.2518 | Elapsed: 15.87 sec
[ModelOptimizer] Evaluating parameters: VectorD(8.00000,	6.00000,	-4.00000,	0.800000,	2.00000)

======================================================================
TRAFFIC MODEL BUILDER SUMMARY
======================================================================
Network:      US-101-N-DonaldDoyle
Segments:     7
Lanes:        4
Junctions:    8
Ramps:        2
Sensors:      5
Mode:         PeMS Data-Driven
Car-Following: Gipps
ODE Solver:   Ballistic
Vmax:         35.0 m/s
======================================================================
Skipping Source actor due to time limit at clock = 43201.00125327633
Skipping Source actor due to time limit at clock = 43210.6788297557
-----------------------------
| Model.cleanup in progress |
-----------------------------
cleanup: agenda
cleanup: wait queues
coroutine counts = (24739398,24737742,24736911)
[ModelOptimizer] Fitness: 2.2518 | Elapsed: 15.67 sec
[ModelOptimizer] Evaluating parameters: VectorD(8.00000,	0.800000,	-2.95142,	0.800000,	2.00000)

======================================================================
TRAFFIC MODEL BUILDER SUMMARY
======================================================================
Network:      US-101-N-DonaldDoyle
Segments:     7
Lanes:        4
Junctions:    8
Ramps:        2
Sensors:      5
Mode:         PeMS Data-Driven
Car-Following: Gipps
ODE Solver:   Ballistic
Vmax:         35.0 m/s
======================================================================
Skipping Source actor due to time limit at clock = 43201.00125327633
Skipping Source actor due to time limit at clock = 43210.6788297557
-----------------------------
| Model.cleanup in progress |
-----------------------------
cleanup: agenda
cleanup: wait queues
coroutine counts = (24799155,24797495,24796662)
[ModelOptimizer] Fitness: 3.9592 | Elapsed: 16.71 sec
[ModelOptimizer] Evaluating parameters: VectorD(8.00000,	6.00000,	-4.00000,	0.800000,	2.00000)

======================================================================
TRAFFIC MODEL BUILDER SUMMARY
======================================================================
Network:      US-101-N-DonaldDoyle
Segments:     7
Lanes:        4
Junctions:    8
Ramps:        2
Sensors:      5
Mode:         PeMS Data-Driven
Car-Following: Gipps
ODE Solver:   Ballistic
Vmax:         35.0 m/s
======================================================================
Skipping Source actor due to time limit at clock = 43201.00125327633
Skipping Source actor due to time limit at clock = 43210.6788297557
-----------------------------
| Model.cleanup in progress |
-----------------------------
cleanup: agenda
cleanup: wait queues
coroutine counts = (24858912,24857248,24856413)
[ModelOptimizer] Fitness: 2.2518 | Elapsed: 15.70 sec
[ModelOptimizer] Evaluating parameters: VectorD(4.14700,	6.00000,	-4.00000,	0.800000,	2.00000)

======================================================================
TRAFFIC MODEL BUILDER SUMMARY
======================================================================
Network:      US-101-N-DonaldDoyle
Segments:     7
Lanes:        4
Junctions:    8
Ramps:        2
Sensors:      5
Mode:         PeMS Data-Driven
Car-Following: Gipps
ODE Solver:   Ballistic
Vmax:         35.0 m/s
======================================================================
Skipping Source actor due to time limit at clock = 43201.00125327633
Skipping Source actor due to time limit at clock = 43210.6788297557
-----------------------------
| Model.cleanup in progress |
-----------------------------
cleanup: agenda
cleanup: wait queues
coroutine counts = (24918669,24917001,24916164)
[ModelOptimizer] Fitness: 2.2518 | Elapsed: 15.97 sec
[ModelOptimizer] Evaluating parameters: VectorD(7.36549,	6.00000,	-4.00000,	5.00000,	0.390521)

======================================================================
TRAFFIC MODEL BUILDER SUMMARY
======================================================================
Network:      US-101-N-DonaldDoyle
Segments:     7
Lanes:        4
Junctions:    8
Ramps:        2
Sensors:      5
Mode:         PeMS Data-Driven
Car-Following: Gipps
ODE Solver:   Ballistic
Vmax:         35.0 m/s
======================================================================
Skipping Source actor due to time limit at clock = 43201.00125327633
Skipping Source actor due to time limit at clock = 43210.6788297557
-----------------------------
| Model.cleanup in progress |
-----------------------------
cleanup: agenda
cleanup: wait queues
coroutine counts = (24978426,24976754,24975915)
[ModelOptimizer] Fitness: 4.7772 | Elapsed: 38.58 sec
[ModelOptimizer] Evaluating parameters: VectorD(4.14700,	6.00000,	-4.00000,	0.800000,	2.00000)

======================================================================
TRAFFIC MODEL BUILDER SUMMARY
======================================================================
Network:      US-101-N-DonaldDoyle
Segments:     7
Lanes:        4
Junctions:    8
Ramps:        2
Sensors:      5
Mode:         PeMS Data-Driven
Car-Following: Gipps
ODE Solver:   Ballistic
Vmax:         35.0 m/s
======================================================================
Skipping Source actor due to time limit at clock = 43201.00125327633
Skipping Source actor due to time limit at clock = 43210.6788297557
-----------------------------
| Model.cleanup in progress |
-----------------------------
cleanup: agenda
cleanup: wait queues
coroutine counts = (25038183,25036507,25035666)
[ModelOptimizer] Fitness: 2.2518 | Elapsed: 15.57 sec
[ModelOptimizer] Evaluating parameters: VectorD(8.00000,	6.00000,	-4.00000,	0.800000,	0.419794)

======================================================================
TRAFFIC MODEL BUILDER SUMMARY
======================================================================
Network:      US-101-N-DonaldDoyle
Segments:     7
Lanes:        4
Junctions:    8
Ramps:        2
Sensors:      5
Mode:         PeMS Data-Driven
Car-Following: Gipps
ODE Solver:   Ballistic
Vmax:         35.0 m/s
======================================================================
Skipping Source actor due to time limit at clock = 43201.00125327633
Skipping Source actor due to time limit at clock = 43210.6788297557
-----------------------------
| Model.cleanup in progress |
-----------------------------
cleanup: agenda
cleanup: wait queues
coroutine counts = (25097940,25096260,25095417)
[ModelOptimizer] Fitness: 4.7561 | Elapsed: 37.32 sec
[ModelOptimizer] Evaluating parameters: VectorD(2.89140,	6.00000,	-0.500000,	0.800000,	2.00000)

======================================================================
TRAFFIC MODEL BUILDER SUMMARY
======================================================================
Network:      US-101-N-DonaldDoyle
Segments:     7
Lanes:        4
Junctions:    8
Ramps:        2
Sensors:      5
Mode:         PeMS Data-Driven
Car-Following: Gipps
ODE Solver:   Ballistic
Vmax:         35.0 m/s
======================================================================
Skipping Source actor due to time limit at clock = 43201.00125327633
Skipping Source actor due to time limit at clock = 43210.6788297557
-----------------------------
| Model.cleanup in progress |
-----------------------------
cleanup: agenda
cleanup: wait queues
coroutine counts = (25157697,25156013,25155168)
[ModelOptimizer] Fitness: NaN | Elapsed: 17.29 sec
[ModelOptimizer] Evaluating parameters: VectorD(8.00000,	6.00000,	-0.500000,	0.800000,	0.486488)

======================================================================
TRAFFIC MODEL BUILDER SUMMARY
======================================================================
Network:      US-101-N-DonaldDoyle
Segments:     7
Lanes:        4
Junctions:    8
Ramps:        2
Sensors:      5
Mode:         PeMS Data-Driven
Car-Following: Gipps
ODE Solver:   Ballistic
Vmax:         35.0 m/s
======================================================================
Skipping Source actor due to time limit at clock = 43201.00125327633
Skipping Source actor due to time limit at clock = 43210.6788297557
-----------------------------
| Model.cleanup in progress |
-----------------------------
cleanup: agenda
cleanup: wait queues
coroutine counts = (25217454,25215766,25214919)
[ModelOptimizer] Fitness: 8.9256 | Elapsed: 52.20 sec
[ModelOptimizer] Evaluating parameters: VectorD(8.00000,	6.00000,	-4.00000,	3.71290,	0.486488)

======================================================================
TRAFFIC MODEL BUILDER SUMMARY
======================================================================
Network:      US-101-N-DonaldDoyle
Segments:     7
Lanes:        4
Junctions:    8
Ramps:        2
Sensors:      5
Mode:         PeMS Data-Driven
Car-Following: Gipps
ODE Solver:   Ballistic
Vmax:         35.0 m/s
======================================================================
Skipping Source actor due to time limit at clock = 43201.00125327633
Skipping Source actor due to time limit at clock = 43210.6788297557
-----------------------------
| Model.cleanup in progress |
-----------------------------
cleanup: agenda
cleanup: wait queues
coroutine counts = (25277211,25275519,25274670)
[ModelOptimizer] Fitness: 4.6565 | Elapsed: 33.05 sec
[ModelOptimizer] Evaluating parameters: VectorD(3.20833,	6.00000,	-4.00000,	0.800000,	2.00000)

======================================================================
TRAFFIC MODEL BUILDER SUMMARY
======================================================================
Network:      US-101-N-DonaldDoyle
Segments:     7
Lanes:        4
Junctions:    8
Ramps:        2
Sensors:      5
Mode:         PeMS Data-Driven
Car-Following: Gipps
ODE Solver:   Ballistic
Vmax:         35.0 m/s
======================================================================
Skipping Source actor due to time limit at clock = 43201.00125327633
Skipping Source actor due to time limit at clock = 43210.6788297557
-----------------------------
| Model.cleanup in progress |
-----------------------------
cleanup: agenda
cleanup: wait queues
coroutine counts = (25336968,25335272,25334421)
[ModelOptimizer] Fitness: 2.2518 | Elapsed: 15.59 sec
[ModelOptimizer] Evaluating parameters: VectorD(8.00000,	6.00000,	-4.00000,	2.69779,	1.95013)

======================================================================
TRAFFIC MODEL BUILDER SUMMARY
======================================================================
Network:      US-101-N-DonaldDoyle
Segments:     7
Lanes:        4
Junctions:    8
Ramps:        2
Sensors:      5
Mode:         PeMS Data-Driven
Car-Following: Gipps
ODE Solver:   Ballistic
Vmax:         35.0 m/s
======================================================================
Skipping Source actor due to time limit at clock = 43201.00125327633
Skipping Source actor due to time limit at clock = 43210.6788297557
-----------------------------
| Model.cleanup in progress |
-----------------------------
cleanup: agenda
cleanup: wait queues
coroutine counts = (25396725,25395025,25394172)
[ModelOptimizer] Fitness: 2.2347 | Elapsed: 15.96 sec
       9 |      2.23470146 |      2.23470146 |      22.5% ✓
[ModelOptimizer] Evaluating parameters: VectorD(8.00000,	6.00000,	-4.00000,	0.800000,	2.00000)

======================================================================
TRAFFIC MODEL BUILDER SUMMARY
======================================================================
Network:      US-101-N-DonaldDoyle
Segments:     7
Lanes:        4
Junctions:    8
Ramps:        2
Sensors:      5
Mode:         PeMS Data-Driven
Car-Following: Gipps
ODE Solver:   Ballistic
Vmax:         35.0 m/s
======================================================================
Skipping Source actor due to time limit at clock = 43201.00125327633
Skipping Source actor due to time limit at clock = 43210.6788297557
-----------------------------
| Model.cleanup in progress |
-----------------------------
cleanup: agenda
cleanup: wait queues
coroutine counts = (25456482,25454778,25453923)
[ModelOptimizer] Fitness: 2.2518 | Elapsed: 16.27 sec
[ModelOptimizer] Evaluating parameters: VectorD(8.00000,	6.00000,	-4.00000,	0.800000,	2.00000)

======================================================================
TRAFFIC MODEL BUILDER SUMMARY
======================================================================
Network:      US-101-N-DonaldDoyle
Segments:     7
Lanes:        4
Junctions:    8
Ramps:        2
Sensors:      5
Mode:         PeMS Data-Driven
Car-Following: Gipps
ODE Solver:   Ballistic
Vmax:         35.0 m/s
======================================================================
Skipping Source actor due to time limit at clock = 43201.00125327633
Skipping Source actor due to time limit at clock = 43210.6788297557
-----------------------------
| Model.cleanup in progress |
-----------------------------
cleanup: agenda
cleanup: wait queues
coroutine counts = (25516239,25514531,25513674)
[ModelOptimizer] Fitness: 2.2518 | Elapsed: 15.48 sec
[ModelOptimizer] Evaluating parameters: VectorD(8.00000,	6.00000,	-4.00000,	0.800000,	2.00000)

======================================================================
TRAFFIC MODEL BUILDER SUMMARY
======================================================================
Network:      US-101-N-DonaldDoyle
Segments:     7
Lanes:        4
Junctions:    8
Ramps:        2
Sensors:      5
Mode:         PeMS Data-Driven
Car-Following: Gipps
ODE Solver:   Ballistic
Vmax:         35.0 m/s
======================================================================
Skipping Source actor due to time limit at clock = 43201.00125327633
Skipping Source actor due to time limit at clock = 43210.6788297557
-----------------------------
| Model.cleanup in progress |
-----------------------------
cleanup: agenda
cleanup: wait queues
coroutine counts = (25575996,25574284,25573425)
[ModelOptimizer] Fitness: 2.2518 | Elapsed: 15.92 sec
[ModelOptimizer] Evaluating parameters: VectorD(4.97885,	6.00000,	-4.00000,	0.800000,	2.00000)

======================================================================
TRAFFIC MODEL BUILDER SUMMARY
======================================================================
Network:      US-101-N-DonaldDoyle
Segments:     7
Lanes:        4
Junctions:    8
Ramps:        2
Sensors:      5
Mode:         PeMS Data-Driven
Car-Following: Gipps
ODE Solver:   Ballistic
Vmax:         35.0 m/s
======================================================================
Skipping Source actor due to time limit at clock = 43201.00125327633
Skipping Source actor due to time limit at clock = 43210.6788297557
-----------------------------
| Model.cleanup in progress |
-----------------------------
cleanup: agenda
cleanup: wait queues
coroutine counts = (25635753,25634037,25633176)
[ModelOptimizer] Fitness: 2.2518 | Elapsed: 15.63 sec
[ModelOptimizer] Evaluating parameters: VectorD(8.00000,	6.00000,	-4.00000,	5.00000,	2.00000)

======================================================================
TRAFFIC MODEL BUILDER SUMMARY
======================================================================
Network:      US-101-N-DonaldDoyle
Segments:     7
Lanes:        4
Junctions:    8
Ramps:        2
Sensors:      5
Mode:         PeMS Data-Driven
Car-Following: Gipps
ODE Solver:   Ballistic
Vmax:         35.0 m/s
======================================================================
Skipping Source actor due to time limit at clock = 43201.00125327633
Skipping Source actor due to time limit at clock = 43210.6788297557
-----------------------------
| Model.cleanup in progress |
-----------------------------
cleanup: agenda
cleanup: wait queues
coroutine counts = (25695510,25693790,25692927)
[ModelOptimizer] Fitness: 2.2518 | Elapsed: 16.09 sec
[ModelOptimizer] Evaluating parameters: VectorD(8.00000,	6.00000,	-4.00000,	5.00000,	2.00000)

======================================================================
TRAFFIC MODEL BUILDER SUMMARY
======================================================================
Network:      US-101-N-DonaldDoyle
Segments:     7
Lanes:        4
Junctions:    8
Ramps:        2
Sensors:      5
Mode:         PeMS Data-Driven
Car-Following: Gipps
ODE Solver:   Ballistic
Vmax:         35.0 m/s
======================================================================
Skipping Source actor due to time limit at clock = 43201.00125327633
Skipping Source actor due to time limit at clock = 43210.6788297557
-----------------------------
| Model.cleanup in progress |
-----------------------------
cleanup: agenda
cleanup: wait queues
coroutine counts = (25755267,25753543,25752678)
[ModelOptimizer] Fitness: 2.2518 | Elapsed: 15.46 sec
[ModelOptimizer] Evaluating parameters: VectorD(6.43126,	6.00000,	-4.00000,	0.800000,	2.00000)

======================================================================
TRAFFIC MODEL BUILDER SUMMARY
======================================================================
Network:      US-101-N-DonaldDoyle
Segments:     7
Lanes:        4
Junctions:    8
Ramps:        2
Sensors:      5
Mode:         PeMS Data-Driven
Car-Following: Gipps
ODE Solver:   Ballistic
Vmax:         35.0 m/s
======================================================================
Skipping Source actor due to time limit at clock = 43201.00125327633
Skipping Source actor due to time limit at clock = 43210.6788297557
-----------------------------
| Model.cleanup in progress |
-----------------------------
cleanup: agenda
cleanup: wait queues
coroutine counts = (25815024,25813296,25812429)
[ModelOptimizer] Fitness: 2.2518 | Elapsed: 16.28 sec
[ModelOptimizer] Evaluating parameters: VectorD(6.43126,	6.00000,	-0.500000,	3.93580,	2.00000)

======================================================================
TRAFFIC MODEL BUILDER SUMMARY
======================================================================
Network:      US-101-N-DonaldDoyle
Segments:     7
Lanes:        4
Junctions:    8
Ramps:        2
Sensors:      5
Mode:         PeMS Data-Driven
Car-Following: Gipps
ODE Solver:   Ballistic
Vmax:         35.0 m/s
======================================================================
Skipping Source actor due to time limit at clock = 43201.00125327633
Skipping Source actor due to time limit at clock = 43210.6788297557
-----------------------------
| Model.cleanup in progress |
-----------------------------
cleanup: agenda
cleanup: wait queues
coroutine counts = (25874781,25873049,25872180)
[ModelOptimizer] Fitness: NaN | Elapsed: 18.00 sec
[ModelOptimizer] Evaluating parameters: VectorD(7.13239,	6.00000,	-4.00000,	0.800000,	2.00000)

======================================================================
TRAFFIC MODEL BUILDER SUMMARY
======================================================================
Network:      US-101-N-DonaldDoyle
Segments:     7
Lanes:        4
Junctions:    8
Ramps:        2
Sensors:      5
Mode:         PeMS Data-Driven
Car-Following: Gipps
ODE Solver:   Ballistic
Vmax:         35.0 m/s
======================================================================
Skipping Source actor due to time limit at clock = 43201.00125327633
Skipping Source actor due to time limit at clock = 43210.6788297557
-----------------------------
| Model.cleanup in progress |
-----------------------------
cleanup: agenda
cleanup: wait queues
coroutine counts = (25934538,25932802,25931931)
[ModelOptimizer] Fitness: 2.2518 | Elapsed: 15.66 sec
[ModelOptimizer] Evaluating parameters: VectorD(3.49995,	6.00000,	-4.00000,	0.800000,	2.00000)

======================================================================
TRAFFIC MODEL BUILDER SUMMARY
======================================================================
Network:      US-101-N-DonaldDoyle
Segments:     7
Lanes:        4
Junctions:    8
Ramps:        2
Sensors:      5
Mode:         PeMS Data-Driven
Car-Following: Gipps
ODE Solver:   Ballistic
Vmax:         35.0 m/s
======================================================================
Skipping Source actor due to time limit at clock = 43201.00125327633
Skipping Source actor due to time limit at clock = 43210.6788297557
-----------------------------
| Model.cleanup in progress |
-----------------------------
cleanup: agenda
cleanup: wait queues
coroutine counts = (25994295,25992555,25991682)
[ModelOptimizer] Fitness: 2.2518 | Elapsed: 16.05 sec
[ModelOptimizer] Evaluating parameters: VectorD(8.00000,	6.00000,	-4.00000,	0.800000,	2.00000)

======================================================================
TRAFFIC MODEL BUILDER SUMMARY
======================================================================
Network:      US-101-N-DonaldDoyle
Segments:     7
Lanes:        4
Junctions:    8
Ramps:        2
Sensors:      5
Mode:         PeMS Data-Driven
Car-Following: Gipps
ODE Solver:   Ballistic
Vmax:         35.0 m/s
======================================================================
Skipping Source actor due to time limit at clock = 43201.00125327633
Skipping Source actor due to time limit at clock = 43210.6788297557
-----------------------------
| Model.cleanup in progress |
-----------------------------
cleanup: agenda
cleanup: wait queues
coroutine counts = (26054052,26052308,26051433)
[ModelOptimizer] Fitness: 2.2518 | Elapsed: 15.40 sec
[ModelOptimizer] Evaluating parameters: VectorD(8.00000,	6.00000,	-4.00000,	4.23774,	1.80974)

======================================================================
TRAFFIC MODEL BUILDER SUMMARY
======================================================================
Network:      US-101-N-DonaldDoyle
Segments:     7
Lanes:        4
Junctions:    8
Ramps:        2
Sensors:      5
Mode:         PeMS Data-Driven
Car-Following: Gipps
ODE Solver:   Ballistic
Vmax:         35.0 m/s
======================================================================
Skipping Source actor due to time limit at clock = 43201.00125327633
Skipping Source actor due to time limit at clock = 43210.6788297557
-----------------------------
| Model.cleanup in progress |
-----------------------------
cleanup: agenda
cleanup: wait queues
coroutine counts = (26113809,26112061,26111184)
[ModelOptimizer] Fitness: 2.4975 | Elapsed: 16.81 sec
[ModelOptimizer] Evaluating parameters: VectorD(8.00000,	6.00000,	-4.00000,	0.800000,	2.00000)

======================================================================
TRAFFIC MODEL BUILDER SUMMARY
======================================================================
Network:      US-101-N-DonaldDoyle
Segments:     7
Lanes:        4
Junctions:    8
Ramps:        2
Sensors:      5
Mode:         PeMS Data-Driven
Car-Following: Gipps
ODE Solver:   Ballistic
Vmax:         35.0 m/s
======================================================================
Skipping Source actor due to time limit at clock = 43201.00125327633
Skipping Source actor due to time limit at clock = 43210.6788297557
-----------------------------
| Model.cleanup in progress |
-----------------------------
cleanup: agenda
cleanup: wait queues
coroutine counts = (26173566,26171814,26170935)
[ModelOptimizer] Fitness: 2.2518 | Elapsed: 16.22 sec
[ModelOptimizer] Evaluating parameters: VectorD(8.00000,	6.00000,	-0.500000,	5.00000,	0.200000)

======================================================================
TRAFFIC MODEL BUILDER SUMMARY
======================================================================
Network:      US-101-N-DonaldDoyle
Segments:     7
Lanes:        4
Junctions:    8
Ramps:        2
Sensors:      5
Mode:         PeMS Data-Driven
Car-Following: Gipps
ODE Solver:   Ballistic
Vmax:         35.0 m/s
======================================================================
Skipping Source actor due to time limit at clock = 43201.00125327633
Skipping Source actor due to time limit at clock = 43210.6788297557
-----------------------------
| Model.cleanup in progress |
-----------------------------
cleanup: agenda
cleanup: wait queues
coroutine counts = (26233323,26231567,26230686)
[ModelOptimizer] Fitness: 8.6656 | Elapsed: 114.03 sec
[ModelOptimizer] Evaluating parameters: VectorD(3.36869,	6.00000,	-0.500000,	1.43496,	2.00000)

======================================================================
TRAFFIC MODEL BUILDER SUMMARY
======================================================================
Network:      US-101-N-DonaldDoyle
Segments:     7
Lanes:        4
Junctions:    8
Ramps:        2
Sensors:      5
Mode:         PeMS Data-Driven
Car-Following: Gipps
ODE Solver:   Ballistic
Vmax:         35.0 m/s
======================================================================
Skipping Source actor due to time limit at clock = 43201.00125327633
Skipping Source actor due to time limit at clock = 43210.6788297557
-----------------------------
| Model.cleanup in progress |
-----------------------------
cleanup: agenda
cleanup: wait queues
coroutine counts = (26293080,26291320,26290437)
[ModelOptimizer] Fitness: NaN | Elapsed: 18.16 sec
[ModelOptimizer] Evaluating parameters: VectorD(8.00000,	6.00000,	-4.00000,	0.800000,	2.00000)

======================================================================
TRAFFIC MODEL BUILDER SUMMARY
======================================================================
Network:      US-101-N-DonaldDoyle
Segments:     7
Lanes:        4
Junctions:    8
Ramps:        2
Sensors:      5
Mode:         PeMS Data-Driven
Car-Following: Gipps
ODE Solver:   Ballistic
Vmax:         35.0 m/s
======================================================================
Skipping Source actor due to time limit at clock = 43201.00125327633
Skipping Source actor due to time limit at clock = 43210.6788297557
-----------------------------
| Model.cleanup in progress |
-----------------------------
cleanup: agenda
cleanup: wait queues
coroutine counts = (26352837,26351073,26350188)
[ModelOptimizer] Fitness: 2.2518 | Elapsed: 16.29 sec
[ModelOptimizer] Evaluating parameters: VectorD(8.00000,	6.00000,	-4.00000,	0.800000,	2.00000)

======================================================================
TRAFFIC MODEL BUILDER SUMMARY
======================================================================
Network:      US-101-N-DonaldDoyle
Segments:     7
Lanes:        4
Junctions:    8
Ramps:        2
Sensors:      5
Mode:         PeMS Data-Driven
Car-Following: Gipps
ODE Solver:   Ballistic
Vmax:         35.0 m/s
======================================================================
Skipping Source actor due to time limit at clock = 43201.00125327633
Skipping Source actor due to time limit at clock = 43210.6788297557
-----------------------------
| Model.cleanup in progress |
-----------------------------
cleanup: agenda
cleanup: wait queues
coroutine counts = (26412594,26410826,26409939)
[ModelOptimizer] Fitness: 2.2518 | Elapsed: 15.77 sec
[ModelOptimizer] Evaluating parameters: VectorD(3.27669,	6.00000,	-4.00000,	0.800000,	2.00000)

======================================================================
TRAFFIC MODEL BUILDER SUMMARY
======================================================================
Network:      US-101-N-DonaldDoyle
Segments:     7
Lanes:        4
Junctions:    8
Ramps:        2
Sensors:      5
Mode:         PeMS Data-Driven
Car-Following: Gipps
ODE Solver:   Ballistic
Vmax:         35.0 m/s
======================================================================
Skipping Source actor due to time limit at clock = 43201.00125327633
Skipping Source actor due to time limit at clock = 43210.6788297557
-----------------------------
| Model.cleanup in progress |
-----------------------------
cleanup: agenda
cleanup: wait queues
coroutine counts = (26472351,26470579,26469690)
[ModelOptimizer] Fitness: 2.2518 | Elapsed: 17.17 sec
[ModelOptimizer] Evaluating parameters: VectorD(8.00000,	6.00000,	-3.45523,	0.800000,	2.00000)

======================================================================
TRAFFIC MODEL BUILDER SUMMARY
======================================================================
Network:      US-101-N-DonaldDoyle
Segments:     7
Lanes:        4
Junctions:    8
Ramps:        2
Sensors:      5
Mode:         PeMS Data-Driven
Car-Following: Gipps
ODE Solver:   Ballistic
Vmax:         35.0 m/s
======================================================================
Skipping Source actor due to time limit at clock = 43201.00125327633
Skipping Source actor due to time limit at clock = 43210.6788297557
-----------------------------
| Model.cleanup in progress |
-----------------------------
cleanup: agenda
cleanup: wait queues
coroutine counts = (26532108,26530332,26529441)
[ModelOptimizer] Fitness: 2.5380 | Elapsed: 16.92 sec
[ModelOptimizer] Evaluating parameters: VectorD(3.27669,	6.00000,	-4.00000,	0.800000,	2.00000)

======================================================================
TRAFFIC MODEL BUILDER SUMMARY
======================================================================
Network:      US-101-N-DonaldDoyle
Segments:     7
Lanes:        4
Junctions:    8
Ramps:        2
Sensors:      5
Mode:         PeMS Data-Driven
Car-Following: Gipps
ODE Solver:   Ballistic
Vmax:         35.0 m/s
======================================================================
Skipping Source actor due to time limit at clock = 43201.00125327633
Skipping Source actor due to time limit at clock = 43210.6788297557
-----------------------------
| Model.cleanup in progress |
-----------------------------
cleanup: agenda
cleanup: wait queues
coroutine counts = (26591865,26590085,26589192)
[ModelOptimizer] Fitness: 2.2518 | Elapsed: 15.89 sec
[ModelOptimizer] Evaluating parameters: VectorD(8.00000,	6.00000,	-4.00000,	0.800000,	2.00000)

======================================================================
TRAFFIC MODEL BUILDER SUMMARY
======================================================================
Network:      US-101-N-DonaldDoyle
Segments:     7
Lanes:        4
Junctions:    8
Ramps:        2
Sensors:      5
Mode:         PeMS Data-Driven
Car-Following: Gipps
ODE Solver:   Ballistic
Vmax:         35.0 m/s
======================================================================
Skipping Source actor due to time limit at clock = 43201.00125327633
Skipping Source actor due to time limit at clock = 43210.6788297557
-----------------------------
| Model.cleanup in progress |
-----------------------------
cleanup: agenda
cleanup: wait queues
coroutine counts = (26651622,26649838,26648943)
[ModelOptimizer] Fitness: 2.2518 | Elapsed: 16.32 sec
[ModelOptimizer] Evaluating parameters: VectorD(8.00000,	6.00000,	-4.00000,	0.800000,	2.00000)

======================================================================
TRAFFIC MODEL BUILDER SUMMARY
======================================================================
Network:      US-101-N-DonaldDoyle
Segments:     7
Lanes:        4
Junctions:    8
Ramps:        2
Sensors:      5
Mode:         PeMS Data-Driven
Car-Following: Gipps
ODE Solver:   Ballistic
Vmax:         35.0 m/s
======================================================================
Skipping Source actor due to time limit at clock = 43201.00125327633
Skipping Source actor due to time limit at clock = 43210.6788297557
-----------------------------
| Model.cleanup in progress |
-----------------------------
cleanup: agenda
cleanup: wait queues
coroutine counts = (26711379,26709591,26708694)
[ModelOptimizer] Fitness: 2.2518 | Elapsed: 15.84 sec
[ModelOptimizer] Evaluating parameters: VectorD(8.00000,	6.00000,	-0.500000,	5.00000,	0.200000)

======================================================================
TRAFFIC MODEL BUILDER SUMMARY
======================================================================
Network:      US-101-N-DonaldDoyle
Segments:     7
Lanes:        4
Junctions:    8
Ramps:        2
Sensors:      5
Mode:         PeMS Data-Driven
Car-Following: Gipps
ODE Solver:   Ballistic
Vmax:         35.0 m/s
======================================================================
Skipping Source actor due to time limit at clock = 43201.00125327633
Skipping Source actor due to time limit at clock = 43210.6788297557
-----------------------------
| Model.cleanup in progress |
-----------------------------
cleanup: agenda
cleanup: wait queues
coroutine counts = (26771136,26769344,26768445)
[ModelOptimizer] Fitness: 8.6656 | Elapsed: 114.51 sec
[ModelOptimizer] Evaluating parameters: VectorD(8.00000,	6.00000,	-4.00000,	0.800000,	2.00000)

======================================================================
TRAFFIC MODEL BUILDER SUMMARY
======================================================================
Network:      US-101-N-DonaldDoyle
Segments:     7
Lanes:        4
Junctions:    8
Ramps:        2
Sensors:      5
Mode:         PeMS Data-Driven
Car-Following: Gipps
ODE Solver:   Ballistic
Vmax:         35.0 m/s
======================================================================
Skipping Source actor due to time limit at clock = 43201.00125327633
Skipping Source actor due to time limit at clock = 43210.6788297557
-----------------------------
| Model.cleanup in progress |
-----------------------------
cleanup: agenda
cleanup: wait queues
coroutine counts = (26830893,26829097,26828196)
[ModelOptimizer] Fitness: 2.2518 | Elapsed: 16.07 sec
[ModelOptimizer] Evaluating parameters: VectorD(8.00000,	6.00000,	-0.500000,	5.00000,	0.200000)

======================================================================
TRAFFIC MODEL BUILDER SUMMARY
======================================================================
Network:      US-101-N-DonaldDoyle
Segments:     7
Lanes:        4
Junctions:    8
Ramps:        2
Sensors:      5
Mode:         PeMS Data-Driven
Car-Following: Gipps
ODE Solver:   Ballistic
Vmax:         35.0 m/s
======================================================================
Skipping Source actor due to time limit at clock = 43201.00125327633
Skipping Source actor due to time limit at clock = 43210.6788297557
-----------------------------
| Model.cleanup in progress |
-----------------------------
cleanup: agenda
cleanup: wait queues
coroutine counts = (26890650,26888850,26887947)
[ModelOptimizer] Fitness: 8.6656 | Elapsed: 114.35 sec
[ModelOptimizer] Evaluating parameters: VectorD(6.15219,	6.00000,	-0.500000,	5.00000,	2.00000)

======================================================================
TRAFFIC MODEL BUILDER SUMMARY
======================================================================
Network:      US-101-N-DonaldDoyle
Segments:     7
Lanes:        4
Junctions:    8
Ramps:        2
Sensors:      5
Mode:         PeMS Data-Driven
Car-Following: Gipps
ODE Solver:   Ballistic
Vmax:         35.0 m/s
======================================================================
Skipping Source actor due to time limit at clock = 43201.00125327633
Skipping Source actor due to time limit at clock = 43210.6788297557
-----------------------------
| Model.cleanup in progress |
-----------------------------
cleanup: agenda
cleanup: wait queues
coroutine counts = (26950407,26948603,26947698)
[ModelOptimizer] Fitness: NaN | Elapsed: 17.74 sec
[ModelOptimizer] Evaluating parameters: VectorD(2.29257,	6.00000,	-4.00000,	0.800000,	2.00000)

======================================================================
TRAFFIC MODEL BUILDER SUMMARY
======================================================================
Network:      US-101-N-DonaldDoyle
Segments:     7
Lanes:        4
Junctions:    8
Ramps:        2
Sensors:      5
Mode:         PeMS Data-Driven
Car-Following: Gipps
ODE Solver:   Ballistic
Vmax:         35.0 m/s
======================================================================
Skipping Source actor due to time limit at clock = 43201.00125327633
Skipping Source actor due to time limit at clock = 43210.6788297557
-----------------------------
| Model.cleanup in progress |
-----------------------------
cleanup: agenda
cleanup: wait queues
coroutine counts = (27010164,27008356,27007449)
[ModelOptimizer] Fitness: 2.2518 | Elapsed: 15.92 sec
[ModelOptimizer] Evaluating parameters: VectorD(1.59064,	6.00000,	-4.00000,	0.800000,	2.00000)

======================================================================
TRAFFIC MODEL BUILDER SUMMARY
======================================================================
Network:      US-101-N-DonaldDoyle
Segments:     7
Lanes:        4
Junctions:    8
Ramps:        2
Sensors:      5
Mode:         PeMS Data-Driven
Car-Following: Gipps
ODE Solver:   Ballistic
Vmax:         35.0 m/s
======================================================================
Skipping Source actor due to time limit at clock = 43201.00125327633
Skipping Source actor due to time limit at clock = 43210.6788297557
-----------------------------
| Model.cleanup in progress |
-----------------------------
cleanup: agenda
cleanup: wait queues
coroutine counts = (27069921,27068109,27067200)
[ModelOptimizer] Fitness: 2.2518 | Elapsed: 16.35 sec
[ModelOptimizer] Evaluating parameters: VectorD(1.00000,	6.00000,	-4.00000,	0.800000,	2.00000)

======================================================================
TRAFFIC MODEL BUILDER SUMMARY
======================================================================
Network:      US-101-N-DonaldDoyle
Segments:     7
Lanes:        4
Junctions:    8
Ramps:        2
Sensors:      5
Mode:         PeMS Data-Driven
Car-Following: Gipps
ODE Solver:   Ballistic
Vmax:         35.0 m/s
======================================================================
Skipping Source actor due to time limit at clock = 43201.00125327633
Skipping Source actor due to time limit at clock = 43210.6788297557
-----------------------------
| Model.cleanup in progress |
-----------------------------
cleanup: agenda
cleanup: wait queues
coroutine counts = (27129678,27127862,27126951)
[ModelOptimizer] Fitness: 2.2518 | Elapsed: 15.66 sec
[ModelOptimizer] Evaluating parameters: VectorD(1.00000,	6.00000,	-4.00000,	0.800000,	2.00000)

======================================================================
TRAFFIC MODEL BUILDER SUMMARY
======================================================================
Network:      US-101-N-DonaldDoyle
Segments:     7
Lanes:        4
Junctions:    8
Ramps:        2
Sensors:      5
Mode:         PeMS Data-Driven
Car-Following: Gipps
ODE Solver:   Ballistic
Vmax:         35.0 m/s
======================================================================
Skipping Source actor due to time limit at clock = 43201.00125327633
Skipping Source actor due to time limit at clock = 43210.6788297557
-----------------------------
| Model.cleanup in progress |
-----------------------------
cleanup: agenda
cleanup: wait queues
coroutine counts = (27189435,27187615,27186702)
[ModelOptimizer] Fitness: 2.2518 | Elapsed: 16.23 sec
[ModelOptimizer] Evaluating parameters: VectorD(2.34879,	6.00000,	-4.00000,	0.800000,	2.00000)

======================================================================
TRAFFIC MODEL BUILDER SUMMARY
======================================================================
Network:      US-101-N-DonaldDoyle
Segments:     7
Lanes:        4
Junctions:    8
Ramps:        2
Sensors:      5
Mode:         PeMS Data-Driven
Car-Following: Gipps
ODE Solver:   Ballistic
Vmax:         35.0 m/s
======================================================================
Skipping Source actor due to time limit at clock = 43201.00125327633
Skipping Source actor due to time limit at clock = 43210.6788297557
-----------------------------
| Model.cleanup in progress |
-----------------------------
cleanup: agenda
cleanup: wait queues
coroutine counts = (27249192,27247368,27246453)
[ModelOptimizer] Fitness: 2.2518 | Elapsed: 16.25 sec
[ModelOptimizer] Evaluating parameters: VectorD(1.00000,	6.00000,	-4.00000,	0.800000,	2.00000)

======================================================================
TRAFFIC MODEL BUILDER SUMMARY
======================================================================
Network:      US-101-N-DonaldDoyle
Segments:     7
Lanes:        4
Junctions:    8
Ramps:        2
Sensors:      5
Mode:         PeMS Data-Driven
Car-Following: Gipps
ODE Solver:   Ballistic
Vmax:         35.0 m/s
======================================================================
Skipping Source actor due to time limit at clock = 43201.00125327633
Skipping Source actor due to time limit at clock = 43210.6788297557
-----------------------------
| Model.cleanup in progress |
-----------------------------
cleanup: agenda
cleanup: wait queues
coroutine counts = (27308949,27307121,27306204)
[ModelOptimizer] Fitness: 2.2518 | Elapsed: 15.67 sec
[ModelOptimizer] Evaluating parameters: VectorD(5.43719,	6.00000,	-0.500000,	3.82571,	2.00000)

======================================================================
TRAFFIC MODEL BUILDER SUMMARY
======================================================================
Network:      US-101-N-DonaldDoyle
Segments:     7
Lanes:        4
Junctions:    8
Ramps:        2
Sensors:      5
Mode:         PeMS Data-Driven
Car-Following: Gipps
ODE Solver:   Ballistic
Vmax:         35.0 m/s
======================================================================
Skipping Source actor due to time limit at clock = 43201.00125327633
Skipping Source actor due to time limit at clock = 43210.6788297557
-----------------------------
| Model.cleanup in progress |
-----------------------------
cleanup: agenda
cleanup: wait queues
coroutine counts = (27368706,27366874,27365955)
[ModelOptimizer] Fitness: NaN | Elapsed: 18.02 sec
[ModelOptimizer] Evaluating parameters: VectorD(8.00000,	6.00000,	-4.00000,	0.800000,	2.00000)

======================================================================
TRAFFIC MODEL BUILDER SUMMARY
======================================================================
Network:      US-101-N-DonaldDoyle
Segments:     7
Lanes:        4
Junctions:    8
Ramps:        2
Sensors:      5
Mode:         PeMS Data-Driven
Car-Following: Gipps
ODE Solver:   Ballistic
Vmax:         35.0 m/s
======================================================================
Skipping Source actor due to time limit at clock = 43201.00125327633
Skipping Source actor due to time limit at clock = 43210.6788297557
-----------------------------
| Model.cleanup in progress |
-----------------------------
cleanup: agenda
cleanup: wait queues
coroutine counts = (27428463,27426627,27425706)
[ModelOptimizer] Fitness: 2.2518 | Elapsed: 16.24 sec
[ModelOptimizer] Evaluating parameters: VectorD(8.00000,	6.00000,	-0.500000,	0.800000,	2.00000)

======================================================================
TRAFFIC MODEL BUILDER SUMMARY
======================================================================
Network:      US-101-N-DonaldDoyle
Segments:     7
Lanes:        4
Junctions:    8
Ramps:        2
Sensors:      5
Mode:         PeMS Data-Driven
Car-Following: Gipps
ODE Solver:   Ballistic
Vmax:         35.0 m/s
======================================================================
Skipping Source actor due to time limit at clock = 43201.00125327633
Skipping Source actor due to time limit at clock = 43210.6788297557
-----------------------------
| Model.cleanup in progress |
-----------------------------
cleanup: agenda
cleanup: wait queues
coroutine counts = (27488220,27486380,27485457)
[ModelOptimizer] Fitness: NaN | Elapsed: 17.40 sec
[ModelOptimizer] Evaluating parameters: VectorD(4.14700,	6.00000,	-4.00000,	0.800000,	2.00000)

======================================================================
TRAFFIC MODEL BUILDER SUMMARY
======================================================================
Network:      US-101-N-DonaldDoyle
Segments:     7
Lanes:        4
Junctions:    8
Ramps:        2
Sensors:      5
Mode:         PeMS Data-Driven
Car-Following: Gipps
ODE Solver:   Ballistic
Vmax:         35.0 m/s
======================================================================
Skipping Source actor due to time limit at clock = 43201.00125327633
Skipping Source actor due to time limit at clock = 43210.6788297557
-----------------------------
| Model.cleanup in progress |
-----------------------------
cleanup: agenda
cleanup: wait queues
coroutine counts = (27547977,27546133,27545208)
[ModelOptimizer] Fitness: 2.2518 | Elapsed: 16.20 sec
[ModelOptimizer] Evaluating parameters: VectorD(8.00000,	6.00000,	-4.00000,	0.800000,	2.00000)

======================================================================
TRAFFIC MODEL BUILDER SUMMARY
======================================================================
Network:      US-101-N-DonaldDoyle
Segments:     7
Lanes:        4
Junctions:    8
Ramps:        2
Sensors:      5
Mode:         PeMS Data-Driven
Car-Following: Gipps
ODE Solver:   Ballistic
Vmax:         35.0 m/s
======================================================================
Skipping Source actor due to time limit at clock = 43201.00125327633
Skipping Source actor due to time limit at clock = 43210.6788297557
-----------------------------
| Model.cleanup in progress |
-----------------------------
cleanup: agenda
cleanup: wait queues
coroutine counts = (27607734,27605886,27604959)
[ModelOptimizer] Fitness: 2.2518 | Elapsed: 16.35 sec
[ModelOptimizer] Evaluating parameters: VectorD(2.89140,	6.00000,	-0.500000,	0.800000,	2.00000)

======================================================================
TRAFFIC MODEL BUILDER SUMMARY
======================================================================
Network:      US-101-N-DonaldDoyle
Segments:     7
Lanes:        4
Junctions:    8
Ramps:        2
Sensors:      5
Mode:         PeMS Data-Driven
Car-Following: Gipps
ODE Solver:   Ballistic
Vmax:         35.0 m/s
======================================================================
Skipping Source actor due to time limit at clock = 43201.00125327633
Skipping Source actor due to time limit at clock = 43210.6788297557
-----------------------------
| Model.cleanup in progress |
-----------------------------
cleanup: agenda
cleanup: wait queues
coroutine counts = (27667491,27665639,27664710)
[ModelOptimizer] Fitness: NaN | Elapsed: 17.61 sec
[ModelOptimizer] Evaluating parameters: VectorD(8.00000,	6.00000,	-4.00000,	2.50267,	2.00000)

======================================================================
TRAFFIC MODEL BUILDER SUMMARY
======================================================================
Network:      US-101-N-DonaldDoyle
Segments:     7
Lanes:        4
Junctions:    8
Ramps:        2
Sensors:      5
Mode:         PeMS Data-Driven
Car-Following: Gipps
ODE Solver:   Ballistic
Vmax:         35.0 m/s
======================================================================
Skipping Source actor due to time limit at clock = 43201.00125327633
Skipping Source actor due to time limit at clock = 43210.6788297557
-----------------------------
| Model.cleanup in progress |
-----------------------------
cleanup: agenda
cleanup: wait queues
coroutine counts = (27727248,27725392,27724461)
[ModelOptimizer] Fitness: 2.2518 | Elapsed: 15.95 sec
[ModelOptimizer] Evaluating parameters: VectorD(8.00000,	6.00000,	-4.00000,	3.71290,	0.486488)

======================================================================
TRAFFIC MODEL BUILDER SUMMARY
======================================================================
Network:      US-101-N-DonaldDoyle
Segments:     7
Lanes:        4
Junctions:    8
Ramps:        2
Sensors:      5
Mode:         PeMS Data-Driven
Car-Following: Gipps
ODE Solver:   Ballistic
Vmax:         35.0 m/s
======================================================================
Skipping Source actor due to time limit at clock = 43201.00125327633
Skipping Source actor due to time limit at clock = 43210.6788297557
-----------------------------
| Model.cleanup in progress |
-----------------------------
cleanup: agenda
cleanup: wait queues
coroutine counts = (27787005,27785145,27784212)
[ModelOptimizer] Fitness: 4.6565 | Elapsed: 33.48 sec
[ModelOptimizer] Evaluating parameters: VectorD(8.00000,	6.00000,	-4.00000,	2.50267,	2.00000)

======================================================================
TRAFFIC MODEL BUILDER SUMMARY
======================================================================
Network:      US-101-N-DonaldDoyle
Segments:     7
Lanes:        4
Junctions:    8
Ramps:        2
Sensors:      5
Mode:         PeMS Data-Driven
Car-Following: Gipps
ODE Solver:   Ballistic
Vmax:         35.0 m/s
======================================================================
Skipping Source actor due to time limit at clock = 43201.00125327633
Skipping Source actor due to time limit at clock = 43210.6788297557
-----------------------------
| Model.cleanup in progress |
-----------------------------
cleanup: agenda
cleanup: wait queues
coroutine counts = (27846762,27844898,27843963)
[ModelOptimizer] Fitness: 2.2518 | Elapsed: 16.00 sec
[ModelOptimizer] Evaluating parameters: VectorD(1.36431,	6.00000,	-4.00000,	0.800000,	2.00000)

======================================================================
TRAFFIC MODEL BUILDER SUMMARY
======================================================================
Network:      US-101-N-DonaldDoyle
Segments:     7
Lanes:        4
Junctions:    8
Ramps:        2
Sensors:      5
Mode:         PeMS Data-Driven
Car-Following: Gipps
ODE Solver:   Ballistic
Vmax:         35.0 m/s
======================================================================
Skipping Source actor due to time limit at clock = 43201.00125327633
Skipping Source actor due to time limit at clock = 43210.6788297557
-----------------------------
| Model.cleanup in progress |
-----------------------------
cleanup: agenda
cleanup: wait queues
coroutine counts = (27906519,27904651,27903714)
[ModelOptimizer] Fitness: 2.2518 | Elapsed: 16.04 sec
[ModelOptimizer] Evaluating parameters: VectorD(8.00000,	6.00000,	-4.00000,	2.69779,	1.95013)

======================================================================
TRAFFIC MODEL BUILDER SUMMARY
======================================================================
Network:      US-101-N-DonaldDoyle
Segments:     7
Lanes:        4
Junctions:    8
Ramps:        2
Sensors:      5
Mode:         PeMS Data-Driven
Car-Following: Gipps
ODE Solver:   Ballistic
Vmax:         35.0 m/s
======================================================================
Skipping Source actor due to time limit at clock = 43201.00125327633
Skipping Source actor due to time limit at clock = 43210.6788297557
-----------------------------
| Model.cleanup in progress |
-----------------------------
cleanup: agenda
cleanup: wait queues
coroutine counts = (27966276,27964404,27963465)
[ModelOptimizer] Fitness: 2.2347 | Elapsed: 15.95 sec
      10 |      2.23470146 |      2.23470146 |      25.0% ✓
[ModelOptimizer] Evaluating parameters: VectorD(8.00000,	6.00000,	-0.500000,	5.00000,	0.200000)

======================================================================
TRAFFIC MODEL BUILDER SUMMARY
======================================================================
Network:      US-101-N-DonaldDoyle
Segments:     7
Lanes:        4
Junctions:    8
Ramps:        2
Sensors:      5
Mode:         PeMS Data-Driven
Car-Following: Gipps
ODE Solver:   Ballistic
Vmax:         35.0 m/s
======================================================================
Skipping Source actor due to time limit at clock = 43201.00125327633
Skipping Source actor due to time limit at clock = 43210.6788297557
-----------------------------
| Model.cleanup in progress |
-----------------------------
cleanup: agenda
cleanup: wait queues
coroutine counts = (28026033,28024157,28023216)
[ModelOptimizer] Fitness: 8.6656 | Elapsed: 115.91 sec
[ModelOptimizer] Evaluating parameters: VectorD(8.00000,	6.00000,	-4.00000,	0.800000,	2.00000)

======================================================================
TRAFFIC MODEL BUILDER SUMMARY
======================================================================
Network:      US-101-N-DonaldDoyle
Segments:     7
Lanes:        4
Junctions:    8
Ramps:        2
Sensors:      5
Mode:         PeMS Data-Driven
Car-Following: Gipps
ODE Solver:   Ballistic
Vmax:         35.0 m/s
======================================================================
Skipping Source actor due to time limit at clock = 43201.00125327633
Skipping Source actor due to time limit at clock = 43210.6788297557
-----------------------------
| Model.cleanup in progress |
-----------------------------
cleanup: agenda
cleanup: wait queues
coroutine counts = (28085790,28083910,28082967)
[ModelOptimizer] Fitness: 2.2518 | Elapsed: 16.13 sec
[ModelOptimizer] Evaluating parameters: VectorD(8.00000,	6.00000,	-4.00000,	0.800000,	2.00000)

======================================================================
TRAFFIC MODEL BUILDER SUMMARY
======================================================================
Network:      US-101-N-DonaldDoyle
Segments:     7
Lanes:        4
Junctions:    8
Ramps:        2
Sensors:      5
Mode:         PeMS Data-Driven
Car-Following: Gipps
ODE Solver:   Ballistic
Vmax:         35.0 m/s
======================================================================
Skipping Source actor due to time limit at clock = 43201.00125327633
Skipping Source actor due to time limit at clock = 43210.6788297557
-----------------------------
| Model.cleanup in progress |
-----------------------------
cleanup: agenda
cleanup: wait queues
coroutine counts = (28145547,28143663,28142718)
[ModelOptimizer] Fitness: 2.2518 | Elapsed: 15.73 sec
[ModelOptimizer] Evaluating parameters: VectorD(4.97885,	6.00000,	-4.00000,	0.800000,	2.00000)

======================================================================
TRAFFIC MODEL BUILDER SUMMARY
======================================================================
Network:      US-101-N-DonaldDoyle
Segments:     7
Lanes:        4
Junctions:    8
Ramps:        2
Sensors:      5
Mode:         PeMS Data-Driven
Car-Following: Gipps
ODE Solver:   Ballistic
Vmax:         35.0 m/s
======================================================================
Skipping Source actor due to time limit at clock = 43201.00125327633
Skipping Source actor due to time limit at clock = 43210.6788297557
-----------------------------
| Model.cleanup in progress |
-----------------------------
cleanup: agenda
cleanup: wait queues
coroutine counts = (28205304,28203416,28202469)
[ModelOptimizer] Fitness: 2.2518 | Elapsed: 16.16 sec
[ModelOptimizer] Evaluating parameters: VectorD(8.00000,	6.00000,	-4.00000,	4.62529,	2.00000)

======================================================================
TRAFFIC MODEL BUILDER SUMMARY
======================================================================
Network:      US-101-N-DonaldDoyle
Segments:     7
Lanes:        4
Junctions:    8
Ramps:        2
Sensors:      5
Mode:         PeMS Data-Driven
Car-Following: Gipps
ODE Solver:   Ballistic
Vmax:         35.0 m/s
======================================================================
Skipping Source actor due to time limit at clock = 43201.00125327633
Skipping Source actor due to time limit at clock = 43210.6788297557
-----------------------------
| Model.cleanup in progress |
-----------------------------
cleanup: agenda
cleanup: wait queues
coroutine counts = (28265061,28263169,28262220)
[ModelOptimizer] Fitness: 2.2518 | Elapsed: 16.20 sec
[ModelOptimizer] Evaluating parameters: VectorD(8.00000,	6.00000,	-4.00000,	5.00000,	2.00000)

======================================================================
TRAFFIC MODEL BUILDER SUMMARY
======================================================================
Network:      US-101-N-DonaldDoyle
Segments:     7
Lanes:        4
Junctions:    8
Ramps:        2
Sensors:      5
Mode:         PeMS Data-Driven
Car-Following: Gipps
ODE Solver:   Ballistic
Vmax:         35.0 m/s
======================================================================
Skipping Source actor due to time limit at clock = 43201.00125327633
Skipping Source actor due to time limit at clock = 43210.6788297557
-----------------------------
| Model.cleanup in progress |
-----------------------------
cleanup: agenda
cleanup: wait queues
coroutine counts = (28324818,28322922,28321971)
[ModelOptimizer] Fitness: 2.2518 | Elapsed: 15.80 sec
[ModelOptimizer] Evaluating parameters: VectorD(8.00000,	6.00000,	-0.500000,	0.800000,	2.00000)

======================================================================
TRAFFIC MODEL BUILDER SUMMARY
======================================================================
Network:      US-101-N-DonaldDoyle
Segments:     7
Lanes:        4
Junctions:    8
Ramps:        2
Sensors:      5
Mode:         PeMS Data-Driven
Car-Following: Gipps
ODE Solver:   Ballistic
Vmax:         35.0 m/s
======================================================================
Skipping Source actor due to time limit at clock = 43201.00125327633
Skipping Source actor due to time limit at clock = 43210.6788297557
-----------------------------
| Model.cleanup in progress |
-----------------------------
cleanup: agenda
cleanup: wait queues
coroutine counts = (28384575,28382675,28381722)
[ModelOptimizer] Fitness: NaN | Elapsed: 17.93 sec
[ModelOptimizer] Evaluating parameters: VectorD(6.43126,	6.00000,	-0.500000,	3.93580,	2.00000)

======================================================================
TRAFFIC MODEL BUILDER SUMMARY
======================================================================
Network:      US-101-N-DonaldDoyle
Segments:     7
Lanes:        4
Junctions:    8
Ramps:        2
Sensors:      5
Mode:         PeMS Data-Driven
Car-Following: Gipps
ODE Solver:   Ballistic
Vmax:         35.0 m/s
======================================================================
Skipping Source actor due to time limit at clock = 43201.00125327633
Skipping Source actor due to time limit at clock = 43210.6788297557
-----------------------------
| Model.cleanup in progress |
-----------------------------
cleanup: agenda
cleanup: wait queues
coroutine counts = (28444332,28442428,28441473)
[ModelOptimizer] Fitness: NaN | Elapsed: 17.85 sec
[ModelOptimizer] Evaluating parameters: VectorD(5.20211,	6.00000,	-4.00000,	0.800000,	2.00000)

======================================================================
TRAFFIC MODEL BUILDER SUMMARY
======================================================================
Network:      US-101-N-DonaldDoyle
Segments:     7
Lanes:        4
Junctions:    8
Ramps:        2
Sensors:      5
Mode:         PeMS Data-Driven
Car-Following: Gipps
ODE Solver:   Ballistic
Vmax:         35.0 m/s
======================================================================
Skipping Source actor due to time limit at clock = 43201.00125327633
Skipping Source actor due to time limit at clock = 43210.6788297557
-----------------------------
| Model.cleanup in progress |
-----------------------------
cleanup: agenda
cleanup: wait queues
coroutine counts = (28504089,28502181,28501224)
[ModelOptimizer] Fitness: 2.2518 | Elapsed: 16.15 sec
[ModelOptimizer] Evaluating parameters: VectorD(3.49995,	6.00000,	-4.00000,	0.800000,	2.00000)

======================================================================
TRAFFIC MODEL BUILDER SUMMARY
======================================================================
Network:      US-101-N-DonaldDoyle
Segments:     7
Lanes:        4
Junctions:    8
Ramps:        2
Sensors:      5
Mode:         PeMS Data-Driven
Car-Following: Gipps
ODE Solver:   Ballistic
Vmax:         35.0 m/s
======================================================================
Skipping Source actor due to time limit at clock = 43201.00125327633
Skipping Source actor due to time limit at clock = 43210.6788297557
-----------------------------
| Model.cleanup in progress |
-----------------------------
cleanup: agenda
cleanup: wait queues
coroutine counts = (28563846,28561934,28560975)
[ModelOptimizer] Fitness: 2.2518 | Elapsed: 15.79 sec
[ModelOptimizer] Evaluating parameters: VectorD(1.00000,	6.00000,	-4.00000,	0.800000,	2.00000)

======================================================================
TRAFFIC MODEL BUILDER SUMMARY
======================================================================
Network:      US-101-N-DonaldDoyle
Segments:     7
Lanes:        4
Junctions:    8
Ramps:        2
Sensors:      5
Mode:         PeMS Data-Driven
Car-Following: Gipps
ODE Solver:   Ballistic
Vmax:         35.0 m/s
======================================================================
Skipping Source actor due to time limit at clock = 43201.00125327633
Skipping Source actor due to time limit at clock = 43210.6788297557
-----------------------------
| Model.cleanup in progress |
-----------------------------
cleanup: agenda
cleanup: wait queues
coroutine counts = (28623603,28621687,28620726)
[ModelOptimizer] Fitness: 2.2518 | Elapsed: 15.96 sec
[ModelOptimizer] Evaluating parameters: VectorD(8.00000,	6.00000,	-4.00000,	0.800000,	2.00000)

======================================================================
TRAFFIC MODEL BUILDER SUMMARY
======================================================================
Network:      US-101-N-DonaldDoyle
Segments:     7
Lanes:        4
Junctions:    8
Ramps:        2
Sensors:      5
Mode:         PeMS Data-Driven
Car-Following: Gipps
ODE Solver:   Ballistic
Vmax:         35.0 m/s
======================================================================
Skipping Source actor due to time limit at clock = 43201.00125327633
Skipping Source actor due to time limit at clock = 43210.6788297557
-----------------------------
| Model.cleanup in progress |
-----------------------------
cleanup: agenda
cleanup: wait queues
coroutine counts = (28683360,28681440,28680477)
[ModelOptimizer] Fitness: 2.2518 | Elapsed: 16.12 sec
[ModelOptimizer] Evaluating parameters: VectorD(8.00000,	6.00000,	-0.500000,	1.86504,	2.00000)

======================================================================
TRAFFIC MODEL BUILDER SUMMARY
======================================================================
Network:      US-101-N-DonaldDoyle
Segments:     7
Lanes:        4
Junctions:    8
Ramps:        2
Sensors:      5
Mode:         PeMS Data-Driven
Car-Following: Gipps
ODE Solver:   Ballistic
Vmax:         35.0 m/s
======================================================================
Skipping Source actor due to time limit at clock = 43201.00125327633
Skipping Source actor due to time limit at clock = 43210.6788297557
-----------------------------
| Model.cleanup in progress |
-----------------------------
cleanup: agenda
cleanup: wait queues
coroutine counts = (28743117,28741193,28740228)
[ModelOptimizer] Fitness: NaN | Elapsed: 18.08 sec
[ModelOptimizer] Evaluating parameters: VectorD(3.36869,	6.00000,	-0.500000,	1.43496,	2.00000)

======================================================================
TRAFFIC MODEL BUILDER SUMMARY
======================================================================
Network:      US-101-N-DonaldDoyle
Segments:     7
Lanes:        4
Junctions:    8
Ramps:        2
Sensors:      5
Mode:         PeMS Data-Driven
Car-Following: Gipps
ODE Solver:   Ballistic
Vmax:         35.0 m/s
======================================================================
Skipping Source actor due to time limit at clock = 43201.00125327633
Skipping Source actor due to time limit at clock = 43210.6788297557
-----------------------------
| Model.cleanup in progress |
-----------------------------
cleanup: agenda
cleanup: wait queues
coroutine counts = (28802874,28800946,28799979)
[ModelOptimizer] Fitness: NaN | Elapsed: 17.71 sec
[ModelOptimizer] Evaluating parameters: VectorD(8.00000,	6.00000,	-4.00000,	5.00000,	2.00000)

======================================================================
TRAFFIC MODEL BUILDER SUMMARY
======================================================================
Network:      US-101-N-DonaldDoyle
Segments:     7
Lanes:        4
Junctions:    8
Ramps:        2
Sensors:      5
Mode:         PeMS Data-Driven
Car-Following: Gipps
ODE Solver:   Ballistic
Vmax:         35.0 m/s
======================================================================
Skipping Source actor due to time limit at clock = 43201.00125327633
Skipping Source actor due to time limit at clock = 43210.6788297557
-----------------------------
| Model.cleanup in progress |
-----------------------------
cleanup: agenda
cleanup: wait queues
coroutine counts = (28862631,28860699,28859730)
[ModelOptimizer] Fitness: 2.2518 | Elapsed: 15.85 sec
[ModelOptimizer] Evaluating parameters: VectorD(8.00000,	6.00000,	-4.00000,	0.800000,	2.00000)

======================================================================
TRAFFIC MODEL BUILDER SUMMARY
======================================================================
Network:      US-101-N-DonaldDoyle
Segments:     7
Lanes:        4
Junctions:    8
Ramps:        2
Sensors:      5
Mode:         PeMS Data-Driven
Car-Following: Gipps
ODE Solver:   Ballistic
Vmax:         35.0 m/s
======================================================================
Skipping Source actor due to time limit at clock = 43201.00125327633
Skipping Source actor due to time limit at clock = 43210.6788297557
-----------------------------
| Model.cleanup in progress |
-----------------------------
cleanup: agenda
cleanup: wait queues
coroutine counts = (28922388,28920452,28919481)
[ModelOptimizer] Fitness: 2.2518 | Elapsed: 16.13 sec
[ModelOptimizer] Evaluating parameters: VectorD(1.00000,	6.00000,	-0.500000,	5.00000,	2.00000)

======================================================================
TRAFFIC MODEL BUILDER SUMMARY
======================================================================
Network:      US-101-N-DonaldDoyle
Segments:     7
Lanes:        4
Junctions:    8
Ramps:        2
Sensors:      5
Mode:         PeMS Data-Driven
Car-Following: Gipps
ODE Solver:   Ballistic
Vmax:         35.0 m/s
======================================================================
Skipping Source actor due to time limit at clock = 43201.00125327633
Skipping Source actor due to time limit at clock = 43210.6788297557
-----------------------------
| Model.cleanup in progress |
-----------------------------
cleanup: agenda
cleanup: wait queues
coroutine counts = (28982145,28980205,28979232)
[ModelOptimizer] Fitness: NaN | Elapsed: 17.96 sec
[ModelOptimizer] Evaluating parameters: VectorD(3.27669,	6.00000,	-4.00000,	0.800000,	2.00000)

======================================================================
TRAFFIC MODEL BUILDER SUMMARY
======================================================================
Network:      US-101-N-DonaldDoyle
Segments:     7
Lanes:        4
Junctions:    8
Ramps:        2
Sensors:      5
Mode:         PeMS Data-Driven
Car-Following: Gipps
ODE Solver:   Ballistic
Vmax:         35.0 m/s
======================================================================
Skipping Source actor due to time limit at clock = 43201.00125327633
Skipping Source actor due to time limit at clock = 43210.6788297557
-----------------------------
| Model.cleanup in progress |
-----------------------------
cleanup: agenda
cleanup: wait queues
coroutine counts = (29041902,29039958,29038983)
[ModelOptimizer] Fitness: 2.2518 | Elapsed: 16.38 sec
[ModelOptimizer] Evaluating parameters: VectorD(8.00000,	6.00000,	-0.500000,	5.00000,	0.200000)

======================================================================
TRAFFIC MODEL BUILDER SUMMARY
======================================================================
Network:      US-101-N-DonaldDoyle
Segments:     7
Lanes:        4
Junctions:    8
Ramps:        2
Sensors:      5
Mode:         PeMS Data-Driven
Car-Following: Gipps
ODE Solver:   Ballistic
Vmax:         35.0 m/s
======================================================================
Skipping Source actor due to time limit at clock = 43201.00125327633
Skipping Source actor due to time limit at clock = 43210.6788297557
-----------------------------
| Model.cleanup in progress |
-----------------------------
cleanup: agenda
cleanup: wait queues
coroutine counts = (29101659,29099711,29098734)
[ModelOptimizer] Fitness: 8.6656 | Elapsed: 116.64 sec
[ModelOptimizer] Evaluating parameters: VectorD(8.00000,	6.00000,	-4.00000,	0.800000,	2.00000)

======================================================================
TRAFFIC MODEL BUILDER SUMMARY
======================================================================
Network:      US-101-N-DonaldDoyle
Segments:     7
Lanes:        4
Junctions:    8
Ramps:        2
Sensors:      5
Mode:         PeMS Data-Driven
Car-Following: Gipps
ODE Solver:   Ballistic
Vmax:         35.0 m/s
======================================================================
Skipping Source actor due to time limit at clock = 43201.00125327633
Skipping Source actor due to time limit at clock = 43210.6788297557
-----------------------------
| Model.cleanup in progress |
-----------------------------
cleanup: agenda
cleanup: wait queues
coroutine counts = (29161416,29159464,29158485)
[ModelOptimizer] Fitness: 2.2518 | Elapsed: 16.12 sec
[ModelOptimizer] Evaluating parameters: VectorD(8.00000,	6.00000,	-4.00000,	0.800000,	2.00000)

======================================================================
TRAFFIC MODEL BUILDER SUMMARY
======================================================================
Network:      US-101-N-DonaldDoyle
Segments:     7
Lanes:        4
Junctions:    8
Ramps:        2
Sensors:      5
Mode:         PeMS Data-Driven
Car-Following: Gipps
ODE Solver:   Ballistic
Vmax:         35.0 m/s
======================================================================
Skipping Source actor due to time limit at clock = 43201.00125327633
Skipping Source actor due to time limit at clock = 43210.6788297557
-----------------------------
| Model.cleanup in progress |
-----------------------------
cleanup: agenda
cleanup: wait queues
coroutine counts = (29221173,29219217,29218236)
[ModelOptimizer] Fitness: 2.2518 | Elapsed: 16.21 sec
[ModelOptimizer] Evaluating parameters: VectorD(8.00000,	6.00000,	-4.00000,	0.800000,	2.00000)

======================================================================
TRAFFIC MODEL BUILDER SUMMARY
======================================================================
Network:      US-101-N-DonaldDoyle
Segments:     7
Lanes:        4
Junctions:    8
Ramps:        2
Sensors:      5
Mode:         PeMS Data-Driven
Car-Following: Gipps
ODE Solver:   Ballistic
Vmax:         35.0 m/s
======================================================================
Skipping Source actor due to time limit at clock = 43201.00125327633
Skipping Source actor due to time limit at clock = 43210.6788297557
-----------------------------
| Model.cleanup in progress |
-----------------------------
cleanup: agenda
cleanup: wait queues
coroutine counts = (29280930,29278970,29277987)
[ModelOptimizer] Fitness: 2.2518 | Elapsed: 16.37 sec
[ModelOptimizer] Evaluating parameters: VectorD(1.36396,	6.00000,	-0.500000,	0.800000,	2.00000)

======================================================================
TRAFFIC MODEL BUILDER SUMMARY
======================================================================
Network:      US-101-N-DonaldDoyle
Segments:     7
Lanes:        4
Junctions:    8
Ramps:        2
Sensors:      5
Mode:         PeMS Data-Driven
Car-Following: Gipps
ODE Solver:   Ballistic
Vmax:         35.0 m/s
======================================================================
Skipping Source actor due to time limit at clock = 43201.00125327633
Skipping Source actor due to time limit at clock = 43210.6788297557
-----------------------------
| Model.cleanup in progress |
-----------------------------
cleanup: agenda
cleanup: wait queues
coroutine counts = (29340687,29338723,29337738)
[ModelOptimizer] Fitness: NaN | Elapsed: 17.84 sec
[ModelOptimizer] Evaluating parameters: VectorD(6.15219,	6.00000,	-0.500000,	5.00000,	2.00000)

======================================================================
TRAFFIC MODEL BUILDER SUMMARY
======================================================================
Network:      US-101-N-DonaldDoyle
Segments:     7
Lanes:        4
Junctions:    8
Ramps:        2
Sensors:      5
Mode:         PeMS Data-Driven
Car-Following: Gipps
ODE Solver:   Ballistic
Vmax:         35.0 m/s
======================================================================
Skipping Source actor due to time limit at clock = 43201.00125327633
Skipping Source actor due to time limit at clock = 43210.6788297557
-----------------------------
| Model.cleanup in progress |
-----------------------------
cleanup: agenda
cleanup: wait queues
coroutine counts = (29400444,29398476,29397489)
[ModelOptimizer] Fitness: NaN | Elapsed: 17.73 sec
[ModelOptimizer] Evaluating parameters: VectorD(8.00000,	6.00000,	-0.500000,	5.00000,	0.200000)

======================================================================
TRAFFIC MODEL BUILDER SUMMARY
======================================================================
Network:      US-101-N-DonaldDoyle
Segments:     7
Lanes:        4
Junctions:    8
Ramps:        2
Sensors:      5
Mode:         PeMS Data-Driven
Car-Following: Gipps
ODE Solver:   Ballistic
Vmax:         35.0 m/s
======================================================================
Skipping Source actor due to time limit at clock = 43201.00125327633
Skipping Source actor due to time limit at clock = 43210.6788297557
-----------------------------
| Model.cleanup in progress |
-----------------------------
cleanup: agenda
cleanup: wait queues
coroutine counts = (29460201,29458229,29457240)
[ModelOptimizer] Fitness: 8.6656 | Elapsed: 116.98 sec
[ModelOptimizer] Evaluating parameters: VectorD(1.59064,	6.00000,	-4.00000,	0.800000,	2.00000)

======================================================================
TRAFFIC MODEL BUILDER SUMMARY
======================================================================
Network:      US-101-N-DonaldDoyle
Segments:     7
Lanes:        4
Junctions:    8
Ramps:        2
Sensors:      5
Mode:         PeMS Data-Driven
Car-Following: Gipps
ODE Solver:   Ballistic
Vmax:         35.0 m/s
======================================================================
Skipping Source actor due to time limit at clock = 43201.00125327633
Skipping Source actor due to time limit at clock = 43210.6788297557
-----------------------------
| Model.cleanup in progress |
-----------------------------
cleanup: agenda
cleanup: wait queues
coroutine counts = (29519958,29517982,29516991)
[ModelOptimizer] Fitness: 2.2518 | Elapsed: 15.62 sec
[ModelOptimizer] Evaluating parameters: VectorD(4.10321,	6.00000,	-4.00000,	0.800000,	2.00000)

======================================================================
TRAFFIC MODEL BUILDER SUMMARY
======================================================================
Network:      US-101-N-DonaldDoyle
Segments:     7
Lanes:        4
Junctions:    8
Ramps:        2
Sensors:      5
Mode:         PeMS Data-Driven
Car-Following: Gipps
ODE Solver:   Ballistic
Vmax:         35.0 m/s
======================================================================
Skipping Source actor due to time limit at clock = 43201.00125327633
Skipping Source actor due to time limit at clock = 43210.6788297557
-----------------------------
| Model.cleanup in progress |
-----------------------------
cleanup: agenda
cleanup: wait queues
coroutine counts = (29579715,29577735,29576742)
[ModelOptimizer] Fitness: 2.2518 | Elapsed: 16.27 sec
[ModelOptimizer] Evaluating parameters: VectorD(1.00000,	6.00000,	-4.00000,	0.800000,	2.00000)

======================================================================
TRAFFIC MODEL BUILDER SUMMARY
======================================================================
Network:      US-101-N-DonaldDoyle
Segments:     7
Lanes:        4
Junctions:    8
Ramps:        2
Sensors:      5
Mode:         PeMS Data-Driven
Car-Following: Gipps
ODE Solver:   Ballistic
Vmax:         35.0 m/s
======================================================================
Skipping Source actor due to time limit at clock = 43201.00125327633
Skipping Source actor due to time limit at clock = 43210.6788297557
-----------------------------
| Model.cleanup in progress |
-----------------------------
cleanup: agenda
cleanup: wait queues
coroutine counts = (29639472,29637488,29636493)
[ModelOptimizer] Fitness: 2.2518 | Elapsed: 16.12 sec
[ModelOptimizer] Evaluating parameters: VectorD(3.49995,	6.00000,	-4.00000,	0.800000,	2.00000)

======================================================================
TRAFFIC MODEL BUILDER SUMMARY
======================================================================
Network:      US-101-N-DonaldDoyle
Segments:     7
Lanes:        4
Junctions:    8
Ramps:        2
Sensors:      5
Mode:         PeMS Data-Driven
Car-Following: Gipps
ODE Solver:   Ballistic
Vmax:         35.0 m/s
======================================================================
Skipping Source actor due to time limit at clock = 43201.00125327633
Skipping Source actor due to time limit at clock = 43210.6788297557
-----------------------------
| Model.cleanup in progress |
-----------------------------
cleanup: agenda
cleanup: wait queues
coroutine counts = (29699229,29697241,29696244)
[ModelOptimizer] Fitness: 2.2518 | Elapsed: 16.22 sec
[ModelOptimizer] Evaluating parameters: VectorD(1.00000,	6.00000,	-4.00000,	0.800000,	2.00000)

======================================================================
TRAFFIC MODEL BUILDER SUMMARY
======================================================================
Network:      US-101-N-DonaldDoyle
Segments:     7
Lanes:        4
Junctions:    8
Ramps:        2
Sensors:      5
Mode:         PeMS Data-Driven
Car-Following: Gipps
ODE Solver:   Ballistic
Vmax:         35.0 m/s
======================================================================
Skipping Source actor due to time limit at clock = 43201.00125327633
Skipping Source actor due to time limit at clock = 43210.6788297557
-----------------------------
| Model.cleanup in progress |
-----------------------------
cleanup: agenda
cleanup: wait queues
coroutine counts = (29758986,29756994,29755995)
[ModelOptimizer] Fitness: 2.2518 | Elapsed: 16.29 sec
[ModelOptimizer] Evaluating parameters: VectorD(3.98371,	4.04939,	-1.40158,	0.800000,	2.00000)

======================================================================
TRAFFIC MODEL BUILDER SUMMARY
======================================================================
Network:      US-101-N-DonaldDoyle
Segments:     7
Lanes:        4
Junctions:    8
Ramps:        2
Sensors:      5
Mode:         PeMS Data-Driven
Car-Following: Gipps
ODE Solver:   Ballistic
Vmax:         35.0 m/s
======================================================================
Skipping Source actor due to time limit at clock = 43201.00125327633
Skipping Source actor due to time limit at clock = 43210.6788297557
-----------------------------
| Model.cleanup in progress |
-----------------------------
cleanup: agenda
cleanup: wait queues
coroutine counts = (29818743,29816747,29815746)
[ModelOptimizer] Fitness: 4.6516 | Elapsed: 16.90 sec
[ModelOptimizer] Evaluating parameters: VectorD(8.00000,	6.00000,	-4.00000,	0.800000,	2.00000)

======================================================================
TRAFFIC MODEL BUILDER SUMMARY
======================================================================
Network:      US-101-N-DonaldDoyle
Segments:     7
Lanes:        4
Junctions:    8
Ramps:        2
Sensors:      5
Mode:         PeMS Data-Driven
Car-Following: Gipps
ODE Solver:   Ballistic
Vmax:         35.0 m/s
======================================================================
Skipping Source actor due to time limit at clock = 43201.00125327633
Skipping Source actor due to time limit at clock = 43210.6788297557
-----------------------------
| Model.cleanup in progress |
-----------------------------
cleanup: agenda
cleanup: wait queues
coroutine counts = (29878500,29876500,29875497)
[ModelOptimizer] Fitness: 2.2518 | Elapsed: 16.15 sec
[ModelOptimizer] Evaluating parameters: VectorD(4.14700,	6.00000,	-0.500000,	5.00000,	1.21606)

======================================================================
TRAFFIC MODEL BUILDER SUMMARY
======================================================================
Network:      US-101-N-DonaldDoyle
Segments:     7
Lanes:        4
Junctions:    8
Ramps:        2
Sensors:      5
Mode:         PeMS Data-Driven
Car-Following: Gipps
ODE Solver:   Ballistic
Vmax:         35.0 m/s
======================================================================
Skipping Source actor due to time limit at clock = 43201.00125327633
Skipping Source actor due to time limit at clock = 43210.6788297557
-----------------------------
| Model.cleanup in progress |
-----------------------------
cleanup: agenda
cleanup: wait queues
coroutine counts = (29938257,29936253,29935248)
[ModelOptimizer] Fitness: 8.2983 | Elapsed: 25.66 sec
[ModelOptimizer] Evaluating parameters: VectorD(4.14700,	6.00000,	-4.00000,	0.800000,	2.00000)

======================================================================
TRAFFIC MODEL BUILDER SUMMARY
======================================================================
Network:      US-101-N-DonaldDoyle
Segments:     7
Lanes:        4
Junctions:    8
Ramps:        2
Sensors:      5
Mode:         PeMS Data-Driven
Car-Following: Gipps
ODE Solver:   Ballistic
Vmax:         35.0 m/s
======================================================================
Skipping Source actor due to time limit at clock = 43201.00125327633
Skipping Source actor due to time limit at clock = 43210.6788297557
-----------------------------
| Model.cleanup in progress |
-----------------------------
cleanup: agenda
cleanup: wait queues
coroutine counts = (29998014,29996006,29994999)
[ModelOptimizer] Fitness: 2.2518 | Elapsed: 15.99 sec
[ModelOptimizer] Evaluating parameters: VectorD(7.29105,	6.00000,	-4.00000,	0.800000,	2.00000)

======================================================================
TRAFFIC MODEL BUILDER SUMMARY
======================================================================
Network:      US-101-N-DonaldDoyle
Segments:     7
Lanes:        4
Junctions:    8
Ramps:        2
Sensors:      5
Mode:         PeMS Data-Driven
Car-Following: Gipps
ODE Solver:   Ballistic
Vmax:         35.0 m/s
======================================================================
Skipping Source actor due to time limit at clock = 43201.00125327633
Skipping Source actor due to time limit at clock = 43210.6788297557
-----------------------------
| Model.cleanup in progress |
-----------------------------
cleanup: agenda
cleanup: wait queues
coroutine counts = (30057771,30055759,30054750)
[ModelOptimizer] Fitness: 2.2518 | Elapsed: 16.38 sec
[ModelOptimizer] Evaluating parameters: VectorD(2.89140,	6.00000,	-0.500000,	0.800000,	2.00000)

======================================================================
TRAFFIC MODEL BUILDER SUMMARY
======================================================================
Network:      US-101-N-DonaldDoyle
Segments:     7
Lanes:        4
Junctions:    8
Ramps:        2
Sensors:      5
Mode:         PeMS Data-Driven
Car-Following: Gipps
ODE Solver:   Ballistic
Vmax:         35.0 m/s
======================================================================
Skipping Source actor due to time limit at clock = 43201.00125327633
Skipping Source actor due to time limit at clock = 43210.6788297557
-----------------------------
| Model.cleanup in progress |
-----------------------------
cleanup: agenda
cleanup: wait queues
coroutine counts = (30117528,30115512,30114501)
[ModelOptimizer] Fitness: NaN | Elapsed: 18.15 sec
[ModelOptimizer] Evaluating parameters: VectorD(8.00000,	6.00000,	-4.00000,	5.00000,	0.200000)

======================================================================
TRAFFIC MODEL BUILDER SUMMARY
======================================================================
Network:      US-101-N-DonaldDoyle
Segments:     7
Lanes:        4
Junctions:    8
Ramps:        2
Sensors:      5
Mode:         PeMS Data-Driven
Car-Following: Gipps
ODE Solver:   Ballistic
Vmax:         35.0 m/s
======================================================================
Skipping Source actor due to time limit at clock = 43201.00125327633
Skipping Source actor due to time limit at clock = 43210.6788297557
-----------------------------
| Model.cleanup in progress |
-----------------------------
cleanup: agenda
cleanup: wait queues
coroutine counts = (30177285,30175265,30174252)
[ModelOptimizer] Fitness: 4.9154 | Elapsed: 68.52 sec
[ModelOptimizer] Evaluating parameters: VectorD(8.00000,	6.00000,	-4.00000,	2.50267,	2.00000)

======================================================================
TRAFFIC MODEL BUILDER SUMMARY
======================================================================
Network:      US-101-N-DonaldDoyle
Segments:     7
Lanes:        4
Junctions:    8
Ramps:        2
Sensors:      5
Mode:         PeMS Data-Driven
Car-Following: Gipps
ODE Solver:   Ballistic
Vmax:         35.0 m/s
======================================================================
Skipping Source actor due to time limit at clock = 43201.00125327633
Skipping Source actor due to time limit at clock = 43210.6788297557
-----------------------------
| Model.cleanup in progress |
-----------------------------
cleanup: agenda
cleanup: wait queues
coroutine counts = (30237042,30235018,30234003)
[ModelOptimizer] Fitness: 2.2518 | Elapsed: 16.16 sec
[ModelOptimizer] Evaluating parameters: VectorD(1.00000,	6.00000,	-4.00000,	0.800000,	1.95013)

======================================================================
TRAFFIC MODEL BUILDER SUMMARY
======================================================================
Network:      US-101-N-DonaldDoyle
Segments:     7
Lanes:        4
Junctions:    8
Ramps:        2
Sensors:      5
Mode:         PeMS Data-Driven
Car-Following: Gipps
ODE Solver:   Ballistic
Vmax:         35.0 m/s
======================================================================
Skipping Source actor due to time limit at clock = 43201.00125327633
Skipping Source actor due to time limit at clock = 43210.6788297557
-----------------------------
| Model.cleanup in progress |
-----------------------------
cleanup: agenda
cleanup: wait queues
coroutine counts = (30296799,30294771,30293754)
[ModelOptimizer] Fitness: 2.2347 | Elapsed: 15.78 sec
[ModelOptimizer] Evaluating parameters: VectorD(8.00000,	6.00000,	-4.00000,	2.69779,	1.95013)

======================================================================
TRAFFIC MODEL BUILDER SUMMARY
======================================================================
Network:      US-101-N-DonaldDoyle
Segments:     7
Lanes:        4
Junctions:    8
Ramps:        2
Sensors:      5
Mode:         PeMS Data-Driven
Car-Following: Gipps
ODE Solver:   Ballistic
Vmax:         35.0 m/s
======================================================================
Skipping Source actor due to time limit at clock = 43201.00125327633
Skipping Source actor due to time limit at clock = 43210.6788297557
-----------------------------
| Model.cleanup in progress |
-----------------------------
cleanup: agenda
cleanup: wait queues
coroutine counts = (30356556,30354524,30353505)
[ModelOptimizer] Fitness: 2.2347 | Elapsed: 16.19 sec
      11 |      2.23470146 |      2.23470146 |      27.5% ✓
[ModelOptimizer] Evaluating parameters: VectorD(1.00000,	6.00000,	-4.00000,	0.800000,	2.00000)

======================================================================
TRAFFIC MODEL BUILDER SUMMARY
======================================================================
Network:      US-101-N-DonaldDoyle
Segments:     7
Lanes:        4
Junctions:    8
Ramps:        2
Sensors:      5
Mode:         PeMS Data-Driven
Car-Following: Gipps
ODE Solver:   Ballistic
Vmax:         35.0 m/s
======================================================================
Skipping Source actor due to time limit at clock = 43201.00125327633
Skipping Source actor due to time limit at clock = 43210.6788297557
-----------------------------
| Model.cleanup in progress |
-----------------------------
cleanup: agenda
cleanup: wait queues
coroutine counts = (30416313,30414277,30413256)
[ModelOptimizer] Fitness: 2.2518 | Elapsed: 16.10 sec
[ModelOptimizer] Evaluating parameters: VectorD(8.00000,	6.00000,	-4.00000,	0.800000,	2.00000)

======================================================================
TRAFFIC MODEL BUILDER SUMMARY
======================================================================
Network:      US-101-N-DonaldDoyle
Segments:     7
Lanes:        4
Junctions:    8
Ramps:        2
Sensors:      5
Mode:         PeMS Data-Driven
Car-Following: Gipps
ODE Solver:   Ballistic
Vmax:         35.0 m/s
======================================================================
Skipping Source actor due to time limit at clock = 43201.00125327633
Skipping Source actor due to time limit at clock = 43210.6788297557
-----------------------------
| Model.cleanup in progress |
-----------------------------
cleanup: agenda
cleanup: wait queues
coroutine counts = (30476070,30474030,30473007)
[ModelOptimizer] Fitness: 2.2518 | Elapsed: 15.93 sec
[ModelOptimizer] Evaluating parameters: VectorD(4.97885,	6.00000,	-4.00000,	5.00000,	2.00000)

======================================================================
TRAFFIC MODEL BUILDER SUMMARY
======================================================================
Network:      US-101-N-DonaldDoyle
Segments:     7
Lanes:        4
Junctions:    8
Ramps:        2
Sensors:      5
Mode:         PeMS Data-Driven
Car-Following: Gipps
ODE Solver:   Ballistic
Vmax:         35.0 m/s
======================================================================
Skipping Source actor due to time limit at clock = 43201.00125327633
Skipping Source actor due to time limit at clock = 43210.6788297557
-----------------------------
| Model.cleanup in progress |
-----------------------------
cleanup: agenda
cleanup: wait queues
coroutine counts = (30535827,30533783,30532758)
[ModelOptimizer] Fitness: 2.2518 | Elapsed: 16.14 sec
[ModelOptimizer] Evaluating parameters: VectorD(4.97885,	6.00000,	-4.00000,	0.800000,	2.00000)

======================================================================
TRAFFIC MODEL BUILDER SUMMARY
======================================================================
Network:      US-101-N-DonaldDoyle
Segments:     7
Lanes:        4
Junctions:    8
Ramps:        2
Sensors:      5
Mode:         PeMS Data-Driven
Car-Following: Gipps
ODE Solver:   Ballistic
Vmax:         35.0 m/s
======================================================================
Skipping Source actor due to time limit at clock = 43201.00125327633
Skipping Source actor due to time limit at clock = 43210.6788297557
-----------------------------
| Model.cleanup in progress |
-----------------------------
cleanup: agenda
cleanup: wait queues
coroutine counts = (30595584,30593536,30592509)
[ModelOptimizer] Fitness: 2.2518 | Elapsed: 16.22 sec
[ModelOptimizer] Evaluating parameters: VectorD(8.00000,	5.30357,	-4.00000,	0.800000,	2.00000)

======================================================================
TRAFFIC MODEL BUILDER SUMMARY
======================================================================
Network:      US-101-N-DonaldDoyle
Segments:     7
Lanes:        4
Junctions:    8
Ramps:        2
Sensors:      5
Mode:         PeMS Data-Driven
Car-Following: Gipps
ODE Solver:   Ballistic
Vmax:         35.0 m/s
======================================================================
Skipping Source actor due to time limit at clock = 43201.00125327633
Skipping Source actor due to time limit at clock = 43210.6788297557
-----------------------------
| Model.cleanup in progress |
-----------------------------
cleanup: agenda
cleanup: wait queues
coroutine counts = (30655341,30653289,30652260)
[ModelOptimizer] Fitness: 2.3287 | Elapsed: 16.15 sec
[ModelOptimizer] Evaluating parameters: VectorD(8.00000,	6.00000,	-4.00000,	5.00000,	2.00000)

======================================================================
TRAFFIC MODEL BUILDER SUMMARY
======================================================================
Network:      US-101-N-DonaldDoyle
Segments:     7
Lanes:        4
Junctions:    8
Ramps:        2
Sensors:      5
Mode:         PeMS Data-Driven
Car-Following: Gipps
ODE Solver:   Ballistic
Vmax:         35.0 m/s
======================================================================
Skipping Source actor due to time limit at clock = 43201.00125327633
Skipping Source actor due to time limit at clock = 43210.6788297557
-----------------------------
| Model.cleanup in progress |
-----------------------------
cleanup: agenda
cleanup: wait queues
coroutine counts = (30715098,30713042,30712011)
[ModelOptimizer] Fitness: 2.2518 | Elapsed: 16.01 sec
[ModelOptimizer] Evaluating parameters: VectorD(1.00000,	6.00000,	-0.500000,	0.800000,	2.00000)

======================================================================
TRAFFIC MODEL BUILDER SUMMARY
======================================================================
Network:      US-101-N-DonaldDoyle
Segments:     7
Lanes:        4
Junctions:    8
Ramps:        2
Sensors:      5
Mode:         PeMS Data-Driven
Car-Following: Gipps
ODE Solver:   Ballistic
Vmax:         35.0 m/s
======================================================================
Skipping Source actor due to time limit at clock = 43201.00125327633
Skipping Source actor due to time limit at clock = 43210.6788297557
-----------------------------
| Model.cleanup in progress |
-----------------------------
cleanup: agenda
cleanup: wait queues
coroutine counts = (30774855,30772795,30771762)
[ModelOptimizer] Fitness: NaN | Elapsed: 17.84 sec
[ModelOptimizer] Evaluating parameters: VectorD(6.43126,	6.00000,	-0.500000,	3.93580,	2.00000)

======================================================================
TRAFFIC MODEL BUILDER SUMMARY
======================================================================
Network:      US-101-N-DonaldDoyle
Segments:     7
Lanes:        4
Junctions:    8
Ramps:        2
Sensors:      5
Mode:         PeMS Data-Driven
Car-Following: Gipps
ODE Solver:   Ballistic
Vmax:         35.0 m/s
======================================================================
Skipping Source actor due to time limit at clock = 43201.00125327633
Skipping Source actor due to time limit at clock = 43210.6788297557
-----------------------------
| Model.cleanup in progress |
-----------------------------
cleanup: agenda
cleanup: wait queues
coroutine counts = (30834612,30832548,30831513)
[ModelOptimizer] Fitness: NaN | Elapsed: 17.80 sec
[ModelOptimizer] Evaluating parameters: VectorD(1.00000,	6.00000,	-4.00000,	0.800000,	2.00000)

======================================================================
TRAFFIC MODEL BUILDER SUMMARY
======================================================================
Network:      US-101-N-DonaldDoyle
Segments:     7
Lanes:        4
Junctions:    8
Ramps:        2
Sensors:      5
Mode:         PeMS Data-Driven
Car-Following: Gipps
ODE Solver:   Ballistic
Vmax:         35.0 m/s
======================================================================
Skipping Source actor due to time limit at clock = 43201.00125327633
Skipping Source actor due to time limit at clock = 43210.6788297557
-----------------------------
| Model.cleanup in progress |
-----------------------------
cleanup: agenda
cleanup: wait queues
coroutine counts = (30894369,30892301,30891264)
[ModelOptimizer] Fitness: 2.2518 | Elapsed: 15.72 sec
[ModelOptimizer] Evaluating parameters: VectorD(3.49995,	6.00000,	-4.00000,	0.800000,	2.00000)

======================================================================
TRAFFIC MODEL BUILDER SUMMARY
======================================================================
Network:      US-101-N-DonaldDoyle
Segments:     7
Lanes:        4
Junctions:    8
Ramps:        2
Sensors:      5
Mode:         PeMS Data-Driven
Car-Following: Gipps
ODE Solver:   Ballistic
Vmax:         35.0 m/s
======================================================================
Skipping Source actor due to time limit at clock = 43201.00125327633
Skipping Source actor due to time limit at clock = 43210.6788297557
-----------------------------
| Model.cleanup in progress |
-----------------------------
cleanup: agenda
cleanup: wait queues
coroutine counts = (30954126,30952054,30951015)
[ModelOptimizer] Fitness: 2.2518 | Elapsed: 16.16 sec
[ModelOptimizer] Evaluating parameters: VectorD(1.00000,	6.00000,	-0.500000,	0.800000,	2.00000)

======================================================================
TRAFFIC MODEL BUILDER SUMMARY
======================================================================
Network:      US-101-N-DonaldDoyle
Segments:     7
Lanes:        4
Junctions:    8
Ramps:        2
Sensors:      5
Mode:         PeMS Data-Driven
Car-Following: Gipps
ODE Solver:   Ballistic
Vmax:         35.0 m/s
======================================================================
Skipping Source actor due to time limit at clock = 43201.00125327633
Skipping Source actor due to time limit at clock = 43210.6788297557
-----------------------------
| Model.cleanup in progress |
-----------------------------
cleanup: agenda
cleanup: wait queues
coroutine counts = (31013883,31011807,31010766)
[ModelOptimizer] Fitness: NaN | Elapsed: 17.87 sec
[ModelOptimizer] Evaluating parameters: VectorD(8.00000,	6.00000,	-4.00000,	0.800000,	2.00000)

======================================================================
TRAFFIC MODEL BUILDER SUMMARY
======================================================================
Network:      US-101-N-DonaldDoyle
Segments:     7
Lanes:        4
Junctions:    8
Ramps:        2
Sensors:      5
Mode:         PeMS Data-Driven
Car-Following: Gipps
ODE Solver:   Ballistic
Vmax:         35.0 m/s
======================================================================
Skipping Source actor due to time limit at clock = 43201.00125327633
Skipping Source actor due to time limit at clock = 43210.6788297557
-----------------------------
| Model.cleanup in progress |
-----------------------------
cleanup: agenda
cleanup: wait queues
coroutine counts = (31073640,31071560,31070517)
[ModelOptimizer] Fitness: 2.2518 | Elapsed: 16.19 sec
[ModelOptimizer] Evaluating parameters: VectorD(8.00000,	6.00000,	-4.00000,	0.800000,	2.00000)

======================================================================
TRAFFIC MODEL BUILDER SUMMARY
======================================================================
Network:      US-101-N-DonaldDoyle
Segments:     7
Lanes:        4
Junctions:    8
Ramps:        2
Sensors:      5
Mode:         PeMS Data-Driven
Car-Following: Gipps
ODE Solver:   Ballistic
Vmax:         35.0 m/s
======================================================================
Skipping Source actor due to time limit at clock = 43201.00125327633
Skipping Source actor due to time limit at clock = 43210.6788297557
-----------------------------
| Model.cleanup in progress |
-----------------------------
cleanup: agenda
cleanup: wait queues
coroutine counts = (31133397,31131313,31130268)
[ModelOptimizer] Fitness: 2.2518 | Elapsed: 15.82 sec
[ModelOptimizer] Evaluating parameters: VectorD(3.36869,	6.00000,	-0.500000,	1.43496,	2.00000)

======================================================================
TRAFFIC MODEL BUILDER SUMMARY
======================================================================
Network:      US-101-N-DonaldDoyle
Segments:     7
Lanes:        4
Junctions:    8
Ramps:        2
Sensors:      5
Mode:         PeMS Data-Driven
Car-Following: Gipps
ODE Solver:   Ballistic
Vmax:         35.0 m/s
======================================================================
Skipping Source actor due to time limit at clock = 43201.00125327633
Skipping Source actor due to time limit at clock = 43210.6788297557
-----------------------------
| Model.cleanup in progress |
-----------------------------
cleanup: agenda
cleanup: wait queues
coroutine counts = (31193154,31191066,31190019)
[ModelOptimizer] Fitness: NaN | Elapsed: 18.13 sec
[ModelOptimizer] Evaluating parameters: VectorD(8.00000,	6.00000,	-4.00000,	0.800000,	2.00000)

======================================================================
TRAFFIC MODEL BUILDER SUMMARY
======================================================================
Network:      US-101-N-DonaldDoyle
Segments:     7
Lanes:        4
Junctions:    8
Ramps:        2
Sensors:      5
Mode:         PeMS Data-Driven
Car-Following: Gipps
ODE Solver:   Ballistic
Vmax:         35.0 m/s
======================================================================
Skipping Source actor due to time limit at clock = 43201.00125327633
Skipping Source actor due to time limit at clock = 43210.6788297557
-----------------------------
| Model.cleanup in progress |
-----------------------------
cleanup: agenda
cleanup: wait queues
coroutine counts = (31252911,31250819,31249770)
[ModelOptimizer] Fitness: 2.2518 | Elapsed: 16.33 sec
[ModelOptimizer] Evaluating parameters: VectorD(8.00000,	6.00000,	-4.00000,	0.800000,	2.00000)

======================================================================
TRAFFIC MODEL BUILDER SUMMARY
======================================================================
Network:      US-101-N-DonaldDoyle
Segments:     7
Lanes:        4
Junctions:    8
Ramps:        2
Sensors:      5
Mode:         PeMS Data-Driven
Car-Following: Gipps
ODE Solver:   Ballistic
Vmax:         35.0 m/s
======================================================================
Skipping Source actor due to time limit at clock = 43201.00125327633
Skipping Source actor due to time limit at clock = 43210.6788297557
-----------------------------
| Model.cleanup in progress |
-----------------------------
cleanup: agenda
cleanup: wait queues
coroutine counts = (31312668,31310572,31309521)
[ModelOptimizer] Fitness: 2.2518 | Elapsed: 16.32 sec
[ModelOptimizer] Evaluating parameters: VectorD(1.00000,	6.00000,	-4.00000,	0.800000,	2.00000)

======================================================================
TRAFFIC MODEL BUILDER SUMMARY
======================================================================
Network:      US-101-N-DonaldDoyle
Segments:     7
Lanes:        4
Junctions:    8
Ramps:        2
Sensors:      5
Mode:         PeMS Data-Driven
Car-Following: Gipps
ODE Solver:   Ballistic
Vmax:         35.0 m/s
======================================================================
Skipping Source actor due to time limit at clock = 43201.00125327633
Skipping Source actor due to time limit at clock = 43210.6788297557
-----------------------------
| Model.cleanup in progress |
-----------------------------
cleanup: agenda
cleanup: wait queues
coroutine counts = (31372425,31370325,31369272)
[ModelOptimizer] Fitness: 2.2518 | Elapsed: 15.77 sec
[ModelOptimizer] Evaluating parameters: VectorD(3.27669,	6.00000,	-4.00000,	0.800000,	2.00000)

======================================================================
TRAFFIC MODEL BUILDER SUMMARY
======================================================================
Network:      US-101-N-DonaldDoyle
Segments:     7
Lanes:        4
Junctions:    8
Ramps:        2
Sensors:      5
Mode:         PeMS Data-Driven
Car-Following: Gipps
ODE Solver:   Ballistic
Vmax:         35.0 m/s
======================================================================
Skipping Source actor due to time limit at clock = 43201.00125327633
Skipping Source actor due to time limit at clock = 43210.6788297557
-----------------------------
| Model.cleanup in progress |
-----------------------------
cleanup: agenda
cleanup: wait queues
coroutine counts = (31432182,31430078,31429023)
[ModelOptimizer] Fitness: 2.2518 | Elapsed: 16.38 sec
[ModelOptimizer] Evaluating parameters: VectorD(1.00000,	6.00000,	-0.500000,	5.00000,	0.200000)

======================================================================
TRAFFIC MODEL BUILDER SUMMARY
======================================================================
Network:      US-101-N-DonaldDoyle
Segments:     7
Lanes:        4
Junctions:    8
Ramps:        2
Sensors:      5
Mode:         PeMS Data-Driven
Car-Following: Gipps
ODE Solver:   Ballistic
Vmax:         35.0 m/s
======================================================================
Skipping Source actor due to time limit at clock = 43201.00125327633
Skipping Source actor due to time limit at clock = 43210.6788297557
-----------------------------
| Model.cleanup in progress |
-----------------------------
cleanup: agenda
cleanup: wait queues
coroutine counts = (31491939,31489831,31488774)
[ModelOptimizer] Fitness: 8.6656 | Elapsed: 118.01 sec
[ModelOptimizer] Evaluating parameters: VectorD(8.00000,	6.00000,	-4.00000,	0.800000,	2.00000)

======================================================================
TRAFFIC MODEL BUILDER SUMMARY
======================================================================
Network:      US-101-N-DonaldDoyle
Segments:     7
Lanes:        4
Junctions:    8
Ramps:        2
Sensors:      5
Mode:         PeMS Data-Driven
Car-Following: Gipps
ODE Solver:   Ballistic
Vmax:         35.0 m/s
======================================================================
Skipping Source actor due to time limit at clock = 43201.00125327633
Skipping Source actor due to time limit at clock = 43210.6788297557
-----------------------------
| Model.cleanup in progress |
-----------------------------
cleanup: agenda
cleanup: wait queues
coroutine counts = (31551696,31549584,31548525)
[ModelOptimizer] Fitness: 2.2518 | Elapsed: 16.20 sec
[ModelOptimizer] Evaluating parameters: VectorD(8.00000,	6.00000,	-4.00000,	2.90199,	2.00000)

======================================================================
TRAFFIC MODEL BUILDER SUMMARY
======================================================================
Network:      US-101-N-DonaldDoyle
Segments:     7
Lanes:        4
Junctions:    8
Ramps:        2
Sensors:      5
Mode:         PeMS Data-Driven
Car-Following: Gipps
ODE Solver:   Ballistic
Vmax:         35.0 m/s
======================================================================
Skipping Source actor due to time limit at clock = 43201.00125327633
Skipping Source actor due to time limit at clock = 43210.6788297557
-----------------------------
| Model.cleanup in progress |
-----------------------------
cleanup: agenda
cleanup: wait queues
coroutine counts = (31611453,31609337,31608276)
[ModelOptimizer] Fitness: 2.2518 | Elapsed: 15.76 sec
[ModelOptimizer] Evaluating parameters: VectorD(8.00000,	6.00000,	-4.00000,	0.800000,	2.00000)

======================================================================
TRAFFIC MODEL BUILDER SUMMARY
======================================================================
Network:      US-101-N-DonaldDoyle
Segments:     7
Lanes:        4
Junctions:    8
Ramps:        2
Sensors:      5
Mode:         PeMS Data-Driven
Car-Following: Gipps
ODE Solver:   Ballistic
Vmax:         35.0 m/s
======================================================================
Skipping Source actor due to time limit at clock = 43201.00125327633
Skipping Source actor due to time limit at clock = 43210.6788297557
-----------------------------
| Model.cleanup in progress |
-----------------------------
cleanup: agenda
cleanup: wait queues
coroutine counts = (31671210,31669090,31668027)
[ModelOptimizer] Fitness: 2.2518 | Elapsed: 16.09 sec
[ModelOptimizer] Evaluating parameters: VectorD(5.92568,	6.00000,	-0.500000,	5.00000,	0.200000)

======================================================================
TRAFFIC MODEL BUILDER SUMMARY
======================================================================
Network:      US-101-N-DonaldDoyle
Segments:     7
Lanes:        4
Junctions:    8
Ramps:        2
Sensors:      5
Mode:         PeMS Data-Driven
Car-Following: Gipps
ODE Solver:   Ballistic
Vmax:         35.0 m/s
======================================================================
Skipping Source actor due to time limit at clock = 43201.00125327633
Skipping Source actor due to time limit at clock = 43210.6788297557
-----------------------------
| Model.cleanup in progress |
-----------------------------
cleanup: agenda
cleanup: wait queues
coroutine counts = (31730967,31728843,31727778)
[ModelOptimizer] Fitness: 8.6656 | Elapsed: 116.71 sec
[ModelOptimizer] Evaluating parameters: VectorD(6.15219,	6.00000,	-0.500000,	5.00000,	2.00000)

======================================================================
TRAFFIC MODEL BUILDER SUMMARY
======================================================================
Network:      US-101-N-DonaldDoyle
Segments:     7
Lanes:        4
Junctions:    8
Ramps:        2
Sensors:      5
Mode:         PeMS Data-Driven
Car-Following: Gipps
ODE Solver:   Ballistic
Vmax:         35.0 m/s
======================================================================
Skipping Source actor due to time limit at clock = 43201.00125327633
Skipping Source actor due to time limit at clock = 43210.6788297557
-----------------------------
| Model.cleanup in progress |
-----------------------------
cleanup: agenda
cleanup: wait queues
coroutine counts = (31790724,31788596,31787529)
[ModelOptimizer] Fitness: NaN | Elapsed: 17.84 sec
[ModelOptimizer] Evaluating parameters: VectorD(1.59064,	6.00000,	-0.500000,	5.00000,	2.00000)

======================================================================
TRAFFIC MODEL BUILDER SUMMARY
======================================================================
Network:      US-101-N-DonaldDoyle
Segments:     7
Lanes:        4
Junctions:    8
Ramps:        2
Sensors:      5
Mode:         PeMS Data-Driven
Car-Following: Gipps
ODE Solver:   Ballistic
Vmax:         35.0 m/s
======================================================================
Skipping Source actor due to time limit at clock = 43201.00125327633
Skipping Source actor due to time limit at clock = 43210.6788297557
-----------------------------
| Model.cleanup in progress |
-----------------------------
cleanup: agenda
cleanup: wait queues
coroutine counts = (31850481,31848349,31847280)
[ModelOptimizer] Fitness: NaN | Elapsed: 17.97 sec
[ModelOptimizer] Evaluating parameters: VectorD(1.59064,	6.00000,	-4.00000,	0.800000,	2.00000)

======================================================================
TRAFFIC MODEL BUILDER SUMMARY
======================================================================
Network:      US-101-N-DonaldDoyle
Segments:     7
Lanes:        4
Junctions:    8
Ramps:        2
Sensors:      5
Mode:         PeMS Data-Driven
Car-Following: Gipps
ODE Solver:   Ballistic
Vmax:         35.0 m/s
======================================================================
Skipping Source actor due to time limit at clock = 43201.00125327633
Skipping Source actor due to time limit at clock = 43210.6788297557
-----------------------------
| Model.cleanup in progress |
-----------------------------
cleanup: agenda
cleanup: wait queues
coroutine counts = (31910238,31908102,31907031)
[ModelOptimizer] Fitness: 2.2518 | Elapsed: 16.36 sec
[ModelOptimizer] Evaluating parameters: VectorD(4.66481,	6.00000,	-4.00000,	0.800000,	2.00000)

======================================================================
TRAFFIC MODEL BUILDER SUMMARY
======================================================================
Network:      US-101-N-DonaldDoyle
Segments:     7
Lanes:        4
Junctions:    8
Ramps:        2
Sensors:      5
Mode:         PeMS Data-Driven
Car-Following: Gipps
ODE Solver:   Ballistic
Vmax:         35.0 m/s
======================================================================
Skipping Source actor due to time limit at clock = 43201.00125327633
Skipping Source actor due to time limit at clock = 43210.6788297557
-----------------------------
| Model.cleanup in progress |
-----------------------------
cleanup: agenda
cleanup: wait queues
coroutine counts = (31969995,31967855,31966782)
[ModelOptimizer] Fitness: 2.2518 | Elapsed: 15.98 sec
[ModelOptimizer] Evaluating parameters: VectorD(1.00000,	6.00000,	-4.00000,	0.800000,	2.00000)

======================================================================
TRAFFIC MODEL BUILDER SUMMARY
======================================================================
Network:      US-101-N-DonaldDoyle
Segments:     7
Lanes:        4
Junctions:    8
Ramps:        2
Sensors:      5
Mode:         PeMS Data-Driven
Car-Following: Gipps
ODE Solver:   Ballistic
Vmax:         35.0 m/s
======================================================================
Skipping Source actor due to time limit at clock = 43201.00125327633
Skipping Source actor due to time limit at clock = 43210.6788297557
-----------------------------
| Model.cleanup in progress |
-----------------------------
cleanup: agenda
cleanup: wait queues
coroutine counts = (32029752,32027608,32026533)
[ModelOptimizer] Fitness: 2.2518 | Elapsed: 16.17 sec
[ModelOptimizer] Evaluating parameters: VectorD(8.00000,	3.51052,	-0.500000,	5.00000,	0.399021)

======================================================================
TRAFFIC MODEL BUILDER SUMMARY
======================================================================
Network:      US-101-N-DonaldDoyle
Segments:     7
Lanes:        4
Junctions:    8
Ramps:        2
Sensors:      5
Mode:         PeMS Data-Driven
Car-Following: Gipps
ODE Solver:   Ballistic
Vmax:         35.0 m/s
======================================================================
Skipping Source actor due to time limit at clock = 43201.00125327633
Skipping Source actor due to time limit at clock = 43210.6788297557
-----------------------------
| Model.cleanup in progress |
-----------------------------
cleanup: agenda
cleanup: wait queues
coroutine counts = (32089509,32087361,32086284)
[ModelOptimizer] Fitness: 9.6139 | Elapsed: 74.86 sec
[ModelOptimizer] Evaluating parameters: VectorD(1.00000,	6.00000,	-4.00000,	0.800000,	2.00000)

======================================================================
TRAFFIC MODEL BUILDER SUMMARY
======================================================================
Network:      US-101-N-DonaldDoyle
Segments:     7
Lanes:        4
Junctions:    8
Ramps:        2
Sensors:      5
Mode:         PeMS Data-Driven
Car-Following: Gipps
ODE Solver:   Ballistic
Vmax:         35.0 m/s
======================================================================
Skipping Source actor due to time limit at clock = 43201.00125327633
Skipping Source actor due to time limit at clock = 43210.6788297557
-----------------------------
| Model.cleanup in progress |
-----------------------------
cleanup: agenda
cleanup: wait queues
coroutine counts = (32149266,32147114,32146035)
[ModelOptimizer] Fitness: 2.2518 | Elapsed: 16.55 sec
[ModelOptimizer] Evaluating parameters: VectorD(5.02617,	6.00000,	-4.00000,	0.800000,	2.00000)

======================================================================
TRAFFIC MODEL BUILDER SUMMARY
======================================================================
Network:      US-101-N-DonaldDoyle
Segments:     7
Lanes:        4
Junctions:    8
Ramps:        2
Sensors:      5
Mode:         PeMS Data-Driven
Car-Following: Gipps
ODE Solver:   Ballistic
Vmax:         35.0 m/s
======================================================================
Skipping Source actor due to time limit at clock = 43201.00125327633
Skipping Source actor due to time limit at clock = 43210.6788297557
-----------------------------
| Model.cleanup in progress |
-----------------------------
cleanup: agenda
cleanup: wait queues
coroutine counts = (32209023,32206867,32205786)
[ModelOptimizer] Fitness: 2.2518 | Elapsed: 16.34 sec
[ModelOptimizer] Evaluating parameters: VectorD(8.00000,	6.00000,	-4.00000,	0.800000,	2.00000)

======================================================================
TRAFFIC MODEL BUILDER SUMMARY
======================================================================
Network:      US-101-N-DonaldDoyle
Segments:     7
Lanes:        4
Junctions:    8
Ramps:        2
Sensors:      5
Mode:         PeMS Data-Driven
Car-Following: Gipps
ODE Solver:   Ballistic
Vmax:         35.0 m/s
======================================================================
Skipping Source actor due to time limit at clock = 43201.00125327633
Skipping Source actor due to time limit at clock = 43210.6788297557
-----------------------------
| Model.cleanup in progress |
-----------------------------
cleanup: agenda
cleanup: wait queues
coroutine counts = (32268780,32266620,32265537)
[ModelOptimizer] Fitness: 2.2518 | Elapsed: 16.30 sec
[ModelOptimizer] Evaluating parameters: VectorD(4.14700,	6.00000,	-4.00000,	0.800000,	2.00000)

======================================================================
TRAFFIC MODEL BUILDER SUMMARY
======================================================================
Network:      US-101-N-DonaldDoyle
Segments:     7
Lanes:        4
Junctions:    8
Ramps:        2
Sensors:      5
Mode:         PeMS Data-Driven
Car-Following: Gipps
ODE Solver:   Ballistic
Vmax:         35.0 m/s
======================================================================
Skipping Source actor due to time limit at clock = 43201.00125327633
Skipping Source actor due to time limit at clock = 43210.6788297557
-----------------------------
| Model.cleanup in progress |
-----------------------------
cleanup: agenda
cleanup: wait queues
coroutine counts = (32328537,32326373,32325288)
[ModelOptimizer] Fitness: 2.2518 | Elapsed: 16.60 sec
[ModelOptimizer] Evaluating parameters: VectorD(4.14700,	6.00000,	-4.00000,	0.800000,	2.00000)

======================================================================
TRAFFIC MODEL BUILDER SUMMARY
======================================================================
Network:      US-101-N-DonaldDoyle
Segments:     7
Lanes:        4
Junctions:    8
Ramps:        2
Sensors:      5
Mode:         PeMS Data-Driven
Car-Following: Gipps
ODE Solver:   Ballistic
Vmax:         35.0 m/s
======================================================================
Skipping Source actor due to time limit at clock = 43201.00125327633
Skipping Source actor due to time limit at clock = 43210.6788297557
-----------------------------
| Model.cleanup in progress |
-----------------------------
cleanup: agenda
cleanup: wait queues
coroutine counts = (32388294,32386126,32385039)
[ModelOptimizer] Fitness: 2.2518 | Elapsed: 16.31 sec
[ModelOptimizer] Evaluating parameters: VectorD(8.00000,	6.00000,	-4.00000,	1.71223,	2.00000)

======================================================================
TRAFFIC MODEL BUILDER SUMMARY
======================================================================
Network:      US-101-N-DonaldDoyle
Segments:     7
Lanes:        4
Junctions:    8
Ramps:        2
Sensors:      5
Mode:         PeMS Data-Driven
Car-Following: Gipps
ODE Solver:   Ballistic
Vmax:         35.0 m/s
======================================================================
Skipping Source actor due to time limit at clock = 43201.00125327633
Skipping Source actor due to time limit at clock = 43210.6788297557
-----------------------------
| Model.cleanup in progress |
-----------------------------
cleanup: agenda
cleanup: wait queues
coroutine counts = (32448051,32445879,32444790)
[ModelOptimizer] Fitness: 2.2518 | Elapsed: 16.35 sec
[ModelOptimizer] Evaluating parameters: VectorD(2.89140,	6.00000,	-0.500000,	0.800000,	2.00000)

======================================================================
TRAFFIC MODEL BUILDER SUMMARY
======================================================================
Network:      US-101-N-DonaldDoyle
Segments:     7
Lanes:        4
Junctions:    8
Ramps:        2
Sensors:      5
Mode:         PeMS Data-Driven
Car-Following: Gipps
ODE Solver:   Ballistic
Vmax:         35.0 m/s
======================================================================
Skipping Source actor due to time limit at clock = 43201.00125327633
Skipping Source actor due to time limit at clock = 43210.6788297557
-----------------------------
| Model.cleanup in progress |
-----------------------------
cleanup: agenda
cleanup: wait queues
coroutine counts = (32507808,32505632,32504541)
[ModelOptimizer] Fitness: NaN | Elapsed: 18.26 sec
[ModelOptimizer] Evaluating parameters: VectorD(8.00000,	6.00000,	-1.79951,	5.00000,	0.200000)

======================================================================
TRAFFIC MODEL BUILDER SUMMARY
======================================================================
Network:      US-101-N-DonaldDoyle
Segments:     7
Lanes:        4
Junctions:    8
Ramps:        2
Sensors:      5
Mode:         PeMS Data-Driven
Car-Following: Gipps
ODE Solver:   Ballistic
Vmax:         35.0 m/s
======================================================================
Skipping Source actor due to time limit at clock = 43201.00125327633
Skipping Source actor due to time limit at clock = 43210.6788297557
-----------------------------
| Model.cleanup in progress |
-----------------------------
cleanup: agenda
cleanup: wait queues
coroutine counts = (32567565,32565385,32564292)
[ModelOptimizer] Fitness: 7.4333 | Elapsed: 93.52 sec
[ModelOptimizer] Evaluating parameters: VectorD(8.00000,	6.00000,	-4.00000,	2.50267,	2.00000)

======================================================================
TRAFFIC MODEL BUILDER SUMMARY
======================================================================
Network:      US-101-N-DonaldDoyle
Segments:     7
Lanes:        4
Junctions:    8
Ramps:        2
Sensors:      5
Mode:         PeMS Data-Driven
Car-Following: Gipps
ODE Solver:   Ballistic
Vmax:         35.0 m/s
======================================================================
Skipping Source actor due to time limit at clock = 43201.00125327633
Skipping Source actor due to time limit at clock = 43210.6788297557
-----------------------------
| Model.cleanup in progress |
-----------------------------
cleanup: agenda
cleanup: wait queues
coroutine counts = (32627322,32625138,32624043)
[ModelOptimizer] Fitness: 2.2518 | Elapsed: 16.11 sec
[ModelOptimizer] Evaluating parameters: VectorD(8.00000,	5.25749,	-0.500000,	0.800000,	2.00000)

======================================================================
TRAFFIC MODEL BUILDER SUMMARY
======================================================================
Network:      US-101-N-DonaldDoyle
Segments:     7
Lanes:        4
Junctions:    8
Ramps:        2
Sensors:      5
Mode:         PeMS Data-Driven
Car-Following: Gipps
ODE Solver:   Ballistic
Vmax:         35.0 m/s
======================================================================
Skipping Source actor due to time limit at clock = 43201.00125327633
Skipping Source actor due to time limit at clock = 43210.6788297557
-----------------------------
| Model.cleanup in progress |
-----------------------------
cleanup: agenda
cleanup: wait queues
coroutine counts = (32687079,32684891,32683794)
[ModelOptimizer] Fitness: 7.3271 | Elapsed: 18.96 sec
[ModelOptimizer] Evaluating parameters: VectorD(8.00000,	6.00000,	-4.00000,	2.69779,	1.95013)

======================================================================
TRAFFIC MODEL BUILDER SUMMARY
======================================================================
Network:      US-101-N-DonaldDoyle
Segments:     7
Lanes:        4
Junctions:    8
Ramps:        2
Sensors:      5
Mode:         PeMS Data-Driven
Car-Following: Gipps
ODE Solver:   Ballistic
Vmax:         35.0 m/s
======================================================================
Skipping Source actor due to time limit at clock = 43201.00125327633
Skipping Source actor due to time limit at clock = 43210.6788297557
-----------------------------
| Model.cleanup in progress |
-----------------------------
cleanup: agenda
cleanup: wait queues
coroutine counts = (32746836,32744644,32743545)
[ModelOptimizer] Fitness: 2.2347 | Elapsed: 16.44 sec
      12 |      2.23470146 |      2.23470146 |      30.0% ✓
[ModelOptimizer] Evaluating parameters: VectorD(3.59073,	6.00000,	-4.00000,	0.800000,	2.00000)

======================================================================
TRAFFIC MODEL BUILDER SUMMARY
======================================================================
Network:      US-101-N-DonaldDoyle
Segments:     7
Lanes:        4
Junctions:    8
Ramps:        2
Sensors:      5
Mode:         PeMS Data-Driven
Car-Following: Gipps
ODE Solver:   Ballistic
Vmax:         35.0 m/s
======================================================================
Skipping Source actor due to time limit at clock = 43201.00125327633
Skipping Source actor due to time limit at clock = 43210.6788297557
-----------------------------
| Model.cleanup in progress |
-----------------------------
cleanup: agenda
cleanup: wait queues
coroutine counts = (32806593,32804397,32803296)
[ModelOptimizer] Fitness: 2.2518 | Elapsed: 16.38 sec
[ModelOptimizer] Evaluating parameters: VectorD(8.00000,	6.00000,	-4.00000,	0.800000,	2.00000)

======================================================================
TRAFFIC MODEL BUILDER SUMMARY
======================================================================
Network:      US-101-N-DonaldDoyle
Segments:     7
Lanes:        4
Junctions:    8
Ramps:        2
Sensors:      5
Mode:         PeMS Data-Driven
Car-Following: Gipps
ODE Solver:   Ballistic
Vmax:         35.0 m/s
======================================================================
Skipping Source actor due to time limit at clock = 43201.00125327633
Skipping Source actor due to time limit at clock = 43210.6788297557
-----------------------------
| Model.cleanup in progress |
-----------------------------
cleanup: agenda
cleanup: wait queues
coroutine counts = (32866350,32864150,32863047)
[ModelOptimizer] Fitness: 2.2518 | Elapsed: 16.15 sec
[ModelOptimizer] Evaluating parameters: VectorD(8.00000,	6.00000,	-4.00000,	0.800000,	2.00000)

======================================================================
TRAFFIC MODEL BUILDER SUMMARY
======================================================================
Network:      US-101-N-DonaldDoyle
Segments:     7
Lanes:        4
Junctions:    8
Ramps:        2
Sensors:      5
Mode:         PeMS Data-Driven
Car-Following: Gipps
ODE Solver:   Ballistic
Vmax:         35.0 m/s
======================================================================
Skipping Source actor due to time limit at clock = 43201.00125327633
Skipping Source actor due to time limit at clock = 43210.6788297557
-----------------------------
| Model.cleanup in progress |
-----------------------------
cleanup: agenda
cleanup: wait queues
coroutine counts = (32926107,32923903,32922798)
[ModelOptimizer] Fitness: 2.2518 | Elapsed: 16.69 sec
[ModelOptimizer] Evaluating parameters: VectorD(4.97885,	6.00000,	-4.00000,	0.800000,	2.00000)

======================================================================
TRAFFIC MODEL BUILDER SUMMARY
======================================================================
Network:      US-101-N-DonaldDoyle
Segments:     7
Lanes:        4
Junctions:    8
Ramps:        2
Sensors:      5
Mode:         PeMS Data-Driven
Car-Following: Gipps
ODE Solver:   Ballistic
Vmax:         35.0 m/s
======================================================================
Skipping Source actor due to time limit at clock = 43201.00125327633
Skipping Source actor due to time limit at clock = 43210.6788297557
-----------------------------
| Model.cleanup in progress |
-----------------------------
cleanup: agenda
cleanup: wait queues
coroutine counts = (32985864,32983656,32982549)
[ModelOptimizer] Fitness: 2.2518 | Elapsed: 16.60 sec
[ModelOptimizer] Evaluating parameters: VectorD(2.32808,	6.00000,	-4.00000,	0.800000,	2.00000)

======================================================================
TRAFFIC MODEL BUILDER SUMMARY
======================================================================
Network:      US-101-N-DonaldDoyle
Segments:     7
Lanes:        4
Junctions:    8
Ramps:        2
Sensors:      5
Mode:         PeMS Data-Driven
Car-Following: Gipps
ODE Solver:   Ballistic
Vmax:         35.0 m/s
======================================================================
Skipping Source actor due to time limit at clock = 43201.00125327633
Skipping Source actor due to time limit at clock = 43210.6788297557
-----------------------------
| Model.cleanup in progress |
-----------------------------
cleanup: agenda
cleanup: wait queues
coroutine counts = (33045621,33043409,33042300)
[ModelOptimizer] Fitness: 2.2518 | Elapsed: 16.39 sec
[ModelOptimizer] Evaluating parameters: VectorD(8.00000,	6.00000,	-4.00000,	5.00000,	2.00000)

======================================================================
TRAFFIC MODEL BUILDER SUMMARY
======================================================================
Network:      US-101-N-DonaldDoyle
Segments:     7
Lanes:        4
Junctions:    8
Ramps:        2
Sensors:      5
Mode:         PeMS Data-Driven
Car-Following: Gipps
ODE Solver:   Ballistic
Vmax:         35.0 m/s
======================================================================
Skipping Source actor due to time limit at clock = 43201.00125327633
Skipping Source actor due to time limit at clock = 43210.6788297557
-----------------------------
| Model.cleanup in progress |
-----------------------------
cleanup: agenda
cleanup: wait queues
coroutine counts = (33105378,33103162,33102051)
[ModelOptimizer] Fitness: 2.2518 | Elapsed: 16.36 sec
[ModelOptimizer] Evaluating parameters: VectorD(8.00000,	6.00000,	-4.00000,	0.800000,	2.00000)

======================================================================
TRAFFIC MODEL BUILDER SUMMARY
======================================================================
Network:      US-101-N-DonaldDoyle
Segments:     7
Lanes:        4
Junctions:    8
Ramps:        2
Sensors:      5
Mode:         PeMS Data-Driven
Car-Following: Gipps
ODE Solver:   Ballistic
Vmax:         35.0 m/s
======================================================================
Skipping Source actor due to time limit at clock = 43201.00125327633
Skipping Source actor due to time limit at clock = 43210.6788297557
-----------------------------
| Model.cleanup in progress |
-----------------------------
cleanup: agenda
cleanup: wait queues
coroutine counts = (33165135,33162915,33161802)
[ModelOptimizer] Fitness: 2.2518 | Elapsed: 16.28 sec
[ModelOptimizer] Evaluating parameters: VectorD(6.43126,	6.00000,	-0.500000,	3.93580,	2.00000)

======================================================================
TRAFFIC MODEL BUILDER SUMMARY
======================================================================
Network:      US-101-N-DonaldDoyle
Segments:     7
Lanes:        4
Junctions:    8
Ramps:        2
Sensors:      5
Mode:         PeMS Data-Driven
Car-Following: Gipps
ODE Solver:   Ballistic
Vmax:         35.0 m/s
======================================================================
Skipping Source actor due to time limit at clock = 43201.00125327633
Skipping Source actor due to time limit at clock = 43210.6788297557
-----------------------------
| Model.cleanup in progress |
-----------------------------
cleanup: agenda
cleanup: wait queues
coroutine counts = (33224892,33222668,33221553)
[ModelOptimizer] Fitness: NaN | Elapsed: 18.58 sec
[ModelOptimizer] Evaluating parameters: VectorD(8.00000,	6.00000,	-4.00000,	0.800000,	2.00000)

======================================================================
TRAFFIC MODEL BUILDER SUMMARY
======================================================================
Network:      US-101-N-DonaldDoyle
Segments:     7
Lanes:        4
Junctions:    8
Ramps:        2
Sensors:      5
Mode:         PeMS Data-Driven
Car-Following: Gipps
ODE Solver:   Ballistic
Vmax:         35.0 m/s
======================================================================
Skipping Source actor due to time limit at clock = 43201.00125327633
Skipping Source actor due to time limit at clock = 43210.6788297557
-----------------------------
| Model.cleanup in progress |
-----------------------------
cleanup: agenda
cleanup: wait queues
coroutine counts = (33284649,33282421,33281304)
[ModelOptimizer] Fitness: 2.2518 | Elapsed: 16.31 sec
[ModelOptimizer] Evaluating parameters: VectorD(3.49995,	6.00000,	-4.00000,	0.800000,	2.00000)

======================================================================
TRAFFIC MODEL BUILDER SUMMARY
======================================================================
Network:      US-101-N-DonaldDoyle
Segments:     7
Lanes:        4
Junctions:    8
Ramps:        2
Sensors:      5
Mode:         PeMS Data-Driven
Car-Following: Gipps
ODE Solver:   Ballistic
Vmax:         35.0 m/s
======================================================================
Skipping Source actor due to time limit at clock = 43201.00125327633
Skipping Source actor due to time limit at clock = 43210.6788297557
-----------------------------
| Model.cleanup in progress |
-----------------------------
cleanup: agenda
cleanup: wait queues
coroutine counts = (33344406,33342174,33341055)
[ModelOptimizer] Fitness: 2.2518 | Elapsed: 16.52 sec
[ModelOptimizer] Evaluating parameters: VectorD(8.00000,	6.00000,	-4.00000,	0.800000,	2.00000)

======================================================================
TRAFFIC MODEL BUILDER SUMMARY
======================================================================
Network:      US-101-N-DonaldDoyle
Segments:     7
Lanes:        4
Junctions:    8
Ramps:        2
Sensors:      5
Mode:         PeMS Data-Driven
Car-Following: Gipps
ODE Solver:   Ballistic
Vmax:         35.0 m/s
======================================================================
Skipping Source actor due to time limit at clock = 43201.00125327633
Skipping Source actor due to time limit at clock = 43210.6788297557
-----------------------------
| Model.cleanup in progress |
-----------------------------
cleanup: agenda
cleanup: wait queues
coroutine counts = (33404163,33401927,33400806)
[ModelOptimizer] Fitness: 2.2518 | Elapsed: 16.83 sec
[ModelOptimizer] Evaluating parameters: VectorD(8.00000,	6.00000,	-4.00000,	0.800000,	2.00000)

======================================================================
TRAFFIC MODEL BUILDER SUMMARY
======================================================================
Network:      US-101-N-DonaldDoyle
Segments:     7
Lanes:        4
Junctions:    8
Ramps:        2
Sensors:      5
Mode:         PeMS Data-Driven
Car-Following: Gipps
ODE Solver:   Ballistic
Vmax:         35.0 m/s
======================================================================
Skipping Source actor due to time limit at clock = 43201.00125327633
Skipping Source actor due to time limit at clock = 43210.6788297557
-----------------------------
| Model.cleanup in progress |
-----------------------------
cleanup: agenda
cleanup: wait queues
coroutine counts = (33463920,33461680,33460557)
[ModelOptimizer] Fitness: 2.2518 | Elapsed: 16.38 sec
[ModelOptimizer] Evaluating parameters: VectorD(8.00000,	6.00000,	-0.500000,	5.00000,	0.200000)

======================================================================
TRAFFIC MODEL BUILDER SUMMARY
======================================================================
Network:      US-101-N-DonaldDoyle
Segments:     7
Lanes:        4
Junctions:    8
Ramps:        2
Sensors:      5
Mode:         PeMS Data-Driven
Car-Following: Gipps
ODE Solver:   Ballistic
Vmax:         35.0 m/s
======================================================================
Skipping Source actor due to time limit at clock = 43201.00125327633
Skipping Source actor due to time limit at clock = 43210.6788297557
-----------------------------
| Model.cleanup in progress |
-----------------------------
cleanup: agenda
cleanup: wait queues
coroutine counts = (33523677,33521433,33520308)
[ModelOptimizer] Fitness: 8.6656 | Elapsed: 121.56 sec
[ModelOptimizer] Evaluating parameters: VectorD(3.36869,	6.00000,	-0.500000,	1.43496,	2.00000)

======================================================================
TRAFFIC MODEL BUILDER SUMMARY
======================================================================
Network:      US-101-N-DonaldDoyle
Segments:     7
Lanes:        4
Junctions:    8
Ramps:        2
Sensors:      5
Mode:         PeMS Data-Driven
Car-Following: Gipps
ODE Solver:   Ballistic
Vmax:         35.0 m/s
======================================================================
Skipping Source actor due to time limit at clock = 43201.00125327633
Skipping Source actor due to time limit at clock = 43210.6788297557
-----------------------------
| Model.cleanup in progress |
-----------------------------
cleanup: agenda
cleanup: wait queues
coroutine counts = (33583434,33581186,33580059)
[ModelOptimizer] Fitness: NaN | Elapsed: 18.11 sec
[ModelOptimizer] Evaluating parameters: VectorD(8.00000,	6.00000,	-4.00000,	0.800000,	2.00000)

======================================================================
TRAFFIC MODEL BUILDER SUMMARY
======================================================================
Network:      US-101-N-DonaldDoyle
Segments:     7
Lanes:        4
Junctions:    8
Ramps:        2
Sensors:      5
Mode:         PeMS Data-Driven
Car-Following: Gipps
ODE Solver:   Ballistic
Vmax:         35.0 m/s
======================================================================
Skipping Source actor due to time limit at clock = 43201.00125327633
Skipping Source actor due to time limit at clock = 43210.6788297557
-----------------------------
| Model.cleanup in progress |
-----------------------------
cleanup: agenda
cleanup: wait queues
coroutine counts = (33643191,33640939,33639810)
[ModelOptimizer] Fitness: 2.2518 | Elapsed: 16.91 sec
[ModelOptimizer] Evaluating parameters: VectorD(8.00000,	6.00000,	-4.00000,	0.800000,	2.00000)

======================================================================
TRAFFIC MODEL BUILDER SUMMARY
======================================================================
Network:      US-101-N-DonaldDoyle
Segments:     7
Lanes:        4
Junctions:    8
Ramps:        2
Sensors:      5
Mode:         PeMS Data-Driven
Car-Following: Gipps
ODE Solver:   Ballistic
Vmax:         35.0 m/s
======================================================================
Skipping Source actor due to time limit at clock = 43201.00125327633
Skipping Source actor due to time limit at clock = 43210.6788297557
-----------------------------
| Model.cleanup in progress |
-----------------------------
cleanup: agenda
cleanup: wait queues
coroutine counts = (33702948,33700692,33699561)
[ModelOptimizer] Fitness: 2.2518 | Elapsed: 16.47 sec
[ModelOptimizer] Evaluating parameters: VectorD(3.20833,	6.00000,	-4.00000,	0.800000,	2.00000)

======================================================================
TRAFFIC MODEL BUILDER SUMMARY
======================================================================
Network:      US-101-N-DonaldDoyle
Segments:     7
Lanes:        4
Junctions:    8
Ramps:        2
Sensors:      5
Mode:         PeMS Data-Driven
Car-Following: Gipps
ODE Solver:   Ballistic
Vmax:         35.0 m/s
======================================================================
Skipping Source actor due to time limit at clock = 43201.00125327633
Skipping Source actor due to time limit at clock = 43210.6788297557
-----------------------------
| Model.cleanup in progress |
-----------------------------
cleanup: agenda
cleanup: wait queues
coroutine counts = (33762705,33760445,33759312)
[ModelOptimizer] Fitness: 2.2518 | Elapsed: 16.82 sec
[ModelOptimizer] Evaluating parameters: VectorD(3.27669,	6.00000,	-4.00000,	0.800000,	2.00000)

======================================================================
TRAFFIC MODEL BUILDER SUMMARY
======================================================================
Network:      US-101-N-DonaldDoyle
Segments:     7
Lanes:        4
Junctions:    8
Ramps:        2
Sensors:      5
Mode:         PeMS Data-Driven
Car-Following: Gipps
ODE Solver:   Ballistic
Vmax:         35.0 m/s
======================================================================
Skipping Source actor due to time limit at clock = 43201.00125327633
Skipping Source actor due to time limit at clock = 43210.6788297557
-----------------------------
| Model.cleanup in progress |
-----------------------------
cleanup: agenda
cleanup: wait queues
coroutine counts = (33822462,33820198,33819063)
[ModelOptimizer] Fitness: 2.2518 | Elapsed: 16.48 sec
[ModelOptimizer] Evaluating parameters: VectorD(8.00000,	6.00000,	-4.00000,	0.800000,	2.00000)

======================================================================
TRAFFIC MODEL BUILDER SUMMARY
======================================================================
Network:      US-101-N-DonaldDoyle
Segments:     7
Lanes:        4
Junctions:    8
Ramps:        2
Sensors:      5
Mode:         PeMS Data-Driven
Car-Following: Gipps
ODE Solver:   Ballistic
Vmax:         35.0 m/s
======================================================================
Skipping Source actor due to time limit at clock = 43201.00125327633
Skipping Source actor due to time limit at clock = 43210.6788297557
-----------------------------
| Model.cleanup in progress |
-----------------------------
cleanup: agenda
cleanup: wait queues
coroutine counts = (33882219,33879951,33878814)
[ModelOptimizer] Fitness: 2.2518 | Elapsed: 16.35 sec
[ModelOptimizer] Evaluating parameters: VectorD(8.00000,	6.00000,	-4.00000,	0.800000,	2.00000)

======================================================================
TRAFFIC MODEL BUILDER SUMMARY
======================================================================
Network:      US-101-N-DonaldDoyle
Segments:     7
Lanes:        4
Junctions:    8
Ramps:        2
Sensors:      5
Mode:         PeMS Data-Driven
Car-Following: Gipps
ODE Solver:   Ballistic
Vmax:         35.0 m/s
======================================================================
Skipping Source actor due to time limit at clock = 43201.00125327633
Skipping Source actor due to time limit at clock = 43210.6788297557
-----------------------------
| Model.cleanup in progress |
-----------------------------
cleanup: agenda
cleanup: wait queues
coroutine counts = (33941976,33939704,33938565)
[ModelOptimizer] Fitness: 2.2518 | Elapsed: 16.36 sec
[ModelOptimizer] Evaluating parameters: VectorD(4.03417,	3.81108,	-4.00000,	0.800000,	2.00000)

======================================================================
TRAFFIC MODEL BUILDER SUMMARY
======================================================================
Network:      US-101-N-DonaldDoyle
Segments:     7
Lanes:        4
Junctions:    8
Ramps:        2
Sensors:      5
Mode:         PeMS Data-Driven
Car-Following: Gipps
ODE Solver:   Ballistic
Vmax:         35.0 m/s
======================================================================
Skipping Source actor due to time limit at clock = 43201.00125327633
Skipping Source actor due to time limit at clock = 43210.6788297557
-----------------------------
| Model.cleanup in progress |
-----------------------------
cleanup: agenda
cleanup: wait queues
coroutine counts = (34001733,33999457,33998316)
[ModelOptimizer] Fitness: 2.4990 | Elapsed: 16.85 sec
[ModelOptimizer] Evaluating parameters: VectorD(8.00000,	6.00000,	-4.00000,	0.800000,	2.00000)

======================================================================
TRAFFIC MODEL BUILDER SUMMARY
======================================================================
Network:      US-101-N-DonaldDoyle
Segments:     7
Lanes:        4
Junctions:    8
Ramps:        2
Sensors:      5
Mode:         PeMS Data-Driven
Car-Following: Gipps
ODE Solver:   Ballistic
Vmax:         35.0 m/s
======================================================================
Skipping Source actor due to time limit at clock = 43201.00125327633
Skipping Source actor due to time limit at clock = 43210.6788297557
-----------------------------
| Model.cleanup in progress |
-----------------------------
cleanup: agenda
cleanup: wait queues
coroutine counts = (34061490,34059210,34058067)
[ModelOptimizer] Fitness: 2.2518 | Elapsed: 16.75 sec
[ModelOptimizer] Evaluating parameters: VectorD(3.20018,	6.00000,	-4.00000,	0.800000,	2.00000)

======================================================================
TRAFFIC MODEL BUILDER SUMMARY
======================================================================
Network:      US-101-N-DonaldDoyle
Segments:     7
Lanes:        4
Junctions:    8
Ramps:        2
Sensors:      5
Mode:         PeMS Data-Driven
Car-Following: Gipps
ODE Solver:   Ballistic
Vmax:         35.0 m/s
======================================================================
Skipping Source actor due to time limit at clock = 43201.00125327633
Skipping Source actor due to time limit at clock = 43210.6788297557
-----------------------------
| Model.cleanup in progress |
-----------------------------
cleanup: agenda
cleanup: wait queues
coroutine counts = (34121247,34118963,34117818)
[ModelOptimizer] Fitness: 2.2518 | Elapsed: 16.51 sec
[ModelOptimizer] Evaluating parameters: VectorD(6.15219,	6.00000,	-0.500000,	5.00000,	2.00000)

======================================================================
TRAFFIC MODEL BUILDER SUMMARY
======================================================================
Network:      US-101-N-DonaldDoyle
Segments:     7
Lanes:        4
Junctions:    8
Ramps:        2
Sensors:      5
Mode:         PeMS Data-Driven
Car-Following: Gipps
ODE Solver:   Ballistic
Vmax:         35.0 m/s
======================================================================
Skipping Source actor due to time limit at clock = 43201.00125327633
Skipping Source actor due to time limit at clock = 43210.6788297557
-----------------------------
| Model.cleanup in progress |
-----------------------------
cleanup: agenda
cleanup: wait queues
coroutine counts = (34181004,34178716,34177569)
[ModelOptimizer] Fitness: NaN | Elapsed: 18.24 sec
[ModelOptimizer] Evaluating parameters: VectorD(1.00000,	6.00000,	-4.00000,	0.800000,	2.00000)

======================================================================
TRAFFIC MODEL BUILDER SUMMARY
======================================================================
Network:      US-101-N-DonaldDoyle
Segments:     7
Lanes:        4
Junctions:    8
Ramps:        2
Sensors:      5
Mode:         PeMS Data-Driven
Car-Following: Gipps
ODE Solver:   Ballistic
Vmax:         35.0 m/s
======================================================================
Skipping Source actor due to time limit at clock = 43201.00125327633
Skipping Source actor due to time limit at clock = 43210.6788297557
-----------------------------
| Model.cleanup in progress |
-----------------------------
cleanup: agenda
cleanup: wait queues
coroutine counts = (34240761,34238469,34237320)
[ModelOptimizer] Fitness: 2.2518 | Elapsed: 16.48 sec
[ModelOptimizer] Evaluating parameters: VectorD(1.59064,	6.00000,	-4.00000,	0.800000,	2.00000)

======================================================================
TRAFFIC MODEL BUILDER SUMMARY
======================================================================
Network:      US-101-N-DonaldDoyle
Segments:     7
Lanes:        4
Junctions:    8
Ramps:        2
Sensors:      5
Mode:         PeMS Data-Driven
Car-Following: Gipps
ODE Solver:   Ballistic
Vmax:         35.0 m/s
======================================================================
Skipping Source actor due to time limit at clock = 43201.00125327633
Skipping Source actor due to time limit at clock = 43210.6788297557
-----------------------------
| Model.cleanup in progress |
-----------------------------
cleanup: agenda
cleanup: wait queues
coroutine counts = (34300518,34298222,34297071)
[ModelOptimizer] Fitness: 2.2518 | Elapsed: 16.49 sec
[ModelOptimizer] Evaluating parameters: VectorD(8.00000,	6.00000,	-4.00000,	0.800000,	2.00000)

======================================================================
TRAFFIC MODEL BUILDER SUMMARY
======================================================================
Network:      US-101-N-DonaldDoyle
Segments:     7
Lanes:        4
Junctions:    8
Ramps:        2
Sensors:      5
Mode:         PeMS Data-Driven
Car-Following: Gipps
ODE Solver:   Ballistic
Vmax:         35.0 m/s
======================================================================
Skipping Source actor due to time limit at clock = 43201.00125327633
Skipping Source actor due to time limit at clock = 43210.6788297557
-----------------------------
| Model.cleanup in progress |
-----------------------------
cleanup: agenda
cleanup: wait queues
coroutine counts = (34360275,34357975,34356822)
[ModelOptimizer] Fitness: 2.2518 | Elapsed: 16.46 sec
[ModelOptimizer] Evaluating parameters: VectorD(1.00000,	6.00000,	-4.00000,	0.800000,	2.00000)

======================================================================
TRAFFIC MODEL BUILDER SUMMARY
======================================================================
Network:      US-101-N-DonaldDoyle
Segments:     7
Lanes:        4
Junctions:    8
Ramps:        2
Sensors:      5
Mode:         PeMS Data-Driven
Car-Following: Gipps
ODE Solver:   Ballistic
Vmax:         35.0 m/s
======================================================================
Skipping Source actor due to time limit at clock = 43201.00125327633
Skipping Source actor due to time limit at clock = 43210.6788297557
-----------------------------
| Model.cleanup in progress |
-----------------------------
cleanup: agenda
cleanup: wait queues
coroutine counts = (34420032,34417728,34416573)
[ModelOptimizer] Fitness: 2.2518 | Elapsed: 16.54 sec
[ModelOptimizer] Evaluating parameters: VectorD(1.00000,	6.00000,	-4.00000,	0.800000,	2.00000)

======================================================================
TRAFFIC MODEL BUILDER SUMMARY
======================================================================
Network:      US-101-N-DonaldDoyle
Segments:     7
Lanes:        4
Junctions:    8
Ramps:        2
Sensors:      5
Mode:         PeMS Data-Driven
Car-Following: Gipps
ODE Solver:   Ballistic
Vmax:         35.0 m/s
======================================================================
Skipping Source actor due to time limit at clock = 43201.00125327633
Skipping Source actor due to time limit at clock = 43210.6788297557
-----------------------------
| Model.cleanup in progress |
-----------------------------
cleanup: agenda
cleanup: wait queues
coroutine counts = (34479789,34477481,34476324)
[ModelOptimizer] Fitness: 2.2518 | Elapsed: 16.49 sec
[ModelOptimizer] Evaluating parameters: VectorD(1.00000,	6.00000,	-4.00000,	0.800000,	2.00000)

======================================================================
TRAFFIC MODEL BUILDER SUMMARY
======================================================================
Network:      US-101-N-DonaldDoyle
Segments:     7
Lanes:        4
Junctions:    8
Ramps:        2
Sensors:      5
Mode:         PeMS Data-Driven
Car-Following: Gipps
ODE Solver:   Ballistic
Vmax:         35.0 m/s
======================================================================
Skipping Source actor due to time limit at clock = 43201.00125327633
Skipping Source actor due to time limit at clock = 43210.6788297557
-----------------------------
| Model.cleanup in progress |
-----------------------------
cleanup: agenda
cleanup: wait queues
coroutine counts = (34539546,34537234,34536075)
[ModelOptimizer] Fitness: 2.2518 | Elapsed: 16.37 sec
[ModelOptimizer] Evaluating parameters: VectorD(8.00000,	6.00000,	-4.00000,	0.800000,	2.00000)

======================================================================
TRAFFIC MODEL BUILDER SUMMARY
======================================================================
Network:      US-101-N-DonaldDoyle
Segments:     7
Lanes:        4
Junctions:    8
Ramps:        2
Sensors:      5
Mode:         PeMS Data-Driven
Car-Following: Gipps
ODE Solver:   Ballistic
Vmax:         35.0 m/s
======================================================================
Skipping Source actor due to time limit at clock = 43201.00125327633
Skipping Source actor due to time limit at clock = 43210.6788297557
-----------------------------
| Model.cleanup in progress |
-----------------------------
cleanup: agenda
cleanup: wait queues
coroutine counts = (34599303,34596987,34595826)
[ModelOptimizer] Fitness: 2.2518 | Elapsed: 16.36 sec
[ModelOptimizer] Evaluating parameters: VectorD(8.00000,	6.00000,	-4.00000,	0.800000,	2.00000)

======================================================================
TRAFFIC MODEL BUILDER SUMMARY
======================================================================
Network:      US-101-N-DonaldDoyle
Segments:     7
Lanes:        4
Junctions:    8
Ramps:        2
Sensors:      5
Mode:         PeMS Data-Driven
Car-Following: Gipps
ODE Solver:   Ballistic
Vmax:         35.0 m/s
======================================================================
Skipping Source actor due to time limit at clock = 43201.00125327633
Skipping Source actor due to time limit at clock = 43210.6788297557
-----------------------------
| Model.cleanup in progress |
-----------------------------
cleanup: agenda
cleanup: wait queues
coroutine counts = (34659060,34656740,34655577)
[ModelOptimizer] Fitness: 2.2518 | Elapsed: 16.31 sec
[ModelOptimizer] Evaluating parameters: VectorD(8.00000,	6.00000,	-4.00000,	0.800000,	2.00000)

======================================================================
TRAFFIC MODEL BUILDER SUMMARY
======================================================================
Network:      US-101-N-DonaldDoyle
Segments:     7
Lanes:        4
Junctions:    8
Ramps:        2
Sensors:      5
Mode:         PeMS Data-Driven
Car-Following: Gipps
ODE Solver:   Ballistic
Vmax:         35.0 m/s
======================================================================
Skipping Source actor due to time limit at clock = 43201.00125327633
Skipping Source actor due to time limit at clock = 43210.6788297557
-----------------------------
| Model.cleanup in progress |
-----------------------------
cleanup: agenda
cleanup: wait queues
coroutine counts = (34718817,34716493,34715328)
[ModelOptimizer] Fitness: 2.2518 | Elapsed: 16.55 sec
[ModelOptimizer] Evaluating parameters: VectorD(4.14700,	6.00000,	-4.00000,	0.800000,	2.00000)

======================================================================
TRAFFIC MODEL BUILDER SUMMARY
======================================================================
Network:      US-101-N-DonaldDoyle
Segments:     7
Lanes:        4
Junctions:    8
Ramps:        2
Sensors:      5
Mode:         PeMS Data-Driven
Car-Following: Gipps
ODE Solver:   Ballistic
Vmax:         35.0 m/s
======================================================================
Skipping Source actor due to time limit at clock = 43201.00125327633
Skipping Source actor due to time limit at clock = 43210.6788297557
-----------------------------
| Model.cleanup in progress |
-----------------------------
cleanup: agenda
cleanup: wait queues
coroutine counts = (34778574,34776246,34775079)
[ModelOptimizer] Fitness: 2.2518 | Elapsed: 16.78 sec
[ModelOptimizer] Evaluating parameters: VectorD(1.00000,	6.00000,	-4.00000,	0.800000,	2.00000)

======================================================================
TRAFFIC MODEL BUILDER SUMMARY
======================================================================
Network:      US-101-N-DonaldDoyle
Segments:     7
Lanes:        4
Junctions:    8
Ramps:        2
Sensors:      5
Mode:         PeMS Data-Driven
Car-Following: Gipps
ODE Solver:   Ballistic
Vmax:         35.0 m/s
======================================================================
Skipping Source actor due to time limit at clock = 43201.00125327633
Skipping Source actor due to time limit at clock = 43210.6788297557
-----------------------------
| Model.cleanup in progress |
-----------------------------
cleanup: agenda
cleanup: wait queues
coroutine counts = (34838331,34835999,34834830)
[ModelOptimizer] Fitness: 2.2518 | Elapsed: 16.69 sec
[ModelOptimizer] Evaluating parameters: VectorD(2.89140,	6.00000,	-0.500000,	0.800000,	2.00000)

======================================================================
TRAFFIC MODEL BUILDER SUMMARY
======================================================================
Network:      US-101-N-DonaldDoyle
Segments:     7
Lanes:        4
Junctions:    8
Ramps:        2
Sensors:      5
Mode:         PeMS Data-Driven
Car-Following: Gipps
ODE Solver:   Ballistic
Vmax:         35.0 m/s
======================================================================
Skipping Source actor due to time limit at clock = 43201.00125327633
Skipping Source actor due to time limit at clock = 43210.6788297557
-----------------------------
| Model.cleanup in progress |
-----------------------------
cleanup: agenda
cleanup: wait queues
coroutine counts = (34898088,34895752,34894581)
[ModelOptimizer] Fitness: NaN | Elapsed: 18.24 sec
[ModelOptimizer] Evaluating parameters: VectorD(7.08633,	6.00000,	-4.00000,	0.800000,	2.00000)

======================================================================
TRAFFIC MODEL BUILDER SUMMARY
======================================================================
Network:      US-101-N-DonaldDoyle
Segments:     7
Lanes:        4
Junctions:    8
Ramps:        2
Sensors:      5
Mode:         PeMS Data-Driven
Car-Following: Gipps
ODE Solver:   Ballistic
Vmax:         35.0 m/s
======================================================================
Skipping Source actor due to time limit at clock = 43201.00125327633
Skipping Source actor due to time limit at clock = 43210.6788297557
-----------------------------
| Model.cleanup in progress |
-----------------------------
cleanup: agenda
cleanup: wait queues
coroutine counts = (34957845,34955505,34954332)
[ModelOptimizer] Fitness: 2.2518 | Elapsed: 16.38 sec
[ModelOptimizer] Evaluating parameters: VectorD(8.00000,	6.00000,	-4.00000,	2.50267,	2.00000)

======================================================================
TRAFFIC MODEL BUILDER SUMMARY
======================================================================
Network:      US-101-N-DonaldDoyle
Segments:     7
Lanes:        4
Junctions:    8
Ramps:        2
Sensors:      5
Mode:         PeMS Data-Driven
Car-Following: Gipps
ODE Solver:   Ballistic
Vmax:         35.0 m/s
======================================================================
Skipping Source actor due to time limit at clock = 43201.00125327633
Skipping Source actor due to time limit at clock = 43210.6788297557
-----------------------------
| Model.cleanup in progress |
-----------------------------
cleanup: agenda
cleanup: wait queues
coroutine counts = (35017602,35015258,35014083)
[ModelOptimizer] Fitness: 2.2518 | Elapsed: 16.47 sec
[ModelOptimizer] Evaluating parameters: VectorD(5.57591,	6.00000,	-0.500000,	5.00000,	2.00000)

======================================================================
TRAFFIC MODEL BUILDER SUMMARY
======================================================================
Network:      US-101-N-DonaldDoyle
Segments:     7
Lanes:        4
Junctions:    8
Ramps:        2
Sensors:      5
Mode:         PeMS Data-Driven
Car-Following: Gipps
ODE Solver:   Ballistic
Vmax:         35.0 m/s
======================================================================
Skipping Source actor due to time limit at clock = 43201.00125327633
Skipping Source actor due to time limit at clock = 43210.6788297557
-----------------------------
| Model.cleanup in progress |
-----------------------------
cleanup: agenda
cleanup: wait queues
coroutine counts = (35077359,35075011,35073834)
[ModelOptimizer] Fitness: NaN | Elapsed: 18.67 sec
[ModelOptimizer] Evaluating parameters: VectorD(8.00000,	6.00000,	-4.00000,	2.69779,	1.95013)

======================================================================
TRAFFIC MODEL BUILDER SUMMARY
======================================================================
Network:      US-101-N-DonaldDoyle
Segments:     7
Lanes:        4
Junctions:    8
Ramps:        2
Sensors:      5
Mode:         PeMS Data-Driven
Car-Following: Gipps
ODE Solver:   Ballistic
Vmax:         35.0 m/s
======================================================================
Skipping Source actor due to time limit at clock = 43201.00125327633
Skipping Source actor due to time limit at clock = 43210.6788297557
-----------------------------
| Model.cleanup in progress |
-----------------------------
cleanup: agenda
cleanup: wait queues
coroutine counts = (35137116,35134764,35133585)
[ModelOptimizer] Fitness: 2.2347 | Elapsed: 16.70 sec
      13 |      2.23470146 |      2.23470146 |      32.5% ✓
[ModelOptimizer] Evaluating parameters: VectorD(1.00000,	4.94021,	-0.500000,	5.00000,	2.00000)

======================================================================
TRAFFIC MODEL BUILDER SUMMARY
======================================================================
Network:      US-101-N-DonaldDoyle
Segments:     7
Lanes:        4
Junctions:    8
Ramps:        2
Sensors:      5
Mode:         PeMS Data-Driven
Car-Following: Gipps
ODE Solver:   Ballistic
Vmax:         35.0 m/s
======================================================================
Skipping Source actor due to time limit at clock = 43201.00125327633
Skipping Source actor due to time limit at clock = 43210.6788297557
-----------------------------
| Model.cleanup in progress |
-----------------------------
cleanup: agenda
cleanup: wait queues
coroutine counts = (35196873,35194517,35193336)
[ModelOptimizer] Fitness: 7.3748 | Elapsed: 19.14 sec
[ModelOptimizer] Evaluating parameters: VectorD(8.00000,	6.00000,	-4.00000,	0.800000,	2.00000)

======================================================================
TRAFFIC MODEL BUILDER SUMMARY
======================================================================
Network:      US-101-N-DonaldDoyle
Segments:     7
Lanes:        4
Junctions:    8
Ramps:        2
Sensors:      5
Mode:         PeMS Data-Driven
Car-Following: Gipps
ODE Solver:   Ballistic
Vmax:         35.0 m/s
======================================================================
Skipping Source actor due to time limit at clock = 43201.00125327633
Skipping Source actor due to time limit at clock = 43210.6788297557
-----------------------------
| Model.cleanup in progress |
-----------------------------
cleanup: agenda
cleanup: wait queues
coroutine counts = (35256630,35254270,35253087)
[ModelOptimizer] Fitness: 2.2518 | Elapsed: 16.86 sec
[ModelOptimizer] Evaluating parameters: VectorD(8.00000,	6.00000,	-4.00000,	0.800000,	2.00000)

======================================================================
TRAFFIC MODEL BUILDER SUMMARY
======================================================================
Network:      US-101-N-DonaldDoyle
Segments:     7
Lanes:        4
Junctions:    8
Ramps:        2
Sensors:      5
Mode:         PeMS Data-Driven
Car-Following: Gipps
ODE Solver:   Ballistic
Vmax:         35.0 m/s
======================================================================
Skipping Source actor due to time limit at clock = 43201.00125327633
Skipping Source actor due to time limit at clock = 43210.6788297557
-----------------------------
| Model.cleanup in progress |
-----------------------------
cleanup: agenda
cleanup: wait queues
coroutine counts = (35316387,35314023,35312838)
[ModelOptimizer] Fitness: 2.2518 | Elapsed: 16.82 sec
[ModelOptimizer] Evaluating parameters: VectorD(4.97885,	6.00000,	-4.00000,	0.800000,	2.00000)

======================================================================
TRAFFIC MODEL BUILDER SUMMARY
======================================================================
Network:      US-101-N-DonaldDoyle
Segments:     7
Lanes:        4
Junctions:    8
Ramps:        2
Sensors:      5
Mode:         PeMS Data-Driven
Car-Following: Gipps
ODE Solver:   Ballistic
Vmax:         35.0 m/s
======================================================================
Skipping Source actor due to time limit at clock = 43201.00125327633
Skipping Source actor due to time limit at clock = 43210.6788297557
-----------------------------
| Model.cleanup in progress |
-----------------------------
cleanup: agenda
cleanup: wait queues
coroutine counts = (35376144,35373776,35372589)
[ModelOptimizer] Fitness: 2.2518 | Elapsed: 16.40 sec
[ModelOptimizer] Evaluating parameters: VectorD(8.00000,	6.00000,	-4.00000,	0.800000,	2.00000)

======================================================================
TRAFFIC MODEL BUILDER SUMMARY
======================================================================
Network:      US-101-N-DonaldDoyle
Segments:     7
Lanes:        4
Junctions:    8
Ramps:        2
Sensors:      5
Mode:         PeMS Data-Driven
Car-Following: Gipps
ODE Solver:   Ballistic
Vmax:         35.0 m/s
======================================================================
Skipping Source actor due to time limit at clock = 43201.00125327633
Skipping Source actor due to time limit at clock = 43210.6788297557
-----------------------------
| Model.cleanup in progress |
-----------------------------
cleanup: agenda
cleanup: wait queues
coroutine counts = (35435901,35433529,35432340)
[ModelOptimizer] Fitness: 2.2518 | Elapsed: 16.36 sec
[ModelOptimizer] Evaluating parameters: VectorD(8.00000,	6.00000,	-4.00000,	5.00000,	2.00000)

======================================================================
TRAFFIC MODEL BUILDER SUMMARY
======================================================================
Network:      US-101-N-DonaldDoyle
Segments:     7
Lanes:        4
Junctions:    8
Ramps:        2
Sensors:      5
Mode:         PeMS Data-Driven
Car-Following: Gipps
ODE Solver:   Ballistic
Vmax:         35.0 m/s
======================================================================
Skipping Source actor due to time limit at clock = 43201.00125327633
Skipping Source actor due to time limit at clock = 43210.6788297557
-----------------------------
| Model.cleanup in progress |
-----------------------------
cleanup: agenda
cleanup: wait queues
coroutine counts = (35495658,35493282,35492091)
[ModelOptimizer] Fitness: 2.2518 | Elapsed: 16.69 sec
[ModelOptimizer] Evaluating parameters: VectorD(7.24936,	6.00000,	-2.11783,	1.72369,	1.98322)

======================================================================
TRAFFIC MODEL BUILDER SUMMARY
======================================================================
Network:      US-101-N-DonaldDoyle
Segments:     7
Lanes:        4
Junctions:    8
Ramps:        2
Sensors:      5
Mode:         PeMS Data-Driven
Car-Following: Gipps
ODE Solver:   Ballistic
Vmax:         35.0 m/s
======================================================================
Skipping Source actor due to time limit at clock = 43201.00125327633
Skipping Source actor due to time limit at clock = 43210.6788297557
-----------------------------
| Model.cleanup in progress |
-----------------------------
cleanup: agenda
cleanup: wait queues
coroutine counts = (35555415,35553035,35551842)
[ModelOptimizer] Fitness: NaN | Elapsed: 16.75 sec
[ModelOptimizer] Evaluating parameters: VectorD(6.43126,	6.00000,	-0.500000,	3.93580,	2.00000)

======================================================================
TRAFFIC MODEL BUILDER SUMMARY
======================================================================
Network:      US-101-N-DonaldDoyle
Segments:     7
Lanes:        4
Junctions:    8
Ramps:        2
Sensors:      5
Mode:         PeMS Data-Driven
Car-Following: Gipps
ODE Solver:   Ballistic
Vmax:         35.0 m/s
======================================================================
Skipping Source actor due to time limit at clock = 43201.00125327633
Skipping Source actor due to time limit at clock = 43210.6788297557
-----------------------------
| Model.cleanup in progress |
-----------------------------
cleanup: agenda
cleanup: wait queues
coroutine counts = (35615172,35612788,35611593)
[ModelOptimizer] Fitness: NaN | Elapsed: 18.50 sec
[ModelOptimizer] Evaluating parameters: VectorD(8.00000,	6.00000,	-4.00000,	5.00000,	0.782361)

======================================================================
TRAFFIC MODEL BUILDER SUMMARY
======================================================================
Network:      US-101-N-DonaldDoyle
Segments:     7
Lanes:        4
Junctions:    8
Ramps:        2
Sensors:      5
Mode:         PeMS Data-Driven
Car-Following: Gipps
ODE Solver:   Ballistic
Vmax:         35.0 m/s
======================================================================
Skipping Source actor due to time limit at clock = 43201.00125327633
Skipping Source actor due to time limit at clock = 43210.6788297557
-----------------------------
| Model.cleanup in progress |
-----------------------------
cleanup: agenda
cleanup: wait queues
coroutine counts = (35674929,35672541,35671344)
[ModelOptimizer] Fitness: 4.2072 | Elapsed: 25.56 sec
[ModelOptimizer] Evaluating parameters: VectorD(3.49995,	6.00000,	-4.00000,	0.800000,	2.00000)

======================================================================
TRAFFIC MODEL BUILDER SUMMARY
======================================================================
Network:      US-101-N-DonaldDoyle
Segments:     7
Lanes:        4
Junctions:    8
Ramps:        2
Sensors:      5
Mode:         PeMS Data-Driven
Car-Following: Gipps
ODE Solver:   Ballistic
Vmax:         35.0 m/s
======================================================================
Skipping Source actor due to time limit at clock = 43201.00125327633
Skipping Source actor due to time limit at clock = 43210.6788297557
-----------------------------
| Model.cleanup in progress |
-----------------------------
cleanup: agenda
cleanup: wait queues
coroutine counts = (35734686,35732294,35731095)
[ModelOptimizer] Fitness: 2.2518 | Elapsed: 16.47 sec
[ModelOptimizer] Evaluating parameters: VectorD(1.00000,	6.00000,	-4.00000,	0.800000,	2.00000)

======================================================================
TRAFFIC MODEL BUILDER SUMMARY
======================================================================
Network:      US-101-N-DonaldDoyle
Segments:     7
Lanes:        4
Junctions:    8
Ramps:        2
Sensors:      5
Mode:         PeMS Data-Driven
Car-Following: Gipps
ODE Solver:   Ballistic
Vmax:         35.0 m/s
======================================================================
Skipping Source actor due to time limit at clock = 43201.00125327633
Skipping Source actor due to time limit at clock = 43210.6788297557
-----------------------------
| Model.cleanup in progress |
-----------------------------
cleanup: agenda
cleanup: wait queues
coroutine counts = (35794443,35792047,35790846)
[ModelOptimizer] Fitness: 2.2518 | Elapsed: 16.42 sec
[ModelOptimizer] Evaluating parameters: VectorD(8.00000,	6.00000,	-4.00000,	0.800000,	2.00000)

======================================================================
TRAFFIC MODEL BUILDER SUMMARY
======================================================================
Network:      US-101-N-DonaldDoyle
Segments:     7
Lanes:        4
Junctions:    8
Ramps:        2
Sensors:      5
Mode:         PeMS Data-Driven
Car-Following: Gipps
ODE Solver:   Ballistic
Vmax:         35.0 m/s
======================================================================
Skipping Source actor due to time limit at clock = 43201.00125327633
Skipping Source actor due to time limit at clock = 43210.6788297557
-----------------------------
| Model.cleanup in progress |
-----------------------------
cleanup: agenda
cleanup: wait queues
coroutine counts = (35854200,35851800,35850597)
[ModelOptimizer] Fitness: 2.2518 | Elapsed: 16.67 sec
[ModelOptimizer] Evaluating parameters: VectorD(8.00000,	6.00000,	-4.00000,	0.800000,	2.00000)

======================================================================
TRAFFIC MODEL BUILDER SUMMARY
======================================================================
Network:      US-101-N-DonaldDoyle
Segments:     7
Lanes:        4
Junctions:    8
Ramps:        2
Sensors:      5
Mode:         PeMS Data-Driven
Car-Following: Gipps
ODE Solver:   Ballistic
Vmax:         35.0 m/s
======================================================================
Skipping Source actor due to time limit at clock = 43201.00125327633
Skipping Source actor due to time limit at clock = 43210.6788297557
-----------------------------
| Model.cleanup in progress |
-----------------------------
cleanup: agenda
cleanup: wait queues
coroutine counts = (35913957,35911553,35910348)
[ModelOptimizer] Fitness: 2.2518 | Elapsed: 16.85 sec
[ModelOptimizer] Evaluating parameters: VectorD(3.36869,	6.00000,	-0.500000,	1.43496,	2.00000)

======================================================================
TRAFFIC MODEL BUILDER SUMMARY
======================================================================
Network:      US-101-N-DonaldDoyle
Segments:     7
Lanes:        4
Junctions:    8
Ramps:        2
Sensors:      5
Mode:         PeMS Data-Driven
Car-Following: Gipps
ODE Solver:   Ballistic
Vmax:         35.0 m/s
======================================================================
Skipping Source actor due to time limit at clock = 43201.00125327633
Skipping Source actor due to time limit at clock = 43210.6788297557
-----------------------------
| Model.cleanup in progress |
-----------------------------
cleanup: agenda
cleanup: wait queues
coroutine counts = (35973714,35971306,35970099)
[ModelOptimizer] Fitness: NaN | Elapsed: 18.88 sec
[ModelOptimizer] Evaluating parameters: VectorD(8.00000,	6.00000,	-4.00000,	0.800000,	0.200000)

======================================================================
TRAFFIC MODEL BUILDER SUMMARY
======================================================================
Network:      US-101-N-DonaldDoyle
Segments:     7
Lanes:        4
Junctions:    8
Ramps:        2
Sensors:      5
Mode:         PeMS Data-Driven
Car-Following: Gipps
ODE Solver:   Ballistic
Vmax:         35.0 m/s
======================================================================
Skipping Source actor due to time limit at clock = 43201.00125327633
Skipping Source actor due to time limit at clock = 43210.6788297557
-----------------------------
| Model.cleanup in progress |
-----------------------------
cleanup: agenda
cleanup: wait queues
coroutine counts = (36033471,36031059,36029850)
[ModelOptimizer] Fitness: 4.9154 | Elapsed: 74.96 sec
[ModelOptimizer] Evaluating parameters: VectorD(8.00000,	6.00000,	-4.00000,	0.800000,	2.00000)

======================================================================
TRAFFIC MODEL BUILDER SUMMARY
======================================================================
Network:      US-101-N-DonaldDoyle
Segments:     7
Lanes:        4
Junctions:    8
Ramps:        2
Sensors:      5
Mode:         PeMS Data-Driven
Car-Following: Gipps
ODE Solver:   Ballistic
Vmax:         35.0 m/s
======================================================================
Skipping Source actor due to time limit at clock = 43201.00125327633
Skipping Source actor due to time limit at clock = 43210.6788297557
-----------------------------
| Model.cleanup in progress |
-----------------------------
cleanup: agenda
cleanup: wait queues
coroutine counts = (36093228,36090812,36089601)
[ModelOptimizer] Fitness: 2.2518 | Elapsed: 17.60 sec
[ModelOptimizer] Evaluating parameters: VectorD(8.00000,	6.00000,	-4.00000,	0.800000,	2.00000)

======================================================================
TRAFFIC MODEL BUILDER SUMMARY
======================================================================
Network:      US-101-N-DonaldDoyle
Segments:     7
Lanes:        4
Junctions:    8
Ramps:        2
Sensors:      5
Mode:         PeMS Data-Driven
Car-Following: Gipps
ODE Solver:   Ballistic
Vmax:         35.0 m/s
======================================================================
Skipping Source actor due to time limit at clock = 43201.00125327633
Skipping Source actor due to time limit at clock = 43210.6788297557
-----------------------------
| Model.cleanup in progress |
-----------------------------
cleanup: agenda
cleanup: wait queues
coroutine counts = (36152985,36150565,36149352)
[ModelOptimizer] Fitness: 2.2518 | Elapsed: 17.06 sec
[ModelOptimizer] Evaluating parameters: VectorD(3.27669,	6.00000,	-4.00000,	0.800000,	2.00000)

======================================================================
TRAFFIC MODEL BUILDER SUMMARY
======================================================================
Network:      US-101-N-DonaldDoyle
Segments:     7
Lanes:        4
Junctions:    8
Ramps:        2
Sensors:      5
Mode:         PeMS Data-Driven
Car-Following: Gipps
ODE Solver:   Ballistic
Vmax:         35.0 m/s
======================================================================
Skipping Source actor due to time limit at clock = 43201.00125327633
Skipping Source actor due to time limit at clock = 43210.6788297557
-----------------------------
| Model.cleanup in progress |
-----------------------------
cleanup: agenda
cleanup: wait queues
coroutine counts = (36212742,36210318,36209103)
[ModelOptimizer] Fitness: 2.2518 | Elapsed: 16.63 sec
[ModelOptimizer] Evaluating parameters: VectorD(8.00000,	6.00000,	-4.00000,	2.46128,	1.95852)

======================================================================
TRAFFIC MODEL BUILDER SUMMARY
======================================================================
Network:      US-101-N-DonaldDoyle
Segments:     7
Lanes:        4
Junctions:    8
Ramps:        2
Sensors:      5
Mode:         PeMS Data-Driven
Car-Following: Gipps
ODE Solver:   Ballistic
Vmax:         35.0 m/s
======================================================================
Skipping Source actor due to time limit at clock = 43201.00125327633
Skipping Source actor due to time limit at clock = 43210.6788297557
-----------------------------
| Model.cleanup in progress |
-----------------------------
cleanup: agenda
cleanup: wait queues
coroutine counts = (36272499,36270071,36268854)
[ModelOptimizer] Fitness: 2.2418 | Elapsed: 16.94 sec
[ModelOptimizer] Evaluating parameters: VectorD(8.00000,	6.00000,	-4.00000,	0.800000,	2.00000)

======================================================================
TRAFFIC MODEL BUILDER SUMMARY
======================================================================
Network:      US-101-N-DonaldDoyle
Segments:     7
Lanes:        4
Junctions:    8
Ramps:        2
Sensors:      5
Mode:         PeMS Data-Driven
Car-Following: Gipps
ODE Solver:   Ballistic
Vmax:         35.0 m/s
======================================================================
Skipping Source actor due to time limit at clock = 43201.00125327633
Skipping Source actor due to time limit at clock = 43210.6788297557
-----------------------------
| Model.cleanup in progress |
-----------------------------
cleanup: agenda
cleanup: wait queues
coroutine counts = (36332256,36329824,36328605)
[ModelOptimizer] Fitness: 2.2518 | Elapsed: 16.72 sec
[ModelOptimizer] Evaluating parameters: VectorD(8.00000,	6.00000,	-4.00000,	2.46128,	1.95852)

======================================================================
TRAFFIC MODEL BUILDER SUMMARY
======================================================================
Network:      US-101-N-DonaldDoyle
Segments:     7
Lanes:        4
Junctions:    8
Ramps:        2
Sensors:      5
Mode:         PeMS Data-Driven
Car-Following: Gipps
ODE Solver:   Ballistic
Vmax:         35.0 m/s
======================================================================
Skipping Source actor due to time limit at clock = 43201.00125327633
Skipping Source actor due to time limit at clock = 43210.6788297557
-----------------------------
| Model.cleanup in progress |
-----------------------------
cleanup: agenda
cleanup: wait queues
coroutine counts = (36392013,36389577,36388356)
[ModelOptimizer] Fitness: 2.2418 | Elapsed: 16.91 sec
[ModelOptimizer] Evaluating parameters: VectorD(8.00000,	6.00000,	-1.65923,	5.00000,	0.200000)

======================================================================
TRAFFIC MODEL BUILDER SUMMARY
======================================================================
Network:      US-101-N-DonaldDoyle
Segments:     7
Lanes:        4
Junctions:    8
Ramps:        2
Sensors:      5
Mode:         PeMS Data-Driven
Car-Following: Gipps
ODE Solver:   Ballistic
Vmax:         35.0 m/s
======================================================================
Skipping Source actor due to time limit at clock = 43201.00125327633
Skipping Source actor due to time limit at clock = 43210.6788297557
-----------------------------
| Model.cleanup in progress |
-----------------------------
cleanup: agenda
cleanup: wait queues
coroutine counts = (36451770,36449330,36448107)
[ModelOptimizer] Fitness: 7.6517 | Elapsed: 102.21 sec
[ModelOptimizer] Evaluating parameters: VectorD(8.00000,	6.00000,	-4.00000,	0.800000,	2.00000)

======================================================================
TRAFFIC MODEL BUILDER SUMMARY
======================================================================
Network:      US-101-N-DonaldDoyle
Segments:     7
Lanes:        4
Junctions:    8
Ramps:        2
Sensors:      5
Mode:         PeMS Data-Driven
Car-Following: Gipps
ODE Solver:   Ballistic
Vmax:         35.0 m/s
======================================================================
Skipping Source actor due to time limit at clock = 43201.00125327633
Skipping Source actor due to time limit at clock = 43210.6788297557
-----------------------------
| Model.cleanup in progress |
-----------------------------
cleanup: agenda
cleanup: wait queues
coroutine counts = (36511527,36509083,36507858)
[ModelOptimizer] Fitness: 2.2518 | Elapsed: 16.99 sec
[ModelOptimizer] Evaluating parameters: VectorD(8.00000,	6.00000,	-4.00000,	0.800000,	2.00000)

======================================================================
TRAFFIC MODEL BUILDER SUMMARY
======================================================================
Network:      US-101-N-DonaldDoyle
Segments:     7
Lanes:        4
Junctions:    8
Ramps:        2
Sensors:      5
Mode:         PeMS Data-Driven
Car-Following: Gipps
ODE Solver:   Ballistic
Vmax:         35.0 m/s
======================================================================
Skipping Source actor due to time limit at clock = 43201.00125327633
Skipping Source actor due to time limit at clock = 43210.6788297557
-----------------------------
| Model.cleanup in progress |
-----------------------------
cleanup: agenda
cleanup: wait queues
coroutine counts = (36571284,36568836,36567609)
[ModelOptimizer] Fitness: 2.2518 | Elapsed: 16.75 sec
[ModelOptimizer] Evaluating parameters: VectorD(6.15219,	6.00000,	-0.500000,	5.00000,	2.00000)

======================================================================
TRAFFIC MODEL BUILDER SUMMARY
======================================================================
Network:      US-101-N-DonaldDoyle
Segments:     7
Lanes:        4
Junctions:    8
Ramps:        2
Sensors:      5
Mode:         PeMS Data-Driven
Car-Following: Gipps
ODE Solver:   Ballistic
Vmax:         35.0 m/s
======================================================================
Skipping Source actor due to time limit at clock = 43201.00125327633
Skipping Source actor due to time limit at clock = 43210.6788297557
-----------------------------
| Model.cleanup in progress |
-----------------------------
cleanup: agenda
cleanup: wait queues
coroutine counts = (36631041,36628589,36627360)
[ModelOptimizer] Fitness: NaN | Elapsed: 18.71 sec
[ModelOptimizer] Evaluating parameters: VectorD(8.00000,	6.00000,	-4.00000,	0.800000,	2.00000)

======================================================================
TRAFFIC MODEL BUILDER SUMMARY
======================================================================
Network:      US-101-N-DonaldDoyle
Segments:     7
Lanes:        4
Junctions:    8
Ramps:        2
Sensors:      5
Mode:         PeMS Data-Driven
Car-Following: Gipps
ODE Solver:   Ballistic
Vmax:         35.0 m/s
======================================================================
Skipping Source actor due to time limit at clock = 43201.00125327633
Skipping Source actor due to time limit at clock = 43210.6788297557
-----------------------------
| Model.cleanup in progress |
-----------------------------
cleanup: agenda
cleanup: wait queues
coroutine counts = (36690798,36688342,36687111)
[ModelOptimizer] Fitness: 2.2518 | Elapsed: 16.95 sec
[ModelOptimizer] Evaluating parameters: VectorD(1.59064,	6.00000,	-4.00000,	0.800000,	2.00000)

======================================================================
TRAFFIC MODEL BUILDER SUMMARY
======================================================================
Network:      US-101-N-DonaldDoyle
Segments:     7
Lanes:        4
Junctions:    8
Ramps:        2
Sensors:      5
Mode:         PeMS Data-Driven
Car-Following: Gipps
ODE Solver:   Ballistic
Vmax:         35.0 m/s
======================================================================
Skipping Source actor due to time limit at clock = 43201.00125327633
Skipping Source actor due to time limit at clock = 43210.6788297557
-----------------------------
| Model.cleanup in progress |
-----------------------------
cleanup: agenda
cleanup: wait queues
coroutine counts = (36750555,36748095,36746862)
[ModelOptimizer] Fitness: 2.2518 | Elapsed: 16.83 sec
[ModelOptimizer] Evaluating parameters: VectorD(8.00000,	6.00000,	-4.00000,	0.800000,	2.00000)

======================================================================
TRAFFIC MODEL BUILDER SUMMARY
======================================================================
Network:      US-101-N-DonaldDoyle
Segments:     7
Lanes:        4
Junctions:    8
Ramps:        2
Sensors:      5
Mode:         PeMS Data-Driven
Car-Following: Gipps
ODE Solver:   Ballistic
Vmax:         35.0 m/s
======================================================================
Skipping Source actor due to time limit at clock = 43201.00125327633
Skipping Source actor due to time limit at clock = 43210.6788297557
-----------------------------
| Model.cleanup in progress |
-----------------------------
cleanup: agenda
cleanup: wait queues
coroutine counts = (36810312,36807848,36806613)
[ModelOptimizer] Fitness: 2.2518 | Elapsed: 17.96 sec
[ModelOptimizer] Evaluating parameters: VectorD(1.00000,	6.00000,	-4.00000,	0.800000,	2.00000)

======================================================================
TRAFFIC MODEL BUILDER SUMMARY
======================================================================
Network:      US-101-N-DonaldDoyle
Segments:     7
Lanes:        4
Junctions:    8
Ramps:        2
Sensors:      5
Mode:         PeMS Data-Driven
Car-Following: Gipps
ODE Solver:   Ballistic
Vmax:         35.0 m/s
======================================================================
Skipping Source actor due to time limit at clock = 43201.00125327633
Skipping Source actor due to time limit at clock = 43210.6788297557
-----------------------------
| Model.cleanup in progress |
-----------------------------
cleanup: agenda
cleanup: wait queues
coroutine counts = (36870069,36867601,36866364)
[ModelOptimizer] Fitness: 2.2518 | Elapsed: 17.05 sec
[ModelOptimizer] Evaluating parameters: VectorD(5.81487,	6.00000,	-4.00000,	0.800000,	2.00000)

======================================================================
TRAFFIC MODEL BUILDER SUMMARY
======================================================================
Network:      US-101-N-DonaldDoyle
Segments:     7
Lanes:        4
Junctions:    8
Ramps:        2
Sensors:      5
Mode:         PeMS Data-Driven
Car-Following: Gipps
ODE Solver:   Ballistic
Vmax:         35.0 m/s
======================================================================
Skipping Source actor due to time limit at clock = 43201.00125327633
Skipping Source actor due to time limit at clock = 43210.6788297557
-----------------------------
| Model.cleanup in progress |
-----------------------------
cleanup: agenda
cleanup: wait queues
coroutine counts = (36929826,36927354,36926115)
[ModelOptimizer] Fitness: 2.2518 | Elapsed: 16.85 sec
[ModelOptimizer] Evaluating parameters: VectorD(1.00000,	6.00000,	-4.00000,	0.800000,	2.00000)

======================================================================
TRAFFIC MODEL BUILDER SUMMARY
======================================================================
Network:      US-101-N-DonaldDoyle
Segments:     7
Lanes:        4
Junctions:    8
Ramps:        2
Sensors:      5
Mode:         PeMS Data-Driven
Car-Following: Gipps
ODE Solver:   Ballistic
Vmax:         35.0 m/s
======================================================================
Skipping Source actor due to time limit at clock = 43201.00125327633
Skipping Source actor due to time limit at clock = 43210.6788297557
-----------------------------
| Model.cleanup in progress |
-----------------------------
cleanup: agenda
cleanup: wait queues
coroutine counts = (36989583,36987107,36985866)
[ModelOptimizer] Fitness: 2.2518 | Elapsed: 16.89 sec
[ModelOptimizer] Evaluating parameters: VectorD(1.00000,	6.00000,	-4.00000,	0.800000,	2.00000)

======================================================================
TRAFFIC MODEL BUILDER SUMMARY
======================================================================
Network:      US-101-N-DonaldDoyle
Segments:     7
Lanes:        4
Junctions:    8
Ramps:        2
Sensors:      5
Mode:         PeMS Data-Driven
Car-Following: Gipps
ODE Solver:   Ballistic
Vmax:         35.0 m/s
======================================================================
Skipping Source actor due to time limit at clock = 43201.00125327633
Skipping Source actor due to time limit at clock = 43210.6788297557
-----------------------------
| Model.cleanup in progress |
-----------------------------
cleanup: agenda
cleanup: wait queues
coroutine counts = (37049340,37046860,37045617)
[ModelOptimizer] Fitness: 2.2518 | Elapsed: 17.05 sec
[ModelOptimizer] Evaluating parameters: VectorD(8.00000,	6.00000,	-4.00000,	0.800000,	2.00000)

======================================================================
TRAFFIC MODEL BUILDER SUMMARY
======================================================================
Network:      US-101-N-DonaldDoyle
Segments:     7
Lanes:        4
Junctions:    8
Ramps:        2
Sensors:      5
Mode:         PeMS Data-Driven
Car-Following: Gipps
ODE Solver:   Ballistic
Vmax:         35.0 m/s
======================================================================
Skipping Source actor due to time limit at clock = 43201.00125327633
Skipping Source actor due to time limit at clock = 43210.6788297557
-----------------------------
| Model.cleanup in progress |
-----------------------------
cleanup: agenda
cleanup: wait queues
coroutine counts = (37109097,37106613,37105368)
[ModelOptimizer] Fitness: 2.2518 | Elapsed: 17.05 sec
[ModelOptimizer] Evaluating parameters: VectorD(8.00000,	6.00000,	-4.00000,	0.800000,	2.00000)

======================================================================
TRAFFIC MODEL BUILDER SUMMARY
======================================================================
Network:      US-101-N-DonaldDoyle
Segments:     7
Lanes:        4
Junctions:    8
Ramps:        2
Sensors:      5
Mode:         PeMS Data-Driven
Car-Following: Gipps
ODE Solver:   Ballistic
Vmax:         35.0 m/s
======================================================================
Skipping Source actor due to time limit at clock = 43201.00125327633
Skipping Source actor due to time limit at clock = 43210.6788297557
-----------------------------
| Model.cleanup in progress |
-----------------------------
cleanup: agenda
cleanup: wait queues
coroutine counts = (37168854,37166366,37165119)
[ModelOptimizer] Fitness: 2.2518 | Elapsed: 16.89 sec
[ModelOptimizer] Evaluating parameters: VectorD(4.14700,	6.00000,	-4.00000,	0.800000,	2.00000)

======================================================================
TRAFFIC MODEL BUILDER SUMMARY
======================================================================
Network:      US-101-N-DonaldDoyle
Segments:     7
Lanes:        4
Junctions:    8
Ramps:        2
Sensors:      5
Mode:         PeMS Data-Driven
Car-Following: Gipps
ODE Solver:   Ballistic
Vmax:         35.0 m/s
======================================================================
Skipping Source actor due to time limit at clock = 43201.00125327633
Skipping Source actor due to time limit at clock = 43210.6788297557
-----------------------------
| Model.cleanup in progress |
-----------------------------
cleanup: agenda
cleanup: wait queues
coroutine counts = (37228611,37226119,37224870)
[ModelOptimizer] Fitness: 2.2518 | Elapsed: 16.90 sec
[ModelOptimizer] Evaluating parameters: VectorD(1.00000,	6.00000,	-4.00000,	0.800000,	2.00000)

======================================================================
TRAFFIC MODEL BUILDER SUMMARY
======================================================================
Network:      US-101-N-DonaldDoyle
Segments:     7
Lanes:        4
Junctions:    8
Ramps:        2
Sensors:      5
Mode:         PeMS Data-Driven
Car-Following: Gipps
ODE Solver:   Ballistic
Vmax:         35.0 m/s
======================================================================
Skipping Source actor due to time limit at clock = 43201.00125327633
Skipping Source actor due to time limit at clock = 43210.6788297557
-----------------------------
| Model.cleanup in progress |
-----------------------------
cleanup: agenda
cleanup: wait queues
coroutine counts = (37288368,37285872,37284621)
[ModelOptimizer] Fitness: 2.2518 | Elapsed: 17.10 sec
[ModelOptimizer] Evaluating parameters: VectorD(2.89140,	6.00000,	-0.500000,	0.800000,	2.00000)

======================================================================
TRAFFIC MODEL BUILDER SUMMARY
======================================================================
Network:      US-101-N-DonaldDoyle
Segments:     7
Lanes:        4
Junctions:    8
Ramps:        2
Sensors:      5
Mode:         PeMS Data-Driven
Car-Following: Gipps
ODE Solver:   Ballistic
Vmax:         35.0 m/s
======================================================================
Skipping Source actor due to time limit at clock = 43201.00125327633
Skipping Source actor due to time limit at clock = 43210.6788297557
-----------------------------
| Model.cleanup in progress |
-----------------------------
cleanup: agenda
cleanup: wait queues
coroutine counts = (37348125,37345625,37344372)
[ModelOptimizer] Fitness: NaN | Elapsed: 18.65 sec
[ModelOptimizer] Evaluating parameters: VectorD(3.72321,	6.00000,	-4.00000,	0.800000,	2.00000)

======================================================================
TRAFFIC MODEL BUILDER SUMMARY
======================================================================
Network:      US-101-N-DonaldDoyle
Segments:     7
Lanes:        4
Junctions:    8
Ramps:        2
Sensors:      5
Mode:         PeMS Data-Driven
Car-Following: Gipps
ODE Solver:   Ballistic
Vmax:         35.0 m/s
======================================================================
Skipping Source actor due to time limit at clock = 43201.00125327633
Skipping Source actor due to time limit at clock = 43210.6788297557
-----------------------------
| Model.cleanup in progress |
-----------------------------
cleanup: agenda
cleanup: wait queues
coroutine counts = (37407882,37405378,37404123)
[ModelOptimizer] Fitness: 2.2518 | Elapsed: 16.84 sec
[ModelOptimizer] Evaluating parameters: VectorD(8.00000,	6.00000,	-4.00000,	2.50267,	2.00000)

======================================================================
TRAFFIC MODEL BUILDER SUMMARY
======================================================================
Network:      US-101-N-DonaldDoyle
Segments:     7
Lanes:        4
Junctions:    8
Ramps:        2
Sensors:      5
Mode:         PeMS Data-Driven
Car-Following: Gipps
ODE Solver:   Ballistic
Vmax:         35.0 m/s
======================================================================
Skipping Source actor due to time limit at clock = 43201.00125327633
Skipping Source actor due to time limit at clock = 43210.6788297557
-----------------------------
| Model.cleanup in progress |
-----------------------------
cleanup: agenda
cleanup: wait queues
coroutine counts = (37467639,37465131,37463874)
[ModelOptimizer] Fitness: 2.2518 | Elapsed: 17.26 sec
[ModelOptimizer] Evaluating parameters: VectorD(1.00000,	6.00000,	-4.00000,	0.800000,	2.00000)

======================================================================
TRAFFIC MODEL BUILDER SUMMARY
======================================================================
Network:      US-101-N-DonaldDoyle
Segments:     7
Lanes:        4
Junctions:    8
Ramps:        2
Sensors:      5
Mode:         PeMS Data-Driven
Car-Following: Gipps
ODE Solver:   Ballistic
Vmax:         35.0 m/s
======================================================================
Skipping Source actor due to time limit at clock = 43201.00125327633
Skipping Source actor due to time limit at clock = 43210.6788297557
-----------------------------
| Model.cleanup in progress |
-----------------------------
cleanup: agenda
cleanup: wait queues
coroutine counts = (37527396,37524884,37523625)
[ModelOptimizer] Fitness: 2.2518 | Elapsed: 16.87 sec
[ModelOptimizer] Evaluating parameters: VectorD(8.00000,	6.00000,	-4.00000,	2.69779,	1.95013)

======================================================================
TRAFFIC MODEL BUILDER SUMMARY
======================================================================
Network:      US-101-N-DonaldDoyle
Segments:     7
Lanes:        4
Junctions:    8
Ramps:        2
Sensors:      5
Mode:         PeMS Data-Driven
Car-Following: Gipps
ODE Solver:   Ballistic
Vmax:         35.0 m/s
======================================================================
Skipping Source actor due to time limit at clock = 43201.00125327633
Skipping Source actor due to time limit at clock = 43210.6788297557
-----------------------------
| Model.cleanup in progress |
-----------------------------
cleanup: agenda
cleanup: wait queues
coroutine counts = (37587153,37584637,37583376)
[ModelOptimizer] Fitness: 2.2347 | Elapsed: 16.92 sec
      14 |      2.23470146 |      2.23470146 |      35.0% ✓
[ModelOptimizer] Evaluating parameters: VectorD(1.00000,	6.00000,	-4.00000,	0.800000,	0.200000)

======================================================================
TRAFFIC MODEL BUILDER SUMMARY
======================================================================
Network:      US-101-N-DonaldDoyle
Segments:     7
Lanes:        4
Junctions:    8
Ramps:        2
Sensors:      5
Mode:         PeMS Data-Driven
Car-Following: Gipps
ODE Solver:   Ballistic
Vmax:         35.0 m/s
======================================================================
Skipping Source actor due to time limit at clock = 43201.00125327633
Skipping Source actor due to time limit at clock = 43210.6788297557
-----------------------------
| Model.cleanup in progress |
-----------------------------
cleanup: agenda
cleanup: wait queues
coroutine counts = (37646910,37644390,37643127)
[ModelOptimizer] Fitness: 4.9154 | Elapsed: 72.49 sec
[ModelOptimizer] Evaluating parameters: VectorD(8.00000,	6.00000,	-4.00000,	0.800000,	2.00000)

======================================================================
TRAFFIC MODEL BUILDER SUMMARY
======================================================================
Network:      US-101-N-DonaldDoyle
Segments:     7
Lanes:        4
Junctions:    8
Ramps:        2
Sensors:      5
Mode:         PeMS Data-Driven
Car-Following: Gipps
ODE Solver:   Ballistic
Vmax:         35.0 m/s
======================================================================
Skipping Source actor due to time limit at clock = 43201.00125327633
Skipping Source actor due to time limit at clock = 43210.6788297557
-----------------------------
| Model.cleanup in progress |
-----------------------------
cleanup: agenda
cleanup: wait queues
coroutine counts = (37706667,37704143,37702878)
[ModelOptimizer] Fitness: 2.2518 | Elapsed: 17.18 sec
[ModelOptimizer] Evaluating parameters: VectorD(8.00000,	6.00000,	-4.00000,	0.800000,	2.00000)

======================================================================
TRAFFIC MODEL BUILDER SUMMARY
======================================================================
Network:      US-101-N-DonaldDoyle
Segments:     7
Lanes:        4
Junctions:    8
Ramps:        2
Sensors:      5
Mode:         PeMS Data-Driven
Car-Following: Gipps
ODE Solver:   Ballistic
Vmax:         35.0 m/s
======================================================================
Skipping Source actor due to time limit at clock = 43201.00125327633
Skipping Source actor due to time limit at clock = 43210.6788297557
-----------------------------
| Model.cleanup in progress |
-----------------------------
cleanup: agenda
cleanup: wait queues
coroutine counts = (37766424,37763896,37762629)
[ModelOptimizer] Fitness: 2.2518 | Elapsed: 16.85 sec
[ModelOptimizer] Evaluating parameters: VectorD(4.97885,	6.00000,	-4.00000,	0.800000,	2.00000)

======================================================================
TRAFFIC MODEL BUILDER SUMMARY
======================================================================
Network:      US-101-N-DonaldDoyle
Segments:     7
Lanes:        4
Junctions:    8
Ramps:        2
Sensors:      5
Mode:         PeMS Data-Driven
Car-Following: Gipps
ODE Solver:   Ballistic
Vmax:         35.0 m/s
======================================================================
Skipping Source actor due to time limit at clock = 43201.00125327633
Skipping Source actor due to time limit at clock = 43210.6788297557
-----------------------------
| Model.cleanup in progress |
-----------------------------
cleanup: agenda
cleanup: wait queues
coroutine counts = (37826181,37823649,37822380)
[ModelOptimizer] Fitness: 2.2518 | Elapsed: 16.84 sec
[ModelOptimizer] Evaluating parameters: VectorD(8.00000,	6.00000,	-4.00000,	0.800000,	2.00000)

======================================================================
TRAFFIC MODEL BUILDER SUMMARY
======================================================================
Network:      US-101-N-DonaldDoyle
Segments:     7
Lanes:        4
Junctions:    8
Ramps:        2
Sensors:      5
Mode:         PeMS Data-Driven
Car-Following: Gipps
ODE Solver:   Ballistic
Vmax:         35.0 m/s
======================================================================
Skipping Source actor due to time limit at clock = 43201.00125327633
Skipping Source actor due to time limit at clock = 43210.6788297557
-----------------------------
| Model.cleanup in progress |
-----------------------------
cleanup: agenda
cleanup: wait queues
coroutine counts = (37885938,37883402,37882131)
[ModelOptimizer] Fitness: 2.2518 | Elapsed: 17.16 sec
[ModelOptimizer] Evaluating parameters: VectorD(8.00000,	6.00000,	-4.00000,	5.00000,	2.00000)

======================================================================
TRAFFIC MODEL BUILDER SUMMARY
======================================================================
Network:      US-101-N-DonaldDoyle
Segments:     7
Lanes:        4
Junctions:    8
Ramps:        2
Sensors:      5
Mode:         PeMS Data-Driven
Car-Following: Gipps
ODE Solver:   Ballistic
Vmax:         35.0 m/s
======================================================================
Skipping Source actor due to time limit at clock = 43201.00125327633
Skipping Source actor due to time limit at clock = 43210.6788297557
-----------------------------
| Model.cleanup in progress |
-----------------------------
cleanup: agenda
cleanup: wait queues
coroutine counts = (37945695,37943155,37941882)
[ModelOptimizer] Fitness: 2.2518 | Elapsed: 16.75 sec
[ModelOptimizer] Evaluating parameters: VectorD(8.00000,	6.00000,	-4.00000,	0.800000,	2.00000)

======================================================================
TRAFFIC MODEL BUILDER SUMMARY
======================================================================
Network:      US-101-N-DonaldDoyle
Segments:     7
Lanes:        4
Junctions:    8
Ramps:        2
Sensors:      5
Mode:         PeMS Data-Driven
Car-Following: Gipps
ODE Solver:   Ballistic
Vmax:         35.0 m/s
======================================================================
Skipping Source actor due to time limit at clock = 43201.00125327633
Skipping Source actor due to time limit at clock = 43210.6788297557
-----------------------------
| Model.cleanup in progress |
-----------------------------
cleanup: agenda
cleanup: wait queues
coroutine counts = (38005452,38002908,38001633)
[ModelOptimizer] Fitness: 2.2518 | Elapsed: 19.00 sec
[ModelOptimizer] Evaluating parameters: VectorD(6.43126,	6.00000,	-0.500000,	3.93580,	2.00000)

======================================================================
TRAFFIC MODEL BUILDER SUMMARY
======================================================================
Network:      US-101-N-DonaldDoyle
Segments:     7
Lanes:        4
Junctions:    8
Ramps:        2
Sensors:      5
Mode:         PeMS Data-Driven
Car-Following: Gipps
ODE Solver:   Ballistic
Vmax:         35.0 m/s
======================================================================
Skipping Source actor due to time limit at clock = 43201.00125327633
Skipping Source actor due to time limit at clock = 43210.6788297557
-----------------------------
| Model.cleanup in progress |
-----------------------------
cleanup: agenda
cleanup: wait queues
coroutine counts = (38065209,38062661,38061384)
[ModelOptimizer] Fitness: NaN | Elapsed: 18.86 sec
[ModelOptimizer] Evaluating parameters: VectorD(1.00000,	6.00000,	-2.12053,	0.800000,	2.00000)

======================================================================
TRAFFIC MODEL BUILDER SUMMARY
======================================================================
Network:      US-101-N-DonaldDoyle
Segments:     7
Lanes:        4
Junctions:    8
Ramps:        2
Sensors:      5
Mode:         PeMS Data-Driven
Car-Following: Gipps
ODE Solver:   Ballistic
Vmax:         35.0 m/s
======================================================================
Skipping Source actor due to time limit at clock = 43201.00125327633
Skipping Source actor due to time limit at clock = 43210.6788297557
-----------------------------
| Model.cleanup in progress |
-----------------------------
cleanup: agenda
cleanup: wait queues
coroutine counts = (38124966,38122414,38121135)
[ModelOptimizer] Fitness: NaN | Elapsed: 17.16 sec
[ModelOptimizer] Evaluating parameters: VectorD(3.49995,	6.00000,	-4.00000,	0.800000,	2.00000)

======================================================================
TRAFFIC MODEL BUILDER SUMMARY
======================================================================
Network:      US-101-N-DonaldDoyle
Segments:     7
Lanes:        4
Junctions:    8
Ramps:        2
Sensors:      5
Mode:         PeMS Data-Driven
Car-Following: Gipps
ODE Solver:   Ballistic
Vmax:         35.0 m/s
======================================================================
Skipping Source actor due to time limit at clock = 43201.00125327633
Skipping Source actor due to time limit at clock = 43210.6788297557
-----------------------------
| Model.cleanup in progress |
-----------------------------
cleanup: agenda
cleanup: wait queues
coroutine counts = (38184723,38182167,38180886)
[ModelOptimizer] Fitness: 2.2518 | Elapsed: 16.87 sec
[ModelOptimizer] Evaluating parameters: VectorD(1.00000,	6.00000,	-4.00000,	0.800000,	2.00000)

======================================================================
TRAFFIC MODEL BUILDER SUMMARY
======================================================================
Network:      US-101-N-DonaldDoyle
Segments:     7
Lanes:        4
Junctions:    8
Ramps:        2
Sensors:      5
Mode:         PeMS Data-Driven
Car-Following: Gipps
ODE Solver:   Ballistic
Vmax:         35.0 m/s
======================================================================
Skipping Source actor due to time limit at clock = 43201.00125327633
Skipping Source actor due to time limit at clock = 43210.6788297557
-----------------------------
| Model.cleanup in progress |
-----------------------------
cleanup: agenda
cleanup: wait queues
coroutine counts = (38244480,38241920,38240637)
[ModelOptimizer] Fitness: 2.2518 | Elapsed: 17.05 sec
[ModelOptimizer] Evaluating parameters: VectorD(8.00000,	6.00000,	-4.00000,	0.800000,	2.00000)

======================================================================
TRAFFIC MODEL BUILDER SUMMARY
======================================================================
Network:      US-101-N-DonaldDoyle
Segments:     7
Lanes:        4
Junctions:    8
Ramps:        2
Sensors:      5
Mode:         PeMS Data-Driven
Car-Following: Gipps
ODE Solver:   Ballistic
Vmax:         35.0 m/s
======================================================================
Skipping Source actor due to time limit at clock = 43201.00125327633
Skipping Source actor due to time limit at clock = 43210.6788297557
-----------------------------
| Model.cleanup in progress |
-----------------------------
cleanup: agenda
cleanup: wait queues
coroutine counts = (38304237,38301673,38300388)
[ModelOptimizer] Fitness: 2.2518 | Elapsed: 17.16 sec
[ModelOptimizer] Evaluating parameters: VectorD(8.00000,	6.00000,	-4.00000,	0.800000,	2.00000)

======================================================================
TRAFFIC MODEL BUILDER SUMMARY
======================================================================
Network:      US-101-N-DonaldDoyle
Segments:     7
Lanes:        4
Junctions:    8
Ramps:        2
Sensors:      5
Mode:         PeMS Data-Driven
Car-Following: Gipps
ODE Solver:   Ballistic
Vmax:         35.0 m/s
======================================================================
Skipping Source actor due to time limit at clock = 43201.00125327633
Skipping Source actor due to time limit at clock = 43210.6788297557
-----------------------------
| Model.cleanup in progress |
-----------------------------
cleanup: agenda
cleanup: wait queues
coroutine counts = (38363994,38361426,38360139)
[ModelOptimizer] Fitness: 2.2518 | Elapsed: 16.79 sec
[ModelOptimizer] Evaluating parameters: VectorD(3.36869,	6.00000,	-0.500000,	1.43496,	2.00000)

======================================================================
TRAFFIC MODEL BUILDER SUMMARY
======================================================================
Network:      US-101-N-DonaldDoyle
Segments:     7
Lanes:        4
Junctions:    8
Ramps:        2
Sensors:      5
Mode:         PeMS Data-Driven
Car-Following: Gipps
ODE Solver:   Ballistic
Vmax:         35.0 m/s
======================================================================
Skipping Source actor due to time limit at clock = 43201.00125327633
Skipping Source actor due to time limit at clock = 43210.6788297557
-----------------------------
| Model.cleanup in progress |
-----------------------------
cleanup: agenda
cleanup: wait queues
coroutine counts = (38423751,38421179,38419890)
[ModelOptimizer] Fitness: NaN | Elapsed: 18.90 sec
[ModelOptimizer] Evaluating parameters: VectorD(8.00000,	6.00000,	-4.00000,	0.800000,	2.00000)

======================================================================
TRAFFIC MODEL BUILDER SUMMARY
======================================================================
Network:      US-101-N-DonaldDoyle
Segments:     7
Lanes:        4
Junctions:    8
Ramps:        2
Sensors:      5
Mode:         PeMS Data-Driven
Car-Following: Gipps
ODE Solver:   Ballistic
Vmax:         35.0 m/s
======================================================================
Skipping Source actor due to time limit at clock = 43201.00125327633
Skipping Source actor due to time limit at clock = 43210.6788297557
-----------------------------
| Model.cleanup in progress |
-----------------------------
cleanup: agenda
cleanup: wait queues
coroutine counts = (38483508,38480932,38479641)
[ModelOptimizer] Fitness: 2.2518 | Elapsed: 17.16 sec
[ModelOptimizer] Evaluating parameters: VectorD(8.00000,	6.00000,	-4.00000,	0.800000,	2.00000)

======================================================================
TRAFFIC MODEL BUILDER SUMMARY
======================================================================
Network:      US-101-N-DonaldDoyle
Segments:     7
Lanes:        4
Junctions:    8
Ramps:        2
Sensors:      5
Mode:         PeMS Data-Driven
Car-Following: Gipps
ODE Solver:   Ballistic
Vmax:         35.0 m/s
======================================================================
Skipping Source actor due to time limit at clock = 43201.00125327633
Skipping Source actor due to time limit at clock = 43210.6788297557
-----------------------------
| Model.cleanup in progress |
-----------------------------
cleanup: agenda
cleanup: wait queues
coroutine counts = (38543265,38540685,38539392)
[ModelOptimizer] Fitness: 2.2518 | Elapsed: 16.70 sec
[ModelOptimizer] Evaluating parameters: VectorD(8.00000,	6.00000,	-4.00000,	0.800000,	1.20702)

======================================================================
TRAFFIC MODEL BUILDER SUMMARY
======================================================================
Network:      US-101-N-DonaldDoyle
Segments:     7
Lanes:        4
Junctions:    8
Ramps:        2
Sensors:      5
Mode:         PeMS Data-Driven
Car-Following: Gipps
ODE Solver:   Ballistic
Vmax:         35.0 m/s
======================================================================
Skipping Source actor due to time limit at clock = 43201.00125327633
Skipping Source actor due to time limit at clock = 43210.6788297557
-----------------------------
| Model.cleanup in progress |
-----------------------------
cleanup: agenda
cleanup: wait queues
coroutine counts = (38603022,38600438,38599143)
[ModelOptimizer] Fitness: 3.5307 | Elapsed: 20.58 sec
[ModelOptimizer] Evaluating parameters: VectorD(3.27669,	6.00000,	-4.00000,	0.800000,	2.00000)

======================================================================
TRAFFIC MODEL BUILDER SUMMARY
======================================================================
Network:      US-101-N-DonaldDoyle
Segments:     7
Lanes:        4
Junctions:    8
Ramps:        2
Sensors:      5
Mode:         PeMS Data-Driven
Car-Following: Gipps
ODE Solver:   Ballistic
Vmax:         35.0 m/s
======================================================================
Skipping Source actor due to time limit at clock = 43201.00125327633
Skipping Source actor due to time limit at clock = 43210.6788297557
-----------------------------
| Model.cleanup in progress |
-----------------------------
cleanup: agenda
cleanup: wait queues
coroutine counts = (38662779,38660191,38658894)
[ModelOptimizer] Fitness: 2.2518 | Elapsed: 17.11 sec
[ModelOptimizer] Evaluating parameters: VectorD(8.00000,	6.00000,	-4.00000,	0.800000,	2.00000)

======================================================================
TRAFFIC MODEL BUILDER SUMMARY
======================================================================
Network:      US-101-N-DonaldDoyle
Segments:     7
Lanes:        4
Junctions:    8
Ramps:        2
Sensors:      5
Mode:         PeMS Data-Driven
Car-Following: Gipps
ODE Solver:   Ballistic
Vmax:         35.0 m/s
======================================================================
Skipping Source actor due to time limit at clock = 43201.00125327633
Skipping Source actor due to time limit at clock = 43210.6788297557
-----------------------------
| Model.cleanup in progress |
-----------------------------
cleanup: agenda
cleanup: wait queues
coroutine counts = (38722536,38719944,38718645)
[ModelOptimizer] Fitness: 2.2518 | Elapsed: 16.94 sec
[ModelOptimizer] Evaluating parameters: VectorD(8.00000,	6.00000,	-4.00000,	2.46128,	1.95852)

======================================================================
TRAFFIC MODEL BUILDER SUMMARY
======================================================================
Network:      US-101-N-DonaldDoyle
Segments:     7
Lanes:        4
Junctions:    8
Ramps:        2
Sensors:      5
Mode:         PeMS Data-Driven
Car-Following: Gipps
ODE Solver:   Ballistic
Vmax:         35.0 m/s
======================================================================
Skipping Source actor due to time limit at clock = 43201.00125327633
Skipping Source actor due to time limit at clock = 43210.6788297557
-----------------------------
| Model.cleanup in progress |
-----------------------------
cleanup: agenda
cleanup: wait queues
coroutine counts = (38782293,38779697,38778396)
[ModelOptimizer] Fitness: 2.2418 | Elapsed: 17.05 sec
[ModelOptimizer] Evaluating parameters: VectorD(8.00000,	6.00000,	-4.00000,	5.00000,	2.00000)

======================================================================
TRAFFIC MODEL BUILDER SUMMARY
======================================================================
Network:      US-101-N-DonaldDoyle
Segments:     7
Lanes:        4
Junctions:    8
Ramps:        2
Sensors:      5
Mode:         PeMS Data-Driven
Car-Following: Gipps
ODE Solver:   Ballistic
Vmax:         35.0 m/s
======================================================================
Skipping Source actor due to time limit at clock = 43201.00125327633
Skipping Source actor due to time limit at clock = 43210.6788297557
-----------------------------
| Model.cleanup in progress |
-----------------------------
cleanup: agenda
cleanup: wait queues
coroutine counts = (38842050,38839450,38838147)
[ModelOptimizer] Fitness: 2.2518 | Elapsed: 17.17 sec
[ModelOptimizer] Evaluating parameters: VectorD(8.00000,	6.00000,	-4.00000,	0.800000,	2.00000)

======================================================================
TRAFFIC MODEL BUILDER SUMMARY
======================================================================
Network:      US-101-N-DonaldDoyle
Segments:     7
Lanes:        4
Junctions:    8
Ramps:        2
Sensors:      5
Mode:         PeMS Data-Driven
Car-Following: Gipps
ODE Solver:   Ballistic
Vmax:         35.0 m/s
======================================================================
Skipping Source actor due to time limit at clock = 43201.00125327633
Skipping Source actor due to time limit at clock = 43210.6788297557
-----------------------------
| Model.cleanup in progress |
-----------------------------
cleanup: agenda
cleanup: wait queues
coroutine counts = (38901807,38899203,38897898)
[ModelOptimizer] Fitness: 2.2518 | Elapsed: 16.89 sec
[ModelOptimizer] Evaluating parameters: VectorD(5.60197,	6.00000,	-4.00000,	5.00000,	0.200000)

======================================================================
TRAFFIC MODEL BUILDER SUMMARY
======================================================================
Network:      US-101-N-DonaldDoyle
Segments:     7
Lanes:        4
Junctions:    8
Ramps:        2
Sensors:      5
Mode:         PeMS Data-Driven
Car-Following: Gipps
ODE Solver:   Ballistic
Vmax:         35.0 m/s
======================================================================
Skipping Source actor due to time limit at clock = 43201.00125327633
Skipping Source actor due to time limit at clock = 43210.6788297557
-----------------------------
| Model.cleanup in progress |
-----------------------------
cleanup: agenda
cleanup: wait queues
coroutine counts = (38961564,38958956,38957649)
[ModelOptimizer] Fitness: 4.9154 | Elapsed: 78.51 sec
[ModelOptimizer] Evaluating parameters: VectorD(6.15219,	6.00000,	-0.500000,	5.00000,	2.00000)

======================================================================
TRAFFIC MODEL BUILDER SUMMARY
======================================================================
Network:      US-101-N-DonaldDoyle
Segments:     7
Lanes:        4
Junctions:    8
Ramps:        2
Sensors:      5
Mode:         PeMS Data-Driven
Car-Following: Gipps
ODE Solver:   Ballistic
Vmax:         35.0 m/s
======================================================================
Skipping Source actor due to time limit at clock = 43201.00125327633
Skipping Source actor due to time limit at clock = 43210.6788297557
-----------------------------
| Model.cleanup in progress |
-----------------------------
cleanup: agenda
cleanup: wait queues
coroutine counts = (39021321,39018709,39017400)
[ModelOptimizer] Fitness: NaN | Elapsed: 18.37 sec
[ModelOptimizer] Evaluating parameters: VectorD(8.00000,	6.00000,	-4.00000,	0.800000,	2.00000)

======================================================================
TRAFFIC MODEL BUILDER SUMMARY
======================================================================
Network:      US-101-N-DonaldDoyle
Segments:     7
Lanes:        4
Junctions:    8
Ramps:        2
Sensors:      5
Mode:         PeMS Data-Driven
Car-Following: Gipps
ODE Solver:   Ballistic
Vmax:         35.0 m/s
======================================================================
Skipping Source actor due to time limit at clock = 43201.00125327633
Skipping Source actor due to time limit at clock = 43210.6788297557
-----------------------------
| Model.cleanup in progress |
-----------------------------
cleanup: agenda
cleanup: wait queues
coroutine counts = (39081078,39078462,39077151)
[ModelOptimizer] Fitness: 2.2518 | Elapsed: 16.97 sec
[ModelOptimizer] Evaluating parameters: VectorD(1.59064,	6.00000,	-4.00000,	0.800000,	2.00000)

======================================================================
TRAFFIC MODEL BUILDER SUMMARY
======================================================================
Network:      US-101-N-DonaldDoyle
Segments:     7
Lanes:        4
Junctions:    8
Ramps:        2
Sensors:      5
Mode:         PeMS Data-Driven
Car-Following: Gipps
ODE Solver:   Ballistic
Vmax:         35.0 m/s
======================================================================
Skipping Source actor due to time limit at clock = 43201.00125327633
Skipping Source actor due to time limit at clock = 43210.6788297557
-----------------------------
| Model.cleanup in progress |
-----------------------------
cleanup: agenda
cleanup: wait queues
coroutine counts = (39140835,39138215,39136902)
[ModelOptimizer] Fitness: 2.2518 | Elapsed: 16.61 sec
[ModelOptimizer] Evaluating parameters: VectorD(1.00000,	6.00000,	-4.00000,	0.800000,	2.00000)

======================================================================
TRAFFIC MODEL BUILDER SUMMARY
======================================================================
Network:      US-101-N-DonaldDoyle
Segments:     7
Lanes:        4
Junctions:    8
Ramps:        2
Sensors:      5
Mode:         PeMS Data-Driven
Car-Following: Gipps
ODE Solver:   Ballistic
Vmax:         35.0 m/s
======================================================================
Skipping Source actor due to time limit at clock = 43201.00125327633
Skipping Source actor due to time limit at clock = 43210.6788297557
-----------------------------
| Model.cleanup in progress |
-----------------------------
cleanup: agenda
cleanup: wait queues
coroutine counts = (39200592,39197968,39196653)
[ModelOptimizer] Fitness: 2.2518 | Elapsed: 16.85 sec
[ModelOptimizer] Evaluating parameters: VectorD(1.00000,	6.00000,	-4.00000,	0.800000,	2.00000)

======================================================================
TRAFFIC MODEL BUILDER SUMMARY
======================================================================
Network:      US-101-N-DonaldDoyle
Segments:     7
Lanes:        4
Junctions:    8
Ramps:        2
Sensors:      5
Mode:         PeMS Data-Driven
Car-Following: Gipps
ODE Solver:   Ballistic
Vmax:         35.0 m/s
======================================================================
Skipping Source actor due to time limit at clock = 43201.00125327633
Skipping Source actor due to time limit at clock = 43210.6788297557
-----------------------------
| Model.cleanup in progress |
-----------------------------
cleanup: agenda
cleanup: wait queues
coroutine counts = (39260349,39257721,39256404)
[ModelOptimizer] Fitness: 2.2518 | Elapsed: 16.92 sec
[ModelOptimizer] Evaluating parameters: VectorD(1.00000,	6.00000,	-4.00000,	0.800000,	2.00000)

======================================================================
TRAFFIC MODEL BUILDER SUMMARY
======================================================================
Network:      US-101-N-DonaldDoyle
Segments:     7
Lanes:        4
Junctions:    8
Ramps:        2
Sensors:      5
Mode:         PeMS Data-Driven
Car-Following: Gipps
ODE Solver:   Ballistic
Vmax:         35.0 m/s
======================================================================
Skipping Source actor due to time limit at clock = 43201.00125327633
Skipping Source actor due to time limit at clock = 43210.6788297557
-----------------------------
| Model.cleanup in progress |
-----------------------------
cleanup: agenda
cleanup: wait queues
coroutine counts = (39320106,39317474,39316155)
[ModelOptimizer] Fitness: 2.2518 | Elapsed: 16.56 sec
[ModelOptimizer] Evaluating parameters: VectorD(1.00000,	6.00000,	-4.00000,	0.800000,	2.00000)

======================================================================
TRAFFIC MODEL BUILDER SUMMARY
======================================================================
Network:      US-101-N-DonaldDoyle
Segments:     7
Lanes:        4
Junctions:    8
Ramps:        2
Sensors:      5
Mode:         PeMS Data-Driven
Car-Following: Gipps
ODE Solver:   Ballistic
Vmax:         35.0 m/s
======================================================================
Skipping Source actor due to time limit at clock = 43201.00125327633
Skipping Source actor due to time limit at clock = 43210.6788297557
-----------------------------
| Model.cleanup in progress |
-----------------------------
cleanup: agenda
cleanup: wait queues
coroutine counts = (39379863,39377227,39375906)
[ModelOptimizer] Fitness: 2.2518 | Elapsed: 20.63 sec
[ModelOptimizer] Evaluating parameters: VectorD(8.00000,	5.87181,	-4.00000,	5.00000,	1.12336)

======================================================================
TRAFFIC MODEL BUILDER SUMMARY
======================================================================
Network:      US-101-N-DonaldDoyle
Segments:     7
Lanes:        4
Junctions:    8
Ramps:        2
Sensors:      5
Mode:         PeMS Data-Driven
Car-Following: Gipps
ODE Solver:   Ballistic
Vmax:         35.0 m/s
======================================================================
Skipping Source actor due to time limit at clock = 43201.00125327633
Skipping Source actor due to time limit at clock = 43210.6788297557
-----------------------------
| Model.cleanup in progress |
-----------------------------
cleanup: agenda
cleanup: wait queues
coroutine counts = (39439620,39436980,39435657)
[ModelOptimizer] Fitness: 3.6536 | Elapsed: 21.95 sec
[ModelOptimizer] Evaluating parameters: VectorD(8.00000,	6.00000,	-4.00000,	0.800000,	2.00000)

======================================================================
TRAFFIC MODEL BUILDER SUMMARY
======================================================================
Network:      US-101-N-DonaldDoyle
Segments:     7
Lanes:        4
Junctions:    8
Ramps:        2
Sensors:      5
Mode:         PeMS Data-Driven
Car-Following: Gipps
ODE Solver:   Ballistic
Vmax:         35.0 m/s
======================================================================
Skipping Source actor due to time limit at clock = 43201.00125327633
Skipping Source actor due to time limit at clock = 43210.6788297557
-----------------------------
| Model.cleanup in progress |
-----------------------------
cleanup: agenda
cleanup: wait queues
coroutine counts = (39499377,39496733,39495408)
[ModelOptimizer] Fitness: 2.2518 | Elapsed: 16.88 sec
[ModelOptimizer] Evaluating parameters: VectorD(4.14700,	6.00000,	-0.500000,	0.800000,	2.00000)

======================================================================
TRAFFIC MODEL BUILDER SUMMARY
======================================================================
Network:      US-101-N-DonaldDoyle
Segments:     7
Lanes:        4
Junctions:    8
Ramps:        2
Sensors:      5
Mode:         PeMS Data-Driven
Car-Following: Gipps
ODE Solver:   Ballistic
Vmax:         35.0 m/s
======================================================================
Skipping Source actor due to time limit at clock = 43201.00125327633
Skipping Source actor due to time limit at clock = 43210.6788297557
-----------------------------
| Model.cleanup in progress |
-----------------------------
cleanup: agenda
cleanup: wait queues
coroutine counts = (39559134,39556486,39555159)
[ModelOptimizer] Fitness: NaN | Elapsed: 18.48 sec
[ModelOptimizer] Evaluating parameters: VectorD(4.14700,	6.00000,	-4.00000,	0.800000,	2.00000)

======================================================================
TRAFFIC MODEL BUILDER SUMMARY
======================================================================
Network:      US-101-N-DonaldDoyle
Segments:     7
Lanes:        4
Junctions:    8
Ramps:        2
Sensors:      5
Mode:         PeMS Data-Driven
Car-Following: Gipps
ODE Solver:   Ballistic
Vmax:         35.0 m/s
======================================================================
Skipping Source actor due to time limit at clock = 43201.00125327633
Skipping Source actor due to time limit at clock = 43210.6788297557
-----------------------------
| Model.cleanup in progress |
-----------------------------
cleanup: agenda
cleanup: wait queues
coroutine counts = (39618891,39616239,39614910)
[ModelOptimizer] Fitness: 2.2518 | Elapsed: 17.12 sec
[ModelOptimizer] Evaluating parameters: VectorD(8.00000,	6.00000,	-4.00000,	0.800000,	2.00000)

======================================================================
TRAFFIC MODEL BUILDER SUMMARY
======================================================================
Network:      US-101-N-DonaldDoyle
Segments:     7
Lanes:        4
Junctions:    8
Ramps:        2
Sensors:      5
Mode:         PeMS Data-Driven
Car-Following: Gipps
ODE Solver:   Ballistic
Vmax:         35.0 m/s
======================================================================
Skipping Source actor due to time limit at clock = 43201.00125327633
Skipping Source actor due to time limit at clock = 43210.6788297557
-----------------------------
| Model.cleanup in progress |
-----------------------------
cleanup: agenda
cleanup: wait queues
coroutine counts = (39678648,39675992,39674661)
[ModelOptimizer] Fitness: 2.2518 | Elapsed: 16.69 sec
[ModelOptimizer] Evaluating parameters: VectorD(2.89140,	6.00000,	-0.500000,	0.800000,	2.00000)

======================================================================
TRAFFIC MODEL BUILDER SUMMARY
======================================================================
Network:      US-101-N-DonaldDoyle
Segments:     7
Lanes:        4
Junctions:    8
Ramps:        2
Sensors:      5
Mode:         PeMS Data-Driven
Car-Following: Gipps
ODE Solver:   Ballistic
Vmax:         35.0 m/s
======================================================================
Skipping Source actor due to time limit at clock = 43201.00125327633
Skipping Source actor due to time limit at clock = 43210.6788297557
-----------------------------
| Model.cleanup in progress |
-----------------------------
cleanup: agenda
cleanup: wait queues
coroutine counts = (39738405,39735745,39734412)
[ModelOptimizer] Fitness: NaN | Elapsed: 18.91 sec
[ModelOptimizer] Evaluating parameters: VectorD(1.00000,	6.00000,	-4.00000,	0.800000,	2.00000)

======================================================================
TRAFFIC MODEL BUILDER SUMMARY
======================================================================
Network:      US-101-N-DonaldDoyle
Segments:     7
Lanes:        4
Junctions:    8
Ramps:        2
Sensors:      5
Mode:         PeMS Data-Driven
Car-Following: Gipps
ODE Solver:   Ballistic
Vmax:         35.0 m/s
======================================================================
Skipping Source actor due to time limit at clock = 43201.00125327633
Skipping Source actor due to time limit at clock = 43210.6788297557
-----------------------------
| Model.cleanup in progress |
-----------------------------
cleanup: agenda
cleanup: wait queues
coroutine counts = (39798162,39795498,39794163)
[ModelOptimizer] Fitness: 2.2518 | Elapsed: 17.09 sec
[ModelOptimizer] Evaluating parameters: VectorD(8.00000,	6.00000,	-4.00000,	2.50267,	2.00000)

======================================================================
TRAFFIC MODEL BUILDER SUMMARY
======================================================================
Network:      US-101-N-DonaldDoyle
Segments:     7
Lanes:        4
Junctions:    8
Ramps:        2
Sensors:      5
Mode:         PeMS Data-Driven
Car-Following: Gipps
ODE Solver:   Ballistic
Vmax:         35.0 m/s
======================================================================
Skipping Source actor due to time limit at clock = 43201.00125327633
Skipping Source actor due to time limit at clock = 43210.6788297557
-----------------------------
| Model.cleanup in progress |
-----------------------------
cleanup: agenda
cleanup: wait queues
coroutine counts = (39857919,39855251,39853914)
[ModelOptimizer] Fitness: 2.2518 | Elapsed: 16.64 sec
[ModelOptimizer] Evaluating parameters: VectorD(8.00000,	6.00000,	-4.00000,	0.800000,	2.00000)

======================================================================
TRAFFIC MODEL BUILDER SUMMARY
======================================================================
Network:      US-101-N-DonaldDoyle
Segments:     7
Lanes:        4
Junctions:    8
Ramps:        2
Sensors:      5
Mode:         PeMS Data-Driven
Car-Following: Gipps
ODE Solver:   Ballistic
Vmax:         35.0 m/s
======================================================================
Skipping Source actor due to time limit at clock = 43201.00125327633
Skipping Source actor due to time limit at clock = 43210.6788297557
-----------------------------
| Model.cleanup in progress |
-----------------------------
cleanup: agenda
cleanup: wait queues
coroutine counts = (39917676,39915004,39913665)
[ModelOptimizer] Fitness: 2.2518 | Elapsed: 17.14 sec
[ModelOptimizer] Evaluating parameters: VectorD(8.00000,	6.00000,	-4.00000,	2.69779,	1.95013)

======================================================================
TRAFFIC MODEL BUILDER SUMMARY
======================================================================
Network:      US-101-N-DonaldDoyle
Segments:     7
Lanes:        4
Junctions:    8
Ramps:        2
Sensors:      5
Mode:         PeMS Data-Driven
Car-Following: Gipps
ODE Solver:   Ballistic
Vmax:         35.0 m/s
======================================================================
Skipping Source actor due to time limit at clock = 43201.00125327633
Skipping Source actor due to time limit at clock = 43210.6788297557
-----------------------------
| Model.cleanup in progress |
-----------------------------
cleanup: agenda
cleanup: wait queues
coroutine counts = (39977433,39974757,39973416)
[ModelOptimizer] Fitness: 2.2347 | Elapsed: 17.21 sec
      15 |      2.23470146 |      2.23470146 |      37.5% ✓
[ModelOptimizer] Evaluating parameters: VectorD(8.00000,	6.00000,	-4.00000,	0.800000,	2.00000)

======================================================================
TRAFFIC MODEL BUILDER SUMMARY
======================================================================
Network:      US-101-N-DonaldDoyle
Segments:     7
Lanes:        4
Junctions:    8
Ramps:        2
Sensors:      5
Mode:         PeMS Data-Driven
Car-Following: Gipps
ODE Solver:   Ballistic
Vmax:         35.0 m/s
======================================================================
Skipping Source actor due to time limit at clock = 43201.00125327633
Skipping Source actor due to time limit at clock = 43210.6788297557
-----------------------------
| Model.cleanup in progress |
-----------------------------
cleanup: agenda
cleanup: wait queues
coroutine counts = (40037190,40034510,40033167)
[ModelOptimizer] Fitness: 2.2518 | Elapsed: 17.10 sec
[ModelOptimizer] Evaluating parameters: VectorD(8.00000,	6.00000,	-4.00000,	0.800000,	2.00000)

======================================================================
TRAFFIC MODEL BUILDER SUMMARY
======================================================================
Network:      US-101-N-DonaldDoyle
Segments:     7
Lanes:        4
Junctions:    8
Ramps:        2
Sensors:      5
Mode:         PeMS Data-Driven
Car-Following: Gipps
ODE Solver:   Ballistic
Vmax:         35.0 m/s
======================================================================
Skipping Source actor due to time limit at clock = 43201.00125327633
Skipping Source actor due to time limit at clock = 43210.6788297557
-----------------------------
| Model.cleanup in progress |
-----------------------------
cleanup: agenda
cleanup: wait queues
coroutine counts = (40096947,40094263,40092918)
[ModelOptimizer] Fitness: 2.2518 | Elapsed: 17.23 sec
[ModelOptimizer] Evaluating parameters: VectorD(1.00000,	6.00000,	-4.00000,	0.800000,	2.00000)

======================================================================
TRAFFIC MODEL BUILDER SUMMARY
======================================================================
Network:      US-101-N-DonaldDoyle
Segments:     7
Lanes:        4
Junctions:    8
Ramps:        2
Sensors:      5
Mode:         PeMS Data-Driven
Car-Following: Gipps
ODE Solver:   Ballistic
Vmax:         35.0 m/s
======================================================================
Skipping Source actor due to time limit at clock = 43201.00125327633
Skipping Source actor due to time limit at clock = 43210.6788297557
-----------------------------
| Model.cleanup in progress |
-----------------------------
cleanup: agenda
cleanup: wait queues
coroutine counts = (40156704,40154016,40152669)
[ModelOptimizer] Fitness: 2.2518 | Elapsed: 17.95 sec
[ModelOptimizer] Evaluating parameters: VectorD(4.97885,	6.00000,	-4.00000,	0.800000,	2.00000)

======================================================================
TRAFFIC MODEL BUILDER SUMMARY
======================================================================
Network:      US-101-N-DonaldDoyle
Segments:     7
Lanes:        4
Junctions:    8
Ramps:        2
Sensors:      5
Mode:         PeMS Data-Driven
Car-Following: Gipps
ODE Solver:   Ballistic
Vmax:         35.0 m/s
======================================================================
Skipping Source actor due to time limit at clock = 43201.00125327633
Skipping Source actor due to time limit at clock = 43210.6788297557
-----------------------------
| Model.cleanup in progress |
-----------------------------
cleanup: agenda
cleanup: wait queues
coroutine counts = (40216461,40213769,40212420)
[ModelOptimizer] Fitness: 2.2518 | Elapsed: 21.40 sec
[ModelOptimizer] Evaluating parameters: VectorD(6.35422,	6.00000,	-0.500000,	5.00000,	0.200000)

======================================================================
TRAFFIC MODEL BUILDER SUMMARY
======================================================================
Network:      US-101-N-DonaldDoyle
Segments:     7
Lanes:        4
Junctions:    8
Ramps:        2
Sensors:      5
Mode:         PeMS Data-Driven
Car-Following: Gipps
ODE Solver:   Ballistic
Vmax:         35.0 m/s
======================================================================
Skipping Source actor due to time limit at clock = 43201.00125327633
Skipping Source actor due to time limit at clock = 43210.6788297557
-----------------------------
| Model.cleanup in progress |
-----------------------------
cleanup: agenda
cleanup: wait queues
coroutine counts = (40276218,40273522,40272171)
[ModelOptimizer] Fitness: 8.6656 | Elapsed: 136.00 sec
[ModelOptimizer] Evaluating parameters: VectorD(8.00000,	6.00000,	-4.00000,	5.00000,	2.00000)

======================================================================
TRAFFIC MODEL BUILDER SUMMARY
======================================================================
Network:      US-101-N-DonaldDoyle
Segments:     7
Lanes:        4
Junctions:    8
Ramps:        2
Sensors:      5
Mode:         PeMS Data-Driven
Car-Following: Gipps
ODE Solver:   Ballistic
Vmax:         35.0 m/s
======================================================================
Skipping Source actor due to time limit at clock = 43201.00125327633
Skipping Source actor due to time limit at clock = 43210.6788297557
-----------------------------
| Model.cleanup in progress |
-----------------------------
cleanup: agenda
cleanup: wait queues
coroutine counts = (40335975,40333275,40331922)
[ModelOptimizer] Fitness: 2.2518 | Elapsed: 17.16 sec
[ModelOptimizer] Evaluating parameters: VectorD(8.00000,	6.00000,	-4.00000,	3.93580,	2.00000)

======================================================================
TRAFFIC MODEL BUILDER SUMMARY
======================================================================
Network:      US-101-N-DonaldDoyle
Segments:     7
Lanes:        4
Junctions:    8
Ramps:        2
Sensors:      5
Mode:         PeMS Data-Driven
Car-Following: Gipps
ODE Solver:   Ballistic
Vmax:         35.0 m/s
======================================================================
Skipping Source actor due to time limit at clock = 43201.00125327633
Skipping Source actor due to time limit at clock = 43210.6788297557
-----------------------------
| Model.cleanup in progress |
-----------------------------
cleanup: agenda
cleanup: wait queues
coroutine counts = (40395732,40393028,40391673)
[ModelOptimizer] Fitness: 2.2518 | Elapsed: 17.15 sec
[ModelOptimizer] Evaluating parameters: VectorD(6.43126,	6.00000,	-0.500000,	3.93580,	2.00000)

======================================================================
TRAFFIC MODEL BUILDER SUMMARY
======================================================================
Network:      US-101-N-DonaldDoyle
Segments:     7
Lanes:        4
Junctions:    8
Ramps:        2
Sensors:      5
Mode:         PeMS Data-Driven
Car-Following: Gipps
ODE Solver:   Ballistic
Vmax:         35.0 m/s
======================================================================
Skipping Source actor due to time limit at clock = 43201.00125327633
Skipping Source actor due to time limit at clock = 43210.6788297557
-----------------------------
| Model.cleanup in progress |
-----------------------------
cleanup: agenda
cleanup: wait queues
coroutine counts = (40455489,40452781,40451424)
[ModelOptimizer] Fitness: NaN | Elapsed: 19.25 sec
[ModelOptimizer] Evaluating parameters: VectorD(3.49995,	6.00000,	-0.500000,	3.37365,	2.00000)

======================================================================
TRAFFIC MODEL BUILDER SUMMARY
======================================================================
Network:      US-101-N-DonaldDoyle
Segments:     7
Lanes:        4
Junctions:    8
Ramps:        2
Sensors:      5
Mode:         PeMS Data-Driven
Car-Following: Gipps
ODE Solver:   Ballistic
Vmax:         35.0 m/s
======================================================================
Skipping Source actor due to time limit at clock = 43201.00125327633
Skipping Source actor due to time limit at clock = 43210.6788297557
-----------------------------
| Model.cleanup in progress |
-----------------------------
cleanup: agenda
cleanup: wait queues
coroutine counts = (40515246,40512534,40511175)
[ModelOptimizer] Fitness: NaN | Elapsed: 18.64 sec
[ModelOptimizer] Evaluating parameters: VectorD(3.49995,	6.00000,	-4.00000,	0.800000,	2.00000)

======================================================================
TRAFFIC MODEL BUILDER SUMMARY
======================================================================
Network:      US-101-N-DonaldDoyle
Segments:     7
Lanes:        4
Junctions:    8
Ramps:        2
Sensors:      5
Mode:         PeMS Data-Driven
Car-Following: Gipps
ODE Solver:   Ballistic
Vmax:         35.0 m/s
======================================================================
Skipping Source actor due to time limit at clock = 43201.00125327633
Skipping Source actor due to time limit at clock = 43210.6788297557
-----------------------------
| Model.cleanup in progress |
-----------------------------
cleanup: agenda
cleanup: wait queues
coroutine counts = (40575003,40572287,40570926)
[ModelOptimizer] Fitness: 2.2518 | Elapsed: 17.09 sec
[ModelOptimizer] Evaluating parameters: VectorD(8.00000,	6.00000,	-4.00000,	0.800000,	2.00000)

======================================================================
TRAFFIC MODEL BUILDER SUMMARY
======================================================================
Network:      US-101-N-DonaldDoyle
Segments:     7
Lanes:        4
Junctions:    8
Ramps:        2
Sensors:      5
Mode:         PeMS Data-Driven
Car-Following: Gipps
ODE Solver:   Ballistic
Vmax:         35.0 m/s
======================================================================
Skipping Source actor due to time limit at clock = 43201.00125327633
Skipping Source actor due to time limit at clock = 43210.6788297557
-----------------------------
| Model.cleanup in progress |
-----------------------------
cleanup: agenda
cleanup: wait queues
coroutine counts = (40634760,40632040,40630677)
[ModelOptimizer] Fitness: 2.2518 | Elapsed: 18.79 sec
[ModelOptimizer] Evaluating parameters: VectorD(8.00000,	6.00000,	-4.00000,	0.800000,	2.00000)

======================================================================
TRAFFIC MODEL BUILDER SUMMARY
======================================================================
Network:      US-101-N-DonaldDoyle
Segments:     7
Lanes:        4
Junctions:    8
Ramps:        2
Sensors:      5
Mode:         PeMS Data-Driven
Car-Following: Gipps
ODE Solver:   Ballistic
Vmax:         35.0 m/s
======================================================================
Skipping Source actor due to time limit at clock = 43201.00125327633
Skipping Source actor due to time limit at clock = 43210.6788297557
-----------------------------
| Model.cleanup in progress |
-----------------------------
cleanup: agenda
cleanup: wait queues
coroutine counts = (40694517,40691793,40690428)
[ModelOptimizer] Fitness: 2.2518 | Elapsed: 17.35 sec
[ModelOptimizer] Evaluating parameters: VectorD(6.38144,	6.00000,	-0.500000,	5.00000,	1.52546)

======================================================================
TRAFFIC MODEL BUILDER SUMMARY
======================================================================
Network:      US-101-N-DonaldDoyle
Segments:     7
Lanes:        4
Junctions:    8
Ramps:        2
Sensors:      5
Mode:         PeMS Data-Driven
Car-Following: Gipps
ODE Solver:   Ballistic
Vmax:         35.0 m/s
======================================================================
Skipping Source actor due to time limit at clock = 43201.00125327633
Skipping Source actor due to time limit at clock = 43210.6788297557
-----------------------------
| Model.cleanup in progress |
-----------------------------
cleanup: agenda
cleanup: wait queues
coroutine counts = (40754274,40751546,40750179)
[ModelOptimizer] Fitness: 7.7541 | Elapsed: 25.50 sec
[ModelOptimizer] Evaluating parameters: VectorD(3.36869,	6.00000,	-0.500000,	1.43496,	2.00000)

======================================================================
TRAFFIC MODEL BUILDER SUMMARY
======================================================================
Network:      US-101-N-DonaldDoyle
Segments:     7
Lanes:        4
Junctions:    8
Ramps:        2
Sensors:      5
Mode:         PeMS Data-Driven
Car-Following: Gipps
ODE Solver:   Ballistic
Vmax:         35.0 m/s
======================================================================
Skipping Source actor due to time limit at clock = 43201.00125327633
Skipping Source actor due to time limit at clock = 43210.6788297557
-----------------------------
| Model.cleanup in progress |
-----------------------------
cleanup: agenda
cleanup: wait queues
coroutine counts = (40814031,40811299,40809930)
[ModelOptimizer] Fitness: NaN | Elapsed: 18.82 sec
[ModelOptimizer] Evaluating parameters: VectorD(6.23772,	6.00000,	-1.41051,	5.00000,	2.00000)

======================================================================
TRAFFIC MODEL BUILDER SUMMARY
======================================================================
Network:      US-101-N-DonaldDoyle
Segments:     7
Lanes:        4
Junctions:    8
Ramps:        2
Sensors:      5
Mode:         PeMS Data-Driven
Car-Following: Gipps
ODE Solver:   Ballistic
Vmax:         35.0 m/s
======================================================================
Skipping Source actor due to time limit at clock = 43201.00125327633
Skipping Source actor due to time limit at clock = 43210.6788297557
-----------------------------
| Model.cleanup in progress |
-----------------------------
cleanup: agenda
cleanup: wait queues
coroutine counts = (40873788,40871052,40869681)
[ModelOptimizer] Fitness: NaN | Elapsed: 17.76 sec
[ModelOptimizer] Evaluating parameters: VectorD(8.00000,	6.00000,	-4.00000,	0.800000,	2.00000)

======================================================================
TRAFFIC MODEL BUILDER SUMMARY
======================================================================
Network:      US-101-N-DonaldDoyle
Segments:     7
Lanes:        4
Junctions:    8
Ramps:        2
Sensors:      5
Mode:         PeMS Data-Driven
Car-Following: Gipps
ODE Solver:   Ballistic
Vmax:         35.0 m/s
======================================================================
Skipping Source actor due to time limit at clock = 43201.00125327633
Skipping Source actor due to time limit at clock = 43210.6788297557
-----------------------------
| Model.cleanup in progress |
-----------------------------
cleanup: agenda
cleanup: wait queues
coroutine counts = (40933545,40930805,40929432)
[ModelOptimizer] Fitness: 2.2518 | Elapsed: 17.10 sec
[ModelOptimizer] Evaluating parameters: VectorD(1.00000,	6.00000,	-4.00000,	0.800000,	2.00000)

======================================================================
TRAFFIC MODEL BUILDER SUMMARY
======================================================================
Network:      US-101-N-DonaldDoyle
Segments:     7
Lanes:        4
Junctions:    8
Ramps:        2
Sensors:      5
Mode:         PeMS Data-Driven
Car-Following: Gipps
ODE Solver:   Ballistic
Vmax:         35.0 m/s
======================================================================
Skipping Source actor due to time limit at clock = 43201.00125327633
Skipping Source actor due to time limit at clock = 43210.6788297557
-----------------------------
| Model.cleanup in progress |
-----------------------------
cleanup: agenda
cleanup: wait queues
coroutine counts = (40993302,40990558,40989183)
[ModelOptimizer] Fitness: 2.2518 | Elapsed: 16.77 sec
[ModelOptimizer] Evaluating parameters: VectorD(3.27669,	6.00000,	-4.00000,	0.800000,	2.00000)

======================================================================
TRAFFIC MODEL BUILDER SUMMARY
======================================================================
Network:      US-101-N-DonaldDoyle
Segments:     7
Lanes:        4
Junctions:    8
Ramps:        2
Sensors:      5
Mode:         PeMS Data-Driven
Car-Following: Gipps
ODE Solver:   Ballistic
Vmax:         35.0 m/s
======================================================================
Skipping Source actor due to time limit at clock = 43201.00125327633
Skipping Source actor due to time limit at clock = 43210.6788297557
-----------------------------
| Model.cleanup in progress |
-----------------------------
cleanup: agenda
cleanup: wait queues
coroutine counts = (41053059,41050311,41048934)
[ModelOptimizer] Fitness: 2.2518 | Elapsed: 17.05 sec
[ModelOptimizer] Evaluating parameters: VectorD(6.89586,	6.00000,	-0.500000,	3.96301,	2.00000)

======================================================================
TRAFFIC MODEL BUILDER SUMMARY
======================================================================
Network:      US-101-N-DonaldDoyle
Segments:     7
Lanes:        4
Junctions:    8
Ramps:        2
Sensors:      5
Mode:         PeMS Data-Driven
Car-Following: Gipps
ODE Solver:   Ballistic
Vmax:         35.0 m/s
======================================================================
Skipping Source actor due to time limit at clock = 43201.00125327633
Skipping Source actor due to time limit at clock = 43210.6788297557
-----------------------------
| Model.cleanup in progress |
-----------------------------
cleanup: agenda
cleanup: wait queues
coroutine counts = (41112816,41110064,41108685)
[ModelOptimizer] Fitness: NaN | Elapsed: 18.90 sec
[ModelOptimizer] Evaluating parameters: VectorD(8.00000,	6.00000,	-4.00000,	2.46128,	1.95852)

======================================================================
TRAFFIC MODEL BUILDER SUMMARY
======================================================================
Network:      US-101-N-DonaldDoyle
Segments:     7
Lanes:        4
Junctions:    8
Ramps:        2
Sensors:      5
Mode:         PeMS Data-Driven
Car-Following: Gipps
ODE Solver:   Ballistic
Vmax:         35.0 m/s
======================================================================
Skipping Source actor due to time limit at clock = 43201.00125327633
Skipping Source actor due to time limit at clock = 43210.6788297557
-----------------------------
| Model.cleanup in progress |
-----------------------------
cleanup: agenda
cleanup: wait queues
coroutine counts = (41172573,41169817,41168436)
[ModelOptimizer] Fitness: 2.2418 | Elapsed: 17.02 sec
[ModelOptimizer] Evaluating parameters: VectorD(8.00000,	6.00000,	-4.00000,	0.800000,	2.00000)

======================================================================
TRAFFIC MODEL BUILDER SUMMARY
======================================================================
Network:      US-101-N-DonaldDoyle
Segments:     7
Lanes:        4
Junctions:    8
Ramps:        2
Sensors:      5
Mode:         PeMS Data-Driven
Car-Following: Gipps
ODE Solver:   Ballistic
Vmax:         35.0 m/s
======================================================================
Skipping Source actor due to time limit at clock = 43201.00125327633
Skipping Source actor due to time limit at clock = 43210.6788297557
-----------------------------
| Model.cleanup in progress |
-----------------------------
cleanup: agenda
cleanup: wait queues
coroutine counts = (41232330,41229570,41228187)
[ModelOptimizer] Fitness: 2.2518 | Elapsed: 17.05 sec
[ModelOptimizer] Evaluating parameters: VectorD(8.00000,	6.00000,	-4.00000,	0.800000,	2.00000)

======================================================================
TRAFFIC MODEL BUILDER SUMMARY
======================================================================
Network:      US-101-N-DonaldDoyle
Segments:     7
Lanes:        4
Junctions:    8
Ramps:        2
Sensors:      5
Mode:         PeMS Data-Driven
Car-Following: Gipps
ODE Solver:   Ballistic
Vmax:         35.0 m/s
======================================================================
Skipping Source actor due to time limit at clock = 43201.00125327633
Skipping Source actor due to time limit at clock = 43210.6788297557
-----------------------------
| Model.cleanup in progress |
-----------------------------
cleanup: agenda
cleanup: wait queues
coroutine counts = (41292087,41289323,41287938)
[ModelOptimizer] Fitness: 2.2518 | Elapsed: 16.70 sec
[ModelOptimizer] Evaluating parameters: VectorD(6.15219,	6.00000,	-0.500000,	0.800000,	2.00000)

======================================================================
TRAFFIC MODEL BUILDER SUMMARY
======================================================================
Network:      US-101-N-DonaldDoyle
Segments:     7
Lanes:        4
Junctions:    8
Ramps:        2
Sensors:      5
Mode:         PeMS Data-Driven
Car-Following: Gipps
ODE Solver:   Ballistic
Vmax:         35.0 m/s
======================================================================
Skipping Source actor due to time limit at clock = 43201.00125327633
Skipping Source actor due to time limit at clock = 43210.6788297557
-----------------------------
| Model.cleanup in progress |
-----------------------------
cleanup: agenda
cleanup: wait queues
coroutine counts = (41351844,41349076,41347689)
[ModelOptimizer] Fitness: NaN | Elapsed: 18.78 sec
[ModelOptimizer] Evaluating parameters: VectorD(6.15219,	6.00000,	-0.500000,	5.00000,	2.00000)

======================================================================
TRAFFIC MODEL BUILDER SUMMARY
======================================================================
Network:      US-101-N-DonaldDoyle
Segments:     7
Lanes:        4
Junctions:    8
Ramps:        2
Sensors:      5
Mode:         PeMS Data-Driven
Car-Following: Gipps
ODE Solver:   Ballistic
Vmax:         35.0 m/s
======================================================================
Skipping Source actor due to time limit at clock = 43201.00125327633
Skipping Source actor due to time limit at clock = 43210.6788297557
-----------------------------
| Model.cleanup in progress |
-----------------------------
cleanup: agenda
cleanup: wait queues
coroutine counts = (41411601,41408829,41407440)
[ModelOptimizer] Fitness: NaN | Elapsed: 18.77 sec
[ModelOptimizer] Evaluating parameters: VectorD(8.00000,	6.00000,	-4.00000,	0.800000,	1.76622)

======================================================================
TRAFFIC MODEL BUILDER SUMMARY
======================================================================
Network:      US-101-N-DonaldDoyle
Segments:     7
Lanes:        4
Junctions:    8
Ramps:        2
Sensors:      5
Mode:         PeMS Data-Driven
Car-Following: Gipps
ODE Solver:   Ballistic
Vmax:         35.0 m/s
======================================================================
Skipping Source actor due to time limit at clock = 43201.00125327633
Skipping Source actor due to time limit at clock = 43210.6788297557
-----------------------------
| Model.cleanup in progress |
-----------------------------
cleanup: agenda
cleanup: wait queues
coroutine counts = (41471358,41468582,41467191)
[ModelOptimizer] Fitness: 2.5286 | Elapsed: 17.79 sec
[ModelOptimizer] Evaluating parameters: VectorD(1.59064,	6.00000,	-4.00000,	0.800000,	2.00000)

======================================================================
TRAFFIC MODEL BUILDER SUMMARY
======================================================================
Network:      US-101-N-DonaldDoyle
Segments:     7
Lanes:        4
Junctions:    8
Ramps:        2
Sensors:      5
Mode:         PeMS Data-Driven
Car-Following: Gipps
ODE Solver:   Ballistic
Vmax:         35.0 m/s
======================================================================
Skipping Source actor due to time limit at clock = 43201.00125327633
Skipping Source actor due to time limit at clock = 43210.6788297557
-----------------------------
| Model.cleanup in progress |
-----------------------------
cleanup: agenda
cleanup: wait queues
coroutine counts = (41531115,41528335,41526942)
[ModelOptimizer] Fitness: 2.2518 | Elapsed: 18.06 sec
[ModelOptimizer] Evaluating parameters: VectorD(8.00000,	6.00000,	-4.00000,	0.800000,	2.00000)

======================================================================
TRAFFIC MODEL BUILDER SUMMARY
======================================================================
Network:      US-101-N-DonaldDoyle
Segments:     7
Lanes:        4
Junctions:    8
Ramps:        2
Sensors:      5
Mode:         PeMS Data-Driven
Car-Following: Gipps
ODE Solver:   Ballistic
Vmax:         35.0 m/s
======================================================================
Skipping Source actor due to time limit at clock = 43201.00125327633
Skipping Source actor due to time limit at clock = 43210.6788297557
-----------------------------
| Model.cleanup in progress |
-----------------------------
cleanup: agenda
cleanup: wait queues
coroutine counts = (41590872,41588088,41586693)
[ModelOptimizer] Fitness: 2.2518 | Elapsed: 16.85 sec
[ModelOptimizer] Evaluating parameters: VectorD(1.00000,	6.00000,	-4.00000,	0.800000,	2.00000)

======================================================================
TRAFFIC MODEL BUILDER SUMMARY
======================================================================
Network:      US-101-N-DonaldDoyle
Segments:     7
Lanes:        4
Junctions:    8
Ramps:        2
Sensors:      5
Mode:         PeMS Data-Driven
Car-Following: Gipps
ODE Solver:   Ballistic
Vmax:         35.0 m/s
======================================================================
Skipping Source actor due to time limit at clock = 43201.00125327633
Skipping Source actor due to time limit at clock = 43210.6788297557
-----------------------------
| Model.cleanup in progress |
-----------------------------
cleanup: agenda
cleanup: wait queues
coroutine counts = (41650629,41647841,41646444)
[ModelOptimizer] Fitness: 2.2518 | Elapsed: 16.88 sec
[ModelOptimizer] Evaluating parameters: VectorD(1.00000,	6.00000,	-4.00000,	0.800000,	2.00000)

======================================================================
TRAFFIC MODEL BUILDER SUMMARY
======================================================================
Network:      US-101-N-DonaldDoyle
Segments:     7
Lanes:        4
Junctions:    8
Ramps:        2
Sensors:      5
Mode:         PeMS Data-Driven
Car-Following: Gipps
ODE Solver:   Ballistic
Vmax:         35.0 m/s
======================================================================
Skipping Source actor due to time limit at clock = 43201.00125327633
Skipping Source actor due to time limit at clock = 43210.6788297557
-----------------------------
| Model.cleanup in progress |
-----------------------------
cleanup: agenda
cleanup: wait queues
coroutine counts = (41710386,41707594,41706195)
[ModelOptimizer] Fitness: 2.2518 | Elapsed: 16.93 sec
[ModelOptimizer] Evaluating parameters: VectorD(1.00000,	6.00000,	-4.00000,	0.800000,	2.00000)

======================================================================
TRAFFIC MODEL BUILDER SUMMARY
======================================================================
Network:      US-101-N-DonaldDoyle
Segments:     7
Lanes:        4
Junctions:    8
Ramps:        2
Sensors:      5
Mode:         PeMS Data-Driven
Car-Following: Gipps
ODE Solver:   Ballistic
Vmax:         35.0 m/s
======================================================================
Skipping Source actor due to time limit at clock = 43201.00125327633
Skipping Source actor due to time limit at clock = 43210.6788297557
-----------------------------
| Model.cleanup in progress |
-----------------------------
cleanup: agenda
cleanup: wait queues
coroutine counts = (41770143,41767347,41765946)
[ModelOptimizer] Fitness: 2.2518 | Elapsed: 16.89 sec
[ModelOptimizer] Evaluating parameters: VectorD(2.30147,	6.00000,	-4.00000,	0.800000,	2.00000)

======================================================================
TRAFFIC MODEL BUILDER SUMMARY
======================================================================
Network:      US-101-N-DonaldDoyle
Segments:     7
Lanes:        4
Junctions:    8
Ramps:        2
Sensors:      5
Mode:         PeMS Data-Driven
Car-Following: Gipps
ODE Solver:   Ballistic
Vmax:         35.0 m/s
======================================================================
Skipping Source actor due to time limit at clock = 43201.00125327633
Skipping Source actor due to time limit at clock = 43210.6788297557
-----------------------------
| Model.cleanup in progress |
-----------------------------
cleanup: agenda
cleanup: wait queues
coroutine counts = (41829900,41827100,41825697)
[ModelOptimizer] Fitness: 2.2518 | Elapsed: 17.05 sec
[ModelOptimizer] Evaluating parameters: VectorD(8.00000,	6.00000,	-4.00000,	0.800000,	2.00000)

======================================================================
TRAFFIC MODEL BUILDER SUMMARY
======================================================================
Network:      US-101-N-DonaldDoyle
Segments:     7
Lanes:        4
Junctions:    8
Ramps:        2
Sensors:      5
Mode:         PeMS Data-Driven
Car-Following: Gipps
ODE Solver:   Ballistic
Vmax:         35.0 m/s
======================================================================
Skipping Source actor due to time limit at clock = 43201.00125327633
Skipping Source actor due to time limit at clock = 43210.6788297557
-----------------------------
| Model.cleanup in progress |
-----------------------------
cleanup: agenda
cleanup: wait queues
coroutine counts = (41889657,41886853,41885448)
[ModelOptimizer] Fitness: 2.2518 | Elapsed: 16.66 sec
[ModelOptimizer] Evaluating parameters: VectorD(8.00000,	6.00000,	-3.13925,	0.800000,	2.00000)

======================================================================
TRAFFIC MODEL BUILDER SUMMARY
======================================================================
Network:      US-101-N-DonaldDoyle
Segments:     7
Lanes:        4
Junctions:    8
Ramps:        2
Sensors:      5
Mode:         PeMS Data-Driven
Car-Following: Gipps
ODE Solver:   Ballistic
Vmax:         35.0 m/s
======================================================================
Skipping Source actor due to time limit at clock = 43201.00125327633
Skipping Source actor due to time limit at clock = 43210.6788297557
-----------------------------
| Model.cleanup in progress |
-----------------------------
cleanup: agenda
cleanup: wait queues
coroutine counts = (41949414,41946606,41945199)
[ModelOptimizer] Fitness: 2.7345 | Elapsed: 17.33 sec
[ModelOptimizer] Evaluating parameters: VectorD(4.14700,	6.00000,	-4.00000,	0.800000,	2.00000)

======================================================================
TRAFFIC MODEL BUILDER SUMMARY
======================================================================
Network:      US-101-N-DonaldDoyle
Segments:     7
Lanes:        4
Junctions:    8
Ramps:        2
Sensors:      5
Mode:         PeMS Data-Driven
Car-Following: Gipps
ODE Solver:   Ballistic
Vmax:         35.0 m/s
======================================================================
Skipping Source actor due to time limit at clock = 43201.00125327633
Skipping Source actor due to time limit at clock = 43210.6788297557
-----------------------------
| Model.cleanup in progress |
-----------------------------
cleanup: agenda
cleanup: wait queues
coroutine counts = (42009171,42006359,42004950)
[ModelOptimizer] Fitness: 2.2518 | Elapsed: 17.84 sec
[ModelOptimizer] Evaluating parameters: VectorD(1.00000,	6.00000,	-0.500000,	5.00000,	0.200000)

======================================================================
TRAFFIC MODEL BUILDER SUMMARY
======================================================================
Network:      US-101-N-DonaldDoyle
Segments:     7
Lanes:        4
Junctions:    8
Ramps:        2
Sensors:      5
Mode:         PeMS Data-Driven
Car-Following: Gipps
ODE Solver:   Ballistic
Vmax:         35.0 m/s
======================================================================
Skipping Source actor due to time limit at clock = 43201.00125327633
Skipping Source actor due to time limit at clock = 43210.6788297557
-----------------------------
| Model.cleanup in progress |
-----------------------------
cleanup: agenda
cleanup: wait queues
coroutine counts = (42068928,42066112,42064701)
[ModelOptimizer] Fitness: 8.6656 | Elapsed: 130.63 sec
[ModelOptimizer] Evaluating parameters: VectorD(2.89140,	6.00000,	-0.500000,	0.800000,	2.00000)

======================================================================
TRAFFIC MODEL BUILDER SUMMARY
======================================================================
Network:      US-101-N-DonaldDoyle
Segments:     7
Lanes:        4
Junctions:    8
Ramps:        2
Sensors:      5
Mode:         PeMS Data-Driven
Car-Following: Gipps
ODE Solver:   Ballistic
Vmax:         35.0 m/s
======================================================================
Skipping Source actor due to time limit at clock = 43201.00125327633
Skipping Source actor due to time limit at clock = 43210.6788297557
-----------------------------
| Model.cleanup in progress |
-----------------------------
cleanup: agenda
cleanup: wait queues
coroutine counts = (42128685,42125865,42124452)
[ModelOptimizer] Fitness: NaN | Elapsed: 18.29 sec
[ModelOptimizer] Evaluating parameters: VectorD(1.00000,	4.39120,	-0.500000,	2.50267,	2.00000)

======================================================================
TRAFFIC MODEL BUILDER SUMMARY
======================================================================
Network:      US-101-N-DonaldDoyle
Segments:     7
Lanes:        4
Junctions:    8
Ramps:        2
Sensors:      5
Mode:         PeMS Data-Driven
Car-Following: Gipps
ODE Solver:   Ballistic
Vmax:         35.0 m/s
======================================================================
Skipping Source actor due to time limit at clock = 43201.00125327633
Skipping Source actor due to time limit at clock = 43210.6788297557
-----------------------------
| Model.cleanup in progress |
-----------------------------
cleanup: agenda
cleanup: wait queues
coroutine counts = (42188442,42185618,42184203)
[ModelOptimizer] Fitness: 7.5333 | Elapsed: 19.99 sec
[ModelOptimizer] Evaluating parameters: VectorD(8.00000,	6.00000,	-4.00000,	2.50267,	2.00000)

======================================================================
TRAFFIC MODEL BUILDER SUMMARY
======================================================================
Network:      US-101-N-DonaldDoyle
Segments:     7
Lanes:        4
Junctions:    8
Ramps:        2
Sensors:      5
Mode:         PeMS Data-Driven
Car-Following: Gipps
ODE Solver:   Ballistic
Vmax:         35.0 m/s
======================================================================
Skipping Source actor due to time limit at clock = 43201.00125327633
Skipping Source actor due to time limit at clock = 43210.6788297557
-----------------------------
| Model.cleanup in progress |
-----------------------------
cleanup: agenda
cleanup: wait queues
coroutine counts = (42248199,42245371,42243954)
[ModelOptimizer] Fitness: 2.2518 | Elapsed: 16.80 sec
[ModelOptimizer] Evaluating parameters: VectorD(8.00000,	6.00000,	-1.27169,	0.800000,	2.00000)

======================================================================
TRAFFIC MODEL BUILDER SUMMARY
======================================================================
Network:      US-101-N-DonaldDoyle
Segments:     7
Lanes:        4
Junctions:    8
Ramps:        2
Sensors:      5
Mode:         PeMS Data-Driven
Car-Following: Gipps
ODE Solver:   Ballistic
Vmax:         35.0 m/s
======================================================================
Skipping Source actor due to time limit at clock = 43201.00125327633
Skipping Source actor due to time limit at clock = 43210.6788297557
-----------------------------
| Model.cleanup in progress |
-----------------------------
cleanup: agenda
cleanup: wait queues
coroutine counts = (42307956,42305124,42303705)
[ModelOptimizer] Fitness: NaN | Elapsed: 17.93 sec
[ModelOptimizer] Evaluating parameters: VectorD(8.00000,	6.00000,	-4.00000,	2.69779,	1.95013)

======================================================================
TRAFFIC MODEL BUILDER SUMMARY
======================================================================
Network:      US-101-N-DonaldDoyle
Segments:     7
Lanes:        4
Junctions:    8
Ramps:        2
Sensors:      5
Mode:         PeMS Data-Driven
Car-Following: Gipps
ODE Solver:   Ballistic
Vmax:         35.0 m/s
======================================================================
Skipping Source actor due to time limit at clock = 43201.00125327633
Skipping Source actor due to time limit at clock = 43210.6788297557
-----------------------------
| Model.cleanup in progress |
-----------------------------
cleanup: agenda
cleanup: wait queues
coroutine counts = (42367713,42364877,42363456)
[ModelOptimizer] Fitness: 2.2347 | Elapsed: 32.50 sec
      16 |      2.23470146 |      2.23470146 |      40.0% ✓
[ModelOptimizer] Evaluating parameters: VectorD(1.00000,	6.00000,	-4.00000,	0.800000,	2.00000)

======================================================================
TRAFFIC MODEL BUILDER SUMMARY
======================================================================
Network:      US-101-N-DonaldDoyle
Segments:     7
Lanes:        4
Junctions:    8
Ramps:        2
Sensors:      5
Mode:         PeMS Data-Driven
Car-Following: Gipps
ODE Solver:   Ballistic
Vmax:         35.0 m/s
======================================================================
Skipping Source actor due to time limit at clock = 43201.00125327633
Skipping Source actor due to time limit at clock = 43210.6788297557
-----------------------------
| Model.cleanup in progress |
-----------------------------
cleanup: agenda
cleanup: wait queues
coroutine counts = (42427470,42424630,42423207)
[ModelOptimizer] Fitness: 2.2518 | Elapsed: 54.59 sec
[ModelOptimizer] Evaluating parameters: VectorD(8.00000,	6.00000,	-4.00000,	0.800000,	2.00000)

======================================================================
TRAFFIC MODEL BUILDER SUMMARY
======================================================================
Network:      US-101-N-DonaldDoyle
Segments:     7
Lanes:        4
Junctions:    8
Ramps:        2
Sensors:      5
Mode:         PeMS Data-Driven
Car-Following: Gipps
ODE Solver:   Ballistic
Vmax:         35.0 m/s
======================================================================
Skipping Source actor due to time limit at clock = 43201.00125327633
Skipping Source actor due to time limit at clock = 43210.6788297557
-----------------------------
| Model.cleanup in progress |
-----------------------------
cleanup: agenda
cleanup: wait queues
coroutine counts = (42487227,42484383,42482958)
[ModelOptimizer] Fitness: 2.2518 | Elapsed: 54.31 sec
[ModelOptimizer] Evaluating parameters: VectorD(8.00000,	6.00000,	-4.00000,	0.800000,	2.00000)

======================================================================
TRAFFIC MODEL BUILDER SUMMARY
======================================================================
Network:      US-101-N-DonaldDoyle
Segments:     7
Lanes:        4
Junctions:    8
Ramps:        2
Sensors:      5
Mode:         PeMS Data-Driven
Car-Following: Gipps
ODE Solver:   Ballistic
Vmax:         35.0 m/s
======================================================================
Skipping Source actor due to time limit at clock = 43201.00125327633
Skipping Source actor due to time limit at clock = 43210.6788297557
-----------------------------
| Model.cleanup in progress |
-----------------------------
cleanup: agenda
cleanup: wait queues
coroutine counts = (42546984,42544136,42542709)
[ModelOptimizer] Fitness: 2.2518 | Elapsed: 54.46 sec
[ModelOptimizer] Evaluating parameters: VectorD(4.97885,	6.00000,	-4.00000,	0.800000,	2.00000)

======================================================================
TRAFFIC MODEL BUILDER SUMMARY
======================================================================
Network:      US-101-N-DonaldDoyle
Segments:     7
Lanes:        4
Junctions:    8
Ramps:        2
Sensors:      5
Mode:         PeMS Data-Driven
Car-Following: Gipps
ODE Solver:   Ballistic
Vmax:         35.0 m/s
======================================================================
Skipping Source actor due to time limit at clock = 43201.00125327633
Skipping Source actor due to time limit at clock = 43210.6788297557
-----------------------------
| Model.cleanup in progress |
-----------------------------
cleanup: agenda
cleanup: wait queues
coroutine counts = (42606741,42603889,42602460)
[ModelOptimizer] Fitness: 2.2518 | Elapsed: 56.73 sec
[ModelOptimizer] Evaluating parameters: VectorD(8.00000,	5.09379,	-0.500000,	5.00000,	0.200000)

======================================================================
TRAFFIC MODEL BUILDER SUMMARY
======================================================================
Network:      US-101-N-DonaldDoyle
Segments:     7
Lanes:        4
Junctions:    8
Ramps:        2
Sensors:      5
Mode:         PeMS Data-Driven
Car-Following: Gipps
ODE Solver:   Ballistic
Vmax:         35.0 m/s
======================================================================
Skipping Source actor due to time limit at clock = 43201.00125327633
Skipping Source actor due to time limit at clock = 43210.6788297557
-----------------------------
| Model.cleanup in progress |
-----------------------------
cleanup: agenda
cleanup: wait queues
coroutine counts = (42666498,42663642,42662211)
[ModelOptimizer] Fitness: 8.8450 | Elapsed: 425.53 sec
[ModelOptimizer] Evaluating parameters: VectorD(8.00000,	6.00000,	-4.00000,	5.00000,	2.00000)

======================================================================
TRAFFIC MODEL BUILDER SUMMARY
======================================================================
Network:      US-101-N-DonaldDoyle
Segments:     7
Lanes:        4
Junctions:    8
Ramps:        2
Sensors:      5
Mode:         PeMS Data-Driven
Car-Following: Gipps
ODE Solver:   Ballistic
Vmax:         35.0 m/s
======================================================================
Skipping Source actor due to time limit at clock = 43201.00125327633
Skipping Source actor due to time limit at clock = 43210.6788297557
-----------------------------
| Model.cleanup in progress |
-----------------------------
cleanup: agenda
cleanup: wait queues
coroutine counts = (42726255,42723395,42721962)
[ModelOptimizer] Fitness: 2.2518 | Elapsed: 56.98 sec
[ModelOptimizer] Evaluating parameters: VectorD(8.00000,	6.00000,	-0.500000,	0.800000,	2.00000)

======================================================================
TRAFFIC MODEL BUILDER SUMMARY
======================================================================
Network:      US-101-N-DonaldDoyle
Segments:     7
Lanes:        4
Junctions:    8
Ramps:        2
Sensors:      5
Mode:         PeMS Data-Driven
Car-Following: Gipps
ODE Solver:   Ballistic
Vmax:         35.0 m/s
======================================================================
Skipping Source actor due to time limit at clock = 43201.00125327633
Skipping Source actor due to time limit at clock = 43210.6788297557
-----------------------------
| Model.cleanup in progress |
-----------------------------
cleanup: agenda
cleanup: wait queues
coroutine counts = (42786012,42783148,42781713)
[ModelOptimizer] Fitness: NaN | Elapsed: 68.69 sec
[ModelOptimizer] Evaluating parameters: VectorD(6.43126,	6.00000,	-0.500000,	3.93580,	2.00000)

======================================================================
TRAFFIC MODEL BUILDER SUMMARY
======================================================================
Network:      US-101-N-DonaldDoyle
Segments:     7
Lanes:        4
Junctions:    8
Ramps:        2
Sensors:      5
Mode:         PeMS Data-Driven
Car-Following: Gipps
ODE Solver:   Ballistic
Vmax:         35.0 m/s
======================================================================
Skipping Source actor due to time limit at clock = 43201.00125327633
Skipping Source actor due to time limit at clock = 43210.6788297557
-----------------------------
| Model.cleanup in progress |
-----------------------------
cleanup: agenda
cleanup: wait queues
coroutine counts = (42845769,42842901,42841464)
[ModelOptimizer] Fitness: NaN | Elapsed: 68.84 sec
[ModelOptimizer] Evaluating parameters: VectorD(1.00000,	6.00000,	-4.00000,	0.800000,	0.257293)

======================================================================
TRAFFIC MODEL BUILDER SUMMARY
======================================================================
Network:      US-101-N-DonaldDoyle
Segments:     7
Lanes:        4
Junctions:    8
Ramps:        2
Sensors:      5
Mode:         PeMS Data-Driven
Car-Following: Gipps
ODE Solver:   Ballistic
Vmax:         35.0 m/s
======================================================================
Skipping Source actor due to time limit at clock = 43201.00125327633
Skipping Source actor due to time limit at clock = 43210.6788297557
-----------------------------
| Model.cleanup in progress |
-----------------------------
cleanup: agenda
cleanup: wait queues
coroutine counts = (42905526,42902654,42901215)
[ModelOptimizer] Fitness: 4.8561 | Elapsed: 213.14 sec
[ModelOptimizer] Evaluating parameters: VectorD(3.49995,	6.00000,	-4.00000,	0.800000,	2.00000)

======================================================================
TRAFFIC MODEL BUILDER SUMMARY
======================================================================
Network:      US-101-N-DonaldDoyle
Segments:     7
Lanes:        4
Junctions:    8
Ramps:        2
Sensors:      5
Mode:         PeMS Data-Driven
Car-Following: Gipps
ODE Solver:   Ballistic
Vmax:         35.0 m/s
======================================================================
Skipping Source actor due to time limit at clock = 43201.00125327633
Skipping Source actor due to time limit at clock = 43210.6788297557
-----------------------------
| Model.cleanup in progress |
-----------------------------
cleanup: agenda
cleanup: wait queues
coroutine counts = (42965283,42962407,42960966)
[ModelOptimizer] Fitness: 2.2518 | Elapsed: 64.30 sec
[ModelOptimizer] Evaluating parameters: VectorD(6.66983,	6.00000,	-0.500000,	5.00000,	0.200000)

======================================================================
TRAFFIC MODEL BUILDER SUMMARY
======================================================================
Network:      US-101-N-DonaldDoyle
Segments:     7
Lanes:        4
Junctions:    8
Ramps:        2
Sensors:      5
Mode:         PeMS Data-Driven
Car-Following: Gipps
ODE Solver:   Ballistic
Vmax:         35.0 m/s
======================================================================
Skipping Source actor due to time limit at clock = 43201.00125327633
Skipping Source actor due to time limit at clock = 43210.6788297557
-----------------------------
| Model.cleanup in progress |
-----------------------------
cleanup: agenda
cleanup: wait queues
coroutine counts = (43025040,43022160,43020717)
[ModelOptimizer] Fitness: 8.6656 | Elapsed: 483.26 sec
[ModelOptimizer] Evaluating parameters: VectorD(8.00000,	6.00000,	-4.00000,	0.800000,	2.00000)

======================================================================
TRAFFIC MODEL BUILDER SUMMARY
======================================================================
Network:      US-101-N-DonaldDoyle
Segments:     7
Lanes:        4
Junctions:    8
Ramps:        2
Sensors:      5
Mode:         PeMS Data-Driven
Car-Following: Gipps
ODE Solver:   Ballistic
Vmax:         35.0 m/s
======================================================================
Skipping Source actor due to time limit at clock = 43201.00125327633
Skipping Source actor due to time limit at clock = 43210.6788297557
-----------------------------
| Model.cleanup in progress |
-----------------------------
cleanup: agenda
cleanup: wait queues
coroutine counts = (43084797,43081913,43080468)
[ModelOptimizer] Fitness: 2.2518 | Elapsed: 69.24 sec
[ModelOptimizer] Evaluating parameters: VectorD(8.00000,	6.00000,	-4.00000,	5.00000,	0.200000)

======================================================================
TRAFFIC MODEL BUILDER SUMMARY
======================================================================
Network:      US-101-N-DonaldDoyle
Segments:     7
Lanes:        4
Junctions:    8
Ramps:        2
Sensors:      5
Mode:         PeMS Data-Driven
Car-Following: Gipps
ODE Solver:   Ballistic
Vmax:         35.0 m/s
======================================================================
Skipping Source actor due to time limit at clock = 43201.00125327633
Skipping Source actor due to time limit at clock = 43210.6788297557
-----------------------------
| Model.cleanup in progress |
-----------------------------
cleanup: agenda
cleanup: wait queues
coroutine counts = (43144554,43141666,43140219)
[ModelOptimizer] Fitness: 4.9154 | Elapsed: 297.54 sec
[ModelOptimizer] Evaluating parameters: VectorD(3.36869,	6.00000,	-0.500000,	1.43496,	2.00000)

======================================================================
TRAFFIC MODEL BUILDER SUMMARY
======================================================================
Network:      US-101-N-DonaldDoyle
Segments:     7
Lanes:        4
Junctions:    8
Ramps:        2
Sensors:      5
Mode:         PeMS Data-Driven
Car-Following: Gipps
ODE Solver:   Ballistic
Vmax:         35.0 m/s
======================================================================
Skipping Source actor due to time limit at clock = 43201.00125327633
Skipping Source actor due to time limit at clock = 43210.6788297557
-----------------------------
| Model.cleanup in progress |
-----------------------------
cleanup: agenda
cleanup: wait queues
coroutine counts = (43204311,43201419,43199970)
[ModelOptimizer] Fitness: NaN | Elapsed: 83.84 sec
[ModelOptimizer] Evaluating parameters: VectorD(8.00000,	4.43643,	-4.00000,	5.00000,	0.200000)

======================================================================
TRAFFIC MODEL BUILDER SUMMARY
======================================================================
Network:      US-101-N-DonaldDoyle
Segments:     7
Lanes:        4
Junctions:    8
Ramps:        2
Sensors:      5
Mode:         PeMS Data-Driven
Car-Following: Gipps
ODE Solver:   Ballistic
Vmax:         35.0 m/s
======================================================================
Skipping Source actor due to time limit at clock = 43201.00125327633
Skipping Source actor due to time limit at clock = 43210.6788297557
-----------------------------
| Model.cleanup in progress |
-----------------------------
cleanup: agenda
cleanup: wait queues
coroutine counts = (43264068,43261172,43259721)
[ModelOptimizer] Fitness: 4.7636 | Elapsed: 320.40 sec
[ModelOptimizer] Evaluating parameters: VectorD(8.00000,	6.00000,	-4.00000,	0.800000,	2.00000)

======================================================================
TRAFFIC MODEL BUILDER SUMMARY
======================================================================
Network:      US-101-N-DonaldDoyle
Segments:     7
Lanes:        4
Junctions:    8
Ramps:        2
Sensors:      5
Mode:         PeMS Data-Driven
Car-Following: Gipps
ODE Solver:   Ballistic
Vmax:         35.0 m/s
======================================================================
Skipping Source actor due to time limit at clock = 43201.00125327633
Skipping Source actor due to time limit at clock = 43210.6788297557
-----------------------------
| Model.cleanup in progress |
-----------------------------
cleanup: agenda
cleanup: wait queues
coroutine counts = (43323825,43320925,43319472)
[ModelOptimizer] Fitness: 2.2518 | Elapsed: 81.41 sec
[ModelOptimizer] Evaluating parameters: VectorD(1.00000,	6.00000,	-4.00000,	0.800000,	2.00000)

======================================================================
TRAFFIC MODEL BUILDER SUMMARY
======================================================================
Network:      US-101-N-DonaldDoyle
Segments:     7
Lanes:        4
Junctions:    8
Ramps:        2
Sensors:      5
Mode:         PeMS Data-Driven
Car-Following: Gipps
ODE Solver:   Ballistic
Vmax:         35.0 m/s
======================================================================
Skipping Source actor due to time limit at clock = 43201.00125327633
Skipping Source actor due to time limit at clock = 43210.6788297557
-----------------------------
| Model.cleanup in progress |
-----------------------------
cleanup: agenda
cleanup: wait queues
coroutine counts = (43383582,43380678,43379223)
[ModelOptimizer] Fitness: 2.2518 | Elapsed: 86.50 sec
[ModelOptimizer] Evaluating parameters: VectorD(3.27669,	6.00000,	-4.00000,	0.800000,	2.00000)

======================================================================
TRAFFIC MODEL BUILDER SUMMARY
======================================================================
Network:      US-101-N-DonaldDoyle
Segments:     7
Lanes:        4
Junctions:    8
Ramps:        2
Sensors:      5
Mode:         PeMS Data-Driven
Car-Following: Gipps
ODE Solver:   Ballistic
Vmax:         35.0 m/s
======================================================================
Skipping Source actor due to time limit at clock = 43201.00125327633
Skipping Source actor due to time limit at clock = 43210.6788297557
-----------------------------
| Model.cleanup in progress |
-----------------------------
cleanup: agenda
cleanup: wait queues
coroutine counts = (43443339,43440431,43438974)
[ModelOptimizer] Fitness: 2.2518 | Elapsed: 91.18 sec
[ModelOptimizer] Evaluating parameters: VectorD(8.00000,	3.68352,	-0.500000,	0.800000,	2.00000)

======================================================================
TRAFFIC MODEL BUILDER SUMMARY
======================================================================
Network:      US-101-N-DonaldDoyle
Segments:     7
Lanes:        4
Junctions:    8
Ramps:        2
Sensors:      5
Mode:         PeMS Data-Driven
Car-Following: Gipps
ODE Solver:   Ballistic
Vmax:         35.0 m/s
======================================================================
Skipping Source actor due to time limit at clock = 43201.00125327633
Skipping Source actor due to time limit at clock = 43210.6788297557
-----------------------------
| Model.cleanup in progress |
-----------------------------
cleanup: agenda
cleanup: wait queues
coroutine counts = (43503096,43500184,43498725)
[ModelOptimizer] Fitness: 7.8124 | Elapsed: 107.56 sec
[ModelOptimizer] Evaluating parameters: VectorD(8.00000,	6.00000,	-4.00000,	2.46128,	1.95852)

======================================================================
TRAFFIC MODEL BUILDER SUMMARY
======================================================================
Network:      US-101-N-DonaldDoyle
Segments:     7
Lanes:        4
Junctions:    8
Ramps:        2
Sensors:      5
Mode:         PeMS Data-Driven
Car-Following: Gipps
ODE Solver:   Ballistic
Vmax:         35.0 m/s
======================================================================
Skipping Source actor due to time limit at clock = 43201.00125327633
Skipping Source actor due to time limit at clock = 43210.6788297557
-----------------------------
| Model.cleanup in progress |
-----------------------------
cleanup: agenda
cleanup: wait queues
coroutine counts = (43562853,43559937,43558476)
[ModelOptimizer] Fitness: 2.2418 | Elapsed: 101.30 sec
[ModelOptimizer] Evaluating parameters: VectorD(1.00000,	6.00000,	-0.500000,	0.800000,	2.00000)

======================================================================
TRAFFIC MODEL BUILDER SUMMARY
======================================================================
Network:      US-101-N-DonaldDoyle
Segments:     7
Lanes:        4
Junctions:    8
Ramps:        2
Sensors:      5
Mode:         PeMS Data-Driven
Car-Following: Gipps
ODE Solver:   Ballistic
Vmax:         35.0 m/s
======================================================================
Skipping Source actor due to time limit at clock = 43201.00125327633
Skipping Source actor due to time limit at clock = 43210.6788297557
-----------------------------
| Model.cleanup in progress |
-----------------------------
cleanup: agenda
cleanup: wait queues
coroutine counts = (43622610,43619690,43618227)
[ModelOptimizer] Fitness: NaN | Elapsed: 115.53 sec
[ModelOptimizer] Evaluating parameters: VectorD(8.00000,	6.00000,	-4.00000,	0.800000,	2.00000)

======================================================================
TRAFFIC MODEL BUILDER SUMMARY
======================================================================
Network:      US-101-N-DonaldDoyle
Segments:     7
Lanes:        4
Junctions:    8
Ramps:        2
Sensors:      5
Mode:         PeMS Data-Driven
Car-Following: Gipps
ODE Solver:   Ballistic
Vmax:         35.0 m/s
======================================================================
Skipping Source actor due to time limit at clock = 43201.00125327633
Skipping Source actor due to time limit at clock = 43210.6788297557
-----------------------------
| Model.cleanup in progress |
-----------------------------
cleanup: agenda
cleanup: wait queues
coroutine counts = (43682367,43679443,43677978)
[ModelOptimizer] Fitness: 2.2518 | Elapsed: 111.27 sec
[ModelOptimizer] Evaluating parameters: VectorD(8.00000,	6.00000,	-4.00000,	5.00000,	0.371337)

======================================================================
TRAFFIC MODEL BUILDER SUMMARY
======================================================================
Network:      US-101-N-DonaldDoyle
Segments:     7
Lanes:        4
Junctions:    8
Ramps:        2
Sensors:      5
Mode:         PeMS Data-Driven
Car-Following: Gipps
ODE Solver:   Ballistic
Vmax:         35.0 m/s
======================================================================
Skipping Source actor due to time limit at clock = 43201.00125327633
Skipping Source actor due to time limit at clock = 43210.6788297557
-----------------------------
| Model.cleanup in progress |
-----------------------------
cleanup: agenda
cleanup: wait queues
coroutine counts = (43742124,43739196,43737729)
[ModelOptimizer] Fitness: 4.8179 | Elapsed: 294.32 sec
[ModelOptimizer] Evaluating parameters: VectorD(6.15219,	6.00000,	-0.500000,	5.00000,	2.00000)

======================================================================
TRAFFIC MODEL BUILDER SUMMARY
======================================================================
Network:      US-101-N-DonaldDoyle
Segments:     7
Lanes:        4
Junctions:    8
Ramps:        2
Sensors:      5
Mode:         PeMS Data-Driven
Car-Following: Gipps
ODE Solver:   Ballistic
Vmax:         35.0 m/s
======================================================================
Skipping Source actor due to time limit at clock = 43201.00125327633
Skipping Source actor due to time limit at clock = 43210.6788297557
-----------------------------
| Model.cleanup in progress |
-----------------------------
cleanup: agenda
cleanup: wait queues
coroutine counts = (43801881,43798949,43797480)
[ModelOptimizer] Fitness: NaN | Elapsed: 148.11 sec
[ModelOptimizer] Evaluating parameters: VectorD(1.00000,	4.84028,	-0.500000,	5.00000,	0.200000)

======================================================================
TRAFFIC MODEL BUILDER SUMMARY
======================================================================
Network:      US-101-N-DonaldDoyle
Segments:     7
Lanes:        4
Junctions:    8
Ramps:        2
Sensors:      5
Mode:         PeMS Data-Driven
Car-Following: Gipps
ODE Solver:   Ballistic
Vmax:         35.0 m/s
======================================================================
Skipping Source actor due to time limit at clock = 43201.00125327633
Skipping Source actor due to time limit at clock = 43210.6788297557
-----------------------------
| Model.cleanup in progress |
-----------------------------
cleanup: agenda
cleanup: wait queues
coroutine counts = (43861638,43858702,43857231)
[ModelOptimizer] Fitness: 8.8895 | Elapsed: 997.91 sec
[ModelOptimizer] Evaluating parameters: VectorD(1.59064,	6.00000,	-4.00000,	0.800000,	2.00000)

======================================================================
TRAFFIC MODEL BUILDER SUMMARY
======================================================================
Network:      US-101-N-DonaldDoyle
Segments:     7
Lanes:        4
Junctions:    8
Ramps:        2
Sensors:      5
Mode:         PeMS Data-Driven
Car-Following: Gipps
ODE Solver:   Ballistic
Vmax:         35.0 m/s
======================================================================
Skipping Source actor due to time limit at clock = 43201.00125327633
Skipping Source actor due to time limit at clock = 43210.6788297557
-----------------------------
| Model.cleanup in progress |
-----------------------------
cleanup: agenda
cleanup: wait queues
coroutine counts = (43921395,43918455,43916982)
[ModelOptimizer] Fitness: 2.2518 | Elapsed: 148.26 sec
[ModelOptimizer] Evaluating parameters: VectorD(8.00000,	6.00000,	-4.00000,	0.800000,	2.00000)

======================================================================
TRAFFIC MODEL BUILDER SUMMARY
======================================================================
Network:      US-101-N-DonaldDoyle
Segments:     7
Lanes:        4
Junctions:    8
Ramps:        2
Sensors:      5
Mode:         PeMS Data-Driven
Car-Following: Gipps
ODE Solver:   Ballistic
Vmax:         35.0 m/s
======================================================================
Skipping Source actor due to time limit at clock = 43201.00125327633
Skipping Source actor due to time limit at clock = 43210.6788297557
-----------------------------
| Model.cleanup in progress |
-----------------------------
cleanup: agenda
cleanup: wait queues
coroutine counts = (43981152,43978208,43976733)
[ModelOptimizer] Fitness: 2.2518 | Elapsed: 189.74 sec
[ModelOptimizer] Evaluating parameters: VectorD(1.00000,	6.00000,	-4.00000,	0.800000,	2.00000)

======================================================================
TRAFFIC MODEL BUILDER SUMMARY
======================================================================
Network:      US-101-N-DonaldDoyle
Segments:     7
Lanes:        4
Junctions:    8
Ramps:        2
Sensors:      5
Mode:         PeMS Data-Driven
Car-Following: Gipps
ODE Solver:   Ballistic
Vmax:         35.0 m/s
======================================================================
Skipping Source actor due to time limit at clock = 43201.00125327633
Skipping Source actor due to time limit at clock = 43210.6788297557
-----------------------------
| Model.cleanup in progress |
-----------------------------
cleanup: agenda
cleanup: wait queues
coroutine counts = (44040909,44037961,44036484)
[ModelOptimizer] Fitness: 2.2518 | Elapsed: 204.73 sec
[ModelOptimizer] Evaluating parameters: VectorD(8.00000,	6.00000,	-3.72924,	5.00000,	2.00000)

======================================================================
TRAFFIC MODEL BUILDER SUMMARY
======================================================================
Network:      US-101-N-DonaldDoyle
Segments:     7
Lanes:        4
Junctions:    8
Ramps:        2
Sensors:      5
Mode:         PeMS Data-Driven
Car-Following: Gipps
ODE Solver:   Ballistic
Vmax:         35.0 m/s
======================================================================
Skipping Source actor due to time limit at clock = 43201.00125327633
Skipping Source actor due to time limit at clock = 43210.6788297557
-----------------------------
| Model.cleanup in progress |
-----------------------------
cleanup: agenda
cleanup: wait queues
coroutine counts = (44100666,44097714,44096235)
[ModelOptimizer] Fitness: 2.3796 | Elapsed: 202.27 sec
[ModelOptimizer] Evaluating parameters: VectorD(1.00000,	6.00000,	-4.00000,	0.800000,	2.00000)

======================================================================
TRAFFIC MODEL BUILDER SUMMARY
======================================================================
Network:      US-101-N-DonaldDoyle
Segments:     7
Lanes:        4
Junctions:    8
Ramps:        2
Sensors:      5
Mode:         PeMS Data-Driven
Car-Following: Gipps
ODE Solver:   Ballistic
Vmax:         35.0 m/s
======================================================================
Skipping Source actor due to time limit at clock = 43201.00125327633
Skipping Source actor due to time limit at clock = 43210.6788297557
-----------------------------
| Model.cleanup in progress |
-----------------------------
cleanup: agenda
cleanup: wait queues
coroutine counts = (44160423,44157467,44155986)
[ModelOptimizer] Fitness: 2.2518 | Elapsed: 331.43 sec
[ModelOptimizer] Evaluating parameters: VectorD(8.00000,	6.00000,	-0.500000,	0.800000,	2.00000)

======================================================================
TRAFFIC MODEL BUILDER SUMMARY
======================================================================
Network:      US-101-N-DonaldDoyle
Segments:     7
Lanes:        4
Junctions:    8
Ramps:        2
Sensors:      5
Mode:         PeMS Data-Driven
Car-Following: Gipps
ODE Solver:   Ballistic
Vmax:         35.0 m/s
======================================================================
Skipping Source actor due to time limit at clock = 43201.00125327633
Skipping Source actor due to time limit at clock = 43210.6788297557
-----------------------------
| Model.cleanup in progress |
-----------------------------
cleanup: agenda
cleanup: wait queues
coroutine counts = (44220180,44217220,44215737)
[ModelOptimizer] Fitness: NaN | Elapsed: 422.57 sec
[ModelOptimizer] Evaluating parameters: VectorD(8.00000,	6.00000,	-4.00000,	0.800000,	2.00000)

======================================================================
TRAFFIC MODEL BUILDER SUMMARY
======================================================================
Network:      US-101-N-DonaldDoyle
Segments:     7
Lanes:        4
Junctions:    8
Ramps:        2
Sensors:      5
Mode:         PeMS Data-Driven
Car-Following: Gipps
ODE Solver:   Ballistic
Vmax:         35.0 m/s
======================================================================
Skipping Source actor due to time limit at clock = 43201.00125327633
Skipping Source actor due to time limit at clock = 43210.6788297557
-----------------------------
| Model.cleanup in progress |
-----------------------------
cleanup: agenda
cleanup: wait queues
coroutine counts = (44279937,44276973,44275488)
[ModelOptimizer] Fitness: 2.2518 | Elapsed: 389.47 sec
[ModelOptimizer] Evaluating parameters: VectorD(4.14700,	6.00000,	-4.00000,	0.800000,	2.00000)

======================================================================
TRAFFIC MODEL BUILDER SUMMARY
======================================================================
Network:      US-101-N-DonaldDoyle
Segments:     7
Lanes:        4
Junctions:    8
Ramps:        2
Sensors:      5
Mode:         PeMS Data-Driven
Car-Following: Gipps
ODE Solver:   Ballistic
Vmax:         35.0 m/s
======================================================================
Skipping Source actor due to time limit at clock = 43201.00125327633
Skipping Source actor due to time limit at clock = 43210.6788297557
-----------------------------
| Model.cleanup in progress |
-----------------------------
cleanup: agenda
cleanup: wait queues
coroutine counts = (44339694,44336726,44335239)
[ModelOptimizer] Fitness: 2.2518 | Elapsed: 584.60 sec
[ModelOptimizer] Evaluating parameters: VectorD(4.14700,	6.00000,	-4.00000,	0.800000,	2.00000)

======================================================================
TRAFFIC MODEL BUILDER SUMMARY
======================================================================
Network:      US-101-N-DonaldDoyle
Segments:     7
Lanes:        4
Junctions:    8
Ramps:        2
Sensors:      5
Mode:         PeMS Data-Driven
Car-Following: Gipps
ODE Solver:   Ballistic
Vmax:         35.0 m/s
======================================================================
Skipping Source actor due to time limit at clock = 43201.00125327633
Skipping Source actor due to time limit at clock = 43210.6788297557
-----------------------------
| Model.cleanup in progress |
-----------------------------
cleanup: agenda
cleanup: wait queues
coroutine counts = (44399451,44396479,44394990)
[ModelOptimizer] Fitness: 2.2518 | Elapsed: 615.31 sec
[ModelOptimizer] Evaluating parameters: VectorD(1.00000,	6.00000,	-0.500000,	0.800000,	2.00000)

======================================================================
TRAFFIC MODEL BUILDER SUMMARY
======================================================================
Network:      US-101-N-DonaldDoyle
Segments:     7
Lanes:        4
Junctions:    8
Ramps:        2
Sensors:      5
Mode:         PeMS Data-Driven
Car-Following: Gipps
ODE Solver:   Ballistic
Vmax:         35.0 m/s
======================================================================
Skipping Source actor due to time limit at clock = 43201.00125327633
Skipping Source actor due to time limit at clock = 43210.6788297557
-----------------------------
| Model.cleanup in progress |
-----------------------------
cleanup: agenda
cleanup: wait queues
coroutine counts = (44459208,44456232,44454741)
[ModelOptimizer] Fitness: NaN | Elapsed: 1350.14 sec
[ModelOptimizer] Evaluating parameters: VectorD(2.89140,	6.00000,	-0.500000,	0.800000,	2.00000)

======================================================================
TRAFFIC MODEL BUILDER SUMMARY
======================================================================
Network:      US-101-N-DonaldDoyle
Segments:     7
Lanes:        4
Junctions:    8
Ramps:        2
Sensors:      5
Mode:         PeMS Data-Driven
Car-Following: Gipps
ODE Solver:   Ballistic
Vmax:         35.0 m/s
======================================================================
Skipping Source actor due to time limit at clock = 43201.00125327633
Skipping Source actor due to time limit at clock = 43210.6788297557
-----------------------------
| Model.cleanup in progress |
-----------------------------
cleanup: agenda
cleanup: wait queues
coroutine counts = (44518965,44515985,44514492)
[ModelOptimizer] Fitness: NaN | Elapsed: 1557.86 sec
[ModelOptimizer] Evaluating parameters: VectorD(8.00000,	5.76067,	-0.500000,	5.00000,	0.200000)

======================================================================
TRAFFIC MODEL BUILDER SUMMARY
======================================================================
Network:      US-101-N-DonaldDoyle
Segments:     7
Lanes:        4
Junctions:    8
Ramps:        2
Sensors:      5
Mode:         PeMS Data-Driven
Car-Following: Gipps
ODE Solver:   Ballistic
Vmax:         35.0 m/s
======================================================================
Skipping Source actor due to time limit at clock = 43201.00125327633
Skipping Source actor due to time limit at clock = 43210.6788297557
-----------------------------
| Model.cleanup in progress |
-----------------------------
cleanup: agenda
cleanup: wait queues
coroutine counts = (44578722,44575738,44574243)
[ModelOptimizer] Fitness: 8.7309 | Elapsed: 3962.42 sec
[ModelOptimizer] Evaluating parameters: VectorD(8.00000,	6.00000,	-4.00000,	2.50267,	2.00000)

======================================================================
TRAFFIC MODEL BUILDER SUMMARY
======================================================================
Network:      US-101-N-DonaldDoyle
Segments:     7
Lanes:        4
Junctions:    8
Ramps:        2
Sensors:      5
Mode:         PeMS Data-Driven
Car-Following: Gipps
ODE Solver:   Ballistic
Vmax:         35.0 m/s
======================================================================
Skipping Source actor due to time limit at clock = 43201.00125327633
Skipping Source actor due to time limit at clock = 43210.6788297557
-----------------------------
| Model.cleanup in progress |
-----------------------------
cleanup: agenda
cleanup: wait queues
coroutine counts = (44638479,44635491,44633994)
[ModelOptimizer] Fitness: 2.2518 | Elapsed: 569.76 sec
[ModelOptimizer] Evaluating parameters: VectorD(6.73673,	6.00000,	-0.500000,	4.49927,	2.00000)

======================================================================
TRAFFIC MODEL BUILDER SUMMARY
======================================================================
Network:      US-101-N-DonaldDoyle
Segments:     7
Lanes:        4
Junctions:    8
Ramps:        2
Sensors:      5
Mode:         PeMS Data-Driven
Car-Following: Gipps
ODE Solver:   Ballistic
Vmax:         35.0 m/s
======================================================================
Skipping Source actor due to time limit at clock = 43201.00125327633
Skipping Source actor due to time limit at clock = 43210.6788297557
-----------------------------
| Model.cleanup in progress |
-----------------------------
cleanup: agenda
cleanup: wait queues
coroutine counts = (44698236,44695244,44693745)
[ModelOptimizer] Fitness: NaN | Elapsed: 683.33 sec
[ModelOptimizer] Evaluating parameters: VectorD(8.00000,	6.00000,	-4.00000,	2.69779,	1.95013)

======================================================================
TRAFFIC MODEL BUILDER SUMMARY
======================================================================
Network:      US-101-N-DonaldDoyle
Segments:     7
Lanes:        4
Junctions:    8
Ramps:        2
Sensors:      5
Mode:         PeMS Data-Driven
Car-Following: Gipps
ODE Solver:   Ballistic
Vmax:         35.0 m/s
======================================================================
Skipping Source actor due to time limit at clock = 43201.00125327633
Skipping Source actor due to time limit at clock = 43210.6788297557
-----------------------------
| Model.cleanup in progress |
-----------------------------
cleanup: agenda
cleanup: wait queues
coroutine counts = (44757993,44754997,44753496)
[ModelOptimizer] Fitness: 2.2347 | Elapsed: 1343.24 sec
      17 |      2.23470146 |      2.23470146 |      42.5% ✓
[ModelOptimizer] Evaluating parameters: VectorD(2.51444,	6.00000,	-4.00000,	5.00000,	0.200000)

======================================================================
TRAFFIC MODEL BUILDER SUMMARY
======================================================================
Network:      US-101-N-DonaldDoyle
Segments:     7
Lanes:        4
Junctions:    8
Ramps:        2
Sensors:      5
Mode:         PeMS Data-Driven
Car-Following: Gipps
ODE Solver:   Ballistic
Vmax:         35.0 m/s
======================================================================
