Timestamp,Station,Freeway,Direction,Lane Type,Total Flow (veh/5min),Lane1 Flow (veh/5min),Lane2 Flow (veh/5min),Lane3 Flow (veh/5min),Lane4 Flow (veh/5min),Lane5 Flow (veh/5min),Lane6 Flow (veh/5min),Latitude,Longitude,Location,Abs_PM
2024-12-03 06:00:00,768916,210,E,FF,,,,,,,,34.15099,-118.152369,NB 710 EXT TO EB 210,25.12
2024-12-03 06:00:00,769849,210,E,FF,136.0,39.0,59.0,38.0,,,,34.211728,-118.228265,OCEAN VIEW,18.18
2024-12-03 06:00:00,770170,210,E,FF,,,,,,,,34.155812,-118.158089,EB 210 TO WB 134 #1,24.49
2024-12-03 06:00:00,773131,210,E,FF,,,,,,,,34.15154,-118.146708,FAIR OAKS OFF,25.48
2024-12-03 06:00:00,775729,210,E,FF,,,,,,,,34.155812,-118.158089,EB 210 CON,24.49
2024-12-03 06:00:00,776724,210,E,FF,193.0,107.0,86.0,,,,,34.156489,-118.158295,WINONA WAY,24.442
2024-12-03 06:05:00,768916,210,E,FF,,,,,,,,34.15099,-118.152369,NB 710 EXT TO EB 210,25.12
2024-12-03 06:05:00,769849,210,E,FF,172.0,54.0,72.0,46.0,,,,34.211728,-118.228265,OCEAN VIEW,18.18
2024-12-03 06:05:00,770170,210,E,FF,,,,,,,,34.155812,-118.158089,EB 210 TO WB 134 #1,24.49
2024-12-03 06:05:00,773131,210,E,FF,,,,,,,,34.15154,-118.146708,FAIR OAKS OFF,25.48
2024-12-03 06:05:00,775729,210,E,FF,,,,,,,,34.155812,-118.158089,EB 210 CON,24.49
2024-12-03 06:05:00,776724,210,E,FF,158.0,95.0,63.0,,,,,34.156489,-118.158295,WINONA WAY,24.442
2024-12-03 06:10:00,768916,210,E,FF,,,,,,,,34.15099,-118.152369,NB 710 EXT TO EB 210,25.12
2024-12-03 06:10:00,769849,210,E,FF,133.0,44.0,62.0,27.0,,,,34.211728,-118.228265,OCEAN VIEW,18.18
2024-12-03 06:10:00,770170,210,E,FF,,,,,,,,34.155812,-118.158089,EB 210 TO WB 134 #1,24.49
2024-12-03 06:10:00,773131,210,E,FF,,,,,,,,34.15154,-118.146708,FAIR OAKS OFF,25.48
2024-12-03 06:10:00,775729,210,E,FF,,,,,,,,34.155812,-118.158089,EB 210 CON,24.49
2024-12-03 06:10:00,776724,210,E,FF,192.0,98.0,94.0,,,,,34.156489,-118.158295,WINONA WAY,24.442
2024-12-03 06:15:00,768916,210,E,FF,,,,,,,,34.15099,-118.152369,NB 710 EXT TO EB 210,25.12
2024-12-03 06:15:00,769849,210,E,FF,172.0,54.0,73.0,45.0,,,,34.211728,-118.228265,OCEAN VIEW,18.18
2024-12-03 06:15:00,770170,210,E,FF,,,,,,,,34.155812,-118.158089,EB 210 TO WB 134 #1,24.49
2024-12-03 06:15:00,773131,210,E,FF,,,,,,,,34.15154,-118.146708,FAIR OAKS OFF,25.48
2024-12-03 06:15:00,775729,210,E,FF,,,,,,,,34.155812,-118.158089,EB 210 CON,24.49
2024-12-03 06:15:00,776724,210,E,FF,170.0,106.0,64.0,,,,,34.156489,-118.158295,WINONA WAY,24.442
2024-12-03 06:20:00,768916,210,E,FF,,,,,,,,34.15099,-118.152369,NB 710 EXT TO EB 210,25.12
2024-12-03 06:20:00,769849,210,E,FF,195.0,65.0,76.0,54.0,,,,34.211728,-118.228265,OCEAN VIEW,18.18
2024-12-03 06:20:00,770170,210,E,FF,,,,,,,,34.155812,-118.158089,EB 210 TO WB 134 #1,24.49
2024-12-03 06:20:00,773131,210,E,FF,,,,,,,,34.15154,-118.146708,FAIR OAKS OFF,25.48
2024-12-03 06:20:00,775729,210,E,FF,,,,,,,,34.155812,-118.158089,EB 210 CON,24.49
2024-12-03 06:20:00,776724,210,E,FF,212.0,108.0,104.0,,,,,34.156489,-118.158295,WINONA WAY,24.442
2024-12-03 06:25:00,768916,210,E,FF,,,,,,,,34.15099,-118.152369,NB 710 EXT TO EB 210,25.12
2024-12-03 06:25:00,769849,210,E,FF,197.0,71.0,80.0,46.0,,,,34.211728,-118.228265,OCEAN VIEW,18.18
2024-12-03 06:25:00,770170,210,E,FF,,,,,,,,34.155812,-118.158089,EB 210 TO WB 134 #1,24.49
2024-12-03 06:25:00,773131,210,E,FF,,,,,,,,34.15154,-118.146708,FAIR OAKS OFF,25.48
2024-12-03 06:25:00,775729,210,E,FF,,,,,,,,34.155812,-118.158089,EB 210 CON,24.49
2024-12-03 06:25:00,776724,210,E,FF,224.0,127.0,97.0,,,,,34.156489,-118.158295,WINONA WAY,24.442
2024-12-03 06:30:00,768916,210,E,FF,,,,,,,,34.15099,-118.152369,NB 710 EXT TO EB 210,25.12
2024-12-03 06:30:00,769849,210,E,FF,234.0,86.0,95.0,53.0,,,,34.211728,-118.228265,OCEAN VIEW,18.18
2024-12-03 06:30:00,770170,210,E,FF,,,,,,,,34.155812,-118.158089,EB 210 TO WB 134 #1,24.49
2024-12-03 06:30:00,773131,210,E,FF,,,,,,,,34.15154,-118.146708,FAIR OAKS OFF,25.48
2024-12-03 06:30:00,775729,210,E,FF,,,,,,,,34.155812,-118.158089,EB 210 CON,24.49
2024-12-03 06:30:00,776724,210,E,FF,223.0,122.0,101.0,,,,,34.156489,-118.158295,WINONA WAY,24.442
2024-12-03 06:35:00,768916,210,E,FF,,,,,,,,34.15099,-118.152369,NB 710 EXT TO EB 210,25.12
2024-12-03 06:35:00,769849,210,E,FF,274.0,95.0,102.0,77.0,,,,34.211728,-118.228265,OCEAN VIEW,18.18
2024-12-03 06:35:00,770170,210,E,FF,,,,,,,,34.155812,-118.158089,EB 210 TO WB 134 #1,24.49
2024-12-03 06:35:00,773131,210,E,FF,,,,,,,,34.15154,-118.146708,FAIR OAKS OFF,25.48
2024-12-03 06:35:00,775729,210,E,FF,,,,,,,,34.155812,-118.158089,EB 210 CON,24.49
2024-12-03 06:35:00,776724,210,E,FF,275.0,135.0,140.0,,,,,34.156489,-118.158295,WINONA WAY,24.442
2024-12-03 06:40:00,768916,210,E,FF,,,,,,,,34.15099,-118.152369,NB 710 EXT TO EB 210,25.12
2024-12-03 06:40:00,769849,210,E,FF,246.0,84.0,101.0,61.0,,,,34.211728,-118.228265,OCEAN VIEW,18.18
2024-12-03 06:40:00,770170,210,E,FF,,,,,,,,34.155812,-118.158089,EB 210 TO WB 134 #1,24.49
2024-12-03 06:40:00,773131,210,E,FF,,,,,,,,34.15154,-118.146708,FAIR OAKS OFF,25.48
2024-12-03 06:40:00,775729,210,E,FF,,,,,,,,34.155812,-118.158089,EB 210 CON,24.49
2024-12-03 06:40:00,776724,210,E,FF,269.0,149.0,120.0,,,,,34.156489,-118.158295,WINONA WAY,24.442
2024-12-03 06:45:00,768916,210,E,FF,,,,,,,,34.15099,-118.152369,NB 710 EXT TO EB 210,25.12
2024-12-03 06:45:00,769849,210,E,FF,301.0,106.0,121.0,74.0,,,,34.211728,-118.228265,OCEAN VIEW,18.18
2024-12-03 06:45:00,770170,210,E,FF,,,,,,,,34.155812,-118.158089,EB 210 TO WB 134 #1,24.49
2024-12-03 06:45:00,773131,210,E,FF,,,,,,,,34.15154,-118.146708,FAIR OAKS OFF,25.48
2024-12-03 06:45:00,775729,210,E,FF,,,,,,,,34.155812,-118.158089,EB 210 CON,24.49
2024-12-03 06:45:00,776724,210,E,FF,300.0,161.0,139.0,,,,,34.156489,-118.158295,WINONA WAY,24.442
2024-12-03 06:50:00,768916,210,E,FF,,,,,,,,34.15099,-118.152369,NB 710 EXT TO EB 210,25.12
2024-12-03 06:50:00,769849,210,E,FF,304.0,108.0,126.0,70.0,,,,34.211728,-118.228265,OCEAN VIEW,18.18
2024-12-03 06:50:00,770170,210,E,FF,,,,,,,,34.155812,-118.158089,EB 210 TO WB 134 #1,24.49
2024-12-03 06:50:00,773131,210,E,FF,,,,,,,,34.15154,-118.146708,FAIR OAKS OFF,25.48
2024-12-03 06:50:00,775729,210,E,FF,,,,,,,,34.155812,-118.158089,EB 210 CON,24.49
2024-12-03 06:50:00,776724,210,E,FF,305.0,189.0,116.0,,,,,34.156489,-118.158295,WINONA WAY,24.442
2024-12-03 06:55:00,768916,210,E,FF,,,,,,,,34.15099,-118.152369,NB 710 EXT TO EB 210,25.12
2024-12-03 06:55:00,769849,210,E,FF,301.0,107.0,118.0,76.0,,,,34.211728,-118.228265,OCEAN VIEW,18.18
2024-12-03 06:55:00,770170,210,E,FF,,,,,,,,34.155812,-118.158089,EB 210 TO WB 134 #1,24.49
2024-12-03 06:55:00,773131,210,E,FF,,,,,,,,34.15154,-118.146708,FAIR OAKS OFF,25.48
2024-12-03 06:55:00,775729,210,E,FF,,,,,,,,34.155812,-118.158089,EB 210 CON,24.49
2024-12-03 06:55:00,776724,210,E,FF,296.0,172.0,124.0,,,,,34.156489,-118.158295,WINONA WAY,24.442
2024-12-03 07:00:00,768916,210,E,FF,,,,,,,,34.15099,-118.152369,NB 710 EXT TO EB 210,25.12
2024-12-03 07:00:00,769849,210,E,FF,287.0,106.0,114.0,67.0,,,,34.211728,-118.228265,OCEAN VIEW,18.18
2024-12-03 07:00:00,770170,210,E,FF,,,,,,,,34.155812,-118.158089,EB 210 TO WB 134 #1,24.49
2024-12-03 07:00:00,773131,210,E,FF,,,,,,,,34.15154,-118.146708,FAIR OAKS OFF,25.48
2024-12-03 07:00:00,775729,210,E,FF,,,,,,,,34.155812,-118.158089,EB 210 CON,24.49
2024-12-03 07:00:00,776724,210,E,FF,247.0,134.0,113.0,,,,,34.156489,-118.158295,WINONA WAY,24.442
2024-12-03 07:05:00,768916,210,E,FF,,,,,,,,34.15099,-118.152369,NB 710 EXT TO EB 210,25.12
2024-12-03 07:05:00,769849,210,E,FF,330.0,118.0,129.0,83.0,,,,34.211728,-118.228265,OCEAN VIEW,18.18
2024-12-03 07:05:00,770170,210,E,FF,,,,,,,,34.155812,-118.158089,EB 210 TO WB 134 #1,24.49
2024-12-03 07:05:00,773131,210,E,FF,,,,,,,,34.15154,-118.146708,FAIR OAKS OFF,25.48
2024-12-03 07:05:00,775729,210,E,FF,,,,,,,,34.155812,-118.158089,EB 210 CON,24.49
2024-12-03 07:05:00,776724,210,E,FF,303.0,161.0,142.0,,,,,34.156489,-118.158295,WINONA WAY,24.442
2024-12-03 07:10:00,768916,210,E,FF,,,,,,,,34.15099,-118.152369,NB 710 EXT TO EB 210,25.12
2024-12-03 07:10:00,769849,210,E,FF,314.0,111.0,129.0,74.0,,,,34.211728,-118.228265,OCEAN VIEW,18.18
2024-12-03 07:10:00,770170,210,E,FF,,,,,,,,34.155812,-118.158089,EB 210 TO WB 134 #1,24.49
2024-12-03 07:10:00,773131,210,E,FF,,,,,,,,34.15154,-118.146708,FAIR OAKS OFF,25.48
2024-12-03 07:10:00,775729,210,E,FF,,,,,,,,34.155812,-118.158089,EB 210 CON,24.49
2024-12-03 07:10:00,776724,210,E,FF,300.0,168.0,132.0,,,,,34.156489,-118.158295,WINONA WAY,24.442
2024-12-03 07:15:00,768916,210,E,FF,,,,,,,,34.15099,-118.152369,NB 710 EXT TO EB 210,25.12
2024-12-03 07:15:00,769849,210,E,FF,308.0,115.0,114.0,79.0,,,,34.211728,-118.228265,OCEAN VIEW,18.18
2024-12-03 07:15:00,770170,210,E,FF,,,,,,,,34.155812,-118.158089,EB 210 TO WB 134 #1,24.49
2024-12-03 07:15:00,773131,210,E,FF,,,,,,,,34.15154,-118.146708,FAIR OAKS OFF,25.48
2024-12-03 07:15:00,775729,210,E,FF,,,,,,,,34.155812,-118.158089,EB 210 CON,24.49
2024-12-03 07:15:00,776724,210,E,FF,277.0,136.0,141.0,,,,,34.156489,-118.158295,WINONA WAY,24.442
2024-12-03 07:20:00,768916,210,E,FF,,,,,,,,34.15099,-118.152369,NB 710 EXT TO EB 210,25.12
2024-12-03 07:20:00,769849,210,E,FF,324.0,106.0,133.0,85.0,,,,34.211728,-118.228265,OCEAN VIEW,18.18
2024-12-03 07:20:00,770170,210,E,FF,,,,,,,,34.155812,-118.158089,EB 210 TO WB 134 #1,24.49
2024-12-03 07:20:00,773131,210,E,FF,,,,,,,,34.15154,-118.146708,FAIR OAKS OFF,25.48
2024-12-03 07:20:00,775729,210,E,FF,,,,,,,,34.155812,-118.158089,EB 210 CON,24.49
2024-12-03 07:20:00,776724,210,E,FF,333.0,174.0,159.0,,,,,34.156489,-118.158295,WINONA WAY,24.442
2024-12-03 07:25:00,768916,210,E,FF,,,,,,,,34.15099,-118.152369,NB 710 EXT TO EB 210,25.12
2024-12-03 07:25:00,769849,210,E,FF,329.0,120.0,127.0,82.0,,,,34.211728,-118.228265,OCEAN VIEW,18.18
2024-12-03 07:25:00,770170,210,E,FF,,,,,,,,34.155812,-118.158089,EB 210 TO WB 134 #1,24.49
2024-12-03 07:25:00,773131,210,E,FF,,,,,,,,34.15154,-118.146708,FAIR OAKS OFF,25.48
2024-12-03 07:25:00,775729,210,E,FF,,,,,,,,34.155812,-118.158089,EB 210 CON,24.49
2024-12-03 07:25:00,776724,210,E,FF,320.0,179.0,141.0,,,,,34.156489,-118.158295,WINONA WAY,24.442
2024-12-03 07:30:00,768916,210,E,FF,,,,,,,,34.15099,-118.152369,NB 710 EXT TO EB 210,25.12
2024-12-03 07:30:00,769849,210,E,FF,372.0,138.0,142.0,92.0,,,,34.211728,-118.228265,OCEAN VIEW,18.18
2024-12-03 07:30:00,770170,210,E,FF,,,,,,,,34.155812,-118.158089,EB 210 TO WB 134 #1,24.49
2024-12-03 07:30:00,773131,210,E,FF,,,,,,,,34.15154,-118.146708,FAIR OAKS OFF,25.48
2024-12-03 07:30:00,775729,210,E,FF,,,,,,,,34.155812,-118.158089,EB 210 CON,24.49
2024-12-03 07:30:00,776724,210,E,FF,290.0,143.0,147.0,,,,,34.156489,-118.158295,WINONA WAY,24.442
2024-12-03 07:35:00,768916,210,E,FF,,,,,,,,34.15099,-118.152369,NB 710 EXT TO EB 210,25.12
2024-12-03 07:35:00,769849,210,E,FF,344.0,116.0,143.0,85.0,,,,34.211728,-118.228265,OCEAN VIEW,18.18
2024-12-03 07:35:00,770170,210,E,FF,,,,,,,,34.155812,-118.158089,EB 210 TO WB 134 #1,24.49
2024-12-03 07:35:00,773131,210,E,FF,,,,,,,,34.15154,-118.146708,FAIR OAKS OFF,25.48
2024-12-03 07:35:00,775729,210,E,FF,,,,,,,,34.155812,-118.158089,EB 210 CON,24.49
2024-12-03 07:35:00,776724,210,E,FF,317.0,145.0,172.0,,,,,34.156489,-118.158295,WINONA WAY,24.442
2024-12-03 07:40:00,768916,210,E,FF,,,,,,,,34.15099,-118.152369,NB 710 EXT TO EB 210,25.12
2024-12-03 07:40:00,769849,210,E,FF,367.0,134.0,140.0,93.0,,,,34.211728,-118.228265,OCEAN VIEW,18.18
2024-12-03 07:40:00,770170,210,E,FF,,,,,,,,34.155812,-118.158089,EB 210 TO WB 134 #1,24.49
2024-12-03 07:40:00,773131,210,E,FF,,,,,,,,34.15154,-118.146708,FAIR OAKS OFF,25.48
2024-12-03 07:40:00,775729,210,E,FF,,,,,,,,34.155812,-118.158089,EB 210 CON,24.49
2024-12-03 07:40:00,776724,210,E,FF,354.0,184.0,170.0,,,,,34.156489,-118.158295,WINONA WAY,24.442
2024-12-03 07:45:00,768916,210,E,FF,,,,,,,,34.15099,-118.152369,NB 710 EXT TO EB 210,25.12
2024-12-03 07:45:00,769849,210,E,FF,363.0,126.0,132.0,105.0,,,,34.211728,-118.228265,OCEAN VIEW,18.18
2024-12-03 07:45:00,770170,210,E,FF,,,,,,,,34.155812,-118.158089,EB 210 TO WB 134 #1,24.49
2024-12-03 07:45:00,773131,210,E,FF,,,,,,,,34.15154,-118.146708,FAIR OAKS OFF,25.48
2024-12-03 07:45:00,775729,210,E,FF,,,,,,,,34.155812,-118.158089,EB 210 CON,24.49
2024-12-03 07:45:00,776724,210,E,FF,300.0,152.0,148.0,,,,,34.156489,-118.158295,WINONA WAY,24.442
2024-12-03 07:50:00,768916,210,E,FF,,,,,,,,34.15099,-118.152369,NB 710 EXT TO EB 210,25.12
2024-12-03 07:50:00,769849,210,E,FF,369.0,129.0,138.0,102.0,,,,34.211728,-118.228265,OCEAN VIEW,18.18
2024-12-03 07:50:00,770170,210,E,FF,,,,,,,,34.155812,-118.158089,EB 210 TO WB 134 #1,24.49
2024-12-03 07:50:00,773131,210,E,FF,,,,,,,,34.15154,-118.146708,FAIR OAKS OFF,25.48
2024-12-03 07:50:00,775729,210,E,FF,,,,,,,,34.155812,-118.158089,EB 210 CON,24.49
2024-12-03 07:50:00,776724,210,E,FF,363.0,185.0,178.0,,,,,34.156489,-118.158295,WINONA WAY,24.442
2024-12-03 07:55:00,768916,210,E,FF,,,,,,,,34.15099,-118.152369,NB 710 EXT TO EB 210,25.12
2024-12-03 07:55:00,769849,210,E,FF,326.0,112.0,132.0,82.0,,,,34.211728,-118.228265,OCEAN VIEW,18.18
2024-12-03 07:55:00,770170,210,E,FF,,,,,,,,34.155812,-118.158089,EB 210 TO WB 134 #1,24.49
2024-12-03 07:55:00,773131,210,E,FF,,,,,,,,34.15154,-118.146708,FAIR OAKS OFF,25.48
2024-12-03 07:55:00,775729,210,E,FF,,,,,,,,34.155812,-118.158089,EB 210 CON,24.49
2024-12-03 07:55:00,776724,210,E,FF,315.0,149.0,166.0,,,,,34.156489,-118.158295,WINONA WAY,24.442
2024-12-03 08:00:00,768916,210,E,FF,,,,,,,,34.15099,-118.152369,NB 710 EXT TO EB 210,25.12
2024-12-03 08:00:00,769849,210,E,FF,359.0,131.0,135.0,93.0,,,,34.211728,-118.228265,OCEAN VIEW,18.18
2024-12-03 08:00:00,770170,210,E,FF,,,,,,,,34.155812,-118.158089,EB 210 TO WB 134 #1,24.49
2024-12-03 08:00:00,773131,210,E,FF,,,,,,,,34.15154,-118.146708,FAIR OAKS OFF,25.48
2024-12-03 08:00:00,775729,210,E,FF,,,,,,,,34.155812,-118.158089,EB 210 CON,24.49
2024-12-03 08:00:00,776724,210,E,FF,322.0,156.0,166.0,,,,,34.156489,-118.158295,WINONA WAY,24.442
2024-12-03 08:05:00,768916,210,E,FF,,,,,,,,34.15099,-118.152369,NB 710 EXT TO EB 210,25.12
2024-12-03 08:05:00,769849,210,E,FF,329.0,119.0,128.0,82.0,,,,34.211728,-118.228265,OCEAN VIEW,18.18
2024-12-03 08:05:00,770170,210,E,FF,,,,,,,,34.155812,-118.158089,EB 210 TO WB 134 #1,24.49
2024-12-03 08:05:00,773131,210,E,FF,,,,,,,,34.15154,-118.146708,FAIR OAKS OFF,25.48
2024-12-03 08:05:00,775729,210,E,FF,,,,,,,,34.155812,-118.158089,EB 210 CON,24.49
2024-12-03 08:05:00,776724,210,E,FF,331.0,162.0,169.0,,,,,34.156489,-118.158295,WINONA WAY,24.442
2024-12-03 08:10:00,768916,210,E,FF,,,,,,,,34.15099,-118.152369,NB 710 EXT TO EB 210,25.12
2024-12-03 08:10:00,769849,210,E,FF,337.0,112.0,140.0,85.0,,,,34.211728,-118.228265,OCEAN VIEW,18.18
2024-12-03 08:10:00,770170,210,E,FF,,,,,,,,34.155812,-118.158089,EB 210 TO WB 134 #1,24.49
2024-12-03 08:10:00,773131,210,E,FF,,,,,,,,34.15154,-118.146708,FAIR OAKS OFF,25.48
2024-12-03 08:10:00,775729,210,E,FF,,,,,,,,34.155812,-118.158089,EB 210 CON,24.49
2024-12-03 08:10:00,776724,210,E,FF,303.0,154.0,149.0,,,,,34.156489,-118.158295,WINONA WAY,24.442
2024-12-03 08:15:00,768916,210,E,FF,,,,,,,,34.15099,-118.152369,NB 710 EXT TO EB 210,25.12
2024-12-03 08:15:00,769849,210,E,FF,332.0,118.0,127.0,87.0,,,,34.211728,-118.228265,OCEAN VIEW,18.18
2024-12-03 08:15:00,770170,210,E,FF,,,,,,,,34.155812,-118.158089,EB 210 TO WB 134 #1,24.49
2024-12-03 08:15:00,773131,210,E,FF,,,,,,,,34.15154,-118.146708,FAIR OAKS OFF,25.48
2024-12-03 08:15:00,775729,210,E,FF,,,,,,,,34.155812,-118.158089,EB 210 CON,24.49
2024-12-03 08:15:00,776724,210,E,FF,330.0,161.0,169.0,,,,,34.156489,-118.158295,WINONA WAY,24.442
2024-12-03 08:20:00,768916,210,E,FF,,,,,,,,34.15099,-118.152369,NB 710 EXT TO EB 210,25.12
2024-12-03 08:20:00,769849,210,E,FF,322.0,111.0,126.0,85.0,,,,34.211728,-118.228265,OCEAN VIEW,18.18
2024-12-03 08:20:00,770170,210,E,FF,,,,,,,,34.155812,-118.158089,EB 210 TO WB 134 #1,24.49
2024-12-03 08:20:00,773131,210,E,FF,,,,,,,,34.15154,-118.146708,FAIR OAKS OFF,25.48
2024-12-03 08:20:00,775729,210,E,FF,,,,,,,,34.155812,-118.158089,EB 210 CON,24.49
2024-12-03 08:20:00,776724,210,E,FF,304.0,145.0,159.0,,,,,34.156489,-118.158295,WINONA WAY,24.442
2024-12-03 08:25:00,768916,210,E,FF,,,,,,,,34.15099,-118.152369,NB 710 EXT TO EB 210,25.12
2024-12-03 08:25:00,769849,210,E,FF,310.0,99.0,118.0,93.0,,,,34.211728,-118.228265,OCEAN VIEW,18.18
2024-12-03 08:25:00,770170,210,E,FF,,,,,,,,34.155812,-118.158089,EB 210 TO WB 134 #1,24.49
2024-12-03 08:25:00,773131,210,E,FF,,,,,,,,34.15154,-118.146708,FAIR OAKS OFF,25.48
2024-12-03 08:25:00,775729,210,E,FF,,,,,,,,34.155812,-118.158089,EB 210 CON,24.49
2024-12-03 08:25:00,776724,210,E,FF,296.0,145.0,151.0,,,,,34.156489,-118.158295,WINONA WAY,24.442
2024-12-03 08:30:00,768916,210,E,FF,,,,,,,,34.15099,-118.152369,NB 710 EXT TO EB 210,25.12
2024-12-03 08:30:00,769849,210,E,FF,336.0,111.0,128.0,97.0,,,,34.211728,-118.228265,OCEAN VIEW,18.18
2024-12-03 08:30:00,770170,210,E,FF,,,,,,,,34.155812,-118.158089,EB 210 TO WB 134 #1,24.49
2024-12-03 08:30:00,773131,210,E,FF,,,,,,,,34.15154,-118.146708,FAIR OAKS OFF,25.48
2024-12-03 08:30:00,775729,210,E,FF,,,,,,,,34.155812,-118.158089,EB 210 CON,24.49
2024-12-03 08:30:00,776724,210,E,FF,295.0,151.0,144.0,,,,,34.156489,-118.158295,WINONA WAY,24.442
2024-12-03 08:35:00,768916,210,E,FF,,,,,,,,34.15099,-118.152369,NB 710 EXT TO EB 210,25.12
2024-12-03 08:35:00,769849,210,E,FF,333.0,110.0,139.0,84.0,,,,34.211728,-118.228265,OCEAN VIEW,18.18
2024-12-03 08:35:00,770170,210,E,FF,,,,,,,,34.155812,-118.158089,EB 210 TO WB 134 #1,24.49
2024-12-03 08:35:00,773131,210,E,FF,,,,,,,,34.15154,-118.146708,FAIR OAKS OFF,25.48
2024-12-03 08:35:00,775729,210,E,FF,,,,,,,,34.155812,-118.158089,EB 210 CON,24.49
2024-12-03 08:35:00,776724,210,E,FF,290.0,157.0,133.0,,,,,34.156489,-118.158295,WINONA WAY,24.442
2024-12-03 08:40:00,768916,210,E,FF,,,,,,,,34.15099,-118.152369,NB 710 EXT TO EB 210,25.12
2024-12-03 08:40:00,769849,210,E,FF,319.0,108.0,130.0,81.0,,,,34.211728,-118.228265,OCEAN VIEW,18.18
2024-12-03 08:40:00,770170,210,E,FF,,,,,,,,34.155812,-118.158089,EB 210 TO WB 134 #1,24.49
2024-12-03 08:40:00,773131,210,E,FF,,,,,,,,34.15154,-118.146708,FAIR OAKS OFF,25.48
2024-12-03 08:40:00,775729,210,E,FF,,,,,,,,34.155812,-118.158089,EB 210 CON,24.49
2024-12-03 08:40:00,776724,210,E,FF,294.0,137.0,157.0,,,,,34.156489,-118.158295,WINONA WAY,24.442
2024-12-03 08:45:00,768916,210,E,FF,,,,,,,,34.15099,-118.152369,NB 710 EXT TO EB 210,25.12
2024-12-03 08:45:00,769849,210,E,FF,277.0,87.0,113.0,77.0,,,,34.211728,-118.228265,OCEAN VIEW,18.18
2024-12-03 08:45:00,770170,210,E,FF,,,,,,,,34.155812,-118.158089,EB 210 TO WB 134 #1,24.49
2024-12-03 08:45:00,773131,210,E,FF,,,,,,,,34.15154,-118.146708,FAIR OAKS OFF,25.48
2024-12-03 08:45:00,775729,210,E,FF,,,,,,,,34.155812,-118.158089,EB 210 CON,24.49
2024-12-03 08:45:00,776724,210,E,FF,262.0,135.0,127.0,,,,,34.156489,-118.158295,WINONA WAY,24.442
2024-12-03 08:50:00,768916,210,E,FF,,,,,,,,34.15099,-118.152369,NB 710 EXT TO EB 210,25.12
2024-12-03 08:50:00,769849,210,E,FF,273.0,88.0,112.0,73.0,,,,34.211728,-118.228265,OCEAN VIEW,18.18
2024-12-03 08:50:00,770170,210,E,FF,,,,,,,,34.155812,-118.158089,EB 210 TO WB 134 #1,24.49
2024-12-03 08:50:00,773131,210,E,FF,,,,,,,,34.15154,-118.146708,FAIR OAKS OFF,25.48
2024-12-03 08:50:00,775729,210,E,FF,,,,,,,,34.155812,-118.158089,EB 210 CON,24.49
2024-12-03 08:50:00,776724,210,E,FF,270.0,140.0,130.0,,,,,34.156489,-118.158295,WINONA WAY,24.442
2024-12-03 08:55:00,768916,210,E,FF,,,,,,,,34.15099,-118.152369,NB 710 EXT TO EB 210,25.12
2024-12-03 08:55:00,769849,210,E,FF,275.0,84.0,111.0,80.0,,,,34.211728,-118.228265,OCEAN VIEW,18.18
2024-12-03 08:55:00,770170,210,E,FF,,,,,,,,34.155812,-118.158089,EB 210 TO WB 134 #1,24.49
2024-12-03 08:55:00,773131,210,E,FF,,,,,,,,34.15154,-118.146708,FAIR OAKS OFF,25.48
2024-12-03 08:55:00,775729,210,E,FF,,,,,,,,34.155812,-118.158089,EB 210 CON,24.49
2024-12-03 08:55:00,776724,210,E,FF,252.0,127.0,125.0,,,,,34.156489,-118.158295,WINONA WAY,24.442
2024-12-03 09:00:00,768916,210,E,FF,,,,,,,,34.15099,-118.152369,NB 710 EXT TO EB 210,25.12
2024-12-03 09:00:00,769849,210,E,FF,257.0,71.0,107.0,79.0,,,,34.211728,-118.228265,OCEAN VIEW,18.18
2024-12-03 09:00:00,770170,210,E,FF,,,,,,,,34.155812,-118.158089,EB 210 TO WB 134 #1,24.49
2024-12-03 09:00:00,773131,210,E,FF,,,,,,,,34.15154,-118.146708,FAIR OAKS OFF,25.48
2024-12-03 09:00:00,775729,210,E,FF,,,,,,,,34.155812,-118.158089,EB 210 CON,24.49
2024-12-03 09:00:00,776724,210,E,FF,245.0,132.0,113.0,,,,,34.156489,-118.158295,WINONA WAY,24.442
2024-12-03 09:05:00,768916,210,E,FF,,,,,,,,34.15099,-118.152369,NB 710 EXT TO EB 210,25.12
2024-12-03 09:05:00,769849,210,E,FF,239.0,66.0,102.0,71.0,,,,34.211728,-118.228265,OCEAN VIEW,18.18
2024-12-03 09:05:00,770170,210,E,FF,,,,,,,,34.155812,-118.158089,EB 210 TO WB 134 #1,24.49
2024-12-03 09:05:00,773131,210,E,FF,,,,,,,,34.15154,-118.146708,FAIR OAKS OFF,25.48
2024-12-03 09:05:00,775729,210,E,FF,,,,,,,,34.155812,-118.158089,EB 210 CON,24.49
2024-12-03 09:05:00,776724,210,E,FF,269.0,145.0,124.0,,,,,34.156489,-118.158295,WINONA WAY,24.442
2024-12-03 09:10:00,768916,210,E,FF,,,,,,,,34.15099,-118.152369,NB 710 EXT TO EB 210,25.12
2024-12-03 09:10:00,769849,210,E,FF,239.0,81.0,98.0,60.0,,,,34.211728,-118.228265,OCEAN VIEW,18.18
2024-12-03 09:10:00,770170,210,E,FF,,,,,,,,34.155812,-118.158089,EB 210 TO WB 134 #1,24.49
2024-12-03 09:10:00,773131,210,E,FF,,,,,,,,34.15154,-118.146708,FAIR OAKS OFF,25.48
2024-12-03 09:10:00,775729,210,E,FF,,,,,,,,34.155812,-118.158089,EB 210 CON,24.49
2024-12-03 09:10:00,776724,210,E,FF,286.0,146.0,140.0,,,,,34.156489,-118.158295,WINONA WAY,24.442
2024-12-03 09:15:00,768916,210,E,FF,,,,,,,,34.15099,-118.152369,NB 710 EXT TO EB 210,25.12
2024-12-03 09:15:00,769849,210,E,FF,231.0,66.0,98.0,67.0,,,,34.211728,-118.228265,OCEAN VIEW,18.18
2024-12-03 09:15:00,770170,210,E,FF,,,,,,,,34.155812,-118.158089,EB 210 TO WB 134 #1,24.49
2024-12-03 09:15:00,773131,210,E,FF,,,,,,,,34.15154,-118.146708,FAIR OAKS OFF,25.48
2024-12-03 09:15:00,775729,210,E,FF,,,,,,,,34.155812,-118.158089,EB 210 CON,24.49
2024-12-03 09:15:00,776724,210,E,FF,287.0,149.0,138.0,,,,,34.156489,-118.158295,WINONA WAY,24.442
2024-12-03 09:20:00,768916,210,E,FF,,,,,,,,34.15099,-118.152369,NB 710 EXT TO EB 210,25.12
2024-12-03 09:20:00,769849,210,E,FF,249.0,77.0,106.0,66.0,,,,34.211728,-118.228265,OCEAN VIEW,18.18
2024-12-03 09:20:00,770170,210,E,FF,,,,,,,,34.155812,-118.158089,EB 210 TO WB 134 #1,24.49
2024-12-03 09:20:00,773131,210,E,FF,,,,,,,,34.15154,-118.146708,FAIR OAKS OFF,25.48
2024-12-03 09:20:00,775729,210,E,FF,,,,,,,,34.155812,-118.158089,EB 210 CON,24.49
2024-12-03 09:20:00,776724,210,E,FF,238.0,126.0,112.0,,,,,34.156489,-118.158295,WINONA WAY,24.442
2024-12-03 09:25:00,768916,210,E,FF,,,,,,,,34.15099,-118.152369,NB 710 EXT TO EB 210,25.12
2024-12-03 09:25:00,769849,210,E,FF,244.0,70.0,109.0,65.0,,,,34.211728,-118.228265,OCEAN VIEW,18.18
2024-12-03 09:25:00,770170,210,E,FF,,,,,,,,34.155812,-118.158089,EB 210 TO WB 134 #1,24.49
2024-12-03 09:25:00,773131,210,E,FF,,,,,,,,34.15154,-118.146708,FAIR OAKS OFF,25.48
2024-12-03 09:25:00,775729,210,E,FF,,,,,,,,34.155812,-118.158089,EB 210 CON,24.49
2024-12-03 09:25:00,776724,210,E,FF,274.0,151.0,123.0,,,,,34.156489,-118.158295,WINONA WAY,24.442
2024-12-03 09:30:00,768916,210,E,FF,,,,,,,,34.15099,-118.152369,NB 710 EXT TO EB 210,25.12
2024-12-03 09:30:00,769849,210,E,FF,258.0,80.0,104.0,74.0,,,,34.211728,-118.228265,OCEAN VIEW,18.18
2024-12-03 09:30:00,770170,210,E,FF,,,,,,,,34.155812,-118.158089,EB 210 TO WB 134 #1,24.49
2024-12-03 09:30:00,773131,210,E,FF,,,,,,,,34.15154,-118.146708,FAIR OAKS OFF,25.48
2024-12-03 09:30:00,775729,210,E,FF,,,,,,,,34.155812,-118.158089,EB 210 CON,24.49
2024-12-03 09:30:00,776724,210,E,FF,238.0,123.0,115.0,,,,,34.156489,-118.158295,WINONA WAY,24.442
2024-12-03 09:35:00,768916,210,E,FF,,,,,,,,34.15099,-118.152369,NB 710 EXT TO EB 210,25.12
2024-12-03 09:35:00,769849,210,E,FF,267.0,78.0,110.0,79.0,,,,34.211728,-118.228265,OCEAN VIEW,18.18
2024-12-03 09:35:00,770170,210,E,FF,,,,,,,,34.155812,-118.158089,EB 210 TO WB 134 #1,24.49
2024-12-03 09:35:00,773131,210,E,FF,,,,,,,,34.15154,-118.146708,FAIR OAKS OFF,25.48
2024-12-03 09:35:00,775729,210,E,FF,,,,,,,,34.155812,-118.158089,EB 210 CON,24.49
2024-12-03 09:35:00,776724,210,E,FF,245.0,128.0,117.0,,,,,34.156489,-118.158295,WINONA WAY,24.442
2024-12-03 09:40:00,768916,210,E,FF,,,,,,,,34.15099,-118.152369,NB 710 EXT TO EB 210,25.12
2024-12-03 09:40:00,769849,210,E,FF,282.0,89.0,121.0,72.0,,,,34.211728,-118.228265,OCEAN VIEW,18.18
2024-12-03 09:40:00,770170,210,E,FF,,,,,,,,34.155812,-118.158089,EB 210 TO WB 134 #1,24.49
2024-12-03 09:40:00,773131,210,E,FF,,,,,,,,34.15154,-118.146708,FAIR OAKS OFF,25.48
2024-12-03 09:40:00,775729,210,E,FF,,,,,,,,34.155812,-118.158089,EB 210 CON,24.49
2024-12-03 09:40:00,776724,210,E,FF,288.0,152.0,136.0,,,,,34.156489,-118.158295,WINONA WAY,24.442
2024-12-03 09:45:00,768916,210,E,FF,,,,,,,,34.15099,-118.152369,NB 710 EXT TO EB 210,25.12
2024-12-03 09:45:00,769849,210,E,FF,309.0,97.0,124.0,88.0,,,,34.211728,-118.228265,OCEAN VIEW,18.18
2024-12-03 09:45:00,770170,210,E,FF,,,,,,,,34.155812,-118.158089,EB 210 TO WB 134 #1,24.49
2024-12-03 09:45:00,773131,210,E,FF,,,,,,,,34.15154,-118.146708,FAIR OAKS OFF,25.48
2024-12-03 09:45:00,775729,210,E,FF,,,,,,,,34.155812,-118.158089,EB 210 CON,24.49
2024-12-03 09:45:00,776724,210,E,FF,255.0,134.0,121.0,,,,,34.156489,-118.158295,WINONA WAY,24.442
2024-12-03 09:50:00,768916,210,E,FF,,,,,,,,34.15099,-118.152369,NB 710 EXT TO EB 210,25.12
2024-12-03 09:50:00,769849,210,E,FF,292.0,77.0,127.0,88.0,,,,34.211728,-118.228265,OCEAN VIEW,18.18
2024-12-03 09:50:00,770170,210,E,FF,,,,,,,,34.155812,-118.158089,EB 210 TO WB 134 #1,24.49
2024-12-03 09:50:00,773131,210,E,FF,,,,,,,,34.15154,-118.146708,FAIR OAKS OFF,25.48
2024-12-03 09:50:00,775729,210,E,FF,,,,,,,,34.155812,-118.158089,EB 210 CON,24.49
2024-12-03 09:50:00,776724,210,E,FF,259.0,136.0,123.0,,,,,34.156489,-118.158295,WINONA WAY,24.442
2024-12-03 09:55:00,768916,210,E,FF,,,,,,,,34.15099,-118.152369,NB 710 EXT TO EB 210,25.12
2024-12-03 09:55:00,769849,210,E,FF,283.0,89.0,119.0,75.0,,,,34.211728,-118.228265,OCEAN VIEW,18.18
2024-12-03 09:55:00,770170,210,E,FF,,,,,,,,34.155812,-118.158089,EB 210 TO WB 134 #1,24.49
2024-12-03 09:55:00,773131,210,E,FF,,,,,,,,34.15154,-118.146708,FAIR OAKS OFF,25.48
2024-12-03 09:55:00,775729,210,E,FF,,,,,,,,34.155812,-118.158089,EB 210 CON,24.49
2024-12-03 09:55:00,776724,210,E,FF,262.0,140.0,122.0,,,,,34.156489,-118.158295,WINONA WAY,24.442
2024-12-03 10:00:00,768916,210,E,FF,,,,,,,,34.15099,-118.152369,NB 710 EXT TO EB 210,25.12
2024-12-03 10:00:00,769849,210,E,FF,247.0,63.0,119.0,65.0,,,,34.211728,-118.228265,OCEAN VIEW,18.18
2024-12-03 10:00:00,770170,210,E,FF,,,,,,,,34.155812,-118.158089,EB 210 TO WB 134 #1,24.49
2024-12-03 10:00:00,773131,210,E,FF,,,,,,,,34.15154,-118.146708,FAIR OAKS OFF,25.48
2024-12-03 10:00:00,775729,210,E,FF,,,,,,,,34.155812,-118.158089,EB 210 CON,24.49
2024-12-03 10:00:00,776724,210,E,FF,244.0,122.0,122.0,,,,,34.156489,-118.158295,WINONA WAY,24.442
2024-12-03 10:05:00,768916,210,E,FF,,,,,,,,34.15099,-118.152369,NB 710 EXT TO EB 210,25.12
2024-12-03 10:05:00,769849,210,E,FF,236.0,59.0,109.0,68.0,,,,34.211728,-118.228265,OCEAN VIEW,18.18
2024-12-03 10:05:00,770170,210,E,FF,,,,,,,,34.155812,-118.158089,EB 210 TO WB 134 #1,24.49
2024-12-03 10:05:00,773131,210,E,FF,,,,,,,,34.15154,-118.146708,FAIR OAKS OFF,25.48
2024-12-03 10:05:00,775729,210,E,FF,,,,,,,,34.155812,-118.158089,EB 210 CON,24.49
2024-12-03 10:05:00,776724,210,E,FF,249.0,134.0,115.0,,,,,34.156489,-118.158295,WINONA WAY,24.442
2024-12-03 10:10:00,768916,210,E,FF,,,,,,,,34.15099,-118.152369,NB 710 EXT TO EB 210,25.12
2024-12-03 10:10:00,769849,210,E,FF,245.0,67.0,117.0,61.0,,,,34.211728,-118.228265,OCEAN VIEW,18.18
2024-12-03 10:10:00,770170,210,E,FF,,,,,,,,34.155812,-118.158089,EB 210 TO WB 134 #1,24.49
2024-12-03 10:10:00,773131,210,E,FF,,,,,,,,34.15154,-118.146708,FAIR OAKS OFF,25.48
2024-12-03 10:10:00,775729,210,E,FF,,,,,,,,34.155812,-118.158089,EB 210 CON,24.49
2024-12-03 10:10:00,776724,210,E,FF,238.0,124.0,114.0,,,,,34.156489,-118.158295,WINONA WAY,24.442
2024-12-03 10:15:00,768916,210,E,FF,,,,,,,,34.15099,-118.152369,NB 710 EXT TO EB 210,25.12
2024-12-03 10:15:00,769849,210,E,FF,224.0,71.0,98.0,55.0,,,,34.211728,-118.228265,OCEAN VIEW,18.18
2024-12-03 10:15:00,770170,210,E,FF,,,,,,,,34.155812,-118.158089,EB 210 TO WB 134 #1,24.49
2024-12-03 10:15:00,773131,210,E,FF,,,,,,,,34.15154,-118.146708,FAIR OAKS OFF,25.48
2024-12-03 10:15:00,775729,210,E,FF,,,,,,,,34.155812,-118.158089,EB 210 CON,24.49
2024-12-03 10:15:00,776724,210,E,FF,274.0,142.0,132.0,,,,,34.156489,-118.158295,WINONA WAY,24.442
2024-12-03 10:20:00,768916,210,E,FF,,,,,,,,34.15099,-118.152369,NB 710 EXT TO EB 210,25.12
2024-12-03 10:20:00,769849,210,E,FF,190.0,52.0,90.0,48.0,,,,34.211728,-118.228265,OCEAN VIEW,18.18
2024-12-03 10:20:00,770170,210,E,FF,,,,,,,,34.155812,-118.158089,EB 210 TO WB 134 #1,24.49
2024-12-03 10:20:00,773131,210,E,FF,,,,,,,,34.15154,-118.146708,FAIR OAKS OFF,25.48
2024-12-03 10:20:00,775729,210,E,FF,,,,,,,,34.155812,-118.158089,EB 210 CON,24.49
2024-12-03 10:20:00,776724,210,E,FF,290.0,159.0,131.0,,,,,34.156489,-118.158295,WINONA WAY,24.442
2024-12-03 10:25:00,768916,210,E,FF,,,,,,,,34.15099,-118.152369,NB 710 EXT TO EB 210,25.12
2024-12-03 10:25:00,769849,210,E,FF,224.0,49.0,109.0,66.0,,,,34.211728,-118.228265,OCEAN VIEW,18.18
2024-12-03 10:25:00,770170,210,E,FF,,,,,,,,34.155812,-118.158089,EB 210 TO WB 134 #1,24.49
2024-12-03 10:25:00,773131,210,E,FF,,,,,,,,34.15154,-118.146708,FAIR OAKS OFF,25.48
2024-12-03 10:25:00,775729,210,E,FF,,,,,,,,34.155812,-118.158089,EB 210 CON,24.49
2024-12-03 10:25:00,776724,210,E,FF,236.0,133.0,103.0,,,,,34.156489,-118.158295,WINONA WAY,24.442
2024-12-03 10:30:00,768916,210,E,FF,,,,,,,,34.15099,-118.152369,NB 710 EXT TO EB 210,25.12
2024-12-03 10:30:00,769849,210,E,FF,231.0,70.0,94.0,67.0,,,,34.211728,-118.228265,OCEAN VIEW,18.18
2024-12-03 10:30:00,770170,210,E,FF,,,,,,,,34.155812,-118.158089,EB 210 TO WB 134 #1,24.49
2024-12-03 10:30:00,773131,210,E,FF,,,,,,,,34.15154,-118.146708,FAIR OAKS OFF,25.48
2024-12-03 10:30:00,775729,210,E,FF,,,,,,,,34.155812,-118.158089,EB 210 CON,24.49
2024-12-03 10:30:00,776724,210,E,FF,254.0,149.0,105.0,,,,,34.156489,-118.158295,WINONA WAY,24.442
2024-12-03 10:35:00,768916,210,E,FF,,,,,,,,34.15099,-118.152369,NB 710 EXT TO EB 210,25.12
2024-12-03 10:35:00,769849,210,E,FF,212.0,57.0,87.0,68.0,,,,34.211728,-118.228265,OCEAN VIEW,18.18
2024-12-03 10:35:00,770170,210,E,FF,,,,,,,,34.155812,-118.158089,EB 210 TO WB 134 #1,24.49
2024-12-03 10:35:00,773131,210,E,FF,,,,,,,,34.15154,-118.146708,FAIR OAKS OFF,25.48
2024-12-03 10:35:00,775729,210,E,FF,,,,,,,,34.155812,-118.158089,EB 210 CON,24.49
2024-12-03 10:35:00,776724,210,E,FF,276.0,154.0,122.0,,,,,34.156489,-118.158295,WINONA WAY,24.442
2024-12-03 10:40:00,768916,210,E,FF,,,,,,,,34.15099,-118.152369,NB 710 EXT TO EB 210,25.12
2024-12-03 10:40:00,769849,210,E,FF,164.0,38.0,83.0,43.0,,,,34.211728,-118.228265,OCEAN VIEW,18.18
2024-12-03 10:40:00,770170,210,E,FF,,,,,,,,34.155812,-118.158089,EB 210 TO WB 134 #1,24.49
2024-12-03 10:40:00,773131,210,E,FF,,,,,,,,34.15154,-118.146708,FAIR OAKS OFF,25.48
2024-12-03 10:40:00,775729,210,E,FF,,,,,,,,34.155812,-118.158089,EB 210 CON,24.49
2024-12-03 10:40:00,776724,210,E,FF,268.0,142.0,126.0,,,,,34.156489,-118.158295,WINONA WAY,24.442
2024-12-03 10:45:00,768916,210,E,FF,,,,,,,,34.15099,-118.152369,NB 710 EXT TO EB 210,25.12
2024-12-03 10:45:00,769849,210,E,FF,176.0,47.0,75.0,54.0,,,,34.211728,-118.228265,OCEAN VIEW,18.18
2024-12-03 10:45:00,770170,210,E,FF,,,,,,,,34.155812,-118.158089,EB 210 TO WB 134 #1,24.49
2024-12-03 10:45:00,773131,210,E,FF,,,,,,,,34.15154,-118.146708,FAIR OAKS OFF,25.48
2024-12-03 10:45:00,775729,210,E,FF,,,,,,,,34.155812,-118.158089,EB 210 CON,24.49
2024-12-03 10:45:00,776724,210,E,FF,255.0,144.0,111.0,,,,,34.156489,-118.158295,WINONA WAY,24.442
2024-12-03 10:50:00,768916,210,E,FF,,,,,,,,34.15099,-118.152369,NB 710 EXT TO EB 210,25.12
2024-12-03 10:50:00,769849,210,E,FF,176.0,38.0,85.0,53.0,,,,34.211728,-118.228265,OCEAN VIEW,18.18
2024-12-03 10:50:00,770170,210,E,FF,,,,,,,,34.155812,-118.158089,EB 210 TO WB 134 #1,24.49
2024-12-03 10:50:00,773131,210,E,FF,,,,,,,,34.15154,-118.146708,FAIR OAKS OFF,25.48
2024-12-03 10:50:00,775729,210,E,FF,,,,,,,,34.155812,-118.158089,EB 210 CON,24.49
2024-12-03 10:50:00,776724,210,E,FF,227.0,134.0,93.0,,,,,34.156489,-118.158295,WINONA WAY,24.442
2024-12-03 10:55:00,768916,210,E,FF,,,,,,,,34.15099,-118.152369,NB 710 EXT TO EB 210,25.12
2024-12-03 10:55:00,769849,210,E,FF,168.0,46.0,74.0,48.0,,,,34.211728,-118.228265,OCEAN VIEW,18.18
2024-12-03 10:55:00,770170,210,E,FF,,,,,,,,34.155812,-118.158089,EB 210 TO WB 134 #1,24.49
2024-12-03 10:55:00,773131,210,E,FF,,,,,,,,34.15154,-118.146708,FAIR OAKS OFF,25.48
2024-12-03 10:55:00,775729,210,E,FF,,,,,,,,34.155812,-118.158089,EB 210 CON,24.49
2024-12-03 10:55:00,776724,210,E,FF,267.0,133.0,134.0,,,,,34.156489,-118.158295,WINONA WAY,24.442
2024-12-03 11:00:00,768916,210,E,FF,,,,,,,,34.15099,-118.152369,NB 710 EXT TO EB 210,25.12
2024-12-03 11:00:00,769849,210,E,FF,163.0,44.0,76.0,43.0,,,,34.211728,-118.228265,OCEAN VIEW,18.18
2024-12-03 11:00:00,770170,210,E,FF,,,,,,,,34.155812,-118.158089,EB 210 TO WB 134 #1,24.49
2024-12-03 11:00:00,773131,210,E,FF,,,,,,,,34.15154,-118.146708,FAIR OAKS OFF,25.48
2024-12-03 11:00:00,775729,210,E,FF,,,,,,,,34.155812,-118.158089,EB 210 CON,24.49
2024-12-03 11:00:00,776724,210,E,FF,274.0,134.0,140.0,,,,,34.156489,-118.158295,WINONA WAY,24.442
2024-12-03 11:05:00,768916,210,E,FF,,,,,,,,34.15099,-118.152369,NB 710 EXT TO EB 210,25.12
2024-12-03 11:05:00,769849,210,E,FF,182.0,42.0,89.0,51.0,,,,34.211728,-118.228265,OCEAN VIEW,18.18
2024-12-03 11:05:00,770170,210,E,FF,,,,,,,,34.155812,-118.158089,EB 210 TO WB 134 #1,24.49
2024-12-03 11:05:00,773131,210,E,FF,,,,,,,,34.15154,-118.146708,FAIR OAKS OFF,25.48
2024-12-03 11:05:00,775729,210,E,FF,,,,,,,,34.155812,-118.158089,EB 210 CON,24.49
2024-12-03 11:05:00,776724,210,E,FF,240.0,110.0,130.0,,,,,34.156489,-118.158295,WINONA WAY,24.442
2024-12-03 11:10:00,768916,210,E,FF,,,,,,,,34.15099,-118.152369,NB 710 EXT TO EB 210,25.12
2024-12-03 11:10:00,769849,210,E,FF,162.0,40.0,77.0,45.0,,,,34.211728,-118.228265,OCEAN VIEW,18.18
2024-12-03 11:10:00,770170,210,E,FF,,,,,,,,34.155812,-118.158089,EB 210 TO WB 134 #1,24.49
2024-12-03 11:10:00,773131,210,E,FF,,,,,,,,34.15154,-118.146708,FAIR OAKS OFF,25.48
2024-12-03 11:10:00,775729,210,E,FF,,,,,,,,34.155812,-118.158089,EB 210 CON,24.49
2024-12-03 11:10:00,776724,210,E,FF,124.0,66.0,58.0,,,,,34.156489,-118.158295,WINONA WAY,24.442
2024-12-03 11:15:00,768916,210,E,FF,,,,,,,,34.15099,-118.152369,NB 710 EXT TO EB 210,25.12
2024-12-03 11:15:00,769849,210,E,FF,186.0,43.0,83.0,60.0,,,,34.211728,-118.228265,OCEAN VIEW,18.18
2024-12-03 11:15:00,770170,210,E,FF,,,,,,,,34.155812,-118.158089,EB 210 TO WB 134 #1,24.49
2024-12-03 11:15:00,773131,210,E,FF,,,,,,,,34.15154,-118.146708,FAIR OAKS OFF,25.48
2024-12-03 11:15:00,775729,210,E,FF,,,,,,,,34.155812,-118.158089,EB 210 CON,24.49
2024-12-03 11:15:00,776724,210,E,FF,245.0,132.0,113.0,,,,,34.156489,-118.158295,WINONA WAY,24.442
2024-12-03 11:20:00,768916,210,E,FF,,,,,,,,34.15099,-118.152369,NB 710 EXT TO EB 210,25.12
2024-12-03 11:20:00,769849,210,E,FF,199.0,44.0,91.0,64.0,,,,34.211728,-118.228265,OCEAN VIEW,18.18
2024-12-03 11:20:00,770170,210,E,FF,,,,,,,,34.155812,-118.158089,EB 210 TO WB 134 #1,24.49
2024-12-03 11:20:00,773131,210,E,FF,,,,,,,,34.15154,-118.146708,FAIR OAKS OFF,25.48
2024-12-03 11:20:00,775729,210,E,FF,,,,,,,,34.155812,-118.158089,EB 210 CON,24.49
2024-12-03 11:20:00,776724,210,E,FF,278.0,145.0,133.0,,,,,34.156489,-118.158295,WINONA WAY,24.442
2024-12-03 11:25:00,768916,210,E,FF,,,,,,,,34.15099,-118.152369,NB 710 EXT TO EB 210,25.12
2024-12-03 11:25:00,769849,210,E,FF,159.0,45.0,65.0,49.0,,,,34.211728,-118.228265,OCEAN VIEW,18.18
2024-12-03 11:25:00,770170,210,E,FF,,,,,,,,34.155812,-118.158089,EB 210 TO WB 134 #1,24.49
2024-12-03 11:25:00,773131,210,E,FF,,,,,,,,34.15154,-118.146708,FAIR OAKS OFF,25.48
2024-12-03 11:25:00,775729,210,E,FF,,,,,,,,34.155812,-118.158089,EB 210 CON,24.49
2024-12-03 11:25:00,776724,210,E,FF,305.0,161.0,144.0,,,,,34.156489,-118.158295,WINONA WAY,24.442
2024-12-03 11:30:00,768916,210,E,FF,,,,,,,,34.15099,-118.152369,NB 710 EXT TO EB 210,25.12
2024-12-03 11:30:00,769849,210,E,FF,181.0,50.0,77.0,54.0,,,,34.211728,-118.228265,OCEAN VIEW,18.18
2024-12-03 11:30:00,770170,210,E,FF,,,,,,,,34.155812,-118.158089,EB 210 TO WB 134 #1,24.49
2024-12-03 11:30:00,773131,210,E,FF,,,,,,,,34.15154,-118.146708,FAIR OAKS OFF,25.48
2024-12-03 11:30:00,775729,210,E,FF,,,,,,,,34.155812,-118.158089,EB 210 CON,24.49
2024-12-03 11:30:00,776724,210,E,FF,269.0,140.0,129.0,,,,,34.156489,-118.158295,WINONA WAY,24.442
2024-12-03 11:35:00,768916,210,E,FF,,,,,,,,34.15099,-118.152369,NB 710 EXT TO EB 210,25.12
2024-12-03 11:35:00,769849,210,E,FF,166.0,51.0,73.0,42.0,,,,34.211728,-118.228265,OCEAN VIEW,18.18
2024-12-03 11:35:00,770170,210,E,FF,,,,,,,,34.155812,-118.158089,EB 210 TO WB 134 #1,24.49
2024-12-03 11:35:00,773131,210,E,FF,,,,,,,,34.15154,-118.146708,FAIR OAKS OFF,25.48
2024-12-03 11:35:00,775729,210,E,FF,,,,,,,,34.155812,-118.158089,EB 210 CON,24.49
2024-12-03 11:35:00,776724,210,E,FF,254.0,137.0,117.0,,,,,34.156489,-118.158295,WINONA WAY,24.442
2024-12-03 11:40:00,768916,210,E,FF,,,,,,,,34.15099,-118.152369,NB 710 EXT TO EB 210,25.12
2024-12-03 11:40:00,769849,210,E,FF,162.0,45.0,78.0,39.0,,,,34.211728,-118.228265,OCEAN VIEW,18.18
2024-12-03 11:40:00,770170,210,E,FF,,,,,,,,34.155812,-118.158089,EB 210 TO WB 134 #1,24.49
2024-12-03 11:40:00,773131,210,E,FF,,,,,,,,34.15154,-118.146708,FAIR OAKS OFF,25.48
2024-12-03 11:40:00,775729,210,E,FF,,,,,,,,34.155812,-118.158089,EB 210 CON,24.49
2024-12-03 11:40:00,776724,210,E,FF,228.0,145.0,83.0,,,,,34.156489,-118.158295,WINONA WAY,24.442
2024-12-03 11:45:00,768916,210,E,FF,,,,,,,,34.15099,-118.152369,NB 710 EXT TO EB 210,25.12
2024-12-03 11:45:00,769849,210,E,FF,199.0,53.0,89.0,57.0,,,,34.211728,-118.228265,OCEAN VIEW,18.18
2024-12-03 11:45:00,770170,210,E,FF,,,,,,,,34.155812,-118.158089,EB 210 TO WB 134 #1,24.49
2024-12-03 11:45:00,773131,210,E,FF,,,,,,,,34.15154,-118.146708,FAIR OAKS OFF,25.48
2024-12-03 11:45:00,775729,210,E,FF,,,,,,,,34.155812,-118.158089,EB 210 CON,24.49
2024-12-03 11:45:00,776724,210,E,FF,263.0,123.0,140.0,,,,,34.156489,-118.158295,WINONA WAY,24.442
2024-12-03 11:50:00,768916,210,E,FF,,,,,,,,34.15099,-118.152369,NB 710 EXT TO EB 210,25.12
2024-12-03 11:50:00,769849,210,E,FF,153.0,44.0,67.0,42.0,,,,34.211728,-118.228265,OCEAN VIEW,18.18
2024-12-03 11:50:00,770170,210,E,FF,,,,,,,,34.155812,-118.158089,EB 210 TO WB 134 #1,24.49
2024-12-03 11:50:00,773131,210,E,FF,,,,,,,,34.15154,-118.146708,FAIR OAKS OFF,25.48
2024-12-03 11:50:00,775729,210,E,FF,,,,,,,,34.155812,-118.158089,EB 210 CON,24.49
2024-12-03 11:50:00,776724,210,E,FF,228.0,129.0,99.0,,,,,34.156489,-118.158295,WINONA WAY,24.442
2024-12-03 11:55:00,768916,210,E,FF,,,,,,,,34.15099,-118.152369,NB 710 EXT TO EB 210,25.12
2024-12-03 11:55:00,769849,210,E,FF,155.0,40.0,70.0,45.0,,,,34.211728,-118.228265,OCEAN VIEW,18.18
2024-12-03 11:55:00,770170,210,E,FF,,,,,,,,34.155812,-118.158089,EB 210 TO WB 134 #1,24.49
2024-12-03 11:55:00,773131,210,E,FF,,,,,,,,34.15154,-118.146708,FAIR OAKS OFF,25.48
2024-12-03 11:55:00,775729,210,E,FF,,,,,,,,34.155812,-118.158089,EB 210 CON,24.49
2024-12-03 11:55:00,776724,210,E,FF,235.0,125.0,110.0,,,,,34.156489,-118.158295,WINONA WAY,24.442
2024-12-03 12:00:00,768916,210,E,FF,,,,,,,,34.15099,-118.152369,NB 710 EXT TO EB 210,25.12
2024-12-03 12:00:00,769849,210,E,FF,156.0,45.0,72.0,39.0,,,,34.211728,-118.228265,OCEAN VIEW,18.18
2024-12-03 12:00:00,770170,210,E,FF,,,,,,,,34.155812,-118.158089,EB 210 TO WB 134 #1,24.49
2024-12-03 12:00:00,773131,210,E,FF,,,,,,,,34.15154,-118.146708,FAIR OAKS OFF,25.48
2024-12-03 12:00:00,775729,210,E,FF,,,,,,,,34.155812,-118.158089,EB 210 CON,24.49
2024-12-03 12:00:00,776724,210,E,FF,239.0,129.0,110.0,,,,,34.156489,-118.158295,WINONA WAY,24.442
2024-12-03 12:05:00,768916,210,E,FF,,,,,,,,34.15099,-118.152369,NB 710 EXT TO EB 210,25.12
2024-12-03 12:05:00,769849,210,E,FF,165.0,40.0,71.0,54.0,,,,34.211728,-118.228265,OCEAN VIEW,18.18
2024-12-03 12:05:00,770170,210,E,FF,,,,,,,,34.155812,-118.158089,EB 210 TO WB 134 #1,24.49
2024-12-03 12:05:00,773131,210,E,FF,,,,,,,,34.15154,-118.146708,FAIR OAKS OFF,25.48
2024-12-03 12:05:00,775729,210,E,FF,,,,,,,,34.155812,-118.158089,EB 210 CON,24.49
2024-12-03 12:05:00,776724,210,E,FF,270.0,136.0,134.0,,,,,34.156489,-118.158295,WINONA WAY,24.442
2024-12-03 12:10:00,768916,210,E,FF,,,,,,,,34.15099,-118.152369,NB 710 EXT TO EB 210,25.12
2024-12-03 12:10:00,769849,210,E,FF,150.0,36.0,66.0,48.0,,,,34.211728,-118.228265,OCEAN VIEW,18.18
2024-12-03 12:10:00,770170,210,E,FF,,,,,,,,34.155812,-118.158089,EB 210 TO WB 134 #1,24.49
2024-12-03 12:10:00,773131,210,E,FF,,,,,,,,34.15154,-118.146708,FAIR OAKS OFF,25.48
2024-12-03 12:10:00,775729,210,E,FF,,,,,,,,34.155812,-118.158089,EB 210 CON,24.49
2024-12-03 12:10:00,776724,210,E,FF,283.0,148.0,135.0,,,,,34.156489,-118.158295,WINONA WAY,24.442
2024-12-03 12:15:00,768916,210,E,FF,,,,,,,,34.15099,-118.152369,NB 710 EXT TO EB 210,25.12
2024-12-03 12:15:00,769849,210,E,FF,124.0,28.0,68.0,28.0,,,,34.211728,-118.228265,OCEAN VIEW,18.18
2024-12-03 12:15:00,770170,210,E,FF,,,,,,,,34.155812,-118.158089,EB 210 TO WB 134 #1,24.49
2024-12-03 12:15:00,773131,210,E,FF,,,,,,,,34.15154,-118.146708,FAIR OAKS OFF,25.48
2024-12-03 12:15:00,775729,210,E,FF,,,,,,,,34.155812,-118.158089,EB 210 CON,24.49
2024-12-03 12:15:00,776724,210,E,FF,215.0,113.0,102.0,,,,,34.156489,-118.158295,WINONA WAY,24.442
2024-12-03 12:20:00,768916,210,E,FF,,,,,,,,34.15099,-118.152369,NB 710 EXT TO EB 210,25.12
2024-12-03 12:20:00,769849,210,E,FF,138.0,31.0,69.0,38.0,,,,34.211728,-118.228265,OCEAN VIEW,18.18
2024-12-03 12:20:00,770170,210,E,FF,,,,,,,,34.155812,-118.158089,EB 210 TO WB 134 #1,24.49
2024-12-03 12:20:00,773131,210,E,FF,,,,,,,,34.15154,-118.146708,FAIR OAKS OFF,25.48
2024-12-03 12:20:00,775729,210,E,FF,,,,,,,,34.155812,-118.158089,EB 210 CON,24.49
2024-12-03 12:20:00,776724,210,E,FF,207.0,103.0,104.0,,,,,34.156489,-118.158295,WINONA WAY,24.442
2024-12-03 12:25:00,768916,210,E,FF,,,,,,,,34.15099,-118.152369,NB 710 EXT TO EB 210,25.12
2024-12-03 12:25:00,769849,210,E,FF,166.0,42.0,78.0,46.0,,,,34.211728,-118.228265,OCEAN VIEW,18.18
2024-12-03 12:25:00,770170,210,E,FF,,,,,,,,34.155812,-118.158089,EB 210 TO WB 134 #1,24.49
2024-12-03 12:25:00,773131,210,E,FF,,,,,,,,34.15154,-118.146708,FAIR OAKS OFF,25.48
2024-12-03 12:25:00,775729,210,E,FF,,,,,,,,34.155812,-118.158089,EB 210 CON,24.49
2024-12-03 12:25:00,776724,210,E,FF,276.0,145.0,131.0,,,,,34.156489,-118.158295,WINONA WAY,24.442
2024-12-03 12:30:00,768916,210,E,FF,,,,,,,,34.15099,-118.152369,NB 710 EXT TO EB 210,25.12
2024-12-03 12:30:00,769849,210,E,FF,132.0,31.0,62.0,39.0,,,,34.211728,-118.228265,OCEAN VIEW,18.18
2024-12-03 12:30:00,770170,210,E,FF,,,,,,,,34.155812,-118.158089,EB 210 TO WB 134 #1,24.49
2024-12-03 12:30:00,773131,210,E,FF,,,,,,,,34.15154,-118.146708,FAIR OAKS OFF,25.48
2024-12-03 12:30:00,775729,210,E,FF,,,,,,,,34.155812,-118.158089,EB 210 CON,24.49
2024-12-03 12:30:00,776724,210,E,FF,278.0,153.0,125.0,,,,,34.156489,-118.158295,WINONA WAY,24.442
2024-12-03 12:35:00,768916,210,E,FF,,,,,,,,34.15099,-118.152369,NB 710 EXT TO EB 210,25.12
2024-12-03 12:35:00,769849,210,E,FF,175.0,46.0,81.0,48.0,,,,34.211728,-118.228265,OCEAN VIEW,18.18
2024-12-03 12:35:00,770170,210,E,FF,,,,,,,,34.155812,-118.158089,EB 210 TO WB 134 #1,24.49
2024-12-03 12:35:00,773131,210,E,FF,,,,,,,,34.15154,-118.146708,FAIR OAKS OFF,25.48
2024-12-03 12:35:00,775729,210,E,FF,,,,,,,,34.155812,-118.158089,EB 210 CON,24.49
2024-12-03 12:35:00,776724,210,E,FF,299.0,159.0,140.0,,,,,34.156489,-118.158295,WINONA WAY,24.442
2024-12-03 12:40:00,768916,210,E,FF,,,,,,,,34.15099,-118.152369,NB 710 EXT TO EB 210,25.12
2024-12-03 12:40:00,769849,210,E,FF,128.0,22.0,66.0,40.0,,,,34.211728,-118.228265,OCEAN VIEW,18.18
2024-12-03 12:40:00,770170,210,E,FF,,,,,,,,34.155812,-118.158089,EB 210 TO WB 134 #1,24.49
2024-12-03 12:40:00,773131,210,E,FF,,,,,,,,34.15154,-118.146708,FAIR OAKS OFF,25.48
2024-12-03 12:40:00,775729,210,E,FF,,,,,,,,34.155812,-118.158089,EB 210 CON,24.49
2024-12-03 12:40:00,776724,210,E,FF,280.0,152.0,128.0,,,,,34.156489,-118.158295,WINONA WAY,24.442
2024-12-03 12:45:00,768916,210,E,FF,,,,,,,,34.15099,-118.152369,NB 710 EXT TO EB 210,25.12
2024-12-03 12:45:00,769849,210,E,FF,141.0,28.0,67.0,46.0,,,,34.211728,-118.228265,OCEAN VIEW,18.18
2024-12-03 12:45:00,770170,210,E,FF,,,,,,,,34.155812,-118.158089,EB 210 TO WB 134 #1,24.49
2024-12-03 12:45:00,773131,210,E,FF,,,,,,,,34.15154,-118.146708,FAIR OAKS OFF,25.48
2024-12-03 12:45:00,775729,210,E,FF,,,,,,,,34.155812,-118.158089,EB 210 CON,24.49
2024-12-03 12:45:00,776724,210,E,FF,296.0,155.0,141.0,,,,,34.156489,-118.158295,WINONA WAY,24.442
2024-12-03 12:50:00,768916,210,E,FF,,,,,,,,34.15099,-118.152369,NB 710 EXT TO EB 210,25.12
2024-12-03 12:50:00,769849,210,E,FF,120.0,19.0,72.0,29.0,,,,34.211728,-118.228265,OCEAN VIEW,18.18
2024-12-03 12:50:00,770170,210,E,FF,,,,,,,,34.155812,-118.158089,EB 210 TO WB 134 #1,24.49
2024-12-03 12:50:00,773131,210,E,FF,,,,,,,,34.15154,-118.146708,FAIR OAKS OFF,25.48
2024-12-03 12:50:00,775729,210,E,FF,,,,,,,,34.155812,-118.158089,EB 210 CON,24.49
2024-12-03 12:50:00,776724,210,E,FF,293.0,145.0,148.0,,,,,34.156489,-118.158295,WINONA WAY,24.442
2024-12-03 12:55:00,768916,210,E,FF,,,,,,,,34.15099,-118.152369,NB 710 EXT TO EB 210,25.12
2024-12-03 12:55:00,769849,210,E,FF,114.0,19.0,52.0,43.0,,,,34.211728,-118.228265,OCEAN VIEW,18.18
2024-12-03 12:55:00,770170,210,E,FF,,,,,,,,34.155812,-118.158089,EB 210 TO WB 134 #1,24.49
2024-12-03 12:55:00,773131,210,E,FF,,,,,,,,34.15154,-118.146708,FAIR OAKS OFF,25.48
2024-12-03 12:55:00,775729,210,E,FF,,,,,,,,34.155812,-118.158089,EB 210 CON,24.49
2024-12-03 12:55:00,776724,210,E,FF,248.0,118.0,130.0,,,,,34.156489,-118.158295,WINONA WAY,24.442
2024-12-03 13:00:00,768916,210,E,FF,,,,,,,,34.15099,-118.152369,NB 710 EXT TO EB 210,25.12
2024-12-03 13:00:00,769849,210,E,FF,138.0,31.0,65.0,42.0,,,,34.211728,-118.228265,OCEAN VIEW,18.18
2024-12-03 13:00:00,770170,210,E,FF,,,,,,,,34.155812,-118.158089,EB 210 TO WB 134 #1,24.49
2024-12-03 13:00:00,773131,210,E,FF,,,,,,,,34.15154,-118.146708,FAIR OAKS OFF,25.48
2024-12-03 13:00:00,775729,210,E,FF,,,,,,,,34.155812,-118.158089,EB 210 CON,24.49
2024-12-03 13:00:00,776724,210,E,FF,228.0,123.0,105.0,,,,,34.156489,-118.158295,WINONA WAY,24.442
2024-12-03 13:05:00,768916,210,E,FF,,,,,,,,34.15099,-118.152369,NB 710 EXT TO EB 210,25.12
2024-12-03 13:05:00,769849,210,E,FF,140.0,32.0,64.0,44.0,,,,34.211728,-118.228265,OCEAN VIEW,18.18
2024-12-03 13:05:00,770170,210,E,FF,,,,,,,,34.155812,-118.158089,EB 210 TO WB 134 #1,24.49
2024-12-03 13:05:00,773131,210,E,FF,,,,,,,,34.15154,-118.146708,FAIR OAKS OFF,25.48
2024-12-03 13:05:00,775729,210,E,FF,,,,,,,,34.155812,-118.158089,EB 210 CON,24.49
2024-12-03 13:05:00,776724,210,E,FF,233.0,116.0,117.0,,,,,34.156489,-118.158295,WINONA WAY,24.442
2024-12-03 13:10:00,768916,210,E,FF,,,,,,,,34.15099,-118.152369,NB 710 EXT TO EB 210,25.12
2024-12-03 13:10:00,769849,210,E,FF,146.0,35.0,78.0,33.0,,,,34.211728,-118.228265,OCEAN VIEW,18.18
2024-12-03 13:10:00,770170,210,E,FF,,,,,,,,34.155812,-118.158089,EB 210 TO WB 134 #1,24.49
2024-12-03 13:10:00,773131,210,E,FF,,,,,,,,34.15154,-118.146708,FAIR OAKS OFF,25.48
2024-12-03 13:10:00,775729,210,E,FF,,,,,,,,34.155812,-118.158089,EB 210 CON,24.49
2024-12-03 13:10:00,776724,210,E,FF,250.0,138.0,112.0,,,,,34.156489,-118.158295,WINONA WAY,24.442
2024-12-03 13:15:00,768916,210,E,FF,,,,,,,,34.15099,-118.152369,NB 710 EXT TO EB 210,25.12
2024-12-03 13:15:00,769849,210,E,FF,140.0,41.0,65.0,34.0,,,,34.211728,-118.228265,OCEAN VIEW,18.18
2024-12-03 13:15:00,770170,210,E,FF,,,,,,,,34.155812,-118.158089,EB 210 TO WB 134 #1,24.49
2024-12-03 13:15:00,773131,210,E,FF,,,,,,,,34.15154,-118.146708,FAIR OAKS OFF,25.48
2024-12-03 13:15:00,775729,210,E,FF,,,,,,,,34.155812,-118.158089,EB 210 CON,24.49
2024-12-03 13:15:00,776724,210,E,FF,261.0,122.0,139.0,,,,,34.156489,-118.158295,WINONA WAY,24.442
2024-12-03 13:20:00,768916,210,E,FF,,,,,,,,34.15099,-118.152369,NB 710 EXT TO EB 210,25.12
2024-12-03 13:20:00,769849,210,E,FF,129.0,34.0,58.0,37.0,,,,34.211728,-118.228265,OCEAN VIEW,18.18
2024-12-03 13:20:00,770170,210,E,FF,,,,,,,,34.155812,-118.158089,EB 210 TO WB 134 #1,24.49
2024-12-03 13:20:00,773131,210,E,FF,,,,,,,,34.15154,-118.146708,FAIR OAKS OFF,25.48
2024-12-03 13:20:00,775729,210,E,FF,,,,,,,,34.155812,-118.158089,EB 210 CON,24.49
2024-12-03 13:20:00,776724,210,E,FF,235.0,112.0,123.0,,,,,34.156489,-118.158295,WINONA WAY,24.442
2024-12-03 13:25:00,768916,210,E,FF,,,,,,,,34.15099,-118.152369,NB 710 EXT TO EB 210,25.12
2024-12-03 13:25:00,769849,210,E,FF,138.0,42.0,68.0,28.0,,,,34.211728,-118.228265,OCEAN VIEW,18.18
2024-12-03 13:25:00,770170,210,E,FF,,,,,,,,34.155812,-118.158089,EB 210 TO WB 134 #1,24.49
2024-12-03 13:25:00,773131,210,E,FF,,,,,,,,34.15154,-118.146708,FAIR OAKS OFF,25.48
2024-12-03 13:25:00,775729,210,E,FF,,,,,,,,34.155812,-118.158089,EB 210 CON,24.49
2024-12-03 13:25:00,776724,210,E,FF,239.0,128.0,111.0,,,,,34.156489,-118.158295,WINONA WAY,24.442
2024-12-03 13:30:00,768916,210,E,FF,,,,,,,,34.15099,-118.152369,NB 710 EXT TO EB 210,25.12
2024-12-03 13:30:00,769849,210,E,FF,137.0,28.0,66.0,43.0,,,,34.211728,-118.228265,OCEAN VIEW,18.18
2024-12-03 13:30:00,770170,210,E,FF,,,,,,,,34.155812,-118.158089,EB 210 TO WB 134 #1,24.49
2024-12-03 13:30:00,773131,210,E,FF,,,,,,,,34.15154,-118.146708,FAIR OAKS OFF,25.48
2024-12-03 13:30:00,775729,210,E,FF,,,,,,,,34.155812,-118.158089,EB 210 CON,24.49
2024-12-03 13:30:00,776724,210,E,FF,240.0,122.0,118.0,,,,,34.156489,-118.158295,WINONA WAY,24.442
2024-12-03 13:35:00,768916,210,E,FF,,,,,,,,34.15099,-118.152369,NB 710 EXT TO EB 210,25.12
2024-12-03 13:35:00,769849,210,E,FF,142.0,38.0,70.0,34.0,,,,34.211728,-118.228265,OCEAN VIEW,18.18
2024-12-03 13:35:00,770170,210,E,FF,,,,,,,,34.155812,-118.158089,EB 210 TO WB 134 #1,24.49
2024-12-03 13:35:00,773131,210,E,FF,,,,,,,,34.15154,-118.146708,FAIR OAKS OFF,25.48
2024-12-03 13:35:00,775729,210,E,FF,,,,,,,,34.155812,-118.158089,EB 210 CON,24.49
2024-12-03 13:35:00,776724,210,E,FF,251.0,127.0,124.0,,,,,34.156489,-118.158295,WINONA WAY,24.442
2024-12-03 13:40:00,768916,210,E,FF,,,,,,,,34.15099,-118.152369,NB 710 EXT TO EB 210,25.12
2024-12-03 13:40:00,769849,210,E,FF,159.0,42.0,78.0,39.0,,,,34.211728,-118.228265,OCEAN VIEW,18.18
2024-12-03 13:40:00,770170,210,E,FF,,,,,,,,34.155812,-118.158089,EB 210 TO WB 134 #1,24.49
2024-12-03 13:40:00,773131,210,E,FF,,,,,,,,34.15154,-118.146708,FAIR OAKS OFF,25.48
2024-12-03 13:40:00,775729,210,E,FF,,,,,,,,34.155812,-118.158089,EB 210 CON,24.49
2024-12-03 13:40:00,776724,210,E,FF,267.0,135.0,132.0,,,,,34.156489,-118.158295,WINONA WAY,24.442
2024-12-03 13:45:00,768916,210,E,FF,,,,,,,,34.15099,-118.152369,NB 710 EXT TO EB 210,25.12
2024-12-03 13:45:00,769849,210,E,FF,159.0,40.0,69.0,50.0,,,,34.211728,-118.228265,OCEAN VIEW,18.18
2024-12-03 13:45:00,770170,210,E,FF,,,,,,,,34.155812,-118.158089,EB 210 TO WB 134 #1,24.49
2024-12-03 13:45:00,773131,210,E,FF,,,,,,,,34.15154,-118.146708,FAIR OAKS OFF,25.48
2024-12-03 13:45:00,775729,210,E,FF,,,,,,,,34.155812,-118.158089,EB 210 CON,24.49
2024-12-03 13:45:00,776724,210,E,FF,285.0,158.0,127.0,,,,,34.156489,-118.158295,WINONA WAY,24.442
2024-12-03 13:50:00,768916,210,E,FF,,,,,,,,34.15099,-118.152369,NB 710 EXT TO EB 210,25.12
2024-12-03 13:50:00,769849,210,E,FF,166.0,43.0,79.0,44.0,,,,34.211728,-118.228265,OCEAN VIEW,18.18
2024-12-03 13:50:00,770170,210,E,FF,,,,,,,,34.155812,-118.158089,EB 210 TO WB 134 #1,24.49
2024-12-03 13:50:00,773131,210,E,FF,,,,,,,,34.15154,-118.146708,FAIR OAKS OFF,25.48
2024-12-03 13:50:00,775729,210,E,FF,,,,,,,,34.155812,-118.158089,EB 210 CON,24.49
2024-12-03 13:50:00,776724,210,E,FF,261.0,129.0,132.0,,,,,34.156489,-118.158295,WINONA WAY,24.442
2024-12-03 13:55:00,768916,210,E,FF,,,,,,,,34.15099,-118.152369,NB 710 EXT TO EB 210,25.12
2024-12-03 13:55:00,769849,210,E,FF,167.0,51.0,73.0,43.0,,,,34.211728,-118.228265,OCEAN VIEW,18.18
2024-12-03 13:55:00,770170,210,E,FF,,,,,,,,34.155812,-118.158089,EB 210 TO WB 134 #1,24.49
2024-12-03 13:55:00,773131,210,E,FF,,,,,,,,34.15154,-118.146708,FAIR OAKS OFF,25.48
2024-12-03 13:55:00,775729,210,E,FF,,,,,,,,34.155812,-118.158089,EB 210 CON,24.49
2024-12-03 13:55:00,776724,210,E,FF,307.0,148.0,159.0,,,,,34.156489,-118.158295,WINONA WAY,24.442
2024-12-03 14:00:00,768916,210,E,FF,,,,,,,,34.15099,-118.152369,NB 710 EXT TO EB 210,25.12
2024-12-03 14:00:00,769849,210,E,FF,157.0,27.0,85.0,45.0,,,,34.211728,-118.228265,OCEAN VIEW,18.18
2024-12-03 14:00:00,770170,210,E,FF,,,,,,,,34.155812,-118.158089,EB 210 TO WB 134 #1,24.49
2024-12-03 14:00:00,773131,210,E,FF,,,,,,,,34.15154,-118.146708,FAIR OAKS OFF,25.48
2024-12-03 14:00:00,775729,210,E,FF,,,,,,,,34.155812,-118.158089,EB 210 CON,24.49
2024-12-03 14:00:00,776724,210,E,FF,280.0,135.0,145.0,,,,,34.156489,-118.158295,WINONA WAY,24.442
2024-12-03 14:05:00,768916,210,E,FF,,,,,,,,34.15099,-118.152369,NB 710 EXT TO EB 210,25.12
2024-12-03 14:05:00,769849,210,E,FF,174.0,52.0,81.0,41.0,,,,34.211728,-118.228265,OCEAN VIEW,18.18
2024-12-03 14:05:00,770170,210,E,FF,,,,,,,,34.155812,-118.158089,EB 210 TO WB 134 #1,24.49
2024-12-03 14:05:00,773131,210,E,FF,,,,,,,,34.15154,-118.146708,FAIR OAKS OFF,25.48
2024-12-03 14:05:00,775729,210,E,FF,,,,,,,,34.155812,-118.158089,EB 210 CON,24.49
2024-12-03 14:05:00,776724,210,E,FF,271.0,144.0,127.0,,,,,34.156489,-118.158295,WINONA WAY,24.442
2024-12-03 14:10:00,768916,210,E,FF,,,,,,,,34.15099,-118.152369,NB 710 EXT TO EB 210,25.12
2024-12-03 14:10:00,769849,210,E,FF,205.0,51.0,102.0,52.0,,,,34.211728,-118.228265,OCEAN VIEW,18.18
2024-12-03 14:10:00,770170,210,E,FF,,,,,,,,34.155812,-118.158089,EB 210 TO WB 134 #1,24.49
2024-12-03 14:10:00,773131,210,E,FF,,,,,,,,34.15154,-118.146708,FAIR OAKS OFF,25.48
2024-12-03 14:10:00,775729,210,E,FF,,,,,,,,34.155812,-118.158089,EB 210 CON,24.49
2024-12-03 14:10:00,776724,210,E,FF,250.0,113.0,137.0,,,,,34.156489,-118.158295,WINONA WAY,24.442
2024-12-03 14:15:00,768916,210,E,FF,,,,,,,,34.15099,-118.152369,NB 710 EXT TO EB 210,25.12
2024-12-03 14:15:00,769849,210,E,FF,172.0,40.0,81.0,51.0,,,,34.211728,-118.228265,OCEAN VIEW,18.18
2024-12-03 14:15:00,770170,210,E,FF,,,,,,,,34.155812,-118.158089,EB 210 TO WB 134 #1,24.49
2024-12-03 14:15:00,773131,210,E,FF,,,,,,,,34.15154,-118.146708,FAIR OAKS OFF,25.48
2024-12-03 14:15:00,775729,210,E,FF,,,,,,,,34.155812,-118.158089,EB 210 CON,24.49
2024-12-03 14:15:00,776724,210,E,FF,281.0,149.0,132.0,,,,,34.156489,-118.158295,WINONA WAY,24.442
2024-12-03 14:20:00,768916,210,E,FF,,,,,,,,34.15099,-118.152369,NB 710 EXT TO EB 210,25.12
2024-12-03 14:20:00,769849,210,E,FF,161.0,40.0,77.0,44.0,,,,34.211728,-118.228265,OCEAN VIEW,18.18
2024-12-03 14:20:00,770170,210,E,FF,,,,,,,,34.155812,-118.158089,EB 210 TO WB 134 #1,24.49
2024-12-03 14:20:00,773131,210,E,FF,,,,,,,,34.15154,-118.146708,FAIR OAKS OFF,25.48
2024-12-03 14:20:00,775729,210,E,FF,,,,,,,,34.155812,-118.158089,EB 210 CON,24.49
2024-12-03 14:20:00,776724,210,E,FF,282.0,156.0,126.0,,,,,34.156489,-118.158295,WINONA WAY,24.442
2024-12-03 14:25:00,768916,210,E,FF,,,,,,,,34.15099,-118.152369,NB 710 EXT TO EB 210,25.12
2024-12-03 14:25:00,769849,210,E,FF,170.0,41.0,78.0,51.0,,,,34.211728,-118.228265,OCEAN VIEW,18.18
2024-12-03 14:25:00,770170,210,E,FF,,,,,,,,34.155812,-118.158089,EB 210 TO WB 134 #1,24.49
2024-12-03 14:25:00,773131,210,E,FF,,,,,,,,34.15154,-118.146708,FAIR OAKS OFF,25.48
2024-12-03 14:25:00,775729,210,E,FF,,,,,,,,34.155812,-118.158089,EB 210 CON,24.49
2024-12-03 14:25:00,776724,210,E,FF,285.0,139.0,146.0,,,,,34.156489,-118.158295,WINONA WAY,24.442
2024-12-03 14:30:00,768916,210,E,FF,,,,,,,,34.15099,-118.152369,NB 710 EXT TO EB 210,25.12
2024-12-03 14:30:00,769849,210,E,FF,194.0,47.0,96.0,51.0,,,,34.211728,-118.228265,OCEAN VIEW,18.18
2024-12-03 14:30:00,770170,210,E,FF,,,,,,,,34.155812,-118.158089,EB 210 TO WB 134 #1,24.49
2024-12-03 14:30:00,773131,210,E,FF,,,,,,,,34.15154,-118.146708,FAIR OAKS OFF,25.48
2024-12-03 14:30:00,775729,210,E,FF,,,,,,,,34.155812,-118.158089,EB 210 CON,24.49
2024-12-03 14:30:00,776724,210,E,FF,289.0,142.0,147.0,,,,,34.156489,-118.158295,WINONA WAY,24.442
2024-12-03 14:35:00,768916,210,E,FF,,,,,,,,34.15099,-118.152369,NB 710 EXT TO EB 210,25.12
2024-12-03 14:35:00,769849,210,E,FF,209.0,63.0,98.0,48.0,,,,34.211728,-118.228265,OCEAN VIEW,18.18
2024-12-03 14:35:00,770170,210,E,FF,,,,,,,,34.155812,-118.158089,EB 210 TO WB 134 #1,24.49
2024-12-03 14:35:00,773131,210,E,FF,,,,,,,,34.15154,-118.146708,FAIR OAKS OFF,25.48
2024-12-03 14:35:00,775729,210,E,FF,,,,,,,,34.155812,-118.158089,EB 210 CON,24.49
2024-12-03 14:35:00,776724,210,E,FF,266.0,138.0,128.0,,,,,34.156489,-118.158295,WINONA WAY,24.442
2024-12-03 14:40:00,768916,210,E,FF,,,,,,,,34.15099,-118.152369,NB 710 EXT TO EB 210,25.12
2024-12-03 14:40:00,769849,210,E,FF,211.0,59.0,98.0,54.0,,,,34.211728,-118.228265,OCEAN VIEW,18.18
2024-12-03 14:40:00,770170,210,E,FF,,,,,,,,34.155812,-118.158089,EB 210 TO WB 134 #1,24.49
2024-12-03 14:40:00,773131,210,E,FF,,,,,,,,34.15154,-118.146708,FAIR OAKS OFF,25.48
2024-12-03 14:40:00,775729,210,E,FF,,,,,,,,34.155812,-118.158089,EB 210 CON,24.49
2024-12-03 14:40:00,776724,210,E,FF,260.0,128.0,132.0,,,,,34.156489,-118.158295,WINONA WAY,24.442
2024-12-03 14:45:00,768916,210,E,FF,,,,,,,,34.15099,-118.152369,NB 710 EXT TO EB 210,25.12
2024-12-03 14:45:00,769849,210,E,FF,245.0,76.0,105.0,64.0,,,,34.211728,-118.228265,OCEAN VIEW,18.18
2024-12-03 14:45:00,770170,210,E,FF,,,,,,,,34.155812,-118.158089,EB 210 TO WB 134 #1,24.49
2024-12-03 14:45:00,773131,210,E,FF,,,,,,,,34.15154,-118.146708,FAIR OAKS OFF,25.48
2024-12-03 14:45:00,775729,210,E,FF,,,,,,,,34.155812,-118.158089,EB 210 CON,24.49
2024-12-03 14:45:00,776724,210,E,FF,272.0,136.0,136.0,,,,,34.156489,-118.158295,WINONA WAY,24.442
2024-12-03 14:50:00,768916,210,E,FF,,,,,,,,34.15099,-118.152369,NB 710 EXT TO EB 210,25.12
2024-12-03 14:50:00,769849,210,E,FF,263.0,74.0,122.0,67.0,,,,34.211728,-118.228265,OCEAN VIEW,18.18
2024-12-03 14:50:00,770170,210,E,FF,,,,,,,,34.155812,-118.158089,EB 210 TO WB 134 #1,24.49
2024-12-03 14:50:00,773131,210,E,FF,,,,,,,,34.15154,-118.146708,FAIR OAKS OFF,25.48
2024-12-03 14:50:00,775729,210,E,FF,,,,,,,,34.155812,-118.158089,EB 210 CON,24.49
2024-12-03 14:50:00,776724,210,E,FF,255.0,136.0,119.0,,,,,34.156489,-118.158295,WINONA WAY,24.442
2024-12-03 14:55:00,768916,210,E,FF,,,,,,,,34.15099,-118.152369,NB 710 EXT TO EB 210,25.12
2024-12-03 14:55:00,769849,210,E,FF,229.0,66.0,103.0,60.0,,,,34.211728,-118.228265,OCEAN VIEW,18.18
2024-12-03 14:55:00,770170,210,E,FF,,,,,,,,34.155812,-118.158089,EB 210 TO WB 134 #1,24.49
2024-12-03 14:55:00,773131,210,E,FF,,,,,,,,34.15154,-118.146708,FAIR OAKS OFF,25.48
2024-12-03 14:55:00,775729,210,E,FF,,,,,,,,34.155812,-118.158089,EB 210 CON,24.49
2024-12-03 14:55:00,776724,210,E,FF,234.0,113.0,121.0,,,,,34.156489,-118.158295,WINONA WAY,24.442
2024-12-03 15:00:00,768916,210,E,FF,,,,,,,,34.15099,-118.152369,NB 710 EXT TO EB 210,25.12
2024-12-03 15:00:00,769849,210,E,FF,240.0,69.0,105.0,66.0,,,,34.211728,-118.228265,OCEAN VIEW,18.18
2024-12-03 15:00:00,770170,210,E,FF,,,,,,,,34.155812,-118.158089,EB 210 TO WB 134 #1,24.49
2024-12-03 15:00:00,773131,210,E,FF,,,,,,,,34.15154,-118.146708,FAIR OAKS OFF,25.48
2024-12-03 15:00:00,775729,210,E,FF,,,,,,,,34.155812,-118.158089,EB 210 CON,24.49
2024-12-03 15:00:00,776724,210,E,FF,192.0,86.0,106.0,,,,,34.156489,-118.158295,WINONA WAY,24.442
2024-12-03 15:05:00,768916,210,E,FF,,,,,,,,34.15099,-118.152369,NB 710 EXT TO EB 210,25.12
2024-12-03 15:05:00,769849,210,E,FF,279.0,80.0,123.0,76.0,,,,34.211728,-118.228265,OCEAN VIEW,18.18
2024-12-03 15:05:00,770170,210,E,FF,,,,,,,,34.155812,-118.158089,EB 210 TO WB 134 #1,24.49
2024-12-03 15:05:00,773131,210,E,FF,,,,,,,,34.15154,-118.146708,FAIR OAKS OFF,25.48
2024-12-03 15:05:00,775729,210,E,FF,,,,,,,,34.155812,-118.158089,EB 210 CON,24.49
2024-12-03 15:05:00,776724,210,E,FF,226.0,109.0,117.0,,,,,34.156489,-118.158295,WINONA WAY,24.442
2024-12-03 15:10:00,768916,210,E,FF,,,,,,,,34.15099,-118.152369,NB 710 EXT TO EB 210,25.12
2024-12-03 15:10:00,769849,210,E,FF,258.0,81.0,107.0,70.0,,,,34.211728,-118.228265,OCEAN VIEW,18.18
2024-12-03 15:10:00,770170,210,E,FF,,,,,,,,34.155812,-118.158089,EB 210 TO WB 134 #1,24.49
2024-12-03 15:10:00,773131,210,E,FF,,,,,,,,34.15154,-118.146708,FAIR OAKS OFF,25.48
2024-12-03 15:10:00,775729,210,E,FF,,,,,,,,34.155812,-118.158089,EB 210 CON,24.49
2024-12-03 15:10:00,776724,210,E,FF,221.0,114.0,107.0,,,,,34.156489,-118.158295,WINONA WAY,24.442
2024-12-03 15:15:00,768916,210,E,FF,,,,,,,,34.15099,-118.152369,NB 710 EXT TO EB 210,25.12
2024-12-03 15:15:00,769849,210,E,FF,272.0,83.0,111.0,78.0,,,,34.211728,-118.228265,OCEAN VIEW,18.18
2024-12-03 15:15:00,770170,210,E,FF,,,,,,,,34.155812,-118.158089,EB 210 TO WB 134 #1,24.49
2024-12-03 15:15:00,773131,210,E,FF,,,,,,,,34.15154,-118.146708,FAIR OAKS OFF,25.48
2024-12-03 15:15:00,775729,210,E,FF,,,,,,,,34.155812,-118.158089,EB 210 CON,24.49
2024-12-03 15:15:00,776724,210,E,FF,245.0,128.0,117.0,,,,,34.156489,-118.158295,WINONA WAY,24.442
2024-12-03 15:20:00,768916,210,E,FF,,,,,,,,34.15099,-118.152369,NB 710 EXT TO EB 210,25.12
2024-12-03 15:20:00,769849,210,E,FF,275.0,79.0,121.0,75.0,,,,34.211728,-118.228265,OCEAN VIEW,18.18
2024-12-03 15:20:00,770170,210,E,FF,,,,,,,,34.155812,-118.158089,EB 210 TO WB 134 #1,24.49
2024-12-03 15:20:00,773131,210,E,FF,,,,,,,,34.15154,-118.146708,FAIR OAKS OFF,25.48
2024-12-03 15:20:00,775729,210,E,FF,,,,,,,,34.155812,-118.158089,EB 210 CON,24.49
2024-12-03 15:20:00,776724,210,E,FF,203.0,96.0,107.0,,,,,34.156489,-118.158295,WINONA WAY,24.442
2024-12-03 15:25:00,768916,210,E,FF,,,,,,,,34.15099,-118.152369,NB 710 EXT TO EB 210,25.12
2024-12-03 15:25:00,769849,210,E,FF,274.0,81.0,122.0,71.0,,,,34.211728,-118.228265,OCEAN VIEW,18.18
2024-12-03 15:25:00,770170,210,E,FF,,,,,,,,34.155812,-118.158089,EB 210 TO WB 134 #1,24.49
2024-12-03 15:25:00,773131,210,E,FF,,,,,,,,34.15154,-118.146708,FAIR OAKS OFF,25.48
2024-12-03 15:25:00,775729,210,E,FF,,,,,,,,34.155812,-118.158089,EB 210 CON,24.49
2024-12-03 15:25:00,776724,210,E,FF,173.0,71.0,102.0,,,,,34.156489,-118.158295,WINONA WAY,24.442
2024-12-03 15:30:00,768916,210,E,FF,,,,,,,,34.15099,-118.152369,NB 710 EXT TO EB 210,25.12
2024-12-03 15:30:00,769849,210,E,FF,267.0,81.0,115.0,71.0,,,,34.211728,-118.228265,OCEAN VIEW,18.18
2024-12-03 15:30:00,770170,210,E,FF,,,,,,,,34.155812,-118.158089,EB 210 TO WB 134 #1,24.49
2024-12-03 15:30:00,773131,210,E,FF,,,,,,,,34.15154,-118.146708,FAIR OAKS OFF,25.48
2024-12-03 15:30:00,775729,210,E,FF,,,,,,,,34.155812,-118.158089,EB 210 CON,24.49
2024-12-03 15:30:00,776724,210,E,FF,170.0,74.0,96.0,,,,,34.156489,-118.158295,WINONA WAY,24.442
2024-12-03 15:35:00,768916,210,E,FF,,,,,,,,34.15099,-118.152369,NB 710 EXT TO EB 210,25.12
2024-12-03 15:35:00,769849,210,E,FF,273.0,77.0,122.0,74.0,,,,34.211728,-118.228265,OCEAN VIEW,18.18
2024-12-03 15:35:00,770170,210,E,FF,,,,,,,,34.155812,-118.158089,EB 210 TO WB 134 #1,24.49
2024-12-03 15:35:00,773131,210,E,FF,,,,,,,,34.15154,-118.146708,FAIR OAKS OFF,25.48
2024-12-03 15:35:00,775729,210,E,FF,,,,,,,,34.155812,-118.158089,EB 210 CON,24.49
2024-12-03 15:35:00,776724,210,E,FF,188.0,84.0,104.0,,,,,34.156489,-118.158295,WINONA WAY,24.442
2024-12-03 15:40:00,768916,210,E,FF,,,,,,,,34.15099,-118.152369,NB 710 EXT TO EB 210,25.12
2024-12-03 15:40:00,769849,210,E,FF,299.0,87.0,119.0,93.0,,,,34.211728,-118.228265,OCEAN VIEW,18.18
2024-12-03 15:40:00,770170,210,E,FF,,,,,,,,34.155812,-118.158089,EB 210 TO WB 134 #1,24.49
2024-12-03 15:40:00,773131,210,E,FF,,,,,,,,34.15154,-118.146708,FAIR OAKS OFF,25.48
2024-12-03 15:40:00,775729,210,E,FF,,,,,,,,34.155812,-118.158089,EB 210 CON,24.49
2024-12-03 15:40:00,776724,210,E,FF,120.0,44.0,76.0,,,,,34.156489,-118.158295,WINONA WAY,24.442
2024-12-03 15:45:00,768916,210,E,FF,,,,,,,,34.15099,-118.152369,NB 710 EXT TO EB 210,25.12
2024-12-03 15:45:00,769849,210,E,FF,307.0,95.0,127.0,85.0,,,,34.211728,-118.228265,OCEAN VIEW,18.18
2024-12-03 15:45:00,770170,210,E,FF,,,,,,,,34.155812,-118.158089,EB 210 TO WB 134 #1,24.49
2024-12-03 15:45:00,773131,210,E,FF,,,,,,,,34.15154,-118.146708,FAIR OAKS OFF,25.48
2024-12-03 15:45:00,775729,210,E,FF,,,,,,,,34.155812,-118.158089,EB 210 CON,24.49
2024-12-03 15:45:00,776724,210,E,FF,172.0,77.0,95.0,,,,,34.156489,-118.158295,WINONA WAY,24.442
2024-12-03 15:50:00,768916,210,E,FF,,,,,,,,34.15099,-118.152369,NB 710 EXT TO EB 210,25.12
2024-12-03 15:50:00,769849,210,E,FF,271.0,84.0,114.0,73.0,,,,34.211728,-118.228265,OCEAN VIEW,18.18
2024-12-03 15:50:00,770170,210,E,FF,,,,,,,,34.155812,-118.158089,EB 210 TO WB 134 #1,24.49
2024-12-03 15:50:00,773131,210,E,FF,,,,,,,,34.15154,-118.146708,FAIR OAKS OFF,25.48
2024-12-03 15:50:00,775729,210,E,FF,,,,,,,,34.155812,-118.158089,EB 210 CON,24.49
2024-12-03 15:50:00,776724,210,E,FF,157.0,81.0,76.0,,,,,34.156489,-118.158295,WINONA WAY,24.442
2024-12-03 15:55:00,768916,210,E,FF,,,,,,,,34.15099,-118.152369,NB 710 EXT TO EB 210,25.12
2024-12-03 15:55:00,769849,210,E,FF,278.0,92.0,122.0,64.0,,,,34.211728,-118.228265,OCEAN VIEW,18.18
2024-12-03 15:55:00,770170,210,E,FF,,,,,,,,34.155812,-118.158089,EB 210 TO WB 134 #1,24.49
2024-12-03 15:55:00,773131,210,E,FF,,,,,,,,34.15154,-118.146708,FAIR OAKS OFF,25.48
2024-12-03 15:55:00,775729,210,E,FF,,,,,,,,34.155812,-118.158089,EB 210 CON,24.49
2024-12-03 15:55:00,776724,210,E,FF,146.0,65.0,81.0,,,,,34.156489,-118.158295,WINONA WAY,24.442
2024-12-03 16:00:00,768916,210,E,FF,,,,,,,,34.15099,-118.152369,NB 710 EXT TO EB 210,25.12
2024-12-03 16:00:00,769849,210,E,FF,268.0,97.0,104.0,67.0,,,,34.211728,-118.228265,OCEAN VIEW,18.18
2024-12-03 16:00:00,770170,210,E,FF,,,,,,,,34.155812,-118.158089,EB 210 TO WB 134 #1,24.49
2024-12-03 16:00:00,773131,210,E,FF,,,,,,,,34.15154,-118.146708,FAIR OAKS OFF,25.48
2024-12-03 16:00:00,775729,210,E,FF,,,,,,,,34.155812,-118.158089,EB 210 CON,24.49
2024-12-03 16:00:00,776724,210,E,FF,129.0,66.0,63.0,,,,,34.156489,-118.158295,WINONA WAY,24.442
2024-12-03 16:05:00,768916,210,E,FF,,,,,,,,34.15099,-118.152369,NB 710 EXT TO EB 210,25.12
2024-12-03 16:05:00,769849,210,E,FF,234.0,81.0,88.0,65.0,,,,34.211728,-118.228265,OCEAN VIEW,18.18
2024-12-03 16:05:00,770170,210,E,FF,,,,,,,,34.155812,-118.158089,EB 210 TO WB 134 #1,24.49
2024-12-03 16:05:00,773131,210,E,FF,,,,,,,,34.15154,-118.146708,FAIR OAKS OFF,25.48
2024-12-03 16:05:00,775729,210,E,FF,,,,,,,,34.155812,-118.158089,EB 210 CON,24.49
2024-12-03 16:05:00,776724,210,E,FF,178.0,77.0,101.0,,,,,34.156489,-118.158295,WINONA WAY,24.442
2024-12-03 16:10:00,768916,210,E,FF,,,,,,,,34.15099,-118.152369,NB 710 EXT TO EB 210,25.12
2024-12-03 16:10:00,769849,210,E,FF,266.0,86.0,100.0,80.0,,,,34.211728,-118.228265,OCEAN VIEW,18.18
2024-12-03 16:10:00,770170,210,E,FF,,,,,,,,34.155812,-118.158089,EB 210 TO WB 134 #1,24.49
2024-12-03 16:10:00,773131,210,E,FF,,,,,,,,34.15154,-118.146708,FAIR OAKS OFF,25.48
2024-12-03 16:10:00,775729,210,E,FF,,,,,,,,34.155812,-118.158089,EB 210 CON,24.49
2024-12-03 16:10:00,776724,210,E,FF,150.0,75.0,75.0,,,,,34.156489,-118.158295,WINONA WAY,24.442
2024-12-03 16:15:00,768916,210,E,FF,,,,,,,,34.15099,-118.152369,NB 710 EXT TO EB 210,25.12
2024-12-03 16:15:00,769849,210,E,FF,263.0,80.0,114.0,69.0,,,,34.211728,-118.228265,OCEAN VIEW,18.18
2024-12-03 16:15:00,770170,210,E,FF,,,,,,,,34.155812,-118.158089,EB 210 TO WB 134 #1,24.49
2024-12-03 16:15:00,773131,210,E,FF,,,,,,,,34.15154,-118.146708,FAIR OAKS OFF,25.48
2024-12-03 16:15:00,775729,210,E,FF,,,,,,,,34.155812,-118.158089,EB 210 CON,24.49
2024-12-03 16:15:00,776724,210,E,FF,176.0,86.0,90.0,,,,,34.156489,-118.158295,WINONA WAY,24.442
2024-12-03 16:20:00,768916,210,E,FF,,,,,,,,34.15099,-118.152369,NB 710 EXT TO EB 210,25.12
2024-12-03 16:20:00,769849,210,E,FF,255.0,84.0,113.0,58.0,,,,34.211728,-118.228265,OCEAN VIEW,18.18
2024-12-03 16:20:00,770170,210,E,FF,,,,,,,,34.155812,-118.158089,EB 210 TO WB 134 #1,24.49
2024-12-03 16:20:00,773131,210,E,FF,,,,,,,,34.15154,-118.146708,FAIR OAKS OFF,25.48
2024-12-03 16:20:00,775729,210,E,FF,,,,,,,,34.155812,-118.158089,EB 210 CON,24.49
2024-12-03 16:20:00,776724,210,E,FF,138.0,66.0,72.0,,,,,34.156489,-118.158295,WINONA WAY,24.442
2024-12-03 16:25:00,768916,210,E,FF,,,,,,,,34.15099,-118.152369,NB 710 EXT TO EB 210,25.12
2024-12-03 16:25:00,769849,210,E,FF,266.0,90.0,111.0,65.0,,,,34.211728,-118.228265,OCEAN VIEW,18.18
2024-12-03 16:25:00,770170,210,E,FF,,,,,,,,34.155812,-118.158089,EB 210 TO WB 134 #1,24.49
2024-12-03 16:25:00,773131,210,E,FF,,,,,,,,34.15154,-118.146708,FAIR OAKS OFF,25.48
2024-12-03 16:25:00,775729,210,E,FF,,,,,,,,34.155812,-118.158089,EB 210 CON,24.49
2024-12-03 16:25:00,776724,210,E,FF,123.0,61.0,62.0,,,,,34.156489,-118.158295,WINONA WAY,24.442
2024-12-03 16:30:00,768916,210,E,FF,,,,,,,,34.15099,-118.152369,NB 710 EXT TO EB 210,25.12
2024-12-03 16:30:00,769849,210,E,FF,249.0,86.0,100.0,63.0,,,,34.211728,-118.228265,OCEAN VIEW,18.18
2024-12-03 16:30:00,770170,210,E,FF,,,,,,,,34.155812,-118.158089,EB 210 TO WB 134 #1,24.49
2024-12-03 16:30:00,773131,210,E,FF,,,,,,,,34.15154,-118.146708,FAIR OAKS OFF,25.48
2024-12-03 16:30:00,775729,210,E,FF,,,,,,,,34.155812,-118.158089,EB 210 CON,24.49
2024-12-03 16:30:00,776724,210,E,FF,173.0,67.0,106.0,,,,,34.156489,-118.158295,WINONA WAY,24.442
2024-12-03 16:35:00,768916,210,E,FF,,,,,,,,34.15099,-118.152369,NB 710 EXT TO EB 210,25.12
2024-12-03 16:35:00,769849,210,E,FF,271.0,82.0,113.0,76.0,,,,34.211728,-118.228265,OCEAN VIEW,18.18
2024-12-03 16:35:00,770170,210,E,FF,,,,,,,,34.155812,-118.158089,EB 210 TO WB 134 #1,24.49
2024-12-03 16:35:00,773131,210,E,FF,,,,,,,,34.15154,-118.146708,FAIR OAKS OFF,25.48
2024-12-03 16:35:00,775729,210,E,FF,,,,,,,,34.155812,-118.158089,EB 210 CON,24.49
2024-12-03 16:35:00,776724,210,E,FF,183.0,73.0,110.0,,,,,34.156489,-118.158295,WINONA WAY,24.442
2024-12-03 16:40:00,768916,210,E,FF,,,,,,,,34.15099,-118.152369,NB 710 EXT TO EB 210,25.12
2024-12-03 16:40:00,769849,210,E,FF,259.0,90.0,109.0,60.0,,,,34.211728,-118.228265,OCEAN VIEW,18.18
2024-12-03 16:40:00,770170,210,E,FF,,,,,,,,34.155812,-118.158089,EB 210 TO WB 134 #1,24.49
2024-12-03 16:40:00,773131,210,E,FF,,,,,,,,34.15154,-118.146708,FAIR OAKS OFF,25.48
2024-12-03 16:40:00,775729,210,E,FF,,,,,,,,34.155812,-118.158089,EB 210 CON,24.49
2024-12-03 16:40:00,776724,210,E,FF,168.0,78.0,90.0,,,,,34.156489,-118.158295,WINONA WAY,24.442
2024-12-03 16:45:00,768916,210,E,FF,,,,,,,,34.15099,-118.152369,NB 710 EXT TO EB 210,25.12
2024-12-03 16:45:00,769849,210,E,FF,255.0,75.0,109.0,71.0,,,,34.211728,-118.228265,OCEAN VIEW,18.18
2024-12-03 16:45:00,770170,210,E,FF,,,,,,,,34.155812,-118.158089,EB 210 TO WB 134 #1,24.49
2024-12-03 16:45:00,773131,210,E,FF,,,,,,,,34.15154,-118.146708,FAIR OAKS OFF,25.48
2024-12-03 16:45:00,775729,210,E,FF,,,,,,,,34.155812,-118.158089,EB 210 CON,24.49
2024-12-03 16:45:00,776724,210,E,FF,153.0,66.0,87.0,,,,,34.156489,-118.158295,WINONA WAY,24.442
2024-12-03 16:50:00,768916,210,E,FF,,,,,,,,34.15099,-118.152369,NB 710 EXT TO EB 210,25.12
2024-12-03 16:50:00,769849,210,E,FF,239.0,71.0,110.0,58.0,,,,34.211728,-118.228265,OCEAN VIEW,18.18
2024-12-03 16:50:00,770170,210,E,FF,,,,,,,,34.155812,-118.158089,EB 210 TO WB 134 #1,24.49
2024-12-03 16:50:00,773131,210,E,FF,,,,,,,,34.15154,-118.146708,FAIR OAKS OFF,25.48
2024-12-03 16:50:00,775729,210,E,FF,,,,,,,,34.155812,-118.158089,EB 210 CON,24.49
2024-12-03 16:50:00,776724,210,E,FF,150.0,63.0,87.0,,,,,34.156489,-118.158295,WINONA WAY,24.442
2024-12-03 16:55:00,768916,210,E,FF,,,,,,,,34.15099,-118.152369,NB 710 EXT TO EB 210,25.12
2024-12-03 16:55:00,769849,210,E,FF,270.0,83.0,115.0,72.0,,,,34.211728,-118.228265,OCEAN VIEW,18.18
2024-12-03 16:55:00,770170,210,E,FF,,,,,,,,34.155812,-118.158089,EB 210 TO WB 134 #1,24.49
2024-12-03 16:55:00,773131,210,E,FF,,,,,,,,34.15154,-118.146708,FAIR OAKS OFF,25.48
2024-12-03 16:55:00,775729,210,E,FF,,,,,,,,34.155812,-118.158089,EB 210 CON,24.49
2024-12-03 16:55:00,776724,210,E,FF,163.0,64.0,99.0,,,,,34.156489,-118.158295,WINONA WAY,24.442
2024-12-03 17:00:00,768916,210,E,FF,,,,,,,,34.15099,-118.152369,NB 710 EXT TO EB 210,25.12
2024-12-03 17:00:00,769849,210,E,FF,252.0,81.0,102.0,69.0,,,,34.211728,-118.228265,OCEAN VIEW,18.18
2024-12-03 17:00:00,770170,210,E,FF,,,,,,,,34.155812,-118.158089,EB 210 TO WB 134 #1,24.49
2024-12-03 17:00:00,773131,210,E,FF,,,,,,,,34.15154,-118.146708,FAIR OAKS OFF,25.48
2024-12-03 17:00:00,775729,210,E,FF,,,,,,,,34.155812,-118.158089,EB 210 CON,24.49
2024-12-03 17:00:00,776724,210,E,FF,163.0,72.0,91.0,,,,,34.156489,-118.158295,WINONA WAY,24.442
2024-12-03 17:05:00,768916,210,E,FF,,,,,,,,34.15099,-118.152369,NB 710 EXT TO EB 210,25.12
2024-12-03 17:05:00,769849,210,E,FF,254.0,81.0,107.0,66.0,,,,34.211728,-118.228265,OCEAN VIEW,18.18
2024-12-03 17:05:00,770170,210,E,FF,,,,,,,,34.155812,-118.158089,EB 210 TO WB 134 #1,24.49
2024-12-03 17:05:00,773131,210,E,FF,,,,,,,,34.15154,-118.146708,FAIR OAKS OFF,25.48
2024-12-03 17:05:00,775729,210,E,FF,,,,,,,,34.155812,-118.158089,EB 210 CON,24.49
2024-12-03 17:05:00,776724,210,E,FF,164.0,60.0,104.0,,,,,34.156489,-118.158295,WINONA WAY,24.442
2024-12-03 17:10:00,768916,210,E,FF,,,,,,,,34.15099,-118.152369,NB 710 EXT TO EB 210,25.12
2024-12-03 17:10:00,769849,210,E,FF,276.0,97.0,117.0,62.0,,,,34.211728,-118.228265,OCEAN VIEW,18.18
2024-12-03 17:10:00,770170,210,E,FF,,,,,,,,34.155812,-118.158089,EB 210 TO WB 134 #1,24.49
2024-12-03 17:10:00,773131,210,E,FF,,,,,,,,34.15154,-118.146708,FAIR OAKS OFF,25.48
2024-12-03 17:10:00,775729,210,E,FF,,,,,,,,34.155812,-118.158089,EB 210 CON,24.49
2024-12-03 17:10:00,776724,210,E,FF,166.0,70.0,96.0,,,,,34.156489,-118.158295,WINONA WAY,24.442
2024-12-03 17:15:00,768916,210,E,FF,,,,,,,,34.15099,-118.152369,NB 710 EXT TO EB 210,25.12
2024-12-03 17:15:00,769849,210,E,FF,231.0,80.0,96.0,55.0,,,,34.211728,-118.228265,OCEAN VIEW,18.18
2024-12-03 17:15:00,770170,210,E,FF,,,,,,,,34.155812,-118.158089,EB 210 TO WB 134 #1,24.49
2024-12-03 17:15:00,773131,210,E,FF,,,,,,,,34.15154,-118.146708,FAIR OAKS OFF,25.48
2024-12-03 17:15:00,775729,210,E,FF,,,,,,,,34.155812,-118.158089,EB 210 CON,24.49
2024-12-03 17:15:00,776724,210,E,FF,138.0,69.0,69.0,,,,,34.156489,-118.158295,WINONA WAY,24.442
2024-12-03 17:20:00,768916,210,E,FF,,,,,,,,34.15099,-118.152369,NB 710 EXT TO EB 210,25.12
2024-12-03 17:20:00,769849,210,E,FF,255.0,93.0,102.0,60.0,,,,34.211728,-118.228265,OCEAN VIEW,18.18
2024-12-03 17:20:00,770170,210,E,FF,,,,,,,,34.155812,-118.158089,EB 210 TO WB 134 #1,24.49
2024-12-03 17:20:00,773131,210,E,FF,,,,,,,,34.15154,-118.146708,FAIR OAKS OFF,25.48
2024-12-03 17:20:00,775729,210,E,FF,,,,,,,,34.155812,-118.158089,EB 210 CON,24.49
2024-12-03 17:20:00,776724,210,E,FF,143.0,55.0,88.0,,,,,34.156489,-118.158295,WINONA WAY,24.442
2024-12-03 17:25:00,768916,210,E,FF,,,,,,,,34.15099,-118.152369,NB 710 EXT TO EB 210,25.12
2024-12-03 17:25:00,769849,210,E,FF,240.0,74.0,104.0,62.0,,,,34.211728,-118.228265,OCEAN VIEW,18.18
2024-12-03 17:25:00,770170,210,E,FF,,,,,,,,34.155812,-118.158089,EB 210 TO WB 134 #1,24.49
2024-12-03 17:25:00,773131,210,E,FF,,,,,,,,34.15154,-118.146708,FAIR OAKS OFF,25.48
2024-12-03 17:25:00,775729,210,E,FF,,,,,,,,34.155812,-118.158089,EB 210 CON,24.49
2024-12-03 17:25:00,776724,210,E,FF,155.0,76.0,79.0,,,,,34.156489,-118.158295,WINONA WAY,24.442
2024-12-03 17:30:00,768916,210,E,FF,,,,,,,,34.15099,-118.152369,NB 710 EXT TO EB 210,25.12
2024-12-03 17:30:00,769849,210,E,FF,273.0,88.0,107.0,78.0,,,,34.211728,-118.228265,OCEAN VIEW,18.18
2024-12-03 17:30:00,770170,210,E,FF,,,,,,,,34.155812,-118.158089,EB 210 TO WB 134 #1,24.49
2024-12-03 17:30:00,773131,210,E,FF,,,,,,,,34.15154,-118.146708,FAIR OAKS OFF,25.48
2024-12-03 17:30:00,775729,210,E,FF,,,,,,,,34.155812,-118.158089,EB 210 CON,24.49
2024-12-03 17:30:00,776724,210,E,FF,171.0,66.0,105.0,,,,,34.156489,-118.158295,WINONA WAY,24.442
2024-12-03 17:35:00,768916,210,E,FF,,,,,,,,34.15099,-118.152369,NB 710 EXT TO EB 210,25.12
2024-12-03 17:35:00,769849,210,E,FF,248.0,84.0,105.0,59.0,,,,34.211728,-118.228265,OCEAN VIEW,18.18
2024-12-03 17:35:00,770170,210,E,FF,,,,,,,,34.155812,-118.158089,EB 210 TO WB 134 #1,24.49
2024-12-03 17:35:00,773131,210,E,FF,,,,,,,,34.15154,-118.146708,FAIR OAKS OFF,25.48
2024-12-03 17:35:00,775729,210,E,FF,,,,,,,,34.155812,-118.158089,EB 210 CON,24.49
2024-12-03 17:35:00,776724,210,E,FF,125.0,54.0,71.0,,,,,34.156489,-118.158295,WINONA WAY,24.442
2024-12-03 17:40:00,768916,210,E,FF,,,,,,,,34.15099,-118.152369,NB 710 EXT TO EB 210,25.12
2024-12-03 17:40:00,769849,210,E,FF,228.0,76.0,94.0,58.0,,,,34.211728,-118.228265,OCEAN VIEW,18.18
2024-12-03 17:40:00,770170,210,E,FF,,,,,,,,34.155812,-118.158089,EB 210 TO WB 134 #1,24.49
2024-12-03 17:40:00,773131,210,E,FF,,,,,,,,34.15154,-118.146708,FAIR OAKS OFF,25.48
2024-12-03 17:40:00,775729,210,E,FF,,,,,,,,34.155812,-118.158089,EB 210 CON,24.49
2024-12-03 17:40:00,776724,210,E,FF,193.0,95.0,98.0,,,,,34.156489,-118.158295,WINONA WAY,24.442
2024-12-03 17:45:00,768916,210,E,FF,,,,,,,,34.15099,-118.152369,NB 710 EXT TO EB 210,25.12
2024-12-03 17:45:00,769849,210,E,FF,192.0,65.0,76.0,51.0,,,,34.211728,-118.228265,OCEAN VIEW,18.18
2024-12-03 17:45:00,770170,210,E,FF,,,,,,,,34.155812,-118.158089,EB 210 TO WB 134 #1,24.49
2024-12-03 17:45:00,773131,210,E,FF,,,,,,,,34.15154,-118.146708,FAIR OAKS OFF,25.48
2024-12-03 17:45:00,775729,210,E,FF,,,,,,,,34.155812,-118.158089,EB 210 CON,24.49
2024-12-03 17:45:00,776724,210,E,FF,148.0,74.0,74.0,,,,,34.156489,-118.158295,WINONA WAY,24.442
2024-12-03 17:50:00,768916,210,E,FF,,,,,,,,34.15099,-118.152369,NB 710 EXT TO EB 210,25.12
2024-12-03 17:50:00,769849,210,E,FF,245.0,85.0,91.0,69.0,,,,34.211728,-118.228265,OCEAN VIEW,18.18
2024-12-03 17:50:00,770170,210,E,FF,,,,,,,,34.155812,-118.158089,EB 210 TO WB 134 #1,24.49
2024-12-03 17:50:00,773131,210,E,FF,,,,,,,,34.15154,-118.146708,FAIR OAKS OFF,25.48
2024-12-03 17:50:00,775729,210,E,FF,,,,,,,,34.155812,-118.158089,EB 210 CON,24.49
2024-12-03 17:50:00,776724,210,E,FF,122.0,51.0,71.0,,,,,34.156489,-118.158295,WINONA WAY,24.442
2024-12-03 17:55:00,768916,210,E,FF,,,,,,,,34.15099,-118.152369,NB 710 EXT TO EB 210,25.12
2024-12-03 17:55:00,769849,210,E,FF,210.0,72.0,88.0,50.0,,,,34.211728,-118.228265,OCEAN VIEW,18.18
2024-12-03 17:55:00,770170,210,E,FF,,,,,,,,34.155812,-118.158089,EB 210 TO WB 134 #1,24.49
2024-12-03 17:55:00,773131,210,E,FF,,,,,,,,34.15154,-118.146708,FAIR OAKS OFF,25.48
2024-12-03 17:55:00,775729,210,E,FF,,,,,,,,34.155812,-118.158089,EB 210 CON,24.49
2024-12-03 17:55:00,776724,210,E,FF,144.0,59.0,85.0,,,,,34.156489,-118.158295,WINONA WAY,24.442
2024-12-03 18:00:00,768916,210,E,FF,,,,,,,,34.15099,-118.152369,NB 710 EXT TO EB 210,25.12
2024-12-03 18:00:00,769849,210,E,FF,207.0,63.0,90.0,54.0,,,,34.211728,-118.228265,OCEAN VIEW,18.18
2024-12-03 18:00:00,770170,210,E,FF,,,,,,,,34.155812,-118.158089,EB 210 TO WB 134 #1,24.49
2024-12-03 18:00:00,773131,210,E,FF,,,,,,,,34.15154,-118.146708,FAIR OAKS OFF,25.48
2024-12-03 18:00:00,775729,210,E,FF,,,,,,,,34.155812,-118.158089,EB 210 CON,24.49
2024-12-03 18:00:00,776724,210,E,FF,115.0,52.0,63.0,,,,,34.156489,-118.158295,WINONA WAY,24.442
2024-12-03 18:05:00,768916,210,E,FF,,,,,,,,34.15099,-118.152369,NB 710 EXT TO EB 210,25.12
2024-12-03 18:05:00,769849,210,E,FF,201.0,54.0,104.0,43.0,,,,34.211728,-118.228265,OCEAN VIEW,18.18
2024-12-03 18:05:00,770170,210,E,FF,,,,,,,,34.155812,-118.158089,EB 210 TO WB 134 #1,24.49
2024-12-03 18:05:00,773131,210,E,FF,,,,,,,,34.15154,-118.146708,FAIR OAKS OFF,25.48
2024-12-03 18:05:00,775729,210,E,FF,,,,,,,,34.155812,-118.158089,EB 210 CON,24.49
2024-12-03 18:05:00,776724,210,E,FF,147.0,68.0,79.0,,,,,34.156489,-118.158295,WINONA WAY,24.442
2024-12-03 18:10:00,768916,210,E,FF,,,,,,,,34.15099,-118.152369,NB 710 EXT TO EB 210,25.12
2024-12-03 18:10:00,769849,210,E,FF,215.0,63.0,97.0,55.0,,,,34.211728,-118.228265,OCEAN VIEW,18.18
2024-12-03 18:10:00,770170,210,E,FF,,,,,,,,34.155812,-118.158089,EB 210 TO WB 134 #1,24.49
2024-12-03 18:10:00,773131,210,E,FF,,,,,,,,34.15154,-118.146708,FAIR OAKS OFF,25.48
2024-12-03 18:10:00,775729,210,E,FF,,,,,,,,34.155812,-118.158089,EB 210 CON,24.49
2024-12-03 18:10:00,776724,210,E,FF,199.0,86.0,113.0,,,,,34.156489,-118.158295,WINONA WAY,24.442
2024-12-03 18:15:00,768916,210,E,FF,,,,,,,,34.15099,-118.152369,NB 710 EXT TO EB 210,25.12
2024-12-03 18:15:00,769849,210,E,FF,223.0,75.0,99.0,49.0,,,,34.211728,-118.228265,OCEAN VIEW,18.18
2024-12-03 18:15:00,770170,210,E,FF,,,,,,,,34.155812,-118.158089,EB 210 TO WB 134 #1,24.49
2024-12-03 18:15:00,773131,210,E,FF,,,,,,,,34.15154,-118.146708,FAIR OAKS OFF,25.48
2024-12-03 18:15:00,775729,210,E,FF,,,,,,,,34.155812,-118.158089,EB 210 CON,24.49
2024-12-03 18:15:00,776724,210,E,FF,140.0,61.0,79.0,,,,,34.156489,-118.158295,WINONA WAY,24.442
2024-12-03 18:20:00,768916,210,E,FF,,,,,,,,34.15099,-118.152369,NB 710 EXT TO EB 210,25.12
2024-12-03 18:20:00,769849,210,E,FF,242.0,73.0,110.0,59.0,,,,34.211728,-118.228265,OCEAN VIEW,18.18
2024-12-03 18:20:00,770170,210,E,FF,,,,,,,,34.155812,-118.158089,EB 210 TO WB 134 #1,24.49
2024-12-03 18:20:00,773131,210,E,FF,,,,,,,,34.15154,-118.146708,FAIR OAKS OFF,25.48
2024-12-03 18:20:00,775729,210,E,FF,,,,,,,,34.155812,-118.158089,EB 210 CON,24.49
2024-12-03 18:20:00,776724,210,E,FF,132.0,40.0,92.0,,,,,34.156489,-118.158295,WINONA WAY,24.442
2024-12-03 18:25:00,768916,210,E,FF,,,,,,,,34.15099,-118.152369,NB 710 EXT TO EB 210,25.12
2024-12-03 18:25:00,769849,210,E,FF,247.0,75.0,113.0,59.0,,,,34.211728,-118.228265,OCEAN VIEW,18.18
2024-12-03 18:25:00,770170,210,E,FF,,,,,,,,34.155812,-118.158089,EB 210 TO WB 134 #1,24.49
2024-12-03 18:25:00,773131,210,E,FF,,,,,,,,34.15154,-118.146708,FAIR OAKS OFF,25.48
2024-12-03 18:25:00,775729,210,E,FF,,,,,,,,34.155812,-118.158089,EB 210 CON,24.49
2024-12-03 18:25:00,776724,210,E,FF,125.0,51.0,74.0,,,,,34.156489,-118.158295,WINONA WAY,24.442
2024-12-03 18:30:00,768916,210,E,FF,,,,,,,,34.15099,-118.152369,NB 710 EXT TO EB 210,25.12
2024-12-03 18:30:00,769849,210,E,FF,226.0,71.0,100.0,55.0,,,,34.211728,-118.228265,OCEAN VIEW,18.18
2024-12-03 18:30:00,770170,210,E,FF,,,,,,,,34.155812,-118.158089,EB 210 TO WB 134 #1,24.49
2024-12-03 18:30:00,773131,210,E,FF,,,,,,,,34.15154,-118.146708,FAIR OAKS OFF,25.48
2024-12-03 18:30:00,775729,210,E,FF,,,,,,,,34.155812,-118.158089,EB 210 CON,24.49
2024-12-03 18:30:00,776724,210,E,FF,125.0,47.0,78.0,,,,,34.156489,-118.158295,WINONA WAY,24.442
2024-12-03 18:35:00,768916,210,E,FF,,,,,,,,34.15099,-118.152369,NB 710 EXT TO EB 210,25.12
2024-12-03 18:35:00,769849,210,E,FF,193.0,59.0,86.0,48.0,,,,34.211728,-118.228265,OCEAN VIEW,18.18
2024-12-03 18:35:00,770170,210,E,FF,,,,,,,,34.155812,-118.158089,EB 210 TO WB 134 #1,24.49
2024-12-03 18:35:00,773131,210,E,FF,,,,,,,,34.15154,-118.146708,FAIR OAKS OFF,25.48
2024-12-03 18:35:00,775729,210,E,FF,,,,,,,,34.155812,-118.158089,EB 210 CON,24.49
2024-12-03 18:35:00,776724,210,E,FF,141.0,69.0,72.0,,,,,34.156489,-118.158295,WINONA WAY,24.442
2024-12-03 18:40:00,768916,210,E,FF,,,,,,,,34.15099,-118.152369,NB 710 EXT TO EB 210,25.12
2024-12-03 18:40:00,769849,210,E,FF,154.0,33.0,85.0,36.0,,,,34.211728,-118.228265,OCEAN VIEW,18.18
2024-12-03 18:40:00,770170,210,E,FF,,,,,,,,34.155812,-118.158089,EB 210 TO WB 134 #1,24.49
2024-12-03 18:40:00,773131,210,E,FF,,,,,,,,34.15154,-118.146708,FAIR OAKS OFF,25.48
2024-12-03 18:40:00,775729,210,E,FF,,,,,,,,34.155812,-118.158089,EB 210 CON,24.49
2024-12-03 18:40:00,776724,210,E,FF,176.0,84.0,92.0,,,,,34.156489,-118.158295,WINONA WAY,24.442
2024-12-03 18:45:00,768916,210,E,FF,,,,,,,,34.15099,-118.152369,NB 710 EXT TO EB 210,25.12
2024-12-03 18:45:00,769849,210,E,FF,166.0,49.0,81.0,36.0,,,,34.211728,-118.228265,OCEAN VIEW,18.18
2024-12-03 18:45:00,770170,210,E,FF,,,,,,,,34.155812,-118.158089,EB 210 TO WB 134 #1,24.49
2024-12-03 18:45:00,773131,210,E,FF,,,,,,,,34.15154,-118.146708,FAIR OAKS OFF,25.48
2024-12-03 18:45:00,775729,210,E,FF,,,,,,,,34.155812,-118.158089,EB 210 CON,24.49
2024-12-03 18:45:00,776724,210,E,FF,211.0,89.0,122.0,,,,,34.156489,-118.158295,WINONA WAY,24.442
2024-12-03 18:50:00,768916,210,E,FF,,,,,,,,34.15099,-118.152369,NB 710 EXT TO EB 210,25.12
2024-12-03 18:50:00,769849,210,E,FF,158.0,37.0,83.0,38.0,,,,34.211728,-118.228265,OCEAN VIEW,18.18
2024-12-03 18:50:00,770170,210,E,FF,,,,,,,,34.155812,-118.158089,EB 210 TO WB 134 #1,24.49
2024-12-03 18:50:00,773131,210,E,FF,,,,,,,,34.15154,-118.146708,FAIR OAKS OFF,25.48
2024-12-03 18:50:00,775729,210,E,FF,,,,,,,,34.155812,-118.158089,EB 210 CON,24.49
2024-12-03 18:50:00,776724,210,E,FF,225.0,121.0,104.0,,,,,34.156489,-118.158295,WINONA WAY,24.442
2024-12-03 18:55:00,768916,210,E,FF,,,,,,,,34.15099,-118.152369,NB 710 EXT TO EB 210,25.12
2024-12-03 18:55:00,769849,210,E,FF,140.0,34.0,68.0,38.0,,,,34.211728,-118.228265,OCEAN VIEW,18.18
2024-12-03 18:55:00,770170,210,E,FF,,,,,,,,34.155812,-118.158089,EB 210 TO WB 134 #1,24.49
2024-12-03 18:55:00,773131,210,E,FF,,,,,,,,34.15154,-118.146708,FAIR OAKS OFF,25.48
2024-12-03 18:55:00,775729,210,E,FF,,,,,,,,34.155812,-118.158089,EB 210 CON,24.49
2024-12-03 18:55:00,776724,210,E,FF,246.0,147.0,99.0,,,,,34.156489,-118.158295,WINONA WAY,24.442
2024-12-03 19:00:00,768916,210,E,FF,,,,,,,,34.15099,-118.152369,NB 710 EXT TO EB 210,25.12
2024-12-03 19:00:00,769849,210,E,FF,103.0,34.0,46.0,23.0,,,,34.211728,-118.228265,OCEAN VIEW,18.18
2024-12-03 19:00:00,770170,210,E,FF,,,,,,,,34.155812,-118.158089,EB 210 TO WB 134 #1,24.49
2024-12-03 19:00:00,773131,210,E,FF,,,,,,,,34.15154,-118.146708,FAIR OAKS OFF,25.48
2024-12-03 19:00:00,775729,210,E,FF,,,,,,,,34.155812,-118.158089,EB 210 CON,24.49
2024-12-03 19:00:00,776724,210,E,FF,220.0,107.0,113.0,,,,,34.156489,-118.158295,WINONA WAY,24.442
2024-12-03 19:05:00,768916,210,E,FF,,,,,,,,34.15099,-118.152369,NB 710 EXT TO EB 210,25.12
2024-12-03 19:05:00,769849,210,E,FF,111.0,31.0,53.0,27.0,,,,34.211728,-118.228265,OCEAN VIEW,18.18
2024-12-03 19:05:00,770170,210,E,FF,,,,,,,,34.155812,-118.158089,EB 210 TO WB 134 #1,24.49
2024-12-03 19:05:00,773131,210,E,FF,,,,,,,,34.15154,-118.146708,FAIR OAKS OFF,25.48
2024-12-03 19:05:00,775729,210,E,FF,,,,,,,,34.155812,-118.158089,EB 210 CON,24.49
2024-12-03 19:05:00,776724,210,E,FF,230.0,108.0,122.0,,,,,34.156489,-118.158295,WINONA WAY,24.442
2024-12-03 19:10:00,768916,210,E,FF,,,,,,,,34.15099,-118.152369,NB 710 EXT TO EB 210,25.12
2024-12-03 19:10:00,769849,210,E,FF,94.0,28.0,47.0,19.0,,,,34.211728,-118.228265,OCEAN VIEW,18.18
2024-12-03 19:10:00,770170,210,E,FF,,,,,,,,34.155812,-118.158089,EB 210 TO WB 134 #1,24.49
2024-12-03 19:10:00,773131,210,E,FF,,,,,,,,34.15154,-118.146708,FAIR OAKS OFF,25.48
2024-12-03 19:10:00,775729,210,E,FF,,,,,,,,34.155812,-118.158089,EB 210 CON,24.49
2024-12-03 19:10:00,776724,210,E,FF,241.0,124.0,117.0,,,,,34.156489,-118.158295,WINONA WAY,24.442
2024-12-03 19:15:00,768916,210,E,FF,,,,,,,,34.15099,-118.152369,NB 710 EXT TO EB 210,25.12
2024-12-03 19:15:00,769849,210,E,FF,97.0,25.0,46.0,26.0,,,,34.211728,-118.228265,OCEAN VIEW,18.18
2024-12-03 19:15:00,770170,210,E,FF,,,,,,,,34.155812,-118.158089,EB 210 TO WB 134 #1,24.49
2024-12-03 19:15:00,773131,210,E,FF,,,,,,,,34.15154,-118.146708,FAIR OAKS OFF,25.48
2024-12-03 19:15:00,775729,210,E,FF,,,,,,,,34.155812,-118.158089,EB 210 CON,24.49
2024-12-03 19:15:00,776724,210,E,FF,255.0,128.0,127.0,,,,,34.156489,-118.158295,WINONA WAY,24.442
2024-12-03 19:20:00,768916,210,E,FF,,,,,,,,34.15099,-118.152369,NB 710 EXT TO EB 210,25.12
2024-12-03 19:20:00,769849,210,E,FF,95.0,26.0,46.0,23.0,,,,34.211728,-118.228265,OCEAN VIEW,18.18
2024-12-03 19:20:00,770170,210,E,FF,,,,,,,,34.155812,-118.158089,EB 210 TO WB 134 #1,24.49
2024-12-03 19:20:00,773131,210,E,FF,,,,,,,,34.15154,-118.146708,FAIR OAKS OFF,25.48
2024-12-03 19:20:00,775729,210,E,FF,,,,,,,,34.155812,-118.158089,EB 210 CON,24.49
2024-12-03 19:20:00,776724,210,E,FF,178.0,85.0,93.0,,,,,34.156489,-118.158295,WINONA WAY,24.442
2024-12-03 19:25:00,768916,210,E,FF,,,,,,,,34.15099,-118.152369,NB 710 EXT TO EB 210,25.12
2024-12-03 19:25:00,769849,210,E,FF,99.0,31.0,45.0,23.0,,,,34.211728,-118.228265,OCEAN VIEW,18.18
2024-12-03 19:25:00,770170,210,E,FF,,,,,,,,34.155812,-118.158089,EB 210 TO WB 134 #1,24.49
2024-12-03 19:25:00,773131,210,E,FF,,,,,,,,34.15154,-118.146708,FAIR OAKS OFF,25.48
2024-12-03 19:25:00,775729,210,E,FF,,,,,,,,34.155812,-118.158089,EB 210 CON,24.49
2024-12-03 19:25:00,776724,210,E,FF,172.0,94.0,78.0,,,,,34.156489,-118.158295,WINONA WAY,24.442
2024-12-03 19:30:00,768916,210,E,FF,,,,,,,,34.15099,-118.152369,NB 710 EXT TO EB 210,25.12
2024-12-03 19:30:00,769849,210,E,FF,68.0,21.0,33.0,14.0,,,,34.211728,-118.228265,OCEAN VIEW,18.18
2024-12-03 19:30:00,770170,210,E,FF,,,,,,,,34.155812,-118.158089,EB 210 TO WB 134 #1,24.49
2024-12-03 19:30:00,773131,210,E,FF,,,,,,,,34.15154,-118.146708,FAIR OAKS OFF,25.48
2024-12-03 19:30:00,775729,210,E,FF,,,,,,,,34.155812,-118.158089,EB 210 CON,24.49
2024-12-03 19:30:00,776724,210,E,FF,223.0,114.0,109.0,,,,,34.156489,-118.158295,WINONA WAY,24.442
2024-12-03 19:35:00,768916,210,E,FF,,,,,,,,34.15099,-118.152369,NB 710 EXT TO EB 210,25.12
2024-12-03 19:35:00,769849,210,E,FF,68.0,15.0,37.0,16.0,,,,34.211728,-118.228265,OCEAN VIEW,18.18
2024-12-03 19:35:00,770170,210,E,FF,,,,,,,,34.155812,-118.158089,EB 210 TO WB 134 #1,24.49
2024-12-03 19:35:00,773131,210,E,FF,,,,,,,,34.15154,-118.146708,FAIR OAKS OFF,25.48
2024-12-03 19:35:00,775729,210,E,FF,,,,,,,,34.155812,-118.158089,EB 210 CON,24.49
2024-12-03 19:35:00,776724,210,E,FF,192.0,95.0,97.0,,,,,34.156489,-118.158295,WINONA WAY,24.442
2024-12-03 19:40:00,768916,210,E,FF,,,,,,,,34.15099,-118.152369,NB 710 EXT TO EB 210,25.12
2024-12-03 19:40:00,769849,210,E,FF,72.0,22.0,36.0,14.0,,,,34.211728,-118.228265,OCEAN VIEW,18.18
2024-12-03 19:40:00,770170,210,E,FF,,,,,,,,34.155812,-118.158089,EB 210 TO WB 134 #1,24.49
2024-12-03 19:40:00,773131,210,E,FF,,,,,,,,34.15154,-118.146708,FAIR OAKS OFF,25.48
2024-12-03 19:40:00,775729,210,E,FF,,,,,,,,34.155812,-118.158089,EB 210 CON,24.49
2024-12-03 19:40:00,776724,210,E,FF,202.0,88.0,114.0,,,,,34.156489,-118.158295,WINONA WAY,24.442
2024-12-03 19:45:00,768916,210,E,FF,,,,,,,,34.15099,-118.152369,NB 710 EXT TO EB 210,25.12
2024-12-03 19:45:00,769849,210,E,FF,62.0,21.0,29.0,12.0,,,,34.211728,-118.228265,OCEAN VIEW,18.18
2024-12-03 19:45:00,770170,210,E,FF,,,,,,,,34.155812,-118.158089,EB 210 TO WB 134 #1,24.49
2024-12-03 19:45:00,773131,210,E,FF,,,,,,,,34.15154,-118.146708,FAIR OAKS OFF,25.48
2024-12-03 19:45:00,775729,210,E,FF,,,,,,,,34.155812,-118.158089,EB 210 CON,24.49
2024-12-03 19:45:00,776724,210,E,FF,192.0,112.0,80.0,,,,,34.156489,-118.158295,WINONA WAY,24.442
2024-12-03 19:50:00,768916,210,E,FF,,,,,,,,34.15099,-118.152369,NB 710 EXT TO EB 210,25.12
2024-12-03 19:50:00,769849,210,E,FF,60.0,19.0,25.0,16.0,,,,34.211728,-118.228265,OCEAN VIEW,18.18
2024-12-03 19:50:00,770170,210,E,FF,,,,,,,,34.155812,-118.158089,EB 210 TO WB 134 #1,24.49
2024-12-03 19:50:00,773131,210,E,FF,,,,,,,,34.15154,-118.146708,FAIR OAKS OFF,25.48
2024-12-03 19:50:00,775729,210,E,FF,,,,,,,,34.155812,-118.158089,EB 210 CON,24.49
2024-12-03 19:50:00,776724,210,E,FF,174.0,85.0,89.0,,,,,34.156489,-118.158295,WINONA WAY,24.442
2024-12-03 19:55:00,768916,210,E,FF,,,,,,,,34.15099,-118.152369,NB 710 EXT TO EB 210,25.12
2024-12-03 19:55:00,769849,210,E,FF,72.0,23.0,30.0,19.0,,,,34.211728,-118.228265,OCEAN VIEW,18.18
2024-12-03 19:55:00,770170,210,E,FF,,,,,,,,34.155812,-118.158089,EB 210 TO WB 134 #1,24.49
2024-12-03 19:55:00,773131,210,E,FF,,,,,,,,34.15154,-118.146708,FAIR OAKS OFF,25.48
2024-12-03 19:55:00,775729,210,E,FF,,,,,,,,34.155812,-118.158089,EB 210 CON,24.49
2024-12-03 19:55:00,776724,210,E,FF,198.0,99.0,99.0,,,,,34.156489,-118.158295,WINONA WAY,24.442
2024-12-03 20:00:00,768916,210,E,FF,,,,,,,,34.15099,-118.152369,NB 710 EXT TO EB 210,25.12
2024-12-03 20:00:00,769849,210,E,FF,65.0,14.0,39.0,12.0,,,,34.211728,-118.228265,OCEAN VIEW,18.18
2024-12-03 20:00:00,770170,210,E,FF,,,,,,,,34.155812,-118.158089,EB 210 TO WB 134 #1,24.49
2024-12-03 20:00:00,773131,210,E,FF,,,,,,,,34.15154,-118.146708,FAIR OAKS OFF,25.48
2024-12-03 20:00:00,775729,210,E,FF,,,,,,,,34.155812,-118.158089,EB 210 CON,24.49
2024-12-03 20:00:00,776724,210,E,FF,177.0,90.0,87.0,,,,,34.156489,-118.158295,WINONA WAY,24.442
2024-12-03 20:05:00,768916,210,E,FF,,,,,,,,34.15099,-118.152369,NB 710 EXT TO EB 210,25.12
2024-12-03 20:05:00,769849,210,E,FF,60.0,10.0,40.0,10.0,,,,34.211728,-118.228265,OCEAN VIEW,18.18
2024-12-03 20:05:00,770170,210,E,FF,,,,,,,,34.155812,-118.158089,EB 210 TO WB 134 #1,24.49
2024-12-03 20:05:00,773131,210,E,FF,,,,,,,,34.15154,-118.146708,FAIR OAKS OFF,25.48
2024-12-03 20:05:00,775729,210,E,FF,,,,,,,,34.155812,-118.158089,EB 210 CON,24.49
2024-12-03 20:05:00,776724,210,E,FF,163.0,88.0,75.0,,,,,34.156489,-118.158295,WINONA WAY,24.442
2024-12-03 20:10:00,768916,210,E,FF,,,,,,,,34.15099,-118.152369,NB 710 EXT TO EB 210,25.12
2024-12-03 20:10:00,769849,210,E,FF,70.0,19.0,34.0,17.0,,,,34.211728,-118.228265,OCEAN VIEW,18.18
2024-12-03 20:10:00,770170,210,E,FF,,,,,,,,34.155812,-118.158089,EB 210 TO WB 134 #1,24.49
2024-12-03 20:10:00,773131,210,E,FF,,,,,,,,34.15154,-118.146708,FAIR OAKS OFF,25.48
2024-12-03 20:10:00,775729,210,E,FF,,,,,,,,34.155812,-118.158089,EB 210 CON,24.49
2024-12-03 20:10:00,776724,210,E,FF,193.0,100.0,93.0,,,,,34.156489,-118.158295,WINONA WAY,24.442
2024-12-03 20:15:00,768916,210,E,FF,,,,,,,,34.15099,-118.152369,NB 710 EXT TO EB 210,25.12
2024-12-03 20:15:00,769849,210,E,FF,39.0,7.0,24.0,8.0,,,,34.211728,-118.228265,OCEAN VIEW,18.18
2024-12-03 20:15:00,770170,210,E,FF,,,,,,,,34.155812,-118.158089,EB 210 TO WB 134 #1,24.49
2024-12-03 20:15:00,773131,210,E,FF,,,,,,,,34.15154,-118.146708,FAIR OAKS OFF,25.48
2024-12-03 20:15:00,775729,210,E,FF,,,,,,,,34.155812,-118.158089,EB 210 CON,24.49
2024-12-03 20:15:00,776724,210,E,FF,179.0,103.0,76.0,,,,,34.156489,-118.158295,WINONA WAY,24.442
2024-12-03 20:20:00,768916,210,E,FF,,,,,,,,34.15099,-118.152369,NB 710 EXT TO EB 210,25.12
2024-12-03 20:20:00,769849,210,E,FF,51.0,10.0,25.0,16.0,,,,34.211728,-118.228265,OCEAN VIEW,18.18
2024-12-03 20:20:00,770170,210,E,FF,,,,,,,,34.155812,-118.158089,EB 210 TO WB 134 #1,24.49
2024-12-03 20:20:00,773131,210,E,FF,,,,,,,,34.15154,-118.146708,FAIR OAKS OFF,25.48
2024-12-03 20:20:00,775729,210,E,FF,,,,,,,,34.155812,-118.158089,EB 210 CON,24.49
2024-12-03 20:20:00,776724,210,E,FF,158.0,88.0,70.0,,,,,34.156489,-118.158295,WINONA WAY,24.442
2024-12-03 20:25:00,768916,210,E,FF,,,,,,,,34.15099,-118.152369,NB 710 EXT TO EB 210,25.12
2024-12-03 20:25:00,769849,210,E,FF,66.0,25.0,28.0,13.0,,,,34.211728,-118.228265,OCEAN VIEW,18.18
2024-12-03 20:25:00,770170,210,E,FF,,,,,,,,34.155812,-118.158089,EB 210 TO WB 134 #1,24.49
2024-12-03 20:25:00,773131,210,E,FF,,,,,,,,34.15154,-118.146708,FAIR OAKS OFF,25.48
2024-12-03 20:25:00,775729,210,E,FF,,,,,,,,34.155812,-118.158089,EB 210 CON,24.49
2024-12-03 20:25:00,776724,210,E,FF,186.0,110.0,76.0,,,,,34.156489,-118.158295,WINONA WAY,24.442
2024-12-03 20:30:00,768916,210,E,FF,,,,,,,,34.15099,-118.152369,NB 710 EXT TO EB 210,25.12
2024-12-03 20:30:00,769849,210,E,FF,46.0,11.0,27.0,8.0,,,,34.211728,-118.228265,OCEAN VIEW,18.18
2024-12-03 20:30:00,770170,210,E,FF,,,,,,,,34.155812,-118.158089,EB 210 TO WB 134 #1,24.49
2024-12-03 20:30:00,773131,210,E,FF,,,,,,,,34.15154,-118.146708,FAIR OAKS OFF,25.48
2024-12-03 20:30:00,775729,210,E,FF,,,,,,,,34.155812,-118.158089,EB 210 CON,24.49
2024-12-03 20:30:00,776724,210,E,FF,179.0,112.0,67.0,,,,,34.156489,-118.158295,WINONA WAY,24.442
2024-12-03 20:35:00,768916,210,E,FF,,,,,,,,34.15099,-118.152369,NB 710 EXT TO EB 210,25.12
2024-12-03 20:35:00,769849,210,E,FF,67.0,16.0,32.0,19.0,,,,34.211728,-118.228265,OCEAN VIEW,18.18
2024-12-03 20:35:00,770170,210,E,FF,,,,,,,,34.155812,-118.158089,EB 210 TO WB 134 #1,24.49
2024-12-03 20:35:00,773131,210,E,FF,,,,,,,,34.15154,-118.146708,FAIR OAKS OFF,25.48
2024-12-03 20:35:00,775729,210,E,FF,,,,,,,,34.155812,-118.158089,EB 210 CON,24.49
2024-12-03 20:35:00,776724,210,E,FF,187.0,106.0,81.0,,,,,34.156489,-118.158295,WINONA WAY,24.442
2024-12-03 20:40:00,768916,210,E,FF,,,,,,,,34.15099,-118.152369,NB 710 EXT TO EB 210,25.12
2024-12-03 20:40:00,769849,210,E,FF,52.0,11.0,30.0,11.0,,,,34.211728,-118.228265,OCEAN VIEW,18.18
2024-12-03 20:40:00,770170,210,E,FF,,,,,,,,34.155812,-118.158089,EB 210 TO WB 134 #1,24.49
2024-12-03 20:40:00,773131,210,E,FF,,,,,,,,34.15154,-118.146708,FAIR OAKS OFF,25.48
2024-12-03 20:40:00,775729,210,E,FF,,,,,,,,34.155812,-118.158089,EB 210 CON,24.49
2024-12-03 20:40:00,776724,210,E,FF,185.0,109.0,76.0,,,,,34.156489,-118.158295,WINONA WAY,24.442
2024-12-03 20:45:00,768916,210,E,FF,,,,,,,,34.15099,-118.152369,NB 710 EXT TO EB 210,25.12
2024-12-03 20:45:00,769849,210,E,FF,45.0,8.0,24.0,13.0,,,,34.211728,-118.228265,OCEAN VIEW,18.18
2024-12-03 20:45:00,770170,210,E,FF,,,,,,,,34.155812,-118.158089,EB 210 TO WB 134 #1,24.49
2024-12-03 20:45:00,773131,210,E,FF,,,,,,,,34.15154,-118.146708,FAIR OAKS OFF,25.48
2024-12-03 20:45:00,775729,210,E,FF,,,,,,,,34.155812,-118.158089,EB 210 CON,24.49
2024-12-03 20:45:00,776724,210,E,FF,160.0,90.0,70.0,,,,,34.156489,-118.158295,WINONA WAY,24.442
2024-12-03 20:50:00,768916,210,E,FF,,,,,,,,34.15099,-118.152369,NB 710 EXT TO EB 210,25.12
2024-12-03 20:50:00,769849,210,E,FF,42.0,5.0,29.0,8.0,,,,34.211728,-118.228265,OCEAN VIEW,18.18
2024-12-03 20:50:00,770170,210,E,FF,,,,,,,,34.155812,-118.158089,EB 210 TO WB 134 #1,24.49
2024-12-03 20:50:00,773131,210,E,FF,,,,,,,,34.15154,-118.146708,FAIR OAKS OFF,25.48
2024-12-03 20:50:00,775729,210,E,FF,,,,,,,,34.155812,-118.158089,EB 210 CON,24.49
2024-12-03 20:50:00,776724,210,E,FF,129.0,62.0,67.0,,,,,34.156489,-118.158295,WINONA WAY,24.442
2024-12-03 20:55:00,768916,210,E,FF,,,,,,,,34.15099,-118.152369,NB 710 EXT TO EB 210,25.12
2024-12-03 20:55:00,769849,210,E,FF,45.0,13.0,23.0,9.0,,,,34.211728,-118.228265,OCEAN VIEW,18.18
2024-12-03 20:55:00,770170,210,E,FF,,,,,,,,34.155812,-118.158089,EB 210 TO WB 134 #1,24.49
2024-12-03 20:55:00,773131,210,E,FF,,,,,,,,34.15154,-118.146708,FAIR OAKS OFF,25.48
2024-12-03 20:55:00,775729,210,E,FF,,,,,,,,34.155812,-118.158089,EB 210 CON,24.49
2024-12-03 20:55:00,776724,210,E,FF,119.0,77.0,42.0,,,,,34.156489,-118.158295,WINONA WAY,24.442
2024-12-03 21:00:00,768916,210,E,FF,,,,,,,,34.15099,-118.152369,NB 710 EXT TO EB 210,25.12
2024-12-03 21:00:00,769849,210,E,FF,49.0,16.0,24.0,9.0,,,,34.211728,-118.228265,OCEAN VIEW,18.18
2024-12-03 21:00:00,770170,210,E,FF,,,,,,,,34.155812,-118.158089,EB 210 TO WB 134 #1,24.49
2024-12-03 21:00:00,773131,210,E,FF,,,,,,,,34.15154,-118.146708,FAIR OAKS OFF,25.48
2024-12-03 21:00:00,775729,210,E,FF,,,,,,,,34.155812,-118.158089,EB 210 CON,24.49
2024-12-03 21:00:00,776724,210,E,FF,97.0,50.0,47.0,,,,,34.156489,-118.158295,WINONA WAY,24.442
2024-12-03 21:05:00,768916,210,E,FF,,,,,,,,34.15099,-118.152369,NB 710 EXT TO EB 210,25.12
2024-12-03 21:05:00,769849,210,E,FF,47.0,10.0,28.0,9.0,,,,34.211728,-118.228265,OCEAN VIEW,18.18
2024-12-03 21:05:00,770170,210,E,FF,,,,,,,,34.155812,-118.158089,EB 210 TO WB 134 #1,24.49
2024-12-03 21:05:00,773131,210,E,FF,,,,,,,,34.15154,-118.146708,FAIR OAKS OFF,25.48
2024-12-03 21:05:00,775729,210,E,FF,,,,,,,,34.155812,-118.158089,EB 210 CON,24.49
2024-12-03 21:05:00,776724,210,E,FF,162.0,92.0,70.0,,,,,34.156489,-118.158295,WINONA WAY,24.442
2024-12-03 21:10:00,768916,210,E,FF,,,,,,,,34.15099,-118.152369,NB 710 EXT TO EB 210,25.12
2024-12-03 21:10:00,769849,210,E,FF,50.0,10.0,27.0,13.0,,,,34.211728,-118.228265,OCEAN VIEW,18.18
2024-12-03 21:10:00,770170,210,E,FF,,,,,,,,34.155812,-118.158089,EB 210 TO WB 134 #1,24.49
2024-12-03 21:10:00,773131,210,E,FF,,,,,,,,34.15154,-118.146708,FAIR OAKS OFF,25.48
2024-12-03 21:10:00,775729,210,E,FF,,,,,,,,34.155812,-118.158089,EB 210 CON,24.49
2024-12-03 21:10:00,776724,210,E,FF,129.0,74.0,55.0,,,,,34.156489,-118.158295,WINONA WAY,24.442
2024-12-03 21:15:00,768916,210,E,FF,,,,,,,,34.15099,-118.152369,NB 710 EXT TO EB 210,25.12
2024-12-03 21:15:00,769849,210,E,FF,48.0,13.0,26.0,9.0,,,,34.211728,-118.228265,OCEAN VIEW,18.18
2024-12-03 21:15:00,770170,210,E,FF,,,,,,,,34.155812,-118.158089,EB 210 TO WB 134 #1,24.49
2024-12-03 21:15:00,773131,210,E,FF,,,,,,,,34.15154,-118.146708,FAIR OAKS OFF,25.48
2024-12-03 21:15:00,775729,210,E,FF,,,,,,,,34.155812,-118.158089,EB 210 CON,24.49
2024-12-03 21:15:00,776724,210,E,FF,149.0,80.0,69.0,,,,,34.156489,-118.158295,WINONA WAY,24.442
2024-12-03 21:20:00,768916,210,E,FF,,,,,,,,34.15099,-118.152369,NB 710 EXT TO EB 210,25.12
2024-12-03 21:20:00,769849,210,E,FF,45.0,12.0,25.0,8.0,,,,34.211728,-118.228265,OCEAN VIEW,18.18
2024-12-03 21:20:00,770170,210,E,FF,,,,,,,,34.155812,-118.158089,EB 210 TO WB 134 #1,24.49
2024-12-03 21:20:00,773131,210,E,FF,,,,,,,,34.15154,-118.146708,FAIR OAKS OFF,25.48
2024-12-03 21:20:00,775729,210,E,FF,,,,,,,,34.155812,-118.158089,EB 210 CON,24.49
2024-12-03 21:20:00,776724,210,E,FF,128.0,67.0,61.0,,,,,34.156489,-118.158295,WINONA WAY,24.442
2024-12-03 21:25:00,768916,210,E,FF,,,,,,,,34.15099,-118.152369,NB 710 EXT TO EB 210,25.12
2024-12-03 21:25:00,769849,210,E,FF,45.0,10.0,27.0,8.0,,,,34.211728,-118.228265,OCEAN VIEW,18.18
2024-12-03 21:25:00,770170,210,E,FF,,,,,,,,34.155812,-118.158089,EB 210 TO WB 134 #1,24.49
2024-12-03 21:25:00,773131,210,E,FF,,,,,,,,34.15154,-118.146708,FAIR OAKS OFF,25.48
2024-12-03 21:25:00,775729,210,E,FF,,,,,,,,34.155812,-118.158089,EB 210 CON,24.49
2024-12-03 21:25:00,776724,210,E,FF,146.0,79.0,67.0,,,,,34.156489,-118.158295,WINONA WAY,24.442
2024-12-03 21:30:00,768916,210,E,FF,,,,,,,,34.15099,-118.152369,NB 710 EXT TO EB 210,25.12
2024-12-03 21:30:00,769849,210,E,FF,41.0,10.0,19.0,12.0,,,,34.211728,-118.228265,OCEAN VIEW,18.18
2024-12-03 21:30:00,770170,210,E,FF,,,,,,,,34.155812,-118.158089,EB 210 TO WB 134 #1,24.49
2024-12-03 21:30:00,773131,210,E,FF,,,,,,,,34.15154,-118.146708,FAIR OAKS OFF,25.48
2024-12-03 21:30:00,775729,210,E,FF,,,,,,,,34.155812,-118.158089,EB 210 CON,24.49
2024-12-03 21:30:00,776724,210,E,FF,164.0,76.0,88.0,,,,,34.156489,-118.158295,WINONA WAY,24.442
2024-12-03 21:35:00,768916,210,E,FF,,,,,,,,34.15099,-118.152369,NB 710 EXT TO EB 210,25.12
2024-12-03 21:35:00,769849,210,E,FF,37.0,7.0,23.0,7.0,,,,34.211728,-118.228265,OCEAN VIEW,18.18
2024-12-03 21:35:00,770170,210,E,FF,,,,,,,,34.155812,-118.158089,EB 210 TO WB 134 #1,24.49
2024-12-03 21:35:00,773131,210,E,FF,,,,,,,,34.15154,-118.146708,FAIR OAKS OFF,25.48
2024-12-03 21:35:00,775729,210,E,FF,,,,,,,,34.155812,-118.158089,EB 210 CON,24.49
2024-12-03 21:35:00,776724,210,E,FF,119.0,63.0,56.0,,,,,34.156489,-118.158295,WINONA WAY,24.442
2024-12-03 21:40:00,768916,210,E,FF,,,,,,,,34.15099,-118.152369,NB 710 EXT TO EB 210,25.12
2024-12-03 21:40:00,769849,210,E,FF,54.0,12.0,27.0,15.0,,,,34.211728,-118.228265,OCEAN VIEW,18.18
2024-12-03 21:40:00,770170,210,E,FF,,,,,,,,34.155812,-118.158089,EB 210 TO WB 134 #1,24.49
2024-12-03 21:40:00,773131,210,E,FF,,,,,,,,34.15154,-118.146708,FAIR OAKS OFF,25.48
2024-12-03 21:40:00,775729,210,E,FF,,,,,,,,34.155812,-118.158089,EB 210 CON,24.49
2024-12-03 21:40:00,776724,210,E,FF,76.0,37.0,39.0,,,,,34.156489,-118.158295,WINONA WAY,24.442
2024-12-03 21:45:00,768916,210,E,FF,,,,,,,,34.15099,-118.152369,NB 710 EXT TO EB 210,25.12
2024-12-03 21:45:00,769849,210,E,FF,32.0,6.0,21.0,5.0,,,,34.211728,-118.228265,OCEAN VIEW,18.18
2024-12-03 21:45:00,770170,210,E,FF,,,,,,,,34.155812,-118.158089,EB 210 TO WB 134 #1,24.49
2024-12-03 21:45:00,773131,210,E,FF,,,,,,,,34.15154,-118.146708,FAIR OAKS OFF,25.48
2024-12-03 21:45:00,775729,210,E,FF,,,,,,,,34.155812,-118.158089,EB 210 CON,24.49
2024-12-03 21:45:00,776724,210,E,FF,121.0,65.0,56.0,,,,,34.156489,-118.158295,WINONA WAY,24.442
2024-12-03 21:50:00,768916,210,E,FF,,,,,,,,34.15099,-118.152369,NB 710 EXT TO EB 210,25.12
2024-12-03 21:50:00,769849,210,E,FF,27.0,6.0,19.0,2.0,,,,34.211728,-118.228265,OCEAN VIEW,18.18
2024-12-03 21:50:00,770170,210,E,FF,,,,,,,,34.155812,-118.158089,EB 210 TO WB 134 #1,24.49
2024-12-03 21:50:00,773131,210,E,FF,,,,,,,,34.15154,-118.146708,FAIR OAKS OFF,25.48
2024-12-03 21:50:00,775729,210,E,FF,,,,,,,,34.155812,-118.158089,EB 210 CON,24.49
2024-12-03 21:50:00,776724,210,E,FF,122.0,65.0,57.0,,,,,34.156489,-118.158295,WINONA WAY,24.442
2024-12-03 21:55:00,768916,210,E,FF,,,,,,,,34.15099,-118.152369,NB 710 EXT TO EB 210,25.12
2024-12-03 21:55:00,769849,210,E,FF,30.0,7.0,17.0,6.0,,,,34.211728,-118.228265,OCEAN VIEW,18.18
2024-12-03 21:55:00,770170,210,E,FF,,,,,,,,34.155812,-118.158089,EB 210 TO WB 134 #1,24.49
2024-12-03 21:55:00,773131,210,E,FF,,,,,,,,34.15154,-118.146708,FAIR OAKS OFF,25.48
2024-12-03 21:55:00,775729,210,E,FF,,,,,,,,34.155812,-118.158089,EB 210 CON,24.49
2024-12-03 21:55:00,776724,210,E,FF,88.0,52.0,36.0,,,,,34.156489,-118.158295,WINONA WAY,24.442
2024-12-03 22:00:00,768916,210,E,FF,,,,,,,,34.15099,-118.152369,NB 710 EXT TO EB 210,25.12
2024-12-03 22:00:00,769849,210,E,FF,36.0,4.0,22.0,10.0,,,,34.211728,-118.228265,OCEAN VIEW,18.18
2024-12-03 22:00:00,770170,210,E,FF,,,,,,,,34.155812,-118.158089,EB 210 TO WB 134 #1,24.49
2024-12-03 22:00:00,773131,210,E,FF,,,,,,,,34.15154,-118.146708,FAIR OAKS OFF,25.48
2024-12-03 22:00:00,775729,210,E,FF,,,,,,,,34.155812,-118.158089,EB 210 CON,24.49
2024-12-03 22:00:00,776724,210,E,FF,87.0,62.0,25.0,,,,,34.156489,-118.158295,WINONA WAY,24.442
2024-12-03 22:05:00,768916,210,E,FF,,,,,,,,34.15099,-118.152369,NB 710 EXT TO EB 210,25.12
2024-12-03 22:05:00,769849,210,E,FF,35.0,7.0,20.0,8.0,,,,34.211728,-118.228265,OCEAN VIEW,18.18
2024-12-03 22:05:00,770170,210,E,FF,,,,,,,,34.155812,-118.158089,EB 210 TO WB 134 #1,24.49
2024-12-03 22:05:00,773131,210,E,FF,,,,,,,,34.15154,-118.146708,FAIR OAKS OFF,25.48
2024-12-03 22:05:00,775729,210,E,FF,,,,,,,,34.155812,-118.158089,EB 210 CON,24.49
2024-12-03 22:05:00,776724,210,E,FF,78.0,52.0,26.0,,,,,34.156489,-118.158295,WINONA WAY,24.442
2024-12-03 22:10:00,768916,210,E,FF,,,,,,,,34.15099,-118.152369,NB 710 EXT TO EB 210,25.12
2024-12-03 22:10:00,769849,210,E,FF,31.0,7.0,17.0,7.0,,,,34.211728,-118.228265,OCEAN VIEW,18.18
2024-12-03 22:10:00,770170,210,E,FF,,,,,,,,34.155812,-118.158089,EB 210 TO WB 134 #1,24.49
2024-12-03 22:10:00,773131,210,E,FF,,,,,,,,34.15154,-118.146708,FAIR OAKS OFF,25.48
2024-12-03 22:10:00,775729,210,E,FF,,,,,,,,34.155812,-118.158089,EB 210 CON,24.49
2024-12-03 22:10:00,776724,210,E,FF,114.0,61.0,53.0,,,,,34.156489,-118.158295,WINONA WAY,24.442
2024-12-03 22:15:00,768916,210,E,FF,,,,,,,,34.15099,-118.152369,NB 710 EXT TO EB 210,25.12
2024-12-03 22:15:00,769849,210,E,FF,34.0,8.0,16.0,10.0,,,,34.211728,-118.228265,OCEAN VIEW,18.18
2024-12-03 22:15:00,770170,210,E,FF,,,,,,,,34.155812,-118.158089,EB 210 TO WB 134 #1,24.49
2024-12-03 22:15:00,773131,210,E,FF,,,,,,,,34.15154,-118.146708,FAIR OAKS OFF,25.48
2024-12-03 22:15:00,775729,210,E,FF,,,,,,,,34.155812,-118.158089,EB 210 CON,24.49
2024-12-03 22:15:00,776724,210,E,FF,80.0,42.0,38.0,,,,,34.156489,-118.158295,WINONA WAY,24.442
2024-12-03 22:20:00,768916,210,E,FF,,,,,,,,34.15099,-118.152369,NB 710 EXT TO EB 210,25.12
2024-12-03 22:20:00,769849,210,E,FF,28.0,5.0,16.0,7.0,,,,34.211728,-118.228265,OCEAN VIEW,18.18
2024-12-03 22:20:00,770170,210,E,FF,,,,,,,,34.155812,-118.158089,EB 210 TO WB 134 #1,24.49
2024-12-03 22:20:00,773131,210,E,FF,,,,,,,,34.15154,-118.146708,FAIR OAKS OFF,25.48
2024-12-03 22:20:00,775729,210,E,FF,,,,,,,,34.155812,-118.158089,EB 210 CON,24.49
2024-12-03 22:20:00,776724,210,E,FF,75.0,34.0,41.0,,,,,34.156489,-118.158295,WINONA WAY,24.442
2024-12-03 22:25:00,768916,210,E,FF,,,,,,,,34.15099,-118.152369,NB 710 EXT TO EB 210,25.12
2024-12-03 22:25:00,769849,210,E,FF,31.0,4.0,23.0,4.0,,,,34.211728,-118.228265,OCEAN VIEW,18.18
2024-12-03 22:25:00,770170,210,E,FF,,,,,,,,34.155812,-118.158089,EB 210 TO WB 134 #1,24.49
2024-12-03 22:25:00,773131,210,E,FF,,,,,,,,34.15154,-118.146708,FAIR OAKS OFF,25.48
2024-12-03 22:25:00,775729,210,E,FF,,,,,,,,34.155812,-118.158089,EB 210 CON,24.49
2024-12-03 22:25:00,776724,210,E,FF,56.0,29.0,27.0,,,,,34.156489,-118.158295,WINONA WAY,24.442
2024-12-03 22:30:00,768916,210,E,FF,,,,,,,,34.15099,-118.152369,NB 710 EXT TO EB 210,25.12
2024-12-03 22:30:00,769849,210,E,FF,27.0,7.0,15.0,5.0,,,,34.211728,-118.228265,OCEAN VIEW,18.18
2024-12-03 22:30:00,770170,210,E,FF,,,,,,,,34.155812,-118.158089,EB 210 TO WB 134 #1,24.49
2024-12-03 22:30:00,773131,210,E,FF,,,,,,,,34.15154,-118.146708,FAIR OAKS OFF,25.48
2024-12-03 22:30:00,775729,210,E,FF,,,,,,,,34.155812,-118.158089,EB 210 CON,24.49
2024-12-03 22:30:00,776724,210,E,FF,64.0,35.0,29.0,,,,,34.156489,-118.158295,WINONA WAY,24.442
2024-12-03 22:35:00,768916,210,E,FF,,,,,,,,34.15099,-118.152369,NB 710 EXT TO EB 210,25.12
2024-12-03 22:35:00,769849,210,E,FF,25.0,5.0,13.0,7.0,,,,34.211728,-118.228265,OCEAN VIEW,18.18
2024-12-03 22:35:00,770170,210,E,FF,,,,,,,,34.155812,-118.158089,EB 210 TO WB 134 #1,24.49
2024-12-03 22:35:00,773131,210,E,FF,,,,,,,,34.15154,-118.146708,FAIR OAKS OFF,25.48
2024-12-03 22:35:00,775729,210,E,FF,,,,,,,,34.155812,-118.158089,EB 210 CON,24.49
2024-12-03 22:35:00,776724,210,E,FF,95.0,44.0,51.0,,,,,34.156489,-118.158295,WINONA WAY,24.442
2024-12-03 22:40:00,768916,210,E,FF,,,,,,,,34.15099,-118.152369,NB 710 EXT TO EB 210,25.12
2024-12-03 22:40:00,769849,210,E,FF,23.0,6.0,11.0,6.0,,,,34.211728,-118.228265,OCEAN VIEW,18.18
2024-12-03 22:40:00,770170,210,E,FF,,,,,,,,34.155812,-118.158089,EB 210 TO WB 134 #1,24.49
2024-12-03 22:40:00,773131,210,E,FF,,,,,,,,34.15154,-118.146708,FAIR OAKS OFF,25.48
2024-12-03 22:40:00,775729,210,E,FF,,,,,,,,34.155812,-118.158089,EB 210 CON,24.49
2024-12-03 22:40:00,776724,210,E,FF,54.0,28.0,26.0,,,,,34.156489,-118.158295,WINONA WAY,24.442
2024-12-03 22:45:00,768916,210,E,FF,,,,,,,,34.15099,-118.152369,NB 710 EXT TO EB 210,25.12
2024-12-03 22:45:00,769849,210,E,FF,28.0,3.0,20.0,5.0,,,,34.211728,-118.228265,OCEAN VIEW,18.18
2024-12-03 22:45:00,770170,210,E,FF,,,,,,,,34.155812,-118.158089,EB 210 TO WB 134 #1,24.49
2024-12-03 22:45:00,773131,210,E,FF,,,,,,,,34.15154,-118.146708,FAIR OAKS OFF,25.48
2024-12-03 22:45:00,775729,210,E,FF,,,,,,,,34.155812,-118.158089,EB 210 CON,24.49
2024-12-03 22:45:00,776724,210,E,FF,79.0,54.0,25.0,,,,,34.156489,-118.158295,WINONA WAY,24.442
2024-12-03 22:50:00,768916,210,E,FF,,,,,,,,34.15099,-118.152369,NB 710 EXT TO EB 210,25.12
2024-12-03 22:50:00,769849,210,E,FF,24.0,8.0,13.0,3.0,,,,34.211728,-118.228265,OCEAN VIEW,18.18
2024-12-03 22:50:00,770170,210,E,FF,,,,,,,,34.155812,-118.158089,EB 210 TO WB 134 #1,24.49
2024-12-03 22:50:00,773131,210,E,FF,,,,,,,,34.15154,-118.146708,FAIR OAKS OFF,25.48
2024-12-03 22:50:00,775729,210,E,FF,,,,,,,,34.155812,-118.158089,EB 210 CON,24.49
2024-12-03 22:50:00,776724,210,E,FF,39.0,9.0,30.0,,,,,34.156489,-118.158295,WINONA WAY,24.442
2024-12-03 22:55:00,768916,210,E,FF,,,,,,,,34.15099,-118.152369,NB 710 EXT TO EB 210,25.12
2024-12-03 22:55:00,769849,210,E,FF,28.0,10.0,11.0,7.0,,,,34.211728,-118.228265,OCEAN VIEW,18.18
2024-12-03 22:55:00,770170,210,E,FF,,,,,,,,34.155812,-118.158089,EB 210 TO WB 134 #1,24.49
2024-12-03 22:55:00,773131,210,E,FF,,,,,,,,34.15154,-118.146708,FAIR OAKS OFF,25.48
2024-12-03 22:55:00,775729,210,E,FF,,,,,,,,34.155812,-118.158089,EB 210 CON,24.49
2024-12-03 22:55:00,776724,210,E,FF,56.0,32.0,24.0,,,,,34.156489,-118.158295,WINONA WAY,24.442
2024-12-03 23:00:00,768916,210,E,FF,,,,,,,,34.15099,-118.152369,NB 710 EXT TO EB 210,25.12
2024-12-03 23:00:00,769849,210,E,FF,22.0,3.0,11.0,8.0,,,,34.211728,-118.228265,OCEAN VIEW,18.18
2024-12-03 23:00:00,770170,210,E,FF,,,,,,,,34.155812,-118.158089,EB 210 TO WB 134 #1,24.49
2024-12-03 23:00:00,773131,210,E,FF,,,,,,,,34.15154,-118.146708,FAIR OAKS OFF,25.48
2024-12-03 23:00:00,775729,210,E,FF,,,,,,,,34.155812,-118.158089,EB 210 CON,24.49
2024-12-03 23:00:00,776724,210,E,FF,82.0,37.0,45.0,,,,,34.156489,-118.158295,WINONA WAY,24.442
