0.0,365.0,0.0,64.3,72.0,0.0,70.5,7.0,0.0,74.0,110.0,0.0,65.3,99.0,0.0,62.2,77.0,0.0,59.0
0.2,339.0,0.0,63.4,63.0,0.0,69.2,3.0,0.0,73.7,106.0,0.0,64.6,94.0,0.0,61.7,73.0,0.0,58.4
0.3,309.0,0.0,63.7,57.0,0.0,69.7,1.0,0.0,73.9,99.0,0.0,65.0,87.0,0.0,62.0,65.0,0.0,58.5
0.5,267.0,0.0,63.4,39.0,0.0,68.9,5.0,0.0,74.1,88.0,0.0,64.8,80.0,0.0,61.9,55.0,0.0,58.4
1.0,263.0,0.0,63.3,38.0,0.0,69.4,3.0,0.0,73.8,88.0,0.0,64.7,79.0,0.0,61.9,55.0,0.0,58.6
1.2,249.0,0.0,63.5,35.0,0.0,69.8,1.0,0.0,73.4,85.0,0.0,64.9,76.0,0.0,62.0,52.0,0.0,58.8
1.3,219.0,0.0,63.4,25.0,0.0,69.8,2.0,0.0,73.4,79.0,0.0,64.8,69.0,0.0,62.0,44.0,0.0,58.9
1.5,222.0,0.0,63.3,27.0,0.0,69.5,1.0,0.0,73.6,80.0,0.0,64.8,68.0,0.0,62.0,46.0,0.0,58.9
2.0,226.0,0.0,63.4,27.0,0.0,69.9,1.0,0.0,73.7,80.0,0.0,64.9,71.0,0.0,62.1,47.0,0.0,59.0
2.2,229.0,0.0,63.3,26.0,0.0,69.6,2.0,0.0,73.5,81.0,0.0,64.8,73.0,0.0,61.9,47.0,0.0,58.9
2.3,227.0,0.0,63.6,27.0,0.0,70.3,0.0,0.0,73.5,80.0,0.0,65.1,73.0,0.0,62.1,47.0,0.0,59.4
2.5,231.0,0.0,63.6,27.0,0.0,70.1,1.0,0.0,73.6,81.0,0.0,65.0,74.0,0.0,62.1,48.0,0.0,59.3
3.0,213.0,0.0,63.4,20.0,0.0,70.1,0.0,0.0,73.6,78.0,0.0,65.1,70.0,0.0,62.2,45.0,0.0,59.3
3.2,210.0,0.0,63.4,21.0,0.0,70.0,0.0,0.0,73.6,77.0,0.0,65.0,69.0,0.0,62.2,43.0,0.0,59.2
3.3,232.0,0.0,63.6,26.0,0.0,69.5,2.0,0.0,74.7,82.0,0.0,65.3,73.0,0.0,62.3,49.0,0.0,59.0
3.5,228.0,0.0,63.7,28.0,0.0,69.8,2.0,0.0,74.6,81.0,0.0,65.3,70.0,0.0,62.3,47.0,0.0,59.1
4.0,235.0,0.0,63.7,29.0,0.0,70.1,1.0,0.0,74.2,82.0,0.0,65.4,74.0,0.0,62.2,49.0,0.0,59.2
4.2,241.0,0.0,63.6,32.0,0.0,70.0,0.0,0.0,74.2,84.0,0.0,65.2,75.0,0.0,62.2,50.0,0.0,58.9
4.3,245.0,0.0,63.5,34.0,0.0,69.8,0.0,0.0,74.2,84.0,0.0,65.1,77.0,0.0,62.2,50.0,0.0,58.7
4.5,264.0,0.0,63.7,41.0,0.0,69.7,1.0,0.0,74.5,88.0,0.0,65.2,79.0,0.0,62.0,55.0,0.0,58.7
5.0,241.0,0.0,63.3,30.0,0.0,69.2,2.0,0.0,74.3,84.0,0.0,64.9,75.0,0.0,62.0,50.0,0.0,58.5
5.2,286.0,0.0,63.3,49.0,0.0,68.4,2.0,0.0,74.3,93.0,0.0,64.6,82.0,0.0,61.8,60.0,0.0,58.5
5.3,275.0,0.0,63.5,45.0,0.0,69.5,1.0,0.0,73.9,90.0,0.0,64.9,82.0,0.0,61.9,57.0,0.0,58.7
5.5,303.0,0.0,64.1,57.0,0.0,70.2,0.0,0.0,73.9,99.0,0.0,65.1,81.0,0.0,62.2,66.0,0.0,59.5
6.0,281.0,0.0,64.1,47.0,0.0,70.6,2.0,0.0,73.9,92.0,0.0,65.3,81.0,0.0,62.2,59.0,0.0,59.5
6.2,312.0,0.0,63.7,58.0,0.0,69.6,2.0,0.0,73.8,99.0,0.0,65.0,87.0,0.0,61.8,66.0,0.0,58.8
6.3,354.0,0.0,64.3,71.0,0.0,70.7,4.0,0.0,73.8,109.0,0.0,65.2,94.0,0.0,62.1,76.0,0.0,59.3
6.5,375.0,0.0,64.0,76.0,0.0,69.8,9.0,0.0,73.9,113.0,0.0,64.9,96.0,0.0,61.8,81.0,0.0,58.8
7.0,339.0,0.0,63.5,89.0,0.0,68.6,5.0,0.0,74.1,84.0,0.0,64.8,71.0,0.0,61.9,90.0,0.0,58.0
7.2,341.0,0.0,64.0,85.0,0.0,69.4,7.0,0.0,74.0,85.0,0.0,65.3,74.0,0.0,62.3,90.0,0.0,58.5
7.3,430.0,0.0,64.1,96.0,0.0,69.5,8.0,0.0,74.1,126.0,0.0,65.0,106.0,0.0,62.0,94.0,0.0,58.6
7.5,411.0,0.0,63.9,109.0,0.0,69.0,10.0,0.0,74.0,101.0,0.0,64.9,86.0,0.0,62.1,105.0,0.0,58.1
8.0,267.0,0.0,64.9,104.0,0.0,69.1,9.0,0.0,73.9,26.0,0.0,67.9,26.0,0.0,65.1,102.0,0.0,58.9
8.2,461.0,0.0,63.7,127.0,0.0,68.1,11.0,0.0,74.3,109.0,0.0,65.1,94.0,0.0,62.2,120.0,0.0,58.0
8.3,376.0,0.0,64.4,152.0,0.0,68.5,12.0,0.0,74.4,37.0,0.0,67.7,37.0,0.0,64.9,138.0,0.0,58.1
8.5,458.0,0.0,64.5,157.0,0.0,68.8,16.0,0.0,73.8,77.0,0.0,65.7,68.0,0.0,62.8,140.0,0.0,58.7
9.0,391.0,0.0,64.9,131.0,0.0,69.9,15.0,0.0,73.9,66.0,0.0,65.9,58.0,0.0,63.0,121.0,0.0,58.7
9.2,438.0,0.0,64.8,148.0,0.0,69.8,18.0,0.0,74.0,73.0,0.0,65.8,65.0,0.0,62.8,134.0,0.0,58.4
9.3,396.0,0.0,65.1,163.0,0.0,69.6,24.0,0.0,73.8,32.0,0.0,67.5,32.0,0.0,64.7,145.0,0.0,58.2
9.5,418.0,0.0,64.6,170.0,0.0,68.9,23.0,0.0,73.9,37.0,0.0,67.6,37.0,0.0,64.8,151.0,0.0,57.7
10.0,473.0,0.0,64.3,194.0,0.0,68.4,22.0,0.0,73.5,44.0,0.0,67.6,44.0,0.0,64.8,169.0,0.0,57.4
10.2,474.0,0.0,63.3,196.0,0.0,67.1,20.0,0.0,73.8,44.0,0.0,67.2,44.0,0.0,64.4,170.0,0.0,56.4
10.3,490.0,0.0,62.2,207.0,0.0,65.6,19.0,0.0,73.9,43.0,0.0,66.8,43.0,0.0,64.0,178.0,0.1,55.3
10.5,520.0,0.0,62.3,214.0,0.0,65.8,20.0,0.0,73.9,51.0,0.0,66.4,51.0,0.0,63.7,184.0,0.1,55.4
11.0,491.0,0.0,62.6,209.0,0.0,66.1,20.0,0.0,74.2,41.0,0.0,67.3,41.0,0.0,64.6,180.0,0.1,55.7
11.2,581.0,0.0,62.2,236.0,0.1,64.9,33.0,0.0,73.7,56.0,0.0,67.3,56.0,0.0,64.6,200.0,0.1,54.9
11.3,564.0,0.0,62.1,237.0,0.1,65.1,26.0,0.0,73.7,50.0,0.0,67.2,50.0,0.0,64.4,201.0,0.1,55.1
11.5,535.0,0.0,62.1,223.0,0.0,65.2,22.0,0.0,73.8,50.0,0.0,67.1,50.0,0.0,64.3,190.0,0.1,55.1
12.0,556.0,0.0,61.9,224.0,0.0,64.9,24.0,0.0,73.9,58.0,0.0,66.6,58.0,0.0,63.9,192.0,0.1,54.8
12.2,589.0,0.0,62.5,234.0,0.1,65.2,36.0,0.0,73.8,60.0,0.0,67.4,60.0,0.0,64.6,199.0,0.1,55.2
12.3,564.0,0.0,61.0,240.0,0.1,64.1,15.0,0.0,73.7,53.0,0.0,66.3,53.0,0.0,63.5,203.0,0.1,54.2
12.5,559.0,0.0,60.9,238.0,0.1,63.9,16.0,0.0,73.9,52.0,0.0,66.5,52.0,0.0,63.7,201.0,0.1,54.1
13.0,542.0,0.0,61.7,223.0,0.0,64.6,24.0,0.0,73.8,52.0,0.0,67.1,52.0,0.0,64.4,191.0,0.1,54.7
13.2,561.0,0.0,62.0,228.0,0.0,64.8,22.0,0.0,74.1,58.0,0.0,67.3,58.0,0.0,64.5,195.0,0.1,54.9
13.3,638.0,0.0,61.9,250.0,0.1,64.4,35.0,0.0,74.1,71.0,0.0,66.9,71.0,0.0,64.1,211.0,0.1,54.5
13.5,591.0,0.0,61.2,240.0,0.1,63.9,22.0,0.0,74.1,63.0,0.0,66.5,63.0,0.0,63.7,203.0,0.1,54.1
14.0,560.0,0.0,61.8,232.0,0.1,64.8,25.0,0.0,74.3,53.0,0.0,66.9,53.0,0.0,64.2,197.0,0.1,54.7
14.2,558.0,0.0,62.0,232.0,0.1,65.0,20.0,0.0,74.3,54.0,0.0,67.5,54.0,0.0,64.7,198.0,0.1,55.0
14.3,526.0,0.0,62.1,216.0,0.0,65.0,23.0,0.0,74.1,51.0,0.0,67.7,51.0,0.0,65.0,185.0,0.1,55.1
14.5,577.0,0.0,61.3,237.0,0.1,63.8,20.0,0.0,73.7,59.0,0.0,67.4,59.0,0.0,64.6,202.0,0.1,54.2
15.0,548.0,0.0,61.1,225.0,0.1,63.3,27.0,0.0,73.8,52.0,0.0,67.7,52.0,0.0,64.9,192.0,0.1,54.0
15.2,506.0,0.0,61.9,203.0,0.0,64.5,29.0,0.0,72.7,49.0,0.0,67.4,50.0,0.0,64.6,175.0,0.1,54.9
15.3,538.0,0.0,61.2,217.0,0.0,63.9,19.0,0.0,73.4,57.0,0.0,67.0,58.0,0.0,64.2,187.0,0.1,54.4
15.5,542.0,0.0,60.7,227.0,0.0,63.7,9.0,0.0,73.7,56.0,0.0,66.5,56.0,0.0,63.7,194.0,0.1,54.1
16.0,511.0,0.0,61.9,205.0,0.0,65.0,22.0,0.0,73.8,53.0,0.0,66.7,53.0,0.0,63.9,178.0,0.1,54.8
16.2,543.0,0.0,61.5,217.0,0.0,64.5,24.0,0.0,73.4,58.0,0.0,66.3,58.0,0.0,63.5,186.0,0.1,54.5
16.3,513.0,0.0,61.9,215.0,0.0,65.3,14.0,0.0,73.9,49.0,0.0,66.9,49.0,0.0,64.2,186.0,0.1,55.2
16.5,504.0,0.0,62.0,208.0,0.0,64.7,26.0,0.0,74.3,46.0,0.0,67.5,46.0,0.0,64.7,178.0,0.1,54.8
17.0,481.0,0.0,62.3,203.0,0.0,65.6,21.0,0.0,73.4,41.0,0.0,67.4,41.0,0.0,64.6,175.0,0.1,55.5
17.2,498.0,0.0,62.2,209.0,0.0,65.5,19.0,0.0,73.7,45.0,0.0,67.5,45.0,0.0,64.7,180.0,0.1,55.4
17.3,520.0,0.0,60.5,212.0,0.0,62.7,25.0,0.0,73.6,50.0,0.0,66.8,51.0,0.0,64.0,182.0,0.1,53.5
17.5,474.0,0.0,61.4,198.0,0.0,64.4,16.0,0.0,73.5,44.0,0.0,66.9,44.0,0.0,64.2,172.0,0.1,54.6
18.0,491.0,0.0,62.4,206.0,0.0,65.7,21.0,0.0,73.8,43.0,0.0,67.2,44.0,0.0,64.4,177.0,0.1,55.5
18.2,463.0,0.0,62.4,191.0,0.0,65.6,22.0,0.0,73.6,42.0,0.0,67.3,42.0,0.0,64.5,166.0,0.0,55.4
18.3,416.0,0.0,61.6,183.0,0.0,64.9,9.0,0.0,74.0,32.0,0.0,67.8,32.0,0.0,65.0,160.0,0.0,55.1
18.5,450.0,0.0,61.0,191.0,0.0,63.9,17.0,0.0,74.2,38.0,0.0,67.3,38.0,0.0,64.5,166.0,0.1,54.3
19.0,460.0,0.0,61.7,200.0,0.0,64.8,13.0,0.0,74.0,37.0,0.0,67.9,37.0,0.0,65.1,173.0,0.1,55.1
19.2,423.0,0.0,60.9,182.0,0.0,63.9,14.0,0.0,74.1,34.0,0.0,67.1,34.0,0.0,64.3,159.0,0.0,54.1
19.3,438.0,0.0,61.5,195.0,0.0,65.0,8.0,0.0,74.0,33.0,0.0,67.7,33.0,0.0,64.9,169.0,0.1,55.1
19.5,395.0,0.0,60.0,172.0,0.0,62.9,9.0,0.0,74.0,31.0,0.0,66.7,31.0,0.0,63.9,152.0,0.0,53.8
20.0,419.0,0.0,59.8,180.0,0.0,62.0,8.0,0.0,74.0,37.0,0.0,67.1,37.0,0.0,64.4,157.0,0.0,53.8
20.2,363.0,0.0,60.7,155.0,0.0,63.1,15.0,0.0,74.2,27.0,0.0,67.6,27.0,0.0,64.8,139.0,0.0,54.3
20.3,534.0,0.0,61.2,160.0,0.0,65.1,5.0,0.0,73.9,123.0,0.0,63.2,105.0,0.0,60.5,141.0,0.0,55.3
20.5,360.0,0.0,61.2,161.0,0.0,64.8,5.0,0.0,73.9,25.0,0.0,67.8,25.0,0.0,65.0,144.0,0.0,55.0
21.0,365.0,0.0,63.4,153.0,0.0,67.3,15.0,0.0,74.0,30.0,0.0,67.5,30.0,0.0,64.8,137.0,0.0,56.6
21.2,408.0,0.0,63.5,142.0,0.0,68.0,9.0,0.0,74.0,67.0,0.0,65.3,60.0,0.0,62.6,130.0,0.0,57.4
21.3,390.0,0.0,63.6,132.0,0.0,67.6,9.0,0.0,73.7,67.0,0.0,65.1,60.0,0.0,62.4,122.0,0.0,58.3
21.5,432.0,0.0,63.6,121.0,0.0,67.5,6.0,0.0,74.1,103.0,0.0,65.0,89.0,0.0,62.1,113.0,0.0,58.7
22.0,482.0,0.0,63.3,115.0,0.0,68.4,3.0,0.0,73.9,140.0,0.0,64.5,117.0,0.0,61.6,107.0,0.0,57.9
22.2,508.0,0.0,63.4,119.0,0.0,68.6,9.0,0.0,73.4,144.0,0.0,64.3,124.0,0.0,61.5,112.0,0.0,58.0
22.3,522.0,0.0,63.5,125.0,0.0,68.6,7.0,0.0,73.9,147.0,0.0,64.5,127.0,0.0,61.7,116.0,0.0,58.1
22.5,517.0,0.0,63.5,122.0,0.0,68.4,7.0,0.0,74.1,147.0,0.0,64.5,127.0,0.0,61.6,114.0,0.0,58.3
23.0,499.0,0.0,63.8,119.0,0.0,69.0,2.0,0.0,75.1,144.0,0.0,65.1,122.0,0.0,62.1,112.0,0.0,58.5
23.2,466.0,0.0,63.6,106.0,0.0,69.1,5.0,0.0,74.2,135.0,0.0,64.8,118.0,0.0,61.9,102.0,0.0,58.1
23.3,468.0,0.0,63.9,109.0,0.0,69.6,3.0,0.0,73.9,137.0,0.0,65.0,115.0,0.0,61.9,104.0,0.0,58.5
23.5,393.0,0.0,64.3,83.0,0.0,70.6,5.0,0.0,73.8,118.0,0.0,65.1,102.0,0.0,62.0,85.0,0.0,59.4
0.0,475.0,0.0,65.1,76.0,0.0,70.5,88.0,0.0,67.9,122.0,0.0,66.2,106.0,0.0,63.1,83.0,0.0,58.1
0.2,383.0,0.0,64.3,54.0,0.0,68.2,84.0,0.0,67.7,98.0,0.0,65.1,84.0,0.0,62.1,63.0,0.0,58.0
0.3,346.0,0.0,64.6,45.0,0.0,69.1,77.0,0.0,67.7,91.0,0.0,65.5,76.0,0.0,62.4,57.0,0.0,58.2
0.5,303.0,0.0,64.8,33.0,0.0,69.6,71.0,0.0,67.8,83.0,0.0,65.7,68.0,0.0,62.5,48.0,0.0,58.4
1.0,281.0,0.0,64.7,29.0,0.0,69.4,69.0,0.0,67.6,79.0,0.0,65.6,60.0,0.0,62.5,44.0,0.0,58.2
1.2,262.0,0.0,64.8,24.0,0.0,69.7,65.0,0.0,67.8,75.0,0.0,65.7,57.0,0.0,62.6,41.0,0.0,58.4
1.3,238.0,0.0,64.3,18.0,0.0,68.9,56.0,0.0,67.6,72.0,0.0,65.4,55.0,0.0,62.3,37.0,0.0,58.0
1.5,236.0,0.0,64.9,29.0,0.0,71.5,46.0,0.0,67.9,70.0,0.0,65.7,54.0,0.0,62.6,37.0,0.0,58.3
2.0,229.0,0.0,64.3,24.0,0.0,69.1,44.0,0.0,67.5,70.0,0.0,65.4,54.0,0.0,62.3,37.0,0.0,58.1
2.2,243.0,0.0,65.8,48.0,0.0,73.2,43.0,0.0,67.7,67.0,0.0,65.6,51.0,0.0,62.5,34.0,0.0,58.2
2.3,230.0,0.0,65.6,40.0,0.0,72.4,41.0,0.0,67.8,68.0,0.0,65.8,50.0,0.0,62.7,31.0,0.0,58.4
2.5,253.0,0.0,66.1,48.0,0.0,73.5,49.0,0.0,68.0,69.0,0.0,65.9,53.0,0.0,62.8,34.0,0.0,58.8
3.0,238.0,0.0,65.7,40.0,0.0,72.7,45.0,0.0,68.1,68.0,0.0,65.9,52.0,0.0,62.8,33.0,0.0,58.5
3.2,269.0,0.0,65.0,24.0,0.0,70.1,65.0,0.0,68.0,76.0,0.0,66.0,62.0,0.0,62.9,42.0,0.0,58.8
3.3,280.0,0.0,65.0,38.0,0.0,71.4,60.0,0.0,67.5,77.0,0.0,65.5,63.0,0.0,62.4,42.0,0.0,58.5
3.5,296.0,0.0,65.3,41.0,0.0,71.6,68.0,0.0,67.9,79.0,0.0,65.7,62.0,0.0,62.5,46.0,0.0,58.8
4.0,327.0,0.0,64.4,38.0,0.0,68.8,76.0,0.0,67.5,88.0,0.0,65.3,72.0,0.0,62.3,53.0,0.0,58.0
4.2,371.0,0.0,63.4,50.0,0.0,67.3,89.0,0.0,66.5,93.0,0.0,64.3,79.0,0.0,61.3,60.0,0.0,57.3
4.3,352.0,0.0,63.5,60.0,0.0,67.4,98.0,0.0,66.4,69.0,0.0,64.1,58.0,0.0,61.2,67.0,0.0,57.4
4.5,446.0,0.0,63.9,81.0,0.0,67.4,117.0,0.0,66.9,88.0,0.0,64.5,76.0,0.0,61.5,84.0,0.0,57.5
5.0,466.0,0.0,63.9,97.0,0.0,67.8,133.0,0.0,67.0,69.0,0.0,64.4,63.0,0.0,61.5,104.0,0.0,57.3
5.2,501.0,0.0,63.5,126.0,0.0,67.1,157.0,0.0,67.4,47.0,0.0,62.5,47.0,0.0,59.8,124.0,0.0,57.0
5.3,658.0,0.0,63.4,166.0,0.0,66.9,187.0,0.0,67.1,75.0,0.0,63.0,76.0,0.0,60.3,154.0,0.0,56.9
5.5,686.0,0.0,64.4,175.0,0.0,68.2,189.0,0.0,67.3,81.0,0.0,65.1,81.0,0.0,62.5,160.0,0.0,57.3
6.0,668.0,0.0,63.8,167.0,0.0,67.2,189.0,0.0,66.1,79.0,0.0,65.9,79.0,0.0,63.2,154.0,0.0,56.4
6.2,758.0,0.0,61.2,195.0,0.0,64.0,207.0,0.0,63.9,89.0,0.0,62.2,89.0,0.0,59.5,178.0,0.1,55.3
6.3,990.0,0.1,61.3,242.0,0.1,65.1,261.0,0.1,65.6,136.0,0.0,60.1,137.0,0.0,57.5,214.0,0.1,55.2
6.5,1109.0,0.1,61.8,266.0,0.1,65.9,300.0,0.1,65.8,151.0,0.0,61.0,151.0,0.0,58.4,241.0,0.1,55.0
7.0,1068.0,0.1,60.0,269.0,0.1,63.5,286.0,0.1,63.4,134.0,0.0,59.8,135.0,0.0,57.2,244.0,0.1,53.9
7.2,1095.0,0.1,56.8,273.0,0.1,59.5,296.0,0.1,60.5,138.0,0.0,55.0,138.0,0.0,52.6,250.0,0.1,52.6
7.3,1177.0,0.1,56.0,285.0,0.1,58.5,323.0,0.1,58.6,153.0,0.0,55.9,153.0,0.0,53.4,263.0,0.1,51.5
7.5,1133.0,0.1,59.1,272.0,0.1,62.3,310.0,0.1,62.5,149.0,0.0,58.5,149.0,0.0,55.9,253.0,0.1,53.5
8.0,1172.0,0.1,56.8,288.0,0.1,59.5,309.0,0.1,59.9,159.0,0.0,56.4,159.0,0.0,54.0,257.0,0.1,52.2
8.2,1158.0,0.1,55.6,273.0,0.1,58.0,351.0,0.1,58.3,130.0,0.0,56.1,130.0,0.0,53.6,274.0,0.1,50.5
8.3,1106.0,0.1,57.7,274.0,0.1,60.7,295.0,0.1,61.9,145.0,0.0,55.8,145.0,0.0,53.4,247.0,0.1,53.2
8.5,1072.0,0.1,56.2,258.0,0.1,58.9,285.0,0.1,60.0,150.0,0.0,54.5,151.0,0.0,52.1,228.0,0.1,52.5
9.0,960.0,0.1,57.7,236.0,0.1,58.4,273.0,0.1,61.9,114.0,0.0,60.1,114.0,0.0,57.5,223.0,0.1,51.0
9.2,1049.0,0.1,57.7,250.0,0.1,59.4,302.0,0.1,61.4,129.0,0.0,59.6,129.0,0.0,57.0,239.0,0.1,50.7
9.3,1005.0,0.1,56.6,245.0,0.1,58.9,283.0,0.1,59.8,122.0,0.0,57.8,122.0,0.0,55.3,233.0,0.1,50.4
9.5,1005.0,0.1,57.3,248.0,0.1,60.3,280.0,0.1,60.7,123.0,0.0,57.4,123.0,0.0,54.9,231.0,0.1,51.2
10.0,981.0,0.1,56.1,238.0,0.1,58.3,290.0,0.1,59.6,106.0,0.0,56.0,106.0,0.0,53.6,241.0,0.1,50.8
10.2,919.0,0.1,54.1,228.0,0.1,56.4,277.0,0.1,57.0,93.0,0.0,53.4,93.0,0.0,51.0,228.0,0.1,49.7
10.3,906.0,0.1,55.3,222.0,0.1,57.8,273.0,0.1,58.5,94.0,0.0,54.4,94.0,0.0,52.1,223.0,0.1,50.6
10.5,971.0,0.1,54.3,236.0,0.1,56.7,304.0,0.1,57.0,93.0,0.0,53.5,93.0,0.0,51.1,245.0,0.1,50.2
11.0,904.0,0.1,55.0,228.0,0.1,57.5,278.0,0.1,58.7,81.0,0.0,52.9,82.0,0.0,50.6,235.0,0.1,50.7
11.2,890.0,0.1,54.8,227.0,0.1,57.4,266.0,0.1,57.4,85.0,0.0,54.4,86.0,0.0,52.0,226.0,0.1,50.2
11.3,902.0,0.1,54.7,232.0,0.1,57.5,261.0,0.1,57.2,92.0,0.0,54.7,92.0,0.0,52.3,225.0,0.1,49.9
11.5,969.0,0.1,55.8,237.0,0.1,58.7,303.0,0.1,58.3,92.0,0.0,55.9,92.0,0.0,53.5,245.0,0.1,50.6
12.0,903.0,0.1,55.8,221.0,0.1,58.1,276.0,0.1,58.7,91.0,0.0,56.4,91.0,0.0,53.9,224.0,0.1,50.7
12.2,1000.0,0.1,57.6,249.0,0.1,60.0,285.0,0.1,60.8,113.0,0.0,58.8,114.0,0.0,56.3,239.0,0.1,51.5
12.3,918.0,0.0,55.9,227.0,0.1,57.8,277.0,0.1,59.3,93.0,0.0,57.3,93.0,0.0,54.8,228.0,0.1,50.0
12.5,887.0,0.0,55.3,209.0,0.1,57.8,278.0,0.1,58.0,90.0,0.0,54.8,90.0,0.0,52.4,220.0,0.1,50.6
13.0,877.0,0.0,56.3,221.0,0.1,58.9,254.0,0.1,59.3,94.0,0.0,57.2,94.0,0.0,54.7,214.0,0.1,50.3
13.2,988.0,0.1,55.8,238.0,0.1,58.7,299.0,0.1,58.6,106.0,0.0,56.3,107.0,0.0,53.8,238.0,0.1,50.3
13.3,970.0,0.1,56.3,237.0,0.1,58.7,289.0,0.1,59.6,105.0,0.0,57.2,105.0,0.0,54.7,234.0,0.1,50.1
13.5,1024.0,0.1,55.4,252.0,0.1,57.8,286.0,0.1,58.4,125.0,0.0,56.2,125.0,0.0,53.7,236.0,0.1,49.8
14.0,976.0,0.1,56.2,242.0,0.1,59.0,281.0,0.1,59.2,110.0,0.0,56.6,110.0,0.0,54.1,233.0,0.1,50.5
14.2,1122.0,0.1,54.7,273.0,0.1,57.6,308.0,0.1,57.8,145.0,0.0,54.4,145.0,0.0,52.0,251.0,0.1,49.8
14.3,1267.0,0.1,54.1,302.0,0.1,56.9,354.0,0.1,57.0,165.0,0.0,54.3,165.0,0.0,51.9,281.0,0.1,48.8
14.5,1134.0,0.1,54.9,267.0,0.1,57.4,335.0,0.1,57.9,135.0,0.0,55.7,135.0,0.0,53.3,262.0,0.1,49.0
15.0,1097.0,0.1,55.5,278.0,0.1,58.0,291.0,0.1,58.6,138.0,0.0,56.3,138.0,0.0,53.9,252.0,0.1,49.4
15.2,1116.0,0.1,55.7,258.0,0.1,58.2,346.0,0.1,58.7,123.0,0.0,56.8,123.0,0.0,54.3,266.0,0.1,49.5
15.3,1159.0,0.1,55.0,277.0,0.1,57.8,328.0,0.1,57.9,146.0,0.0,55.7,146.0,0.0,53.2,262.0,0.1,49.3
15.5,1126.0,0.1,56.1,267.0,0.1,58.2,342.0,0.1,59.5,124.0,0.0,57.5,124.0,0.0,55.0,269.0,0.1,49.5
16.0,1140.0,0.1,56.5,270.0,0.1,58.2,314.0,0.1,60.1,151.0,0.0,58.1,151.0,0.0,55.6,254.0,0.1,49.8
16.2,1277.0,0.1,53.6,301.0,0.1,55.7,339.0,0.1,56.8,185.0,0.0,54.4,185.0,0.0,52.0,267.0,0.1,47.6
16.3,1133.0,0.1,56.6,265.0,0.1,58.9,306.0,0.1,59.9,162.0,0.0,57.7,162.0,0.0,55.2,238.0,0.1,50.1
16.5,1162.0,0.1,55.0,281.0,0.1,57.6,297.0,0.1,58.0,170.0,0.0,55.8,170.0,0.0,53.3,244.0,0.1,49.1
17.0,1143.0,0.1,55.5,267.0,0.1,57.8,314.0,0.1,58.7,158.0,0.0,56.5,159.0,0.0,54.0,245.0,0.1,49.3
17.2,1101.0,0.1,54.1,261.0,0.1,56.5,304.0,0.1,57.1,148.0,0.0,54.5,148.0,0.0,52.1,240.0,0.1,48.6
17.3,1199.0,0.1,53.3,282.0,0.1,54.1,324.0,0.1,57.1,170.0,0.0,54.8,170.0,0.0,52.4,253.0,0.1,46.7
17.5,1263.0,0.1,48.4,295.0,0.1,44.2,319.0,0.1,55.2,199.0,0.1,52.7,199.0,0.1,50.4,251.0,0.1,39.5
18.0,1063.0,0.1,55.5,247.0,0.1,55.3,318.0,0.1,60.6,123.0,0.0,58.6,124.0,0.0,56.0,251.0,0.1,47.7
18.2,1208.0,0.1,54.7,281.0,0.1,55.8,347.0,0.1,58.7,152.0,0.0,56.6,152.0,0.0,54.1,276.0,0.1,47.9
18.3,1165.0,0.1,55.2,274.0,0.1,56.3,350.0,0.1,59.1,133.0,0.0,57.1,133.0,0.0,54.6,275.0,0.1,48.3
18.5,1156.0,0.1,46.5,271.0,0.1,42.3,305.0,0.1,53.4,171.0,0.0,50.7,172.0,0.0,48.4,237.0,0.1,38.0
19.0,945.0,0.1,53.7,236.0,0.1,54.8,264.0,0.1,56.5,107.0,0.0,59.5,107.0,0.0,57.0,231.0,0.1,45.1
19.2,854.0,0.0,59.8,214.0,0.0,63.7,269.0,0.1,61.7,74.0,0.0,63.4,74.0,0.0,60.8,223.0,0.1,52.4
19.3,752.0,0.0,62.1,195.0,0.0,64.8,223.0,0.1,65.5,71.0,0.0,64.6,71.0,0.0,61.9,192.0,0.1,54.7
19.5,859.0,0.0,61.4,222.0,0.0,64.2,235.0,0.1,64.6,99.0,0.0,63.2,99.0,0.0,60.6,204.0,0.1,54.3
20.0,704.0,0.0,62.5,176.0,0.0,64.8,219.0,0.0,66.3,64.0,0.0,65.0,65.0,0.0,62.3,180.0,0.1,54.9
20.2,564.0,0.0,61.6,144.0,0.0,63.9,182.0,0.0,65.4,45.0,0.0,63.6,45.0,0.0,61.0,148.0,0.0,54.2
20.3,543.0,0.0,62.6,136.0,0.0,65.8,176.0,0.0,65.7,44.0,0.0,64.4,44.0,0.0,61.8,143.0,0.0,55.5
20.5,573.0,0.0,63.1,122.0,0.0,65.6,174.0,0.0,67.3,73.0,0.0,64.4,66.0,0.0,61.6,138.0,0.0,55.5
21.0,601.0,0.0,64.3,130.0,0.0,68.2,163.0,0.0,67.6,89.0,0.0,64.9,82.0,0.0,62.0,137.0,0.0,57.5
21.2,567.0,0.0,63.6,120.0,0.0,67.3,166.0,0.0,66.5,76.0,0.0,64.4,69.0,0.0,61.5,136.0,0.0,57.4
21.3,597.0,0.0,63.0,107.0,0.0,66.7,149.0,0.0,66.4,118.0,0.0,63.5,104.0,0.0,60.8,119.0,0.0,57.1
21.5,605.0,0.0,65.2,98.0,0.0,70.6,125.0,0.0,68.1,147.0,0.0,66.1,127.0,0.0,63.0,108.0,0.0,58.7
22.0,573.0,0.0,65.6,116.0,0.0,70.8,149.0,0.0,68.2,115.0,0.0,66.5,70.0,0.0,63.4,123.0,0.0,58.2
22.2,543.0,0.0,64.8,106.0,0.0,69.4,123.0,0.0,67.7,109.0,0.0,65.8,96.0,0.0,62.8,109.0,0.0,57.9
22.3,524.0,0.0,64.4,93.0,0.0,68.6,129.0,0.0,67.8,103.0,0.0,65.2,91.0,0.0,62.1,108.0,0.0,57.9
22.5,482.0,0.0,65.4,70.0,0.0,71.4,107.0,0.0,68.0,119.0,0.0,66.5,104.0,0.0,63.2,82.0,0.0,58.1
23.0,396.0,0.0,64.2,52.0,0.0,67.5,84.0,0.0,67.7,104.0,0.0,65.3,90.0,0.0,62.2,66.0,0.0,58.1
23.2,343.0,0.0,64.5,41.0,0.0,68.6,82.0,0.0,67.8,90.0,0.0,65.4,75.0,0.0,62.3,55.0,0.0,58.2
23.3,361.0,0.0,65.2,46.0,0.0,70.2,85.0,0.0,68.2,93.0,0.0,66.0,78.0,0.0,62.9,59.0,0.0,58.7
23.5,362.0,0.0,64.9,48.0,0.0,69.7,85.0,0.0,67.8,93.0,0.0,65.8,77.0,0.0,62.6,59.0,0.0,58.4
0.0,240.0,0.0,64.2,40.0,0.0,69.9,1.0,0.0,74.8,82.0,0.0,65.5,70.0,0.0,62.6,47.0,0.0,58.9
0.2,249.0,0.0,63.6,40.0,0.0,68.4,6.0,0.0,73.8,82.0,0.0,64.8,73.0,0.0,61.9,48.0,0.0,58.5
0.3,236.0,0.0,63.3,35.0,0.0,69.0,2.0,0.0,73.9,82.0,0.0,64.6,71.0,0.0,61.8,46.0,0.0,58.4
0.5,210.0,0.0,62.7,24.0,0.0,68.0,1.0,0.0,73.7,75.0,0.0,64.4,68.0,0.0,61.5,42.0,0.0,58.1
1.0,211.0,0.0,64.6,38.0,0.0,72.6,1.0,0.0,73.7,72.0,0.0,65.3,63.0,0.0,62.5,37.0,0.0,58.4
1.2,198.0,0.0,64.0,26.0,0.0,71.7,2.0,0.0,74.9,70.0,0.0,65.3,63.0,0.0,62.4,37.0,0.0,58.5
1.3,198.0,0.0,64.1,28.0,0.0,71.8,0.0,0.0,74.9,73.0,0.0,65.3,60.0,0.0,62.4,37.0,0.0,58.6
1.5,204.0,0.0,64.5,31.0,0.0,71.7,1.0,0.0,73.3,74.0,0.0,65.5,60.0,0.0,62.7,38.0,0.0,58.9
2.0,194.0,0.0,62.9,21.0,0.0,68.8,0.0,0.0,73.3,74.0,0.0,64.5,61.0,0.0,61.8,38.0,0.0,58.4
2.2,198.0,0.0,63.5,31.0,0.0,70.3,2.0,0.0,73.7,72.0,0.0,64.4,58.0,0.0,61.6,35.0,0.0,58.2
2.3,207.0,0.0,64.1,35.0,0.0,72.5,1.0,0.0,72.7,72.0,0.0,64.8,62.0,0.0,62.1,37.0,0.0,58.2
2.5,208.0,0.0,62.6,21.0,0.0,68.5,1.0,0.0,73.2,76.0,0.0,64.3,67.0,0.0,61.6,43.0,0.0,58.1
3.0,201.0,0.0,64.0,27.0,0.0,71.7,1.0,0.0,73.6,72.0,0.0,65.4,62.0,0.0,62.4,39.0,0.0,58.7
3.2,204.0,0.0,63.9,28.0,0.0,71.5,3.0,0.0,73.9,73.0,0.0,64.9,61.0,0.0,62.2,39.0,0.0,58.3
3.3,226.0,0.0,64.1,31.0,0.0,70.0,2.0,0.0,74.0,80.0,0.0,65.8,68.0,0.0,62.5,45.0,0.0,58.9
3.5,226.0,0.0,64.1,29.0,0.0,70.0,3.0,0.0,74.5,78.0,0.0,65.8,71.0,0.0,62.6,45.0,0.0,59.1
4.0,233.0,0.0,64.7,42.0,0.0,71.6,2.0,0.0,74.4,79.0,0.0,65.9,67.0,0.0,62.7,43.0,0.0,58.5
4.2,259.0,0.0,64.2,47.0,0.0,70.1,2.0,0.0,74.2,87.0,0.0,65.7,70.0,0.0,62.2,53.0,0.0,58.6
4.3,268.0,0.0,65.0,69.0,0.0,70.8,2.0,0.0,75.3,71.0,0.0,66.2,59.0,0.0,63.1,67.0,0.0,58.9
4.5,178.0,0.0,63.4,71.0,0.0,66.6,2.0,0.0,74.5,16.0,0.0,67.9,16.0,0.0,65.1,73.0,0.0,58.6
5.0,360.0,0.0,64.8,94.0,0.0,70.4,5.0,0.0,74.3,95.0,0.0,65.9,81.0,0.0,62.8,85.0,0.0,59.1
5.2,330.0,0.0,65.7,121.0,0.0,71.2,6.0,0.0,73.9,60.0,0.0,66.8,53.0,0.0,63.6,90.0,0.0,58.3
5.3,390.0,0.0,63.8,159.0,0.0,67.6,11.0,0.0,73.5,38.0,0.0,66.3,38.0,0.0,63.6,144.0,0.0,58.2
5.5,400.0,0.0,66.5,163.0,0.0,72.4,8.0,0.0,73.6,47.0,0.0,68.2,47.0,0.0,65.4,135.0,0.0,58.9
6.0,403.0,0.0,66.9,164.0,0.0,72.7,7.0,0.0,74.7,46.0,0.0,68.6,46.0,0.0,65.8,140.0,0.0,59.6
6.2,586.0,0.0,64.3,233.0,0.1,68.9,13.0,0.0,72.7,74.0,0.0,66.1,74.0,0.0,63.4,192.0,0.1,57.8
6.3,615.0,0.0,65.0,247.0,0.1,69.5,15.0,0.0,72.3,77.0,0.0,67.5,77.0,0.0,64.7,199.0,0.1,58.1
6.5,742.0,0.0,63.7,291.0,0.1,67.4,26.0,0.0,71.4,93.0,0.0,66.7,93.0,0.0,63.9,239.0,0.1,57.0
7.0,616.0,0.0,58.4,237.0,0.1,67.0,33.0,0.0,38.3,72.0,0.0,53.7,72.0,0.0,51.4,202.0,0.1,55.7
7.2,771.0,0.1,55.6,279.0,0.1,66.9,51.0,0.1,26.1,99.0,0.0,48.0,99.0,0.0,45.8,243.0,0.1,56.0
7.3,837.0,0.1,54.2,310.0,0.1,65.5,52.0,0.1,22.2,106.0,0.1,45.9,106.0,0.1,43.8,263.0,0.1,54.6
7.5,805.0,0.1,54.8,300.0,0.1,66.7,54.0,0.1,22.0,106.0,0.0,46.5,106.0,0.0,44.4,239.0,0.1,55.7
8.0,775.0,0.1,55.2,280.0,0.1,68.4,56.0,0.1,22.5,101.0,0.1,46.4,101.0,0.0,44.3,237.0,0.1,55.6
8.2,709.0,0.1,55.3,262.0,0.1,68.1,50.0,0.1,23.4,84.0,0.0,46.7,85.0,0.0,44.6,228.0,0.1,54.9
8.3,835.0,0.1,52.6,295.0,0.1,64.7,66.0,0.1,21.6,106.0,0.1,45.6,108.0,0.1,43.6,260.0,0.1,53.4
8.5,758.0,0.1,52.8,272.0,0.1,63.6,46.0,0.1,22.5,99.0,0.0,45.9,99.0,0.0,43.8,242.0,0.1,53.0
9.0,670.0,0.0,61.9,244.0,0.1,68.5,38.0,0.1,56.5,84.0,0.0,61.7,85.0,0.0,59.1,219.0,0.1,56.5
9.2,677.0,0.1,64.3,256.0,0.1,67.9,44.0,0.1,73.6,85.0,0.0,67.4,85.0,0.0,64.6,207.0,0.1,56.6
9.3,693.0,0.1,63.7,260.0,0.1,65.9,42.0,0.1,78.1,88.0,0.0,68.2,88.0,0.0,65.4,215.0,0.1,55.8
9.5,623.0,0.0,63.9,235.0,0.1,67.2,32.0,0.0,74.1,78.0,0.0,67.4,78.0,0.0,64.7,200.0,0.1,56.7
10.0,621.0,0.0,61.9,246.0,0.1,64.1,30.0,0.0,73.8,70.0,0.0,66.6,70.0,0.0,63.9,205.0,0.1,55.3
10.2,641.0,0.0,57.8,244.0,0.1,63.6,37.0,0.0,50.1,70.0,0.0,56.8,71.0,0.0,54.4,219.0,0.1,53.9
10.3,637.0,0.0,58.1,244.0,0.1,62.7,28.0,0.0,57.6,68.0,0.0,58.9,68.0,0.0,56.4,229.0,0.1,53.5
10.5,615.0,0.0,60.8,235.0,0.1,64.0,24.0,0.0,72.4,60.0,0.0,65.5,60.0,0.0,62.8,236.0,0.1,54.8
11.0,612.0,0.0,61.6,238.0,0.1,64.1,28.0,0.0,74.2,65.0,0.0,66.5,65.0,0.0,63.7,216.0,0.1,55.1
11.2,648.0,0.0,59.6,249.0,0.1,64.2,30.0,0.0,60.2,68.0,0.0,61.8,68.0,0.0,59.2,233.0,0.1,54.0
11.3,643.0,0.0,60.6,235.0,0.1,63.5,38.0,0.0,71.3,68.0,0.0,64.5,68.0,0.0,61.8,234.0,0.1,54.4
11.5,594.0,0.0,60.2,225.0,0.1,63.6,33.0,0.0,67.4,63.0,0.0,63.3,63.0,0.0,60.6,210.0,0.1,54.3
12.0,633.0,0.0,56.2,232.0,0.1,64.9,35.0,0.0,36.1,68.0,0.0,52.2,69.0,0.0,50.0,229.0,0.1,53.4
12.2,643.0,0.0,56.2,234.0,0.1,64.6,42.0,0.0,37.3,69.0,0.0,53.5,69.0,0.0,51.2,229.0,0.1,53.3
12.3,617.0,0.0,59.9,232.0,0.1,63.3,35.0,0.0,66.8,57.0,0.0,63.7,57.0,0.0,61.0,236.0,0.1,54.2
12.5,646.0,0.0,61.8,254.0,0.1,65.1,32.0,0.0,67.5,78.0,0.0,64.1,78.0,0.0,61.4,204.0,0.1,56.1
13.0,628.0,0.0,61.6,240.0,0.1,64.7,32.0,0.0,72.9,70.0,0.0,65.4,70.0,0.0,62.7,216.0,0.1,55.1
13.2,678.0,0.0,60.7,262.0,0.1,63.1,36.0,0.0,72.3,79.0,0.0,63.8,79.0,0.0,61.1,222.0,0.1,54.7
13.3,653.0,0.0,62.5,244.0,0.1,65.7,38.0,0.0,73.7,69.0,0.0,65.7,69.0,0.0,63.0,233.0,0.1,56.2
13.5,731.0,0.0,62.2,271.0,0.1,64.2,43.0,0.0,73.0,89.0,0.0,66.3,89.0,0.0,63.6,239.0,0.1,56.0
14.0,715.0,0.0,60.0,274.0,0.1,62.1,30.0,0.0,74.9,84.0,0.0,64.9,84.0,0.0,62.1,243.0,0.1,53.5
14.2,760.0,0.0,62.1,287.0,0.1,64.2,46.0,0.0,75.3,94.0,0.0,65.6,94.0,0.0,62.9,239.0,0.1,55.4
14.3,837.0,0.0,60.4,308.0,0.1,61.9,50.0,0.0,76.3,106.0,0.0,65.8,106.0,0.0,63.0,267.0,0.1,52.7
14.5,818.0,0.0,62.0,298.0,0.1,64.4,42.0,0.0,74.4,104.0,0.0,66.6,105.0,0.0,63.8,269.0,0.1,55.0
15.0,790.0,0.1,56.0,280.0,0.1,63.4,55.0,0.1,44.4,98.0,0.0,53.8,98.0,0.0,51.4,259.0,0.1,53.1
15.2,788.0,0.1,53.2,287.0,0.1,63.7,52.0,0.1,25.4,99.0,0.0,47.1,99.0,0.0,45.0,251.0,0.1,52.3
15.3,848.0,0.1,52.7,304.0,0.1,63.5,49.0,0.1,22.1,106.0,0.0,46.1,106.0,0.0,44.0,283.0,0.1,52.2
15.5,807.0,0.1,52.5,288.0,0.1,63.4,54.0,0.1,24.0,107.0,0.0,45.8,107.0,0.0,43.7,251.0,0.1,53.0
16.0,814.0,0.1,52.3,287.0,0.1,63.4,57.0,0.1,22.8,107.0,0.1,45.3,107.0,0.1,43.2,256.0,0.1,53.2
16.2,887.0,0.1,52.5,328.0,0.1,62.6,42.0,0.1,23.1,120.0,0.0,45.4,120.0,0.0,43.3,277.0,0.1,52.3
16.3,889.0,0.1,52.6,322.0,0.1,63.4,53.0,0.1,23.1,122.0,0.1,46.6,122.0,0.1,44.5,270.0,0.1,51.8
16.5,789.0,0.1,52.5,286.0,0.1,62.3,39.0,0.1,23.8,98.0,0.0,45.7,99.0,0.0,43.7,267.0,0.1,52.0
17.0,785.0,0.1,50.0,279.0,0.1,60.3,62.0,0.1,23.1,98.0,0.1,45.0,98.0,0.1,43.0,248.0,0.1,49.9
17.2,836.0,0.1,41.0,287.0,0.1,47.8,58.0,0.1,22.9,124.0,0.1,42.2,124.0,0.1,40.3,243.0,0.1,36.8
17.3,811.0,0.1,33.1,288.0,0.2,31.1,34.0,0.0,25.8,134.0,0.1,39.0,135.0,0.1,37.1,220.0,0.2,30.7
17.5,821.0,0.1,33.9,287.0,0.2,32.1,39.0,0.0,27.4,138.0,0.1,38.3,138.0,0.1,36.4,219.0,0.2,33.0
18.0,705.0,0.1,49.6,244.0,0.1,45.0,42.0,0.1,61.8,92.0,0.0,56.2,94.0,0.0,53.7,233.0,0.1,47.9
18.2,716.0,0.1,60.8,260.0,0.1,63.2,42.0,0.1,70.4,85.0,0.0,64.8,85.0,0.0,62.1,244.0,0.1,54.9
18.3,790.0,0.1,60.8,289.0,0.1,62.5,37.0,0.0,70.8,96.0,0.0,65.4,96.0,0.0,62.7,272.0,0.1,55.5
18.5,746.0,0.0,61.3,276.0,0.1,63.4,30.0,0.0,73.2,81.0,0.0,66.5,81.0,0.0,63.7,278.0,0.1,55.9
19.0,699.0,0.0,61.6,264.0,0.1,63.5,26.0,0.0,74.6,74.0,0.0,67.2,74.0,0.0,64.5,261.0,0.1,55.9
19.2,652.0,0.0,60.7,252.0,0.1,63.6,19.0,0.0,72.0,69.0,0.0,65.5,69.0,0.0,62.8,243.0,0.1,54.7
19.3,653.0,0.0,60.6,253.0,0.1,67.3,34.0,0.0,56.4,72.0,0.0,59.4,72.0,0.0,56.9,222.0,0.1,55.2
19.5,588.0,0.0,62.3,240.0,0.1,65.8,19.0,0.0,72.3,61.0,0.0,65.6,61.0,0.0,62.9,207.0,0.1,56.2
20.0,520.0,0.0,62.9,196.0,0.0,66.3,27.0,0.0,73.8,54.0,0.0,67.0,54.0,0.0,64.2,189.0,0.1,56.4
20.2,420.0,0.0,64.2,167.0,0.0,68.1,20.0,0.0,73.8,37.0,0.0,67.3,37.0,0.0,64.5,159.0,0.0,58.1
20.3,414.0,0.0,64.6,167.0,0.0,69.0,10.0,0.0,74.0,40.0,0.0,67.8,40.0,0.0,65.0,157.0,0.0,58.5
20.5,375.0,0.0,64.6,146.0,0.0,69.1,18.0,0.0,73.7,35.0,0.0,67.9,35.0,0.0,65.1,141.0,0.0,57.9
21.0,399.0,0.0,65.4,150.0,0.0,70.0,24.0,0.0,73.5,33.0,0.0,67.9,33.0,0.0,65.1,159.0,0.0,59.4
21.2,380.0,0.0,64.1,143.0,0.0,68.5,22.0,0.0,73.3,31.0,0.0,66.7,31.0,0.0,63.9,153.0,0.0,58.2
21.3,422.0,0.0,63.9,134.0,0.0,69.0,10.0,0.0,73.8,77.0,0.0,65.2,69.0,0.0,62.5,132.0,0.0,58.1
21.5,445.0,0.0,65.2,145.0,0.0,70.5,15.0,0.0,73.7,82.0,0.0,66.3,73.0,0.0,63.2,130.0,0.0,58.7
22.0,417.0,0.0,64.1,134.0,0.0,69.0,4.0,0.0,74.0,79.0,0.0,66.0,71.0,0.0,62.8,129.0,0.0,58.1
22.2,335.0,0.0,64.4,109.0,0.0,69.6,5.0,0.0,74.1,60.0,0.0,66.1,52.0,0.0,63.0,109.0,0.0,58.5
22.3,401.0,0.0,64.8,119.0,0.0,69.9,6.0,0.0,74.0,95.0,0.0,65.9,81.0,0.0,62.6,100.0,0.0,59.0
22.5,323.0,0.0,64.7,106.0,0.0,69.5,4.0,0.0,73.9,63.0,0.0,65.9,56.0,0.0,63.1,94.0,0.0,59.1
23.0,297.0,0.0,64.5,75.0,0.0,69.5,10.0,0.0,73.3,76.0,0.0,65.5,62.0,0.0,62.2,74.0,0.0,59.1
23.2,293.0,0.0,64.2,79.0,0.0,68.9,5.0,0.0,73.4,77.0,0.0,65.2,64.0,0.0,62.4,68.0,0.0,58.7
23.3,297.0,0.0,64.1,63.0,0.0,69.2,2.0,0.0,74.3,97.0,0.0,65.4,79.0,0.0,62.3,56.0,0.0,58.5
23.5,305.0,0.0,64.3,71.0,0.0,69.8,3.0,0.0,74.5,80.0,0.0,65.7,73.0,0.0,62.6,78.0,0.0,59.1
0.0,293.0,0.0,64.1,59.0,0.0,69.6,0.0,0.0,74.0,99.0,0.0,65.4,67.0,0.0,62.8,68.0,0.0,58.9
0.2,242.0,0.0,64.0,34.0,0.0,69.8,1.0,0.0,74.2,84.0,0.0,65.7,73.0,0.0,62.4,50.0,0.0,59.2
0.3,232.0,0.0,63.8,27.0,0.0,69.5,5.0,0.0,73.8,84.0,0.0,65.5,68.0,0.0,62.5,48.0,0.0,58.7
0.5,229.0,0.0,64.1,36.0,0.0,69.8,0.0,0.0,74.0,82.0,0.0,65.6,66.0,0.0,62.5,45.0,0.0,59.0
1.0,229.0,0.0,64.0,33.0,0.0,69.4,1.0,0.0,75.4,83.0,0.0,65.6,67.0,0.0,62.5,45.0,0.0,58.9
1.2,229.0,0.0,64.0,35.0,0.0,69.6,1.0,0.0,74.6,81.0,0.0,65.5,66.0,0.0,62.6,46.0,0.0,58.7
1.3,230.0,0.0,64.0,39.0,0.0,69.4,1.0,0.0,74.1,80.0,0.0,65.4,65.0,0.0,62.2,45.0,0.0,58.9
1.5,220.0,0.0,64.0,38.0,0.0,69.7,0.0,0.0,74.1,78.0,0.0,65.3,61.0,0.0,62.3,43.0,0.0,58.8
2.0,201.0,0.0,64.8,40.0,0.0,72.3,0.0,0.0,74.1,72.0,0.0,65.3,56.0,0.0,62.5,33.0,0.0,58.5
2.2,200.0,0.0,64.1,31.0,0.0,69.6,1.0,0.0,74.0,75.0,0.0,65.6,55.0,0.0,62.2,38.0,0.0,59.0
2.3,203.0,0.0,64.6,34.0,0.0,71.6,2.0,0.0,73.1,75.0,0.0,65.6,56.0,0.0,62.2,36.0,0.0,59.1
2.5,210.0,0.0,64.2,32.0,0.0,71.7,1.0,0.0,73.4,76.0,0.0,65.4,61.0,0.0,62.0,40.0,0.0,58.9
3.0,214.0,0.0,63.7,27.0,0.0,70.3,2.0,0.0,73.6,76.0,0.0,65.0,67.0,0.0,62.1,42.0,0.0,59.3
3.2,224.0,0.0,64.7,42.0,0.0,71.5,1.0,0.0,73.8,76.0,0.0,65.8,63.0,0.0,62.6,42.0,0.0,59.3
3.3,230.0,0.0,63.8,35.0,0.0,69.7,1.0,0.0,73.9,79.0,0.0,65.2,70.0,0.0,62.2,45.0,0.0,59.0
3.5,237.0,0.0,63.5,36.0,0.0,69.0,3.0,0.0,73.8,81.0,0.0,64.9,72.0,0.0,61.9,45.0,0.0,58.5
4.0,251.0,0.0,64.2,44.0,0.0,69.8,4.0,0.0,73.8,83.0,0.0,65.4,72.0,0.0,62.3,48.0,0.0,59.2
4.2,263.0,0.0,64.8,52.0,0.0,70.9,2.0,0.0,73.8,87.0,0.0,65.7,71.0,0.0,62.6,51.0,0.0,59.8
4.3,237.0,0.0,65.2,79.0,0.0,70.4,6.0,0.0,74.1,44.0,0.0,65.5,37.0,0.0,62.7,71.0,0.0,59.7
4.5,301.0,0.0,64.8,84.0,0.0,70.1,6.0,0.0,74.1,75.0,0.0,65.9,58.0,0.0,62.9,78.0,0.0,58.8
5.0,258.0,0.0,64.3,89.0,0.0,68.9,5.0,0.0,73.4,47.0,0.0,65.8,39.0,0.0,62.8,78.0,0.0,58.4
5.2,288.0,0.0,65.2,94.0,0.0,70.7,5.0,0.0,72.9,56.0,0.0,65.3,49.0,0.0,62.6,84.0,0.0,60.1
5.3,329.0,0.0,67.2,141.0,0.0,72.9,5.0,0.0,72.7,36.0,0.0,68.0,36.0,0.0,65.2,111.0,0.0,60.3
5.5,362.0,0.0,67.5,147.0,0.0,73.7,10.0,0.0,73.0,40.0,0.0,68.1,40.0,0.0,65.3,125.0,0.0,60.3
6.0,376.0,0.0,64.5,155.0,0.0,68.6,8.0,0.0,72.0,38.0,0.0,66.8,38.0,0.0,64.0,137.0,0.0,59.0
6.2,476.0,0.0,63.2,195.0,0.0,66.5,12.0,0.0,71.5,57.0,0.0,66.5,58.0,0.0,63.7,154.0,0.0,57.0
6.3,649.0,0.0,60.6,254.0,0.1,62.9,21.0,0.0,73.0,81.0,0.0,64.3,81.0,0.0,61.6,212.0,0.1,54.8
6.5,748.0,0.0,62.8,291.0,0.1,65.8,27.0,0.0,70.4,99.0,0.0,66.0,99.0,0.0,63.3,232.0,0.1,56.6
7.0,699.0,0.0,56.3,282.0,0.1,62.6,30.0,0.0,43.4,92.0,0.0,54.3,92.0,0.0,52.0,203.0,0.1,52.3
7.2,780.0,0.1,51.8,287.0,0.1,60.2,43.0,0.1,28.1,105.0,0.0,47.3,105.0,0.0,45.2,240.0,0.1,50.9
7.3,844.0,0.1,52.9,308.0,0.1,62.0,45.0,0.1,27.5,109.0,0.0,47.8,110.0,0.0,45.7,272.0,0.1,51.8
7.5,806.0,0.1,51.3,291.0,0.1,61.1,46.0,0.1,23.5,108.0,0.0,45.8,109.0,0.0,43.6,252.0,0.1,50.9
8.0,751.0,0.1,52.3,276.0,0.1,61.9,39.0,0.0,24.8,87.0,0.0,45.5,87.0,0.0,43.4,262.0,0.1,51.6
8.2,816.0,0.1,49.7,291.0,0.1,59.7,65.0,0.1,23.8,103.0,0.1,45.6,104.0,0.1,43.5,253.0,0.1,49.0
8.3,852.0,0.1,50.7,310.0,0.1,60.9,64.0,0.1,23.6,108.0,0.1,44.8,108.0,0.1,42.8,262.0,0.1,51.1
8.5,707.0,0.1,50.7,267.0,0.1,59.9,34.0,0.0,23.7,90.0,0.0,43.5,90.0,0.0,41.5,226.0,0.1,50.3
9.0,689.0,0.1,57.4,250.0,0.1,61.3,50.0,0.1,54.5,91.0,0.0,59.2,92.0,0.0,56.6,206.0,0.1,52.8
9.2,743.0,0.1,58.0,278.0,0.1,60.0,37.0,0.1,66.5,91.0,0.0,62.2,91.0,0.0,59.6,246.0,0.1,52.3
9.3,664.0,0.1,60.7,254.0,0.1,62.2,39.0,0.1,69.8,81.0,0.0,65.0,81.0,0.0,62.3,209.0,0.1,55.0
9.5,740.0,0.1,60.7,276.0,0.1,61.6,44.0,0.1,70.8,93.0,0.0,65.4,93.0,0.0,62.7,234.0,0.1,55.1
10.0,691.0,0.1,55.2,260.0,0.1,60.9,38.0,0.0,46.2,84.0,0.0,55.3,84.0,0.0,52.9,225.0,0.1,51.1
10.2,644.0,0.0,54.7,245.0,0.1,61.2,31.0,0.0,41.4,71.0,0.0,54.2,71.0,0.0,51.9,226.0,0.1,50.5
10.3,658.0,0.0,59.4,258.0,0.1,61.2,30.0,0.0,65.4,80.0,0.0,63.1,80.0,0.0,60.4,210.0,0.1,54.3
10.5,637.0,0.0,61.1,227.0,0.1,63.0,37.0,0.0,71.5,66.0,0.0,66.0,66.0,0.0,63.3,241.0,0.1,55.8
11.0,600.0,0.0,59.6,233.0,0.1,61.8,29.0,0.0,72.6,61.0,0.0,65.0,61.0,0.0,62.2,216.0,0.1,53.2
11.2,682.0,0.0,59.6,261.0,0.1,62.3,37.0,0.0,65.1,74.0,0.0,63.3,74.0,0.0,60.7,236.0,0.1,54.2
11.3,673.0,0.0,54.0,257.0,0.1,61.7,33.0,0.0,35.7,72.0,0.0,51.7,72.0,0.0,49.4,239.0,0.1,50.3
11.5,638.0,0.0,55.9,239.0,0.1,64.1,45.0,0.0,39.2,71.0,0.0,54.7,71.0,0.0,52.3,212.0,0.1,51.6
12.0,619.0,0.0,53.9,234.0,0.1,59.8,40.0,0.0,42.8,68.0,0.0,52.5,68.0,0.0,50.2,209.0,0.1,51.0
12.2,674.0,0.0,58.7,254.0,0.1,61.1,32.0,0.0,67.5,76.0,0.0,62.4,76.0,0.0,59.8,236.0,0.1,53.4
12.3,645.0,0.0,57.9,246.0,0.1,62.2,32.0,0.0,59.5,70.0,0.0,59.9,70.0,0.0,57.4,227.0,0.1,52.7
12.5,657.0,0.0,57.3,245.0,0.1,61.7,39.0,0.0,55.5,74.0,0.0,59.7,75.0,0.0,57.2,224.0,0.1,52.1
13.0,639.0,0.0,60.1,243.0,0.1,62.2,29.0,0.0,71.1,74.0,0.0,64.9,74.0,0.0,62.2,219.0,0.1,54.1
13.2,656.0,0.0,60.0,243.0,0.1,61.4,46.0,0.0,73.1,73.0,0.0,65.1,74.0,0.0,62.4,220.0,0.1,53.4
13.3,659.0,0.0,61.2,248.0,0.1,62.3,35.0,0.0,73.3,70.0,0.0,67.4,70.0,0.0,64.5,236.0,0.1,55.5
13.5,697.0,0.0,57.0,260.0,0.1,61.4,42.0,0.0,55.8,84.0,0.0,59.0,84.0,0.0,56.5,227.0,0.1,51.5
14.0,795.0,0.1,50.0,285.0,0.1,57.2,46.0,0.1,32.6,108.0,0.0,49.0,108.0,0.0,46.8,248.0,0.1,46.7
14.2,749.0,0.0,52.7,279.0,0.1,57.6,41.0,0.0,48.8,87.0,0.0,54.7,87.0,0.0,52.3,255.0,0.1,47.4
14.3,818.0,0.1,56.9,285.0,0.1,56.4,53.0,0.0,70.9,106.0,0.0,63.0,106.0,0.0,60.3,268.0,0.1,51.0
14.5,774.0,0.1,54.1,292.0,0.1,60.0,31.0,0.0,45.6,96.0,0.0,55.0,96.0,0.0,52.6,259.0,0.1,48.9
15.0,784.0,0.1,59.9,285.0,0.1,63.0,46.0,0.1,65.3,103.0,0.0,62.8,103.0,0.0,60.2,247.0,0.1,53.9
15.2,771.0,0.1,59.8,272.0,0.1,60.7,53.0,0.1,69.9,93.0,0.0,64.5,93.0,0.0,61.8,260.0,0.1,54.3
15.3,851.0,0.1,59.3,307.0,0.1,59.9,49.0,0.1,70.1,115.0,0.0,64.2,116.0,0.0,61.5,264.0,0.1,53.5
15.5,801.0,0.1,62.2,289.0,0.1,64.3,51.0,0.1,68.6,106.0,0.0,65.7,106.0,0.0,63.0,249.0,0.1,56.5
16.0,804.0,0.1,62.7,290.0,0.1,64.9,53.0,0.1,69.9,104.0,0.0,66.3,104.0,0.0,63.6,253.0,0.1,56.7
16.2,823.0,0.1,62.3,294.0,0.1,63.6,49.0,0.1,77.8,104.0,0.0,67.9,104.0,0.0,65.1,272.0,0.1,54.9
16.3,861.0,0.1,59.1,312.0,0.1,59.4,43.0,0.1,72.5,116.0,0.0,64.7,116.0,0.0,62.0,274.0,0.1,53.1
16.5,800.0,0.1,60.8,287.0,0.1,61.2,49.0,0.1,70.8,101.0,0.0,65.7,101.0,0.0,63.0,262.0,0.1,55.8
17.0,826.0,0.1,61.1,287.0,0.1,61.8,63.0,0.1,73.0,112.0,0.1,65.8,112.0,0.1,63.1,252.0,0.1,54.6
17.2,830.0,0.1,60.7,301.0,0.1,62.4,50.0,0.1,70.3,111.0,0.0,64.8,112.0,0.0,62.1,256.0,0.1,54.5
17.3,751.0,0.1,62.2,268.0,0.1,63.2,58.0,0.1,74.1,95.0,0.0,66.7,95.0,0.0,64.0,235.0,0.1,55.6
17.5,753.0,0.0,64.0,276.0,0.1,65.3,35.0,0.0,77.1,96.0,0.0,69.4,96.0,0.0,66.6,250.0,0.1,57.4
18.0,712.0,0.0,63.5,262.0,0.1,65.3,37.0,0.0,75.1,83.0,0.0,68.6,83.0,0.0,65.8,247.0,0.1,57.2
18.2,831.0,0.1,60.7,309.0,0.1,62.0,39.0,0.0,73.3,102.0,0.0,65.9,102.0,0.0,63.2,279.0,0.1,54.7
18.3,775.0,0.1,61.6,280.0,0.1,63.1,52.0,0.1,70.7,93.0,0.0,65.7,94.0,0.0,63.0,256.0,0.1,56.0
18.5,691.0,0.0,61.8,263.0,0.1,63.2,31.0,0.0,72.4,73.0,0.0,66.9,74.0,0.0,64.2,250.0,0.1,56.8
19.0,712.0,0.0,59.7,264.0,0.1,61.8,30.0,0.0,70.1,74.0,0.0,64.8,74.0,0.0,62.1,270.0,0.1,54.5
19.2,692.0,0.0,60.8,265.0,0.1,62.6,22.0,0.0,72.7,71.0,0.0,66.4,71.0,0.0,63.6,263.0,0.1,55.8
19.3,559.0,0.0,60.9,205.0,0.0,62.4,24.0,0.0,73.7,51.0,0.0,67.0,51.0,0.0,64.2,228.0,0.1,56.2
19.5,574.0,0.0,61.0,222.0,0.1,63.2,23.0,0.0,73.9,53.0,0.0,66.6,53.0,0.0,63.8,223.0,0.1,55.5
20.0,453.0,0.0,63.1,182.0,0.0,65.7,18.0,0.0,74.1,39.0,0.0,68.1,39.0,0.0,65.3,175.0,0.0,57.6
20.2,437.0,0.0,62.8,169.0,0.0,65.6,22.0,0.0,73.9,48.0,0.0,66.9,48.0,0.0,64.1,150.0,0.0,56.4
20.3,380.0,0.0,63.1,140.0,0.0,67.0,20.0,0.0,73.8,34.0,0.0,67.4,34.0,0.0,64.6,152.0,0.0,56.9
20.5,414.0,0.0,62.8,158.0,0.0,66.3,12.0,0.0,73.9,34.0,0.0,67.8,34.0,0.0,65.0,176.0,0.0,57.4
21.0,438.0,0.0,63.6,171.0,0.0,68.0,15.0,0.0,74.0,38.0,0.0,67.6,38.0,0.0,64.8,176.0,0.0,57.4
21.2,419.0,0.0,63.3,168.0,0.0,67.2,9.0,0.0,74.1,39.0,0.0,67.7,39.0,0.0,64.9,164.0,0.0,57.4
21.3,358.0,0.0,62.3,144.0,0.0,66.7,3.0,0.0,73.9,23.0,0.0,67.8,23.0,0.0,65.0,165.0,0.0,57.3
21.5,486.0,0.0,63.1,142.0,0.0,67.7,10.0,0.0,74.1,89.0,0.0,65.4,80.0,0.0,62.7,165.0,0.0,57.5
22.0,375.0,0.0,64.2,146.0,0.0,68.7,16.0,0.0,74.1,31.0,0.0,68.1,31.0,0.0,65.3,151.0,0.0,57.8
22.2,337.0,0.0,64.5,142.0,0.0,69.0,12.0,0.0,73.7,23.0,0.0,67.6,23.0,0.0,64.8,137.0,0.0,58.4
22.3,488.0,0.0,63.7,131.0,0.0,68.9,7.0,0.0,73.5,117.0,0.0,64.7,102.0,0.0,62.0,131.0,0.0,58.3
22.5,456.0,0.0,64.8,107.0,0.0,71.0,9.0,0.0,73.6,117.0,0.0,65.3,100.0,0.0,62.6,123.0,0.0,60.2
23.0,441.0,0.0,64.5,84.0,0.0,71.4,7.0,0.0,73.5,137.0,0.0,65.0,117.0,0.0,62.1,96.0,0.0,60.1
23.2,357.0,0.0,64.9,71.0,0.0,71.7,5.0,0.0,74.0,111.0,0.0,65.5,95.0,0.0,62.3,75.0,0.0,60.2
23.3,368.0,0.0,64.5,66.0,0.0,70.8,2.0,0.0,74.0,119.0,0.0,65.8,102.0,0.0,62.4,79.0,0.0,59.9
23.5,320.0,0.0,64.6,59.0,0.0,70.8,5.0,0.0,74.0,105.0,0.0,65.6,88.0,0.0,62.4,63.0,0.0,59.3
0.0,289.0,0.0,64.2,48.0,0.0,70.0,4.0,0.0,74.0,99.0,0.0,65.4,80.0,0.0,62.4,58.0,0.0,59.0
0.2,239.0,0.0,64.3,33.0,0.0,70.2,4.0,0.0,73.8,82.0,0.0,65.8,72.0,0.0,62.8,48.0,0.0,59.2
0.3,227.0,0.0,64.6,32.0,0.0,71.9,2.0,0.0,73.8,81.0,0.0,66.0,69.0,0.0,62.8,43.0,0.0,59.3
0.5,218.0,0.0,64.2,27.0,0.0,70.4,2.0,0.0,73.7,79.0,0.0,65.9,68.0,0.0,62.5,42.0,0.0,59.5
1.0,208.0,0.0,64.9,36.0,0.0,71.7,1.0,0.0,74.0,75.0,0.0,65.9,59.0,0.0,62.6,37.0,0.0,59.4
1.2,206.0,0.0,63.9,26.0,0.0,70.0,1.0,0.0,74.4,76.0,0.0,65.6,62.0,0.0,62.3,41.0,0.0,59.1
1.3,208.0,0.0,64.3,28.0,0.0,71.8,3.0,0.0,74.2,75.0,0.0,65.5,63.0,0.0,62.6,39.0,0.0,58.7
1.5,204.0,0.0,65.2,39.0,0.0,72.6,3.0,0.0,74.1,73.0,0.0,65.6,55.0,0.0,62.8,34.0,0.0,59.0
2.0,194.0,0.0,64.9,33.0,0.0,73.0,1.0,0.0,74.0,69.0,0.0,65.7,58.0,0.0,62.6,33.0,0.0,59.1
2.2,197.0,0.0,65.0,37.0,0.0,72.7,1.0,0.0,73.7,70.0,0.0,65.5,57.0,0.0,62.6,32.0,0.0,58.8
2.3,209.0,0.0,64.4,30.0,0.0,71.5,1.0,0.0,73.7,77.0,0.0,65.7,62.0,0.0,62.5,39.0,0.0,59.0
2.5,210.0,0.0,64.1,29.0,0.0,71.9,0.0,0.0,73.7,75.0,0.0,65.4,66.0,0.0,62.2,40.0,0.0,59.3
3.0,230.0,0.0,64.7,38.0,0.0,71.9,1.0,0.0,74.0,79.0,0.0,65.8,68.0,0.0,62.5,44.0,0.0,59.6
3.2,223.0,0.0,64.1,30.0,0.0,70.7,0.0,0.0,74.0,79.0,0.0,65.7,69.0,0.0,62.5,45.0,0.0,59.6
3.3,253.0,0.0,64.5,42.0,0.0,71.8,1.0,0.0,74.0,86.0,0.0,65.4,75.0,0.0,62.3,49.0,0.0,59.7
3.5,259.0,0.0,64.8,47.0,0.0,71.9,4.0,0.0,74.3,86.0,0.0,65.5,73.0,0.0,62.3,49.0,0.0,59.6
4.0,260.0,0.0,64.7,46.0,0.0,71.0,3.0,0.0,73.6,87.0,0.0,65.8,75.0,0.0,62.4,49.0,0.0,59.6
4.2,291.0,0.0,64.4,61.0,0.0,70.0,2.0,0.0,73.7,96.0,0.0,65.5,77.0,0.0,62.2,55.0,0.0,59.2
4.3,303.0,0.0,64.1,62.0,0.0,70.5,4.0,0.0,74.1,96.0,0.0,64.6,80.0,0.0,61.9,61.0,0.0,59.2
4.5,292.0,0.0,66.0,112.0,0.0,71.1,4.0,0.0,74.1,50.0,0.0,66.0,42.0,0.0,62.9,84.0,0.0,60.3
5.0,264.0,0.0,64.2,90.0,0.0,68.5,6.0,0.0,73.1,49.0,0.0,65.4,43.0,0.0,62.6,76.0,0.0,58.6
5.2,319.0,0.0,65.8,140.0,0.0,71.1,3.0,0.0,71.7,33.0,0.0,66.9,33.0,0.0,64.1,110.0,0.0,59.1
5.3,378.0,0.0,66.8,172.0,0.0,72.6,4.0,0.0,72.6,40.0,0.0,67.2,40.0,0.0,64.4,122.0,0.0,58.9
5.5,414.0,0.0,66.3,167.0,0.0,72.8,7.0,0.0,72.4,46.0,0.0,66.3,46.0,0.0,63.5,148.0,0.0,59.8
6.0,415.0,0.0,64.1,175.0,0.0,67.3,9.0,0.0,75.3,46.0,0.0,67.3,46.0,0.0,64.5,139.0,0.0,58.0
6.2,568.0,0.0,63.4,226.0,0.0,66.7,13.0,0.0,73.8,66.0,0.0,67.1,66.0,0.0,64.3,197.0,0.1,57.4
6.3,613.0,0.0,62.9,250.0,0.1,66.1,14.0,0.0,72.6,71.0,0.0,66.3,71.0,0.0,63.5,207.0,0.1,57.0
6.5,739.0,0.0,61.7,282.0,0.1,64.7,26.0,0.0,69.0,102.0,0.0,64.7,102.0,0.0,62.0,227.0,0.1,55.5
7.0,705.0,0.1,58.1,270.0,0.1,64.8,36.0,0.0,41.0,84.0,0.0,56.7,84.0,0.0,54.3,231.0,0.1,54.9
7.2,782.0,0.1,53.8,298.0,0.1,63.1,44.0,0.1,26.1,101.0,0.0,47.8,101.0,0.0,45.7,238.0,0.1,53.3
7.3,845.0,0.1,53.9,320.0,0.1,64.3,50.0,0.1,24.7,108.0,0.0,47.4,109.0,0.0,45.3,258.0,0.1,53.2
7.5,784.0,0.1,54.1,298.0,0.1,64.5,46.0,0.1,24.5,102.0,0.0,47.2,103.0,0.0,45.1,235.0,0.1,53.4
8.0,717.0,0.1,54.1,266.0,0.1,63.1,44.0,0.1,27.4,85.0,0.0,49.0,85.0,0.0,46.8,237.0,0.1,53.4
8.2,792.0,0.1,52.4,277.0,0.1,63.6,63.0,0.1,23.1,98.0,0.1,46.2,98.0,0.1,44.1,256.0,0.1,52.9
8.3,774.0,0.1,49.3,266.0,0.1,59.5,71.0,0.1,21.4,98.0,0.1,43.8,98.0,0.1,41.8,241.0,0.1,51.4
8.5,726.0,0.1,51.8,265.0,0.1,62.3,46.0,0.1,20.7,88.0,0.0,44.9,89.0,0.0,42.9,238.0,0.1,51.7
9.0,683.0,0.1,58.9,249.0,0.1,62.7,49.0,0.1,61.4,84.0,0.0,60.4,84.0,0.0,57.8,217.0,0.1,53.9
9.2,612.0,0.0,60.2,236.0,0.1,62.7,35.0,0.0,69.0,76.0,0.0,63.7,76.0,0.0,61.0,189.0,0.1,53.9
9.3,695.0,0.1,61.2,265.0,0.1,63.8,33.0,0.0,71.0,86.0,0.0,65.3,86.0,0.0,62.6,225.0,0.1,54.6
9.5,651.0,0.0,61.5,251.0,0.1,63.0,30.0,0.0,75.9,74.0,0.0,67.4,74.0,0.0,64.6,222.0,0.1,54.9
10.0,618.0,0.1,55.4,227.0,0.1,61.8,46.0,0.1,44.0,65.0,0.0,54.8,65.0,0.0,52.4,215.0,0.1,52.0
10.2,691.0,0.0,57.1,262.0,0.1,61.3,33.0,0.0,58.0,80.0,0.0,58.7,80.0,0.0,56.2,236.0,0.1,52.2
10.3,665.0,0.0,61.0,263.0,0.1,62.9,24.0,0.0,70.9,75.0,0.0,65.7,75.0,0.0,63.0,228.0,0.1,55.6
10.5,670.0,0.0,58.2,250.0,0.1,62.9,37.0,0.0,57.8,78.0,0.0,60.1,78.0,0.0,57.6,227.0,0.1,52.5
11.0,664.0,0.0,59.9,250.0,0.1,62.6,38.0,0.0,69.3,71.0,0.0,63.4,72.0,0.0,60.7,233.0,0.1,54.0
11.2,668.0,0.0,59.1,261.0,0.1,60.6,39.0,0.0,73.5,74.0,0.0,64.3,74.0,0.0,61.6,220.0,0.1,52.2
11.3,685.0,0.0,58.0,258.0,0.1,60.8,38.0,0.0,60.8,75.0,0.0,61.5,75.0,0.0,59.0,239.0,0.1,53.2
11.5,673.0,0.0,58.1,250.0,0.1,60.9,36.0,0.0,61.1,74.0,0.0,60.7,74.0,0.0,58.1,239.0,0.1,53.8
12.0,643.0,0.0,58.1,234.0,0.1,62.5,46.0,0.0,57.9,72.0,0.0,59.6,72.0,0.0,57.1,219.0,0.1,53.3
12.2,645.0,0.0,63.2,240.0,0.1,66.4,34.0,0.0,71.2,68.0,0.0,67.2,69.0,0.0,64.4,234.0,0.1,57.2
12.3,634.0,0.0,60.2,238.0,0.1,63.2,29.0,0.0,70.1,68.0,0.0,64.1,68.0,0.0,61.4,231.0,0.1,54.4
12.5,649.0,0.0,62.6,242.0,0.1,65.0,44.0,0.0,71.5,73.0,0.0,66.4,74.0,0.0,63.6,216.0,0.1,56.5
13.0,627.0,0.0,58.6,240.0,0.1,63.7,30.0,0.0,55.9,69.0,0.0,59.0,69.0,0.0,56.6,219.0,0.1,53.7
13.2,664.0,0.0,56.0,245.0,0.1,63.9,39.0,0.0,37.7,68.0,0.0,52.9,68.0,0.0,50.6,244.0,0.1,53.3
13.3,719.0,0.0,57.4,265.0,0.1,64.1,43.0,0.0,47.3,87.0,0.0,57.3,87.0,0.0,54.9,237.0,0.1,52.9
13.5,743.0,0.0,61.5,275.0,0.1,65.4,41.0,0.0,64.5,90.0,0.0,65.2,90.0,0.0,62.5,247.0,0.1,55.1
14.0,729.0,0.0,61.9,271.0,0.1,63.6,40.0,0.0,72.2,89.0,0.0,66.2,89.0,0.0,63.4,240.0,0.1,55.9
14.2,729.0,0.0,59.5,270.0,0.1,60.5,34.0,0.0,72.4,88.0,0.0,65.2,88.0,0.0,62.4,249.0,0.1,53.7
14.3,785.0,0.0,59.9,281.0,0.1,60.9,60.0,0.0,71.6,96.0,0.0,64.6,96.0,0.0,61.9,252.0,0.1,53.5
14.5,829.0,0.0,62.0,295.0,0.1,63.7,51.0,0.0,71.9,104.0,0.0,66.3,104.0,0.0,63.5,275.0,0.1,56.1
15.0,716.0,0.1,63.4,262.0,0.1,63.4,46.0,0.1,80.1,90.0,0.0,69.5,91.0,0.0,66.6,227.0,0.1,56.3
15.2,710.0,0.1,60.6,265.0,0.1,61.4,33.0,0.0,73.7,86.0,0.0,66.3,87.0,0.0,63.5,239.0,0.1,54.8
15.3,804.0,0.1,63.0,277.0,0.1,63.5,59.0,0.1,76.2,106.0,0.0,68.1,106.0,0.0,65.3,256.0,0.1,56.2
15.5,778.0,0.1,63.4,285.0,0.1,64.8,52.0,0.1,74.0,98.0,0.0,67.7,98.0,0.0,64.9,245.0,0.1,57.3
16.0,837.0,0.1,54.7,299.0,0.1,63.4,57.0,0.1,37.5,109.0,0.1,53.2,109.0,0.1,50.9,263.0,0.1,50.9
16.2,845.0,0.1,52.0,302.0,0.1,62.6,59.0,0.1,24.4,106.0,0.1,47.6,106.0,0.1,45.4,272.0,0.1,50.3
16.3,828.0,0.1,52.8,294.0,0.1,63.2,48.0,0.1,25.5,105.0,0.0,48.8,107.0,0.0,46.6,274.0,0.1,50.4
16.5,794.0,0.1,51.3,278.0,0.1,62.2,54.0,0.1,22.9,107.0,0.0,46.9,107.0,0.0,44.8,248.0,0.1,50.0
17.0,817.0,0.1,51.7,291.0,0.1,62.7,52.0,0.1,21.7,113.0,0.0,46.1,113.0,0.0,44.0,248.0,0.1,50.9
17.2,810.0,0.1,51.8,282.0,0.1,63.3,62.0,0.1,22.3,107.0,0.1,47.0,107.0,0.1,44.9,252.0,0.1,51.0
17.3,796.0,0.1,52.3,286.0,0.1,63.3,49.0,0.1,22.0,107.0,0.0,46.5,107.0,0.0,44.4,247.0,0.1,51.5
17.5,763.0,0.1,53.9,271.0,0.1,65.7,50.0,0.1,23.0,104.0,0.0,48.2,104.0,0.0,46.1,234.0,0.1,52.9
18.0,753.0,0.1,52.6,268.0,0.1,63.7,42.0,0.1,22.2,101.0,0.0,47.6,101.0,0.0,45.4,241.0,0.1,50.7
18.2,786.0,0.1,52.5,279.0,0.1,63.8,50.0,0.1,22.0,95.0,0.0,47.2,95.0,0.0,45.1,267.0,0.1,51.0
18.3,745.0,0.0,53.9,277.0,0.1,63.3,36.0,0.0,29.3,85.0,0.0,51.1,87.0,0.0,48.9,260.0,0.1,49.9
18.5,720.0,0.0,54.7,268.0,0.1,64.5,37.0,0.0,28.8,79.0,0.0,50.3,79.0,0.0,48.1,257.0,0.1,51.8
19.0,693.0,0.0,59.6,279.0,0.1,64.2,23.0,0.0,59.5,76.0,0.0,62.0,76.0,0.0,59.4,239.0,0.1,53.4
19.2,671.0,0.0,62.5,253.0,0.1,64.7,29.0,0.0,72.7,74.0,0.0,67.3,74.0,0.0,64.5,241.0,0.1,56.9
19.3,618.0,0.0,62.2,236.0,0.1,65.1,25.0,0.0,74.5,63.0,0.0,67.2,63.0,0.0,64.4,231.0,0.1,55.9
19.5,563.0,0.0,61.7,221.0,0.1,63.6,12.0,0.0,74.5,52.0,0.0,67.8,53.0,0.0,64.9,225.0,0.1,56.9
20.0,508.0,0.0,63.2,205.0,0.0,65.8,16.0,0.0,74.1,54.0,0.0,67.9,54.0,0.0,65.1,179.0,0.0,57.2
20.2,400.0,0.0,64.4,155.0,0.0,68.4,14.0,0.0,74.0,43.0,0.0,67.4,43.0,0.0,64.6,145.0,0.0,58.1
20.3,483.0,0.0,63.9,184.0,0.0,67.0,20.0,0.0,73.6,55.0,0.0,67.8,55.0,0.0,65.0,169.0,0.0,57.7
20.5,473.0,0.0,63.5,176.0,0.0,66.1,26.0,0.0,73.4,45.0,0.0,67.9,45.0,0.0,65.1,181.0,0.0,57.9
21.0,469.0,0.0,63.2,177.0,0.0,66.7,17.0,0.0,73.7,46.0,0.0,67.1,46.0,0.0,64.3,183.0,0.1,57.7
21.2,428.0,0.0,62.8,169.0,0.0,66.0,14.0,0.0,73.6,37.0,0.0,67.3,38.0,0.0,64.5,170.0,0.0,57.3
21.3,556.0,0.0,59.2,223.0,0.1,60.2,6.0,0.0,72.7,71.0,0.0,65.1,72.0,0.0,62.3,184.0,0.1,54.1
21.5,581.0,0.0,59.9,268.0,0.1,60.0,5.0,0.0,73.4,68.0,0.0,66.0,68.0,0.0,63.3,172.0,0.0,55.5
22.0,623.0,0.0,59.9,272.0,0.1,59.7,11.0,0.0,73.1,77.0,0.0,65.7,77.0,0.0,62.9,186.0,0.1,55.8
22.2,537.0,0.0,61.6,246.0,0.1,62.5,7.0,0.0,73.6,62.0,0.0,66.8,62.0,0.0,64.0,160.0,0.0,56.8
22.3,498.0,0.0,60.1,235.0,0.1,60.2,5.0,0.0,73.8,55.0,0.0,65.1,55.0,0.0,62.4,148.0,0.0,56.9
22.5,384.0,0.0,62.0,177.0,0.0,63.6,5.0,0.0,73.7,41.0,0.0,66.2,41.0,0.0,63.5,120.0,0.0,57.1
23.0,277.0,0.0,62.9,121.0,0.0,65.5,3.0,0.0,73.8,28.0,0.0,67.6,28.0,0.0,64.8,97.0,0.0,57.3
23.2,345.0,0.0,63.8,133.0,0.0,66.0,6.0,0.0,73.9,75.0,0.0,65.4,67.0,0.0,62.7,64.0,0.0,57.6
23.3,329.0,0.0,64.7,164.0,0.0,66.3,6.0,0.0,74.2,54.0,0.0,66.8,54.0,0.0,64.0,51.0,0.0,57.3
23.5,276.0,0.0,64.6,139.0,0.0,66.7,1.0,0.0,74.1,43.0,0.0,66.7,43.0,0.0,64.0,50.0,0.0,57.1
0.0,267.0,0.0,67.6,133.0,0.0,70.5,4.0,0.0,74.0,40.0,0.0,68.8,41.0,0.0,66.0,49.0,0.0,59.3
0.2,197.0,0.0,66.9,99.0,0.0,70.5,0.0,0.0,73.9,25.0,0.0,68.8,25.0,0.0,66.0,48.0,0.0,59.1
0.3,215.0,0.0,66.5,92.0,0.0,70.2,3.0,0.0,73.7,47.0,0.0,66.7,24.0,0.0,65.7,49.0,0.0,59.1
0.5,247.0,0.0,65.0,75.0,0.0,70.1,1.0,0.0,73.9,66.0,0.0,65.6,57.0,0.0,62.7,48.0,0.0,59.0
1.0,144.0,0.0,65.1,70.0,0.0,69.2,0.0,0.0,73.9,12.0,0.0,67.5,12.0,0.0,64.7,50.0,0.0,58.9
1.2,241.0,0.0,64.5,74.0,0.0,68.9,1.0,0.0,73.7,64.0,0.0,65.5,55.0,0.0,62.4,47.0,0.0,58.5
1.3,204.0,0.0,64.9,75.0,0.0,69.0,3.0,0.0,73.3,41.0,0.0,66.0,37.0,0.0,63.2,48.0,0.0,58.5
1.5,229.0,0.0,64.6,66.0,0.0,69.4,1.0,0.0,72.3,63.0,0.0,65.5,53.0,0.0,62.7,46.0,0.0,58.5
2.0,237.0,0.0,64.5,71.0,0.0,69.0,0.0,0.0,72.3,65.0,0.0,65.4,55.0,0.0,62.7,46.0,0.0,58.5
2.2,199.0,0.0,64.5,78.0,0.0,68.4,2.0,0.0,71.9,38.0,0.0,65.5,35.0,0.0,62.3,46.0,0.0,58.4
2.3,236.0,0.0,64.4,67.0,0.0,69.4,2.0,0.0,72.8,62.0,0.0,65.4,53.0,0.0,62.5,52.0,0.0,58.4
2.5,194.0,0.0,64.2,96.0,0.0,67.2,1.0,0.0,73.0,24.0,0.0,65.5,24.0,0.0,62.7,49.0,0.0,58.3
3.0,177.0,0.0,63.2,61.0,0.0,67.1,1.0,0.0,73.6,36.0,0.0,64.3,31.0,0.0,61.6,48.0,0.0,58.3
3.2,213.0,0.0,64.5,82.0,0.0,68.5,2.0,0.0,73.7,43.0,0.0,65.3,38.0,0.0,62.5,48.0,0.0,58.3
3.3,211.0,0.0,65.5,105.0,0.0,68.5,1.0,0.0,74.0,28.0,0.0,67.3,28.0,0.0,64.5,49.0,0.0,58.4
3.5,214.0,0.0,66.0,108.0,0.0,69.1,0.0,0.0,74.0,29.0,0.0,67.9,29.0,0.0,65.1,48.0,0.0,58.4
4.0,238.0,0.0,65.3,119.0,0.0,68.1,2.0,0.0,73.9,34.0,0.0,66.9,34.0,0.0,64.1,49.0,0.0,57.9
4.2,243.0,0.0,64.1,123.0,0.0,66.4,2.0,0.0,73.6,35.0,0.0,65.2,35.0,0.0,62.4,48.0,0.0,58.0
4.3,339.0,0.0,61.9,159.0,0.0,63.6,5.0,0.0,74.3,59.0,0.0,62.6,59.0,0.0,59.9,57.0,0.0,57.4
4.5,364.0,0.0,63.3,96.0,0.0,68.1,6.0,0.0,73.3,91.0,0.0,64.3,79.0,0.0,61.3,92.0,0.0,58.4
5.0,320.0,0.0,63.4,86.0,0.0,68.3,5.0,0.0,73.0,84.0,0.0,64.4,71.0,0.0,61.4,74.0,0.0,58.0
5.2,307.0,0.0,64.2,134.0,0.0,68.2,2.0,0.0,73.8,29.0,0.0,68.1,29.0,0.0,65.3,113.0,0.0,57.9
5.3,335.0,0.0,64.7,149.0,0.0,68.8,3.0,0.0,73.3,34.0,0.0,67.6,34.0,0.0,64.8,115.0,0.0,58.4
5.5,433.0,0.0,63.5,173.0,0.0,67.0,5.0,0.0,73.1,52.0,0.0,65.7,52.0,0.0,63.0,151.0,0.0,58.5
6.0,371.0,0.0,63.4,151.0,0.0,66.1,9.0,0.0,76.6,40.0,0.0,67.5,40.0,0.0,64.7,131.0,0.0,57.7
6.2,473.0,0.0,63.5,192.0,0.0,66.7,10.0,0.0,77.8,51.0,0.0,68.1,51.0,0.0,65.2,169.0,0.0,57.0
6.3,554.0,0.0,60.7,220.0,0.1,63.7,12.0,0.0,68.7,62.0,0.0,63.9,62.0,0.0,61.2,198.0,0.1,55.9
6.5,618.0,0.0,61.6,242.0,0.1,65.2,20.0,0.0,68.9,77.0,0.0,64.5,77.0,0.0,61.8,202.0,0.1,55.3
7.0,627.0,0.0,62.9,250.0,0.1,66.5,25.0,0.0,70.8,80.0,0.0,65.7,81.0,0.0,63.0,191.0,0.1,56.0
7.2,702.0,0.0,61.5,268.0,0.1,63.8,30.0,0.0,74.7,86.0,0.0,66.4,87.0,0.0,63.6,231.0,0.1,54.4
7.3,769.0,0.1,61.0,291.0,0.1,62.3,34.0,0.0,74.5,98.0,0.0,66.5,98.0,0.0,63.7,248.0,0.1,54.6
7.5,732.0,0.1,61.0,263.0,0.1,62.9,50.0,0.1,71.0,97.0,0.0,64.7,97.0,0.0,62.0,225.0,0.1,54.6
8.0,731.0,0.1,52.7,266.0,0.1,59.2,41.0,0.1,38.0,96.0,0.0,50.0,97.0,0.0,47.7,231.0,0.1,51.0
8.2,737.0,0.1,50.8,259.0,0.1,60.9,60.0,0.1,25.5,94.0,0.1,45.7,94.0,0.1,43.6,230.0,0.1,50.9
8.3,744.0,0.1,51.6,262.0,0.1,61.4,53.0,0.1,25.4,93.0,0.0,45.8,93.0,0.0,43.7,243.0,0.1,52.1
8.5,714.0,0.1,51.0,257.0,0.1,61.2,49.0,0.1,25.1,89.0,0.0,44.6,89.0,0.0,42.6,230.0,0.1,50.9
9.0,632.0,0.0,56.7,229.0,0.1,67.8,38.0,0.0,26.0,70.0,0.0,49.4,70.0,0.0,47.2,225.0,0.1,55.8
9.2,644.0,0.0,56.3,235.0,0.1,67.4,37.0,0.1,25.4,76.0,0.0,48.8,76.0,0.0,46.7,220.0,0.1,55.6
9.3,641.0,0.1,54.1,238.0,0.1,64.7,38.0,0.1,23.3,73.0,0.0,46.7,73.0,0.0,44.6,219.0,0.1,53.5
9.5,633.0,0.0,54.6,247.0,0.1,65.1,33.0,0.0,22.6,73.0,0.0,46.1,73.0,0.0,44.0,207.0,0.1,53.8
10.0,594.0,0.0,57.1,226.0,0.1,64.3,35.0,0.0,45.0,63.0,0.0,54.1,63.0,0.0,51.7,207.0,0.1,53.7
10.2,632.0,0.0,59.1,243.0,0.1,65.2,35.0,0.0,51.3,73.0,0.0,58.6,73.0,0.0,56.1,208.0,0.1,54.3
10.3,645.0,0.0,58.9,241.0,0.1,66.5,37.0,0.0,45.3,71.0,0.0,56.5,71.0,0.0,54.1,225.0,0.1,55.2
10.5,675.0,0.0,58.7,254.0,0.1,61.5,29.0,0.0,69.2,77.0,0.0,63.1,77.0,0.0,60.5,238.0,0.1,52.4
11.0,642.0,0.0,61.4,242.0,0.1,64.2,37.0,0.0,73.0,67.0,0.0,66.0,67.0,0.0,63.3,229.0,0.1,54.6
11.2,632.0,0.0,58.9,242.0,0.1,61.5,27.0,0.0,73.1,66.0,0.0,64.4,66.0,0.0,61.8,231.0,0.1,52.2
11.3,682.0,0.0,59.4,262.0,0.1,61.5,35.0,0.0,72.0,81.0,0.0,64.1,81.0,0.0,61.5,223.0,0.1,52.7
11.5,675.0,0.0,62.3,251.0,0.1,65.4,29.0,0.0,73.3,72.0,0.0,66.7,73.0,0.0,63.9,250.0,0.1,56.2
12.0,621.0,0.0,60.8,232.0,0.1,63.2,36.0,0.0,73.7,69.0,0.0,65.5,69.0,0.0,62.8,215.0,0.1,54.1
12.2,696.0,0.0,63.1,273.0,0.1,66.8,20.0,0.0,74.0,74.0,0.0,67.4,74.0,0.0,64.6,255.0,0.1,56.7
12.3,677.0,0.0,61.0,256.0,0.1,65.8,27.0,0.0,61.0,74.0,0.0,62.9,75.0,0.0,60.3,245.0,0.1,55.6
12.5,685.0,0.0,58.7,247.0,0.1,65.7,38.0,0.0,50.0,78.0,0.0,58.0,78.0,0.0,55.6,244.0,0.1,54.1
13.0,664.0,0.0,61.4,259.0,0.1,64.1,31.0,0.0,70.8,74.0,0.0,65.6,74.0,0.0,62.9,226.0,0.1,55.2
13.2,730.0,0.1,58.6,269.0,0.1,64.3,47.0,0.0,54.2,83.0,0.0,59.1,84.0,0.0,56.6,247.0,0.1,53.7
13.3,791.0,0.1,57.6,299.0,0.1,62.7,35.0,0.0,54.0,98.0,0.0,58.7,98.0,0.0,56.2,261.0,0.1,52.3
13.5,795.0,0.1,56.1,290.0,0.1,64.3,55.0,0.1,39.1,97.0,0.0,53.2,97.0,0.0,50.9,256.0,0.1,53.5
14.0,714.0,0.0,59.3,269.0,0.1,63.2,37.0,0.0,62.6,84.0,0.0,61.7,84.0,0.0,59.1,240.0,0.1,53.5
14.2,738.0,0.1,56.1,260.0,0.1,65.9,56.0,0.1,34.7,84.0,0.0,51.5,84.0,0.0,49.3,254.0,0.1,54.6
14.3,822.0,0.1,53.3,283.0,0.1,64.0,65.0,0.1,28.5,111.0,0.1,49.2,111.0,0.1,47.0,252.0,0.1,52.2
14.5,828.0,0.1,53.1,298.0,0.1,63.0,48.0,0.1,28.5,109.0,0.0,49.4,109.0,0.0,47.2,264.0,0.1,50.3
15.0,798.0,0.1,57.2,278.0,0.1,62.0,56.0,0.1,57.8,101.0,0.1,60.0,101.0,0.1,57.5,262.0,0.1,50.9
15.2,846.0,0.1,59.5,308.0,0.1,61.2,49.0,0.1,66.1,105.0,0.0,63.1,106.0,0.0,60.5,278.0,0.1,54.7
15.3,828.0,0.1,61.6,300.0,0.1,62.2,47.0,0.1,73.2,111.0,0.0,66.4,111.0,0.0,63.6,259.0,0.1,55.7
15.5,744.0,0.1,62.7,265.0,0.1,64.8,62.0,0.1,71.3,85.0,0.0,66.6,85.0,0.0,63.8,247.0,0.1,56.7
16.0,807.0,0.1,54.9,287.0,0.1,63.4,55.0,0.1,37.2,108.0,0.1,51.6,108.0,0.1,49.3,249.0,0.1,52.7
16.2,839.0,0.1,53.3,303.0,0.1,63.6,45.0,0.1,24.3,106.0,0.0,47.4,106.0,0.0,45.3,279.0,0.1,51.9
16.3,849.0,0.1,51.5,305.0,0.1,62.2,57.0,0.1,22.9,108.0,0.1,46.6,108.0,0.1,44.5,271.0,0.1,50.2
16.5,784.0,0.1,52.5,282.0,0.1,62.7,45.0,0.1,23.6,89.0,0.0,46.6,90.0,0.0,44.5,278.0,0.1,51.3
17.0,770.0,0.1,50.7,274.0,0.1,61.0,57.0,0.1,24.5,94.0,0.0,46.7,94.0,0.0,44.6,251.0,0.1,49.3
17.2,830.0,0.1,51.7,296.0,0.1,61.9,58.0,0.1,24.2,98.0,0.0,45.9,98.0,0.0,43.8,280.0,0.1,51.5
17.3,717.0,0.1,55.4,265.0,0.1,65.4,38.0,0.0,27.7,88.0,0.0,48.5,88.0,0.0,46.3,238.0,0.1,54.6
17.5,764.0,0.1,53.5,273.0,0.1,63.7,47.0,0.1,26.6,93.0,0.0,47.8,94.0,0.0,45.7,257.0,0.1,52.7
18.0,741.0,0.1,58.6,275.0,0.1,63.4,42.0,0.1,58.1,81.0,0.0,60.0,81.0,0.0,57.4,262.0,0.1,53.5
18.2,748.0,0.1,60.8,278.0,0.1,62.7,36.0,0.0,74.3,82.0,0.0,66.5,82.0,0.0,63.7,270.0,0.1,54.5
18.3,674.0,0.1,60.1,249.0,0.1,62.6,39.0,0.1,71.7,64.0,0.0,64.7,64.0,0.0,62.0,258.0,0.1,54.2
18.5,615.0,0.0,60.3,242.0,0.1,63.8,24.0,0.0,69.5,55.0,0.0,64.8,55.0,0.0,62.0,239.0,0.1,54.5
19.0,652.0,0.0,59.7,249.0,0.1,62.7,31.0,0.0,72.5,64.0,0.0,64.3,64.0,0.0,61.6,244.0,0.1,53.4
19.2,660.0,0.0,60.2,271.0,0.1,62.4,20.0,0.0,74.3,74.0,0.0,64.7,74.0,0.0,62.0,221.0,0.1,54.1
19.3,762.0,0.0,57.3,292.0,0.1,61.0,23.0,0.0,61.6,99.0,0.0,59.1,99.0,0.0,56.6,249.0,0.1,52.1
19.5,711.0,0.0,58.6,268.0,0.1,61.1,30.0,0.0,69.1,87.0,0.0,61.7,88.0,0.0,59.1,238.0,0.1,53.1
20.0,618.0,0.0,60.9,235.0,0.1,63.3,23.0,0.0,73.5,76.0,0.0,64.1,77.0,0.0,61.4,207.0,0.1,55.3
20.2,619.0,0.0,60.8,233.0,0.1,63.3,18.0,0.0,73.9,82.0,0.0,64.6,82.0,0.0,61.9,204.0,0.1,54.7
20.3,508.0,0.0,61.9,203.0,0.0,64.9,16.0,0.0,74.0,57.0,0.0,65.8,57.0,0.0,63.0,175.0,0.1,55.5
20.5,382.0,0.0,62.0,150.0,0.0,65.9,12.0,0.0,74.1,29.0,0.0,67.2,29.0,0.0,64.4,162.0,0.0,56.2
21.0,368.0,0.0,63.3,147.0,0.0,67.1,15.0,0.0,74.1,29.0,0.0,67.7,29.0,0.0,65.0,148.0,0.0,57.3
21.2,364.0,0.0,62.8,157.0,0.0,66.4,11.0,0.0,74.0,28.0,0.0,67.5,28.0,0.0,64.7,140.0,0.0,56.7
21.3,360.0,0.0,62.7,141.0,0.0,65.9,13.0,0.0,74.1,30.0,0.0,67.8,30.0,0.0,65.0,146.0,0.0,57.0
21.5,322.0,0.0,63.2,146.0,0.0,66.9,9.0,0.0,74.0,20.0,0.0,67.7,20.0,0.0,64.9,127.0,0.0,57.1
22.0,523.0,0.0,62.8,130.0,0.0,67.2,9.0,0.0,74.1,132.0,0.0,64.9,114.0,0.0,61.8,138.0,0.0,56.8
22.2,382.0,0.0,63.1,129.0,0.0,67.2,8.0,0.0,74.1,68.0,0.0,65.2,60.0,0.0,62.3,117.0,0.0,57.1
22.3,369.0,0.0,62.8,126.0,0.0,67.0,5.0,0.0,74.2,69.0,0.0,64.5,61.0,0.0,61.6,108.0,0.0,57.0
22.5,501.0,0.0,63.4,106.0,0.0,68.6,5.0,0.0,73.7,152.0,0.0,64.7,130.0,0.0,61.8,108.0,0.0,57.8
23.0,307.0,0.0,63.2,99.0,0.0,67.0,11.0,0.0,73.8,57.0,0.0,65.1,50.0,0.0,62.4,90.0,0.0,57.1
23.2,409.0,0.0,62.9,87.0,0.0,67.1,3.0,0.0,73.5,128.0,0.0,64.5,107.0,0.0,61.6,84.0,0.0,57.6
23.3,338.0,0.0,63.7,86.0,0.0,68.6,3.0,0.0,73.1,103.0,0.0,64.4,83.0,0.0,61.7,63.0,0.0,58.0
23.5,335.0,0.0,64.4,64.0,0.0,70.2,2.0,0.0,73.5,111.0,0.0,65.9,91.0,0.0,62.7,67.0,0.0,58.2
0.0,319.0,0.0,64.2,57.0,0.0,70.3,3.0,0.0,74.1,107.0,0.0,65.5,88.0,0.0,62.5,64.0,0.0,58.5
0.2,284.0,0.0,64.6,62.0,0.0,70.3,2.0,0.0,73.9,93.0,0.0,66.0,71.0,0.0,62.6,56.0,0.0,58.1
0.3,244.0,0.0,64.3,43.0,0.0,70.3,0.0,0.0,73.9,84.0,0.0,65.9,70.0,0.0,62.7,47.0,0.0,58.6
0.5,232.0,0.0,64.0,34.0,0.0,69.8,2.0,0.0,74.0,80.0,0.0,65.5,71.0,0.0,62.3,45.0,0.0,59.1
1.0,238.0,0.0,63.4,36.0,0.0,68.8,4.0,0.0,73.8,82.0,0.0,64.8,71.0,0.0,62.1,45.0,0.0,57.8
1.2,228.0,0.0,63.2,31.0,0.0,68.8,1.0,0.0,74.0,81.0,0.0,64.8,70.0,0.0,62.0,45.0,0.0,58.2
1.3,240.0,0.0,63.9,30.0,0.0,69.5,9.0,0.0,73.4,80.0,0.0,65.3,73.0,0.0,62.5,48.0,0.0,58.5
1.5,224.0,0.0,63.0,29.0,0.0,68.5,2.0,0.0,73.3,78.0,0.0,64.5,70.0,0.0,61.8,45.0,0.0,58.3
2.0,229.0,0.0,64.3,39.0,0.0,71.4,1.0,0.0,73.3,77.0,0.0,65.4,69.0,0.0,62.6,43.0,0.0,58.7
2.2,216.0,0.0,63.3,26.0,0.0,69.1,1.0,0.0,73.6,77.0,0.0,65.0,68.0,0.0,62.2,44.0,0.0,58.3
2.3,211.0,0.0,63.5,23.0,0.0,69.6,0.0,0.0,73.6,76.0,0.0,65.4,69.0,0.0,62.5,43.0,0.0,58.7
2.5,223.0,0.0,64.0,29.0,0.0,70.0,1.0,0.0,73.7,78.0,0.0,65.6,70.0,0.0,62.7,45.0,0.0,58.9
3.0,226.0,0.0,64.2,34.0,0.0,70.4,0.0,0.0,73.7,78.0,0.0,65.8,69.0,0.0,62.6,45.0,0.0,59.2
3.2,227.0,0.0,64.0,30.0,0.0,70.0,1.0,0.0,74.2,81.0,0.0,65.6,70.0,0.0,62.6,45.0,0.0,59.1
3.3,226.0,0.0,63.4,29.0,0.0,69.6,2.0,0.0,74.0,79.0,0.0,65.0,70.0,0.0,62.0,46.0,0.0,58.6
3.5,239.0,0.0,63.7,41.0,0.0,69.3,1.0,0.0,73.9,81.0,0.0,65.1,70.0,0.0,62.2,46.0,0.0,58.3
4.0,234.0,0.0,63.4,34.0,0.0,69.1,2.0,0.0,74.1,82.0,0.0,64.9,71.0,0.0,61.9,45.0,0.0,58.2
4.2,238.0,0.0,64.1,40.0,0.0,70.0,1.0,0.0,73.9,82.0,0.0,65.7,70.0,0.0,62.3,45.0,0.0,58.5
4.3,242.0,0.0,64.4,42.0,0.0,71.3,0.0,0.0,73.9,83.0,0.0,65.8,71.0,0.0,62.5,46.0,0.0,58.8
4.5,245.0,0.0,64.1,39.0,0.0,70.0,4.0,0.0,74.3,83.0,0.0,65.4,72.0,0.0,62.4,47.0,0.0,58.6
5.0,258.0,0.0,64.2,53.0,0.0,69.6,1.0,0.0,75.5,84.0,0.0,65.5,70.0,0.0,62.5,50.0,0.0,58.5
5.2,275.0,0.0,63.9,59.0,0.0,68.9,1.0,0.0,74.7,91.0,0.0,65.3,72.0,0.0,62.0,52.0,0.0,58.2
5.3,341.0,0.0,63.4,70.0,0.0,68.2,4.0,0.0,74.1,106.0,0.0,65.0,90.0,0.0,61.9,71.0,0.0,57.8
5.5,379.0,0.0,63.7,69.0,0.0,69.4,6.0,0.0,74.0,117.0,0.0,65.0,104.0,0.0,61.8,83.0,0.0,58.8
6.0,326.0,0.0,63.3,70.0,0.0,68.4,1.0,0.0,73.9,105.0,0.0,64.4,87.0,0.0,61.6,63.0,0.0,57.7
6.2,339.0,0.0,64.1,86.0,0.0,70.5,5.0,0.0,73.6,90.0,0.0,64.6,76.0,0.0,61.7,82.0,0.0,58.3
6.3,325.0,0.0,64.2,118.0,0.0,68.7,7.0,0.0,73.5,56.0,0.0,65.3,50.0,0.0,62.6,94.0,0.0,58.2
6.5,376.0,0.0,63.5,131.0,0.0,67.6,9.0,0.0,73.6,63.0,0.0,65.2,56.0,0.0,62.6,117.0,0.0,57.6
7.0,373.0,0.0,63.0,130.0,0.0,66.2,9.0,0.0,74.0,66.0,0.0,65.5,59.0,0.0,62.8,109.0,0.0,57.0
7.2,358.0,0.0,60.4,140.0,0.0,62.7,12.0,0.0,73.9,34.0,0.0,66.0,34.0,0.0,63.2,138.0,0.0,55.0
7.3,414.0,0.0,61.8,162.0,0.0,64.8,19.0,0.0,73.7,43.0,0.0,65.2,43.0,0.0,62.5,147.0,0.0,55.8
7.5,426.0,0.0,61.3,184.0,0.0,63.9,9.0,0.0,73.9,45.0,0.0,64.5,45.0,0.0,61.8,143.0,0.0,55.9
8.0,365.0,0.0,61.4,145.0,0.0,64.8,10.0,0.0,74.0,31.0,0.0,65.1,31.0,0.0,62.4,148.0,0.0,56.2
8.2,421.0,0.0,62.5,172.0,0.0,66.0,12.0,0.0,73.9,42.0,0.0,65.2,42.0,0.0,62.5,153.0,0.0,57.1
8.3,452.0,0.0,63.3,180.0,0.0,66.6,18.0,0.0,74.1,49.0,0.0,65.5,49.0,0.0,62.8,156.0,0.0,57.6
8.5,474.0,0.0,63.2,195.0,0.0,66.8,17.0,0.0,73.9,44.0,0.0,66.1,44.0,0.0,63.3,174.0,0.0,57.3
9.0,484.0,0.0,63.0,198.0,0.0,66.4,15.0,0.0,74.2,52.0,0.0,66.8,52.0,0.0,64.1,167.0,0.0,56.3
9.2,519.0,0.0,62.2,211.0,0.0,65.1,19.0,0.0,74.4,50.0,0.0,66.4,50.0,0.0,63.6,189.0,0.1,56.0
9.3,588.0,0.0,61.8,234.0,0.1,64.2,32.0,0.0,74.0,64.0,0.0,64.8,64.0,0.0,62.1,194.0,0.1,56.0
9.5,611.0,0.0,60.0,238.0,0.1,62.8,27.0,0.0,74.1,57.0,0.0,65.2,57.0,0.0,62.5,232.0,0.1,53.6
10.0,592.0,0.0,60.9,232.0,0.1,63.6,30.0,0.0,73.6,59.0,0.0,64.8,59.0,0.0,62.1,212.0,0.1,54.8
10.2,657.0,0.0,60.2,255.0,0.1,63.3,22.0,0.0,73.6,71.0,0.0,65.3,71.0,0.0,62.6,238.0,0.1,53.6
10.3,635.0,0.0,62.9,249.0,0.1,66.2,30.0,0.0,74.2,62.0,0.0,67.3,62.0,0.0,64.5,232.0,0.1,56.3
10.5,733.0,0.0,59.4,281.0,0.1,61.4,33.0,0.0,74.5,81.0,0.0,65.0,81.0,0.0,62.3,257.0,0.1,52.6
11.0,628.0,0.0,60.1,246.0,0.1,62.6,27.0,0.0,74.3,64.0,0.0,64.7,64.0,0.0,62.0,227.0,0.1,53.8
11.2,663.0,0.0,60.8,248.0,0.1,63.3,29.0,0.0,74.3,64.0,0.0,66.5,65.0,0.0,63.7,257.0,0.1,54.6
11.3,520.0,0.0,64.1,191.0,0.0,68.0,31.0,0.0,73.9,58.0,0.0,67.3,58.0,0.0,64.5,182.0,0.0,57.2
11.5,573.0,0.0,64.4,206.0,0.0,69.1,38.0,0.0,73.4,61.0,0.0,66.8,61.0,0.0,64.0,207.0,0.1,57.6
12.0,539.0,0.0,64.1,199.0,0.0,68.3,31.0,0.0,73.5,59.0,0.0,66.7,59.0,0.0,63.9,191.0,0.1,57.5
12.2,614.0,0.0,63.6,221.0,0.0,67.7,35.0,0.0,72.5,61.0,0.0,67.2,61.0,0.0,64.4,236.0,0.1,57.2
12.3,705.0,0.0,60.8,258.0,0.1,62.6,43.0,0.0,72.6,69.0,0.0,66.0,69.0,0.0,63.3,266.0,0.1,55.1
12.5,683.0,0.0,60.1,263.0,0.1,62.0,29.0,0.0,73.4,74.0,0.0,65.6,74.0,0.0,62.8,243.0,0.1,53.9
13.0,579.0,0.0,61.5,218.0,0.0,63.8,27.0,0.0,74.0,56.0,0.0,66.9,56.0,0.0,64.1,222.0,0.1,55.8
13.2,625.0,0.0,62.0,232.0,0.1,64.7,31.0,0.0,73.9,59.0,0.0,67.1,59.0,0.0,64.4,244.0,0.1,56.1
13.3,695.0,0.0,62.0,263.0,0.1,64.2,47.0,0.0,74.2,77.0,0.0,66.4,77.0,0.0,63.6,231.0,0.1,54.9
13.5,639.0,0.0,61.8,237.0,0.1,65.3,31.0,0.0,74.2,59.0,0.0,66.3,59.0,0.0,63.5,253.0,0.1,55.6
14.0,606.0,0.0,62.1,228.0,0.1,65.1,30.0,0.0,73.2,62.0,0.0,66.4,62.0,0.0,63.6,224.0,0.1,56.0
14.2,631.0,0.0,62.1,241.0,0.1,65.2,35.0,0.0,73.1,64.0,0.0,66.3,64.0,0.0,63.6,227.0,0.1,55.4
14.3,677.0,0.0,61.7,250.0,0.1,64.8,35.0,0.0,73.2,74.0,0.0,65.9,74.0,0.0,63.1,244.0,0.1,55.2
14.5,667.0,0.0,62.5,239.0,0.1,65.9,38.0,0.0,71.1,71.0,0.0,66.4,71.0,0.0,63.6,248.0,0.1,56.5
15.0,718.0,0.0,62.9,266.0,0.1,66.2,42.0,0.0,72.6,80.0,0.0,66.6,80.0,0.0,63.8,250.0,0.1,56.2
15.2,652.0,0.0,62.9,242.0,0.1,66.3,26.0,0.0,72.9,69.0,0.0,67.2,69.0,0.0,64.4,246.0,0.1,56.8
15.3,692.0,0.0,61.0,260.0,0.1,63.6,32.0,0.0,73.6,79.0,0.0,65.8,79.0,0.0,63.0,242.0,0.1,54.4
15.5,641.0,0.0,62.2,247.0,0.1,65.0,33.0,0.0,73.2,69.0,0.0,66.4,70.0,0.0,63.7,222.0,0.1,55.5
16.0,630.0,0.0,60.3,237.0,0.1,62.9,35.0,0.0,73.5,63.0,0.0,65.3,63.0,0.0,62.6,232.0,0.1,53.7
16.2,661.0,0.0,61.3,263.0,0.1,63.9,25.0,0.0,73.6,74.0,0.0,66.0,74.0,0.0,63.2,225.0,0.1,54.5
16.3,617.0,0.0,60.7,239.0,0.1,63.9,21.0,0.0,73.9,59.0,0.0,65.5,59.0,0.0,62.8,239.0,0.1,54.5
16.5,630.0,0.0,61.1,250.0,0.1,64.6,16.0,0.0,73.9,61.0,0.0,66.0,61.0,0.0,63.3,242.0,0.1,54.8
17.0,599.0,0.0,61.3,228.0,0.1,64.3,23.0,0.0,74.0,59.0,0.0,66.6,59.0,0.0,63.8,230.0,0.1,55.1
17.2,628.0,0.0,61.3,249.0,0.1,64.5,18.0,0.0,73.8,60.0,0.0,66.5,60.0,0.0,63.7,241.0,0.1,55.1
17.3,587.0,0.0,62.1,212.0,0.0,64.9,37.0,0.0,73.9,59.0,0.0,66.6,59.0,0.0,63.8,220.0,0.1,55.7
17.5,534.0,0.0,62.1,213.0,0.0,64.8,25.0,0.0,74.3,44.0,0.0,67.3,44.0,0.0,64.5,208.0,0.1,56.4
18.0,607.0,0.0,62.4,228.0,0.1,65.1,34.0,0.0,73.3,57.0,0.0,67.0,58.0,0.0,64.2,230.0,0.1,56.5
18.2,526.0,0.0,61.6,198.0,0.0,64.8,25.0,0.0,74.0,47.0,0.0,66.7,47.0,0.0,63.9,209.0,0.1,55.4
18.3,603.0,0.0,61.2,235.0,0.1,63.9,16.0,0.0,74.0,57.0,0.0,66.8,57.0,0.0,64.0,238.0,0.1,55.6
18.5,553.0,0.0,62.6,219.0,0.0,66.1,21.0,0.0,73.6,50.0,0.0,67.2,50.0,0.0,64.4,213.0,0.1,56.5
19.0,551.0,0.0,62.5,213.0,0.0,66.3,18.0,0.0,73.4,49.0,0.0,67.1,49.0,0.0,64.3,222.0,0.1,56.6
19.2,527.0,0.0,61.4,222.0,0.1,65.0,13.0,0.0,73.4,45.0,0.0,66.4,45.0,0.0,63.6,202.0,0.1,55.1
19.3,509.0,0.0,60.9,201.0,0.0,64.8,16.0,0.0,74.0,38.0,0.0,66.4,38.0,0.0,63.6,216.0,0.1,54.8
19.5,458.0,0.0,61.8,191.0,0.0,65.5,9.0,0.0,74.0,34.0,0.0,67.0,34.0,0.0,64.2,190.0,0.1,56.0
20.0,516.0,0.0,62.4,185.0,0.0,65.3,13.0,0.0,73.7,103.0,0.0,64.8,36.0,0.0,64.7,179.0,0.1,56.9
20.2,475.0,0.0,61.7,186.0,0.0,64.1,18.0,0.0,73.8,41.0,0.0,67.2,41.0,0.0,64.4,189.0,0.1,56.4
20.3,449.0,0.0,61.0,185.0,0.0,63.9,9.0,0.0,73.8,38.0,0.0,66.6,38.0,0.0,63.8,179.0,0.0,55.4
20.5,451.0,0.0,61.9,188.0,0.0,64.0,16.0,0.0,74.0,33.0,0.0,67.6,33.0,0.0,64.8,181.0,0.0,57.1
21.0,496.0,0.0,62.3,165.0,0.0,66.6,12.0,0.0,73.9,81.0,0.0,63.9,72.0,0.0,61.4,166.0,0.0,56.9
21.2,418.0,0.0,61.4,176.0,0.0,65.2,10.0,0.0,73.9,28.0,0.0,65.7,28.0,0.0,63.0,176.0,0.0,56.0
21.3,498.0,0.0,63.2,161.0,0.0,67.4,14.0,0.0,73.7,87.0,0.0,65.5,78.0,0.0,62.3,158.0,0.0,57.2
21.5,377.0,0.0,64.2,151.0,0.0,68.6,16.0,0.0,73.7,31.0,0.0,67.6,31.0,0.0,64.8,148.0,0.0,57.8
22.0,320.0,0.0,64.4,145.0,0.0,68.9,5.0,0.0,73.9,23.0,0.0,67.6,23.0,0.0,64.8,124.0,0.0,57.9
22.2,369.0,0.0,64.5,161.0,0.0,69.5,6.0,0.0,74.0,25.0,0.0,68.2,25.0,0.0,65.3,152.0,0.0,58.0
22.3,526.0,0.0,64.4,126.0,0.0,69.8,7.0,0.0,74.2,153.0,0.0,65.5,130.0,0.0,62.5,110.0,0.0,58.5
22.5,393.0,0.0,64.5,130.0,0.0,69.6,6.0,0.0,74.0,70.0,0.0,65.9,62.0,0.0,62.7,125.0,0.0,58.8
23.0,475.0,0.0,64.6,107.0,0.0,71.3,4.0,0.0,74.0,143.0,0.0,65.8,121.0,0.0,62.4,100.0,0.0,57.9
23.2,410.0,0.0,64.4,109.0,0.0,70.1,9.0,0.0,73.1,101.0,0.0,65.8,87.0,0.0,62.4,104.0,0.0,58.2
23.3,407.0,0.0,64.9,98.0,0.0,70.8,5.0,0.0,73.8,123.0,0.0,65.8,102.0,0.0,62.4,79.0,0.0,58.7
23.5,365.0,0.0,64.3,75.0,0.0,69.8,5.0,0.0,73.6,116.0,0.0,65.5,96.0,0.0,62.5,73.0,0.0,58.7
0.0,330.0,0.0,64.6,74.0,0.0,69.9,2.0,0.0,74.5,105.0,0.0,65.6,86.0,0.0,62.7,63.0,0.0,58.7
0.2,309.0,0.0,64.4,59.0,0.0,70.2,3.0,0.0,74.2,102.0,0.0,65.8,85.0,0.0,62.8,60.0,0.0,58.5
0.3,249.0,0.0,64.3,49.0,0.0,69.7,2.0,0.0,73.9,81.0,0.0,65.5,70.0,0.0,62.5,47.0,0.0,58.8
0.5,256.0,0.0,64.6,49.0,0.0,70.0,3.0,0.0,74.3,86.0,0.0,65.8,71.0,0.0,62.7,47.0,0.0,59.2
1.0,225.0,0.0,63.9,31.0,0.0,70.0,0.0,0.0,74.2,79.0,0.0,65.7,69.0,0.0,62.4,46.0,0.0,59.1
1.2,229.0,0.0,64.4,32.0,0.0,70.5,2.0,0.0,74.0,79.0,0.0,66.0,70.0,0.0,62.6,46.0,0.0,59.3
1.3,219.0,0.0,63.9,26.0,0.0,70.0,1.0,0.0,74.8,78.0,0.0,65.6,69.0,0.0,62.7,45.0,0.0,59.0
1.5,226.0,0.0,64.1,33.0,0.0,69.9,0.0,0.0,74.8,79.0,0.0,65.7,69.0,0.0,62.5,45.0,0.0,59.2
2.0,219.0,0.0,64.2,35.0,0.0,71.1,2.0,0.0,74.4,75.0,0.0,65.3,66.0,0.0,62.4,41.0,0.0,58.5
2.2,228.0,0.0,64.1,42.0,0.0,71.0,0.0,0.0,74.4,78.0,0.0,65.1,66.0,0.0,62.3,42.0,0.0,58.2
2.3,216.0,0.0,63.7,26.0,0.0,69.6,1.0,0.0,74.0,78.0,0.0,65.4,69.0,0.0,62.5,42.0,0.0,58.6
2.5,225.0,0.0,63.5,31.0,0.0,69.2,1.0,0.0,73.8,80.0,0.0,64.9,69.0,0.0,62.1,44.0,0.0,58.4
3.0,230.0,0.0,64.0,33.0,0.0,69.8,2.0,0.0,73.9,79.0,0.0,65.5,70.0,0.0,62.6,46.0,0.0,58.9
3.2,217.0,0.0,63.4,25.0,0.0,69.3,0.0,0.0,73.9,78.0,0.0,65.4,69.0,0.0,62.3,45.0,0.0,58.6
3.3,229.0,0.0,63.6,33.0,0.0,69.4,1.0,0.0,74.0,80.0,0.0,65.3,70.0,0.0,62.3,45.0,0.0,58.4
3.5,226.0,0.0,64.1,31.0,0.0,70.1,1.0,0.0,73.6,79.0,0.0,65.8,70.0,0.0,62.8,45.0,0.0,59.2
4.0,223.0,0.0,63.7,28.0,0.0,69.7,1.0,0.0,74.0,79.0,0.0,65.4,70.0,0.0,62.5,45.0,0.0,58.5
4.2,227.0,0.0,63.5,30.0,0.0,69.6,2.0,0.0,73.9,79.0,0.0,65.2,70.0,0.0,62.2,46.0,0.0,58.5
4.3,227.0,0.0,63.6,35.0,0.0,69.1,1.0,0.0,73.9,79.0,0.0,65.2,69.0,0.0,62.2,43.0,0.0,58.3
4.5,234.0,0.0,63.6,36.0,0.0,69.1,2.0,0.0,74.0,80.0,0.0,65.0,71.0,0.0,62.1,45.0,0.0,58.2
5.0,234.0,0.0,64.0,42.0,0.0,69.6,0.0,0.0,73.8,78.0,0.0,65.4,69.0,0.0,62.6,45.0,0.0,58.7
5.2,233.0,0.0,63.9,35.0,0.0,69.5,2.0,0.0,73.8,80.0,0.0,65.4,71.0,0.0,62.5,45.0,0.0,58.6
5.3,255.0,0.0,64.0,49.0,0.0,69.3,4.0,0.0,74.0,82.0,0.0,65.1,72.0,0.0,62.3,48.0,0.0,58.4
5.5,289.0,0.0,64.6,63.0,0.0,69.8,5.0,0.0,74.1,98.0,0.0,65.6,56.0,0.0,63.0,67.0,0.0,59.0
6.0,284.0,0.0,64.2,56.0,0.0,70.1,1.0,0.0,74.2,94.0,0.0,65.3,76.0,0.0,62.1,57.0,0.0,59.1
6.2,275.0,0.0,64.6,58.0,0.0,70.5,1.0,0.0,74.5,93.0,0.0,65.5,74.0,0.0,62.3,49.0,0.0,58.8
6.3,323.0,0.0,64.9,82.0,0.0,70.6,3.0,0.0,74.0,86.0,0.0,66.2,73.0,0.0,62.9,79.0,0.0,59.1
6.5,324.0,0.0,64.8,85.0,0.0,70.9,3.0,0.0,73.9,85.0,0.0,65.9,72.0,0.0,62.6,79.0,0.0,58.7
7.0,370.0,0.0,64.2,82.0,0.0,69.2,7.0,0.0,74.2,114.0,0.0,65.3,94.0,0.0,62.2,73.0,0.0,58.4
7.2,414.0,0.0,63.7,73.0,0.0,69.2,6.0,0.0,74.0,131.0,0.0,65.1,112.0,0.0,62.3,92.0,0.0,58.6
7.3,443.0,0.0,64.4,89.0,0.0,70.2,6.0,0.0,73.8,135.0,0.0,65.7,117.0,0.0,62.5,96.0,0.0,58.8
7.5,394.0,0.0,64.3,97.0,0.0,69.3,12.0,0.0,73.6,100.0,0.0,65.8,89.0,0.0,62.8,96.0,0.0,58.2
8.0,344.0,0.0,64.8,109.0,0.0,69.7,11.0,0.0,73.5,64.0,0.0,66.2,56.0,0.0,63.0,104.0,0.0,58.8
8.2,434.0,0.0,64.4,114.0,0.0,69.6,8.0,0.0,74.3,110.0,0.0,65.7,94.0,0.0,62.8,108.0,0.0,58.4
8.3,320.0,0.0,64.7,132.0,0.0,69.3,14.0,0.0,74.1,25.0,0.0,67.9,25.0,0.0,65.1,124.0,0.0,57.9
8.5,438.0,0.0,64.4,135.0,0.0,69.5,14.0,0.0,74.0,84.0,0.0,66.0,76.0,0.0,63.0,129.0,0.0,57.8
9.0,346.0,0.0,64.7,152.0,0.0,68.9,11.0,0.0,74.0,29.0,0.0,67.6,29.0,0.0,64.8,125.0,0.0,58.0
9.2,425.0,0.0,64.4,153.0,0.0,69.3,14.0,0.0,74.0,83.0,0.0,65.8,28.0,0.0,65.0,147.0,0.0,57.5
9.3,437.0,0.0,64.3,174.0,0.0,68.1,27.0,0.0,73.6,38.0,0.0,67.8,38.0,0.0,65.0,160.0,0.0,57.6
9.5,481.0,0.0,62.9,196.0,0.0,66.5,20.0,0.0,73.9,42.0,0.0,66.7,42.0,0.0,64.0,181.0,0.0,56.6
10.0,462.0,0.0,63.0,198.0,0.0,66.8,18.0,0.0,73.8,36.0,0.0,66.9,37.0,0.0,64.1,173.0,0.0,56.4
10.2,538.0,0.0,62.4,204.0,0.0,66.1,25.0,0.0,74.1,46.0,0.0,66.6,47.0,0.0,63.8,216.0,0.1,56.3
10.3,548.0,0.0,62.7,213.0,0.0,65.2,28.0,0.0,74.1,50.0,0.0,67.6,50.0,0.0,64.8,207.0,0.1,56.9
10.5,555.0,0.0,61.5,229.0,0.1,64.2,19.0,0.0,74.3,48.0,0.0,66.9,48.0,0.0,64.1,211.0,0.1,55.6
11.0,540.0,0.0,62.9,207.0,0.0,66.1,22.0,0.0,73.4,49.0,0.0,67.4,49.0,0.0,64.7,213.0,0.1,57.2
11.2,586.0,0.0,62.4,224.0,0.0,64.8,33.0,0.0,73.2,49.0,0.0,67.3,49.0,0.0,64.5,231.0,0.1,57.0
11.3,608.0,0.0,61.0,235.0,0.1,64.2,22.0,0.0,74.0,54.0,0.0,66.4,54.0,0.0,63.7,243.0,0.1,55.0
11.5,584.0,0.0,61.9,229.0,0.0,65.3,27.0,0.0,74.0,53.0,0.0,66.6,53.0,0.0,63.9,222.0,0.1,55.4
12.0,620.0,0.0,61.8,243.0,0.1,64.4,24.0,0.0,74.0,59.0,0.0,67.2,59.0,0.0,64.4,235.0,0.1,55.9
12.2,585.0,0.0,62.1,218.0,0.0,64.5,28.0,0.0,73.8,62.0,0.0,67.0,62.0,0.0,64.2,215.0,0.1,56.1
12.3,595.0,0.0,60.9,228.0,0.1,63.2,29.0,0.0,73.7,55.0,0.0,66.4,55.0,0.0,63.6,228.0,0.1,55.0
12.5,576.0,0.0,60.7,221.0,0.0,63.3,21.0,0.0,73.6,52.0,0.0,66.4,52.0,0.0,63.6,230.0,0.1,55.1
13.0,658.0,0.0,61.7,248.0,0.1,63.4,25.0,0.0,74.2,73.0,0.0,67.2,73.0,0.0,64.4,239.0,0.1,56.1
13.2,630.0,0.0,61.8,237.0,0.1,64.2,34.0,0.0,74.0,64.0,0.0,66.8,64.0,0.0,64.1,231.0,0.1,55.7
13.3,625.0,0.0,62.8,231.0,0.0,65.2,38.0,0.0,74.1,64.0,0.0,67.4,65.0,0.0,64.6,227.0,0.1,56.5
13.5,688.0,0.0,61.8,256.0,0.1,63.7,29.0,0.0,73.8,78.0,0.0,67.0,78.0,0.0,64.2,247.0,0.1,56.1
14.0,593.0,0.0,61.7,232.0,0.1,63.8,21.0,0.0,73.7,58.0,0.0,67.1,58.0,0.0,64.4,224.0,0.1,56.4
14.2,582.0,0.0,62.3,221.0,0.0,65.4,28.0,0.0,74.0,57.0,0.0,66.9,58.0,0.0,64.1,218.0,0.1,55.9
14.3,610.0,0.0,61.5,228.0,0.1,64.0,34.0,0.0,73.0,63.0,0.0,66.2,63.0,0.0,63.5,222.0,0.1,55.2
14.5,610.0,0.0,61.4,242.0,0.1,63.5,22.0,0.0,74.1,63.0,0.0,66.9,63.0,0.0,64.1,220.0,0.1,55.6
15.0,608.0,0.0,61.7,229.0,0.1,63.7,26.0,0.0,73.8,61.0,0.0,67.1,61.0,0.0,64.4,231.0,0.1,56.3
15.2,585.0,0.0,61.2,219.0,0.0,63.6,25.0,0.0,73.6,60.0,0.0,66.5,60.0,0.0,63.7,221.0,0.1,55.5
15.3,634.0,0.0,60.8,243.0,0.1,62.9,23.0,0.0,73.7,69.0,0.0,66.3,70.0,0.0,63.5,229.0,0.1,54.7
15.5,590.0,0.0,61.3,246.0,0.1,63.2,15.0,0.0,73.8,56.0,0.0,67.0,56.0,0.0,64.2,217.0,0.1,56.1
16.0,596.0,0.0,61.7,231.0,0.1,63.7,22.0,0.0,74.7,60.0,0.0,67.3,60.0,0.0,64.5,223.0,0.1,56.0
16.2,565.0,0.0,61.2,218.0,0.0,62.8,31.0,0.0,74.2,52.0,0.0,66.9,53.0,0.0,64.1,211.0,0.1,55.5
16.3,598.0,0.0,59.5,237.0,0.1,61.6,21.0,0.0,73.9,60.0,0.0,65.5,60.0,0.0,62.7,220.0,0.1,53.3
16.5,624.0,0.0,61.9,232.0,0.1,63.3,36.0,0.0,74.7,59.0,0.0,67.5,59.0,0.0,64.7,238.0,0.1,56.3
17.0,602.0,0.0,60.4,224.0,0.1,61.6,31.0,0.0,74.2,55.0,0.0,66.6,55.0,0.0,63.9,237.0,0.1,55.1
17.2,564.0,0.0,61.1,240.0,0.1,63.1,12.0,0.0,74.2,51.0,0.0,67.0,51.0,0.0,64.3,210.0,0.1,55.8
17.3,564.0,0.0,60.7,222.0,0.0,63.0,23.0,0.0,74.0,51.0,0.0,66.4,52.0,0.0,63.7,216.0,0.1,54.9
17.5,501.0,0.0,61.7,199.0,0.0,64.3,17.0,0.0,74.1,40.0,0.0,67.3,40.0,0.0,64.6,205.0,0.1,56.4
18.0,475.0,0.0,62.9,196.0,0.0,65.9,16.0,0.0,73.9,38.0,0.0,68.0,38.0,0.0,65.2,187.0,0.0,57.4
18.2,481.0,0.0,62.2,195.0,0.0,65.6,14.0,0.0,73.7,37.0,0.0,67.4,37.0,0.0,64.6,198.0,0.1,56.8
18.3,495.0,0.0,61.8,198.0,0.0,64.8,13.0,0.0,73.7,43.0,0.0,67.1,43.0,0.0,64.3,198.0,0.1,56.2
18.5,464.0,0.0,63.0,189.0,0.0,66.0,19.0,0.0,74.1,41.0,0.0,67.9,41.0,0.0,65.1,174.0,0.0,56.9
19.0,458.0,0.0,62.6,198.0,0.0,64.8,11.0,0.0,74.1,45.0,0.0,67.9,46.0,0.0,65.2,158.0,0.0,56.8
19.2,459.0,0.0,63.3,183.0,0.0,66.8,17.0,0.0,73.8,41.0,0.0,68.0,41.0,0.0,65.2,177.0,0.0,57.2
19.3,410.0,0.0,62.3,165.0,0.0,66.0,11.0,0.0,73.9,28.0,0.0,67.7,28.0,0.0,64.9,178.0,0.0,56.9
19.5,448.0,0.0,61.6,189.0,0.0,64.9,16.0,0.0,73.9,32.0,0.0,66.6,32.0,0.0,63.9,179.0,0.0,55.9
20.0,411.0,0.0,60.3,177.0,0.0,62.6,8.0,0.0,74.1,32.0,0.0,66.6,32.0,0.0,63.9,162.0,0.0,55.3
20.2,449.0,0.0,62.1,166.0,0.0,64.0,11.0,0.0,74.0,85.0,0.0,65.3,27.0,0.0,65.0,160.0,0.0,57.1
20.3,388.0,0.0,60.8,161.0,0.0,62.5,9.0,0.0,74.1,30.0,0.0,67.3,30.0,0.0,64.5,158.0,0.0,56.4
20.5,495.0,0.0,61.6,160.0,0.0,62.6,17.0,0.0,74.0,83.0,0.0,65.3,74.0,0.0,62.4,161.0,0.0,57.0
21.0,487.0,0.0,62.2,156.0,0.0,65.0,12.0,0.0,74.1,90.0,0.0,65.2,81.0,0.0,62.4,148.0,0.0,56.4
21.2,443.0,0.0,62.6,164.0,0.0,65.7,10.0,0.0,74.0,87.0,0.0,65.1,22.0,0.0,65.0,160.0,0.0,57.2
21.3,344.0,0.0,63.4,142.0,0.0,66.7,10.0,0.0,73.9,31.0,0.0,68.0,31.0,0.0,65.2,130.0,0.0,57.7
21.5,490.0,0.0,63.1,132.0,0.0,67.0,7.0,0.0,74.0,124.0,0.0,64.7,107.0,0.0,61.9,120.0,0.0,57.6
22.0,517.0,0.0,63.2,119.0,0.0,68.4,5.0,0.0,73.9,153.0,0.0,64.3,131.0,0.0,61.4,109.0,0.0,57.5
22.2,471.0,0.0,64.1,97.0,0.0,69.6,3.0,0.0,74.0,146.0,0.0,65.5,123.0,0.0,62.5,102.0,0.0,58.5
22.3,446.0,0.0,63.2,95.0,0.0,67.6,3.0,0.0,73.9,137.0,0.0,64.6,117.0,0.0,61.7,94.0,0.0,58.0
22.5,382.0,0.0,63.9,88.0,0.0,68.5,6.0,0.0,74.2,118.0,0.0,65.0,97.0,0.0,62.2,73.0,0.0,58.1
23.0,290.0,0.0,64.4,55.0,0.0,70.0,4.0,0.0,74.0,92.0,0.0,65.7,82.0,0.0,62.6,57.0,0.0,59.0
23.2,316.0,0.0,64.0,67.0,0.0,69.6,4.0,0.0,74.1,101.0,0.0,64.8,84.0,0.0,61.9,60.0,0.0,58.6
23.3,290.0,0.0,64.7,59.0,0.0,70.1,5.0,0.0,73.9,95.0,0.0,65.8,78.0,0.0,62.6,53.0,0.0,58.9
23.5,278.0,0.0,64.0,53.0,0.0,69.2,5.0,0.0,74.1,94.0,0.0,65.1,75.0,0.0,62.1,51.0,0.0,58.5
0.0,354.0,0.0,64.9,44.0,0.0,69.9,82.0,0.0,67.9,93.0,0.0,65.8,78.0,0.0,62.7,57.0,0.0,58.5
0.2,308.0,0.0,64.3,34.0,0.0,68.4,72.0,0.0,67.6,84.0,0.0,65.2,69.0,0.0,62.1,49.0,0.0,57.9
0.3,299.0,0.0,64.5,32.0,0.0,69.0,72.0,0.0,67.7,82.0,0.0,65.4,66.0,0.0,62.3,47.0,0.0,58.0
0.5,268.0,0.0,64.1,25.0,0.0,69.2,64.0,0.0,67.4,76.0,0.0,64.6,61.0,0.0,61.9,42.0,0.0,58.0
1.0,248.0,0.0,64.2,21.0,0.0,68.7,60.0,0.0,67.5,73.0,0.0,65.1,56.0,0.0,62.1,38.0,0.0,58.0
1.2,251.0,0.0,64.6,28.0,0.0,71.4,57.0,0.0,67.6,70.0,0.0,64.9,60.0,0.0,62.0,36.0,0.0,58.4
1.3,257.0,0.0,65.0,34.0,0.0,71.4,55.0,0.0,67.9,73.0,0.0,65.3,57.0,0.0,62.3,38.0,0.0,58.3
1.5,239.0,0.0,65.3,38.0,0.0,72.5,45.0,0.0,67.5,69.0,0.0,65.5,54.0,0.0,62.4,33.0,0.0,58.4
2.0,237.0,0.0,65.8,42.0,0.0,73.4,43.0,0.0,67.7,67.0,0.0,65.9,51.0,0.0,62.7,34.0,0.0,58.7
2.2,233.0,0.0,65.7,43.0,0.0,73.2,42.0,0.0,67.8,66.0,0.0,65.6,51.0,0.0,62.5,31.0,0.0,58.3
2.3,224.0,0.0,64.9,26.0,0.0,71.7,45.0,0.0,67.7,68.0,0.0,65.5,52.0,0.0,62.4,33.0,0.0,58.2
2.5,231.0,0.0,65.0,30.0,0.0,71.2,47.0,0.0,67.7,69.0,0.0,65.5,52.0,0.0,62.4,33.0,0.0,58.4
3.0,247.0,0.0,64.6,20.0,0.0,70.0,59.0,0.0,67.6,73.0,0.0,65.7,57.0,0.0,62.4,38.0,0.0,58.5
3.2,289.0,0.0,64.8,30.0,0.0,70.1,70.0,0.0,67.7,80.0,0.0,65.5,64.0,0.0,62.4,45.0,0.0,58.7
3.3,293.0,0.0,64.5,31.0,0.0,69.5,70.0,0.0,67.6,81.0,0.0,65.4,64.0,0.0,62.2,47.0,0.0,58.5
3.5,313.0,0.0,64.8,36.0,0.0,69.8,74.0,0.0,67.6,84.0,0.0,65.7,70.0,0.0,62.6,49.0,0.0,58.5
4.0,346.0,0.0,64.7,43.0,0.0,69.7,80.0,0.0,67.6,91.0,0.0,65.6,76.0,0.0,62.3,56.0,0.0,58.3
4.2,368.0,0.0,64.2,50.0,0.0,68.6,85.0,0.0,67.5,94.0,0.0,65.0,77.0,0.0,62.0,62.0,0.0,58.0
4.3,431.0,0.0,64.2,71.0,0.0,68.6,109.0,0.0,67.0,109.0,0.0,64.5,65.0,0.0,61.8,77.0,0.0,57.8
4.5,381.0,0.0,64.6,81.0,0.0,69.2,116.0,0.0,67.1,52.0,0.0,65.1,47.0,0.0,62.2,85.0,0.0,57.9
5.0,527.0,0.0,63.7,87.0,0.0,67.2,109.0,0.0,67.4,128.0,0.0,64.5,111.0,0.0,61.5,92.0,0.0,57.6
5.2,577.0,0.0,64.6,125.0,0.0,68.6,155.0,0.0,67.6,89.0,0.0,65.7,82.0,0.0,62.8,126.0,0.0,57.6
5.3,642.0,0.0,64.7,143.0,0.0,68.8,185.0,0.0,68.4,110.0,0.0,64.2,58.0,0.0,60.8,146.0,0.0,57.8
5.5,613.0,0.0,64.2,151.0,0.0,68.1,188.0,0.0,67.6,62.0,0.0,63.6,63.0,0.0,61.0,149.0,0.0,57.5
6.0,657.0,0.0,62.4,160.0,0.0,66.0,200.0,0.0,65.4,70.0,0.0,62.7,70.0,0.0,60.1,157.0,0.0,56.0
6.2,819.0,0.0,62.1,205.0,0.0,64.0,231.0,0.1,65.3,96.0,0.0,64.3,96.0,0.0,61.6,191.0,0.1,55.5
6.3,1021.0,0.1,62.1,252.0,0.1,64.0,278.0,0.1,65.3,131.0,0.0,64.3,131.0,0.0,61.6,229.0,0.1,55.2
6.5,1073.0,0.1,61.5,259.0,0.1,63.3,285.0,0.1,64.9,150.0,0.0,63.6,150.0,0.0,60.9,229.0,0.1,54.1
7.0,1033.0,0.1,59.6,258.0,0.1,61.7,279.0,0.1,63.0,130.0,0.0,60.3,130.0,0.0,57.7,236.0,0.1,54.0
7.2,1200.0,0.1,56.0,292.0,0.1,58.5,312.0,0.1,58.8,170.0,0.0,56.2,170.0,0.0,53.7,256.0,0.1,51.3
7.3,1215.0,0.1,54.9,290.0,0.1,56.6,332.0,0.1,57.9,164.0,0.0,55.6,164.0,0.0,53.1,265.0,0.1,50.1
7.5,1256.0,0.1,56.2,300.0,0.1,58.6,335.0,0.1,59.0,177.0,0.0,56.8,177.0,0.0,54.3,267.0,0.1,50.8
8.0,1150.0,0.1,54.4,279.0,0.1,56.5,309.0,0.1,58.1,151.0,0.0,52.0,151.0,0.0,49.6,260.0,0.1,52.0
8.2,1190.0,0.1,55.3,289.0,0.1,57.6,324.0,0.1,60.4,157.0,0.0,51.3,157.0,0.0,49.0,263.0,0.1,52.6
8.3,1096.0,0.1,56.9,262.0,0.1,59.5,308.0,0.1,62.1,141.0,0.0,53.1,141.0,0.0,50.7,244.0,0.1,53.3
8.5,1152.0,0.1,58.7,271.0,0.1,61.6,314.0,0.1,63.5,160.0,0.0,56.0,160.0,0.0,53.6,247.0,0.1,54.4
9.0,952.0,0.1,57.2,224.0,0.1,59.6,280.0,0.1,60.4,111.0,0.0,58.2,112.0,0.0,55.7,225.0,0.1,51.1
9.2,1047.0,0.1,53.8,250.0,0.1,55.4,275.0,0.1,56.9,147.0,0.0,54.6,147.0,0.0,52.2,228.0,0.1,48.5
9.3,847.0,0.0,55.2,207.0,0.1,56.9,239.0,0.1,58.2,104.0,0.0,56.1,104.0,0.0,53.6,193.0,0.1,50.0
9.5,1002.0,0.1,55.1,240.0,0.1,57.0,283.0,0.1,58.2,126.0,0.0,56.0,126.0,0.0,53.6,227.0,0.1,49.7
10.0,982.0,0.1,57.0,229.0,0.1,59.1,289.0,0.1,60.3,117.0,0.0,58.5,117.0,0.0,56.0,230.0,0.1,50.6
10.2,987.0,0.1,56.1,241.0,0.1,58.3,278.0,0.1,59.2,121.0,0.0,57.2,121.0,0.0,54.7,226.0,0.1,49.9
10.3,934.0,0.1,53.6,238.0,0.1,56.1,263.0,0.1,56.5,104.0,0.0,52.7,104.0,0.0,50.4,225.0,0.1,49.4
10.5,899.0,0.0,55.4,220.0,0.1,58.0,262.0,0.1,58.4,102.0,0.0,54.1,103.0,0.0,51.8,212.0,0.1,51.2
11.0,925.0,0.1,53.5,229.0,0.1,55.9,259.0,0.1,56.2,112.0,0.0,53.6,112.0,0.0,51.2,213.0,0.1,48.9
11.2,1026.0,0.1,52.0,250.0,0.1,53.9,302.0,0.1,54.9,114.0,0.0,52.1,114.0,0.0,49.7,246.0,0.1,47.2
11.3,998.0,0.1,53.5,242.0,0.1,55.6,295.0,0.1,56.7,111.0,0.0,54.0,111.0,0.0,51.7,239.0,0.1,48.2
11.5,918.0,0.1,51.9,225.0,0.1,54.2,263.0,0.1,54.9,108.0,0.0,50.6,108.0,0.0,48.2,214.0,0.1,48.5
12.0,899.0,0.1,52.1,226.0,0.1,54.1,256.0,0.1,54.6,101.0,0.0,51.9,101.0,0.0,49.6,215.0,0.1,48.2
12.2,974.0,0.1,53.7,233.0,0.1,55.7,290.0,0.1,57.5,110.0,0.0,53.0,110.0,0.0,50.6,231.0,0.1,48.8
12.3,984.0,0.1,54.3,243.0,0.1,55.8,280.0,0.1,57.4,115.0,0.0,55.5,115.0,0.0,53.1,231.0,0.1,48.9
12.5,1002.0,0.1,54.4,234.0,0.1,56.2,306.0,0.1,57.5,111.0,0.0,55.2,111.0,0.0,52.8,240.0,0.1,49.0
13.0,956.0,0.1,53.7,232.0,0.1,56.1,276.0,0.1,56.7,113.0,0.0,53.2,113.0,0.0,50.8,222.0,0.1,49.2
13.2,916.0,0.0,56.8,227.0,0.1,59.8,280.0,0.1,59.9,89.0,0.0,56.2,90.0,0.0,53.8,230.0,0.1,51.3
13.3,978.0,0.1,56.9,239.0,0.1,59.0,273.0,0.1,60.6,122.0,0.0,57.3,122.0,0.0,54.8,222.0,0.1,50.8
13.5,1141.0,0.1,54.8,273.0,0.1,55.8,317.0,0.1,58.4,149.0,0.0,56.3,149.0,0.0,53.9,253.0,0.1,49.1
14.0,1141.0,0.1,53.8,278.0,0.1,55.5,311.0,0.1,57.1,148.0,0.0,54.7,149.0,0.0,52.3,255.0,0.1,48.2
14.2,1108.0,0.1,53.4,268.0,0.1,55.5,312.0,0.1,56.6,137.0,0.0,53.5,138.0,0.0,51.1,253.0,0.1,48.2
14.3,1210.0,0.1,53.3,289.0,0.1,55.6,338.0,0.1,56.8,155.0,0.0,53.1,156.0,0.0,50.7,272.0,0.1,48.2
14.5,1160.0,0.1,54.7,282.0,0.1,57.7,327.0,0.1,57.6,142.0,0.0,54.6,142.0,0.0,52.2,267.0,0.1,49.3
15.0,1064.0,0.1,55.3,247.0,0.1,57.5,309.0,0.1,58.5,133.0,0.0,56.0,133.0,0.0,53.6,242.0,0.1,49.7
15.2,1160.0,0.1,54.2,278.0,0.1,56.3,329.0,0.1,57.4,146.0,0.0,55.1,146.0,0.0,52.7,261.0,0.1,48.3
15.3,1344.0,0.1,53.3,314.0,0.1,54.6,363.0,0.1,57.1,190.0,0.1,54.9,191.0,0.0,52.5,286.0,0.1,46.8
15.5,1208.0,0.1,53.9,286.0,0.1,56.1,350.0,0.1,57.2,148.0,0.0,54.9,149.0,0.0,52.5,275.0,0.1,47.9
16.0,1140.0,0.1,53.7,270.0,0.1,55.9,330.0,0.1,56.8,140.0,0.0,54.5,140.0,0.0,52.1,260.0,0.1,47.8
16.2,1358.0,0.1,52.0,312.0,0.1,53.5,374.0,0.1,55.7,187.0,0.0,53.3,187.0,0.0,50.9,298.0,0.1,45.9
16.3,1299.0,0.1,54.1,310.0,0.1,55.4,357.0,0.1,58.0,173.0,0.0,55.7,173.0,0.0,53.3,286.0,0.1,47.6
16.5,1260.0,0.1,52.7,303.0,0.1,53.5,326.0,0.1,56.7,184.0,0.0,54.4,184.0,0.0,52.0,263.0,0.1,46.1
17.0,1314.0,0.1,52.3,306.0,0.1,53.6,353.0,0.1,55.9,188.0,0.0,53.5,190.0,0.0,51.1,277.0,0.1,46.3
17.2,1258.0,0.1,53.5,301.0,0.1,55.5,335.0,0.1,56.8,177.0,0.0,54.5,177.0,0.0,52.1,268.0,0.1,47.4
17.3,1263.0,0.1,53.7,296.0,0.1,56.6,331.0,0.1,56.4,187.0,0.0,54.0,188.0,0.0,51.6,261.0,0.1,48.4
17.5,1228.0,0.1,55.8,286.0,0.1,58.2,353.0,0.1,59.1,158.0,0.0,56.8,158.0,0.0,54.3,273.0,0.1,49.6
18.0,1095.0,0.1,57.2,259.0,0.1,58.9,323.0,0.1,60.9,129.0,0.0,58.9,129.0,0.0,56.3,255.0,0.1,50.3
18.2,1160.0,0.1,56.5,278.0,0.1,58.2,337.0,0.1,60.2,136.0,0.0,58.2,136.0,0.0,55.6,273.0,0.1,49.7
18.3,1045.0,0.1,57.7,255.0,0.1,60.1,321.0,0.1,61.1,104.0,0.0,59.2,104.0,0.0,56.7,261.0,0.1,51.1
18.5,1058.0,0.1,57.8,261.0,0.1,60.0,305.0,0.1,61.3,120.0,0.0,59.3,120.0,0.0,56.8,252.0,0.1,51.0
19.0,989.0,0.1,59.6,237.0,0.1,60.6,305.0,0.1,64.1,101.0,0.0,62.3,101.0,0.0,59.7,245.0,0.1,51.8
19.2,949.0,0.0,59.9,238.0,0.1,60.3,291.0,0.1,65.0,88.0,0.0,63.6,88.0,0.0,61.0,244.0,0.1,51.8
19.3,847.0,0.0,61.8,220.0,0.0,64.2,251.0,0.1,65.7,79.0,0.0,64.1,79.0,0.0,61.5,218.0,0.1,54.3
19.5,821.0,0.0,61.3,203.0,0.0,63.8,260.0,0.1,64.8,73.0,0.0,63.3,73.0,0.0,60.6,212.0,0.1,54.1
20.0,736.0,0.0,61.5,184.0,0.0,63.5,239.0,0.1,65.5,59.0,0.0,64.1,59.0,0.0,61.5,195.0,0.1,53.9
20.2,674.0,0.0,62.4,166.0,0.0,63.8,220.0,0.0,66.9,55.0,0.0,65.5,55.0,0.0,62.8,178.0,0.1,54.3
20.3,622.0,0.0,62.1,158.0,0.0,62.9,203.0,0.0,67.0,46.0,0.0,65.8,46.0,0.0,63.1,169.0,0.1,54.2
20.5,629.0,0.0,61.2,162.0,0.0,61.2,207.0,0.0,66.6,43.0,0.0,65.2,43.0,0.0,62.5,174.0,0.1,53.4
21.0,545.0,0.0,62.7,140.0,0.0,64.9,189.0,0.0,66.3,30.0,0.0,64.9,30.0,0.0,62.2,156.0,0.0,56.0
21.2,644.0,0.0,63.8,138.0,0.0,67.3,185.0,0.0,67.0,87.0,0.0,64.7,79.0,0.0,61.8,155.0,0.0,57.4
21.3,700.0,0.0,64.2,135.0,0.0,67.6,164.0,0.0,67.5,136.0,0.0,65.3,121.0,0.0,62.3,144.0,0.0,57.8
21.5,557.0,0.0,63.9,129.0,0.0,67.2,151.0,0.0,66.9,75.0,0.0,65.1,68.0,0.0,62.1,134.0,0.0,57.5
22.0,596.0,0.0,64.0,115.0,0.0,68.2,135.0,0.0,67.1,120.0,0.0,65.1,106.0,0.0,62.0,120.0,0.0,57.5
22.2,610.0,0.0,63.9,94.0,0.0,68.0,132.0,0.0,67.3,147.0,0.0,64.9,128.0,0.0,61.9,109.0,0.0,57.4
22.3,548.0,0.0,65.2,91.0,0.0,71.2,105.0,0.0,67.7,136.0,0.0,66.2,118.0,0.0,62.9,98.0,0.0,58.2
22.5,491.0,0.0,65.0,74.0,0.0,70.1,104.0,0.0,67.8,123.0,0.0,65.9,106.0,0.0,62.7,84.0,0.0,58.6
23.0,483.0,0.0,65.1,69.0,0.0,70.4,100.0,0.0,68.1,123.0,0.0,66.1,106.0,0.0,62.8,85.0,0.0,58.8
23.2,396.0,0.0,65.2,52.0,0.0,70.6,89.0,0.0,67.9,102.0,0.0,66.1,87.0,0.0,62.9,66.0,0.0,58.8
23.3,440.0,0.0,64.5,64.0,0.0,68.7,99.0,0.0,67.6,109.0,0.0,65.4,94.0,0.0,62.3,74.0,0.0,58.1
23.5,357.0,0.0,64.7,45.0,0.0,69.6,83.0,0.0,67.6,93.0,0.0,65.6,79.0,0.0,62.5,57.0,0.0,58.3
0.0,236.0,0.0,64.2,35.0,0.0,70.0,3.0,0.0,73.7,81.0,0.0,65.7,71.0,0.0,62.6,46.0,0.0,59.2
0.2,231.0,0.0,63.9,35.0,0.0,69.7,1.0,0.0,73.5,80.0,0.0,65.5,70.0,0.0,62.5,45.0,0.0,58.8
0.3,232.0,0.0,63.2,34.0,0.0,68.7,2.0,0.0,73.7,80.0,0.0,64.7,70.0,0.0,61.9,46.0,0.0,58.1
0.5,218.0,0.0,63.3,24.0,0.0,69.4,1.0,0.0,73.6,79.0,0.0,65.1,69.0,0.0,62.3,45.0,0.0,58.3
1.0,198.0,0.0,63.8,23.0,0.0,69.7,0.0,0.0,73.6,76.0,0.0,65.5,59.0,0.0,62.5,40.0,0.0,58.8
1.2,223.0,0.0,64.0,36.0,0.0,70.5,1.0,0.0,74.5,76.0,0.0,65.2,68.0,0.0,62.3,42.0,0.0,58.5
1.3,194.0,0.0,63.0,18.0,0.0,68.6,0.0,0.0,74.5,73.0,0.0,64.9,65.0,0.0,61.9,38.0,0.0,58.0
1.5,204.0,0.0,64.2,30.0,0.0,71.4,2.0,0.0,75.7,73.0,0.0,65.5,62.0,0.0,62.3,37.0,0.0,58.5
2.0,207.0,0.0,65.4,45.0,0.0,73.4,1.0,0.0,73.3,70.0,0.0,65.5,59.0,0.0,62.6,32.0,0.0,58.7
2.2,208.0,0.0,64.8,36.0,0.0,72.7,1.0,0.0,73.7,72.0,0.0,65.6,63.0,0.0,62.7,36.0,0.0,58.9
2.3,206.0,0.0,65.1,42.0,0.0,73.3,2.0,0.0,73.7,71.0,0.0,65.3,58.0,0.0,62.5,33.0,0.0,58.5
2.5,206.0,0.0,63.7,22.0,0.0,69.7,2.0,0.0,72.9,75.0,0.0,65.5,66.0,0.0,62.5,41.0,0.0,58.8
3.0,169.0,0.0,63.6,26.0,0.0,69.4,1.0,0.0,73.8,53.0,0.0,65.4,46.0,0.0,62.6,43.0,0.0,58.8
3.2,226.0,0.0,63.4,31.0,0.0,68.8,1.0,0.0,73.8,82.0,0.0,65.1,66.0,0.0,62.1,46.0,0.0,58.3
3.3,236.0,0.0,64.0,37.0,0.0,69.7,1.0,0.0,74.3,82.0,0.0,65.5,70.0,0.0,62.5,46.0,0.0,58.8
3.5,241.0,0.0,63.9,38.0,0.0,69.8,2.0,0.0,74.2,82.0,0.0,65.3,71.0,0.0,62.1,48.0,0.0,58.9
4.0,244.0,0.0,63.6,37.0,0.0,69.3,3.0,0.0,73.9,84.0,0.0,65.0,71.0,0.0,61.9,49.0,0.0,58.6
4.2,286.0,0.0,64.2,54.0,0.0,70.1,4.0,0.0,74.2,95.0,0.0,65.5,77.0,0.0,62.1,56.0,0.0,58.9
4.3,287.0,0.0,64.2,78.0,0.0,69.6,5.0,0.0,74.1,74.0,0.0,64.9,60.0,0.0,61.8,70.0,0.0,58.7
4.5,240.0,0.0,64.6,78.0,0.0,70.0,6.0,0.0,73.1,45.0,0.0,65.3,39.0,0.0,62.5,72.0,0.0,58.6
5.0,254.0,0.0,64.3,93.0,0.0,69.2,6.0,0.0,72.2,44.0,0.0,65.1,38.0,0.0,62.2,73.0,0.0,58.0
5.2,280.0,0.0,65.0,126.0,0.0,70.0,5.0,0.0,71.2,26.0,0.0,66.9,26.0,0.0,64.1,97.0,0.0,57.8
5.3,364.0,0.0,64.6,149.0,0.0,70.2,14.0,0.0,65.2,37.0,0.0,65.3,37.0,0.0,62.6,127.0,0.0,58.5
5.5,416.0,0.0,65.5,172.0,0.0,70.5,10.0,0.0,72.9,48.0,0.0,67.4,48.0,0.0,64.6,138.0,0.0,58.4
6.0,420.0,0.0,64.3,171.0,0.0,68.7,9.0,0.0,74.4,46.0,0.0,66.1,46.0,0.0,63.3,148.0,0.0,58.2
6.2,512.0,0.0,65.2,205.0,0.0,69.8,13.0,0.0,75.4,54.0,0.0,68.8,54.0,0.0,65.9,186.0,0.0,58.4
6.3,654.0,0.0,63.7,259.0,0.1,67.1,14.0,0.0,73.1,85.0,0.0,67.6,85.0,0.0,64.8,211.0,0.1,56.9
6.5,774.0,0.1,61.5,292.0,0.1,63.3,30.0,0.0,73.2,104.0,0.0,66.3,104.0,0.0,63.6,244.0,0.1,55.2
7.0,658.0,0.0,58.9,255.0,0.1,66.0,30.0,0.0,44.6,79.0,0.0,57.5,79.0,0.0,55.1,215.0,0.1,54.3
7.2,836.0,0.1,52.2,308.0,0.1,62.2,52.0,0.1,26.1,116.0,0.1,46.6,116.0,0.1,44.5,244.0,0.1,51.6
7.3,815.0,0.1,52.0,308.0,0.1,61.3,41.0,0.0,25.4,102.0,0.0,47.0,102.0,0.0,44.9,262.0,0.1,49.9
7.5,825.0,0.1,52.0,303.0,0.1,61.5,44.0,0.1,24.5,102.0,0.0,45.9,102.0,0.0,43.8,274.0,0.1,51.3
8.0,762.0,0.1,53.9,279.0,0.1,64.3,43.0,0.1,24.2,93.0,0.0,46.4,94.0,0.0,44.3,253.0,0.1,53.8
8.2,781.0,0.1,51.9,287.0,0.1,63.0,55.0,0.1,21.0,97.0,0.1,44.9,97.0,0.1,42.8,245.0,0.1,52.1
8.3,798.0,0.1,52.4,280.0,0.1,64.1,63.0,0.1,21.5,99.0,0.1,45.5,99.0,0.1,43.4,257.0,0.1,53.6
8.5,776.0,0.1,53.8,280.0,0.1,65.2,51.0,0.1,21.9,99.0,0.0,46.3,99.0,0.0,44.2,247.0,0.1,54.3
9.0,715.0,0.1,59.8,258.0,0.1,64.0,46.0,0.1,61.8,93.0,0.0,61.5,93.0,0.0,58.9,225.0,0.1,54.2
9.2,637.0,0.1,62.0,235.0,0.1,65.0,41.0,0.1,70.3,72.0,0.0,65.8,72.0,0.0,63.1,217.0,0.1,55.5
9.3,594.0,0.0,62.3,218.0,0.1,64.4,38.0,0.0,73.9,68.0,0.0,67.1,68.0,0.0,64.3,202.0,0.1,55.6
9.5,699.0,0.1,58.5,266.0,0.1,60.2,45.0,0.1,69.3,87.0,0.0,62.9,88.0,0.0,60.2,213.0,0.1,51.5
10.0,606.0,0.0,53.7,226.0,0.1,59.6,38.0,0.0,46.5,64.0,0.0,53.4,64.0,0.0,51.1,214.0,0.1,49.5
10.2,642.0,0.1,54.8,230.0,0.1,63.4,42.0,0.1,35.4,75.0,0.0,51.0,75.0,0.0,48.7,220.0,0.1,53.1
10.3,683.0,0.0,55.3,251.0,0.1,60.8,38.0,0.0,44.4,84.0,0.0,54.9,84.0,0.0,52.5,226.0,0.1,52.2
10.5,661.0,0.0,56.4,244.0,0.1,62.5,34.0,0.0,49.5,78.0,0.0,55.7,78.0,0.0,53.3,227.0,0.1,52.0
11.0,626.0,0.0,60.8,225.0,0.1,65.1,33.0,0.0,63.6,74.0,0.0,63.0,74.0,0.0,60.4,220.0,0.1,55.3
11.2,663.0,0.0,61.9,254.0,0.1,64.2,34.0,0.0,72.5,71.0,0.0,66.6,71.0,0.0,63.9,233.0,0.1,55.8
11.3,601.0,0.0,59.6,230.0,0.1,60.9,33.0,0.0,73.4,61.0,0.0,65.4,61.0,0.0,62.6,216.0,0.1,53.5
11.5,711.0,0.0,61.4,266.0,0.1,62.2,34.0,0.0,73.1,88.0,0.0,67.0,88.0,0.0,64.2,235.0,0.1,55.8
12.0,664.0,0.0,59.9,244.0,0.1,61.1,27.0,0.0,71.6,79.0,0.0,65.3,79.0,0.0,62.6,235.0,0.1,54.5
12.2,650.0,0.0,56.5,244.0,0.1,63.5,33.0,0.0,44.5,69.0,0.0,55.4,69.0,0.0,53.1,235.0,0.1,52.2
12.3,729.0,0.0,57.1,269.0,0.1,63.4,45.0,0.0,50.7,94.0,0.0,56.1,94.0,0.0,53.7,227.0,0.1,52.6
12.5,667.0,0.0,61.3,251.0,0.1,64.5,29.0,0.0,70.3,77.0,0.0,65.0,77.0,0.0,62.2,233.0,0.1,55.3
13.0,621.0,0.0,61.8,237.0,0.1,65.1,20.0,0.0,73.4,73.0,0.0,65.6,73.0,0.0,62.8,218.0,0.1,55.6
13.2,682.0,0.0,62.9,272.0,0.1,66.5,20.0,0.0,74.1,81.0,0.0,65.8,81.0,0.0,63.1,228.0,0.1,56.6
13.3,648.0,0.0,61.8,242.0,0.1,64.6,31.0,0.0,74.2,72.0,0.0,64.7,72.0,0.0,62.0,231.0,0.1,56.1
13.5,704.0,0.0,61.5,263.0,0.1,64.5,29.0,0.0,73.1,81.0,0.0,65.6,81.0,0.0,62.9,250.0,0.1,55.0
14.0,720.0,0.0,60.2,271.0,0.1,62.6,34.0,0.0,74.1,84.0,0.0,65.0,84.0,0.0,62.3,247.0,0.1,53.3
14.2,752.0,0.1,55.4,273.0,0.1,62.3,44.0,0.0,44.5,83.0,0.0,54.2,83.0,0.0,51.8,269.0,0.1,51.8
14.3,777.0,0.1,53.4,285.0,0.1,62.1,43.0,0.1,32.9,102.0,0.0,48.6,102.0,0.0,46.5,245.0,0.1,51.6
14.5,779.0,0.0,58.8,291.0,0.1,62.8,44.0,0.0,61.6,98.0,0.0,60.6,98.0,0.0,58.0,248.0,0.1,53.2
15.0,745.0,0.1,55.8,261.0,0.1,63.3,56.0,0.1,44.2,94.0,0.0,54.3,94.0,0.0,51.9,240.0,0.1,52.6
15.2,710.0,0.1,56.0,260.0,0.1,66.6,44.0,0.1,27.4,86.0,0.0,49.3,86.0,0.0,47.1,234.0,0.1,55.2
15.3,803.0,0.1,55.0,291.0,0.1,65.3,40.0,0.1,27.0,107.0,0.0,49.2,107.0,0.0,47.0,258.0,0.1,53.6
15.5,791.0,0.1,51.5,280.0,0.1,62.4,60.0,0.1,22.9,104.0,0.1,46.1,104.0,0.1,44.0,243.0,0.1,51.5
16.0,789.0,0.1,52.4,276.0,0.1,63.8,59.0,0.1,22.6,105.0,0.1,46.1,105.0,0.1,44.0,244.0,0.1,53.1
16.2,794.0,0.1,53.7,273.0,0.1,65.9,60.0,0.1,21.8,103.0,0.1,46.6,103.0,0.1,44.5,255.0,0.1,54.8
16.3,836.0,0.1,53.0,299.0,0.1,64.5,55.0,0.1,21.1,109.0,0.1,45.5,109.0,0.1,43.5,264.0,0.1,53.7
16.5,816.0,0.1,53.0,293.0,0.1,63.7,46.0,0.1,22.9,111.0,0.0,45.7,112.0,0.0,43.7,254.0,0.1,53.4
17.0,870.0,0.1,53.5,307.0,0.1,64.6,55.0,0.1,24.2,123.0,0.1,46.5,123.0,0.1,44.3,262.0,0.1,54.0
17.2,846.0,0.1,41.7,295.0,0.1,48.5,52.0,0.1,24.3,128.0,0.1,44.0,128.0,0.1,41.9,243.0,0.1,36.0
17.3,852.0,0.1,31.6,289.0,0.2,30.0,56.0,0.1,22.7,142.0,0.1,38.7,142.0,0.1,36.8,223.0,0.1,27.9
17.5,808.0,0.1,34.7,283.0,0.1,38.2,39.0,0.0,23.9,128.0,0.1,38.4,128.0,0.1,36.6,230.0,0.1,29.1
18.0,735.0,0.0,56.8,264.0,0.1,59.7,38.0,0.0,60.1,93.0,0.0,60.6,93.0,0.0,58.0,247.0,0.1,51.3
18.2,824.0,0.1,60.7,312.0,0.1,62.8,42.0,0.1,69.6,110.0,0.0,64.4,112.0,0.0,61.7,248.0,0.1,54.7
18.3,720.0,0.1,61.5,267.0,0.1,63.1,39.0,0.0,72.5,81.0,0.0,66.3,81.0,0.0,63.6,252.0,0.1,55.9
18.5,687.0,0.1,61.3,260.0,0.1,63.0,35.0,0.0,73.7,80.0,0.0,67.1,80.0,0.0,64.4,232.0,0.1,54.5
19.0,586.0,0.0,60.8,223.0,0.1,63.6,21.0,0.0,73.2,57.0,0.0,66.3,57.0,0.0,63.6,228.0,0.1,55.1
19.2,601.0,0.0,61.7,225.0,0.1,65.1,35.0,0.0,70.5,59.0,0.0,65.5,59.0,0.0,62.8,223.0,0.1,55.6
19.3,596.0,0.0,61.0,230.0,0.1,64.1,17.0,0.0,73.4,60.0,0.0,65.7,60.0,0.0,63.0,229.0,0.1,55.0
19.5,542.0,0.0,60.4,215.0,0.1,63.1,21.0,0.0,70.9,53.0,0.0,65.1,54.0,0.0,62.4,199.0,0.1,54.4
20.0,411.0,0.0,62.3,159.0,0.0,66.4,21.0,0.0,69.5,39.0,0.0,65.0,39.0,0.0,62.3,153.0,0.0,56.3
20.2,362.0,0.0,66.0,147.0,0.0,70.9,13.0,0.0,73.1,34.0,0.0,67.6,34.0,0.0,64.9,134.0,0.0,59.8
20.3,341.0,0.0,65.6,134.0,0.0,70.2,14.0,0.0,73.8,33.0,0.0,68.0,33.0,0.0,65.2,127.0,0.0,59.3
20.5,308.0,0.0,64.0,124.0,0.0,68.1,10.0,0.0,74.0,28.0,0.0,67.6,28.0,0.0,64.8,118.0,0.0,57.8
21.0,292.0,0.0,65.7,112.0,0.0,70.9,19.0,0.0,74.0,27.0,0.0,68.0,27.0,0.0,65.2,107.0,0.0,58.3
21.2,317.0,0.0,64.1,103.0,0.0,68.4,9.0,0.0,73.9,60.0,0.0,66.0,53.0,0.0,62.9,92.0,0.0,57.6
21.3,246.0,0.0,64.1,101.0,0.0,67.1,15.0,0.0,73.7,23.0,0.0,67.9,23.0,0.0,65.1,84.0,0.0,57.7
21.5,416.0,0.0,64.3,111.0,0.0,69.6,11.0,0.0,73.6,102.0,0.0,65.4,87.0,0.0,62.5,105.0,0.0,58.0
22.0,340.0,0.0,62.7,102.0,0.0,65.4,13.0,0.0,73.5,65.0,0.0,65.2,58.0,0.0,62.4,102.0,0.0,57.4
22.2,361.0,0.0,62.6,88.0,0.0,66.2,7.0,0.0,73.7,109.0,0.0,63.6,89.0,0.0,60.7,68.0,0.0,57.4
22.3,270.0,0.0,63.1,89.0,0.0,66.6,6.0,0.0,73.8,49.0,0.0,65.3,43.0,0.0,62.6,83.0,0.0,57.3
22.5,295.0,0.0,63.9,75.0,0.0,68.3,10.0,0.0,74.1,75.0,0.0,65.3,63.0,0.0,62.5,72.0,0.0,57.7
23.0,185.0,0.0,63.5,53.0,0.0,67.9,7.0,0.0,72.6,37.0,0.0,65.2,34.0,0.0,62.5,54.0,0.0,57.5
23.2,276.0,0.0,63.6,57.0,0.0,68.8,3.0,0.0,73.5,89.0,0.0,64.7,72.0,0.0,61.9,55.0,0.0,57.9
23.3,251.0,0.0,64.0,49.0,0.0,69.4,3.0,0.0,73.8,81.0,0.0,65.1,71.0,0.0,62.3,47.0,0.0,58.1
23.5,248.0,0.0,63.8,38.0,0.0,69.5,5.0,0.0,73.9,84.0,0.0,65.2,70.0,0.0,62.3,51.0,0.0,58.1
0.0,226.0,0.0,64.2,40.0,0.0,71.1,1.0,0.0,74.2,77.0,0.0,65.2,67.0,0.0,62.4,41.0,0.0,58.5
0.2,222.0,0.0,63.4,30.0,0.0,69.1,2.0,0.0,74.0,79.0,0.0,65.0,67.0,0.0,62.2,44.0,0.0,58.0
0.3,202.0,0.0,62.8,21.0,0.0,68.5,1.0,0.0,73.9,76.0,0.0,64.7,63.0,0.0,61.7,41.0,0.0,58.0
0.5,200.0,0.0,64.1,35.0,0.0,72.4,0.0,0.0,73.9,71.0,0.0,64.8,59.0,0.0,61.9,35.0,0.0,58.2
1.0,214.0,0.0,63.3,30.0,0.0,70.4,1.0,0.0,74.0,75.0,0.0,64.6,67.0,0.0,61.7,41.0,0.0,58.1
1.2,211.0,0.0,64.7,40.0,0.0,72.7,2.0,0.0,74.1,72.0,0.0,65.0,60.0,0.0,62.3,37.0,0.0,58.4
1.3,205.0,0.0,64.7,39.0,0.0,71.3,2.0,0.0,74.9,73.0,0.0,65.5,55.0,0.0,62.6,36.0,0.0,58.5
1.5,191.0,0.0,63.9,23.0,0.0,69.2,2.0,0.0,75.7,73.0,0.0,65.7,57.0,0.0,62.5,36.0,0.0,58.3
2.0,203.0,0.0,64.7,38.0,0.0,72.0,2.0,0.0,75.0,70.0,0.0,65.4,57.0,0.0,62.4,36.0,0.0,58.5
2.2,193.0,0.0,64.1,28.0,0.0,71.1,0.0,0.0,75.0,71.0,0.0,65.4,59.0,0.0,62.5,35.0,0.0,58.5
2.3,205.0,0.0,64.8,40.0,0.0,72.2,1.0,0.0,74.1,74.0,0.0,65.4,54.0,0.0,62.5,36.0,0.0,58.7
2.5,201.0,0.0,63.5,29.0,0.0,70.9,1.0,0.0,73.9,74.0,0.0,64.7,60.0,0.0,61.8,37.0,0.0,57.9
3.0,202.0,0.0,64.0,33.0,0.0,71.1,0.0,0.0,73.9,74.0,0.0,65.0,58.0,0.0,62.1,37.0,0.0,58.4
3.2,212.0,0.0,64.2,33.0,0.0,71.2,2.0,0.0,74.7,76.0,0.0,65.4,61.0,0.0,62.3,40.0,0.0,58.6
3.3,221.0,0.0,63.6,26.0,0.0,69.5,2.0,0.0,74.6,80.0,0.0,65.2,68.0,0.0,62.3,45.0,0.0,58.6
3.5,233.0,0.0,63.8,33.0,0.0,69.3,3.0,0.0,74.9,81.0,0.0,65.4,68.0,0.0,62.4,48.0,0.0,58.4
4.0,241.0,0.0,63.1,37.0,0.0,68.5,2.0,0.0,73.6,82.0,0.0,64.7,71.0,0.0,61.8,49.0,0.0,57.9
4.2,236.0,0.0,63.4,58.0,0.0,68.7,3.0,0.0,73.8,65.0,0.0,64.7,51.0,0.0,61.7,59.0,0.0,58.1
4.3,219.0,0.0,64.7,67.0,0.0,70.3,3.0,0.0,76.0,43.0,0.0,66.6,36.0,0.0,63.6,70.0,0.0,58.3
4.5,193.0,0.0,62.5,77.0,0.0,66.0,4.0,0.0,74.2,17.0,0.0,65.6,17.0,0.0,62.9,78.0,0.0,57.6
5.0,262.0,0.0,62.2,95.0,0.0,65.3,6.0,0.0,73.0,43.0,0.0,64.3,35.0,0.0,61.7,83.0,0.0,56.9
5.2,291.0,0.0,61.8,128.0,0.0,64.6,4.0,0.0,72.2,29.0,0.0,66.6,29.0,0.0,63.8,101.0,0.0,55.8
5.3,379.0,0.0,62.7,162.0,0.0,65.9,8.0,0.0,72.0,42.0,0.0,66.2,42.0,0.0,63.5,125.0,0.0,56.5
5.5,446.0,0.0,63.2,181.0,0.0,67.4,12.0,0.0,65.7,54.0,0.0,64.6,54.0,0.0,61.9,145.0,0.0,57.7
6.0,439.0,0.0,63.1,178.0,0.0,66.1,10.0,0.0,71.4,51.0,0.0,66.9,51.0,0.0,64.2,149.0,0.0,57.2
6.2,512.0,0.0,62.5,213.0,0.0,65.2,13.0,0.0,69.0,62.0,0.0,66.2,62.0,0.0,63.4,162.0,0.0,56.6
6.3,615.0,0.0,61.1,251.0,0.1,63.4,12.0,0.0,71.8,75.0,0.0,65.6,75.0,0.0,62.9,202.0,0.1,55.2
6.5,704.0,0.0,60.0,274.0,0.1,62.5,26.0,0.0,68.0,92.0,0.0,63.6,92.0,0.0,61.0,220.0,0.1,53.9
7.0,669.0,0.0,55.3,261.0,0.1,62.0,30.0,0.0,41.0,81.0,0.0,53.7,81.0,0.0,51.4,216.0,0.1,51.1
7.2,814.0,0.1,52.0,304.0,0.1,61.5,50.0,0.1,25.7,109.0,0.0,47.6,109.0,0.0,45.5,242.0,0.1,50.5
7.3,794.0,0.1,53.4,301.0,0.1,62.8,34.0,0.0,25.0,106.0,0.0,47.7,107.0,0.0,45.6,246.0,0.1,51.5
7.5,853.0,0.1,52.2,321.0,0.1,59.5,38.0,0.0,33.0,109.0,0.0,49.9,109.0,0.0,47.7,276.0,0.1,49.1
8.0,801.0,0.1,50.4,293.0,0.1,59.4,39.0,0.0,25.5,104.0,0.0,46.2,104.0,0.0,44.1,261.0,0.1,48.2
8.2,734.0,0.1,50.1,272.0,0.1,59.0,49.0,0.1,27.6,90.0,0.0,45.5,90.0,0.0,43.4,233.0,0.1,49.0
8.3,746.0,0.1,51.3,267.0,0.1,62.0,59.0,0.1,23.6,89.0,0.0,46.3,89.0,0.0,44.2,242.0,0.1,50.7
8.5,733.0,0.1,50.1,254.0,0.1,60.8,57.0,0.1,23.2,91.0,0.0,45.9,91.0,0.0,43.8,240.0,0.1,49.4
9.0,683.0,0.0,57.4,264.0,0.1,61.3,28.0,0.0,59.6,81.0,0.0,59.4,81.0,0.0,56.8,229.0,0.1,52.3
9.2,658.0,0.0,60.2,246.0,0.1,61.5,34.0,0.0,71.3,75.0,0.0,65.2,75.0,0.0,62.5,228.0,0.1,54.8
9.3,745.0,0.1,59.0,276.0,0.1,59.6,37.0,0.1,70.2,98.0,0.0,64.3,98.0,0.0,61.6,236.0,0.1,53.2
9.5,735.0,0.1,58.3,268.0,0.1,57.4,38.0,0.0,74.5,92.0,0.0,65.1,92.0,0.0,62.4,245.0,0.1,52.5
10.0,683.0,0.0,54.6,254.0,0.1,60.0,34.0,0.0,46.7,75.0,0.0,57.2,75.0,0.0,54.8,245.0,0.1,49.3
10.2,680.0,0.1,53.1,250.0,0.1,62.0,37.0,0.0,31.8,75.0,0.0,51.2,76.0,0.0,49.0,242.0,0.1,49.0
10.3,570.0,0.0,55.6,216.0,0.1,62.9,35.0,0.0,45.8,64.0,0.0,55.7,64.0,0.0,53.3,191.0,0.1,49.9
10.5,622.0,0.0,58.0,239.0,0.1,62.8,24.0,0.0,54.8,67.0,0.0,59.8,67.0,0.0,57.3,225.0,0.1,52.9
11.0,610.0,0.0,60.4,228.0,0.1,62.1,32.0,0.0,68.1,62.0,0.0,65.0,62.0,0.0,62.2,226.0,0.1,56.0
11.2,665.0,0.1,54.7,244.0,0.1,61.8,41.0,0.0,41.5,80.0,0.0,54.1,80.0,0.0,51.8,220.0,0.1,50.5
11.3,580.0,0.0,58.1,225.0,0.1,61.0,23.0,0.0,61.8,62.0,0.0,61.5,62.0,0.0,58.9,208.0,0.1,53.1
11.5,645.0,0.1,54.5,244.0,0.1,61.2,35.0,0.0,42.2,73.0,0.0,53.0,73.0,0.0,50.8,220.0,0.1,50.9
12.0,615.0,0.0,55.2,223.0,0.1,62.7,33.0,0.0,41.0,72.0,0.0,53.0,73.0,0.0,50.7,214.0,0.1,51.7
12.2,729.0,0.0,55.9,275.0,0.1,61.3,37.0,0.0,49.9,85.0,0.0,56.8,85.0,0.0,54.3,247.0,0.1,51.1
12.3,671.0,0.0,58.6,250.0,0.1,60.4,33.0,0.0,72.8,79.0,0.0,63.8,79.0,0.0,61.2,230.0,0.1,51.9
12.5,647.0,0.0,61.1,239.0,0.1,63.6,35.0,0.0,73.1,73.0,0.0,65.8,74.0,0.0,63.1,226.0,0.1,54.5
13.0,685.0,0.0,59.7,257.0,0.1,61.6,29.0,0.0,73.3,82.0,0.0,65.1,83.0,0.0,62.4,234.0,0.1,53.0
13.2,651.0,0.0,61.0,241.0,0.1,63.4,35.0,0.0,73.7,72.0,0.0,65.4,72.0,0.0,62.7,231.0,0.1,54.6
13.3,697.0,0.0,58.6,245.0,0.1,63.1,47.0,0.0,63.0,83.0,0.0,59.8,83.0,0.0,57.3,239.0,0.1,53.2
13.5,735.0,0.0,57.5,264.0,0.1,61.3,47.0,0.0,57.9,95.0,0.0,60.1,95.0,0.0,57.6,234.0,0.1,52.0
14.0,794.0,0.0,59.4,300.0,0.1,60.1,47.0,0.0,72.2,101.0,0.0,64.5,101.0,0.0,61.8,245.0,0.1,53.0
14.2,828.0,0.0,60.7,305.0,0.1,60.3,43.0,0.0,74.3,110.0,0.0,66.7,110.0,0.0,63.9,260.0,0.1,55.0
14.3,871.0,0.1,60.5,316.0,0.1,59.4,55.0,0.0,74.5,115.0,0.0,66.6,116.0,0.0,63.9,269.0,0.1,54.8
14.5,779.0,0.0,59.7,291.0,0.1,62.2,37.0,0.0,63.3,102.0,0.0,63.9,102.0,0.0,61.2,247.0,0.1,54.0
15.0,755.0,0.1,60.1,271.0,0.1,61.9,51.0,0.1,65.7,96.0,0.0,63.9,96.0,0.0,61.3,241.0,0.1,55.0
15.2,698.0,0.1,59.7,255.0,0.1,61.5,41.0,0.1,68.2,78.0,0.0,64.0,78.0,0.0,61.3,246.0,0.1,54.6
15.3,839.0,0.1,60.7,300.0,0.1,61.7,62.0,0.1,70.3,116.0,0.1,65.5,116.0,0.1,62.7,245.0,0.1,53.9
15.5,822.0,0.1,61.8,291.0,0.1,62.2,62.0,0.1,71.9,110.0,0.1,66.5,111.0,0.1,63.8,248.0,0.1,55.7
16.0,860.0,0.1,60.7,308.0,0.1,61.0,61.0,0.1,73.7,118.0,0.1,65.8,119.0,0.1,63.0,254.0,0.1,53.9
16.2,869.0,0.1,59.0,316.0,0.1,60.6,44.0,0.1,69.6,114.0,0.0,63.6,115.0,0.0,60.9,280.0,0.1,53.0
16.3,868.0,0.1,58.3,310.0,0.1,59.1,57.0,0.1,71.8,119.0,0.1,63.2,120.0,0.1,60.6,262.0,0.1,51.1
16.5,905.0,0.1,56.9,329.0,0.1,56.9,49.0,0.1,74.2,128.0,0.1,63.1,128.0,0.1,60.4,271.0,0.1,49.0
17.0,774.0,0.1,58.8,290.0,0.1,61.3,42.0,0.1,67.5,103.0,0.0,62.2,104.0,0.0,59.6,235.0,0.1,52.3
17.2,817.0,0.1,60.3,295.0,0.1,62.7,54.0,0.1,69.9,115.0,0.1,63.6,115.0,0.1,60.9,238.0,0.1,53.2
17.3,763.0,0.1,60.9,273.0,0.1,62.6,43.0,0.1,72.4,99.0,0.0,65.5,100.0,0.0,62.8,248.0,0.1,54.5
17.5,806.0,0.1,61.5,290.0,0.1,61.2,36.0,0.0,78.2,115.0,0.0,67.9,115.0,0.0,65.1,250.0,0.1,54.8
18.0,680.0,0.0,63.1,249.0,0.1,64.4,41.0,0.1,76.3,85.0,0.0,68.4,85.0,0.0,65.5,220.0,0.1,56.3
18.2,724.0,0.0,61.7,273.0,0.1,62.2,32.0,0.0,74.5,85.0,0.0,67.7,86.0,0.0,64.9,248.0,0.1,56.3
18.3,721.0,0.1,62.1,263.0,0.1,62.5,43.0,0.1,73.0,86.0,0.0,67.3,86.0,0.0,64.6,243.0,0.1,57.0
18.5,721.0,0.0,59.4,275.0,0.1,59.4,23.0,0.0,72.6,83.0,0.0,65.9,83.0,0.0,63.2,257.0,0.1,54.8
19.0,662.0,0.0,59.4,252.0,0.1,61.6,25.0,0.0,63.3,65.0,0.0,64.2,65.0,0.0,61.5,255.0,0.1,55.1
19.2,614.0,0.0,61.1,239.0,0.1,63.1,25.0,0.0,69.5,66.0,0.0,65.5,66.0,0.0,62.8,218.0,0.1,56.0
19.3,600.0,0.0,62.0,233.0,0.1,64.0,17.0,0.0,72.1,61.0,0.0,67.1,61.0,0.0,64.3,228.0,0.1,57.1
19.5,459.0,0.0,63.1,181.0,0.0,65.1,25.0,0.0,73.5,48.0,0.0,67.5,48.0,0.0,64.7,157.0,0.0,57.1
20.0,295.0,0.0,64.1,116.0,0.0,67.7,17.0,0.0,74.2,30.0,0.0,67.7,30.0,0.0,64.9,102.0,0.0,57.2
20.2,268.0,0.0,64.6,103.0,0.0,67.0,23.0,0.0,74.1,28.0,0.0,68.0,28.0,0.0,65.2,86.0,0.0,57.7
20.3,250.0,0.0,64.5,87.0,0.0,66.3,30.0,0.0,73.6,26.0,0.0,68.1,26.0,0.0,65.3,81.0,0.0,57.9
20.5,297.0,0.0,63.2,102.0,0.0,65.8,18.0,0.0,73.7,51.0,0.0,65.4,45.0,0.0,62.6,81.0,0.0,56.8
21.0,268.0,0.0,64.6,84.0,0.0,67.2,24.0,0.0,74.3,50.0,0.0,65.9,44.0,0.0,63.2,66.0,0.0,57.8
21.2,295.0,0.0,63.8,80.0,0.0,66.7,16.0,0.0,74.3,71.0,0.0,65.2,59.0,0.0,62.3,69.0,0.0,57.9
21.3,327.0,0.0,62.5,77.0,0.0,65.3,16.0,0.0,74.4,92.0,0.0,63.5,80.0,0.0,60.6,62.0,0.0,57.2
21.5,260.0,0.0,63.7,96.0,0.0,66.9,12.0,0.0,73.9,32.0,0.0,67.4,32.0,0.0,64.6,88.0,0.0,57.1
22.0,253.0,0.0,63.3,59.0,0.0,67.4,9.0,0.0,73.9,65.0,0.0,64.8,56.0,0.0,61.9,64.0,0.0,57.6
22.2,293.0,0.0,63.7,73.0,0.0,67.8,8.0,0.0,73.7,85.0,0.0,64.6,74.0,0.0,61.7,53.0,0.0,57.8
22.3,263.0,0.0,63.7,54.0,0.0,68.3,6.0,0.0,73.9,82.0,0.0,64.7,73.0,0.0,61.9,48.0,0.0,57.9
22.5,275.0,0.0,63.5,55.0,0.0,68.0,7.0,0.0,74.2,86.0,0.0,64.8,73.0,0.0,61.9,54.0,0.0,57.9
23.0,262.0,0.0,63.4,39.0,0.0,68.7,10.0,0.0,73.7,84.0,0.0,64.7,76.0,0.0,61.9,53.0,0.0,57.9
23.2,245.0,0.0,62.9,33.0,0.0,68.0,5.0,0.0,73.8,82.0,0.0,64.4,73.0,0.0,61.5,52.0,0.0,57.9
23.3,235.0,0.0,63.6,29.0,0.0,69.4,5.0,0.0,74.0,81.0,0.0,65.2,73.0,0.0,62.4,47.0,0.0,58.1
23.5,224.0,0.0,63.6,28.0,0.0,69.7,2.0,0.0,74.2,80.0,0.0,65.4,69.0,0.0,62.4,45.0,0.0,58.1
0.0,230.0,0.0,63.9,33.0,0.0,69.9,1.0,0.0,74.0,80.0,0.0,65.6,70.0,0.0,62.6,46.0,0.0,58.4
0.2,215.0,0.0,63.9,32.0,0.0,71.4,0.0,0.0,74.0,75.0,0.0,65.2,67.0,0.0,62.4,41.0,0.0,58.1
0.3,206.0,0.0,62.9,21.0,0.0,69.0,0.0,0.0,74.0,75.0,0.0,64.9,68.0,0.0,62.0,42.0,0.0,58.0
0.5,207.0,0.0,64.2,31.0,0.0,71.5,2.0,0.0,73.9,75.0,0.0,65.5,62.0,0.0,62.3,37.0,0.0,58.0
1.0,204.0,0.0,64.0,27.0,0.0,71.5,4.0,0.0,74.0,74.0,0.0,65.2,60.0,0.0,62.2,39.0,0.0,58.2
1.2,197.0,0.0,64.5,37.0,0.0,72.4,1.0,0.0,74.0,73.0,0.0,65.1,51.0,0.0,62.3,35.0,0.0,58.1
1.3,206.0,0.0,64.6,40.0,0.0,72.2,0.0,0.0,74.0,72.0,0.0,65.3,57.0,0.0,62.5,37.0,0.0,58.4
1.5,191.0,0.0,65.0,39.0,0.0,73.4,1.0,0.0,74.2,68.0,0.0,65.5,47.0,0.0,62.5,36.0,0.0,58.1
2.0,183.0,0.0,64.6,36.0,0.0,73.1,0.0,0.0,74.2,67.0,0.0,65.2,44.0,0.0,62.2,36.0,0.0,58.0
2.2,183.0,0.0,64.1,30.0,0.0,71.1,1.0,0.0,72.7,71.0,0.0,65.6,42.0,0.0,62.3,39.0,0.0,57.9
2.3,178.0,0.0,64.2,31.0,0.0,72.0,1.0,0.0,73.5,67.0,0.0,65.2,42.0,0.0,61.9,37.0,0.0,57.9
2.5,181.0,0.0,64.6,36.0,0.0,73.1,0.0,0.0,73.5,66.0,0.0,65.3,43.0,0.0,61.9,36.0,0.0,57.9
3.0,185.0,0.0,64.1,31.0,0.0,72.1,2.0,0.0,73.5,67.0,0.0,65.0,49.0,0.0,61.8,36.0,0.0,57.9
3.2,184.0,0.0,64.4,37.0,0.0,73.0,0.0,0.0,73.3,66.0,0.0,64.8,45.0,0.0,62.0,36.0,0.0,58.0
3.3,215.0,0.0,64.5,40.0,0.0,71.0,3.0,0.0,73.6,77.0,0.0,65.6,50.0,0.0,62.6,45.0,0.0,58.2
3.5,218.0,0.0,64.0,42.0,0.0,69.7,0.0,0.0,73.6,77.0,0.0,65.5,53.0,0.0,62.5,46.0,0.0,58.0
4.0,205.0,0.0,62.9,22.0,0.0,68.7,3.0,0.0,73.6,75.0,0.0,64.5,66.0,0.0,61.7,39.0,0.0,57.8
4.2,237.0,0.0,62.3,35.0,0.0,64.8,2.0,0.0,73.7,82.0,0.0,64.3,70.0,0.0,61.3,48.0,0.0,57.8
4.3,256.0,0.0,62.5,47.0,0.0,65.4,2.0,0.0,74.0,85.0,0.0,64.5,71.0,0.0,61.6,51.0,0.0,57.6
4.5,281.0,0.0,62.5,63.0,0.0,63.1,1.0,0.0,75.6,89.0,0.0,65.5,71.0,0.0,62.1,57.0,0.0,57.4
5.0,403.0,0.0,61.8,92.0,0.0,64.3,4.0,0.0,73.5,124.0,0.0,63.3,103.0,0.0,60.6,80.0,0.0,57.5
5.2,350.0,0.0,63.2,120.0,0.0,67.7,1.0,0.0,73.4,66.0,0.0,64.9,59.0,0.0,62.4,104.0,0.0,57.2
5.3,403.0,0.0,64.3,164.0,0.0,68.6,9.0,0.0,73.8,44.0,0.0,67.5,44.0,0.0,64.7,142.0,0.0,57.8
5.5,383.0,0.0,63.5,161.0,0.0,66.8,6.0,0.0,73.2,42.0,0.0,67.3,42.0,0.0,64.5,132.0,0.0,57.4
6.0,368.0,0.0,64.0,160.0,0.0,66.4,6.0,0.0,75.1,40.0,0.0,69.7,40.0,0.0,66.8,122.0,0.0,57.6
6.2,516.0,0.0,62.4,212.0,0.1,64.6,11.0,0.0,72.5,60.0,0.0,67.3,60.0,0.0,64.6,173.0,0.1,56.7
6.3,637.0,0.0,59.5,250.0,0.1,59.1,22.0,0.0,72.1,79.0,0.0,65.6,81.0,0.0,62.9,205.0,0.1,54.9
6.5,676.0,0.0,57.4,270.0,0.1,57.9,25.0,0.0,70.0,88.0,0.0,62.6,88.0,0.0,59.9,205.0,0.1,52.0
7.0,633.0,0.1,51.2,238.0,0.1,57.7,40.0,0.1,36.7,75.0,0.0,48.2,75.0,0.0,46.0,205.0,0.1,49.5
7.2,616.0,0.0,53.1,227.0,0.1,61.1,27.0,0.0,29.7,79.0,0.0,48.2,80.0,0.0,46.1,203.0,0.1,52.2
7.3,770.0,0.1,47.0,286.0,0.1,54.3,40.0,0.1,24.0,103.0,0.0,43.1,103.0,0.0,41.0,238.0,0.1,46.4
7.5,874.0,0.1,45.6,320.0,0.1,51.3,30.0,0.0,30.1,134.0,0.0,46.4,134.0,0.0,44.3,256.0,0.1,40.4
8.0,776.0,0.1,49.6,298.0,0.1,49.6,23.0,0.0,55.9,107.0,0.0,54.8,107.0,0.0,52.4,241.0,0.1,45.3
8.2,804.0,0.1,54.8,293.0,0.1,52.8,44.0,0.1,69.9,103.0,0.0,62.0,104.0,0.0,59.4,260.0,0.1,50.0
8.3,735.0,0.1,60.2,262.0,0.1,58.4,59.0,0.1,74.9,91.0,0.0,66.6,92.0,0.0,63.8,231.0,0.1,54.5
8.5,743.0,0.1,60.3,273.0,0.1,61.0,53.0,0.1,71.0,94.0,0.0,64.9,94.0,0.0,62.2,229.0,0.1,54.5
9.0,624.0,0.1,58.5,227.0,0.1,58.7,42.0,0.1,76.1,69.0,0.0,65.0,69.0,0.0,62.3,217.0,0.1,51.6
9.2,640.0,0.1,58.3,244.0,0.1,59.1,37.0,0.0,73.9,75.0,0.0,64.3,75.0,0.0,61.5,209.0,0.1,51.4
9.3,656.0,0.1,57.0,247.0,0.1,57.3,40.0,0.1,73.0,80.0,0.0,63.1,80.0,0.0,60.4,209.0,0.1,50.1
9.5,656.0,0.1,56.1,250.0,0.1,56.4,32.0,0.0,73.9,77.0,0.0,62.8,77.0,0.0,60.1,220.0,0.1,49.6
10.0,674.0,0.1,53.8,252.0,0.1,60.6,44.0,0.1,40.3,80.0,0.0,52.4,80.0,0.0,50.1,218.0,0.1,50.7
10.2,654.0,0.0,53.8,247.0,0.1,61.2,39.0,0.0,35.5,77.0,0.0,51.6,77.0,0.0,49.3,214.0,0.1,51.0
10.3,620.0,0.0,52.4,232.0,0.1,57.8,40.0,0.0,41.3,67.0,0.0,52.6,67.0,0.0,50.3,214.0,0.1,49.2
10.5,645.0,0.1,51.6,244.0,0.1,57.8,37.0,0.0,36.9,68.0,0.0,49.9,68.0,0.0,47.7,228.0,0.1,48.9
11.0,636.0,0.0,53.0,240.0,0.1,59.0,39.0,0.0,42.4,64.0,0.0,52.4,64.0,0.0,50.1,229.0,0.1,49.6
11.2,643.0,0.0,57.5,238.0,0.1,59.0,35.0,0.0,68.9,69.0,0.0,62.8,69.0,0.0,60.2,232.0,0.1,52.0
11.3,636.0,0.0,54.7,249.0,0.1,57.4,32.0,0.0,58.9,66.0,0.0,57.7,66.0,0.0,55.1,223.0,0.1,49.8
11.5,617.0,0.0,59.6,234.0,0.1,61.1,28.0,0.0,70.8,60.0,0.0,65.0,60.0,0.0,62.3,235.0,0.1,54.6
12.0,694.0,0.0,54.8,252.0,0.1,57.8,40.0,0.0,58.1,87.0,0.0,58.3,87.0,0.0,55.7,228.0,0.1,49.2
12.2,618.0,0.0,53.4,236.0,0.1,57.3,29.0,0.0,51.5,78.0,0.0,56.8,78.0,0.0,54.3,197.0,0.1,47.3
12.3,674.0,0.0,54.8,253.0,0.1,57.4,44.0,0.0,59.9,79.0,0.0,58.7,79.0,0.0,56.1,219.0,0.1,48.9
12.5,635.0,0.0,59.6,240.0,0.1,60.7,34.0,0.0,72.0,71.0,0.0,64.9,72.0,0.0,62.1,218.0,0.1,54.0
13.0,654.0,0.0,58.8,241.0,0.1,60.0,34.0,0.0,74.2,72.0,0.0,65.1,72.0,0.0,62.4,235.0,0.1,52.4
13.2,685.0,0.0,58.2,252.0,0.1,60.0,38.0,0.0,63.3,85.0,0.0,63.0,85.0,0.0,60.4,225.0,0.1,52.5
13.3,684.0,0.1,53.9,252.0,0.1,61.6,47.0,0.1,38.8,73.0,0.0,52.9,73.0,0.0,50.5,239.0,0.1,50.2
13.5,722.0,0.1,53.0,276.0,0.1,59.7,35.0,0.0,36.7,89.0,0.0,51.1,89.0,0.0,48.8,233.0,0.1,49.8
14.0,743.0,0.0,55.7,281.0,0.1,56.4,32.0,0.0,64.5,92.0,0.0,61.2,92.0,0.0,58.6,246.0,0.1,50.5
14.2,741.0,0.0,59.0,275.0,0.1,59.0,39.0,0.0,72.3,87.0,0.0,65.1,87.0,0.0,62.4,253.0,0.1,53.8
14.3,764.0,0.0,59.7,287.0,0.1,60.6,41.0,0.0,73.9,96.0,0.0,65.2,97.0,0.0,62.5,243.0,0.1,52.9
14.5,517.0,0.0,62.2,177.0,0.0,65.0,44.0,0.0,71.8,62.0,0.0,64.2,62.0,0.0,61.5,172.0,0.1,56.3
15.0,530.0,0.0,57.1,176.0,0.0,65.8,46.0,0.1,42.3,78.0,0.0,53.8,78.0,0.0,51.5,152.0,0.1,56.2
15.2,402.0,0.0,53.2,127.0,0.0,67.5,47.0,0.1,24.0,58.0,0.0,46.9,58.0,0.0,44.8,112.0,0.0,57.0
15.3,427.0,0.0,52.6,138.0,0.0,66.7,49.0,0.1,22.9,61.0,0.0,47.1,61.0,0.0,45.0,118.0,0.0,55.1
15.5,817.0,0.1,41.9,279.0,0.1,48.8,48.0,0.1,23.0,128.0,0.1,40.8,129.0,0.1,38.9,233.0,0.1,39.8
16.0,992.0,0.1,39.4,357.0,0.1,45.2,44.0,0.1,22.3,152.0,0.1,40.9,153.0,0.1,39.0,286.0,0.1,34.2
16.2,1042.0,0.1,43.1,366.0,0.1,50.5,51.0,0.1,22.7,160.0,0.1,43.5,160.0,0.1,41.5,305.0,0.1,38.3
16.3,895.0,0.1,45.0,326.0,0.1,53.0,39.0,0.1,22.1,124.0,0.0,44.5,124.0,0.0,42.5,282.0,0.1,40.1
16.5,822.0,0.1,47.6,298.0,0.1,55.7,35.0,0.0,25.4,116.0,0.0,46.2,117.0,0.0,44.1,256.0,0.1,43.4
17.0,795.0,0.1,49.0,289.0,0.1,57.4,34.0,0.0,26.9,104.0,0.0,47.6,104.0,0.0,45.5,264.0,0.1,44.5
17.2,842.0,0.1,49.3,305.0,0.1,58.7,49.0,0.1,24.2,112.0,0.0,46.3,112.0,0.0,44.2,264.0,0.1,46.5
17.3,793.0,0.1,34.3,279.0,0.2,35.4,37.0,0.0,23.5,121.0,0.1,40.4,122.0,0.1,38.5,234.0,0.1,29.3
17.5,844.0,0.1,31.6,300.0,0.2,31.4,35.0,0.0,24.0,141.0,0.1,36.2,141.0,0.1,34.4,227.0,0.2,28.7
18.0,790.0,0.1,44.4,282.0,0.1,33.9,27.0,0.0,58.2,117.0,0.0,55.6,117.0,0.0,53.1,247.0,0.1,45.6
18.2,828.0,0.1,49.5,302.0,0.1,39.4,33.0,0.0,72.9,120.0,0.0,61.9,120.0,0.0,59.2,253.0,0.1,48.0
18.3,723.0,0.1,52.1,261.0,0.1,43.0,36.0,0.0,74.5,96.0,0.0,63.9,97.0,0.0,61.2,233.0,0.1,50.3
18.5,706.0,0.0,59.7,260.0,0.1,57.2,38.0,0.0,77.8,84.0,0.0,67.9,84.0,0.0,65.1,240.0,0.1,54.9
19.0,686.0,0.0,54.7,255.0,0.1,55.3,28.0,0.0,60.4,76.0,0.0,59.8,76.0,0.0,57.2,251.0,0.1,51.1
19.2,677.0,0.0,57.5,259.0,0.1,57.1,22.0,0.0,72.0,70.0,0.0,64.8,70.0,0.0,62.1,256.0,0.1,53.2
19.3,653.0,0.0,57.6,256.0,0.1,59.6,16.0,0.0,74.1,61.0,0.0,64.8,61.0,0.0,62.1,259.0,0.1,51.9
19.5,611.0,0.0,59.8,232.0,0.1,61.9,24.0,0.0,73.9,58.0,0.0,65.8,58.0,0.0,63.1,239.0,0.1,54.0
20.0,489.0,0.0,59.7,188.0,0.0,62.5,24.0,0.0,72.9,41.0,0.0,65.3,41.0,0.0,62.6,195.0,0.1,53.8
20.2,460.0,0.0,62.8,184.0,0.0,65.5,18.0,0.0,73.0,46.0,0.0,67.3,46.0,0.0,64.5,166.0,0.0,56.8
20.3,399.0,0.0,64.1,152.0,0.0,68.5,15.0,0.0,73.0,36.0,0.0,68.0,37.0,0.0,65.3,159.0,0.0,58.0
20.5,374.0,0.0,62.1,151.0,0.0,66.1,7.0,0.0,73.6,31.0,0.0,66.6,31.0,0.0,63.9,154.0,0.0,56.5
21.0,568.0,0.0,60.1,243.0,0.1,60.7,16.0,0.0,73.7,70.0,0.0,65.9,70.0,0.0,63.2,169.0,0.0,54.2
21.2,553.0,0.0,60.1,253.0,0.1,60.4,12.0,0.0,73.4,64.0,0.0,66.1,64.0,0.0,63.4,160.0,0.0,54.9
21.3,565.0,0.0,58.5,247.0,0.1,59.4,14.0,0.0,73.9,68.0,0.0,64.7,68.0,0.0,62.0,168.0,0.1,52.0
21.5,535.0,0.0,59.3,238.0,0.1,59.8,13.0,0.0,74.0,63.0,0.0,65.7,63.0,0.0,63.0,158.0,0.0,53.6
22.0,563.0,0.0,60.1,251.0,0.1,60.6,13.0,0.0,73.6,67.0,0.0,66.1,67.0,0.0,63.3,165.0,0.0,54.6
22.2,508.0,0.0,60.9,241.0,0.1,62.6,14.0,0.0,73.6,55.0,0.0,65.7,56.0,0.0,63.0,142.0,0.0,54.0
22.3,357.0,0.0,62.9,175.0,0.0,65.4,6.0,0.0,74.2,34.0,0.0,67.3,34.0,0.0,64.6,108.0,0.0,56.2
22.5,303.0,0.0,64.2,152.0,0.0,67.1,5.0,0.0,74.2,26.0,0.0,68.1,26.0,0.0,65.3,94.0,0.0,57.6
23.0,310.0,0.0,63.8,119.0,0.0,67.4,9.0,0.0,74.2,52.0,0.0,65.7,43.0,0.0,62.9,87.0,0.0,57.4
23.2,229.0,0.0,64.0,102.0,0.0,68.1,5.0,0.0,73.6,20.0,0.0,67.6,20.0,0.0,64.8,82.0,0.0,57.4
23.3,304.0,0.0,64.6,84.0,0.0,70.1,7.0,0.0,74.0,76.0,0.0,65.8,59.0,0.0,62.6,78.0,0.0,58.1
23.5,273.0,0.0,64.4,70.0,0.0,70.1,5.0,0.0,73.7,76.0,0.0,65.4,62.0,0.0,62.5,60.0,0.0,57.7
0.0,250.0,0.0,66.5,102.0,0.0,70.4,2.0,0.0,74.2,50.0,0.0,67.2,47.0,0.0,64.3,49.0,0.0,59.3
0.2,211.0,0.0,67.3,106.0,0.0,70.8,1.0,0.0,73.9,28.0,0.0,68.7,28.0,0.0,65.9,48.0,0.0,59.4
0.3,198.0,0.0,66.0,75.0,0.0,70.6,2.0,0.0,73.8,38.0,0.0,66.7,35.0,0.0,63.9,48.0,0.0,59.4
0.5,202.0,0.0,65.7,74.0,0.0,70.4,1.0,0.0,73.8,42.0,0.0,66.5,37.0,0.0,63.4,48.0,0.0,59.4
1.0,217.0,0.0,65.3,59.0,0.0,71.0,1.0,0.0,73.9,59.0,0.0,66.4,50.0,0.0,63.0,48.0,0.0,59.4
1.2,222.0,0.0,65.1,62.0,0.0,70.4,0.0,0.0,73.9,61.0,0.0,66.1,52.0,0.0,62.8,47.0,0.0,59.4
1.3,195.0,0.0,65.4,74.0,0.0,69.9,1.0,0.0,73.5,38.0,0.0,66.0,34.0,0.0,62.9,48.0,0.0,59.4
1.5,221.0,0.0,65.3,60.0,0.0,71.2,2.0,0.0,74.3,62.0,0.0,65.8,52.0,0.0,62.7,45.0,0.0,59.4
2.0,262.0,0.0,65.2,54.0,0.0,71.4,4.0,0.0,74.1,84.0,0.0,66.2,72.0,0.0,62.8,48.0,0.0,59.4
2.2,217.0,0.0,64.9,56.0,0.0,70.5,3.0,0.0,74.2,59.0,0.0,65.6,51.0,0.0,62.5,48.0,0.0,59.4
2.3,194.0,0.0,65.5,69.0,0.0,70.5,2.0,0.0,73.8,40.0,0.0,65.7,35.0,0.0,63.0,48.0,0.0,59.4
2.5,259.0,0.0,64.0,53.0,0.0,70.4,1.0,0.0,74.2,85.0,0.0,64.8,70.0,0.0,61.9,50.0,0.0,58.5
3.0,229.0,0.0,64.9,66.0,0.0,70.4,1.0,0.0,74.0,62.0,0.0,66.0,51.0,0.0,62.7,49.0,0.0,58.1
3.2,267.0,0.0,64.8,60.0,0.0,70.2,3.0,0.0,73.8,84.0,0.0,65.9,71.0,0.0,62.8,49.0,0.0,58.6
3.3,213.0,0.0,65.5,74.0,0.0,70.2,0.0,0.0,73.8,47.0,0.0,66.7,42.0,0.0,63.8,50.0,0.0,58.8
3.5,236.0,0.0,63.3,39.0,0.0,68.4,1.0,0.0,74.1,84.0,0.0,64.9,65.0,0.0,61.9,47.0,0.0,57.8
4.0,263.0,0.0,64.0,53.0,0.0,69.3,2.0,0.0,73.8,88.0,0.0,65.2,73.0,0.0,61.9,47.0,0.0,58.6
4.2,256.0,0.0,63.2,49.0,0.0,68.0,1.0,0.0,73.9,85.0,0.0,64.5,73.0,0.0,61.7,48.0,0.0,58.1
4.3,272.0,0.0,64.1,76.0,0.0,69.1,2.0,0.0,73.8,70.0,0.0,65.1,53.0,0.0,62.4,71.0,0.0,58.6
4.5,314.0,0.0,63.5,71.0,0.0,68.6,4.0,0.0,73.8,97.0,0.0,64.4,79.0,0.0,61.4,63.0,0.0,58.3
5.0,297.0,0.0,64.0,87.0,0.0,69.4,5.0,0.0,72.5,75.0,0.0,64.2,61.0,0.0,61.5,69.0,0.0,58.6
5.2,259.0,0.0,63.4,121.0,0.0,67.3,4.0,0.0,71.9,23.0,0.0,65.0,23.0,0.0,62.3,88.0,0.0,57.5
5.3,322.0,0.0,63.0,138.0,0.0,67.1,6.0,0.0,72.0,27.0,0.0,65.6,27.0,0.0,62.8,124.0,0.0,57.6
5.5,380.0,0.0,64.6,154.0,0.0,68.9,4.0,0.0,72.0,42.0,0.0,67.7,42.0,0.0,64.9,138.0,0.0,58.5
6.0,384.0,0.0,64.3,158.0,0.0,68.2,8.0,0.0,73.3,42.0,0.0,67.2,42.0,0.0,64.5,134.0,0.0,58.1
6.2,441.0,0.0,62.3,196.0,0.0,65.3,8.0,0.0,71.6,44.0,0.0,64.8,44.0,0.0,62.1,149.0,0.0,57.0
6.3,548.0,0.0,63.5,226.0,0.1,67.9,15.0,0.0,67.0,66.0,0.0,65.4,66.0,0.0,62.6,175.0,0.1,57.0
6.5,635.0,0.0,60.9,245.0,0.1,65.2,24.0,0.0,63.2,75.0,0.0,63.0,75.0,0.0,60.4,216.0,0.1,55.5
7.0,538.0,0.0,60.4,210.0,0.1,63.2,28.0,0.0,69.0,56.0,0.0,64.2,56.0,0.0,61.5,188.0,0.1,54.5
7.2,639.0,0.0,61.6,244.0,0.1,64.4,37.0,0.0,72.6,76.0,0.0,65.2,77.0,0.0,62.4,205.0,0.1,54.7
7.3,731.0,0.1,60.8,274.0,0.1,62.6,34.0,0.0,74.0,90.0,0.0,65.9,91.0,0.0,63.1,242.0,0.1,54.2
7.5,693.0,0.0,62.3,270.0,0.1,65.0,22.0,0.0,72.5,86.0,0.0,66.6,86.0,0.0,63.9,229.0,0.1,56.0
8.0,631.0,0.0,56.8,243.0,0.1,63.6,24.0,0.0,44.2,72.0,0.0,55.8,72.0,0.0,53.4,220.0,0.1,52.2
8.2,697.0,0.1,55.7,257.0,0.1,64.5,41.0,0.1,34.7,82.0,0.0,51.6,82.0,0.0,49.3,235.0,0.1,53.6
8.3,679.0,0.1,54.6,253.0,0.1,64.8,42.0,0.1,26.4,77.0,0.0,47.4,78.0,0.0,45.3,229.0,0.1,54.2
8.5,673.0,0.0,54.4,259.0,0.1,63.3,29.0,0.0,32.5,86.0,0.0,48.6,86.0,0.0,46.4,213.0,0.1,52.1
9.0,623.0,0.0,62.6,226.0,0.1,67.0,40.0,0.0,67.1,71.0,0.0,65.0,72.0,0.0,62.3,214.0,0.1,56.4
9.2,646.0,0.0,62.2,245.0,0.1,66.0,34.0,0.0,69.7,73.0,0.0,64.4,74.0,0.0,61.7,220.0,0.1,56.2
9.3,610.0,0.0,62.4,234.0,0.1,65.8,33.0,0.0,71.2,67.0,0.0,64.8,68.0,0.0,62.1,208.0,0.1,56.4
9.5,636.0,0.0,62.8,246.0,0.1,65.7,30.0,0.0,74.6,66.0,0.0,67.5,66.0,0.0,64.7,228.0,0.1,56.1
10.0,573.0,0.0,57.6,212.0,0.1,63.7,33.0,0.0,52.4,58.0,0.0,58.1,58.0,0.0,55.6,212.0,0.1,52.5
10.2,582.0,0.0,59.0,218.0,0.1,61.6,37.0,0.0,68.2,60.0,0.0,63.3,60.0,0.0,60.7,207.0,0.1,52.9
10.3,616.0,0.0,58.6,231.0,0.1,65.0,40.0,0.0,52.1,72.0,0.0,57.1,73.0,0.0,54.6,200.0,0.1,54.4
10.5,608.0,0.0,55.8,237.0,0.1,64.0,34.0,0.0,37.0,63.0,0.0,50.6,63.0,0.0,48.4,211.0,0.1,53.4
11.0,600.0,0.0,58.7,227.0,0.1,66.8,31.0,0.0,43.2,62.0,0.0,55.2,62.0,0.0,52.8,218.0,0.1,55.1
11.2,620.0,0.0,56.6,236.0,0.1,66.2,39.0,0.0,33.3,67.0,0.0,50.6,67.0,0.0,48.3,211.0,0.1,54.6
11.3,628.0,0.0,58.7,237.0,0.1,65.1,33.0,0.0,52.4,61.0,0.0,57.5,61.0,0.0,55.0,236.0,0.1,54.3
11.5,672.0,0.0,61.3,263.0,0.1,64.5,31.0,0.0,71.2,70.0,0.0,64.7,71.0,0.0,62.0,237.0,0.1,55.2
12.0,661.0,0.0,61.6,241.0,0.1,65.0,37.0,0.0,70.8,73.0,0.0,65.7,73.0,0.0,63.0,237.0,0.1,55.1
12.2,743.0,0.1,58.3,274.0,0.1,65.8,46.0,0.0,46.5,84.0,0.0,56.1,84.0,0.0,53.7,255.0,0.1,54.8
12.3,672.0,0.0,57.4,253.0,0.1,65.4,33.0,0.0,42.1,73.0,0.0,53.6,73.0,0.0,51.3,240.0,0.1,54.1
12.5,697.0,0.0,56.6,258.0,0.1,65.9,35.0,0.0,32.2,74.0,0.0,51.0,74.0,0.0,48.7,256.0,0.1,54.4
13.0,682.0,0.1,56.7,253.0,0.1,65.7,39.0,0.0,34.8,71.0,0.0,51.5,72.0,0.0,49.3,247.0,0.1,54.6
13.2,712.0,0.1,55.9,254.0,0.1,66.0,52.0,0.1,32.0,79.0,0.0,50.3,81.0,0.0,48.1,246.0,0.1,55.0
13.3,734.0,0.1,55.4,269.0,0.1,64.8,47.0,0.0,34.1,88.0,0.0,49.8,88.0,0.0,47.6,242.0,0.1,54.0
13.5,737.0,0.0,59.4,282.0,0.1,63.3,28.0,0.0,62.4,92.0,0.0,61.2,92.0,0.0,58.6,243.0,0.1,53.9
14.0,656.0,0.0,61.5,257.0,0.1,64.6,30.0,0.0,71.0,70.0,0.0,64.9,70.0,0.0,62.2,229.0,0.1,55.5
14.2,737.0,0.0,61.4,275.0,0.1,63.9,46.0,0.0,73.4,87.0,0.0,65.5,87.0,0.0,62.7,242.0,0.1,54.2
14.3,705.0,0.0,61.6,252.0,0.1,63.4,45.0,0.0,73.0,84.0,0.0,66.2,85.0,0.0,63.4,239.0,0.1,55.4
14.5,808.0,0.1,55.6,285.0,0.1,53.0,50.0,0.0,70.4,112.0,0.0,62.5,112.0,0.0,59.9,249.0,0.1,50.4
15.0,705.0,0.1,63.3,246.0,0.1,64.7,56.0,0.1,78.0,85.0,0.0,68.6,86.0,0.0,65.8,232.0,0.1,55.5
15.2,680.0,0.0,64.0,254.0,0.1,67.5,41.0,0.1,72.0,81.0,0.0,67.3,81.0,0.0,64.5,223.0,0.1,56.9
15.3,734.0,0.1,62.9,266.0,0.1,66.8,44.0,0.1,69.4,90.0,0.0,65.5,90.0,0.0,62.8,244.0,0.1,56.5
15.5,792.0,0.1,62.8,273.0,0.1,65.1,60.0,0.1,76.1,94.0,0.0,67.5,94.0,0.0,64.7,271.0,0.1,55.3
16.0,826.0,0.1,57.0,292.0,0.1,66.0,57.0,0.1,39.8,107.0,0.1,54.1,107.0,0.1,51.7,263.0,0.1,53.9
16.2,817.0,0.1,53.6,284.0,0.1,64.9,56.0,0.1,24.8,109.0,0.1,47.8,109.0,0.1,45.7,259.0,0.1,53.2
16.3,790.0,0.1,53.4,286.0,0.1,63.2,39.0,0.0,26.4,99.0,0.0,48.3,99.0,0.0,46.1,267.0,0.1,51.3
16.5,792.0,0.1,53.2,293.0,0.1,63.1,45.0,0.1,26.1,104.0,0.0,47.5,104.0,0.0,45.3,246.0,0.1,51.9
17.0,768.0,0.1,53.1,270.0,0.1,64.7,58.0,0.1,25.3,95.0,0.0,46.1,95.0,0.0,44.0,250.0,0.1,53.2
17.2,782.0,0.1,54.0,286.0,0.1,65.4,49.0,0.1,24.9,103.0,0.0,46.3,103.0,0.0,44.2,241.0,0.1,53.8
17.3,764.0,0.1,54.2,274.0,0.1,65.2,49.0,0.1,24.6,86.0,0.0,46.4,87.0,0.0,44.3,268.0,0.1,54.1
17.5,738.0,0.1,54.4,281.0,0.1,64.4,42.0,0.1,26.5,84.0,0.0,47.0,84.0,0.0,44.9,247.0,0.1,53.6
18.0,763.0,0.1,61.3,275.0,0.1,65.8,55.0,0.1,64.3,85.0,0.0,63.6,85.0,0.0,61.0,263.0,0.1,55.4
18.2,705.0,0.0,61.6,262.0,0.1,63.0,34.0,0.0,75.1,70.0,0.0,67.7,70.0,0.0,64.9,269.0,0.1,56.1
18.3,614.0,0.0,64.0,239.0,0.1,66.1,34.0,0.0,78.0,62.0,0.0,69.3,62.0,0.0,66.4,217.0,0.1,57.3
18.5,504.0,0.0,64.3,197.0,0.0,68.0,29.0,0.0,77.5,47.0,0.0,68.3,47.0,0.0,65.5,184.0,0.1,56.8
19.0,331.0,0.0,62.8,145.0,0.0,70.7,25.0,0.0,49.8,27.0,0.0,58.5,27.0,0.0,56.0,107.0,0.0,57.9
19.2,338.0,0.0,61.8,151.0,0.0,70.4,26.0,0.0,46.1,31.0,0.0,56.9,31.0,0.0,54.5,99.0,0.0,56.7
19.3,378.0,0.0,61.0,154.0,0.0,72.3,32.0,0.0,38.8,41.0,0.0,54.0,41.0,0.0,51.6,110.0,0.1,57.8
19.5,366.0,0.0,61.4,152.0,0.0,69.9,22.0,0.0,46.1,37.0,0.0,56.8,37.0,0.0,54.4,118.0,0.0,56.9
20.0,366.0,0.0,60.6,154.0,0.0,66.0,14.0,0.0,57.0,40.0,0.0,59.7,40.0,0.0,57.1,118.0,0.0,55.4
20.2,415.0,0.0,62.6,169.0,0.0,65.6,11.0,0.0,72.8,50.0,0.0,64.8,50.0,0.0,62.1,135.0,0.0,57.2
20.3,398.0,0.0,62.0,162.0,0.0,65.1,12.0,0.0,73.7,32.0,0.0,67.2,32.0,0.0,64.4,160.0,0.0,56.4
20.5,389.0,0.0,62.9,156.0,0.0,66.0,16.0,0.0,73.9,38.0,0.0,67.3,38.0,0.0,64.6,141.0,0.0,56.6
21.0,329.0,0.0,63.7,128.0,0.0,68.4,16.0,0.0,74.0,25.0,0.0,67.4,25.0,0.0,64.6,135.0,0.0,57.2
21.2,338.0,0.0,63.8,139.0,0.0,69.4,7.0,0.0,73.8,23.0,0.0,67.4,24.0,0.0,64.6,145.0,0.0,57.3
21.3,473.0,0.0,61.9,181.0,0.0,64.8,11.0,0.0,73.9,57.0,0.0,64.9,57.0,0.0,62.2,167.0,0.0,56.9
21.5,615.0,0.0,61.8,252.0,0.1,64.3,11.0,0.0,74.0,80.0,0.0,64.2,80.0,0.0,61.5,192.0,0.1,56.9
22.0,552.0,0.0,63.3,236.0,0.1,66.2,6.0,0.0,74.0,69.0,0.0,64.3,69.0,0.0,61.7,172.0,0.0,59.1
22.2,508.0,0.0,63.8,234.0,0.1,66.6,9.0,0.0,73.6,57.0,0.0,64.7,57.0,0.0,62.0,151.0,0.0,59.2
22.3,550.0,0.0,61.7,230.0,0.1,64.2,12.0,0.0,74.0,69.0,0.0,64.4,69.0,0.0,61.6,170.0,0.1,56.5
22.5,459.0,0.0,63.2,215.0,0.0,66.1,9.0,0.0,73.9,50.0,0.0,65.0,50.0,0.0,62.3,135.0,0.0,57.8
23.0,325.0,0.0,65.1,150.0,0.0,68.8,7.0,0.0,73.9,32.0,0.0,67.0,32.0,0.0,64.3,104.0,0.0,59.0
23.2,359.0,0.0,66.2,161.0,0.0,70.2,8.0,0.0,73.5,52.0,0.0,65.9,49.0,0.0,63.1,89.0,0.0,59.9
23.3,305.0,0.0,67.2,154.0,0.0,71.6,6.0,0.0,73.9,26.0,0.0,68.0,26.0,0.0,65.2,93.0,0.0,59.9
23.5,281.0,0.0,66.6,110.0,0.0,72.9,2.0,0.0,74.0,46.0,0.0,65.9,43.0,0.0,63.2,80.0,0.0,60.1
0.0,277.0,0.0,64.6,60.0,0.0,70.6,2.0,0.0,74.0,95.0,0.0,65.3,56.0,0.0,62.5,64.0,0.0,59.7
0.2,286.0,0.0,64.6,53.0,0.0,70.6,3.0,0.0,73.8,93.0,0.0,65.9,77.0,0.0,62.5,60.0,0.0,59.9
0.3,290.0,0.0,65.0,65.0,0.0,70.9,1.0,0.0,73.9,99.0,0.0,65.6,57.0,0.0,62.7,68.0,0.0,60.2
0.5,216.0,0.0,65.8,78.0,0.0,70.3,4.0,0.0,73.8,44.0,0.0,65.9,41.0,0.0,63.3,49.0,0.0,59.8
1.0,218.0,0.0,65.7,77.0,0.0,70.4,0.0,0.0,73.8,49.0,0.0,66.2,44.0,0.0,63.7,48.0,0.0,59.6
1.2,237.0,0.0,65.0,71.0,0.0,70.3,2.0,0.0,73.8,62.0,0.0,65.1,54.0,0.0,62.4,48.0,0.0,59.6
1.3,265.0,0.0,64.5,60.0,0.0,70.1,2.0,0.0,73.8,84.0,0.0,65.3,71.0,0.0,62.3,48.0,0.0,59.3
1.5,247.0,0.0,64.0,49.0,0.0,69.9,0.0,0.0,73.8,83.0,0.0,65.0,68.0,0.0,62.1,47.0,0.0,59.2
2.0,266.0,0.0,64.3,60.0,0.0,69.9,2.0,0.0,74.0,84.0,0.0,64.9,72.0,0.0,62.1,48.0,0.0,59.2
2.2,220.0,0.0,64.6,60.0,0.0,69.9,0.0,0.0,74.1,61.0,0.0,65.4,50.0,0.0,62.4,49.0,0.0,59.3
2.3,244.0,0.0,64.5,46.0,0.0,70.2,0.0,0.0,74.1,82.0,0.0,65.8,69.0,0.0,62.7,47.0,0.0,59.3
2.5,223.0,0.0,64.5,59.0,0.0,69.0,2.0,0.0,73.5,61.0,0.0,65.5,53.0,0.0,62.3,48.0,0.0,59.6
3.0,253.0,0.0,64.1,47.0,0.0,69.6,2.0,0.0,73.8,85.0,0.0,65.1,70.0,0.0,62.1,49.0,0.0,59.5
3.2,255.0,0.0,64.7,52.0,0.0,70.2,1.0,0.0,73.6,84.0,0.0,65.7,70.0,0.0,62.4,48.0,0.0,59.8
3.3,171.0,0.0,64.5,52.0,0.0,69.3,1.0,0.0,74.0,37.0,0.0,65.5,33.0,0.0,62.6,48.0,0.0,59.8
3.5,253.0,0.0,63.8,44.0,0.0,69.5,0.0,0.0,74.0,87.0,0.0,65.0,72.0,0.0,62.0,50.0,0.0,59.5
4.0,241.0,0.0,63.6,43.0,0.0,69.2,2.0,0.0,74.0,80.0,0.0,64.8,71.0,0.0,61.9,45.0,0.0,58.2
4.2,269.0,0.0,63.4,42.0,0.0,69.1,2.0,0.0,73.8,91.0,0.0,64.9,79.0,0.0,61.9,55.0,0.0,58.4
4.3,254.0,0.0,63.4,43.0,0.0,69.5,2.0,0.0,73.6,88.0,0.0,64.3,73.0,0.0,61.5,48.0,0.0,58.7
4.5,272.0,0.0,63.4,49.0,0.0,69.9,0.0,0.0,73.4,93.0,0.0,64.2,77.0,0.0,61.4,53.0,0.0,58.9
5.0,300.0,0.0,63.5,49.0,0.0,70.3,3.0,0.0,73.8,102.0,0.0,64.4,86.0,0.0,61.5,60.0,0.0,58.8
5.2,315.0,0.0,64.2,62.0,0.0,71.0,0.0,0.0,73.7,104.0,0.0,64.9,85.0,0.0,61.9,64.0,0.0,59.5
5.3,354.0,0.0,64.1,58.0,0.0,71.4,3.0,0.0,73.9,112.0,0.0,65.3,102.0,0.0,62.1,79.0,0.0,59.2
5.5,394.0,0.0,65.4,81.0,0.0,72.2,5.0,0.0,74.4,123.0,0.0,66.0,104.0,0.0,62.8,81.0,0.0,60.5
6.0,324.0,0.0,64.6,78.0,0.0,71.5,2.0,0.0,73.8,88.0,0.0,65.2,75.0,0.0,62.2,81.0,0.0,59.6
6.2,420.0,0.0,64.8,86.0,0.0,71.7,4.0,0.0,74.0,132.0,0.0,65.6,111.0,0.0,62.2,87.0,0.0,59.4
6.3,395.0,0.0,63.9,101.0,0.0,69.6,3.0,0.0,73.9,104.0,0.0,64.7,90.0,0.0,61.8,97.0,0.0,58.8
6.5,259.0,0.0,65.1,104.0,0.0,69.6,8.0,0.0,73.8,24.0,0.0,67.4,24.0,0.0,64.7,99.0,0.0,59.3
7.0,308.0,0.0,64.5,98.0,0.0,69.8,12.0,0.0,73.6,55.0,0.0,65.0,48.0,0.0,62.4,95.0,0.0,58.4
7.2,328.0,0.0,64.4,94.0,0.0,69.7,12.0,0.0,74.0,62.0,0.0,65.3,58.0,0.0,62.7,102.0,0.0,58.7
7.3,322.0,0.0,64.7,124.0,0.0,68.9,14.0,0.0,73.6,35.0,0.0,67.2,35.0,0.0,64.4,114.0,0.0,58.1
7.5,342.0,0.0,64.7,129.0,0.0,69.2,11.0,0.0,74.0,41.0,0.0,67.5,41.0,0.0,64.7,120.0,0.0,58.0
8.0,302.0,0.0,65.5,119.0,0.0,70.2,12.0,0.0,74.2,32.0,0.0,67.9,32.0,0.0,65.1,107.0,0.0,58.7
8.2,400.0,0.0,64.8,148.0,0.0,69.2,23.0,0.0,72.7,47.0,0.0,66.9,47.0,0.0,64.1,135.0,0.0,58.3
8.3,382.0,0.0,64.4,149.0,0.0,69.0,17.0,0.0,73.4,41.0,0.0,66.7,41.0,0.0,63.9,134.0,0.0,57.6
8.5,448.0,0.0,63.6,175.0,0.0,67.3,25.0,0.0,73.2,47.0,0.0,67.0,47.0,0.0,64.3,154.0,0.0,56.7
9.0,454.0,0.0,63.6,190.0,0.0,67.1,15.0,0.0,74.0,44.0,0.0,67.7,45.0,0.0,64.9,160.0,0.0,57.0
9.2,474.0,0.0,63.6,193.0,0.0,66.9,20.0,0.0,73.6,46.0,0.0,67.8,46.0,0.0,65.0,169.0,0.0,57.0
9.3,547.0,0.0,61.6,210.0,0.0,64.3,26.0,0.0,74.1,60.0,0.0,66.4,60.0,0.0,63.6,191.0,0.1,54.9
9.5,567.0,0.0,61.6,233.0,0.1,64.1,24.0,0.0,73.9,59.0,0.0,66.1,59.0,0.0,63.3,192.0,0.1,55.3
10.0,558.0,0.0,63.2,217.0,0.0,66.5,27.0,0.0,74.5,51.0,0.0,67.6,52.0,0.0,64.8,211.0,0.1,57.0
10.2,579.0,0.0,63.3,227.0,0.0,66.8,29.0,0.0,74.6,57.0,0.0,67.4,57.0,0.0,64.6,209.0,0.1,56.4
10.3,555.0,0.0,63.3,222.0,0.0,66.9,24.0,0.0,73.7,53.0,0.0,66.2,53.0,0.0,63.4,203.0,0.1,57.4
10.5,587.0,0.0,62.2,232.0,0.1,65.1,28.0,0.0,74.2,60.0,0.0,65.9,60.0,0.0,63.1,207.0,0.1,56.0
11.0,461.0,0.0,63.6,162.0,0.0,66.9,36.0,0.0,73.9,51.0,0.0,66.4,51.0,0.0,63.6,161.0,0.0,57.1
11.2,432.0,0.0,64.8,156.0,0.0,69.3,27.0,0.0,73.8,46.0,0.0,67.1,46.0,0.0,64.4,157.0,0.0,58.3
11.3,516.0,0.0,64.1,200.0,0.0,68.0,24.0,0.0,73.9,51.0,0.0,67.8,51.0,0.0,65.0,190.0,0.0,57.5
11.5,541.0,0.0,62.8,198.0,0.0,66.2,33.0,0.0,73.9,53.0,0.0,66.6,53.0,0.0,63.9,204.0,0.1,56.5
12.0,519.0,0.0,61.9,203.0,0.0,65.1,21.0,0.0,74.2,55.0,0.0,66.2,55.0,0.0,63.5,185.0,0.0,55.3
12.2,613.0,0.0,60.6,233.0,0.1,63.4,26.0,0.0,74.0,66.0,0.0,64.9,66.0,0.0,62.2,222.0,0.1,54.5
12.3,579.0,0.0,61.1,212.0,0.0,63.8,37.0,0.0,73.1,59.0,0.0,64.5,59.0,0.0,61.8,212.0,0.1,55.1
12.5,562.0,0.0,60.8,221.0,0.1,64.0,16.0,0.0,73.9,53.0,0.0,64.7,53.0,0.0,62.0,219.0,0.1,55.6
13.0,589.0,0.0,61.3,226.0,0.1,64.3,23.0,0.0,73.9,61.0,0.0,65.1,61.0,0.0,62.4,218.0,0.1,55.6
13.2,629.0,0.0,61.9,232.0,0.1,64.9,47.0,0.0,72.8,63.0,0.0,65.8,63.0,0.0,63.0,224.0,0.1,55.2
13.3,597.0,0.0,62.1,232.0,0.1,65.7,23.0,0.0,74.1,55.0,0.0,66.9,55.0,0.0,64.2,232.0,0.1,55.8
13.5,598.0,0.0,62.0,227.0,0.1,65.5,31.0,0.0,71.3,60.0,0.0,65.8,62.0,0.0,63.1,218.0,0.1,55.6
14.0,631.0,0.0,62.9,231.0,0.1,66.3,36.0,0.0,73.4,63.0,0.0,67.1,63.0,0.0,64.4,238.0,0.1,56.7
14.2,661.0,0.0,62.4,252.0,0.1,65.4,25.0,0.0,73.3,71.0,0.0,67.0,72.0,0.0,64.2,241.0,0.1,56.2
14.3,592.0,0.0,61.8,224.0,0.1,64.5,30.0,0.0,73.5,58.0,0.0,66.7,58.0,0.0,63.9,222.0,0.1,55.7
14.5,594.0,0.0,61.1,224.0,0.1,64.0,26.0,0.0,73.3,55.0,0.0,66.3,55.0,0.0,63.5,234.0,0.1,55.3
15.0,558.0,0.0,61.2,221.0,0.1,63.5,32.0,0.0,72.1,45.0,0.0,66.2,45.0,0.0,63.4,215.0,0.1,55.7
15.2,560.0,0.0,59.0,213.0,0.0,64.8,32.0,0.0,54.3,49.0,0.0,59.3,49.0,0.0,56.8,217.0,0.1,54.2
15.3,607.0,0.0,61.2,228.0,0.1,63.4,21.0,0.0,70.7,49.0,0.0,66.5,49.0,0.0,63.8,260.0,0.1,56.9
15.5,635.0,0.0,60.5,245.0,0.1,62.2,23.0,0.0,73.8,66.0,0.0,66.3,66.0,0.0,63.5,235.0,0.1,55.0
16.0,554.0,0.0,62.1,210.0,0.0,64.0,32.0,0.0,73.9,51.0,0.0,67.3,51.0,0.0,64.5,210.0,0.1,56.5
16.2,579.0,0.0,61.9,220.0,0.0,64.1,31.0,0.0,73.6,58.0,0.0,66.9,58.0,0.0,64.1,212.0,0.1,55.9
16.3,566.0,0.0,62.2,215.0,0.0,64.4,27.0,0.0,73.8,58.0,0.0,67.2,58.0,0.0,64.4,208.0,0.1,56.5
16.5,596.0,0.0,61.2,229.0,0.1,63.0,21.0,0.0,73.8,66.0,0.0,66.7,66.0,0.0,64.0,214.0,0.1,55.6
17.0,581.0,0.0,62.2,226.0,0.1,64.6,18.0,0.0,73.7,56.0,0.0,67.5,56.0,0.0,64.7,225.0,0.1,56.9
17.2,564.0,0.0,61.8,217.0,0.0,64.5,24.0,0.0,73.9,47.0,0.0,67.2,47.0,0.0,64.4,229.0,0.1,56.3
17.3,564.0,0.0,61.3,227.0,0.1,63.3,19.0,0.0,73.8,50.0,0.0,66.9,50.0,0.0,64.2,218.0,0.1,56.2
17.5,602.0,0.0,61.5,237.0,0.1,63.5,26.0,0.0,73.9,55.0,0.0,66.9,56.0,0.0,64.2,228.0,0.1,56.0
18.0,550.0,0.0,61.8,217.0,0.0,65.4,17.0,0.0,73.3,43.0,0.0,66.9,43.0,0.0,64.1,230.0,0.1,56.3
18.2,559.0,0.0,61.2,211.0,0.0,64.9,27.0,0.0,72.4,39.0,0.0,66.2,39.0,0.0,63.5,243.0,0.1,55.7
18.3,578.0,0.0,61.6,223.0,0.1,63.9,33.0,0.0,72.7,51.0,0.0,66.5,51.0,0.0,63.8,220.0,0.1,55.9
18.5,551.0,0.0,61.2,219.0,0.1,62.9,17.0,0.0,73.6,52.0,0.0,66.9,53.0,0.0,64.2,210.0,0.1,56.1
19.0,463.0,0.0,62.5,195.0,0.0,65.3,15.0,0.0,73.6,35.0,0.0,67.5,35.0,0.0,64.7,183.0,0.0,57.1
19.2,505.0,0.0,60.2,201.0,0.0,63.5,19.0,0.0,73.7,42.0,0.0,65.7,42.0,0.0,63.0,201.0,0.1,54.1
19.3,565.0,0.0,62.1,170.0,0.0,65.4,11.0,0.0,73.7,104.0,0.0,64.8,94.0,0.0,62.0,186.0,0.0,56.7
19.5,450.0,0.0,62.0,183.0,0.0,65.4,14.0,0.0,74.2,31.0,0.0,67.5,31.0,0.0,64.7,191.0,0.0,56.6
20.0,412.0,0.0,62.8,167.0,0.0,65.0,20.0,0.0,74.2,35.0,0.0,67.8,35.0,0.0,65.0,155.0,0.0,57.1
20.2,417.0,0.0,62.3,175.0,0.0,64.7,11.0,0.0,74.5,33.0,0.0,67.9,33.0,0.0,65.1,165.0,0.0,57.3
20.3,478.0,0.0,62.2,174.0,0.0,64.3,19.0,0.0,73.8,84.0,0.0,65.6,41.0,0.0,64.3,160.0,0.0,56.3
20.5,534.0,0.0,61.6,173.0,0.0,63.2,10.0,0.0,73.7,97.0,0.0,65.0,87.0,0.0,62.1,167.0,0.0,56.9
21.0,490.0,0.0,63.5,158.0,0.0,68.0,12.0,0.0,74.0,85.0,0.0,65.8,76.0,0.0,62.6,159.0,0.0,57.5
21.2,521.0,0.0,63.8,168.0,0.0,69.1,9.0,0.0,73.9,90.0,0.0,65.6,81.0,0.0,62.4,173.0,0.0,57.8
21.3,603.0,0.0,63.6,148.0,0.0,68.6,9.0,0.0,74.2,149.0,0.0,65.4,132.0,0.0,62.5,165.0,0.0,57.8
21.5,456.0,0.0,64.1,147.0,0.0,68.8,14.0,0.0,74.2,77.0,0.0,66.2,69.0,0.0,63.2,149.0,0.0,57.8
22.0,356.0,0.0,63.1,152.0,0.0,67.6,5.0,0.0,73.9,25.0,0.0,67.7,25.0,0.0,64.9,149.0,0.0,57.1
22.2,340.0,0.0,64.4,152.0,0.0,69.1,9.0,0.0,74.2,24.0,0.0,68.1,24.0,0.0,65.2,131.0,0.0,57.5
22.3,573.0,0.0,63.9,118.0,0.0,69.6,5.0,0.0,74.2,173.0,0.0,65.4,148.0,0.0,62.2,129.0,0.0,58.0
22.5,479.0,0.0,64.5,107.0,0.0,70.4,9.0,0.0,74.4,143.0,0.0,65.8,122.0,0.0,62.4,98.0,0.0,58.2
23.0,423.0,0.0,63.8,94.0,0.0,69.7,8.0,0.0,74.1,138.0,0.0,64.7,87.0,0.0,61.8,96.0,0.0,57.7
23.2,441.0,0.0,63.9,96.0,0.0,69.3,6.0,0.0,73.8,135.0,0.0,65.1,113.0,0.0,62.0,91.0,0.0,58.0
23.3,372.0,0.0,64.1,84.0,0.0,70.1,1.0,0.0,73.7,117.0,0.0,65.2,97.0,0.0,62.2,73.0,0.0,58.2
23.5,369.0,0.0,64.3,84.0,0.0,70.5,4.0,0.0,73.6,114.0,0.0,65.2,94.0,0.0,61.9,73.0,0.0,58.3
0.0,446.0,0.0,64.7,64.0,0.0,69.8,90.0,0.0,67.8,116.0,0.0,65.7,99.0,0.0,62.6,77.0,0.0,58.1
0.2,393.0,0.0,65.0,52.0,0.0,70.4,89.0,0.0,67.9,100.0,0.0,66.0,85.0,0.0,62.8,67.0,0.0,58.5
0.3,353.0,0.0,64.7,43.0,0.0,69.4,79.0,0.0,67.8,94.0,0.0,65.6,79.0,0.0,62.5,58.0,0.0,58.2
0.5,339.0,0.0,65.0,44.0,0.0,70.1,70.0,0.0,67.9,93.0,0.0,66.0,77.0,0.0,62.9,55.0,0.0,58.5
1.0,298.0,0.0,65.0,43.0,0.0,70.8,64.0,0.0,67.9,80.0,0.0,65.6,64.0,0.0,62.5,47.0,0.0,58.2
1.2,254.0,0.0,64.7,21.0,0.0,69.6,61.0,0.0,67.9,73.0,0.0,65.7,60.0,0.0,62.6,39.0,0.0,58.4
1.3,278.0,0.0,65.3,36.0,0.0,71.5,63.0,0.0,67.9,76.0,0.0,65.8,61.0,0.0,62.7,42.0,0.0,58.5
1.5,299.0,0.0,64.8,31.0,0.0,69.7,67.0,0.0,68.0,84.0,0.0,65.8,69.0,0.0,62.7,48.0,0.0,58.5
2.0,247.0,0.0,65.3,29.0,0.0,72.0,55.0,0.0,68.0,71.0,0.0,65.9,55.0,0.0,62.8,37.0,0.0,58.7
2.2,256.0,0.0,65.8,40.0,0.0,73.0,53.0,0.0,67.9,71.0,0.0,66.0,55.0,0.0,62.9,37.0,0.0,58.6
2.3,234.0,0.0,64.7,19.0,0.0,69.7,53.0,0.0,67.8,71.0,0.0,65.8,54.0,0.0,62.7,37.0,0.0,58.4
2.5,254.0,0.0,66.2,49.0,0.0,73.5,50.0,0.0,67.8,68.0,0.0,66.0,54.0,0.0,62.8,33.0,0.0,58.6
3.0,235.0,0.0,65.1,24.0,0.0,71.8,52.0,0.0,68.0,71.0,0.0,65.8,54.0,0.0,62.7,34.0,0.0,58.4
3.2,270.0,0.0,64.9,25.0,0.0,69.9,66.0,0.0,67.8,76.0,0.0,65.8,62.0,0.0,62.7,41.0,0.0,58.5
3.3,275.0,0.0,64.9,25.0,0.0,69.8,65.0,0.0,68.0,78.0,0.0,65.8,65.0,0.0,62.7,42.0,0.0,58.6
3.5,255.0,0.0,64.7,22.0,0.0,69.4,63.0,0.0,67.9,74.0,0.0,65.6,57.0,0.0,62.5,39.0,0.0,58.3
4.0,264.0,0.0,64.7,26.0,0.0,69.7,61.0,0.0,67.8,76.0,0.0,65.7,59.0,0.0,62.6,42.0,0.0,58.4
4.2,310.0,0.0,65.1,35.0,0.0,70.3,76.0,0.0,68.0,83.0,0.0,66.1,66.0,0.0,63.0,50.0,0.0,58.6
4.3,314.0,0.0,65.0,36.0,0.0,69.9,73.0,0.0,67.8,85.0,0.0,65.9,69.0,0.0,62.8,51.0,0.0,58.6
4.5,302.0,0.0,65.0,34.0,0.0,70.1,70.0,0.0,67.9,83.0,0.0,65.9,67.0,0.0,62.8,48.0,0.0,58.5
5.0,295.0,0.0,64.7,32.0,0.0,69.7,69.0,0.0,67.7,81.0,0.0,65.8,66.0,0.0,62.7,47.0,0.0,58.4
5.2,316.0,0.0,64.9,36.0,0.0,69.9,75.0,0.0,67.8,85.0,0.0,65.8,70.0,0.0,62.7,50.0,0.0,58.4
5.3,317.0,0.0,64.7,36.0,0.0,69.4,76.0,0.0,67.7,85.0,0.0,65.6,70.0,0.0,62.5,50.0,0.0,58.2
5.5,395.0,0.0,65.2,53.0,0.0,70.2,92.0,0.0,68.0,100.0,0.0,66.0,86.0,0.0,62.9,64.0,0.0,58.6
6.0,372.0,0.0,64.7,49.0,0.0,69.2,86.0,0.0,67.8,96.0,0.0,65.5,81.0,0.0,62.4,60.0,0.0,58.3
6.2,397.0,0.0,65.0,50.0,0.0,70.2,88.0,0.0,67.9,104.0,0.0,66.0,89.0,0.0,62.8,66.0,0.0,58.4
6.3,455.0,0.0,64.7,59.0,0.0,69.5,106.0,0.0,67.8,114.0,0.0,65.7,99.0,0.0,62.6,77.0,0.0,58.1
6.5,465.0,0.0,64.8,72.0,0.0,69.8,103.0,0.0,67.6,113.0,0.0,65.7,98.0,0.0,62.4,79.0,0.0,58.2
7.0,469.0,0.0,64.7,69.0,0.0,70.2,106.0,0.0,67.4,116.0,0.0,65.4,99.0,0.0,62.2,79.0,0.0,58.4
7.2,482.0,0.0,65.0,72.0,0.0,70.1,109.0,0.0,67.8,118.0,0.0,65.9,101.0,0.0,62.8,82.0,0.0,58.4
7.3,540.0,0.0,64.6,86.0,0.0,69.3,111.0,0.0,67.8,133.0,0.0,65.5,115.0,0.0,62.4,95.0,0.0,58.1
7.5,587.0,0.0,64.0,89.0,0.0,67.5,127.0,0.0,67.6,142.0,0.0,64.9,124.0,0.0,61.9,105.0,0.0,57.8
8.0,553.0,0.0,65.0,84.0,0.0,70.1,119.0,0.0,67.9,135.0,0.0,66.0,118.0,0.0,62.8,97.0,0.0,58.6
8.2,613.0,0.0,65.6,111.0,0.0,70.9,137.0,0.0,68.3,154.0,0.0,66.4,95.0,0.0,63.3,116.0,0.0,58.5
8.3,617.0,0.0,65.2,116.0,0.0,70.4,149.0,0.0,68.2,119.0,0.0,66.0,106.0,0.0,62.9,127.0,0.0,58.0
8.5,454.0,0.0,64.6,117.0,0.0,68.5,150.0,0.0,67.6,32.0,0.0,65.5,32.0,0.0,62.8,123.0,0.0,57.5
9.0,557.0,0.0,64.6,129.0,0.0,69.0,149.0,0.0,67.6,77.0,0.0,65.6,70.0,0.0,62.6,132.0,0.0,57.6
9.2,554.0,0.0,65.1,140.0,0.0,69.3,182.0,0.0,68.3,41.0,0.0,65.6,41.0,0.0,62.9,150.0,0.0,57.8
9.3,624.0,0.0,64.6,159.0,0.0,68.7,210.0,0.0,68.0,41.0,0.0,64.8,41.0,0.0,62.1,173.0,0.0,57.4
9.5,645.0,0.0,63.6,173.0,0.0,67.4,200.0,0.0,66.8,47.0,0.0,64.2,47.0,0.0,61.5,178.0,0.0,56.6
10.0,681.0,0.0,64.3,167.0,0.0,68.3,230.0,0.0,67.1,51.0,0.0,65.5,51.0,0.0,62.8,182.0,0.0,57.3
10.2,721.0,0.0,64.0,177.0,0.0,67.5,228.0,0.0,67.0,65.0,0.0,65.5,65.0,0.0,62.8,186.0,0.1,56.8
10.3,716.0,0.0,63.3,183.0,0.0,66.6,225.0,0.0,66.3,59.0,0.0,64.8,59.0,0.0,62.1,190.0,0.1,56.1
10.5,778.0,0.0,62.7,200.0,0.0,66.2,251.0,0.1,65.7,57.0,0.0,64.3,58.0,0.0,61.6,212.0,0.1,55.8
11.0,794.0,0.0,62.9,203.0,0.0,66.4,260.0,0.1,65.9,56.0,0.0,64.1,56.0,0.0,61.4,219.0,0.1,55.9
11.2,863.0,0.0,62.6,210.0,0.0,65.9,289.0,0.1,65.7,67.0,0.0,64.2,67.0,0.0,61.6,230.0,0.1,55.6
11.3,843.0,0.0,61.3,199.0,0.0,64.3,295.0,0.1,64.6,59.0,0.0,62.8,59.0,0.0,60.2,231.0,0.1,54.4
11.5,857.0,0.0,62.7,213.0,0.0,65.4,275.0,0.1,66.2,71.0,0.0,65.0,71.0,0.0,62.3,227.0,0.1,55.3
12.0,842.0,0.0,61.9,210.0,0.0,65.3,272.0,0.1,64.9,68.0,0.0,63.4,68.0,0.0,60.8,224.0,0.1,55.1
12.2,896.0,0.0,62.0,226.0,0.0,65.7,267.0,0.1,64.8,89.0,0.0,63.0,89.0,0.0,60.4,225.0,0.1,55.2
12.3,879.0,0.0,62.2,209.0,0.0,65.7,296.0,0.1,65.1,68.0,0.0,63.5,69.0,0.0,60.9,237.0,0.1,55.4
12.5,846.0,0.0,61.7,216.0,0.0,65.1,249.0,0.1,64.6,83.0,0.0,63.0,84.0,0.0,60.4,214.0,0.1,54.9
13.0,851.0,0.0,61.8,209.0,0.0,64.5,278.0,0.1,65.2,69.0,0.0,63.6,69.0,0.0,60.9,226.0,0.1,54.6
13.2,942.0,0.0,62.0,218.0,0.0,64.4,320.0,0.1,65.9,76.0,0.0,64.4,76.0,0.0,61.7,252.0,0.1,54.6
13.3,846.0,0.0,62.6,204.0,0.0,65.4,270.0,0.1,66.0,78.0,0.0,64.7,80.0,0.0,62.0,214.0,0.1,55.3
13.5,856.0,0.0,61.8,209.0,0.0,65.2,276.0,0.1,64.8,74.0,0.0,63.3,74.0,0.0,60.7,223.0,0.1,55.0
14.0,845.0,0.0,62.5,204.0,0.0,65.6,270.0,0.1,65.6,76.0,0.0,64.5,77.0,0.0,61.8,218.0,0.1,55.3
14.2,865.0,0.0,63.0,209.0,0.0,65.8,273.0,0.1,66.2,82.0,0.0,65.3,84.0,0.0,62.6,217.0,0.1,55.4
14.3,845.0,0.0,61.9,206.0,0.0,65.4,260.0,0.1,64.8,85.0,0.0,63.0,85.0,0.0,60.4,209.0,0.1,55.1
14.5,806.0,0.0,62.2,200.0,0.0,65.3,245.0,0.1,65.3,80.0,0.0,63.8,81.0,0.0,61.2,200.0,0.1,55.1
15.0,827.0,0.0,62.3,194.0,0.0,64.7,281.0,0.1,66.1,68.0,0.0,64.6,68.0,0.0,61.9,216.0,0.1,54.8
15.2,982.0,0.1,58.8,241.0,0.1,60.4,283.0,0.1,62.7,113.0,0.0,60.9,113.0,0.0,58.3,232.0,0.1,51.6
15.3,831.0,0.0,61.6,216.0,0.0,63.9,252.0,0.1,65.4,72.0,0.0,64.1,72.0,0.0,61.4,219.0,0.1,54.2
15.5,895.0,0.0,62.2,215.0,0.0,64.6,281.0,0.1,65.7,88.0,0.0,64.3,88.0,0.0,61.7,223.0,0.1,54.7
16.0,792.0,0.0,62.5,194.0,0.0,65.4,271.0,0.1,65.8,55.0,0.0,64.4,55.0,0.0,61.7,217.0,0.1,55.3
16.2,850.0,0.0,62.1,221.0,0.0,64.6,249.0,0.1,65.8,81.0,0.0,64.4,81.0,0.0,61.7,218.0,0.1,54.7
16.3,916.0,0.0,60.9,228.0,0.1,63.5,287.0,0.1,64.4,82.0,0.0,62.7,82.0,0.0,60.1,237.0,0.1,53.8
16.5,959.0,0.0,59.8,232.0,0.1,61.3,293.0,0.1,63.9,100.0,0.0,62.3,100.0,0.0,59.7,234.0,0.1,52.3
17.0,832.0,0.0,61.3,210.0,0.0,62.7,280.0,0.1,65.9,54.0,0.0,64.9,55.0,0.0,62.2,233.0,0.1,53.7
17.2,860.0,0.0,60.7,216.0,0.1,61.6,276.0,0.1,65.3,69.0,0.0,63.9,69.0,0.0,61.2,230.0,0.1,53.2
17.3,790.0,0.0,62.4,201.0,0.0,64.0,256.0,0.1,66.8,59.0,0.0,65.6,59.0,0.0,62.9,215.0,0.1,54.6
17.5,884.0,0.0,61.9,222.0,0.1,63.9,279.0,0.1,66.0,75.0,0.0,64.6,75.0,0.0,61.9,233.0,0.1,54.3
18.0,799.0,0.0,61.2,206.0,0.0,62.8,260.0,0.1,65.9,56.0,0.0,64.5,56.0,0.0,61.8,221.0,0.1,53.5
18.2,782.0,0.0,61.0,202.0,0.0,63.1,259.0,0.1,65.2,50.0,0.0,63.4,50.0,0.0,60.8,221.0,0.1,53.6
18.3,804.0,0.0,62.0,201.0,0.0,64.1,276.0,0.1,66.2,51.0,0.0,64.9,51.0,0.0,62.2,225.0,0.1,54.4
18.5,783.0,0.0,61.0,198.0,0.0,63.3,259.0,0.1,64.9,55.0,0.0,63.0,55.0,0.0,60.4,216.0,0.1,53.9
19.0,680.0,0.0,62.0,176.0,0.0,64.7,227.0,0.1,65.7,42.0,0.0,64.1,42.0,0.0,61.5,193.0,0.1,54.8
19.2,744.0,0.0,61.8,189.0,0.0,64.0,257.0,0.1,66.0,42.0,0.0,64.8,42.0,0.0,62.1,214.0,0.1,54.2
19.3,749.0,0.0,62.7,186.0,0.0,65.1,257.0,0.1,66.5,48.0,0.0,66.3,48.0,0.0,63.5,210.0,0.1,54.7
19.5,902.0,0.0,62.0,165.0,0.0,65.0,233.0,0.0,66.7,164.0,0.0,62.6,146.0,0.0,59.8,194.0,0.1,54.8
20.0,746.0,0.0,62.4,184.0,0.0,64.3,212.0,0.0,66.6,114.0,0.0,64.3,46.0,0.0,62.4,190.0,0.1,54.6
20.2,686.0,0.0,61.4,173.0,0.0,62.1,224.0,0.1,66.5,53.0,0.0,65.1,53.0,0.0,62.4,183.0,0.1,53.2
20.3,664.0,0.0,62.1,176.0,0.0,63.1,206.0,0.0,67.1,51.0,0.0,65.8,51.0,0.0,63.1,180.0,0.1,53.8
20.5,806.0,0.0,60.3,169.0,0.0,60.7,235.0,0.1,65.9,110.0,0.0,61.8,101.0,0.0,59.3,191.0,0.1,52.5
21.0,737.0,0.0,60.6,152.0,0.0,60.9,211.0,0.1,65.5,104.0,0.0,62.7,95.0,0.0,59.9,175.0,0.1,53.6
21.2,725.0,0.0,61.8,154.0,0.0,63.9,188.0,0.0,65.9,139.0,0.0,63.3,75.0,0.0,61.1,169.0,0.1,54.4
21.3,727.0,0.0,63.6,136.0,0.0,67.2,179.0,0.0,67.0,136.0,0.0,64.8,121.0,0.0,61.8,155.0,0.0,56.9
21.5,754.0,0.0,63.6,141.0,0.0,67.9,187.0,0.0,67.0,142.0,0.0,63.9,126.0,0.0,61.0,158.0,0.0,57.3
22.0,697.0,0.0,64.0,130.0,0.0,69.2,167.0,0.0,67.3,134.0,0.0,64.5,119.0,0.0,61.6,147.0,0.0,57.3
22.2,673.0,0.0,63.6,106.0,0.0,68.6,141.0,0.0,67.1,162.0,0.0,64.1,141.0,0.0,61.2,123.0,0.0,57.2
22.3,666.0,0.0,64.3,106.0,0.0,69.0,137.0,0.0,67.6,161.0,0.0,65.2,140.0,0.0,62.1,122.0,0.0,57.8
22.5,597.0,0.0,64.2,94.0,0.0,68.1,124.0,0.0,67.8,145.0,0.0,65.1,127.0,0.0,62.1,107.0,0.0,58.1
23.0,482.0,0.0,64.7,65.0,0.0,69.7,103.0,0.0,67.8,123.0,0.0,65.8,106.0,0.0,62.6,85.0,0.0,58.1
23.2,466.0,0.0,64.5,73.0,0.0,69.1,87.0,0.0,67.6,120.0,0.0,65.5,104.0,0.0,62.4,82.0,0.0,58.0
23.3,442.0,0.0,64.3,59.0,0.0,68.8,100.0,0.0,67.6,112.0,0.0,65.2,97.0,0.0,62.1,74.0,0.0,57.9
23.5,393.0,0.0,64.6,57.0,0.0,69.4,83.0,0.0,67.7,101.0,0.0,65.6,86.0,0.0,62.5,66.0,0.0,58.1
0.0,333.0,0.0,64.9,41.0,0.0,69.8,79.0,0.0,67.9,88.0,0.0,65.8,71.0,0.0,62.7,54.0,0.0,58.5
0.2,301.0,0.0,65.0,33.0,0.0,70.1,71.0,0.0,67.9,82.0,0.0,66.0,67.0,0.0,62.8,48.0,0.0,58.6
0.3,287.0,0.0,65.0,28.0,0.0,70.2,70.0,0.0,67.9,80.0,0.0,65.9,65.0,0.0,62.8,44.0,0.0,58.8
0.5,257.0,0.0,64.8,22.0,0.0,70.1,62.0,0.0,67.7,74.0,0.0,65.9,60.0,0.0,62.7,39.0,0.0,58.5
1.0,238.0,0.0,64.6,17.0,0.0,69.8,57.0,0.0,67.6,71.0,0.0,65.7,57.0,0.0,62.6,36.0,0.0,58.4
1.2,246.0,0.0,65.2,31.0,0.0,71.9,51.0,0.0,67.8,72.0,0.0,65.9,55.0,0.0,62.8,37.0,0.0,58.6
1.3,237.0,0.0,65.7,38.0,0.0,72.9,46.0,0.0,67.8,68.0,0.0,65.8,52.0,0.0,62.7,33.0,0.0,58.5
1.5,241.0,0.0,65.3,34.0,0.0,71.8,48.0,0.0,67.8,69.0,0.0,65.9,54.0,0.0,62.8,36.0,0.0,58.6
2.0,234.0,0.0,64.4,18.0,0.0,69.5,54.0,0.0,67.7,71.0,0.0,65.4,54.0,0.0,62.4,37.0,0.0,58.3
2.2,250.0,0.0,65.0,30.0,0.0,71.8,57.0,0.0,67.5,70.0,0.0,65.7,56.0,0.0,62.4,37.0,0.0,58.5
2.3,233.0,0.0,65.6,33.0,0.0,72.9,48.0,0.0,67.9,68.0,0.0,65.8,51.0,0.0,62.7,33.0,0.0,58.6
2.5,244.0,0.0,65.0,37.0,0.0,70.9,47.0,0.0,67.9,70.0,0.0,65.5,54.0,0.0,62.4,36.0,0.0,58.3
3.0,270.0,0.0,65.2,35.0,0.0,71.5,61.0,0.0,67.9,75.0,0.0,65.7,58.0,0.0,62.6,41.0,0.0,58.3
3.2,253.0,0.0,65.0,31.0,0.0,71.4,56.0,0.0,67.8,72.0,0.0,65.6,55.0,0.0,62.5,39.0,0.0,58.2
3.3,284.0,0.0,64.6,30.0,0.0,69.5,65.0,0.0,67.7,80.0,0.0,65.6,64.0,0.0,62.5,45.0,0.0,58.3
3.5,327.0,0.0,64.6,39.0,0.0,69.2,80.0,0.0,67.5,87.0,0.0,65.5,68.0,0.0,62.4,53.0,0.0,58.3
4.0,322.0,0.0,64.1,38.0,0.0,68.3,75.0,0.0,67.6,86.0,0.0,65.0,71.0,0.0,61.9,52.0,0.0,57.9
4.2,372.0,0.0,63.9,51.0,0.0,68.6,81.0,0.0,67.2,97.0,0.0,64.6,81.0,0.0,61.7,62.0,0.0,57.6
4.3,376.0,0.0,64.3,68.0,0.0,68.9,101.0,0.0,67.1,71.0,0.0,65.1,61.0,0.0,62.1,75.0,0.0,57.4
4.5,416.0,0.0,63.7,76.0,0.0,67.7,110.0,0.0,67.0,81.0,0.0,64.1,69.0,0.0,61.1,80.0,0.0,57.1
5.0,451.0,0.0,63.1,98.0,0.0,67.5,109.0,0.0,65.7,98.0,0.0,63.4,47.0,0.0,60.4,99.0,0.0,56.7
5.2,416.0,0.0,63.5,116.0,0.0,67.8,129.0,0.0,66.6,30.0,0.0,62.8,30.0,0.0,60.1,111.0,0.0,56.5
5.3,604.0,0.0,64.0,156.0,0.0,68.7,181.0,0.0,66.9,58.0,0.0,63.8,58.0,0.0,61.2,151.0,0.0,56.7
5.5,651.0,0.0,62.8,162.0,0.0,67.4,196.0,0.1,66.6,68.0,0.0,60.6,68.0,0.0,58.0,157.0,0.0,56.2
6.0,621.0,0.0,63.2,166.0,0.0,67.4,177.0,0.0,66.2,61.0,0.0,63.2,61.0,0.0,60.6,156.0,0.0,56.4
6.2,791.0,0.0,60.2,196.0,0.0,63.5,224.0,0.1,63.6,94.0,0.0,59.9,94.0,0.0,57.4,183.0,0.1,54.3
6.3,952.0,0.1,57.5,234.0,0.1,59.6,262.0,0.1,60.8,120.0,0.0,58.9,121.0,0.0,56.4,215.0,0.1,51.1
6.5,1105.0,0.1,60.7,274.0,0.1,62.6,287.0,0.1,64.2,151.0,0.0,63.1,151.0,0.0,60.4,242.0,0.1,53.1
7.0,1019.0,0.1,56.8,249.0,0.1,57.8,292.0,0.1,60.1,120.0,0.0,58.2,120.0,0.0,55.7,238.0,0.1,51.6
7.2,1084.0,0.1,57.4,265.0,0.1,58.7,306.0,0.1,60.6,132.0,0.0,58.8,132.0,0.0,56.3,249.0,0.1,51.7
7.3,1172.0,0.1,57.6,290.0,0.1,60.0,317.0,0.1,60.5,150.0,0.0,58.5,150.0,0.0,56.0,265.0,0.1,51.6
7.5,1242.0,0.1,56.2,294.0,0.1,58.7,350.0,0.1,59.0,161.0,0.0,56.9,161.0,0.0,54.4,276.0,0.1,50.4
8.0,1092.0,0.1,54.5,260.0,0.1,56.4,319.0,0.1,57.6,130.0,0.0,54.1,130.0,0.0,51.7,253.0,0.1,50.1
8.2,1104.0,0.1,55.5,270.0,0.1,57.9,317.0,0.1,59.8,128.0,0.0,52.4,128.0,0.0,50.1,261.0,0.1,51.8
8.3,1138.0,0.1,55.9,266.0,0.1,58.6,328.0,0.1,59.3,143.0,0.0,54.6,143.0,0.0,52.2,258.0,0.1,51.5
8.5,1054.0,0.1,55.5,252.0,0.1,57.9,298.0,0.1,60.0,131.0,0.0,52.3,132.0,0.0,50.0,241.0,0.1,52.0
9.0,1003.0,0.1,56.9,238.0,0.1,59.4,292.0,0.1,59.9,121.0,0.0,57.8,122.0,0.0,55.3,230.0,0.1,50.8
9.2,991.0,0.1,56.6,235.0,0.1,59.0,292.0,0.1,59.7,115.0,0.0,57.7,115.0,0.0,55.2,234.0,0.1,50.2
9.3,967.0,0.1,55.2,238.0,0.1,57.4,278.0,0.1,58.4,112.0,0.0,56.3,112.0,0.0,53.8,227.0,0.1,49.2
9.5,989.0,0.1,55.0,228.0,0.1,55.2,287.0,0.1,59.1,122.0,0.0,56.8,122.0,0.0,54.3,230.0,0.1,49.0
10.0,920.0,0.1,56.7,228.0,0.1,57.9,273.0,0.1,60.5,97.0,0.0,58.6,97.0,0.0,56.0,225.0,0.1,50.1
10.2,942.0,0.1,54.5,234.0,0.1,57.1,276.0,0.1,57.7,102.0,0.0,54.2,102.0,0.0,51.8,228.0,0.1,49.4
10.3,860.0,0.0,54.1,215.0,0.1,56.2,269.0,0.1,57.3,77.0,0.0,54.3,77.0,0.0,51.9,222.0,0.1,48.7
10.5,991.0,0.1,53.4,248.0,0.1,54.6,281.0,0.1,57.0,113.0,0.0,54.3,113.0,0.0,51.9,236.0,0.1,48.1
11.0,937.0,0.1,52.8,230.0,0.1,54.4,268.0,0.1,56.0,110.0,0.0,52.8,110.0,0.0,50.5,219.0,0.1,48.4
11.2,961.0,0.1,52.4,247.0,0.1,54.4,260.0,0.1,55.6,114.0,0.0,51.9,114.0,0.0,49.6,226.0,0.1,48.1
11.3,966.0,0.1,54.7,242.0,0.1,57.3,280.0,0.1,58.1,105.0,0.0,54.3,105.0,0.0,52.0,234.0,0.1,49.1
11.5,886.0,0.0,54.6,217.0,0.1,57.0,282.0,0.1,57.4,78.0,0.0,55.0,79.0,0.0,52.5,230.0,0.1,49.4
12.0,908.0,0.1,55.3,220.0,0.1,56.9,275.0,0.1,58.8,96.0,0.0,56.6,96.0,0.0,54.1,221.0,0.1,49.5
12.2,1052.0,0.1,54.6,251.0,0.1,56.9,303.0,0.1,57.8,129.0,0.0,54.8,129.0,0.0,52.4,240.0,0.1,49.2
12.3,999.0,0.1,55.2,240.0,0.1,57.5,298.0,0.1,58.6,111.0,0.0,55.6,111.0,0.0,53.2,239.0,0.1,49.4
12.5,949.0,0.1,55.1,235.0,0.1,57.7,272.0,0.1,57.9,109.0,0.0,55.1,109.0,0.0,52.7,224.0,0.1,50.0
13.0,1025.0,0.1,53.9,253.0,0.1,56.5,290.0,0.1,56.8,121.0,0.0,53.0,121.0,0.0,50.7,240.0,0.1,49.7
13.2,942.0,0.0,56.5,232.0,0.1,59.2,289.0,0.1,59.6,92.0,0.0,57.1,92.0,0.0,54.7,237.0,0.1,50.5
13.3,1047.0,0.1,53.4,247.0,0.1,56.0,291.0,0.1,56.3,137.0,0.0,53.6,137.0,0.0,51.3,235.0,0.1,48.2
13.5,1038.0,0.1,54.1,247.0,0.1,56.3,320.0,0.1,57.2,108.0,0.0,55.0,108.0,0.0,52.6,255.0,0.1,48.6
14.0,1031.0,0.1,54.7,248.0,0.1,57.2,312.0,0.1,57.4,111.0,0.0,55.1,111.0,0.0,52.7,249.0,0.1,49.3
14.2,1073.0,0.1,54.5,263.0,0.1,57.2,317.0,0.1,57.8,117.0,0.0,53.3,117.0,0.0,51.0,259.0,0.1,49.7
14.3,1233.0,0.1,53.8,295.0,0.1,56.5,334.0,0.1,56.9,168.0,0.0,53.7,169.0,0.0,51.3,267.0,0.1,48.5
14.5,1113.0,0.1,54.3,261.0,0.1,56.5,332.0,0.1,57.4,129.0,0.0,55.4,129.0,0.0,52.9,262.0,0.1,48.2
15.0,1097.0,0.1,52.9,261.0,0.1,54.5,339.0,0.1,56.5,114.0,0.0,54.2,115.0,0.0,51.8,268.0,0.1,46.8
15.2,1163.0,0.1,52.8,282.0,0.1,54.5,330.0,0.1,56.3,142.0,0.0,53.9,142.0,0.0,51.5,267.0,0.1,47.1
15.3,1241.0,0.1,51.7,292.0,0.1,53.2,348.0,0.1,55.3,164.0,0.0,52.7,164.0,0.0,50.3,273.0,0.1,45.8
15.5,1226.0,0.1,54.2,285.0,0.1,55.4,359.0,0.1,58.0,151.0,0.0,55.9,151.0,0.0,53.5,280.0,0.1,47.5
16.0,1184.0,0.1,55.7,284.0,0.1,57.7,324.0,0.1,59.2,156.0,0.0,56.8,156.0,0.0,54.4,264.0,0.1,49.3
16.2,1217.0,0.1,54.8,294.0,0.1,57.4,344.0,0.1,57.7,151.0,0.0,55.5,151.0,0.0,53.0,277.0,0.1,48.9
16.3,1257.0,0.1,55.8,297.0,0.1,57.5,347.0,0.1,59.3,170.0,0.0,57.2,170.0,0.0,54.7,273.0,0.1,49.2
16.5,1163.0,0.1,56.0,275.0,0.1,57.2,351.0,0.1,60.1,130.0,0.0,57.9,130.0,0.0,55.4,277.0,0.1,49.0
17.0,1105.0,0.1,54.7,257.0,0.1,56.2,323.0,0.1,58.3,137.0,0.0,56.1,137.0,0.0,53.6,251.0,0.1,48.1
17.2,1120.0,0.1,55.2,268.0,0.1,57.8,317.0,0.1,58.5,141.0,0.0,55.5,141.0,0.0,53.1,253.0,0.1,49.5
17.3,1287.0,0.1,53.6,303.0,0.1,55.4,350.0,0.1,57.1,178.0,0.0,54.9,178.0,0.0,52.5,278.0,0.1,47.4
17.5,1268.0,0.1,52.3,294.0,0.1,52.6,359.0,0.1,56.9,165.0,0.0,54.4,165.0,0.0,52.1,285.0,0.1,45.4
18.0,1099.0,0.1,54.6,265.0,0.1,55.9,320.0,0.1,58.4,129.0,0.0,56.4,129.0,0.0,53.9,256.0,0.1,47.9
18.2,1040.0,0.1,57.0,250.0,0.1,59.4,334.0,0.1,60.4,95.0,0.0,58.3,95.0,0.0,55.8,266.0,0.1,50.5
18.3,1092.0,0.1,57.0,265.0,0.1,59.1,323.0,0.1,60.5,122.0,0.0,58.4,122.0,0.0,55.8,260.0,0.1,50.4
18.5,980.0,0.1,58.7,228.0,0.1,60.0,315.0,0.1,62.8,97.0,0.0,61.0,97.0,0.0,58.4,243.0,0.1,51.2
19.0,1052.0,0.1,58.3,254.0,0.1,58.3,325.0,0.1,63.3,106.0,0.0,61.6,107.0,0.0,59.1,260.0,0.1,50.2
19.2,904.0,0.0,59.2,227.0,0.1,60.6,274.0,0.1,63.5,87.0,0.0,61.7,87.0,0.0,59.1,229.0,0.1,51.7
19.3,813.0,0.0,62.1,202.0,0.0,63.8,264.0,0.1,66.5,65.0,0.0,65.1,65.0,0.0,62.4,217.0,0.1,54.3
19.5,709.0,0.0,62.7,185.0,0.0,65.0,230.0,0.1,66.6,49.0,0.0,65.7,49.0,0.0,63.0,196.0,0.1,54.9
20.0,632.0,0.0,63.1,166.0,0.0,65.4,194.0,0.0,67.1,52.0,0.0,66.8,52.0,0.0,64.0,168.0,0.0,55.0
20.2,685.0,0.0,63.1,176.0,0.0,65.0,206.0,0.0,67.2,64.0,0.0,66.2,64.0,0.0,63.5,175.0,0.1,55.0
20.3,566.0,0.0,63.5,128.0,0.0,66.2,175.0,0.0,67.1,86.0,0.0,64.3,39.0,0.0,63.1,138.0,0.0,55.9
20.5,583.0,0.0,62.5,130.0,0.0,64.3,161.0,0.0,67.3,81.0,0.0,64.2,74.0,0.0,61.3,137.0,0.0,54.6
21.0,573.0,0.0,63.7,105.0,0.0,67.8,141.0,0.0,67.0,113.0,0.0,64.5,100.0,0.0,61.6,114.0,0.0,56.9
21.2,498.0,0.0,64.2,88.0,0.0,69.0,136.0,0.0,67.1,109.0,0.0,64.4,61.0,0.0,62.0,104.0,0.0,57.5
21.3,534.0,0.0,64.5,80.0,0.0,69.0,118.0,0.0,67.6,131.0,0.0,65.4,113.0,0.0,62.3,92.0,0.0,57.6
21.5,518.0,0.0,65.0,76.0,0.0,70.0,116.0,0.0,68.1,127.0,0.0,65.8,110.0,0.0,62.6,89.0,0.0,58.3
22.0,485.0,0.0,64.7,65.0,0.0,70.3,107.0,0.0,67.7,123.0,0.0,65.7,106.0,0.0,62.5,84.0,0.0,57.8
22.2,471.0,0.0,63.9,63.0,0.0,68.3,102.0,0.0,67.5,120.0,0.0,64.9,104.0,0.0,61.8,82.0,0.0,57.2
22.3,384.0,0.0,64.5,52.0,0.0,69.1,85.0,0.0,67.6,100.0,0.0,65.5,85.0,0.0,62.3,62.0,0.0,57.6
22.5,409.0,0.0,64.3,57.0,0.0,69.6,83.0,0.0,67.5,106.0,0.0,65.2,93.0,0.0,62.1,70.0,0.0,57.7
23.0,349.0,0.0,63.2,42.0,0.0,67.0,84.0,0.0,67.2,91.0,0.0,64.0,77.0,0.0,61.1,55.0,0.0,56.4
23.2,325.0,0.0,63.5,37.0,0.0,66.4,77.0,0.0,67.6,87.0,0.0,64.4,73.0,0.0,61.4,51.0,0.0,56.7
23.3,294.0,0.0,64.1,31.0,0.0,68.5,71.0,0.0,67.6,80.0,0.0,65.0,66.0,0.0,62.0,46.0,0.0,57.5
23.5,272.0,0.0,64.2,35.0,0.0,70.0,59.0,0.0,67.5,76.0,0.0,64.7,62.0,0.0,61.7,40.0,0.0,57.0
0.0,240.0,0.0,64.1,37.0,0.0,69.9,4.0,0.0,74.0,81.0,0.0,65.5,72.0,0.0,62.5,46.0,0.0,58.4
0.2,212.0,0.0,63.3,32.0,0.0,68.6,3.0,0.0,74.2,75.0,0.0,64.7,63.0,0.0,61.7,39.0,0.0,58.0
0.3,177.0,0.0,62.9,19.0,0.0,70.7,1.0,0.0,73.7,66.0,0.0,64.4,55.0,0.0,61.5,36.0,0.0,57.9
0.5,200.0,0.0,64.1,34.0,0.0,72.0,2.0,0.0,72.7,71.0,0.0,64.9,56.0,0.0,62.1,37.0,0.0,57.8
1.0,184.0,0.0,64.2,32.0,0.0,72.1,2.0,0.0,73.6,66.0,0.0,64.8,53.0,0.0,62.0,31.0,0.0,57.7
1.2,196.0,0.0,64.9,43.0,0.0,73.1,0.0,0.0,74.0,68.0,0.0,65.2,51.0,0.0,62.3,34.0,0.0,58.0
1.3,185.0,0.0,64.4,32.0,0.0,72.3,1.0,0.0,75.2,66.0,0.0,65.2,53.0,0.0,62.3,33.0,0.0,58.2
1.5,186.0,0.0,64.9,37.0,0.0,73.2,0.0,0.0,75.2,68.0,0.0,65.4,45.0,0.0,62.4,36.0,0.0,58.3
2.0,199.0,0.0,64.7,38.0,0.0,72.2,1.0,0.0,73.1,72.0,0.0,65.3,51.0,0.0,62.4,37.0,0.0,58.6
2.2,187.0,0.0,64.9,41.0,0.0,73.0,0.0,0.0,73.1,68.0,0.0,65.0,49.0,0.0,62.1,29.0,0.0,58.2
2.3,192.0,0.0,63.4,24.0,0.0,71.4,2.0,0.0,73.5,71.0,0.0,64.6,58.0,0.0,61.9,37.0,0.0,58.0
2.5,208.0,0.0,63.8,33.0,0.0,70.9,0.0,0.0,73.5,74.0,0.0,65.0,61.0,0.0,62.2,40.0,0.0,58.2
3.0,200.0,0.0,64.1,29.0,0.0,71.7,1.0,0.0,73.7,71.0,0.0,65.1,63.0,0.0,62.3,36.0,0.0,58.7
3.2,199.0,0.0,64.3,35.0,0.0,72.8,1.0,0.0,73.6,70.0,0.0,64.9,59.0,0.0,61.8,34.0,0.0,58.5
3.3,230.0,0.0,62.9,31.0,0.0,68.5,1.0,0.0,73.5,80.0,0.0,64.3,70.0,0.0,61.6,48.0,0.0,58.7
3.5,236.0,0.0,62.6,33.0,0.0,66.2,2.0,0.0,73.8,83.0,0.0,64.4,71.0,0.0,61.4,47.0,0.0,58.2
4.0,233.0,0.0,62.5,33.0,0.0,65.9,3.0,0.0,73.5,81.0,0.0,64.4,71.0,0.0,61.4,45.0,0.0,57.9
4.2,231.0,0.0,62.6,32.0,0.0,67.6,2.0,0.0,73.8,84.0,0.0,64.1,70.0,0.0,61.4,43.0,0.0,57.6
4.3,274.0,0.0,63.7,53.0,0.0,69.2,4.0,0.0,73.8,89.0,0.0,64.6,72.0,0.0,61.7,56.0,0.0,58.8
4.5,297.0,0.0,63.6,60.0,0.0,68.9,6.0,0.0,73.8,95.0,0.0,64.7,75.0,0.0,61.5,61.0,0.0,58.1
5.0,296.0,0.0,62.0,95.0,0.0,65.7,7.0,0.0,74.5,56.0,0.0,63.5,49.0,0.0,61.1,89.0,0.0,56.5
5.2,261.0,0.0,64.0,113.0,0.0,68.3,8.0,0.0,74.1,22.0,0.0,67.0,22.0,0.0,64.2,96.0,0.0,57.4
5.3,351.0,0.0,65.2,148.0,0.0,69.7,10.0,0.0,74.8,35.0,0.0,68.2,35.0,0.0,65.4,123.0,0.0,58.1
5.5,415.0,0.0,66.1,174.0,0.0,71.6,10.0,0.0,74.6,47.0,0.0,67.5,47.0,0.0,64.7,137.0,0.0,58.5
6.0,388.0,0.0,64.4,159.0,0.0,67.9,5.0,0.0,76.3,41.0,0.0,69.4,41.0,0.0,66.6,142.0,0.0,57.9
6.2,481.0,0.0,62.9,199.0,0.0,65.3,11.0,0.0,74.7,51.0,0.0,68.6,51.0,0.0,65.8,169.0,0.1,56.9
6.3,577.0,0.0,62.1,233.0,0.1,64.7,18.0,0.0,73.0,65.0,0.0,66.6,65.0,0.0,63.8,196.0,0.1,56.2
6.5,724.0,0.0,60.8,287.0,0.1,63.8,20.0,0.0,69.7,92.0,0.0,63.4,93.0,0.0,60.7,232.0,0.1,55.3
7.0,625.0,0.0,55.8,248.0,0.1,61.5,31.0,0.0,43.8,68.0,0.0,54.4,68.0,0.0,52.0,210.0,0.1,52.7
7.2,719.0,0.1,55.1,272.0,0.1,63.7,34.0,0.0,33.0,82.0,0.0,51.3,82.0,0.0,49.0,249.0,0.1,52.1
7.3,798.0,0.1,53.3,292.0,0.1,62.3,42.0,0.1,28.3,101.0,0.0,48.6,101.0,0.0,46.5,262.0,0.1,51.6
7.5,825.0,0.1,51.2,297.0,0.1,61.5,52.0,0.1,23.5,111.0,0.1,44.9,111.0,0.1,42.8,254.0,0.1,51.4
8.0,734.0,0.1,52.0,272.0,0.1,62.1,50.0,0.1,23.4,83.0,0.0,46.1,83.0,0.0,44.0,246.0,0.1,51.5
8.2,763.0,0.1,52.0,290.0,0.1,61.6,49.0,0.1,24.4,89.0,0.0,45.8,89.0,0.0,43.8,246.0,0.1,51.4
8.3,753.0,0.1,53.4,269.0,0.1,63.9,51.0,0.1,25.1,87.0,0.0,46.5,87.0,0.0,44.4,259.0,0.1,53.5
8.5,780.0,0.1,51.5,285.0,0.1,61.0,45.0,0.1,23.5,100.0,0.0,45.4,100.0,0.0,43.4,250.0,0.1,51.4
9.0,723.0,0.1,52.2,260.0,0.1,61.9,50.0,0.1,24.8,89.0,0.0,48.1,89.0,0.0,45.9,235.0,0.1,51.2
9.2,681.0,0.1,53.6,249.0,0.1,63.6,43.0,0.1,25.9,83.0,0.0,49.4,84.0,0.0,47.2,222.0,0.1,51.6
9.3,678.0,0.0,56.2,256.0,0.1,65.9,29.0,0.0,28.7,83.0,0.0,49.8,83.0,0.0,47.6,227.0,0.1,54.2
9.5,703.0,0.1,54.8,263.0,0.1,65.0,41.0,0.1,26.5,80.0,0.0,48.9,81.0,0.0,46.7,238.0,0.1,53.1
10.0,621.0,0.0,56.3,240.0,0.1,62.4,21.0,0.0,45.7,66.0,0.0,54.1,66.0,0.0,51.7,228.0,0.1,52.8
10.2,623.0,0.0,58.0,243.0,0.1,63.7,32.0,0.0,51.7,72.0,0.0,58.8,72.0,0.0,56.3,204.0,0.1,52.4
10.3,620.0,0.0,61.2,238.0,0.1,64.0,25.0,0.0,70.3,69.0,0.0,65.3,69.0,0.0,62.6,219.0,0.1,55.2
10.5,593.0,0.0,59.3,230.0,0.1,63.9,29.0,0.0,58.2,68.0,0.0,60.3,68.0,0.0,57.7,198.0,0.1,54.3
11.0,593.0,0.0,60.3,238.0,0.1,65.5,28.0,0.0,58.2,63.0,0.0,59.5,64.0,0.0,56.9,200.0,0.1,55.6
11.2,583.0,0.0,61.8,217.0,0.1,67.5,34.0,0.0,62.5,58.0,0.0,63.8,58.0,0.0,61.1,216.0,0.1,55.7
11.3,599.0,0.0,60.0,218.0,0.1,64.9,43.0,0.0,61.4,66.0,0.0,62.1,66.0,0.0,59.5,206.0,0.1,54.2
11.5,637.0,0.0,62.1,235.0,0.1,62.5,37.0,0.0,80.8,71.0,0.0,69.2,71.0,0.0,66.4,223.0,0.1,55.0
12.0,618.0,0.0,58.8,230.0,0.1,59.5,27.0,0.0,77.1,72.0,0.0,65.4,72.0,0.0,62.7,217.0,0.1,52.2
12.2,646.0,0.0,59.8,237.0,0.1,63.5,30.0,0.0,64.2,73.0,0.0,63.4,73.0,0.0,60.7,233.0,0.1,54.1
12.3,643.0,0.0,57.0,238.0,0.1,62.9,27.0,0.0,46.0,72.0,0.0,57.4,72.0,0.0,54.9,234.0,0.1,52.9
12.5,629.0,0.0,61.1,232.0,0.1,63.6,35.0,0.0,68.6,65.0,0.0,65.3,65.0,0.0,62.6,232.0,0.1,55.8
13.0,641.0,0.0,55.7,235.0,0.1,63.2,40.0,0.0,41.0,78.0,0.0,53.8,78.0,0.0,51.5,210.0,0.1,52.4
13.2,597.0,0.0,55.7,235.0,0.1,58.6,22.0,0.0,60.7,73.0,0.0,58.7,74.0,0.0,56.2,193.0,0.1,50.2
13.3,745.0,0.0,55.3,276.0,0.1,54.9,35.0,0.0,71.8,91.0,0.0,62.3,91.0,0.0,59.6,252.0,0.1,49.5
13.5,676.0,0.0,60.0,260.0,0.1,62.0,32.0,0.0,74.2,81.0,0.0,64.6,81.0,0.0,61.8,222.0,0.1,53.1
14.0,701.0,0.0,60.8,257.0,0.1,63.5,40.0,0.0,72.1,82.0,0.0,65.0,82.0,0.0,62.2,240.0,0.1,54.2
14.2,713.0,0.0,60.5,260.0,0.1,62.9,44.0,0.0,72.5,77.0,0.0,65.0,77.0,0.0,62.3,255.0,0.1,54.1
14.3,841.0,0.0,60.0,306.0,0.1,61.2,54.0,0.0,73.7,109.0,0.0,64.9,109.0,0.0,62.2,263.0,0.1,52.8
14.5,789.0,0.0,60.5,287.0,0.1,62.2,40.0,0.0,74.2,99.0,0.0,65.6,99.0,0.0,62.9,264.0,0.1,53.7
15.0,740.0,0.1,54.0,264.0,0.1,61.1,51.0,0.1,42.4,88.0,0.0,54.0,88.0,0.0,51.7,249.0,0.1,49.5
15.2,780.0,0.1,52.2,282.0,0.1,62.1,53.0,0.1,26.0,97.0,0.0,46.3,97.0,0.0,44.2,251.0,0.1,51.9
15.3,799.0,0.1,53.0,291.0,0.1,62.9,45.0,0.1,25.6,101.0,0.0,46.7,101.0,0.0,44.6,261.0,0.1,52.6
15.5,836.0,0.1,54.1,306.0,0.1,63.0,38.0,0.0,28.9,102.0,0.0,49.6,103.0,0.0,47.4,287.0,0.1,52.0
16.0,802.0,0.1,55.3,286.0,0.1,65.4,50.0,0.1,29.3,94.0,0.0,50.0,94.0,0.0,47.8,278.0,0.1,53.8
16.2,880.0,0.1,53.5,323.0,0.1,64.4,61.0,0.1,24.5,114.0,0.1,47.6,114.0,0.1,45.5,268.0,0.1,52.8
16.3,809.0,0.1,52.8,286.0,0.1,63.6,60.0,0.1,24.2,99.0,0.0,46.6,100.0,0.0,44.5,264.0,0.1,52.8
16.5,778.0,0.1,53.5,282.0,0.1,64.4,49.0,0.1,23.4,104.0,0.0,46.4,104.0,0.0,44.3,239.0,0.1,53.7
17.0,785.0,0.1,53.9,283.0,0.1,65.5,52.0,0.1,21.8,100.0,0.0,46.1,100.0,0.0,44.0,250.0,0.1,54.4
17.2,853.0,0.1,49.9,303.0,0.1,60.2,50.0,0.1,22.0,121.0,0.1,45.9,121.0,0.1,43.9,258.0,0.1,48.0
17.3,859.0,0.1,37.6,299.0,0.1,41.9,49.0,0.1,23.8,132.0,0.1,43.2,133.0,0.1,41.1,246.0,0.1,30.2
17.5,737.0,0.1,37.1,268.0,0.1,39.1,35.0,0.0,26.3,104.0,0.0,44.7,104.0,0.0,42.7,226.0,0.1,30.4
18.0,695.0,0.1,55.4,258.0,0.1,58.1,39.0,0.1,58.2,84.0,0.0,59.9,84.0,0.0,57.4,230.0,0.1,49.7
18.2,723.0,0.0,60.1,280.0,0.1,62.8,25.0,0.0,71.6,84.0,0.0,64.6,84.0,0.0,62.0,250.0,0.1,53.7
18.3,712.0,0.1,60.6,262.0,0.1,61.0,41.0,0.1,75.8,80.0,0.0,66.8,80.0,0.0,64.0,249.0,0.1,54.6
18.5,674.0,0.0,60.7,254.0,0.1,61.5,31.0,0.0,74.4,67.0,0.0,66.8,67.0,0.0,64.1,255.0,0.1,55.6
19.0,676.0,0.0,56.0,256.0,0.1,59.9,33.0,0.0,57.2,73.0,0.0,59.4,73.0,0.0,56.9,241.0,0.1,50.5
19.2,601.0,0.0,58.3,231.0,0.1,61.5,19.0,0.0,65.8,55.0,0.0,62.8,55.0,0.0,60.1,241.0,0.1,53.1
19.3,579.0,0.0,62.3,221.0,0.1,64.8,25.0,0.0,74.8,54.0,0.0,67.6,54.0,0.0,64.8,225.0,0.1,56.4
19.5,586.0,0.0,62.2,232.0,0.1,64.4,25.0,0.0,76.7,55.0,0.0,67.9,56.0,0.0,65.2,218.0,0.1,56.0
20.0,505.0,0.0,61.4,201.0,0.0,63.8,13.0,0.0,74.6,47.0,0.0,67.3,47.0,0.0,64.5,197.0,0.1,56.1
20.2,377.0,0.0,64.0,146.0,0.0,67.6,23.0,0.0,74.2,36.0,0.0,67.9,36.0,0.0,65.1,136.0,0.0,57.2
20.3,355.0,0.0,65.3,138.0,0.0,70.0,17.0,0.0,74.1,34.0,0.0,68.0,34.0,0.0,65.2,132.0,0.0,58.7
20.5,274.0,0.0,65.9,105.0,0.0,70.8,15.0,0.0,73.7,24.0,0.0,67.8,24.0,0.0,65.0,106.0,0.0,59.6
21.0,333.0,0.0,65.5,94.0,0.0,71.1,19.0,0.0,74.0,62.0,0.0,66.1,57.0,0.0,63.2,101.0,0.0,59.7
21.2,328.0,0.0,64.1,100.0,0.0,68.7,8.0,0.0,74.1,61.0,0.0,65.6,57.0,0.0,62.8,102.0,0.0,58.6
21.3,362.0,0.0,64.4,90.0,0.0,69.6,8.0,0.0,74.4,94.0,0.0,65.8,82.0,0.0,62.8,88.0,0.0,58.2
21.5,347.0,0.0,64.5,86.0,0.0,69.5,12.0,0.0,74.7,91.0,0.0,65.3,77.0,0.0,62.4,81.0,0.0,58.6
22.0,258.0,0.0,64.5,56.0,0.0,69.2,13.0,0.0,74.1,71.0,0.0,65.8,64.0,0.0,62.5,54.0,0.0,57.8
22.2,256.0,0.0,64.0,88.0,0.0,66.8,11.0,0.0,74.1,52.0,0.0,65.0,52.0,0.0,62.2,53.0,0.0,57.9
22.3,219.0,0.0,62.6,82.0,0.0,65.1,3.0,0.0,74.1,42.0,0.0,64.0,42.0,0.0,61.3,50.0,0.0,57.9
22.5,211.0,0.0,63.3,42.0,0.0,67.5,6.0,0.0,74.3,62.0,0.0,65.0,53.0,0.0,61.9,48.0,0.0,57.8
23.0,213.0,0.0,63.5,42.0,0.0,68.3,5.0,0.0,73.8,61.0,0.0,65.3,52.0,0.0,62.2,53.0,0.0,57.8
23.2,225.0,0.0,63.4,33.0,0.0,68.9,4.0,0.0,73.4,80.0,0.0,64.9,63.0,0.0,62.1,45.0,0.0,57.9
23.3,223.0,0.0,64.1,65.0,0.0,68.6,3.0,0.0,73.7,59.0,0.0,65.0,48.0,0.0,62.2,48.0,0.0,58.0
23.5,235.0,0.0,63.6,43.0,0.0,68.7,3.0,0.0,74.8,80.0,0.0,65.0,62.0,0.0,62.0,47.0,0.0,58.0
0.0,242.0,0.0,64.0,50.0,0.0,68.6,5.0,0.0,74.2,81.0,0.0,65.0,59.0,0.0,62.2,47.0,0.0,58.4
0.2,219.0,0.0,63.6,41.0,0.0,68.6,2.0,0.0,74.3,77.0,0.0,64.9,56.0,0.0,62.0,43.0,0.0,58.1
0.3,208.0,0.0,63.5,35.0,0.0,68.7,2.0,0.0,74.3,77.0,0.0,64.8,52.0,0.0,61.8,42.0,0.0,58.4
0.5,186.0,0.0,63.2,21.0,0.0,68.3,0.0,0.0,74.7,71.0,0.0,65.1,57.0,0.0,62.0,37.0,0.0,58.1
1.0,209.0,0.0,62.8,29.0,0.0,67.2,1.0,0.0,74.1,77.0,0.0,64.6,61.0,0.0,61.7,41.0,0.0,57.8
1.2,212.0,0.0,64.1,41.0,0.0,70.5,2.0,0.0,74.2,75.0,0.0,65.0,52.0,0.0,62.2,42.0,0.0,58.3
1.3,205.0,0.0,65.1,44.0,0.0,73.1,3.0,0.0,74.0,71.0,0.0,65.0,53.0,0.0,62.2,34.0,0.0,58.2
1.5,193.0,0.0,64.6,36.0,0.0,72.2,0.0,0.0,74.0,71.0,0.0,65.4,47.0,0.0,62.5,39.0,0.0,58.7
2.0,189.0,0.0,64.3,31.0,0.0,70.8,1.0,0.0,73.8,73.0,0.0,65.4,44.0,0.0,62.6,40.0,0.0,58.7
2.2,176.0,0.0,64.7,33.0,0.0,73.1,1.0,0.0,74.7,67.0,0.0,65.2,39.0,0.0,62.4,36.0,0.0,58.2
2.3,170.0,0.0,64.0,26.0,0.0,71.7,0.0,0.0,74.7,69.0,0.0,65.1,39.0,0.0,62.1,36.0,0.0,58.2
2.5,177.0,0.0,64.6,34.0,0.0,72.9,1.0,0.0,74.1,67.0,0.0,65.1,39.0,0.0,62.2,36.0,0.0,58.2
3.0,183.0,0.0,64.6,35.0,0.0,73.1,1.0,0.0,73.8,69.0,0.0,65.1,40.0,0.0,62.3,38.0,0.0,58.2
3.2,179.0,0.0,64.7,34.0,0.0,73.1,2.0,0.0,74.4,67.0,0.0,65.1,39.0,0.0,62.3,37.0,0.0,58.1
3.3,180.0,0.0,64.8,37.0,0.0,73.1,1.0,0.0,74.9,67.0,0.0,65.2,39.0,0.0,62.3,36.0,0.0,57.9
3.5,188.0,0.0,64.3,37.0,0.0,71.8,0.0,0.0,74.9,70.0,0.0,65.3,43.0,0.0,62.2,38.0,0.0,57.7
4.0,200.0,0.0,63.0,30.0,0.0,69.3,1.0,0.0,74.1,73.0,0.0,64.8,55.0,0.0,61.6,41.0,0.0,57.0
4.2,216.0,0.0,62.9,26.0,0.0,66.7,1.0,0.0,75.5,78.0,0.0,65.2,68.0,0.0,62.1,43.0,0.0,57.3
4.3,231.0,0.0,63.1,28.0,0.0,67.9,6.0,0.0,74.1,79.0,0.0,64.8,72.0,0.0,61.9,46.0,0.0,58.0
4.5,286.0,0.0,63.2,53.0,0.0,68.0,3.0,0.0,73.9,96.0,0.0,64.5,79.0,0.0,61.7,55.0,0.0,58.0
5.0,272.0,0.0,63.4,80.0,0.0,67.6,4.0,0.0,74.4,65.0,0.0,65.1,54.0,0.0,62.3,69.0,0.0,57.1
5.2,335.0,0.0,62.7,119.0,0.0,65.7,7.0,0.0,74.4,61.0,0.0,64.8,54.0,0.0,62.2,94.0,0.0,56.9
5.3,370.0,0.0,63.3,158.0,0.0,66.2,7.0,0.0,74.6,37.0,0.0,67.9,37.0,0.0,65.1,131.0,0.0,57.4
5.5,385.0,0.0,63.6,156.0,0.0,67.2,10.0,0.0,73.9,40.0,0.0,67.5,40.0,0.0,64.7,139.0,0.0,57.5
6.0,368.0,0.0,62.8,156.0,0.0,64.2,10.0,0.0,76.6,39.0,0.0,68.9,39.0,0.0,66.1,124.0,0.0,56.9
6.2,500.0,0.0,61.5,199.0,0.0,62.9,14.0,0.0,73.3,54.0,0.0,67.5,54.0,0.0,64.7,179.0,0.1,56.2
6.3,599.0,0.0,59.9,246.0,0.1,61.3,20.0,0.0,69.6,71.0,0.0,65.0,71.0,0.0,62.2,191.0,0.1,54.5
6.5,666.0,0.0,58.1,261.0,0.1,60.3,22.0,0.0,68.7,84.0,0.0,62.4,85.0,0.0,59.8,214.0,0.1,52.0
7.0,636.0,0.0,53.5,254.0,0.1,59.6,33.0,0.0,39.4,76.0,0.0,51.7,76.0,0.0,49.4,197.0,0.1,50.3
7.2,727.0,0.1,51.5,271.0,0.1,59.5,37.0,0.1,29.0,83.0,0.0,46.9,83.0,0.0,44.8,253.0,0.1,49.9
7.3,774.0,0.1,50.3,292.0,0.1,58.9,40.0,0.1,25.1,102.0,0.0,45.0,102.0,0.0,42.9,238.0,0.1,49.3
7.5,770.0,0.1,48.9,284.0,0.1,56.4,35.0,0.0,26.2,95.0,0.0,43.6,95.0,0.0,41.6,261.0,0.1,48.3
8.0,779.0,0.1,50.6,284.0,0.1,59.9,49.0,0.1,25.0,92.0,0.0,46.0,93.0,0.0,43.9,261.0,0.1,49.1
8.2,767.0,0.1,51.2,274.0,0.1,61.5,57.0,0.1,24.5,94.0,0.0,46.4,94.0,0.0,44.4,248.0,0.1,50.2
8.3,794.0,0.1,50.7,287.0,0.1,60.4,57.0,0.1,25.8,98.0,0.0,47.2,99.0,0.0,45.1,253.0,0.1,48.9
8.5,761.0,0.1,52.1,272.0,0.1,62.2,48.0,0.1,26.5,88.0,0.0,49.2,88.0,0.0,47.0,265.0,0.1,49.1
9.0,611.0,0.0,58.8,233.0,0.1,62.3,33.0,0.0,62.3,63.0,0.0,62.7,63.0,0.0,60.0,219.0,0.1,53.2
9.2,660.0,0.1,60.7,249.0,0.1,61.6,43.0,0.1,71.0,71.0,0.0,65.8,72.0,0.0,63.0,225.0,0.1,55.4
9.3,658.0,0.1,60.4,243.0,0.1,59.0,37.0,0.0,76.0,84.0,0.0,67.5,84.0,0.0,64.7,210.0,0.1,54.7
9.5,698.0,0.1,59.8,261.0,0.1,59.9,36.0,0.0,71.1,80.0,0.0,65.7,80.0,0.0,62.9,241.0,0.1,55.0
10.0,608.0,0.0,54.9,244.0,0.1,61.1,36.0,0.0,45.5,58.0,0.0,56.1,58.0,0.0,53.7,212.0,0.1,49.4
10.2,577.0,0.0,55.3,228.0,0.1,63.5,40.0,0.0,40.4,59.0,0.0,54.9,59.0,0.0,52.5,191.0,0.1,49.6
10.3,612.0,0.0,56.0,235.0,0.1,63.3,34.0,0.0,42.6,65.0,0.0,55.6,65.0,0.0,53.2,213.0,0.1,51.2
10.5,607.0,0.0,54.3,235.0,0.1,60.2,31.0,0.0,43.0,64.0,0.0,54.1,64.0,0.0,51.7,213.0,0.1,50.3
11.0,624.0,0.0,57.4,240.0,0.1,58.1,26.0,0.0,68.8,71.0,0.0,62.9,71.0,0.0,60.2,216.0,0.1,52.5
11.2,597.0,0.0,60.6,226.0,0.1,61.3,33.0,0.0,74.3,57.0,0.0,67.0,57.0,0.0,64.3,224.0,0.1,55.4
11.3,652.0,0.0,60.5,242.0,0.1,59.8,36.0,0.0,74.6,65.0,0.0,67.7,66.0,0.0,64.8,243.0,0.1,56.0
11.5,601.0,0.0,60.8,234.0,0.1,60.9,22.0,0.0,74.1,59.0,0.0,67.7,59.0,0.0,64.9,227.0,0.1,56.3
12.0,607.0,0.0,60.4,240.0,0.1,60.4,25.0,0.0,74.3,60.0,0.0,67.6,60.0,0.0,64.8,222.0,0.1,55.7
12.2,659.0,0.0,58.4,245.0,0.1,62.0,39.0,0.0,62.4,69.0,0.0,63.4,69.0,0.0,60.8,237.0,0.1,51.9
12.3,620.0,0.0,56.0,233.0,0.1,64.5,39.0,0.0,39.6,68.0,0.0,54.8,69.0,0.0,52.4,211.0,0.1,51.3
12.5,629.0,0.0,57.6,237.0,0.1,63.6,39.0,0.0,53.0,66.0,0.0,60.2,66.0,0.0,57.7,221.0,0.1,51.2
13.0,644.0,0.0,61.5,246.0,0.1,63.0,41.0,0.0,70.3,72.0,0.0,66.3,72.0,0.0,63.5,213.0,0.1,55.8
13.2,628.0,0.0,54.8,243.0,0.1,61.3,32.0,0.0,45.8,68.0,0.0,55.3,68.0,0.0,52.9,217.0,0.1,49.3
13.3,646.0,0.0,55.0,239.0,0.1,63.8,42.0,0.0,35.9,72.0,0.0,52.7,72.0,0.0,50.4,221.0,0.1,51.4
13.5,674.0,0.0,53.2,254.0,0.1,62.0,30.0,0.0,31.4,75.0,0.0,51.1,75.0,0.0,48.9,240.0,0.1,48.8
14.0,704.0,0.1,52.0,255.0,0.1,59.5,36.0,0.0,35.8,84.0,0.0,50.5,85.0,0.0,48.3,244.0,0.1,48.2
14.2,703.0,0.0,52.9,258.0,0.1,59.9,43.0,0.0,40.6,81.0,0.0,52.6,81.0,0.0,50.3,240.0,0.1,48.3
14.3,730.0,0.0,59.8,270.0,0.1,61.4,37.0,0.0,66.2,87.0,0.0,63.8,87.0,0.0,61.2,249.0,0.1,55.0
14.5,702.0,0.0,60.9,257.0,0.1,62.2,37.0,0.0,72.9,77.0,0.0,66.4,78.0,0.0,63.6,253.0,0.1,55.3
15.0,693.0,0.1,62.5,259.0,0.1,62.5,42.0,0.0,76.3,85.0,0.0,68.7,85.0,0.0,65.9,222.0,0.1,56.1
15.2,733.0,0.1,59.5,269.0,0.1,60.3,43.0,0.1,66.4,87.0,0.0,64.4,88.0,0.0,61.7,246.0,0.1,54.9
15.3,816.0,0.1,58.9,298.0,0.1,59.4,46.0,0.1,66.7,103.0,0.0,63.7,103.0,0.0,61.0,266.0,0.1,54.5
15.5,901.0,0.1,60.3,321.0,0.1,59.6,54.0,0.1,71.1,117.0,0.1,65.8,118.0,0.1,63.1,291.0,0.1,55.7
16.0,721.0,0.1,59.9,261.0,0.1,60.3,42.0,0.1,72.8,85.0,0.0,65.5,85.0,0.0,62.8,248.0,0.1,54.5
16.2,767.0,0.1,60.4,271.0,0.1,61.5,53.0,0.1,72.1,98.0,0.0,65.1,98.0,0.0,62.4,247.0,0.1,54.1
16.3,798.0,0.1,58.2,288.0,0.1,59.6,53.0,0.1,65.5,110.0,0.1,62.0,110.0,0.1,59.3,237.0,0.1,52.5
16.5,734.0,0.1,56.3,261.0,0.1,56.8,57.0,0.1,66.5,91.0,0.1,61.1,91.0,0.1,58.5,234.0,0.1,50.4
17.0,737.0,0.1,61.5,271.0,0.1,61.8,40.0,0.0,73.2,91.0,0.0,67.3,91.0,0.0,64.5,244.0,0.1,56.0
17.2,828.0,0.1,60.8,296.0,0.1,59.1,51.0,0.1,73.1,107.0,0.0,67.3,108.0,0.0,64.5,266.0,0.1,56.2
17.3,827.0,0.1,51.5,303.0,0.1,41.8,35.0,0.0,71.9,119.0,0.0,63.1,120.0,0.0,60.5,250.0,0.1,50.4
17.5,851.0,0.1,48.6,296.0,0.2,38.5,40.0,0.0,74.7,139.0,0.1,60.2,140.0,0.1,57.7,236.0,0.2,44.5
18.0,863.0,0.1,49.2,294.0,0.2,47.2,46.0,0.1,69.7,149.0,0.1,55.7,150.0,0.1,53.2,224.0,0.2,40.5
18.2,804.0,0.1,47.4,293.0,0.2,40.4,23.0,0.0,70.7,130.0,0.1,57.1,130.0,0.1,54.6,228.0,0.1,44.3
18.3,585.0,0.1,46.0,194.0,0.1,29.9,46.0,0.1,74.4,82.0,0.0,60.0,83.0,0.0,57.4,180.0,0.1,44.4
18.5,502.0,0.0,60.9,196.0,0.0,60.3,25.0,0.0,76.9,46.0,0.0,69.0,46.0,0.0,66.2,189.0,0.1,56.2
19.0,536.0,0.0,58.5,204.0,0.1,62.1,32.0,0.0,60.8,48.0,0.0,63.4,48.0,0.0,60.8,204.0,0.1,52.8
19.2,593.0,0.0,60.5,229.0,0.1,61.1,21.0,0.0,71.0,59.0,0.0,67.3,60.0,0.0,64.5,224.0,0.1,56.2
19.3,517.0,0.0,59.4,206.0,0.1,58.9,20.0,0.0,71.0,49.0,0.0,66.0,49.0,0.0,63.3,193.0,0.1,56.0
19.5,377.0,0.0,61.8,158.0,0.0,63.9,18.0,0.0,73.2,33.0,0.0,66.7,33.0,0.0,63.9,135.0,0.0,56.1
20.0,370.0,0.0,61.4,163.0,0.0,63.4,17.0,0.0,73.9,36.0,0.0,66.0,36.0,0.0,63.2,118.0,0.0,54.8
20.2,455.0,0.0,58.8,180.0,0.0,60.7,13.0,0.0,73.3,54.0,0.0,64.5,54.0,0.0,61.8,154.0,0.0,52.3
20.3,352.0,0.0,61.6,140.0,0.0,64.3,17.0,0.0,73.3,41.0,0.0,65.6,41.0,0.0,62.9,113.0,0.0,54.5
20.5,291.0,0.0,64.0,108.0,0.0,67.2,19.0,0.0,73.4,37.0,0.0,66.1,37.0,0.0,63.4,90.0,0.0,57.5
21.0,261.0,0.0,61.2,101.0,0.0,61.9,16.0,0.0,73.6,33.0,0.0,66.0,33.0,0.0,63.3,78.0,0.0,55.0
21.2,351.0,0.0,57.5,161.0,0.0,57.9,6.0,0.0,73.8,53.0,0.0,62.1,53.0,0.0,59.5,78.0,0.0,50.7
21.3,265.0,0.0,58.5,106.0,0.0,59.3,16.0,0.0,74.0,33.0,0.0,63.7,33.0,0.0,61.0,77.0,0.0,50.9
21.5,214.0,0.0,60.4,72.0,0.0,61.6,8.0,0.0,74.1,40.0,0.0,64.2,34.0,0.0,61.3,60.0,0.0,54.1
22.0,251.0,0.0,62.1,64.0,0.0,62.7,14.0,0.0,74.1,66.0,0.0,64.7,48.0,0.0,61.7,59.0,0.0,56.0
22.2,211.0,0.0,61.7,53.0,0.0,62.7,6.0,0.0,73.8,58.0,0.0,64.6,42.0,0.0,61.8,52.0,0.0,56.2
22.3,231.0,0.0,62.6,41.0,0.0,63.6,11.0,0.0,73.8,77.0,0.0,64.3,53.0,0.0,61.4,49.0,0.0,57.6
22.5,218.0,0.0,62.5,45.0,0.0,65.5,0.0,0.0,73.7,76.0,0.0,64.3,52.0,0.0,61.4,45.0,0.0,57.6
23.0,217.0,0.0,62.3,40.0,0.0,63.6,2.0,0.0,73.8,78.0,0.0,64.4,52.0,0.0,61.5,45.0,0.0,57.7
23.2,205.0,0.0,62.2,35.0,0.0,63.6,2.0,0.0,73.7,77.0,0.0,64.3,49.0,0.0,61.3,42.0,0.0,57.8
23.3,222.0,0.0,62.1,43.0,0.0,63.7,0.0,0.0,73.7,78.0,0.0,64.3,55.0,0.0,61.4,46.0,0.0,57.7
23.5,196.0,0.0,62.6,31.0,0.0,63.7,3.0,0.0,74.3,75.0,0.0,64.8,46.0,0.0,61.7,41.0,0.0,57.8
0.0,173.0,0.0,64.7,26.0,0.0,73.5,1.0,0.0,73.9,69.0,0.0,65.5,40.0,0.0,62.7,37.0,0.0,58.9
0.2,177.0,0.0,64.5,27.0,0.0,72.1,2.0,0.0,74.1,69.0,0.0,65.5,41.0,0.0,62.7,38.0,0.0,58.8
0.3,168.0,0.0,64.1,23.0,0.0,71.9,2.0,0.0,73.9,67.0,0.0,65.3,39.0,0.0,62.2,37.0,0.0,58.5
0.5,171.0,0.0,64.0,24.0,0.0,71.7,3.0,0.0,74.0,67.0,0.0,65.2,39.0,0.0,61.9,38.0,0.0,58.4
1.0,167.0,0.0,63.9,25.0,0.0,71.7,0.0,0.0,74.1,67.0,0.0,65.2,39.0,0.0,61.8,36.0,0.0,58.4
1.2,166.0,0.0,64.2,25.0,0.0,72.9,0.0,0.0,74.1,66.0,0.0,65.2,39.0,0.0,61.8,36.0,0.0,58.6
1.3,166.0,0.0,64.2,25.0,0.0,72.9,0.0,0.0,74.1,66.0,0.0,65.2,39.0,0.0,61.8,36.0,0.0,58.6
1.5,169.0,0.0,64.2,27.0,0.0,72.8,0.0,0.0,74.1,67.0,0.0,65.2,39.0,0.0,61.9,36.0,0.0,58.4
2.0,147.0,0.0,63.5,33.0,0.0,69.3,0.0,0.0,74.1,47.0,0.0,64.6,28.0,0.0,61.6,39.0,0.0,58.4
2.2,167.0,0.0,63.4,23.0,0.0,70.0,1.0,0.0,74.0,68.0,0.0,64.8,39.0,0.0,61.5,36.0,0.0,58.4
2.3,206.0,0.0,63.5,35.0,0.0,69.3,2.0,0.0,73.8,77.0,0.0,64.6,49.0,0.0,61.5,43.0,0.0,58.2
2.5,187.0,0.0,63.7,32.0,0.0,70.7,0.0,0.0,73.8,70.0,0.0,65.0,45.0,0.0,61.7,40.0,0.0,58.1
3.0,178.0,0.0,63.9,28.0,0.0,71.2,1.0,0.0,73.8,69.0,0.0,65.0,42.0,0.0,61.9,38.0,0.0,58.1
3.2,179.0,0.0,64.1,28.0,0.0,71.6,2.0,0.0,73.5,70.0,0.0,65.1,41.0,0.0,62.2,38.0,0.0,58.2
3.3,202.0,0.0,64.4,33.0,0.0,72.6,1.0,0.0,73.6,73.0,0.0,65.2,57.0,0.0,62.4,38.0,0.0,58.1
3.5,227.0,0.0,63.5,36.0,0.0,70.3,1.0,0.0,74.0,78.0,0.0,64.8,68.0,0.0,61.8,44.0,0.0,57.9
4.0,226.0,0.0,62.7,29.0,0.0,66.9,3.0,0.0,73.8,78.0,0.0,64.5,70.0,0.0,61.6,46.0,0.0,57.9
4.2,238.0,0.0,62.9,42.0,0.0,67.4,1.0,0.0,74.0,80.0,0.0,64.6,70.0,0.0,61.6,45.0,0.0,57.6
4.3,272.0,0.0,62.8,55.0,0.0,66.3,1.0,0.0,74.0,91.0,0.0,64.6,73.0,0.0,61.6,52.0,0.0,57.4
4.5,314.0,0.0,63.1,63.0,0.0,67.8,2.0,0.0,73.9,104.0,0.0,64.5,85.0,0.0,61.6,60.0,0.0,57.5
5.0,245.0,0.0,63.4,82.0,0.0,68.1,6.0,0.0,72.9,46.0,0.0,64.6,40.0,0.0,61.7,71.0,0.0,57.4
5.2,304.0,0.0,63.6,108.0,0.0,68.1,1.0,0.0,73.9,58.0,0.0,65.0,51.0,0.0,62.3,86.0,0.0,57.7
5.3,405.0,0.0,64.6,136.0,0.0,69.0,6.0,0.0,74.2,75.0,0.0,66.5,67.0,0.0,63.4,121.0,0.0,58.6
5.5,339.0,0.0,63.6,140.0,0.0,66.8,4.0,0.0,72.3,33.0,0.0,67.6,33.0,0.0,64.8,129.0,0.0,58.4
6.0,314.0,0.0,62.4,124.0,0.0,65.6,7.0,0.0,74.5,29.0,0.0,67.4,29.0,0.0,64.6,125.0,0.0,56.8
6.2,371.0,0.0,62.7,160.0,0.0,65.4,6.0,0.0,74.9,34.0,0.0,68.4,34.0,0.0,65.6,137.0,0.0,56.9
6.3,450.0,0.0,60.7,182.0,0.0,63.4,12.0,0.0,70.2,44.0,0.0,65.2,44.0,0.0,62.5,168.0,0.0,55.5
6.5,600.0,0.0,60.3,229.0,0.1,62.0,23.0,0.0,68.4,72.0,0.0,64.6,72.0,0.0,61.9,204.0,0.1,55.4
7.0,486.0,0.0,61.5,194.0,0.0,63.3,22.0,0.0,74.7,49.0,0.0,66.8,49.0,0.0,64.1,172.0,0.1,55.5
7.2,588.0,0.0,58.9,231.0,0.1,60.8,25.0,0.0,69.1,62.0,0.0,63.9,62.0,0.0,61.1,208.0,0.1,53.5
7.3,652.0,0.0,58.5,257.0,0.1,60.3,13.0,0.0,67.6,75.0,0.0,63.6,75.0,0.0,61.0,232.0,0.1,53.5
7.5,606.0,0.0,60.4,233.0,0.1,61.9,21.0,0.0,74.0,66.0,0.0,66.3,67.0,0.0,63.5,219.0,0.1,54.7
8.0,618.0,0.1,57.9,231.0,0.1,59.5,39.0,0.1,67.5,70.0,0.0,62.3,70.0,0.0,59.6,208.0,0.1,52.3
8.2,619.0,0.1,58.3,228.0,0.1,59.7,39.0,0.1,67.2,67.0,0.0,63.0,67.0,0.0,60.4,218.0,0.1,53.4
8.3,566.0,0.0,59.6,214.0,0.1,61.9,33.0,0.0,68.8,56.0,0.0,64.1,56.0,0.0,61.4,207.0,0.1,54.2
8.5,583.0,0.0,61.7,224.0,0.1,63.9,25.0,0.0,73.9,58.0,0.0,66.9,58.0,0.0,64.2,218.0,0.1,56.1
9.0,567.0,0.0,61.8,217.0,0.1,62.2,30.0,0.0,75.9,62.0,0.0,68.1,62.0,0.0,65.2,196.0,0.1,56.2
9.2,589.0,0.0,60.7,222.0,0.1,62.1,39.0,0.1,67.3,64.0,0.0,64.8,64.0,0.0,62.1,200.0,0.1,56.0
9.3,606.0,0.0,61.8,240.0,0.1,63.4,32.0,0.0,72.9,62.0,0.0,67.2,62.0,0.0,64.5,210.0,0.1,56.0
9.5,638.0,0.1,61.3,238.0,0.1,62.9,42.0,0.1,69.7,68.0,0.0,65.9,68.0,0.0,63.2,222.0,0.1,56.2
10.0,642.0,0.0,59.7,253.0,0.1,62.1,34.0,0.0,67.5,63.0,0.0,63.9,63.0,0.0,61.2,229.0,0.1,54.3
10.2,605.0,0.0,60.6,229.0,0.1,61.0,32.0,0.0,74.4,58.0,0.0,67.2,58.0,0.0,64.5,228.0,0.1,55.6
10.3,708.0,0.0,62.4,277.0,0.1,62.9,33.0,0.0,74.5,84.0,0.0,68.7,84.0,0.0,65.9,230.0,0.1,56.5
10.5,604.0,0.0,61.2,233.0,0.1,61.4,27.0,0.0,74.6,58.0,0.0,69.0,58.0,0.0,66.2,228.0,0.1,56.1
11.0,638.0,0.0,60.6,258.0,0.1,60.0,30.0,0.0,74.9,65.0,0.0,67.8,65.0,0.0,65.0,220.0,0.1,55.8
11.2,650.0,0.0,60.5,253.0,0.1,60.9,31.0,0.0,73.7,60.0,0.0,67.3,60.0,0.0,64.5,246.0,0.1,55.8
11.3,652.0,0.0,60.6,253.0,0.1,61.3,28.0,0.0,73.6,63.0,0.0,66.9,63.0,0.0,64.1,245.0,0.1,55.8
11.5,645.0,0.0,60.8,243.0,0.1,60.7,36.0,0.0,74.0,69.0,0.0,67.0,69.0,0.0,64.3,228.0,0.1,56.0
12.0,602.0,0.0,62.3,230.0,0.1,62.6,42.0,0.0,75.1,58.0,0.0,68.5,58.0,0.0,65.7,214.0,0.1,56.9
12.2,641.0,0.0,60.5,242.0,0.1,60.9,34.0,0.0,75.1,65.0,0.0,67.5,65.0,0.0,64.7,235.0,0.1,54.9
12.3,604.0,0.0,61.4,234.0,0.1,61.9,31.0,0.0,74.5,62.0,0.0,67.6,62.0,0.0,64.8,215.0,0.1,56.0
12.5,572.0,0.0,60.1,212.0,0.1,61.2,28.0,0.0,74.9,53.0,0.0,66.8,53.0,0.0,64.0,226.0,0.1,54.8
13.0,621.0,0.0,61.2,236.0,0.1,61.6,41.0,0.0,73.2,65.0,0.0,67.1,65.0,0.0,64.3,214.0,0.1,55.9
13.2,629.0,0.0,60.4,238.0,0.1,59.9,30.0,0.0,73.7,63.0,0.0,67.8,63.0,0.0,65.0,235.0,0.1,56.1
13.3,661.0,0.0,61.1,248.0,0.1,60.9,30.0,0.0,74.7,68.0,0.0,68.1,69.0,0.0,65.2,246.0,0.1,56.4
13.5,649.0,0.0,62.1,247.0,0.1,62.8,37.0,0.0,73.9,68.0,0.0,68.9,68.0,0.0,66.1,229.0,0.1,56.2
14.0,655.0,0.0,63.3,256.0,0.1,64.5,35.0,0.0,74.6,72.0,0.0,69.7,72.0,0.0,66.8,220.0,0.1,56.7
14.2,670.0,0.0,62.1,248.0,0.1,62.9,40.0,0.0,73.1,71.0,0.0,68.2,71.0,0.0,65.4,240.0,0.1,56.5
14.3,711.0,0.0,62.6,253.0,0.1,62.8,47.0,0.0,74.7,84.0,0.0,68.9,86.0,0.0,66.1,241.0,0.1,56.5
14.5,721.0,0.0,62.0,272.0,0.1,62.5,39.0,0.0,75.8,75.0,0.0,68.4,75.0,0.0,65.5,260.0,0.1,56.3
15.0,709.0,0.1,54.7,260.0,0.1,61.0,42.0,0.1,46.3,75.0,0.0,56.6,76.0,0.0,54.1,256.0,0.1,49.4
15.2,706.0,0.1,52.6,262.0,0.1,63.2,57.0,0.1,26.2,78.0,0.0,48.2,78.0,0.0,46.1,231.0,0.1,50.9
15.3,770.0,0.1,52.6,282.0,0.1,63.2,43.0,0.1,23.3,88.0,0.0,47.9,88.0,0.0,45.8,269.0,0.1,49.8
15.5,679.0,0.0,52.8,260.0,0.1,62.9,35.0,0.0,23.7,71.0,0.0,48.3,71.0,0.0,46.2,242.0,0.1,49.4
16.0,713.0,0.1,52.1,255.0,0.1,63.7,52.0,0.1,21.3,91.0,0.0,47.8,91.0,0.0,45.6,224.0,0.1,50.5
16.2,739.0,0.1,53.6,276.0,0.1,65.5,47.0,0.1,20.8,88.0,0.0,48.7,88.0,0.0,46.5,240.0,0.1,50.8
16.3,764.0,0.1,52.4,272.0,0.1,64.1,57.0,0.1,21.8,89.0,0.0,48.5,89.0,0.0,46.4,257.0,0.1,50.3
16.5,675.0,0.1,53.3,246.0,0.1,64.6,46.0,0.1,22.7,71.0,0.0,48.7,71.0,0.0,46.5,241.0,0.1,51.0
17.0,701.0,0.1,60.0,259.0,0.1,65.9,45.0,0.1,55.6,74.0,0.0,62.5,75.0,0.0,59.9,248.0,0.1,53.9
17.2,792.0,0.1,62.0,297.0,0.1,61.8,37.0,0.0,73.4,99.0,0.0,68.4,99.0,0.0,65.6,260.0,0.1,56.7
17.3,719.0,0.1,61.3,266.0,0.1,61.8,45.0,0.1,71.7,78.0,0.0,66.6,78.0,0.0,63.8,252.0,0.1,56.6
17.5,687.0,0.1,63.5,255.0,0.1,65.7,43.0,0.1,72.6,74.0,0.0,68.2,74.0,0.0,65.4,241.0,0.1,57.4
18.0,655.0,0.0,62.4,236.0,0.1,64.4,44.0,0.1,71.7,68.0,0.0,67.0,68.0,0.0,64.2,239.0,0.1,57.1
18.2,670.0,0.0,62.4,252.0,0.1,65.1,39.0,0.1,70.6,68.0,0.0,66.6,68.0,0.0,63.8,243.0,0.1,56.7
18.3,647.0,0.0,64.0,245.0,0.1,65.5,42.0,0.0,77.3,65.0,0.0,69.7,66.0,0.0,66.9,229.0,0.1,57.4
18.5,571.0,0.0,62.9,228.0,0.1,65.2,29.0,0.0,71.7,56.0,0.0,67.8,56.0,0.0,65.1,202.0,0.1,57.1
19.0,553.0,0.0,57.8,225.0,0.1,63.4,23.0,0.0,52.5,48.0,0.0,59.3,48.0,0.0,56.8,209.0,0.1,52.3
19.2,477.0,0.0,61.8,201.0,0.0,66.2,17.0,0.0,66.8,33.0,0.0,65.6,33.0,0.0,62.9,193.0,0.1,56.0
19.3,493.0,0.0,62.3,196.0,0.0,65.6,25.0,0.0,73.1,41.0,0.0,66.7,42.0,0.0,63.9,189.0,0.1,56.2
19.5,459.0,0.0,62.3,183.0,0.0,65.0,30.0,0.0,71.8,38.0,0.0,66.4,38.0,0.0,63.6,170.0,0.0,56.5
20.0,379.0,0.0,62.1,165.0,0.0,64.2,12.0,0.0,71.5,27.0,0.0,66.9,28.0,0.0,64.1,147.0,0.0,57.6
20.2,409.0,0.0,63.1,169.0,0.0,64.5,25.0,0.0,73.8,35.0,0.0,68.4,35.0,0.0,65.6,145.0,0.0,57.8
20.3,370.0,0.0,63.3,151.0,0.0,66.3,13.0,0.0,73.9,31.0,0.0,68.2,31.0,0.0,65.4,144.0,0.0,57.7
20.5,405.0,0.0,64.4,142.0,0.0,68.4,13.0,0.0,74.1,72.0,0.0,65.6,64.0,0.0,62.8,114.0,0.0,58.3
21.0,344.0,0.0,64.5,132.0,0.0,68.6,16.0,0.0,74.0,29.0,0.0,68.6,29.0,0.0,65.7,138.0,0.0,58.4
21.2,371.0,0.0,64.9,114.0,0.0,69.8,18.0,0.0,73.9,65.0,0.0,66.3,58.0,0.0,63.6,116.0,0.0,58.6
21.3,378.0,0.0,63.9,118.0,0.0,67.6,17.0,0.0,73.9,70.0,0.0,65.4,62.0,0.0,62.6,111.0,0.0,58.2
21.5,351.0,0.0,62.9,114.0,0.0,66.3,11.0,0.0,73.9,62.0,0.0,65.3,54.0,0.0,62.4,110.0,0.0,57.3
22.0,405.0,0.0,63.8,113.0,0.0,68.4,11.0,0.0,74.1,100.0,0.0,65.0,85.0,0.0,62.1,96.0,0.0,57.6
22.2,388.0,0.0,63.8,106.0,0.0,68.3,13.0,0.0,74.0,97.0,0.0,64.8,82.0,0.0,61.9,90.0,0.0,57.8
22.3,383.0,0.0,63.3,94.0,0.0,66.8,6.0,0.0,74.1,115.0,0.0,64.6,95.0,0.0,61.7,73.0,0.0,57.9
22.5,370.0,0.0,63.6,84.0,0.0,68.5,9.0,0.0,73.9,113.0,0.0,64.5,92.0,0.0,61.7,72.0,0.0,57.8
23.0,334.0,0.0,63.7,67.0,0.0,68.8,5.0,0.0,74.5,108.0,0.0,65.0,90.0,0.0,62.0,64.0,0.0,58.1
23.2,286.0,0.0,63.9,52.0,0.0,69.5,2.0,0.0,74.5,96.0,0.0,65.3,81.0,0.0,62.4,55.0,0.0,58.2
23.3,255.0,0.0,64.1,57.0,0.0,68.9,9.0,0.0,74.1,69.0,0.0,65.5,58.0,0.0,62.5,62.0,0.0,58.2
23.5,274.0,0.0,64.0,50.0,0.0,70.1,10.0,0.0,74.1,88.0,0.0,64.8,75.0,0.0,61.8,51.0,0.0,57.9
0.0,324.0,0.0,63.1,62.0,0.0,66.3,3.0,0.0,73.9,105.0,0.0,64.8,89.0,0.0,62.0,65.0,0.0,58.4
0.2,292.0,0.0,61.9,54.0,0.0,62.8,6.0,0.0,73.2,94.0,0.0,64.0,75.0,0.0,61.1,63.0,0.0,58.0
0.3,211.0,0.0,62.3,41.0,0.0,64.8,5.0,0.0,72.9,61.0,0.0,64.3,55.0,0.0,61.4,49.0,0.0,57.6
0.5,241.0,0.0,62.1,36.0,0.0,65.6,1.0,0.0,73.4,83.0,0.0,63.9,74.0,0.0,61.0,47.0,0.0,57.8
1.0,235.0,0.0,63.1,32.0,0.0,70.0,3.0,0.0,73.9,82.0,0.0,64.5,72.0,0.0,61.5,46.0,0.0,57.8
1.2,228.0,0.0,63.0,28.0,0.0,68.4,2.0,0.0,74.3,81.0,0.0,64.7,71.0,0.0,61.7,46.0,0.0,58.1
1.3,227.0,0.0,63.1,32.0,0.0,68.9,0.0,0.0,74.4,80.0,0.0,64.8,69.0,0.0,61.9,46.0,0.0,57.9
1.5,224.0,0.0,63.8,32.0,0.0,69.1,2.0,0.0,75.5,79.0,0.0,65.7,65.0,0.0,62.5,46.0,0.0,58.0
2.0,220.0,0.0,64.0,31.0,0.0,71.0,1.0,0.0,75.0,79.0,0.0,65.6,67.0,0.0,62.5,42.0,0.0,58.0
2.2,220.0,0.0,64.2,37.0,0.0,71.0,1.0,0.0,74.4,77.0,0.0,65.4,65.0,0.0,62.5,40.0,0.0,58.4
2.3,192.0,0.0,63.4,40.0,0.0,68.7,1.0,0.0,73.9,56.0,0.0,65.1,49.0,0.0,62.0,46.0,0.0,57.7
2.5,239.0,0.0,63.4,42.0,0.0,69.5,1.0,0.0,73.8,81.0,0.0,64.7,70.0,0.0,61.7,45.0,0.0,58.0
3.0,222.0,0.0,64.0,35.0,0.0,71.2,1.0,0.0,73.7,76.0,0.0,65.2,68.0,0.0,62.2,42.0,0.0,58.3
3.2,212.0,0.0,64.1,32.0,0.0,71.5,1.0,0.0,74.1,76.0,0.0,65.2,64.0,0.0,62.4,39.0,0.0,58.6
3.3,212.0,0.0,63.7,26.0,0.0,69.8,1.0,0.0,74.0,77.0,0.0,65.3,66.0,0.0,62.4,42.0,0.0,58.6
3.5,223.0,0.0,63.4,29.0,0.0,69.5,1.0,0.0,73.7,78.0,0.0,65.0,70.0,0.0,62.0,45.0,0.0,58.8
4.0,236.0,0.0,62.7,36.0,0.0,66.9,3.0,0.0,73.6,80.0,0.0,64.1,71.0,0.0,61.3,46.0,0.0,58.2
4.2,226.0,0.0,62.9,53.0,0.0,66.8,2.0,0.0,74.6,63.0,0.0,64.8,53.0,0.0,61.9,55.0,0.0,57.6
4.3,248.0,0.0,63.2,44.0,0.0,67.1,0.0,0.0,75.2,84.0,0.0,65.4,69.0,0.0,62.2,51.0,0.0,57.7
4.5,227.0,0.0,63.2,54.0,0.0,67.0,3.0,0.0,74.3,64.0,0.0,65.0,52.0,0.0,61.9,54.0,0.0,57.7
5.0,297.0,0.0,63.2,88.0,0.0,68.3,3.0,0.0,68.9,74.0,0.0,64.2,59.0,0.0,61.4,73.0,0.0,57.4
5.2,317.0,0.0,63.5,105.0,0.0,68.6,3.0,0.0,72.4,60.0,0.0,64.5,53.0,0.0,62.0,96.0,0.0,57.8
5.3,342.0,0.0,65.3,148.0,0.0,69.8,9.0,0.0,74.2,35.0,0.0,67.4,36.0,0.0,64.6,114.0,0.0,58.5
5.5,355.0,0.0,65.5,158.0,0.0,70.1,3.0,0.0,74.2,35.0,0.0,67.8,35.0,0.0,65.0,124.0,0.0,58.9
6.0,330.0,0.0,63.2,138.0,0.0,66.1,9.0,0.0,76.6,31.0,0.0,67.9,31.0,0.0,65.1,121.0,0.0,57.3
6.2,476.0,0.0,63.3,195.0,0.0,65.7,7.0,0.0,75.5,57.0,0.0,68.9,57.0,0.0,66.1,160.0,0.0,56.7
6.3,536.0,0.0,63.5,206.0,0.0,67.4,16.0,0.0,70.1,65.0,0.0,68.3,65.0,0.0,65.5,184.0,0.1,56.1
6.5,618.0,0.0,61.6,242.0,0.1,64.6,16.0,0.0,67.6,79.0,0.0,65.0,79.0,0.0,62.3,202.0,0.1,56.0
7.0,565.0,0.0,60.5,222.0,0.1,61.8,17.0,0.0,71.9,65.0,0.0,65.8,65.0,0.0,63.1,196.0,0.1,55.4
7.2,629.0,0.0,59.8,235.0,0.1,61.4,30.0,0.0,67.7,71.0,0.0,64.1,72.0,0.0,61.5,221.0,0.1,55.0
7.3,703.0,0.0,60.7,272.0,0.1,63.5,32.0,0.0,68.4,92.0,0.0,63.9,92.0,0.0,61.2,215.0,0.1,54.5
7.5,721.0,0.1,60.9,267.0,0.1,63.3,35.0,0.0,71.2,88.0,0.0,65.4,89.0,0.0,62.6,242.0,0.1,54.5
8.0,645.0,0.0,60.5,245.0,0.1,62.9,27.0,0.0,67.3,79.0,0.0,64.7,79.0,0.0,62.0,215.0,0.1,54.9
8.2,648.0,0.1,62.9,228.0,0.1,64.1,50.0,0.1,76.7,71.0,0.0,69.7,71.0,0.0,66.9,228.0,0.1,55.4
8.3,663.0,0.1,62.3,248.0,0.1,63.8,37.0,0.0,74.3,75.0,0.0,68.5,75.0,0.0,65.7,228.0,0.1,55.7
8.5,689.0,0.0,63.8,251.0,0.1,66.0,38.0,0.0,75.4,84.0,0.0,69.9,84.0,0.0,67.1,232.0,0.1,56.2
9.0,595.0,0.0,61.2,223.0,0.1,63.4,30.0,0.0,71.1,64.0,0.0,65.9,64.0,0.0,63.2,214.0,0.1,55.5
9.2,626.0,0.0,62.2,229.0,0.1,62.6,45.0,0.1,78.3,68.0,0.0,68.6,68.0,0.0,65.8,216.0,0.1,55.3
9.3,601.0,0.0,61.5,227.0,0.1,63.0,32.0,0.0,73.0,72.0,0.0,66.6,72.0,0.0,63.8,198.0,0.1,55.4
9.5,612.0,0.1,61.9,231.0,0.1,64.4,39.0,0.1,70.2,65.0,0.0,66.4,65.0,0.0,63.6,212.0,0.1,55.7
10.0,562.0,0.0,60.1,216.0,0.1,64.2,25.0,0.0,64.5,56.0,0.0,63.5,57.0,0.0,60.8,208.0,0.1,54.3
10.2,604.0,0.0,61.4,234.0,0.1,62.4,29.0,0.0,72.2,70.0,0.0,67.1,70.0,0.0,64.4,201.0,0.1,55.7
10.3,627.0,0.0,62.6,244.0,0.1,65.0,30.0,0.0,74.0,66.0,0.0,68.8,67.0,0.0,65.9,220.0,0.1,55.3
10.5,609.0,0.0,57.9,231.0,0.1,63.8,30.0,0.0,52.0,64.0,0.0,58.7,65.0,0.0,56.2,219.0,0.1,52.8
11.0,532.0,0.0,60.3,215.0,0.1,66.2,30.0,0.0,53.2,58.0,0.0,60.6,58.0,0.0,58.0,171.0,0.1,54.6
11.2,597.0,0.0,63.4,234.0,0.1,67.1,32.0,0.0,71.7,61.0,0.0,68.3,61.0,0.0,65.5,209.0,0.1,56.0
11.3,653.0,0.0,62.3,247.0,0.1,64.3,36.0,0.0,75.1,72.0,0.0,67.8,72.0,0.0,65.0,226.0,0.1,55.3
11.5,658.0,0.0,62.2,259.0,0.1,63.4,35.0,0.0,74.7,71.0,0.0,67.8,71.0,0.0,65.1,222.0,0.1,55.9
12.0,621.0,0.0,61.7,241.0,0.1,64.0,21.0,0.0,72.8,63.0,0.0,67.4,63.0,0.0,64.6,233.0,0.1,56.0
12.2,644.0,0.0,60.8,234.0,0.1,62.0,40.0,0.0,73.6,73.0,0.0,65.9,73.0,0.0,63.2,224.0,0.1,54.8
12.3,660.0,0.0,59.9,253.0,0.1,65.1,35.0,0.0,59.4,74.0,0.0,62.4,74.0,0.0,59.7,224.0,0.1,53.6
12.5,712.0,0.0,61.5,269.0,0.1,63.3,39.0,0.0,73.3,83.0,0.0,66.4,83.0,0.0,63.7,238.0,0.1,55.0
13.0,646.0,0.0,62.2,252.0,0.1,63.5,31.0,0.0,74.1,73.0,0.0,68.2,73.0,0.0,65.4,217.0,0.1,56.0
13.2,676.0,0.0,62.7,251.0,0.1,64.1,39.0,0.0,74.4,75.0,0.0,69.1,75.0,0.0,66.2,236.0,0.1,56.2
13.3,694.0,0.0,61.7,265.0,0.1,62.4,40.0,0.0,74.1,76.0,0.0,67.7,76.0,0.0,64.9,237.0,0.1,55.8
13.5,666.0,0.0,62.4,253.0,0.1,64.5,32.0,0.0,73.9,68.0,0.0,68.1,68.0,0.0,65.3,245.0,0.1,56.4
14.0,649.0,0.0,61.4,246.0,0.1,62.9,30.0,0.0,74.7,68.0,0.0,67.7,68.0,0.0,64.9,237.0,0.1,55.6
14.2,662.0,0.0,59.6,258.0,0.1,63.2,23.0,0.0,63.4,70.0,0.0,64.6,70.0,0.0,61.9,241.0,0.1,53.4
14.3,760.0,0.0,60.5,280.0,0.1,63.0,44.0,0.0,69.3,92.0,0.0,64.4,92.0,0.0,61.7,252.0,0.1,54.2
14.5,678.0,0.0,61.7,259.0,0.1,65.8,45.0,0.0,63.2,81.0,0.0,64.6,81.0,0.0,61.9,212.0,0.1,55.3
15.0,750.0,0.1,59.7,271.0,0.1,61.8,46.0,0.1,66.4,94.0,0.0,63.8,94.0,0.0,61.1,245.0,0.1,54.2
15.2,753.0,0.1,61.0,270.0,0.1,64.0,61.0,0.1,66.2,86.0,0.1,64.2,88.0,0.1,61.5,248.0,0.1,55.1
15.3,737.0,0.1,62.6,265.0,0.1,64.9,43.0,0.1,71.3,80.0,0.0,67.5,80.0,0.0,64.7,269.0,0.1,56.7
15.5,777.0,0.1,62.1,287.0,0.1,62.3,43.0,0.1,77.3,88.0,0.0,68.3,89.0,0.0,65.5,270.0,0.1,56.2
16.0,780.0,0.1,55.1,290.0,0.1,63.2,42.0,0.1,37.5,99.0,0.0,53.9,99.0,0.0,51.6,250.0,0.1,50.5
16.2,752.0,0.1,53.9,278.0,0.1,64.4,48.0,0.1,26.6,91.0,0.0,49.3,92.0,0.0,47.1,243.0,0.1,51.5
16.3,700.0,0.1,55.6,254.0,0.1,67.4,50.0,0.1,25.2,88.0,0.0,49.7,88.0,0.0,47.5,220.0,0.1,54.5
16.5,659.0,0.0,55.3,237.0,0.1,66.1,43.0,0.1,27.2,75.0,0.0,50.3,75.0,0.0,48.0,229.0,0.1,53.2
17.0,741.0,0.1,55.0,262.0,0.1,66.9,58.0,0.1,25.9,92.0,0.0,50.1,92.0,0.0,48.0,237.0,0.1,53.6
17.2,751.0,0.1,53.6,270.0,0.1,65.3,54.0,0.1,23.8,82.0,0.0,49.6,84.0,0.0,47.5,261.0,0.1,51.0
17.3,760.0,0.1,54.9,278.0,0.1,66.4,46.0,0.1,23.4,88.0,0.0,49.4,88.0,0.0,47.2,260.0,0.1,52.5
17.5,727.0,0.1,56.4,269.0,0.1,67.7,40.0,0.0,25.7,81.0,0.0,51.2,82.0,0.0,48.9,255.0,0.1,53.3
18.0,656.0,0.1,59.1,237.0,0.1,65.9,51.0,0.1,55.5,69.0,0.0,61.8,69.0,0.0,59.2,230.0,0.1,52.0
18.2,628.0,0.1,62.6,231.0,0.1,66.4,45.0,0.1,67.2,61.0,0.0,66.4,62.0,0.0,63.6,229.0,0.1,56.5
18.3,625.0,0.0,62.4,244.0,0.1,66.2,29.0,0.0,66.8,61.0,0.0,66.5,61.0,0.0,63.8,230.0,0.1,56.4
18.5,598.0,0.0,62.6,232.0,0.1,65.3,24.0,0.0,72.1,54.0,0.0,68.1,54.0,0.0,65.3,234.0,0.1,57.2
19.0,622.0,0.0,58.2,236.0,0.1,65.7,31.0,0.0,48.5,59.0,0.0,58.8,59.0,0.0,56.3,237.0,0.1,52.3
19.2,559.0,0.0,58.9,207.0,0.0,66.3,31.0,0.0,50.5,48.0,0.0,59.0,48.0,0.0,56.5,225.0,0.1,53.8
19.3,532.0,0.0,61.4,207.0,0.0,65.8,18.0,0.0,61.9,49.0,0.0,64.6,49.0,0.0,61.9,209.0,0.1,56.2
19.5,512.0,0.0,60.0,201.0,0.0,66.9,26.0,0.0,51.3,47.0,0.0,58.8,47.0,0.0,56.3,191.0,0.1,55.3
20.0,427.0,0.0,62.1,176.0,0.0,66.8,18.0,0.0,65.7,32.0,0.0,64.6,32.0,0.0,61.8,169.0,0.0,56.4
20.2,471.0,0.0,63.0,162.0,0.0,66.1,14.0,0.0,72.5,81.0,0.0,65.1,73.0,0.0,62.3,141.0,0.0,57.8
20.3,404.0,0.0,63.4,165.0,0.0,65.5,16.0,0.0,73.8,37.0,0.0,68.5,37.0,0.0,65.6,149.0,0.0,58.1
20.5,391.0,0.0,63.3,122.0,0.0,66.9,12.0,0.0,73.5,77.0,0.0,65.0,69.0,0.0,62.2,111.0,0.0,57.8
21.0,434.0,0.0,63.1,134.0,0.0,65.9,14.0,0.0,73.9,81.0,0.0,65.6,74.0,0.0,62.8,131.0,0.0,57.8
21.2,404.0,0.0,64.1,133.0,0.0,67.7,20.0,0.0,73.9,72.0,0.0,65.7,64.0,0.0,62.9,115.0,0.0,57.9
21.3,408.0,0.0,64.1,131.0,0.0,68.0,19.0,0.0,73.9,73.0,0.0,65.8,65.0,0.0,63.1,120.0,0.0,57.7
21.5,325.0,0.0,63.9,115.0,0.0,68.0,9.0,0.0,74.2,55.0,0.0,65.5,48.0,0.0,62.8,98.0,0.0,57.8
22.0,422.0,0.0,63.4,102.0,0.0,67.9,11.0,0.0,74.0,105.0,0.0,64.9,93.0,0.0,62.0,111.0,0.0,58.1
22.2,328.0,0.0,63.6,109.0,0.0,67.3,9.0,0.0,73.9,61.0,0.0,65.5,54.0,0.0,62.7,95.0,0.0,57.7
22.3,384.0,0.0,64.3,104.0,0.0,69.3,11.0,0.0,73.6,96.0,0.0,65.5,82.0,0.0,62.5,91.0,0.0,58.0
22.5,389.0,0.0,63.9,87.0,0.0,69.0,11.0,0.0,73.8,119.0,0.0,64.7,98.0,0.0,61.7,74.0,0.0,58.0
23.0,413.0,0.0,62.8,87.0,0.0,66.6,4.0,0.0,73.9,129.0,0.0,64.4,108.0,0.0,61.3,85.0,0.0,57.6
23.2,403.0,0.0,62.9,78.0,0.0,66.8,5.0,0.0,73.8,128.0,0.0,64.4,107.0,0.0,61.5,85.0,0.0,58.2
23.3,413.0,0.0,63.1,90.0,0.0,66.0,5.0,0.0,74.2,128.0,0.0,64.8,106.0,0.0,61.8,84.0,0.0,58.2
23.5,399.0,0.0,63.2,82.0,0.0,66.7,6.0,0.0,74.2,126.0,0.0,64.8,104.0,0.0,61.8,81.0,0.0,58.2
0.0,349.0,0.0,63.6,71.0,0.0,68.9,4.0,0.0,74.0,111.0,0.0,64.9,92.0,0.0,61.9,71.0,0.0,58.2
0.2,325.0,0.0,63.1,69.0,0.0,66.9,2.0,0.0,74.2,106.0,0.0,64.7,86.0,0.0,61.7,62.0,0.0,57.8
0.3,321.0,0.0,62.6,67.0,0.0,64.7,2.0,0.0,74.0,105.0,0.0,64.5,86.0,0.0,61.5,61.0,0.0,58.0
0.5,290.0,0.0,62.5,65.0,0.0,64.3,3.0,0.0,73.9,92.0,0.0,64.5,77.0,0.0,61.5,53.0,0.0,57.8
1.0,275.0,0.0,62.7,58.0,0.0,64.9,2.0,0.0,74.2,90.0,0.0,64.6,73.0,0.0,61.6,52.0,0.0,57.9
1.2,223.0,0.0,63.1,28.0,0.0,68.2,2.0,0.0,74.4,79.0,0.0,64.9,70.0,0.0,61.9,44.0,0.0,57.9
1.3,220.0,0.0,63.0,26.0,0.0,68.3,2.0,0.0,74.3,78.0,0.0,64.9,70.0,0.0,61.8,44.0,0.0,57.9
1.5,219.0,0.0,62.8,27.0,0.0,67.9,2.0,0.0,74.0,79.0,0.0,64.5,69.0,0.0,61.5,42.0,0.0,57.8
2.0,216.0,0.0,62.8,23.0,0.0,68.8,3.0,0.0,73.3,77.0,0.0,64.4,69.0,0.0,61.6,44.0,0.0,58.0
2.2,212.0,0.0,64.2,40.0,0.0,72.3,0.0,0.0,72.8,72.0,0.0,64.6,63.0,0.0,61.9,37.0,0.0,58.5
2.3,205.0,0.0,63.9,29.0,0.0,71.8,0.0,0.0,72.8,73.0,0.0,64.9,65.0,0.0,62.1,38.0,0.0,58.8
2.5,204.0,0.0,63.2,21.0,0.0,69.4,1.0,0.0,73.1,76.0,0.0,64.9,65.0,0.0,62.1,41.0,0.0,58.2
3.0,211.0,0.0,63.6,30.0,0.0,71.0,1.0,0.0,73.4,74.0,0.0,64.7,66.0,0.0,62.0,40.0,0.0,58.3
3.2,210.0,0.0,64.4,40.0,0.0,72.4,0.0,0.0,73.4,72.0,0.0,65.0,62.0,0.0,62.2,36.0,0.0,58.3
3.3,219.0,0.0,63.5,34.0,0.0,70.6,1.0,0.0,73.6,76.0,0.0,64.5,67.0,0.0,61.7,41.0,0.0,58.5
3.5,213.0,0.0,62.9,24.0,0.0,68.8,0.0,0.0,73.6,76.0,0.0,64.5,69.0,0.0,61.6,44.0,0.0,58.7
4.0,208.0,0.0,63.4,24.0,0.0,69.5,1.0,0.0,73.7,76.0,0.0,65.0,65.0,0.0,62.2,42.0,0.0,58.5
4.2,231.0,0.0,64.4,46.0,0.0,72.4,2.0,0.0,73.7,76.0,0.0,64.8,66.0,0.0,62.0,41.0,0.0,58.3
4.3,224.0,0.0,63.1,29.0,0.0,68.8,1.0,0.0,73.9,79.0,0.0,64.8,70.0,0.0,61.9,45.0,0.0,58.1
4.5,230.0,0.0,63.2,35.0,0.0,68.8,0.0,0.0,73.9,81.0,0.0,64.7,69.0,0.0,62.0,45.0,0.0,57.8
5.0,235.0,0.0,62.9,36.0,0.0,67.8,2.0,0.0,73.9,80.0,0.0,64.5,70.0,0.0,61.5,47.0,0.0,57.8
5.2,254.0,0.0,63.0,50.0,0.0,66.8,2.0,0.0,74.1,83.0,0.0,64.6,71.0,0.0,61.6,48.0,0.0,57.8
5.3,290.0,0.0,63.1,63.0,0.0,67.9,1.0,0.0,73.4,94.0,0.0,64.3,73.0,0.0,61.4,59.0,0.0,58.0
5.5,264.0,0.0,63.2,66.0,0.0,67.8,4.0,0.0,73.8,69.0,0.0,64.7,55.0,0.0,61.9,70.0,0.0,57.7
6.0,289.0,0.0,62.8,57.0,0.0,67.0,2.0,0.0,73.8,94.0,0.0,64.5,72.0,0.0,61.5,64.0,0.0,57.9
6.2,279.0,0.0,62.3,80.0,0.0,64.4,5.0,0.0,73.0,71.0,0.0,64.6,57.0,0.0,61.7,66.0,0.0,57.1
6.3,382.0,0.0,62.6,81.0,0.0,66.2,4.0,0.0,73.3,119.0,0.0,64.0,99.0,0.0,61.1,79.0,0.0,58.0
6.5,349.0,0.0,63.6,92.0,0.0,67.9,7.0,0.0,73.9,91.0,0.0,64.8,77.0,0.0,62.0,82.0,0.0,58.1
7.0,342.0,0.0,63.7,94.0,0.0,67.1,8.0,0.0,73.8,98.0,0.0,64.9,53.0,0.0,62.8,89.0,0.0,58.5
7.2,263.0,0.0,64.6,104.0,0.0,68.5,8.0,0.0,74.2,25.0,0.0,68.6,25.0,0.0,65.8,101.0,0.0,58.4
7.3,316.0,0.0,64.1,121.0,0.0,67.5,12.0,0.0,73.9,34.0,0.0,68.1,34.0,0.0,65.3,115.0,0.0,57.9
7.5,341.0,0.0,63.4,126.0,0.0,66.4,13.0,0.0,73.8,38.0,0.0,67.8,38.0,0.0,65.0,126.0,0.0,57.6
8.0,359.0,0.0,64.5,141.0,0.0,68.3,10.0,0.0,73.3,42.0,0.0,68.0,42.0,0.0,65.2,124.0,0.0,58.1
8.2,370.0,0.0,64.5,152.0,0.0,68.4,13.0,0.0,73.3,34.0,0.0,68.4,34.0,0.0,65.5,137.0,0.0,58.0
8.3,379.0,0.0,64.6,142.0,0.0,68.1,24.0,0.0,72.7,38.0,0.0,68.1,38.0,0.0,65.3,137.0,0.0,58.4
8.5,448.0,0.0,64.3,190.0,0.0,67.6,12.0,0.0,73.1,45.0,0.0,68.2,45.0,0.0,65.4,156.0,0.0,58.3
9.0,432.0,0.0,63.8,168.0,0.0,67.6,22.0,0.0,73.2,43.0,0.0,67.7,43.0,0.0,64.9,156.0,0.0,56.9
9.2,478.0,0.0,63.2,191.0,0.0,67.3,18.0,0.0,73.5,40.0,0.0,67.2,40.0,0.0,64.4,189.0,0.1,56.8
9.3,486.0,0.0,62.3,200.0,0.0,65.7,17.0,0.0,73.9,43.0,0.0,66.8,43.0,0.0,64.0,183.0,0.0,56.1
9.5,547.0,0.0,63.9,223.0,0.0,66.8,23.0,0.0,73.4,53.0,0.0,68.1,53.0,0.0,65.3,195.0,0.1,57.8
10.0,501.0,0.0,62.5,202.0,0.0,65.4,20.0,0.0,73.7,41.0,0.0,67.7,41.0,0.0,64.9,197.0,0.1,56.8
10.2,566.0,0.0,63.6,235.0,0.1,66.3,25.0,0.0,73.5,57.0,0.0,67.8,57.0,0.0,65.0,192.0,0.1,57.5
10.3,622.0,0.0,62.2,236.0,0.1,65.0,31.0,0.0,73.6,61.0,0.0,67.0,61.0,0.0,64.2,233.0,0.1,56.1
10.5,586.0,0.0,63.5,238.0,0.1,66.6,25.0,0.0,73.6,54.0,0.0,68.0,54.0,0.0,65.2,215.0,0.1,57.4
11.0,569.0,0.0,62.5,237.0,0.1,65.3,15.0,0.0,73.8,47.0,0.0,68.0,47.0,0.0,65.2,223.0,0.1,57.1
11.2,608.0,0.0,63.1,241.0,0.1,65.0,29.0,0.0,74.3,59.0,0.0,68.5,59.0,0.0,65.7,220.0,0.1,57.4
11.3,565.0,0.0,62.7,221.0,0.1,64.8,25.0,0.0,73.9,55.0,0.0,67.8,55.0,0.0,65.0,209.0,0.1,57.3
11.5,677.0,0.0,62.8,264.0,0.1,64.4,31.0,0.0,73.5,68.0,0.0,68.5,68.0,0.0,65.7,246.0,0.1,57.4
12.0,599.0,0.0,62.0,231.0,0.1,63.6,28.0,0.0,72.7,48.0,0.0,68.3,48.0,0.0,65.4,244.0,0.1,57.4
12.2,617.0,0.0,62.3,233.0,0.1,64.0,32.0,0.0,73.6,60.0,0.0,67.7,60.0,0.0,65.0,232.0,0.1,57.0
12.3,569.0,0.0,62.9,222.0,0.1,65.8,23.0,0.0,74.5,47.0,0.0,68.5,47.0,0.0,65.7,230.0,0.1,57.2
12.5,543.0,0.0,63.6,212.0,0.0,66.8,29.0,0.0,74.3,46.0,0.0,68.4,46.0,0.0,65.6,210.0,0.1,57.5
13.0,527.0,0.0,62.5,208.0,0.0,65.0,31.0,0.0,73.8,51.0,0.0,67.2,51.0,0.0,64.4,186.0,0.1,55.9
13.2,581.0,0.0,63.0,218.0,0.0,66.4,31.0,0.0,73.2,56.0,0.0,67.1,56.0,0.0,64.3,220.0,0.1,56.8
13.3,603.0,0.0,63.2,236.0,0.1,66.0,19.0,0.0,73.6,60.0,0.0,68.3,60.0,0.0,65.5,228.0,0.1,57.5
13.5,586.0,0.0,61.7,234.0,0.1,63.8,21.0,0.0,73.8,52.0,0.0,67.3,52.0,0.0,64.5,227.0,0.1,56.5
14.0,609.0,0.0,63.2,236.0,0.1,65.3,30.0,0.0,73.8,58.0,0.0,68.2,58.0,0.0,65.4,227.0,0.1,57.8
14.2,589.0,0.0,63.3,230.0,0.1,65.8,25.0,0.0,74.1,56.0,0.0,68.3,56.0,0.0,65.5,222.0,0.1,57.5
14.3,649.0,0.0,62.4,252.0,0.1,64.0,32.0,0.0,73.5,69.0,0.0,67.3,69.0,0.0,64.5,227.0,0.1,56.9
14.5,658.0,0.0,62.4,256.0,0.1,64.1,31.0,0.0,73.0,71.0,0.0,67.4,71.0,0.0,64.6,229.0,0.1,57.1
15.0,576.0,0.0,63.0,227.0,0.1,65.3,29.0,0.0,74.2,55.0,0.0,68.3,56.0,0.0,65.5,209.0,0.1,57.0
15.2,655.0,0.0,62.9,253.0,0.1,64.6,31.0,0.0,73.7,71.0,0.0,68.0,71.0,0.0,65.2,229.0,0.1,57.3
15.3,618.0,0.0,62.7,245.0,0.1,64.5,22.0,0.0,74.0,55.0,0.0,68.8,55.0,0.0,66.0,241.0,0.1,57.7
15.5,607.0,0.0,62.9,229.0,0.1,64.5,34.0,0.0,73.3,63.0,0.0,67.9,63.0,0.0,65.1,218.0,0.1,57.5
16.0,508.0,0.0,63.2,196.0,0.0,66.0,30.0,0.0,73.8,42.0,0.0,68.0,42.0,0.0,65.3,198.0,0.1,57.5
16.2,578.0,0.0,62.9,236.0,0.1,65.0,24.0,0.0,74.1,53.0,0.0,67.9,53.0,0.0,65.1,212.0,0.1,57.5
16.3,561.0,0.0,62.5,221.0,0.1,64.1,31.0,0.0,73.7,54.0,0.0,67.6,54.0,0.0,64.8,201.0,0.1,57.0
16.5,568.0,0.0,63.0,226.0,0.1,64.8,29.0,0.0,74.2,51.0,0.0,68.4,51.0,0.0,65.6,211.0,0.1,57.5
17.0,556.0,0.0,62.7,226.0,0.1,65.0,24.0,0.0,74.1,45.0,0.0,67.8,45.0,0.0,65.0,216.0,0.1,57.4
17.2,567.0,0.0,63.2,216.0,0.0,66.4,27.0,0.0,73.8,46.0,0.0,68.1,46.0,0.0,65.3,232.0,0.1,57.6
17.3,499.0,0.0,63.5,211.0,0.0,66.5,23.0,0.0,74.0,36.0,0.0,68.2,36.0,0.0,65.4,193.0,0.0,57.7
17.5,587.0,0.0,63.0,227.0,0.1,65.8,21.0,0.0,74.0,51.0,0.0,68.6,51.0,0.0,65.8,237.0,0.1,57.5
18.0,535.0,0.0,62.6,217.0,0.0,65.5,23.0,0.0,73.3,37.0,0.0,68.4,37.0,0.0,65.5,221.0,0.1,57.2
18.2,562.0,0.0,61.3,216.0,0.1,63.4,21.0,0.0,73.0,50.0,0.0,67.1,50.0,0.0,64.3,225.0,0.1,56.2
18.3,484.0,0.0,62.6,194.0,0.0,65.5,15.0,0.0,73.2,32.0,0.0,68.2,32.0,0.0,65.4,211.0,0.1,57.7
18.5,452.0,0.0,63.1,182.0,0.0,66.1,21.0,0.0,73.3,34.0,0.0,68.1,34.0,0.0,65.3,181.0,0.0,57.7
19.0,453.0,0.0,62.1,189.0,0.0,63.9,12.0,0.0,74.9,34.0,0.0,69.0,34.0,0.0,66.2,184.0,0.0,57.4
19.2,467.0,0.0,62.8,194.0,0.0,64.8,11.0,0.0,74.6,40.0,0.0,68.9,40.0,0.0,66.0,182.0,0.0,57.9
19.3,423.0,0.0,63.3,180.0,0.0,66.1,11.0,0.0,74.2,34.0,0.0,68.5,34.0,0.0,65.7,164.0,0.0,57.8
19.5,454.0,0.0,62.3,194.0,0.0,64.7,13.0,0.0,73.7,41.0,0.0,67.3,41.0,0.0,64.5,165.0,0.0,56.8
20.0,419.0,0.0,63.2,172.0,0.0,66.2,19.0,0.0,73.4,34.0,0.0,67.7,34.0,0.0,64.9,160.0,0.0,57.5
20.2,384.0,0.0,62.6,163.0,0.0,65.3,10.0,0.0,73.8,25.0,0.0,68.3,25.0,0.0,65.5,161.0,0.0,57.9
20.3,414.0,0.0,63.2,174.0,0.0,65.9,7.0,0.0,73.9,37.0,0.0,68.8,37.0,0.0,66.0,159.0,0.0,57.8
20.5,522.0,0.0,62.0,168.0,0.0,66.4,13.0,0.0,73.9,96.0,0.0,63.3,87.0,0.0,60.8,158.0,0.0,56.2
21.0,475.0,0.0,63.4,158.0,0.0,68.1,20.0,0.0,73.6,81.0,0.0,64.8,73.0,0.0,62.2,143.0,0.1,56.6
21.2,360.0,0.0,63.6,159.0,0.0,68.0,11.0,0.0,73.6,25.0,0.0,68.1,25.0,0.0,65.3,140.0,0.1,56.7
21.3,370.0,0.0,63.5,161.0,0.0,68.2,12.0,0.0,73.9,24.0,0.0,68.0,24.0,0.0,65.2,149.0,0.0,56.8
21.5,555.0,0.0,63.6,153.0,0.0,68.7,9.0,0.0,73.7,133.0,0.0,64.8,116.0,0.0,62.0,144.0,0.0,57.7
22.0,430.0,0.0,63.8,135.0,0.0,69.3,5.0,0.0,74.0,78.0,0.0,65.2,71.0,0.0,62.3,141.0,0.0,58.2
22.2,402.0,0.0,64.6,128.0,0.0,69.7,4.0,0.0,74.1,75.0,0.0,66.4,67.0,0.0,63.2,128.0,0.0,58.9
22.3,402.0,0.0,64.8,129.0,0.0,69.8,8.0,0.0,73.6,67.0,0.0,66.7,61.0,0.0,63.6,137.0,0.0,58.9
22.5,419.0,0.0,65.0,107.0,0.0,70.7,3.0,0.0,74.3,107.0,0.0,66.1,92.0,0.0,62.9,110.0,0.0,59.8
23.0,460.0,0.0,64.4,100.0,0.0,69.9,2.0,0.0,73.9,141.0,0.0,65.6,119.0,0.0,62.7,98.0,0.0,58.9
23.2,399.0,0.0,64.4,93.0,0.0,70.0,9.0,0.0,73.9,120.0,0.0,65.1,100.0,0.0,62.0,77.0,0.0,58.7
23.3,390.0,0.0,64.1,90.0,0.0,69.3,5.0,0.0,74.0,120.0,0.0,65.0,99.0,0.0,62.2,76.0,0.0,58.3
23.5,369.0,0.0,64.7,82.0,0.0,70.3,5.0,0.0,73.9,116.0,0.0,65.6,95.0,0.0,62.4,71.0,0.0,59.4
0.0,442.0,0.0,64.7,69.0,0.0,69.4,86.0,0.0,67.9,113.0,0.0,65.6,98.0,0.0,62.6,76.0,0.0,58.4
0.2,377.0,0.0,64.8,49.0,0.0,69.9,82.0,0.0,67.8,99.0,0.0,65.8,85.0,0.0,62.7,62.0,0.0,58.3
0.3,334.0,0.0,65.0,40.0,0.0,70.1,76.0,0.0,67.9,89.0,0.0,66.0,76.0,0.0,62.9,53.0,0.0,58.6
0.5,330.0,0.0,65.2,41.0,0.0,70.6,73.0,0.0,67.9,88.0,0.0,66.2,74.0,0.0,63.1,54.0,0.0,58.7
1.0,315.0,0.0,64.9,35.0,0.0,69.9,74.0,0.0,67.9,86.0,0.0,65.9,70.0,0.0,62.8,50.0,0.0,58.6
1.2,256.0,0.0,64.9,22.0,0.0,70.1,61.0,0.0,67.9,74.0,0.0,65.9,60.0,0.0,62.8,39.0,0.0,58.6
1.3,256.0,0.0,64.8,23.0,0.0,69.9,59.0,0.0,67.9,75.0,0.0,65.8,59.0,0.0,62.7,40.0,0.0,58.6
1.5,267.0,0.0,65.1,34.0,0.0,71.4,58.0,0.0,67.7,74.0,0.0,65.9,61.0,0.0,62.8,40.0,0.0,58.5
2.0,259.0,0.0,65.8,41.0,0.0,73.0,55.0,0.0,67.9,71.0,0.0,65.9,57.0,0.0,62.8,35.0,0.0,58.7
2.2,263.0,0.0,64.8,23.0,0.0,69.7,64.0,0.0,67.8,75.0,0.0,65.8,60.0,0.0,62.7,41.0,0.0,58.4
2.3,254.0,0.0,64.9,27.0,0.0,69.7,58.0,0.0,67.8,74.0,0.0,65.8,57.0,0.0,62.7,38.0,0.0,58.5
2.5,251.0,0.0,65.2,30.0,0.0,71.8,58.0,0.0,68.0,71.0,0.0,65.7,56.0,0.0,62.6,36.0,0.0,58.4
3.0,250.0,0.0,65.4,31.0,0.0,72.0,57.0,0.0,68.0,71.0,0.0,65.9,54.0,0.0,62.8,37.0,0.0,58.6
3.2,245.0,0.0,65.4,30.0,0.0,71.9,54.0,0.0,68.1,71.0,0.0,66.0,54.0,0.0,62.9,36.0,0.0,58.7
3.3,257.0,0.0,65.5,31.0,0.0,71.9,59.0,0.0,68.0,72.0,0.0,66.0,57.0,0.0,62.9,38.0,0.0,58.8
3.5,257.0,0.0,64.6,24.0,0.0,69.3,59.0,0.0,67.9,75.0,0.0,65.6,58.0,0.0,62.5,41.0,0.0,58.2
4.0,277.0,0.0,64.8,27.0,0.0,69.7,67.0,0.0,67.9,77.0,0.0,65.8,63.0,0.0,62.6,43.0,0.0,58.4
4.2,283.0,0.0,64.8,29.0,0.0,69.6,66.0,0.0,67.9,79.0,0.0,65.8,65.0,0.0,62.7,44.0,0.0,58.4
4.3,295.0,0.0,64.5,32.0,0.0,69.3,69.0,0.0,67.7,81.0,0.0,65.5,65.0,0.0,62.4,48.0,0.0,58.2
4.5,313.0,0.0,64.6,35.0,0.0,69.2,75.0,0.0,67.8,83.0,0.0,65.5,71.0,0.0,62.4,49.0,0.0,58.2
5.0,293.0,0.0,64.2,32.0,0.0,67.7,68.0,0.0,67.6,81.0,0.0,65.1,65.0,0.0,62.0,47.0,0.0,58.0
5.2,321.0,0.0,64.0,38.0,0.0,67.1,74.0,0.0,67.6,86.0,0.0,65.0,71.0,0.0,62.0,52.0,0.0,58.0
5.3,353.0,0.0,64.6,45.0,0.0,69.2,82.0,0.0,67.6,92.0,0.0,65.5,77.0,0.0,62.4,57.0,0.0,58.1
5.5,394.0,0.0,64.4,51.0,0.0,68.7,85.0,0.0,67.8,103.0,0.0,65.3,90.0,0.0,62.3,65.0,0.0,58.2
6.0,387.0,0.0,64.7,54.0,0.0,69.5,82.0,0.0,67.9,101.0,0.0,65.6,87.0,0.0,62.5,63.0,0.0,58.3
6.2,440.0,0.0,64.8,67.0,0.0,69.3,96.0,0.0,67.9,109.0,0.0,65.7,94.0,0.0,62.6,74.0,0.0,58.4
6.3,455.0,0.0,64.3,62.0,0.0,68.1,98.0,0.0,67.9,117.0,0.0,65.2,100.0,0.0,62.2,78.0,0.0,58.2
6.5,439.0,0.0,64.1,79.0,0.0,67.6,112.0,0.0,67.4,87.0,0.0,64.8,77.0,0.0,61.8,84.0,0.0,57.7
7.0,466.0,0.0,63.9,68.0,0.0,68.0,97.0,0.0,67.3,118.0,0.0,64.9,103.0,0.0,61.8,80.0,0.0,57.7
7.2,568.0,0.0,64.7,88.0,0.0,69.4,123.0,0.0,68.0,138.0,0.0,65.6,120.0,0.0,62.5,99.0,0.0,58.3
7.3,571.0,0.0,64.8,96.0,0.0,69.7,116.0,0.0,67.7,139.0,0.0,65.5,120.0,0.0,62.4,100.0,0.0,58.5
7.5,597.0,0.0,64.8,98.0,0.0,69.6,126.0,0.0,67.8,144.0,0.0,65.5,124.0,0.0,62.4,105.0,0.0,58.4
8.0,638.0,0.0,65.4,98.0,0.0,70.7,140.0,0.0,68.0,153.0,0.0,66.3,133.0,0.0,63.1,114.0,0.0,59.1
8.2,488.0,0.0,65.0,110.0,0.0,69.1,130.0,0.0,67.9,72.0,0.0,65.9,66.0,0.0,63.0,110.0,0.0,58.1
8.3,648.0,0.0,64.2,125.0,0.0,68.7,147.0,0.0,67.4,128.0,0.0,64.8,114.0,0.0,61.9,134.0,0.0,57.9
8.5,603.0,0.0,64.4,142.0,0.0,68.1,153.0,0.0,67.3,88.0,0.0,65.5,80.0,0.0,62.5,140.0,0.0,57.9
9.0,672.0,0.0,64.0,128.0,0.0,67.5,158.0,0.0,67.3,132.0,0.0,65.0,117.0,0.0,62.0,137.0,0.0,57.4
9.2,701.0,0.0,64.6,149.0,0.0,68.7,203.0,0.0,67.6,96.0,0.0,65.7,88.0,0.0,62.8,165.0,0.0,57.5
9.3,887.0,0.0,63.8,163.0,0.0,68.7,219.0,0.0,67.1,168.0,0.0,64.4,149.0,0.0,61.5,188.0,0.1,57.1
9.5,630.0,0.0,64.5,175.0,0.0,67.4,186.0,0.0,68.0,48.0,0.0,67.2,48.0,0.0,64.4,173.0,0.0,57.1
10.0,743.0,0.0,64.4,185.0,0.0,67.6,246.0,0.1,67.5,56.0,0.0,67.2,56.0,0.0,64.4,200.0,0.1,56.7
10.2,707.0,0.0,64.2,176.0,0.0,67.5,237.0,0.0,67.2,51.0,0.0,67.0,51.0,0.0,64.2,192.0,0.1,56.6
10.3,752.0,0.0,63.0,196.0,0.0,65.7,247.0,0.1,66.7,48.0,0.0,66.4,48.0,0.0,63.6,213.0,0.1,55.6
10.5,856.0,0.0,62.7,219.0,0.0,65.1,270.0,0.1,66.5,69.0,0.0,65.2,69.0,0.0,62.5,229.0,0.1,55.2
11.0,791.0,0.0,63.7,203.0,0.0,66.8,265.0,0.1,67.2,50.0,0.0,66.6,50.0,0.0,63.8,223.0,0.1,56.1
11.2,802.0,0.0,63.7,198.0,0.0,66.9,270.0,0.1,66.9,58.0,0.0,67.0,58.0,0.0,64.2,218.0,0.1,55.9
11.3,832.0,0.0,63.5,216.0,0.0,66.8,272.0,0.1,66.8,55.0,0.0,66.0,55.0,0.0,63.3,234.0,0.1,56.0
11.5,861.0,0.0,63.4,223.0,0.0,67.0,268.0,0.1,66.3,69.0,0.0,66.6,69.0,0.0,63.9,232.0,0.1,55.8
12.0,810.0,0.0,63.7,202.0,0.0,67.1,259.0,0.1,66.5,68.0,0.0,67.3,68.0,0.0,64.5,213.0,0.1,55.7
12.2,854.0,0.0,63.6,217.0,0.0,66.9,273.0,0.1,66.2,67.0,0.0,68.4,67.0,0.0,65.6,230.0,0.1,55.2
12.3,896.0,0.0,63.3,223.0,0.0,66.1,280.0,0.1,66.4,81.0,0.0,67.4,81.0,0.0,64.6,231.0,0.1,55.0
12.5,931.0,0.0,62.8,230.0,0.1,65.2,291.0,0.1,66.3,85.0,0.0,66.3,85.0,0.0,63.6,240.0,0.1,54.7
13.0,813.0,0.0,62.8,211.0,0.0,65.4,260.0,0.1,66.6,59.0,0.0,66.8,59.0,0.0,64.0,224.0,0.1,54.9
13.2,870.0,0.0,63.3,217.0,0.0,65.9,274.0,0.1,66.4,76.0,0.0,67.3,77.0,0.0,64.5,226.0,0.1,55.1
13.3,795.0,0.0,63.0,197.0,0.0,65.3,267.0,0.1,66.7,57.0,0.0,66.7,57.0,0.0,64.0,217.0,0.1,55.0
13.5,912.0,0.0,61.7,218.0,0.0,63.5,293.0,0.1,65.4,85.0,0.0,64.5,86.0,0.0,61.9,230.0,0.1,54.1
14.0,837.0,0.0,62.3,207.0,0.0,64.5,277.0,0.1,66.3,63.0,0.0,65.6,64.0,0.0,62.8,226.0,0.1,54.5
14.2,887.0,0.0,63.1,217.0,0.0,65.7,283.0,0.1,66.4,79.0,0.0,67.3,80.0,0.0,64.5,228.0,0.1,54.7
14.3,876.0,0.0,63.1,216.0,0.0,65.3,268.0,0.1,66.6,86.0,0.0,66.6,87.0,0.0,63.9,219.0,0.1,54.9
14.5,938.0,0.0,61.9,222.0,0.1,62.9,299.0,0.1,66.3,92.0,0.0,65.1,92.0,0.0,62.4,233.0,0.1,54.1
15.0,786.0,0.0,62.8,196.0,0.0,64.7,253.0,0.1,66.7,64.0,0.0,66.8,65.0,0.0,64.1,208.0,0.1,54.8
15.2,827.0,0.0,61.9,213.0,0.0,63.4,257.0,0.1,66.3,69.0,0.0,65.0,69.0,0.0,62.3,219.0,0.1,54.3
15.3,794.0,0.0,62.1,208.0,0.0,64.3,249.0,0.1,65.9,60.0,0.0,65.7,61.0,0.0,63.0,216.0,0.1,54.3
15.5,813.0,0.0,62.5,207.0,0.0,65.1,262.0,0.1,65.9,62.0,0.0,66.4,62.0,0.0,63.7,220.0,0.1,54.6
16.0,815.0,0.0,63.6,211.0,0.0,66.3,247.0,0.1,66.9,72.0,0.0,67.7,72.0,0.0,64.9,213.0,0.1,55.2
16.2,869.0,0.0,63.2,211.0,0.0,66.0,288.0,0.1,66.6,70.0,0.0,66.4,70.0,0.0,63.7,230.0,0.1,55.3
16.3,856.0,0.0,63.0,220.0,0.0,65.6,263.0,0.1,66.7,74.0,0.0,65.4,74.0,0.0,62.7,225.0,0.1,55.4
16.5,803.0,0.0,63.2,208.0,0.0,66.4,254.0,0.1,66.4,61.0,0.0,66.2,62.0,0.0,63.4,218.0,0.1,55.6
17.0,719.0,0.0,63.5,188.0,0.0,66.4,220.0,0.0,66.7,60.0,0.0,66.8,60.0,0.0,64.0,191.0,0.1,55.7
17.2,806.0,0.0,63.2,205.0,0.0,66.1,255.0,0.1,66.6,66.0,0.0,66.2,66.0,0.0,63.4,214.0,0.1,55.5
17.3,709.0,0.0,63.4,183.0,0.0,66.8,237.0,0.1,66.6,44.0,0.0,66.6,44.0,0.0,63.8,201.0,0.1,55.8
17.5,772.0,0.0,63.3,196.0,0.0,65.7,235.0,0.1,66.4,72.0,0.0,67.1,72.0,0.0,64.3,197.0,0.1,55.4
18.0,736.0,0.0,63.1,185.0,0.0,65.5,240.0,0.1,66.4,57.0,0.0,67.3,57.0,0.0,64.5,197.0,0.1,55.2
18.2,698.0,0.0,63.1,175.0,0.0,65.9,242.0,0.1,66.3,41.0,0.0,67.0,41.0,0.0,64.2,199.0,0.1,55.6
18.3,782.0,0.0,62.4,204.0,0.0,64.2,235.0,0.1,66.3,70.0,0.0,65.1,70.0,0.0,62.4,203.0,0.1,55.2
18.5,641.0,0.0,62.4,166.0,0.0,64.4,201.0,0.0,66.1,52.0,0.0,64.6,52.0,0.0,62.0,170.0,0.0,55.4
19.0,765.0,0.0,61.7,205.0,0.0,62.5,225.0,0.0,66.3,66.0,0.0,65.3,66.0,0.0,62.6,203.0,0.1,54.3
19.2,596.0,0.0,61.9,162.0,0.0,62.9,187.0,0.0,66.3,40.0,0.0,66.0,40.0,0.0,63.2,167.0,0.0,54.9
19.3,719.0,0.0,61.9,152.0,0.0,64.4,211.0,0.0,66.0,94.0,0.0,62.9,86.0,0.0,60.3,176.0,0.1,55.0
19.5,737.0,0.0,62.4,157.0,0.0,65.1,216.0,0.0,66.4,99.0,0.0,63.1,90.0,0.0,60.6,175.0,0.1,55.4
20.0,872.0,0.0,62.2,159.0,0.0,65.4,216.0,0.0,66.6,166.0,0.0,62.8,148.0,0.0,60.1,183.0,0.1,55.3
20.2,762.0,0.0,61.0,160.0,0.0,64.3,221.0,0.1,65.3,103.0,0.0,60.8,94.0,0.0,58.7,184.0,0.1,53.9
20.3,623.0,0.0,61.4,163.0,0.0,62.6,206.0,0.0,65.8,39.0,0.0,65.4,39.0,0.0,62.7,176.0,0.1,53.9
20.5,617.0,0.0,61.6,168.0,0.0,63.1,187.0,0.0,66.1,46.0,0.0,65.3,46.0,0.0,62.6,170.0,0.1,53.9
21.0,850.0,0.0,63.1,135.0,0.0,66.9,184.0,0.0,67.3,198.0,0.1,63.9,174.0,0.1,61.0,159.0,0.0,56.3
21.2,705.0,0.0,64.1,136.0,0.0,67.8,164.0,0.0,68.0,137.0,0.0,64.9,122.0,0.0,61.9,146.0,0.0,57.5
21.3,724.0,0.0,64.3,136.0,0.0,68.2,176.0,0.0,67.4,140.0,0.0,65.3,124.0,0.0,62.2,148.0,0.0,57.8
21.5,640.0,0.0,65.2,118.0,0.0,70.3,153.0,0.0,68.1,126.0,0.0,66.1,112.0,0.0,63.0,131.0,0.0,58.4
22.0,703.0,0.0,64.3,112.0,0.0,68.3,147.0,0.0,67.9,168.0,0.1,65.4,147.0,0.0,62.3,129.0,0.0,58.0
22.2,669.0,0.0,64.8,106.0,0.0,69.7,144.0,0.0,67.7,160.0,0.0,65.7,138.0,0.0,62.5,121.0,0.0,58.4
22.3,613.0,0.0,64.4,94.0,0.0,68.9,129.0,0.0,67.7,149.0,0.0,65.4,131.0,0.0,62.2,110.0,0.0,58.3
22.5,609.0,0.0,65.0,92.0,0.0,70.1,134.0,0.0,67.9,147.0,0.0,65.9,128.0,0.0,62.7,108.0,0.0,58.5
23.0,499.0,0.0,64.7,78.0,0.0,69.5,98.0,0.0,67.8,126.0,0.0,65.7,109.0,0.0,62.6,88.0,0.0,58.3
23.2,559.0,0.0,65.1,73.0,0.0,70.3,126.0,0.0,68.0,139.0,0.0,66.1,120.0,0.0,62.9,101.0,0.0,58.8
23.3,557.0,0.0,65.0,94.0,0.0,70.4,106.0,0.0,68.1,138.0,0.0,65.7,120.0,0.0,62.6,99.0,0.0,58.6
23.5,641.0,0.0,64.7,101.0,0.0,69.4,131.0,0.0,68.2,156.0,0.0,65.7,136.0,0.0,62.6,117.0,0.0,58.2
0.0,624.0,0.0,63.7,94.0,0.0,67.7,126.0,0.0,67.8,154.0,0.0,64.8,135.0,0.0,61.7,115.0,0.0,57.1
0.2,542.0,0.0,63.9,90.0,0.0,67.9,100.0,0.0,67.8,136.0,0.0,64.9,117.0,0.0,61.9,99.0,0.0,57.1
0.3,463.0,0.0,64.2,69.0,0.0,69.4,88.0,0.0,67.6,120.0,0.0,65.0,104.0,0.0,62.0,82.0,0.0,57.7
0.5,385.0,0.0,64.7,53.0,0.0,69.9,76.0,0.0,67.9,102.0,0.0,65.7,88.0,0.0,62.6,66.0,0.0,57.9
1.0,326.0,0.0,64.3,40.0,0.0,68.3,75.0,0.0,67.7,87.0,0.0,65.2,71.0,0.0,62.1,53.0,0.0,58.1
1.2,310.0,0.0,64.9,35.0,0.0,70.0,72.0,0.0,68.0,84.0,0.0,65.9,69.0,0.0,62.8,50.0,0.0,58.3
1.3,264.0,0.0,64.8,24.0,0.0,69.8,63.0,0.0,67.9,75.0,0.0,65.8,60.0,0.0,62.7,42.0,0.0,58.4
1.5,244.0,0.0,64.7,20.0,0.0,69.4,59.0,0.0,67.9,72.0,0.0,65.6,55.0,0.0,62.5,38.0,0.0,58.3
2.0,235.0,0.0,64.5,18.0,0.0,69.3,54.0,0.0,68.0,71.0,0.0,65.5,55.0,0.0,62.5,37.0,0.0,58.2
2.2,254.0,0.0,65.7,38.0,0.0,72.9,54.0,0.0,68.0,70.0,0.0,65.9,56.0,0.0,62.8,36.0,0.0,58.6
2.3,232.0,0.0,64.7,21.0,0.0,69.4,53.0,0.0,67.9,69.0,0.0,65.7,54.0,0.0,62.6,35.0,0.0,58.4
2.5,243.0,0.0,65.1,31.0,0.0,71.7,50.0,0.0,67.8,71.0,0.0,65.6,55.0,0.0,62.5,36.0,0.0,58.4
3.0,251.0,0.0,65.0,21.0,0.0,70.1,60.0,0.0,68.1,74.0,0.0,66.0,57.0,0.0,62.9,39.0,0.0,58.7
3.2,256.0,0.0,65.6,30.0,0.0,72.1,59.0,0.0,68.3,73.0,0.0,66.2,57.0,0.0,63.0,37.0,0.0,58.9
3.3,243.0,0.0,64.6,19.0,0.0,69.6,57.0,0.0,67.9,72.0,0.0,65.6,57.0,0.0,62.5,38.0,0.0,58.4
3.5,302.0,0.0,64.7,33.0,0.0,69.2,72.0,0.0,67.9,82.0,0.0,65.6,66.0,0.0,62.5,49.0,0.0,58.3
4.0,324.0,0.0,65.0,36.0,0.0,70.2,75.0,0.0,67.9,87.0,0.0,66.0,75.0,0.0,62.9,51.0,0.0,58.6
4.2,389.0,0.0,64.6,53.0,0.0,69.1,88.0,0.0,67.7,99.0,0.0,65.5,85.0,0.0,62.4,64.0,0.0,58.0
4.3,407.0,0.0,64.6,57.0,0.0,69.1,94.0,0.0,67.7,102.0,0.0,65.4,86.0,0.0,62.3,68.0,0.0,58.1
4.5,446.0,0.0,65.2,67.0,0.0,70.2,97.0,0.0,68.2,111.0,0.0,66.1,97.0,0.0,62.9,74.0,0.0,58.5
5.0,429.0,0.0,64.6,93.0,0.0,70.4,118.0,0.0,67.2,64.0,0.0,64.5,58.0,0.0,61.6,96.0,0.0,57.7
5.2,600.0,0.0,64.2,127.0,0.0,67.0,145.0,0.0,67.4,127.0,0.0,65.2,75.0,0.0,62.6,126.0,0.0,57.6
5.3,644.0,0.0,65.1,161.0,0.0,68.2,182.0,0.0,68.5,78.0,0.0,65.6,78.0,0.0,62.8,145.0,0.0,58.2
5.5,645.0,0.0,65.0,165.0,0.0,68.5,178.0,0.0,68.4,75.0,0.0,65.2,76.0,0.0,62.4,151.0,0.0,58.3
6.0,641.0,0.0,65.1,172.0,0.0,68.8,177.0,0.0,67.8,67.0,0.0,66.6,68.0,0.0,63.8,157.0,0.0,57.9
6.2,835.0,0.0,64.9,206.0,0.0,68.4,236.0,0.1,67.0,99.0,0.0,67.6,101.0,0.0,64.8,193.0,0.1,57.2
6.3,868.0,0.0,63.4,226.0,0.1,66.8,244.0,0.1,66.2,91.0,0.0,64.9,93.0,0.0,62.2,214.0,0.1,56.3
6.5,1043.0,0.1,59.9,257.0,0.1,63.1,281.0,0.1,63.0,136.0,0.0,60.1,136.0,0.0,57.5,233.0,0.1,53.7
7.0,995.0,0.1,61.7,251.0,0.1,64.4,262.0,0.1,64.4,130.0,0.0,64.1,130.0,0.0,61.4,222.0,0.1,54.0
7.2,1111.0,0.1,62.7,273.0,0.1,64.2,313.0,0.1,65.9,134.0,0.0,67.0,134.0,0.0,64.2,257.0,0.1,54.2
7.3,1184.0,0.1,61.9,282.0,0.1,63.2,320.0,0.1,64.8,163.0,0.0,65.9,163.0,0.0,63.2,256.0,0.1,53.3
7.5,1236.0,0.1,63.0,296.0,0.1,65.4,343.0,0.1,65.0,161.0,0.0,67.2,161.0,0.0,64.4,275.0,0.1,54.5
8.0,1090.0,0.1,62.0,261.0,0.1,62.8,316.0,0.1,65.1,130.0,0.0,66.3,131.0,0.0,63.5,252.0,0.1,54.3
8.2,1141.0,0.1,61.9,272.0,0.1,63.0,323.0,0.1,64.8,144.0,0.0,66.2,144.0,0.0,63.5,258.0,0.1,53.6
8.3,1045.0,0.1,61.5,251.0,0.1,62.7,300.0,0.1,65.1,127.0,0.0,64.6,127.0,0.0,61.9,240.0,0.1,53.7
8.5,1107.0,0.1,63.5,253.0,0.1,65.7,310.0,0.1,66.0,150.0,0.0,67.4,150.0,0.0,64.6,244.0,0.1,55.0
9.0,997.0,0.1,61.9,237.0,0.1,63.3,288.0,0.1,64.9,122.0,0.0,66.0,122.0,0.0,63.2,228.0,0.1,53.9
9.2,1012.0,0.1,60.8,248.0,0.1,61.4,276.0,0.1,64.9,131.0,0.0,63.5,131.0,0.0,60.9,226.0,0.1,53.5
9.3,933.0,0.0,63.5,225.0,0.1,65.6,262.0,0.1,66.0,117.0,0.0,67.1,117.0,0.0,64.3,212.0,0.1,55.6
9.5,1035.0,0.1,63.1,249.0,0.1,65.4,283.0,0.1,65.9,138.0,0.0,66.6,138.0,0.0,63.8,227.0,0.1,54.7
10.0,851.0,0.0,62.4,211.0,0.1,65.3,259.0,0.1,65.3,85.0,0.0,64.6,85.0,0.0,61.9,211.0,0.1,55.2
10.2,1020.0,0.1,62.8,248.0,0.1,64.6,282.0,0.1,65.8,131.0,0.0,66.3,131.0,0.0,63.5,228.0,0.1,54.9
10.3,967.0,0.1,62.5,230.0,0.1,63.8,293.0,0.1,65.7,106.0,0.0,67.0,107.0,0.0,64.3,231.0,0.1,54.1
10.5,969.0,0.1,62.2,242.0,0.1,64.5,288.0,0.1,65.2,99.0,0.0,66.0,99.0,0.0,63.3,241.0,0.1,54.4
11.0,845.0,0.0,61.6,203.0,0.1,64.0,270.0,0.1,65.0,79.0,0.0,63.8,79.0,0.0,61.1,214.0,0.1,54.4
11.2,978.0,0.1,61.8,236.0,0.1,62.4,301.0,0.1,65.8,100.0,0.0,65.6,101.0,0.0,62.9,240.0,0.1,54.0
11.3,977.0,0.1,61.9,242.0,0.1,63.6,286.0,0.1,65.4,106.0,0.0,65.9,106.0,0.0,63.2,237.0,0.1,53.7
11.5,979.0,0.1,63.0,239.0,0.1,65.2,285.0,0.1,65.3,112.0,0.0,68.4,112.0,0.0,65.5,231.0,0.1,53.9
12.0,961.0,0.1,62.4,239.0,0.1,63.8,282.0,0.1,65.7,103.0,0.0,66.6,103.0,0.0,63.9,234.0,0.1,54.6
12.2,960.0,0.1,60.2,232.0,0.1,60.8,282.0,0.1,64.2,110.0,0.0,62.6,110.0,0.0,60.0,226.0,0.1,53.7
12.3,922.0,0.1,60.6,231.0,0.1,62.5,276.0,0.1,64.1,93.0,0.0,62.5,93.0,0.0,59.9,229.0,0.1,53.8
12.5,957.0,0.1,61.5,241.0,0.1,62.6,283.0,0.1,65.4,97.0,0.0,65.1,97.0,0.0,62.4,239.0,0.1,53.8
13.0,873.0,0.0,61.8,223.0,0.1,63.7,263.0,0.1,65.2,82.0,0.0,64.1,82.0,0.0,61.4,223.0,0.1,54.9
13.2,927.0,0.1,61.1,230.0,0.1,62.8,290.0,0.1,64.9,84.0,0.0,63.8,84.0,0.0,61.2,239.0,0.1,53.6
13.3,974.0,0.1,62.2,235.0,0.1,64.8,294.0,0.1,65.5,104.0,0.0,64.0,104.0,0.0,61.4,237.0,0.1,55.0
13.5,1098.0,0.1,62.1,268.0,0.1,63.8,317.0,0.1,65.9,127.0,0.0,65.2,127.0,0.0,62.4,259.0,0.1,53.9
14.0,984.0,0.1,61.6,238.0,0.1,62.2,296.0,0.1,65.8,102.0,0.0,65.4,103.0,0.0,62.6,245.0,0.1,53.9
14.2,1049.0,0.1,61.6,255.0,0.1,63.7,317.0,0.1,65.1,110.0,0.0,64.4,110.0,0.0,61.7,257.0,0.1,53.8
14.3,1076.0,0.1,62.4,265.0,0.1,63.4,314.0,0.1,65.8,119.0,0.0,67.9,120.0,0.0,65.1,258.0,0.1,53.5
14.5,1202.0,0.1,62.3,289.0,0.1,64.2,349.0,0.1,65.9,141.0,0.0,65.6,142.0,0.0,62.9,281.0,0.1,54.1
15.0,1093.0,0.1,63.2,263.0,0.1,65.5,309.0,0.1,66.3,135.0,0.0,66.4,136.0,0.0,63.6,250.0,0.1,54.9
15.2,1160.0,0.1,63.8,277.0,0.1,66.1,353.0,0.1,66.6,124.0,0.0,69.4,124.0,0.0,66.5,282.0,0.1,54.3
15.3,1206.0,0.1,63.1,288.0,0.1,64.6,354.0,0.1,66.4,141.0,0.0,68.0,141.0,0.0,65.2,282.0,0.1,53.8
15.5,1176.0,0.1,63.1,281.0,0.1,64.5,336.0,0.1,66.2,146.0,0.0,68.4,146.0,0.0,65.6,267.0,0.1,53.5
16.0,1245.0,0.1,63.0,290.0,0.1,64.5,344.0,0.1,66.4,169.0,0.0,66.8,169.0,0.0,64.1,273.0,0.1,54.2
16.2,1232.0,0.1,62.5,290.0,0.1,63.8,354.0,0.1,66.5,155.0,0.0,65.8,155.0,0.0,63.0,278.0,0.1,54.1
16.3,1192.0,0.1,62.4,286.0,0.1,63.7,345.0,0.1,66.5,142.0,0.0,65.7,142.0,0.0,63.0,277.0,0.1,54.0
16.5,1188.0,0.1,61.8,282.0,0.1,62.4,331.0,0.1,66.2,156.0,0.0,65.3,157.0,0.0,62.6,262.0,0.1,53.1
17.0,1339.0,0.1,62.8,316.0,0.1,64.2,371.0,0.1,66.4,177.0,0.0,66.4,178.0,0.0,63.7,297.0,0.1,54.1
17.2,1350.0,0.1,62.1,321.0,0.1,63.2,354.0,0.1,65.9,195.0,0.1,65.3,195.0,0.1,62.6,285.0,0.1,53.6
17.3,1267.0,0.1,62.4,297.0,0.1,64.0,364.0,0.1,66.1,160.0,0.0,65.3,161.0,0.0,62.6,285.0,0.1,54.1
17.5,1183.0,0.1,63.5,282.0,0.1,65.5,328.0,0.1,66.8,156.0,0.0,66.9,156.0,0.0,64.2,261.0,0.1,54.9
18.0,1253.0,0.1,60.0,293.0,0.1,60.8,366.0,0.1,64.2,155.0,0.0,62.7,155.0,0.0,60.1,284.0,0.1,52.0
18.2,1169.0,0.1,60.1,287.0,0.1,61.0,321.0,0.1,64.5,148.0,0.0,62.9,148.0,0.0,60.3,265.0,0.1,52.1
18.3,1056.0,0.1,62.4,255.0,0.1,64.1,334.0,0.1,66.5,100.0,0.0,66.1,101.0,0.0,63.3,266.0,0.1,54.2
18.5,890.0,0.0,62.2,229.0,0.1,64.2,280.0,0.1,66.4,71.0,0.0,65.0,71.0,0.0,62.3,239.0,0.1,54.5
19.0,968.0,0.0,63.2,238.0,0.1,65.4,287.0,0.1,66.9,104.0,0.0,66.4,104.0,0.0,63.6,235.0,0.1,55.2
19.2,938.0,0.0,63.6,237.0,0.1,66.4,274.0,0.1,66.7,97.0,0.0,67.2,97.0,0.0,64.4,233.0,0.1,55.4
19.3,805.0,0.0,63.6,202.0,0.0,67.0,257.0,0.1,66.6,67.0,0.0,65.3,67.0,0.0,62.6,212.0,0.1,56.4
19.5,811.0,0.0,63.6,198.0,0.0,67.4,262.0,0.1,66.6,70.0,0.0,64.9,70.0,0.0,62.2,211.0,0.1,56.4
20.0,719.0,0.0,64.1,182.0,0.0,67.2,227.0,0.1,67.2,61.0,0.0,67.1,61.0,0.0,64.3,188.0,0.1,56.3
20.2,641.0,0.0,64.0,160.0,0.0,67.0,217.0,0.0,67.6,43.0,0.0,66.3,43.0,0.0,63.6,178.0,0.1,56.5
20.3,626.0,0.0,64.8,137.0,0.0,68.6,180.0,0.0,68.0,83.0,0.0,66.2,76.0,0.0,63.2,150.0,0.0,57.4
20.5,547.0,0.0,64.3,112.0,0.0,68.4,165.0,0.0,67.7,74.0,0.0,64.9,67.0,0.0,62.0,129.0,0.0,57.5
21.0,504.0,0.0,64.1,113.0,0.0,68.4,147.0,0.0,67.1,64.0,0.0,64.6,58.0,0.0,61.7,122.0,0.0,57.2
21.2,430.0,0.0,63.9,110.0,0.0,67.0,143.0,0.0,66.9,31.0,0.0,65.5,31.0,0.0,62.8,115.0,0.0,57.0
21.3,657.0,0.0,63.7,119.0,0.0,67.6,166.0,0.0,67.3,125.0,0.0,64.4,111.0,0.0,61.5,136.0,0.0,56.9
21.5,554.0,0.0,64.2,83.0,0.0,68.4,121.0,0.0,67.5,135.0,0.0,65.0,118.0,0.0,62.0,97.0,0.0,58.0
22.0,599.0,0.0,63.8,91.0,0.0,68.3,131.0,0.0,67.2,145.0,0.0,64.7,126.0,0.0,61.7,106.0,0.0,57.2
22.2,501.0,0.0,64.8,99.0,0.0,69.3,113.0,0.0,67.8,100.0,0.0,65.7,88.0,0.0,62.7,101.0,0.0,58.0
22.3,469.0,0.0,64.5,75.0,0.0,69.4,96.0,0.0,67.7,118.0,0.0,65.4,99.0,0.0,62.3,81.0,0.0,57.9
22.5,480.0,0.0,64.3,78.0,0.0,69.3,94.0,0.0,67.5,120.0,0.0,65.1,104.0,0.0,61.9,84.0,0.0,58.1
23.0,412.0,0.0,64.3,76.0,0.0,68.8,98.0,0.0,67.1,83.0,0.0,65.3,73.0,0.0,62.1,82.0,0.0,57.7
23.2,425.0,0.0,64.7,60.0,0.0,69.5,93.0,0.0,67.7,108.0,0.0,65.6,92.0,0.0,62.5,72.0,0.0,58.0
23.3,353.0,0.0,64.9,46.0,0.0,69.7,84.0,0.0,67.9,91.0,0.0,65.9,75.0,0.0,62.7,57.0,0.0,58.1
23.5,331.0,0.0,64.7,38.0,0.0,69.6,72.0,0.0,67.9,91.0,0.0,65.7,77.0,0.0,62.6,53.0,0.0,58.1
0.0,228.0,0.0,64.0,31.0,0.0,69.9,3.0,0.0,73.7,79.0,0.0,65.5,70.0,0.0,62.7,45.0,0.0,58.6
0.2,238.0,0.0,64.3,49.0,0.0,70.9,0.0,0.0,73.6,78.0,0.0,65.2,67.0,0.0,62.4,44.0,0.0,58.4
0.3,223.0,0.0,63.7,29.0,0.0,69.9,1.0,0.0,73.4,78.0,0.0,65.4,70.0,0.0,62.4,45.0,0.0,58.7
0.5,212.0,0.0,63.4,23.0,0.0,69.4,2.0,0.0,73.2,77.0,0.0,65.1,67.0,0.0,62.3,43.0,0.0,58.4
1.0,198.0,0.0,64.1,35.0,0.0,72.4,2.0,0.0,73.6,70.0,0.0,64.5,58.0,0.0,61.8,33.0,0.0,58.2
1.2,209.0,0.0,65.3,47.0,0.0,73.4,0.0,0.0,73.6,72.0,0.0,65.3,57.0,0.0,62.5,33.0,0.0,58.6
1.3,201.0,0.0,63.7,18.0,0.0,69.7,3.0,0.0,75.0,73.0,0.0,65.6,67.0,0.0,62.6,40.0,0.0,58.8
1.5,219.0,0.0,64.8,39.0,0.0,71.7,0.0,0.0,75.6,75.0,0.0,65.9,64.0,0.0,62.9,41.0,0.0,59.3
2.0,211.0,0.0,65.3,42.0,0.0,72.9,0.0,0.0,75.6,73.0,0.0,65.9,58.0,0.0,62.9,38.0,0.0,59.2
2.2,199.0,0.0,64.6,32.0,0.0,71.7,0.0,0.0,75.6,74.0,0.0,65.8,56.0,0.0,62.7,37.0,0.0,59.2
2.3,196.0,0.0,65.0,34.0,0.0,72.8,3.0,0.0,74.8,69.0,0.0,65.7,57.0,0.0,62.6,33.0,0.0,58.8
2.5,190.0,0.0,64.9,35.0,0.0,72.8,1.0,0.0,74.5,69.0,0.0,65.4,55.0,0.0,62.5,30.0,0.0,58.7
3.0,202.0,0.0,63.4,20.0,0.0,69.4,2.0,0.0,74.8,75.0,0.0,65.1,65.0,0.0,62.3,40.0,0.0,58.4
3.2,207.0,0.0,64.4,33.0,0.0,71.6,1.0,0.0,74.2,75.0,0.0,65.4,60.0,0.0,62.6,38.0,0.0,58.7
3.3,217.0,0.0,63.0,27.0,0.0,68.6,2.0,0.0,74.1,77.0,0.0,64.6,68.0,0.0,61.8,43.0,0.0,57.9
3.5,236.0,0.0,63.2,36.0,0.0,68.7,1.0,0.0,74.0,82.0,0.0,64.6,70.0,0.0,61.7,47.0,0.0,58.6
4.0,190.0,0.0,62.8,34.0,0.0,67.3,2.0,0.0,74.0,55.0,0.0,64.7,50.0,0.0,62.0,49.0,0.0,58.0
4.2,255.0,0.0,63.5,47.0,0.0,68.8,3.0,0.0,74.2,85.0,0.0,64.6,71.0,0.0,61.8,49.0,0.0,58.1
4.3,267.0,0.0,63.4,66.0,0.0,68.1,2.0,0.0,74.2,75.0,0.0,64.9,60.0,0.0,62.0,64.0,0.0,57.8
4.5,304.0,0.0,63.5,66.0,0.0,68.6,4.0,0.0,73.9,96.0,0.0,64.6,72.0,0.0,61.8,66.0,0.0,57.7
5.0,341.0,0.0,63.2,92.0,0.0,68.0,2.0,0.0,74.0,89.0,0.0,64.3,75.0,0.0,61.5,83.0,0.0,57.8
5.2,374.0,0.0,62.6,122.0,0.0,65.6,8.0,0.0,73.8,74.0,0.0,64.5,66.0,0.0,62.0,104.0,0.0,57.4
5.3,376.0,0.0,65.2,156.0,0.0,69.2,6.0,0.0,74.0,44.0,0.0,67.8,44.0,0.0,65.1,126.0,0.0,58.9
5.5,434.0,0.0,66.1,173.0,0.0,70.0,10.0,0.0,74.1,50.0,0.0,69.8,50.0,0.0,66.9,151.0,0.0,59.4
6.0,386.0,0.0,64.1,168.0,0.0,67.3,7.0,0.0,75.6,40.0,0.0,68.4,40.0,0.0,65.5,131.0,0.0,57.7
6.2,486.0,0.0,62.5,203.0,0.0,65.0,10.0,0.0,72.2,55.0,0.0,66.6,55.0,0.0,63.8,163.0,0.0,56.8
6.3,620.0,0.0,62.4,240.0,0.1,67.0,16.0,0.0,64.8,81.0,0.0,64.4,82.0,0.0,61.7,201.0,0.1,56.2
6.5,694.0,0.0,60.7,273.0,0.1,64.6,23.0,0.0,65.6,87.0,0.0,63.2,89.0,0.0,60.5,222.0,0.1,54.6
7.0,630.0,0.0,57.3,245.0,0.1,63.2,30.0,0.0,42.5,74.0,0.0,56.5,74.0,0.0,54.1,207.0,0.1,54.0
7.2,773.0,0.1,54.3,282.0,0.1,64.2,45.0,0.1,27.3,98.0,0.0,49.3,98.0,0.0,47.1,250.0,0.1,52.5
7.3,729.0,0.1,53.1,268.0,0.1,63.7,45.0,0.1,23.0,87.0,0.0,45.5,88.0,0.0,43.4,241.0,0.1,53.3
7.5,886.0,0.1,53.1,322.0,0.1,64.0,53.0,0.1,23.4,123.0,0.1,47.7,123.0,0.1,45.6,265.0,0.1,51.6
8.0,717.0,0.1,53.9,259.0,0.1,65.4,55.0,0.1,23.9,91.0,0.0,47.7,93.0,0.0,45.5,219.0,0.1,53.9
8.2,780.0,0.1,53.4,279.0,0.1,64.6,55.0,0.1,23.9,97.0,0.0,47.6,98.0,0.0,45.5,251.0,0.1,52.8
8.3,860.0,0.1,51.0,303.0,0.1,60.8,61.0,0.1,24.2,114.0,0.1,46.6,115.0,0.1,44.5,267.0,0.1,50.5
8.5,792.0,0.1,51.9,287.0,0.1,61.9,49.0,0.1,23.9,102.0,0.0,46.8,102.0,0.0,44.6,252.0,0.1,51.1
9.0,706.0,0.1,53.5,253.0,0.1,64.5,50.0,0.1,25.0,86.0,0.0,48.7,86.0,0.0,46.5,231.0,0.1,52.1
9.2,670.0,0.1,54.4,243.0,0.1,65.5,46.0,0.1,25.7,75.0,0.0,49.3,75.0,0.0,47.2,231.0,0.1,52.5
9.3,626.0,0.1,53.9,230.0,0.1,64.7,45.0,0.1,24.9,72.0,0.0,47.1,72.0,0.0,45.0,207.0,0.1,53.7
9.5,663.0,0.1,55.2,245.0,0.1,66.5,39.0,0.1,23.7,80.0,0.0,48.8,80.0,0.0,46.7,219.0,0.1,53.5
10.0,740.0,0.1,53.7,277.0,0.1,59.9,38.0,0.0,42.6,86.0,0.0,53.3,86.0,0.0,50.9,253.0,0.1,49.7
10.2,652.0,0.0,56.4,235.0,0.1,63.0,41.0,0.0,50.5,68.0,0.0,59.8,69.0,0.0,57.3,239.0,0.1,49.9
10.3,621.0,0.0,57.9,228.0,0.1,63.2,32.0,0.0,50.9,70.0,0.0,61.2,70.0,0.0,58.6,221.0,0.1,52.1
10.5,612.0,0.1,57.9,218.0,0.1,64.0,45.0,0.1,50.6,70.0,0.0,59.2,70.0,0.0,56.7,209.0,0.1,53.1
11.0,527.0,0.0,59.3,203.0,0.1,63.1,29.0,0.0,55.9,53.0,0.0,62.1,53.0,0.0,59.5,189.0,0.1,54.8
11.2,578.0,0.0,62.1,220.0,0.1,63.0,28.0,0.0,78.1,63.0,0.0,69.0,63.0,0.0,66.2,204.0,0.1,55.5
11.3,633.0,0.0,62.4,236.0,0.1,61.6,38.0,0.0,81.8,74.0,0.0,70.0,74.0,0.0,67.1,211.0,0.1,55.4
11.5,614.0,0.0,62.9,222.0,0.1,62.9,40.0,0.0,82.5,64.0,0.0,71.1,64.0,0.0,68.2,224.0,0.1,55.7
12.0,637.0,0.0,61.0,244.0,0.1,63.1,24.0,0.0,75.2,70.0,0.0,66.8,70.0,0.0,64.0,229.0,0.1,54.7
12.2,618.0,0.0,60.1,236.0,0.1,62.3,26.0,0.0,73.3,66.0,0.0,65.5,66.0,0.0,62.8,224.0,0.1,54.0
12.3,599.0,0.0,59.9,237.0,0.1,60.7,28.0,0.0,73.8,62.0,0.0,65.6,62.0,0.0,62.9,210.0,0.1,54.6
12.5,627.0,0.0,60.4,238.0,0.1,63.1,30.0,0.0,67.8,70.0,0.0,64.8,70.0,0.0,62.0,219.0,0.1,54.6
13.0,613.0,0.0,58.6,232.0,0.1,64.0,36.0,0.0,54.9,68.0,0.0,60.3,69.0,0.0,57.8,208.0,0.1,53.2
13.2,605.0,0.0,61.6,225.0,0.1,63.7,39.0,0.0,69.6,62.0,0.0,66.9,62.0,0.0,64.2,217.0,0.1,55.6
13.3,628.0,0.0,60.9,241.0,0.1,63.3,36.0,0.0,68.6,64.0,0.0,65.5,64.0,0.0,62.8,223.0,0.1,55.1
13.5,694.0,0.0,57.7,259.0,0.1,65.5,41.0,0.0,45.3,77.0,0.0,57.3,77.0,0.0,54.8,240.0,0.1,52.6
14.0,667.0,0.0,56.6,258.0,0.1,64.3,33.0,0.0,40.1,76.0,0.0,54.6,76.0,0.0,52.2,224.0,0.1,52.4
14.2,759.0,0.0,58.7,282.0,0.1,59.3,35.0,0.0,69.1,95.0,0.0,63.8,95.0,0.0,61.2,252.0,0.1,53.5
14.3,742.0,0.0,61.3,272.0,0.1,61.2,45.0,0.0,74.2,87.0,0.0,67.6,87.0,0.0,64.8,251.0,0.1,55.6
14.5,742.0,0.0,63.3,277.0,0.1,65.4,45.0,0.0,72.8,85.0,0.0,69.3,85.0,0.0,66.5,250.0,0.1,56.3
15.0,777.0,0.1,56.3,289.0,0.1,62.8,35.0,0.0,45.6,88.0,0.0,58.3,89.0,0.0,55.7,276.0,0.1,50.4
15.2,760.0,0.1,53.6,282.0,0.1,62.7,39.0,0.1,30.3,90.0,0.0,50.6,91.0,0.0,48.4,258.0,0.1,50.0
15.3,827.0,0.1,51.4,300.0,0.1,60.9,46.0,0.1,26.6,100.0,0.0,48.3,100.0,0.0,46.1,281.0,0.1,48.3
15.5,737.0,0.1,53.7,270.0,0.1,64.9,48.0,0.1,24.4,93.0,0.0,49.3,93.0,0.0,47.1,233.0,0.1,51.0
16.0,754.0,0.1,53.2,276.0,0.1,64.5,57.0,0.1,23.9,101.0,0.0,47.8,101.0,0.0,45.7,219.0,0.1,52.3
16.2,741.0,0.1,51.8,257.0,0.1,63.3,62.0,0.1,23.3,100.0,0.1,46.9,100.0,0.1,44.8,222.0,0.1,51.8
16.3,784.0,0.1,52.3,268.0,0.1,64.3,63.0,0.1,22.2,109.0,0.1,45.9,109.0,0.1,43.8,235.0,0.1,53.7
16.5,744.0,0.1,52.7,263.0,0.1,63.8,53.0,0.1,22.5,93.0,0.0,45.5,93.0,0.0,43.4,242.0,0.1,53.6
17.0,786.0,0.1,53.7,279.0,0.1,65.2,50.0,0.1,23.7,109.0,0.0,48.5,109.0,0.0,46.3,239.0,0.1,52.4
17.2,817.0,0.1,53.9,288.0,0.1,65.3,51.0,0.1,24.2,112.0,0.0,48.1,112.0,0.0,46.0,254.0,0.1,53.0
17.3,897.0,0.1,41.2,306.0,0.1,47.0,46.0,0.1,24.1,143.0,0.1,44.4,143.0,0.1,42.4,259.0,0.1,35.0
17.5,879.0,0.1,32.4,304.0,0.2,35.0,42.0,0.1,23.3,158.0,0.1,34.8,158.0,0.1,33.0,217.0,0.2,28.3
18.0,885.0,0.1,40.1,305.0,0.1,31.7,42.0,0.1,60.1,147.0,0.1,49.7,147.0,0.1,47.4,244.0,0.1,36.9
18.2,785.0,0.1,50.5,279.0,0.1,42.1,43.0,0.1,68.0,113.0,0.0,60.7,113.0,0.0,58.1,237.0,0.1,48.7
18.3,674.0,0.0,60.6,248.0,0.1,59.3,41.0,0.1,73.1,80.0,0.0,67.2,80.0,0.0,64.4,225.0,0.1,56.2
18.5,664.0,0.0,63.2,253.0,0.1,64.4,33.0,0.0,75.5,80.0,0.0,68.6,80.0,0.0,65.8,218.0,0.1,57.1
19.0,640.0,0.0,62.9,240.0,0.1,66.0,27.0,0.0,70.5,68.0,0.0,67.7,70.0,0.0,64.9,235.0,0.1,56.8
19.2,521.0,0.0,62.8,203.0,0.0,65.6,22.0,0.0,75.5,53.0,0.0,68.0,53.0,0.0,65.2,190.0,0.1,56.4
19.3,502.0,0.0,64.7,186.0,0.0,68.5,29.0,0.0,76.1,48.0,0.0,69.4,48.0,0.0,66.6,191.0,0.1,57.5
19.5,555.0,0.0,64.7,214.0,0.0,68.5,24.0,0.0,76.5,56.0,0.0,69.4,56.0,0.0,66.6,205.0,0.1,57.5
20.0,429.0,0.0,62.2,176.0,0.0,65.2,13.0,0.0,74.3,38.0,0.0,67.4,39.0,0.0,64.6,163.0,0.0,56.2
20.2,605.0,0.0,55.6,234.0,0.1,56.5,13.0,0.0,74.1,55.0,0.0,64.0,56.0,0.0,61.2,247.0,0.1,50.7
20.3,363.0,0.0,62.2,151.0,0.0,64.1,16.0,0.0,73.8,33.0,0.0,67.5,33.0,0.0,64.7,130.0,0.0,56.7
20.5,340.0,0.0,64.8,129.0,0.0,68.9,25.0,0.0,73.7,33.0,0.0,67.7,33.0,0.0,64.9,120.0,0.0,57.5
21.0,291.0,0.0,65.0,117.0,0.0,69.2,18.0,0.0,74.1,27.0,0.0,68.1,27.0,0.0,65.3,102.0,0.0,57.7
21.2,255.0,0.0,64.6,98.0,0.0,68.7,19.0,0.0,73.8,21.0,0.0,67.8,21.0,0.0,65.1,96.0,0.0,57.6
21.3,381.0,0.0,64.7,114.0,0.0,69.7,11.0,0.0,73.9,77.0,0.0,66.5,69.0,0.0,63.7,110.0,0.0,58.1
21.5,495.0,0.0,64.1,105.0,0.0,70.3,11.0,0.0,74.0,148.0,0.0,64.9,126.0,0.0,61.8,105.0,0.0,58.2
22.0,373.0,0.0,64.2,108.0,0.0,68.9,10.0,0.0,73.9,92.0,0.0,65.0,78.0,0.0,62.2,85.0,0.0,57.9
22.2,330.0,0.0,63.7,90.0,0.0,68.0,7.0,0.0,74.2,83.0,0.0,65.5,71.0,0.0,62.4,79.0,0.0,57.1
22.3,315.0,0.0,64.3,89.0,0.0,69.7,6.0,0.0,73.9,79.0,0.0,65.4,68.0,0.0,62.3,73.0,0.0,57.7
22.5,297.0,0.0,64.2,79.0,0.0,69.4,8.0,0.0,73.8,74.0,0.0,65.1,65.0,0.0,62.0,71.0,0.0,58.1
23.0,298.0,0.0,63.0,59.0,0.0,66.8,7.0,0.0,73.7,97.0,0.0,64.3,77.0,0.0,61.4,58.0,0.0,58.0
23.2,284.0,0.0,63.7,61.0,0.0,68.6,4.0,0.0,73.7,91.0,0.0,65.0,74.0,0.0,62.0,54.0,0.0,57.9
23.3,248.0,0.0,64.1,51.0,0.0,69.7,12.0,0.0,72.0,68.0,0.0,65.3,57.0,0.0,62.1,60.0,0.0,58.1
23.5,244.0,0.0,64.0,43.0,0.0,69.8,2.0,0.0,73.6,82.0,0.0,65.4,70.0,0.0,62.5,47.0,0.0,58.3
0.0,234.0,0.0,63.9,35.0,0.0,69.9,0.0,0.0,74.0,82.0,0.0,65.5,69.0,0.0,62.7,48.0,0.0,58.8
0.2,209.0,0.0,64.2,30.0,0.0,71.6,4.0,0.0,74.0,73.0,0.0,65.1,64.0,0.0,62.3,38.0,0.0,58.5
0.3,227.0,0.0,64.7,35.0,0.0,71.9,6.0,0.0,73.4,76.0,0.0,65.6,68.0,0.0,62.8,42.0,0.0,58.8
0.5,200.0,0.0,63.8,19.0,0.0,69.8,3.0,0.0,73.3,75.0,0.0,65.6,64.0,0.0,62.5,39.0,0.0,58.8
1.0,195.0,0.0,63.5,28.0,0.0,70.6,1.0,0.0,73.8,72.0,0.0,64.5,58.0,0.0,61.7,36.0,0.0,58.2
1.2,203.0,0.0,63.9,32.0,0.0,71.2,1.0,0.0,73.8,74.0,0.0,64.9,59.0,0.0,62.2,37.0,0.0,58.3
1.3,199.0,0.0,64.0,32.0,0.0,71.2,0.0,0.0,73.8,73.0,0.0,65.2,57.0,0.0,62.3,37.0,0.0,58.3
1.5,199.0,0.0,63.7,35.0,0.0,70.4,0.0,0.0,73.8,74.0,0.0,64.7,54.0,0.0,61.9,36.0,0.0,57.9
2.0,197.0,0.0,63.9,34.0,0.0,70.8,1.0,0.0,73.8,72.0,0.0,64.9,54.0,0.0,62.1,36.0,0.0,58.0
2.2,195.0,0.0,64.7,44.0,0.0,72.9,0.0,0.0,73.8,69.0,0.0,64.5,52.0,0.0,61.8,30.0,0.0,58.1
2.3,195.0,0.0,64.3,33.0,0.0,72.7,0.0,0.0,73.8,70.0,0.0,65.1,57.0,0.0,62.3,35.0,0.0,58.4
2.5,198.0,0.0,64.6,31.0,0.0,71.7,2.0,0.0,73.5,73.0,0.0,65.6,57.0,0.0,62.6,35.0,0.0,58.8
3.0,210.0,0.0,65.3,42.0,0.0,72.8,1.0,0.0,73.5,74.0,0.0,65.8,57.0,0.0,62.9,36.0,0.0,58.8
3.2,204.0,0.0,63.6,26.0,0.0,69.6,1.0,0.0,73.7,76.0,0.0,65.3,61.0,0.0,62.3,40.0,0.0,58.5
3.3,207.0,0.0,64.2,35.0,0.0,71.3,0.0,0.0,73.7,75.0,0.0,65.2,60.0,0.0,62.2,37.0,0.0,58.7
3.5,220.0,0.0,63.1,29.0,0.0,69.0,0.0,0.0,73.7,77.0,0.0,64.7,69.0,0.0,61.9,45.0,0.0,58.3
4.0,219.0,0.0,63.2,28.0,0.0,68.9,2.0,0.0,73.6,78.0,0.0,64.7,67.0,0.0,61.9,44.0,0.0,58.1
4.2,277.0,0.0,62.9,54.0,0.0,67.4,2.0,0.0,73.8,90.0,0.0,64.5,72.0,0.0,61.6,59.0,0.0,57.7
4.3,242.0,0.0,63.1,58.0,0.0,68.1,1.0,0.0,73.8,67.0,0.0,64.6,54.0,0.0,61.8,62.0,0.0,57.8
4.5,271.0,0.0,63.6,67.0,0.0,68.5,5.0,0.0,73.7,73.0,0.0,64.7,61.0,0.0,62.0,65.0,0.0,58.0
5.0,207.0,0.0,62.1,84.0,0.0,65.6,10.0,0.0,67.5,17.0,0.0,65.3,17.0,0.0,62.6,79.0,0.0,57.0
5.2,275.0,0.0,61.1,122.0,0.0,63.1,5.0,0.0,68.9,23.0,0.0,65.5,23.0,0.0,62.8,102.0,0.0,57.1
5.3,405.0,0.0,62.5,173.0,0.0,65.2,10.0,0.0,68.2,46.0,0.0,65.9,46.0,0.0,63.2,130.0,0.0,57.0
5.5,419.0,0.0,63.7,169.0,0.0,66.8,12.0,0.0,73.6,44.0,0.0,68.0,45.0,0.0,65.2,149.0,0.0,57.7
6.0,400.0,0.0,62.7,163.0,0.0,65.2,6.0,0.0,76.8,42.0,0.0,69.1,42.0,0.0,66.2,147.0,0.0,56.7
6.2,497.0,0.0,61.7,204.0,0.1,62.8,14.0,0.0,71.3,59.0,0.0,67.4,59.0,0.0,64.6,161.0,0.0,56.4
6.3,640.0,0.0,61.4,255.0,0.1,62.4,18.0,0.0,71.6,82.0,0.0,66.7,82.0,0.0,64.0,203.0,0.1,56.0
6.5,690.0,0.0,62.1,274.0,0.1,64.5,31.0,0.0,70.7,87.0,0.0,66.0,87.0,0.0,63.3,211.0,0.1,55.8
7.0,663.0,0.0,58.8,264.0,0.1,65.1,27.0,0.0,47.4,83.0,0.0,60.1,83.0,0.0,57.6,206.0,0.1,52.2
7.2,760.0,0.1,55.4,292.0,0.1,63.3,32.0,0.0,36.4,102.0,0.0,54.2,102.0,0.0,51.9,232.0,0.1,50.2
7.3,800.0,0.1,54.6,293.0,0.1,65.0,46.0,0.1,29.1,102.0,0.0,51.7,102.0,0.0,49.5,257.0,0.1,50.5
7.5,830.0,0.1,53.1,310.0,0.1,63.7,37.0,0.1,22.6,108.0,0.0,49.4,108.0,0.0,47.2,267.0,0.1,48.7
8.0,779.0,0.1,59.5,287.0,0.1,63.3,44.0,0.1,59.7,98.0,0.0,62.8,98.0,0.0,60.1,252.0,0.1,53.6
8.2,795.0,0.1,61.0,284.0,0.1,61.7,50.0,0.1,70.8,98.0,0.0,66.0,98.0,0.0,63.2,265.0,0.1,55.8
8.3,824.0,0.1,61.8,294.0,0.1,62.0,72.0,0.1,72.2,112.0,0.1,66.3,112.0,0.1,63.6,234.0,0.1,55.5
8.5,777.0,0.1,63.0,278.0,0.1,63.2,48.0,0.1,77.2,102.0,0.0,69.1,102.0,0.0,66.2,247.0,0.1,56.1
9.0,693.0,0.1,64.1,245.0,0.1,66.5,50.0,0.1,73.9,78.0,0.0,70.8,78.0,0.0,67.9,242.0,0.1,56.2
9.2,713.0,0.1,64.1,261.0,0.1,66.3,44.0,0.1,74.1,86.0,0.0,70.8,86.0,0.0,67.9,236.0,0.1,55.9
9.3,692.0,0.1,62.2,256.0,0.1,64.4,31.0,0.0,71.1,77.0,0.0,68.6,77.0,0.0,65.8,251.0,0.1,55.9
9.5,701.0,0.1,62.1,249.0,0.1,62.6,48.0,0.1,71.3,92.0,0.0,68.1,92.0,0.0,65.3,220.0,0.1,55.6
10.0,638.0,0.0,57.7,248.0,0.1,62.4,27.0,0.0,57.7,78.0,0.0,60.7,78.0,0.0,58.2,207.0,0.1,51.0
10.2,650.0,0.1,58.2,236.0,0.1,64.8,45.0,0.1,54.2,72.0,0.0,62.2,73.0,0.0,59.6,224.0,0.1,50.4
10.3,652.0,0.1,56.9,243.0,0.1,62.1,45.0,0.1,55.5,69.0,0.0,59.9,69.0,0.0,57.4,226.0,0.1,50.5
10.5,647.0,0.0,57.9,239.0,0.1,62.9,30.0,0.0,57.2,72.0,0.0,61.5,72.0,0.0,58.9,234.0,0.1,51.3
11.0,608.0,0.0,60.8,232.0,0.1,62.3,32.0,0.0,70.7,61.0,0.0,66.3,61.0,0.0,63.6,222.0,0.1,55.4
11.2,655.0,0.0,60.7,248.0,0.1,60.9,29.0,0.0,77.5,69.0,0.0,67.9,69.0,0.0,65.1,240.0,0.1,55.1
11.3,617.0,0.0,59.0,237.0,0.1,59.8,33.0,0.0,68.0,64.0,0.0,64.6,65.0,0.0,61.9,218.0,0.1,54.2
11.5,616.0,0.0,56.0,242.0,0.1,60.7,29.0,0.0,50.7,76.0,0.0,56.8,76.0,0.0,54.3,193.0,0.1,51.5
12.0,650.0,0.0,60.7,233.0,0.1,62.1,39.0,0.0,69.6,77.0,0.0,65.4,77.0,0.0,62.7,224.0,0.1,55.3
12.2,667.0,0.0,58.3,256.0,0.1,62.7,31.0,0.0,57.2,72.0,0.0,61.9,72.0,0.0,59.3,236.0,0.1,52.2
12.3,655.0,0.0,62.1,243.0,0.1,63.4,40.0,0.0,74.1,71.0,0.0,68.4,71.0,0.0,65.6,230.0,0.1,55.5
12.5,624.0,0.0,62.1,242.0,0.1,63.2,31.0,0.0,76.6,67.0,0.0,69.1,67.0,0.0,66.3,217.0,0.1,55.5
13.0,649.0,0.0,62.1,245.0,0.1,63.4,23.0,0.0,76.2,71.0,0.0,69.5,71.0,0.0,66.7,239.0,0.1,55.8
13.2,645.0,0.0,62.0,243.0,0.1,62.3,32.0,0.0,76.5,73.0,0.0,69.0,73.0,0.0,66.2,224.0,0.1,56.0
13.3,699.0,0.0,62.5,267.0,0.1,63.1,36.0,0.0,76.8,82.0,0.0,68.7,82.0,0.0,65.9,232.0,0.1,56.1
13.5,714.0,0.0,61.9,256.0,0.1,62.3,43.0,0.0,75.7,80.0,0.0,68.8,81.0,0.0,66.0,254.0,0.1,55.9
14.0,670.0,0.0,61.9,249.0,0.1,62.3,31.0,0.0,75.4,75.0,0.0,68.8,75.0,0.0,66.0,240.0,0.1,56.3
14.2,694.0,0.0,60.4,266.0,0.1,60.2,34.0,0.0,75.7,73.0,0.0,67.3,73.0,0.0,64.5,248.0,0.1,55.3
14.3,723.0,0.0,63.5,268.0,0.1,63.8,47.0,0.0,76.5,89.0,0.0,70.3,90.0,0.0,67.4,229.0,0.1,56.2
14.5,698.0,0.1,55.8,254.0,0.1,63.2,42.0,0.1,45.7,83.0,0.0,56.9,83.0,0.0,54.4,236.0,0.1,49.6
15.0,715.0,0.0,55.0,262.0,0.1,63.5,39.0,0.0,38.7,84.0,0.0,55.2,84.0,0.0,52.8,246.0,0.1,49.4
15.2,820.0,0.1,51.0,301.0,0.1,60.7,48.0,0.1,25.3,109.0,0.1,47.8,110.0,0.1,45.6,252.0,0.1,47.9
15.3,802.0,0.1,51.5,286.0,0.1,61.5,47.0,0.1,25.9,101.0,0.0,48.6,101.0,0.0,46.4,267.0,0.1,48.2
15.5,745.0,0.1,54.8,276.0,0.1,64.7,37.0,0.0,29.6,101.0,0.0,50.9,102.0,0.0,48.7,229.0,0.1,51.4
16.0,809.0,0.1,52.2,289.0,0.1,62.9,55.0,0.1,24.8,108.0,0.0,48.0,108.0,0.0,45.9,249.0,0.1,50.3
16.2,860.0,0.1,36.2,291.0,0.2,36.8,49.0,0.1,25.5,146.0,0.1,40.6,146.0,0.1,38.7,228.0,0.2,33.2
16.3,854.0,0.1,34.9,288.0,0.2,38.9,55.0,0.1,25.5,146.0,0.1,37.8,146.0,0.1,35.9,219.0,0.2,29.6
16.5,859.0,0.1,36.2,291.0,0.2,44.6,50.0,0.1,24.4,147.0,0.1,36.2,147.0,0.1,34.4,224.0,0.1,29.1
17.0,813.0,0.1,36.5,269.0,0.2,44.9,56.0,0.1,24.7,139.0,0.1,36.4,140.0,0.1,34.5,209.0,0.1,30.5
17.2,892.0,0.1,32.3,306.0,0.2,36.4,48.0,0.1,26.3,158.0,0.1,33.1,158.0,0.1,31.4,222.0,0.2,28.0
17.3,844.0,0.2,31.5,293.0,0.2,34.1,43.0,0.1,27.4,155.0,0.1,32.2,155.0,0.1,30.5,198.0,0.3,29.0
17.5,819.0,0.1,35.7,271.0,0.2,42.5,45.0,0.1,24.8,143.0,0.1,34.9,144.0,0.1,33.2,216.0,0.2,31.8
18.0,867.0,0.1,50.7,290.0,0.2,52.6,51.0,0.1,57.5,145.0,0.1,53.3,145.0,0.1,50.9,236.0,0.1,45.3
18.2,816.0,0.1,47.4,284.0,0.1,38.0,41.0,0.1,68.7,127.0,0.1,58.2,128.0,0.1,55.7,236.0,0.1,44.6
18.3,620.0,0.0,59.5,235.0,0.1,57.3,31.0,0.0,76.4,68.0,0.0,67.6,68.0,0.0,64.8,218.0,0.1,55.3
18.5,618.0,0.0,63.1,242.0,0.1,64.6,22.0,0.0,74.7,70.0,0.0,68.9,70.0,0.0,66.1,214.0,0.1,57.1
19.0,391.0,0.0,59.7,149.0,0.0,66.8,24.0,0.0,51.4,42.0,0.0,59.5,42.0,0.0,57.0,134.0,0.0,54.2
19.2,416.0,0.0,62.7,151.0,0.0,69.7,29.0,0.0,56.8,47.0,0.0,62.1,47.0,0.0,59.5,142.0,0.0,57.8
19.3,458.0,0.0,64.2,173.0,0.0,68.4,24.0,0.0,71.6,47.0,0.0,67.6,47.0,0.0,64.8,167.0,0.0,57.8
19.5,472.0,0.0,63.9,187.0,0.0,68.4,21.0,0.0,70.5,47.0,0.0,67.5,47.0,0.0,64.7,170.0,0.0,56.9
20.0,449.0,0.0,63.1,178.0,0.0,67.7,15.0,0.0,68.8,44.0,0.0,66.5,44.0,0.0,63.7,168.0,0.0,56.9
20.2,512.0,0.0,61.8,190.0,0.0,63.9,24.0,0.0,74.1,48.0,0.0,67.3,48.0,0.0,64.5,202.0,0.1,56.5
20.3,430.0,0.0,63.4,164.0,0.0,65.8,19.0,0.0,73.9,48.0,0.0,68.1,48.0,0.0,65.3,151.0,0.0,57.4
20.5,481.0,0.0,64.0,122.0,0.0,69.0,9.0,0.0,74.0,121.0,0.0,65.5,108.0,0.0,62.6,121.0,0.0,57.9
21.0,336.0,0.0,64.3,129.0,0.0,68.0,20.0,0.0,74.1,35.0,0.0,67.6,35.0,0.0,64.9,117.0,0.0,57.4
21.2,381.0,0.0,63.7,116.0,0.0,66.9,19.0,0.0,74.0,71.0,0.0,65.5,63.0,0.0,62.6,112.0,0.0,58.1
21.3,281.0,0.0,64.6,113.0,0.0,69.4,10.0,0.0,74.0,23.0,0.0,68.1,23.0,0.0,65.3,112.0,0.0,58.0
21.5,315.0,0.0,63.9,104.0,0.0,67.5,13.0,0.0,74.0,57.0,0.0,65.6,50.0,0.0,63.0,91.0,0.0,57.8
22.0,266.0,0.0,64.3,95.0,0.0,68.4,11.0,0.0,73.8,55.0,0.0,65.2,20.0,0.0,65.1,85.0,0.0,57.8
22.2,329.0,0.0,64.2,87.0,0.0,69.3,6.0,0.0,74.0,86.0,0.0,65.3,72.0,0.0,62.6,78.0,0.0,58.2
22.3,370.0,0.0,65.0,99.0,0.0,71.1,6.0,0.0,74.1,96.0,0.0,66.1,82.0,0.0,62.9,87.0,0.0,58.3
22.5,330.0,0.0,63.5,68.0,0.0,68.0,5.0,0.0,74.1,106.0,0.0,65.0,87.0,0.0,61.9,64.0,0.0,57.8
23.0,303.0,0.0,62.6,70.0,0.0,64.8,3.0,0.0,73.8,95.0,0.0,64.4,77.0,0.0,61.5,58.0,0.0,57.9
23.2,248.0,0.0,63.3,47.0,0.0,68.8,0.0,0.0,73.7,84.0,0.0,64.5,69.0,0.0,61.7,48.0,0.0,58.0
23.3,236.0,0.0,63.6,48.0,0.0,68.2,7.0,0.0,73.1,69.0,0.0,65.2,58.0,0.0,62.3,54.0,0.0,57.9
23.5,242.0,0.0,64.4,39.0,0.0,70.3,4.0,0.0,73.4,81.0,0.0,66.0,72.0,0.0,62.8,46.0,0.0,58.3
0.0,231.0,0.0,64.1,31.0,0.0,69.9,4.0,0.0,73.7,81.0,0.0,65.6,70.0,0.0,62.7,45.0,0.0,58.8
0.2,220.0,0.0,64.4,35.0,0.0,71.7,0.0,0.0,73.6,75.0,0.0,65.7,67.0,0.0,62.8,43.0,0.0,58.8
0.3,215.0,0.0,63.9,32.0,0.0,69.8,0.0,0.0,73.6,78.0,0.0,65.4,62.0,0.0,62.6,43.0,0.0,58.7
0.5,202.0,0.0,63.8,28.0,0.0,71.6,1.0,0.0,73.8,71.0,0.0,65.0,64.0,0.0,62.2,38.0,0.0,58.4
1.0,191.0,0.0,64.1,26.0,0.0,71.8,0.0,0.0,73.8,73.0,0.0,65.3,57.0,0.0,62.5,35.0,0.0,58.6
1.2,204.0,0.0,64.7,40.0,0.0,72.5,0.0,0.0,73.8,73.0,0.0,65.2,57.0,0.0,62.4,34.0,0.0,58.5
1.3,202.0,0.0,64.0,31.0,0.0,71.4,1.0,0.0,73.7,74.0,0.0,65.1,59.0,0.0,62.3,37.0,0.0,58.6
1.5,202.0,0.0,65.4,47.0,0.0,73.4,2.0,0.0,73.9,70.0,0.0,65.1,52.0,0.0,62.3,31.0,0.0,58.7
2.0,188.0,0.0,65.3,38.0,0.0,72.7,1.0,0.0,75.9,70.0,0.0,65.7,48.0,0.0,62.7,31.0,0.0,59.0
2.2,203.0,0.0,64.9,39.0,0.0,72.4,1.0,0.0,73.9,73.0,0.0,65.5,55.0,0.0,62.6,35.0,0.0,58.6
2.3,195.0,0.0,64.0,31.0,0.0,71.3,1.0,0.0,73.8,70.0,0.0,64.9,57.0,0.0,62.1,36.0,0.0,58.5
2.5,192.0,0.0,63.8,31.0,0.0,71.0,0.0,0.0,73.8,74.0,0.0,64.7,52.0,0.0,62.0,35.0,0.0,58.3
3.0,200.0,0.0,63.4,30.0,0.0,69.0,0.0,0.0,73.8,76.0,0.0,64.8,54.0,0.0,62.0,40.0,0.0,58.1
3.2,199.0,0.0,63.0,18.0,0.0,68.6,3.0,0.0,74.0,77.0,0.0,64.8,60.0,0.0,61.9,41.0,0.0,58.1
3.3,213.0,0.0,63.1,26.0,0.0,68.4,2.0,0.0,74.0,77.0,0.0,64.7,67.0,0.0,61.9,41.0,0.0,57.9
3.5,238.0,0.0,64.0,42.0,0.0,71.0,3.0,0.0,74.1,79.0,0.0,64.9,69.0,0.0,62.1,45.0,0.0,58.3
4.0,236.0,0.0,62.9,34.0,0.0,67.5,3.0,0.0,74.5,81.0,0.0,64.7,71.0,0.0,61.6,47.0,0.0,58.0
4.2,248.0,0.0,62.6,41.0,0.0,64.9,4.0,0.0,74.2,84.0,0.0,64.7,72.0,0.0,61.7,47.0,0.0,57.4
4.3,302.0,0.0,61.6,66.0,0.0,65.6,3.0,0.0,74.4,96.0,0.0,62.8,72.0,0.0,60.1,65.0,0.0,56.9
4.5,275.0,0.0,62.2,73.0,0.0,66.6,4.0,0.0,73.9,71.0,0.0,63.5,59.0,0.0,60.7,68.0,0.0,57.0
5.0,288.0,0.0,62.4,93.0,0.0,65.6,7.0,0.0,72.9,56.0,0.0,64.3,49.0,0.0,61.8,83.0,0.0,57.0
5.2,263.0,0.0,62.8,111.0,0.0,67.2,4.0,0.0,71.9,18.0,0.0,66.8,18.0,0.0,64.0,112.0,0.0,57.2
5.3,383.0,0.0,64.0,160.0,0.0,68.1,7.0,0.0,73.3,39.0,0.0,67.1,39.0,0.0,64.4,138.0,0.0,57.8
5.5,377.0,0.0,63.8,160.0,0.0,67.4,8.0,0.0,74.1,39.0,0.0,66.8,39.0,0.0,64.1,131.0,0.0,57.6
6.0,426.0,0.0,65.3,172.0,0.0,68.6,11.0,0.0,77.9,50.0,0.0,70.1,50.0,0.0,67.3,143.0,0.0,57.8
6.2,497.0,0.0,63.4,208.0,0.0,66.9,6.0,0.0,74.8,53.0,0.0,68.4,53.0,0.0,65.6,177.0,0.0,56.9
6.3,589.0,0.0,62.5,238.0,0.1,65.0,14.0,0.0,74.6,70.0,0.0,67.3,70.0,0.0,64.6,197.0,0.1,56.0
6.5,660.0,0.0,62.0,264.0,0.1,64.1,20.0,0.0,73.2,82.0,0.0,66.9,82.0,0.0,64.1,212.0,0.1,55.5
7.0,671.0,0.0,61.1,252.0,0.1,62.0,32.0,0.0,76.8,81.0,0.0,67.2,81.0,0.0,64.4,225.0,0.1,54.4
7.2,740.0,0.1,59.6,279.0,0.1,59.4,46.0,0.1,78.3,89.0,0.0,66.5,89.0,0.0,63.7,237.0,0.1,52.0
7.3,734.0,0.1,60.4,278.0,0.1,61.6,40.0,0.1,70.4,92.0,0.0,64.8,93.0,0.0,62.1,231.0,0.1,54.7
7.5,810.0,0.1,61.4,304.0,0.1,62.5,42.0,0.1,71.1,109.0,0.0,65.9,110.0,0.0,63.2,245.0,0.1,55.4
8.0,733.0,0.1,61.9,273.0,0.1,62.8,39.0,0.0,74.2,89.0,0.0,68.0,89.0,0.0,65.2,243.0,0.1,55.6
8.2,802.0,0.1,63.0,289.0,0.1,64.4,59.0,0.1,72.7,102.0,0.1,68.4,102.0,0.1,65.6,250.0,0.1,55.9
8.3,763.0,0.1,62.7,278.0,0.1,63.5,55.0,0.1,73.9,92.0,0.0,68.2,92.0,0.0,65.4,246.0,0.1,56.2
8.5,773.0,0.1,61.3,281.0,0.1,61.0,55.0,0.1,73.8,103.0,0.1,67.0,103.0,0.1,64.1,231.0,0.1,55.0
9.0,720.0,0.1,63.2,272.0,0.1,63.3,44.0,0.1,75.8,93.0,0.0,69.7,93.0,0.0,66.8,218.0,0.1,56.0
9.2,714.0,0.1,63.2,264.0,0.1,64.8,43.0,0.1,74.4,82.0,0.0,68.9,82.0,0.0,66.0,243.0,0.1,56.5
9.3,655.0,0.1,61.2,230.0,0.1,62.7,58.0,0.1,68.5,75.0,0.0,65.0,75.0,0.0,62.3,217.0,0.1,56.1
9.5,699.0,0.1,60.5,246.0,0.1,63.1,45.0,0.1,65.2,90.0,0.0,64.1,90.0,0.0,61.4,228.0,0.1,55.0
10.0,645.0,0.1,53.5,234.0,0.1,59.5,45.0,0.1,43.7,70.0,0.0,54.2,70.0,0.0,51.8,226.0,0.1,49.5
10.2,603.0,0.0,53.3,236.0,0.1,61.2,36.0,0.0,34.1,65.0,0.0,51.2,65.0,0.0,49.0,201.0,0.1,49.4
10.3,620.0,0.0,53.7,235.0,0.1,61.3,33.0,0.0,33.4,73.0,0.0,50.5,73.0,0.0,48.3,206.0,0.1,51.3
10.5,675.0,0.1,53.1,240.0,0.1,60.8,45.0,0.0,35.4,84.0,0.0,51.3,85.0,0.0,49.0,221.0,0.1,50.8
11.0,625.0,0.0,59.4,239.0,0.1,62.4,36.0,0.0,63.7,66.0,0.0,63.8,67.0,0.0,61.1,217.0,0.1,53.5
11.2,666.0,0.0,59.7,260.0,0.1,60.0,40.0,0.0,73.7,73.0,0.0,65.8,73.0,0.0,63.1,220.0,0.1,53.7
11.3,635.0,0.0,56.8,243.0,0.1,58.9,34.0,0.0,61.6,67.0,0.0,61.0,67.0,0.0,58.4,224.0,0.1,51.9
11.5,668.0,0.0,56.5,257.0,0.1,62.2,25.0,0.0,48.3,72.0,0.0,58.2,72.0,0.0,55.7,242.0,0.1,51.2
12.0,639.0,0.0,59.1,240.0,0.1,62.0,27.0,0.0,64.0,64.0,0.0,63.4,64.0,0.0,60.7,244.0,0.1,54.0
12.2,669.0,0.0,62.8,255.0,0.1,64.3,39.0,0.0,72.2,77.0,0.0,68.4,77.0,0.0,65.6,221.0,0.1,56.4
12.3,648.0,0.0,58.8,256.0,0.1,63.7,22.0,0.0,58.7,73.0,0.0,61.3,73.0,0.0,58.7,224.0,0.1,52.5
12.5,659.0,0.1,54.3,237.0,0.1,62.1,52.0,0.1,38.5,69.0,0.0,52.2,70.0,0.0,50.0,231.0,0.1,51.8
13.0,664.0,0.0,54.5,247.0,0.1,62.8,34.0,0.0,34.5,78.0,0.0,51.3,78.0,0.0,49.0,227.0,0.1,51.3
13.2,667.0,0.1,52.3,253.0,0.1,60.5,36.0,0.0,29.6,77.0,0.0,48.0,77.0,0.0,45.9,224.0,0.1,50.4
13.3,688.0,0.0,54.1,263.0,0.1,63.0,32.0,0.0,31.8,77.0,0.0,51.7,77.0,0.0,49.4,239.0,0.1,49.6
13.5,745.0,0.1,52.6,277.0,0.1,60.4,37.0,0.0,33.2,90.0,0.0,50.7,90.0,0.0,48.5,251.0,0.1,49.0
14.0,703.0,0.1,51.2,257.0,0.1,59.4,43.0,0.1,29.0,83.0,0.0,48.3,83.0,0.0,46.1,237.0,0.1,49.1
14.2,697.0,0.1,53.0,260.0,0.1,62.3,32.0,0.0,27.8,79.0,0.0,49.5,79.0,0.0,47.3,247.0,0.1,49.4
14.3,754.0,0.1,55.0,279.0,0.1,64.0,57.0,0.1,35.3,98.0,0.0,54.0,98.0,0.0,51.7,222.0,0.1,50.5
14.5,715.0,0.0,60.4,269.0,0.1,62.4,36.0,0.0,66.7,88.0,0.0,64.6,88.0,0.0,61.9,234.0,0.1,55.1
15.0,686.0,0.0,59.0,257.0,0.1,64.0,30.0,0.0,58.4,80.0,0.0,60.6,80.0,0.0,58.0,239.0,0.1,53.6
15.2,749.0,0.1,53.0,258.0,0.1,63.2,67.0,0.1,30.4,94.0,0.1,49.5,94.0,0.1,47.3,236.0,0.1,51.8
15.3,818.0,0.1,51.5,294.0,0.1,62.1,56.0,0.1,23.9,98.0,0.0,48.0,98.0,0.0,45.9,272.0,0.1,48.9
15.5,715.0,0.1,52.6,257.0,0.1,63.4,48.0,0.1,24.5,90.0,0.0,48.1,90.0,0.0,45.9,230.0,0.1,50.7
16.0,862.0,0.1,48.9,303.0,0.1,59.1,57.0,0.1,22.6,116.0,0.1,46.1,116.0,0.1,44.0,270.0,0.1,46.4
16.2,878.0,0.1,42.5,308.0,0.1,49.6,47.0,0.1,24.1,130.0,0.1,44.3,130.0,0.1,42.3,263.0,0.1,36.4
16.3,737.0,0.1,47.7,267.0,0.1,56.8,44.0,0.1,23.5,97.0,0.0,45.9,97.0,0.0,43.8,232.0,0.1,44.1
16.5,701.0,0.1,50.2,257.0,0.1,59.8,40.0,0.1,23.7,94.0,0.0,46.1,94.0,0.0,44.0,216.0,0.1,48.2
17.0,763.0,0.1,60.4,272.0,0.1,64.1,57.0,0.1,61.9,103.0,0.0,63.9,103.0,0.0,61.2,228.0,0.1,53.8
17.2,776.0,0.1,63.2,268.0,0.1,64.8,67.0,0.1,70.6,111.0,0.1,66.3,111.0,0.1,63.6,219.0,0.1,57.0
17.3,758.0,0.1,62.1,272.0,0.1,66.1,41.0,0.1,66.1,101.0,0.0,65.0,101.0,0.0,62.3,243.0,0.1,55.8
17.5,728.0,0.1,64.2,259.0,0.1,67.2,44.0,0.1,71.1,90.0,0.0,68.8,90.0,0.0,66.0,245.0,0.1,57.3
18.0,785.0,0.1,63.6,293.0,0.1,65.0,39.0,0.0,73.8,100.0,0.0,69.0,100.0,0.0,66.1,253.0,0.1,57.5
18.2,760.0,0.1,62.0,281.0,0.1,62.2,46.0,0.1,71.3,98.0,0.0,66.7,98.0,0.0,64.0,237.0,0.1,57.0
18.3,681.0,0.0,61.2,250.0,0.1,61.7,35.0,0.0,71.0,80.0,0.0,66.2,80.0,0.0,63.5,236.0,0.1,56.8
18.5,590.0,0.0,62.5,228.0,0.1,64.1,27.0,0.0,71.9,62.0,0.0,67.7,62.0,0.0,64.9,211.0,0.1,57.3
19.0,617.0,0.0,57.9,229.0,0.1,64.2,33.0,0.0,53.4,69.0,0.0,60.2,69.0,0.0,57.7,217.0,0.1,51.3
19.2,658.0,0.0,59.0,248.0,0.1,63.3,38.0,0.0,60.3,71.0,0.0,62.2,72.0,0.0,59.6,229.0,0.1,52.8
19.3,625.0,0.0,61.5,238.0,0.1,63.1,33.0,0.0,71.7,68.0,0.0,66.4,68.0,0.0,63.6,218.0,0.1,56.1
19.5,581.0,0.0,61.8,232.0,0.1,64.2,20.0,0.0,73.5,52.0,0.0,67.1,52.0,0.0,64.3,225.0,0.1,56.4
20.0,499.0,0.0,62.4,199.0,0.0,64.7,24.0,0.0,73.9,45.0,0.0,67.4,45.0,0.0,64.6,186.0,0.1,56.6
20.2,529.0,0.0,61.8,202.0,0.0,63.6,28.0,0.0,74.0,53.0,0.0,67.0,53.0,0.0,64.2,193.0,0.1,56.0
20.3,377.0,0.0,62.9,145.0,0.0,66.0,17.0,0.0,74.0,33.0,0.0,67.6,33.0,0.0,64.8,149.0,0.0,57.2
20.5,365.0,0.0,64.0,143.0,0.0,67.5,16.0,0.0,74.2,39.0,0.0,67.8,39.0,0.0,65.0,128.0,0.0,57.3
21.0,343.0,0.0,65.9,137.0,0.0,70.5,23.0,0.0,74.1,37.0,0.0,68.0,37.0,0.0,65.2,109.0,0.0,58.2
21.2,344.0,0.0,66.6,119.0,0.0,72.5,9.0,0.0,73.8,60.0,0.0,67.0,54.0,0.0,64.0,102.0,0.0,60.4
21.3,320.0,0.0,66.2,126.0,0.0,72.3,19.0,0.0,73.7,28.0,0.0,67.8,28.0,0.0,65.0,119.0,0.0,58.5
21.5,299.0,0.0,66.5,118.0,0.0,73.0,15.0,0.0,73.4,30.0,0.0,67.9,30.0,0.0,65.1,106.0,0.0,58.2
22.0,460.0,0.0,64.4,110.0,0.0,70.0,14.0,0.0,73.5,118.0,0.0,65.7,105.0,0.0,62.5,113.0,0.0,58.2
22.2,321.0,0.0,64.0,86.0,0.0,67.4,11.0,0.0,73.9,82.0,0.0,65.4,69.0,0.0,62.4,73.0,0.0,58.0
22.3,335.0,0.0,64.5,90.0,0.0,69.4,5.0,0.0,73.9,85.0,0.0,65.9,73.0,0.0,62.9,82.0,0.0,58.5
22.5,337.0,0.0,65.3,79.0,0.0,71.2,5.0,0.0,74.0,103.0,0.0,66.1,81.0,0.0,62.8,69.0,0.0,59.8
23.0,282.0,0.0,64.7,55.0,0.0,70.8,2.0,0.0,73.9,94.0,0.0,65.7,73.0,0.0,62.5,58.0,0.0,59.9
23.2,282.0,0.0,63.7,51.0,0.0,68.5,5.0,0.0,74.1,91.0,0.0,65.0,74.0,0.0,62.1,61.0,0.0,58.5
23.3,262.0,0.0,63.9,50.0,0.0,67.9,3.0,0.0,74.2,86.0,0.0,65.5,71.0,0.0,62.7,52.0,0.0,58.4
23.5,253.0,0.0,64.3,43.0,0.0,69.9,1.0,0.0,73.8,87.0,0.0,65.7,72.0,0.0,62.9,50.0,0.0,58.8
0.0,308.0,0.0,67.9,75.0,0.0,73.5,6.0,0.0,73.9,91.0,0.0,68.7,82.0,0.0,65.9,54.0,0.0,61.4
0.2,225.0,0.0,63.4,31.0,0.0,66.5,1.0,0.0,73.9,79.0,0.0,65.8,70.0,0.0,62.4,44.0,0.0,57.9
0.3,220.0,0.0,63.8,26.0,0.0,67.4,3.0,0.0,74.1,79.0,0.0,66.2,69.0,0.0,62.7,43.0,0.0,58.2
0.5,216.0,0.0,63.3,24.0,0.0,67.4,2.0,0.0,73.9,77.0,0.0,65.6,70.0,0.0,62.2,43.0,0.0,58.2
1.0,213.0,0.0,63.2,23.0,0.0,66.6,3.0,0.0,73.9,77.0,0.0,65.3,67.0,0.0,62.1,43.0,0.0,58.8
1.2,218.0,0.0,64.5,39.0,0.0,70.6,1.0,0.0,74.0,77.0,0.0,66.1,60.0,0.0,62.7,41.0,0.0,58.2
1.3,218.0,0.0,64.7,45.0,0.0,70.5,1.0,0.0,75.0,75.0,0.0,66.1,56.0,0.0,62.7,41.0,0.0,58.1
1.5,199.0,0.0,63.6,22.0,0.0,67.3,1.0,0.0,74.7,75.0,0.0,66.0,62.0,0.0,62.6,39.0,0.0,58.1
2.0,203.0,0.0,64.7,39.0,0.0,72.3,1.0,0.0,74.3,71.0,0.0,65.5,57.0,0.0,62.3,35.0,0.0,58.3
2.2,199.0,0.0,64.5,39.0,0.0,72.3,1.0,0.0,74.1,71.0,0.0,64.7,55.0,0.0,61.9,33.0,0.0,58.5
2.3,209.0,0.0,64.2,36.0,0.0,72.4,1.0,0.0,73.7,74.0,0.0,64.7,60.0,0.0,61.9,38.0,0.0,58.6
2.5,210.0,0.0,62.9,25.0,0.0,68.7,0.0,0.0,73.7,77.0,0.0,64.6,65.0,0.0,61.8,43.0,0.0,58.2
3.0,215.0,0.0,62.8,25.0,0.0,67.5,3.0,0.0,73.7,77.0,0.0,64.3,67.0,0.0,61.6,43.0,0.0,58.3
3.2,210.0,0.0,63.4,36.0,0.0,70.0,0.0,0.0,73.7,74.0,0.0,64.5,60.0,0.0,61.8,40.0,0.0,57.8
3.3,211.0,0.0,63.8,21.0,0.0,70.0,2.0,0.0,73.9,78.0,0.0,65.7,66.0,0.0,62.6,44.0,0.0,59.0
3.5,239.0,0.0,63.6,38.0,0.0,68.7,1.0,0.0,73.9,83.0,0.0,65.1,70.0,0.0,62.2,47.0,0.0,58.3
4.0,223.0,0.0,62.6,31.0,0.0,67.2,1.0,0.0,73.9,79.0,0.0,64.4,67.0,0.0,61.5,45.0,0.0,57.7
4.2,265.0,0.0,62.8,52.0,0.0,66.5,2.0,0.0,74.0,87.0,0.0,64.4,73.0,0.0,61.5,51.0,0.0,57.6
4.3,244.0,0.0,63.8,64.0,0.0,68.9,4.0,0.0,73.5,63.0,0.0,64.6,54.0,0.0,61.9,59.0,0.0,58.6
4.5,295.0,0.0,64.5,76.0,0.0,70.9,2.0,0.0,73.5,79.0,0.0,65.0,66.0,0.0,62.1,72.0,0.0,59.2
5.0,327.0,0.0,65.2,86.0,0.0,71.2,6.0,0.0,75.2,86.0,0.0,65.9,72.0,0.0,63.0,77.0,0.0,59.1
5.2,290.0,0.0,66.3,124.0,0.0,71.7,6.0,0.0,75.3,26.0,0.0,69.1,26.0,0.0,66.3,108.0,0.0,59.2
5.3,347.0,0.0,66.0,153.0,0.0,70.6,3.0,0.0,75.7,34.0,0.0,68.9,34.0,0.0,66.1,123.0,0.0,59.0
5.5,394.0,0.0,64.2,163.0,0.0,68.3,8.0,0.0,73.8,38.0,0.0,67.6,38.0,0.0,64.8,147.0,0.0,58.0
6.0,373.0,0.0,64.6,160.0,0.0,67.9,4.0,0.0,74.0,42.0,0.0,68.4,42.0,0.0,65.6,125.0,0.0,58.5
6.2,450.0,0.0,64.6,183.0,0.0,69.1,12.0,0.0,71.1,48.0,0.0,67.6,48.0,0.0,64.9,159.0,0.0,58.0
6.3,514.0,0.0,61.3,200.0,0.1,64.1,19.0,0.0,67.5,57.0,0.0,64.9,57.0,0.0,62.2,181.0,0.1,56.1
6.5,601.0,0.0,61.2,230.0,0.1,63.8,20.0,0.0,69.4,75.0,0.0,65.2,75.0,0.0,62.4,201.0,0.1,55.4
7.0,632.0,0.0,61.9,247.0,0.1,63.5,25.0,0.0,70.1,78.0,0.0,67.3,78.0,0.0,64.5,204.0,0.1,55.8
7.2,713.0,0.1,61.9,270.0,0.1,63.3,40.0,0.1,70.8,92.0,0.0,66.7,92.0,0.0,63.9,219.0,0.1,55.7
7.3,717.0,0.1,61.5,274.0,0.1,63.2,32.0,0.0,69.4,89.0,0.0,66.0,90.0,0.0,63.3,232.0,0.1,56.0
7.5,712.0,0.1,62.3,270.0,0.1,64.2,34.0,0.0,72.5,90.0,0.0,67.3,90.0,0.0,64.5,228.0,0.1,55.7
8.0,688.0,0.1,62.7,251.0,0.1,64.4,40.0,0.0,73.8,87.0,0.0,68.4,87.0,0.0,65.5,223.0,0.1,55.6
8.2,678.0,0.1,60.9,268.0,0.1,63.1,41.0,0.1,72.0,80.0,0.0,64.5,80.0,0.0,61.7,209.0,0.1,54.1
8.3,741.0,0.1,62.0,275.0,0.1,63.4,46.0,0.1,71.6,91.0,0.0,66.8,91.0,0.0,64.0,238.0,0.1,55.9
8.5,717.0,0.1,62.3,265.0,0.1,64.0,37.0,0.0,77.1,88.0,0.0,67.8,88.0,0.0,65.0,239.0,0.1,55.0
9.0,580.0,0.0,62.4,213.0,0.1,65.7,37.0,0.0,75.4,56.0,0.0,67.2,56.0,0.0,64.4,218.0,0.1,55.4
9.2,661.0,0.1,62.2,252.0,0.1,64.9,39.0,0.1,68.5,81.0,0.0,65.9,81.0,0.0,63.1,208.0,0.1,56.0
9.3,612.0,0.0,62.0,229.0,0.1,64.8,32.0,0.0,74.6,69.0,0.0,66.6,69.0,0.0,63.9,213.0,0.1,54.8
9.5,588.0,0.0,63.1,229.0,0.1,66.7,35.0,0.0,72.2,62.0,0.0,67.7,62.0,0.0,64.9,200.0,0.1,55.4
10.0,639.0,0.0,58.9,241.0,0.1,64.8,32.0,0.0,53.3,80.0,0.0,58.8,80.0,0.0,56.3,206.0,0.1,53.9
10.2,521.0,0.0,61.3,210.0,0.1,65.4,31.0,0.0,65.1,51.0,0.0,64.9,51.0,0.0,62.2,178.0,0.1,54.4
10.3,588.0,0.0,59.8,225.0,0.1,63.7,26.0,0.0,63.6,60.0,0.0,63.3,61.0,0.0,60.6,216.0,0.1,54.2
10.5,680.0,0.0,61.8,257.0,0.1,63.4,32.0,0.0,72.5,79.0,0.0,67.5,79.0,0.0,64.8,233.0,0.1,55.4
11.0,622.0,0.0,62.1,235.0,0.1,63.7,27.0,0.0,78.0,69.0,0.0,68.8,69.0,0.0,66.0,222.0,0.1,55.3
11.2,615.0,0.0,61.7,238.0,0.1,63.0,30.0,0.0,76.0,65.0,0.0,67.8,65.0,0.0,65.0,217.0,0.1,55.4
11.3,683.0,0.0,62.3,253.0,0.1,64.1,35.0,0.0,77.0,74.0,0.0,68.5,74.0,0.0,65.6,247.0,0.1,55.4
11.5,589.0,0.0,63.3,229.0,0.1,66.4,29.0,0.0,76.9,58.0,0.0,69.7,58.0,0.0,66.8,215.0,0.1,55.6
12.0,696.0,0.1,60.2,259.0,0.1,66.9,72.0,0.1,56.3,82.0,0.1,61.0,82.0,0.1,58.4,201.0,0.1,53.3
12.2,1144.0,0.1,61.3,324.0,0.1,65.4,33.0,0.0,72.1,312.0,0.1,61.6,289.0,0.1,59.2,186.0,0.1,55.1
12.3,998.0,0.1,61.3,307.0,0.1,65.3,33.0,0.0,65.6,234.0,0.1,62.2,218.0,0.1,59.9,206.0,0.1,55.3
12.5,697.0,0.0,59.2,259.0,0.1,64.5,38.0,0.0,57.5,77.0,0.0,62.0,77.0,0.0,59.4,246.0,0.1,53.1
13.0,707.0,0.0,61.0,261.0,0.1,63.7,39.0,0.0,71.9,75.0,0.0,65.7,75.0,0.0,62.9,257.0,0.1,54.8
13.2,662.0,0.0,60.9,260.0,0.1,63.5,29.0,0.0,73.2,73.0,0.0,66.1,73.0,0.0,63.4,227.0,0.1,53.9
13.3,701.0,0.0,62.7,267.0,0.1,64.0,42.0,0.0,74.8,79.0,0.0,68.2,79.0,0.0,65.4,234.0,0.1,56.0
13.5,728.0,0.0,62.7,284.0,0.1,63.9,36.0,0.0,74.4,82.0,0.0,68.9,83.0,0.0,66.1,243.0,0.1,56.1
14.0,679.0,0.0,62.5,259.0,0.1,63.9,34.0,0.0,75.3,76.0,0.0,69.1,76.0,0.0,66.3,234.0,0.1,55.7
14.2,659.0,0.0,62.7,243.0,0.1,64.9,31.0,0.0,75.0,74.0,0.0,69.1,74.0,0.0,66.3,237.0,0.1,55.8
14.3,732.0,0.0,63.3,271.0,0.1,64.5,43.0,0.0,76.1,84.0,0.0,69.8,84.0,0.0,67.0,250.0,0.1,56.4
14.5,724.0,0.0,62.9,278.0,0.1,63.4,37.0,0.0,75.3,87.0,0.0,69.6,87.0,0.0,66.8,235.0,0.1,56.3
15.0,780.0,0.1,54.7,279.0,0.1,60.3,56.0,0.1,45.6,98.0,0.0,55.6,98.0,0.0,53.3,249.0,0.1,50.8
15.2,760.0,0.1,52.0,277.0,0.1,61.7,51.0,0.1,28.0,100.0,0.0,48.8,100.0,0.0,46.6,232.0,0.1,49.4
15.3,789.0,0.1,51.7,282.0,0.1,62.0,51.0,0.1,25.0,98.0,0.0,47.6,98.0,0.0,45.5,260.0,0.1,49.7
15.5,752.0,0.1,53.7,269.0,0.1,65.3,55.0,0.1,23.7,93.0,0.0,48.2,93.0,0.0,46.1,242.0,0.1,52.6
16.0,765.0,0.1,54.6,290.0,0.1,65.5,43.0,0.1,24.0,99.0,0.0,49.0,99.0,0.0,46.8,234.0,0.1,52.2
16.2,737.0,0.1,54.1,267.0,0.1,65.5,53.0,0.1,24.5,95.0,0.0,48.1,96.0,0.0,45.9,226.0,0.1,53.6
16.3,820.0,0.1,52.9,303.0,0.1,63.7,57.0,0.1,24.1,103.0,0.0,47.7,104.0,0.0,45.5,253.0,0.1,51.5
16.5,778.0,0.1,53.5,281.0,0.1,63.9,43.0,0.1,25.3,89.0,0.0,48.4,89.0,0.0,46.3,276.0,0.1,51.3
17.0,848.0,0.1,51.8,302.0,0.1,62.4,57.0,0.1,25.2,105.0,0.0,48.8,105.0,0.0,46.6,279.0,0.1,48.8
17.2,807.0,0.1,51.8,303.0,0.1,60.4,36.0,0.0,28.1,103.0,0.0,48.6,104.0,0.0,46.4,261.0,0.1,48.3
17.3,747.0,0.1,54.8,277.0,0.1,65.3,42.0,0.1,26.5,90.0,0.0,49.4,90.0,0.0,47.2,248.0,0.1,52.7
17.5,776.0,0.1,54.8,298.0,0.1,63.5,31.0,0.0,32.3,95.0,0.0,51.3,95.0,0.0,49.1,257.0,0.1,50.8
18.0,700.0,0.0,58.9,262.0,0.1,63.4,34.0,0.0,57.7,78.0,0.0,61.8,78.0,0.0,59.2,248.0,0.1,53.5
18.2,706.0,0.0,61.0,269.0,0.1,63.2,30.0,0.0,67.6,77.0,0.0,65.0,77.0,0.0,62.3,253.0,0.1,56.3
18.3,635.0,0.0,61.4,228.0,0.1,64.4,38.0,0.0,69.5,59.0,0.0,66.0,59.0,0.0,63.3,251.0,0.1,56.0
18.5,589.0,0.0,63.4,228.0,0.1,66.9,27.0,0.0,72.6,56.0,0.0,68.2,56.0,0.0,65.4,222.0,0.1,57.1
19.0,660.0,0.0,61.9,252.0,0.1,63.3,26.0,0.0,73.8,65.0,0.0,67.7,65.0,0.0,64.9,252.0,0.1,57.1
19.2,605.0,0.0,62.7,226.0,0.1,64.8,28.0,0.0,78.3,58.0,0.0,69.2,58.0,0.0,66.3,235.0,0.1,56.2
19.3,590.0,0.0,63.2,232.0,0.1,66.1,26.0,0.0,76.9,57.0,0.0,68.3,57.0,0.0,65.5,218.0,0.1,56.4
19.5,513.0,0.0,63.6,208.0,0.0,67.0,22.0,0.0,75.8,45.0,0.0,68.1,45.0,0.0,65.3,193.0,0.1,57.1
20.0,471.0,0.0,62.1,187.0,0.0,65.1,21.0,0.0,74.2,45.0,0.0,66.8,45.0,0.0,64.1,173.0,0.0,55.6
20.2,404.0,0.0,62.1,163.0,0.0,64.7,17.0,0.0,74.0,32.0,0.0,67.3,32.0,0.0,64.5,160.0,0.0,56.6
20.3,366.0,0.0,64.7,143.0,0.0,68.2,25.0,0.0,74.4,38.0,0.0,67.7,38.0,0.0,64.9,122.0,0.0,57.4
20.5,384.0,0.0,65.0,118.0,0.0,70.2,20.0,0.0,73.5,69.0,0.0,66.2,62.0,0.0,63.4,115.0,0.0,58.3
21.0,305.0,0.0,64.9,126.0,0.0,70.0,9.0,0.0,73.7,25.0,0.0,68.2,25.0,0.0,65.4,120.0,0.0,58.1
21.2,399.0,0.0,65.7,123.0,0.0,71.8,13.0,0.0,74.2,78.0,0.0,67.0,69.0,0.0,63.9,116.0,0.0,58.7
21.3,325.0,0.0,66.0,136.0,0.0,70.8,15.0,0.0,74.0,31.0,0.0,68.5,31.0,0.0,65.7,112.0,0.0,58.6
21.5,267.0,0.0,65.7,102.0,0.0,70.7,8.0,0.0,73.6,51.0,0.0,66.8,22.0,0.0,65.4,84.0,0.0,58.3
22.0,310.0,0.0,61.6,111.0,0.0,63.8,13.0,0.0,73.8,48.0,0.0,65.0,48.0,0.0,62.3,90.0,0.0,54.7
22.2,243.0,0.0,61.0,92.0,0.0,63.1,13.0,0.0,73.7,27.0,0.0,65.9,27.0,0.0,63.1,84.0,0.0,54.6
22.3,268.0,0.0,62.0,84.0,0.0,65.0,7.0,0.0,73.9,53.0,0.0,64.8,45.0,0.0,61.8,79.0,0.0,55.9
22.5,319.0,0.0,63.2,68.0,0.0,68.0,7.0,0.0,73.9,100.0,0.0,64.5,76.0,0.0,61.6,68.0,0.0,57.5
23.0,227.0,0.0,64.4,69.0,0.0,69.5,6.0,0.0,74.0,43.0,0.0,66.4,38.0,0.0,63.6,71.0,0.0,58.0
23.2,244.0,0.0,63.9,62.0,0.0,68.9,3.0,0.0,73.9,64.0,0.0,65.6,53.0,0.0,62.5,62.0,0.0,57.8
23.3,228.0,0.0,63.9,53.0,0.0,68.9,4.0,0.0,74.2,64.0,0.0,65.5,52.0,0.0,62.5,55.0,0.0,57.8
23.5,250.0,0.0,63.4,42.0,0.0,69.0,2.0,0.0,74.1,84.0,0.0,65.1,71.0,0.0,61.9,51.0,0.0,57.8
0.0,245.0,0.0,63.8,41.0,0.0,69.4,3.0,0.0,73.9,82.0,0.0,65.1,71.0,0.0,62.3,48.0,0.0,58.4
0.2,256.0,0.0,63.4,44.0,0.0,68.7,4.0,0.0,73.8,85.0,0.0,64.6,72.0,0.0,61.8,51.0,0.0,58.0
0.3,238.0,0.0,63.0,32.0,0.0,68.2,5.0,0.0,74.0,80.0,0.0,64.6,72.0,0.0,61.7,49.0,0.0,57.7
0.5,209.0,0.0,64.3,36.0,0.0,72.3,2.0,0.0,73.9,74.0,0.0,65.1,57.0,0.0,62.3,40.0,0.0,58.0
1.0,215.0,0.0,64.1,40.0,0.0,70.7,1.0,0.0,73.9,77.0,0.0,65.0,55.0,0.0,62.2,42.0,0.0,58.1
1.2,211.0,0.0,63.4,29.0,0.0,70.9,2.0,0.0,74.0,73.0,0.0,64.8,65.0,0.0,61.9,42.0,0.0,57.9
1.3,199.0,0.0,63.5,29.0,0.0,70.9,1.0,0.0,74.0,73.0,0.0,64.7,56.0,0.0,61.9,40.0,0.0,58.0
1.5,202.0,0.0,63.6,30.0,0.0,70.7,1.0,0.0,73.9,74.0,0.0,64.8,56.0,0.0,62.0,41.0,0.0,57.9
2.0,195.0,0.0,64.4,36.0,0.0,72.2,0.0,0.0,73.9,70.0,0.0,65.4,51.0,0.0,62.3,38.0,0.0,57.9
2.2,209.0,0.0,64.5,38.0,0.0,71.1,2.0,0.0,73.9,75.0,0.0,65.6,53.0,0.0,62.6,41.0,0.0,58.1
2.3,203.0,0.0,64.7,37.0,0.0,72.5,0.0,0.0,73.9,72.0,0.0,65.7,55.0,0.0,62.6,39.0,0.0,58.2
2.5,199.0,0.0,64.1,34.0,0.0,70.8,1.0,0.0,74.7,74.0,0.0,65.3,49.0,0.0,62.4,41.0,0.0,57.9
3.0,204.0,0.0,63.8,36.0,0.0,70.1,2.0,0.0,74.1,74.0,0.0,64.9,50.0,0.0,62.0,42.0,0.0,57.9
3.2,194.0,0.0,64.7,39.0,0.0,73.1,0.0,0.0,74.0,68.0,0.0,65.1,51.0,0.0,62.3,36.0,0.0,58.1
3.3,207.0,0.0,64.2,37.0,0.0,72.1,3.0,0.0,74.3,70.0,0.0,64.9,57.0,0.0,62.0,40.0,0.0,58.1
3.5,196.0,0.0,64.6,32.0,0.0,72.8,1.0,0.0,74.0,70.0,0.0,65.7,55.0,0.0,62.6,38.0,0.0,58.3
4.0,212.0,0.0,65.2,43.0,0.0,73.5,2.0,0.0,74.0,72.0,0.0,65.7,56.0,0.0,62.6,39.0,0.0,58.2
4.2,200.0,0.0,64.9,37.0,0.0,72.6,1.0,0.0,73.6,73.0,0.0,65.8,50.0,0.0,62.8,39.0,0.0,58.2
4.3,192.0,0.0,64.4,31.0,0.0,72.7,0.0,0.0,73.6,70.0,0.0,65.5,53.0,0.0,62.6,38.0,0.0,58.1
4.5,205.0,0.0,62.9,21.0,0.0,67.3,1.0,0.0,74.3,75.0,0.0,65.1,66.0,0.0,62.1,42.0,0.0,57.9
5.0,200.0,0.0,62.5,19.0,0.0,66.9,0.0,0.0,74.3,74.0,0.0,64.8,64.0,0.0,61.8,43.0,0.0,57.9
5.2,218.0,0.0,63.0,25.0,0.0,67.7,6.0,0.0,74.2,77.0,0.0,64.7,66.0,0.0,61.7,44.0,0.0,57.8
5.3,218.0,0.0,63.3,33.0,0.0,68.8,4.0,0.0,73.1,81.0,0.0,64.7,49.0,0.0,62.3,51.0,0.0,57.8
5.5,242.0,0.0,63.3,35.0,0.0,69.2,2.0,0.0,73.1,81.0,0.0,64.9,71.0,0.0,62.1,53.0,0.0,58.0
6.0,261.0,0.0,62.6,43.0,0.0,66.6,5.0,0.0,73.5,82.0,0.0,64.2,73.0,0.0,61.3,58.0,0.0,57.9
6.2,182.0,0.0,62.8,49.0,0.0,67.3,2.0,0.0,74.0,38.0,0.0,65.3,33.0,0.0,62.6,60.0,0.0,57.2
6.3,286.0,0.0,62.4,57.0,0.0,65.3,3.0,0.0,73.9,89.0,0.0,64.5,71.0,0.0,61.5,66.0,0.0,57.5
6.5,326.0,0.0,62.8,76.0,0.0,65.4,8.0,0.0,74.3,87.0,0.0,64.8,74.0,0.0,61.7,81.0,0.0,57.9
7.0,271.0,0.0,63.1,71.0,0.0,66.2,8.0,0.0,74.2,66.0,0.0,65.0,56.0,0.0,62.1,70.0,0.0,57.7
7.2,293.0,0.0,63.2,89.0,0.0,66.2,7.0,0.0,74.0,69.0,0.0,65.0,58.0,0.0,62.0,70.0,0.0,57.6
7.3,267.0,0.0,61.7,99.0,0.0,62.1,11.0,0.0,73.9,32.0,0.0,67.3,32.0,0.0,64.5,93.0,0.0,56.9
7.5,271.0,0.0,60.2,108.0,0.0,61.6,8.0,0.0,73.8,26.0,0.0,66.5,26.0,0.0,63.7,103.0,0.0,55.1
8.0,249.0,0.0,62.2,103.0,0.0,63.4,13.0,0.0,74.1,23.0,0.0,67.7,23.0,0.0,64.9,87.0,0.0,57.0
8.2,304.0,0.0,61.7,108.0,0.0,61.8,8.0,0.0,74.0,54.0,0.0,65.8,45.0,0.0,63.1,89.0,0.0,57.5
8.3,311.0,0.0,59.2,122.0,0.0,59.3,10.0,0.0,73.7,35.0,0.0,66.0,35.0,0.0,63.2,109.0,0.0,54.2
8.5,288.0,0.0,60.8,110.0,0.0,62.0,14.0,0.0,73.9,31.0,0.0,66.5,31.0,0.0,63.8,102.0,0.0,55.2
9.0,332.0,0.0,61.5,124.0,0.0,61.2,19.0,0.0,73.8,53.0,0.0,65.6,49.0,0.0,62.7,87.0,0.0,56.1
9.2,302.0,0.0,60.5,116.0,0.0,60.1,17.0,0.0,73.4,34.0,0.0,66.6,34.0,0.0,63.8,101.0,0.0,55.6
9.3,347.0,0.0,60.6,127.0,0.0,60.8,17.0,0.0,73.6,51.0,0.0,65.8,51.0,0.0,63.1,101.0,0.0,54.3
9.5,289.0,0.0,60.2,103.0,0.0,60.1,14.0,0.0,73.5,35.0,0.0,66.4,35.0,0.0,63.7,102.0,0.0,55.1
10.0,323.0,0.0,59.1,122.0,0.0,57.0,20.0,0.0,73.3,39.0,0.0,65.9,39.0,0.0,63.2,103.0,0.0,54.7
10.2,273.0,0.0,60.3,106.0,0.0,58.6,25.0,0.0,72.1,28.0,0.0,66.3,29.0,0.0,63.5,85.0,0.0,56.0
10.3,348.0,0.0,61.4,134.0,0.0,59.9,31.0,0.0,73.7,40.0,0.0,67.2,40.0,0.0,64.4,103.0,0.0,56.5
10.5,551.0,0.0,61.6,208.0,0.0,62.8,20.0,0.0,73.6,52.0,0.0,68.3,52.0,0.0,65.5,219.0,0.1,56.9
11.0,625.0,0.0,61.4,248.0,0.1,62.8,20.0,0.0,73.6,60.0,0.0,67.7,60.0,0.0,64.9,237.0,0.1,56.4
11.2,453.0,0.0,63.1,173.0,0.0,67.1,26.0,0.0,73.5,41.0,0.0,67.2,41.0,0.0,64.5,172.0,0.0,56.4
11.3,459.0,0.0,63.9,180.0,0.0,67.1,25.0,0.0,73.6,49.0,0.0,68.7,49.0,0.0,65.8,156.0,0.0,56.6
11.5,494.0,0.0,63.9,199.0,0.0,67.5,22.0,0.0,73.3,48.0,0.0,68.6,48.0,0.0,65.7,177.0,0.0,56.8
12.0,486.0,0.0,64.0,192.0,0.0,68.4,14.0,0.0,73.9,49.0,0.0,68.7,49.0,0.0,65.9,182.0,0.0,56.8
12.2,466.0,0.0,64.3,167.0,0.0,68.6,36.0,0.0,73.0,47.0,0.0,68.1,48.0,0.0,65.3,168.0,0.0,56.9
12.3,552.0,0.0,62.7,214.0,0.1,65.1,30.0,0.0,73.7,55.0,0.0,68.1,55.0,0.0,65.3,198.0,0.1,56.2
12.5,471.0,0.0,62.1,173.0,0.0,64.2,27.0,0.0,73.6,48.0,0.0,67.7,48.0,0.0,64.9,175.0,0.0,56.0
13.0,485.0,0.0,63.2,193.0,0.0,66.0,27.0,0.0,73.7,50.0,0.0,67.6,50.0,0.0,64.8,165.0,0.0,56.3
13.2,540.0,0.0,62.2,203.0,0.0,65.0,32.0,0.0,72.9,52.0,0.0,67.0,52.0,0.0,64.2,201.0,0.1,55.9
13.3,425.0,0.0,62.2,156.0,0.0,64.6,27.0,0.0,73.8,37.0,0.0,67.9,37.0,0.0,65.1,168.0,0.0,56.3
13.5,563.0,0.0,62.0,217.0,0.1,64.1,30.0,0.0,73.2,58.0,0.0,66.9,59.0,0.0,64.1,199.0,0.1,55.9
14.0,408.0,0.0,62.4,161.0,0.0,64.8,23.0,0.0,73.0,36.0,0.0,67.7,36.0,0.0,64.9,152.0,0.0,56.4
14.2,453.0,0.0,62.9,181.0,0.0,65.8,24.0,0.0,73.9,41.0,0.0,67.9,41.0,0.0,65.1,166.0,0.0,56.3
14.3,495.0,0.0,61.2,192.0,0.0,63.5,23.0,0.0,74.2,45.0,0.0,66.9,45.0,0.0,64.1,190.0,0.1,55.3
14.5,497.0,0.0,62.7,193.0,0.0,65.4,24.0,0.0,73.9,49.0,0.0,67.8,49.0,0.0,65.0,182.0,0.1,56.2
15.0,520.0,0.0,62.3,205.0,0.0,65.2,21.0,0.0,73.8,47.0,0.0,67.8,47.0,0.0,65.0,200.0,0.1,56.2
15.2,525.0,0.0,62.5,197.0,0.0,65.0,30.0,0.0,74.4,49.0,0.0,67.7,50.0,0.0,64.9,199.0,0.1,56.4
15.3,516.0,0.0,62.7,196.0,0.0,65.3,27.0,0.0,73.9,51.0,0.0,67.9,51.0,0.0,65.1,191.0,0.1,56.3
15.5,463.0,0.0,61.6,176.0,0.0,64.2,17.0,0.0,73.4,39.0,0.0,67.5,39.0,0.0,64.7,192.0,0.1,56.3
16.0,430.0,0.0,62.0,176.0,0.0,64.5,13.0,0.0,73.5,40.0,0.0,67.6,40.0,0.0,64.8,161.0,0.0,56.3
16.2,435.0,0.0,62.5,175.0,0.0,64.7,20.0,0.0,73.9,39.0,0.0,68.1,39.0,0.0,65.4,162.0,0.0,56.6
16.3,424.0,0.0,63.4,172.0,0.0,66.1,22.0,0.0,74.4,41.0,0.0,68.6,41.0,0.0,65.8,148.0,0.0,56.5
16.5,433.0,0.0,63.1,162.0,0.0,66.4,25.0,0.0,73.8,40.0,0.0,67.8,40.0,0.0,65.0,166.0,0.0,56.8
17.0,456.0,0.0,63.6,169.0,0.0,67.4,24.0,0.0,73.9,45.0,0.0,68.2,45.0,0.0,65.4,173.0,0.0,56.8
17.2,413.0,0.0,63.3,156.0,0.0,66.5,25.0,0.0,73.6,40.0,0.0,67.8,40.0,0.0,65.0,152.0,0.0,56.6
17.3,461.0,0.0,63.0,178.0,0.0,66.3,21.0,0.0,73.5,44.0,0.0,67.8,44.0,0.0,65.0,174.0,0.0,56.5
17.5,427.0,0.0,63.4,165.0,0.0,66.9,21.0,0.0,73.6,43.0,0.0,67.8,43.0,0.0,65.0,155.0,0.0,56.7
18.0,415.0,0.0,63.4,163.0,0.0,67.1,20.0,0.0,73.9,36.0,0.0,67.9,36.0,0.0,65.2,160.0,0.0,56.9
18.2,399.0,0.0,63.7,151.0,0.0,67.0,28.0,0.0,73.8,36.0,0.0,68.0,36.0,0.0,65.2,148.0,0.0,57.0
18.3,432.0,0.0,62.7,163.0,0.0,66.0,19.0,0.0,73.6,37.0,0.0,68.0,37.0,0.0,65.2,176.0,0.0,56.9
18.5,468.0,0.0,63.4,149.0,0.0,67.9,17.0,0.0,73.5,76.0,0.0,65.5,71.0,0.0,62.7,155.0,0.0,57.3
19.0,320.0,0.0,63.2,122.0,0.0,66.1,25.0,0.0,73.3,25.0,0.0,67.4,25.0,0.0,64.6,123.0,0.0,57.0
19.2,378.0,0.0,63.7,146.0,0.0,67.6,23.0,0.0,73.4,30.0,0.0,68.1,30.0,0.0,65.3,149.0,0.0,57.0
19.3,436.0,0.0,62.6,141.0,0.0,66.7,11.0,0.0,73.6,77.0,0.0,64.9,68.0,0.0,61.9,139.0,0.0,56.6
19.5,488.0,0.0,61.8,128.0,0.0,66.2,12.0,0.0,73.4,113.0,0.0,63.1,97.0,0.0,60.3,138.0,0.0,56.8
20.0,351.0,0.0,62.2,150.0,0.0,64.3,13.0,0.0,73.4,33.0,0.0,67.5,33.0,0.0,64.7,122.0,0.0,56.3
20.2,357.0,0.0,60.2,129.0,0.0,61.6,3.0,0.0,73.7,81.0,0.0,62.2,22.0,0.0,64.5,122.0,0.0,56.2
20.3,420.0,0.0,61.4,133.0,0.0,64.0,19.0,0.0,73.7,73.0,0.0,63.2,65.0,0.0,60.5,130.0,0.0,56.5
20.5,403.0,0.0,61.6,109.0,0.0,66.0,13.0,0.0,74.0,95.0,0.0,62.4,81.0,0.0,59.7,105.0,0.0,56.6
21.0,476.0,0.0,63.0,101.0,0.0,68.3,10.0,0.0,73.7,143.0,0.0,64.1,122.0,0.0,61.3,100.0,0.0,57.3
21.2,518.0,0.0,63.2,169.0,0.0,67.9,12.0,0.0,73.8,90.0,0.0,65.1,80.0,0.0,62.1,167.0,0.0,57.3
21.3,479.0,0.0,63.7,164.0,0.0,68.6,7.0,0.0,73.9,82.0,0.0,65.2,74.0,0.0,62.4,152.0,0.0,57.7
21.5,496.0,0.0,63.3,160.0,0.0,67.8,7.0,0.0,73.7,88.0,0.0,65.3,79.0,0.0,62.5,162.0,0.0,57.7
22.0,520.0,0.0,63.9,153.0,0.0,68.8,8.0,0.0,74.0,140.0,0.0,65.1,67.0,0.0,62.4,152.0,0.0,58.1
22.2,478.0,0.0,64.3,147.0,0.0,69.5,12.0,0.0,73.8,85.0,0.0,66.2,78.0,0.0,63.3,156.0,0.0,58.3
22.3,411.0,0.0,64.5,151.0,0.0,69.7,5.0,0.0,73.9,62.0,0.0,65.8,55.0,0.0,62.7,138.0,0.0,58.5
22.5,620.0,0.0,64.0,132.0,0.0,69.8,8.0,0.0,74.0,183.0,0.1,64.9,158.0,0.0,61.9,139.0,0.0,58.9
23.0,539.0,0.0,62.7,136.0,0.0,67.0,4.0,0.0,73.9,133.0,0.0,64.6,118.0,0.0,61.7,148.0,0.0,57.5
23.2,592.0,0.0,63.1,140.0,0.0,67.6,6.0,0.0,73.9,171.0,0.0,64.5,148.0,0.0,61.5,127.0,0.0,57.6
23.3,451.0,0.0,64.3,109.0,0.0,69.7,4.0,0.0,73.9,135.0,0.0,65.4,112.0,0.0,62.4,91.0,0.0,57.9
23.5,446.0,0.0,64.7,93.0,0.0,70.3,4.0,0.0,73.8,138.0,0.0,66.0,117.0,0.0,62.6,94.0,0.0,59.4
0.0,498.0,0.0,64.9,73.0,0.0,70.0,98.0,0.0,67.8,128.0,0.0,65.9,110.0,0.0,62.8,89.0,0.0,58.6
0.2,436.0,0.0,64.8,64.0,0.0,69.5,96.0,0.0,67.7,109.0,0.0,65.7,94.0,0.0,62.6,73.0,0.0,58.3
0.3,414.0,0.0,64.1,56.0,0.0,68.1,89.0,0.0,67.6,108.0,0.0,65.0,91.0,0.0,61.9,70.0,0.0,57.7
0.5,311.0,0.0,64.5,34.0,0.0,69.4,68.0,0.0,67.7,86.0,0.0,65.6,73.0,0.0,62.5,50.0,0.0,58.2
1.0,292.0,0.0,64.8,31.0,0.0,69.6,69.0,0.0,67.8,80.0,0.0,65.7,66.0,0.0,62.6,46.0,0.0,58.4
1.2,270.0,0.0,64.4,24.0,0.0,68.9,65.0,0.0,67.8,77.0,0.0,65.4,63.0,0.0,62.3,41.0,0.0,58.1
1.3,293.0,0.0,64.5,32.0,0.0,69.0,71.0,0.0,67.7,80.0,0.0,65.4,63.0,0.0,62.4,47.0,0.0,58.1
1.5,262.0,0.0,65.0,33.0,0.0,71.3,59.0,0.0,67.7,73.0,0.0,65.5,58.0,0.0,62.4,39.0,0.0,58.1
2.0,264.0,0.0,64.8,23.0,0.0,69.7,64.0,0.0,67.9,75.0,0.0,65.8,61.0,0.0,62.7,41.0,0.0,58.4
2.2,259.0,0.0,64.9,21.0,0.0,70.0,61.0,0.0,67.9,76.0,0.0,65.9,62.0,0.0,62.8,39.0,0.0,58.7
2.3,250.0,0.0,65.3,31.0,0.0,71.8,51.0,0.0,68.0,73.0,0.0,66.0,57.0,0.0,62.9,38.0,0.0,58.8
2.5,269.0,0.0,65.3,33.0,0.0,71.8,62.0,0.0,67.9,75.0,0.0,65.9,58.0,0.0,62.8,41.0,0.0,58.6
3.0,248.0,0.0,65.4,30.0,0.0,71.8,55.0,0.0,68.0,71.0,0.0,66.0,56.0,0.0,62.9,36.0,0.0,58.7
3.2,281.0,0.0,64.6,28.0,0.0,69.2,69.0,0.0,67.8,79.0,0.0,65.5,61.0,0.0,62.4,44.0,0.0,58.2
3.3,262.0,0.0,65.4,31.0,0.0,71.9,61.0,0.0,68.0,73.0,0.0,65.9,59.0,0.0,62.8,38.0,0.0,58.6
3.5,278.0,0.0,64.8,26.0,0.0,69.6,69.0,0.0,68.0,78.0,0.0,65.7,62.0,0.0,62.6,43.0,0.0,58.4
4.0,262.0,0.0,65.4,35.0,0.0,71.8,55.0,0.0,68.0,74.0,0.0,66.0,58.0,0.0,62.9,40.0,0.0,58.8
4.2,301.0,0.0,64.2,33.0,0.0,67.2,72.0,0.0,67.8,82.0,0.0,65.2,66.0,0.0,62.1,48.0,0.0,58.0
4.3,314.0,0.0,64.8,38.0,0.0,69.7,71.0,0.0,67.9,85.0,0.0,65.8,69.0,0.0,62.7,51.0,0.0,58.4
4.5,303.0,0.0,64.1,34.0,0.0,68.2,69.0,0.0,67.3,82.0,0.0,65.1,69.0,0.0,62.0,49.0,0.0,57.8
5.0,321.0,0.0,64.9,38.0,0.0,69.7,77.0,0.0,67.9,86.0,0.0,65.8,69.0,0.0,62.7,51.0,0.0,58.4
5.2,335.0,0.0,64.4,41.0,0.0,68.6,77.0,0.0,67.6,88.0,0.0,65.3,74.0,0.0,62.2,55.0,0.0,58.0
5.3,341.0,0.0,65.2,42.0,0.0,70.5,81.0,0.0,67.8,89.0,0.0,66.2,75.0,0.0,63.0,54.0,0.0,58.8
5.5,379.0,0.0,65.0,53.0,0.0,69.6,87.0,0.0,67.9,96.0,0.0,65.9,79.0,0.0,62.7,64.0,0.0,58.6
6.0,391.0,0.0,64.8,51.0,0.0,69.5,92.0,0.0,68.0,100.0,0.0,65.6,83.0,0.0,62.5,65.0,0.0,58.3
6.2,407.0,0.0,64.6,56.0,0.0,69.4,84.0,0.0,67.7,106.0,0.0,65.6,92.0,0.0,62.5,69.0,0.0,58.2
6.3,468.0,0.0,65.4,73.0,0.0,70.5,99.0,0.0,68.1,117.0,0.0,66.2,100.0,0.0,63.1,79.0,0.0,58.8
6.5,440.0,0.0,65.3,79.0,0.0,70.1,111.0,0.0,67.9,88.0,0.0,66.3,77.0,0.0,63.1,85.0,0.0,58.5
7.0,479.0,0.0,64.9,72.0,0.0,69.7,105.0,0.0,67.8,119.0,0.0,65.7,103.0,0.0,62.6,80.0,0.0,58.4
7.2,534.0,0.0,64.7,86.0,0.0,69.6,113.0,0.0,68.0,130.0,0.0,65.2,112.0,0.0,62.2,93.0,0.0,58.2
7.3,522.0,0.0,64.5,90.0,0.0,69.3,119.0,0.0,67.5,132.0,0.0,65.1,85.0,0.0,61.9,96.0,0.0,57.9
7.5,622.0,0.0,65.3,98.0,0.0,70.9,138.0,0.0,67.9,148.0,0.0,66.2,129.0,0.0,63.0,109.0,0.0,58.6
8.0,496.0,0.0,64.1,108.0,0.0,68.4,137.0,0.0,66.7,72.0,0.0,64.7,65.0,0.0,62.0,114.0,0.0,57.6
8.2,627.0,0.0,63.2,112.0,0.0,67.8,157.0,0.0,65.4,123.0,0.0,64.2,109.0,0.0,61.5,126.0,0.0,57.1
8.3,504.0,0.0,63.8,130.0,0.0,67.9,170.0,0.0,65.7,31.0,0.0,66.3,31.0,0.0,63.5,142.0,0.0,57.1
8.5,575.0,0.0,64.7,149.0,0.0,68.9,189.0,0.0,67.1,39.0,0.0,66.1,39.0,0.0,63.4,159.0,0.0,57.8
9.0,649.0,0.0,63.9,150.0,0.0,68.3,169.0,0.0,66.6,94.0,0.0,64.3,87.0,0.0,61.7,149.0,0.0,57.2
9.2,715.0,0.0,63.3,150.0,0.0,67.1,211.0,0.0,66.4,95.0,0.0,64.5,86.0,0.0,61.6,173.0,0.0,56.5
9.3,747.0,0.0,63.0,167.0,0.0,66.8,204.0,0.0,66.5,102.0,0.0,63.8,93.0,0.0,61.0,181.0,0.1,56.2
9.5,725.0,0.0,62.1,183.0,0.0,65.5,233.0,0.0,65.1,58.0,0.0,62.5,58.0,0.0,59.9,193.0,0.1,55.7
10.0,678.0,0.0,63.6,176.0,0.0,66.9,211.0,0.0,66.6,56.0,0.0,65.8,56.0,0.0,63.1,179.0,0.1,56.2
10.2,725.0,0.0,62.8,182.0,0.0,66.5,241.0,0.1,65.3,52.0,0.0,66.2,52.0,0.0,63.5,198.0,0.1,55.4
10.3,851.0,0.0,60.5,219.0,0.0,63.7,248.0,0.1,62.8,85.0,0.0,62.9,86.0,0.0,60.2,213.0,0.1,53.6
10.5,885.0,0.0,62.0,226.0,0.1,63.9,272.0,0.1,65.6,78.0,0.0,65.3,79.0,0.0,62.6,230.0,0.1,54.6
11.0,841.0,0.0,63.0,211.0,0.0,66.0,285.0,0.1,66.4,54.0,0.0,66.3,55.0,0.0,63.6,236.0,0.1,55.4
11.2,878.0,0.0,63.1,221.0,0.0,65.9,265.0,0.1,66.3,84.0,0.0,66.0,86.0,0.0,63.3,222.0,0.1,55.5
11.3,835.0,0.0,63.1,213.0,0.0,65.9,272.0,0.1,66.5,61.0,0.0,66.1,61.0,0.0,63.4,228.0,0.1,55.4
11.5,910.0,0.0,63.1,233.0,0.1,66.1,278.0,0.1,66.2,81.0,0.0,66.2,81.0,0.0,63.5,237.0,0.1,55.3
12.0,919.0,0.0,62.9,225.0,0.0,65.8,302.0,0.1,66.2,74.0,0.0,65.4,74.0,0.0,62.7,244.0,0.1,55.4
12.2,930.0,0.0,62.7,229.0,0.1,65.5,299.0,0.1,65.9,79.0,0.0,66.1,79.0,0.0,63.4,244.0,0.1,54.8
12.3,942.0,0.0,62.4,230.0,0.1,64.3,311.0,0.1,66.0,75.0,0.0,66.8,75.0,0.0,64.0,251.0,0.1,54.2
12.5,950.0,0.0,61.8,235.0,0.1,62.8,296.0,0.1,65.8,88.0,0.0,65.9,89.0,0.0,63.2,242.0,0.1,53.9
13.0,853.0,0.0,62.2,213.0,0.0,64.0,275.0,0.1,65.9,69.0,0.0,66.1,69.0,0.0,63.4,227.0,0.1,54.3
13.2,903.0,0.0,62.5,226.0,0.1,64.9,282.0,0.1,66.1,80.0,0.0,66.5,81.0,0.0,63.8,234.0,0.1,54.4
13.3,903.0,0.0,61.8,221.0,0.1,62.8,285.0,0.1,66.0,83.0,0.0,65.8,83.0,0.0,63.1,231.0,0.1,53.9
13.5,955.0,0.0,61.8,243.0,0.1,63.4,286.0,0.1,65.8,91.0,0.0,65.4,91.0,0.0,62.7,244.0,0.1,53.6
14.0,820.0,0.0,62.7,198.0,0.0,64.8,254.0,0.1,66.3,83.0,0.0,66.0,83.0,0.0,63.3,202.0,0.1,54.6
14.2,866.0,0.0,63.5,212.0,0.0,66.5,271.0,0.1,66.2,82.0,0.0,67.6,82.0,0.0,64.8,219.0,0.1,55.2
14.3,921.0,0.0,62.5,222.0,0.0,64.9,297.0,0.1,65.9,83.0,0.0,65.6,83.0,0.0,62.8,236.0,0.1,54.6
14.5,872.0,0.0,62.0,218.0,0.0,63.6,278.0,0.1,66.0,73.0,0.0,65.5,74.0,0.0,62.8,229.0,0.1,54.2
15.0,835.0,0.0,62.6,209.0,0.0,64.8,266.0,0.1,66.2,71.0,0.0,66.1,71.0,0.0,63.4,218.0,0.1,54.7
15.2,872.0,0.0,62.6,213.0,0.0,64.9,276.0,0.1,66.4,79.0,0.0,65.3,79.0,0.0,62.6,225.0,0.1,55.0
15.3,898.0,0.0,62.6,226.0,0.0,64.8,270.0,0.1,66.2,88.0,0.0,65.4,88.0,0.0,62.7,226.0,0.1,54.9
15.5,863.0,0.0,62.8,222.0,0.0,65.0,258.0,0.1,66.6,81.0,0.0,65.8,81.0,0.0,63.1,221.0,0.1,54.9
16.0,918.0,0.0,61.5,227.0,0.1,62.8,285.0,0.1,65.5,86.0,0.0,64.5,86.0,0.0,61.8,234.0,0.1,54.1
16.2,868.0,0.0,61.9,212.0,0.0,63.0,282.0,0.1,66.0,72.0,0.0,65.6,72.0,0.0,62.9,230.0,0.1,54.4
16.3,850.0,0.0,62.7,212.0,0.0,64.7,265.0,0.1,66.5,77.0,0.0,65.9,78.0,0.0,63.2,218.0,0.1,54.7
16.5,785.0,0.0,62.7,193.0,0.0,64.8,282.0,0.1,66.8,42.0,0.0,66.2,42.0,0.0,63.5,226.0,0.1,54.9
17.0,825.0,0.0,63.3,203.0,0.0,66.1,271.0,0.1,66.6,65.0,0.0,66.9,67.0,0.0,64.1,219.0,0.1,55.3
17.2,862.0,0.0,62.6,215.0,0.0,64.7,266.0,0.1,66.2,81.0,0.0,65.7,81.0,0.0,63.0,219.0,0.1,54.7
17.3,733.0,0.0,62.7,188.0,0.0,65.8,235.0,0.1,65.8,56.0,0.0,66.0,56.0,0.0,63.2,198.0,0.1,55.1
17.5,712.0,0.0,63.3,186.0,0.0,66.7,240.0,0.1,66.4,40.0,0.0,66.2,40.0,0.0,63.4,206.0,0.1,55.9
18.0,728.0,0.0,62.4,188.0,0.0,65.0,230.0,0.0,65.8,57.0,0.0,64.9,57.0,0.0,62.2,196.0,0.1,55.4
18.2,707.0,0.0,63.1,182.0,0.0,65.9,240.0,0.1,66.7,42.0,0.0,66.3,42.0,0.0,63.5,201.0,0.1,55.3
18.3,680.0,0.0,63.5,169.0,0.0,67.0,231.0,0.1,66.3,47.0,0.0,66.2,47.0,0.0,63.5,186.0,0.1,56.0
18.5,716.0,0.0,63.2,187.0,0.0,66.5,226.0,0.0,66.3,54.0,0.0,65.5,54.0,0.0,62.8,195.0,0.1,55.8
19.0,883.0,0.0,62.7,154.0,0.0,66.4,235.0,0.0,66.9,164.0,0.0,63.1,146.0,0.0,60.3,184.0,0.1,55.9
19.2,773.0,0.0,61.8,163.0,0.0,64.0,218.0,0.1,66.0,173.0,0.0,62.3,39.0,0.0,63.1,180.0,0.1,54.1
19.3,741.0,0.0,62.1,153.0,0.0,65.2,194.0,0.0,66.4,147.0,0.0,62.4,80.0,0.0,60.5,167.0,0.0,54.9
19.5,727.0,0.0,59.5,194.0,0.0,60.1,204.0,0.0,64.2,74.0,0.0,62.6,74.0,0.0,59.9,181.0,0.1,52.4
20.0,708.0,0.0,59.9,184.0,0.0,60.9,193.0,0.0,63.9,81.0,0.0,62.8,81.0,0.0,60.2,169.0,0.1,52.8
20.2,659.0,0.0,59.1,175.0,0.0,60.5,196.0,0.0,63.6,58.0,0.0,61.6,58.0,0.0,59.0,172.0,0.1,51.9
20.3,668.0,0.0,61.2,150.0,0.0,64.0,186.0,0.0,66.1,87.0,0.0,61.2,79.0,0.0,58.7,166.0,0.0,54.4
20.5,618.0,0.0,61.1,139.0,0.0,63.4,168.0,0.0,65.9,85.0,0.0,61.7,77.0,0.0,59.1,149.0,0.0,54.2
21.0,731.0,0.0,63.3,134.0,0.0,68.0,204.0,0.1,66.5,147.0,0.0,63.4,82.0,0.0,60.9,164.0,0.1,56.7
21.2,658.0,0.0,64.5,139.0,0.0,68.6,186.0,0.0,67.6,93.0,0.0,65.3,85.0,0.0,62.4,155.0,0.0,57.7
21.3,533.0,0.0,63.7,138.0,0.0,66.9,177.0,0.0,66.6,35.0,0.0,65.1,35.0,0.0,62.4,148.0,0.0,57.3
21.5,657.0,0.0,62.8,133.0,0.0,65.8,149.0,0.0,65.5,125.0,0.0,64.2,110.0,0.0,61.2,140.0,0.0,56.8
22.0,693.0,0.0,63.4,103.0,0.0,67.2,153.0,0.0,67.3,166.0,0.1,64.3,144.0,0.0,61.3,127.0,0.0,57.0
22.2,707.0,0.0,63.6,111.0,0.0,68.5,153.0,0.0,67.1,168.0,0.1,64.3,146.0,0.0,61.3,129.0,0.0,57.1
22.3,690.0,0.0,63.9,109.0,0.0,67.9,149.0,0.0,67.4,164.0,0.0,64.6,143.0,0.0,61.7,125.0,0.0,57.5
22.5,603.0,0.0,64.6,90.0,0.0,69.4,127.0,0.0,67.6,148.0,0.0,65.5,129.0,0.0,62.4,109.0,0.0,58.3
23.0,458.0,0.0,64.2,75.0,0.0,68.7,86.0,0.0,67.3,117.0,0.0,65.1,100.0,0.0,62.1,80.0,0.0,57.8
23.2,439.0,0.0,64.1,66.0,0.0,69.1,88.0,0.0,67.5,113.0,0.0,64.8,97.0,0.0,61.8,75.0,0.0,57.8
23.3,412.0,0.0,64.3,60.0,0.0,68.9,90.0,0.0,67.5,104.0,0.0,65.0,90.0,0.0,61.9,68.0,0.0,58.1
23.5,421.0,0.0,64.3,65.0,0.0,67.7,91.0,0.0,67.8,105.0,0.0,65.2,89.0,0.0,62.1,71.0,0.0,58.1
0.0,352.0,0.0,64.5,44.0,0.0,69.3,78.0,0.0,67.6,94.0,0.0,65.4,79.0,0.0,62.3,57.0,0.0,58.0
0.2,291.0,0.0,64.7,30.0,0.0,69.4,71.0,0.0,67.7,80.0,0.0,65.6,64.0,0.0,62.5,46.0,0.0,58.3
0.3,303.0,0.0,64.5,34.0,0.0,68.6,72.0,0.0,67.8,82.0,0.0,65.3,67.0,0.0,62.2,48.0,0.0,58.1
0.5,257.0,0.0,64.5,23.0,0.0,69.0,64.0,0.0,67.8,74.0,0.0,65.4,57.0,0.0,62.3,39.0,0.0,58.1
1.0,251.0,0.0,64.8,20.0,0.0,69.6,61.0,0.0,68.0,73.0,0.0,65.8,59.0,0.0,62.7,38.0,0.0,58.5
1.2,236.0,0.0,64.4,17.0,0.0,69.1,56.0,0.0,67.8,71.0,0.0,65.4,55.0,0.0,62.4,37.0,0.0,58.1
1.3,243.0,0.0,64.9,36.0,0.0,71.1,47.0,0.0,67.6,70.0,0.0,65.3,54.0,0.0,62.3,36.0,0.0,58.2
1.5,226.0,0.0,65.0,31.0,0.0,71.4,43.0,0.0,67.7,68.0,0.0,65.7,51.0,0.0,62.6,33.0,0.0,58.3
2.0,220.0,0.0,64.7,25.0,0.0,71.4,45.0,0.0,67.7,67.0,0.0,65.3,51.0,0.0,62.3,32.0,0.0,58.0
2.2,252.0,0.0,65.6,39.0,0.0,72.6,53.0,0.0,67.8,71.0,0.0,65.8,54.0,0.0,62.7,35.0,0.0,58.5
2.3,225.0,0.0,65.7,37.0,0.0,72.8,43.0,0.0,67.8,66.0,0.0,65.9,48.0,0.0,62.7,31.0,0.0,58.6
2.5,236.0,0.0,65.1,33.0,0.0,71.3,48.0,0.0,67.7,69.0,0.0,65.6,52.0,0.0,62.5,34.0,0.0,58.3
3.0,239.0,0.0,64.8,24.0,0.0,69.8,53.0,0.0,67.7,72.0,0.0,65.8,54.0,0.0,62.7,36.0,0.0,58.5
3.2,252.0,0.0,64.8,23.0,0.0,70.1,58.0,0.0,67.9,73.0,0.0,65.8,58.0,0.0,62.7,40.0,0.0,58.7
3.3,266.0,0.0,64.9,25.0,0.0,69.8,63.0,0.0,68.1,75.0,0.0,65.9,61.0,0.0,62.8,42.0,0.0,58.5
3.5,288.0,0.0,64.6,31.0,0.0,69.6,65.0,0.0,67.6,82.0,0.0,65.6,65.0,0.0,62.5,45.0,0.0,58.3
4.0,325.0,0.0,64.3,39.0,0.0,68.9,75.0,0.0,67.6,87.0,0.0,65.2,72.0,0.0,62.1,52.0,0.0,58.1
4.2,346.0,0.0,63.8,43.0,0.0,67.7,81.0,0.0,67.1,90.0,0.0,64.5,76.0,0.0,61.5,56.0,0.0,57.8
4.3,417.0,0.0,64.6,59.0,0.0,68.9,94.0,0.0,67.8,105.0,0.0,65.5,89.0,0.0,62.4,70.0,0.0,58.2
4.5,412.0,0.0,64.9,68.0,0.0,69.3,102.0,0.0,67.6,106.0,0.0,65.5,62.0,0.0,62.5,74.0,0.0,58.0
5.0,409.0,0.0,64.4,87.0,0.0,69.3,116.0,0.0,66.9,61.0,0.0,64.6,55.0,0.0,61.8,90.0,0.0,57.8
5.2,469.0,0.0,63.1,122.0,0.0,66.4,144.0,0.0,66.5,42.0,0.0,62.2,42.0,0.0,59.6,119.0,0.0,57.1
5.3,556.0,0.0,64.8,141.0,0.0,69.5,170.0,0.0,67.8,52.0,0.0,63.0,52.0,0.0,60.4,141.0,0.0,58.8
5.5,657.0,0.0,64.7,166.0,0.0,68.7,199.0,0.0,68.6,64.0,0.0,62.4,64.0,0.0,59.7,164.0,0.0,58.7
6.0,602.0,0.0,64.4,157.0,0.0,68.5,175.0,0.0,66.8,60.0,0.0,65.3,60.0,0.0,62.6,150.0,0.0,57.6
6.2,819.0,0.0,62.9,204.0,0.0,66.9,220.0,0.1,65.8,106.0,0.0,62.9,107.0,0.0,60.3,182.0,0.1,56.6
6.3,899.0,0.0,62.2,227.0,0.1,65.8,246.0,0.1,64.9,110.0,0.0,62.5,110.0,0.0,59.9,206.0,0.1,56.0
6.5,1089.0,0.1,63.6,265.0,0.1,67.0,275.0,0.1,65.4,161.0,0.0,65.9,162.0,0.0,63.1,226.0,0.1,56.1
7.0,985.0,0.1,63.8,240.0,0.1,67.1,270.0,0.1,65.3,128.0,0.0,67.5,128.0,0.0,64.7,219.0,0.1,55.7
7.2,1038.0,0.1,65.1,253.0,0.1,68.8,294.0,0.1,66.3,126.0,0.0,69.8,127.0,0.0,67.0,238.0,0.1,56.0
7.3,1180.0,0.1,61.8,283.0,0.1,64.5,312.0,0.1,64.8,167.0,0.0,63.3,168.0,0.0,60.7,250.0,0.1,54.5
7.5,1136.0,0.1,61.8,274.0,0.1,64.3,302.0,0.1,64.6,158.0,0.0,64.3,158.0,0.0,61.6,244.0,0.1,54.1
8.0,1030.0,0.1,62.1,247.0,0.1,63.3,292.0,0.1,65.4,128.0,0.0,65.9,129.0,0.0,63.1,234.0,0.1,54.2
8.2,1082.0,0.1,60.9,255.0,0.1,62.3,295.0,0.1,64.5,149.0,0.0,63.1,149.0,0.0,60.5,234.0,0.1,53.9
8.3,1061.0,0.1,63.3,252.0,0.1,65.7,301.0,0.1,65.8,134.0,0.0,67.2,134.0,0.0,64.5,240.0,0.1,54.6
8.5,1008.0,0.1,63.1,238.0,0.1,65.1,292.0,0.1,66.1,125.0,0.0,66.7,125.0,0.0,64.0,228.0,0.1,54.7
9.0,973.0,0.1,63.7,227.0,0.1,65.6,292.0,0.1,66.1,111.0,0.0,69.5,111.0,0.0,66.6,232.0,0.1,54.7
9.2,1010.0,0.1,63.0,244.0,0.1,65.4,293.0,0.1,65.6,119.0,0.0,67.3,119.0,0.0,64.5,235.0,0.1,54.3
9.3,1039.0,0.1,62.0,252.0,0.1,63.8,293.0,0.1,65.0,128.0,0.0,65.8,128.0,0.0,63.1,238.0,0.1,53.7
9.5,994.0,0.1,61.6,242.0,0.1,63.7,276.0,0.1,64.7,126.0,0.0,64.1,126.0,0.0,61.4,224.0,0.1,54.1
10.0,927.0,0.1,60.6,227.0,0.1,62.7,279.0,0.1,64.2,97.0,0.0,63.0,97.0,0.0,60.4,227.0,0.1,53.4
10.2,924.0,0.1,62.4,217.0,0.1,64.4,279.0,0.1,64.9,105.0,0.0,66.5,106.0,0.0,63.8,217.0,0.1,54.6
10.3,947.0,0.1,61.3,226.0,0.1,63.0,291.0,0.1,64.7,100.0,0.0,64.1,100.0,0.0,61.5,230.0,0.1,54.3
10.5,980.0,0.1,59.9,234.0,0.1,62.4,289.0,0.1,63.2,113.0,0.0,61.0,114.0,0.0,58.4,230.0,0.1,53.3
11.0,910.0,0.1,60.5,229.0,0.1,63.5,267.0,0.1,63.4,95.0,0.0,61.7,95.0,0.0,59.1,224.0,0.1,54.0
11.2,960.0,0.1,61.5,234.0,0.1,63.6,278.0,0.1,64.9,111.0,0.0,63.8,111.0,0.0,61.2,226.0,0.1,54.2
11.3,931.0,0.1,62.2,230.0,0.1,65.1,266.0,0.1,64.8,108.0,0.0,64.6,108.0,0.0,61.9,219.0,0.1,54.9
11.5,992.0,0.1,58.8,244.0,0.1,60.8,298.0,0.1,62.0,103.0,0.0,60.6,103.0,0.0,58.0,244.0,0.1,52.3
12.0,936.0,0.1,60.8,234.0,0.1,62.7,274.0,0.1,64.0,100.0,0.0,63.7,100.0,0.0,61.0,228.0,0.1,53.6
12.2,938.0,0.1,62.4,225.0,0.1,65.3,293.0,0.1,65.3,94.0,0.0,64.9,94.0,0.0,62.2,232.0,0.1,54.8
12.3,946.0,0.1,61.3,232.0,0.1,63.8,282.0,0.1,64.5,101.0,0.0,63.2,101.0,0.0,60.5,230.0,0.1,54.2
12.5,913.0,0.1,62.2,219.0,0.1,64.2,286.0,0.1,65.7,91.0,0.0,64.6,91.0,0.0,61.9,226.0,0.1,55.1
13.0,1016.0,0.1,62.4,246.0,0.1,65.1,296.0,0.1,65.1,118.0,0.0,65.5,118.0,0.0,62.8,238.0,0.1,54.5
13.2,953.0,0.1,61.4,241.0,0.1,64.6,281.0,0.1,64.0,96.0,0.0,63.8,97.0,0.0,61.1,238.0,0.1,54.1
13.3,1067.0,0.1,63.6,261.0,0.1,66.8,290.0,0.1,65.5,139.0,0.0,67.4,139.0,0.0,64.6,238.0,0.1,55.2
13.5,1019.0,0.1,62.9,244.0,0.1,65.6,295.0,0.1,65.8,123.0,0.0,65.4,123.0,0.0,62.7,234.0,0.1,55.1
14.0,1015.0,0.1,62.3,251.0,0.1,64.2,292.0,0.1,66.0,116.0,0.0,65.5,116.0,0.0,62.8,240.0,0.1,54.3
14.2,1093.0,0.1,62.9,251.0,0.1,65.5,340.0,0.1,65.8,118.0,0.0,66.9,118.0,0.0,64.1,266.0,0.1,54.5
14.3,1158.0,0.1,62.9,278.0,0.1,64.6,311.0,0.1,65.9,159.0,0.0,66.6,159.0,0.0,63.9,251.0,0.1,54.2
14.5,1156.0,0.1,62.8,283.0,0.1,64.1,327.0,0.1,66.2,139.0,0.0,67.7,139.0,0.0,64.8,268.0,0.1,53.8
15.0,1086.0,0.1,62.2,258.0,0.1,63.0,315.0,0.1,65.5,132.0,0.0,66.4,132.0,0.0,63.6,249.0,0.1,54.0
15.2,1132.0,0.1,62.1,274.0,0.1,63.4,308.0,0.1,65.8,150.0,0.0,65.5,150.0,0.0,62.8,250.0,0.1,53.8
15.3,1220.0,0.1,61.9,293.0,0.1,63.5,333.0,0.1,65.3,164.0,0.0,65.0,164.0,0.0,62.3,266.0,0.1,53.5
15.5,1121.0,0.1,62.5,269.0,0.1,64.5,312.0,0.1,65.7,145.0,0.0,65.7,145.0,0.0,63.0,250.0,0.1,54.1
16.0,1196.0,0.1,61.9,285.0,0.1,62.8,326.0,0.1,65.9,163.0,0.0,65.2,163.0,0.0,62.5,259.0,0.1,53.4
16.2,1253.0,0.1,63.0,298.0,0.1,64.0,342.0,0.1,66.8,170.0,0.0,66.7,171.0,0.0,63.9,272.0,0.1,53.9
16.3,1260.0,0.1,63.1,299.0,0.1,64.7,337.0,0.1,66.4,178.0,0.0,66.7,178.0,0.0,63.9,268.0,0.1,54.3
16.5,1255.0,0.1,62.9,298.0,0.1,63.7,338.0,0.1,66.3,175.0,0.0,67.6,175.0,0.0,64.8,269.0,0.1,53.2
17.0,1179.0,0.1,63.5,287.0,0.1,65.2,320.0,0.1,66.7,155.0,0.0,67.9,155.0,0.0,65.1,262.0,0.1,54.3
17.2,1246.0,0.1,63.3,297.0,0.1,64.9,358.0,0.1,66.5,153.0,0.0,67.9,153.0,0.0,65.1,285.0,0.1,54.1
17.3,1284.0,0.1,62.6,309.0,0.1,63.5,341.0,0.1,66.2,179.0,0.0,66.9,180.0,0.0,64.1,275.0,0.1,53.3
17.5,1160.0,0.1,62.4,279.0,0.1,63.4,341.0,0.1,66.5,134.0,0.0,66.6,134.0,0.0,63.8,272.0,0.1,53.6
18.0,1097.0,0.1,62.7,266.0,0.1,63.9,326.0,0.1,66.8,121.0,0.0,67.3,121.0,0.0,64.5,263.0,0.1,53.7
18.2,1160.0,0.1,61.1,279.0,0.1,61.9,330.0,0.1,65.5,142.0,0.0,64.5,143.0,0.0,61.8,266.0,0.1,52.7
18.3,1057.0,0.1,61.7,255.0,0.1,62.7,320.0,0.1,66.3,112.0,0.0,64.9,113.0,0.0,62.2,257.0,0.1,53.5
18.5,974.0,0.0,61.7,246.0,0.1,64.3,275.0,0.1,65.0,110.0,0.0,63.5,110.0,0.0,60.9,233.0,0.1,54.4
19.0,965.0,0.0,63.5,239.0,0.1,65.8,284.0,0.1,67.1,103.0,0.0,66.2,103.0,0.0,63.5,236.0,0.1,55.5
19.2,849.0,0.0,62.0,215.0,0.1,65.0,265.0,0.1,65.3,73.0,0.0,63.5,74.0,0.0,60.8,222.0,0.1,54.9
19.3,813.0,0.0,63.8,208.0,0.0,67.0,255.0,0.1,67.0,67.0,0.0,66.6,67.0,0.0,63.8,216.0,0.1,56.1
19.5,781.0,0.0,64.3,194.0,0.0,67.1,241.0,0.1,67.5,74.0,0.0,67.3,75.0,0.0,64.5,197.0,0.1,56.6
20.0,672.0,0.0,64.3,164.0,0.0,68.1,230.0,0.1,67.3,47.0,0.0,66.5,47.0,0.0,63.8,184.0,0.1,57.0
20.2,579.0,0.0,63.6,146.0,0.0,66.8,190.0,0.0,66.8,44.0,0.0,65.6,44.0,0.0,62.9,155.0,0.0,56.1
20.3,545.0,0.0,63.5,141.0,0.0,66.2,183.0,0.0,67.0,34.0,0.0,65.7,34.0,0.0,63.0,153.0,0.0,56.4
20.5,707.0,0.0,63.3,134.0,0.0,66.8,175.0,0.0,67.2,132.0,0.0,63.9,116.0,0.0,61.0,150.0,0.0,56.7
21.0,540.0,0.0,64.4,143.0,0.0,67.9,177.0,0.0,67.2,34.0,0.0,66.3,34.0,0.0,63.5,152.0,0.0,57.7
21.2,650.0,0.0,64.5,144.0,0.0,68.1,180.0,0.0,67.3,90.0,0.0,65.8,82.0,0.0,62.9,154.0,0.0,57.9
21.3,693.0,0.0,64.3,118.0,0.0,68.3,182.0,0.0,67.4,131.0,0.0,65.4,117.0,0.0,62.4,145.0,0.0,57.8
21.5,755.0,0.0,64.5,122.0,0.0,69.6,164.0,0.0,67.6,176.0,0.1,65.1,154.0,0.1,62.1,139.0,0.0,58.3
22.0,733.0,0.0,65.4,112.0,0.0,71.2,163.0,0.0,67.9,173.0,0.0,66.2,151.0,0.0,62.9,134.0,0.0,59.3
22.2,640.0,0.0,65.0,103.0,0.0,70.3,132.0,0.0,67.9,155.0,0.0,65.6,134.0,0.0,62.6,116.0,0.0,58.8
22.3,627.0,0.0,64.3,88.0,0.0,69.3,139.0,0.0,67.5,152.0,0.0,65.2,133.0,0.0,62.2,115.0,0.0,58.2
22.5,566.0,0.0,65.0,87.0,0.0,70.4,121.0,0.0,67.9,138.0,0.0,65.6,120.0,0.0,62.6,100.0,0.0,58.9
23.0,458.0,0.0,64.9,62.0,0.0,70.8,98.0,0.0,67.6,118.0,0.0,65.8,101.0,0.0,62.6,79.0,0.0,58.9
23.2,450.0,0.0,65.1,61.0,0.0,70.3,96.0,0.0,67.8,115.0,0.0,66.1,100.0,0.0,62.9,78.0,0.0,58.7
23.3,438.0,0.0,64.7,59.0,0.0,69.9,96.0,0.0,67.7,111.0,0.0,65.4,97.0,0.0,62.4,75.0,0.0,58.5
23.5,383.0,0.0,64.4,50.0,0.0,69.7,86.0,0.0,67.6,99.0,0.0,65.1,84.0,0.0,62.1,64.0,0.0,58.4
