Timestamp,Station,Freeway,Direction,Lane Type,Total Flow (veh/5min),Lane1 Flow (veh/5min),Lane2 Flow (veh/5min),Lane3 Flow (veh/5min),Lane4 Flow (veh/5min),Lane5 Flow (veh/5min),Lane6 Flow (veh/5min),Latitude,Longitude,Location,Abs_PM
2025-01-07 06:00:00,717616,210,E,FR,,,,,,,,34.179921,-118.167405,ARROYO,22.6
2025-01-07 06:00:00,717619,210,E,FR,,,,,,,,34.174756,-118.160407,LINCOLN 1,23.14
2025-01-07 06:00:00,717651,210,E,FR,4.0,4.0,,,,,,34.147621,-118.079037,SIERRA MADRE V2,29.44
2025-01-07 06:00:00,737480,210,E,FR,,,,,,,,34.152332,-118.103137,ALTADENA,27.98
2025-01-07 06:00:00,761091,210,E,FR,,,,,,,,34.160546,-118.158748,MOUNTAIN 2,24.16
2025-01-07 06:00:00,763878,210,E,FR,,,,,,,,34.152216,-118.156144,WALNUT,24.81
2025-01-07 06:00:00,763908,210,E,FR,15.0,3.0,12.0,,,,,34.152385,-118.0979,SIERRA MADRE BLVD,28.28
2025-01-07 06:00:00,768923,210,E,FR,,,,,,,,34.147544,-118.081868,SIERRA MADRE VILLA,29.28
2025-01-07 06:00:00,769269,210,E,FR,,,,,,,,34.15167,-118.137983,LAKE AVE OFF(LAKE 1),25.98
2025-01-07 06:00:00,769272,210,E,FR,,,,,,,,34.151855,-118.125787,HILL AVE OFF,26.68
2025-01-07 06:00:00,769789,210,E,FR,,,,,,,,34.189219,-118.180753,BERKSHIRE,21.58
2025-01-07 06:00:00,769833,210,E,FR,,,,,,,,34.206745,-118.201533,ANGELES CREST HWY SB,19.78
2025-01-07 06:00:00,769850,210,E,FR,11.0,11.0,,,,,,34.211728,-118.228265,OCEAN VIEW,18.18
2025-01-07 06:00:00,769882,210,E,FR,6.0,6.0,,,,,,34.221426,-118.245718,PENNSYLVANIA,16.98
2025-01-07 06:00:00,769897,210,E,FR,,,,,,,,34.230849,-118.265101,LOWELL / HONOLULU,15.68
2025-01-07 06:00:00,769898,210,E,FR,,,,,,,,34.230849,-118.265101,LOWELL / HONOLULU,15.68
2025-01-07 06:00:00,769986,210,E,FR,,,,,,,,34.202989,-118.191827,GOULD,20.4
2025-01-07 06:00:00,770118,210,E,FR,,,,,,,,34.234317,-118.286992,LA TUNA CANYON,14.39
2025-01-07 06:05:00,717616,210,E,FR,,,,,,,,34.179921,-118.167405,ARROYO,22.6
2025-01-07 06:05:00,717619,210,E,FR,,,,,,,,34.174756,-118.160407,LINCOLN 1,23.14
2025-01-07 06:05:00,717651,210,E,FR,3.0,3.0,,,,,,34.147621,-118.079037,SIERRA MADRE V2,29.44
2025-01-07 06:05:00,737480,210,E,FR,,,,,,,,34.152332,-118.103137,ALTADENA,27.98
2025-01-07 06:05:00,761091,210,E,FR,,,,,,,,34.160546,-118.158748,MOUNTAIN 2,24.16
2025-01-07 06:05:00,763878,210,E,FR,,,,,,,,34.152216,-118.156144,WALNUT,24.81
2025-01-07 06:05:00,763908,210,E,FR,12.0,1.0,11.0,,,,,34.152385,-118.0979,SIERRA MADRE BLVD,28.28
2025-01-07 06:05:00,768923,210,E,FR,,,,,,,,34.147544,-118.081868,SIERRA MADRE VILLA,29.28
2025-01-07 06:05:00,769269,210,E,FR,,,,,,,,34.15167,-118.137983,LAKE AVE OFF(LAKE 1),25.98
2025-01-07 06:05:00,769272,210,E,FR,,,,,,,,34.151855,-118.125787,HILL AVE OFF,26.68
2025-01-07 06:05:00,769789,210,E,FR,,,,,,,,34.189219,-118.180753,BERKSHIRE,21.58
2025-01-07 06:05:00,769833,210,E,FR,,,,,,,,34.206745,-118.201533,ANGELES CREST HWY SB,19.78
2025-01-07 06:05:00,769850,210,E,FR,8.0,8.0,,,,,,34.211728,-118.228265,OCEAN VIEW,18.18
2025-01-07 06:05:00,769882,210,E,FR,4.0,4.0,,,,,,34.221426,-118.245718,PENNSYLVANIA,16.98
2025-01-07 06:05:00,769897,210,E,FR,,,,,,,,34.230849,-118.265101,LOWELL / HONOLULU,15.68
2025-01-07 06:05:00,769898,210,E,FR,,,,,,,,34.230849,-118.265101,LOWELL / HONOLULU,15.68
2025-01-07 06:05:00,769986,210,E,FR,,,,,,,,34.202989,-118.191827,GOULD,20.4
2025-01-07 06:05:00,770118,210,E,FR,,,,,,,,34.234317,-118.286992,LA TUNA CANYON,14.39
2025-01-07 06:10:00,717616,210,E,FR,,,,,,,,34.179921,-118.167405,ARROYO,22.6
2025-01-07 06:10:00,717619,210,E,FR,,,,,,,,34.174756,-118.160407,LINCOLN 1,23.14
2025-01-07 06:10:00,717651,210,E,FR,6.0,6.0,,,,,,34.147621,-118.079037,SIERRA MADRE V2,29.44
2025-01-07 06:10:00,737480,210,E,FR,,,,,,,,34.152332,-118.103137,ALTADENA,27.98
2025-01-07 06:10:00,761091,210,E,FR,,,,,,,,34.160546,-118.158748,MOUNTAIN 2,24.16
2025-01-07 06:10:00,763878,210,E,FR,,,,,,,,34.152216,-118.156144,WALNUT,24.81
2025-01-07 06:10:00,763908,210,E,FR,9.0,2.0,7.0,,,,,34.152385,-118.0979,SIERRA MADRE BLVD,28.28
2025-01-07 06:10:00,768923,210,E,FR,,,,,,,,34.147544,-118.081868,SIERRA MADRE VILLA,29.28
2025-01-07 06:10:00,769269,210,E,FR,,,,,,,,34.15167,-118.137983,LAKE AVE OFF(LAKE 1),25.98
2025-01-07 06:10:00,769272,210,E,FR,,,,,,,,34.151855,-118.125787,HILL AVE OFF,26.68
2025-01-07 06:10:00,769789,210,E,FR,,,,,,,,34.189219,-118.180753,BERKSHIRE,21.58
2025-01-07 06:10:00,769833,210,E,FR,,,,,,,,34.206745,-118.201533,ANGELES CREST HWY SB,19.78
2025-01-07 06:10:00,769850,210,E,FR,13.0,13.0,,,,,,34.211728,-118.228265,OCEAN VIEW,18.18
2025-01-07 06:10:00,769882,210,E,FR,7.0,7.0,,,,,,34.221426,-118.245718,PENNSYLVANIA,16.98
2025-01-07 06:10:00,769897,210,E,FR,,,,,,,,34.230849,-118.265101,LOWELL / HONOLULU,15.68
2025-01-07 06:10:00,769898,210,E,FR,,,,,,,,34.230849,-118.265101,LOWELL / HONOLULU,15.68
2025-01-07 06:10:00,769986,210,E,FR,,,,,,,,34.202989,-118.191827,GOULD,20.4
2025-01-07 06:10:00,770118,210,E,FR,,,,,,,,34.234317,-118.286992,LA TUNA CANYON,14.39
2025-01-07 06:15:00,717616,210,E,FR,,,,,,,,34.179921,-118.167405,ARROYO,22.6
2025-01-07 06:15:00,717619,210,E,FR,,,,,,,,34.174756,-118.160407,LINCOLN 1,23.14
2025-01-07 06:15:00,717651,210,E,FR,3.0,3.0,,,,,,34.147621,-118.079037,SIERRA MADRE V2,29.44
2025-01-07 06:15:00,737480,210,E,FR,,,,,,,,34.152332,-118.103137,ALTADENA,27.98
2025-01-07 06:15:00,761091,210,E,FR,,,,,,,,34.160546,-118.158748,MOUNTAIN 2,24.16
2025-01-07 06:15:00,763878,210,E,FR,,,,,,,,34.152216,-118.156144,WALNUT,24.81
2025-01-07 06:15:00,763908,210,E,FR,12.0,2.0,10.0,,,,,34.152385,-118.0979,SIERRA MADRE BLVD,28.28
2025-01-07 06:15:00,768923,210,E,FR,,,,,,,,34.147544,-118.081868,SIERRA MADRE VILLA,29.28
2025-01-07 06:15:00,769269,210,E,FR,,,,,,,,34.15167,-118.137983,LAKE AVE OFF(LAKE 1),25.98
2025-01-07 06:15:00,769272,210,E,FR,,,,,,,,34.151855,-118.125787,HILL AVE OFF,26.68
2025-01-07 06:15:00,769789,210,E,FR,,,,,,,,34.189219,-118.180753,BERKSHIRE,21.58
2025-01-07 06:15:00,769833,210,E,FR,,,,,,,,34.206745,-118.201533,ANGELES CREST HWY SB,19.78
2025-01-07 06:15:00,769850,210,E,FR,12.0,12.0,,,,,,34.211728,-118.228265,OCEAN VIEW,18.18
2025-01-07 06:15:00,769882,210,E,FR,10.0,10.0,,,,,,34.221426,-118.245718,PENNSYLVANIA,16.98
2025-01-07 06:15:00,769897,210,E,FR,,,,,,,,34.230849,-118.265101,LOWELL / HONOLULU,15.68
2025-01-07 06:15:00,769898,210,E,FR,,,,,,,,34.230849,-118.265101,LOWELL / HONOLULU,15.68
2025-01-07 06:15:00,769986,210,E,FR,,,,,,,,34.202989,-118.191827,GOULD,20.4
2025-01-07 06:15:00,770118,210,E,FR,,,,,,,,34.234317,-118.286992,LA TUNA CANYON,14.39
2025-01-07 06:20:00,717616,210,E,FR,,,,,,,,34.179921,-118.167405,ARROYO,22.6
2025-01-07 06:20:00,717619,210,E,FR,,,,,,,,34.174756,-118.160407,LINCOLN 1,23.14
2025-01-07 06:20:00,717651,210,E,FR,5.0,5.0,,,,,,34.147621,-118.079037,SIERRA MADRE V2,29.44
2025-01-07 06:20:00,737480,210,E,FR,,,,,,,,34.152332,-118.103137,ALTADENA,27.98
2025-01-07 06:20:00,761091,210,E,FR,,,,,,,,34.160546,-118.158748,MOUNTAIN 2,24.16
2025-01-07 06:20:00,763878,210,E,FR,,,,,,,,34.152216,-118.156144,WALNUT,24.81
2025-01-07 06:20:00,763908,210,E,FR,17.0,2.0,15.0,,,,,34.152385,-118.0979,SIERRA MADRE BLVD,28.28
2025-01-07 06:20:00,768923,210,E,FR,,,,,,,,34.147544,-118.081868,SIERRA MADRE VILLA,29.28
2025-01-07 06:20:00,769269,210,E,FR,,,,,,,,34.15167,-118.137983,LAKE AVE OFF(LAKE 1),25.98
2025-01-07 06:20:00,769272,210,E,FR,,,,,,,,34.151855,-118.125787,HILL AVE OFF,26.68
2025-01-07 06:20:00,769789,210,E,FR,,,,,,,,34.189219,-118.180753,BERKSHIRE,21.58
2025-01-07 06:20:00,769833,210,E,FR,,,,,,,,34.206745,-118.201533,ANGELES CREST HWY SB,19.78
2025-01-07 06:20:00,769850,210,E,FR,15.0,15.0,,,,,,34.211728,-118.228265,OCEAN VIEW,18.18
2025-01-07 06:20:00,769882,210,E,FR,12.0,12.0,,,,,,34.221426,-118.245718,PENNSYLVANIA,16.98
2025-01-07 06:20:00,769897,210,E,FR,,,,,,,,34.230849,-118.265101,LOWELL / HONOLULU,15.68
2025-01-07 06:20:00,769898,210,E,FR,,,,,,,,34.230849,-118.265101,LOWELL / HONOLULU,15.68
2025-01-07 06:20:00,769986,210,E,FR,,,,,,,,34.202989,-118.191827,GOULD,20.4
2025-01-07 06:20:00,770118,210,E,FR,,,,,,,,34.234317,-118.286992,LA TUNA CANYON,14.39
2025-01-07 06:25:00,717616,210,E,FR,,,,,,,,34.179921,-118.167405,ARROYO,22.6
2025-01-07 06:25:00,717619,210,E,FR,,,,,,,,34.174756,-118.160407,LINCOLN 1,23.14
2025-01-07 06:25:00,717651,210,E,FR,8.0,8.0,,,,,,34.147621,-118.079037,SIERRA MADRE V2,29.44
2025-01-07 06:25:00,737480,210,E,FR,,,,,,,,34.152332,-118.103137,ALTADENA,27.98
2025-01-07 06:25:00,761091,210,E,FR,,,,,,,,34.160546,-118.158748,MOUNTAIN 2,24.16
2025-01-07 06:25:00,763878,210,E,FR,,,,,,,,34.152216,-118.156144,WALNUT,24.81
2025-01-07 06:25:00,763908,210,E,FR,14.0,2.0,12.0,,,,,34.152385,-118.0979,SIERRA MADRE BLVD,28.28
2025-01-07 06:25:00,768923,210,E,FR,,,,,,,,34.147544,-118.081868,SIERRA MADRE VILLA,29.28
2025-01-07 06:25:00,769269,210,E,FR,,,,,,,,34.15167,-118.137983,LAKE AVE OFF(LAKE 1),25.98
2025-01-07 06:25:00,769272,210,E,FR,,,,,,,,34.151855,-118.125787,HILL AVE OFF,26.68
2025-01-07 06:25:00,769789,210,E,FR,,,,,,,,34.189219,-118.180753,BERKSHIRE,21.58
2025-01-07 06:25:00,769833,210,E,FR,,,,,,,,34.206745,-118.201533,ANGELES CREST HWY SB,19.78
2025-01-07 06:25:00,769850,210,E,FR,21.0,21.0,,,,,,34.211728,-118.228265,OCEAN VIEW,18.18
2025-01-07 06:25:00,769882,210,E,FR,12.0,12.0,,,,,,34.221426,-118.245718,PENNSYLVANIA,16.98
2025-01-07 06:25:00,769897,210,E,FR,,,,,,,,34.230849,-118.265101,LOWELL / HONOLULU,15.68
2025-01-07 06:25:00,769898,210,E,FR,,,,,,,,34.230849,-118.265101,LOWELL / HONOLULU,15.68
2025-01-07 06:25:00,769986,210,E,FR,,,,,,,,34.202989,-118.191827,GOULD,20.4
2025-01-07 06:25:00,770118,210,E,FR,,,,,,,,34.234317,-118.286992,LA TUNA CANYON,14.39
2025-01-07 06:30:00,717616,210,E,FR,,,,,,,,34.179921,-118.167405,ARROYO,22.6
2025-01-07 06:30:00,717619,210,E,FR,,,,,,,,34.174756,-118.160407,LINCOLN 1,23.14
2025-01-07 06:30:00,717651,210,E,FR,5.0,5.0,,,,,,34.147621,-118.079037,SIERRA MADRE V2,29.44
2025-01-07 06:30:00,737480,210,E,FR,,,,,,,,34.152332,-118.103137,ALTADENA,27.98
2025-01-07 06:30:00,761091,210,E,FR,,,,,,,,34.160546,-118.158748,MOUNTAIN 2,24.16
2025-01-07 06:30:00,763878,210,E,FR,,,,,,,,34.152216,-118.156144,WALNUT,24.81
2025-01-07 06:30:00,763908,210,E,FR,17.0,2.0,15.0,,,,,34.152385,-118.0979,SIERRA MADRE BLVD,28.28
2025-01-07 06:30:00,768923,210,E,FR,,,,,,,,34.147544,-118.081868,SIERRA MADRE VILLA,29.28
2025-01-07 06:30:00,769269,210,E,FR,,,,,,,,34.15167,-118.137983,LAKE AVE OFF(LAKE 1),25.98
2025-01-07 06:30:00,769272,210,E,FR,,,,,,,,34.151855,-118.125787,HILL AVE OFF,26.68
2025-01-07 06:30:00,769789,210,E,FR,,,,,,,,34.189219,-118.180753,BERKSHIRE,21.58
2025-01-07 06:30:00,769833,210,E,FR,,,,,,,,34.206745,-118.201533,ANGELES CREST HWY SB,19.78
2025-01-07 06:30:00,769850,210,E,FR,14.0,14.0,,,,,,34.211728,-118.228265,OCEAN VIEW,18.18
2025-01-07 06:30:00,769882,210,E,FR,13.0,13.0,,,,,,34.221426,-118.245718,PENNSYLVANIA,16.98
2025-01-07 06:30:00,769897,210,E,FR,,,,,,,,34.230849,-118.265101,LOWELL / HONOLULU,15.68
2025-01-07 06:30:00,769898,210,E,FR,,,,,,,,34.230849,-118.265101,LOWELL / HONOLULU,15.68
2025-01-07 06:30:00,769986,210,E,FR,,,,,,,,34.202989,-118.191827,GOULD,20.4
2025-01-07 06:30:00,770118,210,E,FR,,,,,,,,34.234317,-118.286992,LA TUNA CANYON,14.39
2025-01-07 06:35:00,717616,210,E,FR,,,,,,,,34.179921,-118.167405,ARROYO,22.6
2025-01-07 06:35:00,717619,210,E,FR,,,,,,,,34.174756,-118.160407,LINCOLN 1,23.14
2025-01-07 06:35:00,717651,210,E,FR,7.0,7.0,,,,,,34.147621,-118.079037,SIERRA MADRE V2,29.44
2025-01-07 06:35:00,737480,210,E,FR,,,,,,,,34.152332,-118.103137,ALTADENA,27.98
2025-01-07 06:35:00,761091,210,E,FR,,,,,,,,34.160546,-118.158748,MOUNTAIN 2,24.16
2025-01-07 06:35:00,763878,210,E,FR,,,,,,,,34.152216,-118.156144,WALNUT,24.81
2025-01-07 06:35:00,763908,210,E,FR,21.0,4.0,17.0,,,,,34.152385,-118.0979,SIERRA MADRE BLVD,28.28
2025-01-07 06:35:00,768923,210,E,FR,,,,,,,,34.147544,-118.081868,SIERRA MADRE VILLA,29.28
2025-01-07 06:35:00,769269,210,E,FR,,,,,,,,34.15167,-118.137983,LAKE AVE OFF(LAKE 1),25.98
2025-01-07 06:35:00,769272,210,E,FR,,,,,,,,34.151855,-118.125787,HILL AVE OFF,26.68
2025-01-07 06:35:00,769789,210,E,FR,,,,,,,,34.189219,-118.180753,BERKSHIRE,21.58
2025-01-07 06:35:00,769833,210,E,FR,,,,,,,,34.206745,-118.201533,ANGELES CREST HWY SB,19.78
2025-01-07 06:35:00,769850,210,E,FR,11.0,11.0,,,,,,34.211728,-118.228265,OCEAN VIEW,18.18
2025-01-07 06:35:00,769882,210,E,FR,7.0,7.0,,,,,,34.221426,-118.245718,PENNSYLVANIA,16.98
2025-01-07 06:35:00,769897,210,E,FR,,,,,,,,34.230849,-118.265101,LOWELL / HONOLULU,15.68
2025-01-07 06:35:00,769898,210,E,FR,,,,,,,,34.230849,-118.265101,LOWELL / HONOLULU,15.68
2025-01-07 06:35:00,769986,210,E,FR,,,,,,,,34.202989,-118.191827,GOULD,20.4
2025-01-07 06:35:00,770118,210,E,FR,,,,,,,,34.234317,-118.286992,LA TUNA CANYON,14.39
2025-01-07 06:40:00,717616,210,E,FR,,,,,,,,34.179921,-118.167405,ARROYO,22.6
2025-01-07 06:40:00,717619,210,E,FR,,,,,,,,34.174756,-118.160407,LINCOLN 1,23.14
2025-01-07 06:40:00,717651,210,E,FR,8.0,8.0,,,,,,34.147621,-118.079037,SIERRA MADRE V2,29.44
2025-01-07 06:40:00,737480,210,E,FR,,,,,,,,34.152332,-118.103137,ALTADENA,27.98
2025-01-07 06:40:00,761091,210,E,FR,,,,,,,,34.160546,-118.158748,MOUNTAIN 2,24.16
2025-01-07 06:40:00,763878,210,E,FR,,,,,,,,34.152216,-118.156144,WALNUT,24.81
2025-01-07 06:40:00,763908,210,E,FR,25.0,4.0,21.0,,,,,34.152385,-118.0979,SIERRA MADRE BLVD,28.28
2025-01-07 06:40:00,768923,210,E,FR,,,,,,,,34.147544,-118.081868,SIERRA MADRE VILLA,29.28
2025-01-07 06:40:00,769269,210,E,FR,,,,,,,,34.15167,-118.137983,LAKE AVE OFF(LAKE 1),25.98
2025-01-07 06:40:00,769272,210,E,FR,,,,,,,,34.151855,-118.125787,HILL AVE OFF,26.68
2025-01-07 06:40:00,769789,210,E,FR,,,,,,,,34.189219,-118.180753,BERKSHIRE,21.58
2025-01-07 06:40:00,769833,210,E,FR,,,,,,,,34.206745,-118.201533,ANGELES CREST HWY SB,19.78
2025-01-07 06:40:00,769850,210,E,FR,14.0,14.0,,,,,,34.211728,-118.228265,OCEAN VIEW,18.18
2025-01-07 06:40:00,769882,210,E,FR,17.0,17.0,,,,,,34.221426,-118.245718,PENNSYLVANIA,16.98
2025-01-07 06:40:00,769897,210,E,FR,,,,,,,,34.230849,-118.265101,LOWELL / HONOLULU,15.68
2025-01-07 06:40:00,769898,210,E,FR,,,,,,,,34.230849,-118.265101,LOWELL / HONOLULU,15.68
2025-01-07 06:40:00,769986,210,E,FR,,,,,,,,34.202989,-118.191827,GOULD,20.4
2025-01-07 06:40:00,770118,210,E,FR,,,,,,,,34.234317,-118.286992,LA TUNA CANYON,14.39
2025-01-07 06:45:00,717616,210,E,FR,,,,,,,,34.179921,-118.167405,ARROYO,22.6
2025-01-07 06:45:00,717619,210,E,FR,,,,,,,,34.174756,-118.160407,LINCOLN 1,23.14
2025-01-07 06:45:00,717651,210,E,FR,7.0,7.0,,,,,,34.147621,-118.079037,SIERRA MADRE V2,29.44
2025-01-07 06:45:00,737480,210,E,FR,,,,,,,,34.152332,-118.103137,ALTADENA,27.98
2025-01-07 06:45:00,761091,210,E,FR,,,,,,,,34.160546,-118.158748,MOUNTAIN 2,24.16
2025-01-07 06:45:00,763878,210,E,FR,,,,,,,,34.152216,-118.156144,WALNUT,24.81
2025-01-07 06:45:00,763908,210,E,FR,29.0,4.0,25.0,,,,,34.152385,-118.0979,SIERRA MADRE BLVD,28.28
2025-01-07 06:45:00,768923,210,E,FR,,,,,,,,34.147544,-118.081868,SIERRA MADRE VILLA,29.28
2025-01-07 06:45:00,769269,210,E,FR,,,,,,,,34.15167,-118.137983,LAKE AVE OFF(LAKE 1),25.98
2025-01-07 06:45:00,769272,210,E,FR,,,,,,,,34.151855,-118.125787,HILL AVE OFF,26.68
2025-01-07 06:45:00,769789,210,E,FR,,,,,,,,34.189219,-118.180753,BERKSHIRE,21.58
2025-01-07 06:45:00,769833,210,E,FR,,,,,,,,34.206745,-118.201533,ANGELES CREST HWY SB,19.78
2025-01-07 06:45:00,769850,210,E,FR,24.0,24.0,,,,,,34.211728,-118.228265,OCEAN VIEW,18.18
2025-01-07 06:45:00,769882,210,E,FR,25.0,25.0,,,,,,34.221426,-118.245718,PENNSYLVANIA,16.98
2025-01-07 06:45:00,769897,210,E,FR,,,,,,,,34.230849,-118.265101,LOWELL / HONOLULU,15.68
2025-01-07 06:45:00,769898,210,E,FR,,,,,,,,34.230849,-118.265101,LOWELL / HONOLULU,15.68
2025-01-07 06:45:00,769986,210,E,FR,,,,,,,,34.202989,-118.191827,GOULD,20.4
2025-01-07 06:45:00,770118,210,E,FR,,,,,,,,34.234317,-118.286992,LA TUNA CANYON,14.39
2025-01-07 06:50:00,717616,210,E,FR,,,,,,,,34.179921,-118.167405,ARROYO,22.6
2025-01-07 06:50:00,717619,210,E,FR,,,,,,,,34.174756,-118.160407,LINCOLN 1,23.14
2025-01-07 06:50:00,717651,210,E,FR,5.0,5.0,,,,,,34.147621,-118.079037,SIERRA MADRE V2,29.44
2025-01-07 06:50:00,737480,210,E,FR,,,,,,,,34.152332,-118.103137,ALTADENA,27.98
2025-01-07 06:50:00,761091,210,E,FR,,,,,,,,34.160546,-118.158748,MOUNTAIN 2,24.16
2025-01-07 06:50:00,763878,210,E,FR,,,,,,,,34.152216,-118.156144,WALNUT,24.81
2025-01-07 06:50:00,763908,210,E,FR,28.0,5.0,23.0,,,,,34.152385,-118.0979,SIERRA MADRE BLVD,28.28
2025-01-07 06:50:00,768923,210,E,FR,,,,,,,,34.147544,-118.081868,SIERRA MADRE VILLA,29.28
2025-01-07 06:50:00,769269,210,E,FR,,,,,,,,34.15167,-118.137983,LAKE AVE OFF(LAKE 1),25.98
2025-01-07 06:50:00,769272,210,E,FR,,,,,,,,34.151855,-118.125787,HILL AVE OFF,26.68
2025-01-07 06:50:00,769789,210,E,FR,,,,,,,,34.189219,-118.180753,BERKSHIRE,21.58
2025-01-07 06:50:00,769833,210,E,FR,,,,,,,,34.206745,-118.201533,ANGELES CREST HWY SB,19.78
2025-01-07 06:50:00,769850,210,E,FR,29.0,29.0,,,,,,34.211728,-118.228265,OCEAN VIEW,18.18
2025-01-07 06:50:00,769882,210,E,FR,20.0,20.0,,,,,,34.221426,-118.245718,PENNSYLVANIA,16.98
2025-01-07 06:50:00,769897,210,E,FR,,,,,,,,34.230849,-118.265101,LOWELL / HONOLULU,15.68
2025-01-07 06:50:00,769898,210,E,FR,,,,,,,,34.230849,-118.265101,LOWELL / HONOLULU,15.68
2025-01-07 06:50:00,769986,210,E,FR,,,,,,,,34.202989,-118.191827,GOULD,20.4
2025-01-07 06:50:00,770118,210,E,FR,,,,,,,,34.234317,-118.286992,LA TUNA CANYON,14.39
2025-01-07 06:55:00,717616,210,E,FR,,,,,,,,34.179921,-118.167405,ARROYO,22.6
2025-01-07 06:55:00,717619,210,E,FR,,,,,,,,34.174756,-118.160407,LINCOLN 1,23.14
2025-01-07 06:55:00,717651,210,E,FR,11.0,11.0,,,,,,34.147621,-118.079037,SIERRA MADRE V2,29.44
2025-01-07 06:55:00,737480,210,E,FR,,,,,,,,34.152332,-118.103137,ALTADENA,27.98
2025-01-07 06:55:00,761091,210,E,FR,,,,,,,,34.160546,-118.158748,MOUNTAIN 2,24.16
2025-01-07 06:55:00,763878,210,E,FR,,,,,,,,34.152216,-118.156144,WALNUT,24.81
2025-01-07 06:55:00,763908,210,E,FR,39.0,12.0,27.0,,,,,34.152385,-118.0979,SIERRA MADRE BLVD,28.28
2025-01-07 06:55:00,768923,210,E,FR,,,,,,,,34.147544,-118.081868,SIERRA MADRE VILLA,29.28
2025-01-07 06:55:00,769269,210,E,FR,,,,,,,,34.15167,-118.137983,LAKE AVE OFF(LAKE 1),25.98
2025-01-07 06:55:00,769272,210,E,FR,,,,,,,,34.151855,-118.125787,HILL AVE OFF,26.68
2025-01-07 06:55:00,769789,210,E,FR,,,,,,,,34.189219,-118.180753,BERKSHIRE,21.58
2025-01-07 06:55:00,769833,210,E,FR,,,,,,,,34.206745,-118.201533,ANGELES CREST HWY SB,19.78
2025-01-07 06:55:00,769850,210,E,FR,34.0,34.0,,,,,,34.211728,-118.228265,OCEAN VIEW,18.18
2025-01-07 06:55:00,769882,210,E,FR,14.0,14.0,,,,,,34.221426,-118.245718,PENNSYLVANIA,16.98
2025-01-07 06:55:00,769897,210,E,FR,,,,,,,,34.230849,-118.265101,LOWELL / HONOLULU,15.68
2025-01-07 06:55:00,769898,210,E,FR,,,,,,,,34.230849,-118.265101,LOWELL / HONOLULU,15.68
2025-01-07 06:55:00,769986,210,E,FR,,,,,,,,34.202989,-118.191827,GOULD,20.4
2025-01-07 06:55:00,770118,210,E,FR,,,,,,,,34.234317,-118.286992,LA TUNA CANYON,14.39
2025-01-07 07:00:00,717616,210,E,FR,,,,,,,,34.179921,-118.167405,ARROYO,22.6
2025-01-07 07:00:00,717619,210,E,FR,,,,,,,,34.174756,-118.160407,LINCOLN 1,23.14
2025-01-07 07:00:00,717651,210,E,FR,12.0,12.0,,,,,,34.147621,-118.079037,SIERRA MADRE V2,29.44
2025-01-07 07:00:00,737480,210,E,FR,,,,,,,,34.152332,-118.103137,ALTADENA,27.98
2025-01-07 07:00:00,761091,210,E,FR,,,,,,,,34.160546,-118.158748,MOUNTAIN 2,24.16
2025-01-07 07:00:00,763878,210,E,FR,,,,,,,,34.152216,-118.156144,WALNUT,24.81
2025-01-07 07:00:00,763908,210,E,FR,26.0,7.0,19.0,,,,,34.152385,-118.0979,SIERRA MADRE BLVD,28.28
2025-01-07 07:00:00,768923,210,E,FR,,,,,,,,34.147544,-118.081868,SIERRA MADRE VILLA,29.28
2025-01-07 07:00:00,769269,210,E,FR,,,,,,,,34.15167,-118.137983,LAKE AVE OFF(LAKE 1),25.98
2025-01-07 07:00:00,769272,210,E,FR,,,,,,,,34.151855,-118.125787,HILL AVE OFF,26.68
2025-01-07 07:00:00,769789,210,E,FR,,,,,,,,34.189219,-118.180753,BERKSHIRE,21.58
2025-01-07 07:00:00,769833,210,E,FR,,,,,,,,34.206745,-118.201533,ANGELES CREST HWY SB,19.78
2025-01-07 07:00:00,769850,210,E,FR,17.0,17.0,,,,,,34.211728,-118.228265,OCEAN VIEW,18.18
2025-01-07 07:00:00,769882,210,E,FR,20.0,20.0,,,,,,34.221426,-118.245718,PENNSYLVANIA,16.98
2025-01-07 07:00:00,769897,210,E,FR,,,,,,,,34.230849,-118.265101,LOWELL / HONOLULU,15.68
2025-01-07 07:00:00,769898,210,E,FR,,,,,,,,34.230849,-118.265101,LOWELL / HONOLULU,15.68
2025-01-07 07:00:00,769986,210,E,FR,,,,,,,,34.202989,-118.191827,GOULD,20.4
2025-01-07 07:00:00,770118,210,E,FR,,,,,,,,34.234317,-118.286992,LA TUNA CANYON,14.39
2025-01-07 07:05:00,717616,210,E,FR,,,,,,,,34.179921,-118.167405,ARROYO,22.6
2025-01-07 07:05:00,717619,210,E,FR,,,,,,,,34.174756,-118.160407,LINCOLN 1,23.14
2025-01-07 07:05:00,717651,210,E,FR,8.0,8.0,,,,,,34.147621,-118.079037,SIERRA MADRE V2,29.44
2025-01-07 07:05:00,737480,210,E,FR,,,,,,,,34.152332,-118.103137,ALTADENA,27.98
2025-01-07 07:05:00,761091,210,E,FR,,,,,,,,34.160546,-118.158748,MOUNTAIN 2,24.16
2025-01-07 07:05:00,763878,210,E,FR,,,,,,,,34.152216,-118.156144,WALNUT,24.81
2025-01-07 07:05:00,763908,210,E,FR,26.0,3.0,23.0,,,,,34.152385,-118.0979,SIERRA MADRE BLVD,28.28
2025-01-07 07:05:00,768923,210,E,FR,,,,,,,,34.147544,-118.081868,SIERRA MADRE VILLA,29.28
2025-01-07 07:05:00,769269,210,E,FR,,,,,,,,34.15167,-118.137983,LAKE AVE OFF(LAKE 1),25.98
2025-01-07 07:05:00,769272,210,E,FR,,,,,,,,34.151855,-118.125787,HILL AVE OFF,26.68
2025-01-07 07:05:00,769789,210,E,FR,,,,,,,,34.189219,-118.180753,BERKSHIRE,21.58
2025-01-07 07:05:00,769833,210,E,FR,,,,,,,,34.206745,-118.201533,ANGELES CREST HWY SB,19.78
2025-01-07 07:05:00,769850,210,E,FR,31.0,31.0,,,,,,34.211728,-118.228265,OCEAN VIEW,18.18
2025-01-07 07:05:00,769882,210,E,FR,13.0,13.0,,,,,,34.221426,-118.245718,PENNSYLVANIA,16.98
2025-01-07 07:05:00,769897,210,E,FR,,,,,,,,34.230849,-118.265101,LOWELL / HONOLULU,15.68
2025-01-07 07:05:00,769898,210,E,FR,,,,,,,,34.230849,-118.265101,LOWELL / HONOLULU,15.68
2025-01-07 07:05:00,769986,210,E,FR,,,,,,,,34.202989,-118.191827,GOULD,20.4
2025-01-07 07:05:00,770118,210,E,FR,,,,,,,,34.234317,-118.286992,LA TUNA CANYON,14.39
2025-01-07 07:10:00,717616,210,E,FR,,,,,,,,34.179921,-118.167405,ARROYO,22.6
2025-01-07 07:10:00,717619,210,E,FR,,,,,,,,34.174756,-118.160407,LINCOLN 1,23.14
2025-01-07 07:10:00,717651,210,E,FR,11.0,11.0,,,,,,34.147621,-118.079037,SIERRA MADRE V2,29.44
2025-01-07 07:10:00,737480,210,E,FR,,,,,,,,34.152332,-118.103137,ALTADENA,27.98
2025-01-07 07:10:00,761091,210,E,FR,,,,,,,,34.160546,-118.158748,MOUNTAIN 2,24.16
2025-01-07 07:10:00,763878,210,E,FR,,,,,,,,34.152216,-118.156144,WALNUT,24.81
2025-01-07 07:10:00,763908,210,E,FR,27.0,5.0,22.0,,,,,34.152385,-118.0979,SIERRA MADRE BLVD,28.28
2025-01-07 07:10:00,768923,210,E,FR,,,,,,,,34.147544,-118.081868,SIERRA MADRE VILLA,29.28
2025-01-07 07:10:00,769269,210,E,FR,,,,,,,,34.15167,-118.137983,LAKE AVE OFF(LAKE 1),25.98
2025-01-07 07:10:00,769272,210,E,FR,,,,,,,,34.151855,-118.125787,HILL AVE OFF,26.68
2025-01-07 07:10:00,769789,210,E,FR,,,,,,,,34.189219,-118.180753,BERKSHIRE,21.58
2025-01-07 07:10:00,769833,210,E,FR,,,,,,,,34.206745,-118.201533,ANGELES CREST HWY SB,19.78
2025-01-07 07:10:00,769850,210,E,FR,21.0,21.0,,,,,,34.211728,-118.228265,OCEAN VIEW,18.18
2025-01-07 07:10:00,769882,210,E,FR,22.0,22.0,,,,,,34.221426,-118.245718,PENNSYLVANIA,16.98
2025-01-07 07:10:00,769897,210,E,FR,,,,,,,,34.230849,-118.265101,LOWELL / HONOLULU,15.68
2025-01-07 07:10:00,769898,210,E,FR,,,,,,,,34.230849,-118.265101,LOWELL / HONOLULU,15.68
2025-01-07 07:10:00,769986,210,E,FR,,,,,,,,34.202989,-118.191827,GOULD,20.4
2025-01-07 07:10:00,770118,210,E,FR,,,,,,,,34.234317,-118.286992,LA TUNA CANYON,14.39
2025-01-07 07:15:00,717616,210,E,FR,,,,,,,,34.179921,-118.167405,ARROYO,22.6
2025-01-07 07:15:00,717619,210,E,FR,,,,,,,,34.174756,-118.160407,LINCOLN 1,23.14
2025-01-07 07:15:00,717651,210,E,FR,12.0,12.0,,,,,,34.147621,-118.079037,SIERRA MADRE V2,29.44
2025-01-07 07:15:00,737480,210,E,FR,,,,,,,,34.152332,-118.103137,ALTADENA,27.98
2025-01-07 07:15:00,761091,210,E,FR,,,,,,,,34.160546,-118.158748,MOUNTAIN 2,24.16
2025-01-07 07:15:00,763878,210,E,FR,,,,,,,,34.152216,-118.156144,WALNUT,24.81
2025-01-07 07:15:00,763908,210,E,FR,25.0,8.0,17.0,,,,,34.152385,-118.0979,SIERRA MADRE BLVD,28.28
2025-01-07 07:15:00,768923,210,E,FR,,,,,,,,34.147544,-118.081868,SIERRA MADRE VILLA,29.28
2025-01-07 07:15:00,769269,210,E,FR,,,,,,,,34.15167,-118.137983,LAKE AVE OFF(LAKE 1),25.98
2025-01-07 07:15:00,769272,210,E,FR,,,,,,,,34.151855,-118.125787,HILL AVE OFF,26.68
2025-01-07 07:15:00,769789,210,E,FR,,,,,,,,34.189219,-118.180753,BERKSHIRE,21.58
2025-01-07 07:15:00,769833,210,E,FR,,,,,,,,34.206745,-118.201533,ANGELES CREST HWY SB,19.78
2025-01-07 07:15:00,769850,210,E,FR,25.0,25.0,,,,,,34.211728,-118.228265,OCEAN VIEW,18.18
2025-01-07 07:15:00,769882,210,E,FR,18.0,18.0,,,,,,34.221426,-118.245718,PENNSYLVANIA,16.98
2025-01-07 07:15:00,769897,210,E,FR,,,,,,,,34.230849,-118.265101,LOWELL / HONOLULU,15.68
2025-01-07 07:15:00,769898,210,E,FR,,,,,,,,34.230849,-118.265101,LOWELL / HONOLULU,15.68
2025-01-07 07:15:00,769986,210,E,FR,,,,,,,,34.202989,-118.191827,GOULD,20.4
2025-01-07 07:15:00,770118,210,E,FR,,,,,,,,34.234317,-118.286992,LA TUNA CANYON,14.39
2025-01-07 07:20:00,717616,210,E,FR,,,,,,,,34.179921,-118.167405,ARROYO,22.6
2025-01-07 07:20:00,717619,210,E,FR,,,,,,,,34.174756,-118.160407,LINCOLN 1,23.14
2025-01-07 07:20:00,717651,210,E,FR,13.0,13.0,,,,,,34.147621,-118.079037,SIERRA MADRE V2,29.44
2025-01-07 07:20:00,737480,210,E,FR,,,,,,,,34.152332,-118.103137,ALTADENA,27.98
2025-01-07 07:20:00,761091,210,E,FR,,,,,,,,34.160546,-118.158748,MOUNTAIN 2,24.16
2025-01-07 07:20:00,763878,210,E,FR,,,,,,,,34.152216,-118.156144,WALNUT,24.81
2025-01-07 07:20:00,763908,210,E,FR,32.0,14.0,18.0,,,,,34.152385,-118.0979,SIERRA MADRE BLVD,28.28
2025-01-07 07:20:00,768923,210,E,FR,,,,,,,,34.147544,-118.081868,SIERRA MADRE VILLA,29.28
2025-01-07 07:20:00,769269,210,E,FR,,,,,,,,34.15167,-118.137983,LAKE AVE OFF(LAKE 1),25.98
2025-01-07 07:20:00,769272,210,E,FR,,,,,,,,34.151855,-118.125787,HILL AVE OFF,26.68
2025-01-07 07:20:00,769789,210,E,FR,,,,,,,,34.189219,-118.180753,BERKSHIRE,21.58
2025-01-07 07:20:00,769833,210,E,FR,,,,,,,,34.206745,-118.201533,ANGELES CREST HWY SB,19.78
2025-01-07 07:20:00,769850,210,E,FR,33.0,33.0,,,,,,34.211728,-118.228265,OCEAN VIEW,18.18
2025-01-07 07:20:00,769882,210,E,FR,23.0,23.0,,,,,,34.221426,-118.245718,PENNSYLVANIA,16.98
2025-01-07 07:20:00,769897,210,E,FR,,,,,,,,34.230849,-118.265101,LOWELL / HONOLULU,15.68
2025-01-07 07:20:00,769898,210,E,FR,,,,,,,,34.230849,-118.265101,LOWELL / HONOLULU,15.68
2025-01-07 07:20:00,769986,210,E,FR,,,,,,,,34.202989,-118.191827,GOULD,20.4
2025-01-07 07:20:00,770118,210,E,FR,,,,,,,,34.234317,-118.286992,LA TUNA CANYON,14.39
2025-01-07 07:25:00,717616,210,E,FR,,,,,,,,34.179921,-118.167405,ARROYO,22.6
2025-01-07 07:25:00,717619,210,E,FR,,,,,,,,34.174756,-118.160407,LINCOLN 1,23.14
2025-01-07 07:25:00,717651,210,E,FR,13.0,13.0,,,,,,34.147621,-118.079037,SIERRA MADRE V2,29.44
2025-01-07 07:25:00,737480,210,E,FR,,,,,,,,34.152332,-118.103137,ALTADENA,27.98
2025-01-07 07:25:00,761091,210,E,FR,,,,,,,,34.160546,-118.158748,MOUNTAIN 2,24.16
2025-01-07 07:25:00,763878,210,E,FR,,,,,,,,34.152216,-118.156144,WALNUT,24.81
2025-01-07 07:25:00,763908,210,E,FR,34.0,9.0,25.0,,,,,34.152385,-118.0979,SIERRA MADRE BLVD,28.28
2025-01-07 07:25:00,768923,210,E,FR,,,,,,,,34.147544,-118.081868,SIERRA MADRE VILLA,29.28
2025-01-07 07:25:00,769269,210,E,FR,,,,,,,,34.15167,-118.137983,LAKE AVE OFF(LAKE 1),25.98
2025-01-07 07:25:00,769272,210,E,FR,,,,,,,,34.151855,-118.125787,HILL AVE OFF,26.68
2025-01-07 07:25:00,769789,210,E,FR,,,,,,,,34.189219,-118.180753,BERKSHIRE,21.58
2025-01-07 07:25:00,769833,210,E,FR,,,,,,,,34.206745,-118.201533,ANGELES CREST HWY SB,19.78
2025-01-07 07:25:00,769850,210,E,FR,32.0,32.0,,,,,,34.211728,-118.228265,OCEAN VIEW,18.18
2025-01-07 07:25:00,769882,210,E,FR,24.0,24.0,,,,,,34.221426,-118.245718,PENNSYLVANIA,16.98
2025-01-07 07:25:00,769897,210,E,FR,,,,,,,,34.230849,-118.265101,LOWELL / HONOLULU,15.68
2025-01-07 07:25:00,769898,210,E,FR,,,,,,,,34.230849,-118.265101,LOWELL / HONOLULU,15.68
2025-01-07 07:25:00,769986,210,E,FR,,,,,,,,34.202989,-118.191827,GOULD,20.4
2025-01-07 07:25:00,770118,210,E,FR,,,,,,,,34.234317,-118.286992,LA TUNA CANYON,14.39
2025-01-07 07:30:00,717616,210,E,FR,,,,,,,,34.179921,-118.167405,ARROYO,22.6
2025-01-07 07:30:00,717619,210,E,FR,,,,,,,,34.174756,-118.160407,LINCOLN 1,23.14
2025-01-07 07:30:00,717651,210,E,FR,7.0,7.0,,,,,,34.147621,-118.079037,SIERRA MADRE V2,29.44
2025-01-07 07:30:00,737480,210,E,FR,,,,,,,,34.152332,-118.103137,ALTADENA,27.98
2025-01-07 07:30:00,761091,210,E,FR,,,,,,,,34.160546,-118.158748,MOUNTAIN 2,24.16
2025-01-07 07:30:00,763878,210,E,FR,,,,,,,,34.152216,-118.156144,WALNUT,24.81
2025-01-07 07:30:00,763908,210,E,FR,47.0,8.0,39.0,,,,,34.152385,-118.0979,SIERRA MADRE BLVD,28.28
2025-01-07 07:30:00,768923,210,E,FR,,,,,,,,34.147544,-118.081868,SIERRA MADRE VILLA,29.28
2025-01-07 07:30:00,769269,210,E,FR,,,,,,,,34.15167,-118.137983,LAKE AVE OFF(LAKE 1),25.98
2025-01-07 07:30:00,769272,210,E,FR,,,,,,,,34.151855,-118.125787,HILL AVE OFF,26.68
2025-01-07 07:30:00,769789,210,E,FR,,,,,,,,34.189219,-118.180753,BERKSHIRE,21.58
2025-01-07 07:30:00,769833,210,E,FR,,,,,,,,34.206745,-118.201533,ANGELES CREST HWY SB,19.78
2025-01-07 07:30:00,769850,210,E,FR,32.0,32.0,,,,,,34.211728,-118.228265,OCEAN VIEW,18.18
2025-01-07 07:30:00,769882,210,E,FR,30.0,30.0,,,,,,34.221426,-118.245718,PENNSYLVANIA,16.98
2025-01-07 07:30:00,769897,210,E,FR,,,,,,,,34.230849,-118.265101,LOWELL / HONOLULU,15.68
2025-01-07 07:30:00,769898,210,E,FR,,,,,,,,34.230849,-118.265101,LOWELL / HONOLULU,15.68
2025-01-07 07:30:00,769986,210,E,FR,,,,,,,,34.202989,-118.191827,GOULD,20.4
2025-01-07 07:30:00,770118,210,E,FR,,,,,,,,34.234317,-118.286992,LA TUNA CANYON,14.39
2025-01-07 07:35:00,717616,210,E,FR,,,,,,,,34.179921,-118.167405,ARROYO,22.6
2025-01-07 07:35:00,717619,210,E,FR,,,,,,,,34.174756,-118.160407,LINCOLN 1,23.14
2025-01-07 07:35:00,717651,210,E,FR,14.0,14.0,,,,,,34.147621,-118.079037,SIERRA MADRE V2,29.44
2025-01-07 07:35:00,737480,210,E,FR,,,,,,,,34.152332,-118.103137,ALTADENA,27.98
2025-01-07 07:35:00,761091,210,E,FR,,,,,,,,34.160546,-118.158748,MOUNTAIN 2,24.16
2025-01-07 07:35:00,763878,210,E,FR,,,,,,,,34.152216,-118.156144,WALNUT,24.81
2025-01-07 07:35:00,763908,210,E,FR,35.0,5.0,30.0,,,,,34.152385,-118.0979,SIERRA MADRE BLVD,28.28
2025-01-07 07:35:00,768923,210,E,FR,,,,,,,,34.147544,-118.081868,SIERRA MADRE VILLA,29.28
2025-01-07 07:35:00,769269,210,E,FR,,,,,,,,34.15167,-118.137983,LAKE AVE OFF(LAKE 1),25.98
2025-01-07 07:35:00,769272,210,E,FR,,,,,,,,34.151855,-118.125787,HILL AVE OFF,26.68
2025-01-07 07:35:00,769789,210,E,FR,,,,,,,,34.189219,-118.180753,BERKSHIRE,21.58
2025-01-07 07:35:00,769833,210,E,FR,,,,,,,,34.206745,-118.201533,ANGELES CREST HWY SB,19.78
2025-01-07 07:35:00,769850,210,E,FR,22.0,22.0,,,,,,34.211728,-118.228265,OCEAN VIEW,18.18
2025-01-07 07:35:00,769882,210,E,FR,37.0,37.0,,,,,,34.221426,-118.245718,PENNSYLVANIA,16.98
2025-01-07 07:35:00,769897,210,E,FR,,,,,,,,34.230849,-118.265101,LOWELL / HONOLULU,15.68
2025-01-07 07:35:00,769898,210,E,FR,,,,,,,,34.230849,-118.265101,LOWELL / HONOLULU,15.68
2025-01-07 07:35:00,769986,210,E,FR,,,,,,,,34.202989,-118.191827,GOULD,20.4
2025-01-07 07:35:00,770118,210,E,FR,,,,,,,,34.234317,-118.286992,LA TUNA CANYON,14.39
2025-01-07 07:40:00,717616,210,E,FR,,,,,,,,34.179921,-118.167405,ARROYO,22.6
2025-01-07 07:40:00,717619,210,E,FR,,,,,,,,34.174756,-118.160407,LINCOLN 1,23.14
2025-01-07 07:40:00,717651,210,E,FR,12.0,12.0,,,,,,34.147621,-118.079037,SIERRA MADRE V2,29.44
2025-01-07 07:40:00,737480,210,E,FR,,,,,,,,34.152332,-118.103137,ALTADENA,27.98
2025-01-07 07:40:00,761091,210,E,FR,,,,,,,,34.160546,-118.158748,MOUNTAIN 2,24.16
2025-01-07 07:40:00,763878,210,E,FR,,,,,,,,34.152216,-118.156144,WALNUT,24.81
2025-01-07 07:40:00,763908,210,E,FR,44.0,11.0,33.0,,,,,34.152385,-118.0979,SIERRA MADRE BLVD,28.28
2025-01-07 07:40:00,768923,210,E,FR,,,,,,,,34.147544,-118.081868,SIERRA MADRE VILLA,29.28
2025-01-07 07:40:00,769269,210,E,FR,,,,,,,,34.15167,-118.137983,LAKE AVE OFF(LAKE 1),25.98
2025-01-07 07:40:00,769272,210,E,FR,,,,,,,,34.151855,-118.125787,HILL AVE OFF,26.68
2025-01-07 07:40:00,769789,210,E,FR,,,,,,,,34.189219,-118.180753,BERKSHIRE,21.58
2025-01-07 07:40:00,769833,210,E,FR,,,,,,,,34.206745,-118.201533,ANGELES CREST HWY SB,19.78
2025-01-07 07:40:00,769850,210,E,FR,21.0,21.0,,,,,,34.211728,-118.228265,OCEAN VIEW,18.18
2025-01-07 07:40:00,769882,210,E,FR,48.0,48.0,,,,,,34.221426,-118.245718,PENNSYLVANIA,16.98
2025-01-07 07:40:00,769897,210,E,FR,,,,,,,,34.230849,-118.265101,LOWELL / HONOLULU,15.68
2025-01-07 07:40:00,769898,210,E,FR,,,,,,,,34.230849,-118.265101,LOWELL / HONOLULU,15.68
2025-01-07 07:40:00,769986,210,E,FR,,,,,,,,34.202989,-118.191827,GOULD,20.4
2025-01-07 07:40:00,770118,210,E,FR,,,,,,,,34.234317,-118.286992,LA TUNA CANYON,14.39
2025-01-07 07:45:00,717616,210,E,FR,,,,,,,,34.179921,-118.167405,ARROYO,22.6
2025-01-07 07:45:00,717619,210,E,FR,,,,,,,,34.174756,-118.160407,LINCOLN 1,23.14
2025-01-07 07:45:00,717651,210,E,FR,17.0,17.0,,,,,,34.147621,-118.079037,SIERRA MADRE V2,29.44
2025-01-07 07:45:00,737480,210,E,FR,,,,,,,,34.152332,-118.103137,ALTADENA,27.98
2025-01-07 07:45:00,761091,210,E,FR,,,,,,,,34.160546,-118.158748,MOUNTAIN 2,24.16
2025-01-07 07:45:00,763878,210,E,FR,,,,,,,,34.152216,-118.156144,WALNUT,24.81
2025-01-07 07:45:00,763908,210,E,FR,41.0,10.0,31.0,,,,,34.152385,-118.0979,SIERRA MADRE BLVD,28.28
2025-01-07 07:45:00,768923,210,E,FR,,,,,,,,34.147544,-118.081868,SIERRA MADRE VILLA,29.28
2025-01-07 07:45:00,769269,210,E,FR,,,,,,,,34.15167,-118.137983,LAKE AVE OFF(LAKE 1),25.98
2025-01-07 07:45:00,769272,210,E,FR,,,,,,,,34.151855,-118.125787,HILL AVE OFF,26.68
2025-01-07 07:45:00,769789,210,E,FR,,,,,,,,34.189219,-118.180753,BERKSHIRE,21.58
2025-01-07 07:45:00,769833,210,E,FR,,,,,,,,34.206745,-118.201533,ANGELES CREST HWY SB,19.78
2025-01-07 07:45:00,769850,210,E,FR,21.0,21.0,,,,,,34.211728,-118.228265,OCEAN VIEW,18.18
2025-01-07 07:45:00,769882,210,E,FR,43.0,43.0,,,,,,34.221426,-118.245718,PENNSYLVANIA,16.98
2025-01-07 07:45:00,769897,210,E,FR,,,,,,,,34.230849,-118.265101,LOWELL / HONOLULU,15.68
2025-01-07 07:45:00,769898,210,E,FR,,,,,,,,34.230849,-118.265101,LOWELL / HONOLULU,15.68
2025-01-07 07:45:00,769986,210,E,FR,,,,,,,,34.202989,-118.191827,GOULD,20.4
2025-01-07 07:45:00,770118,210,E,FR,,,,,,,,34.234317,-118.286992,LA TUNA CANYON,14.39
2025-01-07 07:50:00,717616,210,E,FR,,,,,,,,34.179921,-118.167405,ARROYO,22.6
2025-01-07 07:50:00,717619,210,E,FR,,,,,,,,34.174756,-118.160407,LINCOLN 1,23.14
2025-01-07 07:50:00,717651,210,E,FR,13.0,13.0,,,,,,34.147621,-118.079037,SIERRA MADRE V2,29.44
2025-01-07 07:50:00,737480,210,E,FR,,,,,,,,34.152332,-118.103137,ALTADENA,27.98
2025-01-07 07:50:00,761091,210,E,FR,,,,,,,,34.160546,-118.158748,MOUNTAIN 2,24.16
2025-01-07 07:50:00,763878,210,E,FR,,,,,,,,34.152216,-118.156144,WALNUT,24.81
2025-01-07 07:50:00,763908,210,E,FR,42.0,9.0,33.0,,,,,34.152385,-118.0979,SIERRA MADRE BLVD,28.28
2025-01-07 07:50:00,768923,210,E,FR,,,,,,,,34.147544,-118.081868,SIERRA MADRE VILLA,29.28
2025-01-07 07:50:00,769269,210,E,FR,,,,,,,,34.15167,-118.137983,LAKE AVE OFF(LAKE 1),25.98
2025-01-07 07:50:00,769272,210,E,FR,,,,,,,,34.151855,-118.125787,HILL AVE OFF,26.68
2025-01-07 07:50:00,769789,210,E,FR,,,,,,,,34.189219,-118.180753,BERKSHIRE,21.58
2025-01-07 07:50:00,769833,210,E,FR,,,,,,,,34.206745,-118.201533,ANGELES CREST HWY SB,19.78
2025-01-07 07:50:00,769850,210,E,FR,27.0,27.0,,,,,,34.211728,-118.228265,OCEAN VIEW,18.18
2025-01-07 07:50:00,769882,210,E,FR,49.0,49.0,,,,,,34.221426,-118.245718,PENNSYLVANIA,16.98
2025-01-07 07:50:00,769897,210,E,FR,,,,,,,,34.230849,-118.265101,LOWELL / HONOLULU,15.68
2025-01-07 07:50:00,769898,210,E,FR,,,,,,,,34.230849,-118.265101,LOWELL / HONOLULU,15.68
2025-01-07 07:50:00,769986,210,E,FR,,,,,,,,34.202989,-118.191827,GOULD,20.4
2025-01-07 07:50:00,770118,210,E,FR,,,,,,,,34.234317,-118.286992,LA TUNA CANYON,14.39
2025-01-07 07:55:00,717616,210,E,FR,,,,,,,,34.179921,-118.167405,ARROYO,22.6
2025-01-07 07:55:00,717619,210,E,FR,,,,,,,,34.174756,-118.160407,LINCOLN 1,23.14
2025-01-07 07:55:00,717651,210,E,FR,17.0,17.0,,,,,,34.147621,-118.079037,SIERRA MADRE V2,29.44
2025-01-07 07:55:00,737480,210,E,FR,,,,,,,,34.152332,-118.103137,ALTADENA,27.98
2025-01-07 07:55:00,761091,210,E,FR,,,,,,,,34.160546,-118.158748,MOUNTAIN 2,24.16
2025-01-07 07:55:00,763878,210,E,FR,,,,,,,,34.152216,-118.156144,WALNUT,24.81
2025-01-07 07:55:00,763908,210,E,FR,69.0,16.0,53.0,,,,,34.152385,-118.0979,SIERRA MADRE BLVD,28.28
2025-01-07 07:55:00,768923,210,E,FR,,,,,,,,34.147544,-118.081868,SIERRA MADRE VILLA,29.28
2025-01-07 07:55:00,769269,210,E,FR,,,,,,,,34.15167,-118.137983,LAKE AVE OFF(LAKE 1),25.98
2025-01-07 07:55:00,769272,210,E,FR,,,,,,,,34.151855,-118.125787,HILL AVE OFF,26.68
2025-01-07 07:55:00,769789,210,E,FR,,,,,,,,34.189219,-118.180753,BERKSHIRE,21.58
2025-01-07 07:55:00,769833,210,E,FR,,,,,,,,34.206745,-118.201533,ANGELES CREST HWY SB,19.78
2025-01-07 07:55:00,769850,210,E,FR,39.0,39.0,,,,,,34.211728,-118.228265,OCEAN VIEW,18.18
2025-01-07 07:55:00,769882,210,E,FR,54.0,54.0,,,,,,34.221426,-118.245718,PENNSYLVANIA,16.98
2025-01-07 07:55:00,769897,210,E,FR,,,,,,,,34.230849,-118.265101,LOWELL / HONOLULU,15.68
2025-01-07 07:55:00,769898,210,E,FR,,,,,,,,34.230849,-118.265101,LOWELL / HONOLULU,15.68
2025-01-07 07:55:00,769986,210,E,FR,,,,,,,,34.202989,-118.191827,GOULD,20.4
2025-01-07 07:55:00,770118,210,E,FR,,,,,,,,34.234317,-118.286992,LA TUNA CANYON,14.39
2025-01-07 08:00:00,717616,210,E,FR,,,,,,,,34.179921,-118.167405,ARROYO,22.6
2025-01-07 08:00:00,717619,210,E,FR,,,,,,,,34.174756,-118.160407,LINCOLN 1,23.14
2025-01-07 08:00:00,717651,210,E,FR,13.0,13.0,,,,,,34.147621,-118.079037,SIERRA MADRE V2,29.44
2025-01-07 08:00:00,737480,210,E,FR,,,,,,,,34.152332,-118.103137,ALTADENA,27.98
2025-01-07 08:00:00,761091,210,E,FR,,,,,,,,34.160546,-118.158748,MOUNTAIN 2,24.16
2025-01-07 08:00:00,763878,210,E,FR,,,,,,,,34.152216,-118.156144,WALNUT,24.81
2025-01-07 08:00:00,763908,210,E,FR,52.0,18.0,34.0,,,,,34.152385,-118.0979,SIERRA MADRE BLVD,28.28
2025-01-07 08:00:00,768923,210,E,FR,,,,,,,,34.147544,-118.081868,SIERRA MADRE VILLA,29.28
2025-01-07 08:00:00,769269,210,E,FR,,,,,,,,34.15167,-118.137983,LAKE AVE OFF(LAKE 1),25.98
2025-01-07 08:00:00,769272,210,E,FR,,,,,,,,34.151855,-118.125787,HILL AVE OFF,26.68
2025-01-07 08:00:00,769789,210,E,FR,,,,,,,,34.189219,-118.180753,BERKSHIRE,21.58
2025-01-07 08:00:00,769833,210,E,FR,,,,,,,,34.206745,-118.201533,ANGELES CREST HWY SB,19.78
2025-01-07 08:00:00,769850,210,E,FR,18.0,18.0,,,,,,34.211728,-118.228265,OCEAN VIEW,18.18
2025-01-07 08:00:00,769882,210,E,FR,54.0,54.0,,,,,,34.221426,-118.245718,PENNSYLVANIA,16.98
2025-01-07 08:00:00,769897,210,E,FR,,,,,,,,34.230849,-118.265101,LOWELL / HONOLULU,15.68
2025-01-07 08:00:00,769898,210,E,FR,,,,,,,,34.230849,-118.265101,LOWELL / HONOLULU,15.68
2025-01-07 08:00:00,769986,210,E,FR,,,,,,,,34.202989,-118.191827,GOULD,20.4
2025-01-07 08:00:00,770118,210,E,FR,,,,,,,,34.234317,-118.286992,LA TUNA CANYON,14.39
2025-01-07 08:05:00,717616,210,E,FR,,,,,,,,34.179921,-118.167405,ARROYO,22.6
2025-01-07 08:05:00,717619,210,E,FR,,,,,,,,34.174756,-118.160407,LINCOLN 1,23.14
2025-01-07 08:05:00,717651,210,E,FR,13.0,13.0,,,,,,34.147621,-118.079037,SIERRA MADRE V2,29.44
2025-01-07 08:05:00,737480,210,E,FR,,,,,,,,34.152332,-118.103137,ALTADENA,27.98
2025-01-07 08:05:00,761091,210,E,FR,,,,,,,,34.160546,-118.158748,MOUNTAIN 2,24.16
2025-01-07 08:05:00,763878,210,E,FR,,,,,,,,34.152216,-118.156144,WALNUT,24.81
2025-01-07 08:05:00,763908,210,E,FR,78.0,17.0,61.0,,,,,34.152385,-118.0979,SIERRA MADRE BLVD,28.28
2025-01-07 08:05:00,768923,210,E,FR,,,,,,,,34.147544,-118.081868,SIERRA MADRE VILLA,29.28
2025-01-07 08:05:00,769269,210,E,FR,,,,,,,,34.15167,-118.137983,LAKE AVE OFF(LAKE 1),25.98
2025-01-07 08:05:00,769272,210,E,FR,,,,,,,,34.151855,-118.125787,HILL AVE OFF,26.68
2025-01-07 08:05:00,769789,210,E,FR,,,,,,,,34.189219,-118.180753,BERKSHIRE,21.58
2025-01-07 08:05:00,769833,210,E,FR,,,,,,,,34.206745,-118.201533,ANGELES CREST HWY SB,19.78
2025-01-07 08:05:00,769850,210,E,FR,11.0,11.0,,,,,,34.211728,-118.228265,OCEAN VIEW,18.18
2025-01-07 08:05:00,769882,210,E,FR,35.0,35.0,,,,,,34.221426,-118.245718,PENNSYLVANIA,16.98
2025-01-07 08:05:00,769897,210,E,FR,,,,,,,,34.230849,-118.265101,LOWELL / HONOLULU,15.68
2025-01-07 08:05:00,769898,210,E,FR,,,,,,,,34.230849,-118.265101,LOWELL / HONOLULU,15.68
2025-01-07 08:05:00,769986,210,E,FR,,,,,,,,34.202989,-118.191827,GOULD,20.4
2025-01-07 08:05:00,770118,210,E,FR,,,,,,,,34.234317,-118.286992,LA TUNA CANYON,14.39
2025-01-07 08:10:00,717616,210,E,FR,,,,,,,,34.179921,-118.167405,ARROYO,22.6
2025-01-07 08:10:00,717619,210,E,FR,,,,,,,,34.174756,-118.160407,LINCOLN 1,23.14
2025-01-07 08:10:00,717651,210,E,FR,15.0,15.0,,,,,,34.147621,-118.079037,SIERRA MADRE V2,29.44
2025-01-07 08:10:00,737480,210,E,FR,,,,,,,,34.152332,-118.103137,ALTADENA,27.98
2025-01-07 08:10:00,761091,210,E,FR,,,,,,,,34.160546,-118.158748,MOUNTAIN 2,24.16
2025-01-07 08:10:00,763878,210,E,FR,,,,,,,,34.152216,-118.156144,WALNUT,24.81
2025-01-07 08:10:00,763908,210,E,FR,64.0,22.0,42.0,,,,,34.152385,-118.0979,SIERRA MADRE BLVD,28.28
2025-01-07 08:10:00,768923,210,E,FR,,,,,,,,34.147544,-118.081868,SIERRA MADRE VILLA,29.28
2025-01-07 08:10:00,769269,210,E,FR,,,,,,,,34.15167,-118.137983,LAKE AVE OFF(LAKE 1),25.98
2025-01-07 08:10:00,769272,210,E,FR,,,,,,,,34.151855,-118.125787,HILL AVE OFF,26.68
2025-01-07 08:10:00,769789,210,E,FR,,,,,,,,34.189219,-118.180753,BERKSHIRE,21.58
2025-01-07 08:10:00,769833,210,E,FR,,,,,,,,34.206745,-118.201533,ANGELES CREST HWY SB,19.78
2025-01-07 08:10:00,769850,210,E,FR,18.0,18.0,,,,,,34.211728,-118.228265,OCEAN VIEW,18.18
2025-01-07 08:10:00,769882,210,E,FR,46.0,46.0,,,,,,34.221426,-118.245718,PENNSYLVANIA,16.98
2025-01-07 08:10:00,769897,210,E,FR,,,,,,,,34.230849,-118.265101,LOWELL / HONOLULU,15.68
2025-01-07 08:10:00,769898,210,E,FR,,,,,,,,34.230849,-118.265101,LOWELL / HONOLULU,15.68
2025-01-07 08:10:00,769986,210,E,FR,,,,,,,,34.202989,-118.191827,GOULD,20.4
2025-01-07 08:10:00,770118,210,E,FR,,,,,,,,34.234317,-118.286992,LA TUNA CANYON,14.39
2025-01-07 08:15:00,717616,210,E,FR,,,,,,,,34.179921,-118.167405,ARROYO,22.6
2025-01-07 08:15:00,717619,210,E,FR,,,,,,,,34.174756,-118.160407,LINCOLN 1,23.14
2025-01-07 08:15:00,717651,210,E,FR,19.0,19.0,,,,,,34.147621,-118.079037,SIERRA MADRE V2,29.44
2025-01-07 08:15:00,737480,210,E,FR,,,,,,,,34.152332,-118.103137,ALTADENA,27.98
2025-01-07 08:15:00,761091,210,E,FR,,,,,,,,34.160546,-118.158748,MOUNTAIN 2,24.16
2025-01-07 08:15:00,763878,210,E,FR,,,,,,,,34.152216,-118.156144,WALNUT,24.81
2025-01-07 08:15:00,763908,210,E,FR,88.0,34.0,54.0,,,,,34.152385,-118.0979,SIERRA MADRE BLVD,28.28
2025-01-07 08:15:00,768923,210,E,FR,,,,,,,,34.147544,-118.081868,SIERRA MADRE VILLA,29.28
2025-01-07 08:15:00,769269,210,E,FR,,,,,,,,34.15167,-118.137983,LAKE AVE OFF(LAKE 1),25.98
2025-01-07 08:15:00,769272,210,E,FR,,,,,,,,34.151855,-118.125787,HILL AVE OFF,26.68
2025-01-07 08:15:00,769789,210,E,FR,,,,,,,,34.189219,-118.180753,BERKSHIRE,21.58
2025-01-07 08:15:00,769833,210,E,FR,,,,,,,,34.206745,-118.201533,ANGELES CREST HWY SB,19.78
2025-01-07 08:15:00,769850,210,E,FR,13.0,13.0,,,,,,34.211728,-118.228265,OCEAN VIEW,18.18
2025-01-07 08:15:00,769882,210,E,FR,30.0,30.0,,,,,,34.221426,-118.245718,PENNSYLVANIA,16.98
2025-01-07 08:15:00,769897,210,E,FR,,,,,,,,34.230849,-118.265101,LOWELL / HONOLULU,15.68
2025-01-07 08:15:00,769898,210,E,FR,,,,,,,,34.230849,-118.265101,LOWELL / HONOLULU,15.68
2025-01-07 08:15:00,769986,210,E,FR,,,,,,,,34.202989,-118.191827,GOULD,20.4
2025-01-07 08:15:00,770118,210,E,FR,,,,,,,,34.234317,-118.286992,LA TUNA CANYON,14.39
2025-01-07 08:20:00,717616,210,E,FR,,,,,,,,34.179921,-118.167405,ARROYO,22.6
2025-01-07 08:20:00,717619,210,E,FR,,,,,,,,34.174756,-118.160407,LINCOLN 1,23.14
2025-01-07 08:20:00,717651,210,E,FR,18.0,18.0,,,,,,34.147621,-118.079037,SIERRA MADRE V2,29.44
2025-01-07 08:20:00,737480,210,E,FR,,,,,,,,34.152332,-118.103137,ALTADENA,27.98
2025-01-07 08:20:00,761091,210,E,FR,,,,,,,,34.160546,-118.158748,MOUNTAIN 2,24.16
2025-01-07 08:20:00,763878,210,E,FR,,,,,,,,34.152216,-118.156144,WALNUT,24.81
2025-01-07 08:20:00,763908,210,E,FR,83.0,33.0,50.0,,,,,34.152385,-118.0979,SIERRA MADRE BLVD,28.28
2025-01-07 08:20:00,768923,210,E,FR,,,,,,,,34.147544,-118.081868,SIERRA MADRE VILLA,29.28
2025-01-07 08:20:00,769269,210,E,FR,,,,,,,,34.15167,-118.137983,LAKE AVE OFF(LAKE 1),25.98
2025-01-07 08:20:00,769272,210,E,FR,,,,,,,,34.151855,-118.125787,HILL AVE OFF,26.68
2025-01-07 08:20:00,769789,210,E,FR,,,,,,,,34.189219,-118.180753,BERKSHIRE,21.58
2025-01-07 08:20:00,769833,210,E,FR,,,,,,,,34.206745,-118.201533,ANGELES CREST HWY SB,19.78
2025-01-07 08:20:00,769850,210,E,FR,11.0,11.0,,,,,,34.211728,-118.228265,OCEAN VIEW,18.18
2025-01-07 08:20:00,769882,210,E,FR,34.0,34.0,,,,,,34.221426,-118.245718,PENNSYLVANIA,16.98
2025-01-07 08:20:00,769897,210,E,FR,,,,,,,,34.230849,-118.265101,LOWELL / HONOLULU,15.68
2025-01-07 08:20:00,769898,210,E,FR,,,,,,,,34.230849,-118.265101,LOWELL / HONOLULU,15.68
2025-01-07 08:20:00,769986,210,E,FR,,,,,,,,34.202989,-118.191827,GOULD,20.4
2025-01-07 08:20:00,770118,210,E,FR,,,,,,,,34.234317,-118.286992,LA TUNA CANYON,14.39
2025-01-07 08:25:00,717616,210,E,FR,,,,,,,,34.179921,-118.167405,ARROYO,22.6
2025-01-07 08:25:00,717619,210,E,FR,,,,,,,,34.174756,-118.160407,LINCOLN 1,23.14
2025-01-07 08:25:00,717651,210,E,FR,20.0,20.0,,,,,,34.147621,-118.079037,SIERRA MADRE V2,29.44
2025-01-07 08:25:00,737480,210,E,FR,,,,,,,,34.152332,-118.103137,ALTADENA,27.98
2025-01-07 08:25:00,761091,210,E,FR,,,,,,,,34.160546,-118.158748,MOUNTAIN 2,24.16
2025-01-07 08:25:00,763878,210,E,FR,,,,,,,,34.152216,-118.156144,WALNUT,24.81
2025-01-07 08:25:00,763908,210,E,FR,97.0,37.0,60.0,,,,,34.152385,-118.0979,SIERRA MADRE BLVD,28.28
2025-01-07 08:25:00,768923,210,E,FR,,,,,,,,34.147544,-118.081868,SIERRA MADRE VILLA,29.28
2025-01-07 08:25:00,769269,210,E,FR,,,,,,,,34.15167,-118.137983,LAKE AVE OFF(LAKE 1),25.98
2025-01-07 08:25:00,769272,210,E,FR,,,,,,,,34.151855,-118.125787,HILL AVE OFF,26.68
2025-01-07 08:25:00,769789,210,E,FR,,,,,,,,34.189219,-118.180753,BERKSHIRE,21.58
2025-01-07 08:25:00,769833,210,E,FR,,,,,,,,34.206745,-118.201533,ANGELES CREST HWY SB,19.78
2025-01-07 08:25:00,769850,210,E,FR,16.0,16.0,,,,,,34.211728,-118.228265,OCEAN VIEW,18.18
2025-01-07 08:25:00,769882,210,E,FR,28.0,28.0,,,,,,34.221426,-118.245718,PENNSYLVANIA,16.98
2025-01-07 08:25:00,769897,210,E,FR,,,,,,,,34.230849,-118.265101,LOWELL / HONOLULU,15.68
2025-01-07 08:25:00,769898,210,E,FR,,,,,,,,34.230849,-118.265101,LOWELL / HONOLULU,15.68
2025-01-07 08:25:00,769986,210,E,FR,,,,,,,,34.202989,-118.191827,GOULD,20.4
2025-01-07 08:25:00,770118,210,E,FR,,,,,,,,34.234317,-118.286992,LA TUNA CANYON,14.39
2025-01-07 08:30:00,717616,210,E,FR,,,,,,,,34.179921,-118.167405,ARROYO,22.6
2025-01-07 08:30:00,717619,210,E,FR,,,,,,,,34.174756,-118.160407,LINCOLN 1,23.14
2025-01-07 08:30:00,717651,210,E,FR,16.0,16.0,,,,,,34.147621,-118.079037,SIERRA MADRE V2,29.44
2025-01-07 08:30:00,737480,210,E,FR,,,,,,,,34.152332,-118.103137,ALTADENA,27.98
2025-01-07 08:30:00,761091,210,E,FR,,,,,,,,34.160546,-118.158748,MOUNTAIN 2,24.16
2025-01-07 08:30:00,763878,210,E,FR,,,,,,,,34.152216,-118.156144,WALNUT,24.81
2025-01-07 08:30:00,763908,210,E,FR,79.0,26.0,53.0,,,,,34.152385,-118.0979,SIERRA MADRE BLVD,28.28
2025-01-07 08:30:00,768923,210,E,FR,,,,,,,,34.147544,-118.081868,SIERRA MADRE VILLA,29.28
2025-01-07 08:30:00,769269,210,E,FR,,,,,,,,34.15167,-118.137983,LAKE AVE OFF(LAKE 1),25.98
2025-01-07 08:30:00,769272,210,E,FR,,,,,,,,34.151855,-118.125787,HILL AVE OFF,26.68
2025-01-07 08:30:00,769789,210,E,FR,,,,,,,,34.189219,-118.180753,BERKSHIRE,21.58
2025-01-07 08:30:00,769833,210,E,FR,,,,,,,,34.206745,-118.201533,ANGELES CREST HWY SB,19.78
2025-01-07 08:30:00,769850,210,E,FR,17.0,17.0,,,,,,34.211728,-118.228265,OCEAN VIEW,18.18
2025-01-07 08:30:00,769882,210,E,FR,24.0,24.0,,,,,,34.221426,-118.245718,PENNSYLVANIA,16.98
2025-01-07 08:30:00,769897,210,E,FR,,,,,,,,34.230849,-118.265101,LOWELL / HONOLULU,15.68
2025-01-07 08:30:00,769898,210,E,FR,,,,,,,,34.230849,-118.265101,LOWELL / HONOLULU,15.68
2025-01-07 08:30:00,769986,210,E,FR,,,,,,,,34.202989,-118.191827,GOULD,20.4
2025-01-07 08:30:00,770118,210,E,FR,,,,,,,,34.234317,-118.286992,LA TUNA CANYON,14.39
2025-01-07 08:35:00,717616,210,E,FR,,,,,,,,34.179921,-118.167405,ARROYO,22.6
2025-01-07 08:35:00,717619,210,E,FR,,,,,,,,34.174756,-118.160407,LINCOLN 1,23.14
2025-01-07 08:35:00,717651,210,E,FR,13.0,13.0,,,,,,34.147621,-118.079037,SIERRA MADRE V2,29.44
2025-01-07 08:35:00,737480,210,E,FR,,,,,,,,34.152332,-118.103137,ALTADENA,27.98
2025-01-07 08:35:00,761091,210,E,FR,,,,,,,,34.160546,-118.158748,MOUNTAIN 2,24.16
2025-01-07 08:35:00,763878,210,E,FR,,,,,,,,34.152216,-118.156144,WALNUT,24.81
2025-01-07 08:35:00,763908,210,E,FR,67.0,22.0,45.0,,,,,34.152385,-118.0979,SIERRA MADRE BLVD,28.28
2025-01-07 08:35:00,768923,210,E,FR,,,,,,,,34.147544,-118.081868,SIERRA MADRE VILLA,29.28
2025-01-07 08:35:00,769269,210,E,FR,,,,,,,,34.15167,-118.137983,LAKE AVE OFF(LAKE 1),25.98
2025-01-07 08:35:00,769272,210,E,FR,,,,,,,,34.151855,-118.125787,HILL AVE OFF,26.68
2025-01-07 08:35:00,769789,210,E,FR,,,,,,,,34.189219,-118.180753,BERKSHIRE,21.58
2025-01-07 08:35:00,769833,210,E,FR,,,,,,,,34.206745,-118.201533,ANGELES CREST HWY SB,19.78
2025-01-07 08:35:00,769850,210,E,FR,9.0,9.0,,,,,,34.211728,-118.228265,OCEAN VIEW,18.18
2025-01-07 08:35:00,769882,210,E,FR,13.0,13.0,,,,,,34.221426,-118.245718,PENNSYLVANIA,16.98
2025-01-07 08:35:00,769897,210,E,FR,,,,,,,,34.230849,-118.265101,LOWELL / HONOLULU,15.68
2025-01-07 08:35:00,769898,210,E,FR,,,,,,,,34.230849,-118.265101,LOWELL / HONOLULU,15.68
2025-01-07 08:35:00,769986,210,E,FR,,,,,,,,34.202989,-118.191827,GOULD,20.4
2025-01-07 08:35:00,770118,210,E,FR,,,,,,,,34.234317,-118.286992,LA TUNA CANYON,14.39
2025-01-07 08:40:00,717616,210,E,FR,,,,,,,,34.179921,-118.167405,ARROYO,22.6
2025-01-07 08:40:00,717619,210,E,FR,,,,,,,,34.174756,-118.160407,LINCOLN 1,23.14
2025-01-07 08:40:00,717651,210,E,FR,18.0,18.0,,,,,,34.147621,-118.079037,SIERRA MADRE V2,29.44
2025-01-07 08:40:00,737480,210,E,FR,,,,,,,,34.152332,-118.103137,ALTADENA,27.98
2025-01-07 08:40:00,761091,210,E,FR,,,,,,,,34.160546,-118.158748,MOUNTAIN 2,24.16
2025-01-07 08:40:00,763878,210,E,FR,,,,,,,,34.152216,-118.156144,WALNUT,24.81
2025-01-07 08:40:00,763908,210,E,FR,58.0,18.0,40.0,,,,,34.152385,-118.0979,SIERRA MADRE BLVD,28.28
2025-01-07 08:40:00,768923,210,E,FR,,,,,,,,34.147544,-118.081868,SIERRA MADRE VILLA,29.28
2025-01-07 08:40:00,769269,210,E,FR,,,,,,,,34.15167,-118.137983,LAKE AVE OFF(LAKE 1),25.98
2025-01-07 08:40:00,769272,210,E,FR,,,,,,,,34.151855,-118.125787,HILL AVE OFF,26.68
2025-01-07 08:40:00,769789,210,E,FR,,,,,,,,34.189219,-118.180753,BERKSHIRE,21.58
2025-01-07 08:40:00,769833,210,E,FR,,,,,,,,34.206745,-118.201533,ANGELES CREST HWY SB,19.78
2025-01-07 08:40:00,769850,210,E,FR,11.0,11.0,,,,,,34.211728,-118.228265,OCEAN VIEW,18.18
2025-01-07 08:40:00,769882,210,E,FR,26.0,26.0,,,,,,34.221426,-118.245718,PENNSYLVANIA,16.98
2025-01-07 08:40:00,769897,210,E,FR,,,,,,,,34.230849,-118.265101,LOWELL / HONOLULU,15.68
2025-01-07 08:40:00,769898,210,E,FR,,,,,,,,34.230849,-118.265101,LOWELL / HONOLULU,15.68
2025-01-07 08:40:00,769986,210,E,FR,,,,,,,,34.202989,-118.191827,GOULD,20.4
2025-01-07 08:40:00,770118,210,E,FR,,,,,,,,34.234317,-118.286992,LA TUNA CANYON,14.39
2025-01-07 08:45:00,717616,210,E,FR,,,,,,,,34.179921,-118.167405,ARROYO,22.6
2025-01-07 08:45:00,717619,210,E,FR,,,,,,,,34.174756,-118.160407,LINCOLN 1,23.14
2025-01-07 08:45:00,717651,210,E,FR,16.0,16.0,,,,,,34.147621,-118.079037,SIERRA MADRE V2,29.44
2025-01-07 08:45:00,737480,210,E,FR,,,,,,,,34.152332,-118.103137,ALTADENA,27.98
2025-01-07 08:45:00,761091,210,E,FR,,,,,,,,34.160546,-118.158748,MOUNTAIN 2,24.16
2025-01-07 08:45:00,763878,210,E,FR,,,,,,,,34.152216,-118.156144,WALNUT,24.81
2025-01-07 08:45:00,763908,210,E,FR,38.0,7.0,31.0,,,,,34.152385,-118.0979,SIERRA MADRE BLVD,28.28
2025-01-07 08:45:00,768923,210,E,FR,,,,,,,,34.147544,-118.081868,SIERRA MADRE VILLA,29.28
2025-01-07 08:45:00,769269,210,E,FR,,,,,,,,34.15167,-118.137983,LAKE AVE OFF(LAKE 1),25.98
2025-01-07 08:45:00,769272,210,E,FR,,,,,,,,34.151855,-118.125787,HILL AVE OFF,26.68
2025-01-07 08:45:00,769789,210,E,FR,,,,,,,,34.189219,-118.180753,BERKSHIRE,21.58
2025-01-07 08:45:00,769833,210,E,FR,,,,,,,,34.206745,-118.201533,ANGELES CREST HWY SB,19.78
2025-01-07 08:45:00,769850,210,E,FR,16.0,16.0,,,,,,34.211728,-118.228265,OCEAN VIEW,18.18
2025-01-07 08:45:00,769882,210,E,FR,20.0,20.0,,,,,,34.221426,-118.245718,PENNSYLVANIA,16.98
2025-01-07 08:45:00,769897,210,E,FR,,,,,,,,34.230849,-118.265101,LOWELL / HONOLULU,15.68
2025-01-07 08:45:00,769898,210,E,FR,,,,,,,,34.230849,-118.265101,LOWELL / HONOLULU,15.68
2025-01-07 08:45:00,769986,210,E,FR,,,,,,,,34.202989,-118.191827,GOULD,20.4
2025-01-07 08:45:00,770118,210,E,FR,,,,,,,,34.234317,-118.286992,LA TUNA CANYON,14.39
2025-01-07 08:50:00,717616,210,E,FR,,,,,,,,34.179921,-118.167405,ARROYO,22.6
2025-01-07 08:50:00,717619,210,E,FR,,,,,,,,34.174756,-118.160407,LINCOLN 1,23.14
2025-01-07 08:50:00,717651,210,E,FR,18.0,18.0,,,,,,34.147621,-118.079037,SIERRA MADRE V2,29.44
2025-01-07 08:50:00,737480,210,E,FR,,,,,,,,34.152332,-118.103137,ALTADENA,27.98
2025-01-07 08:50:00,761091,210,E,FR,,,,,,,,34.160546,-118.158748,MOUNTAIN 2,24.16
2025-01-07 08:50:00,763878,210,E,FR,,,,,,,,34.152216,-118.156144,WALNUT,24.81
2025-01-07 08:50:00,763908,210,E,FR,54.0,14.0,40.0,,,,,34.152385,-118.0979,SIERRA MADRE BLVD,28.28
2025-01-07 08:50:00,768923,210,E,FR,,,,,,,,34.147544,-118.081868,SIERRA MADRE VILLA,29.28
2025-01-07 08:50:00,769269,210,E,FR,,,,,,,,34.15167,-118.137983,LAKE AVE OFF(LAKE 1),25.98
2025-01-07 08:50:00,769272,210,E,FR,,,,,,,,34.151855,-118.125787,HILL AVE OFF,26.68
2025-01-07 08:50:00,769789,210,E,FR,,,,,,,,34.189219,-118.180753,BERKSHIRE,21.58
2025-01-07 08:50:00,769833,210,E,FR,,,,,,,,34.206745,-118.201533,ANGELES CREST HWY SB,19.78
2025-01-07 08:50:00,769850,210,E,FR,15.0,15.0,,,,,,34.211728,-118.228265,OCEAN VIEW,18.18
2025-01-07 08:50:00,769882,210,E,FR,39.0,39.0,,,,,,34.221426,-118.245718,PENNSYLVANIA,16.98
2025-01-07 08:50:00,769897,210,E,FR,,,,,,,,34.230849,-118.265101,LOWELL / HONOLULU,15.68
2025-01-07 08:50:00,769898,210,E,FR,,,,,,,,34.230849,-118.265101,LOWELL / HONOLULU,15.68
2025-01-07 08:50:00,769986,210,E,FR,,,,,,,,34.202989,-118.191827,GOULD,20.4
2025-01-07 08:50:00,770118,210,E,FR,,,,,,,,34.234317,-118.286992,LA TUNA CANYON,14.39
2025-01-07 08:55:00,717616,210,E,FR,,,,,,,,34.179921,-118.167405,ARROYO,22.6
2025-01-07 08:55:00,717619,210,E,FR,,,,,,,,34.174756,-118.160407,LINCOLN 1,23.14
2025-01-07 08:55:00,717651,210,E,FR,22.0,22.0,,,,,,34.147621,-118.079037,SIERRA MADRE V2,29.44
2025-01-07 08:55:00,737480,210,E,FR,,,,,,,,34.152332,-118.103137,ALTADENA,27.98
2025-01-07 08:55:00,761091,210,E,FR,,,,,,,,34.160546,-118.158748,MOUNTAIN 2,24.16
2025-01-07 08:55:00,763878,210,E,FR,,,,,,,,34.152216,-118.156144,WALNUT,24.81
2025-01-07 08:55:00,763908,210,E,FR,50.0,12.0,38.0,,,,,34.152385,-118.0979,SIERRA MADRE BLVD,28.28
2025-01-07 08:55:00,768923,210,E,FR,,,,,,,,34.147544,-118.081868,SIERRA MADRE VILLA,29.28
2025-01-07 08:55:00,769269,210,E,FR,,,,,,,,34.15167,-118.137983,LAKE AVE OFF(LAKE 1),25.98
2025-01-07 08:55:00,769272,210,E,FR,,,,,,,,34.151855,-118.125787,HILL AVE OFF,26.68
2025-01-07 08:55:00,769789,210,E,FR,,,,,,,,34.189219,-118.180753,BERKSHIRE,21.58
2025-01-07 08:55:00,769833,210,E,FR,,,,,,,,34.206745,-118.201533,ANGELES CREST HWY SB,19.78
2025-01-07 08:55:00,769850,210,E,FR,18.0,18.0,,,,,,34.211728,-118.228265,OCEAN VIEW,18.18
2025-01-07 08:55:00,769882,210,E,FR,22.0,22.0,,,,,,34.221426,-118.245718,PENNSYLVANIA,16.98
2025-01-07 08:55:00,769897,210,E,FR,,,,,,,,34.230849,-118.265101,LOWELL / HONOLULU,15.68
2025-01-07 08:55:00,769898,210,E,FR,,,,,,,,34.230849,-118.265101,LOWELL / HONOLULU,15.68
2025-01-07 08:55:00,769986,210,E,FR,,,,,,,,34.202989,-118.191827,GOULD,20.4
2025-01-07 08:55:00,770118,210,E,FR,,,,,,,,34.234317,-118.286992,LA TUNA CANYON,14.39
2025-01-07 09:00:00,717616,210,E,FR,,,,,,,,34.179921,-118.167405,ARROYO,22.6
2025-01-07 09:00:00,717619,210,E,FR,,,,,,,,34.174756,-118.160407,LINCOLN 1,23.14
2025-01-07 09:00:00,717651,210,E,FR,16.0,16.0,,,,,,34.147621,-118.079037,SIERRA MADRE V2,29.44
2025-01-07 09:00:00,737480,210,E,FR,,,,,,,,34.152332,-118.103137,ALTADENA,27.98
2025-01-07 09:00:00,761091,210,E,FR,,,,,,,,34.160546,-118.158748,MOUNTAIN 2,24.16
2025-01-07 09:00:00,763878,210,E,FR,,,,,,,,34.152216,-118.156144,WALNUT,24.81
2025-01-07 09:00:00,763908,210,E,FR,55.0,15.0,40.0,,,,,34.152385,-118.0979,SIERRA MADRE BLVD,28.28
2025-01-07 09:00:00,768923,210,E,FR,,,,,,,,34.147544,-118.081868,SIERRA MADRE VILLA,29.28
2025-01-07 09:00:00,769269,210,E,FR,,,,,,,,34.15167,-118.137983,LAKE AVE OFF(LAKE 1),25.98
2025-01-07 09:00:00,769272,210,E,FR,,,,,,,,34.151855,-118.125787,HILL AVE OFF,26.68
2025-01-07 09:00:00,769789,210,E,FR,,,,,,,,34.189219,-118.180753,BERKSHIRE,21.58
2025-01-07 09:00:00,769833,210,E,FR,,,,,,,,34.206745,-118.201533,ANGELES CREST HWY SB,19.78
2025-01-07 09:00:00,769850,210,E,FR,23.0,23.0,,,,,,34.211728,-118.228265,OCEAN VIEW,18.18
2025-01-07 09:00:00,769882,210,E,FR,14.0,14.0,,,,,,34.221426,-118.245718,PENNSYLVANIA,16.98
2025-01-07 09:00:00,769897,210,E,FR,,,,,,,,34.230849,-118.265101,LOWELL / HONOLULU,15.68
2025-01-07 09:00:00,769898,210,E,FR,,,,,,,,34.230849,-118.265101,LOWELL / HONOLULU,15.68
2025-01-07 09:00:00,769986,210,E,FR,,,,,,,,34.202989,-118.191827,GOULD,20.4
2025-01-07 09:00:00,770118,210,E,FR,,,,,,,,34.234317,-118.286992,LA TUNA CANYON,14.39
2025-01-07 09:05:00,717616,210,E,FR,,,,,,,,34.179921,-118.167405,ARROYO,22.6
2025-01-07 09:05:00,717619,210,E,FR,,,,,,,,34.174756,-118.160407,LINCOLN 1,23.14
2025-01-07 09:05:00,717651,210,E,FR,17.0,17.0,,,,,,34.147621,-118.079037,SIERRA MADRE V2,29.44
2025-01-07 09:05:00,737480,210,E,FR,,,,,,,,34.152332,-118.103137,ALTADENA,27.98
2025-01-07 09:05:00,761091,210,E,FR,,,,,,,,34.160546,-118.158748,MOUNTAIN 2,24.16
2025-01-07 09:05:00,763878,210,E,FR,,,,,,,,34.152216,-118.156144,WALNUT,24.81
2025-01-07 09:05:00,763908,210,E,FR,57.0,17.0,40.0,,,,,34.152385,-118.0979,SIERRA MADRE BLVD,28.28
2025-01-07 09:05:00,768923,210,E,FR,,,,,,,,34.147544,-118.081868,SIERRA MADRE VILLA,29.28
2025-01-07 09:05:00,769269,210,E,FR,,,,,,,,34.15167,-118.137983,LAKE AVE OFF(LAKE 1),25.98
2025-01-07 09:05:00,769272,210,E,FR,,,,,,,,34.151855,-118.125787,HILL AVE OFF,26.68
2025-01-07 09:05:00,769789,210,E,FR,,,,,,,,34.189219,-118.180753,BERKSHIRE,21.58
2025-01-07 09:05:00,769833,210,E,FR,,,,,,,,34.206745,-118.201533,ANGELES CREST HWY SB,19.78
2025-01-07 09:05:00,769850,210,E,FR,18.0,18.0,,,,,,34.211728,-118.228265,OCEAN VIEW,18.18
2025-01-07 09:05:00,769882,210,E,FR,25.0,25.0,,,,,,34.221426,-118.245718,PENNSYLVANIA,16.98
2025-01-07 09:05:00,769897,210,E,FR,,,,,,,,34.230849,-118.265101,LOWELL / HONOLULU,15.68
2025-01-07 09:05:00,769898,210,E,FR,,,,,,,,34.230849,-118.265101,LOWELL / HONOLULU,15.68
2025-01-07 09:05:00,769986,210,E,FR,,,,,,,,34.202989,-118.191827,GOULD,20.4
2025-01-07 09:05:00,770118,210,E,FR,,,,,,,,34.234317,-118.286992,LA TUNA CANYON,14.39
2025-01-07 09:10:00,717616,210,E,FR,,,,,,,,34.179921,-118.167405,ARROYO,22.6
2025-01-07 09:10:00,717619,210,E,FR,,,,,,,,34.174756,-118.160407,LINCOLN 1,23.14
2025-01-07 09:10:00,717651,210,E,FR,11.0,11.0,,,,,,34.147621,-118.079037,SIERRA MADRE V2,29.44
2025-01-07 09:10:00,737480,210,E,FR,,,,,,,,34.152332,-118.103137,ALTADENA,27.98
2025-01-07 09:10:00,761091,210,E,FR,,,,,,,,34.160546,-118.158748,MOUNTAIN 2,24.16
2025-01-07 09:10:00,763878,210,E,FR,,,,,,,,34.152216,-118.156144,WALNUT,24.81
2025-01-07 09:10:00,763908,210,E,FR,35.0,8.0,27.0,,,,,34.152385,-118.0979,SIERRA MADRE BLVD,28.28
2025-01-07 09:10:00,768923,210,E,FR,,,,,,,,34.147544,-118.081868,SIERRA MADRE VILLA,29.28
2025-01-07 09:10:00,769269,210,E,FR,,,,,,,,34.15167,-118.137983,LAKE AVE OFF(LAKE 1),25.98
2025-01-07 09:10:00,769272,210,E,FR,,,,,,,,34.151855,-118.125787,HILL AVE OFF,26.68
2025-01-07 09:10:00,769789,210,E,FR,,,,,,,,34.189219,-118.180753,BERKSHIRE,21.58
2025-01-07 09:10:00,769833,210,E,FR,,,,,,,,34.206745,-118.201533,ANGELES CREST HWY SB,19.78
2025-01-07 09:10:00,769850,210,E,FR,24.0,24.0,,,,,,34.211728,-118.228265,OCEAN VIEW,18.18
2025-01-07 09:10:00,769882,210,E,FR,28.0,28.0,,,,,,34.221426,-118.245718,PENNSYLVANIA,16.98
2025-01-07 09:10:00,769897,210,E,FR,,,,,,,,34.230849,-118.265101,LOWELL / HONOLULU,15.68
2025-01-07 09:10:00,769898,210,E,FR,,,,,,,,34.230849,-118.265101,LOWELL / HONOLULU,15.68
2025-01-07 09:10:00,769986,210,E,FR,,,,,,,,34.202989,-118.191827,GOULD,20.4
2025-01-07 09:10:00,770118,210,E,FR,,,,,,,,34.234317,-118.286992,LA TUNA CANYON,14.39
2025-01-07 09:15:00,717616,210,E,FR,,,,,,,,34.179921,-118.167405,ARROYO,22.6
2025-01-07 09:15:00,717619,210,E,FR,,,,,,,,34.174756,-118.160407,LINCOLN 1,23.14
2025-01-07 09:15:00,717651,210,E,FR,12.0,12.0,,,,,,34.147621,-118.079037,SIERRA MADRE V2,29.44
2025-01-07 09:15:00,737480,210,E,FR,,,,,,,,34.152332,-118.103137,ALTADENA,27.98
2025-01-07 09:15:00,761091,210,E,FR,,,,,,,,34.160546,-118.158748,MOUNTAIN 2,24.16
2025-01-07 09:15:00,763878,210,E,FR,,,,,,,,34.152216,-118.156144,WALNUT,24.81
2025-01-07 09:15:00,763908,210,E,FR,61.0,11.0,50.0,,,,,34.152385,-118.0979,SIERRA MADRE BLVD,28.28
2025-01-07 09:15:00,768923,210,E,FR,,,,,,,,34.147544,-118.081868,SIERRA MADRE VILLA,29.28
2025-01-07 09:15:00,769269,210,E,FR,,,,,,,,34.15167,-118.137983,LAKE AVE OFF(LAKE 1),25.98
2025-01-07 09:15:00,769272,210,E,FR,,,,,,,,34.151855,-118.125787,HILL AVE OFF,26.68
2025-01-07 09:15:00,769789,210,E,FR,,,,,,,,34.189219,-118.180753,BERKSHIRE,21.58
2025-01-07 09:15:00,769833,210,E,FR,,,,,,,,34.206745,-118.201533,ANGELES CREST HWY SB,19.78
2025-01-07 09:15:00,769850,210,E,FR,14.0,14.0,,,,,,34.211728,-118.228265,OCEAN VIEW,18.18
2025-01-07 09:15:00,769882,210,E,FR,27.0,27.0,,,,,,34.221426,-118.245718,PENNSYLVANIA,16.98
2025-01-07 09:15:00,769897,210,E,FR,,,,,,,,34.230849,-118.265101,LOWELL / HONOLULU,15.68
2025-01-07 09:15:00,769898,210,E,FR,,,,,,,,34.230849,-118.265101,LOWELL / HONOLULU,15.68
2025-01-07 09:15:00,769986,210,E,FR,,,,,,,,34.202989,-118.191827,GOULD,20.4
2025-01-07 09:15:00,770118,210,E,FR,,,,,,,,34.234317,-118.286992,LA TUNA CANYON,14.39
2025-01-07 09:20:00,717616,210,E,FR,,,,,,,,34.179921,-118.167405,ARROYO,22.6
2025-01-07 09:20:00,717619,210,E,FR,,,,,,,,34.174756,-118.160407,LINCOLN 1,23.14
2025-01-07 09:20:00,717651,210,E,FR,13.0,13.0,,,,,,34.147621,-118.079037,SIERRA MADRE V2,29.44
2025-01-07 09:20:00,737480,210,E,FR,,,,,,,,34.152332,-118.103137,ALTADENA,27.98
2025-01-07 09:20:00,761091,210,E,FR,,,,,,,,34.160546,-118.158748,MOUNTAIN 2,24.16
2025-01-07 09:20:00,763878,210,E,FR,,,,,,,,34.152216,-118.156144,WALNUT,24.81
2025-01-07 09:20:00,763908,210,E,FR,46.0,10.0,36.0,,,,,34.152385,-118.0979,SIERRA MADRE BLVD,28.28
2025-01-07 09:20:00,768923,210,E,FR,,,,,,,,34.147544,-118.081868,SIERRA MADRE VILLA,29.28
2025-01-07 09:20:00,769269,210,E,FR,,,,,,,,34.15167,-118.137983,LAKE AVE OFF(LAKE 1),25.98
2025-01-07 09:20:00,769272,210,E,FR,,,,,,,,34.151855,-118.125787,HILL AVE OFF,26.68
2025-01-07 09:20:00,769789,210,E,FR,,,,,,,,34.189219,-118.180753,BERKSHIRE,21.58
2025-01-07 09:20:00,769833,210,E,FR,,,,,,,,34.206745,-118.201533,ANGELES CREST HWY SB,19.78
2025-01-07 09:20:00,769850,210,E,FR,22.0,22.0,,,,,,34.211728,-118.228265,OCEAN VIEW,18.18
2025-01-07 09:20:00,769882,210,E,FR,24.0,24.0,,,,,,34.221426,-118.245718,PENNSYLVANIA,16.98
2025-01-07 09:20:00,769897,210,E,FR,,,,,,,,34.230849,-118.265101,LOWELL / HONOLULU,15.68
2025-01-07 09:20:00,769898,210,E,FR,,,,,,,,34.230849,-118.265101,LOWELL / HONOLULU,15.68
2025-01-07 09:20:00,769986,210,E,FR,,,,,,,,34.202989,-118.191827,GOULD,20.4
2025-01-07 09:20:00,770118,210,E,FR,,,,,,,,34.234317,-118.286992,LA TUNA CANYON,14.39
2025-01-07 09:25:00,717616,210,E,FR,,,,,,,,34.179921,-118.167405,ARROYO,22.6
2025-01-07 09:25:00,717619,210,E,FR,,,,,,,,34.174756,-118.160407,LINCOLN 1,23.14
2025-01-07 09:25:00,717651,210,E,FR,16.0,16.0,,,,,,34.147621,-118.079037,SIERRA MADRE V2,29.44
2025-01-07 09:25:00,737480,210,E,FR,,,,,,,,34.152332,-118.103137,ALTADENA,27.98
2025-01-07 09:25:00,761091,210,E,FR,,,,,,,,34.160546,-118.158748,MOUNTAIN 2,24.16
2025-01-07 09:25:00,763878,210,E,FR,,,,,,,,34.152216,-118.156144,WALNUT,24.81
2025-01-07 09:25:00,763908,210,E,FR,36.0,7.0,29.0,,,,,34.152385,-118.0979,SIERRA MADRE BLVD,28.28
2025-01-07 09:25:00,768923,210,E,FR,,,,,,,,34.147544,-118.081868,SIERRA MADRE VILLA,29.28
2025-01-07 09:25:00,769269,210,E,FR,,,,,,,,34.15167,-118.137983,LAKE AVE OFF(LAKE 1),25.98
2025-01-07 09:25:00,769272,210,E,FR,,,,,,,,34.151855,-118.125787,HILL AVE OFF,26.68
2025-01-07 09:25:00,769789,210,E,FR,,,,,,,,34.189219,-118.180753,BERKSHIRE,21.58
2025-01-07 09:25:00,769833,210,E,FR,,,,,,,,34.206745,-118.201533,ANGELES CREST HWY SB,19.78
2025-01-07 09:25:00,769850,210,E,FR,26.0,26.0,,,,,,34.211728,-118.228265,OCEAN VIEW,18.18
2025-01-07 09:25:00,769882,210,E,FR,18.0,18.0,,,,,,34.221426,-118.245718,PENNSYLVANIA,16.98
2025-01-07 09:25:00,769897,210,E,FR,,,,,,,,34.230849,-118.265101,LOWELL / HONOLULU,15.68
2025-01-07 09:25:00,769898,210,E,FR,,,,,,,,34.230849,-118.265101,LOWELL / HONOLULU,15.68
2025-01-07 09:25:00,769986,210,E,FR,,,,,,,,34.202989,-118.191827,GOULD,20.4
2025-01-07 09:25:00,770118,210,E,FR,,,,,,,,34.234317,-118.286992,LA TUNA CANYON,14.39
2025-01-07 09:30:00,717616,210,E,FR,,,,,,,,34.179921,-118.167405,ARROYO,22.6
2025-01-07 09:30:00,717619,210,E,FR,,,,,,,,34.174756,-118.160407,LINCOLN 1,23.14
2025-01-07 09:30:00,717651,210,E,FR,22.0,22.0,,,,,,34.147621,-118.079037,SIERRA MADRE V2,29.44
2025-01-07 09:30:00,737480,210,E,FR,,,,,,,,34.152332,-118.103137,ALTADENA,27.98
2025-01-07 09:30:00,761091,210,E,FR,,,,,,,,34.160546,-118.158748,MOUNTAIN 2,24.16
2025-01-07 09:30:00,763878,210,E,FR,,,,,,,,34.152216,-118.156144,WALNUT,24.81
2025-01-07 09:30:00,763908,210,E,FR,43.0,7.0,36.0,,,,,34.152385,-118.0979,SIERRA MADRE BLVD,28.28
2025-01-07 09:30:00,768923,210,E,FR,,,,,,,,34.147544,-118.081868,SIERRA MADRE VILLA,29.28
2025-01-07 09:30:00,769269,210,E,FR,,,,,,,,34.15167,-118.137983,LAKE AVE OFF(LAKE 1),25.98
2025-01-07 09:30:00,769272,210,E,FR,,,,,,,,34.151855,-118.125787,HILL AVE OFF,26.68
2025-01-07 09:30:00,769789,210,E,FR,,,,,,,,34.189219,-118.180753,BERKSHIRE,21.58
2025-01-07 09:30:00,769833,210,E,FR,,,,,,,,34.206745,-118.201533,ANGELES CREST HWY SB,19.78
2025-01-07 09:30:00,769850,210,E,FR,24.0,24.0,,,,,,34.211728,-118.228265,OCEAN VIEW,18.18
2025-01-07 09:30:00,769882,210,E,FR,25.0,25.0,,,,,,34.221426,-118.245718,PENNSYLVANIA,16.98
2025-01-07 09:30:00,769897,210,E,FR,,,,,,,,34.230849,-118.265101,LOWELL / HONOLULU,15.68
2025-01-07 09:30:00,769898,210,E,FR,,,,,,,,34.230849,-118.265101,LOWELL / HONOLULU,15.68
2025-01-07 09:30:00,769986,210,E,FR,,,,,,,,34.202989,-118.191827,GOULD,20.4
2025-01-07 09:30:00,770118,210,E,FR,,,,,,,,34.234317,-118.286992,LA TUNA CANYON,14.39
2025-01-07 09:35:00,717616,210,E,FR,,,,,,,,34.179921,-118.167405,ARROYO,22.6
2025-01-07 09:35:00,717619,210,E,FR,,,,,,,,34.174756,-118.160407,LINCOLN 1,23.14
2025-01-07 09:35:00,717651,210,E,FR,18.0,18.0,,,,,,34.147621,-118.079037,SIERRA MADRE V2,29.44
2025-01-07 09:35:00,737480,210,E,FR,,,,,,,,34.152332,-118.103137,ALTADENA,27.98
2025-01-07 09:35:00,761091,210,E,FR,,,,,,,,34.160546,-118.158748,MOUNTAIN 2,24.16
2025-01-07 09:35:00,763878,210,E,FR,,,,,,,,34.152216,-118.156144,WALNUT,24.81
2025-01-07 09:35:00,763908,210,E,FR,58.0,12.0,46.0,,,,,34.152385,-118.0979,SIERRA MADRE BLVD,28.28
2025-01-07 09:35:00,768923,210,E,FR,,,,,,,,34.147544,-118.081868,SIERRA MADRE VILLA,29.28
2025-01-07 09:35:00,769269,210,E,FR,,,,,,,,34.15167,-118.137983,LAKE AVE OFF(LAKE 1),25.98
2025-01-07 09:35:00,769272,210,E,FR,,,,,,,,34.151855,-118.125787,HILL AVE OFF,26.68
2025-01-07 09:35:00,769789,210,E,FR,,,,,,,,34.189219,-118.180753,BERKSHIRE,21.58
2025-01-07 09:35:00,769833,210,E,FR,,,,,,,,34.206745,-118.201533,ANGELES CREST HWY SB,19.78
2025-01-07 09:35:00,769850,210,E,FR,22.0,22.0,,,,,,34.211728,-118.228265,OCEAN VIEW,18.18
2025-01-07 09:35:00,769882,210,E,FR,23.0,23.0,,,,,,34.221426,-118.245718,PENNSYLVANIA,16.98
2025-01-07 09:35:00,769897,210,E,FR,,,,,,,,34.230849,-118.265101,LOWELL / HONOLULU,15.68
2025-01-07 09:35:00,769898,210,E,FR,,,,,,,,34.230849,-118.265101,LOWELL / HONOLULU,15.68
2025-01-07 09:35:00,769986,210,E,FR,,,,,,,,34.202989,-118.191827,GOULD,20.4
2025-01-07 09:35:00,770118,210,E,FR,,,,,,,,34.234317,-118.286992,LA TUNA CANYON,14.39
2025-01-07 09:40:00,717616,210,E,FR,,,,,,,,34.179921,-118.167405,ARROYO,22.6
2025-01-07 09:40:00,717619,210,E,FR,,,,,,,,34.174756,-118.160407,LINCOLN 1,23.14
2025-01-07 09:40:00,717651,210,E,FR,20.0,20.0,,,,,,34.147621,-118.079037,SIERRA MADRE V2,29.44
2025-01-07 09:40:00,737480,210,E,FR,,,,,,,,34.152332,-118.103137,ALTADENA,27.98
2025-01-07 09:40:00,761091,210,E,FR,,,,,,,,34.160546,-118.158748,MOUNTAIN 2,24.16
2025-01-07 09:40:00,763878,210,E,FR,,,,,,,,34.152216,-118.156144,WALNUT,24.81
2025-01-07 09:40:00,763908,210,E,FR,37.0,9.0,28.0,,,,,34.152385,-118.0979,SIERRA MADRE BLVD,28.28
2025-01-07 09:40:00,768923,210,E,FR,,,,,,,,34.147544,-118.081868,SIERRA MADRE VILLA,29.28
2025-01-07 09:40:00,769269,210,E,FR,,,,,,,,34.15167,-118.137983,LAKE AVE OFF(LAKE 1),25.98
2025-01-07 09:40:00,769272,210,E,FR,,,,,,,,34.151855,-118.125787,HILL AVE OFF,26.68
2025-01-07 09:40:00,769789,210,E,FR,,,,,,,,34.189219,-118.180753,BERKSHIRE,21.58
2025-01-07 09:40:00,769833,210,E,FR,,,,,,,,34.206745,-118.201533,ANGELES CREST HWY SB,19.78
2025-01-07 09:40:00,769850,210,E,FR,14.0,14.0,,,,,,34.211728,-118.228265,OCEAN VIEW,18.18
2025-01-07 09:40:00,769882,210,E,FR,34.0,34.0,,,,,,34.221426,-118.245718,PENNSYLVANIA,16.98
2025-01-07 09:40:00,769897,210,E,FR,,,,,,,,34.230849,-118.265101,LOWELL / HONOLULU,15.68
2025-01-07 09:40:00,769898,210,E,FR,,,,,,,,34.230849,-118.265101,LOWELL / HONOLULU,15.68
2025-01-07 09:40:00,769986,210,E,FR,,,,,,,,34.202989,-118.191827,GOULD,20.4
2025-01-07 09:40:00,770118,210,E,FR,,,,,,,,34.234317,-118.286992,LA TUNA CANYON,14.39
2025-01-07 09:45:00,717616,210,E,FR,,,,,,,,34.179921,-118.167405,ARROYO,22.6
2025-01-07 09:45:00,717619,210,E,FR,,,,,,,,34.174756,-118.160407,LINCOLN 1,23.14
2025-01-07 09:45:00,717651,210,E,FR,17.0,17.0,,,,,,34.147621,-118.079037,SIERRA MADRE V2,29.44
2025-01-07 09:45:00,737480,210,E,FR,,,,,,,,34.152332,-118.103137,ALTADENA,27.98
2025-01-07 09:45:00,761091,210,E,FR,,,,,,,,34.160546,-118.158748,MOUNTAIN 2,24.16
2025-01-07 09:45:00,763878,210,E,FR,,,,,,,,34.152216,-118.156144,WALNUT,24.81
2025-01-07 09:45:00,763908,210,E,FR,41.0,13.0,28.0,,,,,34.152385,-118.0979,SIERRA MADRE BLVD,28.28
2025-01-07 09:45:00,768923,210,E,FR,,,,,,,,34.147544,-118.081868,SIERRA MADRE VILLA,29.28
2025-01-07 09:45:00,769269,210,E,FR,,,,,,,,34.15167,-118.137983,LAKE AVE OFF(LAKE 1),25.98
2025-01-07 09:45:00,769272,210,E,FR,,,,,,,,34.151855,-118.125787,HILL AVE OFF,26.68
2025-01-07 09:45:00,769789,210,E,FR,,,,,,,,34.189219,-118.180753,BERKSHIRE,21.58
2025-01-07 09:45:00,769833,210,E,FR,,,,,,,,34.206745,-118.201533,ANGELES CREST HWY SB,19.78
2025-01-07 09:45:00,769850,210,E,FR,18.0,18.0,,,,,,34.211728,-118.228265,OCEAN VIEW,18.18
2025-01-07 09:45:00,769882,210,E,FR,40.0,40.0,,,,,,34.221426,-118.245718,PENNSYLVANIA,16.98
2025-01-07 09:45:00,769897,210,E,FR,,,,,,,,34.230849,-118.265101,LOWELL / HONOLULU,15.68
2025-01-07 09:45:00,769898,210,E,FR,,,,,,,,34.230849,-118.265101,LOWELL / HONOLULU,15.68
2025-01-07 09:45:00,769986,210,E,FR,,,,,,,,34.202989,-118.191827,GOULD,20.4
2025-01-07 09:45:00,770118,210,E,FR,,,,,,,,34.234317,-118.286992,LA TUNA CANYON,14.39
2025-01-07 09:50:00,717616,210,E,FR,,,,,,,,34.179921,-118.167405,ARROYO,22.6
2025-01-07 09:50:00,717619,210,E,FR,,,,,,,,34.174756,-118.160407,LINCOLN 1,23.14
2025-01-07 09:50:00,717651,210,E,FR,16.0,16.0,,,,,,34.147621,-118.079037,SIERRA MADRE V2,29.44
2025-01-07 09:50:00,737480,210,E,FR,,,,,,,,34.152332,-118.103137,ALTADENA,27.98
2025-01-07 09:50:00,761091,210,E,FR,,,,,,,,34.160546,-118.158748,MOUNTAIN 2,24.16
2025-01-07 09:50:00,763878,210,E,FR,,,,,,,,34.152216,-118.156144,WALNUT,24.81
2025-01-07 09:50:00,763908,210,E,FR,44.0,10.0,34.0,,,,,34.152385,-118.0979,SIERRA MADRE BLVD,28.28
2025-01-07 09:50:00,768923,210,E,FR,,,,,,,,34.147544,-118.081868,SIERRA MADRE VILLA,29.28
2025-01-07 09:50:00,769269,210,E,FR,,,,,,,,34.15167,-118.137983,LAKE AVE OFF(LAKE 1),25.98
2025-01-07 09:50:00,769272,210,E,FR,,,,,,,,34.151855,-118.125787,HILL AVE OFF,26.68
2025-01-07 09:50:00,769789,210,E,FR,,,,,,,,34.189219,-118.180753,BERKSHIRE,21.58
2025-01-07 09:50:00,769833,210,E,FR,,,,,,,,34.206745,-118.201533,ANGELES CREST HWY SB,19.78
2025-01-07 09:50:00,769850,210,E,FR,19.0,19.0,,,,,,34.211728,-118.228265,OCEAN VIEW,18.18
2025-01-07 09:50:00,769882,210,E,FR,37.0,37.0,,,,,,34.221426,-118.245718,PENNSYLVANIA,16.98
2025-01-07 09:50:00,769897,210,E,FR,,,,,,,,34.230849,-118.265101,LOWELL / HONOLULU,15.68
2025-01-07 09:50:00,769898,210,E,FR,,,,,,,,34.230849,-118.265101,LOWELL / HONOLULU,15.68
2025-01-07 09:50:00,769986,210,E,FR,,,,,,,,34.202989,-118.191827,GOULD,20.4
2025-01-07 09:50:00,770118,210,E,FR,,,,,,,,34.234317,-118.286992,LA TUNA CANYON,14.39
2025-01-07 09:55:00,717616,210,E,FR,,,,,,,,34.179921,-118.167405,ARROYO,22.6
2025-01-07 09:55:00,717619,210,E,FR,,,,,,,,34.174756,-118.160407,LINCOLN 1,23.14
2025-01-07 09:55:00,717651,210,E,FR,13.0,13.0,,,,,,34.147621,-118.079037,SIERRA MADRE V2,29.44
2025-01-07 09:55:00,737480,210,E,FR,,,,,,,,34.152332,-118.103137,ALTADENA,27.98
2025-01-07 09:55:00,761091,210,E,FR,,,,,,,,34.160546,-118.158748,MOUNTAIN 2,24.16
2025-01-07 09:55:00,763878,210,E,FR,,,,,,,,34.152216,-118.156144,WALNUT,24.81
2025-01-07 09:55:00,763908,210,E,FR,43.0,7.0,36.0,,,,,34.152385,-118.0979,SIERRA MADRE BLVD,28.28
2025-01-07 09:55:00,768923,210,E,FR,,,,,,,,34.147544,-118.081868,SIERRA MADRE VILLA,29.28
2025-01-07 09:55:00,769269,210,E,FR,,,,,,,,34.15167,-118.137983,LAKE AVE OFF(LAKE 1),25.98
2025-01-07 09:55:00,769272,210,E,FR,,,,,,,,34.151855,-118.125787,HILL AVE OFF,26.68
2025-01-07 09:55:00,769789,210,E,FR,,,,,,,,34.189219,-118.180753,BERKSHIRE,21.58
2025-01-07 09:55:00,769833,210,E,FR,,,,,,,,34.206745,-118.201533,ANGELES CREST HWY SB,19.78
2025-01-07 09:55:00,769850,210,E,FR,22.0,22.0,,,,,,34.211728,-118.228265,OCEAN VIEW,18.18
2025-01-07 09:55:00,769882,210,E,FR,43.0,43.0,,,,,,34.221426,-118.245718,PENNSYLVANIA,16.98
2025-01-07 09:55:00,769897,210,E,FR,,,,,,,,34.230849,-118.265101,LOWELL / HONOLULU,15.68
2025-01-07 09:55:00,769898,210,E,FR,,,,,,,,34.230849,-118.265101,LOWELL / HONOLULU,15.68
2025-01-07 09:55:00,769986,210,E,FR,,,,,,,,34.202989,-118.191827,GOULD,20.4
2025-01-07 09:55:00,770118,210,E,FR,,,,,,,,34.234317,-118.286992,LA TUNA CANYON,14.39
2025-01-07 10:00:00,717616,210,E,FR,,,,,,,,34.179921,-118.167405,ARROYO,22.6
2025-01-07 10:00:00,717619,210,E,FR,,,,,,,,34.174756,-118.160407,LINCOLN 1,23.14
2025-01-07 10:00:00,717651,210,E,FR,21.0,21.0,,,,,,34.147621,-118.079037,SIERRA MADRE V2,29.44
2025-01-07 10:00:00,737480,210,E,FR,,,,,,,,34.152332,-118.103137,ALTADENA,27.98
2025-01-07 10:00:00,761091,210,E,FR,,,,,,,,34.160546,-118.158748,MOUNTAIN 2,24.16
2025-01-07 10:00:00,763878,210,E,FR,,,,,,,,34.152216,-118.156144,WALNUT,24.81
2025-01-07 10:00:00,763908,210,E,FR,39.0,6.0,33.0,,,,,34.152385,-118.0979,SIERRA MADRE BLVD,28.28
2025-01-07 10:00:00,768923,210,E,FR,,,,,,,,34.147544,-118.081868,SIERRA MADRE VILLA,29.28
2025-01-07 10:00:00,769269,210,E,FR,,,,,,,,34.15167,-118.137983,LAKE AVE OFF(LAKE 1),25.98
2025-01-07 10:00:00,769272,210,E,FR,,,,,,,,34.151855,-118.125787,HILL AVE OFF,26.68
2025-01-07 10:00:00,769789,210,E,FR,,,,,,,,34.189219,-118.180753,BERKSHIRE,21.58
2025-01-07 10:00:00,769833,210,E,FR,,,,,,,,34.206745,-118.201533,ANGELES CREST HWY SB,19.78
2025-01-07 10:00:00,769850,210,E,FR,27.0,27.0,,,,,,34.211728,-118.228265,OCEAN VIEW,18.18
2025-01-07 10:00:00,769882,210,E,FR,34.0,34.0,,,,,,34.221426,-118.245718,PENNSYLVANIA,16.98
2025-01-07 10:00:00,769897,210,E,FR,,,,,,,,34.230849,-118.265101,LOWELL / HONOLULU,15.68
2025-01-07 10:00:00,769898,210,E,FR,,,,,,,,34.230849,-118.265101,LOWELL / HONOLULU,15.68
2025-01-07 10:00:00,769986,210,E,FR,,,,,,,,34.202989,-118.191827,GOULD,20.4
2025-01-07 10:00:00,770118,210,E,FR,,,,,,,,34.234317,-118.286992,LA TUNA CANYON,14.39
2025-01-07 10:05:00,717616,210,E,FR,,,,,,,,34.179921,-118.167405,ARROYO,22.6
2025-01-07 10:05:00,717619,210,E,FR,,,,,,,,34.174756,-118.160407,LINCOLN 1,23.14
2025-01-07 10:05:00,717651,210,E,FR,17.0,17.0,,,,,,34.147621,-118.079037,SIERRA MADRE V2,29.44
2025-01-07 10:05:00,737480,210,E,FR,,,,,,,,34.152332,-118.103137,ALTADENA,27.98
2025-01-07 10:05:00,761091,210,E,FR,,,,,,,,34.160546,-118.158748,MOUNTAIN 2,24.16
2025-01-07 10:05:00,763878,210,E,FR,,,,,,,,34.152216,-118.156144,WALNUT,24.81
2025-01-07 10:05:00,763908,210,E,FR,46.0,11.0,35.0,,,,,34.152385,-118.0979,SIERRA MADRE BLVD,28.28
2025-01-07 10:05:00,768923,210,E,FR,,,,,,,,34.147544,-118.081868,SIERRA MADRE VILLA,29.28
2025-01-07 10:05:00,769269,210,E,FR,,,,,,,,34.15167,-118.137983,LAKE AVE OFF(LAKE 1),25.98
2025-01-07 10:05:00,769272,210,E,FR,,,,,,,,34.151855,-118.125787,HILL AVE OFF,26.68
2025-01-07 10:05:00,769789,210,E,FR,,,,,,,,34.189219,-118.180753,BERKSHIRE,21.58
2025-01-07 10:05:00,769833,210,E,FR,,,,,,,,34.206745,-118.201533,ANGELES CREST HWY SB,19.78
2025-01-07 10:05:00,769850,210,E,FR,30.0,30.0,,,,,,34.211728,-118.228265,OCEAN VIEW,18.18
2025-01-07 10:05:00,769882,210,E,FR,22.0,22.0,,,,,,34.221426,-118.245718,PENNSYLVANIA,16.98
2025-01-07 10:05:00,769897,210,E,FR,,,,,,,,34.230849,-118.265101,LOWELL / HONOLULU,15.68
2025-01-07 10:05:00,769898,210,E,FR,,,,,,,,34.230849,-118.265101,LOWELL / HONOLULU,15.68
2025-01-07 10:05:00,769986,210,E,FR,,,,,,,,34.202989,-118.191827,GOULD,20.4
2025-01-07 10:05:00,770118,210,E,FR,,,,,,,,34.234317,-118.286992,LA TUNA CANYON,14.39
2025-01-07 10:10:00,717616,210,E,FR,,,,,,,,34.179921,-118.167405,ARROYO,22.6
2025-01-07 10:10:00,717619,210,E,FR,,,,,,,,34.174756,-118.160407,LINCOLN 1,23.14
2025-01-07 10:10:00,717651,210,E,FR,9.0,9.0,,,,,,34.147621,-118.079037,SIERRA MADRE V2,29.44
2025-01-07 10:10:00,737480,210,E,FR,,,,,,,,34.152332,-118.103137,ALTADENA,27.98
2025-01-07 10:10:00,761091,210,E,FR,,,,,,,,34.160546,-118.158748,MOUNTAIN 2,24.16
2025-01-07 10:10:00,763878,210,E,FR,,,,,,,,34.152216,-118.156144,WALNUT,24.81
2025-01-07 10:10:00,763908,210,E,FR,55.0,6.0,49.0,,,,,34.152385,-118.0979,SIERRA MADRE BLVD,28.28
2025-01-07 10:10:00,768923,210,E,FR,,,,,,,,34.147544,-118.081868,SIERRA MADRE VILLA,29.28
2025-01-07 10:10:00,769269,210,E,FR,,,,,,,,34.15167,-118.137983,LAKE AVE OFF(LAKE 1),25.98
2025-01-07 10:10:00,769272,210,E,FR,,,,,,,,34.151855,-118.125787,HILL AVE OFF,26.68
2025-01-07 10:10:00,769789,210,E,FR,,,,,,,,34.189219,-118.180753,BERKSHIRE,21.58
2025-01-07 10:10:00,769833,210,E,FR,,,,,,,,34.206745,-118.201533,ANGELES CREST HWY SB,19.78
2025-01-07 10:10:00,769850,210,E,FR,32.0,32.0,,,,,,34.211728,-118.228265,OCEAN VIEW,18.18
2025-01-07 10:10:00,769882,210,E,FR,17.0,17.0,,,,,,34.221426,-118.245718,PENNSYLVANIA,16.98
2025-01-07 10:10:00,769897,210,E,FR,,,,,,,,34.230849,-118.265101,LOWELL / HONOLULU,15.68
2025-01-07 10:10:00,769898,210,E,FR,,,,,,,,34.230849,-118.265101,LOWELL / HONOLULU,15.68
2025-01-07 10:10:00,769986,210,E,FR,,,,,,,,34.202989,-118.191827,GOULD,20.4
2025-01-07 10:10:00,770118,210,E,FR,,,,,,,,34.234317,-118.286992,LA TUNA CANYON,14.39
2025-01-07 10:15:00,717616,210,E,FR,,,,,,,,34.179921,-118.167405,ARROYO,22.6
2025-01-07 10:15:00,717619,210,E,FR,,,,,,,,34.174756,-118.160407,LINCOLN 1,23.14
2025-01-07 10:15:00,717651,210,E,FR,22.0,22.0,,,,,,34.147621,-118.079037,SIERRA MADRE V2,29.44
2025-01-07 10:15:00,737480,210,E,FR,,,,,,,,34.152332,-118.103137,ALTADENA,27.98
2025-01-07 10:15:00,761091,210,E,FR,,,,,,,,34.160546,-118.158748,MOUNTAIN 2,24.16
2025-01-07 10:15:00,763878,210,E,FR,,,,,,,,34.152216,-118.156144,WALNUT,24.81
2025-01-07 10:15:00,763908,210,E,FR,47.0,9.0,38.0,,,,,34.152385,-118.0979,SIERRA MADRE BLVD,28.28
2025-01-07 10:15:00,768923,210,E,FR,,,,,,,,34.147544,-118.081868,SIERRA MADRE VILLA,29.28
2025-01-07 10:15:00,769269,210,E,FR,,,,,,,,34.15167,-118.137983,LAKE AVE OFF(LAKE 1),25.98
2025-01-07 10:15:00,769272,210,E,FR,,,,,,,,34.151855,-118.125787,HILL AVE OFF,26.68
2025-01-07 10:15:00,769789,210,E,FR,,,,,,,,34.189219,-118.180753,BERKSHIRE,21.58
2025-01-07 10:15:00,769833,210,E,FR,,,,,,,,34.206745,-118.201533,ANGELES CREST HWY SB,19.78
2025-01-07 10:15:00,769850,210,E,FR,29.0,29.0,,,,,,34.211728,-118.228265,OCEAN VIEW,18.18
2025-01-07 10:15:00,769882,210,E,FR,18.0,18.0,,,,,,34.221426,-118.245718,PENNSYLVANIA,16.98
2025-01-07 10:15:00,769897,210,E,FR,,,,,,,,34.230849,-118.265101,LOWELL / HONOLULU,15.68
2025-01-07 10:15:00,769898,210,E,FR,,,,,,,,34.230849,-118.265101,LOWELL / HONOLULU,15.68
2025-01-07 10:15:00,769986,210,E,FR,,,,,,,,34.202989,-118.191827,GOULD,20.4
2025-01-07 10:15:00,770118,210,E,FR,,,,,,,,34.234317,-118.286992,LA TUNA CANYON,14.39
2025-01-07 10:20:00,717616,210,E,FR,,,,,,,,34.179921,-118.167405,ARROYO,22.6
2025-01-07 10:20:00,717619,210,E,FR,,,,,,,,34.174756,-118.160407,LINCOLN 1,23.14
2025-01-07 10:20:00,717651,210,E,FR,12.0,12.0,,,,,,34.147621,-118.079037,SIERRA MADRE V2,29.44
2025-01-07 10:20:00,737480,210,E,FR,,,,,,,,34.152332,-118.103137,ALTADENA,27.98
2025-01-07 10:20:00,761091,210,E,FR,,,,,,,,34.160546,-118.158748,MOUNTAIN 2,24.16
2025-01-07 10:20:00,763878,210,E,FR,,,,,,,,34.152216,-118.156144,WALNUT,24.81
2025-01-07 10:20:00,763908,210,E,FR,51.0,12.0,39.0,,,,,34.152385,-118.0979,SIERRA MADRE BLVD,28.28
2025-01-07 10:20:00,768923,210,E,FR,,,,,,,,34.147544,-118.081868,SIERRA MADRE VILLA,29.28
2025-01-07 10:20:00,769269,210,E,FR,,,,,,,,34.15167,-118.137983,LAKE AVE OFF(LAKE 1),25.98
2025-01-07 10:20:00,769272,210,E,FR,,,,,,,,34.151855,-118.125787,HILL AVE OFF,26.68
2025-01-07 10:20:00,769789,210,E,FR,,,,,,,,34.189219,-118.180753,BERKSHIRE,21.58
2025-01-07 10:20:00,769833,210,E,FR,,,,,,,,34.206745,-118.201533,ANGELES CREST HWY SB,19.78
2025-01-07 10:20:00,769850,210,E,FR,26.0,26.0,,,,,,34.211728,-118.228265,OCEAN VIEW,18.18
2025-01-07 10:20:00,769882,210,E,FR,19.0,19.0,,,,,,34.221426,-118.245718,PENNSYLVANIA,16.98
2025-01-07 10:20:00,769897,210,E,FR,,,,,,,,34.230849,-118.265101,LOWELL / HONOLULU,15.68
2025-01-07 10:20:00,769898,210,E,FR,,,,,,,,34.230849,-118.265101,LOWELL / HONOLULU,15.68
2025-01-07 10:20:00,769986,210,E,FR,,,,,,,,34.202989,-118.191827,GOULD,20.4
2025-01-07 10:20:00,770118,210,E,FR,,,,,,,,34.234317,-118.286992,LA TUNA CANYON,14.39
2025-01-07 10:25:00,717616,210,E,FR,,,,,,,,34.179921,-118.167405,ARROYO,22.6
2025-01-07 10:25:00,717619,210,E,FR,,,,,,,,34.174756,-118.160407,LINCOLN 1,23.14
2025-01-07 10:25:00,717651,210,E,FR,18.0,18.0,,,,,,34.147621,-118.079037,SIERRA MADRE V2,29.44
2025-01-07 10:25:00,737480,210,E,FR,,,,,,,,34.152332,-118.103137,ALTADENA,27.98
2025-01-07 10:25:00,761091,210,E,FR,,,,,,,,34.160546,-118.158748,MOUNTAIN 2,24.16
2025-01-07 10:25:00,763878,210,E,FR,,,,,,,,34.152216,-118.156144,WALNUT,24.81
2025-01-07 10:25:00,763908,210,E,FR,45.0,8.0,37.0,,,,,34.152385,-118.0979,SIERRA MADRE BLVD,28.28
2025-01-07 10:25:00,768923,210,E,FR,,,,,,,,34.147544,-118.081868,SIERRA MADRE VILLA,29.28
2025-01-07 10:25:00,769269,210,E,FR,,,,,,,,34.15167,-118.137983,LAKE AVE OFF(LAKE 1),25.98
2025-01-07 10:25:00,769272,210,E,FR,,,,,,,,34.151855,-118.125787,HILL AVE OFF,26.68
2025-01-07 10:25:00,769789,210,E,FR,,,,,,,,34.189219,-118.180753,BERKSHIRE,21.58
2025-01-07 10:25:00,769833,210,E,FR,,,,,,,,34.206745,-118.201533,ANGELES CREST HWY SB,19.78
2025-01-07 10:25:00,769850,210,E,FR,22.0,22.0,,,,,,34.211728,-118.228265,OCEAN VIEW,18.18
2025-01-07 10:25:00,769882,210,E,FR,21.0,21.0,,,,,,34.221426,-118.245718,PENNSYLVANIA,16.98
2025-01-07 10:25:00,769897,210,E,FR,,,,,,,,34.230849,-118.265101,LOWELL / HONOLULU,15.68
2025-01-07 10:25:00,769898,210,E,FR,,,,,,,,34.230849,-118.265101,LOWELL / HONOLULU,15.68
2025-01-07 10:25:00,769986,210,E,FR,,,,,,,,34.202989,-118.191827,GOULD,20.4
2025-01-07 10:25:00,770118,210,E,FR,,,,,,,,34.234317,-118.286992,LA TUNA CANYON,14.39
2025-01-07 10:30:00,717616,210,E,FR,,,,,,,,34.179921,-118.167405,ARROYO,22.6
2025-01-07 10:30:00,717619,210,E,FR,,,,,,,,34.174756,-118.160407,LINCOLN 1,23.14
2025-01-07 10:30:00,717651,210,E,FR,13.0,13.0,,,,,,34.147621,-118.079037,SIERRA MADRE V2,29.44
2025-01-07 10:30:00,737480,210,E,FR,,,,,,,,34.152332,-118.103137,ALTADENA,27.98
2025-01-07 10:30:00,761091,210,E,FR,,,,,,,,34.160546,-118.158748,MOUNTAIN 2,24.16
2025-01-07 10:30:00,763878,210,E,FR,,,,,,,,34.152216,-118.156144,WALNUT,24.81
2025-01-07 10:30:00,763908,210,E,FR,37.0,8.0,29.0,,,,,34.152385,-118.0979,SIERRA MADRE BLVD,28.28
2025-01-07 10:30:00,768923,210,E,FR,,,,,,,,34.147544,-118.081868,SIERRA MADRE VILLA,29.28
2025-01-07 10:30:00,769269,210,E,FR,,,,,,,,34.15167,-118.137983,LAKE AVE OFF(LAKE 1),25.98
2025-01-07 10:30:00,769272,210,E,FR,,,,,,,,34.151855,-118.125787,HILL AVE OFF,26.68
2025-01-07 10:30:00,769789,210,E,FR,,,,,,,,34.189219,-118.180753,BERKSHIRE,21.58
2025-01-07 10:30:00,769833,210,E,FR,,,,,,,,34.206745,-118.201533,ANGELES CREST HWY SB,19.78
2025-01-07 10:30:00,769850,210,E,FR,31.0,31.0,,,,,,34.211728,-118.228265,OCEAN VIEW,18.18
2025-01-07 10:30:00,769882,210,E,FR,15.0,15.0,,,,,,34.221426,-118.245718,PENNSYLVANIA,16.98
2025-01-07 10:30:00,769897,210,E,FR,,,,,,,,34.230849,-118.265101,LOWELL / HONOLULU,15.68
2025-01-07 10:30:00,769898,210,E,FR,,,,,,,,34.230849,-118.265101,LOWELL / HONOLULU,15.68
2025-01-07 10:30:00,769986,210,E,FR,,,,,,,,34.202989,-118.191827,GOULD,20.4
2025-01-07 10:30:00,770118,210,E,FR,,,,,,,,34.234317,-118.286992,LA TUNA CANYON,14.39
2025-01-07 10:35:00,717616,210,E,FR,,,,,,,,34.179921,-118.167405,ARROYO,22.6
2025-01-07 10:35:00,717619,210,E,FR,,,,,,,,34.174756,-118.160407,LINCOLN 1,23.14
2025-01-07 10:35:00,717651,210,E,FR,22.0,22.0,,,,,,34.147621,-118.079037,SIERRA MADRE V2,29.44
2025-01-07 10:35:00,737480,210,E,FR,,,,,,,,34.152332,-118.103137,ALTADENA,27.98
2025-01-07 10:35:00,761091,210,E,FR,,,,,,,,34.160546,-118.158748,MOUNTAIN 2,24.16
2025-01-07 10:35:00,763878,210,E,FR,,,,,,,,34.152216,-118.156144,WALNUT,24.81
2025-01-07 10:35:00,763908,210,E,FR,36.0,6.0,30.0,,,,,34.152385,-118.0979,SIERRA MADRE BLVD,28.28
2025-01-07 10:35:00,768923,210,E,FR,,,,,,,,34.147544,-118.081868,SIERRA MADRE VILLA,29.28
2025-01-07 10:35:00,769269,210,E,FR,,,,,,,,34.15167,-118.137983,LAKE AVE OFF(LAKE 1),25.98
2025-01-07 10:35:00,769272,210,E,FR,,,,,,,,34.151855,-118.125787,HILL AVE OFF,26.68
2025-01-07 10:35:00,769789,210,E,FR,,,,,,,,34.189219,-118.180753,BERKSHIRE,21.58
2025-01-07 10:35:00,769833,210,E,FR,,,,,,,,34.206745,-118.201533,ANGELES CREST HWY SB,19.78
2025-01-07 10:35:00,769850,210,E,FR,28.0,28.0,,,,,,34.211728,-118.228265,OCEAN VIEW,18.18
2025-01-07 10:35:00,769882,210,E,FR,18.0,18.0,,,,,,34.221426,-118.245718,PENNSYLVANIA,16.98
2025-01-07 10:35:00,769897,210,E,FR,,,,,,,,34.230849,-118.265101,LOWELL / HONOLULU,15.68
2025-01-07 10:35:00,769898,210,E,FR,,,,,,,,34.230849,-118.265101,LOWELL / HONOLULU,15.68
2025-01-07 10:35:00,769986,210,E,FR,,,,,,,,34.202989,-118.191827,GOULD,20.4
2025-01-07 10:35:00,770118,210,E,FR,,,,,,,,34.234317,-118.286992,LA TUNA CANYON,14.39
2025-01-07 10:40:00,717616,210,E,FR,,,,,,,,34.179921,-118.167405,ARROYO,22.6
2025-01-07 10:40:00,717619,210,E,FR,,,,,,,,34.174756,-118.160407,LINCOLN 1,23.14
2025-01-07 10:40:00,717651,210,E,FR,18.0,18.0,,,,,,34.147621,-118.079037,SIERRA MADRE V2,29.44
2025-01-07 10:40:00,737480,210,E,FR,,,,,,,,34.152332,-118.103137,ALTADENA,27.98
2025-01-07 10:40:00,761091,210,E,FR,,,,,,,,34.160546,-118.158748,MOUNTAIN 2,24.16
2025-01-07 10:40:00,763878,210,E,FR,,,,,,,,34.152216,-118.156144,WALNUT,24.81
2025-01-07 10:40:00,763908,210,E,FR,30.0,7.0,23.0,,,,,34.152385,-118.0979,SIERRA MADRE BLVD,28.28
2025-01-07 10:40:00,768923,210,E,FR,,,,,,,,34.147544,-118.081868,SIERRA MADRE VILLA,29.28
2025-01-07 10:40:00,769269,210,E,FR,,,,,,,,34.15167,-118.137983,LAKE AVE OFF(LAKE 1),25.98
2025-01-07 10:40:00,769272,210,E,FR,,,,,,,,34.151855,-118.125787,HILL AVE OFF,26.68
2025-01-07 10:40:00,769789,210,E,FR,,,,,,,,34.189219,-118.180753,BERKSHIRE,21.58
2025-01-07 10:40:00,769833,210,E,FR,,,,,,,,34.206745,-118.201533,ANGELES CREST HWY SB,19.78
2025-01-07 10:40:00,769850,210,E,FR,23.0,23.0,,,,,,34.211728,-118.228265,OCEAN VIEW,18.18
2025-01-07 10:40:00,769882,210,E,FR,18.0,18.0,,,,,,34.221426,-118.245718,PENNSYLVANIA,16.98
2025-01-07 10:40:00,769897,210,E,FR,,,,,,,,34.230849,-118.265101,LOWELL / HONOLULU,15.68
2025-01-07 10:40:00,769898,210,E,FR,,,,,,,,34.230849,-118.265101,LOWELL / HONOLULU,15.68
2025-01-07 10:40:00,769986,210,E,FR,,,,,,,,34.202989,-118.191827,GOULD,20.4
2025-01-07 10:40:00,770118,210,E,FR,,,,,,,,34.234317,-118.286992,LA TUNA CANYON,14.39
2025-01-07 10:45:00,717616,210,E,FR,,,,,,,,34.179921,-118.167405,ARROYO,22.6
2025-01-07 10:45:00,717619,210,E,FR,,,,,,,,34.174756,-118.160407,LINCOLN 1,23.14
2025-01-07 10:45:00,717651,210,E,FR,20.0,20.0,,,,,,34.147621,-118.079037,SIERRA MADRE V2,29.44
2025-01-07 10:45:00,737480,210,E,FR,,,,,,,,34.152332,-118.103137,ALTADENA,27.98
2025-01-07 10:45:00,761091,210,E,FR,,,,,,,,34.160546,-118.158748,MOUNTAIN 2,24.16
2025-01-07 10:45:00,763878,210,E,FR,,,,,,,,34.152216,-118.156144,WALNUT,24.81
2025-01-07 10:45:00,763908,210,E,FR,38.0,3.0,35.0,,,,,34.152385,-118.0979,SIERRA MADRE BLVD,28.28
2025-01-07 10:45:00,768923,210,E,FR,,,,,,,,34.147544,-118.081868,SIERRA MADRE VILLA,29.28
2025-01-07 10:45:00,769269,210,E,FR,,,,,,,,34.15167,-118.137983,LAKE AVE OFF(LAKE 1),25.98
2025-01-07 10:45:00,769272,210,E,FR,,,,,,,,34.151855,-118.125787,HILL AVE OFF,26.68
2025-01-07 10:45:00,769789,210,E,FR,,,,,,,,34.189219,-118.180753,BERKSHIRE,21.58
2025-01-07 10:45:00,769833,210,E,FR,,,,,,,,34.206745,-118.201533,ANGELES CREST HWY SB,19.78
2025-01-07 10:45:00,769850,210,E,FR,31.0,31.0,,,,,,34.211728,-118.228265,OCEAN VIEW,18.18
2025-01-07 10:45:00,769882,210,E,FR,21.0,21.0,,,,,,34.221426,-118.245718,PENNSYLVANIA,16.98
2025-01-07 10:45:00,769897,210,E,FR,,,,,,,,34.230849,-118.265101,LOWELL / HONOLULU,15.68
2025-01-07 10:45:00,769898,210,E,FR,,,,,,,,34.230849,-118.265101,LOWELL / HONOLULU,15.68
2025-01-07 10:45:00,769986,210,E,FR,,,,,,,,34.202989,-118.191827,GOULD,20.4
2025-01-07 10:45:00,770118,210,E,FR,,,,,,,,34.234317,-118.286992,LA TUNA CANYON,14.39
2025-01-07 10:50:00,717616,210,E,FR,,,,,,,,34.179921,-118.167405,ARROYO,22.6
2025-01-07 10:50:00,717619,210,E,FR,,,,,,,,34.174756,-118.160407,LINCOLN 1,23.14
2025-01-07 10:50:00,717651,210,E,FR,13.0,13.0,,,,,,34.147621,-118.079037,SIERRA MADRE V2,29.44
2025-01-07 10:50:00,737480,210,E,FR,,,,,,,,34.152332,-118.103137,ALTADENA,27.98
2025-01-07 10:50:00,761091,210,E,FR,,,,,,,,34.160546,-118.158748,MOUNTAIN 2,24.16
2025-01-07 10:50:00,763878,210,E,FR,,,,,,,,34.152216,-118.156144,WALNUT,24.81
2025-01-07 10:50:00,763908,210,E,FR,39.0,9.0,30.0,,,,,34.152385,-118.0979,SIERRA MADRE BLVD,28.28
2025-01-07 10:50:00,768923,210,E,FR,,,,,,,,34.147544,-118.081868,SIERRA MADRE VILLA,29.28
2025-01-07 10:50:00,769269,210,E,FR,,,,,,,,34.15167,-118.137983,LAKE AVE OFF(LAKE 1),25.98
2025-01-07 10:50:00,769272,210,E,FR,,,,,,,,34.151855,-118.125787,HILL AVE OFF,26.68
2025-01-07 10:50:00,769789,210,E,FR,,,,,,,,34.189219,-118.180753,BERKSHIRE,21.58
2025-01-07 10:50:00,769833,210,E,FR,,,,,,,,34.206745,-118.201533,ANGELES CREST HWY SB,19.78
2025-01-07 10:50:00,769850,210,E,FR,34.0,34.0,,,,,,34.211728,-118.228265,OCEAN VIEW,18.18
2025-01-07 10:50:00,769882,210,E,FR,18.0,18.0,,,,,,34.221426,-118.245718,PENNSYLVANIA,16.98
2025-01-07 10:50:00,769897,210,E,FR,,,,,,,,34.230849,-118.265101,LOWELL / HONOLULU,15.68
2025-01-07 10:50:00,769898,210,E,FR,,,,,,,,34.230849,-118.265101,LOWELL / HONOLULU,15.68
2025-01-07 10:50:00,769986,210,E,FR,,,,,,,,34.202989,-118.191827,GOULD,20.4
2025-01-07 10:50:00,770118,210,E,FR,,,,,,,,34.234317,-118.286992,LA TUNA CANYON,14.39
2025-01-07 10:55:00,717616,210,E,FR,,,,,,,,34.179921,-118.167405,ARROYO,22.6
2025-01-07 10:55:00,717619,210,E,FR,,,,,,,,34.174756,-118.160407,LINCOLN 1,23.14
2025-01-07 10:55:00,717651,210,E,FR,16.0,16.0,,,,,,34.147621,-118.079037,SIERRA MADRE V2,29.44
2025-01-07 10:55:00,737480,210,E,FR,,,,,,,,34.152332,-118.103137,ALTADENA,27.98
2025-01-07 10:55:00,761091,210,E,FR,,,,,,,,34.160546,-118.158748,MOUNTAIN 2,24.16
2025-01-07 10:55:00,763878,210,E,FR,,,,,,,,34.152216,-118.156144,WALNUT,24.81
2025-01-07 10:55:00,763908,210,E,FR,34.0,7.0,27.0,,,,,34.152385,-118.0979,SIERRA MADRE BLVD,28.28
2025-01-07 10:55:00,768923,210,E,FR,,,,,,,,34.147544,-118.081868,SIERRA MADRE VILLA,29.28
2025-01-07 10:55:00,769269,210,E,FR,,,,,,,,34.15167,-118.137983,LAKE AVE OFF(LAKE 1),25.98
2025-01-07 10:55:00,769272,210,E,FR,,,,,,,,34.151855,-118.125787,HILL AVE OFF,26.68
2025-01-07 10:55:00,769789,210,E,FR,,,,,,,,34.189219,-118.180753,BERKSHIRE,21.58
2025-01-07 10:55:00,769833,210,E,FR,,,,,,,,34.206745,-118.201533,ANGELES CREST HWY SB,19.78
2025-01-07 10:55:00,769850,210,E,FR,36.0,36.0,,,,,,34.211728,-118.228265,OCEAN VIEW,18.18
2025-01-07 10:55:00,769882,210,E,FR,21.0,21.0,,,,,,34.221426,-118.245718,PENNSYLVANIA,16.98
2025-01-07 10:55:00,769897,210,E,FR,,,,,,,,34.230849,-118.265101,LOWELL / HONOLULU,15.68
2025-01-07 10:55:00,769898,210,E,FR,,,,,,,,34.230849,-118.265101,LOWELL / HONOLULU,15.68
2025-01-07 10:55:00,769986,210,E,FR,,,,,,,,34.202989,-118.191827,GOULD,20.4
2025-01-07 10:55:00,770118,210,E,FR,,,,,,,,34.234317,-118.286992,LA TUNA CANYON,14.39
2025-01-07 11:00:00,717616,210,E,FR,,,,,,,,34.179921,-118.167405,ARROYO,22.6
2025-01-07 11:00:00,717619,210,E,FR,,,,,,,,34.174756,-118.160407,LINCOLN 1,23.14
2025-01-07 11:00:00,717651,210,E,FR,21.0,21.0,,,,,,34.147621,-118.079037,SIERRA MADRE V2,29.44
2025-01-07 11:00:00,737480,210,E,FR,,,,,,,,34.152332,-118.103137,ALTADENA,27.98
2025-01-07 11:00:00,761091,210,E,FR,,,,,,,,34.160546,-118.158748,MOUNTAIN 2,24.16
2025-01-07 11:00:00,763878,210,E,FR,,,,,,,,34.152216,-118.156144,WALNUT,24.81
2025-01-07 11:00:00,763908,210,E,FR,43.0,9.0,34.0,,,,,34.152385,-118.0979,SIERRA MADRE BLVD,28.28
2025-01-07 11:00:00,768923,210,E,FR,,,,,,,,34.147544,-118.081868,SIERRA MADRE VILLA,29.28
2025-01-07 11:00:00,769269,210,E,FR,,,,,,,,34.15167,-118.137983,LAKE AVE OFF(LAKE 1),25.98
2025-01-07 11:00:00,769272,210,E,FR,,,,,,,,34.151855,-118.125787,HILL AVE OFF,26.68
2025-01-07 11:00:00,769789,210,E,FR,,,,,,,,34.189219,-118.180753,BERKSHIRE,21.58
2025-01-07 11:00:00,769833,210,E,FR,,,,,,,,34.206745,-118.201533,ANGELES CREST HWY SB,19.78
2025-01-07 11:00:00,769850,210,E,FR,23.0,23.0,,,,,,34.211728,-118.228265,OCEAN VIEW,18.18
2025-01-07 11:00:00,769882,210,E,FR,13.0,13.0,,,,,,34.221426,-118.245718,PENNSYLVANIA,16.98
2025-01-07 11:00:00,769897,210,E,FR,,,,,,,,34.230849,-118.265101,LOWELL / HONOLULU,15.68
2025-01-07 11:00:00,769898,210,E,FR,,,,,,,,34.230849,-118.265101,LOWELL / HONOLULU,15.68
2025-01-07 11:00:00,769986,210,E,FR,,,,,,,,34.202989,-118.191827,GOULD,20.4
2025-01-07 11:00:00,770118,210,E,FR,,,,,,,,34.234317,-118.286992,LA TUNA CANYON,14.39
2025-01-07 11:05:00,717616,210,E,FR,,,,,,,,34.179921,-118.167405,ARROYO,22.6
2025-01-07 11:05:00,717619,210,E,FR,,,,,,,,34.174756,-118.160407,LINCOLN 1,23.14
2025-01-07 11:05:00,717651,210,E,FR,13.0,13.0,,,,,,34.147621,-118.079037,SIERRA MADRE V2,29.44
2025-01-07 11:05:00,737480,210,E,FR,,,,,,,,34.152332,-118.103137,ALTADENA,27.98
2025-01-07 11:05:00,761091,210,E,FR,,,,,,,,34.160546,-118.158748,MOUNTAIN 2,24.16
2025-01-07 11:05:00,763878,210,E,FR,,,,,,,,34.152216,-118.156144,WALNUT,24.81
2025-01-07 11:05:00,763908,210,E,FR,36.0,7.0,29.0,,,,,34.152385,-118.0979,SIERRA MADRE BLVD,28.28
2025-01-07 11:05:00,768923,210,E,FR,,,,,,,,34.147544,-118.081868,SIERRA MADRE VILLA,29.28
2025-01-07 11:05:00,769269,210,E,FR,,,,,,,,34.15167,-118.137983,LAKE AVE OFF(LAKE 1),25.98
2025-01-07 11:05:00,769272,210,E,FR,,,,,,,,34.151855,-118.125787,HILL AVE OFF,26.68
2025-01-07 11:05:00,769789,210,E,FR,,,,,,,,34.189219,-118.180753,BERKSHIRE,21.58
2025-01-07 11:05:00,769833,210,E,FR,,,,,,,,34.206745,-118.201533,ANGELES CREST HWY SB,19.78
2025-01-07 11:05:00,769850,210,E,FR,18.0,18.0,,,,,,34.211728,-118.228265,OCEAN VIEW,18.18
2025-01-07 11:05:00,769882,210,E,FR,15.0,15.0,,,,,,34.221426,-118.245718,PENNSYLVANIA,16.98
2025-01-07 11:05:00,769897,210,E,FR,,,,,,,,34.230849,-118.265101,LOWELL / HONOLULU,15.68
2025-01-07 11:05:00,769898,210,E,FR,,,,,,,,34.230849,-118.265101,LOWELL / HONOLULU,15.68
2025-01-07 11:05:00,769986,210,E,FR,,,,,,,,34.202989,-118.191827,GOULD,20.4
2025-01-07 11:05:00,770118,210,E,FR,,,,,,,,34.234317,-118.286992,LA TUNA CANYON,14.39
2025-01-07 11:10:00,717616,210,E,FR,,,,,,,,34.179921,-118.167405,ARROYO,22.6
2025-01-07 11:10:00,717619,210,E,FR,,,,,,,,34.174756,-118.160407,LINCOLN 1,23.14
2025-01-07 11:10:00,717651,210,E,FR,17.0,17.0,,,,,,34.147621,-118.079037,SIERRA MADRE V2,29.44
2025-01-07 11:10:00,737480,210,E,FR,,,,,,,,34.152332,-118.103137,ALTADENA,27.98
2025-01-07 11:10:00,761091,210,E,FR,,,,,,,,34.160546,-118.158748,MOUNTAIN 2,24.16
2025-01-07 11:10:00,763878,210,E,FR,,,,,,,,34.152216,-118.156144,WALNUT,24.81
2025-01-07 11:10:00,763908,210,E,FR,36.0,9.0,27.0,,,,,34.152385,-118.0979,SIERRA MADRE BLVD,28.28
2025-01-07 11:10:00,768923,210,E,FR,,,,,,,,34.147544,-118.081868,SIERRA MADRE VILLA,29.28
2025-01-07 11:10:00,769269,210,E,FR,,,,,,,,34.15167,-118.137983,LAKE AVE OFF(LAKE 1),25.98
2025-01-07 11:10:00,769272,210,E,FR,,,,,,,,34.151855,-118.125787,HILL AVE OFF,26.68
2025-01-07 11:10:00,769789,210,E,FR,,,,,,,,34.189219,-118.180753,BERKSHIRE,21.58
2025-01-07 11:10:00,769833,210,E,FR,,,,,,,,34.206745,-118.201533,ANGELES CREST HWY SB,19.78
2025-01-07 11:10:00,769850,210,E,FR,24.0,24.0,,,,,,34.211728,-118.228265,OCEAN VIEW,18.18
2025-01-07 11:10:00,769882,210,E,FR,10.0,10.0,,,,,,34.221426,-118.245718,PENNSYLVANIA,16.98
2025-01-07 11:10:00,769897,210,E,FR,,,,,,,,34.230849,-118.265101,LOWELL / HONOLULU,15.68
2025-01-07 11:10:00,769898,210,E,FR,,,,,,,,34.230849,-118.265101,LOWELL / HONOLULU,15.68
2025-01-07 11:10:00,769986,210,E,FR,,,,,,,,34.202989,-118.191827,GOULD,20.4
2025-01-07 11:10:00,770118,210,E,FR,,,,,,,,34.234317,-118.286992,LA TUNA CANYON,14.39
2025-01-07 11:15:00,717616,210,E,FR,,,,,,,,34.179921,-118.167405,ARROYO,22.6
2025-01-07 11:15:00,717619,210,E,FR,,,,,,,,34.174756,-118.160407,LINCOLN 1,23.14
2025-01-07 11:15:00,717651,210,E,FR,20.0,20.0,,,,,,34.147621,-118.079037,SIERRA MADRE V2,29.44
2025-01-07 11:15:00,737480,210,E,FR,,,,,,,,34.152332,-118.103137,ALTADENA,27.98
2025-01-07 11:15:00,761091,210,E,FR,,,,,,,,34.160546,-118.158748,MOUNTAIN 2,24.16
2025-01-07 11:15:00,763878,210,E,FR,,,,,,,,34.152216,-118.156144,WALNUT,24.81
2025-01-07 11:15:00,763908,210,E,FR,54.0,6.0,48.0,,,,,34.152385,-118.0979,SIERRA MADRE BLVD,28.28
2025-01-07 11:15:00,768923,210,E,FR,,,,,,,,34.147544,-118.081868,SIERRA MADRE VILLA,29.28
2025-01-07 11:15:00,769269,210,E,FR,,,,,,,,34.15167,-118.137983,LAKE AVE OFF(LAKE 1),25.98
2025-01-07 11:15:00,769272,210,E,FR,,,,,,,,34.151855,-118.125787,HILL AVE OFF,26.68
2025-01-07 11:15:00,769789,210,E,FR,,,,,,,,34.189219,-118.180753,BERKSHIRE,21.58
2025-01-07 11:15:00,769833,210,E,FR,,,,,,,,34.206745,-118.201533,ANGELES CREST HWY SB,19.78
2025-01-07 11:15:00,769850,210,E,FR,22.0,22.0,,,,,,34.211728,-118.228265,OCEAN VIEW,18.18
2025-01-07 11:15:00,769882,210,E,FR,20.0,20.0,,,,,,34.221426,-118.245718,PENNSYLVANIA,16.98
2025-01-07 11:15:00,769897,210,E,FR,,,,,,,,34.230849,-118.265101,LOWELL / HONOLULU,15.68
2025-01-07 11:15:00,769898,210,E,FR,,,,,,,,34.230849,-118.265101,LOWELL / HONOLULU,15.68
2025-01-07 11:15:00,769986,210,E,FR,,,,,,,,34.202989,-118.191827,GOULD,20.4
2025-01-07 11:15:00,770118,210,E,FR,,,,,,,,34.234317,-118.286992,LA TUNA CANYON,14.39
2025-01-07 11:20:00,717616,210,E,FR,,,,,,,,34.179921,-118.167405,ARROYO,22.6
2025-01-07 11:20:00,717619,210,E,FR,,,,,,,,34.174756,-118.160407,LINCOLN 1,23.14
2025-01-07 11:20:00,717651,210,E,FR,17.0,17.0,,,,,,34.147621,-118.079037,SIERRA MADRE V2,29.44
2025-01-07 11:20:00,737480,210,E,FR,,,,,,,,34.152332,-118.103137,ALTADENA,27.98
2025-01-07 11:20:00,761091,210,E,FR,,,,,,,,34.160546,-118.158748,MOUNTAIN 2,24.16
2025-01-07 11:20:00,763878,210,E,FR,,,,,,,,34.152216,-118.156144,WALNUT,24.81
2025-01-07 11:20:00,763908,210,E,FR,44.0,16.0,28.0,,,,,34.152385,-118.0979,SIERRA MADRE BLVD,28.28
2025-01-07 11:20:00,768923,210,E,FR,,,,,,,,34.147544,-118.081868,SIERRA MADRE VILLA,29.28
2025-01-07 11:20:00,769269,210,E,FR,,,,,,,,34.15167,-118.137983,LAKE AVE OFF(LAKE 1),25.98
2025-01-07 11:20:00,769272,210,E,FR,,,,,,,,34.151855,-118.125787,HILL AVE OFF,26.68
2025-01-07 11:20:00,769789,210,E,FR,,,,,,,,34.189219,-118.180753,BERKSHIRE,21.58
2025-01-07 11:20:00,769833,210,E,FR,,,,,,,,34.206745,-118.201533,ANGELES CREST HWY SB,19.78
2025-01-07 11:20:00,769850,210,E,FR,22.0,22.0,,,,,,34.211728,-118.228265,OCEAN VIEW,18.18
2025-01-07 11:20:00,769882,210,E,FR,24.0,24.0,,,,,,34.221426,-118.245718,PENNSYLVANIA,16.98
2025-01-07 11:20:00,769897,210,E,FR,,,,,,,,34.230849,-118.265101,LOWELL / HONOLULU,15.68
2025-01-07 11:20:00,769898,210,E,FR,,,,,,,,34.230849,-118.265101,LOWELL / HONOLULU,15.68
2025-01-07 11:20:00,769986,210,E,FR,,,,,,,,34.202989,-118.191827,GOULD,20.4
2025-01-07 11:20:00,770118,210,E,FR,,,,,,,,34.234317,-118.286992,LA TUNA CANYON,14.39
2025-01-07 11:25:00,717616,210,E,FR,,,,,,,,34.179921,-118.167405,ARROYO,22.6
2025-01-07 11:25:00,717619,210,E,FR,,,,,,,,34.174756,-118.160407,LINCOLN 1,23.14
2025-01-07 11:25:00,717651,210,E,FR,17.0,17.0,,,,,,34.147621,-118.079037,SIERRA MADRE V2,29.44
2025-01-07 11:25:00,737480,210,E,FR,,,,,,,,34.152332,-118.103137,ALTADENA,27.98
2025-01-07 11:25:00,761091,210,E,FR,,,,,,,,34.160546,-118.158748,MOUNTAIN 2,24.16
2025-01-07 11:25:00,763878,210,E,FR,,,,,,,,34.152216,-118.156144,WALNUT,24.81
2025-01-07 11:25:00,763908,210,E,FR,26.0,6.0,20.0,,,,,34.152385,-118.0979,SIERRA MADRE BLVD,28.28
2025-01-07 11:25:00,768923,210,E,FR,,,,,,,,34.147544,-118.081868,SIERRA MADRE VILLA,29.28
2025-01-07 11:25:00,769269,210,E,FR,,,,,,,,34.15167,-118.137983,LAKE AVE OFF(LAKE 1),25.98
2025-01-07 11:25:00,769272,210,E,FR,,,,,,,,34.151855,-118.125787,HILL AVE OFF,26.68
2025-01-07 11:25:00,769789,210,E,FR,,,,,,,,34.189219,-118.180753,BERKSHIRE,21.58
2025-01-07 11:25:00,769833,210,E,FR,,,,,,,,34.206745,-118.201533,ANGELES CREST HWY SB,19.78
2025-01-07 11:25:00,769850,210,E,FR,29.0,29.0,,,,,,34.211728,-118.228265,OCEAN VIEW,18.18
2025-01-07 11:25:00,769882,210,E,FR,17.0,17.0,,,,,,34.221426,-118.245718,PENNSYLVANIA,16.98
2025-01-07 11:25:00,769897,210,E,FR,,,,,,,,34.230849,-118.265101,LOWELL / HONOLULU,15.68
2025-01-07 11:25:00,769898,210,E,FR,,,,,,,,34.230849,-118.265101,LOWELL / HONOLULU,15.68
2025-01-07 11:25:00,769986,210,E,FR,,,,,,,,34.202989,-118.191827,GOULD,20.4
2025-01-07 11:25:00,770118,210,E,FR,,,,,,,,34.234317,-118.286992,LA TUNA CANYON,14.39
2025-01-07 11:30:00,717616,210,E,FR,,,,,,,,34.179921,-118.167405,ARROYO,22.6
2025-01-07 11:30:00,717619,210,E,FR,,,,,,,,34.174756,-118.160407,LINCOLN 1,23.14
2025-01-07 11:30:00,717651,210,E,FR,17.0,17.0,,,,,,34.147621,-118.079037,SIERRA MADRE V2,29.44
2025-01-07 11:30:00,737480,210,E,FR,,,,,,,,34.152332,-118.103137,ALTADENA,27.98
2025-01-07 11:30:00,761091,210,E,FR,,,,,,,,34.160546,-118.158748,MOUNTAIN 2,24.16
2025-01-07 11:30:00,763878,210,E,FR,,,,,,,,34.152216,-118.156144,WALNUT,24.81
2025-01-07 11:30:00,763908,210,E,FR,32.0,5.0,27.0,,,,,34.152385,-118.0979,SIERRA MADRE BLVD,28.28
2025-01-07 11:30:00,768923,210,E,FR,,,,,,,,34.147544,-118.081868,SIERRA MADRE VILLA,29.28
2025-01-07 11:30:00,769269,210,E,FR,,,,,,,,34.15167,-118.137983,LAKE AVE OFF(LAKE 1),25.98
2025-01-07 11:30:00,769272,210,E,FR,,,,,,,,34.151855,-118.125787,HILL AVE OFF,26.68
2025-01-07 11:30:00,769789,210,E,FR,,,,,,,,34.189219,-118.180753,BERKSHIRE,21.58
2025-01-07 11:30:00,769833,210,E,FR,,,,,,,,34.206745,-118.201533,ANGELES CREST HWY SB,19.78
2025-01-07 11:30:00,769850,210,E,FR,23.0,23.0,,,,,,34.211728,-118.228265,OCEAN VIEW,18.18
2025-01-07 11:30:00,769882,210,E,FR,19.0,19.0,,,,,,34.221426,-118.245718,PENNSYLVANIA,16.98
2025-01-07 11:30:00,769897,210,E,FR,,,,,,,,34.230849,-118.265101,LOWELL / HONOLULU,15.68
2025-01-07 11:30:00,769898,210,E,FR,,,,,,,,34.230849,-118.265101,LOWELL / HONOLULU,15.68
2025-01-07 11:30:00,769986,210,E,FR,,,,,,,,34.202989,-118.191827,GOULD,20.4
2025-01-07 11:30:00,770118,210,E,FR,,,,,,,,34.234317,-118.286992,LA TUNA CANYON,14.39
2025-01-07 11:35:00,717616,210,E,FR,,,,,,,,34.179921,-118.167405,ARROYO,22.6
2025-01-07 11:35:00,717619,210,E,FR,,,,,,,,34.174756,-118.160407,LINCOLN 1,23.14
2025-01-07 11:35:00,717651,210,E,FR,20.0,20.0,,,,,,34.147621,-118.079037,SIERRA MADRE V2,29.44
2025-01-07 11:35:00,737480,210,E,FR,,,,,,,,34.152332,-118.103137,ALTADENA,27.98
2025-01-07 11:35:00,761091,210,E,FR,,,,,,,,34.160546,-118.158748,MOUNTAIN 2,24.16
2025-01-07 11:35:00,763878,210,E,FR,,,,,,,,34.152216,-118.156144,WALNUT,24.81
2025-01-07 11:35:00,763908,210,E,FR,28.0,10.0,18.0,,,,,34.152385,-118.0979,SIERRA MADRE BLVD,28.28
2025-01-07 11:35:00,768923,210,E,FR,,,,,,,,34.147544,-118.081868,SIERRA MADRE VILLA,29.28
2025-01-07 11:35:00,769269,210,E,FR,,,,,,,,34.15167,-118.137983,LAKE AVE OFF(LAKE 1),25.98
2025-01-07 11:35:00,769272,210,E,FR,,,,,,,,34.151855,-118.125787,HILL AVE OFF,26.68
2025-01-07 11:35:00,769789,210,E,FR,,,,,,,,34.189219,-118.180753,BERKSHIRE,21.58
2025-01-07 11:35:00,769833,210,E,FR,,,,,,,,34.206745,-118.201533,ANGELES CREST HWY SB,19.78
2025-01-07 11:35:00,769850,210,E,FR,24.0,24.0,,,,,,34.211728,-118.228265,OCEAN VIEW,18.18
2025-01-07 11:35:00,769882,210,E,FR,15.0,15.0,,,,,,34.221426,-118.245718,PENNSYLVANIA,16.98
2025-01-07 11:35:00,769897,210,E,FR,,,,,,,,34.230849,-118.265101,LOWELL / HONOLULU,15.68
2025-01-07 11:35:00,769898,210,E,FR,,,,,,,,34.230849,-118.265101,LOWELL / HONOLULU,15.68
2025-01-07 11:35:00,769986,210,E,FR,,,,,,,,34.202989,-118.191827,GOULD,20.4
2025-01-07 11:35:00,770118,210,E,FR,,,,,,,,34.234317,-118.286992,LA TUNA CANYON,14.39
2025-01-07 11:40:00,717616,210,E,FR,,,,,,,,34.179921,-118.167405,ARROYO,22.6
2025-01-07 11:40:00,717619,210,E,FR,,,,,,,,34.174756,-118.160407,LINCOLN 1,23.14
2025-01-07 11:40:00,717651,210,E,FR,25.0,25.0,,,,,,34.147621,-118.079037,SIERRA MADRE V2,29.44
2025-01-07 11:40:00,737480,210,E,FR,,,,,,,,34.152332,-118.103137,ALTADENA,27.98
2025-01-07 11:40:00,761091,210,E,FR,,,,,,,,34.160546,-118.158748,MOUNTAIN 2,24.16
2025-01-07 11:40:00,763878,210,E,FR,,,,,,,,34.152216,-118.156144,WALNUT,24.81
2025-01-07 11:40:00,763908,210,E,FR,39.0,10.0,29.0,,,,,34.152385,-118.0979,SIERRA MADRE BLVD,28.28
2025-01-07 11:40:00,768923,210,E,FR,,,,,,,,34.147544,-118.081868,SIERRA MADRE VILLA,29.28
2025-01-07 11:40:00,769269,210,E,FR,,,,,,,,34.15167,-118.137983,LAKE AVE OFF(LAKE 1),25.98
2025-01-07 11:40:00,769272,210,E,FR,,,,,,,,34.151855,-118.125787,HILL AVE OFF,26.68
2025-01-07 11:40:00,769789,210,E,FR,,,,,,,,34.189219,-118.180753,BERKSHIRE,21.58
2025-01-07 11:40:00,769833,210,E,FR,,,,,,,,34.206745,-118.201533,ANGELES CREST HWY SB,19.78
2025-01-07 11:40:00,769850,210,E,FR,28.0,28.0,,,,,,34.211728,-118.228265,OCEAN VIEW,18.18
2025-01-07 11:40:00,769882,210,E,FR,16.0,16.0,,,,,,34.221426,-118.245718,PENNSYLVANIA,16.98
2025-01-07 11:40:00,769897,210,E,FR,,,,,,,,34.230849,-118.265101,LOWELL / HONOLULU,15.68
2025-01-07 11:40:00,769898,210,E,FR,,,,,,,,34.230849,-118.265101,LOWELL / HONOLULU,15.68
2025-01-07 11:40:00,769986,210,E,FR,,,,,,,,34.202989,-118.191827,GOULD,20.4
2025-01-07 11:40:00,770118,210,E,FR,,,,,,,,34.234317,-118.286992,LA TUNA CANYON,14.39
2025-01-07 11:45:00,717616,210,E,FR,,,,,,,,34.179921,-118.167405,ARROYO,22.6
2025-01-07 11:45:00,717619,210,E,FR,,,,,,,,34.174756,-118.160407,LINCOLN 1,23.14
2025-01-07 11:45:00,717651,210,E,FR,16.0,16.0,,,,,,34.147621,-118.079037,SIERRA MADRE V2,29.44
2025-01-07 11:45:00,737480,210,E,FR,,,,,,,,34.152332,-118.103137,ALTADENA,27.98
2025-01-07 11:45:00,761091,210,E,FR,,,,,,,,34.160546,-118.158748,MOUNTAIN 2,24.16
2025-01-07 11:45:00,763878,210,E,FR,,,,,,,,34.152216,-118.156144,WALNUT,24.81
2025-01-07 11:45:00,763908,210,E,FR,46.0,10.0,36.0,,,,,34.152385,-118.0979,SIERRA MADRE BLVD,28.28
2025-01-07 11:45:00,768923,210,E,FR,,,,,,,,34.147544,-118.081868,SIERRA MADRE VILLA,29.28
2025-01-07 11:45:00,769269,210,E,FR,,,,,,,,34.15167,-118.137983,LAKE AVE OFF(LAKE 1),25.98
2025-01-07 11:45:00,769272,210,E,FR,,,,,,,,34.151855,-118.125787,HILL AVE OFF,26.68
2025-01-07 11:45:00,769789,210,E,FR,,,,,,,,34.189219,-118.180753,BERKSHIRE,21.58
2025-01-07 11:45:00,769833,210,E,FR,,,,,,,,34.206745,-118.201533,ANGELES CREST HWY SB,19.78
2025-01-07 11:45:00,769850,210,E,FR,27.0,27.0,,,,,,34.211728,-118.228265,OCEAN VIEW,18.18
2025-01-07 11:45:00,769882,210,E,FR,17.0,17.0,,,,,,34.221426,-118.245718,PENNSYLVANIA,16.98
2025-01-07 11:45:00,769897,210,E,FR,,,,,,,,34.230849,-118.265101,LOWELL / HONOLULU,15.68
2025-01-07 11:45:00,769898,210,E,FR,,,,,,,,34.230849,-118.265101,LOWELL / HONOLULU,15.68
2025-01-07 11:45:00,769986,210,E,FR,,,,,,,,34.202989,-118.191827,GOULD,20.4
2025-01-07 11:45:00,770118,210,E,FR,,,,,,,,34.234317,-118.286992,LA TUNA CANYON,14.39
2025-01-07 11:50:00,717616,210,E,FR,,,,,,,,34.179921,-118.167405,ARROYO,22.6
2025-01-07 11:50:00,717619,210,E,FR,,,,,,,,34.174756,-118.160407,LINCOLN 1,23.14
2025-01-07 11:50:00,717651,210,E,FR,21.0,21.0,,,,,,34.147621,-118.079037,SIERRA MADRE V2,29.44
2025-01-07 11:50:00,737480,210,E,FR,,,,,,,,34.152332,-118.103137,ALTADENA,27.98
2025-01-07 11:50:00,761091,210,E,FR,,,,,,,,34.160546,-118.158748,MOUNTAIN 2,24.16
2025-01-07 11:50:00,763878,210,E,FR,,,,,,,,34.152216,-118.156144,WALNUT,24.81
2025-01-07 11:50:00,763908,210,E,FR,38.0,5.0,33.0,,,,,34.152385,-118.0979,SIERRA MADRE BLVD,28.28
2025-01-07 11:50:00,768923,210,E,FR,,,,,,,,34.147544,-118.081868,SIERRA MADRE VILLA,29.28
2025-01-07 11:50:00,769269,210,E,FR,,,,,,,,34.15167,-118.137983,LAKE AVE OFF(LAKE 1),25.98
2025-01-07 11:50:00,769272,210,E,FR,,,,,,,,34.151855,-118.125787,HILL AVE OFF,26.68
2025-01-07 11:50:00,769789,210,E,FR,,,,,,,,34.189219,-118.180753,BERKSHIRE,21.58
2025-01-07 11:50:00,769833,210,E,FR,,,,,,,,34.206745,-118.201533,ANGELES CREST HWY SB,19.78
2025-01-07 11:50:00,769850,210,E,FR,31.0,31.0,,,,,,34.211728,-118.228265,OCEAN VIEW,18.18
2025-01-07 11:50:00,769882,210,E,FR,22.0,22.0,,,,,,34.221426,-118.245718,PENNSYLVANIA,16.98
2025-01-07 11:50:00,769897,210,E,FR,,,,,,,,34.230849,-118.265101,LOWELL / HONOLULU,15.68
2025-01-07 11:50:00,769898,210,E,FR,,,,,,,,34.230849,-118.265101,LOWELL / HONOLULU,15.68
2025-01-07 11:50:00,769986,210,E,FR,,,,,,,,34.202989,-118.191827,GOULD,20.4
2025-01-07 11:50:00,770118,210,E,FR,,,,,,,,34.234317,-118.286992,LA TUNA CANYON,14.39
2025-01-07 11:55:00,717616,210,E,FR,,,,,,,,34.179921,-118.167405,ARROYO,22.6
2025-01-07 11:55:00,717619,210,E,FR,,,,,,,,34.174756,-118.160407,LINCOLN 1,23.14
2025-01-07 11:55:00,717651,210,E,FR,21.0,21.0,,,,,,34.147621,-118.079037,SIERRA MADRE V2,29.44
2025-01-07 11:55:00,737480,210,E,FR,,,,,,,,34.152332,-118.103137,ALTADENA,27.98
2025-01-07 11:55:00,761091,210,E,FR,,,,,,,,34.160546,-118.158748,MOUNTAIN 2,24.16
2025-01-07 11:55:00,763878,210,E,FR,,,,,,,,34.152216,-118.156144,WALNUT,24.81
2025-01-07 11:55:00,763908,210,E,FR,55.0,9.0,46.0,,,,,34.152385,-118.0979,SIERRA MADRE BLVD,28.28
2025-01-07 11:55:00,768923,210,E,FR,,,,,,,,34.147544,-118.081868,SIERRA MADRE VILLA,29.28
2025-01-07 11:55:00,769269,210,E,FR,,,,,,,,34.15167,-118.137983,LAKE AVE OFF(LAKE 1),25.98
2025-01-07 11:55:00,769272,210,E,FR,,,,,,,,34.151855,-118.125787,HILL AVE OFF,26.68
2025-01-07 11:55:00,769789,210,E,FR,,,,,,,,34.189219,-118.180753,BERKSHIRE,21.58
2025-01-07 11:55:00,769833,210,E,FR,,,,,,,,34.206745,-118.201533,ANGELES CREST HWY SB,19.78
2025-01-07 11:55:00,769850,210,E,FR,21.0,21.0,,,,,,34.211728,-118.228265,OCEAN VIEW,18.18
2025-01-07 11:55:00,769882,210,E,FR,29.0,29.0,,,,,,34.221426,-118.245718,PENNSYLVANIA,16.98
2025-01-07 11:55:00,769897,210,E,FR,,,,,,,,34.230849,-118.265101,LOWELL / HONOLULU,15.68
2025-01-07 11:55:00,769898,210,E,FR,,,,,,,,34.230849,-118.265101,LOWELL / HONOLULU,15.68
2025-01-07 11:55:00,769986,210,E,FR,,,,,,,,34.202989,-118.191827,GOULD,20.4
2025-01-07 11:55:00,770118,210,E,FR,,,,,,,,34.234317,-118.286992,LA TUNA CANYON,14.39
2025-01-07 12:00:00,717616,210,E,FR,,,,,,,,34.179921,-118.167405,ARROYO,22.6
2025-01-07 12:00:00,717619,210,E,FR,,,,,,,,34.174756,-118.160407,LINCOLN 1,23.14
2025-01-07 12:00:00,717651,210,E,FR,18.0,18.0,,,,,,34.147621,-118.079037,SIERRA MADRE V2,29.44
2025-01-07 12:00:00,737480,210,E,FR,,,,,,,,34.152332,-118.103137,ALTADENA,27.98
2025-01-07 12:00:00,761091,210,E,FR,,,,,,,,34.160546,-118.158748,MOUNTAIN 2,24.16
2025-01-07 12:00:00,763878,210,E,FR,,,,,,,,34.152216,-118.156144,WALNUT,24.81
2025-01-07 12:00:00,763908,210,E,FR,43.0,10.0,33.0,,,,,34.152385,-118.0979,SIERRA MADRE BLVD,28.28
2025-01-07 12:00:00,768923,210,E,FR,,,,,,,,34.147544,-118.081868,SIERRA MADRE VILLA,29.28
2025-01-07 12:00:00,769269,210,E,FR,,,,,,,,34.15167,-118.137983,LAKE AVE OFF(LAKE 1),25.98
2025-01-07 12:00:00,769272,210,E,FR,,,,,,,,34.151855,-118.125787,HILL AVE OFF,26.68
2025-01-07 12:00:00,769789,210,E,FR,,,,,,,,34.189219,-118.180753,BERKSHIRE,21.58
2025-01-07 12:00:00,769833,210,E,FR,,,,,,,,34.206745,-118.201533,ANGELES CREST HWY SB,19.78
2025-01-07 12:00:00,769850,210,E,FR,22.0,22.0,,,,,,34.211728,-118.228265,OCEAN VIEW,18.18
2025-01-07 12:00:00,769882,210,E,FR,23.0,23.0,,,,,,34.221426,-118.245718,PENNSYLVANIA,16.98
2025-01-07 12:00:00,769897,210,E,FR,,,,,,,,34.230849,-118.265101,LOWELL / HONOLULU,15.68
2025-01-07 12:00:00,769898,210,E,FR,,,,,,,,34.230849,-118.265101,LOWELL / HONOLULU,15.68
2025-01-07 12:00:00,769986,210,E,FR,,,,,,,,34.202989,-118.191827,GOULD,20.4
2025-01-07 12:00:00,770118,210,E,FR,,,,,,,,34.234317,-118.286992,LA TUNA CANYON,14.39
2025-01-07 12:05:00,717616,210,E,FR,,,,,,,,34.179921,-118.167405,ARROYO,22.6
2025-01-07 12:05:00,717619,210,E,FR,,,,,,,,34.174756,-118.160407,LINCOLN 1,23.14
2025-01-07 12:05:00,717651,210,E,FR,19.0,19.0,,,,,,34.147621,-118.079037,SIERRA MADRE V2,29.44
2025-01-07 12:05:00,737480,210,E,FR,,,,,,,,34.152332,-118.103137,ALTADENA,27.98
2025-01-07 12:05:00,761091,210,E,FR,,,,,,,,34.160546,-118.158748,MOUNTAIN 2,24.16
2025-01-07 12:05:00,763878,210,E,FR,,,,,,,,34.152216,-118.156144,WALNUT,24.81
2025-01-07 12:05:00,763908,210,E,FR,33.0,6.0,27.0,,,,,34.152385,-118.0979,SIERRA MADRE BLVD,28.28
2025-01-07 12:05:00,768923,210,E,FR,,,,,,,,34.147544,-118.081868,SIERRA MADRE VILLA,29.28
2025-01-07 12:05:00,769269,210,E,FR,,,,,,,,34.15167,-118.137983,LAKE AVE OFF(LAKE 1),25.98
2025-01-07 12:05:00,769272,210,E,FR,,,,,,,,34.151855,-118.125787,HILL AVE OFF,26.68
2025-01-07 12:05:00,769789,210,E,FR,,,,,,,,34.189219,-118.180753,BERKSHIRE,21.58
2025-01-07 12:05:00,769833,210,E,FR,,,,,,,,34.206745,-118.201533,ANGELES CREST HWY SB,19.78
2025-01-07 12:05:00,769850,210,E,FR,18.0,18.0,,,,,,34.211728,-118.228265,OCEAN VIEW,18.18
2025-01-07 12:05:00,769882,210,E,FR,14.0,14.0,,,,,,34.221426,-118.245718,PENNSYLVANIA,16.98
2025-01-07 12:05:00,769897,210,E,FR,,,,,,,,34.230849,-118.265101,LOWELL / HONOLULU,15.68
2025-01-07 12:05:00,769898,210,E,FR,,,,,,,,34.230849,-118.265101,LOWELL / HONOLULU,15.68
2025-01-07 12:05:00,769986,210,E,FR,,,,,,,,34.202989,-118.191827,GOULD,20.4
2025-01-07 12:05:00,770118,210,E,FR,,,,,,,,34.234317,-118.286992,LA TUNA CANYON,14.39
2025-01-07 12:10:00,717616,210,E,FR,,,,,,,,34.179921,-118.167405,ARROYO,22.6
2025-01-07 12:10:00,717619,210,E,FR,,,,,,,,34.174756,-118.160407,LINCOLN 1,23.14
2025-01-07 12:10:00,717651,210,E,FR,20.0,20.0,,,,,,34.147621,-118.079037,SIERRA MADRE V2,29.44
2025-01-07 12:10:00,737480,210,E,FR,,,,,,,,34.152332,-118.103137,ALTADENA,27.98
2025-01-07 12:10:00,761091,210,E,FR,,,,,,,,34.160546,-118.158748,MOUNTAIN 2,24.16
2025-01-07 12:10:00,763878,210,E,FR,,,,,,,,34.152216,-118.156144,WALNUT,24.81
2025-01-07 12:10:00,763908,210,E,FR,44.0,11.0,33.0,,,,,34.152385,-118.0979,SIERRA MADRE BLVD,28.28
2025-01-07 12:10:00,768923,210,E,FR,,,,,,,,34.147544,-118.081868,SIERRA MADRE VILLA,29.28
2025-01-07 12:10:00,769269,210,E,FR,,,,,,,,34.15167,-118.137983,LAKE AVE OFF(LAKE 1),25.98
2025-01-07 12:10:00,769272,210,E,FR,,,,,,,,34.151855,-118.125787,HILL AVE OFF,26.68
2025-01-07 12:10:00,769789,210,E,FR,,,,,,,,34.189219,-118.180753,BERKSHIRE,21.58
2025-01-07 12:10:00,769833,210,E,FR,,,,,,,,34.206745,-118.201533,ANGELES CREST HWY SB,19.78
2025-01-07 12:10:00,769850,210,E,FR,31.0,31.0,,,,,,34.211728,-118.228265,OCEAN VIEW,18.18
2025-01-07 12:10:00,769882,210,E,FR,20.0,20.0,,,,,,34.221426,-118.245718,PENNSYLVANIA,16.98
2025-01-07 12:10:00,769897,210,E,FR,,,,,,,,34.230849,-118.265101,LOWELL / HONOLULU,15.68
2025-01-07 12:10:00,769898,210,E,FR,,,,,,,,34.230849,-118.265101,LOWELL / HONOLULU,15.68
2025-01-07 12:10:00,769986,210,E,FR,,,,,,,,34.202989,-118.191827,GOULD,20.4
2025-01-07 12:10:00,770118,210,E,FR,,,,,,,,34.234317,-118.286992,LA TUNA CANYON,14.39
2025-01-07 12:15:00,717616,210,E,FR,,,,,,,,34.179921,-118.167405,ARROYO,22.6
2025-01-07 12:15:00,717619,210,E,FR,,,,,,,,34.174756,-118.160407,LINCOLN 1,23.14
2025-01-07 12:15:00,717651,210,E,FR,18.0,18.0,,,,,,34.147621,-118.079037,SIERRA MADRE V2,29.44
2025-01-07 12:15:00,737480,210,E,FR,,,,,,,,34.152332,-118.103137,ALTADENA,27.98
2025-01-07 12:15:00,761091,210,E,FR,,,,,,,,34.160546,-118.158748,MOUNTAIN 2,24.16
2025-01-07 12:15:00,763878,210,E,FR,,,,,,,,34.152216,-118.156144,WALNUT,24.81
2025-01-07 12:15:00,763908,210,E,FR,29.0,11.0,18.0,,,,,34.152385,-118.0979,SIERRA MADRE BLVD,28.28
2025-01-07 12:15:00,768923,210,E,FR,,,,,,,,34.147544,-118.081868,SIERRA MADRE VILLA,29.28
2025-01-07 12:15:00,769269,210,E,FR,,,,,,,,34.15167,-118.137983,LAKE AVE OFF(LAKE 1),25.98
2025-01-07 12:15:00,769272,210,E,FR,,,,,,,,34.151855,-118.125787,HILL AVE OFF,26.68
2025-01-07 12:15:00,769789,210,E,FR,,,,,,,,34.189219,-118.180753,BERKSHIRE,21.58
2025-01-07 12:15:00,769833,210,E,FR,,,,,,,,34.206745,-118.201533,ANGELES CREST HWY SB,19.78
2025-01-07 12:15:00,769850,210,E,FR,24.0,24.0,,,,,,34.211728,-118.228265,OCEAN VIEW,18.18
2025-01-07 12:15:00,769882,210,E,FR,17.0,17.0,,,,,,34.221426,-118.245718,PENNSYLVANIA,16.98
2025-01-07 12:15:00,769897,210,E,FR,,,,,,,,34.230849,-118.265101,LOWELL / HONOLULU,15.68
2025-01-07 12:15:00,769898,210,E,FR,,,,,,,,34.230849,-118.265101,LOWELL / HONOLULU,15.68
2025-01-07 12:15:00,769986,210,E,FR,,,,,,,,34.202989,-118.191827,GOULD,20.4
2025-01-07 12:15:00,770118,210,E,FR,,,,,,,,34.234317,-118.286992,LA TUNA CANYON,14.39
2025-01-07 12:20:00,717616,210,E,FR,,,,,,,,34.179921,-118.167405,ARROYO,22.6
2025-01-07 12:20:00,717619,210,E,FR,,,,,,,,34.174756,-118.160407,LINCOLN 1,23.14
2025-01-07 12:20:00,717651,210,E,FR,19.0,19.0,,,,,,34.147621,-118.079037,SIERRA MADRE V2,29.44
2025-01-07 12:20:00,737480,210,E,FR,,,,,,,,34.152332,-118.103137,ALTADENA,27.98
2025-01-07 12:20:00,761091,210,E,FR,,,,,,,,34.160546,-118.158748,MOUNTAIN 2,24.16
2025-01-07 12:20:00,763878,210,E,FR,,,,,,,,34.152216,-118.156144,WALNUT,24.81
2025-01-07 12:20:00,763908,210,E,FR,43.0,8.0,35.0,,,,,34.152385,-118.0979,SIERRA MADRE BLVD,28.28
2025-01-07 12:20:00,768923,210,E,FR,,,,,,,,34.147544,-118.081868,SIERRA MADRE VILLA,29.28
2025-01-07 12:20:00,769269,210,E,FR,,,,,,,,34.15167,-118.137983,LAKE AVE OFF(LAKE 1),25.98
2025-01-07 12:20:00,769272,210,E,FR,,,,,,,,34.151855,-118.125787,HILL AVE OFF,26.68
2025-01-07 12:20:00,769789,210,E,FR,,,,,,,,34.189219,-118.180753,BERKSHIRE,21.58
2025-01-07 12:20:00,769833,210,E,FR,,,,,,,,34.206745,-118.201533,ANGELES CREST HWY SB,19.78
2025-01-07 12:20:00,769850,210,E,FR,27.0,27.0,,,,,,34.211728,-118.228265,OCEAN VIEW,18.18
2025-01-07 12:20:00,769882,210,E,FR,11.0,11.0,,,,,,34.221426,-118.245718,PENNSYLVANIA,16.98
2025-01-07 12:20:00,769897,210,E,FR,,,,,,,,34.230849,-118.265101,LOWELL / HONOLULU,15.68
2025-01-07 12:20:00,769898,210,E,FR,,,,,,,,34.230849,-118.265101,LOWELL / HONOLULU,15.68
2025-01-07 12:20:00,769986,210,E,FR,,,,,,,,34.202989,-118.191827,GOULD,20.4
2025-01-07 12:20:00,770118,210,E,FR,,,,,,,,34.234317,-118.286992,LA TUNA CANYON,14.39
2025-01-07 12:25:00,717616,210,E,FR,,,,,,,,34.179921,-118.167405,ARROYO,22.6
2025-01-07 12:25:00,717619,210,E,FR,,,,,,,,34.174756,-118.160407,LINCOLN 1,23.14
2025-01-07 12:25:00,717651,210,E,FR,22.0,22.0,,,,,,34.147621,-118.079037,SIERRA MADRE V2,29.44
2025-01-07 12:25:00,737480,210,E,FR,,,,,,,,34.152332,-118.103137,ALTADENA,27.98
2025-01-07 12:25:00,761091,210,E,FR,,,,,,,,34.160546,-118.158748,MOUNTAIN 2,24.16
2025-01-07 12:25:00,763878,210,E,FR,,,,,,,,34.152216,-118.156144,WALNUT,24.81
2025-01-07 12:25:00,763908,210,E,FR,43.0,7.0,36.0,,,,,34.152385,-118.0979,SIERRA MADRE BLVD,28.28
2025-01-07 12:25:00,768923,210,E,FR,,,,,,,,34.147544,-118.081868,SIERRA MADRE VILLA,29.28
2025-01-07 12:25:00,769269,210,E,FR,,,,,,,,34.15167,-118.137983,LAKE AVE OFF(LAKE 1),25.98
2025-01-07 12:25:00,769272,210,E,FR,,,,,,,,34.151855,-118.125787,HILL AVE OFF,26.68
2025-01-07 12:25:00,769789,210,E,FR,,,,,,,,34.189219,-118.180753,BERKSHIRE,21.58
2025-01-07 12:25:00,769833,210,E,FR,,,,,,,,34.206745,-118.201533,ANGELES CREST HWY SB,19.78
2025-01-07 12:25:00,769850,210,E,FR,33.0,33.0,,,,,,34.211728,-118.228265,OCEAN VIEW,18.18
2025-01-07 12:25:00,769882,210,E,FR,24.0,24.0,,,,,,34.221426,-118.245718,PENNSYLVANIA,16.98
2025-01-07 12:25:00,769897,210,E,FR,,,,,,,,34.230849,-118.265101,LOWELL / HONOLULU,15.68
2025-01-07 12:25:00,769898,210,E,FR,,,,,,,,34.230849,-118.265101,LOWELL / HONOLULU,15.68
2025-01-07 12:25:00,769986,210,E,FR,,,,,,,,34.202989,-118.191827,GOULD,20.4
2025-01-07 12:25:00,770118,210,E,FR,,,,,,,,34.234317,-118.286992,LA TUNA CANYON,14.39
2025-01-07 12:30:00,717616,210,E,FR,,,,,,,,34.179921,-118.167405,ARROYO,22.6
2025-01-07 12:30:00,717619,210,E,FR,,,,,,,,34.174756,-118.160407,LINCOLN 1,23.14
2025-01-07 12:30:00,717651,210,E,FR,16.0,16.0,,,,,,34.147621,-118.079037,SIERRA MADRE V2,29.44
2025-01-07 12:30:00,737480,210,E,FR,,,,,,,,34.152332,-118.103137,ALTADENA,27.98
2025-01-07 12:30:00,761091,210,E,FR,,,,,,,,34.160546,-118.158748,MOUNTAIN 2,24.16
2025-01-07 12:30:00,763878,210,E,FR,,,,,,,,34.152216,-118.156144,WALNUT,24.81
2025-01-07 12:30:00,763908,210,E,FR,32.0,6.0,26.0,,,,,34.152385,-118.0979,SIERRA MADRE BLVD,28.28
2025-01-07 12:30:00,768923,210,E,FR,,,,,,,,34.147544,-118.081868,SIERRA MADRE VILLA,29.28
2025-01-07 12:30:00,769269,210,E,FR,,,,,,,,34.15167,-118.137983,LAKE AVE OFF(LAKE 1),25.98
2025-01-07 12:30:00,769272,210,E,FR,,,,,,,,34.151855,-118.125787,HILL AVE OFF,26.68
2025-01-07 12:30:00,769789,210,E,FR,,,,,,,,34.189219,-118.180753,BERKSHIRE,21.58
2025-01-07 12:30:00,769833,210,E,FR,,,,,,,,34.206745,-118.201533,ANGELES CREST HWY SB,19.78
2025-01-07 12:30:00,769850,210,E,FR,30.0,30.0,,,,,,34.211728,-118.228265,OCEAN VIEW,18.18
2025-01-07 12:30:00,769882,210,E,FR,21.0,21.0,,,,,,34.221426,-118.245718,PENNSYLVANIA,16.98
2025-01-07 12:30:00,769897,210,E,FR,,,,,,,,34.230849,-118.265101,LOWELL / HONOLULU,15.68
2025-01-07 12:30:00,769898,210,E,FR,,,,,,,,34.230849,-118.265101,LOWELL / HONOLULU,15.68
2025-01-07 12:30:00,769986,210,E,FR,,,,,,,,34.202989,-118.191827,GOULD,20.4
2025-01-07 12:30:00,770118,210,E,FR,,,,,,,,34.234317,-118.286992,LA TUNA CANYON,14.39
2025-01-07 12:35:00,717616,210,E,FR,,,,,,,,34.179921,-118.167405,ARROYO,22.6
2025-01-07 12:35:00,717619,210,E,FR,,,,,,,,34.174756,-118.160407,LINCOLN 1,23.14
2025-01-07 12:35:00,717651,210,E,FR,16.0,16.0,,,,,,34.147621,-118.079037,SIERRA MADRE V2,29.44
2025-01-07 12:35:00,737480,210,E,FR,,,,,,,,34.152332,-118.103137,ALTADENA,27.98
2025-01-07 12:35:00,761091,210,E,FR,,,,,,,,34.160546,-118.158748,MOUNTAIN 2,24.16
2025-01-07 12:35:00,763878,210,E,FR,,,,,,,,34.152216,-118.156144,WALNUT,24.81
2025-01-07 12:35:00,763908,210,E,FR,49.0,10.0,39.0,,,,,34.152385,-118.0979,SIERRA MADRE BLVD,28.28
2025-01-07 12:35:00,768923,210,E,FR,,,,,,,,34.147544,-118.081868,SIERRA MADRE VILLA,29.28
2025-01-07 12:35:00,769269,210,E,FR,,,,,,,,34.15167,-118.137983,LAKE AVE OFF(LAKE 1),25.98
2025-01-07 12:35:00,769272,210,E,FR,,,,,,,,34.151855,-118.125787,HILL AVE OFF,26.68
2025-01-07 12:35:00,769789,210,E,FR,,,,,,,,34.189219,-118.180753,BERKSHIRE,21.58
2025-01-07 12:35:00,769833,210,E,FR,,,,,,,,34.206745,-118.201533,ANGELES CREST HWY SB,19.78
2025-01-07 12:35:00,769850,210,E,FR,34.0,34.0,,,,,,34.211728,-118.228265,OCEAN VIEW,18.18
2025-01-07 12:35:00,769882,210,E,FR,8.0,8.0,,,,,,34.221426,-118.245718,PENNSYLVANIA,16.98
2025-01-07 12:35:00,769897,210,E,FR,,,,,,,,34.230849,-118.265101,LOWELL / HONOLULU,15.68
2025-01-07 12:35:00,769898,210,E,FR,,,,,,,,34.230849,-118.265101,LOWELL / HONOLULU,15.68
2025-01-07 12:35:00,769986,210,E,FR,,,,,,,,34.202989,-118.191827,GOULD,20.4
2025-01-07 12:35:00,770118,210,E,FR,,,,,,,,34.234317,-118.286992,LA TUNA CANYON,14.39
2025-01-07 12:40:00,717616,210,E,FR,,,,,,,,34.179921,-118.167405,ARROYO,22.6
2025-01-07 12:40:00,717619,210,E,FR,,,,,,,,34.174756,-118.160407,LINCOLN 1,23.14
2025-01-07 12:40:00,717651,210,E,FR,23.0,23.0,,,,,,34.147621,-118.079037,SIERRA MADRE V2,29.44
2025-01-07 12:40:00,737480,210,E,FR,,,,,,,,34.152332,-118.103137,ALTADENA,27.98
2025-01-07 12:40:00,761091,210,E,FR,,,,,,,,34.160546,-118.158748,MOUNTAIN 2,24.16
2025-01-07 12:40:00,763878,210,E,FR,,,,,,,,34.152216,-118.156144,WALNUT,24.81
2025-01-07 12:40:00,763908,210,E,FR,35.0,9.0,26.0,,,,,34.152385,-118.0979,SIERRA MADRE BLVD,28.28
2025-01-07 12:40:00,768923,210,E,FR,,,,,,,,34.147544,-118.081868,SIERRA MADRE VILLA,29.28
2025-01-07 12:40:00,769269,210,E,FR,,,,,,,,34.15167,-118.137983,LAKE AVE OFF(LAKE 1),25.98
2025-01-07 12:40:00,769272,210,E,FR,,,,,,,,34.151855,-118.125787,HILL AVE OFF,26.68
2025-01-07 12:40:00,769789,210,E,FR,,,,,,,,34.189219,-118.180753,BERKSHIRE,21.58
2025-01-07 12:40:00,769833,210,E,FR,,,,,,,,34.206745,-118.201533,ANGELES CREST HWY SB,19.78
2025-01-07 12:40:00,769850,210,E,FR,32.0,32.0,,,,,,34.211728,-118.228265,OCEAN VIEW,18.18
2025-01-07 12:40:00,769882,210,E,FR,15.0,15.0,,,,,,34.221426,-118.245718,PENNSYLVANIA,16.98
2025-01-07 12:40:00,769897,210,E,FR,,,,,,,,34.230849,-118.265101,LOWELL / HONOLULU,15.68
2025-01-07 12:40:00,769898,210,E,FR,,,,,,,,34.230849,-118.265101,LOWELL / HONOLULU,15.68
2025-01-07 12:40:00,769986,210,E,FR,,,,,,,,34.202989,-118.191827,GOULD,20.4
2025-01-07 12:40:00,770118,210,E,FR,,,,,,,,34.234317,-118.286992,LA TUNA CANYON,14.39
2025-01-07 12:45:00,717616,210,E,FR,,,,,,,,34.179921,-118.167405,ARROYO,22.6
2025-01-07 12:45:00,717619,210,E,FR,,,,,,,,34.174756,-118.160407,LINCOLN 1,23.14
2025-01-07 12:45:00,717651,210,E,FR,14.0,14.0,,,,,,34.147621,-118.079037,SIERRA MADRE V2,29.44
2025-01-07 12:45:00,737480,210,E,FR,,,,,,,,34.152332,-118.103137,ALTADENA,27.98
2025-01-07 12:45:00,761091,210,E,FR,,,,,,,,34.160546,-118.158748,MOUNTAIN 2,24.16
2025-01-07 12:45:00,763878,210,E,FR,,,,,,,,34.152216,-118.156144,WALNUT,24.81
2025-01-07 12:45:00,763908,210,E,FR,42.0,9.0,33.0,,,,,34.152385,-118.0979,SIERRA MADRE BLVD,28.28
2025-01-07 12:45:00,768923,210,E,FR,,,,,,,,34.147544,-118.081868,SIERRA MADRE VILLA,29.28
2025-01-07 12:45:00,769269,210,E,FR,,,,,,,,34.15167,-118.137983,LAKE AVE OFF(LAKE 1),25.98
2025-01-07 12:45:00,769272,210,E,FR,,,,,,,,34.151855,-118.125787,HILL AVE OFF,26.68
2025-01-07 12:45:00,769789,210,E,FR,,,,,,,,34.189219,-118.180753,BERKSHIRE,21.58
2025-01-07 12:45:00,769833,210,E,FR,,,,,,,,34.206745,-118.201533,ANGELES CREST HWY SB,19.78
2025-01-07 12:45:00,769850,210,E,FR,26.0,26.0,,,,,,34.211728,-118.228265,OCEAN VIEW,18.18
2025-01-07 12:45:00,769882,210,E,FR,25.0,25.0,,,,,,34.221426,-118.245718,PENNSYLVANIA,16.98
2025-01-07 12:45:00,769897,210,E,FR,,,,,,,,34.230849,-118.265101,LOWELL / HONOLULU,15.68
2025-01-07 12:45:00,769898,210,E,FR,,,,,,,,34.230849,-118.265101,LOWELL / HONOLULU,15.68
2025-01-07 12:45:00,769986,210,E,FR,,,,,,,,34.202989,-118.191827,GOULD,20.4
2025-01-07 12:45:00,770118,210,E,FR,,,,,,,,34.234317,-118.286992,LA TUNA CANYON,14.39
2025-01-07 12:50:00,717616,210,E,FR,,,,,,,,34.179921,-118.167405,ARROYO,22.6
2025-01-07 12:50:00,717619,210,E,FR,,,,,,,,34.174756,-118.160407,LINCOLN 1,23.14
2025-01-07 12:50:00,717651,210,E,FR,24.0,24.0,,,,,,34.147621,-118.079037,SIERRA MADRE V2,29.44
2025-01-07 12:50:00,737480,210,E,FR,,,,,,,,34.152332,-118.103137,ALTADENA,27.98
2025-01-07 12:50:00,761091,210,E,FR,,,,,,,,34.160546,-118.158748,MOUNTAIN 2,24.16
2025-01-07 12:50:00,763878,210,E,FR,,,,,,,,34.152216,-118.156144,WALNUT,24.81
2025-01-07 12:50:00,763908,210,E,FR,40.0,10.0,30.0,,,,,34.152385,-118.0979,SIERRA MADRE BLVD,28.28
2025-01-07 12:50:00,768923,210,E,FR,,,,,,,,34.147544,-118.081868,SIERRA MADRE VILLA,29.28
2025-01-07 12:50:00,769269,210,E,FR,,,,,,,,34.15167,-118.137983,LAKE AVE OFF(LAKE 1),25.98
2025-01-07 12:50:00,769272,210,E,FR,,,,,,,,34.151855,-118.125787,HILL AVE OFF,26.68
2025-01-07 12:50:00,769789,210,E,FR,,,,,,,,34.189219,-118.180753,BERKSHIRE,21.58
2025-01-07 12:50:00,769833,210,E,FR,,,,,,,,34.206745,-118.201533,ANGELES CREST HWY SB,19.78
2025-01-07 12:50:00,769850,210,E,FR,29.0,29.0,,,,,,34.211728,-118.228265,OCEAN VIEW,18.18
2025-01-07 12:50:00,769882,210,E,FR,21.0,21.0,,,,,,34.221426,-118.245718,PENNSYLVANIA,16.98
2025-01-07 12:50:00,769897,210,E,FR,,,,,,,,34.230849,-118.265101,LOWELL / HONOLULU,15.68
2025-01-07 12:50:00,769898,210,E,FR,,,,,,,,34.230849,-118.265101,LOWELL / HONOLULU,15.68
2025-01-07 12:50:00,769986,210,E,FR,,,,,,,,34.202989,-118.191827,GOULD,20.4
2025-01-07 12:50:00,770118,210,E,FR,,,,,,,,34.234317,-118.286992,LA TUNA CANYON,14.39
2025-01-07 12:55:00,717616,210,E,FR,,,,,,,,34.179921,-118.167405,ARROYO,22.6
2025-01-07 12:55:00,717619,210,E,FR,,,,,,,,34.174756,-118.160407,LINCOLN 1,23.14
2025-01-07 12:55:00,717651,210,E,FR,20.0,20.0,,,,,,34.147621,-118.079037,SIERRA MADRE V2,29.44
2025-01-07 12:55:00,737480,210,E,FR,,,,,,,,34.152332,-118.103137,ALTADENA,27.98
2025-01-07 12:55:00,761091,210,E,FR,,,,,,,,34.160546,-118.158748,MOUNTAIN 2,24.16
2025-01-07 12:55:00,763878,210,E,FR,,,,,,,,34.152216,-118.156144,WALNUT,24.81
2025-01-07 12:55:00,763908,210,E,FR,51.0,12.0,39.0,,,,,34.152385,-118.0979,SIERRA MADRE BLVD,28.28
2025-01-07 12:55:00,768923,210,E,FR,,,,,,,,34.147544,-118.081868,SIERRA MADRE VILLA,29.28
2025-01-07 12:55:00,769269,210,E,FR,,,,,,,,34.15167,-118.137983,LAKE AVE OFF(LAKE 1),25.98
2025-01-07 12:55:00,769272,210,E,FR,,,,,,,,34.151855,-118.125787,HILL AVE OFF,26.68
2025-01-07 12:55:00,769789,210,E,FR,,,,,,,,34.189219,-118.180753,BERKSHIRE,21.58
2025-01-07 12:55:00,769833,210,E,FR,,,,,,,,34.206745,-118.201533,ANGELES CREST HWY SB,19.78
2025-01-07 12:55:00,769850,210,E,FR,30.0,30.0,,,,,,34.211728,-118.228265,OCEAN VIEW,18.18
2025-01-07 12:55:00,769882,210,E,FR,13.0,13.0,,,,,,34.221426,-118.245718,PENNSYLVANIA,16.98
2025-01-07 12:55:00,769897,210,E,FR,,,,,,,,34.230849,-118.265101,LOWELL / HONOLULU,15.68
2025-01-07 12:55:00,769898,210,E,FR,,,,,,,,34.230849,-118.265101,LOWELL / HONOLULU,15.68
2025-01-07 12:55:00,769986,210,E,FR,,,,,,,,34.202989,-118.191827,GOULD,20.4
2025-01-07 12:55:00,770118,210,E,FR,,,,,,,,34.234317,-118.286992,LA TUNA CANYON,14.39
2025-01-07 13:00:00,717616,210,E,FR,,,,,,,,34.179921,-118.167405,ARROYO,22.6
2025-01-07 13:00:00,717619,210,E,FR,,,,,,,,34.174756,-118.160407,LINCOLN 1,23.14
2025-01-07 13:00:00,717651,210,E,FR,28.0,28.0,,,,,,34.147621,-118.079037,SIERRA MADRE V2,29.44
2025-01-07 13:00:00,737480,210,E,FR,,,,,,,,34.152332,-118.103137,ALTADENA,27.98
2025-01-07 13:00:00,761091,210,E,FR,,,,,,,,34.160546,-118.158748,MOUNTAIN 2,24.16
2025-01-07 13:00:00,763878,210,E,FR,,,,,,,,34.152216,-118.156144,WALNUT,24.81
2025-01-07 13:00:00,763908,210,E,FR,34.0,11.0,23.0,,,,,34.152385,-118.0979,SIERRA MADRE BLVD,28.28
2025-01-07 13:00:00,768923,210,E,FR,,,,,,,,34.147544,-118.081868,SIERRA MADRE VILLA,29.28
2025-01-07 13:00:00,769269,210,E,FR,,,,,,,,34.15167,-118.137983,LAKE AVE OFF(LAKE 1),25.98
2025-01-07 13:00:00,769272,210,E,FR,,,,,,,,34.151855,-118.125787,HILL AVE OFF,26.68
2025-01-07 13:00:00,769789,210,E,FR,,,,,,,,34.189219,-118.180753,BERKSHIRE,21.58
2025-01-07 13:00:00,769833,210,E,FR,,,,,,,,34.206745,-118.201533,ANGELES CREST HWY SB,19.78
2025-01-07 13:00:00,769850,210,E,FR,29.0,29.0,,,,,,34.211728,-118.228265,OCEAN VIEW,18.18
2025-01-07 13:00:00,769882,210,E,FR,16.0,16.0,,,,,,34.221426,-118.245718,PENNSYLVANIA,16.98
2025-01-07 13:00:00,769897,210,E,FR,,,,,,,,34.230849,-118.265101,LOWELL / HONOLULU,15.68
2025-01-07 13:00:00,769898,210,E,FR,,,,,,,,34.230849,-118.265101,LOWELL / HONOLULU,15.68
2025-01-07 13:00:00,769986,210,E,FR,,,,,,,,34.202989,-118.191827,GOULD,20.4
2025-01-07 13:00:00,770118,210,E,FR,,,,,,,,34.234317,-118.286992,LA TUNA CANYON,14.39
2025-01-07 13:05:00,717616,210,E,FR,,,,,,,,34.179921,-118.167405,ARROYO,22.6
2025-01-07 13:05:00,717619,210,E,FR,,,,,,,,34.174756,-118.160407,LINCOLN 1,23.14
2025-01-07 13:05:00,717651,210,E,FR,23.0,23.0,,,,,,34.147621,-118.079037,SIERRA MADRE V2,29.44
2025-01-07 13:05:00,737480,210,E,FR,,,,,,,,34.152332,-118.103137,ALTADENA,27.98
2025-01-07 13:05:00,761091,210,E,FR,,,,,,,,34.160546,-118.158748,MOUNTAIN 2,24.16
2025-01-07 13:05:00,763878,210,E,FR,,,,,,,,34.152216,-118.156144,WALNUT,24.81
2025-01-07 13:05:00,763908,210,E,FR,38.0,11.0,27.0,,,,,34.152385,-118.0979,SIERRA MADRE BLVD,28.28
2025-01-07 13:05:00,768923,210,E,FR,,,,,,,,34.147544,-118.081868,SIERRA MADRE VILLA,29.28
2025-01-07 13:05:00,769269,210,E,FR,,,,,,,,34.15167,-118.137983,LAKE AVE OFF(LAKE 1),25.98
2025-01-07 13:05:00,769272,210,E,FR,,,,,,,,34.151855,-118.125787,HILL AVE OFF,26.68
2025-01-07 13:05:00,769789,210,E,FR,,,,,,,,34.189219,-118.180753,BERKSHIRE,21.58
2025-01-07 13:05:00,769833,210,E,FR,,,,,,,,34.206745,-118.201533,ANGELES CREST HWY SB,19.78
2025-01-07 13:05:00,769850,210,E,FR,29.0,29.0,,,,,,34.211728,-118.228265,OCEAN VIEW,18.18
2025-01-07 13:05:00,769882,210,E,FR,20.0,20.0,,,,,,34.221426,-118.245718,PENNSYLVANIA,16.98
2025-01-07 13:05:00,769897,210,E,FR,,,,,,,,34.230849,-118.265101,LOWELL / HONOLULU,15.68
2025-01-07 13:05:00,769898,210,E,FR,,,,,,,,34.230849,-118.265101,LOWELL / HONOLULU,15.68
2025-01-07 13:05:00,769986,210,E,FR,,,,,,,,34.202989,-118.191827,GOULD,20.4
2025-01-07 13:05:00,770118,210,E,FR,,,,,,,,34.234317,-118.286992,LA TUNA CANYON,14.39
2025-01-07 13:10:00,717616,210,E,FR,,,,,,,,34.179921,-118.167405,ARROYO,22.6
2025-01-07 13:10:00,717619,210,E,FR,,,,,,,,34.174756,-118.160407,LINCOLN 1,23.14
2025-01-07 13:10:00,717651,210,E,FR,14.0,14.0,,,,,,34.147621,-118.079037,SIERRA MADRE V2,29.44
2025-01-07 13:10:00,737480,210,E,FR,,,,,,,,34.152332,-118.103137,ALTADENA,27.98
2025-01-07 13:10:00,761091,210,E,FR,,,,,,,,34.160546,-118.158748,MOUNTAIN 2,24.16
2025-01-07 13:10:00,763878,210,E,FR,,,,,,,,34.152216,-118.156144,WALNUT,24.81
2025-01-07 13:10:00,763908,210,E,FR,44.0,12.0,32.0,,,,,34.152385,-118.0979,SIERRA MADRE BLVD,28.28
2025-01-07 13:10:00,768923,210,E,FR,,,,,,,,34.147544,-118.081868,SIERRA MADRE VILLA,29.28
2025-01-07 13:10:00,769269,210,E,FR,,,,,,,,34.15167,-118.137983,LAKE AVE OFF(LAKE 1),25.98
2025-01-07 13:10:00,769272,210,E,FR,,,,,,,,34.151855,-118.125787,HILL AVE OFF,26.68
2025-01-07 13:10:00,769789,210,E,FR,,,,,,,,34.189219,-118.180753,BERKSHIRE,21.58
2025-01-07 13:10:00,769833,210,E,FR,,,,,,,,34.206745,-118.201533,ANGELES CREST HWY SB,19.78
2025-01-07 13:10:00,769850,210,E,FR,23.0,23.0,,,,,,34.211728,-118.228265,OCEAN VIEW,18.18
2025-01-07 13:10:00,769882,210,E,FR,14.0,14.0,,,,,,34.221426,-118.245718,PENNSYLVANIA,16.98
2025-01-07 13:10:00,769897,210,E,FR,,,,,,,,34.230849,-118.265101,LOWELL / HONOLULU,15.68
2025-01-07 13:10:00,769898,210,E,FR,,,,,,,,34.230849,-118.265101,LOWELL / HONOLULU,15.68
2025-01-07 13:10:00,769986,210,E,FR,,,,,,,,34.202989,-118.191827,GOULD,20.4
2025-01-07 13:10:00,770118,210,E,FR,,,,,,,,34.234317,-118.286992,LA TUNA CANYON,14.39
2025-01-07 13:15:00,717616,210,E,FR,,,,,,,,34.179921,-118.167405,ARROYO,22.6
2025-01-07 13:15:00,717619,210,E,FR,,,,,,,,34.174756,-118.160407,LINCOLN 1,23.14
2025-01-07 13:15:00,717651,210,E,FR,30.0,30.0,,,,,,34.147621,-118.079037,SIERRA MADRE V2,29.44
2025-01-07 13:15:00,737480,210,E,FR,,,,,,,,34.152332,-118.103137,ALTADENA,27.98
2025-01-07 13:15:00,761091,210,E,FR,,,,,,,,34.160546,-118.158748,MOUNTAIN 2,24.16
2025-01-07 13:15:00,763878,210,E,FR,,,,,,,,34.152216,-118.156144,WALNUT,24.81
2025-01-07 13:15:00,763908,210,E,FR,54.0,20.0,34.0,,,,,34.152385,-118.0979,SIERRA MADRE BLVD,28.28
2025-01-07 13:15:00,768923,210,E,FR,,,,,,,,34.147544,-118.081868,SIERRA MADRE VILLA,29.28
2025-01-07 13:15:00,769269,210,E,FR,,,,,,,,34.15167,-118.137983,LAKE AVE OFF(LAKE 1),25.98
2025-01-07 13:15:00,769272,210,E,FR,,,,,,,,34.151855,-118.125787,HILL AVE OFF,26.68
2025-01-07 13:15:00,769789,210,E,FR,,,,,,,,34.189219,-118.180753,BERKSHIRE,21.58
2025-01-07 13:15:00,769833,210,E,FR,,,,,,,,34.206745,-118.201533,ANGELES CREST HWY SB,19.78
2025-01-07 13:15:00,769850,210,E,FR,23.0,23.0,,,,,,34.211728,-118.228265,OCEAN VIEW,18.18
2025-01-07 13:15:00,769882,210,E,FR,21.0,21.0,,,,,,34.221426,-118.245718,PENNSYLVANIA,16.98
2025-01-07 13:15:00,769897,210,E,FR,,,,,,,,34.230849,-118.265101,LOWELL / HONOLULU,15.68
2025-01-07 13:15:00,769898,210,E,FR,,,,,,,,34.230849,-118.265101,LOWELL / HONOLULU,15.68
2025-01-07 13:15:00,769986,210,E,FR,,,,,,,,34.202989,-118.191827,GOULD,20.4
2025-01-07 13:15:00,770118,210,E,FR,,,,,,,,34.234317,-118.286992,LA TUNA CANYON,14.39
2025-01-07 13:20:00,717616,210,E,FR,,,,,,,,34.179921,-118.167405,ARROYO,22.6
2025-01-07 13:20:00,717619,210,E,FR,,,,,,,,34.174756,-118.160407,LINCOLN 1,23.14
2025-01-07 13:20:00,717651,210,E,FR,16.0,16.0,,,,,,34.147621,-118.079037,SIERRA MADRE V2,29.44
2025-01-07 13:20:00,737480,210,E,FR,,,,,,,,34.152332,-118.103137,ALTADENA,27.98
2025-01-07 13:20:00,761091,210,E,FR,,,,,,,,34.160546,-118.158748,MOUNTAIN 2,24.16
2025-01-07 13:20:00,763878,210,E,FR,,,,,,,,34.152216,-118.156144,WALNUT,24.81
2025-01-07 13:20:00,763908,210,E,FR,56.0,10.0,46.0,,,,,34.152385,-118.0979,SIERRA MADRE BLVD,28.28
2025-01-07 13:20:00,768923,210,E,FR,,,,,,,,34.147544,-118.081868,SIERRA MADRE VILLA,29.28
2025-01-07 13:20:00,769269,210,E,FR,,,,,,,,34.15167,-118.137983,LAKE AVE OFF(LAKE 1),25.98
2025-01-07 13:20:00,769272,210,E,FR,,,,,,,,34.151855,-118.125787,HILL AVE OFF,26.68
2025-01-07 13:20:00,769789,210,E,FR,,,,,,,,34.189219,-118.180753,BERKSHIRE,21.58
2025-01-07 13:20:00,769833,210,E,FR,,,,,,,,34.206745,-118.201533,ANGELES CREST HWY SB,19.78
2025-01-07 13:20:00,769850,210,E,FR,23.0,23.0,,,,,,34.211728,-118.228265,OCEAN VIEW,18.18
2025-01-07 13:20:00,769882,210,E,FR,23.0,23.0,,,,,,34.221426,-118.245718,PENNSYLVANIA,16.98
2025-01-07 13:20:00,769897,210,E,FR,,,,,,,,34.230849,-118.265101,LOWELL / HONOLULU,15.68
2025-01-07 13:20:00,769898,210,E,FR,,,,,,,,34.230849,-118.265101,LOWELL / HONOLULU,15.68
2025-01-07 13:20:00,769986,210,E,FR,,,,,,,,34.202989,-118.191827,GOULD,20.4
2025-01-07 13:20:00,770118,210,E,FR,,,,,,,,34.234317,-118.286992,LA TUNA CANYON,14.39
2025-01-07 13:25:00,717616,210,E,FR,,,,,,,,34.179921,-118.167405,ARROYO,22.6
2025-01-07 13:25:00,717619,210,E,FR,,,,,,,,34.174756,-118.160407,LINCOLN 1,23.14
2025-01-07 13:25:00,717651,210,E,FR,22.0,22.0,,,,,,34.147621,-118.079037,SIERRA MADRE V2,29.44
2025-01-07 13:25:00,737480,210,E,FR,,,,,,,,34.152332,-118.103137,ALTADENA,27.98
2025-01-07 13:25:00,761091,210,E,FR,,,,,,,,34.160546,-118.158748,MOUNTAIN 2,24.16
2025-01-07 13:25:00,763878,210,E,FR,,,,,,,,34.152216,-118.156144,WALNUT,24.81
2025-01-07 13:25:00,763908,210,E,FR,31.0,5.0,26.0,,,,,34.152385,-118.0979,SIERRA MADRE BLVD,28.28
2025-01-07 13:25:00,768923,210,E,FR,,,,,,,,34.147544,-118.081868,SIERRA MADRE VILLA,29.28
2025-01-07 13:25:00,769269,210,E,FR,,,,,,,,34.15167,-118.137983,LAKE AVE OFF(LAKE 1),25.98
2025-01-07 13:25:00,769272,210,E,FR,,,,,,,,34.151855,-118.125787,HILL AVE OFF,26.68
2025-01-07 13:25:00,769789,210,E,FR,,,,,,,,34.189219,-118.180753,BERKSHIRE,21.58
2025-01-07 13:25:00,769833,210,E,FR,,,,,,,,34.206745,-118.201533,ANGELES CREST HWY SB,19.78
2025-01-07 13:25:00,769850,210,E,FR,21.0,21.0,,,,,,34.211728,-118.228265,OCEAN VIEW,18.18
2025-01-07 13:25:00,769882,210,E,FR,20.0,20.0,,,,,,34.221426,-118.245718,PENNSYLVANIA,16.98
2025-01-07 13:25:00,769897,210,E,FR,,,,,,,,34.230849,-118.265101,LOWELL / HONOLULU,15.68
2025-01-07 13:25:00,769898,210,E,FR,,,,,,,,34.230849,-118.265101,LOWELL / HONOLULU,15.68
2025-01-07 13:25:00,769986,210,E,FR,,,,,,,,34.202989,-118.191827,GOULD,20.4
2025-01-07 13:25:00,770118,210,E,FR,,,,,,,,34.234317,-118.286992,LA TUNA CANYON,14.39
2025-01-07 13:30:00,717616,210,E,FR,,,,,,,,34.179921,-118.167405,ARROYO,22.6
2025-01-07 13:30:00,717619,210,E,FR,,,,,,,,34.174756,-118.160407,LINCOLN 1,23.14
2025-01-07 13:30:00,717651,210,E,FR,9.0,9.0,,,,,,34.147621,-118.079037,SIERRA MADRE V2,29.44
2025-01-07 13:30:00,737480,210,E,FR,,,,,,,,34.152332,-118.103137,ALTADENA,27.98
2025-01-07 13:30:00,761091,210,E,FR,,,,,,,,34.160546,-118.158748,MOUNTAIN 2,24.16
2025-01-07 13:30:00,763878,210,E,FR,,,,,,,,34.152216,-118.156144,WALNUT,24.81
2025-01-07 13:30:00,763908,210,E,FR,34.0,5.0,29.0,,,,,34.152385,-118.0979,SIERRA MADRE BLVD,28.28
2025-01-07 13:30:00,768923,210,E,FR,,,,,,,,34.147544,-118.081868,SIERRA MADRE VILLA,29.28
2025-01-07 13:30:00,769269,210,E,FR,,,,,,,,34.15167,-118.137983,LAKE AVE OFF(LAKE 1),25.98
2025-01-07 13:30:00,769272,210,E,FR,,,,,,,,34.151855,-118.125787,HILL AVE OFF,26.68
2025-01-07 13:30:00,769789,210,E,FR,,,,,,,,34.189219,-118.180753,BERKSHIRE,21.58
2025-01-07 13:30:00,769833,210,E,FR,,,,,,,,34.206745,-118.201533,ANGELES CREST HWY SB,19.78
2025-01-07 13:30:00,769850,210,E,FR,31.0,31.0,,,,,,34.211728,-118.228265,OCEAN VIEW,18.18
2025-01-07 13:30:00,769882,210,E,FR,25.0,25.0,,,,,,34.221426,-118.245718,PENNSYLVANIA,16.98
2025-01-07 13:30:00,769897,210,E,FR,,,,,,,,34.230849,-118.265101,LOWELL / HONOLULU,15.68
2025-01-07 13:30:00,769898,210,E,FR,,,,,,,,34.230849,-118.265101,LOWELL / HONOLULU,15.68
2025-01-07 13:30:00,769986,210,E,FR,,,,,,,,34.202989,-118.191827,GOULD,20.4
2025-01-07 13:30:00,770118,210,E,FR,,,,,,,,34.234317,-118.286992,LA TUNA CANYON,14.39
2025-01-07 13:35:00,717616,210,E,FR,,,,,,,,34.179921,-118.167405,ARROYO,22.6
2025-01-07 13:35:00,717619,210,E,FR,,,,,,,,34.174756,-118.160407,LINCOLN 1,23.14
2025-01-07 13:35:00,717651,210,E,FR,14.0,14.0,,,,,,34.147621,-118.079037,SIERRA MADRE V2,29.44
2025-01-07 13:35:00,737480,210,E,FR,,,,,,,,34.152332,-118.103137,ALTADENA,27.98
2025-01-07 13:35:00,761091,210,E,FR,,,,,,,,34.160546,-118.158748,MOUNTAIN 2,24.16
2025-01-07 13:35:00,763878,210,E,FR,,,,,,,,34.152216,-118.156144,WALNUT,24.81
2025-01-07 13:35:00,763908,210,E,FR,50.0,16.0,34.0,,,,,34.152385,-118.0979,SIERRA MADRE BLVD,28.28
2025-01-07 13:35:00,768923,210,E,FR,,,,,,,,34.147544,-118.081868,SIERRA MADRE VILLA,29.28
2025-01-07 13:35:00,769269,210,E,FR,,,,,,,,34.15167,-118.137983,LAKE AVE OFF(LAKE 1),25.98
2025-01-07 13:35:00,769272,210,E,FR,,,,,,,,34.151855,-118.125787,HILL AVE OFF,26.68
2025-01-07 13:35:00,769789,210,E,FR,,,,,,,,34.189219,-118.180753,BERKSHIRE,21.58
2025-01-07 13:35:00,769833,210,E,FR,,,,,,,,34.206745,-118.201533,ANGELES CREST HWY SB,19.78
2025-01-07 13:35:00,769850,210,E,FR,19.0,19.0,,,,,,34.211728,-118.228265,OCEAN VIEW,18.18
2025-01-07 13:35:00,769882,210,E,FR,25.0,25.0,,,,,,34.221426,-118.245718,PENNSYLVANIA,16.98
2025-01-07 13:35:00,769897,210,E,FR,,,,,,,,34.230849,-118.265101,LOWELL / HONOLULU,15.68
2025-01-07 13:35:00,769898,210,E,FR,,,,,,,,34.230849,-118.265101,LOWELL / HONOLULU,15.68
2025-01-07 13:35:00,769986,210,E,FR,,,,,,,,34.202989,-118.191827,GOULD,20.4
2025-01-07 13:35:00,770118,210,E,FR,,,,,,,,34.234317,-118.286992,LA TUNA CANYON,14.39
2025-01-07 13:40:00,717616,210,E,FR,,,,,,,,34.179921,-118.167405,ARROYO,22.6
2025-01-07 13:40:00,717619,210,E,FR,,,,,,,,34.174756,-118.160407,LINCOLN 1,23.14
2025-01-07 13:40:00,717651,210,E,FR,24.0,24.0,,,,,,34.147621,-118.079037,SIERRA MADRE V2,29.44
2025-01-07 13:40:00,737480,210,E,FR,,,,,,,,34.152332,-118.103137,ALTADENA,27.98
2025-01-07 13:40:00,761091,210,E,FR,,,,,,,,34.160546,-118.158748,MOUNTAIN 2,24.16
2025-01-07 13:40:00,763878,210,E,FR,,,,,,,,34.152216,-118.156144,WALNUT,24.81
2025-01-07 13:40:00,763908,210,E,FR,41.0,13.0,28.0,,,,,34.152385,-118.0979,SIERRA MADRE BLVD,28.28
2025-01-07 13:40:00,768923,210,E,FR,,,,,,,,34.147544,-118.081868,SIERRA MADRE VILLA,29.28
2025-01-07 13:40:00,769269,210,E,FR,,,,,,,,34.15167,-118.137983,LAKE AVE OFF(LAKE 1),25.98
2025-01-07 13:40:00,769272,210,E,FR,,,,,,,,34.151855,-118.125787,HILL AVE OFF,26.68
2025-01-07 13:40:00,769789,210,E,FR,,,,,,,,34.189219,-118.180753,BERKSHIRE,21.58
2025-01-07 13:40:00,769833,210,E,FR,,,,,,,,34.206745,-118.201533,ANGELES CREST HWY SB,19.78
2025-01-07 13:40:00,769850,210,E,FR,27.0,27.0,,,,,,34.211728,-118.228265,OCEAN VIEW,18.18
2025-01-07 13:40:00,769882,210,E,FR,23.0,23.0,,,,,,34.221426,-118.245718,PENNSYLVANIA,16.98
2025-01-07 13:40:00,769897,210,E,FR,,,,,,,,34.230849,-118.265101,LOWELL / HONOLULU,15.68
2025-01-07 13:40:00,769898,210,E,FR,,,,,,,,34.230849,-118.265101,LOWELL / HONOLULU,15.68
2025-01-07 13:40:00,769986,210,E,FR,,,,,,,,34.202989,-118.191827,GOULD,20.4
2025-01-07 13:40:00,770118,210,E,FR,,,,,,,,34.234317,-118.286992,LA TUNA CANYON,14.39
2025-01-07 13:45:00,717616,210,E,FR,,,,,,,,34.179921,-118.167405,ARROYO,22.6
2025-01-07 13:45:00,717619,210,E,FR,,,,,,,,34.174756,-118.160407,LINCOLN 1,23.14
2025-01-07 13:45:00,717651,210,E,FR,,,,,,,,34.147621,-118.079037,SIERRA MADRE V2,29.44
2025-01-07 13:45:00,737480,210,E,FR,,,,,,,,34.152332,-118.103137,ALTADENA,27.98
2025-01-07 13:45:00,761091,210,E,FR,,,,,,,,34.160546,-118.158748,MOUNTAIN 2,24.16
2025-01-07 13:45:00,763878,210,E,FR,,,,,,,,34.152216,-118.156144,WALNUT,24.81
2025-01-07 13:45:00,763908,210,E,FR,,,,,,,,34.152385,-118.0979,SIERRA MADRE BLVD,28.28
2025-01-07 13:45:00,768923,210,E,FR,,,,,,,,34.147544,-118.081868,SIERRA MADRE VILLA,29.28
2025-01-07 13:45:00,769269,210,E,FR,,,,,,,,34.15167,-118.137983,LAKE AVE OFF(LAKE 1),25.98
2025-01-07 13:45:00,769272,210,E,FR,,,,,,,,34.151855,-118.125787,HILL AVE OFF,26.68
2025-01-07 13:45:00,769789,210,E,FR,,,,,,,,34.189219,-118.180753,BERKSHIRE,21.58
2025-01-07 13:45:00,769833,210,E,FR,,,,,,,,34.206745,-118.201533,ANGELES CREST HWY SB,19.78
2025-01-07 13:45:00,769850,210,E,FR,,,,,,,,34.211728,-118.228265,OCEAN VIEW,18.18
2025-01-07 13:45:00,769882,210,E,FR,,,,,,,,34.221426,-118.245718,PENNSYLVANIA,16.98
2025-01-07 13:45:00,769897,210,E,FR,,,,,,,,34.230849,-118.265101,LOWELL / HONOLULU,15.68
2025-01-07 13:45:00,769898,210,E,FR,,,,,,,,34.230849,-118.265101,LOWELL / HONOLULU,15.68
2025-01-07 13:45:00,769986,210,E,FR,,,,,,,,34.202989,-118.191827,GOULD,20.4
2025-01-07 13:45:00,770118,210,E,FR,,,,,,,,34.234317,-118.286992,LA TUNA CANYON,14.39
2025-01-07 13:50:00,717616,210,E,FR,,,,,,,,34.179921,-118.167405,ARROYO,22.6
2025-01-07 13:50:00,717619,210,E,FR,,,,,,,,34.174756,-118.160407,LINCOLN 1,23.14
2025-01-07 13:50:00,717651,210,E,FR,17.0,17.0,,,,,,34.147621,-118.079037,SIERRA MADRE V2,29.44
2025-01-07 13:50:00,737480,210,E,FR,,,,,,,,34.152332,-118.103137,ALTADENA,27.98
2025-01-07 13:50:00,761091,210,E,FR,,,,,,,,34.160546,-118.158748,MOUNTAIN 2,24.16
2025-01-07 13:50:00,763878,210,E,FR,,,,,,,,34.152216,-118.156144,WALNUT,24.81
2025-01-07 13:50:00,763908,210,E,FR,52.0,9.0,43.0,,,,,34.152385,-118.0979,SIERRA MADRE BLVD,28.28
2025-01-07 13:50:00,768923,210,E,FR,,,,,,,,34.147544,-118.081868,SIERRA MADRE VILLA,29.28
2025-01-07 13:50:00,769269,210,E,FR,,,,,,,,34.15167,-118.137983,LAKE AVE OFF(LAKE 1),25.98
2025-01-07 13:50:00,769272,210,E,FR,,,,,,,,34.151855,-118.125787,HILL AVE OFF,26.68
2025-01-07 13:50:00,769789,210,E,FR,,,,,,,,34.189219,-118.180753,BERKSHIRE,21.58
2025-01-07 13:50:00,769833,210,E,FR,,,,,,,,34.206745,-118.201533,ANGELES CREST HWY SB,19.78
2025-01-07 13:50:00,769850,210,E,FR,29.0,29.0,,,,,,34.211728,-118.228265,OCEAN VIEW,18.18
2025-01-07 13:50:00,769882,210,E,FR,27.0,27.0,,,,,,34.221426,-118.245718,PENNSYLVANIA,16.98
2025-01-07 13:50:00,769897,210,E,FR,,,,,,,,34.230849,-118.265101,LOWELL / HONOLULU,15.68
2025-01-07 13:50:00,769898,210,E,FR,,,,,,,,34.230849,-118.265101,LOWELL / HONOLULU,15.68
2025-01-07 13:50:00,769986,210,E,FR,,,,,,,,34.202989,-118.191827,GOULD,20.4
2025-01-07 13:50:00,770118,210,E,FR,,,,,,,,34.234317,-118.286992,LA TUNA CANYON,14.39
2025-01-07 13:55:00,717616,210,E,FR,,,,,,,,34.179921,-118.167405,ARROYO,22.6
2025-01-07 13:55:00,717619,210,E,FR,,,,,,,,34.174756,-118.160407,LINCOLN 1,23.14
2025-01-07 13:55:00,717651,210,E,FR,20.0,20.0,,,,,,34.147621,-118.079037,SIERRA MADRE V2,29.44
2025-01-07 13:55:00,737480,210,E,FR,,,,,,,,34.152332,-118.103137,ALTADENA,27.98
2025-01-07 13:55:00,761091,210,E,FR,,,,,,,,34.160546,-118.158748,MOUNTAIN 2,24.16
2025-01-07 13:55:00,763878,210,E,FR,,,,,,,,34.152216,-118.156144,WALNUT,24.81
2025-01-07 13:55:00,763908,210,E,FR,46.0,9.0,37.0,,,,,34.152385,-118.0979,SIERRA MADRE BLVD,28.28
2025-01-07 13:55:00,768923,210,E,FR,,,,,,,,34.147544,-118.081868,SIERRA MADRE VILLA,29.28
2025-01-07 13:55:00,769269,210,E,FR,,,,,,,,34.15167,-118.137983,LAKE AVE OFF(LAKE 1),25.98
2025-01-07 13:55:00,769272,210,E,FR,,,,,,,,34.151855,-118.125787,HILL AVE OFF,26.68
2025-01-07 13:55:00,769789,210,E,FR,,,,,,,,34.189219,-118.180753,BERKSHIRE,21.58
2025-01-07 13:55:00,769833,210,E,FR,,,,,,,,34.206745,-118.201533,ANGELES CREST HWY SB,19.78
2025-01-07 13:55:00,769850,210,E,FR,29.0,29.0,,,,,,34.211728,-118.228265,OCEAN VIEW,18.18
2025-01-07 13:55:00,769882,210,E,FR,27.0,27.0,,,,,,34.221426,-118.245718,PENNSYLVANIA,16.98
2025-01-07 13:55:00,769897,210,E,FR,,,,,,,,34.230849,-118.265101,LOWELL / HONOLULU,15.68
2025-01-07 13:55:00,769898,210,E,FR,,,,,,,,34.230849,-118.265101,LOWELL / HONOLULU,15.68
2025-01-07 13:55:00,769986,210,E,FR,,,,,,,,34.202989,-118.191827,GOULD,20.4
2025-01-07 13:55:00,770118,210,E,FR,,,,,,,,34.234317,-118.286992,LA TUNA CANYON,14.39
2025-01-07 14:00:00,717616,210,E,FR,,,,,,,,34.179921,-118.167405,ARROYO,22.6
2025-01-07 14:00:00,717619,210,E,FR,,,,,,,,34.174756,-118.160407,LINCOLN 1,23.14
2025-01-07 14:00:00,717651,210,E,FR,19.0,19.0,,,,,,34.147621,-118.079037,SIERRA MADRE V2,29.44
2025-01-07 14:00:00,737480,210,E,FR,,,,,,,,34.152332,-118.103137,ALTADENA,27.98
2025-01-07 14:00:00,761091,210,E,FR,,,,,,,,34.160546,-118.158748,MOUNTAIN 2,24.16
2025-01-07 14:00:00,763878,210,E,FR,,,,,,,,34.152216,-118.156144,WALNUT,24.81
2025-01-07 14:00:00,763908,210,E,FR,52.0,16.0,36.0,,,,,34.152385,-118.0979,SIERRA MADRE BLVD,28.28
2025-01-07 14:00:00,768923,210,E,FR,,,,,,,,34.147544,-118.081868,SIERRA MADRE VILLA,29.28
2025-01-07 14:00:00,769269,210,E,FR,,,,,,,,34.15167,-118.137983,LAKE AVE OFF(LAKE 1),25.98
2025-01-07 14:00:00,769272,210,E,FR,,,,,,,,34.151855,-118.125787,HILL AVE OFF,26.68
2025-01-07 14:00:00,769789,210,E,FR,,,,,,,,34.189219,-118.180753,BERKSHIRE,21.58
2025-01-07 14:00:00,769833,210,E,FR,,,,,,,,34.206745,-118.201533,ANGELES CREST HWY SB,19.78
2025-01-07 14:00:00,769850,210,E,FR,21.0,21.0,,,,,,34.211728,-118.228265,OCEAN VIEW,18.18
2025-01-07 14:00:00,769882,210,E,FR,30.0,30.0,,,,,,34.221426,-118.245718,PENNSYLVANIA,16.98
2025-01-07 14:00:00,769897,210,E,FR,,,,,,,,34.230849,-118.265101,LOWELL / HONOLULU,15.68
2025-01-07 14:00:00,769898,210,E,FR,,,,,,,,34.230849,-118.265101,LOWELL / HONOLULU,15.68
2025-01-07 14:00:00,769986,210,E,FR,,,,,,,,34.202989,-118.191827,GOULD,20.4
2025-01-07 14:00:00,770118,210,E,FR,,,,,,,,34.234317,-118.286992,LA TUNA CANYON,14.39
2025-01-07 14:05:00,717616,210,E,FR,,,,,,,,34.179921,-118.167405,ARROYO,22.6
2025-01-07 14:05:00,717619,210,E,FR,,,,,,,,34.174756,-118.160407,LINCOLN 1,23.14
2025-01-07 14:05:00,717651,210,E,FR,14.0,14.0,,,,,,34.147621,-118.079037,SIERRA MADRE V2,29.44
2025-01-07 14:05:00,737480,210,E,FR,,,,,,,,34.152332,-118.103137,ALTADENA,27.98
2025-01-07 14:05:00,761091,210,E,FR,,,,,,,,34.160546,-118.158748,MOUNTAIN 2,24.16
2025-01-07 14:05:00,763878,210,E,FR,,,,,,,,34.152216,-118.156144,WALNUT,24.81
2025-01-07 14:05:00,763908,210,E,FR,34.0,11.0,23.0,,,,,34.152385,-118.0979,SIERRA MADRE BLVD,28.28
2025-01-07 14:05:00,768923,210,E,FR,,,,,,,,34.147544,-118.081868,SIERRA MADRE VILLA,29.28
2025-01-07 14:05:00,769269,210,E,FR,,,,,,,,34.15167,-118.137983,LAKE AVE OFF(LAKE 1),25.98
2025-01-07 14:05:00,769272,210,E,FR,,,,,,,,34.151855,-118.125787,HILL AVE OFF,26.68
2025-01-07 14:05:00,769789,210,E,FR,,,,,,,,34.189219,-118.180753,BERKSHIRE,21.58
2025-01-07 14:05:00,769833,210,E,FR,,,,,,,,34.206745,-118.201533,ANGELES CREST HWY SB,19.78
2025-01-07 14:05:00,769850,210,E,FR,26.0,26.0,,,,,,34.211728,-118.228265,OCEAN VIEW,18.18
2025-01-07 14:05:00,769882,210,E,FR,29.0,29.0,,,,,,34.221426,-118.245718,PENNSYLVANIA,16.98
2025-01-07 14:05:00,769897,210,E,FR,,,,,,,,34.230849,-118.265101,LOWELL / HONOLULU,15.68
2025-01-07 14:05:00,769898,210,E,FR,,,,,,,,34.230849,-118.265101,LOWELL / HONOLULU,15.68
2025-01-07 14:05:00,769986,210,E,FR,,,,,,,,34.202989,-118.191827,GOULD,20.4
2025-01-07 14:05:00,770118,210,E,FR,,,,,,,,34.234317,-118.286992,LA TUNA CANYON,14.39
2025-01-07 14:10:00,717616,210,E,FR,,,,,,,,34.179921,-118.167405,ARROYO,22.6
2025-01-07 14:10:00,717619,210,E,FR,,,,,,,,34.174756,-118.160407,LINCOLN 1,23.14
2025-01-07 14:10:00,717651,210,E,FR,20.0,20.0,,,,,,34.147621,-118.079037,SIERRA MADRE V2,29.44
2025-01-07 14:10:00,737480,210,E,FR,,,,,,,,34.152332,-118.103137,ALTADENA,27.98
2025-01-07 14:10:00,761091,210,E,FR,,,,,,,,34.160546,-118.158748,MOUNTAIN 2,24.16
2025-01-07 14:10:00,763878,210,E,FR,,,,,,,,34.152216,-118.156144,WALNUT,24.81
2025-01-07 14:10:00,763908,210,E,FR,46.0,12.0,34.0,,,,,34.152385,-118.0979,SIERRA MADRE BLVD,28.28
2025-01-07 14:10:00,768923,210,E,FR,,,,,,,,34.147544,-118.081868,SIERRA MADRE VILLA,29.28
2025-01-07 14:10:00,769269,210,E,FR,,,,,,,,34.15167,-118.137983,LAKE AVE OFF(LAKE 1),25.98
2025-01-07 14:10:00,769272,210,E,FR,,,,,,,,34.151855,-118.125787,HILL AVE OFF,26.68
2025-01-07 14:10:00,769789,210,E,FR,,,,,,,,34.189219,-118.180753,BERKSHIRE,21.58
2025-01-07 14:10:00,769833,210,E,FR,,,,,,,,34.206745,-118.201533,ANGELES CREST HWY SB,19.78
2025-01-07 14:10:00,769850,210,E,FR,24.0,24.0,,,,,,34.211728,-118.228265,OCEAN VIEW,18.18
2025-01-07 14:10:00,769882,210,E,FR,16.0,16.0,,,,,,34.221426,-118.245718,PENNSYLVANIA,16.98
2025-01-07 14:10:00,769897,210,E,FR,,,,,,,,34.230849,-118.265101,LOWELL / HONOLULU,15.68
2025-01-07 14:10:00,769898,210,E,FR,,,,,,,,34.230849,-118.265101,LOWELL / HONOLULU,15.68
2025-01-07 14:10:00,769986,210,E,FR,,,,,,,,34.202989,-118.191827,GOULD,20.4
2025-01-07 14:10:00,770118,210,E,FR,,,,,,,,34.234317,-118.286992,LA TUNA CANYON,14.39
2025-01-07 14:15:00,717616,210,E,FR,,,,,,,,34.179921,-118.167405,ARROYO,22.6
2025-01-07 14:15:00,717619,210,E,FR,,,,,,,,34.174756,-118.160407,LINCOLN 1,23.14
2025-01-07 14:15:00,717651,210,E,FR,11.0,11.0,,,,,,34.147621,-118.079037,SIERRA MADRE V2,29.44
2025-01-07 14:15:00,737480,210,E,FR,,,,,,,,34.152332,-118.103137,ALTADENA,27.98
2025-01-07 14:15:00,761091,210,E,FR,,,,,,,,34.160546,-118.158748,MOUNTAIN 2,24.16
2025-01-07 14:15:00,763878,210,E,FR,,,,,,,,34.152216,-118.156144,WALNUT,24.81
2025-01-07 14:15:00,763908,210,E,FR,46.0,16.0,30.0,,,,,34.152385,-118.0979,SIERRA MADRE BLVD,28.28
2025-01-07 14:15:00,768923,210,E,FR,,,,,,,,34.147544,-118.081868,SIERRA MADRE VILLA,29.28
2025-01-07 14:15:00,769269,210,E,FR,,,,,,,,34.15167,-118.137983,LAKE AVE OFF(LAKE 1),25.98
2025-01-07 14:15:00,769272,210,E,FR,,,,,,,,34.151855,-118.125787,HILL AVE OFF,26.68
2025-01-07 14:15:00,769789,210,E,FR,,,,,,,,34.189219,-118.180753,BERKSHIRE,21.58
2025-01-07 14:15:00,769833,210,E,FR,,,,,,,,34.206745,-118.201533,ANGELES CREST HWY SB,19.78
2025-01-07 14:15:00,769850,210,E,FR,29.0,29.0,,,,,,34.211728,-118.228265,OCEAN VIEW,18.18
2025-01-07 14:15:00,769882,210,E,FR,26.0,26.0,,,,,,34.221426,-118.245718,PENNSYLVANIA,16.98
2025-01-07 14:15:00,769897,210,E,FR,,,,,,,,34.230849,-118.265101,LOWELL / HONOLULU,15.68
2025-01-07 14:15:00,769898,210,E,FR,,,,,,,,34.230849,-118.265101,LOWELL / HONOLULU,15.68
2025-01-07 14:15:00,769986,210,E,FR,,,,,,,,34.202989,-118.191827,GOULD,20.4
2025-01-07 14:15:00,770118,210,E,FR,,,,,,,,34.234317,-118.286992,LA TUNA CANYON,14.39
2025-01-07 14:20:00,717616,210,E,FR,,,,,,,,34.179921,-118.167405,ARROYO,22.6
2025-01-07 14:20:00,717619,210,E,FR,,,,,,,,34.174756,-118.160407,LINCOLN 1,23.14
2025-01-07 14:20:00,717651,210,E,FR,27.0,27.0,,,,,,34.147621,-118.079037,SIERRA MADRE V2,29.44
2025-01-07 14:20:00,737480,210,E,FR,,,,,,,,34.152332,-118.103137,ALTADENA,27.98
2025-01-07 14:20:00,761091,210,E,FR,,,,,,,,34.160546,-118.158748,MOUNTAIN 2,24.16
2025-01-07 14:20:00,763878,210,E,FR,,,,,,,,34.152216,-118.156144,WALNUT,24.81
2025-01-07 14:20:00,763908,210,E,FR,52.0,13.0,39.0,,,,,34.152385,-118.0979,SIERRA MADRE BLVD,28.28
2025-01-07 14:20:00,768923,210,E,FR,,,,,,,,34.147544,-118.081868,SIERRA MADRE VILLA,29.28
2025-01-07 14:20:00,769269,210,E,FR,,,,,,,,34.15167,-118.137983,LAKE AVE OFF(LAKE 1),25.98
2025-01-07 14:20:00,769272,210,E,FR,,,,,,,,34.151855,-118.125787,HILL AVE OFF,26.68
2025-01-07 14:20:00,769789,210,E,FR,,,,,,,,34.189219,-118.180753,BERKSHIRE,21.58
2025-01-07 14:20:00,769833,210,E,FR,,,,,,,,34.206745,-118.201533,ANGELES CREST HWY SB,19.78
2025-01-07 14:20:00,769850,210,E,FR,33.0,33.0,,,,,,34.211728,-118.228265,OCEAN VIEW,18.18
2025-01-07 14:20:00,769882,210,E,FR,29.0,29.0,,,,,,34.221426,-118.245718,PENNSYLVANIA,16.98
2025-01-07 14:20:00,769897,210,E,FR,,,,,,,,34.230849,-118.265101,LOWELL / HONOLULU,15.68
2025-01-07 14:20:00,769898,210,E,FR,,,,,,,,34.230849,-118.265101,LOWELL / HONOLULU,15.68
2025-01-07 14:20:00,769986,210,E,FR,,,,,,,,34.202989,-118.191827,GOULD,20.4
2025-01-07 14:20:00,770118,210,E,FR,,,,,,,,34.234317,-118.286992,LA TUNA CANYON,14.39
2025-01-07 14:25:00,717616,210,E,FR,,,,,,,,34.179921,-118.167405,ARROYO,22.6
2025-01-07 14:25:00,717619,210,E,FR,,,,,,,,34.174756,-118.160407,LINCOLN 1,23.14
2025-01-07 14:25:00,717651,210,E,FR,25.0,25.0,,,,,,34.147621,-118.079037,SIERRA MADRE V2,29.44
2025-01-07 14:25:00,737480,210,E,FR,,,,,,,,34.152332,-118.103137,ALTADENA,27.98
2025-01-07 14:25:00,761091,210,E,FR,,,,,,,,34.160546,-118.158748,MOUNTAIN 2,24.16
2025-01-07 14:25:00,763878,210,E,FR,,,,,,,,34.152216,-118.156144,WALNUT,24.81
2025-01-07 14:25:00,763908,210,E,FR,43.0,12.0,31.0,,,,,34.152385,-118.0979,SIERRA MADRE BLVD,28.28
2025-01-07 14:25:00,768923,210,E,FR,,,,,,,,34.147544,-118.081868,SIERRA MADRE VILLA,29.28
2025-01-07 14:25:00,769269,210,E,FR,,,,,,,,34.15167,-118.137983,LAKE AVE OFF(LAKE 1),25.98
2025-01-07 14:25:00,769272,210,E,FR,,,,,,,,34.151855,-118.125787,HILL AVE OFF,26.68
2025-01-07 14:25:00,769789,210,E,FR,,,,,,,,34.189219,-118.180753,BERKSHIRE,21.58
2025-01-07 14:25:00,769833,210,E,FR,,,,,,,,34.206745,-118.201533,ANGELES CREST HWY SB,19.78
2025-01-07 14:25:00,769850,210,E,FR,27.0,27.0,,,,,,34.211728,-118.228265,OCEAN VIEW,18.18
2025-01-07 14:25:00,769882,210,E,FR,29.0,29.0,,,,,,34.221426,-118.245718,PENNSYLVANIA,16.98
2025-01-07 14:25:00,769897,210,E,FR,,,,,,,,34.230849,-118.265101,LOWELL / HONOLULU,15.68
2025-01-07 14:25:00,769898,210,E,FR,,,,,,,,34.230849,-118.265101,LOWELL / HONOLULU,15.68
2025-01-07 14:25:00,769986,210,E,FR,,,,,,,,34.202989,-118.191827,GOULD,20.4
2025-01-07 14:25:00,770118,210,E,FR,,,,,,,,34.234317,-118.286992,LA TUNA CANYON,14.39
2025-01-07 14:30:00,717616,210,E,FR,,,,,,,,34.179921,-118.167405,ARROYO,22.6
2025-01-07 14:30:00,717619,210,E,FR,,,,,,,,34.174756,-118.160407,LINCOLN 1,23.14
2025-01-07 14:30:00,717651,210,E,FR,28.0,28.0,,,,,,34.147621,-118.079037,SIERRA MADRE V2,29.44
2025-01-07 14:30:00,737480,210,E,FR,,,,,,,,34.152332,-118.103137,ALTADENA,27.98
2025-01-07 14:30:00,761091,210,E,FR,,,,,,,,34.160546,-118.158748,MOUNTAIN 2,24.16
2025-01-07 14:30:00,763878,210,E,FR,,,,,,,,34.152216,-118.156144,WALNUT,24.81
2025-01-07 14:30:00,763908,210,E,FR,64.0,19.0,45.0,,,,,34.152385,-118.0979,SIERRA MADRE BLVD,28.28
2025-01-07 14:30:00,768923,210,E,FR,,,,,,,,34.147544,-118.081868,SIERRA MADRE VILLA,29.28
2025-01-07 14:30:00,769269,210,E,FR,,,,,,,,34.15167,-118.137983,LAKE AVE OFF(LAKE 1),25.98
2025-01-07 14:30:00,769272,210,E,FR,,,,,,,,34.151855,-118.125787,HILL AVE OFF,26.68
2025-01-07 14:30:00,769789,210,E,FR,,,,,,,,34.189219,-118.180753,BERKSHIRE,21.58
2025-01-07 14:30:00,769833,210,E,FR,,,,,,,,34.206745,-118.201533,ANGELES CREST HWY SB,19.78
2025-01-07 14:30:00,769850,210,E,FR,24.0,24.0,,,,,,34.211728,-118.228265,OCEAN VIEW,18.18
2025-01-07 14:30:00,769882,210,E,FR,30.0,30.0,,,,,,34.221426,-118.245718,PENNSYLVANIA,16.98
2025-01-07 14:30:00,769897,210,E,FR,,,,,,,,34.230849,-118.265101,LOWELL / HONOLULU,15.68
2025-01-07 14:30:00,769898,210,E,FR,,,,,,,,34.230849,-118.265101,LOWELL / HONOLULU,15.68
2025-01-07 14:30:00,769986,210,E,FR,,,,,,,,34.202989,-118.191827,GOULD,20.4
2025-01-07 14:30:00,770118,210,E,FR,,,,,,,,34.234317,-118.286992,LA TUNA CANYON,14.39
2025-01-07 14:35:00,717616,210,E,FR,,,,,,,,34.179921,-118.167405,ARROYO,22.6
2025-01-07 14:35:00,717619,210,E,FR,,,,,,,,34.174756,-118.160407,LINCOLN 1,23.14
2025-01-07 14:35:00,717651,210,E,FR,26.0,26.0,,,,,,34.147621,-118.079037,SIERRA MADRE V2,29.44
2025-01-07 14:35:00,737480,210,E,FR,,,,,,,,34.152332,-118.103137,ALTADENA,27.98
2025-01-07 14:35:00,761091,210,E,FR,,,,,,,,34.160546,-118.158748,MOUNTAIN 2,24.16
2025-01-07 14:35:00,763878,210,E,FR,,,,,,,,34.152216,-118.156144,WALNUT,24.81
2025-01-07 14:35:00,763908,210,E,FR,47.0,13.0,34.0,,,,,34.152385,-118.0979,SIERRA MADRE BLVD,28.28
2025-01-07 14:35:00,768923,210,E,FR,,,,,,,,34.147544,-118.081868,SIERRA MADRE VILLA,29.28
2025-01-07 14:35:00,769269,210,E,FR,,,,,,,,34.15167,-118.137983,LAKE AVE OFF(LAKE 1),25.98
2025-01-07 14:35:00,769272,210,E,FR,,,,,,,,34.151855,-118.125787,HILL AVE OFF,26.68
2025-01-07 14:35:00,769789,210,E,FR,,,,,,,,34.189219,-118.180753,BERKSHIRE,21.58
2025-01-07 14:35:00,769833,210,E,FR,,,,,,,,34.206745,-118.201533,ANGELES CREST HWY SB,19.78
2025-01-07 14:35:00,769850,210,E,FR,31.0,31.0,,,,,,34.211728,-118.228265,OCEAN VIEW,18.18
2025-01-07 14:35:00,769882,210,E,FR,26.0,26.0,,,,,,34.221426,-118.245718,PENNSYLVANIA,16.98
2025-01-07 14:35:00,769897,210,E,FR,,,,,,,,34.230849,-118.265101,LOWELL / HONOLULU,15.68
2025-01-07 14:35:00,769898,210,E,FR,,,,,,,,34.230849,-118.265101,LOWELL / HONOLULU,15.68
2025-01-07 14:35:00,769986,210,E,FR,,,,,,,,34.202989,-118.191827,GOULD,20.4
2025-01-07 14:35:00,770118,210,E,FR,,,,,,,,34.234317,-118.286992,LA TUNA CANYON,14.39
2025-01-07 14:40:00,717616,210,E,FR,,,,,,,,34.179921,-118.167405,ARROYO,22.6
2025-01-07 14:40:00,717619,210,E,FR,,,,,,,,34.174756,-118.160407,LINCOLN 1,23.14
2025-01-07 14:40:00,717651,210,E,FR,19.0,19.0,,,,,,34.147621,-118.079037,SIERRA MADRE V2,29.44
2025-01-07 14:40:00,737480,210,E,FR,,,,,,,,34.152332,-118.103137,ALTADENA,27.98
2025-01-07 14:40:00,761091,210,E,FR,,,,,,,,34.160546,-118.158748,MOUNTAIN 2,24.16
2025-01-07 14:40:00,763878,210,E,FR,,,,,,,,34.152216,-118.156144,WALNUT,24.81
2025-01-07 14:40:00,763908,210,E,FR,46.0,12.0,34.0,,,,,34.152385,-118.0979,SIERRA MADRE BLVD,28.28
2025-01-07 14:40:00,768923,210,E,FR,,,,,,,,34.147544,-118.081868,SIERRA MADRE VILLA,29.28
2025-01-07 14:40:00,769269,210,E,FR,,,,,,,,34.15167,-118.137983,LAKE AVE OFF(LAKE 1),25.98
2025-01-07 14:40:00,769272,210,E,FR,,,,,,,,34.151855,-118.125787,HILL AVE OFF,26.68
2025-01-07 14:40:00,769789,210,E,FR,,,,,,,,34.189219,-118.180753,BERKSHIRE,21.58
2025-01-07 14:40:00,769833,210,E,FR,,,,,,,,34.206745,-118.201533,ANGELES CREST HWY SB,19.78
2025-01-07 14:40:00,769850,210,E,FR,25.0,25.0,,,,,,34.211728,-118.228265,OCEAN VIEW,18.18
2025-01-07 14:40:00,769882,210,E,FR,25.0,25.0,,,,,,34.221426,-118.245718,PENNSYLVANIA,16.98
2025-01-07 14:40:00,769897,210,E,FR,,,,,,,,34.230849,-118.265101,LOWELL / HONOLULU,15.68
2025-01-07 14:40:00,769898,210,E,FR,,,,,,,,34.230849,-118.265101,LOWELL / HONOLULU,15.68
2025-01-07 14:40:00,769986,210,E,FR,,,,,,,,34.202989,-118.191827,GOULD,20.4
2025-01-07 14:40:00,770118,210,E,FR,,,,,,,,34.234317,-118.286992,LA TUNA CANYON,14.39
2025-01-07 14:45:00,717616,210,E,FR,,,,,,,,34.179921,-118.167405,ARROYO,22.6
2025-01-07 14:45:00,717619,210,E,FR,,,,,,,,34.174756,-118.160407,LINCOLN 1,23.14
2025-01-07 14:45:00,717651,210,E,FR,31.0,31.0,,,,,,34.147621,-118.079037,SIERRA MADRE V2,29.44
2025-01-07 14:45:00,737480,210,E,FR,,,,,,,,34.152332,-118.103137,ALTADENA,27.98
2025-01-07 14:45:00,761091,210,E,FR,,,,,,,,34.160546,-118.158748,MOUNTAIN 2,24.16
2025-01-07 14:45:00,763878,210,E,FR,,,,,,,,34.152216,-118.156144,WALNUT,24.81
2025-01-07 14:45:00,763908,210,E,FR,42.0,11.0,31.0,,,,,34.152385,-118.0979,SIERRA MADRE BLVD,28.28
2025-01-07 14:45:00,768923,210,E,FR,,,,,,,,34.147544,-118.081868,SIERRA MADRE VILLA,29.28
2025-01-07 14:45:00,769269,210,E,FR,,,,,,,,34.15167,-118.137983,LAKE AVE OFF(LAKE 1),25.98
2025-01-07 14:45:00,769272,210,E,FR,,,,,,,,34.151855,-118.125787,HILL AVE OFF,26.68
2025-01-07 14:45:00,769789,210,E,FR,,,,,,,,34.189219,-118.180753,BERKSHIRE,21.58
2025-01-07 14:45:00,769833,210,E,FR,,,,,,,,34.206745,-118.201533,ANGELES CREST HWY SB,19.78
2025-01-07 14:45:00,769850,210,E,FR,29.0,29.0,,,,,,34.211728,-118.228265,OCEAN VIEW,18.18
2025-01-07 14:45:00,769882,210,E,FR,27.0,27.0,,,,,,34.221426,-118.245718,PENNSYLVANIA,16.98
2025-01-07 14:45:00,769897,210,E,FR,,,,,,,,34.230849,-118.265101,LOWELL / HONOLULU,15.68
2025-01-07 14:45:00,769898,210,E,FR,,,,,,,,34.230849,-118.265101,LOWELL / HONOLULU,15.68
2025-01-07 14:45:00,769986,210,E,FR,,,,,,,,34.202989,-118.191827,GOULD,20.4
2025-01-07 14:45:00,770118,210,E,FR,,,,,,,,34.234317,-118.286992,LA TUNA CANYON,14.39
2025-01-07 14:50:00,717616,210,E,FR,,,,,,,,34.179921,-118.167405,ARROYO,22.6
2025-01-07 14:50:00,717619,210,E,FR,,,,,,,,34.174756,-118.160407,LINCOLN 1,23.14
2025-01-07 14:50:00,717651,210,E,FR,31.0,31.0,,,,,,34.147621,-118.079037,SIERRA MADRE V2,29.44
2025-01-07 14:50:00,737480,210,E,FR,,,,,,,,34.152332,-118.103137,ALTADENA,27.98
2025-01-07 14:50:00,761091,210,E,FR,,,,,,,,34.160546,-118.158748,MOUNTAIN 2,24.16
2025-01-07 14:50:00,763878,210,E,FR,,,,,,,,34.152216,-118.156144,WALNUT,24.81
2025-01-07 14:50:00,763908,210,E,FR,61.0,13.0,48.0,,,,,34.152385,-118.0979,SIERRA MADRE BLVD,28.28
2025-01-07 14:50:00,768923,210,E,FR,,,,,,,,34.147544,-118.081868,SIERRA MADRE VILLA,29.28
2025-01-07 14:50:00,769269,210,E,FR,,,,,,,,34.15167,-118.137983,LAKE AVE OFF(LAKE 1),25.98
2025-01-07 14:50:00,769272,210,E,FR,,,,,,,,34.151855,-118.125787,HILL AVE OFF,26.68
2025-01-07 14:50:00,769789,210,E,FR,,,,,,,,34.189219,-118.180753,BERKSHIRE,21.58
2025-01-07 14:50:00,769833,210,E,FR,,,,,,,,34.206745,-118.201533,ANGELES CREST HWY SB,19.78
2025-01-07 14:50:00,769850,210,E,FR,32.0,32.0,,,,,,34.211728,-118.228265,OCEAN VIEW,18.18
2025-01-07 14:50:00,769882,210,E,FR,26.0,26.0,,,,,,34.221426,-118.245718,PENNSYLVANIA,16.98
2025-01-07 14:50:00,769897,210,E,FR,,,,,,,,34.230849,-118.265101,LOWELL / HONOLULU,15.68
2025-01-07 14:50:00,769898,210,E,FR,,,,,,,,34.230849,-118.265101,LOWELL / HONOLULU,15.68
2025-01-07 14:50:00,769986,210,E,FR,,,,,,,,34.202989,-118.191827,GOULD,20.4
2025-01-07 14:50:00,770118,210,E,FR,,,,,,,,34.234317,-118.286992,LA TUNA CANYON,14.39
2025-01-07 14:55:00,717616,210,E,FR,,,,,,,,34.179921,-118.167405,ARROYO,22.6
2025-01-07 14:55:00,717619,210,E,FR,,,,,,,,34.174756,-118.160407,LINCOLN 1,23.14
2025-01-07 14:55:00,717651,210,E,FR,23.0,23.0,,,,,,34.147621,-118.079037,SIERRA MADRE V2,29.44
2025-01-07 14:55:00,737480,210,E,FR,,,,,,,,34.152332,-118.103137,ALTADENA,27.98
2025-01-07 14:55:00,761091,210,E,FR,,,,,,,,34.160546,-118.158748,MOUNTAIN 2,24.16
2025-01-07 14:55:00,763878,210,E,FR,,,,,,,,34.152216,-118.156144,WALNUT,24.81
2025-01-07 14:55:00,763908,210,E,FR,48.0,16.0,32.0,,,,,34.152385,-118.0979,SIERRA MADRE BLVD,28.28
2025-01-07 14:55:00,768923,210,E,FR,,,,,,,,34.147544,-118.081868,SIERRA MADRE VILLA,29.28
2025-01-07 14:55:00,769269,210,E,FR,,,,,,,,34.15167,-118.137983,LAKE AVE OFF(LAKE 1),25.98
2025-01-07 14:55:00,769272,210,E,FR,,,,,,,,34.151855,-118.125787,HILL AVE OFF,26.68
2025-01-07 14:55:00,769789,210,E,FR,,,,,,,,34.189219,-118.180753,BERKSHIRE,21.58
2025-01-07 14:55:00,769833,210,E,FR,,,,,,,,34.206745,-118.201533,ANGELES CREST HWY SB,19.78
2025-01-07 14:55:00,769850,210,E,FR,36.0,36.0,,,,,,34.211728,-118.228265,OCEAN VIEW,18.18
2025-01-07 14:55:00,769882,210,E,FR,27.0,27.0,,,,,,34.221426,-118.245718,PENNSYLVANIA,16.98
2025-01-07 14:55:00,769897,210,E,FR,,,,,,,,34.230849,-118.265101,LOWELL / HONOLULU,15.68
2025-01-07 14:55:00,769898,210,E,FR,,,,,,,,34.230849,-118.265101,LOWELL / HONOLULU,15.68
2025-01-07 14:55:00,769986,210,E,FR,,,,,,,,34.202989,-118.191827,GOULD,20.4
2025-01-07 14:55:00,770118,210,E,FR,,,,,,,,34.234317,-118.286992,LA TUNA CANYON,14.39
2025-01-07 15:00:00,717616,210,E,FR,,,,,,,,34.179921,-118.167405,ARROYO,22.6
2025-01-07 15:00:00,717619,210,E,FR,,,,,,,,34.174756,-118.160407,LINCOLN 1,23.14
2025-01-07 15:00:00,717651,210,E,FR,22.0,22.0,,,,,,34.147621,-118.079037,SIERRA MADRE V2,29.44
2025-01-07 15:00:00,737480,210,E,FR,,,,,,,,34.152332,-118.103137,ALTADENA,27.98
2025-01-07 15:00:00,761091,210,E,FR,,,,,,,,34.160546,-118.158748,MOUNTAIN 2,24.16
2025-01-07 15:00:00,763878,210,E,FR,,,,,,,,34.152216,-118.156144,WALNUT,24.81
2025-01-07 15:00:00,763908,210,E,FR,55.0,26.0,29.0,,,,,34.152385,-118.0979,SIERRA MADRE BLVD,28.28
2025-01-07 15:00:00,768923,210,E,FR,,,,,,,,34.147544,-118.081868,SIERRA MADRE VILLA,29.28
2025-01-07 15:00:00,769269,210,E,FR,,,,,,,,34.15167,-118.137983,LAKE AVE OFF(LAKE 1),25.98
2025-01-07 15:00:00,769272,210,E,FR,,,,,,,,34.151855,-118.125787,HILL AVE OFF,26.68
2025-01-07 15:00:00,769789,210,E,FR,,,,,,,,34.189219,-118.180753,BERKSHIRE,21.58
2025-01-07 15:00:00,769833,210,E,FR,,,,,,,,34.206745,-118.201533,ANGELES CREST HWY SB,19.78
2025-01-07 15:00:00,769850,210,E,FR,25.0,25.0,,,,,,34.211728,-118.228265,OCEAN VIEW,18.18
2025-01-07 15:00:00,769882,210,E,FR,34.0,34.0,,,,,,34.221426,-118.245718,PENNSYLVANIA,16.98
2025-01-07 15:00:00,769897,210,E,FR,,,,,,,,34.230849,-118.265101,LOWELL / HONOLULU,15.68
2025-01-07 15:00:00,769898,210,E,FR,,,,,,,,34.230849,-118.265101,LOWELL / HONOLULU,15.68
2025-01-07 15:00:00,769986,210,E,FR,,,,,,,,34.202989,-118.191827,GOULD,20.4
2025-01-07 15:00:00,770118,210,E,FR,,,,,,,,34.234317,-118.286992,LA TUNA CANYON,14.39
2025-01-07 15:05:00,717616,210,E,FR,,,,,,,,34.179921,-118.167405,ARROYO,22.6
2025-01-07 15:05:00,717619,210,E,FR,,,,,,,,34.174756,-118.160407,LINCOLN 1,23.14
2025-01-07 15:05:00,717651,210,E,FR,23.0,23.0,,,,,,34.147621,-118.079037,SIERRA MADRE V2,29.44
2025-01-07 15:05:00,737480,210,E,FR,,,,,,,,34.152332,-118.103137,ALTADENA,27.98
2025-01-07 15:05:00,761091,210,E,FR,,,,,,,,34.160546,-118.158748,MOUNTAIN 2,24.16
2025-01-07 15:05:00,763878,210,E,FR,,,,,,,,34.152216,-118.156144,WALNUT,24.81
2025-01-07 15:05:00,763908,210,E,FR,44.0,18.0,26.0,,,,,34.152385,-118.0979,SIERRA MADRE BLVD,28.28
2025-01-07 15:05:00,768923,210,E,FR,,,,,,,,34.147544,-118.081868,SIERRA MADRE VILLA,29.28
2025-01-07 15:05:00,769269,210,E,FR,,,,,,,,34.15167,-118.137983,LAKE AVE OFF(LAKE 1),25.98
2025-01-07 15:05:00,769272,210,E,FR,,,,,,,,34.151855,-118.125787,HILL AVE OFF,26.68
2025-01-07 15:05:00,769789,210,E,FR,,,,,,,,34.189219,-118.180753,BERKSHIRE,21.58
2025-01-07 15:05:00,769833,210,E,FR,,,,,,,,34.206745,-118.201533,ANGELES CREST HWY SB,19.78
2025-01-07 15:05:00,769850,210,E,FR,36.0,36.0,,,,,,34.211728,-118.228265,OCEAN VIEW,18.18
2025-01-07 15:05:00,769882,210,E,FR,28.0,28.0,,,,,,34.221426,-118.245718,PENNSYLVANIA,16.98
2025-01-07 15:05:00,769897,210,E,FR,,,,,,,,34.230849,-118.265101,LOWELL / HONOLULU,15.68
2025-01-07 15:05:00,769898,210,E,FR,,,,,,,,34.230849,-118.265101,LOWELL / HONOLULU,15.68
2025-01-07 15:05:00,769986,210,E,FR,,,,,,,,34.202989,-118.191827,GOULD,20.4
2025-01-07 15:05:00,770118,210,E,FR,,,,,,,,34.234317,-118.286992,LA TUNA CANYON,14.39
2025-01-07 15:10:00,717616,210,E,FR,,,,,,,,34.179921,-118.167405,ARROYO,22.6
2025-01-07 15:10:00,717619,210,E,FR,,,,,,,,34.174756,-118.160407,LINCOLN 1,23.14
2025-01-07 15:10:00,717651,210,E,FR,18.0,18.0,,,,,,34.147621,-118.079037,SIERRA MADRE V2,29.44
2025-01-07 15:10:00,737480,210,E,FR,,,,,,,,34.152332,-118.103137,ALTADENA,27.98
2025-01-07 15:10:00,761091,210,E,FR,,,,,,,,34.160546,-118.158748,MOUNTAIN 2,24.16
2025-01-07 15:10:00,763878,210,E,FR,,,,,,,,34.152216,-118.156144,WALNUT,24.81
2025-01-07 15:10:00,763908,210,E,FR,76.0,22.0,54.0,,,,,34.152385,-118.0979,SIERRA MADRE BLVD,28.28
2025-01-07 15:10:00,768923,210,E,FR,,,,,,,,34.147544,-118.081868,SIERRA MADRE VILLA,29.28
2025-01-07 15:10:00,769269,210,E,FR,,,,,,,,34.15167,-118.137983,LAKE AVE OFF(LAKE 1),25.98
2025-01-07 15:10:00,769272,210,E,FR,,,,,,,,34.151855,-118.125787,HILL AVE OFF,26.68
2025-01-07 15:10:00,769789,210,E,FR,,,,,,,,34.189219,-118.180753,BERKSHIRE,21.58
2025-01-07 15:10:00,769833,210,E,FR,,,,,,,,34.206745,-118.201533,ANGELES CREST HWY SB,19.78
2025-01-07 15:10:00,769850,210,E,FR,31.0,31.0,,,,,,34.211728,-118.228265,OCEAN VIEW,18.18
2025-01-07 15:10:00,769882,210,E,FR,31.0,31.0,,,,,,34.221426,-118.245718,PENNSYLVANIA,16.98
2025-01-07 15:10:00,769897,210,E,FR,,,,,,,,34.230849,-118.265101,LOWELL / HONOLULU,15.68
2025-01-07 15:10:00,769898,210,E,FR,,,,,,,,34.230849,-118.265101,LOWELL / HONOLULU,15.68
2025-01-07 15:10:00,769986,210,E,FR,,,,,,,,34.202989,-118.191827,GOULD,20.4
2025-01-07 15:10:00,770118,210,E,FR,,,,,,,,34.234317,-118.286992,LA TUNA CANYON,14.39
2025-01-07 15:15:00,717616,210,E,FR,,,,,,,,34.179921,-118.167405,ARROYO,22.6
2025-01-07 15:15:00,717619,210,E,FR,,,,,,,,34.174756,-118.160407,LINCOLN 1,23.14
2025-01-07 15:15:00,717651,210,E,FR,14.0,14.0,,,,,,34.147621,-118.079037,SIERRA MADRE V2,29.44
2025-01-07 15:15:00,737480,210,E,FR,,,,,,,,34.152332,-118.103137,ALTADENA,27.98
2025-01-07 15:15:00,761091,210,E,FR,,,,,,,,34.160546,-118.158748,MOUNTAIN 2,24.16
2025-01-07 15:15:00,763878,210,E,FR,,,,,,,,34.152216,-118.156144,WALNUT,24.81
2025-01-07 15:15:00,763908,210,E,FR,43.0,12.0,31.0,,,,,34.152385,-118.0979,SIERRA MADRE BLVD,28.28
2025-01-07 15:15:00,768923,210,E,FR,,,,,,,,34.147544,-118.081868,SIERRA MADRE VILLA,29.28
2025-01-07 15:15:00,769269,210,E,FR,,,,,,,,34.15167,-118.137983,LAKE AVE OFF(LAKE 1),25.98
2025-01-07 15:15:00,769272,210,E,FR,,,,,,,,34.151855,-118.125787,HILL AVE OFF,26.68
2025-01-07 15:15:00,769789,210,E,FR,,,,,,,,34.189219,-118.180753,BERKSHIRE,21.58
2025-01-07 15:15:00,769833,210,E,FR,,,,,,,,34.206745,-118.201533,ANGELES CREST HWY SB,19.78
2025-01-07 15:15:00,769850,210,E,FR,38.0,38.0,,,,,,34.211728,-118.228265,OCEAN VIEW,18.18
2025-01-07 15:15:00,769882,210,E,FR,31.0,31.0,,,,,,34.221426,-118.245718,PENNSYLVANIA,16.98
2025-01-07 15:15:00,769897,210,E,FR,,,,,,,,34.230849,-118.265101,LOWELL / HONOLULU,15.68
2025-01-07 15:15:00,769898,210,E,FR,,,,,,,,34.230849,-118.265101,LOWELL / HONOLULU,15.68
2025-01-07 15:15:00,769986,210,E,FR,,,,,,,,34.202989,-118.191827,GOULD,20.4
2025-01-07 15:15:00,770118,210,E,FR,,,,,,,,34.234317,-118.286992,LA TUNA CANYON,14.39
2025-01-07 15:20:00,717616,210,E,FR,,,,,,,,34.179921,-118.167405,ARROYO,22.6
2025-01-07 15:20:00,717619,210,E,FR,,,,,,,,34.174756,-118.160407,LINCOLN 1,23.14
2025-01-07 15:20:00,717651,210,E,FR,26.0,26.0,,,,,,34.147621,-118.079037,SIERRA MADRE V2,29.44
2025-01-07 15:20:00,737480,210,E,FR,,,,,,,,34.152332,-118.103137,ALTADENA,27.98
2025-01-07 15:20:00,761091,210,E,FR,,,,,,,,34.160546,-118.158748,MOUNTAIN 2,24.16
2025-01-07 15:20:00,763878,210,E,FR,,,,,,,,34.152216,-118.156144,WALNUT,24.81
2025-01-07 15:20:00,763908,210,E,FR,51.0,17.0,34.0,,,,,34.152385,-118.0979,SIERRA MADRE BLVD,28.28
2025-01-07 15:20:00,768923,210,E,FR,,,,,,,,34.147544,-118.081868,SIERRA MADRE VILLA,29.28
2025-01-07 15:20:00,769269,210,E,FR,,,,,,,,34.15167,-118.137983,LAKE AVE OFF(LAKE 1),25.98
2025-01-07 15:20:00,769272,210,E,FR,,,,,,,,34.151855,-118.125787,HILL AVE OFF,26.68
2025-01-07 15:20:00,769789,210,E,FR,,,,,,,,34.189219,-118.180753,BERKSHIRE,21.58
2025-01-07 15:20:00,769833,210,E,FR,,,,,,,,34.206745,-118.201533,ANGELES CREST HWY SB,19.78
2025-01-07 15:20:00,769850,210,E,FR,36.0,36.0,,,,,,34.211728,-118.228265,OCEAN VIEW,18.18
2025-01-07 15:20:00,769882,210,E,FR,30.0,30.0,,,,,,34.221426,-118.245718,PENNSYLVANIA,16.98
2025-01-07 15:20:00,769897,210,E,FR,,,,,,,,34.230849,-118.265101,LOWELL / HONOLULU,15.68
2025-01-07 15:20:00,769898,210,E,FR,,,,,,,,34.230849,-118.265101,LOWELL / HONOLULU,15.68
2025-01-07 15:20:00,769986,210,E,FR,,,,,,,,34.202989,-118.191827,GOULD,20.4
2025-01-07 15:20:00,770118,210,E,FR,,,,,,,,34.234317,-118.286992,LA TUNA CANYON,14.39
2025-01-07 15:25:00,717616,210,E,FR,,,,,,,,34.179921,-118.167405,ARROYO,22.6
2025-01-07 15:25:00,717619,210,E,FR,,,,,,,,34.174756,-118.160407,LINCOLN 1,23.14
2025-01-07 15:25:00,717651,210,E,FR,23.0,23.0,,,,,,34.147621,-118.079037,SIERRA MADRE V2,29.44
2025-01-07 15:25:00,737480,210,E,FR,,,,,,,,34.152332,-118.103137,ALTADENA,27.98
2025-01-07 15:25:00,761091,210,E,FR,,,,,,,,34.160546,-118.158748,MOUNTAIN 2,24.16
2025-01-07 15:25:00,763878,210,E,FR,,,,,,,,34.152216,-118.156144,WALNUT,24.81
2025-01-07 15:25:00,763908,210,E,FR,72.0,25.0,47.0,,,,,34.152385,-118.0979,SIERRA MADRE BLVD,28.28
2025-01-07 15:25:00,768923,210,E,FR,,,,,,,,34.147544,-118.081868,SIERRA MADRE VILLA,29.28
2025-01-07 15:25:00,769269,210,E,FR,,,,,,,,34.15167,-118.137983,LAKE AVE OFF(LAKE 1),25.98
2025-01-07 15:25:00,769272,210,E,FR,,,,,,,,34.151855,-118.125787,HILL AVE OFF,26.68
2025-01-07 15:25:00,769789,210,E,FR,,,,,,,,34.189219,-118.180753,BERKSHIRE,21.58
2025-01-07 15:25:00,769833,210,E,FR,,,,,,,,34.206745,-118.201533,ANGELES CREST HWY SB,19.78
2025-01-07 15:25:00,769850,210,E,FR,27.0,27.0,,,,,,34.211728,-118.228265,OCEAN VIEW,18.18
2025-01-07 15:25:00,769882,210,E,FR,33.0,33.0,,,,,,34.221426,-118.245718,PENNSYLVANIA,16.98
2025-01-07 15:25:00,769897,210,E,FR,,,,,,,,34.230849,-118.265101,LOWELL / HONOLULU,15.68
2025-01-07 15:25:00,769898,210,E,FR,,,,,,,,34.230849,-118.265101,LOWELL / HONOLULU,15.68
2025-01-07 15:25:00,769986,210,E,FR,,,,,,,,34.202989,-118.191827,GOULD,20.4
2025-01-07 15:25:00,770118,210,E,FR,,,,,,,,34.234317,-118.286992,LA TUNA CANYON,14.39
2025-01-07 15:30:00,717616,210,E,FR,,,,,,,,34.179921,-118.167405,ARROYO,22.6
2025-01-07 15:30:00,717619,210,E,FR,,,,,,,,34.174756,-118.160407,LINCOLN 1,23.14
2025-01-07 15:30:00,717651,210,E,FR,17.0,17.0,,,,,,34.147621,-118.079037,SIERRA MADRE V2,29.44
2025-01-07 15:30:00,737480,210,E,FR,,,,,,,,34.152332,-118.103137,ALTADENA,27.98
2025-01-07 15:30:00,761091,210,E,FR,,,,,,,,34.160546,-118.158748,MOUNTAIN 2,24.16
2025-01-07 15:30:00,763878,210,E,FR,,,,,,,,34.152216,-118.156144,WALNUT,24.81
2025-01-07 15:30:00,763908,210,E,FR,66.0,28.0,38.0,,,,,34.152385,-118.0979,SIERRA MADRE BLVD,28.28
2025-01-07 15:30:00,768923,210,E,FR,,,,,,,,34.147544,-118.081868,SIERRA MADRE VILLA,29.28
2025-01-07 15:30:00,769269,210,E,FR,,,,,,,,34.15167,-118.137983,LAKE AVE OFF(LAKE 1),25.98
2025-01-07 15:30:00,769272,210,E,FR,,,,,,,,34.151855,-118.125787,HILL AVE OFF,26.68
2025-01-07 15:30:00,769789,210,E,FR,,,,,,,,34.189219,-118.180753,BERKSHIRE,21.58
2025-01-07 15:30:00,769833,210,E,FR,,,,,,,,34.206745,-118.201533,ANGELES CREST HWY SB,19.78
2025-01-07 15:30:00,769850,210,E,FR,40.0,40.0,,,,,,34.211728,-118.228265,OCEAN VIEW,18.18
2025-01-07 15:30:00,769882,210,E,FR,20.0,20.0,,,,,,34.221426,-118.245718,PENNSYLVANIA,16.98
2025-01-07 15:30:00,769897,210,E,FR,,,,,,,,34.230849,-118.265101,LOWELL / HONOLULU,15.68
2025-01-07 15:30:00,769898,210,E,FR,,,,,,,,34.230849,-118.265101,LOWELL / HONOLULU,15.68
2025-01-07 15:30:00,769986,210,E,FR,,,,,,,,34.202989,-118.191827,GOULD,20.4
2025-01-07 15:30:00,770118,210,E,FR,,,,,,,,34.234317,-118.286992,LA TUNA CANYON,14.39
2025-01-07 15:35:00,717616,210,E,FR,,,,,,,,34.179921,-118.167405,ARROYO,22.6
2025-01-07 15:35:00,717619,210,E,FR,,,,,,,,34.174756,-118.160407,LINCOLN 1,23.14
2025-01-07 15:35:00,717651,210,E,FR,32.0,32.0,,,,,,34.147621,-118.079037,SIERRA MADRE V2,29.44
2025-01-07 15:35:00,737480,210,E,FR,,,,,,,,34.152332,-118.103137,ALTADENA,27.98
2025-01-07 15:35:00,761091,210,E,FR,,,,,,,,34.160546,-118.158748,MOUNTAIN 2,24.16
2025-01-07 15:35:00,763878,210,E,FR,,,,,,,,34.152216,-118.156144,WALNUT,24.81
2025-01-07 15:35:00,763908,210,E,FR,48.0,19.0,29.0,,,,,34.152385,-118.0979,SIERRA MADRE BLVD,28.28
2025-01-07 15:35:00,768923,210,E,FR,,,,,,,,34.147544,-118.081868,SIERRA MADRE VILLA,29.28
2025-01-07 15:35:00,769269,210,E,FR,,,,,,,,34.15167,-118.137983,LAKE AVE OFF(LAKE 1),25.98
2025-01-07 15:35:00,769272,210,E,FR,,,,,,,,34.151855,-118.125787,HILL AVE OFF,26.68
2025-01-07 15:35:00,769789,210,E,FR,,,,,,,,34.189219,-118.180753,BERKSHIRE,21.58
2025-01-07 15:35:00,769833,210,E,FR,,,,,,,,34.206745,-118.201533,ANGELES CREST HWY SB,19.78
2025-01-07 15:35:00,769850,210,E,FR,38.0,38.0,,,,,,34.211728,-118.228265,OCEAN VIEW,18.18
2025-01-07 15:35:00,769882,210,E,FR,30.0,30.0,,,,,,34.221426,-118.245718,PENNSYLVANIA,16.98
2025-01-07 15:35:00,769897,210,E,FR,,,,,,,,34.230849,-118.265101,LOWELL / HONOLULU,15.68
2025-01-07 15:35:00,769898,210,E,FR,,,,,,,,34.230849,-118.265101,LOWELL / HONOLULU,15.68
2025-01-07 15:35:00,769986,210,E,FR,,,,,,,,34.202989,-118.191827,GOULD,20.4
2025-01-07 15:35:00,770118,210,E,FR,,,,,,,,34.234317,-118.286992,LA TUNA CANYON,14.39
2025-01-07 15:40:00,717616,210,E,FR,,,,,,,,34.179921,-118.167405,ARROYO,22.6
2025-01-07 15:40:00,717619,210,E,FR,,,,,,,,34.174756,-118.160407,LINCOLN 1,23.14
2025-01-07 15:40:00,717651,210,E,FR,42.0,42.0,,,,,,34.147621,-118.079037,SIERRA MADRE V2,29.44
2025-01-07 15:40:00,737480,210,E,FR,,,,,,,,34.152332,-118.103137,ALTADENA,27.98
2025-01-07 15:40:00,761091,210,E,FR,,,,,,,,34.160546,-118.158748,MOUNTAIN 2,24.16
2025-01-07 15:40:00,763878,210,E,FR,,,,,,,,34.152216,-118.156144,WALNUT,24.81
2025-01-07 15:40:00,763908,210,E,FR,45.0,21.0,24.0,,,,,34.152385,-118.0979,SIERRA MADRE BLVD,28.28
2025-01-07 15:40:00,768923,210,E,FR,,,,,,,,34.147544,-118.081868,SIERRA MADRE VILLA,29.28
2025-01-07 15:40:00,769269,210,E,FR,,,,,,,,34.15167,-118.137983,LAKE AVE OFF(LAKE 1),25.98
2025-01-07 15:40:00,769272,210,E,FR,,,,,,,,34.151855,-118.125787,HILL AVE OFF,26.68
2025-01-07 15:40:00,769789,210,E,FR,,,,,,,,34.189219,-118.180753,BERKSHIRE,21.58
2025-01-07 15:40:00,769833,210,E,FR,,,,,,,,34.206745,-118.201533,ANGELES CREST HWY SB,19.78
2025-01-07 15:40:00,769850,210,E,FR,22.0,22.0,,,,,,34.211728,-118.228265,OCEAN VIEW,18.18
2025-01-07 15:40:00,769882,210,E,FR,45.0,45.0,,,,,,34.221426,-118.245718,PENNSYLVANIA,16.98
2025-01-07 15:40:00,769897,210,E,FR,,,,,,,,34.230849,-118.265101,LOWELL / HONOLULU,15.68
2025-01-07 15:40:00,769898,210,E,FR,,,,,,,,34.230849,-118.265101,LOWELL / HONOLULU,15.68
2025-01-07 15:40:00,769986,210,E,FR,,,,,,,,34.202989,-118.191827,GOULD,20.4
2025-01-07 15:40:00,770118,210,E,FR,,,,,,,,34.234317,-118.286992,LA TUNA CANYON,14.39
2025-01-07 15:45:00,717616,210,E,FR,,,,,,,,34.179921,-118.167405,ARROYO,22.6
2025-01-07 15:45:00,717619,210,E,FR,,,,,,,,34.174756,-118.160407,LINCOLN 1,23.14
2025-01-07 15:45:00,717651,210,E,FR,34.0,34.0,,,,,,34.147621,-118.079037,SIERRA MADRE V2,29.44
2025-01-07 15:45:00,737480,210,E,FR,,,,,,,,34.152332,-118.103137,ALTADENA,27.98
2025-01-07 15:45:00,761091,210,E,FR,,,,,,,,34.160546,-118.158748,MOUNTAIN 2,24.16
2025-01-07 15:45:00,763878,210,E,FR,,,,,,,,34.152216,-118.156144,WALNUT,24.81
2025-01-07 15:45:00,763908,210,E,FR,60.0,20.0,40.0,,,,,34.152385,-118.0979,SIERRA MADRE BLVD,28.28
2025-01-07 15:45:00,768923,210,E,FR,,,,,,,,34.147544,-118.081868,SIERRA MADRE VILLA,29.28
2025-01-07 15:45:00,769269,210,E,FR,,,,,,,,34.15167,-118.137983,LAKE AVE OFF(LAKE 1),25.98
2025-01-07 15:45:00,769272,210,E,FR,,,,,,,,34.151855,-118.125787,HILL AVE OFF,26.68
2025-01-07 15:45:00,769789,210,E,FR,,,,,,,,34.189219,-118.180753,BERKSHIRE,21.58
2025-01-07 15:45:00,769833,210,E,FR,,,,,,,,34.206745,-118.201533,ANGELES CREST HWY SB,19.78
2025-01-07 15:45:00,769850,210,E,FR,42.0,42.0,,,,,,34.211728,-118.228265,OCEAN VIEW,18.18
2025-01-07 15:45:00,769882,210,E,FR,26.0,26.0,,,,,,34.221426,-118.245718,PENNSYLVANIA,16.98
2025-01-07 15:45:00,769897,210,E,FR,,,,,,,,34.230849,-118.265101,LOWELL / HONOLULU,15.68
2025-01-07 15:45:00,769898,210,E,FR,,,,,,,,34.230849,-118.265101,LOWELL / HONOLULU,15.68
2025-01-07 15:45:00,769986,210,E,FR,,,,,,,,34.202989,-118.191827,GOULD,20.4
2025-01-07 15:45:00,770118,210,E,FR,,,,,,,,34.234317,-118.286992,LA TUNA CANYON,14.39
2025-01-07 15:50:00,717616,210,E,FR,,,,,,,,34.179921,-118.167405,ARROYO,22.6
2025-01-07 15:50:00,717619,210,E,FR,,,,,,,,34.174756,-118.160407,LINCOLN 1,23.14
2025-01-07 15:50:00,717651,210,E,FR,28.0,28.0,,,,,,34.147621,-118.079037,SIERRA MADRE V2,29.44
2025-01-07 15:50:00,737480,210,E,FR,,,,,,,,34.152332,-118.103137,ALTADENA,27.98
2025-01-07 15:50:00,761091,210,E,FR,,,,,,,,34.160546,-118.158748,MOUNTAIN 2,24.16
2025-01-07 15:50:00,763878,210,E,FR,,,,,,,,34.152216,-118.156144,WALNUT,24.81
2025-01-07 15:50:00,763908,210,E,FR,65.0,17.0,48.0,,,,,34.152385,-118.0979,SIERRA MADRE BLVD,28.28
2025-01-07 15:50:00,768923,210,E,FR,,,,,,,,34.147544,-118.081868,SIERRA MADRE VILLA,29.28
2025-01-07 15:50:00,769269,210,E,FR,,,,,,,,34.15167,-118.137983,LAKE AVE OFF(LAKE 1),25.98
2025-01-07 15:50:00,769272,210,E,FR,,,,,,,,34.151855,-118.125787,HILL AVE OFF,26.68
2025-01-07 15:50:00,769789,210,E,FR,,,,,,,,34.189219,-118.180753,BERKSHIRE,21.58
2025-01-07 15:50:00,769833,210,E,FR,,,,,,,,34.206745,-118.201533,ANGELES CREST HWY SB,19.78
2025-01-07 15:50:00,769850,210,E,FR,35.0,35.0,,,,,,34.211728,-118.228265,OCEAN VIEW,18.18
2025-01-07 15:50:00,769882,210,E,FR,39.0,39.0,,,,,,34.221426,-118.245718,PENNSYLVANIA,16.98
2025-01-07 15:50:00,769897,210,E,FR,,,,,,,,34.230849,-118.265101,LOWELL / HONOLULU,15.68
2025-01-07 15:50:00,769898,210,E,FR,,,,,,,,34.230849,-118.265101,LOWELL / HONOLULU,15.68
2025-01-07 15:50:00,769986,210,E,FR,,,,,,,,34.202989,-118.191827,GOULD,20.4
2025-01-07 15:50:00,770118,210,E,FR,,,,,,,,34.234317,-118.286992,LA TUNA CANYON,14.39
2025-01-07 15:55:00,717616,210,E,FR,,,,,,,,34.179921,-118.167405,ARROYO,22.6
2025-01-07 15:55:00,717619,210,E,FR,,,,,,,,34.174756,-118.160407,LINCOLN 1,23.14
2025-01-07 15:55:00,717651,210,E,FR,22.0,22.0,,,,,,34.147621,-118.079037,SIERRA MADRE V2,29.44
2025-01-07 15:55:00,737480,210,E,FR,,,,,,,,34.152332,-118.103137,ALTADENA,27.98
2025-01-07 15:55:00,761091,210,E,FR,,,,,,,,34.160546,-118.158748,MOUNTAIN 2,24.16
2025-01-07 15:55:00,763878,210,E,FR,,,,,,,,34.152216,-118.156144,WALNUT,24.81
2025-01-07 15:55:00,763908,210,E,FR,64.0,30.0,34.0,,,,,34.152385,-118.0979,SIERRA MADRE BLVD,28.28
2025-01-07 15:55:00,768923,210,E,FR,,,,,,,,34.147544,-118.081868,SIERRA MADRE VILLA,29.28
2025-01-07 15:55:00,769269,210,E,FR,,,,,,,,34.15167,-118.137983,LAKE AVE OFF(LAKE 1),25.98
2025-01-07 15:55:00,769272,210,E,FR,,,,,,,,34.151855,-118.125787,HILL AVE OFF,26.68
2025-01-07 15:55:00,769789,210,E,FR,,,,,,,,34.189219,-118.180753,BERKSHIRE,21.58
2025-01-07 15:55:00,769833,210,E,FR,,,,,,,,34.206745,-118.201533,ANGELES CREST HWY SB,19.78
2025-01-07 15:55:00,769850,210,E,FR,35.0,35.0,,,,,,34.211728,-118.228265,OCEAN VIEW,18.18
2025-01-07 15:55:00,769882,210,E,FR,31.0,31.0,,,,,,34.221426,-118.245718,PENNSYLVANIA,16.98
2025-01-07 15:55:00,769897,210,E,FR,,,,,,,,34.230849,-118.265101,LOWELL / HONOLULU,15.68
2025-01-07 15:55:00,769898,210,E,FR,,,,,,,,34.230849,-118.265101,LOWELL / HONOLULU,15.68
2025-01-07 15:55:00,769986,210,E,FR,,,,,,,,34.202989,-118.191827,GOULD,20.4
2025-01-07 15:55:00,770118,210,E,FR,,,,,,,,34.234317,-118.286992,LA TUNA CANYON,14.39
2025-01-07 16:00:00,717616,210,E,FR,,,,,,,,34.179921,-118.167405,ARROYO,22.6
2025-01-07 16:00:00,717619,210,E,FR,,,,,,,,34.174756,-118.160407,LINCOLN 1,23.14
2025-01-07 16:00:00,717651,210,E,FR,38.0,38.0,,,,,,34.147621,-118.079037,SIERRA MADRE V2,29.44
2025-01-07 16:00:00,737480,210,E,FR,,,,,,,,34.152332,-118.103137,ALTADENA,27.98
2025-01-07 16:00:00,761091,210,E,FR,,,,,,,,34.160546,-118.158748,MOUNTAIN 2,24.16
2025-01-07 16:00:00,763878,210,E,FR,,,,,,,,34.152216,-118.156144,WALNUT,24.81
2025-01-07 16:00:00,763908,210,E,FR,63.0,15.0,48.0,,,,,34.152385,-118.0979,SIERRA MADRE BLVD,28.28
2025-01-07 16:00:00,768923,210,E,FR,,,,,,,,34.147544,-118.081868,SIERRA MADRE VILLA,29.28
2025-01-07 16:00:00,769269,210,E,FR,,,,,,,,34.15167,-118.137983,LAKE AVE OFF(LAKE 1),25.98
2025-01-07 16:00:00,769272,210,E,FR,,,,,,,,34.151855,-118.125787,HILL AVE OFF,26.68
2025-01-07 16:00:00,769789,210,E,FR,,,,,,,,34.189219,-118.180753,BERKSHIRE,21.58
2025-01-07 16:00:00,769833,210,E,FR,,,,,,,,34.206745,-118.201533,ANGELES CREST HWY SB,19.78
2025-01-07 16:00:00,769850,210,E,FR,44.0,44.0,,,,,,34.211728,-118.228265,OCEAN VIEW,18.18
2025-01-07 16:00:00,769882,210,E,FR,34.0,34.0,,,,,,34.221426,-118.245718,PENNSYLVANIA,16.98
2025-01-07 16:00:00,769897,210,E,FR,,,,,,,,34.230849,-118.265101,LOWELL / HONOLULU,15.68
2025-01-07 16:00:00,769898,210,E,FR,,,,,,,,34.230849,-118.265101,LOWELL / HONOLULU,15.68
2025-01-07 16:00:00,769986,210,E,FR,,,,,,,,34.202989,-118.191827,GOULD,20.4
2025-01-07 16:00:00,770118,210,E,FR,,,,,,,,34.234317,-118.286992,LA TUNA CANYON,14.39
2025-01-07 16:05:00,717616,210,E,FR,,,,,,,,34.179921,-118.167405,ARROYO,22.6
2025-01-07 16:05:00,717619,210,E,FR,,,,,,,,34.174756,-118.160407,LINCOLN 1,23.14
2025-01-07 16:05:00,717651,210,E,FR,28.0,28.0,,,,,,34.147621,-118.079037,SIERRA MADRE V2,29.44
2025-01-07 16:05:00,737480,210,E,FR,,,,,,,,34.152332,-118.103137,ALTADENA,27.98
2025-01-07 16:05:00,761091,210,E,FR,,,,,,,,34.160546,-118.158748,MOUNTAIN 2,24.16
2025-01-07 16:05:00,763878,210,E,FR,,,,,,,,34.152216,-118.156144,WALNUT,24.81
2025-01-07 16:05:00,763908,210,E,FR,64.0,21.0,43.0,,,,,34.152385,-118.0979,SIERRA MADRE BLVD,28.28
2025-01-07 16:05:00,768923,210,E,FR,,,,,,,,34.147544,-118.081868,SIERRA MADRE VILLA,29.28
2025-01-07 16:05:00,769269,210,E,FR,,,,,,,,34.15167,-118.137983,LAKE AVE OFF(LAKE 1),25.98
2025-01-07 16:05:00,769272,210,E,FR,,,,,,,,34.151855,-118.125787,HILL AVE OFF,26.68
2025-01-07 16:05:00,769789,210,E,FR,,,,,,,,34.189219,-118.180753,BERKSHIRE,21.58
2025-01-07 16:05:00,769833,210,E,FR,,,,,,,,34.206745,-118.201533,ANGELES CREST HWY SB,19.78
2025-01-07 16:05:00,769850,210,E,FR,35.0,35.0,,,,,,34.211728,-118.228265,OCEAN VIEW,18.18
2025-01-07 16:05:00,769882,210,E,FR,26.0,26.0,,,,,,34.221426,-118.245718,PENNSYLVANIA,16.98
2025-01-07 16:05:00,769897,210,E,FR,,,,,,,,34.230849,-118.265101,LOWELL / HONOLULU,15.68
2025-01-07 16:05:00,769898,210,E,FR,,,,,,,,34.230849,-118.265101,LOWELL / HONOLULU,15.68
2025-01-07 16:05:00,769986,210,E,FR,,,,,,,,34.202989,-118.191827,GOULD,20.4
2025-01-07 16:05:00,770118,210,E,FR,,,,,,,,34.234317,-118.286992,LA TUNA CANYON,14.39
2025-01-07 16:10:00,717616,210,E,FR,,,,,,,,34.179921,-118.167405,ARROYO,22.6
2025-01-07 16:10:00,717619,210,E,FR,,,,,,,,34.174756,-118.160407,LINCOLN 1,23.14
2025-01-07 16:10:00,717651,210,E,FR,26.0,26.0,,,,,,34.147621,-118.079037,SIERRA MADRE V2,29.44
2025-01-07 16:10:00,737480,210,E,FR,,,,,,,,34.152332,-118.103137,ALTADENA,27.98
2025-01-07 16:10:00,761091,210,E,FR,,,,,,,,34.160546,-118.158748,MOUNTAIN 2,24.16
2025-01-07 16:10:00,763878,210,E,FR,,,,,,,,34.152216,-118.156144,WALNUT,24.81
2025-01-07 16:10:00,763908,210,E,FR,71.0,18.0,53.0,,,,,34.152385,-118.0979,SIERRA MADRE BLVD,28.28
2025-01-07 16:10:00,768923,210,E,FR,,,,,,,,34.147544,-118.081868,SIERRA MADRE VILLA,29.28
2025-01-07 16:10:00,769269,210,E,FR,,,,,,,,34.15167,-118.137983,LAKE AVE OFF(LAKE 1),25.98
2025-01-07 16:10:00,769272,210,E,FR,,,,,,,,34.151855,-118.125787,HILL AVE OFF,26.68
2025-01-07 16:10:00,769789,210,E,FR,,,,,,,,34.189219,-118.180753,BERKSHIRE,21.58
2025-01-07 16:10:00,769833,210,E,FR,,,,,,,,34.206745,-118.201533,ANGELES CREST HWY SB,19.78
2025-01-07 16:10:00,769850,210,E,FR,28.0,28.0,,,,,,34.211728,-118.228265,OCEAN VIEW,18.18
2025-01-07 16:10:00,769882,210,E,FR,31.0,31.0,,,,,,34.221426,-118.245718,PENNSYLVANIA,16.98
2025-01-07 16:10:00,769897,210,E,FR,,,,,,,,34.230849,-118.265101,LOWELL / HONOLULU,15.68
2025-01-07 16:10:00,769898,210,E,FR,,,,,,,,34.230849,-118.265101,LOWELL / HONOLULU,15.68
2025-01-07 16:10:00,769986,210,E,FR,,,,,,,,34.202989,-118.191827,GOULD,20.4
2025-01-07 16:10:00,770118,210,E,FR,,,,,,,,34.234317,-118.286992,LA TUNA CANYON,14.39
2025-01-07 16:15:00,717616,210,E,FR,,,,,,,,34.179921,-118.167405,ARROYO,22.6
2025-01-07 16:15:00,717619,210,E,FR,,,,,,,,34.174756,-118.160407,LINCOLN 1,23.14
2025-01-07 16:15:00,717651,210,E,FR,28.0,28.0,,,,,,34.147621,-118.079037,SIERRA MADRE V2,29.44
2025-01-07 16:15:00,737480,210,E,FR,,,,,,,,34.152332,-118.103137,ALTADENA,27.98
2025-01-07 16:15:00,761091,210,E,FR,,,,,,,,34.160546,-118.158748,MOUNTAIN 2,24.16
2025-01-07 16:15:00,763878,210,E,FR,,,,,,,,34.152216,-118.156144,WALNUT,24.81
2025-01-07 16:15:00,763908,210,E,FR,55.0,22.0,33.0,,,,,34.152385,-118.0979,SIERRA MADRE BLVD,28.28
2025-01-07 16:15:00,768923,210,E,FR,,,,,,,,34.147544,-118.081868,SIERRA MADRE VILLA,29.28
2025-01-07 16:15:00,769269,210,E,FR,,,,,,,,34.15167,-118.137983,LAKE AVE OFF(LAKE 1),25.98
2025-01-07 16:15:00,769272,210,E,FR,,,,,,,,34.151855,-118.125787,HILL AVE OFF,26.68
2025-01-07 16:15:00,769789,210,E,FR,,,,,,,,34.189219,-118.180753,BERKSHIRE,21.58
2025-01-07 16:15:00,769833,210,E,FR,,,,,,,,34.206745,-118.201533,ANGELES CREST HWY SB,19.78
2025-01-07 16:15:00,769850,210,E,FR,29.0,29.0,,,,,,34.211728,-118.228265,OCEAN VIEW,18.18
2025-01-07 16:15:00,769882,210,E,FR,24.0,24.0,,,,,,34.221426,-118.245718,PENNSYLVANIA,16.98
2025-01-07 16:15:00,769897,210,E,FR,,,,,,,,34.230849,-118.265101,LOWELL / HONOLULU,15.68
2025-01-07 16:15:00,769898,210,E,FR,,,,,,,,34.230849,-118.265101,LOWELL / HONOLULU,15.68
2025-01-07 16:15:00,769986,210,E,FR,,,,,,,,34.202989,-118.191827,GOULD,20.4
2025-01-07 16:15:00,770118,210,E,FR,,,,,,,,34.234317,-118.286992,LA TUNA CANYON,14.39
2025-01-07 16:20:00,717616,210,E,FR,,,,,,,,34.179921,-118.167405,ARROYO,22.6
2025-01-07 16:20:00,717619,210,E,FR,,,,,,,,34.174756,-118.160407,LINCOLN 1,23.14
2025-01-07 16:20:00,717651,210,E,FR,28.0,28.0,,,,,,34.147621,-118.079037,SIERRA MADRE V2,29.44
2025-01-07 16:20:00,737480,210,E,FR,,,,,,,,34.152332,-118.103137,ALTADENA,27.98
2025-01-07 16:20:00,761091,210,E,FR,,,,,,,,34.160546,-118.158748,MOUNTAIN 2,24.16
2025-01-07 16:20:00,763878,210,E,FR,,,,,,,,34.152216,-118.156144,WALNUT,24.81
2025-01-07 16:20:00,763908,210,E,FR,81.0,32.0,49.0,,,,,34.152385,-118.0979,SIERRA MADRE BLVD,28.28
2025-01-07 16:20:00,768923,210,E,FR,,,,,,,,34.147544,-118.081868,SIERRA MADRE VILLA,29.28
2025-01-07 16:20:00,769269,210,E,FR,,,,,,,,34.15167,-118.137983,LAKE AVE OFF(LAKE 1),25.98
2025-01-07 16:20:00,769272,210,E,FR,,,,,,,,34.151855,-118.125787,HILL AVE OFF,26.68
2025-01-07 16:20:00,769789,210,E,FR,,,,,,,,34.189219,-118.180753,BERKSHIRE,21.58
2025-01-07 16:20:00,769833,210,E,FR,,,,,,,,34.206745,-118.201533,ANGELES CREST HWY SB,19.78
2025-01-07 16:20:00,769850,210,E,FR,35.0,35.0,,,,,,34.211728,-118.228265,OCEAN VIEW,18.18
2025-01-07 16:20:00,769882,210,E,FR,24.0,24.0,,,,,,34.221426,-118.245718,PENNSYLVANIA,16.98
2025-01-07 16:20:00,769897,210,E,FR,,,,,,,,34.230849,-118.265101,LOWELL / HONOLULU,15.68
2025-01-07 16:20:00,769898,210,E,FR,,,,,,,,34.230849,-118.265101,LOWELL / HONOLULU,15.68
2025-01-07 16:20:00,769986,210,E,FR,,,,,,,,34.202989,-118.191827,GOULD,20.4
2025-01-07 16:20:00,770118,210,E,FR,,,,,,,,34.234317,-118.286992,LA TUNA CANYON,14.39
2025-01-07 16:25:00,717616,210,E,FR,,,,,,,,34.179921,-118.167405,ARROYO,22.6
2025-01-07 16:25:00,717619,210,E,FR,,,,,,,,34.174756,-118.160407,LINCOLN 1,23.14
2025-01-07 16:25:00,717651,210,E,FR,36.0,36.0,,,,,,34.147621,-118.079037,SIERRA MADRE V2,29.44
2025-01-07 16:25:00,737480,210,E,FR,,,,,,,,34.152332,-118.103137,ALTADENA,27.98
2025-01-07 16:25:00,761091,210,E,FR,,,,,,,,34.160546,-118.158748,MOUNTAIN 2,24.16
2025-01-07 16:25:00,763878,210,E,FR,,,,,,,,34.152216,-118.156144,WALNUT,24.81
2025-01-07 16:25:00,763908,210,E,FR,88.0,19.0,69.0,,,,,34.152385,-118.0979,SIERRA MADRE BLVD,28.28
2025-01-07 16:25:00,768923,210,E,FR,,,,,,,,34.147544,-118.081868,SIERRA MADRE VILLA,29.28
2025-01-07 16:25:00,769269,210,E,FR,,,,,,,,34.15167,-118.137983,LAKE AVE OFF(LAKE 1),25.98
2025-01-07 16:25:00,769272,210,E,FR,,,,,,,,34.151855,-118.125787,HILL AVE OFF,26.68
2025-01-07 16:25:00,769789,210,E,FR,,,,,,,,34.189219,-118.180753,BERKSHIRE,21.58
2025-01-07 16:25:00,769833,210,E,FR,,,,,,,,34.206745,-118.201533,ANGELES CREST HWY SB,19.78
2025-01-07 16:25:00,769850,210,E,FR,28.0,28.0,,,,,,34.211728,-118.228265,OCEAN VIEW,18.18
2025-01-07 16:25:00,769882,210,E,FR,38.0,38.0,,,,,,34.221426,-118.245718,PENNSYLVANIA,16.98
2025-01-07 16:25:00,769897,210,E,FR,,,,,,,,34.230849,-118.265101,LOWELL / HONOLULU,15.68
2025-01-07 16:25:00,769898,210,E,FR,,,,,,,,34.230849,-118.265101,LOWELL / HONOLULU,15.68
2025-01-07 16:25:00,769986,210,E,FR,,,,,,,,34.202989,-118.191827,GOULD,20.4
2025-01-07 16:25:00,770118,210,E,FR,,,,,,,,34.234317,-118.286992,LA TUNA CANYON,14.39
2025-01-07 16:30:00,717616,210,E,FR,,,,,,,,34.179921,-118.167405,ARROYO,22.6
2025-01-07 16:30:00,717619,210,E,FR,,,,,,,,34.174756,-118.160407,LINCOLN 1,23.14
2025-01-07 16:30:00,717651,210,E,FR,26.0,26.0,,,,,,34.147621,-118.079037,SIERRA MADRE V2,29.44
2025-01-07 16:30:00,737480,210,E,FR,,,,,,,,34.152332,-118.103137,ALTADENA,27.98
2025-01-07 16:30:00,761091,210,E,FR,,,,,,,,34.160546,-118.158748,MOUNTAIN 2,24.16
2025-01-07 16:30:00,763878,210,E,FR,,,,,,,,34.152216,-118.156144,WALNUT,24.81
2025-01-07 16:30:00,763908,210,E,FR,69.0,20.0,49.0,,,,,34.152385,-118.0979,SIERRA MADRE BLVD,28.28
2025-01-07 16:30:00,768923,210,E,FR,,,,,,,,34.147544,-118.081868,SIERRA MADRE VILLA,29.28
2025-01-07 16:30:00,769269,210,E,FR,,,,,,,,34.15167,-118.137983,LAKE AVE OFF(LAKE 1),25.98
2025-01-07 16:30:00,769272,210,E,FR,,,,,,,,34.151855,-118.125787,HILL AVE OFF,26.68
2025-01-07 16:30:00,769789,210,E,FR,,,,,,,,34.189219,-118.180753,BERKSHIRE,21.58
2025-01-07 16:30:00,769833,210,E,FR,,,,,,,,34.206745,-118.201533,ANGELES CREST HWY SB,19.78
2025-01-07 16:30:00,769850,210,E,FR,39.0,39.0,,,,,,34.211728,-118.228265,OCEAN VIEW,18.18
2025-01-07 16:30:00,769882,210,E,FR,38.0,38.0,,,,,,34.221426,-118.245718,PENNSYLVANIA,16.98
2025-01-07 16:30:00,769897,210,E,FR,,,,,,,,34.230849,-118.265101,LOWELL / HONOLULU,15.68
2025-01-07 16:30:00,769898,210,E,FR,,,,,,,,34.230849,-118.265101,LOWELL / HONOLULU,15.68
2025-01-07 16:30:00,769986,210,E,FR,,,,,,,,34.202989,-118.191827,GOULD,20.4
2025-01-07 16:30:00,770118,210,E,FR,,,,,,,,34.234317,-118.286992,LA TUNA CANYON,14.39
2025-01-07 16:35:00,717616,210,E,FR,,,,,,,,34.179921,-118.167405,ARROYO,22.6
2025-01-07 16:35:00,717619,210,E,FR,,,,,,,,34.174756,-118.160407,LINCOLN 1,23.14
2025-01-07 16:35:00,717651,210,E,FR,39.0,39.0,,,,,,34.147621,-118.079037,SIERRA MADRE V2,29.44
2025-01-07 16:35:00,737480,210,E,FR,,,,,,,,34.152332,-118.103137,ALTADENA,27.98
2025-01-07 16:35:00,761091,210,E,FR,,,,,,,,34.160546,-118.158748,MOUNTAIN 2,24.16
2025-01-07 16:35:00,763878,210,E,FR,,,,,,,,34.152216,-118.156144,WALNUT,24.81
2025-01-07 16:35:00,763908,210,E,FR,76.0,30.0,46.0,,,,,34.152385,-118.0979,SIERRA MADRE BLVD,28.28
2025-01-07 16:35:00,768923,210,E,FR,,,,,,,,34.147544,-118.081868,SIERRA MADRE VILLA,29.28
2025-01-07 16:35:00,769269,210,E,FR,,,,,,,,34.15167,-118.137983,LAKE AVE OFF(LAKE 1),25.98
2025-01-07 16:35:00,769272,210,E,FR,,,,,,,,34.151855,-118.125787,HILL AVE OFF,26.68
2025-01-07 16:35:00,769789,210,E,FR,,,,,,,,34.189219,-118.180753,BERKSHIRE,21.58
2025-01-07 16:35:00,769833,210,E,FR,,,,,,,,34.206745,-118.201533,ANGELES CREST HWY SB,19.78
2025-01-07 16:35:00,769850,210,E,FR,34.0,34.0,,,,,,34.211728,-118.228265,OCEAN VIEW,18.18
2025-01-07 16:35:00,769882,210,E,FR,22.0,22.0,,,,,,34.221426,-118.245718,PENNSYLVANIA,16.98
2025-01-07 16:35:00,769897,210,E,FR,,,,,,,,34.230849,-118.265101,LOWELL / HONOLULU,15.68
2025-01-07 16:35:00,769898,210,E,FR,,,,,,,,34.230849,-118.265101,LOWELL / HONOLULU,15.68
2025-01-07 16:35:00,769986,210,E,FR,,,,,,,,34.202989,-118.191827,GOULD,20.4
2025-01-07 16:35:00,770118,210,E,FR,,,,,,,,34.234317,-118.286992,LA TUNA CANYON,14.39
2025-01-07 16:40:00,717616,210,E,FR,,,,,,,,34.179921,-118.167405,ARROYO,22.6
2025-01-07 16:40:00,717619,210,E,FR,,,,,,,,34.174756,-118.160407,LINCOLN 1,23.14
2025-01-07 16:40:00,717651,210,E,FR,36.0,36.0,,,,,,34.147621,-118.079037,SIERRA MADRE V2,29.44
2025-01-07 16:40:00,737480,210,E,FR,,,,,,,,34.152332,-118.103137,ALTADENA,27.98
2025-01-07 16:40:00,761091,210,E,FR,,,,,,,,34.160546,-118.158748,MOUNTAIN 2,24.16
2025-01-07 16:40:00,763878,210,E,FR,,,,,,,,34.152216,-118.156144,WALNUT,24.81
2025-01-07 16:40:00,763908,210,E,FR,74.0,30.0,44.0,,,,,34.152385,-118.0979,SIERRA MADRE BLVD,28.28
2025-01-07 16:40:00,768923,210,E,FR,,,,,,,,34.147544,-118.081868,SIERRA MADRE VILLA,29.28
2025-01-07 16:40:00,769269,210,E,FR,,,,,,,,34.15167,-118.137983,LAKE AVE OFF(LAKE 1),25.98
2025-01-07 16:40:00,769272,210,E,FR,,,,,,,,34.151855,-118.125787,HILL AVE OFF,26.68
2025-01-07 16:40:00,769789,210,E,FR,,,,,,,,34.189219,-118.180753,BERKSHIRE,21.58
2025-01-07 16:40:00,769833,210,E,FR,,,,,,,,34.206745,-118.201533,ANGELES CREST HWY SB,19.78
2025-01-07 16:40:00,769850,210,E,FR,36.0,36.0,,,,,,34.211728,-118.228265,OCEAN VIEW,18.18
2025-01-07 16:40:00,769882,210,E,FR,38.0,38.0,,,,,,34.221426,-118.245718,PENNSYLVANIA,16.98
2025-01-07 16:40:00,769897,210,E,FR,,,,,,,,34.230849,-118.265101,LOWELL / HONOLULU,15.68
2025-01-07 16:40:00,769898,210,E,FR,,,,,,,,34.230849,-118.265101,LOWELL / HONOLULU,15.68
2025-01-07 16:40:00,769986,210,E,FR,,,,,,,,34.202989,-118.191827,GOULD,20.4
2025-01-07 16:40:00,770118,210,E,FR,,,,,,,,34.234317,-118.286992,LA TUNA CANYON,14.39
2025-01-07 16:45:00,717616,210,E,FR,,,,,,,,34.179921,-118.167405,ARROYO,22.6
2025-01-07 16:45:00,717619,210,E,FR,,,,,,,,34.174756,-118.160407,LINCOLN 1,23.14
2025-01-07 16:45:00,717651,210,E,FR,30.0,30.0,,,,,,34.147621,-118.079037,SIERRA MADRE V2,29.44
2025-01-07 16:45:00,737480,210,E,FR,,,,,,,,34.152332,-118.103137,ALTADENA,27.98
2025-01-07 16:45:00,761091,210,E,FR,,,,,,,,34.160546,-118.158748,MOUNTAIN 2,24.16
2025-01-07 16:45:00,763878,210,E,FR,,,,,,,,34.152216,-118.156144,WALNUT,24.81
2025-01-07 16:45:00,763908,210,E,FR,89.0,35.0,54.0,,,,,34.152385,-118.0979,SIERRA MADRE BLVD,28.28
2025-01-07 16:45:00,768923,210,E,FR,,,,,,,,34.147544,-118.081868,SIERRA MADRE VILLA,29.28
2025-01-07 16:45:00,769269,210,E,FR,,,,,,,,34.15167,-118.137983,LAKE AVE OFF(LAKE 1),25.98
2025-01-07 16:45:00,769272,210,E,FR,,,,,,,,34.151855,-118.125787,HILL AVE OFF,26.68
2025-01-07 16:45:00,769789,210,E,FR,,,,,,,,34.189219,-118.180753,BERKSHIRE,21.58
2025-01-07 16:45:00,769833,210,E,FR,,,,,,,,34.206745,-118.201533,ANGELES CREST HWY SB,19.78
2025-01-07 16:45:00,769850,210,E,FR,28.0,28.0,,,,,,34.211728,-118.228265,OCEAN VIEW,18.18
2025-01-07 16:45:00,769882,210,E,FR,36.0,36.0,,,,,,34.221426,-118.245718,PENNSYLVANIA,16.98
2025-01-07 16:45:00,769897,210,E,FR,,,,,,,,34.230849,-118.265101,LOWELL / HONOLULU,15.68
2025-01-07 16:45:00,769898,210,E,FR,,,,,,,,34.230849,-118.265101,LOWELL / HONOLULU,15.68
2025-01-07 16:45:00,769986,210,E,FR,,,,,,,,34.202989,-118.191827,GOULD,20.4
2025-01-07 16:45:00,770118,210,E,FR,,,,,,,,34.234317,-118.286992,LA TUNA CANYON,14.39
2025-01-07 16:50:00,717616,210,E,FR,,,,,,,,34.179921,-118.167405,ARROYO,22.6
2025-01-07 16:50:00,717619,210,E,FR,,,,,,,,34.174756,-118.160407,LINCOLN 1,23.14
2025-01-07 16:50:00,717651,210,E,FR,18.0,18.0,,,,,,34.147621,-118.079037,SIERRA MADRE V2,29.44
2025-01-07 16:50:00,737480,210,E,FR,,,,,,,,34.152332,-118.103137,ALTADENA,27.98
2025-01-07 16:50:00,761091,210,E,FR,,,,,,,,34.160546,-118.158748,MOUNTAIN 2,24.16
2025-01-07 16:50:00,763878,210,E,FR,,,,,,,,34.152216,-118.156144,WALNUT,24.81
2025-01-07 16:50:00,763908,210,E,FR,67.0,24.0,43.0,,,,,34.152385,-118.0979,SIERRA MADRE BLVD,28.28
2025-01-07 16:50:00,768923,210,E,FR,,,,,,,,34.147544,-118.081868,SIERRA MADRE VILLA,29.28
2025-01-07 16:50:00,769269,210,E,FR,,,,,,,,34.15167,-118.137983,LAKE AVE OFF(LAKE 1),25.98
2025-01-07 16:50:00,769272,210,E,FR,,,,,,,,34.151855,-118.125787,HILL AVE OFF,26.68
2025-01-07 16:50:00,769789,210,E,FR,,,,,,,,34.189219,-118.180753,BERKSHIRE,21.58
2025-01-07 16:50:00,769833,210,E,FR,,,,,,,,34.206745,-118.201533,ANGELES CREST HWY SB,19.78
2025-01-07 16:50:00,769850,210,E,FR,36.0,36.0,,,,,,34.211728,-118.228265,OCEAN VIEW,18.18
2025-01-07 16:50:00,769882,210,E,FR,44.0,44.0,,,,,,34.221426,-118.245718,PENNSYLVANIA,16.98
2025-01-07 16:50:00,769897,210,E,FR,,,,,,,,34.230849,-118.265101,LOWELL / HONOLULU,15.68
2025-01-07 16:50:00,769898,210,E,FR,,,,,,,,34.230849,-118.265101,LOWELL / HONOLULU,15.68
2025-01-07 16:50:00,769986,210,E,FR,,,,,,,,34.202989,-118.191827,GOULD,20.4
2025-01-07 16:50:00,770118,210,E,FR,,,,,,,,34.234317,-118.286992,LA TUNA CANYON,14.39
2025-01-07 16:55:00,717616,210,E,FR,,,,,,,,34.179921,-118.167405,ARROYO,22.6
2025-01-07 16:55:00,717619,210,E,FR,,,,,,,,34.174756,-118.160407,LINCOLN 1,23.14
2025-01-07 16:55:00,717651,210,E,FR,25.0,25.0,,,,,,34.147621,-118.079037,SIERRA MADRE V2,29.44
2025-01-07 16:55:00,737480,210,E,FR,,,,,,,,34.152332,-118.103137,ALTADENA,27.98
2025-01-07 16:55:00,761091,210,E,FR,,,,,,,,34.160546,-118.158748,MOUNTAIN 2,24.16
2025-01-07 16:55:00,763878,210,E,FR,,,,,,,,34.152216,-118.156144,WALNUT,24.81
2025-01-07 16:55:00,763908,210,E,FR,62.0,22.0,40.0,,,,,34.152385,-118.0979,SIERRA MADRE BLVD,28.28
2025-01-07 16:55:00,768923,210,E,FR,,,,,,,,34.147544,-118.081868,SIERRA MADRE VILLA,29.28
2025-01-07 16:55:00,769269,210,E,FR,,,,,,,,34.15167,-118.137983,LAKE AVE OFF(LAKE 1),25.98
2025-01-07 16:55:00,769272,210,E,FR,,,,,,,,34.151855,-118.125787,HILL AVE OFF,26.68
2025-01-07 16:55:00,769789,210,E,FR,,,,,,,,34.189219,-118.180753,BERKSHIRE,21.58
2025-01-07 16:55:00,769833,210,E,FR,,,,,,,,34.206745,-118.201533,ANGELES CREST HWY SB,19.78
2025-01-07 16:55:00,769850,210,E,FR,34.0,34.0,,,,,,34.211728,-118.228265,OCEAN VIEW,18.18
2025-01-07 16:55:00,769882,210,E,FR,41.0,41.0,,,,,,34.221426,-118.245718,PENNSYLVANIA,16.98
2025-01-07 16:55:00,769897,210,E,FR,,,,,,,,34.230849,-118.265101,LOWELL / HONOLULU,15.68
2025-01-07 16:55:00,769898,210,E,FR,,,,,,,,34.230849,-118.265101,LOWELL / HONOLULU,15.68
2025-01-07 16:55:00,769986,210,E,FR,,,,,,,,34.202989,-118.191827,GOULD,20.4
2025-01-07 16:55:00,770118,210,E,FR,,,,,,,,34.234317,-118.286992,LA TUNA CANYON,14.39
2025-01-07 17:00:00,717616,210,E,FR,,,,,,,,34.179921,-118.167405,ARROYO,22.6
2025-01-07 17:00:00,717619,210,E,FR,,,,,,,,34.174756,-118.160407,LINCOLN 1,23.14
2025-01-07 17:00:00,717651,210,E,FR,22.0,22.0,,,,,,34.147621,-118.079037,SIERRA MADRE V2,29.44
2025-01-07 17:00:00,737480,210,E,FR,,,,,,,,34.152332,-118.103137,ALTADENA,27.98
2025-01-07 17:00:00,761091,210,E,FR,,,,,,,,34.160546,-118.158748,MOUNTAIN 2,24.16
2025-01-07 17:00:00,763878,210,E,FR,,,,,,,,34.152216,-118.156144,WALNUT,24.81
2025-01-07 17:00:00,763908,210,E,FR,73.0,32.0,41.0,,,,,34.152385,-118.0979,SIERRA MADRE BLVD,28.28
2025-01-07 17:00:00,768923,210,E,FR,,,,,,,,34.147544,-118.081868,SIERRA MADRE VILLA,29.28
2025-01-07 17:00:00,769269,210,E,FR,,,,,,,,34.15167,-118.137983,LAKE AVE OFF(LAKE 1),25.98
2025-01-07 17:00:00,769272,210,E,FR,,,,,,,,34.151855,-118.125787,HILL AVE OFF,26.68
2025-01-07 17:00:00,769789,210,E,FR,,,,,,,,34.189219,-118.180753,BERKSHIRE,21.58
2025-01-07 17:00:00,769833,210,E,FR,,,,,,,,34.206745,-118.201533,ANGELES CREST HWY SB,19.78
2025-01-07 17:00:00,769850,210,E,FR,30.0,30.0,,,,,,34.211728,-118.228265,OCEAN VIEW,18.18
2025-01-07 17:00:00,769882,210,E,FR,45.0,45.0,,,,,,34.221426,-118.245718,PENNSYLVANIA,16.98
2025-01-07 17:00:00,769897,210,E,FR,,,,,,,,34.230849,-118.265101,LOWELL / HONOLULU,15.68
2025-01-07 17:00:00,769898,210,E,FR,,,,,,,,34.230849,-118.265101,LOWELL / HONOLULU,15.68
2025-01-07 17:00:00,769986,210,E,FR,,,,,,,,34.202989,-118.191827,GOULD,20.4
2025-01-07 17:00:00,770118,210,E,FR,,,,,,,,34.234317,-118.286992,LA TUNA CANYON,14.39
2025-01-07 17:05:00,717616,210,E,FR,,,,,,,,34.179921,-118.167405,ARROYO,22.6
2025-01-07 17:05:00,717619,210,E,FR,,,,,,,,34.174756,-118.160407,LINCOLN 1,23.14
2025-01-07 17:05:00,717651,210,E,FR,17.0,17.0,,,,,,34.147621,-118.079037,SIERRA MADRE V2,29.44
2025-01-07 17:05:00,737480,210,E,FR,,,,,,,,34.152332,-118.103137,ALTADENA,27.98
2025-01-07 17:05:00,761091,210,E,FR,,,,,,,,34.160546,-118.158748,MOUNTAIN 2,24.16
2025-01-07 17:05:00,763878,210,E,FR,,,,,,,,34.152216,-118.156144,WALNUT,24.81
2025-01-07 17:05:00,763908,210,E,FR,58.0,24.0,34.0,,,,,34.152385,-118.0979,SIERRA MADRE BLVD,28.28
2025-01-07 17:05:00,768923,210,E,FR,,,,,,,,34.147544,-118.081868,SIERRA MADRE VILLA,29.28
2025-01-07 17:05:00,769269,210,E,FR,,,,,,,,34.15167,-118.137983,LAKE AVE OFF(LAKE 1),25.98
2025-01-07 17:05:00,769272,210,E,FR,,,,,,,,34.151855,-118.125787,HILL AVE OFF,26.68
2025-01-07 17:05:00,769789,210,E,FR,,,,,,,,34.189219,-118.180753,BERKSHIRE,21.58
2025-01-07 17:05:00,769833,210,E,FR,,,,,,,,34.206745,-118.201533,ANGELES CREST HWY SB,19.78
2025-01-07 17:05:00,769850,210,E,FR,22.0,22.0,,,,,,34.211728,-118.228265,OCEAN VIEW,18.18
2025-01-07 17:05:00,769882,210,E,FR,42.0,42.0,,,,,,34.221426,-118.245718,PENNSYLVANIA,16.98
2025-01-07 17:05:00,769897,210,E,FR,,,,,,,,34.230849,-118.265101,LOWELL / HONOLULU,15.68
2025-01-07 17:05:00,769898,210,E,FR,,,,,,,,34.230849,-118.265101,LOWELL / HONOLULU,15.68
2025-01-07 17:05:00,769986,210,E,FR,,,,,,,,34.202989,-118.191827,GOULD,20.4
2025-01-07 17:05:00,770118,210,E,FR,,,,,,,,34.234317,-118.286992,LA TUNA CANYON,14.39
2025-01-07 17:10:00,717616,210,E,FR,,,,,,,,34.179921,-118.167405,ARROYO,22.6
2025-01-07 17:10:00,717619,210,E,FR,,,,,,,,34.174756,-118.160407,LINCOLN 1,23.14
2025-01-07 17:10:00,717651,210,E,FR,33.0,33.0,,,,,,34.147621,-118.079037,SIERRA MADRE V2,29.44
2025-01-07 17:10:00,737480,210,E,FR,,,,,,,,34.152332,-118.103137,ALTADENA,27.98
2025-01-07 17:10:00,761091,210,E,FR,,,,,,,,34.160546,-118.158748,MOUNTAIN 2,24.16
2025-01-07 17:10:00,763878,210,E,FR,,,,,,,,34.152216,-118.156144,WALNUT,24.81
2025-01-07 17:10:00,763908,210,E,FR,53.0,18.0,35.0,,,,,34.152385,-118.0979,SIERRA MADRE BLVD,28.28
2025-01-07 17:10:00,768923,210,E,FR,,,,,,,,34.147544,-118.081868,SIERRA MADRE VILLA,29.28
2025-01-07 17:10:00,769269,210,E,FR,,,,,,,,34.15167,-118.137983,LAKE AVE OFF(LAKE 1),25.98
2025-01-07 17:10:00,769272,210,E,FR,,,,,,,,34.151855,-118.125787,HILL AVE OFF,26.68
2025-01-07 17:10:00,769789,210,E,FR,,,,,,,,34.189219,-118.180753,BERKSHIRE,21.58
2025-01-07 17:10:00,769833,210,E,FR,,,,,,,,34.206745,-118.201533,ANGELES CREST HWY SB,19.78
2025-01-07 17:10:00,769850,210,E,FR,29.0,29.0,,,,,,34.211728,-118.228265,OCEAN VIEW,18.18
2025-01-07 17:10:00,769882,210,E,FR,28.0,28.0,,,,,,34.221426,-118.245718,PENNSYLVANIA,16.98
2025-01-07 17:10:00,769897,210,E,FR,,,,,,,,34.230849,-118.265101,LOWELL / HONOLULU,15.68
2025-01-07 17:10:00,769898,210,E,FR,,,,,,,,34.230849,-118.265101,LOWELL / HONOLULU,15.68
2025-01-07 17:10:00,769986,210,E,FR,,,,,,,,34.202989,-118.191827,GOULD,20.4
2025-01-07 17:10:00,770118,210,E,FR,,,,,,,,34.234317,-118.286992,LA TUNA CANYON,14.39
2025-01-07 17:15:00,717616,210,E,FR,,,,,,,,34.179921,-118.167405,ARROYO,22.6
2025-01-07 17:15:00,717619,210,E,FR,,,,,,,,34.174756,-118.160407,LINCOLN 1,23.14
2025-01-07 17:15:00,717651,210,E,FR,29.0,29.0,,,,,,34.147621,-118.079037,SIERRA MADRE V2,29.44
2025-01-07 17:15:00,737480,210,E,FR,,,,,,,,34.152332,-118.103137,ALTADENA,27.98
2025-01-07 17:15:00,761091,210,E,FR,,,,,,,,34.160546,-118.158748,MOUNTAIN 2,24.16
2025-01-07 17:15:00,763878,210,E,FR,,,,,,,,34.152216,-118.156144,WALNUT,24.81
2025-01-07 17:15:00,763908,210,E,FR,50.0,23.0,27.0,,,,,34.152385,-118.0979,SIERRA MADRE BLVD,28.28
2025-01-07 17:15:00,768923,210,E,FR,,,,,,,,34.147544,-118.081868,SIERRA MADRE VILLA,29.28
2025-01-07 17:15:00,769269,210,E,FR,,,,,,,,34.15167,-118.137983,LAKE AVE OFF(LAKE 1),25.98
2025-01-07 17:15:00,769272,210,E,FR,,,,,,,,34.151855,-118.125787,HILL AVE OFF,26.68
2025-01-07 17:15:00,769789,210,E,FR,,,,,,,,34.189219,-118.180753,BERKSHIRE,21.58
2025-01-07 17:15:00,769833,210,E,FR,,,,,,,,34.206745,-118.201533,ANGELES CREST HWY SB,19.78
2025-01-07 17:15:00,769850,210,E,FR,26.0,26.0,,,,,,34.211728,-118.228265,OCEAN VIEW,18.18
2025-01-07 17:15:00,769882,210,E,FR,44.0,44.0,,,,,,34.221426,-118.245718,PENNSYLVANIA,16.98
2025-01-07 17:15:00,769897,210,E,FR,,,,,,,,34.230849,-118.265101,LOWELL / HONOLULU,15.68
2025-01-07 17:15:00,769898,210,E,FR,,,,,,,,34.230849,-118.265101,LOWELL / HONOLULU,15.68
2025-01-07 17:15:00,769986,210,E,FR,,,,,,,,34.202989,-118.191827,GOULD,20.4
2025-01-07 17:15:00,770118,210,E,FR,,,,,,,,34.234317,-118.286992,LA TUNA CANYON,14.39
2025-01-07 17:20:00,717616,210,E,FR,,,,,,,,34.179921,-118.167405,ARROYO,22.6
2025-01-07 17:20:00,717619,210,E,FR,,,,,,,,34.174756,-118.160407,LINCOLN 1,23.14
2025-01-07 17:20:00,717651,210,E,FR,22.0,22.0,,,,,,34.147621,-118.079037,SIERRA MADRE V2,29.44
2025-01-07 17:20:00,737480,210,E,FR,,,,,,,,34.152332,-118.103137,ALTADENA,27.98
2025-01-07 17:20:00,761091,210,E,FR,,,,,,,,34.160546,-118.158748,MOUNTAIN 2,24.16
2025-01-07 17:20:00,763878,210,E,FR,,,,,,,,34.152216,-118.156144,WALNUT,24.81
2025-01-07 17:20:00,763908,210,E,FR,85.0,30.0,55.0,,,,,34.152385,-118.0979,SIERRA MADRE BLVD,28.28
2025-01-07 17:20:00,768923,210,E,FR,,,,,,,,34.147544,-118.081868,SIERRA MADRE VILLA,29.28
2025-01-07 17:20:00,769269,210,E,FR,,,,,,,,34.15167,-118.137983,LAKE AVE OFF(LAKE 1),25.98
2025-01-07 17:20:00,769272,210,E,FR,,,,,,,,34.151855,-118.125787,HILL AVE OFF,26.68
2025-01-07 17:20:00,769789,210,E,FR,,,,,,,,34.189219,-118.180753,BERKSHIRE,21.58
2025-01-07 17:20:00,769833,210,E,FR,,,,,,,,34.206745,-118.201533,ANGELES CREST HWY SB,19.78
2025-01-07 17:20:00,769850,210,E,FR,27.0,27.0,,,,,,34.211728,-118.228265,OCEAN VIEW,18.18
2025-01-07 17:20:00,769882,210,E,FR,45.0,45.0,,,,,,34.221426,-118.245718,PENNSYLVANIA,16.98
2025-01-07 17:20:00,769897,210,E,FR,,,,,,,,34.230849,-118.265101,LOWELL / HONOLULU,15.68
2025-01-07 17:20:00,769898,210,E,FR,,,,,,,,34.230849,-118.265101,LOWELL / HONOLULU,15.68
2025-01-07 17:20:00,769986,210,E,FR,,,,,,,,34.202989,-118.191827,GOULD,20.4
2025-01-07 17:20:00,770118,210,E,FR,,,,,,,,34.234317,-118.286992,LA TUNA CANYON,14.39
2025-01-07 17:25:00,717616,210,E,FR,,,,,,,,34.179921,-118.167405,ARROYO,22.6
2025-01-07 17:25:00,717619,210,E,FR,,,,,,,,34.174756,-118.160407,LINCOLN 1,23.14
2025-01-07 17:25:00,717651,210,E,FR,21.0,21.0,,,,,,34.147621,-118.079037,SIERRA MADRE V2,29.44
2025-01-07 17:25:00,737480,210,E,FR,,,,,,,,34.152332,-118.103137,ALTADENA,27.98
2025-01-07 17:25:00,761091,210,E,FR,,,,,,,,34.160546,-118.158748,MOUNTAIN 2,24.16
2025-01-07 17:25:00,763878,210,E,FR,,,,,,,,34.152216,-118.156144,WALNUT,24.81
2025-01-07 17:25:00,763908,210,E,FR,86.0,39.0,47.0,,,,,34.152385,-118.0979,SIERRA MADRE BLVD,28.28
2025-01-07 17:25:00,768923,210,E,FR,,,,,,,,34.147544,-118.081868,SIERRA MADRE VILLA,29.28
2025-01-07 17:25:00,769269,210,E,FR,,,,,,,,34.15167,-118.137983,LAKE AVE OFF(LAKE 1),25.98
2025-01-07 17:25:00,769272,210,E,FR,,,,,,,,34.151855,-118.125787,HILL AVE OFF,26.68
2025-01-07 17:25:00,769789,210,E,FR,,,,,,,,34.189219,-118.180753,BERKSHIRE,21.58
2025-01-07 17:25:00,769833,210,E,FR,,,,,,,,34.206745,-118.201533,ANGELES CREST HWY SB,19.78
2025-01-07 17:25:00,769850,210,E,FR,30.0,30.0,,,,,,34.211728,-118.228265,OCEAN VIEW,18.18
2025-01-07 17:25:00,769882,210,E,FR,36.0,36.0,,,,,,34.221426,-118.245718,PENNSYLVANIA,16.98
2025-01-07 17:25:00,769897,210,E,FR,,,,,,,,34.230849,-118.265101,LOWELL / HONOLULU,15.68
2025-01-07 17:25:00,769898,210,E,FR,,,,,,,,34.230849,-118.265101,LOWELL / HONOLULU,15.68
2025-01-07 17:25:00,769986,210,E,FR,,,,,,,,34.202989,-118.191827,GOULD,20.4
2025-01-07 17:25:00,770118,210,E,FR,,,,,,,,34.234317,-118.286992,LA TUNA CANYON,14.39
2025-01-07 17:30:00,717616,210,E,FR,,,,,,,,34.179921,-118.167405,ARROYO,22.6
2025-01-07 17:30:00,717619,210,E,FR,,,,,,,,34.174756,-118.160407,LINCOLN 1,23.14
2025-01-07 17:30:00,717651,210,E,FR,27.0,27.0,,,,,,34.147621,-118.079037,SIERRA MADRE V2,29.44
2025-01-07 17:30:00,737480,210,E,FR,,,,,,,,34.152332,-118.103137,ALTADENA,27.98
2025-01-07 17:30:00,761091,210,E,FR,,,,,,,,34.160546,-118.158748,MOUNTAIN 2,24.16
2025-01-07 17:30:00,763878,210,E,FR,,,,,,,,34.152216,-118.156144,WALNUT,24.81
2025-01-07 17:30:00,763908,210,E,FR,73.0,24.0,49.0,,,,,34.152385,-118.0979,SIERRA MADRE BLVD,28.28
2025-01-07 17:30:00,768923,210,E,FR,,,,,,,,34.147544,-118.081868,SIERRA MADRE VILLA,29.28
2025-01-07 17:30:00,769269,210,E,FR,,,,,,,,34.15167,-118.137983,LAKE AVE OFF(LAKE 1),25.98
2025-01-07 17:30:00,769272,210,E,FR,,,,,,,,34.151855,-118.125787,HILL AVE OFF,26.68
2025-01-07 17:30:00,769789,210,E,FR,,,,,,,,34.189219,-118.180753,BERKSHIRE,21.58
2025-01-07 17:30:00,769833,210,E,FR,,,,,,,,34.206745,-118.201533,ANGELES CREST HWY SB,19.78
2025-01-07 17:30:00,769850,210,E,FR,25.0,25.0,,,,,,34.211728,-118.228265,OCEAN VIEW,18.18
2025-01-07 17:30:00,769882,210,E,FR,33.0,33.0,,,,,,34.221426,-118.245718,PENNSYLVANIA,16.98
2025-01-07 17:30:00,769897,210,E,FR,,,,,,,,34.230849,-118.265101,LOWELL / HONOLULU,15.68
2025-01-07 17:30:00,769898,210,E,FR,,,,,,,,34.230849,-118.265101,LOWELL / HONOLULU,15.68
2025-01-07 17:30:00,769986,210,E,FR,,,,,,,,34.202989,-118.191827,GOULD,20.4
2025-01-07 17:30:00,770118,210,E,FR,,,,,,,,34.234317,-118.286992,LA TUNA CANYON,14.39
2025-01-07 17:35:00,717616,210,E,FR,,,,,,,,34.179921,-118.167405,ARROYO,22.6
2025-01-07 17:35:00,717619,210,E,FR,,,,,,,,34.174756,-118.160407,LINCOLN 1,23.14
2025-01-07 17:35:00,717651,210,E,FR,21.0,21.0,,,,,,34.147621,-118.079037,SIERRA MADRE V2,29.44
2025-01-07 17:35:00,737480,210,E,FR,,,,,,,,34.152332,-118.103137,ALTADENA,27.98
2025-01-07 17:35:00,761091,210,E,FR,,,,,,,,34.160546,-118.158748,MOUNTAIN 2,24.16
2025-01-07 17:35:00,763878,210,E,FR,,,,,,,,34.152216,-118.156144,WALNUT,24.81
2025-01-07 17:35:00,763908,210,E,FR,65.0,31.0,34.0,,,,,34.152385,-118.0979,SIERRA MADRE BLVD,28.28
2025-01-07 17:35:00,768923,210,E,FR,,,,,,,,34.147544,-118.081868,SIERRA MADRE VILLA,29.28
2025-01-07 17:35:00,769269,210,E,FR,,,,,,,,34.15167,-118.137983,LAKE AVE OFF(LAKE 1),25.98
2025-01-07 17:35:00,769272,210,E,FR,,,,,,,,34.151855,-118.125787,HILL AVE OFF,26.68
2025-01-07 17:35:00,769789,210,E,FR,,,,,,,,34.189219,-118.180753,BERKSHIRE,21.58
2025-01-07 17:35:00,769833,210,E,FR,,,,,,,,34.206745,-118.201533,ANGELES CREST HWY SB,19.78
2025-01-07 17:35:00,769850,210,E,FR,35.0,35.0,,,,,,34.211728,-118.228265,OCEAN VIEW,18.18
2025-01-07 17:35:00,769882,210,E,FR,39.0,39.0,,,,,,34.221426,-118.245718,PENNSYLVANIA,16.98
2025-01-07 17:35:00,769897,210,E,FR,,,,,,,,34.230849,-118.265101,LOWELL / HONOLULU,15.68
2025-01-07 17:35:00,769898,210,E,FR,,,,,,,,34.230849,-118.265101,LOWELL / HONOLULU,15.68
2025-01-07 17:35:00,769986,210,E,FR,,,,,,,,34.202989,-118.191827,GOULD,20.4
2025-01-07 17:35:00,770118,210,E,FR,,,,,,,,34.234317,-118.286992,LA TUNA CANYON,14.39
2025-01-07 17:40:00,717616,210,E,FR,,,,,,,,34.179921,-118.167405,ARROYO,22.6
2025-01-07 17:40:00,717619,210,E,FR,,,,,,,,34.174756,-118.160407,LINCOLN 1,23.14
2025-01-07 17:40:00,717651,210,E,FR,31.0,31.0,,,,,,34.147621,-118.079037,SIERRA MADRE V2,29.44
2025-01-07 17:40:00,737480,210,E,FR,,,,,,,,34.152332,-118.103137,ALTADENA,27.98
2025-01-07 17:40:00,761091,210,E,FR,,,,,,,,34.160546,-118.158748,MOUNTAIN 2,24.16
2025-01-07 17:40:00,763878,210,E,FR,,,,,,,,34.152216,-118.156144,WALNUT,24.81
2025-01-07 17:40:00,763908,210,E,FR,53.0,24.0,29.0,,,,,34.152385,-118.0979,SIERRA MADRE BLVD,28.28
2025-01-07 17:40:00,768923,210,E,FR,,,,,,,,34.147544,-118.081868,SIERRA MADRE VILLA,29.28
2025-01-07 17:40:00,769269,210,E,FR,,,,,,,,34.15167,-118.137983,LAKE AVE OFF(LAKE 1),25.98
2025-01-07 17:40:00,769272,210,E,FR,,,,,,,,34.151855,-118.125787,HILL AVE OFF,26.68
2025-01-07 17:40:00,769789,210,E,FR,,,,,,,,34.189219,-118.180753,BERKSHIRE,21.58
2025-01-07 17:40:00,769833,210,E,FR,,,,,,,,34.206745,-118.201533,ANGELES CREST HWY SB,19.78
2025-01-07 17:40:00,769850,210,E,FR,31.0,31.0,,,,,,34.211728,-118.228265,OCEAN VIEW,18.18
2025-01-07 17:40:00,769882,210,E,FR,41.0,41.0,,,,,,34.221426,-118.245718,PENNSYLVANIA,16.98
2025-01-07 17:40:00,769897,210,E,FR,,,,,,,,34.230849,-118.265101,LOWELL / HONOLULU,15.68
2025-01-07 17:40:00,769898,210,E,FR,,,,,,,,34.230849,-118.265101,LOWELL / HONOLULU,15.68
2025-01-07 17:40:00,769986,210,E,FR,,,,,,,,34.202989,-118.191827,GOULD,20.4
2025-01-07 17:40:00,770118,210,E,FR,,,,,,,,34.234317,-118.286992,LA TUNA CANYON,14.39
2025-01-07 17:45:00,717616,210,E,FR,,,,,,,,34.179921,-118.167405,ARROYO,22.6
2025-01-07 17:45:00,717619,210,E,FR,,,,,,,,34.174756,-118.160407,LINCOLN 1,23.14
2025-01-07 17:45:00,717651,210,E,FR,24.0,24.0,,,,,,34.147621,-118.079037,SIERRA MADRE V2,29.44
2025-01-07 17:45:00,737480,210,E,FR,,,,,,,,34.152332,-118.103137,ALTADENA,27.98
2025-01-07 17:45:00,761091,210,E,FR,,,,,,,,34.160546,-118.158748,MOUNTAIN 2,24.16
2025-01-07 17:45:00,763878,210,E,FR,,,,,,,,34.152216,-118.156144,WALNUT,24.81
2025-01-07 17:45:00,763908,210,E,FR,80.0,23.0,57.0,,,,,34.152385,-118.0979,SIERRA MADRE BLVD,28.28
2025-01-07 17:45:00,768923,210,E,FR,,,,,,,,34.147544,-118.081868,SIERRA MADRE VILLA,29.28
2025-01-07 17:45:00,769269,210,E,FR,,,,,,,,34.15167,-118.137983,LAKE AVE OFF(LAKE 1),25.98
2025-01-07 17:45:00,769272,210,E,FR,,,,,,,,34.151855,-118.125787,HILL AVE OFF,26.68
2025-01-07 17:45:00,769789,210,E,FR,,,,,,,,34.189219,-118.180753,BERKSHIRE,21.58
2025-01-07 17:45:00,769833,210,E,FR,,,,,,,,34.206745,-118.201533,ANGELES CREST HWY SB,19.78
2025-01-07 17:45:00,769850,210,E,FR,27.0,27.0,,,,,,34.211728,-118.228265,OCEAN VIEW,18.18
2025-01-07 17:45:00,769882,210,E,FR,29.0,29.0,,,,,,34.221426,-118.245718,PENNSYLVANIA,16.98
2025-01-07 17:45:00,769897,210,E,FR,,,,,,,,34.230849,-118.265101,LOWELL / HONOLULU,15.68
2025-01-07 17:45:00,769898,210,E,FR,,,,,,,,34.230849,-118.265101,LOWELL / HONOLULU,15.68
2025-01-07 17:45:00,769986,210,E,FR,,,,,,,,34.202989,-118.191827,GOULD,20.4
2025-01-07 17:45:00,770118,210,E,FR,,,,,,,,34.234317,-118.286992,LA TUNA CANYON,14.39
2025-01-07 17:50:00,717616,210,E,FR,,,,,,,,34.179921,-118.167405,ARROYO,22.6
2025-01-07 17:50:00,717619,210,E,FR,,,,,,,,34.174756,-118.160407,LINCOLN 1,23.14
2025-01-07 17:50:00,717651,210,E,FR,28.0,28.0,,,,,,34.147621,-118.079037,SIERRA MADRE V2,29.44
2025-01-07 17:50:00,737480,210,E,FR,,,,,,,,34.152332,-118.103137,ALTADENA,27.98
2025-01-07 17:50:00,761091,210,E,FR,,,,,,,,34.160546,-118.158748,MOUNTAIN 2,24.16
2025-01-07 17:50:00,763878,210,E,FR,,,,,,,,34.152216,-118.156144,WALNUT,24.81
2025-01-07 17:50:00,763908,210,E,FR,73.0,23.0,50.0,,,,,34.152385,-118.0979,SIERRA MADRE BLVD,28.28
2025-01-07 17:50:00,768923,210,E,FR,,,,,,,,34.147544,-118.081868,SIERRA MADRE VILLA,29.28
2025-01-07 17:50:00,769269,210,E,FR,,,,,,,,34.15167,-118.137983,LAKE AVE OFF(LAKE 1),25.98
2025-01-07 17:50:00,769272,210,E,FR,,,,,,,,34.151855,-118.125787,HILL AVE OFF,26.68
2025-01-07 17:50:00,769789,210,E,FR,,,,,,,,34.189219,-118.180753,BERKSHIRE,21.58
2025-01-07 17:50:00,769833,210,E,FR,,,,,,,,34.206745,-118.201533,ANGELES CREST HWY SB,19.78
2025-01-07 17:50:00,769850,210,E,FR,31.0,31.0,,,,,,34.211728,-118.228265,OCEAN VIEW,18.18
2025-01-07 17:50:00,769882,210,E,FR,28.0,28.0,,,,,,34.221426,-118.245718,PENNSYLVANIA,16.98
2025-01-07 17:50:00,769897,210,E,FR,,,,,,,,34.230849,-118.265101,LOWELL / HONOLULU,15.68
2025-01-07 17:50:00,769898,210,E,FR,,,,,,,,34.230849,-118.265101,LOWELL / HONOLULU,15.68
2025-01-07 17:50:00,769986,210,E,FR,,,,,,,,34.202989,-118.191827,GOULD,20.4
2025-01-07 17:50:00,770118,210,E,FR,,,,,,,,34.234317,-118.286992,LA TUNA CANYON,14.39
2025-01-07 17:55:00,717616,210,E,FR,,,,,,,,34.179921,-118.167405,ARROYO,22.6
2025-01-07 17:55:00,717619,210,E,FR,,,,,,,,34.174756,-118.160407,LINCOLN 1,23.14
2025-01-07 17:55:00,717651,210,E,FR,33.0,33.0,,,,,,34.147621,-118.079037,SIERRA MADRE V2,29.44
2025-01-07 17:55:00,737480,210,E,FR,,,,,,,,34.152332,-118.103137,ALTADENA,27.98
2025-01-07 17:55:00,761091,210,E,FR,,,,,,,,34.160546,-118.158748,MOUNTAIN 2,24.16
2025-01-07 17:55:00,763878,210,E,FR,,,,,,,,34.152216,-118.156144,WALNUT,24.81
2025-01-07 17:55:00,763908,210,E,FR,60.0,20.0,40.0,,,,,34.152385,-118.0979,SIERRA MADRE BLVD,28.28
2025-01-07 17:55:00,768923,210,E,FR,,,,,,,,34.147544,-118.081868,SIERRA MADRE VILLA,29.28
2025-01-07 17:55:00,769269,210,E,FR,,,,,,,,34.15167,-118.137983,LAKE AVE OFF(LAKE 1),25.98
2025-01-07 17:55:00,769272,210,E,FR,,,,,,,,34.151855,-118.125787,HILL AVE OFF,26.68
2025-01-07 17:55:00,769789,210,E,FR,,,,,,,,34.189219,-118.180753,BERKSHIRE,21.58
2025-01-07 17:55:00,769833,210,E,FR,,,,,,,,34.206745,-118.201533,ANGELES CREST HWY SB,19.78
2025-01-07 17:55:00,769850,210,E,FR,34.0,34.0,,,,,,34.211728,-118.228265,OCEAN VIEW,18.18
2025-01-07 17:55:00,769882,210,E,FR,24.0,24.0,,,,,,34.221426,-118.245718,PENNSYLVANIA,16.98
2025-01-07 17:55:00,769897,210,E,FR,,,,,,,,34.230849,-118.265101,LOWELL / HONOLULU,15.68
2025-01-07 17:55:00,769898,210,E,FR,,,,,,,,34.230849,-118.265101,LOWELL / HONOLULU,15.68
2025-01-07 17:55:00,769986,210,E,FR,,,,,,,,34.202989,-118.191827,GOULD,20.4
2025-01-07 17:55:00,770118,210,E,FR,,,,,,,,34.234317,-118.286992,LA TUNA CANYON,14.39
2025-01-07 18:00:00,717616,210,E,FR,,,,,,,,34.179921,-118.167405,ARROYO,22.6
2025-01-07 18:00:00,717619,210,E,FR,,,,,,,,34.174756,-118.160407,LINCOLN 1,23.14
2025-01-07 18:00:00,717651,210,E,FR,26.0,26.0,,,,,,34.147621,-118.079037,SIERRA MADRE V2,29.44
2025-01-07 18:00:00,737480,210,E,FR,,,,,,,,34.152332,-118.103137,ALTADENA,27.98
2025-01-07 18:00:00,761091,210,E,FR,,,,,,,,34.160546,-118.158748,MOUNTAIN 2,24.16
2025-01-07 18:00:00,763878,210,E,FR,,,,,,,,34.152216,-118.156144,WALNUT,24.81
2025-01-07 18:00:00,763908,210,E,FR,61.0,19.0,42.0,,,,,34.152385,-118.0979,SIERRA MADRE BLVD,28.28
2025-01-07 18:00:00,768923,210,E,FR,,,,,,,,34.147544,-118.081868,SIERRA MADRE VILLA,29.28
2025-01-07 18:00:00,769269,210,E,FR,,,,,,,,34.15167,-118.137983,LAKE AVE OFF(LAKE 1),25.98
2025-01-07 18:00:00,769272,210,E,FR,,,,,,,,34.151855,-118.125787,HILL AVE OFF,26.68
2025-01-07 18:00:00,769789,210,E,FR,,,,,,,,34.189219,-118.180753,BERKSHIRE,21.58
2025-01-07 18:00:00,769833,210,E,FR,,,,,,,,34.206745,-118.201533,ANGELES CREST HWY SB,19.78
2025-01-07 18:00:00,769850,210,E,FR,25.0,25.0,,,,,,34.211728,-118.228265,OCEAN VIEW,18.18
2025-01-07 18:00:00,769882,210,E,FR,28.0,28.0,,,,,,34.221426,-118.245718,PENNSYLVANIA,16.98
2025-01-07 18:00:00,769897,210,E,FR,,,,,,,,34.230849,-118.265101,LOWELL / HONOLULU,15.68
2025-01-07 18:00:00,769898,210,E,FR,,,,,,,,34.230849,-118.265101,LOWELL / HONOLULU,15.68
2025-01-07 18:00:00,769986,210,E,FR,,,,,,,,34.202989,-118.191827,GOULD,20.4
2025-01-07 18:00:00,770118,210,E,FR,,,,,,,,34.234317,-118.286992,LA TUNA CANYON,14.39
2025-01-07 18:05:00,717616,210,E,FR,,,,,,,,34.179921,-118.167405,ARROYO,22.6
2025-01-07 18:05:00,717619,210,E,FR,,,,,,,,34.174756,-118.160407,LINCOLN 1,23.14
2025-01-07 18:05:00,717651,210,E,FR,31.0,31.0,,,,,,34.147621,-118.079037,SIERRA MADRE V2,29.44
2025-01-07 18:05:00,737480,210,E,FR,,,,,,,,34.152332,-118.103137,ALTADENA,27.98
2025-01-07 18:05:00,761091,210,E,FR,,,,,,,,34.160546,-118.158748,MOUNTAIN 2,24.16
2025-01-07 18:05:00,763878,210,E,FR,,,,,,,,34.152216,-118.156144,WALNUT,24.81
2025-01-07 18:05:00,763908,210,E,FR,75.0,29.0,46.0,,,,,34.152385,-118.0979,SIERRA MADRE BLVD,28.28
2025-01-07 18:05:00,768923,210,E,FR,,,,,,,,34.147544,-118.081868,SIERRA MADRE VILLA,29.28
2025-01-07 18:05:00,769269,210,E,FR,,,,,,,,34.15167,-118.137983,LAKE AVE OFF(LAKE 1),25.98
2025-01-07 18:05:00,769272,210,E,FR,,,,,,,,34.151855,-118.125787,HILL AVE OFF,26.68
2025-01-07 18:05:00,769789,210,E,FR,,,,,,,,34.189219,-118.180753,BERKSHIRE,21.58
2025-01-07 18:05:00,769833,210,E,FR,,,,,,,,34.206745,-118.201533,ANGELES CREST HWY SB,19.78
2025-01-07 18:05:00,769850,210,E,FR,28.0,28.0,,,,,,34.211728,-118.228265,OCEAN VIEW,18.18
2025-01-07 18:05:00,769882,210,E,FR,21.0,21.0,,,,,,34.221426,-118.245718,PENNSYLVANIA,16.98
2025-01-07 18:05:00,769897,210,E,FR,,,,,,,,34.230849,-118.265101,LOWELL / HONOLULU,15.68
2025-01-07 18:05:00,769898,210,E,FR,,,,,,,,34.230849,-118.265101,LOWELL / HONOLULU,15.68
2025-01-07 18:05:00,769986,210,E,FR,,,,,,,,34.202989,-118.191827,GOULD,20.4
2025-01-07 18:05:00,770118,210,E,FR,,,,,,,,34.234317,-118.286992,LA TUNA CANYON,14.39
2025-01-07 18:10:00,717616,210,E,FR,,,,,,,,34.179921,-118.167405,ARROYO,22.6
2025-01-07 18:10:00,717619,210,E,FR,,,,,,,,34.174756,-118.160407,LINCOLN 1,23.14
2025-01-07 18:10:00,717651,210,E,FR,29.0,29.0,,,,,,34.147621,-118.079037,SIERRA MADRE V2,29.44
2025-01-07 18:10:00,737480,210,E,FR,,,,,,,,34.152332,-118.103137,ALTADENA,27.98
2025-01-07 18:10:00,761091,210,E,FR,,,,,,,,34.160546,-118.158748,MOUNTAIN 2,24.16
2025-01-07 18:10:00,763878,210,E,FR,,,,,,,,34.152216,-118.156144,WALNUT,24.81
2025-01-07 18:10:00,763908,210,E,FR,64.0,26.0,38.0,,,,,34.152385,-118.0979,SIERRA MADRE BLVD,28.28
2025-01-07 18:10:00,768923,210,E,FR,,,,,,,,34.147544,-118.081868,SIERRA MADRE VILLA,29.28
2025-01-07 18:10:00,769269,210,E,FR,,,,,,,,34.15167,-118.137983,LAKE AVE OFF(LAKE 1),25.98
2025-01-07 18:10:00,769272,210,E,FR,,,,,,,,34.151855,-118.125787,HILL AVE OFF,26.68
2025-01-07 18:10:00,769789,210,E,FR,,,,,,,,34.189219,-118.180753,BERKSHIRE,21.58
2025-01-07 18:10:00,769833,210,E,FR,,,,,,,,34.206745,-118.201533,ANGELES CREST HWY SB,19.78
2025-01-07 18:10:00,769850,210,E,FR,25.0,25.0,,,,,,34.211728,-118.228265,OCEAN VIEW,18.18
2025-01-07 18:10:00,769882,210,E,FR,27.0,27.0,,,,,,34.221426,-118.245718,PENNSYLVANIA,16.98
2025-01-07 18:10:00,769897,210,E,FR,,,,,,,,34.230849,-118.265101,LOWELL / HONOLULU,15.68
2025-01-07 18:10:00,769898,210,E,FR,,,,,,,,34.230849,-118.265101,LOWELL / HONOLULU,15.68
2025-01-07 18:10:00,769986,210,E,FR,,,,,,,,34.202989,-118.191827,GOULD,20.4
2025-01-07 18:10:00,770118,210,E,FR,,,,,,,,34.234317,-118.286992,LA TUNA CANYON,14.39
2025-01-07 18:15:00,717616,210,E,FR,,,,,,,,34.179921,-118.167405,ARROYO,22.6
2025-01-07 18:15:00,717619,210,E,FR,,,,,,,,34.174756,-118.160407,LINCOLN 1,23.14
2025-01-07 18:15:00,717651,210,E,FR,20.0,20.0,,,,,,34.147621,-118.079037,SIERRA MADRE V2,29.44
2025-01-07 18:15:00,737480,210,E,FR,,,,,,,,34.152332,-118.103137,ALTADENA,27.98
2025-01-07 18:15:00,761091,210,E,FR,,,,,,,,34.160546,-118.158748,MOUNTAIN 2,24.16
2025-01-07 18:15:00,763878,210,E,FR,,,,,,,,34.152216,-118.156144,WALNUT,24.81
2025-01-07 18:15:00,763908,210,E,FR,56.0,20.0,36.0,,,,,34.152385,-118.0979,SIERRA MADRE BLVD,28.28
2025-01-07 18:15:00,768923,210,E,FR,,,,,,,,34.147544,-118.081868,SIERRA MADRE VILLA,29.28
2025-01-07 18:15:00,769269,210,E,FR,,,,,,,,34.15167,-118.137983,LAKE AVE OFF(LAKE 1),25.98
2025-01-07 18:15:00,769272,210,E,FR,,,,,,,,34.151855,-118.125787,HILL AVE OFF,26.68
2025-01-07 18:15:00,769789,210,E,FR,,,,,,,,34.189219,-118.180753,BERKSHIRE,21.58
2025-01-07 18:15:00,769833,210,E,FR,,,,,,,,34.206745,-118.201533,ANGELES CREST HWY SB,19.78
2025-01-07 18:15:00,769850,210,E,FR,30.0,30.0,,,,,,34.211728,-118.228265,OCEAN VIEW,18.18
2025-01-07 18:15:00,769882,210,E,FR,33.0,33.0,,,,,,34.221426,-118.245718,PENNSYLVANIA,16.98
2025-01-07 18:15:00,769897,210,E,FR,,,,,,,,34.230849,-118.265101,LOWELL / HONOLULU,15.68
2025-01-07 18:15:00,769898,210,E,FR,,,,,,,,34.230849,-118.265101,LOWELL / HONOLULU,15.68
2025-01-07 18:15:00,769986,210,E,FR,,,,,,,,34.202989,-118.191827,GOULD,20.4
2025-01-07 18:15:00,770118,210,E,FR,,,,,,,,34.234317,-118.286992,LA TUNA CANYON,14.39
2025-01-07 18:20:00,717616,210,E,FR,,,,,,,,34.179921,-118.167405,ARROYO,22.6
2025-01-07 18:20:00,717619,210,E,FR,,,,,,,,34.174756,-118.160407,LINCOLN 1,23.14
2025-01-07 18:20:00,717651,210,E,FR,22.0,22.0,,,,,,34.147621,-118.079037,SIERRA MADRE V2,29.44
2025-01-07 18:20:00,737480,210,E,FR,,,,,,,,34.152332,-118.103137,ALTADENA,27.98
2025-01-07 18:20:00,761091,210,E,FR,,,,,,,,34.160546,-118.158748,MOUNTAIN 2,24.16
2025-01-07 18:20:00,763878,210,E,FR,,,,,,,,34.152216,-118.156144,WALNUT,24.81
2025-01-07 18:20:00,763908,210,E,FR,44.0,15.0,29.0,,,,,34.152385,-118.0979,SIERRA MADRE BLVD,28.28
2025-01-07 18:20:00,768923,210,E,FR,,,,,,,,34.147544,-118.081868,SIERRA MADRE VILLA,29.28
2025-01-07 18:20:00,769269,210,E,FR,,,,,,,,34.15167,-118.137983,LAKE AVE OFF(LAKE 1),25.98
2025-01-07 18:20:00,769272,210,E,FR,,,,,,,,34.151855,-118.125787,HILL AVE OFF,26.68
2025-01-07 18:20:00,769789,210,E,FR,,,,,,,,34.189219,-118.180753,BERKSHIRE,21.58
2025-01-07 18:20:00,769833,210,E,FR,,,,,,,,34.206745,-118.201533,ANGELES CREST HWY SB,19.78
2025-01-07 18:20:00,769850,210,E,FR,17.0,17.0,,,,,,34.211728,-118.228265,OCEAN VIEW,18.18
2025-01-07 18:20:00,769882,210,E,FR,25.0,25.0,,,,,,34.221426,-118.245718,PENNSYLVANIA,16.98
2025-01-07 18:20:00,769897,210,E,FR,,,,,,,,34.230849,-118.265101,LOWELL / HONOLULU,15.68
2025-01-07 18:20:00,769898,210,E,FR,,,,,,,,34.230849,-118.265101,LOWELL / HONOLULU,15.68
2025-01-07 18:20:00,769986,210,E,FR,,,,,,,,34.202989,-118.191827,GOULD,20.4
2025-01-07 18:20:00,770118,210,E,FR,,,,,,,,34.234317,-118.286992,LA TUNA CANYON,14.39
2025-01-07 18:25:00,717616,210,E,FR,,,,,,,,34.179921,-118.167405,ARROYO,22.6
2025-01-07 18:25:00,717619,210,E,FR,,,,,,,,34.174756,-118.160407,LINCOLN 1,23.14
2025-01-07 18:25:00,717651,210,E,FR,21.0,21.0,,,,,,34.147621,-118.079037,SIERRA MADRE V2,29.44
2025-01-07 18:25:00,737480,210,E,FR,,,,,,,,34.152332,-118.103137,ALTADENA,27.98
2025-01-07 18:25:00,761091,210,E,FR,,,,,,,,34.160546,-118.158748,MOUNTAIN 2,24.16
2025-01-07 18:25:00,763878,210,E,FR,,,,,,,,34.152216,-118.156144,WALNUT,24.81
2025-01-07 18:25:00,763908,210,E,FR,50.0,17.0,33.0,,,,,34.152385,-118.0979,SIERRA MADRE BLVD,28.28
2025-01-07 18:25:00,768923,210,E,FR,,,,,,,,34.147544,-118.081868,SIERRA MADRE VILLA,29.28
2025-01-07 18:25:00,769269,210,E,FR,,,,,,,,34.15167,-118.137983,LAKE AVE OFF(LAKE 1),25.98
2025-01-07 18:25:00,769272,210,E,FR,,,,,,,,34.151855,-118.125787,HILL AVE OFF,26.68
2025-01-07 18:25:00,769789,210,E,FR,,,,,,,,34.189219,-118.180753,BERKSHIRE,21.58
2025-01-07 18:25:00,769833,210,E,FR,,,,,,,,34.206745,-118.201533,ANGELES CREST HWY SB,19.78
2025-01-07 18:25:00,769850,210,E,FR,25.0,25.0,,,,,,34.211728,-118.228265,OCEAN VIEW,18.18
2025-01-07 18:25:00,769882,210,E,FR,28.0,28.0,,,,,,34.221426,-118.245718,PENNSYLVANIA,16.98
2025-01-07 18:25:00,769897,210,E,FR,,,,,,,,34.230849,-118.265101,LOWELL / HONOLULU,15.68
2025-01-07 18:25:00,769898,210,E,FR,,,,,,,,34.230849,-118.265101,LOWELL / HONOLULU,15.68
2025-01-07 18:25:00,769986,210,E,FR,,,,,,,,34.202989,-118.191827,GOULD,20.4
2025-01-07 18:25:00,770118,210,E,FR,,,,,,,,34.234317,-118.286992,LA TUNA CANYON,14.39
2025-01-07 18:30:00,717616,210,E,FR,,,,,,,,34.179921,-118.167405,ARROYO,22.6
2025-01-07 18:30:00,717619,210,E,FR,,,,,,,,34.174756,-118.160407,LINCOLN 1,23.14
2025-01-07 18:30:00,717651,210,E,FR,18.0,18.0,,,,,,34.147621,-118.079037,SIERRA MADRE V2,29.44
2025-01-07 18:30:00,737480,210,E,FR,,,,,,,,34.152332,-118.103137,ALTADENA,27.98
2025-01-07 18:30:00,761091,210,E,FR,,,,,,,,34.160546,-118.158748,MOUNTAIN 2,24.16
2025-01-07 18:30:00,763878,210,E,FR,,,,,,,,34.152216,-118.156144,WALNUT,24.81
2025-01-07 18:30:00,763908,210,E,FR,45.0,14.0,31.0,,,,,34.152385,-118.0979,SIERRA MADRE BLVD,28.28
2025-01-07 18:30:00,768923,210,E,FR,,,,,,,,34.147544,-118.081868,SIERRA MADRE VILLA,29.28
2025-01-07 18:30:00,769269,210,E,FR,,,,,,,,34.15167,-118.137983,LAKE AVE OFF(LAKE 1),25.98
2025-01-07 18:30:00,769272,210,E,FR,,,,,,,,34.151855,-118.125787,HILL AVE OFF,26.68
2025-01-07 18:30:00,769789,210,E,FR,,,,,,,,34.189219,-118.180753,BERKSHIRE,21.58
2025-01-07 18:30:00,769833,210,E,FR,,,,,,,,34.206745,-118.201533,ANGELES CREST HWY SB,19.78
2025-01-07 18:30:00,769850,210,E,FR,26.0,26.0,,,,,,34.211728,-118.228265,OCEAN VIEW,18.18
2025-01-07 18:30:00,769882,210,E,FR,16.0,16.0,,,,,,34.221426,-118.245718,PENNSYLVANIA,16.98
2025-01-07 18:30:00,769897,210,E,FR,,,,,,,,34.230849,-118.265101,LOWELL / HONOLULU,15.68
2025-01-07 18:30:00,769898,210,E,FR,,,,,,,,34.230849,-118.265101,LOWELL / HONOLULU,15.68
2025-01-07 18:30:00,769986,210,E,FR,,,,,,,,34.202989,-118.191827,GOULD,20.4
2025-01-07 18:30:00,770118,210,E,FR,,,,,,,,34.234317,-118.286992,LA TUNA CANYON,14.39
2025-01-07 18:35:00,717616,210,E,FR,,,,,,,,34.179921,-118.167405,ARROYO,22.6
2025-01-07 18:35:00,717619,210,E,FR,,,,,,,,34.174756,-118.160407,LINCOLN 1,23.14
2025-01-07 18:35:00,717651,210,E,FR,26.0,26.0,,,,,,34.147621,-118.079037,SIERRA MADRE V2,29.44
2025-01-07 18:35:00,737480,210,E,FR,,,,,,,,34.152332,-118.103137,ALTADENA,27.98
2025-01-07 18:35:00,761091,210,E,FR,,,,,,,,34.160546,-118.158748,MOUNTAIN 2,24.16
2025-01-07 18:35:00,763878,210,E,FR,,,,,,,,34.152216,-118.156144,WALNUT,24.81
2025-01-07 18:35:00,763908,210,E,FR,51.0,12.0,39.0,,,,,34.152385,-118.0979,SIERRA MADRE BLVD,28.28
2025-01-07 18:35:00,768923,210,E,FR,,,,,,,,34.147544,-118.081868,SIERRA MADRE VILLA,29.28
2025-01-07 18:35:00,769269,210,E,FR,,,,,,,,34.15167,-118.137983,LAKE AVE OFF(LAKE 1),25.98
2025-01-07 18:35:00,769272,210,E,FR,,,,,,,,34.151855,-118.125787,HILL AVE OFF,26.68
2025-01-07 18:35:00,769789,210,E,FR,,,,,,,,34.189219,-118.180753,BERKSHIRE,21.58
2025-01-07 18:35:00,769833,210,E,FR,,,,,,,,34.206745,-118.201533,ANGELES CREST HWY SB,19.78
2025-01-07 18:35:00,769850,210,E,FR,16.0,16.0,,,,,,34.211728,-118.228265,OCEAN VIEW,18.18
2025-01-07 18:35:00,769882,210,E,FR,20.0,20.0,,,,,,34.221426,-118.245718,PENNSYLVANIA,16.98
2025-01-07 18:35:00,769897,210,E,FR,,,,,,,,34.230849,-118.265101,LOWELL / HONOLULU,15.68
2025-01-07 18:35:00,769898,210,E,FR,,,,,,,,34.230849,-118.265101,LOWELL / HONOLULU,15.68
2025-01-07 18:35:00,769986,210,E,FR,,,,,,,,34.202989,-118.191827,GOULD,20.4
2025-01-07 18:35:00,770118,210,E,FR,,,,,,,,34.234317,-118.286992,LA TUNA CANYON,14.39
2025-01-07 18:40:00,717616,210,E,FR,,,,,,,,34.179921,-118.167405,ARROYO,22.6
2025-01-07 18:40:00,717619,210,E,FR,,,,,,,,34.174756,-118.160407,LINCOLN 1,23.14
2025-01-07 18:40:00,717651,210,E,FR,20.0,20.0,,,,,,34.147621,-118.079037,SIERRA MADRE V2,29.44
2025-01-07 18:40:00,737480,210,E,FR,,,,,,,,34.152332,-118.103137,ALTADENA,27.98
2025-01-07 18:40:00,761091,210,E,FR,,,,,,,,34.160546,-118.158748,MOUNTAIN 2,24.16
2025-01-07 18:40:00,763878,210,E,FR,,,,,,,,34.152216,-118.156144,WALNUT,24.81
2025-01-07 18:40:00,763908,210,E,FR,28.0,9.0,19.0,,,,,34.152385,-118.0979,SIERRA MADRE BLVD,28.28
2025-01-07 18:40:00,768923,210,E,FR,,,,,,,,34.147544,-118.081868,SIERRA MADRE VILLA,29.28
2025-01-07 18:40:00,769269,210,E,FR,,,,,,,,34.15167,-118.137983,LAKE AVE OFF(LAKE 1),25.98
2025-01-07 18:40:00,769272,210,E,FR,,,,,,,,34.151855,-118.125787,HILL AVE OFF,26.68
2025-01-07 18:40:00,769789,210,E,FR,,,,,,,,34.189219,-118.180753,BERKSHIRE,21.58
2025-01-07 18:40:00,769833,210,E,FR,,,,,,,,34.206745,-118.201533,ANGELES CREST HWY SB,19.78
2025-01-07 18:40:00,769850,210,E,FR,17.0,17.0,,,,,,34.211728,-118.228265,OCEAN VIEW,18.18
2025-01-07 18:40:00,769882,210,E,FR,30.0,30.0,,,,,,34.221426,-118.245718,PENNSYLVANIA,16.98
2025-01-07 18:40:00,769897,210,E,FR,,,,,,,,34.230849,-118.265101,LOWELL / HONOLULU,15.68
2025-01-07 18:40:00,769898,210,E,FR,,,,,,,,34.230849,-118.265101,LOWELL / HONOLULU,15.68
2025-01-07 18:40:00,769986,210,E,FR,,,,,,,,34.202989,-118.191827,GOULD,20.4
2025-01-07 18:40:00,770118,210,E,FR,,,,,,,,34.234317,-118.286992,LA TUNA CANYON,14.39
2025-01-07 18:45:00,717616,210,E,FR,,,,,,,,34.179921,-118.167405,ARROYO,22.6
2025-01-07 18:45:00,717619,210,E,FR,,,,,,,,34.174756,-118.160407,LINCOLN 1,23.14
2025-01-07 18:45:00,717651,210,E,FR,13.0,13.0,,,,,,34.147621,-118.079037,SIERRA MADRE V2,29.44
2025-01-07 18:45:00,737480,210,E,FR,,,,,,,,34.152332,-118.103137,ALTADENA,27.98
2025-01-07 18:45:00,761091,210,E,FR,,,,,,,,34.160546,-118.158748,MOUNTAIN 2,24.16
2025-01-07 18:45:00,763878,210,E,FR,,,,,,,,34.152216,-118.156144,WALNUT,24.81
2025-01-07 18:45:00,763908,210,E,FR,27.0,7.0,20.0,,,,,34.152385,-118.0979,SIERRA MADRE BLVD,28.28
2025-01-07 18:45:00,768923,210,E,FR,,,,,,,,34.147544,-118.081868,SIERRA MADRE VILLA,29.28
2025-01-07 18:45:00,769269,210,E,FR,,,,,,,,34.15167,-118.137983,LAKE AVE OFF(LAKE 1),25.98
2025-01-07 18:45:00,769272,210,E,FR,,,,,,,,34.151855,-118.125787,HILL AVE OFF,26.68
2025-01-07 18:45:00,769789,210,E,FR,,,,,,,,34.189219,-118.180753,BERKSHIRE,21.58
2025-01-07 18:45:00,769833,210,E,FR,,,,,,,,34.206745,-118.201533,ANGELES CREST HWY SB,19.78
2025-01-07 18:45:00,769850,210,E,FR,22.0,22.0,,,,,,34.211728,-118.228265,OCEAN VIEW,18.18
2025-01-07 18:45:00,769882,210,E,FR,20.0,20.0,,,,,,34.221426,-118.245718,PENNSYLVANIA,16.98
2025-01-07 18:45:00,769897,210,E,FR,,,,,,,,34.230849,-118.265101,LOWELL / HONOLULU,15.68
2025-01-07 18:45:00,769898,210,E,FR,,,,,,,,34.230849,-118.265101,LOWELL / HONOLULU,15.68
2025-01-07 18:45:00,769986,210,E,FR,,,,,,,,34.202989,-118.191827,GOULD,20.4
2025-01-07 18:45:00,770118,210,E,FR,,,,,,,,34.234317,-118.286992,LA TUNA CANYON,14.39
2025-01-07 18:50:00,717616,210,E,FR,,,,,,,,34.179921,-118.167405,ARROYO,22.6
2025-01-07 18:50:00,717619,210,E,FR,,,,,,,,34.174756,-118.160407,LINCOLN 1,23.14
2025-01-07 18:50:00,717651,210,E,FR,22.0,22.0,,,,,,34.147621,-118.079037,SIERRA MADRE V2,29.44
2025-01-07 18:50:00,737480,210,E,FR,,,,,,,,34.152332,-118.103137,ALTADENA,27.98
2025-01-07 18:50:00,761091,210,E,FR,,,,,,,,34.160546,-118.158748,MOUNTAIN 2,24.16
2025-01-07 18:50:00,763878,210,E,FR,,,,,,,,34.152216,-118.156144,WALNUT,24.81
2025-01-07 18:50:00,763908,210,E,FR,38.0,15.0,23.0,,,,,34.152385,-118.0979,SIERRA MADRE BLVD,28.28
2025-01-07 18:50:00,768923,210,E,FR,,,,,,,,34.147544,-118.081868,SIERRA MADRE VILLA,29.28
2025-01-07 18:50:00,769269,210,E,FR,,,,,,,,34.15167,-118.137983,LAKE AVE OFF(LAKE 1),25.98
2025-01-07 18:50:00,769272,210,E,FR,,,,,,,,34.151855,-118.125787,HILL AVE OFF,26.68
2025-01-07 18:50:00,769789,210,E,FR,,,,,,,,34.189219,-118.180753,BERKSHIRE,21.58
2025-01-07 18:50:00,769833,210,E,FR,,,,,,,,34.206745,-118.201533,ANGELES CREST HWY SB,19.78
2025-01-07 18:50:00,769850,210,E,FR,15.0,15.0,,,,,,34.211728,-118.228265,OCEAN VIEW,18.18
2025-01-07 18:50:00,769882,210,E,FR,16.0,16.0,,,,,,34.221426,-118.245718,PENNSYLVANIA,16.98
2025-01-07 18:50:00,769897,210,E,FR,,,,,,,,34.230849,-118.265101,LOWELL / HONOLULU,15.68
2025-01-07 18:50:00,769898,210,E,FR,,,,,,,,34.230849,-118.265101,LOWELL / HONOLULU,15.68
2025-01-07 18:50:00,769986,210,E,FR,,,,,,,,34.202989,-118.191827,GOULD,20.4
2025-01-07 18:50:00,770118,210,E,FR,,,,,,,,34.234317,-118.286992,LA TUNA CANYON,14.39
2025-01-07 18:55:00,717616,210,E,FR,,,,,,,,34.179921,-118.167405,ARROYO,22.6
2025-01-07 18:55:00,717619,210,E,FR,,,,,,,,34.174756,-118.160407,LINCOLN 1,23.14
2025-01-07 18:55:00,717651,210,E,FR,15.0,15.0,,,,,,34.147621,-118.079037,SIERRA MADRE V2,29.44
2025-01-07 18:55:00,737480,210,E,FR,,,,,,,,34.152332,-118.103137,ALTADENA,27.98
2025-01-07 18:55:00,761091,210,E,FR,,,,,,,,34.160546,-118.158748,MOUNTAIN 2,24.16
2025-01-07 18:55:00,763878,210,E,FR,,,,,,,,34.152216,-118.156144,WALNUT,24.81
2025-01-07 18:55:00,763908,210,E,FR,34.0,10.0,24.0,,,,,34.152385,-118.0979,SIERRA MADRE BLVD,28.28
2025-01-07 18:55:00,768923,210,E,FR,,,,,,,,34.147544,-118.081868,SIERRA MADRE VILLA,29.28
2025-01-07 18:55:00,769269,210,E,FR,,,,,,,,34.15167,-118.137983,LAKE AVE OFF(LAKE 1),25.98
2025-01-07 18:55:00,769272,210,E,FR,,,,,,,,34.151855,-118.125787,HILL AVE OFF,26.68
2025-01-07 18:55:00,769789,210,E,FR,,,,,,,,34.189219,-118.180753,BERKSHIRE,21.58
2025-01-07 18:55:00,769833,210,E,FR,,,,,,,,34.206745,-118.201533,ANGELES CREST HWY SB,19.78
2025-01-07 18:55:00,769850,210,E,FR,18.0,18.0,,,,,,34.211728,-118.228265,OCEAN VIEW,18.18
2025-01-07 18:55:00,769882,210,E,FR,28.0,28.0,,,,,,34.221426,-118.245718,PENNSYLVANIA,16.98
2025-01-07 18:55:00,769897,210,E,FR,,,,,,,,34.230849,-118.265101,LOWELL / HONOLULU,15.68
2025-01-07 18:55:00,769898,210,E,FR,,,,,,,,34.230849,-118.265101,LOWELL / HONOLULU,15.68
2025-01-07 18:55:00,769986,210,E,FR,,,,,,,,34.202989,-118.191827,GOULD,20.4
2025-01-07 18:55:00,770118,210,E,FR,,,,,,,,34.234317,-118.286992,LA TUNA CANYON,14.39
2025-01-07 19:00:00,717616,210,E,FR,,,,,,,,34.179921,-118.167405,ARROYO,22.6
2025-01-07 19:00:00,717619,210,E,FR,,,,,,,,34.174756,-118.160407,LINCOLN 1,23.14
2025-01-07 19:00:00,717651,210,E,FR,19.0,19.0,,,,,,34.147621,-118.079037,SIERRA MADRE V2,29.44
2025-01-07 19:00:00,737480,210,E,FR,,,,,,,,34.152332,-118.103137,ALTADENA,27.98
2025-01-07 19:00:00,761091,210,E,FR,,,,,,,,34.160546,-118.158748,MOUNTAIN 2,24.16
2025-01-07 19:00:00,763878,210,E,FR,,,,,,,,34.152216,-118.156144,WALNUT,24.81
2025-01-07 19:00:00,763908,210,E,FR,31.0,12.0,19.0,,,,,34.152385,-118.0979,SIERRA MADRE BLVD,28.28
2025-01-07 19:00:00,768923,210,E,FR,,,,,,,,34.147544,-118.081868,SIERRA MADRE VILLA,29.28
2025-01-07 19:00:00,769269,210,E,FR,,,,,,,,34.15167,-118.137983,LAKE AVE OFF(LAKE 1),25.98
2025-01-07 19:00:00,769272,210,E,FR,,,,,,,,34.151855,-118.125787,HILL AVE OFF,26.68
2025-01-07 19:00:00,769789,210,E,FR,,,,,,,,34.189219,-118.180753,BERKSHIRE,21.58
2025-01-07 19:00:00,769833,210,E,FR,,,,,,,,34.206745,-118.201533,ANGELES CREST HWY SB,19.78
2025-01-07 19:00:00,769850,210,E,FR,20.0,20.0,,,,,,34.211728,-118.228265,OCEAN VIEW,18.18
2025-01-07 19:00:00,769882,210,E,FR,19.0,19.0,,,,,,34.221426,-118.245718,PENNSYLVANIA,16.98
2025-01-07 19:00:00,769897,210,E,FR,,,,,,,,34.230849,-118.265101,LOWELL / HONOLULU,15.68
2025-01-07 19:00:00,769898,210,E,FR,,,,,,,,34.230849,-118.265101,LOWELL / HONOLULU,15.68
2025-01-07 19:00:00,769986,210,E,FR,,,,,,,,34.202989,-118.191827,GOULD,20.4
2025-01-07 19:00:00,770118,210,E,FR,,,,,,,,34.234317,-118.286992,LA TUNA CANYON,14.39
2025-01-07 19:05:00,717616,210,E,FR,,,,,,,,34.179921,-118.167405,ARROYO,22.6
2025-01-07 19:05:00,717619,210,E,FR,,,,,,,,34.174756,-118.160407,LINCOLN 1,23.14
2025-01-07 19:05:00,717651,210,E,FR,14.0,14.0,,,,,,34.147621,-118.079037,SIERRA MADRE V2,29.44
2025-01-07 19:05:00,737480,210,E,FR,,,,,,,,34.152332,-118.103137,ALTADENA,27.98
2025-01-07 19:05:00,761091,210,E,FR,,,,,,,,34.160546,-118.158748,MOUNTAIN 2,24.16
2025-01-07 19:05:00,763878,210,E,FR,,,,,,,,34.152216,-118.156144,WALNUT,24.81
2025-01-07 19:05:00,763908,210,E,FR,40.0,14.0,26.0,,,,,34.152385,-118.0979,SIERRA MADRE BLVD,28.28
2025-01-07 19:05:00,768923,210,E,FR,,,,,,,,34.147544,-118.081868,SIERRA MADRE VILLA,29.28
2025-01-07 19:05:00,769269,210,E,FR,,,,,,,,34.15167,-118.137983,LAKE AVE OFF(LAKE 1),25.98
2025-01-07 19:05:00,769272,210,E,FR,,,,,,,,34.151855,-118.125787,HILL AVE OFF,26.68
2025-01-07 19:05:00,769789,210,E,FR,,,,,,,,34.189219,-118.180753,BERKSHIRE,21.58
2025-01-07 19:05:00,769833,210,E,FR,,,,,,,,34.206745,-118.201533,ANGELES CREST HWY SB,19.78
2025-01-07 19:05:00,769850,210,E,FR,30.0,30.0,,,,,,34.211728,-118.228265,OCEAN VIEW,18.18
2025-01-07 19:05:00,769882,210,E,FR,11.0,11.0,,,,,,34.221426,-118.245718,PENNSYLVANIA,16.98
2025-01-07 19:05:00,769897,210,E,FR,,,,,,,,34.230849,-118.265101,LOWELL / HONOLULU,15.68
2025-01-07 19:05:00,769898,210,E,FR,,,,,,,,34.230849,-118.265101,LOWELL / HONOLULU,15.68
2025-01-07 19:05:00,769986,210,E,FR,,,,,,,,34.202989,-118.191827,GOULD,20.4
2025-01-07 19:05:00,770118,210,E,FR,,,,,,,,34.234317,-118.286992,LA TUNA CANYON,14.39
2025-01-07 19:10:00,717616,210,E,FR,,,,,,,,34.179921,-118.167405,ARROYO,22.6
2025-01-07 19:10:00,717619,210,E,FR,,,,,,,,34.174756,-118.160407,LINCOLN 1,23.14
2025-01-07 19:10:00,717651,210,E,FR,16.0,16.0,,,,,,34.147621,-118.079037,SIERRA MADRE V2,29.44
2025-01-07 19:10:00,737480,210,E,FR,,,,,,,,34.152332,-118.103137,ALTADENA,27.98
2025-01-07 19:10:00,761091,210,E,FR,,,,,,,,34.160546,-118.158748,MOUNTAIN 2,24.16
2025-01-07 19:10:00,763878,210,E,FR,,,,,,,,34.152216,-118.156144,WALNUT,24.81
2025-01-07 19:10:00,763908,210,E,FR,31.0,6.0,25.0,,,,,34.152385,-118.0979,SIERRA MADRE BLVD,28.28
2025-01-07 19:10:00,768923,210,E,FR,,,,,,,,34.147544,-118.081868,SIERRA MADRE VILLA,29.28
2025-01-07 19:10:00,769269,210,E,FR,,,,,,,,34.15167,-118.137983,LAKE AVE OFF(LAKE 1),25.98
2025-01-07 19:10:00,769272,210,E,FR,,,,,,,,34.151855,-118.125787,HILL AVE OFF,26.68
2025-01-07 19:10:00,769789,210,E,FR,,,,,,,,34.189219,-118.180753,BERKSHIRE,21.58
2025-01-07 19:10:00,769833,210,E,FR,,,,,,,,34.206745,-118.201533,ANGELES CREST HWY SB,19.78
2025-01-07 19:10:00,769850,210,E,FR,15.0,15.0,,,,,,34.211728,-118.228265,OCEAN VIEW,18.18
2025-01-07 19:10:00,769882,210,E,FR,16.0,16.0,,,,,,34.221426,-118.245718,PENNSYLVANIA,16.98
2025-01-07 19:10:00,769897,210,E,FR,,,,,,,,34.230849,-118.265101,LOWELL / HONOLULU,15.68
2025-01-07 19:10:00,769898,210,E,FR,,,,,,,,34.230849,-118.265101,LOWELL / HONOLULU,15.68
2025-01-07 19:10:00,769986,210,E,FR,,,,,,,,34.202989,-118.191827,GOULD,20.4
2025-01-07 19:10:00,770118,210,E,FR,,,,,,,,34.234317,-118.286992,LA TUNA CANYON,14.39
2025-01-07 19:15:00,717616,210,E,FR,,,,,,,,34.179921,-118.167405,ARROYO,22.6
2025-01-07 19:15:00,717619,210,E,FR,,,,,,,,34.174756,-118.160407,LINCOLN 1,23.14
2025-01-07 19:15:00,717651,210,E,FR,20.0,20.0,,,,,,34.147621,-118.079037,SIERRA MADRE V2,29.44
2025-01-07 19:15:00,737480,210,E,FR,,,,,,,,34.152332,-118.103137,ALTADENA,27.98
2025-01-07 19:15:00,761091,210,E,FR,,,,,,,,34.160546,-118.158748,MOUNTAIN 2,24.16
2025-01-07 19:15:00,763878,210,E,FR,,,,,,,,34.152216,-118.156144,WALNUT,24.81
2025-01-07 19:15:00,763908,210,E,FR,35.0,13.0,22.0,,,,,34.152385,-118.0979,SIERRA MADRE BLVD,28.28
2025-01-07 19:15:00,768923,210,E,FR,,,,,,,,34.147544,-118.081868,SIERRA MADRE VILLA,29.28
2025-01-07 19:15:00,769269,210,E,FR,,,,,,,,34.15167,-118.137983,LAKE AVE OFF(LAKE 1),25.98
2025-01-07 19:15:00,769272,210,E,FR,,,,,,,,34.151855,-118.125787,HILL AVE OFF,26.68
2025-01-07 19:15:00,769789,210,E,FR,,,,,,,,34.189219,-118.180753,BERKSHIRE,21.58
2025-01-07 19:15:00,769833,210,E,FR,,,,,,,,34.206745,-118.201533,ANGELES CREST HWY SB,19.78
2025-01-07 19:15:00,769850,210,E,FR,17.0,17.0,,,,,,34.211728,-118.228265,OCEAN VIEW,18.18
2025-01-07 19:15:00,769882,210,E,FR,13.0,13.0,,,,,,34.221426,-118.245718,PENNSYLVANIA,16.98
2025-01-07 19:15:00,769897,210,E,FR,,,,,,,,34.230849,-118.265101,LOWELL / HONOLULU,15.68
2025-01-07 19:15:00,769898,210,E,FR,,,,,,,,34.230849,-118.265101,LOWELL / HONOLULU,15.68
2025-01-07 19:15:00,769986,210,E,FR,,,,,,,,34.202989,-118.191827,GOULD,20.4
2025-01-07 19:15:00,770118,210,E,FR,,,,,,,,34.234317,-118.286992,LA TUNA CANYON,14.39
2025-01-07 19:20:00,717616,210,E,FR,,,,,,,,34.179921,-118.167405,ARROYO,22.6
2025-01-07 19:20:00,717619,210,E,FR,,,,,,,,34.174756,-118.160407,LINCOLN 1,23.14
2025-01-07 19:20:00,717651,210,E,FR,14.0,14.0,,,,,,34.147621,-118.079037,SIERRA MADRE V2,29.44
2025-01-07 19:20:00,737480,210,E,FR,,,,,,,,34.152332,-118.103137,ALTADENA,27.98
2025-01-07 19:20:00,761091,210,E,FR,,,,,,,,34.160546,-118.158748,MOUNTAIN 2,24.16
2025-01-07 19:20:00,763878,210,E,FR,,,,,,,,34.152216,-118.156144,WALNUT,24.81
2025-01-07 19:20:00,763908,210,E,FR,29.0,7.0,22.0,,,,,34.152385,-118.0979,SIERRA MADRE BLVD,28.28
2025-01-07 19:20:00,768923,210,E,FR,,,,,,,,34.147544,-118.081868,SIERRA MADRE VILLA,29.28
2025-01-07 19:20:00,769269,210,E,FR,,,,,,,,34.15167,-118.137983,LAKE AVE OFF(LAKE 1),25.98
2025-01-07 19:20:00,769272,210,E,FR,,,,,,,,34.151855,-118.125787,HILL AVE OFF,26.68
2025-01-07 19:20:00,769789,210,E,FR,,,,,,,,34.189219,-118.180753,BERKSHIRE,21.58
2025-01-07 19:20:00,769833,210,E,FR,,,,,,,,34.206745,-118.201533,ANGELES CREST HWY SB,19.78
2025-01-07 19:20:00,769850,210,E,FR,21.0,21.0,,,,,,34.211728,-118.228265,OCEAN VIEW,18.18
2025-01-07 19:20:00,769882,210,E,FR,18.0,18.0,,,,,,34.221426,-118.245718,PENNSYLVANIA,16.98
2025-01-07 19:20:00,769897,210,E,FR,,,,,,,,34.230849,-118.265101,LOWELL / HONOLULU,15.68
2025-01-07 19:20:00,769898,210,E,FR,,,,,,,,34.230849,-118.265101,LOWELL / HONOLULU,15.68
2025-01-07 19:20:00,769986,210,E,FR,,,,,,,,34.202989,-118.191827,GOULD,20.4
2025-01-07 19:20:00,770118,210,E,FR,,,,,,,,34.234317,-118.286992,LA TUNA CANYON,14.39
2025-01-07 19:25:00,717616,210,E,FR,,,,,,,,34.179921,-118.167405,ARROYO,22.6
2025-01-07 19:25:00,717619,210,E,FR,,,,,,,,34.174756,-118.160407,LINCOLN 1,23.14
2025-01-07 19:25:00,717651,210,E,FR,14.0,14.0,,,,,,34.147621,-118.079037,SIERRA MADRE V2,29.44
2025-01-07 19:25:00,737480,210,E,FR,,,,,,,,34.152332,-118.103137,ALTADENA,27.98
2025-01-07 19:25:00,761091,210,E,FR,,,,,,,,34.160546,-118.158748,MOUNTAIN 2,24.16
2025-01-07 19:25:00,763878,210,E,FR,,,,,,,,34.152216,-118.156144,WALNUT,24.81
2025-01-07 19:25:00,763908,210,E,FR,32.0,6.0,26.0,,,,,34.152385,-118.0979,SIERRA MADRE BLVD,28.28
2025-01-07 19:25:00,768923,210,E,FR,,,,,,,,34.147544,-118.081868,SIERRA MADRE VILLA,29.28
2025-01-07 19:25:00,769269,210,E,FR,,,,,,,,34.15167,-118.137983,LAKE AVE OFF(LAKE 1),25.98
2025-01-07 19:25:00,769272,210,E,FR,,,,,,,,34.151855,-118.125787,HILL AVE OFF,26.68
2025-01-07 19:25:00,769789,210,E,FR,,,,,,,,34.189219,-118.180753,BERKSHIRE,21.58
2025-01-07 19:25:00,769833,210,E,FR,,,,,,,,34.206745,-118.201533,ANGELES CREST HWY SB,19.78
2025-01-07 19:25:00,769850,210,E,FR,7.0,7.0,,,,,,34.211728,-118.228265,OCEAN VIEW,18.18
2025-01-07 19:25:00,769882,210,E,FR,15.0,15.0,,,,,,34.221426,-118.245718,PENNSYLVANIA,16.98
2025-01-07 19:25:00,769897,210,E,FR,,,,,,,,34.230849,-118.265101,LOWELL / HONOLULU,15.68
2025-01-07 19:25:00,769898,210,E,FR,,,,,,,,34.230849,-118.265101,LOWELL / HONOLULU,15.68
2025-01-07 19:25:00,769986,210,E,FR,,,,,,,,34.202989,-118.191827,GOULD,20.4
2025-01-07 19:25:00,770118,210,E,FR,,,,,,,,34.234317,-118.286992,LA TUNA CANYON,14.39
2025-01-07 19:30:00,717616,210,E,FR,,,,,,,,34.179921,-118.167405,ARROYO,22.6
2025-01-07 19:30:00,717619,210,E,FR,,,,,,,,34.174756,-118.160407,LINCOLN 1,23.14
2025-01-07 19:30:00,717651,210,E,FR,31.0,31.0,,,,,,34.147621,-118.079037,SIERRA MADRE V2,29.44
2025-01-07 19:30:00,737480,210,E,FR,,,,,,,,34.152332,-118.103137,ALTADENA,27.98
2025-01-07 19:30:00,761091,210,E,FR,,,,,,,,34.160546,-118.158748,MOUNTAIN 2,24.16
2025-01-07 19:30:00,763878,210,E,FR,,,,,,,,34.152216,-118.156144,WALNUT,24.81
2025-01-07 19:30:00,763908,210,E,FR,32.0,10.0,22.0,,,,,34.152385,-118.0979,SIERRA MADRE BLVD,28.28
2025-01-07 19:30:00,768923,210,E,FR,,,,,,,,34.147544,-118.081868,SIERRA MADRE VILLA,29.28
2025-01-07 19:30:00,769269,210,E,FR,,,,,,,,34.15167,-118.137983,LAKE AVE OFF(LAKE 1),25.98
2025-01-07 19:30:00,769272,210,E,FR,,,,,,,,34.151855,-118.125787,HILL AVE OFF,26.68
2025-01-07 19:30:00,769789,210,E,FR,,,,,,,,34.189219,-118.180753,BERKSHIRE,21.58
2025-01-07 19:30:00,769833,210,E,FR,,,,,,,,34.206745,-118.201533,ANGELES CREST HWY SB,19.78
2025-01-07 19:30:00,769850,210,E,FR,14.0,14.0,,,,,,34.211728,-118.228265,OCEAN VIEW,18.18
2025-01-07 19:30:00,769882,210,E,FR,16.0,16.0,,,,,,34.221426,-118.245718,PENNSYLVANIA,16.98
2025-01-07 19:30:00,769897,210,E,FR,,,,,,,,34.230849,-118.265101,LOWELL / HONOLULU,15.68
2025-01-07 19:30:00,769898,210,E,FR,,,,,,,,34.230849,-118.265101,LOWELL / HONOLULU,15.68
2025-01-07 19:30:00,769986,210,E,FR,,,,,,,,34.202989,-118.191827,GOULD,20.4
2025-01-07 19:30:00,770118,210,E,FR,,,,,,,,34.234317,-118.286992,LA TUNA CANYON,14.39
2025-01-07 19:35:00,717616,210,E,FR,,,,,,,,34.179921,-118.167405,ARROYO,22.6
2025-01-07 19:35:00,717619,210,E,FR,,,,,,,,34.174756,-118.160407,LINCOLN 1,23.14
2025-01-07 19:35:00,717651,210,E,FR,22.0,22.0,,,,,,34.147621,-118.079037,SIERRA MADRE V2,29.44
2025-01-07 19:35:00,737480,210,E,FR,,,,,,,,34.152332,-118.103137,ALTADENA,27.98
2025-01-07 19:35:00,761091,210,E,FR,,,,,,,,34.160546,-118.158748,MOUNTAIN 2,24.16
2025-01-07 19:35:00,763878,210,E,FR,,,,,,,,34.152216,-118.156144,WALNUT,24.81
2025-01-07 19:35:00,763908,210,E,FR,23.0,11.0,12.0,,,,,34.152385,-118.0979,SIERRA MADRE BLVD,28.28
2025-01-07 19:35:00,768923,210,E,FR,,,,,,,,34.147544,-118.081868,SIERRA MADRE VILLA,29.28
2025-01-07 19:35:00,769269,210,E,FR,,,,,,,,34.15167,-118.137983,LAKE AVE OFF(LAKE 1),25.98
2025-01-07 19:35:00,769272,210,E,FR,,,,,,,,34.151855,-118.125787,HILL AVE OFF,26.68
2025-01-07 19:35:00,769789,210,E,FR,,,,,,,,34.189219,-118.180753,BERKSHIRE,21.58
2025-01-07 19:35:00,769833,210,E,FR,,,,,,,,34.206745,-118.201533,ANGELES CREST HWY SB,19.78
2025-01-07 19:35:00,769850,210,E,FR,5.0,5.0,,,,,,34.211728,-118.228265,OCEAN VIEW,18.18
2025-01-07 19:35:00,769882,210,E,FR,16.0,16.0,,,,,,34.221426,-118.245718,PENNSYLVANIA,16.98
2025-01-07 19:35:00,769897,210,E,FR,,,,,,,,34.230849,-118.265101,LOWELL / HONOLULU,15.68
2025-01-07 19:35:00,769898,210,E,FR,,,,,,,,34.230849,-118.265101,LOWELL / HONOLULU,15.68
2025-01-07 19:35:00,769986,210,E,FR,,,,,,,,34.202989,-118.191827,GOULD,20.4
2025-01-07 19:35:00,770118,210,E,FR,,,,,,,,34.234317,-118.286992,LA TUNA CANYON,14.39
2025-01-07 19:40:00,717616,210,E,FR,,,,,,,,34.179921,-118.167405,ARROYO,22.6
2025-01-07 19:40:00,717619,210,E,FR,,,,,,,,34.174756,-118.160407,LINCOLN 1,23.14
2025-01-07 19:40:00,717651,210,E,FR,28.0,28.0,,,,,,34.147621,-118.079037,SIERRA MADRE V2,29.44
2025-01-07 19:40:00,737480,210,E,FR,,,,,,,,34.152332,-118.103137,ALTADENA,27.98
2025-01-07 19:40:00,761091,210,E,FR,,,,,,,,34.160546,-118.158748,MOUNTAIN 2,24.16
2025-01-07 19:40:00,763878,210,E,FR,,,,,,,,34.152216,-118.156144,WALNUT,24.81
2025-01-07 19:40:00,763908,210,E,FR,22.0,9.0,13.0,,,,,34.152385,-118.0979,SIERRA MADRE BLVD,28.28
2025-01-07 19:40:00,768923,210,E,FR,,,,,,,,34.147544,-118.081868,SIERRA MADRE VILLA,29.28
2025-01-07 19:40:00,769269,210,E,FR,,,,,,,,34.15167,-118.137983,LAKE AVE OFF(LAKE 1),25.98
2025-01-07 19:40:00,769272,210,E,FR,,,,,,,,34.151855,-118.125787,HILL AVE OFF,26.68
2025-01-07 19:40:00,769789,210,E,FR,,,,,,,,34.189219,-118.180753,BERKSHIRE,21.58
2025-01-07 19:40:00,769833,210,E,FR,,,,,,,,34.206745,-118.201533,ANGELES CREST HWY SB,19.78
2025-01-07 19:40:00,769850,210,E,FR,19.0,19.0,,,,,,34.211728,-118.228265,OCEAN VIEW,18.18
2025-01-07 19:40:00,769882,210,E,FR,17.0,17.0,,,,,,34.221426,-118.245718,PENNSYLVANIA,16.98
2025-01-07 19:40:00,769897,210,E,FR,,,,,,,,34.230849,-118.265101,LOWELL / HONOLULU,15.68
2025-01-07 19:40:00,769898,210,E,FR,,,,,,,,34.230849,-118.265101,LOWELL / HONOLULU,15.68
2025-01-07 19:40:00,769986,210,E,FR,,,,,,,,34.202989,-118.191827,GOULD,20.4
2025-01-07 19:40:00,770118,210,E,FR,,,,,,,,34.234317,-118.286992,LA TUNA CANYON,14.39
2025-01-07 19:45:00,717616,210,E,FR,,,,,,,,34.179921,-118.167405,ARROYO,22.6
2025-01-07 19:45:00,717619,210,E,FR,,,,,,,,34.174756,-118.160407,LINCOLN 1,23.14
2025-01-07 19:45:00,717651,210,E,FR,23.0,23.0,,,,,,34.147621,-118.079037,SIERRA MADRE V2,29.44
2025-01-07 19:45:00,737480,210,E,FR,,,,,,,,34.152332,-118.103137,ALTADENA,27.98
2025-01-07 19:45:00,761091,210,E,FR,,,,,,,,34.160546,-118.158748,MOUNTAIN 2,24.16
2025-01-07 19:45:00,763878,210,E,FR,,,,,,,,34.152216,-118.156144,WALNUT,24.81
2025-01-07 19:45:00,763908,210,E,FR,28.0,3.0,25.0,,,,,34.152385,-118.0979,SIERRA MADRE BLVD,28.28
2025-01-07 19:45:00,768923,210,E,FR,,,,,,,,34.147544,-118.081868,SIERRA MADRE VILLA,29.28
2025-01-07 19:45:00,769269,210,E,FR,,,,,,,,34.15167,-118.137983,LAKE AVE OFF(LAKE 1),25.98
2025-01-07 19:45:00,769272,210,E,FR,,,,,,,,34.151855,-118.125787,HILL AVE OFF,26.68
2025-01-07 19:45:00,769789,210,E,FR,,,,,,,,34.189219,-118.180753,BERKSHIRE,21.58
2025-01-07 19:45:00,769833,210,E,FR,,,,,,,,34.206745,-118.201533,ANGELES CREST HWY SB,19.78
2025-01-07 19:45:00,769850,210,E,FR,17.0,17.0,,,,,,34.211728,-118.228265,OCEAN VIEW,18.18
2025-01-07 19:45:00,769882,210,E,FR,11.0,11.0,,,,,,34.221426,-118.245718,PENNSYLVANIA,16.98
2025-01-07 19:45:00,769897,210,E,FR,,,,,,,,34.230849,-118.265101,LOWELL / HONOLULU,15.68
2025-01-07 19:45:00,769898,210,E,FR,,,,,,,,34.230849,-118.265101,LOWELL / HONOLULU,15.68
2025-01-07 19:45:00,769986,210,E,FR,,,,,,,,34.202989,-118.191827,GOULD,20.4
2025-01-07 19:45:00,770118,210,E,FR,,,,,,,,34.234317,-118.286992,LA TUNA CANYON,14.39
2025-01-07 19:50:00,717616,210,E,FR,,,,,,,,34.179921,-118.167405,ARROYO,22.6
2025-01-07 19:50:00,717619,210,E,FR,,,,,,,,34.174756,-118.160407,LINCOLN 1,23.14
2025-01-07 19:50:00,717651,210,E,FR,17.0,17.0,,,,,,34.147621,-118.079037,SIERRA MADRE V2,29.44
2025-01-07 19:50:00,737480,210,E,FR,,,,,,,,34.152332,-118.103137,ALTADENA,27.98
2025-01-07 19:50:00,761091,210,E,FR,,,,,,,,34.160546,-118.158748,MOUNTAIN 2,24.16
2025-01-07 19:50:00,763878,210,E,FR,,,,,,,,34.152216,-118.156144,WALNUT,24.81
2025-01-07 19:50:00,763908,210,E,FR,30.0,0.0,30.0,,,,,34.152385,-118.0979,SIERRA MADRE BLVD,28.28
2025-01-07 19:50:00,768923,210,E,FR,,,,,,,,34.147544,-118.081868,SIERRA MADRE VILLA,29.28
2025-01-07 19:50:00,769269,210,E,FR,,,,,,,,34.15167,-118.137983,LAKE AVE OFF(LAKE 1),25.98
2025-01-07 19:50:00,769272,210,E,FR,,,,,,,,34.151855,-118.125787,HILL AVE OFF,26.68
2025-01-07 19:50:00,769789,210,E,FR,,,,,,,,34.189219,-118.180753,BERKSHIRE,21.58
2025-01-07 19:50:00,769833,210,E,FR,,,,,,,,34.206745,-118.201533,ANGELES CREST HWY SB,19.78
2025-01-07 19:50:00,769850,210,E,FR,15.0,15.0,,,,,,34.211728,-118.228265,OCEAN VIEW,18.18
2025-01-07 19:50:00,769882,210,E,FR,10.0,10.0,,,,,,34.221426,-118.245718,PENNSYLVANIA,16.98
2025-01-07 19:50:00,769897,210,E,FR,,,,,,,,34.230849,-118.265101,LOWELL / HONOLULU,15.68
2025-01-07 19:50:00,769898,210,E,FR,,,,,,,,34.230849,-118.265101,LOWELL / HONOLULU,15.68
2025-01-07 19:50:00,769986,210,E,FR,,,,,,,,34.202989,-118.191827,GOULD,20.4
2025-01-07 19:50:00,770118,210,E,FR,,,,,,,,34.234317,-118.286992,LA TUNA CANYON,14.39
2025-01-07 19:55:00,717616,210,E,FR,,,,,,,,34.179921,-118.167405,ARROYO,22.6
2025-01-07 19:55:00,717619,210,E,FR,,,,,,,,34.174756,-118.160407,LINCOLN 1,23.14
2025-01-07 19:55:00,717651,210,E,FR,9.0,9.0,,,,,,34.147621,-118.079037,SIERRA MADRE V2,29.44
2025-01-07 19:55:00,737480,210,E,FR,,,,,,,,34.152332,-118.103137,ALTADENA,27.98
2025-01-07 19:55:00,761091,210,E,FR,,,,,,,,34.160546,-118.158748,MOUNTAIN 2,24.16
2025-01-07 19:55:00,763878,210,E,FR,,,,,,,,34.152216,-118.156144,WALNUT,24.81
2025-01-07 19:55:00,763908,210,E,FR,30.0,0.0,30.0,,,,,34.152385,-118.0979,SIERRA MADRE BLVD,28.28
2025-01-07 19:55:00,768923,210,E,FR,,,,,,,,34.147544,-118.081868,SIERRA MADRE VILLA,29.28
2025-01-07 19:55:00,769269,210,E,FR,,,,,,,,34.15167,-118.137983,LAKE AVE OFF(LAKE 1),25.98
2025-01-07 19:55:00,769272,210,E,FR,,,,,,,,34.151855,-118.125787,HILL AVE OFF,26.68
2025-01-07 19:55:00,769789,210,E,FR,,,,,,,,34.189219,-118.180753,BERKSHIRE,21.58
2025-01-07 19:55:00,769833,210,E,FR,,,,,,,,34.206745,-118.201533,ANGELES CREST HWY SB,19.78
2025-01-07 19:55:00,769850,210,E,FR,10.0,10.0,,,,,,34.211728,-118.228265,OCEAN VIEW,18.18
2025-01-07 19:55:00,769882,210,E,FR,8.0,8.0,,,,,,34.221426,-118.245718,PENNSYLVANIA,16.98
2025-01-07 19:55:00,769897,210,E,FR,,,,,,,,34.230849,-118.265101,LOWELL / HONOLULU,15.68
2025-01-07 19:55:00,769898,210,E,FR,,,,,,,,34.230849,-118.265101,LOWELL / HONOLULU,15.68
2025-01-07 19:55:00,769986,210,E,FR,,,,,,,,34.202989,-118.191827,GOULD,20.4
2025-01-07 19:55:00,770118,210,E,FR,,,,,,,,34.234317,-118.286992,LA TUNA CANYON,14.39
2025-01-07 20:00:00,717616,210,E,FR,,,,,,,,34.179921,-118.167405,ARROYO,22.6
2025-01-07 20:00:00,717619,210,E,FR,,,,,,,,34.174756,-118.160407,LINCOLN 1,23.14
2025-01-07 20:00:00,717651,210,E,FR,16.0,16.0,,,,,,34.147621,-118.079037,SIERRA MADRE V2,29.44
2025-01-07 20:00:00,737480,210,E,FR,,,,,,,,34.152332,-118.103137,ALTADENA,27.98
2025-01-07 20:00:00,761091,210,E,FR,,,,,,,,34.160546,-118.158748,MOUNTAIN 2,24.16
2025-01-07 20:00:00,763878,210,E,FR,,,,,,,,34.152216,-118.156144,WALNUT,24.81
2025-01-07 20:00:00,763908,210,E,FR,30.0,0.0,30.0,,,,,34.152385,-118.0979,SIERRA MADRE BLVD,28.28
2025-01-07 20:00:00,768923,210,E,FR,,,,,,,,34.147544,-118.081868,SIERRA MADRE VILLA,29.28
2025-01-07 20:00:00,769269,210,E,FR,,,,,,,,34.15167,-118.137983,LAKE AVE OFF(LAKE 1),25.98
2025-01-07 20:00:00,769272,210,E,FR,,,,,,,,34.151855,-118.125787,HILL AVE OFF,26.68
2025-01-07 20:00:00,769789,210,E,FR,,,,,,,,34.189219,-118.180753,BERKSHIRE,21.58
2025-01-07 20:00:00,769833,210,E,FR,,,,,,,,34.206745,-118.201533,ANGELES CREST HWY SB,19.78
2025-01-07 20:00:00,769850,210,E,FR,10.0,10.0,,,,,,34.211728,-118.228265,OCEAN VIEW,18.18
2025-01-07 20:00:00,769882,210,E,FR,8.0,8.0,,,,,,34.221426,-118.245718,PENNSYLVANIA,16.98
2025-01-07 20:00:00,769897,210,E,FR,,,,,,,,34.230849,-118.265101,LOWELL / HONOLULU,15.68
2025-01-07 20:00:00,769898,210,E,FR,,,,,,,,34.230849,-118.265101,LOWELL / HONOLULU,15.68
2025-01-07 20:00:00,769986,210,E,FR,,,,,,,,34.202989,-118.191827,GOULD,20.4
2025-01-07 20:00:00,770118,210,E,FR,,,,,,,,34.234317,-118.286992,LA TUNA CANYON,14.39
2025-01-07 20:05:00,717616,210,E,FR,,,,,,,,34.179921,-118.167405,ARROYO,22.6
2025-01-07 20:05:00,717619,210,E,FR,,,,,,,,34.174756,-118.160407,LINCOLN 1,23.14
2025-01-07 20:05:00,717651,210,E,FR,11.0,11.0,,,,,,34.147621,-118.079037,SIERRA MADRE V2,29.44
2025-01-07 20:05:00,737480,210,E,FR,,,,,,,,34.152332,-118.103137,ALTADENA,27.98
2025-01-07 20:05:00,761091,210,E,FR,,,,,,,,34.160546,-118.158748,MOUNTAIN 2,24.16
2025-01-07 20:05:00,763878,210,E,FR,,,,,,,,34.152216,-118.156144,WALNUT,24.81
2025-01-07 20:05:00,763908,210,E,FR,30.0,0.0,30.0,,,,,34.152385,-118.0979,SIERRA MADRE BLVD,28.28
2025-01-07 20:05:00,768923,210,E,FR,,,,,,,,34.147544,-118.081868,SIERRA MADRE VILLA,29.28
2025-01-07 20:05:00,769269,210,E,FR,,,,,,,,34.15167,-118.137983,LAKE AVE OFF(LAKE 1),25.98
2025-01-07 20:05:00,769272,210,E,FR,,,,,,,,34.151855,-118.125787,HILL AVE OFF,26.68
2025-01-07 20:05:00,769789,210,E,FR,,,,,,,,34.189219,-118.180753,BERKSHIRE,21.58
2025-01-07 20:05:00,769833,210,E,FR,,,,,,,,34.206745,-118.201533,ANGELES CREST HWY SB,19.78
2025-01-07 20:05:00,769850,210,E,FR,9.0,9.0,,,,,,34.211728,-118.228265,OCEAN VIEW,18.18
2025-01-07 20:05:00,769882,210,E,FR,14.0,14.0,,,,,,34.221426,-118.245718,PENNSYLVANIA,16.98
2025-01-07 20:05:00,769897,210,E,FR,,,,,,,,34.230849,-118.265101,LOWELL / HONOLULU,15.68
2025-01-07 20:05:00,769898,210,E,FR,,,,,,,,34.230849,-118.265101,LOWELL / HONOLULU,15.68
2025-01-07 20:05:00,769986,210,E,FR,,,,,,,,34.202989,-118.191827,GOULD,20.4
2025-01-07 20:05:00,770118,210,E,FR,,,,,,,,34.234317,-118.286992,LA TUNA CANYON,14.39
2025-01-07 20:10:00,717616,210,E,FR,,,,,,,,34.179921,-118.167405,ARROYO,22.6
2025-01-07 20:10:00,717619,210,E,FR,,,,,,,,34.174756,-118.160407,LINCOLN 1,23.14
2025-01-07 20:10:00,717651,210,E,FR,12.0,12.0,,,,,,34.147621,-118.079037,SIERRA MADRE V2,29.44
2025-01-07 20:10:00,737480,210,E,FR,,,,,,,,34.152332,-118.103137,ALTADENA,27.98
2025-01-07 20:10:00,761091,210,E,FR,,,,,,,,34.160546,-118.158748,MOUNTAIN 2,24.16
2025-01-07 20:10:00,763878,210,E,FR,,,,,,,,34.152216,-118.156144,WALNUT,24.81
2025-01-07 20:10:00,763908,210,E,FR,30.0,0.0,30.0,,,,,34.152385,-118.0979,SIERRA MADRE BLVD,28.28
2025-01-07 20:10:00,768923,210,E,FR,,,,,,,,34.147544,-118.081868,SIERRA MADRE VILLA,29.28
2025-01-07 20:10:00,769269,210,E,FR,,,,,,,,34.15167,-118.137983,LAKE AVE OFF(LAKE 1),25.98
2025-01-07 20:10:00,769272,210,E,FR,,,,,,,,34.151855,-118.125787,HILL AVE OFF,26.68
2025-01-07 20:10:00,769789,210,E,FR,,,,,,,,34.189219,-118.180753,BERKSHIRE,21.58
2025-01-07 20:10:00,769833,210,E,FR,,,,,,,,34.206745,-118.201533,ANGELES CREST HWY SB,19.78
2025-01-07 20:10:00,769850,210,E,FR,11.0,11.0,,,,,,34.211728,-118.228265,OCEAN VIEW,18.18
2025-01-07 20:10:00,769882,210,E,FR,9.0,9.0,,,,,,34.221426,-118.245718,PENNSYLVANIA,16.98
2025-01-07 20:10:00,769897,210,E,FR,,,,,,,,34.230849,-118.265101,LOWELL / HONOLULU,15.68
2025-01-07 20:10:00,769898,210,E,FR,,,,,,,,34.230849,-118.265101,LOWELL / HONOLULU,15.68
2025-01-07 20:10:00,769986,210,E,FR,,,,,,,,34.202989,-118.191827,GOULD,20.4
2025-01-07 20:10:00,770118,210,E,FR,,,,,,,,34.234317,-118.286992,LA TUNA CANYON,14.39
2025-01-07 20:15:00,717616,210,E,FR,,,,,,,,34.179921,-118.167405,ARROYO,22.6
2025-01-07 20:15:00,717619,210,E,FR,,,,,,,,34.174756,-118.160407,LINCOLN 1,23.14
2025-01-07 20:15:00,717651,210,E,FR,16.0,16.0,,,,,,34.147621,-118.079037,SIERRA MADRE V2,29.44
2025-01-07 20:15:00,737480,210,E,FR,,,,,,,,34.152332,-118.103137,ALTADENA,27.98
2025-01-07 20:15:00,761091,210,E,FR,,,,,,,,34.160546,-118.158748,MOUNTAIN 2,24.16
2025-01-07 20:15:00,763878,210,E,FR,,,,,,,,34.152216,-118.156144,WALNUT,24.81
2025-01-07 20:15:00,763908,210,E,FR,30.0,0.0,30.0,,,,,34.152385,-118.0979,SIERRA MADRE BLVD,28.28
2025-01-07 20:15:00,768923,210,E,FR,,,,,,,,34.147544,-118.081868,SIERRA MADRE VILLA,29.28
2025-01-07 20:15:00,769269,210,E,FR,,,,,,,,34.15167,-118.137983,LAKE AVE OFF(LAKE 1),25.98
2025-01-07 20:15:00,769272,210,E,FR,,,,,,,,34.151855,-118.125787,HILL AVE OFF,26.68
2025-01-07 20:15:00,769789,210,E,FR,,,,,,,,34.189219,-118.180753,BERKSHIRE,21.58
2025-01-07 20:15:00,769833,210,E,FR,,,,,,,,34.206745,-118.201533,ANGELES CREST HWY SB,19.78
2025-01-07 20:15:00,769850,210,E,FR,11.0,11.0,,,,,,34.211728,-118.228265,OCEAN VIEW,18.18
2025-01-07 20:15:00,769882,210,E,FR,14.0,14.0,,,,,,34.221426,-118.245718,PENNSYLVANIA,16.98
2025-01-07 20:15:00,769897,210,E,FR,,,,,,,,34.230849,-118.265101,LOWELL / HONOLULU,15.68
2025-01-07 20:15:00,769898,210,E,FR,,,,,,,,34.230849,-118.265101,LOWELL / HONOLULU,15.68
2025-01-07 20:15:00,769986,210,E,FR,,,,,,,,34.202989,-118.191827,GOULD,20.4
2025-01-07 20:15:00,770118,210,E,FR,,,,,,,,34.234317,-118.286992,LA TUNA CANYON,14.39
2025-01-07 20:20:00,717616,210,E,FR,,,,,,,,34.179921,-118.167405,ARROYO,22.6
2025-01-07 20:20:00,717619,210,E,FR,,,,,,,,34.174756,-118.160407,LINCOLN 1,23.14
2025-01-07 20:20:00,717651,210,E,FR,19.0,19.0,,,,,,34.147621,-118.079037,SIERRA MADRE V2,29.44
2025-01-07 20:20:00,737480,210,E,FR,,,,,,,,34.152332,-118.103137,ALTADENA,27.98
2025-01-07 20:20:00,761091,210,E,FR,,,,,,,,34.160546,-118.158748,MOUNTAIN 2,24.16
2025-01-07 20:20:00,763878,210,E,FR,,,,,,,,34.152216,-118.156144,WALNUT,24.81
2025-01-07 20:20:00,763908,210,E,FR,30.0,0.0,30.0,,,,,34.152385,-118.0979,SIERRA MADRE BLVD,28.28
2025-01-07 20:20:00,768923,210,E,FR,,,,,,,,34.147544,-118.081868,SIERRA MADRE VILLA,29.28
2025-01-07 20:20:00,769269,210,E,FR,,,,,,,,34.15167,-118.137983,LAKE AVE OFF(LAKE 1),25.98
2025-01-07 20:20:00,769272,210,E,FR,,,,,,,,34.151855,-118.125787,HILL AVE OFF,26.68
2025-01-07 20:20:00,769789,210,E,FR,,,,,,,,34.189219,-118.180753,BERKSHIRE,21.58
2025-01-07 20:20:00,769833,210,E,FR,,,,,,,,34.206745,-118.201533,ANGELES CREST HWY SB,19.78
2025-01-07 20:20:00,769850,210,E,FR,14.0,14.0,,,,,,34.211728,-118.228265,OCEAN VIEW,18.18
2025-01-07 20:20:00,769882,210,E,FR,18.0,18.0,,,,,,34.221426,-118.245718,PENNSYLVANIA,16.98
2025-01-07 20:20:00,769897,210,E,FR,,,,,,,,34.230849,-118.265101,LOWELL / HONOLULU,15.68
2025-01-07 20:20:00,769898,210,E,FR,,,,,,,,34.230849,-118.265101,LOWELL / HONOLULU,15.68
2025-01-07 20:20:00,769986,210,E,FR,,,,,,,,34.202989,-118.191827,GOULD,20.4
2025-01-07 20:20:00,770118,210,E,FR,,,,,,,,34.234317,-118.286992,LA TUNA CANYON,14.39
2025-01-07 20:25:00,717616,210,E,FR,,,,,,,,34.179921,-118.167405,ARROYO,22.6
2025-01-07 20:25:00,717619,210,E,FR,,,,,,,,34.174756,-118.160407,LINCOLN 1,23.14
2025-01-07 20:25:00,717651,210,E,FR,17.0,17.0,,,,,,34.147621,-118.079037,SIERRA MADRE V2,29.44
2025-01-07 20:25:00,737480,210,E,FR,,,,,,,,34.152332,-118.103137,ALTADENA,27.98
2025-01-07 20:25:00,761091,210,E,FR,,,,,,,,34.160546,-118.158748,MOUNTAIN 2,24.16
2025-01-07 20:25:00,763878,210,E,FR,,,,,,,,34.152216,-118.156144,WALNUT,24.81
2025-01-07 20:25:00,763908,210,E,FR,30.0,0.0,30.0,,,,,34.152385,-118.0979,SIERRA MADRE BLVD,28.28
2025-01-07 20:25:00,768923,210,E,FR,,,,,,,,34.147544,-118.081868,SIERRA MADRE VILLA,29.28
2025-01-07 20:25:00,769269,210,E,FR,,,,,,,,34.15167,-118.137983,LAKE AVE OFF(LAKE 1),25.98
2025-01-07 20:25:00,769272,210,E,FR,,,,,,,,34.151855,-118.125787,HILL AVE OFF,26.68
2025-01-07 20:25:00,769789,210,E,FR,,,,,,,,34.189219,-118.180753,BERKSHIRE,21.58
2025-01-07 20:25:00,769833,210,E,FR,,,,,,,,34.206745,-118.201533,ANGELES CREST HWY SB,19.78
2025-01-07 20:25:00,769850,210,E,FR,14.0,14.0,,,,,,34.211728,-118.228265,OCEAN VIEW,18.18
2025-01-07 20:25:00,769882,210,E,FR,8.0,8.0,,,,,,34.221426,-118.245718,PENNSYLVANIA,16.98
2025-01-07 20:25:00,769897,210,E,FR,,,,,,,,34.230849,-118.265101,LOWELL / HONOLULU,15.68
2025-01-07 20:25:00,769898,210,E,FR,,,,,,,,34.230849,-118.265101,LOWELL / HONOLULU,15.68
2025-01-07 20:25:00,769986,210,E,FR,,,,,,,,34.202989,-118.191827,GOULD,20.4
2025-01-07 20:25:00,770118,210,E,FR,,,,,,,,34.234317,-118.286992,LA TUNA CANYON,14.39
2025-01-07 20:30:00,717616,210,E,FR,,,,,,,,34.179921,-118.167405,ARROYO,22.6
2025-01-07 20:30:00,717619,210,E,FR,,,,,,,,34.174756,-118.160407,LINCOLN 1,23.14
2025-01-07 20:30:00,717651,210,E,FR,21.0,21.0,,,,,,34.147621,-118.079037,SIERRA MADRE V2,29.44
2025-01-07 20:30:00,737480,210,E,FR,,,,,,,,34.152332,-118.103137,ALTADENA,27.98
2025-01-07 20:30:00,761091,210,E,FR,,,,,,,,34.160546,-118.158748,MOUNTAIN 2,24.16
2025-01-07 20:30:00,763878,210,E,FR,,,,,,,,34.152216,-118.156144,WALNUT,24.81
2025-01-07 20:30:00,763908,210,E,FR,30.0,0.0,30.0,,,,,34.152385,-118.0979,SIERRA MADRE BLVD,28.28
2025-01-07 20:30:00,768923,210,E,FR,,,,,,,,34.147544,-118.081868,SIERRA MADRE VILLA,29.28
2025-01-07 20:30:00,769269,210,E,FR,,,,,,,,34.15167,-118.137983,LAKE AVE OFF(LAKE 1),25.98
2025-01-07 20:30:00,769272,210,E,FR,,,,,,,,34.151855,-118.125787,HILL AVE OFF,26.68
2025-01-07 20:30:00,769789,210,E,FR,,,,,,,,34.189219,-118.180753,BERKSHIRE,21.58
2025-01-07 20:30:00,769833,210,E,FR,,,,,,,,34.206745,-118.201533,ANGELES CREST HWY SB,19.78
2025-01-07 20:30:00,769850,210,E,FR,11.0,11.0,,,,,,34.211728,-118.228265,OCEAN VIEW,18.18
2025-01-07 20:30:00,769882,210,E,FR,6.0,6.0,,,,,,34.221426,-118.245718,PENNSYLVANIA,16.98
2025-01-07 20:30:00,769897,210,E,FR,,,,,,,,34.230849,-118.265101,LOWELL / HONOLULU,15.68
2025-01-07 20:30:00,769898,210,E,FR,,,,,,,,34.230849,-118.265101,LOWELL / HONOLULU,15.68
2025-01-07 20:30:00,769986,210,E,FR,,,,,,,,34.202989,-118.191827,GOULD,20.4
2025-01-07 20:30:00,770118,210,E,FR,,,,,,,,34.234317,-118.286992,LA TUNA CANYON,14.39
2025-01-07 20:35:00,717616,210,E,FR,,,,,,,,34.179921,-118.167405,ARROYO,22.6
2025-01-07 20:35:00,717619,210,E,FR,,,,,,,,34.174756,-118.160407,LINCOLN 1,23.14
2025-01-07 20:35:00,717651,210,E,FR,13.0,13.0,,,,,,34.147621,-118.079037,SIERRA MADRE V2,29.44
2025-01-07 20:35:00,737480,210,E,FR,,,,,,,,34.152332,-118.103137,ALTADENA,27.98
2025-01-07 20:35:00,761091,210,E,FR,,,,,,,,34.160546,-118.158748,MOUNTAIN 2,24.16
2025-01-07 20:35:00,763878,210,E,FR,,,,,,,,34.152216,-118.156144,WALNUT,24.81
2025-01-07 20:35:00,763908,210,E,FR,30.0,0.0,30.0,,,,,34.152385,-118.0979,SIERRA MADRE BLVD,28.28
2025-01-07 20:35:00,768923,210,E,FR,,,,,,,,34.147544,-118.081868,SIERRA MADRE VILLA,29.28
2025-01-07 20:35:00,769269,210,E,FR,,,,,,,,34.15167,-118.137983,LAKE AVE OFF(LAKE 1),25.98
2025-01-07 20:35:00,769272,210,E,FR,,,,,,,,34.151855,-118.125787,HILL AVE OFF,26.68
2025-01-07 20:35:00,769789,210,E,FR,,,,,,,,34.189219,-118.180753,BERKSHIRE,21.58
2025-01-07 20:35:00,769833,210,E,FR,,,,,,,,34.206745,-118.201533,ANGELES CREST HWY SB,19.78
2025-01-07 20:35:00,769850,210,E,FR,16.0,16.0,,,,,,34.211728,-118.228265,OCEAN VIEW,18.18
2025-01-07 20:35:00,769882,210,E,FR,8.0,8.0,,,,,,34.221426,-118.245718,PENNSYLVANIA,16.98
2025-01-07 20:35:00,769897,210,E,FR,,,,,,,,34.230849,-118.265101,LOWELL / HONOLULU,15.68
2025-01-07 20:35:00,769898,210,E,FR,,,,,,,,34.230849,-118.265101,LOWELL / HONOLULU,15.68
2025-01-07 20:35:00,769986,210,E,FR,,,,,,,,34.202989,-118.191827,GOULD,20.4
2025-01-07 20:35:00,770118,210,E,FR,,,,,,,,34.234317,-118.286992,LA TUNA CANYON,14.39
2025-01-07 20:40:00,717616,210,E,FR,,,,,,,,34.179921,-118.167405,ARROYO,22.6
2025-01-07 20:40:00,717619,210,E,FR,,,,,,,,34.174756,-118.160407,LINCOLN 1,23.14
2025-01-07 20:40:00,717651,210,E,FR,20.0,20.0,,,,,,34.147621,-118.079037,SIERRA MADRE V2,29.44
2025-01-07 20:40:00,737480,210,E,FR,,,,,,,,34.152332,-118.103137,ALTADENA,27.98
2025-01-07 20:40:00,761091,210,E,FR,,,,,,,,34.160546,-118.158748,MOUNTAIN 2,24.16
2025-01-07 20:40:00,763878,210,E,FR,,,,,,,,34.152216,-118.156144,WALNUT,24.81
2025-01-07 20:40:00,763908,210,E,FR,30.0,0.0,30.0,,,,,34.152385,-118.0979,SIERRA MADRE BLVD,28.28
2025-01-07 20:40:00,768923,210,E,FR,,,,,,,,34.147544,-118.081868,SIERRA MADRE VILLA,29.28
2025-01-07 20:40:00,769269,210,E,FR,,,,,,,,34.15167,-118.137983,LAKE AVE OFF(LAKE 1),25.98
2025-01-07 20:40:00,769272,210,E,FR,,,,,,,,34.151855,-118.125787,HILL AVE OFF,26.68
2025-01-07 20:40:00,769789,210,E,FR,,,,,,,,34.189219,-118.180753,BERKSHIRE,21.58
2025-01-07 20:40:00,769833,210,E,FR,,,,,,,,34.206745,-118.201533,ANGELES CREST HWY SB,19.78
2025-01-07 20:40:00,769850,210,E,FR,9.0,9.0,,,,,,34.211728,-118.228265,OCEAN VIEW,18.18
2025-01-07 20:40:00,769882,210,E,FR,11.0,11.0,,,,,,34.221426,-118.245718,PENNSYLVANIA,16.98
2025-01-07 20:40:00,769897,210,E,FR,,,,,,,,34.230849,-118.265101,LOWELL / HONOLULU,15.68
2025-01-07 20:40:00,769898,210,E,FR,,,,,,,,34.230849,-118.265101,LOWELL / HONOLULU,15.68
2025-01-07 20:40:00,769986,210,E,FR,,,,,,,,34.202989,-118.191827,GOULD,20.4
2025-01-07 20:40:00,770118,210,E,FR,,,,,,,,34.234317,-118.286992,LA TUNA CANYON,14.39
2025-01-07 20:45:00,717616,210,E,FR,,,,,,,,34.179921,-118.167405,ARROYO,22.6
2025-01-07 20:45:00,717619,210,E,FR,,,,,,,,34.174756,-118.160407,LINCOLN 1,23.14
2025-01-07 20:45:00,717651,210,E,FR,10.0,10.0,,,,,,34.147621,-118.079037,SIERRA MADRE V2,29.44
2025-01-07 20:45:00,737480,210,E,FR,,,,,,,,34.152332,-118.103137,ALTADENA,27.98
2025-01-07 20:45:00,761091,210,E,FR,,,,,,,,34.160546,-118.158748,MOUNTAIN 2,24.16
2025-01-07 20:45:00,763878,210,E,FR,,,,,,,,34.152216,-118.156144,WALNUT,24.81
2025-01-07 20:45:00,763908,210,E,FR,30.0,0.0,30.0,,,,,34.152385,-118.0979,SIERRA MADRE BLVD,28.28
2025-01-07 20:45:00,768923,210,E,FR,,,,,,,,34.147544,-118.081868,SIERRA MADRE VILLA,29.28
2025-01-07 20:45:00,769269,210,E,FR,,,,,,,,34.15167,-118.137983,LAKE AVE OFF(LAKE 1),25.98
2025-01-07 20:45:00,769272,210,E,FR,,,,,,,,34.151855,-118.125787,HILL AVE OFF,26.68
2025-01-07 20:45:00,769789,210,E,FR,,,,,,,,34.189219,-118.180753,BERKSHIRE,21.58
2025-01-07 20:45:00,769833,210,E,FR,,,,,,,,34.206745,-118.201533,ANGELES CREST HWY SB,19.78
2025-01-07 20:45:00,769850,210,E,FR,11.0,11.0,,,,,,34.211728,-118.228265,OCEAN VIEW,18.18
2025-01-07 20:45:00,769882,210,E,FR,11.0,11.0,,,,,,34.221426,-118.245718,PENNSYLVANIA,16.98
2025-01-07 20:45:00,769897,210,E,FR,,,,,,,,34.230849,-118.265101,LOWELL / HONOLULU,15.68
2025-01-07 20:45:00,769898,210,E,FR,,,,,,,,34.230849,-118.265101,LOWELL / HONOLULU,15.68
2025-01-07 20:45:00,769986,210,E,FR,,,,,,,,34.202989,-118.191827,GOULD,20.4
2025-01-07 20:45:00,770118,210,E,FR,,,,,,,,34.234317,-118.286992,LA TUNA CANYON,14.39
2025-01-07 20:50:00,717616,210,E,FR,,,,,,,,34.179921,-118.167405,ARROYO,22.6
2025-01-07 20:50:00,717619,210,E,FR,,,,,,,,34.174756,-118.160407,LINCOLN 1,23.14
2025-01-07 20:50:00,717651,210,E,FR,13.0,13.0,,,,,,34.147621,-118.079037,SIERRA MADRE V2,29.44
2025-01-07 20:50:00,737480,210,E,FR,,,,,,,,34.152332,-118.103137,ALTADENA,27.98
2025-01-07 20:50:00,761091,210,E,FR,,,,,,,,34.160546,-118.158748,MOUNTAIN 2,24.16
2025-01-07 20:50:00,763878,210,E,FR,,,,,,,,34.152216,-118.156144,WALNUT,24.81
2025-01-07 20:50:00,763908,210,E,FR,30.0,0.0,30.0,,,,,34.152385,-118.0979,SIERRA MADRE BLVD,28.28
2025-01-07 20:50:00,768923,210,E,FR,,,,,,,,34.147544,-118.081868,SIERRA MADRE VILLA,29.28
2025-01-07 20:50:00,769269,210,E,FR,,,,,,,,34.15167,-118.137983,LAKE AVE OFF(LAKE 1),25.98
2025-01-07 20:50:00,769272,210,E,FR,,,,,,,,34.151855,-118.125787,HILL AVE OFF,26.68
2025-01-07 20:50:00,769789,210,E,FR,,,,,,,,34.189219,-118.180753,BERKSHIRE,21.58
2025-01-07 20:50:00,769833,210,E,FR,,,,,,,,34.206745,-118.201533,ANGELES CREST HWY SB,19.78
2025-01-07 20:50:00,769850,210,E,FR,12.0,12.0,,,,,,34.211728,-118.228265,OCEAN VIEW,18.18
2025-01-07 20:50:00,769882,210,E,FR,6.0,6.0,,,,,,34.221426,-118.245718,PENNSYLVANIA,16.98
2025-01-07 20:50:00,769897,210,E,FR,,,,,,,,34.230849,-118.265101,LOWELL / HONOLULU,15.68
2025-01-07 20:50:00,769898,210,E,FR,,,,,,,,34.230849,-118.265101,LOWELL / HONOLULU,15.68
2025-01-07 20:50:00,769986,210,E,FR,,,,,,,,34.202989,-118.191827,GOULD,20.4
2025-01-07 20:50:00,770118,210,E,FR,,,,,,,,34.234317,-118.286992,LA TUNA CANYON,14.39
2025-01-07 20:55:00,717616,210,E,FR,,,,,,,,34.179921,-118.167405,ARROYO,22.6
2025-01-07 20:55:00,717619,210,E,FR,,,,,,,,34.174756,-118.160407,LINCOLN 1,23.14
2025-01-07 20:55:00,717651,210,E,FR,8.0,8.0,,,,,,34.147621,-118.079037,SIERRA MADRE V2,29.44
2025-01-07 20:55:00,737480,210,E,FR,,,,,,,,34.152332,-118.103137,ALTADENA,27.98
2025-01-07 20:55:00,761091,210,E,FR,,,,,,,,34.160546,-118.158748,MOUNTAIN 2,24.16
2025-01-07 20:55:00,763878,210,E,FR,,,,,,,,34.152216,-118.156144,WALNUT,24.81
2025-01-07 20:55:00,763908,210,E,FR,30.0,0.0,30.0,,,,,34.152385,-118.0979,SIERRA MADRE BLVD,28.28
2025-01-07 20:55:00,768923,210,E,FR,,,,,,,,34.147544,-118.081868,SIERRA MADRE VILLA,29.28
2025-01-07 20:55:00,769269,210,E,FR,,,,,,,,34.15167,-118.137983,LAKE AVE OFF(LAKE 1),25.98
2025-01-07 20:55:00,769272,210,E,FR,,,,,,,,34.151855,-118.125787,HILL AVE OFF,26.68
2025-01-07 20:55:00,769789,210,E,FR,,,,,,,,34.189219,-118.180753,BERKSHIRE,21.58
2025-01-07 20:55:00,769833,210,E,FR,,,,,,,,34.206745,-118.201533,ANGELES CREST HWY SB,19.78
2025-01-07 20:55:00,769850,210,E,FR,9.0,9.0,,,,,,34.211728,-118.228265,OCEAN VIEW,18.18
2025-01-07 20:55:00,769882,210,E,FR,6.0,6.0,,,,,,34.221426,-118.245718,PENNSYLVANIA,16.98
2025-01-07 20:55:00,769897,210,E,FR,,,,,,,,34.230849,-118.265101,LOWELL / HONOLULU,15.68
2025-01-07 20:55:00,769898,210,E,FR,,,,,,,,34.230849,-118.265101,LOWELL / HONOLULU,15.68
2025-01-07 20:55:00,769986,210,E,FR,,,,,,,,34.202989,-118.191827,GOULD,20.4
2025-01-07 20:55:00,770118,210,E,FR,,,,,,,,34.234317,-118.286992,LA TUNA CANYON,14.39
2025-01-07 21:00:00,717616,210,E,FR,,,,,,,,34.179921,-118.167405,ARROYO,22.6
2025-01-07 21:00:00,717619,210,E,FR,,,,,,,,34.174756,-118.160407,LINCOLN 1,23.14
2025-01-07 21:00:00,717651,210,E,FR,6.0,6.0,,,,,,34.147621,-118.079037,SIERRA MADRE V2,29.44
2025-01-07 21:00:00,737480,210,E,FR,,,,,,,,34.152332,-118.103137,ALTADENA,27.98
2025-01-07 21:00:00,761091,210,E,FR,,,,,,,,34.160546,-118.158748,MOUNTAIN 2,24.16
2025-01-07 21:00:00,763878,210,E,FR,,,,,,,,34.152216,-118.156144,WALNUT,24.81
2025-01-07 21:00:00,763908,210,E,FR,26.0,2.0,24.0,,,,,34.152385,-118.0979,SIERRA MADRE BLVD,28.28
2025-01-07 21:00:00,768923,210,E,FR,,,,,,,,34.147544,-118.081868,SIERRA MADRE VILLA,29.28
2025-01-07 21:00:00,769269,210,E,FR,,,,,,,,34.15167,-118.137983,LAKE AVE OFF(LAKE 1),25.98
2025-01-07 21:00:00,769272,210,E,FR,,,,,,,,34.151855,-118.125787,HILL AVE OFF,26.68
2025-01-07 21:00:00,769789,210,E,FR,,,,,,,,34.189219,-118.180753,BERKSHIRE,21.58
2025-01-07 21:00:00,769833,210,E,FR,,,,,,,,34.206745,-118.201533,ANGELES CREST HWY SB,19.78
2025-01-07 21:00:00,769850,210,E,FR,6.0,6.0,,,,,,34.211728,-118.228265,OCEAN VIEW,18.18
2025-01-07 21:00:00,769882,210,E,FR,15.0,15.0,,,,,,34.221426,-118.245718,PENNSYLVANIA,16.98
2025-01-07 21:00:00,769897,210,E,FR,,,,,,,,34.230849,-118.265101,LOWELL / HONOLULU,15.68
2025-01-07 21:00:00,769898,210,E,FR,,,,,,,,34.230849,-118.265101,LOWELL / HONOLULU,15.68
2025-01-07 21:00:00,769986,210,E,FR,,,,,,,,34.202989,-118.191827,GOULD,20.4
2025-01-07 21:00:00,770118,210,E,FR,,,,,,,,34.234317,-118.286992,LA TUNA CANYON,14.39
2025-01-07 21:05:00,717616,210,E,FR,,,,,,,,34.179921,-118.167405,ARROYO,22.6
2025-01-07 21:05:00,717619,210,E,FR,,,,,,,,34.174756,-118.160407,LINCOLN 1,23.14
2025-01-07 21:05:00,717651,210,E,FR,9.0,9.0,,,,,,34.147621,-118.079037,SIERRA MADRE V2,29.44
2025-01-07 21:05:00,737480,210,E,FR,,,,,,,,34.152332,-118.103137,ALTADENA,27.98
2025-01-07 21:05:00,761091,210,E,FR,,,,,,,,34.160546,-118.158748,MOUNTAIN 2,24.16
2025-01-07 21:05:00,763878,210,E,FR,,,,,,,,34.152216,-118.156144,WALNUT,24.81
2025-01-07 21:05:00,763908,210,E,FR,16.0,6.0,10.0,,,,,34.152385,-118.0979,SIERRA MADRE BLVD,28.28
2025-01-07 21:05:00,768923,210,E,FR,,,,,,,,34.147544,-118.081868,SIERRA MADRE VILLA,29.28
2025-01-07 21:05:00,769269,210,E,FR,,,,,,,,34.15167,-118.137983,LAKE AVE OFF(LAKE 1),25.98
2025-01-07 21:05:00,769272,210,E,FR,,,,,,,,34.151855,-118.125787,HILL AVE OFF,26.68
2025-01-07 21:05:00,769789,210,E,FR,,,,,,,,34.189219,-118.180753,BERKSHIRE,21.58
2025-01-07 21:05:00,769833,210,E,FR,,,,,,,,34.206745,-118.201533,ANGELES CREST HWY SB,19.78
2025-01-07 21:05:00,769850,210,E,FR,3.0,3.0,,,,,,34.211728,-118.228265,OCEAN VIEW,18.18
2025-01-07 21:05:00,769882,210,E,FR,5.0,5.0,,,,,,34.221426,-118.245718,PENNSYLVANIA,16.98
2025-01-07 21:05:00,769897,210,E,FR,,,,,,,,34.230849,-118.265101,LOWELL / HONOLULU,15.68
2025-01-07 21:05:00,769898,210,E,FR,,,,,,,,34.230849,-118.265101,LOWELL / HONOLULU,15.68
2025-01-07 21:05:00,769986,210,E,FR,,,,,,,,34.202989,-118.191827,GOULD,20.4
2025-01-07 21:05:00,770118,210,E,FR,,,,,,,,34.234317,-118.286992,LA TUNA CANYON,14.39
2025-01-07 21:10:00,717616,210,E,FR,,,,,,,,34.179921,-118.167405,ARROYO,22.6
2025-01-07 21:10:00,717619,210,E,FR,,,,,,,,34.174756,-118.160407,LINCOLN 1,23.14
2025-01-07 21:10:00,717651,210,E,FR,9.0,9.0,,,,,,34.147621,-118.079037,SIERRA MADRE V2,29.44
2025-01-07 21:10:00,737480,210,E,FR,,,,,,,,34.152332,-118.103137,ALTADENA,27.98
2025-01-07 21:10:00,761091,210,E,FR,,,,,,,,34.160546,-118.158748,MOUNTAIN 2,24.16
2025-01-07 21:10:00,763878,210,E,FR,,,,,,,,34.152216,-118.156144,WALNUT,24.81
2025-01-07 21:10:00,763908,210,E,FR,17.0,6.0,11.0,,,,,34.152385,-118.0979,SIERRA MADRE BLVD,28.28
2025-01-07 21:10:00,768923,210,E,FR,,,,,,,,34.147544,-118.081868,SIERRA MADRE VILLA,29.28
2025-01-07 21:10:00,769269,210,E,FR,,,,,,,,34.15167,-118.137983,LAKE AVE OFF(LAKE 1),25.98
2025-01-07 21:10:00,769272,210,E,FR,,,,,,,,34.151855,-118.125787,HILL AVE OFF,26.68
2025-01-07 21:10:00,769789,210,E,FR,,,,,,,,34.189219,-118.180753,BERKSHIRE,21.58
2025-01-07 21:10:00,769833,210,E,FR,,,,,,,,34.206745,-118.201533,ANGELES CREST HWY SB,19.78
2025-01-07 21:10:00,769850,210,E,FR,5.0,5.0,,,,,,34.211728,-118.228265,OCEAN VIEW,18.18
2025-01-07 21:10:00,769882,210,E,FR,6.0,6.0,,,,,,34.221426,-118.245718,PENNSYLVANIA,16.98
2025-01-07 21:10:00,769897,210,E,FR,,,,,,,,34.230849,-118.265101,LOWELL / HONOLULU,15.68
2025-01-07 21:10:00,769898,210,E,FR,,,,,,,,34.230849,-118.265101,LOWELL / HONOLULU,15.68
2025-01-07 21:10:00,769986,210,E,FR,,,,,,,,34.202989,-118.191827,GOULD,20.4
2025-01-07 21:10:00,770118,210,E,FR,,,,,,,,34.234317,-118.286992,LA TUNA CANYON,14.39
2025-01-07 21:15:00,717616,210,E,FR,,,,,,,,34.179921,-118.167405,ARROYO,22.6
2025-01-07 21:15:00,717619,210,E,FR,,,,,,,,34.174756,-118.160407,LINCOLN 1,23.14
2025-01-07 21:15:00,717651,210,E,FR,9.0,9.0,,,,,,34.147621,-118.079037,SIERRA MADRE V2,29.44
2025-01-07 21:15:00,737480,210,E,FR,,,,,,,,34.152332,-118.103137,ALTADENA,27.98
2025-01-07 21:15:00,761091,210,E,FR,,,,,,,,34.160546,-118.158748,MOUNTAIN 2,24.16
2025-01-07 21:15:00,763878,210,E,FR,,,,,,,,34.152216,-118.156144,WALNUT,24.81
2025-01-07 21:15:00,763908,210,E,FR,23.0,6.0,17.0,,,,,34.152385,-118.0979,SIERRA MADRE BLVD,28.28
2025-01-07 21:15:00,768923,210,E,FR,,,,,,,,34.147544,-118.081868,SIERRA MADRE VILLA,29.28
2025-01-07 21:15:00,769269,210,E,FR,,,,,,,,34.15167,-118.137983,LAKE AVE OFF(LAKE 1),25.98
2025-01-07 21:15:00,769272,210,E,FR,,,,,,,,34.151855,-118.125787,HILL AVE OFF,26.68
2025-01-07 21:15:00,769789,210,E,FR,,,,,,,,34.189219,-118.180753,BERKSHIRE,21.58
2025-01-07 21:15:00,769833,210,E,FR,,,,,,,,34.206745,-118.201533,ANGELES CREST HWY SB,19.78
2025-01-07 21:15:00,769850,210,E,FR,4.0,4.0,,,,,,34.211728,-118.228265,OCEAN VIEW,18.18
2025-01-07 21:15:00,769882,210,E,FR,4.0,4.0,,,,,,34.221426,-118.245718,PENNSYLVANIA,16.98
2025-01-07 21:15:00,769897,210,E,FR,,,,,,,,34.230849,-118.265101,LOWELL / HONOLULU,15.68
2025-01-07 21:15:00,769898,210,E,FR,,,,,,,,34.230849,-118.265101,LOWELL / HONOLULU,15.68
2025-01-07 21:15:00,769986,210,E,FR,,,,,,,,34.202989,-118.191827,GOULD,20.4
2025-01-07 21:15:00,770118,210,E,FR,,,,,,,,34.234317,-118.286992,LA TUNA CANYON,14.39
2025-01-07 21:20:00,717616,210,E,FR,,,,,,,,34.179921,-118.167405,ARROYO,22.6
2025-01-07 21:20:00,717619,210,E,FR,,,,,,,,34.174756,-118.160407,LINCOLN 1,23.14
2025-01-07 21:20:00,717651,210,E,FR,14.0,14.0,,,,,,34.147621,-118.079037,SIERRA MADRE V2,29.44
2025-01-07 21:20:00,737480,210,E,FR,,,,,,,,34.152332,-118.103137,ALTADENA,27.98
2025-01-07 21:20:00,761091,210,E,FR,,,,,,,,34.160546,-118.158748,MOUNTAIN 2,24.16
2025-01-07 21:20:00,763878,210,E,FR,,,,,,,,34.152216,-118.156144,WALNUT,24.81
2025-01-07 21:20:00,763908,210,E,FR,12.0,1.0,11.0,,,,,34.152385,-118.0979,SIERRA MADRE BLVD,28.28
2025-01-07 21:20:00,768923,210,E,FR,,,,,,,,34.147544,-118.081868,SIERRA MADRE VILLA,29.28
2025-01-07 21:20:00,769269,210,E,FR,,,,,,,,34.15167,-118.137983,LAKE AVE OFF(LAKE 1),25.98
2025-01-07 21:20:00,769272,210,E,FR,,,,,,,,34.151855,-118.125787,HILL AVE OFF,26.68
2025-01-07 21:20:00,769789,210,E,FR,,,,,,,,34.189219,-118.180753,BERKSHIRE,21.58
2025-01-07 21:20:00,769833,210,E,FR,,,,,,,,34.206745,-118.201533,ANGELES CREST HWY SB,19.78
2025-01-07 21:20:00,769850,210,E,FR,4.0,4.0,,,,,,34.211728,-118.228265,OCEAN VIEW,18.18
2025-01-07 21:20:00,769882,210,E,FR,5.0,5.0,,,,,,34.221426,-118.245718,PENNSYLVANIA,16.98
2025-01-07 21:20:00,769897,210,E,FR,,,,,,,,34.230849,-118.265101,LOWELL / HONOLULU,15.68
2025-01-07 21:20:00,769898,210,E,FR,,,,,,,,34.230849,-118.265101,LOWELL / HONOLULU,15.68
2025-01-07 21:20:00,769986,210,E,FR,,,,,,,,34.202989,-118.191827,GOULD,20.4
2025-01-07 21:20:00,770118,210,E,FR,,,,,,,,34.234317,-118.286992,LA TUNA CANYON,14.39
2025-01-07 21:25:00,717616,210,E,FR,,,,,,,,34.179921,-118.167405,ARROYO,22.6
2025-01-07 21:25:00,717619,210,E,FR,,,,,,,,34.174756,-118.160407,LINCOLN 1,23.14
2025-01-07 21:25:00,717651,210,E,FR,8.0,8.0,,,,,,34.147621,-118.079037,SIERRA MADRE V2,29.44
2025-01-07 21:25:00,737480,210,E,FR,,,,,,,,34.152332,-118.103137,ALTADENA,27.98
2025-01-07 21:25:00,761091,210,E,FR,,,,,,,,34.160546,-118.158748,MOUNTAIN 2,24.16
2025-01-07 21:25:00,763878,210,E,FR,,,,,,,,34.152216,-118.156144,WALNUT,24.81
2025-01-07 21:25:00,763908,210,E,FR,12.0,1.0,11.0,,,,,34.152385,-118.0979,SIERRA MADRE BLVD,28.28
2025-01-07 21:25:00,768923,210,E,FR,,,,,,,,34.147544,-118.081868,SIERRA MADRE VILLA,29.28
2025-01-07 21:25:00,769269,210,E,FR,,,,,,,,34.15167,-118.137983,LAKE AVE OFF(LAKE 1),25.98
2025-01-07 21:25:00,769272,210,E,FR,,,,,,,,34.151855,-118.125787,HILL AVE OFF,26.68
2025-01-07 21:25:00,769789,210,E,FR,,,,,,,,34.189219,-118.180753,BERKSHIRE,21.58
2025-01-07 21:25:00,769833,210,E,FR,,,,,,,,34.206745,-118.201533,ANGELES CREST HWY SB,19.78
2025-01-07 21:25:00,769850,210,E,FR,7.0,7.0,,,,,,34.211728,-118.228265,OCEAN VIEW,18.18
2025-01-07 21:25:00,769882,210,E,FR,10.0,10.0,,,,,,34.221426,-118.245718,PENNSYLVANIA,16.98
2025-01-07 21:25:00,769897,210,E,FR,,,,,,,,34.230849,-118.265101,LOWELL / HONOLULU,15.68
2025-01-07 21:25:00,769898,210,E,FR,,,,,,,,34.230849,-118.265101,LOWELL / HONOLULU,15.68
2025-01-07 21:25:00,769986,210,E,FR,,,,,,,,34.202989,-118.191827,GOULD,20.4
2025-01-07 21:25:00,770118,210,E,FR,,,,,,,,34.234317,-118.286992,LA TUNA CANYON,14.39
2025-01-07 21:30:00,717616,210,E,FR,,,,,,,,34.179921,-118.167405,ARROYO,22.6
2025-01-07 21:30:00,717619,210,E,FR,,,,,,,,34.174756,-118.160407,LINCOLN 1,23.14
2025-01-07 21:30:00,717651,210,E,FR,9.0,9.0,,,,,,34.147621,-118.079037,SIERRA MADRE V2,29.44
2025-01-07 21:30:00,737480,210,E,FR,,,,,,,,34.152332,-118.103137,ALTADENA,27.98
2025-01-07 21:30:00,761091,210,E,FR,,,,,,,,34.160546,-118.158748,MOUNTAIN 2,24.16
2025-01-07 21:30:00,763878,210,E,FR,,,,,,,,34.152216,-118.156144,WALNUT,24.81
2025-01-07 21:30:00,763908,210,E,FR,18.0,5.0,13.0,,,,,34.152385,-118.0979,SIERRA MADRE BLVD,28.28
2025-01-07 21:30:00,768923,210,E,FR,,,,,,,,34.147544,-118.081868,SIERRA MADRE VILLA,29.28
2025-01-07 21:30:00,769269,210,E,FR,,,,,,,,34.15167,-118.137983,LAKE AVE OFF(LAKE 1),25.98
2025-01-07 21:30:00,769272,210,E,FR,,,,,,,,34.151855,-118.125787,HILL AVE OFF,26.68
2025-01-07 21:30:00,769789,210,E,FR,,,,,,,,34.189219,-118.180753,BERKSHIRE,21.58
2025-01-07 21:30:00,769833,210,E,FR,,,,,,,,34.206745,-118.201533,ANGELES CREST HWY SB,19.78
2025-01-07 21:30:00,769850,210,E,FR,5.0,5.0,,,,,,34.211728,-118.228265,OCEAN VIEW,18.18
2025-01-07 21:30:00,769882,210,E,FR,2.0,2.0,,,,,,34.221426,-118.245718,PENNSYLVANIA,16.98
2025-01-07 21:30:00,769897,210,E,FR,,,,,,,,34.230849,-118.265101,LOWELL / HONOLULU,15.68
2025-01-07 21:30:00,769898,210,E,FR,,,,,,,,34.230849,-118.265101,LOWELL / HONOLULU,15.68
2025-01-07 21:30:00,769986,210,E,FR,,,,,,,,34.202989,-118.191827,GOULD,20.4
2025-01-07 21:30:00,770118,210,E,FR,,,,,,,,34.234317,-118.286992,LA TUNA CANYON,14.39
2025-01-07 21:35:00,717616,210,E,FR,,,,,,,,34.179921,-118.167405,ARROYO,22.6
2025-01-07 21:35:00,717619,210,E,FR,,,,,,,,34.174756,-118.160407,LINCOLN 1,23.14
2025-01-07 21:35:00,717651,210,E,FR,3.0,3.0,,,,,,34.147621,-118.079037,SIERRA MADRE V2,29.44
2025-01-07 21:35:00,737480,210,E,FR,,,,,,,,34.152332,-118.103137,ALTADENA,27.98
2025-01-07 21:35:00,761091,210,E,FR,,,,,,,,34.160546,-118.158748,MOUNTAIN 2,24.16
2025-01-07 21:35:00,763878,210,E,FR,,,,,,,,34.152216,-118.156144,WALNUT,24.81
2025-01-07 21:35:00,763908,210,E,FR,11.0,2.0,9.0,,,,,34.152385,-118.0979,SIERRA MADRE BLVD,28.28
2025-01-07 21:35:00,768923,210,E,FR,,,,,,,,34.147544,-118.081868,SIERRA MADRE VILLA,29.28
2025-01-07 21:35:00,769269,210,E,FR,,,,,,,,34.15167,-118.137983,LAKE AVE OFF(LAKE 1),25.98
2025-01-07 21:35:00,769272,210,E,FR,,,,,,,,34.151855,-118.125787,HILL AVE OFF,26.68
2025-01-07 21:35:00,769789,210,E,FR,,,,,,,,34.189219,-118.180753,BERKSHIRE,21.58
2025-01-07 21:35:00,769833,210,E,FR,,,,,,,,34.206745,-118.201533,ANGELES CREST HWY SB,19.78
2025-01-07 21:35:00,769850,210,E,FR,9.0,9.0,,,,,,34.211728,-118.228265,OCEAN VIEW,18.18
2025-01-07 21:35:00,769882,210,E,FR,7.0,7.0,,,,,,34.221426,-118.245718,PENNSYLVANIA,16.98
2025-01-07 21:35:00,769897,210,E,FR,,,,,,,,34.230849,-118.265101,LOWELL / HONOLULU,15.68
2025-01-07 21:35:00,769898,210,E,FR,,,,,,,,34.230849,-118.265101,LOWELL / HONOLULU,15.68
2025-01-07 21:35:00,769986,210,E,FR,,,,,,,,34.202989,-118.191827,GOULD,20.4
2025-01-07 21:35:00,770118,210,E,FR,,,,,,,,34.234317,-118.286992,LA TUNA CANYON,14.39
2025-01-07 21:40:00,717616,210,E,FR,,,,,,,,34.179921,-118.167405,ARROYO,22.6
2025-01-07 21:40:00,717619,210,E,FR,,,,,,,,34.174756,-118.160407,LINCOLN 1,23.14
2025-01-07 21:40:00,717651,210,E,FR,6.0,6.0,,,,,,34.147621,-118.079037,SIERRA MADRE V2,29.44
2025-01-07 21:40:00,737480,210,E,FR,,,,,,,,34.152332,-118.103137,ALTADENA,27.98
2025-01-07 21:40:00,761091,210,E,FR,,,,,,,,34.160546,-118.158748,MOUNTAIN 2,24.16
2025-01-07 21:40:00,763878,210,E,FR,,,,,,,,34.152216,-118.156144,WALNUT,24.81
2025-01-07 21:40:00,763908,210,E,FR,18.0,4.0,14.0,,,,,34.152385,-118.0979,SIERRA MADRE BLVD,28.28
2025-01-07 21:40:00,768923,210,E,FR,,,,,,,,34.147544,-118.081868,SIERRA MADRE VILLA,29.28
2025-01-07 21:40:00,769269,210,E,FR,,,,,,,,34.15167,-118.137983,LAKE AVE OFF(LAKE 1),25.98
2025-01-07 21:40:00,769272,210,E,FR,,,,,,,,34.151855,-118.125787,HILL AVE OFF,26.68
2025-01-07 21:40:00,769789,210,E,FR,,,,,,,,34.189219,-118.180753,BERKSHIRE,21.58
2025-01-07 21:40:00,769833,210,E,FR,,,,,,,,34.206745,-118.201533,ANGELES CREST HWY SB,19.78
2025-01-07 21:40:00,769850,210,E,FR,6.0,6.0,,,,,,34.211728,-118.228265,OCEAN VIEW,18.18
2025-01-07 21:40:00,769882,210,E,FR,6.0,6.0,,,,,,34.221426,-118.245718,PENNSYLVANIA,16.98
2025-01-07 21:40:00,769897,210,E,FR,,,,,,,,34.230849,-118.265101,LOWELL / HONOLULU,15.68
2025-01-07 21:40:00,769898,210,E,FR,,,,,,,,34.230849,-118.265101,LOWELL / HONOLULU,15.68
2025-01-07 21:40:00,769986,210,E,FR,,,,,,,,34.202989,-118.191827,GOULD,20.4
2025-01-07 21:40:00,770118,210,E,FR,,,,,,,,34.234317,-118.286992,LA TUNA CANYON,14.39
2025-01-07 21:45:00,717616,210,E,FR,,,,,,,,34.179921,-118.167405,ARROYO,22.6
2025-01-07 21:45:00,717619,210,E,FR,,,,,,,,34.174756,-118.160407,LINCOLN 1,23.14
2025-01-07 21:45:00,717651,210,E,FR,8.0,8.0,,,,,,34.147621,-118.079037,SIERRA MADRE V2,29.44
2025-01-07 21:45:00,737480,210,E,FR,,,,,,,,34.152332,-118.103137,ALTADENA,27.98
2025-01-07 21:45:00,761091,210,E,FR,,,,,,,,34.160546,-118.158748,MOUNTAIN 2,24.16
2025-01-07 21:45:00,763878,210,E,FR,,,,,,,,34.152216,-118.156144,WALNUT,24.81
2025-01-07 21:45:00,763908,210,E,FR,15.0,4.0,11.0,,,,,34.152385,-118.0979,SIERRA MADRE BLVD,28.28
2025-01-07 21:45:00,768923,210,E,FR,,,,,,,,34.147544,-118.081868,SIERRA MADRE VILLA,29.28
2025-01-07 21:45:00,769269,210,E,FR,,,,,,,,34.15167,-118.137983,LAKE AVE OFF(LAKE 1),25.98
2025-01-07 21:45:00,769272,210,E,FR,,,,,,,,34.151855,-118.125787,HILL AVE OFF,26.68
2025-01-07 21:45:00,769789,210,E,FR,,,,,,,,34.189219,-118.180753,BERKSHIRE,21.58
2025-01-07 21:45:00,769833,210,E,FR,,,,,,,,34.206745,-118.201533,ANGELES CREST HWY SB,19.78
2025-01-07 21:45:00,769850,210,E,FR,10.0,10.0,,,,,,34.211728,-118.228265,OCEAN VIEW,18.18
2025-01-07 21:45:00,769882,210,E,FR,3.0,3.0,,,,,,34.221426,-118.245718,PENNSYLVANIA,16.98
2025-01-07 21:45:00,769897,210,E,FR,,,,,,,,34.230849,-118.265101,LOWELL / HONOLULU,15.68
2025-01-07 21:45:00,769898,210,E,FR,,,,,,,,34.230849,-118.265101,LOWELL / HONOLULU,15.68
2025-01-07 21:45:00,769986,210,E,FR,,,,,,,,34.202989,-118.191827,GOULD,20.4
2025-01-07 21:45:00,770118,210,E,FR,,,,,,,,34.234317,-118.286992,LA TUNA CANYON,14.39
2025-01-07 21:50:00,717616,210,E,FR,,,,,,,,34.179921,-118.167405,ARROYO,22.6
2025-01-07 21:50:00,717619,210,E,FR,,,,,,,,34.174756,-118.160407,LINCOLN 1,23.14
2025-01-07 21:50:00,717651,210,E,FR,5.0,5.0,,,,,,34.147621,-118.079037,SIERRA MADRE V2,29.44
2025-01-07 21:50:00,737480,210,E,FR,,,,,,,,34.152332,-118.103137,ALTADENA,27.98
2025-01-07 21:50:00,761091,210,E,FR,,,,,,,,34.160546,-118.158748,MOUNTAIN 2,24.16
2025-01-07 21:50:00,763878,210,E,FR,,,,,,,,34.152216,-118.156144,WALNUT,24.81
2025-01-07 21:50:00,763908,210,E,FR,16.0,7.0,9.0,,,,,34.152385,-118.0979,SIERRA MADRE BLVD,28.28
2025-01-07 21:50:00,768923,210,E,FR,,,,,,,,34.147544,-118.081868,SIERRA MADRE VILLA,29.28
2025-01-07 21:50:00,769269,210,E,FR,,,,,,,,34.15167,-118.137983,LAKE AVE OFF(LAKE 1),25.98
2025-01-07 21:50:00,769272,210,E,FR,,,,,,,,34.151855,-118.125787,HILL AVE OFF,26.68
2025-01-07 21:50:00,769789,210,E,FR,,,,,,,,34.189219,-118.180753,BERKSHIRE,21.58
2025-01-07 21:50:00,769833,210,E,FR,,,,,,,,34.206745,-118.201533,ANGELES CREST HWY SB,19.78
2025-01-07 21:50:00,769850,210,E,FR,4.0,4.0,,,,,,34.211728,-118.228265,OCEAN VIEW,18.18
2025-01-07 21:50:00,769882,210,E,FR,10.0,10.0,,,,,,34.221426,-118.245718,PENNSYLVANIA,16.98
2025-01-07 21:50:00,769897,210,E,FR,,,,,,,,34.230849,-118.265101,LOWELL / HONOLULU,15.68
2025-01-07 21:50:00,769898,210,E,FR,,,,,,,,34.230849,-118.265101,LOWELL / HONOLULU,15.68
2025-01-07 21:50:00,769986,210,E,FR,,,,,,,,34.202989,-118.191827,GOULD,20.4
2025-01-07 21:50:00,770118,210,E,FR,,,,,,,,34.234317,-118.286992,LA TUNA CANYON,14.39
2025-01-07 21:55:00,717616,210,E,FR,,,,,,,,34.179921,-118.167405,ARROYO,22.6
2025-01-07 21:55:00,717619,210,E,FR,,,,,,,,34.174756,-118.160407,LINCOLN 1,23.14
2025-01-07 21:55:00,717651,210,E,FR,13.0,13.0,,,,,,34.147621,-118.079037,SIERRA MADRE V2,29.44
2025-01-07 21:55:00,737480,210,E,FR,,,,,,,,34.152332,-118.103137,ALTADENA,27.98
2025-01-07 21:55:00,761091,210,E,FR,,,,,,,,34.160546,-118.158748,MOUNTAIN 2,24.16
2025-01-07 21:55:00,763878,210,E,FR,,,,,,,,34.152216,-118.156144,WALNUT,24.81
2025-01-07 21:55:00,763908,210,E,FR,14.0,1.0,13.0,,,,,34.152385,-118.0979,SIERRA MADRE BLVD,28.28
2025-01-07 21:55:00,768923,210,E,FR,,,,,,,,34.147544,-118.081868,SIERRA MADRE VILLA,29.28
2025-01-07 21:55:00,769269,210,E,FR,,,,,,,,34.15167,-118.137983,LAKE AVE OFF(LAKE 1),25.98
2025-01-07 21:55:00,769272,210,E,FR,,,,,,,,34.151855,-118.125787,HILL AVE OFF,26.68
2025-01-07 21:55:00,769789,210,E,FR,,,,,,,,34.189219,-118.180753,BERKSHIRE,21.58
2025-01-07 21:55:00,769833,210,E,FR,,,,,,,,34.206745,-118.201533,ANGELES CREST HWY SB,19.78
2025-01-07 21:55:00,769850,210,E,FR,2.0,2.0,,,,,,34.211728,-118.228265,OCEAN VIEW,18.18
2025-01-07 21:55:00,769882,210,E,FR,6.0,6.0,,,,,,34.221426,-118.245718,PENNSYLVANIA,16.98
2025-01-07 21:55:00,769897,210,E,FR,,,,,,,,34.230849,-118.265101,LOWELL / HONOLULU,15.68
2025-01-07 21:55:00,769898,210,E,FR,,,,,,,,34.230849,-118.265101,LOWELL / HONOLULU,15.68
2025-01-07 21:55:00,769986,210,E,FR,,,,,,,,34.202989,-118.191827,GOULD,20.4
2025-01-07 21:55:00,770118,210,E,FR,,,,,,,,34.234317,-118.286992,LA TUNA CANYON,14.39
2025-01-07 22:00:00,717616,210,E,FR,,,,,,,,34.179921,-118.167405,ARROYO,22.6
2025-01-07 22:00:00,717619,210,E,FR,,,,,,,,34.174756,-118.160407,LINCOLN 1,23.14
2025-01-07 22:00:00,717651,210,E,FR,4.0,4.0,,,,,,34.147621,-118.079037,SIERRA MADRE V2,29.44
2025-01-07 22:00:00,737480,210,E,FR,,,,,,,,34.152332,-118.103137,ALTADENA,27.98
2025-01-07 22:00:00,761091,210,E,FR,,,,,,,,34.160546,-118.158748,MOUNTAIN 2,24.16
2025-01-07 22:00:00,763878,210,E,FR,,,,,,,,34.152216,-118.156144,WALNUT,24.81
2025-01-07 22:00:00,763908,210,E,FR,10.0,2.0,8.0,,,,,34.152385,-118.0979,SIERRA MADRE BLVD,28.28
2025-01-07 22:00:00,768923,210,E,FR,,,,,,,,34.147544,-118.081868,SIERRA MADRE VILLA,29.28
2025-01-07 22:00:00,769269,210,E,FR,,,,,,,,34.15167,-118.137983,LAKE AVE OFF(LAKE 1),25.98
2025-01-07 22:00:00,769272,210,E,FR,,,,,,,,34.151855,-118.125787,HILL AVE OFF,26.68
2025-01-07 22:00:00,769789,210,E,FR,,,,,,,,34.189219,-118.180753,BERKSHIRE,21.58
2025-01-07 22:00:00,769833,210,E,FR,,,,,,,,34.206745,-118.201533,ANGELES CREST HWY SB,19.78
2025-01-07 22:00:00,769850,210,E,FR,5.0,5.0,,,,,,34.211728,-118.228265,OCEAN VIEW,18.18
2025-01-07 22:00:00,769882,210,E,FR,5.0,5.0,,,,,,34.221426,-118.245718,PENNSYLVANIA,16.98
2025-01-07 22:00:00,769897,210,E,FR,,,,,,,,34.230849,-118.265101,LOWELL / HONOLULU,15.68
2025-01-07 22:00:00,769898,210,E,FR,,,,,,,,34.230849,-118.265101,LOWELL / HONOLULU,15.68
2025-01-07 22:00:00,769986,210,E,FR,,,,,,,,34.202989,-118.191827,GOULD,20.4
2025-01-07 22:00:00,770118,210,E,FR,,,,,,,,34.234317,-118.286992,LA TUNA CANYON,14.39
2025-01-07 22:05:00,717616,210,E,FR,,,,,,,,34.179921,-118.167405,ARROYO,22.6
2025-01-07 22:05:00,717619,210,E,FR,,,,,,,,34.174756,-118.160407,LINCOLN 1,23.14
2025-01-07 22:05:00,717651,210,E,FR,5.0,5.0,,,,,,34.147621,-118.079037,SIERRA MADRE V2,29.44
2025-01-07 22:05:00,737480,210,E,FR,,,,,,,,34.152332,-118.103137,ALTADENA,27.98
2025-01-07 22:05:00,761091,210,E,FR,,,,,,,,34.160546,-118.158748,MOUNTAIN 2,24.16
2025-01-07 22:05:00,763878,210,E,FR,,,,,,,,34.152216,-118.156144,WALNUT,24.81
2025-01-07 22:05:00,763908,210,E,FR,22.0,8.0,14.0,,,,,34.152385,-118.0979,SIERRA MADRE BLVD,28.28
2025-01-07 22:05:00,768923,210,E,FR,,,,,,,,34.147544,-118.081868,SIERRA MADRE VILLA,29.28
2025-01-07 22:05:00,769269,210,E,FR,,,,,,,,34.15167,-118.137983,LAKE AVE OFF(LAKE 1),25.98
2025-01-07 22:05:00,769272,210,E,FR,,,,,,,,34.151855,-118.125787,HILL AVE OFF,26.68
2025-01-07 22:05:00,769789,210,E,FR,,,,,,,,34.189219,-118.180753,BERKSHIRE,21.58
2025-01-07 22:05:00,769833,210,E,FR,,,,,,,,34.206745,-118.201533,ANGELES CREST HWY SB,19.78
2025-01-07 22:05:00,769850,210,E,FR,12.0,12.0,,,,,,34.211728,-118.228265,OCEAN VIEW,18.18
2025-01-07 22:05:00,769882,210,E,FR,8.0,8.0,,,,,,34.221426,-118.245718,PENNSYLVANIA,16.98
2025-01-07 22:05:00,769897,210,E,FR,,,,,,,,34.230849,-118.265101,LOWELL / HONOLULU,15.68
2025-01-07 22:05:00,769898,210,E,FR,,,,,,,,34.230849,-118.265101,LOWELL / HONOLULU,15.68
2025-01-07 22:05:00,769986,210,E,FR,,,,,,,,34.202989,-118.191827,GOULD,20.4
2025-01-07 22:05:00,770118,210,E,FR,,,,,,,,34.234317,-118.286992,LA TUNA CANYON,14.39
2025-01-07 22:10:00,717616,210,E,FR,,,,,,,,34.179921,-118.167405,ARROYO,22.6
2025-01-07 22:10:00,717619,210,E,FR,,,,,,,,34.174756,-118.160407,LINCOLN 1,23.14
2025-01-07 22:10:00,717651,210,E,FR,11.0,11.0,,,,,,34.147621,-118.079037,SIERRA MADRE V2,29.44
2025-01-07 22:10:00,737480,210,E,FR,,,,,,,,34.152332,-118.103137,ALTADENA,27.98
2025-01-07 22:10:00,761091,210,E,FR,,,,,,,,34.160546,-118.158748,MOUNTAIN 2,24.16
2025-01-07 22:10:00,763878,210,E,FR,,,,,,,,34.152216,-118.156144,WALNUT,24.81
2025-01-07 22:10:00,763908,210,E,FR,9.0,2.0,7.0,,,,,34.152385,-118.0979,SIERRA MADRE BLVD,28.28
2025-01-07 22:10:00,768923,210,E,FR,,,,,,,,34.147544,-118.081868,SIERRA MADRE VILLA,29.28
2025-01-07 22:10:00,769269,210,E,FR,,,,,,,,34.15167,-118.137983,LAKE AVE OFF(LAKE 1),25.98
2025-01-07 22:10:00,769272,210,E,FR,,,,,,,,34.151855,-118.125787,HILL AVE OFF,26.68
2025-01-07 22:10:00,769789,210,E,FR,,,,,,,,34.189219,-118.180753,BERKSHIRE,21.58
2025-01-07 22:10:00,769833,210,E,FR,,,,,,,,34.206745,-118.201533,ANGELES CREST HWY SB,19.78
2025-01-07 22:10:00,769850,210,E,FR,9.0,9.0,,,,,,34.211728,-118.228265,OCEAN VIEW,18.18
2025-01-07 22:10:00,769882,210,E,FR,7.0,7.0,,,,,,34.221426,-118.245718,PENNSYLVANIA,16.98
2025-01-07 22:10:00,769897,210,E,FR,,,,,,,,34.230849,-118.265101,LOWELL / HONOLULU,15.68
2025-01-07 22:10:00,769898,210,E,FR,,,,,,,,34.230849,-118.265101,LOWELL / HONOLULU,15.68
2025-01-07 22:10:00,769986,210,E,FR,,,,,,,,34.202989,-118.191827,GOULD,20.4
2025-01-07 22:10:00,770118,210,E,FR,,,,,,,,34.234317,-118.286992,LA TUNA CANYON,14.39
2025-01-07 22:15:00,717616,210,E,FR,,,,,,,,34.179921,-118.167405,ARROYO,22.6
2025-01-07 22:15:00,717619,210,E,FR,,,,,,,,34.174756,-118.160407,LINCOLN 1,23.14
2025-01-07 22:15:00,717651,210,E,FR,0.0,0.0,,,,,,34.147621,-118.079037,SIERRA MADRE V2,29.44
2025-01-07 22:15:00,737480,210,E,FR,,,,,,,,34.152332,-118.103137,ALTADENA,27.98
2025-01-07 22:15:00,761091,210,E,FR,,,,,,,,34.160546,-118.158748,MOUNTAIN 2,24.16
2025-01-07 22:15:00,763878,210,E,FR,,,,,,,,34.152216,-118.156144,WALNUT,24.81
2025-01-07 22:15:00,763908,210,E,FR,2.0,1.0,1.0,,,,,34.152385,-118.0979,SIERRA MADRE BLVD,28.28
2025-01-07 22:15:00,768923,210,E,FR,,,,,,,,34.147544,-118.081868,SIERRA MADRE VILLA,29.28
2025-01-07 22:15:00,769269,210,E,FR,,,,,,,,34.15167,-118.137983,LAKE AVE OFF(LAKE 1),25.98
2025-01-07 22:15:00,769272,210,E,FR,,,,,,,,34.151855,-118.125787,HILL AVE OFF,26.68
2025-01-07 22:15:00,769789,210,E,FR,,,,,,,,34.189219,-118.180753,BERKSHIRE,21.58
2025-01-07 22:15:00,769833,210,E,FR,,,,,,,,34.206745,-118.201533,ANGELES CREST HWY SB,19.78
2025-01-07 22:15:00,769850,210,E,FR,3.0,3.0,,,,,,34.211728,-118.228265,OCEAN VIEW,18.18
2025-01-07 22:15:00,769882,210,E,FR,8.0,8.0,,,,,,34.221426,-118.245718,PENNSYLVANIA,16.98
2025-01-07 22:15:00,769897,210,E,FR,,,,,,,,34.230849,-118.265101,LOWELL / HONOLULU,15.68
2025-01-07 22:15:00,769898,210,E,FR,,,,,,,,34.230849,-118.265101,LOWELL / HONOLULU,15.68
2025-01-07 22:15:00,769986,210,E,FR,,,,,,,,34.202989,-118.191827,GOULD,20.4
2025-01-07 22:15:00,770118,210,E,FR,,,,,,,,34.234317,-118.286992,LA TUNA CANYON,14.39
2025-01-07 22:20:00,717616,210,E,FR,,,,,,,,34.179921,-118.167405,ARROYO,22.6
2025-01-07 22:20:00,717619,210,E,FR,,,,,,,,34.174756,-118.160407,LINCOLN 1,23.14
2025-01-07 22:20:00,717651,210,E,FR,7.0,7.0,,,,,,34.147621,-118.079037,SIERRA MADRE V2,29.44
2025-01-07 22:20:00,737480,210,E,FR,,,,,,,,34.152332,-118.103137,ALTADENA,27.98
2025-01-07 22:20:00,761091,210,E,FR,,,,,,,,34.160546,-118.158748,MOUNTAIN 2,24.16
2025-01-07 22:20:00,763878,210,E,FR,,,,,,,,34.152216,-118.156144,WALNUT,24.81
2025-01-07 22:20:00,763908,210,E,FR,13.0,3.0,10.0,,,,,34.152385,-118.0979,SIERRA MADRE BLVD,28.28
2025-01-07 22:20:00,768923,210,E,FR,,,,,,,,34.147544,-118.081868,SIERRA MADRE VILLA,29.28
2025-01-07 22:20:00,769269,210,E,FR,,,,,,,,34.15167,-118.137983,LAKE AVE OFF(LAKE 1),25.98
2025-01-07 22:20:00,769272,210,E,FR,,,,,,,,34.151855,-118.125787,HILL AVE OFF,26.68
2025-01-07 22:20:00,769789,210,E,FR,,,,,,,,34.189219,-118.180753,BERKSHIRE,21.58
2025-01-07 22:20:00,769833,210,E,FR,,,,,,,,34.206745,-118.201533,ANGELES CREST HWY SB,19.78
2025-01-07 22:20:00,769850,210,E,FR,3.0,3.0,,,,,,34.211728,-118.228265,OCEAN VIEW,18.18
2025-01-07 22:20:00,769882,210,E,FR,1.0,1.0,,,,,,34.221426,-118.245718,PENNSYLVANIA,16.98
2025-01-07 22:20:00,769897,210,E,FR,,,,,,,,34.230849,-118.265101,LOWELL / HONOLULU,15.68
2025-01-07 22:20:00,769898,210,E,FR,,,,,,,,34.230849,-118.265101,LOWELL / HONOLULU,15.68
2025-01-07 22:20:00,769986,210,E,FR,,,,,,,,34.202989,-118.191827,GOULD,20.4
2025-01-07 22:20:00,770118,210,E,FR,,,,,,,,34.234317,-118.286992,LA TUNA CANYON,14.39
2025-01-07 22:25:00,717616,210,E,FR,,,,,,,,34.179921,-118.167405,ARROYO,22.6
2025-01-07 22:25:00,717619,210,E,FR,,,,,,,,34.174756,-118.160407,LINCOLN 1,23.14
2025-01-07 22:25:00,717651,210,E,FR,9.0,9.0,,,,,,34.147621,-118.079037,SIERRA MADRE V2,29.44
2025-01-07 22:25:00,737480,210,E,FR,,,,,,,,34.152332,-118.103137,ALTADENA,27.98
2025-01-07 22:25:00,761091,210,E,FR,,,,,,,,34.160546,-118.158748,MOUNTAIN 2,24.16
2025-01-07 22:25:00,763878,210,E,FR,,,,,,,,34.152216,-118.156144,WALNUT,24.81
2025-01-07 22:25:00,763908,210,E,FR,15.0,7.0,8.0,,,,,34.152385,-118.0979,SIERRA MADRE BLVD,28.28
2025-01-07 22:25:00,768923,210,E,FR,,,,,,,,34.147544,-118.081868,SIERRA MADRE VILLA,29.28
2025-01-07 22:25:00,769269,210,E,FR,,,,,,,,34.15167,-118.137983,LAKE AVE OFF(LAKE 1),25.98
2025-01-07 22:25:00,769272,210,E,FR,,,,,,,,34.151855,-118.125787,HILL AVE OFF,26.68
2025-01-07 22:25:00,769789,210,E,FR,,,,,,,,34.189219,-118.180753,BERKSHIRE,21.58
2025-01-07 22:25:00,769833,210,E,FR,,,,,,,,34.206745,-118.201533,ANGELES CREST HWY SB,19.78
2025-01-07 22:25:00,769850,210,E,FR,0.0,0.0,,,,,,34.211728,-118.228265,OCEAN VIEW,18.18
2025-01-07 22:25:00,769882,210,E,FR,0.0,0.0,,,,,,34.221426,-118.245718,PENNSYLVANIA,16.98
2025-01-07 22:25:00,769897,210,E,FR,,,,,,,,34.230849,-118.265101,LOWELL / HONOLULU,15.68
2025-01-07 22:25:00,769898,210,E,FR,,,,,,,,34.230849,-118.265101,LOWELL / HONOLULU,15.68
2025-01-07 22:25:00,769986,210,E,FR,,,,,,,,34.202989,-118.191827,GOULD,20.4
2025-01-07 22:25:00,770118,210,E,FR,,,,,,,,34.234317,-118.286992,LA TUNA CANYON,14.39
2025-01-07 22:30:00,717616,210,E,FR,,,,,,,,34.179921,-118.167405,ARROYO,22.6
2025-01-07 22:30:00,717619,210,E,FR,,,,,,,,34.174756,-118.160407,LINCOLN 1,23.14
2025-01-07 22:30:00,717651,210,E,FR,7.0,7.0,,,,,,34.147621,-118.079037,SIERRA MADRE V2,29.44
2025-01-07 22:30:00,737480,210,E,FR,,,,,,,,34.152332,-118.103137,ALTADENA,27.98
2025-01-07 22:30:00,761091,210,E,FR,,,,,,,,34.160546,-118.158748,MOUNTAIN 2,24.16
2025-01-07 22:30:00,763878,210,E,FR,,,,,,,,34.152216,-118.156144,WALNUT,24.81
2025-01-07 22:30:00,763908,210,E,FR,13.0,3.0,10.0,,,,,34.152385,-118.0979,SIERRA MADRE BLVD,28.28
2025-01-07 22:30:00,768923,210,E,FR,,,,,,,,34.147544,-118.081868,SIERRA MADRE VILLA,29.28
2025-01-07 22:30:00,769269,210,E,FR,,,,,,,,34.15167,-118.137983,LAKE AVE OFF(LAKE 1),25.98
2025-01-07 22:30:00,769272,210,E,FR,,,,,,,,34.151855,-118.125787,HILL AVE OFF,26.68
2025-01-07 22:30:00,769789,210,E,FR,,,,,,,,34.189219,-118.180753,BERKSHIRE,21.58
2025-01-07 22:30:00,769833,210,E,FR,,,,,,,,34.206745,-118.201533,ANGELES CREST HWY SB,19.78
2025-01-07 22:30:00,769850,210,E,FR,0.0,0.0,,,,,,34.211728,-118.228265,OCEAN VIEW,18.18
2025-01-07 22:30:00,769882,210,E,FR,0.0,0.0,,,,,,34.221426,-118.245718,PENNSYLVANIA,16.98
2025-01-07 22:30:00,769897,210,E,FR,,,,,,,,34.230849,-118.265101,LOWELL / HONOLULU,15.68
2025-01-07 22:30:00,769898,210,E,FR,,,,,,,,34.230849,-118.265101,LOWELL / HONOLULU,15.68
2025-01-07 22:30:00,769986,210,E,FR,,,,,,,,34.202989,-118.191827,GOULD,20.4
2025-01-07 22:30:00,770118,210,E,FR,,,,,,,,34.234317,-118.286992,LA TUNA CANYON,14.39
2025-01-07 22:35:00,717616,210,E,FR,,,,,,,,34.179921,-118.167405,ARROYO,22.6
2025-01-07 22:35:00,717619,210,E,FR,,,,,,,,34.174756,-118.160407,LINCOLN 1,23.14
2025-01-07 22:35:00,717651,210,E,FR,11.0,11.0,,,,,,34.147621,-118.079037,SIERRA MADRE V2,29.44
2025-01-07 22:35:00,737480,210,E,FR,,,,,,,,34.152332,-118.103137,ALTADENA,27.98
2025-01-07 22:35:00,761091,210,E,FR,,,,,,,,34.160546,-118.158748,MOUNTAIN 2,24.16
2025-01-07 22:35:00,763878,210,E,FR,,,,,,,,34.152216,-118.156144,WALNUT,24.81
2025-01-07 22:35:00,763908,210,E,FR,12.0,4.0,8.0,,,,,34.152385,-118.0979,SIERRA MADRE BLVD,28.28
2025-01-07 22:35:00,768923,210,E,FR,,,,,,,,34.147544,-118.081868,SIERRA MADRE VILLA,29.28
2025-01-07 22:35:00,769269,210,E,FR,,,,,,,,34.15167,-118.137983,LAKE AVE OFF(LAKE 1),25.98
2025-01-07 22:35:00,769272,210,E,FR,,,,,,,,34.151855,-118.125787,HILL AVE OFF,26.68
2025-01-07 22:35:00,769789,210,E,FR,,,,,,,,34.189219,-118.180753,BERKSHIRE,21.58
2025-01-07 22:35:00,769833,210,E,FR,,,,,,,,34.206745,-118.201533,ANGELES CREST HWY SB,19.78
2025-01-07 22:35:00,769850,210,E,FR,0.0,0.0,,,,,,34.211728,-118.228265,OCEAN VIEW,18.18
2025-01-07 22:35:00,769882,210,E,FR,0.0,0.0,,,,,,34.221426,-118.245718,PENNSYLVANIA,16.98
2025-01-07 22:35:00,769897,210,E,FR,,,,,,,,34.230849,-118.265101,LOWELL / HONOLULU,15.68
2025-01-07 22:35:00,769898,210,E,FR,,,,,,,,34.230849,-118.265101,LOWELL / HONOLULU,15.68
2025-01-07 22:35:00,769986,210,E,FR,,,,,,,,34.202989,-118.191827,GOULD,20.4
2025-01-07 22:35:00,770118,210,E,FR,,,,,,,,34.234317,-118.286992,LA TUNA CANYON,14.39
2025-01-07 22:40:00,717616,210,E,FR,,,,,,,,34.179921,-118.167405,ARROYO,22.6
2025-01-07 22:40:00,717619,210,E,FR,,,,,,,,34.174756,-118.160407,LINCOLN 1,23.14
2025-01-07 22:40:00,717651,210,E,FR,5.0,5.0,,,,,,34.147621,-118.079037,SIERRA MADRE V2,29.44
2025-01-07 22:40:00,737480,210,E,FR,,,,,,,,34.152332,-118.103137,ALTADENA,27.98
2025-01-07 22:40:00,761091,210,E,FR,,,,,,,,34.160546,-118.158748,MOUNTAIN 2,24.16
2025-01-07 22:40:00,763878,210,E,FR,,,,,,,,34.152216,-118.156144,WALNUT,24.81
2025-01-07 22:40:00,763908,210,E,FR,8.0,1.0,7.0,,,,,34.152385,-118.0979,SIERRA MADRE BLVD,28.28
2025-01-07 22:40:00,768923,210,E,FR,,,,,,,,34.147544,-118.081868,SIERRA MADRE VILLA,29.28
2025-01-07 22:40:00,769269,210,E,FR,,,,,,,,34.15167,-118.137983,LAKE AVE OFF(LAKE 1),25.98
2025-01-07 22:40:00,769272,210,E,FR,,,,,,,,34.151855,-118.125787,HILL AVE OFF,26.68
2025-01-07 22:40:00,769789,210,E,FR,,,,,,,,34.189219,-118.180753,BERKSHIRE,21.58
2025-01-07 22:40:00,769833,210,E,FR,,,,,,,,34.206745,-118.201533,ANGELES CREST HWY SB,19.78
2025-01-07 22:40:00,769850,210,E,FR,0.0,0.0,,,,,,34.211728,-118.228265,OCEAN VIEW,18.18
2025-01-07 22:40:00,769882,210,E,FR,0.0,0.0,,,,,,34.221426,-118.245718,PENNSYLVANIA,16.98
2025-01-07 22:40:00,769897,210,E,FR,,,,,,,,34.230849,-118.265101,LOWELL / HONOLULU,15.68
2025-01-07 22:40:00,769898,210,E,FR,,,,,,,,34.230849,-118.265101,LOWELL / HONOLULU,15.68
2025-01-07 22:40:00,769986,210,E,FR,,,,,,,,34.202989,-118.191827,GOULD,20.4
2025-01-07 22:40:00,770118,210,E,FR,,,,,,,,34.234317,-118.286992,LA TUNA CANYON,14.39
2025-01-07 22:45:00,717616,210,E,FR,,,,,,,,34.179921,-118.167405,ARROYO,22.6
2025-01-07 22:45:00,717619,210,E,FR,,,,,,,,34.174756,-118.160407,LINCOLN 1,23.14
2025-01-07 22:45:00,717651,210,E,FR,6.0,6.0,,,,,,34.147621,-118.079037,SIERRA MADRE V2,29.44
2025-01-07 22:45:00,737480,210,E,FR,,,,,,,,34.152332,-118.103137,ALTADENA,27.98
2025-01-07 22:45:00,761091,210,E,FR,,,,,,,,34.160546,-118.158748,MOUNTAIN 2,24.16
2025-01-07 22:45:00,763878,210,E,FR,,,,,,,,34.152216,-118.156144,WALNUT,24.81
2025-01-07 22:45:00,763908,210,E,FR,15.0,5.0,10.0,,,,,34.152385,-118.0979,SIERRA MADRE BLVD,28.28
2025-01-07 22:45:00,768923,210,E,FR,,,,,,,,34.147544,-118.081868,SIERRA MADRE VILLA,29.28
2025-01-07 22:45:00,769269,210,E,FR,,,,,,,,34.15167,-118.137983,LAKE AVE OFF(LAKE 1),25.98
2025-01-07 22:45:00,769272,210,E,FR,,,,,,,,34.151855,-118.125787,HILL AVE OFF,26.68
2025-01-07 22:45:00,769789,210,E,FR,,,,,,,,34.189219,-118.180753,BERKSHIRE,21.58
2025-01-07 22:45:00,769833,210,E,FR,,,,,,,,34.206745,-118.201533,ANGELES CREST HWY SB,19.78
2025-01-07 22:45:00,769850,210,E,FR,0.0,0.0,,,,,,34.211728,-118.228265,OCEAN VIEW,18.18
2025-01-07 22:45:00,769882,210,E,FR,0.0,0.0,,,,,,34.221426,-118.245718,PENNSYLVANIA,16.98
2025-01-07 22:45:00,769897,210,E,FR,,,,,,,,34.230849,-118.265101,LOWELL / HONOLULU,15.68
2025-01-07 22:45:00,769898,210,E,FR,,,,,,,,34.230849,-118.265101,LOWELL / HONOLULU,15.68
2025-01-07 22:45:00,769986,210,E,FR,,,,,,,,34.202989,-118.191827,GOULD,20.4
2025-01-07 22:45:00,770118,210,E,FR,,,,,,,,34.234317,-118.286992,LA TUNA CANYON,14.39
2025-01-07 22:50:00,717616,210,E,FR,,,,,,,,34.179921,-118.167405,ARROYO,22.6
2025-01-07 22:50:00,717619,210,E,FR,,,,,,,,34.174756,-118.160407,LINCOLN 1,23.14
2025-01-07 22:50:00,717651,210,E,FR,4.0,4.0,,,,,,34.147621,-118.079037,SIERRA MADRE V2,29.44
2025-01-07 22:50:00,737480,210,E,FR,,,,,,,,34.152332,-118.103137,ALTADENA,27.98
2025-01-07 22:50:00,761091,210,E,FR,,,,,,,,34.160546,-118.158748,MOUNTAIN 2,24.16
2025-01-07 22:50:00,763878,210,E,FR,,,,,,,,34.152216,-118.156144,WALNUT,24.81
2025-01-07 22:50:00,763908,210,E,FR,4.0,0.0,4.0,,,,,34.152385,-118.0979,SIERRA MADRE BLVD,28.28
2025-01-07 22:50:00,768923,210,E,FR,,,,,,,,34.147544,-118.081868,SIERRA MADRE VILLA,29.28
2025-01-07 22:50:00,769269,210,E,FR,,,,,,,,34.15167,-118.137983,LAKE AVE OFF(LAKE 1),25.98
2025-01-07 22:50:00,769272,210,E,FR,,,,,,,,34.151855,-118.125787,HILL AVE OFF,26.68
2025-01-07 22:50:00,769789,210,E,FR,,,,,,,,34.189219,-118.180753,BERKSHIRE,21.58
2025-01-07 22:50:00,769833,210,E,FR,,,,,,,,34.206745,-118.201533,ANGELES CREST HWY SB,19.78
2025-01-07 22:50:00,769850,210,E,FR,0.0,0.0,,,,,,34.211728,-118.228265,OCEAN VIEW,18.18
2025-01-07 22:50:00,769882,210,E,FR,0.0,0.0,,,,,,34.221426,-118.245718,PENNSYLVANIA,16.98
2025-01-07 22:50:00,769897,210,E,FR,,,,,,,,34.230849,-118.265101,LOWELL / HONOLULU,15.68
2025-01-07 22:50:00,769898,210,E,FR,,,,,,,,34.230849,-118.265101,LOWELL / HONOLULU,15.68
2025-01-07 22:50:00,769986,210,E,FR,,,,,,,,34.202989,-118.191827,GOULD,20.4
2025-01-07 22:50:00,770118,210,E,FR,,,,,,,,34.234317,-118.286992,LA TUNA CANYON,14.39
2025-01-07 22:55:00,717616,210,E,FR,,,,,,,,34.179921,-118.167405,ARROYO,22.6
2025-01-07 22:55:00,717619,210,E,FR,,,,,,,,34.174756,-118.160407,LINCOLN 1,23.14
2025-01-07 22:55:00,717651,210,E,FR,1.0,1.0,,,,,,34.147621,-118.079037,SIERRA MADRE V2,29.44
2025-01-07 22:55:00,737480,210,E,FR,,,,,,,,34.152332,-118.103137,ALTADENA,27.98
2025-01-07 22:55:00,761091,210,E,FR,,,,,,,,34.160546,-118.158748,MOUNTAIN 2,24.16
2025-01-07 22:55:00,763878,210,E,FR,,,,,,,,34.152216,-118.156144,WALNUT,24.81
2025-01-07 22:55:00,763908,210,E,FR,29.0,15.0,14.0,,,,,34.152385,-118.0979,SIERRA MADRE BLVD,28.28
2025-01-07 22:55:00,768923,210,E,FR,,,,,,,,34.147544,-118.081868,SIERRA MADRE VILLA,29.28
2025-01-07 22:55:00,769269,210,E,FR,,,,,,,,34.15167,-118.137983,LAKE AVE OFF(LAKE 1),25.98
2025-01-07 22:55:00,769272,210,E,FR,,,,,,,,34.151855,-118.125787,HILL AVE OFF,26.68
2025-01-07 22:55:00,769789,210,E,FR,,,,,,,,34.189219,-118.180753,BERKSHIRE,21.58
2025-01-07 22:55:00,769833,210,E,FR,,,,,,,,34.206745,-118.201533,ANGELES CREST HWY SB,19.78
2025-01-07 22:55:00,769850,210,E,FR,0.0,0.0,,,,,,34.211728,-118.228265,OCEAN VIEW,18.18
2025-01-07 22:55:00,769882,210,E,FR,0.0,0.0,,,,,,34.221426,-118.245718,PENNSYLVANIA,16.98
2025-01-07 22:55:00,769897,210,E,FR,,,,,,,,34.230849,-118.265101,LOWELL / HONOLULU,15.68
2025-01-07 22:55:00,769898,210,E,FR,,,,,,,,34.230849,-118.265101,LOWELL / HONOLULU,15.68
2025-01-07 22:55:00,769986,210,E,FR,,,,,,,,34.202989,-118.191827,GOULD,20.4
2025-01-07 22:55:00,770118,210,E,FR,,,,,,,,34.234317,-118.286992,LA TUNA CANYON,14.39
2025-01-07 23:00:00,717616,210,E,FR,,,,,,,,34.179921,-118.167405,ARROYO,22.6
2025-01-07 23:00:00,717619,210,E,FR,,,,,,,,34.174756,-118.160407,LINCOLN 1,23.14
2025-01-07 23:00:00,717651,210,E,FR,4.0,4.0,,,,,,34.147621,-118.079037,SIERRA MADRE V2,29.44
2025-01-07 23:00:00,737480,210,E,FR,,,,,,,,34.152332,-118.103137,ALTADENA,27.98
2025-01-07 23:00:00,761091,210,E,FR,,,,,,,,34.160546,-118.158748,MOUNTAIN 2,24.16
2025-01-07 23:00:00,763878,210,E,FR,,,,,,,,34.152216,-118.156144,WALNUT,24.81
2025-01-07 23:00:00,763908,210,E,FR,8.0,2.0,6.0,,,,,34.152385,-118.0979,SIERRA MADRE BLVD,28.28
2025-01-07 23:00:00,768923,210,E,FR,,,,,,,,34.147544,-118.081868,SIERRA MADRE VILLA,29.28
2025-01-07 23:00:00,769269,210,E,FR,,,,,,,,34.15167,-118.137983,LAKE AVE OFF(LAKE 1),25.98
2025-01-07 23:00:00,769272,210,E,FR,,,,,,,,34.151855,-118.125787,HILL AVE OFF,26.68
2025-01-07 23:00:00,769789,210,E,FR,,,,,,,,34.189219,-118.180753,BERKSHIRE,21.58
2025-01-07 23:00:00,769833,210,E,FR,,,,,,,,34.206745,-118.201533,ANGELES CREST HWY SB,19.78
2025-01-07 23:00:00,769850,210,E,FR,0.0,0.0,,,,,,34.211728,-118.228265,OCEAN VIEW,18.18
2025-01-07 23:00:00,769882,210,E,FR,0.0,0.0,,,,,,34.221426,-118.245718,PENNSYLVANIA,16.98
2025-01-07 23:00:00,769897,210,E,FR,,,,,,,,34.230849,-118.265101,LOWELL / HONOLULU,15.68
2025-01-07 23:00:00,769898,210,E,FR,,,,,,,,34.230849,-118.265101,LOWELL / HONOLULU,15.68
2025-01-07 23:00:00,769986,210,E,FR,,,,,,,,34.202989,-118.191827,GOULD,20.4
2025-01-07 23:00:00,770118,210,E,FR,,,,,,,,34.234317,-118.286992,LA TUNA CANYON,14.39
