Timestamp,Station,Freeway,Direction,Lane Type,Total Flow (veh/5min),Avg Speed (mph),Lane1 Flow (veh/5min),Lane1 Avg Speed (mph),Lane2 Flow (veh/5min),Lane2 Avg Speed (mph),Lane3 Flow (veh/5min),Lane3 Avg Speed (mph),Lane4 Flow (veh/5min),Lane4 Avg Speed (mph),Lane5 Flow (veh/5min),Lane5 Avg Speed (mph),Lane6 Flow (veh/5min),Lane6 Avg Speed (mph),Latitude,Longitude,Location,Abs_PM
2025-01-07 06:00:00,717615,210,W,ML,219,62.0,54,67.1,61,63.9,54,59.4,50,56.9,,,,,34.182539,-118.171545,ARROYO 1,22.3
2025-01-07 06:00:00,717622,210,W,ML,206,66.6,50,74.1,49,72.2,49,64.1,58,57.6,,,,,34.176273,-118.161942,LINCOLN 1,23.0
2025-01-07 06:00:00,717624,210,W,ML,199,63.6,39,70.1,46,66.8,40,62.0,37,59.2,37,59.0,,,34.164368,-118.158093,MOUNTAIN 1,23.9
2025-01-07 06:00:00,717627,210,W,ML,66,68.1,30,70.0,36,66.5,,,,,,,,,34.15225,-118.154678,WALNUT,24.9
2025-01-07 06:00:00,717630,210,W,ML,106,64.9,22,70.4,32,66.8,29,63.4,23,59.1,,,,,34.152218,-118.14821,FAIR OAKS 1,25.4
2025-01-07 06:00:00,717632,210,W,HV,107,64.9,107,64.9,,,,,,,,,,,34.152218,-118.14821,FAIR OAKS 1,25.4
2025-01-07 06:00:00,717634,210,W,ML,457,61.7,103,67.7,103,64.4,90,60.1,84,57.4,77,56.9,,,34.15195,-118.13555,LAKE 1,26.12
2025-01-07 06:00:00,717637,210,W,ML,550,64.5,143,68.6,119,67.4,94,66.0,83,59.2,111,58.7,,,34.152357,-118.123714,HILL,26.8
2025-01-07 06:00:00,717642,210,W,ML,528,63.8,148,68.3,128,67.8,84,63.7,80,54.0,88,59.5,,,34.1527,-118.102255,ALTADENA,28.03
2025-01-07 06:00:00,717643,210,W,HV,96,57.6,96,57.6,,,,,,,,,,,34.1527,-118.102255,ALTADENA,28.03
2025-01-07 06:00:00,717644,210,W,ML,560,67.1,162,69.3,137,68.5,99,69.3,89,64.3,73,60.2,,,34.152727,-118.098063,SAN GABRIEL,28.27
2025-01-07 06:00:00,717645,210,W,HV,91,58.5,91,58.5,,,,,,,,,,,34.152727,-118.098063,SAN GABRIEL,28.27
2025-01-07 06:00:00,717649,210,W,ML,511,66.5,155,69.2,135,68.8,80,63.6,81,62.7,60,63.6,,,34.148074,-118.08377,SIERRA MADRE V1,29.17
2025-01-07 06:00:00,717653,210,W,ML,338,64.2,91,66.6,87,64.8,69,64.1,57,62.1,34,60.1,,,34.148737,-118.071321,ROSEMEAD 1,29.879
2025-01-07 06:00:00,761318,210,W,HV,107,64.9,107,64.9,,,,,,,,,,,34.15195,-118.13555,LAKE 1,26.12
2025-01-07 06:00:00,761322,210,W,HV,95,58.5,95,58.5,,,,,,,,,,,34.152357,-118.123714,HILL,26.8
2025-01-07 06:00:00,761325,210,W,HV,102,58.6,102,58.6,,,,,,,,,,,34.148074,-118.08377,SIERRA MADRE V1,29.17
2025-01-07 06:00:00,761431,210,W,HV,107,64.9,107,64.9,,,,,,,,,,,34.148737,-118.071321,ROSEMEAD 1,29.879
2025-01-07 06:00:00,764135,210,W,HV,107,64.9,107,64.9,,,,,,,,,,,34.152092,-118.143249,MARENGO,25.68
2025-01-07 06:00:00,764137,210,W,ML,472,68.9,80,74.7,93,72.3,81,70.3,83,67.6,76,63.0,59,63.0,34.152092,-118.143249,MARENGO,25.68
2025-01-07 06:00:00,769807,210,W,ML,178,64.0,33,73.7,46,68.2,51,60.2,48,57.4,,,,,34.197068,-118.184827,FOOTHILL,20.98
2025-01-07 06:00:00,769867,210,W,ML,145,67.1,36,72.5,47,67.8,31,63.5,31,63.2,,,,,34.218652,-118.239558,LA CRESCENTA,17.38
2025-01-07 06:00:00,769911,210,W,ML,166,64.7,36,74.3,42,65.3,30,60.0,28,63.9,30,57.6,,,34.224897,-118.251344,PENNSYLVANIA,16.58
2025-01-07 06:00:00,769926,210,W,ML,228,61.0,42,67.4,47,64.1,39,59.7,34,57.2,33,57.3,33,57.7,34.214462,-118.232443,OCEAN VIEW,17.88
2025-01-07 06:00:00,769941,210,W,ML,189,66.1,40,74.9,76,69.3,33,59.0,40,57.3,,,,,34.207101,-118.204943,ANGELES CREST HWY SB,19.58
2025-01-07 06:00:00,769953,210,W,ML,148,67.5,31,75.8,55,71.7,34,59.6,28,59.7,,,,,34.206998,-118.201441,ANGELES CREST HWY NB,19.78
2025-01-07 06:00:00,769965,210,W,ML,102,64.1,37,73.5,4,70.7,33,66.1,28,48.5,,,,,34.232554,-118.271772,HONOLULU,15.28
2025-01-07 06:00:00,769983,210,W,ML,200,59.4,54,58.3,59,61.9,45,59.7,42,57.1,,,,,34.203186,-118.191671,GOULD,20.4
2025-01-07 06:00:00,770000,210,W,ML,210,62.5,52,67.7,58,64.4,52,60.0,48,57.4,,,,,34.19198,-118.181214,BERKSHIRE,21.39
2025-01-07 06:00:00,770129,210,W,ML,149,65.8,39,72.0,54,67.7,35,62.5,21,55.2,,,,,34.234984,-118.290562,LA TUNA CANYON NB,14.18
2025-01-07 06:00:00,770141,210,W,ML,92,62.2,22,67.8,35,65.4,9,66.1,26,51.7,,,,,34.234987,-118.294031,LA TUNA CANYON SB,13.98
2025-01-07 06:00:00,770386,210,W,ML,192,60.1,50,65.0,55,61.8,47,57.4,40,54.9,,,,,34.207155,-118.2137,EB/NB 2 TO EB 210 CN,19.08
2025-01-07 06:00:00,770401,210,W,ML,426,66.4,89,72.0,129,68.3,114,64.9,94,60.4,,,,,34.211095,-118.225948,EB/NB 2 TO WB 210 CN,18.32
2025-01-07 06:00:00,770568,210,W,ML,176,69.4,25,74.7,39,71.6,65,63.5,47,72.8,,,,,34.165953,-118.157943,HAMMOND ST.,23.79
2025-01-07 06:00:00,770579,210,W,ML,74,66.7,13,74.7,11,71.1,27,67.7,23,58.8,,,,,34.156597,-118.157944,WINONA WAY,24.442
2025-01-07 06:05:00,717615,210,W,ML,197,58.2,49,63.0,55,60.0,48,55.7,45,53.6,,,,,34.182539,-118.171545,ARROYO 1,22.3
2025-01-07 06:05:00,717622,210,W,ML,152,59.3,10,74.6,34,71.7,49,59.2,59,49.7,,,,,34.176273,-118.161942,LINCOLN 1,23.0
2025-01-07 06:05:00,717624,210,W,ML,204,63.2,38,69.7,46,66.4,42,61.8,39,59.1,39,58.6,,,34.164368,-118.158093,MOUNTAIN 1,23.9
2025-01-07 06:05:00,717627,210,W,ML,73,68.0,34,69.8,39,66.4,,,,,,,,,34.15225,-118.154678,WALNUT,24.9
2025-01-07 06:05:00,717630,210,W,ML,109,64.8,23,70.2,33,66.7,29,63.3,24,59.0,,,,,34.152218,-118.14821,FAIR OAKS 1,25.4
2025-01-07 06:05:00,717632,210,W,HV,110,64.8,110,64.8,,,,,,,,,,,34.152218,-118.14821,FAIR OAKS 1,25.4
2025-01-07 06:05:00,717634,210,W,ML,425,59.6,95,65.4,97,62.2,85,57.9,78,55.4,70,55.0,,,34.15195,-118.13555,LAKE 1,26.12
2025-01-07 06:05:00,717637,210,W,ML,529,63.2,146,69.5,129,68.0,88,61.4,83,58.5,83,51.0,,,34.152357,-118.123714,HILL,26.8
2025-01-07 06:05:00,717642,210,W,ML,540,61.7,153,68.2,126,67.2,87,61.2,90,52.7,84,52.0,,,34.1527,-118.102255,ALTADENA,28.03
2025-01-07 06:05:00,717643,210,W,HV,105,56.5,105,56.5,,,,,,,,,,,34.1527,-118.102255,ALTADENA,28.03
2025-01-07 06:05:00,717644,210,W,ML,566,64.3,172,68.3,136,66.7,111,67.7,86,57.3,61,51.8,,,34.152727,-118.098063,SAN GABRIEL,28.27
2025-01-07 06:05:00,717645,210,W,HV,108,56.4,108,56.4,,,,,,,,,,,34.152727,-118.098063,SAN GABRIEL,28.27
2025-01-07 06:05:00,717649,210,W,ML,558,65.1,170,68.8,149,67.8,87,59.5,84,60.8,68,62.4,,,34.148074,-118.08377,SIERRA MADRE V1,29.17
2025-01-07 06:05:00,717653,210,W,ML,369,63.2,99,65.4,95,63.7,75,63.1,62,61.4,38,59.6,,,34.148737,-118.071321,ROSEMEAD 1,29.879
2025-01-07 06:05:00,761318,210,W,HV,110,64.8,110,64.8,,,,,,,,,,,34.15195,-118.13555,LAKE 1,26.12
2025-01-07 06:05:00,761322,210,W,HV,88,57.3,88,57.3,,,,,,,,,,,34.152357,-118.123714,HILL,26.8
2025-01-07 06:05:00,761325,210,W,HV,110,57.6,110,57.6,,,,,,,,,,,34.148074,-118.08377,SIERRA MADRE V1,29.17
2025-01-07 06:05:00,761431,210,W,HV,110,64.8,110,64.8,,,,,,,,,,,34.148737,-118.071321,ROSEMEAD 1,29.879
2025-01-07 06:05:00,764135,210,W,HV,110,64.8,110,64.8,,,,,,,,,,,34.152092,-118.143249,MARENGO,25.68
2025-01-07 06:05:00,764137,210,W,ML,496,67.6,84,73.3,98,70.9,85,69.0,87,66.3,80,61.8,62,61.8,34.152092,-118.143249,MARENGO,25.68
2025-01-07 06:05:00,769807,210,W,ML,232,64.8,42,74.5,66,68.9,64,60.7,60,57.9,,,,,34.197068,-118.184827,FOOTHILL,20.98
2025-01-07 06:05:00,769867,210,W,ML,139,65.2,43,71.9,42,68.5,25,58.6,29,56.4,,,,,34.218652,-118.239558,LA CRESCENTA,17.38
2025-01-07 06:05:00,769911,210,W,ML,149,62.8,36,74.1,37,61.1,22,64.1,27,56.7,27,54.8,,,34.224897,-118.251344,PENNSYLVANIA,16.58
2025-01-07 06:05:00,769926,210,W,ML,218,58.3,40,64.3,45,61.1,38,56.9,32,54.5,31,54.5,32,56.0,34.214462,-118.232443,OCEAN VIEW,17.88
2025-01-07 06:05:00,769941,210,W,ML,171,62.6,47,73.4,57,68.7,31,48.6,36,50.8,,,,,34.207101,-118.204943,ANGELES CREST HWY SB,19.58
2025-01-07 06:05:00,769953,210,W,ML,170,64.8,52,74.0,52,72.2,40,52.6,26,50.3,,,,,34.206998,-118.201441,ANGELES CREST HWY NB,19.78
2025-01-07 06:05:00,769965,210,W,ML,90,64.0,37,73.7,4,71.0,28,66.2,21,42.6,,,,,34.232554,-118.271772,HONOLULU,15.28
2025-01-07 06:05:00,769983,210,W,ML,211,56.6,55,55.5,61,59.6,49,56.3,46,54.1,,,,,34.203186,-118.191671,GOULD,20.4
2025-01-07 06:05:00,770000,210,W,ML,267,63.1,69,68.2,73,64.9,65,60.4,60,57.8,,,,,34.19198,-118.181214,BERKSHIRE,21.39
2025-01-07 06:05:00,770129,210,W,ML,119,65.9,39,72.5,40,69.0,22,62.2,18,49.0,,,,,34.234984,-118.290562,LA TUNA CANYON NB,14.18
2025-01-07 06:05:00,770141,210,W,ML,62,61.4,12,69.1,26,66.3,6,66.0,18,47.6,,,,,34.234987,-118.294031,LA TUNA CANYON SB,13.98
2025-01-07 06:05:00,770386,210,W,ML,177,55.0,46,59.7,51,56.6,43,52.2,37,50.3,,,,,34.207155,-118.2137,EB/NB 2 TO EB 210 CN,19.08
2025-01-07 06:05:00,770401,210,W,ML,440,65.0,92,70.5,133,66.9,118,63.5,97,59.2,,,,,34.211095,-118.225948,EB/NB 2 TO WB 210 CN,18.32
2025-01-07 06:05:00,770568,210,W,ML,162,62.3,28,74.7,32,70.9,58,51.1,44,63.1,,,,,34.165953,-118.157943,HAMMOND ST.,23.79
2025-01-07 06:05:00,770579,210,W,ML,73,67.6,9,74.8,27,70.9,14,67.7,23,60.7,,,,,34.156597,-118.157944,WINONA WAY,24.442
2025-01-07 06:10:00,717615,210,W,ML,189,63.3,49,68.3,54,65.1,46,60.5,40,57.9,,,,,34.182539,-118.171545,ARROYO 1,22.3
2025-01-07 06:10:00,717622,210,W,ML,141,61.1,23,74.9,29,70.9,50,65.6,39,39.8,,,,,34.176273,-118.161942,LINCOLN 1,23.0
2025-01-07 06:10:00,717624,210,W,ML,168,62.4,31,68.9,38,65.6,34,61.1,32,58.4,33,57.7,,,34.164368,-118.158093,MOUNTAIN 1,23.9
2025-01-07 06:10:00,717627,210,W,ML,47,67.4,18,69.5,29,66.1,,,,,,,,,34.15225,-118.154678,WALNUT,24.9
2025-01-07 06:10:00,717630,210,W,ML,112,64.6,23,70.0,34,66.5,30,63.1,25,58.8,,,,,34.152218,-118.14821,FAIR OAKS 1,25.4
2025-01-07 06:10:00,717632,210,W,HV,112,64.6,112,64.6,,,,,,,,,,,34.152218,-118.14821,FAIR OAKS 1,25.4
2025-01-07 06:10:00,717634,210,W,ML,458,57.8,102,63.5,103,60.4,91,56.0,85,53.8,77,53.4,,,34.15195,-118.13555,LAKE 1,26.12
2025-01-07 06:10:00,717637,210,W,ML,570,61.7,157,68.3,137,67.2,97,61.5,83,53.8,96,49.8,,,34.152357,-118.123714,HILL,26.8
2025-01-07 06:10:00,717642,210,W,ML,563,59.9,163,66.4,139,65.1,87,58.8,88,51.5,86,49.1,,,34.1527,-118.102255,ALTADENA,28.03
2025-01-07 06:10:00,717643,210,W,HV,87,56.2,87,56.2,,,,,,,,,,,34.1527,-118.102255,ALTADENA,28.03
2025-01-07 06:10:00,717644,210,W,ML,592,62.1,173,66.2,149,65.1,109,65.0,95,55.3,66,49.4,,,34.152727,-118.098063,SAN GABRIEL,28.27
2025-01-07 06:10:00,717645,210,W,HV,95,55.6,95,55.6,,,,,,,,,,,34.152727,-118.098063,SAN GABRIEL,28.27
2025-01-07 06:10:00,717649,210,W,ML,540,63.7,162,66.8,147,65.8,85,60.1,87,59.7,59,61.5,,,34.148074,-118.08377,SIERRA MADRE V1,29.17
2025-01-07 06:10:00,717653,210,W,ML,360,62.5,96,64.5,93,62.8,73,62.3,61,60.8,37,59.2,,,34.148737,-118.071321,ROSEMEAD 1,29.879
2025-01-07 06:10:00,761318,210,W,HV,112,64.6,112,64.6,,,,,,,,,,,34.15195,-118.13555,LAKE 1,26.12
2025-01-07 06:10:00,761322,210,W,HV,106,56.0,106,56.0,,,,,,,,,,,34.152357,-118.123714,HILL,26.8
2025-01-07 06:10:00,761325,210,W,HV,107,56.6,107,56.6,,,,,,,,,,,34.148074,-118.08377,SIERRA MADRE V1,29.17
2025-01-07 06:10:00,761431,210,W,HV,112,64.6,112,64.6,,,,,,,,,,,34.148737,-118.071321,ROSEMEAD 1,29.879
2025-01-07 06:10:00,764135,210,W,HV,112,64.6,112,64.6,,,,,,,,,,,34.152092,-118.143249,MARENGO,25.68
2025-01-07 06:10:00,764137,210,W,ML,523,66.8,89,72.4,103,70.1,90,68.2,92,65.5,84,61.1,65,61.1,34.152092,-118.143249,MARENGO,25.68
2025-01-07 06:10:00,769807,210,W,ML,158,63.0,19,74.8,43,67.8,49,59.9,47,57.2,,,,,34.197068,-118.184827,FOOTHILL,20.98
2025-01-07 06:10:00,769867,210,W,ML,131,64.2,25,73.2,49,67.0,31,57.0,26,59.0,,,,,34.218652,-118.239558,LA CRESCENTA,17.38
2025-01-07 06:10:00,769911,210,W,ML,154,63.2,33,74.3,43,62.0,20,66.7,29,57.5,29,55.6,,,34.224897,-118.251344,PENNSYLVANIA,16.58
2025-01-07 06:10:00,769926,210,W,ML,207,60.0,37,66.4,42,63.2,35,59.0,33,56.3,30,56.0,30,57.2,34.214462,-118.232443,OCEAN VIEW,17.88
2025-01-07 06:10:00,769941,210,W,ML,150,62.1,21,74.2,55,63.8,36,61.7,38,53.2,,,,,34.207101,-118.204943,ANGELES CREST HWY SB,19.58
2025-01-07 06:10:00,769953,210,W,ML,152,61.3,19,74.6,60,67.4,31,52.6,42,53.0,,,,,34.206998,-118.201441,ANGELES CREST HWY NB,19.78
2025-01-07 06:10:00,769965,210,W,ML,107,63.2,39,72.9,4,71.0,37,62.0,27,49.5,,,,,34.232554,-118.271772,HONOLULU,15.28
2025-01-07 06:10:00,769983,210,W,ML,209,55.6,55,52.5,60,58.3,49,56.9,45,54.6,,,,,34.203186,-118.191671,GOULD,20.4
2025-01-07 06:10:00,770000,210,W,ML,202,62.2,49,67.4,56,64.1,50,59.7,47,57.2,,,,,34.19198,-118.181214,BERKSHIRE,21.39
2025-01-07 06:10:00,770129,210,W,ML,152,65.1,38,72.6,53,69.1,29,61.5,32,52.6,,,,,34.234984,-118.290562,LA TUNA CANYON NB,14.18
2025-01-07 06:10:00,770141,210,W,ML,123,62.7,34,69.2,45,66.4,12,66.2,32,49.5,,,,,34.234987,-118.294031,LA TUNA CANYON SB,13.98
2025-01-07 06:10:00,770386,210,W,ML,185,59.5,48,64.2,53,61.1,45,56.9,39,54.6,,,,,34.207155,-118.2137,EB/NB 2 TO EB 210 CN,19.08
2025-01-07 06:10:00,770401,210,W,ML,455,64.2,95,69.6,138,66.1,122,62.7,100,58.4,,,,,34.211095,-118.225948,EB/NB 2 TO WB 210 CN,18.32
2025-01-07 06:10:00,770568,210,W,ML,164,63.1,27,74.5,28,70.6,72,59.2,37,56.8,,,,,34.165953,-118.157943,HAMMOND ST.,23.79
2025-01-07 06:10:00,770579,210,W,ML,47,67.7,12,74.5,7,70.9,13,67.1,15,61.4,,,,,34.156597,-118.157944,WINONA WAY,24.442
2025-01-07 06:15:00,717615,210,W,ML,206,62.8,54,67.9,58,64.6,50,60.0,44,57.4,,,,,34.182539,-118.171545,ARROYO 1,22.3
2025-01-07 06:15:00,717622,210,W,ML,177,62.6,35,70.9,53,68.3,45,70.2,44,41.3,,,,,34.176273,-118.161942,LINCOLN 1,23.0
2025-01-07 06:15:00,717624,210,W,ML,212,63.1,43,69.3,49,66.0,43,61.5,39,58.7,38,58.4,,,34.164368,-118.158093,MOUNTAIN 1,23.9
2025-01-07 06:15:00,717627,210,W,ML,69,67.6,30,69.5,39,66.1,,,,,,,,,34.15225,-118.154678,WALNUT,24.9
2025-01-07 06:15:00,717630,210,W,ML,113,64.5,24,69.9,34,66.4,30,63.0,25,58.7,,,,,34.152218,-118.14821,FAIR OAKS 1,25.4
2025-01-07 06:15:00,717632,210,W,HV,113,64.5,113,64.5,,,,,,,,,,,34.152218,-118.14821,FAIR OAKS 1,25.4
2025-01-07 06:15:00,717634,210,W,ML,475,56.2,108,61.7,107,58.6,93,54.3,87,52.3,80,52.0,,,34.15195,-118.13555,LAKE 1,26.12
2025-01-07 06:15:00,717637,210,W,ML,564,60.2,148,68.2,121,65.5,102,57.2,83,53.6,110,51.2,,,34.152357,-118.123714,HILL,26.8
2025-01-07 06:15:00,717642,210,W,ML,576,58.8,158,64.2,137,63.5,93,58.4,80,49.8,108,52.0,,,34.1527,-118.102255,ALTADENA,28.03
2025-01-07 06:15:00,717643,210,W,HV,96,55.3,96,55.3,,,,,,,,,,,34.1527,-118.102255,ALTADENA,28.03
2025-01-07 06:15:00,717644,210,W,ML,597,59.9,174,64.3,157,62.6,96,60.7,95,53.3,75,51.2,,,34.152727,-118.098063,SAN GABRIEL,28.27
2025-01-07 06:15:00,717645,210,W,HV,102,54.0,102,54.0,,,,,,,,,,,34.152727,-118.098063,SAN GABRIEL,28.27
2025-01-07 06:15:00,717649,210,W,ML,550,62.4,155,66.1,148,64.5,89,54.6,82,58.8,76,63.8,,,34.148074,-118.08377,SIERRA MADRE V1,29.17
2025-01-07 06:15:00,717653,210,W,ML,392,61.8,105,63.6,101,62.0,79,61.6,66,60.3,41,58.8,,,34.148737,-118.071321,ROSEMEAD 1,29.879
2025-01-07 06:15:00,761318,210,W,HV,113,64.5,113,64.5,,,,,,,,,,,34.15195,-118.13555,LAKE 1,26.12
2025-01-07 06:15:00,761322,210,W,HV,86,56.3,86,56.3,,,,,,,,,,,34.152357,-118.123714,HILL,26.8
2025-01-07 06:15:00,761325,210,W,HV,127,55.2,127,55.2,,,,,,,,,,,34.148074,-118.08377,SIERRA MADRE V1,29.17
2025-01-07 06:15:00,761431,210,W,HV,113,64.5,113,64.5,,,,,,,,,,,34.148737,-118.071321,ROSEMEAD 1,29.879
2025-01-07 06:15:00,764135,210,W,HV,113,64.5,113,64.5,,,,,,,,,,,34.152092,-118.143249,MARENGO,25.68
2025-01-07 06:15:00,764137,210,W,ML,548,66.5,93,72.1,108,69.8,94,67.9,97,65.2,88,60.8,68,60.8,34.152092,-118.143249,MARENGO,25.68
2025-01-07 06:15:00,769807,210,W,ML,174,64.1,22,74.3,49,69.2,53,60.9,50,58.1,,,,,34.197068,-118.184827,FOOTHILL,20.98
2025-01-07 06:15:00,769867,210,W,ML,94,66.2,14,73.8,30,69.2,21,64.1,29,61.1,,,,,34.218652,-118.239558,LA CRESCENTA,17.38
2025-01-07 06:15:00,769911,210,W,ML,168,64.0,33,74.1,44,63.9,32,68.6,30,55.3,29,56.6,,,34.224897,-118.251344,PENNSYLVANIA,16.58
2025-01-07 06:15:00,769926,210,W,ML,216,61.5,38,68.1,45,64.8,38,60.6,32,57.8,31,57.2,32,58.2,34.214462,-118.232443,OCEAN VIEW,17.88
2025-01-07 06:15:00,769941,210,W,ML,137,61.5,33,73.6,38,66.7,27,52.1,39,52.7,,,,,34.207101,-118.204943,ANGELES CREST HWY SB,19.58
2025-01-07 06:15:00,769953,210,W,ML,145,60.8,35,74.0,41,69.7,33,45.4,36,52.1,,,,,34.206998,-118.201441,ANGELES CREST HWY NB,19.78
2025-01-07 06:15:00,769965,210,W,ML,99,61.6,34,73.7,3,70.8,38,60.1,24,45.6,,,,,34.232554,-118.271772,HONOLULU,15.28
2025-01-07 06:15:00,769983,210,W,ML,183,54.8,46,50.7,49,56.5,46,57.1,42,54.8,,,,,34.203186,-118.191671,GOULD,20.4
2025-01-07 06:15:00,770000,210,W,ML,219,63.2,54,68.5,61,65.1,54,60.6,50,58.0,,,,,34.19198,-118.181214,BERKSHIRE,21.39
2025-01-07 06:15:00,770129,210,W,ML,150,65.7,38,72.8,55,67.1,36,63.7,21,52.8,,,,,34.234984,-118.290562,LA TUNA CANYON NB,14.18
2025-01-07 06:15:00,770141,210,W,ML,96,61.3,23,67.2,36,65.0,10,66.0,27,49.7,,,,,34.234987,-118.294031,LA TUNA CANYON SB,13.98
2025-01-07 06:15:00,770386,210,W,ML,184,56.4,45,61.2,53,58.1,46,53.7,40,51.6,,,,,34.207155,-118.2137,EB/NB 2 TO EB 210 CN,19.08
2025-01-07 06:15:00,770401,210,W,ML,462,63.8,97,69.2,140,65.7,124,62.3,101,58.1,,,,,34.211095,-118.225948,EB/NB 2 TO WB 210 CN,18.32
2025-01-07 06:15:00,770568,210,W,ML,165,66.1,35,73.5,34,70.8,62,66.4,34,53.0,,,,,34.165953,-118.157943,HAMMOND ST.,23.79
2025-01-07 06:15:00,770579,210,W,ML,99,65.7,7,74.5,21,71.1,13,67.1,58,62.3,,,,,34.156597,-118.157944,WINONA WAY,24.442
2025-01-07 06:20:00,717615,210,W,ML,198,62.9,48,68.2,55,64.9,49,60.3,46,57.7,,,,,34.182539,-118.171545,ARROYO 1,22.3
2025-01-07 06:20:00,717622,210,W,ML,155,61.3,15,72.4,41,68.7,46,68.8,53,46.0,,,,,34.176273,-118.161942,LINCOLN 1,23.0
2025-01-07 06:20:00,717624,210,W,ML,219,63.0,46,69.2,52,65.9,45,61.3,39,58.6,37,57.9,,,34.164368,-118.158093,MOUNTAIN 1,23.9
2025-01-07 06:20:00,717627,210,W,ML,64,67.5,29,69.3,35,66.0,,,,,,,,,34.15225,-118.154678,WALNUT,24.9
2025-01-07 06:20:00,717630,210,W,ML,115,64.4,24,69.8,35,66.3,31,62.9,25,58.6,,,,,34.152218,-118.14821,FAIR OAKS 1,25.4
2025-01-07 06:20:00,717632,210,W,HV,114,64.4,114,64.4,,,,,,,,,,,34.152218,-118.14821,FAIR OAKS 1,25.4
2025-01-07 06:20:00,717634,210,W,ML,515,55.3,118,60.6,116,57.6,101,53.6,94,51.5,86,51.3,,,34.15195,-118.13555,LAKE 1,26.12
2025-01-07 06:20:00,717637,210,W,ML,623,58.4,160,65.5,137,64.5,109,55.3,94,50.6,123,51.3,,,34.152357,-118.123714,HILL,26.8
2025-01-07 06:20:00,717642,210,W,ML,549,57.9,145,63.2,140,62.2,88,57.1,80,48.4,96,52.5,,,34.1527,-118.102255,ALTADENA,28.03
2025-01-07 06:20:00,717643,210,W,HV,109,54.6,109,54.6,,,,,,,,,,,34.1527,-118.102255,ALTADENA,28.03
2025-01-07 06:20:00,717644,210,W,ML,570,58.9,165,63.8,143,62.5,99,58.5,87,50.6,76,51.3,,,34.152727,-118.098063,SAN GABRIEL,28.27
2025-01-07 06:20:00,717645,210,W,HV,110,53.4,110,53.4,,,,,,,,,,,34.152727,-118.098063,SAN GABRIEL,28.27
2025-01-07 06:20:00,717649,210,W,ML,548,61.8,170,65.8,141,63.5,83,51.1,81,58.5,73,65.1,,,34.148074,-118.08377,SIERRA MADRE V1,29.17
2025-01-07 06:20:00,717653,210,W,ML,377,61.1,101,62.8,97,61.3,76,61.0,64,59.9,39,58.5,,,34.148737,-118.071321,ROSEMEAD 1,29.879
2025-01-07 06:20:00,761318,210,W,HV,114,64.4,114,64.4,,,,,,,,,,,34.15195,-118.13555,LAKE 1,26.12
2025-01-07 06:20:00,761322,210,W,HV,117,56.4,117,56.4,,,,,,,,,,,34.152357,-118.123714,HILL,26.8
2025-01-07 06:20:00,761325,210,W,HV,124,54.9,124,54.9,,,,,,,,,,,34.148074,-118.08377,SIERRA MADRE V1,29.17
2025-01-07 06:20:00,761431,210,W,HV,114,64.4,114,64.4,,,,,,,,,,,34.148737,-118.071321,ROSEMEAD 1,29.879
2025-01-07 06:20:00,764135,210,W,HV,114,64.4,114,64.4,,,,,,,,,,,34.152092,-118.143249,MARENGO,25.68
2025-01-07 06:20:00,764137,210,W,ML,559,66.2,95,71.8,110,69.4,96,67.6,98,64.9,90,60.5,70,60.5,34.152092,-118.143249,MARENGO,25.68
2025-01-07 06:20:00,769807,210,W,ML,192,64.8,36,74.9,51,68.9,54,60.7,51,57.9,,,,,34.197068,-118.184827,FOOTHILL,20.98
2025-01-07 06:20:00,769867,210,W,ML,134,66.7,33,73.2,49,68.1,26,61.9,26,60.6,,,,,34.218652,-118.239558,LA CRESCENTA,17.38
2025-01-07 06:20:00,769911,210,W,ML,171,63.3,44,72.5,41,62.1,32,66.9,26,53.5,28,55.8,,,34.224897,-118.251344,PENNSYLVANIA,16.58
2025-01-07 06:20:00,769926,210,W,ML,203,61.1,37,67.6,42,64.3,35,59.9,30,57.3,29,56.9,30,57.8,34.214462,-118.232443,OCEAN VIEW,17.88
2025-01-07 06:20:00,769941,210,W,ML,183,64.6,45,74.0,57,66.9,41,60.3,40,55.0,,,,,34.207101,-118.204943,ANGELES CREST HWY SB,19.58
2025-01-07 06:20:00,769953,210,W,ML,171,68.6,54,74.6,51,70.1,43,69.7,23,48.8,,,,,34.206998,-118.201441,ANGELES CREST HWY NB,19.78
2025-01-07 06:20:00,769965,210,W,ML,109,61.4,43,72.3,6,71.2,35,57.9,25,45.3,,,,,34.232554,-118.271772,HONOLULU,15.28
2025-01-07 06:20:00,769983,210,W,ML,214,61.7,56,61.8,62,65.0,50,60.8,46,58.2,,,,,34.203186,-118.191671,GOULD,20.4
2025-01-07 06:20:00,770000,210,W,ML,224,63.0,56,68.2,62,64.9,55,60.4,51,57.8,,,,,34.19198,-118.181214,BERKSHIRE,21.39
2025-01-07 06:20:00,770129,210,W,ML,157,64.5,47,72.2,47,67.6,36,59.2,27,52.7,,,,,34.234984,-118.290562,LA TUNA CANYON NB,14.18
2025-01-07 06:20:00,770141,210,W,ML,101,61.8,26,67.7,38,65.3,10,66.1,27,49.6,,,,,34.234987,-118.294031,LA TUNA CANYON SB,13.98
2025-01-07 06:20:00,770386,210,W,ML,192,59.2,50,63.9,55,60.8,47,56.5,40,54.3,,,,,34.207155,-118.2137,EB/NB 2 TO EB 210 CN,19.08
2025-01-07 06:20:00,770401,210,W,ML,465,63.5,97,68.8,141,65.3,125,62.0,102,57.8,,,,,34.211095,-118.225948,EB/NB 2 TO WB 210 CN,18.32
2025-01-07 06:20:00,770568,210,W,ML,195,66.8,44,74.2,46,70.3,60,64.0,45,59.7,,,,,34.165953,-118.157943,HAMMOND ST.,23.79
2025-01-07 06:20:00,770579,210,W,ML,68,65.6,3,74.6,8,70.8,26,66.6,31,62.6,,,,,34.156597,-118.157944,WINONA WAY,24.442
2025-01-07 06:25:00,717615,210,W,ML,218,63.9,56,69.1,62,65.8,53,61.1,47,58.4,,,,,34.182539,-118.171545,ARROYO 1,22.3
2025-01-07 06:25:00,717622,210,W,ML,181,65.2,30,69.6,51,69.9,52,69.2,48,53.1,,,,,34.176273,-118.161942,LINCOLN 1,23.0
2025-01-07 06:25:00,717624,210,W,ML,247,63.1,52,69.3,57,66.0,50,61.4,45,58.7,43,58.2,,,34.164368,-118.158093,MOUNTAIN 1,23.9
2025-01-07 06:25:00,717627,210,W,ML,47,67.5,18,69.5,29,66.2,,,,,,,,,34.15225,-118.154678,WALNUT,24.9
2025-01-07 06:25:00,717630,210,W,ML,115,64.3,24,69.7,35,66.2,31,62.8,25,58.5,,,,,34.152218,-118.14821,FAIR OAKS 1,25.4
2025-01-07 06:25:00,717632,210,W,HV,116,64.3,116,64.3,,,,,,,,,,,34.152218,-118.14821,FAIR OAKS 1,25.4
2025-01-07 06:25:00,717634,210,W,ML,443,54.5,99,60.0,100,56.9,88,52.7,82,50.6,74,50.4,,,34.15195,-118.13555,LAKE 1,26.12
2025-01-07 06:25:00,717637,210,W,ML,546,58.6,147,66.0,130,64.4,97,54.4,83,51.3,89,49.5,,,34.152357,-118.123714,HILL,26.8
2025-01-07 06:25:00,717642,210,W,ML,581,56.9,158,64.0,131,62.4,97,55.9,91,47.5,104,48.3,,,34.1527,-118.102255,ALTADENA,28.03
2025-01-07 06:25:00,717643,210,W,HV,102,54.8,102,54.8,,,,,,,,,,,34.1527,-118.102255,ALTADENA,28.03
2025-01-07 06:25:00,717644,210,W,ML,620,58.0,177,64.0,142,62.7,112,57.3,104,49.2,85,49.5,,,34.152727,-118.098063,SAN GABRIEL,28.27
2025-01-07 06:25:00,717645,210,W,HV,105,53.7,105,53.7,,,,,,,,,,,34.152727,-118.098063,SAN GABRIEL,28.27
2025-01-07 06:25:00,717649,210,W,ML,549,60.8,161,65.5,137,63.8,85,48.9,92,57.7,74,62.7,,,34.148074,-118.08377,SIERRA MADRE V1,29.17
2025-01-07 06:25:00,717653,210,W,ML,383,61.3,103,63.1,98,61.5,77,61.2,65,60.1,40,58.6,,,34.148737,-118.071321,ROSEMEAD 1,29.879
2025-01-07 06:25:00,761318,210,W,HV,116,64.3,116,64.3,,,,,,,,,,,34.15195,-118.13555,LAKE 1,26.12
2025-01-07 06:25:00,761322,210,W,HV,97,55.5,97,55.5,,,,,,,,,,,34.152357,-118.123714,HILL,26.8
2025-01-07 06:25:00,761325,210,W,HV,122,54.8,122,54.8,,,,,,,,,,,34.148074,-118.08377,SIERRA MADRE V1,29.17
2025-01-07 06:25:00,761431,210,W,HV,116,64.3,116,64.3,,,,,,,,,,,34.148737,-118.071321,ROSEMEAD 1,29.879
2025-01-07 06:25:00,764135,210,W,HV,116,64.3,116,64.3,,,,,,,,,,,34.152092,-118.143249,MARENGO,25.68
2025-01-07 06:25:00,764137,210,W,ML,569,65.9,97,71.5,112,69.1,98,67.3,100,64.6,91,60.3,71,60.3,34.152092,-118.143249,MARENGO,25.68
2025-01-07 06:25:00,769807,210,W,ML,191,64.4,39,74.4,49,68.2,53,60.2,50,57.4,,,,,34.197068,-118.184827,FOOTHILL,20.98
2025-01-07 06:25:00,769867,210,W,ML,161,67.1,36,73.3,56,67.1,38,64.5,31,63.1,,,,,34.218652,-118.239558,LA CRESCENTA,17.38
2025-01-07 06:25:00,769911,210,W,ML,180,64.2,42,72.1,46,63.6,38,67.4,22,55.7,32,56.9,,,34.224897,-118.251344,PENNSYLVANIA,16.58
2025-01-07 06:25:00,769926,210,W,ML,236,60.9,42,67.3,47,64.1,41,59.7,38,57.2,35,57.3,33,58.1,34.214462,-118.232443,OCEAN VIEW,17.88
2025-01-07 06:25:00,769941,210,W,ML,163,70.6,39,73.4,43,66.2,49,75.3,32,65.8,,,,,34.207101,-118.204943,ANGELES CREST HWY SB,19.58
2025-01-07 06:25:00,769953,210,W,ML,159,70.0,41,72.6,45,69.8,51,77.4,22,48.3,,,,,34.206998,-118.201441,ANGELES CREST HWY NB,19.78
2025-01-07 06:25:00,769965,210,W,ML,116,62.4,50,72.0,4,71.0,41,58.9,21,44.8,,,,,34.232554,-118.271772,HONOLULU,15.28
2025-01-07 06:25:00,769983,210,W,ML,218,63.2,57,65.1,63,67.5,51,60.5,47,57.9,,,,,34.203186,-118.191671,GOULD,20.4
2025-01-07 06:25:00,770000,210,W,ML,219,62.5,54,67.7,61,64.4,54,60.0,50,57.4,,,,,34.19198,-118.181214,BERKSHIRE,21.39
2025-01-07 06:25:00,770129,210,W,ML,163,65.7,53,72.3,59,67.2,32,62.2,19,48.9,,,,,34.234984,-118.290562,LA TUNA CANYON NB,14.18
2025-01-07 06:25:00,770141,210,W,ML,83,60.6,19,67.3,32,65.0,8,66.0,24,47.6,,,,,34.234987,-118.294031,LA TUNA CANYON SB,13.98
2025-01-07 06:25:00,770386,210,W,ML,197,66.6,49,71.9,55,68.6,48,64.2,45,61.0,,,,,34.207155,-118.2137,EB/NB 2 TO EB 210 CN,19.08
2025-01-07 06:25:00,770401,210,W,ML,465,63.2,97,68.5,141,65.0,125,61.7,102,57.5,,,,,34.211095,-118.225948,EB/NB 2 TO WB 210 CN,18.32
2025-01-07 06:25:00,770568,210,W,ML,237,64.1,52,74.3,40,70.1,91,57.4,54,61.2,,,,,34.165953,-118.157943,HAMMOND ST.,23.79
2025-01-07 06:25:00,770579,210,W,ML,71,65.2,5,74.7,7,70.8,12,67.1,47,62.9,,,,,34.156597,-118.157944,WINONA WAY,24.442
2025-01-07 06:30:00,717615,210,W,ML,201,63.8,52,68.9,57,65.7,49,61.0,43,58.3,,,,,34.182539,-118.171545,ARROYO 1,22.3
2025-01-07 06:30:00,717622,210,W,ML,157,63.5,22,72.3,46,70.5,46,66.3,43,48.6,,,,,34.176273,-118.161942,LINCOLN 1,23.0
2025-01-07 06:30:00,717624,210,W,ML,208,62.5,40,68.9,47,65.6,42,61.2,39,58.4,40,57.9,,,34.164368,-118.158093,MOUNTAIN 1,23.9
2025-01-07 06:30:00,717627,210,W,ML,76,67.8,34,69.7,42,66.3,,,,,,,,,34.15225,-118.154678,WALNUT,24.9
2025-01-07 06:30:00,717630,210,W,ML,115,64.3,24,69.7,35,66.2,31,62.8,25,58.5,,,,,34.152218,-118.14821,FAIR OAKS 1,25.4
2025-01-07 06:30:00,717632,210,W,HV,116,64.3,116,64.3,,,,,,,,,,,34.152218,-118.14821,FAIR OAKS 1,25.4
2025-01-07 06:30:00,717634,210,W,ML,480,53.1,109,58.5,108,55.4,94,51.2,88,49.3,81,49.0,,,34.15195,-118.13555,LAKE 1,26.12
2025-01-07 06:30:00,717637,210,W,ML,577,56.2,155,64.3,130,62.1,97,50.7,82,49.6,113,47.8,,,34.152357,-118.123714,HILL,26.8
2025-01-07 06:30:00,717642,210,W,ML,631,55.3,163,62.5,140,59.0,103,54.8,96,47.0,129,48.9,,,34.1527,-118.102255,ALTADENA,28.03
2025-01-07 06:30:00,717643,210,W,HV,109,53.7,109,53.7,,,,,,,,,,,34.1527,-118.102255,ALTADENA,28.03
2025-01-07 06:30:00,717644,210,W,ML,650,56.5,185,60.9,149,59.2,118,55.8,103,49.6,95,52.1,,,34.152727,-118.098063,SAN GABRIEL,28.27
2025-01-07 06:30:00,717645,210,W,HV,116,52.3,116,52.3,,,,,,,,,,,34.152727,-118.098063,SAN GABRIEL,28.27
2025-01-07 06:30:00,717649,210,W,ML,603,59.3,178,63.8,144,59.4,98,50.1,98,57.3,85,62.9,,,34.148074,-118.08377,SIERRA MADRE V1,29.17
2025-01-07 06:30:00,717653,210,W,ML,438,58.5,117,59.4,111,58.2,88,58.7,75,58.3,47,57.2,,,34.148737,-118.071321,ROSEMEAD 1,29.879
2025-01-07 06:30:00,761318,210,W,HV,116,64.3,116,64.3,,,,,,,,,,,34.15195,-118.13555,LAKE 1,26.12
2025-01-07 06:30:00,761322,210,W,HV,108,55.7,108,55.7,,,,,,,,,,,34.152357,-118.123714,HILL,26.8
2025-01-07 06:30:00,761325,210,W,HV,128,53.1,128,53.1,,,,,,,,,,,34.148074,-118.08377,SIERRA MADRE V1,29.17
2025-01-07 06:30:00,761431,210,W,HV,116,64.3,116,64.3,,,,,,,,,,,34.148737,-118.071321,ROSEMEAD 1,29.879
2025-01-07 06:30:00,764135,210,W,HV,116,64.3,116,64.3,,,,,,,,,,,34.152092,-118.143249,MARENGO,25.68
2025-01-07 06:30:00,764137,210,W,ML,574,65.5,97,71.0,113,68.7,99,66.9,101,64.2,92,59.9,72,59.9,34.152092,-118.143249,MARENGO,25.68
2025-01-07 06:30:00,769807,210,W,ML,240,66.1,41,72.6,70,71.3,67,62.6,62,59.6,,,,,34.197068,-118.184827,FOOTHILL,20.98
2025-01-07 06:30:00,769867,210,W,ML,143,67.2,40,72.4,42,67.3,35,67.4,26,58.8,,,,,34.218652,-118.239558,LA CRESCENTA,17.38
2025-01-07 06:30:00,769911,210,W,ML,194,66.6,50,72.2,45,65.7,36,72.2,31,61.7,32,57.7,,,34.224897,-118.251344,PENNSYLVANIA,16.58
2025-01-07 06:30:00,769926,210,W,ML,217,60.5,37,67.0,43,63.7,38,59.4,36,56.8,33,57.1,30,57.5,34.214462,-118.232443,OCEAN VIEW,17.88
2025-01-07 06:30:00,769941,210,W,ML,127,69.9,23,73.7,42,68.4,36,72.7,26,65.1,,,,,34.207101,-118.204943,ANGELES CREST HWY SB,19.58
2025-01-07 06:30:00,769953,210,W,ML,124,67.5,22,73.1,44,71.7,33,72.4,25,48.9,,,,,34.206998,-118.201441,ANGELES CREST HWY NB,19.78
2025-01-07 06:30:00,769965,210,W,ML,133,66.9,52,71.4,5,71.0,41,66.5,35,60.2,,,,,34.232554,-118.271772,HONOLULU,15.28
2025-01-07 06:30:00,769983,210,W,ML,183,63.2,47,64.0,51,66.3,44,62.2,41,59.4,,,,,34.203186,-118.191671,GOULD,20.4
2025-01-07 06:30:00,770000,210,W,ML,279,64.8,73,70.1,76,66.7,67,62.1,63,59.3,,,,,34.19198,-118.181214,BERKSHIRE,21.39
2025-01-07 06:30:00,770129,210,W,ML,183,66.6,56,71.1,63,66.6,41,64.8,23,58.5,,,,,34.234984,-118.290562,LA TUNA CANYON NB,14.18
2025-01-07 06:30:00,770141,210,W,ML,111,62.4,29,67.8,41,64.9,11,66.0,30,52.6,,,,,34.234987,-118.294031,LA TUNA CANYON SB,13.98
2025-01-07 06:30:00,770386,210,W,ML,154,66.0,37,71.3,44,68.0,38,63.6,35,60.5,,,,,34.207155,-118.2137,EB/NB 2 TO EB 210 CN,19.08
2025-01-07 06:30:00,770401,210,W,ML,468,62.9,98,68.2,142,64.7,125,61.4,103,57.2,,,,,34.211095,-118.225948,EB/NB 2 TO WB 210 CN,18.32
2025-01-07 06:30:00,770568,210,W,ML,242,64.0,39,73.2,36,69.2,98,62.1,69,58.8,,,,,34.165953,-118.157943,HAMMOND ST.,23.79
2025-01-07 06:30:00,770579,210,W,ML,66,67.6,7,74.8,25,70.9,7,67.3,27,62.7,,,,,34.156597,-118.157944,WINONA WAY,24.442
2025-01-07 06:35:00,717615,210,W,ML,189,64.1,45,69.5,53,66.2,47,61.4,44,58.8,,,,,34.182539,-118.171545,ARROYO 1,22.3
2025-01-07 06:35:00,717622,210,W,ML,144,62.1,18,73.5,38,70.4,33,68.2,55,48.9,,,,,34.176273,-118.161942,LINCOLN 1,23.0
2025-01-07 06:35:00,717624,210,W,ML,233,63.3,48,69.6,54,66.3,47,61.8,42,58.9,42,58.2,,,34.164368,-118.158093,MOUNTAIN 1,23.9
2025-01-07 06:35:00,717627,210,W,ML,86,67.8,39,69.7,47,66.3,,,,,,,,,34.15225,-118.154678,WALNUT,24.9
2025-01-07 06:35:00,717630,210,W,ML,119,64.2,25,69.6,36,66.1,32,62.7,26,58.4,,,,,34.152218,-118.14821,FAIR OAKS 1,25.4
2025-01-07 06:35:00,717632,210,W,HV,118,64.2,118,64.2,,,,,,,,,,,34.152218,-118.14821,FAIR OAKS 1,25.4
2025-01-07 06:35:00,717634,210,W,ML,526,53.0,118,58.4,118,55.4,104,51.2,98,49.2,88,49.1,,,34.15195,-118.13555,LAKE 1,26.12
2025-01-07 06:35:00,717637,210,W,ML,627,55.3,162,62.6,143,61.8,108,48.5,111,52.9,103,44.7,,,34.152357,-118.123714,HILL,26.8
2025-01-07 06:35:00,717642,210,W,ML,609,52.2,153,59.2,134,56.8,101,51.5,97,43.1,124,46.4,,,34.1527,-118.102255,ALTADENA,28.03
2025-01-07 06:35:00,717643,210,W,HV,109,50.5,109,50.5,,,,,,,,,,,34.1527,-118.102255,ALTADENA,28.03
2025-01-07 06:35:00,717644,210,W,ML,626,52.9,168,56.9,142,57.2,115,51.3,115,48.4,86,46.5,,,34.152727,-118.098063,SAN GABRIEL,28.27
2025-01-07 06:35:00,717645,210,W,HV,113,49.2,113,49.2,,,,,,,,,,,34.152727,-118.098063,SAN GABRIEL,28.27
2025-01-07 06:35:00,717649,210,W,ML,580,57.9,161,62.3,141,60.1,98,48.8,98,55.6,82,59.4,,,34.148074,-118.08377,SIERRA MADRE V1,29.17
2025-01-07 06:35:00,717653,210,W,ML,423,59.0,113,60.0,108,58.7,85,59.1,72,58.5,45,57.4,,,34.148737,-118.071321,ROSEMEAD 1,29.879
2025-01-07 06:35:00,761318,210,W,HV,118,64.2,118,64.2,,,,,,,,,,,34.15195,-118.13555,LAKE 1,26.12
2025-01-07 06:35:00,761322,210,W,HV,115,54.1,115,54.1,,,,,,,,,,,34.152357,-118.123714,HILL,26.8
2025-01-07 06:35:00,761325,210,W,HV,120,51.8,120,51.8,,,,,,,,,,,34.148074,-118.08377,SIERRA MADRE V1,29.17
2025-01-07 06:35:00,761431,210,W,HV,118,64.2,118,64.2,,,,,,,,,,,34.148737,-118.071321,ROSEMEAD 1,29.879
2025-01-07 06:35:00,764135,210,W,HV,118,64.2,118,64.2,,,,,,,,,,,34.152092,-118.143249,MARENGO,25.68
2025-01-07 06:35:00,764137,210,W,ML,592,65.7,100,71.2,117,68.9,102,67.1,104,64.4,95,60.1,74,60.1,34.152092,-118.143249,MARENGO,25.68
2025-01-07 06:35:00,769807,210,W,ML,220,65.8,43,72.4,60,70.9,60,62.3,57,59.3,,,,,34.197068,-118.184827,FOOTHILL,20.98
2025-01-07 06:35:00,769867,210,W,ML,160,68.3,43,73.7,58,66.4,31,68.1,28,64.0,,,,,34.218652,-118.239558,LA CRESCENTA,17.38
2025-01-07 06:35:00,769911,210,W,ML,188,67.6,44,72.7,44,66.2,32,72.5,38,66.3,30,58.8,,,34.224897,-118.251344,PENNSYLVANIA,16.58
2025-01-07 06:35:00,769926,210,W,ML,215,63.4,39,70.4,44,67.0,37,62.3,33,59.6,31,58.9,31,59.6,34.214462,-118.232443,OCEAN VIEW,17.88
2025-01-07 06:35:00,769941,210,W,ML,219,68.2,52,73.7,61,69.1,48,73.0,58,58.5,,,,,34.207101,-118.204943,ANGELES CREST HWY SB,19.58
2025-01-07 06:35:00,769953,210,W,ML,199,66.7,38,74.4,73,71.7,43,69.3,45,49.4,,,,,34.206998,-118.201441,ANGELES CREST HWY NB,19.78
2025-01-07 06:35:00,769965,210,W,ML,134,66.0,49,71.7,12,70.7,45,65.1,28,55.3,,,,,34.232554,-118.271772,HONOLULU,15.28
2025-01-07 06:35:00,769983,210,W,ML,250,62.6,67,62.6,76,65.3,56,62.1,51,59.3,,,,,34.203186,-118.191671,GOULD,20.4
2025-01-07 06:35:00,770000,210,W,ML,251,64.5,64,69.8,69,66.4,61,61.8,57,59.1,,,,,34.19198,-118.181214,BERKSHIRE,21.39
2025-01-07 06:35:00,770129,210,W,ML,172,66.4,52,70.8,58,67.3,44,64.2,18,56.4,,,,,34.234984,-118.290562,LA TUNA CANYON NB,14.18
2025-01-07 06:35:00,770141,210,W,ML,120,62.5,32,67.4,44,65.1,12,66.1,32,52.7,,,,,34.234987,-118.294031,LA TUNA CANYON SB,13.98
2025-01-07 06:35:00,770386,210,W,ML,251,63.3,65,68.5,70,65.2,61,60.5,55,57.9,,,,,34.207155,-118.2137,EB/NB 2 TO EB 210 CN,19.08
2025-01-07 06:35:00,770401,210,W,ML,476,62.6,100,67.9,144,64.4,128,61.1,104,57.0,,,,,34.211095,-118.225948,EB/NB 2 TO WB 210 CN,18.32
2025-01-07 06:35:00,770568,210,W,ML,278,61.8,59,71.4,39,68.4,114,52.8,66,64.8,,,,,34.165953,-118.157943,HAMMOND ST.,23.79
2025-01-07 06:35:00,770579,210,W,ML,83,66.8,3,74.7,31,71.1,9,67.3,40,62.8,,,,,34.156597,-118.157944,WINONA WAY,24.442
2025-01-07 06:40:00,717615,210,W,ML,246,62.1,65,67.1,69,63.9,59,59.4,53,56.9,,,,,34.182539,-118.171545,ARROYO 1,22.3
2025-01-07 06:40:00,717622,210,W,ML,237,62.6,45,71.5,79,68.5,58,64.1,55,45.2,,,,,34.176273,-118.161942,LINCOLN 1,23.0
2025-01-07 06:40:00,717624,210,W,ML,222,62.8,45,69.1,51,65.8,45,61.3,40,58.5,41,58.0,,,34.164368,-118.158093,MOUNTAIN 1,23.9
2025-01-07 06:40:00,717627,210,W,ML,62,67.7,26,69.7,36,66.3,,,,,,,,,34.15225,-118.154678,WALNUT,24.9
2025-01-07 06:40:00,717630,210,W,ML,119,64.1,25,69.5,36,66.0,32,62.6,26,58.3,,,,,34.152218,-118.14821,FAIR OAKS 1,25.4
2025-01-07 06:40:00,717632,210,W,HV,118,64.1,118,64.1,,,,,,,,,,,34.152218,-118.14821,FAIR OAKS 1,25.4
2025-01-07 06:40:00,717634,210,W,ML,522,51.8,117,57.1,117,54.0,103,49.9,97,48.0,88,48.1,,,34.15195,-118.13555,LAKE 1,26.12
2025-01-07 06:40:00,717637,210,W,ML,604,53.8,161,60.3,133,61.0,97,47.5,105,50.7,108,43.7,,,34.152357,-118.123714,HILL,26.8
2025-01-07 06:40:00,717642,210,W,ML,627,49.4,152,56.2,140,54.5,104,47.6,97,41.0,134,43.7,,,34.1527,-118.102255,ALTADENA,28.03
2025-01-07 06:40:00,717643,210,W,HV,117,48.4,117,48.4,,,,,,,,,,,34.1527,-118.102255,ALTADENA,28.03
2025-01-07 06:40:00,717644,210,W,ML,636,47.7,169,48.9,148,49.6,112,48.4,115,45.4,92,44.7,,,34.152727,-118.098063,SAN GABRIEL,28.27
2025-01-07 06:40:00,717645,210,W,HV,115,45.9,115,45.9,,,,,,,,,,,34.152727,-118.098063,SAN GABRIEL,28.27
2025-01-07 06:40:00,717649,210,W,ML,600,58.5,171,62.3,147,60.8,96,49.0,97,54.2,89,62.6,,,34.148074,-118.08377,SIERRA MADRE V1,29.17
2025-01-07 06:40:00,717653,210,W,ML,458,59.4,122,60.6,116,59.3,92,59.5,78,58.8,50,57.6,,,34.148737,-118.071321,ROSEMEAD 1,29.879
2025-01-07 06:40:00,761318,210,W,HV,118,64.1,118,64.1,,,,,,,,,,,34.15195,-118.13555,LAKE 1,26.12
2025-01-07 06:40:00,761322,210,W,HV,107,51.5,107,51.5,,,,,,,,,,,34.152357,-118.123714,HILL,26.8
2025-01-07 06:40:00,761325,210,W,HV,126,52.2,126,52.2,,,,,,,,,,,34.148074,-118.08377,SIERRA MADRE V1,29.17
2025-01-07 06:40:00,761431,210,W,HV,118,64.1,118,64.1,,,,,,,,,,,34.148737,-118.071321,ROSEMEAD 1,29.879
2025-01-07 06:40:00,764135,210,W,HV,118,64.1,118,64.1,,,,,,,,,,,34.152092,-118.143249,MARENGO,25.68
2025-01-07 06:40:00,764137,210,W,ML,609,65.3,103,70.8,120,68.5,105,66.6,107,64.0,98,59.7,76,59.7,34.152092,-118.143249,MARENGO,25.68
2025-01-07 06:40:00,769807,210,W,ML,278,61.3,61,71.5,78,63.7,72,56.7,67,54.3,,,,,34.197068,-118.184827,FOOTHILL,20.98
2025-01-07 06:40:00,769867,210,W,ML,181,68.7,44,72.5,59,67.6,38,66.6,40,68.1,,,,,34.218652,-118.239558,LA CRESCENTA,17.38
2025-01-07 06:40:00,769911,210,W,ML,194,68.1,43,73.1,46,66.2,41,74.4,29,65.7,35,59.0,,,34.224897,-118.251344,PENNSYLVANIA,16.58
2025-01-07 06:40:00,769926,210,W,ML,272,62.5,51,69.1,55,65.7,47,61.2,41,58.6,39,58.5,39,59.1,34.214462,-118.232443,OCEAN VIEW,17.88
2025-01-07 06:40:00,769941,210,W,ML,151,67.7,36,73.5,46,68.6,30,69.1,39,60.1,,,,,34.207101,-118.204943,ANGELES CREST HWY SB,19.58
2025-01-07 06:40:00,769953,210,W,ML,170,69.3,36,73.9,55,71.2,45,72.9,34,56.6,,,,,34.206998,-118.201441,ANGELES CREST HWY NB,19.78
2025-01-07 06:40:00,769965,210,W,ML,132,67.5,50,72.0,11,70.6,42,70.7,29,54.0,,,,,34.232554,-118.271772,HONOLULU,15.28
2025-01-07 06:40:00,769983,210,W,ML,225,62.1,59,63.9,66,66.4,52,59.5,48,57.0,,,,,34.203186,-118.191671,GOULD,20.4
2025-01-07 06:40:00,770000,210,W,ML,303,59.4,80,64.1,83,61.0,72,57.0,68,54.6,,,,,34.19198,-118.181214,BERKSHIRE,21.39
2025-01-07 06:40:00,770129,210,W,ML,168,67.6,44,72.6,65,68.6,35,66.0,24,58.0,,,,,34.234984,-118.290562,LA TUNA CANYON NB,14.18
2025-01-07 06:40:00,770141,210,W,ML,92,63.4,22,69.2,35,66.1,9,66.2,26,54.0,,,,,34.234987,-118.294031,LA TUNA CANYON SB,13.98
2025-01-07 06:40:00,770386,210,W,ML,189,63.0,49,68.1,54,64.8,46,60.2,40,57.6,,,,,34.207155,-118.2137,EB/NB 2 TO EB 210 CN,19.08
2025-01-07 06:40:00,770401,210,W,ML,484,62.5,101,67.8,147,64.3,130,61.0,106,56.9,,,,,34.211095,-118.225948,EB/NB 2 TO WB 210 CN,18.32
2025-01-07 06:40:00,770568,210,W,ML,310,61.1,57,72.4,47,70.0,119,53.3,87,59.5,,,,,34.165953,-118.157943,HAMMOND ST.,23.79
2025-01-07 06:40:00,770579,210,W,ML,78,67.6,15,74.4,16,70.9,19,67.3,28,62.4,,,,,34.156597,-118.157944,WINONA WAY,24.442
2025-01-07 06:45:00,717615,210,W,ML,261,60.5,68,65.4,72,62.3,63,57.9,58,55.5,,,,,34.182539,-118.171545,ARROYO 1,22.3
2025-01-07 06:45:00,717622,210,W,ML,219,61.1,29,72.6,76,65.3,69,63.8,45,42.5,,,,,34.176273,-118.161942,LINCOLN 1,23.0
2025-01-07 06:45:00,717624,210,W,ML,264,63.3,58,69.4,62,66.1,53,61.4,47,58.7,44,58.6,,,34.164368,-118.158093,MOUNTAIN 1,23.9
2025-01-07 06:45:00,717627,210,W,ML,66,67.7,28,69.6,38,66.2,,,,,,,,,34.15225,-118.154678,WALNUT,24.9
2025-01-07 06:45:00,717630,210,W,ML,119,64.1,25,69.5,36,66.0,32,62.6,26,58.3,,,,,34.152218,-118.14821,FAIR OAKS 1,25.4
2025-01-07 06:45:00,717632,210,W,HV,118,64.1,118,64.1,,,,,,,,,,,34.152218,-118.14821,FAIR OAKS 1,25.4
2025-01-07 06:45:00,717634,210,W,ML,515,51.6,118,56.7,116,53.6,101,49.6,94,48.0,86,48.1,,,34.15195,-118.13555,LAKE 1,26.12
2025-01-07 06:45:00,717637,210,W,ML,597,53.5,148,61.4,135,59.7,98,48.6,98,49.7,118,43.7,,,34.152357,-118.123714,HILL,26.8
2025-01-07 06:45:00,717642,210,W,ML,584,45.8,131,53.5,125,51.3,98,42.8,98,36.8,132,41.7,,,34.1527,-118.102255,ALTADENA,28.03
2025-01-07 06:45:00,717643,210,W,HV,115,46.5,115,46.5,,,,,,,,,,,34.1527,-118.102255,ALTADENA,28.03
2025-01-07 06:45:00,717644,210,W,ML,589,41.0,145,42.4,131,40.4,105,42.7,102,39.4,106,39.9,,,34.152727,-118.098063,SAN GABRIEL,28.27
2025-01-07 06:45:00,717645,210,W,HV,117,40.9,117,40.9,,,,,,,,,,,34.152727,-118.098063,SAN GABRIEL,28.27
2025-01-07 06:45:00,717649,210,W,ML,565,57.9,143,62.5,135,59.5,99,48.8,95,51.2,93,65.1,,,34.148074,-118.08377,SIERRA MADRE V1,29.17
2025-01-07 06:45:00,717653,210,W,ML,479,58.6,127,59.5,121,58.3,96,58.7,82,58.3,53,57.2,,,34.148737,-118.071321,ROSEMEAD 1,29.879
2025-01-07 06:45:00,761318,210,W,HV,118,64.1,118,64.1,,,,,,,,,,,34.15195,-118.13555,LAKE 1,26.12
2025-01-07 06:45:00,761322,210,W,HV,110,52.8,110,52.8,,,,,,,,,,,34.152357,-118.123714,HILL,26.8
2025-01-07 06:45:00,761325,210,W,HV,132,51.6,132,51.6,,,,,,,,,,,34.148074,-118.08377,SIERRA MADRE V1,29.17
2025-01-07 06:45:00,761431,210,W,HV,118,64.1,118,64.1,,,,,,,,,,,34.148737,-118.071321,ROSEMEAD 1,29.879
2025-01-07 06:45:00,764135,210,W,HV,118,64.1,118,64.1,,,,,,,,,,,34.152092,-118.143249,MARENGO,25.68
2025-01-07 06:45:00,764137,210,W,ML,619,65.3,105,70.8,122,68.5,107,66.6,109,64.0,99,59.7,77,59.7,34.152092,-118.143249,MARENGO,25.68
2025-01-07 06:45:00,769807,210,W,ML,321,61.3,53,68.9,101,65.1,87,57.8,80,55.3,,,,,34.197068,-118.184827,FOOTHILL,20.98
2025-01-07 06:45:00,769867,210,W,ML,195,68.3,51,70.8,62,67.1,44,65.6,38,69.8,,,,,34.218652,-118.239558,LA CRESCENTA,17.38
2025-01-07 06:45:00,769911,210,W,ML,213,70.3,51,72.5,51,66.3,45,76.1,30,76.4,36,60.7,,,34.224897,-118.251344,PENNSYLVANIA,16.58
2025-01-07 06:45:00,769926,210,W,ML,266,61.8,49,68.3,53,64.9,45,60.5,42,57.9,39,57.9,38,58.6,34.214462,-118.232443,OCEAN VIEW,17.88
2025-01-07 06:45:00,769941,210,W,ML,191,65.0,48,72.1,44,64.9,46,63.7,53,59.7,,,,,34.207101,-118.204943,ANGELES CREST HWY SB,19.58
2025-01-07 06:45:00,769953,210,W,ML,164,62.6,47,72.6,53,61.3,34,61.5,30,50.7,,,,,34.206998,-118.201441,ANGELES CREST HWY NB,19.78
2025-01-07 06:45:00,769965,210,W,ML,148,72.1,59,72.5,7,70.8,51,77.3,31,62.9,,,,,34.232554,-118.271772,HONOLULU,15.28
2025-01-07 06:45:00,769983,210,W,ML,201,55.9,53,52.7,57,59.7,47,56.4,44,54.2,,,,,34.203186,-118.191671,GOULD,20.4
2025-01-07 06:45:00,770000,210,W,ML,367,60.5,99,65.2,100,62.1,87,57.9,81,55.5,,,,,34.19198,-118.181214,BERKSHIRE,21.39
2025-01-07 06:45:00,770129,210,W,ML,215,70.0,69,71.5,75,68.4,45,72.1,26,66.9,,,,,34.234984,-118.290562,LA TUNA CANYON NB,14.18
2025-01-07 06:45:00,770141,210,W,ML,124,68.4,34,73.5,45,70.0,12,67.0,33,61.4,,,,,34.234987,-118.294031,LA TUNA CANYON SB,13.98
2025-01-07 06:45:00,770386,210,W,ML,206,61.6,50,66.8,57,63.6,51,59.1,48,56.6,,,,,34.207155,-118.2137,EB/NB 2 TO EB 210 CN,19.08
2025-01-07 06:45:00,770401,210,W,ML,488,62.4,102,67.6,148,64.2,131,61.0,107,56.8,,,,,34.211095,-118.225948,EB/NB 2 TO WB 210 CN,18.32
2025-01-07 06:45:00,770568,210,W,ML,252,67.0,65,67.8,53,70.0,86,62.8,48,70.1,,,,,34.165953,-118.157943,HAMMOND ST.,23.79
2025-01-07 06:45:00,770579,210,W,ML,94,65.3,14,74.4,19,71.1,13,67.2,48,59.9,,,,,34.156597,-118.157944,WINONA WAY,24.442
2025-01-07 06:50:00,717615,210,W,ML,242,61.6,64,66.5,68,63.3,58,58.8,52,56.3,,,,,34.182539,-118.171545,ARROYO 1,22.3
2025-01-07 06:50:00,717622,210,W,ML,209,62.0,40,71.8,61,66.6,54,64.9,54,46.7,,,,,34.176273,-118.161942,LINCOLN 1,23.0
2025-01-07 06:50:00,717624,210,W,ML,268,62.8,56,69.0,62,65.7,54,61.1,49,58.4,47,58.3,,,34.164368,-118.158093,MOUNTAIN 1,23.9
2025-01-07 06:50:00,717627,210,W,ML,95,66.9,44,68.7,51,65.4,,,,,,,,,34.15225,-118.154678,WALNUT,24.9
2025-01-07 06:50:00,717630,210,W,ML,116,64.1,24,69.5,35,66.0,31,62.6,26,58.3,,,,,34.152218,-118.14821,FAIR OAKS 1,25.4
2025-01-07 06:50:00,717632,210,W,HV,117,64.1,117,64.1,,,,,,,,,,,34.152218,-118.14821,FAIR OAKS 1,25.4
2025-01-07 06:50:00,717634,210,W,ML,505,49.0,113,53.8,113,50.9,100,47.0,94,45.7,85,46.0,,,34.15195,-118.13555,LAKE 1,26.12
2025-01-07 06:50:00,717637,210,W,ML,598,51.6,146,61.1,144,58.0,103,47.2,96,44.5,109,40.6,,,34.152357,-118.123714,HILL,26.8
2025-01-07 06:50:00,717642,210,W,ML,610,41.9,146,50.7,125,47.1,103,39.4,103,33.2,133,36.0,,,34.1527,-118.102255,ALTADENA,28.03
2025-01-07 06:50:00,717643,210,W,HV,119,43.4,119,43.4,,,,,,,,,,,34.1527,-118.102255,ALTADENA,28.03
2025-01-07 06:50:00,717644,210,W,ML,633,37.1,151,37.1,139,38.0,131,40.3,108,34.1,104,35.0,,,34.152727,-118.098063,SAN GABRIEL,28.27
2025-01-07 06:50:00,717645,210,W,HV,120,34.8,120,34.8,,,,,,,,,,,34.152727,-118.098063,SAN GABRIEL,28.27
2025-01-07 06:50:00,717649,210,W,ML,599,58.3,156,63.0,147,60.4,101,50.8,106,49.8,89,65.4,,,34.148074,-118.08377,SIERRA MADRE V1,29.17
2025-01-07 06:50:00,717653,210,W,ML,458,59.1,122,60.2,116,59.0,92,59.2,78,58.7,50,57.5,,,34.148737,-118.071321,ROSEMEAD 1,29.879
2025-01-07 06:50:00,761318,210,W,HV,117,64.1,117,64.1,,,,,,,,,,,34.15195,-118.13555,LAKE 1,26.12
2025-01-07 06:50:00,761322,210,W,HV,113,51.6,113,51.6,,,,,,,,,,,34.152357,-118.123714,HILL,26.8
2025-01-07 06:50:00,761325,210,W,HV,121,51.0,121,51.0,,,,,,,,,,,34.148074,-118.08377,SIERRA MADRE V1,29.17
2025-01-07 06:50:00,761431,210,W,HV,117,64.1,117,64.1,,,,,,,,,,,34.148737,-118.071321,ROSEMEAD 1,29.879
2025-01-07 06:50:00,764135,210,W,HV,117,64.1,117,64.1,,,,,,,,,,,34.152092,-118.143249,MARENGO,25.68
2025-01-07 06:50:00,764137,210,W,ML,618,65.3,105,70.8,122,68.5,106,66.6,109,64.0,99,59.7,77,59.7,34.152092,-118.143249,MARENGO,25.68
2025-01-07 06:50:00,769807,210,W,ML,231,62.6,56,69.2,59,66.3,60,58.7,56,56.1,,,,,34.197068,-118.184827,FOOTHILL,20.98
2025-01-07 06:50:00,769867,210,W,ML,188,66.5,52,71.2,59,68.0,39,61.0,38,63.2,,,,,34.218652,-118.239558,LA CRESCENTA,17.38
2025-01-07 06:50:00,769911,210,W,ML,219,67.0,53,71.9,49,66.4,46,68.6,35,66.7,36,58.6,,,34.224897,-118.251344,PENNSYLVANIA,16.58
2025-01-07 06:50:00,769926,210,W,ML,262,61.1,49,67.5,53,64.2,45,59.8,39,57.3,38,57.5,38,57.8,34.214462,-118.232443,OCEAN VIEW,17.88
2025-01-07 06:50:00,769941,210,W,ML,194,65.0,46,71.7,60,65.3,48,66.0,40,55.7,,,,,34.207101,-118.204943,ANGELES CREST HWY SB,19.58
2025-01-07 06:50:00,769953,210,W,ML,185,64.3,38,73.0,72,66.5,45,61.0,30,53.0,,,,,34.206998,-118.201441,ANGELES CREST HWY NB,19.78
2025-01-07 06:50:00,769965,210,W,ML,136,65.3,58,70.6,2,70.9,40,67.8,36,53.6,,,,,34.232554,-118.271772,HONOLULU,15.28
2025-01-07 06:50:00,769983,210,W,ML,247,57.8,68,55.7,77,61.0,53,57.9,49,55.5,,,,,34.203186,-118.191671,GOULD,20.4
2025-01-07 06:50:00,770000,210,W,ML,247,61.2,63,66.2,68,63.0,60,58.7,56,56.2,,,,,34.19198,-118.181214,BERKSHIRE,21.39
2025-01-07 06:50:00,770129,210,W,ML,182,67.2,58,70.0,56,67.3,45,67.2,23,59.6,,,,,34.234984,-118.290562,LA TUNA CANYON NB,14.18
2025-01-07 06:50:00,770141,210,W,ML,124,64.7,34,70.6,45,67.2,12,66.4,33,54.6,,,,,34.234987,-118.294031,LA TUNA CANYON SB,13.98
2025-01-07 06:50:00,770386,210,W,ML,196,60.5,50,65.4,55,62.3,47,57.9,44,55.5,,,,,34.207155,-118.2137,EB/NB 2 TO EB 210 CN,19.08
2025-01-07 06:50:00,770401,210,W,ML,484,62.4,101,67.6,147,64.2,130,61.0,106,56.8,,,,,34.211095,-118.225948,EB/NB 2 TO WB 210 CN,18.32
2025-01-07 06:50:00,770568,210,W,ML,327,63.9,86,69.6,51,70.2,113,57.3,77,63.1,,,,,34.165953,-118.157943,HAMMOND ST.,23.79
2025-01-07 06:50:00,770579,210,W,ML,128,66.4,18,74.4,37,69.5,26,66.9,47,60.7,,,,,34.156597,-118.157944,WINONA WAY,24.442
2025-01-07 06:55:00,717615,210,W,ML,274,61.0,71,66.0,75,62.8,66,58.4,62,56.0,,,,,34.182539,-118.171545,ARROYO 1,22.3
2025-01-07 06:55:00,717622,210,W,ML,246,61.1,44,72.5,68,66.2,62,62.8,72,47.9,,,,,34.176273,-118.161942,LINCOLN 1,23.0
2025-01-07 06:55:00,717624,210,W,ML,268,62.0,56,68.2,62,64.9,54,60.4,49,57.7,47,57.1,,,34.164368,-118.158093,MOUNTAIN 1,23.9
2025-01-07 06:55:00,717627,210,W,ML,99,66.7,46,68.5,53,65.1,,,,,,,,,34.15225,-118.154678,WALNUT,24.9
2025-01-07 06:55:00,717630,210,W,ML,115,64.0,24,69.4,35,65.9,31,62.5,25,58.2,,,,,34.152218,-118.14821,FAIR OAKS 1,25.4
2025-01-07 06:55:00,717632,210,W,HV,115,64.0,115,64.0,,,,,,,,,,,34.152218,-118.14821,FAIR OAKS 1,25.4
2025-01-07 06:55:00,717634,210,W,ML,563,51.4,126,56.5,126,53.5,111,49.5,105,47.9,95,48.0,,,34.15195,-118.13555,LAKE 1,26.12
2025-01-07 06:55:00,717637,210,W,ML,667,52.7,160,60.5,152,58.8,122,50.5,114,47.7,119,41.4,,,34.152357,-118.123714,HILL,26.8
2025-01-07 06:55:00,717642,210,W,ML,645,44.3,155,51.2,135,49.0,104,43.9,103,37.3,148,37.8,,,34.1527,-118.102255,ALTADENA,28.03
2025-01-07 06:55:00,717643,210,W,HV,109,44.6,109,44.6,,,,,,,,,,,34.1527,-118.102255,ALTADENA,28.03
2025-01-07 06:55:00,717644,210,W,ML,655,41.9,163,41.0,155,42.4,126,46.1,109,39.3,102,40.1,,,34.152727,-118.098063,SAN GABRIEL,28.27
2025-01-07 06:55:00,717645,210,W,HV,109,39.4,109,39.4,,,,,,,,,,,34.152727,-118.098063,SAN GABRIEL,28.27
2025-01-07 06:55:00,717649,210,W,ML,601,59.4,158,63.8,151,61.7,94,51.1,104,51.8,94,65.2,,,34.148074,-118.08377,SIERRA MADRE V1,29.17
2025-01-07 06:55:00,717653,210,W,ML,483,60.0,128,61.3,122,59.9,97,60.0,83,59.2,53,57.9,,,34.148737,-118.071321,ROSEMEAD 1,29.879
2025-01-07 06:55:00,761318,210,W,HV,115,64.0,115,64.0,,,,,,,,,,,34.15195,-118.13555,LAKE 1,26.12
2025-01-07 06:55:00,761322,210,W,HV,109,51.1,109,51.1,,,,,,,,,,,34.152357,-118.123714,HILL,26.8
2025-01-07 06:55:00,761325,210,W,HV,110,52.1,110,52.1,,,,,,,,,,,34.148074,-118.08377,SIERRA MADRE V1,29.17
2025-01-07 06:55:00,761431,210,W,HV,115,64.0,115,64.0,,,,,,,,,,,34.148737,-118.071321,ROSEMEAD 1,29.879
2025-01-07 06:55:00,764135,210,W,HV,115,64.0,115,64.0,,,,,,,,,,,34.152092,-118.143249,MARENGO,25.68
2025-01-07 06:55:00,764137,210,W,ML,598,65.1,101,70.6,118,68.3,103,66.4,105,63.9,96,59.5,75,59.5,34.152092,-118.143249,MARENGO,25.68
2025-01-07 06:55:00,769807,210,W,ML,236,64.4,49,69.7,65,69.3,63,61.0,59,58.2,,,,,34.197068,-118.184827,FOOTHILL,20.98
2025-01-07 06:55:00,769867,210,W,ML,181,68.7,52,73.7,52,70.0,46,68.8,31,57.7,,,,,34.218652,-118.239558,LA CRESCENTA,17.38
2025-01-07 06:55:00,769911,210,W,ML,208,68.0,51,72.2,48,66.2,42,70.3,31,71.1,36,59.0,,,34.224897,-118.251344,PENNSYLVANIA,16.58
2025-01-07 06:55:00,769926,210,W,ML,265,62.3,47,69.1,52,65.7,46,61.2,43,58.5,40,58.6,37,58.8,34.214462,-118.232443,OCEAN VIEW,17.88
2025-01-07 06:55:00,769941,210,W,ML,199,66.8,53,72.4,58,64.4,32,67.8,56,63.5,,,,,34.207101,-118.204943,ANGELES CREST HWY SB,19.58
2025-01-07 06:55:00,769953,210,W,ML,193,68.2,49,73.2,59,68.6,50,59.8,35,72.8,,,,,34.206998,-118.201441,ANGELES CREST HWY NB,19.78
2025-01-07 06:55:00,769965,210,W,ML,144,67.4,59,72.6,8,70.9,44,67.2,33,57.7,,,,,34.232554,-118.271772,HONOLULU,15.28
2025-01-07 06:55:00,769983,210,W,ML,242,59.1,64,56.5,72,61.1,55,60.5,51,57.9,,,,,34.203186,-118.191671,GOULD,20.4
2025-01-07 06:55:00,770000,210,W,ML,265,63.4,68,68.6,73,65.2,64,60.7,60,58.1,,,,,34.19198,-118.181214,BERKSHIRE,21.39
2025-01-07 06:55:00,770129,210,W,ML,194,66.1,62,70.9,61,67.3,49,64.0,22,53.7,,,,,34.234984,-118.290562,LA TUNA CANYON NB,14.18
2025-01-07 06:55:00,770141,210,W,ML,136,62.0,38,67.4,49,65.1,13,66.1,36,50.4,,,,,34.234987,-118.294031,LA TUNA CANYON SB,13.98
2025-01-07 06:55:00,770386,210,W,ML,241,64.8,62,70.0,67,66.7,59,62.1,53,59.3,,,,,34.207155,-118.2137,EB/NB 2 TO EB 210 CN,19.08
2025-01-07 06:55:00,770401,210,W,ML,478,62.4,100,67.6,145,64.2,128,61.0,105,56.8,,,,,34.211095,-118.225948,EB/NB 2 TO WB 210 CN,18.32
2025-01-07 06:55:00,770568,210,W,ML,322,62.1,94,68.8,40,69.7,105,56.3,83,58.3,,,,,34.165953,-118.157943,HAMMOND ST.,23.79
2025-01-07 06:55:00,770579,210,W,ML,156,66.3,28,74.0,39,69.2,33,65.9,56,60.8,,,,,34.156597,-118.157944,WINONA WAY,24.442
2025-01-07 07:00:00,717615,210,W,ML,272,60.3,71,65.2,75,62.0,65,57.7,61,55.3,,,,,34.182539,-118.171545,ARROYO 1,22.3
2025-01-07 07:00:00,717622,210,W,ML,251,61.0,43,73.2,76,65.0,72,62.3,60,45.7,,,,,34.176273,-118.161942,LINCOLN 1,23.0
2025-01-07 07:00:00,717624,210,W,ML,316,61.9,70,67.9,73,64.6,63,60.1,57,57.5,53,57.0,,,34.164368,-118.158093,MOUNTAIN 1,23.9
2025-01-07 07:00:00,717627,210,W,ML,82,66.6,37,68.5,45,65.1,,,,,,,,,34.15225,-118.154678,WALNUT,24.9
2025-01-07 07:00:00,717630,210,W,ML,115,64.0,24,69.4,35,65.9,31,62.5,25,58.2,,,,,34.152218,-118.14821,FAIR OAKS 1,25.4
2025-01-07 07:00:00,717632,210,W,HV,115,64.0,115,64.0,,,,,,,,,,,34.152218,-118.14821,FAIR OAKS 1,25.4
2025-01-07 07:00:00,717634,210,W,ML,517,49.9,116,54.9,116,51.9,102,47.9,96,46.5,87,46.7,,,34.15195,-118.13555,LAKE 1,26.12
2025-01-07 07:00:00,717637,210,W,ML,638,52.5,173,60.1,148,58.8,106,49.7,95,44.5,116,42.2,,,34.152357,-118.123714,HILL,26.8
2025-01-07 07:00:00,717642,210,W,ML,612,45.4,158,55.2,138,41.5,99,46.9,91,40.7,126,39.6,,,34.1527,-118.102255,ALTADENA,28.03
2025-01-07 07:00:00,717643,210,W,HV,115,47.5,115,47.5,,,,,,,,,,,34.1527,-118.102255,ALTADENA,28.03
2025-01-07 07:00:00,717644,210,W,ML,630,49.3,174,51.5,163,51.4,112,52.0,95,43.1,86,44.3,,,34.152727,-118.098063,SAN GABRIEL,28.27
2025-01-07 07:00:00,717645,210,W,HV,112,46.3,112,46.3,,,,,,,,,,,34.152727,-118.098063,SAN GABRIEL,28.27
2025-01-07 07:00:00,717649,210,W,ML,574,57.8,160,62.7,142,60.5,96,49.3,91,54.5,85,57.5,,,34.148074,-118.08377,SIERRA MADRE V1,29.17
2025-01-07 07:00:00,717653,210,W,ML,438,58.9,117,60.3,111,59.0,88,58.6,75,58.2,47,57.3,,,34.148737,-118.071321,ROSEMEAD 1,29.879
2025-01-07 07:00:00,761318,210,W,HV,115,64.0,115,64.0,,,,,,,,,,,34.15195,-118.13555,LAKE 1,26.12
2025-01-07 07:00:00,761322,210,W,HV,117,51.0,117,51.0,,,,,,,,,,,34.152357,-118.123714,HILL,26.8
2025-01-07 07:00:00,761325,210,W,HV,125,50.4,125,50.4,,,,,,,,,,,34.148074,-118.08377,SIERRA MADRE V1,29.17
2025-01-07 07:00:00,761431,210,W,HV,115,64.0,115,64.0,,,,,,,,,,,34.148737,-118.071321,ROSEMEAD 1,29.879
2025-01-07 07:00:00,764135,210,W,HV,115,64.0,115,64.0,,,,,,,,,,,34.152092,-118.143249,MARENGO,25.68
2025-01-07 07:00:00,764137,210,W,ML,597,64.8,101,70.3,118,68.0,103,66.1,105,63.6,96,59.2,74,59.2,34.152092,-118.143249,MARENGO,25.68
2025-01-07 07:00:00,769807,210,W,ML,268,63.0,78,67.9,66,66.8,64,59.1,60,56.5,,,,,34.197068,-118.184827,FOOTHILL,20.98
2025-01-07 07:00:00,769867,210,W,ML,208,67.8,62,74.3,60,70.3,51,70.6,35,48.1,,,,,34.218652,-118.239558,LA CRESCENTA,17.38
2025-01-07 07:00:00,769911,210,W,ML,203,64.9,51,71.9,50,66.1,39,63.7,29,60.9,34,57.3,,,34.224897,-118.251344,PENNSYLVANIA,16.58
2025-01-07 07:00:00,769926,210,W,ML,289,62.5,52,69.3,57,66.0,50,61.4,47,58.7,43,58.7,40,58.9,34.214462,-118.232443,OCEAN VIEW,17.88
2025-01-07 07:00:00,769941,210,W,ML,183,66.2,53,72.3,53,63.6,43,70.2,34,55.5,,,,,34.207101,-118.204943,ANGELES CREST HWY SB,19.58
2025-01-07 07:00:00,769953,210,W,ML,185,68.8,57,72.2,47,68.3,57,66.5,24,67.2,,,,,34.206998,-118.201441,ANGELES CREST HWY NB,19.78
2025-01-07 07:00:00,769965,210,W,ML,140,68.1,51,73.1,6,70.8,55,71.0,28,52.5,,,,,34.232554,-118.271772,HONOLULU,15.28
2025-01-07 07:00:00,769983,210,W,ML,233,60.5,61,59.3,68,63.4,54,60.6,50,58.0,,,,,34.203186,-118.191671,GOULD,20.4
2025-01-07 07:00:00,770000,210,W,ML,267,61.6,69,66.6,73,63.3,65,59.0,60,56.5,,,,,34.19198,-118.181214,BERKSHIRE,21.39
2025-01-07 07:00:00,770129,210,W,ML,186,65.5,58,70.6,67,67.2,41,61.6,20,53.2,,,,,34.234984,-118.290562,LA TUNA CANYON NB,14.18
2025-01-07 07:00:00,770141,210,W,ML,111,61.7,29,67.3,41,65.0,11,66.0,30,50.0,,,,,34.234987,-118.294031,LA TUNA CANYON SB,13.98
2025-01-07 07:00:00,770386,210,W,ML,177,59.2,44,64.1,50,60.9,43,56.7,40,54.4,,,,,34.207155,-118.2137,EB/NB 2 TO EB 210 CN,19.08
2025-01-07 07:00:00,770401,210,W,ML,478,62.4,100,67.6,145,64.2,128,61.0,105,56.8,,,,,34.211095,-118.225948,EB/NB 2 TO WB 210 CN,18.32
2025-01-07 07:00:00,770568,210,W,ML,314,58.7,72,69.7,67,69.7,115,52.1,60,45.8,,,,,34.165953,-118.157943,HAMMOND ST.,23.79
2025-01-07 07:00:00,770579,210,W,ML,136,65.6,25,73.7,29,69.2,22,66.4,60,60.1,,,,,34.156597,-118.157944,WINONA WAY,24.442
2025-01-07 07:05:00,717615,210,W,ML,243,58.8,62,63.6,67,60.5,59,56.2,55,54.0,,,,,34.182539,-118.171545,ARROYO 1,22.3
2025-01-07 07:05:00,717622,210,W,ML,218,61.4,56,72.9,58,64.8,46,59.9,58,48.0,,,,,34.176273,-118.161942,LINCOLN 1,23.0
2025-01-07 07:05:00,717624,210,W,ML,260,59.5,54,65.4,60,62.2,52,57.8,48,55.4,46,55.2,,,34.164368,-118.158093,MOUNTAIN 1,23.9
2025-01-07 07:05:00,717627,210,W,ML,75,67.1,33,69.0,42,65.7,,,,,,,,,34.15225,-118.154678,WALNUT,24.9
2025-01-07 07:05:00,717630,210,W,ML,115,63.9,24,69.3,35,65.8,31,62.4,25,58.2,,,,,34.152218,-118.14821,FAIR OAKS 1,25.4
2025-01-07 07:05:00,717632,210,W,HV,116,63.9,116,63.9,,,,,,,,,,,34.152218,-118.14821,FAIR OAKS 1,25.4
2025-01-07 07:05:00,717634,210,W,ML,541,51.9,124,56.9,122,53.9,106,49.9,99,48.2,90,48.3,,,34.15195,-118.13555,LAKE 1,26.12
2025-01-07 07:05:00,717637,210,W,ML,628,54.3,152,61.9,145,60.8,102,52.5,103,46.7,126,45.3,,,34.152357,-118.123714,HILL,26.8
2025-01-07 07:05:00,717642,210,W,ML,632,43.4,145,52.5,135,43.8,106,42.7,105,36.8,141,39.0,,,34.1527,-118.102255,ALTADENA,28.03
2025-01-07 07:05:00,717643,210,W,HV,107,46.0,107,46.0,,,,,,,,,,,34.1527,-118.102255,ALTADENA,28.03
2025-01-07 07:05:00,717644,210,W,ML,625,41.9,156,43.8,155,45.0,90,35.3,116,40.5,108,41.6,,,34.152727,-118.098063,SAN GABRIEL,28.27
2025-01-07 07:05:00,717645,210,W,HV,111,42.7,111,42.7,,,,,,,,,,,34.152727,-118.098063,SAN GABRIEL,28.27
2025-01-07 07:05:00,717649,210,W,ML,611,55.6,154,61.5,153,59.1,101,47.3,105,51.8,98,53.8,,,34.148074,-118.08377,SIERRA MADRE V1,29.17
2025-01-07 07:05:00,717653,210,W,ML,503,55.9,133,56.8,127,55.7,101,55.2,86,55.7,56,55.6,,,34.148737,-118.071321,ROSEMEAD 1,29.879
2025-01-07 07:05:00,761318,210,W,HV,116,63.9,116,63.9,,,,,,,,,,,34.15195,-118.13555,LAKE 1,26.12
2025-01-07 07:05:00,761322,210,W,HV,108,52.5,108,52.5,,,,,,,,,,,34.152357,-118.123714,HILL,26.8
2025-01-07 07:05:00,761325,210,W,HV,117,50.1,117,50.1,,,,,,,,,,,34.148074,-118.08377,SIERRA MADRE V1,29.17
2025-01-07 07:05:00,761431,210,W,HV,116,63.9,116,63.9,,,,,,,,,,,34.148737,-118.071321,ROSEMEAD 1,29.879
2025-01-07 07:05:00,764135,210,W,HV,116,63.9,116,63.9,,,,,,,,,,,34.152092,-118.143249,MARENGO,25.68
2025-01-07 07:05:00,764137,210,W,ML,609,64.5,103,69.9,120,67.7,105,65.8,107,63.3,98,59.0,76,59.0,34.152092,-118.143249,MARENGO,25.68
2025-01-07 07:05:00,769807,210,W,ML,285,63.3,88,67.9,69,67.1,66,59.3,62,56.7,,,,,34.197068,-118.184827,FOOTHILL,20.98
2025-01-07 07:05:00,769867,210,W,ML,213,64.3,55,72.4,57,67.7,53,68.9,48,45.7,,,,,34.218652,-118.239558,LA CRESCENTA,17.38
2025-01-07 07:05:00,769911,210,W,ML,276,63.8,67,69.5,62,65.5,54,62.6,49,61.5,44,56.7,,,34.224897,-118.251344,PENNSYLVANIA,16.58
2025-01-07 07:05:00,769926,210,W,ML,310,60.9,58,67.3,62,64.0,53,59.6,48,57.1,45,57.3,44,57.7,34.214462,-118.232443,OCEAN VIEW,17.88
2025-01-07 07:05:00,769941,210,W,ML,196,60.4,37,72.3,65,62.5,46,61.0,48,47.9,,,,,34.207101,-118.204943,ANGELES CREST HWY SB,19.58
2025-01-07 07:05:00,769953,210,W,ML,202,65.4,57,71.5,52,66.6,51,63.6,42,58.0,,,,,34.206998,-118.201441,ANGELES CREST HWY NB,19.78
2025-01-07 07:05:00,769965,210,W,ML,187,67.3,82,71.8,7,71.0,65,69.1,33,51.9,,,,,34.232554,-118.271772,HONOLULU,15.28
2025-01-07 07:05:00,769983,210,W,ML,231,58.8,61,56.9,68,61.9,53,59.0,49,56.5,,,,,34.203186,-118.191671,GOULD,20.4
2025-01-07 07:05:00,770000,210,W,ML,277,61.8,72,66.8,76,63.6,67,59.2,62,56.7,,,,,34.19198,-118.181214,BERKSHIRE,21.39
2025-01-07 07:05:00,770129,210,W,ML,205,66.7,70,70.3,65,67.3,42,64.3,28,60.2,,,,,34.234984,-118.290562,LA TUNA CANYON NB,14.18
2025-01-07 07:05:00,770141,210,W,ML,114,62.5,30,67.4,42,65.1,11,66.1,31,53.1,,,,,34.234987,-118.294031,LA TUNA CANYON SB,13.98
2025-01-07 07:05:00,770386,210,W,ML,220,58.6,58,63.2,62,60.1,53,56.0,47,53.7,,,,,34.207155,-118.2137,EB/NB 2 TO EB 210 CN,19.08
2025-01-07 07:05:00,770401,210,W,ML,486,62.1,102,67.3,147,63.9,130,60.7,107,56.5,,,,,34.211095,-118.225948,EB/NB 2 TO WB 210 CN,18.32
2025-01-07 07:05:00,770568,210,W,ML,240,59.0,60,70.2,32,68.7,90,56.6,58,45.8,,,,,34.165953,-118.157943,HAMMOND ST.,23.79
2025-01-07 07:05:00,770579,210,W,ML,148,62.9,26,73.7,24,70.1,30,66.5,68,54.6,,,,,34.156597,-118.157944,WINONA WAY,24.442
2025-01-07 07:10:00,717615,210,W,ML,253,57.4,67,62.0,70,58.9,61,54.8,55,52.7,,,,,34.182539,-118.171545,ARROYO 1,22.3
2025-01-07 07:10:00,717622,210,W,ML,237,59.5,49,71.4,57,65.4,74,57.9,57,45.3,,,,,34.176273,-118.161942,LINCOLN 1,23.0
2025-01-07 07:10:00,717624,210,W,ML,297,59.7,64,65.5,68,62.3,60,58.0,54,55.6,51,55.3,,,34.164368,-118.158093,MOUNTAIN 1,23.9
2025-01-07 07:10:00,717627,210,W,ML,94,67.7,43,69.5,51,66.1,,,,,,,,,34.15225,-118.154678,WALNUT,24.9
2025-01-07 07:10:00,717630,210,W,ML,119,63.8,25,69.2,36,65.7,32,62.3,26,58.1,,,,,34.152218,-118.14821,FAIR OAKS 1,25.4
2025-01-07 07:10:00,717632,210,W,HV,119,63.8,119,63.8,,,,,,,,,,,34.152218,-118.14821,FAIR OAKS 1,25.4
2025-01-07 07:10:00,717634,210,W,ML,548,50.3,124,55.6,123,52.5,108,48.4,101,46.7,92,46.7,,,34.15195,-118.13555,LAKE 1,26.12
2025-01-07 07:10:00,717637,210,W,ML,641,52.3,158,59.9,145,59.2,110,46.8,107,45.4,121,45.1,,,34.152357,-118.123714,HILL,26.8
2025-01-07 07:10:00,717642,210,W,ML,655,40.6,148,50.0,138,45.2,108,39.2,107,34.5,154,32.8,,,34.1527,-118.102255,ALTADENA,28.03
2025-01-07 07:10:00,717643,210,W,HV,124,44.4,124,44.4,,,,,,,,,,,34.1527,-118.102255,ALTADENA,28.03
2025-01-07 07:10:00,717644,210,W,ML,648,37.7,153,40.1,149,39.6,115,32.2,121,37.5,110,37.9,,,34.152727,-118.098063,SAN GABRIEL,28.27
2025-01-07 07:10:00,717645,210,W,HV,121,40.1,121,40.1,,,,,,,,,,,34.152727,-118.098063,SAN GABRIEL,28.27
2025-01-07 07:10:00,717649,210,W,ML,628,55.3,173,61.9,156,59.5,98,44.8,108,49.8,93,53.2,,,34.148074,-118.08377,SIERRA MADRE V1,29.17
2025-01-07 07:10:00,717653,210,W,ML,479,55.4,127,56.2,121,55.1,96,54.6,82,55.3,53,55.3,,,34.148737,-118.071321,ROSEMEAD 1,29.879
2025-01-07 07:10:00,761318,210,W,HV,119,63.8,119,63.8,,,,,,,,,,,34.15195,-118.13555,LAKE 1,26.12
2025-01-07 07:10:00,761322,210,W,HV,107,51.4,107,51.4,,,,,,,,,,,34.152357,-118.123714,HILL,26.8
2025-01-07 07:10:00,761325,210,W,HV,122,50.6,122,50.6,,,,,,,,,,,34.148074,-118.08377,SIERRA MADRE V1,29.17
2025-01-07 07:10:00,761431,210,W,HV,119,63.8,119,63.8,,,,,,,,,,,34.148737,-118.071321,ROSEMEAD 1,29.879
2025-01-07 07:10:00,764135,210,W,HV,119,63.8,119,63.8,,,,,,,,,,,34.152092,-118.143249,MARENGO,25.68
2025-01-07 07:10:00,764137,210,W,ML,629,64.1,107,69.5,124,67.2,108,65.4,111,62.9,101,58.6,78,58.6,34.152092,-118.143249,MARENGO,25.68
2025-01-07 07:10:00,769807,210,W,ML,237,60.0,58,65.8,61,63.4,61,56.5,57,54.1,,,,,34.197068,-118.184827,FOOTHILL,20.98
2025-01-07 07:10:00,769867,210,W,ML,206,63.5,60,71.2,58,66.4,51,63.4,37,46.4,,,,,34.218652,-118.239558,LA CRESCENTA,17.38
2025-01-07 07:10:00,769911,210,W,ML,228,62.0,57,70.0,52,62.8,48,62.9,33,52.6,38,55.7,,,34.224897,-118.251344,PENNSYLVANIA,16.58
2025-01-07 07:10:00,769926,210,W,ML,289,60.0,52,66.3,57,63.0,50,58.8,47,56.3,43,56.6,40,57.0,34.214462,-118.232443,OCEAN VIEW,17.88
2025-01-07 07:10:00,769941,210,W,ML,223,63.5,47,72.2,75,63.1,53,67.6,48,51.3,,,,,34.207101,-118.204943,ANGELES CREST HWY SB,19.58
2025-01-07 07:10:00,769953,210,W,ML,184,64.4,29,71.7,76,65.2,41,63.3,38,58.6,,,,,34.206998,-118.201441,ANGELES CREST HWY NB,19.78
2025-01-07 07:10:00,769965,210,W,ML,167,63.6,58,70.3,16,70.9,61,62.9,32,49.0,,,,,34.232554,-118.271772,HONOLULU,15.28
2025-01-07 07:10:00,769983,210,W,ML,247,58.1,68,55.9,77,61.4,53,58.3,49,55.8,,,,,34.203186,-118.191671,GOULD,20.4
2025-01-07 07:10:00,770000,210,W,ML,254,59.2,65,63.9,70,60.8,62,56.7,57,54.5,,,,,34.19198,-118.181214,BERKSHIRE,21.39
2025-01-07 07:10:00,770129,210,W,ML,249,63.5,68,68.0,91,65.9,58,57.8,32,57.3,,,,,34.234984,-118.290562,LA TUNA CANYON NB,14.18
2025-01-07 07:10:00,770141,210,W,ML,164,61.8,48,66.0,58,64.1,16,65.9,42,52.1,,,,,34.234987,-118.294031,LA TUNA CANYON SB,13.98
2025-01-07 07:10:00,770386,210,W,ML,220,59.0,58,63.7,62,60.6,53,56.4,47,54.1,,,,,34.207155,-118.2137,EB/NB 2 TO EB 210 CN,19.08
2025-01-07 07:10:00,770401,210,W,ML,497,61.8,104,67.0,151,63.6,133,60.4,109,56.2,,,,,34.211095,-118.225948,EB/NB 2 TO WB 210 CN,18.32
2025-01-07 07:10:00,770568,210,W,ML,339,57.9,82,71.8,63,65.2,120,55.6,74,39.9,,,,,34.165953,-118.157943,HAMMOND ST.,23.79
2025-01-07 07:10:00,770579,210,W,ML,136,66.0,24,74.4,36,70.8,24,67.1,52,58.2,,,,,34.156597,-118.157944,WINONA WAY,24.442
2025-01-07 07:15:00,717615,210,W,ML,272,58.2,71,62.9,75,59.8,65,55.6,61,53.4,,,,,34.182539,-118.171545,ARROYO 1,22.3
2025-01-07 07:15:00,717622,210,W,ML,257,60.5,61,69.1,75,63.9,72,59.0,49,46.7,,,,,34.176273,-118.161942,LINCOLN 1,23.0
2025-01-07 07:15:00,717624,210,W,ML,315,60.1,68,65.9,72,62.7,63,58.4,58,55.9,54,55.6,,,34.164368,-118.158093,MOUNTAIN 1,23.9
2025-01-07 07:15:00,717627,210,W,ML,70,67.9,32,69.7,38,66.3,,,,,,,,,34.15225,-118.154678,WALNUT,24.9
2025-01-07 07:15:00,717630,210,W,ML,119,63.5,25,68.8,36,65.3,32,62.0,26,57.8,,,,,34.152218,-118.14821,FAIR OAKS 1,25.4
2025-01-07 07:15:00,717632,210,W,HV,120,63.5,120,63.5,,,,,,,,,,,34.152218,-118.14821,FAIR OAKS 1,25.4
2025-01-07 07:15:00,717634,210,W,ML,560,48.7,128,53.8,126,50.8,110,46.7,103,45.1,93,45.2,,,34.15195,-118.13555,LAKE 1,26.12
2025-01-07 07:15:00,717637,210,W,ML,687,49.4,174,56.1,144,55.9,118,44.7,112,44.6,139,41.9,,,34.152357,-118.123714,HILL,26.8
2025-01-07 07:15:00,717642,210,W,ML,642,40.2,142,47.2,139,44.5,105,40.0,101,35.2,155,33.4,,,34.1527,-118.102255,ALTADENA,28.03
2025-01-07 07:15:00,717643,210,W,HV,119,41.5,119,41.5,,,,,,,,,,,34.1527,-118.102255,ALTADENA,28.03
2025-01-07 07:15:00,717644,210,W,ML,634,38.3,147,38.9,150,38.5,123,35.9,119,38.4,95,40.1,,,34.152727,-118.098063,SAN GABRIEL,28.27
2025-01-07 07:15:00,717645,210,W,HV,123,38.8,123,38.8,,,,,,,,,,,34.152727,-118.098063,SAN GABRIEL,28.27
2025-01-07 07:15:00,717649,210,W,ML,606,56.2,154,60.9,142,61.6,100,49.2,103,50.5,107,54.0,,,34.148074,-118.08377,SIERRA MADRE V1,29.17
2025-01-07 07:15:00,717653,210,W,ML,548,56.0,145,57.0,138,55.9,109,55.4,95,55.8,61,55.6,,,34.148737,-118.071321,ROSEMEAD 1,29.879
2025-01-07 07:15:00,761318,210,W,HV,120,63.5,120,63.5,,,,,,,,,,,34.15195,-118.13555,LAKE 1,26.12
2025-01-07 07:15:00,761322,210,W,HV,127,50.5,127,50.5,,,,,,,,,,,34.152357,-118.123714,HILL,26.8
2025-01-07 07:15:00,761325,210,W,HV,121,50.1,121,50.1,,,,,,,,,,,34.148074,-118.08377,SIERRA MADRE V1,29.17
2025-01-07 07:15:00,761431,210,W,HV,120,63.5,120,63.5,,,,,,,,,,,34.148737,-118.071321,ROSEMEAD 1,29.879
2025-01-07 07:15:00,764135,210,W,HV,120,63.5,120,63.5,,,,,,,,,,,34.152092,-118.143249,MARENGO,25.68
2025-01-07 07:15:00,764137,210,W,ML,643,63.4,109,68.7,127,66.5,111,64.7,113,62.2,103,58.0,80,58.0,34.152092,-118.143249,MARENGO,25.68
2025-01-07 07:15:00,769807,210,W,ML,233,60.3,51,66.0,62,64.1,62,57.0,58,54.6,,,,,34.197068,-118.184827,FOOTHILL,20.98
2025-01-07 07:15:00,769867,210,W,ML,234,64.0,58,70.1,79,64.2,53,69.3,44,49.4,,,,,34.218652,-118.239558,LA CRESCENTA,17.38
2025-01-07 07:15:00,769911,210,W,ML,278,61.3,78,69.0,58,61.4,60,62.4,40,51.2,42,55.1,,,34.224897,-118.251344,PENNSYLVANIA,16.58
2025-01-07 07:15:00,769926,210,W,ML,300,58.6,55,64.5,59,61.4,51,57.3,48,54.9,45,55.3,42,56.0,34.214462,-118.232443,OCEAN VIEW,17.88
2025-01-07 07:15:00,769941,210,W,ML,226,62.6,59,71.7,65,61.6,41,64.8,61,53.2,,,,,34.207101,-118.204943,ANGELES CREST HWY SB,19.58
2025-01-07 07:15:00,769953,210,W,ML,238,62.9,56,70.4,84,63.6,52,58.4,46,57.7,,,,,34.206998,-118.201441,ANGELES CREST HWY NB,19.78
2025-01-07 07:15:00,769965,210,W,ML,193,64.6,80,69.7,16,70.9,69,65.2,28,45.1,,,,,34.232554,-118.271772,HONOLULU,15.28
2025-01-07 07:15:00,769983,210,W,ML,278,56.1,78,52.7,90,59.3,57,57.0,53,54.7,,,,,34.203186,-118.191671,GOULD,20.4
2025-01-07 07:15:00,770000,210,W,ML,256,59.7,66,64.4,70,61.3,62,57.2,58,54.9,,,,,34.19198,-118.181214,BERKSHIRE,21.39
2025-01-07 07:15:00,770129,210,W,ML,244,64.2,83,67.0,77,65.9,56,59.7,28,59.9,,,,,34.234984,-118.290562,LA TUNA CANYON NB,14.18
2025-01-07 07:15:00,770141,210,W,ML,158,61.7,46,66.0,56,64.1,15,65.9,41,52.1,,,,,34.234987,-118.294031,LA TUNA CANYON SB,13.98
2025-01-07 07:15:00,770386,210,W,ML,263,57.8,68,62.5,73,59.4,64,55.3,58,53.2,,,,,34.207155,-118.2137,EB/NB 2 TO EB 210 CN,19.08
2025-01-07 07:15:00,770401,210,W,ML,507,61.4,106,66.6,154,63.2,136,60.0,111,55.9,,,,,34.211095,-118.225948,EB/NB 2 TO WB 210 CN,18.32
2025-01-07 07:15:00,770568,210,W,ML,326,53.4,65,69.9,64,65.4,96,45.4,101,42.8,,,,,34.165953,-118.157943,HAMMOND ST.,23.79
2025-01-07 07:15:00,770579,210,W,ML,114,64.1,8,74.6,18,70.8,29,67.3,59,59.0,,,,,34.156597,-118.157944,WINONA WAY,24.442
2025-01-07 07:20:00,717615,210,W,ML,270,59.7,70,64.6,74,61.5,65,57.1,61,54.8,,,,,34.182539,-118.171545,ARROYO 1,22.3
2025-01-07 07:20:00,717622,210,W,ML,250,60.6,49,70.4,67,65.1,66,61.1,68,48.8,,,,,34.176273,-118.161942,LINCOLN 1,23.0
2025-01-07 07:20:00,717624,210,W,ML,258,60.0,53,65.9,59,62.7,51,58.5,48,56.0,47,55.7,,,34.164368,-118.158093,MOUNTAIN 1,23.9
2025-01-07 07:20:00,717627,210,W,ML,105,67.7,50,69.4,55,66.1,,,,,,,,,34.15225,-118.154678,WALNUT,24.9
2025-01-07 07:20:00,717630,210,W,ML,121,63.3,25,68.6,37,65.1,32,61.8,27,57.6,,,,,34.152218,-118.14821,FAIR OAKS 1,25.4
2025-01-07 07:20:00,717632,210,W,HV,121,63.3,121,63.3,,,,,,,,,,,34.152218,-118.14821,FAIR OAKS 1,25.4
2025-01-07 07:20:00,717634,210,W,ML,583,46.7,131,51.3,130,48.5,115,44.6,108,43.5,99,44.0,,,34.15195,-118.13555,LAKE 1,26.12
2025-01-07 07:20:00,717637,210,W,ML,686,45.8,166,51.2,160,51.1,134,44.2,103,41.4,123,36.9,,,34.152357,-118.123714,HILL,26.8
2025-01-07 07:20:00,717642,210,W,ML,662,38.4,149,44.4,139,41.8,111,38.7,110,34.1,153,32.4,,,34.1527,-118.102255,ALTADENA,28.03
2025-01-07 07:20:00,717643,210,W,HV,119,39.3,119,39.3,,,,,,,,,,,34.1527,-118.102255,ALTADENA,28.03
2025-01-07 07:20:00,717644,210,W,ML,657,37.3,158,36.0,153,37.3,138,40.3,98,32.6,110,39.5,,,34.152727,-118.098063,SAN GABRIEL,28.27
2025-01-07 07:20:00,717645,210,W,HV,119,36.6,119,36.6,,,,,,,,,,,34.152727,-118.098063,SAN GABRIEL,28.27
2025-01-07 07:20:00,717649,210,W,ML,639,55.5,164,61.2,139,59.0,109,49.2,109,50.6,118,53.5,,,34.148074,-118.08377,SIERRA MADRE V1,29.17
2025-01-07 07:20:00,717653,210,W,ML,550,55.6,148,56.5,139,55.4,110,54.9,93,55.5,60,55.4,,,34.148737,-118.071321,ROSEMEAD 1,29.879
2025-01-07 07:20:00,761318,210,W,HV,121,63.3,121,63.3,,,,,,,,,,,34.15195,-118.13555,LAKE 1,26.12
2025-01-07 07:20:00,761322,210,W,HV,120,46.6,120,46.6,,,,,,,,,,,34.152357,-118.123714,HILL,26.8
2025-01-07 07:20:00,761325,210,W,HV,114,49.7,114,49.7,,,,,,,,,,,34.148074,-118.08377,SIERRA MADRE V1,29.17
2025-01-07 07:20:00,761431,210,W,HV,121,63.3,121,63.3,,,,,,,,,,,34.148737,-118.071321,ROSEMEAD 1,29.879
2025-01-07 07:20:00,764135,210,W,HV,121,63.3,121,63.3,,,,,,,,,,,34.152092,-118.143249,MARENGO,25.68
2025-01-07 07:20:00,764137,210,W,ML,637,62.9,108,68.2,126,66.0,110,64.2,112,61.7,102,57.5,79,57.5,34.152092,-118.143249,MARENGO,25.68
2025-01-07 07:20:00,769807,210,W,ML,273,60.7,87,65.2,64,63.9,63,56.8,59,54.5,,,,,34.197068,-118.184827,FOOTHILL,20.98
2025-01-07 07:20:00,769867,210,W,ML,277,64.1,77,69.0,89,63.4,67,66.3,44,53.3,,,,,34.218652,-118.239558,LA CRESCENTA,17.38
2025-01-07 07:20:00,769911,210,W,ML,285,60.2,81,68.5,58,60.8,58,57.7,44,54.2,44,53.3,,,34.224897,-118.251344,PENNSYLVANIA,16.58
2025-01-07 07:20:00,769926,210,W,ML,360,58.1,67,63.9,70,60.8,62,56.7,57,54.5,54,54.9,50,55.6,34.214462,-118.232443,OCEAN VIEW,17.88
2025-01-07 07:20:00,769941,210,W,ML,283,64.0,83,70.4,73,65.1,73,66.7,54,49.2,,,,,34.207101,-118.204943,ANGELES CREST HWY SB,19.58
2025-01-07 07:20:00,769953,210,W,ML,286,64.9,92,69.0,78,65.6,77,63.0,39,57.7,,,,,34.206998,-118.201441,ANGELES CREST HWY NB,19.78
2025-01-07 07:20:00,769965,210,W,ML,198,65.4,89,70.1,10,70.0,69,65.4,30,50.1,,,,,34.232554,-118.271772,HONOLULU,15.28
2025-01-07 07:20:00,769983,210,W,ML,317,58.1,87,56.0,102,61.4,66,58.1,62,55.6,,,,,34.203186,-118.191671,GOULD,20.4
2025-01-07 07:20:00,770000,210,W,ML,261,59.5,67,64.3,72,61.2,63,57.1,59,54.8,,,,,34.19198,-118.181214,BERKSHIRE,21.39
2025-01-07 07:20:00,770129,210,W,ML,242,64.9,74,67.1,87,66.1,50,62.0,31,61.0,,,,,34.234984,-118.290562,LA TUNA CANYON NB,14.18
2025-01-07 07:20:00,770141,210,W,ML,139,61.9,39,66.2,50,64.3,14,65.9,36,52.3,,,,,34.234987,-118.294031,LA TUNA CANYON SB,13.98
2025-01-07 07:20:00,770386,210,W,ML,275,60.4,72,65.3,76,62.1,66,57.8,61,55.4,,,,,34.207155,-118.2137,EB/NB 2 TO EB 210 CN,19.08
2025-01-07 07:20:00,770401,210,W,ML,511,61.0,107,66.1,155,62.8,137,59.6,112,55.5,,,,,34.211095,-118.225948,EB/NB 2 TO WB 210 CN,18.32
2025-01-07 07:20:00,770568,210,W,ML,327,57.0,103,70.3,48,64.3,104,50.9,72,42.1,,,,,34.165953,-118.157943,HAMMOND ST.,23.79
2025-01-07 07:20:00,770579,210,W,ML,171,68.0,37,74.7,42,71.2,49,67.0,43,60.1,,,,,34.156597,-118.157944,WINONA WAY,24.442
2025-01-07 07:25:00,717615,210,W,ML,277,60.2,73,65.1,76,62.0,66,57.6,62,55.2,,,,,34.182539,-118.171545,ARROYO 1,22.3
2025-01-07 07:25:00,717622,210,W,ML,267,61.5,38,71.9,95,68.0,74,61.7,60,44.3,,,,,34.176273,-118.161942,LINCOLN 1,23.0
2025-01-07 07:25:00,717624,210,W,ML,360,60.5,79,66.3,81,63.2,71,58.9,66,56.4,63,56.1,,,34.164368,-118.158093,MOUNTAIN 1,23.9
2025-01-07 07:25:00,717627,210,W,ML,126,67.4,60,69.2,66,65.8,,,,,,,,,34.15225,-118.154678,WALNUT,24.9
2025-01-07 07:25:00,717630,210,W,ML,121,62.9,25,68.2,37,64.7,32,61.4,27,57.2,,,,,34.152218,-118.14821,FAIR OAKS 1,25.4
2025-01-07 07:25:00,717632,210,W,HV,121,62.9,121,62.9,,,,,,,,,,,34.152218,-118.14821,FAIR OAKS 1,25.4
2025-01-07 07:25:00,717634,210,W,ML,583,43.8,134,47.9,131,45.4,114,41.7,107,40.9,97,41.6,,,34.15195,-118.13555,LAKE 1,26.12
2025-01-07 07:25:00,717637,210,W,ML,694,40.7,167,44.8,149,44.2,121,40.2,119,37.7,138,35.2,,,34.152357,-118.123714,HILL,26.8
2025-01-07 07:25:00,717642,210,W,ML,671,36.2,160,44.0,140,41.0,113,35.6,111,31.4,147,27.1,,,34.1527,-118.102255,ALTADENA,28.03
2025-01-07 07:25:00,717643,210,W,HV,116,39.8,116,39.8,,,,,,,,,,,34.1527,-118.102255,ALTADENA,28.03
2025-01-07 07:25:00,717644,210,W,ML,691,34.9,157,36.0,148,35.4,140,38.1,131,31.4,115,32.8,,,34.152727,-118.098063,SAN GABRIEL,28.27
2025-01-07 07:25:00,717645,210,W,HV,121,36.2,121,36.2,,,,,,,,,,,34.152727,-118.098063,SAN GABRIEL,28.27
2025-01-07 07:25:00,717649,210,W,ML,642,55.7,162,61.8,155,59.5,104,52.8,114,48.6,107,51.4,,,34.148074,-118.08377,SIERRA MADRE V1,29.17
2025-01-07 07:25:00,717653,210,W,ML,549,54.5,145,54.4,138,53.4,109,54.7,95,55.4,62,55.0,,,34.148737,-118.071321,ROSEMEAD 1,29.879
2025-01-07 07:25:00,761318,210,W,HV,121,62.9,121,62.9,,,,,,,,,,,34.15195,-118.13555,LAKE 1,26.12
2025-01-07 07:25:00,761322,210,W,HV,114,43.6,114,43.6,,,,,,,,,,,34.152357,-118.123714,HILL,26.8
2025-01-07 07:25:00,761325,210,W,HV,121,49.6,121,49.6,,,,,,,,,,,34.148074,-118.08377,SIERRA MADRE V1,29.17
2025-01-07 07:25:00,761431,210,W,HV,121,62.9,121,62.9,,,,,,,,,,,34.148737,-118.071321,ROSEMEAD 1,29.879
2025-01-07 07:25:00,764135,210,W,HV,121,62.9,121,62.9,,,,,,,,,,,34.152092,-118.143249,MARENGO,25.68
2025-01-07 07:25:00,764137,210,W,ML,633,62.3,107,67.5,125,65.3,109,63.6,111,61.1,102,56.9,79,56.9,34.152092,-118.143249,MARENGO,25.68
2025-01-07 07:25:00,769807,210,W,ML,341,61.7,90,66.7,93,65.3,82,57.9,76,55.4,,,,,34.197068,-118.184827,FOOTHILL,20.98
2025-01-07 07:25:00,769867,210,W,ML,251,67.2,70,72.4,66,66.6,56,66.7,59,62.1,,,,,34.218652,-118.239558,LA CRESCENTA,17.38
2025-01-07 07:25:00,769911,210,W,ML,284,61.4,84,68.9,61,63.3,51,56.2,44,55.9,44,56.2,,,34.224897,-118.251344,PENNSYLVANIA,16.58
2025-01-07 07:25:00,769926,210,W,ML,365,62.3,69,68.9,72,65.6,63,61.3,56,58.4,53,57.8,52,58.7,34.214462,-118.232443,OCEAN VIEW,17.88
2025-01-07 07:25:00,769941,210,W,ML,249,66.7,62,72.9,85,65.1,44,69.1,58,60.8,,,,,34.207101,-118.204943,ANGELES CREST HWY SB,19.58
2025-01-07 07:25:00,769953,210,W,ML,251,67.4,55,71.6,89,66.8,66,71.8,41,56.1,,,,,34.206998,-118.201441,ANGELES CREST HWY NB,19.78
2025-01-07 07:25:00,769965,210,W,ML,210,63.2,89,68.9,9,70.4,67,61.9,45,52.2,,,,,34.232554,-118.271772,HONOLULU,15.28
2025-01-07 07:25:00,769983,210,W,ML,324,60.6,87,60.7,102,64.8,70,58.5,65,56.0,,,,,34.203186,-118.191671,GOULD,20.4
2025-01-07 07:25:00,770000,210,W,ML,346,60.6,93,65.4,94,62.2,82,58.0,77,55.6,,,,,34.19198,-118.181214,BERKSHIRE,21.39
2025-01-07 07:25:00,770129,210,W,ML,296,64.4,99,66.7,98,66.0,63,60.7,36,60.4,,,,,34.234984,-118.290562,LA TUNA CANYON NB,14.18
2025-01-07 07:25:00,770141,210,W,ML,180,61.9,54,66.1,63,64.2,18,65.9,45,52.2,,,,,34.234987,-118.294031,LA TUNA CANYON SB,13.98
2025-01-07 07:25:00,770386,210,W,ML,256,62.8,68,67.8,71,64.6,62,60.2,55,57.4,,,,,34.207155,-118.2137,EB/NB 2 TO EB 210 CN,19.08
2025-01-07 07:25:00,770401,210,W,ML,511,60.4,107,65.5,155,62.2,137,59.0,112,55.0,,,,,34.211095,-118.225948,EB/NB 2 TO WB 210 CN,18.32
2025-01-07 07:25:00,770568,210,W,ML,438,55.3,142,65.4,95,63.6,115,46.8,86,40.9,,,,,34.165953,-118.157943,HAMMOND ST.,23.79
2025-01-07 07:25:00,770579,210,W,ML,188,68.1,42,74.1,56,70.5,36,66.7,54,61.8,,,,,34.156597,-118.157944,WINONA WAY,24.442
2025-01-07 07:30:00,717615,210,W,ML,288,55.3,76,59.8,79,56.8,69,52.8,64,50.9,,,,,34.182539,-118.171545,ARROYO 1,22.3
2025-01-07 07:30:00,717622,210,W,ML,339,61.5,86,72.0,112,67.2,77,55.3,64,45.1,,,,,34.176273,-118.161942,LINCOLN 1,23.0
2025-01-07 07:30:00,717624,210,W,ML,365,59.8,80,65.5,83,62.4,72,58.1,67,55.6,63,55.4,,,34.164368,-118.158093,MOUNTAIN 1,23.9
2025-01-07 07:30:00,717627,210,W,ML,103,66.3,48,68.1,55,64.8,,,,,,,,,34.15225,-118.154678,WALNUT,24.9
2025-01-07 07:30:00,717630,210,W,ML,123,62.7,26,68.0,37,64.5,33,61.2,27,57.1,,,,,34.152218,-118.14821,FAIR OAKS 1,25.4
2025-01-07 07:30:00,717632,210,W,HV,122,62.7,122,62.7,,,,,,,,,,,34.152218,-118.14821,FAIR OAKS 1,25.4
2025-01-07 07:30:00,717634,210,W,ML,567,42.3,130,46.0,127,43.5,111,40.5,104,39.9,95,40.6,,,34.15195,-118.13555,LAKE 1,26.12
2025-01-07 07:30:00,717637,210,W,ML,665,38.7,160,43.4,140,41.7,123,38.0,118,36.9,124,31.4,,,34.152357,-118.123714,HILL,26.8
2025-01-07 07:30:00,717642,210,W,ML,615,34.2,137,44.4,129,34.4,101,33.7,101,30.6,147,27.2,,,34.1527,-118.102255,ALTADENA,28.03
2025-01-07 07:30:00,717643,210,W,HV,133,37.1,133,37.1,,,,,,,,,,,34.1527,-118.102255,ALTADENA,28.03
2025-01-07 07:30:00,717644,210,W,ML,609,33.2,142,32.4,137,32.9,114,36.0,114,32.3,102,32.4,,,34.152727,-118.098063,SAN GABRIEL,28.27
2025-01-07 07:30:00,717645,210,W,HV,130,34.9,130,34.9,,,,,,,,,,,34.152727,-118.098063,SAN GABRIEL,28.27
2025-01-07 07:30:00,717649,210,W,ML,595,54.9,158,61.4,147,58.4,94,48.3,101,48.0,95,52.3,,,34.148074,-118.08377,SIERRA MADRE V1,29.17
2025-01-07 07:30:00,717653,210,W,ML,488,54.6,129,55.3,123,54.3,98,53.8,84,54.7,54,54.9,,,34.148737,-118.071321,ROSEMEAD 1,29.879
2025-01-07 07:30:00,761318,210,W,HV,122,62.7,122,62.7,,,,,,,,,,,34.15195,-118.13555,LAKE 1,26.12
2025-01-07 07:30:00,761322,210,W,HV,129,43.4,129,43.4,,,,,,,,,,,34.152357,-118.123714,HILL,26.8
2025-01-07 07:30:00,761325,210,W,HV,121,49.3,121,49.3,,,,,,,,,,,34.148074,-118.08377,SIERRA MADRE V1,29.17
2025-01-07 07:30:00,761431,210,W,HV,122,62.7,122,62.7,,,,,,,,,,,34.148737,-118.071321,ROSEMEAD 1,29.879
2025-01-07 07:30:00,764135,210,W,HV,122,62.7,122,62.7,,,,,,,,,,,34.152092,-118.143249,MARENGO,25.68
2025-01-07 07:30:00,764137,210,W,ML,635,61.4,108,66.6,125,64.4,109,62.6,112,60.2,102,56.1,79,56.1,34.152092,-118.143249,MARENGO,25.68
2025-01-07 07:30:00,769807,210,W,ML,300,63.3,65,67.5,86,68.1,77,60.1,72,57.4,,,,,34.197068,-118.184827,FOOTHILL,20.98
2025-01-07 07:30:00,769867,210,W,ML,277,66.1,83,70.6,77,66.3,61,65.1,56,60.0,,,,,34.218652,-118.239558,LA CRESCENTA,17.38
2025-01-07 07:30:00,769911,210,W,ML,289,63.3,81,68.7,65,64.7,54,60.8,42,61.7,47,56.3,,,34.224897,-118.251344,PENNSYLVANIA,16.58
2025-01-07 07:30:00,769926,210,W,ML,351,60.8,66,67.2,70,64.0,60,59.7,54,57.0,51,56.6,50,57.7,34.214462,-118.232443,OCEAN VIEW,17.88
2025-01-07 07:30:00,769941,210,W,ML,295,63.6,79,69.7,97,65.7,50,60.9,69,55.7,,,,,34.207101,-118.204943,ANGELES CREST HWY SB,19.58
2025-01-07 07:30:00,769953,210,W,ML,313,64.9,81,69.7,97,67.2,67,66.0,68,54.8,,,,,34.206998,-118.201441,ANGELES CREST HWY NB,19.78
2025-01-07 07:30:00,769965,210,W,ML,196,66.2,81,69.3,12,70.5,72,66.5,31,55.8,,,,,34.232554,-118.271772,HONOLULU,15.28
2025-01-07 07:30:00,769983,210,W,ML,341,59.8,92,58.4,108,62.9,73,59.6,68,57.0,,,,,34.203186,-118.191671,GOULD,20.4
2025-01-07 07:30:00,770000,210,W,ML,324,62.6,86,67.6,89,64.3,77,59.9,72,57.3,,,,,34.19198,-118.181214,BERKSHIRE,21.39
2025-01-07 07:30:00,770129,210,W,ML,248,65.3,75,67.1,81,67.1,62,61.3,30,64.0,,,,,34.234984,-118.290562,LA TUNA CANYON NB,14.18
2025-01-07 07:30:00,770141,210,W,ML,177,62.7,53,67.2,62,65.0,17,66.0,45,53.0,,,,,34.234987,-118.294031,LA TUNA CANYON SB,13.98
2025-01-07 07:30:00,770386,210,W,ML,295,59.7,79,64.4,81,61.3,71,57.0,64,54.7,,,,,34.207155,-118.2137,EB/NB 2 TO EB 210 CN,19.08
2025-01-07 07:30:00,770401,210,W,ML,511,59.8,107,64.8,155,61.5,137,58.4,112,54.4,,,,,34.211095,-118.225948,EB/NB 2 TO WB 210 CN,18.32
2025-01-07 07:30:00,770568,210,W,ML,364,55.3,114,67.7,71,65.0,103,46.5,76,39.8,,,,,34.165953,-118.157943,HAMMOND ST.,23.79
2025-01-07 07:30:00,770579,210,W,ML,218,64.1,30,74.3,42,68.7,39,66.7,107,58.5,,,,,34.156597,-118.157944,WINONA WAY,24.442
2025-01-07 07:35:00,717615,210,W,ML,379,56.0,103,60.5,103,57.5,89,53.4,84,51.5,,,,,34.182539,-118.171545,ARROYO 1,22.3
2025-01-07 07:35:00,717622,210,W,ML,398,60.8,110,69.3,106,66.2,113,56.1,69,46.6,,,,,34.176273,-118.161942,LINCOLN 1,23.0
2025-01-07 07:35:00,717624,210,W,ML,335,59.6,73,65.4,76,62.2,67,57.9,61,55.4,58,55.2,,,34.164368,-118.158093,MOUNTAIN 1,23.9
2025-01-07 07:35:00,717627,210,W,ML,149,65.9,73,67.6,76,64.3,,,,,,,,,34.15225,-118.154678,WALNUT,24.9
2025-01-07 07:35:00,717630,210,W,ML,123,62.4,26,67.6,37,64.2,33,61.0,27,56.8,,,,,34.152218,-118.14821,FAIR OAKS 1,25.4
2025-01-07 07:35:00,717632,210,W,HV,122,62.4,122,62.4,,,,,,,,,,,34.152218,-118.14821,FAIR OAKS 1,25.4
2025-01-07 07:35:00,717634,210,W,ML,541,43.3,121,47.2,121,44.7,107,41.4,101,40.6,91,41.3,,,34.15195,-118.13555,LAKE 1,26.12
2025-01-07 07:35:00,717637,210,W,ML,655,39.8,163,44.3,151,42.4,119,40.2,113,37.0,109,31.9,,,34.152357,-118.123714,HILL,26.8
2025-01-07 07:35:00,717642,210,W,ML,597,30.3,134,36.7,133,31.7,102,30.4,100,27.1,128,24.7,,,34.1527,-118.102255,ALTADENA,28.03
2025-01-07 07:35:00,717643,210,W,HV,126,33.0,126,33.0,,,,,,,,,,,34.1527,-118.102255,ALTADENA,28.03
2025-01-07 07:35:00,717644,210,W,ML,606,30.2,132,30.1,135,30.6,122,34.5,120,28.7,97,26.3,,,34.152727,-118.098063,SAN GABRIEL,28.27
2025-01-07 07:35:00,717645,210,W,HV,135,30.8,135,30.8,,,,,,,,,,,34.152727,-118.098063,SAN GABRIEL,28.27
2025-01-07 07:35:00,717649,210,W,ML,622,54.7,153,61.4,142,57.2,117,52.7,102,46.7,108,51.4,,,34.148074,-118.08377,SIERRA MADRE V1,29.17
2025-01-07 07:35:00,717653,210,W,ML,551,54.5,146,54.4,139,53.4,110,54.6,95,55.4,61,55.0,,,34.148737,-118.071321,ROSEMEAD 1,29.879
2025-01-07 07:35:00,761318,210,W,HV,122,62.4,122,62.4,,,,,,,,,,,34.15195,-118.13555,LAKE 1,26.12
2025-01-07 07:35:00,761322,210,W,HV,124,43.4,124,43.4,,,,,,,,,,,34.152357,-118.123714,HILL,26.8
2025-01-07 07:35:00,761325,210,W,HV,125,48.4,125,48.4,,,,,,,,,,,34.148074,-118.08377,SIERRA MADRE V1,29.17
2025-01-07 07:35:00,761431,210,W,HV,122,62.4,122,62.4,,,,,,,,,,,34.148737,-118.071321,ROSEMEAD 1,29.879
2025-01-07 07:35:00,764135,210,W,HV,122,62.4,122,62.4,,,,,,,,,,,34.152092,-118.143249,MARENGO,25.68
2025-01-07 07:35:00,764137,210,W,ML,637,60.8,108,65.9,126,63.7,110,62.0,112,59.6,102,55.6,79,55.6,34.152092,-118.143249,MARENGO,25.68
2025-01-07 07:35:00,769807,210,W,ML,361,63.0,91,67.7,102,67.0,87,59.2,81,56.6,,,,,34.197068,-118.184827,FOOTHILL,20.98
2025-01-07 07:35:00,769867,210,W,ML,284,66.3,91,71.3,79,65.3,62,64.8,52,60.9,,,,,34.218652,-118.239558,LA CRESCENTA,17.38
2025-01-07 07:35:00,769911,210,W,ML,306,61.8,75,68.1,66,63.5,65,59.4,51,59.3,49,55.4,,,34.224897,-118.251344,PENNSYLVANIA,16.58
2025-01-07 07:35:00,769926,210,W,ML,338,61.1,62,67.6,66,64.3,58,59.9,54,57.4,51,57.1,47,58.1,34.214462,-118.232443,OCEAN VIEW,17.88
2025-01-07 07:35:00,769941,210,W,ML,302,63.8,83,68.4,106,65.8,45,62.0,68,56.1,,,,,34.207101,-118.204943,ANGELES CREST HWY SB,19.58
2025-01-07 07:35:00,769953,210,W,ML,309,61.5,81,68.7,101,63.2,77,62.0,50,45.7,,,,,34.206998,-118.201441,ANGELES CREST HWY NB,19.78
2025-01-07 07:35:00,769965,210,W,ML,229,63.7,103,69.0,12,70.5,62,60.6,52,55.5,,,,,34.232554,-118.271772,HONOLULU,15.28
2025-01-07 07:35:00,769983,210,W,ML,367,57.0,99,54.1,117,60.4,78,57.3,73,54.9,,,,,34.203186,-118.191671,GOULD,20.4
2025-01-07 07:35:00,770000,210,W,ML,370,61.8,100,66.7,101,63.5,87,59.2,82,56.7,,,,,34.19198,-118.181214,BERKSHIRE,21.39
2025-01-07 07:35:00,770129,210,W,ML,278,64.5,98,66.4,84,65.3,55,60.4,41,63.5,,,,,34.234984,-118.290562,LA TUNA CANYON NB,14.18
2025-01-07 07:35:00,770141,210,W,ML,162,61.4,48,65.4,57,63.7,16,65.8,41,51.7,,,,,34.234987,-118.294031,LA TUNA CANYON SB,13.98
2025-01-07 07:35:00,770386,210,W,ML,291,60.5,78,65.3,80,62.2,70,57.8,63,55.4,,,,,34.207155,-118.2137,EB/NB 2 TO EB 210 CN,19.08
2025-01-07 07:35:00,770401,210,W,ML,511,59.1,107,64.1,155,60.8,137,57.7,112,53.8,,,,,34.211095,-118.225948,EB/NB 2 TO WB 210 CN,18.32
2025-01-07 07:35:00,770568,210,W,ML,341,56.6,88,68.7,62,66.7,112,52.5,79,41.0,,,,,34.165953,-118.157943,HAMMOND ST.,23.79
2025-01-07 07:35:00,770579,210,W,ML,224,66.0,57,73.4,71,68.1,33,66.6,63,56.5,,,,,34.156597,-118.157944,WINONA WAY,24.442
2025-01-07 07:40:00,717615,210,W,ML,298,56.8,80,61.3,82,58.3,71,54.2,65,52.2,,,,,34.182539,-118.171545,ARROYO 1,22.3
2025-01-07 07:40:00,717622,210,W,ML,304,61.9,70,72.3,86,68.3,78,57.1,70,49.0,,,,,34.176273,-118.161942,LINCOLN 1,23.0
2025-01-07 07:40:00,717624,210,W,ML,400,59.7,89,65.4,91,62.3,79,58.0,73,55.6,68,55.3,,,34.164368,-118.158093,MOUNTAIN 1,23.9
2025-01-07 07:40:00,717627,210,W,ML,176,66.5,87,68.2,89,64.8,,,,,,,,,34.15225,-118.154678,WALNUT,24.9
2025-01-07 07:40:00,717630,210,W,ML,123,62.1,26,67.3,37,63.9,33,60.7,27,56.5,,,,,34.152218,-118.14821,FAIR OAKS 1,25.4
2025-01-07 07:40:00,717632,210,W,HV,122,62.1,122,62.1,,,,,,,,,,,34.152218,-118.14821,FAIR OAKS 1,25.4
2025-01-07 07:40:00,717634,210,W,ML,526,38.4,119,41.7,119,39.3,103,36.5,97,36.1,88,37.4,,,34.15195,-118.13555,LAKE 1,26.12
2025-01-07 07:40:00,717637,210,W,ML,601,32.8,139,37.4,129,34.6,116,34.4,108,31.1,109,25.0,,,34.152357,-118.123714,HILL,26.8
2025-01-07 07:40:00,717642,210,W,ML,592,29.7,137,38.3,131,32.8,98,28.0,97,25.9,129,21.5,,,34.1527,-118.102255,ALTADENA,28.03
2025-01-07 07:40:00,717643,210,W,HV,138,31.7,138,31.7,,,,,,,,,,,34.1527,-118.102255,ALTADENA,28.03
2025-01-07 07:40:00,717644,210,W,ML,588,27.1,130,30.1,132,28.9,114,30.4,115,23.5,97,21.3,,,34.152727,-118.098063,SAN GABRIEL,28.27
2025-01-07 07:40:00,717645,210,W,HV,133,25.9,133,25.9,,,,,,,,,,,34.152727,-118.098063,SAN GABRIEL,28.27
2025-01-07 07:40:00,717649,210,W,ML,623,49.1,142,48.7,138,51.1,111,48.2,99,45.3,133,51.1,,,34.148074,-118.08377,SIERRA MADRE V1,29.17
2025-01-07 07:40:00,717653,210,W,ML,546,52.8,146,52.5,138,52.0,109,52.7,93,53.9,60,54.3,,,34.148737,-118.071321,ROSEMEAD 1,29.879
2025-01-07 07:40:00,761318,210,W,HV,122,62.1,122,62.1,,,,,,,,,,,34.15195,-118.13555,LAKE 1,26.12
2025-01-07 07:40:00,761322,210,W,HV,124,40.8,124,40.8,,,,,,,,,,,34.152357,-118.123714,HILL,26.8
2025-01-07 07:40:00,761325,210,W,HV,132,41.4,132,41.4,,,,,,,,,,,34.148074,-118.08377,SIERRA MADRE V1,29.17
2025-01-07 07:40:00,761431,210,W,HV,122,62.1,122,62.1,,,,,,,,,,,34.148737,-118.071321,ROSEMEAD 1,29.879
2025-01-07 07:40:00,764135,210,W,HV,122,62.1,122,62.1,,,,,,,,,,,34.152092,-118.143249,MARENGO,25.68
2025-01-07 07:40:00,764137,210,W,ML,637,60.0,108,65.0,126,62.9,110,61.2,112,58.8,102,54.8,79,54.8,34.152092,-118.143249,MARENGO,25.68
2025-01-07 07:40:00,769807,210,W,ML,328,62.2,100,67.5,83,65.4,75,58.0,70,55.5,,,,,34.197068,-118.184827,FOOTHILL,20.98
2025-01-07 07:40:00,769867,210,W,ML,279,64.8,78,69.1,86,64.8,57,62.6,58,61.1,,,,,34.218652,-118.239558,LA CRESCENTA,17.38
2025-01-07 07:40:00,769911,210,W,ML,292,62.6,82,68.8,62,62.7,55,59.2,47,62.0,46,55.9,,,34.224897,-118.251344,PENNSYLVANIA,16.58
2025-01-07 07:40:00,769926,210,W,ML,361,59.7,68,65.8,72,62.5,62,58.4,56,56.0,52,56.2,51,57.2,34.214462,-118.232443,OCEAN VIEW,17.88
2025-01-07 07:40:00,769941,210,W,ML,337,64.5,105,69.5,114,66.3,47,58.7,71,58.2,,,,,34.207101,-118.204943,ANGELES CREST HWY SB,19.58
2025-01-07 07:40:00,769953,210,W,ML,283,62.8,96,69.1,102,65.4,50,58.7,35,43.4,,,,,34.206998,-118.201441,ANGELES CREST HWY NB,19.78
2025-01-07 07:40:00,769965,210,W,ML,214,65.4,102,69.5,10,70.6,69,62.4,33,57.2,,,,,34.232554,-118.271772,HONOLULU,15.28
2025-01-07 07:40:00,769983,210,W,ML,306,56.6,86,54.0,100,59.9,62,56.7,58,54.5,,,,,34.203186,-118.191671,GOULD,20.4
2025-01-07 07:40:00,770000,210,W,ML,316,60.7,84,65.5,86,62.3,75,58.1,71,55.7,,,,,34.19198,-118.181214,BERKSHIRE,21.39
2025-01-07 07:40:00,770129,210,W,ML,260,64.0,94,66.4,86,64.4,54,58.8,26,65.3,,,,,34.234984,-118.290562,LA TUNA CANYON NB,14.18
2025-01-07 07:40:00,770141,210,W,ML,152,60.7,44,64.5,54,63.1,15,65.7,39,51.1,,,,,34.234987,-118.294031,LA TUNA CANYON SB,13.98
2025-01-07 07:40:00,770386,210,W,ML,302,60.8,81,65.7,83,62.5,72,58.1,66,55.6,,,,,34.207155,-118.2137,EB/NB 2 TO EB 210 CN,19.08
2025-01-07 07:40:00,770401,210,W,ML,513,58.2,107,63.1,156,59.9,137,56.8,113,53.0,,,,,34.211095,-118.225948,EB/NB 2 TO WB 210 CN,18.32
2025-01-07 07:40:00,770568,210,W,ML,456,54.5,115,67.3,80,63.9,117,45.5,144,46.3,,,,,34.165953,-118.157943,HAMMOND ST.,23.79
2025-01-07 07:40:00,770579,210,W,ML,260,66.5,46,74.3,87,68.8,46,67.1,81,59.3,,,,,34.156597,-118.157944,WINONA WAY,24.442
2025-01-07 07:45:00,717615,210,W,ML,369,58.4,100,63.0,100,60.0,87,55.7,82,53.6,,,,,34.182539,-118.171545,ARROYO 1,22.3
2025-01-07 07:45:00,717622,210,W,ML,356,63.9,87,73.5,102,68.8,103,59.2,64,50.6,,,,,34.176273,-118.161942,LINCOLN 1,23.0
2025-01-07 07:45:00,717624,210,W,ML,448,60.0,101,65.7,101,62.6,88,58.3,82,55.8,76,55.6,,,34.164368,-118.158093,MOUNTAIN 1,23.9
2025-01-07 07:45:00,717627,210,W,ML,141,66.4,68,68.1,73,64.8,,,,,,,,,34.15225,-118.154678,WALNUT,24.9
2025-01-07 07:45:00,717630,210,W,ML,123,61.9,26,67.1,37,63.7,33,60.5,27,56.3,,,,,34.152218,-118.14821,FAIR OAKS 1,25.4
2025-01-07 07:45:00,717632,210,W,HV,122,61.9,122,61.9,,,,,,,,,,,34.152218,-118.14821,FAIR OAKS 1,25.4
2025-01-07 07:45:00,717634,210,W,ML,558,40.1,128,43.5,126,41.1,109,38.4,102,37.8,93,38.8,,,34.15195,-118.13555,LAKE 1,26.12
2025-01-07 07:45:00,717637,210,W,ML,668,34.5,167,40.0,142,37.5,127,36.1,128,33.2,104,21.2,,,34.152357,-118.123714,HILL,26.8
2025-01-07 07:45:00,717642,210,W,ML,470,23.5,102,29.1,108,25.1,75,22.9,72,20.5,113,19.1,,,34.1527,-118.102255,ALTADENA,28.03
2025-01-07 07:45:00,717643,210,W,HV,106,24.1,106,24.1,,,,,,,,,,,34.1527,-118.102255,ALTADENA,28.03
2025-01-07 07:45:00,717644,210,W,ML,447,20.3,101,23.3,95,21.2,87,22.1,85,17.8,79,16.2,,,34.152727,-118.098063,SAN GABRIEL,28.27
2025-01-07 07:45:00,717645,210,W,HV,104,20.7,104,20.7,,,,,,,,,,,34.152727,-118.098063,SAN GABRIEL,28.27
2025-01-07 07:45:00,717649,210,W,ML,552,43.1,121,38.7,132,43.0,112,43.7,79,41.6,108,48.5,,,34.148074,-118.08377,SIERRA MADRE V1,29.17
2025-01-07 07:45:00,717653,210,W,ML,523,48.2,140,46.0,132,46.0,105,49.2,89,51.6,57,52.0,,,34.148737,-118.071321,ROSEMEAD 1,29.879
2025-01-07 07:45:00,761318,210,W,HV,122,61.9,122,61.9,,,,,,,,,,,34.15195,-118.13555,LAKE 1,26.12
2025-01-07 07:45:00,761322,210,W,HV,136,40.1,136,40.1,,,,,,,,,,,34.152357,-118.123714,HILL,26.8
2025-01-07 07:45:00,761325,210,W,HV,111,29.1,111,29.1,,,,,,,,,,,34.148074,-118.08377,SIERRA MADRE V1,29.17
2025-01-07 07:45:00,761431,210,W,HV,122,61.9,122,61.9,,,,,,,,,,,34.148737,-118.071321,ROSEMEAD 1,29.879
2025-01-07 07:45:00,764135,210,W,HV,122,61.9,122,61.9,,,,,,,,,,,34.152092,-118.143249,MARENGO,25.68
2025-01-07 07:45:00,764137,210,W,ML,641,59.4,109,64.5,126,62.4,110,60.7,113,58.3,103,54.4,80,54.4,34.152092,-118.143249,MARENGO,25.68
2025-01-07 07:45:00,769807,210,W,ML,350,60.4,104,63.9,91,64.2,80,57.1,75,54.7,,,,,34.197068,-118.184827,FOOTHILL,20.98
2025-01-07 07:45:00,769867,210,W,ML,228,65.5,66,69.8,72,65.8,51,60.9,39,63.7,,,,,34.218652,-118.239558,LA CRESCENTA,17.38
2025-01-07 07:45:00,769911,210,W,ML,259,63.9,73,70.3,54,65.7,59,60.4,33,62.4,40,56.5,,,34.224897,-118.251344,PENNSYLVANIA,16.58
2025-01-07 07:45:00,769926,210,W,ML,289,59.6,52,65.8,57,62.6,50,58.4,47,55.9,43,56.2,40,56.8,34.214462,-118.232443,OCEAN VIEW,17.88
2025-01-07 07:45:00,769941,210,W,ML,294,62.4,89,69.2,93,64.5,54,53.7,58,56.6,,,,,34.207101,-118.204943,ANGELES CREST HWY SB,19.58
2025-01-07 07:45:00,769953,210,W,ML,255,61.4,74,69.8,71,66.2,65,54.8,45,49.6,,,,,34.206998,-118.201441,ANGELES CREST HWY NB,19.78
2025-01-07 07:45:00,769965,210,W,ML,192,66.4,84,69.2,15,70.0,55,66.9,38,58.1,,,,,34.232554,-118.271772,HONOLULU,15.28
2025-01-07 07:45:00,769983,210,W,ML,292,55.1,78,52.7,90,58.7,64,54.9,60,52.8,,,,,34.203186,-118.191671,GOULD,20.4
2025-01-07 07:45:00,770000,210,W,ML,339,59.8,91,64.5,92,61.4,81,57.3,75,54.9,,,,,34.19198,-118.181214,BERKSHIRE,21.39
2025-01-07 07:45:00,770129,210,W,ML,295,64.3,104,66.2,103,65.3,62,60.5,26,61.3,,,,,34.234984,-118.290562,LA TUNA CANYON NB,14.18
2025-01-07 07:45:00,770141,210,W,ML,177,61.4,53,65.4,62,63.7,17,65.8,45,51.7,,,,,34.234987,-118.294031,LA TUNA CANYON SB,13.98
2025-01-07 07:45:00,770386,210,W,ML,256,59.5,68,64.4,71,61.2,62,56.8,55,54.4,,,,,34.207155,-118.2137,EB/NB 2 TO EB 210 CN,19.08
2025-01-07 07:45:00,770401,210,W,ML,514,57.7,107,62.6,156,59.4,138,56.4,113,52.5,,,,,34.211095,-118.225948,EB/NB 2 TO WB 210 CN,18.32
2025-01-07 07:45:00,770568,210,W,ML,469,55.0,104,67.3,110,64.6,134,45.6,121,46.3,,,,,34.165953,-118.157943,HAMMOND ST.,23.79
2025-01-07 07:45:00,770579,210,W,ML,236,65.8,41,73.7,65,68.7,45,66.7,85,59.4,,,,,34.156597,-118.157944,WINONA WAY,24.442
2025-01-07 07:50:00,717615,210,W,ML,406,60.8,110,65.7,110,62.5,96,58.1,90,55.6,,,,,34.182539,-118.171545,ARROYO 1,22.3
2025-01-07 07:50:00,717622,210,W,ML,415,64.2,92,70.2,116,68.3,106,60.3,101,58.2,,,,,34.176273,-118.161942,LINCOLN 1,23.0
2025-01-07 07:50:00,717624,210,W,ML,393,59.4,87,65.1,89,62.0,78,57.7,72,55.3,67,55.0,,,34.164368,-118.158093,MOUNTAIN 1,23.9
2025-01-07 07:50:00,717627,210,W,ML,156,66.5,76,68.2,80,64.8,,,,,,,,,34.15225,-118.154678,WALNUT,24.9
2025-01-07 07:50:00,717630,210,W,ML,121,61.7,25,66.9,37,63.5,32,60.3,27,56.2,,,,,34.152218,-118.14821,FAIR OAKS 1,25.4
2025-01-07 07:50:00,717632,210,W,HV,121,61.7,121,61.7,,,,,,,,,,,34.152218,-118.14821,FAIR OAKS 1,25.4
2025-01-07 07:50:00,717634,210,W,ML,550,37.8,123,41.3,123,38.9,109,35.8,102,35.4,93,36.8,,,34.15195,-118.13555,LAKE 1,26.12
2025-01-07 07:50:00,717637,210,W,ML,657,31.8,160,37.4,149,34.2,122,33.9,110,29.5,116,20.8,,,34.152357,-118.123714,HILL,26.8
2025-01-07 07:50:00,717642,210,W,ML,610,26.8,140,34.5,135,30.5,100,24.7,98,22.6,137,20.0,,,34.1527,-118.102255,ALTADENA,28.03
2025-01-07 07:50:00,717643,210,W,HV,128,28.3,128,28.3,,,,,,,,,,,34.1527,-118.102255,ALTADENA,28.03
2025-01-07 07:50:00,717644,210,W,ML,579,22.5,128,25.9,132,24.2,101,23.3,115,20.0,103,18.1,,,34.152727,-118.098063,SAN GABRIEL,28.27
2025-01-07 07:50:00,717645,210,W,HV,128,23.0,128,23.0,,,,,,,,,,,34.152727,-118.098063,SAN GABRIEL,28.27
2025-01-07 07:50:00,717649,210,W,ML,511,35.0,107,27.7,103,29.8,88,32.2,93,40.3,120,43.7,,,34.148074,-118.08377,SIERRA MADRE V1,29.17
2025-01-07 07:50:00,717653,210,W,ML,413,40.1,110,35.6,106,36.5,83,41.6,70,46.2,44,47.8,,,34.148737,-118.071321,ROSEMEAD 1,29.879
2025-01-07 07:50:00,761318,210,W,HV,121,61.7,121,61.7,,,,,,,,,,,34.15195,-118.13555,LAKE 1,26.12
2025-01-07 07:50:00,761322,210,W,HV,138,37.2,138,37.2,,,,,,,,,,,34.152357,-118.123714,HILL,26.8
2025-01-07 07:50:00,761325,210,W,HV,100,23.3,100,23.3,,,,,,,,,,,34.148074,-118.08377,SIERRA MADRE V1,29.17
2025-01-07 07:50:00,761431,210,W,HV,121,61.7,121,61.7,,,,,,,,,,,34.148737,-118.071321,ROSEMEAD 1,29.879
2025-01-07 07:50:00,764135,210,W,HV,121,61.7,121,61.7,,,,,,,,,,,34.152092,-118.143249,MARENGO,25.68
2025-01-07 07:50:00,764137,210,W,ML,629,58.8,107,63.8,124,61.7,108,60.1,111,57.7,101,53.8,78,53.8,34.152092,-118.143249,MARENGO,25.68
2025-01-07 07:50:00,769807,210,W,ML,398,59.7,116,64.4,107,62.6,91,55.8,84,53.6,,,,,34.197068,-118.184827,FOOTHILL,20.98
2025-01-07 07:50:00,769867,210,W,ML,231,65.4,72,69.5,58,64.0,48,58.9,53,67.4,,,,,34.218652,-118.239558,LA CRESCENTA,17.38
2025-01-07 07:50:00,769911,210,W,ML,245,63.1,74,70.8,54,63.5,45,57.3,32,62.1,40,55.8,,,34.224897,-118.251344,PENNSYLVANIA,16.58
2025-01-07 07:50:00,769926,210,W,ML,335,58.5,62,64.4,67,61.2,58,57.2,51,54.8,49,55.2,48,55.9,34.214462,-118.232443,OCEAN VIEW,17.88
2025-01-07 07:50:00,769941,210,W,ML,279,65.0,82,69.1,69,66.2,57,57.5,71,65.0,,,,,34.207101,-118.204943,ANGELES CREST HWY SB,19.58
2025-01-07 07:50:00,769953,210,W,ML,292,63.4,90,67.9,79,64.6,60,53.0,63,65.5,,,,,34.206998,-118.201441,ANGELES CREST HWY NB,19.78
2025-01-07 07:50:00,769965,210,W,ML,177,65.2,82,69.6,14,70.6,52,63.8,29,52.5,,,,,34.232554,-118.271772,HONOLULU,15.28
2025-01-07 07:50:00,769983,210,W,ML,304,55.1,79,51.0,92,57.7,69,56.8,64,54.5,,,,,34.203186,-118.191671,GOULD,20.4
2025-01-07 07:50:00,770000,210,W,ML,385,58.7,105,63.3,104,60.2,91,56.2,85,54.0,,,,,34.19198,-118.181214,BERKSHIRE,21.39
2025-01-07 07:50:00,770129,210,W,ML,214,63.7,71,67.4,80,64.0,40,59.9,23,58.0,,,,,34.234984,-118.290562,LA TUNA CANYON NB,14.18
2025-01-07 07:50:00,770141,210,W,ML,109,60.1,28,64.1,40,62.8,11,65.6,30,50.8,,,,,34.234987,-118.294031,LA TUNA CANYON SB,13.98
2025-01-07 07:50:00,770386,210,W,ML,275,61.2,72,66.2,75,62.9,66,58.5,62,56.1,,,,,34.207155,-118.2137,EB/NB 2 TO EB 210 CN,19.08
2025-01-07 07:50:00,770401,210,W,ML,505,57.4,106,62.2,153,59.1,135,56.1,111,52.2,,,,,34.211095,-118.225948,EB/NB 2 TO WB 210 CN,18.32
2025-01-07 07:50:00,770568,210,W,ML,371,55.6,72,69.8,77,64.2,108,49.9,114,46.3,,,,,34.165953,-118.157943,HAMMOND ST.,23.79
2025-01-07 07:50:00,770579,210,W,ML,271,66.0,61,72.4,74,68.8,51,67.3,85,58.2,,,,,34.156597,-118.157944,WINONA WAY,24.442
2025-01-07 07:55:00,717615,210,W,ML,394,63.4,106,68.6,107,65.3,94,60.6,87,58.0,,,,,34.182539,-118.171545,ARROYO 1,22.3
2025-01-07 07:55:00,717622,210,W,ML,411,66.4,88,71.5,119,69.2,107,66.1,97,58.6,,,,,34.176273,-118.161942,LINCOLN 1,23.0
2025-01-07 07:55:00,717624,210,W,ML,383,59.7,85,65.4,87,62.2,76,58.0,70,55.5,65,55.3,,,34.164368,-118.158093,MOUNTAIN 1,23.9
2025-01-07 07:55:00,717627,210,W,ML,139,67.0,67,68.8,72,65.4,,,,,,,,,34.15225,-118.154678,WALNUT,24.9
2025-01-07 07:55:00,717630,210,W,ML,119,61.6,25,66.8,36,63.4,32,60.2,26,56.1,,,,,34.152218,-118.14821,FAIR OAKS 1,25.4
2025-01-07 07:55:00,717632,210,W,HV,119,61.6,119,61.6,,,,,,,,,,,34.152218,-118.14821,FAIR OAKS 1,25.4
2025-01-07 07:55:00,717634,210,W,ML,561,39.6,128,43.5,127,40.8,110,37.3,103,36.9,93,37.9,,,34.15195,-118.13555,LAKE 1,26.12
2025-01-07 07:55:00,717637,210,W,ML,654,36.3,149,43.4,155,40.8,112,33.9,105,32.6,133,28.0,,,34.152357,-118.123714,HILL,26.8
2025-01-07 07:55:00,717642,210,W,ML,604,28.6,127,37.0,137,34.7,102,25.3,98,22.1,140,22.0,,,34.1527,-118.102255,ALTADENA,28.03
2025-01-07 07:55:00,717643,210,W,HV,130,30.7,130,30.7,,,,,,,,,,,34.1527,-118.102255,ALTADENA,28.03
2025-01-07 07:55:00,717644,210,W,ML,610,23.1,144,28.2,132,25.4,117,22.6,111,19.6,106,17.7,,,34.152727,-118.098063,SAN GABRIEL,28.27
2025-01-07 07:55:00,717645,210,W,HV,122,25.9,122,25.9,,,,,,,,,,,34.152727,-118.098063,SAN GABRIEL,28.27
2025-01-07 07:55:00,717649,210,W,ML,540,36.7,118,28.5,120,34.6,88,36.3,97,42.2,117,42.8,,,34.148074,-118.08377,SIERRA MADRE V1,29.17
2025-01-07 07:55:00,717653,210,W,ML,477,43.0,128,39.3,121,39.9,96,44.4,81,48.1,51,49.3,,,34.148737,-118.071321,ROSEMEAD 1,29.879
2025-01-07 07:55:00,761318,210,W,HV,119,61.6,119,61.6,,,,,,,,,,,34.15195,-118.13555,LAKE 1,26.12
2025-01-07 07:55:00,761322,210,W,HV,137,39.5,137,39.5,,,,,,,,,,,34.152357,-118.123714,HILL,26.8
2025-01-07 07:55:00,761325,210,W,HV,119,27.1,119,27.1,,,,,,,,,,,34.148074,-118.08377,SIERRA MADRE V1,29.17
2025-01-07 07:55:00,761431,210,W,HV,119,61.6,119,61.6,,,,,,,,,,,34.148737,-118.071321,ROSEMEAD 1,29.879
2025-01-07 07:55:00,764135,210,W,HV,119,61.6,119,61.6,,,,,,,,,,,34.152092,-118.143249,MARENGO,25.68
2025-01-07 07:55:00,764137,210,W,ML,618,58.9,105,63.9,122,61.8,106,60.2,109,57.8,99,53.9,77,53.9,34.152092,-118.143249,MARENGO,25.68
2025-01-07 07:55:00,769807,210,W,ML,422,58.1,134,62.8,110,60.4,92,54.1,86,52.1,,,,,34.197068,-118.184827,FOOTHILL,20.98
2025-01-07 07:55:00,769867,210,W,ML,256,67.1,74,69.0,67,64.5,54,61.1,61,72.8,,,,,34.218652,-118.239558,LA CRESCENTA,17.38
2025-01-07 07:55:00,769911,210,W,ML,254,65.6,66,69.4,59,66.3,46,60.8,41,72.4,42,57.2,,,34.224897,-118.251344,PENNSYLVANIA,16.58
2025-01-07 07:55:00,769926,210,W,ML,374,58.9,70,64.8,74,61.6,64,57.5,58,55.1,55,55.5,53,56.5,34.214462,-118.232443,OCEAN VIEW,17.88
2025-01-07 07:55:00,769941,210,W,ML,269,68.4,68,68.8,77,66.0,50,66.6,74,71.6,,,,,34.207101,-118.204943,ANGELES CREST HWY SB,19.58
2025-01-07 07:55:00,769953,210,W,ML,252,65.1,75,67.2,75,65.6,47,53.2,55,71.8,,,,,34.206998,-118.201441,ANGELES CREST HWY NB,19.78
2025-01-07 07:55:00,769965,210,W,ML,176,67.4,80,69.4,10,70.8,57,70.1,29,55.7,,,,,34.232554,-118.271772,HONOLULU,15.28
2025-01-07 07:55:00,769983,210,W,ML,275,55.2,71,51.7,80,58.0,65,56.4,59,54.1,,,,,34.203186,-118.191671,GOULD,20.4
2025-01-07 07:55:00,770000,210,W,ML,394,57.1,107,61.5,107,58.6,93,54.7,87,52.6,,,,,34.19198,-118.181214,BERKSHIRE,21.39
2025-01-07 07:55:00,770129,210,W,ML,222,65.3,80,67.2,65,65.8,48,64.4,29,60.6,,,,,34.234984,-118.290562,LA TUNA CANYON NB,14.18
2025-01-07 07:55:00,770141,210,W,ML,133,62.1,37,67.3,48,64.5,13,65.9,35,52.1,,,,,34.234987,-118.294031,LA TUNA CANYON SB,13.98
2025-01-07 07:55:00,770386,210,W,ML,297,64.0,78,69.1,81,65.9,71,61.2,67,58.5,,,,,34.207155,-118.2137,EB/NB 2 TO EB 210 CN,19.08
2025-01-07 07:55:00,770401,210,W,ML,497,57.4,104,62.2,151,59.1,133,56.1,109,52.2,,,,,34.211095,-118.225948,EB/NB 2 TO WB 210 CN,18.32
2025-01-07 07:55:00,770568,210,W,ML,412,57.3,104,67.4,91,64.1,122,51.6,95,47.1,,,,,34.165953,-118.157943,HAMMOND ST.,23.79
2025-01-07 07:55:00,770579,210,W,ML,267,67.1,70,72.4,64,69.6,64,67.6,69,59.0,,,,,34.156597,-118.157944,WINONA WAY,24.442
2025-01-07 08:00:00,717615,210,W,ML,301,61.4,79,66.4,82,63.2,72,58.8,68,56.3,,,,,34.182539,-118.171545,ARROYO 1,22.3
2025-01-07 08:00:00,717622,210,W,ML,301,63.8,63,73.7,78,67.5,74,63.3,86,53.5,,,,,34.176273,-118.161942,LINCOLN 1,23.0
2025-01-07 08:00:00,717624,210,W,ML,407,59.3,91,65.0,92,61.9,80,57.6,74,55.2,70,55.0,,,34.164368,-118.158093,MOUNTAIN 1,23.9
2025-01-07 08:00:00,717627,210,W,ML,125,67.5,60,69.3,65,65.9,,,,,,,,,34.15225,-118.154678,WALNUT,24.9
2025-01-07 08:00:00,717630,210,W,ML,119,61.7,25,66.9,36,63.5,32,60.3,26,56.2,,,,,34.152218,-118.14821,FAIR OAKS 1,25.4
2025-01-07 08:00:00,717632,210,W,HV,118,61.7,118,61.7,,,,,,,,,,,34.152218,-118.14821,FAIR OAKS 1,25.4
2025-01-07 08:00:00,717634,210,W,ML,582,42.8,131,46.9,130,44.4,115,40.7,108,40.0,98,40.8,,,34.15195,-118.13555,LAKE 1,26.12
2025-01-07 08:00:00,717637,210,W,ML,682,39.8,165,46.0,152,43.4,122,38.6,118,36.8,125,31.3,,,34.152357,-118.123714,HILL,26.8
2025-01-07 08:00:00,717642,210,W,ML,585,29.8,131,40.1,133,36.3,96,25.5,93,23.1,132,20.8,,,34.1527,-118.102255,ALTADENA,28.03
2025-01-07 08:00:00,717643,210,W,HV,125,32.7,125,32.7,,,,,,,,,,,34.1527,-118.102255,ALTADENA,28.03
2025-01-07 08:00:00,717644,210,W,ML,574,23.0,137,27.9,124,25.4,122,24.0,105,19.4,86,14.9,,,34.152727,-118.098063,SAN GABRIEL,28.27
2025-01-07 08:00:00,717645,210,W,HV,124,25.4,124,25.4,,,,,,,,,,,34.152727,-118.098063,SAN GABRIEL,28.27
2025-01-07 08:00:00,717649,210,W,ML,559,41.3,134,37.5,123,40.9,107,40.7,94,43.0,101,45.8,,,34.148074,-118.08377,SIERRA MADRE V1,29.17
2025-01-07 08:00:00,717653,210,W,ML,489,46.7,131,43.9,124,44.3,98,47.8,83,50.4,53,51.3,,,34.148737,-118.071321,ROSEMEAD 1,29.879
2025-01-07 08:00:00,761318,210,W,HV,118,61.7,118,61.7,,,,,,,,,,,34.15195,-118.13555,LAKE 1,26.12
2025-01-07 08:00:00,761322,210,W,HV,125,40.9,125,40.9,,,,,,,,,,,34.152357,-118.123714,HILL,26.8
2025-01-07 08:00:00,761325,210,W,HV,113,30.3,113,30.3,,,,,,,,,,,34.148074,-118.08377,SIERRA MADRE V1,29.17
2025-01-07 08:00:00,761431,210,W,HV,118,61.7,118,61.7,,,,,,,,,,,34.148737,-118.071321,ROSEMEAD 1,29.879
2025-01-07 08:00:00,764135,210,W,HV,118,61.7,118,61.7,,,,,,,,,,,34.152092,-118.143249,MARENGO,25.68
2025-01-07 08:00:00,764137,210,W,ML,618,59.1,105,64.2,122,62.1,106,60.4,109,58.0,99,54.1,77,54.1,34.152092,-118.143249,MARENGO,25.68
2025-01-07 08:00:00,769807,210,W,ML,396,55.4,97,63.1,115,56.8,96,51.4,88,49.6,,,,,34.197068,-118.184827,FOOTHILL,20.98
2025-01-07 08:00:00,769867,210,W,ML,261,66.7,70,70.3,82,64.6,57,59.6,52,72.8,,,,,34.218652,-118.239558,LA CRESCENTA,17.38
2025-01-07 08:00:00,769911,210,W,ML,270,65.7,75,70.4,62,66.5,51,58.7,38,72.1,44,59.1,,,34.224897,-118.251344,PENNSYLVANIA,16.58
2025-01-07 08:00:00,769926,210,W,ML,331,58.9,62,64.8,66,61.7,57,57.6,51,55.2,48,55.6,47,56.2,34.214462,-118.232443,OCEAN VIEW,17.88
2025-01-07 08:00:00,769941,210,W,ML,387,68.3,111,69.7,80,63.4,91,65.8,105,72.8,,,,,34.207101,-118.204943,ANGELES CREST HWY SB,19.58
2025-01-07 08:00:00,769953,210,W,ML,376,65.1,98,68.5,105,64.7,79,52.3,94,72.8,,,,,34.206998,-118.201441,ANGELES CREST HWY NB,19.78
2025-01-07 08:00:00,769965,210,W,ML,190,68.4,82,69.9,13,71.0,61,67.4,34,65.4,,,,,34.232554,-118.271772,HONOLULU,15.28
2025-01-07 08:00:00,769983,210,W,ML,398,54.1,102,50.7,121,57.5,91,54.8,84,52.7,,,,,34.203186,-118.191671,GOULD,20.4
2025-01-07 08:00:00,770000,210,W,ML,409,54.6,112,58.7,111,55.9,96,52.3,90,50.4,,,,,34.19198,-118.181214,BERKSHIRE,21.39
2025-01-07 08:00:00,770129,210,W,ML,286,66.3,94,66.6,96,65.4,64,63.9,32,72.8,,,,,34.234984,-118.290562,LA TUNA CANYON NB,14.18
2025-01-07 08:00:00,770141,210,W,ML,183,61.9,55,66.7,64,64.0,18,65.8,46,51.8,,,,,34.234987,-118.294031,LA TUNA CANYON SB,13.98
2025-01-07 08:00:00,770386,210,W,ML,333,63.4,89,68.5,91,65.3,79,60.6,74,58.0,,,,,34.207155,-118.2137,EB/NB 2 TO EB 210 CN,19.08
2025-01-07 08:00:00,770401,210,W,ML,493,57.5,103,62.3,150,59.2,132,56.2,108,52.3,,,,,34.211095,-118.225948,EB/NB 2 TO WB 210 CN,18.32
2025-01-07 08:00:00,770568,210,W,ML,444,56.4,116,67.1,92,63.2,123,46.3,113,50.9,,,,,34.165953,-118.157943,HAMMOND ST.,23.79
2025-01-07 08:00:00,770579,210,W,ML,220,65.9,39,72.3,55,70.9,46,66.8,80,58.9,,,,,34.156597,-118.157944,WINONA WAY,24.442
2025-01-07 08:05:00,717615,210,W,ML,295,60.5,77,65.4,81,62.2,71,57.8,66,55.5,,,,,34.182539,-118.171545,ARROYO 1,22.3
2025-01-07 08:05:00,717622,210,W,ML,286,63.6,57,73.3,76,65.2,91,59.1,62,59.1,,,,,34.176273,-118.161942,LINCOLN 1,23.0
2025-01-07 08:05:00,717624,210,W,ML,373,58.5,82,64.0,85,61.0,74,56.9,68,54.5,64,54.3,,,34.164368,-118.158093,MOUNTAIN 1,23.9
2025-01-07 08:05:00,717627,210,W,ML,114,67.2,54,68.9,60,65.6,,,,,,,,,34.15225,-118.154678,WALNUT,24.9
2025-01-07 08:05:00,717630,210,W,ML,119,61.7,25,66.9,36,63.5,32,60.3,26,56.2,,,,,34.152218,-118.14821,FAIR OAKS 1,25.4
2025-01-07 08:05:00,717632,210,W,HV,118,61.7,118,61.7,,,,,,,,,,,34.152218,-118.14821,FAIR OAKS 1,25.4
2025-01-07 08:05:00,717634,210,W,ML,536,44.8,123,49.2,121,46.4,105,42.7,98,41.8,89,42.4,,,34.15195,-118.13555,LAKE 1,26.12
2025-01-07 08:05:00,717637,210,W,ML,643,43.3,156,50.5,140,47.3,116,41.7,104,38.8,127,35.3,,,34.152357,-118.123714,HILL,26.8
2025-01-07 08:05:00,717642,210,W,ML,591,30.1,140,41.2,128,37.2,95,24.9,94,22.5,134,20.5,,,34.1527,-118.102255,ALTADENA,28.03
2025-01-07 08:05:00,717643,210,W,HV,127,34.0,127,34.0,,,,,,,,,,,34.1527,-118.102255,ALTADENA,28.03
2025-01-07 08:05:00,717644,210,W,ML,574,23.2,142,29.3,127,24.9,106,23.2,104,19.3,95,16.0,,,34.152727,-118.098063,SAN GABRIEL,28.27
2025-01-07 08:05:00,717645,210,W,HV,127,28.0,127,28.0,,,,,,,,,,,34.152727,-118.098063,SAN GABRIEL,28.27
2025-01-07 08:05:00,717649,210,W,ML,574,45.5,131,47.2,132,47.2,105,42.3,93,42.7,113,47.0,,,34.148074,-118.08377,SIERRA MADRE V1,29.17
2025-01-07 08:05:00,717653,210,W,ML,523,49.8,140,49.2,132,49.0,105,48.9,89,51.2,57,52.4,,,34.148737,-118.071321,ROSEMEAD 1,29.879
2025-01-07 08:05:00,761318,210,W,HV,118,61.7,118,61.7,,,,,,,,,,,34.15195,-118.13555,LAKE 1,26.12
2025-01-07 08:05:00,761322,210,W,HV,126,43.7,126,43.7,,,,,,,,,,,34.152357,-118.123714,HILL,26.8
2025-01-07 08:05:00,761325,210,W,HV,116,37.3,116,37.3,,,,,,,,,,,34.148074,-118.08377,SIERRA MADRE V1,29.17
2025-01-07 08:05:00,761431,210,W,HV,118,61.7,118,61.7,,,,,,,,,,,34.148737,-118.071321,ROSEMEAD 1,29.879
2025-01-07 08:05:00,764135,210,W,HV,118,61.7,118,61.7,,,,,,,,,,,34.152092,-118.143249,MARENGO,25.68
2025-01-07 08:05:00,764137,210,W,ML,616,59.1,104,64.2,122,62.1,106,60.4,108,58.0,99,54.1,77,54.1,34.152092,-118.143249,MARENGO,25.68
2025-01-07 08:05:00,769807,210,W,ML,370,55.6,82,64.0,110,57.2,92,51.7,86,49.9,,,,,34.197068,-118.184827,FOOTHILL,20.98
2025-01-07 08:05:00,769867,210,W,ML,239,67.0,67,69.1,69,65.0,49,61.5,54,72.1,,,,,34.218652,-118.239558,LA CRESCENTA,17.38
2025-01-07 08:05:00,769911,210,W,ML,274,65.2,70,70.3,60,64.1,57,59.9,42,74.4,45,56.9,,,34.224897,-118.251344,PENNSYLVANIA,16.58
2025-01-07 08:05:00,769926,210,W,ML,340,59.2,64,65.2,68,62.0,58,57.8,52,55.4,50,55.8,48,56.7,34.214462,-118.232443,OCEAN VIEW,17.88
2025-01-07 08:05:00,769941,210,W,ML,308,66.1,77,69.5,88,62.4,50,65.0,93,67.4,,,,,34.207101,-118.204943,ANGELES CREST HWY SB,19.58
2025-01-07 08:05:00,769953,210,W,ML,347,63.4,95,68.1,102,65.6,73,46.1,77,71.1,,,,,34.206998,-118.201441,ANGELES CREST HWY NB,19.78
2025-01-07 08:05:00,769965,210,W,ML,209,68.3,88,68.7,18,66.4,57,64.5,46,72.8,,,,,34.232554,-118.271772,HONOLULU,15.28
2025-01-07 08:05:00,769983,210,W,ML,372,53.1,98,48.5,115,55.6,83,55.3,76,53.1,,,,,34.203186,-118.191671,GOULD,20.4
2025-01-07 08:05:00,770000,210,W,ML,394,54.9,107,59.0,107,56.2,93,52.6,87,50.7,,,,,34.19198,-118.181214,BERKSHIRE,21.39
2025-01-07 08:05:00,770129,210,W,ML,261,66.4,84,67.4,91,65.7,54,62.2,32,72.8,,,,,34.234984,-118.290562,LA TUNA CANYON NB,14.18
2025-01-07 08:05:00,770141,210,W,ML,152,61.6,44,65.8,54,64.0,15,65.9,39,52.0,,,,,34.234987,-118.294031,LA TUNA CANYON SB,13.98
2025-01-07 08:05:00,770386,210,W,ML,329,62.8,88,67.8,90,64.6,78,60.0,73,57.5,,,,,34.207155,-118.2137,EB/NB 2 TO EB 210 CN,19.08
2025-01-07 08:05:00,770401,210,W,ML,493,57.6,103,62.4,150,59.3,132,56.3,108,52.4,,,,,34.211095,-118.225948,EB/NB 2 TO WB 210 CN,18.32
2025-01-07 08:05:00,770568,210,W,ML,420,54.3,116,61.9,88,60.5,119,46.8,97,48.9,,,,,34.165953,-118.157943,HAMMOND ST.,23.79
2025-01-07 08:05:00,770579,210,W,ML,175,66.3,28,73.6,48,71.9,32,66.4,67,59.2,,,,,34.156597,-118.157944,WINONA WAY,24.442
2025-01-07 08:10:00,717615,210,W,ML,248,59.8,64,64.7,68,61.6,60,57.3,56,54.9,,,,,34.182539,-118.171545,ARROYO 1,22.3
2025-01-07 08:10:00,717622,210,W,ML,229,63.8,51,73.0,59,64.4,65,63.4,54,54.8,,,,,34.176273,-118.161942,LINCOLN 1,23.0
2025-01-07 08:10:00,717624,210,W,ML,385,58.2,86,63.7,88,60.6,76,56.5,70,54.2,65,54.1,,,34.164368,-118.158093,MOUNTAIN 1,23.9
2025-01-07 08:10:00,717627,210,W,ML,105,67.1,49,68.9,56,65.6,,,,,,,,,34.15225,-118.154678,WALNUT,24.9
2025-01-07 08:10:00,717630,210,W,ML,119,61.6,25,66.8,36,63.4,32,60.2,26,56.1,,,,,34.152218,-118.14821,FAIR OAKS 1,25.4
2025-01-07 08:10:00,717632,210,W,HV,118,61.6,118,61.6,,,,,,,,,,,34.152218,-118.14821,FAIR OAKS 1,25.4
2025-01-07 08:10:00,717634,210,W,ML,552,41.0,125,44.3,124,41.9,108,39.3,102,38.6,93,39.8,,,34.15195,-118.13555,LAKE 1,26.12
2025-01-07 08:10:00,717637,210,W,ML,626,37.0,139,40.5,142,38.9,126,36.7,102,35.7,117,31.9,,,34.152357,-118.123714,HILL,26.8
2025-01-07 08:10:00,717642,210,W,ML,601,30.1,136,40.7,128,37.0,100,25.9,100,24.1,137,20.6,,,34.1527,-118.102255,ALTADENA,28.03
2025-01-07 08:10:00,717643,210,W,HV,129,34.6,129,34.6,,,,,,,,,,,34.1527,-118.102255,ALTADENA,28.03
2025-01-07 08:10:00,717644,210,W,ML,588,25.2,139,31.7,134,26.7,111,25.3,103,20.7,101,18.5,,,34.152727,-118.098063,SAN GABRIEL,28.27
2025-01-07 08:10:00,717645,210,W,HV,132,29.1,132,29.1,,,,,,,,,,,34.152727,-118.098063,SAN GABRIEL,28.27
2025-01-07 08:10:00,717649,210,W,ML,542,47.5,133,52.3,124,50.0,92,41.8,95,43.6,98,46.8,,,34.148074,-118.08377,SIERRA MADRE V1,29.17
2025-01-07 08:10:00,717653,210,W,ML,493,49.9,132,49.9,125,49.2,99,48.7,84,51.0,53,52.3,,,34.148737,-118.071321,ROSEMEAD 1,29.879
2025-01-07 08:10:00,761318,210,W,HV,118,61.6,118,61.6,,,,,,,,,,,34.15195,-118.13555,LAKE 1,26.12
2025-01-07 08:10:00,761322,210,W,HV,122,40.6,122,40.6,,,,,,,,,,,34.152357,-118.123714,HILL,26.8
2025-01-07 08:10:00,761325,210,W,HV,117,41.8,117,41.8,,,,,,,,,,,34.148074,-118.08377,SIERRA MADRE V1,29.17
2025-01-07 08:10:00,761431,210,W,HV,118,61.6,118,61.6,,,,,,,,,,,34.148737,-118.071321,ROSEMEAD 1,29.879
2025-01-07 08:10:00,764135,210,W,HV,118,61.6,118,61.6,,,,,,,,,,,34.152092,-118.143249,MARENGO,25.68
2025-01-07 08:10:00,764137,210,W,ML,621,59.4,105,64.5,123,62.4,107,60.7,109,58.3,100,54.4,77,54.4,34.152092,-118.143249,MARENGO,25.68
2025-01-07 08:10:00,769807,210,W,ML,283,58.3,62,67.7,80,60.3,73,54.1,68,52.0,,,,,34.197068,-118.184827,FOOTHILL,20.98
2025-01-07 08:10:00,769867,210,W,ML,220,66.9,80,69.0,60,64.4,30,66.7,50,66.7,,,,,34.218652,-118.239558,LA CRESCENTA,17.38
2025-01-07 08:10:00,769911,210,W,ML,293,65.9,73,70.1,64,66.0,58,62.0,52,71.5,46,58.0,,,34.224897,-118.251344,PENNSYLVANIA,16.58
2025-01-07 08:10:00,769926,210,W,ML,321,62.6,60,69.2,64,65.8,55,61.3,49,58.7,47,58.6,46,59.1,34.214462,-118.232443,OCEAN VIEW,17.88
2025-01-07 08:10:00,769941,210,W,ML,277,67.6,64,70.3,79,64.8,48,65.0,86,69.5,,,,,34.207101,-118.204943,ANGELES CREST HWY SB,19.58
2025-01-07 08:10:00,769953,210,W,ML,263,63.9,72,69.4,69,66.5,50,43.8,72,69.7,,,,,34.206998,-118.201441,ANGELES CREST HWY NB,19.78
2025-01-07 08:10:00,769965,210,W,ML,208,65.3,75,67.1,18,68.4,67,62.3,48,65.4,,,,,34.232554,-118.271772,HONOLULU,15.28
2025-01-07 08:10:00,769983,210,W,ML,282,53.6,69,48.0,78,55.0,70,56.6,65,54.3,,,,,34.203186,-118.191671,GOULD,20.4
2025-01-07 08:10:00,770000,210,W,ML,308,57.0,81,61.4,84,58.5,74,54.7,69,52.6,,,,,34.19198,-118.181214,BERKSHIRE,21.39
2025-01-07 08:10:00,770129,210,W,ML,282,65.0,85,66.5,97,64.3,62,59.3,38,72.8,,,,,34.234984,-118.290562,LA TUNA CANYON NB,14.18
2025-01-07 08:10:00,770141,210,W,ML,177,60.6,53,64.4,62,63.0,17,65.7,45,51.0,,,,,34.234987,-118.294031,LA TUNA CANYON SB,13.98
2025-01-07 08:10:00,770386,210,W,ML,304,62.8,80,67.8,83,64.6,73,60.0,68,57.5,,,,,34.207155,-118.2137,EB/NB 2 TO EB 210 CN,19.08
2025-01-07 08:10:00,770401,210,W,ML,493,57.5,103,62.3,150,59.2,132,56.2,108,52.3,,,,,34.211095,-118.225948,EB/NB 2 TO WB 210 CN,18.32
2025-01-07 08:10:00,770568,210,W,ML,477,55.2,128,62.8,122,59.4,106,46.8,121,50.3,,,,,34.165953,-118.157943,HAMMOND ST.,23.79
2025-01-07 08:10:00,770579,210,W,ML,172,66.4,29,74.1,43,70.9,41,66.4,59,59.3,,,,,34.156597,-118.157944,WINONA WAY,24.442
2025-01-07 08:15:00,717615,210,W,ML,309,57.6,82,62.2,84,59.2,74,55.0,69,52.9,,,,,34.182539,-118.171545,ARROYO 1,22.3
2025-01-07 08:15:00,717622,210,W,ML,258,59.8,35,73.8,81,64.4,65,58.2,77,49.9,,,,,34.176273,-118.161942,LINCOLN 1,23.0
2025-01-07 08:15:00,717624,210,W,ML,423,57.0,95,62.5,96,59.4,83,55.1,77,52.9,72,52.9,,,34.164368,-118.158093,MOUNTAIN 1,23.9
2025-01-07 08:15:00,717627,210,W,ML,130,66.0,63,67.7,67,64.4,,,,,,,,,34.15225,-118.154678,WALNUT,24.9
2025-01-07 08:15:00,717630,210,W,ML,119,61.6,25,66.8,36,63.4,32,60.2,26,56.1,,,,,34.152218,-118.14821,FAIR OAKS 1,25.4
2025-01-07 08:15:00,717632,210,W,HV,118,61.6,118,61.6,,,,,,,,,,,34.152218,-118.14821,FAIR OAKS 1,25.4
2025-01-07 08:15:00,717634,210,W,ML,519,42.2,119,45.7,117,43.2,102,40.5,95,39.7,86,40.7,,,34.15195,-118.13555,LAKE 1,26.12
2025-01-07 08:15:00,717637,210,W,ML,615,39.2,144,45.0,142,42.9,105,36.2,95,38.7,129,31.4,,,34.152357,-118.123714,HILL,26.8
2025-01-07 08:15:00,717642,210,W,ML,582,31.3,138,42.2,125,36.3,94,28.5,92,25.7,133,21.2,,,34.1527,-118.102255,ALTADENA,28.03
2025-01-07 08:15:00,717643,210,W,HV,111,37.3,111,37.3,,,,,,,,,,,34.1527,-118.102255,ALTADENA,28.03
2025-01-07 08:15:00,717644,210,W,ML,571,28.0,139,32.7,128,28.5,113,27.8,98,24.9,93,24.0,,,34.152727,-118.098063,SAN GABRIEL,28.27
2025-01-07 08:15:00,717645,210,W,HV,111,32.3,111,32.3,,,,,,,,,,,34.152727,-118.098063,SAN GABRIEL,28.27
2025-01-07 08:15:00,717649,210,W,ML,562,49.3,140,55.6,134,52.2,96,42.2,95,44.6,97,48.0,,,34.148074,-118.08377,SIERRA MADRE V1,29.17
2025-01-07 08:15:00,717653,210,W,ML,499,50.9,132,51.1,126,50.3,100,49.8,85,51.8,56,52.8,,,34.148737,-118.071321,ROSEMEAD 1,29.879
2025-01-07 08:15:00,761318,210,W,HV,118,61.6,118,61.6,,,,,,,,,,,34.15195,-118.13555,LAKE 1,26.12
2025-01-07 08:15:00,761322,210,W,HV,129,42.8,129,42.8,,,,,,,,,,,34.152357,-118.123714,HILL,26.8
2025-01-07 08:15:00,761325,210,W,HV,110,44.7,110,44.7,,,,,,,,,,,34.148074,-118.08377,SIERRA MADRE V1,29.17
2025-01-07 08:15:00,761431,210,W,HV,118,61.6,118,61.6,,,,,,,,,,,34.148737,-118.071321,ROSEMEAD 1,29.879
2025-01-07 08:15:00,764135,210,W,HV,118,61.6,118,61.6,,,,,,,,,,,34.152092,-118.143249,MARENGO,25.68
2025-01-07 08:15:00,764137,210,W,ML,631,59.1,107,64.2,124,62.1,109,60.4,111,58.0,101,54.1,79,54.1,34.152092,-118.143249,MARENGO,25.68
2025-01-07 08:15:00,769807,210,W,ML,300,59.2,49,70.2,93,61.9,82,55.3,76,53.1,,,,,34.197068,-118.184827,FOOTHILL,20.98
2025-01-07 08:15:00,769867,210,W,ML,235,66.4,77,69.1,66,64.7,37,68.6,55,63.3,,,,,34.218652,-118.239558,LA CRESCENTA,17.38
2025-01-07 08:15:00,769911,210,W,ML,277,65.7,73,70.2,62,65.7,54,63.1,43,69.0,45,58.2,,,34.224897,-118.251344,PENNSYLVANIA,16.58
2025-01-07 08:15:00,769926,210,W,ML,345,63.1,65,69.8,69,66.5,59,62.3,53,59.3,50,58.5,49,59.2,34.214462,-118.232443,OCEAN VIEW,17.88
2025-01-07 08:15:00,769941,210,W,ML,347,68.9,68,71.3,89,66.9,70,63.7,120,72.0,,,,,34.207101,-118.204943,ANGELES CREST HWY SB,19.58
2025-01-07 08:15:00,769953,210,W,ML,267,65.6,59,71.1,85,67.3,59,53.2,64,69.7,,,,,34.206998,-118.201441,ANGELES CREST HWY NB,19.78
2025-01-07 08:15:00,769965,210,W,ML,219,66.2,86,67.9,15,69.6,70,66.5,48,61.6,,,,,34.232554,-118.271772,HONOLULU,15.28
2025-01-07 08:15:00,769983,210,W,ML,315,56.0,82,52.7,95,58.5,72,57.5,66,55.1,,,,,34.203186,-118.191671,GOULD,20.4
2025-01-07 08:15:00,770000,210,W,ML,346,58.2,93,62.7,94,59.7,82,55.7,77,53.5,,,,,34.19198,-118.181214,BERKSHIRE,21.39
2025-01-07 08:15:00,770129,210,W,ML,264,64.9,85,66.9,88,64.5,57,58.7,34,71.4,,,,,34.234984,-118.290562,LA TUNA CANYON NB,14.18
2025-01-07 08:15:00,770141,210,W,ML,161,60.8,47,64.6,57,63.1,16,65.7,41,51.1,,,,,34.234987,-118.294031,LA TUNA CANYON SB,13.98
2025-01-07 08:15:00,770386,210,W,ML,332,61.8,89,66.8,90,63.6,79,59.1,74,56.6,,,,,34.207155,-118.2137,EB/NB 2 TO EB 210 CN,19.08
2025-01-07 08:15:00,770401,210,W,ML,496,57.3,104,62.1,150,59.0,133,56.0,109,52.1,,,,,34.211095,-118.225948,EB/NB 2 TO WB 210 CN,18.32
2025-01-07 08:15:00,770568,210,W,ML,510,52.8,152,59.7,120,54.8,125,45.8,113,49.0,,,,,34.165953,-118.157943,HAMMOND ST.,23.79
2025-01-07 08:15:00,770579,210,W,ML,191,65.0,15,74.5,48,69.9,63,64.9,65,59.4,,,,,34.156597,-118.157944,WINONA WAY,24.442
2025-01-07 08:20:00,717615,210,W,ML,292,58.9,77,63.7,80,60.6,70,56.4,65,54.1,,,,,34.182539,-118.171545,ARROYO 1,22.3
2025-01-07 08:20:00,717622,210,W,ML,283,60.6,62,70.8,75,63.1,78,63.4,68,45.4,,,,,34.176273,-118.161942,LINCOLN 1,23.0
2025-01-07 08:20:00,717624,210,W,ML,305,58.6,66,64.2,70,61.1,61,56.9,56,54.5,52,54.4,,,34.164368,-118.158093,MOUNTAIN 1,23.9
2025-01-07 08:20:00,717627,210,W,ML,94,66.7,43,68.5,51,65.2,,,,,,,,,34.15225,-118.154678,WALNUT,24.9
2025-01-07 08:20:00,717630,210,W,ML,119,61.6,25,66.8,36,63.4,32,60.2,26,56.1,,,,,34.152218,-118.14821,FAIR OAKS 1,25.4
2025-01-07 08:20:00,717632,210,W,HV,118,61.6,118,61.6,,,,,,,,,,,34.152218,-118.14821,FAIR OAKS 1,25.4
2025-01-07 08:20:00,717634,210,W,ML,526,44.3,119,48.4,119,45.7,103,42.4,97,41.4,88,42.3,,,34.15195,-118.13555,LAKE 1,26.12
2025-01-07 08:20:00,717637,210,W,ML,627,42.3,160,47.4,137,45.7,111,38.7,102,41.2,117,35.5,,,34.152357,-118.123714,HILL,26.8
2025-01-07 08:20:00,717642,210,W,ML,587,31.9,128,40.7,125,36.3,99,30.9,98,27.9,137,23.0,,,34.1527,-118.102255,ALTADENA,28.03
2025-01-07 08:20:00,717643,210,W,HV,103,38.9,103,38.9,,,,,,,,,,,34.1527,-118.102255,ALTADENA,28.03
2025-01-07 08:20:00,717644,210,W,ML,556,29.1,132,32.5,133,30.2,80,22.4,110,28.7,101,28.9,,,34.152727,-118.098063,SAN GABRIEL,28.27
2025-01-07 08:20:00,717645,210,W,HV,103,34.4,103,34.4,,,,,,,,,,,34.152727,-118.098063,SAN GABRIEL,28.27
2025-01-07 08:20:00,717649,210,W,ML,541,49.3,136,55.7,126,52.3,83,39.7,97,45.4,99,48.5,,,34.148074,-118.08377,SIERRA MADRE V1,29.17
2025-01-07 08:20:00,717653,210,W,ML,500,51.4,134,51.6,127,50.7,100,50.3,85,52.2,54,53.1,,,34.148737,-118.071321,ROSEMEAD 1,29.879
2025-01-07 08:20:00,761318,210,W,HV,118,61.6,118,61.6,,,,,,,,,,,34.15195,-118.13555,LAKE 1,26.12
2025-01-07 08:20:00,761322,210,W,HV,113,46.0,113,46.0,,,,,,,,,,,34.152357,-118.123714,HILL,26.8
2025-01-07 08:20:00,761325,210,W,HV,97,45.7,97,45.7,,,,,,,,,,,34.148074,-118.08377,SIERRA MADRE V1,29.17
2025-01-07 08:20:00,761431,210,W,HV,118,61.6,118,61.6,,,,,,,,,,,34.148737,-118.071321,ROSEMEAD 1,29.879
2025-01-07 08:20:00,764135,210,W,HV,118,61.6,118,61.6,,,,,,,,,,,34.152092,-118.143249,MARENGO,25.68
2025-01-07 08:20:00,764137,210,W,ML,629,58.7,107,63.7,124,61.6,108,60.0,111,57.6,101,53.7,78,53.7,34.152092,-118.143249,MARENGO,25.68
2025-01-07 08:20:00,769807,210,W,ML,257,60.7,85,67.8,58,62.3,59,55.6,55,53.4,,,,,34.197068,-118.184827,FOOTHILL,20.98
2025-01-07 08:20:00,769867,210,W,ML,213,66.4,41,71.0,74,67.0,47,69.9,51,58.4,,,,,34.218652,-118.239558,LA CRESCENTA,17.38
2025-01-07 08:20:00,769911,210,W,ML,259,64.7,51,72.7,64,66.0,53,62.1,46,64.2,45,57.4,,,34.224897,-118.251344,PENNSYLVANIA,16.58
2025-01-07 08:20:00,769926,210,W,ML,325,60.5,61,66.7,65,63.5,56,59.2,50,56.7,47,56.9,46,57.3,34.214462,-118.232443,OCEAN VIEW,17.88
2025-01-07 08:20:00,769941,210,W,ML,376,65.5,106,70.3,98,64.4,83,65.7,89,61.0,,,,,34.207101,-118.204943,ANGELES CREST HWY SB,19.58
2025-01-07 08:20:00,769953,210,W,ML,305,63.3,78,69.8,83,66.3,79,53.5,65,63.4,,,,,34.206998,-118.201441,ANGELES CREST HWY NB,19.78
2025-01-07 08:20:00,769965,210,W,ML,178,66.0,61,70.9,7,70.4,60,62.7,50,63.4,,,,,34.232554,-118.271772,HONOLULU,15.28
2025-01-07 08:20:00,769983,210,W,ML,330,55.8,91,52.2,107,58.3,69,57.3,63,54.9,,,,,34.203186,-118.191671,GOULD,20.4
2025-01-07 08:20:00,770000,210,W,ML,245,58.4,62,63.0,67,60.0,60,56.0,56,53.8,,,,,34.19198,-118.181214,BERKSHIRE,21.39
2025-01-07 08:20:00,770129,210,W,ML,244,64.7,75,67.6,76,65.9,54,56.9,39,67.7,,,,,34.234984,-118.290562,LA TUNA CANYON NB,14.18
2025-01-07 08:20:00,770141,210,W,ML,154,61.8,45,66.0,55,64.1,15,65.9,39,52.1,,,,,34.234987,-118.294031,LA TUNA CANYON SB,13.98
2025-01-07 08:20:00,770386,210,W,ML,356,63.0,96,68.0,97,64.7,84,60.3,79,57.6,,,,,34.207155,-118.2137,EB/NB 2 TO EB 210 CN,19.08
2025-01-07 08:20:00,770401,210,W,ML,496,57.3,104,62.1,150,59.0,133,56.0,109,52.1,,,,,34.211095,-118.225948,EB/NB 2 TO WB 210 CN,18.32
2025-01-07 08:20:00,770568,210,W,ML,376,55.0,108,58.1,71,59.9,115,50.7,82,52.8,,,,,34.165953,-118.157943,HAMMOND ST.,23.79
2025-01-07 08:20:00,770579,210,W,ML,163,66.9,39,73.7,36,70.3,39,65.9,49,59.8,,,,,34.156597,-118.157944,WINONA WAY,24.442
2025-01-07 08:25:00,717615,210,W,ML,289,58.3,77,63.0,80,59.9,69,55.8,63,53.6,,,,,34.182539,-118.171545,ARROYO 1,22.3
2025-01-07 08:25:00,717622,210,W,ML,290,61.4,85,72.5,59,62.2,78,64.0,68,43.9,,,,,34.176273,-118.161942,LINCOLN 1,23.0
2025-01-07 08:25:00,717624,210,W,ML,329,56.8,73,62.0,75,59.1,65,55.2,59,53.0,57,53.0,,,34.164368,-118.158093,MOUNTAIN 1,23.9
2025-01-07 08:25:00,717627,210,W,ML,94,67.1,43,68.9,51,65.6,,,,,,,,,34.15225,-118.154678,WALNUT,24.9
2025-01-07 08:25:00,717630,210,W,ML,119,61.6,25,66.8,36,63.4,32,60.2,26,56.1,,,,,34.152218,-118.14821,FAIR OAKS 1,25.4
2025-01-07 08:25:00,717632,210,W,HV,118,61.6,118,61.6,,,,,,,,,,,34.152218,-118.14821,FAIR OAKS 1,25.4
2025-01-07 08:25:00,717634,210,W,ML,483,44.9,110,49.6,109,46.8,94,42.7,89,41.5,81,42.0,,,34.15195,-118.13555,LAKE 1,26.12
2025-01-07 08:25:00,717637,210,W,ML,577,42.6,144,47.6,127,46.7,101,38.7,85,37.4,120,39.4,,,34.152357,-118.123714,HILL,26.8
2025-01-07 08:25:00,717642,210,W,ML,536,29.8,118,38.0,120,33.4,91,29.4,89,26.8,118,20.7,,,34.1527,-118.102255,ALTADENA,28.03
2025-01-07 08:25:00,717643,210,W,HV,107,38.3,107,38.3,,,,,,,,,,,34.1527,-118.102255,ALTADENA,28.03
2025-01-07 08:25:00,717644,210,W,ML,556,28.6,132,33.6,130,30.1,106,24.3,98,25.5,90,27.3,,,34.152727,-118.098063,SAN GABRIEL,28.27
2025-01-07 08:25:00,717645,210,W,HV,110,35.4,110,35.4,,,,,,,,,,,34.152727,-118.098063,SAN GABRIEL,28.27
2025-01-07 08:25:00,717649,210,W,ML,559,50.7,132,56.1,138,55.2,100,43.1,90,45.0,99,50.1,,,34.148074,-118.08377,SIERRA MADRE V1,29.17
2025-01-07 08:25:00,717653,210,W,ML,508,52.7,134,53.2,128,52.2,102,51.8,87,53.2,57,53.8,,,34.148737,-118.071321,ROSEMEAD 1,29.879
2025-01-07 08:25:00,761318,210,W,HV,118,61.6,118,61.6,,,,,,,,,,,34.15195,-118.13555,LAKE 1,26.12
2025-01-07 08:25:00,761322,210,W,HV,102,46.2,102,46.2,,,,,,,,,,,34.152357,-118.123714,HILL,26.8
2025-01-07 08:25:00,761325,210,W,HV,104,46.2,104,46.2,,,,,,,,,,,34.148074,-118.08377,SIERRA MADRE V1,29.17
2025-01-07 08:25:00,761431,210,W,HV,118,61.6,118,61.6,,,,,,,,,,,34.148737,-118.071321,ROSEMEAD 1,29.879
2025-01-07 08:25:00,764135,210,W,HV,118,61.6,118,61.6,,,,,,,,,,,34.152092,-118.143249,MARENGO,25.68
2025-01-07 08:25:00,764137,210,W,ML,624,58.9,106,63.9,123,61.8,107,60.2,110,57.8,100,53.9,78,53.9,34.152092,-118.143249,MARENGO,25.68
2025-01-07 08:25:00,769807,210,W,ML,243,60.0,61,69.0,62,62.0,62,55.4,58,53.2,,,,,34.197068,-118.184827,FOOTHILL,20.98
2025-01-07 08:25:00,769867,210,W,ML,318,59.3,86,64.9,112,62.1,62,56.8,58,48.2,,,,,34.218652,-118.239558,LA CRESCENTA,17.38
2025-01-07 08:25:00,769911,210,W,ML,287,63.7,77,71.5,65,63.7,56,63.2,41,59.8,48,55.2,,,34.224897,-118.251344,PENNSYLVANIA,16.58
2025-01-07 08:25:00,769926,210,W,ML,361,55.7,68,60.9,72,57.9,62,54.1,56,52.2,52,52.8,51,54.4,34.214462,-118.232443,OCEAN VIEW,17.88
2025-01-07 08:25:00,769941,210,W,ML,324,63.7,86,69.7,101,61.5,61,65.3,76,58.5,,,,,34.207101,-118.204943,ANGELES CREST HWY SB,19.58
2025-01-07 08:25:00,769953,210,W,ML,312,62.5,87,68.9,102,64.9,50,54.2,73,57.0,,,,,34.206998,-118.201441,ANGELES CREST HWY NB,19.78
2025-01-07 08:25:00,769965,210,W,ML,205,66.2,88,70.2,9,70.8,61,64.6,47,59.7,,,,,34.232554,-118.271772,HONOLULU,15.28
2025-01-07 08:25:00,769983,210,W,ML,317,55.3,86,51.7,100,58.2,68,56.5,63,54.2,,,,,34.203186,-118.191671,GOULD,20.4
2025-01-07 08:25:00,770000,210,W,ML,256,58.2,66,62.8,70,59.8,62,55.8,58,53.6,,,,,34.19198,-118.181214,BERKSHIRE,21.39
2025-01-07 08:25:00,770129,210,W,ML,264,66.2,86,68.5,94,66.7,54,60.3,30,68.9,,,,,34.234984,-118.290562,LA TUNA CANYON NB,14.18
2025-01-07 08:25:00,770141,210,W,ML,152,62.4,44,66.8,54,64.7,15,66.0,39,52.7,,,,,34.234987,-118.294031,LA TUNA CANYON SB,13.98
2025-01-07 08:25:00,770386,210,W,ML,320,61.0,86,65.9,88,62.7,76,58.4,70,55.8,,,,,34.207155,-118.2137,EB/NB 2 TO EB 210 CN,19.08
2025-01-07 08:25:00,770401,210,W,ML,488,57.5,102,62.3,148,59.2,131,56.2,107,52.3,,,,,34.211095,-118.225948,EB/NB 2 TO WB 210 CN,18.32
2025-01-07 08:25:00,770568,210,W,ML,444,45.9,153,53.8,100,54.1,92,34.4,99,35.9,,,,,34.165953,-118.157943,HAMMOND ST.,23.79
2025-01-07 08:25:00,770579,210,W,ML,149,67.2,29,74.0,36,71.1,39,66.4,45,60.5,,,,,34.156597,-118.157944,WINONA WAY,24.442
2025-01-07 08:30:00,717615,210,W,ML,248,57.0,66,61.5,69,58.5,60,54.4,53,52.4,,,,,34.182539,-118.171545,ARROYO 1,22.3
2025-01-07 08:30:00,717622,210,W,ML,233,58.6,47,71.3,73,62.3,57,57.4,56,44.5,,,,,34.176273,-118.161942,LINCOLN 1,23.0
2025-01-07 08:30:00,717624,210,W,ML,329,55.6,71,60.7,74,57.8,65,54.1,61,51.9,58,52.0,,,34.164368,-118.158093,MOUNTAIN 1,23.9
2025-01-07 08:30:00,717627,210,W,ML,104,66.9,50,68.6,54,65.3,,,,,,,,,34.15225,-118.154678,WALNUT,24.9
2025-01-07 08:30:00,717630,210,W,ML,116,61.6,24,66.8,35,63.4,31,60.2,26,56.1,,,,,34.152218,-118.14821,FAIR OAKS 1,25.4
2025-01-07 08:30:00,717632,210,W,HV,117,61.6,117,61.6,,,,,,,,,,,34.152218,-118.14821,FAIR OAKS 1,25.4
2025-01-07 08:30:00,717634,210,W,ML,536,44.7,121,49.3,121,46.3,105,42.8,99,41.6,90,42.4,,,34.15195,-118.13555,LAKE 1,26.12
2025-01-07 08:30:00,717637,210,W,ML,635,43.1,162,47.5,141,46.9,118,41.8,97,37.8,117,38.0,,,34.152357,-118.123714,HILL,26.8
2025-01-07 08:30:00,717642,210,W,ML,582,29.0,136,38.6,131,34.2,93,25.5,92,22.1,130,21.2,,,34.1527,-118.102255,ALTADENA,28.03
2025-01-07 08:30:00,717643,210,W,HV,117,37.6,117,37.6,,,,,,,,,,,34.1527,-118.102255,ALTADENA,28.03
2025-01-07 08:30:00,717644,210,W,ML,547,25.8,143,32.4,126,27.8,98,22.1,87,20.9,93,21.3,,,34.152727,-118.098063,SAN GABRIEL,28.27
2025-01-07 08:30:00,717645,210,W,HV,118,33.7,118,33.7,,,,,,,,,,,34.152727,-118.098063,SAN GABRIEL,28.27
2025-01-07 08:30:00,717649,210,W,ML,564,50.5,140,56.4,142,55.1,94,42.8,89,43.1,99,49.3,,,34.148074,-118.08377,SIERRA MADRE V1,29.17
2025-01-07 08:30:00,717653,210,W,ML,508,52.1,134,52.4,128,51.5,102,51.0,87,52.7,57,53.5,,,34.148737,-118.071321,ROSEMEAD 1,29.879
2025-01-07 08:30:00,761318,210,W,HV,117,61.6,117,61.6,,,,,,,,,,,34.15195,-118.13555,LAKE 1,26.12
2025-01-07 08:30:00,761322,210,W,HV,117,46.9,117,46.9,,,,,,,,,,,34.152357,-118.123714,HILL,26.8
2025-01-07 08:30:00,761325,210,W,HV,123,46.2,123,46.2,,,,,,,,,,,34.148074,-118.08377,SIERRA MADRE V1,29.17
2025-01-07 08:30:00,761431,210,W,HV,117,61.6,117,61.6,,,,,,,,,,,34.148737,-118.071321,ROSEMEAD 1,29.879
2025-01-07 08:30:00,764135,210,W,HV,117,61.6,117,61.6,,,,,,,,,,,34.152092,-118.143249,MARENGO,25.68
2025-01-07 08:30:00,764137,210,W,ML,612,58.7,104,63.7,121,61.6,105,60.0,108,57.6,98,53.7,76,53.7,34.152092,-118.143249,MARENGO,25.68
2025-01-07 08:30:00,769807,210,W,ML,300,60.3,70,69.8,84,62.4,76,55.7,70,53.4,,,,,34.197068,-118.184827,FOOTHILL,20.98
2025-01-07 08:30:00,769867,210,W,ML,350,53.7,90,60.4,130,60.0,70,46.4,60,38.7,,,,,34.218652,-118.239558,LA CRESCENTA,17.38
2025-01-07 08:30:00,769911,210,W,ML,270,65.1,71,72.4,73,64.0,42,65.2,36,64.2,48,56.7,,,34.224897,-118.251344,PENNSYLVANIA,16.58
2025-01-07 08:30:00,769926,210,W,ML,374,48.4,70,52.3,73,49.5,64,46.6,59,45.3,56,46.6,52,49.5,34.214462,-118.232443,OCEAN VIEW,17.88
2025-01-07 08:30:00,769941,210,W,ML,241,60.5,53,70.3,68,62.8,40,53.9,80,55.4,,,,,34.207101,-118.204943,ANGELES CREST HWY SB,19.58
2025-01-07 08:30:00,769953,210,W,ML,205,60.2,53,69.7,67,64.3,36,45.4,49,55.2,,,,,34.206998,-118.201441,ANGELES CREST HWY NB,19.78
2025-01-07 08:30:00,769965,210,W,ML,217,66.8,85,71.8,13,70.6,71,64.6,48,60.0,,,,,34.232554,-118.271772,HONOLULU,15.28
2025-01-07 08:30:00,769983,210,W,ML,244,53.0,61,47.4,68,55.0,60,55.9,55,53.7,,,,,34.203186,-118.191671,GOULD,20.4
2025-01-07 08:30:00,770000,210,W,ML,319,58.5,85,63.1,87,60.1,76,56.1,71,53.8,,,,,34.19198,-118.181214,BERKSHIRE,21.39
2025-01-07 08:30:00,770129,210,W,ML,265,65.7,86,68.8,85,65.8,50,62.1,44,63.8,,,,,34.234984,-118.290562,LA TUNA CANYON NB,14.18
2025-01-07 08:30:00,770141,210,W,ML,175,61.8,52,65.9,62,64.1,17,65.9,44,52.1,,,,,34.234987,-118.294031,LA TUNA CANYON SB,13.98
2025-01-07 08:30:00,770386,210,W,ML,274,58.5,71,63.4,75,60.3,66,55.9,62,53.6,,,,,34.207155,-118.2137,EB/NB 2 TO EB 210 CN,19.08
2025-01-07 08:30:00,770401,210,W,ML,486,57.6,102,62.4,147,59.3,130,56.3,107,52.4,,,,,34.211095,-118.225948,EB/NB 2 TO WB 210 CN,18.32
2025-01-07 08:30:00,770568,210,W,ML,394,40.8,131,54.6,92,50.6,82,24.9,89,25.2,,,,,34.165953,-118.157943,HAMMOND ST.,23.79
2025-01-07 08:30:00,770579,210,W,ML,137,66.5,11,74.3,56,69.4,31,66.0,39,60.6,,,,,34.156597,-118.157944,WINONA WAY,24.442
2025-01-07 08:35:00,717615,210,W,ML,261,59.2,68,64.0,72,60.9,63,56.7,58,54.4,,,,,34.182539,-118.171545,ARROYO 1,22.3
2025-01-07 08:35:00,717622,210,W,ML,250,61.9,45,71.3,79,63.5,69,65.2,57,48.3,,,,,34.176273,-118.161942,LINCOLN 1,23.0
2025-01-07 08:35:00,717624,210,W,ML,293,55.8,62,60.9,66,58.1,58,54.3,54,52.1,53,52.2,,,34.164368,-118.158093,MOUNTAIN 1,23.9
2025-01-07 08:35:00,717627,210,W,ML,91,67.2,43,68.9,48,65.6,,,,,,,,,34.15225,-118.154678,WALNUT,24.9
2025-01-07 08:35:00,717630,210,W,ML,116,61.7,24,66.9,35,63.5,31,60.3,26,56.2,,,,,34.152218,-118.14821,FAIR OAKS 1,25.4
2025-01-07 08:35:00,717632,210,W,HV,117,61.7,117,61.7,,,,,,,,,,,34.152218,-118.14821,FAIR OAKS 1,25.4
2025-01-07 08:35:00,717634,210,W,ML,519,41.6,119,45.9,117,43.2,101,39.2,95,38.7,87,39.5,,,34.15195,-118.13555,LAKE 1,26.12
2025-01-07 08:35:00,717637,210,W,ML,614,37.2,146,38.5,137,41.1,111,36.8,96,34.7,124,33.9,,,34.152357,-118.123714,HILL,26.8
2025-01-07 08:35:00,717642,210,W,ML,582,28.2,134,36.3,127,33.2,96,25.5,93,22.3,132,21.1,,,34.1527,-118.102255,ALTADENA,28.03
2025-01-07 08:35:00,717643,210,W,HV,113,37.2,113,37.2,,,,,,,,,,,34.1527,-118.102255,ALTADENA,28.03
2025-01-07 08:35:00,717644,210,W,ML,584,24.1,132,28.6,121,25.5,113,22.6,110,21.2,108,21.4,,,34.152727,-118.098063,SAN GABRIEL,28.27
2025-01-07 08:35:00,717645,210,W,HV,112,34.3,112,34.3,,,,,,,,,,,34.152727,-118.098063,SAN GABRIEL,28.27
2025-01-07 08:35:00,717649,210,W,ML,565,51.0,147,58.0,138,55.8,88,43.5,95,42.7,97,48.2,,,34.148074,-118.08377,SIERRA MADRE V1,29.17
2025-01-07 08:35:00,717653,210,W,ML,499,51.1,132,51.3,126,50.5,100,50.0,85,52.0,56,52.9,,,34.148737,-118.071321,ROSEMEAD 1,29.879
2025-01-07 08:35:00,761318,210,W,HV,117,61.7,117,61.7,,,,,,,,,,,34.15195,-118.13555,LAKE 1,26.12
2025-01-07 08:35:00,761322,210,W,HV,125,42.8,125,42.8,,,,,,,,,,,34.152357,-118.123714,HILL,26.8
2025-01-07 08:35:00,761325,210,W,HV,113,48.4,113,48.4,,,,,,,,,,,34.148074,-118.08377,SIERRA MADRE V1,29.17
2025-01-07 08:35:00,761431,210,W,HV,117,61.7,117,61.7,,,,,,,,,,,34.148737,-118.071321,ROSEMEAD 1,29.879
2025-01-07 08:35:00,764135,210,W,HV,117,61.7,117,61.7,,,,,,,,,,,34.152092,-118.143249,MARENGO,25.68
2025-01-07 08:35:00,764137,210,W,ML,618,58.9,105,63.9,122,61.8,106,60.2,109,57.8,99,53.9,77,53.9,34.152092,-118.143249,MARENGO,25.68
2025-01-07 08:35:00,769807,210,W,ML,251,61.6,61,72.1,66,63.5,64,56.5,60,54.2,,,,,34.197068,-118.184827,FOOTHILL,20.98
2025-01-07 08:35:00,769867,210,W,ML,321,46.5,85,52.9,113,53.6,65,37.8,58,33.2,,,,,34.218652,-118.239558,LA CRESCENTA,17.38
2025-01-07 08:35:00,769911,210,W,ML,204,63.5,45,73.2,54,60.5,33,64.3,32,64.2,40,55.5,,,34.224897,-118.251344,PENNSYLVANIA,16.58
2025-01-07 08:35:00,769926,210,W,ML,362,42.7,68,45.7,72,43.0,62,40.4,56,39.7,53,41.6,51,45.4,34.214462,-118.232443,OCEAN VIEW,17.88
2025-01-07 08:35:00,769941,210,W,ML,290,58.3,74,69.4,68,58.3,59,59.2,89,48.6,,,,,34.207101,-118.204943,ANGELES CREST HWY SB,19.58
2025-01-07 08:35:00,769953,210,W,ML,289,58.6,55,70.7,92,65.0,62,45.3,80,53.2,,,,,34.206998,-118.201441,ANGELES CREST HWY NB,19.78
2025-01-07 08:35:00,769965,210,W,ML,155,65.5,51,72.4,18,68.4,48,60.1,38,61.8,,,,,34.232554,-118.271772,HONOLULU,15.28
2025-01-07 08:35:00,769983,210,W,ML,327,52.9,87,47.8,101,55.1,72,55.6,67,53.4,,,,,34.203186,-118.191671,GOULD,20.4
2025-01-07 08:35:00,770000,210,W,ML,267,59.3,69,64.0,73,60.9,65,56.8,60,54.5,,,,,34.19198,-118.181214,BERKSHIRE,21.39
2025-01-07 08:35:00,770129,210,W,ML,238,64.5,66,68.6,89,65.8,48,56.3,35,64.5,,,,,34.234984,-118.290562,LA TUNA CANYON NB,14.18
2025-01-07 08:35:00,770141,210,W,ML,135,61.6,38,65.9,49,64.1,13,65.9,35,52.1,,,,,34.234987,-118.294031,LA TUNA CANYON SB,13.98
2025-01-07 08:35:00,770386,210,W,ML,274,55.4,71,59.8,75,56.9,66,53.0,62,51.1,,,,,34.207155,-118.2137,EB/NB 2 TO EB 210 CN,19.08
2025-01-07 08:35:00,770401,210,W,ML,486,57.8,102,62.7,147,59.5,130,56.5,107,52.6,,,,,34.211095,-118.225948,EB/NB 2 TO WB 210 CN,18.32
2025-01-07 08:35:00,770568,210,W,ML,377,42.5,109,58.2,77,51.3,104,30.8,87,29.0,,,,,34.165953,-118.157943,HAMMOND ST.,23.79
2025-01-07 08:35:00,770579,210,W,ML,117,66.2,8,74.5,33,70.0,41,66.4,35,60.5,,,,,34.156597,-118.157944,WINONA WAY,24.442
2025-01-07 08:40:00,717615,210,W,ML,274,56.8,71,61.4,75,58.3,66,54.2,62,52.2,,,,,34.182539,-118.171545,ARROYO 1,22.3
2025-01-07 08:40:00,717622,210,W,ML,280,60.5,62,74.2,68,64.3,65,57.2,85,49.9,,,,,34.176273,-118.161942,LINCOLN 1,23.0
2025-01-07 08:40:00,717624,210,W,ML,390,55.9,87,61.1,89,58.2,77,54.2,71,52.1,66,52.2,,,34.164368,-118.158093,MOUNTAIN 1,23.9
2025-01-07 08:40:00,717627,210,W,ML,128,67.2,61,68.9,67,65.6,,,,,,,,,34.15225,-118.154678,WALNUT,24.9
2025-01-07 08:40:00,717630,210,W,ML,115,61.7,24,66.9,35,63.5,31,60.3,25,56.2,,,,,34.152218,-118.14821,FAIR OAKS 1,25.4
2025-01-07 08:40:00,717632,210,W,HV,116,61.7,116,61.7,,,,,,,,,,,34.152218,-118.14821,FAIR OAKS 1,25.4
2025-01-07 08:40:00,717634,210,W,ML,525,38.0,118,41.8,118,39.2,104,35.7,97,35.5,88,36.6,,,34.15195,-118.13555,LAKE 1,26.12
2025-01-07 08:40:00,717637,210,W,ML,615,34.0,148,39.1,144,37.2,106,31.7,98,30.5,119,28.5,,,34.152357,-118.123714,HILL,26.8
2025-01-07 08:40:00,717642,210,W,ML,595,29.1,133,38.6,139,33.9,102,26.2,99,24.1,122,19.5,,,34.1527,-118.102255,ALTADENA,28.03
2025-01-07 08:40:00,717643,210,W,HV,113,39.1,113,39.1,,,,,,,,,,,34.1527,-118.102255,ALTADENA,28.03
2025-01-07 08:40:00,717644,210,W,ML,619,25.0,144,28.9,139,27.6,121,25.4,117,21.9,98,18.5,,,34.152727,-118.098063,SAN GABRIEL,28.27
2025-01-07 08:40:00,717645,210,W,HV,125,32.6,125,32.6,,,,,,,,,,,34.152727,-118.098063,SAN GABRIEL,28.27
2025-01-07 08:40:00,717649,210,W,ML,596,47.5,147,48.9,138,50.6,105,43.8,101,43.9,105,48.4,,,34.148074,-118.08377,SIERRA MADRE V1,29.17
2025-01-07 08:40:00,717653,210,W,ML,538,51.3,142,51.5,135,50.7,108,50.2,93,52.1,60,53.0,,,34.148737,-118.071321,ROSEMEAD 1,29.879
2025-01-07 08:40:00,761318,210,W,HV,116,61.7,116,61.7,,,,,,,,,,,34.15195,-118.13555,LAKE 1,26.12
2025-01-07 08:40:00,761322,210,W,HV,105,42.8,105,42.8,,,,,,,,,,,34.152357,-118.123714,HILL,26.8
2025-01-07 08:40:00,761325,210,W,HV,125,44.1,125,44.1,,,,,,,,,,,34.148074,-118.08377,SIERRA MADRE V1,29.17
2025-01-07 08:40:00,761431,210,W,HV,116,61.7,116,61.7,,,,,,,,,,,34.148737,-118.071321,ROSEMEAD 1,29.879
2025-01-07 08:40:00,764135,210,W,HV,116,61.7,116,61.7,,,,,,,,,,,34.152092,-118.143249,MARENGO,25.68
2025-01-07 08:40:00,764137,210,W,ML,619,58.7,105,63.7,122,61.6,107,60.0,109,57.6,99,53.7,77,53.7,34.152092,-118.143249,MARENGO,25.68
2025-01-07 08:40:00,769807,210,W,ML,281,61.4,71,69.9,75,63.7,70,56.7,65,54.3,,,,,34.197068,-118.184827,FOOTHILL,20.98
2025-01-07 08:40:00,769867,210,W,ML,270,49.1,100,52.4,70,51.4,60,51.4,40,33.3,,,,,34.218652,-118.239558,LA CRESCENTA,17.38
2025-01-07 08:40:00,769911,210,W,ML,331,58.0,92,66.0,64,55.4,68,58.1,57,54.2,50,50.9,,,34.224897,-118.251344,PENNSYLVANIA,16.58
2025-01-07 08:40:00,769926,210,W,ML,329,50.2,60,54.4,64,51.8,57,48.7,53,47.1,49,48.2,46,49.9,34.214462,-118.232443,OCEAN VIEW,17.88
2025-01-07 08:40:00,769941,210,W,ML,255,62.4,30,72.2,70,63.3,69,56.1,86,63.2,,,,,34.207101,-118.204943,ANGELES CREST HWY SB,19.58
2025-01-07 08:40:00,769953,210,W,ML,243,62.3,54,69.1,73,67.9,60,49.1,56,62.6,,,,,34.206998,-118.201441,ANGELES CREST HWY NB,19.78
2025-01-07 08:40:00,769965,210,W,ML,224,62.8,93,70.3,17,69.0,68,53.7,46,58.7,,,,,34.232554,-118.271772,HONOLULU,15.28
2025-01-07 08:40:00,769983,210,W,ML,288,55.6,76,51.3,88,57.2,65,58.3,59,55.9,,,,,34.203186,-118.191671,GOULD,20.4
2025-01-07 08:40:00,770000,210,W,ML,293,59.4,77,64.1,80,61.0,70,57.0,66,54.6,,,,,34.19198,-118.181214,BERKSHIRE,21.39
2025-01-07 08:40:00,770129,210,W,ML,253,63.4,85,67.6,88,64.2,54,55.0,26,64.1,,,,,34.234984,-118.290562,LA TUNA CANYON NB,14.18
2025-01-07 08:40:00,770141,210,W,ML,152,60.5,44,64.3,54,62.9,15,65.7,39,50.9,,,,,34.234987,-118.294031,LA TUNA CANYON SB,13.98
2025-01-07 08:40:00,770386,210,W,ML,278,59.0,72,63.8,76,60.7,67,56.5,63,54.2,,,,,34.207155,-118.2137,EB/NB 2 TO EB 210 CN,19.08
2025-01-07 08:40:00,770401,210,W,ML,488,57.9,102,62.8,148,59.6,131,56.6,107,52.7,,,,,34.211095,-118.225948,EB/NB 2 TO WB 210 CN,18.32
2025-01-07 08:40:00,770568,210,W,ML,406,45.4,112,59.9,107,55.1,98,32.2,89,30.0,,,,,34.165953,-118.157943,HAMMOND ST.,23.79
2025-01-07 08:40:00,770579,210,W,ML,147,63.9,8,74.6,57,69.8,14,66.6,68,57.2,,,,,34.156597,-118.157944,WINONA WAY,24.442
2025-01-07 08:45:00,717615,210,W,ML,274,57.6,71,62.4,75,59.3,66,54.9,62,52.7,,,,,34.182539,-118.171545,ARROYO 1,22.3
2025-01-07 08:45:00,717622,210,W,ML,288,60.6,62,73.9,68,62.5,69,54.9,89,54.2,,,,,34.176273,-118.161942,LINCOLN 1,23.0
2025-01-07 08:45:00,717624,210,W,ML,319,57.0,69,62.3,73,59.4,64,55.4,58,53.1,55,53.1,,,34.164368,-118.158093,MOUNTAIN 1,23.9
2025-01-07 08:45:00,717627,210,W,ML,103,67.3,48,69.1,55,65.7,,,,,,,,,34.15225,-118.154678,WALNUT,24.9
2025-01-07 08:45:00,717630,210,W,ML,116,61.8,24,67.0,35,63.6,31,60.4,26,56.2,,,,,34.152218,-118.14821,FAIR OAKS 1,25.4
2025-01-07 08:45:00,717632,210,W,HV,117,61.8,117,61.8,,,,,,,,,,,34.152218,-118.14821,FAIR OAKS 1,25.4
2025-01-07 08:45:00,717634,210,W,ML,532,41.3,121,45.4,120,42.7,104,39.1,98,38.6,89,39.4,,,34.15195,-118.13555,LAKE 1,26.12
2025-01-07 08:45:00,717637,210,W,ML,635,38.7,156,47.2,143,44.5,113,35.5,100,35.6,123,26.8,,,34.152357,-118.123714,HILL,26.8
2025-01-07 08:45:00,717642,210,W,ML,495,24.8,114,31.1,114,29.6,79,22.4,75,20.5,113,18.2,,,34.1527,-118.102255,ALTADENA,28.03
2025-01-07 08:45:00,717643,210,W,HV,123,34.3,123,34.3,,,,,,,,,,,34.1527,-118.102255,ALTADENA,28.03
2025-01-07 08:45:00,717644,210,W,ML,473,20.4,109,23.8,109,23.3,91,20.4,90,17.3,74,14.6,,,34.152727,-118.098063,SAN GABRIEL,28.27
2025-01-07 08:45:00,717645,210,W,HV,120,28.2,120,28.2,,,,,,,,,,,34.152727,-118.098063,SAN GABRIEL,28.27
2025-01-07 08:45:00,717649,210,W,ML,536,44.3,132,43.1,136,47.6,93,38.6,79,41.7,96,49.2,,,34.148074,-118.08377,SIERRA MADRE V1,29.17
2025-01-07 08:45:00,717653,210,W,ML,494,50.7,131,49.5,124,49.3,99,50.9,85,52.6,55,53.4,,,34.148737,-118.071321,ROSEMEAD 1,29.879
2025-01-07 08:45:00,761318,210,W,HV,117,61.8,117,61.8,,,,,,,,,,,34.15195,-118.13555,LAKE 1,26.12
2025-01-07 08:45:00,761322,210,W,HV,121,46.8,121,46.8,,,,,,,,,,,34.152357,-118.123714,HILL,26.8
2025-01-07 08:45:00,761325,210,W,HV,127,40.5,127,40.5,,,,,,,,,,,34.148074,-118.08377,SIERRA MADRE V1,29.17
2025-01-07 08:45:00,761431,210,W,HV,117,61.8,117,61.8,,,,,,,,,,,34.148737,-118.071321,ROSEMEAD 1,29.879
2025-01-07 08:45:00,764135,210,W,HV,117,61.8,117,61.8,,,,,,,,,,,34.152092,-118.143249,MARENGO,25.68
2025-01-07 08:45:00,764137,210,W,ML,618,58.9,105,63.9,122,61.8,106,60.2,109,57.8,99,53.9,77,53.9,34.152092,-118.143249,MARENGO,25.68
2025-01-07 08:45:00,769807,210,W,ML,318,60.0,79,67.6,88,62.4,78,55.7,73,53.4,,,,,34.197068,-118.184827,FOOTHILL,20.98
2025-01-07 08:45:00,769867,210,W,ML,272,52.1,81,57.9,74,55.6,60,49.0,57,42.8,,,,,34.218652,-118.239558,LA CRESCENTA,17.38
2025-01-07 08:45:00,769911,210,W,ML,271,59.7,67,68.3,63,54.8,53,60.1,42,61.3,46,51.8,,,34.224897,-118.251344,PENNSYLVANIA,16.58
2025-01-07 08:45:00,769926,210,W,ML,356,50.3,67,54.4,71,51.6,61,48.5,55,47.0,52,48.2,50,50.7,34.214462,-118.232443,OCEAN VIEW,17.88
2025-01-07 08:45:00,769941,210,W,ML,352,58.1,81,70.0,111,56.7,74,49.6,86,55.9,,,,,34.207101,-118.204943,ANGELES CREST HWY SB,19.58
2025-01-07 08:45:00,769953,210,W,ML,317,60.7,77,69.3,90,66.1,69,45.8,81,59.4,,,,,34.206998,-118.201441,ANGELES CREST HWY NB,19.78
2025-01-07 08:45:00,769965,210,W,ML,197,62.9,84,71.3,16,69.5,59,51.4,38,59.4,,,,,34.232554,-118.271772,HONOLULU,15.28
2025-01-07 08:45:00,769983,210,W,ML,347,54.0,89,48.7,105,55.6,79,57.2,74,54.9,,,,,34.203186,-118.191671,GOULD,20.4
2025-01-07 08:45:00,770000,210,W,ML,331,58.5,88,63.1,90,60.1,79,56.1,74,53.8,,,,,34.19198,-118.181214,BERKSHIRE,21.39
2025-01-07 08:45:00,770129,210,W,ML,265,63.2,94,68.1,77,64.4,57,51.3,37,66.5,,,,,34.234984,-118.290562,LA TUNA CANYON NB,14.18
2025-01-07 08:45:00,770141,210,W,ML,161,60.7,47,64.5,57,63.1,16,65.7,41,51.1,,,,,34.234987,-118.294031,LA TUNA CANYON SB,13.98
2025-01-07 08:45:00,770386,210,W,ML,355,54.3,95,58.5,97,55.6,85,51.9,78,50.1,,,,,34.207155,-118.2137,EB/NB 2 TO EB 210 CN,19.08
2025-01-07 08:45:00,770401,210,W,ML,488,57.9,102,62.8,148,59.6,131,56.6,107,52.7,,,,,34.211095,-118.225948,EB/NB 2 TO WB 210 CN,18.32
2025-01-07 08:45:00,770568,210,W,ML,380,45.8,121,62.7,73,56.5,85,30.1,101,30.9,,,,,34.165953,-118.157943,HAMMOND ST.,23.79
2025-01-07 08:45:00,770579,210,W,ML,144,65.8,19,74.5,42,70.0,29,66.9,54,58.9,,,,,34.156597,-118.157944,WINONA WAY,24.442
2025-01-07 08:50:00,717615,210,W,ML,293,59.4,77,64.3,81,61.1,70,56.8,65,54.4,,,,,34.182539,-118.171545,ARROYO 1,22.3
2025-01-07 08:50:00,717622,210,W,ML,286,61.9,58,74.7,82,64.2,79,54.7,67,56.5,,,,,34.176273,-118.161942,LINCOLN 1,23.0
2025-01-07 08:50:00,717624,210,W,ML,358,54.6,78,59.5,81,56.7,71,53.0,66,51.0,62,51.2,,,34.164368,-118.158093,MOUNTAIN 1,23.9
2025-01-07 08:50:00,717627,210,W,ML,101,67.6,48,69.3,53,66.0,,,,,,,,,34.15225,-118.154678,WALNUT,24.9
2025-01-07 08:50:00,717630,210,W,ML,115,61.8,24,67.0,35,63.6,31,60.4,25,56.2,,,,,34.152218,-118.14821,FAIR OAKS 1,25.4
2025-01-07 08:50:00,717632,210,W,HV,116,61.8,116,61.8,,,,,,,,,,,34.152218,-118.14821,FAIR OAKS 1,25.4
2025-01-07 08:50:00,717634,210,W,ML,542,42.0,124,46.2,122,43.5,106,39.8,100,39.2,90,40.0,,,34.15195,-118.13555,LAKE 1,26.12
2025-01-07 08:50:00,717637,210,W,ML,636,41.4,160,51.4,144,49.4,104,38.2,104,34.9,124,27.5,,,34.152357,-118.123714,HILL,26.8
2025-01-07 08:50:00,717642,210,W,ML,581,26.9,129,36.1,134,33.3,98,22.6,93,20.0,127,19.0,,,34.1527,-118.102255,ALTADENA,28.03
2025-01-07 08:50:00,717643,210,W,HV,116,36.9,116,36.9,,,,,,,,,,,34.1527,-118.102255,ALTADENA,28.03
2025-01-07 08:50:00,717644,210,W,ML,568,21.3,135,26.1,124,23.9,100,19.8,105,17.5,104,17.0,,,34.152727,-118.098063,SAN GABRIEL,28.27
2025-01-07 08:50:00,717645,210,W,HV,123,31.6,123,31.6,,,,,,,,,,,34.152727,-118.098063,SAN GABRIEL,28.27
2025-01-07 08:50:00,717649,210,W,ML,527,41.0,118,37.7,124,41.9,90,36.4,94,41.6,101,47.4,,,34.148074,-118.08377,SIERRA MADRE V1,29.17
2025-01-07 08:50:00,717653,210,W,ML,493,47.4,132,44.8,125,45.0,99,48.6,84,51.1,53,51.6,,,34.148737,-118.071321,ROSEMEAD 1,29.879
2025-01-07 08:50:00,761318,210,W,HV,116,61.8,116,61.8,,,,,,,,,,,34.15195,-118.13555,LAKE 1,26.12
2025-01-07 08:50:00,761322,210,W,HV,120,49.0,120,49.0,,,,,,,,,,,34.152357,-118.123714,HILL,26.8
2025-01-07 08:50:00,761325,210,W,HV,120,33.1,120,33.1,,,,,,,,,,,34.148074,-118.08377,SIERRA MADRE V1,29.17
2025-01-07 08:50:00,761431,210,W,HV,116,61.8,116,61.8,,,,,,,,,,,34.148737,-118.071321,ROSEMEAD 1,29.879
2025-01-07 08:50:00,764135,210,W,HV,116,61.8,116,61.8,,,,,,,,,,,34.152092,-118.143249,MARENGO,25.68
2025-01-07 08:50:00,764137,210,W,ML,607,59.1,103,64.2,120,62.1,104,60.4,107,58.0,97,54.1,76,54.1,34.152092,-118.143249,MARENGO,25.68
2025-01-07 08:50:00,769807,210,W,ML,367,60.6,97,68.1,102,62.9,87,56.1,81,53.8,,,,,34.197068,-118.184827,FOOTHILL,20.98
2025-01-07 08:50:00,769867,210,W,ML,255,58.6,68,63.9,70,59.9,58,54.4,59,55.0,,,,,34.218652,-118.239558,LA CRESCENTA,17.38
2025-01-07 08:50:00,769911,210,W,ML,305,62.1,68,68.1,65,59.9,61,56.8,61,70.7,50,52.7,,,34.224897,-118.251344,PENNSYLVANIA,16.58
2025-01-07 08:50:00,769926,210,W,ML,365,55.8,69,61.1,72,58.2,63,54.4,56,52.3,53,52.9,52,53.9,34.214462,-118.232443,OCEAN VIEW,17.88
2025-01-07 08:50:00,769941,210,W,ML,281,59.5,80,72.1,54,54.6,78,56.4,69,52.3,,,,,34.207101,-118.204943,ANGELES CREST HWY SB,19.58
2025-01-07 08:50:00,769953,210,W,ML,252,58.8,67,70.2,65,59.9,65,45.5,55,59.5,,,,,34.206998,-118.201441,ANGELES CREST HWY NB,19.78
2025-01-07 08:50:00,769965,210,W,ML,201,64.0,78,69.8,14,70.2,61,53.2,48,66.4,,,,,34.232554,-118.271772,HONOLULU,15.28
2025-01-07 08:50:00,769983,210,W,ML,280,51.6,74,44.7,86,53.8,62,55.3,58,53.2,,,,,34.203186,-118.191671,GOULD,20.4
2025-01-07 08:50:00,770000,210,W,ML,370,58.9,100,63.5,101,60.4,87,56.4,82,54.2,,,,,34.19198,-118.181214,BERKSHIRE,21.39
2025-01-07 08:50:00,770129,210,W,ML,260,64.1,81,67.9,82,65.0,59,55.4,38,67.5,,,,,34.234984,-118.290562,LA TUNA CANYON NB,14.18
2025-01-07 08:50:00,770141,210,W,ML,167,61.1,49,65.1,59,63.5,16,65.8,43,51.5,,,,,34.234987,-118.294031,LA TUNA CANYON SB,13.98
2025-01-07 08:50:00,770386,210,W,ML,290,56.1,77,60.7,80,57.7,69,53.4,64,51.4,,,,,34.207155,-118.2137,EB/NB 2 TO EB 210 CN,19.08
2025-01-07 08:50:00,770401,210,W,ML,482,57.9,101,62.8,146,59.6,129,56.6,106,52.7,,,,,34.211095,-118.225948,EB/NB 2 TO WB 210 CN,18.32
2025-01-07 08:50:00,770568,210,W,ML,331,39.8,102,57.3,71,48.2,83,22.4,75,27.5,,,,,34.165953,-118.157943,HAMMOND ST.,23.79
2025-01-07 08:50:00,770579,210,W,ML,157,64.8,12,74.5,24,70.3,47,67.1,74,60.0,,,,,34.156597,-118.157944,WINONA WAY,24.442
2025-01-07 08:55:00,717615,210,W,ML,254,53.4,66,58.0,70,55.0,61,50.6,57,48.9,,,,,34.182539,-118.171545,ARROYO 1,22.3
2025-01-07 08:55:00,717622,210,W,ML,270,60.9,68,75.4,85,64.6,67,50.6,50,48.8,,,,,34.176273,-118.161942,LINCOLN 1,23.0
2025-01-07 08:55:00,717624,210,W,ML,274,52.3,58,56.9,63,54.2,55,50.8,50,49.0,48,49.3,,,34.164368,-118.158093,MOUNTAIN 1,23.9
2025-01-07 08:55:00,717627,210,W,ML,109,66.9,51,68.7,58,65.3,,,,,,,,,34.15225,-118.154678,WALNUT,24.9
2025-01-07 08:55:00,717630,210,W,ML,115,61.9,24,67.1,35,63.7,31,60.5,25,56.3,,,,,34.152218,-118.14821,FAIR OAKS 1,25.4
2025-01-07 08:55:00,717632,210,W,HV,114,61.9,114,61.9,,,,,,,,,,,34.152218,-118.14821,FAIR OAKS 1,25.4
2025-01-07 08:55:00,717634,210,W,ML,532,39.9,121,43.9,120,41.2,104,37.7,98,37.3,89,38.3,,,34.15195,-118.13555,LAKE 1,26.12
2025-01-07 08:55:00,717637,210,W,ML,601,39.1,151,49.9,132,47.4,95,33.0,108,34.4,115,25.0,,,34.152357,-118.123714,HILL,26.8
2025-01-07 08:55:00,717642,210,W,ML,564,29.0,134,39.5,124,35.1,93,24.4,92,22.5,121,19.4,,,34.1527,-118.102255,ALTADENA,28.03
2025-01-07 08:55:00,717643,210,W,HV,135,38.2,135,38.2,,,,,,,,,,,34.1527,-118.102255,ALTADENA,28.03
2025-01-07 08:55:00,717644,210,W,ML,557,24.0,130,29.4,123,26.5,109,23.2,100,19.0,95,19.7,,,34.152727,-118.098063,SAN GABRIEL,28.27
2025-01-07 08:55:00,717645,210,W,HV,134,33.8,134,33.8,,,,,,,,,,,34.152727,-118.098063,SAN GABRIEL,28.27
2025-01-07 08:55:00,717649,210,W,ML,457,42.8,113,41.0,99,44.9,83,38.9,89,43.1,73,46.6,,,34.148074,-118.08377,SIERRA MADRE V1,29.17
2025-01-07 08:55:00,717653,210,W,ML,377,48.7,101,47.3,97,47.3,76,48.5,64,50.9,39,52.2,,,34.148737,-118.071321,ROSEMEAD 1,29.879
2025-01-07 08:55:00,761318,210,W,HV,114,61.9,114,61.9,,,,,,,,,,,34.15195,-118.13555,LAKE 1,26.12
2025-01-07 08:55:00,761322,210,W,HV,122,47.8,122,47.8,,,,,,,,,,,34.152357,-118.123714,HILL,26.8
2025-01-07 08:55:00,761325,210,W,HV,119,38.7,119,38.7,,,,,,,,,,,34.148074,-118.08377,SIERRA MADRE V1,29.17
2025-01-07 08:55:00,761431,210,W,HV,114,61.9,114,61.9,,,,,,,,,,,34.148737,-118.071321,ROSEMEAD 1,29.879
2025-01-07 08:55:00,764135,210,W,HV,114,61.9,114,61.9,,,,,,,,,,,34.152092,-118.143249,MARENGO,25.68
2025-01-07 08:55:00,764137,210,W,ML,590,59.5,100,64.6,116,62.5,101,60.8,104,58.4,95,54.5,74,54.5,34.152092,-118.143249,MARENGO,25.68
2025-01-07 08:55:00,769807,210,W,ML,333,60.9,82,67.7,93,63.8,82,56.8,76,54.4,,,,,34.197068,-118.184827,FOOTHILL,20.98
2025-01-07 08:55:00,769867,210,W,ML,260,60.7,75,66.6,76,62.4,54,57.0,55,53.8,,,,,34.218652,-118.239558,LA CRESCENTA,17.38
2025-01-07 08:55:00,769911,210,W,ML,282,60.9,74,68.0,64,60.0,46,53.3,52,65.2,46,53.2,,,34.224897,-118.251344,PENNSYLVANIA,16.58
2025-01-07 08:55:00,769926,210,W,ML,345,56.5,65,62.2,69,59.1,59,54.9,53,52.7,50,53.0,49,54.8,34.214462,-118.232443,OCEAN VIEW,17.88
2025-01-07 08:55:00,769941,210,W,ML,373,58.9,84,70.2,103,57.4,66,53.2,120,55.4,,,,,34.207101,-118.204943,ANGELES CREST HWY SB,19.58
2025-01-07 08:55:00,769953,210,W,ML,325,56.7,85,67.3,101,58.7,61,40.0,78,55.8,,,,,34.206998,-118.201441,ANGELES CREST HWY NB,19.78
2025-01-07 08:55:00,769965,210,W,ML,198,63.1,77,69.8,13,70.0,60,52.3,48,63.9,,,,,34.232554,-118.271772,HONOLULU,15.28
2025-01-07 08:55:00,769983,210,W,ML,352,50.0,91,41.5,107,51.6,80,55.0,74,52.8,,,,,34.203186,-118.191671,GOULD,20.4
2025-01-07 08:55:00,770000,210,W,ML,346,59.5,93,64.2,94,61.1,82,57.0,77,54.7,,,,,34.19198,-118.181214,BERKSHIRE,21.39
2025-01-07 08:55:00,770129,210,W,ML,259,63.7,75,67.3,86,66.0,62,54.9,36,65.7,,,,,34.234984,-118.290562,LA TUNA CANYON NB,14.18
2025-01-07 08:55:00,770141,210,W,ML,177,61.9,53,66.1,62,64.2,17,65.9,45,52.2,,,,,34.234987,-118.294031,LA TUNA CANYON SB,13.98
2025-01-07 08:55:00,770386,210,W,ML,371,54.8,101,59.1,101,56.2,87,52.4,82,50.5,,,,,34.207155,-118.2137,EB/NB 2 TO EB 210 CN,19.08
2025-01-07 08:55:00,770401,210,W,ML,470,58.3,98,63.2,143,60.0,126,56.9,103,53.1,,,,,34.211095,-118.225948,EB/NB 2 TO WB 210 CN,18.32
2025-01-07 08:55:00,770568,210,W,ML,349,36.2,132,51.2,90,40.8,50,13.5,77,19.8,,,,,34.165953,-118.157943,HAMMOND ST.,23.79
2025-01-07 08:55:00,770579,210,W,ML,181,66.9,33,73.7,45,70.2,48,66.1,55,60.7,,,,,34.156597,-118.157944,WINONA WAY,24.442
2025-01-07 09:00:00,717615,210,W,ML,288,57.5,77,62.0,80,59.0,69,54.8,62,52.8,,,,,34.182539,-118.171545,ARROYO 1,22.3
2025-01-07 09:00:00,717622,210,W,ML,293,60.4,72,72.5,81,64.6,73,58.0,67,44.9,,,,,34.176273,-118.161942,LINCOLN 1,23.0
2025-01-07 09:00:00,717624,210,W,ML,333,51.4,73,55.9,76,53.3,66,50.0,61,48.2,57,48.6,,,34.164368,-118.158093,MOUNTAIN 1,23.9
2025-01-07 09:00:00,717627,210,W,ML,114,66.3,54,68.1,60,64.8,,,,,,,,,34.15225,-118.154678,WALNUT,24.9
2025-01-07 09:00:00,717630,210,W,ML,112,62.0,23,67.2,34,63.8,30,60.6,25,56.4,,,,,34.152218,-118.14821,FAIR OAKS 1,25.4
2025-01-07 09:00:00,717632,210,W,HV,112,62.0,112,62.0,,,,,,,,,,,34.152218,-118.14821,FAIR OAKS 1,25.4
2025-01-07 09:00:00,717634,210,W,ML,496,38.3,113,42.1,112,39.5,97,36.0,91,35.8,83,36.9,,,34.15195,-118.13555,LAKE 1,26.12
2025-01-07 09:00:00,717637,210,W,ML,581,38.6,142,50.4,130,46.4,102,32.0,93,31.1,114,27.0,,,34.152357,-118.123714,HILL,26.8
2025-01-07 09:00:00,717642,210,W,ML,535,40.0,123,50.0,118,45.9,90,38.0,88,34.8,116,29.0,,,34.1527,-118.102255,ALTADENA,28.03
2025-01-07 09:00:00,717643,210,W,HV,91,46.3,91,46.3,,,,,,,,,,,34.1527,-118.102255,ALTADENA,28.03
2025-01-07 09:00:00,717644,210,W,ML,540,40.0,136,47.0,120,43.7,109,39.9,97,32.0,78,32.4,,,34.152727,-118.098063,SAN GABRIEL,28.27
2025-01-07 09:00:00,717645,210,W,HV,92,44.6,92,44.6,,,,,,,,,,,34.152727,-118.098063,SAN GABRIEL,28.27
2025-01-07 09:00:00,717649,210,W,ML,513,44.8,123,47.3,113,47.3,90,36.9,87,48.6,100,42.5,,,34.148074,-118.08377,SIERRA MADRE V1,29.17
2025-01-07 09:00:00,717653,210,W,ML,451,46.2,121,45.6,115,45.2,91,44.7,76,48.2,48,50.3,,,34.148737,-118.071321,ROSEMEAD 1,29.879
2025-01-07 09:00:00,761318,210,W,HV,112,62.0,112,62.0,,,,,,,,,,,34.15195,-118.13555,LAKE 1,26.12
2025-01-07 09:00:00,761322,210,W,HV,115,49.3,115,49.3,,,,,,,,,,,34.152357,-118.123714,HILL,26.8
2025-01-07 09:00:00,761325,210,W,HV,111,42.8,111,42.8,,,,,,,,,,,34.148074,-118.08377,SIERRA MADRE V1,29.17
2025-01-07 09:00:00,761431,210,W,HV,112,62.0,112,62.0,,,,,,,,,,,34.148737,-118.071321,ROSEMEAD 1,29.879
2025-01-07 09:00:00,764135,210,W,HV,112,62.0,112,62.0,,,,,,,,,,,34.152092,-118.143249,MARENGO,25.68
2025-01-07 09:00:00,764137,210,W,ML,582,59.9,99,64.9,115,62.8,100,61.1,102,58.7,93,54.7,73,54.7,34.152092,-118.143249,MARENGO,25.68
2025-01-07 09:00:00,769807,210,W,ML,340,61.3,88,66.6,94,64.7,82,57.5,76,55.0,,,,,34.197068,-118.184827,FOOTHILL,20.98
2025-01-07 09:00:00,769867,210,W,ML,245,60.1,70,67.5,68,63.0,57,58.2,50,48.2,,,,,34.218652,-118.239558,LA CRESCENTA,17.38
2025-01-07 09:00:00,769911,210,W,ML,281,58.9,73,69.4,61,58.9,56,54.3,46,54.2,45,52.4,,,34.224897,-118.251344,PENNSYLVANIA,16.58
2025-01-07 09:00:00,769926,210,W,ML,323,56.6,60,62.1,64,59.0,55,55.2,51,53.1,47,53.6,46,55.1,34.214462,-118.232443,OCEAN VIEW,17.88
2025-01-07 09:00:00,769941,210,W,ML,333,58.6,88,69.0,81,60.8,59,47.5,105,54.4,,,,,34.207101,-118.204943,ANGELES CREST HWY SB,19.58
2025-01-07 09:00:00,769953,210,W,ML,262,58.0,74,67.0,74,63.4,45,35.6,69,57.1,,,,,34.206998,-118.201441,ANGELES CREST HWY NB,19.78
2025-01-07 09:00:00,769965,210,W,ML,192,61.8,84,69.6,7,70.5,54,55.5,47,53.6,,,,,34.232554,-118.271772,HONOLULU,15.28
2025-01-07 09:00:00,769983,210,W,ML,282,51.4,69,42.5,78,51.3,70,57.1,65,54.7,,,,,34.203186,-118.191671,GOULD,20.4
2025-01-07 09:00:00,770000,210,W,ML,347,60.2,93,64.9,95,61.8,82,57.6,77,55.3,,,,,34.19198,-118.181214,BERKSHIRE,21.39
2025-01-07 09:00:00,770129,210,W,ML,237,64.8,87,68.3,78,65.4,40,54.8,32,66.5,,,,,34.234984,-118.290562,LA TUNA CANYON NB,14.18
2025-01-07 09:00:00,770141,210,W,ML,123,61.3,34,65.5,45,63.8,12,65.8,32,51.8,,,,,34.234987,-118.294031,LA TUNA CANYON SB,13.98
2025-01-07 09:00:00,770386,210,W,ML,309,57.3,82,61.8,84,58.8,74,54.8,69,52.7,,,,,34.207155,-118.2137,EB/NB 2 TO EB 210 CN,19.08
2025-01-07 09:00:00,770401,210,W,ML,462,58.6,97,63.5,140,60.3,124,57.2,101,53.3,,,,,34.211095,-118.225948,EB/NB 2 TO WB 210 CN,18.32
2025-01-07 09:00:00,770568,210,W,ML,365,31.8,121,47.2,108,39.1,71,11.2,65,13.3,,,,,34.165953,-118.157943,HAMMOND ST.,23.79
2025-01-07 09:00:00,770579,210,W,ML,185,66.7,48,74.2,48,68.7,21,66.6,68,59.9,,,,,34.156597,-118.157944,WINONA WAY,24.442
2025-01-07 09:05:00,717615,210,W,ML,297,54.8,78,59.2,81,56.3,71,52.3,67,50.5,,,,,34.182539,-118.171545,ARROYO 1,22.3
2025-01-07 09:05:00,717622,210,W,ML,283,58.7,67,71.7,77,65.4,67,54.6,72,43.1,,,,,34.176273,-118.161942,LINCOLN 1,23.0
2025-01-07 09:05:00,717624,210,W,ML,302,50.5,65,54.7,69,52.1,60,48.9,55,47.3,53,48.1,,,34.164368,-118.158093,MOUNTAIN 1,23.9
2025-01-07 09:05:00,717627,210,W,ML,120,66.2,57,67.9,63,64.7,,,,,,,,,34.15225,-118.154678,WALNUT,24.9
2025-01-07 09:05:00,717630,210,W,ML,113,62.2,24,67.4,34,64.0,30,60.8,25,56.6,,,,,34.152218,-118.14821,FAIR OAKS 1,25.4
2025-01-07 09:05:00,717632,210,W,HV,113,62.2,113,62.2,,,,,,,,,,,34.152218,-118.14821,FAIR OAKS 1,25.4
2025-01-07 09:05:00,717634,210,W,ML,484,38.5,110,42.8,109,39.9,95,36.0,89,35.7,81,36.8,,,34.15195,-118.13555,LAKE 1,26.12
2025-01-07 09:05:00,717637,210,W,ML,573,40.1,138,54.2,122,48.2,98,31.7,93,31.3,122,29.5,,,34.152357,-118.123714,HILL,26.8
2025-01-07 09:05:00,717642,210,W,ML,598,44.6,123,55.6,135,52.1,103,41.8,99,36.3,138,35.5,,,34.1527,-118.102255,ALTADENA,28.03
2025-01-07 09:05:00,717643,210,W,HV,93,50.5,93,50.5,,,,,,,,,,,34.1527,-118.102255,ALTADENA,28.03
2025-01-07 09:05:00,717644,210,W,ML,601,44.6,139,53.5,149,48.2,105,42.0,117,37.5,91,37.5,,,34.152727,-118.098063,SAN GABRIEL,28.27
2025-01-07 09:05:00,717645,210,W,HV,103,49.2,103,49.2,,,,,,,,,,,34.152727,-118.098063,SAN GABRIEL,28.27
2025-01-07 09:05:00,717649,210,W,ML,529,45.0,130,49.9,122,47.7,92,32.8,94,50.1,91,41.3,,,34.148074,-118.08377,SIERRA MADRE V1,29.17
2025-01-07 09:05:00,717653,210,W,ML,468,45.2,124,44.4,119,44.0,94,43.6,80,47.4,51,49.7,,,34.148737,-118.071321,ROSEMEAD 1,29.879
2025-01-07 09:05:00,761318,210,W,HV,113,62.2,113,62.2,,,,,,,,,,,34.15195,-118.13555,LAKE 1,26.12
2025-01-07 09:05:00,761322,210,W,HV,89,51.8,89,51.8,,,,,,,,,,,34.152357,-118.123714,HILL,26.8
2025-01-07 09:05:00,761325,210,W,HV,127,43.9,127,43.9,,,,,,,,,,,34.148074,-118.08377,SIERRA MADRE V1,29.17
2025-01-07 09:05:00,761431,210,W,HV,113,62.2,113,62.2,,,,,,,,,,,34.148737,-118.071321,ROSEMEAD 1,29.879
2025-01-07 09:05:00,764135,210,W,HV,113,62.2,113,62.2,,,,,,,,,,,34.152092,-118.143249,MARENGO,25.68
2025-01-07 09:05:00,764137,210,W,ML,576,60.2,98,65.2,114,63.1,99,61.4,101,59.0,92,55.0,72,55.0,34.152092,-118.143249,MARENGO,25.68
2025-01-07 09:05:00,769807,210,W,ML,324,60.7,78,66.3,91,64.1,80,57.0,75,54.6,,,,,34.197068,-118.184827,FOOTHILL,20.98
2025-01-07 09:05:00,769867,210,W,ML,238,60.9,67,68.4,64,64.4,56,63.5,51,43.8,,,,,34.218652,-118.239558,LA CRESCENTA,17.38
2025-01-07 09:05:00,769911,210,W,ML,273,58.5,72,67.7,61,57.4,51,57.5,44,52.6,45,52.0,,,34.224897,-118.251344,PENNSYLVANIA,16.58
2025-01-07 09:05:00,769926,210,W,ML,325,58.8,61,64.7,65,61.5,56,57.4,50,55.1,47,55.4,46,56.1,34.214462,-118.232443,OCEAN VIEW,17.88
2025-01-07 09:05:00,769941,210,W,ML,275,58.9,67,67.6,69,64.0,70,52.0,69,52.3,,,,,34.207101,-118.204943,ANGELES CREST HWY SB,19.58
2025-01-07 09:05:00,769953,210,W,ML,287,55.9,63,66.3,80,66.7,83,41.9,61,50.0,,,,,34.206998,-118.201441,ANGELES CREST HWY NB,19.78
2025-01-07 09:05:00,769965,210,W,ML,185,60.6,69,70.8,9,70.8,56,56.0,51,50.1,,,,,34.232554,-118.271772,HONOLULU,15.28
2025-01-07 09:05:00,769983,210,W,ML,340,52.1,91,47.3,107,54.4,73,54.5,69,52.4,,,,,34.203186,-118.191671,GOULD,20.4
2025-01-07 09:05:00,770000,210,W,ML,339,59.8,91,64.4,92,61.3,81,57.2,75,54.9,,,,,34.19198,-118.181214,BERKSHIRE,21.39
2025-01-07 09:05:00,770129,210,W,ML,247,64.7,76,69.3,81,66.8,57,56.2,33,63.6,,,,,34.234984,-118.290562,LA TUNA CANYON NB,14.18
2025-01-07 09:05:00,770141,210,W,ML,161,62.5,47,66.9,57,64.8,16,66.0,41,52.8,,,,,34.234987,-118.294031,LA TUNA CANYON SB,13.98
2025-01-07 09:05:00,770386,210,W,ML,275,56.1,72,60.9,75,57.8,66,53.4,62,51.4,,,,,34.207155,-118.2137,EB/NB 2 TO EB 210 CN,19.08
2025-01-07 09:05:00,770401,210,W,ML,460,58.7,96,63.6,140,60.4,123,57.3,101,53.4,,,,,34.211095,-118.225948,EB/NB 2 TO WB 210 CN,18.32
2025-01-07 09:05:00,770568,210,W,ML,353,30.0,128,46.9,89,36.1,68,9.9,68,10.4,,,,,34.165953,-118.157943,HAMMOND ST.,23.79
2025-01-07 09:05:00,770579,210,W,ML,177,67.0,39,74.6,52,67.4,33,67.0,53,60.9,,,,,34.156597,-118.157944,WINONA WAY,24.442
2025-01-07 09:10:00,717615,210,W,ML,376,56.9,101,61.5,102,58.4,90,54.3,83,52.3,,,,,34.182539,-118.171545,ARROYO 1,22.3
2025-01-07 09:10:00,717622,210,W,ML,340,59.6,73,69.8,108,66.5,67,57.3,92,45.0,,,,,34.176273,-118.161942,LINCOLN 1,23.0
2025-01-07 09:10:00,717624,210,W,ML,285,50.5,60,54.9,65,52.4,57,49.1,52,47.4,51,47.9,,,34.164368,-118.158093,MOUNTAIN 1,23.9
2025-01-07 09:10:00,717627,210,W,ML,105,65.9,49,67.7,56,64.4,,,,,,,,,34.15225,-118.154678,WALNUT,24.9
2025-01-07 09:10:00,717630,210,W,ML,112,62.2,23,67.4,34,64.0,30,60.8,25,56.6,,,,,34.152218,-118.14821,FAIR OAKS 1,25.4
2025-01-07 09:10:00,717632,210,W,HV,112,62.2,112,62.2,,,,,,,,,,,34.152218,-118.14821,FAIR OAKS 1,25.4
2025-01-07 09:10:00,717634,210,W,ML,482,42.2,107,46.9,108,44.0,95,39.9,90,39.0,82,39.7,,,34.15195,-118.13555,LAKE 1,26.12
2025-01-07 09:10:00,717637,210,W,ML,574,45.2,143,57.3,141,53.5,97,35.5,84,34.0,109,36.1,,,34.152357,-118.123714,HILL,26.8
2025-01-07 09:10:00,717642,210,W,ML,569,48.2,129,58.6,123,54.0,96,46.1,96,39.0,125,40.2,,,34.1527,-118.102255,ALTADENA,28.03
2025-01-07 09:10:00,717643,210,W,HV,100,52.4,100,52.4,,,,,,,,,,,34.1527,-118.102255,ALTADENA,28.03
2025-01-07 09:10:00,717644,210,W,ML,598,47.6,154,58.0,128,49.7,114,45.7,105,38.4,97,40.4,,,34.152727,-118.098063,SAN GABRIEL,28.27
2025-01-07 09:10:00,717645,210,W,HV,105,51.9,105,51.9,,,,,,,,,,,34.152727,-118.098063,SAN GABRIEL,28.27
2025-01-07 09:10:00,717649,210,W,ML,531,49.6,127,56.6,130,52.9,90,37.5,97,52.4,87,44.0,,,34.148074,-118.08377,SIERRA MADRE V1,29.17
2025-01-07 09:10:00,717653,210,W,ML,448,47.5,119,47.1,114,46.6,90,46.1,76,49.2,49,51.0,,,34.148737,-118.071321,ROSEMEAD 1,29.879
2025-01-07 09:10:00,761318,210,W,HV,112,62.2,112,62.2,,,,,,,,,,,34.15195,-118.13555,LAKE 1,26.12
2025-01-07 09:10:00,761322,210,W,HV,100,51.4,100,51.4,,,,,,,,,,,34.152357,-118.123714,HILL,26.8
2025-01-07 09:10:00,761325,210,W,HV,112,48.2,112,48.2,,,,,,,,,,,34.148074,-118.08377,SIERRA MADRE V1,29.17
2025-01-07 09:10:00,761431,210,W,HV,112,62.2,112,62.2,,,,,,,,,,,34.148737,-118.071321,ROSEMEAD 1,29.879
2025-01-07 09:10:00,764135,210,W,HV,112,62.2,112,62.2,,,,,,,,,,,34.152092,-118.143249,MARENGO,25.68
2025-01-07 09:10:00,764137,210,W,ML,588,60.3,100,65.4,116,63.2,101,61.5,104,59.1,94,55.1,73,55.1,34.152092,-118.143249,MARENGO,25.68
2025-01-07 09:10:00,769807,210,W,ML,315,60.3,71,67.8,90,63.1,80,56.2,74,53.9,,,,,34.197068,-118.184827,FOOTHILL,20.98
2025-01-07 09:10:00,769867,210,W,ML,263,59.3,78,69.3,76,63.8,53,59.6,56,39.0,,,,,34.218652,-118.239558,LA CRESCENTA,17.38
2025-01-07 09:10:00,769911,210,W,ML,268,57.6,77,69.1,58,60.3,49,53.5,41,43.8,43,51.5,,,34.224897,-118.251344,PENNSYLVANIA,16.58
2025-01-07 09:10:00,769926,210,W,ML,351,57.6,66,63.3,70,60.1,60,56.2,54,54.0,51,54.4,50,55.8,34.214462,-118.232443,OCEAN VIEW,17.88
2025-01-07 09:10:00,769941,210,W,ML,324,57.4,75,69.9,85,64.2,63,48.4,101,48.0,,,,,34.207101,-118.204943,ANGELES CREST HWY SB,19.58
2025-01-07 09:10:00,769953,210,W,ML,262,55.1,56,67.4,76,64.3,56,41.2,74,46.9,,,,,34.206998,-118.201441,ANGELES CREST HWY NB,19.78
2025-01-07 09:10:00,769965,210,W,ML,191,60.8,80,69.4,12,71.0,56,59.9,43,43.0,,,,,34.232554,-118.271772,HONOLULU,15.28
2025-01-07 09:10:00,769983,210,W,ML,303,50.8,76,45.5,87,53.5,73,53.0,67,51.1,,,,,34.203186,-118.191671,GOULD,20.4
2025-01-07 09:10:00,770000,210,W,ML,337,59.0,90,63.7,92,60.6,80,56.5,75,54.3,,,,,34.19198,-118.181214,BERKSHIRE,21.39
2025-01-07 09:10:00,770129,210,W,ML,266,64.2,83,68.9,93,66.6,49,52.3,41,63.5,,,,,34.234984,-118.290562,LA TUNA CANYON NB,14.18
2025-01-07 09:10:00,770141,210,W,ML,162,62.3,48,66.7,57,64.6,16,66.0,41,52.6,,,,,34.234987,-118.294031,LA TUNA CANYON SB,13.98
2025-01-07 09:10:00,770386,210,W,ML,320,52.8,85,57.4,87,54.3,76,50.0,72,48.3,,,,,34.207155,-118.2137,EB/NB 2 TO EB 210 CN,19.08
2025-01-07 09:10:00,770401,210,W,ML,462,58.8,97,63.7,140,60.5,124,57.4,101,53.5,,,,,34.211095,-118.225948,EB/NB 2 TO WB 210 CN,18.32
2025-01-07 09:10:00,770568,210,W,ML,367,28.0,134,46.7,60,37.1,86,10.4,87,10.3,,,,,34.165953,-118.157943,HAMMOND ST.,23.79
2025-01-07 09:10:00,770579,210,W,ML,141,66.1,23,74.9,43,68.2,28,66.7,47,59.5,,,,,34.156597,-118.157944,WINONA WAY,24.442
2025-01-07 09:15:00,717615,210,W,ML,331,52.0,89,56.2,91,53.3,79,49.6,72,48.0,,,,,34.182539,-118.171545,ARROYO 1,22.3
2025-01-07 09:15:00,717622,210,W,ML,297,58.6,61,71.6,96,65.3,61,50.9,79,46.2,,,,,34.176273,-118.161942,LINCOLN 1,23.0
2025-01-07 09:15:00,717624,210,W,ML,276,50.3,60,54.5,64,52.0,56,48.8,50,47.2,46,47.7,,,34.164368,-118.158093,MOUNTAIN 1,23.9
2025-01-07 09:15:00,717627,210,W,ML,123,66.6,59,68.3,64,65.0,,,,,,,,,34.15225,-118.154678,WALNUT,24.9
2025-01-07 09:15:00,717630,210,W,ML,112,62.3,23,67.5,34,64.1,30,60.9,25,56.7,,,,,34.152218,-118.14821,FAIR OAKS 1,25.4
2025-01-07 09:15:00,717632,210,W,HV,112,62.3,112,62.3,,,,,,,,,,,34.152218,-118.14821,FAIR OAKS 1,25.4
2025-01-07 09:15:00,717634,210,W,ML,468,44.2,106,48.6,106,45.7,92,42.3,86,41.1,78,42.0,,,34.15195,-118.13555,LAKE 1,26.12
2025-01-07 09:15:00,717637,210,W,ML,570,47.8,142,59.9,121,57.4,93,40.9,87,36.6,127,37.7,,,34.152357,-118.123714,HILL,26.8
2025-01-07 09:15:00,717642,210,W,ML,592,48.5,149,59.3,128,54.7,93,45.5,90,39.3,132,38.8,,,34.1527,-118.102255,ALTADENA,28.03
2025-01-07 09:15:00,717643,210,W,HV,96,53.1,96,53.1,,,,,,,,,,,34.1527,-118.102255,ALTADENA,28.03
2025-01-07 09:15:00,717644,210,W,ML,589,49.2,166,58.4,129,52.4,108,46.1,95,40.7,91,40.2,,,34.152727,-118.098063,SAN GABRIEL,28.27
2025-01-07 09:15:00,717645,210,W,HV,94,53.2,94,53.2,,,,,,,,,,,34.152727,-118.098063,SAN GABRIEL,28.27
2025-01-07 09:15:00,717649,210,W,ML,540,50.7,149,59.3,140,53.4,84,36.3,92,52.5,75,42.4,,,34.148074,-118.08377,SIERRA MADRE V1,29.17
2025-01-07 09:15:00,717653,210,W,ML,386,46.1,104,45.5,99,45.1,78,44.6,65,48.1,40,50.2,,,34.148737,-118.071321,ROSEMEAD 1,29.879
2025-01-07 09:15:00,761318,210,W,HV,112,62.3,112,62.3,,,,,,,,,,,34.15195,-118.13555,LAKE 1,26.12
2025-01-07 09:15:00,761322,210,W,HV,91,52.8,91,52.8,,,,,,,,,,,34.152357,-118.123714,HILL,26.8
2025-01-07 09:15:00,761325,210,W,HV,113,49.4,113,49.4,,,,,,,,,,,34.148074,-118.08377,SIERRA MADRE V1,29.17
2025-01-07 09:15:00,761431,210,W,HV,112,62.3,112,62.3,,,,,,,,,,,34.148737,-118.071321,ROSEMEAD 1,29.879
2025-01-07 09:15:00,764135,210,W,HV,112,62.3,112,62.3,,,,,,,,,,,34.152092,-118.143249,MARENGO,25.68
2025-01-07 09:15:00,764137,210,W,ML,592,60.5,100,65.7,117,63.5,102,61.8,104,59.4,95,55.4,74,55.4,34.152092,-118.143249,MARENGO,25.68
2025-01-07 09:15:00,769807,210,W,ML,302,59.9,81,68.1,80,61.7,73,55.2,68,53.0,,,,,34.197068,-118.184827,FOOTHILL,20.98
2025-01-07 09:15:00,769867,210,W,ML,241,58.7,63,69.5,76,63.2,50,55.9,52,41.5,,,,,34.218652,-118.239558,LA CRESCENTA,17.38
2025-01-07 09:15:00,769911,210,W,ML,267,56.6,67,68.5,63,57.3,42,57.8,50,43.2,45,51.7,,,34.224897,-118.251344,PENNSYLVANIA,16.58
2025-01-07 09:15:00,769926,210,W,ML,331,55.1,62,60.2,66,57.1,57,53.5,51,51.6,48,52.2,47,54.0,34.214462,-118.232443,OCEAN VIEW,17.88
2025-01-07 09:15:00,769941,210,W,ML,328,55.7,98,68.5,82,63.3,60,41.6,88,43.9,,,,,34.207101,-118.204943,ANGELES CREST HWY SB,19.58
2025-01-07 09:15:00,769953,210,W,ML,292,55.5,95,66.7,87,63.1,61,36.1,49,44.6,,,,,34.206998,-118.201441,ANGELES CREST HWY NB,19.78
2025-01-07 09:15:00,769965,210,W,ML,196,58.7,71,69.1,13,71.1,66,61.1,46,35.9,,,,,34.232554,-118.271772,HONOLULU,15.28
2025-01-07 09:15:00,769983,210,W,ML,308,48.7,84,42.5,98,51.4,65,51.6,61,49.8,,,,,34.203186,-118.191671,GOULD,20.4
2025-01-07 09:15:00,770000,210,W,ML,308,58.0,81,62.5,84,59.5,74,55.6,69,53.4,,,,,34.19198,-118.181214,BERKSHIRE,21.39
2025-01-07 09:15:00,770129,210,W,ML,254,61.6,83,67.2,76,64.0,60,53.4,35,57.5,,,,,34.234984,-118.290562,LA TUNA CANYON NB,14.18
2025-01-07 09:15:00,770141,210,W,ML,171,60.4,51,64.1,60,62.8,17,65.6,43,50.8,,,,,34.234987,-118.294031,LA TUNA CANYON SB,13.98
2025-01-07 09:15:00,770386,210,W,ML,312,49.5,83,54.1,85,51.1,74,46.7,70,45.4,,,,,34.207155,-118.2137,EB/NB 2 TO EB 210 CN,19.08
2025-01-07 09:15:00,770401,210,W,ML,468,59.0,98,64.0,142,60.7,125,57.6,103,53.7,,,,,34.211095,-118.225948,EB/NB 2 TO WB 210 CN,18.32
2025-01-07 09:15:00,770568,210,W,ML,329,29.7,127,42.2,107,34.6,45,7.2,50,7.6,,,,,34.165953,-118.157943,HAMMOND ST.,23.79
2025-01-07 09:15:00,770579,210,W,ML,148,66.4,16,74.9,54,69.0,26,66.5,52,60.9,,,,,34.156597,-118.157944,WINONA WAY,24.442
2025-01-07 09:20:00,717615,210,W,ML,275,52.3,72,56.5,76,53.6,66,49.9,61,48.3,,,,,34.182539,-118.171545,ARROYO 1,22.3
2025-01-07 09:20:00,717622,210,W,ML,255,58.6,54,73.2,82,64.7,73,51.3,46,42.4,,,,,34.176273,-118.161942,LINCOLN 1,23.0
2025-01-07 09:20:00,717624,210,W,ML,274,49.4,58,53.6,62,51.1,55,48.0,50,46.4,49,47.0,,,34.164368,-118.158093,MOUNTAIN 1,23.9
2025-01-07 09:20:00,717627,210,W,ML,94,66.7,43,68.6,51,65.2,,,,,,,,,34.15225,-118.154678,WALNUT,24.9
2025-01-07 09:20:00,717630,210,W,ML,112,62.3,23,67.5,34,64.1,30,60.9,25,56.7,,,,,34.152218,-118.14821,FAIR OAKS 1,25.4
2025-01-07 09:20:00,717632,210,W,HV,112,62.3,112,62.3,,,,,,,,,,,34.152218,-118.14821,FAIR OAKS 1,25.4
2025-01-07 09:20:00,717634,210,W,ML,486,43.7,110,48.0,110,45.2,95,41.5,89,40.7,82,41.4,,,34.15195,-118.13555,LAKE 1,26.12
2025-01-07 09:20:00,717637,210,W,ML,574,46.8,145,60.4,131,56.9,99,41.6,84,35.9,115,30.6,,,34.152357,-118.123714,HILL,26.8
2025-01-07 09:20:00,717642,210,W,ML,598,48.1,140,59.0,137,54.8,101,44.9,98,38.0,122,38.8,,,34.1527,-118.102255,ALTADENA,28.03
2025-01-07 09:20:00,717643,210,W,HV,92,54.1,92,54.1,,,,,,,,,,,34.1527,-118.102255,ALTADENA,28.03
2025-01-07 09:20:00,717644,210,W,ML,607,47.3,162,57.9,140,52.1,93,35.1,113,41.9,99,41.0,,,34.152727,-118.098063,SAN GABRIEL,28.27
2025-01-07 09:20:00,717645,210,W,HV,94,54.3,94,54.3,,,,,,,,,,,34.152727,-118.098063,SAN GABRIEL,28.27
2025-01-07 09:20:00,717649,210,W,ML,571,50.9,152,59.8,145,54.2,92,37.2,99,52.1,83,42.6,,,34.148074,-118.08377,SIERRA MADRE V1,29.17
2025-01-07 09:20:00,717653,210,W,ML,428,46.3,114,45.7,109,45.3,86,44.8,73,48.3,46,50.3,,,34.148737,-118.071321,ROSEMEAD 1,29.879
2025-01-07 09:20:00,761318,210,W,HV,112,62.3,112,62.3,,,,,,,,,,,34.15195,-118.13555,LAKE 1,26.12
2025-01-07 09:20:00,761322,210,W,HV,82,53.3,82,53.3,,,,,,,,,,,34.152357,-118.123714,HILL,26.8
2025-01-07 09:20:00,761325,210,W,HV,112,51.2,112,51.2,,,,,,,,,,,34.148074,-118.08377,SIERRA MADRE V1,29.17
2025-01-07 09:20:00,761431,210,W,HV,112,62.3,112,62.3,,,,,,,,,,,34.148737,-118.071321,ROSEMEAD 1,29.879
2025-01-07 09:20:00,764135,210,W,HV,112,62.3,112,62.3,,,,,,,,,,,34.152092,-118.143249,MARENGO,25.68
2025-01-07 09:20:00,764137,210,W,ML,590,60.6,100,65.8,116,63.6,101,61.9,104,59.5,95,55.5,74,55.5,34.152092,-118.143249,MARENGO,25.68
2025-01-07 09:20:00,769807,210,W,ML,293,58.4,61,66.3,85,61.0,76,54.6,71,52.5,,,,,34.197068,-118.184827,FOOTHILL,20.98
2025-01-07 09:20:00,769867,210,W,ML,260,58.0,77,69.3,80,63.1,54,55.4,49,35.0,,,,,34.218652,-118.239558,LA CRESCENTA,17.38
2025-01-07 09:20:00,769911,210,W,ML,274,54.2,82,66.6,59,53.9,49,52.3,41,37.4,43,49.1,,,34.224897,-118.251344,PENNSYLVANIA,16.58
2025-01-07 09:20:00,769926,210,W,ML,316,54.7,59,59.8,63,56.7,54,53.1,49,51.2,46,51.9,45,53.8,34.214462,-118.232443,OCEAN VIEW,17.88
2025-01-07 09:20:00,769941,210,W,ML,280,55.7,77,68.4,81,63.3,52,41.0,70,43.8,,,,,34.207101,-118.204943,ANGELES CREST HWY SB,19.58
2025-01-07 09:20:00,769953,210,W,ML,260,55.5,70,65.5,89,62.3,50,34.7,51,50.2,,,,,34.206998,-118.201441,ANGELES CREST HWY NB,19.78
2025-01-07 09:20:00,769965,210,W,ML,201,55.8,94,68.0,4,71.1,59,51.9,44,33.6,,,,,34.232554,-118.271772,HONOLULU,15.28
2025-01-07 09:20:00,769983,210,W,ML,298,49.0,79,41.4,92,50.7,66,53.5,61,51.5,,,,,34.203186,-118.191671,GOULD,20.4
2025-01-07 09:20:00,770000,210,W,ML,323,57.5,86,62.0,88,59.0,77,55.1,72,53.0,,,,,34.19198,-118.181214,BERKSHIRE,21.39
2025-01-07 09:20:00,770129,210,W,ML,257,60.9,92,67.0,79,63.5,55,51.9,31,52.3,,,,,34.234984,-118.290562,LA TUNA CANYON NB,14.18
2025-01-07 09:20:00,770141,210,W,ML,155,59.7,45,63.6,55,62.4,15,65.6,40,49.2,,,,,34.234987,-118.294031,LA TUNA CANYON SB,13.98
2025-01-07 09:20:00,770386,210,W,ML,298,49.5,80,54.0,82,51.0,71,46.6,65,45.3,,,,,34.207155,-118.2137,EB/NB 2 TO EB 210 CN,19.08
2025-01-07 09:20:00,770401,210,W,ML,470,59.0,98,64.0,143,60.7,126,57.6,103,53.7,,,,,34.211095,-118.225948,EB/NB 2 TO WB 210 CN,18.32
2025-01-07 09:20:00,770568,210,W,ML,358,26.7,130,41.6,99,31.6,69,8.3,60,7.7,,,,,34.165953,-118.157943,HAMMOND ST.,23.79
2025-01-07 09:20:00,770579,210,W,ML,103,66.9,14,74.8,36,69.3,16,66.9,37,61.5,,,,,34.156597,-118.157944,WINONA WAY,24.442
2025-01-07 09:25:00,717615,210,W,ML,291,48.5,78,52.4,80,49.6,70,46.1,63,44.9,,,,,34.182539,-118.171545,ARROYO 1,22.3
2025-01-07 09:25:00,717622,210,W,ML,278,54.0,53,72.9,87,63.4,70,46.3,68,35.0,,,,,34.176273,-118.161942,LINCOLN 1,23.0
2025-01-07 09:25:00,717624,210,W,ML,279,50.6,58,55.0,63,52.4,56,49.1,52,47.5,50,48.2,,,34.164368,-118.158093,MOUNTAIN 1,23.9
2025-01-07 09:25:00,717627,210,W,ML,104,65.9,50,67.6,54,64.4,,,,,,,,,34.15225,-118.154678,WALNUT,24.9
2025-01-07 09:25:00,717630,210,W,ML,112,62.3,23,67.5,34,64.1,30,60.9,25,56.7,,,,,34.152218,-118.14821,FAIR OAKS 1,25.4
2025-01-07 09:25:00,717632,210,W,HV,112,62.3,112,62.3,,,,,,,,,,,34.152218,-118.14821,FAIR OAKS 1,25.4
2025-01-07 09:25:00,717634,210,W,ML,479,41.9,109,46.1,108,43.3,94,39.7,88,39.1,80,39.9,,,34.15195,-118.13555,LAKE 1,26.12
2025-01-07 09:25:00,717637,210,W,ML,575,44.6,136,59.0,121,53.9,96,37.2,92,35.5,130,33.0,,,34.152357,-118.123714,HILL,26.8
2025-01-07 09:25:00,717642,210,W,ML,577,49.0,144,60.1,129,54.8,93,45.8,84,38.2,127,40.2,,,34.1527,-118.102255,ALTADENA,28.03
2025-01-07 09:25:00,717643,210,W,HV,89,55.3,89,55.3,,,,,,,,,,,34.1527,-118.102255,ALTADENA,28.03
2025-01-07 09:25:00,717644,210,W,ML,595,48.0,157,59.3,151,51.7,102,37.9,100,40.7,85,41.2,,,34.152727,-118.098063,SAN GABRIEL,28.27
2025-01-07 09:25:00,717645,210,W,HV,94,55.6,94,55.6,,,,,,,,,,,34.152727,-118.098063,SAN GABRIEL,28.27
2025-01-07 09:25:00,717649,210,W,ML,524,50.8,146,60.1,141,54.2,83,33.4,87,51.9,67,43.7,,,34.148074,-118.08377,SIERRA MADRE V1,29.17
2025-01-07 09:25:00,717653,210,W,ML,351,47.2,94,46.8,91,46.3,71,45.8,59,49.0,36,50.8,,,34.148737,-118.071321,ROSEMEAD 1,29.879
2025-01-07 09:25:00,761318,210,W,HV,112,62.3,112,62.3,,,,,,,,,,,34.15195,-118.13555,LAKE 1,26.12
2025-01-07 09:25:00,761322,210,W,HV,99,53.1,99,53.1,,,,,,,,,,,34.152357,-118.123714,HILL,26.8
2025-01-07 09:25:00,761325,210,W,HV,109,52.9,109,52.9,,,,,,,,,,,34.148074,-118.08377,SIERRA MADRE V1,29.17
2025-01-07 09:25:00,761431,210,W,HV,112,62.3,112,62.3,,,,,,,,,,,34.148737,-118.071321,ROSEMEAD 1,29.879
2025-01-07 09:25:00,764135,210,W,HV,112,62.3,112,62.3,,,,,,,,,,,34.152092,-118.143249,MARENGO,25.68
2025-01-07 09:25:00,764137,210,W,ML,598,60.6,101,65.8,118,63.6,103,61.9,105,59.5,96,55.5,75,55.5,34.152092,-118.143249,MARENGO,25.68
2025-01-07 09:25:00,769807,210,W,ML,304,59.0,58,65.3,91,62.5,80,55.8,75,53.5,,,,,34.197068,-118.184827,FOOTHILL,20.98
2025-01-07 09:25:00,769867,210,W,ML,221,58.2,61,70.2,65,62.6,52,56.3,43,36.9,,,,,34.218652,-118.239558,LA CRESCENTA,17.38
2025-01-07 09:25:00,769911,210,W,ML,275,53.7,69,66.7,58,53.7,55,53.3,49,40.1,44,49.3,,,34.224897,-118.251344,PENNSYLVANIA,16.58
2025-01-07 09:25:00,769926,210,W,ML,295,55.3,54,60.5,58,57.4,51,53.8,47,51.8,44,52.5,41,54.2,34.214462,-118.232443,OCEAN VIEW,17.88
2025-01-07 09:25:00,769941,210,W,ML,237,57.8,44,70.0,84,65.4,53,50.7,56,43.5,,,,,34.207101,-118.204943,ANGELES CREST HWY SB,19.58
2025-01-07 09:25:00,769953,210,W,ML,228,56.0,47,65.8,82,62.8,55,44.7,44,46.9,,,,,34.206998,-118.201441,ANGELES CREST HWY NB,19.78
2025-01-07 09:25:00,769965,210,W,ML,196,56.3,87,68.0,11,69.8,58,51.6,40,34.1,,,,,34.232554,-118.271772,HONOLULU,15.28
2025-01-07 09:25:00,769983,210,W,ML,292,51.1,78,46.1,90,54.3,64,52.8,60,50.9,,,,,34.203186,-118.191671,GOULD,20.4
2025-01-07 09:25:00,770000,210,W,ML,339,58.6,91,63.2,92,60.1,81,56.1,75,53.9,,,,,34.19198,-118.181214,BERKSHIRE,21.39
2025-01-07 09:25:00,770129,210,W,ML,243,60.2,83,66.3,73,63.9,53,52.4,34,49.3,,,,,34.234984,-118.290562,LA TUNA CANYON NB,14.18
2025-01-07 09:25:00,770141,210,W,ML,150,59.2,43,64.0,53,62.7,15,65.6,39,46.6,,,,,34.234987,-118.294031,LA TUNA CANYON SB,13.98
2025-01-07 09:25:00,770386,210,W,ML,248,51.9,66,56.0,69,53.1,60,49.4,53,47.9,,,,,34.207155,-118.2137,EB/NB 2 TO EB 210 CN,19.08
2025-01-07 09:25:00,770401,210,W,ML,469,58.8,98,63.7,142,60.5,126,57.4,103,53.5,,,,,34.211095,-118.225948,EB/NB 2 TO WB 210 CN,18.32
2025-01-07 09:25:00,770568,210,W,ML,353,29.0,126,44.3,102,36.9,52,6.1,73,8.0,,,,,34.165953,-118.157943,HAMMOND ST.,23.79
2025-01-07 09:25:00,770579,210,W,ML,148,66.8,28,74.7,60,67.3,21,66.5,39,60.5,,,,,34.156597,-118.157944,WINONA WAY,24.442
2025-01-07 09:30:00,717615,210,W,ML,317,45.5,85,49.2,87,46.5,76,43.3,69,42.3,,,,,34.182539,-118.171545,ARROYO 1,22.3
2025-01-07 09:30:00,717622,210,W,ML,326,52.5,73,69.0,97,60.4,81,42.4,75,37.3,,,,,34.176273,-118.161942,LINCOLN 1,23.0
2025-01-07 09:30:00,717624,210,W,ML,328,50.8,70,55.2,74,52.6,65,49.3,61,47.6,58,48.3,,,34.164368,-118.158093,MOUNTAIN 1,23.9
2025-01-07 09:30:00,717627,210,W,ML,104,66.5,50,68.1,54,64.9,,,,,,,,,34.15225,-118.154678,WALNUT,24.9
2025-01-07 09:30:00,717630,210,W,ML,112,62.3,23,67.5,34,64.1,30,60.9,25,56.7,,,,,34.152218,-118.14821,FAIR OAKS 1,25.4
2025-01-07 09:30:00,717632,210,W,HV,112,62.3,112,62.3,,,,,,,,,,,34.152218,-118.14821,FAIR OAKS 1,25.4
2025-01-07 09:30:00,717634,210,W,ML,493,43.4,111,48.1,111,45.2,97,41.1,91,40.1,83,40.7,,,34.15195,-118.13555,LAKE 1,26.12
2025-01-07 09:30:00,717637,210,W,ML,577,45.4,144,55.9,137,54.3,95,35.0,88,35.3,113,37.7,,,34.152357,-118.123714,HILL,26.8
2025-01-07 09:30:00,717642,210,W,ML,606,47.9,148,58.3,122,54.3,98,45.7,95,39.2,143,38.9,,,34.1527,-118.102255,ALTADENA,28.03
2025-01-07 09:30:00,717643,210,W,HV,103,54.1,103,54.1,,,,,,,,,,,34.1527,-118.102255,ALTADENA,28.03
2025-01-07 09:30:00,717644,210,W,ML,614,48.2,169,60.4,141,50.7,103,38.4,99,39.7,102,42.5,,,34.152727,-118.098063,SAN GABRIEL,28.27
2025-01-07 09:30:00,717645,210,W,HV,98,55.6,98,55.6,,,,,,,,,,,34.152727,-118.098063,SAN GABRIEL,28.27
2025-01-07 09:30:00,717649,210,W,ML,556,51.0,153,60.7,140,53.4,84,32.9,95,52.0,84,46.3,,,34.148074,-118.08377,SIERRA MADRE V1,29.17
2025-01-07 09:30:00,717653,210,W,ML,433,49.5,115,49.4,110,48.7,87,48.2,74,50.7,47,52.1,,,34.148737,-118.071321,ROSEMEAD 1,29.879
2025-01-07 09:30:00,761318,210,W,HV,112,62.3,112,62.3,,,,,,,,,,,34.15195,-118.13555,LAKE 1,26.12
2025-01-07 09:30:00,761322,210,W,HV,95,51.7,95,51.7,,,,,,,,,,,34.152357,-118.123714,HILL,26.8
2025-01-07 09:30:00,761325,210,W,HV,115,53.2,115,53.2,,,,,,,,,,,34.148074,-118.08377,SIERRA MADRE V1,29.17
2025-01-07 09:30:00,761431,210,W,HV,112,62.3,112,62.3,,,,,,,,,,,34.148737,-118.071321,ROSEMEAD 1,29.879
2025-01-07 09:30:00,764135,210,W,HV,112,62.3,112,62.3,,,,,,,,,,,34.152092,-118.143249,MARENGO,25.68
2025-01-07 09:30:00,764137,210,W,ML,592,60.4,100,65.6,117,63.4,102,61.7,104,59.3,95,55.3,74,55.3,34.152092,-118.143249,MARENGO,25.68
2025-01-07 09:30:00,769807,210,W,ML,314,54.1,68,65.2,91,54.7,80,49.7,75,48.1,,,,,34.197068,-118.184827,FOOTHILL,20.98
2025-01-07 09:30:00,769867,210,W,ML,224,56.0,62,70.8,60,61.8,51,52.0,51,35.2,,,,,34.218652,-118.239558,LA CRESCENTA,17.38
2025-01-07 09:30:00,769911,210,W,ML,240,52.0,65,67.1,49,51.1,51,48.9,35,35.7,40,46.9,,,34.224897,-118.251344,PENNSYLVANIA,16.58
2025-01-07 09:30:00,769926,210,W,ML,325,52.4,61,56.9,65,54.0,56,50.7,50,49.0,47,49.9,46,52.1,34.214462,-118.232443,OCEAN VIEW,17.88
2025-01-07 09:30:00,769941,210,W,ML,267,53.2,72,69.7,65,60.9,63,40.4,67,40.1,,,,,34.207101,-118.204943,ANGELES CREST HWY SB,19.58
2025-01-07 09:30:00,769953,210,W,ML,222,52.2,74,66.2,63,56.0,50,36.3,35,38.5,,,,,34.206998,-118.201441,ANGELES CREST HWY NB,19.78
2025-01-07 09:30:00,769965,210,W,ML,158,57.1,70,70.3,14,66.5,42,48.4,32,35.3,,,,,34.232554,-118.271772,HONOLULU,15.28
2025-01-07 09:30:00,769983,210,W,ML,248,45.1,66,38.2,74,49.6,56,46.8,52,45.5,,,,,34.203186,-118.191671,GOULD,20.4
2025-01-07 09:30:00,770000,210,W,ML,339,53.1,91,57.0,92,54.3,81,50.9,75,49.1,,,,,34.19198,-118.181214,BERKSHIRE,21.39
2025-01-07 09:30:00,770129,210,W,ML,239,60.4,81,66.8,76,63.0,53,51.8,29,51.6,,,,,34.234984,-118.290562,LA TUNA CANYON NB,14.18
2025-01-07 09:30:00,770141,210,W,ML,150,59.2,43,63.1,53,62.1,15,65.5,39,48.6,,,,,34.234987,-118.294031,LA TUNA CANYON SB,13.98
2025-01-07 09:30:00,770386,210,W,ML,265,46.5,68,51.0,73,48.0,64,43.7,60,42.7,,,,,34.207155,-118.2137,EB/NB 2 TO EB 210 CN,19.08
2025-01-07 09:30:00,770401,210,W,ML,468,58.8,98,63.7,142,60.5,125,57.4,103,53.5,,,,,34.211095,-118.225948,EB/NB 2 TO WB 210 CN,18.32
2025-01-07 09:30:00,770568,210,W,ML,370,28.1,130,44.4,99,36.5,71,6.5,70,8.0,,,,,34.165953,-118.157943,HAMMOND ST.,23.79
2025-01-07 09:30:00,770579,210,W,ML,145,66.9,19,74.7,67,68.1,20,66.8,39,61.2,,,,,34.156597,-118.157944,WINONA WAY,24.442
2025-01-07 09:35:00,717615,210,W,ML,254,44.1,66,48.4,71,45.5,62,41.1,55,40.4,,,,,34.182539,-118.171545,ARROYO 1,22.3
2025-01-07 09:35:00,717622,210,W,ML,220,50.2,41,70.2,63,62.3,58,36.2,58,36.9,,,,,34.176273,-118.161942,LINCOLN 1,23.0
2025-01-07 09:35:00,717624,210,W,ML,259,51.6,56,56.0,60,53.4,52,50.1,47,48.3,44,48.7,,,34.164368,-118.158093,MOUNTAIN 1,23.9
2025-01-07 09:35:00,717627,210,W,ML,82,66.6,37,68.5,45,65.1,,,,,,,,,34.15225,-118.154678,WALNUT,24.9
2025-01-07 09:35:00,717630,210,W,ML,111,62.3,23,67.5,34,64.1,30,60.9,24,56.7,,,,,34.152218,-118.14821,FAIR OAKS 1,25.4
2025-01-07 09:35:00,717632,210,W,HV,111,62.3,111,62.3,,,,,,,,,,,34.152218,-118.14821,FAIR OAKS 1,25.4
2025-01-07 09:35:00,717634,210,W,ML,502,43.9,114,48.2,113,45.4,99,42.0,92,40.9,84,41.7,,,34.15195,-118.13555,LAKE 1,26.12
2025-01-07 09:35:00,717637,210,W,ML,592,46.6,139,59.1,131,55.9,98,39.5,95,34.5,129,38.2,,,34.152357,-118.123714,HILL,26.8
2025-01-07 09:35:00,717642,210,W,ML,578,46.8,130,59.1,128,55.7,104,43.1,100,37.4,116,34.9,,,34.1527,-118.102255,ALTADENA,28.03
2025-01-07 09:35:00,717643,210,W,HV,110,55.7,110,55.7,,,,,,,,,,,34.1527,-118.102255,ALTADENA,28.03
2025-01-07 09:35:00,717644,210,W,ML,625,48.4,143,61.7,146,53.1,132,43.0,106,38.0,98,40.2,,,34.152727,-118.098063,SAN GABRIEL,28.27
2025-01-07 09:35:00,717645,210,W,HV,115,56.8,115,56.8,,,,,,,,,,,34.152727,-118.098063,SAN GABRIEL,28.27
2025-01-07 09:35:00,717649,210,W,ML,564,51.2,148,61.3,137,54.3,103,36.7,103,51.8,73,44.3,,,34.148074,-118.08377,SIERRA MADRE V1,29.17
2025-01-07 09:35:00,717653,210,W,ML,438,47.8,117,47.4,112,46.8,88,46.4,74,49.4,47,51.1,,,34.148737,-118.071321,ROSEMEAD 1,29.879
2025-01-07 09:35:00,761318,210,W,HV,111,62.3,111,62.3,,,,,,,,,,,34.15195,-118.13555,LAKE 1,26.12
2025-01-07 09:35:00,761322,210,W,HV,109,52.5,109,52.5,,,,,,,,,,,34.152357,-118.123714,HILL,26.8
2025-01-07 09:35:00,761325,210,W,HV,126,54.5,126,54.5,,,,,,,,,,,34.148074,-118.08377,SIERRA MADRE V1,29.17
2025-01-07 09:35:00,761431,210,W,HV,111,62.3,111,62.3,,,,,,,,,,,34.148737,-118.071321,ROSEMEAD 1,29.879
2025-01-07 09:35:00,764135,210,W,HV,111,62.3,111,62.3,,,,,,,,,,,34.152092,-118.143249,MARENGO,25.68
2025-01-07 09:35:00,764137,210,W,ML,592,60.5,100,65.7,117,63.5,102,61.8,104,59.4,95,55.4,74,55.4,34.152092,-118.143249,MARENGO,25.68
2025-01-07 09:35:00,769807,210,W,ML,333,56.4,81,65.3,94,57.6,82,52.0,76,50.1,,,,,34.197068,-118.184827,FOOTHILL,20.98
2025-01-07 09:35:00,769867,210,W,ML,246,56.1,70,70.4,72,62.2,55,50.6,49,33.1,,,,,34.218652,-118.239558,LA CRESCENTA,17.38
2025-01-07 09:35:00,769911,210,W,ML,281,49.6,69,66.3,63,48.2,52,46.3,52,36.7,45,45.0,,,34.224897,-118.251344,PENNSYLVANIA,16.58
2025-01-07 09:35:00,769926,210,W,ML,316,51.4,59,55.8,63,52.9,54,49.7,49,48.1,46,49.1,45,51.5,34.214462,-118.232443,OCEAN VIEW,17.88
2025-01-07 09:35:00,769941,210,W,ML,244,53.5,53,71.0,62,63.0,48,48.1,81,37.9,,,,,34.207101,-118.204943,ANGELES CREST HWY SB,19.58
2025-01-07 09:35:00,769953,210,W,ML,276,50.2,70,63.8,66,59.1,69,45.4,71,33.0,,,,,34.206998,-118.201441,ANGELES CREST HWY NB,19.78
2025-01-07 09:35:00,769965,210,W,ML,203,52.9,84,69.3,6,68.6,64,44.8,49,33.4,,,,,34.232554,-118.271772,HONOLULU,15.28
2025-01-07 09:35:00,769983,210,W,ML,298,48.9,77,44.2,89,53.6,69,49.2,63,47.6,,,,,34.203186,-118.191671,GOULD,20.4
2025-01-07 09:35:00,770000,210,W,ML,347,55.1,93,59.3,95,56.5,82,52.9,77,50.9,,,,,34.19198,-118.181214,BERKSHIRE,21.39
2025-01-07 09:35:00,770129,210,W,ML,254,59.6,80,66.8,86,62.9,47,46.5,41,53.8,,,,,34.234984,-118.290562,LA TUNA CANYON NB,14.18
2025-01-07 09:35:00,770141,210,W,ML,162,59.6,48,63.0,57,62.0,16,65.5,41,50.0,,,,,34.234987,-118.294031,LA TUNA CANYON SB,13.98
2025-01-07 09:35:00,770386,210,W,ML,256,49.8,66,53.9,70,51.0,62,47.5,58,46.1,,,,,34.207155,-118.2137,EB/NB 2 TO EB 210 CN,19.08
2025-01-07 09:35:00,770401,210,W,ML,468,58.7,98,63.6,142,60.4,125,57.3,103,53.4,,,,,34.211095,-118.225948,EB/NB 2 TO WB 210 CN,18.32
2025-01-07 09:35:00,770568,210,W,ML,324,29.0,112,44.1,96,38.1,52,5.4,64,8.1,,,,,34.165953,-118.157943,HAMMOND ST.,23.79
2025-01-07 09:35:00,770579,210,W,ML,112,65.8,12,74.8,29,69.2,22,66.8,49,61.2,,,,,34.156597,-118.157944,WINONA WAY,24.442
2025-01-07 09:40:00,717615,210,W,ML,251,46.7,64,51.1,69,48.2,61,43.8,57,42.8,,,,,34.182539,-118.171545,ARROYO 1,22.3
2025-01-07 09:40:00,717622,210,W,ML,224,52.4,42,70.6,60,62.2,62,42.3,60,40.3,,,,,34.176273,-118.161942,LINCOLN 1,23.0
2025-01-07 09:40:00,717624,210,W,ML,235,51.1,50,55.4,55,52.8,48,49.6,43,47.9,39,48.3,,,34.164368,-118.158093,MOUNTAIN 1,23.9
2025-01-07 09:40:00,717627,210,W,ML,74,67.4,34,69.2,40,65.8,,,,,,,,,34.15225,-118.154678,WALNUT,24.9
2025-01-07 09:40:00,717630,210,W,ML,112,62.2,23,67.4,34,64.0,30,60.8,25,56.6,,,,,34.152218,-118.14821,FAIR OAKS 1,25.4
2025-01-07 09:40:00,717632,210,W,HV,112,62.2,112,62.2,,,,,,,,,,,34.152218,-118.14821,FAIR OAKS 1,25.4
2025-01-07 09:40:00,717634,210,W,ML,501,40.0,114,44.0,113,41.3,98,37.7,92,37.3,84,38.3,,,34.15195,-118.13555,LAKE 1,26.12
2025-01-07 09:40:00,717637,210,W,ML,582,42.8,141,58.0,127,52.2,102,34.7,97,32.9,115,29.3,,,34.152357,-118.123714,HILL,26.8
2025-01-07 09:40:00,717642,210,W,ML,589,46.8,143,59.2,123,56.1,98,42.4,96,37.3,129,34.5,,,34.1527,-118.102255,ALTADENA,28.03
2025-01-07 09:40:00,717643,210,W,HV,97,55.2,97,55.2,,,,,,,,,,,34.1527,-118.102255,ALTADENA,28.03
2025-01-07 09:40:00,717644,210,W,ML,600,48.3,157,61.4,143,50.8,121,43.4,97,37.9,82,38.4,,,34.152727,-118.098063,SAN GABRIEL,28.27
2025-01-07 09:40:00,717645,210,W,HV,97,56.0,97,56.0,,,,,,,,,,,34.152727,-118.098063,SAN GABRIEL,28.27
2025-01-07 09:40:00,717649,210,W,ML,552,51.4,155,62.3,127,54.3,89,36.1,92,51.4,89,43.6,,,34.148074,-118.08377,SIERRA MADRE V1,29.17
2025-01-07 09:40:00,717653,210,W,ML,458,47.2,122,46.7,116,46.2,92,45.7,78,48.9,50,50.8,,,34.148737,-118.071321,ROSEMEAD 1,29.879
2025-01-07 09:40:00,761318,210,W,HV,112,62.2,112,62.2,,,,,,,,,,,34.15195,-118.13555,LAKE 1,26.12
2025-01-07 09:40:00,761322,210,W,HV,93,53.2,93,53.2,,,,,,,,,,,34.152357,-118.123714,HILL,26.8
2025-01-07 09:40:00,761325,210,W,HV,114,54.8,114,54.8,,,,,,,,,,,34.148074,-118.08377,SIERRA MADRE V1,29.17
2025-01-07 09:40:00,761431,210,W,HV,112,62.2,112,62.2,,,,,,,,,,,34.148737,-118.071321,ROSEMEAD 1,29.879
2025-01-07 09:40:00,764135,210,W,HV,112,62.2,112,62.2,,,,,,,,,,,34.152092,-118.143249,MARENGO,25.68
2025-01-07 09:40:00,764137,210,W,ML,587,60.3,100,65.4,116,63.2,101,61.5,103,59.1,94,55.1,73,55.1,34.152092,-118.143249,MARENGO,25.68
2025-01-07 09:40:00,769807,210,W,ML,332,56.4,84,68.6,92,56.1,81,50.8,75,49.1,,,,,34.197068,-118.184827,FOOTHILL,20.98
2025-01-07 09:40:00,769867,210,W,ML,253,55.8,75,71.4,77,61.2,50,48.6,51,31.7,,,,,34.218652,-118.239558,LA CRESCENTA,17.38
2025-01-07 09:40:00,769911,210,W,ML,262,51.7,72,65.8,57,50.2,51,50.9,40,34.4,42,47.1,,,34.224897,-118.251344,PENNSYLVANIA,16.58
2025-01-07 09:40:00,769926,210,W,ML,325,50.0,61,54.1,65,51.2,56,48.2,50,46.8,47,47.9,46,50.5,34.214462,-118.232443,OCEAN VIEW,17.88
2025-01-07 09:40:00,769941,210,W,ML,347,51.7,59,69.1,110,62.8,58,39.7,120,38.8,,,,,34.207101,-118.204943,ANGELES CREST HWY SB,19.58
2025-01-07 09:40:00,769953,210,W,ML,285,48.8,66,64.6,81,55.5,62,40.4,76,34.8,,,,,34.206998,-118.201441,ANGELES CREST HWY NB,19.78
2025-01-07 09:40:00,769965,210,W,ML,190,54.8,83,68.7,9,69.9,56,47.3,42,34.2,,,,,34.232554,-118.271772,HONOLULU,15.28
2025-01-07 09:40:00,769983,210,W,ML,320,45.9,81,39.7,94,50.8,75,46.9,70,45.5,,,,,34.203186,-118.191671,GOULD,20.4
2025-01-07 09:40:00,770000,210,W,ML,342,54.1,92,58.1,93,55.4,81,51.8,76,50.0,,,,,34.19198,-118.181214,BERKSHIRE,21.39
2025-01-07 09:40:00,770129,210,W,ML,265,58.9,86,66.4,74,65.5,63,46.1,42,51.3,,,,,34.234984,-118.290562,LA TUNA CANYON NB,14.18
2025-01-07 09:40:00,770141,210,W,ML,180,60.7,54,65.6,63,63.8,18,65.8,45,48.4,,,,,34.234987,-118.294031,LA TUNA CANYON SB,13.98
2025-01-07 09:40:00,770386,210,W,ML,391,45.6,107,49.9,106,47.0,92,42.6,86,41.7,,,,,34.207155,-118.2137,EB/NB 2 TO EB 210 CN,19.08
2025-01-07 09:40:00,770401,210,W,ML,468,58.8,98,63.7,142,60.5,125,57.4,103,53.5,,,,,34.211095,-118.225948,EB/NB 2 TO WB 210 CN,18.32
2025-01-07 09:40:00,770568,210,W,ML,313,28.2,119,44.2,72,36.6,50,5.9,72,8.8,,,,,34.165953,-118.157943,HAMMOND ST.,23.79
2025-01-07 09:40:00,770579,210,W,ML,95,66.1,13,74.7,11,70.1,32,67.1,39,61.2,,,,,34.156597,-118.157944,WINONA WAY,24.442
2025-01-07 09:45:00,717615,210,W,ML,256,44.5,68,48.1,71,45.4,62,42.3,55,41.4,,,,,34.182539,-118.171545,ARROYO 1,22.3
2025-01-07 09:45:00,717622,210,W,ML,260,53.4,59,70.8,81,62.2,62,41.1,58,36.4,,,,,34.176273,-118.161942,LINCOLN 1,23.0
2025-01-07 09:45:00,717624,210,W,ML,248,49.1,53,53.2,57,50.7,50,47.7,45,46.1,43,46.7,,,34.164368,-118.158093,MOUNTAIN 1,23.9
2025-01-07 09:45:00,717627,210,W,ML,99,67.1,46,68.9,53,65.5,,,,,,,,,34.15225,-118.154678,WALNUT,24.9
2025-01-07 09:45:00,717630,210,W,ML,111,62.3,23,67.5,34,64.1,30,60.9,24,56.7,,,,,34.152218,-118.14821,FAIR OAKS 1,25.4
2025-01-07 09:45:00,717632,210,W,HV,111,62.3,111,62.3,,,,,,,,,,,34.152218,-118.14821,FAIR OAKS 1,25.4
2025-01-07 09:45:00,717634,210,W,ML,482,41.8,109,45.9,109,43.2,95,39.6,88,39.0,81,39.8,,,34.15195,-118.13555,LAKE 1,26.12
2025-01-07 09:45:00,717637,210,W,ML,582,45.4,150,60.7,121,55.8,94,37.1,93,35.3,124,30.7,,,34.152357,-118.123714,HILL,26.8
2025-01-07 09:45:00,717642,210,W,ML,574,49.7,134,63.2,110,58.9,94,46.0,94,40.1,142,38.7,,,34.1527,-118.102255,ALTADENA,28.03
2025-01-07 09:45:00,717643,210,W,HV,90,57.5,90,57.5,,,,,,,,,,,34.1527,-118.102255,ALTADENA,28.03
2025-01-07 09:45:00,717644,210,W,ML,588,51.4,142,64.3,133,56.4,107,47.2,111,41.7,95,41.3,,,34.152727,-118.098063,SAN GABRIEL,28.27
2025-01-07 09:45:00,717645,210,W,HV,91,58.1,91,58.1,,,,,,,,,,,34.152727,-118.098063,SAN GABRIEL,28.27
2025-01-07 09:45:00,717649,210,W,ML,534,52.9,136,62.8,126,56.7,88,38.2,96,53.1,88,46.4,,,34.148074,-118.08377,SIERRA MADRE V1,29.17
2025-01-07 09:45:00,717653,210,W,ML,452,49.6,120,49.5,115,48.8,91,48.3,77,50.8,49,52.1,,,34.148737,-118.071321,ROSEMEAD 1,29.879
2025-01-07 09:45:00,761318,210,W,HV,111,62.3,111,62.3,,,,,,,,,,,34.15195,-118.13555,LAKE 1,26.12
2025-01-07 09:45:00,761322,210,W,HV,88,56.0,88,56.0,,,,,,,,,,,34.152357,-118.123714,HILL,26.8
2025-01-07 09:45:00,761325,210,W,HV,104,55.6,104,55.6,,,,,,,,,,,34.148074,-118.08377,SIERRA MADRE V1,29.17
2025-01-07 09:45:00,761431,210,W,HV,111,62.3,111,62.3,,,,,,,,,,,34.148737,-118.071321,ROSEMEAD 1,29.879
2025-01-07 09:45:00,764135,210,W,HV,111,62.3,111,62.3,,,,,,,,,,,34.152092,-118.143249,MARENGO,25.68
2025-01-07 09:45:00,764137,210,W,ML,592,60.2,100,65.4,117,63.2,102,61.5,104,59.1,95,55.1,74,55.1,34.152092,-118.143249,MARENGO,25.68
2025-01-07 09:45:00,769807,210,W,ML,270,55.1,71,65.8,70,55.0,67,50.0,62,48.4,,,,,34.197068,-118.184827,FOOTHILL,20.98
2025-01-07 09:45:00,769867,210,W,ML,252,56.0,71,70.6,63,61.0,63,51.7,55,36.4,,,,,34.218652,-118.239558,LA CRESCENTA,17.38
2025-01-07 09:45:00,769911,210,W,ML,273,50.0,59,66.6,63,49.3,54,48.7,50,36.1,47,46.2,,,34.224897,-118.251344,PENNSYLVANIA,16.58
2025-01-07 09:45:00,769926,210,W,ML,348,52.1,65,56.7,69,53.7,59,50.5,55,48.8,51,49.8,49,52.0,34.214462,-118.232443,OCEAN VIEW,17.88
2025-01-07 09:45:00,769941,210,W,ML,317,54.1,102,68.0,64,62.6,68,36.1,83,45.1,,,,,34.207101,-118.204943,ANGELES CREST HWY SB,19.58
2025-01-07 09:45:00,769953,210,W,ML,283,51.6,93,64.1,70,57.0,74,42.7,46,32.3,,,,,34.206998,-118.201441,ANGELES CREST HWY NB,19.78
2025-01-07 09:45:00,769965,210,W,ML,187,54.9,80,69.8,10,70.4,58,46.2,39,33.5,,,,,34.232554,-118.271772,HONOLULU,15.28
2025-01-07 09:45:00,769983,210,W,ML,306,47.0,82,41.7,95,52.0,67,47.3,62,45.9,,,,,34.203186,-118.191671,GOULD,20.4
2025-01-07 09:45:00,770000,210,W,ML,279,53.2,73,57.2,76,54.5,67,51.1,63,49.3,,,,,34.19198,-118.181214,BERKSHIRE,21.39
2025-01-07 09:45:00,770129,210,W,ML,250,58.3,80,65.9,81,63.2,58,44.2,31,51.9,,,,,34.234984,-118.290562,LA TUNA CANYON NB,14.18
2025-01-07 09:45:00,770141,210,W,ML,164,59.4,48,63.3,58,62.2,16,65.5,42,48.9,,,,,34.234987,-118.294031,LA TUNA CANYON SB,13.98
2025-01-07 09:45:00,770386,210,W,ML,261,50.4,67,55.0,72,52.0,63,47.7,59,46.2,,,,,34.207155,-118.2137,EB/NB 2 TO EB 210 CN,19.08
2025-01-07 09:45:00,770401,210,W,ML,469,58.8,98,63.7,142,60.5,126,57.4,103,53.5,,,,,34.211095,-118.225948,EB/NB 2 TO WB 210 CN,18.32
2025-01-07 09:45:00,770568,210,W,ML,332,27.2,127,40.0,99,32.4,48,5.0,58,8.4,,,,,34.165953,-118.157943,HAMMOND ST.,23.79
2025-01-07 09:45:00,770579,210,W,ML,130,66.4,19,74.7,39,69.7,26,67.3,46,59.8,,,,,34.156597,-118.157944,WINONA WAY,24.442
2025-01-07 09:50:00,717615,210,W,ML,272,46.4,71,50.2,75,47.4,65,44.1,61,43.1,,,,,34.182539,-118.171545,ARROYO 1,22.3
2025-01-07 09:50:00,717622,210,W,ML,288,53.9,73,66.8,99,58.5,72,43.6,44,38.8,,,,,34.176273,-118.161942,LINCOLN 1,23.0
2025-01-07 09:50:00,717624,210,W,ML,263,49.7,56,53.9,60,51.4,52,48.3,48,46.7,47,47.2,,,34.164368,-118.158093,MOUNTAIN 1,23.9
2025-01-07 09:50:00,717627,210,W,ML,89,67.4,41,69.2,48,65.8,,,,,,,,,34.15225,-118.154678,WALNUT,24.9
2025-01-07 09:50:00,717630,210,W,ML,111,62.2,23,67.4,34,64.0,30,60.8,24,56.6,,,,,34.152218,-118.14821,FAIR OAKS 1,25.4
2025-01-07 09:50:00,717632,210,W,HV,111,62.2,111,62.2,,,,,,,,,,,34.152218,-118.14821,FAIR OAKS 1,25.4
2025-01-07 09:50:00,717634,210,W,ML,475,43.9,108,48.6,107,45.7,93,41.6,87,40.7,80,41.4,,,34.15195,-118.13555,LAKE 1,26.12
2025-01-07 09:50:00,717637,210,W,ML,548,48.6,128,63.9,120,59.6,92,39.1,91,38.3,117,36.1,,,34.152357,-118.123714,HILL,26.8
2025-01-07 09:50:00,717642,210,W,ML,542,50.0,133,63.8,110,59.4,89,45.0,86,38.9,124,38.3,,,34.1527,-118.102255,ALTADENA,28.03
2025-01-07 09:50:00,717643,210,W,HV,91,58.4,91,58.4,,,,,,,,,,,34.1527,-118.102255,ALTADENA,28.03
2025-01-07 09:50:00,717644,210,W,ML,578,51.5,159,65.1,127,55.9,101,44.5,107,43.3,84,38.2,,,34.152727,-118.098063,SAN GABRIEL,28.27
2025-01-07 09:50:00,717645,210,W,HV,96,58.3,96,58.3,,,,,,,,,,,34.152727,-118.098063,SAN GABRIEL,28.27
2025-01-07 09:50:00,717649,210,W,ML,519,49.9,144,59.9,126,52.6,84,35.1,89,52.7,76,39.4,,,34.148074,-118.08377,SIERRA MADRE V1,29.17
2025-01-07 09:50:00,717653,210,W,ML,392,44.0,105,42.5,101,42.3,79,43.0,66,47.2,41,48.8,,,34.148737,-118.071321,ROSEMEAD 1,29.879
2025-01-07 09:50:00,761318,210,W,HV,111,62.2,111,62.2,,,,,,,,,,,34.15195,-118.13555,LAKE 1,26.12
2025-01-07 09:50:00,761322,210,W,HV,85,57.2,85,57.2,,,,,,,,,,,34.152357,-118.123714,HILL,26.8
2025-01-07 09:50:00,761325,210,W,HV,106,53.3,106,53.3,,,,,,,,,,,34.148074,-118.08377,SIERRA MADRE V1,29.17
2025-01-07 09:50:00,761431,210,W,HV,111,62.2,111,62.2,,,,,,,,,,,34.148737,-118.071321,ROSEMEAD 1,29.879
2025-01-07 09:50:00,764135,210,W,HV,111,62.2,111,62.2,,,,,,,,,,,34.152092,-118.143249,MARENGO,25.68
2025-01-07 09:50:00,764137,210,W,ML,584,60.2,99,65.4,115,63.2,100,61.5,103,59.1,94,55.1,73,55.1,34.152092,-118.143249,MARENGO,25.68
2025-01-07 09:50:00,769807,210,W,ML,366,56.3,98,64.9,101,57.1,87,51.6,80,49.8,,,,,34.197068,-118.184827,FOOTHILL,20.98
2025-01-07 09:50:00,769867,210,W,ML,205,55.7,52,70.7,62,62.6,47,51.1,44,33.0,,,,,34.218652,-118.239558,LA CRESCENTA,17.38
2025-01-07 09:50:00,769911,210,W,ML,251,48.6,66,65.4,56,47.1,46,44.6,43,33.3,40,44.0,,,34.224897,-118.251344,PENNSYLVANIA,16.58
2025-01-07 09:50:00,769926,210,W,ML,292,51.7,55,56.2,59,53.3,50,50.0,44,48.4,42,49.4,42,51.7,34.214462,-118.232443,OCEAN VIEW,17.88
2025-01-07 09:50:00,769941,210,W,ML,318,56.0,98,68.5,84,63.0,49,35.6,87,46.6,,,,,34.207101,-118.204943,ANGELES CREST HWY SB,19.58
2025-01-07 09:50:00,769953,210,W,ML,269,52.4,82,65.4,73,59.2,47,42.8,67,36.0,,,,,34.206998,-118.201441,ANGELES CREST HWY NB,19.78
2025-01-07 09:50:00,769965,210,W,ML,173,53.7,71,70.2,10,71.0,50,43.5,42,33.7,,,,,34.232554,-118.271772,HONOLULU,15.28
2025-01-07 09:50:00,769983,210,W,ML,281,47.8,69,43.1,79,52.7,69,48.1,64,46.6,,,,,34.203186,-118.191671,GOULD,20.4
2025-01-07 09:50:00,770000,210,W,ML,367,54.8,99,58.9,100,56.1,87,52.5,81,50.6,,,,,34.19198,-118.181214,BERKSHIRE,21.39
2025-01-07 09:50:00,770129,210,W,ML,238,59.0,79,65.4,82,63.9,50,44.4,27,52.0,,,,,34.234984,-118.290562,LA TUNA CANYON NB,14.18
2025-01-07 09:50:00,770141,210,W,ML,139,59.8,39,64.0,50,62.7,14,65.6,36,49.0,,,,,34.234987,-118.294031,LA TUNA CANYON SB,13.98
2025-01-07 09:50:00,770386,210,W,ML,318,51.7,84,56.2,87,53.2,76,48.9,71,47.3,,,,,34.207155,-118.2137,EB/NB 2 TO EB 210 CN,19.08
2025-01-07 09:50:00,770401,210,W,ML,464,58.6,97,63.5,141,60.3,124,57.2,102,53.3,,,,,34.211095,-118.225948,EB/NB 2 TO WB 210 CN,18.32
2025-01-07 09:50:00,770568,210,W,ML,329,26.3,107,43.5,92,33.7,73,6.5,57,7.7,,,,,34.165953,-118.157943,HAMMOND ST.,23.79
2025-01-07 09:50:00,770579,210,W,ML,109,66.9,13,74.7,33,70.1,29,67.2,34,60.4,,,,,34.156597,-118.157944,WINONA WAY,24.442
2025-01-07 09:55:00,717615,210,W,ML,275,43.6,72,47.9,75,45.0,66,40.6,62,39.9,,,,,34.182539,-118.171545,ARROYO 1,22.3
2025-01-07 09:55:00,717622,210,W,ML,228,46.5,24,70.3,69,57.0,64,37.5,71,36.3,,,,,34.176273,-118.161942,LINCOLN 1,23.0
2025-01-07 09:55:00,717624,210,W,ML,276,52.2,59,56.8,63,54.2,55,50.8,50,48.9,49,49.3,,,34.164368,-118.158093,MOUNTAIN 1,23.9
2025-01-07 09:55:00,717627,210,W,ML,81,67.1,36,68.9,45,65.6,,,,,,,,,34.15225,-118.154678,WALNUT,24.9
2025-01-07 09:55:00,717630,210,W,ML,109,62.3,23,67.5,33,64.1,29,60.9,24,56.7,,,,,34.152218,-118.14821,FAIR OAKS 1,25.4
2025-01-07 09:55:00,717632,210,W,HV,110,62.3,110,62.3,,,,,,,,,,,34.152218,-118.14821,FAIR OAKS 1,25.4
2025-01-07 09:55:00,717634,210,W,ML,427,44.9,96,49.6,97,46.7,84,42.7,78,41.5,72,42.3,,,34.15195,-118.13555,LAKE 1,26.12
2025-01-07 09:55:00,717637,210,W,ML,516,50.2,128,65.1,105,61.7,85,40.9,80,37.9,118,38.7,,,34.152357,-118.123714,HILL,26.8
2025-01-07 09:55:00,717642,210,W,ML,533,51.6,138,64.8,117,60.0,90,45.8,88,38.7,100,39.9,,,34.1527,-118.102255,ALTADENA,28.03
2025-01-07 09:55:00,717643,210,W,HV,62,58.4,62,58.4,,,,,,,,,,,34.1527,-118.102255,ALTADENA,28.03
2025-01-07 09:55:00,717644,210,W,ML,566,51.9,153,64.9,139,54.9,108,45.3,85,42.1,81,41.5,,,34.152727,-118.098063,SAN GABRIEL,28.27
2025-01-07 09:55:00,717645,210,W,HV,70,59.6,70,59.6,,,,,,,,,,,34.152727,-118.098063,SAN GABRIEL,28.27
2025-01-07 09:55:00,717649,210,W,ML,529,48.9,155,58.5,134,50.1,80,31.5,87,52.3,73,41.3,,,34.148074,-118.08377,SIERRA MADRE V1,29.17
2025-01-07 09:55:00,717653,210,W,ML,377,45.2,101,44.4,97,44.0,76,43.6,64,47.4,39,49.7,,,34.148737,-118.071321,ROSEMEAD 1,29.879
2025-01-07 09:55:00,761318,210,W,HV,110,62.3,110,62.3,,,,,,,,,,,34.15195,-118.13555,LAKE 1,26.12
2025-01-07 09:55:00,761322,210,W,HV,59,58.3,59,58.3,,,,,,,,,,,34.152357,-118.123714,HILL,26.8
2025-01-07 09:55:00,761325,210,W,HV,84,54.1,84,54.1,,,,,,,,,,,34.148074,-118.08377,SIERRA MADRE V1,29.17
2025-01-07 09:55:00,761431,210,W,HV,110,62.3,110,62.3,,,,,,,,,,,34.148737,-118.071321,ROSEMEAD 1,29.879
2025-01-07 09:55:00,764135,210,W,HV,110,62.3,110,62.3,,,,,,,,,,,34.152092,-118.143249,MARENGO,25.68
2025-01-07 09:55:00,764137,210,W,ML,581,60.4,99,65.5,115,63.3,100,61.6,102,59.2,93,55.2,72,55.2,34.152092,-118.143249,MARENGO,25.68
2025-01-07 09:55:00,769807,210,W,ML,312,57.1,56,66.5,96,59.4,83,53.4,77,51.4,,,,,34.197068,-118.184827,FOOTHILL,20.98
2025-01-07 09:55:00,769867,210,W,ML,232,55.9,58,70.3,78,61.9,50,49.5,46,34.5,,,,,34.218652,-118.239558,LA CRESCENTA,17.38
2025-01-07 09:55:00,769911,210,W,ML,242,49.3,57,64.7,55,46.4,47,50.3,42,34.8,41,45.7,,,34.224897,-118.251344,PENNSYLVANIA,16.58
2025-01-07 09:55:00,769926,210,W,ML,301,50.6,56,54.8,60,52.0,52,48.9,46,47.4,44,48.5,43,51.0,34.214462,-118.232443,OCEAN VIEW,17.88
2025-01-07 09:55:00,769941,210,W,ML,325,52.6,93,66.9,99,61.7,76,33.4,57,39.3,,,,,34.207101,-118.204943,ANGELES CREST HWY SB,19.58
2025-01-07 09:55:00,769953,210,W,ML,331,50.3,90,62.9,101,59.8,84,37.9,56,31.3,,,,,34.206998,-118.201441,ANGELES CREST HWY NB,19.78
2025-01-07 09:55:00,769965,210,W,ML,155,54.4,67,69.2,10,71.3,48,42.6,30,34.4,,,,,34.232554,-118.271772,HONOLULU,15.28
2025-01-07 09:55:00,769983,210,W,ML,378,46.6,103,41.3,122,51.2,79,47.1,74,45.8,,,,,34.203186,-118.191671,GOULD,20.4
2025-01-07 09:55:00,770000,210,W,ML,353,56.4,95,60.7,96,57.8,84,54.1,78,52.0,,,,,34.19198,-118.181214,BERKSHIRE,21.39
2025-01-07 09:55:00,770129,210,W,ML,196,57.8,69,66.5,58,60.1,44,45.8,25,49.4,,,,,34.234984,-118.290562,LA TUNA CANYON NB,14.18
2025-01-07 09:55:00,770141,210,W,ML,120,57.0,32,60.3,44,60.0,12,65.1,32,46.7,,,,,34.234987,-118.294031,LA TUNA CANYON SB,13.98
2025-01-07 09:55:00,770386,210,W,ML,284,45.9,75,50.3,78,47.4,68,43.0,63,42.1,,,,,34.207155,-118.2137,EB/NB 2 TO EB 210 CN,19.08
2025-01-07 09:55:00,770401,210,W,ML,459,58.7,96,63.6,139,60.4,123,57.3,101,53.4,,,,,34.211095,-118.225948,EB/NB 2 TO WB 210 CN,18.32
2025-01-07 09:55:00,770568,210,W,ML,349,28.3,98,48.6,96,40.2,90,8.7,65,7.2,,,,,34.165953,-118.157943,HAMMOND ST.,23.79
2025-01-07 09:55:00,770579,210,W,ML,91,66.9,3,74.7,28,70.6,42,66.4,18,61.1,,,,,34.156597,-118.157944,WINONA WAY,24.442
2025-01-07 10:00:00,717615,210,W,ML,249,41.9,64,45.8,69,42.9,60,39.4,56,38.8,,,,,34.182539,-118.171545,ARROYO 1,22.3
2025-01-07 10:00:00,717622,210,W,ML,248,51.6,55,73.9,78,59.5,65,37.2,50,33.7,,,,,34.176273,-118.161942,LINCOLN 1,23.0
2025-01-07 10:00:00,717624,210,W,ML,297,52.6,65,57.2,69,54.5,60,51.1,53,49.2,50,49.6,,,34.164368,-118.158093,MOUNTAIN 1,23.9
2025-01-07 10:00:00,717627,210,W,ML,92,67.1,42,68.9,50,65.6,,,,,,,,,34.15225,-118.154678,WALNUT,24.9
2025-01-07 10:00:00,717630,210,W,ML,109,62.4,23,67.6,33,64.2,29,61.0,24,56.8,,,,,34.152218,-118.14821,FAIR OAKS 1,25.4
2025-01-07 10:00:00,717632,210,W,HV,108,62.4,108,62.4,,,,,,,,,,,34.152218,-118.14821,FAIR OAKS 1,25.4
2025-01-07 10:00:00,717634,210,W,ML,481,48.2,109,53.3,109,50.3,94,46.2,88,44.7,81,44.8,,,34.15195,-118.13555,LAKE 1,26.12
2025-01-07 10:00:00,717637,210,W,ML,601,52.1,160,64.4,123,61.3,104,41.8,90,42.3,124,42.9,,,34.152357,-118.123714,HILL,26.8
2025-01-07 10:00:00,717642,210,W,ML,625,53.0,161,64.2,136,60.3,104,49.3,101,40.6,123,43.8,,,34.1527,-118.102255,ALTADENA,28.03
2025-01-07 10:00:00,717643,210,W,HV,102,57.8,102,57.8,,,,,,,,,,,34.1527,-118.102255,ALTADENA,28.03
2025-01-07 10:00:00,717644,210,W,ML,650,53.0,172,64.9,148,56.2,121,47.3,107,44.2,102,44.2,,,34.152727,-118.098063,SAN GABRIEL,28.27
2025-01-07 10:00:00,717645,210,W,HV,110,58.0,110,58.0,,,,,,,,,,,34.152727,-118.098063,SAN GABRIEL,28.27
2025-01-07 10:00:00,717649,210,W,ML,599,52.7,168,61.6,142,55.2,99,38.6,102,53.9,88,46.0,,,34.148074,-118.08377,SIERRA MADRE V1,29.17
2025-01-07 10:00:00,717653,210,W,ML,452,49.2,120,49.1,115,48.4,91,48.0,77,50.5,49,51.9,,,34.148737,-118.071321,ROSEMEAD 1,29.879
2025-01-07 10:00:00,761318,210,W,HV,108,62.4,108,62.4,,,,,,,,,,,34.15195,-118.13555,LAKE 1,26.12
2025-01-07 10:00:00,761322,210,W,HV,101,58.2,101,58.2,,,,,,,,,,,34.152357,-118.123714,HILL,26.8
2025-01-07 10:00:00,761325,210,W,HV,122,55.6,122,55.6,,,,,,,,,,,34.148074,-118.08377,SIERRA MADRE V1,29.17
2025-01-07 10:00:00,761431,210,W,HV,108,62.4,108,62.4,,,,,,,,,,,34.148737,-118.071321,ROSEMEAD 1,29.879
2025-01-07 10:00:00,764135,210,W,HV,108,62.4,108,62.4,,,,,,,,,,,34.152092,-118.143249,MARENGO,25.68
2025-01-07 10:00:00,764137,210,W,ML,576,60.5,98,65.6,114,63.4,99,61.7,101,59.3,92,55.3,72,55.3,34.152092,-118.143249,MARENGO,25.68
2025-01-07 10:00:00,769807,210,W,ML,331,58.1,69,68.7,98,59.7,85,53.6,79,51.6,,,,,34.197068,-118.184827,FOOTHILL,20.98
2025-01-07 10:00:00,769867,210,W,ML,225,54.8,47,71.5,71,63.5,57,50.6,50,31.7,,,,,34.218652,-118.239558,LA CRESCENTA,17.38
2025-01-07 10:00:00,769911,210,W,ML,258,47.3,56,65.8,62,44.1,49,46.9,47,33.2,44,43.7,,,34.224897,-118.251344,PENNSYLVANIA,16.58
2025-01-07 10:00:00,769926,210,W,ML,323,51.4,60,55.8,64,52.9,55,49.7,51,48.1,47,49.1,46,51.5,34.214462,-118.232443,OCEAN VIEW,17.88
2025-01-07 10:00:00,769941,210,W,ML,254,51.5,54,67.9,84,65.3,58,32.3,58,35.6,,,,,34.207101,-118.204943,ANGELES CREST HWY SB,19.58
2025-01-07 10:00:00,769953,210,W,ML,267,49.5,61,63.0,95,60.8,73,34.6,38,28.3,,,,,34.206998,-118.201441,ANGELES CREST HWY NB,19.78
2025-01-07 10:00:00,769965,210,W,ML,162,51.9,65,69.8,11,71.4,59,39.7,27,27.3,,,,,34.232554,-118.271772,HONOLULU,15.28
2025-01-07 10:00:00,769983,210,W,ML,350,45.6,94,40.4,111,50.3,75,46.0,70,44.8,,,,,34.203186,-118.191671,GOULD,20.4
2025-01-07 10:00:00,770000,210,W,ML,359,56.6,97,61.0,98,58.0,85,54.3,79,52.2,,,,,34.19198,-118.181214,BERKSHIRE,21.39
2025-01-07 10:00:00,770129,210,W,ML,233,58.1,65,66.4,85,63.2,50,44.8,33,48.7,,,,,34.234984,-118.290562,LA TUNA CANYON NB,14.18
2025-01-07 10:00:00,770141,210,W,ML,139,58.7,39,63.3,50,62.2,14,65.5,36,46.1,,,,,34.234987,-118.294031,LA TUNA CANYON SB,13.98
2025-01-07 10:00:00,770386,210,W,ML,256,43.1,68,47.3,71,44.4,62,40.1,55,39.4,,,,,34.207155,-118.2137,EB/NB 2 TO EB 210 CN,19.08
2025-01-07 10:00:00,770401,210,W,ML,451,58.8,94,63.7,137,60.5,121,57.4,99,53.5,,,,,34.211095,-118.225948,EB/NB 2 TO WB 210 CN,18.32
2025-01-07 10:00:00,770568,210,W,ML,298,30.6,101,49.8,77,41.4,68,7.6,52,7.2,,,,,34.165953,-118.157943,HAMMOND ST.,23.79
2025-01-07 10:00:00,770579,210,W,ML,136,65.4,4,74.7,35,70.8,38,66.4,59,60.9,,,,,34.156597,-118.157944,WINONA WAY,24.442
2025-01-07 10:05:00,717615,210,W,ML,314,51.7,83,56.2,86,53.2,75,48.9,70,47.3,,,,,34.182539,-118.171545,ARROYO 1,22.3
2025-01-07 10:05:00,717622,210,W,ML,277,53.6,42,74.4,73,61.3,85,42.9,77,46.6,,,,,34.176273,-118.161942,LINCOLN 1,23.0
2025-01-07 10:05:00,717624,210,W,ML,287,53.5,63,58.2,66,55.5,58,52.0,52,50.0,48,50.3,,,34.164368,-118.158093,MOUNTAIN 1,23.9
2025-01-07 10:05:00,717627,210,W,ML,88,67.2,40,69.0,48,65.7,,,,,,,,,34.15225,-118.154678,WALNUT,24.9
2025-01-07 10:05:00,717630,210,W,ML,109,62.5,23,67.8,33,64.3,29,61.0,24,56.9,,,,,34.152218,-118.14821,FAIR OAKS 1,25.4
2025-01-07 10:05:00,717632,210,W,HV,108,62.5,108,62.5,,,,,,,,,,,34.152218,-118.14821,FAIR OAKS 1,25.4
2025-01-07 10:05:00,717634,210,W,ML,471,48.7,107,53.8,106,50.8,93,46.6,86,45.1,79,45.2,,,34.15195,-118.13555,LAKE 1,26.12
2025-01-07 10:05:00,717637,210,W,ML,564,53.2,143,66.1,121,62.4,97,43.6,88,43.1,115,43.2,,,34.152357,-118.123714,HILL,26.8
2025-01-07 10:05:00,717642,210,W,ML,629,52.7,152,65.6,137,61.6,100,48.2,94,40.5,146,42.0,,,34.1527,-118.102255,ALTADENA,28.03
2025-01-07 10:05:00,717643,210,W,HV,88,59.5,88,59.5,,,,,,,,,,,34.1527,-118.102255,ALTADENA,28.03
2025-01-07 10:05:00,717644,210,W,ML,625,53.6,171,65.3,154,57.1,99,46.1,106,44.9,95,44.1,,,34.152727,-118.098063,SAN GABRIEL,28.27
2025-01-07 10:05:00,717645,210,W,HV,91,59.7,91,59.7,,,,,,,,,,,34.152727,-118.098063,SAN GABRIEL,28.27
2025-01-07 10:05:00,717649,210,W,ML,559,54.2,163,64.3,149,56.6,83,37.8,94,53.7,70,45.7,,,34.148074,-118.08377,SIERRA MADRE V1,29.17
2025-01-07 10:05:00,717653,210,W,ML,362,49.0,98,48.8,93,48.1,73,47.7,61,50.3,37,51.8,,,34.148737,-118.071321,ROSEMEAD 1,29.879
2025-01-07 10:05:00,761318,210,W,HV,108,62.5,108,62.5,,,,,,,,,,,34.15195,-118.13555,LAKE 1,26.12
2025-01-07 10:05:00,761322,210,W,HV,88,60.0,88,60.0,,,,,,,,,,,34.152357,-118.123714,HILL,26.8
2025-01-07 10:05:00,761325,210,W,HV,99,57.9,99,57.9,,,,,,,,,,,34.148074,-118.08377,SIERRA MADRE V1,29.17
2025-01-07 10:05:00,761431,210,W,HV,108,62.5,108,62.5,,,,,,,,,,,34.148737,-118.071321,ROSEMEAD 1,29.879
2025-01-07 10:05:00,764135,210,W,HV,108,62.5,108,62.5,,,,,,,,,,,34.152092,-118.143249,MARENGO,25.68
2025-01-07 10:05:00,764137,210,W,ML,572,60.6,97,65.7,113,63.5,98,61.8,101,59.4,92,55.4,71,55.4,34.152092,-118.143249,MARENGO,25.68
2025-01-07 10:05:00,769807,210,W,ML,275,59.1,43,69.9,85,61.9,76,55.3,71,53.1,,,,,34.197068,-118.184827,FOOTHILL,20.98
2025-01-07 10:05:00,769867,210,W,ML,219,55.3,56,71.3,63,64.2,45,55.5,55,28.5,,,,,34.218652,-118.239558,LA CRESCENTA,17.38
2025-01-07 10:05:00,769911,210,W,ML,247,49.1,59,66.5,59,46.9,42,49.6,46,32.4,41,45.6,,,34.224897,-118.251344,PENNSYLVANIA,16.58
2025-01-07 10:05:00,769926,210,W,ML,345,54.8,65,59.8,69,56.8,59,53.2,53,51.3,50,52.0,49,53.8,34.214462,-118.232443,OCEAN VIEW,17.88
2025-01-07 10:05:00,769941,210,W,ML,289,49.5,41,71.0,95,65.7,73,30.8,80,36.2,,,,,34.207101,-118.204943,ANGELES CREST HWY SB,19.58
2025-01-07 10:05:00,769953,210,W,ML,267,49.9,52,67.1,100,62.9,64,30.8,51,30.6,,,,,34.206998,-118.201441,ANGELES CREST HWY NB,19.78
2025-01-07 10:05:00,769965,210,W,ML,166,52.1,64,71.8,11,70.2,45,43.2,46,28.9,,,,,34.232554,-118.271772,HONOLULU,15.28
2025-01-07 10:05:00,769983,210,W,ML,332,45.4,92,40.0,108,49.6,68,46.2,64,45.1,,,,,34.203186,-118.191671,GOULD,20.4
2025-01-07 10:05:00,770000,210,W,ML,323,58.2,86,62.7,88,59.7,77,55.7,72,53.5,,,,,34.19198,-118.181214,BERKSHIRE,21.39
2025-01-07 10:05:00,770129,210,W,ML,229,57.5,68,66.3,82,63.3,42,43.2,37,44.4,,,,,34.234984,-118.290562,LA TUNA CANYON NB,14.18
2025-01-07 10:05:00,770141,210,W,ML,144,57.8,41,63.4,52,62.3,14,65.6,37,42.4,,,,,34.234987,-118.294031,LA TUNA CANYON SB,13.98
2025-01-07 10:05:00,770386,210,W,ML,334,43.5,90,47.8,91,44.9,80,40.6,73,39.9,,,,,34.207155,-118.2137,EB/NB 2 TO EB 210 CN,19.08
2025-01-07 10:05:00,770401,210,W,ML,451,58.8,94,63.7,137,60.5,121,57.4,99,53.5,,,,,34.211095,-118.225948,EB/NB 2 TO WB 210 CN,18.32
2025-01-07 10:05:00,770568,210,W,ML,285,30.9,87,56.1,61,43.7,63,7.9,74,10.4,,,,,34.165953,-118.157943,HAMMOND ST.,23.79
2025-01-07 10:05:00,770579,210,W,ML,122,65.7,8,74.7,32,69.9,30,66.8,52,61.2,,,,,34.156597,-118.157944,WINONA WAY,24.442
2025-01-07 10:10:00,717615,210,W,ML,295,47.5,79,51.9,81,49.0,71,44.6,64,43.5,,,,,34.182539,-118.171545,ARROYO 1,22.3
2025-01-07 10:10:00,717622,210,W,ML,277,54.5,53,76.0,89,60.6,66,43.0,69,41.3,,,,,34.176273,-118.161942,LINCOLN 1,23.0
2025-01-07 10:10:00,717624,210,W,ML,272,57.2,57,62.6,63,59.6,55,55.7,50,53.4,47,53.4,,,34.164368,-118.158093,MOUNTAIN 1,23.9
2025-01-07 10:10:00,717627,210,W,ML,88,67.0,40,68.9,48,65.5,,,,,,,,,34.15225,-118.154678,WALNUT,24.9
2025-01-07 10:10:00,717630,210,W,ML,105,62.6,22,67.9,32,64.4,28,61.1,23,57.0,,,,,34.152218,-118.14821,FAIR OAKS 1,25.4
2025-01-07 10:10:00,717632,210,W,HV,106,62.6,106,62.6,,,,,,,,,,,34.152218,-118.14821,FAIR OAKS 1,25.4
2025-01-07 10:10:00,717634,210,W,ML,485,50.5,108,55.8,109,52.8,96,48.6,90,46.9,82,46.8,,,34.15195,-118.13555,LAKE 1,26.12
2025-01-07 10:10:00,717637,210,W,ML,571,54.5,142,66.5,135,61.8,99,44.9,86,45.4,109,45.6,,,34.152357,-118.123714,HILL,26.8
2025-01-07 10:10:00,717642,210,W,ML,559,53.8,148,65.3,116,58.4,90,51.3,88,43.4,117,44.5,,,34.1527,-118.102255,ALTADENA,28.03
2025-01-07 10:10:00,717643,210,W,HV,85,60.1,85,60.1,,,,,,,,,,,34.1527,-118.102255,ALTADENA,28.03
2025-01-07 10:10:00,717644,210,W,ML,577,54.6,163,65.9,135,56.1,108,47.1,89,46.8,82,47.7,,,34.152727,-118.098063,SAN GABRIEL,28.27
2025-01-07 10:10:00,717645,210,W,HV,88,60.2,88,60.2,,,,,,,,,,,34.152727,-118.098063,SAN GABRIEL,28.27
2025-01-07 10:10:00,717649,210,W,ML,553,54.4,165,65.7,147,57.6,90,39.0,87,55.1,64,38.4,,,34.148074,-118.08377,SIERRA MADRE V1,29.17
2025-01-07 10:10:00,717653,210,W,ML,382,44.7,102,41.7,98,42.1,77,45.6,65,49.0,40,50.1,,,34.148737,-118.071321,ROSEMEAD 1,29.879
2025-01-07 10:10:00,761318,210,W,HV,106,62.6,106,62.6,,,,,,,,,,,34.15195,-118.13555,LAKE 1,26.12
2025-01-07 10:10:00,761322,210,W,HV,79,60.9,79,60.9,,,,,,,,,,,34.152357,-118.123714,HILL,26.8
2025-01-07 10:10:00,761325,210,W,HV,95,59.2,95,59.2,,,,,,,,,,,34.148074,-118.08377,SIERRA MADRE V1,29.17
2025-01-07 10:10:00,761431,210,W,HV,106,62.6,106,62.6,,,,,,,,,,,34.148737,-118.071321,ROSEMEAD 1,29.879
2025-01-07 10:10:00,764135,210,W,HV,106,62.6,106,62.6,,,,,,,,,,,34.152092,-118.143249,MARENGO,25.68
2025-01-07 10:10:00,764137,210,W,ML,574,60.4,97,65.6,113,63.4,99,61.7,101,59.3,92,55.3,72,55.3,34.152092,-118.143249,MARENGO,25.68
2025-01-07 10:10:00,769807,210,W,ML,288,60.8,67,69.6,80,63.2,73,56.3,68,54.0,,,,,34.197068,-118.184827,FOOTHILL,20.98
2025-01-07 10:10:00,769867,210,W,ML,232,56.5,53,70.8,73,65.0,57,51.6,49,33.9,,,,,34.218652,-118.239558,LA CRESCENTA,17.38
2025-01-07 10:10:00,769911,210,W,ML,273,51.0,59,68.5,63,49.3,55,53.5,50,32.9,46,47.7,,,34.224897,-118.251344,PENNSYLVANIA,16.58
2025-01-07 10:10:00,769926,210,W,ML,319,52.0,59,56.6,63,53.7,54,50.4,51,48.7,47,49.7,45,52.0,34.214462,-118.232443,OCEAN VIEW,17.88
2025-01-07 10:10:00,769941,210,W,ML,284,54.6,71,71.4,73,66.3,65,39.2,75,40.6,,,,,34.207101,-118.204943,ANGELES CREST HWY SB,19.58
2025-01-07 10:10:00,769953,210,W,ML,254,54.1,69,68.0,73,62.5,66,40.9,46,38.8,,,,,34.206998,-118.201441,ANGELES CREST HWY NB,19.78
2025-01-07 10:10:00,769965,210,W,ML,183,52.7,65,71.8,11,70.6,63,46.2,44,29.2,,,,,34.232554,-118.271772,HONOLULU,15.28
2025-01-07 10:10:00,769983,210,W,ML,297,48.9,79,44.3,92,52.9,65,49.7,61,48.2,,,,,34.203186,-118.191671,GOULD,20.4
2025-01-07 10:10:00,770000,210,W,ML,308,59.1,81,63.7,84,60.7,74,56.6,69,54.3,,,,,34.19198,-118.181214,BERKSHIRE,21.39
2025-01-07 10:10:00,770129,210,W,ML,226,57.2,58,66.9,73,65.2,52,43.4,43,47.2,,,,,34.234984,-118.290562,LA TUNA CANYON NB,14.18
2025-01-07 10:10:00,770141,210,W,ML,170,59.6,51,65.3,60,63.6,16,65.8,43,44.8,,,,,34.234987,-118.294031,LA TUNA CANYON SB,13.98
2025-01-07 10:10:00,770386,210,W,ML,287,46.9,75,51.4,78,48.4,69,44.1,65,43.0,,,,,34.207155,-118.2137,EB/NB 2 TO EB 210 CN,19.08
2025-01-07 10:10:00,770401,210,W,ML,455,58.7,95,63.6,138,60.4,122,57.3,100,53.4,,,,,34.211095,-118.225948,EB/NB 2 TO WB 210 CN,18.32
2025-01-07 10:10:00,770568,210,W,ML,281,36.5,56,62.6,51,54.8,97,23.7,77,21.5,,,,,34.165953,-118.157943,HAMMOND ST.,23.79
2025-01-07 10:10:00,770579,210,W,ML,130,66.5,18,74.4,32,69.7,31,67.0,49,61.1,,,,,34.156597,-118.157944,WINONA WAY,24.442
2025-01-07 10:15:00,717615,210,W,ML,241,46.6,62,50.4,67,47.7,58,44.4,54,43.3,,,,,34.182539,-118.171545,ARROYO 1,22.3
2025-01-07 10:15:00,717622,210,W,ML,232,53.8,41,76.4,78,60.4,63,43.9,50,37.4,,,,,34.176273,-118.161942,LINCOLN 1,23.0
2025-01-07 10:15:00,717624,210,W,ML,305,58.7,66,64.2,70,61.1,61,57.1,56,54.7,52,54.5,,,34.164368,-118.158093,MOUNTAIN 1,23.9
2025-01-07 10:15:00,717627,210,W,ML,89,67.3,41,69.1,48,65.7,,,,,,,,,34.15225,-118.154678,WALNUT,24.9
2025-01-07 10:15:00,717630,210,W,ML,105,62.7,22,68.0,32,64.5,28,61.2,23,57.1,,,,,34.152218,-118.14821,FAIR OAKS 1,25.4
2025-01-07 10:15:00,717632,210,W,HV,106,62.7,106,62.7,,,,,,,,,,,34.152218,-118.14821,FAIR OAKS 1,25.4
2025-01-07 10:15:00,717634,210,W,ML,440,49.4,98,54.5,100,51.5,88,47.4,81,45.8,73,45.8,,,34.15195,-118.13555,LAKE 1,26.12
2025-01-07 10:15:00,717637,210,W,ML,524,53.9,154,66.7,119,60.3,78,40.9,81,42.5,92,45.4,,,34.152357,-118.123714,HILL,26.8
2025-01-07 10:15:00,717642,210,W,ML,572,54.0,146,65.6,121,59.8,91,50.9,88,42.6,126,45.0,,,34.1527,-118.102255,ALTADENA,28.03
2025-01-07 10:15:00,717643,210,W,HV,69,61.6,69,61.6,,,,,,,,,,,34.1527,-118.102255,ALTADENA,28.03
2025-01-07 10:15:00,717644,210,W,ML,591,53.6,164,66.0,136,55.6,108,46.7,94,43.8,89,46.7,,,34.152727,-118.098063,SAN GABRIEL,28.27
2025-01-07 10:15:00,717645,210,W,HV,72,61.2,72,61.2,,,,,,,,,,,34.152727,-118.098063,SAN GABRIEL,28.27
2025-01-07 10:15:00,717649,210,W,ML,557,53.8,157,65.8,132,56.1,95,38.4,91,54.2,82,44.7,,,34.148074,-118.08377,SIERRA MADRE V1,29.17
2025-01-07 10:15:00,717653,210,W,ML,423,48.1,113,47.8,108,47.2,85,46.8,72,49.6,45,51.3,,,34.148737,-118.071321,ROSEMEAD 1,29.879
2025-01-07 10:15:00,761318,210,W,HV,106,62.7,106,62.7,,,,,,,,,,,34.15195,-118.13555,LAKE 1,26.12
2025-01-07 10:15:00,761322,210,W,HV,82,62.7,82,62.7,,,,,,,,,,,34.152357,-118.123714,HILL,26.8
2025-01-07 10:15:00,761325,210,W,HV,73,60.2,73,60.2,,,,,,,,,,,34.148074,-118.08377,SIERRA MADRE V1,29.17
2025-01-07 10:15:00,761431,210,W,HV,106,62.7,106,62.7,,,,,,,,,,,34.148737,-118.071321,ROSEMEAD 1,29.879
2025-01-07 10:15:00,764135,210,W,HV,106,62.7,106,62.7,,,,,,,,,,,34.152092,-118.143249,MARENGO,25.68
2025-01-07 10:15:00,764137,210,W,ML,576,60.5,98,65.6,114,63.4,99,61.7,101,59.3,92,55.3,72,55.3,34.152092,-118.143249,MARENGO,25.68
2025-01-07 10:15:00,769807,210,W,ML,262,60.5,30,72.2,85,64.2,76,57.1,71,54.7,,,,,34.197068,-118.184827,FOOTHILL,20.98
2025-01-07 10:15:00,769867,210,W,ML,237,57.8,70,72.2,66,65.3,54,52.2,47,32.2,,,,,34.218652,-118.239558,LA CRESCENTA,17.38
2025-01-07 10:15:00,769911,210,W,ML,282,54.2,69,69.4,61,54.3,56,52.6,51,39.7,45,48.9,,,34.224897,-118.251344,PENNSYLVANIA,16.58
2025-01-07 10:15:00,769926,210,W,ML,309,52.5,57,57.1,61,54.1,53,50.8,49,49.1,45,50.0,44,52.2,34.214462,-118.232443,OCEAN VIEW,17.88
2025-01-07 10:15:00,769941,210,W,ML,274,56.5,85,73.1,68,65.8,59,37.7,62,41.5,,,,,34.207101,-118.204943,ANGELES CREST HWY SB,19.58
2025-01-07 10:15:00,769953,210,W,ML,250,54.6,76,69.1,74,62.1,55,39.2,45,36.4,,,,,34.206998,-118.201441,ANGELES CREST HWY NB,19.78
2025-01-07 10:15:00,769965,210,W,ML,180,58.1,71,72.2,11,70.6,69,53.4,29,30.0,,,,,34.232554,-118.271772,HONOLULU,15.28
2025-01-07 10:15:00,769983,210,W,ML,277,48.0,74,43.3,85,52.2,61,48.7,57,47.2,,,,,34.203186,-118.191671,GOULD,20.4
2025-01-07 10:15:00,770000,210,W,ML,323,59.8,86,64.5,88,61.4,77,57.3,72,54.9,,,,,34.19198,-118.181214,BERKSHIRE,21.39
2025-01-07 10:15:00,770129,210,W,ML,243,61.8,71,67.4,80,65.5,62,56.7,30,49.5,,,,,34.234984,-118.290562,LA TUNA CANYON NB,14.18
2025-01-07 10:15:00,770141,210,W,ML,177,60.2,53,65.6,62,63.8,17,65.8,45,46.8,,,,,34.234987,-118.294031,LA TUNA CANYON SB,13.98
2025-01-07 10:15:00,770386,210,W,ML,269,47.7,71,52.1,75,49.1,65,44.8,58,43.7,,,,,34.207155,-118.2137,EB/NB 2 TO EB 210 CN,19.08
2025-01-07 10:15:00,770401,210,W,ML,457,58.8,96,63.7,139,60.5,122,57.4,100,53.5,,,,,34.211095,-118.225948,EB/NB 2 TO WB 210 CN,18.32
2025-01-07 10:15:00,770568,210,W,ML,328,45.3,93,65.6,70,59.0,92,27.6,73,28.5,,,,,34.165953,-118.157943,HAMMOND ST.,23.79
2025-01-07 10:15:00,770579,210,W,ML,131,66.3,15,74.5,33,70.0,33,67.1,50,61.0,,,,,34.156597,-118.157944,WINONA WAY,24.442
2025-01-07 10:20:00,717615,210,W,ML,238,43.8,61,48.1,66,45.2,57,40.9,54,40.2,,,,,34.182539,-118.171545,ARROYO 1,22.3
2025-01-07 10:20:00,717622,210,W,ML,226,50.6,40,75.6,77,55.7,62,38.9,47,36.6,,,,,34.176273,-118.161942,LINCOLN 1,23.0
2025-01-07 10:20:00,717624,210,W,ML,269,60.5,57,66.4,62,63.2,54,58.9,49,56.3,47,56.0,,,34.164368,-118.158093,MOUNTAIN 1,23.9
2025-01-07 10:20:00,717627,210,W,ML,87,67.0,41,68.8,46,65.4,,,,,,,,,34.15225,-118.154678,WALNUT,24.9
2025-01-07 10:20:00,717630,210,W,ML,106,62.7,22,68.0,32,64.5,29,61.2,23,57.1,,,,,34.152218,-118.14821,FAIR OAKS 1,25.4
2025-01-07 10:20:00,717632,210,W,HV,107,62.7,107,62.7,,,,,,,,,,,34.152218,-118.14821,FAIR OAKS 1,25.4
2025-01-07 10:20:00,717634,210,W,ML,481,47.5,109,52.5,109,49.5,95,45.4,88,44.0,80,44.4,,,34.15195,-118.13555,LAKE 1,26.12
2025-01-07 10:20:00,717637,210,W,ML,549,53.3,139,68.1,128,61.6,86,43.9,88,42.8,108,40.6,,,34.152357,-118.123714,HILL,26.8
2025-01-07 10:20:00,717642,210,W,ML,546,56.0,146,68.4,119,62.6,87,51.2,81,41.9,113,46.9,,,34.1527,-118.102255,ALTADENA,28.03
2025-01-07 10:20:00,717643,210,W,HV,71,62.4,71,62.4,,,,,,,,,,,34.1527,-118.102255,ALTADENA,28.03
2025-01-07 10:20:00,717644,210,W,ML,557,55.0,156,68.3,135,57.1,100,47.4,90,44.9,76,45.8,,,34.152727,-118.098063,SAN GABRIEL,28.27
2025-01-07 10:20:00,717645,210,W,HV,70,62.4,70,62.4,,,,,,,,,,,34.152727,-118.098063,SAN GABRIEL,28.27
2025-01-07 10:20:00,717649,210,W,ML,506,56.4,149,68.0,136,58.2,76,41.6,82,54.4,63,45.9,,,34.148074,-118.08377,SIERRA MADRE V1,29.17
2025-01-07 10:20:00,717653,210,W,ML,327,49.1,89,49.0,85,48.3,67,47.9,54,50.4,32,51.9,,,34.148737,-118.071321,ROSEMEAD 1,29.879
2025-01-07 10:20:00,761318,210,W,HV,107,62.7,107,62.7,,,,,,,,,,,34.15195,-118.13555,LAKE 1,26.12
2025-01-07 10:20:00,761322,210,W,HV,70,62.6,70,62.6,,,,,,,,,,,34.152357,-118.123714,HILL,26.8
2025-01-07 10:20:00,761325,210,W,HV,76,61.3,76,61.3,,,,,,,,,,,34.148074,-118.08377,SIERRA MADRE V1,29.17
2025-01-07 10:20:00,761431,210,W,HV,107,62.7,107,62.7,,,,,,,,,,,34.148737,-118.071321,ROSEMEAD 1,29.879
2025-01-07 10:20:00,764135,210,W,HV,107,62.7,107,62.7,,,,,,,,,,,34.152092,-118.143249,MARENGO,25.68
2025-01-07 10:20:00,764137,210,W,ML,582,60.4,99,65.5,115,63.3,100,61.6,102,59.2,93,55.2,73,55.2,34.152092,-118.143249,MARENGO,25.68
2025-01-07 10:20:00,769807,210,W,ML,246,59.0,45,71.1,71,61.1,67,54.7,63,52.6,,,,,34.197068,-118.184827,FOOTHILL,20.98
2025-01-07 10:20:00,769867,210,W,ML,203,55.6,51,70.4,59,64.8,40,55.7,53,31.2,,,,,34.218652,-118.239558,LA CRESCENTA,17.38
2025-01-07 10:20:00,769911,210,W,ML,250,53.2,52,70.6,59,49.9,50,57.6,47,37.1,42,49.2,,,34.224897,-118.251344,PENNSYLVANIA,16.58
2025-01-07 10:20:00,769926,210,W,ML,336,54.9,63,60.0,67,57.0,58,53.4,51,51.4,49,52.1,48,53.9,34.214462,-118.232443,OCEAN VIEW,17.88
2025-01-07 10:20:00,769941,210,W,ML,206,54.1,46,74.2,65,62.3,44,36.2,51,41.0,,,,,34.207101,-118.204943,ANGELES CREST HWY SB,19.58
2025-01-07 10:20:00,769953,210,W,ML,219,52.0,51,69.9,73,62.8,50,33.8,45,34.5,,,,,34.206998,-118.201441,ANGELES CREST HWY NB,19.78
2025-01-07 10:20:00,769965,210,W,ML,168,54.2,69,71.9,6,70.6,49,46.9,44,32.3,,,,,34.232554,-118.271772,HONOLULU,15.28
2025-01-07 10:20:00,769983,210,W,ML,266,46.5,71,41.3,81,50.6,59,47.5,55,46.2,,,,,34.203186,-118.191671,GOULD,20.4
2025-01-07 10:20:00,770000,210,W,ML,281,57.6,73,62.1,77,59.1,68,55.2,63,53.0,,,,,34.19198,-118.181214,BERKSHIRE,21.39
2025-01-07 10:20:00,770129,210,W,ML,252,61.9,62,68.0,94,67.6,57,52.1,39,52.9,,,,,34.234984,-118.290562,LA TUNA CANYON NB,14.18
2025-01-07 10:20:00,770141,210,W,ML,161,62.1,47,67.7,57,65.3,16,66.1,41,49.7,,,,,34.234987,-118.294031,LA TUNA CANYON SB,13.98
2025-01-07 10:20:00,770386,210,W,ML,231,47.3,61,51.7,65,48.7,56,44.4,49,43.3,,,,,34.207155,-118.2137,EB/NB 2 TO EB 210 CN,19.08
2025-01-07 10:20:00,770401,210,W,ML,455,58.8,95,63.7,138,60.5,122,57.4,100,53.5,,,,,34.211095,-118.225948,EB/NB 2 TO WB 210 CN,18.32
2025-01-07 10:20:00,770568,210,W,ML,219,46.7,38,69.9,48,65.2,83,34.8,50,31.1,,,,,34.165953,-118.157943,HAMMOND ST.,23.79
2025-01-07 10:20:00,770579,210,W,ML,147,65.2,14,74.5,29,70.1,39,66.2,65,60.4,,,,,34.156597,-118.157944,WINONA WAY,24.442
2025-01-07 10:25:00,717615,210,W,ML,216,42.7,55,46.3,60,43.6,52,40.6,49,39.9,,,,,34.182539,-118.171545,ARROYO 1,22.3
2025-01-07 10:25:00,717622,210,W,ML,208,50.6,27,75.8,83,58.5,55,38.8,43,34.4,,,,,34.176273,-118.161942,LINCOLN 1,23.0
2025-01-07 10:25:00,717624,210,W,ML,280,61.7,60,67.7,65,64.4,56,60.1,51,57.4,48,57.0,,,34.164368,-118.158093,MOUNTAIN 1,23.9
2025-01-07 10:25:00,717627,210,W,ML,82,66.9,37,68.8,45,65.4,,,,,,,,,34.15225,-118.154678,WALNUT,24.9
2025-01-07 10:25:00,717630,210,W,ML,105,62.7,22,68.0,32,64.5,28,61.2,23,57.1,,,,,34.152218,-118.14821,FAIR OAKS 1,25.4
2025-01-07 10:25:00,717632,210,W,HV,106,62.7,106,62.7,,,,,,,,,,,34.152218,-118.14821,FAIR OAKS 1,25.4
2025-01-07 10:25:00,717634,210,W,ML,433,48.8,96,53.6,98,50.6,86,46.9,80,45.4,73,45.8,,,34.15195,-118.13555,LAKE 1,26.12
2025-01-07 10:25:00,717637,210,W,ML,512,55.7,145,69.4,119,62.8,90,46.7,67,42.6,91,43.3,,,34.152357,-118.123714,HILL,26.8
2025-01-07 10:25:00,717642,210,W,ML,548,57.1,145,69.2,112,61.9,86,53.0,83,44.2,122,50.1,,,34.1527,-118.102255,ALTADENA,28.03
2025-01-07 10:25:00,717643,210,W,HV,83,62.5,83,62.5,,,,,,,,,,,34.1527,-118.102255,ALTADENA,28.03
2025-01-07 10:25:00,717644,210,W,ML,532,55.0,162,68.6,125,58.3,103,48.9,57,30.0,85,48.6,,,34.152727,-118.098063,SAN GABRIEL,28.27
2025-01-07 10:25:00,717645,210,W,HV,85,62.4,85,62.4,,,,,,,,,,,34.152727,-118.098063,SAN GABRIEL,28.27
2025-01-07 10:25:00,717649,210,W,ML,534,57.5,154,69.8,136,58.9,86,42.8,87,55.5,71,48.8,,,34.148074,-118.08377,SIERRA MADRE V1,29.17
2025-01-07 10:25:00,717653,210,W,ML,368,51.6,99,51.9,95,51.0,74,50.5,62,52.4,38,53.2,,,34.148737,-118.071321,ROSEMEAD 1,29.879
2025-01-07 10:25:00,761318,210,W,HV,106,62.7,106,62.7,,,,,,,,,,,34.15195,-118.13555,LAKE 1,26.12
2025-01-07 10:25:00,761322,210,W,HV,80,64.0,80,64.0,,,,,,,,,,,34.152357,-118.123714,HILL,26.8
2025-01-07 10:25:00,761325,210,W,HV,85,61.1,85,61.1,,,,,,,,,,,34.148074,-118.08377,SIERRA MADRE V1,29.17
2025-01-07 10:25:00,761431,210,W,HV,106,62.7,106,62.7,,,,,,,,,,,34.148737,-118.071321,ROSEMEAD 1,29.879
2025-01-07 10:25:00,764135,210,W,HV,106,62.7,106,62.7,,,,,,,,,,,34.152092,-118.143249,MARENGO,25.68
2025-01-07 10:25:00,764137,210,W,ML,578,60.6,98,65.8,114,63.6,99,61.9,102,59.5,93,55.5,72,55.5,34.152092,-118.143249,MARENGO,25.68
2025-01-07 10:25:00,769807,210,W,ML,267,58.8,66,71.5,71,59.1,67,53.1,63,51.2,,,,,34.197068,-118.184827,FOOTHILL,20.98
2025-01-07 10:25:00,769867,210,W,ML,208,56.6,56,71.4,61,64.8,52,52.2,39,28.3,,,,,34.218652,-118.239558,LA CRESCENTA,17.38
2025-01-07 10:25:00,769911,210,W,ML,238,52.8,59,69.9,54,50.4,41,55.0,46,35.4,38,48.3,,,34.224897,-118.251344,PENNSYLVANIA,16.58
2025-01-07 10:25:00,769926,210,W,ML,292,52.4,53,57.1,57,54.1,51,50.8,47,49.1,44,50.0,40,52.2,34.214462,-118.232443,OCEAN VIEW,17.88
2025-01-07 10:25:00,769941,210,W,ML,213,52.2,49,74.9,66,61.1,52,32.4,46,37.8,,,,,34.207101,-118.204943,ANGELES CREST HWY SB,19.58
2025-01-07 10:25:00,769953,210,W,ML,207,49.8,47,69.8,67,60.5,57,31.8,36,32.4,,,,,34.206998,-118.201441,ANGELES CREST HWY NB,19.78
2025-01-07 10:25:00,769965,210,W,ML,135,54.1,52,71.7,6,70.7,44,47.5,33,32.3,,,,,34.232554,-118.271772,HONOLULU,15.28
2025-01-07 10:25:00,769983,210,W,ML,269,44.9,71,39.0,82,49.2,60,46.0,56,44.8,,,,,34.203186,-118.191671,GOULD,20.4
2025-01-07 10:25:00,770000,210,W,ML,281,56.1,73,60.5,77,57.6,68,53.9,63,51.8,,,,,34.19198,-118.181214,BERKSHIRE,21.39
2025-01-07 10:25:00,770129,210,W,ML,196,61.5,51,68.6,69,66.1,45,52.0,31,53.6,,,,,34.234984,-118.290562,LA TUNA CANYON NB,14.18
2025-01-07 10:25:00,770141,210,W,ML,124,61.2,34,66.2,45,64.3,12,65.9,33,50.3,,,,,34.234987,-118.294031,LA TUNA CANYON SB,13.98
2025-01-07 10:25:00,770386,210,W,ML,215,44.8,56,49.1,60,46.2,52,41.8,47,41.0,,,,,34.207155,-118.2137,EB/NB 2 TO EB 210 CN,19.08
2025-01-07 10:25:00,770401,210,W,ML,461,58.9,96,63.9,140,60.6,124,57.5,101,53.6,,,,,34.211095,-118.225948,EB/NB 2 TO WB 210 CN,18.32
2025-01-07 10:25:00,770568,210,W,ML,267,49.2,37,72.9,63,68.0,88,39.8,79,33.5,,,,,34.165953,-118.157943,HAMMOND ST.,23.79
2025-01-07 10:25:00,770579,210,W,ML,106,65.9,12,74.5,29,69.6,21,66.5,44,60.9,,,,,34.156597,-118.157944,WINONA WAY,24.442
2025-01-07 10:30:00,717615,210,W,ML,159,43.0,41,46.5,46,43.9,39,40.9,33,40.1,,,,,34.182539,-118.171545,ARROYO 1,22.3
2025-01-07 10:30:00,717622,210,W,ML,150,53.4,32,75.7,54,61.0,33,39.2,31,32.2,,,,,34.176273,-118.161942,LINCOLN 1,23.0
2025-01-07 10:30:00,717624,210,W,ML,246,62.3,51,68.5,57,65.2,49,60.7,44,58.0,45,57.6,,,34.164368,-118.158093,MOUNTAIN 1,23.9
2025-01-07 10:30:00,717627,210,W,ML,75,67.4,33,69.3,42,65.9,,,,,,,,,34.15225,-118.154678,WALNUT,24.9
2025-01-07 10:30:00,717630,210,W,ML,106,62.8,22,68.1,32,64.6,29,61.3,23,57.2,,,,,34.152218,-118.14821,FAIR OAKS 1,25.4
2025-01-07 10:30:00,717632,210,W,HV,107,62.8,107,62.8,,,,,,,,,,,34.152218,-118.14821,FAIR OAKS 1,25.4
2025-01-07 10:30:00,717634,210,W,ML,464,49.8,105,54.7,105,51.7,91,47.9,85,46.3,78,46.6,,,34.15195,-118.13555,LAKE 1,26.12
2025-01-07 10:30:00,717637,210,W,ML,558,55.3,143,69.3,119,63.8,95,46.7,86,42.8,115,45.6,,,34.152357,-118.123714,HILL,26.8
2025-01-07 10:30:00,717642,210,W,ML,576,57.9,149,69.4,122,64.4,92,54.1,88,44.0,125,50.5,,,34.1527,-118.102255,ALTADENA,28.03
2025-01-07 10:30:00,717643,210,W,HV,72,62.4,72,62.4,,,,,,,,,,,34.1527,-118.102255,ALTADENA,28.03
2025-01-07 10:30:00,717644,210,W,ML,575,54.9,157,69.4,135,61.0,108,51.3,91,31.2,84,48.4,,,34.152727,-118.098063,SAN GABRIEL,28.27
2025-01-07 10:30:00,717645,210,W,HV,71,63.3,71,63.3,,,,,,,,,,,34.152727,-118.098063,SAN GABRIEL,28.27
2025-01-07 10:30:00,717649,210,W,ML,519,58.7,145,69.4,134,62.0,96,44.9,88,56.0,56,51.2,,,34.148074,-118.08377,SIERRA MADRE V1,29.17
2025-01-07 10:30:00,717653,210,W,ML,407,53.7,109,54.2,104,53.3,82,52.8,69,54.0,43,54.3,,,34.148737,-118.071321,ROSEMEAD 1,29.879
2025-01-07 10:30:00,761318,210,W,HV,107,62.8,107,62.8,,,,,,,,,,,34.15195,-118.13555,LAKE 1,26.12
2025-01-07 10:30:00,761322,210,W,HV,73,63.2,73,63.2,,,,,,,,,,,34.152357,-118.123714,HILL,26.8
2025-01-07 10:30:00,761325,210,W,HV,81,61.8,81,61.8,,,,,,,,,,,34.148074,-118.08377,SIERRA MADRE V1,29.17
2025-01-07 10:30:00,761431,210,W,HV,107,62.8,107,62.8,,,,,,,,,,,34.148737,-118.071321,ROSEMEAD 1,29.879
2025-01-07 10:30:00,764135,210,W,HV,107,62.8,107,62.8,,,,,,,,,,,34.152092,-118.143249,MARENGO,25.68
2025-01-07 10:30:00,764137,210,W,ML,584,60.4,99,65.6,115,63.4,100,61.7,103,59.3,94,55.3,73,55.3,34.152092,-118.143249,MARENGO,25.68
2025-01-07 10:30:00,769807,210,W,ML,210,59.2,38,73.9,58,60.9,59,54.5,55,52.4,,,,,34.197068,-118.184827,FOOTHILL,20.98
2025-01-07 10:30:00,769867,210,W,ML,200,55.6,47,71.0,56,65.3,51,55.2,46,28.5,,,,,34.218652,-118.239558,LA CRESCENTA,17.38
2025-01-07 10:30:00,769911,210,W,ML,239,51.6,50,69.6,57,49.6,50,53.1,40,34.3,42,47.7,,,34.224897,-118.251344,PENNSYLVANIA,16.58
2025-01-07 10:30:00,769926,210,W,ML,302,54.6,56,59.6,60,56.6,52,53.0,47,51.1,44,51.8,43,53.7,34.214462,-118.232443,OCEAN VIEW,17.88
2025-01-07 10:30:00,769941,210,W,ML,206,50.2,38,74.3,58,64.8,51,35.1,59,33.5,,,,,34.207101,-118.204943,ANGELES CREST HWY SB,19.58
2025-01-07 10:30:00,769953,210,W,ML,194,50.6,41,70.3,64,63.1,47,35.8,42,28.9,,,,,34.206998,-118.201441,ANGELES CREST HWY NB,19.78
2025-01-07 10:30:00,769965,210,W,ML,162,52.1,60,71.3,6,70.8,51,46.5,45,30.5,,,,,34.232554,-118.271772,HONOLULU,15.28
2025-01-07 10:30:00,769983,210,W,ML,242,46.7,65,42.4,73,51.3,54,46.9,50,45.5,,,,,34.203186,-118.191671,GOULD,20.4
2025-01-07 10:30:00,770000,210,W,ML,245,57.4,62,61.9,67,58.9,60,55.1,56,52.9,,,,,34.19198,-118.181214,BERKSHIRE,21.39
2025-01-07 10:30:00,770129,210,W,ML,218,61.6,68,69.2,70,66.2,41,52.1,39,49.8,,,,,34.234984,-118.290562,LA TUNA CANYON NB,14.18
2025-01-07 10:30:00,770141,210,W,ML,154,60.7,45,66.3,55,64.3,15,65.9,39,47.1,,,,,34.234987,-118.294031,LA TUNA CANYON SB,13.98
2025-01-07 10:30:00,770386,210,W,ML,244,41.3,62,45.6,67,42.8,59,38.4,56,38.0,,,,,34.207155,-118.2137,EB/NB 2 TO EB 210 CN,19.08
2025-01-07 10:30:00,770401,210,W,ML,460,58.9,96,63.9,140,60.6,123,57.5,101,53.6,,,,,34.211095,-118.225948,EB/NB 2 TO WB 210 CN,18.32
2025-01-07 10:30:00,770568,210,W,ML,292,53.1,52,72.7,54,69.1,113,48.7,73,34.0,,,,,34.165953,-118.157943,HAMMOND ST.,23.79
2025-01-07 10:30:00,770579,210,W,ML,91,66.5,7,74.7,24,70.5,26,66.8,34,61.7,,,,,34.156597,-118.157944,WINONA WAY,24.442
2025-01-07 10:35:00,717615,210,W,ML,248,45.7,66,49.3,69,46.6,60,43.4,53,42.4,,,,,34.182539,-118.171545,ARROYO 1,22.3
2025-01-07 10:35:00,717622,210,W,ML,204,51.5,26,75.9,67,60.8,55,42.6,56,37.7,,,,,34.176273,-118.161942,LINCOLN 1,23.0
2025-01-07 10:35:00,717624,210,W,ML,322,61.8,69,67.9,73,64.6,64,60.2,59,57.5,57,57.1,,,34.164368,-118.158093,MOUNTAIN 1,23.9
2025-01-07 10:35:00,717627,210,W,ML,106,67.1,51,68.9,55,65.5,,,,,,,,,34.15225,-118.154678,WALNUT,24.9
2025-01-07 10:35:00,717630,210,W,ML,105,62.7,22,68.0,32,64.5,28,61.2,23,57.1,,,,,34.152218,-118.14821,FAIR OAKS 1,25.4
2025-01-07 10:35:00,717632,210,W,HV,106,62.7,106,62.7,,,,,,,,,,,34.152218,-118.14821,FAIR OAKS 1,25.4
2025-01-07 10:35:00,717634,210,W,ML,442,52.2,100,57.5,100,54.4,87,50.3,81,48.5,74,48.2,,,34.15195,-118.13555,LAKE 1,26.12
2025-01-07 10:35:00,717637,210,W,ML,527,57.3,142,70.2,110,65.8,86,46.5,83,44.6,106,50.1,,,34.152357,-118.123714,HILL,26.8
2025-01-07 10:35:00,717642,210,W,ML,556,59.2,139,69.9,128,66.5,94,54.6,87,44.6,108,52.3,,,34.1527,-118.102255,ALTADENA,28.03
2025-01-07 10:35:00,717643,210,W,HV,56,63.8,56,63.8,,,,,,,,,,,34.1527,-118.102255,ALTADENA,28.03
2025-01-07 10:35:00,717644,210,W,ML,580,56.9,152,69.7,139,61.4,102,53.3,103,41.8,84,49.2,,,34.152727,-118.098063,SAN GABRIEL,28.27
2025-01-07 10:35:00,717645,210,W,HV,62,63.9,62,63.9,,,,,,,,,,,34.152727,-118.098063,SAN GABRIEL,28.27
2025-01-07 10:35:00,717649,210,W,ML,527,60.0,142,70.1,147,63.9,92,46.9,88,56.7,58,51.1,,,34.148074,-118.08377,SIERRA MADRE V1,29.17
2025-01-07 10:35:00,717653,210,W,ML,391,53.6,105,54.1,100,53.2,79,52.7,66,53.9,41,54.3,,,34.148737,-118.071321,ROSEMEAD 1,29.879
2025-01-07 10:35:00,761318,210,W,HV,106,62.7,106,62.7,,,,,,,,,,,34.15195,-118.13555,LAKE 1,26.12
2025-01-07 10:35:00,761322,210,W,HV,60,64.4,60,64.4,,,,,,,,,,,34.152357,-118.123714,HILL,26.8
2025-01-07 10:35:00,761325,210,W,HV,64,62.3,64,62.3,,,,,,,,,,,34.148074,-118.08377,SIERRA MADRE V1,29.17
2025-01-07 10:35:00,761431,210,W,HV,106,62.7,106,62.7,,,,,,,,,,,34.148737,-118.071321,ROSEMEAD 1,29.879
2025-01-07 10:35:00,764135,210,W,HV,106,62.7,106,62.7,,,,,,,,,,,34.152092,-118.143249,MARENGO,25.68
2025-01-07 10:35:00,764137,210,W,ML,588,60.5,100,65.6,116,63.4,101,61.7,104,59.3,94,55.3,73,55.3,34.152092,-118.143249,MARENGO,25.68
2025-01-07 10:35:00,769807,210,W,ML,243,60.5,49,73.9,68,62.2,65,55.5,61,53.3,,,,,34.197068,-118.184827,FOOTHILL,20.98
2025-01-07 10:35:00,769867,210,W,ML,184,56.0,51,70.6,54,63.0,40,55.8,39,27.5,,,,,34.218652,-118.239558,LA CRESCENTA,17.38
2025-01-07 10:35:00,769911,210,W,ML,225,50.4,45,69.9,53,48.1,44,52.7,45,34.2,38,47.1,,,34.224897,-118.251344,PENNSYLVANIA,16.58
2025-01-07 10:35:00,769926,210,W,ML,268,55.0,50,60.1,54,57.0,46,53.4,40,51.5,39,52.2,39,53.9,34.214462,-118.232443,OCEAN VIEW,17.88
2025-01-07 10:35:00,769941,210,W,ML,229,55.3,53,71.1,79,67.3,56,41.0,41,31.2,,,,,34.207101,-118.204943,ANGELES CREST HWY SB,19.58
2025-01-07 10:35:00,769953,210,W,ML,249,53.5,60,69.8,79,64.4,61,42.4,49,29.7,,,,,34.206998,-118.201441,ANGELES CREST HWY NB,19.78
2025-01-07 10:35:00,769965,210,W,ML,138,53.1,49,72.1,9,70.4,42,44.7,38,33.9,,,,,34.232554,-118.271772,HONOLULU,15.28
2025-01-07 10:35:00,769983,210,W,ML,292,49.8,80,46.1,92,54.0,62,49.7,58,48.1,,,,,34.203186,-118.191671,GOULD,20.4
2025-01-07 10:35:00,770000,210,W,ML,274,58.3,71,62.9,75,59.9,66,55.9,62,53.7,,,,,34.19198,-118.181214,BERKSHIRE,21.39
2025-01-07 10:35:00,770129,210,W,ML,195,61.7,46,71.7,73,68.3,42,50.3,34,47.9,,,,,34.234984,-118.290562,LA TUNA CANYON NB,14.18
2025-01-07 10:35:00,770141,210,W,ML,132,61.3,37,68.4,48,65.8,13,66.0,34,45.4,,,,,34.234987,-118.294031,LA TUNA CANYON SB,13.98
2025-01-07 10:35:00,770386,210,W,ML,219,44.4,56,48.0,61,45.3,53,42.2,49,41.3,,,,,34.207155,-118.2137,EB/NB 2 TO EB 210 CN,19.08
2025-01-07 10:35:00,770401,210,W,ML,461,58.9,96,63.9,140,60.6,124,57.5,101,53.6,,,,,34.211095,-118.225948,EB/NB 2 TO WB 210 CN,18.32
2025-01-07 10:35:00,770568,210,W,ML,350,55.6,53,75.0,100,68.8,121,45.0,76,41.7,,,,,34.165953,-118.157943,HAMMOND ST.,23.79
2025-01-07 10:35:00,770579,210,W,ML,124,66.8,16,74.3,46,69.8,22,66.3,40,60.5,,,,,34.156597,-118.157944,WINONA WAY,24.442
2025-01-07 10:40:00,717615,210,W,ML,246,46.9,65,50.6,69,47.9,59,44.6,53,43.5,,,,,34.182539,-118.171545,ARROYO 1,22.3
2025-01-07 10:40:00,717622,210,W,ML,221,53.8,37,75.8,72,62.2,57,44.2,55,37.9,,,,,34.176273,-118.161942,LINCOLN 1,23.0
2025-01-07 10:40:00,717624,210,W,ML,261,61.7,57,67.6,61,64.3,52,60.0,46,57.3,45,56.9,,,34.164368,-118.158093,MOUNTAIN 1,23.9
2025-01-07 10:40:00,717627,210,W,ML,81,67.2,36,69.1,45,65.7,,,,,,,,,34.15225,-118.154678,WALNUT,24.9
2025-01-07 10:40:00,717630,210,W,ML,105,62.8,22,68.1,32,64.6,28,61.3,23,57.2,,,,,34.152218,-118.14821,FAIR OAKS 1,25.4
2025-01-07 10:40:00,717632,210,W,HV,105,62.8,105,62.8,,,,,,,,,,,34.152218,-118.14821,FAIR OAKS 1,25.4
2025-01-07 10:40:00,717634,210,W,ML,469,52.0,106,57.0,106,54.0,92,50.2,86,48.4,79,48.5,,,34.15195,-118.13555,LAKE 1,26.12
2025-01-07 10:40:00,717637,210,W,ML,509,56.8,121,69.5,117,64.7,103,50.7,69,43.8,99,47.4,,,34.152357,-118.123714,HILL,26.8
2025-01-07 10:40:00,717642,210,W,ML,579,58.9,137,71.0,125,65.9,93,55.7,89,46.3,135,50.8,,,34.1527,-118.102255,ALTADENA,28.03
2025-01-07 10:40:00,717643,210,W,HV,66,63.7,66,63.7,,,,,,,,,,,34.1527,-118.102255,ALTADENA,28.03
2025-01-07 10:40:00,717644,210,W,ML,565,58.1,145,70.3,137,61.6,104,55.6,89,44.4,90,49.6,,,34.152727,-118.098063,SAN GABRIEL,28.27
2025-01-07 10:40:00,717645,210,W,HV,63,64.7,63,64.7,,,,,,,,,,,34.152727,-118.098063,SAN GABRIEL,28.27
2025-01-07 10:40:00,717649,210,W,ML,534,60.2,147,72.0,127,63.6,98,47.9,90,57.3,72,50.6,,,34.148074,-118.08377,SIERRA MADRE V1,29.17
2025-01-07 10:40:00,717653,210,W,ML,416,53.1,111,53.6,106,52.7,84,52.2,71,53.6,44,54.1,,,34.148737,-118.071321,ROSEMEAD 1,29.879
2025-01-07 10:40:00,761318,210,W,HV,105,62.8,105,62.8,,,,,,,,,,,34.15195,-118.13555,LAKE 1,26.12
2025-01-07 10:40:00,761322,210,W,HV,60,64.5,60,64.5,,,,,,,,,,,34.152357,-118.123714,HILL,26.8
2025-01-07 10:40:00,761325,210,W,HV,75,62.7,75,62.7,,,,,,,,,,,34.148074,-118.08377,SIERRA MADRE V1,29.17
2025-01-07 10:40:00,761431,210,W,HV,105,62.8,105,62.8,,,,,,,,,,,34.148737,-118.071321,ROSEMEAD 1,29.879
2025-01-07 10:40:00,764135,210,W,HV,105,62.8,105,62.8,,,,,,,,,,,34.152092,-118.143249,MARENGO,25.68
2025-01-07 10:40:00,764137,210,W,ML,587,60.4,100,65.5,116,63.3,101,61.6,103,59.2,94,55.2,73,55.2,34.152092,-118.143249,MARENGO,25.68
2025-01-07 10:40:00,769807,210,W,ML,314,63.5,73,74.7,89,65.5,79,58.1,73,55.6,,,,,34.197068,-118.184827,FOOTHILL,20.98
2025-01-07 10:40:00,769867,210,W,ML,192,57.8,50,71.3,57,63.9,44,62.2,41,28.3,,,,,34.218652,-118.239558,LA CRESCENTA,17.38
2025-01-07 10:40:00,769911,210,W,ML,234,53.2,47,70.1,53,49.6,58,57.7,38,34.2,38,49.3,,,34.224897,-118.251344,PENNSYLVANIA,16.58
2025-01-07 10:40:00,769926,210,W,ML,278,58.4,52,64.3,56,61.2,48,57.1,42,54.8,40,55.2,40,55.8,34.214462,-118.232443,OCEAN VIEW,17.88
2025-01-07 10:40:00,769941,210,W,ML,210,56.6,51,72.9,72,67.6,50,42.3,37,31.8,,,,,34.207101,-118.204943,ANGELES CREST HWY SB,19.58
2025-01-07 10:40:00,769953,210,W,ML,214,55.8,40,71.3,76,64.3,55,51.1,43,32.3,,,,,34.206998,-118.201441,ANGELES CREST HWY NB,19.78
2025-01-07 10:40:00,769965,210,W,ML,157,54.5,58,73.9,6,70.2,55,46.6,38,33.9,,,,,34.232554,-118.271772,HONOLULU,15.28
2025-01-07 10:40:00,769983,210,W,ML,281,53.3,75,49.9,86,56.9,62,53.7,58,51.7,,,,,34.203186,-118.191671,GOULD,20.4
2025-01-07 10:40:00,770000,210,W,ML,333,60.7,89,65.5,91,62.4,79,58.2,74,55.7,,,,,34.19198,-118.181214,BERKSHIRE,21.39
2025-01-07 10:40:00,770129,210,W,ML,197,62.6,58,71.8,66,67.6,45,49.9,28,52.0,,,,,34.234984,-118.290562,LA TUNA CANYON NB,14.18
2025-01-07 10:40:00,770141,210,W,ML,124,61.7,34,67.7,45,65.3,12,66.1,33,49.0,,,,,34.234987,-118.294031,LA TUNA CANYON SB,13.98
2025-01-07 10:40:00,770386,210,W,ML,199,45.3,50,49.1,56,46.4,48,43.2,45,42.2,,,,,34.207155,-118.2137,EB/NB 2 TO EB 210 CN,19.08
2025-01-07 10:40:00,770401,210,W,ML,465,59.0,97,64.0,141,60.7,125,57.6,102,53.7,,,,,34.211095,-118.225948,EB/NB 2 TO WB 210 CN,18.32
2025-01-07 10:40:00,770568,210,W,ML,277,56.4,59,74.1,83,67.6,81,43.9,54,38.8,,,,,34.165953,-118.157943,HAMMOND ST.,23.79
2025-01-07 10:40:00,770579,210,W,ML,87,65.5,3,74.3,28,70.2,17,66.6,39,61.0,,,,,34.156597,-118.157944,WINONA WAY,24.442
2025-01-07 10:45:00,717615,210,W,ML,241,52.3,62,56.9,67,53.9,58,49.5,54,47.9,,,,,34.182539,-118.171545,ARROYO 1,22.3
2025-01-07 10:45:00,717622,210,W,ML,175,55.8,13,75.5,60,66.0,63,47.2,39,47.4,,,,,34.176273,-118.161942,LINCOLN 1,23.0
2025-01-07 10:45:00,717624,210,W,ML,303,60.7,63,66.7,68,63.4,60,59.0,57,56.6,55,56.7,,,34.164368,-118.158093,MOUNTAIN 1,23.9
2025-01-07 10:45:00,717627,210,W,ML,82,66.9,38,68.6,44,65.4,,,,,,,,,34.15225,-118.154678,WALNUT,24.9
2025-01-07 10:45:00,717630,210,W,ML,105,62.7,22,68.0,32,64.5,28,61.2,23,57.1,,,,,34.152218,-118.14821,FAIR OAKS 1,25.4
2025-01-07 10:45:00,717632,210,W,HV,104,62.7,104,62.7,,,,,,,,,,,34.152218,-118.14821,FAIR OAKS 1,25.4
2025-01-07 10:45:00,717634,210,W,ML,459,54.4,104,59.9,104,56.8,90,52.6,84,50.6,77,50.2,,,34.15195,-118.13555,LAKE 1,26.12
2025-01-07 10:45:00,717637,210,W,ML,522,58.9,131,69.8,117,66.0,84,51.5,86,48.8,104,51.6,,,34.152357,-118.123714,HILL,26.8
2025-01-07 10:45:00,717642,210,W,ML,513,60.5,133,71.6,119,66.4,82,57.4,70,47.5,109,51.0,,,34.1527,-118.102255,ALTADENA,28.03
2025-01-07 10:45:00,717643,210,W,HV,67,63.1,67,63.1,,,,,,,,,,,34.1527,-118.102255,ALTADENA,28.03
2025-01-07 10:45:00,717644,210,W,ML,509,60.7,145,72.2,124,63.9,87,57.3,84,48.0,69,50.2,,,34.152727,-118.098063,SAN GABRIEL,28.27
2025-01-07 10:45:00,717645,210,W,HV,78,64.5,78,64.5,,,,,,,,,,,34.152727,-118.098063,SAN GABRIEL,28.27
2025-01-07 10:45:00,717649,210,W,ML,480,62.3,137,72.8,126,66.4,80,49.6,74,57.9,63,52.6,,,34.148074,-118.08377,SIERRA MADRE V1,29.17
2025-01-07 10:45:00,717653,210,W,ML,338,54.9,91,55.6,87,54.6,69,54.1,57,54.9,34,55.0,,,34.148737,-118.071321,ROSEMEAD 1,29.879
2025-01-07 10:45:00,761318,210,W,HV,104,62.7,104,62.7,,,,,,,,,,,34.15195,-118.13555,LAKE 1,26.12
2025-01-07 10:45:00,761322,210,W,HV,67,63.5,67,63.5,,,,,,,,,,,34.152357,-118.123714,HILL,26.8
2025-01-07 10:45:00,761325,210,W,HV,76,63.7,76,63.7,,,,,,,,,,,34.148074,-118.08377,SIERRA MADRE V1,29.17
2025-01-07 10:45:00,761431,210,W,HV,104,62.7,104,62.7,,,,,,,,,,,34.148737,-118.071321,ROSEMEAD 1,29.879
2025-01-07 10:45:00,764135,210,W,HV,104,62.7,104,62.7,,,,,,,,,,,34.152092,-118.143249,MARENGO,25.68
2025-01-07 10:45:00,764137,210,W,ML,584,60.2,99,65.4,115,63.2,100,61.5,103,59.1,94,55.1,73,55.1,34.152092,-118.143249,MARENGO,25.68
2025-01-07 10:45:00,769807,210,W,ML,333,61.9,58,72.7,104,64.9,89,57.6,82,55.2,,,,,34.197068,-118.184827,FOOTHILL,20.98
2025-01-07 10:45:00,769867,210,W,ML,215,58.0,37,73.4,66,63.9,62,64.8,50,30.5,,,,,34.218652,-118.239558,LA CRESCENTA,17.38
2025-01-07 10:45:00,769911,210,W,ML,260,57.6,49,70.4,63,59.8,56,63.8,47,36.7,45,54.6,,,34.224897,-118.251344,PENNSYLVANIA,16.58
2025-01-07 10:45:00,769926,210,W,ML,338,58.4,62,64.3,66,61.2,58,57.1,54,54.8,51,55.2,47,55.8,34.214462,-118.232443,OCEAN VIEW,17.88
2025-01-07 10:45:00,769941,210,W,ML,253,57.2,44,73.6,88,68.2,65,46.7,56,39.0,,,,,34.207101,-118.204943,ANGELES CREST HWY SB,19.58
2025-01-07 10:45:00,769953,210,W,ML,215,58.6,54,71.9,82,65.3,48,46.8,31,36.2,,,,,34.206998,-118.201441,ANGELES CREST HWY NB,19.78
2025-01-07 10:45:00,769965,210,W,ML,157,58.2,54,73.4,6,70.8,59,59.2,38,33.1,,,,,34.232554,-118.271772,HONOLULU,15.28
2025-01-07 10:45:00,769983,210,W,ML,279,52.0,75,48.6,86,55.7,61,52.3,57,50.4,,,,,34.203186,-118.191671,GOULD,20.4
2025-01-07 10:45:00,770000,210,W,ML,376,60.3,102,65.1,102,61.9,89,57.8,83,55.4,,,,,34.19198,-118.181214,BERKSHIRE,21.39
2025-01-07 10:45:00,770129,210,W,ML,226,62.1,69,71.3,79,66.2,54,51.0,24,47.6,,,,,34.234984,-118.290562,LA TUNA CANYON NB,14.18
2025-01-07 10:45:00,770141,210,W,ML,152,60.1,44,66.3,54,64.3,15,65.9,39,45.2,,,,,34.234987,-118.294031,LA TUNA CANYON SB,13.98
2025-01-07 10:45:00,770386,210,W,ML,251,48.8,66,52.7,69,49.9,60,46.4,56,45.2,,,,,34.207155,-118.2137,EB/NB 2 TO EB 210 CN,19.08
2025-01-07 10:45:00,770401,210,W,ML,465,59.0,97,64.0,141,60.7,125,57.6,102,53.7,,,,,34.211095,-118.225948,EB/NB 2 TO WB 210 CN,18.32
2025-01-07 10:45:00,770568,210,W,ML,266,55.6,62,75.2,56,67.6,82,45.7,66,39.3,,,,,34.165953,-118.157943,HAMMOND ST.,23.79
2025-01-07 10:45:00,770579,210,W,ML,138,66.3,13,74.4,63,66.2,36,66.7,26,61.8,,,,,34.156597,-118.157944,WINONA WAY,24.442
2025-01-07 10:50:00,717615,210,W,ML,278,50.3,74,54.7,77,51.7,67,47.6,60,46.2,,,,,34.182539,-118.171545,ARROYO 1,22.3
2025-01-07 10:50:00,717622,210,W,ML,223,56.4,35,74.7,72,63.8,52,48.2,64,44.7,,,,,34.176273,-118.161942,LINCOLN 1,23.0
2025-01-07 10:50:00,717624,210,W,ML,264,61.6,58,67.4,62,64.1,53,59.7,47,57.1,44,57.3,,,34.164368,-118.158093,MOUNTAIN 1,23.9
2025-01-07 10:50:00,717627,210,W,ML,84,67.3,38,69.1,46,65.8,,,,,,,,,34.15225,-118.154678,WALNUT,24.9
2025-01-07 10:50:00,717630,210,W,ML,105,62.7,22,68.0,32,64.5,28,61.2,23,57.1,,,,,34.152218,-118.14821,FAIR OAKS 1,25.4
2025-01-07 10:50:00,717632,210,W,HV,104,62.7,104,62.7,,,,,,,,,,,34.152218,-118.14821,FAIR OAKS 1,25.4
2025-01-07 10:50:00,717634,210,W,ML,442,52.0,100,57.4,100,54.3,87,50.1,81,48.3,74,48.1,,,34.15195,-118.13555,LAKE 1,26.12
2025-01-07 10:50:00,717637,210,W,ML,519,57.0,134,69.7,112,65.8,85,47.1,82,48.0,106,46.7,,,34.152357,-118.123714,HILL,26.8
2025-01-07 10:50:00,717642,210,W,ML,539,57.6,147,70.0,108,64.3,88,53.5,85,43.7,111,48.7,,,34.1527,-118.102255,ALTADENA,28.03
2025-01-07 10:50:00,717643,210,W,HV,50,63.6,50,63.6,,,,,,,,,,,34.1527,-118.102255,ALTADENA,28.03
2025-01-07 10:50:00,717644,210,W,ML,581,57.3,155,71.5,131,60.2,111,52.1,101,46.4,83,46.6,,,34.152727,-118.098063,SAN GABRIEL,28.27
2025-01-07 10:50:00,717645,210,W,HV,48,64.7,48,64.7,,,,,,,,,,,34.152727,-118.098063,SAN GABRIEL,28.27
2025-01-07 10:50:00,717649,210,W,ML,520,59.5,153,72.3,132,61.7,81,44.1,91,55.7,63,49.5,,,34.148074,-118.08377,SIERRA MADRE V1,29.17
2025-01-07 10:50:00,717653,210,W,ML,342,52.2,92,52.6,88,51.7,69,51.2,58,52.8,35,53.5,,,34.148737,-118.071321,ROSEMEAD 1,29.879
2025-01-07 10:50:00,761318,210,W,HV,104,62.7,104,62.7,,,,,,,,,,,34.15195,-118.13555,LAKE 1,26.12
2025-01-07 10:50:00,761322,210,W,HV,59,64.5,59,64.5,,,,,,,,,,,34.152357,-118.123714,HILL,26.8
2025-01-07 10:50:00,761325,210,W,HV,56,63.4,56,63.4,,,,,,,,,,,34.148074,-118.08377,SIERRA MADRE V1,29.17
2025-01-07 10:50:00,761431,210,W,HV,104,62.7,104,62.7,,,,,,,,,,,34.148737,-118.071321,ROSEMEAD 1,29.879
2025-01-07 10:50:00,764135,210,W,HV,104,62.7,104,62.7,,,,,,,,,,,34.152092,-118.143249,MARENGO,25.68
2025-01-07 10:50:00,764137,210,W,ML,578,60.3,98,65.5,114,63.3,99,61.6,102,59.2,93,55.2,72,55.2,34.152092,-118.143249,MARENGO,25.68
2025-01-07 10:50:00,769807,210,W,ML,310,63.9,62,72.1,92,67.6,81,59.7,75,57.0,,,,,34.197068,-118.184827,FOOTHILL,20.98
2025-01-07 10:50:00,769867,210,W,ML,186,60.5,45,72.8,64,67.6,38,64.8,39,30.4,,,,,34.218652,-118.239558,LA CRESCENTA,17.38
2025-01-07 10:50:00,769911,210,W,ML,206,57.0,41,71.8,52,59.9,38,61.0,40,36.6,35,54.1,,,34.224897,-118.251344,PENNSYLVANIA,16.58
2025-01-07 10:50:00,769926,210,W,ML,268,60.9,50,67.2,54,63.9,46,59.6,40,57.0,39,57.2,39,57.6,34.214462,-118.232443,OCEAN VIEW,17.88
2025-01-07 10:50:00,769941,210,W,ML,245,53.6,42,74.1,59,66.0,60,45.9,84,40.0,,,,,34.207101,-118.204943,ANGELES CREST HWY SB,19.58
2025-01-07 10:50:00,769953,210,W,ML,214,53.8,41,72.5,57,64.9,56,43.1,60,40.3,,,,,34.206998,-118.201441,ANGELES CREST HWY NB,19.78
2025-01-07 10:50:00,769965,210,W,ML,129,58.5,45,74.2,6,70.8,46,59.3,32,32.9,,,,,34.232554,-118.271772,HONOLULU,15.28
2025-01-07 10:50:00,769983,210,W,ML,257,50.6,66,46.7,74,54.3,61,51.1,56,49.4,,,,,34.203186,-118.191671,GOULD,20.4
2025-01-07 10:50:00,770000,210,W,ML,342,62.2,92,67.2,93,63.9,81,59.6,76,57.0,,,,,34.19198,-118.181214,BERKSHIRE,21.39
2025-01-07 10:50:00,770129,210,W,ML,193,63.4,53,72.5,63,67.9,49,57.0,28,47.4,,,,,34.234984,-118.290562,LA TUNA CANYON NB,14.18
2025-01-07 10:50:00,770141,210,W,ML,136,60.8,38,68.0,49,65.5,13,65.9,36,45.0,,,,,34.234987,-118.294031,LA TUNA CANYON SB,13.98
2025-01-07 10:50:00,770386,210,W,ML,247,48.1,63,52.0,68,49.3,60,45.8,56,44.6,,,,,34.207155,-118.2137,EB/NB 2 TO EB 210 CN,19.08
2025-01-07 10:50:00,770401,210,W,ML,459,59.1,96,64.1,139,60.8,123,57.7,101,53.8,,,,,34.211095,-118.225948,EB/NB 2 TO WB 210 CN,18.32
2025-01-07 10:50:00,770568,210,W,ML,278,55.8,53,75.5,60,67.9,117,47.4,48,39.6,,,,,34.165953,-118.157943,HAMMOND ST.,23.79
2025-01-07 10:50:00,770579,210,W,ML,124,65.9,10,74.6,30,67.7,36,66.7,48,62.4,,,,,34.156597,-118.157944,WINONA WAY,24.442
2025-01-07 10:55:00,717615,210,W,ML,287,51.6,75,56.2,78,53.2,69,48.9,65,47.3,,,,,34.182539,-118.171545,ARROYO 1,22.3
2025-01-07 10:55:00,717622,210,W,ML,264,56.6,51,74.7,73,62.2,86,47.3,54,46.6,,,,,34.176273,-118.161942,LINCOLN 1,23.0
2025-01-07 10:55:00,717624,210,W,ML,272,61.9,57,68.1,62,64.8,54,60.3,50,57.7,49,57.2,,,34.164368,-118.158093,MOUNTAIN 1,23.9
2025-01-07 10:55:00,717627,210,W,ML,112,66.4,53,68.1,59,64.8,,,,,,,,,34.15225,-118.154678,WALNUT,24.9
2025-01-07 10:55:00,717630,210,W,ML,101,62.8,21,68.1,31,64.6,27,61.3,22,57.2,,,,,34.152218,-118.14821,FAIR OAKS 1,25.4
2025-01-07 10:55:00,717632,210,W,HV,102,62.8,102,62.8,,,,,,,,,,,34.152218,-118.14821,FAIR OAKS 1,25.4
2025-01-07 10:55:00,717634,210,W,ML,412,49.5,92,54.7,93,51.6,81,47.5,76,45.9,70,45.9,,,34.15195,-118.13555,LAKE 1,26.12
2025-01-07 10:55:00,717637,210,W,ML,478,54.1,116,69.2,98,64.0,89,42.8,76,43.5,99,44.8,,,34.152357,-118.123714,HILL,26.8
2025-01-07 10:55:00,717642,210,W,ML,493,54.7,113,69.5,103,62.5,83,50.5,81,40.9,113,45.9,,,34.1527,-118.102255,ALTADENA,28.03
2025-01-07 10:55:00,717643,210,W,HV,42,63.2,42,63.2,,,,,,,,,,,34.1527,-118.102255,ALTADENA,28.03
2025-01-07 10:55:00,717644,210,W,ML,517,53.9,126,68.8,119,57.4,89,48.2,101,43.9,82,44.2,,,34.152727,-118.098063,SAN GABRIEL,28.27
2025-01-07 10:55:00,717645,210,W,HV,45,64.3,45,64.3,,,,,,,,,,,34.152727,-118.098063,SAN GABRIEL,28.27
2025-01-07 10:55:00,717649,210,W,ML,471,57.0,125,71.5,119,60.3,69,40.2,86,54.1,72,46.0,,,34.148074,-118.08377,SIERRA MADRE V1,29.17
2025-01-07 10:55:00,717653,210,W,ML,372,49.2,100,49.1,96,48.4,75,48.0,63,50.5,38,51.9,,,34.148737,-118.071321,ROSEMEAD 1,29.879
2025-01-07 10:55:00,761318,210,W,HV,102,62.8,102,62.8,,,,,,,,,,,34.15195,-118.13555,LAKE 1,26.12
2025-01-07 10:55:00,761322,210,W,HV,46,62.5,46,62.5,,,,,,,,,,,34.152357,-118.123714,HILL,26.8
2025-01-07 10:55:00,761325,210,W,HV,46,63.9,46,63.9,,,,,,,,,,,34.148074,-118.08377,SIERRA MADRE V1,29.17
2025-01-07 10:55:00,761431,210,W,HV,102,62.8,102,62.8,,,,,,,,,,,34.148737,-118.071321,ROSEMEAD 1,29.879
2025-01-07 10:55:00,764135,210,W,HV,102,62.8,102,62.8,,,,,,,,,,,34.152092,-118.143249,MARENGO,25.68
2025-01-07 10:55:00,764137,210,W,ML,574,60.3,97,65.5,113,63.3,99,61.6,101,59.2,92,55.2,72,55.2,34.152092,-118.143249,MARENGO,25.68
2025-01-07 10:55:00,769807,210,W,ML,228,63.6,35,71.5,67,68.3,65,60.2,61,57.5,,,,,34.197068,-118.184827,FOOTHILL,20.98
2025-01-07 10:55:00,769867,210,W,ML,194,61.5,46,71.4,62,67.0,53,63.7,33,33.9,,,,,34.218652,-118.239558,LA CRESCENTA,17.38
2025-01-07 10:55:00,769911,210,W,ML,218,58.9,39,72.7,53,59.7,55,62.9,30,37.6,41,54.7,,,34.224897,-118.251344,PENNSYLVANIA,16.58
2025-01-07 10:55:00,769926,210,W,ML,297,60.3,54,66.7,58,63.4,51,59.1,48,56.7,45,56.8,41,57.3,34.214462,-118.232443,OCEAN VIEW,17.88
2025-01-07 10:55:00,769941,210,W,ML,230,55.8,39,73.4,80,65.8,54,42.3,57,42.4,,,,,34.207101,-118.204943,ANGELES CREST HWY SB,19.58
2025-01-07 10:55:00,769953,210,W,ML,245,54.7,46,71.1,85,65.8,60,40.2,54,39.4,,,,,34.206998,-118.201441,ANGELES CREST HWY NB,19.78
2025-01-07 10:55:00,769965,210,W,ML,165,58.9,62,72.7,12,71.1,53,59.1,38,32.4,,,,,34.232554,-118.271772,HONOLULU,15.28
2025-01-07 10:55:00,769983,210,W,ML,297,50.2,82,46.0,96,53.6,62,51.1,57,49.4,,,,,34.203186,-118.191671,GOULD,20.4
2025-01-07 10:55:00,770000,210,W,ML,270,62.7,70,67.8,74,64.5,65,60.0,61,57.5,,,,,34.19198,-118.181214,BERKSHIRE,21.39
2025-01-07 10:55:00,770129,210,W,ML,204,62.4,52,72.4,74,67.0,48,53.2,30,48.3,,,,,34.234984,-118.290562,LA TUNA CANYON NB,14.18
2025-01-07 10:55:00,770141,210,W,ML,133,60.6,37,67.1,48,64.9,13,66.0,35,45.8,,,,,34.234987,-118.294031,LA TUNA CANYON SB,13.98
2025-01-07 10:55:00,770386,210,W,ML,252,48.4,67,52.8,70,49.9,61,45.5,54,44.3,,,,,34.207155,-118.2137,EB/NB 2 TO EB 210 CN,19.08
2025-01-07 10:55:00,770401,210,W,ML,455,59.3,95,64.3,138,61.0,122,57.9,100,54.0,,,,,34.211095,-118.225948,EB/NB 2 TO WB 210 CN,18.32
2025-01-07 10:55:00,770568,210,W,ML,230,57.6,46,75.1,51,70.8,81,48.4,52,43.5,,,,,34.165953,-118.157943,HAMMOND ST.,23.79
2025-01-07 10:55:00,770579,210,W,ML,137,66.4,17,74.6,47,68.7,25,66.8,48,61.1,,,,,34.156597,-118.157944,WINONA WAY,24.442
2025-01-07 11:00:00,717615,210,W,ML,264,49.2,69,53.7,73,50.7,64,46.4,58,45.1,,,,,34.182539,-118.171545,ARROYO 1,22.3
2025-01-07 11:00:00,717622,210,W,ML,249,54.1,55,74.8,66,61.5,67,39.3,61,43.5,,,,,34.176273,-118.161942,LINCOLN 1,23.0
2025-01-07 11:00:00,717624,210,W,ML,267,62.0,56,68.1,62,64.9,54,60.4,49,57.7,46,57.1,,,34.164368,-118.158093,MOUNTAIN 1,23.9
2025-01-07 11:00:00,717627,210,W,ML,91,67.0,43,68.8,48,65.4,,,,,,,,,34.15225,-118.154678,WALNUT,24.9
2025-01-07 11:00:00,717630,210,W,ML,100,62.8,21,68.1,30,64.6,27,61.3,22,57.2,,,,,34.152218,-118.14821,FAIR OAKS 1,25.4
2025-01-07 11:00:00,717632,210,W,HV,100,62.8,100,62.8,,,,,,,,,,,34.152218,-118.14821,FAIR OAKS 1,25.4
2025-01-07 11:00:00,717634,210,W,ML,440,49.0,99,53.8,100,50.8,87,47.2,80,45.6,74,46.0,,,34.15195,-118.13555,LAKE 1,26.12
2025-01-07 11:00:00,717637,210,W,ML,504,55.3,117,70.4,115,67.0,87,46.4,78,40.5,107,44.2,,,34.152357,-118.123714,HILL,26.8
2025-01-07 11:00:00,717642,210,W,ML,484,56.4,114,70.5,95,65.6,77,52.5,75,43.7,123,46.3,,,34.1527,-118.102255,ALTADENA,28.03
2025-01-07 11:00:00,717643,210,W,HV,45,61.8,45,61.8,,,,,,,,,,,34.1527,-118.102255,ALTADENA,28.03
2025-01-07 11:00:00,717644,210,W,ML,507,55.9,135,70.5,111,58.3,93,47.9,88,46.1,80,48.0,,,34.152727,-118.098063,SAN GABRIEL,28.27
2025-01-07 11:00:00,717645,210,W,HV,51,63.8,51,63.8,,,,,,,,,,,34.152727,-118.098063,SAN GABRIEL,28.27
2025-01-07 11:00:00,717649,210,W,ML,480,58.3,133,71.6,127,62.3,83,41.1,80,55.1,57,48.1,,,34.148074,-118.08377,SIERRA MADRE V1,29.17
2025-01-07 11:00:00,717653,210,W,ML,351,51.0,94,51.2,91,50.4,71,49.9,59,51.9,36,52.9,,,34.148737,-118.071321,ROSEMEAD 1,29.879
2025-01-07 11:00:00,761318,210,W,HV,100,62.8,100,62.8,,,,,,,,,,,34.15195,-118.13555,LAKE 1,26.12
2025-01-07 11:00:00,761322,210,W,HV,35,63.1,35,63.1,,,,,,,,,,,34.152357,-118.123714,HILL,26.8
2025-01-07 11:00:00,761325,210,W,HV,68,62.9,68,62.9,,,,,,,,,,,34.148074,-118.08377,SIERRA MADRE V1,29.17
2025-01-07 11:00:00,761431,210,W,HV,100,62.8,100,62.8,,,,,,,,,,,34.148737,-118.071321,ROSEMEAD 1,29.879
2025-01-07 11:00:00,764135,210,W,HV,100,62.8,100,62.8,,,,,,,,,,,34.152092,-118.143249,MARENGO,25.68
2025-01-07 11:00:00,764137,210,W,ML,573,60.5,97,65.6,113,63.4,99,61.7,101,59.3,92,55.3,71,55.3,34.152092,-118.143249,MARENGO,25.68
2025-01-07 11:00:00,769807,210,W,ML,261,62.3,47,73.7,77,65.3,71,57.9,66,55.4,,,,,34.197068,-118.184827,FOOTHILL,20.98
2025-01-07 11:00:00,769867,210,W,ML,207,58.4,48,74.3,59,65.5,51,58.5,49,34.0,,,,,34.218652,-118.239558,LA CRESCENTA,17.38
2025-01-07 11:00:00,769911,210,W,ML,249,56.8,50,71.5,60,59.4,49,60.3,47,37.3,43,53.4,,,34.224897,-118.251344,PENNSYLVANIA,16.58
2025-01-07 11:00:00,769926,210,W,ML,315,56.9,59,62.3,63,59.2,54,55.4,48,53.3,46,53.8,45,55.2,34.214462,-118.232443,OCEAN VIEW,17.88
2025-01-07 11:00:00,769941,210,W,ML,269,46.2,69,61.1,72,57.5,55,29.2,73,33.7,,,,,34.207101,-118.204943,ANGELES CREST HWY SB,19.58
2025-01-07 11:00:00,769953,210,W,ML,232,48.7,61,64.4,70,58.3,50,32.1,51,32.9,,,,,34.206998,-118.201441,ANGELES CREST HWY NB,19.78
2025-01-07 11:00:00,769965,210,W,ML,163,58.9,53,72.6,8,70.5,62,61.3,40,34.6,,,,,34.232554,-118.271772,HONOLULU,15.28
2025-01-07 11:00:00,769983,210,W,ML,266,44.4,69,37.7,79,48.7,62,46.0,56,44.9,,,,,34.203186,-118.191671,GOULD,20.4
2025-01-07 11:00:00,770000,210,W,ML,300,60.6,79,65.4,82,62.2,72,58.0,67,55.6,,,,,34.19198,-118.181214,BERKSHIRE,21.39
2025-01-07 11:00:00,770129,210,W,ML,210,63.1,55,72.7,66,66.8,59,56.8,30,50.1,,,,,34.234984,-118.290562,LA TUNA CANYON NB,14.18
2025-01-07 11:00:00,770141,210,W,ML,167,61.0,49,66.9,59,64.8,16,66.0,43,47.3,,,,,34.234987,-118.294031,LA TUNA CANYON SB,13.98
2025-01-07 11:00:00,770386,210,W,ML,284,41.5,74,45.8,78,42.9,68,38.6,64,38.1,,,,,34.207155,-118.2137,EB/NB 2 TO EB 210 CN,19.08
2025-01-07 11:00:00,770401,210,W,ML,451,59.3,94,64.3,137,61.0,121,57.9,99,54.0,,,,,34.211095,-118.225948,EB/NB 2 TO WB 210 CN,18.32
2025-01-07 11:00:00,770568,210,W,ML,253,54.7,34,75.4,51,71.8,98,46.4,70,43.9,,,,,34.165953,-118.157943,HAMMOND ST.,23.79
2025-01-07 11:00:00,770579,210,W,ML,136,66.0,17,74.3,31,69.8,41,66.2,47,60.4,,,,,34.156597,-118.157944,WINONA WAY,24.442
2025-01-07 11:05:00,717615,210,W,ML,258,42.7,68,47.0,71,44.1,62,39.8,57,39.2,,,,,34.182539,-118.171545,ARROYO 1,22.3
2025-01-07 11:05:00,717622,210,W,ML,234,49.7,43,76.0,60,62.1,73,35.5,58,35.2,,,,,34.176273,-118.161942,LINCOLN 1,23.0
2025-01-07 11:05:00,717624,210,W,ML,263,61.0,56,67.1,61,63.9,53,59.3,48,56.8,45,56.2,,,34.164368,-118.158093,MOUNTAIN 1,23.9
2025-01-07 11:05:00,717627,210,W,ML,76,67.5,35,69.3,41,65.9,,,,,,,,,34.15225,-118.154678,WALNUT,24.9
2025-01-07 11:05:00,717630,210,W,ML,100,62.8,21,68.1,30,64.6,27,61.3,22,57.2,,,,,34.152218,-118.14821,FAIR OAKS 1,25.4
2025-01-07 11:05:00,717632,210,W,HV,99,62.8,99,62.8,,,,,,,,,,,34.152218,-118.14821,FAIR OAKS 1,25.4
2025-01-07 11:05:00,717634,210,W,ML,429,51.0,96,56.1,97,53.1,85,49.1,79,47.4,72,47.6,,,34.15195,-118.13555,LAKE 1,26.12
2025-01-07 11:05:00,717637,210,W,ML,496,56.9,118,71.5,105,66.7,88,48.6,81,44.9,104,46.7,,,34.152357,-118.123714,HILL,26.8
2025-01-07 11:05:00,717642,210,W,ML,521,59.3,125,72.2,124,67.4,87,54.7,76,44.8,109,49.0,,,34.1527,-118.102255,ALTADENA,28.03
2025-01-07 11:05:00,717643,210,W,HV,66,61.4,66,61.4,,,,,,,,,,,34.1527,-118.102255,ALTADENA,28.03
2025-01-07 11:05:00,717644,210,W,ML,516,58.1,132,72.1,134,61.6,87,49.0,91,48.2,72,49.4,,,34.152727,-118.098063,SAN GABRIEL,28.27
2025-01-07 11:05:00,717645,210,W,HV,66,64.6,66,64.6,,,,,,,,,,,34.152727,-118.098063,SAN GABRIEL,28.27
2025-01-07 11:05:00,717649,210,W,ML,474,59.9,135,72.9,121,63.4,81,42.7,77,56.0,60,52.0,,,34.148074,-118.08377,SIERRA MADRE V1,29.17
2025-01-07 11:05:00,717653,210,W,ML,342,54.3,92,55.0,88,54.0,69,53.5,58,54.5,35,54.7,,,34.148737,-118.071321,ROSEMEAD 1,29.879
2025-01-07 11:05:00,761318,210,W,HV,99,62.8,99,62.8,,,,,,,,,,,34.15195,-118.13555,LAKE 1,26.12
2025-01-07 11:05:00,761322,210,W,HV,59,63.1,59,63.1,,,,,,,,,,,34.152357,-118.123714,HILL,26.8
2025-01-07 11:05:00,761325,210,W,HV,60,61.9,60,61.9,,,,,,,,,,,34.148074,-118.08377,SIERRA MADRE V1,29.17
2025-01-07 11:05:00,761431,210,W,HV,99,62.8,99,62.8,,,,,,,,,,,34.148737,-118.071321,ROSEMEAD 1,29.879
2025-01-07 11:05:00,764135,210,W,HV,99,62.8,99,62.8,,,,,,,,,,,34.152092,-118.143249,MARENGO,25.68
2025-01-07 11:05:00,764137,210,W,ML,573,60.4,97,65.5,113,63.3,99,61.6,101,59.2,92,55.2,71,55.2,34.152092,-118.143249,MARENGO,25.68
2025-01-07 11:05:00,769807,210,W,ML,243,61.0,42,71.8,71,64.1,67,57.0,63,54.6,,,,,34.197068,-118.184827,FOOTHILL,20.98
2025-01-07 11:05:00,769867,210,W,ML,219,55.7,60,72.9,54,61.8,54,51.6,51,33.4,,,,,34.218652,-118.239558,LA CRESCENTA,17.38
2025-01-07 11:05:00,769911,210,W,ML,245,52.0,62,71.2,56,49.6,44,48.9,42,35.5,41,46.4,,,34.224897,-118.251344,PENNSYLVANIA,16.58
2025-01-07 11:05:00,769926,210,W,ML,322,52.0,59,56.6,64,53.7,56,50.4,50,48.7,47,49.7,46,52.0,34.214462,-118.232443,OCEAN VIEW,17.88
2025-01-07 11:05:00,769941,210,W,ML,233,43.6,53,57.9,68,56.0,54,24.9,58,33.3,,,,,34.207101,-118.204943,ANGELES CREST HWY SB,19.58
2025-01-07 11:05:00,769953,210,W,ML,194,54.5,59,67.6,62,62.0,35,39.6,38,35.8,,,,,34.206998,-118.201441,ANGELES CREST HWY NB,19.78
2025-01-07 11:05:00,769965,210,W,ML,136,53.2,50,72.9,4,70.7,50,46.6,32,30.6,,,,,34.232554,-118.271772,HONOLULU,15.28
2025-01-07 11:05:00,769983,210,W,ML,225,48.1,58,43.4,64,52.3,54,48.7,49,47.2,,,,,34.203186,-118.191671,GOULD,20.4
2025-01-07 11:05:00,770000,210,W,ML,281,59.7,73,64.4,77,61.3,68,57.2,63,54.9,,,,,34.19198,-118.181214,BERKSHIRE,21.39
2025-01-07 11:05:00,770129,210,W,ML,170,60.4,55,73.9,48,66.1,45,45.7,22,44.4,,,,,34.234984,-118.290562,LA TUNA CANYON NB,14.18
2025-01-07 11:05:00,770141,210,W,ML,124,59.1,34,66.2,45,64.3,12,65.8,33,42.4,,,,,34.234987,-118.294031,LA TUNA CANYON SB,13.98
2025-01-07 11:05:00,770386,210,W,ML,256,41.3,68,45.4,71,42.6,62,38.2,55,37.8,,,,,34.207155,-118.2137,EB/NB 2 TO EB 210 CN,19.08
2025-01-07 11:05:00,770401,210,W,ML,452,59.3,95,64.3,137,61.0,121,57.9,99,54.0,,,,,34.211095,-118.225948,EB/NB 2 TO WB 210 CN,18.32
2025-01-07 11:05:00,770568,210,W,ML,253,55.8,38,75.7,60,71.9,89,46.0,66,43.1,,,,,34.165953,-118.157943,HAMMOND ST.,23.79
2025-01-07 11:05:00,770579,210,W,ML,83,63.0,1,74.4,11,70.5,33,66.8,38,57.2,,,,,34.156597,-118.157944,WINONA WAY,24.442
2025-01-07 11:10:00,717615,210,W,ML,231,49.6,61,53.5,65,50.7,56,47.2,49,45.8,,,,,34.182539,-118.171545,ARROYO 1,22.3
2025-01-07 11:10:00,717622,210,W,ML,184,53.5,20,75.6,59,65.9,54,47.7,51,36.5,,,,,34.176273,-118.161942,LINCOLN 1,23.0
2025-01-07 11:10:00,717624,210,W,ML,268,62.3,57,68.4,62,65.2,54,60.6,49,57.9,46,57.3,,,34.164368,-118.158093,MOUNTAIN 1,23.9
2025-01-07 11:10:00,717627,210,W,ML,71,67.6,31,69.5,40,66.1,,,,,,,,,34.15225,-118.154678,WALNUT,24.9
2025-01-07 11:10:00,717630,210,W,ML,100,62.8,21,68.1,30,64.6,27,61.3,22,57.2,,,,,34.152218,-118.14821,FAIR OAKS 1,25.4
2025-01-07 11:10:00,717632,210,W,HV,100,62.8,100,62.8,,,,,,,,,,,34.152218,-118.14821,FAIR OAKS 1,25.4
2025-01-07 11:10:00,717634,210,W,ML,400,50.3,90,55.5,91,52.4,79,48.3,73,46.6,67,46.6,,,34.15195,-118.13555,LAKE 1,26.12
2025-01-07 11:10:00,717637,210,W,ML,451,56.5,114,70.7,102,67.3,74,44.6,70,45.4,91,44.9,,,34.152357,-118.123714,HILL,26.8
2025-01-07 11:10:00,717642,210,W,ML,474,56.4,113,70.0,102,65.2,80,52.0,79,42.5,100,46.6,,,34.1527,-118.102255,ALTADENA,28.03
2025-01-07 11:10:00,717643,210,W,HV,54,61.1,54,61.1,,,,,,,,,,,34.1527,-118.102255,ALTADENA,28.03
2025-01-07 11:10:00,717644,210,W,ML,473,53.9,128,71.0,126,58.5,81,45.3,57,28.2,81,46.5,,,34.152727,-118.098063,SAN GABRIEL,28.27
2025-01-07 11:10:00,717645,210,W,HV,55,64.6,55,64.6,,,,,,,,,,,34.152727,-118.098063,SAN GABRIEL,28.27
2025-01-07 11:10:00,717649,210,W,ML,482,57.9,141,72.6,128,60.1,82,40.1,76,54.0,55,46.8,,,34.148074,-118.08377,SIERRA MADRE V1,29.17
2025-01-07 11:10:00,717653,210,W,ML,347,49.9,93,49.9,89,49.2,70,48.7,59,51.0,36,52.3,,,34.148737,-118.071321,ROSEMEAD 1,29.879
2025-01-07 11:10:00,761318,210,W,HV,100,62.8,100,62.8,,,,,,,,,,,34.15195,-118.13555,LAKE 1,26.12
2025-01-07 11:10:00,761322,210,W,HV,66,63.2,66,63.2,,,,,,,,,,,34.152357,-118.123714,HILL,26.8
2025-01-07 11:10:00,761325,210,W,HV,54,61.7,54,61.7,,,,,,,,,,,34.148074,-118.08377,SIERRA MADRE V1,29.17
2025-01-07 11:10:00,761431,210,W,HV,100,62.8,100,62.8,,,,,,,,,,,34.148737,-118.071321,ROSEMEAD 1,29.879
2025-01-07 11:10:00,764135,210,W,HV,100,62.8,100,62.8,,,,,,,,,,,34.152092,-118.143249,MARENGO,25.68
2025-01-07 11:10:00,764137,210,W,ML,578,60.4,98,65.6,114,63.4,99,61.7,102,59.3,93,55.3,72,55.3,34.152092,-118.143249,MARENGO,25.68
2025-01-07 11:10:00,769807,210,W,ML,233,62.6,47,74.3,64,65.3,63,57.9,59,55.4,,,,,34.197068,-118.184827,FOOTHILL,20.98
2025-01-07 11:10:00,769867,210,W,ML,223,54.6,53,72.3,60,62.8,53,53.1,57,31.0,,,,,34.218652,-118.239558,LA CRESCENTA,17.38
2025-01-07 11:10:00,769911,210,W,ML,246,48.4,45,72.5,64,45.3,48,48.2,43,32.4,46,44.6,,,34.224897,-118.251344,PENNSYLVANIA,16.58
2025-01-07 11:10:00,769926,210,W,ML,351,53.1,64,57.8,69,54.9,61,51.5,55,49.7,52,50.6,50,52.7,34.214462,-118.232443,OCEAN VIEW,17.88
2025-01-07 11:10:00,769941,210,W,ML,244,46.3,38,65.6,70,62.5,68,28.5,68,36.7,,,,,34.207101,-118.204943,ANGELES CREST HWY SB,19.58
2025-01-07 11:10:00,769953,210,W,ML,166,52.7,32,70.8,46,66.0,52,38.2,36,40.4,,,,,34.206998,-118.201441,ANGELES CREST HWY NB,19.78
2025-01-07 11:10:00,769965,210,W,ML,191,50.9,67,72.2,12,70.3,60,41.2,52,30.3,,,,,34.232554,-118.271772,HONOLULU,15.28
2025-01-07 11:10:00,769983,210,W,ML,221,49.8,58,45.2,64,53.0,51,51.2,48,49.5,,,,,34.203186,-118.191671,GOULD,20.4
2025-01-07 11:10:00,770000,210,W,ML,261,60.5,67,65.4,72,62.2,63,58.0,59,55.6,,,,,34.19198,-118.181214,BERKSHIRE,21.39
2025-01-07 11:10:00,770129,210,W,ML,262,58.0,77,72.7,90,64.0,54,37.1,41,44.5,,,,,34.234984,-118.290562,LA TUNA CANYON NB,14.18
2025-01-07 11:10:00,770141,210,W,ML,162,58.3,48,64.1,57,62.8,16,65.6,41,42.5,,,,,34.234987,-118.294031,LA TUNA CANYON SB,13.98
2025-01-07 11:10:00,770386,210,W,ML,278,43.9,72,48.2,76,45.3,67,40.9,63,40.2,,,,,34.207155,-118.2137,EB/NB 2 TO EB 210 CN,19.08
2025-01-07 11:10:00,770401,210,W,ML,457,59.4,96,64.4,139,61.1,122,58.0,100,54.1,,,,,34.211095,-118.225948,EB/NB 2 TO WB 210 CN,18.32
2025-01-07 11:10:00,770568,210,W,ML,298,56.5,52,76.5,58,72.0,98,50.9,90,41.0,,,,,34.165953,-118.157943,HAMMOND ST.,23.79
2025-01-07 11:10:00,770579,210,W,ML,98,65.7,10,74.6,22,70.7,24,67.1,42,60.2,,,,,34.156597,-118.157944,WINONA WAY,24.442
2025-01-07 11:15:00,717615,210,W,ML,224,46.3,59,50.0,63,47.3,54,44.0,48,43.0,,,,,34.182539,-118.171545,ARROYO 1,22.3
2025-01-07 11:15:00,717622,210,W,ML,176,53.4,29,75.7,54,66.5,44,43.4,49,34.7,,,,,34.176273,-118.161942,LINCOLN 1,23.0
2025-01-07 11:15:00,717624,210,W,ML,259,62.6,52,69.0,58,65.8,52,61.2,49,58.4,48,57.8,,,34.164368,-118.158093,MOUNTAIN 1,23.9
2025-01-07 11:15:00,717627,210,W,ML,64,67.8,29,69.7,35,66.2,,,,,,,,,34.15225,-118.154678,WALNUT,24.9
2025-01-07 11:15:00,717630,210,W,ML,100,62.8,21,68.1,30,64.6,27,61.3,22,57.2,,,,,34.152218,-118.14821,FAIR OAKS 1,25.4
2025-01-07 11:15:00,717632,210,W,HV,100,62.8,100,62.8,,,,,,,,,,,34.152218,-118.14821,FAIR OAKS 1,25.4
2025-01-07 11:15:00,717634,210,W,ML,437,49.6,98,54.8,99,51.8,86,47.7,80,46.0,74,46.1,,,34.15195,-118.13555,LAKE 1,26.12
2025-01-07 11:15:00,717637,210,W,ML,483,56.2,127,70.3,104,67.2,75,44.7,86,44.9,91,43.9,,,34.152357,-118.123714,HILL,26.8
2025-01-07 11:15:00,717642,210,W,ML,541,57.2,141,69.0,116,63.6,87,54.0,83,45.7,114,46.9,,,34.1527,-118.102255,ALTADENA,28.03
2025-01-07 11:15:00,717643,210,W,HV,67,60.2,67,60.2,,,,,,,,,,,34.1527,-118.102255,ALTADENA,28.03
2025-01-07 11:15:00,717644,210,W,ML,557,55.8,150,70.5,128,59.2,103,50.2,98,38.8,78,50.5,,,34.152727,-118.098063,SAN GABRIEL,28.27
2025-01-07 11:15:00,717645,210,W,HV,70,64.3,70,64.3,,,,,,,,,,,34.152727,-118.098063,SAN GABRIEL,28.27
2025-01-07 11:15:00,717649,210,W,ML,500,59.2,140,72.4,122,61.8,83,43.7,86,56.3,69,50.2,,,34.148074,-118.08377,SIERRA MADRE V1,29.17
2025-01-07 11:15:00,717653,210,W,ML,356,52.8,96,53.2,92,52.3,72,51.8,60,53.3,36,53.9,,,34.148737,-118.071321,ROSEMEAD 1,29.879
2025-01-07 11:15:00,761318,210,W,HV,100,62.8,100,62.8,,,,,,,,,,,34.15195,-118.13555,LAKE 1,26.12
2025-01-07 11:15:00,761322,210,W,HV,49,64.5,49,64.5,,,,,,,,,,,34.152357,-118.123714,HILL,26.8
2025-01-07 11:15:00,761325,210,W,HV,82,61.2,82,61.2,,,,,,,,,,,34.148074,-118.08377,SIERRA MADRE V1,29.17
2025-01-07 11:15:00,761431,210,W,HV,100,62.8,100,62.8,,,,,,,,,,,34.148737,-118.071321,ROSEMEAD 1,29.879
2025-01-07 11:15:00,764135,210,W,HV,100,62.8,100,62.8,,,,,,,,,,,34.152092,-118.143249,MARENGO,25.68
2025-01-07 11:15:00,764137,210,W,ML,586,60.5,99,65.6,116,63.4,101,61.7,103,59.3,94,55.3,73,55.3,34.152092,-118.143249,MARENGO,25.68
2025-01-07 11:15:00,769807,210,W,ML,191,62.7,23,74.3,56,67.1,58,59.3,54,56.7,,,,,34.197068,-118.184827,FOOTHILL,20.98
2025-01-07 11:15:00,769867,210,W,ML,172,57.2,41,73.6,42,67.5,56,54.6,33,28.2,,,,,34.218652,-118.239558,LA CRESCENTA,17.38
2025-01-07 11:15:00,769911,210,W,ML,243,51.2,55,72.1,56,44.5,48,51.5,43,38.3,41,45.3,,,34.224897,-118.251344,PENNSYLVANIA,16.58
2025-01-07 11:15:00,769926,210,W,ML,283,54.0,48,59.1,55,56.1,49,52.6,46,50.7,45,51.5,40,53.4,34.214462,-118.232443,OCEAN VIEW,17.88
2025-01-07 11:15:00,769941,210,W,ML,211,53.7,57,69.4,58,66.9,45,38.1,51,34.7,,,,,34.207101,-118.204943,ANGELES CREST HWY SB,19.58
2025-01-07 11:15:00,769953,210,W,ML,190,53.7,50,71.6,39,67.8,51,39.8,50,38.9,,,,,34.206998,-118.201441,ANGELES CREST HWY NB,19.78
2025-01-07 11:15:00,769965,210,W,ML,163,52.6,59,72.8,14,70.4,52,39.9,38,32.1,,,,,34.232554,-118.271772,HONOLULU,15.28
2025-01-07 11:15:00,769983,210,W,ML,214,50.6,54,47.1,59,54.0,53,51.3,48,49.6,,,,,34.203186,-118.191671,GOULD,20.4
2025-01-07 11:15:00,770000,210,W,ML,238,61.8,60,66.8,66,63.6,58,59.2,54,56.7,,,,,34.19198,-118.181214,BERKSHIRE,21.39
2025-01-07 11:15:00,770129,210,W,ML,213,58.0,56,74.1,70,66.2,51,40.3,36,42.2,,,,,34.234984,-118.290562,LA TUNA CANYON NB,14.18
2025-01-07 11:15:00,770141,210,W,ML,142,58.8,40,66.3,51,64.3,14,65.6,37,40.5,,,,,34.234987,-118.294031,LA TUNA CANYON SB,13.98
2025-01-07 11:15:00,770386,210,W,ML,231,42.7,61,46.6,65,43.7,56,40.1,49,39.4,,,,,34.207155,-118.2137,EB/NB 2 TO EB 210 CN,19.08
2025-01-07 11:15:00,770401,210,W,ML,462,59.3,97,64.3,140,61.0,124,57.9,101,54.0,,,,,34.211095,-118.225948,EB/NB 2 TO WB 210 CN,18.32
2025-01-07 11:15:00,770568,210,W,ML,232,50.3,20,75.8,42,72.1,77,48.2,93,36.7,,,,,34.165953,-118.157943,HAMMOND ST.,23.79
2025-01-07 11:15:00,770579,210,W,ML,113,69.0,19,74.2,50,70.7,26,67.3,18,61.5,,,,,34.156597,-118.157944,WINONA WAY,24.442
2025-01-07 11:20:00,717615,210,W,ML,226,45.8,59,49.5,63,46.8,54,43.5,50,42.6,,,,,34.182539,-118.171545,ARROYO 1,22.3
2025-01-07 11:20:00,717622,210,W,ML,202,53.9,31,75.6,65,65.8,57,42.8,49,37.3,,,,,34.176273,-118.161942,LINCOLN 1,23.0
2025-01-07 11:20:00,717624,210,W,ML,237,62.5,49,68.8,55,65.5,48,60.9,43,58.2,42,57.6,,,34.164368,-118.158093,MOUNTAIN 1,23.9
2025-01-07 11:20:00,717627,210,W,ML,77,67.6,34,69.5,43,66.1,,,,,,,,,34.15225,-118.154678,WALNUT,24.9
2025-01-07 11:20:00,717630,210,W,ML,101,62.8,21,68.1,31,64.6,27,61.3,22,57.2,,,,,34.152218,-118.14821,FAIR OAKS 1,25.4
2025-01-07 11:20:00,717632,210,W,HV,101,62.8,101,62.8,,,,,,,,,,,34.152218,-118.14821,FAIR OAKS 1,25.4
2025-01-07 11:20:00,717634,210,W,ML,435,51.0,98,56.1,98,53.1,86,49.1,80,47.4,73,47.6,,,34.15195,-118.13555,LAKE 1,26.12
2025-01-07 11:20:00,717637,210,W,ML,483,56.4,117,70.4,108,65.6,78,46.9,81,43.4,99,48.1,,,34.152357,-118.123714,HILL,26.8
2025-01-07 11:20:00,717642,210,W,ML,482,57.5,114,71.2,112,66.0,79,52.7,69,43.6,108,46.8,,,34.1527,-118.102255,ALTADENA,28.03
2025-01-07 11:20:00,717643,210,W,HV,44,62.1,44,62.1,,,,,,,,,,,34.1527,-118.102255,ALTADENA,28.03
2025-01-07 11:20:00,717644,210,W,ML,486,57.3,122,73.4,129,61.2,82,51.0,82,41.7,71,47.9,,,34.152727,-118.098063,SAN GABRIEL,28.27
2025-01-07 11:20:00,717645,210,W,HV,50,64.9,50,64.9,,,,,,,,,,,34.152727,-118.098063,SAN GABRIEL,28.27
2025-01-07 11:20:00,717649,210,W,ML,452,59.7,130,72.5,125,62.4,79,44.0,73,55.8,45,49.1,,,34.148074,-118.08377,SIERRA MADRE V1,29.17
2025-01-07 11:20:00,717653,210,W,ML,334,51.9,90,52.2,86,51.3,68,50.8,56,52.6,34,53.4,,,34.148737,-118.071321,ROSEMEAD 1,29.879
2025-01-07 11:20:00,761318,210,W,HV,101,62.8,101,62.8,,,,,,,,,,,34.15195,-118.13555,LAKE 1,26.12
2025-01-07 11:20:00,761322,210,W,HV,49,65.1,49,65.1,,,,,,,,,,,34.152357,-118.123714,HILL,26.8
2025-01-07 11:20:00,761325,210,W,HV,59,61.2,59,61.2,,,,,,,,,,,34.148074,-118.08377,SIERRA MADRE V1,29.17
2025-01-07 11:20:00,761431,210,W,HV,101,62.8,101,62.8,,,,,,,,,,,34.148737,-118.071321,ROSEMEAD 1,29.879
2025-01-07 11:20:00,764135,210,W,HV,101,62.8,101,62.8,,,,,,,,,,,34.152092,-118.143249,MARENGO,25.68
2025-01-07 11:20:00,764137,210,W,ML,586,60.8,99,65.9,116,63.7,101,62.0,103,59.6,94,55.6,73,55.6,34.152092,-118.143249,MARENGO,25.68
2025-01-07 11:20:00,769807,210,W,ML,245,64.7,52,75.5,67,67.9,65,59.9,61,57.2,,,,,34.197068,-118.184827,FOOTHILL,20.98
2025-01-07 11:20:00,769867,210,W,ML,189,57.0,47,74.3,53,67.2,47,52.7,42,29.4,,,,,34.218652,-118.239558,LA CRESCENTA,17.38
2025-01-07 11:20:00,769911,210,W,ML,227,52.6,42,73.1,57,47.9,46,57.2,42,38.4,40,47.5,,,34.224897,-118.251344,PENNSYLVANIA,16.58
2025-01-07 11:20:00,769926,210,W,ML,284,52.8,53,57.5,57,54.5,48,51.2,44,49.5,41,50.3,41,52.5,34.214462,-118.232443,OCEAN VIEW,17.88
2025-01-07 11:20:00,769941,210,W,ML,236,49.2,43,71.1,59,68.3,62,32.4,72,34.9,,,,,34.207101,-118.204943,ANGELES CREST HWY SB,19.58
2025-01-07 11:20:00,769953,210,W,ML,230,53.8,56,71.5,71,67.1,50,32.4,53,37.5,,,,,34.206998,-118.201441,ANGELES CREST HWY NB,19.78
2025-01-07 11:20:00,769965,210,W,ML,152,51.7,49,72.9,8,69.2,53,44.4,42,32.8,,,,,34.232554,-118.271772,HONOLULU,15.28
2025-01-07 11:20:00,769983,210,W,ML,267,48.6,70,43.3,80,51.3,61,50.8,56,49.1,,,,,34.203186,-118.191671,GOULD,20.4
2025-01-07 11:20:00,770000,210,W,ML,270,62.4,70,67.4,74,64.2,65,59.8,61,57.2,,,,,34.19198,-118.181214,BERKSHIRE,21.39
2025-01-07 11:20:00,770129,210,W,ML,213,60.3,50,74.7,65,67.9,60,49.7,38,45.3,,,,,34.234984,-118.290562,LA TUNA CANYON NB,14.18
2025-01-07 11:20:00,770141,210,W,ML,171,60.7,51,68.0,60,65.5,17,65.8,43,43.2,,,,,34.234987,-118.294031,LA TUNA CANYON SB,13.98
2025-01-07 11:20:00,770386,210,W,ML,247,42.4,63,46.7,68,43.9,60,39.5,56,39.0,,,,,34.207155,-118.2137,EB/NB 2 TO EB 210 CN,19.08
2025-01-07 11:20:00,770401,210,W,ML,463,59.4,97,64.4,140,61.1,124,58.0,102,54.1,,,,,34.211095,-118.225948,EB/NB 2 TO WB 210 CN,18.32
2025-01-07 11:20:00,770568,210,W,ML,284,52.0,43,75.3,42,71.7,103,48.5,96,36.8,,,,,34.165953,-118.157943,HAMMOND ST.,23.79
2025-01-07 11:20:00,770579,210,W,ML,102,66.7,15,74.2,26,70.5,21,67.3,40,61.0,,,,,34.156597,-118.157944,WINONA WAY,24.442
2025-01-07 11:25:00,717615,210,W,ML,209,42.8,55,46.3,59,43.6,51,40.6,44,39.9,,,,,34.182539,-118.171545,ARROYO 1,22.3
2025-01-07 11:25:00,717622,210,W,ML,198,54.8,36,75.9,74,66.2,43,38.8,45,34.4,,,,,34.176273,-118.161942,LINCOLN 1,23.0
2025-01-07 11:25:00,717624,210,W,ML,241,62.8,50,69.0,56,65.7,49,61.2,44,58.4,42,57.8,,,34.164368,-118.158093,MOUNTAIN 1,23.9
2025-01-07 11:25:00,717627,210,W,ML,82,67.7,37,69.6,45,66.2,,,,,,,,,34.15225,-118.154678,WALNUT,24.9
2025-01-07 11:25:00,717630,210,W,ML,101,62.8,21,68.1,31,64.6,27,61.3,22,57.2,,,,,34.152218,-118.14821,FAIR OAKS 1,25.4
2025-01-07 11:25:00,717632,210,W,HV,102,62.8,102,62.8,,,,,,,,,,,34.152218,-118.14821,FAIR OAKS 1,25.4
2025-01-07 11:25:00,717634,210,W,ML,419,51.4,93,56.4,95,53.4,82,49.7,77,47.9,72,48.1,,,34.15195,-118.13555,LAKE 1,26.12
2025-01-07 11:25:00,717637,210,W,ML,477,56.4,126,69.8,98,64.3,93,48.3,69,42.4,91,48.3,,,34.152357,-118.123714,HILL,26.8
2025-01-07 11:25:00,717642,210,W,ML,465,59.2,120,71.9,94,65.8,78,55.2,76,46.4,97,50.5,,,34.1527,-118.102255,ALTADENA,28.03
2025-01-07 11:25:00,717643,210,W,HV,48,61.9,48,61.9,,,,,,,,,,,34.1527,-118.102255,ALTADENA,28.03
2025-01-07 11:25:00,717644,210,W,ML,514,57.6,131,72.6,118,60.2,94,50.9,89,44.8,82,51.4,,,34.152727,-118.098063,SAN GABRIEL,28.27
2025-01-07 11:25:00,717645,210,W,HV,42,65.2,42,65.2,,,,,,,,,,,34.152727,-118.098063,SAN GABRIEL,28.27
2025-01-07 11:25:00,717649,210,W,ML,438,59.1,127,72.2,107,60.5,70,43.0,82,56.5,52,49.7,,,34.148074,-118.08377,SIERRA MADRE V1,29.17
2025-01-07 11:25:00,717653,210,W,ML,295,52.4,79,52.8,77,51.9,60,51.4,50,53.0,29,53.6,,,34.148737,-118.071321,ROSEMEAD 1,29.879
2025-01-07 11:25:00,761318,210,W,HV,102,62.8,102,62.8,,,,,,,,,,,34.15195,-118.13555,LAKE 1,26.12
2025-01-07 11:25:00,761322,210,W,HV,44,64.8,44,64.8,,,,,,,,,,,34.152357,-118.123714,HILL,26.8
2025-01-07 11:25:00,761325,210,W,HV,42,63.1,42,63.1,,,,,,,,,,,34.148074,-118.08377,SIERRA MADRE V1,29.17
2025-01-07 11:25:00,761431,210,W,HV,102,62.8,102,62.8,,,,,,,,,,,34.148737,-118.071321,ROSEMEAD 1,29.879
2025-01-07 11:25:00,764135,210,W,HV,102,62.8,102,62.8,,,,,,,,,,,34.152092,-118.143249,MARENGO,25.68
2025-01-07 11:25:00,764137,210,W,ML,592,60.5,100,65.7,117,63.5,102,61.8,104,59.4,95,55.4,74,55.4,34.152092,-118.143249,MARENGO,25.68
2025-01-07 11:25:00,769807,210,W,ML,271,65.9,47,76.1,81,70.0,74,61.6,69,58.7,,,,,34.197068,-118.184827,FOOTHILL,20.98
2025-01-07 11:25:00,769867,210,W,ML,196,55.2,48,73.5,55,66.4,45,48.9,48,30.1,,,,,34.218652,-118.239558,LA CRESCENTA,17.38
2025-01-07 11:25:00,769911,210,W,ML,220,48.2,43,73.3,56,42.1,39,48.0,43,35.6,39,43.2,,,34.224897,-118.251344,PENNSYLVANIA,16.58
2025-01-07 11:25:00,769926,210,W,ML,309,50.2,58,54.3,62,51.5,53,48.4,47,47.0,45,48.1,44,50.7,34.214462,-118.232443,OCEAN VIEW,17.88
2025-01-07 11:25:00,769941,210,W,ML,212,53.2,41,73.0,53,67.1,47,40.1,71,40.1,,,,,34.207101,-118.204943,ANGELES CREST HWY SB,19.58
2025-01-07 11:25:00,769953,210,W,ML,190,54.8,34,72.9,60,65.9,44,41.2,52,41.8,,,,,34.206998,-118.201441,ANGELES CREST HWY NB,19.78
2025-01-07 11:25:00,769965,210,W,ML,164,52.0,57,72.8,20,69.7,44,36.8,43,31.6,,,,,34.232554,-118.271772,HONOLULU,15.28
2025-01-07 11:25:00,769983,210,W,ML,243,50.8,61,46.5,69,54.0,59,52.0,54,50.2,,,,,34.203186,-118.191671,GOULD,20.4
2025-01-07 11:25:00,770000,210,W,ML,310,63.9,82,69.1,85,65.7,74,61.2,69,58.5,,,,,34.19198,-118.181214,BERKSHIRE,21.39
2025-01-07 11:25:00,770129,210,W,ML,196,58.9,57,73.7,57,67.7,49,41.5,33,43.7,,,,,34.234984,-118.290562,LA TUNA CANYON NB,14.18
2025-01-07 11:25:00,770141,210,W,ML,136,59.8,38,67.8,49,65.2,13,65.7,36,41.8,,,,,34.234987,-118.294031,LA TUNA CANYON SB,13.98
2025-01-07 11:25:00,770386,210,W,ML,231,46.5,58,51.0,64,48.0,56,43.7,53,42.7,,,,,34.207155,-118.2137,EB/NB 2 TO EB 210 CN,19.08
2025-01-07 11:25:00,770401,210,W,ML,464,59.4,97,64.4,141,61.1,124,58.0,102,54.1,,,,,34.211095,-118.225948,EB/NB 2 TO WB 210 CN,18.32
2025-01-07 11:25:00,770568,210,W,ML,207,56.6,38,75.5,36,72.2,68,50.4,65,43.4,,,,,34.165953,-118.157943,HAMMOND ST.,23.79
2025-01-07 11:25:00,770579,210,W,ML,99,66.1,8,74.5,29,70.6,15,67.4,47,61.5,,,,,34.156597,-118.157944,WINONA WAY,24.442
2025-01-07 11:30:00,717615,210,W,ML,215,44.3,56,47.9,60,45.2,52,42.1,47,41.3,,,,,34.182539,-118.171545,ARROYO 1,22.3
2025-01-07 11:30:00,717622,210,W,ML,213,55.3,47,77.3,68,65.7,52,40.9,46,33.7,,,,,34.176273,-118.161942,LINCOLN 1,23.0
2025-01-07 11:30:00,717624,210,W,ML,248,62.7,49,69.0,56,65.7,50,61.2,47,58.5,46,58.0,,,34.164368,-118.158093,MOUNTAIN 1,23.9
2025-01-07 11:30:00,717627,210,W,ML,98,67.9,47,69.7,51,66.2,,,,,,,,,34.15225,-118.154678,WALNUT,24.9
2025-01-07 11:30:00,717630,210,W,ML,101,62.8,21,68.1,31,64.6,27,61.3,22,57.2,,,,,34.152218,-118.14821,FAIR OAKS 1,25.4
2025-01-07 11:30:00,717632,210,W,HV,101,62.8,101,62.8,,,,,,,,,,,34.152218,-118.14821,FAIR OAKS 1,25.4
2025-01-07 11:30:00,717634,210,W,ML,391,52.0,87,57.1,89,54.1,77,50.2,72,48.4,66,48.5,,,34.15195,-118.13555,LAKE 1,26.12
2025-01-07 11:30:00,717637,210,W,ML,424,57.2,109,72.4,96,65.9,63,53.2,70,39.8,86,45.4,,,34.152357,-118.123714,HILL,26.8
2025-01-07 11:30:00,717642,210,W,ML,463,58.3,111,74.3,92,66.3,81,53.8,80,44.2,99,48.0,,,34.1527,-118.102255,ALTADENA,28.03
2025-01-07 11:30:00,717643,210,W,HV,54,62.8,54,62.8,,,,,,,,,,,34.1527,-118.102255,ALTADENA,28.03
2025-01-07 11:30:00,717644,210,W,ML,518,56.2,138,72.2,107,60.8,99,49.0,91,41.2,83,48.7,,,34.152727,-118.098063,SAN GABRIEL,28.27
2025-01-07 11:30:00,717645,210,W,HV,61,65.8,61,65.8,,,,,,,,,,,34.152727,-118.098063,SAN GABRIEL,28.27
2025-01-07 11:30:00,717649,210,W,ML,469,57.9,123,72.6,120,60.8,76,40.8,84,55.5,66,48.0,,,34.148074,-118.08377,SIERRA MADRE V1,29.17
2025-01-07 11:30:00,717653,210,W,ML,341,50.9,92,51.1,89,50.3,69,49.8,57,51.8,34,52.8,,,34.148737,-118.071321,ROSEMEAD 1,29.879
2025-01-07 11:30:00,761318,210,W,HV,101,62.8,101,62.8,,,,,,,,,,,34.15195,-118.13555,LAKE 1,26.12
2025-01-07 11:30:00,761322,210,W,HV,48,65.4,48,65.4,,,,,,,,,,,34.152357,-118.123714,HILL,26.8
2025-01-07 11:30:00,761325,210,W,HV,67,63.3,67,63.3,,,,,,,,,,,34.148074,-118.08377,SIERRA MADRE V1,29.17
2025-01-07 11:30:00,761431,210,W,HV,101,62.8,101,62.8,,,,,,,,,,,34.148737,-118.071321,ROSEMEAD 1,29.879
2025-01-07 11:30:00,764135,210,W,HV,101,62.8,101,62.8,,,,,,,,,,,34.152092,-118.143249,MARENGO,25.68
2025-01-07 11:30:00,764137,210,W,ML,599,60.5,102,65.6,118,63.4,103,61.7,105,59.3,96,55.3,75,55.3,34.152092,-118.143249,MARENGO,25.68
2025-01-07 11:30:00,769807,210,W,ML,242,65.9,41,75.0,71,70.5,67,61.9,63,59.0,,,,,34.197068,-118.184827,FOOTHILL,20.98
2025-01-07 11:30:00,769867,210,W,ML,190,54.7,44,73.5,57,66.6,43,47.4,46,28.9,,,,,34.218652,-118.239558,LA CRESCENTA,17.38
2025-01-07 11:30:00,769911,210,W,ML,233,51.6,52,73.9,52,47.0,40,54.8,50,35.3,39,45.6,,,34.224897,-118.251344,PENNSYLVANIA,16.58
2025-01-07 11:30:00,769926,210,W,ML,301,49.1,56,53.1,60,50.3,52,47.3,46,46.0,44,47.2,43,50.0,34.214462,-118.232443,OCEAN VIEW,17.88
2025-01-07 11:30:00,769941,210,W,ML,231,57.7,54,72.9,74,68.5,37,40.4,66,42.8,,,,,34.207101,-118.204943,ANGELES CREST HWY SB,19.58
2025-01-07 11:30:00,769953,210,W,ML,217,56.9,60,72.8,61,67.1,53,43.3,43,37.2,,,,,34.206998,-118.201441,ANGELES CREST HWY NB,19.78
2025-01-07 11:30:00,769965,210,W,ML,147,53.6,60,72.3,7,70.3,46,43.3,34,31.1,,,,,34.232554,-118.271772,HONOLULU,15.28
2025-01-07 11:30:00,769983,210,W,ML,250,51.4,66,48.2,75,55.0,56,51.8,53,50.0,,,,,34.203186,-118.191671,GOULD,20.4
2025-01-07 11:30:00,770000,210,W,ML,281,64.2,73,69.5,77,66.1,68,61.5,63,58.8,,,,,34.19198,-118.181214,BERKSHIRE,21.39
2025-01-07 11:30:00,770129,210,W,ML,206,61.5,62,74.6,72,69.9,40,40.6,32,43.6,,,,,34.234984,-118.290562,LA TUNA CANYON NB,14.18
2025-01-07 11:30:00,770141,210,W,ML,123,60.4,34,69.6,45,65.2,12,65.7,32,41.7,,,,,34.234987,-118.294031,LA TUNA CANYON SB,13.98
2025-01-07 11:30:00,770386,210,W,ML,285,48.7,76,53.2,79,50.2,68,45.8,62,44.6,,,,,34.207155,-118.2137,EB/NB 2 TO EB 210 CN,19.08
2025-01-07 11:30:00,770401,210,W,ML,465,59.5,97,64.5,141,61.2,125,58.1,102,54.2,,,,,34.211095,-118.225948,EB/NB 2 TO WB 210 CN,18.32
2025-01-07 11:30:00,770568,210,W,ML,302,57.4,66,73.6,42,70.1,112,53.3,82,43.5,,,,,34.165953,-118.157943,HAMMOND ST.,23.79
2025-01-07 11:30:00,770579,210,W,ML,132,68.1,18,74.7,44,70.7,34,67.5,36,62.1,,,,,34.156597,-118.157944,WINONA WAY,24.442
2025-01-07 11:35:00,717615,210,W,ML,251,45.2,66,48.9,69,46.2,60,43.0,56,42.1,,,,,34.182539,-118.171545,ARROYO 1,22.3
2025-01-07 11:35:00,717622,210,W,ML,220,51.2,29,77.0,58,67.5,77,42.1,56,33.3,,,,,34.176273,-118.161942,LINCOLN 1,23.0
2025-01-07 11:35:00,717624,210,W,ML,306,62.8,66,68.9,70,65.6,61,61.2,55,58.4,54,57.9,,,34.164368,-118.158093,MOUNTAIN 1,23.9
2025-01-07 11:35:00,717627,210,W,ML,105,68.0,49,69.8,56,66.4,,,,,,,,,34.15225,-118.154678,WALNUT,24.9
2025-01-07 11:35:00,717630,210,W,ML,100,62.8,21,68.1,30,64.6,27,61.3,22,57.2,,,,,34.152218,-118.14821,FAIR OAKS 1,25.4
2025-01-07 11:35:00,717632,210,W,HV,100,62.8,100,62.8,,,,,,,,,,,34.152218,-118.14821,FAIR OAKS 1,25.4
2025-01-07 11:35:00,717634,210,W,ML,437,51.3,98,56.3,99,53.3,86,49.5,80,47.7,74,47.9,,,34.15195,-118.13555,LAKE 1,26.12
2025-01-07 11:35:00,717637,210,W,ML,510,57.0,128,71.8,105,65.6,91,52.1,85,43.8,101,44.7,,,34.152357,-118.123714,HILL,26.8
2025-01-07 11:35:00,717642,210,W,ML,541,57.9,141,71.8,108,65.3,83,53.5,82,43.7,127,48.1,,,34.1527,-118.102255,ALTADENA,28.03
2025-01-07 11:35:00,717643,210,W,HV,45,63.1,45,63.1,,,,,,,,,,,34.1527,-118.102255,ALTADENA,28.03
2025-01-07 11:35:00,717644,210,W,ML,529,57.5,151,71.2,111,60.5,90,51.5,93,46.0,84,48.0,,,34.152727,-118.098063,SAN GABRIEL,28.27
2025-01-07 11:35:00,717645,210,W,HV,41,65.7,41,65.7,,,,,,,,,,,34.152727,-118.098063,SAN GABRIEL,28.27
2025-01-07 11:35:00,717649,210,W,ML,470,59.0,136,72.5,112,60.8,82,45.9,83,55.9,57,46.6,,,34.148074,-118.08377,SIERRA MADRE V1,29.17
2025-01-07 11:35:00,717653,210,W,ML,347,50.3,93,49.7,89,49.0,70,50.1,59,52.2,36,52.5,,,34.148737,-118.071321,ROSEMEAD 1,29.879
2025-01-07 11:35:00,761318,210,W,HV,100,62.8,100,62.8,,,,,,,,,,,34.15195,-118.13555,LAKE 1,26.12
2025-01-07 11:35:00,761322,210,W,HV,43,65.5,43,65.5,,,,,,,,,,,34.152357,-118.123714,HILL,26.8
2025-01-07 11:35:00,761325,210,W,HV,57,62.8,57,62.8,,,,,,,,,,,34.148074,-118.08377,SIERRA MADRE V1,29.17
2025-01-07 11:35:00,761431,210,W,HV,100,62.8,100,62.8,,,,,,,,,,,34.148737,-118.071321,ROSEMEAD 1,29.879
2025-01-07 11:35:00,764135,210,W,HV,100,62.8,100,62.8,,,,,,,,,,,34.152092,-118.143249,MARENGO,25.68
2025-01-07 11:35:00,764137,210,W,ML,597,60.5,101,65.6,118,63.4,103,61.7,105,59.3,96,55.3,74,55.3,34.152092,-118.143249,MARENGO,25.68
2025-01-07 11:35:00,769807,210,W,ML,245,62.7,39,70.6,73,67.1,69,59.3,64,56.7,,,,,34.197068,-118.184827,FOOTHILL,20.98
2025-01-07 11:35:00,769867,210,W,ML,205,55.7,40,73.9,66,68.0,44,52.0,55,30.6,,,,,34.218652,-118.239558,LA CRESCENTA,17.38
2025-01-07 11:35:00,769911,210,W,ML,230,49.6,45,73.6,57,44.2,38,52.6,49,35.1,41,45.6,,,34.224897,-118.251344,PENNSYLVANIA,16.58
2025-01-07 11:35:00,769926,210,W,ML,345,52.4,65,56.9,69,54.0,59,50.7,53,49.0,50,49.9,49,52.1,34.214462,-118.232443,OCEAN VIEW,17.88
2025-01-07 11:35:00,769941,210,W,ML,221,53.8,52,71.8,62,65.7,48,37.5,59,38.6,,,,,34.207101,-118.204943,ANGELES CREST HWY SB,19.58
2025-01-07 11:35:00,769953,210,W,ML,190,56.0,48,71.6,67,65.3,40,41.6,35,33.3,,,,,34.206998,-118.201441,ANGELES CREST HWY NB,19.78
2025-01-07 11:35:00,769965,210,W,ML,145,51.9,55,72.3,7,70.6,52,39.8,31,31.8,,,,,34.232554,-118.271772,HONOLULU,15.28
2025-01-07 11:35:00,769983,210,W,ML,238,50.1,63,46.3,71,53.9,54,50.6,50,48.9,,,,,34.203186,-118.191671,GOULD,20.4
2025-01-07 11:35:00,770000,210,W,ML,288,61.8,75,66.8,79,63.6,69,59.2,65,56.7,,,,,34.19198,-118.181214,BERKSHIRE,21.39
2025-01-07 11:35:00,770129,210,W,ML,187,58.6,52,73.6,57,68.4,48,39.3,30,45.1,,,,,34.234984,-118.290562,LA TUNA CANYON NB,14.18
2025-01-07 11:35:00,770141,210,W,ML,133,60.4,37,68.5,48,65.5,13,65.8,35,43.0,,,,,34.234987,-118.294031,LA TUNA CANYON SB,13.98
2025-01-07 11:35:00,770386,210,W,ML,254,45.4,66,49.7,70,46.8,62,42.5,56,41.6,,,,,34.207155,-118.2137,EB/NB 2 TO EB 210 CN,19.08
2025-01-07 11:35:00,770401,210,W,ML,468,59.5,98,64.5,142,61.2,125,58.1,103,54.2,,,,,34.211095,-118.225948,EB/NB 2 TO WB 210 CN,18.32
2025-01-07 11:35:00,770568,210,W,ML,354,57.4,60,74.1,70,69.9,134,51.3,90,45.5,,,,,34.165953,-118.157943,HAMMOND ST.,23.79
2025-01-07 11:35:00,770579,210,W,ML,121,67.4,15,74.6,43,70.9,14,67.5,49,62.1,,,,,34.156597,-118.157944,WINONA WAY,24.442
2025-01-07 11:40:00,717615,210,W,ML,267,50.8,71,54.9,74,52.0,64,48.4,58,46.9,,,,,34.182539,-118.171545,ARROYO 1,22.3
2025-01-07 11:40:00,717622,210,W,ML,238,55.0,39,77.6,61,67.4,77,49.3,61,35.5,,,,,34.176273,-118.161942,LINCOLN 1,23.0
2025-01-07 11:40:00,717624,210,W,ML,266,61.7,54,67.9,60,64.6,53,60.2,50,57.6,49,57.2,,,34.164368,-118.158093,MOUNTAIN 1,23.9
2025-01-07 11:40:00,717627,210,W,ML,89,67.9,42,69.7,47,66.3,,,,,,,,,34.15225,-118.154678,WALNUT,24.9
2025-01-07 11:40:00,717630,210,W,ML,101,62.9,21,68.2,31,64.7,27,61.4,22,57.2,,,,,34.152218,-118.14821,FAIR OAKS 1,25.4
2025-01-07 11:40:00,717632,210,W,HV,101,62.9,101,62.9,,,,,,,,,,,34.152218,-118.14821,FAIR OAKS 1,25.4
2025-01-07 11:40:00,717634,210,W,ML,405,52.6,90,57.8,92,54.7,80,50.9,74,49.0,69,49.1,,,34.15195,-118.13555,LAKE 1,26.12
2025-01-07 11:40:00,717637,210,W,ML,470,56.8,114,71.4,93,63.6,88,51.8,79,43.8,96,48.1,,,34.152357,-118.123714,HILL,26.8
2025-01-07 11:40:00,717642,210,W,ML,472,58.5,115,72.6,91,65.4,78,54.6,78,45.5,110,50.2,,,34.1527,-118.102255,ALTADENA,28.03
2025-01-07 11:40:00,717643,210,W,HV,51,62.7,51,62.7,,,,,,,,,,,34.1527,-118.102255,ALTADENA,28.03
2025-01-07 11:40:00,717644,210,W,ML,503,57.4,132,69.1,103,60.3,97,54.5,86,46.4,85,50.1,,,34.152727,-118.098063,SAN GABRIEL,28.27
2025-01-07 11:40:00,717645,210,W,HV,51,65.3,51,65.3,,,,,,,,,,,34.152727,-118.098063,SAN GABRIEL,28.27
2025-01-07 11:40:00,717649,210,W,ML,427,60.0,119,72.9,102,60.0,79,50.7,82,57.1,45,47.2,,,34.148074,-118.08377,SIERRA MADRE V1,29.17
2025-01-07 11:40:00,717653,210,W,ML,334,52.9,90,52.3,86,51.7,68,53.3,56,54.5,34,54.3,,,34.148737,-118.071321,ROSEMEAD 1,29.879
2025-01-07 11:40:00,761318,210,W,HV,101,62.9,101,62.9,,,,,,,,,,,34.15195,-118.13555,LAKE 1,26.12
2025-01-07 11:40:00,761322,210,W,HV,52,65.2,52,65.2,,,,,,,,,,,34.152357,-118.123714,HILL,26.8
2025-01-07 11:40:00,761325,210,W,HV,53,62.7,53,62.7,,,,,,,,,,,34.148074,-118.08377,SIERRA MADRE V1,29.17
2025-01-07 11:40:00,761431,210,W,HV,101,62.9,101,62.9,,,,,,,,,,,34.148737,-118.071321,ROSEMEAD 1,29.879
2025-01-07 11:40:00,764135,210,W,HV,101,62.9,101,62.9,,,,,,,,,,,34.152092,-118.143249,MARENGO,25.68
2025-01-07 11:40:00,764137,210,W,ML,603,60.3,102,65.5,119,63.3,104,61.6,106,59.2,97,55.2,75,55.2,34.152092,-118.143249,MARENGO,25.68
2025-01-07 11:40:00,769807,210,W,ML,237,60.3,50,71.0,65,62.6,63,55.8,59,53.6,,,,,34.197068,-118.184827,FOOTHILL,20.98
2025-01-07 11:40:00,769867,210,W,ML,185,56.3,37,74.0,57,69.2,44,52.7,47,30.1,,,,,34.218652,-118.239558,LA CRESCENTA,17.38
2025-01-07 11:40:00,769911,210,W,ML,220,49.4,42,74.6,53,43.3,42,52.3,44,33.9,39,45.2,,,34.224897,-118.251344,PENNSYLVANIA,16.58
2025-01-07 11:40:00,769926,210,W,ML,306,52.8,57,57.5,61,54.5,53,51.2,47,49.5,44,50.3,44,52.5,34.214462,-118.232443,OCEAN VIEW,17.88
2025-01-07 11:40:00,769941,210,W,ML,261,52.6,55,72.9,67,69.3,70,37.8,69,35.4,,,,,34.207101,-118.204943,ANGELES CREST HWY SB,19.58
2025-01-07 11:40:00,769953,210,W,ML,221,53.0,40,72.4,65,69.9,63,41.8,53,30.8,,,,,34.206998,-118.201441,ANGELES CREST HWY NB,19.78
2025-01-07 11:40:00,769965,210,W,ML,133,48.7,41,73.1,7,70.6,47,38.7,38,30.6,,,,,34.232554,-118.271772,HONOLULU,15.28
2025-01-07 11:40:00,769983,210,W,ML,275,50.9,73,49.3,84,55.3,61,49.7,57,48.1,,,,,34.203186,-118.191671,GOULD,20.4
2025-01-07 11:40:00,770000,210,W,ML,265,58.6,68,63.3,73,60.2,64,56.2,60,54.0,,,,,34.19198,-118.181214,BERKSHIRE,21.39
2025-01-07 11:40:00,770129,210,W,ML,193,58.2,50,75.0,60,69.6,51,38.6,32,41.9,,,,,34.234984,-118.290562,LA TUNA CANYON NB,14.18
2025-01-07 11:40:00,770141,210,W,ML,142,59.8,40,69.3,51,64.9,14,65.6,37,40.3,,,,,34.234987,-118.294031,LA TUNA CANYON SB,13.98
2025-01-07 11:40:00,770386,210,W,ML,270,42.8,70,47.1,74,44.3,65,39.9,61,39.3,,,,,34.207155,-118.2137,EB/NB 2 TO EB 210 CN,19.08
2025-01-07 11:40:00,770401,210,W,ML,469,59.4,98,64.4,142,61.1,126,58.0,103,54.1,,,,,34.211095,-118.225948,EB/NB 2 TO WB 210 CN,18.32
2025-01-07 11:40:00,770568,210,W,ML,308,56.7,53,75.2,58,67.5,105,54.1,92,42.2,,,,,34.165953,-118.157943,HAMMOND ST.,23.79
2025-01-07 11:40:00,770579,210,W,ML,110,68.5,22,74.9,38,70.8,19,67.5,31,61.8,,,,,34.156597,-118.157944,WINONA WAY,24.442
2025-01-07 11:45:00,717615,210,W,ML,229,48.2,60,52.1,64,49.3,55,45.9,50,44.7,,,,,34.182539,-118.171545,ARROYO 1,22.3
2025-01-07 11:45:00,717622,210,W,ML,200,51.3,21,76.7,48,67.2,81,46.0,50,34.0,,,,,34.176273,-118.161942,LINCOLN 1,23.0
2025-01-07 11:45:00,717624,210,W,ML,238,62.6,48,68.8,54,65.5,48,61.1,44,58.3,44,57.9,,,34.164368,-118.158093,MOUNTAIN 1,23.9
2025-01-07 11:45:00,717627,210,W,ML,89,67.8,41,69.7,48,66.2,,,,,,,,,34.15225,-118.154678,WALNUT,24.9
2025-01-07 11:45:00,717630,210,W,ML,101,63.0,21,68.3,31,64.8,27,61.5,22,57.3,,,,,34.152218,-118.14821,FAIR OAKS 1,25.4
2025-01-07 11:45:00,717632,210,W,HV,101,63.0,101,63.0,,,,,,,,,,,34.152218,-118.14821,FAIR OAKS 1,25.4
2025-01-07 11:45:00,717634,210,W,ML,424,54.1,95,59.4,96,56.3,84,52.4,78,50.4,71,50.3,,,34.15195,-118.13555,LAKE 1,26.12
2025-01-07 11:45:00,717637,210,W,ML,461,58.7,115,72.6,100,66.2,73,54.1,82,44.1,91,49.6,,,34.152357,-118.123714,HILL,26.8
2025-01-07 11:45:00,717642,210,W,ML,525,55.0,123,53.3,112,65.9,84,54.9,79,45.7,127,52.8,,,34.1527,-118.102255,ALTADENA,28.03
2025-01-07 11:45:00,717643,210,W,HV,48,62.5,48,62.5,,,,,,,,,,,34.1527,-118.102255,ALTADENA,28.03
2025-01-07 11:45:00,717644,210,W,ML,519,56.6,129,69.2,127,60.5,88,50.5,94,44.9,81,50.5,,,34.152727,-118.098063,SAN GABRIEL,28.27
2025-01-07 11:45:00,717645,210,W,HV,50,64.6,50,64.6,,,,,,,,,,,34.152727,-118.098063,SAN GABRIEL,28.27
2025-01-07 11:45:00,717649,210,W,ML,484,59.2,130,72.7,124,59.8,84,47.3,82,56.2,64,50.1,,,34.148074,-118.08377,SIERRA MADRE V1,29.17
2025-01-07 11:45:00,717653,210,W,ML,356,52.7,95,53.2,92,52.2,72,51.8,60,53.2,37,53.8,,,34.148737,-118.071321,ROSEMEAD 1,29.879
2025-01-07 11:45:00,761318,210,W,HV,101,63.0,101,63.0,,,,,,,,,,,34.15195,-118.13555,LAKE 1,26.12
2025-01-07 11:45:00,761322,210,W,HV,54,65.9,54,65.9,,,,,,,,,,,34.152357,-118.123714,HILL,26.8
2025-01-07 11:45:00,761325,210,W,HV,56,62.4,56,62.4,,,,,,,,,,,34.148074,-118.08377,SIERRA MADRE V1,29.17
2025-01-07 11:45:00,761431,210,W,HV,101,63.0,101,63.0,,,,,,,,,,,34.148737,-118.071321,ROSEMEAD 1,29.879
2025-01-07 11:45:00,764135,210,W,HV,101,63.0,101,63.0,,,,,,,,,,,34.152092,-118.143249,MARENGO,25.68
2025-01-07 11:45:00,764137,210,W,ML,603,60.2,102,65.4,119,63.2,104,61.5,106,59.1,97,55.1,75,55.1,34.152092,-118.143249,MARENGO,25.68
2025-01-07 11:45:00,769807,210,W,ML,220,60.0,23,72.5,69,63.9,66,56.8,62,54.5,,,,,34.197068,-118.184827,FOOTHILL,20.98
2025-01-07 11:45:00,769867,210,W,ML,207,57.3,51,74.3,57,68.1,46,53.5,53,32.5,,,,,34.218652,-118.239558,LA CRESCENTA,17.38
2025-01-07 11:45:00,769911,210,W,ML,225,50.7,42,75.1,54,44.2,49,54.9,40,32.9,40,46.4,,,34.224897,-118.251344,PENNSYLVANIA,16.58
2025-01-07 11:45:00,769926,210,W,ML,334,53.4,61,58.2,67,55.2,58,51.8,51,50.0,49,50.8,48,52.9,34.214462,-118.232443,OCEAN VIEW,17.88
2025-01-07 11:45:00,769941,210,W,ML,265,54.0,73,71.2,68,67.3,58,38.3,66,35.1,,,,,34.207101,-118.204943,ANGELES CREST HWY SB,19.58
2025-01-07 11:45:00,769953,210,W,ML,254,54.7,66,69.7,69,67.6,68,44.4,51,31.7,,,,,34.206998,-118.201441,ANGELES CREST HWY NB,19.78
2025-01-07 11:45:00,769965,210,W,ML,150,50.3,52,72.9,10,70.6,49,39.8,39,28.2,,,,,34.232554,-118.271772,HONOLULU,15.28
2025-01-07 11:45:00,769983,210,W,ML,292,51.5,78,49.0,90,55.5,64,51.0,60,49.3,,,,,34.203186,-118.191671,GOULD,20.4
2025-01-07 11:45:00,770000,210,W,ML,277,59.6,72,64.3,76,61.2,67,57.1,62,54.8,,,,,34.19198,-118.181214,BERKSHIRE,21.39
2025-01-07 11:45:00,770129,210,W,ML,181,59.3,49,75.8,56,70.0,41,40.5,35,41.3,,,,,34.234984,-118.290562,LA TUNA CANYON NB,14.18
2025-01-07 11:45:00,770141,210,W,ML,135,59.6,38,69.2,49,64.7,13,65.6,35,39.7,,,,,34.234987,-118.294031,LA TUNA CANYON SB,13.98
2025-01-07 11:45:00,770386,210,W,ML,274,42.8,71,46.9,75,44.0,66,40.2,62,39.5,,,,,34.207155,-118.2137,EB/NB 2 TO EB 210 CN,19.08
2025-01-07 11:45:00,770401,210,W,ML,470,59.6,98,64.6,143,61.3,126,58.2,103,54.2,,,,,34.211095,-118.225948,EB/NB 2 TO WB 210 CN,18.32
2025-01-07 11:45:00,770568,210,W,ML,259,53.5,42,74.2,45,69.2,100,48.6,72,38.5,,,,,34.165953,-118.157943,HAMMOND ST.,23.79
2025-01-07 11:45:00,770579,210,W,ML,109,67.5,11,74.6,33,70.7,29,67.5,36,62.5,,,,,34.156597,-118.157944,WINONA WAY,24.442
2025-01-07 11:50:00,717615,210,W,ML,267,43.6,70,47.2,74,44.5,65,41.5,58,40.7,,,,,34.182539,-118.171545,ARROYO 1,22.3
2025-01-07 11:50:00,717622,210,W,ML,224,50.6,28,76.5,67,64.6,67,40.0,62,35.3,,,,,34.176273,-118.161942,LINCOLN 1,23.0
2025-01-07 11:50:00,717624,210,W,ML,257,62.2,51,68.5,58,65.2,52,60.7,48,58.0,48,57.5,,,34.164368,-118.158093,MOUNTAIN 1,23.9
2025-01-07 11:50:00,717627,210,W,ML,90,68.0,43,69.8,47,66.4,,,,,,,,,34.15225,-118.154678,WALNUT,24.9
2025-01-07 11:50:00,717630,210,W,ML,100,63.1,21,68.4,30,64.9,27,61.6,22,57.4,,,,,34.152218,-118.14821,FAIR OAKS 1,25.4
2025-01-07 11:50:00,717632,210,W,HV,100,63.1,100,63.1,,,,,,,,,,,34.152218,-118.14821,FAIR OAKS 1,25.4
2025-01-07 11:50:00,717634,210,W,ML,415,52.3,93,57.4,94,54.4,82,50.5,76,48.7,70,48.8,,,34.15195,-118.13555,LAKE 1,26.12
2025-01-07 11:50:00,717637,210,W,ML,445,57.3,95,73.0,103,68.4,76,50.1,76,40.7,95,48.8,,,34.152357,-118.123714,HILL,26.8
2025-01-07 11:50:00,717642,210,W,ML,446,58.1,96,64.2,90,71.1,78,55.2,75,46.0,107,52.1,,,34.1527,-118.102255,ALTADENA,28.03
2025-01-07 11:50:00,717643,210,W,HV,44,61.6,44,61.6,,,,,,,,,,,34.1527,-118.102255,ALTADENA,28.03
2025-01-07 11:50:00,717644,210,W,ML,485,56.9,108,72.4,117,60.8,87,49.0,96,46.7,77,50.9,,,34.152727,-118.098063,SAN GABRIEL,28.27
2025-01-07 11:50:00,717645,210,W,HV,51,64.5,51,64.5,,,,,,,,,,,34.152727,-118.098063,SAN GABRIEL,28.27
2025-01-07 11:50:00,717649,210,W,ML,442,58.0,110,73.7,125,59.3,65,41.6,81,55.7,61,47.9,,,34.148074,-118.08377,SIERRA MADRE V1,29.17
2025-01-07 11:50:00,717653,210,W,ML,318,50.8,86,51.0,83,50.2,65,49.7,53,51.8,31,52.8,,,34.148737,-118.071321,ROSEMEAD 1,29.879
2025-01-07 11:50:00,761318,210,W,HV,100,63.1,100,63.1,,,,,,,,,,,34.15195,-118.13555,LAKE 1,26.12
2025-01-07 11:50:00,761322,210,W,HV,38,64.5,38,64.5,,,,,,,,,,,34.152357,-118.123714,HILL,26.8
2025-01-07 11:50:00,761325,210,W,HV,57,62.3,57,62.3,,,,,,,,,,,34.148074,-118.08377,SIERRA MADRE V1,29.17
2025-01-07 11:50:00,761431,210,W,HV,100,63.1,100,63.1,,,,,,,,,,,34.148737,-118.071321,ROSEMEAD 1,29.879
2025-01-07 11:50:00,764135,210,W,HV,100,63.1,100,63.1,,,,,,,,,,,34.152092,-118.143249,MARENGO,25.68
2025-01-07 11:50:00,764137,210,W,ML,603,60.3,102,65.5,119,63.3,104,61.6,106,59.2,97,55.2,75,55.2,34.152092,-118.143249,MARENGO,25.68
2025-01-07 11:50:00,769807,210,W,ML,248,64.5,54,74.6,68,67.6,65,59.7,61,57.0,,,,,34.197068,-118.184827,FOOTHILL,20.98
2025-01-07 11:50:00,769867,210,W,ML,188,48.5,22,70.5,61,57.5,52,46.4,53,30.9,,,,,34.218652,-118.239558,LA CRESCENTA,17.38
2025-01-07 11:50:00,769911,210,W,ML,228,49.9,38,75.2,59,42.6,42,60.5,46,34.4,43,43.7,,,34.224897,-118.251344,PENNSYLVANIA,16.58
2025-01-07 11:50:00,769926,210,W,ML,336,48.5,63,52.3,67,49.5,58,46.6,51,45.3,49,46.6,48,49.5,34.214462,-118.232443,OCEAN VIEW,17.88
2025-01-07 11:50:00,769941,210,W,ML,190,57.4,25,72.6,60,71.0,42,43.5,63,47.7,,,,,34.207101,-118.204943,ANGELES CREST HWY SB,19.58
2025-01-07 11:50:00,769953,210,W,ML,177,55.2,21,71.9,75,68.3,39,40.3,42,37.5,,,,,34.206998,-118.201441,ANGELES CREST HWY NB,19.78
2025-01-07 11:50:00,769965,210,W,ML,141,47.7,42,72.4,6,70.9,54,37.9,39,31.2,,,,,34.232554,-118.271772,HONOLULU,15.28
2025-01-07 11:50:00,769983,210,W,ML,250,50.7,66,47.6,75,54.3,57,50.9,52,49.3,,,,,34.203186,-118.191671,GOULD,20.4
2025-01-07 11:50:00,770000,210,W,ML,274,62.2,71,67.2,75,63.9,66,59.6,62,57.0,,,,,34.19198,-118.181214,BERKSHIRE,21.39
2025-01-07 11:50:00,770129,210,W,ML,192,60.3,50,75.2,68,71.2,46,39.8,28,41.2,,,,,34.234984,-118.290562,LA TUNA CANYON NB,14.18
2025-01-07 11:50:00,770141,210,W,ML,128,59.4,35,69.2,46,64.7,13,65.6,34,39.6,,,,,34.234987,-118.294031,LA TUNA CANYON SB,13.98
2025-01-07 11:50:00,770386,210,W,ML,251,52.4,64,57.1,69,54.1,61,49.7,57,48.1,,,,,34.207155,-118.2137,EB/NB 2 TO EB 210 CN,19.08
2025-01-07 11:50:00,770401,210,W,ML,470,59.6,98,64.6,143,61.3,126,58.2,103,54.2,,,,,34.211095,-118.225948,EB/NB 2 TO WB 210 CN,18.32
2025-01-07 11:50:00,770568,210,W,ML,298,54.9,63,73.3,55,69.5,97,50.1,83,36.7,,,,,34.165953,-118.157943,HAMMOND ST.,23.79
2025-01-07 11:50:00,770579,210,W,ML,115,68.4,25,74.7,36,70.9,22,67.5,32,61.3,,,,,34.156597,-118.157944,WINONA WAY,24.442
2025-01-07 11:55:00,717615,210,W,ML,256,45.1,66,49.5,70,46.6,62,42.2,58,41.4,,,,,34.182539,-118.171545,ARROYO 1,22.3
2025-01-07 11:55:00,717622,210,W,ML,223,53.5,39,77.7,62,66.2,59,40.3,63,38.3,,,,,34.176273,-118.161942,LINCOLN 1,23.0
2025-01-07 11:55:00,717624,210,W,ML,267,62.3,55,68.5,61,65.2,54,60.7,49,58.0,48,57.6,,,34.164368,-118.158093,MOUNTAIN 1,23.9
2025-01-07 11:55:00,717627,210,W,ML,62,68.1,28,69.9,34,66.5,,,,,,,,,34.15225,-118.154678,WALNUT,24.9
2025-01-07 11:55:00,717630,210,W,ML,100,63.1,21,68.4,30,64.9,27,61.6,22,57.4,,,,,34.152218,-118.14821,FAIR OAKS 1,25.4
2025-01-07 11:55:00,717632,210,W,HV,100,63.1,100,63.1,,,,,,,,,,,34.152218,-118.14821,FAIR OAKS 1,25.4
2025-01-07 11:55:00,717634,210,W,ML,455,51.6,102,57.0,103,53.9,90,49.7,84,48.0,76,47.8,,,34.15195,-118.13555,LAKE 1,26.12
2025-01-07 11:55:00,717637,210,W,ML,511,57.0,127,72.1,109,66.4,94,45.4,92,44.6,89,48.9,,,34.152357,-118.123714,HILL,26.8
2025-01-07 11:55:00,717642,210,W,ML,524,59.4,128,68.9,112,68.8,85,53.3,82,43.7,117,55.5,,,34.1527,-118.102255,ALTADENA,28.03
2025-01-07 11:55:00,717643,210,W,HV,39,63.0,39,63.0,,,,,,,,,,,34.1527,-118.102255,ALTADENA,28.03
2025-01-07 11:55:00,717644,210,W,ML,527,56.0,131,72.3,126,59.8,101,49.7,89,49.7,80,38.2,,,34.152727,-118.098063,SAN GABRIEL,28.27
2025-01-07 11:55:00,717645,210,W,HV,40,65.4,40,65.4,,,,,,,,,,,34.152727,-118.098063,SAN GABRIEL,28.27
2025-01-07 11:55:00,717649,210,W,ML,469,59.1,134,73.1,121,60.0,73,42.3,83,55.5,58,51.5,,,34.148074,-118.08377,SIERRA MADRE V1,29.17
2025-01-07 11:55:00,717653,210,W,ML,309,53.9,83,54.5,80,53.5,63,53.0,52,54.2,31,54.5,,,34.148737,-118.071321,ROSEMEAD 1,29.879
2025-01-07 11:55:00,761318,210,W,HV,100,63.1,100,63.1,,,,,,,,,,,34.15195,-118.13555,LAKE 1,26.12
2025-01-07 11:55:00,761322,210,W,HV,52,64.9,52,64.9,,,,,,,,,,,34.152357,-118.123714,HILL,26.8
2025-01-07 11:55:00,761325,210,W,HV,39,63.1,39,63.1,,,,,,,,,,,34.148074,-118.08377,SIERRA MADRE V1,29.17
2025-01-07 11:55:00,761431,210,W,HV,100,63.1,100,63.1,,,,,,,,,,,34.148737,-118.071321,ROSEMEAD 1,29.879
2025-01-07 11:55:00,764135,210,W,HV,100,63.1,100,63.1,,,,,,,,,,,34.152092,-118.143249,MARENGO,25.68
2025-01-07 11:55:00,764137,210,W,ML,597,60.4,101,65.5,118,63.3,103,61.6,105,59.2,96,55.2,74,55.2,34.152092,-118.143249,MARENGO,25.68
2025-01-07 11:55:00,769807,210,W,ML,215,61.7,38,72.6,60,65.0,60,57.7,57,55.2,,,,,34.197068,-118.184827,FOOTHILL,20.98
2025-01-07 11:55:00,769867,210,W,ML,170,50.8,30,74.1,52,62.3,46,41.2,42,30.4,,,,,34.218652,-118.239558,LA CRESCENTA,17.38
2025-01-07 11:55:00,769911,210,W,ML,231,50.4,48,75.7,55,43.0,48,52.1,41,36.6,39,42.1,,,34.224897,-118.251344,PENNSYLVANIA,16.58
2025-01-07 11:55:00,769926,210,W,ML,283,44.9,53,47.9,57,45.3,48,42.8,43,41.9,41,43.6,41,47.0,34.214462,-118.232443,OCEAN VIEW,17.88
2025-01-07 11:55:00,769941,210,W,ML,240,55.4,50,72.1,63,66.6,68,44.5,59,41.7,,,,,34.207101,-118.204943,ANGELES CREST HWY SB,19.58
2025-01-07 11:55:00,769953,210,W,ML,234,54.7,39,72.6,84,66.8,57,39.5,54,39.0,,,,,34.206998,-118.201441,ANGELES CREST HWY NB,19.78
2025-01-07 11:55:00,769965,210,W,ML,140,48.9,43,72.6,9,71.1,51,38.0,37,30.8,,,,,34.232554,-118.271772,HONOLULU,15.28
2025-01-07 11:55:00,769983,210,W,ML,288,50.1,80,46.3,93,53.6,60,50.6,55,49.0,,,,,34.203186,-118.191671,GOULD,20.4
2025-01-07 11:55:00,770000,210,W,ML,251,60.3,64,65.2,69,62.0,61,57.8,57,55.4,,,,,34.19198,-118.181214,BERKSHIRE,21.39
2025-01-07 11:55:00,770129,210,W,ML,197,61.7,48,75.5,76,71.5,43,41.9,30,43.0,,,,,34.234984,-118.290562,LA TUNA CANYON NB,14.18
2025-01-07 11:55:00,770141,210,W,ML,118,59.8,31,69.5,43,65.1,12,65.7,32,41.2,,,,,34.234987,-118.294031,LA TUNA CANYON SB,13.98
2025-01-07 11:55:00,770386,210,W,ML,258,47.8,67,52.3,71,49.3,62,44.9,58,43.8,,,,,34.207155,-118.2137,EB/NB 2 TO EB 210 CN,19.08
2025-01-07 11:55:00,770401,210,W,ML,465,59.8,97,64.8,141,61.5,125,58.4,102,54.4,,,,,34.211095,-118.225948,EB/NB 2 TO WB 210 CN,18.32
2025-01-07 11:55:00,770568,210,W,ML,301,58.1,69,74.9,67,69.3,104,49.6,61,41.1,,,,,34.165953,-118.157943,HAMMOND ST.,23.79
2025-01-07 11:55:00,770579,210,W,ML,72,68.7,10,74.9,32,71.1,13,67.6,17,61.5,,,,,34.156597,-118.157944,WINONA WAY,24.442
2025-01-07 12:00:00,717615,210,W,ML,291,44.6,77,48.8,80,46.0,70,41.8,64,41.0,,,,,34.182539,-118.171545,ARROYO 1,22.3
2025-01-07 12:00:00,717622,210,W,ML,275,54.9,56,77.7,75,68.2,75,40.5,69,37.5,,,,,34.176273,-118.161942,LINCOLN 1,23.0
2025-01-07 12:00:00,717624,210,W,ML,271,61.4,55,67.6,61,64.3,54,59.8,51,57.3,50,57.1,,,34.164368,-118.158093,MOUNTAIN 1,23.9
2025-01-07 12:00:00,717627,210,W,ML,98,67.0,47,68.7,51,65.4,,,,,,,,,34.15225,-118.154678,WALNUT,24.9
2025-01-07 12:00:00,717630,210,W,ML,100,62.9,21,68.2,30,64.7,27,61.4,22,57.2,,,,,34.152218,-118.14821,FAIR OAKS 1,25.4
2025-01-07 12:00:00,717632,210,W,HV,100,62.9,100,62.9,,,,,,,,,,,34.152218,-118.14821,FAIR OAKS 1,25.4
2025-01-07 12:00:00,717634,210,W,ML,413,53.9,92,59.4,94,56.3,83,52.1,76,50.1,68,49.7,,,34.15195,-118.13555,LAKE 1,26.12
2025-01-07 12:00:00,717637,210,W,ML,437,59.1,107,72.6,101,68.0,69,47.4,83,48.9,77,50.4,,,34.152357,-118.123714,HILL,26.8
2025-01-07 12:00:00,717642,210,W,ML,442,60.0,98,72.3,106,70.1,77,54.3,69,42.3,92,53.4,,,34.1527,-118.102255,ALTADENA,28.03
2025-01-07 12:00:00,717643,210,W,HV,47,64.3,47,64.3,,,,,,,,,,,34.1527,-118.102255,ALTADENA,28.03
2025-01-07 12:00:00,717644,210,W,ML,454,56.8,116,73.0,119,64.1,86,50.2,73,47.6,60,31.8,,,34.152727,-118.098063,SAN GABRIEL,28.27
2025-01-07 12:00:00,717645,210,W,HV,44,65.9,44,65.9,,,,,,,,,,,34.152727,-118.098063,SAN GABRIEL,28.27
2025-01-07 12:00:00,717649,210,W,ML,419,61.0,116,74.4,115,63.8,71,43.3,69,55.1,48,56.9,,,34.148074,-118.08377,SIERRA MADRE V1,29.17
2025-01-07 12:00:00,717653,210,W,ML,299,58.5,80,59.9,78,58.6,61,58.0,50,57.8,30,57.0,,,34.148737,-118.071321,ROSEMEAD 1,29.879
2025-01-07 12:00:00,761318,210,W,HV,100,62.9,100,62.9,,,,,,,,,,,34.15195,-118.13555,LAKE 1,26.12
2025-01-07 12:00:00,761322,210,W,HV,37,65.4,37,65.4,,,,,,,,,,,34.152357,-118.123714,HILL,26.8
2025-01-07 12:00:00,761325,210,W,HV,45,64.0,45,64.0,,,,,,,,,,,34.148074,-118.08377,SIERRA MADRE V1,29.17
2025-01-07 12:00:00,761431,210,W,HV,100,62.9,100,62.9,,,,,,,,,,,34.148737,-118.071321,ROSEMEAD 1,29.879
2025-01-07 12:00:00,764135,210,W,HV,100,62.9,100,62.9,,,,,,,,,,,34.152092,-118.143249,MARENGO,25.68
2025-01-07 12:00:00,764137,210,W,ML,594,60.5,101,65.6,117,63.4,102,61.7,105,59.3,95,55.3,74,55.3,34.152092,-118.143249,MARENGO,25.68
2025-01-07 12:00:00,769807,210,W,ML,257,63.6,51,72.5,73,67.2,69,59.4,64,56.7,,,,,34.197068,-118.184827,FOOTHILL,20.98
2025-01-07 12:00:00,769867,210,W,ML,183,52.0,41,73.5,54,64.1,45,39.4,43,29.4,,,,,34.218652,-118.239558,LA CRESCENTA,17.38
2025-01-07 12:00:00,769911,210,W,ML,208,47.9,41,74.9,54,42.4,35,47.6,40,33.9,38,41.4,,,34.224897,-118.251344,PENNSYLVANIA,16.58
2025-01-07 12:00:00,769926,210,W,ML,287,43.6,54,46.4,58,43.8,49,41.5,43,40.7,42,42.5,41,46.2,34.214462,-118.232443,OCEAN VIEW,17.88
2025-01-07 12:00:00,769941,210,W,ML,234,58.2,52,73.7,79,68.5,28,37.6,75,44.3,,,,,34.207101,-118.204943,ANGELES CREST HWY SB,19.58
2025-01-07 12:00:00,769953,210,W,ML,201,56.7,56,73.6,69,67.0,39,35.3,37,34.6,,,,,34.206998,-118.201441,ANGELES CREST HWY NB,19.78
2025-01-07 12:00:00,769965,210,W,ML,148,49.6,49,72.5,11,70.6,49,37.6,39,30.1,,,,,34.232554,-118.271772,HONOLULU,15.28
2025-01-07 12:00:00,769983,210,W,ML,239,48.7,63,44.6,71,52.2,55,49.6,50,48.1,,,,,34.203186,-118.191671,GOULD,20.4
2025-01-07 12:00:00,770000,210,W,ML,288,61.9,75,66.9,79,63.6,69,59.3,65,56.8,,,,,34.19198,-118.181214,BERKSHIRE,21.39
2025-01-07 12:00:00,770129,210,W,ML,203,58.1,47,74.1,77,70.4,42,37.1,37,36.1,,,,,34.234984,-118.290562,LA TUNA CANYON NB,14.18
2025-01-07 12:00:00,770141,210,W,ML,144,57.8,41,68.3,52,63.7,14,65.3,37,35.3,,,,,34.234987,-118.294031,LA TUNA CANYON SB,13.98
2025-01-07 12:00:00,770386,210,W,ML,304,49.8,80,54.4,83,51.4,73,47.0,68,45.7,,,,,34.207155,-118.2137,EB/NB 2 TO EB 210 CN,19.08
2025-01-07 12:00:00,770401,210,W,ML,465,59.8,97,64.8,141,61.5,125,58.4,102,54.4,,,,,34.211095,-118.225948,EB/NB 2 TO WB 210 CN,18.32
2025-01-07 12:00:00,770568,210,W,ML,297,54.8,59,74.1,59,68.8,99,42.4,80,45.6,,,,,34.165953,-118.157943,HAMMOND ST.,23.79
2025-01-07 12:00:00,770579,210,W,ML,123,66.8,17,74.6,40,67.3,30,67.5,36,61.9,,,,,34.156597,-118.157944,WINONA WAY,24.442
2025-01-07 12:05:00,717615,210,W,ML,236,45.6,61,49.3,65,46.6,57,43.4,53,42.4,,,,,34.182539,-118.171545,ARROYO 1,22.3
2025-01-07 12:05:00,717622,210,W,ML,215,56.3,45,76.1,65,68.1,61,42.6,44,37.7,,,,,34.176273,-118.161942,LINCOLN 1,23.0
2025-01-07 12:05:00,717624,210,W,ML,259,62.3,54,68.6,60,65.2,52,60.7,47,58.0,46,57.6,,,34.164368,-118.158093,MOUNTAIN 1,23.9
2025-01-07 12:05:00,717627,210,W,ML,95,67.0,44,68.8,51,65.5,,,,,,,,,34.15225,-118.154678,WALNUT,24.9
2025-01-07 12:05:00,717630,210,W,ML,100,62.9,21,68.2,30,64.7,27,61.4,22,57.2,,,,,34.152218,-118.14821,FAIR OAKS 1,25.4
2025-01-07 12:05:00,717632,210,W,HV,100,62.9,100,62.9,,,,,,,,,,,34.152218,-118.14821,FAIR OAKS 1,25.4
2025-01-07 12:05:00,717634,210,W,ML,401,55.2,89,60.5,91,57.5,79,53.5,74,51.4,68,51.3,,,34.15195,-118.13555,LAKE 1,26.12
2025-01-07 12:05:00,717637,210,W,ML,451,59.6,107,73.1,98,67.5,83,52.9,70,44.5,93,53.2,,,34.152357,-118.123714,HILL,26.8
2025-01-07 12:05:00,717642,210,W,ML,441,61.6,104,74.9,93,69.3,74,55.9,74,44.1,96,57.6,,,34.1527,-118.102255,ALTADENA,28.03
2025-01-07 12:05:00,717643,210,W,HV,45,64.0,45,64.0,,,,,,,,,,,34.1527,-118.102255,ALTADENA,28.03
2025-01-07 12:05:00,717644,210,W,ML,451,59.5,111,74.6,108,65.2,92,52.0,76,50.3,64,45.4,,,34.152727,-118.098063,SAN GABRIEL,28.27
2025-01-07 12:05:00,717645,210,W,HV,49,65.9,49,65.9,,,,,,,,,,,34.152727,-118.098063,SAN GABRIEL,28.27
2025-01-07 12:05:00,717649,210,W,ML,423,60.8,111,74.1,112,64.1,71,43.4,73,56.2,56,55.9,,,34.148074,-118.08377,SIERRA MADRE V1,29.17
2025-01-07 12:05:00,717653,210,W,ML,299,57.7,80,58.9,78,57.6,61,57.1,50,57.1,30,56.5,,,34.148737,-118.071321,ROSEMEAD 1,29.879
2025-01-07 12:05:00,761318,210,W,HV,100,62.9,100,62.9,,,,,,,,,,,34.15195,-118.13555,LAKE 1,26.12
2025-01-07 12:05:00,761322,210,W,HV,42,64.9,42,64.9,,,,,,,,,,,34.152357,-118.123714,HILL,26.8
2025-01-07 12:05:00,761325,210,W,HV,51,64.4,51,64.4,,,,,,,,,,,34.148074,-118.08377,SIERRA MADRE V1,29.17
2025-01-07 12:05:00,761431,210,W,HV,100,62.9,100,62.9,,,,,,,,,,,34.148737,-118.071321,ROSEMEAD 1,29.879
2025-01-07 12:05:00,764135,210,W,HV,100,62.9,100,62.9,,,,,,,,,,,34.152092,-118.143249,MARENGO,25.68
2025-01-07 12:05:00,764137,210,W,ML,599,60.4,102,65.5,118,63.3,103,61.6,105,59.2,96,55.2,75,55.2,34.152092,-118.143249,MARENGO,25.68
2025-01-07 12:05:00,769807,210,W,ML,270,64.4,62,72.9,74,67.8,69,59.9,65,57.2,,,,,34.197068,-118.184827,FOOTHILL,20.98
2025-01-07 12:05:00,769867,210,W,ML,214,51.8,51,74.1,63,62.8,53,37.4,47,29.3,,,,,34.218652,-118.239558,LA CRESCENTA,17.38
2025-01-07 12:05:00,769911,210,W,ML,253,48.9,58,74.7,58,42.4,46,46.9,50,34.6,41,41.2,,,34.224897,-118.251344,PENNSYLVANIA,16.58
2025-01-07 12:05:00,769926,210,W,ML,308,42.2,57,44.8,61,42.2,53,40.1,48,39.4,45,41.3,44,45.2,34.214462,-118.232443,OCEAN VIEW,17.88
2025-01-07 12:05:00,769941,210,W,ML,261,59.1,50,73.8,86,71.6,67,39.6,58,50.4,,,,,34.207101,-118.204943,ANGELES CREST HWY SB,19.58
2025-01-07 12:05:00,769953,210,W,ML,207,58.7,61,73.2,65,68.3,66,40.2,15,39.6,,,,,34.206998,-118.201441,ANGELES CREST HWY NB,19.78
2025-01-07 12:05:00,769965,210,W,ML,155,51.8,63,73.0,8,70.8,46,38.9,38,28.1,,,,,34.232554,-118.271772,HONOLULU,15.28
2025-01-07 12:05:00,769983,210,W,ML,282,51.1,75,47.5,86,54.3,63,51.8,58,50.1,,,,,34.203186,-118.191671,GOULD,20.4
2025-01-07 12:05:00,770000,210,W,ML,291,62.3,76,67.4,80,64.1,70,59.7,65,57.2,,,,,34.19198,-118.181214,BERKSHIRE,21.39
2025-01-07 12:05:00,770129,210,W,ML,201,56.7,60,73.7,63,67.7,43,37.0,35,31.9,,,,,34.234984,-118.290562,LA TUNA CANYON NB,14.18
2025-01-07 12:05:00,770141,210,W,ML,135,56.3,38,67.6,49,62.8,13,65.1,35,31.6,,,,,34.234987,-118.294031,LA TUNA CANYON SB,13.98
2025-01-07 12:05:00,770386,210,W,ML,258,54.6,68,59.3,71,56.3,62,51.9,57,50.0,,,,,34.207155,-118.2137,EB/NB 2 TO EB 210 CN,19.08
2025-01-07 12:05:00,770401,210,W,ML,469,59.7,98,64.7,142,61.4,126,58.3,103,54.3,,,,,34.211095,-118.225948,EB/NB 2 TO WB 210 CN,18.32
2025-01-07 12:05:00,770568,210,W,ML,246,52.7,56,72.4,46,69.6,77,40.1,67,39.0,,,,,34.165953,-118.157943,HAMMOND ST.,23.79
2025-01-07 12:05:00,770579,210,W,ML,109,65.8,2,74.7,37,68.9,23,67.6,47,62.0,,,,,34.156597,-118.157944,WINONA WAY,24.442
2025-01-07 12:10:00,717615,210,W,ML,246,51.9,65,56.5,69,53.5,59,49.1,53,47.5,,,,,34.182539,-118.171545,ARROYO 1,22.3
2025-01-07 12:10:00,717622,210,W,ML,219,58.8,41,74.5,66,68.5,57,47.8,55,46.9,,,,,34.176273,-118.161942,LINCOLN 1,23.0
2025-01-07 12:10:00,717624,210,W,ML,225,62.6,43,69.1,51,65.8,46,61.2,43,58.5,42,58.0,,,34.164368,-118.158093,MOUNTAIN 1,23.9
2025-01-07 12:10:00,717627,210,W,ML,79,67.4,37,69.2,42,65.9,,,,,,,,,34.15225,-118.154678,WALNUT,24.9
2025-01-07 12:10:00,717630,210,W,ML,101,62.9,21,68.2,31,64.7,27,61.4,22,57.2,,,,,34.152218,-118.14821,FAIR OAKS 1,25.4
2025-01-07 12:10:00,717632,210,W,HV,101,62.9,101,62.9,,,,,,,,,,,34.152218,-118.14821,FAIR OAKS 1,25.4
2025-01-07 12:10:00,717634,210,W,ML,396,54.4,88,59.7,90,56.7,79,52.7,73,50.7,66,50.6,,,34.15195,-118.13555,LAKE 1,26.12
2025-01-07 12:10:00,717637,210,W,ML,432,58.5,104,74.0,86,66.4,75,53.9,93,43.9,74,50.5,,,34.152357,-118.123714,HILL,26.8
2025-01-07 12:10:00,717642,210,W,ML,444,60.2,106,74.5,100,67.3,76,54.5,72,43.9,90,53.3,,,34.1527,-118.102255,ALTADENA,28.03
2025-01-07 12:10:00,717643,210,W,HV,37,64.1,37,64.1,,,,,,,,,,,34.1527,-118.102255,ALTADENA,28.03
2025-01-07 12:10:00,717644,210,W,ML,473,59.2,133,74.8,116,62.3,89,52.3,73,47.7,62,43.5,,,34.152727,-118.098063,SAN GABRIEL,28.27
2025-01-07 12:10:00,717645,210,W,HV,39,65.7,39,65.7,,,,,,,,,,,34.152727,-118.098063,SAN GABRIEL,28.27
2025-01-07 12:10:00,717649,210,W,ML,438,59.8,125,72.3,117,61.8,70,43.5,71,55.6,55,53.4,,,34.148074,-118.08377,SIERRA MADRE V1,29.17
2025-01-07 12:10:00,717653,210,W,ML,295,55.5,79,56.4,77,55.3,60,54.8,50,55.4,29,55.4,,,34.148737,-118.071321,ROSEMEAD 1,29.879
2025-01-07 12:10:00,761318,210,W,HV,101,62.9,101,62.9,,,,,,,,,,,34.15195,-118.13555,LAKE 1,26.12
2025-01-07 12:10:00,761322,210,W,HV,36,64.5,36,64.5,,,,,,,,,,,34.152357,-118.123714,HILL,26.8
2025-01-07 12:10:00,761325,210,W,HV,43,62.9,43,62.9,,,,,,,,,,,34.148074,-118.08377,SIERRA MADRE V1,29.17
2025-01-07 12:10:00,761431,210,W,HV,101,62.9,101,62.9,,,,,,,,,,,34.148737,-118.071321,ROSEMEAD 1,29.879
2025-01-07 12:10:00,764135,210,W,HV,101,62.9,101,62.9,,,,,,,,,,,34.152092,-118.143249,MARENGO,25.68
2025-01-07 12:10:00,764137,210,W,ML,607,60.4,103,65.5,120,63.3,104,61.6,107,59.2,97,55.2,76,55.2,34.152092,-118.143249,MARENGO,25.68
2025-01-07 12:10:00,769807,210,W,ML,217,65.8,45,75.8,58,69.7,59,61.3,55,58.5,,,,,34.197068,-118.184827,FOOTHILL,20.98
2025-01-07 12:10:00,769867,210,W,ML,202,54.8,52,74.1,63,66.5,38,40.7,49,30.3,,,,,34.218652,-118.239558,LA CRESCENTA,17.38
2025-01-07 12:10:00,769911,210,W,ML,232,50.0,53,73.8,58,45.1,36,47.4,45,35.9,40,43.6,,,34.224897,-118.251344,PENNSYLVANIA,16.58
2025-01-07 12:10:00,769926,210,W,ML,315,44.5,59,47.5,63,44.9,54,42.5,48,41.6,46,43.3,45,46.8,34.214462,-118.232443,OCEAN VIEW,17.88
2025-01-07 12:10:00,769941,210,W,ML,252,59.9,52,73.8,82,70.3,63,42.8,55,50.8,,,,,34.207101,-118.204943,ANGELES CREST HWY SB,19.58
2025-01-07 12:10:00,769953,210,W,ML,194,59.3,45,74.1,67,68.7,53,42.5,29,45.6,,,,,34.206998,-118.201441,ANGELES CREST HWY NB,19.78
2025-01-07 12:10:00,769965,210,W,ML,161,53.1,61,72.6,6,70.9,55,46.1,39,29.9,,,,,34.232554,-118.271772,HONOLULU,15.28
2025-01-07 12:10:00,769983,210,W,ML,255,52.7,69,48.8,79,55.2,55,54.4,52,52.4,,,,,34.203186,-118.191671,GOULD,20.4
2025-01-07 12:10:00,770000,210,W,ML,245,63.6,62,68.9,67,65.5,60,61.0,56,58.3,,,,,34.19198,-118.181214,BERKSHIRE,21.39
2025-01-07 12:10:00,770129,210,W,ML,197,57.1,47,73.5,69,69.0,45,41.8,36,31.8,,,,,34.234984,-118.290562,LA TUNA CANYON NB,14.18
2025-01-07 12:10:00,770141,210,W,ML,141,56.4,40,67.6,51,62.8,14,65.0,36,31.5,,,,,34.234987,-118.294031,LA TUNA CANYON SB,13.98
2025-01-07 12:10:00,770386,210,W,ML,247,55.0,65,59.7,69,56.6,59,52.2,54,50.3,,,,,34.207155,-118.2137,EB/NB 2 TO EB 210 CN,19.08
2025-01-07 12:10:00,770401,210,W,ML,476,59.7,100,64.7,144,61.4,128,58.3,104,54.3,,,,,34.211095,-118.225948,EB/NB 2 TO WB 210 CN,18.32
2025-01-07 12:10:00,770568,210,W,ML,232,53.6,57,73.1,31,70.5,80,48.5,64,34.4,,,,,34.165953,-118.157943,HAMMOND ST.,23.79
2025-01-07 12:10:00,770579,210,W,ML,109,68.1,15,74.7,41,69.7,27,67.5,26,62.5,,,,,34.156597,-118.157944,WINONA WAY,24.442
2025-01-07 12:15:00,717615,210,W,ML,222,51.0,55,55.3,61,52.4,55,48.7,51,47.3,,,,,34.182539,-118.171545,ARROYO 1,22.3
2025-01-07 12:15:00,717622,210,W,ML,179,56.1,32,74.2,50,67.2,38,49.8,59,40.9,,,,,34.176273,-118.161942,LINCOLN 1,23.0
2025-01-07 12:15:00,717624,210,W,ML,226,62.3,43,68.8,51,65.4,46,60.8,43,58.2,43,58.0,,,34.164368,-118.158093,MOUNTAIN 1,23.9
2025-01-07 12:15:00,717627,210,W,ML,76,67.6,35,69.3,41,66.1,,,,,,,,,34.15225,-118.154678,WALNUT,24.9
2025-01-07 12:15:00,717630,210,W,ML,104,62.8,22,68.1,31,64.6,28,61.3,23,57.2,,,,,34.152218,-118.14821,FAIR OAKS 1,25.4
2025-01-07 12:15:00,717632,210,W,HV,103,62.8,103,62.8,,,,,,,,,,,34.152218,-118.14821,FAIR OAKS 1,25.4
2025-01-07 12:15:00,717634,210,W,ML,443,53.6,100,58.8,100,55.8,87,51.8,81,49.9,75,49.9,,,34.15195,-118.13555,LAKE 1,26.12
2025-01-07 12:15:00,717637,210,W,ML,505,58.3,120,71.8,107,65.7,89,54.2,86,46.8,103,48.2,,,34.152357,-118.123714,HILL,26.8
2025-01-07 12:15:00,717642,210,W,ML,519,60.9,108,73.7,113,69.1,85,58.9,84,48.6,129,52.4,,,34.1527,-118.102255,ALTADENA,28.03
2025-01-07 12:15:00,717643,210,W,HV,43,64.0,43,64.0,,,,,,,,,,,34.1527,-118.102255,ALTADENA,28.03
2025-01-07 12:15:00,717644,210,W,ML,506,61.5,127,75.0,114,67.1,98,58.7,81,47.9,86,50.2,,,34.152727,-118.098063,SAN GABRIEL,28.27
2025-01-07 12:15:00,717645,210,W,HV,49,66.1,49,66.1,,,,,,,,,,,34.152727,-118.098063,SAN GABRIEL,28.27
2025-01-07 12:15:00,717649,210,W,ML,457,61.6,116,74.3,117,65.1,80,50.1,85,58.2,59,50.3,,,34.148074,-118.08377,SIERRA MADRE V1,29.17
2025-01-07 12:15:00,717653,210,W,ML,338,53.2,91,53.3,87,52.4,69,52.9,57,54.2,34,54.0,,,34.148737,-118.071321,ROSEMEAD 1,29.879
2025-01-07 12:15:00,761318,210,W,HV,103,62.8,103,62.8,,,,,,,,,,,34.15195,-118.13555,LAKE 1,26.12
2025-01-07 12:15:00,761322,210,W,HV,46,64.3,46,64.3,,,,,,,,,,,34.152357,-118.123714,HILL,26.8
2025-01-07 12:15:00,761325,210,W,HV,52,63.3,52,63.3,,,,,,,,,,,34.148074,-118.08377,SIERRA MADRE V1,29.17
2025-01-07 12:15:00,761431,210,W,HV,103,62.8,103,62.8,,,,,,,,,,,34.148737,-118.071321,ROSEMEAD 1,29.879
2025-01-07 12:15:00,764135,210,W,HV,103,62.8,103,62.8,,,,,,,,,,,34.152092,-118.143249,MARENGO,25.68
2025-01-07 12:15:00,764137,210,W,ML,612,60.3,104,65.4,121,63.2,105,61.5,108,59.1,98,55.1,76,55.1,34.152092,-118.143249,MARENGO,25.68
2025-01-07 12:15:00,769807,210,W,ML,291,63.1,52,74.4,88,66.2,78,58.6,73,56.1,,,,,34.197068,-118.184827,FOOTHILL,20.98
2025-01-07 12:15:00,769867,210,W,ML,225,55.1,55,72.9,68,66.1,51,41.8,51,34.4,,,,,34.218652,-118.239558,LA CRESCENTA,17.38
2025-01-07 12:15:00,769911,210,W,ML,256,52.4,54,74.1,57,46.0,53,55.2,48,39.6,44,44.9,,,34.224897,-118.251344,PENNSYLVANIA,16.58
2025-01-07 12:15:00,769926,210,W,ML,325,45.3,61,48.4,65,45.8,56,43.3,50,42.3,47,43.9,46,47.3,34.214462,-118.232443,OCEAN VIEW,17.88
2025-01-07 12:15:00,769941,210,W,ML,266,59.6,61,74.5,76,69.2,52,44.6,77,48.3,,,,,34.207101,-118.204943,ANGELES CREST HWY SB,19.58
2025-01-07 12:15:00,769953,210,W,ML,270,59.2,62,75.8,98,66.7,61,44.5,49,41.3,,,,,34.206998,-118.201441,ANGELES CREST HWY NB,19.78
2025-01-07 12:15:00,769965,210,W,ML,170,54.1,65,72.0,12,69.6,51,46.8,42,31.0,,,,,34.232554,-118.271772,HONOLULU,15.28
2025-01-07 12:15:00,769983,210,W,ML,325,51.7,89,48.5,105,55.3,68,51.9,63,50.1,,,,,34.203186,-118.191671,GOULD,20.4
2025-01-07 12:15:00,770000,210,W,ML,331,61.2,88,66.1,90,62.9,79,58.6,74,56.2,,,,,34.19198,-118.181214,BERKSHIRE,21.39
2025-01-07 12:15:00,770129,210,W,ML,235,58.3,77,72.4,72,68.9,51,40.9,35,30.5,,,,,34.234984,-118.290562,LA TUNA CANYON NB,14.18
2025-01-07 12:15:00,770141,210,W,ML,142,55.8,40,67.4,51,62.5,14,65.0,37,30.4,,,,,34.234987,-118.294031,LA TUNA CANYON SB,13.98
2025-01-07 12:15:00,770386,210,W,ML,295,53.0,77,57.6,81,54.6,71,50.2,66,48.5,,,,,34.207155,-118.2137,EB/NB 2 TO EB 210 CN,19.08
2025-01-07 12:15:00,770401,210,W,ML,482,59.8,101,64.8,146,61.5,129,58.4,106,54.4,,,,,34.211095,-118.225948,EB/NB 2 TO WB 210 CN,18.32
2025-01-07 12:15:00,770568,210,W,ML,218,52.8,32,74.0,43,69.5,88,49.4,55,33.0,,,,,34.165953,-118.157943,HAMMOND ST.,23.79
2025-01-07 12:15:00,770579,210,W,ML,104,68.5,22,74.5,29,69.5,33,67.1,20,62.7,,,,,34.156597,-118.157944,WINONA WAY,24.442
2025-01-07 12:20:00,717615,210,W,ML,252,55.8,67,60.2,70,57.2,61,53.2,54,51.3,,,,,34.182539,-118.171545,ARROYO 1,22.3
2025-01-07 12:20:00,717622,210,W,ML,239,59.6,41,74.2,78,67.6,63,55.8,57,42.4,,,,,34.176273,-118.161942,LINCOLN 1,23.0
2025-01-07 12:20:00,717624,210,W,ML,265,61.6,56,67.7,61,64.4,53,59.9,49,57.3,46,56.9,,,34.164368,-118.158093,MOUNTAIN 1,23.9
2025-01-07 12:20:00,717627,210,W,ML,116,66.3,55,68.1,61,64.8,,,,,,,,,34.15225,-118.154678,WALNUT,24.9
2025-01-07 12:20:00,717630,210,W,ML,105,62.8,22,68.1,32,64.6,28,61.3,23,57.2,,,,,34.152218,-118.14821,FAIR OAKS 1,25.4
2025-01-07 12:20:00,717632,210,W,HV,104,62.8,104,62.8,,,,,,,,,,,34.152218,-118.14821,FAIR OAKS 1,25.4
2025-01-07 12:20:00,717634,210,W,ML,403,54.8,90,60.1,92,57.1,81,53.0,74,51.0,66,50.9,,,34.15195,-118.13555,LAKE 1,26.12
2025-01-07 12:20:00,717637,210,W,ML,439,60.6,103,73.1,101,68.6,80,55.9,79,49.4,76,49.6,,,34.152357,-118.123714,HILL,26.8
2025-01-07 12:20:00,717642,210,W,ML,459,61.1,113,74.1,101,68.0,75,57.6,70,47.2,100,51.9,,,34.1527,-118.102255,ALTADENA,28.03
2025-01-07 12:20:00,717643,210,W,HV,54,63.9,54,63.9,,,,,,,,,,,34.1527,-118.102255,ALTADENA,28.03
2025-01-07 12:20:00,717644,210,W,ML,474,61.7,129,74.2,116,64.8,80,55.5,84,51.2,65,52.4,,,34.152727,-118.098063,SAN GABRIEL,28.27
2025-01-07 12:20:00,717645,210,W,HV,55,65.9,55,65.9,,,,,,,,,,,34.152727,-118.098063,SAN GABRIEL,28.27
2025-01-07 12:20:00,717649,210,W,ML,420,60.0,122,75.0,107,63.2,68,47.4,72,58.1,51,36.6,,,34.148074,-118.08377,SIERRA MADRE V1,29.17
2025-01-07 12:20:00,717653,210,W,ML,286,50.6,77,49.3,75,49.0,58,51.1,48,52.9,28,53.1,,,34.148737,-118.071321,ROSEMEAD 1,29.879
2025-01-07 12:20:00,761318,210,W,HV,104,62.8,104,62.8,,,,,,,,,,,34.15195,-118.13555,LAKE 1,26.12
2025-01-07 12:20:00,761322,210,W,HV,52,64.1,52,64.1,,,,,,,,,,,34.152357,-118.123714,HILL,26.8
2025-01-07 12:20:00,761325,210,W,HV,58,63.2,58,63.2,,,,,,,,,,,34.148074,-118.08377,SIERRA MADRE V1,29.17
2025-01-07 12:20:00,761431,210,W,HV,104,62.8,104,62.8,,,,,,,,,,,34.148737,-118.071321,ROSEMEAD 1,29.879
2025-01-07 12:20:00,764135,210,W,HV,104,62.8,104,62.8,,,,,,,,,,,34.152092,-118.143249,MARENGO,25.68
2025-01-07 12:20:00,764137,210,W,ML,612,60.1,104,65.1,121,63.0,105,61.3,108,58.9,98,54.9,76,54.9,34.152092,-118.143249,MARENGO,25.68
2025-01-07 12:20:00,769807,210,W,ML,279,63.9,55,74.5,81,67.1,74,59.3,69,56.7,,,,,34.197068,-118.184827,FOOTHILL,20.98
2025-01-07 12:20:00,769867,210,W,ML,194,54.7,42,73.0,58,66.2,43,46.6,51,33.4,,,,,34.218652,-118.239558,LA CRESCENTA,17.38
2025-01-07 12:20:00,769911,210,W,ML,229,52.5,50,74.0,54,48.3,46,53.0,40,37.3,39,45.8,,,34.224897,-118.251344,PENNSYLVANIA,16.58
2025-01-07 12:20:00,769926,210,W,ML,325,48.6,61,52.4,65,49.6,56,46.8,50,45.5,47,46.7,46,49.6,34.214462,-118.232443,OCEAN VIEW,17.88
2025-01-07 12:20:00,769941,210,W,ML,239,53.3,36,74.6,59,70.0,51,37.3,93,43.2,,,,,34.207101,-118.204943,ANGELES CREST HWY SB,19.58
2025-01-07 12:20:00,769953,210,W,ML,191,53.6,31,74.8,61,66.9,43,41.4,56,36.7,,,,,34.206998,-118.201441,ANGELES CREST HWY NB,19.78
2025-01-07 12:20:00,769965,210,W,ML,146,55.3,60,72.9,8,70.5,50,45.0,28,31.8,,,,,34.232554,-118.271772,HONOLULU,15.28
2025-01-07 12:20:00,769983,210,W,ML,247,50.6,61,47.2,69,54.3,61,51.0,56,49.3,,,,,34.203186,-118.191671,GOULD,20.4
2025-01-07 12:20:00,770000,210,W,ML,310,61.9,82,66.8,85,63.6,74,59.2,69,56.7,,,,,34.19198,-118.181214,BERKSHIRE,21.39
2025-01-07 12:20:00,770129,210,W,ML,209,58.1,53,73.6,73,68.2,48,43.2,35,34.0,,,,,34.234984,-118.290562,LA TUNA CANYON NB,14.18
2025-01-07 12:20:00,770141,210,W,ML,135,57.0,38,67.9,49,63.2,13,65.2,35,33.4,,,,,34.234987,-118.294031,LA TUNA CANYON SB,13.98
2025-01-07 12:20:00,770386,210,W,ML,247,48.9,63,53.5,68,50.5,60,46.1,56,44.9,,,,,34.207155,-118.2137,EB/NB 2 TO EB 210 CN,19.08
2025-01-07 12:20:00,770401,210,W,ML,480,59.8,100,64.8,146,61.5,129,58.4,105,54.4,,,,,34.211095,-118.225948,EB/NB 2 TO WB 210 CN,18.32
2025-01-07 12:20:00,770568,210,W,ML,194,51.4,33,74.5,23,70.0,82,46.7,56,37.0,,,,,34.165953,-118.157943,HAMMOND ST.,23.79
2025-01-07 12:20:00,770579,210,W,ML,137,66.0,14,74.6,50,68.7,26,67.1,47,60.1,,,,,34.156597,-118.157944,WINONA WAY,24.442
2025-01-07 12:25:00,717615,210,W,ML,251,53.6,65,58.0,70,55.1,60,51.2,56,49.5,,,,,34.182539,-118.171545,ARROYO 1,22.3
2025-01-07 12:25:00,717622,210,W,ML,217,59.3,37,74.0,74,68.4,66,53.1,40,39.0,,,,,34.176273,-118.161942,LINCOLN 1,23.0
2025-01-07 12:25:00,717624,210,W,ML,257,62.7,54,68.9,59,65.6,52,61.1,47,58.3,45,57.8,,,34.164368,-118.158093,MOUNTAIN 1,23.9
2025-01-07 12:25:00,717627,210,W,ML,88,67.1,40,68.9,48,65.6,,,,,,,,,34.15225,-118.154678,WALNUT,24.9
2025-01-07 12:25:00,717630,210,W,ML,105,62.8,22,68.1,32,64.6,28,61.3,23,57.2,,,,,34.152218,-118.14821,FAIR OAKS 1,25.4
2025-01-07 12:25:00,717632,210,W,HV,105,62.8,105,62.8,,,,,,,,,,,34.152218,-118.14821,FAIR OAKS 1,25.4
2025-01-07 12:25:00,717634,210,W,ML,435,52.9,97,58.1,99,55.0,87,51.1,80,49.2,72,49.3,,,34.15195,-118.13555,LAKE 1,26.12
2025-01-07 12:25:00,717637,210,W,ML,501,58.6,121,70.8,123,66.7,86,54.2,78,45.9,93,46.6,,,34.152357,-118.123714,HILL,26.8
2025-01-07 12:25:00,717642,210,W,ML,509,59.7,130,72.2,111,66.4,83,55.5,78,45.3,107,51.1,,,34.1527,-118.102255,ALTADENA,28.03
2025-01-07 12:25:00,717643,210,W,HV,52,63.5,52,63.5,,,,,,,,,,,34.1527,-118.102255,ALTADENA,28.03
2025-01-07 12:25:00,717644,210,W,ML,524,58.4,134,70.9,121,62.5,97,52.1,93,48.6,79,50.0,,,34.152727,-118.098063,SAN GABRIEL,28.27
2025-01-07 12:25:00,717645,210,W,HV,50,65.6,50,65.6,,,,,,,,,,,34.152727,-118.098063,SAN GABRIEL,28.27
2025-01-07 12:25:00,717649,210,W,ML,477,59.9,144,73.2,119,62.4,73,45.4,82,56.6,59,45.2,,,34.148074,-118.08377,SIERRA MADRE V1,29.17
2025-01-07 12:25:00,717653,210,W,ML,310,49.5,84,48.3,80,47.7,63,49.8,52,52.0,31,52.4,,,34.148737,-118.071321,ROSEMEAD 1,29.879
2025-01-07 12:25:00,761318,210,W,HV,105,62.8,105,62.8,,,,,,,,,,,34.15195,-118.13555,LAKE 1,26.12
2025-01-07 12:25:00,761322,210,W,HV,49,65.0,49,65.0,,,,,,,,,,,34.152357,-118.123714,HILL,26.8
2025-01-07 12:25:00,761325,210,W,HV,55,62.3,55,62.3,,,,,,,,,,,34.148074,-118.08377,SIERRA MADRE V1,29.17
2025-01-07 12:25:00,761431,210,W,HV,105,62.8,105,62.8,,,,,,,,,,,34.148737,-118.071321,ROSEMEAD 1,29.879
2025-01-07 12:25:00,764135,210,W,HV,105,62.8,105,62.8,,,,,,,,,,,34.152092,-118.143249,MARENGO,25.68
2025-01-07 12:25:00,764137,210,W,ML,618,60.1,105,65.1,122,63.0,106,61.3,109,58.9,99,54.9,77,54.9,34.152092,-118.143249,MARENGO,25.68
2025-01-07 12:25:00,769807,210,W,ML,162,65.1,30,74.2,40,69.9,47,61.5,45,58.6,,,,,34.197068,-118.184827,FOOTHILL,20.98
2025-01-07 12:25:00,769867,210,W,ML,192,55.9,47,72.0,56,66.1,40,51.7,49,32.2,,,,,34.218652,-118.239558,LA CRESCENTA,17.38
2025-01-07 12:25:00,769911,210,W,ML,232,53.3,41,75.2,61,51.0,41,57.9,48,37.6,41,48.4,,,34.224897,-118.251344,PENNSYLVANIA,16.58
2025-01-07 12:25:00,769926,210,W,ML,315,52.1,59,56.7,63,53.7,54,50.5,48,48.8,46,49.8,45,52.0,34.214462,-118.232443,OCEAN VIEW,17.88
2025-01-07 12:25:00,769941,210,W,ML,292,57.2,60,76.0,84,68.8,56,36.9,92,46.8,,,,,34.207101,-118.204943,ANGELES CREST HWY SB,19.58
2025-01-07 12:25:00,769953,210,W,ML,282,56.4,59,74.9,75,65.2,68,43.5,80,45.4,,,,,34.206998,-118.201441,ANGELES CREST HWY NB,19.78
2025-01-07 12:25:00,769965,210,W,ML,160,53.4,55,72.4,10,70.6,56,48.3,39,29.7,,,,,34.232554,-118.271772,HONOLULU,15.28
2025-01-07 12:25:00,769983,210,W,ML,303,51.6,81,47.1,94,54.6,66,53.2,62,51.3,,,,,34.203186,-118.191671,GOULD,20.4
2025-01-07 12:25:00,770000,210,W,ML,194,63.7,47,69.0,54,65.7,48,61.1,45,58.4,,,,,34.19198,-118.181214,BERKSHIRE,21.39
2025-01-07 12:25:00,770129,210,W,ML,215,58.0,60,74.2,68,66.0,52,46.5,35,31.5,,,,,34.234984,-118.290562,LA TUNA CANYON NB,14.18
2025-01-07 12:25:00,770141,210,W,ML,146,55.7,42,66.1,52,62.7,14,65.0,38,31.3,,,,,34.234987,-118.294031,LA TUNA CANYON SB,13.98
2025-01-07 12:25:00,770386,210,W,ML,318,51.8,84,56.4,87,53.4,76,49.0,71,47.4,,,,,34.207155,-118.2137,EB/NB 2 TO EB 210 CN,19.08
2025-01-07 12:25:00,770401,210,W,ML,482,59.9,101,64.9,146,61.6,129,58.5,106,54.5,,,,,34.211095,-118.225948,EB/NB 2 TO WB 210 CN,18.32
2025-01-07 12:25:00,770568,210,W,ML,208,52.9,28,75.3,49,71.4,65,43.7,66,38.8,,,,,34.165953,-118.157943,HAMMOND ST.,23.79
2025-01-07 12:25:00,770579,210,W,ML,104,66.6,10,74.7,32,69.7,19,67.5,43,62.1,,,,,34.156597,-118.157944,WINONA WAY,24.442
2025-01-07 12:30:00,717615,210,W,ML,242,50.0,64,53.9,68,51.1,58,47.6,52,46.2,,,,,34.182539,-118.171545,ARROYO 1,22.3
2025-01-07 12:30:00,717622,210,W,ML,212,55.5,37,73.4,63,65.8,58,48.2,54,39.2,,,,,34.176273,-118.161942,LINCOLN 1,23.0
2025-01-07 12:30:00,717624,210,W,ML,263,62.6,56,68.8,61,65.5,53,60.9,48,58.2,45,57.7,,,34.164368,-118.158093,MOUNTAIN 1,23.9
2025-01-07 12:30:00,717627,210,W,ML,75,67.2,33,69.1,42,65.7,,,,,,,,,34.15225,-118.154678,WALNUT,24.9
2025-01-07 12:30:00,717630,210,W,ML,105,62.8,22,68.1,32,64.6,28,61.3,23,57.2,,,,,34.152218,-118.14821,FAIR OAKS 1,25.4
2025-01-07 12:30:00,717632,210,W,HV,106,62.8,106,62.8,,,,,,,,,,,34.152218,-118.14821,FAIR OAKS 1,25.4
2025-01-07 12:30:00,717634,210,W,ML,412,51.6,92,57.0,93,53.9,81,49.7,76,48.0,70,47.8,,,34.15195,-118.13555,LAKE 1,26.12
2025-01-07 12:30:00,717637,210,W,ML,482,57.1,124,71.0,102,66.6,86,46.2,70,46.5,100,47.2,,,34.152357,-118.123714,HILL,26.8
2025-01-07 12:30:00,717642,210,W,ML,470,58.7,103,72.8,101,67.2,81,54.4,80,45.0,105,50.3,,,34.1527,-118.102255,ALTADENA,28.03
2025-01-07 12:30:00,717643,210,W,HV,52,63.5,52,63.5,,,,,,,,,,,34.1527,-118.102255,ALTADENA,28.03
2025-01-07 12:30:00,717644,210,W,ML,509,57.2,123,71.7,122,60.2,101,50.6,94,47.1,69,49.7,,,34.152727,-118.098063,SAN GABRIEL,28.27
2025-01-07 12:30:00,717645,210,W,HV,54,65.8,54,65.8,,,,,,,,,,,34.152727,-118.098063,SAN GABRIEL,28.27
2025-01-07 12:30:00,717649,210,W,ML,485,58.5,126,73.7,134,61.5,86,43.0,84,56.2,55,44.2,,,34.148074,-118.08377,SIERRA MADRE V1,29.17
2025-01-07 12:30:00,717653,210,W,ML,366,48.4,98,47.3,94,46.7,74,48.2,62,50.9,38,51.5,,,34.148737,-118.071321,ROSEMEAD 1,29.879
2025-01-07 12:30:00,761318,210,W,HV,106,62.8,106,62.8,,,,,,,,,,,34.15195,-118.13555,LAKE 1,26.12
2025-01-07 12:30:00,761322,210,W,HV,46,64.4,46,64.4,,,,,,,,,,,34.152357,-118.123714,HILL,26.8
2025-01-07 12:30:00,761325,210,W,HV,63,62.6,63,62.6,,,,,,,,,,,34.148074,-118.08377,SIERRA MADRE V1,29.17
2025-01-07 12:30:00,761431,210,W,HV,106,62.8,106,62.8,,,,,,,,,,,34.148737,-118.071321,ROSEMEAD 1,29.879
2025-01-07 12:30:00,764135,210,W,HV,106,62.8,106,62.8,,,,,,,,,,,34.152092,-118.143249,MARENGO,25.68
2025-01-07 12:30:00,764137,210,W,ML,618,60.0,105,65.0,122,62.9,106,61.2,109,58.8,99,54.8,77,54.8,34.152092,-118.143249,MARENGO,25.68
2025-01-07 12:30:00,769807,210,W,ML,196,66.1,40,73.8,51,70.9,54,62.3,51,59.3,,,,,34.197068,-118.184827,FOOTHILL,20.98
2025-01-07 12:30:00,769867,210,W,ML,173,57.2,41,72.7,51,66.7,41,55.3,40,31.1,,,,,34.218652,-118.239558,LA CRESCENTA,17.38
2025-01-07 12:30:00,769911,210,W,ML,221,55.2,42,74.9,57,53.2,39,60.9,44,38.5,39,50.3,,,34.224897,-118.251344,PENNSYLVANIA,16.58
2025-01-07 12:30:00,769926,210,W,ML,272,54.7,51,59.7,55,56.6,47,53.1,41,51.2,39,51.9,39,53.7,34.214462,-118.232443,OCEAN VIEW,17.88
2025-01-07 12:30:00,769941,210,W,ML,210,58.9,53,76.1,64,68.4,37,36.4,56,46.6,,,,,34.207101,-118.204943,ANGELES CREST HWY SB,19.58
2025-01-07 12:30:00,769953,210,W,ML,188,57.9,42,74.6,62,66.0,44,43.8,40,43.2,,,,,34.206998,-118.201441,ANGELES CREST HWY NB,19.78
2025-01-07 12:30:00,769965,210,W,ML,148,54.1,45,73.1,10,70.5,51,51.0,42,33.6,,,,,34.232554,-118.271772,HONOLULU,15.28
2025-01-07 12:30:00,769983,210,W,ML,230,51.6,62,47.7,70,54.9,51,52.6,47,50.8,,,,,34.203186,-118.191671,GOULD,20.4
2025-01-07 12:30:00,770000,210,W,ML,224,64.4,56,69.8,62,66.4,55,61.8,51,59.1,,,,,34.19198,-118.181214,BERKSHIRE,21.39
2025-01-07 12:30:00,770129,210,W,ML,196,57.4,48,73.2,64,68.6,48,43.4,36,34.9,,,,,34.234984,-118.290562,LA TUNA CANYON NB,14.18
2025-01-07 12:30:00,770141,210,W,ML,141,57.5,40,68.1,51,63.4,14,65.2,36,34.2,,,,,34.234987,-118.294031,LA TUNA CANYON SB,13.98
2025-01-07 12:30:00,770386,210,W,ML,248,51.7,66,56.2,69,53.2,60,48.9,53,47.3,,,,,34.207155,-118.2137,EB/NB 2 TO EB 210 CN,19.08
2025-01-07 12:30:00,770401,210,W,ML,480,59.9,100,64.9,146,61.6,129,58.5,105,54.5,,,,,34.211095,-118.225948,EB/NB 2 TO WB 210 CN,18.32
2025-01-07 12:30:00,770568,210,W,ML,264,55.7,40,75.4,51,70.2,112,51.5,61,38.3,,,,,34.165953,-118.157943,HAMMOND ST.,23.79
2025-01-07 12:30:00,770579,210,W,ML,104,65.8,7,74.7,24,70.0,27,67.3,46,61.4,,,,,34.156597,-118.157944,WINONA WAY,24.442
2025-01-07 12:35:00,717615,210,W,ML,220,51.9,58,56.0,62,53.1,53,49.4,47,47.9,,,,,34.182539,-118.171545,ARROYO 1,22.3
2025-01-07 12:35:00,717622,210,W,ML,196,57.0,44,70.7,56,67.5,48,50.7,48,38.4,,,,,34.176273,-118.161942,LINCOLN 1,23.0
2025-01-07 12:35:00,717624,210,W,ML,268,62.8,57,69.0,62,65.7,54,61.2,49,58.4,46,57.7,,,34.164368,-118.158093,MOUNTAIN 1,23.9
2025-01-07 12:35:00,717627,210,W,ML,114,67.4,55,69.1,59,65.7,,,,,,,,,34.15225,-118.154678,WALNUT,24.9
2025-01-07 12:35:00,717630,210,W,ML,106,62.8,22,68.1,32,64.6,29,61.3,23,57.2,,,,,34.152218,-118.14821,FAIR OAKS 1,25.4
2025-01-07 12:35:00,717632,210,W,HV,107,62.8,107,62.8,,,,,,,,,,,34.152218,-118.14821,FAIR OAKS 1,25.4
2025-01-07 12:35:00,717634,210,W,ML,427,50.6,96,55.8,97,52.8,84,48.6,78,46.9,72,47.0,,,34.15195,-118.13555,LAKE 1,26.12
2025-01-07 12:35:00,717637,210,W,ML,488,56.6,120,71.0,102,67.4,79,47.2,82,44.6,105,46.3,,,34.152357,-118.123714,HILL,26.8
2025-01-07 12:35:00,717642,210,W,ML,537,59.7,126,73.0,111,68.5,87,56.2,86,46.4,127,50.4,,,34.1527,-118.102255,ALTADENA,28.03
2025-01-07 12:35:00,717643,210,W,HV,52,63.3,52,63.3,,,,,,,,,,,34.1527,-118.102255,ALTADENA,28.03
2025-01-07 12:35:00,717644,210,W,ML,537,57.5,132,73.5,136,62.5,87,42.7,94,47.1,88,51.4,,,34.152727,-118.098063,SAN GABRIEL,28.27
2025-01-07 12:35:00,717645,210,W,HV,56,65.9,56,65.9,,,,,,,,,,,34.152727,-118.098063,SAN GABRIEL,28.27
2025-01-07 12:35:00,717649,210,W,ML,479,59.1,133,74.8,121,61.8,77,42.7,86,56.3,62,44.5,,,34.148074,-118.08377,SIERRA MADRE V1,29.17
2025-01-07 12:35:00,717653,210,W,ML,325,48.4,87,47.6,84,47.0,66,48.0,55,50.7,33,51.4,,,34.148737,-118.071321,ROSEMEAD 1,29.879
2025-01-07 12:35:00,761318,210,W,HV,107,62.8,107,62.8,,,,,,,,,,,34.15195,-118.13555,LAKE 1,26.12
2025-01-07 12:35:00,761322,210,W,HV,52,64.3,52,64.3,,,,,,,,,,,34.152357,-118.123714,HILL,26.8
2025-01-07 12:35:00,761325,210,W,HV,48,63.2,48,63.2,,,,,,,,,,,34.148074,-118.08377,SIERRA MADRE V1,29.17
2025-01-07 12:35:00,761431,210,W,HV,107,62.8,107,62.8,,,,,,,,,,,34.148737,-118.071321,ROSEMEAD 1,29.879
2025-01-07 12:35:00,764135,210,W,HV,107,62.8,107,62.8,,,,,,,,,,,34.152092,-118.143249,MARENGO,25.68
2025-01-07 12:35:00,764137,210,W,ML,619,59.8,105,64.8,122,62.7,107,61.0,109,58.6,99,54.6,77,54.6,34.152092,-118.143249,MARENGO,25.68
2025-01-07 12:35:00,769807,210,W,ML,237,64.3,55,73.3,62,67.7,62,59.8,58,57.1,,,,,34.197068,-118.184827,FOOTHILL,20.98
2025-01-07 12:35:00,769867,210,W,ML,198,54.1,45,72.3,55,64.1,42,50.1,56,32.5,,,,,34.218652,-118.239558,LA CRESCENTA,17.38
2025-01-07 12:35:00,769911,210,W,ML,205,53.1,40,75.2,49,52.0,37,52.9,42,37.7,37,48.2,,,34.224897,-118.251344,PENNSYLVANIA,16.58
2025-01-07 12:35:00,769926,210,W,ML,335,50.9,60,55.3,65,52.5,58,49.3,54,47.8,51,48.8,47,51.2,34.214462,-118.232443,OCEAN VIEW,17.88
2025-01-07 12:35:00,769941,210,W,ML,209,60.0,47,76.0,67,67.8,34,34.9,61,53.0,,,,,34.207101,-118.204943,ANGELES CREST HWY SB,19.58
2025-01-07 12:35:00,769953,210,W,ML,234,56.4,60,74.9,70,65.7,57,37.4,47,41.9,,,,,34.206998,-118.201441,ANGELES CREST HWY NB,19.78
2025-01-07 12:35:00,769965,210,W,ML,128,56.6,47,74.8,10,70.5,41,49.5,30,33.2,,,,,34.232554,-118.271772,HONOLULU,15.28
2025-01-07 12:35:00,769983,210,W,ML,269,49.8,73,44.7,84,52.6,58,52.0,54,50.2,,,,,34.203186,-118.191671,GOULD,20.4
2025-01-07 12:35:00,770000,210,W,ML,256,62.2,66,67.3,70,64.0,62,59.6,58,57.1,,,,,34.19198,-118.181214,BERKSHIRE,21.39
2025-01-07 12:35:00,770129,210,W,ML,175,59.8,49,73.7,56,68.4,42,47.4,28,37.0,,,,,34.234984,-118.290562,LA TUNA CANYON NB,14.18
2025-01-07 12:35:00,770141,210,W,ML,114,57.6,30,68.5,42,63.9,11,65.3,31,36.0,,,,,34.234987,-118.294031,LA TUNA CANYON SB,13.98
2025-01-07 12:35:00,770386,210,W,ML,266,56.7,70,61.5,74,58.3,64,54.0,58,51.9,,,,,34.207155,-118.2137,EB/NB 2 TO EB 210 CN,19.08
2025-01-07 12:35:00,770401,210,W,ML,483,59.9,101,64.9,147,61.6,129,58.5,106,54.5,,,,,34.211095,-118.225948,EB/NB 2 TO WB 210 CN,18.32
2025-01-07 12:35:00,770568,210,W,ML,288,53.4,25,75.1,45,70.5,118,50.6,100,43.5,,,,,34.165953,-118.157943,HAMMOND ST.,23.79
2025-01-07 12:35:00,770579,210,W,ML,156,66.8,14,74.5,37,70.9,54,66.6,51,62.0,,,,,34.156597,-118.157944,WINONA WAY,24.442
2025-01-07 12:40:00,717615,210,W,ML,190,48.8,49,52.7,54,49.9,46,46.4,41,45.2,,,,,34.182539,-118.171545,ARROYO 1,22.3
2025-01-07 12:40:00,717622,210,W,ML,187,56.2,36,71.2,68,66.3,44,46.7,39,35.5,,,,,34.176273,-118.161942,LINCOLN 1,23.0
2025-01-07 12:40:00,717624,210,W,ML,272,61.4,55,67.6,61,64.3,55,59.8,51,57.3,50,56.9,,,34.164368,-118.158093,MOUNTAIN 1,23.9
2025-01-07 12:40:00,717627,210,W,ML,102,67.2,49,68.9,53,65.6,,,,,,,,,34.15225,-118.154678,WALNUT,24.9
2025-01-07 12:40:00,717630,210,W,ML,106,62.8,22,68.1,32,64.6,29,61.3,23,57.2,,,,,34.152218,-118.14821,FAIR OAKS 1,25.4
2025-01-07 12:40:00,717632,210,W,HV,107,62.8,107,62.8,,,,,,,,,,,34.152218,-118.14821,FAIR OAKS 1,25.4
2025-01-07 12:40:00,717634,210,W,ML,446,50.4,100,55.6,101,52.6,88,48.4,82,46.8,75,46.8,,,34.15195,-118.13555,LAKE 1,26.12
2025-01-07 12:40:00,717637,210,W,ML,471,56.0,100,70.4,107,68.2,75,46.1,87,43.7,102,46.7,,,34.152357,-118.123714,HILL,26.8
2025-01-07 12:40:00,717642,210,W,ML,465,58.9,107,71.7,96,69.3,78,54.1,76,44.0,108,50.8,,,34.1527,-118.102255,ALTADENA,28.03
2025-01-07 12:40:00,717643,210,W,HV,48,62.8,48,62.8,,,,,,,,,,,34.1527,-118.102255,ALTADENA,28.03
2025-01-07 12:40:00,717644,210,W,ML,508,54.9,125,72.2,118,61.1,94,40.6,89,43.4,82,48.4,,,34.152727,-118.098063,SAN GABRIEL,28.27
2025-01-07 12:40:00,717645,210,W,HV,47,65.6,47,65.6,,,,,,,,,,,34.152727,-118.098063,SAN GABRIEL,28.27
2025-01-07 12:40:00,717649,210,W,ML,495,58.0,139,72.2,125,61.2,69,39.8,82,54.5,80,47.4,,,34.148074,-118.08377,SIERRA MADRE V1,29.17
2025-01-07 12:40:00,717653,210,W,ML,412,50.4,110,50.5,105,49.7,83,49.3,70,51.4,44,52.6,,,34.148737,-118.071321,ROSEMEAD 1,29.879
2025-01-07 12:40:00,761318,210,W,HV,107,62.8,107,62.8,,,,,,,,,,,34.15195,-118.13555,LAKE 1,26.12
2025-01-07 12:40:00,761322,210,W,HV,47,63.7,47,63.7,,,,,,,,,,,34.152357,-118.123714,HILL,26.8
2025-01-07 12:40:00,761325,210,W,HV,57,62.1,57,62.1,,,,,,,,,,,34.148074,-118.08377,SIERRA MADRE V1,29.17
2025-01-07 12:40:00,761431,210,W,HV,107,62.8,107,62.8,,,,,,,,,,,34.148737,-118.071321,ROSEMEAD 1,29.879
2025-01-07 12:40:00,764135,210,W,HV,107,62.8,107,62.8,,,,,,,,,,,34.152092,-118.143249,MARENGO,25.68
2025-01-07 12:40:00,764137,210,W,ML,618,59.6,105,64.7,122,62.6,106,60.9,109,58.5,99,54.6,77,54.6,34.152092,-118.143249,MARENGO,25.68
2025-01-07 12:40:00,769807,210,W,ML,337,60.6,74,73.4,99,61.8,85,55.2,79,53.0,,,,,34.197068,-118.184827,FOOTHILL,20.98
2025-01-07 12:40:00,769867,210,W,ML,212,55.0,41,72.1,71,65.2,50,48.8,50,32.7,,,,,34.218652,-118.239558,LA CRESCENTA,17.38
2025-01-07 12:40:00,769911,210,W,ML,247,53.0,49,74.4,56,49.3,57,53.3,42,38.6,43,46.8,,,34.224897,-118.251344,PENNSYLVANIA,16.58
2025-01-07 12:40:00,769926,210,W,ML,321,50.1,60,54.3,64,51.4,55,48.4,49,46.9,47,48.0,46,50.6,34.214462,-118.232443,OCEAN VIEW,17.88
2025-01-07 12:40:00,769941,210,W,ML,268,57.1,66,74.9,77,67.1,58,36.5,67,46.1,,,,,34.207101,-118.204943,ANGELES CREST HWY SB,19.58
2025-01-07 12:40:00,769953,210,W,ML,234,54.9,60,75.2,74,63.4,64,35.6,36,37.8,,,,,34.206998,-118.201441,ANGELES CREST HWY NB,19.78
2025-01-07 12:40:00,769965,210,W,ML,162,53.8,58,72.7,9,70.7,61,46.2,34,30.8,,,,,34.232554,-118.271772,HONOLULU,15.28
2025-01-07 12:40:00,769983,210,W,ML,295,47.7,79,42.5,91,51.3,65,49.0,60,47.5,,,,,34.203186,-118.191671,GOULD,20.4
2025-01-07 12:40:00,770000,210,W,ML,362,58.1,98,62.6,98,59.6,86,55.7,80,53.5,,,,,34.19198,-118.181214,BERKSHIRE,21.39
2025-01-07 12:40:00,770129,210,W,ML,214,59.1,67,74.6,67,66.7,51,43.2,29,33.7,,,,,34.234984,-118.290562,LA TUNA CANYON NB,14.18
2025-01-07 12:40:00,770141,210,W,ML,142,56.6,40,66.8,51,63.2,14,65.2,37,33.2,,,,,34.234987,-118.294031,LA TUNA CANYON SB,13.98
2025-01-07 12:40:00,770386,210,W,ML,288,51.3,77,55.8,80,52.8,69,48.5,62,46.9,,,,,34.207155,-118.2137,EB/NB 2 TO EB 210 CN,19.08
2025-01-07 12:40:00,770401,210,W,ML,486,59.9,102,64.9,147,61.6,130,58.5,107,54.5,,,,,34.211095,-118.225948,EB/NB 2 TO WB 210 CN,18.32
2025-01-07 12:40:00,770568,210,W,ML,294,56.4,47,74.8,53,69.5,101,53.0,93,43.3,,,,,34.165953,-118.157943,HAMMOND ST.,23.79
2025-01-07 12:40:00,770579,210,W,ML,126,66.2,15,74.5,47,66.6,26,66.9,38,62.1,,,,,34.156597,-118.157944,WINONA WAY,24.442
2025-01-07 12:45:00,717615,210,W,ML,261,50.3,67,54.4,72,51.5,63,47.9,59,46.5,,,,,34.182539,-118.171545,ARROYO 1,22.3
2025-01-07 12:45:00,717622,210,W,ML,235,54.3,46,70.8,64,65.0,76,48.7,49,33.7,,,,,34.176273,-118.161942,LINCOLN 1,23.0
2025-01-07 12:45:00,717624,210,W,ML,304,62.2,65,68.3,69,65.0,61,60.4,56,57.8,53,57.5,,,34.164368,-118.158093,MOUNTAIN 1,23.9
2025-01-07 12:45:00,717627,210,W,ML,122,67.4,58,69.1,64,65.8,,,,,,,,,34.15225,-118.154678,WALNUT,24.9
2025-01-07 12:45:00,717630,210,W,ML,109,62.8,23,68.1,33,64.6,29,61.3,24,57.2,,,,,34.152218,-118.14821,FAIR OAKS 1,25.4
2025-01-07 12:45:00,717632,210,W,HV,108,62.8,108,62.8,,,,,,,,,,,34.152218,-118.14821,FAIR OAKS 1,25.4
2025-01-07 12:45:00,717634,210,W,ML,434,51.3,97,56.5,98,53.5,85,49.3,80,47.6,74,47.6,,,34.15195,-118.13555,LAKE 1,26.12
2025-01-07 12:45:00,717637,210,W,ML,483,57.5,111,71.0,106,69.6,94,47.9,74,45.3,98,47.3,,,34.152357,-118.123714,HILL,26.8
2025-01-07 12:45:00,717642,210,W,ML,520,60.2,117,72.4,110,68.6,86,55.5,84,46.7,123,53.4,,,34.1527,-118.102255,ALTADENA,28.03
2025-01-07 12:45:00,717643,210,W,HV,50,62.7,50,62.7,,,,,,,,,,,34.1527,-118.102255,ALTADENA,28.03
2025-01-07 12:45:00,717644,210,W,ML,515,56.4,130,71.8,117,60.6,100,45.4,82,44.1,86,51.8,,,34.152727,-118.098063,SAN GABRIEL,28.27
2025-01-07 12:45:00,717645,210,W,HV,50,65.1,50,65.1,,,,,,,,,,,34.152727,-118.098063,SAN GABRIEL,28.27
2025-01-07 12:45:00,717649,210,W,ML,471,58.3,118,73.5,120,60.6,90,42.2,86,55.3,57,52.2,,,34.148074,-118.08377,SIERRA MADRE V1,29.17
2025-01-07 12:45:00,717653,210,W,ML,382,54.5,102,55.2,98,54.2,77,53.7,65,54.6,40,54.8,,,34.148737,-118.071321,ROSEMEAD 1,29.879
2025-01-07 12:45:00,761318,210,W,HV,108,62.8,108,62.8,,,,,,,,,,,34.15195,-118.13555,LAKE 1,26.12
2025-01-07 12:45:00,761322,210,W,HV,44,63.4,44,63.4,,,,,,,,,,,34.152357,-118.123714,HILL,26.8
2025-01-07 12:45:00,761325,210,W,HV,61,62.2,61,62.2,,,,,,,,,,,34.148074,-118.08377,SIERRA MADRE V1,29.17
2025-01-07 12:45:00,761431,210,W,HV,108,62.8,108,62.8,,,,,,,,,,,34.148737,-118.071321,ROSEMEAD 1,29.879
2025-01-07 12:45:00,764135,210,W,HV,108,62.8,108,62.8,,,,,,,,,,,34.152092,-118.143249,MARENGO,25.68
2025-01-07 12:45:00,764137,210,W,ML,619,59.5,105,64.5,122,62.4,107,60.7,109,58.3,99,54.4,77,54.4,34.152092,-118.143249,MARENGO,25.68
2025-01-07 12:45:00,769807,210,W,ML,248,64.1,54,72.7,68,67.7,65,59.8,61,57.1,,,,,34.197068,-118.184827,FOOTHILL,20.98
2025-01-07 12:45:00,769867,210,W,ML,222,53.5,46,72.0,65,65.9,55,44.8,56,32.6,,,,,34.218652,-118.239558,LA CRESCENTA,17.38
2025-01-07 12:45:00,769911,210,W,ML,263,51.8,60,74.9,62,48.3,47,48.9,49,37.0,45,45.2,,,34.224897,-118.251344,PENNSYLVANIA,16.58
2025-01-07 12:45:00,769926,210,W,ML,351,47.3,66,50.9,70,48.2,60,45.5,54,44.3,51,45.7,50,48.7,34.214462,-118.232443,OCEAN VIEW,17.88
2025-01-07 12:45:00,769941,210,W,ML,214,54.9,48,73.8,58,66.8,41,32.0,67,45.0,,,,,34.207101,-118.204943,ANGELES CREST HWY SB,19.58
2025-01-07 12:45:00,769953,210,W,ML,188,52.8,43,71.7,60,64.0,48,34.2,37,36.7,,,,,34.206998,-118.201441,ANGELES CREST HWY NB,19.78
2025-01-07 12:45:00,769965,210,W,ML,186,53.0,72,72.7,7,70.1,63,44.9,44,29.8,,,,,34.232554,-118.271772,HONOLULU,15.28
2025-01-07 12:45:00,769983,210,W,ML,239,47.7,63,42.2,71,51.0,54,49.4,51,47.9,,,,,34.203186,-118.191671,GOULD,20.4
2025-01-07 12:45:00,770000,210,W,ML,274,62.2,71,67.3,75,64.0,66,59.6,62,57.1,,,,,34.19198,-118.181214,BERKSHIRE,21.39
2025-01-07 12:45:00,770129,210,W,ML,233,59.2,65,74.5,81,68.4,54,44.0,33,31.2,,,,,34.234984,-118.290562,LA TUNA CANYON NB,14.18
2025-01-07 12:45:00,770141,210,W,ML,152,56.2,44,67.5,54,62.7,15,65.0,39,31.0,,,,,34.234987,-118.294031,LA TUNA CANYON SB,13.98
2025-01-07 12:45:00,770386,210,W,ML,244,50.3,62,54.9,67,51.9,59,47.6,56,46.2,,,,,34.207155,-118.2137,EB/NB 2 TO EB 210 CN,19.08
2025-01-07 12:45:00,770401,210,W,ML,484,59.9,101,64.9,147,61.6,130,58.5,106,54.5,,,,,34.211095,-118.225948,EB/NB 2 TO WB 210 CN,18.32
2025-01-07 12:45:00,770568,210,W,ML,263,55.3,47,74.4,48,69.7,97,49.6,71,40.6,,,,,34.165953,-118.157943,HAMMOND ST.,23.79
2025-01-07 12:45:00,770579,210,W,ML,163,66.5,18,74.4,53,68.2,30,67.2,62,62.4,,,,,34.156597,-118.157944,WINONA WAY,24.442
2025-01-07 12:50:00,717615,210,W,ML,232,48.6,60,52.5,64,49.7,56,46.3,52,45.0,,,,,34.182539,-118.171545,ARROYO 1,22.3
2025-01-07 12:50:00,717622,210,W,ML,208,53.6,33,72.7,65,64.7,60,46.5,50,34.9,,,,,34.176273,-118.161942,LINCOLN 1,23.0
2025-01-07 12:50:00,717624,210,W,ML,304,62.9,66,69.0,70,65.8,61,61.1,55,58.5,52,58.0,,,34.164368,-118.158093,MOUNTAIN 1,23.9
2025-01-07 12:50:00,717627,210,W,ML,86,67.6,39,69.3,47,66.1,,,,,,,,,34.15225,-118.154678,WALNUT,24.9
2025-01-07 12:50:00,717630,210,W,ML,106,62.7,22,68.0,32,64.5,29,61.2,23,57.1,,,,,34.152218,-118.14821,FAIR OAKS 1,25.4
2025-01-07 12:50:00,717632,210,W,HV,107,62.7,107,62.7,,,,,,,,,,,34.152218,-118.14821,FAIR OAKS 1,25.4
2025-01-07 12:50:00,717634,210,W,ML,411,52.8,92,58.2,93,55.1,81,50.9,75,49.0,70,48.7,,,34.15195,-118.13555,LAKE 1,26.12
2025-01-07 12:50:00,717637,210,W,ML,472,57.6,120,72.3,94,67.9,81,44.0,81,48.2,96,48.3,,,34.152357,-118.123714,HILL,26.8
2025-01-07 12:50:00,717642,210,W,ML,487,60.3,121,73.9,99,66.9,82,55.5,78,46.7,107,52.4,,,34.1527,-118.102255,ALTADENA,28.03
2025-01-07 12:50:00,717643,210,W,HV,44,63.5,44,63.5,,,,,,,,,,,34.1527,-118.102255,ALTADENA,28.03
2025-01-07 12:50:00,717644,210,W,ML,507,58.3,133,72.1,112,60.7,108,50.3,87,48.9,67,51.7,,,34.152727,-118.098063,SAN GABRIEL,28.27
2025-01-07 12:50:00,717645,210,W,HV,45,65.7,45,65.7,,,,,,,,,,,34.152727,-118.098063,SAN GABRIEL,28.27
2025-01-07 12:50:00,717649,210,W,ML,468,60.0,137,74.2,118,60.9,80,42.3,82,56.6,51,52.6,,,34.148074,-118.08377,SIERRA MADRE V1,29.17
2025-01-07 12:50:00,717653,210,W,ML,338,54.9,91,55.6,87,54.6,69,54.1,57,54.9,34,55.0,,,34.148737,-118.071321,ROSEMEAD 1,29.879
2025-01-07 12:50:00,761318,210,W,HV,107,62.7,107,62.7,,,,,,,,,,,34.15195,-118.13555,LAKE 1,26.12
2025-01-07 12:50:00,761322,210,W,HV,44,64.1,44,64.1,,,,,,,,,,,34.152357,-118.123714,HILL,26.8
2025-01-07 12:50:00,761325,210,W,HV,50,63.4,50,63.4,,,,,,,,,,,34.148074,-118.08377,SIERRA MADRE V1,29.17
2025-01-07 12:50:00,761431,210,W,HV,107,62.7,107,62.7,,,,,,,,,,,34.148737,-118.071321,ROSEMEAD 1,29.879
2025-01-07 12:50:00,764135,210,W,HV,107,62.7,107,62.7,,,,,,,,,,,34.152092,-118.143249,MARENGO,25.68
2025-01-07 12:50:00,764137,210,W,ML,618,59.4,105,64.5,122,62.4,106,60.7,109,58.3,99,54.4,77,54.4,34.152092,-118.143249,MARENGO,25.68
2025-01-07 12:50:00,769807,210,W,ML,276,61.8,52,74.4,81,64.1,74,57.0,69,54.6,,,,,34.197068,-118.184827,FOOTHILL,20.98
2025-01-07 12:50:00,769867,210,W,ML,208,52.4,44,72.3,66,64.5,38,40.4,60,32.2,,,,,34.218652,-118.239558,LA CRESCENTA,17.38
2025-01-07 12:50:00,769911,210,W,ML,237,49.1,50,74.5,59,44.6,42,46.3,46,35.8,40,42.5,,,34.224897,-118.251344,PENNSYLVANIA,16.58
2025-01-07 12:50:00,769926,210,W,ML,368,44.3,69,47.3,73,44.6,63,42.3,57,41.4,54,43.1,52,46.6,34.214462,-118.232443,OCEAN VIEW,17.88
2025-01-07 12:50:00,769941,210,W,ML,247,53.2,65,74.7,60,64.7,61,31.7,61,40.5,,,,,34.207101,-118.204943,ANGELES CREST HWY SB,19.58
2025-01-07 12:50:00,769953,210,W,ML,248,53.6,59,73.5,76,65.4,59,35.4,54,35.0,,,,,34.206998,-118.201441,ANGELES CREST HWY NB,19.78
2025-01-07 12:50:00,769965,210,W,ML,162,51.7,59,72.9,8,70.6,58,40.3,37,31.8,,,,,34.232554,-118.271772,HONOLULU,15.28
2025-01-07 12:50:00,769983,210,W,ML,290,48.0,77,43.6,89,51.8,65,48.7,59,47.3,,,,,34.203186,-118.191671,GOULD,20.4
2025-01-07 12:50:00,770000,210,W,ML,310,59.7,82,64.4,85,61.3,74,57.2,69,54.9,,,,,34.19198,-118.181214,BERKSHIRE,21.39
2025-01-07 12:50:00,770129,210,W,ML,215,55.5,56,72.8,75,64.8,45,40.2,39,30.5,,,,,34.234984,-118.290562,LA TUNA CANYON NB,14.18
2025-01-07 12:50:00,770141,210,W,ML,154,55.3,45,64.9,55,62.5,15,65.0,39,30.4,,,,,34.234987,-118.294031,LA TUNA CANYON SB,13.98
2025-01-07 12:50:00,770386,210,W,ML,251,46.8,64,51.3,69,48.3,61,44.0,57,42.9,,,,,34.207155,-118.2137,EB/NB 2 TO EB 210 CN,19.08
2025-01-07 12:50:00,770401,210,W,ML,484,60.0,101,65.0,147,61.7,130,58.6,106,54.6,,,,,34.211095,-118.225948,EB/NB 2 TO WB 210 CN,18.32
2025-01-07 12:50:00,770568,210,W,ML,312,56.7,53,73.3,90,70.6,82,52.9,87,35.7,,,,,34.165953,-118.157943,HAMMOND ST.,23.79
2025-01-07 12:50:00,770579,210,W,ML,113,67.4,21,74.2,31,69.4,19,67.0,42,62.7,,,,,34.156597,-118.157944,WINONA WAY,24.442
2025-01-07 12:55:00,717615,210,W,ML,298,43.9,80,48.2,82,45.3,71,40.9,65,40.2,,,,,34.182539,-118.171545,ARROYO 1,22.3
2025-01-07 12:55:00,717622,210,W,ML,290,52.5,40,72.8,110,64.3,70,38.2,70,36.7,,,,,34.176273,-118.161942,LINCOLN 1,23.0
2025-01-07 12:55:00,717624,210,W,ML,246,62.9,49,69.4,55,66.1,50,61.4,46,58.7,46,58.2,,,34.164368,-118.158093,MOUNTAIN 1,23.9
2025-01-07 12:55:00,717627,210,W,ML,88,67.6,41,69.4,47,66.0,,,,,,,,,34.15225,-118.154678,WALNUT,24.9
2025-01-07 12:55:00,717630,210,W,ML,106,62.8,22,68.1,32,64.6,29,61.3,23,57.2,,,,,34.152218,-118.14821,FAIR OAKS 1,25.4
2025-01-07 12:55:00,717632,210,W,HV,107,62.8,107,62.8,,,,,,,,,,,34.152218,-118.14821,FAIR OAKS 1,25.4
2025-01-07 12:55:00,717634,210,W,ML,442,51.7,99,57.0,100,53.9,87,49.8,81,48.0,75,48.0,,,34.15195,-118.13555,LAKE 1,26.12
2025-01-07 12:55:00,717637,210,W,ML,494,57.4,111,70.8,112,68.0,93,48.5,81,45.9,97,47.8,,,34.152357,-118.123714,HILL,26.8
2025-01-07 12:55:00,717642,210,W,ML,502,60.1,117,73.6,116,66.1,84,55.2,79,46.4,106,52.9,,,34.1527,-118.102255,ALTADENA,28.03
2025-01-07 12:55:00,717643,210,W,HV,47,61.0,47,61.0,,,,,,,,,,,34.1527,-118.102255,ALTADENA,28.03
2025-01-07 12:55:00,717644,210,W,ML,516,58.2,138,72.1,118,60.2,98,51.0,87,47.7,75,51.4,,,34.152727,-118.098063,SAN GABRIEL,28.27
2025-01-07 12:55:00,717645,210,W,HV,44,64.3,44,64.3,,,,,,,,,,,34.152727,-118.098063,SAN GABRIEL,28.27
2025-01-07 12:55:00,717649,210,W,ML,448,60.9,122,74.5,116,62.8,73,45.0,80,56.7,57,53.8,,,34.148074,-118.08377,SIERRA MADRE V1,29.17
2025-01-07 12:55:00,717653,210,W,ML,309,55.9,83,56.8,80,55.7,63,55.2,52,55.7,31,55.6,,,34.148737,-118.071321,ROSEMEAD 1,29.879
2025-01-07 12:55:00,761318,210,W,HV,107,62.8,107,62.8,,,,,,,,,,,34.15195,-118.13555,LAKE 1,26.12
2025-01-07 12:55:00,761322,210,W,HV,49,61.6,49,61.6,,,,,,,,,,,34.152357,-118.123714,HILL,26.8
2025-01-07 12:55:00,761325,210,W,HV,47,62.1,47,62.1,,,,,,,,,,,34.148074,-118.08377,SIERRA MADRE V1,29.17
2025-01-07 12:55:00,761431,210,W,HV,107,62.8,107,62.8,,,,,,,,,,,34.148737,-118.071321,ROSEMEAD 1,29.879
2025-01-07 12:55:00,764135,210,W,HV,107,62.8,107,62.8,,,,,,,,,,,34.152092,-118.143249,MARENGO,25.68
2025-01-07 12:55:00,764137,210,W,ML,616,59.5,104,64.6,122,62.5,106,60.8,108,58.4,99,54.5,77,54.5,34.152092,-118.143249,MARENGO,25.68
2025-01-07 12:55:00,769807,210,W,ML,96,63.9,30,73.7,10,67.2,28,59.4,28,56.7,,,,,34.197068,-118.184827,FOOTHILL,20.98
2025-01-07 12:55:00,769867,210,W,ML,221,59.2,61,73.1,72,68.0,44,50.8,44,33.8,,,,,34.218652,-118.239558,LA CRESCENTA,17.38
2025-01-07 12:55:00,769911,210,W,ML,247,48.5,53,75.1,58,43.0,47,45.3,48,34.6,41,42.0,,,34.224897,-118.251344,PENNSYLVANIA,16.58
2025-01-07 12:55:00,769926,210,W,ML,292,51.5,55,55.9,59,53.0,50,49.8,44,48.2,42,49.2,42,51.6,34.214462,-118.232443,OCEAN VIEW,17.88
2025-01-07 12:55:00,769941,210,W,ML,330,54.7,100,75.8,80,69.5,90,29.8,60,37.3,,,,,34.207101,-118.204943,ANGELES CREST HWY SB,19.58
2025-01-07 12:55:00,769953,210,W,ML,360,56.3,100,74.9,120,66.1,90,35.2,50,33.9,,,,,34.206998,-118.201441,ANGELES CREST HWY NB,19.78
2025-01-07 12:55:00,769965,210,W,ML,181,52.7,75,73.9,12,70.9,47,34.9,47,32.1,,,,,34.232554,-118.271772,HONOLULU,15.28
2025-01-07 12:55:00,769983,210,W,ML,382,48.3,116,44.0,138,51.9,67,49.0,61,47.6,,,,,34.203186,-118.191671,GOULD,20.4
2025-01-07 12:55:00,770000,210,W,ML,108,61.4,21,66.9,31,63.6,29,59.3,27,56.8,,,,,34.19198,-118.181214,BERKSHIRE,21.39
2025-01-07 12:55:00,770129,210,W,ML,232,58.8,74,74.2,78,67.9,45,40.3,35,29.5,,,,,34.234984,-118.290562,LA TUNA CANYON NB,14.18
2025-01-07 12:55:00,770141,210,W,ML,135,55.4,38,67.2,49,62.3,13,64.9,35,29.6,,,,,34.234987,-118.294031,LA TUNA CANYON SB,13.98
2025-01-07 12:55:00,770386,210,W,ML,307,44.4,81,48.7,84,45.8,73,41.4,69,40.7,,,,,34.207155,-118.2137,EB/NB 2 TO EB 210 CN,19.08
2025-01-07 12:55:00,770401,210,W,ML,478,60.0,100,65.0,145,61.7,128,58.6,105,54.6,,,,,34.211095,-118.225948,EB/NB 2 TO WB 210 CN,18.32
2025-01-07 12:55:00,770568,210,W,ML,276,53.5,39,74.3,51,71.2,94,52.6,92,35.9,,,,,34.165953,-118.157943,HAMMOND ST.,23.79
2025-01-07 12:55:00,770579,210,W,ML,94,67.7,11,74.4,33,70.3,19,66.9,31,63.1,,,,,34.156597,-118.157944,WINONA WAY,24.442
2025-01-07 13:00:00,717615,210,W,ML,298,44.6,80,48.9,82,46.0,71,41.7,65,40.9,,,,,34.182539,-118.171545,ARROYO 1,22.3
2025-01-07 13:00:00,717622,210,W,ML,290,51.8,40,73.7,110,64.1,70,34.0,70,37.6,,,,,34.176273,-118.161942,LINCOLN 1,23.0
2025-01-07 13:00:00,717624,210,W,ML,274,62.9,56,69.2,62,66.0,55,61.4,51,58.6,50,57.9,,,34.164368,-118.158093,MOUNTAIN 1,23.9
2025-01-07 13:00:00,717627,210,W,ML,95,67.6,44,69.3,51,66.1,,,,,,,,,34.15225,-118.154678,WALNUT,24.9
2025-01-07 13:00:00,717630,210,W,ML,106,62.5,22,67.8,32,64.3,29,61.0,23,56.9,,,,,34.152218,-118.14821,FAIR OAKS 1,25.4
2025-01-07 13:00:00,717632,210,W,HV,107,62.5,107,62.5,,,,,,,,,,,34.152218,-118.14821,FAIR OAKS 1,25.4
2025-01-07 13:00:00,717634,210,W,ML,394,53.5,88,58.7,90,55.7,79,51.8,72,49.9,65,49.8,,,34.15195,-118.13555,LAKE 1,26.12
2025-01-07 13:00:00,717637,210,W,ML,439,58.6,108,71.6,101,67.2,79,51.2,71,43.8,80,50.7,,,34.152357,-118.123714,HILL,26.8
2025-01-07 13:00:00,717642,210,W,ML,432,60.7,102,75.2,92,67.6,70,56.4,67,46.1,101,52.4,,,34.1527,-118.102255,ALTADENA,28.03
2025-01-07 13:00:00,717643,210,W,HV,46,62.4,46,62.4,,,,,,,,,,,34.1527,-118.102255,ALTADENA,28.03
2025-01-07 13:00:00,717644,210,W,ML,433,59.1,106,74.2,107,63.4,83,52.3,68,45.3,69,51.0,,,34.152727,-118.098063,SAN GABRIEL,28.27
2025-01-07 13:00:00,717645,210,W,HV,45,64.5,45,64.5,,,,,,,,,,,34.152727,-118.098063,SAN GABRIEL,28.27
2025-01-07 13:00:00,717649,210,W,ML,414,60.6,110,75.2,105,63.3,77,44.5,71,56.9,51,52.6,,,34.148074,-118.08377,SIERRA MADRE V1,29.17
2025-01-07 13:00:00,717653,210,W,ML,325,54.9,87,55.6,84,54.6,66,54.1,55,54.9,33,55.0,,,34.148737,-118.071321,ROSEMEAD 1,29.879
2025-01-07 13:00:00,761318,210,W,HV,107,62.5,107,62.5,,,,,,,,,,,34.15195,-118.13555,LAKE 1,26.12
2025-01-07 13:00:00,761322,210,W,HV,41,62.8,41,62.8,,,,,,,,,,,34.152357,-118.123714,HILL,26.8
2025-01-07 13:00:00,761325,210,W,HV,45,63.3,45,63.3,,,,,,,,,,,34.148074,-118.08377,SIERRA MADRE V1,29.17
2025-01-07 13:00:00,761431,210,W,HV,107,62.5,107,62.5,,,,,,,,,,,34.148737,-118.071321,ROSEMEAD 1,29.879
2025-01-07 13:00:00,764135,210,W,HV,107,62.5,107,62.5,,,,,,,,,,,34.152092,-118.143249,MARENGO,25.68
2025-01-07 13:00:00,764137,210,W,ML,615,59.5,104,64.6,121,62.5,106,60.8,108,58.4,99,54.5,77,54.5,34.152092,-118.143249,MARENGO,25.68
2025-01-07 13:00:00,769807,210,W,ML,96,64.4,30,72.8,10,68.7,28,60.6,28,57.8,,,,,34.197068,-118.184827,FOOTHILL,20.98
2025-01-07 13:00:00,769867,210,W,ML,180,57.3,34,73.7,60,69.2,45,49.6,41,34.8,,,,,34.218652,-118.239558,LA CRESCENTA,17.38
2025-01-07 13:00:00,769911,210,W,ML,236,48.2,47,76.1,52,43.8,53,44.3,45,33.7,39,42.3,,,34.224897,-118.251344,PENNSYLVANIA,16.58
2025-01-07 13:00:00,769926,210,W,ML,279,50.7,52,54.9,56,52.1,48,48.9,43,47.4,40,48.5,40,51.0,34.214462,-118.232443,OCEAN VIEW,17.88
2025-01-07 13:00:00,769941,210,W,ML,330,55.0,100,76.5,80,71.9,90,28.9,60,35.7,,,,,34.207101,-118.204943,ANGELES CREST HWY SB,19.58
2025-01-07 13:00:00,769953,210,W,ML,360,56.2,100,74.1,120,66.5,90,35.1,50,33.4,,,,,34.206998,-118.201441,ANGELES CREST HWY NB,19.78
2025-01-07 13:00:00,769965,210,W,ML,142,51.2,52,72.9,11,71.0,45,34.1,34,34.3,,,,,34.232554,-118.271772,HONOLULU,15.28
2025-01-07 13:00:00,769983,210,W,ML,382,48.4,116,44.2,138,52.0,67,49.0,61,47.5,,,,,34.203186,-118.191671,GOULD,20.4
2025-01-07 13:00:00,770000,210,W,ML,108,62.4,21,68.1,31,64.8,29,60.3,27,57.7,,,,,34.19198,-118.181214,BERKSHIRE,21.39
2025-01-07 13:00:00,770129,210,W,ML,200,55.4,54,72.5,64,67.5,45,38.4,37,30.3,,,,,34.234984,-118.290562,LA TUNA CANYON NB,14.18
2025-01-07 13:00:00,770141,210,W,ML,144,55.8,41,67.3,52,62.5,14,65.0,37,30.3,,,,,34.234987,-118.294031,LA TUNA CANYON SB,13.98
2025-01-07 13:00:00,770386,210,W,ML,307,43.1,81,47.4,84,44.5,73,40.2,69,39.5,,,,,34.207155,-118.2137,EB/NB 2 TO EB 210 CN,19.08
2025-01-07 13:00:00,770401,210,W,ML,476,60.0,100,65.0,144,61.7,128,58.6,104,54.6,,,,,34.211095,-118.225948,EB/NB 2 TO WB 210 CN,18.32
2025-01-07 13:00:00,770568,210,W,ML,288,53.8,36,75.7,64,70.8,108,48.0,80,38.1,,,,,34.165953,-118.157943,HAMMOND ST.,23.79
2025-01-07 13:00:00,770579,210,W,ML,123,67.4,9,74.5,36,71.1,45,66.5,33,62.7,,,,,34.156597,-118.157944,WINONA WAY,24.442
2025-01-07 13:05:00,717615,210,W,ML,298,45.0,80,49.3,82,46.4,71,42.1,65,41.2,,,,,34.182539,-118.171545,ARROYO 1,22.3
2025-01-07 13:05:00,717622,210,W,ML,290,51.4,40,74.2,110,64.0,70,31.9,70,38.1,,,,,34.176273,-118.161942,LINCOLN 1,23.0
2025-01-07 13:05:00,717624,210,W,ML,288,61.8,61,67.9,66,64.7,58,60.1,53,57.5,50,56.8,,,34.164368,-118.158093,MOUNTAIN 1,23.9
2025-01-07 13:05:00,717627,210,W,ML,122,67.6,58,69.4,64,66.0,,,,,,,,,34.15225,-118.154678,WALNUT,24.9
2025-01-07 13:05:00,717630,210,W,ML,105,62.4,22,67.6,32,64.2,28,61.0,23,56.8,,,,,34.152218,-118.14821,FAIR OAKS 1,25.4
2025-01-07 13:05:00,717632,210,W,HV,106,62.4,106,62.4,,,,,,,,,,,34.152218,-118.14821,FAIR OAKS 1,25.4
2025-01-07 13:05:00,717634,210,W,ML,376,52.5,83,57.6,86,54.6,75,50.7,70,48.9,62,49.0,,,34.15195,-118.13555,LAKE 1,26.12
2025-01-07 13:05:00,717637,210,W,ML,399,59.2,95,73.1,90,70.0,79,50.6,62,45.3,73,48.8,,,34.152357,-118.123714,HILL,26.8
2025-01-07 13:05:00,717642,210,W,ML,435,60.4,109,74.0,86,68.5,72,55.2,69,46.1,99,52.3,,,34.1527,-118.102255,ALTADENA,28.03
2025-01-07 13:05:00,717643,210,W,HV,50,62.2,50,62.2,,,,,,,,,,,34.1527,-118.102255,ALTADENA,28.03
2025-01-07 13:05:00,717644,210,W,ML,464,58.4,121,73.9,110,60.6,80,49.7,89,47.5,64,51.0,,,34.152727,-118.098063,SAN GABRIEL,28.27
2025-01-07 13:05:00,717645,210,W,HV,51,63.1,51,63.1,,,,,,,,,,,34.152727,-118.098063,SAN GABRIEL,28.27
2025-01-07 13:05:00,717649,210,W,ML,418,59.6,112,74.2,111,60.3,73,42.8,74,56.2,48,55.1,,,34.148074,-118.08377,SIERRA MADRE V1,29.17
2025-01-07 13:05:00,717653,210,W,ML,309,57.0,83,58.1,80,56.9,63,56.4,52,56.6,31,56.2,,,34.148737,-118.071321,ROSEMEAD 1,29.879
2025-01-07 13:05:00,761318,210,W,HV,106,62.4,106,62.4,,,,,,,,,,,34.15195,-118.13555,LAKE 1,26.12
2025-01-07 13:05:00,761322,210,W,HV,44,63.5,44,63.5,,,,,,,,,,,34.152357,-118.123714,HILL,26.8
2025-01-07 13:05:00,761325,210,W,HV,59,61.5,59,61.5,,,,,,,,,,,34.148074,-118.08377,SIERRA MADRE V1,29.17
2025-01-07 13:05:00,761431,210,W,HV,106,62.4,106,62.4,,,,,,,,,,,34.148737,-118.071321,ROSEMEAD 1,29.879
2025-01-07 13:05:00,764135,210,W,HV,106,62.4,106,62.4,,,,,,,,,,,34.152092,-118.143249,MARENGO,25.68
2025-01-07 13:05:00,764137,210,W,ML,621,59.5,105,64.6,123,62.5,107,60.8,109,58.4,100,54.5,77,54.5,34.152092,-118.143249,MARENGO,25.68
2025-01-07 13:05:00,769807,210,W,ML,96,64.7,30,72.4,10,69.5,28,61.2,28,58.3,,,,,34.197068,-118.184827,FOOTHILL,20.98
2025-01-07 13:05:00,769867,210,W,ML,237,56.8,57,73.3,66,68.0,62,46.7,52,36.7,,,,,34.218652,-118.239558,LA CRESCENTA,17.38
2025-01-07 13:05:00,769911,210,W,ML,257,50.0,57,76.5,63,45.3,41,43.7,50,38.4,46,41.6,,,34.224897,-118.251344,PENNSYLVANIA,16.58
2025-01-07 13:05:00,769926,210,W,ML,338,48.6,62,52.5,66,49.7,58,46.8,54,45.5,51,46.8,47,49.6,34.214462,-118.232443,OCEAN VIEW,17.88
2025-01-07 13:05:00,769941,210,W,ML,330,55.1,100,76.9,80,73.1,90,28.4,60,34.9,,,,,34.207101,-118.204943,ANGELES CREST HWY SB,19.58
2025-01-07 13:05:00,769953,210,W,ML,360,56.1,100,73.7,120,66.7,90,35.1,50,33.1,,,,,34.206998,-118.201441,ANGELES CREST HWY NB,19.78
2025-01-07 13:05:00,769965,210,W,ML,155,49.5,60,72.1,4,71.1,56,34.5,35,32.2,,,,,34.232554,-118.271772,HONOLULU,15.28
2025-01-07 13:05:00,769983,210,W,ML,382,48.4,116,44.3,138,52.1,67,48.9,61,47.5,,,,,34.203186,-118.191671,GOULD,20.4
2025-01-07 13:05:00,770000,210,W,ML,108,63.0,21,68.7,31,65.4,29,60.8,27,58.2,,,,,34.19198,-118.181214,BERKSHIRE,21.39
2025-01-07 13:05:00,770129,210,W,ML,203,55.5,54,71.2,70,67.0,50,36.9,29,30.6,,,,,34.234984,-118.290562,LA TUNA CANYON NB,14.18
2025-01-07 13:05:00,770141,210,W,ML,139,55.8,39,67.1,50,62.5,14,65.0,36,30.5,,,,,34.234987,-118.294031,LA TUNA CANYON SB,13.98
2025-01-07 13:05:00,770386,210,W,ML,307,42.5,81,46.7,84,43.9,73,39.5,69,39.0,,,,,34.207155,-118.2137,EB/NB 2 TO EB 210 CN,19.08
2025-01-07 13:05:00,770401,210,W,ML,482,60.0,101,65.0,146,61.7,129,58.6,106,54.6,,,,,34.211095,-118.225948,EB/NB 2 TO WB 210 CN,18.32
2025-01-07 13:05:00,770568,210,W,ML,297,54.5,66,76.4,44,71.3,98,46.1,89,39.2,,,,,34.165953,-118.157943,HAMMOND ST.,23.79
2025-01-07 13:05:00,770579,210,W,ML,154,66.5,19,74.6,53,71.2,27,66.9,55,59.1,,,,,34.156597,-118.157944,WINONA WAY,24.442
2025-01-07 13:10:00,717615,210,W,ML,298,45.2,80,49.5,82,46.6,71,42.2,65,41.4,,,,,34.182539,-118.171545,ARROYO 1,22.3
2025-01-07 13:10:00,717622,210,W,ML,290,51.2,40,74.4,110,64.0,70,30.9,70,38.3,,,,,34.176273,-118.161942,LINCOLN 1,23.0
2025-01-07 13:10:00,717624,210,W,ML,329,62.4,72,68.6,75,65.3,66,60.8,60,58.0,56,57.4,,,34.164368,-118.158093,MOUNTAIN 1,23.9
2025-01-07 13:10:00,717627,210,W,ML,118,67.7,56,69.5,62,66.1,,,,,,,,,34.15225,-118.154678,WALNUT,24.9
2025-01-07 13:10:00,717630,210,W,ML,106,62.4,22,67.6,32,64.2,29,61.0,23,56.8,,,,,34.152218,-118.14821,FAIR OAKS 1,25.4
2025-01-07 13:10:00,717632,210,W,HV,107,62.4,107,62.4,,,,,,,,,,,34.152218,-118.14821,FAIR OAKS 1,25.4
2025-01-07 13:10:00,717634,210,W,ML,416,50.9,93,55.9,94,52.9,82,49.1,76,47.4,71,47.6,,,34.15195,-118.13555,LAKE 1,26.12
2025-01-07 13:10:00,717637,210,W,ML,463,58.0,107,72.8,103,70.5,86,49.5,76,44.2,91,46.1,,,34.152357,-118.123714,HILL,26.8
2025-01-07 13:10:00,717642,210,W,ML,465,59.4,106,73.0,95,68.6,79,54.6,77,44.5,108,52.3,,,34.1527,-118.102255,ALTADENA,28.03
2025-01-07 13:10:00,717643,210,W,HV,40,62.4,40,62.4,,,,,,,,,,,34.1527,-118.102255,ALTADENA,28.03
2025-01-07 13:10:00,717644,210,W,ML,518,57.1,131,73.1,118,61.5,93,47.7,97,45.7,79,49.0,,,34.152727,-118.098063,SAN GABRIEL,28.27
2025-01-07 13:10:00,717645,210,W,HV,39,63.0,39,63.0,,,,,,,,,,,34.152727,-118.098063,SAN GABRIEL,28.27
2025-01-07 13:10:00,717649,210,W,ML,451,58.7,120,72.8,114,59.7,77,41.8,83,55.3,57,54.7,,,34.148074,-118.08377,SIERRA MADRE V1,29.17
2025-01-07 13:10:00,717653,210,W,ML,325,56.6,87,57.7,84,56.5,66,56.0,55,56.3,33,56.0,,,34.148737,-118.071321,ROSEMEAD 1,29.879
2025-01-07 13:10:00,761318,210,W,HV,107,62.4,107,62.4,,,,,,,,,,,34.15195,-118.13555,LAKE 1,26.12
2025-01-07 13:10:00,761322,210,W,HV,39,62.9,39,62.9,,,,,,,,,,,34.152357,-118.123714,HILL,26.8
2025-01-07 13:10:00,761325,210,W,HV,42,61.9,42,61.9,,,,,,,,,,,34.148074,-118.08377,SIERRA MADRE V1,29.17
2025-01-07 13:10:00,761431,210,W,HV,107,62.4,107,62.4,,,,,,,,,,,34.148737,-118.071321,ROSEMEAD 1,29.879
2025-01-07 13:10:00,764135,210,W,HV,107,62.4,107,62.4,,,,,,,,,,,34.152092,-118.143249,MARENGO,25.68
2025-01-07 13:10:00,764137,210,W,ML,624,59.1,106,64.2,123,62.1,107,60.4,110,58.0,100,54.1,78,54.1,34.152092,-118.143249,MARENGO,25.68
2025-01-07 13:10:00,769807,210,W,ML,96,64.9,30,72.2,10,69.9,28,61.5,28,58.6,,,,,34.197068,-118.184827,FOOTHILL,20.98
2025-01-07 13:10:00,769867,210,W,ML,230,55.7,49,72.8,62,67.8,64,47.7,55,36.1,,,,,34.218652,-118.239558,LA CRESCENTA,17.38
2025-01-07 13:10:00,769911,210,W,ML,259,52.2,56,77.8,57,44.8,57,52.4,44,36.4,45,44.8,,,34.224897,-118.251344,PENNSYLVANIA,16.58
2025-01-07 13:10:00,769926,210,W,ML,350,49.3,65,53.3,69,50.5,60,47.6,55,46.2,52,47.4,49,50.1,34.214462,-118.232443,OCEAN VIEW,17.88
2025-01-07 13:10:00,769941,210,W,ML,330,55.2,100,77.1,80,73.7,90,28.2,60,34.5,,,,,34.207101,-118.204943,ANGELES CREST HWY SB,19.58
2025-01-07 13:10:00,769953,210,W,ML,360,56.0,100,73.5,120,66.8,90,35.1,50,33.0,,,,,34.206998,-118.201441,ANGELES CREST HWY NB,19.78
2025-01-07 13:10:00,769965,210,W,ML,171,53.1,68,72.3,13,71.0,50,40.4,40,30.6,,,,,34.232554,-118.271772,HONOLULU,15.28
2025-01-07 13:10:00,769983,210,W,ML,382,48.5,116,44.3,138,52.1,67,48.9,61,47.5,,,,,34.203186,-118.191671,GOULD,20.4
2025-01-07 13:10:00,770000,210,W,ML,108,63.3,21,69.0,31,65.7,29,61.1,27,58.4,,,,,34.19198,-118.181214,BERKSHIRE,21.39
2025-01-07 13:10:00,770129,210,W,ML,245,58.7,74,71.0,85,68.2,54,43.5,32,30.3,,,,,34.234984,-118.290562,LA TUNA CANYON NB,14.18
2025-01-07 13:10:00,770141,210,W,ML,152,55.9,44,67.3,54,62.5,15,65.0,39,30.3,,,,,34.234987,-118.294031,LA TUNA CANYON SB,13.98
2025-01-07 13:10:00,770386,210,W,ML,307,42.2,81,46.4,84,43.6,73,39.2,69,38.7,,,,,34.207155,-118.2137,EB/NB 2 TO EB 210 CN,19.08
2025-01-07 13:10:00,770401,210,W,ML,486,60.0,102,65.0,147,61.7,130,58.6,107,54.6,,,,,34.211095,-118.225948,EB/NB 2 TO WB 210 CN,18.32
2025-01-07 13:10:00,770568,210,W,ML,318,55.0,47,77.0,70,70.5,113,46.3,88,42.0,,,,,34.165953,-118.157943,HAMMOND ST.,23.79
2025-01-07 13:10:00,770579,210,W,ML,143,66.6,15,74.7,51,71.3,16,67.1,61,60.6,,,,,34.156597,-118.157944,WINONA WAY,24.442
2025-01-07 13:15:00,717615,210,W,ML,298,45.3,80,49.6,82,46.7,71,42.3,65,41.4,,,,,34.182539,-118.171545,ARROYO 1,22.3
2025-01-07 13:15:00,717622,210,W,ML,290,51.2,40,74.5,110,64.0,70,30.4,70,38.4,,,,,34.176273,-118.161942,LINCOLN 1,23.0
2025-01-07 13:15:00,717624,210,W,ML,333,62.2,72,68.3,76,65.0,67,60.5,61,57.8,57,57.3,,,34.164368,-118.158093,MOUNTAIN 1,23.9
2025-01-07 13:15:00,717627,210,W,ML,112,67.7,53,69.5,59,66.1,,,,,,,,,34.15225,-118.154678,WALNUT,24.9
2025-01-07 13:15:00,717630,210,W,ML,109,62.4,23,67.6,33,64.2,29,61.0,24,56.8,,,,,34.152218,-118.14821,FAIR OAKS 1,25.4
2025-01-07 13:15:00,717632,210,W,HV,109,62.4,109,62.4,,,,,,,,,,,34.152218,-118.14821,FAIR OAKS 1,25.4
2025-01-07 13:15:00,717634,210,W,ML,435,51.5,98,56.7,98,53.6,86,49.5,80,47.8,73,47.9,,,34.15195,-118.13555,LAKE 1,26.12
2025-01-07 13:15:00,717637,210,W,ML,499,57.1,119,72.4,102,67.4,88,47.1,86,43.8,104,49.0,,,34.152357,-118.123714,HILL,26.8
2025-01-07 13:15:00,717642,210,W,ML,542,57.2,140,71.6,107,66.2,86,53.3,84,47.8,125,42.5,,,34.1527,-118.102255,ALTADENA,28.03
2025-01-07 13:15:00,717643,210,W,HV,59,62.4,59,62.4,,,,,,,,,,,34.1527,-118.102255,ALTADENA,28.03
2025-01-07 13:15:00,717644,210,W,ML,547,58.5,142,72.2,128,59.7,97,50.1,104,49.7,76,53.6,,,34.152727,-118.098063,SAN GABRIEL,28.27
2025-01-07 13:15:00,717645,210,W,HV,65,62.8,65,62.8,,,,,,,,,,,34.152727,-118.098063,SAN GABRIEL,28.27
2025-01-07 13:15:00,717649,210,W,ML,516,60.7,144,71.3,135,62.2,91,45.0,86,57.2,60,60.5,,,34.148074,-118.08377,SIERRA MADRE V1,29.17
2025-01-07 13:15:00,717653,210,W,ML,385,60.3,103,61.7,99,60.3,78,60.3,65,59.4,40,58.1,,,34.148737,-118.071321,ROSEMEAD 1,29.879
2025-01-07 13:15:00,761318,210,W,HV,109,62.4,109,62.4,,,,,,,,,,,34.15195,-118.13555,LAKE 1,26.12
2025-01-07 13:15:00,761322,210,W,HV,50,63.5,50,63.5,,,,,,,,,,,34.152357,-118.123714,HILL,26.8
2025-01-07 13:15:00,761325,210,W,HV,63,61.5,63,61.5,,,,,,,,,,,34.148074,-118.08377,SIERRA MADRE V1,29.17
2025-01-07 13:15:00,761431,210,W,HV,109,62.4,109,62.4,,,,,,,,,,,34.148737,-118.071321,ROSEMEAD 1,29.879
2025-01-07 13:15:00,764135,210,W,HV,109,62.4,109,62.4,,,,,,,,,,,34.152092,-118.143249,MARENGO,25.68
2025-01-07 13:15:00,764137,210,W,ML,624,59.0,106,64.0,123,62.0,107,60.3,110,57.9,100,54.0,78,54.0,34.152092,-118.143249,MARENGO,25.68
2025-01-07 13:15:00,769807,210,W,ML,96,64.9,30,72.1,10,70.1,28,61.6,28,58.7,,,,,34.197068,-118.184827,FOOTHILL,20.98
2025-01-07 13:15:00,769867,210,W,ML,231,55.5,55,72.3,59,67.1,52,46.6,65,37.7,,,,,34.218652,-118.239558,LA CRESCENTA,17.38
2025-01-07 13:15:00,769911,210,W,ML,277,51.8,63,75.9,63,46.3,53,50.5,52,36.6,46,45.1,,,34.224897,-118.251344,PENNSYLVANIA,16.58
2025-01-07 13:15:00,769926,210,W,ML,351,48.5,63,52.4,68,49.6,60,46.8,56,45.5,54,46.7,50,49.6,34.214462,-118.232443,OCEAN VIEW,17.88
2025-01-07 13:15:00,769941,210,W,ML,330,55.2,100,77.2,80,74.0,90,28.1,60,34.3,,,,,34.207101,-118.204943,ANGELES CREST HWY SB,19.58
2025-01-07 13:15:00,769953,210,W,ML,360,56.0,100,73.4,120,66.8,90,35.1,50,32.9,,,,,34.206998,-118.201441,ANGELES CREST HWY NB,19.78
2025-01-07 13:15:00,769965,210,W,ML,171,51.1,60,72.9,6,70.9,58,42.5,47,31.5,,,,,34.232554,-118.271772,HONOLULU,15.28
2025-01-07 13:15:00,769983,210,W,ML,382,48.4,116,44.3,138,52.1,67,48.9,61,47.5,,,,,34.203186,-118.191671,GOULD,20.4
2025-01-07 13:15:00,770000,210,W,ML,108,63.4,21,69.2,31,65.8,29,61.2,27,58.6,,,,,34.19198,-118.181214,BERKSHIRE,21.39
2025-01-07 13:15:00,770129,210,W,ML,231,54.6,65,69.7,68,65.6,54,42.1,44,30.8,,,,,34.234984,-118.290562,LA TUNA CANYON NB,14.18
2025-01-07 13:15:00,770141,210,W,ML,175,55.7,52,65.7,62,62.6,17,65.0,44,30.7,,,,,34.234987,-118.294031,LA TUNA CANYON SB,13.98
2025-01-07 13:15:00,770386,210,W,ML,307,42.0,81,46.2,84,43.4,73,39.0,69,38.5,,,,,34.207155,-118.2137,EB/NB 2 TO EB 210 CN,19.08
2025-01-07 13:15:00,770401,210,W,ML,490,60.0,102,65.0,149,61.7,131,58.6,108,54.6,,,,,34.211095,-118.225948,EB/NB 2 TO WB 210 CN,18.32
2025-01-07 13:15:00,770568,210,W,ML,320,56.7,52,76.1,60,70.3,109,50.3,99,45.3,,,,,34.165953,-118.157943,HAMMOND ST.,23.79
2025-01-07 13:15:00,770579,210,W,ML,170,66.2,18,74.8,47,71.3,34,67.1,71,60.2,,,,,34.156597,-118.157944,WINONA WAY,24.442
2025-01-07 13:20:00,717615,210,W,ML,298,45.4,80,49.7,82,46.8,71,42.4,65,41.5,,,,,34.182539,-118.171545,ARROYO 1,22.3
2025-01-07 13:20:00,717622,210,W,ML,290,51.1,40,74.6,110,64.0,70,30.1,70,38.5,,,,,34.176273,-118.161942,LINCOLN 1,23.0
2025-01-07 13:20:00,717624,210,W,ML,292,62.8,63,68.9,67,65.6,59,61.1,53,58.4,50,57.8,,,34.164368,-118.158093,MOUNTAIN 1,23.9
2025-01-07 13:20:00,717627,210,W,ML,103,68.1,49,69.9,54,66.5,,,,,,,,,34.15225,-118.154678,WALNUT,24.9
2025-01-07 13:20:00,717630,210,W,ML,109,62.3,23,67.5,33,64.1,29,60.9,24,56.7,,,,,34.152218,-118.14821,FAIR OAKS 1,25.4
2025-01-07 13:20:00,717632,210,W,HV,110,62.3,110,62.3,,,,,,,,,,,34.152218,-118.14821,FAIR OAKS 1,25.4
2025-01-07 13:20:00,717634,210,W,ML,435,57.6,97,63.4,99,60.2,87,55.8,80,53.6,72,52.9,,,34.15195,-118.13555,LAKE 1,26.12
2025-01-07 13:20:00,717637,210,W,ML,481,60.5,114,71.6,113,66.8,83,49.7,85,51.3,86,57.1,,,34.152357,-118.123714,HILL,26.8
2025-01-07 13:20:00,717642,210,W,ML,511,55.9,118,71.8,108,65.0,84,53.7,83,47.6,118,39.1,,,34.1527,-118.102255,ALTADENA,28.03
2025-01-07 13:20:00,717643,210,W,HV,58,61.9,58,61.9,,,,,,,,,,,34.1527,-118.102255,ALTADENA,28.03
2025-01-07 13:20:00,717644,210,W,ML,523,58.8,127,71.8,122,59.5,102,53.3,98,50.6,74,54.0,,,34.152727,-118.098063,SAN GABRIEL,28.27
2025-01-07 13:20:00,717645,210,W,HV,63,61.7,63,61.7,,,,,,,,,,,34.152727,-118.098063,SAN GABRIEL,28.27
2025-01-07 13:20:00,717649,210,W,ML,499,59.6,137,71.0,121,60.8,89,45.8,86,57.2,66,55.7,,,34.148074,-118.08377,SIERRA MADRE V1,29.17
2025-01-07 13:20:00,717653,210,W,ML,377,57.5,101,58.7,97,57.4,76,56.9,64,57.0,39,56.4,,,34.148737,-118.071321,ROSEMEAD 1,29.879
2025-01-07 13:20:00,761318,210,W,HV,110,62.3,110,62.3,,,,,,,,,,,34.15195,-118.13555,LAKE 1,26.12
2025-01-07 13:20:00,761322,210,W,HV,66,63.1,66,63.1,,,,,,,,,,,34.152357,-118.123714,HILL,26.8
2025-01-07 13:20:00,761325,210,W,HV,59,61.9,59,61.9,,,,,,,,,,,34.148074,-118.08377,SIERRA MADRE V1,29.17
2025-01-07 13:20:00,761431,210,W,HV,110,62.3,110,62.3,,,,,,,,,,,34.148737,-118.071321,ROSEMEAD 1,29.879
2025-01-07 13:20:00,764135,210,W,HV,110,62.3,110,62.3,,,,,,,,,,,34.152092,-118.143249,MARENGO,25.68
2025-01-07 13:20:00,764137,210,W,ML,629,59.0,107,64.0,124,62.0,108,60.3,111,57.9,101,54.0,78,54.0,34.152092,-118.143249,MARENGO,25.68
2025-01-07 13:20:00,769807,210,W,ML,96,65.0,30,72.0,10,70.2,28,61.7,28,58.8,,,,,34.197068,-118.184827,FOOTHILL,20.98
2025-01-07 13:20:00,769867,210,W,ML,211,57.7,44,73.2,62,67.9,54,52.1,51,37.7,,,,,34.218652,-118.239558,LA CRESCENTA,17.38
2025-01-07 13:20:00,769911,210,W,ML,252,52.9,56,75.3,59,50.8,52,47.5,42,39.3,43,46.4,,,34.224897,-118.251344,PENNSYLVANIA,16.58
2025-01-07 13:20:00,769926,210,W,ML,325,52.4,61,57.0,65,54.1,56,50.7,50,49.1,47,50.0,46,52.2,34.214462,-118.232443,OCEAN VIEW,17.88
2025-01-07 13:20:00,769941,210,W,ML,330,55.2,100,77.2,80,74.1,90,28.0,60,34.2,,,,,34.207101,-118.204943,ANGELES CREST HWY SB,19.58
2025-01-07 13:20:00,769953,210,W,ML,360,56.0,100,73.3,120,66.8,90,35.1,50,32.9,,,,,34.206998,-118.201441,ANGELES CREST HWY NB,19.78
2025-01-07 13:20:00,769965,210,W,ML,165,55.8,64,73.8,10,71.3,46,48.1,45,34.7,,,,,34.232554,-118.271772,HONOLULU,15.28
2025-01-07 13:20:00,769983,210,W,ML,382,48.4,116,44.3,138,52.1,67,48.9,61,47.5,,,,,34.203186,-118.191671,GOULD,20.4
2025-01-07 13:20:00,770000,210,W,ML,108,63.5,21,69.3,31,65.9,29,61.3,27,58.6,,,,,34.19198,-118.181214,BERKSHIRE,21.39
2025-01-07 13:20:00,770129,210,W,ML,208,58.9,65,69.2,65,67.1,42,52.7,36,32.6,,,,,34.234984,-118.290562,LA TUNA CANYON NB,14.18
2025-01-07 13:20:00,770141,210,W,ML,141,57.1,40,67.2,51,63.0,14,65.1,36,34.4,,,,,34.234987,-118.294031,LA TUNA CANYON SB,13.98
2025-01-07 13:20:00,770386,210,W,ML,307,41.9,81,46.2,84,43.3,73,39.0,69,38.5,,,,,34.207155,-118.2137,EB/NB 2 TO EB 210 CN,19.08
2025-01-07 13:20:00,770401,210,W,ML,492,59.9,103,64.9,149,61.6,132,58.5,108,54.5,,,,,34.211095,-118.225948,EB/NB 2 TO WB 210 CN,18.32
2025-01-07 13:20:00,770568,210,W,ML,346,56.1,70,75.6,66,70.6,115,50.3,95,38.5,,,,,34.165953,-118.157943,HAMMOND ST.,23.79
2025-01-07 13:20:00,770579,210,W,ML,143,67.1,16,74.8,32,71.1,48,67.5,47,61.4,,,,,34.156597,-118.157944,WINONA WAY,24.442
2025-01-07 13:25:00,717615,210,W,ML,298,45.4,80,49.7,82,46.8,71,42.4,65,41.5,,,,,34.182539,-118.171545,ARROYO 1,22.3
2025-01-07 13:25:00,717622,210,W,ML,290,51.1,40,74.6,110,64.0,70,30.0,70,38.5,,,,,34.176273,-118.161942,LINCOLN 1,23.0
2025-01-07 13:25:00,717624,210,W,ML,224,63.2,46,69.5,52,66.3,46,61.7,41,58.9,39,58.2,,,34.164368,-118.158093,MOUNTAIN 1,23.9
2025-01-07 13:25:00,717627,210,W,ML,66,67.8,30,69.7,36,66.3,,,,,,,,,34.15225,-118.154678,WALNUT,24.9
2025-01-07 13:25:00,717630,210,W,ML,111,62.3,23,67.5,34,64.1,30,60.9,24,56.7,,,,,34.152218,-118.14821,FAIR OAKS 1,25.4
2025-01-07 13:25:00,717632,210,W,HV,111,62.3,111,62.3,,,,,,,,,,,34.152218,-118.14821,FAIR OAKS 1,25.4
2025-01-07 13:25:00,717634,210,W,ML,427,54.8,96,60.3,97,57.2,84,53.0,78,50.9,72,50.5,,,34.15195,-118.13555,LAKE 1,26.12
2025-01-07 13:25:00,717637,210,W,ML,480,58.5,109,72.1,103,65.0,90,49.9,82,52.6,96,49.1,,,34.152357,-118.123714,HILL,26.8
2025-01-07 13:25:00,717642,210,W,ML,487,57.2,106,72.3,106,65.5,83,54.2,83,47.6,109,44.1,,,34.1527,-118.102255,ALTADENA,28.03
2025-01-07 13:25:00,717643,210,W,HV,53,61.6,53,61.6,,,,,,,,,,,34.1527,-118.102255,ALTADENA,28.03
2025-01-07 13:25:00,717644,210,W,ML,520,58.8,120,72.1,121,60.0,100,54.5,94,50.3,85,52.8,,,34.152727,-118.098063,SAN GABRIEL,28.27
2025-01-07 13:25:00,717645,210,W,HV,48,61.7,48,61.7,,,,,,,,,,,34.152727,-118.098063,SAN GABRIEL,28.27
2025-01-07 13:25:00,717649,210,W,ML,463,59.8,119,71.5,119,59.7,78,49.1,86,57.1,61,54.5,,,34.148074,-118.08377,SIERRA MADRE V1,29.17
2025-01-07 13:25:00,717653,210,W,ML,329,56.5,88,57.5,85,56.3,67,55.8,56,56.2,33,55.9,,,34.148737,-118.071321,ROSEMEAD 1,29.879
2025-01-07 13:25:00,761318,210,W,HV,111,62.3,111,62.3,,,,,,,,,,,34.15195,-118.13555,LAKE 1,26.12
2025-01-07 13:25:00,761322,210,W,HV,60,62.7,60,62.7,,,,,,,,,,,34.152357,-118.123714,HILL,26.8
2025-01-07 13:25:00,761325,210,W,HV,53,62.6,53,62.6,,,,,,,,,,,34.148074,-118.08377,SIERRA MADRE V1,29.17
2025-01-07 13:25:00,761431,210,W,HV,111,62.3,111,62.3,,,,,,,,,,,34.148737,-118.071321,ROSEMEAD 1,29.879
2025-01-07 13:25:00,764135,210,W,HV,111,62.3,111,62.3,,,,,,,,,,,34.152092,-118.143249,MARENGO,25.68
2025-01-07 13:25:00,764137,210,W,ML,629,58.9,107,63.9,124,61.8,108,60.2,111,57.8,101,53.9,78,53.9,34.152092,-118.143249,MARENGO,25.68
2025-01-07 13:25:00,769807,210,W,ML,96,65.0,30,72.0,10,70.2,28,61.7,28,58.8,,,,,34.197068,-118.184827,FOOTHILL,20.98
2025-01-07 13:25:00,769867,210,W,ML,233,56.0,55,72.7,65,66.6,54,49.3,59,35.0,,,,,34.218652,-118.239558,LA CRESCENTA,17.38
2025-01-07 13:25:00,769911,210,W,ML,279,51.0,63,74.6,59,46.7,49,45.7,64,40.7,44,43.7,,,34.224897,-118.251344,PENNSYLVANIA,16.58
2025-01-07 13:25:00,769926,210,W,ML,364,50.5,68,54.7,72,51.8,63,48.7,56,47.2,53,48.3,52,50.9,34.214462,-118.232443,OCEAN VIEW,17.88
2025-01-07 13:25:00,769941,210,W,ML,330,55.2,100,77.2,80,74.2,90,28.0,60,34.2,,,,,34.207101,-118.204943,ANGELES CREST HWY SB,19.58
2025-01-07 13:25:00,769953,210,W,ML,360,56.0,100,73.3,120,66.8,90,35.1,50,32.9,,,,,34.206998,-118.201441,ANGELES CREST HWY NB,19.78
2025-01-07 13:25:00,769965,210,W,ML,175,54.0,81,71.8,7,71.2,50,41.1,37,29.4,,,,,34.232554,-118.271772,HONOLULU,15.28
2025-01-07 13:25:00,769983,210,W,ML,382,48.4,116,44.3,138,52.1,67,48.9,61,47.5,,,,,34.203186,-118.191671,GOULD,20.4
2025-01-07 13:25:00,770000,210,W,ML,108,63.5,21,69.3,31,65.9,29,61.3,27,58.6,,,,,34.19198,-118.181214,BERKSHIRE,21.39
2025-01-07 13:25:00,770129,210,W,ML,219,57.7,62,69.4,73,67.1,49,48.4,35,30.6,,,,,34.234984,-118.290562,LA TUNA CANYON NB,14.18
2025-01-07 13:25:00,770141,210,W,ML,136,55.6,38,67.2,49,62.5,13,65.0,36,30.5,,,,,34.234987,-118.294031,LA TUNA CANYON SB,13.98
2025-01-07 13:25:00,770386,210,W,ML,307,41.9,81,46.2,84,43.3,73,39.0,69,38.5,,,,,34.207155,-118.2137,EB/NB 2 TO EB 210 CN,19.08
2025-01-07 13:25:00,770401,210,W,ML,492,59.9,103,64.9,149,61.6,132,58.5,108,54.5,,,,,34.211095,-118.225948,EB/NB 2 TO WB 210 CN,18.32
2025-01-07 13:25:00,770568,210,W,ML,266,55.0,51,77.3,34,70.9,85,50.2,96,41.9,,,,,34.165953,-118.157943,HAMMOND ST.,23.79
2025-01-07 13:25:00,770579,210,W,ML,95,67.0,16,74.7,11,71.1,27,67.3,41,62.7,,,,,34.156597,-118.157944,WINONA WAY,24.442
2025-01-07 13:30:00,717615,210,W,ML,298,45.4,80,49.7,82,46.8,71,42.4,65,41.5,,,,,34.182539,-118.171545,ARROYO 1,22.3
2025-01-07 13:30:00,717622,210,W,ML,290,51.1,40,74.6,110,64.0,70,29.9,70,38.5,,,,,34.176273,-118.161942,LINCOLN 1,23.0
2025-01-07 13:30:00,717624,210,W,ML,256,62.9,54,69.1,59,65.9,52,61.3,47,58.5,44,57.8,,,34.164368,-118.158093,MOUNTAIN 1,23.9
2025-01-07 13:30:00,717627,210,W,ML,88,68.0,40,69.9,48,66.5,,,,,,,,,34.15225,-118.154678,WALNUT,24.9
2025-01-07 13:30:00,717630,210,W,ML,112,62.3,23,67.5,34,64.1,30,60.9,25,56.7,,,,,34.152218,-118.14821,FAIR OAKS 1,25.4
2025-01-07 13:30:00,717632,210,W,HV,112,62.3,112,62.3,,,,,,,,,,,34.152218,-118.14821,FAIR OAKS 1,25.4
2025-01-07 13:30:00,717634,210,W,ML,450,52.3,101,57.6,102,54.6,89,50.4,83,48.5,75,48.5,,,34.15195,-118.13555,LAKE 1,26.12
2025-01-07 13:30:00,717637,210,W,ML,492,56.6,109,71.0,106,63.4,98,49.5,91,50.1,88,45.4,,,34.152357,-118.123714,HILL,26.8
2025-01-07 13:30:00,717642,210,W,ML,528,57.3,129,71.8,104,64.2,86,53.9,85,45.9,124,46.4,,,34.1527,-118.102255,ALTADENA,28.03
2025-01-07 13:30:00,717643,210,W,HV,61,60.3,61,60.3,,,,,,,,,,,34.1527,-118.102255,ALTADENA,28.03
2025-01-07 13:30:00,717644,210,W,ML,560,57.4,146,70.4,121,58.9,103,52.1,101,48.3,89,50.8,,,34.152727,-118.098063,SAN GABRIEL,28.27
2025-01-07 13:30:00,717645,210,W,HV,60,60.4,60,60.4,,,,,,,,,,,34.152727,-118.098063,SAN GABRIEL,28.27
2025-01-07 13:30:00,717649,210,W,ML,526,59.7,140,71.7,139,61.6,93,46.4,89,56.8,65,52.8,,,34.148074,-118.08377,SIERRA MADRE V1,29.17
2025-01-07 13:30:00,717653,210,W,ML,396,55.0,106,55.8,101,54.7,80,54.2,67,55.0,42,55.1,,,34.148737,-118.071321,ROSEMEAD 1,29.879
2025-01-07 13:30:00,761318,210,W,HV,112,62.3,112,62.3,,,,,,,,,,,34.15195,-118.13555,LAKE 1,26.12
2025-01-07 13:30:00,761322,210,W,HV,44,62.0,44,62.0,,,,,,,,,,,34.152357,-118.123714,HILL,26.8
2025-01-07 13:30:00,761325,210,W,HV,63,61.4,63,61.4,,,,,,,,,,,34.148074,-118.08377,SIERRA MADRE V1,29.17
2025-01-07 13:30:00,761431,210,W,HV,112,62.3,112,62.3,,,,,,,,,,,34.148737,-118.071321,ROSEMEAD 1,29.879
2025-01-07 13:30:00,764135,210,W,HV,112,62.3,112,62.3,,,,,,,,,,,34.152092,-118.143249,MARENGO,25.68
2025-01-07 13:30:00,764137,210,W,ML,629,59.0,107,64.0,124,62.0,108,60.3,111,57.9,101,54.0,78,54.0,34.152092,-118.143249,MARENGO,25.68
2025-01-07 13:30:00,769807,210,W,ML,96,65.0,30,72.0,10,70.2,28,61.7,28,58.8,,,,,34.197068,-118.184827,FOOTHILL,20.98
2025-01-07 13:30:00,769867,210,W,ML,240,57.6,51,71.4,65,66.3,64,55.6,60,38.7,,,,,34.218652,-118.239558,LA CRESCENTA,17.38
2025-01-07 13:30:00,769911,210,W,ML,282,54.8,54,74.6,67,50.4,65,55.6,45,44.8,51,47.5,,,34.224897,-118.251344,PENNSYLVANIA,16.58
2025-01-07 13:30:00,769926,210,W,ML,367,54.8,68,59.9,73,56.9,63,53.3,57,51.4,54,52.1,52,53.9,34.214462,-118.232443,OCEAN VIEW,17.88
2025-01-07 13:30:00,769941,210,W,ML,330,55.2,100,77.2,80,74.2,90,28.0,60,34.2,,,,,34.207101,-118.204943,ANGELES CREST HWY SB,19.58
2025-01-07 13:30:00,769953,210,W,ML,360,56.0,100,73.3,120,66.8,90,35.1,50,32.9,,,,,34.206998,-118.201441,ANGELES CREST HWY NB,19.78
2025-01-07 13:30:00,769965,210,W,ML,190,52.3,74,70.3,9,71.2,63,42.7,44,32.0,,,,,34.232554,-118.271772,HONOLULU,15.28
2025-01-07 13:30:00,769983,210,W,ML,382,48.4,116,44.3,138,52.1,67,48.9,61,47.5,,,,,34.203186,-118.191671,GOULD,20.4
2025-01-07 13:30:00,770000,210,W,ML,108,63.5,21,69.3,31,65.9,29,61.3,27,58.6,,,,,34.19198,-118.181214,BERKSHIRE,21.39
2025-01-07 13:30:00,770129,210,W,ML,265,57.2,89,68.0,76,66.6,64,44.9,36,32.2,,,,,34.234984,-118.290562,LA TUNA CANYON NB,14.18
2025-01-07 13:30:00,770141,210,W,ML,183,56.4,55,66.7,64,62.9,18,65.1,46,31.9,,,,,34.234987,-118.294031,LA TUNA CANYON SB,13.98
2025-01-07 13:30:00,770386,210,W,ML,307,41.9,81,46.2,84,43.3,73,39.0,69,38.5,,,,,34.207155,-118.2137,EB/NB 2 TO EB 210 CN,19.08
2025-01-07 13:30:00,770401,210,W,ML,492,59.9,103,64.9,149,61.6,132,58.5,108,54.5,,,,,34.211095,-118.225948,EB/NB 2 TO WB 210 CN,18.32
2025-01-07 13:30:00,770568,210,W,ML,234,55.0,45,76.5,44,71.6,76,47.6,69,38.7,,,,,34.165953,-118.157943,HAMMOND ST.,23.79
2025-01-07 13:30:00,770579,210,W,ML,142,67.7,25,75.0,32,71.5,37,67.5,48,61.5,,,,,34.156597,-118.157944,WINONA WAY,24.442
2025-01-07 13:35:00,717615,210,W,ML,298,45.4,80,49.7,82,46.8,71,42.4,65,41.5,,,,,34.182539,-118.171545,ARROYO 1,22.3
2025-01-07 13:35:00,717622,210,W,ML,290,51.1,40,74.6,110,64.0,70,29.9,70,38.5,,,,,34.176273,-118.161942,LINCOLN 1,23.0
2025-01-07 13:35:00,717624,210,W,ML,255,61.8,53,67.9,59,64.7,52,60.2,47,57.5,44,56.9,,,34.164368,-118.158093,MOUNTAIN 1,23.9
2025-01-07 13:35:00,717627,210,W,ML,92,67.8,42,69.6,50,66.2,,,,,,,,,34.15225,-118.154678,WALNUT,24.9
2025-01-07 13:35:00,717630,210,W,ML,112,62.3,23,67.5,34,64.1,30,60.9,25,56.7,,,,,34.152218,-118.14821,FAIR OAKS 1,25.4
2025-01-07 13:35:00,717632,210,W,HV,112,62.3,112,62.3,,,,,,,,,,,34.152218,-118.14821,FAIR OAKS 1,25.4
2025-01-07 13:35:00,717634,210,W,ML,410,52.8,92,58.2,94,55.1,82,50.9,75,49.0,67,48.7,,,34.15195,-118.13555,LAKE 1,26.12
2025-01-07 13:35:00,717637,210,W,ML,455,58.1,111,72.8,101,65.3,85,48.8,84,47.0,74,49.4,,,34.152357,-118.123714,HILL,26.8
2025-01-07 13:35:00,717642,210,W,ML,467,58.4,119,71.5,99,64.1,75,53.5,73,45.8,101,50.3,,,34.1527,-118.102255,ALTADENA,28.03
2025-01-07 13:35:00,717643,210,W,HV,49,60.9,49,60.9,,,,,,,,,,,34.1527,-118.102255,ALTADENA,28.03
2025-01-07 13:35:00,717644,210,W,ML,460,54.6,138,70.4,102,57.3,90,48.2,68,30.8,62,50.6,,,34.152727,-118.098063,SAN GABRIEL,28.27
2025-01-07 13:35:00,717645,210,W,HV,56,60.8,56,60.8,,,,,,,,,,,34.152727,-118.098063,SAN GABRIEL,28.27
2025-01-07 13:35:00,717649,210,W,ML,435,60.2,132,72.6,106,61.4,76,44.9,71,55.9,50,54.6,,,34.148074,-118.08377,SIERRA MADRE V1,29.17
2025-01-07 13:35:00,717653,210,W,ML,320,56.6,86,57.6,83,56.4,65,55.9,54,56.2,32,55.9,,,34.148737,-118.071321,ROSEMEAD 1,29.879
2025-01-07 13:35:00,761318,210,W,HV,112,62.3,112,62.3,,,,,,,,,,,34.15195,-118.13555,LAKE 1,26.12
2025-01-07 13:35:00,761322,210,W,HV,54,62.4,54,62.4,,,,,,,,,,,34.152357,-118.123714,HILL,26.8
2025-01-07 13:35:00,761325,210,W,HV,63,60.8,63,60.8,,,,,,,,,,,34.148074,-118.08377,SIERRA MADRE V1,29.17
2025-01-07 13:35:00,761431,210,W,HV,112,62.3,112,62.3,,,,,,,,,,,34.148737,-118.071321,ROSEMEAD 1,29.879
2025-01-07 13:35:00,764135,210,W,HV,112,62.3,112,62.3,,,,,,,,,,,34.152092,-118.143249,MARENGO,25.68
2025-01-07 13:35:00,764137,210,W,ML,631,59.0,107,64.0,124,62.0,109,60.3,111,57.9,101,54.0,79,54.0,34.152092,-118.143249,MARENGO,25.68
2025-01-07 13:35:00,769807,210,W,ML,96,65.0,30,72.0,10,70.2,28,61.7,28,58.8,,,,,34.197068,-118.184827,FOOTHILL,20.98
2025-01-07 13:35:00,769867,210,W,ML,253,54.0,56,70.2,77,65.1,57,43.5,63,35.4,,,,,34.218652,-118.239558,LA CRESCENTA,17.38
2025-01-07 13:35:00,769911,210,W,ML,271,52.1,53,74.7,62,47.9,57,49.0,52,44.4,47,44.6,,,34.224897,-118.251344,PENNSYLVANIA,16.58
2025-01-07 13:35:00,769926,210,W,ML,385,46.4,73,49.8,76,47.1,66,44.5,60,43.4,56,44.9,54,48.1,34.214462,-118.232443,OCEAN VIEW,17.88
2025-01-07 13:35:00,769941,210,W,ML,330,55.2,100,77.2,80,74.2,90,28.0,60,34.2,,,,,34.207101,-118.204943,ANGELES CREST HWY SB,19.58
2025-01-07 13:35:00,769953,210,W,ML,360,56.0,100,73.3,120,66.8,90,35.1,50,32.9,,,,,34.206998,-118.201441,ANGELES CREST HWY NB,19.78
2025-01-07 13:35:00,769965,210,W,ML,161,53.9,61,70.7,7,71.1,52,43.1,41,39.5,,,,,34.232554,-118.271772,HONOLULU,15.28
2025-01-07 13:35:00,769983,210,W,ML,382,48.4,116,44.3,138,52.1,67,48.9,61,47.5,,,,,34.203186,-118.191671,GOULD,20.4
2025-01-07 13:35:00,770000,210,W,ML,108,63.5,21,69.3,31,65.9,29,61.3,27,58.6,,,,,34.19198,-118.181214,BERKSHIRE,21.39
2025-01-07 13:35:00,770129,210,W,ML,218,58.7,69,67.9,64,65.9,50,48.5,35,41.8,,,,,34.234984,-118.290562,LA TUNA CANYON NB,14.18
2025-01-07 13:35:00,770141,210,W,ML,139,58.6,39,66.0,50,64.1,14,65.6,36,40.2,,,,,34.234987,-118.294031,LA TUNA CANYON SB,13.98
2025-01-07 13:35:00,770386,210,W,ML,307,41.9,81,46.2,84,43.3,73,39.0,69,38.5,,,,,34.207155,-118.2137,EB/NB 2 TO EB 210 CN,19.08
2025-01-07 13:35:00,770401,210,W,ML,493,59.9,103,64.9,150,61.6,132,58.5,108,54.5,,,,,34.211095,-118.225948,EB/NB 2 TO WB 210 CN,18.32
2025-01-07 13:35:00,770568,210,W,ML,238,52.6,40,72.9,40,71.2,81,48.7,77,36.6,,,,,34.165953,-118.157943,HAMMOND ST.,23.79
2025-01-07 13:35:00,770579,210,W,ML,161,67.6,41,75.2,35,71.5,35,67.2,50,58.9,,,,,34.156597,-118.157944,WINONA WAY,24.442
2025-01-07 13:40:00,717615,210,W,ML,298,45.4,80,49.7,82,46.8,71,42.4,65,41.5,,,,,34.182539,-118.171545,ARROYO 1,22.3
2025-01-07 13:40:00,717622,210,W,ML,290,51.1,40,74.6,110,64.0,70,29.9,70,38.5,,,,,34.176273,-118.161942,LINCOLN 1,23.0
2025-01-07 13:40:00,717624,210,W,ML,253,62.0,54,68.1,59,64.8,51,60.3,46,57.6,43,57.2,,,34.164368,-118.158093,MOUNTAIN 1,23.9
2025-01-07 13:40:00,717627,210,W,ML,97,68.1,46,69.9,51,66.5,,,,,,,,,34.15225,-118.154678,WALNUT,24.9
2025-01-07 13:40:00,717630,210,W,ML,115,62.3,24,67.5,35,64.1,31,60.9,25,56.7,,,,,34.152218,-118.14821,FAIR OAKS 1,25.4
2025-01-07 13:40:00,717632,210,W,HV,114,62.3,114,62.3,,,,,,,,,,,34.152218,-118.14821,FAIR OAKS 1,25.4
2025-01-07 13:40:00,717634,210,W,ML,415,53.0,93,58.1,94,55.1,82,51.2,76,49.4,70,49.4,,,34.15195,-118.13555,LAKE 1,26.12
2025-01-07 13:40:00,717637,210,W,ML,453,56.8,106,70.4,101,63.5,78,48.0,78,43.8,90,52.2,,,34.152357,-118.123714,HILL,26.8
2025-01-07 13:40:00,717642,210,W,ML,536,55.1,130,67.1,119,62.4,88,51.2,82,42.7,117,45.8,,,34.1527,-118.102255,ALTADENA,28.03
2025-01-07 13:40:00,717643,210,W,HV,68,60.3,68,60.3,,,,,,,,,,,34.1527,-118.102255,ALTADENA,28.03
2025-01-07 13:40:00,717644,210,W,ML,560,52.7,148,68.4,136,56.1,99,45.8,98,36.2,79,46.8,,,34.152727,-118.098063,SAN GABRIEL,28.27
2025-01-07 13:40:00,717645,210,W,HV,64,58.7,64,58.7,,,,,,,,,,,34.152727,-118.098063,SAN GABRIEL,28.27
2025-01-07 13:40:00,717649,210,W,ML,527,58.1,139,70.6,140,59.8,79,43.1,85,54.2,84,52.4,,,34.148074,-118.08377,SIERRA MADRE V1,29.17
2025-01-07 13:40:00,717653,210,W,ML,433,54.7,115,55.4,110,54.4,87,53.9,74,54.8,47,54.9,,,34.148737,-118.071321,ROSEMEAD 1,29.879
2025-01-07 13:40:00,761318,210,W,HV,114,62.3,114,62.3,,,,,,,,,,,34.15195,-118.13555,LAKE 1,26.12
2025-01-07 13:40:00,761322,210,W,HV,63,60.4,63,60.4,,,,,,,,,,,34.152357,-118.123714,HILL,26.8
2025-01-07 13:40:00,761325,210,W,HV,63,59.9,63,59.9,,,,,,,,,,,34.148074,-118.08377,SIERRA MADRE V1,29.17
2025-01-07 13:40:00,761431,210,W,HV,114,62.3,114,62.3,,,,,,,,,,,34.148737,-118.071321,ROSEMEAD 1,29.879
2025-01-07 13:40:00,764135,210,W,HV,114,62.3,114,62.3,,,,,,,,,,,34.152092,-118.143249,MARENGO,25.68
2025-01-07 13:40:00,764137,210,W,ML,637,58.7,108,63.7,126,61.6,110,60.0,112,57.6,102,53.7,79,53.7,34.152092,-118.143249,MARENGO,25.68
2025-01-07 13:40:00,769807,210,W,ML,96,65.0,30,72.0,10,70.2,28,61.7,28,58.8,,,,,34.197068,-118.184827,FOOTHILL,20.98
2025-01-07 13:40:00,769867,210,W,ML,222,55.0,53,70.8,73,65.3,49,38.7,47,38.2,,,,,34.218652,-118.239558,LA CRESCENTA,17.38
2025-01-07 13:40:00,769911,210,W,ML,258,51.9,66,75.8,58,46.5,51,43.2,41,42.0,42,42.2,,,34.224897,-118.251344,PENNSYLVANIA,16.58
2025-01-07 13:40:00,769926,210,W,ML,306,45.6,57,49.7,61,46.9,53,42.8,47,42.0,44,43.8,44,47.5,34.214462,-118.232443,OCEAN VIEW,17.88
2025-01-07 13:40:00,769941,210,W,ML,330,55.2,100,77.2,80,74.2,90,28.0,60,34.2,,,,,34.207101,-118.204943,ANGELES CREST HWY SB,19.58
2025-01-07 13:40:00,769953,210,W,ML,360,56.0,100,73.3,120,66.8,90,35.1,50,32.9,,,,,34.206998,-118.201441,ANGELES CREST HWY NB,19.78
2025-01-07 13:40:00,769965,210,W,ML,193,53.4,81,71.2,10,71.1,59,38.5,43,36.2,,,,,34.232554,-118.271772,HONOLULU,15.28
2025-01-07 13:40:00,769983,210,W,ML,382,48.4,116,44.3,138,52.1,67,48.9,61,47.5,,,,,34.203186,-118.191671,GOULD,20.4
2025-01-07 13:40:00,770000,210,W,ML,108,63.5,21,69.3,31,65.9,29,61.3,27,58.6,,,,,34.19198,-118.181214,BERKSHIRE,21.39
2025-01-07 13:40:00,770129,210,W,ML,253,56.4,79,68.3,81,64.3,52,42.7,41,35.2,,,,,34.234984,-118.290562,LA TUNA CANYON NB,14.18
2025-01-07 13:40:00,770141,210,W,ML,162,56.4,48,64.4,57,63.0,16,65.2,41,34.5,,,,,34.234987,-118.294031,LA TUNA CANYON SB,13.98
2025-01-07 13:40:00,770386,210,W,ML,307,41.9,81,46.2,84,43.3,73,39.0,69,38.5,,,,,34.207155,-118.2137,EB/NB 2 TO EB 210 CN,19.08
2025-01-07 13:40:00,770401,210,W,ML,497,59.8,104,64.8,151,61.5,133,58.4,109,54.4,,,,,34.211095,-118.225948,EB/NB 2 TO WB 210 CN,18.32
2025-01-07 13:40:00,770568,210,W,ML,234,48.1,36,74.2,31,70.1,99,40.1,68,36.0,,,,,34.165953,-118.157943,HAMMOND ST.,23.79
2025-01-07 13:40:00,770579,210,W,ML,140,66.4,21,75.2,22,71.5,44,67.5,53,59.8,,,,,34.156597,-118.157944,WINONA WAY,24.442
2025-01-07 13:45:00,717615,210,W,ML,115,62.4,24,67.6,35,64.2,31,61.0,25,56.8,,,,,34.182539,-118.171545,ARROYO 1,22.3
2025-01-07 13:45:00,717622,210,W,ML,206,53.9,0,74.8,84,65.5,71,51.3,51,38.5,,,,,34.176273,-118.161942,LINCOLN 1,23.0
2025-01-07 13:45:00,717624,210,W,ML,115,63.0,25,67.0,28,64.8,24,63.1,23,60.6,15,56.5,,,34.164368,-118.158093,MOUNTAIN 1,23.9
2025-01-07 13:45:00,717627,210,W,ML,115,62.6,61,65.2,54,59.6,,,,,,,,,34.15225,-118.154678,WALNUT,24.9
2025-01-07 13:45:00,717630,210,W,ML,115,62.4,24,67.6,35,64.2,31,61.0,25,56.8,,,,,34.152218,-118.14821,FAIR OAKS 1,25.4
2025-01-07 13:45:00,717632,210,W,HV,115,62.4,115,62.4,,,,,,,,,,,34.152218,-118.14821,FAIR OAKS 1,25.4
2025-01-07 13:45:00,717634,210,W,ML,638,58.8,141,62.5,154,60.5,136,58.8,126,56.5,81,52.7,,,34.15195,-118.13555,LAKE 1,26.12
2025-01-07 13:45:00,717637,210,W,ML,533,60.2,127,66.5,118,62.9,87,57.4,91,54.9,110,56.4,,,34.152357,-118.123714,HILL,26.8
2025-01-07 13:45:00,717642,210,W,ML,591,58.3,126,70.1,108,65.9,116,51.5,107,49.5,134,53.8,,,34.1527,-118.102255,ALTADENA,28.03
2025-01-07 13:45:00,717643,210,W,HV,93,65.2,93,65.2,,,,,,,,,,,34.1527,-118.102255,ALTADENA,28.03
2025-01-07 13:45:00,717644,210,W,ML,557,61.6,137,68.8,125,64.7,98,51.5,101,59.9,96,59.2,,,34.152727,-118.098063,SAN GABRIEL,28.27
2025-01-07 13:45:00,717645,210,W,HV,92,65.1,92,65.1,,,,,,,,,,,34.152727,-118.098063,SAN GABRIEL,28.27
2025-01-07 13:45:00,717649,210,W,ML,523,62.2,139,69.3,125,63.9,89,55.4,98,58.0,72,59.6,,,34.148074,-118.08377,SIERRA MADRE V1,29.17
2025-01-07 13:45:00,717653,210,W,ML,497,60.3,110,64.1,120,62.0,106,60.3,98,58.0,63,54.1,,,34.148737,-118.071321,ROSEMEAD 1,29.879
2025-01-07 13:45:00,761318,210,W,HV,115,62.4,115,62.4,,,,,,,,,,,34.15195,-118.13555,LAKE 1,26.12
2025-01-07 13:45:00,761322,210,W,HV,94,63.6,94,63.6,,,,,,,,,,,34.152357,-118.123714,HILL,26.8
2025-01-07 13:45:00,761325,210,W,HV,96,64.0,96,64.0,,,,,,,,,,,34.148074,-118.08377,SIERRA MADRE V1,29.17
2025-01-07 13:45:00,761431,210,W,HV,115,62.4,115,62.4,,,,,,,,,,,34.148737,-118.071321,ROSEMEAD 1,29.879
2025-01-07 13:45:00,764135,210,W,HV,115,62.4,115,62.4,,,,,,,,,,,34.152092,-118.143249,MARENGO,25.68
2025-01-07 13:45:00,764137,210,W,ML,637,58.5,108,63.5,126,61.4,110,59.8,112,57.4,102,53.5,79,53.5,34.152092,-118.143249,MARENGO,25.68
2025-01-07 13:45:00,769807,210,W,ML,238,68.7,87,74.8,95,68.9,31,61.0,25,56.8,,,,,34.197068,-118.184827,FOOTHILL,20.98
2025-01-07 13:45:00,769867,210,W,ML,330,62.7,97,75.6,88,67.9,72,55.1,73,46.6,,,,,34.218652,-118.239558,LA CRESCENTA,17.38
2025-01-07 13:45:00,769911,210,W,ML,262,61.9,90,73.4,28,64.8,69,56.0,60,51.3,15,56.5,,,34.224897,-118.251344,PENNSYLVANIA,16.58
2025-01-07 13:45:00,769926,210,W,ML,439,66.2,76,76.7,74,75.1,65,55.9,68,57.6,89,66.1,67,63.0,34.214462,-118.232443,OCEAN VIEW,17.88
2025-01-07 13:45:00,769941,210,W,ML,321,59.7,79,73.3,96,66.7,69,44.5,77,50.8,,,,,34.207101,-118.204943,ANGELES CREST HWY SB,19.58
2025-01-07 13:45:00,769953,210,W,ML,299,60.4,85,74.2,93,64.7,75,47.2,46,47.5,,,,,34.206998,-118.201441,ANGELES CREST HWY NB,19.78
2025-01-07 13:45:00,769965,210,W,ML,225,61.0,102,74.1,12,70.9,66,51.0,45,43.4,,,,,34.232554,-118.271772,HONOLULU,15.28
2025-01-07 13:45:00,769983,210,W,ML,115,62.4,24,67.6,35,64.2,31,61.0,25,56.8,,,,,34.203186,-118.191671,GOULD,20.4
2025-01-07 13:45:00,770000,210,W,ML,115,62.4,24,67.6,35,64.2,31,61.0,25,56.8,,,,,34.19198,-118.181214,BERKSHIRE,21.39
2025-01-07 13:45:00,770129,210,W,ML,310,61.7,110,70.8,93,67.4,69,52.4,38,38.1,,,,,34.234984,-118.290562,LA TUNA CANYON NB,14.18
2025-01-07 13:45:00,770141,210,W,ML,115,62.4,24,67.6,35,64.2,31,61.0,25,56.8,,,,,34.234987,-118.294031,LA TUNA CANYON SB,13.98
2025-01-07 13:45:00,770386,210,W,ML,115,62.4,24,67.6,35,64.2,31,61.0,25,56.8,,,,,34.207155,-118.2137,EB/NB 2 TO EB 210 CN,19.08
2025-01-07 13:45:00,770401,210,W,ML,497,59.7,104,64.7,151,61.4,133,58.3,109,54.3,,,,,34.211095,-118.225948,EB/NB 2 TO WB 210 CN,18.32
2025-01-07 13:45:00,770568,210,W,ML,353,51.0,78,68.2,81,63.2,102,39.2,92,38.8,,,,,34.165953,-118.157943,HAMMOND ST.,23.79
2025-01-07 13:45:00,770579,210,W,ML,185,66.4,24,74.7,54,69.5,43,66.9,64,60.2,,,,,34.156597,-118.157944,WINONA WAY,24.442
2025-01-07 13:50:00,717615,210,W,ML,115,62.3,24,67.5,35,64.1,31,60.9,25,56.7,,,,,34.182539,-118.171545,ARROYO 1,22.3
2025-01-07 13:50:00,717622,210,W,ML,348,51.0,93,55.1,95,52.2,83,48.6,77,47.1,,,,,34.176273,-118.161942,LINCOLN 1,23.0
2025-01-07 13:50:00,717624,210,W,ML,302,62.0,63,68.1,68,64.8,60,60.5,56,57.8,55,57.3,,,34.164368,-118.158093,MOUNTAIN 1,23.9
2025-01-07 13:50:00,717627,210,W,ML,101,68.0,48,69.8,53,66.4,,,,,,,,,34.15225,-118.154678,WALNUT,24.9
2025-01-07 13:50:00,717630,210,W,ML,115,62.3,24,67.5,35,64.1,31,60.9,25,56.7,,,,,34.152218,-118.14821,FAIR OAKS 1,25.4
2025-01-07 13:50:00,717632,210,W,HV,115,62.3,115,62.3,,,,,,,,,,,34.152218,-118.14821,FAIR OAKS 1,25.4
2025-01-07 13:50:00,717634,210,W,ML,394,54.5,88,59.9,90,56.9,78,52.6,72,50.7,66,50.6,,,34.15195,-118.13555,LAKE 1,26.12
2025-01-07 13:50:00,717637,210,W,ML,437,59.3,100,71.0,99,69.3,76,57.8,69,48.7,93,45.3,,,34.152357,-118.123714,HILL,26.8
2025-01-07 13:50:00,717642,210,W,ML,515,57.6,101,72.8,117,69.1,89,53.3,88,46.7,120,44.7,,,34.1527,-118.102255,ALTADENA,28.03
2025-01-07 13:50:00,717643,210,W,HV,46,65.0,46,65.0,,,,,,,,,,,34.1527,-118.102255,ALTADENA,28.03
2025-01-07 13:50:00,717644,210,W,ML,517,57.9,114,73.9,119,59.6,97,56.1,104,48.0,83,48.3,,,34.152727,-118.098063,SAN GABRIEL,28.27
2025-01-07 13:50:00,717645,210,W,HV,43,65.0,43,65.0,,,,,,,,,,,34.152727,-118.098063,SAN GABRIEL,28.27
2025-01-07 13:50:00,717649,210,W,ML,448,61.1,120,76.3,116,61.6,67,42.8,88,57.1,57,55.6,,,34.148074,-118.08377,SIERRA MADRE V1,29.17
2025-01-07 13:50:00,717653,210,W,ML,297,57.4,81,58.6,78,57.4,61,56.8,49,56.9,28,56.4,,,34.148737,-118.071321,ROSEMEAD 1,29.879
2025-01-07 13:50:00,761318,210,W,HV,115,62.3,115,62.3,,,,,,,,,,,34.15195,-118.13555,LAKE 1,26.12
2025-01-07 13:50:00,761322,210,W,HV,41,65.0,41,65.0,,,,,,,,,,,34.152357,-118.123714,HILL,26.8
2025-01-07 13:50:00,761325,210,W,HV,54,61.9,54,61.9,,,,,,,,,,,34.148074,-118.08377,SIERRA MADRE V1,29.17
2025-01-07 13:50:00,761431,210,W,HV,115,62.3,115,62.3,,,,,,,,,,,34.148737,-118.071321,ROSEMEAD 1,29.879
2025-01-07 13:50:00,764135,210,W,HV,115,62.3,115,62.3,,,,,,,,,,,34.152092,-118.143249,MARENGO,25.68
2025-01-07 13:50:00,764137,210,W,ML,635,58.2,108,63.2,125,61.1,109,59.5,112,57.1,102,53.3,79,53.3,34.152092,-118.143249,MARENGO,25.68
2025-01-07 13:50:00,769807,210,W,ML,236,68.2,91,73.9,89,68.2,31,60.9,25,56.7,,,,,34.197068,-118.184827,FOOTHILL,20.98
2025-01-07 13:50:00,769867,210,W,ML,237,58.9,64,69.4,73,61.3,46,67.4,54,35.8,,,,,34.218652,-118.239558,LA CRESCENTA,17.38
2025-01-07 13:50:00,769911,210,W,ML,299,56.0,80,74.3,63,59.2,51,37.4,60,48.4,45,50.1,,,34.224897,-118.251344,PENNSYLVANIA,16.58
2025-01-07 13:50:00,769926,210,W,ML,340,56.7,64,62.2,68,59.2,58,55.3,52,53.2,50,53.7,48,54.6,34.214462,-118.232443,OCEAN VIEW,17.88
2025-01-07 13:50:00,769941,210,W,ML,315,59.2,78,73.7,79,66.3,69,44.8,89,51.4,,,,,34.207101,-118.204943,ANGELES CREST HWY SB,19.58
2025-01-07 13:50:00,769953,210,W,ML,294,60.4,82,73.9,86,63.6,63,49.2,63,49.8,,,,,34.206998,-118.201441,ANGELES CREST HWY NB,19.78
2025-01-07 13:50:00,769965,210,W,ML,203,61.7,86,70.8,14,71.0,59,45.5,44,62.8,,,,,34.232554,-118.271772,HONOLULU,15.28
2025-01-07 13:50:00,769983,210,W,ML,115,62.3,24,67.5,35,64.1,31,60.9,25,56.7,,,,,34.203186,-118.191671,GOULD,20.4
2025-01-07 13:50:00,770000,210,W,ML,115,62.3,24,67.5,35,64.1,31,60.9,25,56.7,,,,,34.19198,-118.181214,BERKSHIRE,21.39
2025-01-07 13:50:00,770129,210,W,ML,255,64.4,86,67.4,74,65.9,66,59.7,29,62.8,,,,,34.234984,-118.290562,LA TUNA CANYON NB,14.18
2025-01-07 13:50:00,770141,210,W,ML,188,61.9,57,66.0,66,64.1,18,65.9,47,52.1,,,,,34.234987,-118.294031,LA TUNA CANYON SB,13.98
2025-01-07 13:50:00,770386,210,W,ML,115,62.3,24,67.5,35,64.1,31,60.9,25,56.7,,,,,34.207155,-118.2137,EB/NB 2 TO EB 210 CN,19.08
2025-01-07 13:50:00,770401,210,W,ML,496,59.7,104,64.7,150,61.4,133,58.3,109,54.3,,,,,34.211095,-118.225948,EB/NB 2 TO WB 210 CN,18.32
2025-01-07 13:50:00,770568,210,W,ML,332,56.6,74,79.1,74,67.0,96,49.6,88,36.5,,,,,34.165953,-118.157943,HAMMOND ST.,23.79
2025-01-07 13:50:00,770579,210,W,ML,132,68.3,13,74.8,43,71.0,47,67.4,29,62.8,,,,,34.156597,-118.157944,WINONA WAY,24.442
2025-01-07 13:55:00,717615,210,W,ML,115,62.3,24,67.5,35,64.1,31,60.9,25,56.7,,,,,34.182539,-118.171545,ARROYO 1,22.3
2025-01-07 13:55:00,717622,210,W,ML,297,49.1,78,53.0,82,50.2,71,46.7,66,45.4,,,,,34.176273,-118.161942,LINCOLN 1,23.0
2025-01-07 13:55:00,717624,210,W,ML,335,63.2,73,69.4,77,66.1,67,61.4,61,58.7,57,58.1,,,34.164368,-118.158093,MOUNTAIN 1,23.9
2025-01-07 13:55:00,717627,210,W,ML,101,68.0,47,69.7,54,66.5,,,,,,,,,34.15225,-118.154678,WALNUT,24.9
2025-01-07 13:55:00,717630,210,W,ML,115,62.3,24,67.5,35,64.1,31,60.9,25,56.7,,,,,34.152218,-118.14821,FAIR OAKS 1,25.4
2025-01-07 13:55:00,717632,210,W,HV,116,62.3,116,62.3,,,,,,,,,,,34.152218,-118.14821,FAIR OAKS 1,25.4
2025-01-07 13:55:00,717634,210,W,ML,452,51.2,102,56.3,102,53.3,89,49.2,83,47.7,76,47.8,,,34.15195,-118.13555,LAKE 1,26.12
2025-01-07 13:55:00,717637,210,W,ML,491,57.2,106,71.4,112,67.8,86,51.0,86,46.6,101,44.9,,,34.152357,-118.123714,HILL,26.8
2025-01-07 13:55:00,717642,210,W,ML,489,59.2,109,72.1,103,70.6,80,54.7,78,45.8,119,49.3,,,34.1527,-118.102255,ALTADENA,28.03
2025-01-07 13:55:00,717643,210,W,HV,57,62.6,57,62.6,,,,,,,,,,,34.1527,-118.102255,ALTADENA,28.03
2025-01-07 13:55:00,717644,210,W,ML,508,57.8,118,73.0,125,60.0,97,52.3,89,47.2,79,50.6,,,34.152727,-118.098063,SAN GABRIEL,28.27
2025-01-07 13:55:00,717645,210,W,HV,57,63.4,57,63.4,,,,,,,,,,,34.152727,-118.098063,SAN GABRIEL,28.27
2025-01-07 13:55:00,717649,210,W,ML,492,60.2,132,74.3,127,62.2,82,42.6,81,56.8,70,54.4,,,34.148074,-118.08377,SIERRA MADRE V1,29.17
2025-01-07 13:55:00,717653,210,W,ML,362,56.4,98,57.4,93,56.2,73,55.7,61,56.1,37,55.8,,,34.148737,-118.071321,ROSEMEAD 1,29.879
2025-01-07 13:55:00,761318,210,W,HV,116,62.3,116,62.3,,,,,,,,,,,34.15195,-118.13555,LAKE 1,26.12
2025-01-07 13:55:00,761322,210,W,HV,67,62.9,67,62.9,,,,,,,,,,,34.152357,-118.123714,HILL,26.8
2025-01-07 13:55:00,761325,210,W,HV,56,61.6,56,61.6,,,,,,,,,,,34.148074,-118.08377,SIERRA MADRE V1,29.17
2025-01-07 13:55:00,761431,210,W,HV,116,62.3,116,62.3,,,,,,,,,,,34.148737,-118.071321,ROSEMEAD 1,29.879
2025-01-07 13:55:00,764135,210,W,HV,116,62.3,116,62.3,,,,,,,,,,,34.152092,-118.143249,MARENGO,25.68
2025-01-07 13:55:00,764137,210,W,ML,633,57.9,107,62.8,125,60.8,109,59.1,111,56.8,102,53.0,79,53.0,34.152092,-118.143249,MARENGO,25.68
2025-01-07 13:55:00,769807,210,W,ML,220,67.2,81,73.7,83,66.5,31,60.9,25,56.7,,,,,34.197068,-118.184827,FOOTHILL,20.98
2025-01-07 13:55:00,769867,210,W,ML,270,57.2,56,69.8,83,63.0,61,62.3,70,35.7,,,,,34.218652,-118.239558,LA CRESCENTA,17.38
2025-01-07 13:55:00,769911,210,W,ML,284,56.2,63,75.4,65,54.0,53,53.7,55,45.2,48,49.2,,,34.224897,-118.251344,PENNSYLVANIA,16.58
2025-01-07 13:55:00,769926,210,W,ML,420,57.9,80,63.6,83,60.5,72,56.5,65,54.2,61,54.7,59,55.4,34.214462,-118.232443,OCEAN VIEW,17.88
2025-01-07 13:55:00,769941,210,W,ML,329,60.6,81,74.6,88,66.8,69,42.1,91,56.0,,,,,34.207101,-118.204943,ANGELES CREST HWY SB,19.58
2025-01-07 13:55:00,769953,210,W,ML,306,60.7,81,73.0,99,65.2,70,46.7,56,52.5,,,,,34.206998,-118.201441,ANGELES CREST HWY NB,19.78
2025-01-07 13:55:00,769965,210,W,ML,175,57.4,70,71.9,7,70.9,58,45.1,40,47.3,,,,,34.232554,-118.271772,HONOLULU,15.28
2025-01-07 13:55:00,769983,210,W,ML,115,62.3,24,67.5,35,64.1,31,60.9,25,56.7,,,,,34.203186,-118.191671,GOULD,20.4
2025-01-07 13:55:00,770000,210,W,ML,115,62.3,24,67.5,35,64.1,31,60.9,25,56.7,,,,,34.19198,-118.181214,BERKSHIRE,21.39
2025-01-07 13:55:00,770129,210,W,ML,251,59.3,69,67.1,84,65.1,58,50.2,40,46.9,,,,,34.234984,-118.290562,LA TUNA CANYON NB,14.18
2025-01-07 13:55:00,770141,210,W,ML,164,59.4,48,65.2,58,63.6,16,65.8,42,44.6,,,,,34.234987,-118.294031,LA TUNA CANYON SB,13.98
2025-01-07 13:55:00,770386,210,W,ML,115,62.3,24,67.5,35,64.1,31,60.9,25,56.7,,,,,34.207155,-118.2137,EB/NB 2 TO EB 210 CN,19.08
2025-01-07 13:55:00,770401,210,W,ML,488,59.8,102,64.8,148,61.5,131,58.4,107,54.4,,,,,34.211095,-118.225948,EB/NB 2 TO WB 210 CN,18.32
2025-01-07 13:55:00,770568,210,W,ML,285,56.2,61,76.2,70,70.6,80,47.1,74,36.1,,,,,34.165953,-118.157943,HAMMOND ST.,23.79
2025-01-07 13:55:00,770579,210,W,ML,136,67.0,10,74.7,40,71.3,22,66.7,64,63.2,,,,,34.156597,-118.157944,WINONA WAY,24.442
2025-01-07 14:00:00,717615,210,W,ML,116,62.0,24,67.2,35,63.8,31,60.6,26,56.4,,,,,34.182539,-118.171545,ARROYO 1,22.3
2025-01-07 14:00:00,717622,210,W,ML,351,48.4,94,52.3,96,49.5,83,46.1,78,44.8,,,,,34.176273,-118.161942,LINCOLN 1,23.0
2025-01-07 14:00:00,717624,210,W,ML,275,63.3,58,69.6,63,66.3,55,61.6,50,58.9,49,58.5,,,34.164368,-118.158093,MOUNTAIN 1,23.9
2025-01-07 14:00:00,717627,210,W,ML,88,68.3,40,70.1,48,66.8,,,,,,,,,34.15225,-118.154678,WALNUT,24.9
2025-01-07 14:00:00,717630,210,W,ML,116,62.0,24,67.2,35,63.8,31,60.6,26,56.4,,,,,34.152218,-118.14821,FAIR OAKS 1,25.4
2025-01-07 14:00:00,717632,210,W,HV,117,62.0,117,62.0,,,,,,,,,,,34.152218,-118.14821,FAIR OAKS 1,25.4
2025-01-07 14:00:00,717634,210,W,ML,418,50.1,93,55.1,95,52.2,82,48.2,77,46.7,71,46.9,,,34.15195,-118.13555,LAKE 1,26.12
2025-01-07 14:00:00,717637,210,W,ML,505,56.3,124,70.5,101,68.0,90,49.4,76,45.4,114,43.1,,,34.152357,-118.123714,HILL,26.8
2025-01-07 14:00:00,717642,210,W,ML,476,59.3,130,70.6,91,67.5,83,54.1,82,45.0,90,52.5,,,34.1527,-118.102255,ALTADENA,28.03
2025-01-07 14:00:00,717643,210,W,HV,59,61.0,59,61.0,,,,,,,,,,,34.1527,-118.102255,ALTADENA,28.03
2025-01-07 14:00:00,717644,210,W,ML,553,57.1,146,71.3,126,59.7,103,49.7,94,46.2,84,49.7,,,34.152727,-118.098063,SAN GABRIEL,28.27
2025-01-07 14:00:00,717645,210,W,HV,67,63.8,67,63.8,,,,,,,,,,,34.152727,-118.098063,SAN GABRIEL,28.27
2025-01-07 14:00:00,717649,210,W,ML,497,58.8,143,72.7,119,60.8,80,40.3,86,56.0,69,51.5,,,34.148074,-118.08377,SIERRA MADRE V1,29.17
2025-01-07 14:00:00,717653,210,W,ML,356,53.9,96,54.5,92,53.5,72,53.0,60,54.2,36,54.5,,,34.148737,-118.071321,ROSEMEAD 1,29.879
2025-01-07 14:00:00,761318,210,W,HV,117,62.0,117,62.0,,,,,,,,,,,34.15195,-118.13555,LAKE 1,26.12
2025-01-07 14:00:00,761322,210,W,HV,60,61.8,60,61.8,,,,,,,,,,,34.152357,-118.123714,HILL,26.8
2025-01-07 14:00:00,761325,210,W,HV,56,62.1,56,62.1,,,,,,,,,,,34.148074,-118.08377,SIERRA MADRE V1,29.17
2025-01-07 14:00:00,761431,210,W,HV,117,62.0,117,62.0,,,,,,,,,,,34.148737,-118.071321,ROSEMEAD 1,29.879
2025-01-07 14:00:00,764135,210,W,HV,117,62.0,117,62.0,,,,,,,,,,,34.152092,-118.143249,MARENGO,25.68
2025-01-07 14:00:00,764137,210,W,ML,629,57.9,107,62.8,124,60.8,108,59.1,111,56.8,101,53.0,78,53.0,34.152092,-118.143249,MARENGO,25.68
2025-01-07 14:00:00,769807,210,W,ML,233,67.5,82,73.2,94,67.9,31,60.6,26,56.4,,,,,34.197068,-118.184827,FOOTHILL,20.98
2025-01-07 14:00:00,769867,210,W,ML,208,54.8,37,70.9,69,63.8,49,54.3,53,32.5,,,,,34.218652,-118.239558,LA CRESCENTA,17.38
2025-01-07 14:00:00,769911,210,W,ML,223,53.6,40,74.7,59,50.7,36,56.0,46,41.3,42,49.0,,,34.224897,-118.251344,PENNSYLVANIA,16.58
2025-01-07 14:00:00,769926,210,W,ML,336,54.0,63,58.8,67,55.8,58,52.3,51,50.5,49,51.3,48,53.2,34.214462,-118.232443,OCEAN VIEW,17.88
2025-01-07 14:00:00,769941,210,W,ML,336,60.5,85,71.8,94,66.7,68,45.9,89,54.5,,,,,34.207101,-118.204943,ANGELES CREST HWY SB,19.58
2025-01-07 14:00:00,769953,210,W,ML,333,59.8,90,69.9,112,64.9,74,46.1,57,51.6,,,,,34.206998,-118.201441,ANGELES CREST HWY NB,19.78
2025-01-07 14:00:00,769965,210,W,ML,166,56.3,61,70.8,14,71.1,60,47.9,31,37.1,,,,,34.232554,-118.271772,HONOLULU,15.28
2025-01-07 14:00:00,769983,210,W,ML,116,62.0,24,67.2,35,63.8,31,60.6,26,56.4,,,,,34.203186,-118.191671,GOULD,20.4
2025-01-07 14:00:00,770000,210,W,ML,116,62.0,24,67.2,35,63.8,31,60.6,26,56.4,,,,,34.19198,-118.181214,BERKSHIRE,21.39
2025-01-07 14:00:00,770129,210,W,ML,241,59.7,73,67.7,86,65.5,51,49.7,31,41.2,,,,,34.234984,-118.290562,LA TUNA CANYON NB,14.18
2025-01-07 14:00:00,770141,210,W,ML,142,58.2,40,65.6,51,63.8,14,65.6,37,39.6,,,,,34.234987,-118.294031,LA TUNA CANYON SB,13.98
2025-01-07 14:00:00,770386,210,W,ML,116,62.0,24,67.2,35,63.8,31,60.6,26,56.4,,,,,34.207155,-118.2137,EB/NB 2 TO EB 210 CN,19.08
2025-01-07 14:00:00,770401,210,W,ML,484,59.9,101,64.9,147,61.6,130,58.5,106,54.5,,,,,34.211095,-118.225948,EB/NB 2 TO WB 210 CN,18.32
2025-01-07 14:00:00,770568,210,W,ML,312,52.8,50,74.9,63,70.4,97,46.2,102,37.5,,,,,34.165953,-118.157943,HAMMOND ST.,23.79
2025-01-07 14:00:00,770579,210,W,ML,130,69.0,30,75.1,32,71.4,28,67.4,40,63.6,,,,,34.156597,-118.157944,WINONA WAY,24.442
2025-01-07 14:05:00,717615,210,W,ML,115,61.9,24,67.1,35,63.7,31,60.5,25,56.3,,,,,34.182539,-118.171545,ARROYO 1,22.3
2025-01-07 14:05:00,717622,210,W,ML,355,48.9,95,52.8,97,50.0,85,46.5,78,45.2,,,,,34.176273,-118.161942,LINCOLN 1,23.0
2025-01-07 14:05:00,717624,210,W,ML,292,61.9,61,68.0,66,64.7,58,60.2,54,57.6,53,57.5,,,34.164368,-118.158093,MOUNTAIN 1,23.9
2025-01-07 14:05:00,717627,210,W,ML,126,68.6,61,70.3,65,67.0,,,,,,,,,34.15225,-118.154678,WALNUT,24.9
2025-01-07 14:05:00,717630,210,W,ML,115,61.9,24,67.1,35,63.7,31,60.5,25,56.3,,,,,34.152218,-118.14821,FAIR OAKS 1,25.4
2025-01-07 14:05:00,717632,210,W,HV,116,61.9,116,61.9,,,,,,,,,,,34.152218,-118.14821,FAIR OAKS 1,25.4
2025-01-07 14:05:00,717634,210,W,ML,427,50.6,96,55.8,97,52.8,84,48.6,78,47.0,72,47.2,,,34.15195,-118.13555,LAKE 1,26.12
2025-01-07 14:05:00,717637,210,W,ML,478,56.8,117,70.6,105,65.9,87,49.3,80,46.2,89,44.9,,,34.152357,-118.123714,HILL,26.8
2025-01-07 14:05:00,717642,210,W,ML,509,58.2,115,70.8,105,65.9,83,54.0,83,44.0,123,52.1,,,34.1527,-118.102255,ALTADENA,28.03
2025-01-07 14:05:00,717643,210,W,HV,42,61.5,42,61.5,,,,,,,,,,,34.1527,-118.102255,ALTADENA,28.03
2025-01-07 14:05:00,717644,210,W,ML,500,55.0,125,72.0,107,60.8,83,37.9,99,47.1,86,48.4,,,34.152727,-118.098063,SAN GABRIEL,28.27
2025-01-07 14:05:00,717645,210,W,HV,40,64.4,40,64.4,,,,,,,,,,,34.152727,-118.098063,SAN GABRIEL,28.27
2025-01-07 14:05:00,717649,210,W,ML,453,58.4,124,72.1,103,60.6,83,43.8,84,55.5,59,50.8,,,34.148074,-118.08377,SIERRA MADRE V1,29.17
2025-01-07 14:05:00,717653,210,W,ML,351,53.3,94,53.8,91,52.9,71,52.4,59,53.7,36,54.2,,,34.148737,-118.071321,ROSEMEAD 1,29.879
2025-01-07 14:05:00,761318,210,W,HV,116,61.9,116,61.9,,,,,,,,,,,34.15195,-118.13555,LAKE 1,26.12
2025-01-07 14:05:00,761322,210,W,HV,46,62.3,46,62.3,,,,,,,,,,,34.152357,-118.123714,HILL,26.8
2025-01-07 14:05:00,761325,210,W,HV,45,61.7,45,61.7,,,,,,,,,,,34.148074,-118.08377,SIERRA MADRE V1,29.17
2025-01-07 14:05:00,761431,210,W,HV,116,61.9,116,61.9,,,,,,,,,,,34.148737,-118.071321,ROSEMEAD 1,29.879
2025-01-07 14:05:00,764135,210,W,HV,116,61.9,116,61.9,,,,,,,,,,,34.152092,-118.143249,MARENGO,25.68
2025-01-07 14:05:00,764137,210,W,ML,635,57.8,108,62.7,125,60.7,109,59.0,112,56.7,102,52.9,79,52.9,34.152092,-118.143249,MARENGO,25.68
2025-01-07 14:05:00,769807,210,W,ML,280,67.8,101,71.9,123,68.7,31,60.5,25,56.3,,,,,34.197068,-118.184827,FOOTHILL,20.98
2025-01-07 14:05:00,769867,210,W,ML,273,55.6,75,70.4,73,64.6,65,49.9,60,32.1,,,,,34.218652,-118.239558,LA CRESCENTA,17.38
2025-01-07 14:05:00,769911,210,W,ML,287,52.2,69,71.8,65,47.5,54,50.7,51,38.7,48,46.2,,,34.224897,-118.251344,PENNSYLVANIA,16.58
2025-01-07 14:05:00,769926,210,W,ML,369,50.9,70,55.2,73,52.3,63,49.1,57,47.6,54,48.7,52,51.1,34.214462,-118.232443,OCEAN VIEW,17.88
2025-01-07 14:05:00,769941,210,W,ML,305,61.2,82,70.8,78,67.0,73,47.3,72,58.0,,,,,34.207101,-118.204943,ANGELES CREST HWY SB,19.58
2025-01-07 14:05:00,769953,210,W,ML,297,59.3,83,68.9,89,65.5,74,48.3,51,48.7,,,,,34.206998,-118.201441,ANGELES CREST HWY NB,19.78
2025-01-07 14:05:00,769965,210,W,ML,199,53.9,76,70.6,15,71.0,61,43.9,47,34.4,,,,,34.232554,-118.271772,HONOLULU,15.28
2025-01-07 14:05:00,769983,210,W,ML,115,61.9,24,67.1,35,63.7,31,60.5,25,56.3,,,,,34.203186,-118.191671,GOULD,20.4
2025-01-07 14:05:00,770000,210,W,ML,115,61.9,24,67.1,35,63.7,31,60.5,25,56.3,,,,,34.19198,-118.181214,BERKSHIRE,21.39
2025-01-07 14:05:00,770129,210,W,ML,233,58.1,67,68.4,74,65.2,57,49.9,35,36.8,,,,,34.234984,-118.290562,LA TUNA CANYON NB,14.18
2025-01-07 14:05:00,770141,210,W,ML,161,57.2,47,65.3,57,63.6,16,65.3,41,35.9,,,,,34.234987,-118.294031,LA TUNA CANYON SB,13.98
2025-01-07 14:05:00,770386,210,W,ML,115,61.9,24,67.1,35,63.7,31,60.5,25,56.3,,,,,34.207155,-118.2137,EB/NB 2 TO EB 210 CN,19.08
2025-01-07 14:05:00,770401,210,W,ML,488,59.8,102,64.8,148,61.5,131,58.4,107,54.4,,,,,34.211095,-118.225948,EB/NB 2 TO WB 210 CN,18.32
2025-01-07 14:05:00,770568,210,W,ML,304,54.2,56,74.2,53,67.5,109,46.8,86,42.3,,,,,34.165953,-118.157943,HAMMOND ST.,23.79
2025-01-07 14:05:00,770579,210,W,ML,167,69.3,36,74.9,58,71.7,22,66.2,51,63.9,,,,,34.156597,-118.157944,WINONA WAY,24.442
2025-01-07 14:10:00,717615,210,W,ML,119,61.8,25,67.0,36,63.6,32,60.4,26,56.2,,,,,34.182539,-118.171545,ARROYO 1,22.3
2025-01-07 14:10:00,717622,210,W,ML,351,44.8,94,48.6,96,45.7,84,42.5,77,41.6,,,,,34.176273,-118.161942,LINCOLN 1,23.0
2025-01-07 14:10:00,717624,210,W,ML,315,62.9,68,69.1,72,65.8,63,61.1,58,58.5,54,58.3,,,34.164368,-118.158093,MOUNTAIN 1,23.9
2025-01-07 14:10:00,717627,210,W,ML,76,68.2,34,70.1,42,66.6,,,,,,,,,34.15225,-118.154678,WALNUT,24.9
2025-01-07 14:10:00,717630,210,W,ML,119,61.8,25,67.0,36,63.6,32,60.4,26,56.2,,,,,34.152218,-118.14821,FAIR OAKS 1,25.4
2025-01-07 14:10:00,717632,210,W,HV,118,61.8,118,61.8,,,,,,,,,,,34.152218,-118.14821,FAIR OAKS 1,25.4
2025-01-07 14:10:00,717634,210,W,ML,406,52.2,90,57.3,92,54.3,80,50.4,75,48.6,69,48.7,,,34.15195,-118.13555,LAKE 1,26.12
2025-01-07 14:10:00,717637,210,W,ML,459,57.5,112,70.1,95,66.4,88,52.0,73,46.5,91,46.9,,,34.152357,-118.123714,HILL,26.8
2025-01-07 14:10:00,717642,210,W,ML,492,58.0,120,70.5,100,66.3,79,53.4,79,43.5,114,50.8,,,34.1527,-118.102255,ALTADENA,28.03
2025-01-07 14:10:00,717643,210,W,HV,54,61.2,54,61.2,,,,,,,,,,,34.1527,-118.102255,ALTADENA,28.03
2025-01-07 14:10:00,717644,210,W,ML,493,55.9,139,68.6,109,60.0,95,46.6,69,46.2,81,47.8,,,34.152727,-118.098063,SAN GABRIEL,28.27
2025-01-07 14:10:00,717645,210,W,HV,55,64.5,55,64.5,,,,,,,,,,,34.152727,-118.098063,SAN GABRIEL,28.27
2025-01-07 14:10:00,717649,210,W,ML,466,57.6,139,69.2,115,58.5,72,42.7,82,55.1,58,49.8,,,34.148074,-118.08377,SIERRA MADRE V1,29.17
2025-01-07 14:10:00,717653,210,W,ML,304,52.5,82,52.9,79,52.0,62,51.5,51,53.0,30,53.7,,,34.148737,-118.071321,ROSEMEAD 1,29.879
2025-01-07 14:10:00,761318,210,W,HV,118,61.8,118,61.8,,,,,,,,,,,34.15195,-118.13555,LAKE 1,26.12
2025-01-07 14:10:00,761322,210,W,HV,52,61.4,52,61.4,,,,,,,,,,,34.152357,-118.123714,HILL,26.8
2025-01-07 14:10:00,761325,210,W,HV,66,59.9,66,59.9,,,,,,,,,,,34.148074,-118.08377,SIERRA MADRE V1,29.17
2025-01-07 14:10:00,761431,210,W,HV,118,61.8,118,61.8,,,,,,,,,,,34.148737,-118.071321,ROSEMEAD 1,29.879
2025-01-07 14:10:00,764135,210,W,HV,118,61.8,118,61.8,,,,,,,,,,,34.152092,-118.143249,MARENGO,25.68
2025-01-07 14:10:00,764137,210,W,ML,637,57.4,108,62.3,126,60.3,110,58.6,112,56.4,102,52.5,79,52.5,34.152092,-118.143249,MARENGO,25.68
2025-01-07 14:10:00,769807,210,W,ML,271,67.5,105,72.6,108,67.3,32,60.4,26,56.2,,,,,34.197068,-118.184827,FOOTHILL,20.98
2025-01-07 14:10:00,769867,210,W,ML,262,55.8,69,69.9,77,64.7,50,46.0,66,38.1,,,,,34.218652,-118.239558,LA CRESCENTA,17.38
2025-01-07 14:10:00,769911,210,W,ML,290,53.4,67,71.2,64,49.2,60,57.7,51,37.2,48,45.9,,,34.224897,-118.251344,PENNSYLVANIA,16.58
2025-01-07 14:10:00,769926,210,W,ML,399,48.2,76,51.9,79,49.2,68,46.3,62,45.1,58,46.4,56,49.3,34.214462,-118.232443,OCEAN VIEW,17.88
2025-01-07 14:10:00,769941,210,W,ML,361,60.0,96,70.3,95,67.5,73,47.7,97,51.9,,,,,34.207101,-118.204943,ANGELES CREST HWY SB,19.58
2025-01-07 14:10:00,769953,210,W,ML,310,60.5,96,69.0,95,65.2,56,47.2,63,52.5,,,,,34.206998,-118.201441,ANGELES CREST HWY NB,19.78
2025-01-07 14:10:00,769965,210,W,ML,195,53.3,79,68.8,9,71.1,63,46.0,44,32.2,,,,,34.232554,-118.271772,HONOLULU,15.28
2025-01-07 14:10:00,769983,210,W,ML,119,61.8,25,67.0,36,63.6,32,60.4,26,56.2,,,,,34.203186,-118.191671,GOULD,20.4
2025-01-07 14:10:00,770000,210,W,ML,119,61.8,25,67.0,36,63.6,32,60.4,26,56.2,,,,,34.19198,-118.181214,BERKSHIRE,21.39
2025-01-07 14:10:00,770129,210,W,ML,282,57.4,94,68.4,87,65.7,60,44.7,41,33.3,,,,,34.234984,-118.290562,LA TUNA CANYON NB,14.18
2025-01-07 14:10:00,770141,210,W,ML,171,56.5,51,65.8,60,63.1,17,65.1,43,32.8,,,,,34.234987,-118.294031,LA TUNA CANYON SB,13.98
2025-01-07 14:10:00,770386,210,W,ML,119,61.8,25,67.0,36,63.6,32,60.4,26,56.2,,,,,34.207155,-118.2137,EB/NB 2 TO EB 210 CN,19.08
2025-01-07 14:10:00,770401,210,W,ML,496,59.8,104,64.8,150,61.5,133,58.4,109,54.4,,,,,34.211095,-118.225948,EB/NB 2 TO WB 210 CN,18.32
2025-01-07 14:10:00,770568,210,W,ML,322,52.8,72,74.3,59,69.4,106,41.4,85,37.2,,,,,34.165953,-118.157943,HAMMOND ST.,23.79
2025-01-07 14:10:00,770579,210,W,ML,133,67.3,19,74.8,25,71.2,25,67.0,64,63.7,,,,,34.156597,-118.157944,WINONA WAY,24.442
2025-01-07 14:15:00,717615,210,W,ML,119,61.8,25,67.0,36,63.6,32,60.4,26,56.2,,,,,34.182539,-118.171545,ARROYO 1,22.3
2025-01-07 14:15:00,717622,210,W,ML,264,46.7,69,51.1,73,48.2,63,43.8,59,42.8,,,,,34.176273,-118.161942,LINCOLN 1,23.0
2025-01-07 14:15:00,717624,210,W,ML,263,63.5,55,69.8,60,66.5,53,61.9,48,59.1,47,58.4,,,34.164368,-118.158093,MOUNTAIN 1,23.9
2025-01-07 14:15:00,717627,210,W,ML,97,68.1,45,69.8,52,66.5,,,,,,,,,34.15225,-118.154678,WALNUT,24.9
2025-01-07 14:15:00,717630,210,W,ML,119,61.8,25,67.0,36,63.6,32,60.4,26,56.2,,,,,34.152218,-118.14821,FAIR OAKS 1,25.4
2025-01-07 14:15:00,717632,210,W,HV,120,61.8,120,61.8,,,,,,,,,,,34.152218,-118.14821,FAIR OAKS 1,25.4
2025-01-07 14:15:00,717634,210,W,ML,474,51.8,106,57.2,107,54.1,94,49.9,88,48.2,79,47.9,,,34.15195,-118.13555,LAKE 1,26.12
2025-01-07 14:15:00,717637,210,W,ML,510,56.1,117,69.5,123,64.2,80,45.3,91,44.2,99,49.7,,,34.152357,-118.123714,HILL,26.8
2025-01-07 14:15:00,717642,210,W,ML,548,57.6,134,68.1,110,62.3,92,54.6,86,46.2,126,52.3,,,34.1527,-118.102255,ALTADENA,28.03
2025-01-07 14:15:00,717643,210,W,HV,53,60.1,53,60.1,,,,,,,,,,,34.1527,-118.102255,ALTADENA,28.03
2025-01-07 14:15:00,717644,210,W,ML,570,55.7,140,67.2,139,59.1,96,46.3,96,48.4,99,51.1,,,34.152727,-118.098063,SAN GABRIEL,28.27
2025-01-07 14:15:00,717645,210,W,HV,59,64.7,59,64.7,,,,,,,,,,,34.152727,-118.098063,SAN GABRIEL,28.27
2025-01-07 14:15:00,717649,210,W,ML,500,58.4,130,69.0,140,60.2,71,41.4,92,56.3,67,55.1,,,34.148074,-118.08377,SIERRA MADRE V1,29.17
2025-01-07 14:15:00,717653,210,W,ML,347,57.0,94,58.1,90,56.9,70,56.4,58,56.6,35,56.2,,,34.148737,-118.071321,ROSEMEAD 1,29.879
2025-01-07 14:15:00,761318,210,W,HV,120,61.8,120,61.8,,,,,,,,,,,34.15195,-118.13555,LAKE 1,26.12
2025-01-07 14:15:00,761322,210,W,HV,59,61.5,59,61.5,,,,,,,,,,,34.152357,-118.123714,HILL,26.8
2025-01-07 14:15:00,761325,210,W,HV,57,58.7,57,58.7,,,,,,,,,,,34.148074,-118.08377,SIERRA MADRE V1,29.17
2025-01-07 14:15:00,761431,210,W,HV,120,61.8,120,61.8,,,,,,,,,,,34.148737,-118.071321,ROSEMEAD 1,29.879
2025-01-07 14:15:00,764135,210,W,HV,120,61.8,120,61.8,,,,,,,,,,,34.152092,-118.143249,MARENGO,25.68
2025-01-07 14:15:00,764137,210,W,ML,641,56.8,109,61.6,126,59.6,110,58.0,113,55.8,103,52.0,80,52.0,34.152092,-118.143249,MARENGO,25.68
2025-01-07 14:15:00,769807,210,W,ML,239,66.8,89,72.3,92,66.7,32,60.4,26,56.2,,,,,34.197068,-118.184827,FOOTHILL,20.98
2025-01-07 14:15:00,769867,210,W,ML,288,55.7,77,67.6,86,64.2,59,47.5,66,37.9,,,,,34.218652,-118.239558,LA CRESCENTA,17.38
2025-01-07 14:15:00,769911,210,W,ML,309,51.2,77,68.6,67,47.4,53,48.4,63,41.5,49,44.5,,,34.224897,-118.251344,PENNSYLVANIA,16.58
2025-01-07 14:15:00,769926,210,W,ML,399,49.2,76,53.2,79,50.4,68,47.4,62,46.0,58,47.3,56,50.0,34.214462,-118.232443,OCEAN VIEW,17.88
2025-01-07 14:15:00,769941,210,W,ML,322,60.2,88,69.4,88,67.3,66,51.3,80,49.5,,,,,34.207101,-118.204943,ANGELES CREST HWY SB,19.58
2025-01-07 14:15:00,769953,210,W,ML,308,59.3,89,67.8,95,64.6,69,48.6,55,49.7,,,,,34.206998,-118.201441,ANGELES CREST HWY NB,19.78
2025-01-07 14:15:00,769965,210,W,ML,201,51.1,81,67.3,13,70.8,63,40.7,44,30.5,,,,,34.232554,-118.271772,HONOLULU,15.28
2025-01-07 14:15:00,769983,210,W,ML,119,61.8,25,67.0,36,63.6,32,60.4,26,56.2,,,,,34.203186,-118.191671,GOULD,20.4
2025-01-07 14:15:00,770000,210,W,ML,119,61.8,25,67.0,36,63.6,32,60.4,26,56.2,,,,,34.19198,-118.181214,BERKSHIRE,21.39
2025-01-07 14:15:00,770129,210,W,ML,261,54.4,71,65.9,87,64.5,63,41.7,40,31.9,,,,,34.234984,-118.290562,LA TUNA CANYON NB,14.18
2025-01-07 14:15:00,770141,210,W,ML,180,55.8,54,64.6,63,62.8,18,65.1,45,31.6,,,,,34.234987,-118.294031,LA TUNA CANYON SB,13.98
2025-01-07 14:15:00,770386,210,W,ML,119,61.8,25,67.0,36,63.6,32,60.4,26,56.2,,,,,34.207155,-118.2137,EB/NB 2 TO EB 210 CN,19.08
2025-01-07 14:15:00,770401,210,W,ML,499,59.7,104,64.7,151,61.4,134,58.3,110,54.3,,,,,34.211095,-118.225948,EB/NB 2 TO WB 210 CN,18.32
2025-01-07 14:15:00,770568,210,W,ML,270,57.1,83,74.5,50,71.2,70,42.6,67,40.3,,,,,34.165953,-118.157943,HAMMOND ST.,23.79
2025-01-07 14:15:00,770579,210,W,ML,141,68.2,20,74.7,38,71.6,38,67.3,45,63.3,,,,,34.156597,-118.157944,WINONA WAY,24.442
2025-01-07 14:20:00,717615,210,W,ML,119,61.8,25,67.0,36,63.6,32,60.4,26,56.2,,,,,34.182539,-118.171545,ARROYO 1,22.3
2025-01-07 14:20:00,717622,210,W,ML,268,47.3,70,51.7,74,48.7,64,44.4,60,43.3,,,,,34.176273,-118.161942,LINCOLN 1,23.0
2025-01-07 14:20:00,717624,210,W,ML,287,63.2,61,69.5,66,66.1,58,61.5,52,58.8,50,58.4,,,34.164368,-118.158093,MOUNTAIN 1,23.9
2025-01-07 14:20:00,717627,210,W,ML,115,68.5,54,70.2,61,66.9,,,,,,,,,34.15225,-118.154678,WALNUT,24.9
2025-01-07 14:20:00,717630,210,W,ML,119,61.8,25,67.0,36,63.6,32,60.4,26,56.2,,,,,34.152218,-118.14821,FAIR OAKS 1,25.4
2025-01-07 14:20:00,717632,210,W,HV,120,61.8,120,61.8,,,,,,,,,,,34.152218,-118.14821,FAIR OAKS 1,25.4
2025-01-07 14:20:00,717634,210,W,ML,417,52.5,93,57.9,94,54.9,82,50.7,77,48.8,71,48.5,,,34.15195,-118.13555,LAKE 1,26.12
2025-01-07 14:20:00,717637,210,W,ML,478,55.8,110,68.4,101,62.6,89,47.9,73,46.3,105,49.5,,,34.152357,-118.123714,HILL,26.8
2025-01-07 14:20:00,717642,210,W,ML,454,54.3,95,65.5,87,61.1,78,52.8,78,43.3,116,48.3,,,34.1527,-118.102255,ALTADENA,28.03
2025-01-07 14:20:00,717643,210,W,HV,40,60.3,40,60.3,,,,,,,,,,,34.1527,-118.102255,ALTADENA,28.03
2025-01-07 14:20:00,717644,210,W,ML,471,53.9,103,65.0,107,59.0,97,49.1,84,45.2,80,47.5,,,34.152727,-118.098063,SAN GABRIEL,28.27
2025-01-07 14:20:00,717645,210,W,HV,43,64.3,43,64.3,,,,,,,,,,,34.152727,-118.098063,SAN GABRIEL,28.27
2025-01-07 14:20:00,717649,210,W,ML,425,57.2,112,67.9,99,60.5,77,45.5,81,55.2,56,49.2,,,34.148074,-118.08377,SIERRA MADRE V1,29.17
2025-01-07 14:20:00,717653,210,W,ML,325,51.9,87,52.3,84,51.4,66,50.9,55,52.6,33,53.4,,,34.148737,-118.071321,ROSEMEAD 1,29.879
2025-01-07 14:20:00,761318,210,W,HV,120,61.8,120,61.8,,,,,,,,,,,34.15195,-118.13555,LAKE 1,26.12
2025-01-07 14:20:00,761322,210,W,HV,47,62.6,47,62.6,,,,,,,,,,,34.152357,-118.123714,HILL,26.8
2025-01-07 14:20:00,761325,210,W,HV,45,59.4,45,59.4,,,,,,,,,,,34.148074,-118.08377,SIERRA MADRE V1,29.17
2025-01-07 14:20:00,761431,210,W,HV,120,61.8,120,61.8,,,,,,,,,,,34.148737,-118.071321,ROSEMEAD 1,29.879
2025-01-07 14:20:00,764135,210,W,HV,120,61.8,120,61.8,,,,,,,,,,,34.152092,-118.143249,MARENGO,25.68
2025-01-07 14:20:00,764137,210,W,ML,641,56.4,109,61.2,126,59.2,110,57.6,113,55.4,103,51.6,80,51.6,34.152092,-118.143249,MARENGO,25.68
2025-01-07 14:20:00,769807,210,W,ML,256,67.3,98,73.0,100,66.7,32,60.4,26,56.2,,,,,34.197068,-118.184827,FOOTHILL,20.98
2025-01-07 14:20:00,769867,210,W,ML,284,55.9,74,68.5,75,65.0,70,45.7,65,42.2,,,,,34.218652,-118.239558,LA CRESCENTA,17.38
2025-01-07 14:20:00,769911,210,W,ML,308,52.5,73,70.2,70,49.7,57,45.6,57,46.4,51,45.3,,,34.224897,-118.251344,PENNSYLVANIA,16.58
2025-01-07 14:20:00,769926,210,W,ML,396,48.5,75,52.9,78,50.0,68,46.1,61,44.9,58,46.2,56,49.4,34.214462,-118.232443,OCEAN VIEW,17.88
2025-01-07 14:20:00,769941,210,W,ML,315,60.9,87,70.9,84,67.4,75,51.3,69,51.0,,,,,34.207101,-118.204943,ANGELES CREST HWY SB,19.58
2025-01-07 14:20:00,769953,210,W,ML,305,60.0,95,69.7,90,65.6,73,45.2,47,52.5,,,,,34.206998,-118.201441,ANGELES CREST HWY NB,19.78
2025-01-07 14:20:00,769965,210,W,ML,195,52.6,82,67.6,8,71.0,64,44.1,41,32.4,,,,,34.232554,-118.271772,HONOLULU,15.28
2025-01-07 14:20:00,769983,210,W,ML,119,61.8,25,67.0,36,63.6,32,60.4,26,56.2,,,,,34.203186,-118.191671,GOULD,20.4
2025-01-07 14:20:00,770000,210,W,ML,119,61.8,25,67.0,36,63.6,32,60.4,26,56.2,,,,,34.19198,-118.181214,BERKSHIRE,21.39
2025-01-07 14:20:00,770129,210,W,ML,263,55.4,78,66.6,83,64.8,62,41.4,40,35.7,,,,,34.234984,-118.290562,LA TUNA CANYON NB,14.18
2025-01-07 14:20:00,770141,210,W,ML,177,56.8,53,64.9,62,63.3,17,65.3,45,34.9,,,,,34.234987,-118.294031,LA TUNA CANYON SB,13.98
2025-01-07 14:20:00,770386,210,W,ML,119,61.8,25,67.0,36,63.6,32,60.4,26,56.2,,,,,34.207155,-118.2137,EB/NB 2 TO EB 210 CN,19.08
2025-01-07 14:20:00,770401,210,W,ML,499,59.5,104,64.5,151,61.2,134,58.1,110,54.2,,,,,34.211095,-118.225948,EB/NB 2 TO WB 210 CN,18.32
2025-01-07 14:20:00,770568,210,W,ML,239,54.9,51,76.1,51,70.4,71,41.5,66,41.0,,,,,34.165953,-118.157943,HAMMOND ST.,23.79
2025-01-07 14:20:00,770579,210,W,ML,163,68.3,22,74.3,49,71.6,36,67.0,56,63.8,,,,,34.156597,-118.157944,WINONA WAY,24.442
2025-01-07 14:25:00,717615,210,W,ML,119,61.8,25,67.0,36,63.6,32,60.4,26,56.2,,,,,34.182539,-118.171545,ARROYO 1,22.3
2025-01-07 14:25:00,717622,210,W,ML,288,50.7,76,54.8,79,51.9,69,48.3,64,46.9,,,,,34.176273,-118.161942,LINCOLN 1,23.0
2025-01-07 14:25:00,717624,210,W,ML,314,61.8,67,68.0,71,64.7,62,60.1,58,57.5,56,57.1,,,34.164368,-118.158093,MOUNTAIN 1,23.9
2025-01-07 14:25:00,717627,210,W,ML,122,66.2,59,67.9,63,64.6,,,,,,,,,34.15225,-118.154678,WALNUT,24.9
2025-01-07 14:25:00,717630,210,W,ML,119,61.8,25,67.0,36,63.6,32,60.4,26,56.2,,,,,34.152218,-118.14821,FAIR OAKS 1,25.4
2025-01-07 14:25:00,717632,210,W,HV,120,61.8,120,61.8,,,,,,,,,,,34.152218,-118.14821,FAIR OAKS 1,25.4
2025-01-07 14:25:00,717634,210,W,ML,427,52.4,95,57.5,97,54.5,85,50.7,79,48.8,71,48.9,,,34.15195,-118.13555,LAKE 1,26.12
2025-01-07 14:25:00,717637,210,W,ML,487,57.1,127,68.3,113,64.1,80,50.2,81,45.0,86,49.0,,,34.152357,-118.123714,HILL,26.8
2025-01-07 14:25:00,717642,210,W,ML,471,56.3,122,65.5,95,64.3,77,53.3,75,43.9,102,49.0,,,34.1527,-118.102255,ALTADENA,28.03
2025-01-07 14:25:00,717643,210,W,HV,64,40.1,64,40.1,,,,,,,,,,,34.1527,-118.102255,ALTADENA,28.03
2025-01-07 14:25:00,717644,210,W,ML,508,55.7,149,66.0,111,59.3,85,49.5,82,45.6,81,48.3,,,34.152727,-118.098063,SAN GABRIEL,28.27
2025-01-07 14:25:00,717645,210,W,HV,67,62.6,67,62.6,,,,,,,,,,,34.152727,-118.098063,SAN GABRIEL,28.27
2025-01-07 14:25:00,717649,210,W,ML,468,58.6,138,68.0,120,61.9,73,46.3,78,55.5,59,49.4,,,34.148074,-118.08377,SIERRA MADRE V1,29.17
2025-01-07 14:25:00,717653,210,W,ML,310,52.1,84,52.5,80,51.6,63,51.1,52,52.8,31,53.5,,,34.148737,-118.071321,ROSEMEAD 1,29.879
2025-01-07 14:25:00,761318,210,W,HV,120,61.8,120,61.8,,,,,,,,,,,34.15195,-118.13555,LAKE 1,26.12
2025-01-07 14:25:00,761322,210,W,HV,49,62.4,49,62.4,,,,,,,,,,,34.152357,-118.123714,HILL,26.8
2025-01-07 14:25:00,761325,210,W,HV,70,58.7,70,58.7,,,,,,,,,,,34.148074,-118.08377,SIERRA MADRE V1,29.17
2025-01-07 14:25:00,761431,210,W,HV,120,61.8,120,61.8,,,,,,,,,,,34.148737,-118.071321,ROSEMEAD 1,29.879
2025-01-07 14:25:00,764135,210,W,HV,120,61.8,120,61.8,,,,,,,,,,,34.152092,-118.143249,MARENGO,25.68
2025-01-07 14:25:00,764137,210,W,ML,641,56.0,109,60.8,126,58.8,110,57.2,113,55.0,103,51.2,80,51.2,34.152092,-118.143249,MARENGO,25.68
2025-01-07 14:25:00,769807,210,W,ML,255,67.8,94,72.3,103,68.9,32,60.4,26,56.2,,,,,34.197068,-118.184827,FOOTHILL,20.98
2025-01-07 14:25:00,769867,210,W,ML,280,55.1,67,69.1,79,62.7,76,49.0,58,36.6,,,,,34.218652,-118.239558,LA CRESCENTA,17.38
2025-01-07 14:25:00,769911,210,W,ML,307,53.7,78,70.9,69,47.9,59,54.4,52,42.0,49,46.2,,,34.224897,-118.251344,PENNSYLVANIA,16.58
2025-01-07 14:25:00,769926,210,W,ML,401,50.2,75,54.4,78,51.6,68,48.5,64,47.0,60,48.2,56,50.7,34.214462,-118.232443,OCEAN VIEW,17.88
2025-01-07 14:25:00,769941,210,W,ML,346,62.9,94,69.9,97,67.3,75,57.2,80,54.8,,,,,34.207101,-118.204943,ANGELES CREST HWY SB,19.58
2025-01-07 14:25:00,769953,210,W,ML,330,61.5,106,68.8,101,65.9,67,48.3,56,55.4,,,,,34.206998,-118.201441,ANGELES CREST HWY NB,19.78
2025-01-07 14:25:00,769965,210,W,ML,210,53.1,84,67.6,14,71.4,65,43.7,47,34.9,,,,,34.232554,-118.271772,HONOLULU,15.28
2025-01-07 14:25:00,769983,210,W,ML,119,61.8,25,67.0,36,63.6,32,60.4,26,56.2,,,,,34.203186,-118.191671,GOULD,20.4
2025-01-07 14:25:00,770000,210,W,ML,119,61.8,25,67.0,36,63.6,32,60.4,26,56.2,,,,,34.19198,-118.181214,BERKSHIRE,21.39
2025-01-07 14:25:00,770129,210,W,ML,286,57.5,90,67.3,94,65.4,67,44.5,35,36.2,,,,,34.234984,-118.290562,LA TUNA CANYON NB,14.18
2025-01-07 14:25:00,770141,210,W,ML,192,57.3,58,65.5,67,63.7,19,65.3,48,35.3,,,,,34.234987,-118.294031,LA TUNA CANYON SB,13.98
2025-01-07 14:25:00,770386,210,W,ML,119,61.8,25,67.0,36,63.6,32,60.4,26,56.2,,,,,34.207155,-118.2137,EB/NB 2 TO EB 210 CN,19.08
2025-01-07 14:25:00,770401,210,W,ML,497,59.5,104,64.5,151,61.2,133,58.1,109,54.2,,,,,34.211095,-118.225948,EB/NB 2 TO WB 210 CN,18.32
2025-01-07 14:25:00,770568,210,W,ML,247,56.1,49,75.2,50,70.1,77,49.2,71,40.5,,,,,34.165953,-118.157943,HAMMOND ST.,23.79
2025-01-07 14:25:00,770579,210,W,ML,241,65.8,39,73.5,51,68.4,58,65.2,93,61.5,,,,,34.156597,-118.157944,WINONA WAY,24.442
2025-01-07 14:30:00,717615,210,W,ML,119,61.8,25,67.0,36,63.6,32,60.4,26,56.2,,,,,34.182539,-118.171545,ARROYO 1,22.3
2025-01-07 14:30:00,717622,210,W,ML,304,52.0,80,56.3,83,53.4,73,49.6,68,48.1,,,,,34.176273,-118.161942,LINCOLN 1,23.0
2025-01-07 14:30:00,717624,210,W,ML,360,60.7,79,66.6,81,63.4,71,58.9,67,56.4,62,56.0,,,34.164368,-118.158093,MOUNTAIN 1,23.9
2025-01-07 14:30:00,717627,210,W,ML,97,66.2,45,68.0,52,64.7,,,,,,,,,34.15225,-118.154678,WALNUT,24.9
2025-01-07 14:30:00,717630,210,W,ML,119,61.8,25,67.0,36,63.6,32,60.4,26,56.2,,,,,34.152218,-118.14821,FAIR OAKS 1,25.4
2025-01-07 14:30:00,717632,210,W,HV,120,61.8,120,61.8,,,,,,,,,,,34.152218,-118.14821,FAIR OAKS 1,25.4
2025-01-07 14:30:00,717634,210,W,ML,437,53.5,98,58.7,99,55.7,86,51.8,80,49.9,74,49.8,,,34.15195,-118.13555,LAKE 1,26.12
2025-01-07 14:30:00,717637,210,W,ML,485,57.5,122,68.4,106,65.7,76,50.9,84,44.6,97,51.0,,,34.152357,-118.123714,HILL,26.8
2025-01-07 14:30:00,717642,210,W,ML,482,54.9,120,65.9,99,63.6,76,51.9,74,44.3,113,44.7,,,34.1527,-118.102255,ALTADENA,28.03
2025-01-07 14:30:00,717643,210,W,HV,58,49.3,58,49.3,,,,,,,,,,,34.1527,-118.102255,ALTADENA,28.03
2025-01-07 14:30:00,717644,210,W,ML,470,56.0,116,66.1,108,60.2,91,52.9,84,47.8,71,47.1,,,34.152727,-118.098063,SAN GABRIEL,28.27
2025-01-07 14:30:00,717645,210,W,HV,56,63.1,56,63.1,,,,,,,,,,,34.152727,-118.098063,SAN GABRIEL,28.27
2025-01-07 14:30:00,717649,210,W,ML,417,58.6,110,69.0,113,61.9,65,45.5,76,56.0,53,49.7,,,34.148074,-118.08377,SIERRA MADRE V1,29.17
2025-01-07 14:30:00,717653,210,W,ML,278,52.4,76,52.8,73,51.9,57,51.4,46,53.0,26,53.6,,,34.148737,-118.071321,ROSEMEAD 1,29.879
2025-01-07 14:30:00,761318,210,W,HV,120,61.8,120,61.8,,,,,,,,,,,34.15195,-118.13555,LAKE 1,26.12
2025-01-07 14:30:00,761322,210,W,HV,67,61.5,67,61.5,,,,,,,,,,,34.152357,-118.123714,HILL,26.8
2025-01-07 14:30:00,761325,210,W,HV,58,59.5,58,59.5,,,,,,,,,,,34.148074,-118.08377,SIERRA MADRE V1,29.17
2025-01-07 14:30:00,761431,210,W,HV,120,61.8,120,61.8,,,,,,,,,,,34.148737,-118.071321,ROSEMEAD 1,29.879
2025-01-07 14:30:00,764135,210,W,HV,120,61.8,120,61.8,,,,,,,,,,,34.152092,-118.143249,MARENGO,25.68
2025-01-07 14:30:00,764137,210,W,ML,646,55.9,110,60.7,127,58.7,111,57.1,114,54.9,104,51.1,80,51.1,34.152092,-118.143249,MARENGO,25.68
2025-01-07 14:30:00,769807,210,W,ML,258,67.2,92,72.3,108,67.4,32,60.4,26,56.2,,,,,34.197068,-118.184827,FOOTHILL,20.98
2025-01-07 14:30:00,769867,210,W,ML,291,55.2,62,69.1,85,63.9,69,48.6,75,40.1,,,,,34.218652,-118.239558,LA CRESCENTA,17.38
2025-01-07 14:30:00,769911,210,W,ML,321,53.8,79,70.4,71,48.1,70,55.4,47,40.7,54,46.3,,,34.224897,-118.251344,PENNSYLVANIA,16.58
2025-01-07 14:30:00,769926,210,W,ML,444,50.0,85,54.1,87,51.2,76,48.2,69,46.8,65,47.9,62,50.5,34.214462,-118.232443,OCEAN VIEW,17.88
2025-01-07 14:30:00,769941,210,W,ML,318,62.2,88,70.9,88,67.6,61,55.2,81,52.2,,,,,34.207101,-118.204943,ANGELES CREST HWY SB,19.58
2025-01-07 14:30:00,769953,210,W,ML,294,60.5,99,69.4,93,65.7,60,44.7,42,50.7,,,,,34.206998,-118.201441,ANGELES CREST HWY NB,19.78
2025-01-07 14:30:00,769965,210,W,ML,209,53.3,86,68.3,9,71.5,68,44.7,46,34.3,,,,,34.232554,-118.271772,HONOLULU,15.28
2025-01-07 14:30:00,769983,210,W,ML,119,61.8,25,67.0,36,63.6,32,60.4,26,56.2,,,,,34.203186,-118.191671,GOULD,20.4
2025-01-07 14:30:00,770000,210,W,ML,119,61.8,25,67.0,36,63.6,32,60.4,26,56.2,,,,,34.19198,-118.181214,BERKSHIRE,21.39
2025-01-07 14:30:00,770129,210,W,ML,298,56.2,85,66.5,104,64.6,67,44.2,42,33.6,,,,,34.234984,-118.290562,LA TUNA CANYON NB,14.18
2025-01-07 14:30:00,770141,210,W,ML,192,56.3,58,64.7,67,63.2,19,65.1,48,33.1,,,,,34.234987,-118.294031,LA TUNA CANYON SB,13.98
2025-01-07 14:30:00,770386,210,W,ML,119,61.8,25,67.0,36,63.6,32,60.4,26,56.2,,,,,34.207155,-118.2137,EB/NB 2 TO EB 210 CN,19.08
2025-01-07 14:30:00,770401,210,W,ML,493,59.5,103,64.5,150,61.2,132,58.1,108,54.2,,,,,34.211095,-118.225948,EB/NB 2 TO WB 210 CN,18.32
2025-01-07 14:30:00,770568,210,W,ML,292,59.2,60,75.0,79,70.8,78,51.0,75,42.8,,,,,34.165953,-118.157943,HAMMOND ST.,23.79
2025-01-07 14:30:00,770579,210,W,ML,176,64.2,25,73.5,38,68.6,38,66.5,75,57.6,,,,,34.156597,-118.157944,WINONA WAY,24.442
2025-01-07 14:35:00,717615,210,W,ML,121,61.7,25,66.9,37,63.5,32,60.3,27,56.2,,,,,34.182539,-118.171545,ARROYO 1,22.3
2025-01-07 14:35:00,717622,210,W,ML,304,52.2,80,56.8,83,53.8,73,49.4,68,47.8,,,,,34.176273,-118.161942,LINCOLN 1,23.0
2025-01-07 14:35:00,717624,210,W,ML,318,61.1,67,67.2,72,63.9,63,59.5,59,56.9,57,56.5,,,34.164368,-118.158093,MOUNTAIN 1,23.9
2025-01-07 14:35:00,717627,210,W,ML,114,65.6,54,67.3,60,64.0,,,,,,,,,34.15225,-118.154678,WALNUT,24.9
2025-01-07 14:35:00,717630,210,W,ML,121,61.7,25,66.9,37,63.5,32,60.3,27,56.2,,,,,34.152218,-118.14821,FAIR OAKS 1,25.4
2025-01-07 14:35:00,717632,210,W,HV,121,61.7,121,61.7,,,,,,,,,,,34.152218,-118.14821,FAIR OAKS 1,25.4
2025-01-07 14:35:00,717634,210,W,ML,412,54.1,92,59.3,94,56.2,82,52.3,76,50.4,68,50.3,,,34.15195,-118.13555,LAKE 1,26.12
2025-01-07 14:35:00,717637,210,W,ML,481,58.2,121,67.2,120,65.8,81,52.3,76,46.1,83,51.0,,,34.152357,-118.123714,HILL,26.8
2025-01-07 14:35:00,717642,210,W,ML,518,55.6,132,65.5,106,62.9,82,53.0,81,43.8,117,47.6,,,34.1527,-118.102255,ALTADENA,28.03
2025-01-07 14:35:00,717643,210,W,HV,65,53.4,65,53.4,,,,,,,,,,,34.1527,-118.102255,ALTADENA,28.03
2025-01-07 14:35:00,717644,210,W,ML,533,55.7,150,65.4,121,58.9,94,52.2,85,46.6,83,47.1,,,34.152727,-118.098063,SAN GABRIEL,28.27
2025-01-07 14:35:00,717645,210,W,HV,71,62.2,71,62.2,,,,,,,,,,,34.152727,-118.098063,SAN GABRIEL,28.27
2025-01-07 14:35:00,717649,210,W,ML,485,58.3,139,68.9,121,61.8,77,43.8,82,55.8,66,49.3,,,34.148074,-118.08377,SIERRA MADRE V1,29.17
2025-01-07 14:35:00,717653,210,W,ML,341,52.0,92,52.4,89,51.5,69,51.0,57,52.7,34,53.5,,,34.148737,-118.071321,ROSEMEAD 1,29.879
2025-01-07 14:35:00,761318,210,W,HV,121,61.7,121,61.7,,,,,,,,,,,34.15195,-118.13555,LAKE 1,26.12
2025-01-07 14:35:00,761322,210,W,HV,68,61.2,68,61.2,,,,,,,,,,,34.152357,-118.123714,HILL,26.8
2025-01-07 14:35:00,761325,210,W,HV,79,59.1,79,59.1,,,,,,,,,,,34.148074,-118.08377,SIERRA MADRE V1,29.17
2025-01-07 14:35:00,761431,210,W,HV,121,61.7,121,61.7,,,,,,,,,,,34.148737,-118.071321,ROSEMEAD 1,29.879
2025-01-07 14:35:00,764135,210,W,HV,121,61.7,121,61.7,,,,,,,,,,,34.152092,-118.143249,MARENGO,25.68
2025-01-07 14:35:00,764137,210,W,ML,641,55.2,109,59.9,126,57.9,110,56.4,113,54.2,103,50.5,80,50.5,34.152092,-118.143249,MARENGO,25.68
2025-01-07 14:35:00,769807,210,W,ML,249,67.7,87,73.0,103,68.5,32,60.3,27,56.2,,,,,34.197068,-118.184827,FOOTHILL,20.98
2025-01-07 14:35:00,769867,210,W,ML,325,56.9,94,68.7,89,62.7,78,51.2,64,38.5,,,,,34.218652,-118.239558,LA CRESCENTA,17.38
2025-01-07 14:35:00,769911,210,W,ML,329,53.0,81,69.2,77,49.1,65,53.1,52,39.4,54,47.5,,,34.224897,-118.251344,PENNSYLVANIA,16.58
2025-01-07 14:35:00,769926,210,W,ML,410,51.8,77,56.3,80,53.3,70,50.1,65,48.5,61,49.5,57,51.8,34.214462,-118.232443,OCEAN VIEW,17.88
2025-01-07 14:35:00,769941,210,W,ML,356,63.3,104,70.5,101,67.8,59,56.7,92,54.4,,,,,34.207101,-118.204943,ANGELES CREST HWY SB,19.58
2025-01-07 14:35:00,769953,210,W,ML,340,59.8,111,69.3,106,65.1,62,42.8,61,50.4,,,,,34.206998,-118.201441,ANGELES CREST HWY NB,19.78
2025-01-07 14:35:00,769965,210,W,ML,228,54.9,96,68.4,14,71.2,77,45.9,41,34.4,,,,,34.232554,-118.271772,HONOLULU,15.28
2025-01-07 14:35:00,769983,210,W,ML,121,61.7,25,66.9,37,63.5,32,60.3,27,56.2,,,,,34.203186,-118.191671,GOULD,20.4
2025-01-07 14:35:00,770000,210,W,ML,121,61.7,25,66.9,37,63.5,32,60.3,27,56.2,,,,,34.19198,-118.181214,BERKSHIRE,21.39
2025-01-07 14:35:00,770129,210,W,ML,311,58.2,98,66.4,106,65.5,69,47.8,38,35.2,,,,,34.234984,-118.290562,LA TUNA CANYON NB,14.18
2025-01-07 14:35:00,770141,210,W,ML,199,57.0,61,65.6,69,63.5,19,65.2,50,34.5,,,,,34.234987,-118.294031,LA TUNA CANYON SB,13.98
2025-01-07 14:35:00,770386,210,W,ML,121,61.7,25,66.9,37,63.5,32,60.3,27,56.2,,,,,34.207155,-118.2137,EB/NB 2 TO EB 210 CN,19.08
2025-01-07 14:35:00,770401,210,W,ML,501,59.2,105,64.2,152,60.9,134,57.8,110,53.9,,,,,34.211095,-118.225948,EB/NB 2 TO WB 210 CN,18.32
2025-01-07 14:35:00,770568,210,W,ML,306,59.5,69,75.3,79,72.0,53,44.2,105,47.3,,,,,34.165953,-118.157943,HAMMOND ST.,23.79
2025-01-07 14:35:00,770579,210,W,ML,184,64.6,20,74.2,48,67.4,37,65.6,79,60.1,,,,,34.156597,-118.157944,WINONA WAY,24.442
2025-01-07 14:40:00,717615,210,W,ML,123,61.7,26,66.9,37,63.5,33,60.3,27,56.2,,,,,34.182539,-118.171545,ARROYO 1,22.3
2025-01-07 14:40:00,717622,210,W,ML,309,48.6,82,53.1,84,50.1,74,45.7,69,44.5,,,,,34.176273,-118.161942,LINCOLN 1,23.0
2025-01-07 14:40:00,717624,210,W,ML,339,61.3,75,67.3,77,64.0,67,59.6,62,56.9,58,56.6,,,34.164368,-118.158093,MOUNTAIN 1,23.9
2025-01-07 14:40:00,717627,210,W,ML,135,65.7,65,67.4,70,64.1,,,,,,,,,34.15225,-118.154678,WALNUT,24.9
2025-01-07 14:40:00,717630,210,W,ML,123,61.7,26,66.9,37,63.5,33,60.3,27,56.2,,,,,34.152218,-118.14821,FAIR OAKS 1,25.4
2025-01-07 14:40:00,717632,210,W,HV,123,61.7,123,61.7,,,,,,,,,,,34.152218,-118.14821,FAIR OAKS 1,25.4
2025-01-07 14:40:00,717634,210,W,ML,451,53.0,101,58.4,102,55.3,88,51.1,83,49.2,77,49.0,,,34.15195,-118.13555,LAKE 1,26.12
2025-01-07 14:40:00,717637,210,W,ML,545,57.2,139,68.0,109,66.8,100,48.4,87,46.1,110,50.7,,,34.152357,-118.123714,HILL,26.8
2025-01-07 14:40:00,717642,210,W,ML,535,55.0,127,66.3,107,61.6,85,52.8,84,43.8,132,47.2,,,34.1527,-118.102255,ALTADENA,28.03
2025-01-07 14:40:00,717643,210,W,HV,72,37.1,72,37.1,,,,,,,,,,,34.1527,-118.102255,ALTADENA,28.03
2025-01-07 14:40:00,717644,210,W,ML,545,55.2,136,65.1,128,58.4,98,52.2,101,48.8,82,45.5,,,34.152727,-118.098063,SAN GABRIEL,28.27
2025-01-07 14:40:00,717645,210,W,HV,63,62.1,63,62.1,,,,,,,,,,,34.152727,-118.098063,SAN GABRIEL,28.27
2025-01-07 14:40:00,717649,210,W,ML,489,56.8,127,68.0,122,60.4,89,43.7,86,55.9,65,47.3,,,34.148074,-118.08377,SIERRA MADRE V1,29.17
2025-01-07 14:40:00,717653,210,W,ML,377,50.3,101,50.4,97,49.6,76,49.2,64,51.4,39,52.5,,,34.148737,-118.071321,ROSEMEAD 1,29.879
2025-01-07 14:40:00,761318,210,W,HV,123,61.7,123,61.7,,,,,,,,,,,34.15195,-118.13555,LAKE 1,26.12
2025-01-07 14:40:00,761322,210,W,HV,64,60.1,64,60.1,,,,,,,,,,,34.152357,-118.123714,HILL,26.8
2025-01-07 14:40:00,761325,210,W,HV,66,58.0,66,58.0,,,,,,,,,,,34.148074,-118.08377,SIERRA MADRE V1,29.17
2025-01-07 14:40:00,761431,210,W,HV,123,61.7,123,61.7,,,,,,,,,,,34.148737,-118.071321,ROSEMEAD 1,29.879
2025-01-07 14:40:00,764135,210,W,HV,123,61.7,123,61.7,,,,,,,,,,,34.152092,-118.143249,MARENGO,25.68
2025-01-07 14:40:00,764137,210,W,ML,649,54.1,110,58.7,128,56.8,112,55.2,114,53.1,104,49.5,81,49.5,34.152092,-118.143249,MARENGO,25.68
2025-01-07 14:40:00,769807,210,W,ML,262,68.4,96,73.3,106,69.5,33,60.3,27,56.2,,,,,34.197068,-118.184827,FOOTHILL,20.98
2025-01-07 14:40:00,769867,210,W,ML,331,57.1,78,68.8,99,63.2,81,52.0,73,41.8,,,,,34.218652,-118.239558,LA CRESCENTA,17.38
2025-01-07 14:40:00,769911,210,W,ML,355,56.3,101,68.6,74,54.2,69,55.3,55,44.7,56,49.7,,,34.224897,-118.251344,PENNSYLVANIA,16.58
2025-01-07 14:40:00,769926,210,W,ML,434,52.4,83,56.9,85,54.0,74,50.7,68,49.0,63,49.9,61,52.1,34.214462,-118.232443,OCEAN VIEW,17.88
2025-01-07 14:40:00,769941,210,W,ML,392,61.9,117,70.7,112,65.2,72,49.0,91,56.9,,,,,34.207101,-118.204943,ANGELES CREST HWY SB,19.58
2025-01-07 14:40:00,769953,210,W,ML,368,58.3,115,68.3,111,63.7,78,42.0,64,51.0,,,,,34.206998,-118.201441,ANGELES CREST HWY NB,19.78
2025-01-07 14:40:00,769965,210,W,ML,243,56.6,108,66.9,8,71.3,71,55.6,56,35.7,,,,,34.232554,-118.271772,HONOLULU,15.28
2025-01-07 14:40:00,769983,210,W,ML,123,61.7,26,66.9,37,63.5,33,60.3,27,56.2,,,,,34.203186,-118.191671,GOULD,20.4
2025-01-07 14:40:00,770000,210,W,ML,123,61.7,26,66.9,37,63.5,33,60.3,27,56.2,,,,,34.19198,-118.181214,BERKSHIRE,21.39
2025-01-07 14:40:00,770129,210,W,ML,328,58.3,103,66.3,103,64.0,74,53.1,48,36.7,,,,,34.234984,-118.290562,LA TUNA CANYON NB,14.18
2025-01-07 14:40:00,770141,210,W,ML,214,56.8,66,64.1,74,62.8,21,65.3,53,35.8,,,,,34.234987,-118.294031,LA TUNA CANYON SB,13.98
2025-01-07 14:40:00,770386,210,W,ML,123,61.7,26,66.9,37,63.5,33,60.3,27,56.2,,,,,34.207155,-118.2137,EB/NB 2 TO EB 210 CN,19.08
2025-01-07 14:40:00,770401,210,W,ML,508,59.1,106,64.1,154,60.8,136,57.7,112,53.8,,,,,34.211095,-118.225948,EB/NB 2 TO WB 210 CN,18.32
2025-01-07 14:40:00,770568,210,W,ML,337,56.4,93,70.9,81,68.6,76,41.3,87,42.7,,,,,34.165953,-118.157943,HAMMOND ST.,23.79
2025-01-07 14:40:00,770579,210,W,ML,201,65.5,27,74.3,61,67.8,49,65.3,64,59.9,,,,,34.156597,-118.157944,WINONA WAY,24.442
2025-01-07 14:45:00,717615,210,W,ML,123,61.6,26,66.8,37,63.4,33,60.2,27,56.1,,,,,34.182539,-118.171545,ARROYO 1,22.3
2025-01-07 14:45:00,717622,210,W,ML,351,50.9,94,55.4,96,52.4,84,48.1,77,46.6,,,,,34.176273,-118.161942,LINCOLN 1,23.0
2025-01-07 14:45:00,717624,210,W,ML,319,61.6,69,67.7,73,64.5,64,60.0,58,57.3,55,56.7,,,34.164368,-118.158093,MOUNTAIN 1,23.9
2025-01-07 14:45:00,717627,210,W,ML,138,66.1,67,67.8,71,64.5,,,,,,,,,34.15225,-118.154678,WALNUT,24.9
2025-01-07 14:45:00,717630,210,W,ML,123,61.6,26,66.8,37,63.4,33,60.2,27,56.1,,,,,34.152218,-118.14821,FAIR OAKS 1,25.4
2025-01-07 14:45:00,717632,210,W,HV,123,61.6,123,61.6,,,,,,,,,,,34.152218,-118.14821,FAIR OAKS 1,25.4
2025-01-07 14:45:00,717634,210,W,ML,429,51.3,96,56.6,97,53.5,85,49.4,79,47.6,72,47.7,,,34.15195,-118.13555,LAKE 1,26.12
2025-01-07 14:45:00,717637,210,W,ML,485,55.8,120,67.7,102,64.6,87,48.2,83,45.2,93,47.5,,,34.152357,-118.123714,HILL,26.8
2025-01-07 14:45:00,717642,210,W,ML,526,55.1,128,65.7,111,59.6,87,52.5,87,44.1,113,49.2,,,34.1527,-118.102255,ALTADENA,28.03
2025-01-07 14:45:00,717643,210,W,HV,73,46.9,73,46.9,,,,,,,,,,,34.1527,-118.102255,ALTADENA,28.03
2025-01-07 14:45:00,717644,210,W,ML,537,55.3,144,65.1,124,57.3,93,51.1,87,47.8,89,48.5,,,34.152727,-118.098063,SAN GABRIEL,28.27
2025-01-07 14:45:00,717645,210,W,HV,77,61.8,77,61.8,,,,,,,,,,,34.152727,-118.098063,SAN GABRIEL,28.27
2025-01-07 14:45:00,717649,210,W,ML,515,55.6,142,65.1,130,57.6,78,42.1,85,55.7,80,48.8,,,34.148074,-118.08377,SIERRA MADRE V1,29.17
2025-01-07 14:45:00,717653,210,W,ML,412,51.6,110,51.9,105,51.0,83,50.5,70,52.4,44,53.2,,,34.148737,-118.071321,ROSEMEAD 1,29.879
2025-01-07 14:45:00,761318,210,W,HV,123,61.6,123,61.6,,,,,,,,,,,34.15195,-118.13555,LAKE 1,26.12
2025-01-07 14:45:00,761322,210,W,HV,66,59.4,66,59.4,,,,,,,,,,,34.152357,-118.123714,HILL,26.8
2025-01-07 14:45:00,761325,210,W,HV,88,55.7,88,55.7,,,,,,,,,,,34.148074,-118.08377,SIERRA MADRE V1,29.17
2025-01-07 14:45:00,761431,210,W,HV,123,61.6,123,61.6,,,,,,,,,,,34.148737,-118.071321,ROSEMEAD 1,29.879
2025-01-07 14:45:00,764135,210,W,HV,123,61.6,123,61.6,,,,,,,,,,,34.152092,-118.143249,MARENGO,25.68
2025-01-07 14:45:00,764137,210,W,ML,650,52.7,110,57.2,128,55.3,112,53.8,115,51.7,104,48.2,81,48.2,34.152092,-118.143249,MARENGO,25.68
2025-01-07 14:45:00,769807,210,W,ML,247,67.2,98,73.0,89,66.9,33,60.2,27,56.1,,,,,34.197068,-118.184827,FOOTHILL,20.98
2025-01-07 14:45:00,769867,210,W,ML,373,58.3,88,68.4,116,64.2,86,54.0,83,44.0,,,,,34.218652,-118.239558,LA CRESCENTA,17.38
2025-01-07 14:45:00,769911,210,W,ML,412,57.6,103,69.2,87,55.8,87,57.8,69,48.6,66,51.0,,,34.224897,-118.251344,PENNSYLVANIA,16.58
2025-01-07 14:45:00,769926,210,W,ML,485,53.7,93,58.6,95,55.6,83,52.1,76,50.3,71,51.1,67,53.1,34.214462,-118.232443,OCEAN VIEW,17.88
2025-01-07 14:45:00,769941,210,W,ML,299,61.1,77,70.9,82,67.7,61,48.7,79,54.3,,,,,34.207101,-118.204943,ANGELES CREST HWY SB,19.58
2025-01-07 14:45:00,769953,210,W,ML,284,59.4,87,68.6,84,65.6,61,45.1,52,50.5,,,,,34.206998,-118.201441,ANGELES CREST HWY NB,19.78
2025-01-07 14:45:00,769965,210,W,ML,278,57.6,123,66.0,14,70.5,91,54.9,50,38.3,,,,,34.232554,-118.271772,HONOLULU,15.28
2025-01-07 14:45:00,769983,210,W,ML,123,61.6,26,66.8,37,63.4,33,60.2,27,56.1,,,,,34.203186,-118.191671,GOULD,20.4
2025-01-07 14:45:00,770000,210,W,ML,123,61.6,26,66.8,37,63.4,33,60.2,27,56.1,,,,,34.19198,-118.181214,BERKSHIRE,21.39
2025-01-07 14:45:00,770129,210,W,ML,381,59.9,137,65.4,118,64.6,85,54.4,41,39.3,,,,,34.234984,-118.290562,LA TUNA CANYON NB,14.18
2025-01-07 14:45:00,770141,210,W,ML,248,57.8,79,64.7,85,63.2,24,65.5,60,38.0,,,,,34.234987,-118.294031,LA TUNA CANYON SB,13.98
2025-01-07 14:45:00,770386,210,W,ML,123,61.6,26,66.8,37,63.4,33,60.2,27,56.1,,,,,34.207155,-118.2137,EB/NB 2 TO EB 210 CN,19.08
2025-01-07 14:45:00,770401,210,W,ML,511,58.9,107,63.9,155,60.6,137,57.5,112,53.6,,,,,34.211095,-118.225948,EB/NB 2 TO WB 210 CN,18.32
2025-01-07 14:45:00,770568,210,W,ML,332,56.3,81,71.3,49,69.0,117,48.3,85,45.6,,,,,34.165953,-118.157943,HAMMOND ST.,23.79
2025-01-07 14:45:00,770579,210,W,ML,231,66.5,47,72.4,69,68.8,58,65.0,57,60.5,,,,,34.156597,-118.157944,WINONA WAY,24.442
2025-01-07 14:50:00,717615,210,W,ML,124,61.6,26,66.8,38,63.4,33,60.2,27,56.1,,,,,34.182539,-118.171545,ARROYO 1,22.3
2025-01-07 14:50:00,717622,210,W,ML,359,53.2,96,57.8,98,54.7,86,50.4,79,48.7,,,,,34.176273,-118.161942,LINCOLN 1,23.0
2025-01-07 14:50:00,717624,210,W,ML,333,61.7,73,67.7,76,64.5,66,60.0,61,57.3,57,56.9,,,34.164368,-118.158093,MOUNTAIN 1,23.9
2025-01-07 14:50:00,717627,210,W,ML,105,66.0,49,67.7,56,64.5,,,,,,,,,34.15225,-118.154678,WALNUT,24.9
2025-01-07 14:50:00,717630,210,W,ML,124,61.6,26,66.8,38,63.4,33,60.2,27,56.1,,,,,34.152218,-118.14821,FAIR OAKS 1,25.4
2025-01-07 14:50:00,717632,210,W,HV,124,61.6,124,61.6,,,,,,,,,,,34.152218,-118.14821,FAIR OAKS 1,25.4
2025-01-07 14:50:00,717634,210,W,ML,446,53.2,100,58.3,101,55.3,88,51.4,82,49.5,75,49.5,,,34.15195,-118.13555,LAKE 1,26.12
2025-01-07 14:50:00,717637,210,W,ML,502,56.3,118,67.8,111,64.7,88,52.7,84,42.0,101,48.5,,,34.152357,-118.123714,HILL,26.8
2025-01-07 14:50:00,717642,210,W,ML,553,54.5,136,64.2,110,61.5,89,52.2,86,43.1,132,47.8,,,34.1527,-118.102255,ALTADENA,28.03
2025-01-07 14:50:00,717643,210,W,HV,79,51.0,79,51.0,,,,,,,,,,,34.1527,-118.102255,ALTADENA,28.03
2025-01-07 14:50:00,717644,210,W,ML,576,54.3,152,64.8,122,57.9,92,50.2,102,45.2,108,47.3,,,34.152727,-118.098063,SAN GABRIEL,28.27
2025-01-07 14:50:00,717645,210,W,HV,81,59.9,81,59.9,,,,,,,,,,,34.152727,-118.098063,SAN GABRIEL,28.27
2025-01-07 14:50:00,717649,210,W,ML,467,54.6,134,63.3,108,56.3,73,42.5,88,55.1,64,46.7,,,34.148074,-118.08377,SIERRA MADRE V1,29.17
2025-01-07 14:50:00,717653,210,W,ML,331,49.8,90,49.8,86,49.1,67,48.6,55,51.0,33,52.2,,,34.148737,-118.071321,ROSEMEAD 1,29.879
2025-01-07 14:50:00,761318,210,W,HV,124,61.6,124,61.6,,,,,,,,,,,34.15195,-118.13555,LAKE 1,26.12
2025-01-07 14:50:00,761322,210,W,HV,83,59.3,83,59.3,,,,,,,,,,,34.152357,-118.123714,HILL,26.8
2025-01-07 14:50:00,761325,210,W,HV,89,54.3,89,54.3,,,,,,,,,,,34.148074,-118.08377,SIERRA MADRE V1,29.17
2025-01-07 14:50:00,761431,210,W,HV,124,61.6,124,61.6,,,,,,,,,,,34.148737,-118.071321,ROSEMEAD 1,29.879
2025-01-07 14:50:00,764135,210,W,HV,124,61.6,124,61.6,,,,,,,,,,,34.152092,-118.143249,MARENGO,25.68
2025-01-07 14:50:00,764137,210,W,ML,649,51.3,110,55.6,128,53.8,112,52.4,114,50.3,104,46.9,81,46.9,34.152092,-118.143249,MARENGO,25.68
2025-01-07 14:50:00,769807,210,W,ML,268,68.0,104,72.7,104,68.8,33,60.2,27,56.1,,,,,34.197068,-118.184827,FOOTHILL,20.98
2025-01-07 14:50:00,769867,210,W,ML,385,58.8,114,68.3,112,63.8,86,53.0,73,42.9,,,,,34.218652,-118.239558,LA CRESCENTA,17.38
2025-01-07 14:50:00,769911,210,W,ML,414,58.0,124,68.8,81,55.0,79,56.3,69,51.5,61,49.4,,,34.224897,-118.251344,PENNSYLVANIA,16.58
2025-01-07 14:50:00,769926,210,W,ML,446,53.0,85,57.8,87,54.8,76,51.4,70,49.7,66,50.5,62,52.6,34.214462,-118.232443,OCEAN VIEW,17.88
2025-01-07 14:50:00,769941,210,W,ML,341,62.6,102,71.2,92,67.6,70,49.1,77,57.7,,,,,34.207101,-118.204943,ANGELES CREST HWY SB,19.58
2025-01-07 14:50:00,769953,210,W,ML,333,61.1,99,68.5,106,65.1,71,50.1,57,54.6,,,,,34.206998,-118.201441,ANGELES CREST HWY NB,19.78
2025-01-07 14:50:00,769965,210,W,ML,273,56.8,131,66.6,11,70.9,78,50.0,53,39.6,,,,,34.232554,-118.271772,HONOLULU,15.28
2025-01-07 14:50:00,769983,210,W,ML,124,61.6,26,66.8,38,63.4,33,60.2,27,56.1,,,,,34.203186,-118.191671,GOULD,20.4
2025-01-07 14:50:00,770000,210,W,ML,124,61.6,26,66.8,38,63.4,33,60.2,27,56.1,,,,,34.19198,-118.181214,BERKSHIRE,21.39
2025-01-07 14:50:00,770129,210,W,ML,358,60.0,126,66.0,119,65.1,72,54.3,41,37.2,,,,,34.234984,-118.290562,LA TUNA CANYON NB,14.18
2025-01-07 14:50:00,770141,210,W,ML,208,57.5,64,65.2,72,63.6,20,65.4,52,36.6,,,,,34.234987,-118.294031,LA TUNA CANYON SB,13.98
2025-01-07 14:50:00,770386,210,W,ML,124,61.6,26,66.8,38,63.4,33,60.2,27,56.1,,,,,34.207155,-118.2137,EB/NB 2 TO EB 210 CN,19.08
2025-01-07 14:50:00,770401,210,W,ML,502,58.7,105,63.6,152,60.4,135,57.3,110,53.4,,,,,34.211095,-118.225948,EB/NB 2 TO WB 210 CN,18.32
2025-01-07 14:50:00,770568,210,W,ML,327,56.8,70,70.0,70,68.5,100,46.5,87,48.5,,,,,34.165953,-118.157943,HAMMOND ST.,23.79
2025-01-07 14:50:00,770579,210,W,ML,160,66.0,32,73.3,43,68.1,22,66.3,63,60.7,,,,,34.156597,-118.157944,WINONA WAY,24.442
2025-01-07 14:55:00,717615,210,W,ML,319,59.4,85,64.2,87,61.0,76,56.8,71,54.5,,,,,34.182539,-118.171545,ARROYO 1,22.3
2025-01-07 14:55:00,717622,210,W,ML,317,60.9,80,70.5,100,63.7,87,47.6,50,62.8,,,,,34.176273,-118.161942,LINCOLN 1,23.0
2025-01-07 14:55:00,717624,210,W,ML,337,60.4,73,66.3,76,63.1,67,58.7,62,56.1,59,55.8,,,34.164368,-118.158093,MOUNTAIN 1,23.9
2025-01-07 14:55:00,717627,210,W,ML,128,65.3,61,67.1,67,63.8,,,,,,,,,34.15225,-118.154678,WALNUT,24.9
2025-01-07 14:55:00,717630,210,W,ML,123,61.5,26,66.7,37,63.3,33,60.1,27,56.0,,,,,34.152218,-118.14821,FAIR OAKS 1,25.4
2025-01-07 14:55:00,717632,210,W,HV,122,61.5,122,61.5,,,,,,,,,,,34.152218,-118.14821,FAIR OAKS 1,25.4
2025-01-07 14:55:00,717634,210,W,ML,442,53.2,100,58.3,100,55.3,87,51.4,81,49.4,74,49.5,,,34.15195,-118.13555,LAKE 1,26.12
2025-01-07 14:55:00,717637,210,W,ML,513,56.6,125,68.0,109,64.5,88,54.3,84,44.1,107,47.1,,,34.152357,-118.123714,HILL,26.8
2025-01-07 14:55:00,717642,210,W,ML,497,54.5,121,62.8,102,61.7,79,53.0,77,43.8,118,47.6,,,34.1527,-118.102255,ALTADENA,28.03
2025-01-07 14:55:00,717643,210,W,HV,79,53.1,79,53.1,,,,,,,,,,,34.1527,-118.102255,ALTADENA,28.03
2025-01-07 14:55:00,717644,210,W,ML,509,54.8,133,63.9,121,58.8,95,50.7,83,45.4,77,48.2,,,34.152727,-118.098063,SAN GABRIEL,28.27
2025-01-07 14:55:00,717645,210,W,HV,78,58.4,78,58.4,,,,,,,,,,,34.152727,-118.098063,SAN GABRIEL,28.27
2025-01-07 14:55:00,717649,210,W,ML,452,54.5,125,64.3,109,56.6,77,41.5,80,55.3,61,46.0,,,34.148074,-118.08377,SIERRA MADRE V1,29.17
2025-01-07 14:55:00,717653,210,W,ML,325,49.2,87,49.1,84,48.4,66,48.0,55,50.5,33,51.9,,,34.148737,-118.071321,ROSEMEAD 1,29.879
2025-01-07 14:55:00,761318,210,W,HV,122,61.5,122,61.5,,,,,,,,,,,34.15195,-118.13555,LAKE 1,26.12
2025-01-07 14:55:00,761322,210,W,HV,70,58.2,70,58.2,,,,,,,,,,,34.152357,-118.123714,HILL,26.8
2025-01-07 14:55:00,761325,210,W,HV,82,54.0,82,54.0,,,,,,,,,,,34.148074,-118.08377,SIERRA MADRE V1,29.17
2025-01-07 14:55:00,761431,210,W,HV,122,61.5,122,61.5,,,,,,,,,,,34.148737,-118.071321,ROSEMEAD 1,29.879
2025-01-07 14:55:00,764135,210,W,HV,122,61.5,122,61.5,,,,,,,,,,,34.152092,-118.143249,MARENGO,25.68
2025-01-07 14:55:00,764137,210,W,ML,635,50.6,108,54.9,125,53.1,109,51.7,112,49.6,102,46.3,79,46.3,34.152092,-118.143249,MARENGO,25.68
2025-01-07 14:55:00,769807,210,W,ML,375,60.3,103,66.3,103,62.9,88,56.1,81,53.8,,,,,34.197068,-118.184827,FOOTHILL,20.98
2025-01-07 14:55:00,769867,210,W,ML,381,57.6,101,69.4,112,64.3,89,50.5,79,40.9,,,,,34.218652,-118.239558,LA CRESCENTA,17.38
2025-01-07 14:55:00,769911,210,W,ML,398,55.8,112,68.7,81,51.5,85,55.3,56,45.6,64,48.2,,,34.224897,-118.251344,PENNSYLVANIA,16.58
2025-01-07 14:55:00,769926,210,W,ML,465,51.3,89,55.7,91,52.8,79,49.6,73,48.0,68,49.0,65,51.4,34.214462,-118.232443,OCEAN VIEW,17.88
2025-01-07 14:55:00,769941,210,W,ML,383,56.7,107,70.9,113,62.1,60,28.8,103,52.3,,,,,34.207101,-118.204943,ANGELES CREST HWY SB,19.58
2025-01-07 14:55:00,769953,210,W,ML,357,53.9,120,68.1,100,60.7,67,34.3,70,38.6,,,,,34.206998,-118.201441,ANGELES CREST HWY NB,19.78
2025-01-07 14:55:00,769965,210,W,ML,268,56.1,120,67.5,15,71.2,79,48.9,54,37.2,,,,,34.232554,-118.271772,HONOLULU,15.28
2025-01-07 14:55:00,769983,210,W,ML,356,46.7,94,40.2,110,50.2,79,49.0,73,47.6,,,,,34.203186,-118.191671,GOULD,20.4
2025-01-07 14:55:00,770000,210,W,ML,372,58.9,101,63.5,101,60.4,88,56.4,82,54.2,,,,,34.19198,-118.181214,BERKSHIRE,21.39
2025-01-07 14:55:00,770129,210,W,ML,382,58.6,133,65.2,118,64.9,89,51.4,42,35.2,,,,,34.234984,-118.290562,LA TUNA CANYON NB,14.18
2025-01-07 14:55:00,770141,210,W,ML,260,57.1,83,65.0,89,63.4,25,65.2,63,34.5,,,,,34.234987,-118.294031,LA TUNA CANYON SB,13.98
2025-01-07 14:55:00,770386,210,W,ML,399,56.2,109,60.9,108,57.8,94,53.4,88,51.4,,,,,34.207155,-118.2137,EB/NB 2 TO EB 210 CN,19.08
2025-01-07 14:55:00,770401,210,W,ML,496,58.5,104,63.4,150,60.2,133,57.1,109,53.2,,,,,34.211095,-118.225948,EB/NB 2 TO WB 210 CN,18.32
2025-01-07 14:55:00,770568,210,W,ML,321,57.2,76,73.3,67,69.3,76,47.1,102,44.7,,,,,34.165953,-118.157943,HAMMOND ST.,23.79
2025-01-07 14:55:00,770579,210,W,ML,210,64.5,32,74.1,57,67.4,36,66.7,85,58.0,,,,,34.156597,-118.157944,WINONA WAY,24.442
2025-01-07 15:00:00,717615,210,W,ML,336,58.2,90,62.9,92,59.8,80,55.6,74,53.3,,,,,34.182539,-118.171545,ARROYO 1,22.3
2025-01-07 15:00:00,717622,210,W,ML,354,60.6,93,72.1,77,62.1,92,53.4,92,55.0,,,,,34.176273,-118.161942,LINCOLN 1,23.0
2025-01-07 15:00:00,717624,210,W,ML,353,60.5,77,66.4,80,63.2,70,58.8,65,56.3,61,56.0,,,34.164368,-118.158093,MOUNTAIN 1,23.9
2025-01-07 15:00:00,717627,210,W,ML,133,65.5,64,67.2,69,64.0,,,,,,,,,34.15225,-118.154678,WALNUT,24.9
2025-01-07 15:00:00,717630,210,W,ML,123,61.4,26,66.6,37,63.2,33,60.0,27,55.9,,,,,34.152218,-118.14821,FAIR OAKS 1,25.4
2025-01-07 15:00:00,717632,210,W,HV,122,61.4,122,61.4,,,,,,,,,,,34.152218,-118.14821,FAIR OAKS 1,25.4
2025-01-07 15:00:00,717634,210,W,ML,456,52.0,102,57.3,103,54.3,91,50.1,84,48.3,76,48.3,,,34.15195,-118.13555,LAKE 1,26.12
2025-01-07 15:00:00,717637,210,W,ML,492,56.0,105,67.3,126,63.7,79,48.7,82,50.1,100,44.8,,,34.152357,-118.123714,HILL,26.8
2025-01-07 15:00:00,717642,210,W,ML,521,51.9,130,61.3,106,59.4,84,48.5,83,41.0,118,44.9,,,34.1527,-118.102255,ALTADENA,28.03
2025-01-07 15:00:00,717643,210,W,HV,88,53.4,88,53.4,,,,,,,,,,,34.1527,-118.102255,ALTADENA,28.03
2025-01-07 15:00:00,717644,210,W,ML,529,51.2,138,61.5,120,52.5,89,46.1,100,46.1,82,43.9,,,34.152727,-118.098063,SAN GABRIEL,28.27
2025-01-07 15:00:00,717645,210,W,HV,95,57.0,95,57.0,,,,,,,,,,,34.152727,-118.098063,SAN GABRIEL,28.27
2025-01-07 15:00:00,717649,210,W,ML,485,53.1,125,64.1,125,54.1,81,40.2,85,53.7,69,45.7,,,34.148074,-118.08377,SIERRA MADRE V1,29.17
2025-01-07 15:00:00,717653,210,W,ML,356,48.9,96,48.8,92,48.1,72,47.7,60,50.3,36,51.8,,,34.148737,-118.071321,ROSEMEAD 1,29.879
2025-01-07 15:00:00,761318,210,W,HV,122,61.4,122,61.4,,,,,,,,,,,34.15195,-118.13555,LAKE 1,26.12
2025-01-07 15:00:00,761322,210,W,HV,82,58.5,82,58.5,,,,,,,,,,,34.152357,-118.123714,HILL,26.8
2025-01-07 15:00:00,761325,210,W,HV,104,52.9,104,52.9,,,,,,,,,,,34.148074,-118.08377,SIERRA MADRE V1,29.17
2025-01-07 15:00:00,761431,210,W,HV,122,61.4,122,61.4,,,,,,,,,,,34.148737,-118.071321,ROSEMEAD 1,29.879
2025-01-07 15:00:00,764135,210,W,HV,122,61.4,122,61.4,,,,,,,,,,,34.152092,-118.143249,MARENGO,25.68
2025-01-07 15:00:00,764137,210,W,ML,631,50.5,107,54.8,124,53.0,109,51.6,111,49.5,101,46.2,79,46.2,34.152092,-118.143249,MARENGO,25.68
2025-01-07 15:00:00,769807,210,W,ML,370,52.3,80,57.4,111,54.3,93,49.4,86,47.9,,,,,34.197068,-118.184827,FOOTHILL,20.98
2025-01-07 15:00:00,769867,210,W,ML,405,57.2,117,68.6,110,63.5,90,49.9,88,41.8,,,,,34.218652,-118.239558,LA CRESCENTA,17.38
2025-01-07 15:00:00,769911,210,W,ML,441,56.1,126,69.2,90,52.5,82,52.7,76,49.3,67,47.9,,,34.224897,-118.251344,PENNSYLVANIA,16.58
2025-01-07 15:00:00,769926,210,W,ML,509,50.9,98,55.2,99,52.3,87,49.1,80,47.6,74,48.7,71,51.1,34.214462,-118.232443,OCEAN VIEW,17.88
2025-01-07 15:00:00,769941,210,W,ML,303,54.3,87,70.7,91,58.4,67,29.5,58,52.0,,,,,34.207101,-118.204943,ANGELES CREST HWY SB,19.58
2025-01-07 15:00:00,769953,210,W,ML,310,55.6,101,68.4,94,61.6,65,39.7,50,38.9,,,,,34.206998,-118.201441,ANGELES CREST HWY NB,19.78
2025-01-07 15:00:00,769965,210,W,ML,308,56.5,151,67.2,9,71.3,93,48.6,55,37.9,,,,,34.232554,-118.271772,HONOLULU,15.28
2025-01-07 15:00:00,769983,210,W,ML,332,47.3,89,43.2,105,52.3,71,46.8,67,45.5,,,,,34.203186,-118.191671,GOULD,20.4
2025-01-07 15:00:00,770000,210,W,ML,396,52.8,108,56.7,108,54.0,93,50.6,87,48.9,,,,,34.19198,-118.181214,BERKSHIRE,21.39
2025-01-07 15:00:00,770129,210,W,ML,405,58.0,140,65.1,127,64.0,84,48.3,54,40.6,,,,,34.234984,-118.290562,LA TUNA CANYON NB,14.18
2025-01-07 15:00:00,770141,210,W,ML,246,57.7,78,64.1,84,62.8,24,65.5,60,39.1,,,,,34.234987,-118.294031,LA TUNA CANYON SB,13.98
2025-01-07 15:00:00,770386,210,W,ML,258,55.5,68,59.9,71,56.9,62,53.1,57,51.1,,,,,34.207155,-118.2137,EB/NB 2 TO EB 210 CN,19.08
2025-01-07 15:00:00,770401,210,W,ML,492,58.8,103,63.7,149,60.5,132,57.4,108,53.5,,,,,34.211095,-118.225948,EB/NB 2 TO WB 210 CN,18.32
2025-01-07 15:00:00,770568,210,W,ML,392,55.5,101,71.2,70,67.3,130,46.5,91,41.9,,,,,34.165953,-118.157943,HAMMOND ST.,23.79
2025-01-07 15:00:00,770579,210,W,ML,211,65.3,37,74.3,60,65.8,42,65.7,72,60.0,,,,,34.156597,-118.157944,WINONA WAY,24.442
2025-01-07 15:05:00,717615,210,W,ML,302,55.4,81,59.8,83,56.8,72,52.8,66,50.9,,,,,34.182539,-118.171545,ARROYO 1,22.3
2025-01-07 15:05:00,717622,210,W,ML,320,59.5,67,71.6,106,61.0,76,55.3,71,50.3,,,,,34.176273,-118.161942,LINCOLN 1,23.0
2025-01-07 15:05:00,717624,210,W,ML,350,60.2,76,66.0,80,62.8,70,58.4,64,56.0,60,56.1,,,34.164368,-118.158093,MOUNTAIN 1,23.9
2025-01-07 15:05:00,717627,210,W,ML,112,65.7,53,67.4,59,64.2,,,,,,,,,34.15225,-118.154678,WALNUT,24.9
2025-01-07 15:05:00,717630,210,W,ML,123,61.3,26,66.5,37,63.1,33,59.9,27,55.8,,,,,34.152218,-118.14821,FAIR OAKS 1,25.4
2025-01-07 15:05:00,717632,210,W,HV,122,61.3,122,61.3,,,,,,,,,,,34.152218,-118.14821,FAIR OAKS 1,25.4
2025-01-07 15:05:00,717634,210,W,ML,470,51.8,106,57.1,106,54.1,92,49.9,86,48.1,80,47.9,,,34.15195,-118.13555,LAKE 1,26.12
2025-01-07 15:05:00,717637,210,W,ML,527,55.0,128,66.1,116,61.5,104,47.7,78,48.1,101,46.1,,,34.152357,-118.123714,HILL,26.8
2025-01-07 15:05:00,717642,210,W,ML,551,50.9,129,59.0,120,56.9,89,49.4,83,41.8,130,44.0,,,34.1527,-118.102255,ALTADENA,28.03
2025-01-07 15:05:00,717643,210,W,HV,78,51.8,78,51.8,,,,,,,,,,,34.1527,-118.102255,ALTADENA,28.03
2025-01-07 15:05:00,717644,210,W,ML,538,51.9,132,60.8,130,53.1,103,49.2,88,46.2,85,45.7,,,34.152727,-118.098063,SAN GABRIEL,28.27
2025-01-07 15:05:00,717645,210,W,HV,76,56.3,76,56.3,,,,,,,,,,,34.152727,-118.098063,SAN GABRIEL,28.27
2025-01-07 15:05:00,717649,210,W,ML,507,52.1,129,62.3,129,53.2,85,38.4,87,54.5,77,45.8,,,34.148074,-118.08377,SIERRA MADRE V1,29.17
2025-01-07 15:05:00,717653,210,W,ML,397,49.1,106,48.9,102,48.2,80,47.8,67,50.4,42,51.8,,,34.148737,-118.071321,ROSEMEAD 1,29.879
2025-01-07 15:05:00,761318,210,W,HV,122,61.3,122,61.3,,,,,,,,,,,34.15195,-118.13555,LAKE 1,26.12
2025-01-07 15:05:00,761322,210,W,HV,80,57.6,80,57.6,,,,,,,,,,,34.152357,-118.123714,HILL,26.8
2025-01-07 15:05:00,761325,210,W,HV,97,51.1,97,51.1,,,,,,,,,,,34.148074,-118.08377,SIERRA MADRE V1,29.17
2025-01-07 15:05:00,761431,210,W,HV,122,61.3,122,61.3,,,,,,,,,,,34.148737,-118.071321,ROSEMEAD 1,29.879
2025-01-07 15:05:00,764135,210,W,HV,122,61.3,122,61.3,,,,,,,,,,,34.152092,-118.143249,MARENGO,25.68
2025-01-07 15:05:00,764137,210,W,ML,632,50.1,107,54.3,125,52.6,109,51.1,111,49.1,101,45.8,79,45.8,34.152092,-118.143249,MARENGO,25.68
2025-01-07 15:05:00,769807,210,W,ML,307,56.6,94,61.4,76,58.8,71,52.9,66,51.0,,,,,34.197068,-118.184827,FOOTHILL,20.98
2025-01-07 15:05:00,769867,210,W,ML,434,57.6,124,68.1,122,62.6,94,48.8,94,46.0,,,,,34.218652,-118.239558,LA CRESCENTA,17.38
2025-01-07 15:05:00,769911,210,W,ML,474,56.6,148,68.4,93,52.7,89,54.1,75,49.3,69,47.8,,,34.224897,-118.251344,PENNSYLVANIA,16.58
2025-01-07 15:05:00,769926,210,W,ML,540,51.1,104,56.0,105,53.0,92,48.9,85,47.4,79,48.4,75,51.2,34.214462,-118.232443,OCEAN VIEW,17.88
2025-01-07 15:05:00,769941,210,W,ML,354,56.0,81,71.8,93,62.8,98,43.8,82,47.2,,,,,34.207101,-118.204943,ANGELES CREST HWY SB,19.58
2025-01-07 15:05:00,769953,210,W,ML,372,57.2,101,68.3,90,62.1,115,53.1,66,40.6,,,,,34.206998,-118.201441,ANGELES CREST HWY NB,19.78
2025-01-07 15:05:00,769965,210,W,ML,325,55.9,159,65.8,8,71.0,98,49.0,60,38.8,,,,,34.232554,-118.271772,HONOLULU,15.28
2025-01-07 15:05:00,769983,210,W,ML,394,52.8,113,49.4,135,57.0,75,52.4,71,50.6,,,,,34.203186,-118.191671,GOULD,20.4
2025-01-07 15:05:00,770000,210,W,ML,296,56.0,78,60.3,81,57.4,71,53.7,66,51.6,,,,,34.19198,-118.181214,BERKSHIRE,21.39
2025-01-07 15:05:00,770129,210,W,ML,439,57.9,160,64.0,133,62.8,97,49.1,49,42.5,,,,,34.234984,-118.290562,LA TUNA CANYON NB,14.18
2025-01-07 15:05:00,770141,210,W,ML,285,57.5,92,62.9,97,61.9,27,65.5,69,40.8,,,,,34.234987,-118.294031,LA TUNA CANYON SB,13.98
2025-01-07 15:05:00,770386,210,W,ML,342,52.2,92,56.7,93,53.7,81,49.3,76,47.7,,,,,34.207155,-118.2137,EB/NB 2 TO EB 210 CN,19.08
2025-01-07 15:05:00,770401,210,W,ML,493,58.9,103,63.9,150,60.6,132,57.5,108,53.6,,,,,34.211095,-118.225948,EB/NB 2 TO WB 210 CN,18.32
2025-01-07 15:05:00,770568,210,W,ML,309,57.6,59,73.8,64,65.4,110,50.0,76,49.6,,,,,34.165953,-118.157943,HAMMOND ST.,23.79
2025-01-07 15:05:00,770579,210,W,ML,197,65.2,29,74.4,47,66.6,45,65.9,76,60.3,,,,,34.156597,-118.157944,WINONA WAY,24.442
2025-01-07 15:10:00,717615,210,W,ML,285,48.5,76,52.9,79,49.9,68,45.6,62,44.4,,,,,34.182539,-118.171545,ARROYO 1,22.3
2025-01-07 15:10:00,717622,210,W,ML,330,55.2,92,69.9,98,58.7,74,43.5,66,42.5,,,,,34.176273,-118.161942,LINCOLN 1,23.0
2025-01-07 15:10:00,717624,210,W,ML,366,59.1,79,64.8,82,61.7,72,57.5,68,55.1,65,54.9,,,34.164368,-118.158093,MOUNTAIN 1,23.9
2025-01-07 15:10:00,717627,210,W,ML,139,65.0,68,66.7,71,63.4,,,,,,,,,34.15225,-118.154678,WALNUT,24.9
2025-01-07 15:10:00,717630,210,W,ML,123,61.2,26,66.3,37,63.0,33,59.8,27,55.7,,,,,34.152218,-118.14821,FAIR OAKS 1,25.4
2025-01-07 15:10:00,717632,210,W,HV,123,61.2,123,61.2,,,,,,,,,,,34.152218,-118.14821,FAIR OAKS 1,25.4
2025-01-07 15:10:00,717634,210,W,ML,435,52.5,98,57.9,98,54.9,86,50.7,80,48.8,73,48.6,,,34.15195,-118.13555,LAKE 1,26.12
2025-01-07 15:10:00,717637,210,W,ML,491,54.8,121,65.3,108,60.6,87,46.5,81,49.4,94,46.7,,,34.152357,-118.123714,HILL,26.8
2025-01-07 15:10:00,717642,210,W,ML,502,49.2,123,56.2,91,53.5,82,48.9,81,41.7,125,44.2,,,34.1527,-118.102255,ALTADENA,28.03
2025-01-07 15:10:00,717643,210,W,HV,91,51.9,91,51.9,,,,,,,,,,,34.1527,-118.102255,ALTADENA,28.03
2025-01-07 15:10:00,717644,210,W,ML,535,51.1,134,59.5,128,52.2,92,47.5,96,46.0,85,45.6,,,34.152727,-118.098063,SAN GABRIEL,28.27
2025-01-07 15:10:00,717645,210,W,HV,95,56.3,95,56.3,,,,,,,,,,,34.152727,-118.098063,SAN GABRIEL,28.27
2025-01-07 15:10:00,717649,210,W,ML,460,52.2,125,62.2,109,52.4,77,39.9,85,54.1,64,44.8,,,34.148074,-118.08377,SIERRA MADRE V1,29.17
2025-01-07 15:10:00,717653,210,W,ML,331,48.2,90,47.9,86,47.3,67,46.9,55,49.7,33,51.4,,,34.148737,-118.071321,ROSEMEAD 1,29.879
2025-01-07 15:10:00,761318,210,W,HV,123,61.2,123,61.2,,,,,,,,,,,34.15195,-118.13555,LAKE 1,26.12
2025-01-07 15:10:00,761322,210,W,HV,85,56.6,85,56.6,,,,,,,,,,,34.152357,-118.123714,HILL,26.8
2025-01-07 15:10:00,761325,210,W,HV,109,51.4,109,51.4,,,,,,,,,,,34.148074,-118.08377,SIERRA MADRE V1,29.17
2025-01-07 15:10:00,761431,210,W,HV,123,61.2,123,61.2,,,,,,,,,,,34.148737,-118.071321,ROSEMEAD 1,29.879
2025-01-07 15:10:00,764135,210,W,HV,123,61.2,123,61.2,,,,,,,,,,,34.152092,-118.143249,MARENGO,25.68
2025-01-07 15:10:00,764137,210,W,ML,635,49.4,108,53.6,125,51.8,109,50.4,112,48.5,102,45.2,79,45.2,34.152092,-118.143249,MARENGO,25.68
2025-01-07 15:10:00,769807,210,W,ML,316,56.9,79,62.7,87,59.4,78,53.4,72,51.4,,,,,34.197068,-118.184827,FOOTHILL,20.98
2025-01-07 15:10:00,769867,210,W,ML,408,56.7,109,68.6,110,62.3,97,46.0,92,47.1,,,,,34.218652,-118.239558,LA CRESCENTA,17.38
2025-01-07 15:10:00,769911,210,W,ML,440,55.6,134,68.0,85,53.6,84,47.6,73,51.7,64,47.1,,,34.224897,-118.251344,PENNSYLVANIA,16.58
2025-01-07 15:10:00,769926,210,W,ML,528,51.8,102,56.8,103,53.9,90,49.7,83,48.1,77,49.0,73,51.7,34.214462,-118.232443,OCEAN VIEW,17.88
2025-01-07 15:10:00,769941,210,W,ML,305,57.3,86,72.5,74,62.5,68,44.9,77,46.3,,,,,34.207101,-118.204943,ANGELES CREST HWY SB,19.58
2025-01-07 15:10:00,769953,210,W,ML,302,57.2,103,69.1,83,62.0,65,45.6,51,39.9,,,,,34.206998,-118.201441,ANGELES CREST HWY NB,19.78
2025-01-07 15:10:00,769965,210,W,ML,294,54.9,134,65.2,15,71.0,80,46.6,65,40.0,,,,,34.232554,-118.271772,HONOLULU,15.28
2025-01-07 15:10:00,769983,210,W,ML,312,49.9,84,46.0,97,54.4,68,49.9,63,48.3,,,,,34.203186,-118.191671,GOULD,20.4
2025-01-07 15:10:00,770000,210,W,ML,327,56.4,87,60.7,89,57.8,78,54.1,73,52.0,,,,,34.19198,-118.181214,BERKSHIRE,21.39
2025-01-07 15:10:00,770129,210,W,ML,428,57.3,152,62.7,132,62.5,96,49.1,48,42.0,,,,,34.234984,-118.290562,LA TUNA CANYON NB,14.18
2025-01-07 15:10:00,770141,210,W,ML,282,57.2,91,62.6,96,61.7,27,65.5,68,40.3,,,,,34.234987,-118.294031,LA TUNA CANYON SB,13.98
2025-01-07 15:10:00,770386,210,W,ML,289,51.4,76,56.0,79,53.0,69,48.6,65,47.1,,,,,34.207155,-118.2137,EB/NB 2 TO EB 210 CN,19.08
2025-01-07 15:10:00,770401,210,W,ML,499,58.8,104,63.7,151,60.5,134,57.4,110,53.5,,,,,34.211095,-118.225948,EB/NB 2 TO WB 210 CN,18.32
2025-01-07 15:10:00,770568,210,W,ML,400,59.1,114,72.8,89,62.4,98,48.7,99,50.8,,,,,34.165953,-118.157943,HAMMOND ST.,23.79
2025-01-07 15:10:00,770579,210,W,ML,233,66.3,48,74.5,67,68.2,68,63.7,50,59.2,,,,,34.156597,-118.157944,WINONA WAY,24.442
2025-01-07 15:15:00,717615,210,W,ML,371,49.6,100,54.1,101,51.1,88,46.7,82,45.4,,,,,34.182539,-118.171545,ARROYO 1,22.3
2025-01-07 15:15:00,717622,210,W,ML,414,54.0,113,68.7,128,58.8,103,38.7,70,43.9,,,,,34.176273,-118.161942,LINCOLN 1,23.0
2025-01-07 15:15:00,717624,210,W,ML,334,60.2,73,66.0,76,62.8,66,58.5,62,56.0,57,56.0,,,34.164368,-118.158093,MOUNTAIN 1,23.9
2025-01-07 15:15:00,717627,210,W,ML,145,65.5,71,67.1,74,63.9,,,,,,,,,34.15225,-118.154678,WALNUT,24.9
2025-01-07 15:15:00,717630,210,W,ML,123,61.1,26,66.2,37,62.9,33,59.7,27,55.6,,,,,34.152218,-118.14821,FAIR OAKS 1,25.4
2025-01-07 15:15:00,717632,210,W,HV,123,61.1,123,61.1,,,,,,,,,,,34.152218,-118.14821,FAIR OAKS 1,25.4
2025-01-07 15:15:00,717634,210,W,ML,484,49.7,109,54.9,109,51.9,96,47.8,89,46.1,81,46.1,,,34.15195,-118.13555,LAKE 1,26.12
2025-01-07 15:15:00,717637,210,W,ML,529,53.6,138,64.6,118,60.4,78,46.5,98,45.0,97,44.0,,,34.152357,-118.123714,HILL,26.8
2025-01-07 15:15:00,717642,210,W,ML,565,47.1,130,52.1,118,53.6,91,46.2,89,39.8,137,41.9,,,34.1527,-118.102255,ALTADENA,28.03
2025-01-07 15:15:00,717643,210,W,HV,100,50.4,100,50.4,,,,,,,,,,,34.1527,-118.102255,ALTADENA,28.03
2025-01-07 15:15:00,717644,210,W,ML,546,47.5,142,54.1,127,48.5,96,44.9,91,42.9,90,43.3,,,34.152727,-118.098063,SAN GABRIEL,28.27
2025-01-07 15:15:00,717645,210,W,HV,102,51.6,102,51.6,,,,,,,,,,,34.152727,-118.098063,SAN GABRIEL,28.27
2025-01-07 15:15:00,717649,210,W,ML,535,50.6,139,59.6,127,51.6,94,38.8,86,52.7,89,45.4,,,34.148074,-118.08377,SIERRA MADRE V1,29.17
2025-01-07 15:15:00,717653,210,W,ML,458,48.7,122,48.5,116,47.9,92,47.4,78,50.1,50,51.6,,,34.148737,-118.071321,ROSEMEAD 1,29.879
2025-01-07 15:15:00,761318,210,W,HV,123,61.1,123,61.1,,,,,,,,,,,34.15195,-118.13555,LAKE 1,26.12
2025-01-07 15:15:00,761322,210,W,HV,98,55.7,98,55.7,,,,,,,,,,,34.152357,-118.123714,HILL,26.8
2025-01-07 15:15:00,761325,210,W,HV,111,50.2,111,50.2,,,,,,,,,,,34.148074,-118.08377,SIERRA MADRE V1,29.17
2025-01-07 15:15:00,761431,210,W,HV,123,61.1,123,61.1,,,,,,,,,,,34.148737,-118.071321,ROSEMEAD 1,29.879
2025-01-07 15:15:00,764135,210,W,HV,123,61.1,123,61.1,,,,,,,,,,,34.152092,-118.143249,MARENGO,25.68
2025-01-07 15:15:00,764137,210,W,ML,635,48.3,108,52.4,125,50.7,109,49.3,112,47.4,102,44.2,79,44.2,34.152092,-118.143249,MARENGO,25.68
2025-01-07 15:15:00,769807,210,W,ML,441,58.3,142,63.3,115,60.3,96,54.1,88,52.0,,,,,34.197068,-118.184827,FOOTHILL,20.98
2025-01-07 15:15:00,769867,210,W,ML,451,56.4,121,67.0,140,62.0,96,43.7,94,47.6,,,,,34.218652,-118.239558,LA CRESCENTA,17.38
2025-01-07 15:15:00,769911,210,W,ML,450,56.0,136,68.2,87,54.0,86,47.3,75,53.8,66,47.0,,,34.224897,-118.251344,PENNSYLVANIA,16.58
2025-01-07 15:15:00,769926,210,W,ML,540,52.2,104,57.3,105,54.2,92,50.1,85,48.5,79,49.3,75,51.9,34.214462,-118.232443,OCEAN VIEW,17.88
2025-01-07 15:15:00,769941,210,W,ML,445,57.6,121,69.6,131,64.2,89,44.5,104,46.5,,,,,34.207101,-118.204943,ANGELES CREST HWY SB,19.58
2025-01-07 15:15:00,769953,210,W,ML,394,55.4,121,66.8,113,62.8,78,40.9,82,42.4,,,,,34.206998,-118.201441,ANGELES CREST HWY NB,19.78
2025-01-07 15:15:00,769965,210,W,ML,308,55.9,152,66.0,15,71.2,85,44.2,56,42.2,,,,,34.232554,-118.271772,HONOLULU,15.28
2025-01-07 15:15:00,769983,210,W,ML,402,49.3,106,44.4,126,53.0,88,50.3,82,48.6,,,,,34.203186,-118.191671,GOULD,20.4
2025-01-07 15:15:00,770000,210,W,ML,409,57.1,112,61.4,111,58.5,96,54.7,90,52.6,,,,,34.19198,-118.181214,BERKSHIRE,21.39
2025-01-07 15:15:00,770129,210,W,ML,389,57.7,132,63.1,123,62.8,81,50.9,53,43.0,,,,,34.234984,-118.290562,LA TUNA CANYON NB,14.18
2025-01-07 15:15:00,770141,210,W,ML,236,57.5,74,62.9,81,61.9,23,65.5,58,41.2,,,,,34.234987,-118.294031,LA TUNA CANYON SB,13.98
2025-01-07 15:15:00,770386,210,W,ML,419,51.6,113,56.2,113,53.1,100,48.8,93,47.2,,,,,34.207155,-118.2137,EB/NB 2 TO EB 210 CN,19.08
2025-01-07 15:15:00,770401,210,W,ML,502,58.8,105,63.7,152,60.5,135,57.4,110,53.5,,,,,34.211095,-118.225948,EB/NB 2 TO WB 210 CN,18.32
2025-01-07 15:15:00,770568,210,W,ML,299,57.7,66,71.3,78,65.6,76,48.5,79,47.3,,,,,34.165953,-118.157943,HAMMOND ST.,23.79
2025-01-07 15:15:00,770579,210,W,ML,216,65.5,38,74.6,46,69.1,71,63.2,61,59.9,,,,,34.156597,-118.157944,WINONA WAY,24.442
2025-01-07 15:20:00,717615,210,W,ML,333,51.2,89,55.8,91,52.7,79,48.4,74,46.9,,,,,34.182539,-118.171545,ARROYO 1,22.3
2025-01-07 15:20:00,717622,210,W,ML,342,55.2,97,70.0,92,60.7,91,40.0,62,46.0,,,,,34.176273,-118.161942,LINCOLN 1,23.0
2025-01-07 15:20:00,717624,210,W,ML,316,59.7,68,65.5,72,62.3,63,58.0,58,55.5,55,55.3,,,34.164368,-118.158093,MOUNTAIN 1,23.9
2025-01-07 15:20:00,717627,210,W,ML,107,65.2,50,66.9,57,63.6,,,,,,,,,34.15225,-118.154678,WALNUT,24.9
2025-01-07 15:20:00,717630,210,W,ML,123,61.1,26,66.2,37,62.9,33,59.7,27,55.6,,,,,34.152218,-118.14821,FAIR OAKS 1,25.4
2025-01-07 15:20:00,717632,210,W,HV,123,61.1,123,61.1,,,,,,,,,,,34.152218,-118.14821,FAIR OAKS 1,25.4
2025-01-07 15:20:00,717634,210,W,ML,495,51.0,111,56.3,112,53.2,98,49.1,91,47.3,83,47.2,,,34.15195,-118.13555,LAKE 1,26.12
2025-01-07 15:20:00,717637,210,W,ML,577,52.3,140,60.8,131,58.6,104,45.0,93,46.9,109,45.3,,,34.152357,-118.123714,HILL,26.8
2025-01-07 15:20:00,717642,210,W,ML,584,45.1,134,49.0,123,51.8,94,46.3,92,40.0,141,38.1,,,34.1527,-118.102255,ALTADENA,28.03
2025-01-07 15:20:00,717643,210,W,HV,103,49.7,103,49.7,,,,,,,,,,,34.1527,-118.102255,ALTADENA,28.03
2025-01-07 15:20:00,717644,210,W,ML,592,48.3,150,53.9,134,50.5,111,46.9,104,44.8,93,41.4,,,34.152727,-118.098063,SAN GABRIEL,28.27
2025-01-07 15:20:00,717645,210,W,HV,107,51.5,107,51.5,,,,,,,,,,,34.152727,-118.098063,SAN GABRIEL,28.27
2025-01-07 15:20:00,717649,210,W,ML,509,53.1,129,61.6,127,55.4,90,43.5,94,53.6,69,44.5,,,34.148074,-118.08377,SIERRA MADRE V1,29.17
2025-01-07 15:20:00,717653,210,W,ML,382,48.7,102,47.6,98,47.0,77,48.6,65,51.1,40,51.7,,,34.148737,-118.071321,ROSEMEAD 1,29.879
2025-01-07 15:20:00,761318,210,W,HV,123,61.1,123,61.1,,,,,,,,,,,34.15195,-118.13555,LAKE 1,26.12
2025-01-07 15:20:00,761322,210,W,HV,100,53.7,100,53.7,,,,,,,,,,,34.152357,-118.123714,HILL,26.8
2025-01-07 15:20:00,761325,210,W,HV,108,51.4,108,51.4,,,,,,,,,,,34.148074,-118.08377,SIERRA MADRE V1,29.17
2025-01-07 15:20:00,761431,210,W,HV,123,61.1,123,61.1,,,,,,,,,,,34.148737,-118.071321,ROSEMEAD 1,29.879
2025-01-07 15:20:00,764135,210,W,HV,123,61.1,123,61.1,,,,,,,,,,,34.152092,-118.143249,MARENGO,25.68
2025-01-07 15:20:00,764137,210,W,ML,632,46.9,107,50.8,125,49.2,109,47.9,111,46.0,101,42.9,79,42.9,34.152092,-118.143249,MARENGO,25.68
2025-01-07 15:20:00,769807,210,W,ML,443,59.0,126,64.8,123,61.2,101,54.8,93,52.6,,,,,34.197068,-118.184827,FOOTHILL,20.98
2025-01-07 15:20:00,769867,210,W,ML,476,57.1,131,67.3,135,63.2,103,46.3,107,47.3,,,,,34.218652,-118.239558,LA CRESCENTA,17.38
2025-01-07 15:20:00,769911,210,W,ML,517,54.9,151,66.5,100,53.8,101,49.2,89,49.5,76,47.4,,,34.224897,-118.251344,PENNSYLVANIA,16.58
2025-01-07 15:20:00,769926,210,W,ML,603,52.0,117,57.0,117,54.0,103,49.9,95,48.3,88,49.2,83,51.8,34.214462,-118.232443,OCEAN VIEW,17.88
2025-01-07 15:20:00,769941,210,W,ML,389,57.3,84,70.7,116,64.0,84,45.3,105,48.9,,,,,34.207101,-118.204943,ANGELES CREST HWY SB,19.58
2025-01-07 15:20:00,769953,210,W,ML,331,57.3,98,67.5,89,62.7,74,44.9,70,49.4,,,,,34.206998,-118.201441,ANGELES CREST HWY NB,19.78
2025-01-07 15:20:00,769965,210,W,ML,353,54.9,180,64.9,10,70.9,94,42.3,69,43.9,,,,,34.232554,-118.271772,HONOLULU,15.28
2025-01-07 15:20:00,769983,210,W,ML,343,51.3,91,46.2,107,54.4,75,53.3,70,51.3,,,,,34.203186,-118.191671,GOULD,20.4
2025-01-07 15:20:00,770000,210,W,ML,431,57.8,119,62.1,117,59.2,101,55.3,94,53.1,,,,,34.19198,-118.181214,BERKSHIRE,21.39
2025-01-07 15:20:00,770129,210,W,ML,492,56.8,175,61.7,156,61.7,100,47.9,61,44.6,,,,,34.234984,-118.290562,LA TUNA CANYON NB,14.18
2025-01-07 15:20:00,770141,210,W,ML,295,57.3,96,61.8,100,61.1,28,65.4,71,42.6,,,,,34.234987,-118.294031,LA TUNA CANYON SB,13.98
2025-01-07 15:20:00,770386,210,W,ML,408,53.5,112,58.1,110,55.1,96,50.7,90,48.9,,,,,34.207155,-118.2137,EB/NB 2 TO EB 210 CN,19.08
2025-01-07 15:20:00,770401,210,W,ML,501,58.6,105,63.5,152,60.3,134,57.2,110,53.3,,,,,34.211095,-118.225948,EB/NB 2 TO WB 210 CN,18.32
2025-01-07 15:20:00,770568,210,W,ML,277,59.2,70,72.2,59,65.7,85,51.5,63,49.0,,,,,34.165953,-118.157943,HAMMOND ST.,23.79
2025-01-07 15:20:00,770579,210,W,ML,210,64.0,35,74.2,44,67.2,49,64.2,82,57.7,,,,,34.156597,-118.157944,WINONA WAY,24.442
2025-01-07 15:25:00,717615,210,W,ML,314,49.6,83,54.1,86,51.1,75,46.8,70,45.4,,,,,34.182539,-118.171545,ARROYO 1,22.3
2025-01-07 15:25:00,717622,210,W,ML,362,55.1,98,69.1,115,61.4,85,38.8,64,44.0,,,,,34.176273,-118.161942,LINCOLN 1,23.0
2025-01-07 15:25:00,717624,210,W,ML,373,48.1,82,52.2,85,49.4,74,46.5,68,45.1,64,46.3,,,34.164368,-118.158093,MOUNTAIN 1,23.9
2025-01-07 15:25:00,717627,210,W,ML,163,47.3,80,48.6,83,46.1,,,,,,,,,34.15225,-118.154678,WALNUT,24.9
2025-01-07 15:25:00,717630,210,W,ML,123,61.1,26,66.2,37,62.9,33,59.7,27,55.6,,,,,34.152218,-118.14821,FAIR OAKS 1,25.4
2025-01-07 15:25:00,717632,210,W,HV,123,61.1,123,61.1,,,,,,,,,,,34.152218,-118.14821,FAIR OAKS 1,25.4
2025-01-07 15:25:00,717634,210,W,ML,477,45.2,107,49.8,107,46.9,94,43.1,88,42.1,81,42.7,,,34.15195,-118.13555,LAKE 1,26.12
2025-01-07 15:25:00,717637,210,W,ML,555,45.9,141,54.6,129,51.5,98,40.3,81,41.1,106,36.2,,,34.152357,-118.123714,HILL,26.8
2025-01-07 15:25:00,717642,210,W,ML,536,46.8,127,52.8,111,54.6,85,46.7,82,41.1,131,38.1,,,34.1527,-118.102255,ALTADENA,28.03
2025-01-07 15:25:00,717643,210,W,HV,107,50.0,107,50.0,,,,,,,,,,,34.1527,-118.102255,ALTADENA,28.03
2025-01-07 15:25:00,717644,210,W,ML,538,49.2,141,55.4,120,51.7,96,46.1,97,43.8,84,44.8,,,34.152727,-118.098063,SAN GABRIEL,28.27
2025-01-07 15:25:00,717645,210,W,HV,95,51.2,95,51.2,,,,,,,,,,,34.152727,-118.098063,SAN GABRIEL,28.27
2025-01-07 15:25:00,717649,210,W,ML,510,54.5,132,63.7,126,56.9,89,43.3,85,53.8,78,48.8,,,34.148074,-118.08377,SIERRA MADRE V1,29.17
2025-01-07 15:25:00,717653,210,W,ML,402,51.6,108,51.9,103,51.0,81,50.5,68,52.4,42,53.2,,,34.148737,-118.071321,ROSEMEAD 1,29.879
2025-01-07 15:25:00,761318,210,W,HV,123,61.1,123,61.1,,,,,,,,,,,34.15195,-118.13555,LAKE 1,26.12
2025-01-07 15:25:00,761322,210,W,HV,99,50.5,99,50.5,,,,,,,,,,,34.152357,-118.123714,HILL,26.8
2025-01-07 15:25:00,761325,210,W,HV,112,53.0,112,53.0,,,,,,,,,,,34.148074,-118.08377,SIERRA MADRE V1,29.17
2025-01-07 15:25:00,761431,210,W,HV,123,61.1,123,61.1,,,,,,,,,,,34.148737,-118.071321,ROSEMEAD 1,29.879
2025-01-07 15:25:00,764135,210,W,HV,123,61.1,123,61.1,,,,,,,,,,,34.152092,-118.143249,MARENGO,25.68
2025-01-07 15:25:00,764137,210,W,ML,626,45.4,106,49.2,124,47.6,108,46.3,110,44.5,100,41.5,78,41.5,34.152092,-118.143249,MARENGO,25.68
2025-01-07 15:25:00,769807,210,W,ML,308,58.3,84,64.1,81,60.9,74,54.5,69,52.4,,,,,34.197068,-118.184827,FOOTHILL,20.98
2025-01-07 15:25:00,769867,210,W,ML,418,57.6,114,67.5,121,63.0,76,46.3,107,48.9,,,,,34.218652,-118.239558,LA CRESCENTA,17.38
2025-01-07 15:25:00,769911,210,W,ML,464,57.1,129,66.6,92,55.1,93,54.4,80,54.3,70,49.2,,,34.224897,-118.251344,PENNSYLVANIA,16.58
2025-01-07 15:25:00,769926,210,W,ML,596,53.1,117,58.3,115,55.3,100,51.1,93,49.4,88,50.1,83,52.5,34.214462,-118.232443,OCEAN VIEW,17.88
2025-01-07 15:25:00,769941,210,W,ML,419,54.4,105,71.4,103,63.6,97,40.0,114,42.6,,,,,34.207101,-118.204943,ANGELES CREST HWY SB,19.58
2025-01-07 15:25:00,769953,210,W,ML,372,54.3,99,67.4,99,61.7,88,38.0,86,47.5,,,,,34.206998,-118.201441,ANGELES CREST HWY NB,19.78
2025-01-07 15:25:00,769965,210,W,ML,330,54.6,149,63.9,15,71.1,94,45.0,72,44.6,,,,,34.232554,-118.271772,HONOLULU,15.28
2025-01-07 15:25:00,769983,210,W,ML,383,49.1,104,42.5,123,51.7,81,52.4,75,50.6,,,,,34.203186,-118.191671,GOULD,20.4
2025-01-07 15:25:00,770000,210,W,ML,310,57.5,82,61.9,85,58.9,74,55.1,69,52.9,,,,,34.19198,-118.181214,BERKSHIRE,21.39
2025-01-07 15:25:00,770129,210,W,ML,450,57.4,156,62.1,139,62.3,91,48.3,64,48.5,,,,,34.234984,-118.290562,LA TUNA CANYON NB,14.18
2025-01-07 15:25:00,770141,210,W,ML,268,58.4,86,62.4,91,61.6,26,65.4,65,45.9,,,,,34.234987,-118.294031,LA TUNA CANYON SB,13.98
2025-01-07 15:25:00,770386,210,W,ML,371,48.6,101,53.0,101,50.0,87,45.7,82,44.4,,,,,34.207155,-118.2137,EB/NB 2 TO EB 210 CN,19.08
2025-01-07 15:25:00,770401,210,W,ML,496,58.5,104,63.4,150,60.2,133,57.1,109,53.2,,,,,34.211095,-118.225948,EB/NB 2 TO WB 210 CN,18.32
2025-01-07 15:25:00,770568,210,W,ML,289,58.6,68,73.8,56,66.7,91,50.7,74,48.2,,,,,34.165953,-118.157943,HAMMOND ST.,23.79
2025-01-07 15:25:00,770579,210,W,ML,279,41.6,62,45.8,79,44.1,61,39.6,77,37.2,,,,,34.156597,-118.157944,WINONA WAY,24.442
2025-01-07 15:30:00,717615,210,W,ML,351,50.1,95,54.6,95,51.6,83,47.3,78,45.9,,,,,34.182539,-118.171545,ARROYO 1,22.3
2025-01-07 15:30:00,717622,210,W,ML,370,55.0,97,68.9,96,61.3,98,43.4,79,44.6,,,,,34.176273,-118.161942,LINCOLN 1,23.0
2025-01-07 15:30:00,717624,210,W,ML,328,52.9,72,58.1,75,55.1,65,50.9,60,49.2,56,49.5,,,34.164368,-118.158093,MOUNTAIN 1,23.9
2025-01-07 15:30:00,717627,210,W,ML,147,56.8,72,58.4,75,55.3,,,,,,,,,34.15225,-118.154678,WALNUT,24.9
2025-01-07 15:30:00,717630,210,W,ML,123,61.1,26,66.2,37,62.9,33,59.7,27,55.6,,,,,34.152218,-118.14821,FAIR OAKS 1,25.4
2025-01-07 15:30:00,717632,210,W,HV,123,61.1,123,61.1,,,,,,,,,,,34.152218,-118.14821,FAIR OAKS 1,25.4
2025-01-07 15:30:00,717634,210,W,ML,476,43.2,107,47.5,107,44.8,94,41.0,88,40.3,80,41.0,,,34.15195,-118.13555,LAKE 1,26.12
2025-01-07 15:30:00,717637,210,W,ML,556,41.4,143,49.8,110,48.0,106,40.6,102,35.7,95,28.1,,,34.152357,-118.123714,HILL,26.8
2025-01-07 15:30:00,717642,210,W,ML,538,48.9,134,53.8,113,54.2,86,49.5,82,42.3,123,42.7,,,34.1527,-118.102255,ALTADENA,28.03
2025-01-07 15:30:00,717643,210,W,HV,103,48.5,103,48.5,,,,,,,,,,,34.1527,-118.102255,ALTADENA,28.03
2025-01-07 15:30:00,717644,210,W,ML,529,48.3,146,54.4,128,50.8,75,34.3,98,47.8,82,47.0,,,34.152727,-118.098063,SAN GABRIEL,28.27
2025-01-07 15:30:00,717645,210,W,HV,107,51.3,107,51.3,,,,,,,,,,,34.152727,-118.098063,SAN GABRIEL,28.27
2025-01-07 15:30:00,717649,210,W,ML,539,57.8,147,66.4,127,60.1,104,49.7,87,54.9,74,51.5,,,34.148074,-118.08377,SIERRA MADRE V1,29.17
2025-01-07 15:30:00,717653,210,W,ML,442,53.9,118,54.5,113,53.5,89,53.0,75,54.2,47,54.5,,,34.148737,-118.071321,ROSEMEAD 1,29.879
2025-01-07 15:30:00,761318,210,W,HV,123,61.1,123,61.1,,,,,,,,,,,34.15195,-118.13555,LAKE 1,26.12
2025-01-07 15:30:00,761322,210,W,HV,93,48.3,93,48.3,,,,,,,,,,,34.152357,-118.123714,HILL,26.8
2025-01-07 15:30:00,761325,210,W,HV,105,53.8,105,53.8,,,,,,,,,,,34.148074,-118.08377,SIERRA MADRE V1,29.17
2025-01-07 15:30:00,761431,210,W,HV,123,61.1,123,61.1,,,,,,,,,,,34.148737,-118.071321,ROSEMEAD 1,29.879
2025-01-07 15:30:00,764135,210,W,HV,123,61.1,123,61.1,,,,,,,,,,,34.152092,-118.143249,MARENGO,25.68
2025-01-07 15:30:00,764137,210,W,ML,624,44.5,106,48.2,123,46.6,107,45.4,110,43.6,100,40.7,78,40.7,34.152092,-118.143249,MARENGO,25.68
2025-01-07 15:30:00,769807,210,W,ML,453,57.4,114,64.0,133,59.5,107,53.5,99,51.4,,,,,34.197068,-118.184827,FOOTHILL,20.98
2025-01-07 15:30:00,769867,210,W,ML,469,57.3,140,67.5,125,62.5,108,47.0,96,47.4,,,,,34.218652,-118.239558,LA CRESCENTA,17.38
2025-01-07 15:30:00,769911,210,W,ML,494,55.4,150,66.3,103,53.9,83,48.7,83,51.5,75,47.2,,,34.224897,-118.251344,PENNSYLVANIA,16.58
2025-01-07 15:30:00,769926,210,W,ML,548,52.0,106,57.1,107,54.1,93,50.0,86,48.4,80,49.2,76,51.8,34.214462,-118.232443,OCEAN VIEW,17.88
2025-01-07 15:30:00,769941,210,W,ML,480,58.2,146,71.6,124,63.9,95,40.6,115,49.4,,,,,34.207101,-118.204943,ANGELES CREST HWY SB,19.58
2025-01-07 15:30:00,769953,210,W,ML,411,56.3,118,67.4,124,62.8,84,41.9,85,45.8,,,,,34.206998,-118.201441,ANGELES CREST HWY NB,19.78
2025-01-07 15:30:00,769965,210,W,ML,345,54.6,155,64.0,15,71.0,105,45.9,70,43.1,,,,,34.232554,-118.271772,HONOLULU,15.28
2025-01-07 15:30:00,769983,210,W,ML,431,49.9,115,44.9,137,53.4,93,51.3,86,49.5,,,,,34.203186,-118.191671,GOULD,20.4
2025-01-07 15:30:00,770000,210,W,ML,458,56.5,127,60.8,124,57.9,107,54.1,100,52.1,,,,,34.19198,-118.181214,BERKSHIRE,21.39
2025-01-07 15:30:00,770129,210,W,ML,447,57.5,159,61.7,138,61.9,91,51.1,59,45.7,,,,,34.234984,-118.290562,LA TUNA CANYON NB,14.18
2025-01-07 15:30:00,770141,210,W,ML,268,57.6,86,62.0,91,61.3,26,65.4,65,43.5,,,,,34.234987,-118.294031,LA TUNA CANYON SB,13.98
2025-01-07 15:30:00,770386,210,W,ML,431,53.9,119,58.5,116,55.5,101,51.1,95,49.3,,,,,34.207155,-118.2137,EB/NB 2 TO EB 210 CN,19.08
2025-01-07 15:30:00,770401,210,W,ML,490,58.6,102,63.5,149,60.3,131,57.2,108,53.3,,,,,34.211095,-118.225948,EB/NB 2 TO WB 210 CN,18.32
2025-01-07 15:30:00,770568,210,W,ML,283,60.1,88,72.1,55,68.6,78,50.8,62,47.3,,,,,34.165953,-118.157943,HAMMOND ST.,23.79
2025-01-07 15:30:00,770579,210,W,ML,221,53.6,26,60.3,57,56.8,72,53.0,66,49.0,,,,,34.156597,-118.157944,WINONA WAY,24.442
2025-01-07 15:35:00,717615,210,W,ML,354,47.4,95,51.5,96,48.5,84,44.9,79,43.8,,,,,34.182539,-118.171545,ARROYO 1,22.3
2025-01-07 15:35:00,717622,210,W,ML,396,52.6,99,65.5,97,59.0,124,44.6,76,40.7,,,,,34.176273,-118.161942,LINCOLN 1,23.0
2025-01-07 15:35:00,717624,210,W,ML,365,55.4,80,60.9,83,57.8,73,53.5,67,51.5,62,51.4,,,34.164368,-118.158093,MOUNTAIN 1,23.9
2025-01-07 15:35:00,717627,210,W,ML,161,60.4,79,62.0,82,58.9,,,,,,,,,34.15225,-118.154678,WALNUT,24.9
2025-01-07 15:35:00,717630,210,W,ML,123,61.1,26,66.2,37,62.9,33,59.7,27,55.6,,,,,34.152218,-118.14821,FAIR OAKS 1,25.4
2025-01-07 15:35:00,717632,210,W,HV,123,61.1,123,61.1,,,,,,,,,,,34.152218,-118.14821,FAIR OAKS 1,25.4
2025-01-07 15:35:00,717634,210,W,ML,453,42.9,101,47.2,103,44.4,90,40.7,84,40.0,75,40.8,,,34.15195,-118.13555,LAKE 1,26.12
2025-01-07 15:35:00,717637,210,W,ML,537,41.2,141,46.5,126,45.1,91,39.3,94,36.1,85,34.4,,,34.152357,-118.123714,HILL,26.8
2025-01-07 15:35:00,717642,210,W,ML,545,49.8,129,54.8,118,54.4,86,49.8,78,42.2,134,45.2,,,34.1527,-118.102255,ALTADENA,28.03
2025-01-07 15:35:00,717643,210,W,HV,109,49.2,109,49.2,,,,,,,,,,,34.1527,-118.102255,ALTADENA,28.03
2025-01-07 15:35:00,717644,210,W,ML,531,48.9,137,56.2,134,51.9,97,37.5,83,45.8,80,48.5,,,34.152727,-118.098063,SAN GABRIEL,28.27
2025-01-07 15:35:00,717645,210,W,HV,106,53.4,106,53.4,,,,,,,,,,,34.152727,-118.098063,SAN GABRIEL,28.27
2025-01-07 15:35:00,717649,210,W,ML,480,56.8,131,66.9,113,58.6,85,45.2,82,54.6,69,51.4,,,34.148074,-118.08377,SIERRA MADRE V1,29.17
2025-01-07 15:35:00,717653,210,W,ML,360,53.8,96,54.4,93,53.4,73,53.0,61,54.1,37,54.4,,,34.148737,-118.071321,ROSEMEAD 1,29.879
2025-01-07 15:35:00,761318,210,W,HV,123,61.1,123,61.1,,,,,,,,,,,34.15195,-118.13555,LAKE 1,26.12
2025-01-07 15:35:00,761322,210,W,HV,104,47.4,104,47.4,,,,,,,,,,,34.152357,-118.123714,HILL,26.8
2025-01-07 15:35:00,761325,210,W,HV,108,54.7,108,54.7,,,,,,,,,,,34.148074,-118.08377,SIERRA MADRE V1,29.17
2025-01-07 15:35:00,761431,210,W,HV,123,61.1,123,61.1,,,,,,,,,,,34.148737,-118.071321,ROSEMEAD 1,29.879
2025-01-07 15:35:00,764135,210,W,HV,123,61.1,123,61.1,,,,,,,,,,,34.152092,-118.143249,MARENGO,25.68
2025-01-07 15:35:00,764137,210,W,ML,629,44.2,107,47.9,124,46.3,108,45.1,111,43.3,101,40.4,78,40.4,34.152092,-118.143249,MARENGO,25.68
2025-01-07 15:35:00,769807,210,W,ML,403,55.5,110,64.2,112,55.9,94,50.7,87,49.0,,,,,34.197068,-118.184827,FOOTHILL,20.98
2025-01-07 15:35:00,769867,210,W,ML,480,57.8,142,66.8,117,61.6,103,48.9,118,50.9,,,,,34.218652,-118.239558,LA CRESCENTA,17.38
2025-01-07 15:35:00,769911,210,W,ML,507,57.1,146,65.3,101,56.7,102,52.6,82,55.8,76,49.3,,,34.224897,-118.251344,PENNSYLVANIA,16.58
2025-01-07 15:35:00,769926,210,W,ML,581,54.5,113,59.9,112,56.8,97,52.7,91,50.8,86,51.3,82,53.5,34.214462,-118.232443,OCEAN VIEW,17.88
2025-01-07 15:35:00,769941,210,W,ML,506,57.2,149,69.5,124,62.6,101,40.8,132,50.9,,,,,34.207101,-118.204943,ANGELES CREST HWY SB,19.58
2025-01-07 15:35:00,769953,210,W,ML,425,55.9,137,65.7,126,62.4,85,40.2,77,45.0,,,,,34.206998,-118.201441,ANGELES CREST HWY NB,19.78
2025-01-07 15:35:00,769965,210,W,ML,359,55.1,172,62.0,10,71.1,112,48.1,65,46.5,,,,,34.232554,-118.271772,HONOLULU,15.28
2025-01-07 15:35:00,769983,210,W,ML,419,48.8,116,43.9,139,52.7,85,49.7,79,48.1,,,,,34.203186,-118.191671,GOULD,20.4
2025-01-07 15:35:00,770000,210,W,ML,399,54.0,109,58.0,108,55.2,94,51.7,88,49.9,,,,,34.19198,-118.181214,BERKSHIRE,21.39
2025-01-07 15:35:00,770129,210,W,ML,483,57.1,173,60.8,142,61.1,102,50.7,66,48.6,,,,,34.234984,-118.290562,LA TUNA CANYON NB,14.18
2025-01-07 15:35:00,770141,210,W,ML,301,57.8,98,61.2,102,60.7,29,65.3,72,46.0,,,,,34.234987,-118.294031,LA TUNA CANYON SB,13.98
2025-01-07 15:35:00,770386,210,W,ML,431,55.1,119,59.7,116,56.7,101,52.3,95,50.4,,,,,34.207155,-118.2137,EB/NB 2 TO EB 210 CN,19.08
2025-01-07 15:35:00,770401,210,W,ML,496,58.5,104,63.4,150,60.2,133,57.1,109,53.2,,,,,34.211095,-118.225948,EB/NB 2 TO WB 210 CN,18.32
2025-01-07 15:35:00,770568,210,W,ML,337,58.5,95,70.4,70,68.0,87,49.7,85,46.4,,,,,34.165953,-118.157943,HAMMOND ST.,23.79
2025-01-07 15:35:00,770579,210,W,ML,255,58.9,50,65.6,77,63.0,55,58.1,73,50.7,,,,,34.156597,-118.157944,WINONA WAY,24.442
2025-01-07 15:40:00,717615,210,W,ML,286,49.5,76,54.0,79,51.0,68,46.6,63,45.3,,,,,34.182539,-118.171545,ARROYO 1,22.3
2025-01-07 15:40:00,717622,210,W,ML,354,53.8,102,64.5,111,56.2,75,44.6,66,43.8,,,,,34.176273,-118.161942,LINCOLN 1,23.0
2025-01-07 15:40:00,717624,210,W,ML,375,56.9,83,62.4,85,59.3,74,55.1,69,52.9,64,52.9,,,34.164368,-118.158093,MOUNTAIN 1,23.9
2025-01-07 15:40:00,717627,210,W,ML,168,61.4,83,62.9,85,59.9,,,,,,,,,34.15225,-118.154678,WALNUT,24.9
2025-01-07 15:40:00,717630,210,W,ML,124,61.0,26,66.1,38,62.8,33,59.6,27,55.5,,,,,34.152218,-118.14821,FAIR OAKS 1,25.4
2025-01-07 15:40:00,717632,210,W,HV,124,61.0,124,61.0,,,,,,,,,,,34.152218,-118.14821,FAIR OAKS 1,25.4
2025-01-07 15:40:00,717634,210,W,ML,471,40.5,107,44.3,106,41.8,93,38.5,86,37.9,79,39.0,,,34.15195,-118.13555,LAKE 1,26.12
2025-01-07 15:40:00,717637,210,W,ML,541,36.5,136,40.1,120,37.9,90,33.4,89,33.1,106,35.6,,,34.152357,-118.123714,HILL,26.8
2025-01-07 15:40:00,717642,210,W,ML,557,49.6,127,57.5,120,56.0,92,49.9,90,43.7,128,39.5,,,34.1527,-118.102255,ALTADENA,28.03
2025-01-07 15:40:00,717643,210,W,HV,111,50.9,111,50.9,,,,,,,,,,,34.1527,-118.102255,ALTADENA,28.03
2025-01-07 15:40:00,717644,210,W,ML,555,51.8,136,59.8,127,54.0,111,44.5,100,47.8,81,49.7,,,34.152727,-118.098063,SAN GABRIEL,28.27
2025-01-07 15:40:00,717645,210,W,HV,111,56.4,111,56.4,,,,,,,,,,,34.152727,-118.098063,SAN GABRIEL,28.27
2025-01-07 15:40:00,717649,210,W,ML,533,56.5,142,65.5,125,58.6,99,45.3,90,55.6,77,52.1,,,34.148074,-118.08377,SIERRA MADRE V1,29.17
2025-01-07 15:40:00,717653,210,W,ML,422,54.4,113,55.1,108,54.1,85,53.6,71,54.6,45,54.8,,,34.148737,-118.071321,ROSEMEAD 1,29.879
2025-01-07 15:40:00,761318,210,W,HV,124,61.0,124,61.0,,,,,,,,,,,34.15195,-118.13555,LAKE 1,26.12
2025-01-07 15:40:00,761322,210,W,HV,114,45.3,114,45.3,,,,,,,,,,,34.152357,-118.123714,HILL,26.8
2025-01-07 15:40:00,761325,210,W,HV,115,54.8,115,54.8,,,,,,,,,,,34.148074,-118.08377,SIERRA MADRE V1,29.17
2025-01-07 15:40:00,761431,210,W,HV,124,61.0,124,61.0,,,,,,,,,,,34.148737,-118.071321,ROSEMEAD 1,29.879
2025-01-07 15:40:00,764135,210,W,HV,124,61.0,124,61.0,,,,,,,,,,,34.152092,-118.143249,MARENGO,25.68
2025-01-07 15:40:00,764137,210,W,ML,635,43.0,108,46.6,125,45.1,109,43.8,112,42.1,102,39.3,79,39.3,34.152092,-118.143249,MARENGO,25.68
2025-01-07 15:40:00,769807,210,W,ML,456,57.1,110,63.3,136,59.3,109,53.3,101,51.3,,,,,34.197068,-118.184827,FOOTHILL,20.98
2025-01-07 15:40:00,769867,210,W,ML,510,58.5,148,66.3,141,62.5,113,52.0,108,49.5,,,,,34.218652,-118.239558,LA CRESCENTA,17.38
2025-01-07 15:40:00,769911,210,W,ML,559,56.6,167,63.9,110,55.5,111,52.5,88,55.9,83,49.2,,,34.224897,-118.251344,PENNSYLVANIA,16.58
2025-01-07 15:40:00,769926,210,W,ML,608,53.5,118,58.8,118,55.7,103,51.6,96,49.8,89,50.4,84,52.8,34.214462,-118.232443,OCEAN VIEW,17.88
2025-01-07 15:40:00,769941,210,W,ML,369,57.9,98,69.0,100,60.9,76,44.8,95,53.6,,,,,34.207101,-118.204943,ANGELES CREST HWY SB,19.58
2025-01-07 15:40:00,769953,210,W,ML,342,58.8,106,64.9,100,63.3,73,49.7,63,51.8,,,,,34.206998,-118.201441,ANGELES CREST HWY NB,19.78
2025-01-07 15:40:00,769965,210,W,ML,375,54.9,175,61.8,11,70.8,113,47.6,76,47.5,,,,,34.232554,-118.271772,HONOLULU,15.28
2025-01-07 15:40:00,769983,210,W,ML,358,52.7,97,48.7,114,56.2,76,53.6,71,51.5,,,,,34.203186,-118.191671,GOULD,20.4
2025-01-07 15:40:00,770000,210,W,ML,467,56.4,130,60.6,126,57.7,109,54.0,102,51.9,,,,,34.19198,-118.181214,BERKSHIRE,21.39
2025-01-07 15:40:00,770129,210,W,ML,461,56.4,167,59.5,140,60.5,99,49.1,55,49.5,,,,,34.234984,-118.290562,LA TUNA CANYON NB,14.18
2025-01-07 15:40:00,770141,210,W,ML,292,57.6,95,60.7,99,60.3,28,65.2,70,46.8,,,,,34.234987,-118.294031,LA TUNA CANYON SB,13.98
2025-01-07 15:40:00,770386,210,W,ML,362,57.2,98,61.9,98,58.8,86,54.4,80,52.3,,,,,34.207155,-118.2137,EB/NB 2 TO EB 210 CN,19.08
2025-01-07 15:40:00,770401,210,W,ML,505,58.3,106,63.2,153,60.0,135,56.9,111,53.1,,,,,34.211095,-118.225948,EB/NB 2 TO WB 210 CN,18.32
2025-01-07 15:40:00,770568,210,W,ML,358,53.1,92,68.2,50,65.3,113,44.1,103,43.4,,,,,34.165953,-118.157943,HAMMOND ST.,23.79
2025-01-07 15:40:00,770579,210,W,ML,273,61.0,52,69.7,82,62.2,66,60.8,73,53.6,,,,,34.156597,-118.157944,WINONA WAY,24.442
2025-01-07 15:45:00,717615,210,W,ML,348,48.5,93,52.4,95,49.6,83,46.1,77,44.9,,,,,34.182539,-118.171545,ARROYO 1,22.3
2025-01-07 15:45:00,717622,210,W,ML,365,52.8,95,65.3,104,55.1,96,46.3,70,41.2,,,,,34.176273,-118.161942,LINCOLN 1,23.0
2025-01-07 15:45:00,717624,210,W,ML,358,57.6,78,63.2,81,60.1,71,55.8,66,53.6,62,53.5,,,34.164368,-118.158093,MOUNTAIN 1,23.9
2025-01-07 15:45:00,717627,210,W,ML,144,62.1,70,63.7,74,60.6,,,,,,,,,34.15225,-118.154678,WALNUT,24.9
2025-01-07 15:45:00,717630,210,W,ML,123,61.0,26,66.1,37,62.8,33,59.6,27,55.5,,,,,34.152218,-118.14821,FAIR OAKS 1,25.4
2025-01-07 15:45:00,717632,210,W,HV,123,61.0,123,61.0,,,,,,,,,,,34.152218,-118.14821,FAIR OAKS 1,25.4
2025-01-07 15:45:00,717634,210,W,ML,469,38.6,106,42.3,106,39.8,92,36.5,86,36.0,79,37.1,,,34.15195,-118.13555,LAKE 1,26.12
2025-01-07 15:45:00,717637,210,W,ML,551,33.7,141,36.6,119,36.0,98,32.3,89,31.4,104,30.6,,,34.152357,-118.123714,HILL,26.8
2025-01-07 15:45:00,717642,210,W,ML,612,52.1,145,60.1,132,58.7,99,51.2,96,44.1,140,43.6,,,34.1527,-118.102255,ALTADENA,28.03
2025-01-07 15:45:00,717643,210,W,HV,95,52.9,95,52.9,,,,,,,,,,,34.1527,-118.102255,ALTADENA,28.03
2025-01-07 15:45:00,717644,210,W,ML,616,52.7,155,61.8,157,54.9,112,46.7,95,45.7,97,48.5,,,34.152727,-118.098063,SAN GABRIEL,28.27
2025-01-07 15:45:00,717645,210,W,HV,99,57.3,99,57.3,,,,,,,,,,,34.152727,-118.098063,SAN GABRIEL,28.27
2025-01-07 15:45:00,717649,210,W,ML,561,56.1,142,64.9,144,59.4,93,43.1,96,55.1,86,51.5,,,34.148074,-118.08377,SIERRA MADRE V1,29.17
2025-01-07 15:45:00,717653,210,W,ML,443,53.9,118,54.5,113,53.5,89,53.0,75,54.2,48,54.5,,,34.148737,-118.071321,ROSEMEAD 1,29.879
2025-01-07 15:45:00,761318,210,W,HV,123,61.0,123,61.0,,,,,,,,,,,34.15195,-118.13555,LAKE 1,26.12
2025-01-07 15:45:00,761322,210,W,HV,107,45.7,107,45.7,,,,,,,,,,,34.152357,-118.123714,HILL,26.8
2025-01-07 15:45:00,761325,210,W,HV,107,55.4,107,55.4,,,,,,,,,,,34.148074,-118.08377,SIERRA MADRE V1,29.17
2025-01-07 15:45:00,761431,210,W,HV,123,61.0,123,61.0,,,,,,,,,,,34.148737,-118.071321,ROSEMEAD 1,29.879
2025-01-07 15:45:00,764135,210,W,HV,123,61.0,123,61.0,,,,,,,,,,,34.152092,-118.143249,MARENGO,25.68
2025-01-07 15:45:00,764137,210,W,ML,631,42.0,107,45.6,124,44.1,109,42.9,111,41.3,101,38.5,79,38.5,34.152092,-118.143249,MARENGO,25.68
2025-01-07 15:45:00,769807,210,W,ML,417,57.0,103,63.6,122,59.1,100,53.1,92,51.2,,,,,34.197068,-118.184827,FOOTHILL,20.98
2025-01-07 15:45:00,769867,210,W,ML,483,57.4,136,66.0,135,62.1,116,51.2,96,45.9,,,,,34.218652,-118.239558,LA CRESCENTA,17.38
2025-01-07 15:45:00,769911,210,W,ML,520,56.9,154,63.8,106,59.1,102,49.7,80,56.0,78,50.4,,,34.224897,-118.251344,PENNSYLVANIA,16.58
2025-01-07 15:45:00,769926,210,W,ML,581,51.8,113,56.3,112,53.3,98,50.1,91,48.5,86,49.5,81,51.8,34.214462,-118.232443,OCEAN VIEW,17.88
2025-01-07 15:45:00,769941,210,W,ML,409,57.9,111,68.8,112,60.7,81,42.7,105,55.0,,,,,34.207101,-118.204943,ANGELES CREST HWY SB,19.58
2025-01-07 15:45:00,769953,210,W,ML,340,57.7,103,64.2,98,63.4,77,45.9,62,52.3,,,,,34.206998,-118.201441,ANGELES CREST HWY NB,19.78
2025-01-07 15:45:00,769965,210,W,ML,413,57.1,185,62.4,24,68.5,121,49.0,83,53.8,,,,,34.232554,-118.271772,HONOLULU,15.28
2025-01-07 15:45:00,769983,210,W,ML,362,51.9,98,47.0,115,54.9,77,53.7,72,51.6,,,,,34.203186,-118.191671,GOULD,20.4
2025-01-07 15:45:00,770000,210,W,ML,428,56.3,118,60.5,116,57.6,100,53.9,94,51.8,,,,,34.19198,-118.181214,BERKSHIRE,21.39
2025-01-07 15:45:00,770129,210,W,ML,556,57.1,194,58.8,168,60.6,124,52.0,70,53.3,,,,,34.234984,-118.290562,LA TUNA CANYON NB,14.18
2025-01-07 15:45:00,770141,210,W,ML,368,58.1,123,60.8,123,60.4,35,65.2,87,48.4,,,,,34.234987,-118.294031,LA TUNA CANYON SB,13.98
2025-01-07 15:45:00,770386,210,W,ML,396,57.2,108,61.7,107,58.7,93,54.7,88,52.6,,,,,34.207155,-118.2137,EB/NB 2 TO EB 210 CN,19.08
2025-01-07 15:45:00,770401,210,W,ML,504,58.1,105,63.0,153,59.8,135,56.8,111,52.9,,,,,34.211095,-118.225948,EB/NB 2 TO WB 210 CN,18.32
2025-01-07 15:45:00,770568,210,W,ML,336,53.3,95,68.9,62,65.6,88,39.1,91,42.2,,,,,34.165953,-118.157943,HAMMOND ST.,23.79
2025-01-07 15:45:00,770579,210,W,ML,236,61.5,37,71.0,67,63.1,53,63.3,79,54.6,,,,,34.156597,-118.157944,WINONA WAY,24.442
2025-01-07 15:50:00,717615,210,W,ML,354,47.7,95,51.6,96,48.8,84,45.4,79,44.2,,,,,34.182539,-118.171545,ARROYO 1,22.3
2025-01-07 15:50:00,717622,210,W,ML,360,52.7,98,65.6,97,55.1,103,45.3,62,40.7,,,,,34.176273,-118.161942,LINCOLN 1,23.0
2025-01-07 15:50:00,717624,210,W,ML,295,59.1,63,64.8,68,61.7,59,57.4,54,55.0,51,54.8,,,34.164368,-118.158093,MOUNTAIN 1,23.9
2025-01-07 15:50:00,717627,210,W,ML,103,65.2,48,67.0,55,63.7,,,,,,,,,34.15225,-118.154678,WALNUT,24.9
2025-01-07 15:50:00,717630,210,W,ML,123,60.9,26,66.0,37,62.7,33,59.5,27,55.4,,,,,34.152218,-118.14821,FAIR OAKS 1,25.4
2025-01-07 15:50:00,717632,210,W,HV,123,60.9,123,60.9,,,,,,,,,,,34.152218,-118.14821,FAIR OAKS 1,25.4
2025-01-07 15:50:00,717634,210,W,ML,454,34.9,101,38.1,103,35.9,90,32.6,84,32.7,76,34.1,,,34.15195,-118.13555,LAKE 1,26.12
2025-01-07 15:50:00,717637,210,W,ML,529,28.8,131,33.3,117,31.3,102,29.1,92,25.3,87,21.9,,,34.152357,-118.123714,HILL,26.8
2025-01-07 15:50:00,717642,210,W,ML,578,53.5,132,62.5,122,59.4,93,52.9,93,44.7,138,46.0,,,34.1527,-118.102255,ALTADENA,28.03
2025-01-07 15:50:00,717643,210,W,HV,71,55.8,71,55.8,,,,,,,,,,,34.1527,-118.102255,ALTADENA,28.03
2025-01-07 15:50:00,717644,210,W,ML,545,54.3,138,63.9,125,57.3,94,50.9,94,44.5,94,49.3,,,34.152727,-118.098063,SAN GABRIEL,28.27
2025-01-07 15:50:00,717645,210,W,HV,70,59.9,70,59.9,,,,,,,,,,,34.152727,-118.098063,SAN GABRIEL,28.27
2025-01-07 15:50:00,717649,210,W,ML,487,55.7,135,65.1,122,59.7,81,46.3,89,56.1,60,38.3,,,34.148074,-118.08377,SIERRA MADRE V1,29.17
2025-01-07 15:50:00,717653,210,W,ML,342,49.8,92,48.3,88,48.1,69,50.4,58,52.4,35,52.7,,,34.148737,-118.071321,ROSEMEAD 1,29.879
2025-01-07 15:50:00,761318,210,W,HV,123,60.9,123,60.9,,,,,,,,,,,34.15195,-118.13555,LAKE 1,26.12
2025-01-07 15:50:00,761322,210,W,HV,75,47.3,75,47.3,,,,,,,,,,,34.152357,-118.123714,HILL,26.8
2025-01-07 15:50:00,761325,210,W,HV,80,57.2,80,57.2,,,,,,,,,,,34.148074,-118.08377,SIERRA MADRE V1,29.17
2025-01-07 15:50:00,761431,210,W,HV,123,60.9,123,60.9,,,,,,,,,,,34.148737,-118.071321,ROSEMEAD 1,29.879
2025-01-07 15:50:00,764135,210,W,HV,123,60.9,123,60.9,,,,,,,,,,,34.152092,-118.143249,MARENGO,25.68
2025-01-07 15:50:00,764137,210,W,ML,632,41.5,107,45.1,125,43.6,109,42.4,111,40.8,101,38.0,79,38.0,34.152092,-118.143249,MARENGO,25.68
2025-01-07 15:50:00,769807,210,W,ML,432,56.4,124,62.4,119,58.1,98,52.4,91,50.5,,,,,34.197068,-118.184827,FOOTHILL,20.98
2025-01-07 15:50:00,769867,210,W,ML,507,57.2,136,66.3,137,59.0,115,51.9,119,49.8,,,,,34.218652,-118.239558,LA CRESCENTA,17.38
2025-01-07 15:50:00,769911,210,W,ML,512,55.8,141,63.7,106,55.8,101,49.6,85,56.5,79,49.2,,,34.224897,-118.251344,PENNSYLVANIA,16.58
2025-01-07 15:50:00,769926,210,W,ML,657,53.7,129,59.0,127,56.0,110,51.8,103,50.0,97,50.6,91,52.9,34.214462,-118.232443,OCEAN VIEW,17.88
2025-01-07 15:50:00,769941,210,W,ML,455,54.6,141,66.3,105,55.9,103,41.0,106,50.8,,,,,34.207101,-118.204943,ANGELES CREST HWY SB,19.58
2025-01-07 15:50:00,769953,210,W,ML,403,54.6,138,61.9,98,59.6,94,40.6,73,52.3,,,,,34.206998,-118.201441,ANGELES CREST HWY NB,19.78
2025-01-07 15:50:00,769965,210,W,ML,374,49.9,169,55.6,16,65.0,109,41.0,80,46.9,,,,,34.232554,-118.271772,HONOLULU,15.28
2025-01-07 15:50:00,769983,210,W,ML,393,49.6,106,42.3,126,52.0,83,53.3,78,51.3,,,,,34.203186,-118.191671,GOULD,20.4
2025-01-07 15:50:00,770000,210,W,ML,419,55.5,115,59.7,114,56.8,98,53.2,92,51.2,,,,,34.19198,-118.181214,BERKSHIRE,21.39
2025-01-07 15:50:00,770129,210,W,ML,485,56.4,168,58.0,144,59.1,103,50.8,70,54.9,,,,,34.234984,-118.290562,LA TUNA CANYON NB,14.18
2025-01-07 15:50:00,770141,210,W,ML,304,57.0,99,59.3,103,59.3,29,65.0,73,47.3,,,,,34.234987,-118.294031,LA TUNA CANYON SB,13.98
2025-01-07 15:50:00,770386,210,W,ML,376,53.7,102,57.9,102,55.0,89,51.4,83,49.5,,,,,34.207155,-118.2137,EB/NB 2 TO EB 210 CN,19.08
2025-01-07 15:50:00,770401,210,W,ML,501,57.8,105,62.7,152,59.5,134,56.5,110,52.6,,,,,34.211095,-118.225948,EB/NB 2 TO WB 210 CN,18.32
2025-01-07 15:50:00,770568,210,W,ML,355,56.8,94,71.6,61,64.0,86,41.1,114,52.5,,,,,34.165953,-118.157943,HAMMOND ST.,23.79
2025-01-07 15:50:00,770579,210,W,ML,167,64.9,34,72.9,42,67.3,39,64.8,52,57.7,,,,,34.156597,-118.157944,WINONA WAY,24.442
2025-01-07 15:55:00,717615,210,W,ML,310,49.7,82,54.2,85,51.2,74,46.9,69,45.5,,,,,34.182539,-118.171545,ARROYO 1,22.3
2025-01-07 15:55:00,717622,210,W,ML,375,54.4,114,65.4,107,56.5,84,45.5,70,44.1,,,,,34.176273,-118.161942,LINCOLN 1,23.0
2025-01-07 15:55:00,717624,210,W,ML,323,59.7,69,65.4,73,62.3,64,58.1,60,55.6,57,55.3,,,34.164368,-118.158093,MOUNTAIN 1,23.9
2025-01-07 15:55:00,717627,210,W,ML,134,66.5,65,68.2,69,64.9,,,,,,,,,34.15225,-118.154678,WALNUT,24.9
2025-01-07 15:55:00,717630,210,W,ML,123,61.0,26,66.1,37,62.8,33,59.6,27,55.5,,,,,34.152218,-118.14821,FAIR OAKS 1,25.4
2025-01-07 15:55:00,717632,210,W,HV,122,61.0,122,61.0,,,,,,,,,,,34.152218,-118.14821,FAIR OAKS 1,25.4
2025-01-07 15:55:00,717634,210,W,ML,453,36.0,101,39.7,102,37.1,90,33.6,84,33.7,76,34.9,,,34.15195,-118.13555,LAKE 1,26.12
2025-01-07 15:55:00,717637,210,W,ML,539,32.0,142,37.8,123,36.2,94,32.8,83,24.4,97,23.9,,,34.152357,-118.123714,HILL,26.8
2025-01-07 15:55:00,717642,210,W,ML,537,55.0,127,65.5,116,61.3,89,52.7,88,44.6,117,47.0,,,34.1527,-118.102255,ALTADENA,28.03
2025-01-07 15:55:00,717643,210,W,HV,76,57.1,76,57.1,,,,,,,,,,,34.1527,-118.102255,ALTADENA,28.03
2025-01-07 15:55:00,717644,210,W,ML,544,55.8,137,65.8,126,57.1,97,52.8,95,49.2,89,49.1,,,34.152727,-118.098063,SAN GABRIEL,28.27
2025-01-07 15:55:00,717645,210,W,HV,78,60.8,78,60.8,,,,,,,,,,,34.152727,-118.098063,SAN GABRIEL,28.27
2025-01-07 15:55:00,717649,210,W,ML,515,56.1,144,66.4,117,58.3,87,46.1,87,56.3,80,44.9,,,34.148074,-118.08377,SIERRA MADRE V1,29.17
2025-01-07 15:55:00,717653,210,W,ML,412,49.7,110,48.1,105,47.9,83,50.3,70,52.3,44,52.6,,,34.148737,-118.071321,ROSEMEAD 1,29.879
2025-01-07 15:55:00,761318,210,W,HV,122,61.0,122,61.0,,,,,,,,,,,34.15195,-118.13555,LAKE 1,26.12
2025-01-07 15:55:00,761322,210,W,HV,92,47.7,92,47.7,,,,,,,,,,,34.152357,-118.123714,HILL,26.8
2025-01-07 15:55:00,761325,210,W,HV,78,57.0,78,57.0,,,,,,,,,,,34.148074,-118.08377,SIERRA MADRE V1,29.17
2025-01-07 15:55:00,761431,210,W,HV,122,61.0,122,61.0,,,,,,,,,,,34.148737,-118.071321,ROSEMEAD 1,29.879
2025-01-07 15:55:00,764135,210,W,HV,122,61.0,122,61.0,,,,,,,,,,,34.152092,-118.143249,MARENGO,25.68
2025-01-07 15:55:00,764137,210,W,ML,624,40.5,106,44.0,123,42.5,107,41.4,110,39.8,100,37.1,78,37.1,34.152092,-118.143249,MARENGO,25.68
2025-01-07 15:55:00,769807,210,W,ML,427,55.9,128,62.0,115,57.3,96,51.8,88,49.9,,,,,34.197068,-118.184827,FOOTHILL,20.98
2025-01-07 15:55:00,769867,210,W,ML,470,57.7,142,66.0,132,59.4,109,51.1,87,49.7,,,,,34.218652,-118.239558,LA CRESCENTA,17.38
2025-01-07 15:55:00,769911,210,W,ML,514,55.7,165,61.9,97,55.7,94,48.4,86,57.0,72,49.5,,,34.224897,-118.251344,PENNSYLVANIA,16.58
2025-01-07 15:55:00,769926,210,W,ML,547,53.6,106,58.9,106,55.9,92,51.7,86,49.9,81,50.6,76,52.9,34.214462,-118.232443,OCEAN VIEW,17.88
2025-01-07 15:55:00,769941,210,W,ML,373,55.5,92,66.5,116,58.8,83,45.2,82,49.0,,,,,34.207101,-118.204943,ANGELES CREST HWY SB,19.58
2025-01-07 15:55:00,769953,210,W,ML,292,54.2,88,62.4,103,60.4,66,39.2,35,43.4,,,,,34.206998,-118.201441,ANGELES CREST HWY NB,19.78
2025-01-07 15:55:00,769965,210,W,ML,345,53.3,164,59.1,14,67.7,95,45.0,72,48.4,,,,,34.232554,-118.271772,HONOLULU,15.28
2025-01-07 15:55:00,769983,210,W,ML,351,48.0,95,42.2,111,51.8,75,49.6,70,48.0,,,,,34.203186,-118.191671,GOULD,20.4
2025-01-07 15:55:00,770000,210,W,ML,409,55.0,112,59.1,111,56.2,96,52.7,90,50.7,,,,,34.19198,-118.181214,BERKSHIRE,21.39
2025-01-07 15:55:00,770129,210,W,ML,512,55.2,186,56.9,159,57.5,108,51.6,59,49.8,,,,,34.234984,-118.290562,LA TUNA CANYON NB,14.18
2025-01-07 15:55:00,770141,210,W,ML,320,55.8,105,57.7,108,58.2,31,64.8,76,46.2,,,,,34.234987,-118.294031,LA TUNA CANYON SB,13.98
2025-01-07 15:55:00,770386,210,W,ML,340,53.6,91,58.2,93,55.1,81,50.8,75,49.0,,,,,34.207155,-118.2137,EB/NB 2 TO EB 210 CN,19.08
2025-01-07 15:55:00,770401,210,W,ML,493,57.9,103,62.8,150,59.6,132,56.6,108,52.7,,,,,34.211095,-118.225948,EB/NB 2 TO WB 210 CN,18.32
2025-01-07 15:55:00,770568,210,W,ML,331,58.9,107,69.5,82,63.5,72,46.2,70,50.6,,,,,34.165953,-118.157943,HAMMOND ST.,23.79
2025-01-07 15:55:00,770579,210,W,ML,188,66.6,23,73.7,63,69.1,65,65.5,37,59.7,,,,,34.156597,-118.157944,WINONA WAY,24.442
2025-01-07 16:00:00,717615,210,W,ML,281,46.5,74,50.2,77,47.5,67,44.2,63,43.2,,,,,34.182539,-118.171545,ARROYO 1,22.3
2025-01-07 16:00:00,717622,210,W,ML,340,53.1,109,64.7,98,56.4,75,43.7,58,38.1,,,,,34.176273,-118.161942,LINCOLN 1,23.0
2025-01-07 16:00:00,717624,210,W,ML,331,61.2,71,67.3,75,64.1,66,59.6,61,57.0,58,56.4,,,34.164368,-118.158093,MOUNTAIN 1,23.9
2025-01-07 16:00:00,717627,210,W,ML,118,66.0,57,67.7,61,64.4,,,,,,,,,34.15225,-118.154678,WALNUT,24.9
2025-01-07 16:00:00,717630,210,W,ML,121,61.0,25,66.1,37,62.8,32,59.6,27,55.5,,,,,34.152218,-118.14821,FAIR OAKS 1,25.4
2025-01-07 16:00:00,717632,210,W,HV,121,61.0,121,61.0,,,,,,,,,,,34.152218,-118.14821,FAIR OAKS 1,25.4
2025-01-07 16:00:00,717634,210,W,ML,431,42.1,97,46.3,98,43.5,85,40.2,79,39.2,72,40.2,,,34.15195,-118.13555,LAKE 1,26.12
2025-01-07 16:00:00,717637,210,W,ML,499,41.7,130,50.1,113,46.7,82,39.9,76,31.9,98,33.7,,,34.152357,-118.123714,HILL,26.8
2025-01-07 16:00:00,717642,210,W,ML,523,57.1,121,66.3,98,62.3,82,56.2,77,47.5,145,51.4,,,34.1527,-118.102255,ALTADENA,28.03
2025-01-07 16:00:00,717643,210,W,HV,79,58.4,79,58.4,,,,,,,,,,,34.1527,-118.102255,ALTADENA,28.03
2025-01-07 16:00:00,717644,210,W,ML,511,57.9,133,67.0,113,59.3,90,54.8,88,49.3,87,54.3,,,34.152727,-118.098063,SAN GABRIEL,28.27
2025-01-07 16:00:00,717645,210,W,HV,78,59.4,78,59.4,,,,,,,,,,,34.152727,-118.098063,SAN GABRIEL,28.27
2025-01-07 16:00:00,717649,210,W,ML,454,58.4,116,68.3,107,60.4,83,49.0,82,57.4,66,51.1,,,34.148074,-118.08377,SIERRA MADRE V1,29.17
2025-01-07 16:00:00,717653,210,W,ML,351,53.6,94,54.1,91,53.2,71,52.7,59,53.9,36,54.3,,,34.148737,-118.071321,ROSEMEAD 1,29.879
2025-01-07 16:00:00,761318,210,W,HV,121,61.0,121,61.0,,,,,,,,,,,34.15195,-118.13555,LAKE 1,26.12
2025-01-07 16:00:00,761322,210,W,HV,70,53.9,70,53.9,,,,,,,,,,,34.152357,-118.123714,HILL,26.8
2025-01-07 16:00:00,761325,210,W,HV,80,57.8,80,57.8,,,,,,,,,,,34.148074,-118.08377,SIERRA MADRE V1,29.17
2025-01-07 16:00:00,761431,210,W,HV,121,61.0,121,61.0,,,,,,,,,,,34.148737,-118.071321,ROSEMEAD 1,29.879
2025-01-07 16:00:00,764135,210,W,HV,121,61.0,121,61.0,,,,,,,,,,,34.152092,-118.143249,MARENGO,25.68
2025-01-07 16:00:00,764137,210,W,ML,618,40.9,105,44.4,122,43.0,106,41.8,109,40.2,99,37.4,77,37.4,34.152092,-118.143249,MARENGO,25.68
2025-01-07 16:00:00,769807,210,W,ML,375,56.6,100,62.7,104,58.6,89,52.8,82,50.8,,,,,34.197068,-118.184827,FOOTHILL,20.98
2025-01-07 16:00:00,769867,210,W,ML,510,57.1,155,64.5,137,60.1,123,51.3,95,48.1,,,,,34.218652,-118.239558,LA CRESCENTA,17.38
2025-01-07 16:00:00,769911,210,W,ML,533,54.2,148,60.5,105,54.4,104,51.3,97,52.2,79,48.4,,,34.224897,-118.251344,PENNSYLVANIA,16.58
2025-01-07 16:00:00,769926,210,W,ML,610,52.5,119,57.7,118,54.6,103,50.5,95,48.8,90,49.6,85,52.1,34.214462,-118.232443,OCEAN VIEW,17.88
2025-01-07 16:00:00,769941,210,W,ML,369,55.9,100,65.7,114,61.0,72,46.2,83,45.4,,,,,34.207101,-118.204943,ANGELES CREST HWY SB,19.58
2025-01-07 16:00:00,769953,210,W,ML,362,54.2,116,61.1,131,59.0,55,38.9,60,44.5,,,,,34.206998,-118.201441,ANGELES CREST HWY NB,19.78
2025-01-07 16:00:00,769965,210,W,ML,349,52.8,171,59.1,16,68.5,106,45.3,56,43.0,,,,,34.232554,-118.271772,HONOLULU,15.28
2025-01-07 16:00:00,769983,210,W,ML,372,47.9,103,41.2,123,51.3,76,50.5,70,48.8,,,,,34.203186,-118.191671,GOULD,20.4
2025-01-07 16:00:00,770000,210,W,ML,376,55.9,102,60.1,102,57.2,89,53.5,83,51.5,,,,,34.19198,-118.181214,BERKSHIRE,21.39
2025-01-07 16:00:00,770129,210,W,ML,450,55.2,158,58.0,144,58.6,95,49.7,53,47.7,,,,,34.234984,-118.290562,LA TUNA CANYON NB,14.18
2025-01-07 16:00:00,770141,210,W,ML,279,56.2,90,58.8,95,58.9,27,65.0,67,45.2,,,,,34.234987,-118.294031,LA TUNA CANYON SB,13.98
2025-01-07 16:00:00,770386,210,W,ML,344,50.7,92,55.3,94,52.3,82,47.9,76,46.4,,,,,34.207155,-118.2137,EB/NB 2 TO EB 210 CN,19.08
2025-01-07 16:00:00,770401,210,W,ML,488,58.1,102,63.0,148,59.8,131,56.8,107,52.9,,,,,34.211095,-118.225948,EB/NB 2 TO WB 210 CN,18.32
2025-01-07 16:00:00,770568,210,W,ML,277,58.7,61,70.7,55,68.5,88,45.5,73,57.1,,,,,34.165953,-118.157943,HAMMOND ST.,23.79
2025-01-07 16:00:00,770579,210,W,ML,205,65.2,31,74.4,38,69.8,56,64.9,80,59.6,,,,,34.156597,-118.157944,WINONA WAY,24.442
2025-01-07 16:05:00,717615,210,W,ML,329,50.4,88,54.4,90,51.6,78,48.0,73,46.6,,,,,34.182539,-118.171545,ARROYO 1,22.3
2025-01-07 16:05:00,717622,210,W,ML,361,55.2,86,68.0,115,58.1,90,48.8,70,42.9,,,,,34.176273,-118.161942,LINCOLN 1,23.0
2025-01-07 16:05:00,717624,210,W,ML,352,60.8,77,66.7,80,63.5,70,59.2,65,56.6,60,56.3,,,34.164368,-118.158093,MOUNTAIN 1,23.9
2025-01-07 16:05:00,717627,210,W,ML,136,67.9,66,69.7,70,66.3,,,,,,,,,34.15225,-118.154678,WALNUT,24.9
2025-01-07 16:05:00,717630,210,W,ML,123,61.0,26,66.1,37,62.8,33,59.6,27,55.5,,,,,34.152218,-118.14821,FAIR OAKS 1,25.4
2025-01-07 16:05:00,717632,210,W,HV,122,61.0,122,61.0,,,,,,,,,,,34.152218,-118.14821,FAIR OAKS 1,25.4
2025-01-07 16:05:00,717634,210,W,ML,451,45.7,101,50.2,102,47.3,89,43.7,83,42.4,76,43.2,,,34.15195,-118.13555,LAKE 1,26.12
2025-01-07 16:05:00,717637,210,W,ML,515,46.6,131,57.2,114,52.7,97,46.2,78,32.5,95,36.5,,,34.152357,-118.123714,HILL,26.8
2025-01-07 16:05:00,717642,210,W,ML,530,56.2,127,67.4,108,62.9,85,54.5,84,46.4,126,46.9,,,34.1527,-118.102255,ALTADENA,28.03
2025-01-07 16:05:00,717643,210,W,HV,77,59.5,77,59.5,,,,,,,,,,,34.1527,-118.102255,ALTADENA,28.03
2025-01-07 16:05:00,717644,210,W,ML,517,57.2,134,67.2,114,60.5,104,55.8,89,46.4,76,48.9,,,34.152727,-118.098063,SAN GABRIEL,28.27
2025-01-07 16:05:00,717645,210,W,HV,78,59.0,78,59.0,,,,,,,,,,,34.152727,-118.098063,SAN GABRIEL,28.27
2025-01-07 16:05:00,717649,210,W,ML,469,59.5,131,68.6,113,62.9,79,51.7,83,57.2,63,47.3,,,34.148074,-118.08377,SIERRA MADRE V1,29.17
2025-01-07 16:05:00,717653,210,W,ML,334,53.6,90,53.2,86,52.5,68,54.0,56,54.9,34,54.6,,,34.148737,-118.071321,ROSEMEAD 1,29.879
2025-01-07 16:05:00,761318,210,W,HV,122,61.0,122,61.0,,,,,,,,,,,34.15195,-118.13555,LAKE 1,26.12
2025-01-07 16:05:00,761322,210,W,HV,84,55.0,84,55.0,,,,,,,,,,,34.152357,-118.123714,HILL,26.8
2025-01-07 16:05:00,761325,210,W,HV,81,57.6,81,57.6,,,,,,,,,,,34.148074,-118.08377,SIERRA MADRE V1,29.17
2025-01-07 16:05:00,761431,210,W,HV,122,61.0,122,61.0,,,,,,,,,,,34.148737,-118.071321,ROSEMEAD 1,29.879
2025-01-07 16:05:00,764135,210,W,HV,122,61.0,122,61.0,,,,,,,,,,,34.152092,-118.143249,MARENGO,25.68
2025-01-07 16:05:00,764137,210,W,ML,623,40.3,105,43.7,123,42.3,107,41.2,110,39.6,100,36.9,78,36.9,34.152092,-118.143249,MARENGO,25.68
2025-01-07 16:05:00,769807,210,W,ML,323,57.6,109,66.3,77,57.3,71,51.8,66,49.9,,,,,34.197068,-118.184827,FOOTHILL,20.98
2025-01-07 16:05:00,769867,210,W,ML,535,55.1,146,63.2,144,59.0,127,49.1,118,46.7,,,,,34.218652,-118.239558,LA CRESCENTA,17.38
2025-01-07 16:05:00,769911,210,W,ML,578,52.9,172,59.0,113,53.3,107,48.8,102,50.7,84,47.6,,,34.224897,-118.251344,PENNSYLVANIA,16.58
2025-01-07 16:05:00,769926,210,W,ML,657,51.6,128,56.5,127,53.5,112,49.4,104,47.9,96,48.8,90,51.5,34.214462,-118.232443,OCEAN VIEW,17.88
2025-01-07 16:05:00,769941,210,W,ML,400,54.8,114,65.6,97,62.5,81,42.8,108,45.5,,,,,34.207101,-118.204943,ANGELES CREST HWY SB,19.58
2025-01-07 16:05:00,769953,210,W,ML,368,55.3,114,60.9,105,61.0,67,39.1,82,53.6,,,,,34.206998,-118.201441,ANGELES CREST HWY NB,19.78
2025-01-07 16:05:00,769965,210,W,ML,395,52.4,183,58.8,17,68.3,112,45.0,83,45.0,,,,,34.232554,-118.271772,HONOLULU,15.28
2025-01-07 16:05:00,769983,210,W,ML,356,49.7,96,42.5,113,51.9,76,53.6,71,51.5,,,,,34.203186,-118.191671,GOULD,20.4
2025-01-07 16:05:00,770000,210,W,ML,300,54.9,79,59.1,82,56.2,72,52.7,67,50.7,,,,,34.19198,-118.181214,BERKSHIRE,21.39
2025-01-07 16:05:00,770129,210,W,ML,523,54.2,190,56.2,159,57.7,102,48.5,72,49.4,,,,,34.234984,-118.290562,LA TUNA CANYON NB,14.18
2025-01-07 16:05:00,770141,210,W,ML,301,55.9,98,57.9,102,58.3,29,64.8,72,46.3,,,,,34.234987,-118.294031,LA TUNA CANYON SB,13.98
2025-01-07 16:05:00,770386,210,W,ML,354,50.8,95,55.4,96,52.3,84,48.0,79,46.5,,,,,34.207155,-118.2137,EB/NB 2 TO EB 210 CN,19.08
2025-01-07 16:05:00,770401,210,W,ML,490,58.2,102,63.1,149,59.9,131,56.8,108,53.0,,,,,34.211095,-118.225948,EB/NB 2 TO WB 210 CN,18.32
2025-01-07 16:05:00,770568,210,W,ML,317,59.4,77,69.4,76,65.3,77,45.7,87,57.5,,,,,34.165953,-118.157943,HAMMOND ST.,23.79
2025-01-07 16:05:00,770579,210,W,ML,227,67.2,28,74.4,62,71.1,66,67.3,71,61.0,,,,,34.156597,-118.157944,WINONA WAY,24.442
2025-01-07 16:10:00,717615,210,W,ML,342,53.6,92,58.2,93,55.1,81,50.8,76,49.0,,,,,34.182539,-118.171545,ARROYO 1,22.3
2025-01-07 16:10:00,717622,210,W,ML,380,56.2,97,68.4,117,57.5,94,47.4,72,49.0,,,,,34.176273,-118.161942,LINCOLN 1,23.0
2025-01-07 16:10:00,717624,210,W,ML,326,61.5,71,67.5,74,64.3,65,59.9,60,57.3,56,56.9,,,34.164368,-118.158093,MOUNTAIN 1,23.9
2025-01-07 16:10:00,717627,210,W,ML,141,66.8,68,68.5,73,65.2,,,,,,,,,34.15225,-118.154678,WALNUT,24.9
2025-01-07 16:10:00,717630,210,W,ML,123,60.9,26,66.0,37,62.7,33,59.5,27,55.4,,,,,34.152218,-118.14821,FAIR OAKS 1,25.4
2025-01-07 16:10:00,717632,210,W,HV,122,60.9,122,60.9,,,,,,,,,,,34.152218,-118.14821,FAIR OAKS 1,25.4
2025-01-07 16:10:00,717634,210,W,ML,437,42.1,97,46.4,99,43.6,87,39.8,81,39.2,73,40.1,,,34.15195,-118.13555,LAKE 1,26.12
2025-01-07 16:10:00,717637,210,W,ML,510,44.6,138,56.8,109,54.4,100,43.3,80,30.2,83,26.7,,,34.152357,-118.123714,HILL,26.8
2025-01-07 16:10:00,717642,210,W,ML,519,57.1,136,67.7,103,64.3,82,54.7,81,46.5,117,47.3,,,34.1527,-118.102255,ALTADENA,28.03
2025-01-07 16:10:00,717643,210,W,HV,70,59.2,70,59.2,,,,,,,,,,,34.1527,-118.102255,ALTADENA,28.03
2025-01-07 16:10:00,717644,210,W,ML,522,56.4,131,67.5,106,61.0,93,55.9,107,46.2,85,46.8,,,34.152727,-118.098063,SAN GABRIEL,28.27
2025-01-07 16:10:00,717645,210,W,HV,83,57.6,83,57.6,,,,,,,,,,,34.152727,-118.098063,SAN GABRIEL,28.27
2025-01-07 16:10:00,717649,210,W,ML,487,59.0,130,68.4,113,62.0,78,48.8,85,56.6,81,51.8,,,34.148074,-118.08377,SIERRA MADRE V1,29.17
2025-01-07 16:10:00,717653,210,W,ML,418,54.2,112,54.8,107,53.8,84,53.3,71,54.4,44,54.6,,,34.148737,-118.071321,ROSEMEAD 1,29.879
2025-01-07 16:10:00,761318,210,W,HV,122,60.9,122,60.9,,,,,,,,,,,34.15195,-118.13555,LAKE 1,26.12
2025-01-07 16:10:00,761322,210,W,HV,68,56.3,68,56.3,,,,,,,,,,,34.152357,-118.123714,HILL,26.8
2025-01-07 16:10:00,761325,210,W,HV,79,58.1,79,58.1,,,,,,,,,,,34.148074,-118.08377,SIERRA MADRE V1,29.17
2025-01-07 16:10:00,761431,210,W,HV,122,60.9,122,60.9,,,,,,,,,,,34.148737,-118.071321,ROSEMEAD 1,29.879
2025-01-07 16:10:00,764135,210,W,HV,122,60.9,122,60.9,,,,,,,,,,,34.152092,-118.143249,MARENGO,25.68
2025-01-07 16:10:00,764137,210,W,ML,621,40.2,105,43.6,123,42.2,107,41.1,109,39.5,100,36.8,77,36.8,34.152092,-118.143249,MARENGO,25.68
2025-01-07 16:10:00,769807,210,W,ML,357,56.8,101,63.4,96,58.4,83,52.6,77,50.7,,,,,34.197068,-118.184827,FOOTHILL,20.98
2025-01-07 16:10:00,769867,210,W,ML,541,53.3,152,61.2,162,57.0,124,45.2,103,45.4,,,,,34.218652,-118.239558,LA CRESCENTA,17.38
2025-01-07 16:10:00,769911,210,W,ML,543,52.7,157,59.5,113,52.9,104,50.3,88,47.8,81,47.4,,,34.224897,-118.251344,PENNSYLVANIA,16.58
2025-01-07 16:10:00,769926,210,W,ML,615,50.7,120,55.5,119,52.5,103,48.4,96,47.0,91,48.1,86,50.9,34.214462,-118.232443,OCEAN VIEW,17.88
2025-01-07 16:10:00,769941,210,W,ML,438,55.3,119,66.8,117,63.6,90,43.1,112,44.2,,,,,34.207101,-118.204943,ANGELES CREST HWY SB,19.58
2025-01-07 16:10:00,769953,210,W,ML,351,54.7,105,61.3,104,60.3,79,43.0,63,48.9,,,,,34.206998,-118.201441,ANGELES CREST HWY NB,19.78
2025-01-07 16:10:00,769965,210,W,ML,385,53.6,174,59.2,15,69.7,120,48.3,76,45.9,,,,,34.232554,-118.271772,HONOLULU,15.28
2025-01-07 16:10:00,769983,210,W,ML,372,49.8,102,43.8,121,53.1,77,52.1,72,50.3,,,,,34.203186,-118.191671,GOULD,20.4
2025-01-07 16:10:00,770000,210,W,ML,353,55.7,95,59.9,96,57.1,84,53.4,78,51.4,,,,,34.19198,-118.181214,BERKSHIRE,21.39
2025-01-07 16:10:00,770129,210,W,ML,540,54.0,183,55.7,174,58.4,112,48.2,71,48.2,,,,,34.234984,-118.290562,LA TUNA CANYON NB,14.18
2025-01-07 16:10:00,770141,210,W,ML,332,56.2,109,58.6,112,58.8,32,64.9,79,45.7,,,,,34.234987,-118.294031,LA TUNA CANYON SB,13.98
2025-01-07 16:10:00,770386,210,W,ML,410,49.9,113,54.3,111,51.3,96,46.9,90,45.6,,,,,34.207155,-118.2137,EB/NB 2 TO EB 210 CN,19.08
2025-01-07 16:10:00,770401,210,W,ML,501,58.0,105,62.9,152,59.7,134,56.7,110,52.8,,,,,34.211095,-118.225948,EB/NB 2 TO WB 210 CN,18.32
2025-01-07 16:10:00,770568,210,W,ML,273,63.2,71,71.5,68,67.0,71,55.3,63,58.8,,,,,34.165953,-118.157943,HAMMOND ST.,23.79
2025-01-07 16:10:00,770579,210,W,ML,229,67.3,43,73.4,65,70.3,56,65.9,65,61.4,,,,,34.156597,-118.157944,WINONA WAY,24.442
2025-01-07 16:15:00,717615,210,W,ML,403,53.6,109,58.2,110,55.1,95,50.8,89,49.0,,,,,34.182539,-118.171545,ARROYO 1,22.3
2025-01-07 16:15:00,717622,210,W,ML,456,55.8,134,67.9,132,57.7,113,43.9,77,49.0,,,,,34.176273,-118.161942,LINCOLN 1,23.0
2025-01-07 16:15:00,717624,210,W,ML,328,61.9,71,67.9,75,64.6,65,60.2,60,57.5,57,57.1,,,34.164368,-118.158093,MOUNTAIN 1,23.9
2025-01-07 16:15:00,717627,210,W,ML,139,66.7,68,68.4,71,65.1,,,,,,,,,34.15225,-118.154678,WALNUT,24.9
2025-01-07 16:15:00,717630,210,W,ML,123,60.7,26,65.8,37,62.5,33,59.3,27,55.2,,,,,34.152218,-118.14821,FAIR OAKS 1,25.4
2025-01-07 16:15:00,717632,210,W,HV,122,60.7,122,60.7,,,,,,,,,,,34.152218,-118.14821,FAIR OAKS 1,25.4
2025-01-07 16:15:00,717634,210,W,ML,410,40.2,92,44.3,93,41.5,81,38.2,75,37.3,69,38.6,,,34.15195,-118.13555,LAKE 1,26.12
2025-01-07 16:15:00,717637,210,W,ML,477,39.8,131,49.6,107,45.4,78,39.7,70,26.4,91,29.3,,,34.152357,-118.123714,HILL,26.8
2025-01-07 16:15:00,717642,210,W,ML,476,55.2,116,66.8,94,62.0,75,51.9,75,43.1,116,48.2,,,34.1527,-118.102255,ALTADENA,28.03
2025-01-07 16:15:00,717643,210,W,HV,76,58.0,76,58.0,,,,,,,,,,,34.1527,-118.102255,ALTADENA,28.03
2025-01-07 16:15:00,717644,210,W,ML,470,54.5,127,66.6,104,57.2,86,51.3,75,42.6,78,46.2,,,34.152727,-118.098063,SAN GABRIEL,28.27
2025-01-07 16:15:00,717645,210,W,HV,74,57.8,74,57.8,,,,,,,,,,,34.152727,-118.098063,SAN GABRIEL,28.27
2025-01-07 16:15:00,717649,210,W,ML,449,58.4,124,68.2,108,60.9,77,48.9,77,55.4,63,49.9,,,34.148074,-118.08377,SIERRA MADRE V1,29.17
2025-01-07 16:15:00,717653,210,W,ML,329,52.7,89,53.0,85,52.0,67,52.1,55,53.6,33,53.7,,,34.148737,-118.071321,ROSEMEAD 1,29.879
2025-01-07 16:15:00,761318,210,W,HV,122,60.7,122,60.7,,,,,,,,,,,34.15195,-118.13555,LAKE 1,26.12
2025-01-07 16:15:00,761322,210,W,HV,76,53.2,76,53.2,,,,,,,,,,,34.152357,-118.123714,HILL,26.8
2025-01-07 16:15:00,761325,210,W,HV,78,56.8,78,56.8,,,,,,,,,,,34.148074,-118.08377,SIERRA MADRE V1,29.17
2025-01-07 16:15:00,761431,210,W,HV,122,60.7,122,60.7,,,,,,,,,,,34.148737,-118.071321,ROSEMEAD 1,29.879
2025-01-07 16:15:00,764135,210,W,HV,122,60.7,122,60.7,,,,,,,,,,,34.152092,-118.143249,MARENGO,25.68
2025-01-07 16:15:00,764137,210,W,ML,624,39.4,106,42.8,123,41.4,107,40.3,110,38.7,100,36.1,78,36.1,34.152092,-118.143249,MARENGO,25.68
2025-01-07 16:15:00,769807,210,W,ML,442,57.6,138,63.4,117,59.2,97,53.2,90,51.2,,,,,34.197068,-118.184827,FOOTHILL,20.98
2025-01-07 16:15:00,769867,210,W,ML,524,43.5,139,46.6,137,46.1,133,39.9,115,40.6,,,,,34.218652,-118.239558,LA CRESCENTA,17.38
2025-01-07 16:15:00,769911,210,W,ML,581,49.9,158,55.9,120,49.6,117,47.8,97,47.0,89,45.6,,,34.224897,-118.251344,PENNSYLVANIA,16.58
2025-01-07 16:15:00,769926,210,W,ML,657,46.7,129,50.2,127,47.9,110,44.7,102,43.7,97,45.2,92,47.4,34.214462,-118.232443,OCEAN VIEW,17.88
2025-01-07 16:15:00,769941,210,W,ML,438,59.5,150,67.7,128,62.7,93,50.3,67,47.8,,,,,34.207101,-118.204943,ANGELES CREST HWY SB,19.58
2025-01-07 16:15:00,769953,210,W,ML,381,55.4,133,61.4,106,58.7,89,47.1,53,47.9,,,,,34.206998,-118.201441,ANGELES CREST HWY NB,19.78
2025-01-07 16:15:00,769965,210,W,ML,373,50.7,152,56.6,18,68.7,125,46.5,78,41.9,,,,,34.232554,-118.271772,HONOLULU,15.28
2025-01-07 16:15:00,769983,210,W,ML,398,50.3,108,44.7,128,54.0,84,52.0,78,50.1,,,,,34.203186,-118.191671,GOULD,20.4
2025-01-07 16:15:00,770000,210,W,ML,413,56.3,113,60.6,112,57.7,97,53.9,91,51.9,,,,,34.19198,-118.181214,BERKSHIRE,21.39
2025-01-07 16:15:00,770129,210,W,ML,484,54.4,164,57.4,143,58.2,108,48.7,69,48.3,,,,,34.234984,-118.290562,LA TUNA CANYON NB,14.18
2025-01-07 16:15:00,770141,210,W,ML,320,56.1,105,58.4,108,58.6,31,64.9,76,45.8,,,,,34.234987,-118.294031,LA TUNA CANYON SB,13.98
2025-01-07 16:15:00,770386,210,W,ML,339,52.6,91,57.2,93,54.2,80,49.8,75,48.2,,,,,34.207155,-118.2137,EB/NB 2 TO EB 210 CN,19.08
2025-01-07 16:15:00,770401,210,W,ML,503,57.6,105,62.4,153,59.3,135,56.3,110,52.4,,,,,34.211095,-118.225948,EB/NB 2 TO WB 210 CN,18.32
2025-01-07 16:15:00,770568,210,W,ML,262,64.8,58,74.8,64,68.5,75,61.4,65,56.1,,,,,34.165953,-118.157943,HAMMOND ST.,23.79
2025-01-07 16:15:00,770579,210,W,ML,249,66.5,50,72.9,54,69.1,68,66.2,77,60.9,,,,,34.156597,-118.157944,WINONA WAY,24.442
2025-01-07 16:20:00,717615,210,W,ML,285,54.3,76,58.9,79,55.9,68,51.5,62,49.6,,,,,34.182539,-118.171545,ARROYO 1,22.3
2025-01-07 16:20:00,717622,210,W,ML,356,57.5,124,68.1,97,58.3,69,44.7,66,49.9,,,,,34.176273,-118.161942,LINCOLN 1,23.0
2025-01-07 16:20:00,717624,210,W,ML,317,61.6,68,67.7,72,64.4,63,60.0,58,57.4,56,57.0,,,34.164368,-118.158093,MOUNTAIN 1,23.9
2025-01-07 16:20:00,717627,210,W,ML,125,66.4,60,68.2,65,64.8,,,,,,,,,34.15225,-118.154678,WALNUT,24.9
2025-01-07 16:20:00,717630,210,W,ML,123,60.7,26,65.8,37,62.5,33,59.3,27,55.2,,,,,34.152218,-118.14821,FAIR OAKS 1,25.4
2025-01-07 16:20:00,717632,210,W,HV,123,60.7,123,60.7,,,,,,,,,,,34.152218,-118.14821,FAIR OAKS 1,25.4
2025-01-07 16:20:00,717634,210,W,ML,404,35.0,90,38.7,92,36.1,80,32.6,74,32.7,68,34.1,,,34.15195,-118.13555,LAKE 1,26.12
2025-01-07 16:20:00,717637,210,W,ML,508,38.4,146,51.5,127,46.7,94,33.9,79,20.8,62,19.4,,,34.152357,-118.123714,HILL,26.8
2025-01-07 16:20:00,717642,210,W,ML,532,57.2,133,68.5,117,62.8,88,54.5,84,45.1,110,48.9,,,34.1527,-118.102255,ALTADENA,28.03
2025-01-07 16:20:00,717643,210,W,HV,70,57.7,70,57.7,,,,,,,,,,,34.1527,-118.102255,ALTADENA,28.03
2025-01-07 16:20:00,717644,210,W,ML,549,56.9,142,67.6,130,60.6,104,54.0,90,46.0,83,48.3,,,34.152727,-118.098063,SAN GABRIEL,28.27
2025-01-07 16:20:00,717645,210,W,HV,78,57.2,78,57.2,,,,,,,,,,,34.152727,-118.098063,SAN GABRIEL,28.27
2025-01-07 16:20:00,717649,210,W,ML,488,60.3,141,69.3,114,63.0,77,49.7,86,56.6,70,54.1,,,34.148074,-118.08377,SIERRA MADRE V1,29.17
2025-01-07 16:20:00,717653,210,W,ML,362,56.1,98,57.1,93,56.0,73,55.5,61,55.9,37,55.7,,,34.148737,-118.071321,ROSEMEAD 1,29.879
2025-01-07 16:20:00,761318,210,W,HV,123,60.7,123,60.7,,,,,,,,,,,34.15195,-118.13555,LAKE 1,26.12
2025-01-07 16:20:00,761322,210,W,HV,85,52.9,85,52.9,,,,,,,,,,,34.152357,-118.123714,HILL,26.8
2025-01-07 16:20:00,761325,210,W,HV,73,58.9,73,58.9,,,,,,,,,,,34.148074,-118.08377,SIERRA MADRE V1,29.17
2025-01-07 16:20:00,761431,210,W,HV,123,60.7,123,60.7,,,,,,,,,,,34.148737,-118.071321,ROSEMEAD 1,29.879
2025-01-07 16:20:00,764135,210,W,HV,123,60.7,123,60.7,,,,,,,,,,,34.152092,-118.143249,MARENGO,25.68
2025-01-07 16:20:00,764137,210,W,ML,626,38.8,106,42.1,124,40.7,108,39.6,110,38.1,100,35.5,78,35.5,34.152092,-118.143249,MARENGO,25.68
2025-01-07 16:20:00,769807,210,W,ML,490,55.7,151,62.0,133,56.7,107,51.3,99,49.5,,,,,34.197068,-118.184827,FOOTHILL,20.98
2025-01-07 16:20:00,769867,210,W,ML,522,39.6,141,41.2,145,40.9,117,36.1,119,39.4,,,,,34.218652,-118.239558,LA CRESCENTA,17.38
2025-01-07 16:20:00,769911,210,W,ML,558,49.1,162,53.0,113,49.8,105,45.3,95,49.4,83,45.3,,,34.224897,-118.251344,PENNSYLVANIA,16.58
2025-01-07 16:20:00,769926,210,W,ML,663,43.4,129,46.1,128,44.0,113,41.6,105,40.7,97,42.3,91,44.9,34.214462,-118.232443,OCEAN VIEW,17.88
2025-01-07 16:20:00,769941,210,W,ML,440,58.9,132,67.6,112,61.8,99,45.9,97,56.8,,,,,34.207101,-118.204943,ANGELES CREST HWY SB,19.58
2025-01-07 16:20:00,769953,210,W,ML,366,56.3,119,61.1,109,59.1,70,42.3,68,57.9,,,,,34.206998,-118.201441,ANGELES CREST HWY NB,19.78
2025-01-07 16:20:00,769965,210,W,ML,390,51.3,157,55.8,12,69.9,124,46.8,97,47.3,,,,,34.232554,-118.271772,HONOLULU,15.28
2025-01-07 16:20:00,769983,210,W,ML,374,49.7,100,42.8,118,52.5,81,52.9,75,50.9,,,,,34.203186,-118.191671,GOULD,20.4
2025-01-07 16:20:00,770000,210,W,ML,458,54.6,127,58.6,124,55.8,107,52.3,100,50.4,,,,,34.19198,-118.181214,BERKSHIRE,21.39
2025-01-07 16:20:00,770129,210,W,ML,532,54.2,174,56.4,155,56.9,123,49.7,80,50.8,,,,,34.234984,-118.290562,LA TUNA CANYON NB,14.18
2025-01-07 16:20:00,770141,210,W,ML,366,55.3,122,57.1,122,57.7,35,64.7,87,45.8,,,,,34.234987,-118.294031,LA TUNA CANYON SB,13.98
2025-01-07 16:20:00,770386,210,W,ML,393,58.0,106,62.6,107,59.6,93,55.5,87,53.3,,,,,34.207155,-118.2137,EB/NB 2 TO EB 210 CN,19.08
2025-01-07 16:20:00,770401,210,W,ML,502,57.2,105,62.0,152,58.9,135,55.9,110,52.1,,,,,34.211095,-118.225948,EB/NB 2 TO WB 210 CN,18.32
2025-01-07 16:20:00,770568,210,W,ML,252,62.0,57,75.1,46,67.8,82,57.1,67,52.7,,,,,34.165953,-118.157943,HAMMOND ST.,23.79
2025-01-07 16:20:00,770579,210,W,ML,206,66.6,34,74.1,55,68.8,45,67.2,72,61.0,,,,,34.156597,-118.157944,WINONA WAY,24.442
2025-01-07 16:25:00,717615,210,W,ML,306,49.5,81,54.1,84,51.1,73,46.7,68,45.4,,,,,34.182539,-118.171545,ARROYO 1,22.3
2025-01-07 16:25:00,717622,210,W,ML,369,56.0,111,67.1,121,58.3,83,45.7,54,43.9,,,,,34.176273,-118.161942,LINCOLN 1,23.0
2025-01-07 16:25:00,717624,210,W,ML,344,61.9,74,68.1,77,64.8,68,60.3,64,57.6,61,57.2,,,34.164368,-118.158093,MOUNTAIN 1,23.9
2025-01-07 16:25:00,717627,210,W,ML,156,66.5,76,68.2,80,64.8,,,,,,,,,34.15225,-118.154678,WALNUT,24.9
2025-01-07 16:25:00,717630,210,W,ML,123,60.7,26,65.8,37,62.5,33,59.3,27,55.2,,,,,34.152218,-118.14821,FAIR OAKS 1,25.4
2025-01-07 16:25:00,717632,210,W,HV,123,60.7,123,60.7,,,,,,,,,,,34.152218,-118.14821,FAIR OAKS 1,25.4
2025-01-07 16:25:00,717634,210,W,ML,439,35.0,98,38.6,99,36.0,87,32.9,81,32.5,74,34.2,,,34.15195,-118.13555,LAKE 1,26.12
2025-01-07 16:25:00,717637,210,W,ML,504,37.4,131,53.0,110,47.2,94,34.2,79,19.1,90,21.9,,,34.152357,-118.123714,HILL,26.8
2025-01-07 16:25:00,717642,210,W,ML,538,55.0,129,66.2,110,60.4,89,53.0,86,44.7,124,47.2,,,34.1527,-118.102255,ALTADENA,28.03
2025-01-07 16:25:00,717643,210,W,HV,75,56.6,75,56.6,,,,,,,,,,,34.1527,-118.102255,ALTADENA,28.03
2025-01-07 16:25:00,717644,210,W,ML,530,54.7,133,65.8,124,57.6,92,49.9,88,44.3,93,49.3,,,34.152727,-118.098063,SAN GABRIEL,28.27
2025-01-07 16:25:00,717645,210,W,HV,80,56.1,80,56.1,,,,,,,,,,,34.152727,-118.098063,SAN GABRIEL,28.27
2025-01-07 16:25:00,717649,210,W,ML,528,57.1,138,66.5,130,60.0,89,45.0,86,55.9,85,51.2,,,34.148074,-118.08377,SIERRA MADRE V1,29.17
2025-01-07 16:25:00,717653,210,W,ML,438,53.7,117,54.2,111,53.3,88,52.8,75,54.0,47,54.3,,,34.148737,-118.071321,ROSEMEAD 1,29.879
2025-01-07 16:25:00,761318,210,W,HV,123,60.7,123,60.7,,,,,,,,,,,34.15195,-118.13555,LAKE 1,26.12
2025-01-07 16:25:00,761322,210,W,HV,58,53.1,58,53.1,,,,,,,,,,,34.152357,-118.123714,HILL,26.8
2025-01-07 16:25:00,761325,210,W,HV,82,57.0,82,57.0,,,,,,,,,,,34.148074,-118.08377,SIERRA MADRE V1,29.17
2025-01-07 16:25:00,761431,210,W,HV,123,60.7,123,60.7,,,,,,,,,,,34.148737,-118.071321,ROSEMEAD 1,29.879
2025-01-07 16:25:00,764135,210,W,HV,123,60.7,123,60.7,,,,,,,,,,,34.152092,-118.143249,MARENGO,25.68
2025-01-07 16:25:00,764137,210,W,ML,621,38.8,105,42.1,123,40.7,107,39.6,109,38.1,100,35.5,77,35.5,34.152092,-118.143249,MARENGO,25.68
2025-01-07 16:25:00,769807,210,W,ML,432,57.1,133,62.4,115,59.0,96,53.1,88,51.1,,,,,34.197068,-118.184827,FOOTHILL,20.98
2025-01-07 16:25:00,769867,210,W,ML,518,35.2,145,37.2,137,36.3,109,30.3,127,35.8,,,,,34.218652,-118.239558,LA CRESCENTA,17.38
2025-01-07 16:25:00,769911,210,W,ML,543,44.1,138,43.0,114,46.3,105,40.3,103,48.4,83,42.3,,,34.224897,-118.251344,PENNSYLVANIA,16.58
2025-01-07 16:25:00,769926,210,W,ML,662,40.4,131,42.5,127,40.6,110,38.6,103,37.9,97,39.7,94,42.7,34.214462,-118.232443,OCEAN VIEW,17.88
2025-01-07 16:25:00,769941,210,W,ML,439,57.4,137,65.6,126,60.7,83,44.6,93,52.5,,,,,34.207101,-118.204943,ANGELES CREST HWY SB,19.58
2025-01-07 16:25:00,769953,210,W,ML,373,57.3,139,60.3,117,58.7,61,41.4,56,64.0,,,,,34.206998,-118.201441,ANGELES CREST HWY NB,19.78
2025-01-07 16:25:00,769965,210,W,ML,395,48.4,160,53.7,9,70.3,130,42.5,96,45.6,,,,,34.232554,-118.271772,HONOLULU,15.28
2025-01-07 16:25:00,769983,210,W,ML,365,49.6,99,42.1,117,52.1,77,53.6,72,51.5,,,,,34.203186,-118.191671,GOULD,20.4
2025-01-07 16:25:00,770000,210,W,ML,409,56.2,112,60.4,111,57.5,96,53.8,90,51.8,,,,,34.19198,-118.181214,BERKSHIRE,21.39
2025-01-07 16:25:00,770129,210,W,ML,511,53.1,172,55.3,165,57.0,106,46.9,68,47.9,,,,,34.234984,-118.290562,LA TUNA CANYON NB,14.18
2025-01-07 16:25:00,770141,210,W,ML,314,55.3,103,57.2,106,57.8,30,64.8,75,45.4,,,,,34.234987,-118.294031,LA TUNA CANYON SB,13.98
2025-01-07 16:25:00,770386,210,W,ML,380,56.3,102,61.0,103,57.9,91,53.6,84,51.5,,,,,34.207155,-118.2137,EB/NB 2 TO EB 210 CN,19.08
2025-01-07 16:25:00,770401,210,W,ML,497,57.1,104,61.9,151,58.8,133,55.8,109,52.0,,,,,34.211095,-118.225948,EB/NB 2 TO WB 210 CN,18.32
2025-01-07 16:25:00,770568,210,W,ML,277,62.8,60,72.7,69,69.4,72,57.1,76,54.4,,,,,34.165953,-118.157943,HAMMOND ST.,23.79
2025-01-07 16:25:00,770579,210,W,ML,298,66.4,57,72.9,74,68.8,64,66.5,103,60.9,,,,,34.156597,-118.157944,WINONA WAY,24.442
2025-01-07 16:30:00,717615,210,W,ML,336,45.3,90,49.7,92,46.8,80,42.4,74,41.5,,,,,34.182539,-118.171545,ARROYO 1,22.3
2025-01-07 16:30:00,717622,210,W,ML,348,52.9,112,67.6,97,54.6,92,40.7,47,38.5,,,,,34.176273,-118.161942,LINCOLN 1,23.0
2025-01-07 16:30:00,717624,210,W,ML,379,62.4,83,68.5,86,65.2,75,60.7,70,58.0,65,57.5,,,34.164368,-118.158093,MOUNTAIN 1,23.9
2025-01-07 16:30:00,717627,210,W,ML,152,66.8,74,68.5,78,65.1,,,,,,,,,34.15225,-118.154678,WALNUT,24.9
2025-01-07 16:30:00,717630,210,W,ML,123,60.7,26,65.8,37,62.5,33,59.3,27,55.2,,,,,34.152218,-118.14821,FAIR OAKS 1,25.4
2025-01-07 16:30:00,717632,210,W,HV,122,60.7,122,60.7,,,,,,,,,,,34.152218,-118.14821,FAIR OAKS 1,25.4
2025-01-07 16:30:00,717634,210,W,ML,414,34.3,92,37.9,94,35.3,83,31.9,76,32.1,69,33.5,,,34.15195,-118.13555,LAKE 1,26.12
2025-01-07 16:30:00,717637,210,W,ML,513,34.6,138,48.3,124,42.3,92,30.2,83,22.5,76,15.6,,,34.152357,-118.123714,HILL,26.8
2025-01-07 16:30:00,717642,210,W,ML,549,54.5,133,65.0,106,58.3,89,53.0,83,44.6,138,48.2,,,34.1527,-118.102255,ALTADENA,28.03
2025-01-07 16:30:00,717643,210,W,HV,56,57.3,56,57.3,,,,,,,,,,,34.1527,-118.102255,ALTADENA,28.03
2025-01-07 16:30:00,717644,210,W,ML,563,55.1,149,65.0,125,57.7,96,50.3,97,47.0,96,49.2,,,34.152727,-118.098063,SAN GABRIEL,28.27
2025-01-07 16:30:00,717645,210,W,HV,56,57.5,56,57.5,,,,,,,,,,,34.152727,-118.098063,SAN GABRIEL,28.27
2025-01-07 16:30:00,717649,210,W,ML,497,57.5,141,66.8,106,58.0,83,46.5,85,55.6,82,54.1,,,34.148074,-118.08377,SIERRA MADRE V1,29.17
2025-01-07 16:30:00,717653,210,W,ML,423,56.1,113,57.1,108,56.0,85,55.5,72,55.9,45,55.7,,,34.148737,-118.071321,ROSEMEAD 1,29.879
2025-01-07 16:30:00,761318,210,W,HV,122,60.7,122,60.7,,,,,,,,,,,34.15195,-118.13555,LAKE 1,26.12
2025-01-07 16:30:00,761322,210,W,HV,67,50.7,67,50.7,,,,,,,,,,,34.152357,-118.123714,HILL,26.8
2025-01-07 16:30:00,761325,210,W,HV,59,57.7,59,57.7,,,,,,,,,,,34.148074,-118.08377,SIERRA MADRE V1,29.17
2025-01-07 16:30:00,761431,210,W,HV,122,60.7,122,60.7,,,,,,,,,,,34.148737,-118.071321,ROSEMEAD 1,29.879
2025-01-07 16:30:00,764135,210,W,HV,122,60.7,122,60.7,,,,,,,,,,,34.152092,-118.143249,MARENGO,25.68
2025-01-07 16:30:00,764137,210,W,ML,618,38.0,105,41.2,122,39.9,106,38.8,109,37.3,99,34.8,77,34.8,34.152092,-118.143249,MARENGO,25.68
2025-01-07 16:30:00,769807,210,W,ML,389,57.5,138,63.1,93,58.7,82,52.8,76,50.9,,,,,34.197068,-118.184827,FOOTHILL,20.98
2025-01-07 16:30:00,769867,210,W,ML,483,31.3,124,31.3,132,31.0,92,26.0,135,35.3,,,,,34.218652,-118.239558,LA CRESCENTA,17.38
2025-01-07 16:30:00,769911,210,W,ML,549,44.4,143,44.4,115,46.3,102,38.6,104,49.9,85,42.0,,,34.224897,-118.251344,PENNSYLVANIA,16.58
2025-01-07 16:30:00,769926,210,W,ML,641,36.9,126,38.3,123,36.6,107,35.0,100,34.6,94,36.8,91,40.2,34.214462,-118.232443,OCEAN VIEW,17.88
2025-01-07 16:30:00,769941,210,W,ML,372,56.1,136,65.6,93,60.8,83,43.0,60,45.6,,,,,34.207101,-118.204943,ANGELES CREST HWY SB,19.58
2025-01-07 16:30:00,769953,210,W,ML,387,52.9,134,59.9,115,56.8,86,38.3,52,50.5,,,,,34.206998,-118.201441,ANGELES CREST HWY NB,19.78
2025-01-07 16:30:00,769965,210,W,ML,401,49.3,166,51.6,14,70.6,121,42.4,100,50.7,,,,,34.232554,-118.271772,HONOLULU,15.28
2025-01-07 16:30:00,769983,210,W,ML,394,47.8,111,39.6,132,50.5,78,52.3,73,50.4,,,,,34.203186,-118.191671,GOULD,20.4
2025-01-07 16:30:00,770000,210,W,ML,346,55.9,93,60.2,94,57.3,82,53.6,77,51.6,,,,,34.19198,-118.181214,BERKSHIRE,21.39
2025-01-07 16:30:00,770129,210,W,ML,535,53.3,180,54.8,151,55.8,116,47.4,88,53.5,,,,,34.234984,-118.290562,LA TUNA CANYON NB,14.18
2025-01-07 16:30:00,770141,210,W,ML,367,54.5,121,56.0,122,56.9,36,64.6,88,45.0,,,,,34.234987,-118.294031,LA TUNA CANYON SB,13.98
2025-01-07 16:30:00,770386,210,W,ML,306,50.9,81,55.4,84,52.4,73,48.1,68,46.6,,,,,34.207155,-118.2137,EB/NB 2 TO EB 210 CN,19.08
2025-01-07 16:30:00,770401,210,W,ML,496,57.1,104,61.9,150,58.8,133,55.8,109,52.0,,,,,34.211095,-118.225948,EB/NB 2 TO WB 210 CN,18.32
2025-01-07 16:30:00,770568,210,W,ML,339,63.2,86,72.5,68,70.9,101,54.4,84,58.2,,,,,34.165953,-118.157943,HAMMOND ST.,23.79
2025-01-07 16:30:00,770579,210,W,ML,265,67.0,51,72.4,72,69.2,59,67.6,83,61.5,,,,,34.156597,-118.157944,WINONA WAY,24.442
2025-01-07 16:35:00,717615,210,W,ML,316,47.4,84,51.8,87,48.8,75,44.5,70,43.4,,,,,34.182539,-118.171545,ARROYO 1,22.3
2025-01-07 16:35:00,717622,210,W,ML,369,54.3,107,67.9,120,57.2,86,42.0,56,41.1,,,,,34.176273,-118.161942,LINCOLN 1,23.0
2025-01-07 16:35:00,717624,210,W,ML,371,62.3,81,68.4,84,65.1,73,60.6,68,57.9,65,57.4,,,34.164368,-118.158093,MOUNTAIN 1,23.9
2025-01-07 16:35:00,717627,210,W,ML,131,67.2,63,68.9,68,65.6,,,,,,,,,34.15225,-118.154678,WALNUT,24.9
2025-01-07 16:35:00,717630,210,W,ML,123,60.8,26,65.9,37,62.6,33,59.4,27,55.3,,,,,34.152218,-118.14821,FAIR OAKS 1,25.4
2025-01-07 16:35:00,717632,210,W,HV,122,60.8,122,60.8,,,,,,,,,,,34.152218,-118.14821,FAIR OAKS 1,25.4
2025-01-07 16:35:00,717634,210,W,ML,456,33.5,102,37.1,103,34.5,91,31.1,84,31.4,76,32.8,,,34.15195,-118.13555,LAKE 1,26.12
2025-01-07 16:35:00,717637,210,W,ML,527,33.9,136,48.6,121,42.5,90,30.3,90,20.4,90,17.3,,,34.152357,-118.123714,HILL,26.8
2025-01-07 16:35:00,717642,210,W,ML,530,54.9,121,66.2,107,60.3,87,52.9,84,44.4,131,48.1,,,34.1527,-118.102255,ALTADENA,28.03
2025-01-07 16:35:00,717643,210,W,HV,57,58.6,57,58.6,,,,,,,,,,,34.1527,-118.102255,ALTADENA,28.03
2025-01-07 16:35:00,717644,210,W,ML,519,54.9,125,66.6,120,57.6,83,49.7,95,46.8,96,48.9,,,34.152727,-118.098063,SAN GABRIEL,28.27
2025-01-07 16:35:00,717645,210,W,HV,58,59.3,58,59.3,,,,,,,,,,,34.152727,-118.098063,SAN GABRIEL,28.27
2025-01-07 16:35:00,717649,210,W,ML,456,58.3,122,68.7,111,60.3,72,44.3,86,55.7,65,54.2,,,34.148074,-118.08377,SIERRA MADRE V1,29.17
2025-01-07 16:35:00,717653,210,W,ML,336,56.2,91,57.2,88,56.0,68,55.5,56,56.0,33,55.7,,,34.148737,-118.071321,ROSEMEAD 1,29.879
2025-01-07 16:35:00,761318,210,W,HV,122,60.8,122,60.8,,,,,,,,,,,34.15195,-118.13555,LAKE 1,26.12
2025-01-07 16:35:00,761322,210,W,HV,62,51.4,62,51.4,,,,,,,,,,,34.152357,-118.123714,HILL,26.8
2025-01-07 16:35:00,761325,210,W,HV,64,59.4,64,59.4,,,,,,,,,,,34.148074,-118.08377,SIERRA MADRE V1,29.17
2025-01-07 16:35:00,761431,210,W,HV,122,60.8,122,60.8,,,,,,,,,,,34.148737,-118.071321,ROSEMEAD 1,29.879
2025-01-07 16:35:00,764135,210,W,HV,122,60.8,122,60.8,,,,,,,,,,,34.152092,-118.143249,MARENGO,25.68
2025-01-07 16:35:00,764137,210,W,ML,619,37.9,105,41.1,122,39.8,107,38.7,109,37.2,99,34.7,77,34.7,34.152092,-118.143249,MARENGO,25.68
2025-01-07 16:35:00,769807,210,W,ML,418,56.9,112,62.2,118,59.2,98,53.2,90,51.2,,,,,34.197068,-118.184827,FOOTHILL,20.98
2025-01-07 16:35:00,769867,210,W,ML,487,31.5,144,34.8,153,31.9,88,26.2,102,30.8,,,,,34.218652,-118.239558,LA CRESCENTA,17.38
2025-01-07 16:35:00,769911,210,W,ML,555,42.9,166,45.2,109,44.3,100,36.1,100,46.5,80,40.2,,,34.224897,-118.251344,PENNSYLVANIA,16.58
2025-01-07 16:35:00,769926,210,W,ML,578,37.4,112,39.0,112,37.3,98,35.6,91,35.2,85,37.3,80,40.6,34.214462,-118.232443,OCEAN VIEW,17.88
2025-01-07 16:35:00,769941,210,W,ML,410,54.8,115,67.6,111,61.2,106,39.6,78,47.5,,,,,34.207101,-118.204943,ANGELES CREST HWY SB,19.58
2025-01-07 16:35:00,769953,210,W,ML,391,52.9,125,60.5,113,57.6,82,39.1,71,48.2,,,,,34.206998,-118.201441,ANGELES CREST HWY NB,19.78
2025-01-07 16:35:00,769965,210,W,ML,379,48.0,156,51.5,19,70.0,112,40.0,92,47.4,,,,,34.232554,-118.271772,HONOLULU,15.28
2025-01-07 16:35:00,769983,210,W,ML,398,48.1,108,40.4,128,51.0,84,51.7,78,49.9,,,,,34.203186,-118.191671,GOULD,20.4
2025-01-07 16:35:00,770000,210,W,ML,416,56.3,114,60.6,113,57.7,98,53.9,91,51.9,,,,,34.19198,-118.181214,BERKSHIRE,21.39
2025-01-07 16:35:00,770129,210,W,ML,532,52.5,174,53.6,161,54.7,109,45.9,88,54.5,,,,,34.234984,-118.290562,LA TUNA CANYON NB,14.18
2025-01-07 16:35:00,770141,210,W,ML,367,53.7,121,54.9,122,56.2,36,64.5,88,44.2,,,,,34.234987,-118.294031,LA TUNA CANYON SB,13.98
2025-01-07 16:35:00,770386,210,W,ML,381,52.4,103,57.0,104,53.9,90,49.6,84,47.9,,,,,34.207155,-118.2137,EB/NB 2 TO EB 210 CN,19.08
2025-01-07 16:35:00,770401,210,W,ML,501,57.0,105,61.8,152,58.7,134,55.7,110,51.9,,,,,34.211095,-118.225948,EB/NB 2 TO WB 210 CN,18.32
2025-01-07 16:35:00,770568,210,W,ML,349,58.6,85,72.1,67,70.5,94,49.2,103,48.4,,,,,34.165953,-118.157943,HAMMOND ST.,23.79
2025-01-07 16:35:00,770579,210,W,ML,235,66.6,43,73.5,59,69.8,42,68.0,91,60.7,,,,,34.156597,-118.157944,WINONA WAY,24.442
2025-01-07 16:40:00,717615,210,W,ML,327,47.1,87,50.9,89,48.1,78,44.8,73,43.7,,,,,34.182539,-118.171545,ARROYO 1,22.3
2025-01-07 16:40:00,717622,210,W,ML,342,52.2,112,64.8,87,53.8,91,44.5,52,36.1,,,,,34.176273,-118.161942,LINCOLN 1,23.0
2025-01-07 16:40:00,717624,210,W,ML,332,62.0,72,68.1,76,64.9,66,60.3,61,57.7,57,57.2,,,34.164368,-118.158093,MOUNTAIN 1,23.9
2025-01-07 16:40:00,717627,210,W,ML,153,67.0,75,68.7,78,65.4,,,,,,,,,34.15225,-118.154678,WALNUT,24.9
2025-01-07 16:40:00,717630,210,W,ML,123,60.6,26,65.7,37,62.4,33,59.2,27,55.2,,,,,34.152218,-118.14821,FAIR OAKS 1,25.4
2025-01-07 16:40:00,717632,210,W,HV,123,60.6,123,60.6,,,,,,,,,,,34.152218,-118.14821,FAIR OAKS 1,25.4
2025-01-07 16:40:00,717634,210,W,ML,446,37.5,99,41.3,101,38.7,89,35.2,82,35.1,75,36.2,,,34.15195,-118.13555,LAKE 1,26.12
2025-01-07 16:40:00,717637,210,W,ML,522,39.0,134,53.7,119,49.6,93,34.1,82,27.1,94,19.8,,,34.152357,-118.123714,HILL,26.8
2025-01-07 16:40:00,717642,210,W,ML,524,56.3,120,68.4,115,62.6,85,54.2,80,45.4,124,47.4,,,34.1527,-118.102255,ALTADENA,28.03
2025-01-07 16:40:00,717643,210,W,HV,68,59.4,68,59.4,,,,,,,,,,,34.1527,-118.102255,ALTADENA,28.03
2025-01-07 16:40:00,717644,210,W,ML,516,57.1,136,68.4,123,59.4,89,50.8,95,49.0,73,50.2,,,34.152727,-118.098063,SAN GABRIEL,28.27
2025-01-07 16:40:00,717645,210,W,HV,68,60.2,68,60.2,,,,,,,,,,,34.152727,-118.098063,SAN GABRIEL,28.27
2025-01-07 16:40:00,717649,210,W,ML,452,59.3,129,69.7,110,63.5,75,44.6,80,56.4,58,51.5,,,34.148074,-118.08377,SIERRA MADRE V1,29.17
2025-01-07 16:40:00,717653,210,W,ML,316,53.9,85,54.5,82,53.5,64,53.0,53,54.2,32,54.5,,,34.148737,-118.071321,ROSEMEAD 1,29.879
2025-01-07 16:40:00,761318,210,W,HV,123,60.6,123,60.6,,,,,,,,,,,34.15195,-118.13555,LAKE 1,26.12
2025-01-07 16:40:00,761322,210,W,HV,75,52.4,75,52.4,,,,,,,,,,,34.152357,-118.123714,HILL,26.8
2025-01-07 16:40:00,761325,210,W,HV,70,59.4,70,59.4,,,,,,,,,,,34.148074,-118.08377,SIERRA MADRE V1,29.17
2025-01-07 16:40:00,761431,210,W,HV,123,60.6,123,60.6,,,,,,,,,,,34.148737,-118.071321,ROSEMEAD 1,29.879
2025-01-07 16:40:00,764135,210,W,HV,123,60.6,123,60.6,,,,,,,,,,,34.152092,-118.143249,MARENGO,25.68
2025-01-07 16:40:00,764137,210,W,ML,623,37.7,105,40.9,123,39.6,107,38.5,110,37.0,100,34.5,78,34.5,34.152092,-118.143249,MARENGO,25.68
2025-01-07 16:40:00,769807,210,W,ML,447,55.0,134,62.1,121,55.7,100,50.5,92,48.8,,,,,34.197068,-118.184827,FOOTHILL,20.98
2025-01-07 16:40:00,769867,210,W,ML,478,29.9,127,32.3,135,30.0,105,26.7,111,30.1,,,,,34.218652,-118.239558,LA CRESCENTA,17.38
2025-01-07 16:40:00,769911,210,W,ML,518,42.0,145,43.2,103,43.1,103,37.2,90,45.7,77,40.1,,,34.224897,-118.251344,PENNSYLVANIA,16.58
2025-01-07 16:40:00,769926,210,W,ML,623,36.3,121,37.5,120,35.9,106,34.3,99,34.0,91,36.2,86,40.1,34.214462,-118.232443,OCEAN VIEW,17.88
2025-01-07 16:40:00,769941,210,W,ML,390,55.6,108,68.7,87,62.6,82,34.1,113,53.2,,,,,34.207101,-118.204943,ANGELES CREST HWY SB,19.58
2025-01-07 16:40:00,769953,210,W,ML,285,53.3,77,61.0,96,58.2,58,34.8,54,53.4,,,,,34.206998,-118.201441,ANGELES CREST HWY NB,19.78
2025-01-07 16:40:00,769965,210,W,ML,381,46.1,158,50.5,12,70.7,119,38.5,92,45.0,,,,,34.232554,-118.271772,HONOLULU,15.28
2025-01-07 16:40:00,769983,210,W,ML,325,47.5,87,38.9,102,49.6,71,52.3,65,50.3,,,,,34.203186,-118.191671,GOULD,20.4
2025-01-07 16:40:00,770000,210,W,ML,425,53.8,117,57.8,115,55.1,100,51.6,93,49.7,,,,,34.19198,-118.181214,BERKSHIRE,21.39
2025-01-07 16:40:00,770129,210,W,ML,501,50.9,179,54.0,149,54.9,110,43.0,63,46.8,,,,,34.234984,-118.290562,LA TUNA CANYON NB,14.18
2025-01-07 16:40:00,770141,210,W,ML,326,53.8,107,55.1,110,56.3,31,64.5,78,44.4,,,,,34.234987,-118.294031,LA TUNA CANYON SB,13.98
2025-01-07 16:40:00,770386,210,W,ML,327,56.8,87,61.6,89,58.5,78,54.1,73,52.0,,,,,34.207155,-118.2137,EB/NB 2 TO EB 210 CN,19.08
2025-01-07 16:40:00,770401,210,W,ML,508,56.9,106,61.7,154,58.6,136,55.6,112,51.8,,,,,34.211095,-118.225948,EB/NB 2 TO WB 210 CN,18.32
2025-01-07 16:40:00,770568,210,W,ML,264,59.8,53,73.2,67,71.8,85,50.8,59,47.0,,,,,34.165953,-118.157943,HAMMOND ST.,23.79
2025-01-07 16:40:00,770579,210,W,ML,239,67.5,49,74.0,76,69.5,49,67.1,65,60.4,,,,,34.156597,-118.157944,WINONA WAY,24.442
2025-01-07 16:45:00,717615,210,W,ML,303,45.5,80,49.9,83,47.0,72,42.6,68,41.7,,,,,34.182539,-118.171545,ARROYO 1,22.3
2025-01-07 16:45:00,717622,210,W,ML,397,50.3,124,61.5,122,52.2,82,40.1,69,38.8,,,,,34.176273,-118.161942,LINCOLN 1,23.0
2025-01-07 16:45:00,717624,210,W,ML,350,59.5,76,65.4,79,62.2,69,57.7,65,55.3,61,54.9,,,34.164368,-118.158093,MOUNTAIN 1,23.9
2025-01-07 16:45:00,717627,210,W,ML,148,65.0,72,66.7,76,63.4,,,,,,,,,34.15225,-118.154678,WALNUT,24.9
2025-01-07 16:45:00,717630,210,W,ML,123,60.6,26,65.7,37,62.4,33,59.2,27,55.2,,,,,34.152218,-118.14821,FAIR OAKS 1,25.4
2025-01-07 16:45:00,717632,210,W,HV,122,60.6,122,60.6,,,,,,,,,,,34.152218,-118.14821,FAIR OAKS 1,25.4
2025-01-07 16:45:00,717634,210,W,ML,416,43.3,93,47.7,95,44.9,82,41.2,77,40.4,69,41.2,,,34.15195,-118.13555,LAKE 1,26.12
2025-01-07 16:45:00,717637,210,W,ML,456,46.1,114,59.8,106,54.7,73,41.2,75,35.5,88,31.2,,,34.152357,-118.123714,HILL,26.8
2025-01-07 16:45:00,717642,210,W,ML,529,56.4,131,67.9,104,63.8,87,54.0,82,45.5,125,47.0,,,34.1527,-118.102255,ALTADENA,28.03
2025-01-07 16:45:00,717643,210,W,HV,77,57.4,77,57.4,,,,,,,,,,,34.1527,-118.102255,ALTADENA,28.03
2025-01-07 16:45:00,717644,210,W,ML,536,58.1,140,69.3,123,61.7,93,52.4,87,49.5,93,50.3,,,34.152727,-118.098063,SAN GABRIEL,28.27
2025-01-07 16:45:00,717645,210,W,HV,79,57.9,79,57.9,,,,,,,,,,,34.152727,-118.098063,SAN GABRIEL,28.27
2025-01-07 16:45:00,717649,210,W,ML,482,60.2,133,70.3,114,63.9,80,45.8,85,56.8,70,55.7,,,34.148074,-118.08377,SIERRA MADRE V1,29.17
2025-01-07 16:45:00,717653,210,W,ML,362,57.5,98,58.7,93,57.4,73,56.9,61,57.0,37,56.4,,,34.148737,-118.071321,ROSEMEAD 1,29.879
2025-01-07 16:45:00,761318,210,W,HV,122,60.6,122,60.6,,,,,,,,,,,34.15195,-118.13555,LAKE 1,26.12
2025-01-07 16:45:00,761322,210,W,HV,63,54.3,63,54.3,,,,,,,,,,,34.152357,-118.123714,HILL,26.8
2025-01-07 16:45:00,761325,210,W,HV,71,58.0,71,58.0,,,,,,,,,,,34.148074,-118.08377,SIERRA MADRE V1,29.17
2025-01-07 16:45:00,761431,210,W,HV,122,60.6,122,60.6,,,,,,,,,,,34.148737,-118.071321,ROSEMEAD 1,29.879
2025-01-07 16:45:00,764135,210,W,HV,122,60.6,122,60.6,,,,,,,,,,,34.152092,-118.143249,MARENGO,25.68
2025-01-07 16:45:00,764137,210,W,ML,619,36.9,105,40.0,122,38.7,107,37.7,109,36.2,99,33.8,77,33.8,34.152092,-118.143249,MARENGO,25.68
2025-01-07 16:45:00,769807,210,W,ML,436,55.5,122,61.9,122,56.8,100,51.4,92,49.6,,,,,34.197068,-118.184827,FOOTHILL,20.98
2025-01-07 16:45:00,769867,210,W,ML,497,29.1,143,30.4,130,29.6,104,25.7,120,30.1,,,,,34.218652,-118.239558,LA CRESCENTA,17.38
2025-01-07 16:45:00,769911,210,W,ML,533,41.4,135,40.8,109,44.2,109,36.6,98,45.3,82,40.3,,,34.224897,-118.251344,PENNSYLVANIA,16.58
2025-01-07 16:45:00,769926,210,W,ML,634,36.0,125,37.2,122,35.6,105,34.1,99,33.7,93,36.0,90,39.6,34.214462,-118.232443,OCEAN VIEW,17.88
2025-01-07 16:45:00,769941,210,W,ML,403,56.9,112,69.2,103,64.1,83,37.8,105,51.9,,,,,34.207101,-118.204943,ANGELES CREST HWY SB,19.58
2025-01-07 16:45:00,769953,210,W,ML,381,54.5,122,61.5,114,58.8,85,39.5,60,53.2,,,,,34.206998,-118.201441,ANGELES CREST HWY NB,19.78
2025-01-07 16:45:00,769965,210,W,ML,363,47.1,145,49.4,9,70.4,106,39.9,103,49.1,,,,,34.232554,-118.271772,HONOLULU,15.28
2025-01-07 16:45:00,769983,210,W,ML,405,48.9,110,41.3,131,51.4,85,52.8,79,50.9,,,,,34.203186,-118.191671,GOULD,20.4
2025-01-07 16:45:00,770000,210,W,ML,428,54.6,118,58.7,116,55.9,100,52.3,94,50.4,,,,,34.19198,-118.181214,BERKSHIRE,21.39
2025-01-07 16:45:00,770129,210,W,ML,489,52.3,155,54.4,143,55.2,118,47.8,73,49.2,,,,,34.234984,-118.290562,LA TUNA CANYON NB,14.18
2025-01-07 16:45:00,770141,210,W,ML,350,54.1,116,55.4,117,56.5,34,64.5,83,44.6,,,,,34.234987,-118.294031,LA TUNA CANYON SB,13.98
2025-01-07 16:45:00,770386,210,W,ML,371,55.9,101,60.6,101,57.5,87,53.1,82,51.1,,,,,34.207155,-118.2137,EB/NB 2 TO EB 210 CN,19.08
2025-01-07 16:45:00,770401,210,W,ML,508,56.6,106,61.4,154,58.2,136,55.3,112,51.5,,,,,34.211095,-118.225948,EB/NB 2 TO WB 210 CN,18.32
2025-01-07 16:45:00,770568,210,W,ML,316,58.4,72,73.0,66,72.1,81,49.6,97,45.6,,,,,34.165953,-118.157943,HAMMOND ST.,23.79
2025-01-07 16:45:00,770579,210,W,ML,289,64.6,64,71.2,69,70.9,63,63.7,93,56.1,,,,,34.156597,-118.157944,WINONA WAY,24.442
2025-01-07 16:50:00,717615,210,W,ML,302,47.6,81,52.0,83,49.1,72,44.7,66,43.6,,,,,34.182539,-118.171545,ARROYO 1,22.3
2025-01-07 16:50:00,717622,210,W,ML,368,51.3,108,63.3,112,53.8,77,39.9,71,41.4,,,,,34.176273,-118.161942,LINCOLN 1,23.0
2025-01-07 16:50:00,717624,210,W,ML,351,59.8,77,65.7,80,62.6,70,58.1,64,55.6,60,55.2,,,34.164368,-118.158093,MOUNTAIN 1,23.9
2025-01-07 16:50:00,717627,210,W,ML,184,65.4,91,67.1,93,63.8,,,,,,,,,34.15225,-118.154678,WALNUT,24.9
2025-01-07 16:50:00,717630,210,W,ML,123,60.6,26,65.7,37,62.4,33,59.2,27,55.2,,,,,34.152218,-118.14821,FAIR OAKS 1,25.4
2025-01-07 16:50:00,717632,210,W,HV,123,60.6,123,60.6,,,,,,,,,,,34.152218,-118.14821,FAIR OAKS 1,25.4
2025-01-07 16:50:00,717634,210,W,ML,457,47.1,102,52.1,103,49.1,91,45.0,84,43.6,77,44.1,,,34.15195,-118.13555,LAKE 1,26.12
2025-01-07 16:50:00,717637,210,W,ML,550,52.0,152,63.3,125,60.0,92,43.5,81,40.9,100,41.4,,,34.152357,-118.123714,HILL,26.8
2025-01-07 16:50:00,717642,210,W,ML,538,58.6,147,67.2,107,64.6,83,57.7,82,49.2,119,49.6,,,34.1527,-118.102255,ALTADENA,28.03
2025-01-07 16:50:00,717643,210,W,HV,68,58.2,68,58.2,,,,,,,,,,,34.1527,-118.102255,ALTADENA,28.03
2025-01-07 16:50:00,717644,210,W,ML,567,58.8,154,68.1,133,61.8,100,52.9,96,48.7,84,55.4,,,34.152727,-118.098063,SAN GABRIEL,28.27
2025-01-07 16:50:00,717645,210,W,HV,65,58.7,65,58.7,,,,,,,,,,,34.152727,-118.098063,SAN GABRIEL,28.27
2025-01-07 16:50:00,717649,210,W,ML,495,60.7,133,70.6,130,63.7,78,46.0,85,57.9,69,55.9,,,34.148074,-118.08377,SIERRA MADRE V1,29.17
2025-01-07 16:50:00,717653,210,W,ML,356,57.7,96,58.9,92,57.6,72,57.1,60,57.1,36,56.5,,,34.148737,-118.071321,ROSEMEAD 1,29.879
2025-01-07 16:50:00,761318,210,W,HV,123,60.6,123,60.6,,,,,,,,,,,34.15195,-118.13555,LAKE 1,26.12
2025-01-07 16:50:00,761322,210,W,HV,69,57.1,69,57.1,,,,,,,,,,,34.152357,-118.123714,HILL,26.8
2025-01-07 16:50:00,761325,210,W,HV,72,59.8,72,59.8,,,,,,,,,,,34.148074,-118.08377,SIERRA MADRE V1,29.17
2025-01-07 16:50:00,761431,210,W,HV,123,60.6,123,60.6,,,,,,,,,,,34.148737,-118.071321,ROSEMEAD 1,29.879
2025-01-07 16:50:00,764135,210,W,HV,123,60.6,123,60.6,,,,,,,,,,,34.152092,-118.143249,MARENGO,25.68
2025-01-07 16:50:00,764137,210,W,ML,618,37.0,105,40.1,122,38.8,106,37.8,109,36.3,99,33.9,77,33.9,34.152092,-118.143249,MARENGO,25.68
2025-01-07 16:50:00,769807,210,W,ML,439,55.9,115,61.3,126,58.1,103,52.4,95,50.5,,,,,34.197068,-118.184827,FOOTHILL,20.98
2025-01-07 16:50:00,769867,210,W,ML,496,28.4,116,28.5,138,28.8,113,23.8,129,32.1,,,,,34.218652,-118.239558,LA CRESCENTA,17.38
2025-01-07 16:50:00,769911,210,W,ML,523,41.2,139,42.0,110,43.3,96,34.4,96,45.5,82,39.8,,,34.224897,-118.251344,PENNSYLVANIA,16.58
2025-01-07 16:50:00,769926,210,W,ML,665,35.4,132,36.5,128,35.0,110,33.5,103,33.3,98,35.5,94,39.1,34.214462,-118.232443,OCEAN VIEW,17.88
2025-01-07 16:50:00,769941,210,W,ML,411,57.3,115,68.7,109,63.8,83,43.7,104,48.8,,,,,34.207101,-118.204943,ANGELES CREST HWY SB,19.58
2025-01-07 16:50:00,769953,210,W,ML,373,54.8,123,61.5,113,59.4,72,41.3,65,48.9,,,,,34.206998,-118.201441,ANGELES CREST HWY NB,19.78
2025-01-07 16:50:00,769965,210,W,ML,371,46.7,154,50.2,14,70.2,115,38.7,88,47.1,,,,,34.232554,-118.271772,HONOLULU,15.28
2025-01-07 16:50:00,769983,210,W,ML,381,49.1,103,42.5,122,52.2,81,52.0,75,50.2,,,,,34.203186,-118.191671,GOULD,20.4
2025-01-07 16:50:00,770000,210,W,ML,439,55.5,121,59.7,119,56.8,103,53.2,96,51.2,,,,,34.19198,-118.181214,BERKSHIRE,21.39
2025-01-07 16:50:00,770129,210,W,ML,495,53.0,164,54.7,139,55.9,109,47.5,83,52.2,,,,,34.234984,-118.290562,LA TUNA CANYON NB,14.18
2025-01-07 16:50:00,770141,210,W,ML,345,54.6,114,56.1,115,57.0,33,64.6,83,45.1,,,,,34.234987,-118.294031,LA TUNA CANYON SB,13.98
2025-01-07 16:50:00,770386,210,W,ML,388,53.4,106,58.0,105,55.0,91,50.6,86,48.9,,,,,34.207155,-118.2137,EB/NB 2 TO EB 210 CN,19.08
2025-01-07 16:50:00,770401,210,W,ML,505,56.4,106,61.1,153,58.0,135,55.1,111,51.3,,,,,34.211095,-118.225948,EB/NB 2 TO WB 210 CN,18.32
2025-01-07 16:50:00,770568,210,W,ML,265,58.7,75,72.2,46,71.7,66,46.8,78,48.2,,,,,34.165953,-118.157943,HAMMOND ST.,23.79
2025-01-07 16:50:00,770579,210,W,ML,297,65.4,62,72.4,93,69.2,61,64.2,81,56.5,,,,,34.156597,-118.157944,WINONA WAY,24.442
2025-01-07 16:55:00,717615,210,W,ML,297,44.9,78,48.8,82,46.0,71,42.5,66,41.6,,,,,34.182539,-118.171545,ARROYO 1,22.3
2025-01-07 16:55:00,717622,210,W,ML,374,50.7,132,61.3,101,52.1,80,41.4,61,37.5,,,,,34.176273,-118.161942,LINCOLN 1,23.0
2025-01-07 16:55:00,717624,210,W,ML,367,60.1,81,66.0,83,62.8,73,58.4,67,55.9,63,55.4,,,34.164368,-118.158093,MOUNTAIN 1,23.9
2025-01-07 16:55:00,717627,210,W,ML,149,64.5,73,66.2,76,62.9,,,,,,,,,34.15225,-118.154678,WALNUT,24.9
2025-01-07 16:55:00,717630,210,W,ML,123,60.7,26,65.8,37,62.5,33,59.3,27,55.2,,,,,34.152218,-118.14821,FAIR OAKS 1,25.4
2025-01-07 16:55:00,717632,210,W,HV,123,60.7,123,60.7,,,,,,,,,,,34.152218,-118.14821,FAIR OAKS 1,25.4
2025-01-07 16:55:00,717634,210,W,ML,424,51.4,95,56.6,96,53.6,85,49.4,78,47.6,70,47.8,,,34.15195,-118.13555,LAKE 1,26.12
2025-01-07 16:55:00,717637,210,W,ML,485,55.5,125,66.4,114,61.6,80,48.5,75,45.4,91,47.4,,,34.152357,-118.123714,HILL,26.8
2025-01-07 16:55:00,717642,210,W,ML,494,58.1,118,68.9,102,64.8,83,56.5,80,47.6,111,49.3,,,34.1527,-118.102255,ALTADENA,28.03
2025-01-07 16:55:00,717643,210,W,HV,58,59.2,58,59.2,,,,,,,,,,,34.1527,-118.102255,ALTADENA,28.03
2025-01-07 16:55:00,717644,210,W,ML,506,58.7,130,68.9,116,63.4,79,52.4,101,49.9,80,52.8,,,34.152727,-118.098063,SAN GABRIEL,28.27
2025-01-07 16:55:00,717645,210,W,HV,51,60.0,51,60.0,,,,,,,,,,,34.152727,-118.098063,SAN GABRIEL,28.27
2025-01-07 16:55:00,717649,210,W,ML,498,60.1,143,69.6,118,63.7,71,45.3,85,57.5,81,53.7,,,34.148074,-118.08377,SIERRA MADRE V1,29.17
2025-01-07 16:55:00,717653,210,W,ML,418,55.8,112,56.7,107,55.6,84,55.1,71,55.6,44,55.5,,,34.148737,-118.071321,ROSEMEAD 1,29.879
2025-01-07 16:55:00,761318,210,W,HV,123,60.7,123,60.7,,,,,,,,,,,34.15195,-118.13555,LAKE 1,26.12
2025-01-07 16:55:00,761322,210,W,HV,62,58.7,62,58.7,,,,,,,,,,,34.152357,-118.123714,HILL,26.8
2025-01-07 16:55:00,761325,210,W,HV,66,58.9,66,58.9,,,,,,,,,,,34.148074,-118.08377,SIERRA MADRE V1,29.17
2025-01-07 16:55:00,761431,210,W,HV,123,60.7,123,60.7,,,,,,,,,,,34.148737,-118.071321,ROSEMEAD 1,29.879
2025-01-07 16:55:00,764135,210,W,HV,123,60.7,123,60.7,,,,,,,,,,,34.152092,-118.143249,MARENGO,25.68
2025-01-07 16:55:00,764137,210,W,ML,615,36.5,104,39.6,121,38.3,106,37.3,108,35.8,99,33.4,77,33.4,34.152092,-118.143249,MARENGO,25.68
2025-01-07 16:55:00,769807,210,W,ML,385,57.1,99,62.4,109,59.6,92,53.5,85,51.5,,,,,34.197068,-118.184827,FOOTHILL,20.98
2025-01-07 16:55:00,769867,210,W,ML,506,30.1,114,32.2,142,29.2,118,23.1,132,35.6,,,,,34.218652,-118.239558,LA CRESCENTA,17.38
2025-01-07 16:55:00,769911,210,W,ML,511,40.8,144,41.7,108,44.4,87,30.7,90,45.8,82,39.6,,,34.224897,-118.251344,PENNSYLVANIA,16.58
2025-01-07 16:55:00,769926,210,W,ML,681,35.7,135,36.8,131,35.3,113,33.8,106,33.5,100,35.8,96,39.3,34.214462,-118.232443,OCEAN VIEW,17.88
2025-01-07 16:55:00,769941,210,W,ML,397,58.6,117,69.4,115,64.7,79,44.4,86,48.8,,,,,34.207101,-118.204943,ANGELES CREST HWY SB,19.58
2025-01-07 16:55:00,769953,210,W,ML,360,56.8,108,62.5,114,60.3,74,49.2,64,49.7,,,,,34.206998,-118.201441,ANGELES CREST HWY NB,19.78
2025-01-07 16:55:00,769965,210,W,ML,367,43.9,147,47.8,11,70.3,111,34.0,98,46.2,,,,,34.232554,-118.271772,HONOLULU,15.28
2025-01-07 16:55:00,769983,210,W,ML,381,51.5,104,46.6,124,55.2,79,52.8,74,50.9,,,,,34.203186,-118.191671,GOULD,20.4
2025-01-07 16:55:00,770000,210,W,ML,390,56.6,106,60.9,106,58.0,92,54.2,86,52.1,,,,,34.19198,-118.181214,BERKSHIRE,21.39
2025-01-07 16:55:00,770129,210,W,ML,490,51.7,157,54.1,151,54.6,104,43.5,78,52.2,,,,,34.234984,-118.290562,LA TUNA CANYON NB,14.18
2025-01-07 16:55:00,770141,210,W,ML,323,53.6,106,54.8,108,56.1,31,64.5,78,44.1,,,,,34.234987,-118.294031,LA TUNA CANYON SB,13.98
2025-01-07 16:55:00,770386,210,W,ML,355,53.4,95,58.0,97,55.0,85,50.6,78,48.9,,,,,34.207155,-118.2137,EB/NB 2 TO EB 210 CN,19.08
2025-01-07 16:55:00,770401,210,W,ML,501,56.6,105,61.4,152,58.2,134,55.3,110,51.5,,,,,34.211095,-118.225948,EB/NB 2 TO WB 210 CN,18.32
2025-01-07 16:55:00,770568,210,W,ML,368,57.8,85,71.4,76,69.9,101,46.5,106,49.0,,,,,34.165953,-118.157943,HAMMOND ST.,23.79
2025-01-07 16:55:00,770579,210,W,ML,262,65.1,60,71.6,70,68.4,58,63.1,74,58.3,,,,,34.156597,-118.157944,WINONA WAY,24.442
2025-01-07 17:00:00,717615,210,W,ML,333,45.2,89,49.5,91,46.6,79,42.2,74,41.4,,,,,34.182539,-118.171545,ARROYO 1,22.3
2025-01-07 17:00:00,717622,210,W,ML,348,50.2,95,63.9,91,55.9,91,39.4,71,38.3,,,,,34.176273,-118.161942,LINCOLN 1,23.0
2025-01-07 17:00:00,717624,210,W,ML,353,61.5,77,67.6,80,64.4,70,59.9,65,57.2,61,56.6,,,34.164368,-118.158093,MOUNTAIN 1,23.9
2025-01-07 17:00:00,717627,210,W,ML,148,66.3,72,68.0,76,64.7,,,,,,,,,34.15225,-118.154678,WALNUT,24.9
2025-01-07 17:00:00,717630,210,W,ML,123,60.8,26,65.9,37,62.6,33,59.4,27,55.3,,,,,34.152218,-118.14821,FAIR OAKS 1,25.4
2025-01-07 17:00:00,717632,210,W,HV,122,60.8,122,60.8,,,,,,,,,,,34.152218,-118.14821,FAIR OAKS 1,25.4
2025-01-07 17:00:00,717634,210,W,ML,427,51.7,96,56.7,97,53.7,84,49.9,78,48.1,72,48.2,,,34.15195,-118.13555,LAKE 1,26.12
2025-01-07 17:00:00,717637,210,W,ML,490,55.8,125,65.8,111,64.5,85,49.8,76,43.7,93,47.5,,,34.152357,-118.123714,HILL,26.8
2025-01-07 17:00:00,717642,210,W,ML,497,56.6,119,66.3,104,62.9,83,55.3,82,45.9,109,48.9,,,34.1527,-118.102255,ALTADENA,28.03
2025-01-07 17:00:00,717643,210,W,HV,77,57.8,77,57.8,,,,,,,,,,,34.1527,-118.102255,ALTADENA,28.03
2025-01-07 17:00:00,717644,210,W,ML,530,57.7,131,66.2,126,62.8,103,55.1,92,47.5,78,50.8,,,34.152727,-118.098063,SAN GABRIEL,28.27
2025-01-07 17:00:00,717645,210,W,HV,81,60.9,81,60.9,,,,,,,,,,,34.152727,-118.098063,SAN GABRIEL,28.27
2025-01-07 17:00:00,717649,210,W,ML,500,59.7,136,68.2,128,63.6,77,48.2,84,57.5,75,51.8,,,34.148074,-118.08377,SIERRA MADRE V1,29.17
2025-01-07 17:00:00,717653,210,W,ML,386,54.2,104,54.8,99,53.8,78,53.3,65,54.4,40,54.6,,,34.148737,-118.071321,ROSEMEAD 1,29.879
2025-01-07 17:00:00,761318,210,W,HV,122,60.8,122,60.8,,,,,,,,,,,34.15195,-118.13555,LAKE 1,26.12
2025-01-07 17:00:00,761322,210,W,HV,78,58.9,78,58.9,,,,,,,,,,,34.152357,-118.123714,HILL,26.8
2025-01-07 17:00:00,761325,210,W,HV,79,58.3,79,58.3,,,,,,,,,,,34.148074,-118.08377,SIERRA MADRE V1,29.17
2025-01-07 17:00:00,761431,210,W,HV,122,60.8,122,60.8,,,,,,,,,,,34.148737,-118.071321,ROSEMEAD 1,29.879
2025-01-07 17:00:00,764135,210,W,HV,122,60.8,122,60.8,,,,,,,,,,,34.152092,-118.143249,MARENGO,25.68
2025-01-07 17:00:00,764137,210,W,ML,612,36.7,104,39.8,121,38.5,105,37.5,108,36.0,98,33.6,76,33.6,34.152092,-118.143249,MARENGO,25.68
2025-01-07 17:00:00,769807,210,W,ML,353,57.3,107,62.3,91,59.6,80,53.5,75,51.5,,,,,34.197068,-118.184827,FOOTHILL,20.98
2025-01-07 17:00:00,769867,210,W,ML,492,29.5,131,30.8,133,27.8,115,25.8,113,33.7,,,,,34.218652,-118.239558,LA CRESCENTA,17.38
2025-01-07 17:00:00,769911,210,W,ML,519,43.2,142,47.4,106,42.9,102,37.9,90,45.6,79,40.2,,,34.224897,-118.251344,PENNSYLVANIA,16.58
2025-01-07 17:00:00,769926,210,W,ML,632,34.9,123,35.7,122,34.2,107,32.8,100,32.6,93,35.0,87,39.7,34.214462,-118.232443,OCEAN VIEW,17.88
2025-01-07 17:00:00,769941,210,W,ML,390,61.2,105,69.9,95,67.7,94,50.2,96,56.0,,,,,34.207101,-118.204943,ANGELES CREST HWY SB,19.58
2025-01-07 17:00:00,769953,210,W,ML,350,57.6,116,63.9,113,60.5,61,44.2,60,53.4,,,,,34.206998,-118.201441,ANGELES CREST HWY NB,19.78
2025-01-07 17:00:00,769965,210,W,ML,371,46.7,157,49.7,16,70.4,109,38.0,89,47.9,,,,,34.232554,-118.271772,HONOLULU,15.28
2025-01-07 17:00:00,769983,210,W,ML,350,50.9,97,44.5,115,53.5,72,54.3,66,52.2,,,,,34.203186,-118.191671,GOULD,20.4
2025-01-07 17:00:00,770000,210,W,ML,339,56.6,91,60.9,92,58.0,81,54.2,75,52.1,,,,,34.19198,-118.181214,BERKSHIRE,21.39
2025-01-07 17:00:00,770129,210,W,ML,503,46.5,154,45.0,148,50.9,113,39.1,88,51.2,,,,,34.234984,-118.290562,LA TUNA CANYON NB,14.18
2025-01-07 17:00:00,770141,210,W,ML,367,50.9,121,51.1,122,53.5,36,64.0,88,41.5,,,,,34.234987,-118.294031,LA TUNA CANYON SB,13.98
2025-01-07 17:00:00,770386,210,W,ML,350,59.0,94,63.9,95,60.7,83,56.4,78,54.0,,,,,34.207155,-118.2137,EB/NB 2 TO EB 210 CN,19.08
2025-01-07 17:00:00,770401,210,W,ML,497,56.7,104,61.5,151,58.3,133,55.4,109,51.6,,,,,34.211095,-118.225948,EB/NB 2 TO WB 210 CN,18.32
2025-01-07 17:00:00,770568,210,W,ML,298,63.3,76,73.4,45,70.7,88,56.2,89,58.1,,,,,34.165953,-118.157943,HAMMOND ST.,23.79
2025-01-07 17:00:00,770579,210,W,ML,248,66.2,48,73.1,69,69.0,58,65.3,73,59.9,,,,,34.156597,-118.157944,WINONA WAY,24.442
2025-01-07 17:05:00,717615,210,W,ML,316,45.1,84,48.8,87,46.0,75,42.8,70,41.9,,,,,34.182539,-118.171545,ARROYO 1,22.3
2025-01-07 17:05:00,717622,210,W,ML,367,52.3,108,65.5,110,56.0,86,41.8,63,37.5,,,,,34.176273,-118.161942,LINCOLN 1,23.0
2025-01-07 17:05:00,717624,210,W,ML,356,61.3,78,67.3,81,64.0,71,59.6,65,57.0,61,56.6,,,34.164368,-118.158093,MOUNTAIN 1,23.9
2025-01-07 17:05:00,717627,210,W,ML,144,65.6,70,67.3,74,64.0,,,,,,,,,34.15225,-118.154678,WALNUT,24.9
2025-01-07 17:05:00,717630,210,W,ML,123,60.9,26,66.0,37,62.7,33,59.5,27,55.4,,,,,34.152218,-118.14821,FAIR OAKS 1,25.4
2025-01-07 17:05:00,717632,210,W,HV,122,60.9,122,60.9,,,,,,,,,,,34.152218,-118.14821,FAIR OAKS 1,25.4
2025-01-07 17:05:00,717634,210,W,ML,478,52.7,108,57.8,108,54.8,94,50.9,88,49.1,80,49.1,,,34.15195,-118.13555,LAKE 1,26.12
2025-01-07 17:05:00,717637,210,W,ML,539,56.1,138,66.0,124,63.5,83,49.9,90,43.6,104,49.9,,,34.152357,-118.123714,HILL,26.8
2025-01-07 17:05:00,717642,210,W,ML,541,55.9,124,64.0,124,59.7,92,55.7,91,47.5,110,49.5,,,34.1527,-118.102255,ALTADENA,28.03
2025-01-07 17:05:00,717643,210,W,HV,73,56.7,73,56.7,,,,,,,,,,,34.1527,-118.102255,ALTADENA,28.03
2025-01-07 17:05:00,717644,210,W,ML,557,56.7,144,63.4,122,60.5,96,53.0,102,49.4,93,53.2,,,34.152727,-118.098063,SAN GABRIEL,28.27
2025-01-07 17:05:00,717645,210,W,HV,70,60.4,70,60.4,,,,,,,,,,,34.152727,-118.098063,SAN GABRIEL,28.27
2025-01-07 17:05:00,717649,210,W,ML,478,59.2,125,67.7,114,61.2,76,47.4,90,57.2,73,56.3,,,34.148074,-118.08377,SIERRA MADRE V1,29.17
2025-01-07 17:05:00,717653,210,W,ML,377,58.0,101,59.3,97,58.0,76,57.5,64,57.4,39,56.7,,,34.148737,-118.071321,ROSEMEAD 1,29.879
2025-01-07 17:05:00,761318,210,W,HV,122,60.9,122,60.9,,,,,,,,,,,34.15195,-118.13555,LAKE 1,26.12
2025-01-07 17:05:00,761322,210,W,HV,71,58.2,71,58.2,,,,,,,,,,,34.152357,-118.123714,HILL,26.8
2025-01-07 17:05:00,761325,210,W,HV,67,57.8,67,57.8,,,,,,,,,,,34.148074,-118.08377,SIERRA MADRE V1,29.17
2025-01-07 17:05:00,761431,210,W,HV,122,60.9,122,60.9,,,,,,,,,,,34.148737,-118.071321,ROSEMEAD 1,29.879
2025-01-07 17:05:00,764135,210,W,HV,122,60.9,122,60.9,,,,,,,,,,,34.152092,-118.143249,MARENGO,25.68
2025-01-07 17:05:00,764137,210,W,ML,619,36.3,105,39.4,122,38.1,107,37.1,109,35.6,99,33.2,77,33.2,34.152092,-118.143249,MARENGO,25.68
2025-01-07 17:05:00,769807,210,W,ML,400,56.9,106,62.5,113,59.1,94,53.1,87,51.2,,,,,34.197068,-118.184827,FOOTHILL,20.98
2025-01-07 17:05:00,769867,210,W,ML,484,31.8,127,30.6,134,32.3,107,28.3,116,35.7,,,,,34.218652,-118.239558,LA CRESCENTA,17.38
2025-01-07 17:05:00,769911,210,W,ML,521,43.7,144,46.4,105,44.5,100,38.1,93,46.5,79,41.2,,,34.224897,-118.251344,PENNSYLVANIA,16.58
2025-01-07 17:05:00,769926,210,W,ML,644,37.7,126,39.3,125,37.6,108,35.9,101,35.4,95,37.5,89,40.9,34.214462,-118.232443,OCEAN VIEW,17.88
2025-01-07 17:05:00,769941,210,W,ML,428,59.6,122,68.8,107,65.3,103,47.2,96,54.9,,,,,34.207101,-118.204943,ANGELES CREST HWY SB,19.58
2025-01-07 17:05:00,769953,210,W,ML,348,56.3,115,65.3,90,60.0,86,45.9,57,47.9,,,,,34.206998,-118.201441,ANGELES CREST HWY NB,19.78
2025-01-07 17:05:00,769965,210,W,ML,369,45.8,150,49.6,10,70.4,125,39.2,84,45.8,,,,,34.232554,-118.271772,HONOLULU,15.28
2025-01-07 17:05:00,769983,210,W,ML,365,50.4,98,44.9,116,54.0,78,52.0,73,50.1,,,,,34.203186,-118.191671,GOULD,20.4
2025-01-07 17:05:00,770000,210,W,ML,401,56.2,110,60.5,109,57.6,94,53.9,88,51.8,,,,,34.19198,-118.181214,BERKSHIRE,21.39
2025-01-07 17:05:00,770129,210,W,ML,489,45.3,135,45.3,139,47.6,120,40.0,95,48.6,,,,,34.234984,-118.290562,LA TUNA CANYON NB,14.18
2025-01-07 17:05:00,770141,210,W,ML,397,48.4,132,47.9,131,51.1,39,63.6,95,39.2,,,,,34.234987,-118.294031,LA TUNA CANYON SB,13.98
2025-01-07 17:05:00,770386,210,W,ML,383,58.2,104,63.0,104,59.9,90,55.5,85,53.2,,,,,34.207155,-118.2137,EB/NB 2 TO EB 210 CN,19.08
2025-01-07 17:05:00,770401,210,W,ML,505,56.7,106,61.5,153,58.3,135,55.4,111,51.6,,,,,34.211095,-118.225948,EB/NB 2 TO WB 210 CN,18.32
2025-01-07 17:05:00,770568,210,W,ML,335,59.7,99,67.7,64,68.0,96,48.0,76,57.1,,,,,34.165953,-118.157943,HAMMOND ST.,23.79
2025-01-07 17:05:00,770579,210,W,ML,267,65.9,66,71.5,67,67.6,58,65.3,76,60.1,,,,,34.156597,-118.157944,WINONA WAY,24.442
2025-01-07 17:10:00,717615,210,W,ML,355,49.4,95,53.9,97,50.9,85,46.5,78,45.2,,,,,34.182539,-118.171545,ARROYO 1,22.3
2025-01-07 17:10:00,717622,210,W,ML,406,53.0,137,65.0,111,55.8,72,37.1,86,43.7,,,,,34.176273,-118.161942,LINCOLN 1,23.0
2025-01-07 17:10:00,717624,210,W,ML,362,61.5,80,67.5,83,64.2,72,59.7,66,57.1,61,56.7,,,34.164368,-118.158093,MOUNTAIN 1,23.9
2025-01-07 17:10:00,717627,210,W,ML,161,65.8,79,67.5,82,64.2,,,,,,,,,34.15225,-118.154678,WALNUT,24.9
2025-01-07 17:10:00,717630,210,W,ML,123,60.8,26,65.9,37,62.6,33,59.4,27,55.3,,,,,34.152218,-118.14821,FAIR OAKS 1,25.4
2025-01-07 17:10:00,717632,210,W,HV,122,60.8,122,60.8,,,,,,,,,,,34.152218,-118.14821,FAIR OAKS 1,25.4
2025-01-07 17:10:00,717634,210,W,ML,421,54.6,94,60.1,96,57.0,84,52.8,77,50.7,70,50.3,,,34.15195,-118.13555,LAKE 1,26.12
2025-01-07 17:10:00,717637,210,W,ML,512,57.2,138,65.3,118,62.2,93,50.7,85,48.7,78,52.1,,,34.152357,-118.123714,HILL,26.8
2025-01-07 17:10:00,717642,210,W,ML,558,48.7,128,60.1,111,44.8,87,50.7,87,43.5,145,43.4,,,34.1527,-118.102255,ALTADENA,28.03
2025-01-07 17:10:00,717643,210,W,HV,75,53.6,75,53.6,,,,,,,,,,,34.1527,-118.102255,ALTADENA,28.03
2025-01-07 17:10:00,717644,210,W,ML,534,54.7,137,62.4,119,58.5,92,51.8,97,46.3,89,50.1,,,34.152727,-118.098063,SAN GABRIEL,28.27
2025-01-07 17:10:00,717645,210,W,HV,78,57.7,78,57.7,,,,,,,,,,,34.152727,-118.098063,SAN GABRIEL,28.27
2025-01-07 17:10:00,717649,210,W,ML,509,55.6,139,62.6,111,57.9,81,44.4,87,56.0,91,51.5,,,34.148074,-118.08377,SIERRA MADRE V1,29.17
2025-01-07 17:10:00,717653,210,W,ML,443,53.9,119,54.5,113,53.5,89,53.0,75,54.2,47,54.5,,,34.148737,-118.071321,ROSEMEAD 1,29.879
2025-01-07 17:10:00,761318,210,W,HV,122,60.8,122,60.8,,,,,,,,,,,34.15195,-118.13555,LAKE 1,26.12
2025-01-07 17:10:00,761322,210,W,HV,76,56.7,76,56.7,,,,,,,,,,,34.152357,-118.123714,HILL,26.8
2025-01-07 17:10:00,761325,210,W,HV,79,56.2,79,56.2,,,,,,,,,,,34.148074,-118.08377,SIERRA MADRE V1,29.17
2025-01-07 17:10:00,761431,210,W,HV,122,60.8,122,60.8,,,,,,,,,,,34.148737,-118.071321,ROSEMEAD 1,29.879
2025-01-07 17:10:00,764135,210,W,HV,122,60.8,122,60.8,,,,,,,,,,,34.152092,-118.143249,MARENGO,25.68
2025-01-07 17:10:00,764137,210,W,ML,624,35.8,106,38.8,123,37.6,107,36.6,110,35.1,100,32.7,78,32.7,34.152092,-118.143249,MARENGO,25.68
2025-01-07 17:10:00,769807,210,W,ML,343,57.9,118,64.8,82,58.5,74,52.7,69,50.8,,,,,34.197068,-118.184827,FOOTHILL,20.98
2025-01-07 17:10:00,769867,210,W,ML,510,32.0,143,31.6,136,34.1,106,26.9,125,34.7,,,,,34.218652,-118.239558,LA CRESCENTA,17.38
2025-01-07 17:10:00,769911,210,W,ML,502,44.3,146,48.8,104,44.2,80,35.8,95,47.3,77,41.0,,,34.224897,-118.251344,PENNSYLVANIA,16.58
2025-01-07 17:10:00,769926,210,W,ML,656,38.9,130,40.7,126,38.9,109,37.1,102,36.5,96,38.5,93,41.6,34.214462,-118.232443,OCEAN VIEW,17.88
2025-01-07 17:10:00,769941,210,W,ML,430,59.3,130,69.6,122,64.6,86,43.5,92,52.5,,,,,34.207101,-118.204943,ANGELES CREST HWY SB,19.58
2025-01-07 17:10:00,769953,210,W,ML,353,57.7,120,65.6,111,59.8,67,40.4,55,57.0,,,,,34.206998,-118.201441,ANGELES CREST HWY NB,19.78
2025-01-07 17:10:00,769965,210,W,ML,336,47.3,142,50.7,17,70.4,102,39.8,75,45.9,,,,,34.232554,-118.271772,HONOLULU,15.28
2025-01-07 17:10:00,769983,210,W,ML,348,49.6,99,42.4,117,52.0,68,53.8,64,51.7,,,,,34.203186,-118.191671,GOULD,20.4
2025-01-07 17:10:00,770000,210,W,ML,314,55.8,83,60.0,86,57.1,75,53.5,70,51.5,,,,,34.19198,-118.181214,BERKSHIRE,21.39
2025-01-07 17:10:00,770129,210,W,ML,477,38.3,127,37.1,132,38.4,120,34.9,98,43.9,,,,,34.234984,-118.290562,LA TUNA CANYON NB,14.18
2025-01-07 17:10:00,770141,210,W,ML,393,41.5,133,38.8,130,44.6,38,62.4,92,32.7,,,,,34.234987,-118.294031,LA TUNA CANYON SB,13.98
2025-01-07 17:10:00,770386,210,W,ML,376,56.3,101,61.0,102,57.9,90,53.6,83,51.5,,,,,34.207155,-118.2137,EB/NB 2 TO EB 210 CN,19.08
2025-01-07 17:10:00,770401,210,W,ML,516,56.1,108,60.8,157,57.7,138,54.8,113,51.1,,,,,34.211095,-118.225948,EB/NB 2 TO WB 210 CN,18.32
2025-01-07 17:10:00,770568,210,W,ML,301,60.5,83,69.9,52,69.1,83,53.9,83,52.2,,,,,34.165953,-118.157943,HAMMOND ST.,23.79
2025-01-07 17:10:00,770579,210,W,ML,277,66.5,64,72.5,85,68.0,59,65.2,69,60.2,,,,,34.156597,-118.157944,WINONA WAY,24.442
2025-01-07 17:15:00,717615,210,W,ML,339,53.2,91,57.8,93,54.7,80,50.4,75,48.7,,,,,34.182539,-118.171545,ARROYO 1,22.3
2025-01-07 17:15:00,717622,210,W,ML,356,54.7,92,66.5,103,57.1,93,45.0,68,48.5,,,,,34.176273,-118.161942,LINCOLN 1,23.0
2025-01-07 17:15:00,717624,210,W,ML,306,60.7,65,66.7,70,63.5,61,59.1,56,56.5,54,56.2,,,34.164368,-118.158093,MOUNTAIN 1,23.9
2025-01-07 17:15:00,717627,210,W,ML,130,65.3,63,66.9,67,63.7,,,,,,,,,34.15225,-118.154678,WALNUT,24.9
2025-01-07 17:15:00,717630,210,W,ML,123,60.5,26,65.6,37,62.3,33,59.1,27,55.1,,,,,34.152218,-118.14821,FAIR OAKS 1,25.4
2025-01-07 17:15:00,717632,210,W,HV,123,60.5,123,60.5,,,,,,,,,,,34.152218,-118.14821,FAIR OAKS 1,25.4
2025-01-07 17:15:00,717634,210,W,ML,483,50.3,108,55.3,109,52.3,95,48.5,89,46.8,82,47.1,,,34.15195,-118.13555,LAKE 1,26.12
2025-01-07 17:15:00,717637,210,W,ML,568,54.1,148,63.5,130,61.1,101,48.1,83,44.0,106,45.8,,,34.152357,-118.123714,HILL,26.8
2025-01-07 17:15:00,717642,210,W,ML,518,51.4,129,61.3,117,53.8,86,50.5,79,43.2,107,43.4,,,34.1527,-118.102255,ALTADENA,28.03
2025-01-07 17:15:00,717643,210,W,HV,90,53.4,90,53.4,,,,,,,,,,,34.1527,-118.102255,ALTADENA,28.03
2025-01-07 17:15:00,717644,210,W,ML,518,55.5,138,62.5,130,59.3,98,51.9,88,48.7,64,47.4,,,34.152727,-118.098063,SAN GABRIEL,28.27
2025-01-07 17:15:00,717645,210,W,HV,86,59.8,86,59.8,,,,,,,,,,,34.152727,-118.098063,SAN GABRIEL,28.27
2025-01-07 17:15:00,717649,210,W,ML,502,57.0,145,65.8,126,59.7,79,45.2,80,55.9,72,49.0,,,34.148074,-118.08377,SIERRA MADRE V1,29.17
2025-01-07 17:15:00,717653,210,W,ML,372,51.8,100,52.1,96,51.2,75,50.7,63,52.5,38,53.3,,,34.148737,-118.071321,ROSEMEAD 1,29.879
2025-01-07 17:15:00,761318,210,W,HV,123,60.5,123,60.5,,,,,,,,,,,34.15195,-118.13555,LAKE 1,26.12
2025-01-07 17:15:00,761322,210,W,HV,92,56.2,92,56.2,,,,,,,,,,,34.152357,-118.123714,HILL,26.8
2025-01-07 17:15:00,761325,210,W,HV,76,56.0,76,56.0,,,,,,,,,,,34.148074,-118.08377,SIERRA MADRE V1,29.17
2025-01-07 17:15:00,761431,210,W,HV,123,60.5,123,60.5,,,,,,,,,,,34.148737,-118.071321,ROSEMEAD 1,29.879
2025-01-07 17:15:00,764135,210,W,HV,123,60.5,123,60.5,,,,,,,,,,,34.152092,-118.143249,MARENGO,25.68
2025-01-07 17:15:00,764137,210,W,ML,618,35.7,105,38.7,122,37.5,106,36.5,109,35.0,99,32.7,77,32.7,34.152092,-118.143249,MARENGO,25.68
2025-01-07 17:15:00,769807,210,W,ML,442,57.2,145,63.6,114,58.2,95,52.4,88,50.6,,,,,34.197068,-118.184827,FOOTHILL,20.98
2025-01-07 17:15:00,769867,210,W,ML,518,32.6,139,32.2,134,34.5,125,29.2,120,34.5,,,,,34.218652,-118.239558,LA CRESCENTA,17.38
2025-01-07 17:15:00,769911,210,W,ML,524,42.8,148,46.3,104,43.6,100,34.2,93,47.6,79,40.8,,,34.224897,-118.251344,PENNSYLVANIA,16.58
2025-01-07 17:15:00,769926,210,W,ML,649,39.2,128,41.0,125,39.2,108,37.3,101,36.7,95,38.7,92,41.8,34.214462,-118.232443,OCEAN VIEW,17.88
2025-01-07 17:15:00,769941,210,W,ML,379,61.2,108,69.5,100,65.6,79,53.3,92,53.5,,,,,34.207101,-118.204943,ANGELES CREST HWY SB,19.58
2025-01-07 17:15:00,769953,210,W,ML,371,59.5,125,67.5,98,60.0,87,51.5,61,53.8,,,,,34.206998,-118.201441,ANGELES CREST HWY NB,19.78
2025-01-07 17:15:00,769965,210,W,ML,347,47.4,144,51.5,12,70.4,107,39.1,84,47.5,,,,,34.232554,-118.271772,HONOLULU,15.28
2025-01-07 17:15:00,769983,210,W,ML,381,52.3,103,47.4,122,55.9,81,53.7,75,51.7,,,,,34.203186,-118.191671,GOULD,20.4
2025-01-07 17:15:00,770000,210,W,ML,405,55.6,111,59.8,110,56.9,95,53.3,89,51.3,,,,,34.19198,-118.181214,BERKSHIRE,21.39
2025-01-07 17:15:00,770129,210,W,ML,453,36.9,130,31.6,134,38.7,98,35.6,91,43.1,,,,,34.234984,-118.290562,LA TUNA CANYON NB,14.18
2025-01-07 17:15:00,770141,210,W,ML,380,41.8,126,39.0,126,44.8,37,62.4,91,32.9,,,,,34.234987,-118.294031,LA TUNA CANYON SB,13.98
2025-01-07 17:15:00,770386,210,W,ML,362,57.1,98,61.9,98,58.7,86,54.4,80,52.2,,,,,34.207155,-118.2137,EB/NB 2 TO EB 210 CN,19.08
2025-01-07 17:15:00,770401,210,W,ML,517,54.7,108,59.3,157,56.3,139,53.4,113,49.8,,,,,34.211095,-118.225948,EB/NB 2 TO WB 210 CN,18.32
2025-01-07 17:15:00,770568,210,W,ML,296,59.8,70,71.2,52,68.9,97,53.1,77,51.6,,,,,34.165953,-118.157943,HAMMOND ST.,23.79
2025-01-07 17:15:00,770579,210,W,ML,238,66.1,62,72.4,65,66.6,58,64.8,53,59.7,,,,,34.156597,-118.157944,WINONA WAY,24.442
2025-01-07 17:20:00,717615,210,W,ML,236,48.8,61,53.1,65,50.1,57,46.2,53,45.0,,,,,34.182539,-118.171545,ARROYO 1,22.3
2025-01-07 17:20:00,717622,210,W,ML,252,54.4,59,67.2,91,56.8,61,46.4,41,42.7,,,,,34.176273,-118.161942,LINCOLN 1,23.0
2025-01-07 17:20:00,717624,210,W,ML,279,59.7,60,65.6,64,62.4,56,58.0,51,55.5,48,55.3,,,34.164368,-118.158093,MOUNTAIN 1,23.9
2025-01-07 17:20:00,717627,210,W,ML,135,64.1,65,65.7,70,62.5,,,,,,,,,34.15225,-118.154678,WALNUT,24.9
2025-01-07 17:20:00,717630,210,W,ML,124,60.4,26,65.5,38,62.2,33,59.0,27,55.0,,,,,34.152218,-118.14821,FAIR OAKS 1,25.4
2025-01-07 17:20:00,717632,210,W,HV,124,60.4,124,60.4,,,,,,,,,,,34.152218,-118.14821,FAIR OAKS 1,25.4
2025-01-07 17:20:00,717634,210,W,ML,435,50.2,97,55.1,99,52.1,87,48.3,80,46.7,72,47.0,,,34.15195,-118.13555,LAKE 1,26.12
2025-01-07 17:20:00,717637,210,W,ML,526,54.4,145,64.1,121,61.1,90,49.1,89,43.5,81,44.6,,,34.152357,-118.123714,HILL,26.8
2025-01-07 17:20:00,717642,210,W,ML,521,49.8,126,58.5,107,53.9,83,50.1,81,43.2,124,41.7,,,34.1527,-118.102255,ALTADENA,28.03
2025-01-07 17:20:00,717643,210,W,HV,78,52.2,78,52.2,,,,,,,,,,,34.1527,-118.102255,ALTADENA,28.03
2025-01-07 17:20:00,717644,210,W,ML,537,56.3,153,63.1,116,59.4,92,57.8,96,49.0,80,45.7,,,34.152727,-118.098063,SAN GABRIEL,28.27
2025-01-07 17:20:00,717645,210,W,HV,77,59.6,77,59.6,,,,,,,,,,,34.152727,-118.098063,SAN GABRIEL,28.27
2025-01-07 17:20:00,717649,210,W,ML,459,59.9,129,68.1,121,62.2,72,52.8,83,57.0,54,49.3,,,34.148074,-118.08377,SIERRA MADRE V1,29.17
2025-01-07 17:20:00,717653,210,W,ML,303,54.4,81,54.2,79,53.4,62,54.7,51,55.4,30,55.0,,,34.148737,-118.071321,ROSEMEAD 1,29.879
2025-01-07 17:20:00,761318,210,W,HV,124,60.4,124,60.4,,,,,,,,,,,34.15195,-118.13555,LAKE 1,26.12
2025-01-07 17:20:00,761322,210,W,HV,83,56.7,83,56.7,,,,,,,,,,,34.152357,-118.123714,HILL,26.8
2025-01-07 17:20:00,761325,210,W,HV,93,56.8,93,56.8,,,,,,,,,,,34.148074,-118.08377,SIERRA MADRE V1,29.17
2025-01-07 17:20:00,761431,210,W,HV,124,60.4,124,60.4,,,,,,,,,,,34.148737,-118.071321,ROSEMEAD 1,29.879
2025-01-07 17:20:00,764135,210,W,HV,124,60.4,124,60.4,,,,,,,,,,,34.152092,-118.143249,MARENGO,25.68
2025-01-07 17:20:00,764137,210,W,ML,618,34.8,105,37.7,122,36.5,106,35.5,109,34.1,99,31.8,77,31.8,34.152092,-118.143249,MARENGO,25.68
2025-01-07 17:20:00,769807,210,W,ML,390,57.4,102,66.4,110,58.4,92,52.6,86,50.7,,,,,34.197068,-118.184827,FOOTHILL,20.98
2025-01-07 17:20:00,769867,210,W,ML,508,37.5,138,40.2,134,39.0,110,33.4,126,36.6,,,,,34.218652,-118.239558,LA CRESCENTA,17.38
2025-01-07 17:20:00,769911,210,W,ML,527,40.9,129,38.1,107,45.2,116,37.6,92,43.4,83,41.4,,,34.224897,-118.251344,PENNSYLVANIA,16.58
2025-01-07 17:20:00,769926,210,W,ML,649,42.1,128,44.6,125,42.6,108,40.4,101,39.5,95,41.2,92,44.0,34.214462,-118.232443,OCEAN VIEW,17.88
2025-01-07 17:20:00,769941,210,W,ML,365,63.0,132,67.8,79,65.5,88,53.5,66,63.0,,,,,34.207101,-118.204943,ANGELES CREST HWY SB,19.58
2025-01-07 17:20:00,769953,210,W,ML,353,60.8,139,67.3,98,59.7,83,54.3,33,53.1,,,,,34.206998,-118.201441,ANGELES CREST HWY NB,19.78
2025-01-07 17:20:00,769965,210,W,ML,357,44.0,138,43.0,13,70.4,114,38.9,92,48.0,,,,,34.232554,-118.271772,HONOLULU,15.28
2025-01-07 17:20:00,769983,210,W,ML,373,52.9,101,48.5,119,56.8,79,53.7,74,51.7,,,,,34.203186,-118.191671,GOULD,20.4
2025-01-07 17:20:00,770000,210,W,ML,394,55.7,107,59.9,107,57.1,93,53.4,87,51.4,,,,,34.19198,-118.181214,BERKSHIRE,21.39
2025-01-07 17:20:00,770129,210,W,ML,501,39.0,147,35.5,134,39.6,120,37.9,100,44.7,,,,,34.234984,-118.290562,LA TUNA CANYON NB,14.18
2025-01-07 17:20:00,770141,210,W,ML,398,42.4,135,39.9,132,45.4,38,62.6,93,33.6,,,,,34.234987,-118.294031,LA TUNA CANYON SB,13.98
2025-01-07 17:20:00,770386,210,W,ML,304,60.7,80,65.6,83,62.4,73,58.0,68,55.6,,,,,34.207155,-118.2137,EB/NB 2 TO EB 210 CN,19.08
2025-01-07 17:20:00,770401,210,W,ML,511,53.6,107,58.1,155,55.2,137,52.4,112,48.8,,,,,34.211095,-118.225948,EB/NB 2 TO WB 210 CN,18.32
2025-01-07 17:20:00,770568,210,W,ML,241,60.2,91,69.1,40,69.6,62,49.1,48,49.6,,,,,34.165953,-118.157943,HAMMOND ST.,23.79
2025-01-07 17:20:00,770579,210,W,ML,232,63.8,41,72.1,61,65.3,50,64.0,80,58.2,,,,,34.156597,-118.157944,WINONA WAY,24.442
2025-01-07 17:25:00,717615,210,W,ML,272,48.9,71,52.9,75,50.1,65,46.6,61,45.3,,,,,34.182539,-118.171545,ARROYO 1,22.3
2025-01-07 17:25:00,717622,210,W,ML,362,53.7,105,65.2,131,54.4,72,46.9,54,38.5,,,,,34.176273,-118.161942,LINCOLN 1,23.0
2025-01-07 17:25:00,717624,210,W,ML,366,59.5,81,65.3,83,62.1,73,57.8,67,55.3,62,55.1,,,34.164368,-118.158093,MOUNTAIN 1,23.9
2025-01-07 17:25:00,717627,210,W,ML,165,64.2,81,65.8,84,62.6,,,,,,,,,34.15225,-118.154678,WALNUT,24.9
2025-01-07 17:25:00,717630,210,W,ML,123,60.2,26,65.3,37,61.9,33,58.8,27,54.8,,,,,34.152218,-118.14821,FAIR OAKS 1,25.4
2025-01-07 17:25:00,717632,210,W,HV,123,60.2,123,60.2,,,,,,,,,,,34.152218,-118.14821,FAIR OAKS 1,25.4
2025-01-07 17:25:00,717634,210,W,ML,423,52.2,94,57.4,96,54.4,84,50.3,78,48.6,71,48.7,,,34.15195,-118.13555,LAKE 1,26.12
2025-01-07 17:25:00,717637,210,W,ML,504,56.1,138,64.8,113,62.3,90,52.6,77,47.7,86,45.4,,,34.152357,-118.123714,HILL,26.8
2025-01-07 17:25:00,717642,210,W,ML,528,54.4,121,63.3,118,59.8,89,54.1,84,47.6,116,45.0,,,34.1527,-118.102255,ALTADENA,28.03
2025-01-07 17:25:00,717643,210,W,HV,91,55.4,91,55.4,,,,,,,,,,,34.1527,-118.102255,ALTADENA,28.03
2025-01-07 17:25:00,717644,210,W,ML,532,59.3,132,66.3,130,64.3,96,62.5,88,50.6,86,46.6,,,34.152727,-118.098063,SAN GABRIEL,28.27
2025-01-07 17:25:00,717645,210,W,HV,90,61.9,90,61.9,,,,,,,,,,,34.152727,-118.098063,SAN GABRIEL,28.27
2025-01-07 17:25:00,717649,210,W,ML,489,61.2,134,68.9,112,64.3,78,55.3,84,58.1,81,53.0,,,34.148074,-118.08377,SIERRA MADRE V1,29.17
2025-01-07 17:25:00,717653,210,W,ML,418,56.2,112,56.5,107,55.5,84,56.3,71,56.6,44,55.9,,,34.148737,-118.071321,ROSEMEAD 1,29.879
2025-01-07 17:25:00,761318,210,W,HV,123,60.2,123,60.2,,,,,,,,,,,34.15195,-118.13555,LAKE 1,26.12
2025-01-07 17:25:00,761322,210,W,HV,85,57.6,85,57.6,,,,,,,,,,,34.152357,-118.123714,HILL,26.8
2025-01-07 17:25:00,761325,210,W,HV,89,58.5,89,58.5,,,,,,,,,,,34.148074,-118.08377,SIERRA MADRE V1,29.17
2025-01-07 17:25:00,761431,210,W,HV,123,60.2,123,60.2,,,,,,,,,,,34.148737,-118.071321,ROSEMEAD 1,29.879
2025-01-07 17:25:00,764135,210,W,HV,123,60.2,123,60.2,,,,,,,,,,,34.152092,-118.143249,MARENGO,25.68
2025-01-07 17:25:00,764137,210,W,ML,612,33.7,104,36.5,121,35.4,105,34.4,108,33.1,98,30.8,76,30.8,34.152092,-118.143249,MARENGO,25.68
2025-01-07 17:25:00,769807,210,W,ML,518,54.2,162,63.3,141,53.2,112,48.6,103,47.1,,,,,34.197068,-118.184827,FOOTHILL,20.98
2025-01-07 17:25:00,769867,210,W,ML,462,36.2,121,38.3,126,39.5,103,32.2,112,33.8,,,,,34.218652,-118.239558,LA CRESCENTA,17.38
2025-01-07 17:25:00,769911,210,W,ML,524,42.0,150,43.8,108,43.0,104,38.8,82,42.6,80,40.6,,,34.224897,-118.251344,PENNSYLVANIA,16.58
2025-01-07 17:25:00,769926,210,W,ML,616,42.1,121,45.0,119,43.0,103,39.4,96,39.0,91,41.3,86,44.2,34.214462,-118.232443,OCEAN VIEW,17.88
2025-01-07 17:25:00,769941,210,W,ML,282,60.9,94,67.9,63,65.1,63,55.6,62,51.3,,,,,34.207101,-118.204943,ANGELES CREST HWY SB,19.58
2025-01-07 17:25:00,769953,210,W,ML,269,58.0,83,66.5,79,58.7,70,54.2,37,44.8,,,,,34.206998,-118.201441,ANGELES CREST HWY NB,19.78
2025-01-07 17:25:00,769965,210,W,ML,368,41.7,140,38.8,10,70.1,111,35.8,107,48.9,,,,,34.232554,-118.271772,HONOLULU,15.28
2025-01-07 17:25:00,769983,210,W,ML,314,51.5,84,47.8,98,56.5,68,50.9,64,49.1,,,,,34.203186,-118.191671,GOULD,20.4
2025-01-07 17:25:00,770000,210,W,ML,481,52.1,134,55.8,130,53.2,112,49.9,105,48.2,,,,,34.19198,-118.181214,BERKSHIRE,21.39
2025-01-07 17:25:00,770129,210,W,ML,460,38.2,129,31.7,125,39.0,118,38.7,88,45.9,,,,,34.234984,-118.290562,LA TUNA CANYON NB,14.18
2025-01-07 17:25:00,770141,210,W,ML,367,42.0,121,39.3,122,45.0,36,62.5,88,33.1,,,,,34.234987,-118.294031,LA TUNA CANYON SB,13.98
2025-01-07 17:25:00,770386,210,W,ML,258,55.5,66,60.1,71,57.1,63,53.0,58,51.1,,,,,34.207155,-118.2137,EB/NB 2 TO EB 210 CN,19.08
2025-01-07 17:25:00,770401,210,W,ML,508,52.6,106,57.0,154,54.1,136,51.4,112,47.9,,,,,34.211095,-118.225948,EB/NB 2 TO WB 210 CN,18.32
2025-01-07 17:25:00,770568,210,W,ML,361,55.5,106,68.9,66,66.7,97,46.3,92,41.8,,,,,34.165953,-118.157943,HAMMOND ST.,23.79
2025-01-07 17:25:00,770579,210,W,ML,264,64.4,69,71.3,80,64.5,44,63.3,71,58.3,,,,,34.156597,-118.157944,WINONA WAY,24.442
2025-01-07 17:30:00,717615,210,W,ML,362,51.9,97,55.9,99,53.1,86,49.6,80,48.0,,,,,34.182539,-118.171545,ARROYO 1,22.3
2025-01-07 17:30:00,717622,210,W,ML,446,54.8,148,63.7,137,53.4,100,52.8,61,39.8,,,,,34.176273,-118.161942,LINCOLN 1,23.0
2025-01-07 17:30:00,717624,210,W,ML,350,46.7,76,51.3,79,48.5,69,44.5,65,43.5,61,44.3,,,34.164368,-118.158093,MOUNTAIN 1,23.9
2025-01-07 17:30:00,717627,210,W,ML,138,45.4,67,46.5,71,44.4,,,,,,,,,34.15225,-118.154678,WALNUT,24.9
2025-01-07 17:30:00,717630,210,W,ML,123,60.1,26,65.2,37,61.8,33,58.7,27,54.7,,,,,34.152218,-118.14821,FAIR OAKS 1,25.4
2025-01-07 17:30:00,717632,210,W,HV,123,60.1,123,60.1,,,,,,,,,,,34.152218,-118.14821,FAIR OAKS 1,25.4
2025-01-07 17:30:00,717634,210,W,ML,418,53.2,93,58.4,95,55.4,82,51.4,77,49.5,71,49.5,,,34.15195,-118.13555,LAKE 1,26.12
2025-01-07 17:30:00,717637,210,W,ML,475,56.6,119,66.3,101,65.4,90,55.8,66,42.6,99,45.9,,,34.152357,-118.123714,HILL,26.8
2025-01-07 17:30:00,717642,210,W,ML,516,54.8,121,65.2,108,62.2,83,53.5,81,47.4,123,44.0,,,34.1527,-118.102255,ALTADENA,28.03
2025-01-07 17:30:00,717643,210,W,HV,73,57.5,73,57.5,,,,,,,,,,,34.1527,-118.102255,ALTADENA,28.03
2025-01-07 17:30:00,717644,210,W,ML,504,58.2,136,67.2,112,61.9,82,57.1,96,50.6,78,47.8,,,34.152727,-118.098063,SAN GABRIEL,28.27
2025-01-07 17:30:00,717645,210,W,HV,70,62.8,70,62.8,,,,,,,,,,,34.152727,-118.098063,SAN GABRIEL,28.27
2025-01-07 17:30:00,717649,210,W,ML,474,60.2,139,68.1,128,63.0,63,48.9,82,57.5,62,51.6,,,34.148074,-118.08377,SIERRA MADRE V1,29.17
2025-01-07 17:30:00,717653,210,W,ML,322,54.0,87,54.6,84,53.6,66,53.1,54,54.2,31,54.5,,,34.148737,-118.071321,ROSEMEAD 1,29.879
2025-01-07 17:30:00,761318,210,W,HV,123,60.1,123,60.1,,,,,,,,,,,34.15195,-118.13555,LAKE 1,26.12
2025-01-07 17:30:00,761322,210,W,HV,66,58.6,66,58.6,,,,,,,,,,,34.152357,-118.123714,HILL,26.8
2025-01-07 17:30:00,761325,210,W,HV,74,57.5,74,57.5,,,,,,,,,,,34.148074,-118.08377,SIERRA MADRE V1,29.17
2025-01-07 17:30:00,761431,210,W,HV,123,60.1,123,60.1,,,,,,,,,,,34.148737,-118.071321,ROSEMEAD 1,29.879
2025-01-07 17:30:00,764135,210,W,HV,123,60.1,123,60.1,,,,,,,,,,,34.152092,-118.143249,MARENGO,25.68
2025-01-07 17:30:00,764137,210,W,ML,612,33.5,104,36.3,121,35.1,105,34.2,108,32.9,98,30.6,76,30.6,34.152092,-118.143249,MARENGO,25.68
2025-01-07 17:30:00,769807,210,W,ML,296,52.9,77,63.5,79,52.4,72,48.0,68,46.6,,,,,34.197068,-118.184827,FOOTHILL,20.98
2025-01-07 17:30:00,769867,210,W,ML,437,44.8,121,49.8,112,49.3,102,39.8,102,39.0,,,,,34.218652,-118.239558,LA CRESCENTA,17.38
2025-01-07 17:30:00,769911,210,W,ML,502,46.5,150,50.6,100,49.5,92,42.0,86,43.8,74,43.2,,,34.224897,-118.251344,PENNSYLVANIA,16.58
2025-01-07 17:30:00,769926,210,W,ML,562,46.2,109,50.4,108,47.5,94,43.4,88,42.6,83,44.3,80,47.9,34.214462,-118.232443,OCEAN VIEW,17.88
2025-01-07 17:30:00,769941,210,W,ML,314,61.3,112,68.6,61,63.4,82,54.7,59,54.6,,,,,34.207101,-118.204943,ANGELES CREST HWY SB,19.58
2025-01-07 17:30:00,769953,210,W,ML,317,56.7,128,65.5,94,58.3,58,44.6,37,41.1,,,,,34.206998,-118.201441,ANGELES CREST HWY NB,19.78
2025-01-07 17:30:00,769965,210,W,ML,337,43.3,152,45.0,7,70.2,111,40.0,67,42.1,,,,,34.232554,-118.271772,HONOLULU,15.28
2025-01-07 17:30:00,769983,210,W,ML,310,47.7,86,43.3,100,53.1,64,47.1,60,45.7,,,,,34.203186,-118.191671,GOULD,20.4
2025-01-07 17:30:00,770000,210,W,ML,304,51.4,80,55.2,83,52.6,73,49.4,68,47.7,,,,,34.19198,-118.181214,BERKSHIRE,21.39
2025-01-07 17:30:00,770129,210,W,ML,382,28.4,89,22.2,104,28.5,97,27.9,92,35.0,,,,,34.234984,-118.290562,LA TUNA CANYON NB,14.18
2025-01-07 17:30:00,770141,210,W,ML,317,35.1,105,28.9,106,37.5,30,61.2,76,30.0,,,,,34.234987,-118.294031,LA TUNA CANYON SB,13.98
2025-01-07 17:30:00,770386,210,W,ML,261,57.9,69,62.8,72,59.6,62,55.2,58,53.0,,,,,34.207155,-118.2137,EB/NB 2 TO EB 210 CN,19.08
2025-01-07 17:30:00,770401,210,W,ML,502,52.3,105,56.7,152,53.8,135,51.1,110,47.6,,,,,34.211095,-118.225948,EB/NB 2 TO WB 210 CN,18.32
2025-01-07 17:30:00,770568,210,W,ML,301,55.1,74,69.3,55,67.2,86,47.3,86,43.1,,,,,34.165953,-118.157943,HAMMOND ST.,23.79
2025-01-07 17:30:00,770579,210,W,ML,262,42.1,58,50.6,63,41.4,51,39.5,90,38.5,,,,,34.156597,-118.157944,WINONA WAY,24.442
2025-01-07 17:35:00,717615,210,W,ML,367,51.3,99,55.4,100,52.6,87,48.9,81,47.4,,,,,34.182539,-118.171545,ARROYO 1,22.3
2025-01-07 17:35:00,717622,210,W,ML,368,53.1,88,65.0,107,54.5,102,50.0,71,40.9,,,,,34.176273,-118.161942,LINCOLN 1,23.0
2025-01-07 17:35:00,717624,210,W,ML,332,51.8,72,56.9,75,54.0,66,50.0,61,48.3,58,48.6,,,34.164368,-118.158093,MOUNTAIN 1,23.9
2025-01-07 17:35:00,717627,210,W,ML,133,55.9,64,57.5,69,54.5,,,,,,,,,34.15225,-118.154678,WALNUT,24.9
2025-01-07 17:35:00,717630,210,W,ML,124,60.3,26,65.4,38,62.0,33,58.9,27,54.9,,,,,34.152218,-118.14821,FAIR OAKS 1,25.4
2025-01-07 17:35:00,717632,210,W,HV,124,60.3,124,60.3,,,,,,,,,,,34.152218,-118.14821,FAIR OAKS 1,25.4
2025-01-07 17:35:00,717634,210,W,ML,421,52.3,94,57.5,96,54.4,83,50.4,77,48.6,71,48.7,,,34.15195,-118.13555,LAKE 1,26.12
2025-01-07 17:35:00,717637,210,W,ML,527,56.2,143,63.1,127,62.4,96,52.0,85,48.1,76,46.9,,,34.152357,-118.123714,HILL,26.8
2025-01-07 17:35:00,717642,210,W,ML,541,54.7,143,62.8,114,61.1,87,54.8,85,47.3,112,43.2,,,34.1527,-118.102255,ALTADENA,28.03
2025-01-07 17:35:00,717643,210,W,HV,81,56.7,81,56.7,,,,,,,,,,,34.1527,-118.102255,ALTADENA,28.03
2025-01-07 17:35:00,717644,210,W,ML,561,59.1,159,66.3,126,61.7,96,57.0,101,52.5,79,51.6,,,34.152727,-118.098063,SAN GABRIEL,28.27
2025-01-07 17:35:00,717645,210,W,HV,78,61.6,78,61.6,,,,,,,,,,,34.152727,-118.098063,SAN GABRIEL,28.27
2025-01-07 17:35:00,717649,210,W,ML,507,61.3,144,68.6,120,65.1,90,51.8,85,58.2,68,55.3,,,34.148074,-118.08377,SIERRA MADRE V1,29.17
2025-01-07 17:35:00,717653,210,W,ML,382,57.2,102,58.3,98,57.1,77,56.6,65,56.7,40,56.3,,,34.148737,-118.071321,ROSEMEAD 1,29.879
2025-01-07 17:35:00,761318,210,W,HV,124,60.3,124,60.3,,,,,,,,,,,34.15195,-118.13555,LAKE 1,26.12
2025-01-07 17:35:00,761322,210,W,HV,78,55.9,78,55.9,,,,,,,,,,,34.152357,-118.123714,HILL,26.8
2025-01-07 17:35:00,761325,210,W,HV,81,56.9,81,56.9,,,,,,,,,,,34.148074,-118.08377,SIERRA MADRE V1,29.17
2025-01-07 17:35:00,761431,210,W,HV,124,60.3,124,60.3,,,,,,,,,,,34.148737,-118.071321,ROSEMEAD 1,29.879
2025-01-07 17:35:00,764135,210,W,HV,124,60.3,124,60.3,,,,,,,,,,,34.152092,-118.143249,MARENGO,25.68
2025-01-07 17:35:00,764137,210,W,ML,612,33.2,104,36.0,121,34.8,105,33.9,108,32.6,98,30.4,76,30.4,34.152092,-118.143249,MARENGO,25.68
2025-01-07 17:35:00,769807,210,W,ML,383,52.2,108,64.0,104,50.4,89,46.4,82,45.2,,,,,34.197068,-118.184827,FOOTHILL,20.98
2025-01-07 17:35:00,769867,210,W,ML,459,47.1,134,51.7,119,50.7,105,42.4,101,41.6,,,,,34.218652,-118.239558,LA CRESCENTA,17.38
2025-01-07 17:35:00,769911,210,W,ML,443,48.2,122,53.6,91,49.2,87,45.2,75,45.4,68,44.3,,,34.224897,-118.251344,PENNSYLVANIA,16.58
2025-01-07 17:35:00,769926,210,W,ML,574,48.0,111,52.4,111,49.5,98,45.5,91,44.4,84,45.8,79,49.1,34.214462,-118.232443,OCEAN VIEW,17.88
2025-01-07 17:35:00,769941,210,W,ML,460,59.6,125,65.9,111,61.4,111,50.9,113,59.5,,,,,34.207101,-118.204943,ANGELES CREST HWY SB,19.58
2025-01-07 17:35:00,769953,210,W,ML,381,56.1,96,62.8,117,57.2,96,48.1,72,56.3,,,,,34.206998,-118.201441,ANGELES CREST HWY NB,19.78
2025-01-07 17:35:00,769965,210,W,ML,276,37.2,102,33.3,12,69.9,91,34.7,71,40.6,,,,,34.232554,-118.271772,HONOLULU,15.28
2025-01-07 17:35:00,769983,210,W,ML,423,49.5,117,44.2,140,54.0,86,50.2,80,48.5,,,,,34.203186,-118.191671,GOULD,20.4
2025-01-07 17:35:00,770000,210,W,ML,376,50.0,102,53.6,102,51.1,89,48.0,83,46.5,,,,,34.19198,-118.181214,BERKSHIRE,21.39
2025-01-07 17:35:00,770129,210,W,ML,323,20.2,88,17.5,90,20.4,74,19.4,71,23.9,,,,,34.234984,-118.290562,LA TUNA CANYON NB,14.18
2025-01-07 17:35:00,770141,210,W,ML,279,28.7,91,20.9,94,31.8,27,60.1,67,22.4,,,,,34.234987,-118.294031,LA TUNA CANYON SB,13.98
2025-01-07 17:35:00,770386,210,W,ML,398,57.8,108,62.3,108,59.3,94,55.2,88,53.0,,,,,34.207155,-118.2137,EB/NB 2 TO EB 210 CN,19.08
2025-01-07 17:35:00,770401,210,W,ML,503,52.5,105,56.9,153,54.0,135,51.3,110,47.8,,,,,34.211095,-118.225948,EB/NB 2 TO WB 210 CN,18.32
2025-01-07 17:35:00,770568,210,W,ML,289,53.2,78,68.3,51,64.0,91,45.0,69,39.1,,,,,34.165953,-118.157943,HAMMOND ST.,23.79
2025-01-07 17:35:00,770579,210,W,ML,267,53.7,64,61.0,60,54.1,63,53.1,80,47.9,,,,,34.156597,-118.157944,WINONA WAY,24.442
2025-01-07 17:40:00,717615,210,W,ML,306,49.1,81,53.0,84,50.2,73,46.7,68,45.4,,,,,34.182539,-118.171545,ARROYO 1,22.3
2025-01-07 17:40:00,717622,210,W,ML,339,53.4,100,66.2,92,54.7,83,47.1,64,39.7,,,,,34.176273,-118.161942,LINCOLN 1,23.0
2025-01-07 17:40:00,717624,210,W,ML,331,55.3,71,60.8,75,57.7,66,53.5,61,51.5,58,51.3,,,34.164368,-118.158093,MOUNTAIN 1,23.9
2025-01-07 17:40:00,717627,210,W,ML,130,59.7,63,61.3,67,58.2,,,,,,,,,34.15225,-118.154678,WALNUT,24.9
2025-01-07 17:40:00,717630,210,W,ML,123,60.5,26,65.6,37,62.3,33,59.1,27,55.1,,,,,34.152218,-118.14821,FAIR OAKS 1,25.4
2025-01-07 17:40:00,717632,210,W,HV,123,60.5,123,60.5,,,,,,,,,,,34.152218,-118.14821,FAIR OAKS 1,25.4
2025-01-07 17:40:00,717634,210,W,ML,432,52.7,96,57.8,98,54.8,86,50.9,80,49.0,72,49.1,,,34.15195,-118.13555,LAKE 1,26.12
2025-01-07 17:40:00,717637,210,W,ML,489,55.4,117,63.5,112,61.8,92,52.8,80,46.5,88,47.3,,,34.152357,-118.123714,HILL,26.8
2025-01-07 17:40:00,717642,210,W,ML,484,55.0,105,64.6,109,62.6,83,53.8,80,47.7,107,44.4,,,34.1527,-118.102255,ALTADENA,28.03
2025-01-07 17:40:00,717643,210,W,HV,79,57.1,79,57.1,,,,,,,,,,,34.1527,-118.102255,ALTADENA,28.03
2025-01-07 17:40:00,717644,210,W,ML,486,58.5,123,67.2,114,62.0,92,57.5,95,50.9,62,48.0,,,34.152727,-118.098063,SAN GABRIEL,28.27
2025-01-07 17:40:00,717645,210,W,HV,77,62.1,77,62.1,,,,,,,,,,,34.152727,-118.098063,SAN GABRIEL,28.27
2025-01-07 17:40:00,717649,210,W,ML,428,58.9,110,67.5,111,62.7,67,48.6,81,57.7,59,48.8,,,34.148074,-118.08377,SIERRA MADRE V1,29.17
2025-01-07 17:40:00,717653,210,W,ML,307,52.1,84,51.9,80,51.0,63,51.9,51,53.5,29,53.5,,,34.148737,-118.071321,ROSEMEAD 1,29.879
2025-01-07 17:40:00,761318,210,W,HV,123,60.5,123,60.5,,,,,,,,,,,34.15195,-118.13555,LAKE 1,26.12
2025-01-07 17:40:00,761322,210,W,HV,72,55.7,72,55.7,,,,,,,,,,,34.152357,-118.123714,HILL,26.8
2025-01-07 17:40:00,761325,210,W,HV,69,56.1,69,56.1,,,,,,,,,,,34.148074,-118.08377,SIERRA MADRE V1,29.17
2025-01-07 17:40:00,761431,210,W,HV,123,60.5,123,60.5,,,,,,,,,,,34.148737,-118.071321,ROSEMEAD 1,29.879
2025-01-07 17:40:00,764135,210,W,HV,123,60.5,123,60.5,,,,,,,,,,,34.152092,-118.143249,MARENGO,25.68
2025-01-07 17:40:00,764137,210,W,ML,616,33.6,104,36.4,122,35.3,106,34.3,108,33.0,99,30.7,77,30.7,34.152092,-118.143249,MARENGO,25.68
2025-01-07 17:40:00,769807,210,W,ML,341,55.1,95,66.9,91,54.0,80,49.2,75,47.7,,,,,34.197068,-118.184827,FOOTHILL,20.98
2025-01-07 17:40:00,769867,210,W,ML,471,44.3,132,46.8,133,47.4,101,40.4,105,40.9,,,,,34.218652,-118.239558,LA CRESCENTA,17.38
2025-01-07 17:40:00,769911,210,W,ML,505,46.5,135,49.5,99,48.5,102,43.5,93,46.5,76,42.9,,,34.224897,-118.251344,PENNSYLVANIA,16.58
2025-01-07 17:40:00,769926,210,W,ML,594,47.2,115,51.2,115,48.9,101,44.9,94,43.9,87,45.4,82,48.0,34.214462,-118.232443,OCEAN VIEW,17.88
2025-01-07 17:40:00,769941,210,W,ML,375,61.1,70,67.1,122,62.7,95,57.6,88,58.0,,,,,34.207101,-118.204943,ANGELES CREST HWY SB,19.58
2025-01-07 17:40:00,769953,210,W,ML,311,56.4,86,64.8,107,59.4,84,45.6,34,52.6,,,,,34.206998,-118.201441,ANGELES CREST HWY NB,19.78
2025-01-07 17:40:00,769965,210,W,ML,250,27.2,92,23.8,9,69.4,77,24.0,72,29.7,,,,,34.232554,-118.271772,HONOLULU,15.28
2025-01-07 17:40:00,769983,210,W,ML,381,50.1,106,44.4,126,53.7,77,52.0,72,50.1,,,,,34.203186,-118.191671,GOULD,20.4
2025-01-07 17:40:00,770000,210,W,ML,339,52.6,91,56.5,92,53.8,81,50.4,75,48.7,,,,,34.19198,-118.181214,BERKSHIRE,21.39
2025-01-07 17:40:00,770129,210,W,ML,472,29.3,134,28.6,134,29.9,112,27.1,92,31.9,,,,,34.234984,-118.290562,LA TUNA CANYON NB,14.18
2025-01-07 17:40:00,770141,210,W,ML,384,35.7,128,30.3,127,38.5,37,61.3,92,29.2,,,,,34.234987,-118.294031,LA TUNA CANYON SB,13.98
2025-01-07 17:40:00,770386,210,W,ML,362,58.7,97,63.4,99,60.3,86,56.1,80,53.9,,,,,34.207155,-118.2137,EB/NB 2 TO EB 210 CN,19.08
2025-01-07 17:40:00,770401,210,W,ML,505,52.8,106,57.2,153,54.3,135,51.6,111,48.1,,,,,34.211095,-118.225948,EB/NB 2 TO WB 210 CN,18.32
2025-01-07 17:40:00,770568,210,W,ML,304,53.7,95,67.1,63,62.5,76,43.0,70,39.4,,,,,34.165953,-118.157943,HAMMOND ST.,23.79
2025-01-07 17:40:00,770579,210,W,ML,258,58.1,53,66.7,51,61.6,63,56.0,91,52.6,,,,,34.156597,-118.157944,WINONA WAY,24.442
2025-01-07 17:45:00,717615,210,W,ML,346,49.6,93,54.1,94,51.1,82,46.8,77,45.4,,,,,34.182539,-118.171545,ARROYO 1,22.3
2025-01-07 17:45:00,717622,210,W,ML,349,52.4,75,67.8,102,55.7,95,43.4,77,44.0,,,,,34.176273,-118.161942,LINCOLN 1,23.0
2025-01-07 17:45:00,717624,210,W,ML,312,57.8,66,63.6,70,60.5,62,56.2,58,53.9,56,53.6,,,34.164368,-118.158093,MOUNTAIN 1,23.9
2025-01-07 17:45:00,717627,210,W,ML,126,62.3,60,63.9,66,60.8,,,,,,,,,34.15225,-118.154678,WALNUT,24.9
2025-01-07 17:45:00,717630,210,W,ML,123,60.6,26,65.7,37,62.4,33,59.2,27,55.2,,,,,34.152218,-118.14821,FAIR OAKS 1,25.4
2025-01-07 17:45:00,717632,210,W,HV,123,60.6,123,60.6,,,,,,,,,,,34.152218,-118.14821,FAIR OAKS 1,25.4
2025-01-07 17:45:00,717634,210,W,ML,412,52.7,91,57.9,94,54.9,82,51.0,76,49.1,69,49.2,,,34.15195,-118.13555,LAKE 1,26.12
2025-01-07 17:45:00,717637,210,W,ML,493,56.6,134,65.0,116,62.8,90,52.3,73,45.9,80,47.9,,,34.152357,-118.123714,HILL,26.8
2025-01-07 17:45:00,717642,210,W,ML,510,57.3,126,65.6,112,64.1,81,56.2,74,47.5,117,48.9,,,34.1527,-118.102255,ALTADENA,28.03
2025-01-07 17:45:00,717643,210,W,HV,78,56.4,78,56.4,,,,,,,,,,,34.1527,-118.102255,ALTADENA,28.03
2025-01-07 17:45:00,717644,210,W,ML,511,60.1,135,68.4,125,62.6,88,57.2,89,53.4,74,52.2,,,34.152727,-118.098063,SAN GABRIEL,28.27
2025-01-07 17:45:00,717645,210,W,HV,77,62.1,77,62.1,,,,,,,,,,,34.152727,-118.098063,SAN GABRIEL,28.27
2025-01-07 17:45:00,717649,210,W,ML,474,59.4,144,67.3,120,63.6,68,49.3,77,58.4,65,45.9,,,34.148074,-118.08377,SIERRA MADRE V1,29.17
2025-01-07 17:45:00,717653,210,W,ML,336,51.9,91,51.0,88,50.6,68,52.4,56,53.8,33,53.8,,,34.148737,-118.071321,ROSEMEAD 1,29.879
2025-01-07 17:45:00,761318,210,W,HV,123,60.6,123,60.6,,,,,,,,,,,34.15195,-118.13555,LAKE 1,26.12
2025-01-07 17:45:00,761322,210,W,HV,70,56.8,70,56.8,,,,,,,,,,,34.152357,-118.123714,HILL,26.8
2025-01-07 17:45:00,761325,210,W,HV,93,55.8,93,55.8,,,,,,,,,,,34.148074,-118.08377,SIERRA MADRE V1,29.17
2025-01-07 17:45:00,761431,210,W,HV,123,60.6,123,60.6,,,,,,,,,,,34.148737,-118.071321,ROSEMEAD 1,29.879
2025-01-07 17:45:00,764135,210,W,HV,123,60.6,123,60.6,,,,,,,,,,,34.152092,-118.143249,MARENGO,25.68
2025-01-07 17:45:00,764137,210,W,ML,615,34.3,104,37.2,121,36.0,106,35.0,108,33.7,99,31.4,77,31.4,34.152092,-118.143249,MARENGO,25.68
2025-01-07 17:45:00,769807,210,W,ML,445,55.0,124,64.5,125,54.9,102,49.9,94,48.3,,,,,34.197068,-118.184827,FOOTHILL,20.98
2025-01-07 17:45:00,769867,210,W,ML,404,47.0,106,52.8,109,50.7,98,41.6,91,41.7,,,,,34.218652,-118.239558,LA CRESCENTA,17.38
2025-01-07 17:45:00,769911,210,W,ML,438,38.5,106,34.8,97,45.8,80,33.2,82,36.8,73,41.6,,,34.224897,-118.251344,PENNSYLVANIA,16.58
2025-01-07 17:45:00,769926,210,W,ML,524,48.1,101,52.5,102,49.6,89,45.5,82,44.4,77,45.9,73,49.2,34.214462,-118.232443,OCEAN VIEW,17.88
2025-01-07 17:45:00,769941,210,W,ML,401,60.2,114,67.0,89,62.6,100,56.5,98,54.0,,,,,34.207101,-118.204943,ANGELES CREST HWY SB,19.58
2025-01-07 17:45:00,769953,210,W,ML,406,55.1,122,65.8,112,56.6,103,47.0,69,45.9,,,,,34.206998,-118.201441,ANGELES CREST HWY NB,19.78
2025-01-07 17:45:00,769965,210,W,ML,329,30.7,128,30.0,10,69.5,105,26.3,86,32.6,,,,,34.232554,-118.271772,HONOLULU,15.28
2025-01-07 17:45:00,769983,210,W,ML,436,48.9,118,43.3,142,53.4,91,49.7,85,48.1,,,,,34.203186,-118.191671,GOULD,20.4
2025-01-07 17:45:00,770000,210,W,ML,436,53.3,120,57.2,118,54.5,102,51.0,96,49.2,,,,,34.19198,-118.181214,BERKSHIRE,21.39
2025-01-07 17:45:00,770129,210,W,ML,478,39.3,145,39.7,137,40.0,115,36.7,81,41.0,,,,,34.234984,-118.290562,LA TUNA CANYON NB,14.18
2025-01-07 17:45:00,770141,210,W,ML,341,42.7,113,40.3,114,45.7,33,62.6,81,33.8,,,,,34.234987,-118.294031,LA TUNA CANYON SB,13.98
2025-01-07 17:45:00,770386,210,W,ML,362,57.5,97,62.3,99,59.1,86,54.8,80,52.6,,,,,34.207155,-118.2137,EB/NB 2 TO EB 210 CN,19.08
2025-01-07 17:45:00,770401,210,W,ML,501,53.1,105,57.6,152,54.6,134,51.9,110,48.3,,,,,34.211095,-118.225948,EB/NB 2 TO WB 210 CN,18.32
2025-01-07 17:45:00,770568,210,W,ML,334,52.7,76,66.2,68,65.5,94,43.7,96,41.7,,,,,34.165953,-118.157943,HAMMOND ST.,23.79
2025-01-07 17:45:00,770579,210,W,ML,198,61.8,39,69.9,56,63.4,51,59.4,52,56.2,,,,,34.156597,-118.157944,WINONA WAY,24.442
2025-01-07 17:50:00,717615,210,W,ML,298,43.9,80,47.4,82,44.8,71,41.7,65,40.9,,,,,34.182539,-118.171545,ARROYO 1,22.3
2025-01-07 17:50:00,717622,210,W,ML,332,50.6,76,68.8,107,55.6,79,40.3,70,35.0,,,,,34.176273,-118.161942,LINCOLN 1,23.0
2025-01-07 17:50:00,717624,210,W,ML,305,60.3,66,66.2,70,63.0,61,58.6,56,56.1,52,55.6,,,34.164368,-118.158093,MOUNTAIN 1,23.9
2025-01-07 17:50:00,717627,210,W,ML,133,64.9,64,66.5,69,63.3,,,,,,,,,34.15225,-118.154678,WALNUT,24.9
2025-01-07 17:50:00,717630,210,W,ML,123,60.7,26,65.8,37,62.5,33,59.3,27,55.2,,,,,34.152218,-118.14821,FAIR OAKS 1,25.4
2025-01-07 17:50:00,717632,210,W,HV,122,60.7,122,60.7,,,,,,,,,,,34.152218,-118.14821,FAIR OAKS 1,25.4
2025-01-07 17:50:00,717634,210,W,ML,432,53.6,96,59.0,98,55.9,86,51.7,80,49.7,72,49.6,,,34.15195,-118.13555,LAKE 1,26.12
2025-01-07 17:50:00,717637,210,W,ML,512,57.5,132,65.7,121,64.1,94,52.0,79,49.1,86,49.3,,,34.152357,-118.123714,HILL,26.8
2025-01-07 17:50:00,717642,210,W,ML,517,56.7,127,65.7,114,62.9,86,55.5,82,47.3,108,47.8,,,34.1527,-118.102255,ALTADENA,28.03
2025-01-07 17:50:00,717643,210,W,HV,68,58.0,68,58.0,,,,,,,,,,,34.1527,-118.102255,ALTADENA,28.03
2025-01-07 17:50:00,717644,210,W,ML,533,59.5,136,68.8,127,62.2,96,57.0,90,51.2,84,52.2,,,34.152727,-118.098063,SAN GABRIEL,28.27
2025-01-07 17:50:00,717645,210,W,HV,78,62.1,78,62.1,,,,,,,,,,,34.152727,-118.098063,SAN GABRIEL,28.27
2025-01-07 17:50:00,717649,210,W,ML,505,59.6,138,67.8,127,63.4,80,49.7,84,58.4,76,49.9,,,34.148074,-118.08377,SIERRA MADRE V1,29.17
2025-01-07 17:50:00,717653,210,W,ML,392,52.9,105,53.0,101,52.0,79,52.6,66,54.0,41,53.9,,,34.148737,-118.071321,ROSEMEAD 1,29.879
2025-01-07 17:50:00,761318,210,W,HV,122,60.7,122,60.7,,,,,,,,,,,34.15195,-118.13555,LAKE 1,26.12
2025-01-07 17:50:00,761322,210,W,HV,79,57.3,79,57.3,,,,,,,,,,,34.152357,-118.123714,HILL,26.8
2025-01-07 17:50:00,761325,210,W,HV,66,57.4,66,57.4,,,,,,,,,,,34.148074,-118.08377,SIERRA MADRE V1,29.17
2025-01-07 17:50:00,761431,210,W,HV,122,60.7,122,60.7,,,,,,,,,,,34.148737,-118.071321,ROSEMEAD 1,29.879
2025-01-07 17:50:00,764135,210,W,HV,122,60.7,122,60.7,,,,,,,,,,,34.152092,-118.143249,MARENGO,25.68
2025-01-07 17:50:00,764137,210,W,ML,612,34.6,104,37.5,121,36.3,105,35.3,108,33.9,98,31.6,76,31.6,34.152092,-118.143249,MARENGO,25.68
2025-01-07 17:50:00,769807,210,W,ML,376,54.0,106,62.7,102,54.0,87,49.2,81,47.7,,,,,34.197068,-118.184827,FOOTHILL,20.98
2025-01-07 17:50:00,769867,210,W,ML,444,41.9,117,46.3,118,47.9,98,36.8,111,35.4,,,,,34.218652,-118.239558,LA CRESCENTA,17.38
2025-01-07 17:50:00,769911,210,W,ML,495,37.0,116,32.9,105,44.3,102,34.5,94,34.1,78,39.8,,,34.224897,-118.251344,PENNSYLVANIA,16.58
2025-01-07 17:50:00,769926,210,W,ML,586,43.7,114,47.5,113,44.7,98,40.7,91,40.1,87,42.2,83,46.2,34.214462,-118.232443,OCEAN VIEW,17.88
2025-01-07 17:50:00,769941,210,W,ML,356,60.2,90,67.0,106,62.8,83,52.5,77,56.9,,,,,34.207101,-118.204943,ANGELES CREST HWY SB,19.58
2025-01-07 17:50:00,769953,210,W,ML,329,55.7,81,67.9,109,57.0,91,45.7,48,51.4,,,,,34.206998,-118.201441,ANGELES CREST HWY NB,19.78
2025-01-07 17:50:00,769965,210,W,ML,338,37.7,130,39.6,8,70.1,114,34.0,86,36.8,,,,,34.232554,-118.271772,HONOLULU,15.28
2025-01-07 17:50:00,769983,210,W,ML,403,49.2,110,43.0,132,53.1,83,51.3,78,49.4,,,,,34.203186,-118.191671,GOULD,20.4
2025-01-07 17:50:00,770000,210,W,ML,370,52.6,100,56.5,101,53.8,87,50.4,82,48.7,,,,,34.19198,-118.181214,BERKSHIRE,21.39
2025-01-07 17:50:00,770129,210,W,ML,445,44.6,140,47.5,133,46.1,103,39.3,69,43.6,,,,,34.234984,-118.290562,LA TUNA CANYON NB,14.18
2025-01-07 17:50:00,770141,210,W,ML,304,47.3,99,46.4,103,50.0,29,63.4,73,38.1,,,,,34.234987,-118.294031,LA TUNA CANYON SB,13.98
2025-01-07 17:50:00,770386,210,W,ML,324,58.8,87,63.4,89,60.3,77,56.2,71,53.9,,,,,34.207155,-118.2137,EB/NB 2 TO EB 210 CN,19.08
2025-01-07 17:50:00,770401,210,W,ML,497,53.7,104,58.2,151,55.3,133,52.5,109,48.9,,,,,34.211095,-118.225948,EB/NB 2 TO WB 210 CN,18.32
2025-01-07 17:50:00,770568,210,W,ML,257,54.2,52,67.1,49,66.7,99,50.0,57,38.9,,,,,34.165953,-118.157943,HAMMOND ST.,23.79
2025-01-07 17:50:00,770579,210,W,ML,219,64.8,41,72.9,60,67.0,57,62.7,61,59.2,,,,,34.156597,-118.157944,WINONA WAY,24.442
2025-01-07 17:55:00,717615,210,W,ML,323,48.3,86,52.8,88,49.8,77,45.4,72,44.2,,,,,34.182539,-118.171545,ARROYO 1,22.3
2025-01-07 17:55:00,717622,210,W,ML,315,52.2,70,69.2,86,55.4,74,43.8,85,42.3,,,,,34.176273,-118.161942,LINCOLN 1,23.0
2025-01-07 17:55:00,717624,210,W,ML,286,58.5,61,64.2,66,61.1,57,56.8,52,54.5,50,54.2,,,34.164368,-118.158093,MOUNTAIN 1,23.9
2025-01-07 17:55:00,717627,210,W,ML,142,64.0,69,65.6,73,62.4,,,,,,,,,34.15225,-118.154678,WALNUT,24.9
2025-01-07 17:55:00,717630,210,W,ML,123,61.0,26,66.1,37,62.8,33,59.6,27,55.5,,,,,34.152218,-118.14821,FAIR OAKS 1,25.4
2025-01-07 17:55:00,717632,210,W,HV,122,61.0,122,61.0,,,,,,,,,,,34.152218,-118.14821,FAIR OAKS 1,25.4
2025-01-07 17:55:00,717634,210,W,ML,407,52.8,91,57.9,92,54.9,80,51.0,75,49.1,69,49.2,,,34.15195,-118.13555,LAKE 1,26.12
2025-01-07 17:55:00,717637,210,W,ML,448,56.3,102,66.2,98,64.1,80,51.9,76,47.2,92,48.3,,,34.152357,-118.123714,HILL,26.8
2025-01-07 17:55:00,717642,210,W,ML,471,51.2,106,65.2,95,45.5,75,53.4,75,46.3,120,45.1,,,34.1527,-118.102255,ALTADENA,28.03
2025-01-07 17:55:00,717643,210,W,HV,45,58.0,45,58.0,,,,,,,,,,,34.1527,-118.102255,ALTADENA,28.03
2025-01-07 17:55:00,717644,210,W,ML,464,58.9,115,68.8,109,62.6,84,57.0,79,49.1,77,51.2,,,34.152727,-118.098063,SAN GABRIEL,28.27
2025-01-07 17:55:00,717645,210,W,HV,39,62.7,39,62.7,,,,,,,,,,,34.152727,-118.098063,SAN GABRIEL,28.27
2025-01-07 17:55:00,717649,210,W,ML,440,60.0,125,68.0,106,64.2,69,49.4,75,58.1,65,51.3,,,34.148074,-118.08377,SIERRA MADRE V1,29.17
2025-01-07 17:55:00,717653,210,W,ML,336,53.7,91,54.3,88,53.3,68,52.9,56,54.0,33,54.4,,,34.148737,-118.071321,ROSEMEAD 1,29.879
2025-01-07 17:55:00,761318,210,W,HV,122,61.0,122,61.0,,,,,,,,,,,34.15195,-118.13555,LAKE 1,26.12
2025-01-07 17:55:00,761322,210,W,HV,50,58.7,50,58.7,,,,,,,,,,,34.152357,-118.123714,HILL,26.8
2025-01-07 17:55:00,761325,210,W,HV,61,56.4,61,56.4,,,,,,,,,,,34.148074,-118.08377,SIERRA MADRE V1,29.17
2025-01-07 17:55:00,761431,210,W,HV,122,61.0,122,61.0,,,,,,,,,,,34.148737,-118.071321,ROSEMEAD 1,29.879
2025-01-07 17:55:00,764135,210,W,HV,122,61.0,122,61.0,,,,,,,,,,,34.152092,-118.143249,MARENGO,25.68
2025-01-07 17:55:00,764137,210,W,ML,612,35.6,104,38.6,121,37.4,105,36.4,108,34.9,98,32.6,76,32.6,34.152092,-118.143249,MARENGO,25.68
2025-01-07 17:55:00,769807,210,W,ML,317,53.4,109,60.3,74,53.3,69,48.7,65,47.2,,,,,34.197068,-118.184827,FOOTHILL,20.98
2025-01-07 17:55:00,769867,210,W,ML,420,43.8,118,49.7,109,49.2,99,38.7,94,35.5,,,,,34.218652,-118.239558,LA CRESCENTA,17.38
2025-01-07 17:55:00,769911,210,W,ML,467,38.0,122,36.0,100,44.4,88,34.6,83,34.2,74,40.7,,,34.224897,-118.251344,PENNSYLVANIA,16.58
2025-01-07 17:55:00,769926,210,W,ML,540,43.8,104,47.6,105,44.8,92,41.0,85,40.3,79,42.3,75,46.3,34.214462,-118.232443,OCEAN VIEW,17.88
2025-01-07 17:55:00,769941,210,W,ML,379,60.6,112,67.8,100,64.3,78,51.6,89,55.3,,,,,34.207101,-118.204943,ANGELES CREST HWY SB,19.58
2025-01-07 17:55:00,769953,210,W,ML,317,57.9,111,68.1,82,56.7,76,52.1,48,45.3,,,,,34.206998,-118.201441,ANGELES CREST HWY NB,19.78
2025-01-07 17:55:00,769965,210,W,ML,334,42.0,128,45.0,14,69.8,103,36.0,89,40.1,,,,,34.232554,-118.271772,HONOLULU,15.28
2025-01-07 17:55:00,769983,210,W,ML,326,50.2,89,45.7,104,55.2,69,50.2,64,48.5,,,,,34.203186,-118.191671,GOULD,20.4
2025-01-07 17:55:00,770000,210,W,ML,291,52.0,76,55.9,80,53.3,70,50.0,65,48.3,,,,,34.19198,-118.181214,BERKSHIRE,21.39
2025-01-07 17:55:00,770129,210,W,ML,443,49.2,146,53.6,131,51.6,95,42.1,71,45.1,,,,,34.234984,-118.290562,LA TUNA CANYON NB,14.18
2025-01-07 17:55:00,770141,210,W,ML,292,51.3,95,51.8,98,54.0,28,64.1,71,42.0,,,,,34.234987,-118.294031,LA TUNA CANYON SB,13.98
2025-01-07 17:55:00,770386,210,W,ML,362,58.5,98,63.3,98,60.2,86,55.8,80,53.5,,,,,34.207155,-118.2137,EB/NB 2 TO EB 210 CN,19.08
2025-01-07 17:55:00,770401,210,W,ML,493,55.2,103,59.8,150,56.8,132,53.9,108,50.2,,,,,34.211095,-118.225948,EB/NB 2 TO WB 210 CN,18.32
2025-01-07 17:55:00,770568,210,W,ML,220,58.7,62,69.2,53,66.6,51,52.7,54,44.6,,,,,34.165953,-118.157943,HAMMOND ST.,23.79
2025-01-07 17:55:00,770579,210,W,ML,230,63.4,48,71.8,66,65.6,35,58.9,81,58.7,,,,,34.156597,-118.157944,WINONA WAY,24.442
2025-01-07 18:00:00,717615,210,W,ML,242,41.3,61,45.6,67,42.8,59,38.4,55,38.0,,,,,34.182539,-118.171545,ARROYO 1,22.3
2025-01-07 18:00:00,717622,210,W,ML,250,45.4,69,60.5,57,51.5,60,35.1,64,33.5,,,,,34.176273,-118.161942,LINCOLN 1,23.0
2025-01-07 18:00:00,717624,210,W,ML,273,59.2,56,65.2,61,62.1,55,57.7,51,55.3,50,54.9,,,34.164368,-118.158093,MOUNTAIN 1,23.9
2025-01-07 18:00:00,717627,210,W,ML,115,63.9,54,65.5,61,62.4,,,,,,,,,34.15225,-118.154678,WALNUT,24.9
2025-01-07 18:00:00,717630,210,W,ML,121,61.4,25,66.6,37,63.2,32,60.0,27,55.9,,,,,34.152218,-118.14821,FAIR OAKS 1,25.4
2025-01-07 18:00:00,717632,210,W,HV,121,61.4,121,61.4,,,,,,,,,,,34.152218,-118.14821,FAIR OAKS 1,25.4
2025-01-07 18:00:00,717634,210,W,ML,404,53.8,90,59.1,92,56.0,80,52.1,75,50.1,67,50.1,,,34.15195,-118.13555,LAKE 1,26.12
2025-01-07 18:00:00,717637,210,W,ML,451,57.0,115,65.8,97,63.5,87,53.9,73,46.7,79,49.1,,,34.152357,-118.123714,HILL,26.8
2025-01-07 18:00:00,717642,210,W,ML,450,53.1,104,64.8,94,53.5,73,51.8,72,43.8,107,48.3,,,34.1527,-118.102255,ALTADENA,28.03
2025-01-07 18:00:00,717643,210,W,HV,66,56.3,66,56.3,,,,,,,,,,,34.1527,-118.102255,ALTADENA,28.03
2025-01-07 18:00:00,717644,210,W,ML,436,56.8,119,66.4,101,60.0,74,52.2,68,47.8,74,49.9,,,34.152727,-118.098063,SAN GABRIEL,28.27
2025-01-07 18:00:00,717645,210,W,HV,72,60.1,72,60.1,,,,,,,,,,,34.152727,-118.098063,SAN GABRIEL,28.27
2025-01-07 18:00:00,717649,210,W,ML,433,59.3,112,67.6,105,64.8,78,46.8,71,56.6,67,54.5,,,34.148074,-118.08377,SIERRA MADRE V1,29.17
2025-01-07 18:00:00,717653,210,W,ML,347,56.5,94,57.5,90,56.3,70,55.8,58,56.2,35,55.9,,,34.148737,-118.071321,ROSEMEAD 1,29.879
2025-01-07 18:00:00,761318,210,W,HV,121,61.4,121,61.4,,,,,,,,,,,34.15195,-118.13555,LAKE 1,26.12
2025-01-07 18:00:00,761322,210,W,HV,54,59.4,54,59.4,,,,,,,,,,,34.152357,-118.123714,HILL,26.8
2025-01-07 18:00:00,761325,210,W,HV,57,56.0,57,56.0,,,,,,,,,,,34.148074,-118.08377,SIERRA MADRE V1,29.17
2025-01-07 18:00:00,761431,210,W,HV,121,61.4,121,61.4,,,,,,,,,,,34.148737,-118.071321,ROSEMEAD 1,29.879
2025-01-07 18:00:00,764135,210,W,HV,121,61.4,121,61.4,,,,,,,,,,,34.152092,-118.143249,MARENGO,25.68
2025-01-07 18:00:00,764137,210,W,ML,607,36.3,103,39.4,120,38.1,104,37.1,107,35.6,97,33.2,76,33.2,34.152092,-118.143249,MARENGO,25.68
2025-01-07 18:00:00,769807,210,W,ML,334,52.2,88,60.7,91,52.3,80,47.9,75,46.5,,,,,34.197068,-118.184827,FOOTHILL,20.98
2025-01-07 18:00:00,769867,210,W,ML,383,47.1,106,53.9,89,52.4,90,40.0,98,41.6,,,,,34.218652,-118.239558,LA CRESCENTA,17.38
2025-01-07 18:00:00,769911,210,W,ML,461,42.8,132,44.6,90,48.5,87,37.3,84,39.7,68,42.9,,,34.224897,-118.251344,PENNSYLVANIA,16.58
2025-01-07 18:00:00,769926,210,W,ML,471,48.0,89,52.4,91,49.5,79,45.5,74,44.4,71,45.8,67,49.1,34.214462,-118.232443,OCEAN VIEW,17.88
2025-01-07 18:00:00,769941,210,W,ML,292,57.4,78,68.2,73,60.3,49,41.9,92,54.1,,,,,34.207101,-118.204943,ANGELES CREST HWY SB,19.58
2025-01-07 18:00:00,769953,210,W,ML,220,56.5,64,68.7,59,57.1,64,48.2,33,47.6,,,,,34.206998,-118.201441,ANGELES CREST HWY NB,19.78
2025-01-07 18:00:00,769965,210,W,ML,347,44.4,152,49.1,9,70.1,108,38.5,78,40.3,,,,,34.232554,-118.271772,HONOLULU,15.28
2025-01-07 18:00:00,769983,210,W,ML,268,49.1,71,44.2,81,54.0,60,49.5,56,47.9,,,,,34.203186,-118.191671,GOULD,20.4
2025-01-07 18:00:00,770000,210,W,ML,339,51.4,91,55.1,92,52.5,81,49.3,75,47.7,,,,,34.19198,-118.181214,BERKSHIRE,21.39
2025-01-07 18:00:00,770129,210,W,ML,471,50.8,160,56.0,136,54.0,101,42.6,74,44.7,,,,,34.234984,-118.290562,LA TUNA CANYON NB,14.18
2025-01-07 18:00:00,770141,210,W,ML,305,52.9,99,54.2,102,55.7,30,64.4,74,42.7,,,,,34.234987,-118.294031,LA TUNA CANYON SB,13.98
2025-01-07 18:00:00,770386,210,W,ML,287,56.9,75,61.4,78,58.4,69,54.4,65,52.3,,,,,34.207155,-118.2137,EB/NB 2 TO EB 210 CN,19.08
2025-01-07 18:00:00,770401,210,W,ML,488,56.2,102,60.9,148,57.8,131,54.9,107,51.1,,,,,34.211095,-118.225948,EB/NB 2 TO WB 210 CN,18.32
2025-01-07 18:00:00,770568,210,W,ML,221,58.8,51,69.1,51,67.9,56,48.9,63,51.8,,,,,34.165953,-118.157943,HAMMOND ST.,23.79
2025-01-07 18:00:00,770579,210,W,ML,160,63.4,31,72.4,49,65.5,22,62.5,58,57.2,,,,,34.156597,-118.157944,WINONA WAY,24.442
2025-01-07 18:05:00,717615,210,W,ML,265,42.4,68,45.9,73,43.2,64,40.3,60,39.6,,,,,34.182539,-118.171545,ARROYO 1,22.3
2025-01-07 18:05:00,717622,210,W,ML,263,45.7,63,58.5,65,52.0,85,38.4,50,33.9,,,,,34.176273,-118.161942,LINCOLN 1,23.0
2025-01-07 18:05:00,717624,210,W,ML,261,60.5,53,66.6,59,63.4,52,58.9,49,56.4,48,56.1,,,34.164368,-118.158093,MOUNTAIN 1,23.9
2025-01-07 18:05:00,717627,210,W,ML,98,65.1,47,66.8,51,63.6,,,,,,,,,34.15225,-118.154678,WALNUT,24.9
2025-01-07 18:05:00,717630,210,W,ML,119,61.7,25,66.9,36,63.5,32,60.3,26,56.2,,,,,34.152218,-118.14821,FAIR OAKS 1,25.4
2025-01-07 18:05:00,717632,210,W,HV,120,61.7,120,61.7,,,,,,,,,,,34.152218,-118.14821,FAIR OAKS 1,25.4
2025-01-07 18:05:00,717634,210,W,ML,412,53.4,92,58.9,94,55.8,82,51.6,76,49.6,68,49.3,,,34.15195,-118.13555,LAKE 1,26.12
2025-01-07 18:05:00,717637,210,W,ML,442,56.3,105,66.4,102,62.0,75,49.9,76,49.6,84,48.6,,,34.152357,-118.123714,HILL,26.8
2025-01-07 18:05:00,717642,210,W,ML,445,52.7,105,63.6,90,54.7,70,52.0,70,43.8,110,46.7,,,34.1527,-118.102255,ALTADENA,28.03
2025-01-07 18:05:00,717643,210,W,HV,71,55.8,71,55.8,,,,,,,,,,,34.1527,-118.102255,ALTADENA,28.03
2025-01-07 18:05:00,717644,210,W,ML,438,55.4,115,64.1,92,58.3,80,54.6,79,47.8,72,47.2,,,34.152727,-118.098063,SAN GABRIEL,28.27
2025-01-07 18:05:00,717645,210,W,HV,64,59.8,64,59.8,,,,,,,,,,,34.152727,-118.098063,SAN GABRIEL,28.27
2025-01-07 18:05:00,717649,210,W,ML,429,59.4,128,67.1,102,62.6,68,46.0,72,56.4,59,55.9,,,34.148074,-118.08377,SIERRA MADRE V1,29.17
2025-01-07 18:05:00,717653,210,W,ML,307,57.7,84,58.9,80,57.6,63,57.1,51,57.1,29,56.5,,,34.148737,-118.071321,ROSEMEAD 1,29.879
2025-01-07 18:05:00,761318,210,W,HV,120,61.7,120,61.7,,,,,,,,,,,34.15195,-118.13555,LAKE 1,26.12
2025-01-07 18:05:00,761322,210,W,HV,69,60.6,69,60.6,,,,,,,,,,,34.152357,-118.123714,HILL,26.8
2025-01-07 18:05:00,761325,210,W,HV,83,56.3,83,56.3,,,,,,,,,,,34.148074,-118.08377,SIERRA MADRE V1,29.17
2025-01-07 18:05:00,761431,210,W,HV,120,61.7,120,61.7,,,,,,,,,,,34.148737,-118.071321,ROSEMEAD 1,29.879
2025-01-07 18:05:00,764135,210,W,HV,120,61.7,120,61.7,,,,,,,,,,,34.152092,-118.143249,MARENGO,25.68
2025-01-07 18:05:00,764137,210,W,ML,612,37.3,104,40.5,121,39.2,105,38.1,108,36.6,98,34.1,76,34.1,34.152092,-118.143249,MARENGO,25.68
2025-01-07 18:05:00,769807,210,W,ML,289,52.0,92,60.0,69,51.5,66,47.3,62,45.9,,,,,34.197068,-118.184827,FOOTHILL,20.98
2025-01-07 18:05:00,769867,210,W,ML,373,51.5,99,59.8,96,55.1,86,44.2,92,45.7,,,,,34.218652,-118.239558,LA CRESCENTA,17.38
2025-01-07 18:05:00,769911,210,W,ML,397,48.9,95,52.2,87,52.5,76,47.5,74,44.8,65,45.8,,,34.224897,-118.251344,PENNSYLVANIA,16.58
2025-01-07 18:05:00,769926,210,W,ML,497,50.8,95,55.7,96,52.8,84,48.6,78,47.2,74,48.2,70,51.0,34.214462,-118.232443,OCEAN VIEW,17.88
2025-01-07 18:05:00,769941,210,W,ML,280,57.5,76,67.2,78,60.7,63,46.8,63,52.7,,,,,34.207101,-118.204943,ANGELES CREST HWY SB,19.58
2025-01-07 18:05:00,769953,210,W,ML,292,56.2,84,65.2,88,58.0,62,52.6,58,44.4,,,,,34.206998,-118.201441,ANGELES CREST HWY NB,19.78
2025-01-07 18:05:00,769965,210,W,ML,278,50.2,112,56.2,10,70.0,92,43.4,64,46.2,,,,,34.232554,-118.271772,HONOLULU,15.28
2025-01-07 18:05:00,769983,210,W,ML,307,50.5,85,46.7,99,55.7,64,49.7,59,48.1,,,,,34.203186,-118.191671,GOULD,20.4
2025-01-07 18:05:00,770000,210,W,ML,277,50.8,72,54.5,76,51.9,67,48.8,62,47.2,,,,,34.19198,-118.181214,BERKSHIRE,21.39
2025-01-07 18:05:00,770129,210,W,ML,411,54.9,140,60.4,120,56.3,86,47.0,65,50.9,,,,,34.234984,-118.290562,LA TUNA CANYON NB,14.18
2025-01-07 18:05:00,770141,210,W,ML,266,54.8,85,56.5,90,57.3,26,64.7,65,45.3,,,,,34.234987,-118.294031,LA TUNA CANYON SB,13.98
2025-01-07 18:05:00,770386,210,W,ML,274,56.5,73,61.2,76,58.1,66,53.7,59,51.6,,,,,34.207155,-118.2137,EB/NB 2 TO EB 210 CN,19.08
2025-01-07 18:05:00,770401,210,W,ML,490,57.3,102,62.1,149,59.0,131,56.0,108,52.1,,,,,34.211095,-118.225948,EB/NB 2 TO WB 210 CN,18.32
2025-01-07 18:05:00,770568,210,W,ML,197,52.1,27,70.7,38,67.5,70,45.4,62,42.2,,,,,34.165953,-118.157943,HAMMOND ST.,23.79
2025-01-07 18:05:00,770579,210,W,ML,171,65.9,36,72.3,55,66.5,44,65.0,36,59.5,,,,,34.156597,-118.157944,WINONA WAY,24.442
2025-01-07 18:10:00,717615,210,W,ML,214,33.1,53,35.8,59,33.9,53,31.1,49,31.5,,,,,34.182539,-118.171545,ARROYO 1,22.3
2025-01-07 18:10:00,717622,210,W,ML,184,26.6,45,32.0,47,28.5,34,20.8,58,24.4,,,,,34.176273,-118.161942,LINCOLN 1,23.0
2025-01-07 18:10:00,717624,210,W,ML,378,58.4,84,64.1,86,61.0,75,56.6,69,54.3,64,53.9,,,34.164368,-118.158093,MOUNTAIN 1,23.9
2025-01-07 18:10:00,717627,210,W,ML,174,62.6,86,64.2,88,61.0,,,,,,,,,34.15225,-118.154678,WALNUT,24.9
2025-01-07 18:10:00,717630,210,W,ML,123,62.0,26,67.2,37,63.8,33,60.6,27,56.4,,,,,34.152218,-118.14821,FAIR OAKS 1,25.4
2025-01-07 18:10:00,717632,210,W,HV,122,62.0,122,62.0,,,,,,,,,,,34.152218,-118.14821,FAIR OAKS 1,25.4
2025-01-07 18:10:00,717634,210,W,ML,448,51.4,100,56.7,101,53.6,89,49.5,83,47.7,75,47.5,,,34.15195,-118.13555,LAKE 1,26.12
2025-01-07 18:10:00,717637,210,W,ML,486,54.8,118,65.4,112,61.5,79,48.0,87,48.2,90,45.0,,,34.152357,-118.123714,HILL,26.8
2025-01-07 18:10:00,717642,210,W,ML,499,50.4,130,59.3,109,54.1,78,48.9,71,41.0,111,43.3,,,34.1527,-118.102255,ALTADENA,28.03
2025-01-07 18:10:00,717643,210,W,HV,88,53.2,88,53.2,,,,,,,,,,,34.1527,-118.102255,ALTADENA,28.03
2025-01-07 18:10:00,717644,210,W,ML,519,52.0,153,60.1,127,55.0,83,48.4,83,43.4,73,43.6,,,34.152727,-118.098063,SAN GABRIEL,28.27
2025-01-07 18:10:00,717645,210,W,HV,89,56.2,89,56.2,,,,,,,,,,,34.152727,-118.098063,SAN GABRIEL,28.27
2025-01-07 18:10:00,717649,210,W,ML,497,56.4,147,63.7,124,60.2,84,42.8,74,54.0,68,53.4,,,34.148074,-118.08377,SIERRA MADRE V1,29.17
2025-01-07 18:10:00,717653,210,W,ML,356,55.5,95,56.4,92,55.3,72,54.8,60,55.4,37,55.4,,,34.148737,-118.071321,ROSEMEAD 1,29.879
2025-01-07 18:10:00,761318,210,W,HV,122,62.0,122,62.0,,,,,,,,,,,34.15195,-118.13555,LAKE 1,26.12
2025-01-07 18:10:00,761322,210,W,HV,80,59.9,80,59.9,,,,,,,,,,,34.152357,-118.123714,HILL,26.8
2025-01-07 18:10:00,761325,210,W,HV,78,54.4,78,54.4,,,,,,,,,,,34.148074,-118.08377,SIERRA MADRE V1,29.17
2025-01-07 18:10:00,761431,210,W,HV,122,62.0,122,62.0,,,,,,,,,,,34.148737,-118.071321,ROSEMEAD 1,29.879
2025-01-07 18:10:00,764135,210,W,HV,122,62.0,122,62.0,,,,,,,,,,,34.152092,-118.143249,MARENGO,25.68
2025-01-07 18:10:00,764137,210,W,ML,619,38.0,105,41.2,122,39.9,107,38.8,109,37.3,99,34.8,77,34.8,34.152092,-118.143249,MARENGO,25.68
2025-01-07 18:10:00,769807,210,W,ML,237,50.8,54,59.9,63,51.2,62,47.0,58,45.7,,,,,34.197068,-118.184827,FOOTHILL,20.98
2025-01-07 18:10:00,769867,210,W,ML,404,53.0,106,61.1,107,58.2,92,46.3,99,45.1,,,,,34.218652,-118.239558,LA CRESCENTA,17.38
2025-01-07 18:10:00,769911,210,W,ML,440,49.9,113,55.3,92,51.0,87,49.6,79,44.0,69,46.7,,,34.224897,-118.251344,PENNSYLVANIA,16.58
2025-01-07 18:10:00,769926,210,W,ML,543,50.4,105,55.2,104,52.3,91,48.2,85,46.8,81,47.9,77,50.7,34.214462,-118.232443,OCEAN VIEW,17.88
2025-01-07 18:10:00,769941,210,W,ML,271,54.6,77,65.8,70,58.6,44,38.3,80,49.2,,,,,34.207101,-118.204943,ANGELES CREST HWY SB,19.58
2025-01-07 18:10:00,769953,210,W,ML,264,54.0,84,62.5,75,58.8,42,48.4,63,40.5,,,,,34.206998,-118.201441,ANGELES CREST HWY NB,19.78
2025-01-07 18:10:00,769965,210,W,ML,286,52.0,116,58.0,11,70.4,96,48.3,63,43.3,,,,,34.232554,-118.271772,HONOLULU,15.28
2025-01-07 18:10:00,769983,210,W,ML,268,48.9,68,45.3,77,54.5,64,48.1,59,46.6,,,,,34.203186,-118.191671,GOULD,20.4
2025-01-07 18:10:00,770000,210,W,ML,260,50.5,67,54.2,71,51.7,63,48.6,59,47.0,,,,,34.19198,-118.181214,BERKSHIRE,21.39
2025-01-07 18:10:00,770129,210,W,ML,365,54.8,119,60.8,107,57.2,88,48.3,51,47.0,,,,,34.234984,-118.290562,LA TUNA CANYON NB,14.18
2025-01-07 18:10:00,770141,210,W,ML,258,55.2,82,57.4,88,57.9,25,64.8,63,44.6,,,,,34.234987,-118.294031,LA TUNA CANYON SB,13.98
2025-01-07 18:10:00,770386,210,W,ML,278,53.6,72,58.4,76,55.3,67,50.9,63,49.2,,,,,34.207155,-118.2137,EB/NB 2 TO EB 210 CN,19.08
2025-01-07 18:10:00,770401,210,W,ML,497,58.2,104,63.1,151,59.9,133,56.8,109,53.0,,,,,34.211095,-118.225948,EB/NB 2 TO WB 210 CN,18.32
2025-01-07 18:10:00,770568,210,W,ML,273,52.6,44,71.5,56,66.4,100,47.1,73,38.2,,,,,34.165953,-118.157943,HAMMOND ST.,23.79
2025-01-07 18:10:00,770579,210,W,ML,240,61.5,24,72.2,85,63.9,54,60.7,77,56.1,,,,,34.156597,-118.157944,WINONA WAY,24.442
2025-01-07 18:15:00,717615,210,W,ML,138,23.9,30,25.1,39,23.7,36,23.2,33,23.7,,,,,34.182539,-118.171545,ARROYO 1,22.3
2025-01-07 18:15:00,717622,210,W,ML,107,15.4,30,17.6,20,15.2,17,11.3,40,15.6,,,,,34.176273,-118.161942,LINCOLN 1,23.0
2025-01-07 18:15:00,717624,210,W,ML,239,59.4,48,65.3,54,62.1,48,57.8,45,55.4,44,55.4,,,34.164368,-118.158093,MOUNTAIN 1,23.9
2025-01-07 18:15:00,717627,210,W,ML,101,64.1,48,65.8,53,62.6,,,,,,,,,34.15225,-118.154678,WALNUT,24.9
2025-01-07 18:15:00,717630,210,W,ML,123,62.2,26,67.4,37,64.0,33,60.8,27,56.6,,,,,34.152218,-118.14821,FAIR OAKS 1,25.4
2025-01-07 18:15:00,717632,210,W,HV,122,62.2,122,62.2,,,,,,,,,,,34.152218,-118.14821,FAIR OAKS 1,25.4
2025-01-07 18:15:00,717634,210,W,ML,421,48.4,94,53.5,96,50.5,84,46.3,77,44.8,70,45.2,,,34.15195,-118.13555,LAKE 1,26.12
2025-01-07 18:15:00,717637,210,W,ML,497,52.3,128,63.2,116,59.3,90,44.9,86,42.2,77,43.3,,,34.152357,-118.123714,HILL,26.8
2025-01-07 18:15:00,717642,210,W,ML,513,46.6,131,53.9,116,52.7,86,44.8,81,38.4,99,38.2,,,34.1527,-118.102255,ALTADENA,28.03
2025-01-07 18:15:00,717643,210,W,HV,65,51.9,65,51.9,,,,,,,,,,,34.1527,-118.102255,ALTADENA,28.03
2025-01-07 18:15:00,717644,210,W,ML,541,49.1,143,58.2,126,52.7,99,44.8,97,41.3,76,41.4,,,34.152727,-118.098063,SAN GABRIEL,28.27
2025-01-07 18:15:00,717645,210,W,HV,74,54.9,74,54.9,,,,,,,,,,,34.152727,-118.098063,SAN GABRIEL,28.27
2025-01-07 18:15:00,717649,210,W,ML,482,55.4,137,62.5,116,59.9,80,41.1,84,52.5,65,53.7,,,34.148074,-118.08377,SIERRA MADRE V1,29.17
2025-01-07 18:15:00,717653,210,W,ML,339,55.8,91,56.7,88,55.6,69,55.1,57,55.6,34,55.5,,,34.148737,-118.071321,ROSEMEAD 1,29.879
2025-01-07 18:15:00,761318,210,W,HV,122,62.2,122,62.2,,,,,,,,,,,34.15195,-118.13555,LAKE 1,26.12
2025-01-07 18:15:00,761322,210,W,HV,77,58.5,77,58.5,,,,,,,,,,,34.152357,-118.123714,HILL,26.8
2025-01-07 18:15:00,761325,210,W,HV,66,54.6,66,54.6,,,,,,,,,,,34.148074,-118.08377,SIERRA MADRE V1,29.17
2025-01-07 18:15:00,761431,210,W,HV,122,62.2,122,62.2,,,,,,,,,,,34.148737,-118.071321,ROSEMEAD 1,29.879
2025-01-07 18:15:00,764135,210,W,HV,122,62.2,122,62.2,,,,,,,,,,,34.152092,-118.143249,MARENGO,25.68
2025-01-07 18:15:00,764137,210,W,ML,619,38.2,105,41.5,122,40.1,107,39.0,109,37.5,99,35.0,77,35.0,34.152092,-118.143249,MARENGO,25.68
2025-01-07 18:15:00,769807,210,W,ML,151,54.6,34,61.9,33,57.0,43,51.5,41,49.7,,,,,34.197068,-118.184827,FOOTHILL,20.98
2025-01-07 18:15:00,769867,210,W,ML,271,55.9,62,64.1,63,59.9,65,52.1,81,49.7,,,,,34.218652,-118.239558,LA CRESCENTA,17.38
2025-01-07 18:15:00,769911,210,W,ML,338,53.0,77,60.1,74,54.2,64,51.1,66,48.6,57,49.1,,,34.224897,-118.251344,PENNSYLVANIA,16.58
2025-01-07 18:15:00,769926,210,W,ML,368,53.5,67,58.9,71,55.9,63,51.7,59,49.9,56,50.6,52,52.9,34.214462,-118.232443,OCEAN VIEW,17.88
2025-01-07 18:15:00,769941,210,W,ML,129,55.8,25,69.7,25,63.2,31,33.6,48,59.1,,,,,34.207101,-118.204943,ANGELES CREST HWY SB,19.58
2025-01-07 18:15:00,769953,210,W,ML,126,56.6,39,64.5,26,63.1,29,42.0,32,55.1,,,,,34.206998,-118.201441,ANGELES CREST HWY NB,19.78
2025-01-07 18:15:00,769965,210,W,ML,257,53.5,109,60.5,10,70.7,71,46.3,67,47.0,,,,,34.232554,-118.271772,HONOLULU,15.28
2025-01-07 18:15:00,769983,210,W,ML,147,51.2,36,45.1,36,53.5,40,54.0,35,51.9,,,,,34.203186,-118.191671,GOULD,20.4
2025-01-07 18:15:00,770000,210,W,ML,174,54.5,41,58.8,48,56.0,44,52.5,41,50.5,,,,,34.19198,-118.181214,BERKSHIRE,21.39
2025-01-07 18:15:00,770129,210,W,ML,380,55.6,122,62.1,121,58.9,81,46.0,56,48.3,,,,,34.234984,-118.290562,LA TUNA CANYON NB,14.18
2025-01-07 18:15:00,770141,210,W,ML,236,56.4,74,59.1,81,59.1,23,65.0,58,45.8,,,,,34.234987,-118.294031,LA TUNA CANYON SB,13.98
2025-01-07 18:15:00,770386,210,W,ML,152,58.7,34,63.8,43,60.6,39,56.4,36,54.2,,,,,34.207155,-118.2137,EB/NB 2 TO EB 210 CN,19.08
2025-01-07 18:15:00,770401,210,W,ML,497,58.8,104,63.7,151,60.5,133,57.4,109,53.5,,,,,34.211095,-118.225948,EB/NB 2 TO WB 210 CN,18.32
2025-01-07 18:15:00,770568,210,W,ML,203,56.9,43,71.5,37,68.2,74,50.3,49,45.4,,,,,34.165953,-118.157943,HAMMOND ST.,23.79
2025-01-07 18:15:00,770579,210,W,ML,156,64.6,39,71.6,42,64.3,37,62.7,38,59.4,,,,,34.156597,-118.157944,WINONA WAY,24.442
2025-01-07 18:20:00,717615,210,W,ML,112,19.8,25,20.8,33,19.5,28,18.9,26,20.3,,,,,34.182539,-118.171545,ARROYO 1,22.3
2025-01-07 18:20:00,717622,210,W,ML,113,9.7,48,11.2,29,9.8,23,6.8,13,9.1,,,,,34.176273,-118.161942,LINCOLN 1,23.0
2025-01-07 18:20:00,717624,210,W,ML,260,59.3,52,65.2,59,62.0,52,57.7,49,55.3,48,55.4,,,34.164368,-118.158093,MOUNTAIN 1,23.9
2025-01-07 18:20:00,717627,210,W,ML,106,64.0,51,65.7,55,62.4,,,,,,,,,34.15225,-118.154678,WALNUT,24.9
2025-01-07 18:20:00,717630,210,W,ML,121,62.4,25,67.6,37,64.2,32,61.0,27,56.8,,,,,34.152218,-118.14821,FAIR OAKS 1,25.4
2025-01-07 18:20:00,717632,210,W,HV,121,62.4,121,62.4,,,,,,,,,,,34.152218,-118.14821,FAIR OAKS 1,25.4
2025-01-07 18:20:00,717634,210,W,ML,363,50.1,80,55.1,83,52.1,73,48.1,67,46.7,60,46.9,,,34.15195,-118.13555,LAKE 1,26.12
2025-01-07 18:20:00,717637,210,W,ML,419,54.0,105,64.1,100,60.2,80,49.3,69,45.4,65,43.2,,,34.152357,-118.123714,HILL,26.8
2025-01-07 18:20:00,717642,210,W,ML,432,48.6,98,56.6,89,54.8,69,48.0,68,40.4,108,41.9,,,34.1527,-118.102255,ALTADENA,28.03
2025-01-07 18:20:00,717643,210,W,HV,56,52.4,56,52.4,,,,,,,,,,,34.1527,-118.102255,ALTADENA,28.03
2025-01-07 18:20:00,717644,210,W,ML,410,49.7,100,58.7,88,53.5,77,47.6,72,43.4,73,41.2,,,34.152727,-118.098063,SAN GABRIEL,28.27
2025-01-07 18:20:00,717645,210,W,HV,60,55.4,60,55.4,,,,,,,,,,,34.152727,-118.098063,SAN GABRIEL,28.27
2025-01-07 18:20:00,717649,210,W,ML,411,57.3,116,64.1,98,61.2,71,47.5,69,53.4,57,53.8,,,34.148074,-118.08377,SIERRA MADRE V1,29.17
2025-01-07 18:20:00,717653,210,W,ML,300,55.9,81,56.8,78,55.7,61,55.2,50,55.7,30,55.6,,,34.148737,-118.071321,ROSEMEAD 1,29.879
2025-01-07 18:20:00,761318,210,W,HV,121,62.4,121,62.4,,,,,,,,,,,34.15195,-118.13555,LAKE 1,26.12
2025-01-07 18:20:00,761322,210,W,HV,59,58.3,59,58.3,,,,,,,,,,,34.152357,-118.123714,HILL,26.8
2025-01-07 18:20:00,761325,210,W,HV,54,55.1,54,55.1,,,,,,,,,,,34.148074,-118.08377,SIERRA MADRE V1,29.17
2025-01-07 18:20:00,761431,210,W,HV,121,62.4,121,62.4,,,,,,,,,,,34.148737,-118.071321,ROSEMEAD 1,29.879
2025-01-07 18:20:00,764135,210,W,HV,121,62.4,121,62.4,,,,,,,,,,,34.152092,-118.143249,MARENGO,25.68
2025-01-07 18:20:00,764137,210,W,ML,621,39.1,105,42.4,123,41.1,107,39.9,109,38.4,100,35.8,77,35.8,34.152092,-118.143249,MARENGO,25.68
2025-01-07 18:20:00,769807,210,W,ML,170,57.2,42,63.9,38,60.0,46,53.8,44,51.8,,,,,34.197068,-118.184827,FOOTHILL,20.98
2025-01-07 18:20:00,769867,210,W,ML,263,58.1,51,64.7,62,59.8,76,57.4,74,52.9,,,,,34.218652,-118.239558,LA CRESCENTA,17.38
2025-01-07 18:20:00,769911,210,W,ML,304,56.8,62,63.3,70,58.0,61,57.4,57,52.6,54,51.5,,,34.224897,-118.251344,PENNSYLVANIA,16.58
2025-01-07 18:20:00,769926,210,W,ML,401,55.9,75,61.4,78,58.3,68,54.3,64,52.3,60,52.9,56,54.4,34.214462,-118.232443,OCEAN VIEW,17.88
2025-01-07 18:20:00,769941,210,W,ML,145,56.2,32,71.9,46,65.1,31,33.2,36,50.6,,,,,34.207101,-118.204943,ANGELES CREST HWY SB,19.58
2025-01-07 18:20:00,769953,210,W,ML,145,56.5,48,63.4,45,63.5,35,37.3,17,58.2,,,,,34.206998,-118.201441,ANGELES CREST HWY NB,19.78
2025-01-07 18:20:00,769965,210,W,ML,200,56.7,77,63.9,5,70.7,77,53.0,41,48.5,,,,,34.232554,-118.271772,HONOLULU,15.28
2025-01-07 18:20:00,769983,210,W,ML,185,50.8,49,43.3,53,52.0,43,55.5,40,53.3,,,,,34.203186,-118.191671,GOULD,20.4
2025-01-07 18:20:00,770000,210,W,ML,188,56.6,45,61.2,52,58.3,47,54.5,44,52.4,,,,,34.19198,-118.181214,BERKSHIRE,21.39
2025-01-07 18:20:00,770129,210,W,ML,283,58.5,82,64.5,88,61.0,72,51.7,41,53.1,,,,,34.234984,-118.290562,LA TUNA CANYON NB,14.18
2025-01-07 18:20:00,770141,210,W,ML,208,58.2,64,61.1,72,60.6,20,65.3,52,48.7,,,,,34.234987,-118.294031,LA TUNA CANYON SB,13.98
2025-01-07 18:20:00,770386,210,W,ML,177,54.8,46,59.5,51,56.4,43,52.0,37,50.1,,,,,34.207155,-118.2137,EB/NB 2 TO EB 210 CN,19.08
2025-01-07 18:20:00,770401,210,W,ML,496,59.5,104,64.5,150,61.2,133,58.1,109,54.2,,,,,34.211095,-118.225948,EB/NB 2 TO WB 210 CN,18.32
2025-01-07 18:20:00,770568,210,W,ML,228,55.3,29,72.3,47,69.1,75,48.7,77,46.8,,,,,34.165953,-118.157943,HAMMOND ST.,23.79
2025-01-07 18:20:00,770579,210,W,ML,151,63.9,20,72.9,46,64.3,45,62.5,40,60.7,,,,,34.156597,-118.157944,WINONA WAY,24.442
2025-01-07 18:25:00,717615,210,W,ML,124,18.0,31,19.4,37,18.2,31,16.4,25,18.3,,,,,34.182539,-118.171545,ARROYO 1,22.3
2025-01-07 18:25:00,717622,210,W,ML,153,8.0,62,9.8,53,8.0,17,4.1,21,5.9,,,,,34.176273,-118.161942,LINCOLN 1,23.0
2025-01-07 18:25:00,717624,210,W,ML,212,60.6,42,66.7,49,63.4,43,58.9,39,56.5,39,56.4,,,34.164368,-118.158093,MOUNTAIN 1,23.9
2025-01-07 18:25:00,717627,210,W,ML,88,65.3,41,67.1,47,63.8,,,,,,,,,34.15225,-118.154678,WALNUT,24.9
2025-01-07 18:25:00,717630,210,W,ML,121,62.6,25,67.9,37,64.4,32,61.1,27,57.0,,,,,34.152218,-118.14821,FAIR OAKS 1,25.4
2025-01-07 18:25:00,717632,210,W,HV,121,62.6,121,62.6,,,,,,,,,,,34.152218,-118.14821,FAIR OAKS 1,25.4
2025-01-07 18:25:00,717634,210,W,ML,325,50.6,72,55.5,76,52.6,66,48.6,59,47.1,52,47.3,,,34.15195,-118.13555,LAKE 1,26.12
2025-01-07 18:25:00,717637,210,W,ML,376,54.6,106,63.7,90,60.5,63,47.8,63,48.0,54,42.7,,,34.152357,-118.123714,HILL,26.8
2025-01-07 18:25:00,717642,210,W,ML,424,49.6,110,56.3,89,53.4,71,48.2,71,41.5,83,44.6,,,34.1527,-118.102255,ALTADENA,28.03
2025-01-07 18:25:00,717643,210,W,HV,60,52.0,60,52.0,,,,,,,,,,,34.1527,-118.102255,ALTADENA,28.03
2025-01-07 18:25:00,717644,210,W,ML,437,49.4,117,56.6,93,51.1,92,49.1,74,42.2,61,42.1,,,34.152727,-118.098063,SAN GABRIEL,28.27
2025-01-07 18:25:00,717645,210,W,HV,60,54.8,60,54.8,,,,,,,,,,,34.152727,-118.098063,SAN GABRIEL,28.27
2025-01-07 18:25:00,717649,210,W,ML,382,55.4,103,63.4,99,57.7,62,43.4,71,53.7,47,51.5,,,34.148074,-118.08377,SIERRA MADRE V1,29.17
2025-01-07 18:25:00,717653,210,W,ML,259,53.9,70,54.5,68,53.5,53,53.0,43,54.2,25,54.5,,,34.148737,-118.071321,ROSEMEAD 1,29.879
2025-01-07 18:25:00,761318,210,W,HV,121,62.6,121,62.6,,,,,,,,,,,34.15195,-118.13555,LAKE 1,26.12
2025-01-07 18:25:00,761322,210,W,HV,62,57.2,62,57.2,,,,,,,,,,,34.152357,-118.123714,HILL,26.8
2025-01-07 18:25:00,761325,210,W,HV,65,53.9,65,53.9,,,,,,,,,,,34.148074,-118.08377,SIERRA MADRE V1,29.17
2025-01-07 18:25:00,761431,210,W,HV,121,62.6,121,62.6,,,,,,,,,,,34.148737,-118.071321,ROSEMEAD 1,29.879
2025-01-07 18:25:00,764135,210,W,HV,121,62.6,121,62.6,,,,,,,,,,,34.152092,-118.143249,MARENGO,25.68
2025-01-07 18:25:00,764137,210,W,ML,619,39.0,105,42.3,122,40.9,107,39.8,109,38.3,99,35.7,77,35.7,34.152092,-118.143249,MARENGO,25.68
2025-01-07 18:25:00,769807,210,W,ML,207,57.1,46,63.6,53,60.1,56,53.9,52,51.9,,,,,34.197068,-118.184827,FOOTHILL,20.98
2025-01-07 18:25:00,769867,210,W,ML,322,59.6,71,67.2,85,61.2,81,56.6,85,54.6,,,,,34.218652,-118.239558,LA CRESCENTA,17.38
2025-01-07 18:25:00,769911,210,W,ML,363,58.8,79,65.6,82,59.6,68,57.9,76,56.5,58,52.5,,,34.224897,-118.251344,PENNSYLVANIA,16.58
2025-01-07 18:25:00,769926,210,W,ML,455,56.6,86,62.1,88,59.2,77,55.3,72,53.1,68,53.4,64,54.6,34.214462,-118.232443,OCEAN VIEW,17.88
2025-01-07 18:25:00,769941,210,W,ML,236,58.9,60,69.7,83,63.5,45,47.2,48,48.2,,,,,34.207101,-118.204943,ANGELES CREST HWY SB,19.58
2025-01-07 18:25:00,769953,210,W,ML,211,57.3,53,64.1,71,62.0,47,37.6,40,63.0,,,,,34.206998,-118.201441,ANGELES CREST HWY NB,19.78
2025-01-07 18:25:00,769965,210,W,ML,207,59.5,85,65.0,12,69.9,66,53.0,44,55.6,,,,,34.232554,-118.271772,HONOLULU,15.28
2025-01-07 18:25:00,769983,210,W,ML,246,50.1,68,42.5,78,51.7,52,55.1,48,52.9,,,,,34.203186,-118.191671,GOULD,20.4
2025-01-07 18:25:00,770000,210,W,ML,231,56.8,58,61.3,64,58.3,56,54.5,53,52.4,,,,,34.19198,-118.181214,BERKSHIRE,21.39
2025-01-07 18:25:00,770129,210,W,ML,276,60.8,92,66.3,80,63.3,70,52.6,34,57.2,,,,,34.234984,-118.290562,LA TUNA CANYON NB,14.18
2025-01-07 18:25:00,770141,210,W,ML,202,60.0,62,63.4,70,62.3,20,65.6,50,50.3,,,,,34.234987,-118.294031,LA TUNA CANYON SB,13.98
2025-01-07 18:25:00,770386,210,W,ML,220,53.0,58,57.5,62,54.5,53,50.1,47,48.4,,,,,34.207155,-118.2137,EB/NB 2 TO EB 210 CN,19.08
2025-01-07 18:25:00,770401,210,W,ML,490,60.1,102,65.2,149,61.8,131,58.7,108,54.7,,,,,34.211095,-118.225948,EB/NB 2 TO WB 210 CN,18.32
2025-01-07 18:25:00,770568,210,W,ML,176,60.3,29,72.9,28,69.7,63,55.4,56,54.6,,,,,34.165953,-118.157943,HAMMOND ST.,23.79
2025-01-07 18:25:00,770579,210,W,ML,128,65.5,23,73.5,31,67.4,39,63.0,35,61.5,,,,,34.156597,-118.157944,WINONA WAY,24.442
2025-01-07 18:30:00,717615,210,W,ML,120,17.0,30,18.6,36,17.5,30,14.8,24,16.9,,,,,34.182539,-118.171545,ARROYO 1,22.3
2025-01-07 18:30:00,717622,210,W,ML,161,7.8,73,10.3,52,7.1,16,3.0,20,4.0,,,,,34.176273,-118.161942,LINCOLN 1,23.0
2025-01-07 18:30:00,717624,210,W,ML,297,61.1,64,67.1,68,63.8,59,59.4,54,56.8,52,56.4,,,34.164368,-118.158093,MOUNTAIN 1,23.9
2025-01-07 18:30:00,717627,210,W,ML,103,65.5,48,67.2,55,63.9,,,,,,,,,34.15225,-118.154678,WALNUT,24.9
2025-01-07 18:30:00,717630,210,W,ML,121,62.8,25,68.1,37,64.6,32,61.3,27,57.2,,,,,34.152218,-118.14821,FAIR OAKS 1,25.4
2025-01-07 18:30:00,717632,210,W,HV,121,62.8,121,62.8,,,,,,,,,,,34.152218,-118.14821,FAIR OAKS 1,25.4
2025-01-07 18:30:00,717634,210,W,ML,310,49.8,68,55.0,71,52.0,62,47.8,57,46.2,52,46.2,,,34.15195,-118.13555,LAKE 1,26.12
2025-01-07 18:30:00,717637,210,W,ML,362,53.3,110,61.6,82,60.0,64,44.6,62,45.0,44,44.2,,,34.152357,-118.123714,HILL,26.8
2025-01-07 18:30:00,717642,210,W,ML,393,47.4,101,55.4,77,52.5,67,45.3,62,38.4,86,41.4,,,34.1527,-118.102255,ALTADENA,28.03
2025-01-07 18:30:00,717643,210,W,HV,44,52.3,44,52.3,,,,,,,,,,,34.1527,-118.102255,ALTADENA,28.03
2025-01-07 18:30:00,717644,210,W,ML,409,46.0,106,55.3,97,48.8,75,44.8,57,35.6,74,38.5,,,34.152727,-118.098063,SAN GABRIEL,28.27
2025-01-07 18:30:00,717645,210,W,HV,46,54.9,46,54.9,,,,,,,,,,,34.152727,-118.098063,SAN GABRIEL,28.27
2025-01-07 18:30:00,717649,210,W,ML,401,54.1,112,60.6,99,57.0,70,45.4,70,51.7,50,49.3,,,34.148074,-118.08377,SIERRA MADRE V1,29.17
2025-01-07 18:30:00,717653,210,W,ML,295,52.0,79,52.4,77,51.5,60,51.0,50,52.7,29,53.5,,,34.148737,-118.071321,ROSEMEAD 1,29.879
2025-01-07 18:30:00,761318,210,W,HV,121,62.8,121,62.8,,,,,,,,,,,34.15195,-118.13555,LAKE 1,26.12
2025-01-07 18:30:00,761322,210,W,HV,43,59.0,43,59.0,,,,,,,,,,,34.152357,-118.123714,HILL,26.8
2025-01-07 18:30:00,761325,210,W,HV,34,56.2,34,56.2,,,,,,,,,,,34.148074,-118.08377,SIERRA MADRE V1,29.17
2025-01-07 18:30:00,761431,210,W,HV,121,62.8,121,62.8,,,,,,,,,,,34.148737,-118.071321,ROSEMEAD 1,29.879
2025-01-07 18:30:00,764135,210,W,HV,121,62.8,121,62.8,,,,,,,,,,,34.152092,-118.143249,MARENGO,25.68
2025-01-07 18:30:00,764137,210,W,ML,624,40.7,106,44.2,123,42.7,107,41.6,110,40.0,100,37.3,78,37.3,34.152092,-118.143249,MARENGO,25.68
2025-01-07 18:30:00,769807,210,W,ML,269,57.3,70,63.8,70,59.6,67,53.5,62,51.5,,,,,34.197068,-118.184827,FOOTHILL,20.98
2025-01-07 18:30:00,769867,210,W,ML,288,58.9,76,64.7,82,60.3,62,54.7,68,54.5,,,,,34.218652,-118.239558,LA CRESCENTA,17.38
2025-01-07 18:30:00,769911,210,W,ML,329,59.2,79,65.8,69,59.5,55,55.5,75,59.1,51,52.9,,,34.224897,-118.251344,PENNSYLVANIA,16.58
2025-01-07 18:30:00,769926,210,W,ML,411,56.1,78,61.4,81,58.5,70,54.7,64,52.6,60,53.1,58,54.1,34.214462,-118.232443,OCEAN VIEW,17.88
2025-01-07 18:30:00,769941,210,W,ML,214,56.8,60,68.8,67,63.8,43,41.6,44,44.4,,,,,34.207101,-118.204943,ANGELES CREST HWY SB,19.58
2025-01-07 18:30:00,769953,210,W,ML,189,55.4,44,65.0,63,62.1,48,36.6,34,56.9,,,,,34.206998,-118.201441,ANGELES CREST HWY NB,19.78
2025-01-07 18:30:00,769965,210,W,ML,200,61.9,85,66.2,7,70.4,65,61.0,43,53.6,,,,,34.232554,-118.271772,HONOLULU,15.28
2025-01-07 18:30:00,769983,210,W,ML,245,50.0,65,42.1,73,51.3,55,54.9,52,52.8,,,,,34.203186,-118.191671,GOULD,20.4
2025-01-07 18:30:00,770000,210,W,ML,279,56.5,73,60.9,76,58.0,67,54.2,63,52.1,,,,,34.19198,-118.181214,BERKSHIRE,21.39
2025-01-07 18:30:00,770129,210,W,ML,257,62.6,85,68.1,75,63.6,64,58.0,33,54.8,,,,,34.234984,-118.290562,LA TUNA CANYON NB,14.18
2025-01-07 18:30:00,770141,210,W,ML,183,60.2,55,63.7,64,62.5,18,65.6,46,50.5,,,,,34.234987,-118.294031,LA TUNA CANYON SB,13.98
2025-01-07 18:30:00,770386,210,W,ML,206,50.0,54,54.5,58,51.5,50,47.1,44,45.7,,,,,34.207155,-118.2137,EB/NB 2 TO EB 210 CN,19.08
2025-01-07 18:30:00,770401,210,W,ML,484,60.9,101,66.0,147,62.7,130,59.5,106,55.4,,,,,34.211095,-118.225948,EB/NB 2 TO WB 210 CN,18.32
2025-01-07 18:30:00,770568,210,W,ML,239,55.9,43,71.4,57,68.7,83,46.8,56,44.3,,,,,34.165953,-118.157943,HAMMOND ST.,23.79
2025-01-07 18:30:00,770579,210,W,ML,154,65.0,26,73.6,42,67.6,24,65.2,62,59.6,,,,,34.156597,-118.157944,WINONA WAY,24.442
2025-01-07 18:35:00,717615,210,W,ML,98,16.2,23,17.8,30,16.7,24,14.0,21,16.2,,,,,34.182539,-118.171545,ARROYO 1,22.3
2025-01-07 18:35:00,717622,210,W,ML,152,7.7,69,10.9,55,6.1,15,3.0,13,3.0,,,,,34.176273,-118.161942,LINCOLN 1,23.0
2025-01-07 18:35:00,717624,210,W,ML,232,60.9,48,66.9,54,63.7,47,59.3,43,56.7,40,56.3,,,34.164368,-118.158093,MOUNTAIN 1,23.9
2025-01-07 18:35:00,717627,210,W,ML,101,65.4,48,67.1,53,63.9,,,,,,,,,34.15225,-118.154678,WALNUT,24.9
2025-01-07 18:35:00,717630,210,W,ML,119,63.1,25,68.4,36,64.9,32,61.6,26,57.4,,,,,34.152218,-118.14821,FAIR OAKS 1,25.4
2025-01-07 18:35:00,717632,210,W,HV,120,63.1,120,63.1,,,,,,,,,,,34.152218,-118.14821,FAIR OAKS 1,25.4
2025-01-07 18:35:00,717634,210,W,ML,334,48.5,73,53.6,77,50.6,67,46.5,62,45.0,55,45.1,,,34.15195,-118.13555,LAKE 1,26.12
2025-01-07 18:35:00,717637,210,W,ML,378,52.0,103,60.7,93,58.9,70,44.6,52,44.2,60,41.9,,,34.152357,-118.123714,HILL,26.8
2025-01-07 18:35:00,717642,210,W,ML,399,47.8,92,57.2,85,54.9,67,45.1,66,37.9,89,40.7,,,34.1527,-118.102255,ALTADENA,28.03
2025-01-07 18:35:00,717643,210,W,HV,38,53.4,38,53.4,,,,,,,,,,,34.1527,-118.102255,ALTADENA,28.03
2025-01-07 18:35:00,717644,210,W,ML,395,46.7,100,57.5,88,49.0,69,44.1,69,37.7,69,39.5,,,34.152727,-118.098063,SAN GABRIEL,28.27
2025-01-07 18:35:00,717645,210,W,HV,40,56.6,40,56.6,,,,,,,,,,,34.152727,-118.098063,SAN GABRIEL,28.27
2025-01-07 18:35:00,717649,210,W,ML,398,51.8,107,60.4,90,53.9,68,39.7,66,51.9,67,47.6,,,34.148074,-118.08377,SIERRA MADRE V1,29.17
2025-01-07 18:35:00,717653,210,W,ML,347,50.6,94,50.7,90,49.9,70,49.4,58,51.6,35,52.7,,,34.148737,-118.071321,ROSEMEAD 1,29.879
2025-01-07 18:35:00,761318,210,W,HV,120,63.1,120,63.1,,,,,,,,,,,34.15195,-118.13555,LAKE 1,26.12
2025-01-07 18:35:00,761322,210,W,HV,41,59.7,41,59.7,,,,,,,,,,,34.152357,-118.123714,HILL,26.8
2025-01-07 18:35:00,761325,210,W,HV,47,54.0,47,54.0,,,,,,,,,,,34.148074,-118.08377,SIERRA MADRE V1,29.17
2025-01-07 18:35:00,761431,210,W,HV,120,63.1,120,63.1,,,,,,,,,,,34.148737,-118.071321,ROSEMEAD 1,29.879
2025-01-07 18:35:00,764135,210,W,HV,120,63.1,120,63.1,,,,,,,,,,,34.152092,-118.143249,MARENGO,25.68
2025-01-07 18:35:00,764137,210,W,ML,618,41.8,105,45.4,122,43.9,106,42.7,109,41.1,99,38.3,77,38.3,34.152092,-118.143249,MARENGO,25.68
2025-01-07 18:35:00,769807,210,W,ML,251,51.9,54,61.2,69,52.8,66,48.3,62,46.8,,,,,34.197068,-118.184827,FOOTHILL,20.98
2025-01-07 18:35:00,769867,210,W,ML,309,56.8,76,64.9,90,59.8,73,49.8,70,51.4,,,,,34.218652,-118.239558,LA CRESCENTA,17.38
2025-01-07 18:35:00,769911,210,W,ML,370,56.5,96,65.1,76,57.3,71,52.4,69,52.5,58,50.9,,,34.224897,-118.251344,PENNSYLVANIA,16.58
2025-01-07 18:35:00,769926,210,W,ML,420,54.8,80,60.3,83,57.2,72,53.1,65,51.1,61,51.6,59,53.7,34.214462,-118.232443,OCEAN VIEW,17.88
2025-01-07 18:35:00,769941,210,W,ML,210,56.4,62,68.9,70,63.1,44,40.8,34,39.8,,,,,34.207101,-118.204943,ANGELES CREST HWY SB,19.58
2025-01-07 18:35:00,769953,210,W,ML,232,54.5,66,64.3,70,60.2,55,41.1,41,46.8,,,,,34.206998,-118.201441,ANGELES CREST HWY NB,19.78
2025-01-07 18:35:00,769965,210,W,ML,238,59.2,97,65.1,10,70.5,74,56.1,57,51.2,,,,,34.232554,-118.271772,HONOLULU,15.28
2025-01-07 18:35:00,769983,210,W,ML,270,48.2,72,42.9,82,52.4,60,49.4,56,47.8,,,,,34.203186,-118.191671,GOULD,20.4
2025-01-07 18:35:00,770000,210,W,ML,277,51.7,72,55.5,76,52.9,67,49.6,62,48.0,,,,,34.19198,-118.181214,BERKSHIRE,21.39
2025-01-07 18:35:00,770129,210,W,ML,319,60.8,100,66.5,95,64.1,71,53.8,53,53.6,,,,,34.234984,-118.290562,LA TUNA CANYON NB,14.18
2025-01-07 18:35:00,770141,210,W,ML,215,60.5,67,64.2,74,62.8,21,65.7,53,50.3,,,,,34.234987,-118.294031,LA TUNA CANYON SB,13.98
2025-01-07 18:35:00,770386,210,W,ML,181,46.2,45,50.7,51,47.8,44,43.4,41,42.4,,,,,34.207155,-118.2137,EB/NB 2 TO EB 210 CN,19.08
2025-01-07 18:35:00,770401,210,W,ML,480,61.5,100,66.7,146,63.3,129,60.1,105,56.0,,,,,34.211095,-118.225948,EB/NB 2 TO WB 210 CN,18.32
2025-01-07 18:35:00,770568,210,W,ML,169,57.0,33,72.2,43,67.5,64,45.8,29,48.9,,,,,34.165953,-118.157943,HAMMOND ST.,23.79
2025-01-07 18:35:00,770579,210,W,ML,132,66.1,28,73.2,42,67.0,24,66.0,38,59.9,,,,,34.156597,-118.157944,WINONA WAY,24.442
2025-01-07 18:40:00,717615,210,W,ML,86,15.4,20,16.6,27,15.2,22,14.0,17,16.2,,,,,34.182539,-118.171545,ARROYO 1,22.3
2025-01-07 18:40:00,717622,210,W,ML,140,8.5,90,11.2,30,4.1,10,3.0,10,3.0,,,,,34.176273,-118.161942,LINCOLN 1,23.0
2025-01-07 18:40:00,717624,210,W,ML,263,59.5,54,65.5,60,62.4,53,57.9,49,55.4,47,55.0,,,34.164368,-118.158093,MOUNTAIN 1,23.9
2025-01-07 18:40:00,717627,210,W,ML,71,65.8,31,67.7,40,64.4,,,,,,,,,34.15225,-118.154678,WALNUT,24.9
2025-01-07 18:40:00,717630,210,W,ML,119,63.1,25,68.4,36,64.9,32,61.6,26,57.4,,,,,34.152218,-118.14821,FAIR OAKS 1,25.4
2025-01-07 18:40:00,717632,210,W,HV,119,63.1,119,63.1,,,,,,,,,,,34.152218,-118.14821,FAIR OAKS 1,25.4
2025-01-07 18:40:00,717634,210,W,ML,310,47.4,68,52.0,72,49.2,63,45.4,57,44.2,50,44.6,,,34.15195,-118.13555,LAKE 1,26.12
2025-01-07 18:40:00,717637,210,W,ML,364,50.8,104,60.0,90,57.9,68,42.9,52,44.4,50,36.0,,,34.152357,-118.123714,HILL,26.8
2025-01-07 18:40:00,717642,210,W,ML,404,47.9,102,57.4,80,54.6,65,45.2,64,38.3,93,40.4,,,34.1527,-118.102255,ALTADENA,28.03
2025-01-07 18:40:00,717643,210,W,HV,50,52.9,50,52.9,,,,,,,,,,,34.1527,-118.102255,ALTADENA,28.03
2025-01-07 18:40:00,717644,210,W,ML,414,46.2,106,55.8,85,48.2,77,41.9,70,39.5,76,41.3,,,34.152727,-118.098063,SAN GABRIEL,28.27
2025-01-07 18:40:00,717645,210,W,HV,54,54.8,54,54.8,,,,,,,,,,,34.152727,-118.098063,SAN GABRIEL,28.27
2025-01-07 18:40:00,717649,210,W,ML,368,53.0,90,59.9,96,56.8,66,41.4,68,51.8,48,50.2,,,34.148074,-118.08377,SIERRA MADRE V1,29.17
2025-01-07 18:40:00,717653,210,W,ML,279,52.8,75,53.2,73,52.3,57,51.8,47,53.3,27,53.9,,,34.148737,-118.071321,ROSEMEAD 1,29.879
2025-01-07 18:40:00,761318,210,W,HV,119,63.1,119,63.1,,,,,,,,,,,34.15195,-118.13555,LAKE 1,26.12
2025-01-07 18:40:00,761322,210,W,HV,64,56.2,64,56.2,,,,,,,,,,,34.152357,-118.123714,HILL,26.8
2025-01-07 18:40:00,761325,210,W,HV,51,53.4,51,53.4,,,,,,,,,,,34.148074,-118.08377,SIERRA MADRE V1,29.17
2025-01-07 18:40:00,761431,210,W,HV,119,63.1,119,63.1,,,,,,,,,,,34.148737,-118.071321,ROSEMEAD 1,29.879
2025-01-07 18:40:00,764135,210,W,HV,119,63.1,119,63.1,,,,,,,,,,,34.152092,-118.143249,MARENGO,25.68
2025-01-07 18:40:00,764137,210,W,ML,623,42.9,105,46.6,123,45.1,107,43.8,110,42.1,100,39.3,78,39.3,34.152092,-118.143249,MARENGO,25.68
2025-01-07 18:40:00,769807,210,W,ML,237,51.7,55,60.2,62,52.5,62,48.0,58,46.6,,,,,34.197068,-118.184827,FOOTHILL,20.98
2025-01-07 18:40:00,769867,210,W,ML,342,54.5,95,64.8,80,56.9,78,45.2,89,49.6,,,,,34.218652,-118.239558,LA CRESCENTA,17.38
2025-01-07 18:40:00,769911,210,W,ML,368,55.1,91,66.0,80,55.6,64,49.7,75,51.0,58,48.7,,,34.224897,-118.251344,PENNSYLVANIA,16.58
2025-01-07 18:40:00,769926,210,W,ML,435,53.4,81,58.7,84,55.8,74,51.7,69,49.9,66,50.5,61,52.5,34.214462,-118.232443,OCEAN VIEW,17.88
2025-01-07 18:40:00,769941,210,W,ML,247,55.6,71,67.6,78,63.1,51,36.5,47,45.6,,,,,34.207101,-118.204943,ANGELES CREST HWY SB,19.58
2025-01-07 18:40:00,769953,210,W,ML,215,53.3,69,63.8,68,59.1,46,35.5,32,43.9,,,,,34.206998,-118.201441,ANGELES CREST HWY NB,19.78
2025-01-07 18:40:00,769965,210,W,ML,229,56.7,100,65.6,10,70.3,72,49.9,47,45.1,,,,,34.232554,-118.271772,HONOLULU,15.28
2025-01-07 18:40:00,769983,210,W,ML,246,46.2,66,39.7,75,50.1,54,48.1,51,46.7,,,,,34.203186,-118.191671,GOULD,20.4
2025-01-07 18:40:00,770000,210,W,ML,256,51.4,66,55.3,70,52.7,62,49.4,58,47.8,,,,,34.19198,-118.181214,BERKSHIRE,21.39
2025-01-07 18:40:00,770129,210,W,ML,315,59.4,100,66.5,98,63.8,75,51.0,42,47.4,,,,,34.234984,-118.290562,LA TUNA CANYON NB,14.18
2025-01-07 18:40:00,770141,210,W,ML,218,59.0,68,63.9,75,62.6,21,65.6,54,45.0,,,,,34.234987,-118.294031,LA TUNA CANYON SB,13.98
2025-01-07 18:40:00,770386,210,W,ML,216,50.9,57,55.4,61,52.4,52,48.1,46,46.6,,,,,34.207155,-118.2137,EB/NB 2 TO EB 210 CN,19.08
2025-01-07 18:40:00,770401,210,W,ML,478,62.0,100,67.2,145,63.8,128,60.6,105,56.4,,,,,34.211095,-118.225948,EB/NB 2 TO WB 210 CN,18.32
2025-01-07 18:40:00,770568,210,W,ML,182,51.4,15,73.5,41,68.6,61,43.3,65,43.1,,,,,34.165953,-118.157943,HAMMOND ST.,23.79
2025-01-07 18:40:00,770579,210,W,ML,137,62.7,27,73.2,22,68.4,25,64.9,63,55.3,,,,,34.156597,-118.157944,WINONA WAY,24.442
2025-01-07 18:45:00,717615,210,W,ML,86,15.3,20,16.6,27,14.8,22,14.0,17,16.0,,,,,34.182539,-118.171545,ARROYO 1,22.3
2025-01-07 18:45:00,717622,210,W,ML,140,8.4,90,11.3,30,3.1,10,3.0,10,3.0,,,,,34.176273,-118.161942,LINCOLN 1,23.0
2025-01-07 18:45:00,717624,210,W,ML,208,58.7,42,64.4,48,61.3,42,57.1,38,54.7,38,54.6,,,34.164368,-118.158093,MOUNTAIN 1,23.9
2025-01-07 18:45:00,717627,210,W,ML,88,66.5,41,68.2,47,64.9,,,,,,,,,34.15225,-118.154678,WALNUT,24.9
2025-01-07 18:45:00,717630,210,W,ML,119,63.3,25,68.6,36,65.1,32,61.8,26,57.6,,,,,34.152218,-118.14821,FAIR OAKS 1,25.4
2025-01-07 18:45:00,717632,210,W,HV,119,63.3,119,63.3,,,,,,,,,,,34.152218,-118.14821,FAIR OAKS 1,25.4
2025-01-07 18:45:00,717634,210,W,ML,311,46.8,69,51.4,73,48.5,63,44.7,56,43.6,50,44.1,,,34.15195,-118.13555,LAKE 1,26.12
2025-01-07 18:45:00,717637,210,W,ML,366,50.7,105,60.3,89,57.2,62,42.7,59,43.0,51,38.0,,,34.152357,-118.123714,HILL,26.8
2025-01-07 18:45:00,717642,210,W,ML,383,48.1,83,58.0,72,57.6,62,46.1,60,37.9,106,41.0,,,34.1527,-118.102255,ALTADENA,28.03
2025-01-07 18:45:00,717643,210,W,HV,30,55.6,30,55.6,,,,,,,,,,,34.1527,-118.102255,ALTADENA,28.03
2025-01-07 18:45:00,717644,210,W,ML,393,46.7,93,57.0,81,53.1,75,43.0,70,35.8,74,40.8,,,34.152727,-118.098063,SAN GABRIEL,28.27
2025-01-07 18:45:00,717645,210,W,HV,32,57.3,32,57.3,,,,,,,,,,,34.152727,-118.098063,SAN GABRIEL,28.27
2025-01-07 18:45:00,717649,210,W,ML,328,54.2,92,60.4,81,58.3,47,40.7,66,51.9,42,51.4,,,34.148074,-118.08377,SIERRA MADRE V1,29.17
2025-01-07 18:45:00,717653,210,W,ML,221,53.8,62,54.4,60,53.4,46,53.0,35,54.1,18,54.4,,,34.148737,-118.071321,ROSEMEAD 1,29.879
2025-01-07 18:45:00,761318,210,W,HV,119,63.3,119,63.3,,,,,,,,,,,34.15195,-118.13555,LAKE 1,26.12
2025-01-07 18:45:00,761322,210,W,HV,24,59.9,24,59.9,,,,,,,,,,,34.152357,-118.123714,HILL,26.8
2025-01-07 18:45:00,761325,210,W,HV,32,56.5,32,56.5,,,,,,,,,,,34.148074,-118.08377,SIERRA MADRE V1,29.17
2025-01-07 18:45:00,761431,210,W,HV,119,63.3,119,63.3,,,,,,,,,,,34.148737,-118.071321,ROSEMEAD 1,29.879
2025-01-07 18:45:00,764135,210,W,HV,119,63.3,119,63.3,,,,,,,,,,,34.152092,-118.143249,MARENGO,25.68
2025-01-07 18:45:00,764137,210,W,ML,621,43.9,105,47.6,123,46.0,107,44.8,109,43.0,100,40.1,77,40.1,34.152092,-118.143249,MARENGO,25.68
2025-01-07 18:45:00,769807,210,W,ML,223,54.6,46,62.3,60,56.7,60,51.3,57,49.5,,,,,34.197068,-118.184827,FOOTHILL,20.98
2025-01-07 18:45:00,769867,210,W,ML,275,54.3,66,65.1,60,58.7,73,47.1,76,48.2,,,,,34.218652,-118.239558,LA CRESCENTA,17.38
2025-01-07 18:45:00,769911,210,W,ML,326,53.8,78,66.7,69,52.7,67,50.8,59,47.3,53,47.4,,,34.224897,-118.251344,PENNSYLVANIA,16.58
2025-01-07 18:45:00,769926,210,W,ML,388,52.5,73,57.7,75,54.7,66,50.6,62,48.9,58,49.7,54,52.2,34.214462,-118.232443,OCEAN VIEW,17.88
2025-01-07 18:45:00,769941,210,W,ML,201,51.7,62,66.8,52,53.5,41,34.3,46,44.9,,,,,34.207101,-118.204943,ANGELES CREST HWY SB,19.58
2025-01-07 18:45:00,769953,210,W,ML,191,53.9,53,65.4,69,57.4,39,41.8,30,41.5,,,,,34.206998,-118.201441,ANGELES CREST HWY NB,19.78
2025-01-07 18:45:00,769965,210,W,ML,190,54.9,76,66.5,7,70.5,59,47.9,48,42.9,,,,,34.232554,-118.271772,HONOLULU,15.28
2025-01-07 18:45:00,769983,210,W,ML,233,47.4,63,41.5,71,51.8,51,48.7,48,47.2,,,,,34.203186,-118.191671,GOULD,20.4
2025-01-07 18:45:00,770000,210,W,ML,251,54.4,64,58.6,69,55.8,61,52.3,57,50.4,,,,,34.19198,-118.181214,BERKSHIRE,21.39
2025-01-07 18:45:00,770129,210,W,ML,286,59.1,88,68.2,82,65.0,75,50.3,41,44.2,,,,,34.234984,-118.290562,LA TUNA CANYON NB,14.18
2025-01-07 18:45:00,770141,210,W,ML,218,58.9,68,65.1,75,63.5,21,65.8,54,42.2,,,,,34.234987,-118.294031,LA TUNA CANYON SB,13.98
2025-01-07 18:45:00,770386,210,W,ML,213,50.4,56,54.9,60,51.9,52,47.5,45,46.1,,,,,34.207155,-118.2137,EB/NB 2 TO EB 210 CN,19.08
2025-01-07 18:45:00,770401,210,W,ML,470,62.7,98,68.0,143,64.5,126,61.2,103,57.1,,,,,34.211095,-118.225948,EB/NB 2 TO WB 210 CN,18.32
2025-01-07 18:45:00,770568,210,W,ML,188,54.0,39,70.3,60,62.8,57,43.4,32,36.4,,,,,34.165953,-118.157943,HAMMOND ST.,23.79
2025-01-07 18:45:00,770579,210,W,ML,121,66.9,42,72.3,33,68.9,15,65.8,31,57.9,,,,,34.156597,-118.157944,WINONA WAY,24.442
2025-01-07 18:50:00,717615,210,W,ML,86,15.3,20,16.6,27,14.8,22,14.0,17,15.9,,,,,34.182539,-118.171545,ARROYO 1,22.3
2025-01-07 18:50:00,717622,210,W,ML,140,8.4,90,11.4,30,3.0,10,3.0,10,3.0,,,,,34.176273,-118.161942,LINCOLN 1,23.0
2025-01-07 18:50:00,717624,210,W,ML,230,58.7,47,64.6,53,61.4,46,57.1,42,54.7,42,54.5,,,34.164368,-118.158093,MOUNTAIN 1,23.9
2025-01-07 18:50:00,717627,210,W,ML,90,66.0,41,67.8,49,64.5,,,,,,,,,34.15225,-118.154678,WALNUT,24.9
2025-01-07 18:50:00,717630,210,W,ML,119,63.6,25,68.9,36,65.4,32,62.1,26,57.9,,,,,34.152218,-118.14821,FAIR OAKS 1,25.4
2025-01-07 18:50:00,717632,210,W,HV,118,63.6,118,63.6,,,,,,,,,,,34.152218,-118.14821,FAIR OAKS 1,25.4
2025-01-07 18:50:00,717634,210,W,ML,359,45.1,79,49.6,82,46.8,71,43.1,66,42.1,61,42.7,,,34.15195,-118.13555,LAKE 1,26.12
2025-01-07 18:50:00,717637,210,W,ML,374,46.4,89,58.8,82,54.0,63,41.7,66,39.8,74,33.0,,,34.152357,-118.123714,HILL,26.8
2025-01-07 18:50:00,717642,210,W,ML,376,48.1,89,58.6,73,55.6,59,45.6,59,38.4,96,40.0,,,34.1527,-118.102255,ALTADENA,28.03
2025-01-07 18:50:00,717643,210,W,HV,47,55.2,47,55.2,,,,,,,,,,,34.1527,-118.102255,ALTADENA,28.03
2025-01-07 18:50:00,717644,210,W,ML,362,47.9,98,57.9,77,52.5,73,44.8,57,36.6,57,39.8,,,34.152727,-118.098063,SAN GABRIEL,28.27
2025-01-07 18:50:00,717645,210,W,HV,50,56.6,50,56.6,,,,,,,,,,,34.152727,-118.098063,SAN GABRIEL,28.27
2025-01-07 18:50:00,717649,210,W,ML,348,52.2,93,60.4,81,55.2,66,41.0,61,52.1,47,46.3,,,34.148074,-118.08377,SIERRA MADRE V1,29.17
2025-01-07 18:50:00,717653,210,W,ML,279,49.4,75,49.4,73,48.7,57,48.2,47,50.7,27,52.1,,,34.148737,-118.071321,ROSEMEAD 1,29.879
2025-01-07 18:50:00,761318,210,W,HV,118,63.6,118,63.6,,,,,,,,,,,34.15195,-118.13555,LAKE 1,26.12
2025-01-07 18:50:00,761322,210,W,HV,46,57.7,46,57.7,,,,,,,,,,,34.152357,-118.123714,HILL,26.8
2025-01-07 18:50:00,761325,210,W,HV,60,54.9,60,54.9,,,,,,,,,,,34.148074,-118.08377,SIERRA MADRE V1,29.17
2025-01-07 18:50:00,761431,210,W,HV,118,63.6,118,63.6,,,,,,,,,,,34.148737,-118.071321,ROSEMEAD 1,29.879
2025-01-07 18:50:00,764135,210,W,HV,118,63.6,118,63.6,,,,,,,,,,,34.152092,-118.143249,MARENGO,25.68
2025-01-07 18:50:00,764137,210,W,ML,618,45.7,105,49.5,122,47.9,106,46.6,109,44.8,99,41.8,77,41.8,34.152092,-118.143249,MARENGO,25.68
2025-01-07 18:50:00,769807,210,W,ML,263,55.3,59,62.4,72,57.4,68,51.8,64,50.0,,,,,34.197068,-118.184827,FOOTHILL,20.98
2025-01-07 18:50:00,769867,210,W,ML,241,54.9,50,65.7,59,59.2,58,48.5,74,49.2,,,,,34.218652,-118.239558,LA CRESCENTA,17.38
2025-01-07 18:50:00,769911,210,W,ML,290,54.9,62,66.0,65,55.3,55,51.0,60,51.6,48,48.5,,,34.224897,-118.251344,PENNSYLVANIA,16.58
2025-01-07 18:50:00,769926,210,W,ML,351,53.2,63,58.5,68,55.5,60,51.4,56,49.6,54,50.3,50,52.7,34.214462,-118.232443,OCEAN VIEW,17.88
2025-01-07 18:50:00,769941,210,W,ML,199,52.7,45,68.7,65,57.7,49,30.5,40,53.7,,,,,34.207101,-118.204943,ANGELES CREST HWY SB,19.58
2025-01-07 18:50:00,769953,210,W,ML,169,47.9,32,68.3,49,47.8,48,42.1,40,38.6,,,,,34.206998,-118.201441,ANGELES CREST HWY NB,19.78
2025-01-07 18:50:00,769965,210,W,ML,182,55.5,74,65.6,6,70.7,61,49.1,41,44.5,,,,,34.232554,-118.271772,HONOLULU,15.28
2025-01-07 18:50:00,769983,210,W,ML,220,43.5,58,35.7,64,49.3,51,44.9,47,43.7,,,,,34.203186,-118.191671,GOULD,20.4
2025-01-07 18:50:00,770000,210,W,ML,284,54.9,74,59.1,78,56.3,68,52.7,64,50.8,,,,,34.19198,-118.181214,BERKSHIRE,21.39
2025-01-07 18:50:00,770129,210,W,ML,265,59.1,94,67.5,77,63.7,59,49.1,35,43.5,,,,,34.234984,-118.290562,LA TUNA CANYON NB,14.18
2025-01-07 18:50:00,770141,210,W,ML,167,57.8,49,63.8,59,62.6,16,65.6,43,41.6,,,,,34.234987,-118.294031,LA TUNA CANYON SB,13.98
2025-01-07 18:50:00,770386,210,W,ML,198,54.9,50,59.3,55,56.4,48,52.6,45,50.7,,,,,34.207155,-118.2137,EB/NB 2 TO EB 210 CN,19.08
2025-01-07 18:50:00,770401,210,W,ML,468,63.2,98,68.5,142,65.0,125,61.7,103,57.5,,,,,34.211095,-118.225948,EB/NB 2 TO WB 210 CN,18.32
2025-01-07 18:50:00,770568,210,W,ML,178,49.7,24,72.2,35,66.1,70,40.9,49,39.6,,,,,34.165953,-118.157943,HAMMOND ST.,23.79
2025-01-07 18:50:00,770579,210,W,ML,113,63.9,17,73.1,34,68.4,21,66.4,41,55.0,,,,,34.156597,-118.157944,WINONA WAY,24.442
2025-01-07 18:55:00,717615,210,W,ML,86,15.3,20,16.6,27,14.8,22,14.0,17,15.9,,,,,34.182539,-118.171545,ARROYO 1,22.3
2025-01-07 18:55:00,717622,210,W,ML,140,8.4,90,11.4,30,3.0,10,3.0,10,3.0,,,,,34.176273,-118.161942,LINCOLN 1,23.0
2025-01-07 18:55:00,717624,210,W,ML,274,53.6,57,58.9,62,55.9,55,51.7,51,49.8,49,50.7,,,34.164368,-118.158093,MOUNTAIN 1,23.9
2025-01-07 18:55:00,717627,210,W,ML,105,61.5,49,63.1,56,60.1,,,,,,,,,34.15225,-118.154678,WALNUT,24.9
2025-01-07 18:55:00,717630,210,W,ML,116,63.8,24,69.2,35,65.7,31,62.3,26,58.1,,,,,34.152218,-118.14821,FAIR OAKS 1,25.4
2025-01-07 18:55:00,717632,210,W,HV,117,63.8,117,63.8,,,,,,,,,,,34.152218,-118.14821,FAIR OAKS 1,25.4
2025-01-07 18:55:00,717634,210,W,ML,307,47.7,68,52.4,72,49.5,62,45.6,56,44.4,49,44.8,,,34.15195,-118.13555,LAKE 1,26.12
2025-01-07 18:55:00,717637,210,W,ML,305,49.4,75,59.7,70,56.5,52,45.0,56,43.1,52,36.1,,,34.152357,-118.123714,HILL,26.8
2025-01-07 18:55:00,717642,210,W,ML,348,48.2,83,58.4,69,54.1,56,46.5,56,39.9,84,39.9,,,34.1527,-118.102255,ALTADENA,28.03
2025-01-07 18:55:00,717643,210,W,HV,31,57.0,31,57.0,,,,,,,,,,,34.1527,-118.102255,ALTADENA,28.03
2025-01-07 18:55:00,717644,210,W,ML,333,48.1,85,58.7,72,51.7,60,46.9,55,38.7,61,38.7,,,34.152727,-118.098063,SAN GABRIEL,28.27
2025-01-07 18:55:00,717645,210,W,HV,29,59.3,29,59.3,,,,,,,,,,,34.152727,-118.098063,SAN GABRIEL,28.27
2025-01-07 18:55:00,717649,210,W,ML,326,50.8,84,58.3,80,53.3,56,39.0,57,52.1,49,45.6,,,34.148074,-118.08377,SIERRA MADRE V1,29.17
2025-01-07 18:55:00,717653,210,W,ML,256,48.8,71,48.7,68,48.0,53,47.6,42,50.2,22,51.7,,,34.148737,-118.071321,ROSEMEAD 1,29.879
2025-01-07 18:55:00,761318,210,W,HV,117,63.8,117,63.8,,,,,,,,,,,34.15195,-118.13555,LAKE 1,26.12
2025-01-07 18:55:00,761322,210,W,HV,35,59.0,35,59.0,,,,,,,,,,,34.152357,-118.123714,HILL,26.8
2025-01-07 18:55:00,761325,210,W,HV,31,56.7,31,56.7,,,,,,,,,,,34.148074,-118.08377,SIERRA MADRE V1,29.17
2025-01-07 18:55:00,761431,210,W,HV,117,63.8,117,63.8,,,,,,,,,,,34.148737,-118.071321,ROSEMEAD 1,29.879
2025-01-07 18:55:00,764135,210,W,HV,117,63.8,117,63.8,,,,,,,,,,,34.152092,-118.143249,MARENGO,25.68
2025-01-07 18:55:00,764137,210,W,ML,612,47.8,104,51.8,121,50.1,105,48.8,108,46.9,98,43.7,76,43.7,34.152092,-118.143249,MARENGO,25.68
2025-01-07 18:55:00,769807,210,W,ML,261,54.1,74,60.7,65,55.3,63,50.2,59,48.6,,,,,34.197068,-118.184827,FOOTHILL,20.98
2025-01-07 18:55:00,769867,210,W,ML,258,55.3,59,65.1,60,61.2,65,48.8,74,48.3,,,,,34.218652,-118.239558,LA CRESCENTA,17.38
2025-01-07 18:55:00,769911,210,W,ML,296,55.0,64,66.5,67,54.6,61,53.9,54,49.6,50,48.2,,,34.224897,-118.251344,PENNSYLVANIA,16.58
2025-01-07 18:55:00,769926,210,W,ML,357,52.6,65,57.8,69,54.8,61,50.7,57,49.0,55,49.7,50,52.2,34.214462,-118.232443,OCEAN VIEW,17.88
2025-01-07 18:55:00,769941,210,W,ML,226,50.6,59,63.8,67,56.7,61,32.1,39,49.2,,,,,34.207101,-118.204943,ANGELES CREST HWY SB,19.58
2025-01-07 18:55:00,769953,210,W,ML,190,49.6,51,63.2,59,52.7,47,37.8,33,39.6,,,,,34.206998,-118.201441,ANGELES CREST HWY NB,19.78
2025-01-07 18:55:00,769965,210,W,ML,179,54.7,75,64.7,7,71.2,61,46.1,36,45.4,,,,,34.232554,-118.271772,HONOLULU,15.28
2025-01-07 18:55:00,769983,210,W,ML,236,44.6,62,36.8,70,49.2,54,46.7,50,45.4,,,,,34.203186,-118.191671,GOULD,20.4
2025-01-07 18:55:00,770000,210,W,ML,265,53.4,68,57.5,73,54.8,64,51.3,60,49.5,,,,,34.19198,-118.181214,BERKSHIRE,21.39
2025-01-07 18:55:00,770129,210,W,ML,248,59.1,81,68.1,77,64.3,56,48.2,34,44.0,,,,,34.234984,-118.290562,LA TUNA CANYON NB,14.18
2025-01-07 18:55:00,770141,210,W,ML,158,58.2,46,64.4,56,63.0,15,65.7,41,42.1,,,,,34.234987,-118.294031,LA TUNA CANYON SB,13.98
2025-01-07 18:55:00,770386,210,W,ML,236,53.7,61,58.4,65,55.3,57,50.9,53,49.2,,,,,34.207155,-118.2137,EB/NB 2 TO EB 210 CN,19.08
2025-01-07 18:55:00,770401,210,W,ML,455,63.7,95,69.1,138,65.5,122,62.2,100,58.0,,,,,34.211095,-118.225948,EB/NB 2 TO WB 210 CN,18.32
2025-01-07 18:55:00,770568,210,W,ML,211,53.8,41,73.1,42,67.4,64,42.3,64,44.0,,,,,34.165953,-118.157943,HAMMOND ST.,23.79
2025-01-07 18:55:00,770579,210,W,ML,152,57.8,27,72.4,43,62.4,23,65.1,59,44.8,,,,,34.156597,-118.157944,WINONA WAY,24.442
2025-01-07 19:00:00,717615,210,W,ML,86,15.3,20,16.6,27,14.8,22,14.0,17,15.9,,,,,34.182539,-118.171545,ARROYO 1,22.3
2025-01-07 19:00:00,717622,210,W,ML,140,8.4,90,11.4,30,3.0,10,3.0,10,3.0,,,,,34.176273,-118.161942,LINCOLN 1,23.0
2025-01-07 19:00:00,717624,210,W,ML,229,55.6,47,60.9,53,57.8,47,53.8,42,51.9,40,52.5,,,34.164368,-118.158093,MOUNTAIN 1,23.9
2025-01-07 19:00:00,717627,210,W,ML,84,62.3,38,64.0,46,60.9,,,,,,,,,34.15225,-118.154678,WALNUT,24.9
2025-01-07 19:00:00,717630,210,W,ML,115,64.0,24,69.4,35,65.9,31,62.5,25,58.2,,,,,34.152218,-118.14821,FAIR OAKS 1,25.4
2025-01-07 19:00:00,717632,210,W,HV,115,64.0,115,64.0,,,,,,,,,,,34.152218,-118.14821,FAIR OAKS 1,25.4
2025-01-07 19:00:00,717634,210,W,ML,361,47.5,79,52.3,82,49.4,72,45.5,66,44.3,62,44.7,,,34.15195,-118.13555,LAKE 1,26.12
2025-01-07 19:00:00,717637,210,W,ML,377,49.1,84,59.2,74,56.5,72,45.8,73,42.1,74,40.4,,,34.152357,-118.123714,HILL,26.8
2025-01-07 19:00:00,717642,210,W,ML,351,48.5,83,58.3,65,52.9,54,47.9,53,40.0,96,42.2,,,34.1527,-118.102255,ALTADENA,28.03
2025-01-07 19:00:00,717643,210,W,HV,36,57.4,36,57.4,,,,,,,,,,,34.1527,-118.102255,ALTADENA,28.03
2025-01-07 19:00:00,717644,210,W,ML,344,49.9,88,60.6,76,53.1,59,45.6,63,41.2,58,43.4,,,34.152727,-118.098063,SAN GABRIEL,28.27
2025-01-07 19:00:00,717645,210,W,HV,36,59.6,36,59.6,,,,,,,,,,,34.152727,-118.098063,SAN GABRIEL,28.27
2025-01-07 19:00:00,717649,210,W,ML,319,52.8,84,60.3,79,57.3,54,39.3,58,53.3,44,46.0,,,34.148074,-118.08377,SIERRA MADRE V1,29.17
2025-01-07 19:00:00,717653,210,W,ML,231,49.1,64,49.1,62,48.4,48,48.0,37,50.5,20,51.9,,,34.148737,-118.071321,ROSEMEAD 1,29.879
2025-01-07 19:00:00,761318,210,W,HV,115,64.0,115,64.0,,,,,,,,,,,34.15195,-118.13555,LAKE 1,26.12
2025-01-07 19:00:00,761322,210,W,HV,37,58.6,37,58.6,,,,,,,,,,,34.152357,-118.123714,HILL,26.8
2025-01-07 19:00:00,761325,210,W,HV,36,56.7,36,56.7,,,,,,,,,,,34.148074,-118.08377,SIERRA MADRE V1,29.17
2025-01-07 19:00:00,761431,210,W,HV,115,64.0,115,64.0,,,,,,,,,,,34.148737,-118.071321,ROSEMEAD 1,29.879
2025-01-07 19:00:00,764135,210,W,HV,115,64.0,115,64.0,,,,,,,,,,,34.152092,-118.143249,MARENGO,25.68
2025-01-07 19:00:00,764137,210,W,ML,615,50.0,104,54.2,121,52.5,106,51.0,108,49.0,99,45.7,77,45.7,34.152092,-118.143249,MARENGO,25.68
2025-01-07 19:00:00,769807,210,W,ML,195,55.8,43,62.5,49,58.5,53,52.7,50,50.8,,,,,34.197068,-118.184827,FOOTHILL,20.98
2025-01-07 19:00:00,769867,210,W,ML,250,55.2,59,65.0,68,61.7,62,46.2,61,47.5,,,,,34.218652,-118.239558,LA CRESCENTA,17.38
2025-01-07 19:00:00,769911,210,W,ML,288,53.2,76,64.2,61,53.9,57,45.5,47,50.1,47,47.1,,,34.224897,-118.251344,PENNSYLVANIA,16.58
2025-01-07 19:00:00,769926,210,W,ML,375,52.1,71,57.2,74,54.2,64,50.0,58,48.4,55,49.3,53,51.9,34.214462,-118.232443,OCEAN VIEW,17.88
2025-01-07 19:00:00,769941,210,W,ML,202,50.8,39,67.6,67,58.2,39,30.9,57,44.2,,,,,34.207101,-118.204943,ANGELES CREST HWY SB,19.58
2025-01-07 19:00:00,769953,210,W,ML,218,48.5,51,62.4,68,56.4,47,32.4,52,38.9,,,,,34.206998,-118.201441,ANGELES CREST HWY NB,19.78
2025-01-07 19:00:00,769965,210,W,ML,191,53.0,87,64.7,3,70.9,56,42.2,45,42.7,,,,,34.232554,-118.271772,HONOLULU,15.28
2025-01-07 19:00:00,769983,210,W,ML,249,44.7,67,36.7,76,48.3,55,47.7,51,46.3,,,,,34.203186,-118.191671,GOULD,20.4
2025-01-07 19:00:00,770000,210,W,ML,219,55.6,54,60.0,61,57.1,54,53.5,50,51.5,,,,,34.19198,-118.181214,BERKSHIRE,21.39
2025-01-07 19:00:00,770129,210,W,ML,243,57.9,87,67.6,76,63.1,46,41.6,34,43.6,,,,,34.234984,-118.290562,LA TUNA CANYON NB,14.18
2025-01-07 19:00:00,770141,210,W,ML,132,57.5,37,63.2,48,62.1,13,65.5,34,41.7,,,,,34.234987,-118.294031,LA TUNA CANYON SB,13.98
2025-01-07 19:00:00,770386,210,W,ML,252,49.8,67,54.3,70,51.3,61,46.9,54,45.6,,,,,34.207155,-118.2137,EB/NB 2 TO EB 210 CN,19.08
2025-01-07 19:00:00,770401,210,W,ML,447,64.1,93,69.5,136,66.0,120,62.6,98,58.3,,,,,34.211095,-118.225948,EB/NB 2 TO WB 210 CN,18.32
2025-01-07 19:00:00,770568,210,W,ML,173,54.9,22,73.6,33,69.2,59,52.5,59,42.3,,,,,34.165953,-118.157943,HAMMOND ST.,23.79
2025-01-07 19:00:00,770579,210,W,ML,104,58.7,12,73.2,30,63.5,18,65.9,44,48.5,,,,,34.156597,-118.157944,WINONA WAY,24.442
2025-01-07 19:05:00,717615,210,W,ML,86,15.3,20,16.6,27,14.8,22,14.0,17,15.9,,,,,34.182539,-118.171545,ARROYO 1,22.3
2025-01-07 19:05:00,717622,210,W,ML,140,8.4,90,11.4,30,3.0,10,3.0,10,3.0,,,,,34.176273,-118.161942,LINCOLN 1,23.0
2025-01-07 19:05:00,717624,210,W,ML,215,55.7,44,60.9,50,57.8,44,54.0,39,52.0,38,52.6,,,34.164368,-118.158093,MOUNTAIN 1,23.9
2025-01-07 19:05:00,717627,210,W,ML,90,60.7,41,62.3,49,59.3,,,,,,,,,34.15225,-118.154678,WALNUT,24.9
2025-01-07 19:05:00,717630,210,W,ML,115,64.2,24,69.6,35,66.1,31,62.7,25,58.4,,,,,34.152218,-118.14821,FAIR OAKS 1,25.4
2025-01-07 19:05:00,717632,210,W,HV,114,64.2,114,64.2,,,,,,,,,,,34.152218,-118.14821,FAIR OAKS 1,25.4
2025-01-07 19:05:00,717634,210,W,ML,301,47.5,65,52.5,69,49.5,61,45.4,55,44.1,51,44.6,,,34.15195,-118.13555,LAKE 1,26.12
2025-01-07 19:05:00,717637,210,W,ML,294,49.4,74,60.0,54,55.0,52,45.1,61,42.2,53,41.2,,,34.152357,-118.123714,HILL,26.8
2025-01-07 19:05:00,717642,210,W,ML,312,48.6,70,58.0,50,54.4,50,48.4,50,40.4,92,42.7,,,34.1527,-118.102255,ALTADENA,28.03
2025-01-07 19:05:00,717643,210,W,HV,31,58.2,31,58.2,,,,,,,,,,,34.1527,-118.102255,ALTADENA,28.03
2025-01-07 19:05:00,717644,210,W,ML,316,49.8,74,59.9,63,54.3,61,47.6,61,42.5,57,42.1,,,34.152727,-118.098063,SAN GABRIEL,28.27
2025-01-07 19:05:00,717645,210,W,HV,34,60.1,34,60.1,,,,,,,,,,,34.152727,-118.098063,SAN GABRIEL,28.27
2025-01-07 19:05:00,717649,210,W,ML,298,52.7,75,58.1,69,59.1,53,40.1,55,53.4,46,48.2,,,34.148074,-118.08377,SIERRA MADRE V1,29.17
2025-01-07 19:05:00,717653,210,W,ML,241,51.0,67,51.3,65,50.5,50,50.0,39,52.0,20,52.9,,,34.148737,-118.071321,ROSEMEAD 1,29.879
2025-01-07 19:05:00,761318,210,W,HV,114,64.2,114,64.2,,,,,,,,,,,34.15195,-118.13555,LAKE 1,26.12
2025-01-07 19:05:00,761322,210,W,HV,24,60.3,24,60.3,,,,,,,,,,,34.152357,-118.123714,HILL,26.8
2025-01-07 19:05:00,761325,210,W,HV,40,56.0,40,56.0,,,,,,,,,,,34.148074,-118.08377,SIERRA MADRE V1,29.17
2025-01-07 19:05:00,761431,210,W,HV,114,64.2,114,64.2,,,,,,,,,,,34.148737,-118.071321,ROSEMEAD 1,29.879
2025-01-07 19:05:00,764135,210,W,HV,114,64.2,114,64.2,,,,,,,,,,,34.152092,-118.143249,MARENGO,25.68
2025-01-07 19:05:00,764137,210,W,ML,612,52.0,104,56.4,121,54.6,105,53.1,108,51.0,98,47.6,76,47.6,34.152092,-118.143249,MARENGO,25.68
2025-01-07 19:05:00,769807,210,W,ML,241,52.9,58,60.8,63,54.0,62,49.2,58,47.7,,,,,34.197068,-118.184827,FOOTHILL,20.98
2025-01-07 19:05:00,769867,210,W,ML,258,53.9,56,66.0,66,59.9,57,44.7,79,46.9,,,,,34.218652,-118.239558,LA CRESCENTA,17.38
2025-01-07 19:05:00,769911,210,W,ML,287,52.9,65,65.4,62,53.3,60,48.7,53,48.0,47,46.2,,,34.224897,-118.251344,PENNSYLVANIA,16.58
2025-01-07 19:05:00,769926,210,W,ML,379,51.6,69,56.7,73,53.7,65,49.6,60,48.0,58,48.9,54,51.6,34.214462,-118.232443,OCEAN VIEW,17.88
2025-01-07 19:05:00,769941,210,W,ML,178,50.5,42,68.0,56,52.9,43,35.1,37,44.8,,,,,34.207101,-118.204943,ANGELES CREST HWY SB,19.58
2025-01-07 19:05:00,769953,210,W,ML,157,48.7,39,63.7,49,56.1,40,32.9,29,37.7,,,,,34.206998,-118.201441,ANGELES CREST HWY NB,19.78
2025-01-07 19:05:00,769965,210,W,ML,162,54.7,72,66.6,6,71.0,47,44.7,37,41.4,,,,,34.232554,-118.271772,HONOLULU,15.28
2025-01-07 19:05:00,769983,210,W,ML,206,44.1,54,36.7,59,48.4,48,46.3,45,45.0,,,,,34.203186,-118.191671,GOULD,20.4
2025-01-07 19:05:00,770000,210,W,ML,260,52.5,67,56.5,71,53.8,63,50.4,59,48.7,,,,,34.19198,-118.181214,BERKSHIRE,21.39
2025-01-07 19:05:00,770129,210,W,ML,233,58.3,77,66.6,77,63.6,51,45.6,28,44.3,,,,,34.234984,-118.290562,LA TUNA CANYON NB,14.18
2025-01-07 19:05:00,770141,210,W,ML,142,57.9,40,63.7,51,62.5,14,65.6,37,42.3,,,,,34.234987,-118.294031,LA TUNA CANYON SB,13.98
2025-01-07 19:05:00,770386,210,W,ML,183,50.2,47,54.8,52,51.8,44,47.4,40,46.0,,,,,34.207155,-118.2137,EB/NB 2 TO EB 210 CN,19.08
2025-01-07 19:05:00,770401,210,W,ML,445,64.6,93,70.0,135,66.5,119,63.1,98,58.8,,,,,34.211095,-118.225948,EB/NB 2 TO WB 210 CN,18.32
2025-01-07 19:05:00,770568,210,W,ML,170,57.6,28,73.7,18,70.1,62,55.0,62,49.4,,,,,34.165953,-118.157943,HAMMOND ST.,23.79
2025-01-07 19:05:00,770579,210,W,ML,129,61.2,30,71.6,34,61.4,29,64.3,36,50.0,,,,,34.156597,-118.157944,WINONA WAY,24.442
2025-01-07 19:10:00,717615,210,W,ML,86,15.3,20,16.6,27,14.8,22,14.0,17,15.9,,,,,34.182539,-118.171545,ARROYO 1,22.3
2025-01-07 19:10:00,717622,210,W,ML,140,8.4,90,11.4,30,3.0,10,3.0,10,3.0,,,,,34.176273,-118.161942,LINCOLN 1,23.0
2025-01-07 19:10:00,717624,210,W,ML,214,54.9,43,60.3,50,57.3,43,53.0,39,51.1,39,51.7,,,34.164368,-118.158093,MOUNTAIN 1,23.9
2025-01-07 19:10:00,717627,210,W,ML,88,61.4,40,63.1,48,60.1,,,,,,,,,34.15225,-118.154678,WALNUT,24.9
2025-01-07 19:10:00,717630,210,W,ML,115,64.2,24,69.6,35,66.1,31,62.7,25,58.4,,,,,34.152218,-118.14821,FAIR OAKS 1,25.4
2025-01-07 19:10:00,717632,210,W,HV,114,64.2,114,64.2,,,,,,,,,,,34.152218,-118.14821,FAIR OAKS 1,25.4
2025-01-07 19:10:00,717634,210,W,ML,366,48.8,82,53.7,84,50.7,73,46.9,67,45.4,60,45.8,,,34.15195,-118.13555,LAKE 1,26.12
2025-01-07 19:10:00,717637,210,W,ML,389,50.4,97,59.1,90,55.7,64,45.4,64,41.5,74,44.4,,,34.152357,-118.123714,HILL,26.8
2025-01-07 19:10:00,717642,210,W,ML,395,48.9,85,58.8,81,56.0,60,47.7,55,40.8,114,41.0,,,34.1527,-118.102255,ALTADENA,28.03
2025-01-07 19:10:00,717643,210,W,HV,34,56.9,34,56.9,,,,,,,,,,,34.1527,-118.102255,ALTADENA,28.03
2025-01-07 19:10:00,717644,210,W,ML,340,49.6,85,58.6,84,54.4,64,48.1,49,37.1,58,41.9,,,34.152727,-118.098063,SAN GABRIEL,28.27
2025-01-07 19:10:00,717645,210,W,HV,35,57.9,35,57.9,,,,,,,,,,,34.152727,-118.098063,SAN GABRIEL,28.27
2025-01-07 19:10:00,717649,210,W,ML,314,52.3,84,58.2,68,58.3,58,39.0,58,53.5,46,47.9,,,34.148074,-118.08377,SIERRA MADRE V1,29.17
2025-01-07 19:10:00,717653,210,W,ML,245,50.8,67,51.0,65,50.2,50,49.7,40,51.8,23,52.8,,,34.148737,-118.071321,ROSEMEAD 1,29.879
2025-01-07 19:10:00,761318,210,W,HV,114,64.2,114,64.2,,,,,,,,,,,34.15195,-118.13555,LAKE 1,26.12
2025-01-07 19:10:00,761322,210,W,HV,43,56.1,43,56.1,,,,,,,,,,,34.152357,-118.123714,HILL,26.8
2025-01-07 19:10:00,761325,210,W,HV,33,57.0,33,57.0,,,,,,,,,,,34.148074,-118.08377,SIERRA MADRE V1,29.17
2025-01-07 19:10:00,761431,210,W,HV,114,64.2,114,64.2,,,,,,,,,,,34.148737,-118.071321,ROSEMEAD 1,29.879
2025-01-07 19:10:00,764135,210,W,HV,114,64.2,114,64.2,,,,,,,,,,,34.152092,-118.143249,MARENGO,25.68
2025-01-07 19:10:00,764137,210,W,ML,609,54.8,103,59.5,120,57.5,105,56.0,107,53.8,98,50.1,76,50.1,34.152092,-118.143249,MARENGO,25.68
2025-01-07 19:10:00,769807,210,W,ML,217,48.5,51,58.2,55,48.2,57,44.7,54,43.7,,,,,34.197068,-118.184827,FOOTHILL,20.98
2025-01-07 19:10:00,769867,210,W,ML,209,53.8,45,68.9,49,60.3,48,41.2,67,48.0,,,,,34.218652,-118.239558,LA CRESCENTA,17.38
2025-01-07 19:10:00,769911,210,W,ML,267,54.7,63,68.0,56,54.3,47,48.4,59,51.4,42,47.0,,,34.224897,-118.251344,PENNSYLVANIA,16.58
2025-01-07 19:10:00,769926,210,W,ML,312,52.3,54,57.6,61,54.6,54,50.4,50,48.8,49,49.6,44,52.1,34.214462,-118.232443,OCEAN VIEW,17.88
2025-01-07 19:10:00,769941,210,W,ML,190,46.4,37,68.3,57,48.4,50,32.4,46,41.6,,,,,34.207101,-118.204943,ANGELES CREST HWY SB,19.58
2025-01-07 19:10:00,769953,210,W,ML,119,48.9,25,67.5,44,56.2,26,30.2,24,36.4,,,,,34.206998,-118.201441,ANGELES CREST HWY NB,19.78
2025-01-07 19:10:00,769965,210,W,ML,172,55.1,80,67.2,6,70.7,50,43.3,36,41.8,,,,,34.232554,-118.271772,HONOLULU,15.28
2025-01-07 19:10:00,769983,210,W,ML,170,42.4,44,35.6,46,47.5,42,43.7,38,42.7,,,,,34.203186,-118.191671,GOULD,20.4
2025-01-07 19:10:00,770000,210,W,ML,237,48.4,60,51.9,65,49.5,58,46.5,54,45.1,,,,,34.19198,-118.181214,BERKSHIRE,21.39
2025-01-07 19:10:00,770129,210,W,ML,247,57.4,81,67.9,75,63.2,59,44.1,32,41.8,,,,,34.234984,-118.290562,LA TUNA CANYON NB,14.18
2025-01-07 19:10:00,770141,210,W,ML,167,57.2,49,63.3,59,62.2,16,65.5,43,40.2,,,,,34.234987,-118.294031,LA TUNA CANYON SB,13.98
2025-01-07 19:10:00,770386,210,W,ML,213,47.7,56,51.9,60,49.2,52,44.9,45,43.7,,,,,34.207155,-118.2137,EB/NB 2 TO EB 210 CN,19.08
2025-01-07 19:10:00,770401,210,W,ML,446,64.7,93,70.1,135,66.6,120,63.2,98,58.9,,,,,34.211095,-118.225948,EB/NB 2 TO WB 210 CN,18.32
2025-01-07 19:10:00,770568,210,W,ML,182,55.4,32,73.7,28,69.7,70,47.1,52,47.5,,,,,34.165953,-118.157943,HAMMOND ST.,23.79
2025-01-07 19:10:00,770579,210,W,ML,104,58.4,4,73.0,32,62.4,32,63.9,36,48.2,,,,,34.156597,-118.157944,WINONA WAY,24.442
2025-01-07 19:15:00,717615,210,W,ML,86,15.3,20,16.6,27,14.8,22,14.0,17,15.9,,,,,34.182539,-118.171545,ARROYO 1,22.3
2025-01-07 19:15:00,717622,210,W,ML,140,8.4,90,11.4,30,3.0,10,3.0,10,3.0,,,,,34.176273,-118.161942,LINCOLN 1,23.0
2025-01-07 19:15:00,717624,210,W,ML,210,57.5,42,63.3,48,60.2,42,55.9,39,53.6,39,53.5,,,34.164368,-118.158093,MOUNTAIN 1,23.9
2025-01-07 19:15:00,717627,210,W,ML,89,62.6,42,64.2,47,61.1,,,,,,,,,34.15225,-118.154678,WALNUT,24.9
2025-01-07 19:15:00,717630,210,W,ML,113,64.4,24,69.8,34,66.3,30,62.9,25,58.6,,,,,34.152218,-118.14821,FAIR OAKS 1,25.4
2025-01-07 19:15:00,717632,210,W,HV,113,64.4,113,64.4,,,,,,,,,,,34.152218,-118.14821,FAIR OAKS 1,25.4
2025-01-07 19:15:00,717634,210,W,ML,352,47.8,78,52.9,80,49.9,70,45.8,65,44.4,59,44.5,,,34.15195,-118.13555,LAKE 1,26.12
2025-01-07 19:15:00,717637,210,W,ML,359,49.3,85,59.7,82,56.5,57,40.2,63,39.6,72,44.4,,,34.152357,-118.123714,HILL,26.8
2025-01-07 19:15:00,717642,210,W,ML,346,47.1,81,57.5,59,53.1,59,46.1,58,40.1,89,38.9,,,34.1527,-118.102255,ALTADENA,28.03
2025-01-07 19:15:00,717643,210,W,HV,33,58.0,33,58.0,,,,,,,,,,,34.1527,-118.102255,ALTADENA,28.03
2025-01-07 19:15:00,717644,210,W,ML,375,47.2,101,57.5,62,51.1,79,47.2,71,36.4,62,39.0,,,34.152727,-118.098063,SAN GABRIEL,28.27
2025-01-07 19:15:00,717645,210,W,HV,34,58.9,34,58.9,,,,,,,,,,,34.152727,-118.098063,SAN GABRIEL,28.27
2025-01-07 19:15:00,717649,210,W,ML,351,51.2,90,59.1,79,54.8,60,38.4,64,52.5,58,45.6,,,34.148074,-118.08377,SIERRA MADRE V1,29.17
2025-01-07 19:15:00,717653,210,W,ML,302,48.8,82,48.7,79,48.0,62,47.6,50,50.2,29,51.7,,,34.148737,-118.071321,ROSEMEAD 1,29.879
2025-01-07 19:15:00,761318,210,W,HV,113,64.4,113,64.4,,,,,,,,,,,34.15195,-118.13555,LAKE 1,26.12
2025-01-07 19:15:00,761322,210,W,HV,35,57.4,35,57.4,,,,,,,,,,,34.152357,-118.123714,HILL,26.8
2025-01-07 19:15:00,761325,210,W,HV,28,58.5,28,58.5,,,,,,,,,,,34.148074,-118.08377,SIERRA MADRE V1,29.17
2025-01-07 19:15:00,761431,210,W,HV,113,64.4,113,64.4,,,,,,,,,,,34.148737,-118.071321,ROSEMEAD 1,29.879
2025-01-07 19:15:00,764135,210,W,HV,113,64.4,113,64.4,,,,,,,,,,,34.152092,-118.143249,MARENGO,25.68
2025-01-07 19:15:00,764137,210,W,ML,618,56.1,105,60.9,122,58.9,106,57.3,109,55.1,99,51.3,77,51.3,34.152092,-118.143249,MARENGO,25.68
2025-01-07 19:15:00,769807,210,W,ML,270,42.8,64,48.0,73,42.9,69,40.6,64,40.0,,,,,34.197068,-118.184827,FOOTHILL,20.98
2025-01-07 19:15:00,769867,210,W,ML,209,52.7,41,68.0,61,60.6,49,38.5,58,45.4,,,,,34.218652,-118.239558,LA CRESCENTA,17.38
2025-01-07 19:15:00,769911,210,W,ML,232,51.7,50,67.5,55,52.3,41,42.6,46,48.4,40,44.2,,,34.224897,-118.251344,PENNSYLVANIA,16.58
2025-01-07 19:15:00,769926,210,W,ML,356,50.6,65,55.5,70,52.5,62,48.4,56,47.0,52,48.1,51,50.9,34.214462,-118.232443,OCEAN VIEW,17.88
2025-01-07 19:15:00,769941,210,W,ML,214,49.8,50,69.4,65,52.8,39,32.4,60,41.5,,,,,34.207101,-118.204943,ANGELES CREST HWY SB,19.58
2025-01-07 19:15:00,769953,210,W,ML,182,50.8,45,64.4,63,55.5,36,34.1,38,42.8,,,,,34.206998,-118.201441,ANGELES CREST HWY NB,19.78
2025-01-07 19:15:00,769965,210,W,ML,145,51.2,58,65.9,13,70.8,43,37.0,31,35.1,,,,,34.232554,-118.271772,HONOLULU,15.28
2025-01-07 19:15:00,769983,210,W,ML,227,43.4,59,36.9,65,48.7,54,44.4,49,43.2,,,,,34.203186,-118.191671,GOULD,20.4
2025-01-07 19:15:00,770000,210,W,ML,288,44.7,75,47.7,79,45.5,69,43.0,65,41.9,,,,,34.19198,-118.181214,BERKSHIRE,21.39
2025-01-07 19:15:00,770129,210,W,ML,212,56.2,64,68.3,76,62.1,45,40.2,27,37.9,,,,,34.234984,-118.290562,LA TUNA CANYON NB,14.18
2025-01-07 19:15:00,770141,210,W,ML,124,55.5,34,62.2,45,61.4,12,65.4,33,36.8,,,,,34.234987,-118.294031,LA TUNA CANYON SB,13.98
2025-01-07 19:15:00,770386,210,W,ML,261,47.7,68,52.1,73,49.1,63,44.8,57,43.7,,,,,34.207155,-118.2137,EB/NB 2 TO EB 210 CN,19.08
2025-01-07 19:15:00,770401,210,W,ML,448,65.0,94,70.5,136,66.9,120,63.5,98,59.2,,,,,34.211095,-118.225948,EB/NB 2 TO WB 210 CN,18.32
2025-01-07 19:15:00,770568,210,W,ML,187,50.7,24,73.9,31,69.6,68,42.6,64,41.4,,,,,34.165953,-118.157943,HAMMOND ST.,23.79
2025-01-07 19:15:00,770579,210,W,ML,111,61.6,9,73.6,28,63.8,40,63.6,34,54.1,,,,,34.156597,-118.157944,WINONA WAY,24.442
2025-01-07 19:20:00,717615,210,W,ML,86,15.3,20,16.6,27,14.8,22,14.0,17,15.9,,,,,34.182539,-118.171545,ARROYO 1,22.3
2025-01-07 19:20:00,717622,210,W,ML,140,8.4,90,11.4,30,3.0,10,3.0,10,3.0,,,,,34.176273,-118.161942,LINCOLN 1,23.0
2025-01-07 19:20:00,717624,210,W,ML,246,56.3,51,62.0,57,58.9,50,54.5,45,52.4,43,52.4,,,34.164368,-118.158093,MOUNTAIN 1,23.9
2025-01-07 19:20:00,717627,210,W,ML,71,64.5,31,66.3,40,63.1,,,,,,,,,34.15225,-118.154678,WALNUT,24.9
2025-01-07 19:20:00,717630,210,W,ML,111,64.5,23,69.9,34,66.4,30,63.0,24,58.7,,,,,34.152218,-118.14821,FAIR OAKS 1,25.4
2025-01-07 19:20:00,717632,210,W,HV,111,64.5,111,64.5,,,,,,,,,,,34.152218,-118.14821,FAIR OAKS 1,25.4
2025-01-07 19:20:00,717634,210,W,ML,351,47.3,78,51.9,81,49.0,71,45.5,64,44.0,57,44.6,,,34.15195,-118.13555,LAKE 1,26.12
2025-01-07 19:20:00,717637,210,W,ML,359,48.4,81,59.1,85,54.5,64,44.6,66,37.4,63,41.8,,,34.152357,-118.123714,HILL,26.8
2025-01-07 19:20:00,717642,210,W,ML,345,49.7,66,60.2,75,55.9,58,49.1,56,42.5,90,41.7,,,34.1527,-118.102255,ALTADENA,28.03
2025-01-07 19:20:00,717643,210,W,HV,25,59.9,25,59.9,,,,,,,,,,,34.1527,-118.102255,ALTADENA,28.03
2025-01-07 19:20:00,717644,210,W,ML,339,50.2,75,60.6,76,56.0,68,50.5,61,39.3,59,40.4,,,34.152727,-118.098063,SAN GABRIEL,28.27
2025-01-07 19:20:00,717645,210,W,HV,24,61.2,24,61.2,,,,,,,,,,,34.152727,-118.098063,SAN GABRIEL,28.27
2025-01-07 19:20:00,717649,210,W,ML,316,54.1,78,61.5,75,57.9,62,44.8,60,53.6,41,47.5,,,34.148074,-118.08377,SIERRA MADRE V1,29.17
2025-01-07 19:20:00,717653,210,W,ML,259,50.5,70,50.6,68,49.8,53,49.4,43,51.7,25,52.6,,,34.148737,-118.071321,ROSEMEAD 1,29.879
2025-01-07 19:20:00,761318,210,W,HV,111,64.5,111,64.5,,,,,,,,,,,34.15195,-118.13555,LAKE 1,26.12
2025-01-07 19:20:00,761322,210,W,HV,29,59.6,29,59.6,,,,,,,,,,,34.152357,-118.123714,HILL,26.8
2025-01-07 19:20:00,761325,210,W,HV,19,61.2,19,61.2,,,,,,,,,,,34.148074,-118.08377,SIERRA MADRE V1,29.17
2025-01-07 19:20:00,761431,210,W,HV,111,64.5,111,64.5,,,,,,,,,,,34.148737,-118.071321,ROSEMEAD 1,29.879
2025-01-07 19:20:00,764135,210,W,HV,111,64.5,111,64.5,,,,,,,,,,,34.152092,-118.143249,MARENGO,25.68
2025-01-07 19:20:00,764137,210,W,ML,609,57.7,103,62.6,120,60.6,105,58.9,107,56.6,98,52.8,76,52.8,34.152092,-118.143249,MARENGO,25.68
2025-01-07 19:20:00,769807,210,W,ML,229,45.4,52,55.4,60,44.5,60,41.9,57,41.1,,,,,34.197068,-118.184827,FOOTHILL,20.98
2025-01-07 19:20:00,769867,210,W,ML,210,54.1,57,67.6,54,60.2,48,42.1,51,43.8,,,,,34.218652,-118.239558,LA CRESCENTA,17.38
2025-01-07 19:20:00,769911,210,W,ML,263,51.9,60,65.3,57,51.0,48,44.9,55,49.3,43,45.3,,,34.224897,-118.251344,PENNSYLVANIA,16.58
2025-01-07 19:20:00,769926,210,W,ML,322,49.5,59,54.2,64,51.3,56,47.2,50,45.9,47,47.1,46,50.1,34.214462,-118.232443,OCEAN VIEW,17.88
2025-01-07 19:20:00,769941,210,W,ML,166,49.1,35,70.4,40,55.3,38,32.5,53,42.2,,,,,34.207101,-118.204943,ANGELES CREST HWY SB,19.58
2025-01-07 19:20:00,769953,210,W,ML,169,49.5,34,64.9,51,57.2,44,34.6,40,43.1,,,,,34.206998,-118.201441,ANGELES CREST HWY NB,19.78
2025-01-07 19:20:00,769965,210,W,ML,154,52.4,56,66.1,8,70.6,52,44.1,38,39.9,,,,,34.232554,-118.271772,HONOLULU,15.28
2025-01-07 19:20:00,769983,210,W,ML,218,44.2,57,38.2,63,49.3,51,45.1,47,43.9,,,,,34.203186,-118.191671,GOULD,20.4
2025-01-07 19:20:00,770000,210,W,ML,251,45.8,64,48.9,69,46.7,61,44.1,57,42.9,,,,,34.19198,-118.181214,BERKSHIRE,21.39
2025-01-07 19:20:00,770129,210,W,ML,188,55.3,51,68.4,59,62.3,48,42.3,30,40.3,,,,,34.234984,-118.290562,LA TUNA CANYON NB,14.18
2025-01-07 19:20:00,770141,210,W,ML,133,56.2,37,62.4,48,61.6,13,65.4,35,38.9,,,,,34.234987,-118.294031,LA TUNA CANYON SB,13.98
2025-01-07 19:20:00,770386,210,W,ML,194,48.1,47,52.7,54,49.7,48,45.3,45,44.2,,,,,34.207155,-118.2137,EB/NB 2 TO EB 210 CN,19.08
2025-01-07 19:20:00,770401,210,W,ML,441,65.2,92,70.7,134,67.1,118,63.7,97,59.3,,,,,34.211095,-118.225948,EB/NB 2 TO WB 210 CN,18.32
2025-01-07 19:20:00,770568,210,W,ML,184,51.1,17,74.1,34,68.7,65,43.8,68,43.6,,,,,34.165953,-118.157943,HAMMOND ST.,23.79
2025-01-07 19:20:00,770579,210,W,ML,90,56.2,3,74.1,22,66.5,14,64.8,51,48.3,,,,,34.156597,-118.157944,WINONA WAY,24.442
2025-01-07 19:25:00,717615,210,W,ML,86,15.3,20,16.6,27,14.8,22,14.0,17,15.9,,,,,34.182539,-118.171545,ARROYO 1,22.3
2025-01-07 19:25:00,717622,210,W,ML,140,8.4,90,11.4,30,3.0,10,3.0,10,3.0,,,,,34.176273,-118.161942,LINCOLN 1,23.0
2025-01-07 19:25:00,717624,210,W,ML,221,56.6,45,62.2,51,59.1,45,54.8,41,52.7,39,53.2,,,34.164368,-118.158093,MOUNTAIN 1,23.9
2025-01-07 19:25:00,717627,210,W,ML,88,64.3,40,66.0,48,62.8,,,,,,,,,34.15225,-118.154678,WALNUT,24.9
2025-01-07 19:25:00,717630,210,W,ML,109,64.6,23,70.0,33,66.5,29,63.1,24,58.8,,,,,34.152218,-118.14821,FAIR OAKS 1,25.4
2025-01-07 19:25:00,717632,210,W,HV,109,64.6,109,64.6,,,,,,,,,,,34.152218,-118.14821,FAIR OAKS 1,25.4
2025-01-07 19:25:00,717634,210,W,ML,343,50.0,75,55.0,78,52.0,68,48.2,64,46.6,58,46.9,,,34.15195,-118.13555,LAKE 1,26.12
2025-01-07 19:25:00,717637,210,W,ML,337,51.7,72,61.9,75,56.8,74,49.5,51,42.8,65,44.0,,,34.152357,-118.123714,HILL,26.8
2025-01-07 19:25:00,717642,210,W,ML,320,51.3,72,62.4,65,57.2,52,50.1,51,44.1,80,41.8,,,34.1527,-118.102255,ALTADENA,28.03
2025-01-07 19:25:00,717643,210,W,HV,15,62.5,15,62.5,,,,,,,,,,,34.1527,-118.102255,ALTADENA,28.03
2025-01-07 19:25:00,717644,210,W,ML,325,52.4,77,63.2,69,57.9,64,52.6,63,42.6,52,40.6,,,34.152727,-118.098063,SAN GABRIEL,28.27
2025-01-07 19:25:00,717645,210,W,HV,14,63.0,14,63.0,,,,,,,,,,,34.152727,-118.098063,SAN GABRIEL,28.27
2025-01-07 19:25:00,717649,210,W,ML,278,54.8,70,61.6,63,60.1,50,47.1,56,54.4,39,44.8,,,34.148074,-118.08377,SIERRA MADRE V1,29.17
2025-01-07 19:25:00,717653,210,W,ML,210,50.3,58,49.0,57,48.8,43,50.9,34,52.8,18,53.0,,,34.148737,-118.071321,ROSEMEAD 1,29.879
2025-01-07 19:25:00,761318,210,W,HV,109,64.6,109,64.6,,,,,,,,,,,34.15195,-118.13555,LAKE 1,26.12
2025-01-07 19:25:00,761322,210,W,HV,23,61.7,23,61.7,,,,,,,,,,,34.152357,-118.123714,HILL,26.8
2025-01-07 19:25:00,761325,210,W,HV,11,62.9,11,62.9,,,,,,,,,,,34.148074,-118.08377,SIERRA MADRE V1,29.17
2025-01-07 19:25:00,761431,210,W,HV,109,64.6,109,64.6,,,,,,,,,,,34.148737,-118.071321,ROSEMEAD 1,29.879
2025-01-07 19:25:00,764135,210,W,HV,109,64.6,109,64.6,,,,,,,,,,,34.152092,-118.143249,MARENGO,25.68
2025-01-07 19:25:00,764137,210,W,ML,605,59.2,103,64.3,119,62.2,104,60.5,107,58.1,97,54.2,75,54.2,34.152092,-118.143249,MARENGO,25.68
2025-01-07 19:25:00,769807,210,W,ML,182,52.6,34,61.3,47,54.5,52,49.6,49,48.0,,,,,34.197068,-118.184827,FOOTHILL,20.98
2025-01-07 19:25:00,769867,210,W,ML,202,54.1,44,67.0,58,61.6,49,43.7,51,44.6,,,,,34.218652,-118.239558,LA CRESCENTA,17.38
2025-01-07 19:25:00,769911,210,W,ML,240,53.2,52,66.7,55,51.6,43,50.6,51,48.4,39,46.3,,,34.224897,-118.251344,PENNSYLVANIA,16.58
2025-01-07 19:25:00,769926,210,W,ML,325,50.1,61,54.8,65,51.9,56,47.8,50,46.4,47,47.6,46,50.5,34.214462,-118.232443,OCEAN VIEW,17.88
2025-01-07 19:25:00,769941,210,W,ML,173,49.8,40,71.8,39,56.0,49,36.1,45,39.7,,,,,34.207101,-118.204943,ANGELES CREST HWY SB,19.58
2025-01-07 19:25:00,769953,210,W,ML,153,50.0,43,66.4,41,56.3,42,32.9,27,40.9,,,,,34.206998,-118.201441,ANGELES CREST HWY NB,19.78
2025-01-07 19:25:00,769965,210,W,ML,140,53.5,64,66.6,5,70.9,41,44.5,30,35.1,,,,,34.232554,-118.271772,HONOLULU,15.28
2025-01-07 19:25:00,769983,210,W,ML,194,44.8,50,36.9,55,48.5,46,47.7,43,46.3,,,,,34.203186,-118.191671,GOULD,20.4
2025-01-07 19:25:00,770000,210,W,ML,214,52.8,53,56.9,59,54.2,53,50.8,49,49.0,,,,,34.19198,-118.181214,BERKSHIRE,21.39
2025-01-07 19:25:00,770129,210,W,ML,220,56.5,68,67.6,68,62.4,56,43.8,28,40.5,,,,,34.234984,-118.290562,LA TUNA CANYON NB,14.18
2025-01-07 19:25:00,770141,210,W,ML,158,56.4,46,62.5,56,61.6,15,65.4,41,39.0,,,,,34.234987,-118.294031,LA TUNA CANYON SB,13.98
2025-01-07 19:25:00,770386,210,W,ML,197,46.2,49,50.6,55,47.7,48,43.3,45,42.4,,,,,34.207155,-118.2137,EB/NB 2 TO EB 210 CN,19.08
2025-01-07 19:25:00,770401,210,W,ML,435,65.4,91,70.9,132,67.3,117,63.9,95,59.5,,,,,34.211095,-118.225948,EB/NB 2 TO WB 210 CN,18.32
2025-01-07 19:25:00,770568,210,W,ML,128,53.7,21,74.4,18,69.5,49,42.9,40,48.9,,,,,34.165953,-118.157943,HAMMOND ST.,23.79
2025-01-07 19:25:00,770579,210,W,ML,115,60.1,25,73.4,32,66.1,15,65.4,43,46.0,,,,,34.156597,-118.157944,WINONA WAY,24.442
2025-01-07 19:30:00,717615,210,W,ML,86,15.3,20,16.6,27,14.8,22,14.0,17,15.9,,,,,34.182539,-118.171545,ARROYO 1,22.3
2025-01-07 19:30:00,717622,210,W,ML,140,8.4,90,11.4,30,3.0,10,3.0,10,3.0,,,,,34.176273,-118.161942,LINCOLN 1,23.0
2025-01-07 19:30:00,717624,210,W,ML,278,52.3,58,57.3,63,54.4,56,50.3,52,48.7,49,49.7,,,34.164368,-118.158093,MOUNTAIN 1,23.9
2025-01-07 19:30:00,717627,210,W,ML,120,61.0,57,62.5,63,59.5,,,,,,,,,34.15225,-118.154678,WALNUT,24.9
2025-01-07 19:30:00,717630,210,W,ML,106,64.7,22,70.1,32,66.6,29,63.2,23,58.9,,,,,34.152218,-118.14821,FAIR OAKS 1,25.4
2025-01-07 19:30:00,717632,210,W,HV,107,64.7,107,64.7,,,,,,,,,,,34.152218,-118.14821,FAIR OAKS 1,25.4
2025-01-07 19:30:00,717634,210,W,ML,308,49.8,67,54.7,71,51.8,62,47.9,57,46.4,51,46.7,,,34.15195,-118.13555,LAKE 1,26.12
2025-01-07 19:30:00,717637,210,W,ML,301,52.6,75,62.0,67,60.4,44,47.3,55,46.6,60,41.5,,,34.152357,-118.123714,HILL,26.8
2025-01-07 19:30:00,717642,210,W,ML,314,51.6,73,64.0,52,59.4,48,49.6,47,41.4,94,43.7,,,34.1527,-118.102255,ALTADENA,28.03
2025-01-07 19:30:00,717643,210,W,HV,7,63.7,7,63.7,,,,,,,,,,,34.1527,-118.102255,ALTADENA,28.03
2025-01-07 19:30:00,717644,210,W,ML,317,51.5,75,65.1,62,57.0,56,49.0,58,41.2,66,42.0,,,34.152727,-118.098063,SAN GABRIEL,28.27
2025-01-07 19:30:00,717645,210,W,HV,9,63.9,9,63.9,,,,,,,,,,,34.152727,-118.098063,SAN GABRIEL,28.27
2025-01-07 19:30:00,717649,210,W,ML,303,53.9,80,62.8,62,60.3,57,42.7,54,53.7,50,44.8,,,34.148074,-118.08377,SIERRA MADRE V1,29.17
2025-01-07 19:30:00,717653,210,W,ML,255,48.5,68,47.9,68,47.3,53,48.0,43,50.7,23,51.4,,,34.148737,-118.071321,ROSEMEAD 1,29.879
2025-01-07 19:30:00,761318,210,W,HV,107,64.7,107,64.7,,,,,,,,,,,34.15195,-118.13555,LAKE 1,26.12
2025-01-07 19:30:00,761322,210,W,HV,11,63.2,11,63.2,,,,,,,,,,,34.152357,-118.123714,HILL,26.8
2025-01-07 19:30:00,761325,210,W,HV,13,63.6,13,63.6,,,,,,,,,,,34.148074,-118.08377,SIERRA MADRE V1,29.17
2025-01-07 19:30:00,761431,210,W,HV,107,64.7,107,64.7,,,,,,,,,,,34.148737,-118.071321,ROSEMEAD 1,29.879
2025-01-07 19:30:00,764135,210,W,HV,107,64.7,107,64.7,,,,,,,,,,,34.152092,-118.143249,MARENGO,25.68
2025-01-07 19:30:00,764137,210,W,ML,594,60.4,101,65.5,117,63.3,102,61.6,105,59.2,95,55.2,74,55.2,34.152092,-118.143249,MARENGO,25.68
2025-01-07 19:30:00,769807,210,W,ML,262,52.6,68,62.1,68,52.6,65,48.1,61,46.7,,,,,34.197068,-118.184827,FOOTHILL,20.98
2025-01-07 19:30:00,769867,210,W,ML,182,55.8,41,68.4,44,61.8,49,49.7,48,45.9,,,,,34.218652,-118.239558,LA CRESCENTA,17.38
2025-01-07 19:30:00,769911,210,W,ML,228,52.9,49,66.8,54,52.7,46,48.4,40,47.6,39,46.5,,,34.224897,-118.251344,PENNSYLVANIA,16.58
2025-01-07 19:30:00,769926,210,W,ML,291,50.9,50,55.9,57,52.9,51,49.0,47,47.5,45,48.6,41,51.1,34.214462,-118.232443,OCEAN VIEW,17.88
2025-01-07 19:30:00,769941,210,W,ML,180,51.7,44,70.5,41,48.3,41,46.0,54,43.4,,,,,34.207101,-118.204943,ANGELES CREST HWY SB,19.58
2025-01-07 19:30:00,769953,210,W,ML,193,51.8,48,63.1,60,51.2,31,43.7,54,47.2,,,,,34.206998,-118.201441,ANGELES CREST HWY NB,19.78
2025-01-07 19:30:00,769965,210,W,ML,134,52.1,57,67.1,4,71.1,41,41.5,32,36.5,,,,,34.232554,-118.271772,HONOLULU,15.28
2025-01-07 19:30:00,769983,210,W,ML,230,46.5,55,38.5,60,50.8,60,48.8,55,47.2,,,,,34.203186,-118.191671,GOULD,20.4
2025-01-07 19:30:00,770000,210,W,ML,274,51.5,71,55.3,75,52.7,66,49.5,62,47.8,,,,,34.19198,-118.181214,BERKSHIRE,21.39
2025-01-07 19:30:00,770129,210,W,ML,189,57.6,55,68.5,68,63.4,42,43.7,24,40.3,,,,,34.234984,-118.290562,LA TUNA CANYON NB,14.18
2025-01-07 19:30:00,770141,210,W,ML,114,56.6,30,63.5,42,62.3,11,65.5,31,38.9,,,,,34.234987,-118.294031,LA TUNA CANYON SB,13.98
2025-01-07 19:30:00,770386,210,W,ML,198,48.1,48,52.1,55,49.3,49,46.1,46,44.7,,,,,34.207155,-118.2137,EB/NB 2 TO EB 210 CN,19.08
2025-01-07 19:30:00,770401,210,W,ML,427,65.6,89,71.1,130,67.5,114,64.1,94,59.7,,,,,34.211095,-118.225948,EB/NB 2 TO WB 210 CN,18.32
2025-01-07 19:30:00,770568,210,W,ML,170,50.6,22,74.3,31,69.7,59,41.0,58,41.2,,,,,34.165953,-118.157943,HAMMOND ST.,23.79
2025-01-07 19:30:00,770579,210,W,ML,156,53.9,18,73.3,52,61.7,29,63.8,57,35.6,,,,,34.156597,-118.157944,WINONA WAY,24.442
2025-01-07 19:35:00,717615,210,W,ML,86,15.3,20,16.6,27,14.8,22,14.0,17,15.9,,,,,34.182539,-118.171545,ARROYO 1,22.3
2025-01-07 19:35:00,717622,210,W,ML,140,8.4,90,11.4,30,3.0,10,3.0,10,3.0,,,,,34.176273,-118.161942,LINCOLN 1,23.0
2025-01-07 19:35:00,717624,210,W,ML,241,49.6,52,54.2,57,51.4,49,47.6,43,46.2,40,47.4,,,34.164368,-118.158093,MOUNTAIN 1,23.9
2025-01-07 19:35:00,717627,210,W,ML,112,53.9,54,55.3,58,52.7,,,,,,,,,34.15225,-118.154678,WALNUT,24.9
2025-01-07 19:35:00,717630,210,W,ML,105,64.7,22,70.1,32,66.6,28,63.2,23,58.9,,,,,34.152218,-118.14821,FAIR OAKS 1,25.4
2025-01-07 19:35:00,717632,210,W,HV,104,64.7,104,64.7,,,,,,,,,,,34.152218,-118.14821,FAIR OAKS 1,25.4
2025-01-07 19:35:00,717634,210,W,ML,287,48.0,62,53.1,66,50.1,58,46.0,53,44.5,48,45.0,,,34.15195,-118.13555,LAKE 1,26.12
2025-01-07 19:35:00,717637,210,W,ML,278,50.8,60,63.3,60,58.2,52,45.2,50,42.3,56,42.4,,,34.152357,-118.123714,HILL,26.8
2025-01-07 19:35:00,717642,210,W,ML,252,51.6,48,66.0,40,61.7,44,49.5,40,40.6,80,44.5,,,34.1527,-118.102255,ALTADENA,28.03
2025-01-07 19:35:00,717643,210,W,HV,12,64.1,12,64.1,,,,,,,,,,,34.1527,-118.102255,ALTADENA,28.03
2025-01-07 19:35:00,717644,210,W,ML,263,49.9,49,66.1,48,56.3,61,47.8,50,39.2,55,41.8,,,34.152727,-118.098063,SAN GABRIEL,28.27
2025-01-07 19:35:00,717645,210,W,HV,10,64.3,10,64.3,,,,,,,,,,,34.152727,-118.098063,SAN GABRIEL,28.27
2025-01-07 19:35:00,717649,210,W,ML,218,54.4,45,65.1,44,62.6,48,44.4,46,53.4,35,45.3,,,34.148074,-118.08377,SIERRA MADRE V1,29.17
2025-01-07 19:35:00,717653,210,W,ML,193,49.2,53,48.4,52,47.8,39,49.1,32,51.5,17,52.0,,,34.148737,-118.071321,ROSEMEAD 1,29.879
2025-01-07 19:35:00,761318,210,W,HV,104,64.7,104,64.7,,,,,,,,,,,34.15195,-118.13555,LAKE 1,26.12
2025-01-07 19:35:00,761322,210,W,HV,9,64.0,9,64.0,,,,,,,,,,,34.152357,-118.123714,HILL,26.8
2025-01-07 19:35:00,761325,210,W,HV,6,64.2,6,64.2,,,,,,,,,,,34.148074,-118.08377,SIERRA MADRE V1,29.17
2025-01-07 19:35:00,761431,210,W,HV,104,64.7,104,64.7,,,,,,,,,,,34.148737,-118.071321,ROSEMEAD 1,29.879
2025-01-07 19:35:00,764135,210,W,HV,104,64.7,104,64.7,,,,,,,,,,,34.152092,-118.143249,MARENGO,25.68
2025-01-07 19:35:00,764137,210,W,ML,592,61.5,100,66.7,117,64.5,102,62.7,104,60.3,95,56.2,74,56.2,34.152092,-118.143249,MARENGO,25.68
2025-01-07 19:35:00,769807,210,W,ML,159,54.3,34,64.5,37,55.7,45,50.5,43,48.8,,,,,34.197068,-118.184827,FOOTHILL,20.98
2025-01-07 19:35:00,769867,210,W,ML,170,56.3,38,70.0,46,61.6,45,50.6,41,43.8,,,,,34.218652,-118.239558,LA CRESCENTA,17.38
2025-01-07 19:35:00,769911,210,W,ML,208,52.5,38,69.7,54,51.9,38,48.9,40,46.4,38,46.1,,,34.224897,-118.251344,PENNSYLVANIA,16.58
2025-01-07 19:35:00,769926,210,W,ML,279,51.4,52,55.8,56,52.9,48,49.7,43,48.1,40,49.1,40,51.5,34.214462,-118.232443,OCEAN VIEW,17.88
2025-01-07 19:35:00,769941,210,W,ML,151,54.8,35,70.5,54,54.7,31,53.1,31,38.8,,,,,34.207101,-118.204943,ANGELES CREST HWY SB,19.58
2025-01-07 19:35:00,769953,210,W,ML,145,52.7,39,65.1,40,53.2,30,42.0,36,47.5,,,,,34.206998,-118.201441,ANGELES CREST HWY NB,19.78
2025-01-07 19:35:00,769965,210,W,ML,141,54.8,56,67.8,7,71.1,48,45.8,30,40.9,,,,,34.232554,-118.271772,HONOLULU,15.28
2025-01-07 19:35:00,769983,210,W,ML,176,47.0,44,39.0,46,50.8,45,50.0,41,48.3,,,,,34.203186,-118.191671,GOULD,20.4
2025-01-07 19:35:00,770000,210,W,ML,184,53.6,44,57.8,51,55.1,46,51.6,43,49.7,,,,,34.19198,-118.181214,BERKSHIRE,21.39
2025-01-07 19:35:00,770129,210,W,ML,200,58.5,59,69.5,65,64.4,47,45.7,29,43.8,,,,,34.234984,-118.290562,LA TUNA CANYON NB,14.18
2025-01-07 19:35:00,770141,210,W,ML,130,58.2,36,64.5,47,63.1,13,65.7,34,41.9,,,,,34.234987,-118.294031,LA TUNA CANYON SB,13.98
2025-01-07 19:35:00,770386,210,W,ML,159,52.9,41,56.9,46,54.1,39,50.6,33,48.8,,,,,34.207155,-118.2137,EB/NB 2 TO EB 210 CN,19.08
2025-01-07 19:35:00,770401,210,W,ML,425,65.7,89,71.2,129,67.6,114,64.2,93,59.8,,,,,34.211095,-118.225948,EB/NB 2 TO WB 210 CN,18.32
2025-01-07 19:35:00,770568,210,W,ML,128,50.4,27,74.7,8,70.2,51,40.8,42,42.6,,,,,34.165953,-118.157943,HAMMOND ST.,23.79
2025-01-07 19:35:00,770579,210,W,ML,159,51.8,34,67.3,51,52.5,31,56.8,43,35.2,,,,,34.156597,-118.157944,WINONA WAY,24.442
2025-01-07 19:40:00,717615,210,W,ML,86,15.3,20,16.6,27,14.8,22,14.0,17,15.9,,,,,34.182539,-118.171545,ARROYO 1,22.3
2025-01-07 19:40:00,717622,210,W,ML,140,8.4,90,11.4,30,3.0,10,3.0,10,3.0,,,,,34.176273,-118.161942,LINCOLN 1,23.0
2025-01-07 19:40:00,717624,210,W,ML,278,49.7,59,54.1,64,51.4,56,47.9,51,46.5,48,47.3,,,34.164368,-118.158093,MOUNTAIN 1,23.9
2025-01-07 19:40:00,717627,210,W,ML,123,51.8,59,53.1,64,50.6,,,,,,,,,34.15225,-118.154678,WALNUT,24.9
2025-01-07 19:40:00,717630,210,W,ML,104,64.7,22,70.1,31,66.6,28,63.2,23,58.9,,,,,34.152218,-118.14821,FAIR OAKS 1,25.4
2025-01-07 19:40:00,717632,210,W,HV,103,64.7,103,64.7,,,,,,,,,,,34.152218,-118.14821,FAIR OAKS 1,25.4
2025-01-07 19:40:00,717634,210,W,ML,332,49.7,73,54.8,77,51.8,67,47.6,61,46.1,54,46.2,,,34.15195,-118.13555,LAKE 1,26.12
2025-01-07 19:40:00,717637,210,W,ML,331,52.2,78,63.1,69,60.6,63,44.8,65,42.3,56,46.2,,,34.152357,-118.123714,HILL,26.8
2025-01-07 19:40:00,717642,210,W,ML,321,53.2,72,64.0,62,61.0,52,51.2,51,40.9,84,46.8,,,34.1527,-118.102255,ALTADENA,28.03
2025-01-07 19:40:00,717643,210,W,HV,13,64.4,13,64.4,,,,,,,,,,,34.1527,-118.102255,ALTADENA,28.03
2025-01-07 19:40:00,717644,210,W,ML,329,52.5,78,65.2,69,58.8,63,48.1,63,41.2,56,44.6,,,34.152727,-118.098063,SAN GABRIEL,28.27
2025-01-07 19:40:00,717645,210,W,HV,14,64.5,14,64.5,,,,,,,,,,,34.152727,-118.098063,SAN GABRIEL,28.27
2025-01-07 19:40:00,717649,210,W,ML,318,56.5,78,65.3,74,62.0,60,44.2,57,54.2,49,52.2,,,34.148074,-118.08377,SIERRA MADRE V1,29.17
2025-01-07 19:40:00,717653,210,W,ML,258,54.5,71,55.2,68,54.2,53,53.7,42,54.6,24,54.8,,,34.148737,-118.071321,ROSEMEAD 1,29.879
2025-01-07 19:40:00,761318,210,W,HV,103,64.7,103,64.7,,,,,,,,,,,34.15195,-118.13555,LAKE 1,26.12
2025-01-07 19:40:00,761322,210,W,HV,16,64.4,16,64.4,,,,,,,,,,,34.152357,-118.123714,HILL,26.8
2025-01-07 19:40:00,761325,210,W,HV,18,63.7,18,63.7,,,,,,,,,,,34.148074,-118.08377,SIERRA MADRE V1,29.17
2025-01-07 19:40:00,761431,210,W,HV,103,64.7,103,64.7,,,,,,,,,,,34.148737,-118.071321,ROSEMEAD 1,29.879
2025-01-07 19:40:00,764135,210,W,HV,103,64.7,103,64.7,,,,,,,,,,,34.152092,-118.143249,MARENGO,25.68
2025-01-07 19:40:00,764137,210,W,ML,584,62.2,99,67.4,115,65.2,100,63.5,103,61.0,94,56.8,73,56.8,34.152092,-118.143249,MARENGO,25.68
2025-01-07 19:40:00,769807,210,W,ML,270,54.6,57,65.3,76,55.5,71,50.4,66,48.7,,,,,34.197068,-118.184827,FOOTHILL,20.98
2025-01-07 19:40:00,769867,210,W,ML,197,55.9,44,69.6,51,61.5,55,52.6,47,40.8,,,,,34.218652,-118.239558,LA CRESCENTA,17.38
2025-01-07 19:40:00,769911,210,W,ML,238,53.8,52,69.4,55,50.6,48,53.4,42,44.5,41,48.2,,,34.224897,-118.251344,PENNSYLVANIA,16.58
2025-01-07 19:40:00,769926,210,W,ML,309,52.7,56,57.4,61,54.5,53,51.1,49,49.4,46,50.3,44,52.4,34.214462,-118.232443,OCEAN VIEW,17.88
2025-01-07 19:40:00,769941,210,W,ML,194,55.9,53,70.7,61,58.1,44,41.5,36,47.8,,,,,34.207101,-118.204943,ANGELES CREST HWY SB,19.58
2025-01-07 19:40:00,769953,210,W,ML,216,51.1,56,63.6,78,51.6,43,31.9,39,53.5,,,,,34.206998,-118.201441,ANGELES CREST HWY NB,19.78
2025-01-07 19:40:00,769965,210,W,ML,135,55.0,53,68.6,3,71.0,48,47.8,31,41.4,,,,,34.232554,-118.271772,HONOLULU,15.28
2025-01-07 19:40:00,769983,210,W,ML,262,44.3,70,33.5,80,46.8,58,50.0,54,48.3,,,,,34.203186,-118.191671,GOULD,20.4
2025-01-07 19:40:00,770000,210,W,ML,296,53.6,78,57.6,81,54.9,71,51.4,66,49.6,,,,,34.19198,-118.181214,BERKSHIRE,21.39
2025-01-07 19:40:00,770129,210,W,ML,174,59.0,50,69.9,52,63.0,48,53.9,24,38.0,,,,,34.234984,-118.290562,LA TUNA CANYON NB,14.18
2025-01-07 19:40:00,770141,210,W,ML,133,56.1,37,63.1,48,62.1,13,65.4,35,36.9,,,,,34.234987,-118.294031,LA TUNA CANYON SB,13.98
2025-01-07 19:40:00,770386,210,W,ML,182,52.5,46,57.2,51,54.2,44,49.8,41,48.2,,,,,34.207155,-118.2137,EB/NB 2 TO EB 210 CN,19.08
2025-01-07 19:40:00,770401,210,W,ML,419,65.7,88,71.2,127,67.6,112,64.2,92,59.8,,,,,34.211095,-118.225948,EB/NB 2 TO WB 210 CN,18.32
2025-01-07 19:40:00,770568,210,W,ML,152,53.1,13,74.5,22,70.6,68,44.0,49,52.1,,,,,34.165953,-118.157943,HAMMOND ST.,23.79
2025-01-07 19:40:00,770579,210,W,ML,179,47.8,28,67.3,54,49.8,38,49.8,59,35.3,,,,,34.156597,-118.157944,WINONA WAY,24.442
2025-01-07 19:45:00,717615,210,W,ML,86,15.3,20,16.6,27,14.8,22,14.0,17,15.9,,,,,34.182539,-118.171545,ARROYO 1,22.3
2025-01-07 19:45:00,717622,210,W,ML,140,8.4,90,11.4,30,3.0,10,3.0,10,3.0,,,,,34.176273,-118.161942,LINCOLN 1,23.0
2025-01-07 19:45:00,717624,210,W,ML,243,51.3,50,56.2,56,53.3,49,49.5,44,47.9,44,48.8,,,34.164368,-118.158093,MOUNTAIN 1,23.9
2025-01-07 19:45:00,717627,210,W,ML,101,55.3,47,56.8,54,54.1,,,,,,,,,34.15225,-118.154678,WALNUT,24.9
2025-01-07 19:45:00,717630,210,W,ML,100,64.8,21,70.2,30,66.7,27,63.3,22,59.0,,,,,34.152218,-118.14821,FAIR OAKS 1,25.4
2025-01-07 19:45:00,717632,210,W,HV,100,64.8,100,64.8,,,,,,,,,,,34.152218,-118.14821,FAIR OAKS 1,25.4
2025-01-07 19:45:00,717634,210,W,ML,306,50.4,66,55.4,70,52.3,61,48.6,57,46.9,52,47.2,,,34.15195,-118.13555,LAKE 1,26.12
2025-01-07 19:45:00,717637,210,W,ML,322,51.9,81,62.0,64,59.2,63,44.2,55,40.2,59,49.3,,,34.152357,-118.123714,HILL,26.8
2025-01-07 19:45:00,717642,210,W,ML,294,54.9,53,64.7,67,60.4,49,52.7,47,43.0,78,52.1,,,34.1527,-118.102255,ALTADENA,28.03
2025-01-07 19:45:00,717643,210,W,HV,11,64.5,11,64.5,,,,,,,,,,,34.1527,-118.102255,ALTADENA,28.03
2025-01-07 19:45:00,717644,210,W,ML,288,54.2,65,64.2,64,59.4,52,51.1,56,46.5,51,46.4,,,34.152727,-118.098063,SAN GABRIEL,28.27
2025-01-07 19:45:00,717645,210,W,HV,9,64.7,9,64.7,,,,,,,,,,,34.152727,-118.098063,SAN GABRIEL,28.27
2025-01-07 19:45:00,717649,210,W,ML,280,57.4,59,66.4,82,63.5,43,43.1,52,55.4,44,50.1,,,34.148074,-118.08377,SIERRA MADRE V1,29.17
2025-01-07 19:45:00,717653,210,W,ML,230,52.7,64,53.2,62,52.2,48,51.8,37,53.2,19,53.8,,,34.148737,-118.071321,ROSEMEAD 1,29.879
2025-01-07 19:45:00,761318,210,W,HV,100,64.8,100,64.8,,,,,,,,,,,34.15195,-118.13555,LAKE 1,26.12
2025-01-07 19:45:00,761322,210,W,HV,12,64.5,12,64.5,,,,,,,,,,,34.152357,-118.123714,HILL,26.8
2025-01-07 19:45:00,761325,210,W,HV,8,64.3,8,64.3,,,,,,,,,,,34.148074,-118.08377,SIERRA MADRE V1,29.17
2025-01-07 19:45:00,761431,210,W,HV,100,64.8,100,64.8,,,,,,,,,,,34.148737,-118.071321,ROSEMEAD 1,29.879
2025-01-07 19:45:00,764135,210,W,HV,100,64.8,100,64.8,,,,,,,,,,,34.152092,-118.143249,MARENGO,25.68
2025-01-07 19:45:00,764137,210,W,ML,579,62.9,98,68.2,114,66.0,100,64.2,102,61.7,93,57.5,72,57.5,34.152092,-118.143249,MARENGO,25.68
2025-01-07 19:45:00,769807,210,W,ML,259,55.0,51,63.2,74,57.1,69,51.6,65,49.8,,,,,34.197068,-118.184827,FOOTHILL,20.98
2025-01-07 19:45:00,769867,210,W,ML,209,54.8,41,70.6,63,60.0,49,46.8,56,44.4,,,,,34.218652,-118.239558,LA CRESCENTA,17.38
2025-01-07 19:45:00,769911,210,W,ML,246,52.4,57,68.8,57,50.1,48,48.1,43,44.5,41,45.8,,,34.224897,-118.251344,PENNSYLVANIA,16.58
2025-01-07 19:45:00,769926,210,W,ML,351,49.9,66,54.7,70,51.7,60,47.6,54,46.3,51,47.5,50,50.4,34.214462,-118.232443,OCEAN VIEW,17.88
2025-01-07 19:45:00,769941,210,W,ML,186,56.5,51,70.9,59,62.5,38,38.9,38,45.6,,,,,34.207101,-118.204943,ANGELES CREST HWY SB,19.58
2025-01-07 19:45:00,769953,210,W,ML,170,53.6,53,64.4,53,58.2,40,38.3,24,45.3,,,,,34.206998,-118.201441,ANGELES CREST HWY NB,19.78
2025-01-07 19:45:00,769965,210,W,ML,160,53.8,64,67.8,3,71.0,51,46.3,42,40.5,,,,,34.232554,-118.271772,HONOLULU,15.28
2025-01-07 19:45:00,769983,210,W,ML,212,47.5,56,40.4,61,50.9,49,50.3,46,48.6,,,,,34.203186,-118.191671,GOULD,20.4
2025-01-07 19:45:00,770000,210,W,ML,291,54.7,76,58.9,80,56.1,70,52.5,65,50.6,,,,,34.19198,-118.181214,BERKSHIRE,21.39
2025-01-07 19:45:00,770129,210,W,ML,213,59.1,71,69.8,59,63.4,50,50.7,33,41.2,,,,,34.234984,-118.290562,LA TUNA CANYON NB,14.18
2025-01-07 19:45:00,770141,210,W,ML,139,57.1,39,63.5,50,62.3,14,65.6,36,39.6,,,,,34.234987,-118.294031,LA TUNA CANYON SB,13.98
2025-01-07 19:45:00,770386,210,W,ML,185,50.9,48,55.4,53,52.4,45,48.1,39,46.6,,,,,34.207155,-118.2137,EB/NB 2 TO EB 210 CN,19.08
2025-01-07 19:45:00,770401,210,W,ML,415,65.7,87,71.2,126,67.6,111,64.2,91,59.8,,,,,34.211095,-118.225948,EB/NB 2 TO WB 210 CN,18.32
2025-01-07 19:45:00,770568,210,W,ML,161,53.0,26,74.0,36,70.1,56,37.8,43,45.7,,,,,34.165953,-118.157943,HAMMOND ST.,23.79
2025-01-07 19:45:00,770579,210,W,ML,138,47.2,17,70.5,40,54.4,12,57.7,69,35.5,,,,,34.156597,-118.157944,WINONA WAY,24.442
2025-01-07 19:50:00,717615,210,W,ML,86,15.3,20,16.6,27,14.8,22,14.0,17,15.9,,,,,34.182539,-118.171545,ARROYO 1,22.3
2025-01-07 19:50:00,717622,210,W,ML,140,8.4,90,11.4,30,3.0,10,3.0,10,3.0,,,,,34.176273,-118.161942,LINCOLN 1,23.0
2025-01-07 19:50:00,717624,210,W,ML,235,48.4,47,53.1,54,50.3,47,46.3,44,45.1,43,46.5,,,34.164368,-118.158093,MOUNTAIN 1,23.9
2025-01-07 19:50:00,717627,210,W,ML,99,55.8,46,57.2,53,54.5,,,,,,,,,34.15225,-118.154678,WALNUT,24.9
2025-01-07 19:50:00,717630,210,W,ML,98,64.8,20,70.2,30,66.7,26,63.3,22,59.0,,,,,34.152218,-118.14821,FAIR OAKS 1,25.4
2025-01-07 19:50:00,717632,210,W,HV,98,64.8,98,64.8,,,,,,,,,,,34.152218,-118.14821,FAIR OAKS 1,25.4
2025-01-07 19:50:00,717634,210,W,ML,280,50.8,60,56.1,64,53.0,56,48.9,51,47.2,49,47.1,,,34.15195,-118.13555,LAKE 1,26.12
2025-01-07 19:50:00,717637,210,W,ML,285,52.3,66,62.5,62,60.2,49,41.7,44,42.0,64,49.3,,,34.152357,-118.123714,HILL,26.8
2025-01-07 19:50:00,717642,210,W,ML,289,54.4,40,65.4,70,59.6,55,51.9,54,41.9,70,54.6,,,34.1527,-118.102255,ALTADENA,28.03
2025-01-07 19:50:00,717643,210,W,HV,10,64.6,10,64.6,,,,,,,,,,,34.1527,-118.102255,ALTADENA,28.03
2025-01-07 19:50:00,717644,210,W,ML,314,52.9,74,63.9,69,58.8,48,46.7,69,44.9,54,45.8,,,34.152727,-118.098063,SAN GABRIEL,28.27
2025-01-07 19:50:00,717645,210,W,HV,10,64.6,10,64.6,,,,,,,,,,,34.152727,-118.098063,SAN GABRIEL,28.27
2025-01-07 19:50:00,717649,210,W,ML,268,54.6,62,67.1,61,59.8,51,41.0,55,54.2,39,45.0,,,34.148074,-118.08377,SIERRA MADRE V1,29.17
2025-01-07 19:50:00,717653,210,W,ML,213,48.3,58,48.1,57,47.5,44,47.0,35,49.9,19,51.4,,,34.148737,-118.071321,ROSEMEAD 1,29.879
2025-01-07 19:50:00,761318,210,W,HV,98,64.8,98,64.8,,,,,,,,,,,34.15195,-118.13555,LAKE 1,26.12
2025-01-07 19:50:00,761322,210,W,HV,12,64.5,12,64.5,,,,,,,,,,,34.152357,-118.123714,HILL,26.8
2025-01-07 19:50:00,761325,210,W,HV,9,64.3,9,64.3,,,,,,,,,,,34.148074,-118.08377,SIERRA MADRE V1,29.17
2025-01-07 19:50:00,761431,210,W,HV,98,64.8,98,64.8,,,,,,,,,,,34.148737,-118.071321,ROSEMEAD 1,29.879
2025-01-07 19:50:00,764135,210,W,HV,98,64.8,98,64.8,,,,,,,,,,,34.152092,-118.143249,MARENGO,25.68
2025-01-07 19:50:00,764137,210,W,ML,569,63.5,97,68.8,112,66.6,98,64.8,100,62.3,91,58.0,71,58.0,34.152092,-118.143249,MARENGO,25.68
2025-01-07 19:50:00,769807,210,W,ML,176,57.2,51,64.4,37,59.1,45,53.1,43,51.2,,,,,34.197068,-118.184827,FOOTHILL,20.98
2025-01-07 19:50:00,769867,210,W,ML,230,55.9,51,69.7,55,62.8,62,51.1,62,43.2,,,,,34.218652,-118.239558,LA CRESCENTA,17.38
2025-01-07 19:50:00,769911,210,W,ML,268,53.9,48,68.4,64,50.8,58,58.8,51,43.9,47,48.1,,,34.224897,-118.251344,PENNSYLVANIA,16.58
2025-01-07 19:50:00,769926,210,W,ML,339,51.7,62,56.2,66,53.3,58,50.0,54,48.4,52,49.4,47,51.7,34.214462,-118.232443,OCEAN VIEW,17.88
2025-01-07 19:50:00,769941,210,W,ML,226,57.4,53,70.6,61,63.7,41,34.3,71,55.4,,,,,34.207101,-118.204943,ANGELES CREST HWY SB,19.58
2025-01-07 19:50:00,769953,210,W,ML,244,54.4,69,62.8,73,58.5,41,40.6,61,49.3,,,,,34.206998,-118.201441,ANGELES CREST HWY NB,19.78
2025-01-07 19:50:00,769965,210,W,ML,163,55.1,66,68.3,4,70.9,53,48.0,40,41.0,,,,,34.232554,-118.271772,HONOLULU,15.28
2025-01-07 19:50:00,769983,210,W,ML,247,49.0,66,41.6,75,51.7,55,52.4,51,50.6,,,,,34.203186,-118.191671,GOULD,20.4
2025-01-07 19:50:00,770000,210,W,ML,184,56.0,44,60.5,51,57.6,46,53.9,43,51.8,,,,,34.19198,-118.181214,BERKSHIRE,21.39
2025-01-07 19:50:00,770129,210,W,ML,221,59.6,68,69.8,67,64.9,52,50.2,34,43.1,,,,,34.234984,-118.290562,LA TUNA CANYON NB,14.18
2025-01-07 19:50:00,770141,210,W,ML,146,58.3,42,65.0,52,63.4,14,65.7,38,41.3,,,,,34.234987,-118.294031,LA TUNA CANYON SB,13.98
2025-01-07 19:50:00,770386,210,W,ML,254,58.5,65,63.4,70,60.3,61,55.9,58,53.6,,,,,34.207155,-118.2137,EB/NB 2 TO EB 210 CN,19.08
2025-01-07 19:50:00,770401,210,W,ML,406,65.8,85,71.3,123,67.7,109,64.3,89,59.9,,,,,34.211095,-118.225948,EB/NB 2 TO WB 210 CN,18.32
2025-01-07 19:50:00,770568,210,W,ML,181,50.4,37,72.9,36,71.1,62,35.0,46,37.0,,,,,34.165953,-118.157943,HAMMOND ST.,23.79
2025-01-07 19:50:00,770579,210,W,ML,142,53.3,31,69.9,39,55.0,33,54.0,39,37.8,,,,,34.156597,-118.157944,WINONA WAY,24.442
2025-01-07 19:55:00,717615,210,W,ML,86,15.3,20,16.6,27,14.8,22,14.0,17,15.9,,,,,34.182539,-118.171545,ARROYO 1,22.3
2025-01-07 19:55:00,717622,210,W,ML,140,8.4,90,11.4,30,3.0,10,3.0,10,3.0,,,,,34.176273,-118.161942,LINCOLN 1,23.0
2025-01-07 19:55:00,717624,210,W,ML,226,50.3,46,55.0,53,52.2,46,48.3,41,46.8,40,48.0,,,34.164368,-118.158093,MOUNTAIN 1,23.9
2025-01-07 19:55:00,717627,210,W,ML,76,57.0,34,58.6,42,55.8,,,,,,,,,34.15225,-118.154678,WALNUT,24.9
2025-01-07 19:55:00,717630,210,W,ML,95,64.8,20,70.2,29,66.7,25,63.3,21,59.0,,,,,34.152218,-118.14821,FAIR OAKS 1,25.4
2025-01-07 19:55:00,717632,210,W,HV,95,64.8,95,64.8,,,,,,,,,,,34.152218,-118.14821,FAIR OAKS 1,25.4
2025-01-07 19:55:00,717634,210,W,ML,328,48.7,72,53.8,76,50.8,66,46.7,60,45.2,54,45.3,,,34.15195,-118.13555,LAKE 1,26.12
2025-01-07 19:55:00,717637,210,W,ML,330,51.7,69,64.0,75,60.9,63,43.8,58,41.6,65,44.6,,,34.152357,-118.123714,HILL,26.8
2025-01-07 19:55:00,717642,210,W,ML,268,55.6,40,65.8,70,59.2,44,52.2,44,43.5,70,55.8,,,34.1527,-118.102255,ALTADENA,28.03
2025-01-07 19:55:00,717643,210,W,HV,10,64.6,10,64.6,,,,,,,,,,,34.1527,-118.102255,ALTADENA,28.03
2025-01-07 19:55:00,717644,210,W,ML,268,52.3,63,63.7,54,57.2,55,48.1,48,41.1,48,47.8,,,34.152727,-118.098063,SAN GABRIEL,28.27
2025-01-07 19:55:00,717645,210,W,HV,5,64.7,5,64.7,,,,,,,,,,,34.152727,-118.098063,SAN GABRIEL,28.27
2025-01-07 19:55:00,717649,210,W,ML,251,54.7,61,66.7,59,59.6,47,43.4,50,55.1,34,39.9,,,34.148074,-118.08377,SIERRA MADRE V1,29.17
2025-01-07 19:55:00,717653,210,W,ML,194,47.7,53,45.7,52,45.7,40,48.5,32,51.1,17,51.6,,,34.148737,-118.071321,ROSEMEAD 1,29.879
2025-01-07 19:55:00,761318,210,W,HV,95,64.8,95,64.8,,,,,,,,,,,34.15195,-118.13555,LAKE 1,26.12
2025-01-07 19:55:00,761322,210,W,HV,11,64.5,11,64.5,,,,,,,,,,,34.152357,-118.123714,HILL,26.8
2025-01-07 19:55:00,761325,210,W,HV,9,64.5,9,64.5,,,,,,,,,,,34.148074,-118.08377,SIERRA MADRE V1,29.17
2025-01-07 19:55:00,761431,210,W,HV,95,64.8,95,64.8,,,,,,,,,,,34.148737,-118.071321,ROSEMEAD 1,29.879
2025-01-07 19:55:00,764135,210,W,HV,95,64.8,95,64.8,,,,,,,,,,,34.152092,-118.143249,MARENGO,25.68
2025-01-07 19:55:00,764137,210,W,ML,562,64.2,95,69.6,111,67.3,97,65.5,99,63.0,90,58.7,70,58.7,34.152092,-118.143249,MARENGO,25.68
2025-01-07 19:55:00,769807,210,W,ML,194,55.7,38,65.8,51,57.7,54,52.1,51,50.2,,,,,34.197068,-118.184827,FOOTHILL,20.98
2025-01-07 19:55:00,769867,210,W,ML,169,58.7,35,70.9,46,62.5,37,51.3,51,52.2,,,,,34.218652,-118.239558,LA CRESCENTA,17.38
2025-01-07 19:55:00,769911,210,W,ML,214,56.7,39,69.4,55,57.7,40,53.3,42,53.2,38,49.6,,,34.224897,-118.251344,PENNSYLVANIA,16.58
2025-01-07 19:55:00,769926,210,W,ML,299,55.2,52,60.9,58,57.8,52,53.7,48,51.6,47,52.0,42,54.1,34.214462,-118.232443,OCEAN VIEW,17.88
2025-01-07 19:55:00,769941,210,W,ML,227,54.6,34,67.2,45,54.0,64,36.8,84,63.4,,,,,34.207101,-118.204943,ANGELES CREST HWY SB,19.58
2025-01-07 19:55:00,769953,210,W,ML,188,52.9,40,65.5,68,47.9,46,44.2,34,59.6,,,,,34.206998,-118.201441,ANGELES CREST HWY NB,19.78
2025-01-07 19:55:00,769965,210,W,ML,140,56.0,54,68.8,5,70.9,49,47.5,32,45.0,,,,,34.232554,-118.271772,HONOLULU,15.28
2025-01-07 19:55:00,769983,210,W,ML,239,45.8,66,36.7,75,50.1,51,49.5,47,47.8,,,,,34.203186,-118.191671,GOULD,20.4
2025-01-07 19:55:00,770000,210,W,ML,224,55.1,56,59.4,62,56.5,55,52.9,51,51.0,,,,,34.19198,-118.181214,BERKSHIRE,21.39
2025-01-07 19:55:00,770129,210,W,ML,204,60.3,58,70.2,64,66.7,51,49.2,31,46.9,,,,,34.234984,-118.290562,LA TUNA CANYON NB,14.18
2025-01-07 19:55:00,770141,210,W,ML,142,60.2,40,66.8,51,64.7,14,65.9,37,44.6,,,,,34.234987,-118.294031,LA TUNA CANYON SB,13.98
2025-01-07 19:55:00,770386,210,W,ML,245,52.3,63,56.4,68,53.6,59,50.1,55,48.3,,,,,34.207155,-118.2137,EB/NB 2 TO EB 210 CN,19.08
2025-01-07 19:55:00,770401,210,W,ML,396,65.9,83,71.4,120,67.8,106,64.4,87,60.0,,,,,34.211095,-118.225948,EB/NB 2 TO WB 210 CN,18.32
2025-01-07 19:55:00,770568,210,W,ML,201,46.1,24,72.4,38,68.0,62,29.5,77,40.5,,,,,34.165953,-118.157943,HAMMOND ST.,23.79
2025-01-07 19:55:00,770579,210,W,ML,119,54.3,41,67.1,25,56.7,15,58.4,38,37.4,,,,,34.156597,-118.157944,WINONA WAY,24.442
2025-01-07 20:00:00,717615,210,W,ML,86,15.3,20,16.6,27,14.8,22,14.0,17,15.9,,,,,34.182539,-118.171545,ARROYO 1,22.3
2025-01-07 20:00:00,717622,210,W,ML,140,8.3,90,11.2,30,3.0,10,3.0,10,3.0,,,,,34.176273,-118.161942,LINCOLN 1,23.0
2025-01-07 20:00:00,717624,210,W,ML,260,49.1,54,53.3,59,50.6,52,47.5,48,46.1,47,47.2,,,34.164368,-118.158093,MOUNTAIN 1,23.9
2025-01-07 20:00:00,717627,210,W,ML,103,53.4,48,54.8,55,52.2,,,,,,,,,34.15225,-118.154678,WALNUT,24.9
2025-01-07 20:00:00,717630,210,W,ML,92,64.8,19,70.2,28,66.7,25,63.3,20,59.0,,,,,34.152218,-118.14821,FAIR OAKS 1,25.4
2025-01-07 20:00:00,717632,210,W,HV,92,64.8,92,64.8,,,,,,,,,,,34.152218,-118.14821,FAIR OAKS 1,25.4
2025-01-07 20:00:00,717634,210,W,ML,278,51.3,59,56.4,64,53.4,56,49.5,51,47.7,48,48.0,,,34.15195,-118.13555,LAKE 1,26.12
2025-01-07 20:00:00,717637,210,W,ML,278,53.7,60,65.9,53,60.8,55,53.2,50,44.1,60,43.8,,,34.152357,-118.123714,HILL,26.8
2025-01-07 20:00:00,717642,210,W,ML,268,56.6,40,66.4,70,59.0,45,54.4,43,46.4,70,56.4,,,34.1527,-118.102255,ALTADENA,28.03
2025-01-07 20:00:00,717643,210,W,HV,10,64.6,10,64.6,,,,,,,,,,,34.1527,-118.102255,ALTADENA,28.03
2025-01-07 20:00:00,717644,210,W,ML,275,54.0,63,65.4,57,59.8,54,55.7,54,44.0,47,41.4,,,34.152727,-118.098063,SAN GABRIEL,28.27
2025-01-07 20:00:00,717645,210,W,HV,11,64.6,11,64.6,,,,,,,,,,,34.152727,-118.098063,SAN GABRIEL,28.27
2025-01-07 20:00:00,717649,210,W,ML,247,57.6,57,67.1,68,63.3,41,48.4,49,55.5,32,43.5,,,34.148074,-118.08377,SIERRA MADRE V1,29.17
2025-01-07 20:00:00,717653,210,W,ML,174,51.2,49,50.2,48,49.8,36,51.8,28,53.4,13,53.4,,,34.148737,-118.071321,ROSEMEAD 1,29.879
2025-01-07 20:00:00,761318,210,W,HV,92,64.8,92,64.8,,,,,,,,,,,34.15195,-118.13555,LAKE 1,26.12
2025-01-07 20:00:00,761322,210,W,HV,6,64.7,6,64.7,,,,,,,,,,,34.152357,-118.123714,HILL,26.8
2025-01-07 20:00:00,761325,210,W,HV,10,64.5,10,64.5,,,,,,,,,,,34.148074,-118.08377,SIERRA MADRE V1,29.17
2025-01-07 20:00:00,761431,210,W,HV,92,64.8,92,64.8,,,,,,,,,,,34.148737,-118.071321,ROSEMEAD 1,29.879
2025-01-07 20:00:00,764135,210,W,HV,92,64.8,92,64.8,,,,,,,,,,,34.152092,-118.143249,MARENGO,25.68
2025-01-07 20:00:00,764137,210,W,ML,556,64.7,94,70.2,110,67.9,96,66.0,98,63.5,89,59.1,69,59.1,34.152092,-118.143249,MARENGO,25.68
2025-01-07 20:00:00,769807,210,W,ML,212,55.6,49,61.6,54,58.3,56,52.5,53,50.6,,,,,34.197068,-118.184827,FOOTHILL,20.98
2025-01-07 20:00:00,769867,210,W,ML,161,58.4,33,71.0,44,64.4,44,48.6,40,52.0,,,,,34.218652,-118.239558,LA CRESCENTA,17.38
2025-01-07 20:00:00,769911,210,W,ML,200,58.3,38,69.3,51,59.6,35,49.4,40,59.7,36,52.0,,,34.224897,-118.251344,PENNSYLVANIA,16.58
2025-01-07 20:00:00,769926,210,W,ML,272,55.2,50,60.8,55,57.7,47,53.5,42,51.5,39,51.9,39,54.0,34.214462,-118.232443,OCEAN VIEW,17.88
2025-01-07 20:00:00,769941,210,W,ML,189,56.1,58,67.5,50,58.2,36,44.0,45,48.8,,,,,34.207101,-118.204943,ANGELES CREST HWY SB,19.58
2025-01-07 20:00:00,769953,210,W,ML,196,56.5,60,64.0,45,54.8,45,39.7,46,64.8,,,,,34.206998,-118.201441,ANGELES CREST HWY NB,19.78
2025-01-07 20:00:00,769965,210,W,ML,115,58.0,45,69.4,5,70.9,38,45.3,27,54.4,,,,,34.232554,-118.271772,HONOLULU,15.28
2025-01-07 20:00:00,769983,210,W,ML,212,47.8,54,38.9,59,50.4,52,52.0,47,50.1,,,,,34.203186,-118.191671,GOULD,20.4
2025-01-07 20:00:00,770000,210,W,ML,233,55.5,59,59.9,64,57.0,57,53.3,53,51.3,,,,,34.19198,-118.181214,BERKSHIRE,21.39
2025-01-07 20:00:00,770129,210,W,ML,161,60.0,42,69.8,48,66.9,43,46.8,28,54.0,,,,,34.234984,-118.290562,LA TUNA CANYON NB,14.18
2025-01-07 20:00:00,770141,210,W,ML,118,61.7,31,67.0,43,64.8,12,66.0,32,50.7,,,,,34.234987,-118.294031,LA TUNA CANYON SB,13.98
2025-01-07 20:00:00,770386,210,W,ML,209,53.4,55,58.0,59,55.0,51,50.6,44,48.9,,,,,34.207155,-118.2137,EB/NB 2 TO EB 210 CN,19.08
2025-01-07 20:00:00,770401,210,W,ML,392,65.9,82,71.4,119,67.8,105,64.4,86,60.0,,,,,34.211095,-118.225948,EB/NB 2 TO WB 210 CN,18.32
2025-01-07 20:00:00,770568,210,W,ML,210,54.0,35,73.1,48,68.0,77,46.1,50,39.2,,,,,34.165953,-118.157943,HAMMOND ST.,23.79
2025-01-07 20:00:00,770579,210,W,ML,134,51.6,34,64.8,42,51.9,14,61.2,44,38.0,,,,,34.156597,-118.157944,WINONA WAY,24.442
2025-01-07 20:05:00,717615,210,W,ML,86,15.3,20,16.6,27,14.8,22,14.0,17,15.9,,,,,34.182539,-118.171545,ARROYO 1,22.3
2025-01-07 20:05:00,717622,210,W,ML,140,8.2,90,11.1,30,3.0,10,3.0,10,3.0,,,,,34.176273,-118.161942,LINCOLN 1,23.0
2025-01-07 20:05:00,717624,210,W,ML,234,52.1,47,57.0,53,54.1,47,50.4,44,48.6,43,49.5,,,34.164368,-118.158093,MOUNTAIN 1,23.9
2025-01-07 20:05:00,717627,210,W,ML,89,54.4,41,55.8,48,53.2,,,,,,,,,34.15225,-118.154678,WALNUT,24.9
2025-01-07 20:05:00,717630,210,W,ML,90,64.8,19,70.2,27,66.7,24,63.3,20,59.0,,,,,34.152218,-118.14821,FAIR OAKS 1,25.4
2025-01-07 20:05:00,717632,210,W,HV,90,64.8,90,64.8,,,,,,,,,,,34.152218,-118.14821,FAIR OAKS 1,25.4
2025-01-07 20:05:00,717634,210,W,ML,311,50.4,68,55.6,72,52.6,63,48.4,57,46.8,51,46.8,,,34.15195,-118.13555,LAKE 1,26.12
2025-01-07 20:05:00,717637,210,W,ML,316,53.0,75,64.2,70,57.6,57,47.8,54,45.3,60,45.3,,,34.152357,-118.123714,HILL,26.8
2025-01-07 20:05:00,717642,210,W,ML,268,56.8,40,66.7,70,58.9,46,54.6,42,46.7,70,56.7,,,34.1527,-118.102255,ALTADENA,28.03
2025-01-07 20:05:00,717643,210,W,HV,10,64.6,10,64.6,,,,,,,,,,,34.1527,-118.102255,ALTADENA,28.03
2025-01-07 20:05:00,717644,210,W,ML,265,55.5,65,66.4,61,59.4,46,56.2,47,46.9,46,43.3,,,34.152727,-118.098063,SAN GABRIEL,28.27
2025-01-07 20:05:00,717645,210,W,HV,6,64.6,6,64.6,,,,,,,,,,,34.152727,-118.098063,SAN GABRIEL,28.27
2025-01-07 20:05:00,717649,210,W,ML,277,56.3,73,65.3,68,60.6,51,47.2,47,56.0,38,43.9,,,34.148074,-118.08377,SIERRA MADRE V1,29.17
2025-01-07 20:05:00,717653,210,W,ML,212,50.4,57,49.1,57,48.8,44,51.0,35,52.8,19,53.0,,,34.148737,-118.071321,ROSEMEAD 1,29.879
2025-01-07 20:05:00,761318,210,W,HV,90,64.8,90,64.8,,,,,,,,,,,34.15195,-118.13555,LAKE 1,26.12
2025-01-07 20:05:00,761322,210,W,HV,5,64.7,5,64.7,,,,,,,,,,,34.152357,-118.123714,HILL,26.8
2025-01-07 20:05:00,761325,210,W,HV,7,64.5,7,64.5,,,,,,,,,,,34.148074,-118.08377,SIERRA MADRE V1,29.17
2025-01-07 20:05:00,761431,210,W,HV,90,64.8,90,64.8,,,,,,,,,,,34.148737,-118.071321,ROSEMEAD 1,29.879
2025-01-07 20:05:00,764135,210,W,HV,90,64.8,90,64.8,,,,,,,,,,,34.152092,-118.143249,MARENGO,25.68
2025-01-07 20:05:00,764137,210,W,ML,547,65.0,93,70.5,108,68.2,94,66.3,96,63.8,88,59.4,68,59.4,34.152092,-118.143249,MARENGO,25.68
2025-01-07 20:05:00,769807,210,W,ML,239,52.7,64,59.2,59,54.0,60,49.2,56,47.7,,,,,34.197068,-118.184827,FOOTHILL,20.98
2025-01-07 20:05:00,769867,210,W,ML,176,57.0,41,69.4,45,62.1,42,49.8,48,48.0,,,,,34.218652,-118.239558,LA CRESCENTA,17.38
2025-01-07 20:05:00,769911,210,W,ML,201,55.0,33,69.3,49,54.3,42,49.0,40,56.9,37,48.1,,,34.224897,-118.251344,PENNSYLVANIA,16.58
2025-01-07 20:05:00,769926,210,W,ML,294,52.3,51,57.6,58,54.6,51,50.4,47,48.8,45,49.6,42,52.1,34.214462,-118.232443,OCEAN VIEW,17.88
2025-01-07 20:05:00,769941,210,W,ML,191,51.4,29,67.9,55,60.8,53,40.3,54,43.9,,,,,34.207101,-118.204943,ANGELES CREST HWY SB,19.58
2025-01-07 20:05:00,769953,210,W,ML,167,53.6,35,65.4,55,56.9,47,46.7,30,44.7,,,,,34.206998,-118.201441,ANGELES CREST HWY NB,19.78
2025-01-07 20:05:00,769965,210,W,ML,99,57.6,40,70.3,9,71.1,29,44.6,21,45.5,,,,,34.232554,-118.271772,HONOLULU,15.28
2025-01-07 20:05:00,769983,210,W,ML,228,48.5,60,43.4,67,53.4,52,49.0,49,47.4,,,,,34.203186,-118.191671,GOULD,20.4
2025-01-07 20:05:00,770000,210,W,ML,247,52.5,63,56.5,68,53.8,60,50.4,56,48.7,,,,,34.19198,-118.181214,BERKSHIRE,21.39
2025-01-07 20:05:00,770129,210,W,ML,145,61.8,47,69.9,52,65.2,30,48.6,16,51.7,,,,,34.234984,-118.290562,LA TUNA CANYON NB,14.18
2025-01-07 20:05:00,770141,210,W,ML,78,59.8,17,65.3,30,63.6,8,65.8,23,48.7,,,,,34.234987,-118.294031,LA TUNA CANYON SB,13.98
2025-01-07 20:05:00,770386,210,W,ML,235,49.5,60,54.1,65,51.1,58,46.7,52,45.4,,,,,34.207155,-118.2137,EB/NB 2 TO EB 210 CN,19.08
2025-01-07 20:05:00,770401,210,W,ML,388,66.0,81,71.6,118,67.9,104,64.5,85,60.1,,,,,34.211095,-118.225948,EB/NB 2 TO WB 210 CN,18.32
2025-01-07 20:05:00,770568,210,W,ML,157,54.0,12,73.7,31,69.1,52,46.5,62,49.0,,,,,34.165953,-118.157943,HAMMOND ST.,23.79
2025-01-07 20:05:00,770579,210,W,ML,154,50.4,41,62.3,33,53.2,24,60.8,56,35.6,,,,,34.156597,-118.157944,WINONA WAY,24.442
2025-01-07 20:10:00,717615,210,W,ML,86,15.3,20,16.6,27,14.8,22,14.0,17,15.9,,,,,34.182539,-118.171545,ARROYO 1,22.3
2025-01-07 20:10:00,717622,210,W,ML,140,8.2,90,11.1,30,3.0,10,3.0,10,3.0,,,,,34.176273,-118.161942,LINCOLN 1,23.0
2025-01-07 20:10:00,717624,210,W,ML,257,49.4,53,54.0,58,51.1,52,47.6,48,46.2,46,47.4,,,34.164368,-118.158093,MOUNTAIN 1,23.9
2025-01-07 20:10:00,717627,210,W,ML,106,51.4,51,52.7,55,50.2,,,,,,,,,34.15225,-118.154678,WALNUT,24.9
2025-01-07 20:10:00,717630,210,W,ML,86,64.9,18,70.4,26,66.8,23,63.4,19,59.1,,,,,34.152218,-118.14821,FAIR OAKS 1,25.4
2025-01-07 20:10:00,717632,210,W,HV,87,64.9,87,64.9,,,,,,,,,,,34.152218,-118.14821,FAIR OAKS 1,25.4
2025-01-07 20:10:00,717634,210,W,ML,282,52.0,61,57.1,66,54.1,57,50.1,52,48.4,46,48.5,,,34.15195,-118.13555,LAKE 1,26.12
2025-01-07 20:10:00,717637,210,W,ML,276,54.2,64,64.7,62,60.2,56,50.6,46,49.1,48,41.7,,,34.152357,-118.123714,HILL,26.8
2025-01-07 20:10:00,717642,210,W,ML,274,55.8,40,66.8,70,58.8,47,52.7,47,43.6,70,56.9,,,34.1527,-118.102255,ALTADENA,28.03
2025-01-07 20:10:00,717643,210,W,HV,10,64.6,10,64.6,,,,,,,,,,,34.1527,-118.102255,ALTADENA,28.03
2025-01-07 20:10:00,717644,210,W,ML,267,54.0,69,65.6,58,58.5,47,52.0,42,44.3,51,43.1,,,34.152727,-118.098063,SAN GABRIEL,28.27
2025-01-07 20:10:00,717645,210,W,HV,8,64.7,8,64.7,,,,,,,,,,,34.152727,-118.098063,SAN GABRIEL,28.27
2025-01-07 20:10:00,717649,210,W,ML,250,55.5,70,62.3,59,61.5,43,45.7,48,54.7,30,42.8,,,34.148074,-118.08377,SIERRA MADRE V1,29.17
2025-01-07 20:10:00,717653,210,W,ML,176,49.3,48,47.8,48,47.6,37,50.0,29,52.1,14,52.5,,,34.148737,-118.071321,ROSEMEAD 1,29.879
2025-01-07 20:10:00,761318,210,W,HV,87,64.9,87,64.9,,,,,,,,,,,34.15195,-118.13555,LAKE 1,26.12
2025-01-07 20:10:00,761322,210,W,HV,7,64.8,7,64.8,,,,,,,,,,,34.152357,-118.123714,HILL,26.8
2025-01-07 20:10:00,761325,210,W,HV,7,64.4,7,64.4,,,,,,,,,,,34.148074,-118.08377,SIERRA MADRE V1,29.17
2025-01-07 20:10:00,761431,210,W,HV,87,64.9,87,64.9,,,,,,,,,,,34.148737,-118.071321,ROSEMEAD 1,29.879
2025-01-07 20:10:00,764135,210,W,HV,87,64.9,87,64.9,,,,,,,,,,,34.152092,-118.143249,MARENGO,25.68
2025-01-07 20:10:00,764137,210,W,ML,544,65.2,92,70.7,107,68.4,94,66.5,96,64.0,87,59.6,68,59.6,34.152092,-118.143249,MARENGO,25.68
2025-01-07 20:10:00,769807,210,W,ML,241,53.4,31,64.2,75,55.7,70,50.5,65,48.8,,,,,34.197068,-118.184827,FOOTHILL,20.98
2025-01-07 20:10:00,769867,210,W,ML,168,54.8,32,71.5,45,59.4,43,46.2,48,47.0,,,,,34.218652,-118.239558,LA CRESCENTA,17.38
2025-01-07 20:10:00,769911,210,W,ML,210,53.4,50,67.6,50,53.3,39,46.7,36,48.0,35,46.5,,,34.224897,-118.251344,PENNSYLVANIA,16.58
2025-01-07 20:10:00,769926,210,W,ML,294,51.6,51,56.8,58,53.8,51,49.6,47,48.1,45,49.0,42,51.6,34.214462,-118.232443,OCEAN VIEW,17.88
2025-01-07 20:10:00,769941,210,W,ML,205,55.6,33,70.3,58,63.6,55,48.9,59,45.6,,,,,34.207101,-118.204943,ANGELES CREST HWY SB,19.58
2025-01-07 20:10:00,769953,210,W,ML,211,57.4,53,65.1,69,59.0,49,50.6,40,52.8,,,,,34.206998,-118.201441,ANGELES CREST HWY NB,19.78
2025-01-07 20:10:00,769965,210,W,ML,115,54.4,48,68.4,2,71.0,39,46.1,26,39.7,,,,,34.232554,-118.271772,HONOLULU,15.28
2025-01-07 20:10:00,769983,210,W,ML,258,51.4,68,46.4,78,55.3,58,52.5,54,50.6,,,,,34.203186,-118.191671,GOULD,20.4
2025-01-07 20:10:00,770000,210,W,ML,293,53.7,77,57.8,80,55.1,70,51.6,66,49.7,,,,,34.19198,-118.181214,BERKSHIRE,21.39
2025-01-07 20:10:00,770129,210,W,ML,143,60.6,52,69.7,38,67.2,34,47.3,19,46.0,,,,,34.234984,-118.290562,LA TUNA CANYON NB,14.18
2025-01-07 20:10:00,770141,210,W,ML,89,59.7,21,67.3,34,65.0,9,65.9,25,43.8,,,,,34.234987,-118.294031,LA TUNA CANYON SB,13.98
2025-01-07 20:10:00,770386,210,W,ML,244,50.8,62,55.4,67,52.4,59,48.1,56,46.7,,,,,34.207155,-118.2137,EB/NB 2 TO EB 210 CN,19.08
2025-01-07 20:10:00,770401,210,W,ML,391,66.0,82,71.6,118,67.9,105,64.5,86,60.1,,,,,34.211095,-118.225948,EB/NB 2 TO WB 210 CN,18.32
2025-01-07 20:10:00,770568,210,W,ML,184,56.0,21,74.0,52,70.3,49,47.0,62,45.0,,,,,34.165953,-118.157943,HAMMOND ST.,23.79
2025-01-07 20:10:00,770579,210,W,ML,141,50.8,20,67.3,50,49.2,31,59.3,40,37.8,,,,,34.156597,-118.157944,WINONA WAY,24.442
2025-01-07 20:15:00,717615,210,W,ML,86,15.3,20,16.6,27,14.8,22,14.0,17,15.9,,,,,34.182539,-118.171545,ARROYO 1,22.3
2025-01-07 20:15:00,717622,210,W,ML,140,8.2,90,11.1,30,3.0,10,3.0,10,3.0,,,,,34.176273,-118.161942,LINCOLN 1,23.0
2025-01-07 20:15:00,717624,210,W,ML,279,48.5,59,52.9,63,50.2,56,46.6,52,45.3,49,46.5,,,34.164368,-118.158093,MOUNTAIN 1,23.9
2025-01-07 20:15:00,717627,210,W,ML,114,50.2,55,51.4,59,49.0,,,,,,,,,34.15225,-118.154678,WALNUT,24.9
2025-01-07 20:15:00,717630,210,W,ML,84,65.0,18,70.4,25,66.8,23,63.4,18,59.1,,,,,34.152218,-118.14821,FAIR OAKS 1,25.4
2025-01-07 20:15:00,717632,210,W,HV,84,64.9,84,64.9,,,,,,,,,,,34.152218,-118.14821,FAIR OAKS 1,25.4
2025-01-07 20:15:00,717634,210,W,ML,304,51.6,65,56.8,70,53.8,61,49.8,56,48.1,52,48.3,,,34.15195,-118.13555,LAKE 1,26.12
2025-01-07 20:15:00,717637,210,W,ML,311,54.1,71,65.5,64,61.6,62,51.0,54,47.9,60,41.4,,,34.152357,-118.123714,HILL,26.8
2025-01-07 20:15:00,717642,210,W,ML,271,56.5,40,66.9,70,58.8,49,53.8,42,45.4,70,57.0,,,34.1527,-118.102255,ALTADENA,28.03
2025-01-07 20:15:00,717643,210,W,HV,10,64.6,10,64.6,,,,,,,,,,,34.1527,-118.102255,ALTADENA,28.03
2025-01-07 20:15:00,717644,210,W,ML,297,54.7,78,63.6,73,61.7,53,54.4,49,43.6,44,40.2,,,34.152727,-118.098063,SAN GABRIEL,28.27
2025-01-07 20:15:00,717645,210,W,HV,12,64.6,12,64.6,,,,,,,,,,,34.152727,-118.098063,SAN GABRIEL,28.27
2025-01-07 20:15:00,717649,210,W,ML,293,55.9,85,62.6,72,60.7,59,46.9,50,55.1,27,43.6,,,34.148074,-118.08377,SIERRA MADRE V1,29.17
2025-01-07 20:15:00,717653,210,W,ML,246,50.2,66,48.9,65,48.6,51,50.8,41,52.7,23,52.9,,,34.148737,-118.071321,ROSEMEAD 1,29.879
2025-01-07 20:15:00,761318,210,W,HV,84,64.9,84,64.9,,,,,,,,,,,34.15195,-118.13555,LAKE 1,26.12
2025-01-07 20:15:00,761322,210,W,HV,10,64.8,10,64.8,,,,,,,,,,,34.152357,-118.123714,HILL,26.8
2025-01-07 20:15:00,761325,210,W,HV,9,64.5,9,64.5,,,,,,,,,,,34.148074,-118.08377,SIERRA MADRE V1,29.17
2025-01-07 20:15:00,761431,210,W,HV,84,64.9,84,64.9,,,,,,,,,,,34.148737,-118.071321,ROSEMEAD 1,29.879
2025-01-07 20:15:00,764135,210,W,HV,84,64.9,84,64.9,,,,,,,,,,,34.152092,-118.143249,MARENGO,25.68
2025-01-07 20:15:00,764137,210,W,ML,544,65.4,92,70.9,107,68.6,94,66.7,96,64.1,87,59.8,68,59.8,34.152092,-118.143249,MARENGO,25.68
2025-01-07 20:15:00,769807,210,W,ML,192,60.0,51,66.5,44,63.1,50,56.2,47,53.9,,,,,34.197068,-118.184827,FOOTHILL,20.98
2025-01-07 20:15:00,769867,210,W,ML,151,56.3,27,71.7,43,60.2,40,49.8,41,48.5,,,,,34.218652,-118.239558,LA CRESCENTA,17.38
2025-01-07 20:15:00,769911,210,W,ML,184,53.4,27,69.9,48,54.5,34,49.5,39,49.3,36,47.6,,,34.224897,-118.251344,PENNSYLVANIA,16.58
2025-01-07 20:15:00,769926,210,W,ML,275,52.8,49,58.0,56,55.0,48,50.8,42,49.1,40,49.9,40,52.3,34.214462,-118.232443,OCEAN VIEW,17.88
2025-01-07 20:15:00,769941,210,W,ML,145,53.7,22,72.1,24,66.8,58,49.4,41,42.1,,,,,34.207101,-118.204943,ANGELES CREST HWY SB,19.58
2025-01-07 20:15:00,769953,210,W,ML,167,55.4,38,66.8,31,59.9,51,51.0,47,48.1,,,,,34.206998,-118.201441,ANGELES CREST HWY NB,19.78
2025-01-07 20:15:00,769965,210,W,ML,111,52.4,40,69.9,3,70.8,41,46.2,27,34.0,,,,,34.232554,-118.271772,HONOLULU,15.28
2025-01-07 20:15:00,769983,210,W,ML,201,51.6,50,47.1,54,55.7,50,52.5,47,50.6,,,,,34.203186,-118.191671,GOULD,20.4
2025-01-07 20:15:00,770000,210,W,ML,205,58.9,50,63.7,57,60.6,51,56.5,47,54.3,,,,,34.19198,-118.181214,BERKSHIRE,21.39
2025-01-07 20:15:00,770129,210,W,ML,149,57.2,40,71.3,47,63.7,41,45.3,21,39.3,,,,,34.234984,-118.290562,LA TUNA CANYON NB,14.18
2025-01-07 20:15:00,770141,210,W,ML,111,56.5,29,63.8,41,62.6,11,65.5,30,38.0,,,,,34.234987,-118.294031,LA TUNA CANYON SB,13.98
2025-01-07 20:15:00,770386,210,W,ML,195,50.9,51,54.9,56,52.1,47,48.4,41,47.0,,,,,34.207155,-118.2137,EB/NB 2 TO EB 210 CN,19.08
2025-01-07 20:15:00,770401,210,W,ML,391,66.0,82,71.6,118,67.9,105,64.5,86,60.1,,,,,34.211095,-118.225948,EB/NB 2 TO WB 210 CN,18.32
2025-01-07 20:15:00,770568,210,W,ML,219,54.5,37,74.8,46,69.4,64,43.5,72,44.4,,,,,34.165953,-118.157943,HAMMOND ST.,23.79
2025-01-07 20:15:00,770579,210,W,ML,172,50.8,31,66.9,60,47.6,37,57.0,44,38.5,,,,,34.156597,-118.157944,WINONA WAY,24.442
2025-01-07 20:20:00,717615,210,W,ML,86,15.3,20,16.6,27,14.8,22,14.0,17,15.9,,,,,34.182539,-118.171545,ARROYO 1,22.3
2025-01-07 20:20:00,717622,210,W,ML,140,8.2,90,11.1,30,3.0,10,3.0,10,3.0,,,,,34.176273,-118.161942,LINCOLN 1,23.0
2025-01-07 20:20:00,717624,210,W,ML,235,52.2,48,57.2,54,54.2,48,50.4,44,48.7,41,49.5,,,34.164368,-118.158093,MOUNTAIN 1,23.9
2025-01-07 20:20:00,717627,210,W,ML,76,55.9,34,57.4,42,54.7,,,,,,,,,34.15225,-118.154678,WALNUT,24.9
2025-01-07 20:20:00,717630,210,W,ML,82,64.9,17,70.4,25,66.8,22,63.4,18,59.1,,,,,34.152218,-118.14821,FAIR OAKS 1,25.4
2025-01-07 20:20:00,717632,210,W,HV,81,64.9,81,64.9,,,,,,,,,,,34.152218,-118.14821,FAIR OAKS 1,25.4
2025-01-07 20:20:00,717634,210,W,ML,319,51.8,71,56.9,74,53.9,65,49.8,58,48.2,51,48.3,,,34.15195,-118.13555,LAKE 1,26.12
2025-01-07 20:20:00,717637,210,W,ML,334,54.6,86,64.2,70,61.7,64,52.8,59,46.4,55,41.3,,,34.152357,-118.123714,HILL,26.8
2025-01-07 20:20:00,717642,210,W,ML,274,55.4,40,66.9,70,58.8,49,51.3,45,42.0,70,57.0,,,34.1527,-118.102255,ALTADENA,28.03
2025-01-07 20:20:00,717643,210,W,HV,10,64.6,10,64.6,,,,,,,,,,,34.1527,-118.102255,ALTADENA,28.03
2025-01-07 20:20:00,717644,210,W,ML,311,51.9,93,61.6,69,57.5,50,49.7,56,41.0,43,38.4,,,34.152727,-118.098063,SAN GABRIEL,28.27
2025-01-07 20:20:00,717645,210,W,HV,14,64.5,14,64.5,,,,,,,,,,,34.152727,-118.098063,SAN GABRIEL,28.27
2025-01-07 20:20:00,717649,210,W,ML,265,53.4,74,62.0,68,57.0,48,43.0,48,53.3,27,39.2,,,34.148074,-118.08377,SIERRA MADRE V1,29.17
2025-01-07 20:20:00,717653,210,W,ML,198,47.4,54,45.3,53,45.4,41,48.2,33,50.9,17,51.5,,,34.148737,-118.071321,ROSEMEAD 1,29.879
2025-01-07 20:20:00,761318,210,W,HV,81,64.9,81,64.9,,,,,,,,,,,34.15195,-118.13555,LAKE 1,26.12
2025-01-07 20:20:00,761322,210,W,HV,13,64.6,13,64.6,,,,,,,,,,,34.152357,-118.123714,HILL,26.8
2025-01-07 20:20:00,761325,210,W,HV,12,64.3,12,64.3,,,,,,,,,,,34.148074,-118.08377,SIERRA MADRE V1,29.17
2025-01-07 20:20:00,761431,210,W,HV,81,64.9,81,64.9,,,,,,,,,,,34.148737,-118.071321,ROSEMEAD 1,29.879
2025-01-07 20:20:00,764135,210,W,HV,81,64.9,81,64.9,,,,,,,,,,,34.152092,-118.143249,MARENGO,25.68
2025-01-07 20:20:00,764137,210,W,ML,544,65.5,92,71.0,107,68.7,94,66.9,96,64.2,87,59.9,68,59.9,34.152092,-118.143249,MARENGO,25.68
2025-01-07 20:20:00,769807,210,W,ML,181,59.5,44,64.4,42,63.5,49,56.5,46,54.2,,,,,34.197068,-118.184827,FOOTHILL,20.98
2025-01-07 20:20:00,769867,210,W,ML,165,58.2,41,71.3,48,61.9,38,52.9,38,44.7,,,,,34.218652,-118.239558,LA CRESCENTA,17.38
2025-01-07 20:20:00,769911,210,W,ML,193,55.2,43,69.3,46,54.9,36,52.3,35,46.9,33,49.0,,,34.224897,-118.251344,PENNSYLVANIA,16.58
2025-01-07 20:20:00,769926,210,W,ML,262,53.0,49,57.7,53,54.7,45,51.3,39,49.6,38,50.5,38,52.6,34.214462,-118.232443,OCEAN VIEW,17.88
2025-01-07 20:20:00,769941,210,W,ML,195,59.4,48,71.3,49,63.3,49,55.4,49,48.0,,,,,34.207101,-118.204943,ANGELES CREST HWY SB,19.58
2025-01-07 20:20:00,769953,210,W,ML,153,56.2,39,68.1,43,58.4,41,52.4,30,42.7,,,,,34.206998,-118.201441,ANGELES CREST HWY NB,19.78
2025-01-07 20:20:00,769965,210,W,ML,96,58.3,40,71.2,7,71.0,29,54.0,20,34.4,,,,,34.232554,-118.271772,HONOLULU,15.28
2025-01-07 20:20:00,769983,210,W,ML,195,51.4,51,46.8,55,55.8,46,52.2,43,50.3,,,,,34.203186,-118.191671,GOULD,20.4
2025-01-07 20:20:00,770000,210,W,ML,198,59.1,48,64.0,55,60.9,49,56.8,46,54.5,,,,,34.19198,-118.181214,BERKSHIRE,21.39
2025-01-07 20:20:00,770129,210,W,ML,141,61.1,44,72.0,45,64.6,33,54.9,19,38.5,,,,,34.234984,-118.290562,LA TUNA CANYON NB,14.18
2025-01-07 20:20:00,770141,210,W,ML,87,56.4,20,64.7,33,63.2,9,65.4,25,37.4,,,,,34.234987,-118.294031,LA TUNA CANYON SB,13.98
2025-01-07 20:20:00,770386,210,W,ML,217,55.3,54,59.9,61,56.9,54,52.9,48,51.0,,,,,34.207155,-118.2137,EB/NB 2 TO EB 210 CN,19.08
2025-01-07 20:20:00,770401,210,W,ML,386,66.0,81,71.6,117,67.9,103,64.5,85,60.1,,,,,34.211095,-118.225948,EB/NB 2 TO WB 210 CN,18.32
2025-01-07 20:20:00,770568,210,W,ML,185,52.8,21,74.5,38,69.9,49,38.7,77,47.3,,,,,34.165953,-118.157943,HAMMOND ST.,23.79
2025-01-07 20:20:00,770579,210,W,ML,94,50.6,9,70.5,25,55.2,15,60.5,45,40.7,,,,,34.156597,-118.157944,WINONA WAY,24.442
2025-01-07 20:25:00,717615,210,W,ML,86,15.3,20,16.6,27,14.8,22,14.0,17,15.9,,,,,34.182539,-118.171545,ARROYO 1,22.3
2025-01-07 20:25:00,717622,210,W,ML,140,8.2,90,11.1,30,3.0,10,3.0,10,3.0,,,,,34.176273,-118.161942,LINCOLN 1,23.0
2025-01-07 20:25:00,717624,210,W,ML,234,50.3,50,55.0,54,52.2,47,48.4,43,46.9,40,48.0,,,34.164368,-118.158093,MOUNTAIN 1,23.9
2025-01-07 20:25:00,717627,210,W,ML,128,53.2,61,54.6,67,52.0,,,,,,,,,34.15225,-118.154678,WALNUT,24.9
2025-01-07 20:25:00,717630,210,W,ML,78,64.8,16,70.2,24,66.7,21,63.3,17,59.0,,,,,34.152218,-118.14821,FAIR OAKS 1,25.4
2025-01-07 20:25:00,717632,210,W,HV,78,64.8,78,64.8,,,,,,,,,,,34.152218,-118.14821,FAIR OAKS 1,25.4
2025-01-07 20:25:00,717634,210,W,ML,302,49.2,66,54.1,71,51.2,62,47.2,55,45.9,48,46.2,,,34.15195,-118.13555,LAKE 1,26.12
2025-01-07 20:25:00,717637,210,W,ML,279,51.2,62,62.8,62,57.3,48,47.6,59,44.7,48,39.7,,,34.152357,-118.123714,HILL,26.8
2025-01-07 20:25:00,717642,210,W,ML,285,53.2,40,66.9,70,58.8,54,45.4,51,37.9,70,57.0,,,34.1527,-118.102255,ALTADENA,28.03
2025-01-07 20:25:00,717643,210,W,HV,10,64.6,10,64.6,,,,,,,,,,,34.1527,-118.102255,ALTADENA,28.03
2025-01-07 20:25:00,717644,210,W,ML,316,44.2,92,49.4,73,49.6,64,44.2,45,34.9,42,33.2,,,34.152727,-118.098063,SAN GABRIEL,28.27
2025-01-07 20:25:00,717645,210,W,HV,13,36.4,13,36.4,,,,,,,,,,,34.152727,-118.098063,SAN GABRIEL,28.27
2025-01-07 20:25:00,717649,210,W,ML,305,50.9,84,61.9,82,54.2,57,38.7,54,50.5,28,34.1,,,34.148074,-118.08377,SIERRA MADRE V1,29.17
2025-01-07 20:25:00,717653,210,W,ML,238,44.4,64,41.4,63,41.8,49,45.4,40,48.9,22,49.9,,,34.148737,-118.071321,ROSEMEAD 1,29.879
2025-01-07 20:25:00,761318,210,W,HV,78,64.8,78,64.8,,,,,,,,,,,34.15195,-118.13555,LAKE 1,26.12
2025-01-07 20:25:00,761322,210,W,HV,23,64.4,23,64.4,,,,,,,,,,,34.152357,-118.123714,HILL,26.8
2025-01-07 20:25:00,761325,210,W,HV,19,63.7,19,63.7,,,,,,,,,,,34.148074,-118.08377,SIERRA MADRE V1,29.17
2025-01-07 20:25:00,761431,210,W,HV,78,64.8,78,64.8,,,,,,,,,,,34.148737,-118.071321,ROSEMEAD 1,29.879
2025-01-07 20:25:00,764135,210,W,HV,78,64.8,78,64.8,,,,,,,,,,,34.152092,-118.143249,MARENGO,25.68
2025-01-07 20:25:00,764137,210,W,ML,523,65.6,89,71.1,103,68.8,90,67.0,92,64.3,84,60.0,65,60.0,34.152092,-118.143249,MARENGO,25.68
2025-01-07 20:25:00,769807,210,W,ML,245,59.5,52,66.9,67,62.7,65,55.9,61,53.7,,,,,34.197068,-118.184827,FOOTHILL,20.98
2025-01-07 20:25:00,769867,210,W,ML,181,57.1,36,71.0,58,62.8,41,56.1,46,39.8,,,,,34.218652,-118.239558,LA CRESCENTA,17.38
2025-01-07 20:25:00,769911,210,W,ML,193,55.6,34,68.5,48,56.1,35,54.1,40,51.1,36,49.4,,,34.224897,-118.251344,PENNSYLVANIA,16.58
2025-01-07 20:25:00,769926,210,W,ML,301,55.2,56,60.3,60,57.3,52,53.6,46,51.7,44,52.3,43,54.1,34.214462,-118.232443,OCEAN VIEW,17.88
2025-01-07 20:25:00,769941,210,W,ML,216,57.2,51,72.8,47,62.8,53,42.3,65,53.2,,,,,34.207101,-118.204943,ANGELES CREST HWY SB,19.58
2025-01-07 20:25:00,769953,210,W,ML,215,56.8,29,70.4,60,61.7,56,46.8,70,55.0,,,,,34.206998,-118.201441,ANGELES CREST HWY NB,19.78
2025-01-07 20:25:00,769965,210,W,ML,101,55.8,32,71.4,4,71.0,39,50.9,26,41.8,,,,,34.232554,-118.271772,HONOLULU,15.28
2025-01-07 20:25:00,769983,210,W,ML,265,52.6,67,46.4,76,54.8,63,55.7,59,53.5,,,,,34.203186,-118.191671,GOULD,20.4
2025-01-07 20:25:00,770000,210,W,ML,270,58.7,70,63.3,74,60.3,65,56.3,61,54.0,,,,,34.19198,-118.181214,BERKSHIRE,21.39
2025-01-07 20:25:00,770129,210,W,ML,149,61.5,38,70.7,50,66.0,41,55.5,20,45.2,,,,,34.234984,-118.290562,LA TUNA CANYON NB,14.18
2025-01-07 20:25:00,770141,210,W,ML,111,59.2,29,66.1,41,64.2,11,65.8,30,43.1,,,,,34.234987,-118.294031,LA TUNA CANYON SB,13.98
2025-01-07 20:25:00,770386,210,W,ML,214,56.7,53,61.6,59,58.5,53,54.1,49,52.0,,,,,34.207155,-118.2137,EB/NB 2 TO EB 210 CN,19.08
2025-01-07 20:25:00,770401,210,W,ML,373,65.9,78,71.4,113,67.8,100,64.4,82,60.0,,,,,34.211095,-118.225948,EB/NB 2 TO WB 210 CN,18.32
2025-01-07 20:25:00,770568,210,W,ML,151,55.2,43,74.1,21,70.2,44,38.9,43,45.5,,,,,34.165953,-118.157943,HAMMOND ST.,23.79
2025-01-07 20:25:00,770579,210,W,ML,182,49.3,24,70.5,57,51.6,24,60.3,77,37.6,,,,,34.156597,-118.157944,WINONA WAY,24.442
2025-01-07 20:30:00,717615,210,W,ML,86,15.3,20,16.6,27,14.8,22,14.0,17,15.9,,,,,34.182539,-118.171545,ARROYO 1,22.3
2025-01-07 20:30:00,717622,210,W,ML,140,8.2,90,11.1,30,3.0,10,3.0,10,3.0,,,,,34.176273,-118.161942,LINCOLN 1,23.0
2025-01-07 20:30:00,717624,210,W,ML,233,50.5,46,55.4,53,52.5,47,48.7,44,47.2,43,48.2,,,34.164368,-118.158093,MOUNTAIN 1,23.9
2025-01-07 20:30:00,717627,210,W,ML,88,54.3,41,55.7,47,53.0,,,,,,,,,34.15225,-118.154678,WALNUT,24.9
2025-01-07 20:30:00,717630,210,W,ML,76,64.8,16,70.2,23,66.7,20,63.3,17,59.0,,,,,34.152218,-118.14821,FAIR OAKS 1,25.4
2025-01-07 20:30:00,717632,210,W,HV,76,64.8,76,64.8,,,,,,,,,,,34.152218,-118.14821,FAIR OAKS 1,25.4
2025-01-07 20:30:00,717634,210,W,ML,302,44.6,67,49.1,71,46.3,61,42.5,55,41.6,48,42.2,,,34.15195,-118.13555,LAKE 1,26.12
2025-01-07 20:30:00,717637,210,W,ML,337,48.8,82,61.2,89,56.9,61,42.8,55,37.3,50,33.7,,,34.152357,-118.123714,HILL,26.8
2025-01-07 20:30:00,717642,210,W,ML,294,51.5,40,66.9,70,58.8,57,41.8,57,34.8,70,57.0,,,34.1527,-118.102255,ALTADENA,28.03
2025-01-07 20:30:00,717643,210,W,HV,10,64.6,10,64.6,,,,,,,,,,,34.1527,-118.102255,ALTADENA,28.03
2025-01-07 20:30:00,717644,210,W,ML,364,40.8,88,47.8,95,45.7,71,40.0,63,32.8,47,29.5,,,34.152727,-118.098063,SAN GABRIEL,28.27
2025-01-07 20:30:00,717645,210,W,HV,19,50.1,19,50.1,,,,,,,,,,,34.152727,-118.098063,SAN GABRIEL,28.27
2025-01-07 20:30:00,717649,210,W,ML,316,51.4,82,63.3,76,58.8,54,38.7,59,48.9,45,35.9,,,34.148074,-118.08377,SIERRA MADRE V1,29.17
2025-01-07 20:30:00,717653,210,W,ML,237,44.3,66,41.4,64,41.8,49,45.4,38,48.9,20,49.9,,,34.148737,-118.071321,ROSEMEAD 1,29.879
2025-01-07 20:30:00,761318,210,W,HV,76,64.8,76,64.8,,,,,,,,,,,34.15195,-118.13555,LAKE 1,26.12
2025-01-07 20:30:00,761322,210,W,HV,27,63.8,27,63.8,,,,,,,,,,,34.152357,-118.123714,HILL,26.8
2025-01-07 20:30:00,761325,210,W,HV,21,63.5,21,63.5,,,,,,,,,,,34.148074,-118.08377,SIERRA MADRE V1,29.17
2025-01-07 20:30:00,761431,210,W,HV,76,64.8,76,64.8,,,,,,,,,,,34.148737,-118.071321,ROSEMEAD 1,29.879
2025-01-07 20:30:00,764135,210,W,HV,76,64.8,76,64.8,,,,,,,,,,,34.152092,-118.143249,MARENGO,25.68
2025-01-07 20:30:00,764137,210,W,ML,520,65.6,88,71.1,103,68.8,89,67.0,92,64.3,83,60.0,65,60.0,34.152092,-118.143249,MARENGO,25.68
2025-01-07 20:30:00,769807,210,W,ML,230,57.8,36,67.8,68,60.7,65,54.4,61,52.3,,,,,34.197068,-118.184827,FOOTHILL,20.98
2025-01-07 20:30:00,769867,210,W,ML,163,58.0,39,70.0,44,62.8,38,55.7,42,43.9,,,,,34.218652,-118.239558,LA CRESCENTA,17.38
2025-01-07 20:30:00,769911,210,W,ML,195,55.6,46,66.0,46,53.4,40,57.0,30,46.9,33,50.5,,,34.224897,-118.251344,PENNSYLVANIA,16.58
2025-01-07 20:30:00,769926,210,W,ML,280,54.9,50,60.0,57,57.0,48,53.4,43,51.4,41,52.1,41,53.9,34.214462,-118.232443,OCEAN VIEW,17.88
2025-01-07 20:30:00,769941,210,W,ML,175,58.0,29,72.4,40,65.4,53,50.1,53,52.6,,,,,34.207101,-118.204943,ANGELES CREST HWY SB,19.58
2025-01-07 20:30:00,769953,210,W,ML,162,59.0,41,68.8,44,61.4,44,53.9,33,50.6,,,,,34.206998,-118.201441,ANGELES CREST HWY NB,19.78
2025-01-07 20:30:00,769965,210,W,ML,116,56.3,48,69.3,4,71.0,34,51.3,30,39.2,,,,,34.232554,-118.271772,HONOLULU,15.28
2025-01-07 20:30:00,769983,210,W,ML,204,53.0,53,49.4,58,57.1,48,53.6,45,51.6,,,,,34.203186,-118.191671,GOULD,20.4
2025-01-07 20:30:00,770000,210,W,ML,274,57.3,71,61.8,75,58.8,66,54.9,62,52.8,,,,,34.19198,-118.181214,BERKSHIRE,21.39
2025-01-07 20:30:00,770129,210,W,ML,174,61.0,46,69.8,61,66.2,39,54.5,28,44.3,,,,,34.234984,-118.290562,LA TUNA CANYON NB,14.18
2025-01-07 20:30:00,770141,210,W,ML,107,59.0,27,66.3,40,64.3,11,65.8,29,42.3,,,,,34.234987,-118.294031,LA TUNA CANYON SB,13.98
2025-01-07 20:30:00,770386,210,W,ML,209,56.3,53,61.1,58,58.0,51,53.6,47,51.6,,,,,34.207155,-118.2137,EB/NB 2 TO EB 210 CN,19.08
2025-01-07 20:30:00,770401,210,W,ML,366,65.8,77,71.3,111,67.7,98,64.3,80,59.9,,,,,34.211095,-118.225948,EB/NB 2 TO WB 210 CN,18.32
2025-01-07 20:30:00,770568,210,W,ML,195,51.8,25,74.5,43,69.5,51,35.8,76,45.0,,,,,34.165953,-118.157943,HAMMOND ST.,23.79
2025-01-07 20:30:00,770579,210,W,ML,135,55.3,36,67.1,34,53.0,33,56.9,32,42.7,,,,,34.156597,-118.157944,WINONA WAY,24.442
2025-01-07 20:35:00,717615,210,W,ML,86,15.3,20,16.6,27,14.8,22,14.0,17,15.9,,,,,34.182539,-118.171545,ARROYO 1,22.3
2025-01-07 20:35:00,717622,210,W,ML,140,8.2,90,11.1,30,3.0,10,3.0,10,3.0,,,,,34.176273,-118.161942,LINCOLN 1,23.0
2025-01-07 20:35:00,717624,210,W,ML,273,51.0,57,55.8,62,52.9,55,49.1,51,47.6,48,48.6,,,34.164368,-118.158093,MOUNTAIN 1,23.9
2025-01-07 20:35:00,717627,210,W,ML,120,54.6,57,56.0,63,53.3,,,,,,,,,34.15225,-118.154678,WALNUT,24.9
2025-01-07 20:35:00,717630,210,W,ML,73,64.8,15,70.2,22,66.7,20,63.3,16,59.0,,,,,34.152218,-118.14821,FAIR OAKS 1,25.4
2025-01-07 20:35:00,717632,210,W,HV,74,64.8,74,64.8,,,,,,,,,,,34.152218,-118.14821,FAIR OAKS 1,25.4
2025-01-07 20:35:00,717634,210,W,ML,334,45.1,72,49.6,76,46.8,66,43.0,62,42.1,58,42.7,,,34.15195,-118.13555,LAKE 1,26.12
2025-01-07 20:35:00,717637,210,W,ML,344,46.7,76,61.2,73,55.4,71,42.9,57,38.5,67,31.8,,,34.152357,-118.123714,HILL,26.8
2025-01-07 20:35:00,717642,210,W,ML,280,52.7,40,66.9,70,58.8,50,43.7,50,35.5,70,57.0,,,34.1527,-118.102255,ALTADENA,28.03
2025-01-07 20:35:00,717643,210,W,HV,10,64.6,10,64.6,,,,,,,,,,,34.1527,-118.102255,ALTADENA,28.03
2025-01-07 20:35:00,717644,210,W,ML,276,43.0,63,56.0,63,49.1,62,40.9,51,31.4,37,30.1,,,34.152727,-118.098063,SAN GABRIEL,28.27
2025-01-07 20:35:00,717645,210,W,HV,8,57.3,8,57.3,,,,,,,,,,,34.152727,-118.098063,SAN GABRIEL,28.27
2025-01-07 20:35:00,717649,210,W,ML,271,51.3,65,64.5,74,57.0,54,37.3,52,48.8,26,36.2,,,34.148074,-118.08377,SIERRA MADRE V1,29.17
2025-01-07 20:35:00,717653,210,W,ML,224,43.3,61,40.2,60,40.7,46,44.5,37,48.2,20,49.4,,,34.148737,-118.071321,ROSEMEAD 1,29.879
2025-01-07 20:35:00,761318,210,W,HV,74,64.8,74,64.8,,,,,,,,,,,34.15195,-118.13555,LAKE 1,26.12
2025-01-07 20:35:00,761322,210,W,HV,11,64.1,11,64.1,,,,,,,,,,,34.152357,-118.123714,HILL,26.8
2025-01-07 20:35:00,761325,210,W,HV,7,64.0,7,64.0,,,,,,,,,,,34.148074,-118.08377,SIERRA MADRE V1,29.17
2025-01-07 20:35:00,761431,210,W,HV,74,64.8,74,64.8,,,,,,,,,,,34.148737,-118.071321,ROSEMEAD 1,29.879
2025-01-07 20:35:00,764135,210,W,HV,74,64.8,74,64.8,,,,,,,,,,,34.152092,-118.143249,MARENGO,25.68
2025-01-07 20:35:00,764137,210,W,ML,516,65.7,87,71.2,102,68.9,89,67.1,91,64.4,83,60.1,64,60.1,34.152092,-118.143249,MARENGO,25.68
2025-01-07 20:35:00,769807,210,W,ML,201,59.2,38,69.5,54,62.0,56,55.4,53,53.2,,,,,34.197068,-118.184827,FOOTHILL,20.98
2025-01-07 20:35:00,769867,210,W,ML,150,59.1,29,70.9,35,64.5,44,60.9,42,44.6,,,,,34.218652,-118.239558,LA CRESCENTA,17.38
2025-01-07 20:35:00,769911,210,W,ML,209,55.4,33,66.3,50,56.4,42,55.1,47,51.4,37,49.5,,,34.224897,-118.251344,PENNSYLVANIA,16.58
2025-01-07 20:35:00,769926,210,W,ML,261,58.4,46,64.3,51,61.2,45,57.1,42,54.8,41,55.2,36,56.1,34.214462,-118.232443,OCEAN VIEW,17.88
2025-01-07 20:35:00,769941,210,W,ML,181,62.0,39,73.5,44,68.3,47,51.3,51,57.7,,,,,34.207101,-118.204943,ANGELES CREST HWY SB,19.58
2025-01-07 20:35:00,769953,210,W,ML,191,61.6,34,70.5,53,63.7,59,56.1,45,59.5,,,,,34.206998,-118.201441,ANGELES CREST HWY NB,19.78
2025-01-07 20:35:00,769965,210,W,ML,102,54.9,38,69.8,2,70.9,36,48.9,26,40.3,,,,,34.232554,-118.271772,HONOLULU,15.28
2025-01-07 20:35:00,769983,210,W,ML,247,55.3,65,51.8,74,58.5,56,56.3,52,54.0,,,,,34.203186,-118.191671,GOULD,20.4
2025-01-07 20:35:00,770000,210,W,ML,233,58.2,59,62.8,64,59.8,57,55.8,53,53.6,,,,,34.19198,-118.181214,BERKSHIRE,21.39
2025-01-07 20:35:00,770129,210,W,ML,134,60.1,34,69.7,49,64.4,30,54.7,21,42.3,,,,,34.234984,-118.290562,LA TUNA CANYON NB,14.18
2025-01-07 20:35:00,770141,210,W,ML,78,57.0,17,64.5,30,63.1,8,65.6,23,40.6,,,,,34.234987,-118.294031,LA TUNA CANYON SB,13.98
2025-01-07 20:35:00,770386,210,W,ML,206,60.2,50,65.3,57,62.1,51,57.7,48,55.2,,,,,34.207155,-118.2137,EB/NB 2 TO EB 210 CN,19.08
2025-01-07 20:35:00,770401,210,W,ML,369,65.7,77,71.2,112,67.6,99,64.2,81,59.8,,,,,34.211095,-118.225948,EB/NB 2 TO WB 210 CN,18.32
2025-01-07 20:35:00,770568,210,W,ML,163,51.4,23,74.1,27,69.7,56,39.0,57,45.7,,,,,34.165953,-118.157943,HAMMOND ST.,23.79
2025-01-07 20:35:00,770579,210,W,ML,175,51.4,29,68.3,52,53.4,36,53.1,58,40.0,,,,,34.156597,-118.157944,WINONA WAY,24.442
2025-01-07 20:40:00,717615,210,W,ML,86,15.3,20,16.6,27,14.8,22,14.0,17,15.9,,,,,34.182539,-118.171545,ARROYO 1,22.3
2025-01-07 20:40:00,717622,210,W,ML,140,8.2,90,11.1,30,3.0,10,3.0,10,3.0,,,,,34.176273,-118.161942,LINCOLN 1,23.0
2025-01-07 20:40:00,717624,210,W,ML,250,48.7,52,53.2,57,50.5,51,46.9,46,45.5,44,46.7,,,34.164368,-118.158093,MOUNTAIN 1,23.9
2025-01-07 20:40:00,717627,210,W,ML,102,50.6,47,51.9,55,49.5,,,,,,,,,34.15225,-118.154678,WALNUT,24.9
2025-01-07 20:40:00,717630,210,W,ML,72,64.8,15,70.2,22,66.7,19,63.3,16,59.0,,,,,34.152218,-118.14821,FAIR OAKS 1,25.4
2025-01-07 20:40:00,717632,210,W,HV,71,64.8,71,64.8,,,,,,,,,,,34.152218,-118.14821,FAIR OAKS 1,25.4
2025-01-07 20:40:00,717634,210,W,ML,277,44.6,60,49.1,65,46.3,56,42.5,51,41.6,45,42.2,,,34.15195,-118.13555,LAKE 1,26.12
2025-01-07 20:40:00,717637,210,W,ML,274,48.2,66,61.2,67,57.0,48,43.2,41,36.9,52,33.8,,,34.152357,-118.123714,HILL,26.8
2025-01-07 20:40:00,717642,210,W,ML,288,51.8,40,66.9,70,58.8,55,42.8,53,33.5,70,57.0,,,34.1527,-118.102255,ALTADENA,28.03
2025-01-07 20:40:00,717643,210,W,HV,10,64.6,10,64.6,,,,,,,,,,,34.1527,-118.102255,ALTADENA,28.03
2025-01-07 20:40:00,717644,210,W,ML,319,44.3,75,58.2,80,49.9,52,38.2,56,34.0,56,33.7,,,34.152727,-118.098063,SAN GABRIEL,28.27
2025-01-07 20:40:00,717645,210,W,HV,7,60.9,7,60.9,,,,,,,,,,,34.152727,-118.098063,SAN GABRIEL,28.27
2025-01-07 20:40:00,717649,210,W,ML,264,53.6,61,66.2,62,62.0,47,39.6,53,48.9,41,44.3,,,34.148074,-118.08377,SIERRA MADRE V1,29.17
2025-01-07 20:40:00,717653,210,W,ML,216,47.6,61,47.4,59,46.8,45,46.4,34,49.4,17,51.1,,,34.148737,-118.071321,ROSEMEAD 1,29.879
2025-01-07 20:40:00,761318,210,W,HV,71,64.8,71,64.8,,,,,,,,,,,34.15195,-118.13555,LAKE 1,26.12
2025-01-07 20:40:00,761322,210,W,HV,6,64.4,6,64.4,,,,,,,,,,,34.152357,-118.123714,HILL,26.8
2025-01-07 20:40:00,761325,210,W,HV,2,64.4,2,64.4,,,,,,,,,,,34.148074,-118.08377,SIERRA MADRE V1,29.17
2025-01-07 20:40:00,761431,210,W,HV,71,64.8,71,64.8,,,,,,,,,,,34.148737,-118.071321,ROSEMEAD 1,29.879
2025-01-07 20:40:00,764135,210,W,HV,71,64.8,71,64.8,,,,,,,,,,,34.152092,-118.143249,MARENGO,25.68
2025-01-07 20:40:00,764137,210,W,ML,509,65.7,86,71.2,100,68.9,88,67.1,90,64.4,82,60.1,63,60.1,34.152092,-118.143249,MARENGO,25.68
2025-01-07 20:40:00,769807,210,W,ML,159,59.4,27,69.7,40,62.8,47,56.0,45,53.7,,,,,34.197068,-118.184827,FOOTHILL,20.98
2025-01-07 20:40:00,769867,210,W,ML,154,57.4,35,70.4,44,61.2,31,60.0,44,41.3,,,,,34.218652,-118.239558,LA CRESCENTA,17.38
2025-01-07 20:40:00,769911,210,W,ML,189,55.2,36,66.2,50,56.5,31,58.8,39,43.0,33,52.2,,,34.224897,-118.251344,PENNSYLVANIA,16.58
2025-01-07 20:40:00,769926,210,W,ML,284,56.6,50,62.1,57,59.2,50,55.3,44,53.1,42,53.7,41,54.6,34.214462,-118.232443,OCEAN VIEW,17.88
2025-01-07 20:40:00,769941,210,W,ML,195,59.5,54,69.8,55,62.7,38,45.2,48,55.5,,,,,34.207101,-118.204943,ANGELES CREST HWY SB,19.58
2025-01-07 20:40:00,769953,210,W,ML,231,59.0,57,66.2,70,61.1,57,49.0,47,59.2,,,,,34.206998,-118.201441,ANGELES CREST HWY NB,19.78
2025-01-07 20:40:00,769965,210,W,ML,104,55.8,31,71.4,3,71.1,43,55.1,27,37.4,,,,,34.232554,-118.271772,HONOLULU,15.28
2025-01-07 20:40:00,769983,210,W,ML,259,52.7,73,47.0,84,55.3,53,55.7,49,53.5,,,,,34.203186,-118.191671,GOULD,20.4
2025-01-07 20:40:00,770000,210,W,ML,194,58.7,47,63.4,54,60.4,48,56.3,45,54.1,,,,,34.19198,-118.181214,BERKSHIRE,21.39
2025-01-07 20:40:00,770129,210,W,ML,143,60.9,30,71.6,46,64.7,39,60.3,28,44.2,,,,,34.234984,-118.290562,LA TUNA CANYON NB,14.18
2025-01-07 20:40:00,770141,210,W,ML,107,59.0,27,64.8,40,63.3,11,65.7,29,45.0,,,,,34.234987,-118.294031,LA TUNA CANYON SB,13.98
2025-01-07 20:40:00,770386,210,W,ML,220,58.6,58,63.4,62,60.3,53,56.0,47,53.6,,,,,34.207155,-118.2137,EB/NB 2 TO EB 210 CN,19.08
2025-01-07 20:40:00,770401,210,W,ML,367,65.7,77,71.2,111,67.6,98,64.2,81,59.8,,,,,34.211095,-118.225948,EB/NB 2 TO WB 210 CN,18.32
2025-01-07 20:40:00,770568,210,W,ML,177,51.3,25,74.6,25,70.1,55,41.1,72,44.4,,,,,34.165953,-118.157943,HAMMOND ST.,23.79
2025-01-07 20:40:00,770579,210,W,ML,150,50.3,47,61.8,41,48.3,14,58.9,48,38.1,,,,,34.156597,-118.157944,WINONA WAY,24.442
2025-01-07 20:45:00,717615,210,W,ML,86,15.3,20,16.6,27,14.8,22,14.0,17,15.9,,,,,34.182539,-118.171545,ARROYO 1,22.3
2025-01-07 20:45:00,717622,210,W,ML,140,8.2,90,11.1,30,3.0,10,3.0,10,3.0,,,,,34.176273,-118.161942,LINCOLN 1,23.0
2025-01-07 20:45:00,717624,210,W,ML,224,50.2,44,55.1,51,52.2,45,48.4,42,47.0,42,47.7,,,34.164368,-118.158093,MOUNTAIN 1,23.9
2025-01-07 20:45:00,717627,210,W,ML,65,51.5,28,53.1,37,50.3,,,,,,,,,34.15225,-118.154678,WALNUT,24.9
2025-01-07 20:45:00,717630,210,W,ML,68,64.8,14,70.2,21,66.7,18,63.3,15,59.0,,,,,34.152218,-118.14821,FAIR OAKS 1,25.4
2025-01-07 20:45:00,717632,210,W,HV,69,64.8,69,64.8,,,,,,,,,,,34.152218,-118.14821,FAIR OAKS 1,25.4
2025-01-07 20:45:00,717634,210,W,ML,294,47.4,65,52.2,69,49.3,60,45.3,53,44.1,47,44.6,,,34.15195,-118.13555,LAKE 1,26.12
2025-01-07 20:45:00,717637,210,W,ML,276,50.1,60,61.5,62,60.0,52,49.4,54,38.2,48,37.4,,,34.152357,-118.123714,HILL,26.8
2025-01-07 20:45:00,717642,210,W,ML,248,55.7,40,66.9,70,58.8,37,48.7,31,39.4,70,57.0,,,34.1527,-118.102255,ALTADENA,28.03
2025-01-07 20:45:00,717643,210,W,HV,10,64.6,10,64.6,,,,,,,,,,,34.1527,-118.102255,ALTADENA,28.03
2025-01-07 20:45:00,717644,210,W,ML,205,49.1,45,62.4,55,55.1,34,46.2,40,41.0,31,33.1,,,34.152727,-118.098063,SAN GABRIEL,28.27
2025-01-07 20:45:00,717645,210,W,HV,7,62.7,7,62.7,,,,,,,,,,,34.152727,-118.098063,SAN GABRIEL,28.27
2025-01-07 20:45:00,717649,210,W,ML,176,56.4,43,67.0,42,63.1,38,44.4,37,52.5,16,48.2,,,34.148074,-118.08377,SIERRA MADRE V1,29.17
2025-01-07 20:45:00,717653,210,W,ML,157,51.0,42,51.3,43,50.5,33,50.0,25,52.0,14,52.9,,,34.148737,-118.071321,ROSEMEAD 1,29.879
2025-01-07 20:45:00,761318,210,W,HV,69,64.8,69,64.8,,,,,,,,,,,34.15195,-118.13555,LAKE 1,26.12
2025-01-07 20:45:00,761322,210,W,HV,10,64.5,10,64.5,,,,,,,,,,,34.152357,-118.123714,HILL,26.8
2025-01-07 20:45:00,761325,210,W,HV,5,64.6,5,64.6,,,,,,,,,,,34.148074,-118.08377,SIERRA MADRE V1,29.17
2025-01-07 20:45:00,761431,210,W,HV,69,64.8,69,64.8,,,,,,,,,,,34.148737,-118.071321,ROSEMEAD 1,29.879
2025-01-07 20:45:00,764135,210,W,HV,69,64.8,69,64.8,,,,,,,,,,,34.152092,-118.143249,MARENGO,25.68
2025-01-07 20:45:00,764137,210,W,ML,506,65.9,86,71.5,100,69.1,87,67.3,89,64.6,81,60.3,63,60.3,34.152092,-118.143249,MARENGO,25.68
2025-01-07 20:45:00,769807,210,W,ML,215,58.4,43,65.7,58,61.6,59,55.1,55,52.9,,,,,34.197068,-118.184827,FOOTHILL,20.98
2025-01-07 20:45:00,769867,210,W,ML,130,57.6,26,71.4,45,62.9,32,56.5,27,36.7,,,,,34.218652,-118.239558,LA CRESCENTA,17.38
2025-01-07 20:45:00,769911,210,W,ML,154,55.8,28,68.3,42,56.4,27,57.8,29,44.6,28,51.8,,,34.224897,-118.251344,PENNSYLVANIA,16.58
2025-01-07 20:45:00,769926,210,W,ML,213,55.4,38,60.7,43,57.6,36,53.9,34,52.0,31,52.6,31,54.3,34.214462,-118.232443,OCEAN VIEW,17.88
2025-01-07 20:45:00,769941,210,W,ML,156,56.6,26,71.8,44,63.3,45,45.6,41,52.0,,,,,34.207101,-118.204943,ANGELES CREST HWY SB,19.58
2025-01-07 20:45:00,769953,210,W,ML,184,57.9,31,68.2,48,61.3,56,50.8,49,56.2,,,,,34.206998,-118.201441,ANGELES CREST HWY NB,19.78
2025-01-07 20:45:00,769965,210,W,ML,93,58.2,39,69.7,3,71.1,34,55.0,17,35.9,,,,,34.232554,-118.271772,HONOLULU,15.28
2025-01-07 20:45:00,769983,210,W,ML,233,53.1,61,47.9,68,56.0,54,55.3,50,53.2,,,,,34.203186,-118.191671,GOULD,20.4
2025-01-07 20:45:00,770000,210,W,ML,245,57.9,62,62.5,67,59.5,60,55.5,56,53.4,,,,,34.19198,-118.181214,BERKSHIRE,21.39
2025-01-07 20:45:00,770129,210,W,ML,158,59.7,42,69.9,54,62.3,39,56.9,23,39.6,,,,,34.234984,-118.290562,LA TUNA CANYON NB,14.18
2025-01-07 20:45:00,770141,210,W,ML,106,56.3,27,62.4,39,61.6,11,65.4,29,40.2,,,,,34.234987,-118.294031,LA TUNA CANYON SB,13.98
2025-01-07 20:45:00,770386,210,W,ML,195,55.9,50,60.6,56,57.5,47,53.2,42,51.1,,,,,34.207155,-118.2137,EB/NB 2 TO EB 210 CN,19.08
2025-01-07 20:45:00,770401,210,W,ML,363,65.7,76,71.2,110,67.6,97,64.2,80,59.8,,,,,34.211095,-118.225948,EB/NB 2 TO WB 210 CN,18.32
2025-01-07 20:45:00,770568,210,W,ML,163,51.9,19,74.2,18,70.5,59,44.3,67,47.3,,,,,34.165953,-118.157943,HAMMOND ST.,23.79
2025-01-07 20:45:00,770579,210,W,ML,129,51.8,37,61.8,18,48.0,65,47.4,9,49.9,,,,,34.156597,-118.157944,WINONA WAY,24.442
2025-01-07 20:50:00,717615,210,W,ML,86,15.3,20,16.6,27,14.8,22,14.0,17,15.9,,,,,34.182539,-118.171545,ARROYO 1,22.3
2025-01-07 20:50:00,717622,210,W,ML,140,8.2,90,11.1,30,3.0,10,3.0,10,3.0,,,,,34.176273,-118.161942,LINCOLN 1,23.0
2025-01-07 20:50:00,717624,210,W,ML,206,48.5,40,53.0,47,50.3,42,47.0,39,45.6,38,46.4,,,34.164368,-118.158093,MOUNTAIN 1,23.9
2025-01-07 20:50:00,717627,210,W,ML,76,52.6,35,54.2,41,51.3,,,,,,,,,34.15225,-118.154678,WALNUT,24.9
2025-01-07 20:50:00,717630,210,W,ML,68,64.8,14,70.2,21,66.7,18,63.3,15,59.0,,,,,34.152218,-118.14821,FAIR OAKS 1,25.4
2025-01-07 20:50:00,717632,210,W,HV,68,64.8,68,64.8,,,,,,,,,,,34.152218,-118.14821,FAIR OAKS 1,25.4
2025-01-07 20:50:00,717634,210,W,ML,228,49.9,49,54.9,54,51.9,47,48.1,42,46.4,36,46.8,,,34.15195,-118.13555,LAKE 1,26.12
2025-01-07 20:50:00,717637,210,W,ML,198,53.0,38,65.4,51,61.0,42,53.0,33,39.0,34,40.7,,,34.152357,-118.123714,HILL,26.8
2025-01-07 20:50:00,717642,210,W,ML,278,54.3,40,66.9,70,58.8,50,48.5,48,39.5,70,57.0,,,34.1527,-118.102255,ALTADENA,28.03
2025-01-07 20:50:00,717643,210,W,HV,10,64.6,10,64.6,,,,,,,,,,,34.1527,-118.102255,ALTADENA,28.03
2025-01-07 20:50:00,717644,210,W,ML,301,49.6,71,61.0,67,54.4,60,46.4,56,41.9,47,39.0,,,34.152727,-118.098063,SAN GABRIEL,28.27
2025-01-07 20:50:00,717645,210,W,HV,26,61.4,26,61.4,,,,,,,,,,,34.152727,-118.098063,SAN GABRIEL,28.27
2025-01-07 20:50:00,717649,210,W,ML,304,54.1,81,62.8,73,59.1,56,42.7,52,52.8,42,45.4,,,34.148074,-118.08377,SIERRA MADRE V1,29.17
2025-01-07 20:50:00,717653,210,W,ML,233,48.9,63,48.5,62,47.9,48,48.0,39,50.7,21,51.6,,,34.148737,-118.071321,ROSEMEAD 1,29.879
2025-01-07 20:50:00,761318,210,W,HV,68,64.8,68,64.8,,,,,,,,,,,34.15195,-118.13555,LAKE 1,26.12
2025-01-07 20:50:00,761322,210,W,HV,20,63.6,20,63.6,,,,,,,,,,,34.152357,-118.123714,HILL,26.8
2025-01-07 20:50:00,761325,210,W,HV,24,62.9,24,62.9,,,,,,,,,,,34.148074,-118.08377,SIERRA MADRE V1,29.17
2025-01-07 20:50:00,761431,210,W,HV,68,64.8,68,64.8,,,,,,,,,,,34.148737,-118.071321,ROSEMEAD 1,29.879
2025-01-07 20:50:00,764135,210,W,HV,68,64.8,68,64.8,,,,,,,,,,,34.152092,-118.143249,MARENGO,25.68
2025-01-07 20:50:00,764137,210,W,ML,495,66.1,84,71.7,98,69.3,85,67.5,87,64.8,79,60.4,62,60.4,34.152092,-118.143249,MARENGO,25.68
2025-01-07 20:50:00,769807,210,W,ML,250,52.0,31,67.5,79,53.2,72,48.6,68,47.1,,,,,34.197068,-118.184827,FOOTHILL,20.98
2025-01-07 20:50:00,769867,210,W,ML,157,58.0,40,68.9,46,62.8,36,52.2,35,45.0,,,,,34.218652,-118.239558,LA CRESCENTA,17.38
2025-01-07 20:50:00,769911,210,W,ML,183,53.4,42,68.7,44,51.9,35,50.6,30,43.9,32,47.2,,,34.224897,-118.251344,PENNSYLVANIA,16.58
2025-01-07 20:50:00,769926,210,W,ML,248,52.5,46,57.1,50,54.1,43,50.8,37,49.1,36,50.0,36,52.2,34.214462,-118.232443,OCEAN VIEW,17.88
2025-01-07 20:50:00,769941,210,W,ML,145,53.5,19,72.8,40,65.4,46,41.5,40,46.4,,,,,34.207101,-118.204943,ANGELES CREST HWY SB,19.58
2025-01-07 20:50:00,769953,210,W,ML,114,56.1,31,67.9,31,61.8,28,49.3,24,41.2,,,,,34.206998,-118.201441,ANGELES CREST HWY NB,19.78
2025-01-07 20:50:00,769965,210,W,ML,90,55.2,35,70.4,4,71.2,32,47.5,19,36.9,,,,,34.232554,-118.271772,HONOLULU,15.28
2025-01-07 20:50:00,769983,210,W,ML,150,50.0,38,47.6,39,55.6,38,49.1,35,47.5,,,,,34.203186,-118.191671,GOULD,20.4
2025-01-07 20:50:00,770000,210,W,ML,304,52.0,80,55.8,83,53.2,73,49.9,68,48.2,,,,,34.19198,-118.181214,BERKSHIRE,21.39
2025-01-07 20:50:00,770129,210,W,ML,113,59.0,32,71.1,32,65.2,35,47.2,14,47.0,,,,,34.234984,-118.290562,LA TUNA CANYON NB,14.18
2025-01-07 20:50:00,770141,210,W,ML,92,58.9,22,65.3,35,63.6,9,65.8,26,44.6,,,,,34.234987,-118.294031,LA TUNA CANYON SB,13.98
2025-01-07 20:50:00,770386,210,W,ML,190,51.4,47,56.1,54,53.1,47,48.7,42,47.2,,,,,34.207155,-118.2137,EB/NB 2 TO EB 210 CN,19.08
2025-01-07 20:50:00,770401,210,W,ML,357,65.7,75,71.2,108,67.6,96,64.2,78,59.8,,,,,34.211095,-118.225948,EB/NB 2 TO WB 210 CN,18.32
2025-01-07 20:50:00,770568,210,W,ML,141,51.2,20,74.3,23,70.5,47,43.9,51,40.3,,,,,34.165953,-118.157943,HAMMOND ST.,23.79
2025-01-07 20:50:00,770579,210,W,ML,124,53.1,32,63.6,38,48.1,33,48.7,21,53.1,,,,,34.156597,-118.157944,WINONA WAY,24.442
2025-01-07 20:55:00,717615,210,W,ML,86,15.3,20,16.6,27,14.8,22,14.0,17,15.9,,,,,34.182539,-118.171545,ARROYO 1,22.3
2025-01-07 20:55:00,717622,210,W,ML,140,8.2,90,11.1,30,3.0,10,3.0,10,3.0,,,,,34.176273,-118.161942,LINCOLN 1,23.0
2025-01-07 20:55:00,717624,210,W,ML,194,48.6,37,53.0,45,50.2,40,47.0,37,45.7,35,46.7,,,34.164368,-118.158093,MOUNTAIN 1,23.9
2025-01-07 20:55:00,717627,210,W,ML,78,52.6,36,54.1,42,51.2,,,,,,,,,34.15225,-118.154678,WALNUT,24.9
2025-01-07 20:55:00,717630,210,W,ML,66,65.0,14,70.4,20,66.8,18,63.4,14,59.1,,,,,34.152218,-118.14821,FAIR OAKS 1,25.4
2025-01-07 20:55:00,717632,210,W,HV,66,64.9,66,64.9,,,,,,,,,,,34.152218,-118.14821,FAIR OAKS 1,25.4
2025-01-07 20:55:00,717634,210,W,ML,341,50.3,75,55.3,78,52.3,68,48.4,63,46.7,57,47.1,,,34.15195,-118.13555,LAKE 1,26.12
2025-01-07 20:55:00,717637,210,W,ML,348,53.3,79,65.8,77,61.8,63,53.1,62,39.9,67,41.4,,,34.152357,-118.123714,HILL,26.8
2025-01-07 20:55:00,717642,210,W,ML,283,54.2,40,66.9,70,58.8,53,49.0,50,39.5,70,57.0,,,34.1527,-118.102255,ALTADENA,28.03
2025-01-07 20:55:00,717643,210,W,HV,10,64.6,10,64.6,,,,,,,,,,,34.1527,-118.102255,ALTADENA,28.03
2025-01-07 20:55:00,717644,210,W,ML,310,49.0,61,63.5,74,55.7,63,46.3,60,38.5,52,38.1,,,34.152727,-118.098063,SAN GABRIEL,28.27
2025-01-07 20:55:00,717645,210,W,HV,21,62.9,21,62.9,,,,,,,,,,,34.152727,-118.098063,SAN GABRIEL,28.27
2025-01-07 20:55:00,717649,210,W,ML,273,53.6,63,64.0,72,59.4,41,37.1,55,52.0,42,46.3,,,34.148074,-118.08377,SIERRA MADRE V1,29.17
2025-01-07 20:55:00,717653,210,W,ML,221,49.4,62,49.4,60,48.7,46,48.2,35,50.7,18,52.1,,,34.148737,-118.071321,ROSEMEAD 1,29.879
2025-01-07 20:55:00,761318,210,W,HV,66,64.9,66,64.9,,,,,,,,,,,34.15195,-118.13555,LAKE 1,26.12
2025-01-07 20:55:00,761322,210,W,HV,14,64.0,14,64.0,,,,,,,,,,,34.152357,-118.123714,HILL,26.8
2025-01-07 20:55:00,761325,210,W,HV,19,63.6,19,63.6,,,,,,,,,,,34.148074,-118.08377,SIERRA MADRE V1,29.17
2025-01-07 20:55:00,761431,210,W,HV,66,64.9,66,64.9,,,,,,,,,,,34.148737,-118.071321,ROSEMEAD 1,29.879
2025-01-07 20:55:00,764135,210,W,HV,66,64.9,66,64.9,,,,,,,,,,,34.152092,-118.143249,MARENGO,25.68
2025-01-07 20:55:00,764137,210,W,ML,484,66.2,82,71.8,96,69.4,83,67.6,85,64.9,78,60.5,60,60.5,34.152092,-118.143249,MARENGO,25.68
2025-01-07 20:55:00,769807,210,W,ML,225,48.7,35,66.8,66,47.9,64,44.5,60,43.5,,,,,34.197068,-118.184827,FOOTHILL,20.98
2025-01-07 20:55:00,769867,210,W,ML,135,55.4,30,70.8,38,62.0,35,49.8,32,39.3,,,,,34.218652,-118.239558,LA CRESCENTA,17.38
2025-01-07 20:55:00,769911,210,W,ML,176,51.5,33,70.3,43,48.0,32,52.4,37,42.1,31,46.6,,,34.224897,-118.251344,PENNSYLVANIA,16.58
2025-01-07 20:55:00,769926,210,W,ML,233,50.8,43,55.1,47,52.2,40,49.1,36,47.6,33,48.6,34,51.1,34.214462,-118.232443,OCEAN VIEW,17.88
2025-01-07 20:55:00,769941,210,W,ML,140,53.9,32,72.8,31,66.4,44,43.1,33,38.4,,,,,34.207101,-118.204943,ANGELES CREST HWY SB,19.58
2025-01-07 20:55:00,769953,210,W,ML,133,56.3,34,67.7,36,62.1,44,51.3,19,36.7,,,,,34.206998,-118.201441,ANGELES CREST HWY NB,19.78
2025-01-07 20:55:00,769965,210,W,ML,110,53.1,43,69.0,6,71.3,34,44.5,27,34.5,,,,,34.232554,-118.271772,HONOLULU,15.28
2025-01-07 20:55:00,769983,210,W,ML,189,50.2,49,48.6,53,56.4,45,48.0,42,46.5,,,,,34.203186,-118.191671,GOULD,20.4
2025-01-07 20:55:00,770000,210,W,ML,267,48.2,69,51.6,73,49.2,65,46.3,60,45.0,,,,,34.19198,-118.181214,BERKSHIRE,21.39
2025-01-07 20:55:00,770129,210,W,ML,146,58.4,43,70.0,48,62.5,32,48.2,23,42.3,,,,,34.234984,-118.290562,LA TUNA CANYON NB,14.18
2025-01-07 20:55:00,770141,210,W,ML,84,56.2,19,62.6,33,61.7,8,65.5,24,40.6,,,,,34.234987,-118.294031,LA TUNA CANYON SB,13.98
2025-01-07 20:55:00,770386,210,W,ML,174,45.9,43,49.7,48,47.0,43,43.8,40,42.8,,,,,34.207155,-118.2137,EB/NB 2 TO EB 210 CN,19.08
2025-01-07 20:55:00,770401,210,W,ML,353,65.7,74,71.2,107,67.6,95,64.2,77,59.8,,,,,34.211095,-118.225948,EB/NB 2 TO WB 210 CN,18.32
2025-01-07 20:55:00,770568,210,W,ML,116,48.8,11,74.2,14,70.7,45,45.8,46,39.0,,,,,34.165953,-118.157943,HAMMOND ST.,23.79
2025-01-07 20:55:00,770579,210,W,ML,111,53.7,29,64.7,31,47.8,34,48.6,17,55.9,,,,,34.156597,-118.157944,WINONA WAY,24.442
2025-01-07 21:00:00,717615,210,W,ML,86,15.3,20,16.6,27,14.8,22,14.0,17,15.9,,,,,34.182539,-118.171545,ARROYO 1,22.3
2025-01-07 21:00:00,717622,210,W,ML,140,8.2,90,11.1,30,3.0,10,3.0,10,3.0,,,,,34.176273,-118.161942,LINCOLN 1,23.0
2025-01-07 21:00:00,717624,210,W,ML,210,47.3,39,51.8,48,49.0,43,45.5,40,44.4,40,45.8,,,34.164368,-118.158093,MOUNTAIN 1,23.9
2025-01-07 21:00:00,717627,210,W,ML,82,48.5,38,49.9,44,47.2,,,,,,,,,34.15225,-118.154678,WALNUT,24.9
2025-01-07 21:00:00,717630,210,W,ML,63,64.9,13,70.4,19,66.8,17,63.4,14,59.1,,,,,34.152218,-118.14821,FAIR OAKS 1,25.4
2025-01-07 21:00:00,717632,210,W,HV,63,64.9,63,64.9,,,,,,,,,,,34.152218,-118.14821,FAIR OAKS 1,25.4
2025-01-07 21:00:00,717634,210,W,ML,294,47.7,63,52.5,67,49.6,59,45.9,54,44.4,51,45.0,,,34.15195,-118.13555,LAKE 1,26.12
2025-01-07 21:00:00,717637,210,W,ML,290,51.4,60,67.6,60,62.7,59,47.6,52,36.8,59,40.3,,,34.152357,-118.123714,HILL,26.8
2025-01-07 21:00:00,717642,210,W,ML,259,53.8,50,64.8,62,58.0,47,48.7,43,38.0,57,55.9,,,34.1527,-118.102255,ALTADENA,28.03
2025-01-07 21:00:00,717643,210,W,HV,11,64.5,11,64.5,,,,,,,,,,,34.1527,-118.102255,ALTADENA,28.03
2025-01-07 21:00:00,717644,210,W,ML,277,48.8,62,62.5,65,57.2,54,44.3,50,35.4,46,38.1,,,34.152727,-118.098063,SAN GABRIEL,28.27
2025-01-07 21:00:00,717645,210,W,HV,12,63.7,12,63.7,,,,,,,,,,,34.152727,-118.098063,SAN GABRIEL,28.27
2025-01-07 21:00:00,717649,210,W,ML,237,55.0,62,64.6,63,62.3,45,36.8,48,51.5,19,51.0,,,34.148074,-118.08377,SIERRA MADRE V1,29.17
2025-01-07 21:00:00,717653,210,W,ML,185,53.5,50,54.0,50,53.1,39,52.6,31,53.8,15,54.2,,,34.148737,-118.071321,ROSEMEAD 1,29.879
2025-01-07 21:00:00,761318,210,W,HV,63,64.9,63,64.9,,,,,,,,,,,34.15195,-118.13555,LAKE 1,26.12
2025-01-07 21:00:00,761322,210,W,HV,14,64.6,14,64.6,,,,,,,,,,,34.152357,-118.123714,HILL,26.8
2025-01-07 21:00:00,761325,210,W,HV,5,64.2,5,64.2,,,,,,,,,,,34.148074,-118.08377,SIERRA MADRE V1,29.17
2025-01-07 21:00:00,761431,210,W,HV,63,64.9,63,64.9,,,,,,,,,,,34.148737,-118.071321,ROSEMEAD 1,29.879
2025-01-07 21:00:00,764135,210,W,HV,63,64.9,63,64.9,,,,,,,,,,,34.152092,-118.143249,MARENGO,25.68
2025-01-07 21:00:00,764137,210,W,ML,476,67.9,81,73.6,94,71.2,82,69.3,84,66.6,76,62.1,59,62.1,34.152092,-118.143249,MARENGO,25.68
2025-01-07 21:00:00,769807,210,W,ML,175,50.5,20,69.9,50,51.3,54,47.1,51,45.8,,,,,34.197068,-118.184827,FOOTHILL,20.98
2025-01-07 21:00:00,769867,210,W,ML,154,53.4,38,68.4,45,62.9,35,44.4,36,34.3,,,,,34.218652,-118.239558,LA CRESCENTA,17.38
2025-01-07 21:00:00,769911,210,W,ML,153,48.9,28,70.8,41,45.9,30,48.5,24,34.7,30,44.2,,,34.224897,-118.251344,PENNSYLVANIA,16.58
2025-01-07 21:00:00,769926,210,W,ML,252,47.1,47,50.6,51,47.9,43,45.2,38,44.0,36,45.5,37,48.5,34.214462,-118.232443,OCEAN VIEW,17.88
2025-01-07 21:00:00,769941,210,W,ML,150,55.8,20,72.9,60,63.7,40,39.8,30,49.9,,,,,34.207101,-118.204943,ANGELES CREST HWY SB,19.58
2025-01-07 21:00:00,769953,210,W,ML,200,55.7,40,64.6,90,59.8,60,47.7,10,30.3,,,,,34.206998,-118.201441,ANGELES CREST HWY NB,19.78
2025-01-07 21:00:00,769965,210,W,ML,92,51.5,36,68.9,5,71.0,33,41.9,18,28.7,,,,,34.232554,-118.271772,HONOLULU,15.28
2025-01-07 21:00:00,769983,210,W,ML,292,49.2,85,45.6,99,54.5,56,47.9,52,46.4,,,,,34.203186,-118.191671,GOULD,20.4
2025-01-07 21:00:00,770000,210,W,ML,222,50.5,55,54.3,61,51.8,55,48.6,51,47.0,,,,,34.19198,-118.181214,BERKSHIRE,21.39
2025-01-07 21:00:00,770129,210,W,ML,122,58.7,32,70.6,40,64.9,26,56.2,24,35.4,,,,,34.234984,-118.290562,LA TUNA CANYON NB,14.18
2025-01-07 21:00:00,770141,210,W,ML,87,57.3,21,65.0,34,63.4,8,65.3,24,39.2,,,,,34.234987,-118.294031,LA TUNA CANYON SB,13.98
2025-01-07 21:00:00,770386,210,W,ML,167,54.1,41,58.9,47,55.9,41,51.5,38,49.6,,,,,34.207155,-118.2137,EB/NB 2 TO EB 210 CN,19.08
2025-01-07 21:00:00,770401,210,W,ML,345,67.1,72,72.7,105,69.0,92,65.5,76,61.1,,,,,34.211095,-118.225948,EB/NB 2 TO WB 210 CN,18.32
2025-01-07 21:00:00,770568,210,W,ML,148,50.6,11,74.5,29,70.1,48,46.7,60,39.9,,,,,34.165953,-118.157943,HAMMOND ST.,23.79
2025-01-07 21:00:00,770579,210,W,ML,117,51.3,33,64.1,34,43.9,36,43.6,14,58.7,,,,,34.156597,-118.157944,WINONA WAY,24.442
2025-01-07 21:05:00,717615,210,W,ML,86,15.3,20,16.6,27,14.8,22,14.0,17,15.9,,,,,34.182539,-118.171545,ARROYO 1,22.3
2025-01-07 21:05:00,717622,210,W,ML,140,8.2,90,11.1,30,3.0,10,3.0,10,3.0,,,,,34.176273,-118.161942,LINCOLN 1,23.0
2025-01-07 21:05:00,717624,210,W,ML,205,45.6,43,49.9,48,47.1,42,43.4,37,42.5,35,43.9,,,34.164368,-118.158093,MOUNTAIN 1,23.9
2025-01-07 21:05:00,717627,210,W,ML,101,50.2,48,51.7,53,48.9,,,,,,,,,34.15225,-118.154678,WALNUT,24.9
2025-01-07 21:05:00,717630,210,W,ML,63,65.0,13,70.5,19,66.9,17,63.5,14,59.2,,,,,34.152218,-118.14821,FAIR OAKS 1,25.4
2025-01-07 21:05:00,717632,210,W,HV,62,65.0,62,65.0,,,,,,,,,,,34.152218,-118.14821,FAIR OAKS 1,25.4
2025-01-07 21:05:00,717634,210,W,ML,256,43.5,55,47.9,60,45.1,53,41.5,47,40.5,41,41.3,,,34.15195,-118.13555,LAKE 1,26.12
2025-01-07 21:05:00,717637,210,W,ML,244,47.7,70,60.9,50,57.4,37,44.4,45,32.7,42,32.9,,,34.152357,-118.123714,HILL,26.8
2025-01-07 21:05:00,717642,210,W,ML,258,54.5,63,66.9,47,60.1,43,49.6,43,39.8,62,51.4,,,34.1527,-118.102255,ALTADENA,28.03
2025-01-07 21:05:00,717643,210,W,HV,12,64.4,12,64.4,,,,,,,,,,,34.1527,-118.102255,ALTADENA,28.03
2025-01-07 21:05:00,717644,210,W,ML,267,49.4,62,64.3,53,56.6,54,46.8,55,37.7,43,37.5,,,34.152727,-118.098063,SAN GABRIEL,28.27
2025-01-07 21:05:00,717645,210,W,HV,15,64.2,15,64.2,,,,,,,,,,,34.152727,-118.098063,SAN GABRIEL,28.27
2025-01-07 21:05:00,717649,210,W,ML,229,55.2,58,65.9,57,61.4,41,37.8,49,51.9,24,50.8,,,34.148074,-118.08377,SIERRA MADRE V1,29.17
2025-01-07 21:05:00,717653,210,W,ML,168,53.3,46,53.8,46,52.9,35,52.4,28,53.7,13,54.2,,,34.148737,-118.071321,ROSEMEAD 1,29.879
2025-01-07 21:05:00,761318,210,W,HV,62,65.0,62,65.0,,,,,,,,,,,34.15195,-118.13555,LAKE 1,26.12
2025-01-07 21:05:00,761322,210,W,HV,17,64.1,17,64.1,,,,,,,,,,,34.152357,-118.123714,HILL,26.8
2025-01-07 21:05:00,761325,210,W,HV,8,64.4,8,64.4,,,,,,,,,,,34.148074,-118.08377,SIERRA MADRE V1,29.17
2025-01-07 21:05:00,761431,210,W,HV,62,65.0,62,65.0,,,,,,,,,,,34.148737,-118.071321,ROSEMEAD 1,29.879
2025-01-07 21:05:00,764135,210,W,HV,62,65.0,62,65.0,,,,,,,,,,,34.152092,-118.143249,MARENGO,25.68
2025-01-07 21:05:00,764137,210,W,ML,477,68.7,81,74.5,94,72.1,82,70.1,84,67.4,77,62.8,59,62.8,34.152092,-118.143249,MARENGO,25.68
2025-01-07 21:05:00,769807,210,W,ML,175,51.9,20,71.4,50,53.0,54,48.4,51,47.0,,,,,34.197068,-118.184827,FOOTHILL,20.98
2025-01-07 21:05:00,769867,210,W,ML,131,57.1,34,70.0,42,62.8,27,50.0,28,39.9,,,,,34.218652,-118.239558,LA CRESCENTA,17.38
2025-01-07 21:05:00,769911,210,W,ML,148,51.4,26,72.4,36,47.9,28,54.3,31,40.4,27,45.3,,,34.224897,-118.251344,PENNSYLVANIA,16.58
2025-01-07 21:05:00,769926,210,W,ML,213,51.0,39,55.3,44,52.4,37,49.2,31,47.7,31,48.8,31,51.2,34.214462,-118.232443,OCEAN VIEW,17.88
2025-01-07 21:05:00,769941,210,W,ML,150,56.0,20,72.9,60,62.3,40,38.2,30,55.7,,,,,34.207101,-118.204943,ANGELES CREST HWY SB,19.58
2025-01-07 21:05:00,769953,210,W,ML,200,54.1,40,63.1,90,58.6,60,45.9,10,27.1,,,,,34.206998,-118.201441,ANGELES CREST HWY NB,19.78
2025-01-07 21:05:00,769965,210,W,ML,74,51.8,31,70.4,4,71.4,26,39.7,13,25.8,,,,,34.232554,-118.271772,HONOLULU,15.28
2025-01-07 21:05:00,769983,210,W,ML,292,48.4,85,44.1,99,53.6,56,47.8,52,46.4,,,,,34.203186,-118.191671,GOULD,20.4
2025-01-07 21:05:00,770000,210,W,ML,222,51.7,55,55.7,61,53.0,55,49.8,51,48.1,,,,,34.19198,-118.181214,BERKSHIRE,21.39
2025-01-07 21:05:00,770129,210,W,ML,124,57.3,35,70.6,40,66.6,30,45.7,19,31.5,,,,,34.234984,-118.290562,LA TUNA CANYON NB,14.18
2025-01-07 21:05:00,770141,210,W,ML,78,54.6,17,66.7,30,62.7,8,65.0,23,31.3,,,,,34.234987,-118.294031,LA TUNA CANYON SB,13.98
2025-01-07 21:05:00,770386,210,W,ML,167,58.3,41,63.0,47,59.9,41,55.8,38,53.6,,,,,34.207155,-118.2137,EB/NB 2 TO EB 210 CN,19.08
2025-01-07 21:05:00,770401,210,W,ML,347,67.7,73,73.4,105,69.7,93,66.1,76,61.6,,,,,34.211095,-118.225948,EB/NB 2 TO WB 210 CN,18.32
2025-01-07 21:05:00,770568,210,W,ML,99,45.0,9,74.7,17,70.5,36,34.8,37,36.0,,,,,34.165953,-118.157943,HAMMOND ST.,23.79
2025-01-07 21:05:00,770579,210,W,ML,160,49.4,46,60.4,47,38.7,47,45.7,20,58.0,,,,,34.156597,-118.157944,WINONA WAY,24.442
2025-01-07 21:10:00,717615,210,W,ML,86,15.3,20,16.6,27,14.8,22,14.0,17,15.9,,,,,34.182539,-118.171545,ARROYO 1,22.3
2025-01-07 21:10:00,717622,210,W,ML,140,8.2,90,11.1,30,3.0,10,3.0,10,3.0,,,,,34.176273,-118.161942,LINCOLN 1,23.0
2025-01-07 21:10:00,717624,210,W,ML,182,51.2,32,56.2,42,53.3,38,49.7,35,48.1,35,48.8,,,34.164368,-118.158093,MOUNTAIN 1,23.9
2025-01-07 21:10:00,717627,210,W,ML,71,55.6,32,57.3,39,54.3,,,,,,,,,34.15225,-118.154678,WALNUT,24.9
2025-01-07 21:10:00,717630,210,W,ML,61,65.1,13,70.5,19,66.9,16,63.5,13,59.2,,,,,34.152218,-118.14821,FAIR OAKS 1,25.4
2025-01-07 21:10:00,717632,210,W,HV,61,65.0,61,65.0,,,,,,,,,,,34.152218,-118.14821,FAIR OAKS 1,25.4
2025-01-07 21:10:00,717634,210,W,ML,205,30.6,40,33.9,47,31.4,41,28.6,39,28.6,38,30.6,,,34.15195,-118.13555,LAKE 1,26.12
2025-01-07 21:10:00,717637,210,W,ML,193,26.8,51,34.2,37,32.9,34,24.2,20,17.4,51,20.5,,,34.152357,-118.123714,HILL,26.8
2025-01-07 21:10:00,717642,210,W,ML,203,52.6,37,68.5,43,61.0,38,46.7,36,38.0,49,48.5,,,34.1527,-118.102255,ALTADENA,28.03
2025-01-07 21:10:00,717643,210,W,HV,11,64.3,11,64.3,,,,,,,,,,,34.1527,-118.102255,ALTADENA,28.03
2025-01-07 21:10:00,717644,210,W,ML,230,45.9,45,56.7,55,52.6,44,44.3,50,36.4,36,37.2,,,34.152727,-118.098063,SAN GABRIEL,28.27
2025-01-07 21:10:00,717645,210,W,HV,16,61.8,16,61.8,,,,,,,,,,,34.152727,-118.098063,SAN GABRIEL,28.27
2025-01-07 21:10:00,717649,210,W,ML,232,52.9,50,64.2,61,57.6,48,41.4,45,51.3,28,44.5,,,34.148074,-118.08377,SIERRA MADRE V1,29.17
2025-01-07 21:10:00,717653,210,W,ML,198,48.1,54,47.6,53,47.0,41,47.2,33,50.1,17,51.2,,,34.148737,-118.071321,ROSEMEAD 1,29.879
2025-01-07 21:10:00,761318,210,W,HV,61,65.0,61,65.0,,,,,,,,,,,34.15195,-118.13555,LAKE 1,26.12
2025-01-07 21:10:00,761322,210,W,HV,39,46.9,39,46.9,,,,,,,,,,,34.152357,-118.123714,HILL,26.8
2025-01-07 21:10:00,761325,210,W,HV,11,64.6,11,64.6,,,,,,,,,,,34.148074,-118.08377,SIERRA MADRE V1,29.17
2025-01-07 21:10:00,761431,210,W,HV,61,65.0,61,65.0,,,,,,,,,,,34.148737,-118.071321,ROSEMEAD 1,29.879
2025-01-07 21:10:00,764135,210,W,HV,61,65.0,61,65.0,,,,,,,,,,,34.152092,-118.143249,MARENGO,25.68
2025-01-07 21:10:00,764137,210,W,ML,479,69.1,81,75.0,95,72.5,82,70.5,84,67.8,77,63.2,60,63.2,34.152092,-118.143249,MARENGO,25.68
2025-01-07 21:10:00,769807,210,W,ML,175,52.7,20,72.2,50,53.9,54,49.1,51,47.6,,,,,34.197068,-118.184827,FOOTHILL,20.98
2025-01-07 21:10:00,769867,210,W,ML,146,54.8,29,71.1,40,65.3,38,50.7,39,35.8,,,,,34.218652,-118.239558,LA CRESCENTA,17.38
2025-01-07 21:10:00,769911,210,W,ML,176,49.3,29,71.8,46,46.9,34,47.7,34,39.1,33,45.0,,,34.224897,-118.251344,PENNSYLVANIA,16.58
2025-01-07 21:10:00,769926,210,W,ML,265,51.4,47,55.8,54,52.9,46,49.7,40,48.1,39,49.2,39,51.5,34.214462,-118.232443,OCEAN VIEW,17.88
2025-01-07 21:10:00,769941,210,W,ML,150,56.1,20,72.9,60,61.6,40,37.4,30,58.6,,,,,34.207101,-118.204943,ANGELES CREST HWY SB,19.58
2025-01-07 21:10:00,769953,210,W,ML,200,53.3,40,62.3,90,58.0,60,45.0,10,25.5,,,,,34.206998,-118.201441,ANGELES CREST HWY NB,19.78
2025-01-07 21:10:00,769965,210,W,ML,93,49.6,33,70.5,2,71.0,35,43.2,23,27.6,,,,,34.232554,-118.271772,HONOLULU,15.28
2025-01-07 21:10:00,769983,210,W,ML,292,48.0,85,43.3,99,53.1,56,47.8,52,46.3,,,,,34.203186,-118.191671,GOULD,20.4
2025-01-07 21:10:00,770000,210,W,ML,222,52.4,55,56.4,61,53.7,55,50.4,51,48.6,,,,,34.19198,-118.181214,BERKSHIRE,21.39
2025-01-07 21:10:00,770129,210,W,ML,136,57.6,34,70.3,46,64.9,35,51.9,21,30.3,,,,,34.234984,-118.290562,LA TUNA CANYON NB,14.18
2025-01-07 21:10:00,770141,210,W,ML,92,55.1,22,65.0,35,62.5,9,65.0,26,33.3,,,,,34.234987,-118.294031,LA TUNA CANYON SB,13.98
2025-01-07 21:10:00,770386,210,W,ML,167,57.7,41,62.5,47,59.4,41,55.3,38,53.2,,,,,34.207155,-118.2137,EB/NB 2 TO EB 210 CN,19.08
2025-01-07 21:10:00,770401,210,W,ML,352,67.9,74,73.6,107,69.9,94,66.3,77,61.8,,,,,34.211095,-118.225948,EB/NB 2 TO WB 210 CN,18.32
2025-01-07 21:10:00,770568,210,W,ML,118,50.0,13,74.6,24,70.1,39,41.4,42,39.0,,,,,34.165953,-118.157943,HAMMOND ST.,23.79
2025-01-07 21:10:00,770579,210,W,ML,106,57.2,37,63.9,23,52.2,31,52.4,15,58.3,,,,,34.156597,-118.157944,WINONA WAY,24.442
2025-01-07 21:15:00,717615,210,W,ML,86,15.3,20,16.6,27,14.8,22,14.0,17,15.9,,,,,34.182539,-118.171545,ARROYO 1,22.3
2025-01-07 21:15:00,717622,210,W,ML,140,8.2,90,11.1,30,3.0,10,3.0,10,3.0,,,,,34.176273,-118.161942,LINCOLN 1,23.0
2025-01-07 21:15:00,717624,210,W,ML,215,52.3,43,57.0,50,54.1,44,50.7,40,48.9,38,49.8,,,34.164368,-118.158093,MOUNTAIN 1,23.9
2025-01-07 21:15:00,717627,210,W,ML,90,54.3,41,55.7,49,53.1,,,,,,,,,34.15225,-118.154678,WALNUT,24.9
2025-01-07 21:15:00,717630,210,W,ML,60,65.1,13,70.5,18,66.9,16,63.5,13,59.2,,,,,34.152218,-118.14821,FAIR OAKS 1,25.4
2025-01-07 21:15:00,717632,210,W,HV,60,65.0,60,65.0,,,,,,,,,,,34.152218,-118.14821,FAIR OAKS 1,25.4
2025-01-07 21:15:00,717634,210,W,ML,175,23.9,36,26.6,43,24.3,37,21.4,32,22.6,27,24.7,,,34.15195,-118.13555,LAKE 1,26.12
2025-01-07 21:15:00,717637,210,W,ML,129,15.9,25,19.2,39,19.4,25,14.9,16,10.3,24,11.3,,,34.152357,-118.123714,HILL,26.8
2025-01-07 21:15:00,717642,210,W,ML,302,48.7,80,60.2,57,53.9,48,45.7,47,37.9,70,40.7,,,34.1527,-118.102255,ALTADENA,28.03
2025-01-07 21:15:00,717643,210,W,HV,18,59.0,18,59.0,,,,,,,,,,,34.1527,-118.102255,ALTADENA,28.03
2025-01-07 21:15:00,717644,210,W,ML,316,45.5,84,56.7,60,51.3,63,44.1,58,36.0,51,32.5,,,34.152727,-118.098063,SAN GABRIEL,28.27
2025-01-07 21:15:00,717645,210,W,HV,9,63.1,9,63.1,,,,,,,,,,,34.152727,-118.098063,SAN GABRIEL,28.27
2025-01-07 21:15:00,717649,210,W,ML,270,54.0,65,66.7,66,58.8,51,42.8,53,50.7,35,42.5,,,34.148074,-118.08377,SIERRA MADRE V1,29.17
2025-01-07 21:15:00,717653,210,W,ML,212,47.4,57,45.6,57,45.2,44,48.1,35,50.8,19,51.4,,,34.148737,-118.071321,ROSEMEAD 1,29.879
2025-01-07 21:15:00,761318,210,W,HV,60,65.0,60,65.0,,,,,,,,,,,34.15195,-118.13555,LAKE 1,26.12
2025-01-07 21:15:00,761322,210,W,HV,16,25.5,16,25.5,,,,,,,,,,,34.152357,-118.123714,HILL,26.8
2025-01-07 21:15:00,761325,210,W,HV,6,64.7,6,64.7,,,,,,,,,,,34.148074,-118.08377,SIERRA MADRE V1,29.17
2025-01-07 21:15:00,761431,210,W,HV,60,65.0,60,65.0,,,,,,,,,,,34.148737,-118.071321,ROSEMEAD 1,29.879
2025-01-07 21:15:00,764135,210,W,HV,60,65.0,60,65.0,,,,,,,,,,,34.152092,-118.143249,MARENGO,25.68
2025-01-07 21:15:00,764137,210,W,ML,482,69.4,82,75.3,95,72.8,83,70.9,85,68.1,77,63.5,60,63.5,34.152092,-118.143249,MARENGO,25.68
2025-01-07 21:15:00,769807,210,W,ML,175,53.0,20,72.6,50,54.3,54,49.4,51,47.9,,,,,34.197068,-118.184827,FOOTHILL,20.98
2025-01-07 21:15:00,769867,210,W,ML,132,53.9,33,70.3,31,64.6,29,45.9,39,37.6,,,,,34.218652,-118.239558,LA CRESCENTA,17.38
2025-01-07 21:15:00,769911,210,W,ML,149,49.3,25,73.2,42,49.3,19,45.2,34,38.3,29,44.5,,,34.224897,-118.251344,PENNSYLVANIA,16.58
2025-01-07 21:15:00,769926,210,W,ML,240,47.9,39,51.8,47,49.1,42,46.3,39,45.0,39,46.3,34,49.2,34.214462,-118.232443,OCEAN VIEW,17.88
2025-01-07 21:15:00,769941,210,W,ML,150,56.1,20,72.9,60,61.3,40,37.0,30,60.0,,,,,34.207101,-118.204943,ANGELES CREST HWY SB,19.58
2025-01-07 21:15:00,769953,210,W,ML,200,53.0,40,61.9,90,57.7,60,44.6,10,24.7,,,,,34.206998,-118.201441,ANGELES CREST HWY NB,19.78
2025-01-07 21:15:00,769965,210,W,ML,79,49.4,20,72.4,3,70.9,30,48.2,26,30.6,,,,,34.232554,-118.271772,HONOLULU,15.28
2025-01-07 21:15:00,769983,210,W,ML,292,47.8,85,42.9,99,52.9,56,47.8,52,46.3,,,,,34.203186,-118.191671,GOULD,20.4
2025-01-07 21:15:00,770000,210,W,ML,222,52.7,55,56.7,61,54.0,55,50.6,51,48.9,,,,,34.19198,-118.181214,BERKSHIRE,21.39
2025-01-07 21:15:00,770129,210,W,ML,122,54.7,22,71.2,39,64.4,38,49.1,23,31.7,,,,,34.234984,-118.290562,LA TUNA CANYON NB,14.18
2025-01-07 21:15:00,770141,210,W,ML,102,54.8,26,64.5,38,62.8,10,65.0,28,31.5,,,,,34.234987,-118.294031,LA TUNA CANYON SB,13.98
2025-01-07 21:15:00,770386,210,W,ML,167,57.5,41,62.2,47,59.2,41,55.1,38,53.0,,,,,34.207155,-118.2137,EB/NB 2 TO EB 210 CN,19.08
2025-01-07 21:15:00,770401,210,W,ML,353,68.1,74,73.8,107,70.1,95,66.5,77,62.0,,,,,34.211095,-118.225948,EB/NB 2 TO WB 210 CN,18.32
2025-01-07 21:15:00,770568,210,W,ML,130,56.4,20,74.8,29,69.0,43,53.7,38,40.3,,,,,34.165953,-118.157943,HAMMOND ST.,23.79
2025-01-07 21:15:00,770579,210,W,ML,130,51.3,30,66.8,34,53.1,63,42.5,3,60.3,,,,,34.156597,-118.157944,WINONA WAY,24.442
2025-01-07 21:20:00,717615,210,W,ML,86,15.3,20,16.6,27,14.8,22,14.0,17,15.9,,,,,34.182539,-118.171545,ARROYO 1,22.3
2025-01-07 21:20:00,717622,210,W,ML,140,8.2,90,11.1,30,3.0,10,3.0,10,3.0,,,,,34.176273,-118.161942,LINCOLN 1,23.0
2025-01-07 21:20:00,717624,210,W,ML,163,50.5,32,55.5,38,52.6,33,48.7,31,47.2,29,48.0,,,34.164368,-118.158093,MOUNTAIN 1,23.9
2025-01-07 21:20:00,717627,210,W,ML,69,51.3,32,52.8,37,50.0,,,,,,,,,34.15225,-118.154678,WALNUT,24.9
2025-01-07 21:20:00,717630,210,W,ML,59,65.1,12,70.6,18,67.0,16,63.6,13,59.2,,,,,34.152218,-118.14821,FAIR OAKS 1,25.4
2025-01-07 21:20:00,717632,210,W,HV,59,65.1,59,65.1,,,,,,,,,,,34.152218,-118.14821,FAIR OAKS 1,25.4
2025-01-07 21:20:00,717634,210,W,ML,188,20.1,41,21.9,47,20.3,40,17.7,33,19.3,27,21.7,,,34.15195,-118.13555,LAKE 1,26.12
2025-01-07 21:20:00,717637,210,W,ML,145,9.5,16,11.2,53,12.0,26,8.7,27,6.8,23,6.4,,,34.152357,-118.123714,HILL,26.8
2025-01-07 21:20:00,717642,210,W,ML,277,49.2,57,62.2,61,54.0,50,47.3,50,40.4,59,40.8,,,34.1527,-118.102255,ALTADENA,28.03
2025-01-07 21:20:00,717643,210,W,HV,12,61.4,12,61.4,,,,,,,,,,,34.1527,-118.102255,ALTADENA,28.03
2025-01-07 21:20:00,717644,210,W,ML,292,46.3,64,57.6,64,51.2,66,47.6,49,36.3,49,33.3,,,34.152727,-118.098063,SAN GABRIEL,28.27
2025-01-07 21:20:00,717645,210,W,HV,13,63.8,13,63.8,,,,,,,,,,,34.152727,-118.098063,SAN GABRIEL,28.27
2025-01-07 21:20:00,717649,210,W,ML,275,54.4,65,65.9,68,59.4,54,43.8,53,51.6,35,43.9,,,34.148074,-118.08377,SIERRA MADRE V1,29.17
2025-01-07 21:20:00,717653,210,W,ML,224,48.3,61,47.0,60,46.5,46,48.7,37,51.2,20,51.8,,,34.148737,-118.071321,ROSEMEAD 1,29.879
2025-01-07 21:20:00,761318,210,W,HV,59,65.1,59,65.1,,,,,,,,,,,34.15195,-118.13555,LAKE 1,26.12
2025-01-07 21:20:00,761322,210,W,HV,23,14.0,23,14.0,,,,,,,,,,,34.152357,-118.123714,HILL,26.8
2025-01-07 21:20:00,761325,210,W,HV,10,64.7,10,64.7,,,,,,,,,,,34.148074,-118.08377,SIERRA MADRE V1,29.17
2025-01-07 21:20:00,761431,210,W,HV,59,65.1,59,65.1,,,,,,,,,,,34.148737,-118.071321,ROSEMEAD 1,29.879
2025-01-07 21:20:00,764135,210,W,HV,59,65.1,59,65.1,,,,,,,,,,,34.152092,-118.143249,MARENGO,25.68
2025-01-07 21:20:00,764137,210,W,ML,481,69.6,81,75.5,95,73.0,83,71.1,85,68.3,77,63.7,60,63.7,34.152092,-118.143249,MARENGO,25.68
2025-01-07 21:20:00,769807,210,W,ML,175,53.2,20,72.8,50,54.5,54,49.6,51,48.0,,,,,34.197068,-118.184827,FOOTHILL,20.98
2025-01-07 21:20:00,769867,210,W,ML,142,53.0,32,70.7,35,62.9,38,44.4,37,37.2,,,,,34.218652,-118.239558,LA CRESCENTA,17.38
2025-01-07 21:20:00,769911,210,W,ML,172,49.8,36,71.0,44,48.1,31,46.0,30,36.5,31,44.3,,,34.224897,-118.251344,PENNSYLVANIA,16.58
2025-01-07 21:20:00,769926,210,W,ML,247,47.0,42,50.6,50,47.9,44,45.2,38,44.0,37,45.5,36,48.5,34.214462,-118.232443,OCEAN VIEW,17.88
2025-01-07 21:20:00,769941,210,W,ML,150,56.1,20,72.9,60,61.1,40,36.8,30,60.7,,,,,34.207101,-118.204943,ANGELES CREST HWY SB,19.58
2025-01-07 21:20:00,769953,210,W,ML,200,52.8,40,61.7,90,57.6,60,44.4,10,24.3,,,,,34.206998,-118.201441,ANGELES CREST HWY NB,19.78
2025-01-07 21:20:00,769965,210,W,ML,80,58.4,34,71.0,5,70.9,32,49.4,9,36.2,,,,,34.232554,-118.271772,HONOLULU,15.28
2025-01-07 21:20:00,769983,210,W,ML,292,47.8,85,42.8,99,52.8,56,47.8,52,46.3,,,,,34.203186,-118.191671,GOULD,20.4
2025-01-07 21:20:00,770000,210,W,ML,222,52.8,55,56.9,61,54.2,55,50.8,51,49.0,,,,,34.19198,-118.181214,BERKSHIRE,21.39
2025-01-07 21:20:00,770129,210,W,ML,137,55.7,34,70.8,52,62.7,32,44.9,19,27.5,,,,,34.234984,-118.290562,LA TUNA CANYON NB,14.18
2025-01-07 21:20:00,770141,210,W,ML,83,52.5,19,62.8,32,61.8,8,64.8,24,27.8,,,,,34.234987,-118.294031,LA TUNA CANYON SB,13.98
2025-01-07 21:20:00,770386,210,W,ML,167,57.4,41,62.1,47,59.0,41,55.0,38,52.9,,,,,34.207155,-118.2137,EB/NB 2 TO EB 210 CN,19.08
2025-01-07 21:20:00,770401,210,W,ML,352,68.2,74,73.9,107,70.2,94,66.6,77,62.1,,,,,34.211095,-118.225948,EB/NB 2 TO WB 210 CN,18.32
2025-01-07 21:20:00,770568,210,W,ML,95,52.1,20,72.9,5,69.7,31,40.4,39,48.4,,,,,34.165953,-118.157943,HAMMOND ST.,23.79
2025-01-07 21:20:00,770579,210,W,ML,150,51.6,36,63.5,66,44.9,27,47.1,21,58.3,,,,,34.156597,-118.157944,WINONA WAY,24.442
2025-01-07 21:25:00,717615,210,W,ML,86,15.3,20,16.6,27,14.8,22,14.0,17,15.9,,,,,34.182539,-118.171545,ARROYO 1,22.3
2025-01-07 21:25:00,717622,210,W,ML,140,8.2,90,11.1,30,3.0,10,3.0,10,3.0,,,,,34.176273,-118.161942,LINCOLN 1,23.0
2025-01-07 21:25:00,717624,210,W,ML,180,53.6,34,59.1,41,56.1,37,52.0,35,50.2,33,50.7,,,34.164368,-118.158093,MOUNTAIN 1,23.9
2025-01-07 21:25:00,717627,210,W,ML,53,58.6,23,60.3,30,57.3,,,,,,,,,34.15225,-118.154678,WALNUT,24.9
2025-01-07 21:25:00,717630,210,W,ML,59,65.1,12,70.6,18,67.0,16,63.6,13,59.2,,,,,34.152218,-118.14821,FAIR OAKS 1,25.4
2025-01-07 21:25:00,717632,210,W,HV,59,65.1,59,65.1,,,,,,,,,,,34.152218,-118.14821,FAIR OAKS 1,25.4
2025-01-07 21:25:00,717634,210,W,ML,152,17.7,31,19.0,38,17.4,32,15.5,27,17.3,24,19.9,,,34.15195,-118.13555,LAKE 1,26.12
2025-01-07 21:25:00,717637,210,W,ML,99,6.3,9,8.9,37,7.6,30,5.8,17,4.0,6,3.7,,,34.152357,-118.123714,HILL,26.8
2025-01-07 21:25:00,717642,210,W,ML,231,52.1,49,66.0,43,60.1,42,49.5,41,40.9,56,44.0,,,34.1527,-118.102255,ALTADENA,28.03
2025-01-07 21:25:00,717643,210,W,HV,7,63.0,7,63.0,,,,,,,,,,,34.1527,-118.102255,ALTADENA,28.03
2025-01-07 21:25:00,717644,210,W,ML,257,47.6,47,61.0,48,55.3,54,48.3,63,38.6,45,37.1,,,34.152727,-118.098063,SAN GABRIEL,28.27
2025-01-07 21:25:00,717645,210,W,HV,8,64.2,8,64.2,,,,,,,,,,,34.152727,-118.098063,SAN GABRIEL,28.27
2025-01-07 21:25:00,717649,210,W,ML,217,54.7,44,69.1,48,61.5,45,42.6,46,52.4,34,45.6,,,34.148074,-118.08377,SIERRA MADRE V1,29.17
2025-01-07 21:25:00,717653,210,W,ML,188,48.9,52,48.7,51,48.0,39,48.0,31,50.7,15,51.7,,,34.148737,-118.071321,ROSEMEAD 1,29.879
2025-01-07 21:25:00,761318,210,W,HV,59,65.1,59,65.1,,,,,,,,,,,34.15195,-118.13555,LAKE 1,26.12
2025-01-07 21:25:00,761322,210,W,HV,11,11.0,11,11.0,,,,,,,,,,,34.152357,-118.123714,HILL,26.8
2025-01-07 21:25:00,761325,210,W,HV,6,64.7,6,64.7,,,,,,,,,,,34.148074,-118.08377,SIERRA MADRE V1,29.17
2025-01-07 21:25:00,761431,210,W,HV,59,65.1,59,65.1,,,,,,,,,,,34.148737,-118.071321,ROSEMEAD 1,29.879
2025-01-07 21:25:00,764135,210,W,HV,59,65.1,59,65.1,,,,,,,,,,,34.152092,-118.143249,MARENGO,25.68
2025-01-07 21:25:00,764137,210,W,ML,465,69.6,79,75.5,92,73.0,80,71.1,82,68.3,74,63.7,58,63.7,34.152092,-118.143249,MARENGO,25.68
2025-01-07 21:25:00,769807,210,W,ML,175,53.3,20,72.9,50,54.6,54,49.7,51,48.1,,,,,34.197068,-118.184827,FOOTHILL,20.98
2025-01-07 21:25:00,769867,210,W,ML,116,55.8,22,72.0,35,65.6,31,47.0,28,40.7,,,,,34.218652,-118.239558,LA CRESCENTA,17.38
2025-01-07 21:25:00,769911,210,W,ML,149,51.2,26,71.5,40,48.5,22,54.8,33,41.3,28,45.2,,,34.224897,-118.251344,PENNSYLVANIA,16.58
2025-01-07 21:25:00,769926,210,W,ML,215,48.9,39,52.8,44,50.0,37,47.0,33,45.7,31,47.0,31,49.8,34.214462,-118.232443,OCEAN VIEW,17.88
2025-01-07 21:25:00,769941,210,W,ML,150,56.1,20,72.9,60,61.0,40,36.7,30,61.1,,,,,34.207101,-118.204943,ANGELES CREST HWY SB,19.58
2025-01-07 21:25:00,769953,210,W,ML,200,52.7,40,61.6,90,57.5,60,44.3,10,24.1,,,,,34.206998,-118.201441,ANGELES CREST HWY NB,19.78
2025-01-07 21:25:00,769965,210,W,ML,80,55.0,30,70.8,10,71.0,30,42.5,10,29.1,,,,,34.232554,-118.271772,HONOLULU,15.28
2025-01-07 21:25:00,769983,210,W,ML,292,47.7,85,42.7,99,52.7,56,47.8,52,46.3,,,,,34.203186,-118.191671,GOULD,20.4
2025-01-07 21:25:00,770000,210,W,ML,222,52.9,55,56.9,61,54.2,55,50.8,51,49.1,,,,,34.19198,-118.181214,BERKSHIRE,21.39
2025-01-07 21:25:00,770129,210,W,ML,106,54.5,29,71.0,31,65.0,24,41.9,22,31.7,,,,,34.234984,-118.290562,LA TUNA CANYON NB,14.18
2025-01-07 21:25:00,770141,210,W,ML,80,54.9,18,65.1,32,62.8,8,65.0,22,31.5,,,,,34.234987,-118.294031,LA TUNA CANYON SB,13.98
2025-01-07 21:25:00,770386,210,W,ML,167,57.3,41,62.0,47,58.9,41,54.9,38,52.8,,,,,34.207155,-118.2137,EB/NB 2 TO EB 210 CN,19.08
2025-01-07 21:25:00,770401,210,W,ML,346,68.3,72,74.0,105,70.3,93,66.7,76,62.2,,,,,34.211095,-118.225948,EB/NB 2 TO WB 210 CN,18.32
2025-01-07 21:25:00,770568,210,W,ML,133,55.2,22,73.4,23,70.1,33,44.5,55,48.1,,,,,34.165953,-118.157943,HAMMOND ST.,23.79
2025-01-07 21:25:00,770579,210,W,ML,91,56.5,23,67.7,37,48.7,20,56.1,11,59.7,,,,,34.156597,-118.157944,WINONA WAY,24.442
2025-01-07 21:30:00,717615,210,W,ML,86,15.3,20,16.6,27,14.8,22,14.0,17,15.9,,,,,34.182539,-118.171545,ARROYO 1,22.3
2025-01-07 21:30:00,717622,210,W,ML,140,8.2,90,11.1,30,3.0,10,3.0,10,3.0,,,,,34.176273,-118.161942,LINCOLN 1,23.0
2025-01-07 21:30:00,717624,210,W,ML,206,53.5,41,58.5,48,55.6,42,51.8,39,50.0,36,50.5,,,34.164368,-118.158093,MOUNTAIN 1,23.9
2025-01-07 21:30:00,717627,210,W,ML,82,59.0,38,60.6,44,57.5,,,,,,,,,34.15225,-118.154678,WALNUT,24.9
2025-01-07 21:30:00,717630,210,W,ML,59,65.1,12,70.6,18,67.0,16,63.6,13,59.2,,,,,34.152218,-118.14821,FAIR OAKS 1,25.4
2025-01-07 21:30:00,717632,210,W,HV,58,65.1,58,65.1,,,,,,,,,,,34.152218,-118.14821,FAIR OAKS 1,25.4
2025-01-07 21:30:00,717634,210,W,ML,211,17.1,44,18.6,51,17.0,44,14.7,39,16.6,33,19.2,,,34.15195,-118.13555,LAKE 1,26.12
2025-01-07 21:30:00,717637,210,W,ML,233,6.9,80,9.9,62,7.5,35,4.7,24,3.0,32,3.6,,,34.152357,-118.123714,HILL,26.8
2025-01-07 21:30:00,717642,210,W,ML,204,55.8,46,68.7,38,66.3,38,51.8,38,42.0,44,48.8,,,34.1527,-118.102255,ALTADENA,28.03
2025-01-07 21:30:00,717643,210,W,HV,8,63.9,8,63.9,,,,,,,,,,,34.1527,-118.102255,ALTADENA,28.03
2025-01-07 21:30:00,717644,210,W,ML,239,51.6,52,65.1,47,58.7,54,49.7,48,39.5,38,42.4,,,34.152727,-118.098063,SAN GABRIEL,28.27
2025-01-07 21:30:00,717645,210,W,HV,5,64.6,5,64.6,,,,,,,,,,,34.152727,-118.098063,SAN GABRIEL,28.27
2025-01-07 21:30:00,717649,210,W,ML,228,57.5,51,71.4,53,63.0,51,45.9,45,54.0,28,48.8,,,34.148074,-118.08377,SIERRA MADRE V1,29.17
2025-01-07 21:30:00,717653,210,W,ML,212,51.6,57,51.9,57,51.0,44,50.5,35,52.4,19,53.2,,,34.148737,-118.071321,ROSEMEAD 1,29.879
2025-01-07 21:30:00,761318,210,W,HV,58,65.1,58,65.1,,,,,,,,,,,34.15195,-118.13555,LAKE 1,26.12
2025-01-07 21:30:00,761322,210,W,HV,89,12.4,89,12.4,,,,,,,,,,,34.152357,-118.123714,HILL,26.8
2025-01-07 21:30:00,761325,210,W,HV,5,64.8,5,64.8,,,,,,,,,,,34.148074,-118.08377,SIERRA MADRE V1,29.17
2025-01-07 21:30:00,761431,210,W,HV,58,65.1,58,65.1,,,,,,,,,,,34.148737,-118.071321,ROSEMEAD 1,29.879
2025-01-07 21:30:00,764135,210,W,HV,58,65.1,58,65.1,,,,,,,,,,,34.152092,-118.143249,MARENGO,25.68
2025-01-07 21:30:00,764137,210,W,ML,458,69.8,78,75.7,90,73.2,79,71.3,81,68.5,73,63.8,57,63.8,34.152092,-118.143249,MARENGO,25.68
2025-01-07 21:30:00,769807,210,W,ML,175,53.3,20,72.9,50,54.7,54,49.7,51,48.1,,,,,34.197068,-118.184827,FOOTHILL,20.98
2025-01-07 21:30:00,769867,210,W,ML,100,55.8,14,73.2,30,63.6,28,51.8,28,42.9,,,,,34.218652,-118.239558,LA CRESCENTA,17.38
2025-01-07 21:30:00,769911,210,W,ML,147,50.3,16,73.5,39,50.6,28,48.5,36,45.0,28,45.2,,,34.224897,-118.251344,PENNSYLVANIA,16.58
2025-01-07 21:30:00,769926,210,W,ML,212,52.2,38,56.8,44,53.8,37,50.5,31,48.9,31,49.8,31,52.0,34.214462,-118.232443,OCEAN VIEW,17.88
2025-01-07 21:30:00,769941,210,W,ML,150,56.1,20,72.9,60,61.0,40,36.6,30,61.3,,,,,34.207101,-118.204943,ANGELES CREST HWY SB,19.58
2025-01-07 21:30:00,769953,210,W,ML,200,52.7,40,61.6,90,57.5,60,44.2,10,24.0,,,,,34.206998,-118.201441,ANGELES CREST HWY NB,19.78
2025-01-07 21:30:00,769965,210,W,ML,80,53.2,30,70.7,10,71.0,30,39.1,10,25.6,,,,,34.232554,-118.271772,HONOLULU,15.28
2025-01-07 21:30:00,769983,210,W,ML,292,47.7,85,42.6,99,52.7,56,47.8,52,46.3,,,,,34.203186,-118.191671,GOULD,20.4
2025-01-07 21:30:00,770000,210,W,ML,222,52.9,55,57.0,61,54.3,55,50.9,51,49.1,,,,,34.19198,-118.181214,BERKSHIRE,21.39
2025-01-07 21:30:00,770129,210,W,ML,106,57.6,26,71.9,38,65.4,27,46.0,15,33.8,,,,,34.234984,-118.290562,LA TUNA CANYON NB,14.18
2025-01-07 21:30:00,770141,210,W,ML,68,54.6,13,65.5,27,63.2,7,65.2,21,33.3,,,,,34.234987,-118.294031,LA TUNA CANYON SB,13.98
2025-01-07 21:30:00,770386,210,W,ML,167,57.3,41,62.0,47,58.9,41,54.9,38,52.8,,,,,34.207155,-118.2137,EB/NB 2 TO EB 210 CN,19.08
2025-01-07 21:30:00,770401,210,W,ML,340,68.5,71,74.3,103,70.5,91,66.9,75,62.3,,,,,34.211095,-118.225948,EB/NB 2 TO WB 210 CN,18.32
2025-01-07 21:30:00,770568,210,W,ML,125,49.9,19,73.8,14,70.5,46,45.1,46,38.6,,,,,34.165953,-118.157943,HAMMOND ST.,23.79
2025-01-07 21:30:00,770579,210,W,ML,95,57.8,13,70.5,37,53.9,36,56.4,9,60.6,,,,,34.156597,-118.157944,WINONA WAY,24.442
2025-01-07 21:35:00,717615,210,W,ML,86,15.3,20,16.6,27,14.8,22,14.0,17,15.9,,,,,34.182539,-118.171545,ARROYO 1,22.3
2025-01-07 21:35:00,717622,210,W,ML,140,8.2,90,11.1,30,3.0,10,3.0,10,3.0,,,,,34.176273,-118.161942,LINCOLN 1,23.0
2025-01-07 21:35:00,717624,210,W,ML,226,51.9,47,56.7,52,53.9,45,50.2,41,48.5,41,49.2,,,34.164368,-118.158093,MOUNTAIN 1,23.9
2025-01-07 21:35:00,717627,210,W,ML,89,56.4,42,57.9,47,55.1,,,,,,,,,34.15225,-118.154678,WALNUT,24.9
2025-01-07 21:35:00,717630,210,W,ML,56,65.2,12,70.6,17,67.0,15,63.6,12,59.2,,,,,34.152218,-118.14821,FAIR OAKS 1,25.4
2025-01-07 21:35:00,717632,210,W,HV,56,65.1,56,65.1,,,,,,,,,,,34.152218,-118.14821,FAIR OAKS 1,25.4
2025-01-07 21:35:00,717634,210,W,ML,212,17.3,45,19.2,51,17.3,44,14.7,39,16.6,33,19.2,,,34.15195,-118.13555,LAKE 1,26.12
2025-01-07 21:35:00,717637,210,W,ML,252,9.0,89,14.1,72,9.4,41,4.7,22,3.0,28,3.0,,,34.152357,-118.123714,HILL,26.8
2025-01-07 21:35:00,717642,210,W,ML,193,54.8,30,71.9,35,66.5,40,50.9,39,40.9,49,50.1,,,34.1527,-118.102255,ALTADENA,28.03
2025-01-07 21:35:00,717643,210,W,HV,4,64.2,4,64.2,,,,,,,,,,,34.1527,-118.102255,ALTADENA,28.03
2025-01-07 21:35:00,717644,210,W,ML,230,50.5,45,66.3,38,58.0,49,48.3,54,40.0,44,43.2,,,34.152727,-118.098063,SAN GABRIEL,28.27
2025-01-07 21:35:00,717645,210,W,HV,4,64.7,4,64.7,,,,,,,,,,,34.152727,-118.098063,SAN GABRIEL,28.27
2025-01-07 21:35:00,717649,210,W,ML,199,57.5,40,71.3,40,62.7,41,47.8,43,53.9,35,51.4,,,34.148074,-118.08377,SIERRA MADRE V1,29.17
2025-01-07 21:35:00,717653,210,W,ML,171,53.8,46,54.4,47,53.4,36,53.0,29,54.1,13,54.4,,,34.148737,-118.071321,ROSEMEAD 1,29.879
2025-01-07 21:35:00,761318,210,W,HV,56,65.1,56,65.1,,,,,,,,,,,34.15195,-118.13555,LAKE 1,26.12
2025-01-07 21:35:00,761322,210,W,HV,65,16.9,65,16.9,,,,,,,,,,,34.152357,-118.123714,HILL,26.8
2025-01-07 21:35:00,761325,210,W,HV,2,64.9,2,64.9,,,,,,,,,,,34.148074,-118.08377,SIERRA MADRE V1,29.17
2025-01-07 21:35:00,761431,210,W,HV,56,65.1,56,65.1,,,,,,,,,,,34.148737,-118.071321,ROSEMEAD 1,29.879
2025-01-07 21:35:00,764135,210,W,HV,56,65.1,56,65.1,,,,,,,,,,,34.152092,-118.143249,MARENGO,25.68
2025-01-07 21:35:00,764137,210,W,ML,453,69.7,77,75.6,89,73.1,78,71.2,80,68.4,73,63.7,56,63.7,34.152092,-118.143249,MARENGO,25.68
2025-01-07 21:35:00,769807,210,W,ML,175,53.3,20,72.9,50,54.7,54,49.7,51,48.1,,,,,34.197068,-118.184827,FOOTHILL,20.98
2025-01-07 21:35:00,769867,210,W,ML,98,61.9,18,73.4,27,66.2,23,60.3,30,52.5,,,,,34.218652,-118.239558,LA CRESCENTA,17.38
2025-01-07 21:35:00,769911,210,W,ML,131,60.0,16,74.8,39,60.7,24,60.9,25,56.2,27,53.2,,,34.224897,-118.251344,PENNSYLVANIA,16.58
2025-01-07 21:35:00,769926,210,W,ML,213,58.0,35,63.8,44,60.7,38,56.7,33,54.4,32,54.8,31,56.1,34.214462,-118.232443,OCEAN VIEW,17.88
2025-01-07 21:35:00,769941,210,W,ML,150,56.2,20,72.9,60,61.0,40,36.6,30,61.4,,,,,34.207101,-118.204943,ANGELES CREST HWY SB,19.58
2025-01-07 21:35:00,769953,210,W,ML,200,52.6,40,61.6,90,57.5,60,44.2,10,23.9,,,,,34.206998,-118.201441,ANGELES CREST HWY NB,19.78
2025-01-07 21:35:00,769965,210,W,ML,80,52.4,30,70.7,10,71.0,30,37.4,10,23.8,,,,,34.232554,-118.271772,HONOLULU,15.28
2025-01-07 21:35:00,769983,210,W,ML,292,47.7,85,42.6,99,52.7,56,47.8,52,46.3,,,,,34.203186,-118.191671,GOULD,20.4
2025-01-07 21:35:00,770000,210,W,ML,222,52.9,55,57.0,61,54.3,55,50.9,51,49.1,,,,,34.19198,-118.181214,BERKSHIRE,21.39
2025-01-07 21:35:00,770129,210,W,ML,78,60.6,16,73.0,25,67.3,25,55.5,12,41.0,,,,,34.234984,-118.290562,LA TUNA CANYON NB,14.18
2025-01-07 21:35:00,770141,210,W,ML,61,57.4,11,67.4,25,64.7,6,65.6,19,39.5,,,,,34.234987,-118.294031,LA TUNA CANYON SB,13.98
2025-01-07 21:35:00,770386,210,W,ML,167,57.3,41,62.0,47,58.9,41,54.9,38,52.8,,,,,34.207155,-118.2137,EB/NB 2 TO EB 210 CN,19.08
2025-01-07 21:35:00,770401,210,W,ML,339,68.6,71,74.4,103,70.6,91,67.0,74,62.4,,,,,34.211095,-118.225948,EB/NB 2 TO WB 210 CN,18.32
2025-01-07 21:35:00,770568,210,W,ML,140,49.1,19,74.0,25,70.2,53,37.0,43,40.7,,,,,34.165953,-118.157943,HAMMOND ST.,23.79
2025-01-07 21:35:00,770579,210,W,ML,162,56.5,46,66.0,28,55.8,57,50.3,31,54.6,,,,,34.156597,-118.157944,WINONA WAY,24.442
2025-01-07 21:40:00,717615,210,W,ML,86,15.3,20,16.6,27,14.8,22,14.0,17,15.9,,,,,34.182539,-118.171545,ARROYO 1,22.3
2025-01-07 21:40:00,717622,210,W,ML,140,8.2,90,11.1,30,3.0,10,3.0,10,3.0,,,,,34.176273,-118.161942,LINCOLN 1,23.0
2025-01-07 21:40:00,717624,210,W,ML,189,52.0,38,56.8,44,53.9,38,50.4,36,48.7,33,49.4,,,34.164368,-118.158093,MOUNTAIN 1,23.9
2025-01-07 21:40:00,717627,210,W,ML,76,55.4,35,57.0,41,54.1,,,,,,,,,34.15225,-118.154678,WALNUT,24.9
2025-01-07 21:40:00,717630,210,W,ML,56,65.2,12,70.6,17,67.0,15,63.6,12,59.2,,,,,34.152218,-118.14821,FAIR OAKS 1,25.4
2025-01-07 21:40:00,717632,210,W,HV,56,65.1,56,65.1,,,,,,,,,,,34.152218,-118.14821,FAIR OAKS 1,25.4
2025-01-07 21:40:00,717634,210,W,ML,237,17.5,50,19.6,56,17.4,49,14.8,44,16.7,38,19.3,,,34.15195,-118.13555,LAKE 1,26.12
2025-01-07 21:40:00,717637,210,W,ML,239,10.5,75,19.6,55,10.9,40,5.1,27,3.0,42,3.6,,,34.152357,-118.123714,HILL,26.8
2025-01-07 21:40:00,717642,210,W,ML,206,57.0,35,72.2,38,69.5,36,53.9,35,43.6,62,50.1,,,34.1527,-118.102255,ALTADENA,28.03
2025-01-07 21:40:00,717643,210,W,HV,7,64.5,7,64.5,,,,,,,,,,,34.1527,-118.102255,ALTADENA,28.03
2025-01-07 21:40:00,717644,210,W,ML,201,53.0,38,68.0,42,61.3,47,52.0,31,37.8,43,43.7,,,34.152727,-118.098063,SAN GABRIEL,28.27
2025-01-07 21:40:00,717645,210,W,HV,7,64.8,7,64.8,,,,,,,,,,,34.152727,-118.098063,SAN GABRIEL,28.27
2025-01-07 21:40:00,717649,210,W,ML,184,58.9,36,71.8,44,66.0,34,47.7,42,54.9,28,51.1,,,34.148074,-118.08377,SIERRA MADRE V1,29.17
2025-01-07 21:40:00,717653,210,W,ML,152,53.5,44,54.1,43,53.2,32,52.7,23,53.9,10,54.3,,,34.148737,-118.071321,ROSEMEAD 1,29.879
2025-01-07 21:40:00,761318,210,W,HV,56,65.1,56,65.1,,,,,,,,,,,34.15195,-118.13555,LAKE 1,26.12
2025-01-07 21:40:00,761322,210,W,HV,27,30.7,27,30.7,,,,,,,,,,,34.152357,-118.123714,HILL,26.8
2025-01-07 21:40:00,761325,210,W,HV,5,64.9,5,64.9,,,,,,,,,,,34.148074,-118.08377,SIERRA MADRE V1,29.17
2025-01-07 21:40:00,761431,210,W,HV,56,65.1,56,65.1,,,,,,,,,,,34.148737,-118.071321,ROSEMEAD 1,29.879
2025-01-07 21:40:00,764135,210,W,HV,56,65.1,56,65.1,,,,,,,,,,,34.152092,-118.143249,MARENGO,25.68
2025-01-07 21:40:00,764137,210,W,ML,449,70.0,76,75.9,89,73.5,77,71.5,79,68.7,72,64.0,56,64.0,34.152092,-118.143249,MARENGO,25.68
2025-01-07 21:40:00,769807,210,W,ML,175,53.3,20,72.9,50,54.7,54,49.7,51,48.1,,,,,34.197068,-118.184827,FOOTHILL,20.98
2025-01-07 21:40:00,769867,210,W,ML,155,59.8,43,71.6,44,65.7,28,49.7,40,47.8,,,,,34.218652,-118.239558,LA CRESCENTA,17.38
2025-01-07 21:40:00,769911,210,W,ML,166,56.7,37,71.6,39,54.2,29,53.6,32,52.7,29,48.5,,,34.224897,-118.251344,PENNSYLVANIA,16.58
2025-01-07 21:40:00,769926,210,W,ML,271,52.3,50,57.4,55,54.4,47,50.3,41,48.6,39,49.5,39,52.0,34.214462,-118.232443,OCEAN VIEW,17.88
2025-01-07 21:40:00,769941,210,W,ML,150,56.2,20,72.9,60,61.0,40,36.6,30,61.4,,,,,34.207101,-118.204943,ANGELES CREST HWY SB,19.58
2025-01-07 21:40:00,769953,210,W,ML,200,52.6,40,61.6,90,57.5,60,44.2,10,23.9,,,,,34.206998,-118.201441,ANGELES CREST HWY NB,19.78
2025-01-07 21:40:00,769965,210,W,ML,80,51.9,30,70.7,10,71.0,30,36.5,10,22.9,,,,,34.232554,-118.271772,HONOLULU,15.28
2025-01-07 21:40:00,769983,210,W,ML,292,47.7,85,42.6,99,52.7,56,47.8,52,46.3,,,,,34.203186,-118.191671,GOULD,20.4
2025-01-07 21:40:00,770000,210,W,ML,222,52.9,55,57.0,61,54.3,55,50.9,51,49.1,,,,,34.19198,-118.181214,BERKSHIRE,21.39
2025-01-07 21:40:00,770129,210,W,ML,121,64.5,28,72.8,43,68.1,38,58.9,12,49.9,,,,,34.234984,-118.290562,LA TUNA CANYON NB,14.18
2025-01-07 21:40:00,770141,210,W,ML,102,61.3,26,68.2,38,65.7,10,66.1,28,47.1,,,,,34.234987,-118.294031,LA TUNA CANYON SB,13.98
2025-01-07 21:40:00,770386,210,W,ML,167,57.3,41,62.0,47,58.9,41,54.9,38,52.8,,,,,34.207155,-118.2137,EB/NB 2 TO EB 210 CN,19.08
2025-01-07 21:40:00,770401,210,W,ML,334,68.6,70,74.4,101,70.6,90,67.0,73,62.4,,,,,34.211095,-118.225948,EB/NB 2 TO WB 210 CN,18.32
2025-01-07 21:40:00,770568,210,W,ML,119,48.4,20,73.4,8,70.3,39,51.5,52,33.0,,,,,34.165953,-118.157943,HAMMOND ST.,23.79
2025-01-07 21:40:00,770579,210,W,ML,141,52.8,42,59.9,48,45.6,33,52.1,18,57.0,,,,,34.156597,-118.157944,WINONA WAY,24.442
2025-01-07 21:45:00,717615,210,W,ML,86,15.3,20,16.6,27,14.8,22,14.0,17,15.9,,,,,34.182539,-118.171545,ARROYO 1,22.3
2025-01-07 21:45:00,717622,210,W,ML,140,8.2,90,11.1,30,3.0,10,3.0,10,3.0,,,,,34.176273,-118.161942,LINCOLN 1,23.0
2025-01-07 21:45:00,717624,210,W,ML,188,42.7,36,46.6,43,44.0,39,40.8,36,40.1,34,42.1,,,34.164368,-118.158093,MOUNTAIN 1,23.9
2025-01-07 21:45:00,717627,210,W,ML,62,36.8,28,38.1,34,35.8,,,,,,,,,34.15225,-118.154678,WALNUT,24.9
2025-01-07 21:45:00,717630,210,W,ML,56,65.2,12,70.6,17,67.0,15,63.6,12,59.2,,,,,34.152218,-118.14821,FAIR OAKS 1,25.4
2025-01-07 21:45:00,717632,210,W,HV,55,65.1,55,65.1,,,,,,,,,,,34.152218,-118.14821,FAIR OAKS 1,25.4
2025-01-07 21:45:00,717634,210,W,ML,245,24.0,52,26.7,58,24.4,50,21.4,46,22.6,39,24.8,,,34.15195,-118.13555,LAKE 1,26.12
2025-01-07 21:45:00,717637,210,W,ML,205,19.5,38,36.5,47,28.3,37,17.0,42,8.4,41,7.2,,,34.152357,-118.123714,HILL,26.8
2025-01-07 21:45:00,717642,210,W,ML,222,57.3,38,71.5,47,68.0,40,53.2,39,43.1,58,51.8,,,34.1527,-118.102255,ALTADENA,28.03
2025-01-07 21:45:00,717643,210,W,HV,5,64.6,5,64.6,,,,,,,,,,,34.1527,-118.102255,ALTADENA,28.03
2025-01-07 21:45:00,717644,210,W,ML,234,52.6,40,67.8,57,60.4,50,51.2,44,39.8,43,43.0,,,34.152727,-118.098063,SAN GABRIEL,28.27
2025-01-07 21:45:00,717645,210,W,HV,6,64.8,6,64.8,,,,,,,,,,,34.152727,-118.098063,SAN GABRIEL,28.27
2025-01-07 21:45:00,717649,210,W,ML,215,58.4,37,73.4,59,65.7,42,46.5,45,54.5,32,48.8,,,34.148074,-118.08377,SIERRA MADRE V1,29.17
2025-01-07 21:45:00,717653,210,W,ML,175,51.6,49,51.9,48,51.0,36,50.5,28,52.5,14,53.2,,,34.148737,-118.071321,ROSEMEAD 1,29.879
2025-01-07 21:45:00,761318,210,W,HV,55,65.1,55,65.1,,,,,,,,,,,34.15195,-118.13555,LAKE 1,26.12
2025-01-07 21:45:00,761322,210,W,HV,10,46.4,10,46.4,,,,,,,,,,,34.152357,-118.123714,HILL,26.8
2025-01-07 21:45:00,761325,210,W,HV,4,64.8,4,64.8,,,,,,,,,,,34.148074,-118.08377,SIERRA MADRE V1,29.17
2025-01-07 21:45:00,761431,210,W,HV,55,65.1,55,65.1,,,,,,,,,,,34.148737,-118.071321,ROSEMEAD 1,29.879
2025-01-07 21:45:00,764135,210,W,HV,55,65.1,55,65.1,,,,,,,,,,,34.152092,-118.143249,MARENGO,25.68
2025-01-07 21:45:00,764137,210,W,ML,448,70.0,76,75.9,88,73.5,77,71.5,79,68.7,72,64.0,56,64.0,34.152092,-118.143249,MARENGO,25.68
2025-01-07 21:45:00,769807,210,W,ML,175,53.3,20,72.9,50,54.7,54,49.7,51,48.1,,,,,34.197068,-118.184827,FOOTHILL,20.98
2025-01-07 21:45:00,769867,210,W,ML,143,55.1,31,71.9,37,66.1,32,44.3,43,41.6,,,,,34.218652,-118.239558,LA CRESCENTA,17.38
2025-01-07 21:45:00,769911,210,W,ML,175,51.7,33,72.8,40,49.2,34,48.6,37,44.7,31,44.3,,,34.224897,-118.251344,PENNSYLVANIA,16.58
2025-01-07 21:45:00,769926,210,W,ML,263,47.8,44,52.4,51,49.5,46,45.5,43,44.4,42,45.8,37,49.1,34.214462,-118.232443,OCEAN VIEW,17.88
2025-01-07 21:45:00,769941,210,W,ML,150,56.2,20,72.9,60,61.0,40,36.6,30,61.4,,,,,34.207101,-118.204943,ANGELES CREST HWY SB,19.58
2025-01-07 21:45:00,769953,210,W,ML,200,52.6,40,61.6,90,57.5,60,44.2,10,23.9,,,,,34.206998,-118.201441,ANGELES CREST HWY NB,19.78
2025-01-07 21:45:00,769965,210,W,ML,80,51.7,30,70.7,10,71.0,30,36.1,10,22.5,,,,,34.232554,-118.271772,HONOLULU,15.28
2025-01-07 21:45:00,769983,210,W,ML,292,47.7,85,42.6,99,52.7,56,47.8,52,46.3,,,,,34.203186,-118.191671,GOULD,20.4
2025-01-07 21:45:00,770000,210,W,ML,222,52.9,55,57.0,61,54.3,55,50.9,51,49.1,,,,,34.19198,-118.181214,BERKSHIRE,21.39
2025-01-07 21:45:00,770129,210,W,ML,111,61.6,31,72.4,37,68.3,32,50.5,11,40.7,,,,,34.234984,-118.290562,LA TUNA CANYON NB,14.18
2025-01-07 21:45:00,770141,210,W,ML,83,58.2,19,68.4,32,64.6,8,65.6,24,39.2,,,,,34.234987,-118.294031,LA TUNA CANYON SB,13.98
2025-01-07 21:45:00,770386,210,W,ML,167,57.3,41,62.0,47,58.9,41,54.9,38,52.8,,,,,34.207155,-118.2137,EB/NB 2 TO EB 210 CN,19.08
2025-01-07 21:45:00,770401,210,W,ML,329,68.7,69,74.5,100,70.7,88,67.1,72,62.5,,,,,34.211095,-118.225948,EB/NB 2 TO WB 210 CN,18.32
2025-01-07 21:45:00,770568,210,W,ML,125,48.9,19,73.7,27,67.1,34,39.4,45,34.6,,,,,34.165953,-118.157943,HAMMOND ST.,23.79
2025-01-07 21:45:00,770579,210,W,ML,108,34.3,39,37.8,34,27.9,25,29.4,10,54.2,,,,,34.156597,-118.157944,WINONA WAY,24.442
2025-01-07 21:50:00,717615,210,W,ML,86,15.3,20,16.6,27,14.8,22,14.0,17,15.9,,,,,34.182539,-118.171545,ARROYO 1,22.3
2025-01-07 21:50:00,717622,210,W,ML,140,8.2,90,11.1,30,3.0,10,3.0,10,3.0,,,,,34.176273,-118.161942,LINCOLN 1,23.0
2025-01-07 21:50:00,717624,210,W,ML,184,48.5,35,53.0,42,50.2,38,47.0,35,45.7,34,46.6,,,34.164368,-118.158093,MOUNTAIN 1,23.9
2025-01-07 21:50:00,717627,210,W,ML,68,49.0,31,50.5,37,47.8,,,,,,,,,34.15225,-118.154678,WALNUT,24.9
2025-01-07 21:50:00,717630,210,W,ML,53,65.2,11,70.7,16,67.1,14,63.7,12,59.3,,,,,34.152218,-118.14821,FAIR OAKS 1,25.4
2025-01-07 21:50:00,717632,210,W,HV,54,65.2,54,65.2,,,,,,,,,,,34.152218,-118.14821,FAIR OAKS 1,25.4
2025-01-07 21:50:00,717634,210,W,ML,219,30.3,48,33.4,53,30.9,45,28.1,39,28.2,34,30.2,,,34.15195,-118.13555,LAKE 1,26.12
2025-01-07 21:50:00,717637,210,W,ML,200,31.4,48,46.6,51,39.0,36,24.5,32,16.8,33,19.2,,,34.152357,-118.123714,HILL,26.8
2025-01-07 21:50:00,717642,210,W,ML,191,57.7,39,73.0,34,67.7,38,53.5,35,43.3,45,51.5,,,34.1527,-118.102255,ALTADENA,28.03
2025-01-07 21:50:00,717643,210,W,HV,4,64.7,4,64.7,,,,,,,,,,,34.1527,-118.102255,ALTADENA,28.03
2025-01-07 21:50:00,717644,210,W,ML,222,53.7,40,69.4,51,60.9,45,51.5,55,43.2,31,43.7,,,34.152727,-118.098063,SAN GABRIEL,28.27
2025-01-07 21:50:00,717645,210,W,HV,4,64.9,4,64.9,,,,,,,,,,,34.152727,-118.098063,SAN GABRIEL,28.27
2025-01-07 21:50:00,717649,210,W,ML,194,58.4,38,73.4,47,66.4,38,43.9,44,54.8,27,49.7,,,34.148074,-118.08377,SIERRA MADRE V1,29.17
2025-01-07 21:50:00,717653,210,W,ML,156,52.3,43,52.8,43,51.9,33,51.4,25,53.0,12,53.6,,,34.148737,-118.071321,ROSEMEAD 1,29.879
2025-01-07 21:50:00,761318,210,W,HV,54,65.2,54,65.2,,,,,,,,,,,34.15195,-118.13555,LAKE 1,26.12
2025-01-07 21:50:00,761322,210,W,HV,8,55.5,8,55.5,,,,,,,,,,,34.152357,-118.123714,HILL,26.8
2025-01-07 21:50:00,761325,210,W,HV,4,65.0,4,65.0,,,,,,,,,,,34.148074,-118.08377,SIERRA MADRE V1,29.17
2025-01-07 21:50:00,761431,210,W,HV,54,65.2,54,65.2,,,,,,,,,,,34.148737,-118.071321,ROSEMEAD 1,29.879
2025-01-07 21:50:00,764135,210,W,HV,54,65.2,54,65.2,,,,,,,,,,,34.152092,-118.143249,MARENGO,25.68
2025-01-07 21:50:00,764137,210,W,ML,443,70.2,75,76.2,88,73.7,76,71.7,78,68.9,71,64.2,55,64.2,34.152092,-118.143249,MARENGO,25.68
2025-01-07 21:50:00,769807,210,W,ML,175,53.3,20,72.9,50,54.7,54,49.7,51,48.1,,,,,34.197068,-118.184827,FOOTHILL,20.98
2025-01-07 21:50:00,769867,210,W,ML,147,53.0,39,69.0,44,61.0,31,39.8,33,35.9,,,,,34.218652,-118.239558,LA CRESCENTA,17.38
2025-01-07 21:50:00,769911,210,W,ML,184,48.5,42,68.7,40,44.7,35,44.9,36,38.9,31,41.0,,,34.224897,-118.251344,PENNSYLVANIA,16.58
2025-01-07 21:50:00,769926,210,W,ML,237,44.3,44,47.9,48,45.1,41,41.8,35,41.0,34,42.7,35,46.5,34.214462,-118.232443,OCEAN VIEW,17.88
2025-01-07 21:50:00,769941,210,W,ML,150,56.2,20,72.9,60,61.0,40,36.6,30,61.4,,,,,34.207101,-118.204943,ANGELES CREST HWY SB,19.58
2025-01-07 21:50:00,769953,210,W,ML,200,52.6,40,61.6,90,57.5,60,44.2,10,23.9,,,,,34.206998,-118.201441,ANGELES CREST HWY NB,19.78
2025-01-07 21:50:00,769965,210,W,ML,80,51.6,30,70.7,10,71.0,30,35.9,10,22.3,,,,,34.232554,-118.271772,HONOLULU,15.28
2025-01-07 21:50:00,769983,210,W,ML,292,47.7,85,42.6,99,52.7,56,47.8,52,46.3,,,,,34.203186,-118.191671,GOULD,20.4
2025-01-07 21:50:00,770000,210,W,ML,222,52.9,55,57.0,61,54.3,55,50.9,51,49.1,,,,,34.19198,-118.181214,BERKSHIRE,21.39
2025-01-07 21:50:00,770129,210,W,ML,136,57.6,35,70.0,49,67.0,31,45.2,21,33.6,,,,,34.234984,-118.290562,LA TUNA CANYON NB,14.18
2025-01-07 21:50:00,770141,210,W,ML,80,55.6,18,67.1,31,63.2,8,65.1,23,33.1,,,,,34.234987,-118.294031,LA TUNA CANYON SB,13.98
2025-01-07 21:50:00,770386,210,W,ML,167,57.3,41,62.0,47,58.9,41,54.9,38,52.8,,,,,34.207155,-118.2137,EB/NB 2 TO EB 210 CN,19.08
2025-01-07 21:50:00,770401,210,W,ML,319,68.7,67,74.5,97,70.7,85,67.1,70,62.5,,,,,34.211095,-118.225948,EB/NB 2 TO WB 210 CN,18.32
2025-01-07 21:50:00,770568,210,W,ML,113,51.6,18,73.5,21,68.5,37,50.1,37,32.9,,,,,34.165953,-118.157943,HAMMOND ST.,23.79
2025-01-07 21:50:00,770579,210,W,ML,116,46.8,32,50.5,38,40.8,28,44.3,18,56.9,,,,,34.156597,-118.157944,WINONA WAY,24.442
2025-01-07 21:55:00,717615,210,W,ML,86,15.3,20,16.6,27,14.8,22,14.0,17,15.9,,,,,34.182539,-118.171545,ARROYO 1,22.3
2025-01-07 21:55:00,717622,210,W,ML,140,8.2,90,11.1,30,3.0,10,3.0,10,3.0,,,,,34.176273,-118.161942,LINCOLN 1,23.0
2025-01-07 21:55:00,717624,210,W,ML,226,49.5,45,53.8,51,51.1,46,47.9,43,46.4,41,47.6,,,34.164368,-118.158093,MOUNTAIN 1,23.9
2025-01-07 21:55:00,717627,210,W,ML,73,54.3,32,55.7,41,53.1,,,,,,,,,34.15225,-118.154678,WALNUT,24.9
2025-01-07 21:55:00,717630,210,W,ML,53,65.2,11,70.7,16,67.1,14,63.7,12,59.3,,,,,34.152218,-118.14821,FAIR OAKS 1,25.4
2025-01-07 21:55:00,717632,210,W,HV,53,65.2,53,65.2,,,,,,,,,,,34.152218,-118.14821,FAIR OAKS 1,25.4
2025-01-07 21:55:00,717634,210,W,ML,242,41.4,52,45.5,58,42.7,50,39.5,43,38.6,39,39.6,,,34.15195,-118.13555,LAKE 1,26.12
2025-01-07 21:55:00,717637,210,W,ML,206,42.0,40,57.8,44,51.8,45,35.2,44,29.1,33,36.1,,,34.152357,-118.123714,HILL,26.8
2025-01-07 21:55:00,717642,210,W,ML,179,58.3,26,74.1,37,66.1,34,54.9,32,46.0,50,54.5,,,34.1527,-118.102255,ALTADENA,28.03
2025-01-07 21:55:00,717643,210,W,HV,4,64.8,4,64.8,,,,,,,,,,,34.1527,-118.102255,ALTADENA,28.03
2025-01-07 21:55:00,717644,210,W,ML,189,56.8,32,70.7,45,60.3,47,55.2,32,48.0,33,49.5,,,34.152727,-118.098063,SAN GABRIEL,28.27
2025-01-07 21:55:00,717645,210,W,HV,3,64.9,3,64.9,,,,,,,,,,,34.152727,-118.098063,SAN GABRIEL,28.27
2025-01-07 21:55:00,717649,210,W,ML,197,60.8,36,74.0,46,69.2,47,48.5,43,57.2,25,56.0,,,34.148074,-118.08377,SIERRA MADRE V1,29.17
2025-01-07 21:55:00,717653,210,W,ML,193,57.8,52,59.0,52,57.7,40,57.2,32,57.2,17,56.6,,,34.148737,-118.071321,ROSEMEAD 1,29.879
2025-01-07 21:55:00,761318,210,W,HV,53,65.2,53,65.2,,,,,,,,,,,34.15195,-118.13555,LAKE 1,26.12
2025-01-07 21:55:00,761322,210,W,HV,5,60.3,5,60.3,,,,,,,,,,,34.152357,-118.123714,HILL,26.8
2025-01-07 21:55:00,761325,210,W,HV,1,64.9,1,64.9,,,,,,,,,,,34.148074,-118.08377,SIERRA MADRE V1,29.17
2025-01-07 21:55:00,761431,210,W,HV,53,65.2,53,65.2,,,,,,,,,,,34.148737,-118.071321,ROSEMEAD 1,29.879
2025-01-07 21:55:00,764135,210,W,HV,53,65.2,53,65.2,,,,,,,,,,,34.152092,-118.143249,MARENGO,25.68
2025-01-07 21:55:00,764137,210,W,ML,442,70.4,75,76.4,87,73.9,76,71.9,78,69.1,71,64.4,55,64.4,34.152092,-118.143249,MARENGO,25.68
2025-01-07 21:55:00,769807,210,W,ML,175,53.3,20,72.9,50,54.7,54,49.7,51,48.1,,,,,34.197068,-118.184827,FOOTHILL,20.98
2025-01-07 21:55:00,769867,210,W,ML,138,49.8,35,65.8,40,62.6,30,33.0,33,32.4,,,,,34.218652,-118.239558,LA CRESCENTA,17.38
2025-01-07 21:55:00,769911,210,W,ML,154,44.6,31,67.2,39,41.9,27,38.2,28,35.8,29,38.4,,,34.224897,-118.251344,PENNSYLVANIA,16.58
2025-01-07 21:55:00,769926,210,W,ML,237,41.6,44,45.1,48,42.3,41,38.3,35,38.1,34,40.5,35,44.8,34.214462,-118.232443,OCEAN VIEW,17.88
2025-01-07 21:55:00,769941,210,W,ML,150,56.2,20,72.9,60,61.0,40,36.6,30,61.4,,,,,34.207101,-118.204943,ANGELES CREST HWY SB,19.58
2025-01-07 21:55:00,769953,210,W,ML,200,52.6,40,61.6,90,57.5,60,44.2,10,23.9,,,,,34.206998,-118.201441,ANGELES CREST HWY NB,19.78
2025-01-07 21:55:00,769965,210,W,ML,80,51.6,30,70.7,10,71.0,30,35.8,10,22.2,,,,,34.232554,-118.271772,HONOLULU,15.28
2025-01-07 21:55:00,769983,210,W,ML,292,47.7,85,42.6,99,52.7,56,47.8,52,46.3,,,,,34.203186,-118.191671,GOULD,20.4
2025-01-07 21:55:00,770000,210,W,ML,222,52.9,55,57.0,61,54.3,55,50.9,51,49.1,,,,,34.19198,-118.181214,BERKSHIRE,21.39
2025-01-07 21:55:00,770129,210,W,ML,117,55.3,34,69.5,36,66.3,31,40.5,16,28.9,,,,,34.234984,-118.290562,LA TUNA CANYON NB,14.18
2025-01-07 21:55:00,770141,210,W,ML,80,53.9,18,66.4,31,62.2,8,64.9,23,29.0,,,,,34.234987,-118.294031,LA TUNA CANYON SB,13.98
2025-01-07 21:55:00,770386,210,W,ML,167,57.3,41,62.0,47,58.9,41,54.9,38,52.8,,,,,34.207155,-118.2137,EB/NB 2 TO EB 210 CN,19.08
2025-01-07 21:55:00,770401,210,W,ML,310,68.7,65,74.5,94,70.7,83,67.1,68,62.5,,,,,34.211095,-118.225948,EB/NB 2 TO WB 210 CN,18.32
2025-01-07 21:55:00,770568,210,W,ML,147,49.8,17,74.0,34,68.0,47,46.1,49,32.4,,,,,34.165953,-118.157943,HAMMOND ST.,23.79
2025-01-07 21:55:00,770579,210,W,ML,127,49.6,33,58.6,23,53.1,55,40.0,16,58.8,,,,,34.156597,-118.157944,WINONA WAY,24.442
2025-01-07 22:00:00,717615,210,W,ML,86,15.3,20,16.6,27,14.8,22,14.0,17,15.9,,,,,34.182539,-118.171545,ARROYO 1,22.3
2025-01-07 22:00:00,717622,210,W,ML,140,8.2,90,11.1,30,3.0,10,3.0,10,3.0,,,,,34.176273,-118.161942,LINCOLN 1,23.0
2025-01-07 22:00:00,717624,210,W,ML,207,50.4,40,54.9,47,52.1,42,48.8,39,47.3,39,48.4,,,34.164368,-118.158093,MOUNTAIN 1,23.9
2025-01-07 22:00:00,717627,210,W,ML,82,59.3,37,60.9,45,58.0,,,,,,,,,34.15225,-118.154678,WALNUT,24.9
2025-01-07 22:00:00,717630,210,W,ML,51,65.2,11,70.6,15,67.0,14,63.6,11,59.2,,,,,34.152218,-118.14821,FAIR OAKS 1,25.4
2025-01-07 22:00:00,717632,210,W,HV,51,65.1,51,65.1,,,,,,,,,,,34.152218,-118.14821,FAIR OAKS 1,25.4
2025-01-07 22:00:00,717634,210,W,ML,226,47.4,47,52.1,54,49.2,47,45.5,42,44.1,36,44.7,,,34.15195,-118.13555,LAKE 1,26.12
2025-01-07 22:00:00,717637,210,W,ML,182,49.1,32,65.8,39,58.9,37,46.7,39,35.8,35,40.2,,,34.152357,-118.123714,HILL,26.8
2025-01-07 22:00:00,717642,210,W,ML,198,58.3,43,74.2,34,67.5,35,55.2,34,45.1,52,49.7,,,34.1527,-118.102255,ALTADENA,28.03
2025-01-07 22:00:00,717643,210,W,HV,6,65.0,6,65.0,,,,,,,,,,,34.1527,-118.102255,ALTADENA,28.03
2025-01-07 22:00:00,717644,210,W,ML,210,56.3,39,72.3,47,62.9,40,54.0,43,46.6,41,45.8,,,34.152727,-118.098063,SAN GABRIEL,28.27
2025-01-07 22:00:00,717645,210,W,HV,6,65.0,6,65.0,,,,,,,,,,,34.152727,-118.098063,SAN GABRIEL,28.27
2025-01-07 22:00:00,717649,210,W,ML,190,60.7,31,74.7,51,68.3,39,49.6,42,55.9,27,53.9,,,34.148074,-118.08377,SIERRA MADRE V1,29.17
2025-01-07 22:00:00,717653,210,W,ML,158,56.0,43,56.9,44,55.8,33,55.3,26,55.8,12,55.6,,,34.148737,-118.071321,ROSEMEAD 1,29.879
2025-01-07 22:00:00,761318,210,W,HV,51,65.1,51,65.1,,,,,,,,,,,34.15195,-118.13555,LAKE 1,26.12
2025-01-07 22:00:00,761322,210,W,HV,7,62.6,7,62.6,,,,,,,,,,,34.152357,-118.123714,HILL,26.8
2025-01-07 22:00:00,761325,210,W,HV,4,65.0,4,65.0,,,,,,,,,,,34.148074,-118.08377,SIERRA MADRE V1,29.17
2025-01-07 22:00:00,761431,210,W,HV,51,65.1,51,65.1,,,,,,,,,,,34.148737,-118.071321,ROSEMEAD 1,29.879
2025-01-07 22:00:00,764135,210,W,HV,51,65.1,51,65.1,,,,,,,,,,,34.152092,-118.143249,MARENGO,25.68
2025-01-07 22:00:00,764137,210,W,ML,425,70.0,72,75.9,84,73.5,73,71.5,75,68.7,68,64.0,53,64.0,34.152092,-118.143249,MARENGO,25.68
2025-01-07 22:00:00,769807,210,W,ML,175,53.3,20,72.8,50,54.7,54,49.7,51,48.1,,,,,34.197068,-118.184827,FOOTHILL,20.98
2025-01-07 22:00:00,769867,210,W,ML,132,52.2,33,68.2,37,63.2,36,40.2,26,33.1,,,,,34.218652,-118.239558,LA CRESCENTA,17.38
2025-01-07 22:00:00,769911,210,W,ML,159,45.3,40,65.6,39,42.4,28,36.4,24,33.9,28,39.1,,,34.224897,-118.251344,PENNSYLVANIA,16.58
2025-01-07 22:00:00,769926,210,W,ML,221,44.0,38,47.1,44,44.5,39,42.1,36,41.3,34,43.0,30,46.5,34.214462,-118.232443,OCEAN VIEW,17.88
2025-01-07 22:00:00,769941,210,W,ML,150,55.7,20,72.9,60,60.7,40,35.5,30,61.4,,,,,34.207101,-118.204943,ANGELES CREST HWY SB,19.58
2025-01-07 22:00:00,769953,210,W,ML,200,51.8,40,61.1,90,56.9,60,42.6,10,24.0,,,,,34.206998,-118.201441,ANGELES CREST HWY NB,19.78
2025-01-07 22:00:00,769965,210,W,ML,80,51.2,30,70.6,10,71.0,30,34.9,10,22.0,,,,,34.232554,-118.271772,HONOLULU,15.28
2025-01-07 22:00:00,769983,210,W,ML,292,46.9,85,41.5,99,52.0,56,47.2,52,45.8,,,,,34.203186,-118.191671,GOULD,20.4
2025-01-07 22:00:00,770000,210,W,ML,222,52.9,55,57.0,61,54.3,55,50.9,51,49.1,,,,,34.19198,-118.181214,BERKSHIRE,21.39
2025-01-07 22:00:00,770129,210,W,ML,143,52.4,48,66.1,45,63.8,22,33.5,28,25.6,,,,,34.234984,-118.290562,LA TUNA CANYON NB,14.18
2025-01-07 22:00:00,770141,210,W,ML,105,53.0,27,63.9,40,61.5,10,64.7,28,26.2,,,,,34.234987,-118.294031,LA TUNA CANYON SB,13.98
2025-01-07 22:00:00,770386,210,W,ML,167,57.1,41,61.7,47,58.7,41,54.7,38,52.6,,,,,34.207155,-118.2137,EB/NB 2 TO EB 210 CN,19.08
2025-01-07 22:00:00,770401,210,W,ML,304,68.5,64,74.3,92,70.5,81,66.9,67,62.3,,,,,34.211095,-118.225948,EB/NB 2 TO WB 210 CN,18.32
2025-01-07 22:00:00,770568,210,W,ML,132,42.9,8,74.4,15,69.0,41,42.4,68,33.8,,,,,34.165953,-118.157943,HAMMOND ST.,23.79
2025-01-07 22:00:00,770579,210,W,ML,140,51.1,19,66.1,29,59.6,71,41.3,21,59.1,,,,,34.156597,-118.157944,WINONA WAY,24.442
2025-01-07 22:05:00,717615,210,W,ML,86,15.3,20,16.6,27,14.8,22,14.0,17,15.9,,,,,34.182539,-118.171545,ARROYO 1,22.3
2025-01-07 22:05:00,717622,210,W,ML,140,8.2,90,11.1,30,3.0,10,3.0,10,3.0,,,,,34.176273,-118.161942,LINCOLN 1,23.0
2025-01-07 22:05:00,717624,210,W,ML,163,54.2,27,59.7,37,56.7,34,52.8,32,50.9,33,51.3,,,34.164368,-118.158093,MOUNTAIN 1,23.9
2025-01-07 22:05:00,717627,210,W,ML,63,62.9,27,64.7,36,61.5,,,,,,,,,34.15225,-118.154678,WALNUT,24.9
2025-01-07 22:05:00,717630,210,W,ML,49,65.1,10,70.6,15,67.0,13,63.6,11,59.2,,,,,34.152218,-118.14821,FAIR OAKS 1,25.4
2025-01-07 22:05:00,717632,210,W,HV,50,65.1,50,65.1,,,,,,,,,,,34.152218,-118.14821,FAIR OAKS 1,25.4
2025-01-07 22:05:00,717634,210,W,ML,203,50.9,44,55.8,49,52.9,42,49.1,37,47.3,31,47.6,,,34.15195,-118.13555,LAKE 1,26.12
2025-01-07 22:05:00,717637,210,W,ML,162,54.3,27,70.5,43,63.0,36,50.2,30,40.2,26,45.3,,,34.152357,-118.123714,HILL,26.8
2025-01-07 22:05:00,717642,210,W,ML,155,58.5,26,74.6,35,69.2,32,55.2,31,46.4,31,48.3,,,34.1527,-118.102255,ALTADENA,28.03
2025-01-07 22:05:00,717643,210,W,HV,6,65.0,6,65.0,,,,,,,,,,,34.1527,-118.102255,ALTADENA,28.03
2025-01-07 22:05:00,717644,210,W,ML,177,57.3,29,74.0,42,65.4,43,55.8,36,45.8,27,44.5,,,34.152727,-118.098063,SAN GABRIEL,28.27
2025-01-07 22:05:00,717645,210,W,HV,4,65.0,4,65.0,,,,,,,,,,,34.152727,-118.098063,SAN GABRIEL,28.27
2025-01-07 22:05:00,717649,210,W,ML,168,59.7,23,74.7,42,67.1,42,50.5,40,56.0,21,54.3,,,34.148074,-118.08377,SIERRA MADRE V1,29.17
2025-01-07 22:05:00,717653,210,W,ML,172,56.3,47,57.3,47,56.1,36,55.6,28,56.0,14,55.8,,,34.148737,-118.071321,ROSEMEAD 1,29.879
2025-01-07 22:05:00,761318,210,W,HV,50,65.1,50,65.1,,,,,,,,,,,34.15195,-118.13555,LAKE 1,26.12
2025-01-07 22:05:00,761322,210,W,HV,5,63.8,5,63.8,,,,,,,,,,,34.152357,-118.123714,HILL,26.8
2025-01-07 22:05:00,761325,210,W,HV,5,64.9,5,64.9,,,,,,,,,,,34.148074,-118.08377,SIERRA MADRE V1,29.17
2025-01-07 22:05:00,761431,210,W,HV,50,65.1,50,65.1,,,,,,,,,,,34.148737,-118.071321,ROSEMEAD 1,29.879
2025-01-07 22:05:00,764135,210,W,HV,50,65.1,50,65.1,,,,,,,,,,,34.152092,-118.143249,MARENGO,25.68
2025-01-07 22:05:00,764137,210,W,ML,425,69.7,72,75.6,84,73.1,73,71.2,75,68.4,68,63.7,53,63.7,34.152092,-118.143249,MARENGO,25.68
2025-01-07 22:05:00,769807,210,W,ML,175,53.3,20,72.8,50,54.7,54,49.7,51,48.1,,,,,34.197068,-118.184827,FOOTHILL,20.98
2025-01-07 22:05:00,769867,210,W,ML,101,50.7,21,70.8,27,63.1,25,37.7,28,35.2,,,,,34.218652,-118.239558,LA CRESCENTA,17.38
2025-01-07 22:05:00,769911,210,W,ML,135,43.2,20,70.2,39,42.7,23,36.3,26,33.2,27,39.6,,,34.224897,-118.251344,PENNSYLVANIA,16.58
2025-01-07 22:05:00,769926,210,W,ML,209,43.5,35,47.3,44,44.5,37,40.5,31,40.0,31,42.1,31,46.1,34.214462,-118.232443,OCEAN VIEW,17.88
2025-01-07 22:05:00,769941,210,W,ML,150,55.5,20,72.9,60,60.5,40,34.9,30,61.4,,,,,34.207101,-118.204943,ANGELES CREST HWY SB,19.58
2025-01-07 22:05:00,769953,210,W,ML,200,51.4,40,60.8,90,56.6,60,41.8,10,24.1,,,,,34.206998,-118.201441,ANGELES CREST HWY NB,19.78
2025-01-07 22:05:00,769965,210,W,ML,80,51.0,30,70.5,10,71.0,30,34.5,10,21.9,,,,,34.232554,-118.271772,HONOLULU,15.28
2025-01-07 22:05:00,769983,210,W,ML,292,46.5,85,41.0,99,51.6,56,46.9,52,45.5,,,,,34.203186,-118.191671,GOULD,20.4
2025-01-07 22:05:00,770000,210,W,ML,222,52.9,55,57.0,61,54.3,55,50.9,51,49.1,,,,,34.19198,-118.181214,BERKSHIRE,21.39
2025-01-07 22:05:00,770129,210,W,ML,97,52.2,22,69.7,31,66.3,24,38.3,20,27.8,,,,,34.234984,-118.290562,LA TUNA CANYON NB,14.18
2025-01-07 22:05:00,770141,210,W,ML,71,53.6,15,66.4,29,62.0,7,64.8,20,28.1,,,,,34.234987,-118.294031,LA TUNA CANYON SB,13.98
2025-01-07 22:05:00,770386,210,W,ML,167,56.9,41,61.6,47,58.6,41,54.6,38,52.5,,,,,34.207155,-118.2137,EB/NB 2 TO EB 210 CN,19.08
2025-01-07 22:05:00,770401,210,W,ML,306,68.4,64,74.2,93,70.4,82,66.8,67,62.3,,,,,34.211095,-118.225948,EB/NB 2 TO WB 210 CN,18.32
2025-01-07 22:05:00,770568,210,W,ML,109,48.6,11,74.5,18,70.0,22,45.9,58,38.0,,,,,34.165953,-118.157943,HAMMOND ST.,23.79
2025-01-07 22:05:00,770579,210,W,ML,99,58.0,29,66.8,17,64.4,44,49.2,9,60.8,,,,,34.156597,-118.157944,WINONA WAY,24.442
2025-01-07 22:10:00,717615,210,W,ML,86,15.3,20,16.6,27,14.8,22,14.0,17,15.9,,,,,34.182539,-118.171545,ARROYO 1,22.3
2025-01-07 22:10:00,717622,210,W,ML,140,8.2,90,11.1,30,3.0,10,3.0,10,3.0,,,,,34.176273,-118.161942,LINCOLN 1,23.0
2025-01-07 22:10:00,717624,210,W,ML,155,56.9,30,62.5,37,59.4,31,55.2,29,53.1,28,53.4,,,34.164368,-118.158093,MOUNTAIN 1,23.9
2025-01-07 22:10:00,717627,210,W,ML,74,63.4,34,65.1,40,61.9,,,,,,,,,34.15225,-118.154678,WALNUT,24.9
2025-01-07 22:10:00,717630,210,W,ML,51,65.2,11,70.6,15,67.0,14,63.6,11,59.2,,,,,34.152218,-118.14821,FAIR OAKS 1,25.4
2025-01-07 22:10:00,717632,210,W,HV,51,65.1,51,65.1,,,,,,,,,,,34.152218,-118.14821,FAIR OAKS 1,25.4
2025-01-07 22:10:00,717634,210,W,ML,227,54.1,49,59.3,55,56.2,47,52.3,40,50.3,36,50.2,,,34.15195,-118.13555,LAKE 1,26.12
2025-01-07 22:10:00,717637,210,W,ML,182,56.6,30,72.5,44,65.9,39,53.8,42,42.8,27,49.6,,,34.152357,-118.123714,HILL,26.8
2025-01-07 22:10:00,717642,210,W,ML,190,58.6,33,74.8,35,70.2,36,56.4,35,46.9,51,49.8,,,34.1527,-118.102255,ALTADENA,28.03
2025-01-07 22:10:00,717643,210,W,HV,5,64.9,5,64.9,,,,,,,,,,,34.1527,-118.102255,ALTADENA,28.03
2025-01-07 22:10:00,717644,210,W,ML,211,57.5,36,73.7,42,64.2,52,56.4,48,48.6,33,46.0,,,34.152727,-118.098063,SAN GABRIEL,28.27
2025-01-07 22:10:00,717645,210,W,HV,7,65.0,7,65.0,,,,,,,,,,,34.152727,-118.098063,SAN GABRIEL,28.27
2025-01-07 22:10:00,717649,210,W,ML,189,60.3,34,72.9,52,67.4,44,46.2,43,56.8,16,58.4,,,34.148074,-118.08377,SIERRA MADRE V1,29.17
2025-01-07 22:10:00,717653,210,W,ML,184,59.8,49,61.4,49,60.0,38,59.4,30,58.8,18,57.7,,,34.148737,-118.071321,ROSEMEAD 1,29.879
2025-01-07 22:10:00,761318,210,W,HV,51,65.1,51,65.1,,,,,,,,,,,34.15195,-118.13555,LAKE 1,26.12
2025-01-07 22:10:00,761322,210,W,HV,5,64.4,5,64.4,,,,,,,,,,,34.152357,-118.123714,HILL,26.8
2025-01-07 22:10:00,761325,210,W,HV,6,64.8,6,64.8,,,,,,,,,,,34.148074,-118.08377,SIERRA MADRE V1,29.17
2025-01-07 22:10:00,761431,210,W,HV,51,65.1,51,65.1,,,,,,,,,,,34.148737,-118.071321,ROSEMEAD 1,29.879
2025-01-07 22:10:00,764135,210,W,HV,51,65.1,51,65.1,,,,,,,,,,,34.152092,-118.143249,MARENGO,25.68
2025-01-07 22:10:00,764137,210,W,ML,435,69.5,74,75.4,86,72.9,75,71.0,76,68.2,70,63.6,54,63.6,34.152092,-118.143249,MARENGO,25.68
2025-01-07 22:10:00,769807,210,W,ML,175,53.3,20,72.8,50,54.7,54,49.7,51,48.1,,,,,34.197068,-118.184827,FOOTHILL,20.98
2025-01-07 22:10:00,769867,210,W,ML,94,55.1,13,72.5,23,66.7,30,46.8,28,46.3,,,,,34.218652,-118.239558,LA CRESCENTA,17.38
2025-01-07 22:10:00,769911,210,W,ML,135,49.4,14,72.7,39,50.0,24,50.9,30,39.2,28,46.4,,,34.224897,-118.251344,PENNSYLVANIA,16.58
2025-01-07 22:10:00,769926,210,W,ML,203,51.1,33,56.2,41,53.2,37,49.1,32,47.6,31,48.6,29,51.3,34.214462,-118.232443,OCEAN VIEW,17.88
2025-01-07 22:10:00,769941,210,W,ML,150,55.4,20,72.9,60,60.4,40,34.6,30,61.4,,,,,34.207101,-118.204943,ANGELES CREST HWY SB,19.58
2025-01-07 22:10:00,769953,210,W,ML,200,51.2,40,60.7,90,56.5,60,41.4,10,24.1,,,,,34.206998,-118.201441,ANGELES CREST HWY NB,19.78
2025-01-07 22:10:00,769965,210,W,ML,80,50.9,30,70.5,10,71.0,30,34.3,10,21.8,,,,,34.232554,-118.271772,HONOLULU,15.28
2025-01-07 22:10:00,769983,210,W,ML,292,46.4,85,40.8,99,51.5,56,46.8,52,45.4,,,,,34.203186,-118.191671,GOULD,20.4
2025-01-07 22:10:00,770000,210,W,ML,222,52.9,55,57.0,61,54.3,55,50.9,51,49.1,,,,,34.19198,-118.181214,BERKSHIRE,21.39
2025-01-07 22:10:00,770129,210,W,ML,81,52.9,19,71.9,31,49.0,23,46.4,8,41.2,,,,,34.234984,-118.290562,LA TUNA CANYON NB,14.18
2025-01-07 22:10:00,770141,210,W,ML,67,49.0,20,49.3,23,52.1,6,63.7,18,39.6,,,,,34.234987,-118.294031,LA TUNA CANYON SB,13.98
2025-01-07 22:10:00,770386,210,W,ML,167,56.9,41,61.5,47,58.5,41,54.5,38,52.4,,,,,34.207155,-118.2137,EB/NB 2 TO EB 210 CN,19.08
2025-01-07 22:10:00,770401,210,W,ML,306,68.4,64,74.2,93,70.4,82,66.8,67,62.3,,,,,34.211095,-118.225948,EB/NB 2 TO WB 210 CN,18.32
2025-01-07 22:10:00,770568,210,W,ML,87,51.3,22,73.4,8,70.5,20,49.1,37,35.1,,,,,34.165953,-118.157943,HAMMOND ST.,23.79
2025-01-07 22:10:00,770579,210,W,ML,90,61.7,14,70.3,28,64.9,32,55.3,16,61.2,,,,,34.156597,-118.157944,WINONA WAY,24.442
2025-01-07 22:15:00,717615,210,W,ML,86,15.3,20,16.6,27,14.8,22,14.0,17,15.9,,,,,34.182539,-118.171545,ARROYO 1,22.3
2025-01-07 22:15:00,717622,210,W,ML,140,8.2,90,11.1,30,3.0,10,3.0,10,3.0,,,,,34.176273,-118.161942,LINCOLN 1,23.0
2025-01-07 22:15:00,717624,210,W,ML,180,58.4,34,64.2,43,61.1,38,56.8,33,54.5,32,54.3,,,34.164368,-118.158093,MOUNTAIN 1,23.9
2025-01-07 22:15:00,717627,210,W,ML,81,63.7,36,65.5,45,62.3,,,,,,,,,34.15225,-118.154678,WALNUT,24.9
2025-01-07 22:15:00,717630,210,W,ML,51,65.2,11,70.6,15,67.0,14,63.6,11,59.2,,,,,34.152218,-118.14821,FAIR OAKS 1,25.4
2025-01-07 22:15:00,717632,210,W,HV,51,65.1,51,65.1,,,,,,,,,,,34.152218,-118.14821,FAIR OAKS 1,25.4
2025-01-07 22:15:00,717634,210,W,ML,234,48.6,49,53.4,55,50.5,48,46.8,43,45.3,39,45.7,,,34.15195,-118.13555,LAKE 1,26.12
2025-01-07 22:15:00,717637,210,W,ML,207,54.3,42,72.0,46,66.2,37,46.3,36,40.7,46,43.5,,,34.152357,-118.123714,HILL,26.8
2025-01-07 22:15:00,717642,210,W,ML,208,55.6,41,72.8,47,66.5,39,50.2,38,40.9,43,45.3,,,34.1527,-118.102255,ALTADENA,28.03
2025-01-07 22:15:00,717643,210,W,HV,8,64.8,8,64.8,,,,,,,,,,,34.1527,-118.102255,ALTADENA,28.03
2025-01-07 22:15:00,717644,210,W,ML,226,51.7,36,72.6,56,58.5,48,48.3,45,40.3,41,40.6,,,34.152727,-118.098063,SAN GABRIEL,28.27
2025-01-07 22:15:00,717645,210,W,HV,8,64.9,8,64.9,,,,,,,,,,,34.152727,-118.098063,SAN GABRIEL,28.27
2025-01-07 22:15:00,717649,210,W,ML,196,56.1,35,72.4,41,64.9,45,41.5,42,53.1,33,51.5,,,34.148074,-118.08377,SIERRA MADRE V1,29.17
2025-01-07 22:15:00,717653,210,W,ML,181,53.9,50,54.5,49,53.5,37,53.0,30,54.2,15,54.5,,,34.148737,-118.071321,ROSEMEAD 1,29.879
2025-01-07 22:15:00,761318,210,W,HV,51,65.1,51,65.1,,,,,,,,,,,34.15195,-118.13555,LAKE 1,26.12
2025-01-07 22:15:00,761322,210,W,HV,5,64.7,5,64.7,,,,,,,,,,,34.152357,-118.123714,HILL,26.8
2025-01-07 22:15:00,761325,210,W,HV,7,64.8,7,64.8,,,,,,,,,,,34.148074,-118.08377,SIERRA MADRE V1,29.17
2025-01-07 22:15:00,761431,210,W,HV,51,65.1,51,65.1,,,,,,,,,,,34.148737,-118.071321,ROSEMEAD 1,29.879
2025-01-07 22:15:00,764135,210,W,HV,51,65.1,51,65.1,,,,,,,,,,,34.152092,-118.143249,MARENGO,25.68
2025-01-07 22:15:00,764137,210,W,ML,442,69.4,75,75.3,87,72.8,76,70.9,78,68.1,71,63.5,55,63.5,34.152092,-118.143249,MARENGO,25.68
2025-01-07 22:15:00,769807,210,W,ML,175,53.3,20,72.8,50,54.7,54,49.7,51,48.1,,,,,34.197068,-118.184827,FOOTHILL,20.98
2025-01-07 22:15:00,769867,210,W,ML,95,58.7,19,73.3,27,67.2,27,51.0,22,45.3,,,,,34.218652,-118.239558,LA CRESCENTA,17.38
2025-01-07 22:15:00,769911,210,W,ML,134,53.3,23,72.9,38,52.2,18,60.3,28,40.1,27,47.4,,,34.224897,-118.251344,PENNSYLVANIA,16.58
2025-01-07 22:15:00,769926,210,W,ML,188,51.6,33,56.1,38,53.2,32,49.9,30,48.3,28,49.3,27,51.7,34.214462,-118.232443,OCEAN VIEW,17.88
2025-01-07 22:15:00,769941,210,W,ML,150,55.4,20,72.9,60,60.4,40,34.5,30,61.4,,,,,34.207101,-118.204943,ANGELES CREST HWY SB,19.58
2025-01-07 22:15:00,769953,210,W,ML,200,51.1,40,60.6,90,56.4,60,41.2,10,24.1,,,,,34.206998,-118.201441,ANGELES CREST HWY NB,19.78
2025-01-07 22:15:00,769965,210,W,ML,80,50.9,30,70.5,10,71.0,30,34.2,10,21.8,,,,,34.232554,-118.271772,HONOLULU,15.28
2025-01-07 22:15:00,769983,210,W,ML,292,46.3,85,40.6,99,51.4,56,46.7,52,45.3,,,,,34.203186,-118.191671,GOULD,20.4
2025-01-07 22:15:00,770000,210,W,ML,222,52.9,55,57.0,61,54.3,55,50.9,51,49.1,,,,,34.19198,-118.181214,BERKSHIRE,21.39
2025-01-07 22:15:00,770129,210,W,ML,92,57.5,23,72.5,27,59.5,26,55.0,16,36.6,,,,,34.234984,-118.290562,LA TUNA CANYON NB,14.18
2025-01-07 22:15:00,770141,210,W,ML,65,53.4,12,59.7,26,59.6,7,65.1,20,37.6,,,,,34.234987,-118.294031,LA TUNA CANYON SB,13.98
2025-01-07 22:15:00,770386,210,W,ML,167,56.9,41,61.5,47,58.5,41,54.5,38,52.4,,,,,34.207155,-118.2137,EB/NB 2 TO EB 210 CN,19.08
2025-01-07 22:15:00,770401,210,W,ML,304,68.4,64,74.2,92,70.4,81,66.8,67,62.3,,,,,34.211095,-118.225948,EB/NB 2 TO WB 210 CN,18.32
2025-01-07 22:15:00,770568,210,W,ML,97,57.4,13,73.7,23,71.0,18,56.9,43,45.5,,,,,34.165953,-118.157943,HAMMOND ST.,23.79
2025-01-07 22:15:00,770579,210,W,ML,99,63.2,19,71.5,28,65.4,22,59.0,30,58.9,,,,,34.156597,-118.157944,WINONA WAY,24.442
2025-01-07 22:20:00,717615,210,W,ML,86,15.3,20,16.6,27,14.8,22,14.0,17,15.9,,,,,34.182539,-118.171545,ARROYO 1,22.3
2025-01-07 22:20:00,717622,210,W,ML,140,8.2,90,11.1,30,3.0,10,3.0,10,3.0,,,,,34.176273,-118.161942,LINCOLN 1,23.0
2025-01-07 22:20:00,717624,210,W,ML,168,58.3,30,64.5,38,61.4,35,57.0,32,54.6,33,54.2,,,34.164368,-118.158093,MOUNTAIN 1,23.9
2025-01-07 22:20:00,717627,210,W,ML,60,63.5,25,65.3,35,62.1,,,,,,,,,34.15225,-118.154678,WALNUT,24.9
2025-01-07 22:20:00,717630,210,W,ML,49,65.1,10,70.6,15,67.0,13,63.6,11,59.2,,,,,34.152218,-118.14821,FAIR OAKS 1,25.4
2025-01-07 22:20:00,717632,210,W,HV,49,65.1,49,65.1,,,,,,,,,,,34.152218,-118.14821,FAIR OAKS 1,25.4
2025-01-07 22:20:00,717634,210,W,ML,227,51.9,48,57.2,54,54.1,47,50.0,42,48.2,36,48.2,,,34.15195,-118.13555,LAKE 1,26.12
2025-01-07 22:20:00,717637,210,W,ML,193,55.8,40,72.8,39,65.6,41,46.1,40,43.3,33,50.6,,,34.152357,-118.123714,HILL,26.8
2025-01-07 22:20:00,717642,210,W,ML,168,56.2,30,73.9,32,66.3,31,52.7,30,44.5,45,47.4,,,34.1527,-118.102255,ALTADENA,28.03
2025-01-07 22:20:00,717643,210,W,HV,2,64.8,2,64.8,,,,,,,,,,,34.1527,-118.102255,ALTADENA,28.03
2025-01-07 22:20:00,717644,210,W,ML,190,51.7,35,68.6,35,57.2,44,53.1,41,40.7,35,40.6,,,34.152727,-118.098063,SAN GABRIEL,28.27
2025-01-07 22:20:00,717645,210,W,HV,2,64.8,2,64.8,,,,,,,,,,,34.152727,-118.098063,SAN GABRIEL,28.27
2025-01-07 22:20:00,717649,210,W,ML,163,56.5,30,71.4,40,63.5,31,41.3,38,54.3,24,49.2,,,34.148074,-118.08377,SIERRA MADRE V1,29.17
2025-01-07 22:20:00,717653,210,W,ML,134,51.9,39,52.3,39,51.4,28,50.9,20,52.6,8,53.4,,,34.148737,-118.071321,ROSEMEAD 1,29.879
2025-01-07 22:20:00,761318,210,W,HV,49,65.1,49,65.1,,,,,,,,,,,34.15195,-118.13555,LAKE 1,26.12
2025-01-07 22:20:00,761322,210,W,HV,7,64.8,7,64.8,,,,,,,,,,,34.152357,-118.123714,HILL,26.8
2025-01-07 22:20:00,761325,210,W,HV,1,64.8,1,64.8,,,,,,,,,,,34.148074,-118.08377,SIERRA MADRE V1,29.17
2025-01-07 22:20:00,761431,210,W,HV,49,65.1,49,65.1,,,,,,,,,,,34.148737,-118.071321,ROSEMEAD 1,29.879
2025-01-07 22:20:00,764135,210,W,HV,49,65.1,49,65.1,,,,,,,,,,,34.152092,-118.143249,MARENGO,25.68
2025-01-07 22:20:00,764137,210,W,ML,435,69.5,74,75.4,86,72.9,75,71.0,76,68.2,70,63.6,54,63.6,34.152092,-118.143249,MARENGO,25.68
2025-01-07 22:20:00,769807,210,W,ML,175,53.3,20,72.8,50,54.7,54,49.7,51,48.1,,,,,34.197068,-118.184827,FOOTHILL,20.98
2025-01-07 22:20:00,769867,210,W,ML,88,58.8,15,73.6,28,67.0,16,55.5,29,45.0,,,,,34.218652,-118.239558,LA CRESCENTA,17.38
2025-01-07 22:20:00,769911,210,W,ML,119,48.6,8,74.7,32,51.9,34,49.0,17,33.2,28,46.1,,,34.224897,-118.251344,PENNSYLVANIA,16.58
2025-01-07 22:20:00,769926,210,W,ML,214,54.7,36,59.8,45,56.8,38,53.2,32,51.3,31,52.0,32,53.8,34.214462,-118.232443,OCEAN VIEW,17.88
2025-01-07 22:20:00,769941,210,W,ML,150,55.3,20,72.9,60,60.4,40,34.4,30,61.4,,,,,34.207101,-118.204943,ANGELES CREST HWY SB,19.58
2025-01-07 22:20:00,769953,210,W,ML,200,51.0,40,60.6,90,56.4,60,41.1,10,24.1,,,,,34.206998,-118.201441,ANGELES CREST HWY NB,19.78
2025-01-07 22:20:00,769965,210,W,ML,80,50.8,30,70.5,10,71.0,30,34.1,10,21.8,,,,,34.232554,-118.271772,HONOLULU,15.28
2025-01-07 22:20:00,769983,210,W,ML,292,46.2,85,40.6,99,51.3,56,46.7,52,45.3,,,,,34.203186,-118.191671,GOULD,20.4
2025-01-07 22:20:00,770000,210,W,ML,222,52.9,55,57.0,61,54.3,55,50.9,51,49.1,,,,,34.19198,-118.181214,BERKSHIRE,21.39
2025-01-07 22:20:00,770129,210,W,ML,78,60.0,8,73.5,35,64.9,23,56.6,12,43.0,,,,,34.234984,-118.290562,LA TUNA CANYON NB,14.18
2025-01-07 22:20:00,770141,210,W,ML,56,56.8,9,65.0,23,63.4,6,65.7,18,41.2,,,,,34.234987,-118.294031,LA TUNA CANYON SB,13.98
2025-01-07 22:20:00,770386,210,W,ML,167,56.9,41,61.5,47,58.5,41,54.5,38,52.4,,,,,34.207155,-118.2137,EB/NB 2 TO EB 210 CN,19.08
2025-01-07 22:20:00,770401,210,W,ML,297,68.4,62,74.2,90,70.4,80,66.8,65,62.3,,,,,34.211095,-118.225948,EB/NB 2 TO WB 210 CN,18.32
2025-01-07 22:20:00,770568,210,W,ML,112,47.6,12,73.8,10,70.6,33,46.1,57,38.9,,,,,34.165953,-118.157943,HAMMOND ST.,23.79
2025-01-07 22:20:00,770579,210,W,ML,73,61.2,7,73.0,15,68.0,15,62.1,36,55.6,,,,,34.156597,-118.157944,WINONA WAY,24.442
2025-01-07 22:25:00,717615,210,W,ML,86,15.3,20,16.6,27,14.8,22,14.0,17,15.9,,,,,34.182539,-118.171545,ARROYO 1,22.3
2025-01-07 22:25:00,717622,210,W,ML,140,8.2,90,11.1,30,3.0,10,3.0,10,3.0,,,,,34.176273,-118.161942,LINCOLN 1,23.0
2025-01-07 22:25:00,717624,210,W,ML,163,56.8,29,63.0,37,59.8,34,55.4,31,53.2,32,52.9,,,34.164368,-118.158093,MOUNTAIN 1,23.9
2025-01-07 22:25:00,717627,210,W,ML,60,65.3,25,67.2,35,63.9,,,,,,,,,34.15225,-118.154678,WALNUT,24.9
2025-01-07 22:25:00,717630,210,W,ML,47,65.2,10,70.6,14,67.0,13,63.6,10,59.2,,,,,34.152218,-118.14821,FAIR OAKS 1,25.4
2025-01-07 22:25:00,717632,210,W,HV,47,65.1,47,65.1,,,,,,,,,,,34.152218,-118.14821,FAIR OAKS 1,25.4
2025-01-07 22:25:00,717634,210,W,ML,197,52.3,41,57.4,48,54.4,41,50.6,36,48.7,31,48.8,,,34.15195,-118.13555,LAKE 1,26.12
2025-01-07 22:25:00,717637,210,W,ML,142,56.3,16,74.4,35,68.1,37,51.3,30,45.9,24,47.8,,,34.152357,-118.123714,HILL,26.8
2025-01-07 22:25:00,717642,210,W,ML,157,58.2,29,73.9,35,69.2,28,55.1,27,50.3,38,43.9,,,34.1527,-118.102255,ALTADENA,28.03
2025-01-07 22:25:00,717643,210,W,HV,6,64.7,6,64.7,,,,,,,,,,,34.1527,-118.102255,ALTADENA,28.03
2025-01-07 22:25:00,717644,210,W,ML,157,55.3,28,70.3,34,63.9,33,61.1,35,42.2,27,38.9,,,34.152727,-118.098063,SAN GABRIEL,28.27
2025-01-07 22:25:00,717645,210,W,HV,9,64.5,9,64.5,,,,,,,,,,,34.152727,-118.098063,SAN GABRIEL,28.27
2025-01-07 22:25:00,717649,210,W,ML,138,60.9,34,71.0,30,65.8,26,52.9,33,56.8,15,51.5,,,34.148074,-118.08377,SIERRA MADRE V1,29.17
2025-01-07 22:25:00,717653,210,W,ML,104,54.5,28,54.5,30,53.5,22,54.8,16,55.5,8,55.1,,,34.148737,-118.071321,ROSEMEAD 1,29.879
2025-01-07 22:25:00,761318,210,W,HV,47,65.1,47,65.1,,,,,,,,,,,34.15195,-118.13555,LAKE 1,26.12
2025-01-07 22:25:00,761322,210,W,HV,5,64.9,5,64.9,,,,,,,,,,,34.152357,-118.123714,HILL,26.8
2025-01-07 22:25:00,761325,210,W,HV,11,64.2,11,64.2,,,,,,,,,,,34.148074,-118.08377,SIERRA MADRE V1,29.17
2025-01-07 22:25:00,761431,210,W,HV,47,65.1,47,65.1,,,,,,,,,,,34.148737,-118.071321,ROSEMEAD 1,29.879
2025-01-07 22:25:00,764135,210,W,HV,47,65.1,47,65.1,,,,,,,,,,,34.152092,-118.143249,MARENGO,25.68
2025-01-07 22:25:00,764137,210,W,ML,414,69.5,70,75.4,82,72.9,71,71.0,73,68.2,66,63.6,52,63.6,34.152092,-118.143249,MARENGO,25.68
2025-01-07 22:25:00,769807,210,W,ML,175,53.3,20,72.8,50,54.7,54,49.7,51,48.1,,,,,34.197068,-118.184827,FOOTHILL,20.98
2025-01-07 22:25:00,769867,210,W,ML,79,60.5,11,74.4,25,65.3,22,59.0,21,49.0,,,,,34.218652,-118.239558,LA CRESCENTA,17.38
2025-01-07 22:25:00,769911,210,W,ML,129,46.7,10,75.7,34,55.1,40,42.7,20,27.6,25,45.3,,,34.224897,-118.251344,PENNSYLVANIA,16.58
2025-01-07 22:25:00,769926,210,W,ML,179,57.2,32,62.8,37,59.6,31,55.7,27,53.6,25,54.1,27,55.5,34.214462,-118.232443,OCEAN VIEW,17.88
2025-01-07 22:25:00,769941,210,W,ML,150,55.3,20,72.9,60,60.4,40,34.4,30,61.4,,,,,34.207101,-118.204943,ANGELES CREST HWY SB,19.58
2025-01-07 22:25:00,769953,210,W,ML,200,51.0,40,60.6,90,56.4,60,41.1,10,24.1,,,,,34.206998,-118.201441,ANGELES CREST HWY NB,19.78
2025-01-07 22:25:00,769965,210,W,ML,80,50.8,30,70.5,10,71.0,30,34.1,10,21.8,,,,,34.232554,-118.271772,HONOLULU,15.28
2025-01-07 22:25:00,769983,210,W,ML,292,46.2,85,40.6,99,51.3,56,46.7,52,45.3,,,,,34.203186,-118.191671,GOULD,20.4
2025-01-07 22:25:00,770000,210,W,ML,222,52.9,55,57.0,61,54.3,55,50.9,51,49.1,,,,,34.19198,-118.181214,BERKSHIRE,21.39
2025-01-07 22:25:00,770129,210,W,ML,73,58.9,13,74.0,21,67.5,21,57.9,18,39.3,,,,,34.234984,-118.290562,LA TUNA CANYON NB,14.18
2025-01-07 22:25:00,770141,210,W,ML,62,58.5,12,67.6,26,64.3,6,65.5,18,41.6,,,,,34.234987,-118.294031,LA TUNA CANYON SB,13.98
2025-01-07 22:25:00,770386,210,W,ML,167,56.9,41,61.5,47,58.5,41,54.5,38,52.4,,,,,34.207155,-118.2137,EB/NB 2 TO EB 210 CN,19.08
2025-01-07 22:25:00,770401,210,W,ML,287,68.4,60,74.2,87,70.4,77,66.8,63,62.3,,,,,34.211095,-118.225948,EB/NB 2 TO WB 210 CN,18.32
2025-01-07 22:25:00,770568,210,W,ML,110,43.2,10,73.8,10,70.3,30,40.9,60,34.8,,,,,34.165953,-118.157943,HAMMOND ST.,23.79
2025-01-07 22:25:00,770579,210,W,ML,76,57.3,4,73.8,15,68.5,14,64.3,43,49.6,,,,,34.156597,-118.157944,WINONA WAY,24.442
2025-01-07 22:30:00,717615,210,W,ML,86,15.3,20,16.6,27,14.8,22,14.0,17,15.9,,,,,34.182539,-118.171545,ARROYO 1,22.3
2025-01-07 22:30:00,717622,210,W,ML,140,8.2,90,11.1,30,3.0,10,3.0,10,3.0,,,,,34.176273,-118.161942,LINCOLN 1,23.0
2025-01-07 22:30:00,717624,210,W,ML,159,58.2,28,64.5,36,61.3,33,56.8,31,54.5,31,54.1,,,34.164368,-118.158093,MOUNTAIN 1,23.9
2025-01-07 22:30:00,717627,210,W,ML,55,66.2,22,68.2,33,64.9,,,,,,,,,34.15225,-118.154678,WALNUT,24.9
2025-01-07 22:30:00,717630,210,W,ML,46,65.2,10,70.6,14,67.0,12,63.6,10,59.2,,,,,34.152218,-118.14821,FAIR OAKS 1,25.4
2025-01-07 22:30:00,717632,210,W,HV,46,65.1,46,65.1,,,,,,,,,,,34.152218,-118.14821,FAIR OAKS 1,25.4
2025-01-07 22:30:00,717634,210,W,ML,217,53.1,44,58.5,50,55.5,44,51.4,41,49.6,38,49.6,,,34.15195,-118.13555,LAKE 1,26.12
2025-01-07 22:30:00,717637,210,W,ML,183,56.9,38,73.3,32,67.1,45,52.0,32,51.0,36,41.8,,,34.152357,-118.123714,HILL,26.8
2025-01-07 22:30:00,717642,210,W,ML,161,56.2,32,73.7,28,65.1,32,52.4,31,44.9,38,47.3,,,34.1527,-118.102255,ALTADENA,28.03
2025-01-07 22:30:00,717643,210,W,HV,3,64.6,3,64.6,,,,,,,,,,,34.1527,-118.102255,ALTADENA,28.03
2025-01-07 22:30:00,717644,210,W,ML,198,50.6,40,67.5,38,55.6,40,54.0,44,40.0,36,35.8,,,34.152727,-118.098063,SAN GABRIEL,28.27
2025-01-07 22:30:00,717645,210,W,HV,4,64.6,4,64.6,,,,,,,,,,,34.152727,-118.098063,SAN GABRIEL,28.27
2025-01-07 22:30:00,717649,210,W,ML,160,55.9,32,71.4,36,61.8,34,43.1,38,54.0,20,46.0,,,34.148074,-118.08377,SIERRA MADRE V1,29.17
2025-01-07 22:30:00,717653,210,W,ML,138,49.2,38,49.1,39,48.4,29,48.3,22,50.9,10,51.9,,,34.148737,-118.071321,ROSEMEAD 1,29.879
2025-01-07 22:30:00,761318,210,W,HV,46,65.1,46,65.1,,,,,,,,,,,34.15195,-118.13555,LAKE 1,26.12
2025-01-07 22:30:00,761322,210,W,HV,1,64.8,1,64.8,,,,,,,,,,,34.152357,-118.123714,HILL,26.8
2025-01-07 22:30:00,761325,210,W,HV,4,64.4,4,64.4,,,,,,,,,,,34.148074,-118.08377,SIERRA MADRE V1,29.17
2025-01-07 22:30:00,761431,210,W,HV,46,65.1,46,65.1,,,,,,,,,,,34.148737,-118.071321,ROSEMEAD 1,29.879
2025-01-07 22:30:00,764135,210,W,HV,46,65.1,46,65.1,,,,,,,,,,,34.152092,-118.143249,MARENGO,25.68
2025-01-07 22:30:00,764137,210,W,ML,407,69.7,69,75.6,80,73.1,70,71.2,72,68.4,65,63.7,51,63.7,34.152092,-118.143249,MARENGO,25.68
2025-01-07 22:30:00,769807,210,W,ML,175,53.3,20,72.8,50,54.7,54,49.7,51,48.1,,,,,34.197068,-118.184827,FOOTHILL,20.98
2025-01-07 22:30:00,769867,210,W,ML,103,57.7,15,74.3,34,66.6,24,58.1,30,39.1,,,,,34.218652,-118.239558,LA CRESCENTA,17.38
2025-01-07 22:30:00,769911,210,W,ML,132,42.4,10,76.2,34,47.2,40,39.6,20,24.8,28,41.0,,,34.224897,-118.251344,PENNSYLVANIA,16.58
2025-01-07 22:30:00,769926,210,W,ML,223,56.6,41,62.0,46,58.9,38,55.1,33,53.0,32,53.5,33,55.0,34.214462,-118.232443,OCEAN VIEW,17.88
2025-01-07 22:30:00,769941,210,W,ML,150,55.3,20,72.9,60,60.4,40,34.4,30,61.4,,,,,34.207101,-118.204943,ANGELES CREST HWY SB,19.58
2025-01-07 22:30:00,769953,210,W,ML,200,51.0,40,60.6,90,56.4,60,41.1,10,24.1,,,,,34.206998,-118.201441,ANGELES CREST HWY NB,19.78
2025-01-07 22:30:00,769965,210,W,ML,80,50.8,30,70.5,10,71.0,30,34.1,10,21.8,,,,,34.232554,-118.271772,HONOLULU,15.28
2025-01-07 22:30:00,769983,210,W,ML,292,46.2,85,40.6,99,51.3,56,46.7,52,45.3,,,,,34.203186,-118.191671,GOULD,20.4
2025-01-07 22:30:00,770000,210,W,ML,222,52.9,55,57.0,61,54.3,55,50.9,51,49.1,,,,,34.19198,-118.181214,BERKSHIRE,21.39
2025-01-07 22:30:00,770129,210,W,ML,76,64.5,21,74.1,23,68.3,20,61.4,12,45.5,,,,,34.234984,-118.290562,LA TUNA CANYON NB,14.18
2025-01-07 22:30:00,770141,210,W,ML,46,59.3,5,68.4,20,65.6,5,65.8,16,46.5,,,,,34.234987,-118.294031,LA TUNA CANYON SB,13.98
2025-01-07 22:30:00,770386,210,W,ML,167,56.9,41,61.5,47,58.5,41,54.5,38,52.4,,,,,34.207155,-118.2137,EB/NB 2 TO EB 210 CN,19.08
2025-01-07 22:30:00,770401,210,W,ML,277,68.4,58,74.2,84,70.4,74,66.8,61,62.3,,,,,34.211095,-118.225948,EB/NB 2 TO WB 210 CN,18.32
2025-01-07 22:30:00,770568,210,W,ML,110,41.4,10,73.8,10,70.1,30,38.3,60,32.8,,,,,34.165953,-118.157943,HAMMOND ST.,23.79
2025-01-07 22:30:00,770579,210,W,ML,63,58.5,4,74.1,12,69.2,8,65.5,39,52.1,,,,,34.156597,-118.157944,WINONA WAY,24.442
2025-01-07 22:35:00,717615,210,W,ML,86,15.3,20,16.6,27,14.8,22,14.0,17,15.9,,,,,34.182539,-118.171545,ARROYO 1,22.3
2025-01-07 22:35:00,717622,210,W,ML,140,8.2,90,11.1,30,3.0,10,3.0,10,3.0,,,,,34.176273,-118.161942,LINCOLN 1,23.0
2025-01-07 22:35:00,717624,210,W,ML,163,60.4,31,66.6,39,63.3,34,58.8,30,56.3,29,55.8,,,34.164368,-118.158093,MOUNTAIN 1,23.9
2025-01-07 22:35:00,717627,210,W,ML,68,66.8,29,68.7,39,65.4,,,,,,,,,34.15225,-118.154678,WALNUT,24.9
2025-01-07 22:35:00,717630,210,W,ML,44,65.0,9,70.6,13,67.0,12,63.6,10,59.2,,,,,34.152218,-118.14821,FAIR OAKS 1,25.4
2025-01-07 22:35:00,717632,210,W,HV,44,65.1,44,65.1,,,,,,,,,,,34.152218,-118.14821,FAIR OAKS 1,25.4
2025-01-07 22:35:00,717634,210,W,ML,238,50.6,51,55.6,57,52.7,50,48.7,43,47.2,37,47.3,,,34.15195,-118.13555,LAKE 1,26.12
2025-01-07 22:35:00,717637,210,W,ML,183,54.6,32,73.3,43,64.4,31,50.5,44,45.6,33,39.5,,,34.152357,-118.123714,HILL,26.8
2025-01-07 22:35:00,717642,210,W,ML,171,55.4,33,73.8,35,65.0,31,51.6,31,45.3,41,43.0,,,34.1527,-118.102255,ALTADENA,28.03
2025-01-07 22:35:00,717643,210,W,HV,7,64.8,7,64.8,,,,,,,,,,,34.1527,-118.102255,ALTADENA,28.03
2025-01-07 22:35:00,717644,210,W,ML,185,52.5,31,69.1,45,56.9,41,54.3,40,42.7,28,38.3,,,34.152727,-118.098063,SAN GABRIEL,28.27
2025-01-07 22:35:00,717645,210,W,HV,6,64.8,6,64.8,,,,,,,,,,,34.152727,-118.098063,SAN GABRIEL,28.27
2025-01-07 22:35:00,717649,210,W,ML,183,55.2,37,70.1,48,58.5,36,43.7,38,54.4,24,44.5,,,34.148074,-118.08377,SIERRA MADRE V1,29.17
2025-01-07 22:35:00,717653,210,W,ML,147,48.6,40,47.6,41,47.0,31,48.7,24,51.2,11,51.7,,,34.148737,-118.071321,ROSEMEAD 1,29.879
2025-01-07 22:35:00,761318,210,W,HV,44,65.1,44,65.1,,,,,,,,,,,34.15195,-118.13555,LAKE 1,26.12
2025-01-07 22:35:00,761322,210,W,HV,9,64.8,9,64.8,,,,,,,,,,,34.152357,-118.123714,HILL,26.8
2025-01-07 22:35:00,761325,210,W,HV,2,64.7,2,64.7,,,,,,,,,,,34.148074,-118.08377,SIERRA MADRE V1,29.17
2025-01-07 22:35:00,761431,210,W,HV,44,65.1,44,65.1,,,,,,,,,,,34.148737,-118.071321,ROSEMEAD 1,29.879
2025-01-07 22:35:00,764135,210,W,HV,44,65.1,44,65.1,,,,,,,,,,,34.152092,-118.143249,MARENGO,25.68
2025-01-07 22:35:00,764137,210,W,ML,395,70.0,67,75.9,78,73.5,68,71.5,70,68.7,63,64.0,49,64.0,34.152092,-118.143249,MARENGO,25.68
2025-01-07 22:35:00,769807,210,W,ML,175,53.3,20,72.8,50,54.7,54,49.7,51,48.1,,,,,34.197068,-118.184827,FOOTHILL,20.98
2025-01-07 22:35:00,769867,210,W,ML,70,61.2,10,74.2,20,69.0,20,63.3,20,44.8,,,,,34.218652,-118.239558,LA CRESCENTA,17.38
2025-01-07 22:35:00,769911,210,W,ML,129,43.3,10,76.5,34,51.8,40,38.0,20,23.4,25,42.7,,,34.224897,-118.251344,PENNSYLVANIA,16.58
2025-01-07 22:35:00,769926,210,W,ML,172,60.1,29,66.3,36,63.1,30,58.9,26,56.4,25,56.6,26,57.5,34.214462,-118.232443,OCEAN VIEW,17.88
2025-01-07 22:35:00,769941,210,W,ML,150,55.3,20,72.9,60,60.4,40,34.4,30,61.4,,,,,34.207101,-118.204943,ANGELES CREST HWY SB,19.58
2025-01-07 22:35:00,769953,210,W,ML,200,51.0,40,60.6,90,56.4,60,41.1,10,24.1,,,,,34.206998,-118.201441,ANGELES CREST HWY NB,19.78
2025-01-07 22:35:00,769965,210,W,ML,80,50.8,30,70.5,10,71.0,30,34.1,10,21.8,,,,,34.232554,-118.271772,HONOLULU,15.28
2025-01-07 22:35:00,769983,210,W,ML,292,46.2,85,40.6,99,51.3,56,46.7,52,45.3,,,,,34.203186,-118.191671,GOULD,20.4
2025-01-07 22:35:00,770000,210,W,ML,222,52.9,55,57.0,61,54.3,55,50.9,51,49.1,,,,,34.19198,-118.181214,BERKSHIRE,21.39
2025-01-07 22:35:00,770129,210,W,ML,99,59.7,16,74.1,38,69.1,21,60.6,24,34.5,,,,,34.234984,-118.290562,LA TUNA CANYON NB,14.18
2025-01-07 22:35:00,770141,210,W,ML,87,59.7,21,68.0,34,63.3,8,65.2,24,45.4,,,,,34.234987,-118.294031,LA TUNA CANYON SB,13.98
2025-01-07 22:35:00,770386,210,W,ML,167,56.9,41,61.5,47,58.5,41,54.5,38,52.4,,,,,34.207155,-118.2137,EB/NB 2 TO EB 210 CN,19.08
2025-01-07 22:35:00,770401,210,W,ML,269,68.5,56,74.3,82,70.5,72,66.9,59,62.3,,,,,34.211095,-118.225948,EB/NB 2 TO WB 210 CN,18.32
2025-01-07 22:35:00,770568,210,W,ML,110,40.5,10,73.8,10,70.0,30,37.0,60,31.8,,,,,34.165953,-118.157943,HAMMOND ST.,23.79
2025-01-07 22:35:00,770579,210,W,ML,57,63.4,2,74.5,20,69.5,10,66.2,25,56.5,,,,,34.156597,-118.157944,WINONA WAY,24.442
2025-01-07 22:40:00,717615,210,W,ML,86,15.3,20,16.6,27,14.8,22,14.0,17,15.9,,,,,34.182539,-118.171545,ARROYO 1,22.3
2025-01-07 22:40:00,717622,210,W,ML,140,8.2,90,11.1,30,3.0,10,3.0,10,3.0,,,,,34.176273,-118.161942,LINCOLN 1,23.0
2025-01-07 22:40:00,717624,210,W,ML,166,61.0,31,67.3,39,64.0,35,59.5,32,56.9,29,56.5,,,34.164368,-118.158093,MOUNTAIN 1,23.9
2025-01-07 22:40:00,717627,210,W,ML,68,66.8,29,68.7,39,65.4,,,,,,,,,34.15225,-118.154678,WALNUT,24.9
2025-01-07 22:40:00,717630,210,W,ML,44,65.0,9,70.6,13,67.0,12,63.6,10,59.2,,,,,34.152218,-118.14821,FAIR OAKS 1,25.4
2025-01-07 22:40:00,717632,210,W,HV,44,65.1,44,65.1,,,,,,,,,,,34.152218,-118.14821,FAIR OAKS 1,25.4
2025-01-07 22:40:00,717634,210,W,ML,236,50.8,49,55.9,55,53.0,48,49.0,43,47.4,41,47.6,,,34.15195,-118.13555,LAKE 1,26.12
2025-01-07 22:40:00,717637,210,W,ML,202,55.1,37,73.3,42,67.2,35,49.5,40,47.3,48,40.9,,,34.152357,-118.123714,HILL,26.8
2025-01-07 22:40:00,717642,210,W,ML,194,55.7,34,73.5,38,66.9,36,51.9,34,42.8,52,47.0,,,34.1527,-118.102255,ALTADENA,28.03
2025-01-07 22:40:00,717643,210,W,HV,10,64.7,10,64.7,,,,,,,,,,,34.1527,-118.102255,ALTADENA,28.03
2025-01-07 22:40:00,717644,210,W,ML,222,52.2,41,69.3,47,57.8,43,50.8,57,42.5,34,41.7,,,34.152727,-118.098063,SAN GABRIEL,28.27
2025-01-07 22:40:00,717645,210,W,HV,8,64.8,8,64.8,,,,,,,,,,,34.152727,-118.098063,SAN GABRIEL,28.27
2025-01-07 22:40:00,717649,210,W,ML,178,54.9,38,68.4,43,59.2,38,40.3,41,54.0,18,48.9,,,34.148074,-118.08377,SIERRA MADRE V1,29.17
2025-01-07 22:40:00,717653,210,W,ML,155,51.6,42,52.0,43,51.1,33,50.6,25,52.4,12,53.3,,,34.148737,-118.071321,ROSEMEAD 1,29.879
2025-01-07 22:40:00,761318,210,W,HV,44,65.1,44,65.1,,,,,,,,,,,34.15195,-118.13555,LAKE 1,26.12
2025-01-07 22:40:00,761322,210,W,HV,6,64.8,6,64.8,,,,,,,,,,,34.152357,-118.123714,HILL,26.8
2025-01-07 22:40:00,761325,210,W,HV,6,64.7,6,64.7,,,,,,,,,,,34.148074,-118.08377,SIERRA MADRE V1,29.17
2025-01-07 22:40:00,761431,210,W,HV,44,65.1,44,65.1,,,,,,,,,,,34.148737,-118.071321,ROSEMEAD 1,29.879
2025-01-07 22:40:00,764135,210,W,HV,44,65.1,44,65.1,,,,,,,,,,,34.152092,-118.143249,MARENGO,25.68
2025-01-07 22:40:00,764137,210,W,ML,394,70.2,67,76.2,78,73.7,68,71.7,69,68.9,63,64.2,49,64.2,34.152092,-118.143249,MARENGO,25.68
2025-01-07 22:40:00,769807,210,W,ML,175,53.3,20,72.8,50,54.7,54,49.7,51,48.1,,,,,34.197068,-118.184827,FOOTHILL,20.98
2025-01-07 22:40:00,769867,210,W,ML,70,63.1,10,74.1,20,70.2,20,65.9,20,47.7,,,,,34.218652,-118.239558,LA CRESCENTA,17.38
2025-01-07 22:40:00,769911,210,W,ML,129,43.7,10,76.6,34,54.1,40,37.2,20,22.7,25,43.6,,,34.224897,-118.251344,PENNSYLVANIA,16.58
2025-01-07 22:40:00,769926,210,W,ML,172,61.9,29,68.5,36,65.2,30,60.7,26,58.1,25,58.1,26,58.7,34.214462,-118.232443,OCEAN VIEW,17.88
2025-01-07 22:40:00,769941,210,W,ML,150,55.3,20,72.9,60,60.4,40,34.4,30,61.4,,,,,34.207101,-118.204943,ANGELES CREST HWY SB,19.58
2025-01-07 22:40:00,769953,210,W,ML,200,51.0,40,60.6,90,56.4,60,41.1,10,24.1,,,,,34.206998,-118.201441,ANGELES CREST HWY NB,19.78
2025-01-07 22:40:00,769965,210,W,ML,80,50.8,30,70.5,10,71.0,30,34.1,10,21.8,,,,,34.232554,-118.271772,HONOLULU,15.28
2025-01-07 22:40:00,769983,210,W,ML,292,46.2,85,40.6,99,51.3,56,46.7,52,45.3,,,,,34.203186,-118.191671,GOULD,20.4
2025-01-07 22:40:00,770000,210,W,ML,222,52.9,55,57.0,61,54.3,55,50.9,51,49.1,,,,,34.19198,-118.181214,BERKSHIRE,21.39
2025-01-07 22:40:00,770129,210,W,ML,84,61.4,16,74.1,33,70.0,21,57.8,14,32.2,,,,,34.234984,-118.290562,LA TUNA CANYON NB,14.18
2025-01-07 22:40:00,770141,210,W,ML,49,56.3,6,67.6,21,62.9,5,65.1,17,41.5,,,,,34.234987,-118.294031,LA TUNA CANYON SB,13.98
2025-01-07 22:40:00,770386,210,W,ML,167,56.9,41,61.5,47,58.5,41,54.5,38,52.4,,,,,34.207155,-118.2137,EB/NB 2 TO EB 210 CN,19.08
2025-01-07 22:40:00,770401,210,W,ML,264,68.6,55,74.4,80,70.6,71,67.0,58,62.4,,,,,34.211095,-118.225948,EB/NB 2 TO WB 210 CN,18.32
2025-01-07 22:40:00,770568,210,W,ML,110,40.0,10,73.8,10,70.0,30,36.3,60,31.3,,,,,34.165953,-118.157943,HAMMOND ST.,23.79
2025-01-07 22:40:00,770579,210,W,ML,64,64.5,6,74.6,20,69.5,9,66.6,29,58.3,,,,,34.156597,-118.157944,WINONA WAY,24.442
2025-01-07 22:45:00,717615,210,W,ML,86,15.3,20,16.6,27,14.8,22,14.0,17,15.9,,,,,34.182539,-118.171545,ARROYO 1,22.3
2025-01-07 22:45:00,717622,210,W,ML,140,8.2,90,11.1,30,3.0,10,3.0,10,3.0,,,,,34.176273,-118.161942,LINCOLN 1,23.0
2025-01-07 22:45:00,717624,210,W,ML,154,61.2,27,67.7,36,64.4,32,59.9,30,57.3,29,56.8,,,34.164368,-118.158093,MOUNTAIN 1,23.9
2025-01-07 22:45:00,717627,210,W,ML,53,67.0,21,69.0,32,65.7,,,,,,,,,34.15225,-118.154678,WALNUT,24.9
2025-01-07 22:45:00,717630,210,W,ML,43,65.2,9,70.6,13,67.0,12,63.6,9,59.2,,,,,34.152218,-118.14821,FAIR OAKS 1,25.4
2025-01-07 22:45:00,717632,210,W,HV,43,65.1,43,65.1,,,,,,,,,,,34.152218,-118.14821,FAIR OAKS 1,25.4
2025-01-07 22:45:00,717634,210,W,ML,225,48.2,46,53.1,53,50.2,46,46.4,41,44.9,39,45.4,,,34.15195,-118.13555,LAKE 1,26.12
2025-01-07 22:45:00,717637,210,W,ML,184,53.2,32,73.2,34,69.1,37,48.7,41,40.9,40,40.6,,,34.152357,-118.123714,HILL,26.8
2025-01-07 22:45:00,717642,210,W,ML,186,53.5,27,74.3,37,67.8,36,48.3,36,39.2,50,45.6,,,34.1527,-118.102255,ALTADENA,28.03
2025-01-07 22:45:00,717643,210,W,HV,4,64.8,4,64.8,,,,,,,,,,,34.1527,-118.102255,ALTADENA,28.03
2025-01-07 22:45:00,717644,210,W,ML,211,49.3,33,70.4,44,54.6,46,45.9,46,41.3,42,39.8,,,34.152727,-118.098063,SAN GABRIEL,28.27
2025-01-07 22:45:00,717645,210,W,HV,3,64.8,3,64.8,,,,,,,,,,,34.152727,-118.098063,SAN GABRIEL,28.27
2025-01-07 22:45:00,717649,210,W,ML,201,53.8,29,70.5,50,63.2,47,40.0,43,52.5,32,46.1,,,34.148074,-118.08377,SIERRA MADRE V1,29.17
2025-01-07 22:45:00,717653,210,W,ML,194,49.2,53,49.2,52,48.5,40,48.1,32,50.6,17,52.0,,,34.148737,-118.071321,ROSEMEAD 1,29.879
2025-01-07 22:45:00,761318,210,W,HV,43,65.1,43,65.1,,,,,,,,,,,34.15195,-118.13555,LAKE 1,26.12
2025-01-07 22:45:00,761322,210,W,HV,5,64.9,5,64.9,,,,,,,,,,,34.152357,-118.123714,HILL,26.8
2025-01-07 22:45:00,761325,210,W,HV,5,64.7,5,64.7,,,,,,,,,,,34.148074,-118.08377,SIERRA MADRE V1,29.17
2025-01-07 22:45:00,761431,210,W,HV,43,65.1,43,65.1,,,,,,,,,,,34.148737,-118.071321,ROSEMEAD 1,29.879
2025-01-07 22:45:00,764135,210,W,HV,43,65.1,43,65.1,,,,,,,,,,,34.152092,-118.143249,MARENGO,25.68
2025-01-07 22:45:00,764137,210,W,ML,379,70.3,64,76.3,75,73.8,65,71.8,67,69.0,61,64.3,47,64.3,34.152092,-118.143249,MARENGO,25.68
2025-01-07 22:45:00,769807,210,W,ML,175,53.3,20,72.8,50,54.7,54,49.7,51,48.1,,,,,34.197068,-118.184827,FOOTHILL,20.98
2025-01-07 22:45:00,769867,210,W,ML,70,64.0,10,74.1,20,70.8,20,67.2,20,49.1,,,,,34.218652,-118.239558,LA CRESCENTA,17.38
2025-01-07 22:45:00,769911,210,W,ML,129,43.9,10,76.7,34,55.2,40,36.8,20,22.3,25,44.1,,,34.224897,-118.251344,PENNSYLVANIA,16.58
2025-01-07 22:45:00,769926,210,W,ML,172,62.8,29,69.6,36,66.2,30,61.7,26,59.0,25,58.9,26,59.1,34.214462,-118.232443,OCEAN VIEW,17.88
2025-01-07 22:45:00,769941,210,W,ML,150,55.3,20,72.9,60,60.4,40,34.4,30,61.4,,,,,34.207101,-118.204943,ANGELES CREST HWY SB,19.58
2025-01-07 22:45:00,769953,210,W,ML,200,51.0,40,60.6,90,56.4,60,41.1,10,24.1,,,,,34.206998,-118.201441,ANGELES CREST HWY NB,19.78
2025-01-07 22:45:00,769965,210,W,ML,80,50.8,30,70.5,10,71.0,30,34.1,10,21.8,,,,,34.232554,-118.271772,HONOLULU,15.28
2025-01-07 22:45:00,769983,210,W,ML,292,46.2,85,40.6,99,51.3,56,46.7,52,45.3,,,,,34.203186,-118.191671,GOULD,20.4
2025-01-07 22:45:00,770000,210,W,ML,222,52.9,55,57.0,61,54.3,55,50.9,51,49.1,,,,,34.19198,-118.181214,BERKSHIRE,21.39
2025-01-07 22:45:00,770129,210,W,ML,92,61.1,25,73.7,30,68.1,21,57.1,16,33.3,,,,,34.234984,-118.290562,LA TUNA CANYON NB,14.18
2025-01-07 22:45:00,770141,210,W,ML,53,56.8,8,67.8,23,63.1,5,65.1,17,40.5,,,,,34.234987,-118.294031,LA TUNA CANYON SB,13.98
2025-01-07 22:45:00,770386,210,W,ML,167,56.9,41,61.5,47,58.5,41,54.5,38,52.4,,,,,34.207155,-118.2137,EB/NB 2 TO EB 210 CN,19.08
2025-01-07 22:45:00,770401,210,W,ML,257,68.6,54,74.4,78,70.6,69,67.0,56,62.4,,,,,34.211095,-118.225948,EB/NB 2 TO WB 210 CN,18.32
2025-01-07 22:45:00,770568,210,W,ML,110,39.8,10,73.8,10,70.0,30,36.0,60,31.0,,,,,34.165953,-118.157943,HAMMOND ST.,23.79
2025-01-07 22:45:00,770579,210,W,ML,57,64.1,5,74.7,11,69.9,12,66.7,29,59.0,,,,,34.156597,-118.157944,WINONA WAY,24.442
2025-01-07 22:50:00,717615,210,W,ML,86,15.3,20,16.6,27,14.8,22,14.0,17,15.9,,,,,34.182539,-118.171545,ARROYO 1,22.3
2025-01-07 22:50:00,717622,210,W,ML,140,8.2,90,11.1,30,3.0,10,3.0,10,3.0,,,,,34.176273,-118.161942,LINCOLN 1,23.0
2025-01-07 22:50:00,717624,210,W,ML,143,61.7,23,68.4,33,65.1,30,60.6,28,57.9,29,57.4,,,34.164368,-118.158093,MOUNTAIN 1,23.9
2025-01-07 22:50:00,717627,210,W,ML,53,67.3,23,69.3,30,65.9,,,,,,,,,34.15225,-118.154678,WALNUT,24.9
2025-01-07 22:50:00,717630,210,W,ML,41,65.2,9,70.6,12,67.0,11,63.6,9,59.2,,,,,34.152218,-118.14821,FAIR OAKS 1,25.4
2025-01-07 22:50:00,717632,210,W,HV,41,65.1,41,65.1,,,,,,,,,,,34.152218,-118.14821,FAIR OAKS 1,25.4
2025-01-07 22:50:00,717634,210,W,ML,249,49.9,52,55.0,58,52.0,50,48.0,46,46.5,43,46.8,,,34.15195,-118.13555,LAKE 1,26.12
2025-01-07 22:50:00,717637,210,W,ML,198,53.5,32,72.2,39,68.7,35,50.8,48,43.6,44,39.5,,,34.152357,-118.123714,HILL,26.8
2025-01-07 22:50:00,717642,210,W,ML,170,54.3,31,73.5,35,67.9,32,47.8,31,37.9,41,45.5,,,34.1527,-118.102255,ALTADENA,28.03
2025-01-07 22:50:00,717643,210,W,HV,6,64.8,6,64.8,,,,,,,,,,,34.1527,-118.102255,ALTADENA,28.03
2025-01-07 22:50:00,717644,210,W,ML,191,47.9,36,68.9,45,55.2,36,44.1,43,41.1,31,26.9,,,34.152727,-118.098063,SAN GABRIEL,28.27
2025-01-07 22:50:00,717645,210,W,HV,3,64.8,3,64.8,,,,,,,,,,,34.152727,-118.098063,SAN GABRIEL,28.27
2025-01-07 22:50:00,717649,210,W,ML,155,57.0,28,72.8,42,66.3,31,38.8,38,52.0,16,52.1,,,34.148074,-118.08377,SIERRA MADRE V1,29.17
2025-01-07 22:50:00,717653,210,W,ML,128,54.4,34,55.1,35,54.1,27,53.6,20,54.6,12,54.8,,,34.148737,-118.071321,ROSEMEAD 1,29.879
2025-01-07 22:50:00,761318,210,W,HV,41,65.1,41,65.1,,,,,,,,,,,34.15195,-118.13555,LAKE 1,26.12
2025-01-07 22:50:00,761322,210,W,HV,8,64.8,8,64.8,,,,,,,,,,,34.152357,-118.123714,HILL,26.8
2025-01-07 22:50:00,761325,210,W,HV,1,64.8,1,64.8,,,,,,,,,,,34.148074,-118.08377,SIERRA MADRE V1,29.17
2025-01-07 22:50:00,761431,210,W,HV,41,65.1,41,65.1,,,,,,,,,,,34.148737,-118.071321,ROSEMEAD 1,29.879
2025-01-07 22:50:00,764135,210,W,HV,41,65.1,41,65.1,,,,,,,,,,,34.152092,-118.143249,MARENGO,25.68
2025-01-07 22:50:00,764137,210,W,ML,361,70.5,61,76.5,71,74.0,62,72.0,64,69.2,58,64.5,45,64.5,34.152092,-118.143249,MARENGO,25.68
2025-01-07 22:50:00,769807,210,W,ML,175,53.3,20,72.8,50,54.7,54,49.7,51,48.1,,,,,34.197068,-118.184827,FOOTHILL,20.98
2025-01-07 22:50:00,769867,210,W,ML,70,64.5,10,74.1,20,71.1,20,67.9,20,49.8,,,,,34.218652,-118.239558,LA CRESCENTA,17.38
2025-01-07 22:50:00,769911,210,W,ML,129,44.0,10,76.7,34,55.8,40,36.6,20,22.1,25,44.3,,,34.224897,-118.251344,PENNSYLVANIA,16.58
2025-01-07 22:50:00,769926,210,W,ML,172,63.0,29,70.0,36,66.5,30,61.9,26,59.2,25,59.2,26,59.3,34.214462,-118.232443,OCEAN VIEW,17.88
2025-01-07 22:50:00,769941,210,W,ML,150,55.3,20,72.9,60,60.4,40,34.4,30,61.4,,,,,34.207101,-118.204943,ANGELES CREST HWY SB,19.58
2025-01-07 22:50:00,769953,210,W,ML,200,51.0,40,60.6,90,56.4,60,41.1,10,24.1,,,,,34.206998,-118.201441,ANGELES CREST HWY NB,19.78
2025-01-07 22:50:00,769965,210,W,ML,80,50.8,30,70.5,10,71.0,30,34.1,10,21.8,,,,,34.232554,-118.271772,HONOLULU,15.28
2025-01-07 22:50:00,769983,210,W,ML,292,46.2,85,40.6,99,51.3,56,46.7,52,45.3,,,,,34.203186,-118.191671,GOULD,20.4
2025-01-07 22:50:00,770000,210,W,ML,222,52.9,55,57.0,61,54.3,55,50.9,51,49.1,,,,,34.19198,-118.181214,BERKSHIRE,21.39
2025-01-07 22:50:00,770129,210,W,ML,83,60.4,16,73.8,37,69.6,17,48.9,13,32.7,,,,,34.234984,-118.290562,LA TUNA CANYON NB,14.18
2025-01-07 22:50:00,770141,210,W,ML,41,53.2,4,67.7,19,63.0,4,65.1,14,32.3,,,,,34.234987,-118.294031,LA TUNA CANYON SB,13.98
2025-01-07 22:50:00,770386,210,W,ML,167,56.9,41,61.5,47,58.5,41,54.5,38,52.4,,,,,34.207155,-118.2137,EB/NB 2 TO EB 210 CN,19.08
2025-01-07 22:50:00,770401,210,W,ML,245,68.6,51,74.4,74,70.6,66,67.0,54,62.4,,,,,34.211095,-118.225948,EB/NB 2 TO WB 210 CN,18.32
2025-01-07 22:50:00,770568,210,W,ML,110,39.7,10,73.8,10,70.0,30,35.8,60,30.9,,,,,34.165953,-118.157943,HAMMOND ST.,23.79
2025-01-07 22:50:00,770579,210,W,ML,44,67.1,6,74.7,13,70.2,12,66.9,13,60.7,,,,,34.156597,-118.157944,WINONA WAY,24.442
2025-01-07 22:55:00,717615,210,W,ML,86,15.3,20,16.6,27,14.8,22,14.0,17,15.9,,,,,34.182539,-118.171545,ARROYO 1,22.3
2025-01-07 22:55:00,717622,210,W,ML,140,8.2,90,11.1,30,3.0,10,3.0,10,3.0,,,,,34.176273,-118.161942,LINCOLN 1,23.0
2025-01-07 22:55:00,717624,210,W,ML,140,62.1,23,68.8,32,65.5,29,61.0,27,58.2,29,57.8,,,34.164368,-118.158093,MOUNTAIN 1,23.9
2025-01-07 22:55:00,717627,210,W,ML,49,67.2,19,69.3,30,65.9,,,,,,,,,34.15225,-118.154678,WALNUT,24.9
2025-01-07 22:55:00,717630,210,W,ML,38,65.2,8,70.6,12,67.0,10,63.6,8,59.2,,,,,34.152218,-118.14821,FAIR OAKS 1,25.4
2025-01-07 22:55:00,717632,210,W,HV,38,65.1,38,65.1,,,,,,,,,,,34.152218,-118.14821,FAIR OAKS 1,25.4
2025-01-07 22:55:00,717634,210,W,ML,221,50.8,46,55.9,52,52.9,46,49.0,41,47.3,36,47.5,,,34.15195,-118.13555,LAKE 1,26.12
2025-01-07 22:55:00,717637,210,W,ML,178,55.1,32,73.4,39,67.0,33,53.7,36,40.7,38,42.2,,,34.152357,-118.123714,HILL,26.8
2025-01-07 22:55:00,717642,210,W,ML,195,54.5,37,74.5,41,67.3,37,48.0,35,37.8,45,44.8,,,34.1527,-118.102255,ALTADENA,28.03
2025-01-07 22:55:00,717643,210,W,HV,6,64.9,6,64.9,,,,,,,,,,,34.1527,-118.102255,ALTADENA,28.03
2025-01-07 22:55:00,717644,210,W,ML,214,48.9,39,71.3,47,55.8,36,43.3,53,41.9,39,32.6,,,34.152727,-118.098063,SAN GABRIEL,28.27
2025-01-07 22:55:00,717645,210,W,HV,5,65.0,5,65.0,,,,,,,,,,,34.152727,-118.098063,SAN GABRIEL,28.27
2025-01-07 22:55:00,717649,210,W,ML,185,55.6,38,72.4,44,62.9,34,35.9,42,52.0,27,50.3,,,34.148074,-118.08377,SIERRA MADRE V1,29.17
2025-01-07 22:55:00,717653,210,W,ML,148,52.8,43,53.3,42,52.4,31,51.9,22,53.4,10,53.9,,,34.148737,-118.071321,ROSEMEAD 1,29.879
2025-01-07 22:55:00,761318,210,W,HV,38,65.1,38,65.1,,,,,,,,,,,34.15195,-118.13555,LAKE 1,26.12
2025-01-07 22:55:00,761322,210,W,HV,6,64.9,6,64.9,,,,,,,,,,,34.152357,-118.123714,HILL,26.8
2025-01-07 22:55:00,761325,210,W,HV,4,64.9,4,64.9,,,,,,,,,,,34.148074,-118.08377,SIERRA MADRE V1,29.17
2025-01-07 22:55:00,761431,210,W,HV,38,65.1,38,65.1,,,,,,,,,,,34.148737,-118.071321,ROSEMEAD 1,29.879
2025-01-07 22:55:00,764135,210,W,HV,38,65.1,38,65.1,,,,,,,,,,,34.152092,-118.143249,MARENGO,25.68
2025-01-07 22:55:00,764137,210,W,ML,348,70.4,59,76.4,69,73.9,60,71.9,61,69.1,56,64.4,43,64.4,34.152092,-118.143249,MARENGO,25.68
2025-01-07 22:55:00,769807,210,W,ML,175,53.3,20,72.8,50,54.7,54,49.7,51,48.1,,,,,34.197068,-118.184827,FOOTHILL,20.98
2025-01-07 22:55:00,769867,210,W,ML,70,64.8,10,74.1,20,71.3,20,68.2,20,50.2,,,,,34.218652,-118.239558,LA CRESCENTA,17.38
2025-01-07 22:55:00,769911,210,W,ML,129,44.1,10,76.7,34,56.1,40,36.5,20,22.0,25,44.4,,,34.224897,-118.251344,PENNSYLVANIA,16.58
2025-01-07 22:55:00,769926,210,W,ML,172,63.2,29,70.1,36,66.7,30,62.1,26,59.3,25,59.3,26,59.4,34.214462,-118.232443,OCEAN VIEW,17.88
2025-01-07 22:55:00,769941,210,W,ML,150,55.3,20,72.9,60,60.4,40,34.4,30,61.4,,,,,34.207101,-118.204943,ANGELES CREST HWY SB,19.58
2025-01-07 22:55:00,769953,210,W,ML,200,51.0,40,60.6,90,56.4,60,41.1,10,24.1,,,,,34.206998,-118.201441,ANGELES CREST HWY NB,19.78
2025-01-07 22:55:00,769965,210,W,ML,80,50.8,30,70.5,10,71.0,30,34.1,10,21.8,,,,,34.232554,-118.271772,HONOLULU,15.28
2025-01-07 22:55:00,769983,210,W,ML,292,46.2,85,40.6,99,51.3,56,46.7,52,45.3,,,,,34.203186,-118.191671,GOULD,20.4
2025-01-07 22:55:00,770000,210,W,ML,222,52.9,55,57.0,61,54.3,55,50.9,51,49.1,,,,,34.19198,-118.181214,BERKSHIRE,21.39
2025-01-07 22:55:00,770129,210,W,ML,85,58.3,14,74.0,34,66.3,22,52.0,15,34.8,,,,,34.234984,-118.290562,LA TUNA CANYON NB,14.18
2025-01-07 22:55:00,770141,210,W,ML,53,54.7,8,66.4,22,63.4,6,65.2,17,34.1,,,,,34.234987,-118.294031,LA TUNA CANYON SB,13.98
2025-01-07 22:55:00,770386,210,W,ML,167,56.9,41,61.5,47,58.5,41,54.5,38,52.4,,,,,34.207155,-118.2137,EB/NB 2 TO EB 210 CN,19.08
2025-01-07 22:55:00,770401,210,W,ML,232,68.6,49,74.4,70,70.6,62,67.0,51,62.4,,,,,34.211095,-118.225948,EB/NB 2 TO WB 210 CN,18.32
2025-01-07 22:55:00,770568,210,W,ML,110,39.6,10,73.8,10,70.0,30,35.7,60,30.8,,,,,34.165953,-118.157943,HAMMOND ST.,23.79
2025-01-07 22:55:00,770579,210,W,ML,33,65.4,1,74.6,8,70.2,8,67.2,16,61.6,,,,,34.156597,-118.157944,WINONA WAY,24.442
2025-01-07 23:00:00,717615,210,W,ML,86,15.3,20,16.6,27,14.8,22,14.0,17,15.9,,,,,34.182539,-118.171545,ARROYO 1,22.3
2025-01-07 23:00:00,717622,210,W,ML,140,8.1,90,11.0,30,3.0,10,3.0,10,3.0,,,,,34.176273,-118.161942,LINCOLN 1,23.0
2025-01-07 23:00:00,717624,210,W,ML,133,62.2,21,68.9,30,65.6,28,61.2,26,58.4,28,57.9,,,34.164368,-118.158093,MOUNTAIN 1,23.9
2025-01-07 23:00:00,717627,210,W,ML,43,67.4,16,69.5,27,66.1,,,,,,,,,34.15225,-118.154678,WALNUT,24.9
2025-01-07 23:00:00,717630,210,W,ML,37,65.2,8,70.6,11,67.0,10,63.6,8,59.2,,,,,34.152218,-118.14821,FAIR OAKS 1,25.4
2025-01-07 23:00:00,717632,210,W,HV,37,65.1,37,65.1,,,,,,,,,,,34.152218,-118.14821,FAIR OAKS 1,25.4
2025-01-07 23:00:00,717634,210,W,ML,240,50.9,50,56.0,56,53.0,49,49.2,44,47.5,41,47.7,,,34.15195,-118.13555,LAKE 1,26.12
2025-01-07 23:00:00,717637,210,W,ML,191,55.0,31,73.4,40,68.4,33,50.5,43,42.5,44,45.4,,,34.152357,-118.123714,HILL,26.8
2025-01-07 23:00:00,717642,210,W,ML,180,56.5,30,74.7,38,69.0,34,50.9,33,40.3,45,49.9,,,34.1527,-118.102255,ALTADENA,28.03
2025-01-07 23:00:00,717643,210,W,HV,2,64.8,2,64.8,,,,,,,,,,,34.1527,-118.102255,ALTADENA,28.03
2025-01-07 23:00:00,717644,210,W,ML,202,51.8,32,71.7,43,59.0,42,47.5,42,43.9,43,41.8,,,34.152727,-118.098063,SAN GABRIEL,28.27
2025-01-07 23:00:00,717645,210,W,HV,3,64.9,3,64.9,,,,,,,,,,,34.152727,-118.098063,SAN GABRIEL,28.27
2025-01-07 23:00:00,717649,210,W,ML,191,55.7,31,71.1,47,64.3,42,38.6,41,53.5,30,53.2,,,34.148074,-118.08377,SIERRA MADRE V1,29.17
2025-01-07 23:00:00,717653,210,W,ML,172,55.4,47,56.2,47,55.1,36,54.6,28,55.3,14,55.3,,,34.148737,-118.071321,ROSEMEAD 1,29.879
2025-01-07 23:00:00,761318,210,W,HV,37,65.1,37,65.1,,,,,,,,,,,34.15195,-118.13555,LAKE 1,26.12
2025-01-07 23:00:00,761322,210,W,HV,2,64.9,2,64.9,,,,,,,,,,,34.152357,-118.123714,HILL,26.8
2025-01-07 23:00:00,761325,210,W,HV,4,64.8,4,64.8,,,,,,,,,,,34.148074,-118.08377,SIERRA MADRE V1,29.17
2025-01-07 23:00:00,761431,210,W,HV,37,65.1,37,65.1,,,,,,,,,,,34.148737,-118.071321,ROSEMEAD 1,29.879
2025-01-07 23:00:00,764135,210,W,HV,37,65.1,37,65.1,,,,,,,,,,,34.152092,-118.143249,MARENGO,25.68
2025-01-07 23:00:00,764137,210,W,ML,330,70.1,56,76.0,65,73.6,57,71.6,58,68.8,53,64.1,41,64.1,34.152092,-118.143249,MARENGO,25.68
2025-01-07 23:00:00,769807,210,W,ML,175,53.0,20,72.8,50,54.3,54,49.4,51,47.9,,,,,34.197068,-118.184827,FOOTHILL,20.98
2025-01-07 23:00:00,769867,210,W,ML,73,60.6,12,74.7,30,69.5,28,45.4,3,56.0,,,,,34.218652,-118.239558,LA CRESCENTA,17.38
2025-01-07 23:00:00,769911,210,W,ML,131,41.4,10,76.6,34,48.9,40,36.0,20,21.1,27,42.2,,,34.224897,-118.251344,PENNSYLVANIA,16.58
2025-01-07 23:00:00,769926,210,W,ML,185,57.8,31,64.0,37,60.8,33,56.6,31,54.3,28,54.2,25,55.8,34.214462,-118.232443,OCEAN VIEW,17.88
2025-01-07 23:00:00,769941,210,W,ML,150,55.1,20,72.8,60,60.4,40,33.7,30,61.4,,,,,34.207101,-118.204943,ANGELES CREST HWY SB,19.58
2025-01-07 23:00:00,769953,210,W,ML,200,50.9,40,60.0,90,56.4,60,41.1,10,24.3,,,,,34.206998,-118.201441,ANGELES CREST HWY NB,19.78
2025-01-07 23:00:00,769965,210,W,ML,80,50.8,30,70.5,10,71.0,30,34.1,10,21.5,,,,,34.232554,-118.271772,HONOLULU,15.28
2025-01-07 23:00:00,769983,210,W,ML,292,46.2,85,40.6,99,51.3,56,46.5,52,45.2,,,,,34.203186,-118.191671,GOULD,20.4
2025-01-07 23:00:00,770000,210,W,ML,222,52.7,55,56.7,61,54.0,55,50.6,51,48.9,,,,,34.19198,-118.181214,BERKSHIRE,21.39
2025-01-07 23:00:00,770129,210,W,ML,94,56.0,23,74.1,29,68.4,25,42.1,17,31.0,,,,,34.234984,-118.290562,LA TUNA CANYON NB,14.18
2025-01-07 23:00:00,770141,210,W,ML,61,53.8,11,67.4,25,62.6,6,65.0,19,30.9,,,,,34.234987,-118.294031,LA TUNA CANYON SB,13.98
2025-01-07 23:00:00,770386,210,W,ML,167,56.9,41,61.5,47,58.5,41,54.5,38,52.4,,,,,34.207155,-118.2137,EB/NB 2 TO EB 210 CN,19.08
2025-01-07 23:00:00,770401,210,W,ML,221,68.5,46,74.3,67,70.5,59,66.9,49,62.3,,,,,34.211095,-118.225948,EB/NB 2 TO WB 210 CN,18.32
2025-01-07 23:00:00,770568,210,W,ML,110,39.4,10,73.8,10,70.0,30,34.8,60,30.9,,,,,34.165953,-118.157943,HAMMOND ST.,23.79
2025-01-07 23:00:00,770579,210,W,ML,22,65.7,1,74.3,5,70.5,5,67.2,11,62.0,,,,,34.156597,-118.157944,WINONA WAY,24.442
