Timestamp,Station,Freeway,Direction,Lane Type,Total Flow (veh/5min),Lane1 Flow (veh/5min),Lane2 Flow (veh/5min),Lane3 Flow (veh/5min),Lane4 Flow (veh/5min),Lane5 Flow (veh/5min),Lane6 Flow (veh/5min),Latitude,Longitude,Location,Abs_PM
2025-01-07 06:00:00,768916,210,E,FF,,,,,,,,34.15099,-118.152369,NB 710 EXT TO EB 210,25.12
2025-01-07 06:00:00,769849,210,E,FF,124.0,41.0,52.0,31.0,,,,34.211728,-118.228265,OCEAN VIEW,18.18
2025-01-07 06:00:00,770170,210,E,FF,,,,,,,,34.155812,-118.158089,EB 210 TO WB 134 #1,24.49
2025-01-07 06:00:00,773131,210,E,FF,,,,,,,,34.15154,-118.146708,FAIR OAKS OFF,25.48
2025-01-07 06:00:00,775729,210,E,FF,,,,,,,,34.155812,-118.158089,EB 210 CON,24.49
2025-01-07 06:00:00,776724,210,E,FF,149.0,78.0,71.0,,,,,34.156489,-118.158295,WINONA WAY,24.442
2025-01-07 06:05:00,768916,210,E,FF,,,,,,,,34.15099,-118.152369,NB 710 EXT TO EB 210,25.12
2025-01-07 06:05:00,769849,210,E,FF,145.0,39.0,73.0,33.0,,,,34.211728,-118.228265,OCEAN VIEW,18.18
2025-01-07 06:05:00,770170,210,E,FF,,,,,,,,34.155812,-118.158089,EB 210 TO WB 134 #1,24.49
2025-01-07 06:05:00,773131,210,E,FF,,,,,,,,34.15154,-118.146708,FAIR OAKS OFF,25.48
2025-01-07 06:05:00,775729,210,E,FF,,,,,,,,34.155812,-118.158089,EB 210 CON,24.49
2025-01-07 06:05:00,776724,210,E,FF,176.0,107.0,69.0,,,,,34.156489,-118.158295,WINONA WAY,24.442
2025-01-07 06:10:00,768916,210,E,FF,,,,,,,,34.15099,-118.152369,NB 710 EXT TO EB 210,25.12
2025-01-07 06:10:00,769849,210,E,FF,133.0,42.0,52.0,39.0,,,,34.211728,-118.228265,OCEAN VIEW,18.18
2025-01-07 06:10:00,770170,210,E,FF,,,,,,,,34.155812,-118.158089,EB 210 TO WB 134 #1,24.49
2025-01-07 06:10:00,773131,210,E,FF,,,,,,,,34.15154,-118.146708,FAIR OAKS OFF,25.48
2025-01-07 06:10:00,775729,210,E,FF,,,,,,,,34.155812,-118.158089,EB 210 CON,24.49
2025-01-07 06:10:00,776724,210,E,FF,108.0,71.0,37.0,,,,,34.156489,-118.158295,WINONA WAY,24.442
2025-01-07 06:15:00,768916,210,E,FF,,,,,,,,34.15099,-118.152369,NB 710 EXT TO EB 210,25.12
2025-01-07 06:15:00,769849,210,E,FF,177.0,62.0,72.0,43.0,,,,34.211728,-118.228265,OCEAN VIEW,18.18
2025-01-07 06:15:00,770170,210,E,FF,,,,,,,,34.155812,-118.158089,EB 210 TO WB 134 #1,24.49
2025-01-07 06:15:00,773131,210,E,FF,,,,,,,,34.15154,-118.146708,FAIR OAKS OFF,25.48
2025-01-07 06:15:00,775729,210,E,FF,,,,,,,,34.155812,-118.158089,EB 210 CON,24.49
2025-01-07 06:15:00,776724,210,E,FF,213.0,91.0,122.0,,,,,34.156489,-118.158295,WINONA WAY,24.442
2025-01-07 06:20:00,768916,210,E,FF,,,,,,,,34.15099,-118.152369,NB 710 EXT TO EB 210,25.12
2025-01-07 06:20:00,769849,210,E,FF,214.0,70.0,92.0,52.0,,,,34.211728,-118.228265,OCEAN VIEW,18.18
2025-01-07 06:20:00,770170,210,E,FF,,,,,,,,34.155812,-118.158089,EB 210 TO WB 134 #1,24.49
2025-01-07 06:20:00,773131,210,E,FF,,,,,,,,34.15154,-118.146708,FAIR OAKS OFF,25.48
2025-01-07 06:20:00,775729,210,E,FF,,,,,,,,34.155812,-118.158089,EB 210 CON,24.49
2025-01-07 06:20:00,776724,210,E,FF,193.0,99.0,94.0,,,,,34.156489,-118.158295,WINONA WAY,24.442
2025-01-07 06:25:00,768916,210,E,FF,,,,,,,,34.15099,-118.152369,NB 710 EXT TO EB 210,25.12
2025-01-07 06:25:00,769849,210,E,FF,174.0,59.0,72.0,43.0,,,,34.211728,-118.228265,OCEAN VIEW,18.18
2025-01-07 06:25:00,770170,210,E,FF,,,,,,,,34.155812,-118.158089,EB 210 TO WB 134 #1,24.49
2025-01-07 06:25:00,773131,210,E,FF,,,,,,,,34.15154,-118.146708,FAIR OAKS OFF,25.48
2025-01-07 06:25:00,775729,210,E,FF,,,,,,,,34.155812,-118.158089,EB 210 CON,24.49
2025-01-07 06:25:00,776724,210,E,FF,196.0,105.0,91.0,,,,,34.156489,-118.158295,WINONA WAY,24.442
2025-01-07 06:30:00,768916,210,E,FF,,,,,,,,34.15099,-118.152369,NB 710 EXT TO EB 210,25.12
2025-01-07 06:30:00,769849,210,E,FF,187.0,63.0,77.0,47.0,,,,34.211728,-118.228265,OCEAN VIEW,18.18
2025-01-07 06:30:00,770170,210,E,FF,,,,,,,,34.155812,-118.158089,EB 210 TO WB 134 #1,24.49
2025-01-07 06:30:00,773131,210,E,FF,,,,,,,,34.15154,-118.146708,FAIR OAKS OFF,25.48
2025-01-07 06:30:00,775729,210,E,FF,,,,,,,,34.155812,-118.158089,EB 210 CON,24.49
2025-01-07 06:30:00,776724,210,E,FF,183.0,98.0,85.0,,,,,34.156489,-118.158295,WINONA WAY,24.442
2025-01-07 06:35:00,768916,210,E,FF,,,,,,,,34.15099,-118.152369,NB 710 EXT TO EB 210,25.12
2025-01-07 06:35:00,769849,210,E,FF,226.0,87.0,83.0,56.0,,,,34.211728,-118.228265,OCEAN VIEW,18.18
2025-01-07 06:35:00,770170,210,E,FF,,,,,,,,34.155812,-118.158089,EB 210 TO WB 134 #1,24.49
2025-01-07 06:35:00,773131,210,E,FF,,,,,,,,34.15154,-118.146708,FAIR OAKS OFF,25.48
2025-01-07 06:35:00,775729,210,E,FF,,,,,,,,34.155812,-118.158089,EB 210 CON,24.49
2025-01-07 06:35:00,776724,210,E,FF,244.0,149.0,95.0,,,,,34.156489,-118.158295,WINONA WAY,24.442
2025-01-07 06:40:00,768916,210,E,FF,,,,,,,,34.15099,-118.152369,NB 710 EXT TO EB 210,25.12
2025-01-07 06:40:00,769849,210,E,FF,219.0,77.0,92.0,50.0,,,,34.211728,-118.228265,OCEAN VIEW,18.18
2025-01-07 06:40:00,770170,210,E,FF,,,,,,,,34.155812,-118.158089,EB 210 TO WB 134 #1,24.49
2025-01-07 06:40:00,773131,210,E,FF,,,,,,,,34.15154,-118.146708,FAIR OAKS OFF,25.48
2025-01-07 06:40:00,775729,210,E,FF,,,,,,,,34.155812,-118.158089,EB 210 CON,24.49
2025-01-07 06:40:00,776724,210,E,FF,270.0,124.0,146.0,,,,,34.156489,-118.158295,WINONA WAY,24.442
2025-01-07 06:45:00,768916,210,E,FF,,,,,,,,34.15099,-118.152369,NB 710 EXT TO EB 210,25.12
2025-01-07 06:45:00,769849,210,E,FF,255.0,87.0,103.0,65.0,,,,34.211728,-118.228265,OCEAN VIEW,18.18
2025-01-07 06:45:00,770170,210,E,FF,,,,,,,,34.155812,-118.158089,EB 210 TO WB 134 #1,24.49
2025-01-07 06:45:00,773131,210,E,FF,,,,,,,,34.15154,-118.146708,FAIR OAKS OFF,25.48
2025-01-07 06:45:00,775729,210,E,FF,,,,,,,,34.155812,-118.158089,EB 210 CON,24.49
2025-01-07 06:45:00,776724,210,E,FF,228.0,115.0,113.0,,,,,34.156489,-118.158295,WINONA WAY,24.442
2025-01-07 06:50:00,768916,210,E,FF,,,,,,,,34.15099,-118.152369,NB 710 EXT TO EB 210,25.12
2025-01-07 06:50:00,769849,210,E,FF,276.0,92.0,118.0,66.0,,,,34.211728,-118.228265,OCEAN VIEW,18.18
2025-01-07 06:50:00,770170,210,E,FF,,,,,,,,34.155812,-118.158089,EB 210 TO WB 134 #1,24.49
2025-01-07 06:50:00,773131,210,E,FF,,,,,,,,34.15154,-118.146708,FAIR OAKS OFF,25.48
2025-01-07 06:50:00,775729,210,E,FF,,,,,,,,34.155812,-118.158089,EB 210 CON,24.49
2025-01-07 06:50:00,776724,210,E,FF,244.0,126.0,118.0,,,,,34.156489,-118.158295,WINONA WAY,24.442
2025-01-07 06:55:00,768916,210,E,FF,,,,,,,,34.15099,-118.152369,NB 710 EXT TO EB 210,25.12
2025-01-07 06:55:00,769849,210,E,FF,292.0,98.0,116.0,78.0,,,,34.211728,-118.228265,OCEAN VIEW,18.18
2025-01-07 06:55:00,770170,210,E,FF,,,,,,,,34.155812,-118.158089,EB 210 TO WB 134 #1,24.49
2025-01-07 06:55:00,773131,210,E,FF,,,,,,,,34.15154,-118.146708,FAIR OAKS OFF,25.48
2025-01-07 06:55:00,775729,210,E,FF,,,,,,,,34.155812,-118.158089,EB 210 CON,24.49
2025-01-07 06:55:00,776724,210,E,FF,218.0,101.0,117.0,,,,,34.156489,-118.158295,WINONA WAY,24.442
2025-01-07 07:00:00,768916,210,E,FF,,,,,,,,34.15099,-118.152369,NB 710 EXT TO EB 210,25.12
2025-01-07 07:00:00,769849,210,E,FF,268.0,93.0,102.0,73.0,,,,34.211728,-118.228265,OCEAN VIEW,18.18
2025-01-07 07:00:00,770170,210,E,FF,,,,,,,,34.155812,-118.158089,EB 210 TO WB 134 #1,24.49
2025-01-07 07:00:00,773131,210,E,FF,,,,,,,,34.15154,-118.146708,FAIR OAKS OFF,25.48
2025-01-07 07:00:00,775729,210,E,FF,,,,,,,,34.155812,-118.158089,EB 210 CON,24.49
2025-01-07 07:00:00,776724,210,E,FF,250.0,143.0,107.0,,,,,34.156489,-118.158295,WINONA WAY,24.442
2025-01-07 07:05:00,768916,210,E,FF,,,,,,,,34.15099,-118.152369,NB 710 EXT TO EB 210,25.12
2025-01-07 07:05:00,769849,210,E,FF,298.0,109.0,109.0,80.0,,,,34.211728,-118.228265,OCEAN VIEW,18.18
2025-01-07 07:05:00,770170,210,E,FF,,,,,,,,34.155812,-118.158089,EB 210 TO WB 134 #1,24.49
2025-01-07 07:05:00,773131,210,E,FF,,,,,,,,34.15154,-118.146708,FAIR OAKS OFF,25.48
2025-01-07 07:05:00,775729,210,E,FF,,,,,,,,34.155812,-118.158089,EB 210 CON,24.49
2025-01-07 07:05:00,776724,210,E,FF,239.0,134.0,105.0,,,,,34.156489,-118.158295,WINONA WAY,24.442
2025-01-07 07:10:00,768916,210,E,FF,,,,,,,,34.15099,-118.152369,NB 710 EXT TO EB 210,25.12
2025-01-07 07:10:00,769849,210,E,FF,345.0,128.0,130.0,87.0,,,,34.211728,-118.228265,OCEAN VIEW,18.18
2025-01-07 07:10:00,770170,210,E,FF,,,,,,,,34.155812,-118.158089,EB 210 TO WB 134 #1,24.49
2025-01-07 07:10:00,773131,210,E,FF,,,,,,,,34.15154,-118.146708,FAIR OAKS OFF,25.48
2025-01-07 07:10:00,775729,210,E,FF,,,,,,,,34.155812,-118.158089,EB 210 CON,24.49
2025-01-07 07:10:00,776724,210,E,FF,242.0,130.0,112.0,,,,,34.156489,-118.158295,WINONA WAY,24.442
2025-01-07 07:15:00,768916,210,E,FF,,,,,,,,34.15099,-118.152369,NB 710 EXT TO EB 210,25.12
2025-01-07 07:15:00,769849,210,E,FF,330.0,122.0,129.0,79.0,,,,34.211728,-118.228265,OCEAN VIEW,18.18
2025-01-07 07:15:00,770170,210,E,FF,,,,,,,,34.155812,-118.158089,EB 210 TO WB 134 #1,24.49
2025-01-07 07:15:00,773131,210,E,FF,,,,,,,,34.15154,-118.146708,FAIR OAKS OFF,25.48
2025-01-07 07:15:00,775729,210,E,FF,,,,,,,,34.155812,-118.158089,EB 210 CON,24.49
2025-01-07 07:15:00,776724,210,E,FF,268.0,129.0,139.0,,,,,34.156489,-118.158295,WINONA WAY,24.442
2025-01-07 07:20:00,768916,210,E,FF,,,,,,,,34.15099,-118.152369,NB 710 EXT TO EB 210,25.12
2025-01-07 07:20:00,769849,210,E,FF,315.0,118.0,129.0,68.0,,,,34.211728,-118.228265,OCEAN VIEW,18.18
2025-01-07 07:20:00,770170,210,E,FF,,,,,,,,34.155812,-118.158089,EB 210 TO WB 134 #1,24.49
2025-01-07 07:20:00,773131,210,E,FF,,,,,,,,34.15154,-118.146708,FAIR OAKS OFF,25.48
2025-01-07 07:20:00,775729,210,E,FF,,,,,,,,34.155812,-118.158089,EB 210 CON,24.49
2025-01-07 07:20:00,776724,210,E,FF,257.0,137.0,120.0,,,,,34.156489,-118.158295,WINONA WAY,24.442
2025-01-07 07:25:00,768916,210,E,FF,,,,,,,,34.15099,-118.152369,NB 710 EXT TO EB 210,25.12
2025-01-07 07:25:00,769849,210,E,FF,316.0,124.0,122.0,70.0,,,,34.211728,-118.228265,OCEAN VIEW,18.18
2025-01-07 07:25:00,770170,210,E,FF,,,,,,,,34.155812,-118.158089,EB 210 TO WB 134 #1,24.49
2025-01-07 07:25:00,773131,210,E,FF,,,,,,,,34.15154,-118.146708,FAIR OAKS OFF,25.48
2025-01-07 07:25:00,775729,210,E,FF,,,,,,,,34.155812,-118.158089,EB 210 CON,24.49
2025-01-07 07:25:00,776724,210,E,FF,312.0,163.0,149.0,,,,,34.156489,-118.158295,WINONA WAY,24.442
2025-01-07 07:30:00,768916,210,E,FF,,,,,,,,34.15099,-118.152369,NB 710 EXT TO EB 210,25.12
2025-01-07 07:30:00,769849,210,E,FF,341.0,132.0,134.0,75.0,,,,34.211728,-118.228265,OCEAN VIEW,18.18
2025-01-07 07:30:00,770170,210,E,FF,,,,,,,,34.155812,-118.158089,EB 210 TO WB 134 #1,24.49
2025-01-07 07:30:00,773131,210,E,FF,,,,,,,,34.15154,-118.146708,FAIR OAKS OFF,25.48
2025-01-07 07:30:00,775729,210,E,FF,,,,,,,,34.155812,-118.158089,EB 210 CON,24.49
2025-01-07 07:30:00,776724,210,E,FF,286.0,135.0,151.0,,,,,34.156489,-118.158295,WINONA WAY,24.442
2025-01-07 07:35:00,768916,210,E,FF,,,,,,,,34.15099,-118.152369,NB 710 EXT TO EB 210,25.12
2025-01-07 07:35:00,769849,210,E,FF,326.0,125.0,120.0,81.0,,,,34.211728,-118.228265,OCEAN VIEW,18.18
2025-01-07 07:35:00,770170,210,E,FF,,,,,,,,34.155812,-118.158089,EB 210 TO WB 134 #1,24.49
2025-01-07 07:35:00,773131,210,E,FF,,,,,,,,34.15154,-118.146708,FAIR OAKS OFF,25.48
2025-01-07 07:35:00,775729,210,E,FF,,,,,,,,34.155812,-118.158089,EB 210 CON,24.49
2025-01-07 07:35:00,776724,210,E,FF,261.0,135.0,126.0,,,,,34.156489,-118.158295,WINONA WAY,24.442
2025-01-07 07:40:00,768916,210,E,FF,,,,,,,,34.15099,-118.152369,NB 710 EXT TO EB 210,25.12
2025-01-07 07:40:00,769849,210,E,FF,365.0,148.0,134.0,83.0,,,,34.211728,-118.228265,OCEAN VIEW,18.18
2025-01-07 07:40:00,770170,210,E,FF,,,,,,,,34.155812,-118.158089,EB 210 TO WB 134 #1,24.49
2025-01-07 07:40:00,773131,210,E,FF,,,,,,,,34.15154,-118.146708,FAIR OAKS OFF,25.48
2025-01-07 07:40:00,775729,210,E,FF,,,,,,,,34.155812,-118.158089,EB 210 CON,24.49
2025-01-07 07:40:00,776724,210,E,FF,271.0,139.0,132.0,,,,,34.156489,-118.158295,WINONA WAY,24.442
2025-01-07 07:45:00,768916,210,E,FF,,,,,,,,34.15099,-118.152369,NB 710 EXT TO EB 210,25.12
2025-01-07 07:45:00,769849,210,E,FF,336.0,118.0,137.0,81.0,,,,34.211728,-118.228265,OCEAN VIEW,18.18
2025-01-07 07:45:00,770170,210,E,FF,,,,,,,,34.155812,-118.158089,EB 210 TO WB 134 #1,24.49
2025-01-07 07:45:00,773131,210,E,FF,,,,,,,,34.15154,-118.146708,FAIR OAKS OFF,25.48
2025-01-07 07:45:00,775729,210,E,FF,,,,,,,,34.155812,-118.158089,EB 210 CON,24.49
2025-01-07 07:45:00,776724,210,E,FF,339.0,168.0,171.0,,,,,34.156489,-118.158295,WINONA WAY,24.442
2025-01-07 07:50:00,768916,210,E,FF,,,,,,,,34.15099,-118.152369,NB 710 EXT TO EB 210,25.12
2025-01-07 07:50:00,769849,210,E,FF,346.0,119.0,145.0,82.0,,,,34.211728,-118.228265,OCEAN VIEW,18.18
2025-01-07 07:50:00,770170,210,E,FF,,,,,,,,34.155812,-118.158089,EB 210 TO WB 134 #1,24.49
2025-01-07 07:50:00,773131,210,E,FF,,,,,,,,34.15154,-118.146708,FAIR OAKS OFF,25.48
2025-01-07 07:50:00,775729,210,E,FF,,,,,,,,34.155812,-118.158089,EB 210 CON,24.49
2025-01-07 07:50:00,776724,210,E,FF,345.0,182.0,163.0,,,,,34.156489,-118.158295,WINONA WAY,24.442
2025-01-07 07:55:00,768916,210,E,FF,,,,,,,,34.15099,-118.152369,NB 710 EXT TO EB 210,25.12
2025-01-07 07:55:00,769849,210,E,FF,370.0,138.0,137.0,95.0,,,,34.211728,-118.228265,OCEAN VIEW,18.18
2025-01-07 07:55:00,770170,210,E,FF,,,,,,,,34.155812,-118.158089,EB 210 TO WB 134 #1,24.49
2025-01-07 07:55:00,773131,210,E,FF,,,,,,,,34.15154,-118.146708,FAIR OAKS OFF,25.48
2025-01-07 07:55:00,775729,210,E,FF,,,,,,,,34.155812,-118.158089,EB 210 CON,24.49
2025-01-07 07:55:00,776724,210,E,FF,261.0,132.0,129.0,,,,,34.156489,-118.158295,WINONA WAY,24.442
2025-01-07 08:00:00,768916,210,E,FF,,,,,,,,34.15099,-118.152369,NB 710 EXT TO EB 210,25.12
2025-01-07 08:00:00,769849,210,E,FF,340.0,115.0,129.0,96.0,,,,34.211728,-118.228265,OCEAN VIEW,18.18
2025-01-07 08:00:00,770170,210,E,FF,,,,,,,,34.155812,-118.158089,EB 210 TO WB 134 #1,24.49
2025-01-07 08:00:00,773131,210,E,FF,,,,,,,,34.15154,-118.146708,FAIR OAKS OFF,25.48
2025-01-07 08:00:00,775729,210,E,FF,,,,,,,,34.155812,-118.158089,EB 210 CON,24.49
2025-01-07 08:00:00,776724,210,E,FF,273.0,130.0,143.0,,,,,34.156489,-118.158295,WINONA WAY,24.442
2025-01-07 08:05:00,768916,210,E,FF,,,,,,,,34.15099,-118.152369,NB 710 EXT TO EB 210,25.12
2025-01-07 08:05:00,769849,210,E,FF,348.0,120.0,131.0,97.0,,,,34.211728,-118.228265,OCEAN VIEW,18.18
2025-01-07 08:05:00,770170,210,E,FF,,,,,,,,34.155812,-118.158089,EB 210 TO WB 134 #1,24.49
2025-01-07 08:05:00,773131,210,E,FF,,,,,,,,34.15154,-118.146708,FAIR OAKS OFF,25.48
2025-01-07 08:05:00,775729,210,E,FF,,,,,,,,34.155812,-118.158089,EB 210 CON,24.49
2025-01-07 08:05:00,776724,210,E,FF,284.0,138.0,146.0,,,,,34.156489,-118.158295,WINONA WAY,24.442
2025-01-07 08:10:00,768916,210,E,FF,,,,,,,,34.15099,-118.152369,NB 710 EXT TO EB 210,25.12
2025-01-07 08:10:00,769849,210,E,FF,325.0,114.0,127.0,84.0,,,,34.211728,-118.228265,OCEAN VIEW,18.18
2025-01-07 08:10:00,770170,210,E,FF,,,,,,,,34.155812,-118.158089,EB 210 TO WB 134 #1,24.49
2025-01-07 08:10:00,773131,210,E,FF,,,,,,,,34.15154,-118.146708,FAIR OAKS OFF,25.48
2025-01-07 08:10:00,775729,210,E,FF,,,,,,,,34.155812,-118.158089,EB 210 CON,24.49
2025-01-07 08:10:00,776724,210,E,FF,306.0,153.0,153.0,,,,,34.156489,-118.158295,WINONA WAY,24.442
2025-01-07 08:15:00,768916,210,E,FF,,,,,,,,34.15099,-118.152369,NB 710 EXT TO EB 210,25.12
2025-01-07 08:15:00,769849,210,E,FF,342.0,114.0,132.0,96.0,,,,34.211728,-118.228265,OCEAN VIEW,18.18
2025-01-07 08:15:00,770170,210,E,FF,,,,,,,,34.155812,-118.158089,EB 210 TO WB 134 #1,24.49
2025-01-07 08:15:00,773131,210,E,FF,,,,,,,,34.15154,-118.146708,FAIR OAKS OFF,25.48
2025-01-07 08:15:00,775729,210,E,FF,,,,,,,,34.155812,-118.158089,EB 210 CON,24.49
2025-01-07 08:15:00,776724,210,E,FF,299.0,142.0,157.0,,,,,34.156489,-118.158295,WINONA WAY,24.442
2025-01-07 08:20:00,768916,210,E,FF,,,,,,,,34.15099,-118.152369,NB 710 EXT TO EB 210,25.12
2025-01-07 08:20:00,769849,210,E,FF,341.0,121.0,140.0,80.0,,,,34.211728,-118.228265,OCEAN VIEW,18.18
2025-01-07 08:20:00,770170,210,E,FF,,,,,,,,34.155812,-118.158089,EB 210 TO WB 134 #1,24.49
2025-01-07 08:20:00,773131,210,E,FF,,,,,,,,34.15154,-118.146708,FAIR OAKS OFF,25.48
2025-01-07 08:20:00,775729,210,E,FF,,,,,,,,34.155812,-118.158089,EB 210 CON,24.49
2025-01-07 08:20:00,776724,210,E,FF,303.0,141.0,162.0,,,,,34.156489,-118.158295,WINONA WAY,24.442
2025-01-07 08:25:00,768916,210,E,FF,,,,,,,,34.15099,-118.152369,NB 710 EXT TO EB 210,25.12
2025-01-07 08:25:00,769849,210,E,FF,328.0,112.0,129.0,87.0,,,,34.211728,-118.228265,OCEAN VIEW,18.18
2025-01-07 08:25:00,770170,210,E,FF,,,,,,,,34.155812,-118.158089,EB 210 TO WB 134 #1,24.49
2025-01-07 08:25:00,773131,210,E,FF,,,,,,,,34.15154,-118.146708,FAIR OAKS OFF,25.48
2025-01-07 08:25:00,775729,210,E,FF,,,,,,,,34.155812,-118.158089,EB 210 CON,24.49
2025-01-07 08:25:00,776724,210,E,FF,279.0,134.0,145.0,,,,,34.156489,-118.158295,WINONA WAY,24.442
2025-01-07 08:30:00,768916,210,E,FF,,,,,,,,34.15099,-118.152369,NB 710 EXT TO EB 210,25.12
2025-01-07 08:30:00,769849,210,E,FF,306.0,116.0,119.0,71.0,,,,34.211728,-118.228265,OCEAN VIEW,18.18
2025-01-07 08:30:00,770170,210,E,FF,,,,,,,,34.155812,-118.158089,EB 210 TO WB 134 #1,24.49
2025-01-07 08:30:00,773131,210,E,FF,,,,,,,,34.15154,-118.146708,FAIR OAKS OFF,25.48
2025-01-07 08:30:00,775729,210,E,FF,,,,,,,,34.155812,-118.158089,EB 210 CON,24.49
2025-01-07 08:30:00,776724,210,E,FF,300.0,148.0,152.0,,,,,34.156489,-118.158295,WINONA WAY,24.442
2025-01-07 08:35:00,768916,210,E,FF,,,,,,,,34.15099,-118.152369,NB 710 EXT TO EB 210,25.12
2025-01-07 08:35:00,769849,210,E,FF,266.0,77.0,114.0,75.0,,,,34.211728,-118.228265,OCEAN VIEW,18.18
2025-01-07 08:35:00,770170,210,E,FF,,,,,,,,34.155812,-118.158089,EB 210 TO WB 134 #1,24.49
2025-01-07 08:35:00,773131,210,E,FF,,,,,,,,34.15154,-118.146708,FAIR OAKS OFF,25.48
2025-01-07 08:35:00,775729,210,E,FF,,,,,,,,34.155812,-118.158089,EB 210 CON,24.49
2025-01-07 08:35:00,776724,210,E,FF,275.0,145.0,130.0,,,,,34.156489,-118.158295,WINONA WAY,24.442
2025-01-07 08:40:00,768916,210,E,FF,,,,,,,,34.15099,-118.152369,NB 710 EXT TO EB 210,25.12
2025-01-07 08:40:00,769849,210,E,FF,278.0,87.0,108.0,83.0,,,,34.211728,-118.228265,OCEAN VIEW,18.18
2025-01-07 08:40:00,770170,210,E,FF,,,,,,,,34.155812,-118.158089,EB 210 TO WB 134 #1,24.49
2025-01-07 08:40:00,773131,210,E,FF,,,,,,,,34.15154,-118.146708,FAIR OAKS OFF,25.48
2025-01-07 08:40:00,775729,210,E,FF,,,,,,,,34.155812,-118.158089,EB 210 CON,24.49
2025-01-07 08:40:00,776724,210,E,FF,246.0,124.0,122.0,,,,,34.156489,-118.158295,WINONA WAY,24.442
2025-01-07 08:45:00,768916,210,E,FF,,,,,,,,34.15099,-118.152369,NB 710 EXT TO EB 210,25.12
2025-01-07 08:45:00,769849,210,E,FF,244.0,78.0,104.0,62.0,,,,34.211728,-118.228265,OCEAN VIEW,18.18
2025-01-07 08:45:00,770170,210,E,FF,,,,,,,,34.155812,-118.158089,EB 210 TO WB 134 #1,24.49
2025-01-07 08:45:00,773131,210,E,FF,,,,,,,,34.15154,-118.146708,FAIR OAKS OFF,25.48
2025-01-07 08:45:00,775729,210,E,FF,,,,,,,,34.155812,-118.158089,EB 210 CON,24.49
2025-01-07 08:45:00,776724,210,E,FF,268.0,135.0,133.0,,,,,34.156489,-118.158295,WINONA WAY,24.442
2025-01-07 08:50:00,768916,210,E,FF,,,,,,,,34.15099,-118.152369,NB 710 EXT TO EB 210,25.12
2025-01-07 08:50:00,769849,210,E,FF,245.0,80.0,90.0,75.0,,,,34.211728,-118.228265,OCEAN VIEW,18.18
2025-01-07 08:50:00,770170,210,E,FF,,,,,,,,34.155812,-118.158089,EB 210 TO WB 134 #1,24.49
2025-01-07 08:50:00,773131,210,E,FF,,,,,,,,34.15154,-118.146708,FAIR OAKS OFF,25.48
2025-01-07 08:50:00,775729,210,E,FF,,,,,,,,34.155812,-118.158089,EB 210 CON,24.49
2025-01-07 08:50:00,776724,210,E,FF,183.0,86.0,97.0,,,,,34.156489,-118.158295,WINONA WAY,24.442
2025-01-07 08:55:00,768916,210,E,FF,,,,,,,,34.15099,-118.152369,NB 710 EXT TO EB 210,25.12
2025-01-07 08:55:00,769849,210,E,FF,231.0,80.0,96.0,55.0,,,,34.211728,-118.228265,OCEAN VIEW,18.18
2025-01-07 08:55:00,770170,210,E,FF,,,,,,,,34.155812,-118.158089,EB 210 TO WB 134 #1,24.49
2025-01-07 08:55:00,773131,210,E,FF,,,,,,,,34.15154,-118.146708,FAIR OAKS OFF,25.48
2025-01-07 08:55:00,775729,210,E,FF,,,,,,,,34.155812,-118.158089,EB 210 CON,24.49
2025-01-07 08:55:00,776724,210,E,FF,206.0,103.0,103.0,,,,,34.156489,-118.158295,WINONA WAY,24.442
2025-01-07 09:00:00,768916,210,E,FF,,,,,,,,34.15099,-118.152369,NB 710 EXT TO EB 210,25.12
2025-01-07 09:00:00,769849,210,E,FF,232.0,79.0,100.0,53.0,,,,34.211728,-118.228265,OCEAN VIEW,18.18
2025-01-07 09:00:00,770170,210,E,FF,,,,,,,,34.155812,-118.158089,EB 210 TO WB 134 #1,24.49
2025-01-07 09:00:00,773131,210,E,FF,,,,,,,,34.15154,-118.146708,FAIR OAKS OFF,25.48
2025-01-07 09:00:00,775729,210,E,FF,,,,,,,,34.155812,-118.158089,EB 210 CON,24.49
2025-01-07 09:00:00,776724,210,E,FF,237.0,109.0,128.0,,,,,34.156489,-118.158295,WINONA WAY,24.442
2025-01-07 09:05:00,768916,210,E,FF,,,,,,,,34.15099,-118.152369,NB 710 EXT TO EB 210,25.12
2025-01-07 09:05:00,769849,210,E,FF,231.0,73.0,100.0,58.0,,,,34.211728,-118.228265,OCEAN VIEW,18.18
2025-01-07 09:05:00,770170,210,E,FF,,,,,,,,34.155812,-118.158089,EB 210 TO WB 134 #1,24.49
2025-01-07 09:05:00,773131,210,E,FF,,,,,,,,34.15154,-118.146708,FAIR OAKS OFF,25.48
2025-01-07 09:05:00,775729,210,E,FF,,,,,,,,34.155812,-118.158089,EB 210 CON,24.49
2025-01-07 09:05:00,776724,210,E,FF,236.0,124.0,112.0,,,,,34.156489,-118.158295,WINONA WAY,24.442
2025-01-07 09:10:00,768916,210,E,FF,,,,,,,,34.15099,-118.152369,NB 710 EXT TO EB 210,25.12
2025-01-07 09:10:00,769849,210,E,FF,223.0,68.0,97.0,58.0,,,,34.211728,-118.228265,OCEAN VIEW,18.18
2025-01-07 09:10:00,770170,210,E,FF,,,,,,,,34.155812,-118.158089,EB 210 TO WB 134 #1,24.49
2025-01-07 09:10:00,773131,210,E,FF,,,,,,,,34.15154,-118.146708,FAIR OAKS OFF,25.48
2025-01-07 09:10:00,775729,210,E,FF,,,,,,,,34.155812,-118.158089,EB 210 CON,24.49
2025-01-07 09:10:00,776724,210,E,FF,231.0,116.0,115.0,,,,,34.156489,-118.158295,WINONA WAY,24.442
2025-01-07 09:15:00,768916,210,E,FF,,,,,,,,34.15099,-118.152369,NB 710 EXT TO EB 210,25.12
2025-01-07 09:15:00,769849,210,E,FF,223.0,76.0,100.0,47.0,,,,34.211728,-118.228265,OCEAN VIEW,18.18
2025-01-07 09:15:00,770170,210,E,FF,,,,,,,,34.155812,-118.158089,EB 210 TO WB 134 #1,24.49
2025-01-07 09:15:00,773131,210,E,FF,,,,,,,,34.15154,-118.146708,FAIR OAKS OFF,25.48
2025-01-07 09:15:00,775729,210,E,FF,,,,,,,,34.155812,-118.158089,EB 210 CON,24.49
2025-01-07 09:15:00,776724,210,E,FF,224.0,111.0,113.0,,,,,34.156489,-118.158295,WINONA WAY,24.442
2025-01-07 09:20:00,768916,210,E,FF,,,,,,,,34.15099,-118.152369,NB 710 EXT TO EB 210,25.12
2025-01-07 09:20:00,769849,210,E,FF,220.0,75.0,97.0,48.0,,,,34.211728,-118.228265,OCEAN VIEW,18.18
2025-01-07 09:20:00,770170,210,E,FF,,,,,,,,34.155812,-118.158089,EB 210 TO WB 134 #1,24.49
2025-01-07 09:20:00,773131,210,E,FF,,,,,,,,34.15154,-118.146708,FAIR OAKS OFF,25.48
2025-01-07 09:20:00,775729,210,E,FF,,,,,,,,34.155812,-118.158089,EB 210 CON,24.49
2025-01-07 09:20:00,776724,210,E,FF,221.0,118.0,103.0,,,,,34.156489,-118.158295,WINONA WAY,24.442
2025-01-07 09:25:00,768916,210,E,FF,,,,,,,,34.15099,-118.152369,NB 710 EXT TO EB 210,25.12
2025-01-07 09:25:00,769849,210,E,FF,232.0,77.0,109.0,46.0,,,,34.211728,-118.228265,OCEAN VIEW,18.18
2025-01-07 09:25:00,770170,210,E,FF,,,,,,,,34.155812,-118.158089,EB 210 TO WB 134 #1,24.49
2025-01-07 09:25:00,773131,210,E,FF,,,,,,,,34.15154,-118.146708,FAIR OAKS OFF,25.48
2025-01-07 09:25:00,775729,210,E,FF,,,,,,,,34.155812,-118.158089,EB 210 CON,24.49
2025-01-07 09:25:00,776724,210,E,FF,245.0,123.0,122.0,,,,,34.156489,-118.158295,WINONA WAY,24.442
2025-01-07 09:30:00,768916,210,E,FF,,,,,,,,34.15099,-118.152369,NB 710 EXT TO EB 210,25.12
2025-01-07 09:30:00,769849,210,E,FF,251.0,80.0,107.0,64.0,,,,34.211728,-118.228265,OCEAN VIEW,18.18
2025-01-07 09:30:00,770170,210,E,FF,,,,,,,,34.155812,-118.158089,EB 210 TO WB 134 #1,24.49
2025-01-07 09:30:00,773131,210,E,FF,,,,,,,,34.15154,-118.146708,FAIR OAKS OFF,25.48
2025-01-07 09:30:00,775729,210,E,FF,,,,,,,,34.155812,-118.158089,EB 210 CON,24.49
2025-01-07 09:30:00,776724,210,E,FF,251.0,130.0,121.0,,,,,34.156489,-118.158295,WINONA WAY,24.442
2025-01-07 09:35:00,768916,210,E,FF,,,,,,,,34.15099,-118.152369,NB 710 EXT TO EB 210,25.12
2025-01-07 09:35:00,769849,210,E,FF,253.0,73.0,113.0,67.0,,,,34.211728,-118.228265,OCEAN VIEW,18.18
2025-01-07 09:35:00,770170,210,E,FF,,,,,,,,34.155812,-118.158089,EB 210 TO WB 134 #1,24.49
2025-01-07 09:35:00,773131,210,E,FF,,,,,,,,34.15154,-118.146708,FAIR OAKS OFF,25.48
2025-01-07 09:35:00,775729,210,E,FF,,,,,,,,34.155812,-118.158089,EB 210 CON,24.49
2025-01-07 09:35:00,776724,210,E,FF,257.0,133.0,124.0,,,,,34.156489,-118.158295,WINONA WAY,24.442
2025-01-07 09:40:00,768916,210,E,FF,,,,,,,,34.15099,-118.152369,NB 710 EXT TO EB 210,25.12
2025-01-07 09:40:00,769849,210,E,FF,291.0,95.0,113.0,83.0,,,,34.211728,-118.228265,OCEAN VIEW,18.18
2025-01-07 09:40:00,770170,210,E,FF,,,,,,,,34.155812,-118.158089,EB 210 TO WB 134 #1,24.49
2025-01-07 09:40:00,773131,210,E,FF,,,,,,,,34.15154,-118.146708,FAIR OAKS OFF,25.48
2025-01-07 09:40:00,775729,210,E,FF,,,,,,,,34.155812,-118.158089,EB 210 CON,24.49
2025-01-07 09:40:00,776724,210,E,FF,201.0,101.0,100.0,,,,,34.156489,-118.158295,WINONA WAY,24.442
2025-01-07 09:45:00,768916,210,E,FF,,,,,,,,34.15099,-118.152369,NB 710 EXT TO EB 210,25.12
2025-01-07 09:45:00,769849,210,E,FF,283.0,82.0,125.0,76.0,,,,34.211728,-118.228265,OCEAN VIEW,18.18
2025-01-07 09:45:00,770170,210,E,FF,,,,,,,,34.155812,-118.158089,EB 210 TO WB 134 #1,24.49
2025-01-07 09:45:00,773131,210,E,FF,,,,,,,,34.15154,-118.146708,FAIR OAKS OFF,25.48
2025-01-07 09:45:00,775729,210,E,FF,,,,,,,,34.155812,-118.158089,EB 210 CON,24.49
2025-01-07 09:45:00,776724,210,E,FF,203.0,99.0,104.0,,,,,34.156489,-118.158295,WINONA WAY,24.442
2025-01-07 09:50:00,768916,210,E,FF,,,,,,,,34.15099,-118.152369,NB 710 EXT TO EB 210,25.12
2025-01-07 09:50:00,769849,210,E,FF,311.0,105.0,131.0,75.0,,,,34.211728,-118.228265,OCEAN VIEW,18.18
2025-01-07 09:50:00,770170,210,E,FF,,,,,,,,34.155812,-118.158089,EB 210 TO WB 134 #1,24.49
2025-01-07 09:50:00,773131,210,E,FF,,,,,,,,34.15154,-118.146708,FAIR OAKS OFF,25.48
2025-01-07 09:50:00,775729,210,E,FF,,,,,,,,34.155812,-118.158089,EB 210 CON,24.49
2025-01-07 09:50:00,776724,210,E,FF,144.0,73.0,71.0,,,,,34.156489,-118.158295,WINONA WAY,24.442
2025-01-07 09:55:00,768916,210,E,FF,,,,,,,,34.15099,-118.152369,NB 710 EXT TO EB 210,25.12
2025-01-07 09:55:00,769849,210,E,FF,288.0,91.0,128.0,69.0,,,,34.211728,-118.228265,OCEAN VIEW,18.18
2025-01-07 09:55:00,770170,210,E,FF,,,,,,,,34.155812,-118.158089,EB 210 TO WB 134 #1,24.49
2025-01-07 09:55:00,773131,210,E,FF,,,,,,,,34.15154,-118.146708,FAIR OAKS OFF,25.48
2025-01-07 09:55:00,775729,210,E,FF,,,,,,,,34.155812,-118.158089,EB 210 CON,24.49
2025-01-07 09:55:00,776724,210,E,FF,201.0,99.0,102.0,,,,,34.156489,-118.158295,WINONA WAY,24.442
2025-01-07 10:00:00,768916,210,E,FF,,,,,,,,34.15099,-118.152369,NB 710 EXT TO EB 210,25.12
2025-01-07 10:00:00,769849,210,E,FF,298.0,103.0,127.0,68.0,,,,34.211728,-118.228265,OCEAN VIEW,18.18
2025-01-07 10:00:00,770170,210,E,FF,,,,,,,,34.155812,-118.158089,EB 210 TO WB 134 #1,24.49
2025-01-07 10:00:00,773131,210,E,FF,,,,,,,,34.15154,-118.146708,FAIR OAKS OFF,25.48
2025-01-07 10:00:00,775729,210,E,FF,,,,,,,,34.155812,-118.158089,EB 210 CON,24.49
2025-01-07 10:00:00,776724,210,E,FF,219.0,120.0,99.0,,,,,34.156489,-118.158295,WINONA WAY,24.442
2025-01-07 10:05:00,768916,210,E,FF,,,,,,,,34.15099,-118.152369,NB 710 EXT TO EB 210,25.12
2025-01-07 10:05:00,769849,210,E,FF,257.0,80.0,110.0,67.0,,,,34.211728,-118.228265,OCEAN VIEW,18.18
2025-01-07 10:05:00,770170,210,E,FF,,,,,,,,34.155812,-118.158089,EB 210 TO WB 134 #1,24.49
2025-01-07 10:05:00,773131,210,E,FF,,,,,,,,34.15154,-118.146708,FAIR OAKS OFF,25.48
2025-01-07 10:05:00,775729,210,E,FF,,,,,,,,34.155812,-118.158089,EB 210 CON,24.49
2025-01-07 10:05:00,776724,210,E,FF,247.0,128.0,119.0,,,,,34.156489,-118.158295,WINONA WAY,24.442
2025-01-07 10:10:00,768916,210,E,FF,,,,,,,,34.15099,-118.152369,NB 710 EXT TO EB 210,25.12
2025-01-07 10:10:00,769849,210,E,FF,213.0,69.0,85.0,59.0,,,,34.211728,-118.228265,OCEAN VIEW,18.18
2025-01-07 10:10:00,770170,210,E,FF,,,,,,,,34.155812,-118.158089,EB 210 TO WB 134 #1,24.49
2025-01-07 10:10:00,773131,210,E,FF,,,,,,,,34.15154,-118.146708,FAIR OAKS OFF,25.48
2025-01-07 10:10:00,775729,210,E,FF,,,,,,,,34.155812,-118.158089,EB 210 CON,24.49
2025-01-07 10:10:00,776724,210,E,FF,285.0,162.0,123.0,,,,,34.156489,-118.158295,WINONA WAY,24.442
2025-01-07 10:15:00,768916,210,E,FF,,,,,,,,34.15099,-118.152369,NB 710 EXT TO EB 210,25.12
2025-01-07 10:15:00,769849,210,E,FF,166.0,47.0,74.0,45.0,,,,34.211728,-118.228265,OCEAN VIEW,18.18
2025-01-07 10:15:00,770170,210,E,FF,,,,,,,,34.155812,-118.158089,EB 210 TO WB 134 #1,24.49
2025-01-07 10:15:00,773131,210,E,FF,,,,,,,,34.15154,-118.146708,FAIR OAKS OFF,25.48
2025-01-07 10:15:00,775729,210,E,FF,,,,,,,,34.155812,-118.158089,EB 210 CON,24.49
2025-01-07 10:15:00,776724,210,E,FF,251.0,138.0,113.0,,,,,34.156489,-118.158295,WINONA WAY,24.442
2025-01-07 10:20:00,768916,210,E,FF,,,,,,,,34.15099,-118.152369,NB 710 EXT TO EB 210,25.12
2025-01-07 10:20:00,769849,210,E,FF,152.0,33.0,75.0,44.0,,,,34.211728,-118.228265,OCEAN VIEW,18.18
2025-01-07 10:20:00,770170,210,E,FF,,,,,,,,34.155812,-118.158089,EB 210 TO WB 134 #1,24.49
2025-01-07 10:20:00,773131,210,E,FF,,,,,,,,34.15154,-118.146708,FAIR OAKS OFF,25.48
2025-01-07 10:20:00,775729,210,E,FF,,,,,,,,34.155812,-118.158089,EB 210 CON,24.49
2025-01-07 10:20:00,776724,210,E,FF,209.0,106.0,103.0,,,,,34.156489,-118.158295,WINONA WAY,24.442
2025-01-07 10:25:00,768916,210,E,FF,,,,,,,,34.15099,-118.152369,NB 710 EXT TO EB 210,25.12
2025-01-07 10:25:00,769849,210,E,FF,186.0,52.0,76.0,58.0,,,,34.211728,-118.228265,OCEAN VIEW,18.18
2025-01-07 10:25:00,770170,210,E,FF,,,,,,,,34.155812,-118.158089,EB 210 TO WB 134 #1,24.49
2025-01-07 10:25:00,773131,210,E,FF,,,,,,,,34.15154,-118.146708,FAIR OAKS OFF,25.48
2025-01-07 10:25:00,775729,210,E,FF,,,,,,,,34.155812,-118.158089,EB 210 CON,24.49
2025-01-07 10:25:00,776724,210,E,FF,227.0,115.0,112.0,,,,,34.156489,-118.158295,WINONA WAY,24.442
2025-01-07 10:30:00,768916,210,E,FF,,,,,,,,34.15099,-118.152369,NB 710 EXT TO EB 210,25.12
2025-01-07 10:30:00,769849,210,E,FF,151.0,38.0,62.0,51.0,,,,34.211728,-118.228265,OCEAN VIEW,18.18
2025-01-07 10:30:00,770170,210,E,FF,,,,,,,,34.155812,-118.158089,EB 210 TO WB 134 #1,24.49
2025-01-07 10:30:00,773131,210,E,FF,,,,,,,,34.15154,-118.146708,FAIR OAKS OFF,25.48
2025-01-07 10:30:00,775729,210,E,FF,,,,,,,,34.155812,-118.158089,EB 210 CON,24.49
2025-01-07 10:30:00,776724,210,E,FF,214.0,122.0,92.0,,,,,34.156489,-118.158295,WINONA WAY,24.442
2025-01-07 10:35:00,768916,210,E,FF,,,,,,,,34.15099,-118.152369,NB 710 EXT TO EB 210,25.12
2025-01-07 10:35:00,769849,210,E,FF,146.0,45.0,59.0,42.0,,,,34.211728,-118.228265,OCEAN VIEW,18.18
2025-01-07 10:35:00,770170,210,E,FF,,,,,,,,34.155812,-118.158089,EB 210 TO WB 134 #1,24.49
2025-01-07 10:35:00,773131,210,E,FF,,,,,,,,34.15154,-118.146708,FAIR OAKS OFF,25.48
2025-01-07 10:35:00,775729,210,E,FF,,,,,,,,34.155812,-118.158089,EB 210 CON,24.49
2025-01-07 10:35:00,776724,210,E,FF,244.0,135.0,109.0,,,,,34.156489,-118.158295,WINONA WAY,24.442
2025-01-07 10:40:00,768916,210,E,FF,,,,,,,,34.15099,-118.152369,NB 710 EXT TO EB 210,25.12
2025-01-07 10:40:00,769849,210,E,FF,152.0,39.0,74.0,39.0,,,,34.211728,-118.228265,OCEAN VIEW,18.18
2025-01-07 10:40:00,770170,210,E,FF,,,,,,,,34.155812,-118.158089,EB 210 TO WB 134 #1,24.49
2025-01-07 10:40:00,773131,210,E,FF,,,,,,,,34.15154,-118.146708,FAIR OAKS OFF,25.48
2025-01-07 10:40:00,775729,210,E,FF,,,,,,,,34.155812,-118.158089,EB 210 CON,24.49
2025-01-07 10:40:00,776724,210,E,FF,226.0,118.0,108.0,,,,,34.156489,-118.158295,WINONA WAY,24.442
2025-01-07 10:45:00,768916,210,E,FF,,,,,,,,34.15099,-118.152369,NB 710 EXT TO EB 210,25.12
2025-01-07 10:45:00,769849,210,E,FF,158.0,43.0,72.0,43.0,,,,34.211728,-118.228265,OCEAN VIEW,18.18
2025-01-07 10:45:00,770170,210,E,FF,,,,,,,,34.155812,-118.158089,EB 210 TO WB 134 #1,24.49
2025-01-07 10:45:00,773131,210,E,FF,,,,,,,,34.15154,-118.146708,FAIR OAKS OFF,25.48
2025-01-07 10:45:00,775729,210,E,FF,,,,,,,,34.155812,-118.158089,EB 210 CON,24.49
2025-01-07 10:45:00,776724,210,E,FF,223.0,132.0,91.0,,,,,34.156489,-118.158295,WINONA WAY,24.442
2025-01-07 10:50:00,768916,210,E,FF,,,,,,,,34.15099,-118.152369,NB 710 EXT TO EB 210,25.12
2025-01-07 10:50:00,769849,210,E,FF,135.0,31.0,65.0,39.0,,,,34.211728,-118.228265,OCEAN VIEW,18.18
2025-01-07 10:50:00,770170,210,E,FF,,,,,,,,34.155812,-118.158089,EB 210 TO WB 134 #1,24.49
2025-01-07 10:50:00,773131,210,E,FF,,,,,,,,34.15154,-118.146708,FAIR OAKS OFF,25.48
2025-01-07 10:50:00,775729,210,E,FF,,,,,,,,34.155812,-118.158089,EB 210 CON,24.49
2025-01-07 10:50:00,776724,210,E,FF,228.0,130.0,98.0,,,,,34.156489,-118.158295,WINONA WAY,24.442
2025-01-07 10:55:00,768916,210,E,FF,,,,,,,,34.15099,-118.152369,NB 710 EXT TO EB 210,25.12
2025-01-07 10:55:00,769849,210,E,FF,148.0,28.0,70.0,50.0,,,,34.211728,-118.228265,OCEAN VIEW,18.18
2025-01-07 10:55:00,770170,210,E,FF,,,,,,,,34.155812,-118.158089,EB 210 TO WB 134 #1,24.49
2025-01-07 10:55:00,773131,210,E,FF,,,,,,,,34.15154,-118.146708,FAIR OAKS OFF,25.48
2025-01-07 10:55:00,775729,210,E,FF,,,,,,,,34.155812,-118.158089,EB 210 CON,24.49
2025-01-07 10:55:00,776724,210,E,FF,225.0,134.0,91.0,,,,,34.156489,-118.158295,WINONA WAY,24.442
2025-01-07 11:00:00,768916,210,E,FF,,,,,,,,34.15099,-118.152369,NB 710 EXT TO EB 210,25.12
2025-01-07 11:00:00,769849,210,E,FF,141.0,34.0,68.0,39.0,,,,34.211728,-118.228265,OCEAN VIEW,18.18
2025-01-07 11:00:00,770170,210,E,FF,,,,,,,,34.155812,-118.158089,EB 210 TO WB 134 #1,24.49
2025-01-07 11:00:00,773131,210,E,FF,,,,,,,,34.15154,-118.146708,FAIR OAKS OFF,25.48
2025-01-07 11:00:00,775729,210,E,FF,,,,,,,,34.155812,-118.158089,EB 210 CON,24.49
2025-01-07 11:00:00,776724,210,E,FF,183.0,76.0,107.0,,,,,34.156489,-118.158295,WINONA WAY,24.442
2025-01-07 11:05:00,768916,210,E,FF,,,,,,,,34.15099,-118.152369,NB 710 EXT TO EB 210,25.12
2025-01-07 11:05:00,769849,210,E,FF,139.0,37.0,66.0,36.0,,,,34.211728,-118.228265,OCEAN VIEW,18.18
2025-01-07 11:05:00,770170,210,E,FF,,,,,,,,34.155812,-118.158089,EB 210 TO WB 134 #1,24.49
2025-01-07 11:05:00,773131,210,E,FF,,,,,,,,34.15154,-118.146708,FAIR OAKS OFF,25.48
2025-01-07 11:05:00,775729,210,E,FF,,,,,,,,34.155812,-118.158089,EB 210 CON,24.49
2025-01-07 11:05:00,776724,210,E,FF,251.0,137.0,114.0,,,,,34.156489,-118.158295,WINONA WAY,24.442
2025-01-07 11:10:00,768916,210,E,FF,,,,,,,,34.15099,-118.152369,NB 710 EXT TO EB 210,25.12
2025-01-07 11:10:00,769849,210,E,FF,183.0,51.0,93.0,39.0,,,,34.211728,-118.228265,OCEAN VIEW,18.18
2025-01-07 11:10:00,770170,210,E,FF,,,,,,,,34.155812,-118.158089,EB 210 TO WB 134 #1,24.49
2025-01-07 11:10:00,773131,210,E,FF,,,,,,,,34.15154,-118.146708,FAIR OAKS OFF,25.48
2025-01-07 11:10:00,775729,210,E,FF,,,,,,,,34.155812,-118.158089,EB 210 CON,24.49
2025-01-07 11:10:00,776724,210,E,FF,195.0,103.0,92.0,,,,,34.156489,-118.158295,WINONA WAY,24.442
2025-01-07 11:15:00,768916,210,E,FF,,,,,,,,34.15099,-118.152369,NB 710 EXT TO EB 210,25.12
2025-01-07 11:15:00,769849,210,E,FF,144.0,40.0,68.0,36.0,,,,34.211728,-118.228265,OCEAN VIEW,18.18
2025-01-07 11:15:00,770170,210,E,FF,,,,,,,,34.155812,-118.158089,EB 210 TO WB 134 #1,24.49
2025-01-07 11:15:00,773131,210,E,FF,,,,,,,,34.15154,-118.146708,FAIR OAKS OFF,25.48
2025-01-07 11:15:00,775729,210,E,FF,,,,,,,,34.155812,-118.158089,EB 210 CON,24.49
2025-01-07 11:15:00,776724,210,E,FF,245.0,137.0,108.0,,,,,34.156489,-118.158295,WINONA WAY,24.442
2025-01-07 11:20:00,768916,210,E,FF,,,,,,,,34.15099,-118.152369,NB 710 EXT TO EB 210,25.12
2025-01-07 11:20:00,769849,210,E,FF,162.0,40.0,73.0,49.0,,,,34.211728,-118.228265,OCEAN VIEW,18.18
2025-01-07 11:20:00,770170,210,E,FF,,,,,,,,34.155812,-118.158089,EB 210 TO WB 134 #1,24.49
2025-01-07 11:20:00,773131,210,E,FF,,,,,,,,34.15154,-118.146708,FAIR OAKS OFF,25.48
2025-01-07 11:20:00,775729,210,E,FF,,,,,,,,34.155812,-118.158089,EB 210 CON,24.49
2025-01-07 11:20:00,776724,210,E,FF,280.0,126.0,154.0,,,,,34.156489,-118.158295,WINONA WAY,24.442
2025-01-07 11:25:00,768916,210,E,FF,,,,,,,,34.15099,-118.152369,NB 710 EXT TO EB 210,25.12
2025-01-07 11:25:00,769849,210,E,FF,153.0,40.0,74.0,39.0,,,,34.211728,-118.228265,OCEAN VIEW,18.18
2025-01-07 11:25:00,770170,210,E,FF,,,,,,,,34.155812,-118.158089,EB 210 TO WB 134 #1,24.49
2025-01-07 11:25:00,773131,210,E,FF,,,,,,,,34.15154,-118.146708,FAIR OAKS OFF,25.48
2025-01-07 11:25:00,775729,210,E,FF,,,,,,,,34.155812,-118.158089,EB 210 CON,24.49
2025-01-07 11:25:00,776724,210,E,FF,243.0,134.0,109.0,,,,,34.156489,-118.158295,WINONA WAY,24.442
2025-01-07 11:30:00,768916,210,E,FF,,,,,,,,34.15099,-118.152369,NB 710 EXT TO EB 210,25.12
2025-01-07 11:30:00,769849,210,E,FF,164.0,41.0,73.0,50.0,,,,34.211728,-118.228265,OCEAN VIEW,18.18
2025-01-07 11:30:00,770170,210,E,FF,,,,,,,,34.155812,-118.158089,EB 210 TO WB 134 #1,24.49
2025-01-07 11:30:00,773131,210,E,FF,,,,,,,,34.15154,-118.146708,FAIR OAKS OFF,25.48
2025-01-07 11:30:00,775729,210,E,FF,,,,,,,,34.155812,-118.158089,EB 210 CON,24.49
2025-01-07 11:30:00,776724,210,E,FF,245.0,121.0,124.0,,,,,34.156489,-118.158295,WINONA WAY,24.442
2025-01-07 11:35:00,768916,210,E,FF,,,,,,,,34.15099,-118.152369,NB 710 EXT TO EB 210,25.12
2025-01-07 11:35:00,769849,210,E,FF,146.0,42.0,69.0,35.0,,,,34.211728,-118.228265,OCEAN VIEW,18.18
2025-01-07 11:35:00,770170,210,E,FF,,,,,,,,34.155812,-118.158089,EB 210 TO WB 134 #1,24.49
2025-01-07 11:35:00,773131,210,E,FF,,,,,,,,34.15154,-118.146708,FAIR OAKS OFF,25.48
2025-01-07 11:35:00,775729,210,E,FF,,,,,,,,34.155812,-118.158089,EB 210 CON,24.49
2025-01-07 11:35:00,776724,210,E,FF,297.0,130.0,167.0,,,,,34.156489,-118.158295,WINONA WAY,24.442
2025-01-07 11:40:00,768916,210,E,FF,,,,,,,,34.15099,-118.152369,NB 710 EXT TO EB 210,25.12
2025-01-07 11:40:00,769849,210,E,FF,139.0,34.0,71.0,34.0,,,,34.211728,-118.228265,OCEAN VIEW,18.18
2025-01-07 11:40:00,770170,210,E,FF,,,,,,,,34.155812,-118.158089,EB 210 TO WB 134 #1,24.49
2025-01-07 11:40:00,773131,210,E,FF,,,,,,,,34.15154,-118.146708,FAIR OAKS OFF,25.48
2025-01-07 11:40:00,775729,210,E,FF,,,,,,,,34.155812,-118.158089,EB 210 CON,24.49
2025-01-07 11:40:00,776724,210,E,FF,268.0,128.0,140.0,,,,,34.156489,-118.158295,WINONA WAY,24.442
2025-01-07 11:45:00,768916,210,E,FF,,,,,,,,34.15099,-118.152369,NB 710 EXT TO EB 210,25.12
2025-01-07 11:45:00,769849,210,E,FF,152.0,36.0,78.0,38.0,,,,34.211728,-118.228265,OCEAN VIEW,18.18
2025-01-07 11:45:00,770170,210,E,FF,,,,,,,,34.155812,-118.158089,EB 210 TO WB 134 #1,24.49
2025-01-07 11:45:00,773131,210,E,FF,,,,,,,,34.15154,-118.146708,FAIR OAKS OFF,25.48
2025-01-07 11:45:00,775729,210,E,FF,,,,,,,,34.155812,-118.158089,EB 210 CON,24.49
2025-01-07 11:45:00,776724,210,E,FF,240.0,117.0,123.0,,,,,34.156489,-118.158295,WINONA WAY,24.442
2025-01-07 11:50:00,768916,210,E,FF,,,,,,,,34.15099,-118.152369,NB 710 EXT TO EB 210,25.12
2025-01-07 11:50:00,769849,210,E,FF,140.0,34.0,63.0,43.0,,,,34.211728,-118.228265,OCEAN VIEW,18.18
2025-01-07 11:50:00,770170,210,E,FF,,,,,,,,34.155812,-118.158089,EB 210 TO WB 134 #1,24.49
2025-01-07 11:50:00,773131,210,E,FF,,,,,,,,34.15154,-118.146708,FAIR OAKS OFF,25.48
2025-01-07 11:50:00,775729,210,E,FF,,,,,,,,34.155812,-118.158089,EB 210 CON,24.49
2025-01-07 11:50:00,776724,210,E,FF,288.0,147.0,141.0,,,,,34.156489,-118.158295,WINONA WAY,24.442
2025-01-07 11:55:00,768916,210,E,FF,,,,,,,,34.15099,-118.152369,NB 710 EXT TO EB 210,25.12
2025-01-07 11:55:00,769849,210,E,FF,144.0,42.0,69.0,33.0,,,,34.211728,-118.228265,OCEAN VIEW,18.18
2025-01-07 11:55:00,770170,210,E,FF,,,,,,,,34.155812,-118.158089,EB 210 TO WB 134 #1,24.49
2025-01-07 11:55:00,773131,210,E,FF,,,,,,,,34.15154,-118.146708,FAIR OAKS OFF,25.48
2025-01-07 11:55:00,775729,210,E,FF,,,,,,,,34.155812,-118.158089,EB 210 CON,24.49
2025-01-07 11:55:00,776724,210,E,FF,176.0,76.0,100.0,,,,,34.156489,-118.158295,WINONA WAY,24.442
2025-01-07 12:00:00,768916,210,E,FF,,,,,,,,34.15099,-118.152369,NB 710 EXT TO EB 210,25.12
2025-01-07 12:00:00,769849,210,E,FF,135.0,34.0,65.0,36.0,,,,34.211728,-118.228265,OCEAN VIEW,18.18
2025-01-07 12:00:00,770170,210,E,FF,,,,,,,,34.155812,-118.158089,EB 210 TO WB 134 #1,24.49
2025-01-07 12:00:00,773131,210,E,FF,,,,,,,,34.15154,-118.146708,FAIR OAKS OFF,25.48
2025-01-07 12:00:00,775729,210,E,FF,,,,,,,,34.155812,-118.158089,EB 210 CON,24.49
2025-01-07 12:00:00,776724,210,E,FF,242.0,134.0,108.0,,,,,34.156489,-118.158295,WINONA WAY,24.442
2025-01-07 12:05:00,768916,210,E,FF,,,,,,,,34.15099,-118.152369,NB 710 EXT TO EB 210,25.12
2025-01-07 12:05:00,769849,210,E,FF,122.0,28.0,60.0,34.0,,,,34.211728,-118.228265,OCEAN VIEW,18.18
2025-01-07 12:05:00,770170,210,E,FF,,,,,,,,34.155812,-118.158089,EB 210 TO WB 134 #1,24.49
2025-01-07 12:05:00,773131,210,E,FF,,,,,,,,34.15154,-118.146708,FAIR OAKS OFF,25.48
2025-01-07 12:05:00,775729,210,E,FF,,,,,,,,34.155812,-118.158089,EB 210 CON,24.49
2025-01-07 12:05:00,776724,210,E,FF,214.0,119.0,95.0,,,,,34.156489,-118.158295,WINONA WAY,24.442
2025-01-07 12:10:00,768916,210,E,FF,,,,,,,,34.15099,-118.152369,NB 710 EXT TO EB 210,25.12
2025-01-07 12:10:00,769849,210,E,FF,120.0,23.0,64.0,33.0,,,,34.211728,-118.228265,OCEAN VIEW,18.18
2025-01-07 12:10:00,770170,210,E,FF,,,,,,,,34.155812,-118.158089,EB 210 TO WB 134 #1,24.49
2025-01-07 12:10:00,773131,210,E,FF,,,,,,,,34.15154,-118.146708,FAIR OAKS OFF,25.48
2025-01-07 12:10:00,775729,210,E,FF,,,,,,,,34.155812,-118.158089,EB 210 CON,24.49
2025-01-07 12:10:00,776724,210,E,FF,236.0,127.0,109.0,,,,,34.156489,-118.158295,WINONA WAY,24.442
2025-01-07 12:15:00,768916,210,E,FF,,,,,,,,34.15099,-118.152369,NB 710 EXT TO EB 210,25.12
2025-01-07 12:15:00,769849,210,E,FF,120.0,30.0,50.0,40.0,,,,34.211728,-118.228265,OCEAN VIEW,18.18
2025-01-07 12:15:00,770170,210,E,FF,,,,,,,,34.155812,-118.158089,EB 210 TO WB 134 #1,24.49
2025-01-07 12:15:00,773131,210,E,FF,,,,,,,,34.15154,-118.146708,FAIR OAKS OFF,25.48
2025-01-07 12:15:00,775729,210,E,FF,,,,,,,,34.155812,-118.158089,EB 210 CON,24.49
2025-01-07 12:15:00,776724,210,E,FF,179.0,92.0,87.0,,,,,34.156489,-118.158295,WINONA WAY,24.442
2025-01-07 12:20:00,768916,210,E,FF,,,,,,,,34.15099,-118.152369,NB 710 EXT TO EB 210,25.12
2025-01-07 12:20:00,769849,210,E,FF,126.0,28.0,63.0,35.0,,,,34.211728,-118.228265,OCEAN VIEW,18.18
2025-01-07 12:20:00,770170,210,E,FF,,,,,,,,34.155812,-118.158089,EB 210 TO WB 134 #1,24.49
2025-01-07 12:20:00,773131,210,E,FF,,,,,,,,34.15154,-118.146708,FAIR OAKS OFF,25.48
2025-01-07 12:20:00,775729,210,E,FF,,,,,,,,34.155812,-118.158089,EB 210 CON,24.49
2025-01-07 12:20:00,776724,210,E,FF,195.0,85.0,110.0,,,,,34.156489,-118.158295,WINONA WAY,24.442
2025-01-07 12:25:00,768916,210,E,FF,,,,,,,,34.15099,-118.152369,NB 710 EXT TO EB 210,25.12
2025-01-07 12:25:00,769849,210,E,FF,124.0,32.0,56.0,36.0,,,,34.211728,-118.228265,OCEAN VIEW,18.18
2025-01-07 12:25:00,770170,210,E,FF,,,,,,,,34.155812,-118.158089,EB 210 TO WB 134 #1,24.49
2025-01-07 12:25:00,773131,210,E,FF,,,,,,,,34.15154,-118.146708,FAIR OAKS OFF,25.48
2025-01-07 12:25:00,775729,210,E,FF,,,,,,,,34.155812,-118.158089,EB 210 CON,24.49
2025-01-07 12:25:00,776724,210,E,FF,224.0,134.0,90.0,,,,,34.156489,-118.158295,WINONA WAY,24.442
2025-01-07 12:30:00,768916,210,E,FF,,,,,,,,34.15099,-118.152369,NB 710 EXT TO EB 210,25.12
2025-01-07 12:30:00,769849,210,E,FF,109.0,23.0,57.0,29.0,,,,34.211728,-118.228265,OCEAN VIEW,18.18
2025-01-07 12:30:00,770170,210,E,FF,,,,,,,,34.155812,-118.158089,EB 210 TO WB 134 #1,24.49
2025-01-07 12:30:00,773131,210,E,FF,,,,,,,,34.15154,-118.146708,FAIR OAKS OFF,25.48
2025-01-07 12:30:00,775729,210,E,FF,,,,,,,,34.155812,-118.158089,EB 210 CON,24.49
2025-01-07 12:30:00,776724,210,E,FF,258.0,135.0,123.0,,,,,34.156489,-118.158295,WINONA WAY,24.442
2025-01-07 12:35:00,768916,210,E,FF,,,,,,,,34.15099,-118.152369,NB 710 EXT TO EB 210,25.12
2025-01-07 12:35:00,769849,210,E,FF,105.0,22.0,54.0,29.0,,,,34.211728,-118.228265,OCEAN VIEW,18.18
2025-01-07 12:35:00,770170,210,E,FF,,,,,,,,34.155812,-118.158089,EB 210 TO WB 134 #1,24.49
2025-01-07 12:35:00,773131,210,E,FF,,,,,,,,34.15154,-118.146708,FAIR OAKS OFF,25.48
2025-01-07 12:35:00,775729,210,E,FF,,,,,,,,34.155812,-118.158089,EB 210 CON,24.49
2025-01-07 12:35:00,776724,210,E,FF,236.0,130.0,106.0,,,,,34.156489,-118.158295,WINONA WAY,24.442
2025-01-07 12:40:00,768916,210,E,FF,,,,,,,,34.15099,-118.152369,NB 710 EXT TO EB 210,25.12
2025-01-07 12:40:00,769849,210,E,FF,132.0,28.0,65.0,39.0,,,,34.211728,-118.228265,OCEAN VIEW,18.18
2025-01-07 12:40:00,770170,210,E,FF,,,,,,,,34.155812,-118.158089,EB 210 TO WB 134 #1,24.49
2025-01-07 12:40:00,773131,210,E,FF,,,,,,,,34.15154,-118.146708,FAIR OAKS OFF,25.48
2025-01-07 12:40:00,775729,210,E,FF,,,,,,,,34.155812,-118.158089,EB 210 CON,24.49
2025-01-07 12:40:00,776724,210,E,FF,217.0,123.0,94.0,,,,,34.156489,-118.158295,WINONA WAY,24.442
2025-01-07 12:45:00,768916,210,E,FF,,,,,,,,34.15099,-118.152369,NB 710 EXT TO EB 210,25.12
2025-01-07 12:45:00,769849,210,E,FF,127.0,31.0,63.0,33.0,,,,34.211728,-118.228265,OCEAN VIEW,18.18
2025-01-07 12:45:00,770170,210,E,FF,,,,,,,,34.155812,-118.158089,EB 210 TO WB 134 #1,24.49
2025-01-07 12:45:00,773131,210,E,FF,,,,,,,,34.15154,-118.146708,FAIR OAKS OFF,25.48
2025-01-07 12:45:00,775729,210,E,FF,,,,,,,,34.155812,-118.158089,EB 210 CON,24.49
2025-01-07 12:45:00,776724,210,E,FF,220.0,107.0,113.0,,,,,34.156489,-118.158295,WINONA WAY,24.442
2025-01-07 12:50:00,768916,210,E,FF,,,,,,,,34.15099,-118.152369,NB 710 EXT TO EB 210,25.12
2025-01-07 12:50:00,769849,210,E,FF,138.0,43.0,51.0,44.0,,,,34.211728,-118.228265,OCEAN VIEW,18.18
2025-01-07 12:50:00,770170,210,E,FF,,,,,,,,34.155812,-118.158089,EB 210 TO WB 134 #1,24.49
2025-01-07 12:50:00,773131,210,E,FF,,,,,,,,34.15154,-118.146708,FAIR OAKS OFF,25.48
2025-01-07 12:50:00,775729,210,E,FF,,,,,,,,34.155812,-118.158089,EB 210 CON,24.49
2025-01-07 12:50:00,776724,210,E,FF,197.0,107.0,90.0,,,,,34.156489,-118.158295,WINONA WAY,24.442
2025-01-07 12:55:00,768916,210,E,FF,,,,,,,,34.15099,-118.152369,NB 710 EXT TO EB 210,25.12
2025-01-07 12:55:00,769849,210,E,FF,131.0,32.0,61.0,38.0,,,,34.211728,-118.228265,OCEAN VIEW,18.18
2025-01-07 12:55:00,770170,210,E,FF,,,,,,,,34.155812,-118.158089,EB 210 TO WB 134 #1,24.49
2025-01-07 12:55:00,773131,210,E,FF,,,,,,,,34.15154,-118.146708,FAIR OAKS OFF,25.48
2025-01-07 12:55:00,775729,210,E,FF,,,,,,,,34.155812,-118.158089,EB 210 CON,24.49
2025-01-07 12:55:00,776724,210,E,FF,228.0,124.0,104.0,,,,,34.156489,-118.158295,WINONA WAY,24.442
2025-01-07 13:00:00,768916,210,E,FF,,,,,,,,34.15099,-118.152369,NB 710 EXT TO EB 210,25.12
2025-01-07 13:00:00,769849,210,E,FF,101.0,18.0,57.0,26.0,,,,34.211728,-118.228265,OCEAN VIEW,18.18
2025-01-07 13:00:00,770170,210,E,FF,,,,,,,,34.155812,-118.158089,EB 210 TO WB 134 #1,24.49
2025-01-07 13:00:00,773131,210,E,FF,,,,,,,,34.15154,-118.146708,FAIR OAKS OFF,25.48
2025-01-07 13:00:00,775729,210,E,FF,,,,,,,,34.155812,-118.158089,EB 210 CON,24.49
2025-01-07 13:00:00,776724,210,E,FF,252.0,138.0,114.0,,,,,34.156489,-118.158295,WINONA WAY,24.442
2025-01-07 13:05:00,768916,210,E,FF,,,,,,,,34.15099,-118.152369,NB 710 EXT TO EB 210,25.12
2025-01-07 13:05:00,769849,210,E,FF,129.0,36.0,56.0,37.0,,,,34.211728,-118.228265,OCEAN VIEW,18.18
2025-01-07 13:05:00,770170,210,E,FF,,,,,,,,34.155812,-118.158089,EB 210 TO WB 134 #1,24.49
2025-01-07 13:05:00,773131,210,E,FF,,,,,,,,34.15154,-118.146708,FAIR OAKS OFF,25.48
2025-01-07 13:05:00,775729,210,E,FF,,,,,,,,34.155812,-118.158089,EB 210 CON,24.49
2025-01-07 13:05:00,776724,210,E,FF,210.0,114.0,96.0,,,,,34.156489,-118.158295,WINONA WAY,24.442
2025-01-07 13:10:00,768916,210,E,FF,,,,,,,,34.15099,-118.152369,NB 710 EXT TO EB 210,25.12
2025-01-07 13:10:00,769849,210,E,FF,133.0,32.0,58.0,43.0,,,,34.211728,-118.228265,OCEAN VIEW,18.18
2025-01-07 13:10:00,770170,210,E,FF,,,,,,,,34.155812,-118.158089,EB 210 TO WB 134 #1,24.49
2025-01-07 13:10:00,773131,210,E,FF,,,,,,,,34.15154,-118.146708,FAIR OAKS OFF,25.48
2025-01-07 13:10:00,775729,210,E,FF,,,,,,,,34.155812,-118.158089,EB 210 CON,24.49
2025-01-07 13:10:00,776724,210,E,FF,231.0,110.0,121.0,,,,,34.156489,-118.158295,WINONA WAY,24.442
2025-01-07 13:15:00,768916,210,E,FF,,,,,,,,34.15099,-118.152369,NB 710 EXT TO EB 210,25.12
2025-01-07 13:15:00,769849,210,E,FF,126.0,25.0,62.0,39.0,,,,34.211728,-118.228265,OCEAN VIEW,18.18
2025-01-07 13:15:00,770170,210,E,FF,,,,,,,,34.155812,-118.158089,EB 210 TO WB 134 #1,24.49
2025-01-07 13:15:00,773131,210,E,FF,,,,,,,,34.15154,-118.146708,FAIR OAKS OFF,25.48
2025-01-07 13:15:00,775729,210,E,FF,,,,,,,,34.155812,-118.158089,EB 210 CON,24.49
2025-01-07 13:15:00,776724,210,E,FF,289.0,154.0,135.0,,,,,34.156489,-118.158295,WINONA WAY,24.442
2025-01-07 13:20:00,768916,210,E,FF,,,,,,,,34.15099,-118.152369,NB 710 EXT TO EB 210,25.12
2025-01-07 13:20:00,769849,210,E,FF,136.0,35.0,64.0,37.0,,,,34.211728,-118.228265,OCEAN VIEW,18.18
2025-01-07 13:20:00,770170,210,E,FF,,,,,,,,34.155812,-118.158089,EB 210 TO WB 134 #1,24.49
2025-01-07 13:20:00,773131,210,E,FF,,,,,,,,34.15154,-118.146708,FAIR OAKS OFF,25.48
2025-01-07 13:20:00,775729,210,E,FF,,,,,,,,34.155812,-118.158089,EB 210 CON,24.49
2025-01-07 13:20:00,776724,210,E,FF,283.0,135.0,148.0,,,,,34.156489,-118.158295,WINONA WAY,24.442
2025-01-07 13:25:00,768916,210,E,FF,,,,,,,,34.15099,-118.152369,NB 710 EXT TO EB 210,25.12
2025-01-07 13:25:00,769849,210,E,FF,105.0,28.0,41.0,36.0,,,,34.211728,-118.228265,OCEAN VIEW,18.18
2025-01-07 13:25:00,770170,210,E,FF,,,,,,,,34.155812,-118.158089,EB 210 TO WB 134 #1,24.49
2025-01-07 13:25:00,773131,210,E,FF,,,,,,,,34.15154,-118.146708,FAIR OAKS OFF,25.48
2025-01-07 13:25:00,775729,210,E,FF,,,,,,,,34.155812,-118.158089,EB 210 CON,24.49
2025-01-07 13:25:00,776724,210,E,FF,259.0,112.0,147.0,,,,,34.156489,-118.158295,WINONA WAY,24.442
2025-01-07 13:30:00,768916,210,E,FF,,,,,,,,34.15099,-118.152369,NB 710 EXT TO EB 210,25.12
2025-01-07 13:30:00,769849,210,E,FF,136.0,36.0,65.0,35.0,,,,34.211728,-118.228265,OCEAN VIEW,18.18
2025-01-07 13:30:00,770170,210,E,FF,,,,,,,,34.155812,-118.158089,EB 210 TO WB 134 #1,24.49
2025-01-07 13:30:00,773131,210,E,FF,,,,,,,,34.15154,-118.146708,FAIR OAKS OFF,25.48
2025-01-07 13:30:00,775729,210,E,FF,,,,,,,,34.155812,-118.158089,EB 210 CON,24.49
2025-01-07 13:30:00,776724,210,E,FF,304.0,170.0,134.0,,,,,34.156489,-118.158295,WINONA WAY,24.442
2025-01-07 13:35:00,768916,210,E,FF,,,,,,,,34.15099,-118.152369,NB 710 EXT TO EB 210,25.12
2025-01-07 13:35:00,769849,210,E,FF,148.0,34.0,75.0,39.0,,,,34.211728,-118.228265,OCEAN VIEW,18.18
2025-01-07 13:35:00,770170,210,E,FF,,,,,,,,34.155812,-118.158089,EB 210 TO WB 134 #1,24.49
2025-01-07 13:35:00,773131,210,E,FF,,,,,,,,34.15154,-118.146708,FAIR OAKS OFF,25.48
2025-01-07 13:35:00,775729,210,E,FF,,,,,,,,34.155812,-118.158089,EB 210 CON,24.49
2025-01-07 13:35:00,776724,210,E,FF,246.0,127.0,119.0,,,,,34.156489,-118.158295,WINONA WAY,24.442
2025-01-07 13:40:00,768916,210,E,FF,,,,,,,,34.15099,-118.152369,NB 710 EXT TO EB 210,25.12
2025-01-07 13:40:00,769849,210,E,FF,127.0,30.0,59.0,38.0,,,,34.211728,-118.228265,OCEAN VIEW,18.18
2025-01-07 13:40:00,770170,210,E,FF,,,,,,,,34.155812,-118.158089,EB 210 TO WB 134 #1,24.49
2025-01-07 13:40:00,773131,210,E,FF,,,,,,,,34.15154,-118.146708,FAIR OAKS OFF,25.48
2025-01-07 13:40:00,775729,210,E,FF,,,,,,,,34.155812,-118.158089,EB 210 CON,24.49
2025-01-07 13:40:00,776724,210,E,FF,235.0,128.0,107.0,,,,,34.156489,-118.158295,WINONA WAY,24.442
2025-01-07 13:45:00,768916,210,E,FF,,,,,,,,34.15099,-118.152369,NB 710 EXT TO EB 210,25.12
2025-01-07 13:45:00,769849,210,E,FF,,,,,,,,34.211728,-118.228265,OCEAN VIEW,18.18
2025-01-07 13:45:00,770170,210,E,FF,,,,,,,,34.155812,-118.158089,EB 210 TO WB 134 #1,24.49
2025-01-07 13:45:00,773131,210,E,FF,,,,,,,,34.15154,-118.146708,FAIR OAKS OFF,25.48
2025-01-07 13:45:00,775729,210,E,FF,,,,,,,,34.155812,-118.158089,EB 210 CON,24.49
2025-01-07 13:45:00,776724,210,E,FF,,,,,,,,34.156489,-118.158295,WINONA WAY,24.442
2025-01-07 13:50:00,768916,210,E,FF,,,,,,,,34.15099,-118.152369,NB 710 EXT TO EB 210,25.12
2025-01-07 13:50:00,769849,210,E,FF,145.0,46.0,60.0,39.0,,,,34.211728,-118.228265,OCEAN VIEW,18.18
2025-01-07 13:50:00,770170,210,E,FF,,,,,,,,34.155812,-118.158089,EB 210 TO WB 134 #1,24.49
2025-01-07 13:50:00,773131,210,E,FF,,,,,,,,34.15154,-118.146708,FAIR OAKS OFF,25.48
2025-01-07 13:50:00,775729,210,E,FF,,,,,,,,34.155812,-118.158089,EB 210 CON,24.49
2025-01-07 13:50:00,776724,210,E,FF,286.0,139.0,147.0,,,,,34.156489,-118.158295,WINONA WAY,24.442
2025-01-07 13:55:00,768916,210,E,FF,,,,,,,,34.15099,-118.152369,NB 710 EXT TO EB 210,25.12
2025-01-07 13:55:00,769849,210,E,FF,146.0,43.0,69.0,34.0,,,,34.211728,-118.228265,OCEAN VIEW,18.18
2025-01-07 13:55:00,770170,210,E,FF,,,,,,,,34.155812,-118.158089,EB 210 TO WB 134 #1,24.49
2025-01-07 13:55:00,773131,210,E,FF,,,,,,,,34.15154,-118.146708,FAIR OAKS OFF,25.48
2025-01-07 13:55:00,775729,210,E,FF,,,,,,,,34.155812,-118.158089,EB 210 CON,24.49
2025-01-07 13:55:00,776724,210,E,FF,245.0,121.0,124.0,,,,,34.156489,-118.158295,WINONA WAY,24.442
2025-01-07 14:00:00,768916,210,E,FF,,,,,,,,34.15099,-118.152369,NB 710 EXT TO EB 210,25.12
2025-01-07 14:00:00,769849,210,E,FF,133.0,39.0,53.0,41.0,,,,34.211728,-118.228265,OCEAN VIEW,18.18
2025-01-07 14:00:00,770170,210,E,FF,,,,,,,,34.155812,-118.158089,EB 210 TO WB 134 #1,24.49
2025-01-07 14:00:00,773131,210,E,FF,,,,,,,,34.15154,-118.146708,FAIR OAKS OFF,25.48
2025-01-07 14:00:00,775729,210,E,FF,,,,,,,,34.155812,-118.158089,EB 210 CON,24.49
2025-01-07 14:00:00,776724,210,E,FF,266.0,132.0,134.0,,,,,34.156489,-118.158295,WINONA WAY,24.442
2025-01-07 14:05:00,768916,210,E,FF,,,,,,,,34.15099,-118.152369,NB 710 EXT TO EB 210,25.12
2025-01-07 14:05:00,769849,210,E,FF,142.0,30.0,71.0,41.0,,,,34.211728,-118.228265,OCEAN VIEW,18.18
2025-01-07 14:05:00,770170,210,E,FF,,,,,,,,34.155812,-118.158089,EB 210 TO WB 134 #1,24.49
2025-01-07 14:05:00,773131,210,E,FF,,,,,,,,34.15154,-118.146708,FAIR OAKS OFF,25.48
2025-01-07 14:05:00,775729,210,E,FF,,,,,,,,34.155812,-118.158089,EB 210 CON,24.49
2025-01-07 14:05:00,776724,210,E,FF,249.0,123.0,126.0,,,,,34.156489,-118.158295,WINONA WAY,24.442
2025-01-07 14:10:00,768916,210,E,FF,,,,,,,,34.15099,-118.152369,NB 710 EXT TO EB 210,25.12
2025-01-07 14:10:00,769849,210,E,FF,153.0,42.0,69.0,42.0,,,,34.211728,-118.228265,OCEAN VIEW,18.18
2025-01-07 14:10:00,770170,210,E,FF,,,,,,,,34.155812,-118.158089,EB 210 TO WB 134 #1,24.49
2025-01-07 14:10:00,773131,210,E,FF,,,,,,,,34.15154,-118.146708,FAIR OAKS OFF,25.48
2025-01-07 14:10:00,775729,210,E,FF,,,,,,,,34.155812,-118.158089,EB 210 CON,24.49
2025-01-07 14:10:00,776724,210,E,FF,226.0,117.0,109.0,,,,,34.156489,-118.158295,WINONA WAY,24.442
2025-01-07 14:15:00,768916,210,E,FF,,,,,,,,34.15099,-118.152369,NB 710 EXT TO EB 210,25.12
2025-01-07 14:15:00,769849,210,E,FF,158.0,50.0,71.0,37.0,,,,34.211728,-118.228265,OCEAN VIEW,18.18
2025-01-07 14:15:00,770170,210,E,FF,,,,,,,,34.155812,-118.158089,EB 210 TO WB 134 #1,24.49
2025-01-07 14:15:00,773131,210,E,FF,,,,,,,,34.15154,-118.146708,FAIR OAKS OFF,25.48
2025-01-07 14:15:00,775729,210,E,FF,,,,,,,,34.155812,-118.158089,EB 210 CON,24.49
2025-01-07 14:15:00,776724,210,E,FF,195.0,106.0,89.0,,,,,34.156489,-118.158295,WINONA WAY,24.442
2025-01-07 14:20:00,768916,210,E,FF,,,,,,,,34.15099,-118.152369,NB 710 EXT TO EB 210,25.12
2025-01-07 14:20:00,769849,210,E,FF,150.0,42.0,74.0,34.0,,,,34.211728,-118.228265,OCEAN VIEW,18.18
2025-01-07 14:20:00,770170,210,E,FF,,,,,,,,34.155812,-118.158089,EB 210 TO WB 134 #1,24.49
2025-01-07 14:20:00,773131,210,E,FF,,,,,,,,34.15154,-118.146708,FAIR OAKS OFF,25.48
2025-01-07 14:20:00,775729,210,E,FF,,,,,,,,34.155812,-118.158089,EB 210 CON,24.49
2025-01-07 14:20:00,776724,210,E,FF,176.0,109.0,67.0,,,,,34.156489,-118.158295,WINONA WAY,24.442
2025-01-07 14:25:00,768916,210,E,FF,,,,,,,,34.15099,-118.152369,NB 710 EXT TO EB 210,25.12
2025-01-07 14:25:00,769849,210,E,FF,157.0,35.0,77.0,45.0,,,,34.211728,-118.228265,OCEAN VIEW,18.18
2025-01-07 14:25:00,770170,210,E,FF,,,,,,,,34.155812,-118.158089,EB 210 TO WB 134 #1,24.49
2025-01-07 14:25:00,773131,210,E,FF,,,,,,,,34.15154,-118.146708,FAIR OAKS OFF,25.48
2025-01-07 14:25:00,775729,210,E,FF,,,,,,,,34.155812,-118.158089,EB 210 CON,24.49
2025-01-07 14:25:00,776724,210,E,FF,198.0,103.0,95.0,,,,,34.156489,-118.158295,WINONA WAY,24.442
2025-01-07 14:30:00,768916,210,E,FF,,,,,,,,34.15099,-118.152369,NB 710 EXT TO EB 210,25.12
2025-01-07 14:30:00,769849,210,E,FF,176.0,42.0,83.0,51.0,,,,34.211728,-118.228265,OCEAN VIEW,18.18
2025-01-07 14:30:00,770170,210,E,FF,,,,,,,,34.155812,-118.158089,EB 210 TO WB 134 #1,24.49
2025-01-07 14:30:00,773131,210,E,FF,,,,,,,,34.15154,-118.146708,FAIR OAKS OFF,25.48
2025-01-07 14:30:00,775729,210,E,FF,,,,,,,,34.155812,-118.158089,EB 210 CON,24.49
2025-01-07 14:30:00,776724,210,E,FF,229.0,124.0,105.0,,,,,34.156489,-118.158295,WINONA WAY,24.442
2025-01-07 14:35:00,768916,210,E,FF,,,,,,,,34.15099,-118.152369,NB 710 EXT TO EB 210,25.12
2025-01-07 14:35:00,769849,210,E,FF,167.0,38.0,72.0,57.0,,,,34.211728,-118.228265,OCEAN VIEW,18.18
2025-01-07 14:35:00,770170,210,E,FF,,,,,,,,34.155812,-118.158089,EB 210 TO WB 134 #1,24.49
2025-01-07 14:35:00,773131,210,E,FF,,,,,,,,34.15154,-118.146708,FAIR OAKS OFF,25.48
2025-01-07 14:35:00,775729,210,E,FF,,,,,,,,34.155812,-118.158089,EB 210 CON,24.49
2025-01-07 14:35:00,776724,210,E,FF,286.0,147.0,139.0,,,,,34.156489,-118.158295,WINONA WAY,24.442
2025-01-07 14:40:00,768916,210,E,FF,,,,,,,,34.15099,-118.152369,NB 710 EXT TO EB 210,25.12
2025-01-07 14:40:00,769849,210,E,FF,183.0,42.0,90.0,51.0,,,,34.211728,-118.228265,OCEAN VIEW,18.18
2025-01-07 14:40:00,770170,210,E,FF,,,,,,,,34.155812,-118.158089,EB 210 TO WB 134 #1,24.49
2025-01-07 14:40:00,773131,210,E,FF,,,,,,,,34.15154,-118.146708,FAIR OAKS OFF,25.48
2025-01-07 14:40:00,775729,210,E,FF,,,,,,,,34.155812,-118.158089,EB 210 CON,24.49
2025-01-07 14:40:00,776724,210,E,FF,234.0,114.0,120.0,,,,,34.156489,-118.158295,WINONA WAY,24.442
2025-01-07 14:45:00,768916,210,E,FF,,,,,,,,34.15099,-118.152369,NB 710 EXT TO EB 210,25.12
2025-01-07 14:45:00,769849,210,E,FF,191.0,63.0,90.0,38.0,,,,34.211728,-118.228265,OCEAN VIEW,18.18
2025-01-07 14:45:00,770170,210,E,FF,,,,,,,,34.155812,-118.158089,EB 210 TO WB 134 #1,24.49
2025-01-07 14:45:00,773131,210,E,FF,,,,,,,,34.15154,-118.146708,FAIR OAKS OFF,25.48
2025-01-07 14:45:00,775729,210,E,FF,,,,,,,,34.155812,-118.158089,EB 210 CON,24.49
2025-01-07 14:45:00,776724,210,E,FF,260.0,135.0,125.0,,,,,34.156489,-118.158295,WINONA WAY,24.442
2025-01-07 14:50:00,768916,210,E,FF,,,,,,,,34.15099,-118.152369,NB 710 EXT TO EB 210,25.12
2025-01-07 14:50:00,769849,210,E,FF,199.0,53.0,96.0,50.0,,,,34.211728,-118.228265,OCEAN VIEW,18.18
2025-01-07 14:50:00,770170,210,E,FF,,,,,,,,34.155812,-118.158089,EB 210 TO WB 134 #1,24.49
2025-01-07 14:50:00,773131,210,E,FF,,,,,,,,34.15154,-118.146708,FAIR OAKS OFF,25.48
2025-01-07 14:50:00,775729,210,E,FF,,,,,,,,34.155812,-118.158089,EB 210 CON,24.49
2025-01-07 14:50:00,776724,210,E,FF,269.0,138.0,131.0,,,,,34.156489,-118.158295,WINONA WAY,24.442
2025-01-07 14:55:00,768916,210,E,FF,,,,,,,,34.15099,-118.152369,NB 710 EXT TO EB 210,25.12
2025-01-07 14:55:00,769849,210,E,FF,172.0,46.0,82.0,44.0,,,,34.211728,-118.228265,OCEAN VIEW,18.18
2025-01-07 14:55:00,770170,210,E,FF,,,,,,,,34.155812,-118.158089,EB 210 TO WB 134 #1,24.49
2025-01-07 14:55:00,773131,210,E,FF,,,,,,,,34.15154,-118.146708,FAIR OAKS OFF,25.48
2025-01-07 14:55:00,775729,210,E,FF,,,,,,,,34.155812,-118.158089,EB 210 CON,24.49
2025-01-07 14:55:00,776724,210,E,FF,255.0,137.0,118.0,,,,,34.156489,-118.158295,WINONA WAY,24.442
2025-01-07 15:00:00,768916,210,E,FF,,,,,,,,34.15099,-118.152369,NB 710 EXT TO EB 210,25.12
2025-01-07 15:00:00,769849,210,E,FF,203.0,55.0,94.0,54.0,,,,34.211728,-118.228265,OCEAN VIEW,18.18
2025-01-07 15:00:00,770170,210,E,FF,,,,,,,,34.155812,-118.158089,EB 210 TO WB 134 #1,24.49
2025-01-07 15:00:00,773131,210,E,FF,,,,,,,,34.15154,-118.146708,FAIR OAKS OFF,25.48
2025-01-07 15:00:00,775729,210,E,FF,,,,,,,,34.155812,-118.158089,EB 210 CON,24.49
2025-01-07 15:00:00,776724,210,E,FF,239.0,120.0,119.0,,,,,34.156489,-118.158295,WINONA WAY,24.442
2025-01-07 15:05:00,768916,210,E,FF,,,,,,,,34.15099,-118.152369,NB 710 EXT TO EB 210,25.12
2025-01-07 15:05:00,769849,210,E,FF,185.0,52.0,81.0,52.0,,,,34.211728,-118.228265,OCEAN VIEW,18.18
2025-01-07 15:05:00,770170,210,E,FF,,,,,,,,34.155812,-118.158089,EB 210 TO WB 134 #1,24.49
2025-01-07 15:05:00,773131,210,E,FF,,,,,,,,34.15154,-118.146708,FAIR OAKS OFF,25.48
2025-01-07 15:05:00,775729,210,E,FF,,,,,,,,34.155812,-118.158089,EB 210 CON,24.49
2025-01-07 15:05:00,776724,210,E,FF,250.0,129.0,121.0,,,,,34.156489,-118.158295,WINONA WAY,24.442
2025-01-07 15:10:00,768916,210,E,FF,,,,,,,,34.15099,-118.152369,NB 710 EXT TO EB 210,25.12
2025-01-07 15:10:00,769849,210,E,FF,164.0,49.0,71.0,44.0,,,,34.211728,-118.228265,OCEAN VIEW,18.18
2025-01-07 15:10:00,770170,210,E,FF,,,,,,,,34.155812,-118.158089,EB 210 TO WB 134 #1,24.49
2025-01-07 15:10:00,773131,210,E,FF,,,,,,,,34.15154,-118.146708,FAIR OAKS OFF,25.48
2025-01-07 15:10:00,775729,210,E,FF,,,,,,,,34.155812,-118.158089,EB 210 CON,24.49
2025-01-07 15:10:00,776724,210,E,FF,233.0,119.0,114.0,,,,,34.156489,-118.158295,WINONA WAY,24.442
2025-01-07 15:15:00,768916,210,E,FF,,,,,,,,34.15099,-118.152369,NB 710 EXT TO EB 210,25.12
2025-01-07 15:15:00,769849,210,E,FF,176.0,46.0,80.0,50.0,,,,34.211728,-118.228265,OCEAN VIEW,18.18
2025-01-07 15:15:00,770170,210,E,FF,,,,,,,,34.155812,-118.158089,EB 210 TO WB 134 #1,24.49
2025-01-07 15:15:00,773131,210,E,FF,,,,,,,,34.15154,-118.146708,FAIR OAKS OFF,25.48
2025-01-07 15:15:00,775729,210,E,FF,,,,,,,,34.155812,-118.158089,EB 210 CON,24.49
2025-01-07 15:15:00,776724,210,E,FF,261.0,119.0,142.0,,,,,34.156489,-118.158295,WINONA WAY,24.442
2025-01-07 15:20:00,768916,210,E,FF,,,,,,,,34.15099,-118.152369,NB 710 EXT TO EB 210,25.12
2025-01-07 15:20:00,769849,210,E,FF,163.0,46.0,79.0,38.0,,,,34.211728,-118.228265,OCEAN VIEW,18.18
2025-01-07 15:20:00,770170,210,E,FF,,,,,,,,34.155812,-118.158089,EB 210 TO WB 134 #1,24.49
2025-01-07 15:20:00,773131,210,E,FF,,,,,,,,34.15154,-118.146708,FAIR OAKS OFF,25.48
2025-01-07 15:20:00,775729,210,E,FF,,,,,,,,34.155812,-118.158089,EB 210 CON,24.49
2025-01-07 15:20:00,776724,210,E,FF,249.0,123.0,126.0,,,,,34.156489,-118.158295,WINONA WAY,24.442
2025-01-07 15:25:00,768916,210,E,FF,,,,,,,,34.15099,-118.152369,NB 710 EXT TO EB 210,25.12
2025-01-07 15:25:00,769849,210,E,FF,185.0,55.0,92.0,38.0,,,,34.211728,-118.228265,OCEAN VIEW,18.18
2025-01-07 15:25:00,770170,210,E,FF,,,,,,,,34.155812,-118.158089,EB 210 TO WB 134 #1,24.49
2025-01-07 15:25:00,773131,210,E,FF,,,,,,,,34.15154,-118.146708,FAIR OAKS OFF,25.48
2025-01-07 15:25:00,775729,210,E,FF,,,,,,,,34.155812,-118.158089,EB 210 CON,24.49
2025-01-07 15:25:00,776724,210,E,FF,186.0,75.0,111.0,,,,,34.156489,-118.158295,WINONA WAY,24.442
2025-01-07 15:30:00,768916,210,E,FF,,,,,,,,34.15099,-118.152369,NB 710 EXT TO EB 210,25.12
2025-01-07 15:30:00,769849,210,E,FF,217.0,61.0,96.0,60.0,,,,34.211728,-118.228265,OCEAN VIEW,18.18
2025-01-07 15:30:00,770170,210,E,FF,,,,,,,,34.155812,-118.158089,EB 210 TO WB 134 #1,24.49
2025-01-07 15:30:00,773131,210,E,FF,,,,,,,,34.15154,-118.146708,FAIR OAKS OFF,25.48
2025-01-07 15:30:00,775729,210,E,FF,,,,,,,,34.155812,-118.158089,EB 210 CON,24.49
2025-01-07 15:30:00,776724,210,E,FF,189.0,81.0,108.0,,,,,34.156489,-118.158295,WINONA WAY,24.442
2025-01-07 15:35:00,768916,210,E,FF,,,,,,,,34.15099,-118.152369,NB 710 EXT TO EB 210,25.12
2025-01-07 15:35:00,769849,210,E,FF,240.0,66.0,107.0,67.0,,,,34.211728,-118.228265,OCEAN VIEW,18.18
2025-01-07 15:35:00,770170,210,E,FF,,,,,,,,34.155812,-118.158089,EB 210 TO WB 134 #1,24.49
2025-01-07 15:35:00,773131,210,E,FF,,,,,,,,34.15154,-118.146708,FAIR OAKS OFF,25.48
2025-01-07 15:35:00,775729,210,E,FF,,,,,,,,34.155812,-118.158089,EB 210 CON,24.49
2025-01-07 15:35:00,776724,210,E,FF,200.0,91.0,109.0,,,,,34.156489,-118.158295,WINONA WAY,24.442
2025-01-07 15:40:00,768916,210,E,FF,,,,,,,,34.15099,-118.152369,NB 710 EXT TO EB 210,25.12
2025-01-07 15:40:00,769849,210,E,FF,221.0,58.0,100.0,63.0,,,,34.211728,-118.228265,OCEAN VIEW,18.18
2025-01-07 15:40:00,770170,210,E,FF,,,,,,,,34.155812,-118.158089,EB 210 TO WB 134 #1,24.49
2025-01-07 15:40:00,773131,210,E,FF,,,,,,,,34.15154,-118.146708,FAIR OAKS OFF,25.48
2025-01-07 15:40:00,775729,210,E,FF,,,,,,,,34.155812,-118.158089,EB 210 CON,24.49
2025-01-07 15:40:00,776724,210,E,FF,237.0,115.0,122.0,,,,,34.156489,-118.158295,WINONA WAY,24.442
2025-01-07 15:45:00,768916,210,E,FF,,,,,,,,34.15099,-118.152369,NB 710 EXT TO EB 210,25.12
2025-01-07 15:45:00,769849,210,E,FF,258.0,80.0,102.0,76.0,,,,34.211728,-118.228265,OCEAN VIEW,18.18
2025-01-07 15:45:00,770170,210,E,FF,,,,,,,,34.155812,-118.158089,EB 210 TO WB 134 #1,24.49
2025-01-07 15:45:00,773131,210,E,FF,,,,,,,,34.15154,-118.146708,FAIR OAKS OFF,25.48
2025-01-07 15:45:00,775729,210,E,FF,,,,,,,,34.155812,-118.158089,EB 210 CON,24.49
2025-01-07 15:45:00,776724,210,E,FF,200.0,112.0,88.0,,,,,34.156489,-118.158295,WINONA WAY,24.442
2025-01-07 15:50:00,768916,210,E,FF,,,,,,,,34.15099,-118.152369,NB 710 EXT TO EB 210,25.12
2025-01-07 15:50:00,769849,210,E,FF,223.0,60.0,108.0,55.0,,,,34.211728,-118.228265,OCEAN VIEW,18.18
2025-01-07 15:50:00,770170,210,E,FF,,,,,,,,34.155812,-118.158089,EB 210 TO WB 134 #1,24.49
2025-01-07 15:50:00,773131,210,E,FF,,,,,,,,34.15154,-118.146708,FAIR OAKS OFF,25.48
2025-01-07 15:50:00,775729,210,E,FF,,,,,,,,34.155812,-118.158089,EB 210 CON,24.49
2025-01-07 15:50:00,776724,210,E,FF,228.0,108.0,120.0,,,,,34.156489,-118.158295,WINONA WAY,24.442
2025-01-07 15:55:00,768916,210,E,FF,,,,,,,,34.15099,-118.152369,NB 710 EXT TO EB 210,25.12
2025-01-07 15:55:00,769849,210,E,FF,222.0,66.0,94.0,62.0,,,,34.211728,-118.228265,OCEAN VIEW,18.18
2025-01-07 15:55:00,770170,210,E,FF,,,,,,,,34.155812,-118.158089,EB 210 TO WB 134 #1,24.49
2025-01-07 15:55:00,773131,210,E,FF,,,,,,,,34.15154,-118.146708,FAIR OAKS OFF,25.48
2025-01-07 15:55:00,775729,210,E,FF,,,,,,,,34.155812,-118.158089,EB 210 CON,24.49
2025-01-07 15:55:00,776724,210,E,FF,191.0,99.0,92.0,,,,,34.156489,-118.158295,WINONA WAY,24.442
2025-01-07 16:00:00,768916,210,E,FF,,,,,,,,34.15099,-118.152369,NB 710 EXT TO EB 210,25.12
2025-01-07 16:00:00,769849,210,E,FF,221.0,73.0,98.0,50.0,,,,34.211728,-118.228265,OCEAN VIEW,18.18
2025-01-07 16:00:00,770170,210,E,FF,,,,,,,,34.155812,-118.158089,EB 210 TO WB 134 #1,24.49
2025-01-07 16:00:00,773131,210,E,FF,,,,,,,,34.15154,-118.146708,FAIR OAKS OFF,25.48
2025-01-07 16:00:00,775729,210,E,FF,,,,,,,,34.155812,-118.158089,EB 210 CON,24.49
2025-01-07 16:00:00,776724,210,E,FF,247.0,129.0,118.0,,,,,34.156489,-118.158295,WINONA WAY,24.442
2025-01-07 16:05:00,768916,210,E,FF,,,,,,,,34.15099,-118.152369,NB 710 EXT TO EB 210,25.12
2025-01-07 16:05:00,769849,210,E,FF,197.0,67.0,86.0,44.0,,,,34.211728,-118.228265,OCEAN VIEW,18.18
2025-01-07 16:05:00,770170,210,E,FF,,,,,,,,34.155812,-118.158089,EB 210 TO WB 134 #1,24.49
2025-01-07 16:05:00,773131,210,E,FF,,,,,,,,34.15154,-118.146708,FAIR OAKS OFF,25.48
2025-01-07 16:05:00,775729,210,E,FF,,,,,,,,34.155812,-118.158089,EB 210 CON,24.49
2025-01-07 16:05:00,776724,210,E,FF,225.0,99.0,126.0,,,,,34.156489,-118.158295,WINONA WAY,24.442
2025-01-07 16:10:00,768916,210,E,FF,,,,,,,,34.15099,-118.152369,NB 710 EXT TO EB 210,25.12
2025-01-07 16:10:00,769849,210,E,FF,255.0,80.0,116.0,59.0,,,,34.211728,-118.228265,OCEAN VIEW,18.18
2025-01-07 16:10:00,770170,210,E,FF,,,,,,,,34.155812,-118.158089,EB 210 TO WB 134 #1,24.49
2025-01-07 16:10:00,773131,210,E,FF,,,,,,,,34.15154,-118.146708,FAIR OAKS OFF,25.48
2025-01-07 16:10:00,775729,210,E,FF,,,,,,,,34.155812,-118.158089,EB 210 CON,24.49
2025-01-07 16:10:00,776724,210,E,FF,195.0,97.0,98.0,,,,,34.156489,-118.158295,WINONA WAY,24.442
2025-01-07 16:15:00,768916,210,E,FF,,,,,,,,34.15099,-118.152369,NB 710 EXT TO EB 210,25.12
2025-01-07 16:15:00,769849,210,E,FF,215.0,70.0,95.0,50.0,,,,34.211728,-118.228265,OCEAN VIEW,18.18
2025-01-07 16:15:00,770170,210,E,FF,,,,,,,,34.155812,-118.158089,EB 210 TO WB 134 #1,24.49
2025-01-07 16:15:00,773131,210,E,FF,,,,,,,,34.15154,-118.146708,FAIR OAKS OFF,25.48
2025-01-07 16:15:00,775729,210,E,FF,,,,,,,,34.155812,-118.158089,EB 210 CON,24.49
2025-01-07 16:15:00,776724,210,E,FF,214.0,124.0,90.0,,,,,34.156489,-118.158295,WINONA WAY,24.442
2025-01-07 16:20:00,768916,210,E,FF,,,,,,,,34.15099,-118.152369,NB 710 EXT TO EB 210,25.12
2025-01-07 16:20:00,769849,210,E,FF,253.0,86.0,116.0,51.0,,,,34.211728,-118.228265,OCEAN VIEW,18.18
2025-01-07 16:20:00,770170,210,E,FF,,,,,,,,34.155812,-118.158089,EB 210 TO WB 134 #1,24.49
2025-01-07 16:20:00,773131,210,E,FF,,,,,,,,34.15154,-118.146708,FAIR OAKS OFF,25.48
2025-01-07 16:20:00,775729,210,E,FF,,,,,,,,34.155812,-118.158089,EB 210 CON,24.49
2025-01-07 16:20:00,776724,210,E,FF,182.0,103.0,79.0,,,,,34.156489,-118.158295,WINONA WAY,24.442
2025-01-07 16:25:00,768916,210,E,FF,,,,,,,,34.15099,-118.152369,NB 710 EXT TO EB 210,25.12
2025-01-07 16:25:00,769849,210,E,FF,180.0,59.0,74.0,47.0,,,,34.211728,-118.228265,OCEAN VIEW,18.18
2025-01-07 16:25:00,770170,210,E,FF,,,,,,,,34.155812,-118.158089,EB 210 TO WB 134 #1,24.49
2025-01-07 16:25:00,773131,210,E,FF,,,,,,,,34.15154,-118.146708,FAIR OAKS OFF,25.48
2025-01-07 16:25:00,775729,210,E,FF,,,,,,,,34.155812,-118.158089,EB 210 CON,24.49
2025-01-07 16:25:00,776724,210,E,FF,226.0,128.0,98.0,,,,,34.156489,-118.158295,WINONA WAY,24.442
2025-01-07 16:30:00,768916,210,E,FF,,,,,,,,34.15099,-118.152369,NB 710 EXT TO EB 210,25.12
2025-01-07 16:30:00,769849,210,E,FF,210.0,74.0,86.0,50.0,,,,34.211728,-118.228265,OCEAN VIEW,18.18
2025-01-07 16:30:00,770170,210,E,FF,,,,,,,,34.155812,-118.158089,EB 210 TO WB 134 #1,24.49
2025-01-07 16:30:00,773131,210,E,FF,,,,,,,,34.15154,-118.146708,FAIR OAKS OFF,25.48
2025-01-07 16:30:00,775729,210,E,FF,,,,,,,,34.155812,-118.158089,EB 210 CON,24.49
2025-01-07 16:30:00,776724,210,E,FF,211.0,111.0,100.0,,,,,34.156489,-118.158295,WINONA WAY,24.442
2025-01-07 16:35:00,768916,210,E,FF,,,,,,,,34.15099,-118.152369,NB 710 EXT TO EB 210,25.12
2025-01-07 16:35:00,769849,210,E,FF,198.0,63.0,89.0,46.0,,,,34.211728,-118.228265,OCEAN VIEW,18.18
2025-01-07 16:35:00,770170,210,E,FF,,,,,,,,34.155812,-118.158089,EB 210 TO WB 134 #1,24.49
2025-01-07 16:35:00,773131,210,E,FF,,,,,,,,34.15154,-118.146708,FAIR OAKS OFF,25.48
2025-01-07 16:35:00,775729,210,E,FF,,,,,,,,34.155812,-118.158089,EB 210 CON,24.49
2025-01-07 16:35:00,776724,210,E,FF,237.0,115.0,122.0,,,,,34.156489,-118.158295,WINONA WAY,24.442
2025-01-07 16:40:00,768916,210,E,FF,,,,,,,,34.15099,-118.152369,NB 710 EXT TO EB 210,25.12
2025-01-07 16:40:00,769849,210,E,FF,212.0,73.0,83.0,56.0,,,,34.211728,-118.228265,OCEAN VIEW,18.18
2025-01-07 16:40:00,770170,210,E,FF,,,,,,,,34.155812,-118.158089,EB 210 TO WB 134 #1,24.49
2025-01-07 16:40:00,773131,210,E,FF,,,,,,,,34.15154,-118.146708,FAIR OAKS OFF,25.48
2025-01-07 16:40:00,775729,210,E,FF,,,,,,,,34.155812,-118.158089,EB 210 CON,24.49
2025-01-07 16:40:00,776724,210,E,FF,212.0,100.0,112.0,,,,,34.156489,-118.158295,WINONA WAY,24.442
2025-01-07 16:45:00,768916,210,E,FF,,,,,,,,34.15099,-118.152369,NB 710 EXT TO EB 210,25.12
2025-01-07 16:45:00,769849,210,E,FF,196.0,56.0,92.0,48.0,,,,34.211728,-118.228265,OCEAN VIEW,18.18
2025-01-07 16:45:00,770170,210,E,FF,,,,,,,,34.155812,-118.158089,EB 210 TO WB 134 #1,24.49
2025-01-07 16:45:00,773131,210,E,FF,,,,,,,,34.15154,-118.146708,FAIR OAKS OFF,25.48
2025-01-07 16:45:00,775729,210,E,FF,,,,,,,,34.155812,-118.158089,EB 210 CON,24.49
2025-01-07 16:45:00,776724,210,E,FF,206.0,108.0,98.0,,,,,34.156489,-118.158295,WINONA WAY,24.442
2025-01-07 16:50:00,768916,210,E,FF,,,,,,,,34.15099,-118.152369,NB 710 EXT TO EB 210,25.12
2025-01-07 16:50:00,769849,210,E,FF,185.0,53.0,88.0,44.0,,,,34.211728,-118.228265,OCEAN VIEW,18.18
2025-01-07 16:50:00,770170,210,E,FF,,,,,,,,34.155812,-118.158089,EB 210 TO WB 134 #1,24.49
2025-01-07 16:50:00,773131,210,E,FF,,,,,,,,34.15154,-118.146708,FAIR OAKS OFF,25.48
2025-01-07 16:50:00,775729,210,E,FF,,,,,,,,34.155812,-118.158089,EB 210 CON,24.49
2025-01-07 16:50:00,776724,210,E,FF,190.0,87.0,103.0,,,,,34.156489,-118.158295,WINONA WAY,24.442
2025-01-07 16:55:00,768916,210,E,FF,,,,,,,,34.15099,-118.152369,NB 710 EXT TO EB 210,25.12
2025-01-07 16:55:00,769849,210,E,FF,183.0,60.0,77.0,46.0,,,,34.211728,-118.228265,OCEAN VIEW,18.18
2025-01-07 16:55:00,770170,210,E,FF,,,,,,,,34.155812,-118.158089,EB 210 TO WB 134 #1,24.49
2025-01-07 16:55:00,773131,210,E,FF,,,,,,,,34.15154,-118.146708,FAIR OAKS OFF,25.48
2025-01-07 16:55:00,775729,210,E,FF,,,,,,,,34.155812,-118.158089,EB 210 CON,24.49
2025-01-07 16:55:00,776724,210,E,FF,255.0,119.0,136.0,,,,,34.156489,-118.158295,WINONA WAY,24.442
2025-01-07 17:00:00,768916,210,E,FF,,,,,,,,34.15099,-118.152369,NB 710 EXT TO EB 210,25.12
2025-01-07 17:00:00,769849,210,E,FF,189.0,57.0,88.0,44.0,,,,34.211728,-118.228265,OCEAN VIEW,18.18
2025-01-07 17:00:00,770170,210,E,FF,,,,,,,,34.155812,-118.158089,EB 210 TO WB 134 #1,24.49
2025-01-07 17:00:00,773131,210,E,FF,,,,,,,,34.15154,-118.146708,FAIR OAKS OFF,25.48
2025-01-07 17:00:00,775729,210,E,FF,,,,,,,,34.155812,-118.158089,EB 210 CON,24.49
2025-01-07 17:00:00,776724,210,E,FF,255.0,130.0,125.0,,,,,34.156489,-118.158295,WINONA WAY,24.442
2025-01-07 17:05:00,768916,210,E,FF,,,,,,,,34.15099,-118.152369,NB 710 EXT TO EB 210,25.12
2025-01-07 17:05:00,769849,210,E,FF,199.0,55.0,90.0,54.0,,,,34.211728,-118.228265,OCEAN VIEW,18.18
2025-01-07 17:05:00,770170,210,E,FF,,,,,,,,34.155812,-118.158089,EB 210 TO WB 134 #1,24.49
2025-01-07 17:05:00,773131,210,E,FF,,,,,,,,34.15154,-118.146708,FAIR OAKS OFF,25.48
2025-01-07 17:05:00,775729,210,E,FF,,,,,,,,34.155812,-118.158089,EB 210 CON,24.49
2025-01-07 17:05:00,776724,210,E,FF,177.0,81.0,96.0,,,,,34.156489,-118.158295,WINONA WAY,24.442
2025-01-07 17:10:00,768916,210,E,FF,,,,,,,,34.15099,-118.152369,NB 710 EXT TO EB 210,25.12
2025-01-07 17:10:00,769849,210,E,FF,200.0,55.0,91.0,54.0,,,,34.211728,-118.228265,OCEAN VIEW,18.18
2025-01-07 17:10:00,770170,210,E,FF,,,,,,,,34.155812,-118.158089,EB 210 TO WB 134 #1,24.49
2025-01-07 17:10:00,773131,210,E,FF,,,,,,,,34.15154,-118.146708,FAIR OAKS OFF,25.48
2025-01-07 17:10:00,775729,210,E,FF,,,,,,,,34.155812,-118.158089,EB 210 CON,24.49
2025-01-07 17:10:00,776724,210,E,FF,174.0,98.0,76.0,,,,,34.156489,-118.158295,WINONA WAY,24.442
2025-01-07 17:15:00,768916,210,E,FF,,,,,,,,34.15099,-118.152369,NB 710 EXT TO EB 210,25.12
2025-01-07 17:15:00,769849,210,E,FF,176.0,50.0,80.0,46.0,,,,34.211728,-118.228265,OCEAN VIEW,18.18
2025-01-07 17:15:00,770170,210,E,FF,,,,,,,,34.155812,-118.158089,EB 210 TO WB 134 #1,24.49
2025-01-07 17:15:00,773131,210,E,FF,,,,,,,,34.15154,-118.146708,FAIR OAKS OFF,25.48
2025-01-07 17:15:00,775729,210,E,FF,,,,,,,,34.155812,-118.158089,EB 210 CON,24.49
2025-01-07 17:15:00,776724,210,E,FF,209.0,122.0,87.0,,,,,34.156489,-118.158295,WINONA WAY,24.442
2025-01-07 17:20:00,768916,210,E,FF,,,,,,,,34.15099,-118.152369,NB 710 EXT TO EB 210,25.12
2025-01-07 17:20:00,769849,210,E,FF,202.0,57.0,94.0,51.0,,,,34.211728,-118.228265,OCEAN VIEW,18.18
2025-01-07 17:20:00,770170,210,E,FF,,,,,,,,34.155812,-118.158089,EB 210 TO WB 134 #1,24.49
2025-01-07 17:20:00,773131,210,E,FF,,,,,,,,34.15154,-118.146708,FAIR OAKS OFF,25.48
2025-01-07 17:20:00,775729,210,E,FF,,,,,,,,34.155812,-118.158089,EB 210 CON,24.49
2025-01-07 17:20:00,776724,210,E,FF,188.0,93.0,95.0,,,,,34.156489,-118.158295,WINONA WAY,24.442
2025-01-07 17:25:00,768916,210,E,FF,,,,,,,,34.15099,-118.152369,NB 710 EXT TO EB 210,25.12
2025-01-07 17:25:00,769849,210,E,FF,182.0,54.0,81.0,47.0,,,,34.211728,-118.228265,OCEAN VIEW,18.18
2025-01-07 17:25:00,770170,210,E,FF,,,,,,,,34.155812,-118.158089,EB 210 TO WB 134 #1,24.49
2025-01-07 17:25:00,773131,210,E,FF,,,,,,,,34.15154,-118.146708,FAIR OAKS OFF,25.48
2025-01-07 17:25:00,775729,210,E,FF,,,,,,,,34.155812,-118.158089,EB 210 CON,24.49
2025-01-07 17:25:00,776724,210,E,FF,227.0,117.0,110.0,,,,,34.156489,-118.158295,WINONA WAY,24.442
2025-01-07 17:30:00,768916,210,E,FF,,,,,,,,34.15099,-118.152369,NB 710 EXT TO EB 210,25.12
2025-01-07 17:30:00,769849,210,E,FF,167.0,59.0,70.0,38.0,,,,34.211728,-118.228265,OCEAN VIEW,18.18
2025-01-07 17:30:00,770170,210,E,FF,,,,,,,,34.155812,-118.158089,EB 210 TO WB 134 #1,24.49
2025-01-07 17:30:00,773131,210,E,FF,,,,,,,,34.15154,-118.146708,FAIR OAKS OFF,25.48
2025-01-07 17:30:00,775729,210,E,FF,,,,,,,,34.155812,-118.158089,EB 210 CON,24.49
2025-01-07 17:30:00,776724,210,E,FF,207.0,113.0,94.0,,,,,34.156489,-118.158295,WINONA WAY,24.442
2025-01-07 17:35:00,768916,210,E,FF,,,,,,,,34.15099,-118.152369,NB 710 EXT TO EB 210,25.12
2025-01-07 17:35:00,769849,210,E,FF,188.0,66.0,74.0,48.0,,,,34.211728,-118.228265,OCEAN VIEW,18.18
2025-01-07 17:35:00,770170,210,E,FF,,,,,,,,34.155812,-118.158089,EB 210 TO WB 134 #1,24.49
2025-01-07 17:35:00,773131,210,E,FF,,,,,,,,34.15154,-118.146708,FAIR OAKS OFF,25.48
2025-01-07 17:35:00,775729,210,E,FF,,,,,,,,34.155812,-118.158089,EB 210 CON,24.49
2025-01-07 17:35:00,776724,210,E,FF,179.0,94.0,85.0,,,,,34.156489,-118.158295,WINONA WAY,24.442
2025-01-07 17:40:00,768916,210,E,FF,,,,,,,,34.15099,-118.152369,NB 710 EXT TO EB 210,25.12
2025-01-07 17:40:00,769849,210,E,FF,176.0,46.0,83.0,47.0,,,,34.211728,-118.228265,OCEAN VIEW,18.18
2025-01-07 17:40:00,770170,210,E,FF,,,,,,,,34.155812,-118.158089,EB 210 TO WB 134 #1,24.49
2025-01-07 17:40:00,773131,210,E,FF,,,,,,,,34.15154,-118.146708,FAIR OAKS OFF,25.48
2025-01-07 17:40:00,775729,210,E,FF,,,,,,,,34.155812,-118.158089,EB 210 CON,24.49
2025-01-07 17:40:00,776724,210,E,FF,239.0,110.0,129.0,,,,,34.156489,-118.158295,WINONA WAY,24.442
2025-01-07 17:45:00,768916,210,E,FF,,,,,,,,34.15099,-118.152369,NB 710 EXT TO EB 210,25.12
2025-01-07 17:45:00,769849,210,E,FF,160.0,47.0,70.0,43.0,,,,34.211728,-118.228265,OCEAN VIEW,18.18
2025-01-07 17:45:00,770170,210,E,FF,,,,,,,,34.155812,-118.158089,EB 210 TO WB 134 #1,24.49
2025-01-07 17:45:00,773131,210,E,FF,,,,,,,,34.15154,-118.146708,FAIR OAKS OFF,25.48
2025-01-07 17:45:00,775729,210,E,FF,,,,,,,,34.155812,-118.158089,EB 210 CON,24.49
2025-01-07 17:45:00,776724,210,E,FF,188.0,92.0,96.0,,,,,34.156489,-118.158295,WINONA WAY,24.442
2025-01-07 17:50:00,768916,210,E,FF,,,,,,,,34.15099,-118.152369,NB 710 EXT TO EB 210,25.12
2025-01-07 17:50:00,769849,210,E,FF,186.0,60.0,83.0,43.0,,,,34.211728,-118.228265,OCEAN VIEW,18.18
2025-01-07 17:50:00,770170,210,E,FF,,,,,,,,34.155812,-118.158089,EB 210 TO WB 134 #1,24.49
2025-01-07 17:50:00,773131,210,E,FF,,,,,,,,34.15154,-118.146708,FAIR OAKS OFF,25.48
2025-01-07 17:50:00,775729,210,E,FF,,,,,,,,34.155812,-118.158089,EB 210 CON,24.49
2025-01-07 17:50:00,776724,210,E,FF,189.0,100.0,89.0,,,,,34.156489,-118.158295,WINONA WAY,24.442
2025-01-07 17:55:00,768916,210,E,FF,,,,,,,,34.15099,-118.152369,NB 710 EXT TO EB 210,25.12
2025-01-07 17:55:00,769849,210,E,FF,150.0,47.0,65.0,38.0,,,,34.211728,-118.228265,OCEAN VIEW,18.18
2025-01-07 17:55:00,770170,210,E,FF,,,,,,,,34.155812,-118.158089,EB 210 TO WB 134 #1,24.49
2025-01-07 17:55:00,773131,210,E,FF,,,,,,,,34.15154,-118.146708,FAIR OAKS OFF,25.48
2025-01-07 17:55:00,775729,210,E,FF,,,,,,,,34.155812,-118.158089,EB 210 CON,24.49
2025-01-07 17:55:00,776724,210,E,FF,160.0,71.0,89.0,,,,,34.156489,-118.158295,WINONA WAY,24.442
2025-01-07 18:00:00,768916,210,E,FF,,,,,,,,34.15099,-118.152369,NB 710 EXT TO EB 210,25.12
2025-01-07 18:00:00,769849,210,E,FF,138.0,40.0,66.0,32.0,,,,34.211728,-118.228265,OCEAN VIEW,18.18
2025-01-07 18:00:00,770170,210,E,FF,,,,,,,,34.155812,-118.158089,EB 210 TO WB 134 #1,24.49
2025-01-07 18:00:00,773131,210,E,FF,,,,,,,,34.15154,-118.146708,FAIR OAKS OFF,25.48
2025-01-07 18:00:00,775729,210,E,FF,,,,,,,,34.155812,-118.158089,EB 210 CON,24.49
2025-01-07 18:00:00,776724,210,E,FF,204.0,104.0,100.0,,,,,34.156489,-118.158295,WINONA WAY,24.442
2025-01-07 18:05:00,768916,210,E,FF,,,,,,,,34.15099,-118.152369,NB 710 EXT TO EB 210,25.12
2025-01-07 18:05:00,769849,210,E,FF,129.0,38.0,67.0,24.0,,,,34.211728,-118.228265,OCEAN VIEW,18.18
2025-01-07 18:05:00,770170,210,E,FF,,,,,,,,34.155812,-118.158089,EB 210 TO WB 134 #1,24.49
2025-01-07 18:05:00,773131,210,E,FF,,,,,,,,34.15154,-118.146708,FAIR OAKS OFF,25.48
2025-01-07 18:05:00,775729,210,E,FF,,,,,,,,34.155812,-118.158089,EB 210 CON,24.49
2025-01-07 18:05:00,776724,210,E,FF,237.0,133.0,104.0,,,,,34.156489,-118.158295,WINONA WAY,24.442
2025-01-07 18:10:00,768916,210,E,FF,,,,,,,,34.15099,-118.152369,NB 710 EXT TO EB 210,25.12
2025-01-07 18:10:00,769849,210,E,FF,131.0,28.0,70.0,33.0,,,,34.211728,-118.228265,OCEAN VIEW,18.18
2025-01-07 18:10:00,770170,210,E,FF,,,,,,,,34.155812,-118.158089,EB 210 TO WB 134 #1,24.49
2025-01-07 18:10:00,773131,210,E,FF,,,,,,,,34.15154,-118.146708,FAIR OAKS OFF,25.48
2025-01-07 18:10:00,775729,210,E,FF,,,,,,,,34.155812,-118.158089,EB 210 CON,24.49
2025-01-07 18:10:00,776724,210,E,FF,246.0,133.0,113.0,,,,,34.156489,-118.158295,WINONA WAY,24.442
2025-01-07 18:15:00,768916,210,E,FF,,,,,,,,34.15099,-118.152369,NB 710 EXT TO EB 210,25.12
2025-01-07 18:15:00,769849,210,E,FF,142.0,38.0,68.0,36.0,,,,34.211728,-118.228265,OCEAN VIEW,18.18
2025-01-07 18:15:00,770170,210,E,FF,,,,,,,,34.155812,-118.158089,EB 210 TO WB 134 #1,24.49
2025-01-07 18:15:00,773131,210,E,FF,,,,,,,,34.15154,-118.146708,FAIR OAKS OFF,25.48
2025-01-07 18:15:00,775729,210,E,FF,,,,,,,,34.155812,-118.158089,EB 210 CON,24.49
2025-01-07 18:15:00,776724,210,E,FF,210.0,118.0,92.0,,,,,34.156489,-118.158295,WINONA WAY,24.442
2025-01-07 18:20:00,768916,210,E,FF,,,,,,,,34.15099,-118.152369,NB 710 EXT TO EB 210,25.12
2025-01-07 18:20:00,769849,210,E,FF,113.0,28.0,61.0,24.0,,,,34.211728,-118.228265,OCEAN VIEW,18.18
2025-01-07 18:20:00,770170,210,E,FF,,,,,,,,34.155812,-118.158089,EB 210 TO WB 134 #1,24.49
2025-01-07 18:20:00,773131,210,E,FF,,,,,,,,34.15154,-118.146708,FAIR OAKS OFF,25.48
2025-01-07 18:20:00,775729,210,E,FF,,,,,,,,34.155812,-118.158089,EB 210 CON,24.49
2025-01-07 18:20:00,776724,210,E,FF,215.0,107.0,108.0,,,,,34.156489,-118.158295,WINONA WAY,24.442
2025-01-07 18:25:00,768916,210,E,FF,,,,,,,,34.15099,-118.152369,NB 710 EXT TO EB 210,25.12
2025-01-07 18:25:00,769849,210,E,FF,110.0,31.0,50.0,29.0,,,,34.211728,-118.228265,OCEAN VIEW,18.18
2025-01-07 18:25:00,770170,210,E,FF,,,,,,,,34.155812,-118.158089,EB 210 TO WB 134 #1,24.49
2025-01-07 18:25:00,773131,210,E,FF,,,,,,,,34.15154,-118.146708,FAIR OAKS OFF,25.48
2025-01-07 18:25:00,775729,210,E,FF,,,,,,,,34.155812,-118.158089,EB 210 CON,24.49
2025-01-07 18:25:00,776724,210,E,FF,182.0,103.0,79.0,,,,,34.156489,-118.158295,WINONA WAY,24.442
2025-01-07 18:30:00,768916,210,E,FF,,,,,,,,34.15099,-118.152369,NB 710 EXT TO EB 210,25.12
2025-01-07 18:30:00,769849,210,E,FF,99.0,27.0,51.0,21.0,,,,34.211728,-118.228265,OCEAN VIEW,18.18
2025-01-07 18:30:00,770170,210,E,FF,,,,,,,,34.155812,-118.158089,EB 210 TO WB 134 #1,24.49
2025-01-07 18:30:00,773131,210,E,FF,,,,,,,,34.15154,-118.146708,FAIR OAKS OFF,25.48
2025-01-07 18:30:00,775729,210,E,FF,,,,,,,,34.155812,-118.158089,EB 210 CON,24.49
2025-01-07 18:30:00,776724,210,E,FF,223.0,121.0,102.0,,,,,34.156489,-118.158295,WINONA WAY,24.442
2025-01-07 18:35:00,768916,210,E,FF,,,,,,,,34.15099,-118.152369,NB 710 EXT TO EB 210,25.12
2025-01-07 18:35:00,769849,210,E,FF,90.0,21.0,51.0,18.0,,,,34.211728,-118.228265,OCEAN VIEW,18.18
2025-01-07 18:35:00,770170,210,E,FF,,,,,,,,34.155812,-118.158089,EB 210 TO WB 134 #1,24.49
2025-01-07 18:35:00,773131,210,E,FF,,,,,,,,34.15154,-118.146708,FAIR OAKS OFF,25.48
2025-01-07 18:35:00,775729,210,E,FF,,,,,,,,34.155812,-118.158089,EB 210 CON,24.49
2025-01-07 18:35:00,776724,210,E,FF,171.0,102.0,69.0,,,,,34.156489,-118.158295,WINONA WAY,24.442
2025-01-07 18:40:00,768916,210,E,FF,,,,,,,,34.15099,-118.152369,NB 710 EXT TO EB 210,25.12
2025-01-07 18:40:00,769849,210,E,FF,90.0,26.0,43.0,21.0,,,,34.211728,-118.228265,OCEAN VIEW,18.18
2025-01-07 18:40:00,770170,210,E,FF,,,,,,,,34.155812,-118.158089,EB 210 TO WB 134 #1,24.49
2025-01-07 18:40:00,773131,210,E,FF,,,,,,,,34.15154,-118.146708,FAIR OAKS OFF,25.48
2025-01-07 18:40:00,775729,210,E,FF,,,,,,,,34.155812,-118.158089,EB 210 CON,24.49
2025-01-07 18:40:00,776724,210,E,FF,197.0,101.0,96.0,,,,,34.156489,-118.158295,WINONA WAY,24.442
2025-01-07 18:45:00,768916,210,E,FF,,,,,,,,34.15099,-118.152369,NB 710 EXT TO EB 210,25.12
2025-01-07 18:45:00,769849,210,E,FF,88.0,24.0,44.0,20.0,,,,34.211728,-118.228265,OCEAN VIEW,18.18
2025-01-07 18:45:00,770170,210,E,FF,,,,,,,,34.155812,-118.158089,EB 210 TO WB 134 #1,24.49
2025-01-07 18:45:00,773131,210,E,FF,,,,,,,,34.15154,-118.146708,FAIR OAKS OFF,25.48
2025-01-07 18:45:00,775729,210,E,FF,,,,,,,,34.155812,-118.158089,EB 210 CON,24.49
2025-01-07 18:45:00,776724,210,E,FF,190.0,106.0,84.0,,,,,34.156489,-118.158295,WINONA WAY,24.442
2025-01-07 18:50:00,768916,210,E,FF,,,,,,,,34.15099,-118.152369,NB 710 EXT TO EB 210,25.12
2025-01-07 18:50:00,769849,210,E,FF,74.0,14.0,46.0,14.0,,,,34.211728,-118.228265,OCEAN VIEW,18.18
2025-01-07 18:50:00,770170,210,E,FF,,,,,,,,34.155812,-118.158089,EB 210 TO WB 134 #1,24.49
2025-01-07 18:50:00,773131,210,E,FF,,,,,,,,34.15154,-118.146708,FAIR OAKS OFF,25.48
2025-01-07 18:50:00,775729,210,E,FF,,,,,,,,34.155812,-118.158089,EB 210 CON,24.49
2025-01-07 18:50:00,776724,210,E,FF,169.0,94.0,75.0,,,,,34.156489,-118.158295,WINONA WAY,24.442
2025-01-07 18:55:00,768916,210,E,FF,,,,,,,,34.15099,-118.152369,NB 710 EXT TO EB 210,25.12
2025-01-07 18:55:00,769849,210,E,FF,69.0,16.0,41.0,12.0,,,,34.211728,-118.228265,OCEAN VIEW,18.18
2025-01-07 18:55:00,770170,210,E,FF,,,,,,,,34.155812,-118.158089,EB 210 TO WB 134 #1,24.49
2025-01-07 18:55:00,773131,210,E,FF,,,,,,,,34.15154,-118.146708,FAIR OAKS OFF,25.48
2025-01-07 18:55:00,775729,210,E,FF,,,,,,,,34.155812,-118.158089,EB 210 CON,24.49
2025-01-07 18:55:00,776724,210,E,FF,163.0,88.0,75.0,,,,,34.156489,-118.158295,WINONA WAY,24.442
2025-01-07 19:00:00,768916,210,E,FF,,,,,,,,34.15099,-118.152369,NB 710 EXT TO EB 210,25.12
2025-01-07 19:00:00,769849,210,E,FF,70.0,19.0,38.0,13.0,,,,34.211728,-118.228265,OCEAN VIEW,18.18
2025-01-07 19:00:00,770170,210,E,FF,,,,,,,,34.155812,-118.158089,EB 210 TO WB 134 #1,24.49
2025-01-07 19:00:00,773131,210,E,FF,,,,,,,,34.15154,-118.146708,FAIR OAKS OFF,25.48
2025-01-07 19:00:00,775729,210,E,FF,,,,,,,,34.155812,-118.158089,EB 210 CON,24.49
2025-01-07 19:00:00,776724,210,E,FF,157.0,96.0,61.0,,,,,34.156489,-118.158295,WINONA WAY,24.442
2025-01-07 19:05:00,768916,210,E,FF,,,,,,,,34.15099,-118.152369,NB 710 EXT TO EB 210,25.12
2025-01-07 19:05:00,769849,210,E,FF,69.0,17.0,41.0,11.0,,,,34.211728,-118.228265,OCEAN VIEW,18.18
2025-01-07 19:05:00,770170,210,E,FF,,,,,,,,34.155812,-118.158089,EB 210 TO WB 134 #1,24.49
2025-01-07 19:05:00,773131,210,E,FF,,,,,,,,34.15154,-118.146708,FAIR OAKS OFF,25.48
2025-01-07 19:05:00,775729,210,E,FF,,,,,,,,34.155812,-118.158089,EB 210 CON,24.49
2025-01-07 19:05:00,776724,210,E,FF,146.0,69.0,77.0,,,,,34.156489,-118.158295,WINONA WAY,24.442
2025-01-07 19:10:00,768916,210,E,FF,,,,,,,,34.15099,-118.152369,NB 710 EXT TO EB 210,25.12
2025-01-07 19:10:00,769849,210,E,FF,64.0,15.0,35.0,14.0,,,,34.211728,-118.228265,OCEAN VIEW,18.18
2025-01-07 19:10:00,770170,210,E,FF,,,,,,,,34.155812,-118.158089,EB 210 TO WB 134 #1,24.49
2025-01-07 19:10:00,773131,210,E,FF,,,,,,,,34.15154,-118.146708,FAIR OAKS OFF,25.48
2025-01-07 19:10:00,775729,210,E,FF,,,,,,,,34.155812,-118.158089,EB 210 CON,24.49
2025-01-07 19:10:00,776724,210,E,FF,154.0,83.0,71.0,,,,,34.156489,-118.158295,WINONA WAY,24.442
2025-01-07 19:15:00,768916,210,E,FF,,,,,,,,34.15099,-118.152369,NB 710 EXT TO EB 210,25.12
2025-01-07 19:15:00,769849,210,E,FF,75.0,18.0,44.0,13.0,,,,34.211728,-118.228265,OCEAN VIEW,18.18
2025-01-07 19:15:00,770170,210,E,FF,,,,,,,,34.155812,-118.158089,EB 210 TO WB 134 #1,24.49
2025-01-07 19:15:00,773131,210,E,FF,,,,,,,,34.15154,-118.146708,FAIR OAKS OFF,25.48
2025-01-07 19:15:00,775729,210,E,FF,,,,,,,,34.155812,-118.158089,EB 210 CON,24.49
2025-01-07 19:15:00,776724,210,E,FF,198.0,111.0,87.0,,,,,34.156489,-118.158295,WINONA WAY,24.442
2025-01-07 19:20:00,768916,210,E,FF,,,,,,,,34.15099,-118.152369,NB 710 EXT TO EB 210,25.12
2025-01-07 19:20:00,769849,210,E,FF,63.0,17.0,30.0,16.0,,,,34.211728,-118.228265,OCEAN VIEW,18.18
2025-01-07 19:20:00,770170,210,E,FF,,,,,,,,34.155812,-118.158089,EB 210 TO WB 134 #1,24.49
2025-01-07 19:20:00,773131,210,E,FF,,,,,,,,34.15154,-118.146708,FAIR OAKS OFF,25.48
2025-01-07 19:20:00,775729,210,E,FF,,,,,,,,34.155812,-118.158089,EB 210 CON,24.49
2025-01-07 19:20:00,776724,210,E,FF,148.0,56.0,92.0,,,,,34.156489,-118.158295,WINONA WAY,24.442
2025-01-07 19:25:00,768916,210,E,FF,,,,,,,,34.15099,-118.152369,NB 710 EXT TO EB 210,25.12
2025-01-07 19:25:00,769849,210,E,FF,59.0,11.0,32.0,16.0,,,,34.211728,-118.228265,OCEAN VIEW,18.18
2025-01-07 19:25:00,770170,210,E,FF,,,,,,,,34.155812,-118.158089,EB 210 TO WB 134 #1,24.49
2025-01-07 19:25:00,773131,210,E,FF,,,,,,,,34.15154,-118.146708,FAIR OAKS OFF,25.48
2025-01-07 19:25:00,775729,210,E,FF,,,,,,,,34.155812,-118.158089,EB 210 CON,24.49
2025-01-07 19:25:00,776724,210,E,FF,115.0,59.0,56.0,,,,,34.156489,-118.158295,WINONA WAY,24.442
2025-01-07 19:30:00,768916,210,E,FF,,,,,,,,34.15099,-118.152369,NB 710 EXT TO EB 210,25.12
2025-01-07 19:30:00,769849,210,E,FF,53.0,8.0,30.0,15.0,,,,34.211728,-118.228265,OCEAN VIEW,18.18
2025-01-07 19:30:00,770170,210,E,FF,,,,,,,,34.155812,-118.158089,EB 210 TO WB 134 #1,24.49
2025-01-07 19:30:00,773131,210,E,FF,,,,,,,,34.15154,-118.146708,FAIR OAKS OFF,25.48
2025-01-07 19:30:00,775729,210,E,FF,,,,,,,,34.155812,-118.158089,EB 210 CON,24.49
2025-01-07 19:30:00,776724,210,E,FF,191.0,106.0,85.0,,,,,34.156489,-118.158295,WINONA WAY,24.442
2025-01-07 19:35:00,768916,210,E,FF,,,,,,,,34.15099,-118.152369,NB 710 EXT TO EB 210,25.12
2025-01-07 19:35:00,769849,210,E,FF,49.0,15.0,19.0,15.0,,,,34.211728,-118.228265,OCEAN VIEW,18.18
2025-01-07 19:35:00,770170,210,E,FF,,,,,,,,34.155812,-118.158089,EB 210 TO WB 134 #1,24.49
2025-01-07 19:35:00,773131,210,E,FF,,,,,,,,34.15154,-118.146708,FAIR OAKS OFF,25.48
2025-01-07 19:35:00,775729,210,E,FF,,,,,,,,34.155812,-118.158089,EB 210 CON,24.49
2025-01-07 19:35:00,776724,210,E,FF,155.0,98.0,57.0,,,,,34.156489,-118.158295,WINONA WAY,24.442
2025-01-07 19:40:00,768916,210,E,FF,,,,,,,,34.15099,-118.152369,NB 710 EXT TO EB 210,25.12
2025-01-07 19:40:00,769849,210,E,FF,52.0,9.0,33.0,10.0,,,,34.211728,-118.228265,OCEAN VIEW,18.18
2025-01-07 19:40:00,770170,210,E,FF,,,,,,,,34.155812,-118.158089,EB 210 TO WB 134 #1,24.49
2025-01-07 19:40:00,773131,210,E,FF,,,,,,,,34.15154,-118.146708,FAIR OAKS OFF,25.48
2025-01-07 19:40:00,775729,210,E,FF,,,,,,,,34.155812,-118.158089,EB 210 CON,24.49
2025-01-07 19:40:00,776724,210,E,FF,170.0,101.0,69.0,,,,,34.156489,-118.158295,WINONA WAY,24.442
2025-01-07 19:45:00,768916,210,E,FF,,,,,,,,34.15099,-118.152369,NB 710 EXT TO EB 210,25.12
2025-01-07 19:45:00,769849,210,E,FF,38.0,8.0,24.0,6.0,,,,34.211728,-118.228265,OCEAN VIEW,18.18
2025-01-07 19:45:00,770170,210,E,FF,,,,,,,,34.155812,-118.158089,EB 210 TO WB 134 #1,24.49
2025-01-07 19:45:00,773131,210,E,FF,,,,,,,,34.15154,-118.146708,FAIR OAKS OFF,25.48
2025-01-07 19:45:00,775729,210,E,FF,,,,,,,,34.155812,-118.158089,EB 210 CON,24.49
2025-01-07 19:45:00,776724,210,E,FF,149.0,76.0,73.0,,,,,34.156489,-118.158295,WINONA WAY,24.442
2025-01-07 19:50:00,768916,210,E,FF,,,,,,,,34.15099,-118.152369,NB 710 EXT TO EB 210,25.12
2025-01-07 19:50:00,769849,210,E,FF,50.0,12.0,30.0,8.0,,,,34.211728,-118.228265,OCEAN VIEW,18.18
2025-01-07 19:50:00,770170,210,E,FF,,,,,,,,34.155812,-118.158089,EB 210 TO WB 134 #1,24.49
2025-01-07 19:50:00,773131,210,E,FF,,,,,,,,34.15154,-118.146708,FAIR OAKS OFF,25.48
2025-01-07 19:50:00,775729,210,E,FF,,,,,,,,34.155812,-118.158089,EB 210 CON,24.49
2025-01-07 19:50:00,776724,210,E,FF,171.0,86.0,85.0,,,,,34.156489,-118.158295,WINONA WAY,24.442
2025-01-07 19:55:00,768916,210,E,FF,,,,,,,,34.15099,-118.152369,NB 710 EXT TO EB 210,25.12
2025-01-07 19:55:00,769849,210,E,FF,43.0,9.0,25.0,9.0,,,,34.211728,-118.228265,OCEAN VIEW,18.18
2025-01-07 19:55:00,770170,210,E,FF,,,,,,,,34.155812,-118.158089,EB 210 TO WB 134 #1,24.49
2025-01-07 19:55:00,773131,210,E,FF,,,,,,,,34.15154,-118.146708,FAIR OAKS OFF,25.48
2025-01-07 19:55:00,775729,210,E,FF,,,,,,,,34.155812,-118.158089,EB 210 CON,24.49
2025-01-07 19:55:00,776724,210,E,FF,197.0,96.0,101.0,,,,,34.156489,-118.158295,WINONA WAY,24.442
2025-01-07 20:00:00,768916,210,E,FF,,,,,,,,34.15099,-118.152369,NB 710 EXT TO EB 210,25.12
2025-01-07 20:00:00,769849,210,E,FF,39.0,7.0,20.0,12.0,,,,34.211728,-118.228265,OCEAN VIEW,18.18
2025-01-07 20:00:00,770170,210,E,FF,,,,,,,,34.155812,-118.158089,EB 210 TO WB 134 #1,24.49
2025-01-07 20:00:00,773131,210,E,FF,,,,,,,,34.15154,-118.146708,FAIR OAKS OFF,25.48
2025-01-07 20:00:00,775729,210,E,FF,,,,,,,,34.155812,-118.158089,EB 210 CON,24.49
2025-01-07 20:00:00,776724,210,E,FF,206.0,100.0,106.0,,,,,34.156489,-118.158295,WINONA WAY,24.442
2025-01-07 20:05:00,768916,210,E,FF,,,,,,,,34.15099,-118.152369,NB 710 EXT TO EB 210,25.12
2025-01-07 20:05:00,769849,210,E,FF,55.0,15.0,24.0,16.0,,,,34.211728,-118.228265,OCEAN VIEW,18.18
2025-01-07 20:05:00,770170,210,E,FF,,,,,,,,34.155812,-118.158089,EB 210 TO WB 134 #1,24.49
2025-01-07 20:05:00,773131,210,E,FF,,,,,,,,34.15154,-118.146708,FAIR OAKS OFF,25.48
2025-01-07 20:05:00,775729,210,E,FF,,,,,,,,34.155812,-118.158089,EB 210 CON,24.49
2025-01-07 20:05:00,776724,210,E,FF,137.0,56.0,81.0,,,,,34.156489,-118.158295,WINONA WAY,24.442
2025-01-07 20:10:00,768916,210,E,FF,,,,,,,,34.15099,-118.152369,NB 710 EXT TO EB 210,25.12
2025-01-07 20:10:00,769849,210,E,FF,48.0,11.0,23.0,14.0,,,,34.211728,-118.228265,OCEAN VIEW,18.18
2025-01-07 20:10:00,770170,210,E,FF,,,,,,,,34.155812,-118.158089,EB 210 TO WB 134 #1,24.49
2025-01-07 20:10:00,773131,210,E,FF,,,,,,,,34.15154,-118.146708,FAIR OAKS OFF,25.48
2025-01-07 20:10:00,775729,210,E,FF,,,,,,,,34.155812,-118.158089,EB 210 CON,24.49
2025-01-07 20:10:00,776724,210,E,FF,191.0,78.0,113.0,,,,,34.156489,-118.158295,WINONA WAY,24.442
2025-01-07 20:15:00,768916,210,E,FF,,,,,,,,34.15099,-118.152369,NB 710 EXT TO EB 210,25.12
2025-01-07 20:15:00,769849,210,E,FF,46.0,10.0,24.0,12.0,,,,34.211728,-118.228265,OCEAN VIEW,18.18
2025-01-07 20:15:00,770170,210,E,FF,,,,,,,,34.155812,-118.158089,EB 210 TO WB 134 #1,24.49
2025-01-07 20:15:00,773131,210,E,FF,,,,,,,,34.15154,-118.146708,FAIR OAKS OFF,25.48
2025-01-07 20:15:00,775729,210,E,FF,,,,,,,,34.155812,-118.158089,EB 210 CON,24.49
2025-01-07 20:15:00,776724,210,E,FF,177.0,81.0,96.0,,,,,34.156489,-118.158295,WINONA WAY,24.442
2025-01-07 20:20:00,768916,210,E,FF,,,,,,,,34.15099,-118.152369,NB 710 EXT TO EB 210,25.12
2025-01-07 20:20:00,769849,210,E,FF,43.0,7.0,23.0,13.0,,,,34.211728,-118.228265,OCEAN VIEW,18.18
2025-01-07 20:20:00,770170,210,E,FF,,,,,,,,34.155812,-118.158089,EB 210 TO WB 134 #1,24.49
2025-01-07 20:20:00,773131,210,E,FF,,,,,,,,34.15154,-118.146708,FAIR OAKS OFF,25.48
2025-01-07 20:20:00,775729,210,E,FF,,,,,,,,34.155812,-118.158089,EB 210 CON,24.49
2025-01-07 20:20:00,776724,210,E,FF,169.0,79.0,90.0,,,,,34.156489,-118.158295,WINONA WAY,24.442
2025-01-07 20:25:00,768916,210,E,FF,,,,,,,,34.15099,-118.152369,NB 710 EXT TO EB 210,25.12
2025-01-07 20:25:00,769849,210,E,FF,36.0,6.0,21.0,9.0,,,,34.211728,-118.228265,OCEAN VIEW,18.18
2025-01-07 20:25:00,770170,210,E,FF,,,,,,,,34.155812,-118.158089,EB 210 TO WB 134 #1,24.49
2025-01-07 20:25:00,773131,210,E,FF,,,,,,,,34.15154,-118.146708,FAIR OAKS OFF,25.48
2025-01-07 20:25:00,775729,210,E,FF,,,,,,,,34.155812,-118.158089,EB 210 CON,24.49
2025-01-07 20:25:00,776724,210,E,FF,150.0,64.0,86.0,,,,,34.156489,-118.158295,WINONA WAY,24.442
2025-01-07 20:30:00,768916,210,E,FF,,,,,,,,34.15099,-118.152369,NB 710 EXT TO EB 210,25.12
2025-01-07 20:30:00,769849,210,E,FF,38.0,6.0,23.0,9.0,,,,34.211728,-118.228265,OCEAN VIEW,18.18
2025-01-07 20:30:00,770170,210,E,FF,,,,,,,,34.155812,-118.158089,EB 210 TO WB 134 #1,24.49
2025-01-07 20:30:00,773131,210,E,FF,,,,,,,,34.15154,-118.146708,FAIR OAKS OFF,25.48
2025-01-07 20:30:00,775729,210,E,FF,,,,,,,,34.155812,-118.158089,EB 210 CON,24.49
2025-01-07 20:30:00,776724,210,E,FF,156.0,78.0,78.0,,,,,34.156489,-118.158295,WINONA WAY,24.442
2025-01-07 20:35:00,768916,210,E,FF,,,,,,,,34.15099,-118.152369,NB 710 EXT TO EB 210,25.12
2025-01-07 20:35:00,769849,210,E,FF,38.0,5.0,24.0,9.0,,,,34.211728,-118.228265,OCEAN VIEW,18.18
2025-01-07 20:35:00,770170,210,E,FF,,,,,,,,34.155812,-118.158089,EB 210 TO WB 134 #1,24.49
2025-01-07 20:35:00,773131,210,E,FF,,,,,,,,34.15154,-118.146708,FAIR OAKS OFF,25.48
2025-01-07 20:35:00,775729,210,E,FF,,,,,,,,34.155812,-118.158089,EB 210 CON,24.49
2025-01-07 20:35:00,776724,210,E,FF,141.0,60.0,81.0,,,,,34.156489,-118.158295,WINONA WAY,24.442
2025-01-07 20:40:00,768916,210,E,FF,,,,,,,,34.15099,-118.152369,NB 710 EXT TO EB 210,25.12
2025-01-07 20:40:00,769849,210,E,FF,28.0,6.0,16.0,6.0,,,,34.211728,-118.228265,OCEAN VIEW,18.18
2025-01-07 20:40:00,770170,210,E,FF,,,,,,,,34.155812,-118.158089,EB 210 TO WB 134 #1,24.49
2025-01-07 20:40:00,773131,210,E,FF,,,,,,,,34.15154,-118.146708,FAIR OAKS OFF,25.48
2025-01-07 20:40:00,775729,210,E,FF,,,,,,,,34.155812,-118.158089,EB 210 CON,24.49
2025-01-07 20:40:00,776724,210,E,FF,153.0,69.0,84.0,,,,,34.156489,-118.158295,WINONA WAY,24.442
2025-01-07 20:45:00,768916,210,E,FF,,,,,,,,34.15099,-118.152369,NB 710 EXT TO EB 210,25.12
2025-01-07 20:45:00,769849,210,E,FF,32.0,5.0,18.0,9.0,,,,34.211728,-118.228265,OCEAN VIEW,18.18
2025-01-07 20:45:00,770170,210,E,FF,,,,,,,,34.155812,-118.158089,EB 210 TO WB 134 #1,24.49
2025-01-07 20:45:00,773131,210,E,FF,,,,,,,,34.15154,-118.146708,FAIR OAKS OFF,25.48
2025-01-07 20:45:00,775729,210,E,FF,,,,,,,,34.155812,-118.158089,EB 210 CON,24.49
2025-01-07 20:45:00,776724,210,E,FF,161.0,69.0,92.0,,,,,34.156489,-118.158295,WINONA WAY,24.442
2025-01-07 20:50:00,768916,210,E,FF,,,,,,,,34.15099,-118.152369,NB 710 EXT TO EB 210,25.12
2025-01-07 20:50:00,769849,210,E,FF,36.0,7.0,21.0,8.0,,,,34.211728,-118.228265,OCEAN VIEW,18.18
2025-01-07 20:50:00,770170,210,E,FF,,,,,,,,34.155812,-118.158089,EB 210 TO WB 134 #1,24.49
2025-01-07 20:50:00,773131,210,E,FF,,,,,,,,34.15154,-118.146708,FAIR OAKS OFF,25.48
2025-01-07 20:50:00,775729,210,E,FF,,,,,,,,34.155812,-118.158089,EB 210 CON,24.49
2025-01-07 20:50:00,776724,210,E,FF,140.0,73.0,67.0,,,,,34.156489,-118.158295,WINONA WAY,24.442
2025-01-07 20:55:00,768916,210,E,FF,,,,,,,,34.15099,-118.152369,NB 710 EXT TO EB 210,25.12
2025-01-07 20:55:00,769849,210,E,FF,34.0,10.0,16.0,8.0,,,,34.211728,-118.228265,OCEAN VIEW,18.18
2025-01-07 20:55:00,770170,210,E,FF,,,,,,,,34.155812,-118.158089,EB 210 TO WB 134 #1,24.49
2025-01-07 20:55:00,773131,210,E,FF,,,,,,,,34.15154,-118.146708,FAIR OAKS OFF,25.48
2025-01-07 20:55:00,775729,210,E,FF,,,,,,,,34.155812,-118.158089,EB 210 CON,24.49
2025-01-07 20:55:00,776724,210,E,FF,147.0,64.0,83.0,,,,,34.156489,-118.158295,WINONA WAY,24.442
2025-01-07 21:00:00,768916,210,E,FF,,,,,,,,34.15099,-118.152369,NB 710 EXT TO EB 210,25.12
2025-01-07 21:00:00,769849,210,E,FF,35.0,7.0,22.0,6.0,,,,34.211728,-118.228265,OCEAN VIEW,18.18
2025-01-07 21:00:00,770170,210,E,FF,,,,,,,,34.155812,-118.158089,EB 210 TO WB 134 #1,24.49
2025-01-07 21:00:00,773131,210,E,FF,,,,,,,,34.15154,-118.146708,FAIR OAKS OFF,25.48
2025-01-07 21:00:00,775729,210,E,FF,,,,,,,,34.155812,-118.158089,EB 210 CON,24.49
2025-01-07 21:00:00,776724,210,E,FF,113.0,27.0,86.0,,,,,34.156489,-118.158295,WINONA WAY,24.442
2025-01-07 21:05:00,768916,210,E,FF,,,,,,,,34.15099,-118.152369,NB 710 EXT TO EB 210,25.12
2025-01-07 21:05:00,769849,210,E,FF,21.0,2.0,16.0,3.0,,,,34.211728,-118.228265,OCEAN VIEW,18.18
2025-01-07 21:05:00,770170,210,E,FF,,,,,,,,34.155812,-118.158089,EB 210 TO WB 134 #1,24.49
2025-01-07 21:05:00,773131,210,E,FF,,,,,,,,34.15154,-118.146708,FAIR OAKS OFF,25.48
2025-01-07 21:05:00,775729,210,E,FF,,,,,,,,34.155812,-118.158089,EB 210 CON,24.49
2025-01-07 21:05:00,776724,210,E,FF,122.0,54.0,68.0,,,,,34.156489,-118.158295,WINONA WAY,24.442
2025-01-07 21:10:00,768916,210,E,FF,,,,,,,,34.15099,-118.152369,NB 710 EXT TO EB 210,25.12
2025-01-07 21:10:00,769849,210,E,FF,36.0,4.0,21.0,11.0,,,,34.211728,-118.228265,OCEAN VIEW,18.18
2025-01-07 21:10:00,770170,210,E,FF,,,,,,,,34.155812,-118.158089,EB 210 TO WB 134 #1,24.49
2025-01-07 21:10:00,773131,210,E,FF,,,,,,,,34.15154,-118.146708,FAIR OAKS OFF,25.48
2025-01-07 21:10:00,775729,210,E,FF,,,,,,,,34.155812,-118.158089,EB 210 CON,24.49
2025-01-07 21:10:00,776724,210,E,FF,107.0,56.0,51.0,,,,,34.156489,-118.158295,WINONA WAY,24.442
2025-01-07 21:15:00,768916,210,E,FF,,,,,,,,34.15099,-118.152369,NB 710 EXT TO EB 210,25.12
2025-01-07 21:15:00,769849,210,E,FF,28.0,6.0,18.0,4.0,,,,34.211728,-118.228265,OCEAN VIEW,18.18
2025-01-07 21:15:00,770170,210,E,FF,,,,,,,,34.155812,-118.158089,EB 210 TO WB 134 #1,24.49
2025-01-07 21:15:00,773131,210,E,FF,,,,,,,,34.15154,-118.146708,FAIR OAKS OFF,25.48
2025-01-07 21:15:00,775729,210,E,FF,,,,,,,,34.155812,-118.158089,EB 210 CON,24.49
2025-01-07 21:15:00,776724,210,E,FF,121.0,66.0,55.0,,,,,34.156489,-118.158295,WINONA WAY,24.442
2025-01-07 21:20:00,768916,210,E,FF,,,,,,,,34.15099,-118.152369,NB 710 EXT TO EB 210,25.12
2025-01-07 21:20:00,769849,210,E,FF,26.0,6.0,10.0,10.0,,,,34.211728,-118.228265,OCEAN VIEW,18.18
2025-01-07 21:20:00,770170,210,E,FF,,,,,,,,34.155812,-118.158089,EB 210 TO WB 134 #1,24.49
2025-01-07 21:20:00,773131,210,E,FF,,,,,,,,34.15154,-118.146708,FAIR OAKS OFF,25.48
2025-01-07 21:20:00,775729,210,E,FF,,,,,,,,34.155812,-118.158089,EB 210 CON,24.49
2025-01-07 21:20:00,776724,210,E,FF,119.0,37.0,82.0,,,,,34.156489,-118.158295,WINONA WAY,24.442
2025-01-07 21:25:00,768916,210,E,FF,,,,,,,,34.15099,-118.152369,NB 710 EXT TO EB 210,25.12
2025-01-07 21:25:00,769849,210,E,FF,21.0,4.0,13.0,4.0,,,,34.211728,-118.228265,OCEAN VIEW,18.18
2025-01-07 21:25:00,770170,210,E,FF,,,,,,,,34.155812,-118.158089,EB 210 TO WB 134 #1,24.49
2025-01-07 21:25:00,773131,210,E,FF,,,,,,,,34.15154,-118.146708,FAIR OAKS OFF,25.48
2025-01-07 21:25:00,775729,210,E,FF,,,,,,,,34.155812,-118.158089,EB 210 CON,24.49
2025-01-07 21:25:00,776724,210,E,FF,85.0,40.0,45.0,,,,,34.156489,-118.158295,WINONA WAY,24.442
2025-01-07 21:30:00,768916,210,E,FF,,,,,,,,34.15099,-118.152369,NB 710 EXT TO EB 210,25.12
2025-01-07 21:30:00,769849,210,E,FF,24.0,4.0,15.0,5.0,,,,34.211728,-118.228265,OCEAN VIEW,18.18
2025-01-07 21:30:00,770170,210,E,FF,,,,,,,,34.155812,-118.158089,EB 210 TO WB 134 #1,24.49
2025-01-07 21:30:00,773131,210,E,FF,,,,,,,,34.15154,-118.146708,FAIR OAKS OFF,25.48
2025-01-07 21:30:00,775729,210,E,FF,,,,,,,,34.155812,-118.158089,EB 210 CON,24.49
2025-01-07 21:30:00,776724,210,E,FF,150.0,53.0,97.0,,,,,34.156489,-118.158295,WINONA WAY,24.442
2025-01-07 21:35:00,768916,210,E,FF,,,,,,,,34.15099,-118.152369,NB 710 EXT TO EB 210,25.12
2025-01-07 21:35:00,769849,210,E,FF,31.0,3.0,25.0,3.0,,,,34.211728,-118.228265,OCEAN VIEW,18.18
2025-01-07 21:35:00,770170,210,E,FF,,,,,,,,34.155812,-118.158089,EB 210 TO WB 134 #1,24.49
2025-01-07 21:35:00,773131,210,E,FF,,,,,,,,34.15154,-118.146708,FAIR OAKS OFF,25.48
2025-01-07 21:35:00,775729,210,E,FF,,,,,,,,34.155812,-118.158089,EB 210 CON,24.49
2025-01-07 21:35:00,776724,210,E,FF,135.0,50.0,85.0,,,,,34.156489,-118.158295,WINONA WAY,24.442
2025-01-07 21:40:00,768916,210,E,FF,,,,,,,,34.15099,-118.152369,NB 710 EXT TO EB 210,25.12
2025-01-07 21:40:00,769849,210,E,FF,25.0,3.0,20.0,2.0,,,,34.211728,-118.228265,OCEAN VIEW,18.18
2025-01-07 21:40:00,770170,210,E,FF,,,,,,,,34.155812,-118.158089,EB 210 TO WB 134 #1,24.49
2025-01-07 21:40:00,773131,210,E,FF,,,,,,,,34.15154,-118.146708,FAIR OAKS OFF,25.48
2025-01-07 21:40:00,775729,210,E,FF,,,,,,,,34.155812,-118.158089,EB 210 CON,24.49
2025-01-07 21:40:00,776724,210,E,FF,168.0,82.0,86.0,,,,,34.156489,-118.158295,WINONA WAY,24.442
2025-01-07 21:45:00,768916,210,E,FF,,,,,,,,34.15099,-118.152369,NB 710 EXT TO EB 210,25.12
2025-01-07 21:45:00,769849,210,E,FF,31.0,6.0,19.0,6.0,,,,34.211728,-118.228265,OCEAN VIEW,18.18
2025-01-07 21:45:00,770170,210,E,FF,,,,,,,,34.155812,-118.158089,EB 210 TO WB 134 #1,24.49
2025-01-07 21:45:00,773131,210,E,FF,,,,,,,,34.15154,-118.146708,FAIR OAKS OFF,25.48
2025-01-07 21:45:00,775729,210,E,FF,,,,,,,,34.155812,-118.158089,EB 210 CON,24.49
2025-01-07 21:45:00,776724,210,E,FF,157.0,79.0,78.0,,,,,34.156489,-118.158295,WINONA WAY,24.442
2025-01-07 21:50:00,768916,210,E,FF,,,,,,,,34.15099,-118.152369,NB 710 EXT TO EB 210,25.12
2025-01-07 21:50:00,769849,210,E,FF,26.0,6.0,18.0,2.0,,,,34.211728,-118.228265,OCEAN VIEW,18.18
2025-01-07 21:50:00,770170,210,E,FF,,,,,,,,34.155812,-118.158089,EB 210 TO WB 134 #1,24.49
2025-01-07 21:50:00,773131,210,E,FF,,,,,,,,34.15154,-118.146708,FAIR OAKS OFF,25.48
2025-01-07 21:50:00,775729,210,E,FF,,,,,,,,34.155812,-118.158089,EB 210 CON,24.49
2025-01-07 21:50:00,776724,210,E,FF,117.0,57.0,60.0,,,,,34.156489,-118.158295,WINONA WAY,24.442
2025-01-07 21:55:00,768916,210,E,FF,,,,,,,,34.15099,-118.152369,NB 710 EXT TO EB 210,25.12
2025-01-07 21:55:00,769849,210,E,FF,20.0,5.0,12.0,3.0,,,,34.211728,-118.228265,OCEAN VIEW,18.18
2025-01-07 21:55:00,770170,210,E,FF,,,,,,,,34.155812,-118.158089,EB 210 TO WB 134 #1,24.49
2025-01-07 21:55:00,773131,210,E,FF,,,,,,,,34.15154,-118.146708,FAIR OAKS OFF,25.48
2025-01-07 21:55:00,775729,210,E,FF,,,,,,,,34.155812,-118.158089,EB 210 CON,24.49
2025-01-07 21:55:00,776724,210,E,FF,161.0,75.0,86.0,,,,,34.156489,-118.158295,WINONA WAY,24.442
2025-01-07 22:00:00,768916,210,E,FF,,,,,,,,34.15099,-118.152369,NB 710 EXT TO EB 210,25.12
2025-01-07 22:00:00,769849,210,E,FF,29.0,5.0,21.0,3.0,,,,34.211728,-118.228265,OCEAN VIEW,18.18
2025-01-07 22:00:00,770170,210,E,FF,,,,,,,,34.155812,-118.158089,EB 210 TO WB 134 #1,24.49
2025-01-07 22:00:00,773131,210,E,FF,,,,,,,,34.15154,-118.146708,FAIR OAKS OFF,25.48
2025-01-07 22:00:00,775729,210,E,FF,,,,,,,,34.155812,-118.158089,EB 210 CON,24.49
2025-01-07 22:00:00,776724,210,E,FF,137.0,47.0,90.0,,,,,34.156489,-118.158295,WINONA WAY,24.442
2025-01-07 22:05:00,768916,210,E,FF,,,,,,,,34.15099,-118.152369,NB 710 EXT TO EB 210,25.12
2025-01-07 22:05:00,769849,210,E,FF,21.0,5.0,15.0,1.0,,,,34.211728,-118.228265,OCEAN VIEW,18.18
2025-01-07 22:05:00,770170,210,E,FF,,,,,,,,34.155812,-118.158089,EB 210 TO WB 134 #1,24.49
2025-01-07 22:05:00,773131,210,E,FF,,,,,,,,34.15154,-118.146708,FAIR OAKS OFF,25.48
2025-01-07 22:05:00,775729,210,E,FF,,,,,,,,34.155812,-118.158089,EB 210 CON,24.49
2025-01-07 22:05:00,776724,210,E,FF,130.0,43.0,87.0,,,,,34.156489,-118.158295,WINONA WAY,24.442
2025-01-07 22:10:00,768916,210,E,FF,,,,,,,,34.15099,-118.152369,NB 710 EXT TO EB 210,25.12
2025-01-07 22:10:00,769849,210,E,FF,29.0,4.0,20.0,5.0,,,,34.211728,-118.228265,OCEAN VIEW,18.18
2025-01-07 22:10:00,770170,210,E,FF,,,,,,,,34.155812,-118.158089,EB 210 TO WB 134 #1,24.49
2025-01-07 22:10:00,773131,210,E,FF,,,,,,,,34.15154,-118.146708,FAIR OAKS OFF,25.48
2025-01-07 22:10:00,775729,210,E,FF,,,,,,,,34.155812,-118.158089,EB 210 CON,24.49
2025-01-07 22:10:00,776724,210,E,FF,104.0,39.0,65.0,,,,,34.156489,-118.158295,WINONA WAY,24.442
2025-01-07 22:15:00,768916,210,E,FF,,,,,,,,34.15099,-118.152369,NB 710 EXT TO EB 210,25.12
2025-01-07 22:15:00,769849,210,E,FF,29.0,9.0,15.0,5.0,,,,34.211728,-118.228265,OCEAN VIEW,18.18
2025-01-07 22:15:00,770170,210,E,FF,,,,,,,,34.155812,-118.158089,EB 210 TO WB 134 #1,24.49
2025-01-07 22:15:00,773131,210,E,FF,,,,,,,,34.15154,-118.146708,FAIR OAKS OFF,25.48
2025-01-07 22:15:00,775729,210,E,FF,,,,,,,,34.155812,-118.158089,EB 210 CON,24.49
2025-01-07 22:15:00,776724,210,E,FF,107.0,49.0,58.0,,,,,34.156489,-118.158295,WINONA WAY,24.442
2025-01-07 22:20:00,768916,210,E,FF,,,,,,,,34.15099,-118.152369,NB 710 EXT TO EB 210,25.12
2025-01-07 22:20:00,769849,210,E,FF,15.0,3.0,11.0,1.0,,,,34.211728,-118.228265,OCEAN VIEW,18.18
2025-01-07 22:20:00,770170,210,E,FF,,,,,,,,34.155812,-118.158089,EB 210 TO WB 134 #1,24.49
2025-01-07 22:20:00,773131,210,E,FF,,,,,,,,34.15154,-118.146708,FAIR OAKS OFF,25.48
2025-01-07 22:20:00,775729,210,E,FF,,,,,,,,34.155812,-118.158089,EB 210 CON,24.49
2025-01-07 22:20:00,776724,210,E,FF,106.0,42.0,64.0,,,,,34.156489,-118.158295,WINONA WAY,24.442
2025-01-07 22:25:00,768916,210,E,FF,,,,,,,,34.15099,-118.152369,NB 710 EXT TO EB 210,25.12
2025-01-07 22:25:00,769849,210,E,FF,10.0,0.0,10.0,0.0,,,,34.211728,-118.228265,OCEAN VIEW,18.18
2025-01-07 22:25:00,770170,210,E,FF,,,,,,,,34.155812,-118.158089,EB 210 TO WB 134 #1,24.49
2025-01-07 22:25:00,773131,210,E,FF,,,,,,,,34.15154,-118.146708,FAIR OAKS OFF,25.48
2025-01-07 22:25:00,775729,210,E,FF,,,,,,,,34.155812,-118.158089,EB 210 CON,24.49
2025-01-07 22:25:00,776724,210,E,FF,88.0,34.0,54.0,,,,,34.156489,-118.158295,WINONA WAY,24.442
2025-01-07 22:30:00,768916,210,E,FF,,,,,,,,34.15099,-118.152369,NB 710 EXT TO EB 210,25.12
2025-01-07 22:30:00,769849,210,E,FF,10.0,0.0,10.0,0.0,,,,34.211728,-118.228265,OCEAN VIEW,18.18
2025-01-07 22:30:00,770170,210,E,FF,,,,,,,,34.155812,-118.158089,EB 210 TO WB 134 #1,24.49
2025-01-07 22:30:00,773131,210,E,FF,,,,,,,,34.15154,-118.146708,FAIR OAKS OFF,25.48
2025-01-07 22:30:00,775729,210,E,FF,,,,,,,,34.155812,-118.158089,EB 210 CON,24.49
2025-01-07 22:30:00,776724,210,E,FF,95.0,38.0,57.0,,,,,34.156489,-118.158295,WINONA WAY,24.442
2025-01-07 22:35:00,768916,210,E,FF,,,,,,,,34.15099,-118.152369,NB 710 EXT TO EB 210,25.12
2025-01-07 22:35:00,769849,210,E,FF,10.0,0.0,10.0,0.0,,,,34.211728,-118.228265,OCEAN VIEW,18.18
2025-01-07 22:35:00,770170,210,E,FF,,,,,,,,34.155812,-118.158089,EB 210 TO WB 134 #1,24.49
2025-01-07 22:35:00,773131,210,E,FF,,,,,,,,34.15154,-118.146708,FAIR OAKS OFF,25.48
2025-01-07 22:35:00,775729,210,E,FF,,,,,,,,34.155812,-118.158089,EB 210 CON,24.49
2025-01-07 22:35:00,776724,210,E,FF,112.0,43.0,69.0,,,,,34.156489,-118.158295,WINONA WAY,24.442
2025-01-07 22:40:00,768916,210,E,FF,,,,,,,,34.15099,-118.152369,NB 710 EXT TO EB 210,25.12
2025-01-07 22:40:00,769849,210,E,FF,10.0,0.0,10.0,0.0,,,,34.211728,-118.228265,OCEAN VIEW,18.18
2025-01-07 22:40:00,770170,210,E,FF,,,,,,,,34.155812,-118.158089,EB 210 TO WB 134 #1,24.49
2025-01-07 22:40:00,773131,210,E,FF,,,,,,,,34.15154,-118.146708,FAIR OAKS OFF,25.48
2025-01-07 22:40:00,775729,210,E,FF,,,,,,,,34.155812,-118.158089,EB 210 CON,24.49
2025-01-07 22:40:00,776724,210,E,FF,107.0,42.0,65.0,,,,,34.156489,-118.158295,WINONA WAY,24.442
2025-01-07 22:45:00,768916,210,E,FF,,,,,,,,34.15099,-118.152369,NB 710 EXT TO EB 210,25.12
2025-01-07 22:45:00,769849,210,E,FF,10.0,0.0,10.0,0.0,,,,34.211728,-118.228265,OCEAN VIEW,18.18
2025-01-07 22:45:00,770170,210,E,FF,,,,,,,,34.155812,-118.158089,EB 210 TO WB 134 #1,24.49
2025-01-07 22:45:00,773131,210,E,FF,,,,,,,,34.15154,-118.146708,FAIR OAKS OFF,25.48
2025-01-07 22:45:00,775729,210,E,FF,,,,,,,,34.155812,-118.158089,EB 210 CON,24.49
2025-01-07 22:45:00,776724,210,E,FF,106.0,30.0,76.0,,,,,34.156489,-118.158295,WINONA WAY,24.442
2025-01-07 22:50:00,768916,210,E,FF,,,,,,,,34.15099,-118.152369,NB 710 EXT TO EB 210,25.12
2025-01-07 22:50:00,769849,210,E,FF,10.0,0.0,10.0,0.0,,,,34.211728,-118.228265,OCEAN VIEW,18.18
2025-01-07 22:50:00,770170,210,E,FF,,,,,,,,34.155812,-118.158089,EB 210 TO WB 134 #1,24.49
2025-01-07 22:50:00,773131,210,E,FF,,,,,,,,34.15154,-118.146708,FAIR OAKS OFF,25.48
2025-01-07 22:50:00,775729,210,E,FF,,,,,,,,34.155812,-118.158089,EB 210 CON,24.49
2025-01-07 22:50:00,776724,210,E,FF,100.0,37.0,63.0,,,,,34.156489,-118.158295,WINONA WAY,24.442
2025-01-07 22:55:00,768916,210,E,FF,,,,,,,,34.15099,-118.152369,NB 710 EXT TO EB 210,25.12
2025-01-07 22:55:00,769849,210,E,FF,10.0,0.0,10.0,0.0,,,,34.211728,-118.228265,OCEAN VIEW,18.18
2025-01-07 22:55:00,770170,210,E,FF,,,,,,,,34.155812,-118.158089,EB 210 TO WB 134 #1,24.49
2025-01-07 22:55:00,773131,210,E,FF,,,,,,,,34.15154,-118.146708,FAIR OAKS OFF,25.48
2025-01-07 22:55:00,775729,210,E,FF,,,,,,,,34.155812,-118.158089,EB 210 CON,24.49
2025-01-07 22:55:00,776724,210,E,FF,85.0,47.0,38.0,,,,,34.156489,-118.158295,WINONA WAY,24.442
2025-01-07 23:00:00,768916,210,E,FF,,,,,,,,34.15099,-118.152369,NB 710 EXT TO EB 210,25.12
2025-01-07 23:00:00,769849,210,E,FF,10.0,0.0,10.0,0.0,,,,34.211728,-118.228265,OCEAN VIEW,18.18
2025-01-07 23:00:00,770170,210,E,FF,,,,,,,,34.155812,-118.158089,EB 210 TO WB 134 #1,24.49
2025-01-07 23:00:00,773131,210,E,FF,,,,,,,,34.15154,-118.146708,FAIR OAKS OFF,25.48
2025-01-07 23:00:00,775729,210,E,FF,,,,,,,,34.155812,-118.158089,EB 210 CON,24.49
2025-01-07 23:00:00,776724,210,E,FF,103.0,53.0,50.0,,,,,34.156489,-118.158295,WINONA WAY,24.442
