Timestamp,Station,Freeway,Direction,Lane Type,Latitude,Longitude,Location,Abs_PM,Total Flow (veh/5min),Lane1 Flow (veh/5min),Lane2 Flow (veh/5min),Lane3 Flow (veh/5min),Lane4 Flow (veh/5min),Lane5 Flow (veh/5min),Lane6 Flow (veh/5min)
06:00:00,768916,210,E,FF,34.15099,-118.152369,NB 710 EXT TO EB 210,25.12,,,,,,,
06:00:00,769849,210,E,FF,34.211728,-118.228265,OCEAN VIEW,18.18,130.33333333333334,41.333333333333336,59.333333333333336,29.666666666666668,,,
06:00:00,770170,210,E,FF,34.155812,-118.158089,EB 210 TO WB 134 #1,24.49,,,,,,,
06:00:00,773131,210,E,FF,34.15154,-118.146708,FAIR OAKS OFF,25.48,,,,,,,
06:00:00,775729,210,E,FF,34.155812,-118.158089,EB 210 CON,24.49,,,,,,,
06:00:00,776724,210,E,FF,34.156489,-118.158295,WINONA WAY,24.442,175.33333333333334,97.33333333333333,78.0,,,,
06:05:00,768916,210,E,FF,34.15099,-118.152369,NB 710 EXT TO EB 210,25.12,,,,,,,
06:05:00,769849,210,E,FF,34.211728,-118.228265,OCEAN VIEW,18.18,157.33333333333334,52.333333333333336,65.0,40.0,,,
06:05:00,770170,210,E,FF,34.155812,-118.158089,EB 210 TO WB 134 #1,24.49,,,,,,,
06:05:00,773131,210,E,FF,34.15154,-118.146708,FAIR OAKS OFF,25.48,,,,,,,
06:05:00,775729,210,E,FF,34.155812,-118.158089,EB 210 CON,24.49,,,,,,,
06:05:00,776724,210,E,FF,34.156489,-118.158295,WINONA WAY,24.442,170.0,97.33333333333333,72.66666666666667,,,,
06:10:00,768916,210,E,FF,34.15099,-118.152369,NB 710 EXT TO EB 210,25.12,,,,,,,
06:10:00,769849,210,E,FF,34.211728,-118.228265,OCEAN VIEW,18.18,161.66666666666666,53.333333333333336,70.0,38.333333333333336,,,
06:10:00,770170,210,E,FF,34.155812,-118.158089,EB 210 TO WB 134 #1,24.49,,,,,,,
06:10:00,773131,210,E,FF,34.15154,-118.146708,FAIR OAKS OFF,25.48,,,,,,,
06:10:00,775729,210,E,FF,34.155812,-118.158089,EB 210 CON,24.49,,,,,,,
06:10:00,776724,210,E,FF,34.156489,-118.158295,WINONA WAY,24.442,169.66666666666666,89.33333333333333,80.33333333333333,,,,
06:15:00,768916,210,E,FF,34.15099,-118.152369,NB 710 EXT TO EB 210,25.12,,,,,,,
06:15:00,769849,210,E,FF,34.211728,-118.228265,OCEAN VIEW,18.18,168.0,51.666666666666664,72.33333333333333,44.0,,,
06:15:00,770170,210,E,FF,34.155812,-118.158089,EB 210 TO WB 134 #1,24.49,,,,,,,
06:15:00,773131,210,E,FF,34.15154,-118.146708,FAIR OAKS OFF,25.48,,,,,,,
06:15:00,775729,210,E,FF,34.155812,-118.158089,EB 210 CON,24.49,,,,,,,
06:15:00,776724,210,E,FF,34.156489,-118.158295,WINONA WAY,24.442,195.33333333333334,104.66666666666667,90.66666666666667,,,,
06:20:00,768916,210,E,FF,34.15099,-118.152369,NB 710 EXT TO EB 210,25.12,,,,,,,
06:20:00,769849,210,E,FF,34.211728,-118.228265,OCEAN VIEW,18.18,184.0,64.33333333333333,73.0,46.666666666666664,,,
06:20:00,770170,210,E,FF,34.155812,-118.158089,EB 210 TO WB 134 #1,24.49,,,,,,,
06:20:00,773131,210,E,FF,34.15154,-118.146708,FAIR OAKS OFF,25.48,,,,,,,
06:20:00,775729,210,E,FF,34.155812,-118.158089,EB 210 CON,24.49,,,,,,,
06:20:00,776724,210,E,FF,34.156489,-118.158295,WINONA WAY,24.442,203.66666666666666,111.0,92.66666666666667,,,,
06:25:00,768916,210,E,FF,34.15099,-118.152369,NB 710 EXT TO EB 210,25.12,,,,,,,
06:25:00,769849,210,E,FF,34.211728,-118.228265,OCEAN VIEW,18.18,197.0,71.66666666666667,80.0,45.333333333333336,,,
06:25:00,770170,210,E,FF,34.155812,-118.158089,EB 210 TO WB 134 #1,24.49,,,,,,,
06:25:00,773131,210,E,FF,34.15154,-118.146708,FAIR OAKS OFF,25.48,,,,,,,
06:25:00,775729,210,E,FF,34.155812,-118.158089,EB 210 CON,24.49,,,,,,,
06:25:00,776724,210,E,FF,34.156489,-118.158295,WINONA WAY,24.442,229.33333333333334,123.66666666666667,105.66666666666667,,,,
06:30:00,768916,210,E,FF,34.15099,-118.152369,NB 710 EXT TO EB 210,25.12,,,,,,,
06:30:00,769849,210,E,FF,34.211728,-118.228265,OCEAN VIEW,18.18,223.0,81.66666666666667,83.33333333333333,58.0,,,
06:30:00,770170,210,E,FF,34.155812,-118.158089,EB 210 TO WB 134 #1,24.49,,,,,,,
06:30:00,773131,210,E,FF,34.15154,-118.146708,FAIR OAKS OFF,25.48,,,,,,,
06:30:00,775729,210,E,FF,34.155812,-118.158089,EB 210 CON,24.49,,,,,,,
06:30:00,776724,210,E,FF,34.156489,-118.158295,WINONA WAY,24.442,243.0,131.33333333333334,111.66666666666667,,,,
06:35:00,768916,210,E,FF,34.15099,-118.152369,NB 710 EXT TO EB 210,25.12,,,,,,,
06:35:00,769849,210,E,FF,34.211728,-118.228265,OCEAN VIEW,18.18,252.66666666666666,88.0,99.0,65.66666666666667,,,
06:35:00,770170,210,E,FF,34.155812,-118.158089,EB 210 TO WB 134 #1,24.49,,,,,,,
06:35:00,773131,210,E,FF,34.15154,-118.146708,FAIR OAKS OFF,25.48,,,,,,,
06:35:00,775729,210,E,FF,34.155812,-118.158089,EB 210 CON,24.49,,,,,,,
06:35:00,776724,210,E,FF,34.156489,-118.158295,WINONA WAY,24.442,261.3333333333333,133.66666666666666,127.66666666666667,,,,
06:40:00,768916,210,E,FF,34.15099,-118.152369,NB 710 EXT TO EB 210,25.12,,,,,,,
06:40:00,769849,210,E,FF,34.211728,-118.228265,OCEAN VIEW,18.18,246.66666666666666,81.66666666666667,103.33333333333333,61.666666666666664,,,
06:40:00,770170,210,E,FF,34.155812,-118.158089,EB 210 TO WB 134 #1,24.49,,,,,,,
06:40:00,773131,210,E,FF,34.15154,-118.146708,FAIR OAKS OFF,25.48,,,,,,,
06:40:00,775729,210,E,FF,34.155812,-118.158089,EB 210 CON,24.49,,,,,,,
06:40:00,776724,210,E,FF,34.156489,-118.158295,WINONA WAY,24.442,274.6666666666667,153.66666666666666,121.0,,,,
06:45:00,768916,210,E,FF,34.15099,-118.152369,NB 710 EXT TO EB 210,25.12,,,,,,,
06:45:00,769849,210,E,FF,34.211728,-118.228265,OCEAN VIEW,18.18,273.0,93.0,116.0,64.0,,,
06:45:00,770170,210,E,FF,34.155812,-118.158089,EB 210 TO WB 134 #1,24.49,,,,,,,
06:45:00,773131,210,E,FF,34.15154,-118.146708,FAIR OAKS OFF,25.48,,,,,,,
06:45:00,775729,210,E,FF,34.155812,-118.158089,EB 210 CON,24.49,,,,,,,
06:45:00,776724,210,E,FF,34.156489,-118.158295,WINONA WAY,24.442,277.6666666666667,146.33333333333334,131.33333333333334,,,,
06:50:00,768916,210,E,FF,34.15099,-118.152369,NB 710 EXT TO EB 210,25.12,,,,,,,
06:50:00,769849,210,E,FF,34.211728,-118.228265,OCEAN VIEW,18.18,278.6666666666667,99.0,111.33333333333333,68.33333333333333,,,
06:50:00,770170,210,E,FF,34.155812,-118.158089,EB 210 TO WB 134 #1,24.49,,,,,,,
06:50:00,773131,210,E,FF,34.15154,-118.146708,FAIR OAKS OFF,25.48,,,,,,,
06:50:00,775729,210,E,FF,34.155812,-118.158089,EB 210 CON,24.49,,,,,,,
06:50:00,776724,210,E,FF,34.156489,-118.158295,WINONA WAY,24.442,291.0,165.33333333333334,125.66666666666667,,,,
06:55:00,768916,210,E,FF,34.15099,-118.152369,NB 710 EXT TO EB 210,25.12,,,,,,,
06:55:00,769849,210,E,FF,34.211728,-118.228265,OCEAN VIEW,18.18,278.3333333333333,106.0,109.33333333333333,63.0,,,
06:55:00,770170,210,E,FF,34.155812,-118.158089,EB 210 TO WB 134 #1,24.49,,,,,,,
06:55:00,773131,210,E,FF,34.15154,-118.146708,FAIR OAKS OFF,25.48,,,,,,,
06:55:00,775729,210,E,FF,34.155812,-118.158089,EB 210 CON,24.49,,,,,,,
06:55:00,776724,210,E,FF,34.156489,-118.158295,WINONA WAY,24.442,280.3333333333333,153.0,127.33333333333333,,,,
07:00:00,768916,210,E,FF,34.15099,-118.152369,NB 710 EXT TO EB 210,25.12,,,,,,,
07:00:00,769849,210,E,FF,34.211728,-118.228265,OCEAN VIEW,18.18,307.0,112.0,115.0,80.0,,,
07:00:00,770170,210,E,FF,34.155812,-118.158089,EB 210 TO WB 134 #1,24.49,,,,,,,
07:00:00,773131,210,E,FF,34.15154,-118.146708,FAIR OAKS OFF,25.48,,,,,,,
07:00:00,775729,210,E,FF,34.155812,-118.158089,EB 210 CON,24.49,,,,,,,
07:00:00,776724,210,E,FF,34.156489,-118.158295,WINONA WAY,24.442,258.0,137.0,121.0,,,,
07:05:00,768916,210,E,FF,34.15099,-118.152369,NB 710 EXT TO EB 210,25.12,,,,,,,
07:05:00,769849,210,E,FF,34.211728,-118.228265,OCEAN VIEW,18.18,305.3333333333333,106.33333333333333,125.33333333333333,73.66666666666667,,,
07:05:00,770170,210,E,FF,34.155812,-118.158089,EB 210 TO WB 134 #1,24.49,,,,,,,
07:05:00,773131,210,E,FF,34.15154,-118.146708,FAIR OAKS OFF,25.48,,,,,,,
07:05:00,775729,210,E,FF,34.155812,-118.158089,EB 210 CON,24.49,,,,,,,
07:05:00,776724,210,E,FF,34.156489,-118.158295,WINONA WAY,24.442,296.3333333333333,158.0,138.33333333333334,,,,
07:10:00,768916,210,E,FF,34.15099,-118.152369,NB 710 EXT TO EB 210,25.12,,,,,,,
07:10:00,769849,210,E,FF,34.211728,-118.228265,OCEAN VIEW,18.18,291.6666666666667,100.33333333333333,117.66666666666667,73.66666666666667,,,
07:10:00,770170,210,E,FF,34.155812,-118.158089,EB 210 TO WB 134 #1,24.49,,,,,,,
07:10:00,773131,210,E,FF,34.15154,-118.146708,FAIR OAKS OFF,25.48,,,,,,,
07:10:00,775729,210,E,FF,34.155812,-118.158089,EB 210 CON,24.49,,,,,,,
07:10:00,776724,210,E,FF,34.156489,-118.158295,WINONA WAY,24.442,296.3333333333333,162.0,134.33333333333334,,,,
07:15:00,768916,210,E,FF,34.15099,-118.152369,NB 710 EXT TO EB 210,25.12,,,,,,,
07:15:00,769849,210,E,FF,34.211728,-118.228265,OCEAN VIEW,18.18,298.3333333333333,111.0,115.66666666666667,71.66666666666667,,,
07:15:00,770170,210,E,FF,34.155812,-118.158089,EB 210 TO WB 134 #1,24.49,,,,,,,
07:15:00,773131,210,E,FF,34.15154,-118.146708,FAIR OAKS OFF,25.48,,,,,,,
07:15:00,775729,210,E,FF,34.155812,-118.158089,EB 210 CON,24.49,,,,,,,
07:15:00,776724,210,E,FF,34.156489,-118.158295,WINONA WAY,24.442,295.3333333333333,147.66666666666666,147.66666666666666,,,,
07:20:00,768916,210,E,FF,34.15099,-118.152369,NB 710 EXT TO EB 210,25.12,,,,,,,
07:20:00,769849,210,E,FF,34.211728,-118.228265,OCEAN VIEW,18.18,293.3333333333333,102.0,115.66666666666667,75.66666666666667,,,
07:20:00,770170,210,E,FF,34.155812,-118.158089,EB 210 TO WB 134 #1,24.49,,,,,,,
07:20:00,773131,210,E,FF,34.15154,-118.146708,FAIR OAKS OFF,25.48,,,,,,,
07:20:00,775729,210,E,FF,34.155812,-118.158089,EB 210 CON,24.49,,,,,,,
07:20:00,776724,210,E,FF,34.156489,-118.158295,WINONA WAY,24.442,289.3333333333333,149.0,140.33333333333334,,,,
07:25:00,768916,210,E,FF,34.15099,-118.152369,NB 710 EXT TO EB 210,25.12,,,,,,,
07:25:00,769849,210,E,FF,34.211728,-118.228265,OCEAN VIEW,18.18,328.0,118.33333333333333,126.66666666666667,83.0,,,
07:25:00,770170,210,E,FF,34.155812,-118.158089,EB 210 TO WB 134 #1,24.49,,,,,,,
07:25:00,773131,210,E,FF,34.15154,-118.146708,FAIR OAKS OFF,25.48,,,,,,,
07:25:00,775729,210,E,FF,34.155812,-118.158089,EB 210 CON,24.49,,,,,,,
07:25:00,776724,210,E,FF,34.156489,-118.158295,WINONA WAY,24.442,299.0,159.33333333333334,139.66666666666666,,,,
07:30:00,768916,210,E,FF,34.15099,-118.152369,NB 710 EXT TO EB 210,25.12,,,,,,,
07:30:00,769849,210,E,FF,34.211728,-118.228265,OCEAN VIEW,18.18,318.0,112.0,126.66666666666667,79.33333333333333,,,
07:30:00,770170,210,E,FF,34.155812,-118.158089,EB 210 TO WB 134 #1,24.49,,,,,,,
07:30:00,773131,210,E,FF,34.15154,-118.146708,FAIR OAKS OFF,25.48,,,,,,,
07:30:00,775729,210,E,FF,34.155812,-118.158089,EB 210 CON,24.49,,,,,,,
07:30:00,776724,210,E,FF,34.156489,-118.158295,WINONA WAY,24.442,292.0,144.66666666666666,147.33333333333334,,,,
07:35:00,768916,210,E,FF,34.15099,-118.152369,NB 710 EXT TO EB 210,25.12,,,,,,,
07:35:00,769849,210,E,FF,34.211728,-118.228265,OCEAN VIEW,18.18,341.3333333333333,122.66666666666667,135.0,83.66666666666667,,,
07:35:00,770170,210,E,FF,34.155812,-118.158089,EB 210 TO WB 134 #1,24.49,,,,,,,
07:35:00,773131,210,E,FF,34.15154,-118.146708,FAIR OAKS OFF,25.48,,,,,,,
07:35:00,775729,210,E,FF,34.155812,-118.158089,EB 210 CON,24.49,,,,,,,
07:35:00,776724,210,E,FF,34.156489,-118.158295,WINONA WAY,24.442,309.0,149.0,160.0,,,,
07:40:00,768916,210,E,FF,34.15099,-118.152369,NB 710 EXT TO EB 210,25.12,,,,,,,
07:40:00,769849,210,E,FF,34.211728,-118.228265,OCEAN VIEW,18.18,348.6666666666667,121.66666666666667,135.33333333333334,91.66666666666667,,,
07:40:00,770170,210,E,FF,34.155812,-118.158089,EB 210 TO WB 134 #1,24.49,,,,,,,
07:40:00,773131,210,E,FF,34.15154,-118.146708,FAIR OAKS OFF,25.48,,,,,,,
07:40:00,775729,210,E,FF,34.155812,-118.158089,EB 210 CON,24.49,,,,,,,
07:40:00,776724,210,E,FF,34.156489,-118.158295,WINONA WAY,24.442,331.0,164.33333333333334,166.66666666666666,,,,
07:45:00,768916,210,E,FF,34.15099,-118.152369,NB 710 EXT TO EB 210,25.12,,,,,,,
07:45:00,769849,210,E,FF,34.211728,-118.228265,OCEAN VIEW,18.18,329.0,115.0,127.33333333333333,86.66666666666667,,,
07:45:00,770170,210,E,FF,34.155812,-118.158089,EB 210 TO WB 134 #1,24.49,,,,,,,
07:45:00,773131,210,E,FF,34.15154,-118.146708,FAIR OAKS OFF,25.48,,,,,,,
07:45:00,775729,210,E,FF,34.155812,-118.158089,EB 210 CON,24.49,,,,,,,
07:45:00,776724,210,E,FF,34.156489,-118.158295,WINONA WAY,24.442,314.0,155.33333333333334,158.66666666666666,,,,
07:50:00,768916,210,E,FF,34.15099,-118.152369,NB 710 EXT TO EB 210,25.12,,,,,,,
07:50:00,769849,210,E,FF,34.211728,-118.228265,OCEAN VIEW,18.18,330.0,122.0,123.66666666666667,84.33333333333333,,,
07:50:00,770170,210,E,FF,34.155812,-118.158089,EB 210 TO WB 134 #1,24.49,,,,,,,
07:50:00,773131,210,E,FF,34.15154,-118.146708,FAIR OAKS OFF,25.48,,,,,,,
07:50:00,775729,210,E,FF,34.155812,-118.158089,EB 210 CON,24.49,,,,,,,
07:50:00,776724,210,E,FF,34.156489,-118.158295,WINONA WAY,24.442,321.6666666666667,165.0,156.66666666666666,,,,
07:55:00,768916,210,E,FF,34.15099,-118.152369,NB 710 EXT TO EB 210,25.12,,,,,,,
07:55:00,769849,210,E,FF,34.211728,-118.228265,OCEAN VIEW,18.18,309.0,109.33333333333333,122.33333333333333,77.33333333333333,,,
07:55:00,770170,210,E,FF,34.155812,-118.158089,EB 210 TO WB 134 #1,24.49,,,,,,,
07:55:00,773131,210,E,FF,34.15154,-118.146708,FAIR OAKS OFF,25.48,,,,,,,
07:55:00,775729,210,E,FF,34.155812,-118.158089,EB 210 CON,24.49,,,,,,,
07:55:00,776724,210,E,FF,34.156489,-118.158295,WINONA WAY,24.442,309.3333333333333,144.33333333333334,165.0,,,,
08:00:00,768916,210,E,FF,34.15099,-118.152369,NB 710 EXT TO EB 210,25.12,,,,,,,
08:00:00,769849,210,E,FF,34.211728,-118.228265,OCEAN VIEW,18.18,332.6666666666667,117.66666666666667,129.0,86.0,,,
08:00:00,770170,210,E,FF,34.155812,-118.158089,EB 210 TO WB 134 #1,24.49,,,,,,,
08:00:00,773131,210,E,FF,34.15154,-118.146708,FAIR OAKS OFF,25.48,,,,,,,
08:00:00,775729,210,E,FF,34.155812,-118.158089,EB 210 CON,24.49,,,,,,,
08:00:00,776724,210,E,FF,34.156489,-118.158295,WINONA WAY,24.442,310.3333333333333,145.0,165.33333333333334,,,,
08:05:00,768916,210,E,FF,34.15099,-118.152369,NB 710 EXT TO EB 210,25.12,,,,,,,
08:05:00,769849,210,E,FF,34.211728,-118.228265,OCEAN VIEW,18.18,319.6666666666667,112.33333333333333,126.0,81.33333333333333,,,
08:05:00,770170,210,E,FF,34.155812,-118.158089,EB 210 TO WB 134 #1,24.49,,,,,,,
08:05:00,773131,210,E,FF,34.15154,-118.146708,FAIR OAKS OFF,25.48,,,,,,,
08:05:00,775729,210,E,FF,34.155812,-118.158089,EB 210 CON,24.49,,,,,,,
08:05:00,776724,210,E,FF,34.156489,-118.158295,WINONA WAY,24.442,315.0,151.0,164.0,,,,
08:10:00,768916,210,E,FF,34.15099,-118.152369,NB 710 EXT TO EB 210,25.12,,,,,,,
08:10:00,769849,210,E,FF,34.211728,-118.228265,OCEAN VIEW,18.18,331.3333333333333,110.66666666666667,132.33333333333334,88.33333333333333,,,
08:10:00,770170,210,E,FF,34.155812,-118.158089,EB 210 TO WB 134 #1,24.49,,,,,,,
08:10:00,773131,210,E,FF,34.15154,-118.146708,FAIR OAKS OFF,25.48,,,,,,,
08:10:00,775729,210,E,FF,34.155812,-118.158089,EB 210 CON,24.49,,,,,,,
08:10:00,776724,210,E,FF,34.156489,-118.158295,WINONA WAY,24.442,311.0,153.0,158.0,,,,
08:15:00,768916,210,E,FF,34.15099,-118.152369,NB 710 EXT TO EB 210,25.12,,,,,,,
08:15:00,769849,210,E,FF,34.211728,-118.228265,OCEAN VIEW,18.18,314.6666666666667,109.0,124.33333333333333,81.33333333333333,,,
08:15:00,770170,210,E,FF,34.155812,-118.158089,EB 210 TO WB 134 #1,24.49,,,,,,,
08:15:00,773131,210,E,FF,34.15154,-118.146708,FAIR OAKS OFF,25.48,,,,,,,
08:15:00,775729,210,E,FF,34.155812,-118.158089,EB 210 CON,24.49,,,,,,,
08:15:00,776724,210,E,FF,34.156489,-118.158295,WINONA WAY,24.442,312.0,158.0,154.0,,,,
08:20:00,768916,210,E,FF,34.15099,-118.152369,NB 710 EXT TO EB 210,25.12,,,,,,,
08:20:00,769849,210,E,FF,34.211728,-118.228265,OCEAN VIEW,18.18,307.0,102.33333333333333,126.33333333333333,78.33333333333333,,,
08:20:00,770170,210,E,FF,34.155812,-118.158089,EB 210 TO WB 134 #1,24.49,,,,,,,
08:20:00,773131,210,E,FF,34.15154,-118.146708,FAIR OAKS OFF,25.48,,,,,,,
08:20:00,775729,210,E,FF,34.155812,-118.158089,EB 210 CON,24.49,,,,,,,
08:20:00,776724,210,E,FF,34.156489,-118.158295,WINONA WAY,24.442,315.0,157.0,158.0,,,,
08:25:00,768916,210,E,FF,34.15099,-118.152369,NB 710 EXT TO EB 210,25.12,,,,,,,
08:25:00,769849,210,E,FF,34.211728,-118.228265,OCEAN VIEW,18.18,312.0,104.33333333333333,121.66666666666667,86.0,,,
08:25:00,770170,210,E,FF,34.155812,-118.158089,EB 210 TO WB 134 #1,24.49,,,,,,,
08:25:00,773131,210,E,FF,34.15154,-118.146708,FAIR OAKS OFF,25.48,,,,,,,
08:25:00,775729,210,E,FF,34.155812,-118.158089,EB 210 CON,24.49,,,,,,,
08:25:00,776724,210,E,FF,34.156489,-118.158295,WINONA WAY,24.442,302.0,151.33333333333334,150.66666666666666,,,,
08:30:00,768916,210,E,FF,34.15099,-118.152369,NB 710 EXT TO EB 210,25.12,,,,,,,
08:30:00,769849,210,E,FF,34.211728,-118.228265,OCEAN VIEW,18.18,334.0,112.66666666666667,129.33333333333334,92.0,,,
08:30:00,770170,210,E,FF,34.155812,-118.158089,EB 210 TO WB 134 #1,24.49,,,,,,,
08:30:00,773131,210,E,FF,34.15154,-118.146708,FAIR OAKS OFF,25.48,,,,,,,
08:30:00,775729,210,E,FF,34.155812,-118.158089,EB 210 CON,24.49,,,,,,,
08:30:00,776724,210,E,FF,34.156489,-118.158295,WINONA WAY,24.442,297.3333333333333,150.33333333333334,147.0,,,,
08:35:00,768916,210,E,FF,34.15099,-118.152369,NB 710 EXT TO EB 210,25.12,,,,,,,
08:35:00,769849,210,E,FF,34.211728,-118.228265,OCEAN VIEW,18.18,314.0,106.0,126.33333333333333,81.66666666666667,,,
08:35:00,770170,210,E,FF,34.155812,-118.158089,EB 210 TO WB 134 #1,24.49,,,,,,,
08:35:00,773131,210,E,FF,34.15154,-118.146708,FAIR OAKS OFF,25.48,,,,,,,
08:35:00,775729,210,E,FF,34.155812,-118.158089,EB 210 CON,24.49,,,,,,,
08:35:00,776724,210,E,FF,34.156489,-118.158295,WINONA WAY,24.442,270.3333333333333,137.33333333333334,133.0,,,,
08:40:00,768916,210,E,FF,34.15099,-118.152369,NB 710 EXT TO EB 210,25.12,,,,,,,
08:40:00,769849,210,E,FF,34.211728,-118.228265,OCEAN VIEW,18.18,326.6666666666667,109.0,128.66666666666666,89.0,,,
08:40:00,770170,210,E,FF,34.155812,-118.158089,EB 210 TO WB 134 #1,24.49,,,,,,,
08:40:00,773131,210,E,FF,34.15154,-118.146708,FAIR OAKS OFF,25.48,,,,,,,
08:40:00,775729,210,E,FF,34.155812,-118.158089,EB 210 CON,24.49,,,,,,,
08:40:00,776724,210,E,FF,34.156489,-118.158295,WINONA WAY,24.442,283.3333333333333,144.66666666666666,138.66666666666666,,,,
08:45:00,768916,210,E,FF,34.15099,-118.152369,NB 710 EXT TO EB 210,25.12,,,,,,,
08:45:00,769849,210,E,FF,34.211728,-118.228265,OCEAN VIEW,18.18,287.6666666666667,93.66666666666667,116.33333333333333,77.66666666666667,,,
08:45:00,770170,210,E,FF,34.155812,-118.158089,EB 210 TO WB 134 #1,24.49,,,,,,,
08:45:00,773131,210,E,FF,34.15154,-118.146708,FAIR OAKS OFF,25.48,,,,,,,
08:45:00,775729,210,E,FF,34.155812,-118.158089,EB 210 CON,24.49,,,,,,,
08:45:00,776724,210,E,FF,34.156489,-118.158295,WINONA WAY,24.442,263.6666666666667,137.33333333333334,126.33333333333333,,,,
08:50:00,768916,210,E,FF,34.15099,-118.152369,NB 710 EXT TO EB 210,25.12,,,,,,,
08:50:00,769849,210,E,FF,34.211728,-118.228265,OCEAN VIEW,18.18,286.0,99.33333333333333,114.66666666666667,72.0,,,
08:50:00,770170,210,E,FF,34.155812,-118.158089,EB 210 TO WB 134 #1,24.49,,,,,,,
08:50:00,773131,210,E,FF,34.15154,-118.146708,FAIR OAKS OFF,25.48,,,,,,,
08:50:00,775729,210,E,FF,34.155812,-118.158089,EB 210 CON,24.49,,,,,,,
08:50:00,776724,210,E,FF,34.156489,-118.158295,WINONA WAY,24.442,260.0,134.0,126.0,,,,
08:55:00,768916,210,E,FF,34.15099,-118.152369,NB 710 EXT TO EB 210,25.12,,,,,,,
08:55:00,769849,210,E,FF,34.211728,-118.228265,OCEAN VIEW,18.18,283.3333333333333,95.0,113.0,75.33333333333333,,,
08:55:00,770170,210,E,FF,34.155812,-118.158089,EB 210 TO WB 134 #1,24.49,,,,,,,
08:55:00,773131,210,E,FF,34.15154,-118.146708,FAIR OAKS OFF,25.48,,,,,,,
08:55:00,775729,210,E,FF,34.155812,-118.158089,EB 210 CON,24.49,,,,,,,
08:55:00,776724,210,E,FF,34.156489,-118.158295,WINONA WAY,24.442,254.33333333333334,128.66666666666666,125.66666666666667,,,,
09:00:00,768916,210,E,FF,34.15099,-118.152369,NB 710 EXT TO EB 210,25.12,,,,,,,
09:00:00,769849,210,E,FF,34.211728,-118.228265,OCEAN VIEW,18.18,257.6666666666667,76.0,105.0,76.66666666666667,,,
09:00:00,770170,210,E,FF,34.155812,-118.158089,EB 210 TO WB 134 #1,24.49,,,,,,,
09:00:00,773131,210,E,FF,34.15154,-118.146708,FAIR OAKS OFF,25.48,,,,,,,
09:00:00,775729,210,E,FF,34.155812,-118.158089,EB 210 CON,24.49,,,,,,,
09:00:00,776724,210,E,FF,34.156489,-118.158295,WINONA WAY,24.442,253.66666666666666,136.33333333333334,117.33333333333333,,,,
09:05:00,768916,210,E,FF,34.15099,-118.152369,NB 710 EXT TO EB 210,25.12,,,,,,,
09:05:00,769849,210,E,FF,34.211728,-118.228265,OCEAN VIEW,18.18,272.0,88.33333333333333,110.0,73.66666666666667,,,
09:05:00,770170,210,E,FF,34.155812,-118.158089,EB 210 TO WB 134 #1,24.49,,,,,,,
09:05:00,773131,210,E,FF,34.15154,-118.146708,FAIR OAKS OFF,25.48,,,,,,,
09:05:00,775729,210,E,FF,34.155812,-118.158089,EB 210 CON,24.49,,,,,,,
09:05:00,776724,210,E,FF,34.156489,-118.158295,WINONA WAY,24.442,267.0,139.0,128.0,,,,
09:10:00,768916,210,E,FF,34.15099,-118.152369,NB 710 EXT TO EB 210,25.12,,,,,,,
09:10:00,769849,210,E,FF,34.211728,-118.228265,OCEAN VIEW,18.18,256.3333333333333,84.0,107.66666666666667,64.66666666666667,,,
09:10:00,770170,210,E,FF,34.155812,-118.158089,EB 210 TO WB 134 #1,24.49,,,,,,,
09:10:00,773131,210,E,FF,34.15154,-118.146708,FAIR OAKS OFF,25.48,,,,,,,
09:10:00,775729,210,E,FF,34.155812,-118.158089,EB 210 CON,24.49,,,,,,,
09:10:00,776724,210,E,FF,34.156489,-118.158295,WINONA WAY,24.442,287.6666666666667,145.0,142.66666666666666,,,,
09:15:00,768916,210,E,FF,34.15099,-118.152369,NB 710 EXT TO EB 210,25.12,,,,,,,
09:15:00,769849,210,E,FF,34.211728,-118.228265,OCEAN VIEW,18.18,255.33333333333334,77.0,106.66666666666667,71.66666666666667,,,
09:15:00,770170,210,E,FF,34.155812,-118.158089,EB 210 TO WB 134 #1,24.49,,,,,,,
09:15:00,773131,210,E,FF,34.15154,-118.146708,FAIR OAKS OFF,25.48,,,,,,,
09:15:00,775729,210,E,FF,34.155812,-118.158089,EB 210 CON,24.49,,,,,,,
09:15:00,776724,210,E,FF,34.156489,-118.158295,WINONA WAY,24.442,275.3333333333333,138.66666666666666,136.66666666666666,,,,
09:20:00,768916,210,E,FF,34.15099,-118.152369,NB 710 EXT TO EB 210,25.12,,,,,,,
09:20:00,769849,210,E,FF,34.211728,-118.228265,OCEAN VIEW,18.18,260.3333333333333,81.33333333333333,110.0,69.0,,,
09:20:00,770170,210,E,FF,34.155812,-118.158089,EB 210 TO WB 134 #1,24.49,,,,,,,
09:20:00,773131,210,E,FF,34.15154,-118.146708,FAIR OAKS OFF,25.48,,,,,,,
09:20:00,775729,210,E,FF,34.155812,-118.158089,EB 210 CON,24.49,,,,,,,
09:20:00,776724,210,E,FF,34.156489,-118.158295,WINONA WAY,24.442,268.0,137.66666666666666,130.33333333333334,,,,
09:25:00,768916,210,E,FF,34.15099,-118.152369,NB 710 EXT TO EB 210,25.12,,,,,,,
09:25:00,769849,210,E,FF,34.211728,-118.228265,OCEAN VIEW,18.18,262.0,75.0,117.33333333333333,69.66666666666667,,,
09:25:00,770170,210,E,FF,34.155812,-118.158089,EB 210 TO WB 134 #1,24.49,,,,,,,
09:25:00,773131,210,E,FF,34.15154,-118.146708,FAIR OAKS OFF,25.48,,,,,,,
09:25:00,775729,210,E,FF,34.155812,-118.158089,EB 210 CON,24.49,,,,,,,
09:25:00,776724,210,E,FF,34.156489,-118.158295,WINONA WAY,24.442,282.6666666666667,148.66666666666666,134.0,,,,
09:30:00,768916,210,E,FF,34.15099,-118.152369,NB 710 EXT TO EB 210,25.12,,,,,,,
09:30:00,769849,210,E,FF,34.211728,-118.228265,OCEAN VIEW,18.18,259.0,79.0,105.33333333333333,74.66666666666667,,,
09:30:00,770170,210,E,FF,34.155812,-118.158089,EB 210 TO WB 134 #1,24.49,,,,,,,
09:30:00,773131,210,E,FF,34.15154,-118.146708,FAIR OAKS OFF,25.48,,,,,,,
09:30:00,775729,210,E,FF,34.155812,-118.158089,EB 210 CON,24.49,,,,,,,
09:30:00,776724,210,E,FF,34.156489,-118.158295,WINONA WAY,24.442,258.6666666666667,134.66666666666666,124.0,,,,
09:35:00,768916,210,E,FF,34.15099,-118.152369,NB 710 EXT TO EB 210,25.12,,,,,,,
09:35:00,769849,210,E,FF,34.211728,-118.228265,OCEAN VIEW,18.18,251.0,71.33333333333333,106.33333333333333,73.33333333333333,,,
09:35:00,770170,210,E,FF,34.155812,-118.158089,EB 210 TO WB 134 #1,24.49,,,,,,,
09:35:00,773131,210,E,FF,34.15154,-118.146708,FAIR OAKS OFF,25.48,,,,,,,
09:35:00,775729,210,E,FF,34.155812,-118.158089,EB 210 CON,24.49,,,,,,,
09:35:00,776724,210,E,FF,34.156489,-118.158295,WINONA WAY,24.442,252.33333333333334,135.66666666666666,116.66666666666667,,,,
09:40:00,768916,210,E,FF,34.15099,-118.152369,NB 710 EXT TO EB 210,25.12,,,,,,,
09:40:00,769849,210,E,FF,34.211728,-118.228265,OCEAN VIEW,18.18,271.0,82.66666666666667,117.33333333333333,71.0,,,
09:40:00,770170,210,E,FF,34.155812,-118.158089,EB 210 TO WB 134 #1,24.49,,,,,,,
09:40:00,773131,210,E,FF,34.15154,-118.146708,FAIR OAKS OFF,25.48,,,,,,,
09:40:00,775729,210,E,FF,34.155812,-118.158089,EB 210 CON,24.49,,,,,,,
09:40:00,776724,210,E,FF,34.156489,-118.158295,WINONA WAY,24.442,274.0,137.33333333333334,136.66666666666666,,,,
09:45:00,768916,210,E,FF,34.15099,-118.152369,NB 710 EXT TO EB 210,25.12,,,,,,,
09:45:00,769849,210,E,FF,34.211728,-118.228265,OCEAN VIEW,18.18,260.0,77.33333333333333,108.33333333333333,74.33333333333333,,,
09:45:00,770170,210,E,FF,34.155812,-118.158089,EB 210 TO WB 134 #1,24.49,,,,,,,
09:45:00,773131,210,E,FF,34.15154,-118.146708,FAIR OAKS OFF,25.48,,,,,,,
09:45:00,775729,210,E,FF,34.155812,-118.158089,EB 210 CON,24.49,,,,,,,
09:45:00,776724,210,E,FF,34.156489,-118.158295,WINONA WAY,24.442,270.0,139.33333333333334,130.66666666666666,,,,
09:50:00,768916,210,E,FF,34.15099,-118.152369,NB 710 EXT TO EB 210,25.12,,,,,,,
09:50:00,769849,210,E,FF,34.211728,-118.228265,OCEAN VIEW,18.18,260.3333333333333,74.0,108.66666666666667,77.66666666666667,,,
09:50:00,770170,210,E,FF,34.155812,-118.158089,EB 210 TO WB 134 #1,24.49,,,,,,,
09:50:00,773131,210,E,FF,34.15154,-118.146708,FAIR OAKS OFF,25.48,,,,,,,
09:50:00,775729,210,E,FF,34.155812,-118.158089,EB 210 CON,24.49,,,,,,,
09:50:00,776724,210,E,FF,34.156489,-118.158295,WINONA WAY,24.442,264.3333333333333,135.33333333333334,129.0,,,,
09:55:00,768916,210,E,FF,34.15099,-118.152369,NB 710 EXT TO EB 210,25.12,,,,,,,
09:55:00,769849,210,E,FF,34.211728,-118.228265,OCEAN VIEW,18.18,238.66666666666666,66.33333333333333,108.0,64.33333333333333,,,
09:55:00,770170,210,E,FF,34.155812,-118.158089,EB 210 TO WB 134 #1,24.49,,,,,,,
09:55:00,773131,210,E,FF,34.15154,-118.146708,FAIR OAKS OFF,25.48,,,,,,,
09:55:00,775729,210,E,FF,34.155812,-118.158089,EB 210 CON,24.49,,,,,,,
09:55:00,776724,210,E,FF,34.156489,-118.158295,WINONA WAY,24.442,247.66666666666666,127.0,120.66666666666667,,,,
10:00:00,768916,210,E,FF,34.15099,-118.152369,NB 710 EXT TO EB 210,25.12,,,,,,,
10:00:00,769849,210,E,FF,34.211728,-118.228265,OCEAN VIEW,18.18,239.33333333333334,58.333333333333336,109.66666666666667,71.33333333333333,,,
10:00:00,770170,210,E,FF,34.155812,-118.158089,EB 210 TO WB 134 #1,24.49,,,,,,,
10:00:00,773131,210,E,FF,34.15154,-118.146708,FAIR OAKS OFF,25.48,,,,,,,
10:00:00,775729,210,E,FF,34.155812,-118.158089,EB 210 CON,24.49,,,,,,,
10:00:00,776724,210,E,FF,34.156489,-118.158295,WINONA WAY,24.442,233.0,113.33333333333333,119.66666666666667,,,,
10:05:00,768916,210,E,FF,34.15099,-118.152369,NB 710 EXT TO EB 210,25.12,,,,,,,
10:05:00,769849,210,E,FF,34.211728,-118.228265,OCEAN VIEW,18.18,245.33333333333334,66.0,110.0,69.33333333333333,,,
10:05:00,770170,210,E,FF,34.155812,-118.158089,EB 210 TO WB 134 #1,24.49,,,,,,,
10:05:00,773131,210,E,FF,34.15154,-118.146708,FAIR OAKS OFF,25.48,,,,,,,
10:05:00,775729,210,E,FF,34.155812,-118.158089,EB 210 CON,24.49,,,,,,,
10:05:00,776724,210,E,FF,34.156489,-118.158295,WINONA WAY,24.442,245.66666666666666,138.33333333333334,107.33333333333333,,,,
10:10:00,768916,210,E,FF,34.15099,-118.152369,NB 710 EXT TO EB 210,25.12,,,,,,,
10:10:00,769849,210,E,FF,34.211728,-118.228265,OCEAN VIEW,18.18,233.33333333333334,67.0,106.66666666666667,59.666666666666664,,,
10:10:00,770170,210,E,FF,34.155812,-118.158089,EB 210 TO WB 134 #1,24.49,,,,,,,
10:10:00,773131,210,E,FF,34.15154,-118.146708,FAIR OAKS OFF,25.48,,,,,,,
10:10:00,775729,210,E,FF,34.155812,-118.158089,EB 210 CON,24.49,,,,,,,
10:10:00,776724,210,E,FF,34.156489,-118.158295,WINONA WAY,24.442,248.66666666666666,134.33333333333334,114.33333333333333,,,,
10:15:00,768916,210,E,FF,34.15099,-118.152369,NB 710 EXT TO EB 210,25.12,,,,,,,
10:15:00,769849,210,E,FF,34.211728,-118.228265,OCEAN VIEW,18.18,241.66666666666666,74.0,107.33333333333333,60.333333333333336,,,
10:15:00,770170,210,E,FF,34.155812,-118.158089,EB 210 TO WB 134 #1,24.49,,,,,,,
10:15:00,773131,210,E,FF,34.15154,-118.146708,FAIR OAKS OFF,25.48,,,,,,,
10:15:00,775729,210,E,FF,34.155812,-118.158089,EB 210 CON,24.49,,,,,,,
10:15:00,776724,210,E,FF,34.156489,-118.158295,WINONA WAY,24.442,252.0,134.66666666666666,117.33333333333333,,,,
10:20:00,768916,210,E,FF,34.15099,-118.152369,NB 710 EXT TO EB 210,25.12,,,,,,,
10:20:00,769849,210,E,FF,34.211728,-118.228265,OCEAN VIEW,18.18,225.33333333333334,63.666666666666664,101.66666666666667,60.0,,,
10:20:00,770170,210,E,FF,34.155812,-118.158089,EB 210 TO WB 134 #1,24.49,,,,,,,
10:20:00,773131,210,E,FF,34.15154,-118.146708,FAIR OAKS OFF,25.48,,,,,,,
10:20:00,775729,210,E,FF,34.155812,-118.158089,EB 210 CON,24.49,,,,,,,
10:20:00,776724,210,E,FF,34.156489,-118.158295,WINONA WAY,24.442,257.0,132.0,125.0,,,,
10:25:00,768916,210,E,FF,34.15099,-118.152369,NB 710 EXT TO EB 210,25.12,,,,,,,
10:25:00,769849,210,E,FF,34.211728,-118.228265,OCEAN VIEW,18.18,239.33333333333334,61.333333333333336,111.33333333333333,66.66666666666667,,,
10:25:00,770170,210,E,FF,34.155812,-118.158089,EB 210 TO WB 134 #1,24.49,,,,,,,
10:25:00,773131,210,E,FF,34.15154,-118.146708,FAIR OAKS OFF,25.48,,,,,,,
10:25:00,775729,210,E,FF,34.155812,-118.158089,EB 210 CON,24.49,,,,,,,
10:25:00,776724,210,E,FF,34.156489,-118.158295,WINONA WAY,24.442,257.0,135.0,122.0,,,,
10:30:00,768916,210,E,FF,34.15099,-118.152369,NB 710 EXT TO EB 210,25.12,,,,,,,
10:30:00,769849,210,E,FF,34.211728,-118.228265,OCEAN VIEW,18.18,251.0,73.33333333333333,110.33333333333333,67.33333333333333,,,
10:30:00,770170,210,E,FF,34.155812,-118.158089,EB 210 TO WB 134 #1,24.49,,,,,,,
10:30:00,773131,210,E,FF,34.15154,-118.146708,FAIR OAKS OFF,25.48,,,,,,,
10:30:00,775729,210,E,FF,34.155812,-118.158089,EB 210 CON,24.49,,,,,,,
10:30:00,776724,210,E,FF,34.156489,-118.158295,WINONA WAY,24.442,275.6666666666667,145.33333333333334,130.33333333333334,,,,
10:35:00,768916,210,E,FF,34.15099,-118.152369,NB 710 EXT TO EB 210,25.12,,,,,,,
10:35:00,769849,210,E,FF,34.211728,-118.228265,OCEAN VIEW,18.18,246.33333333333334,70.0,104.0,72.33333333333333,,,
10:35:00,770170,210,E,FF,34.155812,-118.158089,EB 210 TO WB 134 #1,24.49,,,,,,,
10:35:00,773131,210,E,FF,34.15154,-118.146708,FAIR OAKS OFF,25.48,,,,,,,
10:35:00,775729,210,E,FF,34.155812,-118.158089,EB 210 CON,24.49,,,,,,,
10:35:00,776724,210,E,FF,34.156489,-118.158295,WINONA WAY,24.442,245.0,125.66666666666667,119.33333333333333,,,,
10:40:00,768916,210,E,FF,34.15099,-118.152369,NB 710 EXT TO EB 210,25.12,,,,,,,
10:40:00,769849,210,E,FF,34.211728,-118.228265,OCEAN VIEW,18.18,229.33333333333334,53.666666666666664,106.66666666666667,69.0,,,
10:40:00,770170,210,E,FF,34.155812,-118.158089,EB 210 TO WB 134 #1,24.49,,,,,,,
10:40:00,773131,210,E,FF,34.15154,-118.146708,FAIR OAKS OFF,25.48,,,,,,,
10:40:00,775729,210,E,FF,34.155812,-118.158089,EB 210 CON,24.49,,,,,,,
10:40:00,776724,210,E,FF,34.156489,-118.158295,WINONA WAY,24.442,269.6666666666667,142.33333333333334,127.33333333333333,,,,
10:45:00,768916,210,E,FF,34.15099,-118.152369,NB 710 EXT TO EB 210,25.12,,,,,,,
10:45:00,769849,210,E,FF,34.211728,-118.228265,OCEAN VIEW,18.18,217.0,55.666666666666664,94.33333333333333,67.0,,,
10:45:00,770170,210,E,FF,34.155812,-118.158089,EB 210 TO WB 134 #1,24.49,,,,,,,
10:45:00,773131,210,E,FF,34.15154,-118.146708,FAIR OAKS OFF,25.48,,,,,,,
10:45:00,775729,210,E,FF,34.155812,-118.158089,EB 210 CON,24.49,,,,,,,
10:45:00,776724,210,E,FF,34.156489,-118.158295,WINONA WAY,24.442,261.6666666666667,145.0,116.66666666666667,,,,
10:50:00,768916,210,E,FF,34.15099,-118.152369,NB 710 EXT TO EB 210,25.12,,,,,,,
10:50:00,769849,210,E,FF,34.211728,-118.228265,OCEAN VIEW,18.18,232.33333333333334,59.666666666666664,106.66666666666667,66.0,,,
10:50:00,770170,210,E,FF,34.155812,-118.158089,EB 210 TO WB 134 #1,24.49,,,,,,,
10:50:00,773131,210,E,FF,34.15154,-118.146708,FAIR OAKS OFF,25.48,,,,,,,
10:50:00,775729,210,E,FF,34.155812,-118.158089,EB 210 CON,24.49,,,,,,,
10:50:00,776724,210,E,FF,34.156489,-118.158295,WINONA WAY,24.442,236.33333333333334,125.33333333333333,111.0,,,,
10:55:00,768916,210,E,FF,34.15099,-118.152369,NB 710 EXT TO EB 210,25.12,,,,,,,
10:55:00,769849,210,E,FF,34.211728,-118.228265,OCEAN VIEW,18.18,224.66666666666666,59.333333333333336,103.0,62.333333333333336,,,
10:55:00,770170,210,E,FF,34.155812,-118.158089,EB 210 TO WB 134 #1,24.49,,,,,,,
10:55:00,773131,210,E,FF,34.15154,-118.146708,FAIR OAKS OFF,25.48,,,,,,,
10:55:00,775729,210,E,FF,34.155812,-118.158089,EB 210 CON,24.49,,,,,,,
10:55:00,776724,210,E,FF,34.156489,-118.158295,WINONA WAY,24.442,262.6666666666667,135.66666666666666,127.0,,,,
11:00:00,768916,210,E,FF,34.15099,-118.152369,NB 710 EXT TO EB 210,25.12,,,,,,,
11:00:00,769849,210,E,FF,34.211728,-118.228265,OCEAN VIEW,18.18,212.0,57.666666666666664,95.0,59.333333333333336,,,
11:00:00,770170,210,E,FF,34.155812,-118.158089,EB 210 TO WB 134 #1,24.49,,,,,,,
11:00:00,773131,210,E,FF,34.15154,-118.146708,FAIR OAKS OFF,25.48,,,,,,,
11:00:00,775729,210,E,FF,34.155812,-118.158089,EB 210 CON,24.49,,,,,,,
11:00:00,776724,210,E,FF,34.156489,-118.158295,WINONA WAY,24.442,265.0,125.33333333333333,139.66666666666666,,,,
11:05:00,768916,210,E,FF,34.15099,-118.152369,NB 710 EXT TO EB 210,25.12,,,,,,,
11:05:00,769849,210,E,FF,34.211728,-118.228265,OCEAN VIEW,18.18,199.0,51.333333333333336,90.66666666666667,57.0,,,
11:05:00,770170,210,E,FF,34.155812,-118.158089,EB 210 TO WB 134 #1,24.49,,,,,,,
11:05:00,773131,210,E,FF,34.15154,-118.146708,FAIR OAKS OFF,25.48,,,,,,,
11:05:00,775729,210,E,FF,34.155812,-118.158089,EB 210 CON,24.49,,,,,,,
11:05:00,776724,210,E,FF,34.156489,-118.158295,WINONA WAY,24.442,267.3333333333333,136.66666666666666,130.66666666666666,,,,
11:10:00,768916,210,E,FF,34.15099,-118.152369,NB 710 EXT TO EB 210,25.12,,,,,,,
11:10:00,769849,210,E,FF,34.211728,-118.228265,OCEAN VIEW,18.18,182.33333333333334,47.333333333333336,83.66666666666667,51.333333333333336,,,
11:10:00,770170,210,E,FF,34.155812,-118.158089,EB 210 TO WB 134 #1,24.49,,,,,,,
11:10:00,773131,210,E,FF,34.15154,-118.146708,FAIR OAKS OFF,25.48,,,,,,,
11:10:00,775729,210,E,FF,34.155812,-118.158089,EB 210 CON,24.49,,,,,,,
11:10:00,776724,210,E,FF,34.156489,-118.158295,WINONA WAY,24.442,211.0,106.66666666666667,104.33333333333333,,,,
11:15:00,768916,210,E,FF,34.15099,-118.152369,NB 710 EXT TO EB 210,25.12,,,,,,,
11:15:00,769849,210,E,FF,34.211728,-118.228265,OCEAN VIEW,18.18,179.33333333333334,47.0,79.0,53.333333333333336,,,
11:15:00,770170,210,E,FF,34.155812,-118.158089,EB 210 TO WB 134 #1,24.49,,,,,,,
11:15:00,773131,210,E,FF,34.15154,-118.146708,FAIR OAKS OFF,25.48,,,,,,,
11:15:00,775729,210,E,FF,34.155812,-118.158089,EB 210 CON,24.49,,,,,,,
11:15:00,776724,210,E,FF,34.156489,-118.158295,WINONA WAY,24.442,243.66666666666666,128.33333333333334,115.33333333333333,,,,
11:20:00,768916,210,E,FF,34.15099,-118.152369,NB 710 EXT TO EB 210,25.12,,,,,,,
11:20:00,769849,210,E,FF,34.211728,-118.228265,OCEAN VIEW,18.18,195.33333333333334,49.0,90.33333333333333,56.0,,,
11:20:00,770170,210,E,FF,34.155812,-118.158089,EB 210 TO WB 134 #1,24.49,,,,,,,
11:20:00,773131,210,E,FF,34.15154,-118.146708,FAIR OAKS OFF,25.48,,,,,,,
11:20:00,775729,210,E,FF,34.155812,-118.158089,EB 210 CON,24.49,,,,,,,
11:20:00,776724,210,E,FF,34.156489,-118.158295,WINONA WAY,24.442,239.0,129.66666666666666,109.33333333333333,,,,
11:25:00,768916,210,E,FF,34.15099,-118.152369,NB 710 EXT TO EB 210,25.12,,,,,,,
11:25:00,769849,210,E,FF,34.211728,-118.228265,OCEAN VIEW,18.18,174.0,43.333333333333336,79.33333333333333,51.333333333333336,,,
11:25:00,770170,210,E,FF,34.155812,-118.158089,EB 210 TO WB 134 #1,24.49,,,,,,,
11:25:00,773131,210,E,FF,34.15154,-118.146708,FAIR OAKS OFF,25.48,,,,,,,
11:25:00,775729,210,E,FF,34.155812,-118.158089,EB 210 CON,24.49,,,,,,,
11:25:00,776724,210,E,FF,34.156489,-118.158295,WINONA WAY,24.442,273.3333333333333,136.33333333333334,137.0,,,,
11:30:00,768916,210,E,FF,34.15099,-118.152369,NB 710 EXT TO EB 210,25.12,,,,,,,
11:30:00,769849,210,E,FF,34.211728,-118.228265,OCEAN VIEW,18.18,151.66666666666666,36.666666666666664,70.0,45.0,,,
11:30:00,770170,210,E,FF,34.155812,-118.158089,EB 210 TO WB 134 #1,24.49,,,,,,,
11:30:00,773131,210,E,FF,34.15154,-118.146708,FAIR OAKS OFF,25.48,,,,,,,
11:30:00,775729,210,E,FF,34.155812,-118.158089,EB 210 CON,24.49,,,,,,,
11:30:00,776724,210,E,FF,34.156489,-118.158295,WINONA WAY,24.442,262.6666666666667,143.33333333333334,119.33333333333333,,,,
11:35:00,768916,210,E,FF,34.15099,-118.152369,NB 710 EXT TO EB 210,25.12,,,,,,,
11:35:00,769849,210,E,FF,34.211728,-118.228265,OCEAN VIEW,18.18,164.66666666666666,44.0,77.0,43.666666666666664,,,
11:35:00,770170,210,E,FF,34.155812,-118.158089,EB 210 TO WB 134 #1,24.49,,,,,,,
11:35:00,773131,210,E,FF,34.15154,-118.146708,FAIR OAKS OFF,25.48,,,,,,,
11:35:00,775729,210,E,FF,34.155812,-118.158089,EB 210 CON,24.49,,,,,,,
11:35:00,776724,210,E,FF,34.156489,-118.158295,WINONA WAY,24.442,250.66666666666666,129.33333333333334,121.33333333333333,,,,
11:40:00,768916,210,E,FF,34.15099,-118.152369,NB 710 EXT TO EB 210,25.12,,,,,,,
11:40:00,769849,210,E,FF,34.211728,-118.228265,OCEAN VIEW,18.18,147.33333333333334,40.666666666666664,68.33333333333333,38.333333333333336,,,
11:40:00,770170,210,E,FF,34.155812,-118.158089,EB 210 TO WB 134 #1,24.49,,,,,,,
11:40:00,773131,210,E,FF,34.15154,-118.146708,FAIR OAKS OFF,25.48,,,,,,,
11:40:00,775729,210,E,FF,34.155812,-118.158089,EB 210 CON,24.49,,,,,,,
11:40:00,776724,210,E,FF,34.156489,-118.158295,WINONA WAY,24.442,261.6666666666667,135.0,126.66666666666667,,,,
11:45:00,768916,210,E,FF,34.15099,-118.152369,NB 710 EXT TO EB 210,25.12,,,,,,,
11:45:00,769849,210,E,FF,34.211728,-118.228265,OCEAN VIEW,18.18,167.0,40.666666666666664,78.66666666666667,47.666666666666664,,,
11:45:00,770170,210,E,FF,34.155812,-118.158089,EB 210 TO WB 134 #1,24.49,,,,,,,
11:45:00,773131,210,E,FF,34.15154,-118.146708,FAIR OAKS OFF,25.48,,,,,,,
11:45:00,775729,210,E,FF,34.155812,-118.158089,EB 210 CON,24.49,,,,,,,
11:45:00,776724,210,E,FF,34.156489,-118.158295,WINONA WAY,24.442,262.0,132.0,130.0,,,,
11:50:00,768916,210,E,FF,34.15099,-118.152369,NB 710 EXT TO EB 210,25.12,,,,,,,
11:50:00,769849,210,E,FF,34.211728,-118.228265,OCEAN VIEW,18.18,165.33333333333334,44.333333333333336,77.33333333333333,43.666666666666664,,,
11:50:00,770170,210,E,FF,34.155812,-118.158089,EB 210 TO WB 134 #1,24.49,,,,,,,
11:50:00,773131,210,E,FF,34.15154,-118.146708,FAIR OAKS OFF,25.48,,,,,,,
11:50:00,775729,210,E,FF,34.155812,-118.158089,EB 210 CON,24.49,,,,,,,
11:50:00,776724,210,E,FF,34.156489,-118.158295,WINONA WAY,24.442,245.66666666666666,126.33333333333333,119.33333333333333,,,,
11:55:00,768916,210,E,FF,34.15099,-118.152369,NB 710 EXT TO EB 210,25.12,,,,,,,
11:55:00,769849,210,E,FF,34.211728,-118.228265,OCEAN VIEW,18.18,154.0,41.0,71.33333333333333,41.666666666666664,,,
11:55:00,770170,210,E,FF,34.155812,-118.158089,EB 210 TO WB 134 #1,24.49,,,,,,,
11:55:00,773131,210,E,FF,34.15154,-118.146708,FAIR OAKS OFF,25.48,,,,,,,
11:55:00,775729,210,E,FF,34.155812,-118.158089,EB 210 CON,24.49,,,,,,,
11:55:00,776724,210,E,FF,34.156489,-118.158295,WINONA WAY,24.442,243.33333333333334,134.33333333333334,109.0,,,,
12:00:00,768916,210,E,FF,34.15099,-118.152369,NB 710 EXT TO EB 210,25.12,,,,,,,
12:00:00,769849,210,E,FF,34.211728,-118.228265,OCEAN VIEW,18.18,146.66666666666666,38.333333333333336,70.66666666666667,37.666666666666664,,,
12:00:00,770170,210,E,FF,34.155812,-118.158089,EB 210 TO WB 134 #1,24.49,,,,,,,
12:00:00,773131,210,E,FF,34.15154,-118.146708,FAIR OAKS OFF,25.48,,,,,,,
12:00:00,775729,210,E,FF,34.155812,-118.158089,EB 210 CON,24.49,,,,,,,
12:00:00,776724,210,E,FF,34.156489,-118.158295,WINONA WAY,24.442,245.66666666666666,131.0,114.66666666666667,,,,
12:05:00,768916,210,E,FF,34.15099,-118.152369,NB 710 EXT TO EB 210,25.12,,,,,,,
12:05:00,769849,210,E,FF,34.211728,-118.228265,OCEAN VIEW,18.18,163.33333333333334,35.333333333333336,77.0,51.0,,,
12:05:00,770170,210,E,FF,34.155812,-118.158089,EB 210 TO WB 134 #1,24.49,,,,,,,
12:05:00,773131,210,E,FF,34.15154,-118.146708,FAIR OAKS OFF,25.48,,,,,,,
12:05:00,775729,210,E,FF,34.155812,-118.158089,EB 210 CON,24.49,,,,,,,
12:05:00,776724,210,E,FF,34.156489,-118.158295,WINONA WAY,24.442,252.66666666666666,134.66666666666666,118.0,,,,
12:10:00,768916,210,E,FF,34.15099,-118.152369,NB 710 EXT TO EB 210,25.12,,,,,,,
12:10:00,769849,210,E,FF,34.211728,-118.228265,OCEAN VIEW,18.18,164.0,38.0,76.66666666666667,49.333333333333336,,,
12:10:00,770170,210,E,FF,34.155812,-118.158089,EB 210 TO WB 134 #1,24.49,,,,,,,
12:10:00,773131,210,E,FF,34.15154,-118.146708,FAIR OAKS OFF,25.48,,,,,,,
12:10:00,775729,210,E,FF,34.155812,-118.158089,EB 210 CON,24.49,,,,,,,
12:10:00,776724,210,E,FF,34.156489,-118.158295,WINONA WAY,24.442,262.6666666666667,139.33333333333334,123.33333333333333,,,,
12:15:00,768916,210,E,FF,34.15099,-118.152369,NB 710 EXT TO EB 210,25.12,,,,,,,
12:15:00,769849,210,E,FF,34.211728,-118.228265,OCEAN VIEW,18.18,150.66666666666666,38.333333333333336,72.66666666666667,39.666666666666664,,,
12:15:00,770170,210,E,FF,34.155812,-118.158089,EB 210 TO WB 134 #1,24.49,,,,,,,
12:15:00,773131,210,E,FF,34.15154,-118.146708,FAIR OAKS OFF,25.48,,,,,,,
12:15:00,775729,210,E,FF,34.155812,-118.158089,EB 210 CON,24.49,,,,,,,
12:15:00,776724,210,E,FF,34.156489,-118.158295,WINONA WAY,24.442,231.66666666666666,121.0,110.66666666666667,,,,
12:20:00,768916,210,E,FF,34.15099,-118.152369,NB 710 EXT TO EB 210,25.12,,,,,,,
12:20:00,769849,210,E,FF,34.211728,-118.228265,OCEAN VIEW,18.18,155.66666666666666,38.0,74.0,43.666666666666664,,,
12:20:00,770170,210,E,FF,34.155812,-118.158089,EB 210 TO WB 134 #1,24.49,,,,,,,
12:20:00,773131,210,E,FF,34.15154,-118.146708,FAIR OAKS OFF,25.48,,,,,,,
12:20:00,775729,210,E,FF,34.155812,-118.158089,EB 210 CON,24.49,,,,,,,
12:20:00,776724,210,E,FF,34.156489,-118.158295,WINONA WAY,24.442,236.66666666666666,118.66666666666667,118.0,,,,
12:25:00,768916,210,E,FF,34.15099,-118.152369,NB 710 EXT TO EB 210,25.12,,,,,,,
12:25:00,769849,210,E,FF,34.211728,-118.228265,OCEAN VIEW,18.18,163.0,41.666666666666664,75.0,46.333333333333336,,,
12:25:00,770170,210,E,FF,34.155812,-118.158089,EB 210 TO WB 134 #1,24.49,,,,,,,
12:25:00,773131,210,E,FF,34.15154,-118.146708,FAIR OAKS OFF,25.48,,,,,,,
12:25:00,775729,210,E,FF,34.155812,-118.158089,EB 210 CON,24.49,,,,,,,
12:25:00,776724,210,E,FF,34.156489,-118.158295,WINONA WAY,24.442,273.3333333333333,142.33333333333334,131.0,,,,
12:30:00,768916,210,E,FF,34.15099,-118.152369,NB 710 EXT TO EB 210,25.12,,,,,,,
12:30:00,769849,210,E,FF,34.211728,-118.228265,OCEAN VIEW,18.18,156.66666666666666,40.333333333333336,74.0,42.333333333333336,,,
12:30:00,770170,210,E,FF,34.155812,-118.158089,EB 210 TO WB 134 #1,24.49,,,,,,,
12:30:00,773131,210,E,FF,34.15154,-118.146708,FAIR OAKS OFF,25.48,,,,,,,
12:30:00,775729,210,E,FF,34.155812,-118.158089,EB 210 CON,24.49,,,,,,,
12:30:00,776724,210,E,FF,34.156489,-118.158295,WINONA WAY,24.442,257.6666666666667,134.33333333333334,123.33333333333333,,,,
12:35:00,768916,210,E,FF,34.15099,-118.152369,NB 710 EXT TO EB 210,25.12,,,,,,,
12:35:00,769849,210,E,FF,34.211728,-118.228265,OCEAN VIEW,18.18,166.33333333333334,37.333333333333336,80.33333333333333,48.666666666666664,,,
12:35:00,770170,210,E,FF,34.155812,-118.158089,EB 210 TO WB 134 #1,24.49,,,,,,,
12:35:00,773131,210,E,FF,34.15154,-118.146708,FAIR OAKS OFF,25.48,,,,,,,
12:35:00,775729,210,E,FF,34.155812,-118.158089,EB 210 CON,24.49,,,,,,,
12:35:00,776724,210,E,FF,34.156489,-118.158295,WINONA WAY,24.442,268.0,140.33333333333334,127.66666666666667,,,,
12:40:00,768916,210,E,FF,34.15099,-118.152369,NB 710 EXT TO EB 210,25.12,,,,,,,
12:40:00,769849,210,E,FF,34.211728,-118.228265,OCEAN VIEW,18.18,161.33333333333334,35.0,80.33333333333333,46.0,,,
12:40:00,770170,210,E,FF,34.155812,-118.158089,EB 210 TO WB 134 #1,24.49,,,,,,,
12:40:00,773131,210,E,FF,34.15154,-118.146708,FAIR OAKS OFF,25.48,,,,,,,
12:40:00,775729,210,E,FF,34.155812,-118.158089,EB 210 CON,24.49,,,,,,,
12:40:00,776724,210,E,FF,34.156489,-118.158295,WINONA WAY,24.442,282.0,153.66666666666666,128.33333333333334,,,,
12:45:00,768916,210,E,FF,34.15099,-118.152369,NB 710 EXT TO EB 210,25.12,,,,,,,
12:45:00,769849,210,E,FF,34.211728,-118.228265,OCEAN VIEW,18.18,153.33333333333334,36.666666666666664,71.33333333333333,45.333333333333336,,,
12:45:00,770170,210,E,FF,34.155812,-118.158089,EB 210 TO WB 134 #1,24.49,,,,,,,
12:45:00,773131,210,E,FF,34.15154,-118.146708,FAIR OAKS OFF,25.48,,,,,,,
12:45:00,775729,210,E,FF,34.155812,-118.158089,EB 210 CON,24.49,,,,,,,
12:45:00,776724,210,E,FF,34.156489,-118.158295,WINONA WAY,24.442,262.3333333333333,131.0,131.33333333333334,,,,
12:50:00,768916,210,E,FF,34.15099,-118.152369,NB 710 EXT TO EB 210,25.12,,,,,,,
12:50:00,769849,210,E,FF,34.211728,-118.228265,OCEAN VIEW,18.18,147.66666666666666,34.0,74.0,39.666666666666664,,,
12:50:00,770170,210,E,FF,34.155812,-118.158089,EB 210 TO WB 134 #1,24.49,,,,,,,
12:50:00,773131,210,E,FF,34.15154,-118.146708,FAIR OAKS OFF,25.48,,,,,,,
12:50:00,775729,210,E,FF,34.155812,-118.158089,EB 210 CON,24.49,,,,,,,
12:50:00,776724,210,E,FF,34.156489,-118.158295,WINONA WAY,24.442,246.66666666666666,122.33333333333333,124.33333333333333,,,,
12:55:00,768916,210,E,FF,34.15099,-118.152369,NB 710 EXT TO EB 210,25.12,,,,,,,
12:55:00,769849,210,E,FF,34.211728,-118.228265,OCEAN VIEW,18.18,158.66666666666666,35.0,74.66666666666667,49.0,,,
12:55:00,770170,210,E,FF,34.155812,-118.158089,EB 210 TO WB 134 #1,24.49,,,,,,,
12:55:00,773131,210,E,FF,34.15154,-118.146708,FAIR OAKS OFF,25.48,,,,,,,
12:55:00,775729,210,E,FF,34.155812,-118.158089,EB 210 CON,24.49,,,,,,,
12:55:00,776724,210,E,FF,34.156489,-118.158295,WINONA WAY,24.442,259.0,125.66666666666667,133.33333333333334,,,,
13:00:00,768916,210,E,FF,34.15099,-118.152369,NB 710 EXT TO EB 210,25.12,,,,,,,
13:00:00,769849,210,E,FF,34.211728,-118.228265,OCEAN VIEW,18.18,159.0,37.0,76.0,46.0,,,
13:00:00,770170,210,E,FF,34.155812,-118.158089,EB 210 TO WB 134 #1,24.49,,,,,,,
13:00:00,773131,210,E,FF,34.15154,-118.146708,FAIR OAKS OFF,25.48,,,,,,,
13:00:00,775729,210,E,FF,34.155812,-118.158089,EB 210 CON,24.49,,,,,,,
13:00:00,776724,210,E,FF,34.156489,-118.158295,WINONA WAY,24.442,268.0,137.66666666666666,130.33333333333334,,,,
13:05:00,768916,210,E,FF,34.15099,-118.152369,NB 710 EXT TO EB 210,25.12,,,,,,,
13:05:00,769849,210,E,FF,34.211728,-118.228265,OCEAN VIEW,18.18,173.66666666666666,40.333333333333336,81.33333333333333,52.0,,,
13:05:00,770170,210,E,FF,34.155812,-118.158089,EB 210 TO WB 134 #1,24.49,,,,,,,
13:05:00,773131,210,E,FF,34.15154,-118.146708,FAIR OAKS OFF,25.48,,,,,,,
13:05:00,775729,210,E,FF,34.155812,-118.158089,EB 210 CON,24.49,,,,,,,
13:05:00,776724,210,E,FF,34.156489,-118.158295,WINONA WAY,24.442,268.0,133.33333333333334,134.66666666666666,,,,
13:10:00,768916,210,E,FF,34.15099,-118.152369,NB 710 EXT TO EB 210,25.12,,,,,,,
13:10:00,769849,210,E,FF,34.211728,-118.228265,OCEAN VIEW,18.18,174.66666666666666,45.0,84.66666666666667,45.0,,,
13:10:00,770170,210,E,FF,34.155812,-118.158089,EB 210 TO WB 134 #1,24.49,,,,,,,
13:10:00,773131,210,E,FF,34.15154,-118.146708,FAIR OAKS OFF,25.48,,,,,,,
13:10:00,775729,210,E,FF,34.155812,-118.158089,EB 210 CON,24.49,,,,,,,
13:10:00,776724,210,E,FF,34.156489,-118.158295,WINONA WAY,24.442,267.0,147.33333333333334,119.66666666666667,,,,
13:15:00,768916,210,E,FF,34.15099,-118.152369,NB 710 EXT TO EB 210,25.12,,,,,,,
13:15:00,769849,210,E,FF,34.211728,-118.228265,OCEAN VIEW,18.18,171.33333333333334,45.333333333333336,84.0,42.0,,,
13:15:00,770170,210,E,FF,34.155812,-118.158089,EB 210 TO WB 134 #1,24.49,,,,,,,
13:15:00,773131,210,E,FF,34.15154,-118.146708,FAIR OAKS OFF,25.48,,,,,,,
13:15:00,775729,210,E,FF,34.155812,-118.158089,EB 210 CON,24.49,,,,,,,
13:15:00,776724,210,E,FF,34.156489,-118.158295,WINONA WAY,24.442,262.3333333333333,127.33333333333333,135.0,,,,
13:20:00,768916,210,E,FF,34.15099,-118.152369,NB 710 EXT TO EB 210,25.12,,,,,,,
13:20:00,769849,210,E,FF,34.211728,-118.228265,OCEAN VIEW,18.18,170.66666666666666,44.0,77.33333333333333,49.333333333333336,,,
13:20:00,770170,210,E,FF,34.155812,-118.158089,EB 210 TO WB 134 #1,24.49,,,,,,,
13:20:00,773131,210,E,FF,34.15154,-118.146708,FAIR OAKS OFF,25.48,,,,,,,
13:20:00,775729,210,E,FF,34.155812,-118.158089,EB 210 CON,24.49,,,,,,,
13:20:00,776724,210,E,FF,34.156489,-118.158295,WINONA WAY,24.442,262.6666666666667,128.33333333333334,134.33333333333334,,,,
13:25:00,768916,210,E,FF,34.15099,-118.152369,NB 710 EXT TO EB 210,25.12,,,,,,,
13:25:00,769849,210,E,FF,34.211728,-118.228265,OCEAN VIEW,18.18,171.0,44.666666666666664,83.66666666666667,42.666666666666664,,,
13:25:00,770170,210,E,FF,34.155812,-118.158089,EB 210 TO WB 134 #1,24.49,,,,,,,
13:25:00,773131,210,E,FF,34.15154,-118.146708,FAIR OAKS OFF,25.48,,,,,,,
13:25:00,775729,210,E,FF,34.155812,-118.158089,EB 210 CON,24.49,,,,,,,
13:25:00,776724,210,E,FF,34.156489,-118.158295,WINONA WAY,24.442,261.3333333333333,137.0,124.33333333333333,,,,
13:30:00,768916,210,E,FF,34.15099,-118.152369,NB 710 EXT TO EB 210,25.12,,,,,,,
13:30:00,769849,210,E,FF,34.211728,-118.228265,OCEAN VIEW,18.18,166.33333333333334,36.666666666666664,79.66666666666667,50.0,,,
13:30:00,770170,210,E,FF,34.155812,-118.158089,EB 210 TO WB 134 #1,24.49,,,,,,,
13:30:00,773131,210,E,FF,34.15154,-118.146708,FAIR OAKS OFF,25.48,,,,,,,
13:30:00,775729,210,E,FF,34.155812,-118.158089,EB 210 CON,24.49,,,,,,,
13:30:00,776724,210,E,FF,34.156489,-118.158295,WINONA WAY,24.442,258.0,134.66666666666666,123.33333333333333,,,,
13:35:00,768916,210,E,FF,34.15099,-118.152369,NB 710 EXT TO EB 210,25.12,,,,,,,
13:35:00,769849,210,E,FF,34.211728,-118.228265,OCEAN VIEW,18.18,159.0,40.333333333333336,75.66666666666667,43.0,,,
13:35:00,770170,210,E,FF,34.155812,-118.158089,EB 210 TO WB 134 #1,24.49,,,,,,,
13:35:00,773131,210,E,FF,34.15154,-118.146708,FAIR OAKS OFF,25.48,,,,,,,
13:35:00,775729,210,E,FF,34.155812,-118.158089,EB 210 CON,24.49,,,,,,,
13:35:00,776724,210,E,FF,34.156489,-118.158295,WINONA WAY,24.442,261.0,131.66666666666666,129.33333333333334,,,,
13:40:00,768916,210,E,FF,34.15099,-118.152369,NB 710 EXT TO EB 210,25.12,,,,,,,
13:40:00,769849,210,E,FF,34.211728,-118.228265,OCEAN VIEW,18.18,160.66666666666666,38.0,78.33333333333333,44.333333333333336,,,
13:40:00,770170,210,E,FF,34.155812,-118.158089,EB 210 TO WB 134 #1,24.49,,,,,,,
13:40:00,773131,210,E,FF,34.15154,-118.146708,FAIR OAKS OFF,25.48,,,,,,,
13:40:00,775729,210,E,FF,34.155812,-118.158089,EB 210 CON,24.49,,,,,,,
13:40:00,776724,210,E,FF,34.156489,-118.158295,WINONA WAY,24.442,253.33333333333334,130.0,123.33333333333333,,,,
13:45:00,768916,210,E,FF,34.15099,-118.152369,NB 710 EXT TO EB 210,25.12,,,,,,,
13:45:00,769849,210,E,FF,34.211728,-118.228265,OCEAN VIEW,18.18,182.0,47.666666666666664,81.66666666666667,52.666666666666664,,,
13:45:00,770170,210,E,FF,34.155812,-118.158089,EB 210 TO WB 134 #1,24.49,,,,,,,
13:45:00,773131,210,E,FF,34.15154,-118.146708,FAIR OAKS OFF,25.48,,,,,,,
13:45:00,775729,210,E,FF,34.155812,-118.158089,EB 210 CON,24.49,,,,,,,
13:45:00,776724,210,E,FF,34.156489,-118.158295,WINONA WAY,24.442,280.0,154.66666666666666,125.33333333333333,,,,
13:50:00,768916,210,E,FF,34.15099,-118.152369,NB 710 EXT TO EB 210,25.12,,,,,,,
13:50:00,769849,210,E,FF,34.211728,-118.228265,OCEAN VIEW,18.18,156.33333333333334,40.666666666666664,74.33333333333333,41.333333333333336,,,
13:50:00,770170,210,E,FF,34.155812,-118.158089,EB 210 TO WB 134 #1,24.49,,,,,,,
13:50:00,773131,210,E,FF,34.15154,-118.146708,FAIR OAKS OFF,25.48,,,,,,,
13:50:00,775729,210,E,FF,34.155812,-118.158089,EB 210 CON,24.49,,,,,,,
13:50:00,776724,210,E,FF,34.156489,-118.158295,WINONA WAY,24.442,262.6666666666667,131.66666666666666,131.0,,,,
13:55:00,768916,210,E,FF,34.15099,-118.152369,NB 710 EXT TO EB 210,25.12,,,,,,,
13:55:00,769849,210,E,FF,34.211728,-118.228265,OCEAN VIEW,18.18,184.33333333333334,51.333333333333336,82.66666666666667,50.333333333333336,,,
13:55:00,770170,210,E,FF,34.155812,-118.158089,EB 210 TO WB 134 #1,24.49,,,,,,,
13:55:00,773131,210,E,FF,34.15154,-118.146708,FAIR OAKS OFF,25.48,,,,,,,
13:55:00,775729,210,E,FF,34.155812,-118.158089,EB 210 CON,24.49,,,,,,,
13:55:00,776724,210,E,FF,34.156489,-118.158295,WINONA WAY,24.442,270.3333333333333,126.33333333333333,144.0,,,,
14:00:00,768916,210,E,FF,34.15099,-118.152369,NB 710 EXT TO EB 210,25.12,,,,,,,
14:00:00,769849,210,E,FF,34.211728,-118.228265,OCEAN VIEW,18.18,180.66666666666666,46.666666666666664,87.33333333333333,46.666666666666664,,,
14:00:00,770170,210,E,FF,34.155812,-118.158089,EB 210 TO WB 134 #1,24.49,,,,,,,
14:00:00,773131,210,E,FF,34.15154,-118.146708,FAIR OAKS OFF,25.48,,,,,,,
14:00:00,775729,210,E,FF,34.155812,-118.158089,EB 210 CON,24.49,,,,,,,
14:00:00,776724,210,E,FF,34.156489,-118.158295,WINONA WAY,24.442,267.3333333333333,133.33333333333334,134.0,,,,
14:05:00,768916,210,E,FF,34.15099,-118.152369,NB 710 EXT TO EB 210,25.12,,,,,,,
14:05:00,769849,210,E,FF,34.211728,-118.228265,OCEAN VIEW,18.18,216.66666666666666,60.0,98.0,58.666666666666664,,,
14:05:00,770170,210,E,FF,34.155812,-118.158089,EB 210 TO WB 134 #1,24.49,,,,,,,
14:05:00,773131,210,E,FF,34.15154,-118.146708,FAIR OAKS OFF,25.48,,,,,,,
14:05:00,775729,210,E,FF,34.155812,-118.158089,EB 210 CON,24.49,,,,,,,
14:05:00,776724,210,E,FF,34.156489,-118.158295,WINONA WAY,24.442,257.6666666666667,133.33333333333334,124.33333333333333,,,,
14:10:00,768916,210,E,FF,34.15099,-118.152369,NB 710 EXT TO EB 210,25.12,,,,,,,
14:10:00,769849,210,E,FF,34.211728,-118.228265,OCEAN VIEW,18.18,216.66666666666666,56.0,102.66666666666667,58.0,,,
14:10:00,770170,210,E,FF,34.155812,-118.158089,EB 210 TO WB 134 #1,24.49,,,,,,,
14:10:00,773131,210,E,FF,34.15154,-118.146708,FAIR OAKS OFF,25.48,,,,,,,
14:10:00,775729,210,E,FF,34.155812,-118.158089,EB 210 CON,24.49,,,,,,,
14:10:00,776724,210,E,FF,34.156489,-118.158295,WINONA WAY,24.442,247.33333333333334,119.66666666666667,127.66666666666667,,,,
14:15:00,768916,210,E,FF,34.15099,-118.152369,NB 710 EXT TO EB 210,25.12,,,,,,,
14:15:00,769849,210,E,FF,34.211728,-118.228265,OCEAN VIEW,18.18,202.0,47.666666666666664,96.33333333333333,58.0,,,
14:15:00,770170,210,E,FF,34.155812,-118.158089,EB 210 TO WB 134 #1,24.49,,,,,,,
14:15:00,773131,210,E,FF,34.15154,-118.146708,FAIR OAKS OFF,25.48,,,,,,,
14:15:00,775729,210,E,FF,34.155812,-118.158089,EB 210 CON,24.49,,,,,,,
14:15:00,776724,210,E,FF,34.156489,-118.158295,WINONA WAY,24.442,252.66666666666666,124.66666666666667,128.0,,,,
14:20:00,768916,210,E,FF,34.15099,-118.152369,NB 710 EXT TO EB 210,25.12,,,,,,,
14:20:00,769849,210,E,FF,34.211728,-118.228265,OCEAN VIEW,18.18,216.0,62.333333333333336,99.0,54.666666666666664,,,
14:20:00,770170,210,E,FF,34.155812,-118.158089,EB 210 TO WB 134 #1,24.49,,,,,,,
14:20:00,773131,210,E,FF,34.15154,-118.146708,FAIR OAKS OFF,25.48,,,,,,,
14:20:00,775729,210,E,FF,34.155812,-118.158089,EB 210 CON,24.49,,,,,,,
14:20:00,776724,210,E,FF,34.156489,-118.158295,WINONA WAY,24.442,247.66666666666666,128.0,119.66666666666667,,,,
14:25:00,768916,210,E,FF,34.15099,-118.152369,NB 710 EXT TO EB 210,25.12,,,,,,,
14:25:00,769849,210,E,FF,34.211728,-118.228265,OCEAN VIEW,18.18,204.0,53.0,95.66666666666667,55.333333333333336,,,
14:25:00,770170,210,E,FF,34.155812,-118.158089,EB 210 TO WB 134 #1,24.49,,,,,,,
14:25:00,773131,210,E,FF,34.15154,-118.146708,FAIR OAKS OFF,25.48,,,,,,,
14:25:00,775729,210,E,FF,34.155812,-118.158089,EB 210 CON,24.49,,,,,,,
14:25:00,776724,210,E,FF,34.156489,-118.158295,WINONA WAY,24.442,219.33333333333334,106.66666666666667,112.66666666666667,,,,
14:30:00,768916,210,E,FF,34.15099,-118.152369,NB 710 EXT TO EB 210,25.12,,,,,,,
14:30:00,769849,210,E,FF,34.211728,-118.228265,OCEAN VIEW,18.18,217.0,58.0,99.33333333333333,59.666666666666664,,,
14:30:00,770170,210,E,FF,34.155812,-118.158089,EB 210 TO WB 134 #1,24.49,,,,,,,
14:30:00,773131,210,E,FF,34.15154,-118.146708,FAIR OAKS OFF,25.48,,,,,,,
14:30:00,775729,210,E,FF,34.155812,-118.158089,EB 210 CON,24.49,,,,,,,
14:30:00,776724,210,E,FF,34.156489,-118.158295,WINONA WAY,24.442,220.66666666666666,101.33333333333333,119.33333333333333,,,,
14:35:00,768916,210,E,FF,34.15099,-118.152369,NB 710 EXT TO EB 210,25.12,,,,,,,
14:35:00,769849,210,E,FF,34.211728,-118.228265,OCEAN VIEW,18.18,223.0,64.66666666666667,100.33333333333333,58.0,,,
14:35:00,770170,210,E,FF,34.155812,-118.158089,EB 210 TO WB 134 #1,24.49,,,,,,,
14:35:00,773131,210,E,FF,34.15154,-118.146708,FAIR OAKS OFF,25.48,,,,,,,
14:35:00,775729,210,E,FF,34.155812,-118.158089,EB 210 CON,24.49,,,,,,,
14:35:00,776724,210,E,FF,34.156489,-118.158295,WINONA WAY,24.442,229.66666666666666,109.0,120.66666666666667,,,,
14:40:00,768916,210,E,FF,34.15099,-118.152369,NB 710 EXT TO EB 210,25.12,,,,,,,
14:40:00,769849,210,E,FF,34.211728,-118.228265,OCEAN VIEW,18.18,220.66666666666666,63.333333333333336,98.0,59.333333333333336,,,
14:40:00,770170,210,E,FF,34.155812,-118.158089,EB 210 TO WB 134 #1,24.49,,,,,,,
14:40:00,773131,210,E,FF,34.15154,-118.146708,FAIR OAKS OFF,25.48,,,,,,,
14:40:00,775729,210,E,FF,34.155812,-118.158089,EB 210 CON,24.49,,,,,,,
14:40:00,776724,210,E,FF,34.156489,-118.158295,WINONA WAY,24.442,212.33333333333334,95.0,117.33333333333333,,,,
14:45:00,768916,210,E,FF,34.15099,-118.152369,NB 710 EXT TO EB 210,25.12,,,,,,,
14:45:00,769849,210,E,FF,34.211728,-118.228265,OCEAN VIEW,18.18,234.33333333333334,68.33333333333333,101.33333333333333,64.66666666666667,,,
14:45:00,770170,210,E,FF,34.155812,-118.158089,EB 210 TO WB 134 #1,24.49,,,,,,,
14:45:00,773131,210,E,FF,34.15154,-118.146708,FAIR OAKS OFF,25.48,,,,,,,
14:45:00,775729,210,E,FF,34.155812,-118.158089,EB 210 CON,24.49,,,,,,,
14:45:00,776724,210,E,FF,34.156489,-118.158295,WINONA WAY,24.442,208.0,94.0,114.0,,,,
14:50:00,768916,210,E,FF,34.15099,-118.152369,NB 710 EXT TO EB 210,25.12,,,,,,,
14:50:00,769849,210,E,FF,34.211728,-118.228265,OCEAN VIEW,18.18,263.6666666666667,76.0,121.33333333333333,66.33333333333333,,,
14:50:00,770170,210,E,FF,34.155812,-118.158089,EB 210 TO WB 134 #1,24.49,,,,,,,
14:50:00,773131,210,E,FF,34.15154,-118.146708,FAIR OAKS OFF,25.48,,,,,,,
14:50:00,775729,210,E,FF,34.155812,-118.158089,EB 210 CON,24.49,,,,,,,
14:50:00,776724,210,E,FF,34.156489,-118.158295,WINONA WAY,24.442,185.66666666666666,83.66666666666667,102.0,,,,
14:55:00,768916,210,E,FF,34.15099,-118.152369,NB 710 EXT TO EB 210,25.12,,,,,,,
14:55:00,769849,210,E,FF,34.211728,-118.228265,OCEAN VIEW,18.18,246.0,75.66666666666667,109.0,61.333333333333336,,,
14:55:00,770170,210,E,FF,34.155812,-118.158089,EB 210 TO WB 134 #1,24.49,,,,,,,
14:55:00,773131,210,E,FF,34.15154,-118.146708,FAIR OAKS OFF,25.48,,,,,,,
14:55:00,775729,210,E,FF,34.155812,-118.158089,EB 210 CON,24.49,,,,,,,
14:55:00,776724,210,E,FF,34.156489,-118.158295,WINONA WAY,24.442,177.66666666666666,80.33333333333333,97.33333333333333,,,,
15:00:00,768916,210,E,FF,34.15099,-118.152369,NB 710 EXT TO EB 210,25.12,,,,,,,
15:00:00,769849,210,E,FF,34.211728,-118.228265,OCEAN VIEW,18.18,245.33333333333334,68.33333333333333,109.66666666666667,67.33333333333333,,,
15:00:00,770170,210,E,FF,34.155812,-118.158089,EB 210 TO WB 134 #1,24.49,,,,,,,
15:00:00,773131,210,E,FF,34.15154,-118.146708,FAIR OAKS OFF,25.48,,,,,,,
15:00:00,775729,210,E,FF,34.155812,-118.158089,EB 210 CON,24.49,,,,,,,
15:00:00,776724,210,E,FF,34.156489,-118.158295,WINONA WAY,24.442,161.33333333333334,73.0,88.33333333333333,,,,
15:05:00,768916,210,E,FF,34.15099,-118.152369,NB 710 EXT TO EB 210,25.12,,,,,,,
15:05:00,769849,210,E,FF,34.211728,-118.228265,OCEAN VIEW,18.18,290.3333333333333,89.66666666666667,124.66666666666667,76.0,,,
15:05:00,770170,210,E,FF,34.155812,-118.158089,EB 210 TO WB 134 #1,24.49,,,,,,,
15:05:00,773131,210,E,FF,34.15154,-118.146708,FAIR OAKS OFF,25.48,,,,,,,
15:05:00,775729,210,E,FF,34.155812,-118.158089,EB 210 CON,24.49,,,,,,,
15:05:00,776724,210,E,FF,34.156489,-118.158295,WINONA WAY,24.442,182.66666666666666,84.0,98.66666666666667,,,,
15:10:00,768916,210,E,FF,34.15099,-118.152369,NB 710 EXT TO EB 210,25.12,,,,,,,
15:10:00,769849,210,E,FF,34.211728,-118.228265,OCEAN VIEW,18.18,283.0,87.66666666666667,117.33333333333333,78.0,,,
15:10:00,770170,210,E,FF,34.155812,-118.158089,EB 210 TO WB 134 #1,24.49,,,,,,,
15:10:00,773131,210,E,FF,34.15154,-118.146708,FAIR OAKS OFF,25.48,,,,,,,
15:10:00,775729,210,E,FF,34.155812,-118.158089,EB 210 CON,24.49,,,,,,,
15:10:00,776724,210,E,FF,34.156489,-118.158295,WINONA WAY,24.442,199.66666666666666,96.33333333333333,103.33333333333333,,,,
15:15:00,768916,210,E,FF,34.15099,-118.152369,NB 710 EXT TO EB 210,25.12,,,,,,,
15:15:00,769849,210,E,FF,34.211728,-118.228265,OCEAN VIEW,18.18,285.0,84.0,121.33333333333333,79.66666666666667,,,
15:15:00,770170,210,E,FF,34.155812,-118.158089,EB 210 TO WB 134 #1,24.49,,,,,,,
15:15:00,773131,210,E,FF,34.15154,-118.146708,FAIR OAKS OFF,25.48,,,,,,,
15:15:00,775729,210,E,FF,34.155812,-118.158089,EB 210 CON,24.49,,,,,,,
15:15:00,776724,210,E,FF,34.156489,-118.158295,WINONA WAY,24.442,183.66666666666666,90.33333333333333,93.33333333333333,,,,
15:20:00,768916,210,E,FF,34.15099,-118.152369,NB 710 EXT TO EB 210,25.12,,,,,,,
15:20:00,769849,210,E,FF,34.211728,-118.228265,OCEAN VIEW,18.18,284.3333333333333,80.66666666666667,126.66666666666667,77.0,,,
15:20:00,770170,210,E,FF,34.155812,-118.158089,EB 210 TO WB 134 #1,24.49,,,,,,,
15:20:00,773131,210,E,FF,34.15154,-118.146708,FAIR OAKS OFF,25.48,,,,,,,
15:20:00,775729,210,E,FF,34.155812,-118.158089,EB 210 CON,24.49,,,,,,,
15:20:00,776724,210,E,FF,34.156489,-118.158295,WINONA WAY,24.442,169.33333333333334,74.0,95.33333333333333,,,,
15:25:00,768916,210,E,FF,34.15099,-118.152369,NB 710 EXT TO EB 210,25.12,,,,,,,
15:25:00,769849,210,E,FF,34.211728,-118.228265,OCEAN VIEW,18.18,283.0,86.0,121.33333333333333,75.66666666666667,,,
15:25:00,770170,210,E,FF,34.155812,-118.158089,EB 210 TO WB 134 #1,24.49,,,,,,,
15:25:00,773131,210,E,FF,34.15154,-118.146708,FAIR OAKS OFF,25.48,,,,,,,
15:25:00,775729,210,E,FF,34.155812,-118.158089,EB 210 CON,24.49,,,,,,,
15:25:00,776724,210,E,FF,34.156489,-118.158295,WINONA WAY,24.442,139.0,53.333333333333336,85.66666666666667,,,,
15:30:00,768916,210,E,FF,34.15099,-118.152369,NB 710 EXT TO EB 210,25.12,,,,,,,
15:30:00,769849,210,E,FF,34.211728,-118.228265,OCEAN VIEW,18.18,297.0,95.0,122.66666666666667,79.33333333333333,,,
15:30:00,770170,210,E,FF,34.155812,-118.158089,EB 210 TO WB 134 #1,24.49,,,,,,,
15:30:00,773131,210,E,FF,34.15154,-118.146708,FAIR OAKS OFF,25.48,,,,,,,
15:30:00,775729,210,E,FF,34.155812,-118.158089,EB 210 CON,24.49,,,,,,,
15:30:00,776724,210,E,FF,34.156489,-118.158295,WINONA WAY,24.442,148.33333333333334,59.0,89.33333333333333,,,,
15:35:00,768916,210,E,FF,34.15099,-118.152369,NB 710 EXT TO EB 210,25.12,,,,,,,
15:35:00,769849,210,E,FF,34.211728,-118.228265,OCEAN VIEW,18.18,284.3333333333333,79.0,122.33333333333333,83.0,,,
15:35:00,770170,210,E,FF,34.155812,-118.158089,EB 210 TO WB 134 #1,24.49,,,,,,,
15:35:00,773131,210,E,FF,34.15154,-118.146708,FAIR OAKS OFF,25.48,,,,,,,
15:35:00,775729,210,E,FF,34.155812,-118.158089,EB 210 CON,24.49,,,,,,,
15:35:00,776724,210,E,FF,34.156489,-118.158295,WINONA WAY,24.442,161.66666666666666,69.66666666666667,92.0,,,,
15:40:00,768916,210,E,FF,34.15099,-118.152369,NB 710 EXT TO EB 210,25.12,,,,,,,
15:40:00,769849,210,E,FF,34.211728,-118.228265,OCEAN VIEW,18.18,283.0,86.66666666666667,119.66666666666667,76.66666666666667,,,
15:40:00,770170,210,E,FF,34.155812,-118.158089,EB 210 TO WB 134 #1,24.49,,,,,,,
15:40:00,773131,210,E,FF,34.15154,-118.146708,FAIR OAKS OFF,25.48,,,,,,,
15:40:00,775729,210,E,FF,34.155812,-118.158089,EB 210 CON,24.49,,,,,,,
15:40:00,776724,210,E,FF,34.156489,-118.158295,WINONA WAY,24.442,133.0,56.333333333333336,76.66666666666667,,,,
15:45:00,768916,210,E,FF,34.15099,-118.152369,NB 710 EXT TO EB 210,25.12,,,,,,,
15:45:00,769849,210,E,FF,34.211728,-118.228265,OCEAN VIEW,18.18,285.0,88.0,122.0,75.0,,,
15:45:00,770170,210,E,FF,34.155812,-118.158089,EB 210 TO WB 134 #1,24.49,,,,,,,
15:45:00,773131,210,E,FF,34.15154,-118.146708,FAIR OAKS OFF,25.48,,,,,,,
15:45:00,775729,210,E,FF,34.155812,-118.158089,EB 210 CON,24.49,,,,,,,
15:45:00,776724,210,E,FF,34.156489,-118.158295,WINONA WAY,24.442,159.66666666666666,70.66666666666667,89.0,,,,
15:50:00,768916,210,E,FF,34.15099,-118.152369,NB 710 EXT TO EB 210,25.12,,,,,,,
15:50:00,769849,210,E,FF,34.211728,-118.228265,OCEAN VIEW,18.18,287.6666666666667,91.0,116.33333333333333,80.33333333333333,,,
15:50:00,770170,210,E,FF,34.155812,-118.158089,EB 210 TO WB 134 #1,24.49,,,,,,,
15:50:00,773131,210,E,FF,34.15154,-118.146708,FAIR OAKS OFF,25.48,,,,,,,
15:50:00,775729,210,E,FF,34.155812,-118.158089,EB 210 CON,24.49,,,,,,,
15:50:00,776724,210,E,FF,34.156489,-118.158295,WINONA WAY,24.442,138.0,67.66666666666667,70.33333333333333,,,,
15:55:00,768916,210,E,FF,34.15099,-118.152369,NB 710 EXT TO EB 210,25.12,,,,,,,
15:55:00,769849,210,E,FF,34.211728,-118.228265,OCEAN VIEW,18.18,274.3333333333333,88.33333333333333,122.0,64.0,,,
15:55:00,770170,210,E,FF,34.155812,-118.158089,EB 210 TO WB 134 #1,24.49,,,,,,,
15:55:00,773131,210,E,FF,34.15154,-118.146708,FAIR OAKS OFF,25.48,,,,,,,
15:55:00,775729,210,E,FF,34.155812,-118.158089,EB 210 CON,24.49,,,,,,,
15:55:00,776724,210,E,FF,34.156489,-118.158295,WINONA WAY,24.442,138.0,61.666666666666664,76.33333333333333,,,,
16:00:00,768916,210,E,FF,34.15099,-118.152369,NB 710 EXT TO EB 210,25.12,,,,,,,
16:00:00,769849,210,E,FF,34.211728,-118.228265,OCEAN VIEW,18.18,264.0,90.0,107.33333333333333,66.66666666666667,,,
16:00:00,770170,210,E,FF,34.155812,-118.158089,EB 210 TO WB 134 #1,24.49,,,,,,,
16:00:00,773131,210,E,FF,34.15154,-118.146708,FAIR OAKS OFF,25.48,,,,,,,
16:00:00,775729,210,E,FF,34.155812,-118.158089,EB 210 CON,24.49,,,,,,,
16:00:00,776724,210,E,FF,34.156489,-118.158295,WINONA WAY,24.442,117.66666666666667,48.0,69.66666666666667,,,,
16:05:00,768916,210,E,FF,34.15099,-118.152369,NB 710 EXT TO EB 210,25.12,,,,,,,
16:05:00,769849,210,E,FF,34.211728,-118.228265,OCEAN VIEW,18.18,257.0,83.66666666666667,105.33333333333333,68.0,,,
16:05:00,770170,210,E,FF,34.155812,-118.158089,EB 210 TO WB 134 #1,24.49,,,,,,,
16:05:00,773131,210,E,FF,34.15154,-118.146708,FAIR OAKS OFF,25.48,,,,,,,
16:05:00,775729,210,E,FF,34.155812,-118.158089,EB 210 CON,24.49,,,,,,,
16:05:00,776724,210,E,FF,34.156489,-118.158295,WINONA WAY,24.442,150.66666666666666,67.0,83.66666666666667,,,,
16:10:00,768916,210,E,FF,34.15099,-118.152369,NB 710 EXT TO EB 210,25.12,,,,,,,
16:10:00,769849,210,E,FF,34.211728,-118.228265,OCEAN VIEW,18.18,271.6666666666667,90.33333333333333,109.33333333333333,72.0,,,
16:10:00,770170,210,E,FF,34.155812,-118.158089,EB 210 TO WB 134 #1,24.49,,,,,,,
16:10:00,773131,210,E,FF,34.15154,-118.146708,FAIR OAKS OFF,25.48,,,,,,,
16:10:00,775729,210,E,FF,34.155812,-118.158089,EB 210 CON,24.49,,,,,,,
16:10:00,776724,210,E,FF,34.156489,-118.158295,WINONA WAY,24.442,169.66666666666666,72.66666666666667,97.0,,,,
16:15:00,768916,210,E,FF,34.15099,-118.152369,NB 710 EXT TO EB 210,25.12,,,,,,,
16:15:00,769849,210,E,FF,34.211728,-118.228265,OCEAN VIEW,18.18,270.6666666666667,84.66666666666667,116.0,70.0,,,
16:15:00,770170,210,E,FF,34.155812,-118.158089,EB 210 TO WB 134 #1,24.49,,,,,,,
16:15:00,773131,210,E,FF,34.15154,-118.146708,FAIR OAKS OFF,25.48,,,,,,,
16:15:00,775729,210,E,FF,34.155812,-118.158089,EB 210 CON,24.49,,,,,,,
16:15:00,776724,210,E,FF,34.156489,-118.158295,WINONA WAY,24.442,152.33333333333334,64.66666666666667,87.66666666666667,,,,
16:20:00,768916,210,E,FF,34.15099,-118.152369,NB 710 EXT TO EB 210,25.12,,,,,,,
16:20:00,769849,210,E,FF,34.211728,-118.228265,OCEAN VIEW,18.18,250.66666666666666,82.33333333333333,105.0,63.333333333333336,,,
16:20:00,770170,210,E,FF,34.155812,-118.158089,EB 210 TO WB 134 #1,24.49,,,,,,,
16:20:00,773131,210,E,FF,34.15154,-118.146708,FAIR OAKS OFF,25.48,,,,,,,
16:20:00,775729,210,E,FF,34.155812,-118.158089,EB 210 CON,24.49,,,,,,,
16:20:00,776724,210,E,FF,34.156489,-118.158295,WINONA WAY,24.442,145.33333333333334,62.666666666666664,82.66666666666667,,,,
16:25:00,768916,210,E,FF,34.15099,-118.152369,NB 710 EXT TO EB 210,25.12,,,,,,,
16:25:00,769849,210,E,FF,34.211728,-118.228265,OCEAN VIEW,18.18,262.3333333333333,88.66666666666667,108.33333333333333,65.33333333333333,,,
16:25:00,770170,210,E,FF,34.155812,-118.158089,EB 210 TO WB 134 #1,24.49,,,,,,,
16:25:00,773131,210,E,FF,34.15154,-118.146708,FAIR OAKS OFF,25.48,,,,,,,
16:25:00,775729,210,E,FF,34.155812,-118.158089,EB 210 CON,24.49,,,,,,,
16:25:00,776724,210,E,FF,34.156489,-118.158295,WINONA WAY,24.442,141.33333333333334,63.0,78.33333333333333,,,,
16:30:00,768916,210,E,FF,34.15099,-118.152369,NB 710 EXT TO EB 210,25.12,,,,,,,
16:30:00,769849,210,E,FF,34.211728,-118.228265,OCEAN VIEW,18.18,245.66666666666666,80.33333333333333,103.0,62.333333333333336,,,
16:30:00,770170,210,E,FF,34.155812,-118.158089,EB 210 TO WB 134 #1,24.49,,,,,,,
16:30:00,773131,210,E,FF,34.15154,-118.146708,FAIR OAKS OFF,25.48,,,,,,,
16:30:00,775729,210,E,FF,34.155812,-118.158089,EB 210 CON,24.49,,,,,,,
16:30:00,776724,210,E,FF,34.156489,-118.158295,WINONA WAY,24.442,149.66666666666666,56.333333333333336,93.33333333333333,,,,
16:35:00,768916,210,E,FF,34.15099,-118.152369,NB 710 EXT TO EB 210,25.12,,,,,,,
16:35:00,769849,210,E,FF,34.211728,-118.228265,OCEAN VIEW,18.18,245.0,79.0,100.33333333333333,65.66666666666667,,,
16:35:00,770170,210,E,FF,34.155812,-118.158089,EB 210 TO WB 134 #1,24.49,,,,,,,
16:35:00,773131,210,E,FF,34.15154,-118.146708,FAIR OAKS OFF,25.48,,,,,,,
16:35:00,775729,210,E,FF,34.155812,-118.158089,EB 210 CON,24.49,,,,,,,
16:35:00,776724,210,E,FF,34.156489,-118.158295,WINONA WAY,24.442,160.66666666666666,66.33333333333333,94.33333333333333,,,,
16:40:00,768916,210,E,FF,34.15099,-118.152369,NB 710 EXT TO EB 210,25.12,,,,,,,
16:40:00,769849,210,E,FF,34.211728,-118.228265,OCEAN VIEW,18.18,247.0,81.33333333333333,102.33333333333333,63.333333333333336,,,
16:40:00,770170,210,E,FF,34.155812,-118.158089,EB 210 TO WB 134 #1,24.49,,,,,,,
16:40:00,773131,210,E,FF,34.15154,-118.146708,FAIR OAKS OFF,25.48,,,,,,,
16:40:00,775729,210,E,FF,34.155812,-118.158089,EB 210 CON,24.49,,,,,,,
16:40:00,776724,210,E,FF,34.156489,-118.158295,WINONA WAY,24.442,172.33333333333334,77.0,95.33333333333333,,,,
16:45:00,768916,210,E,FF,34.15099,-118.152369,NB 710 EXT TO EB 210,25.12,,,,,,,
16:45:00,769849,210,E,FF,34.211728,-118.228265,OCEAN VIEW,18.18,251.33333333333334,72.0,107.66666666666667,71.66666666666667,,,
16:45:00,770170,210,E,FF,34.155812,-118.158089,EB 210 TO WB 134 #1,24.49,,,,,,,
16:45:00,773131,210,E,FF,34.15154,-118.146708,FAIR OAKS OFF,25.48,,,,,,,
16:45:00,775729,210,E,FF,34.155812,-118.158089,EB 210 CON,24.49,,,,,,,
16:45:00,776724,210,E,FF,34.156489,-118.158295,WINONA WAY,24.442,163.0,74.66666666666667,88.33333333333333,,,,
16:50:00,768916,210,E,FF,34.15099,-118.152369,NB 710 EXT TO EB 210,25.12,,,,,,,
16:50:00,769849,210,E,FF,34.211728,-118.228265,OCEAN VIEW,18.18,234.0,71.0,102.33333333333333,60.666666666666664,,,
16:50:00,770170,210,E,FF,34.155812,-118.158089,EB 210 TO WB 134 #1,24.49,,,,,,,
16:50:00,773131,210,E,FF,34.15154,-118.146708,FAIR OAKS OFF,25.48,,,,,,,
16:50:00,775729,210,E,FF,34.155812,-118.158089,EB 210 CON,24.49,,,,,,,
16:50:00,776724,210,E,FF,34.156489,-118.158295,WINONA WAY,24.442,153.33333333333334,66.33333333333333,87.0,,,,
16:55:00,768916,210,E,FF,34.15099,-118.152369,NB 710 EXT TO EB 210,25.12,,,,,,,
16:55:00,769849,210,E,FF,34.211728,-118.228265,OCEAN VIEW,18.18,258.0,82.33333333333333,108.66666666666667,67.0,,,
16:55:00,770170,210,E,FF,34.155812,-118.158089,EB 210 TO WB 134 #1,24.49,,,,,,,
16:55:00,773131,210,E,FF,34.15154,-118.146708,FAIR OAKS OFF,25.48,,,,,,,
16:55:00,775729,210,E,FF,34.155812,-118.158089,EB 210 CON,24.49,,,,,,,
16:55:00,776724,210,E,FF,34.156489,-118.158295,WINONA WAY,24.442,143.0,57.333333333333336,85.66666666666667,,,,
17:00:00,768916,210,E,FF,34.15099,-118.152369,NB 710 EXT TO EB 210,25.12,,,,,,,
17:00:00,769849,210,E,FF,34.211728,-118.228265,OCEAN VIEW,18.18,217.33333333333334,65.66666666666667,96.33333333333333,55.333333333333336,,,
17:00:00,770170,210,E,FF,34.155812,-118.158089,EB 210 TO WB 134 #1,24.49,,,,,,,
17:00:00,773131,210,E,FF,34.15154,-118.146708,FAIR OAKS OFF,25.48,,,,,,,
17:00:00,775729,210,E,FF,34.155812,-118.158089,EB 210 CON,24.49,,,,,,,
17:00:00,776724,210,E,FF,34.156489,-118.158295,WINONA WAY,24.442,157.33333333333334,65.66666666666667,91.66666666666667,,,,
17:05:00,768916,210,E,FF,34.15099,-118.152369,NB 710 EXT TO EB 210,25.12,,,,,,,
17:05:00,769849,210,E,FF,34.211728,-118.228265,OCEAN VIEW,18.18,245.33333333333334,77.33333333333333,104.0,64.0,,,
17:05:00,770170,210,E,FF,34.155812,-118.158089,EB 210 TO WB 134 #1,24.49,,,,,,,
17:05:00,773131,210,E,FF,34.15154,-118.146708,FAIR OAKS OFF,25.48,,,,,,,
17:05:00,775729,210,E,FF,34.155812,-118.158089,EB 210 CON,24.49,,,,,,,
17:05:00,776724,210,E,FF,34.156489,-118.158295,WINONA WAY,24.442,160.66666666666666,67.66666666666667,93.0,,,,
17:10:00,768916,210,E,FF,34.15099,-118.152369,NB 710 EXT TO EB 210,25.12,,,,,,,
17:10:00,769849,210,E,FF,34.211728,-118.228265,OCEAN VIEW,18.18,240.33333333333334,77.33333333333333,105.0,58.0,,,
17:10:00,770170,210,E,FF,34.155812,-118.158089,EB 210 TO WB 134 #1,24.49,,,,,,,
17:10:00,773131,210,E,FF,34.15154,-118.146708,FAIR OAKS OFF,25.48,,,,,,,
17:10:00,775729,210,E,FF,34.155812,-118.158089,EB 210 CON,24.49,,,,,,,
17:10:00,776724,210,E,FF,34.156489,-118.158295,WINONA WAY,24.442,152.0,56.666666666666664,95.33333333333333,,,,
17:15:00,768916,210,E,FF,34.15099,-118.152369,NB 710 EXT TO EB 210,25.12,,,,,,,
17:15:00,769849,210,E,FF,34.211728,-118.228265,OCEAN VIEW,18.18,235.33333333333334,80.0,98.33333333333333,57.0,,,
17:15:00,770170,210,E,FF,34.155812,-118.158089,EB 210 TO WB 134 #1,24.49,,,,,,,
17:15:00,773131,210,E,FF,34.15154,-118.146708,FAIR OAKS OFF,25.48,,,,,,,
17:15:00,775729,210,E,FF,34.155812,-118.158089,EB 210 CON,24.49,,,,,,,
17:15:00,776724,210,E,FF,34.156489,-118.158295,WINONA WAY,24.442,118.33333333333333,51.0,67.33333333333333,,,,
17:20:00,768916,210,E,FF,34.15099,-118.152369,NB 710 EXT TO EB 210,25.12,,,,,,,
17:20:00,769849,210,E,FF,34.211728,-118.228265,OCEAN VIEW,18.18,232.33333333333334,77.66666666666667,99.33333333333333,55.333333333333336,,,
17:20:00,770170,210,E,FF,34.155812,-118.158089,EB 210 TO WB 134 #1,24.49,,,,,,,
17:20:00,773131,210,E,FF,34.15154,-118.146708,FAIR OAKS OFF,25.48,,,,,,,
17:20:00,775729,210,E,FF,34.155812,-118.158089,EB 210 CON,24.49,,,,,,,
17:20:00,776724,210,E,FF,34.156489,-118.158295,WINONA WAY,24.442,148.0,64.0,84.0,,,,
17:25:00,768916,210,E,FF,34.15099,-118.152369,NB 710 EXT TO EB 210,25.12,,,,,,,
17:25:00,769849,210,E,FF,34.211728,-118.228265,OCEAN VIEW,18.18,228.33333333333334,71.33333333333333,100.0,57.0,,,
17:25:00,770170,210,E,FF,34.155812,-118.158089,EB 210 TO WB 134 #1,24.49,,,,,,,
17:25:00,773131,210,E,FF,34.15154,-118.146708,FAIR OAKS OFF,25.48,,,,,,,
17:25:00,775729,210,E,FF,34.155812,-118.158089,EB 210 CON,24.49,,,,,,,
17:25:00,776724,210,E,FF,34.156489,-118.158295,WINONA WAY,24.442,139.66666666666666,68.33333333333333,71.33333333333333,,,,
17:30:00,768916,210,E,FF,34.15099,-118.152369,NB 710 EXT TO EB 210,25.12,,,,,,,
17:30:00,769849,210,E,FF,34.211728,-118.228265,OCEAN VIEW,18.18,243.66666666666666,80.66666666666667,101.66666666666667,61.333333333333336,,,
17:30:00,770170,210,E,FF,34.155812,-118.158089,EB 210 TO WB 134 #1,24.49,,,,,,,
17:30:00,773131,210,E,FF,34.15154,-118.146708,FAIR OAKS OFF,25.48,,,,,,,
17:30:00,775729,210,E,FF,34.155812,-118.158089,EB 210 CON,24.49,,,,,,,
17:30:00,776724,210,E,FF,34.156489,-118.158295,WINONA WAY,24.442,142.66666666666666,58.333333333333336,84.33333333333333,,,,
17:35:00,768916,210,E,FF,34.15099,-118.152369,NB 710 EXT TO EB 210,25.12,,,,,,,
17:35:00,769849,210,E,FF,34.211728,-118.228265,OCEAN VIEW,18.18,228.33333333333334,75.33333333333333,98.33333333333333,54.666666666666664,,,
17:35:00,770170,210,E,FF,34.155812,-118.158089,EB 210 TO WB 134 #1,24.49,,,,,,,
17:35:00,773131,210,E,FF,34.15154,-118.146708,FAIR OAKS OFF,25.48,,,,,,,
17:35:00,775729,210,E,FF,34.155812,-118.158089,EB 210 CON,24.49,,,,,,,
17:35:00,776724,210,E,FF,34.156489,-118.158295,WINONA WAY,24.442,127.33333333333333,53.333333333333336,74.0,,,,
17:40:00,768916,210,E,FF,34.15099,-118.152369,NB 710 EXT TO EB 210,25.12,,,,,,,
17:40:00,769849,210,E,FF,34.211728,-118.228265,OCEAN VIEW,18.18,233.33333333333334,71.0,102.66666666666667,59.666666666666664,,,
17:40:00,770170,210,E,FF,34.155812,-118.158089,EB 210 TO WB 134 #1,24.49,,,,,,,
17:40:00,773131,210,E,FF,34.15154,-118.146708,FAIR OAKS OFF,25.48,,,,,,,
17:40:00,775729,210,E,FF,34.155812,-118.158089,EB 210 CON,24.49,,,,,,,
17:40:00,776724,210,E,FF,34.156489,-118.158295,WINONA WAY,24.442,163.66666666666666,74.0,89.66666666666667,,,,
17:45:00,768916,210,E,FF,34.15099,-118.152369,NB 710 EXT TO EB 210,25.12,,,,,,,
17:45:00,769849,210,E,FF,34.211728,-118.228265,OCEAN VIEW,18.18,220.0,69.66666666666667,93.0,57.333333333333336,,,
17:45:00,770170,210,E,FF,34.155812,-118.158089,EB 210 TO WB 134 #1,24.49,,,,,,,
17:45:00,773131,210,E,FF,34.15154,-118.146708,FAIR OAKS OFF,25.48,,,,,,,
17:45:00,775729,210,E,FF,34.155812,-118.158089,EB 210 CON,24.49,,,,,,,
17:45:00,776724,210,E,FF,34.156489,-118.158295,WINONA WAY,24.442,146.0,62.0,84.0,,,,
17:50:00,768916,210,E,FF,34.15099,-118.152369,NB 710 EXT TO EB 210,25.12,,,,,,,
17:50:00,769849,210,E,FF,34.211728,-118.228265,OCEAN VIEW,18.18,228.33333333333334,74.0,96.33333333333333,58.0,,,
17:50:00,770170,210,E,FF,34.155812,-118.158089,EB 210 TO WB 134 #1,24.49,,,,,,,
17:50:00,773131,210,E,FF,34.15154,-118.146708,FAIR OAKS OFF,25.48,,,,,,,
17:50:00,775729,210,E,FF,34.155812,-118.158089,EB 210 CON,24.49,,,,,,,
17:50:00,776724,210,E,FF,34.156489,-118.158295,WINONA WAY,24.442,139.0,57.0,82.0,,,,
17:55:00,768916,210,E,FF,34.15099,-118.152369,NB 710 EXT TO EB 210,25.12,,,,,,,
17:55:00,769849,210,E,FF,34.211728,-118.228265,OCEAN VIEW,18.18,205.66666666666666,64.33333333333333,90.66666666666667,50.666666666666664,,,
17:55:00,770170,210,E,FF,34.155812,-118.158089,EB 210 TO WB 134 #1,24.49,,,,,,,
17:55:00,773131,210,E,FF,34.15154,-118.146708,FAIR OAKS OFF,25.48,,,,,,,
17:55:00,775729,210,E,FF,34.155812,-118.158089,EB 210 CON,24.49,,,,,,,
17:55:00,776724,210,E,FF,34.156489,-118.158295,WINONA WAY,24.442,155.33333333333334,64.66666666666667,90.66666666666667,,,,
18:00:00,768916,210,E,FF,34.15099,-118.152369,NB 710 EXT TO EB 210,25.12,,,,,,,
18:00:00,769849,210,E,FF,34.211728,-118.228265,OCEAN VIEW,18.18,219.33333333333334,72.66666666666667,96.0,50.666666666666664,,,
18:00:00,770170,210,E,FF,34.155812,-118.158089,EB 210 TO WB 134 #1,24.49,,,,,,,
18:00:00,773131,210,E,FF,34.15154,-118.146708,FAIR OAKS OFF,25.48,,,,,,,
18:00:00,775729,210,E,FF,34.155812,-118.158089,EB 210 CON,24.49,,,,,,,
18:00:00,776724,210,E,FF,34.156489,-118.158295,WINONA WAY,24.442,94.0,39.333333333333336,54.666666666666664,,,,
18:05:00,768916,210,E,FF,34.15099,-118.152369,NB 710 EXT TO EB 210,25.12,,,,,,,
18:05:00,769849,210,E,FF,34.211728,-118.228265,OCEAN VIEW,18.18,237.0,69.66666666666667,107.66666666666667,59.666666666666664,,,
18:05:00,770170,210,E,FF,34.155812,-118.158089,EB 210 TO WB 134 #1,24.49,,,,,,,
18:05:00,773131,210,E,FF,34.15154,-118.146708,FAIR OAKS OFF,25.48,,,,,,,
18:05:00,775729,210,E,FF,34.155812,-118.158089,EB 210 CON,24.49,,,,,,,
18:05:00,776724,210,E,FF,34.156489,-118.158295,WINONA WAY,24.442,156.66666666666666,66.66666666666667,90.0,,,,
18:10:00,768916,210,E,FF,34.15099,-118.152369,NB 710 EXT TO EB 210,25.12,,,,,,,
18:10:00,769849,210,E,FF,34.211728,-118.228265,OCEAN VIEW,18.18,223.0,66.33333333333333,99.33333333333333,57.333333333333336,,,
18:10:00,770170,210,E,FF,34.155812,-118.158089,EB 210 TO WB 134 #1,24.49,,,,,,,
18:10:00,773131,210,E,FF,34.15154,-118.146708,FAIR OAKS OFF,25.48,,,,,,,
18:10:00,775729,210,E,FF,34.155812,-118.158089,EB 210 CON,24.49,,,,,,,
18:10:00,776724,210,E,FF,34.156489,-118.158295,WINONA WAY,24.442,184.66666666666666,76.66666666666667,108.0,,,,
18:15:00,768916,210,E,FF,34.15099,-118.152369,NB 710 EXT TO EB 210,25.12,,,,,,,
18:15:00,769849,210,E,FF,34.211728,-118.228265,OCEAN VIEW,18.18,232.0,74.0,102.0,56.0,,,
18:15:00,770170,210,E,FF,34.155812,-118.158089,EB 210 TO WB 134 #1,24.49,,,,,,,
18:15:00,773131,210,E,FF,34.15154,-118.146708,FAIR OAKS OFF,25.48,,,,,,,
18:15:00,775729,210,E,FF,34.155812,-118.158089,EB 210 CON,24.49,,,,,,,
18:15:00,776724,210,E,FF,34.156489,-118.158295,WINONA WAY,24.442,153.66666666666666,63.333333333333336,90.33333333333333,,,,
18:20:00,768916,210,E,FF,34.15099,-118.152369,NB 710 EXT TO EB 210,25.12,,,,,,,
18:20:00,769849,210,E,FF,34.211728,-118.228265,OCEAN VIEW,18.18,238.66666666666666,74.33333333333333,107.33333333333333,57.0,,,
18:20:00,770170,210,E,FF,34.155812,-118.158089,EB 210 TO WB 134 #1,24.49,,,,,,,
18:20:00,773131,210,E,FF,34.15154,-118.146708,FAIR OAKS OFF,25.48,,,,,,,
18:20:00,775729,210,E,FF,34.155812,-118.158089,EB 210 CON,24.49,,,,,,,
18:20:00,776724,210,E,FF,34.156489,-118.158295,WINONA WAY,24.442,155.0,57.0,98.0,,,,
18:25:00,768916,210,E,FF,34.15099,-118.152369,NB 710 EXT TO EB 210,25.12,,,,,,,
18:25:00,769849,210,E,FF,34.211728,-118.228265,OCEAN VIEW,18.18,225.33333333333334,71.0,96.33333333333333,58.0,,,
18:25:00,770170,210,E,FF,34.155812,-118.158089,EB 210 TO WB 134 #1,24.49,,,,,,,
18:25:00,773131,210,E,FF,34.15154,-118.146708,FAIR OAKS OFF,25.48,,,,,,,
18:25:00,775729,210,E,FF,34.155812,-118.158089,EB 210 CON,24.49,,,,,,,
18:25:00,776724,210,E,FF,34.156489,-118.158295,WINONA WAY,24.442,138.33333333333334,58.666666666666664,79.66666666666667,,,,
18:30:00,768916,210,E,FF,34.15099,-118.152369,NB 710 EXT TO EB 210,25.12,,,,,,,
18:30:00,769849,210,E,FF,34.211728,-118.228265,OCEAN VIEW,18.18,226.33333333333334,70.66666666666667,97.0,58.666666666666664,,,
18:30:00,770170,210,E,FF,34.155812,-118.158089,EB 210 TO WB 134 #1,24.49,,,,,,,
18:30:00,773131,210,E,FF,34.15154,-118.146708,FAIR OAKS OFF,25.48,,,,,,,
18:30:00,775729,210,E,FF,34.155812,-118.158089,EB 210 CON,24.49,,,,,,,
18:30:00,776724,210,E,FF,34.156489,-118.158295,WINONA WAY,24.442,151.0,64.33333333333333,86.66666666666667,,,,
18:35:00,768916,210,E,FF,34.15099,-118.152369,NB 710 EXT TO EB 210,25.12,,,,,,,
18:35:00,769849,210,E,FF,34.211728,-118.228265,OCEAN VIEW,18.18,177.66666666666666,50.0,83.33333333333333,44.333333333333336,,,
18:35:00,770170,210,E,FF,34.155812,-118.158089,EB 210 TO WB 134 #1,24.49,,,,,,,
18:35:00,773131,210,E,FF,34.15154,-118.146708,FAIR OAKS OFF,25.48,,,,,,,
18:35:00,775729,210,E,FF,34.155812,-118.158089,EB 210 CON,24.49,,,,,,,
18:35:00,776724,210,E,FF,34.156489,-118.158295,WINONA WAY,24.442,160.33333333333334,71.33333333333333,89.0,,,,
18:40:00,768916,210,E,FF,34.15099,-118.152369,NB 710 EXT TO EB 210,25.12,,,,,,,
18:40:00,769849,210,E,FF,34.211728,-118.228265,OCEAN VIEW,18.18,164.66666666666666,46.666666666666664,77.66666666666667,40.333333333333336,,,
18:40:00,770170,210,E,FF,34.155812,-118.158089,EB 210 TO WB 134 #1,24.49,,,,,,,
18:40:00,773131,210,E,FF,34.15154,-118.146708,FAIR OAKS OFF,25.48,,,,,,,
18:40:00,775729,210,E,FF,34.155812,-118.158089,EB 210 CON,24.49,,,,,,,
18:40:00,776724,210,E,FF,34.156489,-118.158295,WINONA WAY,24.442,191.66666666666666,91.0,100.66666666666667,,,,
18:45:00,768916,210,E,FF,34.15099,-118.152369,NB 710 EXT TO EB 210,25.12,,,,,,,
18:45:00,769849,210,E,FF,34.211728,-118.228265,OCEAN VIEW,18.18,166.0,48.0,78.66666666666667,39.333333333333336,,,
18:45:00,770170,210,E,FF,34.155812,-118.158089,EB 210 TO WB 134 #1,24.49,,,,,,,
18:45:00,773131,210,E,FF,34.15154,-118.146708,FAIR OAKS OFF,25.48,,,,,,,
18:45:00,775729,210,E,FF,34.155812,-118.158089,EB 210 CON,24.49,,,,,,,
18:45:00,776724,210,E,FF,34.156489,-118.158295,WINONA WAY,24.442,233.0,114.0,119.0,,,,
18:50:00,768916,210,E,FF,34.15099,-118.152369,NB 710 EXT TO EB 210,25.12,,,,,,,
18:50:00,769849,210,E,FF,34.211728,-118.228265,OCEAN VIEW,18.18,144.66666666666666,38.333333333333336,71.0,35.333333333333336,,,
18:50:00,770170,210,E,FF,34.155812,-118.158089,EB 210 TO WB 134 #1,24.49,,,,,,,
18:50:00,773131,210,E,FF,34.15154,-118.146708,FAIR OAKS OFF,25.48,,,,,,,
18:50:00,775729,210,E,FF,34.155812,-118.158089,EB 210 CON,24.49,,,,,,,
18:50:00,776724,210,E,FF,34.156489,-118.158295,WINONA WAY,24.442,222.66666666666666,117.0,105.66666666666667,,,,
18:55:00,768916,210,E,FF,34.15099,-118.152369,NB 710 EXT TO EB 210,25.12,,,,,,,
18:55:00,769849,210,E,FF,34.211728,-118.228265,OCEAN VIEW,18.18,133.66666666666666,37.666666666666664,63.0,33.0,,,
18:55:00,770170,210,E,FF,34.155812,-118.158089,EB 210 TO WB 134 #1,24.49,,,,,,,
18:55:00,773131,210,E,FF,34.15154,-118.146708,FAIR OAKS OFF,25.48,,,,,,,
18:55:00,775729,210,E,FF,34.155812,-118.158089,EB 210 CON,24.49,,,,,,,
18:55:00,776724,210,E,FF,34.156489,-118.158295,WINONA WAY,24.442,203.33333333333334,115.0,88.33333333333333,,,,
19:00:00,768916,210,E,FF,34.15099,-118.152369,NB 710 EXT TO EB 210,25.12,,,,,,,
19:00:00,769849,210,E,FF,34.211728,-118.228265,OCEAN VIEW,18.18,112.66666666666667,32.666666666666664,56.0,24.0,,,
19:00:00,770170,210,E,FF,34.155812,-118.158089,EB 210 TO WB 134 #1,24.49,,,,,,,
19:00:00,773131,210,E,FF,34.15154,-118.146708,FAIR OAKS OFF,25.48,,,,,,,
19:00:00,775729,210,E,FF,34.155812,-118.158089,EB 210 CON,24.49,,,,,,,
19:00:00,776724,210,E,FF,34.156489,-118.158295,WINONA WAY,24.442,229.0,115.0,114.0,,,,
19:05:00,768916,210,E,FF,34.15099,-118.152369,NB 710 EXT TO EB 210,25.12,,,,,,,
19:05:00,769849,210,E,FF,34.211728,-118.228265,OCEAN VIEW,18.18,114.33333333333333,32.333333333333336,55.666666666666664,26.333333333333332,,,
19:05:00,770170,210,E,FF,34.155812,-118.158089,EB 210 TO WB 134 #1,24.49,,,,,,,
19:05:00,773131,210,E,FF,34.15154,-118.146708,FAIR OAKS OFF,25.48,,,,,,,
19:05:00,775729,210,E,FF,34.155812,-118.158089,EB 210 CON,24.49,,,,,,,
19:05:00,776724,210,E,FF,34.156489,-118.158295,WINONA WAY,24.442,218.0,118.0,100.0,,,,
19:10:00,768916,210,E,FF,34.15099,-118.152369,NB 710 EXT TO EB 210,25.12,,,,,,,
19:10:00,769849,210,E,FF,34.211728,-118.228265,OCEAN VIEW,18.18,108.0,33.0,52.0,23.0,,,
19:10:00,770170,210,E,FF,34.155812,-118.158089,EB 210 TO WB 134 #1,24.49,,,,,,,
19:10:00,773131,210,E,FF,34.15154,-118.146708,FAIR OAKS OFF,25.48,,,,,,,
19:10:00,775729,210,E,FF,34.155812,-118.158089,EB 210 CON,24.49,,,,,,,
19:10:00,776724,210,E,FF,34.156489,-118.158295,WINONA WAY,24.442,228.66666666666666,117.33333333333333,111.33333333333333,,,,
19:15:00,768916,210,E,FF,34.15099,-118.152369,NB 710 EXT TO EB 210,25.12,,,,,,,
19:15:00,769849,210,E,FF,34.211728,-118.228265,OCEAN VIEW,18.18,96.33333333333333,23.0,50.0,23.333333333333332,,,
19:15:00,770170,210,E,FF,34.155812,-118.158089,EB 210 TO WB 134 #1,24.49,,,,,,,
19:15:00,773131,210,E,FF,34.15154,-118.146708,FAIR OAKS OFF,25.48,,,,,,,
19:15:00,775729,210,E,FF,34.155812,-118.158089,EB 210 CON,24.49,,,,,,,
19:15:00,776724,210,E,FF,34.156489,-118.158295,WINONA WAY,24.442,245.66666666666666,124.66666666666667,121.0,,,,
19:20:00,768916,210,E,FF,34.15099,-118.152369,NB 710 EXT TO EB 210,25.12,,,,,,,
19:20:00,769849,210,E,FF,34.211728,-118.228265,OCEAN VIEW,18.18,96.0,25.666666666666668,48.333333333333336,22.0,,,
19:20:00,770170,210,E,FF,34.155812,-118.158089,EB 210 TO WB 134 #1,24.49,,,,,,,
19:20:00,773131,210,E,FF,34.15154,-118.146708,FAIR OAKS OFF,25.48,,,,,,,
19:20:00,775729,210,E,FF,34.155812,-118.158089,EB 210 CON,24.49,,,,,,,
19:20:00,776724,210,E,FF,34.156489,-118.158295,WINONA WAY,24.442,216.0,109.33333333333333,106.66666666666667,,,,
19:25:00,768916,210,E,FF,34.15099,-118.152369,NB 710 EXT TO EB 210,25.12,,,,,,,
19:25:00,769849,210,E,FF,34.211728,-118.228265,OCEAN VIEW,18.18,96.66666666666667,26.0,50.333333333333336,20.333333333333332,,,
19:25:00,770170,210,E,FF,34.155812,-118.158089,EB 210 TO WB 134 #1,24.49,,,,,,,
19:25:00,773131,210,E,FF,34.15154,-118.146708,FAIR OAKS OFF,25.48,,,,,,,
19:25:00,775729,210,E,FF,34.155812,-118.158089,EB 210 CON,24.49,,,,,,,
19:25:00,776724,210,E,FF,34.156489,-118.158295,WINONA WAY,24.442,201.0,108.0,93.0,,,,
19:30:00,768916,210,E,FF,34.15099,-118.152369,NB 710 EXT TO EB 210,25.12,,,,,,,
19:30:00,769849,210,E,FF,34.211728,-118.228265,OCEAN VIEW,18.18,70.66666666666667,19.333333333333332,36.333333333333336,15.0,,,
19:30:00,770170,210,E,FF,34.155812,-118.158089,EB 210 TO WB 134 #1,24.49,,,,,,,
19:30:00,773131,210,E,FF,34.15154,-118.146708,FAIR OAKS OFF,25.48,,,,,,,
19:30:00,775729,210,E,FF,34.155812,-118.158089,EB 210 CON,24.49,,,,,,,
19:30:00,776724,210,E,FF,34.156489,-118.158295,WINONA WAY,24.442,206.66666666666666,107.66666666666667,99.0,,,,
19:35:00,768916,210,E,FF,34.15099,-118.152369,NB 710 EXT TO EB 210,25.12,,,,,,,
19:35:00,769849,210,E,FF,34.211728,-118.228265,OCEAN VIEW,18.18,69.0,17.0,34.666666666666664,17.333333333333332,,,
19:35:00,770170,210,E,FF,34.155812,-118.158089,EB 210 TO WB 134 #1,24.49,,,,,,,
19:35:00,773131,210,E,FF,34.15154,-118.146708,FAIR OAKS OFF,25.48,,,,,,,
19:35:00,775729,210,E,FF,34.155812,-118.158089,EB 210 CON,24.49,,,,,,,
19:35:00,776724,210,E,FF,34.156489,-118.158295,WINONA WAY,24.442,186.66666666666666,93.0,93.66666666666667,,,,
19:40:00,768916,210,E,FF,34.15099,-118.152369,NB 710 EXT TO EB 210,25.12,,,,,,,
19:40:00,769849,210,E,FF,34.211728,-118.228265,OCEAN VIEW,18.18,80.66666666666667,24.0,40.666666666666664,16.0,,,
19:40:00,770170,210,E,FF,34.155812,-118.158089,EB 210 TO WB 134 #1,24.49,,,,,,,
19:40:00,773131,210,E,FF,34.15154,-118.146708,FAIR OAKS OFF,25.48,,,,,,,
19:40:00,775729,210,E,FF,34.155812,-118.158089,EB 210 CON,24.49,,,,,,,
19:40:00,776724,210,E,FF,34.156489,-118.158295,WINONA WAY,24.442,203.33333333333334,100.33333333333333,103.0,,,,
19:45:00,768916,210,E,FF,34.15099,-118.152369,NB 710 EXT TO EB 210,25.12,,,,,,,
19:45:00,769849,210,E,FF,34.211728,-118.228265,OCEAN VIEW,18.18,82.0,24.666666666666668,40.0,17.333333333333332,,,
19:45:00,770170,210,E,FF,34.155812,-118.158089,EB 210 TO WB 134 #1,24.49,,,,,,,
19:45:00,773131,210,E,FF,34.15154,-118.146708,FAIR OAKS OFF,25.48,,,,,,,
19:45:00,775729,210,E,FF,34.155812,-118.158089,EB 210 CON,24.49,,,,,,,
19:45:00,776724,210,E,FF,34.156489,-118.158295,WINONA WAY,24.442,198.33333333333334,106.66666666666667,91.66666666666667,,,,
19:50:00,768916,210,E,FF,34.15099,-118.152369,NB 710 EXT TO EB 210,25.12,,,,,,,
19:50:00,769849,210,E,FF,34.211728,-118.228265,OCEAN VIEW,18.18,67.33333333333333,20.0,31.333333333333332,16.0,,,
19:50:00,770170,210,E,FF,34.155812,-118.158089,EB 210 TO WB 134 #1,24.49,,,,,,,
19:50:00,773131,210,E,FF,34.15154,-118.146708,FAIR OAKS OFF,25.48,,,,,,,
19:50:00,775729,210,E,FF,34.155812,-118.158089,EB 210 CON,24.49,,,,,,,
19:50:00,776724,210,E,FF,34.156489,-118.158295,WINONA WAY,24.442,187.66666666666666,92.0,95.66666666666667,,,,
19:55:00,768916,210,E,FF,34.15099,-118.152369,NB 710 EXT TO EB 210,25.12,,,,,,,
19:55:00,769849,210,E,FF,34.211728,-118.228265,OCEAN VIEW,18.18,72.33333333333333,21.333333333333332,33.333333333333336,17.666666666666668,,,
19:55:00,770170,210,E,FF,34.155812,-118.158089,EB 210 TO WB 134 #1,24.49,,,,,,,
19:55:00,773131,210,E,FF,34.15154,-118.146708,FAIR OAKS OFF,25.48,,,,,,,
19:55:00,775729,210,E,FF,34.155812,-118.158089,EB 210 CON,24.49,,,,,,,
19:55:00,776724,210,E,FF,34.156489,-118.158295,WINONA WAY,24.442,181.0,82.66666666666667,98.33333333333333,,,,
20:00:00,768916,210,E,FF,34.15099,-118.152369,NB 710 EXT TO EB 210,25.12,,,,,,,
20:00:00,769849,210,E,FF,34.211728,-118.228265,OCEAN VIEW,18.18,59.333333333333336,12.666666666666666,33.666666666666664,13.0,,,
20:00:00,770170,210,E,FF,34.155812,-118.158089,EB 210 TO WB 134 #1,24.49,,,,,,,
20:00:00,773131,210,E,FF,34.15154,-118.146708,FAIR OAKS OFF,25.48,,,,,,,
20:00:00,775729,210,E,FF,34.155812,-118.158089,EB 210 CON,24.49,,,,,,,
20:00:00,776724,210,E,FF,34.156489,-118.158295,WINONA WAY,24.442,173.33333333333334,92.33333333333333,81.0,,,,
20:05:00,768916,210,E,FF,34.15099,-118.152369,NB 710 EXT TO EB 210,25.12,,,,,,,
20:05:00,769849,210,E,FF,34.211728,-118.228265,OCEAN VIEW,18.18,62.666666666666664,16.666666666666668,34.333333333333336,11.666666666666666,,,
20:05:00,770170,210,E,FF,34.155812,-118.158089,EB 210 TO WB 134 #1,24.49,,,,,,,
20:05:00,773131,210,E,FF,34.15154,-118.146708,FAIR OAKS OFF,25.48,,,,,,,
20:05:00,775729,210,E,FF,34.155812,-118.158089,EB 210 CON,24.49,,,,,,,
20:05:00,776724,210,E,FF,34.156489,-118.158295,WINONA WAY,24.442,149.33333333333334,77.33333333333333,72.0,,,,
20:10:00,768916,210,E,FF,34.15099,-118.152369,NB 710 EXT TO EB 210,25.12,,,,,,,
20:10:00,769849,210,E,FF,34.211728,-118.228265,OCEAN VIEW,18.18,58.0,15.333333333333334,30.0,12.666666666666666,,,
20:10:00,770170,210,E,FF,34.155812,-118.158089,EB 210 TO WB 134 #1,24.49,,,,,,,
20:10:00,773131,210,E,FF,34.15154,-118.146708,FAIR OAKS OFF,25.48,,,,,,,
20:10:00,775729,210,E,FF,34.155812,-118.158089,EB 210 CON,24.49,,,,,,,
20:10:00,776724,210,E,FF,34.156489,-118.158295,WINONA WAY,24.442,169.66666666666666,89.0,80.66666666666667,,,,
20:15:00,768916,210,E,FF,34.15099,-118.152369,NB 710 EXT TO EB 210,25.12,,,,,,,
20:15:00,769849,210,E,FF,34.211728,-118.228265,OCEAN VIEW,18.18,58.666666666666664,15.0,29.0,14.666666666666666,,,
20:15:00,770170,210,E,FF,34.155812,-118.158089,EB 210 TO WB 134 #1,24.49,,,,,,,
20:15:00,773131,210,E,FF,34.15154,-118.146708,FAIR OAKS OFF,25.48,,,,,,,
20:15:00,775729,210,E,FF,34.155812,-118.158089,EB 210 CON,24.49,,,,,,,
20:15:00,776724,210,E,FF,34.156489,-118.158295,WINONA WAY,24.442,167.66666666666666,89.66666666666667,78.0,,,,
20:20:00,768916,210,E,FF,34.15099,-118.152369,NB 710 EXT TO EB 210,25.12,,,,,,,
20:20:00,769849,210,E,FF,34.211728,-118.228265,OCEAN VIEW,18.18,61.333333333333336,16.0,31.0,14.333333333333334,,,
20:20:00,770170,210,E,FF,34.155812,-118.158089,EB 210 TO WB 134 #1,24.49,,,,,,,
20:20:00,773131,210,E,FF,34.15154,-118.146708,FAIR OAKS OFF,25.48,,,,,,,
20:20:00,775729,210,E,FF,34.155812,-118.158089,EB 210 CON,24.49,,,,,,,
20:20:00,776724,210,E,FF,34.156489,-118.158295,WINONA WAY,24.442,147.33333333333334,76.0,71.33333333333333,,,,
20:25:00,768916,210,E,FF,34.15099,-118.152369,NB 710 EXT TO EB 210,25.12,,,,,,,
20:25:00,769849,210,E,FF,34.211728,-118.228265,OCEAN VIEW,18.18,58.333333333333336,17.0,29.666666666666668,11.666666666666666,,,
20:25:00,770170,210,E,FF,34.155812,-118.158089,EB 210 TO WB 134 #1,24.49,,,,,,,
20:25:00,773131,210,E,FF,34.15154,-118.146708,FAIR OAKS OFF,25.48,,,,,,,
20:25:00,775729,210,E,FF,34.155812,-118.158089,EB 210 CON,24.49,,,,,,,
20:25:00,776724,210,E,FF,34.156489,-118.158295,WINONA WAY,24.442,188.33333333333334,110.0,78.33333333333333,,,,
20:30:00,768916,210,E,FF,34.15099,-118.152369,NB 710 EXT TO EB 210,25.12,,,,,,,
20:30:00,769849,210,E,FF,34.211728,-118.228265,OCEAN VIEW,18.18,49.333333333333336,10.333333333333334,28.666666666666668,10.333333333333334,,,
20:30:00,770170,210,E,FF,34.155812,-118.158089,EB 210 TO WB 134 #1,24.49,,,,,,,
20:30:00,773131,210,E,FF,34.15154,-118.146708,FAIR OAKS OFF,25.48,,,,,,,
20:30:00,775729,210,E,FF,34.155812,-118.158089,EB 210 CON,24.49,,,,,,,
20:30:00,776724,210,E,FF,34.156489,-118.158295,WINONA WAY,24.442,166.66666666666666,90.66666666666667,76.0,,,,
20:35:00,768916,210,E,FF,34.15099,-118.152369,NB 710 EXT TO EB 210,25.12,,,,,,,
20:35:00,769849,210,E,FF,34.211728,-118.228265,OCEAN VIEW,18.18,59.333333333333336,10.666666666666666,30.666666666666668,18.0,,,
20:35:00,770170,210,E,FF,34.155812,-118.158089,EB 210 TO WB 134 #1,24.49,,,,,,,
20:35:00,773131,210,E,FF,34.15154,-118.146708,FAIR OAKS OFF,25.48,,,,,,,
20:35:00,775729,210,E,FF,34.155812,-118.158089,EB 210 CON,24.49,,,,,,,
20:35:00,776724,210,E,FF,34.156489,-118.158295,WINONA WAY,24.442,153.66666666666666,89.0,64.66666666666667,,,,
20:40:00,768916,210,E,FF,34.15099,-118.152369,NB 710 EXT TO EB 210,25.12,,,,,,,
20:40:00,769849,210,E,FF,34.211728,-118.228265,OCEAN VIEW,18.18,54.0,13.666666666666666,28.666666666666668,11.666666666666666,,,
20:40:00,770170,210,E,FF,34.155812,-118.158089,EB 210 TO WB 134 #1,24.49,,,,,,,
20:40:00,773131,210,E,FF,34.15154,-118.146708,FAIR OAKS OFF,25.48,,,,,,,
20:40:00,775729,210,E,FF,34.155812,-118.158089,EB 210 CON,24.49,,,,,,,
20:40:00,776724,210,E,FF,34.156489,-118.158295,WINONA WAY,24.442,187.66666666666666,103.66666666666667,84.0,,,,
20:45:00,768916,210,E,FF,34.15099,-118.152369,NB 710 EXT TO EB 210,25.12,,,,,,,
20:45:00,769849,210,E,FF,34.211728,-118.228265,OCEAN VIEW,18.18,54.0,12.0,30.333333333333332,11.666666666666666,,,
20:45:00,770170,210,E,FF,34.155812,-118.158089,EB 210 TO WB 134 #1,24.49,,,,,,,
20:45:00,773131,210,E,FF,34.15154,-118.146708,FAIR OAKS OFF,25.48,,,,,,,
20:45:00,775729,210,E,FF,34.155812,-118.158089,EB 210 CON,24.49,,,,,,,
20:45:00,776724,210,E,FF,34.156489,-118.158295,WINONA WAY,24.442,158.66666666666666,83.66666666666667,75.0,,,,
20:50:00,768916,210,E,FF,34.15099,-118.152369,NB 710 EXT TO EB 210,25.12,,,,,,,
20:50:00,769849,210,E,FF,34.211728,-118.228265,OCEAN VIEW,18.18,53.333333333333336,11.0,29.333333333333332,13.0,,,
20:50:00,770170,210,E,FF,34.155812,-118.158089,EB 210 TO WB 134 #1,24.49,,,,,,,
20:50:00,773131,210,E,FF,34.15154,-118.146708,FAIR OAKS OFF,25.48,,,,,,,
20:50:00,775729,210,E,FF,34.155812,-118.158089,EB 210 CON,24.49,,,,,,,
20:50:00,776724,210,E,FF,34.156489,-118.158295,WINONA WAY,24.442,150.33333333333334,84.0,66.33333333333333,,,,
20:55:00,768916,210,E,FF,34.15099,-118.152369,NB 710 EXT TO EB 210,25.12,,,,,,,
20:55:00,769849,210,E,FF,34.211728,-118.228265,OCEAN VIEW,18.18,43.666666666666664,12.333333333333334,22.666666666666668,8.666666666666666,,,
20:55:00,770170,210,E,FF,34.155812,-118.158089,EB 210 TO WB 134 #1,24.49,,,,,,,
20:55:00,773131,210,E,FF,34.15154,-118.146708,FAIR OAKS OFF,25.48,,,,,,,
20:55:00,775729,210,E,FF,34.155812,-118.158089,EB 210 CON,24.49,,,,,,,
20:55:00,776724,210,E,FF,34.156489,-118.158295,WINONA WAY,24.442,157.0,88.0,69.0,,,,
21:00:00,768916,210,E,FF,34.15099,-118.152369,NB 710 EXT TO EB 210,25.12,,,,,,,
21:00:00,769849,210,E,FF,34.211728,-118.228265,OCEAN VIEW,18.18,49.666666666666664,14.333333333333334,25.0,10.333333333333334,,,
21:00:00,770170,210,E,FF,34.155812,-118.158089,EB 210 TO WB 134 #1,24.49,,,,,,,
21:00:00,773131,210,E,FF,34.15154,-118.146708,FAIR OAKS OFF,25.48,,,,,,,
21:00:00,775729,210,E,FF,34.155812,-118.158089,EB 210 CON,24.49,,,,,,,
21:00:00,776724,210,E,FF,34.156489,-118.158295,WINONA WAY,24.442,128.0,67.66666666666667,60.333333333333336,,,,
21:05:00,768916,210,E,FF,34.15099,-118.152369,NB 710 EXT TO EB 210,25.12,,,,,,,
21:05:00,769849,210,E,FF,34.211728,-118.228265,OCEAN VIEW,18.18,42.0,9.666666666666666,24.666666666666668,7.666666666666667,,,
21:05:00,770170,210,E,FF,34.155812,-118.158089,EB 210 TO WB 134 #1,24.49,,,,,,,
21:05:00,773131,210,E,FF,34.15154,-118.146708,FAIR OAKS OFF,25.48,,,,,,,
21:05:00,775729,210,E,FF,34.155812,-118.158089,EB 210 CON,24.49,,,,,,,
21:05:00,776724,210,E,FF,34.156489,-118.158295,WINONA WAY,24.442,141.33333333333334,74.0,67.33333333333333,,,,
21:10:00,768916,210,E,FF,34.15099,-118.152369,NB 710 EXT TO EB 210,25.12,,,,,,,
21:10:00,769849,210,E,FF,34.211728,-118.228265,OCEAN VIEW,18.18,49.333333333333336,10.666666666666666,26.0,12.666666666666666,,,
21:10:00,770170,210,E,FF,34.155812,-118.158089,EB 210 TO WB 134 #1,24.49,,,,,,,
21:10:00,773131,210,E,FF,34.15154,-118.146708,FAIR OAKS OFF,25.48,,,,,,,
21:10:00,775729,210,E,FF,34.155812,-118.158089,EB 210 CON,24.49,,,,,,,
21:10:00,776724,210,E,FF,34.156489,-118.158295,WINONA WAY,24.442,144.0,81.66666666666667,62.333333333333336,,,,
21:15:00,768916,210,E,FF,34.15099,-118.152369,NB 710 EXT TO EB 210,25.12,,,,,,,
21:15:00,769849,210,E,FF,34.211728,-118.228265,OCEAN VIEW,18.18,49.333333333333336,13.666666666666666,24.666666666666668,11.0,,,
21:15:00,770170,210,E,FF,34.155812,-118.158089,EB 210 TO WB 134 #1,24.49,,,,,,,
21:15:00,773131,210,E,FF,34.15154,-118.146708,FAIR OAKS OFF,25.48,,,,,,,
21:15:00,775729,210,E,FF,34.155812,-118.158089,EB 210 CON,24.49,,,,,,,
21:15:00,776724,210,E,FF,34.156489,-118.158295,WINONA WAY,24.442,132.0,64.0,68.0,,,,
21:20:00,768916,210,E,FF,34.15099,-118.152369,NB 710 EXT TO EB 210,25.12,,,,,,,
21:20:00,769849,210,E,FF,34.211728,-118.228265,OCEAN VIEW,18.18,44.0,12.0,24.666666666666668,7.333333333333333,,,
21:20:00,770170,210,E,FF,34.155812,-118.158089,EB 210 TO WB 134 #1,24.49,,,,,,,
21:20:00,773131,210,E,FF,34.15154,-118.146708,FAIR OAKS OFF,25.48,,,,,,,
21:20:00,775729,210,E,FF,34.155812,-118.158089,EB 210 CON,24.49,,,,,,,
21:20:00,776724,210,E,FF,34.156489,-118.158295,WINONA WAY,24.442,130.0,63.0,67.0,,,,
21:25:00,768916,210,E,FF,34.15099,-118.152369,NB 710 EXT TO EB 210,25.12,,,,,,,
21:25:00,769849,210,E,FF,34.211728,-118.228265,OCEAN VIEW,18.18,44.666666666666664,10.333333333333334,25.0,9.333333333333334,,,
21:25:00,770170,210,E,FF,34.155812,-118.158089,EB 210 TO WB 134 #1,24.49,,,,,,,
21:25:00,773131,210,E,FF,34.15154,-118.146708,FAIR OAKS OFF,25.48,,,,,,,
21:25:00,775729,210,E,FF,34.155812,-118.158089,EB 210 CON,24.49,,,,,,,
21:25:00,776724,210,E,FF,34.156489,-118.158295,WINONA WAY,24.442,133.33333333333334,64.66666666666667,68.66666666666667,,,,
21:30:00,768916,210,E,FF,34.15099,-118.152369,NB 710 EXT TO EB 210,25.12,,,,,,,
21:30:00,769849,210,E,FF,34.211728,-118.228265,OCEAN VIEW,18.18,38.333333333333336,10.333333333333334,18.0,10.0,,,
21:30:00,770170,210,E,FF,34.155812,-118.158089,EB 210 TO WB 134 #1,24.49,,,,,,,
21:30:00,773131,210,E,FF,34.15154,-118.146708,FAIR OAKS OFF,25.48,,,,,,,
21:30:00,775729,210,E,FF,34.155812,-118.158089,EB 210 CON,24.49,,,,,,,
21:30:00,776724,210,E,FF,34.156489,-118.158295,WINONA WAY,24.442,135.0,67.33333333333333,67.66666666666667,,,,
21:35:00,768916,210,E,FF,34.15099,-118.152369,NB 710 EXT TO EB 210,25.12,,,,,,,
21:35:00,769849,210,E,FF,34.211728,-118.228265,OCEAN VIEW,18.18,43.666666666666664,10.0,24.0,9.666666666666666,,,
21:35:00,770170,210,E,FF,34.155812,-118.158089,EB 210 TO WB 134 #1,24.49,,,,,,,
21:35:00,773131,210,E,FF,34.15154,-118.146708,FAIR OAKS OFF,25.48,,,,,,,
21:35:00,775729,210,E,FF,34.155812,-118.158089,EB 210 CON,24.49,,,,,,,
21:35:00,776724,210,E,FF,34.156489,-118.158295,WINONA WAY,24.442,117.0,66.66666666666667,50.333333333333336,,,,
21:40:00,768916,210,E,FF,34.15099,-118.152369,NB 710 EXT TO EB 210,25.12,,,,,,,
21:40:00,769849,210,E,FF,34.211728,-118.228265,OCEAN VIEW,18.18,50.0,14.333333333333334,22.333333333333332,13.333333333333334,,,
21:40:00,770170,210,E,FF,34.155812,-118.158089,EB 210 TO WB 134 #1,24.49,,,,,,,
21:40:00,773131,210,E,FF,34.15154,-118.146708,FAIR OAKS OFF,25.48,,,,,,,
21:40:00,775729,210,E,FF,34.155812,-118.158089,EB 210 CON,24.49,,,,,,,
21:40:00,776724,210,E,FF,34.156489,-118.158295,WINONA WAY,24.442,97.33333333333333,49.0,48.333333333333336,,,,
21:45:00,768916,210,E,FF,34.15099,-118.152369,NB 710 EXT TO EB 210,25.12,,,,,,,
21:45:00,769849,210,E,FF,34.211728,-118.228265,OCEAN VIEW,18.18,35.666666666666664,9.333333333333334,19.666666666666668,6.666666666666667,,,
21:45:00,770170,210,E,FF,34.155812,-118.158089,EB 210 TO WB 134 #1,24.49,,,,,,,
21:45:00,773131,210,E,FF,34.15154,-118.146708,FAIR OAKS OFF,25.48,,,,,,,
21:45:00,775729,210,E,FF,34.155812,-118.158089,EB 210 CON,24.49,,,,,,,
21:45:00,776724,210,E,FF,34.156489,-118.158295,WINONA WAY,24.442,117.0,58.666666666666664,58.333333333333336,,,,
21:50:00,768916,210,E,FF,34.15099,-118.152369,NB 710 EXT TO EB 210,25.12,,,,,,,
21:50:00,769849,210,E,FF,34.211728,-118.228265,OCEAN VIEW,18.18,33.666666666666664,8.0,21.333333333333332,4.333333333333333,,,
21:50:00,770170,210,E,FF,34.155812,-118.158089,EB 210 TO WB 134 #1,24.49,,,,,,,
21:50:00,773131,210,E,FF,34.15154,-118.146708,FAIR OAKS OFF,25.48,,,,,,,
21:50:00,775729,210,E,FF,34.155812,-118.158089,EB 210 CON,24.49,,,,,,,
21:50:00,776724,210,E,FF,34.156489,-118.158295,WINONA WAY,24.442,130.33333333333334,66.66666666666667,63.666666666666664,,,,
21:55:00,768916,210,E,FF,34.15099,-118.152369,NB 710 EXT TO EB 210,25.12,,,,,,,
21:55:00,769849,210,E,FF,34.211728,-118.228265,OCEAN VIEW,18.18,36.0,9.0,19.0,8.0,,,
21:55:00,770170,210,E,FF,34.155812,-118.158089,EB 210 TO WB 134 #1,24.49,,,,,,,
21:55:00,773131,210,E,FF,34.15154,-118.146708,FAIR OAKS OFF,25.48,,,,,,,
21:55:00,775729,210,E,FF,34.155812,-118.158089,EB 210 CON,24.49,,,,,,,
21:55:00,776724,210,E,FF,34.156489,-118.158295,WINONA WAY,24.442,101.0,61.0,40.0,,,,
22:00:00,768916,210,E,FF,34.15099,-118.152369,NB 710 EXT TO EB 210,25.12,,,,,,,
22:00:00,769849,210,E,FF,34.211728,-118.228265,OCEAN VIEW,18.18,33.666666666666664,5.666666666666667,19.666666666666668,8.333333333333334,,,
22:00:00,770170,210,E,FF,34.155812,-118.158089,EB 210 TO WB 134 #1,24.49,,,,,,,
22:00:00,773131,210,E,FF,34.15154,-118.146708,FAIR OAKS OFF,25.48,,,,,,,
22:00:00,775729,210,E,FF,34.155812,-118.158089,EB 210 CON,24.49,,,,,,,
22:00:00,776724,210,E,FF,34.156489,-118.158295,WINONA WAY,24.442,101.66666666666667,57.666666666666664,44.0,,,,
22:05:00,768916,210,E,FF,34.15099,-118.152369,NB 710 EXT TO EB 210,25.12,,,,,,,
22:05:00,769849,210,E,FF,34.211728,-118.228265,OCEAN VIEW,18.18,34.666666666666664,8.0,20.333333333333332,6.333333333333333,,,
22:05:00,770170,210,E,FF,34.155812,-118.158089,EB 210 TO WB 134 #1,24.49,,,,,,,
22:05:00,773131,210,E,FF,34.15154,-118.146708,FAIR OAKS OFF,25.48,,,,,,,
22:05:00,775729,210,E,FF,34.155812,-118.158089,EB 210 CON,24.49,,,,,,,
22:05:00,776724,210,E,FF,34.156489,-118.158295,WINONA WAY,24.442,97.0,62.0,35.0,,,,
22:10:00,768916,210,E,FF,34.15099,-118.152369,NB 710 EXT TO EB 210,25.12,,,,,,,
22:10:00,769849,210,E,FF,34.211728,-118.228265,OCEAN VIEW,18.18,34.0,9.333333333333334,18.333333333333332,6.333333333333333,,,
22:10:00,770170,210,E,FF,34.155812,-118.158089,EB 210 TO WB 134 #1,24.49,,,,,,,
22:10:00,773131,210,E,FF,34.15154,-118.146708,FAIR OAKS OFF,25.48,,,,,,,
22:10:00,775729,210,E,FF,34.155812,-118.158089,EB 210 CON,24.49,,,,,,,
22:10:00,776724,210,E,FF,34.156489,-118.158295,WINONA WAY,24.442,112.33333333333333,69.33333333333333,43.0,,,,
22:15:00,768916,210,E,FF,34.15099,-118.152369,NB 710 EXT TO EB 210,25.12,,,,,,,
22:15:00,769849,210,E,FF,34.211728,-118.228265,OCEAN VIEW,18.18,41.0,8.333333333333334,22.666666666666668,10.0,,,
22:15:00,770170,210,E,FF,34.155812,-118.158089,EB 210 TO WB 134 #1,24.49,,,,,,,
22:15:00,773131,210,E,FF,34.15154,-118.146708,FAIR OAKS OFF,25.48,,,,,,,
22:15:00,775729,210,E,FF,34.155812,-118.158089,EB 210 CON,24.49,,,,,,,
22:15:00,776724,210,E,FF,34.156489,-118.158295,WINONA WAY,24.442,102.33333333333333,61.0,41.333333333333336,,,,
22:20:00,768916,210,E,FF,34.15099,-118.152369,NB 710 EXT TO EB 210,25.12,,,,,,,
22:20:00,769849,210,E,FF,34.211728,-118.228265,OCEAN VIEW,18.18,27.333333333333332,4.333333333333333,17.0,6.0,,,
22:20:00,770170,210,E,FF,34.155812,-118.158089,EB 210 TO WB 134 #1,24.49,,,,,,,
22:20:00,773131,210,E,FF,34.15154,-118.146708,FAIR OAKS OFF,25.48,,,,,,,
22:20:00,775729,210,E,FF,34.155812,-118.158089,EB 210 CON,24.49,,,,,,,
22:20:00,776724,210,E,FF,34.156489,-118.158295,WINONA WAY,24.442,104.0,54.333333333333336,49.666666666666664,,,,
22:25:00,768916,210,E,FF,34.15099,-118.152369,NB 710 EXT TO EB 210,25.12,,,,,,,
22:25:00,769849,210,E,FF,34.211728,-118.228265,OCEAN VIEW,18.18,31.666666666666668,6.666666666666667,20.333333333333332,4.666666666666667,,,
22:25:00,770170,210,E,FF,34.155812,-118.158089,EB 210 TO WB 134 #1,24.49,,,,,,,
22:25:00,773131,210,E,FF,34.15154,-118.146708,FAIR OAKS OFF,25.48,,,,,,,
22:25:00,775729,210,E,FF,34.155812,-118.158089,EB 210 CON,24.49,,,,,,,
22:25:00,776724,210,E,FF,34.156489,-118.158295,WINONA WAY,24.442,69.66666666666667,35.666666666666664,34.0,,,,
22:30:00,768916,210,E,FF,34.15099,-118.152369,NB 710 EXT TO EB 210,25.12,,,,,,,
22:30:00,769849,210,E,FF,34.211728,-118.228265,OCEAN VIEW,18.18,32.0,6.333333333333333,17.666666666666668,8.0,,,
22:30:00,770170,210,E,FF,34.155812,-118.158089,EB 210 TO WB 134 #1,24.49,,,,,,,
22:30:00,773131,210,E,FF,34.15154,-118.146708,FAIR OAKS OFF,25.48,,,,,,,
22:30:00,775729,210,E,FF,34.155812,-118.158089,EB 210 CON,24.49,,,,,,,
22:30:00,776724,210,E,FF,34.156489,-118.158295,WINONA WAY,24.442,81.0,44.0,37.0,,,,
22:35:00,768916,210,E,FF,34.15099,-118.152369,NB 710 EXT TO EB 210,25.12,,,,,,,
22:35:00,769849,210,E,FF,34.211728,-118.228265,OCEAN VIEW,18.18,31.666666666666668,6.666666666666667,15.666666666666666,9.333333333333334,,,
22:35:00,770170,210,E,FF,34.155812,-118.158089,EB 210 TO WB 134 #1,24.49,,,,,,,
22:35:00,773131,210,E,FF,34.15154,-118.146708,FAIR OAKS OFF,25.48,,,,,,,
22:35:00,775729,210,E,FF,34.155812,-118.158089,EB 210 CON,24.49,,,,,,,
22:35:00,776724,210,E,FF,34.156489,-118.158295,WINONA WAY,24.442,75.0,40.333333333333336,34.666666666666664,,,,
22:40:00,768916,210,E,FF,34.15099,-118.152369,NB 710 EXT TO EB 210,25.12,,,,,,,
22:40:00,769849,210,E,FF,34.211728,-118.228265,OCEAN VIEW,18.18,27.666666666666668,6.333333333333333,14.0,7.333333333333333,,,
22:40:00,770170,210,E,FF,34.155812,-118.158089,EB 210 TO WB 134 #1,24.49,,,,,,,
22:40:00,773131,210,E,FF,34.15154,-118.146708,FAIR OAKS OFF,25.48,,,,,,,
22:40:00,775729,210,E,FF,34.155812,-118.158089,EB 210 CON,24.49,,,,,,,
22:40:00,776724,210,E,FF,34.156489,-118.158295,WINONA WAY,24.442,73.66666666666667,42.333333333333336,31.333333333333332,,,,
22:45:00,768916,210,E,FF,34.15099,-118.152369,NB 710 EXT TO EB 210,25.12,,,,,,,
22:45:00,769849,210,E,FF,34.211728,-118.228265,OCEAN VIEW,18.18,29.333333333333332,6.666666666666667,17.0,5.666666666666667,,,
22:45:00,770170,210,E,FF,34.155812,-118.158089,EB 210 TO WB 134 #1,24.49,,,,,,,
22:45:00,773131,210,E,FF,34.15154,-118.146708,FAIR OAKS OFF,25.48,,,,,,,
22:45:00,775729,210,E,FF,34.155812,-118.158089,EB 210 CON,24.49,,,,,,,
22:45:00,776724,210,E,FF,34.156489,-118.158295,WINONA WAY,24.442,83.0,42.666666666666664,40.333333333333336,,,,
22:50:00,768916,210,E,FF,34.15099,-118.152369,NB 710 EXT TO EB 210,25.12,,,,,,,
22:50:00,769849,210,E,FF,34.211728,-118.228265,OCEAN VIEW,18.18,23.666666666666668,5.0,12.333333333333334,6.333333333333333,,,
22:50:00,770170,210,E,FF,34.155812,-118.158089,EB 210 TO WB 134 #1,24.49,,,,,,,
22:50:00,773131,210,E,FF,34.15154,-118.146708,FAIR OAKS OFF,25.48,,,,,,,
22:50:00,775729,210,E,FF,34.155812,-118.158089,EB 210 CON,24.49,,,,,,,
22:50:00,776724,210,E,FF,34.156489,-118.158295,WINONA WAY,24.442,70.66666666666667,34.0,36.666666666666664,,,,
22:55:00,768916,210,E,FF,34.15099,-118.152369,NB 710 EXT TO EB 210,25.12,,,,,,,
22:55:00,769849,210,E,FF,34.211728,-118.228265,OCEAN VIEW,18.18,26.333333333333332,6.666666666666667,14.333333333333334,5.333333333333333,,,
22:55:00,770170,210,E,FF,34.155812,-118.158089,EB 210 TO WB 134 #1,24.49,,,,,,,
22:55:00,773131,210,E,FF,34.15154,-118.146708,FAIR OAKS OFF,25.48,,,,,,,
22:55:00,775729,210,E,FF,34.155812,-118.158089,EB 210 CON,24.49,,,,,,,
22:55:00,776724,210,E,FF,34.156489,-118.158295,WINONA WAY,24.442,71.33333333333333,37.0,34.333333333333336,,,,
23:00:00,768916,210,E,FF,34.15099,-118.152369,NB 710 EXT TO EB 210,25.12,,,,,,,
23:00:00,769849,210,E,FF,34.211728,-118.228265,OCEAN VIEW,18.18,19.333333333333332,3.3333333333333335,9.666666666666666,6.333333333333333,,,
23:00:00,770170,210,E,FF,34.155812,-118.158089,EB 210 TO WB 134 #1,24.49,,,,,,,
23:00:00,773131,210,E,FF,34.15154,-118.146708,FAIR OAKS OFF,25.48,,,,,,,
23:00:00,775729,210,E,FF,34.155812,-118.158089,EB 210 CON,24.49,,,,,,,
23:00:00,776724,210,E,FF,34.156489,-118.158295,WINONA WAY,24.442,75.0,33.0,42.0,,,,
