========================================
CALIBRATION ARRAY JOB
========================================
Job ID:        42792829
Array Task ID: 5
Host:          a5-10
Started:       Tue Feb 17 11:40:32 EST 2026
========================================
Model:         IDM
Optimizer:     DE
========================================
Working directory: /scratch/krb84578/workDir/scalation_2.0
Using JAR: target/scala-3.7.4/scalation-assembly.jar
JAR size:  22M

=== Starting Calibration ===
Tue Feb 17 11:40:33 EST 2026
----------------------------------
| CALIBRATION ARRAY JOB - Task 5 |
----------------------------------
Model: idm (IDM)
Optimizer: de
Timestamp: 2026-02-17T11:40:33.522825137
Host: a5-10
============================================================
Starting parameters: VectorD(2.00000,	1.00000,	-1.50000,	1.50000,	0.600000)
----------------------------------------------------------------------
   Epoch |            Loss |       Best Loss |   Progress
----------------------------------------------------------------------
[ModelOptimizer] Evaluating parameters: VectorD(6.01493,	5.10656,	-1.00000,	5.00000,	1.50000)

======================================================================
TRAFFIC MODEL BUILDER SUMMARY
======================================================================
Network:      US-101-N-DonaldDoyle
Segments:     7
Lanes:        4
Junctions:    8
Ramps:        2
Sensors:      5
Mode:         PeMS Data-Driven
Car-Following: IDM
ODE Solver:   Ballistic
Vmax:         35.0 m/s
======================================================================
[IDMDynamics.updateM] INTEGRATOR IN USE: Ballistic
Skipping Source actor due to time limit at clock = 43201.00125327633
Skipping Source actor due to time limit at clock = 43210.6788297557
-----------------------------
| Model.cleanup in progress |
-----------------------------
cleanup: agenda
cleanup: wait queues
coroutine counts = (59757,59753,59750)
[ModelOptimizer] Fitness: 3.0485 | Elapsed: 36.52 sec
[ModelOptimizer] Evaluating parameters: VectorD(2.00000,	4.49791,	-1.00000,	5.00000,	1.50000)

======================================================================
TRAFFIC MODEL BUILDER SUMMARY
======================================================================
Network:      US-101-N-DonaldDoyle
Segments:     7
Lanes:        4
Junctions:    8
Ramps:        2
Sensors:      5
Mode:         PeMS Data-Driven
Car-Following: IDM
ODE Solver:   Ballistic
Vmax:         35.0 m/s
======================================================================
Skipping Source actor due to time limit at clock = 43201.00125327633
Skipping Source actor due to time limit at clock = 43210.6788297557
-----------------------------
| Model.cleanup in progress |
-----------------------------
cleanup: agenda
cleanup: wait queues
coroutine counts = (119514,119506,119501)
[ModelOptimizer] Fitness: 3.1901 | Elapsed: 38.45 sec
[ModelOptimizer] Evaluating parameters: VectorD(3.80605,	1.50000,	-1.00000,	5.00000,	1.50000)

======================================================================
TRAFFIC MODEL BUILDER SUMMARY
======================================================================
Network:      US-101-N-DonaldDoyle
Segments:     7
Lanes:        4
Junctions:    8
Ramps:        2
Sensors:      5
Mode:         PeMS Data-Driven
Car-Following: IDM
ODE Solver:   Ballistic
Vmax:         35.0 m/s
======================================================================
Skipping Source actor due to time limit at clock = 43201.00125327633
Skipping Source actor due to time limit at clock = 43210.6788297557
-----------------------------
| Model.cleanup in progress |
-----------------------------
cleanup: agenda
cleanup: wait queues
coroutine counts = (179271,179259,179252)
[ModelOptimizer] Fitness: 3.2247 | Elapsed: 36.10 sec
[ModelOptimizer] Evaluating parameters: VectorD(6.49160,	6.00000,	-1.00000,	4.09212,	1.50000)

======================================================================
TRAFFIC MODEL BUILDER SUMMARY
======================================================================
Network:      US-101-N-DonaldDoyle
Segments:     7
Lanes:        4
Junctions:    8
Ramps:        2
Sensors:      5
Mode:         PeMS Data-Driven
Car-Following: IDM
ODE Solver:   Ballistic
Vmax:         35.0 m/s
======================================================================
Skipping Source actor due to time limit at clock = 43201.00125327633
Skipping Source actor due to time limit at clock = 43210.6788297557
-----------------------------
| Model.cleanup in progress |
-----------------------------
cleanup: agenda
cleanup: wait queues
coroutine counts = (239028,239012,239003)
[ModelOptimizer] Fitness: 2.9758 | Elapsed: 33.38 sec
[ModelOptimizer] Evaluating parameters: VectorD(4.88691,	4.25670,	-1.00000,	1.78877,	0.556877)

======================================================================
TRAFFIC MODEL BUILDER SUMMARY
======================================================================
Network:      US-101-N-DonaldDoyle
Segments:     7
Lanes:        4
Junctions:    8
Ramps:        2
Sensors:      5
Mode:         PeMS Data-Driven
Car-Following: IDM
ODE Solver:   Ballistic
Vmax:         35.0 m/s
======================================================================
Skipping Source actor due to time limit at clock = 43201.00125327633
Skipping Source actor due to time limit at clock = 43210.6788297557
-----------------------------
| Model.cleanup in progress |
-----------------------------
cleanup: agenda
cleanup: wait queues
coroutine counts = (298785,298765,298754)
[ModelOptimizer] Fitness: 3.0540 | Elapsed: 60.21 sec
[ModelOptimizer] Evaluating parameters: VectorD(4.50221,	5.65323,	-1.00000,	1.00000,	1.50000)

======================================================================
TRAFFIC MODEL BUILDER SUMMARY
======================================================================
Network:      US-101-N-DonaldDoyle
Segments:     7
Lanes:        4
Junctions:    8
Ramps:        2
Sensors:      5
Mode:         PeMS Data-Driven
Car-Following: IDM
ODE Solver:   Ballistic
Vmax:         35.0 m/s
======================================================================
Skipping Source actor due to time limit at clock = 43201.00125327633
Skipping Source actor due to time limit at clock = 43210.6788297557
-----------------------------
| Model.cleanup in progress |
-----------------------------
cleanup: agenda
cleanup: wait queues
coroutine counts = (358542,358518,358505)
[ModelOptimizer] Fitness: 2.5028 | Elapsed: 31.92 sec
[ModelOptimizer] Evaluating parameters: VectorD(3.54682,	6.00000,	-1.00000,	1.68747,	1.50000)

======================================================================
TRAFFIC MODEL BUILDER SUMMARY
======================================================================
Network:      US-101-N-DonaldDoyle
Segments:     7
Lanes:        4
Junctions:    8
Ramps:        2
Sensors:      5
Mode:         PeMS Data-Driven
Car-Following: IDM
ODE Solver:   Ballistic
Vmax:         35.0 m/s
======================================================================
Skipping Source actor due to time limit at clock = 43201.00125327633
Skipping Source actor due to time limit at clock = 43210.6788297557
-----------------------------
| Model.cleanup in progress |
-----------------------------
cleanup: agenda
cleanup: wait queues
coroutine counts = (418299,418271,418256)
[ModelOptimizer] Fitness: 2.7882 | Elapsed: 32.51 sec
[ModelOptimizer] Evaluating parameters: VectorD(2.00000,	2.21713,	-1.00000,	1.05423,	1.50000)

======================================================================
TRAFFIC MODEL BUILDER SUMMARY
======================================================================
Network:      US-101-N-DonaldDoyle
Segments:     7
Lanes:        4
Junctions:    8
Ramps:        2
Sensors:      5
Mode:         PeMS Data-Driven
Car-Following: IDM
ODE Solver:   Ballistic
Vmax:         35.0 m/s
======================================================================
Skipping Source actor due to time limit at clock = 43201.00125327633
Skipping Source actor due to time limit at clock = 43210.6788297557
-----------------------------
| Model.cleanup in progress |
-----------------------------
cleanup: agenda
cleanup: wait queues
coroutine counts = (478056,478024,478007)
[ModelOptimizer] Fitness: 2.6522 | Elapsed: 31.86 sec
[ModelOptimizer] Evaluating parameters: VectorD(2.00000,	3.65942,	-1.00000,	3.27843,	1.50000)

======================================================================
TRAFFIC MODEL BUILDER SUMMARY
======================================================================
Network:      US-101-N-DonaldDoyle
Segments:     7
Lanes:        4
Junctions:    8
Ramps:        2
Sensors:      5
Mode:         PeMS Data-Driven
Car-Following: IDM
ODE Solver:   Ballistic
Vmax:         35.0 m/s
======================================================================
Skipping Source actor due to time limit at clock = 43201.00125327633
Skipping Source actor due to time limit at clock = 43210.6788297557
-----------------------------
| Model.cleanup in progress |
-----------------------------
cleanup: agenda
cleanup: wait queues
coroutine counts = (537813,537777,537758)
[ModelOptimizer] Fitness: 3.0381 | Elapsed: 33.17 sec
[ModelOptimizer] Evaluating parameters: VectorD(5.29612,	1.50000,	-1.00000,	4.37655,	1.50000)

======================================================================
TRAFFIC MODEL BUILDER SUMMARY
======================================================================
Network:      US-101-N-DonaldDoyle
Segments:     7
Lanes:        4
Junctions:    8
Ramps:        2
Sensors:      5
Mode:         PeMS Data-Driven
Car-Following: IDM
ODE Solver:   Ballistic
Vmax:         35.0 m/s
======================================================================
Skipping Source actor due to time limit at clock = 43201.00125327633
Skipping Source actor due to time limit at clock = 43210.6788297557
-----------------------------
| Model.cleanup in progress |
-----------------------------
cleanup: agenda
cleanup: wait queues
coroutine counts = (597570,597530,597509)
[ModelOptimizer] Fitness: 3.1714 | Elapsed: 34.04 sec
[ModelOptimizer] Evaluating parameters: VectorD(2.29815,	4.40824,	-1.00000,	5.00000,	1.50000)

======================================================================
TRAFFIC MODEL BUILDER SUMMARY
======================================================================
Network:      US-101-N-DonaldDoyle
Segments:     7
Lanes:        4
Junctions:    8
Ramps:        2
Sensors:      5
Mode:         PeMS Data-Driven
Car-Following: IDM
ODE Solver:   Ballistic
Vmax:         35.0 m/s
======================================================================
Skipping Source actor due to time limit at clock = 43201.00125327633
Skipping Source actor due to time limit at clock = 43210.6788297557
-----------------------------
| Model.cleanup in progress |
-----------------------------
cleanup: agenda
cleanup: wait queues
coroutine counts = (657327,657283,657260)
[ModelOptimizer] Fitness: 3.1662 | Elapsed: 34.32 sec
[ModelOptimizer] Evaluating parameters: VectorD(6.22326,	6.00000,	-1.00000,	5.00000,	1.50000)

======================================================================
TRAFFIC MODEL BUILDER SUMMARY
======================================================================
Network:      US-101-N-DonaldDoyle
Segments:     7
Lanes:        4
Junctions:    8
Ramps:        2
Sensors:      5
Mode:         PeMS Data-Driven
Car-Following: IDM
ODE Solver:   Ballistic
Vmax:         35.0 m/s
======================================================================
Skipping Source actor due to time limit at clock = 43201.00125327633
Skipping Source actor due to time limit at clock = 43210.6788297557
-----------------------------
| Model.cleanup in progress |
-----------------------------
cleanup: agenda
cleanup: wait queues
coroutine counts = (717084,717036,717011)
[ModelOptimizer] Fitness: 3.0215 | Elapsed: 33.54 sec
[ModelOptimizer] Evaluating parameters: VectorD(7.77963,	4.55926,	-1.00000,	5.00000,	1.50000)

======================================================================
TRAFFIC MODEL BUILDER SUMMARY
======================================================================
Network:      US-101-N-DonaldDoyle
Segments:     7
Lanes:        4
Junctions:    8
Ramps:        2
Sensors:      5
Mode:         PeMS Data-Driven
Car-Following: IDM
ODE Solver:   Ballistic
Vmax:         35.0 m/s
======================================================================
Skipping Source actor due to time limit at clock = 43201.00125327633
Skipping Source actor due to time limit at clock = 43210.6788297557
-----------------------------
| Model.cleanup in progress |
-----------------------------
cleanup: agenda
cleanup: wait queues
coroutine counts = (776841,776789,776762)
[ModelOptimizer] Fitness: 3.0133 | Elapsed: 33.64 sec
[ModelOptimizer] Evaluating parameters: VectorD(2.00000,	3.30282,	-1.00000,	3.81067,	0.714438)

======================================================================
TRAFFIC MODEL BUILDER SUMMARY
======================================================================
Network:      US-101-N-DonaldDoyle
Segments:     7
Lanes:        4
Junctions:    8
Ramps:        2
Sensors:      5
Mode:         PeMS Data-Driven
Car-Following: IDM
ODE Solver:   Ballistic
Vmax:         35.0 m/s
======================================================================
Skipping Source actor due to time limit at clock = 43201.00125327633
Skipping Source actor due to time limit at clock = 43210.6788297557
-----------------------------
| Model.cleanup in progress |
-----------------------------
cleanup: agenda
cleanup: wait queues
coroutine counts = (836598,836542,836513)
[ModelOptimizer] Fitness: 3.0170 | Elapsed: 50.74 sec
[ModelOptimizer] Evaluating parameters: VectorD(2.00000,	3.51266,	-1.00000,	5.00000,	1.50000)

======================================================================
TRAFFIC MODEL BUILDER SUMMARY
======================================================================
Network:      US-101-N-DonaldDoyle
Segments:     7
Lanes:        4
Junctions:    8
Ramps:        2
Sensors:      5
Mode:         PeMS Data-Driven
Car-Following: IDM
ODE Solver:   Ballistic
Vmax:         35.0 m/s
======================================================================
Skipping Source actor due to time limit at clock = 43201.00125327633
Skipping Source actor due to time limit at clock = 43210.6788297557
-----------------------------
| Model.cleanup in progress |
-----------------------------
cleanup: agenda
cleanup: wait queues
coroutine counts = (896355,896295,896264)
[ModelOptimizer] Fitness: 3.1370 | Elapsed: 34.00 sec
[ModelOptimizer] Evaluating parameters: VectorD(5.84697,	3.22163,	-1.00000,	5.00000,	1.50000)

======================================================================
TRAFFIC MODEL BUILDER SUMMARY
======================================================================
Network:      US-101-N-DonaldDoyle
Segments:     7
Lanes:        4
Junctions:    8
Ramps:        2
Sensors:      5
Mode:         PeMS Data-Driven
Car-Following: IDM
ODE Solver:   Ballistic
Vmax:         35.0 m/s
======================================================================
Skipping Source actor due to time limit at clock = 43201.00125327633
Skipping Source actor due to time limit at clock = 43210.6788297557
-----------------------------
| Model.cleanup in progress |
-----------------------------
cleanup: agenda
cleanup: wait queues
coroutine counts = (956112,956048,956015)
[ModelOptimizer] Fitness: 3.0766 | Elapsed: 34.41 sec
[ModelOptimizer] Evaluating parameters: VectorD(7.88742,	6.00000,	-1.00000,	5.00000,	1.46248)

======================================================================
TRAFFIC MODEL BUILDER SUMMARY
======================================================================
Network:      US-101-N-DonaldDoyle
Segments:     7
Lanes:        4
Junctions:    8
Ramps:        2
Sensors:      5
Mode:         PeMS Data-Driven
Car-Following: IDM
ODE Solver:   Ballistic
Vmax:         35.0 m/s
======================================================================
Skipping Source actor due to time limit at clock = 43201.00125327633
Skipping Source actor due to time limit at clock = 43210.6788297557
-----------------------------
| Model.cleanup in progress |
-----------------------------
cleanup: agenda
cleanup: wait queues
coroutine counts = (1015869,1015801,1015766)
[ModelOptimizer] Fitness: 2.9782 | Elapsed: 34.61 sec
[ModelOptimizer] Evaluating parameters: VectorD(3.08789,	6.00000,	-1.00000,	1.00000,	1.50000)

======================================================================
TRAFFIC MODEL BUILDER SUMMARY
======================================================================
Network:      US-101-N-DonaldDoyle
Segments:     7
Lanes:        4
Junctions:    8
Ramps:        2
Sensors:      5
Mode:         PeMS Data-Driven
Car-Following: IDM
ODE Solver:   Ballistic
Vmax:         35.0 m/s
======================================================================
Skipping Source actor due to time limit at clock = 43201.00125327633
Skipping Source actor due to time limit at clock = 43210.6788297557
-----------------------------
| Model.cleanup in progress |
-----------------------------
cleanup: agenda
cleanup: wait queues
coroutine counts = (1075626,1075554,1075517)
[ModelOptimizer] Fitness: 2.4603 | Elapsed: 33.15 sec
[ModelOptimizer] Evaluating parameters: VectorD(7.85793,	5.45542,	-1.00000,	2.13413,	1.50000)

======================================================================
TRAFFIC MODEL BUILDER SUMMARY
======================================================================
Network:      US-101-N-DonaldDoyle
Segments:     7
Lanes:        4
Junctions:    8
Ramps:        2
Sensors:      5
Mode:         PeMS Data-Driven
Car-Following: IDM
ODE Solver:   Ballistic
Vmax:         35.0 m/s
======================================================================
Skipping Source actor due to time limit at clock = 43201.00125327633
Skipping Source actor due to time limit at clock = 43210.6788297557
-----------------------------
| Model.cleanup in progress |
-----------------------------
cleanup: agenda
cleanup: wait queues
coroutine counts = (1135383,1135307,1135268)
[ModelOptimizer] Fitness: 2.9728 | Elapsed: 36.91 sec
[ModelOptimizer] Evaluating parameters: VectorD(2.00000,	5.14279,	-1.00000,	4.92943,	1.50000)

======================================================================
TRAFFIC MODEL BUILDER SUMMARY
======================================================================
Network:      US-101-N-DonaldDoyle
Segments:     7
Lanes:        4
Junctions:    8
Ramps:        2
Sensors:      5
Mode:         PeMS Data-Driven
Car-Following: IDM
ODE Solver:   Ballistic
Vmax:         35.0 m/s
======================================================================
Skipping Source actor due to time limit at clock = 43201.00125327633
Skipping Source actor due to time limit at clock = 43210.6788297557
-----------------------------
| Model.cleanup in progress |
-----------------------------
cleanup: agenda
cleanup: wait queues
coroutine counts = (1195140,1195060,1195019)
[ModelOptimizer] Fitness: 3.2160 | Elapsed: 36.86 sec
[ModelOptimizer] Evaluating parameters: VectorD(3.08789,	6.00000,	-1.00000,	1.00000,	1.50000)

======================================================================
TRAFFIC MODEL BUILDER SUMMARY
======================================================================
Network:      US-101-N-DonaldDoyle
Segments:     7
Lanes:        4
Junctions:    8
Ramps:        2
Sensors:      5
Mode:         PeMS Data-Driven
Car-Following: IDM
ODE Solver:   Ballistic
Vmax:         35.0 m/s
======================================================================
Skipping Source actor due to time limit at clock = 43201.00125327633
Skipping Source actor due to time limit at clock = 43210.6788297557
-----------------------------
| Model.cleanup in progress |
-----------------------------
cleanup: agenda
cleanup: wait queues
coroutine counts = (1254897,1254813,1254770)
[ModelOptimizer] Fitness: 2.4603 | Elapsed: 32.85 sec
[ModelOptimizer] Evaluating parameters: VectorD(8.00000,	3.69071,	-1.00000,	3.98053,	1.50000)

======================================================================
TRAFFIC MODEL BUILDER SUMMARY
======================================================================
Network:      US-101-N-DonaldDoyle
Segments:     7
Lanes:        4
Junctions:    8
Ramps:        2
Sensors:      5
Mode:         PeMS Data-Driven
Car-Following: IDM
ODE Solver:   Ballistic
Vmax:         35.0 m/s
======================================================================
Skipping Source actor due to time limit at clock = 43201.00125327633
Skipping Source actor due to time limit at clock = 43210.6788297557
-----------------------------
| Model.cleanup in progress |
-----------------------------
cleanup: agenda
cleanup: wait queues
coroutine counts = (1314654,1314566,1314521)
[ModelOptimizer] Fitness: 2.9722 | Elapsed: 34.71 sec
[ModelOptimizer] Evaluating parameters: VectorD(6.01493,	5.10656,	-1.00000,	5.00000,	1.50000)

======================================================================
TRAFFIC MODEL BUILDER SUMMARY
======================================================================
Network:      US-101-N-DonaldDoyle
Segments:     7
Lanes:        4
Junctions:    8
Ramps:        2
Sensors:      5
Mode:         PeMS Data-Driven
Car-Following: IDM
ODE Solver:   Ballistic
Vmax:         35.0 m/s
======================================================================
Skipping Source actor due to time limit at clock = 43201.00125327633
Skipping Source actor due to time limit at clock = 43210.6788297557
-----------------------------
| Model.cleanup in progress |
-----------------------------
cleanup: agenda
cleanup: wait queues
coroutine counts = (1374411,1374319,1374272)
[ModelOptimizer] Fitness: 3.0485 | Elapsed: 35.24 sec
[ModelOptimizer] Evaluating parameters: VectorD(8.00000,	3.69071,	-1.00000,	3.98053,	1.50000)

======================================================================
TRAFFIC MODEL BUILDER SUMMARY
======================================================================
Network:      US-101-N-DonaldDoyle
Segments:     7
Lanes:        4
Junctions:    8
Ramps:        2
Sensors:      5
Mode:         PeMS Data-Driven
Car-Following: IDM
ODE Solver:   Ballistic
Vmax:         35.0 m/s
======================================================================
Skipping Source actor due to time limit at clock = 43201.00125327633
Skipping Source actor due to time limit at clock = 43210.6788297557
-----------------------------
| Model.cleanup in progress |
-----------------------------
cleanup: agenda
cleanup: wait queues
coroutine counts = (1434168,1434072,1434023)
[ModelOptimizer] Fitness: 2.9722 | Elapsed: 35.25 sec
[ModelOptimizer] Evaluating parameters: VectorD(2.00000,	1.50000,	-1.00000,	3.50597,	0.989642)

======================================================================
TRAFFIC MODEL BUILDER SUMMARY
======================================================================
Network:      US-101-N-DonaldDoyle
Segments:     7
Lanes:        4
Junctions:    8
Ramps:        2
Sensors:      5
Mode:         PeMS Data-Driven
Car-Following: IDM
ODE Solver:   Ballistic
Vmax:         35.0 m/s
======================================================================
Skipping Source actor due to time limit at clock = 43201.00125327633
Skipping Source actor due to time limit at clock = 43210.6788297557
-----------------------------
| Model.cleanup in progress |
-----------------------------
cleanup: agenda
cleanup: wait queues
coroutine counts = (1493925,1493825,1493774)
[ModelOptimizer] Fitness: 3.2424 | Elapsed: 43.86 sec
[ModelOptimizer] Evaluating parameters: VectorD(2.00000,	4.49791,	-1.00000,	5.00000,	1.50000)

======================================================================
TRAFFIC MODEL BUILDER SUMMARY
======================================================================
Network:      US-101-N-DonaldDoyle
Segments:     7
Lanes:        4
Junctions:    8
Ramps:        2
Sensors:      5
Mode:         PeMS Data-Driven
Car-Following: IDM
ODE Solver:   Ballistic
Vmax:         35.0 m/s
======================================================================
Skipping Source actor due to time limit at clock = 43201.00125327633
Skipping Source actor due to time limit at clock = 43210.6788297557
-----------------------------
| Model.cleanup in progress |
-----------------------------
cleanup: agenda
cleanup: wait queues
coroutine counts = (1553682,1553578,1553525)
[ModelOptimizer] Fitness: 3.1901 | Elapsed: 35.60 sec
[ModelOptimizer] Evaluating parameters: VectorD(2.67556,	6.00000,	-1.00000,	3.05755,	1.50000)

======================================================================
TRAFFIC MODEL BUILDER SUMMARY
======================================================================
Network:      US-101-N-DonaldDoyle
Segments:     7
Lanes:        4
Junctions:    8
Ramps:        2
Sensors:      5
Mode:         PeMS Data-Driven
Car-Following: IDM
ODE Solver:   Ballistic
Vmax:         35.0 m/s
======================================================================
Skipping Source actor due to time limit at clock = 43201.00125327633
Skipping Source actor due to time limit at clock = 43210.6788297557
-----------------------------
| Model.cleanup in progress |
-----------------------------
cleanup: agenda
cleanup: wait queues
coroutine counts = (1613439,1613331,1613276)
[ModelOptimizer] Fitness: 3.2779 | Elapsed: 35.48 sec
[ModelOptimizer] Evaluating parameters: VectorD(3.80605,	1.50000,	-1.00000,	5.00000,	1.50000)

======================================================================
TRAFFIC MODEL BUILDER SUMMARY
======================================================================
Network:      US-101-N-DonaldDoyle
Segments:     7
Lanes:        4
Junctions:    8
Ramps:        2
Sensors:      5
Mode:         PeMS Data-Driven
Car-Following: IDM
ODE Solver:   Ballistic
Vmax:         35.0 m/s
======================================================================
Skipping Source actor due to time limit at clock = 43201.00125327633
Skipping Source actor due to time limit at clock = 43210.6788297557
-----------------------------
| Model.cleanup in progress |
-----------------------------
cleanup: agenda
cleanup: wait queues
coroutine counts = (1673196,1673084,1673027)
[ModelOptimizer] Fitness: 3.2247 | Elapsed: 37.26 sec
[ModelOptimizer] Evaluating parameters: VectorD(4.19290,	2.39149,	-1.35811,	5.00000,	1.50000)

======================================================================
TRAFFIC MODEL BUILDER SUMMARY
======================================================================
Network:      US-101-N-DonaldDoyle
Segments:     7
Lanes:        4
Junctions:    8
Ramps:        2
Sensors:      5
Mode:         PeMS Data-Driven
Car-Following: IDM
ODE Solver:   Ballistic
Vmax:         35.0 m/s
======================================================================
Skipping Source actor due to time limit at clock = 43201.00125327633
Skipping Source actor due to time limit at clock = 43210.6788297557
-----------------------------
| Model.cleanup in progress |
-----------------------------
cleanup: agenda
cleanup: wait queues
coroutine counts = (1732953,1732837,1732778)
[ModelOptimizer] Fitness: 3.3782 | Elapsed: 36.72 sec
[ModelOptimizer] Evaluating parameters: VectorD(6.49160,	6.00000,	-1.00000,	4.09212,	1.50000)

======================================================================
TRAFFIC MODEL BUILDER SUMMARY
======================================================================
Network:      US-101-N-DonaldDoyle
Segments:     7
Lanes:        4
Junctions:    8
Ramps:        2
Sensors:      5
Mode:         PeMS Data-Driven
Car-Following: IDM
ODE Solver:   Ballistic
Vmax:         35.0 m/s
======================================================================
Skipping Source actor due to time limit at clock = 43201.00125327633
Skipping Source actor due to time limit at clock = 43210.6788297557
-----------------------------
| Model.cleanup in progress |
-----------------------------
cleanup: agenda
cleanup: wait queues
coroutine counts = (1792710,1792590,1792529)
[ModelOptimizer] Fitness: 2.9758 | Elapsed: 34.67 sec
[ModelOptimizer] Evaluating parameters: VectorD(5.32895,	1.98430,	-1.00000,	2.46161,	1.50000)

======================================================================
TRAFFIC MODEL BUILDER SUMMARY
======================================================================
Network:      US-101-N-DonaldDoyle
Segments:     7
Lanes:        4
Junctions:    8
Ramps:        2
Sensors:      5
Mode:         PeMS Data-Driven
Car-Following: IDM
ODE Solver:   Ballistic
Vmax:         35.0 m/s
======================================================================
Skipping Source actor due to time limit at clock = 43201.00125327633
Skipping Source actor due to time limit at clock = 43210.6788297557
-----------------------------
| Model.cleanup in progress |
-----------------------------
cleanup: agenda
cleanup: wait queues
coroutine counts = (1852467,1852343,1852280)
[ModelOptimizer] Fitness: 3.0840 | Elapsed: 35.43 sec
[ModelOptimizer] Evaluating parameters: VectorD(4.88691,	4.25670,	-1.00000,	1.78877,	0.556877)

======================================================================
TRAFFIC MODEL BUILDER SUMMARY
======================================================================
Network:      US-101-N-DonaldDoyle
Segments:     7
Lanes:        4
Junctions:    8
Ramps:        2
Sensors:      5
Mode:         PeMS Data-Driven
Car-Following: IDM
ODE Solver:   Ballistic
Vmax:         35.0 m/s
======================================================================
Skipping Source actor due to time limit at clock = 43201.00125327633
Skipping Source actor due to time limit at clock = 43210.6788297557
-----------------------------
| Model.cleanup in progress |
-----------------------------
cleanup: agenda
cleanup: wait queues
coroutine counts = (1912224,1912096,1912031)
[ModelOptimizer] Fitness: 3.0540 | Elapsed: 66.09 sec
[ModelOptimizer] Evaluating parameters: VectorD(3.45600,	4.69162,	-1.00000,	1.00000,	1.50000)

======================================================================
TRAFFIC MODEL BUILDER SUMMARY
======================================================================
Network:      US-101-N-DonaldDoyle
Segments:     7
Lanes:        4
Junctions:    8
Ramps:        2
Sensors:      5
Mode:         PeMS Data-Driven
Car-Following: IDM
ODE Solver:   Ballistic
Vmax:         35.0 m/s
======================================================================
Skipping Source actor due to time limit at clock = 43201.00125327633
Skipping Source actor due to time limit at clock = 43210.6788297557
-----------------------------
| Model.cleanup in progress |
-----------------------------
cleanup: agenda
cleanup: wait queues
coroutine counts = (1971981,1971849,1971782)
[ModelOptimizer] Fitness: 2.4688 | Elapsed: 34.98 sec
[ModelOptimizer] Evaluating parameters: VectorD(4.50221,	5.65323,	-1.00000,	1.00000,	1.50000)

======================================================================
TRAFFIC MODEL BUILDER SUMMARY
======================================================================
Network:      US-101-N-DonaldDoyle
Segments:     7
Lanes:        4
Junctions:    8
Ramps:        2
Sensors:      5
Mode:         PeMS Data-Driven
Car-Following: IDM
ODE Solver:   Ballistic
Vmax:         35.0 m/s
======================================================================
Skipping Source actor due to time limit at clock = 43201.00125327633
Skipping Source actor due to time limit at clock = 43210.6788297557
-----------------------------
| Model.cleanup in progress |
-----------------------------
cleanup: agenda
cleanup: wait queues
coroutine counts = (2031738,2031602,2031533)
[ModelOptimizer] Fitness: 2.5028 | Elapsed: 33.96 sec
[ModelOptimizer] Evaluating parameters: VectorD(3.45600,	4.69162,	-1.00000,	1.00000,	1.50000)

======================================================================
TRAFFIC MODEL BUILDER SUMMARY
======================================================================
Network:      US-101-N-DonaldDoyle
Segments:     7
Lanes:        4
Junctions:    8
Ramps:        2
Sensors:      5
Mode:         PeMS Data-Driven
Car-Following: IDM
ODE Solver:   Ballistic
Vmax:         35.0 m/s
======================================================================
Skipping Source actor due to time limit at clock = 43201.00125327633
Skipping Source actor due to time limit at clock = 43210.6788297557
-----------------------------
| Model.cleanup in progress |
-----------------------------
cleanup: agenda
cleanup: wait queues
coroutine counts = (2091495,2091355,2091284)
[ModelOptimizer] Fitness: 2.4688 | Elapsed: 35.36 sec
[ModelOptimizer] Evaluating parameters: VectorD(8.00000,	3.88328,	-1.00000,	5.00000,	1.50000)

======================================================================
TRAFFIC MODEL BUILDER SUMMARY
======================================================================
Network:      US-101-N-DonaldDoyle
Segments:     7
Lanes:        4
Junctions:    8
Ramps:        2
Sensors:      5
Mode:         PeMS Data-Driven
Car-Following: IDM
ODE Solver:   Ballistic
Vmax:         35.0 m/s
======================================================================
Skipping Source actor due to time limit at clock = 43201.00125327633
Skipping Source actor due to time limit at clock = 43210.6788297557
-----------------------------
| Model.cleanup in progress |
-----------------------------
cleanup: agenda
cleanup: wait queues
coroutine counts = (2151252,2151108,2151035)
[ModelOptimizer] Fitness: 3.0122 | Elapsed: 36.27 sec
[ModelOptimizer] Evaluating parameters: VectorD(3.54682,	6.00000,	-1.00000,	1.68747,	1.50000)

======================================================================
TRAFFIC MODEL BUILDER SUMMARY
======================================================================
Network:      US-101-N-DonaldDoyle
Segments:     7
Lanes:        4
Junctions:    8
Ramps:        2
Sensors:      5
Mode:         PeMS Data-Driven
Car-Following: IDM
ODE Solver:   Ballistic
Vmax:         35.0 m/s
======================================================================
Skipping Source actor due to time limit at clock = 43201.00125327633
Skipping Source actor due to time limit at clock = 43210.6788297557
-----------------------------
| Model.cleanup in progress |
-----------------------------
cleanup: agenda
cleanup: wait queues
coroutine counts = (2211009,2210861,2210786)
[ModelOptimizer] Fitness: 2.7882 | Elapsed: 34.35 sec
[ModelOptimizer] Evaluating parameters: VectorD(2.00000,	2.21713,	-1.00000,	4.44321,	1.50000)

======================================================================
TRAFFIC MODEL BUILDER SUMMARY
======================================================================
Network:      US-101-N-DonaldDoyle
Segments:     7
Lanes:        4
Junctions:    8
Ramps:        2
Sensors:      5
Mode:         PeMS Data-Driven
Car-Following: IDM
ODE Solver:   Ballistic
Vmax:         35.0 m/s
======================================================================
Skipping Source actor due to time limit at clock = 43201.00125327633
Skipping Source actor due to time limit at clock = 43210.6788297557
-----------------------------
| Model.cleanup in progress |
-----------------------------
cleanup: agenda
cleanup: wait queues
coroutine counts = (2270766,2270614,2270537)
[ModelOptimizer] Fitness: 3.1623 | Elapsed: 37.24 sec
[ModelOptimizer] Evaluating parameters: VectorD(2.00000,	2.21713,	-1.00000,	1.05423,	1.50000)

======================================================================
TRAFFIC MODEL BUILDER SUMMARY
======================================================================
Network:      US-101-N-DonaldDoyle
Segments:     7
Lanes:        4
Junctions:    8
Ramps:        2
Sensors:      5
Mode:         PeMS Data-Driven
Car-Following: IDM
ODE Solver:   Ballistic
Vmax:         35.0 m/s
======================================================================
Skipping Source actor due to time limit at clock = 43201.00125327633
Skipping Source actor due to time limit at clock = 43210.6788297557
-----------------------------
| Model.cleanup in progress |
-----------------------------
cleanup: agenda
cleanup: wait queues
coroutine counts = (2330523,2330367,2330288)
[ModelOptimizer] Fitness: 2.6522 | Elapsed: 33.68 sec
[ModelOptimizer] Evaluating parameters: VectorD(3.67677,	6.00000,	-1.00000,	3.50449,	1.50000)

======================================================================
TRAFFIC MODEL BUILDER SUMMARY
======================================================================
Network:      US-101-N-DonaldDoyle
Segments:     7
Lanes:        4
Junctions:    8
Ramps:        2
Sensors:      5
Mode:         PeMS Data-Driven
Car-Following: IDM
ODE Solver:   Ballistic
Vmax:         35.0 m/s
======================================================================
Skipping Source actor due to time limit at clock = 43201.00125327633
Skipping Source actor due to time limit at clock = 43210.6788297557
-----------------------------
| Model.cleanup in progress |
-----------------------------
cleanup: agenda
cleanup: wait queues
coroutine counts = (2390280,2390120,2390039)
[ModelOptimizer] Fitness: 3.0705 | Elapsed: 36.20 sec
[ModelOptimizer] Evaluating parameters: VectorD(2.00000,	3.65942,	-1.00000,	3.27843,	1.50000)

======================================================================
TRAFFIC MODEL BUILDER SUMMARY
======================================================================
Network:      US-101-N-DonaldDoyle
Segments:     7
Lanes:        4
Junctions:    8
Ramps:        2
Sensors:      5
Mode:         PeMS Data-Driven
Car-Following: IDM
ODE Solver:   Ballistic
Vmax:         35.0 m/s
======================================================================
Skipping Source actor due to time limit at clock = 43201.00125327633
Skipping Source actor due to time limit at clock = 43210.6788297557
-----------------------------
| Model.cleanup in progress |
-----------------------------
cleanup: agenda
cleanup: wait queues
coroutine counts = (2450037,2449873,2449790)
[ModelOptimizer] Fitness: 3.0381 | Elapsed: 35.96 sec
[ModelOptimizer] Evaluating parameters: VectorD(3.04271,	6.00000,	-1.00000,	3.73479,	1.50000)

======================================================================
TRAFFIC MODEL BUILDER SUMMARY
======================================================================
Network:      US-101-N-DonaldDoyle
Segments:     7
Lanes:        4
Junctions:    8
Ramps:        2
Sensors:      5
Mode:         PeMS Data-Driven
Car-Following: IDM
ODE Solver:   Ballistic
Vmax:         35.0 m/s
======================================================================
Skipping Source actor due to time limit at clock = 43201.00125327633
Skipping Source actor due to time limit at clock = 43210.6788297557
-----------------------------
| Model.cleanup in progress |
-----------------------------
cleanup: agenda
cleanup: wait queues
coroutine counts = (2509794,2509626,2509541)
[ModelOptimizer] Fitness: 3.1380 | Elapsed: 36.62 sec
[ModelOptimizer] Evaluating parameters: VectorD(5.29612,	1.50000,	-1.00000,	4.37655,	1.50000)

======================================================================
TRAFFIC MODEL BUILDER SUMMARY
======================================================================
Network:      US-101-N-DonaldDoyle
Segments:     7
Lanes:        4
Junctions:    8
Ramps:        2
Sensors:      5
Mode:         PeMS Data-Driven
Car-Following: IDM
ODE Solver:   Ballistic
Vmax:         35.0 m/s
======================================================================
Skipping Source actor due to time limit at clock = 43201.00125327633
Skipping Source actor due to time limit at clock = 43210.6788297557
-----------------------------
| Model.cleanup in progress |
-----------------------------
cleanup: agenda
cleanup: wait queues
coroutine counts = (2569551,2569379,2569292)
[ModelOptimizer] Fitness: 3.1714 | Elapsed: 36.41 sec
[ModelOptimizer] Evaluating parameters: VectorD(3.04271,	6.00000,	-1.00000,	3.73479,	1.50000)

======================================================================
TRAFFIC MODEL BUILDER SUMMARY
======================================================================
Network:      US-101-N-DonaldDoyle
Segments:     7
Lanes:        4
Junctions:    8
Ramps:        2
Sensors:      5
Mode:         PeMS Data-Driven
Car-Following: IDM
ODE Solver:   Ballistic
Vmax:         35.0 m/s
======================================================================
Skipping Source actor due to time limit at clock = 43201.00125327633
Skipping Source actor due to time limit at clock = 43210.6788297557
-----------------------------
| Model.cleanup in progress |
-----------------------------
cleanup: agenda
cleanup: wait queues
coroutine counts = (2629308,2629132,2629043)
[ModelOptimizer] Fitness: 3.1380 | Elapsed: 36.72 sec
[ModelOptimizer] Evaluating parameters: VectorD(2.66811,	1.50000,	-1.00000,	5.00000,	1.50000)

======================================================================
TRAFFIC MODEL BUILDER SUMMARY
======================================================================
Network:      US-101-N-DonaldDoyle
Segments:     7
Lanes:        4
Junctions:    8
Ramps:        2
Sensors:      5
Mode:         PeMS Data-Driven
Car-Following: IDM
ODE Solver:   Ballistic
Vmax:         35.0 m/s
======================================================================
Skipping Source actor due to time limit at clock = 43201.00125327633
Skipping Source actor due to time limit at clock = 43210.6788297557
-----------------------------
| Model.cleanup in progress |
-----------------------------
cleanup: agenda
cleanup: wait queues
coroutine counts = (2689065,2688885,2688794)
[ModelOptimizer] Fitness: 3.2621 | Elapsed: 38.88 sec
[ModelOptimizer] Evaluating parameters: VectorD(2.29815,	4.40824,	-1.00000,	5.00000,	1.50000)

======================================================================
TRAFFIC MODEL BUILDER SUMMARY
======================================================================
Network:      US-101-N-DonaldDoyle
Segments:     7
Lanes:        4
Junctions:    8
Ramps:        2
Sensors:      5
Mode:         PeMS Data-Driven
Car-Following: IDM
ODE Solver:   Ballistic
Vmax:         35.0 m/s
======================================================================
Skipping Source actor due to time limit at clock = 43201.00125327633
Skipping Source actor due to time limit at clock = 43210.6788297557
-----------------------------
| Model.cleanup in progress |
-----------------------------
cleanup: agenda
cleanup: wait queues
coroutine counts = (2748822,2748638,2748545)
[ModelOptimizer] Fitness: 3.1662 | Elapsed: 38.52 sec
[ModelOptimizer] Evaluating parameters: VectorD(2.00000,	1.50000,	-1.00000,	5.00000,	1.50000)

======================================================================
TRAFFIC MODEL BUILDER SUMMARY
======================================================================
Network:      US-101-N-DonaldDoyle
Segments:     7
Lanes:        4
Junctions:    8
Ramps:        2
Sensors:      5
Mode:         PeMS Data-Driven
Car-Following: IDM
ODE Solver:   Ballistic
Vmax:         35.0 m/s
======================================================================
Skipping Source actor due to time limit at clock = 43201.00125327633
Skipping Source actor due to time limit at clock = 43210.6788297557
-----------------------------
| Model.cleanup in progress |
-----------------------------
cleanup: agenda
cleanup: wait queues
coroutine counts = (2808579,2808391,2808296)
[ModelOptimizer] Fitness: 3.2789 | Elapsed: 37.08 sec
[ModelOptimizer] Evaluating parameters: VectorD(6.22326,	6.00000,	-1.00000,	5.00000,	1.50000)

======================================================================
TRAFFIC MODEL BUILDER SUMMARY
======================================================================
Network:      US-101-N-DonaldDoyle
Segments:     7
Lanes:        4
Junctions:    8
Ramps:        2
Sensors:      5
Mode:         PeMS Data-Driven
Car-Following: IDM
ODE Solver:   Ballistic
Vmax:         35.0 m/s
======================================================================
Skipping Source actor due to time limit at clock = 43201.00125327633
Skipping Source actor due to time limit at clock = 43210.6788297557
-----------------------------
| Model.cleanup in progress |
-----------------------------
cleanup: agenda
cleanup: wait queues
coroutine counts = (2868336,2868144,2868047)
[ModelOptimizer] Fitness: 3.0215 | Elapsed: 36.39 sec
[ModelOptimizer] Evaluating parameters: VectorD(4.07688,	1.50000,	-1.00000,	5.00000,	1.50000)

======================================================================
TRAFFIC MODEL BUILDER SUMMARY
======================================================================
Network:      US-101-N-DonaldDoyle
Segments:     7
Lanes:        4
Junctions:    8
Ramps:        2
Sensors:      5
Mode:         PeMS Data-Driven
Car-Following: IDM
ODE Solver:   Ballistic
Vmax:         35.0 m/s
======================================================================
Skipping Source actor due to time limit at clock = 43201.00125327633
Skipping Source actor due to time limit at clock = 43210.6788297557
-----------------------------
| Model.cleanup in progress |
-----------------------------
cleanup: agenda
cleanup: wait queues
coroutine counts = (2928093,2927897,2927798)
[ModelOptimizer] Fitness: 3.2174 | Elapsed: 38.74 sec
[ModelOptimizer] Evaluating parameters: VectorD(7.77963,	4.55926,	-1.00000,	5.00000,	1.50000)

======================================================================
TRAFFIC MODEL BUILDER SUMMARY
======================================================================
Network:      US-101-N-DonaldDoyle
Segments:     7
Lanes:        4
Junctions:    8
Ramps:        2
Sensors:      5
Mode:         PeMS Data-Driven
Car-Following: IDM
ODE Solver:   Ballistic
Vmax:         35.0 m/s
======================================================================
Skipping Source actor due to time limit at clock = 43201.00125327633
Skipping Source actor due to time limit at clock = 43210.6788297557
-----------------------------
| Model.cleanup in progress |
-----------------------------
cleanup: agenda
cleanup: wait queues
coroutine counts = (2987850,2987650,2987549)
[ModelOptimizer] Fitness: 3.0133 | Elapsed: 38.29 sec
[ModelOptimizer] Evaluating parameters: VectorD(8.00000,	6.00000,	-1.02333,	1.00000,	0.714438)

======================================================================
TRAFFIC MODEL BUILDER SUMMARY
======================================================================
Network:      US-101-N-DonaldDoyle
Segments:     7
Lanes:        4
Junctions:    8
Ramps:        2
Sensors:      5
Mode:         PeMS Data-Driven
Car-Following: IDM
ODE Solver:   Ballistic
Vmax:         35.0 m/s
======================================================================
Skipping Source actor due to time limit at clock = 43201.00125327633
Skipping Source actor due to time limit at clock = 43210.6788297557
-----------------------------
| Model.cleanup in progress |
-----------------------------
cleanup: agenda
cleanup: wait queues
coroutine counts = (3047607,3047403,3047300)
[ModelOptimizer] Fitness: 3.0272 | Elapsed: 56.65 sec
[ModelOptimizer] Evaluating parameters: VectorD(2.00000,	3.30282,	-1.00000,	3.81067,	0.714438)

======================================================================
TRAFFIC MODEL BUILDER SUMMARY
======================================================================
Network:      US-101-N-DonaldDoyle
Segments:     7
Lanes:        4
Junctions:    8
Ramps:        2
Sensors:      5
Mode:         PeMS Data-Driven
Car-Following: IDM
ODE Solver:   Ballistic
Vmax:         35.0 m/s
======================================================================
Skipping Source actor due to time limit at clock = 43201.00125327633
Skipping Source actor due to time limit at clock = 43210.6788297557
-----------------------------
| Model.cleanup in progress |
-----------------------------
cleanup: agenda
cleanup: wait queues
coroutine counts = (3107364,3107156,3107051)
[ModelOptimizer] Fitness: 3.0170 | Elapsed: 58.95 sec
[ModelOptimizer] Evaluating parameters: VectorD(2.00000,	6.00000,	-1.00000,	1.00000,	0.300000)

======================================================================
TRAFFIC MODEL BUILDER SUMMARY
======================================================================
Network:      US-101-N-DonaldDoyle
Segments:     7
Lanes:        4
Junctions:    8
Ramps:        2
Sensors:      5
Mode:         PeMS Data-Driven
Car-Following: IDM
ODE Solver:   Ballistic
Vmax:         35.0 m/s
======================================================================
Skipping Source actor due to time limit at clock = 43201.00125327633
Skipping Source actor due to time limit at clock = 43210.6788297557
-----------------------------
| Model.cleanup in progress |
-----------------------------
cleanup: agenda
cleanup: wait queues
coroutine counts = (3167121,3166909,3166802)
[ModelOptimizer] Fitness: 2.6943 | Elapsed: 98.58 sec
[ModelOptimizer] Evaluating parameters: VectorD(2.00000,	3.51266,	-1.00000,	5.00000,	1.50000)

======================================================================
TRAFFIC MODEL BUILDER SUMMARY
======================================================================
Network:      US-101-N-DonaldDoyle
Segments:     7
Lanes:        4
Junctions:    8
Ramps:        2
Sensors:      5
Mode:         PeMS Data-Driven
Car-Following: IDM
ODE Solver:   Ballistic
Vmax:         35.0 m/s
======================================================================
Skipping Source actor due to time limit at clock = 43201.00125327633
Skipping Source actor due to time limit at clock = 43210.6788297557
-----------------------------
| Model.cleanup in progress |
-----------------------------
cleanup: agenda
cleanup: wait queues
coroutine counts = (3226878,3226662,3226553)
[ModelOptimizer] Fitness: 3.1370 | Elapsed: 36.05 sec
[ModelOptimizer] Evaluating parameters: VectorD(2.00000,	6.00000,	-1.00000,	1.00000,	0.300000)

======================================================================
TRAFFIC MODEL BUILDER SUMMARY
======================================================================
Network:      US-101-N-DonaldDoyle
Segments:     7
Lanes:        4
Junctions:    8
Ramps:        2
Sensors:      5
Mode:         PeMS Data-Driven
Car-Following: IDM
ODE Solver:   Ballistic
Vmax:         35.0 m/s
======================================================================
Skipping Source actor due to time limit at clock = 43201.00125327633
Skipping Source actor due to time limit at clock = 43210.6788297557
-----------------------------
| Model.cleanup in progress |
-----------------------------
cleanup: agenda
cleanup: wait queues
coroutine counts = (3286635,3286415,3286304)
[ModelOptimizer] Fitness: 2.6943 | Elapsed: 95.04 sec
[ModelOptimizer] Evaluating parameters: VectorD(5.89939,	1.69971,	-1.00000,	5.00000,	1.50000)

======================================================================
TRAFFIC MODEL BUILDER SUMMARY
======================================================================
Network:      US-101-N-DonaldDoyle
Segments:     7
Lanes:        4
Junctions:    8
Ramps:        2
Sensors:      5
Mode:         PeMS Data-Driven
Car-Following: IDM
ODE Solver:   Ballistic
Vmax:         35.0 m/s
======================================================================
Skipping Source actor due to time limit at clock = 43201.00125327633
Skipping Source actor due to time limit at clock = 43210.6788297557
-----------------------------
| Model.cleanup in progress |
-----------------------------
cleanup: agenda
cleanup: wait queues
coroutine counts = (3346392,3346168,3346055)
[ModelOptimizer] Fitness: 3.1372 | Elapsed: 36.71 sec
[ModelOptimizer] Evaluating parameters: VectorD(5.84697,	3.22163,	-1.00000,	5.00000,	1.50000)

======================================================================
TRAFFIC MODEL BUILDER SUMMARY
======================================================================
Network:      US-101-N-DonaldDoyle
Segments:     7
Lanes:        4
Junctions:    8
Ramps:        2
Sensors:      5
Mode:         PeMS Data-Driven
Car-Following: IDM
ODE Solver:   Ballistic
Vmax:         35.0 m/s
======================================================================
Skipping Source actor due to time limit at clock = 43201.00125327633
Skipping Source actor due to time limit at clock = 43210.6788297557
-----------------------------
| Model.cleanup in progress |
-----------------------------
cleanup: agenda
cleanup: wait queues
coroutine counts = (3406149,3405921,3405806)
[ModelOptimizer] Fitness: 3.0766 | Elapsed: 36.34 sec
[ModelOptimizer] Evaluating parameters: VectorD(2.03583,	5.07106,	-1.00000,	3.82703,	1.50000)

======================================================================
TRAFFIC MODEL BUILDER SUMMARY
======================================================================
Network:      US-101-N-DonaldDoyle
Segments:     7
Lanes:        4
Junctions:    8
Ramps:        2
Sensors:      5
Mode:         PeMS Data-Driven
Car-Following: IDM
ODE Solver:   Ballistic
Vmax:         35.0 m/s
======================================================================
Skipping Source actor due to time limit at clock = 43201.00125327633
Skipping Source actor due to time limit at clock = 43210.6788297557
-----------------------------
| Model.cleanup in progress |
-----------------------------
cleanup: agenda
cleanup: wait queues
coroutine counts = (3465906,3465674,3465557)
[ModelOptimizer] Fitness: 3.1521 | Elapsed: 37.13 sec
[ModelOptimizer] Evaluating parameters: VectorD(7.88742,	6.00000,	-1.00000,	5.00000,	1.46248)

======================================================================
TRAFFIC MODEL BUILDER SUMMARY
======================================================================
Network:      US-101-N-DonaldDoyle
Segments:     7
Lanes:        4
Junctions:    8
Ramps:        2
Sensors:      5
Mode:         PeMS Data-Driven
Car-Following: IDM
ODE Solver:   Ballistic
Vmax:         35.0 m/s
======================================================================
Skipping Source actor due to time limit at clock = 43201.00125327633
Skipping Source actor due to time limit at clock = 43210.6788297557
-----------------------------
| Model.cleanup in progress |
-----------------------------
cleanup: agenda
cleanup: wait queues
coroutine counts = (3525663,3525427,3525308)
[ModelOptimizer] Fitness: 2.9782 | Elapsed: 37.23 sec
[ModelOptimizer] Evaluating parameters: VectorD(3.47016,	6.00000,	-1.00000,	5.00000,	1.50000)

======================================================================
TRAFFIC MODEL BUILDER SUMMARY
======================================================================
Network:      US-101-N-DonaldDoyle
Segments:     7
Lanes:        4
Junctions:    8
Ramps:        2
Sensors:      5
Mode:         PeMS Data-Driven
Car-Following: IDM
ODE Solver:   Ballistic
Vmax:         35.0 m/s
======================================================================
Skipping Source actor due to time limit at clock = 43201.00125327633
Skipping Source actor due to time limit at clock = 43210.6788297557
-----------------------------
| Model.cleanup in progress |
-----------------------------
cleanup: agenda
cleanup: wait queues
coroutine counts = (3585420,3585180,3585059)
[ModelOptimizer] Fitness: 3.1153 | Elapsed: 37.29 sec
[ModelOptimizer] Evaluating parameters: VectorD(3.08789,	6.00000,	-1.00000,	1.00000,	1.50000)

======================================================================
TRAFFIC MODEL BUILDER SUMMARY
======================================================================
Network:      US-101-N-DonaldDoyle
Segments:     7
Lanes:        4
Junctions:    8
Ramps:        2
Sensors:      5
Mode:         PeMS Data-Driven
Car-Following: IDM
ODE Solver:   Ballistic
Vmax:         35.0 m/s
======================================================================
Skipping Source actor due to time limit at clock = 43201.00125327633
Skipping Source actor due to time limit at clock = 43210.6788297557
-----------------------------
| Model.cleanup in progress |
-----------------------------
cleanup: agenda
cleanup: wait queues
coroutine counts = (3645177,3644933,3644810)
[ModelOptimizer] Fitness: 2.4603 | Elapsed: 34.22 sec
[ModelOptimizer] Evaluating parameters: VectorD(2.17802,	6.00000,	-1.00000,	5.00000,	1.50000)

======================================================================
TRAFFIC MODEL BUILDER SUMMARY
======================================================================
Network:      US-101-N-DonaldDoyle
Segments:     7
Lanes:        4
Junctions:    8
Ramps:        2
Sensors:      5
Mode:         PeMS Data-Driven
Car-Following: IDM
ODE Solver:   Ballistic
Vmax:         35.0 m/s
======================================================================
Skipping Source actor due to time limit at clock = 43201.00125327633
Skipping Source actor due to time limit at clock = 43210.6788297557
-----------------------------
| Model.cleanup in progress |
-----------------------------
cleanup: agenda
cleanup: wait queues
coroutine counts = (3704934,3704686,3704561)
[ModelOptimizer] Fitness: 3.2389 | Elapsed: 37.84 sec
[ModelOptimizer] Evaluating parameters: VectorD(7.85793,	5.45542,	-1.00000,	2.13413,	1.50000)

======================================================================
TRAFFIC MODEL BUILDER SUMMARY
======================================================================
Network:      US-101-N-DonaldDoyle
Segments:     7
Lanes:        4
Junctions:    8
Ramps:        2
Sensors:      5
Mode:         PeMS Data-Driven
Car-Following: IDM
ODE Solver:   Ballistic
Vmax:         35.0 m/s
======================================================================
Skipping Source actor due to time limit at clock = 43201.00125327633
Skipping Source actor due to time limit at clock = 43210.6788297557
-----------------------------
| Model.cleanup in progress |
-----------------------------
cleanup: agenda
cleanup: wait queues
coroutine counts = (3764691,3764439,3764312)
[ModelOptimizer] Fitness: 2.9728 | Elapsed: 35.91 sec
[ModelOptimizer] Evaluating parameters: VectorD(2.00000,	6.00000,	-1.00000,	5.00000,	1.50000)

======================================================================
TRAFFIC MODEL BUILDER SUMMARY
======================================================================
Network:      US-101-N-DonaldDoyle
Segments:     7
Lanes:        4
Junctions:    8
Ramps:        2
Sensors:      5
Mode:         PeMS Data-Driven
Car-Following: IDM
ODE Solver:   Ballistic
Vmax:         35.0 m/s
======================================================================
Skipping Source actor due to time limit at clock = 43201.00125327633
Skipping Source actor due to time limit at clock = 43210.6788297557
-----------------------------
| Model.cleanup in progress |
-----------------------------
cleanup: agenda
cleanup: wait queues
coroutine counts = (3824448,3824192,3824063)
[ModelOptimizer] Fitness: 3.2769 | Elapsed: 38.04 sec
[ModelOptimizer] Evaluating parameters: VectorD(2.00000,	5.14279,	-1.00000,	4.92943,	1.50000)

======================================================================
TRAFFIC MODEL BUILDER SUMMARY
======================================================================
Network:      US-101-N-DonaldDoyle
Segments:     7
Lanes:        4
Junctions:    8
Ramps:        2
Sensors:      5
Mode:         PeMS Data-Driven
Car-Following: IDM
ODE Solver:   Ballistic
Vmax:         35.0 m/s
======================================================================
Skipping Source actor due to time limit at clock = 43201.00125327633
Skipping Source actor due to time limit at clock = 43210.6788297557
-----------------------------
| Model.cleanup in progress |
-----------------------------
cleanup: agenda
cleanup: wait queues
coroutine counts = (3884205,3883945,3883814)
[ModelOptimizer] Fitness: 3.2160 | Elapsed: 37.36 sec
       1 |      2.46026261 |      2.46026261 |       2.0% ✓
[ModelOptimizer] Evaluating parameters: VectorD(2.00000,	6.00000,	-1.00000,	5.00000,	1.50000)

======================================================================
TRAFFIC MODEL BUILDER SUMMARY
======================================================================
Network:      US-101-N-DonaldDoyle
Segments:     7
Lanes:        4
Junctions:    8
Ramps:        2
Sensors:      5
Mode:         PeMS Data-Driven
Car-Following: IDM
ODE Solver:   Ballistic
Vmax:         35.0 m/s
======================================================================
Skipping Source actor due to time limit at clock = 43201.00125327633
Skipping Source actor due to time limit at clock = 43210.6788297557
-----------------------------
| Model.cleanup in progress |
-----------------------------
cleanup: agenda
cleanup: wait queues
coroutine counts = (3943962,3943698,3943565)
[ModelOptimizer] Fitness: 3.2769 | Elapsed: 38.02 sec
[ModelOptimizer] Evaluating parameters: VectorD(8.00000,	3.69071,	-1.00000,	3.98053,	1.50000)

======================================================================
TRAFFIC MODEL BUILDER SUMMARY
======================================================================
Network:      US-101-N-DonaldDoyle
Segments:     7
Lanes:        4
Junctions:    8
Ramps:        2
Sensors:      5
Mode:         PeMS Data-Driven
Car-Following: IDM
ODE Solver:   Ballistic
Vmax:         35.0 m/s
======================================================================
Skipping Source actor due to time limit at clock = 43201.00125327633
Skipping Source actor due to time limit at clock = 43210.6788297557
-----------------------------
| Model.cleanup in progress |
-----------------------------
cleanup: agenda
cleanup: wait queues
coroutine counts = (4003719,4003451,4003316)
[ModelOptimizer] Fitness: 2.9722 | Elapsed: 35.99 sec
[ModelOptimizer] Evaluating parameters: VectorD(8.00000,	4.93452,	-1.00000,	3.87420,	1.29206)

======================================================================
TRAFFIC MODEL BUILDER SUMMARY
======================================================================
Network:      US-101-N-DonaldDoyle
Segments:     7
Lanes:        4
Junctions:    8
Ramps:        2
Sensors:      5
Mode:         PeMS Data-Driven
Car-Following: IDM
ODE Solver:   Ballistic
Vmax:         35.0 m/s
======================================================================
Skipping Source actor due to time limit at clock = 43201.00125327633
Skipping Source actor due to time limit at clock = 43210.6788297557
-----------------------------
| Model.cleanup in progress |
-----------------------------
cleanup: agenda
cleanup: wait queues
coroutine counts = (4063476,4063204,4063067)
[ModelOptimizer] Fitness: 2.9419 | Elapsed: 38.74 sec
[ModelOptimizer] Evaluating parameters: VectorD(2.00000,	4.49791,	-1.00000,	5.00000,	1.50000)

======================================================================
TRAFFIC MODEL BUILDER SUMMARY
======================================================================
Network:      US-101-N-DonaldDoyle
Segments:     7
Lanes:        4
Junctions:    8
Ramps:        2
Sensors:      5
Mode:         PeMS Data-Driven
Car-Following: IDM
ODE Solver:   Ballistic
Vmax:         35.0 m/s
======================================================================
Skipping Source actor due to time limit at clock = 43201.00125327633
Skipping Source actor due to time limit at clock = 43210.6788297557
-----------------------------
| Model.cleanup in progress |
-----------------------------
cleanup: agenda
cleanup: wait queues
coroutine counts = (4123233,4122957,4122818)
[ModelOptimizer] Fitness: 3.1901 | Elapsed: 37.56 sec
[ModelOptimizer] Evaluating parameters: VectorD(8.00000,	4.93452,	-1.00000,	3.87420,	1.29206)

======================================================================
TRAFFIC MODEL BUILDER SUMMARY
======================================================================
Network:      US-101-N-DonaldDoyle
Segments:     7
Lanes:        4
Junctions:    8
Ramps:        2
Sensors:      5
Mode:         PeMS Data-Driven
Car-Following: IDM
ODE Solver:   Ballistic
Vmax:         35.0 m/s
======================================================================
Skipping Source actor due to time limit at clock = 43201.00125327633
Skipping Source actor due to time limit at clock = 43210.6788297557
-----------------------------
| Model.cleanup in progress |
-----------------------------
cleanup: agenda
cleanup: wait queues
coroutine counts = (4182990,4182710,4182569)
[ModelOptimizer] Fitness: 2.9419 | Elapsed: 39.19 sec
[ModelOptimizer] Evaluating parameters: VectorD(5.53622,	1.50000,	-1.00000,	3.67762,	1.50000)

======================================================================
TRAFFIC MODEL BUILDER SUMMARY
======================================================================
Network:      US-101-N-DonaldDoyle
Segments:     7
Lanes:        4
Junctions:    8
Ramps:        2
Sensors:      5
Mode:         PeMS Data-Driven
Car-Following: IDM
ODE Solver:   Ballistic
Vmax:         35.0 m/s
======================================================================
Skipping Source actor due to time limit at clock = 43201.00125327633
Skipping Source actor due to time limit at clock = 43210.6788297557
-----------------------------
| Model.cleanup in progress |
-----------------------------
cleanup: agenda
cleanup: wait queues
coroutine counts = (4242747,4242463,4242320)
[ModelOptimizer] Fitness: 3.1621 | Elapsed: 37.53 sec
[ModelOptimizer] Evaluating parameters: VectorD(3.80605,	1.50000,	-1.00000,	5.00000,	1.50000)

======================================================================
TRAFFIC MODEL BUILDER SUMMARY
======================================================================
Network:      US-101-N-DonaldDoyle
Segments:     7
Lanes:        4
Junctions:    8
Ramps:        2
Sensors:      5
Mode:         PeMS Data-Driven
Car-Following: IDM
ODE Solver:   Ballistic
Vmax:         35.0 m/s
======================================================================
Skipping Source actor due to time limit at clock = 43201.00125327633
Skipping Source actor due to time limit at clock = 43210.6788297557
-----------------------------
| Model.cleanup in progress |
-----------------------------
cleanup: agenda
cleanup: wait queues
coroutine counts = (4302504,4302216,4302071)
[ModelOptimizer] Fitness: 3.2247 | Elapsed: 37.65 sec
[ModelOptimizer] Evaluating parameters: VectorD(5.53622,	1.50000,	-1.00000,	3.67762,	1.50000)

======================================================================
TRAFFIC MODEL BUILDER SUMMARY
======================================================================
Network:      US-101-N-DonaldDoyle
Segments:     7
Lanes:        4
Junctions:    8
Ramps:        2
Sensors:      5
Mode:         PeMS Data-Driven
Car-Following: IDM
ODE Solver:   Ballistic
Vmax:         35.0 m/s
======================================================================
Skipping Source actor due to time limit at clock = 43201.00125327633
Skipping Source actor due to time limit at clock = 43210.6788297557
-----------------------------
| Model.cleanup in progress |
-----------------------------
cleanup: agenda
cleanup: wait queues
coroutine counts = (4362261,4361969,4361822)
[ModelOptimizer] Fitness: 3.1621 | Elapsed: 36.39 sec
[ModelOptimizer] Evaluating parameters: VectorD(2.00000,	4.14744,	-1.00000,	1.00000,	1.50000)

======================================================================
TRAFFIC MODEL BUILDER SUMMARY
======================================================================
Network:      US-101-N-DonaldDoyle
Segments:     7
Lanes:        4
Junctions:    8
Ramps:        2
Sensors:      5
Mode:         PeMS Data-Driven
Car-Following: IDM
ODE Solver:   Ballistic
Vmax:         35.0 m/s
======================================================================
Skipping Source actor due to time limit at clock = 43201.00125327633
Skipping Source actor due to time limit at clock = 43210.6788297557
-----------------------------
| Model.cleanup in progress |
-----------------------------
cleanup: agenda
cleanup: wait queues
coroutine counts = (4422018,4421722,4421573)
[ModelOptimizer] Fitness: 2.4295 | Elapsed: 34.14 sec
[ModelOptimizer] Evaluating parameters: VectorD(6.49160,	6.00000,	-1.00000,	4.09212,	1.50000)

======================================================================
TRAFFIC MODEL BUILDER SUMMARY
======================================================================
Network:      US-101-N-DonaldDoyle
Segments:     7
Lanes:        4
Junctions:    8
Ramps:        2
Sensors:      5
Mode:         PeMS Data-Driven
Car-Following: IDM
ODE Solver:   Ballistic
Vmax:         35.0 m/s
======================================================================
Skipping Source actor due to time limit at clock = 43201.00125327633
Skipping Source actor due to time limit at clock = 43210.6788297557
-----------------------------
| Model.cleanup in progress |
-----------------------------
cleanup: agenda
cleanup: wait queues
coroutine counts = (4481775,4481475,4481324)
[ModelOptimizer] Fitness: 2.9758 | Elapsed: 36.47 sec
[ModelOptimizer] Evaluating parameters: VectorD(2.00000,	4.14744,	-1.00000,	1.00000,	1.50000)

======================================================================
TRAFFIC MODEL BUILDER SUMMARY
======================================================================
Network:      US-101-N-DonaldDoyle
Segments:     7
Lanes:        4
Junctions:    8
Ramps:        2
Sensors:      5
Mode:         PeMS Data-Driven
Car-Following: IDM
ODE Solver:   Ballistic
Vmax:         35.0 m/s
======================================================================
Skipping Source actor due to time limit at clock = 43201.00125327633
Skipping Source actor due to time limit at clock = 43210.6788297557
-----------------------------
| Model.cleanup in progress |
-----------------------------
cleanup: agenda
cleanup: wait queues
coroutine counts = (4541532,4541228,4541075)
[ModelOptimizer] Fitness: 2.4295 | Elapsed: 36.27 sec
[ModelOptimizer] Evaluating parameters: VectorD(2.00000,	2.66437,	-1.00000,	3.36349,	1.50000)

======================================================================
TRAFFIC MODEL BUILDER SUMMARY
======================================================================
Network:      US-101-N-DonaldDoyle
Segments:     7
Lanes:        4
Junctions:    8
Ramps:        2
Sensors:      5
Mode:         PeMS Data-Driven
Car-Following: IDM
ODE Solver:   Ballistic
Vmax:         35.0 m/s
======================================================================
Skipping Source actor due to time limit at clock = 43201.00125327633
Skipping Source actor due to time limit at clock = 43210.6788297557
-----------------------------
| Model.cleanup in progress |
-----------------------------
cleanup: agenda
cleanup: wait queues
coroutine counts = (4601289,4600981,4600826)
[ModelOptimizer] Fitness: 3.0323 | Elapsed: 35.40 sec
[ModelOptimizer] Evaluating parameters: VectorD(4.88691,	4.25670,	-1.00000,	1.78877,	0.556877)

======================================================================
TRAFFIC MODEL BUILDER SUMMARY
======================================================================
Network:      US-101-N-DonaldDoyle
Segments:     7
Lanes:        4
Junctions:    8
Ramps:        2
Sensors:      5
Mode:         PeMS Data-Driven
Car-Following: IDM
ODE Solver:   Ballistic
Vmax:         35.0 m/s
======================================================================
Skipping Source actor due to time limit at clock = 43201.00125327633
Skipping Source actor due to time limit at clock = 43210.6788297557
-----------------------------
| Model.cleanup in progress |
-----------------------------
cleanup: agenda
cleanup: wait queues
coroutine counts = (4661046,4660734,4660577)
[ModelOptimizer] Fitness: 3.0540 | Elapsed: 64.77 sec
[ModelOptimizer] Evaluating parameters: VectorD(2.00000,	2.66437,	-1.00000,	3.36349,	1.50000)

======================================================================
TRAFFIC MODEL BUILDER SUMMARY
======================================================================
Network:      US-101-N-DonaldDoyle
Segments:     7
Lanes:        4
Junctions:    8
Ramps:        2
Sensors:      5
Mode:         PeMS Data-Driven
Car-Following: IDM
ODE Solver:   Ballistic
Vmax:         35.0 m/s
======================================================================
Skipping Source actor due to time limit at clock = 43201.00125327633
Skipping Source actor due to time limit at clock = 43210.6788297557
-----------------------------
| Model.cleanup in progress |
-----------------------------
cleanup: agenda
cleanup: wait queues
coroutine counts = (4720803,4720487,4720328)
[ModelOptimizer] Fitness: 3.0323 | Elapsed: 35.69 sec
[ModelOptimizer] Evaluating parameters: VectorD(2.00000,	1.51679,	-1.00000,	1.72455,	1.50000)

======================================================================
TRAFFIC MODEL BUILDER SUMMARY
======================================================================
Network:      US-101-N-DonaldDoyle
Segments:     7
Lanes:        4
Junctions:    8
Ramps:        2
Sensors:      5
Mode:         PeMS Data-Driven
Car-Following: IDM
ODE Solver:   Ballistic
Vmax:         35.0 m/s
======================================================================
Skipping Source actor due to time limit at clock = 43201.00125327633
Skipping Source actor due to time limit at clock = 43210.6788297557
-----------------------------
| Model.cleanup in progress |
-----------------------------
cleanup: agenda
cleanup: wait queues
coroutine counts = (4780560,4780240,4780079)
[ModelOptimizer] Fitness: 3.1902 | Elapsed: 36.17 sec
[ModelOptimizer] Evaluating parameters: VectorD(3.45600,	4.69162,	-1.00000,	1.00000,	1.50000)

======================================================================
TRAFFIC MODEL BUILDER SUMMARY
======================================================================
Network:      US-101-N-DonaldDoyle
Segments:     7
Lanes:        4
Junctions:    8
Ramps:        2
Sensors:      5
Mode:         PeMS Data-Driven
Car-Following: IDM
ODE Solver:   Ballistic
Vmax:         35.0 m/s
======================================================================
Skipping Source actor due to time limit at clock = 43201.00125327633
Skipping Source actor due to time limit at clock = 43210.6788297557
-----------------------------
| Model.cleanup in progress |
-----------------------------
cleanup: agenda
cleanup: wait queues
coroutine counts = (4840317,4839993,4839830)
[ModelOptimizer] Fitness: 2.4688 | Elapsed: 33.90 sec
[ModelOptimizer] Evaluating parameters: VectorD(2.00000,	6.00000,	-1.00000,	1.00000,	1.50000)

======================================================================
TRAFFIC MODEL BUILDER SUMMARY
======================================================================
Network:      US-101-N-DonaldDoyle
Segments:     7
Lanes:        4
Junctions:    8
Ramps:        2
Sensors:      5
Mode:         PeMS Data-Driven
Car-Following: IDM
ODE Solver:   Ballistic
Vmax:         35.0 m/s
======================================================================
Skipping Source actor due to time limit at clock = 43201.00125327633
Skipping Source actor due to time limit at clock = 43210.6788297557
-----------------------------
| Model.cleanup in progress |
-----------------------------
cleanup: agenda
cleanup: wait queues
coroutine counts = (4900074,4899746,4899581)
[ModelOptimizer] Fitness: 2.4195 | Elapsed: 34.12 sec
[ModelOptimizer] Evaluating parameters: VectorD(3.54682,	6.00000,	-1.00000,	1.68747,	1.50000)

======================================================================
TRAFFIC MODEL BUILDER SUMMARY
======================================================================
Network:      US-101-N-DonaldDoyle
Segments:     7
Lanes:        4
Junctions:    8
Ramps:        2
Sensors:      5
Mode:         PeMS Data-Driven
Car-Following: IDM
ODE Solver:   Ballistic
Vmax:         35.0 m/s
======================================================================
Skipping Source actor due to time limit at clock = 43201.00125327633
Skipping Source actor due to time limit at clock = 43210.6788297557
-----------------------------
| Model.cleanup in progress |
-----------------------------
cleanup: agenda
cleanup: wait queues
coroutine counts = (4959831,4959499,4959332)
[ModelOptimizer] Fitness: 2.7882 | Elapsed: 34.42 sec
[ModelOptimizer] Evaluating parameters: VectorD(2.00000,	6.00000,	-1.00000,	1.00000,	1.50000)

======================================================================
TRAFFIC MODEL BUILDER SUMMARY
======================================================================
Network:      US-101-N-DonaldDoyle
Segments:     7
Lanes:        4
Junctions:    8
Ramps:        2
Sensors:      5
Mode:         PeMS Data-Driven
Car-Following: IDM
ODE Solver:   Ballistic
Vmax:         35.0 m/s
======================================================================
Skipping Source actor due to time limit at clock = 43201.00125327633
Skipping Source actor due to time limit at clock = 43210.6788297557
-----------------------------
| Model.cleanup in progress |
-----------------------------
cleanup: agenda
cleanup: wait queues
coroutine counts = (5019588,5019252,5019083)
[ModelOptimizer] Fitness: 2.4195 | Elapsed: 33.71 sec
[ModelOptimizer] Evaluating parameters: VectorD(8.00000,	6.00000,	-1.00000,	2.61075,	1.50000)

======================================================================
TRAFFIC MODEL BUILDER SUMMARY
======================================================================
Network:      US-101-N-DonaldDoyle
Segments:     7
Lanes:        4
Junctions:    8
Ramps:        2
Sensors:      5
Mode:         PeMS Data-Driven
Car-Following: IDM
ODE Solver:   Ballistic
Vmax:         35.0 m/s
======================================================================
Skipping Source actor due to time limit at clock = 43201.00125327633
Skipping Source actor due to time limit at clock = 43210.6788297557
-----------------------------
| Model.cleanup in progress |
-----------------------------
cleanup: agenda
cleanup: wait queues
coroutine counts = (5079345,5079005,5078834)
[ModelOptimizer] Fitness: 2.9264 | Elapsed: 34.90 sec
[ModelOptimizer] Evaluating parameters: VectorD(2.00000,	2.21713,	-1.00000,	1.05423,	1.50000)

======================================================================
TRAFFIC MODEL BUILDER SUMMARY
======================================================================
Network:      US-101-N-DonaldDoyle
Segments:     7
Lanes:        4
Junctions:    8
Ramps:        2
Sensors:      5
Mode:         PeMS Data-Driven
Car-Following: IDM
ODE Solver:   Ballistic
Vmax:         35.0 m/s
======================================================================
Skipping Source actor due to time limit at clock = 43201.00125327633
Skipping Source actor due to time limit at clock = 43210.6788297557
-----------------------------
| Model.cleanup in progress |
-----------------------------
cleanup: agenda
cleanup: wait queues
coroutine counts = (5139102,5138758,5138585)
[ModelOptimizer] Fitness: 2.6522 | Elapsed: 34.45 sec
[ModelOptimizer] Evaluating parameters: VectorD(2.00000,	5.00490,	-1.00000,	5.00000,	1.50000)

======================================================================
TRAFFIC MODEL BUILDER SUMMARY
======================================================================
Network:      US-101-N-DonaldDoyle
Segments:     7
Lanes:        4
Junctions:    8
Ramps:        2
Sensors:      5
Mode:         PeMS Data-Driven
Car-Following: IDM
ODE Solver:   Ballistic
Vmax:         35.0 m/s
======================================================================
Skipping Source actor due to time limit at clock = 43201.00125327633
Skipping Source actor due to time limit at clock = 43210.6788297557
-----------------------------
| Model.cleanup in progress |
-----------------------------
cleanup: agenda
cleanup: wait queues
coroutine counts = (5198859,5198511,5198336)
[ModelOptimizer] Fitness: 3.2175 | Elapsed: 38.68 sec
[ModelOptimizer] Evaluating parameters: VectorD(2.00000,	3.65942,	-1.00000,	3.27843,	1.50000)

======================================================================
TRAFFIC MODEL BUILDER SUMMARY
======================================================================
Network:      US-101-N-DonaldDoyle
Segments:     7
Lanes:        4
Junctions:    8
Ramps:        2
Sensors:      5
Mode:         PeMS Data-Driven
Car-Following: IDM
ODE Solver:   Ballistic
Vmax:         35.0 m/s
======================================================================
Skipping Source actor due to time limit at clock = 43201.00125327633
Skipping Source actor due to time limit at clock = 43210.6788297557
-----------------------------
| Model.cleanup in progress |
-----------------------------
cleanup: agenda
cleanup: wait queues
coroutine counts = (5258616,5258264,5258087)
[ModelOptimizer] Fitness: 3.0381 | Elapsed: 36.58 sec
[ModelOptimizer] Evaluating parameters: VectorD(2.00000,	5.33414,	-1.00000,	1.00000,	1.50000)

======================================================================
TRAFFIC MODEL BUILDER SUMMARY
======================================================================
Network:      US-101-N-DonaldDoyle
Segments:     7
Lanes:        4
Junctions:    8
Ramps:        2
Sensors:      5
Mode:         PeMS Data-Driven
Car-Following: IDM
ODE Solver:   Ballistic
Vmax:         35.0 m/s
======================================================================
Skipping Source actor due to time limit at clock = 43201.00125327633
Skipping Source actor due to time limit at clock = 43210.6788297557
-----------------------------
| Model.cleanup in progress |
-----------------------------
cleanup: agenda
cleanup: wait queues
coroutine counts = (5318373,5318017,5317838)
[ModelOptimizer] Fitness: 2.4166 | Elapsed: 34.53 sec
[ModelOptimizer] Evaluating parameters: VectorD(3.04271,	6.00000,	-1.00000,	3.73479,	1.50000)

======================================================================
TRAFFIC MODEL BUILDER SUMMARY
======================================================================
Network:      US-101-N-DonaldDoyle
Segments:     7
Lanes:        4
Junctions:    8
Ramps:        2
Sensors:      5
Mode:         PeMS Data-Driven
Car-Following: IDM
ODE Solver:   Ballistic
Vmax:         35.0 m/s
======================================================================
Skipping Source actor due to time limit at clock = 43201.00125327633
Skipping Source actor due to time limit at clock = 43210.6788297557
-----------------------------
| Model.cleanup in progress |
-----------------------------
cleanup: agenda
cleanup: wait queues
coroutine counts = (5378130,5377770,5377589)
[ModelOptimizer] Fitness: 3.1380 | Elapsed: 37.15 sec
[ModelOptimizer] Evaluating parameters: VectorD(2.00000,	5.33414,	-1.00000,	1.00000,	1.50000)

======================================================================
TRAFFIC MODEL BUILDER SUMMARY
======================================================================
Network:      US-101-N-DonaldDoyle
Segments:     7
Lanes:        4
Junctions:    8
Ramps:        2
Sensors:      5
Mode:         PeMS Data-Driven
Car-Following: IDM
ODE Solver:   Ballistic
Vmax:         35.0 m/s
======================================================================
Skipping Source actor due to time limit at clock = 43201.00125327633
Skipping Source actor due to time limit at clock = 43210.6788297557
-----------------------------
| Model.cleanup in progress |
-----------------------------
cleanup: agenda
cleanup: wait queues
coroutine counts = (5437887,5437523,5437340)
[ModelOptimizer] Fitness: 2.4166 | Elapsed: 35.59 sec
[ModelOptimizer] Evaluating parameters: VectorD(2.29815,	5.59512,	-1.00000,	1.00000,	1.50000)

======================================================================
TRAFFIC MODEL BUILDER SUMMARY
======================================================================
Network:      US-101-N-DonaldDoyle
Segments:     7
Lanes:        4
Junctions:    8
Ramps:        2
Sensors:      5
Mode:         PeMS Data-Driven
Car-Following: IDM
ODE Solver:   Ballistic
Vmax:         35.0 m/s
======================================================================
Skipping Source actor due to time limit at clock = 43201.00125327633
Skipping Source actor due to time limit at clock = 43210.6788297557
-----------------------------
| Model.cleanup in progress |
-----------------------------
cleanup: agenda
cleanup: wait queues
coroutine counts = (5497644,5497276,5497091)
[ModelOptimizer] Fitness: 2.4297 | Elapsed: 37.27 sec
[ModelOptimizer] Evaluating parameters: VectorD(2.29815,	4.40824,	-1.00000,	5.00000,	1.50000)

======================================================================
TRAFFIC MODEL BUILDER SUMMARY
======================================================================
Network:      US-101-N-DonaldDoyle
Segments:     7
Lanes:        4
Junctions:    8
Ramps:        2
Sensors:      5
Mode:         PeMS Data-Driven
Car-Following: IDM
ODE Solver:   Ballistic
Vmax:         35.0 m/s
======================================================================
Skipping Source actor due to time limit at clock = 43201.00125327633
Skipping Source actor due to time limit at clock = 43210.6788297557
-----------------------------
| Model.cleanup in progress |
-----------------------------
cleanup: agenda
cleanup: wait queues
coroutine counts = (5557401,5557029,5556842)
[ModelOptimizer] Fitness: 3.1662 | Elapsed: 38.06 sec
[ModelOptimizer] Evaluating parameters: VectorD(2.29815,	5.59512,	-1.00000,	1.00000,	1.50000)

======================================================================
TRAFFIC MODEL BUILDER SUMMARY
======================================================================
Network:      US-101-N-DonaldDoyle
Segments:     7
Lanes:        4
Junctions:    8
Ramps:        2
Sensors:      5
Mode:         PeMS Data-Driven
Car-Following: IDM
ODE Solver:   Ballistic
Vmax:         35.0 m/s
======================================================================
Skipping Source actor due to time limit at clock = 43201.00125327633
Skipping Source actor due to time limit at clock = 43210.6788297557
-----------------------------
| Model.cleanup in progress |
-----------------------------
cleanup: agenda
cleanup: wait queues
coroutine counts = (5617158,5616782,5616593)
[ModelOptimizer] Fitness: 2.4297 | Elapsed: 35.11 sec
[ModelOptimizer] Evaluating parameters: VectorD(2.00000,	4.93401,	-1.00000,	5.00000,	1.50000)

======================================================================
TRAFFIC MODEL BUILDER SUMMARY
======================================================================
Network:      US-101-N-DonaldDoyle
Segments:     7
Lanes:        4
Junctions:    8
Ramps:        2
Sensors:      5
Mode:         PeMS Data-Driven
Car-Following: IDM
ODE Solver:   Ballistic
Vmax:         35.0 m/s
======================================================================
Skipping Source actor due to time limit at clock = 43201.00125327633
Skipping Source actor due to time limit at clock = 43210.6788297557
-----------------------------
| Model.cleanup in progress |
-----------------------------
cleanup: agenda
cleanup: wait queues
coroutine counts = (5676915,5676535,5676344)
[ModelOptimizer] Fitness: 3.2308 | Elapsed: 40.67 sec
[ModelOptimizer] Evaluating parameters: VectorD(6.22326,	6.00000,	-1.00000,	5.00000,	1.50000)

======================================================================
TRAFFIC MODEL BUILDER SUMMARY
======================================================================
Network:      US-101-N-DonaldDoyle
Segments:     7
Lanes:        4
Junctions:    8
Ramps:        2
Sensors:      5
Mode:         PeMS Data-Driven
Car-Following: IDM
ODE Solver:   Ballistic
Vmax:         35.0 m/s
======================================================================
Skipping Source actor due to time limit at clock = 43201.00125327633
Skipping Source actor due to time limit at clock = 43210.6788297557
-----------------------------
| Model.cleanup in progress |
-----------------------------
cleanup: agenda
cleanup: wait queues
coroutine counts = (5736672,5736288,5736095)
[ModelOptimizer] Fitness: 3.0215 | Elapsed: 37.32 sec
[ModelOptimizer] Evaluating parameters: VectorD(2.00000,	4.04391,	-1.00000,	1.00000,	1.50000)

======================================================================
TRAFFIC MODEL BUILDER SUMMARY
======================================================================
Network:      US-101-N-DonaldDoyle
Segments:     7
Lanes:        4
Junctions:    8
Ramps:        2
Sensors:      5
Mode:         PeMS Data-Driven
Car-Following: IDM
ODE Solver:   Ballistic
Vmax:         35.0 m/s
======================================================================
Skipping Source actor due to time limit at clock = 43201.00125327633
Skipping Source actor due to time limit at clock = 43210.6788297557
-----------------------------
| Model.cleanup in progress |
-----------------------------
cleanup: agenda
cleanup: wait queues
coroutine counts = (5796429,5796041,5795846)
[ModelOptimizer] Fitness: 2.4294 | Elapsed: 35.86 sec
[ModelOptimizer] Evaluating parameters: VectorD(7.77963,	4.55926,	-1.00000,	5.00000,	1.50000)

======================================================================
TRAFFIC MODEL BUILDER SUMMARY
======================================================================
Network:      US-101-N-DonaldDoyle
Segments:     7
Lanes:        4
Junctions:    8
Ramps:        2
Sensors:      5
Mode:         PeMS Data-Driven
Car-Following: IDM
ODE Solver:   Ballistic
Vmax:         35.0 m/s
======================================================================
Skipping Source actor due to time limit at clock = 43201.00125327633
Skipping Source actor due to time limit at clock = 43210.6788297557
-----------------------------
| Model.cleanup in progress |
-----------------------------
cleanup: agenda
cleanup: wait queues
coroutine counts = (5856186,5855794,5855597)
[ModelOptimizer] Fitness: 3.0133 | Elapsed: 38.19 sec
[ModelOptimizer] Evaluating parameters: VectorD(2.00000,	4.04391,	-1.00000,	1.00000,	1.50000)

======================================================================
TRAFFIC MODEL BUILDER SUMMARY
======================================================================
Network:      US-101-N-DonaldDoyle
Segments:     7
Lanes:        4
Junctions:    8
Ramps:        2
Sensors:      5
Mode:         PeMS Data-Driven
Car-Following: IDM
ODE Solver:   Ballistic
Vmax:         35.0 m/s
======================================================================
Skipping Source actor due to time limit at clock = 43201.00125327633
Skipping Source actor due to time limit at clock = 43210.6788297557
-----------------------------
| Model.cleanup in progress |
-----------------------------
cleanup: agenda
cleanup: wait queues
coroutine counts = (5915943,5915547,5915348)
[ModelOptimizer] Fitness: 2.4294 | Elapsed: 34.73 sec
[ModelOptimizer] Evaluating parameters: VectorD(2.00000,	2.55579,	-1.00000,	5.00000,	1.50000)

======================================================================
TRAFFIC MODEL BUILDER SUMMARY
======================================================================
Network:      US-101-N-DonaldDoyle
Segments:     7
Lanes:        4
Junctions:    8
Ramps:        2
Sensors:      5
Mode:         PeMS Data-Driven
Car-Following: IDM
ODE Solver:   Ballistic
Vmax:         35.0 m/s
======================================================================
Skipping Source actor due to time limit at clock = 43201.00125327633
Skipping Source actor due to time limit at clock = 43210.6788297557
-----------------------------
| Model.cleanup in progress |
-----------------------------
cleanup: agenda
cleanup: wait queues
coroutine counts = (5975700,5975300,5975099)
[ModelOptimizer] Fitness: 3.1906 | Elapsed: 38.31 sec
[ModelOptimizer] Evaluating parameters: VectorD(2.00000,	3.30282,	-1.00000,	3.81067,	0.714438)

======================================================================
TRAFFIC MODEL BUILDER SUMMARY
======================================================================
Network:      US-101-N-DonaldDoyle
Segments:     7
Lanes:        4
Junctions:    8
Ramps:        2
Sensors:      5
Mode:         PeMS Data-Driven
Car-Following: IDM
ODE Solver:   Ballistic
Vmax:         35.0 m/s
======================================================================
Skipping Source actor due to time limit at clock = 43201.00125327633
Skipping Source actor due to time limit at clock = 43210.6788297557
-----------------------------
| Model.cleanup in progress |
-----------------------------
cleanup: agenda
cleanup: wait queues
coroutine counts = (6035457,6035053,6034850)
[ModelOptimizer] Fitness: 3.0170 | Elapsed: 57.94 sec
[ModelOptimizer] Evaluating parameters: VectorD(2.00000,	4.49767,	-1.00000,	1.00000,	1.50000)

======================================================================
TRAFFIC MODEL BUILDER SUMMARY
======================================================================
Network:      US-101-N-DonaldDoyle
Segments:     7
Lanes:        4
Junctions:    8
Ramps:        2
Sensors:      5
Mode:         PeMS Data-Driven
Car-Following: IDM
ODE Solver:   Ballistic
Vmax:         35.0 m/s
======================================================================
Skipping Source actor due to time limit at clock = 43201.00125327633
Skipping Source actor due to time limit at clock = 43210.6788297557
-----------------------------
| Model.cleanup in progress |
-----------------------------
cleanup: agenda
cleanup: wait queues
coroutine counts = (6095214,6094806,6094601)
[ModelOptimizer] Fitness: 2.4245 | Elapsed: 35.56 sec
[ModelOptimizer] Evaluating parameters: VectorD(2.00000,	6.00000,	-1.00000,	1.00000,	0.300000)

======================================================================
TRAFFIC MODEL BUILDER SUMMARY
======================================================================
Network:      US-101-N-DonaldDoyle
Segments:     7
Lanes:        4
Junctions:    8
Ramps:        2
Sensors:      5
Mode:         PeMS Data-Driven
Car-Following: IDM
ODE Solver:   Ballistic
Vmax:         35.0 m/s
======================================================================
Skipping Source actor due to time limit at clock = 43201.00125327633
Skipping Source actor due to time limit at clock = 43210.6788297557
-----------------------------
| Model.cleanup in progress |
-----------------------------
cleanup: agenda
cleanup: wait queues
coroutine counts = (6154971,6154559,6154352)
[ModelOptimizer] Fitness: 2.6943 | Elapsed: 97.25 sec
[ModelOptimizer] Evaluating parameters: VectorD(2.00000,	4.49767,	-1.00000,	1.00000,	1.50000)

======================================================================
TRAFFIC MODEL BUILDER SUMMARY
======================================================================
Network:      US-101-N-DonaldDoyle
Segments:     7
Lanes:        4
Junctions:    8
Ramps:        2
Sensors:      5
Mode:         PeMS Data-Driven
Car-Following: IDM
ODE Solver:   Ballistic
Vmax:         35.0 m/s
======================================================================
Skipping Source actor due to time limit at clock = 43201.00125327633
Skipping Source actor due to time limit at clock = 43210.6788297557
-----------------------------
| Model.cleanup in progress |
-----------------------------
cleanup: agenda
cleanup: wait queues
coroutine counts = (6214728,6214312,6214103)
[ModelOptimizer] Fitness: 2.4245 | Elapsed: 35.23 sec
[ModelOptimizer] Evaluating parameters: VectorD(2.00000,	4.02128,	-1.00000,	1.00000,	0.300000)

======================================================================
TRAFFIC MODEL BUILDER SUMMARY
======================================================================
Network:      US-101-N-DonaldDoyle
Segments:     7
Lanes:        4
Junctions:    8
Ramps:        2
Sensors:      5
Mode:         PeMS Data-Driven
Car-Following: IDM
ODE Solver:   Ballistic
Vmax:         35.0 m/s
======================================================================
Skipping Source actor due to time limit at clock = 43201.00125327633
Skipping Source actor due to time limit at clock = 43210.6788297557
-----------------------------
| Model.cleanup in progress |
-----------------------------
cleanup: agenda
cleanup: wait queues
coroutine counts = (6274485,6274065,6273854)
[ModelOptimizer] Fitness: 2.7774 | Elapsed: 99.12 sec
[ModelOptimizer] Evaluating parameters: VectorD(5.84697,	3.22163,	-1.00000,	5.00000,	1.50000)

======================================================================
TRAFFIC MODEL BUILDER SUMMARY
======================================================================
Network:      US-101-N-DonaldDoyle
Segments:     7
Lanes:        4
Junctions:    8
Ramps:        2
Sensors:      5
Mode:         PeMS Data-Driven
Car-Following: IDM
ODE Solver:   Ballistic
Vmax:         35.0 m/s
======================================================================
Skipping Source actor due to time limit at clock = 43201.00125327633
Skipping Source actor due to time limit at clock = 43210.6788297557
-----------------------------
| Model.cleanup in progress |
-----------------------------
cleanup: agenda
cleanup: wait queues
coroutine counts = (6334242,6333818,6333605)
[ModelOptimizer] Fitness: 3.0766 | Elapsed: 41.72 sec
[ModelOptimizer] Evaluating parameters: VectorD(2.00000,	4.02128,	-1.00000,	1.00000,	0.300000)

======================================================================
TRAFFIC MODEL BUILDER SUMMARY
======================================================================
Network:      US-101-N-DonaldDoyle
Segments:     7
Lanes:        4
Junctions:    8
Ramps:        2
Sensors:      5
Mode:         PeMS Data-Driven
Car-Following: IDM
ODE Solver:   Ballistic
Vmax:         35.0 m/s
======================================================================
Skipping Source actor due to time limit at clock = 43201.00125327633
Skipping Source actor due to time limit at clock = 43210.6788297557
-----------------------------
| Model.cleanup in progress |
-----------------------------
cleanup: agenda
cleanup: wait queues
coroutine counts = (6393999,6393571,6393356)
[ModelOptimizer] Fitness: 2.7774 | Elapsed: 97.13 sec
[ModelOptimizer] Evaluating parameters: VectorD(8.00000,	6.00000,	-1.00000,	5.00000,	1.50000)

======================================================================
TRAFFIC MODEL BUILDER SUMMARY
======================================================================
Network:      US-101-N-DonaldDoyle
Segments:     7
Lanes:        4
Junctions:    8
Ramps:        2
Sensors:      5
Mode:         PeMS Data-Driven
Car-Following: IDM
ODE Solver:   Ballistic
Vmax:         35.0 m/s
======================================================================
Skipping Source actor due to time limit at clock = 43201.00125327633
Skipping Source actor due to time limit at clock = 43210.6788297557
-----------------------------
| Model.cleanup in progress |
-----------------------------
cleanup: agenda
cleanup: wait queues
coroutine counts = (6453756,6453324,6453107)
[ModelOptimizer] Fitness: 3.0123 | Elapsed: 38.13 sec
[ModelOptimizer] Evaluating parameters: VectorD(7.88742,	6.00000,	-1.00000,	5.00000,	1.46248)

======================================================================
TRAFFIC MODEL BUILDER SUMMARY
======================================================================
Network:      US-101-N-DonaldDoyle
Segments:     7
Lanes:        4
Junctions:    8
Ramps:        2
Sensors:      5
Mode:         PeMS Data-Driven
Car-Following: IDM
ODE Solver:   Ballistic
Vmax:         35.0 m/s
======================================================================
Skipping Source actor due to time limit at clock = 43201.00125327633
Skipping Source actor due to time limit at clock = 43210.6788297557
-----------------------------
| Model.cleanup in progress |
-----------------------------
cleanup: agenda
cleanup: wait queues
coroutine counts = (6513513,6513077,6512858)
[ModelOptimizer] Fitness: 2.9782 | Elapsed: 37.69 sec
[ModelOptimizer] Evaluating parameters: VectorD(2.00000,	6.00000,	-1.00000,	1.00000,	1.50000)

======================================================================
TRAFFIC MODEL BUILDER SUMMARY
======================================================================
Network:      US-101-N-DonaldDoyle
Segments:     7
Lanes:        4
Junctions:    8
Ramps:        2
Sensors:      5
Mode:         PeMS Data-Driven
Car-Following: IDM
ODE Solver:   Ballistic
Vmax:         35.0 m/s
======================================================================
Skipping Source actor due to time limit at clock = 43201.00125327633
Skipping Source actor due to time limit at clock = 43210.6788297557
-----------------------------
| Model.cleanup in progress |
-----------------------------
cleanup: agenda
cleanup: wait queues
coroutine counts = (6573270,6572830,6572609)
[ModelOptimizer] Fitness: 2.4195 | Elapsed: 35.27 sec
[ModelOptimizer] Evaluating parameters: VectorD(3.08789,	6.00000,	-1.00000,	1.00000,	1.50000)

======================================================================
TRAFFIC MODEL BUILDER SUMMARY
======================================================================
Network:      US-101-N-DonaldDoyle
Segments:     7
Lanes:        4
Junctions:    8
Ramps:        2
Sensors:      5
Mode:         PeMS Data-Driven
Car-Following: IDM
ODE Solver:   Ballistic
Vmax:         35.0 m/s
======================================================================
Skipping Source actor due to time limit at clock = 43201.00125327633
Skipping Source actor due to time limit at clock = 43210.6788297557
-----------------------------
| Model.cleanup in progress |
-----------------------------
cleanup: agenda
cleanup: wait queues
coroutine counts = (6633027,6632583,6632360)
[ModelOptimizer] Fitness: 2.4603 | Elapsed: 35.59 sec
[ModelOptimizer] Evaluating parameters: VectorD(2.00000,	6.00000,	-1.00000,	1.00000,	1.50000)

======================================================================
TRAFFIC MODEL BUILDER SUMMARY
======================================================================
Network:      US-101-N-DonaldDoyle
Segments:     7
Lanes:        4
Junctions:    8
Ramps:        2
Sensors:      5
Mode:         PeMS Data-Driven
Car-Following: IDM
ODE Solver:   Ballistic
Vmax:         35.0 m/s
======================================================================
Skipping Source actor due to time limit at clock = 43201.00125327633
Skipping Source actor due to time limit at clock = 43210.6788297557
-----------------------------
| Model.cleanup in progress |
-----------------------------
cleanup: agenda
cleanup: wait queues
coroutine counts = (6692784,6692336,6692111)
[ModelOptimizer] Fitness: 2.4195 | Elapsed: 35.86 sec
[ModelOptimizer] Evaluating parameters: VectorD(3.00110,	4.53738,	-1.00000,	5.00000,	0.786070)

======================================================================
TRAFFIC MODEL BUILDER SUMMARY
======================================================================
Network:      US-101-N-DonaldDoyle
Segments:     7
Lanes:        4
Junctions:    8
Ramps:        2
Sensors:      5
Mode:         PeMS Data-Driven
Car-Following: IDM
ODE Solver:   Ballistic
Vmax:         35.0 m/s
======================================================================
Skipping Source actor due to time limit at clock = 43201.00125327633
Skipping Source actor due to time limit at clock = 43210.6788297557
-----------------------------
| Model.cleanup in progress |
-----------------------------
cleanup: agenda
cleanup: wait queues
coroutine counts = (6752541,6752089,6751862)
[ModelOptimizer] Fitness: 2.9686 | Elapsed: 53.70 sec
[ModelOptimizer] Evaluating parameters: VectorD(7.85793,	5.45542,	-1.00000,	2.13413,	1.50000)

======================================================================
TRAFFIC MODEL BUILDER SUMMARY
======================================================================
Network:      US-101-N-DonaldDoyle
Segments:     7
Lanes:        4
Junctions:    8
Ramps:        2
Sensors:      5
Mode:         PeMS Data-Driven
Car-Following: IDM
ODE Solver:   Ballistic
Vmax:         35.0 m/s
======================================================================
Skipping Source actor due to time limit at clock = 43201.00125327633
Skipping Source actor due to time limit at clock = 43210.6788297557
-----------------------------
| Model.cleanup in progress |
-----------------------------
cleanup: agenda
cleanup: wait queues
coroutine counts = (6812298,6811842,6811613)
[ModelOptimizer] Fitness: 2.9728 | Elapsed: 39.38 sec
[ModelOptimizer] Evaluating parameters: VectorD(3.00110,	4.53738,	-1.00000,	5.00000,	0.786070)

======================================================================
TRAFFIC MODEL BUILDER SUMMARY
======================================================================
Network:      US-101-N-DonaldDoyle
Segments:     7
Lanes:        4
Junctions:    8
Ramps:        2
Sensors:      5
Mode:         PeMS Data-Driven
Car-Following: IDM
ODE Solver:   Ballistic
Vmax:         35.0 m/s
======================================================================
Skipping Source actor due to time limit at clock = 43201.00125327633
Skipping Source actor due to time limit at clock = 43210.6788297557
-----------------------------
| Model.cleanup in progress |
-----------------------------
cleanup: agenda
cleanup: wait queues
coroutine counts = (6872055,6871595,6871364)
[ModelOptimizer] Fitness: 2.9686 | Elapsed: 56.03 sec
[ModelOptimizer] Evaluating parameters: VectorD(2.00000,	6.00000,	-1.00000,	1.00000,	1.50000)

======================================================================
TRAFFIC MODEL BUILDER SUMMARY
======================================================================
Network:      US-101-N-DonaldDoyle
Segments:     7
Lanes:        4
Junctions:    8
Ramps:        2
Sensors:      5
Mode:         PeMS Data-Driven
Car-Following: IDM
ODE Solver:   Ballistic
Vmax:         35.0 m/s
======================================================================
Skipping Source actor due to time limit at clock = 43201.00125327633
Skipping Source actor due to time limit at clock = 43210.6788297557
-----------------------------
| Model.cleanup in progress |
-----------------------------
cleanup: agenda
cleanup: wait queues
coroutine counts = (6931812,6931348,6931115)
[ModelOptimizer] Fitness: 2.4195 | Elapsed: 37.18 sec
[ModelOptimizer] Evaluating parameters: VectorD(2.00000,	5.14279,	-1.00000,	4.92943,	1.50000)

======================================================================
TRAFFIC MODEL BUILDER SUMMARY
======================================================================
Network:      US-101-N-DonaldDoyle
Segments:     7
Lanes:        4
Junctions:    8
Ramps:        2
Sensors:      5
Mode:         PeMS Data-Driven
Car-Following: IDM
ODE Solver:   Ballistic
Vmax:         35.0 m/s
======================================================================
Skipping Source actor due to time limit at clock = 43201.00125327633
Skipping Source actor due to time limit at clock = 43210.6788297557
-----------------------------
| Model.cleanup in progress |
-----------------------------
cleanup: agenda
cleanup: wait queues
coroutine counts = (6991569,6991101,6990866)
[ModelOptimizer] Fitness: 3.2160 | Elapsed: 41.08 sec
[ModelOptimizer] Evaluating parameters: VectorD(2.00000,	6.00000,	-1.00000,	1.00000,	1.50000)

======================================================================
TRAFFIC MODEL BUILDER SUMMARY
======================================================================
Network:      US-101-N-DonaldDoyle
Segments:     7
Lanes:        4
Junctions:    8
Ramps:        2
Sensors:      5
Mode:         PeMS Data-Driven
Car-Following: IDM
ODE Solver:   Ballistic
Vmax:         35.0 m/s
======================================================================
Skipping Source actor due to time limit at clock = 43201.00125327633
Skipping Source actor due to time limit at clock = 43210.6788297557
-----------------------------
| Model.cleanup in progress |
-----------------------------
cleanup: agenda
cleanup: wait queues
coroutine counts = (7051326,7050854,7050616)
[ModelOptimizer] Fitness: 2.4195 | Elapsed: 37.37 sec
       2 |      2.41662721 |      2.41662721 |       4.0% ✓
[ModelOptimizer] Evaluating parameters: VectorD(2.00000,	4.98465,	-1.00000,	1.00000,	1.50000)

======================================================================
TRAFFIC MODEL BUILDER SUMMARY
======================================================================
Network:      US-101-N-DonaldDoyle
Segments:     7
Lanes:        4
Junctions:    8
Ramps:        2
Sensors:      5
Mode:         PeMS Data-Driven
Car-Following: IDM
ODE Solver:   Ballistic
Vmax:         35.0 m/s
======================================================================
Skipping Source actor due to time limit at clock = 43201.00125327633
Skipping Source actor due to time limit at clock = 43210.6788297557
-----------------------------
| Model.cleanup in progress |
-----------------------------
cleanup: agenda
cleanup: wait queues
coroutine counts = (7111083,7110607,7110367)
[ModelOptimizer] Fitness: 2.4183 | Elapsed: 36.89 sec
[ModelOptimizer] Evaluating parameters: VectorD(8.00000,	3.69071,	-1.00000,	3.98053,	1.50000)

======================================================================
TRAFFIC MODEL BUILDER SUMMARY
======================================================================
Network:      US-101-N-DonaldDoyle
Segments:     7
Lanes:        4
Junctions:    8
Ramps:        2
Sensors:      5
Mode:         PeMS Data-Driven
Car-Following: IDM
ODE Solver:   Ballistic
Vmax:         35.0 m/s
======================================================================
Skipping Source actor due to time limit at clock = 43201.00125327633
Skipping Source actor due to time limit at clock = 43210.6788297557
-----------------------------
| Model.cleanup in progress |
-----------------------------
cleanup: agenda
cleanup: wait queues
coroutine counts = (7170840,7170360,7170118)
[ModelOptimizer] Fitness: 2.9722 | Elapsed: 37.31 sec
[ModelOptimizer] Evaluating parameters: VectorD(2.00000,	4.98465,	-1.00000,	1.00000,	1.50000)

======================================================================
TRAFFIC MODEL BUILDER SUMMARY
======================================================================
Network:      US-101-N-DonaldDoyle
Segments:     7
Lanes:        4
Junctions:    8
Ramps:        2
Sensors:      5
Mode:         PeMS Data-Driven
Car-Following: IDM
ODE Solver:   Ballistic
Vmax:         35.0 m/s
======================================================================
Skipping Source actor due to time limit at clock = 43201.00125327633
Skipping Source actor due to time limit at clock = 43210.6788297557
-----------------------------
| Model.cleanup in progress |
-----------------------------
cleanup: agenda
cleanup: wait queues
coroutine counts = (7230597,7230113,7229869)
[ModelOptimizer] Fitness: 2.4183 | Elapsed: 35.52 sec
[ModelOptimizer] Evaluating parameters: VectorD(2.00000,	5.48271,	-1.00000,	1.00000,	0.300000)

======================================================================
TRAFFIC MODEL BUILDER SUMMARY
======================================================================
Network:      US-101-N-DonaldDoyle
Segments:     7
Lanes:        4
Junctions:    8
Ramps:        2
Sensors:      5
Mode:         PeMS Data-Driven
Car-Following: IDM
ODE Solver:   Ballistic
Vmax:         35.0 m/s
======================================================================
Skipping Source actor due to time limit at clock = 43201.00125327633
Skipping Source actor due to time limit at clock = 43210.6788297557
-----------------------------
| Model.cleanup in progress |
-----------------------------
cleanup: agenda
cleanup: wait queues
coroutine counts = (7290354,7289866,7289620)
[ModelOptimizer] Fitness: 2.7064 | Elapsed: 95.78 sec
[ModelOptimizer] Evaluating parameters: VectorD(8.00000,	4.93452,	-1.00000,	3.87420,	1.29206)

======================================================================
TRAFFIC MODEL BUILDER SUMMARY
======================================================================
Network:      US-101-N-DonaldDoyle
Segments:     7
Lanes:        4
Junctions:    8
Ramps:        2
Sensors:      5
Mode:         PeMS Data-Driven
Car-Following: IDM
ODE Solver:   Ballistic
Vmax:         35.0 m/s
======================================================================
Skipping Source actor due to time limit at clock = 43201.00125327633
Skipping Source actor due to time limit at clock = 43210.6788297557
-----------------------------
| Model.cleanup in progress |
-----------------------------
cleanup: agenda
cleanup: wait queues
coroutine counts = (7350111,7349619,7349371)
[ModelOptimizer] Fitness: 2.9419 | Elapsed: 39.52 sec
[ModelOptimizer] Evaluating parameters: VectorD(2.00000,	5.48271,	-1.00000,	1.00000,	0.300000)

======================================================================
TRAFFIC MODEL BUILDER SUMMARY
======================================================================
Network:      US-101-N-DonaldDoyle
Segments:     7
Lanes:        4
Junctions:    8
Ramps:        2
Sensors:      5
Mode:         PeMS Data-Driven
Car-Following: IDM
ODE Solver:   Ballistic
Vmax:         35.0 m/s
======================================================================
Skipping Source actor due to time limit at clock = 43201.00125327633
Skipping Source actor due to time limit at clock = 43210.6788297557
-----------------------------
| Model.cleanup in progress |
-----------------------------
cleanup: agenda
cleanup: wait queues
coroutine counts = (7409868,7409372,7409122)
[ModelOptimizer] Fitness: 2.7064 | Elapsed: 94.93 sec
[ModelOptimizer] Evaluating parameters: VectorD(2.00000,	5.20798,	-1.00000,	1.00000,	1.50000)

======================================================================
TRAFFIC MODEL BUILDER SUMMARY
======================================================================
Network:      US-101-N-DonaldDoyle
Segments:     7
Lanes:        4
Junctions:    8
Ramps:        2
Sensors:      5
Mode:         PeMS Data-Driven
Car-Following: IDM
ODE Solver:   Ballistic
Vmax:         35.0 m/s
======================================================================
Skipping Source actor due to time limit at clock = 43201.00125327633
Skipping Source actor due to time limit at clock = 43210.6788297557
-----------------------------
| Model.cleanup in progress |
-----------------------------
cleanup: agenda
cleanup: wait queues
coroutine counts = (7469625,7469125,7468873)
[ModelOptimizer] Fitness: 2.4185 | Elapsed: 35.47 sec
[ModelOptimizer] Evaluating parameters: VectorD(5.53622,	1.50000,	-1.00000,	3.67762,	1.50000)

======================================================================
TRAFFIC MODEL BUILDER SUMMARY
======================================================================
Network:      US-101-N-DonaldDoyle
Segments:     7
Lanes:        4
Junctions:    8
Ramps:        2
Sensors:      5
Mode:         PeMS Data-Driven
Car-Following: IDM
ODE Solver:   Ballistic
Vmax:         35.0 m/s
======================================================================
Skipping Source actor due to time limit at clock = 43201.00125327633
Skipping Source actor due to time limit at clock = 43210.6788297557
-----------------------------
| Model.cleanup in progress |
-----------------------------
cleanup: agenda
cleanup: wait queues
coroutine counts = (7529382,7528878,7528624)
[ModelOptimizer] Fitness: 3.1621 | Elapsed: 37.30 sec
[ModelOptimizer] Evaluating parameters: VectorD(2.00000,	5.20798,	-1.00000,	1.00000,	1.50000)

======================================================================
TRAFFIC MODEL BUILDER SUMMARY
======================================================================
Network:      US-101-N-DonaldDoyle
Segments:     7
Lanes:        4
Junctions:    8
Ramps:        2
Sensors:      5
Mode:         PeMS Data-Driven
Car-Following: IDM
ODE Solver:   Ballistic
Vmax:         35.0 m/s
======================================================================
Skipping Source actor due to time limit at clock = 43201.00125327633
Skipping Source actor due to time limit at clock = 43210.6788297557
-----------------------------
| Model.cleanup in progress |
-----------------------------
cleanup: agenda
cleanup: wait queues
coroutine counts = (7589139,7588631,7588375)
[ModelOptimizer] Fitness: 2.4185 | Elapsed: 35.20 sec
[ModelOptimizer] Evaluating parameters: VectorD(4.71014,	2.39622,	-1.00000,	2.12560,	0.300000)

======================================================================
TRAFFIC MODEL BUILDER SUMMARY
======================================================================
Network:      US-101-N-DonaldDoyle
Segments:     7
Lanes:        4
Junctions:    8
Ramps:        2
Sensors:      5
Mode:         PeMS Data-Driven
Car-Following: IDM
ODE Solver:   Ballistic
Vmax:         35.0 m/s
======================================================================
Skipping Source actor due to time limit at clock = 43201.00125327633
Skipping Source actor due to time limit at clock = 43210.6788297557
-----------------------------
| Model.cleanup in progress |
-----------------------------
cleanup: agenda
cleanup: wait queues
coroutine counts = (7648896,7648384,7648126)
[ModelOptimizer] Fitness: 2.9767 | Elapsed: 102.37 sec
[ModelOptimizer] Evaluating parameters: VectorD(2.00000,	4.14744,	-1.00000,	1.00000,	1.50000)

======================================================================
TRAFFIC MODEL BUILDER SUMMARY
======================================================================
Network:      US-101-N-DonaldDoyle
Segments:     7
Lanes:        4
Junctions:    8
Ramps:        2
Sensors:      5
Mode:         PeMS Data-Driven
Car-Following: IDM
ODE Solver:   Ballistic
Vmax:         35.0 m/s
======================================================================
Skipping Source actor due to time limit at clock = 43201.00125327633
Skipping Source actor due to time limit at clock = 43210.6788297557
-----------------------------
| Model.cleanup in progress |
-----------------------------
cleanup: agenda
cleanup: wait queues
coroutine counts = (7708653,7708137,7707877)
[ModelOptimizer] Fitness: 2.4295 | Elapsed: 35.14 sec
[ModelOptimizer] Evaluating parameters: VectorD(5.34831,	6.00000,	-1.00000,	5.00000,	1.50000)

======================================================================
TRAFFIC MODEL BUILDER SUMMARY
======================================================================
Network:      US-101-N-DonaldDoyle
Segments:     7
Lanes:        4
Junctions:    8
Ramps:        2
Sensors:      5
Mode:         PeMS Data-Driven
Car-Following: IDM
ODE Solver:   Ballistic
Vmax:         35.0 m/s
======================================================================
Skipping Source actor due to time limit at clock = 43201.00125327633
Skipping Source actor due to time limit at clock = 43210.6788297557
-----------------------------
| Model.cleanup in progress |
-----------------------------
cleanup: agenda
cleanup: wait queues
coroutine counts = (7768410,7767890,7767628)
[ModelOptimizer] Fitness: 3.0372 | Elapsed: 36.98 sec
[ModelOptimizer] Evaluating parameters: VectorD(2.00000,	2.66437,	-1.00000,	3.36349,	1.50000)

======================================================================
TRAFFIC MODEL BUILDER SUMMARY
======================================================================
Network:      US-101-N-DonaldDoyle
Segments:     7
Lanes:        4
Junctions:    8
Ramps:        2
Sensors:      5
Mode:         PeMS Data-Driven
Car-Following: IDM
ODE Solver:   Ballistic
Vmax:         35.0 m/s
======================================================================
Skipping Source actor due to time limit at clock = 43201.00125327633
Skipping Source actor due to time limit at clock = 43210.6788297557
-----------------------------
| Model.cleanup in progress |
-----------------------------
cleanup: agenda
cleanup: wait queues
coroutine counts = (7828167,7827643,7827379)
[ModelOptimizer] Fitness: 3.0323 | Elapsed: 36.66 sec
[ModelOptimizer] Evaluating parameters: VectorD(6.73172,	5.66924,	-1.00000,	1.45253,	0.300000)

======================================================================
TRAFFIC MODEL BUILDER SUMMARY
======================================================================
Network:      US-101-N-DonaldDoyle
Segments:     7
Lanes:        4
Junctions:    8
Ramps:        2
Sensors:      5
Mode:         PeMS Data-Driven
Car-Following: IDM
ODE Solver:   Ballistic
Vmax:         35.0 m/s
======================================================================
Skipping Source actor due to time limit at clock = 43201.00125327633
Skipping Source actor due to time limit at clock = 43210.6788297557
-----------------------------
| Model.cleanup in progress |
-----------------------------
cleanup: agenda
cleanup: wait queues
coroutine counts = (7887924,7887396,7887130)
[ModelOptimizer] Fitness: 3.0138 | Elapsed: 102.37 sec
[ModelOptimizer] Evaluating parameters: VectorD(3.45600,	4.69162,	-1.00000,	1.00000,	1.50000)

======================================================================
TRAFFIC MODEL BUILDER SUMMARY
======================================================================
Network:      US-101-N-DonaldDoyle
Segments:     7
Lanes:        4
Junctions:    8
Ramps:        2
Sensors:      5
Mode:         PeMS Data-Driven
Car-Following: IDM
ODE Solver:   Ballistic
Vmax:         35.0 m/s
======================================================================
Skipping Source actor due to time limit at clock = 43201.00125327633
Skipping Source actor due to time limit at clock = 43210.6788297557
-----------------------------
| Model.cleanup in progress |
-----------------------------
cleanup: agenda
cleanup: wait queues
coroutine counts = (7947681,7947149,7946881)
[ModelOptimizer] Fitness: 2.4688 | Elapsed: 35.35 sec
[ModelOptimizer] Evaluating parameters: VectorD(2.00000,	6.00000,	-1.00000,	1.00000,	0.300000)

======================================================================
TRAFFIC MODEL BUILDER SUMMARY
======================================================================
Network:      US-101-N-DonaldDoyle
Segments:     7
Lanes:        4
Junctions:    8
Ramps:        2
Sensors:      5
Mode:         PeMS Data-Driven
Car-Following: IDM
ODE Solver:   Ballistic
Vmax:         35.0 m/s
======================================================================
Skipping Source actor due to time limit at clock = 43201.00125327633
Skipping Source actor due to time limit at clock = 43210.6788297557
-----------------------------
| Model.cleanup in progress |
-----------------------------
cleanup: agenda
cleanup: wait queues
coroutine counts = (8007438,8006902,8006632)
[ModelOptimizer] Fitness: 2.6943 | Elapsed: 96.11 sec
[ModelOptimizer] Evaluating parameters: VectorD(2.00000,	6.00000,	-1.00000,	1.00000,	1.50000)

======================================================================
TRAFFIC MODEL BUILDER SUMMARY
======================================================================
Network:      US-101-N-DonaldDoyle
Segments:     7
Lanes:        4
Junctions:    8
Ramps:        2
Sensors:      5
Mode:         PeMS Data-Driven
Car-Following: IDM
ODE Solver:   Ballistic
Vmax:         35.0 m/s
======================================================================
Skipping Source actor due to time limit at clock = 43201.00125327633
Skipping Source actor due to time limit at clock = 43210.6788297557
-----------------------------
| Model.cleanup in progress |
-----------------------------
cleanup: agenda
cleanup: wait queues
coroutine counts = (8067195,8066655,8066383)
[ModelOptimizer] Fitness: 2.4195 | Elapsed: 36.32 sec
[ModelOptimizer] Evaluating parameters: VectorD(2.00000,	4.36181,	-1.00000,	1.00000,	1.50000)

======================================================================
TRAFFIC MODEL BUILDER SUMMARY
======================================================================
Network:      US-101-N-DonaldDoyle
Segments:     7
Lanes:        4
Junctions:    8
Ramps:        2
Sensors:      5
Mode:         PeMS Data-Driven
Car-Following: IDM
ODE Solver:   Ballistic
Vmax:         35.0 m/s
======================================================================
Skipping Source actor due to time limit at clock = 43201.00125327633
Skipping Source actor due to time limit at clock = 43210.6788297557
-----------------------------
| Model.cleanup in progress |
-----------------------------
cleanup: agenda
cleanup: wait queues
coroutine counts = (8126952,8126408,8126134)
[ModelOptimizer] Fitness: 2.4246 | Elapsed: 37.51 sec
[ModelOptimizer] Evaluating parameters: VectorD(2.00000,	2.21713,	-1.00000,	1.05423,	1.50000)

======================================================================
TRAFFIC MODEL BUILDER SUMMARY
======================================================================
Network:      US-101-N-DonaldDoyle
Segments:     7
Lanes:        4
Junctions:    8
Ramps:        2
Sensors:      5
Mode:         PeMS Data-Driven
Car-Following: IDM
ODE Solver:   Ballistic
Vmax:         35.0 m/s
======================================================================
Skipping Source actor due to time limit at clock = 43201.00125327633
Skipping Source actor due to time limit at clock = 43210.6788297557
-----------------------------
| Model.cleanup in progress |
-----------------------------
cleanup: agenda
cleanup: wait queues
coroutine counts = (8186709,8186161,8185885)
[ModelOptimizer] Fitness: 2.6522 | Elapsed: 35.92 sec
[ModelOptimizer] Evaluating parameters: VectorD(2.00000,	4.36181,	-1.00000,	1.00000,	1.50000)

======================================================================
TRAFFIC MODEL BUILDER SUMMARY
======================================================================
Network:      US-101-N-DonaldDoyle
Segments:     7
Lanes:        4
Junctions:    8
Ramps:        2
Sensors:      5
Mode:         PeMS Data-Driven
Car-Following: IDM
ODE Solver:   Ballistic
Vmax:         35.0 m/s
======================================================================
Skipping Source actor due to time limit at clock = 43201.00125327633
Skipping Source actor due to time limit at clock = 43210.6788297557
-----------------------------
| Model.cleanup in progress |
-----------------------------
cleanup: agenda
cleanup: wait queues
coroutine counts = (8246466,8245914,8245636)
[ModelOptimizer] Fitness: 2.4246 | Elapsed: 38.77 sec
[ModelOptimizer] Evaluating parameters: VectorD(2.00000,	6.00000,	-1.00000,	1.00000,	1.50000)

======================================================================
TRAFFIC MODEL BUILDER SUMMARY
======================================================================
Network:      US-101-N-DonaldDoyle
Segments:     7
Lanes:        4
Junctions:    8
Ramps:        2
Sensors:      5
Mode:         PeMS Data-Driven
Car-Following: IDM
ODE Solver:   Ballistic
Vmax:         35.0 m/s
======================================================================
Skipping Source actor due to time limit at clock = 43201.00125327633
Skipping Source actor due to time limit at clock = 43210.6788297557
-----------------------------
| Model.cleanup in progress |
-----------------------------
cleanup: agenda
cleanup: wait queues
coroutine counts = (8306223,8305667,8305387)
[ModelOptimizer] Fitness: 2.4195 | Elapsed: 35.62 sec
[ModelOptimizer] Evaluating parameters: VectorD(2.00000,	3.65942,	-1.00000,	3.27843,	1.50000)

======================================================================
TRAFFIC MODEL BUILDER SUMMARY
======================================================================
Network:      US-101-N-DonaldDoyle
Segments:     7
Lanes:        4
Junctions:    8
Ramps:        2
Sensors:      5
Mode:         PeMS Data-Driven
Car-Following: IDM
ODE Solver:   Ballistic
Vmax:         35.0 m/s
======================================================================
Skipping Source actor due to time limit at clock = 43201.00125327633
Skipping Source actor due to time limit at clock = 43210.6788297557
-----------------------------
| Model.cleanup in progress |
-----------------------------
cleanup: agenda
cleanup: wait queues
coroutine counts = (8365980,8365420,8365138)
[ModelOptimizer] Fitness: 3.0381 | Elapsed: 36.86 sec
[ModelOptimizer] Evaluating parameters: VectorD(2.00000,	6.00000,	-1.00000,	1.00000,	1.50000)

======================================================================
TRAFFIC MODEL BUILDER SUMMARY
======================================================================
Network:      US-101-N-DonaldDoyle
Segments:     7
Lanes:        4
Junctions:    8
Ramps:        2
Sensors:      5
Mode:         PeMS Data-Driven
Car-Following: IDM
ODE Solver:   Ballistic
Vmax:         35.0 m/s
======================================================================
Skipping Source actor due to time limit at clock = 43201.00125327633
Skipping Source actor due to time limit at clock = 43210.6788297557
-----------------------------
| Model.cleanup in progress |
-----------------------------
cleanup: agenda
cleanup: wait queues
coroutine counts = (8425737,8425173,8424889)
[ModelOptimizer] Fitness: 2.4195 | Elapsed: 35.54 sec
[ModelOptimizer] Evaluating parameters: VectorD(2.00000,	6.00000,	-1.00000,	1.00000,	1.50000)

======================================================================
TRAFFIC MODEL BUILDER SUMMARY
======================================================================
Network:      US-101-N-DonaldDoyle
Segments:     7
Lanes:        4
Junctions:    8
Ramps:        2
Sensors:      5
Mode:         PeMS Data-Driven
Car-Following: IDM
ODE Solver:   Ballistic
Vmax:         35.0 m/s
======================================================================
Skipping Source actor due to time limit at clock = 43201.00125327633
Skipping Source actor due to time limit at clock = 43210.6788297557
-----------------------------
| Model.cleanup in progress |
-----------------------------
cleanup: agenda
cleanup: wait queues
coroutine counts = (8485494,8484926,8484640)
[ModelOptimizer] Fitness: 2.4195 | Elapsed: 35.19 sec
[ModelOptimizer] Evaluating parameters: VectorD(2.00000,	5.33414,	-1.00000,	1.00000,	1.50000)

======================================================================
TRAFFIC MODEL BUILDER SUMMARY
======================================================================
Network:      US-101-N-DonaldDoyle
Segments:     7
Lanes:        4
Junctions:    8
Ramps:        2
Sensors:      5
Mode:         PeMS Data-Driven
Car-Following: IDM
ODE Solver:   Ballistic
Vmax:         35.0 m/s
======================================================================
Skipping Source actor due to time limit at clock = 43201.00125327633
Skipping Source actor due to time limit at clock = 43210.6788297557
-----------------------------
| Model.cleanup in progress |
-----------------------------
cleanup: agenda
cleanup: wait queues
coroutine counts = (8545251,8544679,8544391)
[ModelOptimizer] Fitness: 2.4166 | Elapsed: 35.55 sec
[ModelOptimizer] Evaluating parameters: VectorD(2.00000,	4.02163,	-1.00000,	1.00000,	1.50000)

======================================================================
TRAFFIC MODEL BUILDER SUMMARY
======================================================================
Network:      US-101-N-DonaldDoyle
Segments:     7
Lanes:        4
Junctions:    8
Ramps:        2
Sensors:      5
Mode:         PeMS Data-Driven
Car-Following: IDM
ODE Solver:   Ballistic
Vmax:         35.0 m/s
======================================================================
Skipping Source actor due to time limit at clock = 43201.00125327633
Skipping Source actor due to time limit at clock = 43210.6788297557
-----------------------------
| Model.cleanup in progress |
-----------------------------
cleanup: agenda
cleanup: wait queues
coroutine counts = (8605008,8604432,8604142)
[ModelOptimizer] Fitness: 2.4316 | Elapsed: 35.43 sec
[ModelOptimizer] Evaluating parameters: VectorD(2.29815,	5.59512,	-1.00000,	1.00000,	1.50000)

======================================================================
TRAFFIC MODEL BUILDER SUMMARY
======================================================================
Network:      US-101-N-DonaldDoyle
Segments:     7
Lanes:        4
Junctions:    8
Ramps:        2
Sensors:      5
Mode:         PeMS Data-Driven
Car-Following: IDM
ODE Solver:   Ballistic
Vmax:         35.0 m/s
======================================================================
Skipping Source actor due to time limit at clock = 43201.00125327633
Skipping Source actor due to time limit at clock = 43210.6788297557
-----------------------------
| Model.cleanup in progress |
-----------------------------
cleanup: agenda
cleanup: wait queues
coroutine counts = (8664765,8664185,8663893)
[ModelOptimizer] Fitness: 2.4297 | Elapsed: 35.11 sec
[ModelOptimizer] Evaluating parameters: VectorD(4.96040,	4.40867,	-1.82410,	3.41482,	0.804074)

======================================================================
TRAFFIC MODEL BUILDER SUMMARY
======================================================================
Network:      US-101-N-DonaldDoyle
Segments:     7
Lanes:        4
Junctions:    8
Ramps:        2
Sensors:      5
Mode:         PeMS Data-Driven
Car-Following: IDM
ODE Solver:   Ballistic
Vmax:         35.0 m/s
======================================================================
Skipping Source actor due to time limit at clock = 43201.00125327633
Skipping Source actor due to time limit at clock = 43210.6788297557
-----------------------------
| Model.cleanup in progress |
-----------------------------
cleanup: agenda
cleanup: wait queues
coroutine counts = (8724522,8723938,8723644)
[ModelOptimizer] Fitness: 3.4121 | Elapsed: 51.57 sec
[ModelOptimizer] Evaluating parameters: VectorD(6.22326,	6.00000,	-1.00000,	5.00000,	1.50000)

======================================================================
TRAFFIC MODEL BUILDER SUMMARY
======================================================================
Network:      US-101-N-DonaldDoyle
Segments:     7
Lanes:        4
Junctions:    8
Ramps:        2
Sensors:      5
Mode:         PeMS Data-Driven
Car-Following: IDM
ODE Solver:   Ballistic
Vmax:         35.0 m/s
======================================================================
Skipping Source actor due to time limit at clock = 43201.00125327633
Skipping Source actor due to time limit at clock = 43210.6788297557
-----------------------------
| Model.cleanup in progress |
-----------------------------
cleanup: agenda
cleanup: wait queues
coroutine counts = (8784279,8783691,8783395)
[ModelOptimizer] Fitness: 3.0215 | Elapsed: 36.85 sec
[ModelOptimizer] Evaluating parameters: VectorD(2.00000,	4.41143,	-1.00000,	2.52914,	1.50000)

======================================================================
TRAFFIC MODEL BUILDER SUMMARY
======================================================================
Network:      US-101-N-DonaldDoyle
Segments:     7
Lanes:        4
Junctions:    8
Ramps:        2
Sensors:      5
Mode:         PeMS Data-Driven
Car-Following: IDM
ODE Solver:   Ballistic
Vmax:         35.0 m/s
======================================================================
Skipping Source actor due to time limit at clock = 43201.00125327633
Skipping Source actor due to time limit at clock = 43210.6788297557
-----------------------------
| Model.cleanup in progress |
-----------------------------
cleanup: agenda
cleanup: wait queues
coroutine counts = (8844036,8843444,8843146)
[ModelOptimizer] Fitness: 3.3236 | Elapsed: 37.57 sec
[ModelOptimizer] Evaluating parameters: VectorD(2.00000,	4.04391,	-1.00000,	1.00000,	1.50000)

======================================================================
TRAFFIC MODEL BUILDER SUMMARY
======================================================================
Network:      US-101-N-DonaldDoyle
Segments:     7
Lanes:        4
Junctions:    8
Ramps:        2
Sensors:      5
Mode:         PeMS Data-Driven
Car-Following: IDM
ODE Solver:   Ballistic
Vmax:         35.0 m/s
======================================================================
Skipping Source actor due to time limit at clock = 43201.00125327633
Skipping Source actor due to time limit at clock = 43210.6788297557
-----------------------------
| Model.cleanup in progress |
-----------------------------
cleanup: agenda
cleanup: wait queues
coroutine counts = (8903793,8903197,8902897)
[ModelOptimizer] Fitness: 2.4294 | Elapsed: 35.03 sec
[ModelOptimizer] Evaluating parameters: VectorD(2.00000,	6.00000,	-1.00000,	1.00000,	0.300000)

======================================================================
TRAFFIC MODEL BUILDER SUMMARY
======================================================================
Network:      US-101-N-DonaldDoyle
Segments:     7
Lanes:        4
Junctions:    8
Ramps:        2
Sensors:      5
Mode:         PeMS Data-Driven
Car-Following: IDM
ODE Solver:   Ballistic
Vmax:         35.0 m/s
======================================================================
Skipping Source actor due to time limit at clock = 43201.00125327633
Skipping Source actor due to time limit at clock = 43210.6788297557
-----------------------------
| Model.cleanup in progress |
-----------------------------
cleanup: agenda
cleanup: wait queues
coroutine counts = (8963550,8962950,8962648)
[ModelOptimizer] Fitness: 2.6943 | Elapsed: 94.57 sec
[ModelOptimizer] Evaluating parameters: VectorD(2.00000,	3.30282,	-1.00000,	3.81067,	0.714438)

======================================================================
TRAFFIC MODEL BUILDER SUMMARY
======================================================================
Network:      US-101-N-DonaldDoyle
Segments:     7
Lanes:        4
Junctions:    8
Ramps:        2
Sensors:      5
Mode:         PeMS Data-Driven
Car-Following: IDM
ODE Solver:   Ballistic
Vmax:         35.0 m/s
======================================================================
Skipping Source actor due to time limit at clock = 43201.00125327633
Skipping Source actor due to time limit at clock = 43210.6788297557
-----------------------------
| Model.cleanup in progress |
-----------------------------
cleanup: agenda
cleanup: wait queues
coroutine counts = (9023307,9022703,9022399)
[ModelOptimizer] Fitness: 3.0170 | Elapsed: 55.08 sec
[ModelOptimizer] Evaluating parameters: VectorD(2.00000,	6.00000,	-1.00000,	1.00000,	0.300000)

======================================================================
TRAFFIC MODEL BUILDER SUMMARY
======================================================================
Network:      US-101-N-DonaldDoyle
Segments:     7
Lanes:        4
Junctions:    8
Ramps:        2
Sensors:      5
Mode:         PeMS Data-Driven
Car-Following: IDM
ODE Solver:   Ballistic
Vmax:         35.0 m/s
======================================================================
Skipping Source actor due to time limit at clock = 43201.00125327633
Skipping Source actor due to time limit at clock = 43210.6788297557
-----------------------------
| Model.cleanup in progress |
-----------------------------
cleanup: agenda
cleanup: wait queues
coroutine counts = (9083064,9082456,9082150)
[ModelOptimizer] Fitness: 2.6943 | Elapsed: 94.71 sec
[ModelOptimizer] Evaluating parameters: VectorD(3.52177,	4.49149,	-1.00000,	3.90759,	1.50000)

======================================================================
TRAFFIC MODEL BUILDER SUMMARY
======================================================================
Network:      US-101-N-DonaldDoyle
Segments:     7
Lanes:        4
Junctions:    8
Ramps:        2
Sensors:      5
Mode:         PeMS Data-Driven
Car-Following: IDM
ODE Solver:   Ballistic
Vmax:         35.0 m/s
======================================================================
Skipping Source actor due to time limit at clock = 43201.00125327633
Skipping Source actor due to time limit at clock = 43210.6788297557
-----------------------------
| Model.cleanup in progress |
-----------------------------
cleanup: agenda
cleanup: wait queues
coroutine counts = (9142821,9142209,9141901)
[ModelOptimizer] Fitness: 3.0354 | Elapsed: 36.82 sec
[ModelOptimizer] Evaluating parameters: VectorD(2.00000,	4.49767,	-1.00000,	1.00000,	1.50000)

======================================================================
TRAFFIC MODEL BUILDER SUMMARY
======================================================================
Network:      US-101-N-DonaldDoyle
Segments:     7
Lanes:        4
Junctions:    8
Ramps:        2
Sensors:      5
Mode:         PeMS Data-Driven
Car-Following: IDM
ODE Solver:   Ballistic
Vmax:         35.0 m/s
======================================================================
Skipping Source actor due to time limit at clock = 43201.00125327633
Skipping Source actor due to time limit at clock = 43210.6788297557
-----------------------------
| Model.cleanup in progress |
-----------------------------
cleanup: agenda
cleanup: wait queues
coroutine counts = (9202578,9201962,9201652)
[ModelOptimizer] Fitness: 2.4245 | Elapsed: 35.10 sec
[ModelOptimizer] Evaluating parameters: VectorD(2.00000,	2.65851,	-1.00000,	1.60829,	0.300000)

======================================================================
TRAFFIC MODEL BUILDER SUMMARY
======================================================================
Network:      US-101-N-DonaldDoyle
Segments:     7
Lanes:        4
Junctions:    8
Ramps:        2
Sensors:      5
Mode:         PeMS Data-Driven
Car-Following: IDM
ODE Solver:   Ballistic
Vmax:         35.0 m/s
======================================================================
Skipping Source actor due to time limit at clock = 43201.00125327633
Skipping Source actor due to time limit at clock = 43210.6788297557
-----------------------------
| Model.cleanup in progress |
-----------------------------
cleanup: agenda
cleanup: wait queues
coroutine counts = (9262335,9261715,9261403)
[ModelOptimizer] Fitness: 3.3771 | Elapsed: 108.80 sec
[ModelOptimizer] Evaluating parameters: VectorD(2.00000,	4.02128,	-1.00000,	1.00000,	0.300000)

======================================================================
TRAFFIC MODEL BUILDER SUMMARY
======================================================================
Network:      US-101-N-DonaldDoyle
Segments:     7
Lanes:        4
Junctions:    8
Ramps:        2
Sensors:      5
Mode:         PeMS Data-Driven
Car-Following: IDM
ODE Solver:   Ballistic
Vmax:         35.0 m/s
======================================================================
Skipping Source actor due to time limit at clock = 43201.00125327633
Skipping Source actor due to time limit at clock = 43210.6788297557
-----------------------------
| Model.cleanup in progress |
-----------------------------
cleanup: agenda
cleanup: wait queues
coroutine counts = (9322092,9321468,9321154)
[ModelOptimizer] Fitness: 2.7774 | Elapsed: 97.11 sec
[ModelOptimizer] Evaluating parameters: VectorD(8.00000,	6.00000,	-1.00000,	5.00000,	1.50000)

======================================================================
TRAFFIC MODEL BUILDER SUMMARY
======================================================================
Network:      US-101-N-DonaldDoyle
Segments:     7
Lanes:        4
Junctions:    8
Ramps:        2
Sensors:      5
Mode:         PeMS Data-Driven
Car-Following: IDM
ODE Solver:   Ballistic
Vmax:         35.0 m/s
======================================================================
Skipping Source actor due to time limit at clock = 43201.00125327633
Skipping Source actor due to time limit at clock = 43210.6788297557
-----------------------------
| Model.cleanup in progress |
-----------------------------
cleanup: agenda
cleanup: wait queues
coroutine counts = (9381849,9381221,9380905)
[ModelOptimizer] Fitness: 3.0123 | Elapsed: 38.26 sec
[ModelOptimizer] Evaluating parameters: VectorD(7.88742,	6.00000,	-1.00000,	5.00000,	1.46248)

======================================================================
TRAFFIC MODEL BUILDER SUMMARY
======================================================================
Network:      US-101-N-DonaldDoyle
Segments:     7
Lanes:        4
Junctions:    8
Ramps:        2
Sensors:      5
Mode:         PeMS Data-Driven
Car-Following: IDM
ODE Solver:   Ballistic
Vmax:         35.0 m/s
======================================================================
Skipping Source actor due to time limit at clock = 43201.00125327633
Skipping Source actor due to time limit at clock = 43210.6788297557
-----------------------------
| Model.cleanup in progress |
-----------------------------
cleanup: agenda
cleanup: wait queues
coroutine counts = (9441606,9440974,9440656)
[ModelOptimizer] Fitness: 2.9782 | Elapsed: 38.15 sec
[ModelOptimizer] Evaluating parameters: VectorD(2.00000,	6.00000,	-1.00000,	1.00000,	1.50000)

======================================================================
TRAFFIC MODEL BUILDER SUMMARY
======================================================================
Network:      US-101-N-DonaldDoyle
Segments:     7
Lanes:        4
Junctions:    8
Ramps:        2
Sensors:      5
Mode:         PeMS Data-Driven
Car-Following: IDM
ODE Solver:   Ballistic
Vmax:         35.0 m/s
======================================================================
Skipping Source actor due to time limit at clock = 43201.00125327633
Skipping Source actor due to time limit at clock = 43210.6788297557
-----------------------------
| Model.cleanup in progress |
-----------------------------
cleanup: agenda
cleanup: wait queues
coroutine counts = (9501363,9500727,9500407)
[ModelOptimizer] Fitness: 2.4195 | Elapsed: 35.54 sec
[ModelOptimizer] Evaluating parameters: VectorD(2.00000,	6.00000,	-1.00000,	1.00000,	1.50000)

======================================================================
TRAFFIC MODEL BUILDER SUMMARY
======================================================================
Network:      US-101-N-DonaldDoyle
Segments:     7
Lanes:        4
Junctions:    8
Ramps:        2
Sensors:      5
Mode:         PeMS Data-Driven
Car-Following: IDM
ODE Solver:   Ballistic
Vmax:         35.0 m/s
======================================================================
Skipping Source actor due to time limit at clock = 43201.00125327633
Skipping Source actor due to time limit at clock = 43210.6788297557
-----------------------------
| Model.cleanup in progress |
-----------------------------
cleanup: agenda
cleanup: wait queues
coroutine counts = (9561120,9560480,9560158)
[ModelOptimizer] Fitness: 2.4195 | Elapsed: 34.78 sec
[ModelOptimizer] Evaluating parameters: VectorD(2.00000,	3.24304,	-1.00000,	1.24026,	1.50000)

======================================================================
TRAFFIC MODEL BUILDER SUMMARY
======================================================================
Network:      US-101-N-DonaldDoyle
Segments:     7
Lanes:        4
Junctions:    8
Ramps:        2
Sensors:      5
Mode:         PeMS Data-Driven
Car-Following: IDM
ODE Solver:   Ballistic
Vmax:         35.0 m/s
======================================================================
Skipping Source actor due to time limit at clock = 43201.00125327633
Skipping Source actor due to time limit at clock = 43210.6788297557
-----------------------------
| Model.cleanup in progress |
-----------------------------
cleanup: agenda
cleanup: wait queues
coroutine counts = (9620877,9620233,9619909)
[ModelOptimizer] Fitness: 2.6327 | Elapsed: 35.70 sec
[ModelOptimizer] Evaluating parameters: VectorD(3.00110,	4.53738,	-1.00000,	5.00000,	0.786070)

======================================================================
TRAFFIC MODEL BUILDER SUMMARY
======================================================================
Network:      US-101-N-DonaldDoyle
Segments:     7
Lanes:        4
Junctions:    8
Ramps:        2
Sensors:      5
Mode:         PeMS Data-Driven
Car-Following: IDM
ODE Solver:   Ballistic
Vmax:         35.0 m/s
======================================================================
Skipping Source actor due to time limit at clock = 43201.00125327633
Skipping Source actor due to time limit at clock = 43210.6788297557
-----------------------------
| Model.cleanup in progress |
-----------------------------
cleanup: agenda
cleanup: wait queues
coroutine counts = (9680634,9679986,9679660)
[ModelOptimizer] Fitness: 2.9686 | Elapsed: 52.63 sec
[ModelOptimizer] Evaluating parameters: VectorD(2.00000,	3.24304,	-1.00000,	1.24026,	1.50000)

======================================================================
TRAFFIC MODEL BUILDER SUMMARY
======================================================================
Network:      US-101-N-DonaldDoyle
Segments:     7
Lanes:        4
Junctions:    8
Ramps:        2
Sensors:      5
Mode:         PeMS Data-Driven
Car-Following: IDM
ODE Solver:   Ballistic
Vmax:         35.0 m/s
======================================================================
Skipping Source actor due to time limit at clock = 43201.00125327633
Skipping Source actor due to time limit at clock = 43210.6788297557
-----------------------------
| Model.cleanup in progress |
-----------------------------
cleanup: agenda
cleanup: wait queues
coroutine counts = (9740391,9739739,9739411)
[ModelOptimizer] Fitness: 2.6327 | Elapsed: 35.44 sec
[ModelOptimizer] Evaluating parameters: VectorD(2.00000,	5.40278,	-1.00000,	1.00000,	1.50000)

======================================================================
TRAFFIC MODEL BUILDER SUMMARY
======================================================================
Network:      US-101-N-DonaldDoyle
Segments:     7
Lanes:        4
Junctions:    8
Ramps:        2
Sensors:      5
Mode:         PeMS Data-Driven
Car-Following: IDM
ODE Solver:   Ballistic
Vmax:         35.0 m/s
======================================================================
Skipping Source actor due to time limit at clock = 43201.00125327633
Skipping Source actor due to time limit at clock = 43210.6788297557
-----------------------------
| Model.cleanup in progress |
-----------------------------
cleanup: agenda
cleanup: wait queues
coroutine counts = (9800148,9799492,9799162)
[ModelOptimizer] Fitness: 2.4182 | Elapsed: 34.80 sec
[ModelOptimizer] Evaluating parameters: VectorD(2.00000,	6.00000,	-1.00000,	1.00000,	1.50000)

======================================================================
TRAFFIC MODEL BUILDER SUMMARY
======================================================================
Network:      US-101-N-DonaldDoyle
Segments:     7
Lanes:        4
Junctions:    8
Ramps:        2
Sensors:      5
Mode:         PeMS Data-Driven
Car-Following: IDM
ODE Solver:   Ballistic
Vmax:         35.0 m/s
======================================================================
Skipping Source actor due to time limit at clock = 43201.00125327633
Skipping Source actor due to time limit at clock = 43210.6788297557
-----------------------------
| Model.cleanup in progress |
-----------------------------
cleanup: agenda
cleanup: wait queues
coroutine counts = (9859905,9859245,9858913)
[ModelOptimizer] Fitness: 2.4195 | Elapsed: 35.12 sec
[ModelOptimizer] Evaluating parameters: VectorD(2.00000,	5.40278,	-1.00000,	1.00000,	1.50000)

======================================================================
TRAFFIC MODEL BUILDER SUMMARY
======================================================================
Network:      US-101-N-DonaldDoyle
Segments:     7
Lanes:        4
Junctions:    8
Ramps:        2
Sensors:      5
Mode:         PeMS Data-Driven
Car-Following: IDM
ODE Solver:   Ballistic
Vmax:         35.0 m/s
======================================================================
Skipping Source actor due to time limit at clock = 43201.00125327633
Skipping Source actor due to time limit at clock = 43210.6788297557
-----------------------------
| Model.cleanup in progress |
-----------------------------
cleanup: agenda
cleanup: wait queues
coroutine counts = (9919662,9918998,9918664)
[ModelOptimizer] Fitness: 2.4182 | Elapsed: 35.41 sec
       3 |      2.41662721 |      2.41662721 |       6.0% ✓
[ModelOptimizer] Evaluating parameters: VectorD(2.00000,	6.00000,	-1.00000,	1.00000,	1.50000)

======================================================================
TRAFFIC MODEL BUILDER SUMMARY
======================================================================
Network:      US-101-N-DonaldDoyle
Segments:     7
Lanes:        4
Junctions:    8
Ramps:        2
Sensors:      5
Mode:         PeMS Data-Driven
Car-Following: IDM
ODE Solver:   Ballistic
Vmax:         35.0 m/s
======================================================================
Skipping Source actor due to time limit at clock = 43201.00125327633
Skipping Source actor due to time limit at clock = 43210.6788297557
-----------------------------
| Model.cleanup in progress |
-----------------------------
cleanup: agenda
cleanup: wait queues
coroutine counts = (9979419,9978751,9978415)
[ModelOptimizer] Fitness: 2.4195 | Elapsed: 35.71 sec
[ModelOptimizer] Evaluating parameters: VectorD(2.00000,	4.98465,	-1.00000,	1.00000,	1.50000)

======================================================================
TRAFFIC MODEL BUILDER SUMMARY
======================================================================
Network:      US-101-N-DonaldDoyle
Segments:     7
Lanes:        4
Junctions:    8
Ramps:        2
Sensors:      5
Mode:         PeMS Data-Driven
Car-Following: IDM
ODE Solver:   Ballistic
Vmax:         35.0 m/s
======================================================================
Skipping Source actor due to time limit at clock = 43201.00125327633
Skipping Source actor due to time limit at clock = 43210.6788297557
-----------------------------
| Model.cleanup in progress |
-----------------------------
cleanup: agenda
cleanup: wait queues
coroutine counts = (10039176,10038504,10038166)
[ModelOptimizer] Fitness: 2.4183 | Elapsed: 35.04 sec
[ModelOptimizer] Evaluating parameters: VectorD(8.00000,	6.00000,	-1.73770,	5.00000,	1.39072)

======================================================================
TRAFFIC MODEL BUILDER SUMMARY
======================================================================
Network:      US-101-N-DonaldDoyle
Segments:     7
Lanes:        4
Junctions:    8
Ramps:        2
Sensors:      5
Mode:         PeMS Data-Driven
Car-Following: IDM
ODE Solver:   Ballistic
Vmax:         35.0 m/s
======================================================================
Skipping Source actor due to time limit at clock = 43201.00125327633
Skipping Source actor due to time limit at clock = 43210.6788297557
-----------------------------
| Model.cleanup in progress |
-----------------------------
cleanup: agenda
cleanup: wait queues
coroutine counts = (10098933,10098257,10097917)
[ModelOptimizer] Fitness: 3.2768 | Elapsed: 38.80 sec
[ModelOptimizer] Evaluating parameters: VectorD(2.00000,	5.48271,	-1.00000,	1.00000,	0.300000)

======================================================================
TRAFFIC MODEL BUILDER SUMMARY
======================================================================
Network:      US-101-N-DonaldDoyle
Segments:     7
Lanes:        4
Junctions:    8
Ramps:        2
Sensors:      5
Mode:         PeMS Data-Driven
Car-Following: IDM
ODE Solver:   Ballistic
Vmax:         35.0 m/s
======================================================================
Skipping Source actor due to time limit at clock = 43201.00125327633
Skipping Source actor due to time limit at clock = 43210.6788297557
-----------------------------
| Model.cleanup in progress |
-----------------------------
cleanup: agenda
cleanup: wait queues
coroutine counts = (10158690,10158010,10157668)
[ModelOptimizer] Fitness: 2.7064 | Elapsed: 95.40 sec
[ModelOptimizer] Evaluating parameters: VectorD(5.92762,	4.79094,	-1.00000,	1.00000,	1.50000)

======================================================================
TRAFFIC MODEL BUILDER SUMMARY
======================================================================
Network:      US-101-N-DonaldDoyle
Segments:     7
Lanes:        4
Junctions:    8
Ramps:        2
Sensors:      5
Mode:         PeMS Data-Driven
Car-Following: IDM
ODE Solver:   Ballistic
Vmax:         35.0 m/s
======================================================================
Skipping Source actor due to time limit at clock = 43201.00125327633
Skipping Source actor due to time limit at clock = 43210.6788297557
-----------------------------
| Model.cleanup in progress |
-----------------------------
cleanup: agenda
cleanup: wait queues
coroutine counts = (10218447,10217763,10217419)
[ModelOptimizer] Fitness: 2.5657 | Elapsed: 35.10 sec
[ModelOptimizer] Evaluating parameters: VectorD(2.00000,	5.20798,	-1.00000,	1.00000,	1.50000)

======================================================================
TRAFFIC MODEL BUILDER SUMMARY
======================================================================
Network:      US-101-N-DonaldDoyle
Segments:     7
Lanes:        4
Junctions:    8
Ramps:        2
Sensors:      5
Mode:         PeMS Data-Driven
Car-Following: IDM
ODE Solver:   Ballistic
Vmax:         35.0 m/s
======================================================================
Skipping Source actor due to time limit at clock = 43201.00125327633
Skipping Source actor due to time limit at clock = 43210.6788297557
-----------------------------
| Model.cleanup in progress |
-----------------------------
cleanup: agenda
cleanup: wait queues
coroutine counts = (10278204,10277516,10277170)
[ModelOptimizer] Fitness: 2.4185 | Elapsed: 35.50 sec
[ModelOptimizer] Evaluating parameters: VectorD(2.44813,	5.93050,	-1.00000,	1.00000,	0.300000)

======================================================================
TRAFFIC MODEL BUILDER SUMMARY
======================================================================
Network:      US-101-N-DonaldDoyle
Segments:     7
Lanes:        4
Junctions:    8
Ramps:        2
Sensors:      5
Mode:         PeMS Data-Driven
Car-Following: IDM
ODE Solver:   Ballistic
Vmax:         35.0 m/s
======================================================================
Skipping Source actor due to time limit at clock = 43201.00125327633
Skipping Source actor due to time limit at clock = 43210.6788297557
-----------------------------
| Model.cleanup in progress |
-----------------------------
cleanup: agenda
cleanup: wait queues
coroutine counts = (10337961,10337269,10336921)
[ModelOptimizer] Fitness: 2.7422 | Elapsed: 95.83 sec
[ModelOptimizer] Evaluating parameters: VectorD(2.00000,	4.14744,	-1.00000,	1.00000,	1.50000)

======================================================================
TRAFFIC MODEL BUILDER SUMMARY
======================================================================
Network:      US-101-N-DonaldDoyle
Segments:     7
Lanes:        4
Junctions:    8
Ramps:        2
Sensors:      5
Mode:         PeMS Data-Driven
Car-Following: IDM
ODE Solver:   Ballistic
Vmax:         35.0 m/s
======================================================================
Skipping Source actor due to time limit at clock = 43201.00125327633
Skipping Source actor due to time limit at clock = 43210.6788297557
-----------------------------
| Model.cleanup in progress |
-----------------------------
cleanup: agenda
cleanup: wait queues
coroutine counts = (10397718,10397022,10396672)
[ModelOptimizer] Fitness: 2.4295 | Elapsed: 34.76 sec
[ModelOptimizer] Evaluating parameters: VectorD(7.09923,	4.98443,	-1.00000,	1.00000,	0.300000)

======================================================================
TRAFFIC MODEL BUILDER SUMMARY
======================================================================
Network:      US-101-N-DonaldDoyle
Segments:     7
Lanes:        4
Junctions:    8
Ramps:        2
Sensors:      5
Mode:         PeMS Data-Driven
Car-Following: IDM
ODE Solver:   Ballistic
Vmax:         35.0 m/s
======================================================================
Skipping Source actor due to time limit at clock = 43201.00125327633
Skipping Source actor due to time limit at clock = 43210.6788297557
-----------------------------
| Model.cleanup in progress |
-----------------------------
cleanup: agenda
cleanup: wait queues
coroutine counts = (10457475,10456775,10456423)
[ModelOptimizer] Fitness: 3.0457 | Elapsed: 99.49 sec
[ModelOptimizer] Evaluating parameters: VectorD(2.00000,	2.66437,	-1.00000,	3.36349,	1.50000)

======================================================================
TRAFFIC MODEL BUILDER SUMMARY
======================================================================
Network:      US-101-N-DonaldDoyle
Segments:     7
Lanes:        4
Junctions:    8
Ramps:        2
Sensors:      5
Mode:         PeMS Data-Driven
Car-Following: IDM
ODE Solver:   Ballistic
Vmax:         35.0 m/s
======================================================================
Skipping Source actor due to time limit at clock = 43201.00125327633
Skipping Source actor due to time limit at clock = 43210.6788297557
-----------------------------
| Model.cleanup in progress |
-----------------------------
cleanup: agenda
cleanup: wait queues
coroutine counts = (10517232,10516528,10516174)
[ModelOptimizer] Fitness: 3.0323 | Elapsed: 36.17 sec
[ModelOptimizer] Evaluating parameters: VectorD(4.12230,	6.00000,	-1.00000,	1.51584,	1.50000)

======================================================================
TRAFFIC MODEL BUILDER SUMMARY
======================================================================
Network:      US-101-N-DonaldDoyle
Segments:     7
Lanes:        4
Junctions:    8
Ramps:        2
Sensors:      5
Mode:         PeMS Data-Driven
Car-Following: IDM
ODE Solver:   Ballistic
Vmax:         35.0 m/s
======================================================================
Skipping Source actor due to time limit at clock = 43201.00125327633
Skipping Source actor due to time limit at clock = 43210.6788297557
-----------------------------
| Model.cleanup in progress |
-----------------------------
cleanup: agenda
cleanup: wait queues
coroutine counts = (10576989,10576281,10575925)
[ModelOptimizer] Fitness: 2.7445 | Elapsed: 35.24 sec
[ModelOptimizer] Evaluating parameters: VectorD(3.45600,	4.69162,	-1.00000,	1.00000,	1.50000)

======================================================================
TRAFFIC MODEL BUILDER SUMMARY
======================================================================
Network:      US-101-N-DonaldDoyle
Segments:     7
Lanes:        4
Junctions:    8
Ramps:        2
Sensors:      5
Mode:         PeMS Data-Driven
Car-Following: IDM
ODE Solver:   Ballistic
Vmax:         35.0 m/s
======================================================================
Skipping Source actor due to time limit at clock = 43201.00125327633
Skipping Source actor due to time limit at clock = 43210.6788297557
-----------------------------
| Model.cleanup in progress |
-----------------------------
cleanup: agenda
cleanup: wait queues
coroutine counts = (10636746,10636034,10635676)
[ModelOptimizer] Fitness: 2.4688 | Elapsed: 34.69 sec
[ModelOptimizer] Evaluating parameters: VectorD(2.00000,	3.53350,	-1.00000,	1.00000,	1.50000)

======================================================================
TRAFFIC MODEL BUILDER SUMMARY
======================================================================
Network:      US-101-N-DonaldDoyle
Segments:     7
Lanes:        4
Junctions:    8
Ramps:        2
Sensors:      5
Mode:         PeMS Data-Driven
Car-Following: IDM
ODE Solver:   Ballistic
Vmax:         35.0 m/s
======================================================================
Skipping Source actor due to time limit at clock = 43201.00125327633
Skipping Source actor due to time limit at clock = 43210.6788297557
-----------------------------
| Model.cleanup in progress |
-----------------------------
cleanup: agenda
cleanup: wait queues
coroutine counts = (10696503,10695787,10695427)
[ModelOptimizer] Fitness: 2.4461 | Elapsed: 35.46 sec
[ModelOptimizer] Evaluating parameters: VectorD(2.00000,	6.00000,	-1.00000,	1.00000,	1.50000)

======================================================================
TRAFFIC MODEL BUILDER SUMMARY
======================================================================
Network:      US-101-N-DonaldDoyle
Segments:     7
Lanes:        4
Junctions:    8
Ramps:        2
Sensors:      5
Mode:         PeMS Data-Driven
Car-Following: IDM
ODE Solver:   Ballistic
Vmax:         35.0 m/s
======================================================================
Skipping Source actor due to time limit at clock = 43201.00125327633
Skipping Source actor due to time limit at clock = 43210.6788297557
-----------------------------
| Model.cleanup in progress |
-----------------------------
cleanup: agenda
cleanup: wait queues
coroutine counts = (10756260,10755540,10755178)
[ModelOptimizer] Fitness: 2.4195 | Elapsed: 34.90 sec
[ModelOptimizer] Evaluating parameters: VectorD(6.09037,	5.40761,	-1.10081,	5.00000,	1.50000)

======================================================================
TRAFFIC MODEL BUILDER SUMMARY
======================================================================
Network:      US-101-N-DonaldDoyle
Segments:     7
Lanes:        4
Junctions:    8
Ramps:        2
Sensors:      5
Mode:         PeMS Data-Driven
Car-Following: IDM
ODE Solver:   Ballistic
Vmax:         35.0 m/s
======================================================================
Skipping Source actor due to time limit at clock = 43201.00125327633
Skipping Source actor due to time limit at clock = 43210.6788297557
-----------------------------
| Model.cleanup in progress |
-----------------------------
cleanup: agenda
cleanup: wait queues
coroutine counts = (10816017,10815293,10814929)
[ModelOptimizer] Fitness: 3.1219 | Elapsed: 36.62 sec
[ModelOptimizer] Evaluating parameters: VectorD(2.00000,	4.36181,	-1.00000,	1.00000,	1.50000)

======================================================================
TRAFFIC MODEL BUILDER SUMMARY
======================================================================
Network:      US-101-N-DonaldDoyle
Segments:     7
Lanes:        4
Junctions:    8
Ramps:        2
Sensors:      5
Mode:         PeMS Data-Driven
Car-Following: IDM
ODE Solver:   Ballistic
Vmax:         35.0 m/s
======================================================================
Skipping Source actor due to time limit at clock = 43201.00125327633
Skipping Source actor due to time limit at clock = 43210.6788297557
-----------------------------
| Model.cleanup in progress |
-----------------------------
cleanup: agenda
cleanup: wait queues
coroutine counts = (10875774,10875046,10874680)
[ModelOptimizer] Fitness: 2.4246 | Elapsed: 35.79 sec
[ModelOptimizer] Evaluating parameters: VectorD(2.00000,	6.00000,	-1.00000,	1.00000,	1.50000)

======================================================================
TRAFFIC MODEL BUILDER SUMMARY
======================================================================
Network:      US-101-N-DonaldDoyle
Segments:     7
Lanes:        4
Junctions:    8
Ramps:        2
Sensors:      5
Mode:         PeMS Data-Driven
Car-Following: IDM
ODE Solver:   Ballistic
Vmax:         35.0 m/s
======================================================================
Skipping Source actor due to time limit at clock = 43201.00125327633
Skipping Source actor due to time limit at clock = 43210.6788297557
-----------------------------
| Model.cleanup in progress |
-----------------------------
cleanup: agenda
cleanup: wait queues
coroutine counts = (10935531,10934799,10934431)
[ModelOptimizer] Fitness: 2.4195 | Elapsed: 36.73 sec
[ModelOptimizer] Evaluating parameters: VectorD(2.00000,	6.00000,	-1.00000,	1.00000,	1.50000)

======================================================================
TRAFFIC MODEL BUILDER SUMMARY
======================================================================
Network:      US-101-N-DonaldDoyle
Segments:     7
Lanes:        4
Junctions:    8
Ramps:        2
Sensors:      5
Mode:         PeMS Data-Driven
Car-Following: IDM
ODE Solver:   Ballistic
Vmax:         35.0 m/s
======================================================================
Skipping Source actor due to time limit at clock = 43201.00125327633
Skipping Source actor due to time limit at clock = 43210.6788297557
-----------------------------
| Model.cleanup in progress |
-----------------------------
cleanup: agenda
cleanup: wait queues
coroutine counts = (10995288,10994552,10994182)
[ModelOptimizer] Fitness: 2.4195 | Elapsed: 36.94 sec
[ModelOptimizer] Evaluating parameters: VectorD(2.00000,	3.13811,	-1.00000,	1.00000,	0.300000)

======================================================================
TRAFFIC MODEL BUILDER SUMMARY
======================================================================
Network:      US-101-N-DonaldDoyle
Segments:     7
Lanes:        4
Junctions:    8
Ramps:        2
Sensors:      5
Mode:         PeMS Data-Driven
Car-Following: IDM
ODE Solver:   Ballistic
Vmax:         35.0 m/s
======================================================================
Skipping Source actor due to time limit at clock = 43201.00125327633
Skipping Source actor due to time limit at clock = 43210.6788297557
-----------------------------
| Model.cleanup in progress |
-----------------------------
cleanup: agenda
cleanup: wait queues
coroutine counts = (11055045,11054305,11053933)
[ModelOptimizer] Fitness: 2.8328 | Elapsed: 101.98 sec
[ModelOptimizer] Evaluating parameters: VectorD(2.00000,	5.33414,	-1.00000,	1.00000,	1.50000)

======================================================================
TRAFFIC MODEL BUILDER SUMMARY
======================================================================
Network:      US-101-N-DonaldDoyle
Segments:     7
Lanes:        4
Junctions:    8
Ramps:        2
Sensors:      5
Mode:         PeMS Data-Driven
Car-Following: IDM
ODE Solver:   Ballistic
Vmax:         35.0 m/s
======================================================================
Skipping Source actor due to time limit at clock = 43201.00125327633
Skipping Source actor due to time limit at clock = 43210.6788297557
-----------------------------
| Model.cleanup in progress |
-----------------------------
cleanup: agenda
cleanup: wait queues
coroutine counts = (11114802,11114058,11113684)
[ModelOptimizer] Fitness: 2.4166 | Elapsed: 36.41 sec
[ModelOptimizer] Evaluating parameters: VectorD(7.10063,	2.49045,	-1.64336,	4.88751,	1.50000)

======================================================================
TRAFFIC MODEL BUILDER SUMMARY
======================================================================
Network:      US-101-N-DonaldDoyle
Segments:     7
Lanes:        4
Junctions:    8
Ramps:        2
Sensors:      5
Mode:         PeMS Data-Driven
Car-Following: IDM
ODE Solver:   Ballistic
Vmax:         35.0 m/s
======================================================================
Skipping Source actor due to time limit at clock = 43201.00125327633
Skipping Source actor due to time limit at clock = 43210.6788297557
-----------------------------
| Model.cleanup in progress |
-----------------------------
cleanup: agenda
cleanup: wait queues
coroutine counts = (11174559,11173811,11173435)
[ModelOptimizer] Fitness: 3.4046 | Elapsed: 38.83 sec
[ModelOptimizer] Evaluating parameters: VectorD(2.29815,	5.59512,	-1.00000,	1.00000,	1.50000)

======================================================================
TRAFFIC MODEL BUILDER SUMMARY
======================================================================
Network:      US-101-N-DonaldDoyle
Segments:     7
Lanes:        4
Junctions:    8
Ramps:        2
Sensors:      5
Mode:         PeMS Data-Driven
Car-Following: IDM
ODE Solver:   Ballistic
Vmax:         35.0 m/s
======================================================================
Skipping Source actor due to time limit at clock = 43201.00125327633
Skipping Source actor due to time limit at clock = 43210.6788297557
-----------------------------
| Model.cleanup in progress |
-----------------------------
cleanup: agenda
cleanup: wait queues
coroutine counts = (11234316,11233564,11233186)
[ModelOptimizer] Fitness: 2.4297 | Elapsed: 33.82 sec
[ModelOptimizer] Evaluating parameters: VectorD(6.11573,	4.54483,	-1.00000,	1.00000,	0.300000)

======================================================================
TRAFFIC MODEL BUILDER SUMMARY
======================================================================
Network:      US-101-N-DonaldDoyle
Segments:     7
Lanes:        4
Junctions:    8
Ramps:        2
Sensors:      5
Mode:         PeMS Data-Driven
Car-Following: IDM
ODE Solver:   Ballistic
Vmax:         35.0 m/s
======================================================================
Skipping Source actor due to time limit at clock = 43201.00125327633
Skipping Source actor due to time limit at clock = 43210.6788297557
-----------------------------
| Model.cleanup in progress |
-----------------------------
cleanup: agenda
cleanup: wait queues
coroutine counts = (11294073,11293317,11292937)
[ModelOptimizer] Fitness: 3.0298 | Elapsed: 98.14 sec
[ModelOptimizer] Evaluating parameters: VectorD(6.22326,	6.00000,	-1.00000,	5.00000,	1.50000)

======================================================================
TRAFFIC MODEL BUILDER SUMMARY
======================================================================
Network:      US-101-N-DonaldDoyle
Segments:     7
Lanes:        4
Junctions:    8
Ramps:        2
Sensors:      5
Mode:         PeMS Data-Driven
Car-Following: IDM
ODE Solver:   Ballistic
Vmax:         35.0 m/s
======================================================================
Skipping Source actor due to time limit at clock = 43201.00125327633
Skipping Source actor due to time limit at clock = 43210.6788297557
-----------------------------
| Model.cleanup in progress |
-----------------------------
cleanup: agenda
cleanup: wait queues
coroutine counts = (11353830,11353070,11352688)
[ModelOptimizer] Fitness: 3.0215 | Elapsed: 36.03 sec
[ModelOptimizer] Evaluating parameters: VectorD(7.04835,	3.76641,	-1.68459,	1.00000,	1.47750)

======================================================================
TRAFFIC MODEL BUILDER SUMMARY
======================================================================
Network:      US-101-N-DonaldDoyle
Segments:     7
Lanes:        4
Junctions:    8
Ramps:        2
Sensors:      5
Mode:         PeMS Data-Driven
Car-Following: IDM
ODE Solver:   Ballistic
Vmax:         35.0 m/s
======================================================================
Skipping Source actor due to time limit at clock = 43201.00125327633
Skipping Source actor due to time limit at clock = 43210.6788297557
-----------------------------
| Model.cleanup in progress |
-----------------------------
cleanup: agenda
cleanup: wait queues
coroutine counts = (11413587,11412823,11412439)
[ModelOptimizer] Fitness: 3.0449 | Elapsed: 36.81 sec
[ModelOptimizer] Evaluating parameters: VectorD(2.00000,	4.04391,	-1.00000,	1.00000,	1.50000)

======================================================================
TRAFFIC MODEL BUILDER SUMMARY
======================================================================
Network:      US-101-N-DonaldDoyle
Segments:     7
Lanes:        4
Junctions:    8
Ramps:        2
Sensors:      5
Mode:         PeMS Data-Driven
Car-Following: IDM
ODE Solver:   Ballistic
Vmax:         35.0 m/s
======================================================================
Skipping Source actor due to time limit at clock = 43201.00125327633
Skipping Source actor due to time limit at clock = 43210.6788297557
-----------------------------
| Model.cleanup in progress |
-----------------------------
cleanup: agenda
cleanup: wait queues
coroutine counts = (11473344,11472576,11472190)
[ModelOptimizer] Fitness: 2.4294 | Elapsed: 33.59 sec
[ModelOptimizer] Evaluating parameters: VectorD(8.00000,	3.79288,	-3.00000,	1.00000,	0.300000)

======================================================================
TRAFFIC MODEL BUILDER SUMMARY
======================================================================
Network:      US-101-N-DonaldDoyle
Segments:     7
Lanes:        4
Junctions:    8
Ramps:        2
Sensors:      5
Mode:         PeMS Data-Driven
Car-Following: IDM
ODE Solver:   Ballistic
Vmax:         35.0 m/s
======================================================================
Skipping Source actor due to time limit at clock = 43201.00125327633
Skipping Source actor due to time limit at clock = 43210.6788297557
-----------------------------
| Model.cleanup in progress |
-----------------------------
cleanup: agenda
cleanup: wait queues
coroutine counts = (11533101,11532329,11531941)
[ModelOptimizer] Fitness: 3.5608 | Elapsed: 102.33 sec
[ModelOptimizer] Evaluating parameters: VectorD(2.00000,	6.00000,	-1.00000,	1.00000,	0.300000)

======================================================================
TRAFFIC MODEL BUILDER SUMMARY
======================================================================
Network:      US-101-N-DonaldDoyle
Segments:     7
Lanes:        4
Junctions:    8
Ramps:        2
Sensors:      5
Mode:         PeMS Data-Driven
Car-Following: IDM
ODE Solver:   Ballistic
Vmax:         35.0 m/s
======================================================================
Skipping Source actor due to time limit at clock = 43201.00125327633
Skipping Source actor due to time limit at clock = 43210.6788297557
-----------------------------
| Model.cleanup in progress |
-----------------------------
cleanup: agenda
cleanup: wait queues
coroutine counts = (11592858,11592082,11591692)
[ModelOptimizer] Fitness: 2.6943 | Elapsed: 92.34 sec
[ModelOptimizer] Evaluating parameters: VectorD(2.00000,	6.00000,	-1.00000,	1.00000,	1.50000)

======================================================================
TRAFFIC MODEL BUILDER SUMMARY
======================================================================
Network:      US-101-N-DonaldDoyle
Segments:     7
Lanes:        4
Junctions:    8
Ramps:        2
Sensors:      5
Mode:         PeMS Data-Driven
Car-Following: IDM
ODE Solver:   Ballistic
Vmax:         35.0 m/s
======================================================================
Skipping Source actor due to time limit at clock = 43201.00125327633
Skipping Source actor due to time limit at clock = 43210.6788297557
-----------------------------
| Model.cleanup in progress |
-----------------------------
cleanup: agenda
cleanup: wait queues
coroutine counts = (11652615,11651835,11651443)
[ModelOptimizer] Fitness: 2.4195 | Elapsed: 33.13 sec
[ModelOptimizer] Evaluating parameters: VectorD(2.00000,	4.49767,	-1.00000,	1.00000,	1.50000)

======================================================================
TRAFFIC MODEL BUILDER SUMMARY
======================================================================
Network:      US-101-N-DonaldDoyle
Segments:     7
Lanes:        4
Junctions:    8
Ramps:        2
Sensors:      5
Mode:         PeMS Data-Driven
Car-Following: IDM
ODE Solver:   Ballistic
Vmax:         35.0 m/s
======================================================================
Skipping Source actor due to time limit at clock = 43201.00125327633
Skipping Source actor due to time limit at clock = 43210.6788297557
-----------------------------
| Model.cleanup in progress |
-----------------------------
cleanup: agenda
cleanup: wait queues
coroutine counts = (11712372,11711588,11711194)
[ModelOptimizer] Fitness: 2.4245 | Elapsed: 33.05 sec
[ModelOptimizer] Evaluating parameters: VectorD(2.00000,	6.00000,	-1.00000,	1.00000,	1.50000)

======================================================================
TRAFFIC MODEL BUILDER SUMMARY
======================================================================
Network:      US-101-N-DonaldDoyle
Segments:     7
Lanes:        4
Junctions:    8
Ramps:        2
Sensors:      5
Mode:         PeMS Data-Driven
Car-Following: IDM
ODE Solver:   Ballistic
Vmax:         35.0 m/s
======================================================================
Skipping Source actor due to time limit at clock = 43201.00125327633
Skipping Source actor due to time limit at clock = 43210.6788297557
-----------------------------
| Model.cleanup in progress |
-----------------------------
cleanup: agenda
cleanup: wait queues
coroutine counts = (11772129,11771341,11770945)
[ModelOptimizer] Fitness: 2.4195 | Elapsed: 32.91 sec
[ModelOptimizer] Evaluating parameters: VectorD(2.00000,	5.89852,	-1.00000,	1.00000,	0.300000)

======================================================================
TRAFFIC MODEL BUILDER SUMMARY
======================================================================
Network:      US-101-N-DonaldDoyle
Segments:     7
Lanes:        4
Junctions:    8
Ramps:        2
Sensors:      5
Mode:         PeMS Data-Driven
Car-Following: IDM
ODE Solver:   Ballistic
Vmax:         35.0 m/s
======================================================================
Skipping Source actor due to time limit at clock = 43201.00125327633
Skipping Source actor due to time limit at clock = 43210.6788297557
-----------------------------
| Model.cleanup in progress |
-----------------------------
cleanup: agenda
cleanup: wait queues
coroutine counts = (11831886,11831094,11830696)
[ModelOptimizer] Fitness: 2.6954 | Elapsed: 91.89 sec
[ModelOptimizer] Evaluating parameters: VectorD(2.00000,	4.02128,	-1.00000,	1.00000,	0.300000)

======================================================================
TRAFFIC MODEL BUILDER SUMMARY
======================================================================
Network:      US-101-N-DonaldDoyle
Segments:     7
Lanes:        4
Junctions:    8
Ramps:        2
Sensors:      5
Mode:         PeMS Data-Driven
Car-Following: IDM
ODE Solver:   Ballistic
Vmax:         35.0 m/s
======================================================================
Skipping Source actor due to time limit at clock = 43201.00125327633
Skipping Source actor due to time limit at clock = 43210.6788297557
-----------------------------
| Model.cleanup in progress |
-----------------------------
cleanup: agenda
cleanup: wait queues
coroutine counts = (11891643,11890847,11890447)
[ModelOptimizer] Fitness: 2.7774 | Elapsed: 92.08 sec
[ModelOptimizer] Evaluating parameters: VectorD(2.00000,	5.89852,	-1.00000,	1.00000,	0.300000)

======================================================================
TRAFFIC MODEL BUILDER SUMMARY
======================================================================
Network:      US-101-N-DonaldDoyle
Segments:     7
Lanes:        4
Junctions:    8
Ramps:        2
Sensors:      5
Mode:         PeMS Data-Driven
Car-Following: IDM
ODE Solver:   Ballistic
Vmax:         35.0 m/s
======================================================================
Skipping Source actor due to time limit at clock = 43201.00125327633
Skipping Source actor due to time limit at clock = 43210.6788297557
-----------------------------
| Model.cleanup in progress |
-----------------------------
cleanup: agenda
cleanup: wait queues
coroutine counts = (11951400,11950600,11950198)
[ModelOptimizer] Fitness: 2.6954 | Elapsed: 92.06 sec
[ModelOptimizer] Evaluating parameters: VectorD(3.16167,	6.00000,	-1.00000,	1.00000,	1.50000)

======================================================================
TRAFFIC MODEL BUILDER SUMMARY
======================================================================
Network:      US-101-N-DonaldDoyle
Segments:     7
Lanes:        4
Junctions:    8
Ramps:        2
Sensors:      5
Mode:         PeMS Data-Driven
Car-Following: IDM
ODE Solver:   Ballistic
Vmax:         35.0 m/s
======================================================================
Skipping Source actor due to time limit at clock = 43201.00125327633
Skipping Source actor due to time limit at clock = 43210.6788297557
-----------------------------
| Model.cleanup in progress |
-----------------------------
cleanup: agenda
cleanup: wait queues
coroutine counts = (12011157,12010353,12009949)
[ModelOptimizer] Fitness: 2.4638 | Elapsed: 33.17 sec
[ModelOptimizer] Evaluating parameters: VectorD(7.88742,	6.00000,	-1.00000,	5.00000,	1.46248)

======================================================================
TRAFFIC MODEL BUILDER SUMMARY
======================================================================
Network:      US-101-N-DonaldDoyle
Segments:     7
Lanes:        4
Junctions:    8
Ramps:        2
Sensors:      5
Mode:         PeMS Data-Driven
Car-Following: IDM
ODE Solver:   Ballistic
Vmax:         35.0 m/s
======================================================================
Skipping Source actor due to time limit at clock = 43201.00125327633
Skipping Source actor due to time limit at clock = 43210.6788297557
-----------------------------
| Model.cleanup in progress |
-----------------------------
cleanup: agenda
cleanup: wait queues
coroutine counts = (12070914,12070106,12069700)
[ModelOptimizer] Fitness: 2.9782 | Elapsed: 35.38 sec
[ModelOptimizer] Evaluating parameters: VectorD(3.16167,	6.00000,	-1.00000,	1.00000,	1.50000)

======================================================================
TRAFFIC MODEL BUILDER SUMMARY
======================================================================
Network:      US-101-N-DonaldDoyle
Segments:     7
Lanes:        4
Junctions:    8
Ramps:        2
Sensors:      5
Mode:         PeMS Data-Driven
Car-Following: IDM
ODE Solver:   Ballistic
Vmax:         35.0 m/s
======================================================================
Skipping Source actor due to time limit at clock = 43201.00125327633
Skipping Source actor due to time limit at clock = 43210.6788297557
-----------------------------
| Model.cleanup in progress |
-----------------------------
cleanup: agenda
cleanup: wait queues
coroutine counts = (12130671,12129859,12129451)
[ModelOptimizer] Fitness: 2.4638 | Elapsed: 34.32 sec
[ModelOptimizer] Evaluating parameters: VectorD(4.32484,	6.00000,	-1.00000,	1.00000,	0.300000)

======================================================================
TRAFFIC MODEL BUILDER SUMMARY
======================================================================
Network:      US-101-N-DonaldDoyle
Segments:     7
Lanes:        4
Junctions:    8
Ramps:        2
Sensors:      5
Mode:         PeMS Data-Driven
Car-Following: IDM
ODE Solver:   Ballistic
Vmax:         35.0 m/s
======================================================================
Skipping Source actor due to time limit at clock = 43201.00125327633
Skipping Source actor due to time limit at clock = 43210.6788297557
-----------------------------
| Model.cleanup in progress |
-----------------------------
cleanup: agenda
cleanup: wait queues
coroutine counts = (12190428,12189612,12189202)
[ModelOptimizer] Fitness: 2.9366 | Elapsed: 99.06 sec
[ModelOptimizer] Evaluating parameters: VectorD(2.00000,	6.00000,	-1.00000,	1.00000,	1.50000)

======================================================================
TRAFFIC MODEL BUILDER SUMMARY
======================================================================
Network:      US-101-N-DonaldDoyle
Segments:     7
Lanes:        4
Junctions:    8
Ramps:        2
Sensors:      5
Mode:         PeMS Data-Driven
Car-Following: IDM
ODE Solver:   Ballistic
Vmax:         35.0 m/s
======================================================================
Skipping Source actor due to time limit at clock = 43201.00125327633
Skipping Source actor due to time limit at clock = 43210.6788297557
-----------------------------
| Model.cleanup in progress |
-----------------------------
cleanup: agenda
cleanup: wait queues
coroutine counts = (12250185,12249365,12248953)
[ModelOptimizer] Fitness: 2.4195 | Elapsed: 33.22 sec
[ModelOptimizer] Evaluating parameters: VectorD(2.00000,	6.00000,	-1.00000,	1.00000,	1.50000)

======================================================================
TRAFFIC MODEL BUILDER SUMMARY
======================================================================
Network:      US-101-N-DonaldDoyle
Segments:     7
Lanes:        4
Junctions:    8
Ramps:        2
Sensors:      5
Mode:         PeMS Data-Driven
Car-Following: IDM
ODE Solver:   Ballistic
Vmax:         35.0 m/s
======================================================================
Skipping Source actor due to time limit at clock = 43201.00125327633
Skipping Source actor due to time limit at clock = 43210.6788297557
-----------------------------
| Model.cleanup in progress |
-----------------------------
cleanup: agenda
cleanup: wait queues
coroutine counts = (12309942,12309118,12308704)
[ModelOptimizer] Fitness: 2.4195 | Elapsed: 33.31 sec
[ModelOptimizer] Evaluating parameters: VectorD(2.00000,	3.24304,	-1.00000,	1.24026,	1.50000)

======================================================================
TRAFFIC MODEL BUILDER SUMMARY
======================================================================
Network:      US-101-N-DonaldDoyle
Segments:     7
Lanes:        4
Junctions:    8
Ramps:        2
Sensors:      5
Mode:         PeMS Data-Driven
Car-Following: IDM
ODE Solver:   Ballistic
Vmax:         35.0 m/s
======================================================================
Skipping Source actor due to time limit at clock = 43201.00125327633
Skipping Source actor due to time limit at clock = 43210.6788297557
-----------------------------
| Model.cleanup in progress |
-----------------------------
cleanup: agenda
cleanup: wait queues
coroutine counts = (12369699,12368871,12368455)
[ModelOptimizer] Fitness: 2.6327 | Elapsed: 33.73 sec
[ModelOptimizer] Evaluating parameters: VectorD(2.00000,	6.00000,	-1.00000,	1.00000,	1.50000)

======================================================================
TRAFFIC MODEL BUILDER SUMMARY
======================================================================
Network:      US-101-N-DonaldDoyle
Segments:     7
Lanes:        4
Junctions:    8
Ramps:        2
Sensors:      5
Mode:         PeMS Data-Driven
Car-Following: IDM
ODE Solver:   Ballistic
Vmax:         35.0 m/s
======================================================================
Skipping Source actor due to time limit at clock = 43201.00125327633
Skipping Source actor due to time limit at clock = 43210.6788297557
-----------------------------
| Model.cleanup in progress |
-----------------------------
cleanup: agenda
cleanup: wait queues
coroutine counts = (12429456,12428624,12428206)
[ModelOptimizer] Fitness: 2.4195 | Elapsed: 33.11 sec
[ModelOptimizer] Evaluating parameters: VectorD(2.00000,	6.00000,	-1.00000,	1.00000,	1.50000)

======================================================================
TRAFFIC MODEL BUILDER SUMMARY
======================================================================
Network:      US-101-N-DonaldDoyle
Segments:     7
Lanes:        4
Junctions:    8
Ramps:        2
Sensors:      5
Mode:         PeMS Data-Driven
Car-Following: IDM
ODE Solver:   Ballistic
Vmax:         35.0 m/s
======================================================================
Skipping Source actor due to time limit at clock = 43201.00125327633
Skipping Source actor due to time limit at clock = 43210.6788297557
-----------------------------
| Model.cleanup in progress |
-----------------------------
cleanup: agenda
cleanup: wait queues
coroutine counts = (12489213,12488377,12487957)
[ModelOptimizer] Fitness: 2.4195 | Elapsed: 32.59 sec
[ModelOptimizer] Evaluating parameters: VectorD(2.00000,	5.40278,	-1.00000,	1.00000,	1.50000)

======================================================================
TRAFFIC MODEL BUILDER SUMMARY
======================================================================
Network:      US-101-N-DonaldDoyle
Segments:     7
Lanes:        4
Junctions:    8
Ramps:        2
Sensors:      5
Mode:         PeMS Data-Driven
Car-Following: IDM
ODE Solver:   Ballistic
Vmax:         35.0 m/s
======================================================================
Skipping Source actor due to time limit at clock = 43201.00125327633
Skipping Source actor due to time limit at clock = 43210.6788297557
-----------------------------
| Model.cleanup in progress |
-----------------------------
cleanup: agenda
cleanup: wait queues
coroutine counts = (12548970,12548130,12547708)
[ModelOptimizer] Fitness: 2.4182 | Elapsed: 33.25 sec
       4 |      2.41662721 |      2.41662721 |       8.0% ✓
[ModelOptimizer] Evaluating parameters: VectorD(2.36464,	3.85003,	-1.00000,	5.00000,	1.50000)

======================================================================
TRAFFIC MODEL BUILDER SUMMARY
======================================================================
Network:      US-101-N-DonaldDoyle
Segments:     7
Lanes:        4
Junctions:    8
Ramps:        2
Sensors:      5
Mode:         PeMS Data-Driven
Car-Following: IDM
ODE Solver:   Ballistic
Vmax:         35.0 m/s
======================================================================
Skipping Source actor due to time limit at clock = 43201.00125327633
Skipping Source actor due to time limit at clock = 43210.6788297557
-----------------------------
| Model.cleanup in progress |
-----------------------------
cleanup: agenda
cleanup: wait queues
coroutine counts = (12608727,12607883,12607459)
[ModelOptimizer] Fitness: 3.1276 | Elapsed: 35.87 sec
[ModelOptimizer] Evaluating parameters: VectorD(2.00000,	4.98465,	-1.00000,	1.00000,	1.50000)

======================================================================
TRAFFIC MODEL BUILDER SUMMARY
======================================================================
Network:      US-101-N-DonaldDoyle
Segments:     7
Lanes:        4
Junctions:    8
Ramps:        2
Sensors:      5
Mode:         PeMS Data-Driven
Car-Following: IDM
ODE Solver:   Ballistic
Vmax:         35.0 m/s
======================================================================
Skipping Source actor due to time limit at clock = 43201.00125327633
Skipping Source actor due to time limit at clock = 43210.6788297557
-----------------------------
| Model.cleanup in progress |
-----------------------------
cleanup: agenda
cleanup: wait queues
coroutine counts = (12668484,12667636,12667210)
[ModelOptimizer] Fitness: 2.4183 | Elapsed: 32.52 sec
[ModelOptimizer] Evaluating parameters: VectorD(2.00000,	6.00000,	-1.00000,	1.00000,	1.50000)

======================================================================
TRAFFIC MODEL BUILDER SUMMARY
======================================================================
Network:      US-101-N-DonaldDoyle
Segments:     7
Lanes:        4
Junctions:    8
Ramps:        2
Sensors:      5
Mode:         PeMS Data-Driven
Car-Following: IDM
ODE Solver:   Ballistic
Vmax:         35.0 m/s
======================================================================
Skipping Source actor due to time limit at clock = 43201.00125327633
Skipping Source actor due to time limit at clock = 43210.6788297557
-----------------------------
| Model.cleanup in progress |
-----------------------------
cleanup: agenda
cleanup: wait queues
coroutine counts = (12728241,12727389,12726961)
[ModelOptimizer] Fitness: 2.4195 | Elapsed: 34.18 sec
[ModelOptimizer] Evaluating parameters: VectorD(2.00000,	5.48271,	-1.00000,	1.00000,	0.300000)

======================================================================
TRAFFIC MODEL BUILDER SUMMARY
======================================================================
Network:      US-101-N-DonaldDoyle
Segments:     7
Lanes:        4
Junctions:    8
Ramps:        2
Sensors:      5
Mode:         PeMS Data-Driven
Car-Following: IDM
ODE Solver:   Ballistic
Vmax:         35.0 m/s
======================================================================
Skipping Source actor due to time limit at clock = 43201.00125327633
Skipping Source actor due to time limit at clock = 43210.6788297557
-----------------------------
| Model.cleanup in progress |
-----------------------------
cleanup: agenda
cleanup: wait queues
coroutine counts = (12787998,12787142,12786712)
[ModelOptimizer] Fitness: 2.7064 | Elapsed: 93.18 sec
[ModelOptimizer] Evaluating parameters: VectorD(2.00000,	6.00000,	-1.00000,	1.00000,	1.50000)

======================================================================
TRAFFIC MODEL BUILDER SUMMARY
======================================================================
Network:      US-101-N-DonaldDoyle
Segments:     7
Lanes:        4
Junctions:    8
Ramps:        2
Sensors:      5
Mode:         PeMS Data-Driven
Car-Following: IDM
ODE Solver:   Ballistic
Vmax:         35.0 m/s
======================================================================
Skipping Source actor due to time limit at clock = 43201.00125327633
Skipping Source actor due to time limit at clock = 43210.6788297557
-----------------------------
| Model.cleanup in progress |
-----------------------------
cleanup: agenda
cleanup: wait queues
coroutine counts = (12847755,12846895,12846463)
[ModelOptimizer] Fitness: 2.4195 | Elapsed: 32.64 sec
[ModelOptimizer] Evaluating parameters: VectorD(2.00000,	1.50000,	-1.00000,	3.79340,	1.50000)

======================================================================
TRAFFIC MODEL BUILDER SUMMARY
======================================================================
Network:      US-101-N-DonaldDoyle
Segments:     7
Lanes:        4
Junctions:    8
Ramps:        2
Sensors:      5
Mode:         PeMS Data-Driven
Car-Following: IDM
ODE Solver:   Ballistic
Vmax:         35.0 m/s
======================================================================
Skipping Source actor due to time limit at clock = 43201.00125327633
Skipping Source actor due to time limit at clock = 43210.6788297557
-----------------------------
| Model.cleanup in progress |
-----------------------------
cleanup: agenda
cleanup: wait queues
coroutine counts = (12907512,12906648,12906214)
[ModelOptimizer] Fitness: 3.2487 | Elapsed: 34.81 sec
[ModelOptimizer] Evaluating parameters: VectorD(2.00000,	5.20798,	-1.00000,	1.00000,	1.50000)

======================================================================
TRAFFIC MODEL BUILDER SUMMARY
======================================================================
Network:      US-101-N-DonaldDoyle
Segments:     7
Lanes:        4
Junctions:    8
Ramps:        2
Sensors:      5
Mode:         PeMS Data-Driven
Car-Following: IDM
ODE Solver:   Ballistic
Vmax:         35.0 m/s
======================================================================
Skipping Source actor due to time limit at clock = 43201.00125327633
Skipping Source actor due to time limit at clock = 43210.6788297557
-----------------------------
| Model.cleanup in progress |
-----------------------------
cleanup: agenda
cleanup: wait queues
coroutine counts = (12967269,12966401,12965965)
[ModelOptimizer] Fitness: 2.4185 | Elapsed: 32.31 sec
[ModelOptimizer] Evaluating parameters: VectorD(4.08795,	6.00000,	-1.00000,	1.00000,	1.50000)

======================================================================
TRAFFIC MODEL BUILDER SUMMARY
======================================================================
Network:      US-101-N-DonaldDoyle
Segments:     7
Lanes:        4
Junctions:    8
Ramps:        2
Sensors:      5
Mode:         PeMS Data-Driven
Car-Following: IDM
ODE Solver:   Ballistic
Vmax:         35.0 m/s
======================================================================
Skipping Source actor due to time limit at clock = 43201.00125327633
Skipping Source actor due to time limit at clock = 43210.6788297557
-----------------------------
| Model.cleanup in progress |
-----------------------------
cleanup: agenda
cleanup: wait queues
coroutine counts = (13027026,13026154,13025716)
[ModelOptimizer] Fitness: 2.4940 | Elapsed: 33.03 sec
[ModelOptimizer] Evaluating parameters: VectorD(2.00000,	4.14744,	-1.00000,	1.00000,	1.50000)

======================================================================
TRAFFIC MODEL BUILDER SUMMARY
======================================================================
Network:      US-101-N-DonaldDoyle
Segments:     7
Lanes:        4
Junctions:    8
Ramps:        2
Sensors:      5
Mode:         PeMS Data-Driven
Car-Following: IDM
ODE Solver:   Ballistic
Vmax:         35.0 m/s
======================================================================
Skipping Source actor due to time limit at clock = 43201.00125327633
Skipping Source actor due to time limit at clock = 43210.6788297557
-----------------------------
| Model.cleanup in progress |
-----------------------------
cleanup: agenda
cleanup: wait queues
coroutine counts = (13086783,13085907,13085467)
[ModelOptimizer] Fitness: 2.4295 | Elapsed: 33.04 sec
[ModelOptimizer] Evaluating parameters: VectorD(7.81366,	6.00000,	-1.00000,	4.97447,	1.50000)

======================================================================
TRAFFIC MODEL BUILDER SUMMARY
======================================================================
Network:      US-101-N-DonaldDoyle
Segments:     7
Lanes:        4
Junctions:    8
Ramps:        2
Sensors:      5
Mode:         PeMS Data-Driven
Car-Following: IDM
ODE Solver:   Ballistic
Vmax:         35.0 m/s
======================================================================
Skipping Source actor due to time limit at clock = 43201.00125327633
Skipping Source actor due to time limit at clock = 43210.6788297557
-----------------------------
| Model.cleanup in progress |
-----------------------------
cleanup: agenda
cleanup: wait queues
coroutine counts = (13146540,13145660,13145218)
[ModelOptimizer] Fitness: 3.0141 | Elapsed: 34.96 sec
[ModelOptimizer] Evaluating parameters: VectorD(2.00000,	2.66437,	-1.00000,	3.36349,	1.50000)

======================================================================
TRAFFIC MODEL BUILDER SUMMARY
======================================================================
Network:      US-101-N-DonaldDoyle
Segments:     7
Lanes:        4
Junctions:    8
Ramps:        2
Sensors:      5
Mode:         PeMS Data-Driven
Car-Following: IDM
ODE Solver:   Ballistic
Vmax:         35.0 m/s
======================================================================
Skipping Source actor due to time limit at clock = 43201.00125327633
Skipping Source actor due to time limit at clock = 43210.6788297557
-----------------------------
| Model.cleanup in progress |
-----------------------------
cleanup: agenda
cleanup: wait queues
coroutine counts = (13206297,13205413,13204969)
[ModelOptimizer] Fitness: 3.0323 | Elapsed: 34.54 sec
[ModelOptimizer] Evaluating parameters: VectorD(7.81366,	6.00000,	-1.00000,	4.97447,	1.50000)

======================================================================
TRAFFIC MODEL BUILDER SUMMARY
======================================================================
Network:      US-101-N-DonaldDoyle
Segments:     7
Lanes:        4
Junctions:    8
Ramps:        2
Sensors:      5
Mode:         PeMS Data-Driven
Car-Following: IDM
ODE Solver:   Ballistic
Vmax:         35.0 m/s
======================================================================
Skipping Source actor due to time limit at clock = 43201.00125327633
Skipping Source actor due to time limit at clock = 43210.6788297557
-----------------------------
| Model.cleanup in progress |
-----------------------------
cleanup: agenda
cleanup: wait queues
coroutine counts = (13266054,13265166,13264720)
[ModelOptimizer] Fitness: 3.0141 | Elapsed: 35.98 sec
[ModelOptimizer] Evaluating parameters: VectorD(2.00000,	2.48156,	-1.00000,	1.00000,	1.50000)

======================================================================
TRAFFIC MODEL BUILDER SUMMARY
======================================================================
Network:      US-101-N-DonaldDoyle
Segments:     7
Lanes:        4
Junctions:    8
Ramps:        2
Sensors:      5
Mode:         PeMS Data-Driven
Car-Following: IDM
ODE Solver:   Ballistic
Vmax:         35.0 m/s
======================================================================
Skipping Source actor due to time limit at clock = 43201.00125327633
Skipping Source actor due to time limit at clock = 43210.6788297557
-----------------------------
| Model.cleanup in progress |
-----------------------------
cleanup: agenda
cleanup: wait queues
coroutine counts = (13325811,13324919,13324471)
[ModelOptimizer] Fitness: 2.5629 | Elapsed: 32.92 sec
[ModelOptimizer] Evaluating parameters: VectorD(3.45600,	4.69162,	-1.00000,	1.00000,	1.50000)

======================================================================
TRAFFIC MODEL BUILDER SUMMARY
======================================================================
Network:      US-101-N-DonaldDoyle
Segments:     7
Lanes:        4
Junctions:    8
Ramps:        2
Sensors:      5
Mode:         PeMS Data-Driven
Car-Following: IDM
ODE Solver:   Ballistic
Vmax:         35.0 m/s
======================================================================
Skipping Source actor due to time limit at clock = 43201.00125327633
Skipping Source actor due to time limit at clock = 43210.6788297557
-----------------------------
| Model.cleanup in progress |
-----------------------------
cleanup: agenda
cleanup: wait queues
coroutine counts = (13385568,13384672,13384222)
[ModelOptimizer] Fitness: 2.4688 | Elapsed: 32.30 sec
[ModelOptimizer] Evaluating parameters: VectorD(2.00000,	5.63122,	-1.00000,	1.00000,	1.50000)

======================================================================
TRAFFIC MODEL BUILDER SUMMARY
======================================================================
Network:      US-101-N-DonaldDoyle
Segments:     7
Lanes:        4
Junctions:    8
Ramps:        2
Sensors:      5
Mode:         PeMS Data-Driven
Car-Following: IDM
ODE Solver:   Ballistic
Vmax:         35.0 m/s
======================================================================
Skipping Source actor due to time limit at clock = 43201.00125327633
Skipping Source actor due to time limit at clock = 43210.6788297557
-----------------------------
| Model.cleanup in progress |
-----------------------------
cleanup: agenda
cleanup: wait queues
coroutine counts = (13445325,13444425,13443973)
[ModelOptimizer] Fitness: 2.4199 | Elapsed: 32.28 sec
[ModelOptimizer] Evaluating parameters: VectorD(2.00000,	6.00000,	-1.00000,	1.00000,	1.50000)

======================================================================
TRAFFIC MODEL BUILDER SUMMARY
======================================================================
Network:      US-101-N-DonaldDoyle
Segments:     7
Lanes:        4
Junctions:    8
Ramps:        2
Sensors:      5
Mode:         PeMS Data-Driven
Car-Following: IDM
ODE Solver:   Ballistic
Vmax:         35.0 m/s
======================================================================
Skipping Source actor due to time limit at clock = 43201.00125327633
Skipping Source actor due to time limit at clock = 43210.6788297557
-----------------------------
| Model.cleanup in progress |
-----------------------------
cleanup: agenda
cleanup: wait queues
coroutine counts = (13505082,13504178,13503724)
[ModelOptimizer] Fitness: 2.4195 | Elapsed: 32.24 sec
[ModelOptimizer] Evaluating parameters: VectorD(2.00000,	4.36181,	-1.00000,	1.00000,	1.50000)

======================================================================
TRAFFIC MODEL BUILDER SUMMARY
======================================================================
Network:      US-101-N-DonaldDoyle
Segments:     7
Lanes:        4
Junctions:    8
Ramps:        2
Sensors:      5
Mode:         PeMS Data-Driven
Car-Following: IDM
ODE Solver:   Ballistic
Vmax:         35.0 m/s
======================================================================
Skipping Source actor due to time limit at clock = 43201.00125327633
Skipping Source actor due to time limit at clock = 43210.6788297557
-----------------------------
| Model.cleanup in progress |
-----------------------------
cleanup: agenda
cleanup: wait queues
coroutine counts = (13564839,13563931,13563475)
[ModelOptimizer] Fitness: 2.4246 | Elapsed: 32.35 sec
[ModelOptimizer] Evaluating parameters: VectorD(2.00000,	4.36181,	-1.00000,	1.00000,	1.50000)

======================================================================
TRAFFIC MODEL BUILDER SUMMARY
======================================================================
Network:      US-101-N-DonaldDoyle
Segments:     7
Lanes:        4
Junctions:    8
Ramps:        2
Sensors:      5
Mode:         PeMS Data-Driven
Car-Following: IDM
ODE Solver:   Ballistic
Vmax:         35.0 m/s
======================================================================
Skipping Source actor due to time limit at clock = 43201.00125327633
Skipping Source actor due to time limit at clock = 43210.6788297557
-----------------------------
| Model.cleanup in progress |
-----------------------------
cleanup: agenda
cleanup: wait queues
coroutine counts = (13624596,13623684,13623226)
[ModelOptimizer] Fitness: 2.4246 | Elapsed: 32.72 sec
[ModelOptimizer] Evaluating parameters: VectorD(2.00000,	2.24200,	-1.00000,	1.00000,	1.50000)

======================================================================
TRAFFIC MODEL BUILDER SUMMARY
======================================================================
Network:      US-101-N-DonaldDoyle
Segments:     7
Lanes:        4
Junctions:    8
Ramps:        2
Sensors:      5
Mode:         PeMS Data-Driven
Car-Following: IDM
ODE Solver:   Ballistic
Vmax:         35.0 m/s
======================================================================
Skipping Source actor due to time limit at clock = 43201.00125327633
Skipping Source actor due to time limit at clock = 43210.6788297557
-----------------------------
| Model.cleanup in progress |
-----------------------------
cleanup: agenda
cleanup: wait queues
coroutine counts = (13684353,13683437,13682977)
[ModelOptimizer] Fitness: 2.5982 | Elapsed: 32.81 sec
[ModelOptimizer] Evaluating parameters: VectorD(2.00000,	6.00000,	-1.00000,	1.00000,	1.50000)

======================================================================
TRAFFIC MODEL BUILDER SUMMARY
======================================================================
Network:      US-101-N-DonaldDoyle
Segments:     7
Lanes:        4
Junctions:    8
Ramps:        2
Sensors:      5
Mode:         PeMS Data-Driven
Car-Following: IDM
ODE Solver:   Ballistic
Vmax:         35.0 m/s
======================================================================
Skipping Source actor due to time limit at clock = 43201.00125327633
Skipping Source actor due to time limit at clock = 43210.6788297557
-----------------------------
| Model.cleanup in progress |
-----------------------------
cleanup: agenda
cleanup: wait queues
coroutine counts = (13744110,13743190,13742728)
[ModelOptimizer] Fitness: 2.4195 | Elapsed: 32.58 sec
[ModelOptimizer] Evaluating parameters: VectorD(2.00000,	6.00000,	-1.37537,	1.00000,	1.50000)

======================================================================
TRAFFIC MODEL BUILDER SUMMARY
======================================================================
Network:      US-101-N-DonaldDoyle
Segments:     7
Lanes:        4
Junctions:    8
Ramps:        2
Sensors:      5
Mode:         PeMS Data-Driven
Car-Following: IDM
ODE Solver:   Ballistic
Vmax:         35.0 m/s
======================================================================
Skipping Source actor due to time limit at clock = 43201.00125327633
Skipping Source actor due to time limit at clock = 43210.6788297557
-----------------------------
| Model.cleanup in progress |
-----------------------------
cleanup: agenda
cleanup: wait queues
coroutine counts = (13803867,13802943,13802479)
[ModelOptimizer] Fitness: 2.6133 | Elapsed: 32.38 sec
[ModelOptimizer] Evaluating parameters: VectorD(2.00000,	5.33414,	-1.00000,	1.00000,	1.50000)

======================================================================
TRAFFIC MODEL BUILDER SUMMARY
======================================================================
Network:      US-101-N-DonaldDoyle
Segments:     7
Lanes:        4
Junctions:    8
Ramps:        2
Sensors:      5
Mode:         PeMS Data-Driven
Car-Following: IDM
ODE Solver:   Ballistic
Vmax:         35.0 m/s
======================================================================
Skipping Source actor due to time limit at clock = 43201.00125327633
Skipping Source actor due to time limit at clock = 43210.6788297557
-----------------------------
| Model.cleanup in progress |
-----------------------------
cleanup: agenda
cleanup: wait queues
coroutine counts = (13863624,13862696,13862230)
[ModelOptimizer] Fitness: 2.4166 | Elapsed: 32.22 sec
[ModelOptimizer] Evaluating parameters: VectorD(2.00000,	6.00000,	-1.00000,	5.00000,	1.50000)

======================================================================
TRAFFIC MODEL BUILDER SUMMARY
======================================================================
Network:      US-101-N-DonaldDoyle
Segments:     7
Lanes:        4
Junctions:    8
Ramps:        2
Sensors:      5
Mode:         PeMS Data-Driven
Car-Following: IDM
ODE Solver:   Ballistic
Vmax:         35.0 m/s
======================================================================
Skipping Source actor due to time limit at clock = 43201.00125327633
Skipping Source actor due to time limit at clock = 43210.6788297557
-----------------------------
| Model.cleanup in progress |
-----------------------------
cleanup: agenda
cleanup: wait queues
coroutine counts = (13923381,13922449,13921981)
[ModelOptimizer] Fitness: 3.2769 | Elapsed: 36.21 sec
[ModelOptimizer] Evaluating parameters: VectorD(2.29815,	5.59512,	-1.00000,	1.00000,	1.50000)

======================================================================
TRAFFIC MODEL BUILDER SUMMARY
======================================================================
Network:      US-101-N-DonaldDoyle
Segments:     7
Lanes:        4
Junctions:    8
Ramps:        2
Sensors:      5
Mode:         PeMS Data-Driven
Car-Following: IDM
ODE Solver:   Ballistic
Vmax:         35.0 m/s
======================================================================
Skipping Source actor due to time limit at clock = 43201.00125327633
Skipping Source actor due to time limit at clock = 43210.6788297557
-----------------------------
| Model.cleanup in progress |
-----------------------------
cleanup: agenda
cleanup: wait queues
coroutine counts = (13983138,13982202,13981732)
[ModelOptimizer] Fitness: 2.4297 | Elapsed: 32.82 sec
[ModelOptimizer] Evaluating parameters: VectorD(6.22326,	6.00000,	-1.00000,	1.00000,	0.300000)

======================================================================
TRAFFIC MODEL BUILDER SUMMARY
======================================================================
Network:      US-101-N-DonaldDoyle
Segments:     7
Lanes:        4
Junctions:    8
Ramps:        2
Sensors:      5
Mode:         PeMS Data-Driven
Car-Following: IDM
ODE Solver:   Ballistic
Vmax:         35.0 m/s
======================================================================
Skipping Source actor due to time limit at clock = 43201.00125327633
Skipping Source actor due to time limit at clock = 43210.6788297557
-----------------------------
| Model.cleanup in progress |
-----------------------------
cleanup: agenda
cleanup: wait queues
coroutine counts = (14042895,14041955,14041483)
[ModelOptimizer] Fitness: 3.0225 | Elapsed: 99.78 sec
[ModelOptimizer] Evaluating parameters: VectorD(6.22326,	6.00000,	-1.00000,	5.00000,	1.50000)

======================================================================
TRAFFIC MODEL BUILDER SUMMARY
======================================================================
Network:      US-101-N-DonaldDoyle
Segments:     7
Lanes:        4
Junctions:    8
Ramps:        2
Sensors:      5
Mode:         PeMS Data-Driven
Car-Following: IDM
ODE Solver:   Ballistic
Vmax:         35.0 m/s
======================================================================
Skipping Source actor due to time limit at clock = 43201.00125327633
Skipping Source actor due to time limit at clock = 43210.6788297557
-----------------------------
| Model.cleanup in progress |
-----------------------------
cleanup: agenda
cleanup: wait queues
coroutine counts = (14102652,14101708,14101234)
[ModelOptimizer] Fitness: 3.0215 | Elapsed: 36.65 sec
[ModelOptimizer] Evaluating parameters: VectorD(2.00000,	4.35622,	-1.00000,	1.00000,	1.50000)

======================================================================
TRAFFIC MODEL BUILDER SUMMARY
======================================================================
Network:      US-101-N-DonaldDoyle
Segments:     7
Lanes:        4
Junctions:    8
Ramps:        2
Sensors:      5
Mode:         PeMS Data-Driven
Car-Following: IDM
ODE Solver:   Ballistic
Vmax:         35.0 m/s
======================================================================
Skipping Source actor due to time limit at clock = 43201.00125327633
Skipping Source actor due to time limit at clock = 43210.6788297557
-----------------------------
| Model.cleanup in progress |
-----------------------------
cleanup: agenda
cleanup: wait queues
coroutine counts = (14162409,14161461,14160985)
[ModelOptimizer] Fitness: 2.4242 | Elapsed: 33.95 sec
[ModelOptimizer] Evaluating parameters: VectorD(2.00000,	4.04391,	-1.00000,	1.00000,	1.50000)

======================================================================
TRAFFIC MODEL BUILDER SUMMARY
======================================================================
Network:      US-101-N-DonaldDoyle
Segments:     7
Lanes:        4
Junctions:    8
Ramps:        2
Sensors:      5
Mode:         PeMS Data-Driven
Car-Following: IDM
ODE Solver:   Ballistic
Vmax:         35.0 m/s
======================================================================
Skipping Source actor due to time limit at clock = 43201.00125327633
Skipping Source actor due to time limit at clock = 43210.6788297557
-----------------------------
| Model.cleanup in progress |
-----------------------------
cleanup: agenda
cleanup: wait queues
coroutine counts = (14222166,14221214,14220736)
[ModelOptimizer] Fitness: 2.4294 | Elapsed: 34.14 sec
[ModelOptimizer] Evaluating parameters: VectorD(2.00000,	4.35622,	-1.00000,	1.00000,	1.50000)

======================================================================
TRAFFIC MODEL BUILDER SUMMARY
======================================================================
Network:      US-101-N-DonaldDoyle
Segments:     7
Lanes:        4
Junctions:    8
Ramps:        2
Sensors:      5
Mode:         PeMS Data-Driven
Car-Following: IDM
ODE Solver:   Ballistic
Vmax:         35.0 m/s
======================================================================
Skipping Source actor due to time limit at clock = 43201.00125327633
Skipping Source actor due to time limit at clock = 43210.6788297557
-----------------------------
| Model.cleanup in progress |
-----------------------------
cleanup: agenda
cleanup: wait queues
coroutine counts = (14281923,14280967,14280487)
[ModelOptimizer] Fitness: 2.4242 | Elapsed: 33.90 sec
[ModelOptimizer] Evaluating parameters: VectorD(2.00000,	6.00000,	-1.00000,	1.00000,	1.50000)

======================================================================
TRAFFIC MODEL BUILDER SUMMARY
======================================================================
Network:      US-101-N-DonaldDoyle
Segments:     7
Lanes:        4
Junctions:    8
Ramps:        2
Sensors:      5
Mode:         PeMS Data-Driven
Car-Following: IDM
ODE Solver:   Ballistic
Vmax:         35.0 m/s
======================================================================
Skipping Source actor due to time limit at clock = 43201.00125327633
Skipping Source actor due to time limit at clock = 43210.6788297557
-----------------------------
| Model.cleanup in progress |
-----------------------------
cleanup: agenda
cleanup: wait queues
coroutine counts = (14341680,14340720,14340238)
[ModelOptimizer] Fitness: 2.4195 | Elapsed: 33.75 sec
[ModelOptimizer] Evaluating parameters: VectorD(2.00000,	6.00000,	-1.00000,	1.00000,	0.300000)

======================================================================
TRAFFIC MODEL BUILDER SUMMARY
======================================================================
Network:      US-101-N-DonaldDoyle
Segments:     7
Lanes:        4
Junctions:    8
Ramps:        2
Sensors:      5
Mode:         PeMS Data-Driven
Car-Following: IDM
ODE Solver:   Ballistic
Vmax:         35.0 m/s
======================================================================
Skipping Source actor due to time limit at clock = 43201.00125327633
Skipping Source actor due to time limit at clock = 43210.6788297557
-----------------------------
| Model.cleanup in progress |
-----------------------------
cleanup: agenda
cleanup: wait queues
coroutine counts = (14401437,14400473,14399989)
[ModelOptimizer] Fitness: 2.6943 | Elapsed: 93.49 sec
[ModelOptimizer] Evaluating parameters: VectorD(2.00000,	6.00000,	-1.00000,	1.00000,	1.50000)

======================================================================
TRAFFIC MODEL BUILDER SUMMARY
======================================================================
Network:      US-101-N-DonaldDoyle
Segments:     7
Lanes:        4
Junctions:    8
Ramps:        2
Sensors:      5
Mode:         PeMS Data-Driven
Car-Following: IDM
ODE Solver:   Ballistic
Vmax:         35.0 m/s
======================================================================
Skipping Source actor due to time limit at clock = 43201.00125327633
Skipping Source actor due to time limit at clock = 43210.6788297557
-----------------------------
| Model.cleanup in progress |
-----------------------------
cleanup: agenda
cleanup: wait queues
coroutine counts = (14461194,14460226,14459740)
[ModelOptimizer] Fitness: 2.4195 | Elapsed: 32.63 sec
[ModelOptimizer] Evaluating parameters: VectorD(2.00000,	6.00000,	-1.00000,	1.00000,	1.50000)

======================================================================
TRAFFIC MODEL BUILDER SUMMARY
======================================================================
Network:      US-101-N-DonaldDoyle
Segments:     7
Lanes:        4
Junctions:    8
Ramps:        2
Sensors:      5
Mode:         PeMS Data-Driven
Car-Following: IDM
ODE Solver:   Ballistic
Vmax:         35.0 m/s
======================================================================
Skipping Source actor due to time limit at clock = 43201.00125327633
Skipping Source actor due to time limit at clock = 43210.6788297557
-----------------------------
| Model.cleanup in progress |
-----------------------------
cleanup: agenda
cleanup: wait queues
coroutine counts = (14520951,14519979,14519491)
[ModelOptimizer] Fitness: 2.4195 | Elapsed: 32.38 sec
[ModelOptimizer] Evaluating parameters: VectorD(2.00000,	6.00000,	-1.00000,	1.00000,	1.50000)

======================================================================
TRAFFIC MODEL BUILDER SUMMARY
======================================================================
Network:      US-101-N-DonaldDoyle
Segments:     7
Lanes:        4
Junctions:    8
Ramps:        2
Sensors:      5
Mode:         PeMS Data-Driven
Car-Following: IDM
ODE Solver:   Ballistic
Vmax:         35.0 m/s
======================================================================
Skipping Source actor due to time limit at clock = 43201.00125327633
Skipping Source actor due to time limit at clock = 43210.6788297557
-----------------------------
| Model.cleanup in progress |
-----------------------------
cleanup: agenda
cleanup: wait queues
coroutine counts = (14580708,14579732,14579242)
[ModelOptimizer] Fitness: 2.4195 | Elapsed: 32.29 sec
[ModelOptimizer] Evaluating parameters: VectorD(3.75450,	4.43012,	-1.00000,	1.00000,	0.300000)

======================================================================
TRAFFIC MODEL BUILDER SUMMARY
======================================================================
Network:      US-101-N-DonaldDoyle
Segments:     7
Lanes:        4
Junctions:    8
Ramps:        2
Sensors:      5
Mode:         PeMS Data-Driven
Car-Following: IDM
ODE Solver:   Ballistic
Vmax:         35.0 m/s
======================================================================
Skipping Source actor due to time limit at clock = 43201.00125327633
Skipping Source actor due to time limit at clock = 43210.6788297557
-----------------------------
| Model.cleanup in progress |
-----------------------------
cleanup: agenda
cleanup: wait queues
coroutine counts = (14640465,14639485,14638993)
[ModelOptimizer] Fitness: 2.9232 | Elapsed: 93.44 sec
[ModelOptimizer] Evaluating parameters: VectorD(2.00000,	5.89852,	-1.00000,	1.00000,	0.300000)

======================================================================
TRAFFIC MODEL BUILDER SUMMARY
======================================================================
Network:      US-101-N-DonaldDoyle
Segments:     7
Lanes:        4
Junctions:    8
Ramps:        2
Sensors:      5
Mode:         PeMS Data-Driven
Car-Following: IDM
ODE Solver:   Ballistic
Vmax:         35.0 m/s
======================================================================
Skipping Source actor due to time limit at clock = 43201.00125327633
Skipping Source actor due to time limit at clock = 43210.6788297557
-----------------------------
| Model.cleanup in progress |
-----------------------------
cleanup: agenda
cleanup: wait queues
coroutine counts = (14700222,14699238,14698744)
[ModelOptimizer] Fitness: 2.6954 | Elapsed: 92.64 sec
[ModelOptimizer] Evaluating parameters: VectorD(2.00000,	6.00000,	-1.00000,	1.00000,	1.50000)

======================================================================
TRAFFIC MODEL BUILDER SUMMARY
======================================================================
Network:      US-101-N-DonaldDoyle
Segments:     7
Lanes:        4
Junctions:    8
Ramps:        2
Sensors:      5
Mode:         PeMS Data-Driven
Car-Following: IDM
ODE Solver:   Ballistic
Vmax:         35.0 m/s
======================================================================
Skipping Source actor due to time limit at clock = 43201.00125327633
Skipping Source actor due to time limit at clock = 43210.6788297557
-----------------------------
| Model.cleanup in progress |
-----------------------------
cleanup: agenda
cleanup: wait queues
coroutine counts = (14759979,14758991,14758495)
[ModelOptimizer] Fitness: 2.4195 | Elapsed: 32.00 sec
[ModelOptimizer] Evaluating parameters: VectorD(3.16167,	6.00000,	-1.00000,	1.00000,	1.50000)

======================================================================
TRAFFIC MODEL BUILDER SUMMARY
======================================================================
Network:      US-101-N-DonaldDoyle
Segments:     7
Lanes:        4
Junctions:    8
Ramps:        2
Sensors:      5
Mode:         PeMS Data-Driven
Car-Following: IDM
ODE Solver:   Ballistic
Vmax:         35.0 m/s
======================================================================
Skipping Source actor due to time limit at clock = 43201.00125327633
Skipping Source actor due to time limit at clock = 43210.6788297557
-----------------------------
| Model.cleanup in progress |
-----------------------------
cleanup: agenda
cleanup: wait queues
coroutine counts = (14819736,14818744,14818246)
[ModelOptimizer] Fitness: 2.4638 | Elapsed: 32.53 sec
[ModelOptimizer] Evaluating parameters: VectorD(2.00000,	6.00000,	-1.00000,	1.00000,	1.50000)

======================================================================
TRAFFIC MODEL BUILDER SUMMARY
======================================================================
Network:      US-101-N-DonaldDoyle
Segments:     7
Lanes:        4
Junctions:    8
Ramps:        2
Sensors:      5
Mode:         PeMS Data-Driven
Car-Following: IDM
ODE Solver:   Ballistic
Vmax:         35.0 m/s
======================================================================
Skipping Source actor due to time limit at clock = 43201.00125327633
Skipping Source actor due to time limit at clock = 43210.6788297557
-----------------------------
| Model.cleanup in progress |
-----------------------------
cleanup: agenda
cleanup: wait queues
coroutine counts = (14879493,14878497,14877997)
[ModelOptimizer] Fitness: 2.4195 | Elapsed: 32.40 sec
[ModelOptimizer] Evaluating parameters: VectorD(2.00000,	6.00000,	-1.00000,	1.00000,	1.50000)

======================================================================
TRAFFIC MODEL BUILDER SUMMARY
======================================================================
Network:      US-101-N-DonaldDoyle
Segments:     7
Lanes:        4
Junctions:    8
Ramps:        2
Sensors:      5
Mode:         PeMS Data-Driven
Car-Following: IDM
ODE Solver:   Ballistic
Vmax:         35.0 m/s
======================================================================
Skipping Source actor due to time limit at clock = 43201.00125327633
Skipping Source actor due to time limit at clock = 43210.6788297557
-----------------------------
| Model.cleanup in progress |
-----------------------------
cleanup: agenda
cleanup: wait queues
coroutine counts = (14939250,14938250,14937748)
[ModelOptimizer] Fitness: 2.4195 | Elapsed: 32.32 sec
[ModelOptimizer] Evaluating parameters: VectorD(2.00000,	6.00000,	-1.00000,	1.00000,	1.50000)

======================================================================
TRAFFIC MODEL BUILDER SUMMARY
======================================================================
Network:      US-101-N-DonaldDoyle
Segments:     7
Lanes:        4
Junctions:    8
Ramps:        2
Sensors:      5
Mode:         PeMS Data-Driven
Car-Following: IDM
ODE Solver:   Ballistic
Vmax:         35.0 m/s
======================================================================
Skipping Source actor due to time limit at clock = 43201.00125327633
Skipping Source actor due to time limit at clock = 43210.6788297557
-----------------------------
| Model.cleanup in progress |
-----------------------------
cleanup: agenda
cleanup: wait queues
coroutine counts = (14999007,14998003,14997499)
[ModelOptimizer] Fitness: 2.4195 | Elapsed: 32.36 sec
[ModelOptimizer] Evaluating parameters: VectorD(2.00000,	3.46785,	-1.00000,	1.00000,	1.50000)

======================================================================
TRAFFIC MODEL BUILDER SUMMARY
======================================================================
Network:      US-101-N-DonaldDoyle
Segments:     7
Lanes:        4
Junctions:    8
Ramps:        2
Sensors:      5
Mode:         PeMS Data-Driven
Car-Following: IDM
ODE Solver:   Ballistic
Vmax:         35.0 m/s
======================================================================
Skipping Source actor due to time limit at clock = 43201.00125327633
Skipping Source actor due to time limit at clock = 43210.6788297557
-----------------------------
| Model.cleanup in progress |
-----------------------------
cleanup: agenda
cleanup: wait queues
coroutine counts = (15058764,15057756,15057250)
[ModelOptimizer] Fitness: 2.4503 | Elapsed: 32.27 sec
[ModelOptimizer] Evaluating parameters: VectorD(2.00000,	6.00000,	-1.00000,	1.00000,	1.50000)

======================================================================
TRAFFIC MODEL BUILDER SUMMARY
======================================================================
Network:      US-101-N-DonaldDoyle
Segments:     7
Lanes:        4
Junctions:    8
Ramps:        2
Sensors:      5
Mode:         PeMS Data-Driven
Car-Following: IDM
ODE Solver:   Ballistic
Vmax:         35.0 m/s
======================================================================
Skipping Source actor due to time limit at clock = 43201.00125327633
Skipping Source actor due to time limit at clock = 43210.6788297557
-----------------------------
| Model.cleanup in progress |
-----------------------------
cleanup: agenda
cleanup: wait queues
coroutine counts = (15118521,15117509,15117001)
[ModelOptimizer] Fitness: 2.4195 | Elapsed: 32.24 sec
[ModelOptimizer] Evaluating parameters: VectorD(2.00000,	6.00000,	-1.00000,	1.00000,	1.50000)

======================================================================
TRAFFIC MODEL BUILDER SUMMARY
======================================================================
Network:      US-101-N-DonaldDoyle
Segments:     7
Lanes:        4
Junctions:    8
Ramps:        2
Sensors:      5
Mode:         PeMS Data-Driven
Car-Following: IDM
ODE Solver:   Ballistic
Vmax:         35.0 m/s
======================================================================
Skipping Source actor due to time limit at clock = 43201.00125327633
Skipping Source actor due to time limit at clock = 43210.6788297557
-----------------------------
| Model.cleanup in progress |
-----------------------------
cleanup: agenda
cleanup: wait queues
coroutine counts = (15178278,15177262,15176752)
[ModelOptimizer] Fitness: 2.4195 | Elapsed: 32.17 sec
[ModelOptimizer] Evaluating parameters: VectorD(2.00000,	5.40278,	-1.00000,	1.00000,	1.50000)

======================================================================
TRAFFIC MODEL BUILDER SUMMARY
======================================================================
Network:      US-101-N-DonaldDoyle
Segments:     7
Lanes:        4
Junctions:    8
Ramps:        2
Sensors:      5
Mode:         PeMS Data-Driven
Car-Following: IDM
ODE Solver:   Ballistic
Vmax:         35.0 m/s
======================================================================
Skipping Source actor due to time limit at clock = 43201.00125327633
Skipping Source actor due to time limit at clock = 43210.6788297557
-----------------------------
| Model.cleanup in progress |
-----------------------------
cleanup: agenda
cleanup: wait queues
coroutine counts = (15238035,15237015,15236503)
[ModelOptimizer] Fitness: 2.4182 | Elapsed: 31.81 sec
       5 |      2.41662721 |      2.41662721 |      10.0% ✓
[ModelOptimizer] Evaluating parameters: VectorD(3.41887,	4.57060,	-1.00000,	1.00000,	0.300000)

======================================================================
TRAFFIC MODEL BUILDER SUMMARY
======================================================================
Network:      US-101-N-DonaldDoyle
Segments:     7
Lanes:        4
Junctions:    8
Ramps:        2
Sensors:      5
Mode:         PeMS Data-Driven
Car-Following: IDM
ODE Solver:   Ballistic
Vmax:         35.0 m/s
======================================================================
Skipping Source actor due to time limit at clock = 43201.00125327633
Skipping Source actor due to time limit at clock = 43210.6788297557
-----------------------------
| Model.cleanup in progress |
-----------------------------
cleanup: agenda
cleanup: wait queues
coroutine counts = (15297792,15296768,15296254)
[ModelOptimizer] Fitness: 2.8845 | Elapsed: 92.90 sec
[ModelOptimizer] Evaluating parameters: VectorD(2.00000,	4.98465,	-1.00000,	1.00000,	1.50000)

======================================================================
TRAFFIC MODEL BUILDER SUMMARY
======================================================================
Network:      US-101-N-DonaldDoyle
Segments:     7
Lanes:        4
Junctions:    8
Ramps:        2
Sensors:      5
Mode:         PeMS Data-Driven
Car-Following: IDM
ODE Solver:   Ballistic
Vmax:         35.0 m/s
======================================================================
Skipping Source actor due to time limit at clock = 43201.00125327633
Skipping Source actor due to time limit at clock = 43210.6788297557
-----------------------------
| Model.cleanup in progress |
-----------------------------
cleanup: agenda
cleanup: wait queues
coroutine counts = (15357549,15356521,15356005)
[ModelOptimizer] Fitness: 2.4183 | Elapsed: 32.00 sec
[ModelOptimizer] Evaluating parameters: VectorD(2.00000,	5.09971,	-1.00000,	5.00000,	1.50000)

======================================================================
TRAFFIC MODEL BUILDER SUMMARY
======================================================================
Network:      US-101-N-DonaldDoyle
Segments:     7
Lanes:        4
Junctions:    8
Ramps:        2
Sensors:      5
Mode:         PeMS Data-Driven
Car-Following: IDM
ODE Solver:   Ballistic
Vmax:         35.0 m/s
======================================================================
Skipping Source actor due to time limit at clock = 43201.00125327633
Skipping Source actor due to time limit at clock = 43210.6788297557
-----------------------------
| Model.cleanup in progress |
-----------------------------
cleanup: agenda
cleanup: wait queues
coroutine counts = (15417306,15416274,15415756)
[ModelOptimizer] Fitness: 3.2375 | Elapsed: 35.66 sec
[ModelOptimizer] Evaluating parameters: VectorD(2.00000,	6.00000,	-1.00000,	1.00000,	1.50000)

======================================================================
TRAFFIC MODEL BUILDER SUMMARY
======================================================================
Network:      US-101-N-DonaldDoyle
Segments:     7
Lanes:        4
Junctions:    8
Ramps:        2
Sensors:      5
Mode:         PeMS Data-Driven
Car-Following: IDM
ODE Solver:   Ballistic
Vmax:         35.0 m/s
======================================================================
Skipping Source actor due to time limit at clock = 43201.00125327633
Skipping Source actor due to time limit at clock = 43210.6788297557
-----------------------------
| Model.cleanup in progress |
-----------------------------
cleanup: agenda
cleanup: wait queues
coroutine counts = (15477063,15476027,15475507)
[ModelOptimizer] Fitness: 2.4195 | Elapsed: 31.92 sec
[ModelOptimizer] Evaluating parameters: VectorD(2.00000,	6.00000,	-1.00000,	5.00000,	1.50000)

======================================================================
TRAFFIC MODEL BUILDER SUMMARY
======================================================================
Network:      US-101-N-DonaldDoyle
Segments:     7
Lanes:        4
Junctions:    8
Ramps:        2
Sensors:      5
Mode:         PeMS Data-Driven
Car-Following: IDM
ODE Solver:   Ballistic
Vmax:         35.0 m/s
======================================================================
Skipping Source actor due to time limit at clock = 43201.00125327633
Skipping Source actor due to time limit at clock = 43210.6788297557
-----------------------------
| Model.cleanup in progress |
-----------------------------
cleanup: agenda
cleanup: wait queues
coroutine counts = (15536820,15535780,15535258)
[ModelOptimizer] Fitness: 3.2769 | Elapsed: 35.81 sec
[ModelOptimizer] Evaluating parameters: VectorD(2.00000,	5.20798,	-1.00000,	1.00000,	1.50000)

======================================================================
TRAFFIC MODEL BUILDER SUMMARY
======================================================================
Network:      US-101-N-DonaldDoyle
Segments:     7
Lanes:        4
Junctions:    8
Ramps:        2
Sensors:      5
Mode:         PeMS Data-Driven
Car-Following: IDM
ODE Solver:   Ballistic
Vmax:         35.0 m/s
======================================================================
Skipping Source actor due to time limit at clock = 43201.00125327633
Skipping Source actor due to time limit at clock = 43210.6788297557
-----------------------------
| Model.cleanup in progress |
-----------------------------
cleanup: agenda
cleanup: wait queues
coroutine counts = (15596577,15595533,15595009)
[ModelOptimizer] Fitness: 2.4185 | Elapsed: 32.16 sec
[ModelOptimizer] Evaluating parameters: VectorD(4.70386,	3.86298,	-3.00000,	1.00000,	0.300000)

======================================================================
TRAFFIC MODEL BUILDER SUMMARY
======================================================================
Network:      US-101-N-DonaldDoyle
Segments:     7
Lanes:        4
Junctions:    8
Ramps:        2
Sensors:      5
Mode:         PeMS Data-Driven
Car-Following: IDM
ODE Solver:   Ballistic
Vmax:         35.0 m/s
======================================================================
Skipping Source actor due to time limit at clock = 43201.00125327633
Skipping Source actor due to time limit at clock = 43210.6788297557
-----------------------------
| Model.cleanup in progress |
-----------------------------
cleanup: agenda
cleanup: wait queues
coroutine counts = (15656334,15655286,15654760)
[ModelOptimizer] Fitness: 3.6434 | Elapsed: 108.36 sec
[ModelOptimizer] Evaluating parameters: VectorD(2.00000,	4.14744,	-1.00000,	1.00000,	1.50000)

======================================================================
TRAFFIC MODEL BUILDER SUMMARY
======================================================================
Network:      US-101-N-DonaldDoyle
Segments:     7
Lanes:        4
Junctions:    8
Ramps:        2
Sensors:      5
Mode:         PeMS Data-Driven
Car-Following: IDM
ODE Solver:   Ballistic
Vmax:         35.0 m/s
======================================================================
Skipping Source actor due to time limit at clock = 43201.00125327633
Skipping Source actor due to time limit at clock = 43210.6788297557
-----------------------------
| Model.cleanup in progress |
-----------------------------
cleanup: agenda
cleanup: wait queues
coroutine counts = (15716091,15715039,15714511)
[ModelOptimizer] Fitness: 2.4295 | Elapsed: 32.25 sec
[ModelOptimizer] Evaluating parameters: VectorD(2.00000,	5.60900,	-1.00000,	1.00000,	0.300000)

======================================================================
TRAFFIC MODEL BUILDER SUMMARY
======================================================================
Network:      US-101-N-DonaldDoyle
Segments:     7
Lanes:        4
Junctions:    8
Ramps:        2
Sensors:      5
Mode:         PeMS Data-Driven
Car-Following: IDM
ODE Solver:   Ballistic
Vmax:         35.0 m/s
======================================================================
Skipping Source actor due to time limit at clock = 43201.00125327633
Skipping Source actor due to time limit at clock = 43210.6788297557
-----------------------------
| Model.cleanup in progress |
-----------------------------
cleanup: agenda
cleanup: wait queues
coroutine counts = (15775848,15774792,15774262)
[ModelOptimizer] Fitness: 2.7049 | Elapsed: 92.90 sec
[ModelOptimizer] Evaluating parameters: VectorD(7.81366,	6.00000,	-1.00000,	4.97447,	1.50000)

======================================================================
TRAFFIC MODEL BUILDER SUMMARY
======================================================================
Network:      US-101-N-DonaldDoyle
Segments:     7
Lanes:        4
Junctions:    8
Ramps:        2
Sensors:      5
Mode:         PeMS Data-Driven
Car-Following: IDM
ODE Solver:   Ballistic
Vmax:         35.0 m/s
======================================================================
Skipping Source actor due to time limit at clock = 43201.00125327633
Skipping Source actor due to time limit at clock = 43210.6788297557
-----------------------------
| Model.cleanup in progress |
-----------------------------
cleanup: agenda
cleanup: wait queues
coroutine counts = (15835605,15834545,15834013)
[ModelOptimizer] Fitness: 3.0141 | Elapsed: 34.52 sec
[ModelOptimizer] Evaluating parameters: VectorD(2.00000,	5.60900,	-1.00000,	1.00000,	0.300000)

======================================================================
TRAFFIC MODEL BUILDER SUMMARY
======================================================================
Network:      US-101-N-DonaldDoyle
Segments:     7
Lanes:        4
Junctions:    8
Ramps:        2
Sensors:      5
Mode:         PeMS Data-Driven
Car-Following: IDM
ODE Solver:   Ballistic
Vmax:         35.0 m/s
======================================================================
Skipping Source actor due to time limit at clock = 43201.00125327633
Skipping Source actor due to time limit at clock = 43210.6788297557
-----------------------------
| Model.cleanup in progress |
-----------------------------
cleanup: agenda
cleanup: wait queues
coroutine counts = (15895362,15894298,15893764)
[ModelOptimizer] Fitness: 2.7049 | Elapsed: 91.62 sec
[ModelOptimizer] Evaluating parameters: VectorD(2.00000,	4.69162,	-1.00000,	1.00000,	1.50000)

======================================================================
TRAFFIC MODEL BUILDER SUMMARY
======================================================================
Network:      US-101-N-DonaldDoyle
Segments:     7
Lanes:        4
Junctions:    8
Ramps:        2
Sensors:      5
Mode:         PeMS Data-Driven
Car-Following: IDM
ODE Solver:   Ballistic
Vmax:         35.0 m/s
======================================================================
Skipping Source actor due to time limit at clock = 43201.00125327633
Skipping Source actor due to time limit at clock = 43210.6788297557
-----------------------------
| Model.cleanup in progress |
-----------------------------
cleanup: agenda
cleanup: wait queues
coroutine counts = (15955119,15954051,15953515)
[ModelOptimizer] Fitness: 2.4186 | Elapsed: 32.53 sec
[ModelOptimizer] Evaluating parameters: VectorD(3.45600,	4.69162,	-1.00000,	1.00000,	1.50000)

======================================================================
TRAFFIC MODEL BUILDER SUMMARY
======================================================================
Network:      US-101-N-DonaldDoyle
Segments:     7
Lanes:        4
Junctions:    8
Ramps:        2
Sensors:      5
Mode:         PeMS Data-Driven
Car-Following: IDM
ODE Solver:   Ballistic
Vmax:         35.0 m/s
======================================================================
Skipping Source actor due to time limit at clock = 43201.00125327633
Skipping Source actor due to time limit at clock = 43210.6788297557
-----------------------------
| Model.cleanup in progress |
-----------------------------
cleanup: agenda
cleanup: wait queues
coroutine counts = (16014876,16013804,16013266)
[ModelOptimizer] Fitness: 2.4688 | Elapsed: 32.66 sec
[ModelOptimizer] Evaluating parameters: VectorD(2.00000,	4.69162,	-1.00000,	1.00000,	1.50000)

======================================================================
TRAFFIC MODEL BUILDER SUMMARY
======================================================================
Network:      US-101-N-DonaldDoyle
Segments:     7
Lanes:        4
Junctions:    8
Ramps:        2
Sensors:      5
Mode:         PeMS Data-Driven
Car-Following: IDM
ODE Solver:   Ballistic
Vmax:         35.0 m/s
======================================================================
Skipping Source actor due to time limit at clock = 43201.00125327633
Skipping Source actor due to time limit at clock = 43210.6788297557
-----------------------------
| Model.cleanup in progress |
-----------------------------
cleanup: agenda
cleanup: wait queues
coroutine counts = (16074633,16073557,16073017)
[ModelOptimizer] Fitness: 2.4186 | Elapsed: 32.26 sec
[ModelOptimizer] Evaluating parameters: VectorD(2.00000,	6.00000,	-1.00000,	1.00000,	1.50000)

======================================================================
TRAFFIC MODEL BUILDER SUMMARY
======================================================================
Network:      US-101-N-DonaldDoyle
Segments:     7
Lanes:        4
Junctions:    8
Ramps:        2
Sensors:      5
Mode:         PeMS Data-Driven
Car-Following: IDM
ODE Solver:   Ballistic
Vmax:         35.0 m/s
======================================================================
Skipping Source actor due to time limit at clock = 43201.00125327633
Skipping Source actor due to time limit at clock = 43210.6788297557
-----------------------------
| Model.cleanup in progress |
-----------------------------
cleanup: agenda
cleanup: wait queues
coroutine counts = (16134390,16133310,16132768)
[ModelOptimizer] Fitness: 2.4195 | Elapsed: 32.23 sec
[ModelOptimizer] Evaluating parameters: VectorD(2.00000,	6.00000,	-1.00000,	1.00000,	1.50000)

======================================================================
TRAFFIC MODEL BUILDER SUMMARY
======================================================================
Network:      US-101-N-DonaldDoyle
Segments:     7
Lanes:        4
Junctions:    8
Ramps:        2
Sensors:      5
Mode:         PeMS Data-Driven
Car-Following: IDM
ODE Solver:   Ballistic
Vmax:         35.0 m/s
======================================================================
Skipping Source actor due to time limit at clock = 43201.00125327633
Skipping Source actor due to time limit at clock = 43210.6788297557
-----------------------------
| Model.cleanup in progress |
-----------------------------
cleanup: agenda
cleanup: wait queues
coroutine counts = (16194147,16193063,16192519)
[ModelOptimizer] Fitness: 2.4195 | Elapsed: 32.38 sec
[ModelOptimizer] Evaluating parameters: VectorD(8.00000,	4.75787,	-2.33011,	3.02929,	0.300000)

======================================================================
TRAFFIC MODEL BUILDER SUMMARY
======================================================================
Network:      US-101-N-DonaldDoyle
Segments:     7
Lanes:        4
Junctions:    8
Ramps:        2
Sensors:      5
Mode:         PeMS Data-Driven
Car-Following: IDM
ODE Solver:   Ballistic
Vmax:         35.0 m/s
======================================================================
Skipping Source actor due to time limit at clock = 43201.00125327633
Skipping Source actor due to time limit at clock = 43210.6788297557
-----------------------------
| Model.cleanup in progress |
-----------------------------
cleanup: agenda
cleanup: wait queues
coroutine counts = (16253904,16252816,16252270)
[ModelOptimizer] Fitness: 3.7535 | Elapsed: 123.78 sec
[ModelOptimizer] Evaluating parameters: VectorD(2.00000,	4.36181,	-1.00000,	1.00000,	1.50000)

======================================================================
TRAFFIC MODEL BUILDER SUMMARY
======================================================================
Network:      US-101-N-DonaldDoyle
Segments:     7
Lanes:        4
Junctions:    8
Ramps:        2
Sensors:      5
Mode:         PeMS Data-Driven
Car-Following: IDM
ODE Solver:   Ballistic
Vmax:         35.0 m/s
======================================================================
Skipping Source actor due to time limit at clock = 43201.00125327633
Skipping Source actor due to time limit at clock = 43210.6788297557
-----------------------------
| Model.cleanup in progress |
-----------------------------
cleanup: agenda
cleanup: wait queues
coroutine counts = (16313661,16312569,16312021)
[ModelOptimizer] Fitness: 2.4246 | Elapsed: 32.24 sec
[ModelOptimizer] Evaluating parameters: VectorD(2.00000,	6.00000,	-1.70301,	1.00000,	1.50000)

======================================================================
TRAFFIC MODEL BUILDER SUMMARY
======================================================================
Network:      US-101-N-DonaldDoyle
Segments:     7
Lanes:        4
Junctions:    8
Ramps:        2
Sensors:      5
Mode:         PeMS Data-Driven
Car-Following: IDM
ODE Solver:   Ballistic
Vmax:         35.0 m/s
======================================================================
Skipping Source actor due to time limit at clock = 43201.00125327633
Skipping Source actor due to time limit at clock = 43210.6788297557
-----------------------------
| Model.cleanup in progress |
-----------------------------
cleanup: agenda
cleanup: wait queues
coroutine counts = (16373418,16372322,16371772)
[ModelOptimizer] Fitness: 2.7906 | Elapsed: 32.11 sec
[ModelOptimizer] Evaluating parameters: VectorD(2.00000,	6.00000,	-1.00000,	1.00000,	1.50000)

======================================================================
TRAFFIC MODEL BUILDER SUMMARY
======================================================================
Network:      US-101-N-DonaldDoyle
Segments:     7
Lanes:        4
Junctions:    8
Ramps:        2
Sensors:      5
Mode:         PeMS Data-Driven
Car-Following: IDM
ODE Solver:   Ballistic
Vmax:         35.0 m/s
======================================================================
Skipping Source actor due to time limit at clock = 43201.00125327633
Skipping Source actor due to time limit at clock = 43210.6788297557
-----------------------------
| Model.cleanup in progress |
-----------------------------
cleanup: agenda
cleanup: wait queues
coroutine counts = (16433175,16432075,16431523)
[ModelOptimizer] Fitness: 2.4195 | Elapsed: 33.52 sec
[ModelOptimizer] Evaluating parameters: VectorD(2.00000,	6.00000,	-1.00000,	1.00000,	1.50000)

======================================================================
TRAFFIC MODEL BUILDER SUMMARY
======================================================================
Network:      US-101-N-DonaldDoyle
Segments:     7
Lanes:        4
Junctions:    8
Ramps:        2
Sensors:      5
Mode:         PeMS Data-Driven
Car-Following: IDM
ODE Solver:   Ballistic
Vmax:         35.0 m/s
======================================================================
Skipping Source actor due to time limit at clock = 43201.00125327633
Skipping Source actor due to time limit at clock = 43210.6788297557
-----------------------------
| Model.cleanup in progress |
-----------------------------
cleanup: agenda
cleanup: wait queues
coroutine counts = (16492932,16491828,16491274)
[ModelOptimizer] Fitness: 2.4195 | Elapsed: 33.13 sec
[ModelOptimizer] Evaluating parameters: VectorD(2.00000,	5.33414,	-1.00000,	1.00000,	1.50000)

======================================================================
TRAFFIC MODEL BUILDER SUMMARY
======================================================================
Network:      US-101-N-DonaldDoyle
Segments:     7
Lanes:        4
Junctions:    8
Ramps:        2
Sensors:      5
Mode:         PeMS Data-Driven
Car-Following: IDM
ODE Solver:   Ballistic
Vmax:         35.0 m/s
======================================================================
Skipping Source actor due to time limit at clock = 43201.00125327633
Skipping Source actor due to time limit at clock = 43210.6788297557
-----------------------------
| Model.cleanup in progress |
-----------------------------
cleanup: agenda
cleanup: wait queues
coroutine counts = (16552689,16551581,16551025)
[ModelOptimizer] Fitness: 2.4166 | Elapsed: 32.12 sec
[ModelOptimizer] Evaluating parameters: VectorD(2.29815,	6.00000,	-1.00000,	1.00000,	1.50000)

======================================================================
TRAFFIC MODEL BUILDER SUMMARY
======================================================================
Network:      US-101-N-DonaldDoyle
Segments:     7
Lanes:        4
Junctions:    8
Ramps:        2
Sensors:      5
Mode:         PeMS Data-Driven
Car-Following: IDM
ODE Solver:   Ballistic
Vmax:         35.0 m/s
======================================================================
Skipping Source actor due to time limit at clock = 43201.00125327633
Skipping Source actor due to time limit at clock = 43210.6788297557
-----------------------------
| Model.cleanup in progress |
-----------------------------
cleanup: agenda
cleanup: wait queues
coroutine counts = (16612446,16611334,16610776)
[ModelOptimizer] Fitness: 2.4292 | Elapsed: 32.51 sec
[ModelOptimizer] Evaluating parameters: VectorD(2.29815,	5.59512,	-1.00000,	1.00000,	1.50000)

======================================================================
TRAFFIC MODEL BUILDER SUMMARY
======================================================================
Network:      US-101-N-DonaldDoyle
Segments:     7
Lanes:        4
Junctions:    8
Ramps:        2
Sensors:      5
Mode:         PeMS Data-Driven
Car-Following: IDM
ODE Solver:   Ballistic
Vmax:         35.0 m/s
======================================================================
Skipping Source actor due to time limit at clock = 43201.00125327633
Skipping Source actor due to time limit at clock = 43210.6788297557
-----------------------------
| Model.cleanup in progress |
-----------------------------
cleanup: agenda
cleanup: wait queues
coroutine counts = (16672203,16671087,16670527)
[ModelOptimizer] Fitness: 2.4297 | Elapsed: 32.16 sec
[ModelOptimizer] Evaluating parameters: VectorD(2.29815,	6.00000,	-1.00000,	1.00000,	1.50000)

======================================================================
TRAFFIC MODEL BUILDER SUMMARY
======================================================================
Network:      US-101-N-DonaldDoyle
Segments:     7
Lanes:        4
Junctions:    8
Ramps:        2
Sensors:      5
Mode:         PeMS Data-Driven
Car-Following: IDM
ODE Solver:   Ballistic
Vmax:         35.0 m/s
======================================================================
Skipping Source actor due to time limit at clock = 43201.00125327633
Skipping Source actor due to time limit at clock = 43210.6788297557
-----------------------------
| Model.cleanup in progress |
-----------------------------
cleanup: agenda
cleanup: wait queues
coroutine counts = (16731960,16730840,16730278)
[ModelOptimizer] Fitness: 2.4292 | Elapsed: 32.40 sec
[ModelOptimizer] Evaluating parameters: VectorD(2.00000,	5.45732,	-1.06438,	1.00000,	1.50000)

======================================================================
TRAFFIC MODEL BUILDER SUMMARY
======================================================================
Network:      US-101-N-DonaldDoyle
Segments:     7
Lanes:        4
Junctions:    8
Ramps:        2
Sensors:      5
Mode:         PeMS Data-Driven
Car-Following: IDM
ODE Solver:   Ballistic
Vmax:         35.0 m/s
======================================================================
Skipping Source actor due to time limit at clock = 43201.00125327633
Skipping Source actor due to time limit at clock = 43210.6788297557
-----------------------------
| Model.cleanup in progress |
-----------------------------
cleanup: agenda
cleanup: wait queues
coroutine counts = (16791717,16790593,16790029)
[ModelOptimizer] Fitness: 2.4512 | Elapsed: 32.52 sec
[ModelOptimizer] Evaluating parameters: VectorD(6.22326,	6.00000,	-1.00000,	5.00000,	1.50000)

======================================================================
TRAFFIC MODEL BUILDER SUMMARY
======================================================================
Network:      US-101-N-DonaldDoyle
Segments:     7
Lanes:        4
Junctions:    8
Ramps:        2
Sensors:      5
Mode:         PeMS Data-Driven
Car-Following: IDM
ODE Solver:   Ballistic
Vmax:         35.0 m/s
======================================================================
Skipping Source actor due to time limit at clock = 43201.00125327633
Skipping Source actor due to time limit at clock = 43210.6788297557
-----------------------------
| Model.cleanup in progress |
-----------------------------
cleanup: agenda
cleanup: wait queues
coroutine counts = (16851474,16850346,16849780)
[ModelOptimizer] Fitness: 3.0215 | Elapsed: 33.72 sec
[ModelOptimizer] Evaluating parameters: VectorD(2.00000,	5.45732,	-1.06438,	1.00000,	1.50000)

======================================================================
TRAFFIC MODEL BUILDER SUMMARY
======================================================================
Network:      US-101-N-DonaldDoyle
Segments:     7
Lanes:        4
Junctions:    8
Ramps:        2
Sensors:      5
Mode:         PeMS Data-Driven
Car-Following: IDM
ODE Solver:   Ballistic
Vmax:         35.0 m/s
======================================================================
Skipping Source actor due to time limit at clock = 43201.00125327633
Skipping Source actor due to time limit at clock = 43210.6788297557
-----------------------------
| Model.cleanup in progress |
-----------------------------
cleanup: agenda
cleanup: wait queues
coroutine counts = (16911231,16910099,16909531)
[ModelOptimizer] Fitness: 2.4512 | Elapsed: 32.14 sec
[ModelOptimizer] Evaluating parameters: VectorD(2.00000,	4.52263,	-1.00000,	1.00000,	1.50000)

======================================================================
TRAFFIC MODEL BUILDER SUMMARY
======================================================================
Network:      US-101-N-DonaldDoyle
Segments:     7
Lanes:        4
Junctions:    8
Ramps:        2
Sensors:      5
Mode:         PeMS Data-Driven
Car-Following: IDM
ODE Solver:   Ballistic
Vmax:         35.0 m/s
======================================================================
Skipping Source actor due to time limit at clock = 43201.00125327633
Skipping Source actor due to time limit at clock = 43210.6788297557
-----------------------------
| Model.cleanup in progress |
-----------------------------
cleanup: agenda
cleanup: wait queues
coroutine counts = (16970988,16969852,16969282)
[ModelOptimizer] Fitness: 2.4220 | Elapsed: 31.87 sec
[ModelOptimizer] Evaluating parameters: VectorD(2.00000,	4.35622,	-1.00000,	1.00000,	1.50000)

======================================================================
TRAFFIC MODEL BUILDER SUMMARY
======================================================================
Network:      US-101-N-DonaldDoyle
Segments:     7
Lanes:        4
Junctions:    8
Ramps:        2
Sensors:      5
Mode:         PeMS Data-Driven
Car-Following: IDM
ODE Solver:   Ballistic
Vmax:         35.0 m/s
======================================================================
Skipping Source actor due to time limit at clock = 43201.00125327633
Skipping Source actor due to time limit at clock = 43210.6788297557
-----------------------------
| Model.cleanup in progress |
-----------------------------
cleanup: agenda
cleanup: wait queues
coroutine counts = (17030745,17029605,17029033)
[ModelOptimizer] Fitness: 2.4242 | Elapsed: 32.45 sec
[ModelOptimizer] Evaluating parameters: VectorD(2.00000,	4.52263,	-1.00000,	1.00000,	1.50000)

======================================================================
TRAFFIC MODEL BUILDER SUMMARY
======================================================================
Network:      US-101-N-DonaldDoyle
Segments:     7
Lanes:        4
Junctions:    8
Ramps:        2
Sensors:      5
Mode:         PeMS Data-Driven
Car-Following: IDM
ODE Solver:   Ballistic
Vmax:         35.0 m/s
======================================================================
Skipping Source actor due to time limit at clock = 43201.00125327633
Skipping Source actor due to time limit at clock = 43210.6788297557
-----------------------------
| Model.cleanup in progress |
-----------------------------
cleanup: agenda
cleanup: wait queues
coroutine counts = (17090502,17089358,17088784)
[ModelOptimizer] Fitness: 2.4220 | Elapsed: 32.98 sec
[ModelOptimizer] Evaluating parameters: VectorD(2.00000,	6.00000,	-3.00000,	1.00000,	1.50000)

======================================================================
TRAFFIC MODEL BUILDER SUMMARY
======================================================================
Network:      US-101-N-DonaldDoyle
Segments:     7
Lanes:        4
Junctions:    8
Ramps:        2
Sensors:      5
Mode:         PeMS Data-Driven
Car-Following: IDM
ODE Solver:   Ballistic
Vmax:         35.0 m/s
======================================================================
Skipping Source actor due to time limit at clock = 43201.00125327633
Skipping Source actor due to time limit at clock = 43210.6788297557
-----------------------------
| Model.cleanup in progress |
-----------------------------
cleanup: agenda
cleanup: wait queues
coroutine counts = (17150259,17149111,17148535)
[ModelOptimizer] Fitness: 3.4384 | Elapsed: 32.83 sec
[ModelOptimizer] Evaluating parameters: VectorD(2.00000,	6.00000,	-1.00000,	1.00000,	1.50000)

======================================================================
TRAFFIC MODEL BUILDER SUMMARY
======================================================================
Network:      US-101-N-DonaldDoyle
Segments:     7
Lanes:        4
Junctions:    8
Ramps:        2
Sensors:      5
Mode:         PeMS Data-Driven
Car-Following: IDM
ODE Solver:   Ballistic
Vmax:         35.0 m/s
======================================================================
Skipping Source actor due to time limit at clock = 43201.00125327633
Skipping Source actor due to time limit at clock = 43210.6788297557
-----------------------------
| Model.cleanup in progress |
-----------------------------
cleanup: agenda
cleanup: wait queues
coroutine counts = (17210016,17208864,17208286)
[ModelOptimizer] Fitness: 2.4195 | Elapsed: 31.67 sec
[ModelOptimizer] Evaluating parameters: VectorD(2.00000,	5.95266,	-1.00000,	1.00000,	1.50000)

======================================================================
TRAFFIC MODEL BUILDER SUMMARY
======================================================================
Network:      US-101-N-DonaldDoyle
Segments:     7
Lanes:        4
Junctions:    8
Ramps:        2
Sensors:      5
Mode:         PeMS Data-Driven
Car-Following: IDM
ODE Solver:   Ballistic
Vmax:         35.0 m/s
======================================================================
Skipping Source actor due to time limit at clock = 43201.00125327633
Skipping Source actor due to time limit at clock = 43210.6788297557
-----------------------------
| Model.cleanup in progress |
-----------------------------
cleanup: agenda
cleanup: wait queues
coroutine counts = (17269773,17268617,17268037)
[ModelOptimizer] Fitness: 2.4197 | Elapsed: 32.47 sec
[ModelOptimizer] Evaluating parameters: VectorD(2.00000,	6.00000,	-1.00000,	1.00000,	1.50000)

======================================================================
TRAFFIC MODEL BUILDER SUMMARY
======================================================================
Network:      US-101-N-DonaldDoyle
Segments:     7
Lanes:        4
Junctions:    8
Ramps:        2
Sensors:      5
Mode:         PeMS Data-Driven
Car-Following: IDM
ODE Solver:   Ballistic
Vmax:         35.0 m/s
======================================================================
Skipping Source actor due to time limit at clock = 43201.00125327633
Skipping Source actor due to time limit at clock = 43210.6788297557
-----------------------------
| Model.cleanup in progress |
-----------------------------
cleanup: agenda
cleanup: wait queues
coroutine counts = (17329530,17328370,17327788)
[ModelOptimizer] Fitness: 2.4195 | Elapsed: 31.89 sec
[ModelOptimizer] Evaluating parameters: VectorD(2.00000,	5.95245,	-1.00000,	1.00000,	0.300000)

======================================================================
TRAFFIC MODEL BUILDER SUMMARY
======================================================================
Network:      US-101-N-DonaldDoyle
Segments:     7
Lanes:        4
Junctions:    8
Ramps:        2
Sensors:      5
Mode:         PeMS Data-Driven
Car-Following: IDM
ODE Solver:   Ballistic
Vmax:         35.0 m/s
======================================================================
Skipping Source actor due to time limit at clock = 43201.00125327633
Skipping Source actor due to time limit at clock = 43210.6788297557
-----------------------------
| Model.cleanup in progress |
-----------------------------
cleanup: agenda
cleanup: wait queues
coroutine counts = (17389287,17388123,17387539)
[ModelOptimizer] Fitness: 2.6945 | Elapsed: 95.29 sec
[ModelOptimizer] Evaluating parameters: VectorD(2.00000,	5.89852,	-1.00000,	1.00000,	0.300000)

======================================================================
TRAFFIC MODEL BUILDER SUMMARY
======================================================================
Network:      US-101-N-DonaldDoyle
Segments:     7
Lanes:        4
Junctions:    8
Ramps:        2
Sensors:      5
Mode:         PeMS Data-Driven
Car-Following: IDM
ODE Solver:   Ballistic
Vmax:         35.0 m/s
======================================================================
Skipping Source actor due to time limit at clock = 43201.00125327633
Skipping Source actor due to time limit at clock = 43210.6788297557
-----------------------------
| Model.cleanup in progress |
-----------------------------
cleanup: agenda
cleanup: wait queues
coroutine counts = (17449044,17447876,17447290)
[ModelOptimizer] Fitness: 2.6954 | Elapsed: 95.46 sec
[ModelOptimizer] Evaluating parameters: VectorD(2.00000,	5.95245,	-1.00000,	1.00000,	0.300000)

======================================================================
TRAFFIC MODEL BUILDER SUMMARY
======================================================================
Network:      US-101-N-DonaldDoyle
Segments:     7
Lanes:        4
Junctions:    8
Ramps:        2
Sensors:      5
Mode:         PeMS Data-Driven
Car-Following: IDM
ODE Solver:   Ballistic
Vmax:         35.0 m/s
======================================================================
Skipping Source actor due to time limit at clock = 43201.00125327633
Skipping Source actor due to time limit at clock = 43210.6788297557
-----------------------------
| Model.cleanup in progress |
-----------------------------
cleanup: agenda
cleanup: wait queues
coroutine counts = (17508801,17507629,17507041)
[ModelOptimizer] Fitness: 2.6945 | Elapsed: 94.71 sec
[ModelOptimizer] Evaluating parameters: VectorD(7.11555,	6.00000,	-1.00000,	1.00000,	1.50000)

======================================================================
TRAFFIC MODEL BUILDER SUMMARY
======================================================================
Network:      US-101-N-DonaldDoyle
Segments:     7
Lanes:        4
Junctions:    8
Ramps:        2
Sensors:      5
Mode:         PeMS Data-Driven
Car-Following: IDM
ODE Solver:   Ballistic
Vmax:         35.0 m/s
======================================================================
Skipping Source actor due to time limit at clock = 43201.00125327633
Skipping Source actor due to time limit at clock = 43210.6788297557
-----------------------------
| Model.cleanup in progress |
-----------------------------
cleanup: agenda
cleanup: wait queues
coroutine counts = (17568558,17567382,17566792)
[ModelOptimizer] Fitness: 2.6194 | Elapsed: 33.16 sec
[ModelOptimizer] Evaluating parameters: VectorD(2.00000,	6.00000,	-1.00000,	1.00000,	1.50000)

======================================================================
TRAFFIC MODEL BUILDER SUMMARY
======================================================================
Network:      US-101-N-DonaldDoyle
Segments:     7
Lanes:        4
Junctions:    8
Ramps:        2
Sensors:      5
Mode:         PeMS Data-Driven
Car-Following: IDM
ODE Solver:   Ballistic
Vmax:         35.0 m/s
======================================================================
Skipping Source actor due to time limit at clock = 43201.00125327633
Skipping Source actor due to time limit at clock = 43210.6788297557
-----------------------------
| Model.cleanup in progress |
-----------------------------
cleanup: agenda
cleanup: wait queues
coroutine counts = (17628315,17627135,17626543)
[ModelOptimizer] Fitness: 2.4195 | Elapsed: 32.01 sec
[ModelOptimizer] Evaluating parameters: VectorD(2.00000,	3.32324,	-1.00000,	1.00000,	1.50000)

======================================================================
TRAFFIC MODEL BUILDER SUMMARY
======================================================================
Network:      US-101-N-DonaldDoyle
Segments:     7
Lanes:        4
Junctions:    8
Ramps:        2
Sensors:      5
Mode:         PeMS Data-Driven
Car-Following: IDM
ODE Solver:   Ballistic
Vmax:         35.0 m/s
======================================================================
Skipping Source actor due to time limit at clock = 43201.00125327633
Skipping Source actor due to time limit at clock = 43210.6788297557
-----------------------------
| Model.cleanup in progress |
-----------------------------
cleanup: agenda
cleanup: wait queues
coroutine counts = (17688072,17686888,17686294)
[ModelOptimizer] Fitness: 2.4576 | Elapsed: 31.81 sec
[ModelOptimizer] Evaluating parameters: VectorD(2.00000,	6.00000,	-1.00000,	1.00000,	1.50000)

======================================================================
TRAFFIC MODEL BUILDER SUMMARY
======================================================================
Network:      US-101-N-DonaldDoyle
Segments:     7
Lanes:        4
Junctions:    8
Ramps:        2
Sensors:      5
Mode:         PeMS Data-Driven
Car-Following: IDM
ODE Solver:   Ballistic
Vmax:         35.0 m/s
======================================================================
Skipping Source actor due to time limit at clock = 43201.00125327633
Skipping Source actor due to time limit at clock = 43210.6788297557
-----------------------------
| Model.cleanup in progress |
-----------------------------
cleanup: agenda
cleanup: wait queues
coroutine counts = (17747829,17746641,17746045)
[ModelOptimizer] Fitness: 2.4195 | Elapsed: 32.15 sec
[ModelOptimizer] Evaluating parameters: VectorD(2.00000,	5.34082,	-1.00000,	1.00000,	1.50000)

======================================================================
TRAFFIC MODEL BUILDER SUMMARY
======================================================================
Network:      US-101-N-DonaldDoyle
Segments:     7
Lanes:        4
Junctions:    8
Ramps:        2
Sensors:      5
Mode:         PeMS Data-Driven
Car-Following: IDM
ODE Solver:   Ballistic
Vmax:         35.0 m/s
======================================================================
Skipping Source actor due to time limit at clock = 43201.00125327633
Skipping Source actor due to time limit at clock = 43210.6788297557
-----------------------------
| Model.cleanup in progress |
-----------------------------
cleanup: agenda
cleanup: wait queues
coroutine counts = (17807586,17806394,17805796)
[ModelOptimizer] Fitness: 2.4168 | Elapsed: 32.21 sec
[ModelOptimizer] Evaluating parameters: VectorD(2.00000,	6.00000,	-1.00000,	1.00000,	1.50000)

======================================================================
TRAFFIC MODEL BUILDER SUMMARY
======================================================================
Network:      US-101-N-DonaldDoyle
Segments:     7
Lanes:        4
Junctions:    8
Ramps:        2
Sensors:      5
Mode:         PeMS Data-Driven
Car-Following: IDM
ODE Solver:   Ballistic
Vmax:         35.0 m/s
======================================================================
Skipping Source actor due to time limit at clock = 43201.00125327633
Skipping Source actor due to time limit at clock = 43210.6788297557
-----------------------------
| Model.cleanup in progress |
-----------------------------
cleanup: agenda
cleanup: wait queues
coroutine counts = (17867343,17866147,17865547)
[ModelOptimizer] Fitness: 2.4195 | Elapsed: 32.22 sec
[ModelOptimizer] Evaluating parameters: VectorD(2.00000,	5.34082,	-1.00000,	1.00000,	1.50000)

======================================================================
TRAFFIC MODEL BUILDER SUMMARY
======================================================================
Network:      US-101-N-DonaldDoyle
Segments:     7
Lanes:        4
Junctions:    8
Ramps:        2
Sensors:      5
Mode:         PeMS Data-Driven
Car-Following: IDM
ODE Solver:   Ballistic
Vmax:         35.0 m/s
======================================================================
Skipping Source actor due to time limit at clock = 43201.00125327633
Skipping Source actor due to time limit at clock = 43210.6788297557
-----------------------------
| Model.cleanup in progress |
-----------------------------
cleanup: agenda
cleanup: wait queues
coroutine counts = (17927100,17925900,17925298)
[ModelOptimizer] Fitness: 2.4168 | Elapsed: 31.92 sec
[ModelOptimizer] Evaluating parameters: VectorD(4.03367,	3.77735,	-1.00000,	1.67206,	1.50000)

======================================================================
TRAFFIC MODEL BUILDER SUMMARY
======================================================================
Network:      US-101-N-DonaldDoyle
Segments:     7
Lanes:        4
Junctions:    8
Ramps:        2
Sensors:      5
Mode:         PeMS Data-Driven
Car-Following: IDM
ODE Solver:   Ballistic
Vmax:         35.0 m/s
======================================================================
Skipping Source actor due to time limit at clock = 43201.00125327633
Skipping Source actor due to time limit at clock = 43210.6788297557
-----------------------------
| Model.cleanup in progress |
-----------------------------
cleanup: agenda
cleanup: wait queues
coroutine counts = (17986857,17985653,17985049)
[ModelOptimizer] Fitness: 3.0347 | Elapsed: 32.85 sec
[ModelOptimizer] Evaluating parameters: VectorD(2.00000,	5.40278,	-1.00000,	1.00000,	1.50000)

======================================================================
TRAFFIC MODEL BUILDER SUMMARY
======================================================================
Network:      US-101-N-DonaldDoyle
Segments:     7
Lanes:        4
Junctions:    8
Ramps:        2
Sensors:      5
Mode:         PeMS Data-Driven
Car-Following: IDM
ODE Solver:   Ballistic
Vmax:         35.0 m/s
======================================================================
Skipping Source actor due to time limit at clock = 43201.00125327633
Skipping Source actor due to time limit at clock = 43210.6788297557
-----------------------------
| Model.cleanup in progress |
-----------------------------
cleanup: agenda
cleanup: wait queues
coroutine counts = (18046614,18045406,18044800)
[ModelOptimizer] Fitness: 2.4182 | Elapsed: 32.26 sec
       6 |      2.41662721 |      2.41662721 |      12.0% ✓
[ModelOptimizer] Evaluating parameters: VectorD(2.65270,	3.35753,	-1.00000,	1.00000,	1.20587)

======================================================================
TRAFFIC MODEL BUILDER SUMMARY
======================================================================
Network:      US-101-N-DonaldDoyle
Segments:     7
Lanes:        4
Junctions:    8
Ramps:        2
Sensors:      5
Mode:         PeMS Data-Driven
Car-Following: IDM
ODE Solver:   Ballistic
Vmax:         35.0 m/s
======================================================================
Skipping Source actor due to time limit at clock = 43201.00125327633
Skipping Source actor due to time limit at clock = 43210.6788297557
-----------------------------
| Model.cleanup in progress |
-----------------------------
cleanup: agenda
cleanup: wait queues
coroutine counts = (18106371,18105159,18104551)
[ModelOptimizer] Fitness: 2.5691 | Elapsed: 35.60 sec
[ModelOptimizer] Evaluating parameters: VectorD(2.00000,	4.98465,	-1.00000,	1.00000,	1.50000)

======================================================================
TRAFFIC MODEL BUILDER SUMMARY
======================================================================
Network:      US-101-N-DonaldDoyle
Segments:     7
Lanes:        4
Junctions:    8
Ramps:        2
Sensors:      5
Mode:         PeMS Data-Driven
Car-Following: IDM
ODE Solver:   Ballistic
Vmax:         35.0 m/s
======================================================================
Skipping Source actor due to time limit at clock = 43201.00125327633
Skipping Source actor due to time limit at clock = 43210.6788297557
-----------------------------
| Model.cleanup in progress |
-----------------------------
cleanup: agenda
cleanup: wait queues
coroutine counts = (18166128,18164912,18164302)
[ModelOptimizer] Fitness: 2.4183 | Elapsed: 31.77 sec
[ModelOptimizer] Evaluating parameters: VectorD(2.00000,	4.23150,	-1.00000,	1.00000,	1.50000)

======================================================================
TRAFFIC MODEL BUILDER SUMMARY
======================================================================
Network:      US-101-N-DonaldDoyle
Segments:     7
Lanes:        4
Junctions:    8
Ramps:        2
Sensors:      5
Mode:         PeMS Data-Driven
Car-Following: IDM
ODE Solver:   Ballistic
Vmax:         35.0 m/s
======================================================================
Skipping Source actor due to time limit at clock = 43201.00125327633
Skipping Source actor due to time limit at clock = 43210.6788297557
-----------------------------
| Model.cleanup in progress |
-----------------------------
cleanup: agenda
cleanup: wait queues
coroutine counts = (18225885,18224665,18224053)
[ModelOptimizer] Fitness: 2.4274 | Elapsed: 32.24 sec
[ModelOptimizer] Evaluating parameters: VectorD(2.00000,	6.00000,	-1.00000,	1.00000,	1.50000)

======================================================================
TRAFFIC MODEL BUILDER SUMMARY
======================================================================
Network:      US-101-N-DonaldDoyle
Segments:     7
Lanes:        4
Junctions:    8
Ramps:        2
Sensors:      5
Mode:         PeMS Data-Driven
Car-Following: IDM
ODE Solver:   Ballistic
Vmax:         35.0 m/s
======================================================================
Skipping Source actor due to time limit at clock = 43201.00125327633
Skipping Source actor due to time limit at clock = 43210.6788297557
-----------------------------
| Model.cleanup in progress |
-----------------------------
cleanup: agenda
cleanup: wait queues
coroutine counts = (18285642,18284418,18283804)
[ModelOptimizer] Fitness: 2.4195 | Elapsed: 32.01 sec
[ModelOptimizer] Evaluating parameters: VectorD(2.00000,	4.78320,	-1.00000,	1.00000,	1.50000)

======================================================================
TRAFFIC MODEL BUILDER SUMMARY
======================================================================
Network:      US-101-N-DonaldDoyle
Segments:     7
Lanes:        4
Junctions:    8
Ramps:        2
Sensors:      5
Mode:         PeMS Data-Driven
Car-Following: IDM
ODE Solver:   Ballistic
Vmax:         35.0 m/s
======================================================================
Skipping Source actor due to time limit at clock = 43201.00125327633
Skipping Source actor due to time limit at clock = 43210.6788297557
-----------------------------
| Model.cleanup in progress |
-----------------------------
cleanup: agenda
cleanup: wait queues
coroutine counts = (18345399,18344171,18343555)
[ModelOptimizer] Fitness: 2.4206 | Elapsed: 31.95 sec
[ModelOptimizer] Evaluating parameters: VectorD(2.00000,	5.20798,	-1.00000,	1.00000,	1.50000)

======================================================================
TRAFFIC MODEL BUILDER SUMMARY
======================================================================
Network:      US-101-N-DonaldDoyle
Segments:     7
Lanes:        4
Junctions:    8
Ramps:        2
Sensors:      5
Mode:         PeMS Data-Driven
Car-Following: IDM
ODE Solver:   Ballistic
Vmax:         35.0 m/s
======================================================================
Skipping Source actor due to time limit at clock = 43201.00125327633
Skipping Source actor due to time limit at clock = 43210.6788297557
-----------------------------
| Model.cleanup in progress |
-----------------------------
cleanup: agenda
cleanup: wait queues
coroutine counts = (18405156,18403924,18403306)
[ModelOptimizer] Fitness: 2.4185 | Elapsed: 31.66 sec
[ModelOptimizer] Evaluating parameters: VectorD(2.00000,	4.91412,	-2.28430,	1.00000,	1.50000)

======================================================================
TRAFFIC MODEL BUILDER SUMMARY
======================================================================
Network:      US-101-N-DonaldDoyle
Segments:     7
Lanes:        4
Junctions:    8
Ramps:        2
Sensors:      5
Mode:         PeMS Data-Driven
Car-Following: IDM
ODE Solver:   Ballistic
Vmax:         35.0 m/s
======================================================================
Skipping Source actor due to time limit at clock = 43201.00125327633
Skipping Source actor due to time limit at clock = 43210.6788297557
-----------------------------
| Model.cleanup in progress |
-----------------------------
cleanup: agenda
cleanup: wait queues
coroutine counts = (18464913,18463677,18463057)
[ModelOptimizer] Fitness: 3.1391 | Elapsed: 32.17 sec
[ModelOptimizer] Evaluating parameters: VectorD(2.00000,	4.14744,	-1.00000,	1.00000,	1.50000)

======================================================================
TRAFFIC MODEL BUILDER SUMMARY
======================================================================
Network:      US-101-N-DonaldDoyle
Segments:     7
Lanes:        4
Junctions:    8
Ramps:        2
Sensors:      5
Mode:         PeMS Data-Driven
Car-Following: IDM
ODE Solver:   Ballistic
Vmax:         35.0 m/s
======================================================================
Skipping Source actor due to time limit at clock = 43201.00125327633
Skipping Source actor due to time limit at clock = 43210.6788297557
-----------------------------
| Model.cleanup in progress |
-----------------------------
cleanup: agenda
cleanup: wait queues
coroutine counts = (18524670,18523430,18522808)
[ModelOptimizer] Fitness: 2.4295 | Elapsed: 31.69 sec
[ModelOptimizer] Evaluating parameters: VectorD(5.36799,	5.56857,	-1.00000,	5.00000,	0.300000)

======================================================================
TRAFFIC MODEL BUILDER SUMMARY
======================================================================
Network:      US-101-N-DonaldDoyle
Segments:     7
Lanes:        4
Junctions:    8
Ramps:        2
Sensors:      5
Mode:         PeMS Data-Driven
Car-Following: IDM
ODE Solver:   Ballistic
Vmax:         35.0 m/s
======================================================================
Skipping Source actor due to time limit at clock = 43201.00125327633
Skipping Source actor due to time limit at clock = 43210.6788297557
-----------------------------
| Model.cleanup in progress |
-----------------------------
cleanup: agenda
cleanup: wait queues
coroutine counts = (18584427,18583183,18582559)
[ModelOptimizer] Fitness: 2.8952 | Elapsed: 101.60 sec
[ModelOptimizer] Evaluating parameters: VectorD(2.00000,	5.60900,	-1.00000,	1.00000,	0.300000)

======================================================================
TRAFFIC MODEL BUILDER SUMMARY
======================================================================
Network:      US-101-N-DonaldDoyle
Segments:     7
Lanes:        4
Junctions:    8
Ramps:        2
Sensors:      5
Mode:         PeMS Data-Driven
Car-Following: IDM
ODE Solver:   Ballistic
Vmax:         35.0 m/s
======================================================================
Skipping Source actor due to time limit at clock = 43201.00125327633
Skipping Source actor due to time limit at clock = 43210.6788297557
-----------------------------
| Model.cleanup in progress |
-----------------------------
cleanup: agenda
cleanup: wait queues
coroutine counts = (18644184,18642936,18642310)
[ModelOptimizer] Fitness: 2.7049 | Elapsed: 90.06 sec
[ModelOptimizer] Evaluating parameters: VectorD(2.00000,	5.99669,	-1.00000,	1.00000,	1.50000)

======================================================================
TRAFFIC MODEL BUILDER SUMMARY
======================================================================
Network:      US-101-N-DonaldDoyle
Segments:     7
Lanes:        4
Junctions:    8
Ramps:        2
Sensors:      5
Mode:         PeMS Data-Driven
Car-Following: IDM
ODE Solver:   Ballistic
Vmax:         35.0 m/s
======================================================================
Skipping Source actor due to time limit at clock = 43201.00125327633
Skipping Source actor due to time limit at clock = 43210.6788297557
-----------------------------
| Model.cleanup in progress |
-----------------------------
cleanup: agenda
cleanup: wait queues
coroutine counts = (18703941,18702689,18702061)
[ModelOptimizer] Fitness: 2.4202 | Elapsed: 31.98 sec
[ModelOptimizer] Evaluating parameters: VectorD(2.00000,	4.69162,	-1.00000,	1.00000,	1.50000)

======================================================================
TRAFFIC MODEL BUILDER SUMMARY
======================================================================
Network:      US-101-N-DonaldDoyle
Segments:     7
Lanes:        4
Junctions:    8
Ramps:        2
Sensors:      5
Mode:         PeMS Data-Driven
Car-Following: IDM
ODE Solver:   Ballistic
Vmax:         35.0 m/s
======================================================================
Skipping Source actor due to time limit at clock = 43201.00125327633
Skipping Source actor due to time limit at clock = 43210.6788297557
-----------------------------
| Model.cleanup in progress |
-----------------------------
cleanup: agenda
cleanup: wait queues
coroutine counts = (18763698,18762442,18761812)
[ModelOptimizer] Fitness: 2.4186 | Elapsed: 31.85 sec
[ModelOptimizer] Evaluating parameters: VectorD(2.00000,	6.00000,	-1.00000,	1.00000,	1.50000)

======================================================================
TRAFFIC MODEL BUILDER SUMMARY
======================================================================
Network:      US-101-N-DonaldDoyle
Segments:     7
Lanes:        4
Junctions:    8
Ramps:        2
Sensors:      5
Mode:         PeMS Data-Driven
Car-Following: IDM
ODE Solver:   Ballistic
Vmax:         35.0 m/s
======================================================================
Skipping Source actor due to time limit at clock = 43201.00125327633
Skipping Source actor due to time limit at clock = 43210.6788297557
-----------------------------
| Model.cleanup in progress |
-----------------------------
cleanup: agenda
cleanup: wait queues
coroutine counts = (18823455,18822195,18821563)
[ModelOptimizer] Fitness: 2.4195 | Elapsed: 31.86 sec
[ModelOptimizer] Evaluating parameters: VectorD(2.00000,	6.00000,	-1.00000,	1.00000,	1.50000)

======================================================================
TRAFFIC MODEL BUILDER SUMMARY
======================================================================
Network:      US-101-N-DonaldDoyle
Segments:     7
Lanes:        4
Junctions:    8
Ramps:        2
Sensors:      5
Mode:         PeMS Data-Driven
Car-Following: IDM
ODE Solver:   Ballistic
Vmax:         35.0 m/s
======================================================================
Skipping Source actor due to time limit at clock = 43201.00125327633
Skipping Source actor due to time limit at clock = 43210.6788297557
-----------------------------
| Model.cleanup in progress |
-----------------------------
cleanup: agenda
cleanup: wait queues
coroutine counts = (18883212,18881948,18881314)
[ModelOptimizer] Fitness: 2.4195 | Elapsed: 31.68 sec
[ModelOptimizer] Evaluating parameters: VectorD(2.00000,	4.91873,	-1.00000,	1.00000,	1.50000)

======================================================================
TRAFFIC MODEL BUILDER SUMMARY
======================================================================
Network:      US-101-N-DonaldDoyle
Segments:     7
Lanes:        4
Junctions:    8
Ramps:        2
Sensors:      5
Mode:         PeMS Data-Driven
Car-Following: IDM
ODE Solver:   Ballistic
Vmax:         35.0 m/s
======================================================================
Skipping Source actor due to time limit at clock = 43201.00125327633
Skipping Source actor due to time limit at clock = 43210.6788297557
-----------------------------
| Model.cleanup in progress |
-----------------------------
cleanup: agenda
cleanup: wait queues
coroutine counts = (18942969,18941701,18941065)
[ModelOptimizer] Fitness: 2.4185 | Elapsed: 31.62 sec
[ModelOptimizer] Evaluating parameters: VectorD(2.00000,	4.36181,	-1.00000,	1.00000,	1.50000)

======================================================================
TRAFFIC MODEL BUILDER SUMMARY
======================================================================
Network:      US-101-N-DonaldDoyle
Segments:     7
Lanes:        4
Junctions:    8
Ramps:        2
Sensors:      5
Mode:         PeMS Data-Driven
Car-Following: IDM
ODE Solver:   Ballistic
Vmax:         35.0 m/s
======================================================================
Skipping Source actor due to time limit at clock = 43201.00125327633
Skipping Source actor due to time limit at clock = 43210.6788297557
-----------------------------
| Model.cleanup in progress |
-----------------------------
cleanup: agenda
cleanup: wait queues
coroutine counts = (19002726,19001454,19000816)
[ModelOptimizer] Fitness: 2.4246 | Elapsed: 32.84 sec
[ModelOptimizer] Evaluating parameters: VectorD(2.00000,	4.91873,	-1.00000,	1.00000,	1.50000)

======================================================================
TRAFFIC MODEL BUILDER SUMMARY
======================================================================
Network:      US-101-N-DonaldDoyle
Segments:     7
Lanes:        4
Junctions:    8
Ramps:        2
Sensors:      5
Mode:         PeMS Data-Driven
Car-Following: IDM
ODE Solver:   Ballistic
Vmax:         35.0 m/s
======================================================================
Skipping Source actor due to time limit at clock = 43201.00125327633
Skipping Source actor due to time limit at clock = 43210.6788297557
-----------------------------
| Model.cleanup in progress |
-----------------------------
cleanup: agenda
cleanup: wait queues
coroutine counts = (19062483,19061207,19060567)
[ModelOptimizer] Fitness: 2.4185 | Elapsed: 32.01 sec
[ModelOptimizer] Evaluating parameters: VectorD(8.00000,	6.00000,	-1.00000,	4.31755,	0.300000)

======================================================================
TRAFFIC MODEL BUILDER SUMMARY
======================================================================
Network:      US-101-N-DonaldDoyle
Segments:     7
Lanes:        4
Junctions:    8
Ramps:        2
Sensors:      5
Mode:         PeMS Data-Driven
Car-Following: IDM
ODE Solver:   Ballistic
Vmax:         35.0 m/s
======================================================================
Skipping Source actor due to time limit at clock = 43201.00125327633
Skipping Source actor due to time limit at clock = 43210.6788297557
-----------------------------
| Model.cleanup in progress |
-----------------------------
cleanup: agenda
cleanup: wait queues
coroutine counts = (19122240,19120960,19120318)
[ModelOptimizer] Fitness: 2.8446 | Elapsed: 102.32 sec
[ModelOptimizer] Evaluating parameters: VectorD(2.00000,	6.00000,	-1.00000,	1.00000,	1.50000)

======================================================================
TRAFFIC MODEL BUILDER SUMMARY
======================================================================
Network:      US-101-N-DonaldDoyle
Segments:     7
Lanes:        4
Junctions:    8
Ramps:        2
Sensors:      5
Mode:         PeMS Data-Driven
Car-Following: IDM
ODE Solver:   Ballistic
Vmax:         35.0 m/s
======================================================================
Skipping Source actor due to time limit at clock = 43201.00125327633
Skipping Source actor due to time limit at clock = 43210.6788297557
-----------------------------
| Model.cleanup in progress |
-----------------------------
cleanup: agenda
cleanup: wait queues
coroutine counts = (19181997,19180713,19180069)
[ModelOptimizer] Fitness: 2.4195 | Elapsed: 32.28 sec
[ModelOptimizer] Evaluating parameters: VectorD(2.00000,	6.00000,	-1.00000,	1.00000,	1.50000)

======================================================================
TRAFFIC MODEL BUILDER SUMMARY
======================================================================
Network:      US-101-N-DonaldDoyle
Segments:     7
Lanes:        4
Junctions:    8
Ramps:        2
Sensors:      5
Mode:         PeMS Data-Driven
Car-Following: IDM
ODE Solver:   Ballistic
Vmax:         35.0 m/s
======================================================================
Skipping Source actor due to time limit at clock = 43201.00125327633
Skipping Source actor due to time limit at clock = 43210.6788297557
-----------------------------
| Model.cleanup in progress |
-----------------------------
cleanup: agenda
cleanup: wait queues
coroutine counts = (19241754,19240466,19239820)
[ModelOptimizer] Fitness: 2.4195 | Elapsed: 32.27 sec
[ModelOptimizer] Evaluating parameters: VectorD(2.00000,	5.33414,	-1.00000,	1.00000,	1.50000)

======================================================================
TRAFFIC MODEL BUILDER SUMMARY
======================================================================
Network:      US-101-N-DonaldDoyle
Segments:     7
Lanes:        4
Junctions:    8
Ramps:        2
Sensors:      5
Mode:         PeMS Data-Driven
Car-Following: IDM
ODE Solver:   Ballistic
Vmax:         35.0 m/s
======================================================================
Skipping Source actor due to time limit at clock = 43201.00125327633
Skipping Source actor due to time limit at clock = 43210.6788297557
-----------------------------
| Model.cleanup in progress |
-----------------------------
cleanup: agenda
cleanup: wait queues
coroutine counts = (19301511,19300219,19299571)
[ModelOptimizer] Fitness: 2.4166 | Elapsed: 31.95 sec
[ModelOptimizer] Evaluating parameters: VectorD(2.00000,	6.00000,	-1.00000,	1.00000,	1.50000)

======================================================================
TRAFFIC MODEL BUILDER SUMMARY
======================================================================
Network:      US-101-N-DonaldDoyle
Segments:     7
Lanes:        4
Junctions:    8
Ramps:        2
Sensors:      5
Mode:         PeMS Data-Driven
Car-Following: IDM
ODE Solver:   Ballistic
Vmax:         35.0 m/s
======================================================================
Skipping Source actor due to time limit at clock = 43201.00125327633
Skipping Source actor due to time limit at clock = 43210.6788297557
-----------------------------
| Model.cleanup in progress |
-----------------------------
cleanup: agenda
cleanup: wait queues
coroutine counts = (19361268,19359972,19359322)
[ModelOptimizer] Fitness: 2.4195 | Elapsed: 31.63 sec
[ModelOptimizer] Evaluating parameters: VectorD(2.29815,	6.00000,	-1.00000,	1.00000,	1.50000)

======================================================================
TRAFFIC MODEL BUILDER SUMMARY
======================================================================
Network:      US-101-N-DonaldDoyle
Segments:     7
Lanes:        4
Junctions:    8
Ramps:        2
Sensors:      5
Mode:         PeMS Data-Driven
Car-Following: IDM
ODE Solver:   Ballistic
Vmax:         35.0 m/s
======================================================================
Skipping Source actor due to time limit at clock = 43201.00125327633
Skipping Source actor due to time limit at clock = 43210.6788297557
-----------------------------
| Model.cleanup in progress |
-----------------------------
cleanup: agenda
cleanup: wait queues
coroutine counts = (19421025,19419725,19419073)
[ModelOptimizer] Fitness: 2.4292 | Elapsed: 33.56 sec
[ModelOptimizer] Evaluating parameters: VectorD(2.00000,	6.00000,	-1.00000,	1.00000,	1.50000)

======================================================================
TRAFFIC MODEL BUILDER SUMMARY
======================================================================
Network:      US-101-N-DonaldDoyle
Segments:     7
Lanes:        4
Junctions:    8
Ramps:        2
Sensors:      5
Mode:         PeMS Data-Driven
Car-Following: IDM
ODE Solver:   Ballistic
Vmax:         35.0 m/s
======================================================================
Skipping Source actor due to time limit at clock = 43201.00125327633
Skipping Source actor due to time limit at clock = 43210.6788297557
-----------------------------
| Model.cleanup in progress |
-----------------------------
cleanup: agenda
cleanup: wait queues
coroutine counts = (19480782,19479478,19478824)
[ModelOptimizer] Fitness: 2.4195 | Elapsed: 34.49 sec
[ModelOptimizer] Evaluating parameters: VectorD(2.00000,	4.26952,	-1.00000,	1.00000,	1.50000)

======================================================================
TRAFFIC MODEL BUILDER SUMMARY
======================================================================
Network:      US-101-N-DonaldDoyle
Segments:     7
Lanes:        4
Junctions:    8
Ramps:        2
Sensors:      5
Mode:         PeMS Data-Driven
Car-Following: IDM
ODE Solver:   Ballistic
Vmax:         35.0 m/s
======================================================================
Skipping Source actor due to time limit at clock = 43201.00125327633
Skipping Source actor due to time limit at clock = 43210.6788297557
-----------------------------
| Model.cleanup in progress |
-----------------------------
cleanup: agenda
cleanup: wait queues
coroutine counts = (19540539,19539231,19538575)
[ModelOptimizer] Fitness: 2.4267 | Elapsed: 32.25 sec
[ModelOptimizer] Evaluating parameters: VectorD(2.00000,	5.45732,	-1.06438,	1.00000,	1.50000)

======================================================================
TRAFFIC MODEL BUILDER SUMMARY
======================================================================
Network:      US-101-N-DonaldDoyle
Segments:     7
Lanes:        4
Junctions:    8
Ramps:        2
Sensors:      5
Mode:         PeMS Data-Driven
Car-Following: IDM
ODE Solver:   Ballistic
Vmax:         35.0 m/s
======================================================================
Skipping Source actor due to time limit at clock = 43201.00125327633
Skipping Source actor due to time limit at clock = 43210.6788297557
-----------------------------
| Model.cleanup in progress |
-----------------------------
cleanup: agenda
cleanup: wait queues
coroutine counts = (19600296,19598984,19598326)
[ModelOptimizer] Fitness: 2.4512 | Elapsed: 31.68 sec
[ModelOptimizer] Evaluating parameters: VectorD(2.00000,	4.26952,	-1.00000,	1.00000,	1.50000)

======================================================================
TRAFFIC MODEL BUILDER SUMMARY
======================================================================
Network:      US-101-N-DonaldDoyle
Segments:     7
Lanes:        4
Junctions:    8
Ramps:        2
Sensors:      5
Mode:         PeMS Data-Driven
Car-Following: IDM
ODE Solver:   Ballistic
Vmax:         35.0 m/s
======================================================================
Skipping Source actor due to time limit at clock = 43201.00125327633
Skipping Source actor due to time limit at clock = 43210.6788297557
-----------------------------
| Model.cleanup in progress |
-----------------------------
cleanup: agenda
cleanup: wait queues
coroutine counts = (19660053,19658737,19658077)
[ModelOptimizer] Fitness: 2.4267 | Elapsed: 32.04 sec
[ModelOptimizer] Evaluating parameters: VectorD(2.00000,	2.93456,	-1.00000,	1.00000,	1.50000)

======================================================================
TRAFFIC MODEL BUILDER SUMMARY
======================================================================
Network:      US-101-N-DonaldDoyle
Segments:     7
Lanes:        4
Junctions:    8
Ramps:        2
Sensors:      5
Mode:         PeMS Data-Driven
Car-Following: IDM
ODE Solver:   Ballistic
Vmax:         35.0 m/s
======================================================================
Skipping Source actor due to time limit at clock = 43201.00125327633
Skipping Source actor due to time limit at clock = 43210.6788297557
-----------------------------
| Model.cleanup in progress |
-----------------------------
cleanup: agenda
cleanup: wait queues
coroutine counts = (19719810,19718490,19717828)
[ModelOptimizer] Fitness: 2.5015 | Elapsed: 32.00 sec
[ModelOptimizer] Evaluating parameters: VectorD(2.00000,	4.52263,	-1.00000,	1.00000,	1.50000)

======================================================================
TRAFFIC MODEL BUILDER SUMMARY
======================================================================
Network:      US-101-N-DonaldDoyle
Segments:     7
Lanes:        4
Junctions:    8
Ramps:        2
Sensors:      5
Mode:         PeMS Data-Driven
Car-Following: IDM
ODE Solver:   Ballistic
Vmax:         35.0 m/s
======================================================================
Skipping Source actor due to time limit at clock = 43201.00125327633
Skipping Source actor due to time limit at clock = 43210.6788297557
-----------------------------
| Model.cleanup in progress |
-----------------------------
cleanup: agenda
cleanup: wait queues
coroutine counts = (19779567,19778243,19777579)
[ModelOptimizer] Fitness: 2.4220 | Elapsed: 32.59 sec
[ModelOptimizer] Evaluating parameters: VectorD(2.00000,	5.70667,	-1.00000,	1.00000,	1.50000)

======================================================================
TRAFFIC MODEL BUILDER SUMMARY
======================================================================
Network:      US-101-N-DonaldDoyle
Segments:     7
Lanes:        4
Junctions:    8
Ramps:        2
Sensors:      5
Mode:         PeMS Data-Driven
Car-Following: IDM
ODE Solver:   Ballistic
Vmax:         35.0 m/s
======================================================================
Skipping Source actor due to time limit at clock = 43201.00125327633
Skipping Source actor due to time limit at clock = 43210.6788297557
-----------------------------
| Model.cleanup in progress |
-----------------------------
cleanup: agenda
cleanup: wait queues
coroutine counts = (19839324,19837996,19837330)
[ModelOptimizer] Fitness: 2.4178 | Elapsed: 31.88 sec
[ModelOptimizer] Evaluating parameters: VectorD(2.00000,	6.00000,	-1.00000,	1.00000,	1.50000)

======================================================================
TRAFFIC MODEL BUILDER SUMMARY
======================================================================
Network:      US-101-N-DonaldDoyle
Segments:     7
Lanes:        4
Junctions:    8
Ramps:        2
Sensors:      5
Mode:         PeMS Data-Driven
Car-Following: IDM
ODE Solver:   Ballistic
Vmax:         35.0 m/s
======================================================================
Skipping Source actor due to time limit at clock = 43201.00125327633
Skipping Source actor due to time limit at clock = 43210.6788297557
-----------------------------
| Model.cleanup in progress |
-----------------------------
cleanup: agenda
cleanup: wait queues
coroutine counts = (19899081,19897749,19897081)
[ModelOptimizer] Fitness: 2.4195 | Elapsed: 31.82 sec
[ModelOptimizer] Evaluating parameters: VectorD(2.00000,	5.70667,	-1.00000,	1.00000,	1.50000)

======================================================================
TRAFFIC MODEL BUILDER SUMMARY
======================================================================
Network:      US-101-N-DonaldDoyle
Segments:     7
Lanes:        4
Junctions:    8
Ramps:        2
Sensors:      5
Mode:         PeMS Data-Driven
Car-Following: IDM
ODE Solver:   Ballistic
Vmax:         35.0 m/s
======================================================================
Skipping Source actor due to time limit at clock = 43201.00125327633
Skipping Source actor due to time limit at clock = 43210.6788297557
-----------------------------
| Model.cleanup in progress |
-----------------------------
cleanup: agenda
cleanup: wait queues
coroutine counts = (19958838,19957502,19956832)
[ModelOptimizer] Fitness: 2.4178 | Elapsed: 31.93 sec
[ModelOptimizer] Evaluating parameters: VectorD(2.00000,	6.00000,	-1.00000,	1.00000,	1.50000)

======================================================================
TRAFFIC MODEL BUILDER SUMMARY
======================================================================
Network:      US-101-N-DonaldDoyle
Segments:     7
Lanes:        4
Junctions:    8
Ramps:        2
Sensors:      5
Mode:         PeMS Data-Driven
Car-Following: IDM
ODE Solver:   Ballistic
Vmax:         35.0 m/s
======================================================================
Skipping Source actor due to time limit at clock = 43201.00125327633
Skipping Source actor due to time limit at clock = 43210.6788297557
-----------------------------
| Model.cleanup in progress |
-----------------------------
cleanup: agenda
cleanup: wait queues
coroutine counts = (20018595,20017255,20016583)
[ModelOptimizer] Fitness: 2.4195 | Elapsed: 32.13 sec
[ModelOptimizer] Evaluating parameters: VectorD(2.00000,	6.00000,	-1.00000,	1.00000,	1.50000)

======================================================================
TRAFFIC MODEL BUILDER SUMMARY
======================================================================
Network:      US-101-N-DonaldDoyle
Segments:     7
Lanes:        4
Junctions:    8
Ramps:        2
Sensors:      5
Mode:         PeMS Data-Driven
Car-Following: IDM
ODE Solver:   Ballistic
Vmax:         35.0 m/s
======================================================================
Skipping Source actor due to time limit at clock = 43201.00125327633
Skipping Source actor due to time limit at clock = 43210.6788297557
-----------------------------
| Model.cleanup in progress |
-----------------------------
cleanup: agenda
cleanup: wait queues
coroutine counts = (20078352,20077008,20076334)
[ModelOptimizer] Fitness: 2.4195 | Elapsed: 32.98 sec
[ModelOptimizer] Evaluating parameters: VectorD(2.00000,	6.00000,	-1.00000,	1.00000,	1.50000)

======================================================================
TRAFFIC MODEL BUILDER SUMMARY
======================================================================
Network:      US-101-N-DonaldDoyle
Segments:     7
Lanes:        4
Junctions:    8
Ramps:        2
Sensors:      5
Mode:         PeMS Data-Driven
Car-Following: IDM
ODE Solver:   Ballistic
Vmax:         35.0 m/s
======================================================================
Skipping Source actor due to time limit at clock = 43201.00125327633
Skipping Source actor due to time limit at clock = 43210.6788297557
-----------------------------
| Model.cleanup in progress |
-----------------------------
cleanup: agenda
cleanup: wait queues
coroutine counts = (20138109,20136761,20136085)
[ModelOptimizer] Fitness: 2.4195 | Elapsed: 32.18 sec
[ModelOptimizer] Evaluating parameters: VectorD(2.00000,	5.95245,	-1.00000,	1.00000,	0.300000)

======================================================================
TRAFFIC MODEL BUILDER SUMMARY
======================================================================
Network:      US-101-N-DonaldDoyle
Segments:     7
Lanes:        4
Junctions:    8
Ramps:        2
Sensors:      5
Mode:         PeMS Data-Driven
Car-Following: IDM
ODE Solver:   Ballistic
Vmax:         35.0 m/s
======================================================================
Skipping Source actor due to time limit at clock = 43201.00125327633
Skipping Source actor due to time limit at clock = 43210.6788297557
-----------------------------
| Model.cleanup in progress |
-----------------------------
cleanup: agenda
cleanup: wait queues
coroutine counts = (20197866,20196514,20195836)
[ModelOptimizer] Fitness: 2.6945 | Elapsed: 89.95 sec
[ModelOptimizer] Evaluating parameters: VectorD(2.00000,	6.00000,	-1.00000,	1.00000,	1.50000)

======================================================================
TRAFFIC MODEL BUILDER SUMMARY
======================================================================
Network:      US-101-N-DonaldDoyle
Segments:     7
Lanes:        4
Junctions:    8
Ramps:        2
Sensors:      5
Mode:         PeMS Data-Driven
Car-Following: IDM
ODE Solver:   Ballistic
Vmax:         35.0 m/s
======================================================================
Skipping Source actor due to time limit at clock = 43201.00125327633
Skipping Source actor due to time limit at clock = 43210.6788297557
-----------------------------
| Model.cleanup in progress |
-----------------------------
cleanup: agenda
cleanup: wait queues
coroutine counts = (20257623,20256267,20255587)
[ModelOptimizer] Fitness: 2.4195 | Elapsed: 31.47 sec
[ModelOptimizer] Evaluating parameters: VectorD(2.00000,	6.00000,	-1.00000,	1.00000,	1.50000)

======================================================================
TRAFFIC MODEL BUILDER SUMMARY
======================================================================
Network:      US-101-N-DonaldDoyle
Segments:     7
Lanes:        4
Junctions:    8
Ramps:        2
Sensors:      5
Mode:         PeMS Data-Driven
Car-Following: IDM
ODE Solver:   Ballistic
Vmax:         35.0 m/s
======================================================================
Skipping Source actor due to time limit at clock = 43201.00125327633
Skipping Source actor due to time limit at clock = 43210.6788297557
-----------------------------
| Model.cleanup in progress |
-----------------------------
cleanup: agenda
cleanup: wait queues
coroutine counts = (20317380,20316020,20315338)
[ModelOptimizer] Fitness: 2.4195 | Elapsed: 31.99 sec
[ModelOptimizer] Evaluating parameters: VectorD(2.00000,	6.00000,	-1.00000,	1.00000,	1.50000)

======================================================================
TRAFFIC MODEL BUILDER SUMMARY
======================================================================
Network:      US-101-N-DonaldDoyle
Segments:     7
Lanes:        4
Junctions:    8
Ramps:        2
Sensors:      5
Mode:         PeMS Data-Driven
Car-Following: IDM
ODE Solver:   Ballistic
Vmax:         35.0 m/s
======================================================================
Skipping Source actor due to time limit at clock = 43201.00125327633
Skipping Source actor due to time limit at clock = 43210.6788297557
-----------------------------
| Model.cleanup in progress |
-----------------------------
cleanup: agenda
cleanup: wait queues
coroutine counts = (20377137,20375773,20375089)
[ModelOptimizer] Fitness: 2.4195 | Elapsed: 32.03 sec
[ModelOptimizer] Evaluating parameters: VectorD(6.56062,	4.04116,	-1.00000,	1.00000,	0.300000)

======================================================================
TRAFFIC MODEL BUILDER SUMMARY
======================================================================
Network:      US-101-N-DonaldDoyle
Segments:     7
Lanes:        4
Junctions:    8
Ramps:        2
Sensors:      5
Mode:         PeMS Data-Driven
Car-Following: IDM
ODE Solver:   Ballistic
Vmax:         35.0 m/s
======================================================================
Skipping Source actor due to time limit at clock = 43201.00125327633
Skipping Source actor due to time limit at clock = 43210.6788297557
-----------------------------
| Model.cleanup in progress |
-----------------------------
cleanup: agenda
cleanup: wait queues
coroutine counts = (20436894,20435526,20434840)
[ModelOptimizer] Fitness: 3.0503 | Elapsed: 94.65 sec
[ModelOptimizer] Evaluating parameters: VectorD(2.00000,	6.00000,	-1.00000,	1.00000,	1.50000)

======================================================================
TRAFFIC MODEL BUILDER SUMMARY
======================================================================
Network:      US-101-N-DonaldDoyle
Segments:     7
Lanes:        4
Junctions:    8
Ramps:        2
Sensors:      5
Mode:         PeMS Data-Driven
Car-Following: IDM
ODE Solver:   Ballistic
Vmax:         35.0 m/s
======================================================================
Skipping Source actor due to time limit at clock = 43201.00125327633
Skipping Source actor due to time limit at clock = 43210.6788297557
-----------------------------
| Model.cleanup in progress |
-----------------------------
cleanup: agenda
cleanup: wait queues
coroutine counts = (20496651,20495279,20494591)
[ModelOptimizer] Fitness: 2.4195 | Elapsed: 31.68 sec
[ModelOptimizer] Evaluating parameters: VectorD(2.00000,	5.34082,	-1.00000,	1.00000,	1.50000)

======================================================================
TRAFFIC MODEL BUILDER SUMMARY
======================================================================
Network:      US-101-N-DonaldDoyle
Segments:     7
Lanes:        4
Junctions:    8
Ramps:        2
Sensors:      5
Mode:         PeMS Data-Driven
Car-Following: IDM
ODE Solver:   Ballistic
Vmax:         35.0 m/s
======================================================================
Skipping Source actor due to time limit at clock = 43201.00125327633
Skipping Source actor due to time limit at clock = 43210.6788297557
-----------------------------
| Model.cleanup in progress |
-----------------------------
cleanup: agenda
cleanup: wait queues
coroutine counts = (20556408,20555032,20554342)
[ModelOptimizer] Fitness: 2.4168 | Elapsed: 31.42 sec
[ModelOptimizer] Evaluating parameters: VectorD(2.00000,	5.34082,	-1.00000,	1.00000,	1.50000)

======================================================================
TRAFFIC MODEL BUILDER SUMMARY
======================================================================
Network:      US-101-N-DonaldDoyle
Segments:     7
Lanes:        4
Junctions:    8
Ramps:        2
Sensors:      5
Mode:         PeMS Data-Driven
Car-Following: IDM
ODE Solver:   Ballistic
Vmax:         35.0 m/s
======================================================================
Skipping Source actor due to time limit at clock = 43201.00125327633
Skipping Source actor due to time limit at clock = 43210.6788297557
-----------------------------
| Model.cleanup in progress |
-----------------------------
cleanup: agenda
cleanup: wait queues
coroutine counts = (20616165,20614785,20614093)
[ModelOptimizer] Fitness: 2.4168 | Elapsed: 31.80 sec
[ModelOptimizer] Evaluating parameters: VectorD(2.00000,	6.00000,	-1.00000,	1.00000,	1.50000)

======================================================================
TRAFFIC MODEL BUILDER SUMMARY
======================================================================
Network:      US-101-N-DonaldDoyle
Segments:     7
Lanes:        4
Junctions:    8
Ramps:        2
Sensors:      5
Mode:         PeMS Data-Driven
Car-Following: IDM
ODE Solver:   Ballistic
Vmax:         35.0 m/s
======================================================================
Skipping Source actor due to time limit at clock = 43201.00125327633
Skipping Source actor due to time limit at clock = 43210.6788297557
-----------------------------
| Model.cleanup in progress |
-----------------------------
cleanup: agenda
cleanup: wait queues
coroutine counts = (20675922,20674538,20673844)
[ModelOptimizer] Fitness: 2.4195 | Elapsed: 31.79 sec
[ModelOptimizer] Evaluating parameters: VectorD(2.00000,	5.40278,	-1.00000,	1.00000,	1.50000)

======================================================================
TRAFFIC MODEL BUILDER SUMMARY
======================================================================
Network:      US-101-N-DonaldDoyle
Segments:     7
Lanes:        4
Junctions:    8
Ramps:        2
Sensors:      5
Mode:         PeMS Data-Driven
Car-Following: IDM
ODE Solver:   Ballistic
Vmax:         35.0 m/s
======================================================================
Skipping Source actor due to time limit at clock = 43201.00125327633
Skipping Source actor due to time limit at clock = 43210.6788297557
-----------------------------
| Model.cleanup in progress |
-----------------------------
cleanup: agenda
cleanup: wait queues
coroutine counts = (20735679,20734291,20733595)
[ModelOptimizer] Fitness: 2.4182 | Elapsed: 31.43 sec
       7 |      2.41662721 |      2.41662721 |      14.0% ✓
[ModelOptimizer] Evaluating parameters: VectorD(2.00000,	6.00000,	-1.00000,	1.00000,	1.50000)

======================================================================
TRAFFIC MODEL BUILDER SUMMARY
======================================================================
Network:      US-101-N-DonaldDoyle
Segments:     7
Lanes:        4
Junctions:    8
Ramps:        2
Sensors:      5
Mode:         PeMS Data-Driven
Car-Following: IDM
ODE Solver:   Ballistic
Vmax:         35.0 m/s
======================================================================
Skipping Source actor due to time limit at clock = 43201.00125327633
Skipping Source actor due to time limit at clock = 43210.6788297557
-----------------------------
| Model.cleanup in progress |
-----------------------------
cleanup: agenda
cleanup: wait queues
coroutine counts = (20795436,20794044,20793346)
[ModelOptimizer] Fitness: 2.4195 | Elapsed: 31.70 sec
[ModelOptimizer] Evaluating parameters: VectorD(2.00000,	4.98465,	-1.00000,	1.00000,	1.50000)

======================================================================
TRAFFIC MODEL BUILDER SUMMARY
======================================================================
Network:      US-101-N-DonaldDoyle
Segments:     7
Lanes:        4
Junctions:    8
Ramps:        2
Sensors:      5
Mode:         PeMS Data-Driven
Car-Following: IDM
ODE Solver:   Ballistic
Vmax:         35.0 m/s
======================================================================
Skipping Source actor due to time limit at clock = 43201.00125327633
Skipping Source actor due to time limit at clock = 43210.6788297557
-----------------------------
| Model.cleanup in progress |
-----------------------------
cleanup: agenda
cleanup: wait queues
coroutine counts = (20855193,20853797,20853097)
[ModelOptimizer] Fitness: 2.4183 | Elapsed: 31.79 sec
[ModelOptimizer] Evaluating parameters: VectorD(2.00000,	6.00000,	-1.00000,	1.00000,	1.50000)

======================================================================
TRAFFIC MODEL BUILDER SUMMARY
======================================================================
Network:      US-101-N-DonaldDoyle
Segments:     7
Lanes:        4
Junctions:    8
Ramps:        2
Sensors:      5
Mode:         PeMS Data-Driven
Car-Following: IDM
ODE Solver:   Ballistic
Vmax:         35.0 m/s
======================================================================
Skipping Source actor due to time limit at clock = 43201.00125327633
Skipping Source actor due to time limit at clock = 43210.6788297557
-----------------------------
| Model.cleanup in progress |
-----------------------------
cleanup: agenda
cleanup: wait queues
coroutine counts = (20914950,20913550,20912848)
[ModelOptimizer] Fitness: 2.4195 | Elapsed: 31.78 sec
[ModelOptimizer] Evaluating parameters: VectorD(2.00000,	6.00000,	-1.00000,	1.00000,	1.50000)

======================================================================
TRAFFIC MODEL BUILDER SUMMARY
======================================================================
Network:      US-101-N-DonaldDoyle
Segments:     7
Lanes:        4
Junctions:    8
Ramps:        2
Sensors:      5
Mode:         PeMS Data-Driven
Car-Following: IDM
ODE Solver:   Ballistic
Vmax:         35.0 m/s
======================================================================
Skipping Source actor due to time limit at clock = 43201.00125327633
Skipping Source actor due to time limit at clock = 43210.6788297557
-----------------------------
| Model.cleanup in progress |
-----------------------------
cleanup: agenda
cleanup: wait queues
coroutine counts = (20974707,20973303,20972599)
[ModelOptimizer] Fitness: 2.4195 | Elapsed: 31.60 sec
[ModelOptimizer] Evaluating parameters: VectorD(2.00000,	6.00000,	-1.00000,	1.00000,	1.50000)

======================================================================
TRAFFIC MODEL BUILDER SUMMARY
======================================================================
Network:      US-101-N-DonaldDoyle
Segments:     7
Lanes:        4
Junctions:    8
Ramps:        2
Sensors:      5
Mode:         PeMS Data-Driven
Car-Following: IDM
ODE Solver:   Ballistic
Vmax:         35.0 m/s
======================================================================
Skipping Source actor due to time limit at clock = 43201.00125327633
Skipping Source actor due to time limit at clock = 43210.6788297557
-----------------------------
| Model.cleanup in progress |
-----------------------------
cleanup: agenda
cleanup: wait queues
coroutine counts = (21034464,21033056,21032350)
[ModelOptimizer] Fitness: 2.4195 | Elapsed: 31.95 sec
[ModelOptimizer] Evaluating parameters: VectorD(2.00000,	5.20798,	-1.00000,	1.00000,	1.50000)

======================================================================
TRAFFIC MODEL BUILDER SUMMARY
======================================================================
Network:      US-101-N-DonaldDoyle
Segments:     7
Lanes:        4
Junctions:    8
Ramps:        2
Sensors:      5
Mode:         PeMS Data-Driven
Car-Following: IDM
ODE Solver:   Ballistic
Vmax:         35.0 m/s
======================================================================
Skipping Source actor due to time limit at clock = 43201.00125327633
Skipping Source actor due to time limit at clock = 43210.6788297557
-----------------------------
| Model.cleanup in progress |
-----------------------------
cleanup: agenda
cleanup: wait queues
coroutine counts = (21094221,21092809,21092101)
[ModelOptimizer] Fitness: 2.4185 | Elapsed: 32.09 sec
[ModelOptimizer] Evaluating parameters: VectorD(2.00000,	6.00000,	-1.00000,	1.00000,	1.50000)

======================================================================
TRAFFIC MODEL BUILDER SUMMARY
======================================================================
Network:      US-101-N-DonaldDoyle
Segments:     7
Lanes:        4
Junctions:    8
Ramps:        2
Sensors:      5
Mode:         PeMS Data-Driven
Car-Following: IDM
ODE Solver:   Ballistic
Vmax:         35.0 m/s
======================================================================
Skipping Source actor due to time limit at clock = 43201.00125327633
Skipping Source actor due to time limit at clock = 43210.6788297557
-----------------------------
| Model.cleanup in progress |
-----------------------------
cleanup: agenda
cleanup: wait queues
coroutine counts = (21153978,21152562,21151852)
[ModelOptimizer] Fitness: 2.4195 | Elapsed: 31.56 sec
[ModelOptimizer] Evaluating parameters: VectorD(2.00000,	4.14744,	-1.00000,	1.00000,	1.50000)

======================================================================
TRAFFIC MODEL BUILDER SUMMARY
======================================================================
Network:      US-101-N-DonaldDoyle
Segments:     7
Lanes:        4
Junctions:    8
Ramps:        2
Sensors:      5
Mode:         PeMS Data-Driven
Car-Following: IDM
ODE Solver:   Ballistic
Vmax:         35.0 m/s
======================================================================
Skipping Source actor due to time limit at clock = 43201.00125327633
Skipping Source actor due to time limit at clock = 43210.6788297557
-----------------------------
| Model.cleanup in progress |
-----------------------------
cleanup: agenda
cleanup: wait queues
coroutine counts = (21213735,21212315,21211603)
[ModelOptimizer] Fitness: 2.4295 | Elapsed: 31.49 sec
[ModelOptimizer] Evaluating parameters: VectorD(2.00000,	6.00000,	-1.00000,	1.00000,	1.50000)

======================================================================
TRAFFIC MODEL BUILDER SUMMARY
======================================================================
Network:      US-101-N-DonaldDoyle
Segments:     7
Lanes:        4
Junctions:    8
Ramps:        2
Sensors:      5
Mode:         PeMS Data-Driven
Car-Following: IDM
ODE Solver:   Ballistic
Vmax:         35.0 m/s
======================================================================
Skipping Source actor due to time limit at clock = 43201.00125327633
Skipping Source actor due to time limit at clock = 43210.6788297557
-----------------------------
| Model.cleanup in progress |
-----------------------------
cleanup: agenda
cleanup: wait queues
coroutine counts = (21273492,21272068,21271354)
[ModelOptimizer] Fitness: 2.4195 | Elapsed: 31.82 sec
[ModelOptimizer] Evaluating parameters: VectorD(2.00000,	5.60900,	-1.00000,	1.00000,	1.50000)

======================================================================
TRAFFIC MODEL BUILDER SUMMARY
======================================================================
Network:      US-101-N-DonaldDoyle
Segments:     7
Lanes:        4
Junctions:    8
Ramps:        2
Sensors:      5
Mode:         PeMS Data-Driven
Car-Following: IDM
ODE Solver:   Ballistic
Vmax:         35.0 m/s
======================================================================
Skipping Source actor due to time limit at clock = 43201.00125327633
Skipping Source actor due to time limit at clock = 43210.6788297557
-----------------------------
| Model.cleanup in progress |
-----------------------------
cleanup: agenda
cleanup: wait queues
coroutine counts = (21333249,21331821,21331105)
[ModelOptimizer] Fitness: 2.4181 | Elapsed: 31.89 sec
[ModelOptimizer] Evaluating parameters: VectorD(2.00000,	5.60900,	-1.00000,	1.00000,	0.300000)

======================================================================
TRAFFIC MODEL BUILDER SUMMARY
======================================================================
Network:      US-101-N-DonaldDoyle
Segments:     7
Lanes:        4
Junctions:    8
Ramps:        2
Sensors:      5
Mode:         PeMS Data-Driven
Car-Following: IDM
ODE Solver:   Ballistic
Vmax:         35.0 m/s
======================================================================
Skipping Source actor due to time limit at clock = 43201.00125327633
Skipping Source actor due to time limit at clock = 43210.6788297557
-----------------------------
| Model.cleanup in progress |
-----------------------------
cleanup: agenda
cleanup: wait queues
coroutine counts = (21393006,21391574,21390856)
[ModelOptimizer] Fitness: 2.7049 | Elapsed: 90.03 sec
[ModelOptimizer] Evaluating parameters: VectorD(2.00000,	5.60900,	-1.00000,	1.00000,	1.50000)

======================================================================
TRAFFIC MODEL BUILDER SUMMARY
======================================================================
Network:      US-101-N-DonaldDoyle
Segments:     7
Lanes:        4
Junctions:    8
Ramps:        2
Sensors:      5
Mode:         PeMS Data-Driven
Car-Following: IDM
ODE Solver:   Ballistic
Vmax:         35.0 m/s
======================================================================
Skipping Source actor due to time limit at clock = 43201.00125327633
Skipping Source actor due to time limit at clock = 43210.6788297557
-----------------------------
| Model.cleanup in progress |
-----------------------------
cleanup: agenda
cleanup: wait queues
coroutine counts = (21452763,21451327,21450607)
[ModelOptimizer] Fitness: 2.4181 | Elapsed: 31.14 sec
[ModelOptimizer] Evaluating parameters: VectorD(2.00000,	6.00000,	-1.00000,	1.00000,	1.50000)

======================================================================
TRAFFIC MODEL BUILDER SUMMARY
======================================================================
Network:      US-101-N-DonaldDoyle
Segments:     7
Lanes:        4
Junctions:    8
Ramps:        2
Sensors:      5
Mode:         PeMS Data-Driven
Car-Following: IDM
ODE Solver:   Ballistic
Vmax:         35.0 m/s
======================================================================
Skipping Source actor due to time limit at clock = 43201.00125327633
Skipping Source actor due to time limit at clock = 43210.6788297557
-----------------------------
| Model.cleanup in progress |
-----------------------------
cleanup: agenda
cleanup: wait queues
coroutine counts = (21512520,21511080,21510358)
[ModelOptimizer] Fitness: 2.4195 | Elapsed: 31.58 sec
[ModelOptimizer] Evaluating parameters: VectorD(2.00000,	4.69162,	-1.00000,	1.00000,	1.50000)

======================================================================
TRAFFIC MODEL BUILDER SUMMARY
======================================================================
Network:      US-101-N-DonaldDoyle
Segments:     7
Lanes:        4
Junctions:    8
Ramps:        2
Sensors:      5
Mode:         PeMS Data-Driven
Car-Following: IDM
ODE Solver:   Ballistic
Vmax:         35.0 m/s
======================================================================
Skipping Source actor due to time limit at clock = 43201.00125327633
Skipping Source actor due to time limit at clock = 43210.6788297557
-----------------------------
| Model.cleanup in progress |
-----------------------------
cleanup: agenda
cleanup: wait queues
coroutine counts = (21572277,21570833,21570109)
[ModelOptimizer] Fitness: 2.4186 | Elapsed: 32.00 sec
[ModelOptimizer] Evaluating parameters: VectorD(2.00000,	6.00000,	-1.00000,	1.00000,	1.50000)

======================================================================
TRAFFIC MODEL BUILDER SUMMARY
======================================================================
Network:      US-101-N-DonaldDoyle
Segments:     7
Lanes:        4
Junctions:    8
Ramps:        2
Sensors:      5
Mode:         PeMS Data-Driven
Car-Following: IDM
ODE Solver:   Ballistic
Vmax:         35.0 m/s
======================================================================
Skipping Source actor due to time limit at clock = 43201.00125327633
Skipping Source actor due to time limit at clock = 43210.6788297557
-----------------------------
| Model.cleanup in progress |
-----------------------------
cleanup: agenda
cleanup: wait queues
coroutine counts = (21632034,21630586,21629860)
[ModelOptimizer] Fitness: 2.4195 | Elapsed: 31.46 sec
[ModelOptimizer] Evaluating parameters: VectorD(2.00000,	6.00000,	-1.00000,	1.00000,	1.50000)

======================================================================
TRAFFIC MODEL BUILDER SUMMARY
======================================================================
Network:      US-101-N-DonaldDoyle
Segments:     7
Lanes:        4
Junctions:    8
Ramps:        2
Sensors:      5
Mode:         PeMS Data-Driven
Car-Following: IDM
ODE Solver:   Ballistic
Vmax:         35.0 m/s
======================================================================
Skipping Source actor due to time limit at clock = 43201.00125327633
Skipping Source actor due to time limit at clock = 43210.6788297557
-----------------------------
| Model.cleanup in progress |
-----------------------------
cleanup: agenda
cleanup: wait queues
coroutine counts = (21691791,21690339,21689611)
[ModelOptimizer] Fitness: 2.4195 | Elapsed: 32.21 sec
[ModelOptimizer] Evaluating parameters: VectorD(2.00000,	6.00000,	-1.00000,	1.00000,	1.50000)

======================================================================
TRAFFIC MODEL BUILDER SUMMARY
======================================================================
Network:      US-101-N-DonaldDoyle
Segments:     7
Lanes:        4
Junctions:    8
Ramps:        2
Sensors:      5
Mode:         PeMS Data-Driven
Car-Following: IDM
ODE Solver:   Ballistic
Vmax:         35.0 m/s
======================================================================
Skipping Source actor due to time limit at clock = 43201.00125327633
Skipping Source actor due to time limit at clock = 43210.6788297557
-----------------------------
| Model.cleanup in progress |
-----------------------------
cleanup: agenda
cleanup: wait queues
coroutine counts = (21751548,21750092,21749362)
[ModelOptimizer] Fitness: 2.4195 | Elapsed: 32.16 sec
[ModelOptimizer] Evaluating parameters: VectorD(2.00000,	4.91873,	-1.00000,	1.00000,	1.50000)

======================================================================
TRAFFIC MODEL BUILDER SUMMARY
======================================================================
Network:      US-101-N-DonaldDoyle
Segments:     7
Lanes:        4
Junctions:    8
Ramps:        2
Sensors:      5
Mode:         PeMS Data-Driven
Car-Following: IDM
ODE Solver:   Ballistic
Vmax:         35.0 m/s
======================================================================
Skipping Source actor due to time limit at clock = 43201.00125327633
Skipping Source actor due to time limit at clock = 43210.6788297557
-----------------------------
| Model.cleanup in progress |
-----------------------------
cleanup: agenda
cleanup: wait queues
coroutine counts = (21811305,21809845,21809113)
[ModelOptimizer] Fitness: 2.4185 | Elapsed: 31.19 sec
[ModelOptimizer] Evaluating parameters: VectorD(2.00000,	4.53414,	-1.00000,	2.91757,	0.300000)

======================================================================
TRAFFIC MODEL BUILDER SUMMARY
======================================================================
Network:      US-101-N-DonaldDoyle
Segments:     7
Lanes:        4
Junctions:    8
Ramps:        2
Sensors:      5
Mode:         PeMS Data-Driven
Car-Following: IDM
ODE Solver:   Ballistic
Vmax:         35.0 m/s
======================================================================
Skipping Source actor due to time limit at clock = 43201.00125327633
Skipping Source actor due to time limit at clock = 43210.6788297557
-----------------------------
| Model.cleanup in progress |
-----------------------------
cleanup: agenda
cleanup: wait queues
coroutine counts = (21871062,21869598,21868864)
[ModelOptimizer] Fitness: 2.8592 | Elapsed: 95.41 sec
[ModelOptimizer] Evaluating parameters: VectorD(2.00000,	6.00000,	-1.00000,	1.00000,	1.50000)

======================================================================
TRAFFIC MODEL BUILDER SUMMARY
======================================================================
Network:      US-101-N-DonaldDoyle
Segments:     7
Lanes:        4
Junctions:    8
Ramps:        2
Sensors:      5
Mode:         PeMS Data-Driven
Car-Following: IDM
ODE Solver:   Ballistic
Vmax:         35.0 m/s
======================================================================
Skipping Source actor due to time limit at clock = 43201.00125327633
Skipping Source actor due to time limit at clock = 43210.6788297557
-----------------------------
| Model.cleanup in progress |
-----------------------------
cleanup: agenda
cleanup: wait queues
coroutine counts = (21930819,21929351,21928615)
[ModelOptimizer] Fitness: 2.4195 | Elapsed: 31.73 sec
[ModelOptimizer] Evaluating parameters: VectorD(2.00000,	5.33414,	-1.00000,	1.00000,	1.50000)

======================================================================
TRAFFIC MODEL BUILDER SUMMARY
======================================================================
Network:      US-101-N-DonaldDoyle
Segments:     7
Lanes:        4
Junctions:    8
Ramps:        2
Sensors:      5
Mode:         PeMS Data-Driven
Car-Following: IDM
ODE Solver:   Ballistic
Vmax:         35.0 m/s
======================================================================
Skipping Source actor due to time limit at clock = 43201.00125327633
Skipping Source actor due to time limit at clock = 43210.6788297557
-----------------------------
| Model.cleanup in progress |
-----------------------------
cleanup: agenda
cleanup: wait queues
coroutine counts = (21990576,21989104,21988366)
[ModelOptimizer] Fitness: 2.4166 | Elapsed: 31.88 sec
[ModelOptimizer] Evaluating parameters: VectorD(2.00000,	5.33414,	-1.00000,	1.00000,	1.50000)

======================================================================
TRAFFIC MODEL BUILDER SUMMARY
======================================================================
Network:      US-101-N-DonaldDoyle
Segments:     7
Lanes:        4
Junctions:    8
Ramps:        2
Sensors:      5
Mode:         PeMS Data-Driven
Car-Following: IDM
ODE Solver:   Ballistic
Vmax:         35.0 m/s
======================================================================
Skipping Source actor due to time limit at clock = 43201.00125327633
Skipping Source actor due to time limit at clock = 43210.6788297557
-----------------------------
| Model.cleanup in progress |
-----------------------------
cleanup: agenda
cleanup: wait queues
coroutine counts = (22050333,22048857,22048117)
[ModelOptimizer] Fitness: 2.4166 | Elapsed: 31.26 sec
[ModelOptimizer] Evaluating parameters: VectorD(2.00000,	5.26289,	-1.00000,	1.00000,	1.50000)

======================================================================
TRAFFIC MODEL BUILDER SUMMARY
======================================================================
Network:      US-101-N-DonaldDoyle
Segments:     7
Lanes:        4
Junctions:    8
Ramps:        2
Sensors:      5
Mode:         PeMS Data-Driven
Car-Following: IDM
ODE Solver:   Ballistic
Vmax:         35.0 m/s
======================================================================
Skipping Source actor due to time limit at clock = 43201.00125327633
Skipping Source actor due to time limit at clock = 43210.6788297557
-----------------------------
| Model.cleanup in progress |
-----------------------------
cleanup: agenda
cleanup: wait queues
coroutine counts = (22110090,22108610,22107868)
[ModelOptimizer] Fitness: 2.4187 | Elapsed: 33.34 sec
[ModelOptimizer] Evaluating parameters: VectorD(2.00000,	6.00000,	-1.00000,	1.00000,	1.50000)

======================================================================
TRAFFIC MODEL BUILDER SUMMARY
======================================================================
Network:      US-101-N-DonaldDoyle
Segments:     7
Lanes:        4
Junctions:    8
Ramps:        2
Sensors:      5
Mode:         PeMS Data-Driven
Car-Following: IDM
ODE Solver:   Ballistic
Vmax:         35.0 m/s
======================================================================
Skipping Source actor due to time limit at clock = 43201.00125327633
Skipping Source actor due to time limit at clock = 43210.6788297557
-----------------------------
| Model.cleanup in progress |
-----------------------------
cleanup: agenda
cleanup: wait queues
coroutine counts = (22169847,22168363,22167619)
[ModelOptimizer] Fitness: 2.4195 | Elapsed: 32.93 sec
[ModelOptimizer] Evaluating parameters: VectorD(2.00000,	5.26289,	-1.00000,	1.00000,	1.50000)

======================================================================
TRAFFIC MODEL BUILDER SUMMARY
======================================================================
Network:      US-101-N-DonaldDoyle
Segments:     7
Lanes:        4
Junctions:    8
Ramps:        2
Sensors:      5
Mode:         PeMS Data-Driven
Car-Following: IDM
ODE Solver:   Ballistic
Vmax:         35.0 m/s
======================================================================
Skipping Source actor due to time limit at clock = 43201.00125327633
Skipping Source actor due to time limit at clock = 43210.6788297557
-----------------------------
| Model.cleanup in progress |
-----------------------------
cleanup: agenda
cleanup: wait queues
coroutine counts = (22229604,22228116,22227370)
[ModelOptimizer] Fitness: 2.4187 | Elapsed: 31.68 sec
[ModelOptimizer] Evaluating parameters: VectorD(2.00000,	6.00000,	-1.00000,	1.00000,	1.50000)

======================================================================
TRAFFIC MODEL BUILDER SUMMARY
======================================================================
Network:      US-101-N-DonaldDoyle
Segments:     7
Lanes:        4
Junctions:    8
Ramps:        2
Sensors:      5
Mode:         PeMS Data-Driven
Car-Following: IDM
ODE Solver:   Ballistic
Vmax:         35.0 m/s
======================================================================
Skipping Source actor due to time limit at clock = 43201.00125327633
Skipping Source actor due to time limit at clock = 43210.6788297557
-----------------------------
| Model.cleanup in progress |
-----------------------------
cleanup: agenda
cleanup: wait queues
coroutine counts = (22289361,22287869,22287121)
[ModelOptimizer] Fitness: 2.4195 | Elapsed: 31.48 sec
[ModelOptimizer] Evaluating parameters: VectorD(2.00000,	4.26952,	-1.00000,	1.00000,	1.50000)

======================================================================
TRAFFIC MODEL BUILDER SUMMARY
======================================================================
Network:      US-101-N-DonaldDoyle
Segments:     7
Lanes:        4
Junctions:    8
Ramps:        2
Sensors:      5
Mode:         PeMS Data-Driven
Car-Following: IDM
ODE Solver:   Ballistic
Vmax:         35.0 m/s
======================================================================
Skipping Source actor due to time limit at clock = 43201.00125327633
Skipping Source actor due to time limit at clock = 43210.6788297557
-----------------------------
| Model.cleanup in progress |
-----------------------------
cleanup: agenda
cleanup: wait queues
coroutine counts = (22349118,22347622,22346872)
[ModelOptimizer] Fitness: 2.4267 | Elapsed: 31.75 sec
[ModelOptimizer] Evaluating parameters: VectorD(2.00000,	6.00000,	-1.00000,	1.00000,	1.50000)

======================================================================
TRAFFIC MODEL BUILDER SUMMARY
======================================================================
Network:      US-101-N-DonaldDoyle
Segments:     7
Lanes:        4
Junctions:    8
Ramps:        2
Sensors:      5
Mode:         PeMS Data-Driven
Car-Following: IDM
ODE Solver:   Ballistic
Vmax:         35.0 m/s
======================================================================
Skipping Source actor due to time limit at clock = 43201.00125327633
Skipping Source actor due to time limit at clock = 43210.6788297557
-----------------------------
| Model.cleanup in progress |
-----------------------------
cleanup: agenda
cleanup: wait queues
coroutine counts = (22408875,22407375,22406623)
[ModelOptimizer] Fitness: 2.4195 | Elapsed: 31.95 sec
[ModelOptimizer] Evaluating parameters: VectorD(2.00000,	6.00000,	-1.00000,	1.00000,	1.50000)

======================================================================
TRAFFIC MODEL BUILDER SUMMARY
======================================================================
Network:      US-101-N-DonaldDoyle
Segments:     7
Lanes:        4
Junctions:    8
Ramps:        2
Sensors:      5
Mode:         PeMS Data-Driven
Car-Following: IDM
ODE Solver:   Ballistic
Vmax:         35.0 m/s
======================================================================
Skipping Source actor due to time limit at clock = 43201.00125327633
Skipping Source actor due to time limit at clock = 43210.6788297557
-----------------------------
| Model.cleanup in progress |
-----------------------------
cleanup: agenda
cleanup: wait queues
coroutine counts = (22468632,22467128,22466374)
[ModelOptimizer] Fitness: 2.4195 | Elapsed: 31.33 sec
[ModelOptimizer] Evaluating parameters: VectorD(2.00000,	4.52263,	-1.00000,	1.00000,	1.50000)

======================================================================
TRAFFIC MODEL BUILDER SUMMARY
======================================================================
Network:      US-101-N-DonaldDoyle
Segments:     7
Lanes:        4
Junctions:    8
Ramps:        2
Sensors:      5
Mode:         PeMS Data-Driven
Car-Following: IDM
ODE Solver:   Ballistic
Vmax:         35.0 m/s
======================================================================
Skipping Source actor due to time limit at clock = 43201.00125327633
Skipping Source actor due to time limit at clock = 43210.6788297557
-----------------------------
| Model.cleanup in progress |
-----------------------------
cleanup: agenda
cleanup: wait queues
coroutine counts = (22528389,22526881,22526125)
[ModelOptimizer] Fitness: 2.4220 | Elapsed: 31.98 sec
[ModelOptimizer] Evaluating parameters: VectorD(2.00000,	6.00000,	-1.00000,	1.00000,	1.50000)

======================================================================
TRAFFIC MODEL BUILDER SUMMARY
======================================================================
Network:      US-101-N-DonaldDoyle
Segments:     7
Lanes:        4
Junctions:    8
Ramps:        2
Sensors:      5
Mode:         PeMS Data-Driven
Car-Following: IDM
ODE Solver:   Ballistic
Vmax:         35.0 m/s
======================================================================
Skipping Source actor due to time limit at clock = 43201.00125327633
Skipping Source actor due to time limit at clock = 43210.6788297557
-----------------------------
| Model.cleanup in progress |
-----------------------------
cleanup: agenda
cleanup: wait queues
coroutine counts = (22588146,22586634,22585876)
[ModelOptimizer] Fitness: 2.4195 | Elapsed: 32.11 sec
[ModelOptimizer] Evaluating parameters: VectorD(2.00000,	6.00000,	-1.00000,	1.00000,	1.50000)

======================================================================
TRAFFIC MODEL BUILDER SUMMARY
======================================================================
Network:      US-101-N-DonaldDoyle
Segments:     7
Lanes:        4
Junctions:    8
Ramps:        2
Sensors:      5
Mode:         PeMS Data-Driven
Car-Following: IDM
ODE Solver:   Ballistic
Vmax:         35.0 m/s
======================================================================
Skipping Source actor due to time limit at clock = 43201.00125327633
Skipping Source actor due to time limit at clock = 43210.6788297557
-----------------------------
| Model.cleanup in progress |
-----------------------------
cleanup: agenda
cleanup: wait queues
coroutine counts = (22647903,22646387,22645627)
[ModelOptimizer] Fitness: 2.4195 | Elapsed: 31.28 sec
[ModelOptimizer] Evaluating parameters: VectorD(2.00000,	5.70667,	-1.00000,	1.00000,	1.50000)

======================================================================
TRAFFIC MODEL BUILDER SUMMARY
======================================================================
Network:      US-101-N-DonaldDoyle
Segments:     7
Lanes:        4
Junctions:    8
Ramps:        2
Sensors:      5
Mode:         PeMS Data-Driven
Car-Following: IDM
ODE Solver:   Ballistic
Vmax:         35.0 m/s
======================================================================
Skipping Source actor due to time limit at clock = 43201.00125327633
Skipping Source actor due to time limit at clock = 43210.6788297557
-----------------------------
| Model.cleanup in progress |
-----------------------------
cleanup: agenda
cleanup: wait queues
coroutine counts = (22707660,22706140,22705378)
[ModelOptimizer] Fitness: 2.4178 | Elapsed: 32.13 sec
[ModelOptimizer] Evaluating parameters: VectorD(2.00000,	6.00000,	-1.00000,	1.00000,	1.50000)

======================================================================
TRAFFIC MODEL BUILDER SUMMARY
======================================================================
Network:      US-101-N-DonaldDoyle
Segments:     7
Lanes:        4
Junctions:    8
Ramps:        2
Sensors:      5
Mode:         PeMS Data-Driven
Car-Following: IDM
ODE Solver:   Ballistic
Vmax:         35.0 m/s
======================================================================
Skipping Source actor due to time limit at clock = 43201.00125327633
Skipping Source actor due to time limit at clock = 43210.6788297557
-----------------------------
| Model.cleanup in progress |
-----------------------------
cleanup: agenda
cleanup: wait queues
coroutine counts = (22767417,22765893,22765129)
[ModelOptimizer] Fitness: 2.4195 | Elapsed: 32.09 sec
[ModelOptimizer] Evaluating parameters: VectorD(2.00000,	6.00000,	-1.00000,	1.00000,	1.50000)

======================================================================
TRAFFIC MODEL BUILDER SUMMARY
======================================================================
Network:      US-101-N-DonaldDoyle
Segments:     7
Lanes:        4
Junctions:    8
Ramps:        2
Sensors:      5
Mode:         PeMS Data-Driven
Car-Following: IDM
ODE Solver:   Ballistic
Vmax:         35.0 m/s
======================================================================
Skipping Source actor due to time limit at clock = 43201.00125327633
Skipping Source actor due to time limit at clock = 43210.6788297557
-----------------------------
| Model.cleanup in progress |
-----------------------------
cleanup: agenda
cleanup: wait queues
coroutine counts = (22827174,22825646,22824880)
[ModelOptimizer] Fitness: 2.4195 | Elapsed: 31.93 sec
[ModelOptimizer] Evaluating parameters: VectorD(2.00000,	6.00000,	-1.00000,	1.00000,	1.50000)

======================================================================
TRAFFIC MODEL BUILDER SUMMARY
======================================================================
Network:      US-101-N-DonaldDoyle
Segments:     7
Lanes:        4
Junctions:    8
Ramps:        2
Sensors:      5
Mode:         PeMS Data-Driven
Car-Following: IDM
ODE Solver:   Ballistic
Vmax:         35.0 m/s
======================================================================
Skipping Source actor due to time limit at clock = 43201.00125327633
Skipping Source actor due to time limit at clock = 43210.6788297557
-----------------------------
| Model.cleanup in progress |
-----------------------------
cleanup: agenda
cleanup: wait queues
coroutine counts = (22886931,22885399,22884631)
[ModelOptimizer] Fitness: 2.4195 | Elapsed: 32.19 sec
[ModelOptimizer] Evaluating parameters: VectorD(2.00000,	6.00000,	-1.00000,	1.00000,	1.50000)

======================================================================
TRAFFIC MODEL BUILDER SUMMARY
======================================================================
Network:      US-101-N-DonaldDoyle
Segments:     7
Lanes:        4
Junctions:    8
Ramps:        2
Sensors:      5
Mode:         PeMS Data-Driven
Car-Following: IDM
ODE Solver:   Ballistic
Vmax:         35.0 m/s
======================================================================
Skipping Source actor due to time limit at clock = 43201.00125327633
Skipping Source actor due to time limit at clock = 43210.6788297557
-----------------------------
| Model.cleanup in progress |
-----------------------------
cleanup: agenda
cleanup: wait queues
coroutine counts = (22946688,22945152,22944382)
[ModelOptimizer] Fitness: 2.4195 | Elapsed: 32.16 sec
[ModelOptimizer] Evaluating parameters: VectorD(2.00000,	1.96609,	-1.00000,	1.00000,	1.50000)

======================================================================
TRAFFIC MODEL BUILDER SUMMARY
======================================================================
Network:      US-101-N-DonaldDoyle
Segments:     7
Lanes:        4
Junctions:    8
Ramps:        2
Sensors:      5
Mode:         PeMS Data-Driven
Car-Following: IDM
ODE Solver:   Ballistic
Vmax:         35.0 m/s
======================================================================
Skipping Source actor due to time limit at clock = 43201.00125327633
Skipping Source actor due to time limit at clock = 43210.6788297557
-----------------------------
| Model.cleanup in progress |
-----------------------------
cleanup: agenda
cleanup: wait queues
coroutine counts = (23006445,23004905,23004133)
[ModelOptimizer] Fitness: 2.6455 | Elapsed: 32.35 sec
[ModelOptimizer] Evaluating parameters: VectorD(2.00000,	6.00000,	-1.00000,	1.00000,	1.50000)

======================================================================
TRAFFIC MODEL BUILDER SUMMARY
======================================================================
Network:      US-101-N-DonaldDoyle
Segments:     7
Lanes:        4
Junctions:    8
Ramps:        2
Sensors:      5
Mode:         PeMS Data-Driven
Car-Following: IDM
ODE Solver:   Ballistic
Vmax:         35.0 m/s
======================================================================
Skipping Source actor due to time limit at clock = 43201.00125327633
Skipping Source actor due to time limit at clock = 43210.6788297557
-----------------------------
| Model.cleanup in progress |
-----------------------------
cleanup: agenda
cleanup: wait queues
coroutine counts = (23066202,23064658,23063884)
[ModelOptimizer] Fitness: 2.4195 | Elapsed: 33.95 sec
[ModelOptimizer] Evaluating parameters: VectorD(2.00000,	6.00000,	-1.00000,	1.00000,	1.50000)

======================================================================
TRAFFIC MODEL BUILDER SUMMARY
======================================================================
Network:      US-101-N-DonaldDoyle
Segments:     7
Lanes:        4
Junctions:    8
Ramps:        2
Sensors:      5
Mode:         PeMS Data-Driven
Car-Following: IDM
ODE Solver:   Ballistic
Vmax:         35.0 m/s
======================================================================
Skipping Source actor due to time limit at clock = 43201.00125327633
Skipping Source actor due to time limit at clock = 43210.6788297557
-----------------------------
| Model.cleanup in progress |
-----------------------------
cleanup: agenda
cleanup: wait queues
coroutine counts = (23125959,23124411,23123635)
[ModelOptimizer] Fitness: 2.4195 | Elapsed: 34.81 sec
[ModelOptimizer] Evaluating parameters: VectorD(2.00000,	6.00000,	-1.00000,	1.00000,	1.50000)

======================================================================
TRAFFIC MODEL BUILDER SUMMARY
======================================================================
Network:      US-101-N-DonaldDoyle
Segments:     7
Lanes:        4
Junctions:    8
Ramps:        2
Sensors:      5
Mode:         PeMS Data-Driven
Car-Following: IDM
ODE Solver:   Ballistic
Vmax:         35.0 m/s
======================================================================
Skipping Source actor due to time limit at clock = 43201.00125327633
Skipping Source actor due to time limit at clock = 43210.6788297557
-----------------------------
| Model.cleanup in progress |
-----------------------------
cleanup: agenda
cleanup: wait queues
coroutine counts = (23185716,23184164,23183386)
[ModelOptimizer] Fitness: 2.4195 | Elapsed: 34.57 sec
[ModelOptimizer] Evaluating parameters: VectorD(2.00000,	6.00000,	-1.00000,	1.00000,	0.300000)

======================================================================
TRAFFIC MODEL BUILDER SUMMARY
======================================================================
Network:      US-101-N-DonaldDoyle
Segments:     7
Lanes:        4
Junctions:    8
Ramps:        2
Sensors:      5
Mode:         PeMS Data-Driven
Car-Following: IDM
ODE Solver:   Ballistic
Vmax:         35.0 m/s
======================================================================
Skipping Source actor due to time limit at clock = 43201.00125327633
Skipping Source actor due to time limit at clock = 43210.6788297557
-----------------------------
| Model.cleanup in progress |
-----------------------------
cleanup: agenda
cleanup: wait queues
coroutine counts = (23245473,23243917,23243137)
[ModelOptimizer] Fitness: 2.6943 | Elapsed: 95.80 sec
[ModelOptimizer] Evaluating parameters: VectorD(2.00000,	5.34082,	-1.00000,	1.00000,	1.50000)

======================================================================
TRAFFIC MODEL BUILDER SUMMARY
======================================================================
Network:      US-101-N-DonaldDoyle
Segments:     7
Lanes:        4
Junctions:    8
Ramps:        2
Sensors:      5
Mode:         PeMS Data-Driven
Car-Following: IDM
ODE Solver:   Ballistic
Vmax:         35.0 m/s
======================================================================
Skipping Source actor due to time limit at clock = 43201.00125327633
Skipping Source actor due to time limit at clock = 43210.6788297557
-----------------------------
| Model.cleanup in progress |
-----------------------------
cleanup: agenda
cleanup: wait queues
coroutine counts = (23305230,23303670,23302888)
[ModelOptimizer] Fitness: 2.4168 | Elapsed: 32.13 sec
[ModelOptimizer] Evaluating parameters: VectorD(2.00000,	6.00000,	-1.00000,	2.48373,	1.50000)

======================================================================
TRAFFIC MODEL BUILDER SUMMARY
======================================================================
Network:      US-101-N-DonaldDoyle
Segments:     7
Lanes:        4
Junctions:    8
Ramps:        2
Sensors:      5
Mode:         PeMS Data-Driven
Car-Following: IDM
ODE Solver:   Ballistic
Vmax:         35.0 m/s
======================================================================
Skipping Source actor due to time limit at clock = 43201.00125327633
Skipping Source actor due to time limit at clock = 43210.6788297557
-----------------------------
| Model.cleanup in progress |
-----------------------------
cleanup: agenda
cleanup: wait queues
coroutine counts = (23364987,23363423,23362639)
[ModelOptimizer] Fitness: 3.1718 | Elapsed: 34.08 sec
[ModelOptimizer] Evaluating parameters: VectorD(2.00000,	5.40278,	-1.00000,	1.00000,	1.50000)

======================================================================
TRAFFIC MODEL BUILDER SUMMARY
======================================================================
Network:      US-101-N-DonaldDoyle
Segments:     7
Lanes:        4
Junctions:    8
Ramps:        2
Sensors:      5
Mode:         PeMS Data-Driven
Car-Following: IDM
ODE Solver:   Ballistic
Vmax:         35.0 m/s
======================================================================
Skipping Source actor due to time limit at clock = 43201.00125327633
Skipping Source actor due to time limit at clock = 43210.6788297557
-----------------------------
| Model.cleanup in progress |
-----------------------------
cleanup: agenda
cleanup: wait queues
coroutine counts = (23424744,23423176,23422390)
[ModelOptimizer] Fitness: 2.4182 | Elapsed: 32.04 sec
       8 |      2.41662721 |      2.41662721 |      16.0% ✓
[ModelOptimizer] Evaluating parameters: VectorD(2.00000,	6.00000,	-1.00000,	1.00000,	1.50000)

======================================================================
TRAFFIC MODEL BUILDER SUMMARY
======================================================================
Network:      US-101-N-DonaldDoyle
Segments:     7
Lanes:        4
Junctions:    8
Ramps:        2
Sensors:      5
Mode:         PeMS Data-Driven
Car-Following: IDM
ODE Solver:   Ballistic
Vmax:         35.0 m/s
======================================================================
Skipping Source actor due to time limit at clock = 43201.00125327633
Skipping Source actor due to time limit at clock = 43210.6788297557
-----------------------------
| Model.cleanup in progress |
-----------------------------
cleanup: agenda
cleanup: wait queues
coroutine counts = (23484501,23482929,23482141)
[ModelOptimizer] Fitness: 2.4195 | Elapsed: 32.21 sec
[ModelOptimizer] Evaluating parameters: VectorD(2.00000,	4.98465,	-1.00000,	1.00000,	1.50000)

======================================================================
TRAFFIC MODEL BUILDER SUMMARY
======================================================================
Network:      US-101-N-DonaldDoyle
Segments:     7
Lanes:        4
Junctions:    8
Ramps:        2
Sensors:      5
Mode:         PeMS Data-Driven
Car-Following: IDM
ODE Solver:   Ballistic
Vmax:         35.0 m/s
======================================================================
Skipping Source actor due to time limit at clock = 43201.00125327633
Skipping Source actor due to time limit at clock = 43210.6788297557
-----------------------------
| Model.cleanup in progress |
-----------------------------
cleanup: agenda
cleanup: wait queues
coroutine counts = (23544258,23542682,23541892)
[ModelOptimizer] Fitness: 2.4183 | Elapsed: 31.46 sec
[ModelOptimizer] Evaluating parameters: VectorD(4.94766,	4.41174,	-1.00000,	1.21486,	1.50000)

======================================================================
TRAFFIC MODEL BUILDER SUMMARY
======================================================================
Network:      US-101-N-DonaldDoyle
Segments:     7
Lanes:        4
Junctions:    8
Ramps:        2
Sensors:      5
Mode:         PeMS Data-Driven
Car-Following: IDM
ODE Solver:   Ballistic
Vmax:         35.0 m/s
======================================================================
Skipping Source actor due to time limit at clock = 43201.00125327633
Skipping Source actor due to time limit at clock = 43210.6788297557
-----------------------------
| Model.cleanup in progress |
-----------------------------
cleanup: agenda
cleanup: wait queues
coroutine counts = (23604015,23602435,23601643)
[ModelOptimizer] Fitness: 2.6814 | Elapsed: 32.26 sec
[ModelOptimizer] Evaluating parameters: VectorD(2.00000,	6.00000,	-1.00000,	1.00000,	1.50000)

======================================================================
TRAFFIC MODEL BUILDER SUMMARY
======================================================================
Network:      US-101-N-DonaldDoyle
Segments:     7
Lanes:        4
Junctions:    8
Ramps:        2
Sensors:      5
Mode:         PeMS Data-Driven
Car-Following: IDM
ODE Solver:   Ballistic
Vmax:         35.0 m/s
======================================================================
Skipping Source actor due to time limit at clock = 43201.00125327633
Skipping Source actor due to time limit at clock = 43210.6788297557
-----------------------------
| Model.cleanup in progress |
-----------------------------
cleanup: agenda
cleanup: wait queues
coroutine counts = (23663772,23662188,23661394)
[ModelOptimizer] Fitness: 2.4195 | Elapsed: 31.88 sec
[ModelOptimizer] Evaluating parameters: VectorD(2.00000,	6.00000,	-1.00000,	1.00000,	1.50000)

======================================================================
TRAFFIC MODEL BUILDER SUMMARY
======================================================================
Network:      US-101-N-DonaldDoyle
Segments:     7
Lanes:        4
Junctions:    8
Ramps:        2
Sensors:      5
Mode:         PeMS Data-Driven
Car-Following: IDM
ODE Solver:   Ballistic
Vmax:         35.0 m/s
======================================================================
Skipping Source actor due to time limit at clock = 43201.00125327633
Skipping Source actor due to time limit at clock = 43210.6788297557
-----------------------------
| Model.cleanup in progress |
-----------------------------
cleanup: agenda
cleanup: wait queues
coroutine counts = (23723529,23721941,23721145)
[ModelOptimizer] Fitness: 2.4195 | Elapsed: 31.23 sec
[ModelOptimizer] Evaluating parameters: VectorD(2.00000,	5.20798,	-1.00000,	1.00000,	1.50000)

======================================================================
TRAFFIC MODEL BUILDER SUMMARY
======================================================================
Network:      US-101-N-DonaldDoyle
Segments:     7
Lanes:        4
Junctions:    8
Ramps:        2
Sensors:      5
Mode:         PeMS Data-Driven
Car-Following: IDM
ODE Solver:   Ballistic
Vmax:         35.0 m/s
======================================================================
Skipping Source actor due to time limit at clock = 43201.00125327633
Skipping Source actor due to time limit at clock = 43210.6788297557
-----------------------------
| Model.cleanup in progress |
-----------------------------
cleanup: agenda
cleanup: wait queues
coroutine counts = (23783286,23781694,23780896)
[ModelOptimizer] Fitness: 2.4185 | Elapsed: 31.89 sec
[ModelOptimizer] Evaluating parameters: VectorD(2.00000,	6.00000,	-1.00000,	1.00000,	1.50000)

======================================================================
TRAFFIC MODEL BUILDER SUMMARY
======================================================================
Network:      US-101-N-DonaldDoyle
Segments:     7
Lanes:        4
Junctions:    8
Ramps:        2
Sensors:      5
Mode:         PeMS Data-Driven
Car-Following: IDM
ODE Solver:   Ballistic
Vmax:         35.0 m/s
======================================================================
Skipping Source actor due to time limit at clock = 43201.00125327633
Skipping Source actor due to time limit at clock = 43210.6788297557
-----------------------------
| Model.cleanup in progress |
-----------------------------
cleanup: agenda
cleanup: wait queues
coroutine counts = (23843043,23841447,23840647)
[ModelOptimizer] Fitness: 2.4195 | Elapsed: 31.91 sec
[ModelOptimizer] Evaluating parameters: VectorD(2.00000,	6.00000,	-1.00000,	1.00000,	1.50000)

======================================================================
TRAFFIC MODEL BUILDER SUMMARY
======================================================================
Network:      US-101-N-DonaldDoyle
Segments:     7
Lanes:        4
Junctions:    8
Ramps:        2
Sensors:      5
Mode:         PeMS Data-Driven
Car-Following: IDM
ODE Solver:   Ballistic
Vmax:         35.0 m/s
======================================================================
Skipping Source actor due to time limit at clock = 43201.00125327633
Skipping Source actor due to time limit at clock = 43210.6788297557
-----------------------------
| Model.cleanup in progress |
-----------------------------
cleanup: agenda
cleanup: wait queues
coroutine counts = (23902800,23901200,23900398)
[ModelOptimizer] Fitness: 2.4195 | Elapsed: 31.63 sec
[ModelOptimizer] Evaluating parameters: VectorD(8.00000,	5.08243,	-1.00000,	5.00000,	0.300000)

======================================================================
TRAFFIC MODEL BUILDER SUMMARY
======================================================================
Network:      US-101-N-DonaldDoyle
Segments:     7
Lanes:        4
Junctions:    8
Ramps:        2
Sensors:      5
Mode:         PeMS Data-Driven
Car-Following: IDM
ODE Solver:   Ballistic
Vmax:         35.0 m/s
======================================================================
Skipping Source actor due to time limit at clock = 43201.00125327633
Skipping Source actor due to time limit at clock = 43210.6788297557
-----------------------------
| Model.cleanup in progress |
-----------------------------
cleanup: agenda
cleanup: wait queues
coroutine counts = (23962557,23960953,23960149)
[ModelOptimizer] Fitness: 2.9176 | Elapsed: 102.91 sec
[ModelOptimizer] Evaluating parameters: VectorD(2.00000,	5.60900,	-1.00000,	1.00000,	1.50000)

======================================================================
TRAFFIC MODEL BUILDER SUMMARY
======================================================================
Network:      US-101-N-DonaldDoyle
Segments:     7
Lanes:        4
Junctions:    8
Ramps:        2
Sensors:      5
Mode:         PeMS Data-Driven
Car-Following: IDM
ODE Solver:   Ballistic
Vmax:         35.0 m/s
======================================================================
Skipping Source actor due to time limit at clock = 43201.00125327633
Skipping Source actor due to time limit at clock = 43210.6788297557
-----------------------------
| Model.cleanup in progress |
-----------------------------
cleanup: agenda
cleanup: wait queues
coroutine counts = (24022314,24020706,24019900)
[ModelOptimizer] Fitness: 2.4181 | Elapsed: 31.88 sec
[ModelOptimizer] Evaluating parameters: VectorD(3.59970,	2.81730,	-1.00000,	2.04740,	1.50000)

======================================================================
TRAFFIC MODEL BUILDER SUMMARY
======================================================================
Network:      US-101-N-DonaldDoyle
Segments:     7
Lanes:        4
Junctions:    8
Ramps:        2
Sensors:      5
Mode:         PeMS Data-Driven
Car-Following: IDM
ODE Solver:   Ballistic
Vmax:         35.0 m/s
======================================================================
Skipping Source actor due to time limit at clock = 43201.00125327633
Skipping Source actor due to time limit at clock = 43210.6788297557
-----------------------------
| Model.cleanup in progress |
-----------------------------
cleanup: agenda
cleanup: wait queues
coroutine counts = (24082071,24080459,24079651)
[ModelOptimizer] Fitness: 3.2130 | Elapsed: 33.64 sec
[ModelOptimizer] Evaluating parameters: VectorD(2.00000,	4.69162,	-1.00000,	1.00000,	1.50000)

======================================================================
TRAFFIC MODEL BUILDER SUMMARY
======================================================================
Network:      US-101-N-DonaldDoyle
Segments:     7
Lanes:        4
Junctions:    8
Ramps:        2
Sensors:      5
Mode:         PeMS Data-Driven
Car-Following: IDM
ODE Solver:   Ballistic
Vmax:         35.0 m/s
======================================================================
Skipping Source actor due to time limit at clock = 43201.00125327633
Skipping Source actor due to time limit at clock = 43210.6788297557
-----------------------------
| Model.cleanup in progress |
-----------------------------
cleanup: agenda
cleanup: wait queues
coroutine counts = (24141828,24140212,24139402)
[ModelOptimizer] Fitness: 2.4186 | Elapsed: 32.10 sec
[ModelOptimizer] Evaluating parameters: VectorD(2.00000,	3.77456,	-1.00000,	1.89202,	0.300000)

======================================================================
TRAFFIC MODEL BUILDER SUMMARY
======================================================================
Network:      US-101-N-DonaldDoyle
Segments:     7
Lanes:        4
Junctions:    8
Ramps:        2
Sensors:      5
Mode:         PeMS Data-Driven
Car-Following: IDM
ODE Solver:   Ballistic
Vmax:         35.0 m/s
======================================================================
Skipping Source actor due to time limit at clock = 43201.00125327633
Skipping Source actor due to time limit at clock = 43210.6788297557
-----------------------------
| Model.cleanup in progress |
-----------------------------
cleanup: agenda
cleanup: wait queues
coroutine counts = (24201585,24199965,24199153)
[ModelOptimizer] Fitness: 3.2027 | Elapsed: 98.45 sec
[ModelOptimizer] Evaluating parameters: VectorD(2.00000,	6.00000,	-1.00000,	1.00000,	1.50000)

======================================================================
TRAFFIC MODEL BUILDER SUMMARY
======================================================================
Network:      US-101-N-DonaldDoyle
Segments:     7
Lanes:        4
Junctions:    8
Ramps:        2
Sensors:      5
Mode:         PeMS Data-Driven
Car-Following: IDM
ODE Solver:   Ballistic
Vmax:         35.0 m/s
======================================================================
Skipping Source actor due to time limit at clock = 43201.00125327633
Skipping Source actor due to time limit at clock = 43210.6788297557
-----------------------------
| Model.cleanup in progress |
-----------------------------
cleanup: agenda
cleanup: wait queues
coroutine counts = (24261342,24259718,24258904)
[ModelOptimizer] Fitness: 2.4195 | Elapsed: 31.40 sec
[ModelOptimizer] Evaluating parameters: VectorD(2.00000,	4.59156,	-1.00000,	1.00000,	1.50000)

======================================================================
TRAFFIC MODEL BUILDER SUMMARY
======================================================================
Network:      US-101-N-DonaldDoyle
Segments:     7
Lanes:        4
Junctions:    8
Ramps:        2
Sensors:      5
Mode:         PeMS Data-Driven
Car-Following: IDM
ODE Solver:   Ballistic
Vmax:         35.0 m/s
======================================================================
Skipping Source actor due to time limit at clock = 43201.00125327633
Skipping Source actor due to time limit at clock = 43210.6788297557
-----------------------------
| Model.cleanup in progress |
-----------------------------
cleanup: agenda
cleanup: wait queues
coroutine counts = (24321099,24319471,24318655)
[ModelOptimizer] Fitness: 2.4208 | Elapsed: 32.07 sec
[ModelOptimizer] Evaluating parameters: VectorD(2.00000,	4.91873,	-1.00000,	1.00000,	1.50000)

======================================================================
TRAFFIC MODEL BUILDER SUMMARY
======================================================================
Network:      US-101-N-DonaldDoyle
Segments:     7
Lanes:        4
Junctions:    8
Ramps:        2
Sensors:      5
Mode:         PeMS Data-Driven
Car-Following: IDM
ODE Solver:   Ballistic
Vmax:         35.0 m/s
======================================================================
Skipping Source actor due to time limit at clock = 43201.00125327633
Skipping Source actor due to time limit at clock = 43210.6788297557
-----------------------------
| Model.cleanup in progress |
-----------------------------
cleanup: agenda
cleanup: wait queues
coroutine counts = (24380856,24379224,24378406)
[ModelOptimizer] Fitness: 2.4185 | Elapsed: 32.12 sec
[ModelOptimizer] Evaluating parameters: VectorD(2.00000,	6.00000,	-1.00000,	1.00000,	1.50000)

======================================================================
TRAFFIC MODEL BUILDER SUMMARY
======================================================================
Network:      US-101-N-DonaldDoyle
Segments:     7
Lanes:        4
Junctions:    8
Ramps:        2
Sensors:      5
Mode:         PeMS Data-Driven
Car-Following: IDM
ODE Solver:   Ballistic
Vmax:         35.0 m/s
======================================================================
Skipping Source actor due to time limit at clock = 43201.00125327633
Skipping Source actor due to time limit at clock = 43210.6788297557
-----------------------------
| Model.cleanup in progress |
-----------------------------
cleanup: agenda
cleanup: wait queues
coroutine counts = (24440613,24438977,24438157)
[ModelOptimizer] Fitness: 2.4195 | Elapsed: 31.30 sec
[ModelOptimizer] Evaluating parameters: VectorD(2.00000,	6.00000,	-1.00000,	1.00000,	1.50000)

======================================================================
TRAFFIC MODEL BUILDER SUMMARY
======================================================================
Network:      US-101-N-DonaldDoyle
Segments:     7
Lanes:        4
Junctions:    8
Ramps:        2
Sensors:      5
Mode:         PeMS Data-Driven
Car-Following: IDM
ODE Solver:   Ballistic
Vmax:         35.0 m/s
======================================================================
Skipping Source actor due to time limit at clock = 43201.00125327633
Skipping Source actor due to time limit at clock = 43210.6788297557
-----------------------------
| Model.cleanup in progress |
-----------------------------
cleanup: agenda
cleanup: wait queues
coroutine counts = (24500370,24498730,24497908)
[ModelOptimizer] Fitness: 2.4195 | Elapsed: 31.50 sec
[ModelOptimizer] Evaluating parameters: VectorD(2.00000,	6.00000,	-1.00000,	1.00000,	1.50000)

======================================================================
TRAFFIC MODEL BUILDER SUMMARY
======================================================================
Network:      US-101-N-DonaldDoyle
Segments:     7
Lanes:        4
Junctions:    8
Ramps:        2
Sensors:      5
Mode:         PeMS Data-Driven
Car-Following: IDM
ODE Solver:   Ballistic
Vmax:         35.0 m/s
======================================================================
Skipping Source actor due to time limit at clock = 43201.00125327633
Skipping Source actor due to time limit at clock = 43210.6788297557
-----------------------------
| Model.cleanup in progress |
-----------------------------
cleanup: agenda
cleanup: wait queues
coroutine counts = (24560127,24558483,24557659)
[ModelOptimizer] Fitness: 2.4195 | Elapsed: 31.46 sec
[ModelOptimizer] Evaluating parameters: VectorD(2.00000,	5.33414,	-1.00000,	1.00000,	1.50000)

======================================================================
TRAFFIC MODEL BUILDER SUMMARY
======================================================================
Network:      US-101-N-DonaldDoyle
Segments:     7
Lanes:        4
Junctions:    8
Ramps:        2
Sensors:      5
Mode:         PeMS Data-Driven
Car-Following: IDM
ODE Solver:   Ballistic
Vmax:         35.0 m/s
======================================================================
Skipping Source actor due to time limit at clock = 43201.00125327633
Skipping Source actor due to time limit at clock = 43210.6788297557
-----------------------------
| Model.cleanup in progress |
-----------------------------
cleanup: agenda
cleanup: wait queues
coroutine counts = (24619884,24618236,24617410)
[ModelOptimizer] Fitness: 2.4166 | Elapsed: 31.34 sec
[ModelOptimizer] Evaluating parameters: VectorD(2.00000,	6.00000,	-1.00000,	1.00000,	1.50000)

======================================================================
TRAFFIC MODEL BUILDER SUMMARY
======================================================================
Network:      US-101-N-DonaldDoyle
Segments:     7
Lanes:        4
Junctions:    8
Ramps:        2
Sensors:      5
Mode:         PeMS Data-Driven
Car-Following: IDM
ODE Solver:   Ballistic
Vmax:         35.0 m/s
======================================================================
Skipping Source actor due to time limit at clock = 43201.00125327633
Skipping Source actor due to time limit at clock = 43210.6788297557
-----------------------------
| Model.cleanup in progress |
-----------------------------
cleanup: agenda
cleanup: wait queues
coroutine counts = (24679641,24677989,24677161)
[ModelOptimizer] Fitness: 2.4195 | Elapsed: 31.32 sec
[ModelOptimizer] Evaluating parameters: VectorD(2.00000,	5.26289,	-1.00000,	1.00000,	1.50000)

======================================================================
TRAFFIC MODEL BUILDER SUMMARY
======================================================================
Network:      US-101-N-DonaldDoyle
Segments:     7
Lanes:        4
Junctions:    8
Ramps:        2
Sensors:      5
Mode:         PeMS Data-Driven
Car-Following: IDM
ODE Solver:   Ballistic
Vmax:         35.0 m/s
======================================================================
Skipping Source actor due to time limit at clock = 43201.00125327633
Skipping Source actor due to time limit at clock = 43210.6788297557
-----------------------------
| Model.cleanup in progress |
-----------------------------
cleanup: agenda
cleanup: wait queues
coroutine counts = (24739398,24737742,24736912)
[ModelOptimizer] Fitness: 2.4187 | Elapsed: 31.49 sec
[ModelOptimizer] Evaluating parameters: VectorD(2.00000,	4.82074,	-1.00000,	1.74570,	1.19714)

======================================================================
TRAFFIC MODEL BUILDER SUMMARY
======================================================================
Network:      US-101-N-DonaldDoyle
Segments:     7
Lanes:        4
Junctions:    8
Ramps:        2
Sensors:      5
Mode:         PeMS Data-Driven
Car-Following: IDM
ODE Solver:   Ballistic
Vmax:         35.0 m/s
======================================================================
Skipping Source actor due to time limit at clock = 43201.00125327633
Skipping Source actor due to time limit at clock = 43210.6788297557
-----------------------------
| Model.cleanup in progress |
-----------------------------
cleanup: agenda
cleanup: wait queues
coroutine counts = (24799155,24797495,24796663)
[ModelOptimizer] Fitness: 3.0259 | Elapsed: 37.13 sec
[ModelOptimizer] Evaluating parameters: VectorD(2.00000,	6.00000,	-1.00000,	1.00000,	1.50000)

======================================================================
TRAFFIC MODEL BUILDER SUMMARY
======================================================================
Network:      US-101-N-DonaldDoyle
Segments:     7
Lanes:        4
Junctions:    8
Ramps:        2
Sensors:      5
Mode:         PeMS Data-Driven
Car-Following: IDM
ODE Solver:   Ballistic
Vmax:         35.0 m/s
======================================================================
Skipping Source actor due to time limit at clock = 43201.00125327633
Skipping Source actor due to time limit at clock = 43210.6788297557
-----------------------------
| Model.cleanup in progress |
-----------------------------
cleanup: agenda
cleanup: wait queues
coroutine counts = (24858912,24857248,24856414)
[ModelOptimizer] Fitness: 2.4195 | Elapsed: 32.09 sec
[ModelOptimizer] Evaluating parameters: VectorD(2.00000,	6.00000,	-1.00000,	1.00000,	1.50000)

======================================================================
TRAFFIC MODEL BUILDER SUMMARY
======================================================================
Network:      US-101-N-DonaldDoyle
Segments:     7
Lanes:        4
Junctions:    8
Ramps:        2
Sensors:      5
Mode:         PeMS Data-Driven
Car-Following: IDM
ODE Solver:   Ballistic
Vmax:         35.0 m/s
======================================================================
Skipping Source actor due to time limit at clock = 43201.00125327633
Skipping Source actor due to time limit at clock = 43210.6788297557
-----------------------------
| Model.cleanup in progress |
-----------------------------
cleanup: agenda
cleanup: wait queues
coroutine counts = (24918669,24917001,24916165)
[ModelOptimizer] Fitness: 2.4195 | Elapsed: 31.54 sec
[ModelOptimizer] Evaluating parameters: VectorD(2.00000,	6.00000,	-1.00000,	1.00000,	1.50000)

======================================================================
TRAFFIC MODEL BUILDER SUMMARY
======================================================================
Network:      US-101-N-DonaldDoyle
Segments:     7
Lanes:        4
Junctions:    8
Ramps:        2
Sensors:      5
Mode:         PeMS Data-Driven
Car-Following: IDM
ODE Solver:   Ballistic
Vmax:         35.0 m/s
======================================================================
Skipping Source actor due to time limit at clock = 43201.00125327633
Skipping Source actor due to time limit at clock = 43210.6788297557
-----------------------------
| Model.cleanup in progress |
-----------------------------
cleanup: agenda
cleanup: wait queues
coroutine counts = (24978426,24976754,24975916)
[ModelOptimizer] Fitness: 2.4195 | Elapsed: 32.18 sec
[ModelOptimizer] Evaluating parameters: VectorD(2.00000,	5.70667,	-1.00000,	1.00000,	1.50000)

======================================================================
TRAFFIC MODEL BUILDER SUMMARY
======================================================================
Network:      US-101-N-DonaldDoyle
Segments:     7
Lanes:        4
Junctions:    8
Ramps:        2
Sensors:      5
Mode:         PeMS Data-Driven
Car-Following: IDM
ODE Solver:   Ballistic
Vmax:         35.0 m/s
======================================================================
Skipping Source actor due to time limit at clock = 43201.00125327633
Skipping Source actor due to time limit at clock = 43210.6788297557
-----------------------------
| Model.cleanup in progress |
-----------------------------
cleanup: agenda
cleanup: wait queues
coroutine counts = (25038183,25036507,25035667)
[ModelOptimizer] Fitness: 2.4178 | Elapsed: 33.42 sec
[ModelOptimizer] Evaluating parameters: VectorD(2.00000,	5.70667,	-1.00000,	1.00000,	1.50000)

======================================================================
TRAFFIC MODEL BUILDER SUMMARY
======================================================================
Network:      US-101-N-DonaldDoyle
Segments:     7
Lanes:        4
Junctions:    8
Ramps:        2
Sensors:      5
Mode:         PeMS Data-Driven
Car-Following: IDM
ODE Solver:   Ballistic
Vmax:         35.0 m/s
======================================================================
Skipping Source actor due to time limit at clock = 43201.00125327633
Skipping Source actor due to time limit at clock = 43210.6788297557
-----------------------------
| Model.cleanup in progress |
-----------------------------
cleanup: agenda
cleanup: wait queues
coroutine counts = (25097940,25096260,25095418)
[ModelOptimizer] Fitness: 2.4178 | Elapsed: 31.43 sec
[ModelOptimizer] Evaluating parameters: VectorD(2.00000,	4.57498,	-1.00000,	1.00000,	0.909050)

======================================================================
TRAFFIC MODEL BUILDER SUMMARY
======================================================================
Network:      US-101-N-DonaldDoyle
Segments:     7
Lanes:        4
Junctions:    8
Ramps:        2
Sensors:      5
Mode:         PeMS Data-Driven
Car-Following: IDM
ODE Solver:   Ballistic
Vmax:         35.0 m/s
======================================================================
Skipping Source actor due to time limit at clock = 43201.00125327633
Skipping Source actor due to time limit at clock = 43210.6788297557
-----------------------------
| Model.cleanup in progress |
-----------------------------
cleanup: agenda
cleanup: wait queues
coroutine counts = (25157697,25156013,25155169)
[ModelOptimizer] Fitness: 2.4735 | Elapsed: 41.23 sec
[ModelOptimizer] Evaluating parameters: VectorD(2.00000,	6.00000,	-1.00000,	1.00000,	1.50000)

======================================================================
TRAFFIC MODEL BUILDER SUMMARY
======================================================================
Network:      US-101-N-DonaldDoyle
Segments:     7
Lanes:        4
Junctions:    8
Ramps:        2
Sensors:      5
Mode:         PeMS Data-Driven
Car-Following: IDM
ODE Solver:   Ballistic
Vmax:         35.0 m/s
======================================================================
Skipping Source actor due to time limit at clock = 43201.00125327633
Skipping Source actor due to time limit at clock = 43210.6788297557
-----------------------------
| Model.cleanup in progress |
-----------------------------
cleanup: agenda
cleanup: wait queues
coroutine counts = (25217454,25215766,25214920)
[ModelOptimizer] Fitness: 2.4195 | Elapsed: 31.71 sec
[ModelOptimizer] Evaluating parameters: VectorD(6.69832,	6.00000,	-1.00000,	1.00000,	1.50000)

======================================================================
TRAFFIC MODEL BUILDER SUMMARY
======================================================================
Network:      US-101-N-DonaldDoyle
Segments:     7
Lanes:        4
Junctions:    8
Ramps:        2
Sensors:      5
Mode:         PeMS Data-Driven
Car-Following: IDM
ODE Solver:   Ballistic
Vmax:         35.0 m/s
======================================================================
Skipping Source actor due to time limit at clock = 43201.00125327633
Skipping Source actor due to time limit at clock = 43210.6788297557
-----------------------------
| Model.cleanup in progress |
-----------------------------
cleanup: agenda
cleanup: wait queues
coroutine counts = (25277211,25275519,25274671)
[ModelOptimizer] Fitness: 2.5986 | Elapsed: 31.82 sec
[ModelOptimizer] Evaluating parameters: VectorD(2.00000,	6.00000,	-1.00000,	1.00000,	1.50000)

======================================================================
TRAFFIC MODEL BUILDER SUMMARY
======================================================================
Network:      US-101-N-DonaldDoyle
Segments:     7
Lanes:        4
Junctions:    8
Ramps:        2
Sensors:      5
Mode:         PeMS Data-Driven
Car-Following: IDM
ODE Solver:   Ballistic
Vmax:         35.0 m/s
======================================================================
Skipping Source actor due to time limit at clock = 43201.00125327633
Skipping Source actor due to time limit at clock = 43210.6788297557
-----------------------------
| Model.cleanup in progress |
-----------------------------
cleanup: agenda
cleanup: wait queues
coroutine counts = (25336968,25335272,25334422)
[ModelOptimizer] Fitness: 2.4195 | Elapsed: 32.08 sec
[ModelOptimizer] Evaluating parameters: VectorD(2.00000,	6.00000,	-1.00000,	1.00000,	1.50000)

======================================================================
TRAFFIC MODEL BUILDER SUMMARY
======================================================================
Network:      US-101-N-DonaldDoyle
Segments:     7
Lanes:        4
Junctions:    8
Ramps:        2
Sensors:      5
Mode:         PeMS Data-Driven
Car-Following: IDM
ODE Solver:   Ballistic
Vmax:         35.0 m/s
======================================================================
Skipping Source actor due to time limit at clock = 43201.00125327633
Skipping Source actor due to time limit at clock = 43210.6788297557
-----------------------------
| Model.cleanup in progress |
-----------------------------
cleanup: agenda
cleanup: wait queues
coroutine counts = (25396725,25395025,25394173)
[ModelOptimizer] Fitness: 2.4195 | Elapsed: 32.26 sec
[ModelOptimizer] Evaluating parameters: VectorD(2.00000,	6.00000,	-1.00000,	1.00000,	1.50000)

======================================================================
TRAFFIC MODEL BUILDER SUMMARY
======================================================================
Network:      US-101-N-DonaldDoyle
Segments:     7
Lanes:        4
Junctions:    8
Ramps:        2
Sensors:      5
Mode:         PeMS Data-Driven
Car-Following: IDM
ODE Solver:   Ballistic
Vmax:         35.0 m/s
======================================================================
Skipping Source actor due to time limit at clock = 43201.00125327633
Skipping Source actor due to time limit at clock = 43210.6788297557
-----------------------------
| Model.cleanup in progress |
-----------------------------
cleanup: agenda
cleanup: wait queues
coroutine counts = (25456482,25454778,25453924)
[ModelOptimizer] Fitness: 2.4195 | Elapsed: 31.76 sec
[ModelOptimizer] Evaluating parameters: VectorD(2.00000,	6.00000,	-1.00000,	1.00000,	1.50000)

======================================================================
TRAFFIC MODEL BUILDER SUMMARY
======================================================================
Network:      US-101-N-DonaldDoyle
Segments:     7
Lanes:        4
Junctions:    8
Ramps:        2
Sensors:      5
Mode:         PeMS Data-Driven
Car-Following: IDM
ODE Solver:   Ballistic
Vmax:         35.0 m/s
======================================================================
Skipping Source actor due to time limit at clock = 43201.00125327633
Skipping Source actor due to time limit at clock = 43210.6788297557
-----------------------------
| Model.cleanup in progress |
-----------------------------
cleanup: agenda
cleanup: wait queues
coroutine counts = (25516239,25514531,25513675)
[ModelOptimizer] Fitness: 2.4195 | Elapsed: 31.86 sec
[ModelOptimizer] Evaluating parameters: VectorD(2.00000,	6.00000,	-1.00000,	1.00000,	1.50000)

======================================================================
TRAFFIC MODEL BUILDER SUMMARY
======================================================================
Network:      US-101-N-DonaldDoyle
Segments:     7
Lanes:        4
Junctions:    8
Ramps:        2
Sensors:      5
Mode:         PeMS Data-Driven
Car-Following: IDM
ODE Solver:   Ballistic
Vmax:         35.0 m/s
======================================================================
Skipping Source actor due to time limit at clock = 43201.00125327633
Skipping Source actor due to time limit at clock = 43210.6788297557
-----------------------------
| Model.cleanup in progress |
-----------------------------
cleanup: agenda
cleanup: wait queues
coroutine counts = (25575996,25574284,25573426)
[ModelOptimizer] Fitness: 2.4195 | Elapsed: 31.94 sec
[ModelOptimizer] Evaluating parameters: VectorD(2.00000,	6.00000,	-1.00000,	1.00000,	1.50000)

======================================================================
TRAFFIC MODEL BUILDER SUMMARY
======================================================================
Network:      US-101-N-DonaldDoyle
Segments:     7
Lanes:        4
Junctions:    8
Ramps:        2
Sensors:      5
Mode:         PeMS Data-Driven
Car-Following: IDM
ODE Solver:   Ballistic
Vmax:         35.0 m/s
======================================================================
Skipping Source actor due to time limit at clock = 43201.00125327633
Skipping Source actor due to time limit at clock = 43210.6788297557
-----------------------------
| Model.cleanup in progress |
-----------------------------
cleanup: agenda
cleanup: wait queues
coroutine counts = (25635753,25634037,25633177)
[ModelOptimizer] Fitness: 2.4195 | Elapsed: 31.29 sec
[ModelOptimizer] Evaluating parameters: VectorD(2.00000,	5.34082,	-1.00000,	1.00000,	1.50000)

======================================================================
TRAFFIC MODEL BUILDER SUMMARY
======================================================================
Network:      US-101-N-DonaldDoyle
Segments:     7
Lanes:        4
Junctions:    8
Ramps:        2
Sensors:      5
Mode:         PeMS Data-Driven
Car-Following: IDM
ODE Solver:   Ballistic
Vmax:         35.0 m/s
======================================================================
Skipping Source actor due to time limit at clock = 43201.00125327633
Skipping Source actor due to time limit at clock = 43210.6788297557
-----------------------------
| Model.cleanup in progress |
-----------------------------
cleanup: agenda
cleanup: wait queues
coroutine counts = (25695510,25693790,25692928)
[ModelOptimizer] Fitness: 2.4168 | Elapsed: 32.01 sec
[ModelOptimizer] Evaluating parameters: VectorD(2.00000,	6.00000,	-3.00000,	1.00000,	1.50000)

======================================================================
TRAFFIC MODEL BUILDER SUMMARY
======================================================================
Network:      US-101-N-DonaldDoyle
Segments:     7
Lanes:        4
Junctions:    8
Ramps:        2
Sensors:      5
Mode:         PeMS Data-Driven
Car-Following: IDM
ODE Solver:   Ballistic
Vmax:         35.0 m/s
======================================================================
Skipping Source actor due to time limit at clock = 43201.00125327633
Skipping Source actor due to time limit at clock = 43210.6788297557
-----------------------------
| Model.cleanup in progress |
-----------------------------
cleanup: agenda
cleanup: wait queues
coroutine counts = (25755267,25753543,25752679)
[ModelOptimizer] Fitness: 3.4384 | Elapsed: 32.10 sec
[ModelOptimizer] Evaluating parameters: VectorD(2.00000,	5.40278,	-1.00000,	1.00000,	1.50000)

======================================================================
TRAFFIC MODEL BUILDER SUMMARY
======================================================================
Network:      US-101-N-DonaldDoyle
Segments:     7
Lanes:        4
Junctions:    8
Ramps:        2
Sensors:      5
Mode:         PeMS Data-Driven
Car-Following: IDM
ODE Solver:   Ballistic
Vmax:         35.0 m/s
======================================================================
Skipping Source actor due to time limit at clock = 43201.00125327633
Skipping Source actor due to time limit at clock = 43210.6788297557
-----------------------------
| Model.cleanup in progress |
-----------------------------
cleanup: agenda
cleanup: wait queues
coroutine counts = (25815024,25813296,25812430)
[ModelOptimizer] Fitness: 2.4182 | Elapsed: 31.16 sec
       9 |      2.41662721 |      2.41662721 |      18.0% ✓
[ModelOptimizer] Evaluating parameters: VectorD(2.62598,	4.98465,	-1.00000,	1.61851,	0.300000)

======================================================================
TRAFFIC MODEL BUILDER SUMMARY
======================================================================
Network:      US-101-N-DonaldDoyle
Segments:     7
Lanes:        4
Junctions:    8
Ramps:        2
Sensors:      5
Mode:         PeMS Data-Driven
Car-Following: IDM
ODE Solver:   Ballistic
Vmax:         35.0 m/s
======================================================================
Skipping Source actor due to time limit at clock = 43201.00125327633
Skipping Source actor due to time limit at clock = 43210.6788297557
-----------------------------
| Model.cleanup in progress |
-----------------------------
cleanup: agenda
cleanup: wait queues
coroutine counts = (25874781,25873049,25872181)
[ModelOptimizer] Fitness: 3.1976 | Elapsed: 96.50 sec
[ModelOptimizer] Evaluating parameters: VectorD(2.00000,	4.98465,	-1.00000,	1.00000,	1.50000)

======================================================================
TRAFFIC MODEL BUILDER SUMMARY
======================================================================
Network:      US-101-N-DonaldDoyle
Segments:     7
Lanes:        4
Junctions:    8
Ramps:        2
Sensors:      5
Mode:         PeMS Data-Driven
Car-Following: IDM
ODE Solver:   Ballistic
Vmax:         35.0 m/s
======================================================================
Skipping Source actor due to time limit at clock = 43201.00125327633
Skipping Source actor due to time limit at clock = 43210.6788297557
-----------------------------
| Model.cleanup in progress |
-----------------------------
cleanup: agenda
cleanup: wait queues
coroutine counts = (25934538,25932802,25931932)
[ModelOptimizer] Fitness: 2.4183 | Elapsed: 31.90 sec
[ModelOptimizer] Evaluating parameters: VectorD(2.00000,	3.52865,	-1.00000,	1.00000,	1.50000)

======================================================================
TRAFFIC MODEL BUILDER SUMMARY
======================================================================
Network:      US-101-N-DonaldDoyle
Segments:     7
Lanes:        4
Junctions:    8
Ramps:        2
Sensors:      5
Mode:         PeMS Data-Driven
Car-Following: IDM
ODE Solver:   Ballistic
Vmax:         35.0 m/s
======================================================================
Skipping Source actor due to time limit at clock = 43201.00125327633
Skipping Source actor due to time limit at clock = 43210.6788297557
-----------------------------
| Model.cleanup in progress |
-----------------------------
cleanup: agenda
cleanup: wait queues
coroutine counts = (25994295,25992555,25991683)
[ModelOptimizer] Fitness: 2.4451 | Elapsed: 31.76 sec
[ModelOptimizer] Evaluating parameters: VectorD(2.00000,	6.00000,	-1.00000,	1.00000,	1.50000)

======================================================================
TRAFFIC MODEL BUILDER SUMMARY
======================================================================
Network:      US-101-N-DonaldDoyle
Segments:     7
Lanes:        4
Junctions:    8
Ramps:        2
Sensors:      5
Mode:         PeMS Data-Driven
Car-Following: IDM
ODE Solver:   Ballistic
Vmax:         35.0 m/s
======================================================================
Skipping Source actor due to time limit at clock = 43201.00125327633
Skipping Source actor due to time limit at clock = 43210.6788297557
-----------------------------
| Model.cleanup in progress |
-----------------------------
cleanup: agenda
cleanup: wait queues
coroutine counts = (26054052,26052308,26051434)
[ModelOptimizer] Fitness: 2.4195 | Elapsed: 31.31 sec
[ModelOptimizer] Evaluating parameters: VectorD(2.00000,	5.20798,	-1.00000,	1.00000,	1.50000)

======================================================================
TRAFFIC MODEL BUILDER SUMMARY
======================================================================
Network:      US-101-N-DonaldDoyle
Segments:     7
Lanes:        4
Junctions:    8
Ramps:        2
Sensors:      5
Mode:         PeMS Data-Driven
Car-Following: IDM
ODE Solver:   Ballistic
Vmax:         35.0 m/s
======================================================================
Skipping Source actor due to time limit at clock = 43201.00125327633
Skipping Source actor due to time limit at clock = 43210.6788297557
-----------------------------
| Model.cleanup in progress |
-----------------------------
cleanup: agenda
cleanup: wait queues
coroutine counts = (26113809,26112061,26111185)
[ModelOptimizer] Fitness: 2.4185 | Elapsed: 31.88 sec
[ModelOptimizer] Evaluating parameters: VectorD(2.00000,	5.20798,	-1.00000,	1.00000,	1.50000)

======================================================================
TRAFFIC MODEL BUILDER SUMMARY
======================================================================
Network:      US-101-N-DonaldDoyle
Segments:     7
Lanes:        4
Junctions:    8
Ramps:        2
Sensors:      5
Mode:         PeMS Data-Driven
Car-Following: IDM
ODE Solver:   Ballistic
Vmax:         35.0 m/s
======================================================================
Skipping Source actor due to time limit at clock = 43201.00125327633
Skipping Source actor due to time limit at clock = 43210.6788297557
-----------------------------
| Model.cleanup in progress |
-----------------------------
cleanup: agenda
cleanup: wait queues
coroutine counts = (26173566,26171814,26170936)
[ModelOptimizer] Fitness: 2.4185 | Elapsed: 31.58 sec
[ModelOptimizer] Evaluating parameters: VectorD(2.00000,	5.49666,	-1.00000,	1.00000,	1.50000)

======================================================================
TRAFFIC MODEL BUILDER SUMMARY
======================================================================
Network:      US-101-N-DonaldDoyle
Segments:     7
Lanes:        4
Junctions:    8
Ramps:        2
Sensors:      5
Mode:         PeMS Data-Driven
Car-Following: IDM
ODE Solver:   Ballistic
Vmax:         35.0 m/s
======================================================================
Skipping Source actor due to time limit at clock = 43201.00125327633
Skipping Source actor due to time limit at clock = 43210.6788297557
-----------------------------
| Model.cleanup in progress |
-----------------------------
cleanup: agenda
cleanup: wait queues
coroutine counts = (26233323,26231567,26230687)
[ModelOptimizer] Fitness: 2.4189 | Elapsed: 31.49 sec
[ModelOptimizer] Evaluating parameters: VectorD(2.00000,	6.00000,	-1.00000,	1.00000,	1.50000)

======================================================================
TRAFFIC MODEL BUILDER SUMMARY
======================================================================
Network:      US-101-N-DonaldDoyle
Segments:     7
Lanes:        4
Junctions:    8
Ramps:        2
Sensors:      5
Mode:         PeMS Data-Driven
Car-Following: IDM
ODE Solver:   Ballistic
Vmax:         35.0 m/s
======================================================================
Skipping Source actor due to time limit at clock = 43201.00125327633
Skipping Source actor due to time limit at clock = 43210.6788297557
-----------------------------
| Model.cleanup in progress |
-----------------------------
cleanup: agenda
cleanup: wait queues
coroutine counts = (26293080,26291320,26290438)
[ModelOptimizer] Fitness: 2.4195 | Elapsed: 31.34 sec
[ModelOptimizer] Evaluating parameters: VectorD(2.00000,	5.49666,	-1.00000,	1.00000,	1.50000)

======================================================================
TRAFFIC MODEL BUILDER SUMMARY
======================================================================
Network:      US-101-N-DonaldDoyle
Segments:     7
Lanes:        4
Junctions:    8
Ramps:        2
Sensors:      5
Mode:         PeMS Data-Driven
Car-Following: IDM
ODE Solver:   Ballistic
Vmax:         35.0 m/s
======================================================================
Skipping Source actor due to time limit at clock = 43201.00125327633
Skipping Source actor due to time limit at clock = 43210.6788297557
-----------------------------
| Model.cleanup in progress |
-----------------------------
cleanup: agenda
cleanup: wait queues
coroutine counts = (26352837,26351073,26350189)
[ModelOptimizer] Fitness: 2.4189 | Elapsed: 31.69 sec
[ModelOptimizer] Evaluating parameters: VectorD(2.00000,	5.53280,	-1.00000,	1.00000,	1.50000)

======================================================================
TRAFFIC MODEL BUILDER SUMMARY
======================================================================
Network:      US-101-N-DonaldDoyle
Segments:     7
Lanes:        4
Junctions:    8
Ramps:        2
Sensors:      5
Mode:         PeMS Data-Driven
Car-Following: IDM
ODE Solver:   Ballistic
Vmax:         35.0 m/s
======================================================================
Skipping Source actor due to time limit at clock = 43201.00125327633
Skipping Source actor due to time limit at clock = 43210.6788297557
-----------------------------
| Model.cleanup in progress |
-----------------------------
cleanup: agenda
cleanup: wait queues
coroutine counts = (26412594,26410826,26409940)
[ModelOptimizer] Fitness: 2.4202 | Elapsed: 31.55 sec
[ModelOptimizer] Evaluating parameters: VectorD(2.00000,	5.60900,	-1.00000,	1.00000,	1.50000)

======================================================================
TRAFFIC MODEL BUILDER SUMMARY
======================================================================
Network:      US-101-N-DonaldDoyle
Segments:     7
Lanes:        4
Junctions:    8
Ramps:        2
Sensors:      5
Mode:         PeMS Data-Driven
Car-Following: IDM
ODE Solver:   Ballistic
Vmax:         35.0 m/s
======================================================================
Skipping Source actor due to time limit at clock = 43201.00125327633
Skipping Source actor due to time limit at clock = 43210.6788297557
-----------------------------
| Model.cleanup in progress |
-----------------------------
cleanup: agenda
cleanup: wait queues
coroutine counts = (26472351,26470579,26469691)
[ModelOptimizer] Fitness: 2.4181 | Elapsed: 31.27 sec
[ModelOptimizer] Evaluating parameters: VectorD(2.00000,	6.00000,	-1.00000,	2.66506,	0.300000)

======================================================================
TRAFFIC MODEL BUILDER SUMMARY
======================================================================
Network:      US-101-N-DonaldDoyle
Segments:     7
Lanes:        4
Junctions:    8
Ramps:        2
Sensors:      5
Mode:         PeMS Data-Driven
Car-Following: IDM
ODE Solver:   Ballistic
Vmax:         35.0 m/s
======================================================================
Skipping Source actor due to time limit at clock = 43201.00125327633
Skipping Source actor due to time limit at clock = 43210.6788297557
-----------------------------
| Model.cleanup in progress |
-----------------------------
cleanup: agenda
cleanup: wait queues
coroutine counts = (26532108,26530332,26529442)
[ModelOptimizer] Fitness: 2.8075 | Elapsed: 95.57 sec
[ModelOptimizer] Evaluating parameters: VectorD(2.00000,	4.69162,	-1.00000,	1.00000,	1.50000)

======================================================================
TRAFFIC MODEL BUILDER SUMMARY
======================================================================
Network:      US-101-N-DonaldDoyle
Segments:     7
Lanes:        4
Junctions:    8
Ramps:        2
Sensors:      5
Mode:         PeMS Data-Driven
Car-Following: IDM
ODE Solver:   Ballistic
Vmax:         35.0 m/s
======================================================================
Skipping Source actor due to time limit at clock = 43201.00125327633
Skipping Source actor due to time limit at clock = 43210.6788297557
-----------------------------
| Model.cleanup in progress |
-----------------------------
cleanup: agenda
cleanup: wait queues
coroutine counts = (26591865,26590085,26589193)
[ModelOptimizer] Fitness: 2.4186 | Elapsed: 31.50 sec
[ModelOptimizer] Evaluating parameters: VectorD(2.00000,	6.00000,	-1.00000,	1.00000,	1.50000)

======================================================================
TRAFFIC MODEL BUILDER SUMMARY
======================================================================
Network:      US-101-N-DonaldDoyle
Segments:     7
Lanes:        4
Junctions:    8
Ramps:        2
Sensors:      5
Mode:         PeMS Data-Driven
Car-Following: IDM
ODE Solver:   Ballistic
Vmax:         35.0 m/s
======================================================================
Skipping Source actor due to time limit at clock = 43201.00125327633
Skipping Source actor due to time limit at clock = 43210.6788297557
-----------------------------
| Model.cleanup in progress |
-----------------------------
cleanup: agenda
cleanup: wait queues
coroutine counts = (26651622,26649838,26648944)
[ModelOptimizer] Fitness: 2.4195 | Elapsed: 31.75 sec
[ModelOptimizer] Evaluating parameters: VectorD(2.00000,	6.00000,	-1.00000,	1.00000,	1.50000)

======================================================================
TRAFFIC MODEL BUILDER SUMMARY
======================================================================
Network:      US-101-N-DonaldDoyle
Segments:     7
Lanes:        4
Junctions:    8
Ramps:        2
Sensors:      5
Mode:         PeMS Data-Driven
Car-Following: IDM
ODE Solver:   Ballistic
Vmax:         35.0 m/s
======================================================================
Skipping Source actor due to time limit at clock = 43201.00125327633
Skipping Source actor due to time limit at clock = 43210.6788297557
-----------------------------
| Model.cleanup in progress |
-----------------------------
cleanup: agenda
cleanup: wait queues
coroutine counts = (26711379,26709591,26708695)
[ModelOptimizer] Fitness: 2.4195 | Elapsed: 31.56 sec
[ModelOptimizer] Evaluating parameters: VectorD(2.00000,	6.00000,	-1.00000,	1.00000,	1.50000)

======================================================================
TRAFFIC MODEL BUILDER SUMMARY
======================================================================
Network:      US-101-N-DonaldDoyle
Segments:     7
Lanes:        4
Junctions:    8
Ramps:        2
Sensors:      5
Mode:         PeMS Data-Driven
Car-Following: IDM
ODE Solver:   Ballistic
Vmax:         35.0 m/s
======================================================================
Skipping Source actor due to time limit at clock = 43201.00125327633
Skipping Source actor due to time limit at clock = 43210.6788297557
-----------------------------
| Model.cleanup in progress |
-----------------------------
cleanup: agenda
cleanup: wait queues
coroutine counts = (26771136,26769344,26768446)
[ModelOptimizer] Fitness: 2.4195 | Elapsed: 31.26 sec
[ModelOptimizer] Evaluating parameters: VectorD(2.00000,	4.91873,	-1.00000,	1.00000,	1.50000)

======================================================================
TRAFFIC MODEL BUILDER SUMMARY
======================================================================
Network:      US-101-N-DonaldDoyle
Segments:     7
Lanes:        4
Junctions:    8
Ramps:        2
Sensors:      5
Mode:         PeMS Data-Driven
Car-Following: IDM
ODE Solver:   Ballistic
Vmax:         35.0 m/s
======================================================================
Skipping Source actor due to time limit at clock = 43201.00125327633
Skipping Source actor due to time limit at clock = 43210.6788297557
-----------------------------
| Model.cleanup in progress |
-----------------------------
cleanup: agenda
cleanup: wait queues
coroutine counts = (26830893,26829097,26828197)
[ModelOptimizer] Fitness: 2.4185 | Elapsed: 31.79 sec
[ModelOptimizer] Evaluating parameters: VectorD(2.00000,	6.00000,	-1.00000,	1.00000,	1.50000)

======================================================================
TRAFFIC MODEL BUILDER SUMMARY
======================================================================
Network:      US-101-N-DonaldDoyle
Segments:     7
Lanes:        4
Junctions:    8
Ramps:        2
Sensors:      5
Mode:         PeMS Data-Driven
Car-Following: IDM
ODE Solver:   Ballistic
Vmax:         35.0 m/s
======================================================================
Skipping Source actor due to time limit at clock = 43201.00125327633
Skipping Source actor due to time limit at clock = 43210.6788297557
-----------------------------
| Model.cleanup in progress |
-----------------------------
cleanup: agenda
cleanup: wait queues
coroutine counts = (26890650,26888850,26887948)
[ModelOptimizer] Fitness: 2.4195 | Elapsed: 31.67 sec
[ModelOptimizer] Evaluating parameters: VectorD(2.00000,	6.00000,	-1.00000,	1.00000,	1.50000)

======================================================================
TRAFFIC MODEL BUILDER SUMMARY
======================================================================
Network:      US-101-N-DonaldDoyle
Segments:     7
Lanes:        4
Junctions:    8
Ramps:        2
Sensors:      5
Mode:         PeMS Data-Driven
Car-Following: IDM
ODE Solver:   Ballistic
Vmax:         35.0 m/s
======================================================================
Skipping Source actor due to time limit at clock = 43201.00125327633
Skipping Source actor due to time limit at clock = 43210.6788297557
-----------------------------
| Model.cleanup in progress |
-----------------------------
cleanup: agenda
cleanup: wait queues
coroutine counts = (26950407,26948603,26947699)
[ModelOptimizer] Fitness: 2.4195 | Elapsed: 31.44 sec
[ModelOptimizer] Evaluating parameters: VectorD(2.00000,	6.00000,	-1.00000,	2.58250,	0.300000)

======================================================================
TRAFFIC MODEL BUILDER SUMMARY
======================================================================
Network:      US-101-N-DonaldDoyle
Segments:     7
Lanes:        4
Junctions:    8
Ramps:        2
Sensors:      5
Mode:         PeMS Data-Driven
Car-Following: IDM
ODE Solver:   Ballistic
Vmax:         35.0 m/s
======================================================================
Skipping Source actor due to time limit at clock = 43201.00125327633
Skipping Source actor due to time limit at clock = 43210.6788297557
-----------------------------
| Model.cleanup in progress |
-----------------------------
cleanup: agenda
cleanup: wait queues
coroutine counts = (27010164,27008356,27007450)
[ModelOptimizer] Fitness: 2.8155 | Elapsed: 96.15 sec
[ModelOptimizer] Evaluating parameters: VectorD(2.00000,	5.33414,	-1.00000,	1.00000,	1.50000)

======================================================================
TRAFFIC MODEL BUILDER SUMMARY
======================================================================
Network:      US-101-N-DonaldDoyle
Segments:     7
Lanes:        4
Junctions:    8
Ramps:        2
Sensors:      5
Mode:         PeMS Data-Driven
Car-Following: IDM
ODE Solver:   Ballistic
Vmax:         35.0 m/s
======================================================================
Skipping Source actor due to time limit at clock = 43201.00125327633
Skipping Source actor due to time limit at clock = 43210.6788297557
-----------------------------
| Model.cleanup in progress |
-----------------------------
cleanup: agenda
cleanup: wait queues
coroutine counts = (27069921,27068109,27067201)
[ModelOptimizer] Fitness: 2.4166 | Elapsed: 31.29 sec
[ModelOptimizer] Evaluating parameters: VectorD(2.00000,	5.26289,	-1.00000,	1.00000,	1.50000)

======================================================================
TRAFFIC MODEL BUILDER SUMMARY
======================================================================
Network:      US-101-N-DonaldDoyle
Segments:     7
Lanes:        4
Junctions:    8
Ramps:        2
Sensors:      5
Mode:         PeMS Data-Driven
Car-Following: IDM
ODE Solver:   Ballistic
Vmax:         35.0 m/s
======================================================================
Skipping Source actor due to time limit at clock = 43201.00125327633
Skipping Source actor due to time limit at clock = 43210.6788297557
-----------------------------
| Model.cleanup in progress |
-----------------------------
cleanup: agenda
cleanup: wait queues
coroutine counts = (27129678,27127862,27126952)
[ModelOptimizer] Fitness: 2.4187 | Elapsed: 31.64 sec
[ModelOptimizer] Evaluating parameters: VectorD(2.00000,	5.26289,	-1.00000,	1.00000,	1.50000)

======================================================================
TRAFFIC MODEL BUILDER SUMMARY
======================================================================
Network:      US-101-N-DonaldDoyle
Segments:     7
Lanes:        4
Junctions:    8
Ramps:        2
Sensors:      5
Mode:         PeMS Data-Driven
Car-Following: IDM
ODE Solver:   Ballistic
Vmax:         35.0 m/s
======================================================================
Skipping Source actor due to time limit at clock = 43201.00125327633
Skipping Source actor due to time limit at clock = 43210.6788297557
-----------------------------
| Model.cleanup in progress |
-----------------------------
cleanup: agenda
cleanup: wait queues
coroutine counts = (27189435,27187615,27186703)
[ModelOptimizer] Fitness: 2.4187 | Elapsed: 31.68 sec
[ModelOptimizer] Evaluating parameters: VectorD(2.00000,	5.26497,	-1.00000,	1.00000,	1.50000)

======================================================================
TRAFFIC MODEL BUILDER SUMMARY
======================================================================
Network:      US-101-N-DonaldDoyle
Segments:     7
Lanes:        4
Junctions:    8
Ramps:        2
Sensors:      5
Mode:         PeMS Data-Driven
Car-Following: IDM
ODE Solver:   Ballistic
Vmax:         35.0 m/s
======================================================================
Skipping Source actor due to time limit at clock = 43201.00125327633
Skipping Source actor due to time limit at clock = 43210.6788297557
-----------------------------
| Model.cleanup in progress |
-----------------------------
cleanup: agenda
cleanup: wait queues
coroutine counts = (27249192,27247368,27246454)
[ModelOptimizer] Fitness: 2.4194 | Elapsed: 31.79 sec
[ModelOptimizer] Evaluating parameters: VectorD(2.00000,	6.00000,	-1.00000,	1.00000,	1.50000)

======================================================================
TRAFFIC MODEL BUILDER SUMMARY
======================================================================
Network:      US-101-N-DonaldDoyle
Segments:     7
Lanes:        4
Junctions:    8
Ramps:        2
Sensors:      5
Mode:         PeMS Data-Driven
Car-Following: IDM
ODE Solver:   Ballistic
Vmax:         35.0 m/s
======================================================================
Skipping Source actor due to time limit at clock = 43201.00125327633
Skipping Source actor due to time limit at clock = 43210.6788297557
-----------------------------
| Model.cleanup in progress |
-----------------------------
cleanup: agenda
cleanup: wait queues
coroutine counts = (27308949,27307121,27306205)
[ModelOptimizer] Fitness: 2.4195 | Elapsed: 31.46 sec
[ModelOptimizer] Evaluating parameters: VectorD(2.00000,	5.26497,	-1.00000,	1.00000,	1.50000)

======================================================================
TRAFFIC MODEL BUILDER SUMMARY
======================================================================
Network:      US-101-N-DonaldDoyle
Segments:     7
Lanes:        4
Junctions:    8
Ramps:        2
Sensors:      5
Mode:         PeMS Data-Driven
Car-Following: IDM
ODE Solver:   Ballistic
Vmax:         35.0 m/s
======================================================================
Skipping Source actor due to time limit at clock = 43201.00125327633
Skipping Source actor due to time limit at clock = 43210.6788297557
-----------------------------
| Model.cleanup in progress |
-----------------------------
cleanup: agenda
cleanup: wait queues
coroutine counts = (27368706,27366874,27365956)
[ModelOptimizer] Fitness: 2.4194 | Elapsed: 31.66 sec
[ModelOptimizer] Evaluating parameters: VectorD(2.00000,	3.70739,	-1.00000,	1.00000,	1.50000)

======================================================================
TRAFFIC MODEL BUILDER SUMMARY
======================================================================
Network:      US-101-N-DonaldDoyle
Segments:     7
Lanes:        4
Junctions:    8
Ramps:        2
Sensors:      5
Mode:         PeMS Data-Driven
Car-Following: IDM
ODE Solver:   Ballistic
Vmax:         35.0 m/s
======================================================================
Skipping Source actor due to time limit at clock = 43201.00125327633
Skipping Source actor due to time limit at clock = 43210.6788297557
-----------------------------
| Model.cleanup in progress |
-----------------------------
cleanup: agenda
cleanup: wait queues
coroutine counts = (27428463,27426627,27425707)
[ModelOptimizer] Fitness: 2.4379 | Elapsed: 31.99 sec
[ModelOptimizer] Evaluating parameters: VectorD(2.00000,	6.00000,	-1.00000,	1.00000,	1.50000)

======================================================================
TRAFFIC MODEL BUILDER SUMMARY
======================================================================
Network:      US-101-N-DonaldDoyle
Segments:     7
Lanes:        4
Junctions:    8
Ramps:        2
Sensors:      5
Mode:         PeMS Data-Driven
Car-Following: IDM
ODE Solver:   Ballistic
Vmax:         35.0 m/s
======================================================================
Skipping Source actor due to time limit at clock = 43201.00125327633
Skipping Source actor due to time limit at clock = 43210.6788297557
-----------------------------
| Model.cleanup in progress |
-----------------------------
cleanup: agenda
cleanup: wait queues
coroutine counts = (27488220,27486380,27485458)
[ModelOptimizer] Fitness: 2.4195 | Elapsed: 31.65 sec
[ModelOptimizer] Evaluating parameters: VectorD(2.00000,	6.00000,	-1.00000,	5.00000,	1.50000)

======================================================================
TRAFFIC MODEL BUILDER SUMMARY
======================================================================
Network:      US-101-N-DonaldDoyle
Segments:     7
Lanes:        4
Junctions:    8
Ramps:        2
Sensors:      5
Mode:         PeMS Data-Driven
Car-Following: IDM
ODE Solver:   Ballistic
Vmax:         35.0 m/s
======================================================================
Skipping Source actor due to time limit at clock = 43201.00125327633
Skipping Source actor due to time limit at clock = 43210.6788297557
-----------------------------
| Model.cleanup in progress |
-----------------------------
cleanup: agenda
cleanup: wait queues
coroutine counts = (27547977,27546133,27545209)
[ModelOptimizer] Fitness: 3.2769 | Elapsed: 34.54 sec
[ModelOptimizer] Evaluating parameters: VectorD(2.00000,	5.70667,	-1.00000,	1.00000,	1.50000)

======================================================================
TRAFFIC MODEL BUILDER SUMMARY
======================================================================
Network:      US-101-N-DonaldDoyle
Segments:     7
Lanes:        4
Junctions:    8
Ramps:        2
Sensors:      5
Mode:         PeMS Data-Driven
Car-Following: IDM
ODE Solver:   Ballistic
Vmax:         35.0 m/s
======================================================================
Skipping Source actor due to time limit at clock = 43201.00125327633
Skipping Source actor due to time limit at clock = 43210.6788297557
-----------------------------
| Model.cleanup in progress |
-----------------------------
cleanup: agenda
cleanup: wait queues
coroutine counts = (27607734,27605886,27604960)
[ModelOptimizer] Fitness: 2.4178 | Elapsed: 32.09 sec
[ModelOptimizer] Evaluating parameters: VectorD(2.00000,	4.90784,	-1.00000,	1.00000,	1.50000)

======================================================================
TRAFFIC MODEL BUILDER SUMMARY
======================================================================
Network:      US-101-N-DonaldDoyle
Segments:     7
Lanes:        4
Junctions:    8
Ramps:        2
Sensors:      5
Mode:         PeMS Data-Driven
Car-Following: IDM
ODE Solver:   Ballistic
Vmax:         35.0 m/s
======================================================================
Skipping Source actor due to time limit at clock = 43201.00125327633
Skipping Source actor due to time limit at clock = 43210.6788297557
-----------------------------
| Model.cleanup in progress |
-----------------------------
cleanup: agenda
cleanup: wait queues
coroutine counts = (27667491,27665639,27664711)
[ModelOptimizer] Fitness: 2.4178 | Elapsed: 30.74 sec
[ModelOptimizer] Evaluating parameters: VectorD(2.00000,	6.00000,	-1.00000,	1.00000,	1.50000)

======================================================================
TRAFFIC MODEL BUILDER SUMMARY
======================================================================
Network:      US-101-N-DonaldDoyle
Segments:     7
Lanes:        4
Junctions:    8
Ramps:        2
Sensors:      5
Mode:         PeMS Data-Driven
Car-Following: IDM
ODE Solver:   Ballistic
Vmax:         35.0 m/s
======================================================================
Skipping Source actor due to time limit at clock = 43201.00125327633
Skipping Source actor due to time limit at clock = 43210.6788297557
-----------------------------
| Model.cleanup in progress |
-----------------------------
cleanup: agenda
cleanup: wait queues
coroutine counts = (27727248,27725392,27724462)
[ModelOptimizer] Fitness: 2.4195 | Elapsed: 29.39 sec
[ModelOptimizer] Evaluating parameters: VectorD(2.00000,	4.90784,	-1.00000,	1.00000,	1.50000)

======================================================================
TRAFFIC MODEL BUILDER SUMMARY
======================================================================
Network:      US-101-N-DonaldDoyle
Segments:     7
Lanes:        4
Junctions:    8
Ramps:        2
Sensors:      5
Mode:         PeMS Data-Driven
Car-Following: IDM
ODE Solver:   Ballistic
Vmax:         35.0 m/s
======================================================================
Skipping Source actor due to time limit at clock = 43201.00125327633
Skipping Source actor due to time limit at clock = 43210.6788297557
-----------------------------
| Model.cleanup in progress |
-----------------------------
cleanup: agenda
cleanup: wait queues
coroutine counts = (27787005,27785145,27784213)
[ModelOptimizer] Fitness: 2.4178 | Elapsed: 28.90 sec
[ModelOptimizer] Evaluating parameters: VectorD(2.00000,	6.00000,	-1.00000,	1.00000,	1.50000)

======================================================================
TRAFFIC MODEL BUILDER SUMMARY
======================================================================
Network:      US-101-N-DonaldDoyle
Segments:     7
Lanes:        4
Junctions:    8
Ramps:        2
Sensors:      5
Mode:         PeMS Data-Driven
Car-Following: IDM
ODE Solver:   Ballistic
Vmax:         35.0 m/s
======================================================================
Skipping Source actor due to time limit at clock = 43201.00125327633
Skipping Source actor due to time limit at clock = 43210.6788297557
-----------------------------
| Model.cleanup in progress |
-----------------------------
cleanup: agenda
cleanup: wait queues
coroutine counts = (27846762,27844898,27843964)
[ModelOptimizer] Fitness: 2.4195 | Elapsed: 28.58 sec
[ModelOptimizer] Evaluating parameters: VectorD(2.00000,	6.00000,	-1.00000,	1.00000,	1.50000)

======================================================================
TRAFFIC MODEL BUILDER SUMMARY
======================================================================
Network:      US-101-N-DonaldDoyle
Segments:     7
Lanes:        4
Junctions:    8
Ramps:        2
Sensors:      5
Mode:         PeMS Data-Driven
Car-Following: IDM
ODE Solver:   Ballistic
Vmax:         35.0 m/s
======================================================================
Skipping Source actor due to time limit at clock = 43201.00125327633
Skipping Source actor due to time limit at clock = 43210.6788297557
-----------------------------
| Model.cleanup in progress |
-----------------------------
cleanup: agenda
cleanup: wait queues
coroutine counts = (27906519,27904651,27903715)
[ModelOptimizer] Fitness: 2.4195 | Elapsed: 29.29 sec
[ModelOptimizer] Evaluating parameters: VectorD(2.00000,	4.04832,	-1.00000,	1.00000,	1.50000)

======================================================================
TRAFFIC MODEL BUILDER SUMMARY
======================================================================
Network:      US-101-N-DonaldDoyle
Segments:     7
Lanes:        4
Junctions:    8
Ramps:        2
Sensors:      5
Mode:         PeMS Data-Driven
Car-Following: IDM
ODE Solver:   Ballistic
Vmax:         35.0 m/s
======================================================================
Skipping Source actor due to time limit at clock = 43201.00125327633
Skipping Source actor due to time limit at clock = 43210.6788297557
-----------------------------
| Model.cleanup in progress |
-----------------------------
cleanup: agenda
cleanup: wait queues
coroutine counts = (27966276,27964404,27963466)
[ModelOptimizer] Fitness: 2.4290 | Elapsed: 29.12 sec
[ModelOptimizer] Evaluating parameters: VectorD(2.00000,	6.00000,	-1.00000,	1.00000,	1.50000)

======================================================================
TRAFFIC MODEL BUILDER SUMMARY
======================================================================
Network:      US-101-N-DonaldDoyle
Segments:     7
Lanes:        4
Junctions:    8
Ramps:        2
Sensors:      5
Mode:         PeMS Data-Driven
Car-Following: IDM
ODE Solver:   Ballistic
Vmax:         35.0 m/s
======================================================================
Skipping Source actor due to time limit at clock = 43201.00125327633
Skipping Source actor due to time limit at clock = 43210.6788297557
-----------------------------
| Model.cleanup in progress |
-----------------------------
cleanup: agenda
cleanup: wait queues
coroutine counts = (28026033,28024157,28023217)
[ModelOptimizer] Fitness: 2.4195 | Elapsed: 29.18 sec
[ModelOptimizer] Evaluating parameters: VectorD(2.00000,	5.76200,	-1.00000,	5.00000,	1.50000)

======================================================================
TRAFFIC MODEL BUILDER SUMMARY
======================================================================
Network:      US-101-N-DonaldDoyle
Segments:     7
Lanes:        4
Junctions:    8
Ramps:        2
Sensors:      5
Mode:         PeMS Data-Driven
Car-Following: IDM
ODE Solver:   Ballistic
Vmax:         35.0 m/s
======================================================================
Skipping Source actor due to time limit at clock = 43201.00125327633
Skipping Source actor due to time limit at clock = 43210.6788297557
-----------------------------
| Model.cleanup in progress |
-----------------------------
cleanup: agenda
cleanup: wait queues
coroutine counts = (28085790,28083910,28082968)
[ModelOptimizer] Fitness: 3.2490 | Elapsed: 32.49 sec
[ModelOptimizer] Evaluating parameters: VectorD(2.00000,	6.00000,	-1.00000,	1.00000,	1.50000)

======================================================================
TRAFFIC MODEL BUILDER SUMMARY
======================================================================
Network:      US-101-N-DonaldDoyle
Segments:     7
Lanes:        4
Junctions:    8
Ramps:        2
Sensors:      5
Mode:         PeMS Data-Driven
Car-Following: IDM
ODE Solver:   Ballistic
Vmax:         35.0 m/s
======================================================================
Skipping Source actor due to time limit at clock = 43201.00125327633
Skipping Source actor due to time limit at clock = 43210.6788297557
-----------------------------
| Model.cleanup in progress |
-----------------------------
cleanup: agenda
cleanup: wait queues
coroutine counts = (28145547,28143663,28142719)
[ModelOptimizer] Fitness: 2.4195 | Elapsed: 29.40 sec
[ModelOptimizer] Evaluating parameters: VectorD(2.00000,	4.96348,	-1.00000,	1.00000,	1.50000)

======================================================================
TRAFFIC MODEL BUILDER SUMMARY
======================================================================
Network:      US-101-N-DonaldDoyle
Segments:     7
Lanes:        4
Junctions:    8
Ramps:        2
Sensors:      5
Mode:         PeMS Data-Driven
Car-Following: IDM
ODE Solver:   Ballistic
Vmax:         35.0 m/s
======================================================================
Skipping Source actor due to time limit at clock = 43201.00125327633
Skipping Source actor due to time limit at clock = 43210.6788297557
-----------------------------
| Model.cleanup in progress |
-----------------------------
cleanup: agenda
cleanup: wait queues
coroutine counts = (28205304,28203416,28202470)
[ModelOptimizer] Fitness: 2.4185 | Elapsed: 29.00 sec
[ModelOptimizer] Evaluating parameters: VectorD(2.00000,	5.34082,	-1.00000,	1.00000,	1.50000)

======================================================================
TRAFFIC MODEL BUILDER SUMMARY
======================================================================
Network:      US-101-N-DonaldDoyle
Segments:     7
Lanes:        4
Junctions:    8
Ramps:        2
Sensors:      5
Mode:         PeMS Data-Driven
Car-Following: IDM
ODE Solver:   Ballistic
Vmax:         35.0 m/s
======================================================================
Skipping Source actor due to time limit at clock = 43201.00125327633
Skipping Source actor due to time limit at clock = 43210.6788297557
-----------------------------
| Model.cleanup in progress |
-----------------------------
cleanup: agenda
cleanup: wait queues
coroutine counts = (28265061,28263169,28262221)
[ModelOptimizer] Fitness: 2.4168 | Elapsed: 29.51 sec
[ModelOptimizer] Evaluating parameters: VectorD(2.00000,	2.53252,	-1.00000,	1.00000,	1.50000)

======================================================================
TRAFFIC MODEL BUILDER SUMMARY
======================================================================
Network:      US-101-N-DonaldDoyle
Segments:     7
Lanes:        4
Junctions:    8
Ramps:        2
Sensors:      5
Mode:         PeMS Data-Driven
Car-Following: IDM
ODE Solver:   Ballistic
Vmax:         35.0 m/s
======================================================================
Skipping Source actor due to time limit at clock = 43201.00125327633
Skipping Source actor due to time limit at clock = 43210.6788297557
-----------------------------
| Model.cleanup in progress |
-----------------------------
cleanup: agenda
cleanup: wait queues
coroutine counts = (28324818,28322922,28321972)
[ModelOptimizer] Fitness: 2.5579 | Elapsed: 29.51 sec
[ModelOptimizer] Evaluating parameters: VectorD(2.00000,	5.40278,	-1.00000,	1.00000,	1.50000)

======================================================================
TRAFFIC MODEL BUILDER SUMMARY
======================================================================
Network:      US-101-N-DonaldDoyle
Segments:     7
Lanes:        4
Junctions:    8
Ramps:        2
Sensors:      5
Mode:         PeMS Data-Driven
Car-Following: IDM
ODE Solver:   Ballistic
Vmax:         35.0 m/s
======================================================================
Skipping Source actor due to time limit at clock = 43201.00125327633
Skipping Source actor due to time limit at clock = 43210.6788297557
-----------------------------
| Model.cleanup in progress |
-----------------------------
cleanup: agenda
cleanup: wait queues
coroutine counts = (28384575,28382675,28381723)
[ModelOptimizer] Fitness: 2.4182 | Elapsed: 29.36 sec
      10 |      2.41662721 |      2.41662721 |      20.0% ✓
[ModelOptimizer] Evaluating parameters: VectorD(2.00000,	4.87545,	-1.00000,	1.00000,	1.50000)

======================================================================
TRAFFIC MODEL BUILDER SUMMARY
======================================================================
Network:      US-101-N-DonaldDoyle
Segments:     7
Lanes:        4
Junctions:    8
Ramps:        2
Sensors:      5
Mode:         PeMS Data-Driven
Car-Following: IDM
ODE Solver:   Ballistic
Vmax:         35.0 m/s
======================================================================
Skipping Source actor due to time limit at clock = 43201.00125327633
Skipping Source actor due to time limit at clock = 43210.6788297557
-----------------------------
| Model.cleanup in progress |
-----------------------------
cleanup: agenda
cleanup: wait queues
coroutine counts = (28444332,28442428,28441474)
[ModelOptimizer] Fitness: 2.4181 | Elapsed: 29.09 sec
[ModelOptimizer] Evaluating parameters: VectorD(2.00000,	4.98465,	-1.00000,	1.00000,	1.50000)

======================================================================
TRAFFIC MODEL BUILDER SUMMARY
======================================================================
Network:      US-101-N-DonaldDoyle
Segments:     7
Lanes:        4
Junctions:    8
Ramps:        2
Sensors:      5
Mode:         PeMS Data-Driven
Car-Following: IDM
ODE Solver:   Ballistic
Vmax:         35.0 m/s
======================================================================
Skipping Source actor due to time limit at clock = 43201.00125327633
Skipping Source actor due to time limit at clock = 43210.6788297557
-----------------------------
| Model.cleanup in progress |
-----------------------------
cleanup: agenda
cleanup: wait queues
coroutine counts = (28504089,28502181,28501225)
[ModelOptimizer] Fitness: 2.4183 | Elapsed: 29.38 sec
[ModelOptimizer] Evaluating parameters: VectorD(2.00000,	4.87545,	-1.00000,	1.00000,	1.50000)

======================================================================
TRAFFIC MODEL BUILDER SUMMARY
======================================================================
Network:      US-101-N-DonaldDoyle
Segments:     7
Lanes:        4
Junctions:    8
Ramps:        2
Sensors:      5
Mode:         PeMS Data-Driven
Car-Following: IDM
ODE Solver:   Ballistic
Vmax:         35.0 m/s
======================================================================
Skipping Source actor due to time limit at clock = 43201.00125327633
Skipping Source actor due to time limit at clock = 43210.6788297557
-----------------------------
| Model.cleanup in progress |
-----------------------------
cleanup: agenda
cleanup: wait queues
coroutine counts = (28563846,28561934,28560976)
[ModelOptimizer] Fitness: 2.4181 | Elapsed: 29.08 sec
[ModelOptimizer] Evaluating parameters: VectorD(2.00000,	4.54643,	-1.00000,	4.18145,	1.50000)

======================================================================
TRAFFIC MODEL BUILDER SUMMARY
======================================================================
Network:      US-101-N-DonaldDoyle
Segments:     7
Lanes:        4
Junctions:    8
Ramps:        2
Sensors:      5
Mode:         PeMS Data-Driven
Car-Following: IDM
ODE Solver:   Ballistic
Vmax:         35.0 m/s
======================================================================
Skipping Source actor due to time limit at clock = 43201.00125327633
Skipping Source actor due to time limit at clock = 43210.6788297557
-----------------------------
| Model.cleanup in progress |
-----------------------------
cleanup: agenda
cleanup: wait queues
coroutine counts = (28623603,28621687,28620727)
[ModelOptimizer] Fitness: 3.1274 | Elapsed: 31.75 sec
[ModelOptimizer] Evaluating parameters: VectorD(2.00000,	6.00000,	-1.00000,	1.00000,	1.50000)

======================================================================
TRAFFIC MODEL BUILDER SUMMARY
======================================================================
Network:      US-101-N-DonaldDoyle
Segments:     7
Lanes:        4
Junctions:    8
Ramps:        2
Sensors:      5
Mode:         PeMS Data-Driven
Car-Following: IDM
ODE Solver:   Ballistic
Vmax:         35.0 m/s
======================================================================
Skipping Source actor due to time limit at clock = 43201.00125327633
Skipping Source actor due to time limit at clock = 43210.6788297557
-----------------------------
| Model.cleanup in progress |
-----------------------------
cleanup: agenda
cleanup: wait queues
coroutine counts = (28683360,28681440,28680478)
[ModelOptimizer] Fitness: 2.4195 | Elapsed: 30.47 sec
[ModelOptimizer] Evaluating parameters: VectorD(2.00000,	5.31246,	-1.00000,	1.00000,	0.300000)

======================================================================
TRAFFIC MODEL BUILDER SUMMARY
======================================================================
Network:      US-101-N-DonaldDoyle
Segments:     7
Lanes:        4
Junctions:    8
Ramps:        2
Sensors:      5
Mode:         PeMS Data-Driven
Car-Following: IDM
ODE Solver:   Ballistic
Vmax:         35.0 m/s
======================================================================
Skipping Source actor due to time limit at clock = 43201.00125327633
Skipping Source actor due to time limit at clock = 43210.6788297557
-----------------------------
| Model.cleanup in progress |
-----------------------------
cleanup: agenda
cleanup: wait queues
coroutine counts = (28743117,28741193,28740229)
[ModelOptimizer] Fitness: 2.7120 | Elapsed: 82.90 sec
[ModelOptimizer] Evaluating parameters: VectorD(2.00000,	5.20798,	-1.00000,	1.00000,	1.50000)

======================================================================
TRAFFIC MODEL BUILDER SUMMARY
======================================================================
Network:      US-101-N-DonaldDoyle
Segments:     7
Lanes:        4
Junctions:    8
Ramps:        2
Sensors:      5
Mode:         PeMS Data-Driven
Car-Following: IDM
ODE Solver:   Ballistic
Vmax:         35.0 m/s
======================================================================
Skipping Source actor due to time limit at clock = 43201.00125327633
Skipping Source actor due to time limit at clock = 43210.6788297557
-----------------------------
| Model.cleanup in progress |
-----------------------------
cleanup: agenda
cleanup: wait queues
coroutine counts = (28802874,28800946,28799980)
[ModelOptimizer] Fitness: 2.4185 | Elapsed: 28.32 sec
[ModelOptimizer] Evaluating parameters: VectorD(2.00000,	6.00000,	-1.00000,	1.00000,	0.300000)

======================================================================
TRAFFIC MODEL BUILDER SUMMARY
======================================================================
Network:      US-101-N-DonaldDoyle
Segments:     7
Lanes:        4
Junctions:    8
Ramps:        2
Sensors:      5
Mode:         PeMS Data-Driven
Car-Following: IDM
ODE Solver:   Ballistic
Vmax:         35.0 m/s
======================================================================
Skipping Source actor due to time limit at clock = 43201.00125327633
Skipping Source actor due to time limit at clock = 43210.6788297557
-----------------------------
| Model.cleanup in progress |
-----------------------------
cleanup: agenda
cleanup: wait queues
coroutine counts = (28862631,28860699,28859731)
[ModelOptimizer] Fitness: 2.6943 | Elapsed: 84.59 sec
[ModelOptimizer] Evaluating parameters: VectorD(2.00000,	5.49666,	-1.00000,	1.00000,	1.50000)

======================================================================
TRAFFIC MODEL BUILDER SUMMARY
======================================================================
Network:      US-101-N-DonaldDoyle
Segments:     7
Lanes:        4
Junctions:    8
Ramps:        2
Sensors:      5
Mode:         PeMS Data-Driven
Car-Following: IDM
ODE Solver:   Ballistic
Vmax:         35.0 m/s
======================================================================
Skipping Source actor due to time limit at clock = 43201.00125327633
Skipping Source actor due to time limit at clock = 43210.6788297557
-----------------------------
| Model.cleanup in progress |
-----------------------------
cleanup: agenda
cleanup: wait queues
coroutine counts = (28922388,28920452,28919482)
[ModelOptimizer] Fitness: 2.4189 | Elapsed: 28.64 sec
[ModelOptimizer] Evaluating parameters: VectorD(8.00000,	6.00000,	-1.00000,	1.00000,	0.300000)

======================================================================
TRAFFIC MODEL BUILDER SUMMARY
======================================================================
Network:      US-101-N-DonaldDoyle
Segments:     7
Lanes:        4
Junctions:    8
Ramps:        2
Sensors:      5
Mode:         PeMS Data-Driven
Car-Following: IDM
ODE Solver:   Ballistic
Vmax:         35.0 m/s
======================================================================
Skipping Source actor due to time limit at clock = 43201.00125327633
Skipping Source actor due to time limit at clock = 43210.6788297557
-----------------------------
| Model.cleanup in progress |
-----------------------------
cleanup: agenda
cleanup: wait queues
coroutine counts = (28982145,28980205,28979233)
[ModelOptimizer] Fitness: 3.0342 | Elapsed: 86.73 sec
[ModelOptimizer] Evaluating parameters: VectorD(2.00000,	5.60900,	-1.00000,	1.00000,	1.50000)

======================================================================
TRAFFIC MODEL BUILDER SUMMARY
======================================================================
Network:      US-101-N-DonaldDoyle
Segments:     7
Lanes:        4
Junctions:    8
Ramps:        2
Sensors:      5
Mode:         PeMS Data-Driven
Car-Following: IDM
ODE Solver:   Ballistic
Vmax:         35.0 m/s
======================================================================
Skipping Source actor due to time limit at clock = 43201.00125327633
Skipping Source actor due to time limit at clock = 43210.6788297557
-----------------------------
| Model.cleanup in progress |
-----------------------------
cleanup: agenda
cleanup: wait queues
coroutine counts = (29041902,29039958,29038984)
[ModelOptimizer] Fitness: 2.4181 | Elapsed: 30.00 sec
[ModelOptimizer] Evaluating parameters: VectorD(2.00000,	6.00000,	-1.00000,	1.00000,	1.50000)

======================================================================
TRAFFIC MODEL BUILDER SUMMARY
======================================================================
Network:      US-101-N-DonaldDoyle
Segments:     7
Lanes:        4
Junctions:    8
Ramps:        2
Sensors:      5
Mode:         PeMS Data-Driven
Car-Following: IDM
ODE Solver:   Ballistic
Vmax:         35.0 m/s
======================================================================
Skipping Source actor due to time limit at clock = 43201.00125327633
Skipping Source actor due to time limit at clock = 43210.6788297557
-----------------------------
| Model.cleanup in progress |
-----------------------------
cleanup: agenda
cleanup: wait queues
coroutine counts = (29101659,29099711,29098735)
[ModelOptimizer] Fitness: 2.4195 | Elapsed: 29.96 sec
[ModelOptimizer] Evaluating parameters: VectorD(2.00000,	4.69162,	-1.00000,	1.00000,	1.50000)

======================================================================
TRAFFIC MODEL BUILDER SUMMARY
======================================================================
Network:      US-101-N-DonaldDoyle
Segments:     7
Lanes:        4
Junctions:    8
Ramps:        2
Sensors:      5
Mode:         PeMS Data-Driven
Car-Following: IDM
ODE Solver:   Ballistic
Vmax:         35.0 m/s
======================================================================
Skipping Source actor due to time limit at clock = 43201.00125327633
Skipping Source actor due to time limit at clock = 43210.6788297557
-----------------------------
| Model.cleanup in progress |
-----------------------------
cleanup: agenda
cleanup: wait queues
coroutine counts = (29161416,29159464,29158486)
[ModelOptimizer] Fitness: 2.4186 | Elapsed: 30.67 sec
[ModelOptimizer] Evaluating parameters: VectorD(6.14079,	6.00000,	-1.00000,	4.30526,	0.300000)

======================================================================
TRAFFIC MODEL BUILDER SUMMARY
======================================================================
Network:      US-101-N-DonaldDoyle
Segments:     7
Lanes:        4
Junctions:    8
Ramps:        2
Sensors:      5
Mode:         PeMS Data-Driven
Car-Following: IDM
ODE Solver:   Ballistic
Vmax:         35.0 m/s
======================================================================
Skipping Source actor due to time limit at clock = 43201.00125327633
Skipping Source actor due to time limit at clock = 43210.6788297557
-----------------------------
| Model.cleanup in progress |
-----------------------------
cleanup: agenda
cleanup: wait queues
coroutine counts = (29221173,29219217,29218237)
[ModelOptimizer] Fitness: 2.8375 | Elapsed: 90.97 sec
[ModelOptimizer] Evaluating parameters: VectorD(2.00000,	6.00000,	-1.00000,	1.00000,	1.50000)

======================================================================
TRAFFIC MODEL BUILDER SUMMARY
======================================================================
Network:      US-101-N-DonaldDoyle
Segments:     7
Lanes:        4
Junctions:    8
Ramps:        2
Sensors:      5
Mode:         PeMS Data-Driven
Car-Following: IDM
ODE Solver:   Ballistic
Vmax:         35.0 m/s
======================================================================
Skipping Source actor due to time limit at clock = 43201.00125327633
Skipping Source actor due to time limit at clock = 43210.6788297557
-----------------------------
| Model.cleanup in progress |
-----------------------------
cleanup: agenda
cleanup: wait queues
coroutine counts = (29280930,29278970,29277988)
[ModelOptimizer] Fitness: 2.4195 | Elapsed: 28.76 sec
[ModelOptimizer] Evaluating parameters: VectorD(2.00000,	6.00000,	-1.00000,	1.00000,	1.50000)

======================================================================
TRAFFIC MODEL BUILDER SUMMARY
======================================================================
Network:      US-101-N-DonaldDoyle
Segments:     7
Lanes:        4
Junctions:    8
Ramps:        2
Sensors:      5
Mode:         PeMS Data-Driven
Car-Following: IDM
ODE Solver:   Ballistic
Vmax:         35.0 m/s
======================================================================
Skipping Source actor due to time limit at clock = 43201.00125327633
Skipping Source actor due to time limit at clock = 43210.6788297557
-----------------------------
| Model.cleanup in progress |
-----------------------------
cleanup: agenda
cleanup: wait queues
coroutine counts = (29340687,29338723,29337739)
[ModelOptimizer] Fitness: 2.4195 | Elapsed: 28.82 sec
[ModelOptimizer] Evaluating parameters: VectorD(2.00000,	4.91873,	-1.00000,	1.00000,	1.50000)

======================================================================
TRAFFIC MODEL BUILDER SUMMARY
======================================================================
Network:      US-101-N-DonaldDoyle
Segments:     7
Lanes:        4
Junctions:    8
Ramps:        2
Sensors:      5
Mode:         PeMS Data-Driven
Car-Following: IDM
ODE Solver:   Ballistic
Vmax:         35.0 m/s
======================================================================
Skipping Source actor due to time limit at clock = 43201.00125327633
Skipping Source actor due to time limit at clock = 43210.6788297557
-----------------------------
| Model.cleanup in progress |
-----------------------------
cleanup: agenda
cleanup: wait queues
coroutine counts = (29400444,29398476,29397490)
[ModelOptimizer] Fitness: 2.4185 | Elapsed: 30.48 sec
[ModelOptimizer] Evaluating parameters: VectorD(3.35768,	3.79360,	-1.00000,	1.00000,	0.300000)

======================================================================
TRAFFIC MODEL BUILDER SUMMARY
======================================================================
Network:      US-101-N-DonaldDoyle
Segments:     7
Lanes:        4
Junctions:    8
Ramps:        2
Sensors:      5
Mode:         PeMS Data-Driven
Car-Following: IDM
ODE Solver:   Ballistic
Vmax:         35.0 m/s
======================================================================
Skipping Source actor due to time limit at clock = 43201.00125327633
Skipping Source actor due to time limit at clock = 43210.6788297557
-----------------------------
| Model.cleanup in progress |
-----------------------------
cleanup: agenda
cleanup: wait queues
coroutine counts = (29460201,29458229,29457241)
[ModelOptimizer] Fitness: 2.9068 | Elapsed: 85.68 sec
[ModelOptimizer] Evaluating parameters: VectorD(2.00000,	6.00000,	-1.00000,	1.00000,	1.50000)

======================================================================
TRAFFIC MODEL BUILDER SUMMARY
======================================================================
Network:      US-101-N-DonaldDoyle
Segments:     7
Lanes:        4
Junctions:    8
Ramps:        2
Sensors:      5
Mode:         PeMS Data-Driven
Car-Following: IDM
ODE Solver:   Ballistic
Vmax:         35.0 m/s
======================================================================
Skipping Source actor due to time limit at clock = 43201.00125327633
Skipping Source actor due to time limit at clock = 43210.6788297557
-----------------------------
| Model.cleanup in progress |
-----------------------------
cleanup: agenda
cleanup: wait queues
coroutine counts = (29519958,29517982,29516992)
[ModelOptimizer] Fitness: 2.4195 | Elapsed: 29.03 sec
[ModelOptimizer] Evaluating parameters: VectorD(2.00000,	5.12437,	-1.00000,	1.00000,	1.50000)

======================================================================
TRAFFIC MODEL BUILDER SUMMARY
======================================================================
Network:      US-101-N-DonaldDoyle
Segments:     7
Lanes:        4
Junctions:    8
Ramps:        2
Sensors:      5
Mode:         PeMS Data-Driven
Car-Following: IDM
ODE Solver:   Ballistic
Vmax:         35.0 m/s
======================================================================
Skipping Source actor due to time limit at clock = 43201.00125327633
Skipping Source actor due to time limit at clock = 43210.6788297557
-----------------------------
| Model.cleanup in progress |
-----------------------------
cleanup: agenda
cleanup: wait queues
coroutine counts = (29579715,29577735,29576743)
[ModelOptimizer] Fitness: 2.4162 | Elapsed: 29.08 sec
[ModelOptimizer] Evaluating parameters: VectorD(2.00000,	5.33414,	-1.00000,	1.00000,	1.50000)

======================================================================
TRAFFIC MODEL BUILDER SUMMARY
======================================================================
Network:      US-101-N-DonaldDoyle
Segments:     7
Lanes:        4
Junctions:    8
Ramps:        2
Sensors:      5
Mode:         PeMS Data-Driven
Car-Following: IDM
ODE Solver:   Ballistic
Vmax:         35.0 m/s
======================================================================
Skipping Source actor due to time limit at clock = 43201.00125327633
Skipping Source actor due to time limit at clock = 43210.6788297557
-----------------------------
| Model.cleanup in progress |
-----------------------------
cleanup: agenda
cleanup: wait queues
coroutine counts = (29639472,29637488,29636494)
[ModelOptimizer] Fitness: 2.4166 | Elapsed: 29.66 sec
[ModelOptimizer] Evaluating parameters: VectorD(2.00000,	5.12437,	-1.00000,	1.00000,	1.50000)

======================================================================
TRAFFIC MODEL BUILDER SUMMARY
======================================================================
Network:      US-101-N-DonaldDoyle
Segments:     7
Lanes:        4
Junctions:    8
Ramps:        2
Sensors:      5
Mode:         PeMS Data-Driven
Car-Following: IDM
ODE Solver:   Ballistic
Vmax:         35.0 m/s
======================================================================
Skipping Source actor due to time limit at clock = 43201.00125327633
Skipping Source actor due to time limit at clock = 43210.6788297557
-----------------------------
| Model.cleanup in progress |
-----------------------------
cleanup: agenda
cleanup: wait queues
coroutine counts = (29699229,29697241,29696245)
[ModelOptimizer] Fitness: 2.4162 | Elapsed: 28.82 sec
[ModelOptimizer] Evaluating parameters: VectorD(2.00000,	6.00000,	-1.00000,	1.00000,	0.300000)

======================================================================
TRAFFIC MODEL BUILDER SUMMARY
======================================================================
Network:      US-101-N-DonaldDoyle
Segments:     7
Lanes:        4
Junctions:    8
Ramps:        2
Sensors:      5
Mode:         PeMS Data-Driven
Car-Following: IDM
ODE Solver:   Ballistic
Vmax:         35.0 m/s
======================================================================
Skipping Source actor due to time limit at clock = 43201.00125327633
Skipping Source actor due to time limit at clock = 43210.6788297557
-----------------------------
| Model.cleanup in progress |
-----------------------------
cleanup: agenda
cleanup: wait queues
coroutine counts = (29758986,29756994,29755996)
[ModelOptimizer] Fitness: 2.6943 | Elapsed: 83.08 sec
[ModelOptimizer] Evaluating parameters: VectorD(2.00000,	5.26289,	-1.00000,	1.00000,	1.50000)

======================================================================
TRAFFIC MODEL BUILDER SUMMARY
======================================================================
Network:      US-101-N-DonaldDoyle
Segments:     7
Lanes:        4
Junctions:    8
Ramps:        2
Sensors:      5
Mode:         PeMS Data-Driven
Car-Following: IDM
ODE Solver:   Ballistic
Vmax:         35.0 m/s
======================================================================
Skipping Source actor due to time limit at clock = 43201.00125327633
Skipping Source actor due to time limit at clock = 43210.6788297557
-----------------------------
| Model.cleanup in progress |
-----------------------------
cleanup: agenda
cleanup: wait queues
coroutine counts = (29818743,29816747,29815747)
[ModelOptimizer] Fitness: 2.4187 | Elapsed: 29.43 sec
[ModelOptimizer] Evaluating parameters: VectorD(2.00000,	5.26497,	-1.00000,	1.00000,	1.50000)

======================================================================
TRAFFIC MODEL BUILDER SUMMARY
======================================================================
Network:      US-101-N-DonaldDoyle
Segments:     7
Lanes:        4
Junctions:    8
Ramps:        2
Sensors:      5
Mode:         PeMS Data-Driven
Car-Following: IDM
ODE Solver:   Ballistic
Vmax:         35.0 m/s
======================================================================
Skipping Source actor due to time limit at clock = 43201.00125327633
Skipping Source actor due to time limit at clock = 43210.6788297557
-----------------------------
| Model.cleanup in progress |
-----------------------------
cleanup: agenda
cleanup: wait queues
coroutine counts = (29878500,29876500,29875498)
[ModelOptimizer] Fitness: 2.4194 | Elapsed: 28.90 sec
[ModelOptimizer] Evaluating parameters: VectorD(2.00000,	5.26497,	-1.00000,	1.00000,	1.50000)

======================================================================
TRAFFIC MODEL BUILDER SUMMARY
======================================================================
Network:      US-101-N-DonaldDoyle
Segments:     7
Lanes:        4
Junctions:    8
Ramps:        2
Sensors:      5
Mode:         PeMS Data-Driven
Car-Following: IDM
ODE Solver:   Ballistic
Vmax:         35.0 m/s
======================================================================
Skipping Source actor due to time limit at clock = 43201.00125327633
Skipping Source actor due to time limit at clock = 43210.6788297557
-----------------------------
| Model.cleanup in progress |
-----------------------------
cleanup: agenda
cleanup: wait queues
coroutine counts = (29938257,29936253,29935249)
[ModelOptimizer] Fitness: 2.4194 | Elapsed: 29.20 sec
[ModelOptimizer] Evaluating parameters: VectorD(2.00000,	4.61000,	-1.00000,	1.00000,	1.50000)

======================================================================
TRAFFIC MODEL BUILDER SUMMARY
======================================================================
Network:      US-101-N-DonaldDoyle
Segments:     7
Lanes:        4
Junctions:    8
Ramps:        2
Sensors:      5
Mode:         PeMS Data-Driven
Car-Following: IDM
ODE Solver:   Ballistic
Vmax:         35.0 m/s
======================================================================
Skipping Source actor due to time limit at clock = 43201.00125327633
Skipping Source actor due to time limit at clock = 43210.6788297557
-----------------------------
| Model.cleanup in progress |
-----------------------------
cleanup: agenda
cleanup: wait queues
coroutine counts = (29998014,29996006,29995000)
[ModelOptimizer] Fitness: 2.4193 | Elapsed: 29.00 sec
[ModelOptimizer] Evaluating parameters: VectorD(2.00000,	6.00000,	-1.00000,	1.00000,	1.50000)

======================================================================
TRAFFIC MODEL BUILDER SUMMARY
======================================================================
Network:      US-101-N-DonaldDoyle
Segments:     7
Lanes:        4
Junctions:    8
Ramps:        2
Sensors:      5
Mode:         PeMS Data-Driven
Car-Following: IDM
ODE Solver:   Ballistic
Vmax:         35.0 m/s
======================================================================
Skipping Source actor due to time limit at clock = 43201.00125327633
Skipping Source actor due to time limit at clock = 43210.6788297557
-----------------------------
| Model.cleanup in progress |
-----------------------------
cleanup: agenda
cleanup: wait queues
coroutine counts = (30057771,30055759,30054751)
[ModelOptimizer] Fitness: 2.4195 | Elapsed: 29.80 sec
[ModelOptimizer] Evaluating parameters: VectorD(2.00000,	4.61000,	-1.00000,	1.00000,	1.50000)

======================================================================
TRAFFIC MODEL BUILDER SUMMARY
======================================================================
Network:      US-101-N-DonaldDoyle
Segments:     7
Lanes:        4
Junctions:    8
Ramps:        2
Sensors:      5
Mode:         PeMS Data-Driven
Car-Following: IDM
ODE Solver:   Ballistic
Vmax:         35.0 m/s
======================================================================
Skipping Source actor due to time limit at clock = 43201.00125327633
Skipping Source actor due to time limit at clock = 43210.6788297557
-----------------------------
| Model.cleanup in progress |
-----------------------------
cleanup: agenda
cleanup: wait queues
coroutine counts = (30117528,30115512,30114502)
[ModelOptimizer] Fitness: 2.4193 | Elapsed: 29.10 sec
[ModelOptimizer] Evaluating parameters: VectorD(2.00000,	6.00000,	-1.00000,	1.00000,	1.50000)

======================================================================
TRAFFIC MODEL BUILDER SUMMARY
======================================================================
Network:      US-101-N-DonaldDoyle
Segments:     7
Lanes:        4
Junctions:    8
Ramps:        2
Sensors:      5
Mode:         PeMS Data-Driven
Car-Following: IDM
ODE Solver:   Ballistic
Vmax:         35.0 m/s
======================================================================
Skipping Source actor due to time limit at clock = 43201.00125327633
Skipping Source actor due to time limit at clock = 43210.6788297557
-----------------------------
| Model.cleanup in progress |
-----------------------------
cleanup: agenda
cleanup: wait queues
coroutine counts = (30177285,30175265,30174253)
[ModelOptimizer] Fitness: 2.4195 | Elapsed: 29.44 sec
[ModelOptimizer] Evaluating parameters: VectorD(2.00000,	5.70667,	-1.00000,	1.00000,	1.50000)

======================================================================
TRAFFIC MODEL BUILDER SUMMARY
======================================================================
Network:      US-101-N-DonaldDoyle
Segments:     7
Lanes:        4
Junctions:    8
Ramps:        2
Sensors:      5
Mode:         PeMS Data-Driven
Car-Following: IDM
ODE Solver:   Ballistic
Vmax:         35.0 m/s
======================================================================
Skipping Source actor due to time limit at clock = 43201.00125327633
Skipping Source actor due to time limit at clock = 43210.6788297557
-----------------------------
| Model.cleanup in progress |
-----------------------------
cleanup: agenda
cleanup: wait queues
coroutine counts = (30237042,30235018,30234004)
[ModelOptimizer] Fitness: 2.4178 | Elapsed: 29.54 sec
[ModelOptimizer] Evaluating parameters: VectorD(2.00000,	6.00000,	-1.69374,	1.00000,	1.50000)

======================================================================
TRAFFIC MODEL BUILDER SUMMARY
======================================================================
Network:      US-101-N-DonaldDoyle
Segments:     7
Lanes:        4
Junctions:    8
Ramps:        2
Sensors:      5
Mode:         PeMS Data-Driven
Car-Following: IDM
ODE Solver:   Ballistic
Vmax:         35.0 m/s
======================================================================
Skipping Source actor due to time limit at clock = 43201.00125327633
Skipping Source actor due to time limit at clock = 43210.6788297557
-----------------------------
| Model.cleanup in progress |
-----------------------------
cleanup: agenda
cleanup: wait queues
coroutine counts = (30296799,30294771,30293755)
[ModelOptimizer] Fitness: 2.7891 | Elapsed: 28.97 sec
[ModelOptimizer] Evaluating parameters: VectorD(2.00000,	4.90784,	-1.00000,	1.00000,	1.50000)

======================================================================
TRAFFIC MODEL BUILDER SUMMARY
======================================================================
Network:      US-101-N-DonaldDoyle
Segments:     7
Lanes:        4
Junctions:    8
Ramps:        2
Sensors:      5
Mode:         PeMS Data-Driven
Car-Following: IDM
ODE Solver:   Ballistic
Vmax:         35.0 m/s
======================================================================
Skipping Source actor due to time limit at clock = 43201.00125327633
Skipping Source actor due to time limit at clock = 43210.6788297557
-----------------------------
| Model.cleanup in progress |
-----------------------------
cleanup: agenda
cleanup: wait queues
coroutine counts = (30356556,30354524,30353506)
[ModelOptimizer] Fitness: 2.4178 | Elapsed: 30.31 sec
[ModelOptimizer] Evaluating parameters: VectorD(8.00000,	6.00000,	-1.00000,	5.00000,	0.300000)

======================================================================
TRAFFIC MODEL BUILDER SUMMARY
======================================================================
Network:      US-101-N-DonaldDoyle
Segments:     7
Lanes:        4
Junctions:    8
Ramps:        2
Sensors:      5
Mode:         PeMS Data-Driven
Car-Following: IDM
ODE Solver:   Ballistic
Vmax:         35.0 m/s
======================================================================
Skipping Source actor due to time limit at clock = 43201.00125327633
Skipping Source actor due to time limit at clock = 43210.6788297557
-----------------------------
| Model.cleanup in progress |
-----------------------------
cleanup: agenda
cleanup: wait queues
coroutine counts = (30416313,30414277,30413257)
[ModelOptimizer] Fitness: 2.8911 | Elapsed: 93.72 sec
[ModelOptimizer] Evaluating parameters: VectorD(2.00000,	6.00000,	-1.00000,	1.00000,	1.50000)

======================================================================
TRAFFIC MODEL BUILDER SUMMARY
======================================================================
Network:      US-101-N-DonaldDoyle
Segments:     7
Lanes:        4
Junctions:    8
Ramps:        2
Sensors:      5
Mode:         PeMS Data-Driven
Car-Following: IDM
ODE Solver:   Ballistic
Vmax:         35.0 m/s
======================================================================
Skipping Source actor due to time limit at clock = 43201.00125327633
Skipping Source actor due to time limit at clock = 43210.6788297557
-----------------------------
| Model.cleanup in progress |
-----------------------------
cleanup: agenda
cleanup: wait queues
coroutine counts = (30476070,30474030,30473008)
[ModelOptimizer] Fitness: 2.4195 | Elapsed: 29.91 sec
[ModelOptimizer] Evaluating parameters: VectorD(2.00000,	5.25839,	-1.00000,	1.00000,	1.50000)

======================================================================
TRAFFIC MODEL BUILDER SUMMARY
======================================================================
Network:      US-101-N-DonaldDoyle
Segments:     7
Lanes:        4
Junctions:    8
Ramps:        2
Sensors:      5
Mode:         PeMS Data-Driven
Car-Following: IDM
ODE Solver:   Ballistic
Vmax:         35.0 m/s
======================================================================
Skipping Source actor due to time limit at clock = 43201.00125327633
Skipping Source actor due to time limit at clock = 43210.6788297557
-----------------------------
| Model.cleanup in progress |
-----------------------------
cleanup: agenda
cleanup: wait queues
coroutine counts = (30535827,30533783,30532759)
[ModelOptimizer] Fitness: 2.4189 | Elapsed: 29.15 sec
[ModelOptimizer] Evaluating parameters: VectorD(2.00000,	6.00000,	-1.00000,	1.00000,	1.50000)

======================================================================
TRAFFIC MODEL BUILDER SUMMARY
======================================================================
Network:      US-101-N-DonaldDoyle
Segments:     7
Lanes:        4
Junctions:    8
Ramps:        2
Sensors:      5
Mode:         PeMS Data-Driven
Car-Following: IDM
ODE Solver:   Ballistic
Vmax:         35.0 m/s
======================================================================
Skipping Source actor due to time limit at clock = 43201.00125327633
Skipping Source actor due to time limit at clock = 43210.6788297557
-----------------------------
| Model.cleanup in progress |
-----------------------------
cleanup: agenda
cleanup: wait queues
coroutine counts = (30595584,30593536,30592510)
[ModelOptimizer] Fitness: 2.4195 | Elapsed: 29.64 sec
[ModelOptimizer] Evaluating parameters: VectorD(2.00000,	5.25839,	-1.00000,	1.00000,	1.50000)

======================================================================
TRAFFIC MODEL BUILDER SUMMARY
======================================================================
Network:      US-101-N-DonaldDoyle
Segments:     7
Lanes:        4
Junctions:    8
Ramps:        2
Sensors:      5
Mode:         PeMS Data-Driven
Car-Following: IDM
ODE Solver:   Ballistic
Vmax:         35.0 m/s
======================================================================
Skipping Source actor due to time limit at clock = 43201.00125327633
Skipping Source actor due to time limit at clock = 43210.6788297557
-----------------------------
| Model.cleanup in progress |
-----------------------------
cleanup: agenda
cleanup: wait queues
coroutine counts = (30655341,30653289,30652261)
[ModelOptimizer] Fitness: 2.4189 | Elapsed: 29.06 sec
[ModelOptimizer] Evaluating parameters: VectorD(2.00000,	6.00000,	-1.00000,	1.00000,	1.50000)

======================================================================
TRAFFIC MODEL BUILDER SUMMARY
======================================================================
Network:      US-101-N-DonaldDoyle
Segments:     7
Lanes:        4
Junctions:    8
Ramps:        2
Sensors:      5
Mode:         PeMS Data-Driven
Car-Following: IDM
ODE Solver:   Ballistic
Vmax:         35.0 m/s
======================================================================
Skipping Source actor due to time limit at clock = 43201.00125327633
Skipping Source actor due to time limit at clock = 43210.6788297557
-----------------------------
| Model.cleanup in progress |
-----------------------------
cleanup: agenda
cleanup: wait queues
coroutine counts = (30715098,30713042,30712012)
[ModelOptimizer] Fitness: 2.4195 | Elapsed: 29.55 sec
[ModelOptimizer] Evaluating parameters: VectorD(2.00000,	6.00000,	-1.00000,	1.00000,	1.50000)

======================================================================
TRAFFIC MODEL BUILDER SUMMARY
======================================================================
Network:      US-101-N-DonaldDoyle
Segments:     7
Lanes:        4
Junctions:    8
Ramps:        2
Sensors:      5
Mode:         PeMS Data-Driven
Car-Following: IDM
ODE Solver:   Ballistic
Vmax:         35.0 m/s
======================================================================
Skipping Source actor due to time limit at clock = 43201.00125327633
Skipping Source actor due to time limit at clock = 43210.6788297557
-----------------------------
| Model.cleanup in progress |
-----------------------------
cleanup: agenda
cleanup: wait queues
coroutine counts = (30774855,30772795,30771763)
[ModelOptimizer] Fitness: 2.4195 | Elapsed: 30.37 sec
[ModelOptimizer] Evaluating parameters: VectorD(2.00000,	5.44541,	-1.00000,	1.00000,	1.50000)

======================================================================
TRAFFIC MODEL BUILDER SUMMARY
======================================================================
Network:      US-101-N-DonaldDoyle
Segments:     7
Lanes:        4
Junctions:    8
Ramps:        2
Sensors:      5
Mode:         PeMS Data-Driven
Car-Following: IDM
ODE Solver:   Ballistic
Vmax:         35.0 m/s
======================================================================
Skipping Source actor due to time limit at clock = 43201.00125327633
Skipping Source actor due to time limit at clock = 43210.6788297557
-----------------------------
| Model.cleanup in progress |
-----------------------------
cleanup: agenda
cleanup: wait queues
coroutine counts = (30834612,30832548,30831514)
[ModelOptimizer] Fitness: 2.4185 | Elapsed: 29.28 sec
[ModelOptimizer] Evaluating parameters: VectorD(2.00000,	5.34082,	-1.00000,	1.00000,	1.50000)

======================================================================
TRAFFIC MODEL BUILDER SUMMARY
======================================================================
Network:      US-101-N-DonaldDoyle
Segments:     7
Lanes:        4
Junctions:    8
Ramps:        2
Sensors:      5
Mode:         PeMS Data-Driven
Car-Following: IDM
ODE Solver:   Ballistic
Vmax:         35.0 m/s
======================================================================
Skipping Source actor due to time limit at clock = 43201.00125327633
Skipping Source actor due to time limit at clock = 43210.6788297557
-----------------------------
| Model.cleanup in progress |
-----------------------------
cleanup: agenda
cleanup: wait queues
coroutine counts = (30894369,30892301,30891265)
[ModelOptimizer] Fitness: 2.4168 | Elapsed: 29.62 sec
[ModelOptimizer] Evaluating parameters: VectorD(2.00000,	6.00000,	-1.00000,	1.00000,	1.50000)

======================================================================
TRAFFIC MODEL BUILDER SUMMARY
======================================================================
Network:      US-101-N-DonaldDoyle
Segments:     7
Lanes:        4
Junctions:    8
Ramps:        2
Sensors:      5
Mode:         PeMS Data-Driven
Car-Following: IDM
ODE Solver:   Ballistic
Vmax:         35.0 m/s
======================================================================
Skipping Source actor due to time limit at clock = 43201.00125327633
Skipping Source actor due to time limit at clock = 43210.6788297557
-----------------------------
| Model.cleanup in progress |
-----------------------------
cleanup: agenda
cleanup: wait queues
coroutine counts = (30954126,30952054,30951016)
[ModelOptimizer] Fitness: 2.4195 | Elapsed: 29.03 sec
[ModelOptimizer] Evaluating parameters: VectorD(2.00000,	5.40278,	-1.00000,	1.00000,	1.50000)

======================================================================
TRAFFIC MODEL BUILDER SUMMARY
======================================================================
Network:      US-101-N-DonaldDoyle
Segments:     7
Lanes:        4
Junctions:    8
Ramps:        2
Sensors:      5
Mode:         PeMS Data-Driven
Car-Following: IDM
ODE Solver:   Ballistic
Vmax:         35.0 m/s
======================================================================
Skipping Source actor due to time limit at clock = 43201.00125327633
Skipping Source actor due to time limit at clock = 43210.6788297557
-----------------------------
| Model.cleanup in progress |
-----------------------------
cleanup: agenda
cleanup: wait queues
coroutine counts = (31013883,31011807,31010767)
[ModelOptimizer] Fitness: 2.4182 | Elapsed: 30.06 sec
      11 |      2.41622101 |      2.41622101 |      22.0% ✓
[ModelOptimizer] Evaluating parameters: VectorD(2.00000,	6.00000,	-1.00000,	3.73005,	1.50000)

======================================================================
TRAFFIC MODEL BUILDER SUMMARY
======================================================================
Network:      US-101-N-DonaldDoyle
Segments:     7
Lanes:        4
Junctions:    8
Ramps:        2
Sensors:      5
Mode:         PeMS Data-Driven
Car-Following: IDM
ODE Solver:   Ballistic
Vmax:         35.0 m/s
======================================================================
Skipping Source actor due to time limit at clock = 43201.00125327633
Skipping Source actor due to time limit at clock = 43210.6788297557
-----------------------------
| Model.cleanup in progress |
-----------------------------
cleanup: agenda
cleanup: wait queues
coroutine counts = (31073640,31071560,31070518)
[ModelOptimizer] Fitness: 3.2666 | Elapsed: 32.05 sec
[ModelOptimizer] Evaluating parameters: VectorD(2.00000,	4.87545,	-1.00000,	1.00000,	1.50000)

======================================================================
TRAFFIC MODEL BUILDER SUMMARY
======================================================================
Network:      US-101-N-DonaldDoyle
Segments:     7
Lanes:        4
Junctions:    8
Ramps:        2
Sensors:      5
Mode:         PeMS Data-Driven
Car-Following: IDM
ODE Solver:   Ballistic
Vmax:         35.0 m/s
======================================================================
Skipping Source actor due to time limit at clock = 43201.00125327633
Skipping Source actor due to time limit at clock = 43210.6788297557
-----------------------------
| Model.cleanup in progress |
-----------------------------
cleanup: agenda
cleanup: wait queues
coroutine counts = (31133397,31131313,31130269)
[ModelOptimizer] Fitness: 2.4181 | Elapsed: 29.63 sec
[ModelOptimizer] Evaluating parameters: VectorD(2.00000,	3.49337,	-1.00000,	1.00000,	1.50000)

======================================================================
TRAFFIC MODEL BUILDER SUMMARY
======================================================================
Network:      US-101-N-DonaldDoyle
Segments:     7
Lanes:        4
Junctions:    8
Ramps:        2
Sensors:      5
Mode:         PeMS Data-Driven
Car-Following: IDM
ODE Solver:   Ballistic
Vmax:         35.0 m/s
======================================================================
Skipping Source actor due to time limit at clock = 43201.00125327633
Skipping Source actor due to time limit at clock = 43210.6788297557
-----------------------------
| Model.cleanup in progress |
-----------------------------
cleanup: agenda
cleanup: wait queues
coroutine counts = (31193154,31191066,31190020)
[ModelOptimizer] Fitness: 2.4465 | Elapsed: 29.62 sec
[ModelOptimizer] Evaluating parameters: VectorD(2.00000,	6.00000,	-1.00000,	1.00000,	1.50000)

======================================================================
TRAFFIC MODEL BUILDER SUMMARY
======================================================================
Network:      US-101-N-DonaldDoyle
Segments:     7
Lanes:        4
Junctions:    8
Ramps:        2
Sensors:      5
Mode:         PeMS Data-Driven
Car-Following: IDM
ODE Solver:   Ballistic
Vmax:         35.0 m/s
======================================================================
Skipping Source actor due to time limit at clock = 43201.00125327633
Skipping Source actor due to time limit at clock = 43210.6788297557
-----------------------------
| Model.cleanup in progress |
-----------------------------
cleanup: agenda
cleanup: wait queues
coroutine counts = (31252911,31250819,31249771)
[ModelOptimizer] Fitness: 2.4195 | Elapsed: 29.11 sec
[ModelOptimizer] Evaluating parameters: VectorD(2.00000,	5.20798,	-1.00000,	1.00000,	1.50000)

======================================================================
TRAFFIC MODEL BUILDER SUMMARY
======================================================================
Network:      US-101-N-DonaldDoyle
Segments:     7
Lanes:        4
Junctions:    8
Ramps:        2
Sensors:      5
Mode:         PeMS Data-Driven
Car-Following: IDM
ODE Solver:   Ballistic
Vmax:         35.0 m/s
======================================================================
Skipping Source actor due to time limit at clock = 43201.00125327633
Skipping Source actor due to time limit at clock = 43210.6788297557
-----------------------------
| Model.cleanup in progress |
-----------------------------
cleanup: agenda
cleanup: wait queues
coroutine counts = (31312668,31310572,31309522)
[ModelOptimizer] Fitness: 2.4185 | Elapsed: 29.28 sec
[ModelOptimizer] Evaluating parameters: VectorD(2.00000,	5.20798,	-1.00000,	1.00000,	1.50000)

======================================================================
TRAFFIC MODEL BUILDER SUMMARY
======================================================================
Network:      US-101-N-DonaldDoyle
Segments:     7
Lanes:        4
Junctions:    8
Ramps:        2
Sensors:      5
Mode:         PeMS Data-Driven
Car-Following: IDM
ODE Solver:   Ballistic
Vmax:         35.0 m/s
======================================================================
Skipping Source actor due to time limit at clock = 43201.00125327633
Skipping Source actor due to time limit at clock = 43210.6788297557
-----------------------------
| Model.cleanup in progress |
-----------------------------
cleanup: agenda
cleanup: wait queues
coroutine counts = (31372425,31370325,31369273)
[ModelOptimizer] Fitness: 2.4185 | Elapsed: 30.00 sec
[ModelOptimizer] Evaluating parameters: VectorD(2.00000,	3.28464,	-1.00000,	1.00000,	1.50000)

======================================================================
TRAFFIC MODEL BUILDER SUMMARY
======================================================================
Network:      US-101-N-DonaldDoyle
Segments:     7
Lanes:        4
Junctions:    8
Ramps:        2
Sensors:      5
Mode:         PeMS Data-Driven
Car-Following: IDM
ODE Solver:   Ballistic
Vmax:         35.0 m/s
======================================================================
Skipping Source actor due to time limit at clock = 43201.00125327633
Skipping Source actor due to time limit at clock = 43210.6788297557
-----------------------------
| Model.cleanup in progress |
-----------------------------
cleanup: agenda
cleanup: wait queues
coroutine counts = (31432182,31430078,31429024)
[ModelOptimizer] Fitness: 2.4595 | Elapsed: 29.38 sec
[ModelOptimizer] Evaluating parameters: VectorD(2.00000,	5.49666,	-1.00000,	1.00000,	1.50000)

======================================================================
TRAFFIC MODEL BUILDER SUMMARY
======================================================================
Network:      US-101-N-DonaldDoyle
Segments:     7
Lanes:        4
Junctions:    8
Ramps:        2
Sensors:      5
Mode:         PeMS Data-Driven
Car-Following: IDM
ODE Solver:   Ballistic
Vmax:         35.0 m/s
======================================================================
Skipping Source actor due to time limit at clock = 43201.00125327633
Skipping Source actor due to time limit at clock = 43210.6788297557
-----------------------------
| Model.cleanup in progress |
-----------------------------
cleanup: agenda
cleanup: wait queues
coroutine counts = (31491939,31489831,31488775)
[ModelOptimizer] Fitness: 2.4189 | Elapsed: 29.13 sec
[ModelOptimizer] Evaluating parameters: VectorD(2.00000,	4.78317,	-1.00000,	1.00000,	1.50000)

======================================================================
TRAFFIC MODEL BUILDER SUMMARY
======================================================================
Network:      US-101-N-DonaldDoyle
Segments:     7
Lanes:        4
Junctions:    8
Ramps:        2
Sensors:      5
Mode:         PeMS Data-Driven
Car-Following: IDM
ODE Solver:   Ballistic
Vmax:         35.0 m/s
======================================================================
Skipping Source actor due to time limit at clock = 43201.00125327633
Skipping Source actor due to time limit at clock = 43210.6788297557
-----------------------------
| Model.cleanup in progress |
-----------------------------
cleanup: agenda
cleanup: wait queues
coroutine counts = (31551696,31549584,31548526)
[ModelOptimizer] Fitness: 2.4211 | Elapsed: 29.73 sec
[ModelOptimizer] Evaluating parameters: VectorD(2.00000,	5.60900,	-1.00000,	1.00000,	1.50000)

======================================================================
TRAFFIC MODEL BUILDER SUMMARY
======================================================================
Network:      US-101-N-DonaldDoyle
Segments:     7
Lanes:        4
Junctions:    8
Ramps:        2
Sensors:      5
Mode:         PeMS Data-Driven
Car-Following: IDM
ODE Solver:   Ballistic
Vmax:         35.0 m/s
======================================================================
Skipping Source actor due to time limit at clock = 43201.00125327633
Skipping Source actor due to time limit at clock = 43210.6788297557
-----------------------------
| Model.cleanup in progress |
-----------------------------
cleanup: agenda
cleanup: wait queues
coroutine counts = (31611453,31609337,31608277)
[ModelOptimizer] Fitness: 2.4181 | Elapsed: 28.89 sec
[ModelOptimizer] Evaluating parameters: VectorD(2.00000,	6.00000,	-1.00000,	5.00000,	1.50000)

======================================================================
TRAFFIC MODEL BUILDER SUMMARY
======================================================================
Network:      US-101-N-DonaldDoyle
Segments:     7
Lanes:        4
Junctions:    8
Ramps:        2
Sensors:      5
Mode:         PeMS Data-Driven
Car-Following: IDM
ODE Solver:   Ballistic
Vmax:         35.0 m/s
======================================================================
Skipping Source actor due to time limit at clock = 43201.00125327633
Skipping Source actor due to time limit at clock = 43210.6788297557
-----------------------------
| Model.cleanup in progress |
-----------------------------
cleanup: agenda
cleanup: wait queues
coroutine counts = (31671210,31669090,31668028)
[ModelOptimizer] Fitness: 3.2769 | Elapsed: 32.99 sec
[ModelOptimizer] Evaluating parameters: VectorD(2.00000,	4.69162,	-1.00000,	1.00000,	1.50000)

======================================================================
TRAFFIC MODEL BUILDER SUMMARY
======================================================================
Network:      US-101-N-DonaldDoyle
Segments:     7
Lanes:        4
Junctions:    8
Ramps:        2
Sensors:      5
Mode:         PeMS Data-Driven
Car-Following: IDM
ODE Solver:   Ballistic
Vmax:         35.0 m/s
======================================================================
Skipping Source actor due to time limit at clock = 43201.00125327633
Skipping Source actor due to time limit at clock = 43210.6788297557
-----------------------------
| Model.cleanup in progress |
-----------------------------
cleanup: agenda
cleanup: wait queues
coroutine counts = (31730967,31728843,31727779)
[ModelOptimizer] Fitness: 2.4186 | Elapsed: 29.67 sec
[ModelOptimizer] Evaluating parameters: VectorD(2.00000,	6.00000,	-1.00000,	1.00000,	1.50000)

======================================================================
TRAFFIC MODEL BUILDER SUMMARY
======================================================================
Network:      US-101-N-DonaldDoyle
Segments:     7
Lanes:        4
Junctions:    8
Ramps:        2
Sensors:      5
Mode:         PeMS Data-Driven
Car-Following: IDM
ODE Solver:   Ballistic
Vmax:         35.0 m/s
======================================================================
Skipping Source actor due to time limit at clock = 43201.00125327633
Skipping Source actor due to time limit at clock = 43210.6788297557
-----------------------------
| Model.cleanup in progress |
-----------------------------
cleanup: agenda
cleanup: wait queues
coroutine counts = (31790724,31788596,31787530)
[ModelOptimizer] Fitness: 2.4195 | Elapsed: 30.79 sec
[ModelOptimizer] Evaluating parameters: VectorD(2.00000,	6.00000,	-1.00000,	1.00000,	1.50000)

======================================================================
TRAFFIC MODEL BUILDER SUMMARY
======================================================================
Network:      US-101-N-DonaldDoyle
Segments:     7
Lanes:        4
Junctions:    8
Ramps:        2
Sensors:      5
Mode:         PeMS Data-Driven
Car-Following: IDM
ODE Solver:   Ballistic
Vmax:         35.0 m/s
======================================================================
Skipping Source actor due to time limit at clock = 43201.00125327633
Skipping Source actor due to time limit at clock = 43210.6788297557
-----------------------------
| Model.cleanup in progress |
-----------------------------
cleanup: agenda
cleanup: wait queues
coroutine counts = (31850481,31848349,31847281)
[ModelOptimizer] Fitness: 2.4195 | Elapsed: 29.54 sec
[ModelOptimizer] Evaluating parameters: VectorD(2.00000,	6.00000,	-1.00000,	1.00000,	1.50000)

======================================================================
TRAFFIC MODEL BUILDER SUMMARY
======================================================================
Network:      US-101-N-DonaldDoyle
Segments:     7
Lanes:        4
Junctions:    8
Ramps:        2
Sensors:      5
Mode:         PeMS Data-Driven
Car-Following: IDM
ODE Solver:   Ballistic
Vmax:         35.0 m/s
======================================================================
Skipping Source actor due to time limit at clock = 43201.00125327633
Skipping Source actor due to time limit at clock = 43210.6788297557
-----------------------------
| Model.cleanup in progress |
-----------------------------
cleanup: agenda
cleanup: wait queues
coroutine counts = (31910238,31908102,31907032)
[ModelOptimizer] Fitness: 2.4195 | Elapsed: 31.25 sec
[ModelOptimizer] Evaluating parameters: VectorD(2.00000,	4.91873,	-1.00000,	1.00000,	1.50000)

======================================================================
TRAFFIC MODEL BUILDER SUMMARY
======================================================================
Network:      US-101-N-DonaldDoyle
Segments:     7
Lanes:        4
Junctions:    8
Ramps:        2
Sensors:      5
Mode:         PeMS Data-Driven
Car-Following: IDM
ODE Solver:   Ballistic
Vmax:         35.0 m/s
======================================================================
Skipping Source actor due to time limit at clock = 43201.00125327633
Skipping Source actor due to time limit at clock = 43210.6788297557
-----------------------------
| Model.cleanup in progress |
-----------------------------
cleanup: agenda
cleanup: wait queues
coroutine counts = (31969995,31967855,31966783)
[ModelOptimizer] Fitness: 2.4185 | Elapsed: 29.49 sec
[ModelOptimizer] Evaluating parameters: VectorD(8.00000,	6.00000,	-3.00000,	5.00000,	0.300000)

======================================================================
TRAFFIC MODEL BUILDER SUMMARY
======================================================================
Network:      US-101-N-DonaldDoyle
Segments:     7
Lanes:        4
Junctions:    8
Ramps:        2
Sensors:      5
Mode:         PeMS Data-Driven
Car-Following: IDM
ODE Solver:   Ballistic
Vmax:         35.0 m/s
======================================================================
Skipping Source actor due to time limit at clock = 43201.00125327633
Skipping Source actor due to time limit at clock = 43210.6788297557
-----------------------------
| Model.cleanup in progress |
-----------------------------
cleanup: agenda
cleanup: wait queues
coroutine counts = (32029752,32027608,32026534)
[ModelOptimizer] Fitness: 3.6040 | Elapsed: 106.71 sec
[ModelOptimizer] Evaluating parameters: VectorD(2.00000,	6.00000,	-1.00000,	1.00000,	1.50000)

======================================================================
TRAFFIC MODEL BUILDER SUMMARY
======================================================================
Network:      US-101-N-DonaldDoyle
Segments:     7
Lanes:        4
Junctions:    8
Ramps:        2
Sensors:      5
Mode:         PeMS Data-Driven
Car-Following: IDM
ODE Solver:   Ballistic
Vmax:         35.0 m/s
======================================================================
Skipping Source actor due to time limit at clock = 43201.00125327633
Skipping Source actor due to time limit at clock = 43210.6788297557
-----------------------------
| Model.cleanup in progress |
-----------------------------
cleanup: agenda
cleanup: wait queues
coroutine counts = (32089509,32087361,32086285)
[ModelOptimizer] Fitness: 2.4195 | Elapsed: 28.98 sec
[ModelOptimizer] Evaluating parameters: VectorD(8.00000,	3.05087,	-1.00000,	2.90450,	0.300000)

======================================================================
TRAFFIC MODEL BUILDER SUMMARY
======================================================================
Network:      US-101-N-DonaldDoyle
Segments:     7
Lanes:        4
Junctions:    8
Ramps:        2
Sensors:      5
Mode:         PeMS Data-Driven
Car-Following: IDM
ODE Solver:   Ballistic
Vmax:         35.0 m/s
======================================================================
Skipping Source actor due to time limit at clock = 43201.00125327633
Skipping Source actor due to time limit at clock = 43210.6788297557
-----------------------------
| Model.cleanup in progress |
-----------------------------
cleanup: agenda
cleanup: wait queues
coroutine counts = (32149266,32147114,32146036)
[ModelOptimizer] Fitness: 2.9903 | Elapsed: 91.17 sec
[ModelOptimizer] Evaluating parameters: VectorD(2.00000,	5.12437,	-1.00000,	1.00000,	1.50000)

======================================================================
TRAFFIC MODEL BUILDER SUMMARY
======================================================================
Network:      US-101-N-DonaldDoyle
Segments:     7
Lanes:        4
Junctions:    8
Ramps:        2
Sensors:      5
Mode:         PeMS Data-Driven
Car-Following: IDM
ODE Solver:   Ballistic
Vmax:         35.0 m/s
======================================================================
Skipping Source actor due to time limit at clock = 43201.00125327633
Skipping Source actor due to time limit at clock = 43210.6788297557
-----------------------------
| Model.cleanup in progress |
-----------------------------
cleanup: agenda
cleanup: wait queues
coroutine counts = (32209023,32206867,32205787)
[ModelOptimizer] Fitness: 2.4162 | Elapsed: 28.91 sec
[ModelOptimizer] Evaluating parameters: VectorD(2.00000,	4.07281,	-1.00000,	1.85244,	1.50000)

======================================================================
TRAFFIC MODEL BUILDER SUMMARY
======================================================================
Network:      US-101-N-DonaldDoyle
Segments:     7
Lanes:        4
Junctions:    8
Ramps:        2
Sensors:      5
Mode:         PeMS Data-Driven
Car-Following: IDM
ODE Solver:   Ballistic
Vmax:         35.0 m/s
======================================================================
Skipping Source actor due to time limit at clock = 43201.00125327633
Skipping Source actor due to time limit at clock = 43210.6788297557
-----------------------------
| Model.cleanup in progress |
-----------------------------
cleanup: agenda
cleanup: wait queues
coroutine counts = (32268780,32266620,32265538)
[ModelOptimizer] Fitness: 3.0224 | Elapsed: 29.81 sec
[ModelOptimizer] Evaluating parameters: VectorD(2.00000,	5.26289,	-1.00000,	1.00000,	1.50000)

======================================================================
TRAFFIC MODEL BUILDER SUMMARY
======================================================================
Network:      US-101-N-DonaldDoyle
Segments:     7
Lanes:        4
Junctions:    8
Ramps:        2
Sensors:      5
Mode:         PeMS Data-Driven
Car-Following: IDM
ODE Solver:   Ballistic
Vmax:         35.0 m/s
======================================================================
Skipping Source actor due to time limit at clock = 43201.00125327633
Skipping Source actor due to time limit at clock = 43210.6788297557
-----------------------------
| Model.cleanup in progress |
-----------------------------
cleanup: agenda
cleanup: wait queues
coroutine counts = (32328537,32326373,32325289)
[ModelOptimizer] Fitness: 2.4187 | Elapsed: 28.96 sec
[ModelOptimizer] Evaluating parameters: VectorD(2.00000,	6.00000,	-1.00000,	1.00000,	0.300000)

======================================================================
TRAFFIC MODEL BUILDER SUMMARY
======================================================================
Network:      US-101-N-DonaldDoyle
Segments:     7
Lanes:        4
Junctions:    8
Ramps:        2
Sensors:      5
Mode:         PeMS Data-Driven
Car-Following: IDM
ODE Solver:   Ballistic
Vmax:         35.0 m/s
======================================================================
Skipping Source actor due to time limit at clock = 43201.00125327633
Skipping Source actor due to time limit at clock = 43210.6788297557
-----------------------------
| Model.cleanup in progress |
-----------------------------
cleanup: agenda
cleanup: wait queues
coroutine counts = (32388294,32386126,32385040)
[ModelOptimizer] Fitness: 2.6943 | Elapsed: 83.16 sec
[ModelOptimizer] Evaluating parameters: VectorD(2.00000,	5.26497,	-1.00000,	1.00000,	1.50000)

======================================================================
TRAFFIC MODEL BUILDER SUMMARY
======================================================================
Network:      US-101-N-DonaldDoyle
Segments:     7
Lanes:        4
Junctions:    8
Ramps:        2
Sensors:      5
Mode:         PeMS Data-Driven
Car-Following: IDM
ODE Solver:   Ballistic
Vmax:         35.0 m/s
======================================================================
Skipping Source actor due to time limit at clock = 43201.00125327633
Skipping Source actor due to time limit at clock = 43210.6788297557
-----------------------------
| Model.cleanup in progress |
-----------------------------
cleanup: agenda
cleanup: wait queues
coroutine counts = (32448051,32445879,32444791)
[ModelOptimizer] Fitness: 2.4194 | Elapsed: 29.53 sec
[ModelOptimizer] Evaluating parameters: VectorD(2.00000,	3.22691,	-1.00000,	1.00000,	1.50000)

======================================================================
TRAFFIC MODEL BUILDER SUMMARY
======================================================================
Network:      US-101-N-DonaldDoyle
Segments:     7
Lanes:        4
Junctions:    8
Ramps:        2
Sensors:      5
Mode:         PeMS Data-Driven
Car-Following: IDM
ODE Solver:   Ballistic
Vmax:         35.0 m/s
======================================================================
Skipping Source actor due to time limit at clock = 43201.00125327633
Skipping Source actor due to time limit at clock = 43210.6788297557
-----------------------------
| Model.cleanup in progress |
-----------------------------
cleanup: agenda
cleanup: wait queues
coroutine counts = (32507808,32505632,32504542)
[ModelOptimizer] Fitness: 2.4664 | Elapsed: 29.76 sec
[ModelOptimizer] Evaluating parameters: VectorD(2.00000,	4.61000,	-1.00000,	1.00000,	1.50000)

======================================================================
TRAFFIC MODEL BUILDER SUMMARY
======================================================================
Network:      US-101-N-DonaldDoyle
Segments:     7
Lanes:        4
Junctions:    8
Ramps:        2
Sensors:      5
Mode:         PeMS Data-Driven
Car-Following: IDM
ODE Solver:   Ballistic
Vmax:         35.0 m/s
======================================================================
Skipping Source actor due to time limit at clock = 43201.00125327633
Skipping Source actor due to time limit at clock = 43210.6788297557
-----------------------------
| Model.cleanup in progress |
-----------------------------
cleanup: agenda
cleanup: wait queues
coroutine counts = (32567565,32565385,32564293)
[ModelOptimizer] Fitness: 2.4193 | Elapsed: 29.64 sec
[ModelOptimizer] Evaluating parameters: VectorD(2.00000,	6.00000,	-1.00000,	1.00000,	0.509556)

======================================================================
TRAFFIC MODEL BUILDER SUMMARY
======================================================================
Network:      US-101-N-DonaldDoyle
Segments:     7
Lanes:        4
Junctions:    8
Ramps:        2
Sensors:      5
Mode:         PeMS Data-Driven
Car-Following: IDM
ODE Solver:   Ballistic
Vmax:         35.0 m/s
======================================================================
Skipping Source actor due to time limit at clock = 43201.00125327633
Skipping Source actor due to time limit at clock = 43210.6788297557
-----------------------------
| Model.cleanup in progress |
-----------------------------
cleanup: agenda
cleanup: wait queues
coroutine counts = (32627322,32625138,32624044)
[ModelOptimizer] Fitness: 2.6186 | Elapsed: 56.62 sec
[ModelOptimizer] Evaluating parameters: VectorD(2.00000,	5.70667,	-1.00000,	1.00000,	1.50000)

======================================================================
TRAFFIC MODEL BUILDER SUMMARY
======================================================================
Network:      US-101-N-DonaldDoyle
Segments:     7
Lanes:        4
Junctions:    8
Ramps:        2
Sensors:      5
Mode:         PeMS Data-Driven
Car-Following: IDM
ODE Solver:   Ballistic
Vmax:         35.0 m/s
======================================================================
Skipping Source actor due to time limit at clock = 43201.00125327633
Skipping Source actor due to time limit at clock = 43210.6788297557
-----------------------------
| Model.cleanup in progress |
-----------------------------
cleanup: agenda
cleanup: wait queues
coroutine counts = (32687079,32684891,32683795)
[ModelOptimizer] Fitness: 2.4178 | Elapsed: 29.83 sec
[ModelOptimizer] Evaluating parameters: VectorD(2.00000,	5.84268,	-1.00000,	1.00000,	1.50000)

======================================================================
TRAFFIC MODEL BUILDER SUMMARY
======================================================================
Network:      US-101-N-DonaldDoyle
Segments:     7
Lanes:        4
Junctions:    8
Ramps:        2
Sensors:      5
Mode:         PeMS Data-Driven
Car-Following: IDM
ODE Solver:   Ballistic
Vmax:         35.0 m/s
======================================================================
Skipping Source actor due to time limit at clock = 43201.00125327633
Skipping Source actor due to time limit at clock = 43210.6788297557
-----------------------------
| Model.cleanup in progress |
-----------------------------
cleanup: agenda
cleanup: wait queues
coroutine counts = (32746836,32744644,32743546)
[ModelOptimizer] Fitness: 2.4203 | Elapsed: 29.36 sec
[ModelOptimizer] Evaluating parameters: VectorD(2.00000,	4.90784,	-1.00000,	1.00000,	1.50000)

======================================================================
TRAFFIC MODEL BUILDER SUMMARY
======================================================================
Network:      US-101-N-DonaldDoyle
Segments:     7
Lanes:        4
Junctions:    8
Ramps:        2
Sensors:      5
Mode:         PeMS Data-Driven
Car-Following: IDM
ODE Solver:   Ballistic
Vmax:         35.0 m/s
======================================================================
Skipping Source actor due to time limit at clock = 43201.00125327633
Skipping Source actor due to time limit at clock = 43210.6788297557
-----------------------------
| Model.cleanup in progress |
-----------------------------
cleanup: agenda
cleanup: wait queues
coroutine counts = (32806593,32804397,32803297)
[ModelOptimizer] Fitness: 2.4178 | Elapsed: 29.45 sec
[ModelOptimizer] Evaluating parameters: VectorD(2.00000,	6.00000,	-1.00000,	1.00000,	1.50000)

======================================================================
TRAFFIC MODEL BUILDER SUMMARY
======================================================================
Network:      US-101-N-DonaldDoyle
Segments:     7
Lanes:        4
Junctions:    8
Ramps:        2
Sensors:      5
Mode:         PeMS Data-Driven
Car-Following: IDM
ODE Solver:   Ballistic
Vmax:         35.0 m/s
======================================================================
Skipping Source actor due to time limit at clock = 43201.00125327633
Skipping Source actor due to time limit at clock = 43210.6788297557
-----------------------------
| Model.cleanup in progress |
-----------------------------
cleanup: agenda
cleanup: wait queues
coroutine counts = (32866350,32864150,32863048)
[ModelOptimizer] Fitness: 2.4195 | Elapsed: 29.84 sec
[ModelOptimizer] Evaluating parameters: VectorD(2.00000,	6.00000,	-1.00000,	1.00000,	1.50000)

======================================================================
TRAFFIC MODEL BUILDER SUMMARY
======================================================================
Network:      US-101-N-DonaldDoyle
Segments:     7
Lanes:        4
Junctions:    8
Ramps:        2
Sensors:      5
Mode:         PeMS Data-Driven
Car-Following: IDM
ODE Solver:   Ballistic
Vmax:         35.0 m/s
======================================================================
Skipping Source actor due to time limit at clock = 43201.00125327633
Skipping Source actor due to time limit at clock = 43210.6788297557
-----------------------------
| Model.cleanup in progress |
-----------------------------
cleanup: agenda
cleanup: wait queues
coroutine counts = (32926107,32923903,32922799)
[ModelOptimizer] Fitness: 2.4195 | Elapsed: 29.68 sec
[ModelOptimizer] Evaluating parameters: VectorD(4.12733,	5.25839,	-1.47528,	1.00000,	1.50000)

======================================================================
TRAFFIC MODEL BUILDER SUMMARY
======================================================================
Network:      US-101-N-DonaldDoyle
Segments:     7
Lanes:        4
Junctions:    8
Ramps:        2
Sensors:      5
Mode:         PeMS Data-Driven
Car-Following: IDM
ODE Solver:   Ballistic
Vmax:         35.0 m/s
======================================================================
Skipping Source actor due to time limit at clock = 43201.00125327633
Skipping Source actor due to time limit at clock = 43210.6788297557
-----------------------------
| Model.cleanup in progress |
-----------------------------
cleanup: agenda
cleanup: wait queues
coroutine counts = (32985864,32983656,32982550)
[ModelOptimizer] Fitness: 2.7696 | Elapsed: 29.78 sec
[ModelOptimizer] Evaluating parameters: VectorD(2.00000,	5.25839,	-1.00000,	1.00000,	1.50000)

======================================================================
TRAFFIC MODEL BUILDER SUMMARY
======================================================================
Network:      US-101-N-DonaldDoyle
Segments:     7
Lanes:        4
Junctions:    8
Ramps:        2
Sensors:      5
Mode:         PeMS Data-Driven
Car-Following: IDM
ODE Solver:   Ballistic
Vmax:         35.0 m/s
======================================================================
Skipping Source actor due to time limit at clock = 43201.00125327633
Skipping Source actor due to time limit at clock = 43210.6788297557
-----------------------------
| Model.cleanup in progress |
-----------------------------
cleanup: agenda
cleanup: wait queues
coroutine counts = (33045621,33043409,33042301)
[ModelOptimizer] Fitness: 2.4189 | Elapsed: 29.70 sec
[ModelOptimizer] Evaluating parameters: VectorD(2.00000,	4.87379,	-1.00000,	5.00000,	1.50000)

======================================================================
TRAFFIC MODEL BUILDER SUMMARY
======================================================================
Network:      US-101-N-DonaldDoyle
Segments:     7
Lanes:        4
Junctions:    8
Ramps:        2
Sensors:      5
Mode:         PeMS Data-Driven
Car-Following: IDM
ODE Solver:   Ballistic
Vmax:         35.0 m/s
======================================================================
Skipping Source actor due to time limit at clock = 43201.00125327633
Skipping Source actor due to time limit at clock = 43210.6788297557
-----------------------------
| Model.cleanup in progress |
-----------------------------
cleanup: agenda
cleanup: wait queues
coroutine counts = (33105378,33103162,33102052)
[ModelOptimizer] Fitness: 3.1823 | Elapsed: 32.27 sec
[ModelOptimizer] Evaluating parameters: VectorD(2.00000,	6.00000,	-1.00000,	1.00000,	1.50000)

======================================================================
TRAFFIC MODEL BUILDER SUMMARY
======================================================================
Network:      US-101-N-DonaldDoyle
Segments:     7
Lanes:        4
Junctions:    8
Ramps:        2
Sensors:      5
Mode:         PeMS Data-Driven
Car-Following: IDM
ODE Solver:   Ballistic
Vmax:         35.0 m/s
======================================================================
Skipping Source actor due to time limit at clock = 43201.00125327633
Skipping Source actor due to time limit at clock = 43210.6788297557
-----------------------------
| Model.cleanup in progress |
-----------------------------
cleanup: agenda
cleanup: wait queues
coroutine counts = (33165135,33162915,33161803)
[ModelOptimizer] Fitness: 2.4195 | Elapsed: 30.04 sec
[ModelOptimizer] Evaluating parameters: VectorD(2.00000,	5.34082,	-1.00000,	1.00000,	1.50000)

======================================================================
TRAFFIC MODEL BUILDER SUMMARY
======================================================================
Network:      US-101-N-DonaldDoyle
Segments:     7
Lanes:        4
Junctions:    8
Ramps:        2
Sensors:      5
Mode:         PeMS Data-Driven
Car-Following: IDM
ODE Solver:   Ballistic
Vmax:         35.0 m/s
======================================================================
Skipping Source actor due to time limit at clock = 43201.00125327633
Skipping Source actor due to time limit at clock = 43210.6788297557
-----------------------------
| Model.cleanup in progress |
-----------------------------
cleanup: agenda
cleanup: wait queues
coroutine counts = (33224892,33222668,33221554)
[ModelOptimizer] Fitness: 2.4168 | Elapsed: 29.35 sec
[ModelOptimizer] Evaluating parameters: VectorD(2.00000,	5.34082,	-1.00000,	1.00000,	1.50000)

======================================================================
TRAFFIC MODEL BUILDER SUMMARY
======================================================================
Network:      US-101-N-DonaldDoyle
Segments:     7
Lanes:        4
Junctions:    8
Ramps:        2
Sensors:      5
Mode:         PeMS Data-Driven
Car-Following: IDM
ODE Solver:   Ballistic
Vmax:         35.0 m/s
======================================================================
Skipping Source actor due to time limit at clock = 43201.00125327633
Skipping Source actor due to time limit at clock = 43210.6788297557
-----------------------------
| Model.cleanup in progress |
-----------------------------
cleanup: agenda
cleanup: wait queues
coroutine counts = (33284649,33282421,33281305)
[ModelOptimizer] Fitness: 2.4168 | Elapsed: 29.25 sec
[ModelOptimizer] Evaluating parameters: VectorD(2.00000,	6.00000,	-1.00000,	1.00000,	1.50000)

======================================================================
TRAFFIC MODEL BUILDER SUMMARY
======================================================================
Network:      US-101-N-DonaldDoyle
Segments:     7
Lanes:        4
Junctions:    8
Ramps:        2
Sensors:      5
Mode:         PeMS Data-Driven
Car-Following: IDM
ODE Solver:   Ballistic
Vmax:         35.0 m/s
======================================================================
Skipping Source actor due to time limit at clock = 43201.00125327633
Skipping Source actor due to time limit at clock = 43210.6788297557
-----------------------------
| Model.cleanup in progress |
-----------------------------
cleanup: agenda
cleanup: wait queues
coroutine counts = (33344406,33342174,33341056)
[ModelOptimizer] Fitness: 2.4195 | Elapsed: 30.51 sec
[ModelOptimizer] Evaluating parameters: VectorD(2.00000,	5.40278,	-1.00000,	1.00000,	1.50000)

======================================================================
TRAFFIC MODEL BUILDER SUMMARY
======================================================================
Network:      US-101-N-DonaldDoyle
Segments:     7
Lanes:        4
Junctions:    8
Ramps:        2
Sensors:      5
Mode:         PeMS Data-Driven
Car-Following: IDM
ODE Solver:   Ballistic
Vmax:         35.0 m/s
======================================================================
Skipping Source actor due to time limit at clock = 43201.00125327633
Skipping Source actor due to time limit at clock = 43210.6788297557
-----------------------------
| Model.cleanup in progress |
-----------------------------
cleanup: agenda
cleanup: wait queues
coroutine counts = (33404163,33401927,33400807)
[ModelOptimizer] Fitness: 2.4182 | Elapsed: 30.04 sec
      12 |      2.41622101 |      2.41622101 |      24.0% ✓
[ModelOptimizer] Evaluating parameters: VectorD(2.00000,	4.98842,	-1.00000,	1.00000,	0.300000)

======================================================================
TRAFFIC MODEL BUILDER SUMMARY
======================================================================
Network:      US-101-N-DonaldDoyle
Segments:     7
Lanes:        4
Junctions:    8
Ramps:        2
Sensors:      5
Mode:         PeMS Data-Driven
Car-Following: IDM
ODE Solver:   Ballistic
Vmax:         35.0 m/s
======================================================================
Skipping Source actor due to time limit at clock = 43201.00125327633
Skipping Source actor due to time limit at clock = 43210.6788297557
-----------------------------
| Model.cleanup in progress |
-----------------------------
cleanup: agenda
cleanup: wait queues
coroutine counts = (33463920,33461680,33460558)
[ModelOptimizer] Fitness: 2.7232 | Elapsed: 84.82 sec
[ModelOptimizer] Evaluating parameters: VectorD(2.00000,	4.87545,	-1.00000,	1.00000,	1.50000)

======================================================================
TRAFFIC MODEL BUILDER SUMMARY
======================================================================
Network:      US-101-N-DonaldDoyle
Segments:     7
Lanes:        4
Junctions:    8
Ramps:        2
Sensors:      5
Mode:         PeMS Data-Driven
Car-Following: IDM
ODE Solver:   Ballistic
Vmax:         35.0 m/s
======================================================================
Skipping Source actor due to time limit at clock = 43201.00125327633
Skipping Source actor due to time limit at clock = 43210.6788297557
-----------------------------
| Model.cleanup in progress |
-----------------------------
cleanup: agenda
cleanup: wait queues
coroutine counts = (33523677,33521433,33520309)
[ModelOptimizer] Fitness: 2.4181 | Elapsed: 29.79 sec
[ModelOptimizer] Evaluating parameters: VectorD(2.00000,	6.00000,	-1.00000,	1.00000,	1.50000)

======================================================================
TRAFFIC MODEL BUILDER SUMMARY
======================================================================
Network:      US-101-N-DonaldDoyle
Segments:     7
Lanes:        4
Junctions:    8
Ramps:        2
Sensors:      5
Mode:         PeMS Data-Driven
Car-Following: IDM
ODE Solver:   Ballistic
Vmax:         35.0 m/s
======================================================================
Skipping Source actor due to time limit at clock = 43201.00125327633
Skipping Source actor due to time limit at clock = 43210.6788297557
-----------------------------
| Model.cleanup in progress |
-----------------------------
cleanup: agenda
cleanup: wait queues
coroutine counts = (33583434,33581186,33580060)
[ModelOptimizer] Fitness: 2.4195 | Elapsed: 29.29 sec
[ModelOptimizer] Evaluating parameters: VectorD(2.00000,	6.00000,	-1.00000,	1.00000,	1.50000)

======================================================================
TRAFFIC MODEL BUILDER SUMMARY
======================================================================
Network:      US-101-N-DonaldDoyle
Segments:     7
Lanes:        4
Junctions:    8
Ramps:        2
Sensors:      5
Mode:         PeMS Data-Driven
Car-Following: IDM
ODE Solver:   Ballistic
Vmax:         35.0 m/s
======================================================================
Skipping Source actor due to time limit at clock = 43201.00125327633
Skipping Source actor due to time limit at clock = 43210.6788297557
-----------------------------
| Model.cleanup in progress |
-----------------------------
cleanup: agenda
cleanup: wait queues
coroutine counts = (33643191,33640939,33639811)
[ModelOptimizer] Fitness: 2.4195 | Elapsed: 30.04 sec
[ModelOptimizer] Evaluating parameters: VectorD(2.00000,	5.54666,	-1.00000,	3.65674,	0.300000)

======================================================================
TRAFFIC MODEL BUILDER SUMMARY
======================================================================
Network:      US-101-N-DonaldDoyle
Segments:     7
Lanes:        4
Junctions:    8
Ramps:        2
Sensors:      5
Mode:         PeMS Data-Driven
Car-Following: IDM
ODE Solver:   Ballistic
Vmax:         35.0 m/s
======================================================================
Skipping Source actor due to time limit at clock = 43201.00125327633
Skipping Source actor due to time limit at clock = 43210.6788297557
-----------------------------
| Model.cleanup in progress |
-----------------------------
cleanup: agenda
cleanup: wait queues
coroutine counts = (33702948,33700692,33699562)
[ModelOptimizer] Fitness: 2.8393 | Elapsed: 90.01 sec
[ModelOptimizer] Evaluating parameters: VectorD(2.00000,	5.20798,	-1.00000,	1.00000,	1.50000)

======================================================================
TRAFFIC MODEL BUILDER SUMMARY
======================================================================
Network:      US-101-N-DonaldDoyle
Segments:     7
Lanes:        4
Junctions:    8
Ramps:        2
Sensors:      5
Mode:         PeMS Data-Driven
Car-Following: IDM
ODE Solver:   Ballistic
Vmax:         35.0 m/s
======================================================================
Skipping Source actor due to time limit at clock = 43201.00125327633
Skipping Source actor due to time limit at clock = 43210.6788297557
-----------------------------
| Model.cleanup in progress |
-----------------------------
cleanup: agenda
cleanup: wait queues
coroutine counts = (33762705,33760445,33759313)
[ModelOptimizer] Fitness: 2.4185 | Elapsed: 29.70 sec
[ModelOptimizer] Evaluating parameters: VectorD(2.00000,	2.91860,	-1.00000,	5.00000,	1.50000)

======================================================================
TRAFFIC MODEL BUILDER SUMMARY
======================================================================
Network:      US-101-N-DonaldDoyle
Segments:     7
Lanes:        4
Junctions:    8
Ramps:        2
Sensors:      5
Mode:         PeMS Data-Driven
Car-Following: IDM
ODE Solver:   Ballistic
Vmax:         35.0 m/s
======================================================================
Skipping Source actor due to time limit at clock = 43201.00125327633
Skipping Source actor due to time limit at clock = 43210.6788297557
-----------------------------
| Model.cleanup in progress |
-----------------------------
cleanup: agenda
cleanup: wait queues
coroutine counts = (33822462,33820198,33819064)
[ModelOptimizer] Fitness: 3.1611 | Elapsed: 31.63 sec
[ModelOptimizer] Evaluating parameters: VectorD(2.00000,	5.49666,	-1.00000,	1.00000,	1.50000)

======================================================================
TRAFFIC MODEL BUILDER SUMMARY
======================================================================
Network:      US-101-N-DonaldDoyle
Segments:     7
Lanes:        4
Junctions:    8
Ramps:        2
Sensors:      5
Mode:         PeMS Data-Driven
Car-Following: IDM
ODE Solver:   Ballistic
Vmax:         35.0 m/s
======================================================================
Skipping Source actor due to time limit at clock = 43201.00125327633
Skipping Source actor due to time limit at clock = 43210.6788297557
-----------------------------
| Model.cleanup in progress |
-----------------------------
cleanup: agenda
cleanup: wait queues
coroutine counts = (33882219,33879951,33878815)
[ModelOptimizer] Fitness: 2.4189 | Elapsed: 29.68 sec
[ModelOptimizer] Evaluating parameters: VectorD(2.00000,	6.00000,	-1.00000,	1.00000,	1.50000)

======================================================================
TRAFFIC MODEL BUILDER SUMMARY
======================================================================
Network:      US-101-N-DonaldDoyle
Segments:     7
Lanes:        4
Junctions:    8
Ramps:        2
Sensors:      5
Mode:         PeMS Data-Driven
Car-Following: IDM
ODE Solver:   Ballistic
Vmax:         35.0 m/s
======================================================================
Skipping Source actor due to time limit at clock = 43201.00125327633
Skipping Source actor due to time limit at clock = 43210.6788297557
-----------------------------
| Model.cleanup in progress |
-----------------------------
cleanup: agenda
cleanup: wait queues
coroutine counts = (33941976,33939704,33938566)
[ModelOptimizer] Fitness: 2.4195 | Elapsed: 29.81 sec
[ModelOptimizer] Evaluating parameters: VectorD(2.00000,	5.60900,	-1.00000,	1.00000,	1.50000)

======================================================================
TRAFFIC MODEL BUILDER SUMMARY
======================================================================
Network:      US-101-N-DonaldDoyle
Segments:     7
Lanes:        4
Junctions:    8
Ramps:        2
Sensors:      5
Mode:         PeMS Data-Driven
Car-Following: IDM
ODE Solver:   Ballistic
Vmax:         35.0 m/s
======================================================================
Skipping Source actor due to time limit at clock = 43201.00125327633
Skipping Source actor due to time limit at clock = 43210.6788297557
-----------------------------
| Model.cleanup in progress |
-----------------------------
cleanup: agenda
cleanup: wait queues
coroutine counts = (34001733,33999457,33998317)
[ModelOptimizer] Fitness: 2.4181 | Elapsed: 29.48 sec
[ModelOptimizer] Evaluating parameters: VectorD(2.00000,	2.95936,	-1.00000,	1.00000,	0.300000)

======================================================================
TRAFFIC MODEL BUILDER SUMMARY
======================================================================
Network:      US-101-N-DonaldDoyle
Segments:     7
Lanes:        4
Junctions:    8
Ramps:        2
Sensors:      5
Mode:         PeMS Data-Driven
Car-Following: IDM
ODE Solver:   Ballistic
Vmax:         35.0 m/s
======================================================================
Skipping Source actor due to time limit at clock = 43201.00125327633
Skipping Source actor due to time limit at clock = 43210.6788297557
-----------------------------
| Model.cleanup in progress |
-----------------------------
cleanup: agenda
cleanup: wait queues
coroutine counts = (34061490,34059210,34058068)
[ModelOptimizer] Fitness: 2.8366 | Elapsed: 92.05 sec
[ModelOptimizer] Evaluating parameters: VectorD(2.00000,	4.69162,	-1.00000,	1.00000,	1.50000)

======================================================================
TRAFFIC MODEL BUILDER SUMMARY
======================================================================
Network:      US-101-N-DonaldDoyle
Segments:     7
Lanes:        4
Junctions:    8
Ramps:        2
Sensors:      5
Mode:         PeMS Data-Driven
Car-Following: IDM
ODE Solver:   Ballistic
Vmax:         35.0 m/s
======================================================================
Skipping Source actor due to time limit at clock = 43201.00125327633
Skipping Source actor due to time limit at clock = 43210.6788297557
-----------------------------
| Model.cleanup in progress |
-----------------------------
cleanup: agenda
cleanup: wait queues
coroutine counts = (34121247,34118963,34117819)
[ModelOptimizer] Fitness: 2.4186 | Elapsed: 29.51 sec
[ModelOptimizer] Evaluating parameters: VectorD(2.00000,	4.80947,	-1.00000,	1.00000,	0.707274)

======================================================================
TRAFFIC MODEL BUILDER SUMMARY
======================================================================
Network:      US-101-N-DonaldDoyle
Segments:     7
Lanes:        4
Junctions:    8
Ramps:        2
Sensors:      5
Mode:         PeMS Data-Driven
Car-Following: IDM
ODE Solver:   Ballistic
Vmax:         35.0 m/s
======================================================================
Skipping Source actor due to time limit at clock = 43201.00125327633
Skipping Source actor due to time limit at clock = 43210.6788297557
-----------------------------
| Model.cleanup in progress |
-----------------------------
cleanup: agenda
cleanup: wait queues
coroutine counts = (34181004,34178716,34177570)
[ModelOptimizer] Fitness: 2.5972 | Elapsed: 45.16 sec
[ModelOptimizer] Evaluating parameters: VectorD(2.00000,	6.00000,	-1.00000,	1.00000,	1.50000)

======================================================================
TRAFFIC MODEL BUILDER SUMMARY
======================================================================
Network:      US-101-N-DonaldDoyle
Segments:     7
Lanes:        4
Junctions:    8
Ramps:        2
Sensors:      5
Mode:         PeMS Data-Driven
Car-Following: IDM
ODE Solver:   Ballistic
Vmax:         35.0 m/s
======================================================================
Skipping Source actor due to time limit at clock = 43201.00125327633
Skipping Source actor due to time limit at clock = 43210.6788297557
-----------------------------
| Model.cleanup in progress |
-----------------------------
cleanup: agenda
cleanup: wait queues
coroutine counts = (34240761,34238469,34237321)
[ModelOptimizer] Fitness: 2.4195 | Elapsed: 29.67 sec
[ModelOptimizer] Evaluating parameters: VectorD(2.00000,	3.71222,	-1.00000,	1.00000,	1.50000)

======================================================================
TRAFFIC MODEL BUILDER SUMMARY
======================================================================
Network:      US-101-N-DonaldDoyle
Segments:     7
Lanes:        4
Junctions:    8
Ramps:        2
Sensors:      5
Mode:         PeMS Data-Driven
Car-Following: IDM
ODE Solver:   Ballistic
Vmax:         35.0 m/s
======================================================================
Skipping Source actor due to time limit at clock = 43201.00125327633
Skipping Source actor due to time limit at clock = 43210.6788297557
-----------------------------
| Model.cleanup in progress |
-----------------------------
cleanup: agenda
cleanup: wait queues
coroutine counts = (34300518,34298222,34297072)
[ModelOptimizer] Fitness: 2.4376 | Elapsed: 29.70 sec
[ModelOptimizer] Evaluating parameters: VectorD(2.00000,	4.91873,	-1.00000,	1.00000,	1.50000)

======================================================================
TRAFFIC MODEL BUILDER SUMMARY
======================================================================
Network:      US-101-N-DonaldDoyle
Segments:     7
Lanes:        4
Junctions:    8
Ramps:        2
Sensors:      5
Mode:         PeMS Data-Driven
Car-Following: IDM
ODE Solver:   Ballistic
Vmax:         35.0 m/s
======================================================================
Skipping Source actor due to time limit at clock = 43201.00125327633
Skipping Source actor due to time limit at clock = 43210.6788297557
-----------------------------
| Model.cleanup in progress |
-----------------------------
cleanup: agenda
cleanup: wait queues
coroutine counts = (34360275,34357975,34356823)
[ModelOptimizer] Fitness: 2.4185 | Elapsed: 30.07 sec
[ModelOptimizer] Evaluating parameters: VectorD(2.00000,	5.95213,	-1.00000,	1.00000,	1.50000)

======================================================================
TRAFFIC MODEL BUILDER SUMMARY
======================================================================
Network:      US-101-N-DonaldDoyle
Segments:     7
Lanes:        4
Junctions:    8
Ramps:        2
Sensors:      5
Mode:         PeMS Data-Driven
Car-Following: IDM
ODE Solver:   Ballistic
Vmax:         35.0 m/s
======================================================================
Skipping Source actor due to time limit at clock = 43201.00125327633
Skipping Source actor due to time limit at clock = 43210.6788297557
-----------------------------
| Model.cleanup in progress |
-----------------------------
cleanup: agenda
cleanup: wait queues
coroutine counts = (34420032,34417728,34416574)
[ModelOptimizer] Fitness: 2.4201 | Elapsed: 29.64 sec
[ModelOptimizer] Evaluating parameters: VectorD(2.00000,	6.00000,	-1.00000,	1.00000,	1.50000)

======================================================================
TRAFFIC MODEL BUILDER SUMMARY
======================================================================
Network:      US-101-N-DonaldDoyle
Segments:     7
Lanes:        4
Junctions:    8
Ramps:        2
Sensors:      5
Mode:         PeMS Data-Driven
Car-Following: IDM
ODE Solver:   Ballistic
Vmax:         35.0 m/s
======================================================================
Skipping Source actor due to time limit at clock = 43201.00125327633
Skipping Source actor due to time limit at clock = 43210.6788297557
-----------------------------
| Model.cleanup in progress |
-----------------------------
cleanup: agenda
cleanup: wait queues
coroutine counts = (34479789,34477481,34476325)
[ModelOptimizer] Fitness: 2.4195 | Elapsed: 29.47 sec
[ModelOptimizer] Evaluating parameters: VectorD(2.00000,	4.87905,	-1.00000,	1.27995,	1.50000)

======================================================================
TRAFFIC MODEL BUILDER SUMMARY
======================================================================
Network:      US-101-N-DonaldDoyle
Segments:     7
Lanes:        4
Junctions:    8
Ramps:        2
Sensors:      5
Mode:         PeMS Data-Driven
Car-Following: IDM
ODE Solver:   Ballistic
Vmax:         35.0 m/s
======================================================================
Skipping Source actor due to time limit at clock = 43201.00125327633
Skipping Source actor due to time limit at clock = 43210.6788297557
-----------------------------
| Model.cleanup in progress |
-----------------------------
cleanup: agenda
cleanup: wait queues
coroutine counts = (34539546,34537234,34536076)
[ModelOptimizer] Fitness: 2.5459 | Elapsed: 30.03 sec
[ModelOptimizer] Evaluating parameters: VectorD(2.00000,	5.12437,	-1.00000,	1.00000,	1.50000)

======================================================================
TRAFFIC MODEL BUILDER SUMMARY
======================================================================
Network:      US-101-N-DonaldDoyle
Segments:     7
Lanes:        4
Junctions:    8
Ramps:        2
Sensors:      5
Mode:         PeMS Data-Driven
Car-Following: IDM
ODE Solver:   Ballistic
Vmax:         35.0 m/s
======================================================================
Skipping Source actor due to time limit at clock = 43201.00125327633
Skipping Source actor due to time limit at clock = 43210.6788297557
-----------------------------
| Model.cleanup in progress |
-----------------------------
cleanup: agenda
cleanup: wait queues
coroutine counts = (34599303,34596987,34595827)
[ModelOptimizer] Fitness: 2.4162 | Elapsed: 30.04 sec
[ModelOptimizer] Evaluating parameters: VectorD(2.00000,	6.00000,	-1.00000,	1.00000,	1.50000)

======================================================================
TRAFFIC MODEL BUILDER SUMMARY
======================================================================
Network:      US-101-N-DonaldDoyle
Segments:     7
Lanes:        4
Junctions:    8
Ramps:        2
Sensors:      5
Mode:         PeMS Data-Driven
Car-Following: IDM
ODE Solver:   Ballistic
Vmax:         35.0 m/s
======================================================================
Skipping Source actor due to time limit at clock = 43201.00125327633
Skipping Source actor due to time limit at clock = 43210.6788297557
-----------------------------
| Model.cleanup in progress |
-----------------------------
cleanup: agenda
cleanup: wait queues
coroutine counts = (34659060,34656740,34655578)
[ModelOptimizer] Fitness: 2.4195 | Elapsed: 29.70 sec
[ModelOptimizer] Evaluating parameters: VectorD(2.00000,	5.26289,	-1.00000,	1.00000,	1.50000)

======================================================================
TRAFFIC MODEL BUILDER SUMMARY
======================================================================
Network:      US-101-N-DonaldDoyle
Segments:     7
Lanes:        4
Junctions:    8
Ramps:        2
Sensors:      5
Mode:         PeMS Data-Driven
Car-Following: IDM
ODE Solver:   Ballistic
Vmax:         35.0 m/s
======================================================================
Skipping Source actor due to time limit at clock = 43201.00125327633
Skipping Source actor due to time limit at clock = 43210.6788297557
-----------------------------
| Model.cleanup in progress |
-----------------------------
cleanup: agenda
cleanup: wait queues
coroutine counts = (34718817,34716493,34715329)
[ModelOptimizer] Fitness: 2.4187 | Elapsed: 29.23 sec
[ModelOptimizer] Evaluating parameters: VectorD(2.00000,	6.00000,	-1.00000,	1.00000,	1.50000)

======================================================================
TRAFFIC MODEL BUILDER SUMMARY
======================================================================
Network:      US-101-N-DonaldDoyle
Segments:     7
Lanes:        4
Junctions:    8
Ramps:        2
Sensors:      5
Mode:         PeMS Data-Driven
Car-Following: IDM
ODE Solver:   Ballistic
Vmax:         35.0 m/s
======================================================================
Skipping Source actor due to time limit at clock = 43201.00125327633
Skipping Source actor due to time limit at clock = 43210.6788297557
-----------------------------
| Model.cleanup in progress |
-----------------------------
cleanup: agenda
cleanup: wait queues
coroutine counts = (34778574,34776246,34775080)
[ModelOptimizer] Fitness: 2.4195 | Elapsed: 29.56 sec
[ModelOptimizer] Evaluating parameters: VectorD(2.00000,	5.26497,	-1.00000,	1.00000,	1.50000)

======================================================================
TRAFFIC MODEL BUILDER SUMMARY
======================================================================
Network:      US-101-N-DonaldDoyle
Segments:     7
Lanes:        4
Junctions:    8
Ramps:        2
Sensors:      5
Mode:         PeMS Data-Driven
Car-Following: IDM
ODE Solver:   Ballistic
Vmax:         35.0 m/s
======================================================================
Skipping Source actor due to time limit at clock = 43201.00125327633
Skipping Source actor due to time limit at clock = 43210.6788297557
-----------------------------
| Model.cleanup in progress |
-----------------------------
cleanup: agenda
cleanup: wait queues
coroutine counts = (34838331,34835999,34834831)
[ModelOptimizer] Fitness: 2.4194 | Elapsed: 29.64 sec
[ModelOptimizer] Evaluating parameters: VectorD(3.71529,	6.00000,	-1.00000,	1.00000,	0.300000)

======================================================================
TRAFFIC MODEL BUILDER SUMMARY
======================================================================
Network:      US-101-N-DonaldDoyle
Segments:     7
Lanes:        4
Junctions:    8
Ramps:        2
Sensors:      5
Mode:         PeMS Data-Driven
Car-Following: IDM
ODE Solver:   Ballistic
Vmax:         35.0 m/s
======================================================================
Skipping Source actor due to time limit at clock = 43201.00125327633
Skipping Source actor due to time limit at clock = 43210.6788297557
-----------------------------
| Model.cleanup in progress |
-----------------------------
cleanup: agenda
cleanup: wait queues
coroutine counts = (34898088,34895752,34894582)
[ModelOptimizer] Fitness: 2.8769 | Elapsed: 88.56 sec
[ModelOptimizer] Evaluating parameters: VectorD(2.00000,	4.61000,	-1.00000,	1.00000,	1.50000)

======================================================================
TRAFFIC MODEL BUILDER SUMMARY
======================================================================
Network:      US-101-N-DonaldDoyle
Segments:     7
Lanes:        4
Junctions:    8
Ramps:        2
Sensors:      5
Mode:         PeMS Data-Driven
Car-Following: IDM
ODE Solver:   Ballistic
Vmax:         35.0 m/s
======================================================================
Skipping Source actor due to time limit at clock = 43201.00125327633
Skipping Source actor due to time limit at clock = 43210.6788297557
-----------------------------
| Model.cleanup in progress |
-----------------------------
cleanup: agenda
cleanup: wait queues
coroutine counts = (34957845,34955505,34954333)
[ModelOptimizer] Fitness: 2.4193 | Elapsed: 29.78 sec
[ModelOptimizer] Evaluating parameters: VectorD(8.00000,	5.26857,	-3.00000,	1.00000,	0.300000)

======================================================================
TRAFFIC MODEL BUILDER SUMMARY
======================================================================
Network:      US-101-N-DonaldDoyle
Segments:     7
Lanes:        4
Junctions:    8
Ramps:        2
Sensors:      5
Mode:         PeMS Data-Driven
Car-Following: IDM
ODE Solver:   Ballistic
Vmax:         35.0 m/s
======================================================================
Skipping Source actor due to time limit at clock = 43201.00125327633
Skipping Source actor due to time limit at clock = 43210.6788297557
-----------------------------
| Model.cleanup in progress |
-----------------------------
cleanup: agenda
cleanup: wait queues
coroutine counts = (35017602,35015258,35014084)
[ModelOptimizer] Fitness: 3.5985 | Elapsed: 99.31 sec
[ModelOptimizer] Evaluating parameters: VectorD(2.00000,	5.70667,	-1.00000,	1.00000,	1.50000)

======================================================================
TRAFFIC MODEL BUILDER SUMMARY
======================================================================
Network:      US-101-N-DonaldDoyle
Segments:     7
Lanes:        4
Junctions:    8
Ramps:        2
Sensors:      5
Mode:         PeMS Data-Driven
Car-Following: IDM
ODE Solver:   Ballistic
Vmax:         35.0 m/s
======================================================================
Skipping Source actor due to time limit at clock = 43201.00125327633
Skipping Source actor due to time limit at clock = 43210.6788297557
-----------------------------
| Model.cleanup in progress |
-----------------------------
cleanup: agenda
cleanup: wait queues
coroutine counts = (35077359,35075011,35073835)
[ModelOptimizer] Fitness: 2.4178 | Elapsed: 30.49 sec
[ModelOptimizer] Evaluating parameters: VectorD(2.00000,	3.26625,	-1.00000,	1.00000,	1.50000)

======================================================================
TRAFFIC MODEL BUILDER SUMMARY
======================================================================
Network:      US-101-N-DonaldDoyle
Segments:     7
Lanes:        4
Junctions:    8
Ramps:        2
Sensors:      5
Mode:         PeMS Data-Driven
Car-Following: IDM
ODE Solver:   Ballistic
Vmax:         35.0 m/s
======================================================================
Skipping Source actor due to time limit at clock = 43201.00125327633
Skipping Source actor due to time limit at clock = 43210.6788297557
-----------------------------
| Model.cleanup in progress |
-----------------------------
cleanup: agenda
cleanup: wait queues
coroutine counts = (35137116,35134764,35133586)
[ModelOptimizer] Fitness: 2.4637 | Elapsed: 30.89 sec
[ModelOptimizer] Evaluating parameters: VectorD(2.00000,	4.90784,	-1.00000,	1.00000,	1.50000)

======================================================================
TRAFFIC MODEL BUILDER SUMMARY
======================================================================
Network:      US-101-N-DonaldDoyle
Segments:     7
Lanes:        4
Junctions:    8
Ramps:        2
Sensors:      5
Mode:         PeMS Data-Driven
Car-Following: IDM
ODE Solver:   Ballistic
Vmax:         35.0 m/s
======================================================================
Skipping Source actor due to time limit at clock = 43201.00125327633
Skipping Source actor due to time limit at clock = 43210.6788297557
-----------------------------
| Model.cleanup in progress |
-----------------------------
cleanup: agenda
cleanup: wait queues
coroutine counts = (35196873,35194517,35193337)
[ModelOptimizer] Fitness: 2.4178 | Elapsed: 30.54 sec
[ModelOptimizer] Evaluating parameters: VectorD(2.00000,	5.30890,	-1.00000,	1.00000,	1.50000)

======================================================================
TRAFFIC MODEL BUILDER SUMMARY
======================================================================
Network:      US-101-N-DonaldDoyle
Segments:     7
Lanes:        4
Junctions:    8
Ramps:        2
Sensors:      5
Mode:         PeMS Data-Driven
Car-Following: IDM
ODE Solver:   Ballistic
Vmax:         35.0 m/s
======================================================================
Skipping Source actor due to time limit at clock = 43201.00125327633
Skipping Source actor due to time limit at clock = 43210.6788297557
-----------------------------
| Model.cleanup in progress |
-----------------------------
cleanup: agenda
cleanup: wait queues
coroutine counts = (35256630,35254270,35253088)
[ModelOptimizer] Fitness: 2.4188 | Elapsed: 30.03 sec
[ModelOptimizer] Evaluating parameters: VectorD(2.00000,	6.00000,	-1.00000,	1.00000,	1.50000)

======================================================================
TRAFFIC MODEL BUILDER SUMMARY
======================================================================
Network:      US-101-N-DonaldDoyle
Segments:     7
Lanes:        4
Junctions:    8
Ramps:        2
Sensors:      5
Mode:         PeMS Data-Driven
Car-Following: IDM
ODE Solver:   Ballistic
Vmax:         35.0 m/s
======================================================================
Skipping Source actor due to time limit at clock = 43201.00125327633
Skipping Source actor due to time limit at clock = 43210.6788297557
-----------------------------
| Model.cleanup in progress |
-----------------------------
cleanup: agenda
cleanup: wait queues
coroutine counts = (35316387,35314023,35312839)
[ModelOptimizer] Fitness: 2.4195 | Elapsed: 29.91 sec
[ModelOptimizer] Evaluating parameters: VectorD(2.00000,	5.30890,	-1.00000,	1.00000,	1.50000)

======================================================================
TRAFFIC MODEL BUILDER SUMMARY
======================================================================
Network:      US-101-N-DonaldDoyle
Segments:     7
Lanes:        4
Junctions:    8
Ramps:        2
Sensors:      5
Mode:         PeMS Data-Driven
Car-Following: IDM
ODE Solver:   Ballistic
Vmax:         35.0 m/s
======================================================================
Skipping Source actor due to time limit at clock = 43201.00125327633
Skipping Source actor due to time limit at clock = 43210.6788297557
-----------------------------
| Model.cleanup in progress |
-----------------------------
cleanup: agenda
cleanup: wait queues
coroutine counts = (35376144,35373776,35372590)
[ModelOptimizer] Fitness: 2.4188 | Elapsed: 30.70 sec
[ModelOptimizer] Evaluating parameters: VectorD(2.00000,	4.99729,	-1.00000,	1.00000,	1.50000)

======================================================================
TRAFFIC MODEL BUILDER SUMMARY
======================================================================
Network:      US-101-N-DonaldDoyle
Segments:     7
Lanes:        4
Junctions:    8
Ramps:        2
Sensors:      5
Mode:         PeMS Data-Driven
Car-Following: IDM
ODE Solver:   Ballistic
Vmax:         35.0 m/s
======================================================================
Skipping Source actor due to time limit at clock = 43201.00125327633
Skipping Source actor due to time limit at clock = 43210.6788297557
-----------------------------
| Model.cleanup in progress |
-----------------------------
cleanup: agenda
cleanup: wait queues
coroutine counts = (35435901,35433529,35432341)
[ModelOptimizer] Fitness: 2.4161 | Elapsed: 30.11 sec
[ModelOptimizer] Evaluating parameters: VectorD(2.00000,	5.25839,	-1.00000,	1.00000,	1.50000)

======================================================================
TRAFFIC MODEL BUILDER SUMMARY
======================================================================
Network:      US-101-N-DonaldDoyle
Segments:     7
Lanes:        4
Junctions:    8
Ramps:        2
Sensors:      5
Mode:         PeMS Data-Driven
Car-Following: IDM
ODE Solver:   Ballistic
Vmax:         35.0 m/s
======================================================================
Skipping Source actor due to time limit at clock = 43201.00125327633
Skipping Source actor due to time limit at clock = 43210.6788297557
-----------------------------
| Model.cleanup in progress |
-----------------------------
cleanup: agenda
cleanup: wait queues
coroutine counts = (35495658,35493282,35492092)
[ModelOptimizer] Fitness: 2.4189 | Elapsed: 30.50 sec
[ModelOptimizer] Evaluating parameters: VectorD(2.00000,	4.99729,	-1.00000,	1.00000,	1.50000)

======================================================================
TRAFFIC MODEL BUILDER SUMMARY
======================================================================
Network:      US-101-N-DonaldDoyle
Segments:     7
Lanes:        4
Junctions:    8
Ramps:        2
Sensors:      5
Mode:         PeMS Data-Driven
Car-Following: IDM
ODE Solver:   Ballistic
Vmax:         35.0 m/s
======================================================================
Skipping Source actor due to time limit at clock = 43201.00125327633
Skipping Source actor due to time limit at clock = 43210.6788297557
-----------------------------
| Model.cleanup in progress |
-----------------------------
cleanup: agenda
cleanup: wait queues
coroutine counts = (35555415,35553035,35551843)
[ModelOptimizer] Fitness: 2.4161 | Elapsed: 30.36 sec
[ModelOptimizer] Evaluating parameters: VectorD(2.00000,	4.78659,	-1.00000,	1.00000,	1.50000)

======================================================================
TRAFFIC MODEL BUILDER SUMMARY
======================================================================
Network:      US-101-N-DonaldDoyle
Segments:     7
Lanes:        4
Junctions:    8
Ramps:        2
Sensors:      5
Mode:         PeMS Data-Driven
Car-Following: IDM
ODE Solver:   Ballistic
Vmax:         35.0 m/s
======================================================================
Skipping Source actor due to time limit at clock = 43201.00125327633
Skipping Source actor due to time limit at clock = 43210.6788297557
-----------------------------
| Model.cleanup in progress |
-----------------------------
cleanup: agenda
cleanup: wait queues
coroutine counts = (35615172,35612788,35611594)
[ModelOptimizer] Fitness: 2.4200 | Elapsed: 30.15 sec
[ModelOptimizer] Evaluating parameters: VectorD(2.00000,	6.00000,	-1.00000,	1.00000,	1.50000)

======================================================================
TRAFFIC MODEL BUILDER SUMMARY
======================================================================
Network:      US-101-N-DonaldDoyle
Segments:     7
Lanes:        4
Junctions:    8
Ramps:        2
Sensors:      5
Mode:         PeMS Data-Driven
Car-Following: IDM
ODE Solver:   Ballistic
Vmax:         35.0 m/s
======================================================================
Skipping Source actor due to time limit at clock = 43201.00125327633
Skipping Source actor due to time limit at clock = 43210.6788297557
-----------------------------
| Model.cleanup in progress |
-----------------------------
cleanup: agenda
cleanup: wait queues
coroutine counts = (35674929,35672541,35671345)
[ModelOptimizer] Fitness: 2.4195 | Elapsed: 30.45 sec
[ModelOptimizer] Evaluating parameters: VectorD(8.00000,	6.00000,	-1.83826,	1.00000,	0.300000)

======================================================================
TRAFFIC MODEL BUILDER SUMMARY
======================================================================
Network:      US-101-N-DonaldDoyle
Segments:     7
Lanes:        4
Junctions:    8
Ramps:        2
Sensors:      5
Mode:         PeMS Data-Driven
Car-Following: IDM
ODE Solver:   Ballistic
Vmax:         35.0 m/s
======================================================================
Skipping Source actor due to time limit at clock = 43201.00125327633
Skipping Source actor due to time limit at clock = 43210.6788297557
-----------------------------
| Model.cleanup in progress |
-----------------------------
cleanup: agenda
cleanup: wait queues
coroutine counts = (35734686,35732294,35731096)
[ModelOptimizer] Fitness: 3.6173 | Elapsed: 106.44 sec
[ModelOptimizer] Evaluating parameters: VectorD(2.00000,	5.34082,	-1.00000,	1.00000,	1.50000)

======================================================================
TRAFFIC MODEL BUILDER SUMMARY
======================================================================
Network:      US-101-N-DonaldDoyle
Segments:     7
Lanes:        4
Junctions:    8
Ramps:        2
Sensors:      5
Mode:         PeMS Data-Driven
Car-Following: IDM
ODE Solver:   Ballistic
Vmax:         35.0 m/s
======================================================================
Skipping Source actor due to time limit at clock = 43201.00125327633
Skipping Source actor due to time limit at clock = 43210.6788297557
-----------------------------
| Model.cleanup in progress |
-----------------------------
cleanup: agenda
cleanup: wait queues
coroutine counts = (35794443,35792047,35790847)
[ModelOptimizer] Fitness: 2.4168 | Elapsed: 30.72 sec
[ModelOptimizer] Evaluating parameters: VectorD(8.00000,	6.00000,	-1.00000,	5.00000,	0.300000)

======================================================================
TRAFFIC MODEL BUILDER SUMMARY
======================================================================
Network:      US-101-N-DonaldDoyle
Segments:     7
Lanes:        4
Junctions:    8
Ramps:        2
Sensors:      5
Mode:         PeMS Data-Driven
Car-Following: IDM
ODE Solver:   Ballistic
Vmax:         35.0 m/s
======================================================================
Skipping Source actor due to time limit at clock = 43201.00125327633
Skipping Source actor due to time limit at clock = 43210.6788297557
-----------------------------
| Model.cleanup in progress |
-----------------------------
cleanup: agenda
cleanup: wait queues
coroutine counts = (35854200,35851800,35850598)
[ModelOptimizer] Fitness: 2.8911 | Elapsed: 96.99 sec
[ModelOptimizer] Evaluating parameters: VectorD(2.00000,	5.40278,	-1.00000,	1.00000,	1.50000)

======================================================================
TRAFFIC MODEL BUILDER SUMMARY
======================================================================
Network:      US-101-N-DonaldDoyle
Segments:     7
Lanes:        4
Junctions:    8
Ramps:        2
Sensors:      5
Mode:         PeMS Data-Driven
Car-Following: IDM
ODE Solver:   Ballistic
Vmax:         35.0 m/s
======================================================================
Skipping Source actor due to time limit at clock = 43201.00125327633
Skipping Source actor due to time limit at clock = 43210.6788297557
-----------------------------
| Model.cleanup in progress |
-----------------------------
cleanup: agenda
cleanup: wait queues
coroutine counts = (35913957,35911553,35910349)
[ModelOptimizer] Fitness: 2.4182 | Elapsed: 30.22 sec
      13 |      2.41608472 |      2.41608472 |      26.0% ✓
[ModelOptimizer] Evaluating parameters: VectorD(2.00000,	5.02929,	-1.00000,	1.00000,	1.50000)

======================================================================
TRAFFIC MODEL BUILDER SUMMARY
======================================================================
Network:      US-101-N-DonaldDoyle
Segments:     7
Lanes:        4
Junctions:    8
Ramps:        2
Sensors:      5
Mode:         PeMS Data-Driven
Car-Following: IDM
ODE Solver:   Ballistic
Vmax:         35.0 m/s
======================================================================
Skipping Source actor due to time limit at clock = 43201.00125327633
Skipping Source actor due to time limit at clock = 43210.6788297557
-----------------------------
| Model.cleanup in progress |
-----------------------------
cleanup: agenda
cleanup: wait queues
coroutine counts = (35973714,35971306,35970100)
[ModelOptimizer] Fitness: 2.4170 | Elapsed: 30.05 sec
[ModelOptimizer] Evaluating parameters: VectorD(2.00000,	4.87545,	-1.00000,	1.00000,	1.50000)

======================================================================
TRAFFIC MODEL BUILDER SUMMARY
======================================================================
Network:      US-101-N-DonaldDoyle
Segments:     7
Lanes:        4
Junctions:    8
Ramps:        2
Sensors:      5
Mode:         PeMS Data-Driven
Car-Following: IDM
ODE Solver:   Ballistic
Vmax:         35.0 m/s
======================================================================
Skipping Source actor due to time limit at clock = 43201.00125327633
Skipping Source actor due to time limit at clock = 43210.6788297557
-----------------------------
| Model.cleanup in progress |
-----------------------------
cleanup: agenda
cleanup: wait queues
coroutine counts = (36033471,36031059,36029851)
[ModelOptimizer] Fitness: 2.4181 | Elapsed: 30.70 sec
[ModelOptimizer] Evaluating parameters: VectorD(2.00000,	5.02929,	-1.00000,	1.00000,	1.50000)

======================================================================
TRAFFIC MODEL BUILDER SUMMARY
======================================================================
Network:      US-101-N-DonaldDoyle
Segments:     7
Lanes:        4
Junctions:    8
Ramps:        2
Sensors:      5
Mode:         PeMS Data-Driven
Car-Following: IDM
ODE Solver:   Ballistic
Vmax:         35.0 m/s
======================================================================
Skipping Source actor due to time limit at clock = 43201.00125327633
Skipping Source actor due to time limit at clock = 43210.6788297557
-----------------------------
| Model.cleanup in progress |
-----------------------------
cleanup: agenda
cleanup: wait queues
coroutine counts = (36093228,36090812,36089602)
[ModelOptimizer] Fitness: 2.4170 | Elapsed: 30.58 sec
[ModelOptimizer] Evaluating parameters: VectorD(2.00000,	5.25983,	-1.00000,	1.00000,	1.50000)

======================================================================
TRAFFIC MODEL BUILDER SUMMARY
======================================================================
Network:      US-101-N-DonaldDoyle
Segments:     7
Lanes:        4
Junctions:    8
Ramps:        2
Sensors:      5
Mode:         PeMS Data-Driven
Car-Following: IDM
ODE Solver:   Ballistic
Vmax:         35.0 m/s
======================================================================
Skipping Source actor due to time limit at clock = 43201.00125327633
Skipping Source actor due to time limit at clock = 43210.6788297557
-----------------------------
| Model.cleanup in progress |
-----------------------------
cleanup: agenda
cleanup: wait queues
coroutine counts = (36152985,36150565,36149353)
[ModelOptimizer] Fitness: 2.4201 | Elapsed: 29.97 sec
[ModelOptimizer] Evaluating parameters: VectorD(2.00000,	6.00000,	-1.00000,	1.00000,	1.50000)

======================================================================
TRAFFIC MODEL BUILDER SUMMARY
======================================================================
Network:      US-101-N-DonaldDoyle
Segments:     7
Lanes:        4
Junctions:    8
Ramps:        2
Sensors:      5
Mode:         PeMS Data-Driven
Car-Following: IDM
ODE Solver:   Ballistic
Vmax:         35.0 m/s
======================================================================
Skipping Source actor due to time limit at clock = 43201.00125327633
Skipping Source actor due to time limit at clock = 43210.6788297557
-----------------------------
| Model.cleanup in progress |
-----------------------------
cleanup: agenda
cleanup: wait queues
coroutine counts = (36212742,36210318,36209104)
[ModelOptimizer] Fitness: 2.4195 | Elapsed: 30.59 sec
[ModelOptimizer] Evaluating parameters: VectorD(2.00000,	6.00000,	-1.00000,	1.00000,	1.50000)

======================================================================
TRAFFIC MODEL BUILDER SUMMARY
======================================================================
Network:      US-101-N-DonaldDoyle
Segments:     7
Lanes:        4
Junctions:    8
Ramps:        2
Sensors:      5
Mode:         PeMS Data-Driven
Car-Following: IDM
ODE Solver:   Ballistic
Vmax:         35.0 m/s
======================================================================
Skipping Source actor due to time limit at clock = 43201.00125327633
Skipping Source actor due to time limit at clock = 43210.6788297557
-----------------------------
| Model.cleanup in progress |
-----------------------------
cleanup: agenda
cleanup: wait queues
coroutine counts = (36272499,36270071,36268855)
[ModelOptimizer] Fitness: 2.4195 | Elapsed: 30.24 sec
[ModelOptimizer] Evaluating parameters: VectorD(2.00000,	5.20798,	-1.00000,	1.00000,	1.50000)

======================================================================
TRAFFIC MODEL BUILDER SUMMARY
======================================================================
Network:      US-101-N-DonaldDoyle
Segments:     7
Lanes:        4
Junctions:    8
Ramps:        2
Sensors:      5
Mode:         PeMS Data-Driven
Car-Following: IDM
ODE Solver:   Ballistic
Vmax:         35.0 m/s
======================================================================
Skipping Source actor due to time limit at clock = 43201.00125327633
Skipping Source actor due to time limit at clock = 43210.6788297557
-----------------------------
| Model.cleanup in progress |
-----------------------------
cleanup: agenda
cleanup: wait queues
coroutine counts = (36332256,36329824,36328606)
[ModelOptimizer] Fitness: 2.4185 | Elapsed: 30.87 sec
[ModelOptimizer] Evaluating parameters: VectorD(2.00000,	5.77044,	-1.00000,	1.00000,	1.50000)

======================================================================
TRAFFIC MODEL BUILDER SUMMARY
======================================================================
Network:      US-101-N-DonaldDoyle
Segments:     7
Lanes:        4
Junctions:    8
Ramps:        2
Sensors:      5
Mode:         PeMS Data-Driven
Car-Following: IDM
ODE Solver:   Ballistic
Vmax:         35.0 m/s
======================================================================
Skipping Source actor due to time limit at clock = 43201.00125327633
Skipping Source actor due to time limit at clock = 43210.6788297557
-----------------------------
| Model.cleanup in progress |
-----------------------------
cleanup: agenda
cleanup: wait queues
coroutine counts = (36392013,36389577,36388357)
[ModelOptimizer] Fitness: 2.4194 | Elapsed: 30.48 sec
[ModelOptimizer] Evaluating parameters: VectorD(2.00000,	5.49666,	-1.00000,	1.00000,	1.50000)

======================================================================
TRAFFIC MODEL BUILDER SUMMARY
======================================================================
Network:      US-101-N-DonaldDoyle
Segments:     7
Lanes:        4
Junctions:    8
Ramps:        2
Sensors:      5
Mode:         PeMS Data-Driven
Car-Following: IDM
ODE Solver:   Ballistic
Vmax:         35.0 m/s
======================================================================
Skipping Source actor due to time limit at clock = 43201.00125327633
Skipping Source actor due to time limit at clock = 43210.6788297557
-----------------------------
| Model.cleanup in progress |
-----------------------------
cleanup: agenda
cleanup: wait queues
coroutine counts = (36451770,36449330,36448108)
[ModelOptimizer] Fitness: 2.4189 | Elapsed: 30.67 sec
[ModelOptimizer] Evaluating parameters: VectorD(2.00000,	6.00000,	-1.00000,	1.00000,	1.50000)

======================================================================
TRAFFIC MODEL BUILDER SUMMARY
======================================================================
Network:      US-101-N-DonaldDoyle
Segments:     7
Lanes:        4
Junctions:    8
Ramps:        2
Sensors:      5
Mode:         PeMS Data-Driven
Car-Following: IDM
ODE Solver:   Ballistic
Vmax:         35.0 m/s
======================================================================
Skipping Source actor due to time limit at clock = 43201.00125327633
Skipping Source actor due to time limit at clock = 43210.6788297557
-----------------------------
| Model.cleanup in progress |
-----------------------------
cleanup: agenda
cleanup: wait queues
coroutine counts = (36511527,36509083,36507859)
[ModelOptimizer] Fitness: 2.4195 | Elapsed: 31.74 sec
[ModelOptimizer] Evaluating parameters: VectorD(2.00000,	5.60900,	-1.00000,	1.00000,	1.50000)

======================================================================
TRAFFIC MODEL BUILDER SUMMARY
======================================================================
Network:      US-101-N-DonaldDoyle
Segments:     7
Lanes:        4
Junctions:    8
Ramps:        2
Sensors:      5
Mode:         PeMS Data-Driven
Car-Following: IDM
ODE Solver:   Ballistic
Vmax:         35.0 m/s
======================================================================
Skipping Source actor due to time limit at clock = 43201.00125327633
Skipping Source actor due to time limit at clock = 43210.6788297557
-----------------------------
| Model.cleanup in progress |
-----------------------------
cleanup: agenda
cleanup: wait queues
coroutine counts = (36571284,36568836,36567610)
[ModelOptimizer] Fitness: 2.4181 | Elapsed: 30.90 sec
[ModelOptimizer] Evaluating parameters: VectorD(2.00000,	4.19235,	-1.00000,	1.00000,	1.50000)

======================================================================
TRAFFIC MODEL BUILDER SUMMARY
======================================================================
Network:      US-101-N-DonaldDoyle
Segments:     7
Lanes:        4
Junctions:    8
Ramps:        2
Sensors:      5
Mode:         PeMS Data-Driven
Car-Following: IDM
ODE Solver:   Ballistic
Vmax:         35.0 m/s
======================================================================
Skipping Source actor due to time limit at clock = 43201.00125327633
Skipping Source actor due to time limit at clock = 43210.6788297557
-----------------------------
| Model.cleanup in progress |
-----------------------------
cleanup: agenda
cleanup: wait queues
coroutine counts = (36631041,36628589,36627361)
[ModelOptimizer] Fitness: 2.4300 | Elapsed: 31.51 sec
[ModelOptimizer] Evaluating parameters: VectorD(2.00000,	4.69162,	-1.00000,	1.00000,	1.50000)

======================================================================
TRAFFIC MODEL BUILDER SUMMARY
======================================================================
Network:      US-101-N-DonaldDoyle
Segments:     7
Lanes:        4
Junctions:    8
Ramps:        2
Sensors:      5
Mode:         PeMS Data-Driven
Car-Following: IDM
ODE Solver:   Ballistic
Vmax:         35.0 m/s
======================================================================
Skipping Source actor due to time limit at clock = 43201.00125327633
Skipping Source actor due to time limit at clock = 43210.6788297557
-----------------------------
| Model.cleanup in progress |
-----------------------------
cleanup: agenda
cleanup: wait queues
coroutine counts = (36690798,36688342,36687112)
[ModelOptimizer] Fitness: 2.4186 | Elapsed: 31.08 sec
[ModelOptimizer] Evaluating parameters: VectorD(6.03104,	5.17893,	-1.00000,	5.00000,	1.50000)

======================================================================
TRAFFIC MODEL BUILDER SUMMARY
======================================================================
Network:      US-101-N-DonaldDoyle
Segments:     7
Lanes:        4
Junctions:    8
Ramps:        2
Sensors:      5
Mode:         PeMS Data-Driven
Car-Following: IDM
ODE Solver:   Ballistic
Vmax:         35.0 m/s
======================================================================
Skipping Source actor due to time limit at clock = 43201.00125327633
Skipping Source actor due to time limit at clock = 43210.6788297557
-----------------------------
| Model.cleanup in progress |
-----------------------------
cleanup: agenda
cleanup: wait queues
coroutine counts = (36750555,36748095,36746863)
[ModelOptimizer] Fitness: 3.0468 | Elapsed: 32.96 sec
[ModelOptimizer] Evaluating parameters: VectorD(2.00000,	6.00000,	-1.00000,	1.00000,	1.50000)

======================================================================
TRAFFIC MODEL BUILDER SUMMARY
======================================================================
Network:      US-101-N-DonaldDoyle
Segments:     7
Lanes:        4
Junctions:    8
Ramps:        2
Sensors:      5
Mode:         PeMS Data-Driven
Car-Following: IDM
ODE Solver:   Ballistic
Vmax:         35.0 m/s
======================================================================
Skipping Source actor due to time limit at clock = 43201.00125327633
Skipping Source actor due to time limit at clock = 43210.6788297557
-----------------------------
| Model.cleanup in progress |
-----------------------------
cleanup: agenda
cleanup: wait queues
coroutine counts = (36810312,36807848,36806614)
[ModelOptimizer] Fitness: 2.4195 | Elapsed: 30.91 sec
[ModelOptimizer] Evaluating parameters: VectorD(2.00000,	4.97473,	-1.00000,	1.00000,	0.300000)

======================================================================
TRAFFIC MODEL BUILDER SUMMARY
======================================================================
Network:      US-101-N-DonaldDoyle
Segments:     7
Lanes:        4
Junctions:    8
Ramps:        2
Sensors:      5
Mode:         PeMS Data-Driven
Car-Following: IDM
ODE Solver:   Ballistic
Vmax:         35.0 m/s
======================================================================
Skipping Source actor due to time limit at clock = 43201.00125327633
Skipping Source actor due to time limit at clock = 43210.6788297557
-----------------------------
| Model.cleanup in progress |
-----------------------------
cleanup: agenda
cleanup: wait queues
coroutine counts = (36870069,36867601,36866365)
[ModelOptimizer] Fitness: 2.7234 | Elapsed: 87.87 sec
[ModelOptimizer] Evaluating parameters: VectorD(2.00000,	4.91873,	-1.00000,	1.00000,	1.50000)

======================================================================
TRAFFIC MODEL BUILDER SUMMARY
======================================================================
Network:      US-101-N-DonaldDoyle
Segments:     7
Lanes:        4
Junctions:    8
Ramps:        2
Sensors:      5
Mode:         PeMS Data-Driven
Car-Following: IDM
ODE Solver:   Ballistic
Vmax:         35.0 m/s
======================================================================
Skipping Source actor due to time limit at clock = 43201.00125327633
Skipping Source actor due to time limit at clock = 43210.6788297557
-----------------------------
| Model.cleanup in progress |
-----------------------------
cleanup: agenda
cleanup: wait queues
coroutine counts = (36929826,36927354,36926116)
[ModelOptimizer] Fitness: 2.4185 | Elapsed: 30.86 sec
[ModelOptimizer] Evaluating parameters: VectorD(2.00000,	4.83169,	-1.00000,	1.00000,	1.50000)

======================================================================
TRAFFIC MODEL BUILDER SUMMARY
======================================================================
Network:      US-101-N-DonaldDoyle
Segments:     7
Lanes:        4
Junctions:    8
Ramps:        2
Sensors:      5
Mode:         PeMS Data-Driven
Car-Following: IDM
ODE Solver:   Ballistic
Vmax:         35.0 m/s
======================================================================
Skipping Source actor due to time limit at clock = 43201.00125327633
Skipping Source actor due to time limit at clock = 43210.6788297557
-----------------------------
| Model.cleanup in progress |
-----------------------------
cleanup: agenda
cleanup: wait queues
coroutine counts = (36989583,36987107,36985867)
[ModelOptimizer] Fitness: 2.4183 | Elapsed: 30.16 sec
[ModelOptimizer] Evaluating parameters: VectorD(2.00000,	6.00000,	-1.00000,	1.00000,	1.50000)

======================================================================
TRAFFIC MODEL BUILDER SUMMARY
======================================================================
Network:      US-101-N-DonaldDoyle
Segments:     7
Lanes:        4
Junctions:    8
Ramps:        2
Sensors:      5
Mode:         PeMS Data-Driven
Car-Following: IDM
ODE Solver:   Ballistic
Vmax:         35.0 m/s
======================================================================
Skipping Source actor due to time limit at clock = 43201.00125327633
Skipping Source actor due to time limit at clock = 43210.6788297557
-----------------------------
| Model.cleanup in progress |
-----------------------------
cleanup: agenda
cleanup: wait queues
coroutine counts = (37049340,37046860,37045618)
[ModelOptimizer] Fitness: 2.4195 | Elapsed: 30.47 sec
[ModelOptimizer] Evaluating parameters: VectorD(2.00000,	4.83169,	-1.00000,	1.00000,	1.50000)

======================================================================
TRAFFIC MODEL BUILDER SUMMARY
======================================================================
Network:      US-101-N-DonaldDoyle
Segments:     7
Lanes:        4
Junctions:    8
Ramps:        2
Sensors:      5
Mode:         PeMS Data-Driven
Car-Following: IDM
ODE Solver:   Ballistic
Vmax:         35.0 m/s
======================================================================
Skipping Source actor due to time limit at clock = 43201.00125327633
Skipping Source actor due to time limit at clock = 43210.6788297557
-----------------------------
| Model.cleanup in progress |
-----------------------------
cleanup: agenda
cleanup: wait queues
coroutine counts = (37109097,37106613,37105369)
[ModelOptimizer] Fitness: 2.4183 | Elapsed: 30.02 sec
[ModelOptimizer] Evaluating parameters: VectorD(2.00000,	6.00000,	-1.00000,	1.00000,	1.50000)

======================================================================
TRAFFIC MODEL BUILDER SUMMARY
======================================================================
Network:      US-101-N-DonaldDoyle
Segments:     7
Lanes:        4
Junctions:    8
Ramps:        2
Sensors:      5
Mode:         PeMS Data-Driven
Car-Following: IDM
ODE Solver:   Ballistic
Vmax:         35.0 m/s
======================================================================
Skipping Source actor due to time limit at clock = 43201.00125327633
Skipping Source actor due to time limit at clock = 43210.6788297557
-----------------------------
| Model.cleanup in progress |
-----------------------------
cleanup: agenda
cleanup: wait queues
coroutine counts = (37168854,37166366,37165120)
[ModelOptimizer] Fitness: 2.4195 | Elapsed: 30.28 sec
[ModelOptimizer] Evaluating parameters: VectorD(2.00000,	5.12437,	-1.00000,	1.00000,	1.50000)

======================================================================
TRAFFIC MODEL BUILDER SUMMARY
======================================================================
Network:      US-101-N-DonaldDoyle
Segments:     7
Lanes:        4
Junctions:    8
Ramps:        2
Sensors:      5
Mode:         PeMS Data-Driven
Car-Following: IDM
ODE Solver:   Ballistic
Vmax:         35.0 m/s
======================================================================
Skipping Source actor due to time limit at clock = 43201.00125327633
Skipping Source actor due to time limit at clock = 43210.6788297557
-----------------------------
| Model.cleanup in progress |
-----------------------------
cleanup: agenda
cleanup: wait queues
coroutine counts = (37228611,37226119,37224871)
[ModelOptimizer] Fitness: 2.4162 | Elapsed: 30.51 sec
[ModelOptimizer] Evaluating parameters: VectorD(5.02677,	5.82983,	-3.00000,	2.65075,	0.300000)

======================================================================
TRAFFIC MODEL BUILDER SUMMARY
======================================================================
Network:      US-101-N-DonaldDoyle
Segments:     7
Lanes:        4
Junctions:    8
Ramps:        2
Sensors:      5
Mode:         PeMS Data-Driven
Car-Following: IDM
ODE Solver:   Ballistic
Vmax:         35.0 m/s
======================================================================
Skipping Source actor due to time limit at clock = 43201.00125327633
Skipping Source actor due to time limit at clock = 43210.6788297557
-----------------------------
| Model.cleanup in progress |
-----------------------------
cleanup: agenda
cleanup: wait queues
coroutine counts = (37288368,37285872,37284622)
[ModelOptimizer] Fitness: 3.6777 | Elapsed: 96.65 sec
[ModelOptimizer] Evaluating parameters: VectorD(2.00000,	5.26289,	-1.00000,	1.00000,	1.50000)

======================================================================
TRAFFIC MODEL BUILDER SUMMARY
======================================================================
Network:      US-101-N-DonaldDoyle
Segments:     7
Lanes:        4
Junctions:    8
Ramps:        2
Sensors:      5
Mode:         PeMS Data-Driven
Car-Following: IDM
ODE Solver:   Ballistic
Vmax:         35.0 m/s
======================================================================
Skipping Source actor due to time limit at clock = 43201.00125327633
Skipping Source actor due to time limit at clock = 43210.6788297557
-----------------------------
| Model.cleanup in progress |
-----------------------------
cleanup: agenda
cleanup: wait queues
coroutine counts = (37348125,37345625,37344373)
[ModelOptimizer] Fitness: 2.4187 | Elapsed: 30.33 sec
[ModelOptimizer] Evaluating parameters: VectorD(2.00000,	6.00000,	-1.00000,	1.00000,	1.50000)

======================================================================
TRAFFIC MODEL BUILDER SUMMARY
======================================================================
Network:      US-101-N-DonaldDoyle
Segments:     7
Lanes:        4
Junctions:    8
Ramps:        2
Sensors:      5
Mode:         PeMS Data-Driven
Car-Following: IDM
ODE Solver:   Ballistic
Vmax:         35.0 m/s
======================================================================
Skipping Source actor due to time limit at clock = 43201.00125327633
Skipping Source actor due to time limit at clock = 43210.6788297557
-----------------------------
| Model.cleanup in progress |
-----------------------------
cleanup: agenda
cleanup: wait queues
coroutine counts = (37407882,37405378,37404124)
[ModelOptimizer] Fitness: 2.4195 | Elapsed: 30.17 sec
[ModelOptimizer] Evaluating parameters: VectorD(2.00000,	5.26497,	-1.00000,	1.00000,	1.50000)

======================================================================
TRAFFIC MODEL BUILDER SUMMARY
======================================================================
Network:      US-101-N-DonaldDoyle
Segments:     7
Lanes:        4
Junctions:    8
Ramps:        2
Sensors:      5
Mode:         PeMS Data-Driven
Car-Following: IDM
ODE Solver:   Ballistic
Vmax:         35.0 m/s
======================================================================
Skipping Source actor due to time limit at clock = 43201.00125327633
Skipping Source actor due to time limit at clock = 43210.6788297557
-----------------------------
| Model.cleanup in progress |
-----------------------------
cleanup: agenda
cleanup: wait queues
coroutine counts = (37467639,37465131,37463875)
[ModelOptimizer] Fitness: 2.4194 | Elapsed: 30.25 sec
[ModelOptimizer] Evaluating parameters: VectorD(2.00000,	6.00000,	-1.00000,	1.00000,	1.50000)

======================================================================
TRAFFIC MODEL BUILDER SUMMARY
======================================================================
Network:      US-101-N-DonaldDoyle
Segments:     7
Lanes:        4
Junctions:    8
Ramps:        2
Sensors:      5
Mode:         PeMS Data-Driven
Car-Following: IDM
ODE Solver:   Ballistic
Vmax:         35.0 m/s
======================================================================
Skipping Source actor due to time limit at clock = 43201.00125327633
Skipping Source actor due to time limit at clock = 43210.6788297557
-----------------------------
| Model.cleanup in progress |
-----------------------------
cleanup: agenda
cleanup: wait queues
coroutine counts = (37527396,37524884,37523626)
[ModelOptimizer] Fitness: 2.4195 | Elapsed: 30.53 sec
[ModelOptimizer] Evaluating parameters: VectorD(2.00000,	4.61000,	-1.00000,	1.00000,	1.50000)

======================================================================
TRAFFIC MODEL BUILDER SUMMARY
======================================================================
Network:      US-101-N-DonaldDoyle
Segments:     7
Lanes:        4
Junctions:    8
Ramps:        2
Sensors:      5
Mode:         PeMS Data-Driven
Car-Following: IDM
ODE Solver:   Ballistic
Vmax:         35.0 m/s
======================================================================
Skipping Source actor due to time limit at clock = 43201.00125327633
Skipping Source actor due to time limit at clock = 43210.6788297557
-----------------------------
| Model.cleanup in progress |
-----------------------------
cleanup: agenda
cleanup: wait queues
coroutine counts = (37587153,37584637,37583377)
[ModelOptimizer] Fitness: 2.4193 | Elapsed: 30.27 sec
[ModelOptimizer] Evaluating parameters: VectorD(5.66258,	6.00000,	-1.00000,	1.00000,	1.50000)

======================================================================
TRAFFIC MODEL BUILDER SUMMARY
======================================================================
Network:      US-101-N-DonaldDoyle
Segments:     7
Lanes:        4
Junctions:    8
Ramps:        2
Sensors:      5
Mode:         PeMS Data-Driven
Car-Following: IDM
ODE Solver:   Ballistic
Vmax:         35.0 m/s
======================================================================
Skipping Source actor due to time limit at clock = 43201.00125327633
Skipping Source actor due to time limit at clock = 43210.6788297557
-----------------------------
| Model.cleanup in progress |
-----------------------------
cleanup: agenda
cleanup: wait queues
coroutine counts = (37646910,37644390,37643128)
[ModelOptimizer] Fitness: 2.5467 | Elapsed: 30.52 sec
[ModelOptimizer] Evaluating parameters: VectorD(2.00000,	5.70667,	-1.00000,	1.00000,	1.50000)

======================================================================
TRAFFIC MODEL BUILDER SUMMARY
======================================================================
Network:      US-101-N-DonaldDoyle
Segments:     7
Lanes:        4
Junctions:    8
Ramps:        2
Sensors:      5
Mode:         PeMS Data-Driven
Car-Following: IDM
ODE Solver:   Ballistic
Vmax:         35.0 m/s
======================================================================
Skipping Source actor due to time limit at clock = 43201.00125327633
Skipping Source actor due to time limit at clock = 43210.6788297557
-----------------------------
| Model.cleanup in progress |
-----------------------------
cleanup: agenda
cleanup: wait queues
coroutine counts = (37706667,37704143,37702879)
[ModelOptimizer] Fitness: 2.4178 | Elapsed: 30.41 sec
[ModelOptimizer] Evaluating parameters: VectorD(2.90541,	5.78455,	-1.00000,	1.00000,	1.50000)

======================================================================
TRAFFIC MODEL BUILDER SUMMARY
======================================================================
Network:      US-101-N-DonaldDoyle
Segments:     7
Lanes:        4
Junctions:    8
Ramps:        2
Sensors:      5
Mode:         PeMS Data-Driven
Car-Following: IDM
ODE Solver:   Ballistic
Vmax:         35.0 m/s
======================================================================
Skipping Source actor due to time limit at clock = 43201.00125327633
Skipping Source actor due to time limit at clock = 43210.6788297557
-----------------------------
| Model.cleanup in progress |
-----------------------------
cleanup: agenda
cleanup: wait queues
coroutine counts = (37766424,37763896,37762630)
[ModelOptimizer] Fitness: 2.4527 | Elapsed: 30.60 sec
[ModelOptimizer] Evaluating parameters: VectorD(2.00000,	4.90784,	-1.00000,	1.00000,	1.50000)

======================================================================
TRAFFIC MODEL BUILDER SUMMARY
======================================================================
Network:      US-101-N-DonaldDoyle
Segments:     7
Lanes:        4
Junctions:    8
Ramps:        2
Sensors:      5
Mode:         PeMS Data-Driven
Car-Following: IDM
ODE Solver:   Ballistic
Vmax:         35.0 m/s
======================================================================
Skipping Source actor due to time limit at clock = 43201.00125327633
Skipping Source actor due to time limit at clock = 43210.6788297557
-----------------------------
| Model.cleanup in progress |
-----------------------------
cleanup: agenda
cleanup: wait queues
coroutine counts = (37826181,37823649,37822381)
[ModelOptimizer] Fitness: 2.4178 | Elapsed: 30.38 sec
[ModelOptimizer] Evaluating parameters: VectorD(2.00000,	5.30890,	-1.00000,	1.00000,	1.50000)

======================================================================
TRAFFIC MODEL BUILDER SUMMARY
======================================================================
Network:      US-101-N-DonaldDoyle
Segments:     7
Lanes:        4
Junctions:    8
Ramps:        2
Sensors:      5
Mode:         PeMS Data-Driven
Car-Following: IDM
ODE Solver:   Ballistic
Vmax:         35.0 m/s
======================================================================
Skipping Source actor due to time limit at clock = 43201.00125327633
Skipping Source actor due to time limit at clock = 43210.6788297557
-----------------------------
| Model.cleanup in progress |
-----------------------------
cleanup: agenda
cleanup: wait queues
coroutine counts = (37885938,37883402,37882132)
[ModelOptimizer] Fitness: 2.4188 | Elapsed: 30.46 sec
[ModelOptimizer] Evaluating parameters: VectorD(2.00000,	5.30890,	-1.00000,	1.00000,	1.50000)

======================================================================
TRAFFIC MODEL BUILDER SUMMARY
======================================================================
Network:      US-101-N-DonaldDoyle
Segments:     7
Lanes:        4
Junctions:    8
Ramps:        2
Sensors:      5
Mode:         PeMS Data-Driven
Car-Following: IDM
ODE Solver:   Ballistic
Vmax:         35.0 m/s
======================================================================
Skipping Source actor due to time limit at clock = 43201.00125327633
Skipping Source actor due to time limit at clock = 43210.6788297557
-----------------------------
| Model.cleanup in progress |
-----------------------------
cleanup: agenda
cleanup: wait queues
coroutine counts = (37945695,37943155,37941883)
[ModelOptimizer] Fitness: 2.4188 | Elapsed: 30.27 sec
[ModelOptimizer] Evaluating parameters: VectorD(2.00000,	3.96048,	-1.00000,	1.00000,	1.50000)

======================================================================
TRAFFIC MODEL BUILDER SUMMARY
======================================================================
Network:      US-101-N-DonaldDoyle
Segments:     7
Lanes:        4
Junctions:    8
Ramps:        2
Sensors:      5
Mode:         PeMS Data-Driven
Car-Following: IDM
ODE Solver:   Ballistic
Vmax:         35.0 m/s
======================================================================
Skipping Source actor due to time limit at clock = 43201.00125327633
Skipping Source actor due to time limit at clock = 43210.6788297557
-----------------------------
| Model.cleanup in progress |
-----------------------------
cleanup: agenda
cleanup: wait queues
coroutine counts = (38005452,38002908,38001634)
[ModelOptimizer] Fitness: 2.4317 | Elapsed: 30.32 sec
[ModelOptimizer] Evaluating parameters: VectorD(2.00000,	4.99729,	-1.00000,	1.00000,	1.50000)

======================================================================
TRAFFIC MODEL BUILDER SUMMARY
======================================================================
Network:      US-101-N-DonaldDoyle
Segments:     7
Lanes:        4
Junctions:    8
Ramps:        2
Sensors:      5
Mode:         PeMS Data-Driven
Car-Following: IDM
ODE Solver:   Ballistic
Vmax:         35.0 m/s
======================================================================
Skipping Source actor due to time limit at clock = 43201.00125327633
Skipping Source actor due to time limit at clock = 43210.6788297557
-----------------------------
| Model.cleanup in progress |
-----------------------------
cleanup: agenda
cleanup: wait queues
coroutine counts = (38065209,38062661,38061385)
[ModelOptimizer] Fitness: 2.4161 | Elapsed: 30.58 sec
[ModelOptimizer] Evaluating parameters: VectorD(2.00000,	6.00000,	-1.00000,	2.63023,	1.50000)

======================================================================
TRAFFIC MODEL BUILDER SUMMARY
======================================================================
Network:      US-101-N-DonaldDoyle
Segments:     7
Lanes:        4
Junctions:    8
Ramps:        2
Sensors:      5
Mode:         PeMS Data-Driven
Car-Following: IDM
ODE Solver:   Ballistic
Vmax:         35.0 m/s
======================================================================
Skipping Source actor due to time limit at clock = 43201.00125327633
Skipping Source actor due to time limit at clock = 43210.6788297557
-----------------------------
| Model.cleanup in progress |
-----------------------------
cleanup: agenda
cleanup: wait queues
coroutine counts = (38124966,38122414,38121136)
[ModelOptimizer] Fitness: 3.2536 | Elapsed: 32.26 sec
[ModelOptimizer] Evaluating parameters: VectorD(2.00000,	6.00000,	-1.00000,	1.00000,	1.50000)

======================================================================
TRAFFIC MODEL BUILDER SUMMARY
======================================================================
Network:      US-101-N-DonaldDoyle
Segments:     7
Lanes:        4
Junctions:    8
Ramps:        2
Sensors:      5
Mode:         PeMS Data-Driven
Car-Following: IDM
ODE Solver:   Ballistic
Vmax:         35.0 m/s
======================================================================
Skipping Source actor due to time limit at clock = 43201.00125327633
Skipping Source actor due to time limit at clock = 43210.6788297557
-----------------------------
| Model.cleanup in progress |
-----------------------------
cleanup: agenda
cleanup: wait queues
coroutine counts = (38184723,38182167,38180887)
[ModelOptimizer] Fitness: 2.4195 | Elapsed: 30.12 sec
[ModelOptimizer] Evaluating parameters: VectorD(2.00000,	4.94091,	-1.00000,	1.00000,	1.50000)

======================================================================
TRAFFIC MODEL BUILDER SUMMARY
======================================================================
Network:      US-101-N-DonaldDoyle
Segments:     7
Lanes:        4
Junctions:    8
Ramps:        2
Sensors:      5
Mode:         PeMS Data-Driven
Car-Following: IDM
ODE Solver:   Ballistic
Vmax:         35.0 m/s
======================================================================
Skipping Source actor due to time limit at clock = 43201.00125327633
Skipping Source actor due to time limit at clock = 43210.6788297557
-----------------------------
| Model.cleanup in progress |
-----------------------------
cleanup: agenda
cleanup: wait queues
coroutine counts = (38244480,38241920,38240638)
[ModelOptimizer] Fitness: 2.4171 | Elapsed: 30.64 sec
[ModelOptimizer] Evaluating parameters: VectorD(2.00000,	5.34082,	-1.00000,	1.00000,	1.50000)

======================================================================
TRAFFIC MODEL BUILDER SUMMARY
======================================================================
Network:      US-101-N-DonaldDoyle
Segments:     7
Lanes:        4
Junctions:    8
Ramps:        2
Sensors:      5
Mode:         PeMS Data-Driven
Car-Following: IDM
ODE Solver:   Ballistic
Vmax:         35.0 m/s
======================================================================
Skipping Source actor due to time limit at clock = 43201.00125327633
Skipping Source actor due to time limit at clock = 43210.6788297557
-----------------------------
| Model.cleanup in progress |
-----------------------------
cleanup: agenda
cleanup: wait queues
coroutine counts = (38304237,38301673,38300389)
[ModelOptimizer] Fitness: 2.4168 | Elapsed: 30.83 sec
[ModelOptimizer] Evaluating parameters: VectorD(2.00000,	5.84163,	-1.00000,	1.00000,	1.50000)

======================================================================
TRAFFIC MODEL BUILDER SUMMARY
======================================================================
Network:      US-101-N-DonaldDoyle
Segments:     7
Lanes:        4
Junctions:    8
Ramps:        2
Sensors:      5
Mode:         PeMS Data-Driven
Car-Following: IDM
ODE Solver:   Ballistic
Vmax:         35.0 m/s
======================================================================
Skipping Source actor due to time limit at clock = 43201.00125327633
Skipping Source actor due to time limit at clock = 43210.6788297557
-----------------------------
| Model.cleanup in progress |
-----------------------------
cleanup: agenda
cleanup: wait queues
coroutine counts = (38363994,38361426,38360140)
[ModelOptimizer] Fitness: 2.4208 | Elapsed: 30.22 sec
[ModelOptimizer] Evaluating parameters: VectorD(2.00000,	5.40278,	-1.00000,	1.00000,	1.50000)

======================================================================
TRAFFIC MODEL BUILDER SUMMARY
======================================================================
Network:      US-101-N-DonaldDoyle
Segments:     7
Lanes:        4
Junctions:    8
Ramps:        2
Sensors:      5
Mode:         PeMS Data-Driven
Car-Following: IDM
ODE Solver:   Ballistic
Vmax:         35.0 m/s
======================================================================
Skipping Source actor due to time limit at clock = 43201.00125327633
Skipping Source actor due to time limit at clock = 43210.6788297557
-----------------------------
| Model.cleanup in progress |
-----------------------------
cleanup: agenda
cleanup: wait queues
coroutine counts = (38423751,38421179,38419891)
[ModelOptimizer] Fitness: 2.4182 | Elapsed: 32.98 sec
      14 |      2.41608472 |      2.41608472 |      28.0% ✓
[ModelOptimizer] Evaluating parameters: VectorD(2.00000,	5.85599,	-1.00000,	1.00000,	0.300000)

======================================================================
TRAFFIC MODEL BUILDER SUMMARY
======================================================================
Network:      US-101-N-DonaldDoyle
Segments:     7
Lanes:        4
Junctions:    8
Ramps:        2
Sensors:      5
Mode:         PeMS Data-Driven
Car-Following: IDM
ODE Solver:   Ballistic
Vmax:         35.0 m/s
======================================================================
Skipping Source actor due to time limit at clock = 43201.00125327633
Skipping Source actor due to time limit at clock = 43210.6788297557
-----------------------------
| Model.cleanup in progress |
-----------------------------
cleanup: agenda
cleanup: wait queues
coroutine counts = (38483508,38480932,38479642)
[ModelOptimizer] Fitness: 2.6970 | Elapsed: 86.90 sec
[ModelOptimizer] Evaluating parameters: VectorD(2.00000,	5.02929,	-1.00000,	1.00000,	1.50000)

======================================================================
TRAFFIC MODEL BUILDER SUMMARY
======================================================================
Network:      US-101-N-DonaldDoyle
Segments:     7
Lanes:        4
Junctions:    8
Ramps:        2
Sensors:      5
Mode:         PeMS Data-Driven
Car-Following: IDM
ODE Solver:   Ballistic
Vmax:         35.0 m/s
======================================================================
Skipping Source actor due to time limit at clock = 43201.00125327633
Skipping Source actor due to time limit at clock = 43210.6788297557
-----------------------------
| Model.cleanup in progress |
-----------------------------
cleanup: agenda
cleanup: wait queues
coroutine counts = (38543265,38540685,38539393)
[ModelOptimizer] Fitness: 2.4170 | Elapsed: 30.26 sec
[ModelOptimizer] Evaluating parameters: VectorD(2.00000,	6.00000,	-1.00000,	5.00000,	1.50000)

======================================================================
TRAFFIC MODEL BUILDER SUMMARY
======================================================================
Network:      US-101-N-DonaldDoyle
Segments:     7
Lanes:        4
Junctions:    8
Ramps:        2
Sensors:      5
Mode:         PeMS Data-Driven
Car-Following: IDM
ODE Solver:   Ballistic
Vmax:         35.0 m/s
======================================================================
Skipping Source actor due to time limit at clock = 43201.00125327633
Skipping Source actor due to time limit at clock = 43210.6788297557
-----------------------------
| Model.cleanup in progress |
-----------------------------
cleanup: agenda
cleanup: wait queues
coroutine counts = (38603022,38600438,38599144)
[ModelOptimizer] Fitness: 3.2769 | Elapsed: 34.29 sec
[ModelOptimizer] Evaluating parameters: VectorD(2.00000,	6.00000,	-1.00000,	1.00000,	1.50000)

======================================================================
TRAFFIC MODEL BUILDER SUMMARY
======================================================================
Network:      US-101-N-DonaldDoyle
Segments:     7
Lanes:        4
Junctions:    8
Ramps:        2
Sensors:      5
Mode:         PeMS Data-Driven
Car-Following: IDM
ODE Solver:   Ballistic
Vmax:         35.0 m/s
======================================================================
Skipping Source actor due to time limit at clock = 43201.00125327633
Skipping Source actor due to time limit at clock = 43210.6788297557
-----------------------------
| Model.cleanup in progress |
-----------------------------
cleanup: agenda
cleanup: wait queues
coroutine counts = (38662779,38660191,38658895)
[ModelOptimizer] Fitness: 2.4195 | Elapsed: 30.13 sec
[ModelOptimizer] Evaluating parameters: VectorD(2.00000,	5.89920,	-1.00000,	1.00000,	0.300000)

======================================================================
TRAFFIC MODEL BUILDER SUMMARY
======================================================================
Network:      US-101-N-DonaldDoyle
Segments:     7
Lanes:        4
Junctions:    8
Ramps:        2
Sensors:      5
Mode:         PeMS Data-Driven
Car-Following: IDM
ODE Solver:   Ballistic
Vmax:         35.0 m/s
======================================================================
Skipping Source actor due to time limit at clock = 43201.00125327633
Skipping Source actor due to time limit at clock = 43210.6788297557
-----------------------------
| Model.cleanup in progress |
-----------------------------
cleanup: agenda
cleanup: wait queues
coroutine counts = (38722536,38719944,38718646)
[ModelOptimizer] Fitness: 2.6953 | Elapsed: 88.30 sec
[ModelOptimizer] Evaluating parameters: VectorD(2.00000,	5.20798,	-1.00000,	1.00000,	1.50000)

======================================================================
TRAFFIC MODEL BUILDER SUMMARY
======================================================================
Network:      US-101-N-DonaldDoyle
Segments:     7
Lanes:        4
Junctions:    8
Ramps:        2
Sensors:      5
Mode:         PeMS Data-Driven
Car-Following: IDM
ODE Solver:   Ballistic
Vmax:         35.0 m/s
======================================================================
Skipping Source actor due to time limit at clock = 43201.00125327633
Skipping Source actor due to time limit at clock = 43210.6788297557
-----------------------------
| Model.cleanup in progress |
-----------------------------
cleanup: agenda
cleanup: wait queues
coroutine counts = (38782293,38779697,38778397)
[ModelOptimizer] Fitness: 2.4185 | Elapsed: 30.23 sec
[ModelOptimizer] Evaluating parameters: VectorD(2.00000,	6.00000,	-1.00000,	1.00000,	1.50000)

======================================================================
TRAFFIC MODEL BUILDER SUMMARY
======================================================================
Network:      US-101-N-DonaldDoyle
Segments:     7
Lanes:        4
Junctions:    8
Ramps:        2
Sensors:      5
Mode:         PeMS Data-Driven
Car-Following: IDM
ODE Solver:   Ballistic
Vmax:         35.0 m/s
======================================================================
Skipping Source actor due to time limit at clock = 43201.00125327633
Skipping Source actor due to time limit at clock = 43210.6788297557
-----------------------------
| Model.cleanup in progress |
-----------------------------
cleanup: agenda
cleanup: wait queues
coroutine counts = (38842050,38839450,38838148)
[ModelOptimizer] Fitness: 2.4195 | Elapsed: 30.49 sec
[ModelOptimizer] Evaluating parameters: VectorD(2.00000,	5.49666,	-1.00000,	1.00000,	1.50000)

======================================================================
TRAFFIC MODEL BUILDER SUMMARY
======================================================================
Network:      US-101-N-DonaldDoyle
Segments:     7
Lanes:        4
Junctions:    8
Ramps:        2
Sensors:      5
Mode:         PeMS Data-Driven
Car-Following: IDM
ODE Solver:   Ballistic
Vmax:         35.0 m/s
======================================================================
Skipping Source actor due to time limit at clock = 43201.00125327633
Skipping Source actor due to time limit at clock = 43210.6788297557
-----------------------------
| Model.cleanup in progress |
-----------------------------
cleanup: agenda
cleanup: wait queues
coroutine counts = (38901807,38899203,38897899)
[ModelOptimizer] Fitness: 2.4189 | Elapsed: 34.69 sec
[ModelOptimizer] Evaluating parameters: VectorD(2.00000,	6.00000,	-1.00000,	1.00000,	0.300000)

======================================================================
TRAFFIC MODEL BUILDER SUMMARY
======================================================================
Network:      US-101-N-DonaldDoyle
Segments:     7
Lanes:        4
Junctions:    8
Ramps:        2
Sensors:      5
Mode:         PeMS Data-Driven
Car-Following: IDM
ODE Solver:   Ballistic
Vmax:         35.0 m/s
======================================================================
Skipping Source actor due to time limit at clock = 43201.00125327633
Skipping Source actor due to time limit at clock = 43210.6788297557
-----------------------------
| Model.cleanup in progress |
-----------------------------
cleanup: agenda
cleanup: wait queues
coroutine counts = (38961564,38958956,38957650)
[ModelOptimizer] Fitness: 2.6943 | Elapsed: 85.51 sec
[ModelOptimizer] Evaluating parameters: VectorD(2.00000,	5.60900,	-1.00000,	1.00000,	1.50000)

======================================================================
TRAFFIC MODEL BUILDER SUMMARY
======================================================================
Network:      US-101-N-DonaldDoyle
Segments:     7
Lanes:        4
Junctions:    8
Ramps:        2
Sensors:      5
Mode:         PeMS Data-Driven
Car-Following: IDM
ODE Solver:   Ballistic
Vmax:         35.0 m/s
======================================================================
Skipping Source actor due to time limit at clock = 43201.00125327633
Skipping Source actor due to time limit at clock = 43210.6788297557
-----------------------------
| Model.cleanup in progress |
-----------------------------
cleanup: agenda
cleanup: wait queues
coroutine counts = (39021321,39018709,39017401)
[ModelOptimizer] Fitness: 2.4181 | Elapsed: 29.70 sec
[ModelOptimizer] Evaluating parameters: VectorD(2.00000,	4.42438,	-1.00000,	1.20049,	1.50000)

======================================================================
TRAFFIC MODEL BUILDER SUMMARY
======================================================================
Network:      US-101-N-DonaldDoyle
Segments:     7
Lanes:        4
Junctions:    8
Ramps:        2
Sensors:      5
Mode:         PeMS Data-Driven
Car-Following: IDM
ODE Solver:   Ballistic
Vmax:         35.0 m/s
======================================================================
Skipping Source actor due to time limit at clock = 43201.00125327633
Skipping Source actor due to time limit at clock = 43210.6788297557
-----------------------------
| Model.cleanup in progress |
-----------------------------
cleanup: agenda
cleanup: wait queues
coroutine counts = (39081078,39078462,39077152)
[ModelOptimizer] Fitness: 2.5167 | Elapsed: 29.96 sec
[ModelOptimizer] Evaluating parameters: VectorD(2.00000,	4.69162,	-1.00000,	1.00000,	1.50000)

======================================================================
TRAFFIC MODEL BUILDER SUMMARY
======================================================================
Network:      US-101-N-DonaldDoyle
Segments:     7
Lanes:        4
Junctions:    8
Ramps:        2
Sensors:      5
Mode:         PeMS Data-Driven
Car-Following: IDM
ODE Solver:   Ballistic
Vmax:         35.0 m/s
======================================================================
Skipping Source actor due to time limit at clock = 43201.00125327633
Skipping Source actor due to time limit at clock = 43210.6788297557
-----------------------------
| Model.cleanup in progress |
-----------------------------
cleanup: agenda
cleanup: wait queues
coroutine counts = (39140835,39138215,39136903)
[ModelOptimizer] Fitness: 2.4186 | Elapsed: 30.85 sec
[ModelOptimizer] Evaluating parameters: VectorD(7.61418,	4.80848,	-1.00000,	1.00000,	0.300000)

======================================================================
TRAFFIC MODEL BUILDER SUMMARY
======================================================================
Network:      US-101-N-DonaldDoyle
Segments:     7
Lanes:        4
Junctions:    8
Ramps:        2
Sensors:      5
Mode:         PeMS Data-Driven
Car-Following: IDM
ODE Solver:   Ballistic
Vmax:         35.0 m/s
======================================================================
Skipping Source actor due to time limit at clock = 43201.00125327633
Skipping Source actor due to time limit at clock = 43210.6788297557
-----------------------------
| Model.cleanup in progress |
-----------------------------
cleanup: agenda
cleanup: wait queues
coroutine counts = (39200592,39197968,39196654)
[ModelOptimizer] Fitness: 3.0447 | Elapsed: 92.07 sec
[ModelOptimizer] Evaluating parameters: VectorD(2.00000,	6.00000,	-1.00000,	1.00000,	1.50000)

======================================================================
TRAFFIC MODEL BUILDER SUMMARY
======================================================================
Network:      US-101-N-DonaldDoyle
Segments:     7
Lanes:        4
Junctions:    8
Ramps:        2
Sensors:      5
Mode:         PeMS Data-Driven
Car-Following: IDM
ODE Solver:   Ballistic
Vmax:         35.0 m/s
======================================================================
Skipping Source actor due to time limit at clock = 43201.00125327633
Skipping Source actor due to time limit at clock = 43210.6788297557
-----------------------------
| Model.cleanup in progress |
-----------------------------
cleanup: agenda
cleanup: wait queues
coroutine counts = (39260349,39257721,39256405)
[ModelOptimizer] Fitness: 2.4195 | Elapsed: 30.28 sec
[ModelOptimizer] Evaluating parameters: VectorD(2.00000,	1.50000,	-1.00000,	1.00000,	1.50000)

======================================================================
TRAFFIC MODEL BUILDER SUMMARY
======================================================================
Network:      US-101-N-DonaldDoyle
Segments:     7
Lanes:        4
Junctions:    8
Ramps:        2
Sensors:      5
Mode:         PeMS Data-Driven
Car-Following: IDM
ODE Solver:   Ballistic
Vmax:         35.0 m/s
======================================================================
Skipping Source actor due to time limit at clock = 43201.00125327633
Skipping Source actor due to time limit at clock = 43210.6788297557
-----------------------------
| Model.cleanup in progress |
-----------------------------
cleanup: agenda
cleanup: wait queues
coroutine counts = (39320106,39317474,39316156)
[ModelOptimizer] Fitness: 2.7540 | Elapsed: 30.52 sec
[ModelOptimizer] Evaluating parameters: VectorD(2.00000,	4.91873,	-1.00000,	1.00000,	1.50000)

======================================================================
TRAFFIC MODEL BUILDER SUMMARY
======================================================================
Network:      US-101-N-DonaldDoyle
Segments:     7
Lanes:        4
Junctions:    8
Ramps:        2
Sensors:      5
Mode:         PeMS Data-Driven
Car-Following: IDM
ODE Solver:   Ballistic
Vmax:         35.0 m/s
======================================================================
Skipping Source actor due to time limit at clock = 43201.00125327633
Skipping Source actor due to time limit at clock = 43210.6788297557
-----------------------------
| Model.cleanup in progress |
-----------------------------
cleanup: agenda
cleanup: wait queues
coroutine counts = (39379863,39377227,39375907)
[ModelOptimizer] Fitness: 2.4185 | Elapsed: 29.95 sec
[ModelOptimizer] Evaluating parameters: VectorD(2.00000,	5.86513,	-1.00000,	1.00000,	1.50000)

======================================================================
TRAFFIC MODEL BUILDER SUMMARY
======================================================================
Network:      US-101-N-DonaldDoyle
Segments:     7
Lanes:        4
Junctions:    8
Ramps:        2
Sensors:      5
Mode:         PeMS Data-Driven
Car-Following: IDM
ODE Solver:   Ballistic
Vmax:         35.0 m/s
======================================================================
Skipping Source actor due to time limit at clock = 43201.00125327633
Skipping Source actor due to time limit at clock = 43210.6788297557
-----------------------------
| Model.cleanup in progress |
-----------------------------
cleanup: agenda
cleanup: wait queues
coroutine counts = (39439620,39436980,39435658)
[ModelOptimizer] Fitness: 2.4200 | Elapsed: 30.61 sec
[ModelOptimizer] Evaluating parameters: VectorD(2.00000,	4.83169,	-1.00000,	1.00000,	1.50000)

======================================================================
TRAFFIC MODEL BUILDER SUMMARY
======================================================================
Network:      US-101-N-DonaldDoyle
Segments:     7
Lanes:        4
Junctions:    8
Ramps:        2
Sensors:      5
Mode:         PeMS Data-Driven
Car-Following: IDM
ODE Solver:   Ballistic
Vmax:         35.0 m/s
======================================================================
Skipping Source actor due to time limit at clock = 43201.00125327633
Skipping Source actor due to time limit at clock = 43210.6788297557
-----------------------------
| Model.cleanup in progress |
-----------------------------
cleanup: agenda
cleanup: wait queues
coroutine counts = (39499377,39496733,39495409)
[ModelOptimizer] Fitness: 2.4183 | Elapsed: 30.10 sec
[ModelOptimizer] Evaluating parameters: VectorD(2.00000,	4.85660,	-1.00000,	1.00000,	1.50000)

======================================================================
TRAFFIC MODEL BUILDER SUMMARY
======================================================================
Network:      US-101-N-DonaldDoyle
Segments:     7
Lanes:        4
Junctions:    8
Ramps:        2
Sensors:      5
Mode:         PeMS Data-Driven
Car-Following: IDM
ODE Solver:   Ballistic
Vmax:         35.0 m/s
======================================================================
Skipping Source actor due to time limit at clock = 43201.00125327633
Skipping Source actor due to time limit at clock = 43210.6788297557
-----------------------------
| Model.cleanup in progress |
-----------------------------
cleanup: agenda
cleanup: wait queues
coroutine counts = (39559134,39556486,39555160)
[ModelOptimizer] Fitness: 2.4190 | Elapsed: 30.30 sec
[ModelOptimizer] Evaluating parameters: VectorD(2.00000,	5.12437,	-1.00000,	1.00000,	1.50000)

======================================================================
TRAFFIC MODEL BUILDER SUMMARY
======================================================================
Network:      US-101-N-DonaldDoyle
Segments:     7
Lanes:        4
Junctions:    8
Ramps:        2
Sensors:      5
Mode:         PeMS Data-Driven
Car-Following: IDM
ODE Solver:   Ballistic
Vmax:         35.0 m/s
======================================================================
Skipping Source actor due to time limit at clock = 43201.00125327633
Skipping Source actor due to time limit at clock = 43210.6788297557
-----------------------------
| Model.cleanup in progress |
-----------------------------
cleanup: agenda
cleanup: wait queues
coroutine counts = (39618891,39616239,39614911)
[ModelOptimizer] Fitness: 2.4162 | Elapsed: 30.42 sec
[ModelOptimizer] Evaluating parameters: VectorD(2.61359,	6.00000,	-1.00000,	1.00000,	1.50000)

======================================================================
TRAFFIC MODEL BUILDER SUMMARY
======================================================================
Network:      US-101-N-DonaldDoyle
Segments:     7
Lanes:        4
Junctions:    8
Ramps:        2
Sensors:      5
Mode:         PeMS Data-Driven
Car-Following: IDM
ODE Solver:   Ballistic
Vmax:         35.0 m/s
======================================================================
Skipping Source actor due to time limit at clock = 43201.00125327633
Skipping Source actor due to time limit at clock = 43210.6788297557
-----------------------------
| Model.cleanup in progress |
-----------------------------
cleanup: agenda
cleanup: wait queues
coroutine counts = (39678648,39675992,39674662)
[ModelOptimizer] Fitness: 2.4434 | Elapsed: 29.84 sec
[ModelOptimizer] Evaluating parameters: VectorD(2.00000,	5.26289,	-1.00000,	1.00000,	1.50000)

======================================================================
TRAFFIC MODEL BUILDER SUMMARY
======================================================================
Network:      US-101-N-DonaldDoyle
Segments:     7
Lanes:        4
Junctions:    8
Ramps:        2
Sensors:      5
Mode:         PeMS Data-Driven
Car-Following: IDM
ODE Solver:   Ballistic
Vmax:         35.0 m/s
======================================================================
Skipping Source actor due to time limit at clock = 43201.00125327633
Skipping Source actor due to time limit at clock = 43210.6788297557
-----------------------------
| Model.cleanup in progress |
-----------------------------
cleanup: agenda
cleanup: wait queues
coroutine counts = (39738405,39735745,39734413)
[ModelOptimizer] Fitness: 2.4187 | Elapsed: 30.34 sec
[ModelOptimizer] Evaluating parameters: VectorD(2.00000,	4.31121,	-1.00000,	1.00000,	1.50000)

======================================================================
TRAFFIC MODEL BUILDER SUMMARY
======================================================================
Network:      US-101-N-DonaldDoyle
Segments:     7
Lanes:        4
Junctions:    8
Ramps:        2
Sensors:      5
Mode:         PeMS Data-Driven
Car-Following: IDM
ODE Solver:   Ballistic
Vmax:         35.0 m/s
======================================================================
Skipping Source actor due to time limit at clock = 43201.00125327633
Skipping Source actor due to time limit at clock = 43210.6788297557
-----------------------------
| Model.cleanup in progress |
-----------------------------
cleanup: agenda
cleanup: wait queues
coroutine counts = (39798162,39795498,39794164)
[ModelOptimizer] Fitness: 2.4253 | Elapsed: 30.44 sec
[ModelOptimizer] Evaluating parameters: VectorD(2.00000,	5.26497,	-1.00000,	1.00000,	1.50000)

======================================================================
TRAFFIC MODEL BUILDER SUMMARY
======================================================================
Network:      US-101-N-DonaldDoyle
Segments:     7
Lanes:        4
Junctions:    8
Ramps:        2
Sensors:      5
Mode:         PeMS Data-Driven
Car-Following: IDM
ODE Solver:   Ballistic
Vmax:         35.0 m/s
======================================================================
Skipping Source actor due to time limit at clock = 43201.00125327633
Skipping Source actor due to time limit at clock = 43210.6788297557
-----------------------------
| Model.cleanup in progress |
-----------------------------
cleanup: agenda
cleanup: wait queues
coroutine counts = (39857919,39855251,39853915)
[ModelOptimizer] Fitness: 2.4194 | Elapsed: 29.95 sec
[ModelOptimizer] Evaluating parameters: VectorD(2.00000,	6.00000,	-1.00000,	5.00000,	0.300000)

======================================================================
TRAFFIC MODEL BUILDER SUMMARY
======================================================================
Network:      US-101-N-DonaldDoyle
Segments:     7
Lanes:        4
Junctions:    8
Ramps:        2
Sensors:      5
Mode:         PeMS Data-Driven
Car-Following: IDM
ODE Solver:   Ballistic
Vmax:         35.0 m/s
======================================================================
Skipping Source actor due to time limit at clock = 43201.00125327633
Skipping Source actor due to time limit at clock = 43210.6788297557
-----------------------------
| Model.cleanup in progress |
-----------------------------
cleanup: agenda
cleanup: wait queues
coroutine counts = (39917676,39915004,39913666)
[ModelOptimizer] Fitness: 2.8029 | Elapsed: 96.85 sec
[ModelOptimizer] Evaluating parameters: VectorD(2.00000,	4.61000,	-1.00000,	1.00000,	1.50000)

======================================================================
TRAFFIC MODEL BUILDER SUMMARY
======================================================================
Network:      US-101-N-DonaldDoyle
Segments:     7
Lanes:        4
Junctions:    8
Ramps:        2
Sensors:      5
Mode:         PeMS Data-Driven
Car-Following: IDM
ODE Solver:   Ballistic
Vmax:         35.0 m/s
======================================================================
Skipping Source actor due to time limit at clock = 43201.00125327633
Skipping Source actor due to time limit at clock = 43210.6788297557
-----------------------------
| Model.cleanup in progress |
-----------------------------
cleanup: agenda
cleanup: wait queues
coroutine counts = (39977433,39974757,39973417)
[ModelOptimizer] Fitness: 2.4193 | Elapsed: 30.03 sec
[ModelOptimizer] Evaluating parameters: VectorD(2.00000,	4.66202,	-1.00000,	5.00000,	1.50000)

======================================================================
TRAFFIC MODEL BUILDER SUMMARY
======================================================================
Network:      US-101-N-DonaldDoyle
Segments:     7
Lanes:        4
Junctions:    8
Ramps:        2
Sensors:      5
Mode:         PeMS Data-Driven
Car-Following: IDM
ODE Solver:   Ballistic
Vmax:         35.0 m/s
======================================================================
Skipping Source actor due to time limit at clock = 43201.00125327633
Skipping Source actor due to time limit at clock = 43210.6788297557
-----------------------------
| Model.cleanup in progress |
-----------------------------
cleanup: agenda
cleanup: wait queues
coroutine counts = (40037190,40034510,40033168)
[ModelOptimizer] Fitness: 3.1853 | Elapsed: 33.34 sec
[ModelOptimizer] Evaluating parameters: VectorD(2.00000,	5.70667,	-1.00000,	1.00000,	1.50000)

======================================================================
TRAFFIC MODEL BUILDER SUMMARY
======================================================================
Network:      US-101-N-DonaldDoyle
Segments:     7
Lanes:        4
Junctions:    8
Ramps:        2
Sensors:      5
Mode:         PeMS Data-Driven
Car-Following: IDM
ODE Solver:   Ballistic
Vmax:         35.0 m/s
======================================================================
Skipping Source actor due to time limit at clock = 43201.00125327633
Skipping Source actor due to time limit at clock = 43210.6788297557
-----------------------------
| Model.cleanup in progress |
-----------------------------
cleanup: agenda
cleanup: wait queues
coroutine counts = (40096947,40094263,40092919)
[ModelOptimizer] Fitness: 2.4178 | Elapsed: 30.36 sec
[ModelOptimizer] Evaluating parameters: VectorD(2.00000,	4.90784,	-1.00000,	1.00000,	1.50000)

======================================================================
TRAFFIC MODEL BUILDER SUMMARY
======================================================================
Network:      US-101-N-DonaldDoyle
Segments:     7
Lanes:        4
Junctions:    8
Ramps:        2
Sensors:      5
Mode:         PeMS Data-Driven
Car-Following: IDM
ODE Solver:   Ballistic
Vmax:         35.0 m/s
======================================================================
Skipping Source actor due to time limit at clock = 43201.00125327633
Skipping Source actor due to time limit at clock = 43210.6788297557
-----------------------------
| Model.cleanup in progress |
-----------------------------
cleanup: agenda
cleanup: wait queues
coroutine counts = (40156704,40154016,40152670)
[ModelOptimizer] Fitness: 2.4178 | Elapsed: 30.11 sec
[ModelOptimizer] Evaluating parameters: VectorD(2.00000,	4.90784,	-1.00000,	1.00000,	1.50000)

======================================================================
TRAFFIC MODEL BUILDER SUMMARY
======================================================================
Network:      US-101-N-DonaldDoyle
Segments:     7
Lanes:        4
Junctions:    8
Ramps:        2
Sensors:      5
Mode:         PeMS Data-Driven
Car-Following: IDM
ODE Solver:   Ballistic
Vmax:         35.0 m/s
======================================================================
Skipping Source actor due to time limit at clock = 43201.00125327633
Skipping Source actor due to time limit at clock = 43210.6788297557
-----------------------------
| Model.cleanup in progress |
-----------------------------
cleanup: agenda
cleanup: wait queues
coroutine counts = (40216461,40213769,40212421)
[ModelOptimizer] Fitness: 2.4178 | Elapsed: 30.36 sec
[ModelOptimizer] Evaluating parameters: VectorD(2.00000,	6.00000,	-1.19903,	1.00000,	1.50000)

======================================================================
TRAFFIC MODEL BUILDER SUMMARY
======================================================================
Network:      US-101-N-DonaldDoyle
Segments:     7
Lanes:        4
Junctions:    8
Ramps:        2
Sensors:      5
Mode:         PeMS Data-Driven
Car-Following: IDM
ODE Solver:   Ballistic
Vmax:         35.0 m/s
======================================================================
Skipping Source actor due to time limit at clock = 43201.00125327633
Skipping Source actor due to time limit at clock = 43210.6788297557
-----------------------------
| Model.cleanup in progress |
-----------------------------
cleanup: agenda
cleanup: wait queues
coroutine counts = (40276218,40273522,40272172)
[ModelOptimizer] Fitness: 2.5218 | Elapsed: 30.77 sec
[ModelOptimizer] Evaluating parameters: VectorD(2.00000,	5.30890,	-1.00000,	1.00000,	1.50000)

======================================================================
TRAFFIC MODEL BUILDER SUMMARY
======================================================================
Network:      US-101-N-DonaldDoyle
Segments:     7
Lanes:        4
Junctions:    8
Ramps:        2
Sensors:      5
Mode:         PeMS Data-Driven
Car-Following: IDM
ODE Solver:   Ballistic
Vmax:         35.0 m/s
======================================================================
Skipping Source actor due to time limit at clock = 43201.00125327633
Skipping Source actor due to time limit at clock = 43210.6788297557
-----------------------------
| Model.cleanup in progress |
-----------------------------
cleanup: agenda
cleanup: wait queues
coroutine counts = (40335975,40333275,40331923)
[ModelOptimizer] Fitness: 2.4188 | Elapsed: 30.31 sec
[ModelOptimizer] Evaluating parameters: VectorD(2.00000,	6.00000,	-1.00000,	1.00000,	1.50000)

======================================================================
TRAFFIC MODEL BUILDER SUMMARY
======================================================================
Network:      US-101-N-DonaldDoyle
Segments:     7
Lanes:        4
Junctions:    8
Ramps:        2
Sensors:      5
Mode:         PeMS Data-Driven
Car-Following: IDM
ODE Solver:   Ballistic
Vmax:         35.0 m/s
======================================================================
Skipping Source actor due to time limit at clock = 43201.00125327633
Skipping Source actor due to time limit at clock = 43210.6788297557
-----------------------------
| Model.cleanup in progress |
-----------------------------
cleanup: agenda
cleanup: wait queues
coroutine counts = (40395732,40393028,40391674)
[ModelOptimizer] Fitness: 2.4195 | Elapsed: 30.90 sec
[ModelOptimizer] Evaluating parameters: VectorD(2.00000,	4.99729,	-1.00000,	1.00000,	1.50000)

======================================================================
TRAFFIC MODEL BUILDER SUMMARY
======================================================================
Network:      US-101-N-DonaldDoyle
Segments:     7
Lanes:        4
Junctions:    8
Ramps:        2
Sensors:      5
Mode:         PeMS Data-Driven
Car-Following: IDM
ODE Solver:   Ballistic
Vmax:         35.0 m/s
======================================================================
Skipping Source actor due to time limit at clock = 43201.00125327633
Skipping Source actor due to time limit at clock = 43210.6788297557
-----------------------------
| Model.cleanup in progress |
-----------------------------
cleanup: agenda
cleanup: wait queues
coroutine counts = (40455489,40452781,40451425)
[ModelOptimizer] Fitness: 2.4161 | Elapsed: 30.30 sec
[ModelOptimizer] Evaluating parameters: VectorD(2.00000,	5.16796,	-1.00000,	1.00000,	1.50000)

======================================================================
TRAFFIC MODEL BUILDER SUMMARY
======================================================================
Network:      US-101-N-DonaldDoyle
Segments:     7
Lanes:        4
Junctions:    8
Ramps:        2
Sensors:      5
Mode:         PeMS Data-Driven
Car-Following: IDM
ODE Solver:   Ballistic
Vmax:         35.0 m/s
======================================================================
Skipping Source actor due to time limit at clock = 43201.00125327633
Skipping Source actor due to time limit at clock = 43210.6788297557
-----------------------------
| Model.cleanup in progress |
-----------------------------
cleanup: agenda
cleanup: wait queues
coroutine counts = (40515246,40512534,40511176)
[ModelOptimizer] Fitness: 2.4171 | Elapsed: 30.50 sec
[ModelOptimizer] Evaluating parameters: VectorD(2.00000,	6.00000,	-1.00000,	1.00000,	1.50000)

======================================================================
TRAFFIC MODEL BUILDER SUMMARY
======================================================================
Network:      US-101-N-DonaldDoyle
Segments:     7
Lanes:        4
Junctions:    8
Ramps:        2
Sensors:      5
Mode:         PeMS Data-Driven
Car-Following: IDM
ODE Solver:   Ballistic
Vmax:         35.0 m/s
======================================================================
Skipping Source actor due to time limit at clock = 43201.00125327633
Skipping Source actor due to time limit at clock = 43210.6788297557
-----------------------------
| Model.cleanup in progress |
-----------------------------
cleanup: agenda
cleanup: wait queues
coroutine counts = (40575003,40572287,40570927)
[ModelOptimizer] Fitness: 2.4195 | Elapsed: 30.77 sec
[ModelOptimizer] Evaluating parameters: VectorD(2.00000,	5.16796,	-1.00000,	1.00000,	1.50000)

======================================================================
TRAFFIC MODEL BUILDER SUMMARY
======================================================================
Network:      US-101-N-DonaldDoyle
Segments:     7
Lanes:        4
Junctions:    8
Ramps:        2
Sensors:      5
Mode:         PeMS Data-Driven
Car-Following: IDM
ODE Solver:   Ballistic
Vmax:         35.0 m/s
======================================================================
Skipping Source actor due to time limit at clock = 43201.00125327633
Skipping Source actor due to time limit at clock = 43210.6788297557
-----------------------------
| Model.cleanup in progress |
-----------------------------
cleanup: agenda
cleanup: wait queues
coroutine counts = (40634760,40632040,40630678)
[ModelOptimizer] Fitness: 2.4171 | Elapsed: 30.53 sec
[ModelOptimizer] Evaluating parameters: VectorD(4.71084,	4.57376,	-1.00000,	5.00000,	1.50000)

======================================================================
TRAFFIC MODEL BUILDER SUMMARY
======================================================================
Network:      US-101-N-DonaldDoyle
Segments:     7
Lanes:        4
Junctions:    8
Ramps:        2
Sensors:      5
Mode:         PeMS Data-Driven
Car-Following: IDM
ODE Solver:   Ballistic
Vmax:         35.0 m/s
======================================================================
Skipping Source actor due to time limit at clock = 43201.00125327633
Skipping Source actor due to time limit at clock = 43210.6788297557
-----------------------------
| Model.cleanup in progress |
-----------------------------
cleanup: agenda
cleanup: wait queues
coroutine counts = (40694517,40691793,40690429)
[ModelOptimizer] Fitness: 3.0824 | Elapsed: 33.79 sec
[ModelOptimizer] Evaluating parameters: VectorD(2.00000,	5.34082,	-1.00000,	1.00000,	1.50000)

======================================================================
TRAFFIC MODEL BUILDER SUMMARY
======================================================================
Network:      US-101-N-DonaldDoyle
Segments:     7
Lanes:        4
Junctions:    8
Ramps:        2
Sensors:      5
Mode:         PeMS Data-Driven
Car-Following: IDM
ODE Solver:   Ballistic
Vmax:         35.0 m/s
======================================================================
Skipping Source actor due to time limit at clock = 43201.00125327633
Skipping Source actor due to time limit at clock = 43210.6788297557
-----------------------------
| Model.cleanup in progress |
-----------------------------
cleanup: agenda
cleanup: wait queues
coroutine counts = (40754274,40751546,40750180)
[ModelOptimizer] Fitness: 2.4168 | Elapsed: 32.37 sec
[ModelOptimizer] Evaluating parameters: VectorD(2.00000,	4.98094,	-1.00000,	5.00000,	0.300000)

======================================================================
TRAFFIC MODEL BUILDER SUMMARY
======================================================================
Network:      US-101-N-DonaldDoyle
Segments:     7
Lanes:        4
Junctions:    8
Ramps:        2
Sensors:      5
Mode:         PeMS Data-Driven
Car-Following: IDM
ODE Solver:   Ballistic
Vmax:         35.0 m/s
======================================================================
Skipping Source actor due to time limit at clock = 43201.00125327633
Skipping Source actor due to time limit at clock = 43210.6788297557
-----------------------------
| Model.cleanup in progress |
-----------------------------
cleanup: agenda
cleanup: wait queues
coroutine counts = (40814031,40811299,40809931)
[ModelOptimizer] Fitness: 2.8336 | Elapsed: 96.59 sec
[ModelOptimizer] Evaluating parameters: VectorD(2.00000,	5.40278,	-1.00000,	1.00000,	1.50000)

======================================================================
TRAFFIC MODEL BUILDER SUMMARY
======================================================================
Network:      US-101-N-DonaldDoyle
Segments:     7
Lanes:        4
Junctions:    8
Ramps:        2
Sensors:      5
Mode:         PeMS Data-Driven
Car-Following: IDM
ODE Solver:   Ballistic
Vmax:         35.0 m/s
======================================================================
Skipping Source actor due to time limit at clock = 43201.00125327633
Skipping Source actor due to time limit at clock = 43210.6788297557
-----------------------------
| Model.cleanup in progress |
-----------------------------
cleanup: agenda
cleanup: wait queues
coroutine counts = (40873788,40871052,40869682)
[ModelOptimizer] Fitness: 2.4182 | Elapsed: 30.02 sec
      15 |      2.41608472 |      2.41608472 |      30.0% ✓
[ModelOptimizer] Evaluating parameters: VectorD(2.00000,	6.00000,	-1.00000,	5.00000,	1.50000)

======================================================================
TRAFFIC MODEL BUILDER SUMMARY
======================================================================
Network:      US-101-N-DonaldDoyle
Segments:     7
Lanes:        4
Junctions:    8
Ramps:        2
Sensors:      5
Mode:         PeMS Data-Driven
Car-Following: IDM
ODE Solver:   Ballistic
Vmax:         35.0 m/s
======================================================================
Skipping Source actor due to time limit at clock = 43201.00125327633
Skipping Source actor due to time limit at clock = 43210.6788297557
-----------------------------
| Model.cleanup in progress |
-----------------------------
cleanup: agenda
cleanup: wait queues
coroutine counts = (40933545,40930805,40929433)
[ModelOptimizer] Fitness: 3.2769 | Elapsed: 33.91 sec
[ModelOptimizer] Evaluating parameters: VectorD(2.00000,	5.02929,	-1.00000,	1.00000,	1.50000)

======================================================================
TRAFFIC MODEL BUILDER SUMMARY
======================================================================
Network:      US-101-N-DonaldDoyle
Segments:     7
Lanes:        4
Junctions:    8
Ramps:        2
Sensors:      5
Mode:         PeMS Data-Driven
Car-Following: IDM
ODE Solver:   Ballistic
Vmax:         35.0 m/s
======================================================================
Skipping Source actor due to time limit at clock = 43201.00125327633
Skipping Source actor due to time limit at clock = 43210.6788297557
-----------------------------
| Model.cleanup in progress |
-----------------------------
cleanup: agenda
cleanup: wait queues
coroutine counts = (40993302,40990558,40989184)
[ModelOptimizer] Fitness: 2.4170 | Elapsed: 31.18 sec
[ModelOptimizer] Evaluating parameters: VectorD(2.00000,	5.56356,	-1.00000,	1.00000,	1.50000)

======================================================================
TRAFFIC MODEL BUILDER SUMMARY
======================================================================
Network:      US-101-N-DonaldDoyle
Segments:     7
Lanes:        4
Junctions:    8
Ramps:        2
Sensors:      5
Mode:         PeMS Data-Driven
Car-Following: IDM
ODE Solver:   Ballistic
Vmax:         35.0 m/s
======================================================================
Skipping Source actor due to time limit at clock = 43201.00125327633
Skipping Source actor due to time limit at clock = 43210.6788297557
-----------------------------
| Model.cleanup in progress |
-----------------------------
cleanup: agenda
cleanup: wait queues
coroutine counts = (41053059,41050311,41048935)
[ModelOptimizer] Fitness: 2.4195 | Elapsed: 30.45 sec
[ModelOptimizer] Evaluating parameters: VectorD(2.00000,	6.00000,	-1.00000,	1.00000,	1.50000)

======================================================================
TRAFFIC MODEL BUILDER SUMMARY
======================================================================
Network:      US-101-N-DonaldDoyle
Segments:     7
Lanes:        4
Junctions:    8
Ramps:        2
Sensors:      5
Mode:         PeMS Data-Driven
Car-Following: IDM
ODE Solver:   Ballistic
Vmax:         35.0 m/s
======================================================================
Skipping Source actor due to time limit at clock = 43201.00125327633
Skipping Source actor due to time limit at clock = 43210.6788297557
-----------------------------
| Model.cleanup in progress |
-----------------------------
cleanup: agenda
cleanup: wait queues
coroutine counts = (41112816,41110064,41108686)
[ModelOptimizer] Fitness: 2.4195 | Elapsed: 31.31 sec
[ModelOptimizer] Evaluating parameters: VectorD(2.00000,	6.00000,	-1.00000,	1.00000,	1.50000)

======================================================================
TRAFFIC MODEL BUILDER SUMMARY
======================================================================
Network:      US-101-N-DonaldDoyle
Segments:     7
Lanes:        4
Junctions:    8
Ramps:        2
Sensors:      5
Mode:         PeMS Data-Driven
Car-Following: IDM
ODE Solver:   Ballistic
Vmax:         35.0 m/s
======================================================================
Skipping Source actor due to time limit at clock = 43201.00125327633
Skipping Source actor due to time limit at clock = 43210.6788297557
-----------------------------
| Model.cleanup in progress |
-----------------------------
cleanup: agenda
cleanup: wait queues
coroutine counts = (41172573,41169817,41168437)
[ModelOptimizer] Fitness: 2.4195 | Elapsed: 30.65 sec
[ModelOptimizer] Evaluating parameters: VectorD(2.00000,	5.20798,	-1.00000,	1.00000,	1.50000)

======================================================================
TRAFFIC MODEL BUILDER SUMMARY
======================================================================
Network:      US-101-N-DonaldDoyle
Segments:     7
Lanes:        4
Junctions:    8
Ramps:        2
Sensors:      5
Mode:         PeMS Data-Driven
Car-Following: IDM
ODE Solver:   Ballistic
Vmax:         35.0 m/s
======================================================================
Skipping Source actor due to time limit at clock = 43201.00125327633
Skipping Source actor due to time limit at clock = 43210.6788297557
-----------------------------
| Model.cleanup in progress |
-----------------------------
cleanup: agenda
cleanup: wait queues
coroutine counts = (41232330,41229570,41228188)
[ModelOptimizer] Fitness: 2.4185 | Elapsed: 30.28 sec
[ModelOptimizer] Evaluating parameters: VectorD(5.28334,	6.00000,	-1.00000,	1.00000,	1.50000)

======================================================================
TRAFFIC MODEL BUILDER SUMMARY
======================================================================
Network:      US-101-N-DonaldDoyle
Segments:     7
Lanes:        4
Junctions:    8
Ramps:        2
Sensors:      5
Mode:         PeMS Data-Driven
Car-Following: IDM
ODE Solver:   Ballistic
Vmax:         35.0 m/s
======================================================================
Skipping Source actor due to time limit at clock = 43201.00125327633
Skipping Source actor due to time limit at clock = 43210.6788297557
-----------------------------
| Model.cleanup in progress |
-----------------------------
cleanup: agenda
cleanup: wait queues
coroutine counts = (41292087,41289323,41287939)
[ModelOptimizer] Fitness: 2.5302 | Elapsed: 30.61 sec
[ModelOptimizer] Evaluating parameters: VectorD(2.00000,	5.49666,	-1.00000,	1.00000,	1.50000)

======================================================================
TRAFFIC MODEL BUILDER SUMMARY
======================================================================
Network:      US-101-N-DonaldDoyle
Segments:     7
Lanes:        4
Junctions:    8
Ramps:        2
Sensors:      5
Mode:         PeMS Data-Driven
Car-Following: IDM
ODE Solver:   Ballistic
Vmax:         35.0 m/s
======================================================================
Skipping Source actor due to time limit at clock = 43201.00125327633
Skipping Source actor due to time limit at clock = 43210.6788297557
-----------------------------
| Model.cleanup in progress |
-----------------------------
cleanup: agenda
cleanup: wait queues
coroutine counts = (41351844,41349076,41347690)
[ModelOptimizer] Fitness: 2.4189 | Elapsed: 30.13 sec
[ModelOptimizer] Evaluating parameters: VectorD(2.00000,	5.46313,	-1.00000,	1.00000,	0.300000)

======================================================================
TRAFFIC MODEL BUILDER SUMMARY
======================================================================
Network:      US-101-N-DonaldDoyle
Segments:     7
Lanes:        4
Junctions:    8
Ramps:        2
Sensors:      5
Mode:         PeMS Data-Driven
Car-Following: IDM
ODE Solver:   Ballistic
Vmax:         35.0 m/s
======================================================================
Skipping Source actor due to time limit at clock = 43201.00125327633
Skipping Source actor due to time limit at clock = 43210.6788297557
-----------------------------
| Model.cleanup in progress |
-----------------------------
cleanup: agenda
cleanup: wait queues
coroutine counts = (41411601,41408829,41407441)
[ModelOptimizer] Fitness: 2.7067 | Elapsed: 88.04 sec
[ModelOptimizer] Evaluating parameters: VectorD(2.00000,	5.60900,	-1.00000,	1.00000,	1.50000)

======================================================================
TRAFFIC MODEL BUILDER SUMMARY
======================================================================
Network:      US-101-N-DonaldDoyle
Segments:     7
Lanes:        4
Junctions:    8
Ramps:        2
Sensors:      5
Mode:         PeMS Data-Driven
Car-Following: IDM
ODE Solver:   Ballistic
Vmax:         35.0 m/s
======================================================================
Skipping Source actor due to time limit at clock = 43201.00125327633
Skipping Source actor due to time limit at clock = 43210.6788297557
-----------------------------
| Model.cleanup in progress |
-----------------------------
cleanup: agenda
cleanup: wait queues
coroutine counts = (41471358,41468582,41467192)
[ModelOptimizer] Fitness: 2.4181 | Elapsed: 30.17 sec
[ModelOptimizer] Evaluating parameters: VectorD(2.00000,	5.70915,	-1.00000,	1.00000,	1.50000)

======================================================================
TRAFFIC MODEL BUILDER SUMMARY
======================================================================
Network:      US-101-N-DonaldDoyle
Segments:     7
Lanes:        4
Junctions:    8
Ramps:        2
Sensors:      5
Mode:         PeMS Data-Driven
Car-Following: IDM
ODE Solver:   Ballistic
Vmax:         35.0 m/s
======================================================================
Skipping Source actor due to time limit at clock = 43201.00125327633
Skipping Source actor due to time limit at clock = 43210.6788297557
-----------------------------
| Model.cleanup in progress |
-----------------------------
cleanup: agenda
cleanup: wait queues
coroutine counts = (41531115,41528335,41526943)
[ModelOptimizer] Fitness: 2.4180 | Elapsed: 30.75 sec
[ModelOptimizer] Evaluating parameters: VectorD(2.00000,	4.69162,	-1.00000,	1.00000,	1.50000)

======================================================================
TRAFFIC MODEL BUILDER SUMMARY
======================================================================
Network:      US-101-N-DonaldDoyle
Segments:     7
Lanes:        4
Junctions:    8
Ramps:        2
Sensors:      5
Mode:         PeMS Data-Driven
Car-Following: IDM
ODE Solver:   Ballistic
Vmax:         35.0 m/s
======================================================================
Skipping Source actor due to time limit at clock = 43201.00125327633
Skipping Source actor due to time limit at clock = 43210.6788297557
-----------------------------
| Model.cleanup in progress |
-----------------------------
cleanup: agenda
cleanup: wait queues
coroutine counts = (41590872,41588088,41586694)
[ModelOptimizer] Fitness: 2.4186 | Elapsed: 30.13 sec
[ModelOptimizer] Evaluating parameters: VectorD(2.00000,	5.70915,	-1.00000,	1.00000,	1.50000)

======================================================================
TRAFFIC MODEL BUILDER SUMMARY
======================================================================
Network:      US-101-N-DonaldDoyle
Segments:     7
Lanes:        4
Junctions:    8
Ramps:        2
Sensors:      5
Mode:         PeMS Data-Driven
Car-Following: IDM
ODE Solver:   Ballistic
Vmax:         35.0 m/s
======================================================================
Skipping Source actor due to time limit at clock = 43201.00125327633
Skipping Source actor due to time limit at clock = 43210.6788297557
-----------------------------
| Model.cleanup in progress |
-----------------------------
cleanup: agenda
cleanup: wait queues
coroutine counts = (41650629,41647841,41646445)
[ModelOptimizer] Fitness: 2.4180 | Elapsed: 30.48 sec
[ModelOptimizer] Evaluating parameters: VectorD(2.00000,	5.54169,	-1.00000,	1.00000,	1.50000)

======================================================================
TRAFFIC MODEL BUILDER SUMMARY
======================================================================
Network:      US-101-N-DonaldDoyle
Segments:     7
Lanes:        4
Junctions:    8
Ramps:        2
Sensors:      5
Mode:         PeMS Data-Driven
Car-Following: IDM
ODE Solver:   Ballistic
Vmax:         35.0 m/s
======================================================================
Skipping Source actor due to time limit at clock = 43201.00125327633
Skipping Source actor due to time limit at clock = 43210.6788297557
-----------------------------
| Model.cleanup in progress |
-----------------------------
cleanup: agenda
cleanup: wait queues
coroutine counts = (41710386,41707594,41706196)
[ModelOptimizer] Fitness: 2.4203 | Elapsed: 30.34 sec
[ModelOptimizer] Evaluating parameters: VectorD(2.00000,	6.00000,	-1.00000,	1.00000,	1.50000)

======================================================================
TRAFFIC MODEL BUILDER SUMMARY
======================================================================
Network:      US-101-N-DonaldDoyle
Segments:     7
Lanes:        4
Junctions:    8
Ramps:        2
Sensors:      5
Mode:         PeMS Data-Driven
Car-Following: IDM
ODE Solver:   Ballistic
Vmax:         35.0 m/s
======================================================================
Skipping Source actor due to time limit at clock = 43201.00125327633
Skipping Source actor due to time limit at clock = 43210.6788297557
-----------------------------
| Model.cleanup in progress |
-----------------------------
cleanup: agenda
cleanup: wait queues
coroutine counts = (41770143,41767347,41765947)
[ModelOptimizer] Fitness: 2.4195 | Elapsed: 30.15 sec
[ModelOptimizer] Evaluating parameters: VectorD(2.00000,	4.91873,	-1.00000,	1.00000,	1.50000)

======================================================================
TRAFFIC MODEL BUILDER SUMMARY
======================================================================
Network:      US-101-N-DonaldDoyle
Segments:     7
Lanes:        4
Junctions:    8
Ramps:        2
Sensors:      5
Mode:         PeMS Data-Driven
Car-Following: IDM
ODE Solver:   Ballistic
Vmax:         35.0 m/s
======================================================================
Skipping Source actor due to time limit at clock = 43201.00125327633
Skipping Source actor due to time limit at clock = 43210.6788297557
-----------------------------
| Model.cleanup in progress |
-----------------------------
cleanup: agenda
cleanup: wait queues
coroutine counts = (41829900,41827100,41825698)
[ModelOptimizer] Fitness: 2.4185 | Elapsed: 30.75 sec
[ModelOptimizer] Evaluating parameters: VectorD(2.00000,	4.91873,	-1.00000,	1.00000,	1.50000)

======================================================================
TRAFFIC MODEL BUILDER SUMMARY
======================================================================
Network:      US-101-N-DonaldDoyle
Segments:     7
Lanes:        4
Junctions:    8
Ramps:        2
Sensors:      5
Mode:         PeMS Data-Driven
Car-Following: IDM
ODE Solver:   Ballistic
Vmax:         35.0 m/s
======================================================================
Skipping Source actor due to time limit at clock = 43201.00125327633
Skipping Source actor due to time limit at clock = 43210.6788297557
-----------------------------
| Model.cleanup in progress |
-----------------------------
cleanup: agenda
cleanup: wait queues
coroutine counts = (41889657,41886853,41885449)
[ModelOptimizer] Fitness: 2.4185 | Elapsed: 30.02 sec
[ModelOptimizer] Evaluating parameters: VectorD(2.00000,	6.00000,	-1.00000,	1.00000,	1.50000)

======================================================================
TRAFFIC MODEL BUILDER SUMMARY
======================================================================
Network:      US-101-N-DonaldDoyle
Segments:     7
Lanes:        4
Junctions:    8
Ramps:        2
Sensors:      5
Mode:         PeMS Data-Driven
Car-Following: IDM
ODE Solver:   Ballistic
Vmax:         35.0 m/s
======================================================================
Skipping Source actor due to time limit at clock = 43201.00125327633
Skipping Source actor due to time limit at clock = 43210.6788297557
-----------------------------
| Model.cleanup in progress |
-----------------------------
cleanup: agenda
cleanup: wait queues
coroutine counts = (41949414,41946606,41945200)
[ModelOptimizer] Fitness: 2.4195 | Elapsed: 31.37 sec
[ModelOptimizer] Evaluating parameters: VectorD(2.00000,	4.83169,	-1.00000,	1.00000,	1.50000)

======================================================================
TRAFFIC MODEL BUILDER SUMMARY
======================================================================
Network:      US-101-N-DonaldDoyle
Segments:     7
Lanes:        4
Junctions:    8
Ramps:        2
Sensors:      5
Mode:         PeMS Data-Driven
Car-Following: IDM
ODE Solver:   Ballistic
Vmax:         35.0 m/s
======================================================================
Skipping Source actor due to time limit at clock = 43201.00125327633
Skipping Source actor due to time limit at clock = 43210.6788297557
-----------------------------
| Model.cleanup in progress |
-----------------------------
cleanup: agenda
cleanup: wait queues
coroutine counts = (42009171,42006359,42004951)
[ModelOptimizer] Fitness: 2.4183 | Elapsed: 30.08 sec
[ModelOptimizer] Evaluating parameters: VectorD(8.00000,	5.12437,	-1.00000,	1.00000,	1.50000)

======================================================================
TRAFFIC MODEL BUILDER SUMMARY
======================================================================
Network:      US-101-N-DonaldDoyle
Segments:     7
Lanes:        4
Junctions:    8
Ramps:        2
Sensors:      5
Mode:         PeMS Data-Driven
Car-Following: IDM
ODE Solver:   Ballistic
Vmax:         35.0 m/s
======================================================================
Skipping Source actor due to time limit at clock = 43201.00125327633
Skipping Source actor due to time limit at clock = 43210.6788297557
-----------------------------
| Model.cleanup in progress |
-----------------------------
cleanup: agenda
cleanup: wait queues
coroutine counts = (42068928,42066112,42064702)
[ModelOptimizer] Fitness: 2.6554 | Elapsed: 31.57 sec
[ModelOptimizer] Evaluating parameters: VectorD(2.00000,	5.12437,	-1.00000,	1.00000,	1.50000)

======================================================================
TRAFFIC MODEL BUILDER SUMMARY
======================================================================
Network:      US-101-N-DonaldDoyle
Segments:     7
Lanes:        4
Junctions:    8
Ramps:        2
Sensors:      5
Mode:         PeMS Data-Driven
Car-Following: IDM
ODE Solver:   Ballistic
Vmax:         35.0 m/s
======================================================================
Skipping Source actor due to time limit at clock = 43201.00125327633
Skipping Source actor due to time limit at clock = 43210.6788297557
-----------------------------
| Model.cleanup in progress |
-----------------------------
cleanup: agenda
cleanup: wait queues
coroutine counts = (42128685,42125865,42124453)
[ModelOptimizer] Fitness: 2.4162 | Elapsed: 33.10 sec
[ModelOptimizer] Evaluating parameters: VectorD(2.00000,	5.26289,	-2.39044,	1.00000,	1.50000)

======================================================================
TRAFFIC MODEL BUILDER SUMMARY
======================================================================
Network:      US-101-N-DonaldDoyle
Segments:     7
Lanes:        4
Junctions:    8
Ramps:        2
Sensors:      5
Mode:         PeMS Data-Driven
Car-Following: IDM
ODE Solver:   Ballistic
Vmax:         35.0 m/s
======================================================================
Skipping Source actor due to time limit at clock = 43201.00125327633
Skipping Source actor due to time limit at clock = 43210.6788297557
-----------------------------
| Model.cleanup in progress |
-----------------------------
cleanup: agenda
cleanup: wait queues
coroutine counts = (42188442,42185618,42184204)
[ModelOptimizer] Fitness: 3.1785 | Elapsed: 31.14 sec
[ModelOptimizer] Evaluating parameters: VectorD(2.00000,	5.26289,	-1.00000,	1.00000,	1.50000)

======================================================================
TRAFFIC MODEL BUILDER SUMMARY
======================================================================
Network:      US-101-N-DonaldDoyle
Segments:     7
Lanes:        4
Junctions:    8
Ramps:        2
Sensors:      5
Mode:         PeMS Data-Driven
Car-Following: IDM
ODE Solver:   Ballistic
Vmax:         35.0 m/s
======================================================================
Skipping Source actor due to time limit at clock = 43201.00125327633
Skipping Source actor due to time limit at clock = 43210.6788297557
-----------------------------
| Model.cleanup in progress |
-----------------------------
cleanup: agenda
cleanup: wait queues
coroutine counts = (42248199,42245371,42243955)
[ModelOptimizer] Fitness: 2.4187 | Elapsed: 30.17 sec
[ModelOptimizer] Evaluating parameters: VectorD(2.00000,	1.79322,	-1.00000,	1.00000,	0.300000)

======================================================================
TRAFFIC MODEL BUILDER SUMMARY
======================================================================
Network:      US-101-N-DonaldDoyle
Segments:     7
Lanes:        4
Junctions:    8
Ramps:        2
Sensors:      5
Mode:         PeMS Data-Driven
Car-Following: IDM
ODE Solver:   Ballistic
Vmax:         35.0 m/s
======================================================================
Skipping Source actor due to time limit at clock = 43201.00125327633
Skipping Source actor due to time limit at clock = 43210.6788297557
-----------------------------
| Model.cleanup in progress |
-----------------------------
cleanup: agenda
cleanup: wait queues
coroutine counts = (42307956,42305124,42303706)
[ModelOptimizer] Fitness: 2.9149 | Elapsed: 90.85 sec
[ModelOptimizer] Evaluating parameters: VectorD(2.00000,	5.26497,	-1.00000,	1.00000,	1.50000)

======================================================================
TRAFFIC MODEL BUILDER SUMMARY
======================================================================
Network:      US-101-N-DonaldDoyle
Segments:     7
Lanes:        4
Junctions:    8
Ramps:        2
Sensors:      5
Mode:         PeMS Data-Driven
Car-Following: IDM
ODE Solver:   Ballistic
Vmax:         35.0 m/s
======================================================================
Skipping Source actor due to time limit at clock = 43201.00125327633
Skipping Source actor due to time limit at clock = 43210.6788297557
-----------------------------
| Model.cleanup in progress |
-----------------------------
cleanup: agenda
cleanup: wait queues
coroutine counts = (42367713,42364877,42363457)
[ModelOptimizer] Fitness: 2.4194 | Elapsed: 47.10 sec
[ModelOptimizer] Evaluating parameters: VectorD(2.00000,	5.02063,	-1.00000,	1.00000,	1.50000)

======================================================================
TRAFFIC MODEL BUILDER SUMMARY
======================================================================
Network:      US-101-N-DonaldDoyle
Segments:     7
Lanes:        4
Junctions:    8
Ramps:        2
Sensors:      5
Mode:         PeMS Data-Driven
Car-Following: IDM
ODE Solver:   Ballistic
Vmax:         35.0 m/s
======================================================================
Skipping Source actor due to time limit at clock = 43201.00125327633
Skipping Source actor due to time limit at clock = 43210.6788297557
-----------------------------
| Model.cleanup in progress |
-----------------------------
cleanup: agenda
cleanup: wait queues
coroutine counts = (42427470,42424630,42423208)
[ModelOptimizer] Fitness: 2.4151 | Elapsed: 85.39 sec
[ModelOptimizer] Evaluating parameters: VectorD(2.00000,	4.61000,	-1.00000,	1.00000,	1.50000)

======================================================================
TRAFFIC MODEL BUILDER SUMMARY
======================================================================
Network:      US-101-N-DonaldDoyle
Segments:     7
Lanes:        4
Junctions:    8
Ramps:        2
Sensors:      5
Mode:         PeMS Data-Driven
Car-Following: IDM
ODE Solver:   Ballistic
Vmax:         35.0 m/s
======================================================================
Skipping Source actor due to time limit at clock = 43201.00125327633
Skipping Source actor due to time limit at clock = 43210.6788297557
-----------------------------
| Model.cleanup in progress |
-----------------------------
cleanup: agenda
cleanup: wait queues
coroutine counts = (42487227,42484383,42482959)
[ModelOptimizer] Fitness: 2.4193 | Elapsed: 85.40 sec
[ModelOptimizer] Evaluating parameters: VectorD(2.00000,	5.02063,	-1.00000,	1.00000,	1.50000)

======================================================================
TRAFFIC MODEL BUILDER SUMMARY
======================================================================
Network:      US-101-N-DonaldDoyle
Segments:     7
Lanes:        4
Junctions:    8
Ramps:        2
Sensors:      5
Mode:         PeMS Data-Driven
Car-Following: IDM
ODE Solver:   Ballistic
Vmax:         35.0 m/s
======================================================================
Skipping Source actor due to time limit at clock = 43201.00125327633
Skipping Source actor due to time limit at clock = 43210.6788297557
-----------------------------
| Model.cleanup in progress |
-----------------------------
cleanup: agenda
cleanup: wait queues
coroutine counts = (42546984,42544136,42542710)
[ModelOptimizer] Fitness: 2.4151 | Elapsed: 85.03 sec
[ModelOptimizer] Evaluating parameters: VectorD(2.00000,	4.75407,	-1.00000,	1.00000,	1.50000)

======================================================================
TRAFFIC MODEL BUILDER SUMMARY
======================================================================
Network:      US-101-N-DonaldDoyle
Segments:     7
Lanes:        4
Junctions:    8
Ramps:        2
Sensors:      5
Mode:         PeMS Data-Driven
Car-Following: IDM
ODE Solver:   Ballistic
Vmax:         35.0 m/s
======================================================================
Skipping Source actor due to time limit at clock = 43201.00125327633
Skipping Source actor due to time limit at clock = 43210.6788297557
-----------------------------
| Model.cleanup in progress |
-----------------------------
cleanup: agenda
cleanup: wait queues
coroutine counts = (42606741,42603889,42602461)
[ModelOptimizer] Fitness: 2.4198 | Elapsed: 86.11 sec
[ModelOptimizer] Evaluating parameters: VectorD(2.00000,	5.70667,	-1.00000,	1.00000,	1.50000)

======================================================================
TRAFFIC MODEL BUILDER SUMMARY
======================================================================
Network:      US-101-N-DonaldDoyle
Segments:     7
Lanes:        4
Junctions:    8
Ramps:        2
Sensors:      5
Mode:         PeMS Data-Driven
Car-Following: IDM
ODE Solver:   Ballistic
Vmax:         35.0 m/s
======================================================================
Skipping Source actor due to time limit at clock = 43201.00125327633
Skipping Source actor due to time limit at clock = 43210.6788297557
-----------------------------
| Model.cleanup in progress |
-----------------------------
cleanup: agenda
cleanup: wait queues
coroutine counts = (42666498,42663642,42662212)
[ModelOptimizer] Fitness: 2.4178 | Elapsed: 91.64 sec
[ModelOptimizer] Evaluating parameters: VectorD(2.00000,	5.31116,	-1.00000,	5.00000,	1.50000)

======================================================================
TRAFFIC MODEL BUILDER SUMMARY
======================================================================
Network:      US-101-N-DonaldDoyle
Segments:     7
Lanes:        4
Junctions:    8
Ramps:        2
Sensors:      5
Mode:         PeMS Data-Driven
Car-Following: IDM
ODE Solver:   Ballistic
Vmax:         35.0 m/s
======================================================================
Skipping Source actor due to time limit at clock = 43201.00125327633
Skipping Source actor due to time limit at clock = 43210.6788297557
-----------------------------
| Model.cleanup in progress |
-----------------------------
cleanup: agenda
cleanup: wait queues
coroutine counts = (42726255,42723395,42721963)
[ModelOptimizer] Fitness: 3.2624 | Elapsed: 98.25 sec
[ModelOptimizer] Evaluating parameters: VectorD(2.00000,	4.90784,	-1.00000,	1.00000,	1.50000)

======================================================================
TRAFFIC MODEL BUILDER SUMMARY
======================================================================
Network:      US-101-N-DonaldDoyle
Segments:     7
Lanes:        4
Junctions:    8
Ramps:        2
Sensors:      5
Mode:         PeMS Data-Driven
Car-Following: IDM
ODE Solver:   Ballistic
Vmax:         35.0 m/s
======================================================================
Skipping Source actor due to time limit at clock = 43201.00125327633
Skipping Source actor due to time limit at clock = 43210.6788297557
-----------------------------
| Model.cleanup in progress |
-----------------------------
cleanup: agenda
cleanup: wait queues
coroutine counts = (42786012,42783148,42781714)
[ModelOptimizer] Fitness: 2.4178 | Elapsed: 94.77 sec
[ModelOptimizer] Evaluating parameters: VectorD(2.00000,	5.41201,	-1.00000,	1.00000,	1.50000)

======================================================================
TRAFFIC MODEL BUILDER SUMMARY
======================================================================
Network:      US-101-N-DonaldDoyle
Segments:     7
Lanes:        4
Junctions:    8
Ramps:        2
Sensors:      5
Mode:         PeMS Data-Driven
Car-Following: IDM
ODE Solver:   Ballistic
Vmax:         35.0 m/s
======================================================================
Skipping Source actor due to time limit at clock = 43201.00125327633
Skipping Source actor due to time limit at clock = 43210.6788297557
-----------------------------
| Model.cleanup in progress |
-----------------------------
cleanup: agenda
cleanup: wait queues
coroutine counts = (42845769,42842901,42841465)
[ModelOptimizer] Fitness: 2.4186 | Elapsed: 123.86 sec
[ModelOptimizer] Evaluating parameters: VectorD(2.00000,	5.30890,	-1.00000,	1.00000,	1.50000)

======================================================================
TRAFFIC MODEL BUILDER SUMMARY
======================================================================
Network:      US-101-N-DonaldDoyle
Segments:     7
Lanes:        4
Junctions:    8
Ramps:        2
Sensors:      5
Mode:         PeMS Data-Driven
Car-Following: IDM
ODE Solver:   Ballistic
Vmax:         35.0 m/s
======================================================================
Skipping Source actor due to time limit at clock = 43201.00125327633
Skipping Source actor due to time limit at clock = 43210.6788297557
-----------------------------
| Model.cleanup in progress |
-----------------------------
cleanup: agenda
cleanup: wait queues
coroutine counts = (42905526,42902654,42901216)
[ModelOptimizer] Fitness: 2.4188 | Elapsed: 98.09 sec
[ModelOptimizer] Evaluating parameters: VectorD(2.00000,	5.41201,	-1.00000,	1.00000,	1.50000)

======================================================================
TRAFFIC MODEL BUILDER SUMMARY
======================================================================
Network:      US-101-N-DonaldDoyle
Segments:     7
Lanes:        4
Junctions:    8
Ramps:        2
Sensors:      5
Mode:         PeMS Data-Driven
Car-Following: IDM
ODE Solver:   Ballistic
Vmax:         35.0 m/s
======================================================================
Skipping Source actor due to time limit at clock = 43201.00125327633
Skipping Source actor due to time limit at clock = 43210.6788297557
-----------------------------
| Model.cleanup in progress |
-----------------------------
cleanup: agenda
cleanup: wait queues
coroutine counts = (42965283,42962407,42960967)
[ModelOptimizer] Fitness: 2.4186 | Elapsed: 100.75 sec
[ModelOptimizer] Evaluating parameters: VectorD(4.54999,	6.00000,	-1.00000,	2.02136,	1.50000)

======================================================================
TRAFFIC MODEL BUILDER SUMMARY
======================================================================
Network:      US-101-N-DonaldDoyle
Segments:     7
Lanes:        4
Junctions:    8
Ramps:        2
Sensors:      5
Mode:         PeMS Data-Driven
Car-Following: IDM
ODE Solver:   Ballistic
Vmax:         35.0 m/s
======================================================================
Skipping Source actor due to time limit at clock = 43201.00125327633
Skipping Source actor due to time limit at clock = 43210.6788297557
-----------------------------
| Model.cleanup in progress |
-----------------------------
cleanup: agenda
cleanup: wait queues
coroutine counts = (43025040,43022160,43020718)
[ModelOptimizer] Fitness: 3.0360 | Elapsed: 107.97 sec
[ModelOptimizer] Evaluating parameters: VectorD(2.00000,	4.99729,	-1.00000,	1.00000,	1.50000)

======================================================================
TRAFFIC MODEL BUILDER SUMMARY
======================================================================
Network:      US-101-N-DonaldDoyle
Segments:     7
Lanes:        4
Junctions:    8
Ramps:        2
Sensors:      5
Mode:         PeMS Data-Driven
Car-Following: IDM
ODE Solver:   Ballistic
Vmax:         35.0 m/s
======================================================================
Skipping Source actor due to time limit at clock = 43201.00125327633
Skipping Source actor due to time limit at clock = 43210.6788297557
-----------------------------
| Model.cleanup in progress |
-----------------------------
cleanup: agenda
cleanup: wait queues
coroutine counts = (43084797,43081913,43080469)
[ModelOptimizer] Fitness: 2.4161 | Elapsed: 109.62 sec
[ModelOptimizer] Evaluating parameters: VectorD(2.00000,	5.34210,	-1.00000,	1.00000,	0.300000)

======================================================================
TRAFFIC MODEL BUILDER SUMMARY
======================================================================
Network:      US-101-N-DonaldDoyle
Segments:     7
Lanes:        4
Junctions:    8
Ramps:        2
Sensors:      5
Mode:         PeMS Data-Driven
Car-Following: IDM
ODE Solver:   Ballistic
Vmax:         35.0 m/s
======================================================================
Skipping Source actor due to time limit at clock = 43201.00125327633
Skipping Source actor due to time limit at clock = 43210.6788297557
-----------------------------
| Model.cleanup in progress |
-----------------------------
cleanup: agenda
cleanup: wait queues
coroutine counts = (43144554,43141666,43140220)
[ModelOptimizer] Fitness: 2.7118 | Elapsed: 292.62 sec
[ModelOptimizer] Evaluating parameters: VectorD(2.00000,	5.16796,	-1.00000,	1.00000,	1.50000)

======================================================================
TRAFFIC MODEL BUILDER SUMMARY
======================================================================
Network:      US-101-N-DonaldDoyle
Segments:     7
Lanes:        4
Junctions:    8
Ramps:        2
Sensors:      5
Mode:         PeMS Data-Driven
Car-Following: IDM
ODE Solver:   Ballistic
Vmax:         35.0 m/s
======================================================================
Skipping Source actor due to time limit at clock = 43201.00125327633
Skipping Source actor due to time limit at clock = 43210.6788297557
-----------------------------
| Model.cleanup in progress |
-----------------------------
cleanup: agenda
cleanup: wait queues
coroutine counts = (43204311,43201419,43199971)
[ModelOptimizer] Fitness: 2.4171 | Elapsed: 119.03 sec
[ModelOptimizer] Evaluating parameters: VectorD(8.00000,	5.45144,	-1.00000,	1.00000,	1.50000)

======================================================================
TRAFFIC MODEL BUILDER SUMMARY
======================================================================
Network:      US-101-N-DonaldDoyle
Segments:     7
Lanes:        4
Junctions:    8
Ramps:        2
Sensors:      5
Mode:         PeMS Data-Driven
Car-Following: IDM
ODE Solver:   Ballistic
Vmax:         35.0 m/s
======================================================================
Skipping Source actor due to time limit at clock = 43201.00125327633
Skipping Source actor due to time limit at clock = 43210.6788297557
-----------------------------
| Model.cleanup in progress |
-----------------------------
cleanup: agenda
cleanup: wait queues
coroutine counts = (43264068,43261172,43259722)
[ModelOptimizer] Fitness: 2.6511 | Elapsed: 119.23 sec
[ModelOptimizer] Evaluating parameters: VectorD(2.00000,	5.34082,	-1.00000,	1.00000,	1.50000)

======================================================================
TRAFFIC MODEL BUILDER SUMMARY
======================================================================
Network:      US-101-N-DonaldDoyle
Segments:     7
Lanes:        4
Junctions:    8
Ramps:        2
Sensors:      5
Mode:         PeMS Data-Driven
Car-Following: IDM
ODE Solver:   Ballistic
Vmax:         35.0 m/s
======================================================================
Skipping Source actor due to time limit at clock = 43201.00125327633
Skipping Source actor due to time limit at clock = 43210.6788297557
-----------------------------
| Model.cleanup in progress |
-----------------------------
cleanup: agenda
cleanup: wait queues
coroutine counts = (43323825,43320925,43319473)
[ModelOptimizer] Fitness: 2.4168 | Elapsed: 126.22 sec
[ModelOptimizer] Evaluating parameters: VectorD(2.00000,	4.72099,	-1.00000,	1.00000,	1.50000)

======================================================================
TRAFFIC MODEL BUILDER SUMMARY
======================================================================
Network:      US-101-N-DonaldDoyle
Segments:     7
Lanes:        4
Junctions:    8
Ramps:        2
Sensors:      5
Mode:         PeMS Data-Driven
Car-Following: IDM
ODE Solver:   Ballistic
Vmax:         35.0 m/s
======================================================================
Skipping Source actor due to time limit at clock = 43201.00125327633
Skipping Source actor due to time limit at clock = 43210.6788297557
-----------------------------
| Model.cleanup in progress |
-----------------------------
cleanup: agenda
cleanup: wait queues
coroutine counts = (43383582,43380678,43379224)
[ModelOptimizer] Fitness: 2.4205 | Elapsed: 128.67 sec
[ModelOptimizer] Evaluating parameters: VectorD(2.00000,	5.40278,	-1.00000,	1.00000,	1.50000)

======================================================================
TRAFFIC MODEL BUILDER SUMMARY
======================================================================
Network:      US-101-N-DonaldDoyle
Segments:     7
Lanes:        4
Junctions:    8
Ramps:        2
Sensors:      5
Mode:         PeMS Data-Driven
Car-Following: IDM
ODE Solver:   Ballistic
Vmax:         35.0 m/s
======================================================================
Skipping Source actor due to time limit at clock = 43201.00125327633
Skipping Source actor due to time limit at clock = 43210.6788297557
-----------------------------
| Model.cleanup in progress |
-----------------------------
cleanup: agenda
cleanup: wait queues
coroutine counts = (43443339,43440431,43438975)
[ModelOptimizer] Fitness: 2.4182 | Elapsed: 138.12 sec
      16 |      2.41509437 |      2.41509437 |      32.0% ✓
[ModelOptimizer] Evaluating parameters: VectorD(2.00000,	5.65393,	-1.00000,	1.00000,	1.50000)

======================================================================
TRAFFIC MODEL BUILDER SUMMARY
======================================================================
Network:      US-101-N-DonaldDoyle
Segments:     7
Lanes:        4
Junctions:    8
Ramps:        2
Sensors:      5
Mode:         PeMS Data-Driven
Car-Following: IDM
ODE Solver:   Ballistic
Vmax:         35.0 m/s
======================================================================
Skipping Source actor due to time limit at clock = 43201.00125327633
Skipping Source actor due to time limit at clock = 43210.6788297557
-----------------------------
| Model.cleanup in progress |
-----------------------------
cleanup: agenda
cleanup: wait queues
coroutine counts = (43503096,43500184,43498726)
[ModelOptimizer] Fitness: 2.4187 | Elapsed: 141.09 sec
[ModelOptimizer] Evaluating parameters: VectorD(2.00000,	5.02929,	-1.00000,	1.00000,	1.50000)

======================================================================
TRAFFIC MODEL BUILDER SUMMARY
======================================================================
Network:      US-101-N-DonaldDoyle
Segments:     7
Lanes:        4
Junctions:    8
Ramps:        2
Sensors:      5
Mode:         PeMS Data-Driven
Car-Following: IDM
ODE Solver:   Ballistic
Vmax:         35.0 m/s
======================================================================
Skipping Source actor due to time limit at clock = 43201.00125327633
Skipping Source actor due to time limit at clock = 43210.6788297557
-----------------------------
| Model.cleanup in progress |
-----------------------------
cleanup: agenda
cleanup: wait queues
coroutine counts = (43562853,43559937,43558477)
[ModelOptimizer] Fitness: 2.4170 | Elapsed: 146.79 sec
[ModelOptimizer] Evaluating parameters: VectorD(2.00000,	4.79691,	-1.00000,	1.00000,	1.50000)

======================================================================
TRAFFIC MODEL BUILDER SUMMARY
======================================================================
Network:      US-101-N-DonaldDoyle
Segments:     7
Lanes:        4
Junctions:    8
Ramps:        2
Sensors:      5
Mode:         PeMS Data-Driven
Car-Following: IDM
ODE Solver:   Ballistic
Vmax:         35.0 m/s
======================================================================
Skipping Source actor due to time limit at clock = 43201.00125327633
Skipping Source actor due to time limit at clock = 43210.6788297557
-----------------------------
| Model.cleanup in progress |
-----------------------------
cleanup: agenda
cleanup: wait queues
coroutine counts = (43622610,43619690,43618228)
[ModelOptimizer] Fitness: 2.4203 | Elapsed: 161.79 sec
[ModelOptimizer] Evaluating parameters: VectorD(2.00000,	6.00000,	-1.00000,	1.00000,	1.50000)

======================================================================
TRAFFIC MODEL BUILDER SUMMARY
======================================================================
Network:      US-101-N-DonaldDoyle
Segments:     7
Lanes:        4
Junctions:    8
Ramps:        2
Sensors:      5
Mode:         PeMS Data-Driven
Car-Following: IDM
ODE Solver:   Ballistic
Vmax:         35.0 m/s
======================================================================
Skipping Source actor due to time limit at clock = 43201.00125327633
Skipping Source actor due to time limit at clock = 43210.6788297557
-----------------------------
| Model.cleanup in progress |
-----------------------------
cleanup: agenda
cleanup: wait queues
coroutine counts = (43682367,43679443,43677979)
[ModelOptimizer] Fitness: 2.4195 | Elapsed: 168.15 sec
[ModelOptimizer] Evaluating parameters: VectorD(2.00000,	4.59238,	-1.00000,	5.00000,	1.50000)

======================================================================
TRAFFIC MODEL BUILDER SUMMARY
======================================================================
Network:      US-101-N-DonaldDoyle
Segments:     7
Lanes:        4
Junctions:    8
Ramps:        2
Sensors:      5
Mode:         PeMS Data-Driven
Car-Following: IDM
ODE Solver:   Ballistic
Vmax:         35.0 m/s
======================================================================
Skipping Source actor due to time limit at clock = 43201.00125327633
Skipping Source actor due to time limit at clock = 43210.6788297557
-----------------------------
| Model.cleanup in progress |
-----------------------------
cleanup: agenda
cleanup: wait queues
coroutine counts = (43742124,43739196,43737730)
[ModelOptimizer] Fitness: 3.1818 | Elapsed: 192.23 sec
[ModelOptimizer] Evaluating parameters: VectorD(2.00000,	5.20798,	-1.00000,	1.00000,	1.50000)

======================================================================
TRAFFIC MODEL BUILDER SUMMARY
======================================================================
Network:      US-101-N-DonaldDoyle
Segments:     7
Lanes:        4
Junctions:    8
Ramps:        2
Sensors:      5
Mode:         PeMS Data-Driven
Car-Following: IDM
ODE Solver:   Ballistic
Vmax:         35.0 m/s
======================================================================
Skipping Source actor due to time limit at clock = 43201.00125327633
Skipping Source actor due to time limit at clock = 43210.6788297557
-----------------------------
| Model.cleanup in progress |
-----------------------------
cleanup: agenda
cleanup: wait queues
coroutine counts = (43801881,43798949,43797481)
[ModelOptimizer] Fitness: 2.4185 | Elapsed: 204.15 sec
[ModelOptimizer] Evaluating parameters: VectorD(2.00000,	5.47330,	-1.00000,	1.00000,	1.50000)

======================================================================
TRAFFIC MODEL BUILDER SUMMARY
======================================================================
Network:      US-101-N-DonaldDoyle
Segments:     7
Lanes:        4
Junctions:    8
Ramps:        2
Sensors:      5
Mode:         PeMS Data-Driven
Car-Following: IDM
ODE Solver:   Ballistic
Vmax:         35.0 m/s
======================================================================
Skipping Source actor due to time limit at clock = 43201.00125327633
Skipping Source actor due to time limit at clock = 43210.6788297557
-----------------------------
| Model.cleanup in progress |
-----------------------------
cleanup: agenda
cleanup: wait queues
coroutine counts = (43861638,43858702,43857232)
[ModelOptimizer] Fitness: 2.4184 | Elapsed: 210.02 sec
[ModelOptimizer] Evaluating parameters: VectorD(2.00000,	5.49666,	-1.00000,	1.00000,	1.50000)

======================================================================
TRAFFIC MODEL BUILDER SUMMARY
======================================================================
Network:      US-101-N-DonaldDoyle
Segments:     7
Lanes:        4
Junctions:    8
Ramps:        2
Sensors:      5
Mode:         PeMS Data-Driven
Car-Following: IDM
ODE Solver:   Ballistic
Vmax:         35.0 m/s
======================================================================
Skipping Source actor due to time limit at clock = 43201.00125327633
Skipping Source actor due to time limit at clock = 43210.6788297557
-----------------------------
| Model.cleanup in progress |
-----------------------------
cleanup: agenda
cleanup: wait queues
coroutine counts = (43921395,43918455,43916983)
[ModelOptimizer] Fitness: 2.4189 | Elapsed: 213.36 sec
[ModelOptimizer] Evaluating parameters: VectorD(2.00000,	5.47330,	-1.00000,	1.00000,	1.50000)

======================================================================
TRAFFIC MODEL BUILDER SUMMARY
======================================================================
Network:      US-101-N-DonaldDoyle
Segments:     7
Lanes:        4
Junctions:    8
Ramps:        2
Sensors:      5
Mode:         PeMS Data-Driven
Car-Following: IDM
ODE Solver:   Ballistic
Vmax:         35.0 m/s
======================================================================
Skipping Source actor due to time limit at clock = 43201.00125327633
Skipping Source actor due to time limit at clock = 43210.6788297557
-----------------------------
| Model.cleanup in progress |
-----------------------------
cleanup: agenda
cleanup: wait queues
coroutine counts = (43981152,43978208,43976734)
[ModelOptimizer] Fitness: 2.4184 | Elapsed: 267.12 sec
[ModelOptimizer] Evaluating parameters: VectorD(2.00000,	5.57069,	-1.00000,	1.00000,	0.636854)

======================================================================
TRAFFIC MODEL BUILDER SUMMARY
======================================================================
Network:      US-101-N-DonaldDoyle
Segments:     7
Lanes:        4
Junctions:    8
Ramps:        2
Sensors:      5
Mode:         PeMS Data-Driven
Car-Following: IDM
ODE Solver:   Ballistic
Vmax:         35.0 m/s
======================================================================
Skipping Source actor due to time limit at clock = 43201.00125327633
Skipping Source actor due to time limit at clock = 43210.6788297557
-----------------------------
| Model.cleanup in progress |
-----------------------------
cleanup: agenda
cleanup: wait queues
coroutine counts = (44040909,44037961,44036485)
[ModelOptimizer] Fitness: 2.6038 | Elapsed: 469.51 sec
[ModelOptimizer] Evaluating parameters: VectorD(2.00000,	5.60900,	-1.00000,	1.00000,	1.50000)

======================================================================
TRAFFIC MODEL BUILDER SUMMARY
======================================================================
Network:      US-101-N-DonaldDoyle
Segments:     7
Lanes:        4
Junctions:    8
Ramps:        2
Sensors:      5
Mode:         PeMS Data-Driven
Car-Following: IDM
ODE Solver:   Ballistic
Vmax:         35.0 m/s
======================================================================
Skipping Source actor due to time limit at clock = 43201.00125327633
Skipping Source actor due to time limit at clock = 43210.6788297557
-----------------------------
| Model.cleanup in progress |
-----------------------------
cleanup: agenda
cleanup: wait queues
coroutine counts = (44100666,44097714,44096236)
[ModelOptimizer] Fitness: 2.4181 | Elapsed: 305.10 sec
[ModelOptimizer] Evaluating parameters: VectorD(2.00000,	5.45273,	-1.00000,	1.00000,	1.50000)

======================================================================
TRAFFIC MODEL BUILDER SUMMARY
======================================================================
Network:      US-101-N-DonaldDoyle
Segments:     7
Lanes:        4
Junctions:    8
Ramps:        2
Sensors:      5
Mode:         PeMS Data-Driven
Car-Following: IDM
ODE Solver:   Ballistic
Vmax:         35.0 m/s
======================================================================
Skipping Source actor due to time limit at clock = 43201.00125327633
Skipping Source actor due to time limit at clock = 43210.6788297557
-----------------------------
| Model.cleanup in progress |
-----------------------------
cleanup: agenda
cleanup: wait queues
coroutine counts = (44160423,44157467,44155987)
[ModelOptimizer] Fitness: 2.4198 | Elapsed: 419.78 sec
[ModelOptimizer] Evaluating parameters: VectorD(2.00000,	5.70915,	-1.00000,	1.00000,	1.50000)

======================================================================
TRAFFIC MODEL BUILDER SUMMARY
======================================================================
Network:      US-101-N-DonaldDoyle
Segments:     7
Lanes:        4
Junctions:    8
Ramps:        2
Sensors:      5
Mode:         PeMS Data-Driven
Car-Following: IDM
ODE Solver:   Ballistic
Vmax:         35.0 m/s
======================================================================
Skipping Source actor due to time limit at clock = 43201.00125327633
Skipping Source actor due to time limit at clock = 43210.6788297557
-----------------------------
| Model.cleanup in progress |
-----------------------------
cleanup: agenda
cleanup: wait queues
coroutine counts = (44220180,44217220,44215738)
[ModelOptimizer] Fitness: 2.4180 | Elapsed: 578.13 sec
[ModelOptimizer] Evaluating parameters: VectorD(2.78385,	6.00000,	-3.00000,	1.00000,	1.50000)

======================================================================
TRAFFIC MODEL BUILDER SUMMARY
======================================================================
Network:      US-101-N-DonaldDoyle
Segments:     7
Lanes:        4
Junctions:    8
Ramps:        2
Sensors:      5
Mode:         PeMS Data-Driven
Car-Following: IDM
ODE Solver:   Ballistic
Vmax:         35.0 m/s
======================================================================
Skipping Source actor due to time limit at clock = 43201.00125327633
Skipping Source actor due to time limit at clock = 43210.6788297557
-----------------------------
| Model.cleanup in progress |
-----------------------------
cleanup: agenda
cleanup: wait queues
coroutine counts = (44279937,44276973,44275489)
[ModelOptimizer] Fitness: 3.5110 | Elapsed: 585.30 sec
[ModelOptimizer] Evaluating parameters: VectorD(2.00000,	6.00000,	-1.00000,	1.00000,	1.50000)

======================================================================
TRAFFIC MODEL BUILDER SUMMARY
======================================================================
Network:      US-101-N-DonaldDoyle
Segments:     7
Lanes:        4
Junctions:    8
Ramps:        2
Sensors:      5
Mode:         PeMS Data-Driven
Car-Following: IDM
ODE Solver:   Ballistic
Vmax:         35.0 m/s
======================================================================
Skipping Source actor due to time limit at clock = 43201.00125327633
Skipping Source actor due to time limit at clock = 43210.6788297557
-----------------------------
| Model.cleanup in progress |
-----------------------------
cleanup: agenda
cleanup: wait queues
coroutine counts = (44339694,44336726,44335240)
[ModelOptimizer] Fitness: 2.4195 | Elapsed: 712.72 sec
[ModelOptimizer] Evaluating parameters: VectorD(7.74650,	5.45226,	-1.00333,	1.00000,	1.50000)

======================================================================
TRAFFIC MODEL BUILDER SUMMARY
======================================================================
Network:      US-101-N-DonaldDoyle
Segments:     7
Lanes:        4
Junctions:    8
Ramps:        2
Sensors:      5
Mode:         PeMS Data-Driven
Car-Following: IDM
ODE Solver:   Ballistic
Vmax:         35.0 m/s
======================================================================
Skipping Source actor due to time limit at clock = 43201.00125327633
Skipping Source actor due to time limit at clock = 43210.6788297557
-----------------------------
| Model.cleanup in progress |
-----------------------------
cleanup: agenda
cleanup: wait queues
coroutine counts = (44399451,44396479,44394991)
[ModelOptimizer] Fitness: 2.6533 | Elapsed: 815.41 sec
[ModelOptimizer] Evaluating parameters: VectorD(2.00000,	4.91873,	-1.00000,	1.00000,	1.50000)

======================================================================
TRAFFIC MODEL BUILDER SUMMARY
======================================================================
Network:      US-101-N-DonaldDoyle
Segments:     7
Lanes:        4
Junctions:    8
Ramps:        2
Sensors:      5
Mode:         PeMS Data-Driven
Car-Following: IDM
ODE Solver:   Ballistic
Vmax:         35.0 m/s
======================================================================
Skipping Source actor due to time limit at clock = 43201.00125327633
Skipping Source actor due to time limit at clock = 43210.6788297557
-----------------------------
| Model.cleanup in progress |
-----------------------------
cleanup: agenda
cleanup: wait queues
coroutine counts = (44459208,44456232,44454742)
[ModelOptimizer] Fitness: 2.4185 | Elapsed: 1491.22 sec
[ModelOptimizer] Evaluating parameters: VectorD(2.00000,	1.50000,	-1.00000,	1.00000,	1.50000)

======================================================================
TRAFFIC MODEL BUILDER SUMMARY
======================================================================
Network:      US-101-N-DonaldDoyle
Segments:     7
Lanes:        4
Junctions:    8
Ramps:        2
Sensors:      5
Mode:         PeMS Data-Driven
Car-Following: IDM
ODE Solver:   Ballistic
Vmax:         35.0 m/s
======================================================================
Skipping Source actor due to time limit at clock = 43201.00125327633
Skipping Source actor due to time limit at clock = 43210.6788297557
-----------------------------
| Model.cleanup in progress |
-----------------------------
cleanup: agenda
cleanup: wait queues
coroutine counts = (44518965,44515985,44514493)
[ModelOptimizer] Fitness: 2.7540 | Elapsed: 2543.92 sec
[ModelOptimizer] Evaluating parameters: VectorD(2.00000,	4.83169,	-1.00000,	1.00000,	1.50000)

======================================================================
TRAFFIC MODEL BUILDER SUMMARY
======================================================================
Network:      US-101-N-DonaldDoyle
Segments:     7
Lanes:        4
Junctions:    8
Ramps:        2
Sensors:      5
Mode:         PeMS Data-Driven
Car-Following: IDM
ODE Solver:   Ballistic
Vmax:         35.0 m/s
======================================================================
Skipping Source actor due to time limit at clock = 43201.00125327633
Skipping Source actor due to time limit at clock = 43210.6788297557
-----------------------------
| Model.cleanup in progress |
-----------------------------
cleanup: agenda
cleanup: wait queues
coroutine counts = (44578722,44575738,44574244)
[ModelOptimizer] Fitness: 2.4183 | Elapsed: 911.55 sec
[ModelOptimizer] Evaluating parameters: VectorD(2.00000,	5.07450,	-1.00000,	1.00000,	1.50000)

======================================================================
TRAFFIC MODEL BUILDER SUMMARY
======================================================================
Network:      US-101-N-DonaldDoyle
Segments:     7
Lanes:        4
Junctions:    8
Ramps:        2
Sensors:      5
Mode:         PeMS Data-Driven
Car-Following: IDM
ODE Solver:   Ballistic
Vmax:         35.0 m/s
======================================================================
Skipping Source actor due to time limit at clock = 43201.00125327633
Skipping Source actor due to time limit at clock = 43210.6788297557
-----------------------------
| Model.cleanup in progress |
-----------------------------
cleanup: agenda
cleanup: wait queues
coroutine counts = (44638479,44635491,44633995)
[ModelOptimizer] Fitness: 2.4172 | Elapsed: 927.70 sec
[ModelOptimizer] Evaluating parameters: VectorD(2.00000,	5.12437,	-1.00000,	1.00000,	1.50000)

======================================================================
TRAFFIC MODEL BUILDER SUMMARY
======================================================================
Network:      US-101-N-DonaldDoyle
Segments:     7
Lanes:        4
Junctions:    8
Ramps:        2
Sensors:      5
Mode:         PeMS Data-Driven
Car-Following: IDM
ODE Solver:   Ballistic
Vmax:         35.0 m/s
======================================================================
