Timestamp,Station,Freeway,Direction,Lane Type,Latitude,Longitude,Location,Abs_PM,Total Flow (veh/5min),Avg Speed (mph),Lane1 Flow (veh/5min),Lane1 Avg Speed (mph),Lane2 Flow (veh/5min),Lane2 Avg Speed (mph),Lane3 Flow (veh/5min),Lane3 Avg Speed (mph),Lane4 Flow (veh/5min),Lane4 Avg Speed (mph),Lane5 Flow (veh/5min),Lane5 Avg Speed (mph),Lane6 Flow (veh/5min),Lane6 Avg Speed (mph)
06:00:00,717617,210,E,ML,34.179921,-118.167405,ARROYO,22.6,162,61.4,38,66.53333333333335,46,63.16666666666666,41,59.333333333333336,37,56.36666666666667,,,,
06:00:00,717620,210,E,ML,34.174756,-118.160407,LINCOLN 1,23.14,138,64.39999999999999,29,73.2,38,70.1,44,61.43333333333334,28,53.0,,,,
06:00:00,717625,210,E,ML,34.160546,-118.158748,MOUNTAIN 2,24.16,137,67.39999999999999,41,68.96666666666667,19,70.2,11,67.0,66,65.86666666666666,,,,
06:00:00,717628,210,E,ML,34.152216,-118.156144,WALNUT,24.81,23,65.26666666666667,23,65.26666666666667,,,,,,,,,,
06:00:00,717631,210,E,ML,34.15099,-118.152369,FAIR OAKS 1,25.12,106,64.9,22,70.4,32,66.8,29,63.4,23,59.1,,,,
06:00:00,717633,210,E,ML,34.151691,-118.142523,MARENGO,25.72,472,68.9,80,74.7,93,72.3,81,70.3,83,67.6,76,63.0,59,63.0
06:00:00,717635,210,E,ML,34.151658,-118.12944,LAKE 2,26.47,250,67.10000000000001,52,72.56666666666666,45,70.7,46,67.36666666666667,44,65.7,63,60.9,,
06:00:00,717638,210,E,ML,34.152187,-118.117782,HILL 1,27.14,279,68.96666666666667,65,75.13333333333334,70,73.03333333333335,54,72.13333333333334,51,69.33333333333333,39,46.333333333333336,,
06:00:00,717640,210,E,ML,34.152301,-118.109239,ALLEN,27.63,261,67.66666666666667,16,76.36666666666667,64,73.26666666666667,70,72.66666666666667,52,65.13333333333334,59,55.3,,
06:00:00,717646,210,E,ML,34.151406,-118.091041,SAN GABRIEL,28.68,281,66.03333333333333,72,75.66666666666667,81,72.13333333333333,49,61.36666666666667,43,56.333333333333336,36,51.36666666666667,,
06:00:00,717650,210,E,ML,34.147621,-118.079037,SIERRA MADRE V2,29.44,255,63.1,69,69.06666666666666,70,66.73333333333333,51,61.7,40,51.6,25,57.06666666666666,,
06:00:00,761093,210,E,HV,34.151691,-118.142523,MARENGO,25.72,107,64.9,107,64.9,,,,,,,,,,
06:00:00,761098,210,E,HV,34.151658,-118.12944,LAKE 2,26.47,107,64.9,107,64.9,,,,,,,,,,
06:00:00,761102,210,E,HV,34.152187,-118.117782,HILL 1,27.14,16,64.93333333333334,16,64.93333333333334,,,,,,,,,,
06:00:00,761105,210,E,HV,34.152301,-118.109239,ALLEN,27.63,36,64.66666666666667,36,64.66666666666667,,,,,,,,,,
06:00:00,761109,210,E,HV,34.151406,-118.091041,SAN GABRIEL,28.68,20,65.16666666666667,20,65.16666666666667,,,,,,,,,,
06:00:00,761112,210,E,HV,34.147621,-118.079037,SIERRA MADRE V2,29.44,19,64.96666666666667,19,64.96666666666667,,,,,,,,,,
06:00:00,763614,210,E,HV,34.15099,-118.152369,FAIR OAKS 1,25.12,107,64.9,107,64.9,,,,,,,,,,
06:00:00,769788,210,E,ML,34.189219,-118.180753,BERKSHIRE,21.58,177,62.4,44,67.56666666666666,50,64.33333333333333,43,59.76666666666667,40,57.16666666666666,,,,
06:00:00,769806,210,E,ML,34.196934,-118.185042,FOOTHILL,20.98,154,63.56666666666666,38,63.93333333333334,46,69.03333333333335,43,64.53333333333333,27,52.26666666666667,,,,
06:00:00,769819,210,E,ML,34.205892,-118.198234,ANGELES CREST HWY NB,19.98,106,64.9,22,70.4,32,66.8,29,63.4,23,59.1,,,,
06:00:00,769831,210,E,ML,34.206745,-118.201533,ANGELES CREST HWY SB,19.78,158,59.93333333333334,39,64.83333333333333,45,61.7,38,57.333333333333336,35,55.0,,,,
06:00:00,769847,210,E,ML,34.211728,-118.228265,OCEAN VIEW,18.18,154,66.7,45,75.0,54,70.56666666666666,33,52.9,22,60.7,,,,
06:00:00,769866,210,E,ML,34.218398,-118.239738,LA CRESCENTA,17.38,280,64.16666666666667,51,73.33333333333333,63,71.76666666666667,69,58.66666666666666,97,58.333333333333336,,,,
06:00:00,769880,210,E,ML,34.221426,-118.245718,PENNSYLVANIA,16.98,247,64.23333333333333,53,71.13333333333334,69,67.33333333333333,70,58.53333333333333,55,61.76666666666667,,,,
06:00:00,769895,210,E,ML,34.230849,-118.265101,LOWELL / HONOLULU,15.68,220,66.86666666666666,62,70.89999999999999,69,67.36666666666666,53,66.53333333333335,36,59.9,,,,
06:00:00,769984,210,E,ML,34.202989,-118.191827,GOULD,20.4,179,62.43333333333334,44,67.5,50,64.23333333333333,44,59.9,41,57.26666666666667,,,,
06:00:00,770116,210,E,ML,34.234317,-118.286992,LA TUNA CANYON,14.39,165,64.96666666666667,48,70.5,52,67.16666666666667,38,59.46666666666667,26,59.06666666666666,,,,
06:00:00,770385,210,E,ML,34.206925,-118.21372,EB/NB 2 TO EB 210 CN,19.08,169,65.36666666666666,48,74.86666666666667,56,69.46666666666667,36,61.36666666666667,29,47.03333333333333,,,,
06:00:00,770578,210,E,ML,34.156489,-118.158295,WINONA WAY,24.442,29,68.16666666666667,17,70.46666666666665,12,65.06666666666666,,,,,,,,
06:05:00,717617,210,E,ML,34.179921,-118.167405,ARROYO,22.6,181,58.93333333333334,45,63.8,51,60.6,45,56.66666666666666,40,53.96666666666667,,,,
06:05:00,717620,210,E,ML,34.174756,-118.160407,LINCOLN 1,23.14,137,60.63333333333333,21,72.93333333333334,43,68.03333333333333,43,57.2,31,47.93333333333334,,,,
06:05:00,717625,210,E,ML,34.160546,-118.158748,MOUNTAIN 2,24.16,151,64.33333333333333,46,66.76666666666667,26,71.03333333333335,11,66.56666666666668,69,59.66666666666666,,,,
06:05:00,717628,210,E,ML,34.152216,-118.156144,WALNUT,24.81,23,65.03333333333333,23,65.03333333333333,,,,,,,,,,
06:05:00,717631,210,E,ML,34.15099,-118.152369,FAIR OAKS 1,25.12,109,64.8,23,70.2,33,66.7,29,63.29999999999999,24,59.0,,,,
06:05:00,717633,210,E,ML,34.151691,-118.142523,MARENGO,25.72,496,67.6,84,73.3,98,70.9,85,69.0,87,66.3,80,61.79999999999999,62,61.79999999999999
06:05:00,717635,210,E,ML,34.151658,-118.12944,LAKE 2,26.47,237,67.3,49,72.73333333333333,42,70.89999999999999,43,67.53333333333333,42,65.89999999999999,60,61.06666666666666,,
06:05:00,717638,210,E,ML,34.152187,-118.117782,HILL 1,27.14,266,67.8,61,74.53333333333333,68,73.8,45,71.86666666666667,50,69.10000000000001,41,42.13333333333333,,
06:05:00,717640,210,E,ML,34.152301,-118.109239,ALLEN,27.63,252,65.53333333333333,15,76.5,61,72.63333333333334,69,72.8,49,59.23333333333333,58,52.2,,
06:05:00,717646,210,E,ML,34.151406,-118.091041,SAN GABRIEL,28.68,279,63.0,66,74.93333333333334,80,70.46666666666667,52,57.5,47,51.3,34,47.4,,
06:05:00,717650,210,E,ML,34.147621,-118.079037,SIERRA MADRE V2,29.44,254,58.7,66,66.60000000000001,66,63.86666666666667,53,54.4,45,45.5,24,56.1,,
06:05:00,761093,210,E,HV,34.151691,-118.142523,MARENGO,25.72,110,64.8,110,64.8,,,,,,,,,,
06:05:00,761098,210,E,HV,34.151658,-118.12944,LAKE 2,26.47,110,64.8,110,64.8,,,,,,,,,,
06:05:00,761102,210,E,HV,34.152187,-118.117782,HILL 1,27.14,16,64.89999999999999,16,64.89999999999999,,,,,,,,,,
06:05:00,761105,210,E,HV,34.152301,-118.109239,ALLEN,27.63,40,63.2,40,63.2,,,,,,,,,,
06:05:00,761109,210,E,HV,34.151406,-118.091041,SAN GABRIEL,28.68,18,65.13333333333333,18,65.13333333333333,,,,,,,,,,
06:05:00,761112,210,E,HV,34.147621,-118.079037,SIERRA MADRE V2,29.44,17,64.9,17,64.9,,,,,,,,,,
06:05:00,763614,210,E,HV,34.15099,-118.152369,FAIR OAKS 1,25.12,110,64.8,110,64.8,,,,,,,,,,
06:05:00,769788,210,E,ML,34.189219,-118.180753,BERKSHIRE,21.58,204,61.43333333333334,51,66.5,57,63.26666666666667,49,58.833333333333336,46,56.333333333333336,,,,
06:05:00,769806,210,E,ML,34.196934,-118.185042,FOOTHILL,20.98,189,60.9,46,59.66666666666666,59,68.36666666666667,51,64.86666666666666,33,42.56666666666666,,,,
06:05:00,769819,210,E,ML,34.205892,-118.198234,ANGELES CREST HWY NB,19.98,109,64.8,23,70.2,33,66.7,29,63.29999999999999,24,59.0,,,,
06:05:00,769831,210,E,ML,34.206745,-118.201533,ANGELES CREST HWY SB,19.78,154,56.4,37,61.1,44,58.1,37,54.0,35,51.93333333333334,,,,
06:05:00,769847,210,E,ML,34.211728,-118.228265,OCEAN VIEW,18.18,149,66.16666666666667,52,75.16666666666667,48,70.96666666666665,33,48.63333333333333,16,59.833333333333336,,,,
06:05:00,769866,210,E,ML,34.218398,-118.239738,LA CRESCENTA,17.38,284,62.366666666666674,51,72.23333333333333,60,71.3,76,57.76666666666667,96,55.73333333333333,,,,
06:05:00,769880,210,E,ML,34.221426,-118.245718,PENNSYLVANIA,16.98,276,63.36666666666667,54,71.39999999999999,81,66.1,78,57.56666666666666,63,61.23333333333333,,,,
06:05:00,769895,210,E,ML,34.230849,-118.265101,LOWELL / HONOLULU,15.68,254,66.46666666666665,77,70.16666666666667,76,67.2,59,65.3,42,60.73333333333333,,,,
06:05:00,769984,210,E,ML,34.202989,-118.191827,GOULD,20.4,206,61.4,52,66.43333333333334,57,63.2,50,58.9,47,56.43333333333334,,,,
06:05:00,770116,210,E,ML,34.234317,-118.286992,LA TUNA CANYON,14.39,189,63.56666666666666,57,69.36666666666667,59,66.16666666666667,43,56.46666666666667,29,58.16666666666666,,,,
06:05:00,770385,210,E,ML,34.206925,-118.21372,EB/NB 2 TO EB 210 CN,19.08,143,62.4,43,73.96666666666665,43,68.66666666666667,35,53.76666666666667,22,46.0,,,,
06:05:00,770578,210,E,ML,34.156489,-118.158295,WINONA WAY,24.442,44,69.13333333333334,32,71.10000000000001,12,64.76666666666667,,,,,,,,
06:10:00,717617,210,E,ML,34.179921,-118.167405,ARROYO,22.6,156,56.133333333333326,36,60.86666666666667,44,57.7,40,54.1,36,51.63333333333333,,,,
06:10:00,717620,210,E,ML,34.174756,-118.160407,LINCOLN 1,23.14,125,60.43333333333334,23,72.73333333333333,36,68.63333333333333,34,53.96666666666667,31,48.43333333333334,,,,
06:10:00,717625,210,E,ML,34.160546,-118.158748,MOUNTAIN 2,24.16,145,63.0,40,65.33333333333333,32,71.13333333333334,7,66.83333333333333,66,56.833333333333336,,,,
06:10:00,717628,210,E,ML,34.152216,-118.156144,WALNUT,24.81,23,65.03333333333333,23,65.03333333333333,,,,,,,,,,
06:10:00,717631,210,E,ML,34.15099,-118.152369,FAIR OAKS 1,25.12,112,64.6,23,70.0,34,66.5,30,63.1,25,58.79999999999999,,,,
06:10:00,717633,210,E,ML,34.151691,-118.142523,MARENGO,25.72,523,66.8,89,72.4,103,70.1,90,68.2,92,65.5,84,61.1,65,61.1
06:10:00,717635,210,E,ML,34.151658,-118.12944,LAKE 2,26.47,265,67.0,54,72.39999999999999,48,70.56666666666666,49,67.26666666666667,47,65.5,66,60.8,,
06:10:00,717638,210,E,ML,34.152187,-118.117782,HILL 1,27.14,310,67.8,82,73.10000000000001,75,72.86666666666667,56,71.83333333333333,55,68.89999999999999,43,42.13333333333333,,
06:10:00,717640,210,E,ML,34.152301,-118.109239,ALLEN,27.63,284,65.23333333333333,21,76.43333333333334,80,71.2,77,72.16666666666667,53,56.13333333333333,53,49.23333333333333,,
06:10:00,717646,210,E,ML,34.151406,-118.091041,SAN GABRIEL,28.68,301,62.4,81,75.46666666666665,80,70.0,56,55.73333333333333,49,49.2,35,43.16666666666666,,
06:10:00,717650,210,E,ML,34.147621,-118.079037,SIERRA MADRE V2,29.44,273,57.46666666666666,74,65.26666666666667,65,62.6,61,54.16666666666666,46,43.3,26,54.5,,
06:10:00,761093,210,E,HV,34.151691,-118.142523,MARENGO,25.72,112,64.6,112,64.6,,,,,,,,,,
06:10:00,761098,210,E,HV,34.151658,-118.12944,LAKE 2,26.47,112,64.6,112,64.6,,,,,,,,,,
06:10:00,761102,210,E,HV,34.152187,-118.117782,HILL 1,27.14,20,64.93333333333334,20,64.93333333333334,,,,,,,,,,
06:10:00,761105,210,E,HV,34.152301,-118.109239,ALLEN,27.63,47,63.13333333333333,47,63.13333333333333,,,,,,,,,,
06:10:00,761109,210,E,HV,34.151406,-118.091041,SAN GABRIEL,28.68,19,65.0,19,65.0,,,,,,,,,,
06:10:00,761112,210,E,HV,34.147621,-118.079037,SIERRA MADRE V2,29.44,19,64.89999999999999,19,64.89999999999999,,,,,,,,,,
06:10:00,763614,210,E,HV,34.15099,-118.152369,FAIR OAKS 1,25.12,112,64.6,112,64.6,,,,,,,,,,
06:10:00,769788,210,E,ML,34.189219,-118.180753,BERKSHIRE,21.58,199,61.7,50,66.73333333333333,56,63.56666666666666,49,59.03333333333333,44,56.56666666666666,,,,
06:10:00,769806,210,E,ML,34.196934,-118.185042,FOOTHILL,20.98,181,60.4,44,58.86666666666667,56,68.26666666666667,51,64.2,30,41.53333333333333,,,,
06:10:00,769819,210,E,ML,34.205892,-118.198234,ANGELES CREST HWY NB,19.98,112,64.6,23,70.0,34,66.5,30,63.1,25,58.79999999999999,,,,
06:10:00,769831,210,E,ML,34.206745,-118.201533,ANGELES CREST HWY SB,19.78,167,54.46666666666667,41,59.0,47,56.03333333333333,41,52.03333333333333,38,50.2,,,,
06:10:00,769847,210,E,ML,34.211728,-118.228265,OCEAN VIEW,18.18,192,65.43333333333332,65,74.26666666666667,67,69.73333333333333,36,44.36666666666667,24,61.23333333333334,,,,
06:10:00,769866,210,E,ML,34.218398,-118.239738,LA CRESCENTA,17.38,299,62.53333333333333,69,71.26666666666667,55,70.2,74,58.93333333333334,101,56.1,,,,
06:10:00,769880,210,E,ML,34.221426,-118.245718,PENNSYLVANIA,16.98,306,62.96666666666667,58,72.2,84,65.8,86,56.6,78,60.16666666666666,,,,
06:10:00,769895,210,E,ML,34.230849,-118.265101,LOWELL / HONOLULU,15.68,303,66.06666666666666,89,69.23333333333333,92,66.63333333333334,70,65.83333333333333,52,61.03333333333333,,,,
06:10:00,769984,210,E,ML,34.202989,-118.191827,GOULD,20.4,201,61.66666666666666,51,66.66666666666667,56,63.4,49,59.13333333333333,45,56.66666666666666,,,,
06:10:00,770116,210,E,ML,34.234317,-118.286992,LA TUNA CANYON,14.39,206,62.96666666666667,63,68.8,64,65.7,47,55.4,32,57.833333333333336,,,,
06:10:00,770385,210,E,ML,34.206925,-118.21372,EB/NB 2 TO EB 210 CN,19.08,170,62.2,51,73.8,54,68.96666666666667,40,49.2,26,44.0,,,,
06:10:00,770578,210,E,ML,34.156489,-118.158295,WINONA WAY,24.442,62,69.8,50,70.83333333333333,12,64.8,,,,,,,,
06:15:00,717617,210,E,ML,34.179921,-118.167405,ARROYO,22.6,172,54.23333333333333,43,58.56666666666666,49,55.46666666666667,42,52.333333333333336,38,50.03333333333333,,,,
06:15:00,717620,210,E,ML,34.174756,-118.160407,LINCOLN 1,23.14,137,58.66666666666666,22,72.7,41,68.23333333333333,39,51.96666666666667,35,45.63333333333333,,,,
06:15:00,717625,210,E,ML,34.160546,-118.158748,MOUNTAIN 2,24.16,172,61.96666666666667,47,64.53333333333335,38,70.43333333333334,12,67.16666666666667,75,54.76666666666667,,,,
06:15:00,717628,210,E,ML,34.152216,-118.156144,WALNUT,24.81,30,65.0,30,65.0,,,,,,,,,,
06:15:00,717631,210,E,ML,34.15099,-118.152369,FAIR OAKS 1,25.12,113,64.5,24,69.9,34,66.4,30,63.0,25,58.70000000000001,,,,
06:15:00,717633,210,E,ML,34.151691,-118.142523,MARENGO,25.72,548,66.5,93,72.1,108,69.8,94,67.9,97,65.2,88,60.79999999999999,68,60.79999999999999
06:15:00,717635,210,E,ML,34.151658,-118.12944,LAKE 2,26.47,279,66.66666666666667,57,72.06666666666666,51,70.06666666666666,52,66.93333333333334,49,65.16666666666667,70,60.53333333333333,,
06:15:00,717638,210,E,ML,34.152187,-118.117782,HILL 1,27.14,327,67.2,82,73.2,84,71.8,60,71.83333333333333,54,68.86666666666667,46,40.46666666666667,,
06:15:00,717640,210,E,ML,34.152301,-118.109239,ALLEN,27.63,315,63.26666666666667,23,76.53333333333333,87,71.06666666666666,87,71.43333333333334,58,49.93333333333334,60,47.86666666666667,,
06:15:00,717646,210,E,ML,34.151406,-118.091041,SAN GABRIEL,28.68,319,63.4,82,74.56666666666666,90,70.39999999999999,59,61.16666666666666,46,47.5,42,47.4,,
06:15:00,717650,210,E,ML,34.147621,-118.079037,SIERRA MADRE V2,29.44,296,60.2,84,66.33333333333333,77,64.3,63,59.46666666666667,48,44.56666666666666,25,56.63333333333333,,
06:15:00,761093,210,E,HV,34.151691,-118.142523,MARENGO,25.72,113,64.5,113,64.5,,,,,,,,,,
06:15:00,761098,210,E,HV,34.151658,-118.12944,LAKE 2,26.47,113,64.5,113,64.5,,,,,,,,,,
06:15:00,761102,210,E,HV,34.152187,-118.117782,HILL 1,27.14,26,65.06666666666666,26,65.06666666666666,,,,,,,,,,
06:15:00,761105,210,E,HV,34.152301,-118.109239,ALLEN,27.63,44,63.76666666666667,44,63.76666666666667,,,,,,,,,,
06:15:00,761109,210,E,HV,34.151406,-118.091041,SAN GABRIEL,28.68,22,64.83333333333333,22,64.83333333333333,,,,,,,,,,
06:15:00,761112,210,E,HV,34.147621,-118.079037,SIERRA MADRE V2,29.44,25,64.9,25,64.9,,,,,,,,,,
06:15:00,763614,210,E,HV,34.15099,-118.152369,FAIR OAKS 1,25.12,113,64.5,113,64.5,,,,,,,,,,
06:15:00,769788,210,E,ML,34.189219,-118.180753,BERKSHIRE,21.58,179,61.2,45,66.23333333333333,51,63.03333333333334,44,58.56666666666666,40,56.13333333333333,,,,
06:15:00,769806,210,E,ML,34.196934,-118.185042,FOOTHILL,20.98,167,62.8,38,60.8,61,70.33333333333333,43,64.60000000000001,26,45.333333333333336,,,,
06:15:00,769819,210,E,ML,34.205892,-118.198234,ANGELES CREST HWY NB,19.98,113,64.5,24,69.9,34,66.4,30,63.0,25,58.70000000000001,,,,
06:15:00,769831,210,E,ML,34.206745,-118.201533,ANGELES CREST HWY SB,19.78,179,49.3,44,53.5,50,50.63333333333333,44,46.93333333333334,41,45.6,,,,
06:15:00,769847,210,E,ML,34.211728,-118.228265,OCEAN VIEW,18.18,213,64.76666666666667,72,74.10000000000001,72,70.3,46,44.26666666666667,22,58.13333333333333,,,,
06:15:00,769866,210,E,ML,34.218398,-118.239738,LA CRESCENTA,17.38,346,61.06666666666666,77,70.76666666666667,70,69.46666666666665,91,59.1,107,52.13333333333333,,,,
06:15:00,769880,210,E,ML,34.221426,-118.245718,PENNSYLVANIA,16.98,349,62.36666666666667,68,70.23333333333333,94,66.10000000000001,90,55.73333333333333,97,60.4,,,,
06:15:00,769895,210,E,ML,34.230849,-118.265101,LOWELL / HONOLULU,15.68,310,66.03333333333333,94,69.60000000000001,89,66.66666666666667,74,65.8,53,59.93333333333334,,,,
06:15:00,769984,210,E,ML,34.202989,-118.191827,GOULD,20.4,182,61.2,46,66.16666666666667,51,62.9,44,58.7,41,56.23333333333333,,,,
06:15:00,770116,210,E,ML,34.234317,-118.286992,LA TUNA CANYON,14.39,215,63.56666666666666,66,69.2,67,66.10000000000001,49,56.66666666666666,33,58.16666666666666,,,,
06:15:00,770385,210,E,ML,34.206925,-118.21372,EB/NB 2 TO EB 210 CN,19.08,213,61.333333333333336,76,73.7,66,68.39999999999999,44,43.23333333333333,28,38.5,,,,
06:15:00,770578,210,E,ML,34.156489,-118.158295,WINONA WAY,24.442,70,68.5,50,69.96666666666667,20,64.73333333333333,,,,,,,,
06:20:00,717617,210,E,ML,34.179921,-118.167405,ARROYO,22.6,191,54.46666666666667,48,59.13333333333333,54,56.03333333333333,47,52.26666666666667,43,49.96666666666667,,,,
06:20:00,717620,210,E,ML,34.174756,-118.160407,LINCOLN 1,23.14,165,60.73333333333333,36,72.46666666666667,52,67.76666666666667,47,51.1,30,48.56666666666666,,,,
06:20:00,717625,210,E,ML,34.160546,-118.158748,MOUNTAIN 2,24.16,154,62.13333333333333,49,64.66666666666667,24,71.2,16,67.43333333333334,65,55.03333333333333,,,,
06:20:00,717628,210,E,ML,34.152216,-118.156144,WALNUT,24.81,30,65.06666666666666,30,65.06666666666666,,,,,,,,,,
06:20:00,717631,210,E,ML,34.15099,-118.152369,FAIR OAKS 1,25.12,115,64.4,24,69.8,35,66.3,31,62.9,25,58.6,,,,
06:20:00,717633,210,E,ML,34.151691,-118.142523,MARENGO,25.72,559,66.2,95,71.8,110,69.4,96,67.6,98,64.9,90,60.5,70,60.5
06:20:00,717635,210,E,ML,34.151658,-118.12944,LAKE 2,26.47,307,66.60000000000001,61,72.0,58,70.06666666666666,57,66.89999999999999,54,65.10000000000001,76,60.5,,
06:20:00,717638,210,E,ML,34.152187,-118.117782,HILL 1,27.14,356,67.53333333333333,93,73.33333333333333,84,71.76666666666667,60,72.16666666666667,62,68.8,56,45.333333333333336,,
06:20:00,717640,210,E,ML,34.152301,-118.109239,ALLEN,27.63,330,63.6,27,76.43333333333334,93,71.1,85,71.7,61,52.06666666666666,64,47.8,,
06:20:00,717646,210,E,ML,34.151406,-118.091041,SAN GABRIEL,28.68,346,62.6,93,73.93333333333334,94,69.89999999999999,62,58.53333333333333,50,46.56666666666666,47,47.8,,
06:20:00,717650,210,E,ML,34.147621,-118.079037,SIERRA MADRE V2,29.44,303,59.93333333333333,86,66.63333333333333,77,64.36666666666666,59,59.06666666666666,54,44.3,27,58.03333333333333,,
06:20:00,761093,210,E,HV,34.151691,-118.142523,MARENGO,25.72,114,64.4,114,64.4,,,,,,,,,,
06:20:00,761098,210,E,HV,34.151658,-118.12944,LAKE 2,26.47,114,64.4,114,64.4,,,,,,,,,,
06:20:00,761102,210,E,HV,34.152187,-118.117782,HILL 1,27.14,26,65.03333333333333,26,65.03333333333333,,,,,,,,,,
06:20:00,761105,210,E,HV,34.152301,-118.109239,ALLEN,27.63,58,64.66666666666667,58,64.66666666666667,,,,,,,,,,
06:20:00,761109,210,E,HV,34.151406,-118.091041,SAN GABRIEL,28.68,26,64.89999999999999,26,64.89999999999999,,,,,,,,,,
06:20:00,761112,210,E,HV,34.147621,-118.079037,SIERRA MADRE V2,29.44,26,65.1,26,65.1,,,,,,,,,,
06:20:00,763614,210,E,HV,34.15099,-118.152369,FAIR OAKS 1,25.12,114,64.4,114,64.4,,,,,,,,,,
06:20:00,769788,210,E,ML,34.189219,-118.180753,BERKSHIRE,21.58,203,59.133333333333326,53,63.9,57,60.76666666666667,49,56.5,44,54.26666666666667,,,,
06:20:00,769806,210,E,ML,34.196934,-118.185042,FOOTHILL,20.98,214,59.8,47,58.366666666666674,83,66.93333333333334,46,62.46666666666667,39,42.3,,,,
06:20:00,769819,210,E,ML,34.205892,-118.198234,ANGELES CREST HWY NB,19.98,115,64.4,24,69.8,35,66.3,31,62.9,25,58.6,,,,
06:20:00,769831,210,E,ML,34.206745,-118.201533,ANGELES CREST HWY SB,19.78,184,45.16666666666666,46,49.3,52,46.43333333333334,45,42.66666666666666,42,41.73333333333333,,,,
06:20:00,769847,210,E,ML,34.211728,-118.228265,OCEAN VIEW,18.18,230,64.76666666666667,86,74.13333333333334,75,69.56666666666666,46,42.86666666666667,23,58.43333333333334,,,,
06:20:00,769866,210,E,ML,34.218398,-118.239738,LA CRESCENTA,17.38,389,62.06666666666666,92,70.60000000000001,90,69.13333333333334,80,55.73333333333333,128,55.06666666666666,,,,
06:20:00,769880,210,E,ML,34.221426,-118.245718,PENNSYLVANIA,16.98,379,63.36666666666667,74,72.26666666666667,103,66.96666666666665,100,56.6,102,60.56666666666666,,,,
06:20:00,769895,210,E,ML,34.230849,-118.265101,LOWELL / HONOLULU,15.68,339,65.43333333333334,99,69.33333333333333,105,66.53333333333335,76,62.73333333333333,58,61.06666666666666,,,,
06:20:00,769984,210,E,ML,34.202989,-118.191827,GOULD,20.4,206,59.13333333333333,54,63.79999999999999,58,60.63333333333333,50,56.63333333333333,45,54.4,,,,
06:20:00,770116,210,E,ML,34.234317,-118.286992,LA TUNA CANYON,14.39,234,63.16666666666666,73,68.93333333333334,73,65.8,53,55.86666666666667,35,57.93333333333334,,,,
06:20:00,770385,210,E,ML,34.206925,-118.21372,EB/NB 2 TO EB 210 CN,19.08,216,59.66666666666666,67,73.86666666666666,73,68.53333333333335,45,40.6,31,36.03333333333333,,,,
06:20:00,770578,210,E,ML,34.156489,-118.158295,WINONA WAY,24.442,74,68.60000000000001,53,70.13333333333333,21,64.86666666666667,,,,,,,,
06:25:00,717617,210,E,ML,34.179921,-118.167405,ARROYO,22.6,202,57.2,50,61.9,57,58.73333333333333,50,55.13333333333333,45,52.53333333333333,,,,
06:25:00,717620,210,E,ML,34.174756,-118.160407,LINCOLN 1,23.14,174,60.86666666666667,37,71.93333333333334,48,68.06666666666666,55,53.06666666666666,34,50.73333333333333,,,,
06:25:00,717625,210,E,ML,34.160546,-118.158748,MOUNTAIN 2,24.16,179,62.73333333333333,52,65.46666666666667,28,71.23333333333333,18,66.73333333333333,81,56.73333333333333,,,,
06:25:00,717628,210,E,ML,34.152216,-118.156144,WALNUT,24.81,33,65.0,33,65.0,,,,,,,,,,
06:25:00,717631,210,E,ML,34.15099,-118.152369,FAIR OAKS 1,25.12,115,64.3,24,69.7,35,66.2,31,62.79999999999999,25,58.5,,,,
06:25:00,717633,210,E,ML,34.151691,-118.142523,MARENGO,25.72,569,65.9,97,71.5,112,69.1,98,67.3,100,64.6,91,60.29999999999999,71,60.29999999999999
06:25:00,717635,210,E,ML,34.151658,-118.12944,LAKE 2,26.47,340,66.60000000000001,68,72.03333333333335,64,70.10000000000001,64,66.93333333333334,60,65.10000000000001,84,60.5,,
06:25:00,717638,210,E,ML,34.152187,-118.117782,HILL 1,27.14,380,67.6,93,73.7,92,71.73333333333333,72,72.0,64,68.86666666666667,59,45.2,,
06:25:00,717640,210,E,ML,34.152301,-118.109239,ALLEN,27.63,364,65.0,34,76.3,100,70.83333333333333,92,71.46666666666665,70,57.86666666666667,68,49.46666666666666,,
06:25:00,717646,210,E,ML,34.151406,-118.091041,SAN GABRIEL,28.68,370,64.2,105,73.8,103,69.36666666666666,66,63.23333333333333,55,47.9,41,49.53333333333333,,
06:25:00,717650,210,E,ML,34.147621,-118.079037,SIERRA MADRE V2,29.44,318,61.63333333333333,92,68.2,83,65.93333333333334,66,59.13333333333333,53,46.9,24,59.03333333333333,,
06:25:00,761093,210,E,HV,34.151691,-118.142523,MARENGO,25.72,116,64.3,116,64.3,,,,,,,,,,
06:25:00,761098,210,E,HV,34.151658,-118.12944,LAKE 2,26.47,116,64.3,116,64.3,,,,,,,,,,
06:25:00,761102,210,E,HV,34.152187,-118.117782,HILL 1,27.14,37,65.03333333333333,37,65.03333333333333,,,,,,,,,,
06:25:00,761105,210,E,HV,34.152301,-118.109239,ALLEN,27.63,63,63.0,63,63.0,,,,,,,,,,
06:25:00,761109,210,E,HV,34.151406,-118.091041,SAN GABRIEL,28.68,36,64.93333333333334,36,64.93333333333334,,,,,,,,,,
06:25:00,761112,210,E,HV,34.147621,-118.079037,SIERRA MADRE V2,29.44,33,64.93333333333334,33,64.93333333333334,,,,,,,,,,
06:25:00,763614,210,E,HV,34.15099,-118.152369,FAIR OAKS 1,25.12,116,64.3,116,64.3,,,,,,,,,,
06:25:00,769788,210,E,ML,34.189219,-118.180753,BERKSHIRE,21.58,253,59.76666666666667,66,64.60000000000001,70,61.46666666666667,61,57.1,57,54.833333333333336,,,,
06:25:00,769806,210,E,ML,34.196934,-118.185042,FOOTHILL,20.98,255,58.43333333333334,57,56.2,92,66.5,67,61.5,40,38.53333333333333,,,,
06:25:00,769819,210,E,ML,34.205892,-118.198234,ANGELES CREST HWY NB,19.98,115,64.3,24,69.7,35,66.2,31,62.79999999999999,25,58.5,,,,
06:25:00,769831,210,E,ML,34.206745,-118.201533,ANGELES CREST HWY SB,19.78,230,47.1,60,51.2,64,48.36666666666667,55,44.53333333333333,51,43.46666666666667,,,,
06:25:00,769847,210,E,ML,34.211728,-118.228265,OCEAN VIEW,18.18,232,64.06666666666666,85,73.8,69,69.66666666666667,55,43.4,22,60.3,,,,
06:25:00,769866,210,E,ML,34.218398,-118.239738,LA CRESCENTA,17.38,406,61.833333333333336,84,70.03333333333333,93,68.26666666666667,93,55.13333333333333,135,56.833333333333336,,,,
06:25:00,769880,210,E,ML,34.221426,-118.245718,PENNSYLVANIA,16.98,387,62.66666666666666,77,72.36666666666667,108,65.36666666666666,104,56.46666666666667,99,59.5,,,,
06:25:00,769895,210,E,ML,34.230849,-118.265101,LOWELL / HONOLULU,15.68,378,64.36666666666667,117,68.2,112,64.83333333333333,85,62.16666666666666,65,60.96666666666666,,,,
06:25:00,769984,210,E,ML,34.202989,-118.191827,GOULD,20.4,256,59.76666666666667,67,64.5,70,61.333333333333336,62,57.26666666666667,57,54.96666666666667,,,,
06:25:00,770116,210,E,ML,34.234317,-118.286992,LA TUNA CANYON,14.39,279,61.93333333333334,89,67.2,86,64.60000000000001,63,54.76666666666667,41,57.46666666666667,,,,
06:25:00,770385,210,E,ML,34.206925,-118.21372,EB/NB 2 TO EB 210 CN,19.08,249,59.3,79,73.53333333333333,78,66.60000000000001,56,41.833333333333336,36,39.5,,,,
06:25:00,770578,210,E,ML,34.156489,-118.158295,WINONA WAY,24.442,76,68.8,52,70.7,23,64.73333333333333,,,,,,,,
06:30:00,717617,210,E,ML,34.179921,-118.167405,ARROYO,22.6,212,58.633333333333326,53,63.36666666666667,59,60.16666666666666,52,56.6,47,53.9,,,,
06:30:00,717620,210,E,ML,34.174756,-118.160407,LINCOLN 1,23.14,184,62.7,44,71.89999999999999,55,67.46666666666667,53,57.93333333333334,32,50.63333333333333,,,,
06:30:00,717625,210,E,ML,34.160546,-118.158748,MOUNTAIN 2,24.16,172,64.06666666666666,52,65.76666666666667,35,71.83333333333333,17,67.2,68,57.46666666666667,,,,
06:30:00,717628,210,E,ML,34.152216,-118.156144,WALNUT,24.81,27,65.16666666666667,27,65.16666666666667,,,,,,,,,,
06:30:00,717631,210,E,ML,34.15099,-118.152369,FAIR OAKS 1,25.12,115,64.3,24,69.7,35,66.2,31,62.79999999999999,25,58.5,,,,
06:30:00,717633,210,E,ML,34.151691,-118.142523,MARENGO,25.72,574,65.5,97,71.0,113,68.7,99,66.9,101,64.2,92,59.9,72,59.9
06:30:00,717635,210,E,ML,34.151658,-118.12944,LAKE 2,26.47,353,66.46666666666667,70,71.86666666666666,67,69.86666666666667,67,66.76666666666667,62,64.93333333333334,87,60.4,,
06:30:00,717638,210,E,ML,34.152187,-118.117782,HILL 1,27.14,399,68.16666666666667,106,72.93333333333334,95,71.26666666666667,70,72.2,71,68.83333333333333,57,48.5,,
06:30:00,717640,210,E,ML,34.152301,-118.109239,ALLEN,27.63,380,65.23333333333333,33,75.96666666666665,106,70.33333333333333,94,70.89999999999999,71,58.7,75,52.36666666666667,,
06:30:00,717646,210,E,ML,34.151406,-118.091041,SAN GABRIEL,28.68,379,62.333333333333336,107,73.43333333333334,99,67.9,71,60.1,54,48.46666666666667,47,45.43333333333334,,
06:30:00,717650,210,E,ML,34.147621,-118.079037,SIERRA MADRE V2,29.44,338,60.63333333333333,98,67.43333333333334,84,65.36666666666666,68,56.23333333333333,57,49.43333333333334,31,55.93333333333334,,
06:30:00,761093,210,E,HV,34.151691,-118.142523,MARENGO,25.72,116,64.3,116,64.3,,,,,,,,,,
06:30:00,761098,210,E,HV,34.151658,-118.12944,LAKE 2,26.47,116,64.3,116,64.3,,,,,,,,,,
06:30:00,761102,210,E,HV,34.152187,-118.117782,HILL 1,27.14,31,65.0,31,65.0,,,,,,,,,,
06:30:00,761105,210,E,HV,34.152301,-118.109239,ALLEN,27.63,56,63.6,56,63.6,,,,,,,,,,
06:30:00,761109,210,E,HV,34.151406,-118.091041,SAN GABRIEL,28.68,34,64.7,34,64.7,,,,,,,,,,
06:30:00,761112,210,E,HV,34.147621,-118.079037,SIERRA MADRE V2,29.44,39,64.86666666666666,39,64.86666666666666,,,,,,,,,,
06:30:00,763614,210,E,HV,34.15099,-118.152369,FAIR OAKS 1,25.12,116,64.3,116,64.3,,,,,,,,,,
06:30:00,769788,210,E,ML,34.189219,-118.180753,BERKSHIRE,21.58,288,59.96666666666667,76,64.76666666666667,79,61.63333333333333,69,57.26666666666667,64,54.96666666666667,,,,
06:30:00,769806,210,E,ML,34.196934,-118.185042,FOOTHILL,20.98,268,60.76666666666667,63,61.06666666666666,86,66.23333333333333,68,65.36666666666666,50,45.1,,,,
06:30:00,769819,210,E,ML,34.205892,-118.198234,ANGELES CREST HWY NB,19.98,115,64.3,24,69.7,35,66.2,31,62.79999999999999,25,58.5,,,,
06:30:00,769831,210,E,ML,34.206745,-118.201533,ANGELES CREST HWY SB,19.78,165,49.16666666666666,41,53.53333333333333,47,50.6,40,46.6,37,45.26666666666667,,,,
06:30:00,769847,210,E,ML,34.211728,-118.228265,OCEAN VIEW,18.18,249,64.63333333333333,93,73.46666666666667,80,68.63333333333334,51,44.76666666666667,25,59.93333333333334,,,,
06:30:00,769866,210,E,ML,34.218398,-118.239738,LA CRESCENTA,17.38,476,63.3,117,69.63333333333334,107,66.93333333333334,106,59.5,145,58.333333333333336,,,,
06:30:00,769880,210,E,ML,34.221426,-118.245718,PENNSYLVANIA,16.98,450,62.63333333333333,85,70.93333333333334,125,65.23333333333333,117,58.03333333333333,122,59.6,,,,
06:30:00,769895,210,E,ML,34.230849,-118.265101,LOWELL / HONOLULU,15.68,397,65.16666666666667,118,68.23333333333333,115,65.16666666666667,92,65.1,72,61.8,,,,
06:30:00,769984,210,E,ML,34.202989,-118.191827,GOULD,20.4,290,59.96666666666667,77,64.7,80,61.53333333333333,69,57.4,64,55.06666666666666,,,,
06:30:00,770116,210,E,ML,34.234317,-118.286992,LA TUNA CANYON,14.39,272,62.96666666666666,86,67.8,84,65.06666666666666,62,57.53333333333333,40,58.23333333333333,,,,
06:30:00,770385,210,E,ML,34.206925,-118.21372,EB/NB 2 TO EB 210 CN,19.08,217,62.79999999999999,82,74.0,75,67.43333333333334,37,44.23333333333333,24,41.13333333333333,,,,
06:30:00,770578,210,E,ML,34.156489,-118.158295,WINONA WAY,24.442,73,68.96666666666667,56,70.23333333333333,17,64.96666666666667,,,,,,,,
06:35:00,717617,210,E,ML,34.179921,-118.167405,ARROYO,22.6,234,59.6,60,64.56666666666666,65,61.29999999999999,57,57.4,52,54.53333333333333,,,,
06:35:00,717620,210,E,ML,34.174756,-118.160407,LINCOLN 1,23.14,209,63.633333333333326,49,71.8,63,67.73333333333333,62,57.833333333333336,35,55.333333333333336,,,,
06:35:00,717625,210,E,ML,34.160546,-118.158748,MOUNTAIN 2,24.16,207,63.6,57,66.2,33,70.83333333333333,22,67.06666666666666,94,58.56666666666666,,,,
06:35:00,717628,210,E,ML,34.152216,-118.156144,WALNUT,24.81,35,64.36666666666666,35,64.36666666666666,,,,,,,,,,
06:35:00,717631,210,E,ML,34.15099,-118.152369,FAIR OAKS 1,25.12,119,64.2,25,69.6,36,66.1,32,62.70000000000001,26,58.4,,,,
06:35:00,717633,210,E,ML,34.151691,-118.142523,MARENGO,25.72,592,65.7,100,71.2,117,68.9,102,67.1,104,64.4,95,60.1,74,60.1
06:35:00,717635,210,E,ML,34.151658,-118.12944,LAKE 2,26.47,365,66.03333333333333,72,71.43333333333334,70,69.33333333333333,69,66.33333333333333,64,64.5,90,60.03333333333333,,
06:35:00,717638,210,E,ML,34.152187,-118.117782,HILL 1,27.14,432,67.86666666666666,113,73.3,108,70.2,73,71.8,71,68.63333333333334,66,49.63333333333333,,
06:35:00,717640,210,E,ML,34.152301,-118.109239,ALLEN,27.63,407,65.93333333333334,31,76.26666666666667,119,70.23333333333333,106,70.66666666666667,74,61.73333333333333,78,52.93333333333334,,
06:35:00,717646,210,E,ML,34.151406,-118.091041,SAN GABRIEL,28.68,413,63.866666666666674,117,73.73333333333333,114,67.83333333333333,65,63.0,61,49.93333333333334,55,50.56666666666666,,
06:35:00,717650,210,E,ML,34.147621,-118.079037,SIERRA MADRE V2,29.44,368,61.56666666666667,112,67.73333333333333,91,64.43333333333334,75,58.9,59,49.6,31,58.4,,
06:35:00,761093,210,E,HV,34.151691,-118.142523,MARENGO,25.72,118,64.2,118,64.2,,,,,,,,,,
06:35:00,761098,210,E,HV,34.151658,-118.12944,LAKE 2,26.47,118,64.2,118,64.2,,,,,,,,,,
06:35:00,761102,210,E,HV,34.152187,-118.117782,HILL 1,27.14,34,64.89999999999999,34,64.89999999999999,,,,,,,,,,
06:35:00,761105,210,E,HV,34.152301,-118.109239,ALLEN,27.63,71,65.0,71,65.0,,,,,,,,,,
06:35:00,761109,210,E,HV,34.151406,-118.091041,SAN GABRIEL,28.68,37,64.96666666666665,37,64.96666666666665,,,,,,,,,,
06:35:00,761112,210,E,HV,34.147621,-118.079037,SIERRA MADRE V2,29.44,34,64.86666666666667,34,64.86666666666667,,,,,,,,,,
06:35:00,763614,210,E,HV,34.15099,-118.152369,FAIR OAKS 1,25.12,118,64.2,118,64.2,,,,,,,,,,
06:35:00,769788,210,E,ML,34.189219,-118.180753,BERKSHIRE,21.58,253,61.36666666666667,66,66.33333333333333,70,63.1,61,58.66666666666666,56,56.2,,,,
06:35:00,769806,210,E,ML,34.196934,-118.185042,FOOTHILL,20.98,266,62.3,61,62.4,92,67.10000000000001,65,67.60000000000001,48,45.7,,,,
06:35:00,769819,210,E,ML,34.205892,-118.198234,ANGELES CREST HWY NB,19.98,119,64.2,25,69.6,36,66.1,32,62.70000000000001,26,58.4,,,,
06:35:00,769831,210,E,ML,34.206745,-118.201533,ANGELES CREST HWY SB,19.78,214,49.26666666666667,56,53.76666666666667,60,50.76666666666667,52,46.4,46,45.1,,,,
06:35:00,769847,210,E,ML,34.211728,-118.228265,OCEAN VIEW,18.18,264,65.7,101,73.7,90,69.2,48,44.333333333333336,26,61.9,,,,
06:35:00,769866,210,E,ML,34.218398,-118.239738,LA CRESCENTA,17.38,513,63.06666666666666,120,69.2,113,66.63333333333334,116,60.1,163,57.8,,,,
06:35:00,769880,210,E,ML,34.221426,-118.245718,PENNSYLVANIA,16.98,471,62.23333333333333,98,70.5,126,64.53333333333333,117,58.1,130,58.73333333333333,,,,
06:35:00,769895,210,E,ML,34.230849,-118.265101,LOWELL / HONOLULU,15.68,405,65.03333333333333,126,67.86666666666667,114,65.13333333333334,91,65.2,74,61.66666666666666,,,,
06:35:00,769984,210,E,ML,34.202989,-118.191827,GOULD,20.4,254,61.333333333333336,67,66.23333333333333,70,63.03333333333334,61,58.76666666666667,56,56.3,,,,
06:35:00,770116,210,E,ML,34.234317,-118.286992,LA TUNA CANYON,14.39,259,62.66666666666666,82,67.63333333333334,80,64.93333333333334,59,56.76666666666667,38,58.06666666666666,,,,
06:35:00,770385,210,E,ML,34.206925,-118.21372,EB/NB 2 TO EB 210 CN,19.08,251,61.23333333333333,85,73.96666666666665,79,67.23333333333333,46,42.93333333333334,41,43.53333333333333,,,,
06:35:00,770578,210,E,ML,34.156489,-118.158295,WINONA WAY,24.442,94,67.83333333333333,69,69.16666666666667,26,63.96666666666667,,,,,,,,
06:40:00,717617,210,E,ML,34.179921,-118.167405,ARROYO,22.6,233,58.03333333333333,59,62.833333333333336,65,59.63333333333333,57,55.93333333333334,52,53.23333333333333,,,,
06:40:00,717620,210,E,ML,34.174756,-118.160407,LINCOLN 1,23.14,211,62.53333333333333,51,72.16666666666667,57,67.56666666666666,69,57.06666666666666,34,51.1,,,,
06:40:00,717625,210,E,ML,34.160546,-118.158748,MOUNTAIN 2,24.16,245,63.86666666666667,58,65.76666666666667,54,71.10000000000001,36,66.56666666666666,97,57.6,,,,
06:40:00,717628,210,E,ML,34.152216,-118.156144,WALNUT,24.81,40,64.5,40,64.5,,,,,,,,,,
06:40:00,717631,210,E,ML,34.15099,-118.152369,FAIR OAKS 1,25.12,119,64.1,25,69.5,36,66.0,32,62.6,26,58.29999999999999,,,,
06:40:00,717633,210,E,ML,34.151691,-118.142523,MARENGO,25.72,609,65.3,103,70.8,120,68.5,105,66.6,107,64.0,98,59.70000000000001,76,59.70000000000001
06:40:00,717635,210,E,ML,34.151658,-118.12944,LAKE 2,26.47,378,66.2,75,71.60000000000001,72,69.5,72,66.5,67,64.63333333333333,93,60.16666666666666,,
06:40:00,717638,210,E,ML,34.152187,-118.117782,HILL 1,27.14,446,67.89999999999999,124,72.5,105,70.63333333333334,78,72.10000000000001,69,68.63333333333333,69,50.23333333333333,,
06:40:00,717640,210,E,ML,34.152301,-118.109239,ALLEN,27.63,423,66.26666666666667,43,76.13333333333333,128,70.73333333333333,96,70.36666666666666,81,63.0,75,51.333333333333336,,
06:40:00,717646,210,E,ML,34.151406,-118.091041,SAN GABRIEL,28.68,431,65.06666666666666,124,73.76666666666667,110,70.93333333333334,76,62.96666666666667,62,52.23333333333333,59,51.86666666666667,,
06:40:00,717650,210,E,ML,34.147621,-118.079037,SIERRA MADRE V2,29.44,386,63.96666666666666,114,69.5,94,67.3,78,63.366666666666674,64,52.0,36,59.9,,
06:40:00,761093,210,E,HV,34.151691,-118.142523,MARENGO,25.72,118,64.1,118,64.1,,,,,,,,,,
06:40:00,761098,210,E,HV,34.151658,-118.12944,LAKE 2,26.47,118,64.1,118,64.1,,,,,,,,,,
06:40:00,761102,210,E,HV,34.152187,-118.117782,HILL 1,27.14,40,64.89999999999999,40,64.89999999999999,,,,,,,,,,
06:40:00,761105,210,E,HV,34.152301,-118.109239,ALLEN,27.63,72,65.60000000000001,72,65.60000000000001,,,,,,,,,,
06:40:00,761109,210,E,HV,34.151406,-118.091041,SAN GABRIEL,28.68,42,64.83333333333333,42,64.83333333333333,,,,,,,,,,
06:40:00,761112,210,E,HV,34.147621,-118.079037,SIERRA MADRE V2,29.44,35,64.8,35,64.8,,,,,,,,,,
06:40:00,763614,210,E,HV,34.15099,-118.152369,FAIR OAKS 1,25.12,118,64.1,118,64.1,,,,,,,,,,
06:40:00,769788,210,E,ML,34.189219,-118.180753,BERKSHIRE,21.58,236,62.43333333333334,61,67.53333333333333,66,64.26666666666667,57,59.73333333333333,52,57.16666666666666,,,,
06:40:00,769806,210,E,ML,34.196934,-118.185042,FOOTHILL,20.98,229,63.66666666666666,56,64.36666666666666,70,67.89999999999999,58,70.66666666666667,44,46.73333333333333,,,,
06:40:00,769819,210,E,ML,34.205892,-118.198234,ANGELES CREST HWY NB,19.98,119,64.1,25,69.5,36,66.0,32,62.6,26,58.29999999999999,,,,
06:40:00,769831,210,E,ML,34.206745,-118.201533,ANGELES CREST HWY SB,19.78,254,50.833333333333336,66,55.06666666666666,70,52.2,61,48.36666666666667,56,46.9,,,,
06:40:00,769847,210,E,ML,34.211728,-118.228265,OCEAN VIEW,18.18,295,66.33333333333333,113,72.93333333333334,95,69.39999999999999,54,47.76666666666667,33,65.89999999999999,,,,
06:40:00,769866,210,E,ML,34.218398,-118.239738,LA CRESCENTA,17.38,534,63.93333333333333,129,69.0,119,66.86666666666667,123,62.53333333333333,162,58.93333333333334,,,,
06:40:00,769880,210,E,ML,34.221426,-118.245718,PENNSYLVANIA,16.98,493,62.76666666666667,96,72.5,142,65.13333333333333,125,57.86666666666667,130,58.53333333333333,,,,
06:40:00,769895,210,E,ML,34.230849,-118.265101,LOWELL / HONOLULU,15.68,437,64.96666666666667,135,67.66666666666667,129,64.8,101,65.2,72,61.63333333333333,,,,
06:40:00,769984,210,E,ML,34.202989,-118.191827,GOULD,20.4,237,62.4,62,67.46666666666665,66,64.16666666666667,57,59.73333333333333,52,57.2,,,,
06:40:00,770116,210,E,ML,34.234317,-118.286992,LA TUNA CANYON,14.39,308,62.76666666666667,99,67.39999999999999,95,64.73333333333333,70,57.6,44,58.2,,,,
06:40:00,770385,210,E,ML,34.206925,-118.21372,EB/NB 2 TO EB 210 CN,19.08,314,62.13333333333333,107,73.66666666666667,100,67.73333333333333,58,47.13333333333333,49,41.833333333333336,,,,
06:40:00,770578,210,E,ML,34.156489,-118.158295,WINONA WAY,24.442,108,67.39999999999999,75,68.66666666666667,33,64.13333333333334,,,,,,,,
06:45:00,717617,210,E,ML,34.179921,-118.167405,ARROYO,22.6,219,56.23333333333333,55,60.73333333333333,61,57.6,54,54.3,49,51.8,,,,
06:45:00,717620,210,E,ML,34.174756,-118.160407,LINCOLN 1,23.14,223,62.333333333333336,60,71.76666666666667,64,68.66666666666667,60,54.833333333333336,39,49.06666666666666,,,,
06:45:00,717625,210,E,ML,34.160546,-118.158748,MOUNTAIN 2,24.16,244,64.96666666666667,56,66.76666666666667,56,70.66666666666667,30,65.0,102,60.833333333333336,,,,
06:45:00,717628,210,E,ML,34.152216,-118.156144,WALNUT,24.81,32,64.73333333333333,32,64.73333333333333,,,,,,,,,,
06:45:00,717631,210,E,ML,34.15099,-118.152369,FAIR OAKS 1,25.12,119,64.1,25,69.5,36,66.0,32,62.6,26,58.29999999999999,,,,
06:45:00,717633,210,E,ML,34.151691,-118.142523,MARENGO,25.72,619,65.3,105,70.8,122,68.5,107,66.6,109,64.0,99,59.70000000000001,77,59.70000000000001
06:45:00,717635,210,E,ML,34.151658,-118.12944,LAKE 2,26.47,447,66.43333333333334,87,71.8,87,69.86666666666667,85,66.73333333333333,79,64.89999999999999,109,60.3,,
06:45:00,717638,210,E,ML,34.152187,-118.117782,HILL 1,27.14,490,67.26666666666667,128,71.66666666666667,110,71.06666666666666,88,72.0,83,69.03333333333335,80,48.06666666666666,,
06:45:00,717640,210,E,ML,34.152301,-118.109239,ALLEN,27.63,463,67.23333333333333,44,75.83333333333333,133,70.13333333333334,118,70.63333333333334,83,65.66666666666667,84,55.1,,
06:45:00,717646,210,E,ML,34.151406,-118.091041,SAN GABRIEL,28.68,482,64.56666666666666,137,73.53333333333333,128,71.26666666666667,80,59.3,67,52.26666666666667,71,52.5,,
06:45:00,717650,210,E,ML,34.147621,-118.079037,SIERRA MADRE V2,29.44,421,64.23333333333333,123,70.10000000000001,103,67.60000000000001,84,62.633333333333326,70,51.833333333333336,42,62.3,,
06:45:00,761093,210,E,HV,34.151691,-118.142523,MARENGO,25.72,118,64.1,118,64.1,,,,,,,,,,
06:45:00,761098,210,E,HV,34.151658,-118.12944,LAKE 2,26.47,118,64.1,118,64.1,,,,,,,,,,
06:45:00,761102,210,E,HV,34.152187,-118.117782,HILL 1,27.14,44,64.83333333333333,44,64.83333333333333,,,,,,,,,,
06:45:00,761105,210,E,HV,34.152301,-118.109239,ALLEN,27.63,90,65.3,90,65.3,,,,,,,,,,
06:45:00,761109,210,E,HV,34.151406,-118.091041,SAN GABRIEL,28.68,47,64.43333333333334,47,64.43333333333334,,,,,,,,,,
06:45:00,761112,210,E,HV,34.147621,-118.079037,SIERRA MADRE V2,29.44,46,64.13333333333334,46,64.13333333333334,,,,,,,,,,
06:45:00,763614,210,E,HV,34.15099,-118.152369,FAIR OAKS 1,25.12,118,64.1,118,64.1,,,,,,,,,,
06:45:00,769788,210,E,ML,34.189219,-118.180753,BERKSHIRE,21.58,277,62.46666666666667,73,67.53333333333333,76,64.3,66,59.73333333333333,62,57.2,,,,
06:45:00,769806,210,E,ML,34.196934,-118.185042,FOOTHILL,20.98,286,62.36666666666667,68,62.23333333333333,89,68.5,74,68.5,55,44.36666666666667,,,,
06:45:00,769819,210,E,ML,34.205892,-118.198234,ANGELES CREST HWY NB,19.98,119,64.1,25,69.5,36,66.0,32,62.6,26,58.29999999999999,,,,
06:45:00,769831,210,E,ML,34.206745,-118.201533,ANGELES CREST HWY SB,19.78,294,52.56666666666666,78,56.96666666666667,81,53.96666666666667,70,49.86666666666667,65,48.23333333333333,,,,
06:45:00,769847,210,E,ML,34.211728,-118.228265,OCEAN VIEW,18.18,302,65.89999999999999,117,72.76666666666667,100,68.60000000000001,54,45.73333333333333,32,66.39999999999999,,,,
06:45:00,769866,210,E,ML,34.218398,-118.239738,LA CRESCENTA,17.38,553,62.03333333333333,143,68.56666666666668,128,66.2,113,55.7,169,57.13333333333333,,,,
06:45:00,769880,210,E,ML,34.221426,-118.245718,PENNSYLVANIA,16.98,523,62.43333333333334,97,71.46666666666667,151,64.93333333333334,130,58.833333333333336,146,58.2,,,,
06:45:00,769895,210,E,ML,34.230849,-118.265101,LOWELL / HONOLULU,15.68,460,64.8,142,67.16666666666667,134,64.73333333333333,104,65.23333333333333,80,62.26666666666667,,,,
06:45:00,769984,210,E,ML,34.202989,-118.191827,GOULD,20.4,278,62.43333333333334,73,67.46666666666667,76,64.16666666666667,67,59.8,62,57.23333333333333,,,,
06:45:00,770116,210,E,ML,34.234317,-118.286992,LA TUNA CANYON,14.39,313,62.53333333333333,100,67.10000000000001,96,64.53333333333333,71,57.333333333333336,45,58.13333333333333,,,,
06:45:00,770385,210,E,ML,34.206925,-118.21372,EB/NB 2 TO EB 210 CN,19.08,341,61.06666666666666,116,73.10000000000001,95,66.83333333333333,70,47.26666666666667,60,45.7,,,,
06:45:00,770578,210,E,ML,34.156489,-118.158295,WINONA WAY,24.442,104,67.7,81,68.56666666666668,23,64.39999999999999,,,,,,,,
06:50:00,717617,210,E,ML,34.179921,-118.167405,ARROYO,22.6,242,57.333333333333336,62,62.0,67,58.833333333333336,59,55.23333333333333,54,52.6,,,,
06:50:00,717620,210,E,ML,34.174756,-118.160407,LINCOLN 1,23.14,238,62.46666666666667,60,72.16666666666667,68,68.7,68,54.03333333333333,42,52.2,,,,
06:50:00,717625,210,E,ML,34.160546,-118.158748,MOUNTAIN 2,24.16,259,63.3,68,65.16666666666667,50,71.60000000000001,42,65.26666666666667,99,56.43333333333334,,,,
06:50:00,717628,210,E,ML,34.152216,-118.156144,WALNUT,24.81,46,63.66666666666666,46,63.66666666666666,,,,,,,,,,
06:50:00,717631,210,E,ML,34.15099,-118.152369,FAIR OAKS 1,25.12,116,64.1,24,69.5,35,66.0,31,62.6,26,58.29999999999999,,,,
06:50:00,717633,210,E,ML,34.151691,-118.142523,MARENGO,25.72,618,65.3,105,70.8,122,68.5,106,66.6,109,64.0,99,59.70000000000001,77,59.70000000000001
06:50:00,717635,210,E,ML,34.151658,-118.12944,LAKE 2,26.47,466,66.16666666666667,90,71.60000000000001,91,69.53333333333333,89,66.5,82,64.66666666666667,114,60.133333333333326,,
06:50:00,717638,210,E,ML,34.152187,-118.117782,HILL 1,27.14,522,67.7,138,71.2,114,70.23333333333333,98,72.06666666666666,85,69.03333333333333,86,52.06666666666666,,
06:50:00,717640,210,E,ML,34.152301,-118.109239,ALLEN,27.63,482,66.8,48,75.83333333333333,138,69.76666666666667,114,69.23333333333333,89,64.86666666666666,93,56.43333333333334,,
06:50:00,717646,210,E,ML,34.151406,-118.091041,SAN GABRIEL,28.68,481,65.2,148,73.06666666666666,118,70.23333333333333,82,60.76666666666667,70,55.9,64,53.5,,
06:50:00,717650,210,E,ML,34.147621,-118.079037,SIERRA MADRE V2,29.44,429,64.6,129,69.33333333333333,105,67.39999999999999,83,64.0,73,54.6,39,61.43333333333333,,
06:50:00,761093,210,E,HV,34.151691,-118.142523,MARENGO,25.72,117,64.1,117,64.1,,,,,,,,,,
06:50:00,761098,210,E,HV,34.151658,-118.12944,LAKE 2,26.47,117,64.1,117,64.1,,,,,,,,,,
06:50:00,761102,210,E,HV,34.152187,-118.117782,HILL 1,27.14,46,64.76666666666667,46,64.76666666666667,,,,,,,,,,
06:50:00,761105,210,E,HV,34.152301,-118.109239,ALLEN,27.63,96,64.86666666666666,96,64.86666666666666,,,,,,,,,,
06:50:00,761109,210,E,HV,34.151406,-118.091041,SAN GABRIEL,28.68,44,64.43333333333334,44,64.43333333333334,,,,,,,,,,
06:50:00,761112,210,E,HV,34.147621,-118.079037,SIERRA MADRE V2,29.44,45,64.13333333333333,45,64.13333333333333,,,,,,,,,,
06:50:00,763614,210,E,HV,34.15099,-118.152369,FAIR OAKS 1,25.12,117,64.1,117,64.1,,,,,,,,,,
06:50:00,769788,210,E,ML,34.189219,-118.180753,BERKSHIRE,21.58,267,61.36666666666667,70,66.33333333333333,74,63.13333333333333,64,58.63333333333333,59,56.2,,,,
06:50:00,769806,210,E,ML,34.196934,-118.185042,FOOTHILL,20.98,283,61.2,65,60.9,96,67.5,68,66.5,54,43.53333333333333,,,,
06:50:00,769819,210,E,ML,34.205892,-118.198234,ANGELES CREST HWY NB,19.98,116,64.1,24,69.5,35,66.0,31,62.6,26,58.29999999999999,,,,
06:50:00,769831,210,E,ML,34.206745,-118.201533,ANGELES CREST HWY SB,19.78,303,55.9,80,60.6,83,57.53333333333333,72,53.16666666666666,67,51.16666666666666,,,,
06:50:00,769847,210,E,ML,34.211728,-118.228265,OCEAN VIEW,18.18,299,66.23333333333333,119,72.36666666666667,91,70.03333333333335,58,46.06666666666666,31,69.56666666666666,,,,
06:50:00,769866,210,E,ML,34.218398,-118.239738,LA CRESCENTA,17.38,552,60.1,137,68.26666666666667,128,65.39999999999999,128,53.73333333333333,159,54.03333333333333,,,,
06:50:00,769880,210,E,ML,34.221426,-118.245718,PENNSYLVANIA,16.98,531,61.96666666666667,108,70.73333333333333,148,64.10000000000001,130,57.96666666666667,145,58.03333333333333,,,,
06:50:00,769895,210,E,ML,34.230849,-118.265101,LOWELL / HONOLULU,15.68,444,64.7,135,66.86666666666667,128,65.0,102,64.86666666666667,79,61.96666666666667,,,,
06:50:00,769984,210,E,ML,34.202989,-118.191827,GOULD,20.4,269,61.36666666666667,71,66.26666666666667,74,63.0,65,58.76666666666667,59,56.3,,,,
06:50:00,770116,210,E,ML,34.234317,-118.286992,LA TUNA CANYON,14.39,304,63.16666666666666,98,67.7,94,64.96666666666667,69,58.4,44,58.4,,,,
06:50:00,770385,210,E,ML,34.206925,-118.21372,EB/NB 2 TO EB 210 CN,19.08,370,62.2,125,71.36666666666667,101,66.33333333333333,72,50.53333333333333,71,52.0,,,,
06:50:00,770578,210,E,ML,34.156489,-118.158295,WINONA WAY,24.442,147,66.53333333333333,108,67.60000000000001,39,63.1,,,,,,,,
06:55:00,717617,210,E,ML,34.179921,-118.167405,ARROYO,22.6,265,58.96666666666667,69,63.833333333333336,74,60.63333333333333,64,56.66666666666666,58,53.93333333333334,,,,
06:55:00,717620,210,E,ML,34.174756,-118.160407,LINCOLN 1,23.14,253,63.6,63,71.56666666666666,78,68.89999999999999,69,57.73333333333333,44,51.93333333333334,,,,
06:55:00,717625,210,E,ML,34.160546,-118.158748,MOUNTAIN 2,24.16,242,65.06666666666666,66,67.46666666666667,48,72.0,36,66.96666666666667,92,58.8,,,,
06:55:00,717628,210,E,ML,34.152216,-118.156144,WALNUT,24.81,38,64.46666666666665,38,64.46666666666665,,,,,,,,,,
06:55:00,717631,210,E,ML,34.15099,-118.152369,FAIR OAKS 1,25.12,115,64.0,24,69.4,35,65.9,31,62.5,25,58.20000000000001,,,,
06:55:00,717633,210,E,ML,34.151691,-118.142523,MARENGO,25.72,598,65.1,101,70.6,118,68.3,103,66.4,105,63.9,96,59.5,75,59.5
06:55:00,717635,210,E,ML,34.151658,-118.12944,LAKE 2,26.47,447,66.33333333333333,87,71.73333333333333,87,69.66666666666667,86,66.63333333333333,79,64.8,109,60.26666666666667,,
06:55:00,717638,210,E,ML,34.152187,-118.117782,HILL 1,27.14,505,67.8,135,72.10000000000001,118,70.56666666666666,86,72.06666666666666,84,69.10000000000001,82,51.1,,
06:55:00,717640,210,E,ML,34.152301,-118.109239,ALLEN,27.63,480,67.03333333333335,49,75.73333333333333,138,70.53333333333333,123,69.33333333333333,82,63.73333333333333,88,56.53333333333334,,
06:55:00,717646,210,E,ML,34.151406,-118.091041,SAN GABRIEL,28.68,483,65.26666666666667,142,73.03333333333333,128,70.89999999999999,77,60.23333333333333,68,55.2,68,54.16666666666666,,
06:55:00,717650,210,E,ML,34.147621,-118.079037,SIERRA MADRE V2,29.44,421,64.0,130,69.13333333333334,106,67.13333333333334,85,62.7,66,52.13333333333333,35,59.93333333333334,,
06:55:00,761093,210,E,HV,34.151691,-118.142523,MARENGO,25.72,115,64.0,115,64.0,,,,,,,,,,
06:55:00,761098,210,E,HV,34.151658,-118.12944,LAKE 2,26.47,115,64.0,115,64.0,,,,,,,,,,
06:55:00,761102,210,E,HV,34.152187,-118.117782,HILL 1,27.14,51,64.93333333333334,51,64.93333333333334,,,,,,,,,,
06:55:00,761105,210,E,HV,34.152301,-118.109239,ALLEN,27.63,93,64.63333333333334,93,64.63333333333334,,,,,,,,,,
06:55:00,761109,210,E,HV,34.151406,-118.091041,SAN GABRIEL,28.68,53,64.10000000000001,53,64.10000000000001,,,,,,,,,,
06:55:00,761112,210,E,HV,34.147621,-118.079037,SIERRA MADRE V2,29.44,48,64.03333333333333,48,64.03333333333333,,,,,,,,,,
06:55:00,763614,210,E,HV,34.15099,-118.152369,FAIR OAKS 1,25.12,115,64.0,115,64.0,,,,,,,,,,
06:55:00,769788,210,E,ML,34.189219,-118.180753,BERKSHIRE,21.58,260,61.3,68,66.26666666666667,72,63.03333333333333,62,58.6,58,56.13333333333333,,,,
06:55:00,769806,210,E,ML,34.196934,-118.185042,FOOTHILL,20.98,261,61.6,62,61.5,83,67.7,69,63.9,47,47.56666666666666,,,,
06:55:00,769819,210,E,ML,34.205892,-118.198234,ANGELES CREST HWY NB,19.98,115,64.0,24,69.4,35,65.9,31,62.5,25,58.20000000000001,,,,
06:55:00,769831,210,E,ML,34.206745,-118.201533,ANGELES CREST HWY SB,19.78,245,54.26666666666667,63,58.93333333333334,68,55.86666666666667,59,51.56666666666666,55,49.76666666666667,,,,
06:55:00,769847,210,E,ML,34.211728,-118.228265,OCEAN VIEW,18.18,301,65.46666666666667,124,72.5,94,69.2,56,43.7,28,66.33333333333333,,,,
06:55:00,769866,210,E,ML,34.218398,-118.239738,LA CRESCENTA,17.38,556,58.96666666666667,136,66.8,131,63.8,134,53.26666666666667,155,52.76666666666667,,,,
06:55:00,769880,210,E,ML,34.221426,-118.245718,PENNSYLVANIA,16.98,533,60.86666666666667,103,70.43333333333334,149,62.366666666666674,128,56.9,152,57.26666666666667,,,,
06:55:00,769895,210,E,ML,34.230849,-118.265101,LOWELL / HONOLULU,15.68,458,63.6,140,65.7,135,63.76666666666667,104,63.86666666666667,78,61.53333333333333,,,,
06:55:00,769984,210,E,ML,34.202989,-118.191827,GOULD,20.4,262,61.26666666666667,69,66.16666666666667,72,62.93333333333334,63,58.7,58,56.26666666666667,,,,
06:55:00,770116,210,E,ML,34.234317,-118.286992,LA TUNA CANYON,14.39,347,61.16666666666666,114,65.23333333333333,106,63.03333333333334,78,56.36666666666667,49,57.66666666666666,,,,
06:55:00,770385,210,E,ML,34.206925,-118.21372,EB/NB 2 TO EB 210 CN,19.08,295,62.1,93,72.76666666666667,94,67.60000000000001,64,49.56666666666666,44,46.96666666666667,,,,
06:55:00,770578,210,E,ML,34.156489,-118.158295,WINONA WAY,24.442,104,68.36666666666667,74,70.06666666666668,30,64.10000000000001,,,,,,,,
07:00:00,717617,210,E,ML,34.179921,-118.167405,ARROYO,22.6,241,60.76666666666667,62,65.66666666666667,67,62.43333333333334,59,58.56666666666666,53,55.6,,,,
07:00:00,717620,210,E,ML,34.174756,-118.160407,LINCOLN 1,23.14,228,62.36666666666667,58,70.96666666666667,65,68.06666666666666,62,55.333333333333336,43,53.5,,,,
07:00:00,717625,210,E,ML,34.160546,-118.158748,MOUNTAIN 2,24.16,228,64.89999999999999,63,67.13333333333334,53,71.3,23,67.03333333333335,90,58.9,,,,
07:00:00,717628,210,E,ML,34.152216,-118.156144,WALNUT,24.81,42,65.5,42,65.5,,,,,,,,,,
07:00:00,717631,210,E,ML,34.15099,-118.152369,FAIR OAKS 1,25.12,115,64.0,24,69.4,35,65.9,31,62.5,25,58.20000000000001,,,,
07:00:00,717633,210,E,ML,34.151691,-118.142523,MARENGO,25.72,597,64.8,101,70.3,118,68.0,103,66.1,105,63.6,96,59.20000000000001,74,59.20000000000001
07:00:00,717635,210,E,ML,34.151658,-118.12944,LAKE 2,26.47,439,66.1,85,71.5,86,69.39999999999999,84,66.39999999999999,77,64.56666666666666,107,60.03333333333333,,
07:00:00,717638,210,E,ML,34.152187,-118.117782,HILL 1,27.14,488,67.5,130,71.86666666666667,109,69.96666666666667,85,71.96666666666667,81,69.0,82,51.23333333333333,,
07:00:00,717640,210,E,ML,34.152301,-118.109239,ALLEN,27.63,465,66.7,48,76.33333333333333,131,70.3,115,68.8,83,61.26666666666667,88,58.43333333333334,,
07:00:00,717646,210,E,ML,34.151406,-118.091041,SAN GABRIEL,28.68,472,65.0,138,72.39999999999999,122,69.46666666666667,80,59.36666666666667,64,59.06666666666666,68,53.96666666666667,,
07:00:00,717650,210,E,ML,34.147621,-118.079037,SIERRA MADRE V2,29.44,413,63.86666666666667,121,69.10000000000001,99,66.53333333333333,84,63.1,68,54.76666666666667,40,58.03333333333333,,
07:00:00,761093,210,E,HV,34.151691,-118.142523,MARENGO,25.72,115,64.0,115,64.0,,,,,,,,,,
07:00:00,761098,210,E,HV,34.151658,-118.12944,LAKE 2,26.47,115,64.0,115,64.0,,,,,,,,,,
07:00:00,761102,210,E,HV,34.152187,-118.117782,HILL 1,27.14,49,64.96666666666667,49,64.96666666666667,,,,,,,,,,
07:00:00,761105,210,E,HV,34.152301,-118.109239,ALLEN,27.63,92,65.2,92,65.2,,,,,,,,,,
07:00:00,761109,210,E,HV,34.151406,-118.091041,SAN GABRIEL,28.68,49,64.63333333333334,49,64.63333333333334,,,,,,,,,,
07:00:00,761112,210,E,HV,34.147621,-118.079037,SIERRA MADRE V2,29.44,48,64.26666666666667,48,64.26666666666667,,,,,,,,,,
07:00:00,763614,210,E,HV,34.15099,-118.152369,FAIR OAKS 1,25.12,115,64.0,115,64.0,,,,,,,,,,
07:00:00,769788,210,E,ML,34.189219,-118.180753,BERKSHIRE,21.58,260,57.833333333333336,68,62.5,72,59.4,63,55.2,57,53.06666666666666,,,,
07:00:00,769806,210,E,ML,34.196934,-118.185042,FOOTHILL,20.98,275,58.8,62,56.26666666666667,98,69.46666666666667,66,58.63333333333333,50,41.66666666666666,,,,
07:00:00,769819,210,E,ML,34.205892,-118.198234,ANGELES CREST HWY NB,19.98,115,64.0,24,69.4,35,65.9,31,62.5,25,58.20000000000001,,,,
07:00:00,769831,210,E,ML,34.206745,-118.201533,ANGELES CREST HWY SB,19.78,217,52.93333333333334,56,57.5,61,54.46666666666667,52,50.26666666666667,48,48.6,,,,
07:00:00,769847,210,E,ML,34.211728,-118.228265,OCEAN VIEW,18.18,265,65.46666666666667,106,72.0,84,69.46666666666665,53,47.0,21,62.93333333333334,,,,
07:00:00,769866,210,E,ML,34.218398,-118.239738,LA CRESCENTA,17.38,571,58.43333333333334,139,66.66666666666667,140,62.8,133,53.26666666666667,159,51.63333333333333,,,,
07:00:00,769880,210,E,ML,34.221426,-118.245718,PENNSYLVANIA,16.98,531,60.2,103,68.73333333333333,153,62.16666666666666,134,56.7,141,56.36666666666667,,,,
07:00:00,769895,210,E,ML,34.230849,-118.265101,LOWELL / HONOLULU,15.68,461,63.26666666666667,139,65.76666666666667,137,63.66666666666666,111,62.03333333333333,74,61.1,,,,
07:00:00,769984,210,E,ML,34.202989,-118.191827,GOULD,20.4,261,57.833333333333336,68,62.4,72,59.26666666666667,63,55.36666666666667,58,53.26666666666667,,,,
07:00:00,770116,210,E,ML,34.234317,-118.286992,LA TUNA CANYON,14.39,312,61.23333333333333,101,65.36666666666667,96,63.1,71,56.43333333333334,45,57.73333333333333,,,,
07:00:00,770385,210,E,ML,34.206925,-118.21372,EB/NB 2 TO EB 210 CN,19.08,298,63.0,109,72.73333333333333,95,68.39999999999999,54,45.7,40,46.9,,,,
07:00:00,770578,210,E,ML,34.156489,-118.158295,WINONA WAY,24.442,121,68.56666666666666,87,69.83333333333333,35,65.36666666666667,,,,,,,,
07:05:00,717617,210,E,ML,34.179921,-118.167405,ARROYO,22.6,254,60.333333333333336,65,65.23333333333333,71,61.96666666666666,62,58.16666666666666,56,55.26666666666667,,,,
07:05:00,717620,210,E,ML,34.174756,-118.160407,LINCOLN 1,23.14,230,62.4,56,71.13333333333334,65,68.03333333333335,72,55.26666666666667,37,55.46666666666667,,,,
07:05:00,717625,210,E,ML,34.160546,-118.158748,MOUNTAIN 2,24.16,249,63.833333333333336,61,66.33333333333333,55,70.46666666666667,31,66.46666666666667,102,57.96666666666667,,,,
07:05:00,717628,210,E,ML,34.152216,-118.156144,WALNUT,24.81,39,65.43333333333334,39,65.43333333333334,,,,,,,,,,
07:05:00,717631,210,E,ML,34.15099,-118.152369,FAIR OAKS 1,25.12,115,63.9,24,69.3,35,65.8,31,62.4,25,58.20000000000001,,,,
07:05:00,717633,210,E,ML,34.151691,-118.142523,MARENGO,25.72,609,64.5,103,69.9,120,67.7,105,65.8,107,63.29999999999999,98,59.0,76,59.0
07:05:00,717635,210,E,ML,34.151658,-118.12944,LAKE 2,26.47,451,66.3,87,71.7,88,69.60000000000001,86,66.56666666666666,79,64.76666666666667,110,60.2,,
07:05:00,717638,210,E,ML,34.152187,-118.117782,HILL 1,27.14,493,67.63333333333334,128,72.96666666666667,111,70.56666666666666,90,72.26666666666667,87,68.96666666666665,76,47.26666666666667,,
07:05:00,717640,210,E,ML,34.152301,-118.109239,ALLEN,27.63,455,66.46666666666667,41,76.2,131,70.23333333333333,108,68.26666666666667,86,64.36666666666666,90,56.23333333333333,,
07:05:00,717646,210,E,ML,34.151406,-118.091041,SAN GABRIEL,28.68,465,64.66666666666667,127,71.96666666666665,126,69.7,77,61.06666666666666,68,56.03333333333334,66,54.03333333333333,,
07:05:00,717650,210,E,ML,34.147621,-118.079037,SIERRA MADRE V2,29.44,397,63.56666666666666,117,68.89999999999999,96,65.83333333333333,82,62.76666666666667,70,54.06666666666666,32,58.5,,
07:05:00,761093,210,E,HV,34.151691,-118.142523,MARENGO,25.72,116,63.9,116,63.9,,,,,,,,,,
07:05:00,761098,210,E,HV,34.151658,-118.12944,LAKE 2,26.47,116,63.9,116,63.9,,,,,,,,,,
07:05:00,761102,210,E,HV,34.152187,-118.117782,HILL 1,27.14,42,65.10000000000001,42,65.10000000000001,,,,,,,,,,
07:05:00,761105,210,E,HV,34.152301,-118.109239,ALLEN,27.63,82,65.06666666666666,82,65.06666666666666,,,,,,,,,,
07:05:00,761109,210,E,HV,34.151406,-118.091041,SAN GABRIEL,28.68,39,64.93333333333334,39,64.93333333333334,,,,,,,,,,
07:05:00,761112,210,E,HV,34.147621,-118.079037,SIERRA MADRE V2,29.44,44,65.43333333333334,44,65.43333333333334,,,,,,,,,,
07:05:00,763614,210,E,HV,34.15099,-118.152369,FAIR OAKS 1,25.12,116,63.9,116,63.9,,,,,,,,,,
07:05:00,769788,210,E,ML,34.189219,-118.180753,BERKSHIRE,21.58,276,59.76666666666666,73,64.60000000000001,76,61.43333333333334,66,57.13333333333333,61,54.833333333333336,,,,
07:05:00,769806,210,E,ML,34.196934,-118.185042,FOOTHILL,20.98,279,60.53333333333334,68,59.3,84,70.0,74,61.06666666666666,53,45.73333333333333,,,,
07:05:00,769819,210,E,ML,34.205892,-118.198234,ANGELES CREST HWY NB,19.98,115,63.9,24,69.3,35,65.8,31,62.4,25,58.20000000000001,,,,
07:05:00,769831,210,E,ML,34.206745,-118.201533,ANGELES CREST HWY SB,19.78,246,56.76666666666667,64,61.6,68,58.46666666666667,59,54.03333333333333,55,52.03333333333333,,,,
07:05:00,769847,210,E,ML,34.211728,-118.228265,OCEAN VIEW,18.18,283,64.96666666666665,112,70.96666666666667,92,67.86666666666667,54,50.46666666666667,25,59.833333333333336,,,,
07:05:00,769866,210,E,ML,34.218398,-118.239738,LA CRESCENTA,17.38,558,56.26666666666667,136,64.39999999999999,132,59.23333333333333,140,53.3,150,48.66666666666666,,,,
07:05:00,769880,210,E,ML,34.221426,-118.245718,PENNSYLVANIA,16.98,517,55.66666666666666,97,61.23333333333333,149,58.16666666666666,136,52.333333333333336,135,53.16666666666666,,,,
07:05:00,769895,210,E,ML,34.230849,-118.265101,LOWELL / HONOLULU,15.68,464,60.8,140,62.93333333333334,137,61.4,106,59.0,82,59.7,,,,
07:05:00,769984,210,E,ML,34.202989,-118.191827,GOULD,20.4,278,59.76666666666666,73,64.46666666666667,76,61.3,66,57.2,62,54.93333333333334,,,,
07:05:00,770116,210,E,ML,34.234317,-118.286992,LA TUNA CANYON,14.39,329,61.46666666666667,107,65.63333333333334,101,63.333333333333336,74,56.66666666666666,47,57.8,,,,
07:05:00,770385,210,E,ML,34.206925,-118.21372,EB/NB 2 TO EB 210 CN,19.08,311,62.46666666666667,104,72.86666666666666,91,67.39999999999999,63,48.76666666666667,53,50.0,,,,
07:05:00,770578,210,E,ML,34.156489,-118.158295,WINONA WAY,24.442,112,68.96666666666665,81,70.4,31,65.26666666666667,,,,,,,,
07:10:00,717617,210,E,ML,34.179921,-118.167405,ARROYO,22.6,252,60.86666666666667,65,65.83333333333333,70,62.56666666666666,61,58.63333333333333,56,55.63333333333333,,,,
07:10:00,717620,210,E,ML,34.174756,-118.160407,LINCOLN 1,23.14,221,63.53333333333333,47,71.36666666666667,64,68.06666666666666,67,58.36666666666667,43,57.13333333333333,,,,
07:10:00,717625,210,E,ML,34.160546,-118.158748,MOUNTAIN 2,24.16,253,64.33333333333333,63,66.86666666666667,51,70.16666666666667,31,66.33333333333333,108,59.46666666666667,,,,
07:10:00,717628,210,E,ML,34.152216,-118.156144,WALNUT,24.81,44,66.3,44,66.3,,,,,,,,,,
07:10:00,717631,210,E,ML,34.15099,-118.152369,FAIR OAKS 1,25.12,119,63.79999999999999,25,69.2,36,65.7,32,62.29999999999999,26,58.1,,,,
07:10:00,717633,210,E,ML,34.151691,-118.142523,MARENGO,25.72,629,64.1,107,69.5,124,67.2,108,65.4,111,62.9,101,58.6,78,58.6
07:10:00,717635,210,E,ML,34.151658,-118.12944,LAKE 2,26.47,449,66.43333333333334,87,71.83333333333333,88,69.83333333333333,86,66.7,79,64.93333333333334,110,60.333333333333336,,
07:10:00,717638,210,E,ML,34.152187,-118.117782,HILL 1,27.14,511,67.89999999999999,134,72.39999999999999,122,70.83333333333333,87,72.10000000000001,84,69.2,84,50.56666666666666,,
07:10:00,717640,210,E,ML,34.152301,-118.109239,ALLEN,27.63,483,67.3,41,76.53333333333333,138,70.26666666666667,119,68.7,94,65.39999999999999,90,58.13333333333333,,
07:10:00,717646,210,E,ML,34.151406,-118.091041,SAN GABRIEL,28.68,516,66.16666666666667,147,72.0,137,69.7,85,64.89999999999999,77,60.16666666666666,69,54.6,,
07:10:00,717650,210,E,ML,34.147621,-118.079037,SIERRA MADRE V2,29.44,445,63.96666666666666,128,69.03333333333333,107,65.73333333333333,94,64.53333333333333,78,55.0,37,58.06666666666666,,
07:10:00,761093,210,E,HV,34.151691,-118.142523,MARENGO,25.72,119,63.79999999999999,119,63.79999999999999,,,,,,,,,,
07:10:00,761098,210,E,HV,34.151658,-118.12944,LAKE 2,26.47,119,63.79999999999999,119,63.79999999999999,,,,,,,,,,
07:10:00,761102,210,E,HV,34.152187,-118.117782,HILL 1,27.14,45,65.13333333333334,45,65.13333333333334,,,,,,,,,,
07:10:00,761105,210,E,HV,34.152301,-118.109239,ALLEN,27.63,92,64.8,92,64.8,,,,,,,,,,
07:10:00,761109,210,E,HV,34.151406,-118.091041,SAN GABRIEL,28.68,48,65.60000000000001,48,65.60000000000001,,,,,,,,,,
07:10:00,761112,210,E,HV,34.147621,-118.079037,SIERRA MADRE V2,29.44,50,65.7,50,65.7,,,,,,,,,,
07:10:00,763614,210,E,HV,34.15099,-118.152369,FAIR OAKS 1,25.12,119,63.79999999999999,119,63.79999999999999,,,,,,,,,,
07:10:00,769788,210,E,ML,34.189219,-118.180753,BERKSHIRE,21.58,309,58.76666666666667,82,63.46666666666667,85,60.4,74,56.13333333333333,68,53.86666666666667,,,,
07:10:00,769806,210,E,ML,34.196934,-118.185042,FOOTHILL,20.98,316,60.46666666666667,74,59.23333333333333,103,69.89999999999999,75,58.96666666666666,64,47.8,,,,
07:10:00,769819,210,E,ML,34.205892,-118.198234,ANGELES CREST HWY NB,19.98,119,63.79999999999999,25,69.2,36,65.7,32,62.29999999999999,26,58.1,,,,
07:10:00,769831,210,E,ML,34.206745,-118.201533,ANGELES CREST HWY SB,19.78,255,56.333333333333336,68,61.06666666666666,71,57.96666666666667,61,53.56666666666666,55,51.5,,,,
07:10:00,769847,210,E,ML,34.211728,-118.228265,OCEAN VIEW,18.18,288,64.36666666666667,111,70.8,96,67.26666666666667,55,50.06666666666666,25,56.56666666666666,,,,
07:10:00,769866,210,E,ML,34.218398,-118.239738,LA CRESCENTA,17.38,560,52.8,140,60.76666666666667,149,55.833333333333336,122,48.63333333333333,149,45.43333333333334,,,,
07:10:00,769880,210,E,ML,34.221426,-118.245718,PENNSYLVANIA,16.98,526,49.63333333333333,94,54.7,154,52.06666666666666,133,47.9,145,46.66666666666666,,,,
07:10:00,769895,210,E,ML,34.230849,-118.265101,LOWELL / HONOLULU,15.68,477,58.86666666666667,147,60.23333333333333,138,59.26666666666667,110,58.36666666666667,81,58.06666666666666,,,,
07:10:00,769984,210,E,ML,34.202989,-118.191827,GOULD,20.4,309,58.8,83,63.43333333333333,84,60.26666666666667,74,56.3,68,54.03333333333333,,,,
07:10:00,770116,210,E,ML,34.234317,-118.286992,LA TUNA CANYON,14.39,334,61.76666666666667,108,66.13333333333334,102,63.7,75,56.76666666666667,48,57.86666666666667,,,,
07:10:00,770385,210,E,ML,34.206925,-118.21372,EB/NB 2 TO EB 210 CN,19.08,307,62.9,104,72.89999999999999,85,66.39999999999999,60,51.2,58,52.5,,,,
07:10:00,770578,210,E,ML,34.156489,-118.158295,WINONA WAY,24.442,108,69.2,72,70.53333333333333,37,66.36666666666666,,,,,,,,
07:15:00,717617,210,E,ML,34.179921,-118.167405,ARROYO,22.6,243,61.96666666666666,62,66.96666666666665,68,63.66666666666666,59,59.73333333333333,54,56.73333333333333,,,,
07:15:00,717620,210,E,ML,34.174756,-118.160407,LINCOLN 1,23.14,241,64.23333333333333,65,70.3,63,69.36666666666666,64,58.96666666666667,49,57.9,,,,
07:15:00,717625,210,E,ML,34.160546,-118.158748,MOUNTAIN 2,24.16,294,62.833333333333336,64,67.0,71,67.7,42,66.06666666666668,116,56.86666666666667,,,,
07:15:00,717628,210,E,ML,34.152216,-118.156144,WALNUT,24.81,34,66.33333333333333,34,66.33333333333333,,,,,,,,,,
07:15:00,717631,210,E,ML,34.15099,-118.152369,FAIR OAKS 1,25.12,119,63.5,25,68.8,36,65.3,32,62.0,26,57.79999999999999,,,,
07:15:00,717633,210,E,ML,34.151691,-118.142523,MARENGO,25.72,643,63.4,109,68.7,127,66.5,111,64.7,113,62.20000000000001,103,58.0,80,58.0
07:15:00,717635,210,E,ML,34.151658,-118.12944,LAKE 2,26.47,493,66.5,95,71.89999999999999,97,69.86666666666667,95,66.76666666666667,87,64.96666666666667,120,60.36666666666667,,
07:15:00,717638,210,E,ML,34.152187,-118.117782,HILL 1,27.14,552,67.8,145,72.03333333333333,127,70.73333333333333,101,72.33333333333333,87,69.36666666666667,92,50.53333333333333,,
07:15:00,717640,210,E,ML,34.152301,-118.109239,ALLEN,27.63,519,67.16666666666667,47,76.5,148,69.5,128,67.33333333333333,100,67.16666666666667,95,58.9,,
07:15:00,717646,210,E,ML,34.151406,-118.091041,SAN GABRIEL,28.68,511,65.53333333333335,155,72.26666666666667,131,69.96666666666667,84,62.93333333333334,74,57.9,67,53.4,,
07:15:00,717650,210,E,ML,34.147621,-118.079037,SIERRA MADRE V2,29.44,441,63.86666666666667,135,68.0,108,64.96666666666667,86,65.83333333333333,75,55.66666666666666,37,57.63333333333333,,
07:15:00,761093,210,E,HV,34.151691,-118.142523,MARENGO,25.72,120,63.5,120,63.5,,,,,,,,,,
07:15:00,761098,210,E,HV,34.151658,-118.12944,LAKE 2,26.47,120,63.5,120,63.5,,,,,,,,,,
07:15:00,761102,210,E,HV,34.152187,-118.117782,HILL 1,27.14,45,65.2,45,65.2,,,,,,,,,,
07:15:00,761105,210,E,HV,34.152301,-118.109239,ALLEN,27.63,100,64.5,100,64.5,,,,,,,,,,
07:15:00,761109,210,E,HV,34.151406,-118.091041,SAN GABRIEL,28.68,49,65.3,49,65.3,,,,,,,,,,
07:15:00,761112,210,E,HV,34.147621,-118.079037,SIERRA MADRE V2,29.44,52,65.43333333333334,52,65.43333333333334,,,,,,,,,,
07:15:00,763614,210,E,HV,34.15099,-118.152369,FAIR OAKS 1,25.12,120,63.5,120,63.5,,,,,,,,,,
07:15:00,769788,210,E,ML,34.189219,-118.180753,BERKSHIRE,21.58,341,59.66666666666666,92,64.53333333333335,93,61.36666666666667,81,56.93333333333334,75,54.53333333333333,,,,
07:15:00,769806,210,E,ML,34.196934,-118.185042,FOOTHILL,20.98,354,62.4,82,62.8,115,68.63333333333333,87,60.4,69,54.06666666666666,,,,
07:15:00,769819,210,E,ML,34.205892,-118.198234,ANGELES CREST HWY NB,19.98,119,63.5,25,68.8,36,65.3,32,62.0,26,57.79999999999999,,,,
07:15:00,769831,210,E,ML,34.206745,-118.201533,ANGELES CREST HWY SB,19.78,259,57.833333333333336,67,62.7,71,59.56666666666666,62,55.16666666666666,58,52.93333333333334,,,,
07:15:00,769847,210,E,ML,34.211728,-118.228265,OCEAN VIEW,18.18,285,65.53333333333333,113,71.5,89,68.16666666666667,61,52.16666666666666,22,60.26666666666667,,,,
07:15:00,769866,210,E,ML,34.218398,-118.239738,LA CRESCENTA,17.38,560,51.06666666666666,143,58.56666666666666,142,55.0,130,48.66666666666666,145,41.93333333333333,,,,
07:15:00,769880,210,E,ML,34.221426,-118.245718,PENNSYLVANIA,16.98,515,46.333333333333336,90,50.66666666666666,150,48.73333333333333,136,46.86666666666667,139,42.23333333333333,,,,
07:15:00,769895,210,E,ML,34.230849,-118.265101,LOWELL / HONOLULU,15.68,485,58.133333333333326,147,59.03333333333334,137,58.03333333333333,116,58.76666666666667,85,57.13333333333333,,,,
07:15:00,769984,210,E,ML,34.202989,-118.191827,GOULD,20.4,342,59.8,92,64.56666666666666,93,61.36666666666667,82,57.13333333333333,75,54.8,,,,
07:15:00,770116,210,E,ML,34.234317,-118.286992,LA TUNA CANYON,14.39,312,62.7,101,67.39999999999999,96,64.66666666666667,71,57.5,45,58.1,,,,
07:15:00,770385,210,E,ML,34.206925,-118.21372,EB/NB 2 TO EB 210 CN,19.08,284,63.66666666666666,98,73.63333333333333,80,66.96666666666667,68,50.06666666666666,38,54.53333333333333,,,,
07:15:00,770578,210,E,ML,34.156489,-118.158295,WINONA WAY,24.442,116,68.33333333333333,91,68.86666666666667,25,66.39999999999999,,,,,,,,
07:20:00,717617,210,E,ML,34.179921,-118.167405,ARROYO,22.6,220,63.333333333333336,55,68.43333333333334,61,65.13333333333333,54,61.16666666666666,49,57.9,,,,
07:20:00,717620,210,E,ML,34.174756,-118.160407,LINCOLN 1,23.14,221,65.53333333333333,54,71.26666666666667,70,69.96666666666667,55,58.86666666666667,42,60.63333333333333,,,,
07:20:00,717625,210,E,ML,34.160546,-118.158748,MOUNTAIN 2,24.16,267,64.06666666666666,60,67.93333333333334,61,68.76666666666667,41,67.2,105,58.03333333333333,,,,
07:20:00,717628,210,E,ML,34.152216,-118.156144,WALNUT,24.81,48,66.13333333333333,48,66.13333333333333,,,,,,,,,,
07:20:00,717631,210,E,ML,34.15099,-118.152369,FAIR OAKS 1,25.12,121,63.29999999999999,25,68.6,37,65.1,32,61.79999999999999,27,57.6,,,,
07:20:00,717633,210,E,ML,34.151691,-118.142523,MARENGO,25.72,637,62.9,108,68.2,126,66.0,110,64.2,112,61.70000000000001,102,57.5,79,57.5
07:20:00,717635,210,E,ML,34.151658,-118.12944,LAKE 2,26.47,509,66.43333333333334,98,71.83333333333333,100,69.8,98,66.7,89,64.93333333333334,124,60.36666666666667,,
07:20:00,717638,210,E,ML,34.152187,-118.117782,HILL 1,27.14,560,67.7,152,71.96666666666667,121,70.23333333333333,101,72.2,96,69.73333333333333,90,49.96666666666667,,
07:20:00,717640,210,E,ML,34.152301,-118.109239,ALLEN,27.63,530,67.46666666666667,50,76.46666666666667,156,69.33333333333333,125,67.0,100,67.3,99,60.63333333333333,,
07:20:00,717646,210,E,ML,34.151406,-118.091041,SAN GABRIEL,28.68,539,66.63333333333334,156,72.0,138,70.53333333333333,92,66.96666666666665,71,58.93333333333334,82,56.06666666666666,,
07:20:00,717650,210,E,ML,34.147621,-118.079037,SIERRA MADRE V2,29.44,486,64.86666666666666,144,68.76666666666667,121,65.96666666666667,97,66.93333333333332,78,57.0,46,58.26666666666667,,
07:20:00,761093,210,E,HV,34.151691,-118.142523,MARENGO,25.72,121,63.29999999999999,121,63.29999999999999,,,,,,,,,,
07:20:00,761098,210,E,HV,34.151658,-118.12944,LAKE 2,26.47,121,63.29999999999999,121,63.29999999999999,,,,,,,,,,
07:20:00,761102,210,E,HV,34.152187,-118.117782,HILL 1,27.14,54,65.0,54,65.0,,,,,,,,,,
07:20:00,761105,210,E,HV,34.152301,-118.109239,ALLEN,27.63,105,64.6,105,64.6,,,,,,,,,,
07:20:00,761109,210,E,HV,34.151406,-118.091041,SAN GABRIEL,28.68,54,64.86666666666667,54,64.86666666666667,,,,,,,,,,
07:20:00,761112,210,E,HV,34.147621,-118.079037,SIERRA MADRE V2,29.44,56,64.73333333333333,56,64.73333333333333,,,,,,,,,,
07:20:00,763614,210,E,HV,34.15099,-118.152369,FAIR OAKS 1,25.12,121,63.29999999999999,121,63.29999999999999,,,,,,,,,,
07:20:00,769788,210,E,ML,34.189219,-118.180753,BERKSHIRE,21.58,277,61.86666666666667,73,66.89999999999999,76,63.66666666666666,66,59.16666666666666,61,56.63333333333333,,,,
07:20:00,769806,210,E,ML,34.196934,-118.185042,FOOTHILL,20.98,289,65.43333333333334,68,67.26666666666667,95,68.0,72,63.73333333333333,55,60.4,,,,
07:20:00,769819,210,E,ML,34.205892,-118.198234,ANGELES CREST HWY NB,19.98,121,63.29999999999999,25,68.6,37,65.1,32,61.79999999999999,27,57.6,,,,
07:20:00,769831,210,E,ML,34.206745,-118.201533,ANGELES CREST HWY SB,19.78,282,58.23333333333333,75,62.96666666666667,78,59.86666666666667,68,55.6,62,53.36666666666667,,,,
07:20:00,769847,210,E,ML,34.211728,-118.228265,OCEAN VIEW,18.18,303,65.16666666666667,117,71.53333333333333,94,68.46666666666667,61,52.5,31,57.13333333333333,,,,
07:20:00,769866,210,E,ML,34.218398,-118.239738,LA CRESCENTA,17.38,561,48.63333333333333,148,56.96666666666667,147,52.73333333333333,128,44.86666666666667,138,38.73333333333333,,,,
07:20:00,769880,210,E,ML,34.221426,-118.245718,PENNSYLVANIA,16.98,526,44.7,94,49.3,153,47.6,131,42.53333333333333,147,41.7,,,,
07:20:00,769895,210,E,ML,34.230849,-118.265101,LOWELL / HONOLULU,15.68,460,50.63333333333333,130,49.7,127,49.23333333333333,112,51.26666666666667,91,52.86666666666667,,,,
07:20:00,769984,210,E,ML,34.202989,-118.191827,GOULD,20.4,278,61.9,74,66.83333333333333,76,63.6,67,59.3,61,56.73333333333333,,,,
07:20:00,770116,210,E,ML,34.234317,-118.286992,LA TUNA CANYON,14.39,300,56.26666666666667,96,59.26666666666666,92,58.1,68,51.333333333333336,44,55.46666666666667,,,,
07:20:00,770385,210,E,ML,34.206925,-118.21372,EB/NB 2 TO EB 210 CN,19.08,356,64.2,116,72.96666666666665,106,68.10000000000001,69,52.03333333333333,65,54.23333333333333,,,,
07:20:00,770578,210,E,ML,34.156489,-118.158295,WINONA WAY,24.442,124,68.3,82,69.7,42,66.16666666666667,,,,,,,,
07:25:00,717617,210,E,ML,34.179921,-118.167405,ARROYO,22.6,225,59.16666666666666,56,64.06666666666666,63,60.833333333333336,55,56.96666666666667,51,54.13333333333333,,,,
07:25:00,717620,210,E,ML,34.174756,-118.160407,LINCOLN 1,23.14,207,63.70000000000001,56,71.03333333333335,54,68.5,59,57.833333333333336,37,55.333333333333336,,,,
07:25:00,717625,210,E,ML,34.160546,-118.158748,MOUNTAIN 2,24.16,244,64.2,60,66.26666666666667,61,70.26666666666667,31,68.63333333333334,92,56.93333333333334,,,,
07:25:00,717628,210,E,ML,34.152216,-118.156144,WALNUT,24.81,46,67.03333333333335,46,67.03333333333335,,,,,,,,,,
07:25:00,717631,210,E,ML,34.15099,-118.152369,FAIR OAKS 1,25.12,121,62.9,25,68.2,37,64.7,32,61.4,27,57.20000000000001,,,,
07:25:00,717633,210,E,ML,34.151691,-118.142523,MARENGO,25.72,633,62.29999999999999,107,67.5,125,65.3,109,63.6,111,61.1,102,56.9,79,56.9
07:25:00,717635,210,E,ML,34.151658,-118.12944,LAKE 2,26.47,498,66.33333333333333,96,71.7,98,69.66666666666667,96,66.63333333333334,88,64.8,121,60.23333333333333,,
07:25:00,717638,210,E,ML,34.152187,-118.117782,HILL 1,27.14,540,67.86666666666667,137,71.53333333333333,122,70.16666666666667,99,71.93333333333334,92,69.53333333333333,89,53.1,,
07:25:00,717640,210,E,ML,34.152301,-118.109239,ALLEN,27.63,507,68.66666666666667,56,76.36666666666667,144,69.43333333333334,117,67.26666666666667,94,68.56666666666666,95,64.7,,
07:25:00,717646,210,E,ML,34.151406,-118.091041,SAN GABRIEL,28.68,518,67.46666666666665,140,72.03333333333335,128,70.6,91,66.53333333333333,81,61.76666666666667,79,61.4,,
07:25:00,717650,210,E,ML,34.147621,-118.079037,SIERRA MADRE V2,29.44,459,67.89999999999999,134,71.86666666666666,113,69.3,94,68.86666666666666,79,61.1,39,61.4,,
07:25:00,761093,210,E,HV,34.151691,-118.142523,MARENGO,25.72,121,62.9,121,62.9,,,,,,,,,,
07:25:00,761098,210,E,HV,34.151658,-118.12944,LAKE 2,26.47,121,62.9,121,62.9,,,,,,,,,,
07:25:00,761102,210,E,HV,34.152187,-118.117782,HILL 1,27.14,54,64.8,54,64.8,,,,,,,,,,
07:25:00,761105,210,E,HV,34.152301,-118.109239,ALLEN,27.63,100,65.3,100,65.3,,,,,,,,,,
07:25:00,761109,210,E,HV,34.151406,-118.091041,SAN GABRIEL,28.68,53,64.9,53,64.9,,,,,,,,,,
07:25:00,761112,210,E,HV,34.147621,-118.079037,SIERRA MADRE V2,29.44,58,65.39999999999999,58,65.39999999999999,,,,,,,,,,
07:25:00,763614,210,E,HV,34.15099,-118.152369,FAIR OAKS 1,25.12,121,62.9,121,62.9,,,,,,,,,,
07:25:00,769788,210,E,ML,34.189219,-118.180753,BERKSHIRE,21.58,327,60.93333333333334,88,65.8,89,62.6,78,58.26666666666667,72,55.76666666666667,,,,
07:25:00,769806,210,E,ML,34.196934,-118.185042,FOOTHILL,20.98,328,63.29999999999999,80,65.0,95,67.3,75,63.6,77,55.53333333333333,,,,
07:25:00,769819,210,E,ML,34.205892,-118.198234,ANGELES CREST HWY NB,19.98,121,62.9,25,68.2,37,64.7,32,61.4,27,57.20000000000001,,,,
07:25:00,769831,210,E,ML,34.206745,-118.201533,ANGELES CREST HWY SB,19.78,285,57.63333333333333,75,62.4,79,59.26666666666667,68,54.9,63,52.7,,,,
07:25:00,769847,210,E,ML,34.211728,-118.228265,OCEAN VIEW,18.18,302,66.23333333333333,123,71.60000000000001,97,68.2,57,54.43333333333334,24,58.56666666666666,,,,
07:25:00,769866,210,E,ML,34.218398,-118.239738,LA CRESCENTA,17.38,569,49.06666666666666,149,56.5,141,52.06666666666666,134,45.8,145,41.5,,,,
07:25:00,769880,210,E,ML,34.221426,-118.245718,PENNSYLVANIA,16.98,523,43.76666666666667,89,48.333333333333336,157,46.5,137,42.56666666666667,140,40.56666666666667,,,,
07:25:00,769895,210,E,ML,34.230849,-118.265101,LOWELL / HONOLULU,15.68,469,46.93333333333334,132,45.86666666666667,129,45.03333333333333,111,47.03333333333333,96,50.66666666666666,,,,
07:25:00,769984,210,E,ML,34.202989,-118.191827,GOULD,20.4,329,60.96666666666667,88,65.8,90,62.56666666666666,78,58.36666666666667,72,55.93333333333334,,,,
07:25:00,770116,210,E,ML,34.234317,-118.286992,LA TUNA CANYON,14.39,293,51.46666666666667,94,53.36666666666667,91,53.4,66,46.43333333333334,43,53.56666666666666,,,,
07:25:00,770385,210,E,ML,34.206925,-118.21372,EB/NB 2 TO EB 210 CN,19.08,321,63.26666666666667,110,73.5,79,66.96666666666667,72,51.56666666666666,60,54.16666666666666,,,,
07:25:00,770578,210,E,ML,34.156489,-118.158295,WINONA WAY,24.442,121,68.83333333333333,81,69.46666666666667,40,67.3,,,,,,,,
07:30:00,717617,210,E,ML,34.179921,-118.167405,ARROYO,22.6,263,60.53333333333333,68,65.46666666666667,73,62.2,64,58.3,58,55.36666666666667,,,,
07:30:00,717620,210,E,ML,34.174756,-118.160407,LINCOLN 1,23.14,269,64.2,73,71.16666666666667,74,67.39999999999999,65,59.63333333333333,57,57.16666666666666,,,,
07:30:00,717625,210,E,ML,34.160546,-118.158748,MOUNTAIN 2,24.16,287,63.46666666666667,73,66.60000000000001,77,69.39999999999999,35,66.46666666666667,102,55.93333333333334,,,,
07:30:00,717628,210,E,ML,34.152216,-118.156144,WALNUT,24.81,49,66.5,49,66.5,,,,,,,,,,
07:30:00,717631,210,E,ML,34.15099,-118.152369,FAIR OAKS 1,25.12,123,62.70000000000001,26,68.0,37,64.5,33,61.20000000000001,27,57.1,,,,
07:30:00,717633,210,E,ML,34.151691,-118.142523,MARENGO,25.72,635,61.4,108,66.6,125,64.4,109,62.6,112,60.20000000000001,102,56.1,79,56.1
07:30:00,717635,210,E,ML,34.151658,-118.12944,LAKE 2,26.47,541,65.93333333333334,103,71.3,108,69.16666666666667,104,66.23333333333333,95,64.33333333333333,131,59.9,,
07:30:00,717638,210,E,ML,34.152187,-118.117782,HILL 1,27.14,579,66.76666666666667,151,70.93333333333334,127,69.3,102,71.83333333333333,100,69.10000000000001,99,48.833333333333336,,
07:30:00,717640,210,E,ML,34.152301,-118.109239,ALLEN,27.63,559,67.60000000000001,62,76.16666666666667,149,68.66666666666667,136,66.89999999999999,102,67.03333333333333,110,62.73333333333333,,
07:30:00,717646,210,E,ML,34.151406,-118.091041,SAN GABRIEL,28.68,564,67.7,165,72.13333333333333,148,70.03333333333333,93,65.33333333333333,79,62.86666666666667,78,61.333333333333336,,
07:30:00,717650,210,E,ML,34.147621,-118.079037,SIERRA MADRE V2,29.44,492,67.3,148,70.8,118,68.43333333333334,97,67.36666666666666,83,62.26666666666667,47,62.333333333333336,,
07:30:00,761093,210,E,HV,34.151691,-118.142523,MARENGO,25.72,122,62.70000000000001,122,62.70000000000001,,,,,,,,,,
07:30:00,761098,210,E,HV,34.151658,-118.12944,LAKE 2,26.47,122,62.70000000000001,122,62.70000000000001,,,,,,,,,,
07:30:00,761102,210,E,HV,34.152187,-118.117782,HILL 1,27.14,64,64.89999999999999,64,64.89999999999999,,,,,,,,,,
07:30:00,761105,210,E,HV,34.152301,-118.109239,ALLEN,27.63,114,63.833333333333336,114,63.833333333333336,,,,,,,,,,
07:30:00,761109,210,E,HV,34.151406,-118.091041,SAN GABRIEL,28.68,63,64.7,63,64.7,,,,,,,,,,
07:30:00,761112,210,E,HV,34.147621,-118.079037,SIERRA MADRE V2,29.44,57,65.06666666666666,57,65.06666666666666,,,,,,,,,,
07:30:00,763614,210,E,HV,34.15099,-118.152369,FAIR OAKS 1,25.12,122,62.70000000000001,122,62.70000000000001,,,,,,,,,,
07:30:00,769788,210,E,ML,34.189219,-118.180753,BERKSHIRE,21.58,296,62.333333333333336,79,67.23333333333333,81,64.06666666666666,71,59.633333333333326,65,57.03333333333333,,,,
07:30:00,769806,210,E,ML,34.196934,-118.185042,FOOTHILL,20.98,325,65.39999999999999,74,67.63333333333333,112,67.73333333333333,70,64.83333333333333,69,60.0,,,,
07:30:00,769819,210,E,ML,34.205892,-118.198234,ANGELES CREST HWY NB,19.98,123,62.70000000000001,26,68.0,37,64.5,33,61.20000000000001,27,57.1,,,,
07:30:00,769831,210,E,ML,34.206745,-118.201533,ANGELES CREST HWY SB,19.78,276,60.93333333333334,73,65.86666666666666,76,62.66666666666666,66,58.26666666666667,60,55.73333333333333,,,,
07:30:00,769847,210,E,ML,34.211728,-118.228265,OCEAN VIEW,18.18,322,66.39999999999999,127,71.4,108,68.56666666666666,56,53.43333333333334,31,60.5,,,,
07:30:00,769866,210,E,ML,34.218398,-118.239738,LA CRESCENTA,17.38,603,50.0,151,56.93333333333334,143,53.23333333333333,147,47.2,161,43.23333333333333,,,,
07:30:00,769880,210,E,ML,34.221426,-118.245718,PENNSYLVANIA,16.98,538,45.13333333333333,101,52.0,158,47.66666666666666,134,43.23333333333333,145,40.8,,,,
07:30:00,769895,210,E,ML,34.230849,-118.265101,LOWELL / HONOLULU,15.68,447,44.46666666666667,125,43.86666666666667,121,43.1,107,43.93333333333334,93,47.0,,,,
07:30:00,769984,210,E,ML,34.202989,-118.191827,GOULD,20.4,297,62.3,79,67.2,81,63.96666666666667,71,59.73333333333333,65,57.1,,,,
07:30:00,770116,210,E,ML,34.234317,-118.286992,LA TUNA CANYON,14.39,288,50.0,92,51.66666666666666,89,51.93333333333334,65,44.73333333333333,42,52.86666666666667,,,,
07:30:00,770385,210,E,ML,34.206925,-118.21372,EB/NB 2 TO EB 210 CN,19.08,334,65.23333333333333,116,72.89999999999999,91,67.63333333333333,59,54.333333333333336,68,58.4,,,,
07:30:00,770578,210,E,ML,34.156489,-118.158295,WINONA WAY,24.442,130,67.53333333333335,87,68.10000000000001,43,66.60000000000001,,,,,,,,
07:35:00,717617,210,E,ML,34.179921,-118.167405,ARROYO,22.6,278,59.93333333333334,72,64.8,77,61.56666666666666,67,57.7,61,54.8,,,,
07:35:00,717620,210,E,ML,34.174756,-118.160407,LINCOLN 1,23.14,289,63.26666666666667,80,70.13333333333334,76,67.06666666666666,69,58.333333333333336,64,56.5,,,,
07:35:00,717625,210,E,ML,34.160546,-118.158748,MOUNTAIN 2,24.16,295,62.76666666666667,79,66.56666666666668,77,68.13333333333334,42,65.53333333333333,96,54.23333333333333,,,,
07:35:00,717628,210,E,ML,34.152216,-118.156144,WALNUT,24.81,50,64.56666666666666,50,64.56666666666666,,,,,,,,,,
07:35:00,717631,210,E,ML,34.15099,-118.152369,FAIR OAKS 1,25.12,123,62.4,26,67.6,37,64.2,33,61.0,27,56.79999999999999,,,,
07:35:00,717633,210,E,ML,34.151691,-118.142523,MARENGO,25.72,637,60.79999999999999,108,65.9,126,63.70000000000001,110,62.0,112,59.6,102,55.6,79,55.6
07:35:00,717635,210,E,ML,34.151658,-118.12944,LAKE 2,26.47,571,66.0,109,71.43333333333334,114,69.3,110,66.33333333333333,100,64.5,138,60.03333333333333,,
07:35:00,717638,210,E,ML,34.152187,-118.117782,HILL 1,27.14,618,67.33333333333333,164,71.60000000000001,132,69.60000000000001,119,71.96666666666665,101,69.06666666666666,103,50.46666666666667,,
07:35:00,717640,210,E,ML,34.152301,-118.109239,ALLEN,27.63,594,68.39999999999999,68,76.7,166,69.06666666666666,133,67.56666666666668,114,67.63333333333334,113,64.33333333333333,,
07:35:00,717646,210,E,ML,34.151406,-118.091041,SAN GABRIEL,28.68,582,68.16666666666667,158,72.13333333333334,139,70.56666666666666,102,67.96666666666665,84,64.73333333333333,99,61.4,,
07:35:00,717650,210,E,ML,34.147621,-118.079037,SIERRA MADRE V2,29.44,523,66.93333333333334,150,70.9,123,68.53333333333333,103,67.0,90,61.46666666666666,58,61.5,,
07:35:00,761093,210,E,HV,34.151691,-118.142523,MARENGO,25.72,122,62.4,122,62.4,,,,,,,,,,
07:35:00,761098,210,E,HV,34.151658,-118.12944,LAKE 2,26.47,122,62.4,122,62.4,,,,,,,,,,
07:35:00,761102,210,E,HV,34.152187,-118.117782,HILL 1,27.14,67,64.86666666666666,67,64.86666666666666,,,,,,,,,,
07:35:00,761105,210,E,HV,34.152301,-118.109239,ALLEN,27.63,124,63.7,124,63.7,,,,,,,,,,
07:35:00,761109,210,E,HV,34.151406,-118.091041,SAN GABRIEL,28.68,62,65.26666666666667,62,65.26666666666667,,,,,,,,,,
07:35:00,761112,210,E,HV,34.147621,-118.079037,SIERRA MADRE V2,29.44,62,64.96666666666667,62,64.96666666666667,,,,,,,,,,
07:35:00,763614,210,E,HV,34.15099,-118.152369,FAIR OAKS 1,25.12,122,62.4,122,62.4,,,,,,,,,,
07:35:00,769788,210,E,ML,34.189219,-118.180753,BERKSHIRE,21.58,324,62.23333333333333,87,67.26666666666667,89,64.03333333333333,77,59.53333333333333,72,57.0,,,,
07:35:00,769806,210,E,ML,34.196934,-118.185042,FOOTHILL,20.98,369,64.86666666666666,83,66.56666666666666,128,67.60000000000001,86,65.36666666666667,72,57.2,,,,
07:35:00,769819,210,E,ML,34.205892,-118.198234,ANGELES CREST HWY NB,19.98,123,62.4,26,67.6,37,64.2,33,61.0,27,56.79999999999999,,,,
07:35:00,769831,210,E,ML,34.206745,-118.201533,ANGELES CREST HWY SB,19.78,315,62.4,84,67.43333333333334,86,64.16666666666667,76,59.6,69,57.1,,,,
07:35:00,769847,210,E,ML,34.211728,-118.228265,OCEAN VIEW,18.18,311,67.06666666666666,118,71.5,106,68.76666666666667,60,56.96666666666667,27,62.2,,,,
07:35:00,769866,210,E,ML,34.218398,-118.239738,LA CRESCENTA,17.38,589,50.76666666666667,152,57.03333333333333,145,54.16666666666666,135,47.43333333333334,156,44.36666666666667,,,,
07:35:00,769880,210,E,ML,34.221426,-118.245718,PENNSYLVANIA,16.98,545,44.73333333333333,101,52.79999999999999,159,46.96666666666666,138,41.86666666666667,147,40.63333333333333,,,,
07:35:00,769895,210,E,ML,34.230849,-118.265101,LOWELL / HONOLULU,15.68,477,44.03333333333333,135,43.23333333333333,131,42.6,118,44.6,92,46.36666666666667,,,,
07:35:00,769984,210,E,ML,34.202989,-118.191827,GOULD,20.4,325,62.23333333333333,87,67.2,89,63.96666666666666,77,59.56666666666666,72,57.03333333333334,,,,
07:35:00,770116,210,E,ML,34.234317,-118.286992,LA TUNA CANYON,14.39,291,52.03333333333333,93,54.23333333333333,89,54.0,66,46.9,43,53.46666666666667,,,,
07:35:00,770385,210,E,ML,34.206925,-118.21372,EB/NB 2 TO EB 210 CN,19.08,353,65.8,99,72.10000000000001,103,67.76666666666667,77,59.2,75,60.86666666666667,,,,
07:35:00,770578,210,E,ML,34.156489,-118.158295,WINONA WAY,24.442,155,65.89999999999999,111,66.73333333333333,44,64.2,,,,,,,,
07:40:00,717617,210,E,ML,34.179921,-118.167405,ARROYO,22.6,276,60.93333333333334,72,65.86666666666666,76,62.6,67,58.73333333333333,61,55.66666666666666,,,,
07:40:00,717620,210,E,ML,34.174756,-118.160407,LINCOLN 1,23.14,300,64.06666666666666,80,70.23333333333333,87,67.89999999999999,73,58.7,60,57.93333333333334,,,,
07:40:00,717625,210,E,ML,34.160546,-118.158748,MOUNTAIN 2,24.16,332,62.03333333333333,80,66.03333333333335,92,67.26666666666667,55,65.10000000000001,105,52.86666666666667,,,,
07:40:00,717628,210,E,ML,34.152216,-118.156144,WALNUT,24.81,59,63.86666666666667,59,63.86666666666667,,,,,,,,,,
07:40:00,717631,210,E,ML,34.15099,-118.152369,FAIR OAKS 1,25.12,123,62.1,26,67.3,37,63.9,33,60.70000000000001,27,56.5,,,,
07:40:00,717633,210,E,ML,34.151691,-118.142523,MARENGO,25.72,637,60.0,108,65.0,126,62.9,110,61.20000000000001,112,58.79999999999999,102,54.79999999999999,79,54.79999999999999
07:40:00,717635,210,E,ML,34.151658,-118.12944,LAKE 2,26.47,602,65.76666666666667,114,71.16666666666667,121,69.0,117,66.10000000000001,105,64.23333333333333,145,59.8,,
07:40:00,717638,210,E,ML,34.152187,-118.117782,HILL 1,27.14,636,66.76666666666667,166,70.36666666666667,133,69.0,119,71.93333333333334,107,69.03333333333335,111,50.76666666666667,,
07:40:00,717640,210,E,ML,34.152301,-118.109239,ALLEN,27.63,592,68.03333333333333,73,76.3,160,68.13333333333334,137,67.56666666666666,117,68.06666666666666,105,62.73333333333333,,
07:40:00,717646,210,E,ML,34.151406,-118.091041,SAN GABRIEL,28.68,581,67.46666666666665,164,71.26666666666667,145,68.63333333333333,95,65.76666666666667,88,66.23333333333333,89,61.3,,
07:40:00,717650,210,E,ML,34.147621,-118.079037,SIERRA MADRE V2,29.44,513,65.33333333333333,145,68.46666666666667,123,67.10000000000001,103,65.2,90,61.2,52,60.03333333333333,,
07:40:00,761093,210,E,HV,34.151691,-118.142523,MARENGO,25.72,122,62.1,122,62.1,,,,,,,,,,
07:40:00,761098,210,E,HV,34.151658,-118.12944,LAKE 2,26.47,122,62.1,122,62.1,,,,,,,,,,
07:40:00,761102,210,E,HV,34.152187,-118.117782,HILL 1,27.14,75,64.76666666666667,75,64.76666666666667,,,,,,,,,,
07:40:00,761105,210,E,HV,34.152301,-118.109239,ALLEN,27.63,131,62.93333333333334,131,62.93333333333334,,,,,,,,,,
07:40:00,761109,210,E,HV,34.151406,-118.091041,SAN GABRIEL,28.68,69,64.56666666666666,69,64.56666666666666,,,,,,,,,,
07:40:00,761112,210,E,HV,34.147621,-118.079037,SIERRA MADRE V2,29.44,72,63.833333333333336,72,63.833333333333336,,,,,,,,,,
07:40:00,763614,210,E,HV,34.15099,-118.152369,FAIR OAKS 1,25.12,122,62.1,122,62.1,,,,,,,,,,
07:40:00,769788,210,E,ML,34.189219,-118.180753,BERKSHIRE,21.58,336,62.4,90,67.46666666666667,92,64.16666666666667,80,59.6,75,57.06666666666666,,,,
07:40:00,769806,210,E,ML,34.196934,-118.185042,FOOTHILL,20.98,370,66.10000000000001,87,68.23333333333333,118,67.76666666666667,92,68.7,73,57.26666666666667,,,,
07:40:00,769819,210,E,ML,34.205892,-118.198234,ANGELES CREST HWY NB,19.98,123,62.1,26,67.3,37,63.9,33,60.70000000000001,27,56.5,,,,
07:40:00,769831,210,E,ML,34.206745,-118.201533,ANGELES CREST HWY SB,19.78,283,61.7,75,66.63333333333334,78,63.4,68,58.93333333333334,62,56.46666666666667,,,,
07:40:00,769847,210,E,ML,34.211728,-118.228265,OCEAN VIEW,18.18,321,67.5,121,71.33333333333333,106,69.53333333333333,62,59.333333333333336,32,63.4,,,,
07:40:00,769866,210,E,ML,34.218398,-118.239738,LA CRESCENTA,17.38,614,50.7,159,55.9,157,52.63333333333333,144,49.2,154,44.53333333333333,,,,
07:40:00,769880,210,E,ML,34.221426,-118.245718,PENNSYLVANIA,16.98,548,43.06666666666666,102,48.79999999999999,157,45.76666666666667,139,40.7,149,39.73333333333333,,,,
07:40:00,769895,210,E,ML,34.230849,-118.265101,LOWELL / HONOLULU,15.68,466,41.766666666666666,132,41.66666666666666,129,40.833333333333336,108,41.1,97,43.833333333333336,,,,
07:40:00,769984,210,E,ML,34.202989,-118.191827,GOULD,20.4,337,62.36666666666667,91,67.36666666666667,92,64.06666666666666,80,59.66666666666666,75,57.16666666666666,,,,
07:40:00,770116,210,E,ML,34.234317,-118.286992,LA TUNA CANYON,14.39,290,50.3,93,52.13333333333333,89,52.3,66,45.0,42,52.73333333333333,,,,
07:40:00,770385,210,E,ML,34.206925,-118.21372,EB/NB 2 TO EB 210 CN,19.08,368,66.13333333333333,114,72.36666666666666,118,68.89999999999999,72,56.46666666666666,65,61.6,,,,
07:40:00,770578,210,E,ML,34.156489,-118.158295,WINONA WAY,24.442,191,64.66666666666667,137,65.23333333333333,54,63.36666666666667,,,,,,,,
07:45:00,717617,210,E,ML,34.179921,-118.167405,ARROYO,22.6,269,60.8,70,65.73333333333333,75,62.46666666666667,65,58.6,59,55.53333333333333,,,,
07:45:00,717620,210,E,ML,34.174756,-118.160407,LINCOLN 1,23.14,292,63.96666666666666,83,70.0,84,67.39999999999999,69,58.9,57,57.833333333333336,,,,
07:45:00,717625,210,E,ML,34.160546,-118.158748,MOUNTAIN 2,24.16,288,60.76666666666667,76,66.39999999999999,70,67.3,48,65.73333333333333,94,48.56666666666666,,,,
07:45:00,717628,210,E,ML,34.152216,-118.156144,WALNUT,24.81,60,64.4,60,64.4,,,,,,,,,,
07:45:00,717631,210,E,ML,34.15099,-118.152369,FAIR OAKS 1,25.12,123,61.9,26,67.1,37,63.70000000000001,33,60.5,27,56.29999999999999,,,,
07:45:00,717633,210,E,ML,34.151691,-118.142523,MARENGO,25.72,641,59.4,109,64.5,126,62.4,110,60.70000000000001,113,58.29999999999999,103,54.4,80,54.4
07:45:00,717635,210,E,ML,34.151658,-118.12944,LAKE 2,26.47,624,65.96666666666667,118,71.39999999999999,125,69.26666666666667,121,66.3,109,64.43333333333334,151,59.93333333333334,,
07:45:00,717638,210,E,ML,34.152187,-118.117782,HILL 1,27.14,656,66.96666666666665,167,69.43333333333334,144,69.56666666666666,120,72.06666666666668,106,69.03333333333333,119,53.2,,
07:45:00,717640,210,E,ML,34.152301,-118.109239,ALLEN,27.63,612,68.5,70,76.66666666666667,161,67.7,140,68.66666666666667,118,68.53333333333333,122,64.46666666666667,,
07:45:00,717646,210,E,ML,34.151406,-118.091041,SAN GABRIEL,28.68,618,67.96666666666665,175,71.10000000000001,151,69.89999999999999,105,66.96666666666665,88,65.86666666666667,99,61.633333333333326,,
07:45:00,717650,210,E,ML,34.147621,-118.079037,SIERRA MADRE V2,29.44,537,59.76666666666667,144,63.1,122,60.63333333333333,116,61.06666666666666,85,54.93333333333334,70,54.5,,
07:45:00,761093,210,E,HV,34.151691,-118.142523,MARENGO,25.72,122,61.9,122,61.9,,,,,,,,,,
07:45:00,761098,210,E,HV,34.151658,-118.12944,LAKE 2,26.47,122,61.9,122,61.9,,,,,,,,,,
07:45:00,761102,210,E,HV,34.152187,-118.117782,HILL 1,27.14,71,64.63333333333333,71,64.63333333333333,,,,,,,,,,
07:45:00,761105,210,E,HV,34.152301,-118.109239,ALLEN,27.63,138,60.7,138,60.7,,,,,,,,,,
07:45:00,761109,210,E,HV,34.151406,-118.091041,SAN GABRIEL,28.68,67,64.2,67,64.2,,,,,,,,,,
07:45:00,761112,210,E,HV,34.147621,-118.079037,SIERRA MADRE V2,29.44,78,60.366666666666674,78,60.366666666666674,,,,,,,,,,
07:45:00,763614,210,E,HV,34.15099,-118.152369,FAIR OAKS 1,25.12,122,61.9,122,61.9,,,,,,,,,,
07:45:00,769788,210,E,ML,34.189219,-118.180753,BERKSHIRE,21.58,344,63.93333333333334,92,68.96666666666667,94,65.7,82,61.16666666666666,76,58.4,,,,
07:45:00,769806,210,E,ML,34.196934,-118.185042,FOOTHILL,20.98,355,68.0,84,70.60000000000001,112,68.9,85,70.66666666666667,74,60.4,,,,
07:45:00,769819,210,E,ML,34.205892,-118.198234,ANGELES CREST HWY NB,19.98,123,61.9,26,67.1,37,63.70000000000001,33,60.5,27,56.29999999999999,,,,
07:45:00,769831,210,E,ML,34.206745,-118.201533,ANGELES CREST HWY SB,19.78,342,60.9,91,65.83333333333333,93,62.66666666666666,81,58.23333333333333,76,55.76666666666667,,,,
07:45:00,769847,210,E,ML,34.211728,-118.228265,OCEAN VIEW,18.18,343,67.06666666666666,140,71.23333333333333,105,68.89999999999999,64,58.03333333333333,34,61.333333333333336,,,,
07:45:00,769866,210,E,ML,34.218398,-118.239738,LA CRESCENTA,17.38,643,50.4,170,56.0,164,52.13333333333333,150,48.5,160,44.26666666666667,,,,
07:45:00,769880,210,E,ML,34.221426,-118.245718,PENNSYLVANIA,16.98,576,38.9,106,43.1,164,41.13333333333333,148,38.03333333333333,159,35.833333333333336,,,,
07:45:00,769895,210,E,ML,34.230849,-118.265101,LOWELL / HONOLULU,15.68,486,38.63333333333333,139,38.8,133,37.46666666666667,110,36.9,104,41.66666666666666,,,,
07:45:00,769984,210,E,ML,34.202989,-118.191827,GOULD,20.4,345,63.86666666666667,93,68.89999999999999,94,65.60000000000001,82,61.2,76,58.4,,,,
07:45:00,770116,210,E,ML,34.234317,-118.286992,LA TUNA CANYON,14.39,266,48.93333333333334,84,50.5,82,50.96666666666667,60,43.5,39,52.2,,,,
07:45:00,770385,210,E,ML,34.206925,-118.21372,EB/NB 2 TO EB 210 CN,19.08,413,65.26666666666667,132,72.56666666666666,123,69.66666666666667,84,54.3,73,55.23333333333333,,,,
07:45:00,770578,210,E,ML,34.156489,-118.158295,WINONA WAY,24.442,169,64.0,114,64.03333333333333,55,63.96666666666666,,,,,,,,
07:50:00,717617,210,E,ML,34.179921,-118.167405,ARROYO,22.6,279,60.3,73,65.16666666666667,77,61.93333333333334,68,58.1,62,55.16666666666666,,,,
07:50:00,717620,210,E,ML,34.174756,-118.160407,LINCOLN 1,23.14,276,63.96666666666666,78,69.53333333333335,70,67.2,74,60.93333333333334,54,57.1,,,,
07:50:00,717625,210,E,ML,34.160546,-118.158748,MOUNTAIN 2,24.16,320,58.43333333333334,82,65.4,82,65.43333333333334,63,61.26666666666667,94,43.96666666666667,,,,
07:50:00,717628,210,E,ML,34.152216,-118.156144,WALNUT,24.81,60,62.1,60,62.1,,,,,,,,,,
07:50:00,717631,210,E,ML,34.15099,-118.152369,FAIR OAKS 1,25.12,121,61.70000000000001,25,66.9,37,63.5,32,60.29999999999999,27,56.20000000000001,,,,
07:50:00,717633,210,E,ML,34.151691,-118.142523,MARENGO,25.72,629,58.79999999999999,107,63.79999999999999,124,61.70000000000001,108,60.1,111,57.70000000000001,101,53.79999999999999,78,53.79999999999999
07:50:00,717635,210,E,ML,34.151658,-118.12944,LAKE 2,26.47,649,65.93333333333334,122,71.3,131,69.13333333333334,126,66.23333333333333,114,64.36666666666666,156,59.9,,
07:50:00,717638,210,E,ML,34.152187,-118.117782,HILL 1,27.14,670,67.43333333333334,165,69.33333333333333,142,68.96666666666667,123,71.73333333333333,118,69.13333333333334,123,57.03333333333333,,
07:50:00,717640,210,E,ML,34.152301,-118.109239,ALLEN,27.63,610,68.93333333333334,64,76.2,159,67.3,148,69.03333333333333,120,69.53333333333335,119,66.23333333333333,,
07:50:00,717646,210,E,ML,34.151406,-118.091041,SAN GABRIEL,28.68,577,68.89999999999999,155,71.23333333333333,146,71.53333333333333,95,70.60000000000001,83,67.2,98,61.03333333333333,,
07:50:00,717650,210,E,ML,34.147621,-118.079037,SIERRA MADRE V2,29.44,530,60.1,142,63.1,124,60.56666666666666,106,60.36666666666667,96,56.333333333333336,61,57.06666666666666,,
07:50:00,761093,210,E,HV,34.151691,-118.142523,MARENGO,25.72,121,61.70000000000001,121,61.70000000000001,,,,,,,,,,
07:50:00,761098,210,E,HV,34.151658,-118.12944,LAKE 2,26.47,121,61.70000000000001,121,61.70000000000001,,,,,,,,,,
07:50:00,761102,210,E,HV,34.152187,-118.117782,HILL 1,27.14,70,64.46666666666665,70,64.46666666666665,,,,,,,,,,
07:50:00,761105,210,E,HV,34.152301,-118.109239,ALLEN,27.63,148,60.76666666666667,148,60.76666666666667,,,,,,,,,,
07:50:00,761109,210,E,HV,34.151406,-118.091041,SAN GABRIEL,28.68,64,64.96666666666667,64,64.96666666666667,,,,,,,,,,
07:50:00,761112,210,E,HV,34.147621,-118.079037,SIERRA MADRE V2,29.44,63,61.0,63,61.0,,,,,,,,,,
07:50:00,763614,210,E,HV,34.15099,-118.152369,FAIR OAKS 1,25.12,121,61.70000000000001,121,61.70000000000001,,,,,,,,,,
07:50:00,769788,210,E,ML,34.189219,-118.180753,BERKSHIRE,21.58,365,62.76666666666667,98,67.8,99,64.56666666666666,87,60.1,81,57.4,,,,
07:50:00,769806,210,E,ML,34.196934,-118.185042,FOOTHILL,20.98,389,66.83333333333333,96,70.06666666666666,109,67.7,91,68.89999999999999,93,61.03333333333333,,,,
07:50:00,769819,210,E,ML,34.205892,-118.198234,ANGELES CREST HWY NB,19.98,121,61.70000000000001,25,66.9,37,63.5,32,60.29999999999999,27,56.20000000000001,,,,
07:50:00,769831,210,E,ML,34.206745,-118.201533,ANGELES CREST HWY SB,19.78,347,63.16666666666666,93,68.26666666666667,95,64.96666666666665,83,60.4,76,57.73333333333333,,,,
07:50:00,769847,210,E,ML,34.211728,-118.228265,OCEAN VIEW,18.18,337,67.36666666666667,131,71.0,105,68.39999999999999,70,58.7,30,67.46666666666667,,,,
07:50:00,769866,210,E,ML,34.218398,-118.239738,LA CRESCENTA,17.38,622,49.86666666666667,162,54.7,159,50.66666666666666,141,48.53333333333333,159,45.16666666666666,,,,
07:50:00,769880,210,E,ML,34.221426,-118.245718,PENNSYLVANIA,16.98,554,35.03333333333333,94,37.36666666666667,165,36.833333333333336,138,35.233333333333334,157,32.233333333333334,,,,
07:50:00,769895,210,E,ML,34.230849,-118.265101,LOWELL / HONOLULU,15.68,481,35.766666666666666,137,35.333333333333336,132,34.7,112,34.53333333333333,100,38.76666666666667,,,,
07:50:00,769984,210,E,ML,34.202989,-118.191827,GOULD,20.4,367,62.8,99,67.76666666666667,100,64.53333333333333,87,60.2,81,57.5,,,,
07:50:00,770116,210,E,ML,34.234317,-118.286992,LA TUNA CANYON,14.39,264,47.43333333333334,83,48.7,82,49.53333333333333,60,41.766666666666666,39,51.66666666666666,,,,
07:50:00,770385,210,E,ML,34.206925,-118.21372,EB/NB 2 TO EB 210 CN,19.08,403,66.33333333333333,116,72.3,111,69.3,93,60.5,84,60.43333333333334,,,,
07:50:00,770578,210,E,ML,34.156489,-118.158295,WINONA WAY,24.442,185,62.13333333333333,129,62.56666666666666,56,61.133333333333326,,,,,,,,
07:55:00,717617,210,E,ML,34.179921,-118.167405,ARROYO,22.6,260,61.93333333333334,67,66.89999999999999,72,63.63333333333333,63,59.76666666666667,57,56.63333333333333,,,,
07:55:00,717620,210,E,ML,34.174756,-118.160407,LINCOLN 1,23.14,283,65.13333333333333,83,69.83333333333333,76,67.46666666666667,66,64.13333333333334,58,57.6,,,,
07:55:00,717625,210,E,ML,34.160546,-118.158748,MOUNTAIN 2,24.16,297,55.2,76,64.23333333333333,80,62.13333333333333,56,57.43333333333334,85,39.43333333333333,,,,
07:55:00,717628,210,E,ML,34.152216,-118.156144,WALNUT,24.81,64,58.43333333333334,64,58.43333333333334,,,,,,,,,,
07:55:00,717631,210,E,ML,34.15099,-118.152369,FAIR OAKS 1,25.12,119,61.6,25,66.8,36,63.4,32,60.20000000000001,26,56.1,,,,
07:55:00,717633,210,E,ML,34.151691,-118.142523,MARENGO,25.72,618,58.9,105,63.9,122,61.79999999999999,106,60.20000000000001,109,57.79999999999999,99,53.9,77,53.9
07:55:00,717635,210,E,ML,34.151658,-118.12944,LAKE 2,26.47,644,65.93333333333334,122,71.33333333333333,129,69.13333333333334,125,66.23333333333333,113,64.36666666666666,155,59.93333333333334,,
07:55:00,717638,210,E,ML,34.152187,-118.117782,HILL 1,27.14,676,67.3,169,68.89999999999999,146,68.96666666666667,124,71.60000000000001,115,68.86666666666667,122,56.8,,
07:55:00,717640,210,E,ML,34.152301,-118.109239,ALLEN,27.63,622,68.76666666666667,82,75.10000000000001,165,67.76666666666667,140,69.39999999999999,123,68.96666666666665,113,64.23333333333333,,
07:55:00,717646,210,E,ML,34.151406,-118.091041,SAN GABRIEL,28.68,596,69.53333333333335,161,71.8,148,71.3,101,71.60000000000001,87,65.93333333333332,100,64.13333333333334,,
07:55:00,717650,210,E,ML,34.147621,-118.079037,SIERRA MADRE V2,29.44,528,63.7,148,66.60000000000001,131,64.43333333333332,107,63.9,87,59.79999999999999,54,60.43333333333334,,
07:55:00,761093,210,E,HV,34.151691,-118.142523,MARENGO,25.72,119,61.6,119,61.6,,,,,,,,,,
07:55:00,761098,210,E,HV,34.151658,-118.12944,LAKE 2,26.47,119,61.6,119,61.6,,,,,,,,,,
07:55:00,761102,210,E,HV,34.152187,-118.117782,HILL 1,27.14,76,64.60000000000001,76,64.60000000000001,,,,,,,,,,
07:55:00,761105,210,E,HV,34.152301,-118.109239,ALLEN,27.63,157,59.1,157,59.1,,,,,,,,,,
07:55:00,761109,210,E,HV,34.151406,-118.091041,SAN GABRIEL,28.68,72,64.5,72,64.5,,,,,,,,,,
07:55:00,761112,210,E,HV,34.147621,-118.079037,SIERRA MADRE V2,29.44,73,62.0,73,62.0,,,,,,,,,,
07:55:00,763614,210,E,HV,34.15099,-118.152369,FAIR OAKS 1,25.12,119,61.6,119,61.6,,,,,,,,,,
07:55:00,769788,210,E,ML,34.189219,-118.180753,BERKSHIRE,21.58,343,65.26666666666667,92,70.43333333333334,93,67.13333333333334,81,62.5,76,59.6,,,,
07:55:00,769806,210,E,ML,34.196934,-118.185042,FOOTHILL,20.98,355,70.53333333333335,90,74.83333333333333,93,67.73333333333333,81,75.06666666666666,91,65.03333333333335,,,,
07:55:00,769819,210,E,ML,34.205892,-118.198234,ANGELES CREST HWY NB,19.98,119,61.6,25,66.8,36,63.4,32,60.20000000000001,26,56.1,,,,
07:55:00,769831,210,E,ML,34.206745,-118.201533,ANGELES CREST HWY SB,19.78,359,63.53333333333333,96,68.7,98,65.39999999999999,85,60.73333333333333,79,58.1,,,,
07:55:00,769847,210,E,ML,34.211728,-118.228265,OCEAN VIEW,18.18,334,67.39999999999999,128,70.43333333333334,109,68.26666666666667,67,61.26666666666667,30,65.26666666666667,,,,
07:55:00,769866,210,E,ML,34.218398,-118.239738,LA CRESCENTA,17.38,613,49.63333333333333,164,54.133333333333326,155,50.8,134,48.1,159,45.1,,,,
07:55:00,769880,210,E,ML,34.221426,-118.245718,PENNSYLVANIA,16.98,529,32.63333333333333,90,33.9,155,34.63333333333333,135,33.333333333333336,148,29.96666666666667,,,,
07:55:00,769895,210,E,ML,34.230849,-118.265101,LOWELL / HONOLULU,15.68,471,34.46666666666666,133,34.5,130,33.46666666666667,113,33.96666666666667,95,36.46666666666667,,,,
07:55:00,769984,210,E,ML,34.202989,-118.191827,GOULD,20.4,345,65.26666666666667,92,70.46666666666667,94,67.10000000000001,82,62.6,76,59.63333333333333,,,,
07:55:00,770116,210,E,ML,34.234317,-118.286992,LA TUNA CANYON,14.39,259,45.8,82,46.86666666666667,80,48.0,59,39.66666666666666,38,51.1,,,,
07:55:00,770385,210,E,ML,34.206925,-118.21372,EB/NB 2 TO EB 210 CN,19.08,398,67.73333333333333,116,72.03333333333335,107,69.5,99,64.46666666666667,76,63.0,,,,
07:55:00,770578,210,E,ML,34.156489,-118.158295,WINONA WAY,24.442,199,58.833333333333336,139,59.8,60,56.6,,,,,,,,
08:00:00,717617,210,E,ML,34.179921,-118.167405,ARROYO,22.6,286,61.7,75,66.66666666666667,79,63.4,69,59.46666666666667,63,56.4,,,,
08:00:00,717620,210,E,ML,34.174756,-118.160407,LINCOLN 1,23.14,310,65.36666666666666,82,69.7,91,66.23333333333333,71,63.73333333333333,65,61.56666666666666,,,,
08:00:00,717625,210,E,ML,34.160546,-118.158748,MOUNTAIN 2,24.16,320,54.29999999999999,85,63.76666666666667,86,61.43333333333334,64,55.833333333333336,85,36.5,,,,
08:00:00,717628,210,E,ML,34.152216,-118.156144,WALNUT,24.81,59,57.333333333333336,59,57.333333333333336,,,,,,,,,,
08:00:00,717631,210,E,ML,34.15099,-118.152369,FAIR OAKS 1,25.12,119,61.70000000000001,25,66.9,36,63.5,32,60.29999999999999,26,56.20000000000001,,,,
08:00:00,717633,210,E,ML,34.151691,-118.142523,MARENGO,25.72,618,59.1,105,64.2,122,62.1,106,60.4,109,58.0,99,54.1,77,54.1
08:00:00,717635,210,E,ML,34.151658,-118.12944,LAKE 2,26.47,661,65.73333333333333,124,71.10000000000001,133,68.93333333333334,128,66.06666666666666,116,64.13333333333333,159,59.76666666666667,,
08:00:00,717638,210,E,ML,34.152187,-118.117782,HILL 1,27.14,664,66.33333333333333,159,68.7,145,68.63333333333333,119,71.60000000000001,119,69.2,122,52.63333333333333,,
08:00:00,717640,210,E,ML,34.152301,-118.109239,ALLEN,27.63,627,68.8,78,75.46666666666665,160,67.13333333333333,139,69.43333333333334,122,68.43333333333334,127,66.36666666666666,,
08:00:00,717646,210,E,ML,34.151406,-118.091041,SAN GABRIEL,28.68,602,69.76666666666667,156,70.86666666666666,146,71.76666666666667,106,73.06666666666666,90,68.36666666666666,104,62.866666666666674,,
08:00:00,717650,210,E,ML,34.147621,-118.079037,SIERRA MADRE V2,29.44,534,66.2,148,68.56666666666666,131,66.76666666666667,107,67.60000000000001,88,63.26666666666667,61,61.5,,
08:00:00,761093,210,E,HV,34.151691,-118.142523,MARENGO,25.72,118,61.70000000000001,118,61.70000000000001,,,,,,,,,,
08:00:00,761098,210,E,HV,34.151658,-118.12944,LAKE 2,26.47,118,61.70000000000001,118,61.70000000000001,,,,,,,,,,
08:00:00,761102,210,E,HV,34.152187,-118.117782,HILL 1,27.14,82,64.96666666666665,82,64.96666666666665,,,,,,,,,,
08:00:00,761105,210,E,HV,34.152301,-118.109239,ALLEN,27.63,152,57.7,152,57.7,,,,,,,,,,
08:00:00,761109,210,E,HV,34.151406,-118.091041,SAN GABRIEL,28.68,79,65.13333333333334,79,65.13333333333334,,,,,,,,,,
08:00:00,761112,210,E,HV,34.147621,-118.079037,SIERRA MADRE V2,29.44,73,64.06666666666666,73,64.06666666666666,,,,,,,,,,
08:00:00,763614,210,E,HV,34.15099,-118.152369,FAIR OAKS 1,25.12,118,61.70000000000001,118,61.70000000000001,,,,,,,,,,
08:00:00,769788,210,E,ML,34.189219,-118.180753,BERKSHIRE,21.58,381,65.89999999999999,103,70.96666666666667,103,67.73333333333333,91,63.333333333333336,84,60.23333333333333,,,,
08:00:00,769806,210,E,ML,34.196934,-118.185042,FOOTHILL,20.98,393,69.43333333333334,96,73.66666666666667,114,67.46666666666665,84,72.89999999999999,99,64.73333333333333,,,,
08:00:00,769819,210,E,ML,34.205892,-118.198234,ANGELES CREST HWY NB,19.98,119,61.70000000000001,25,66.9,36,63.5,32,60.29999999999999,26,56.20000000000001,,,,
08:00:00,769831,210,E,ML,34.206745,-118.201533,ANGELES CREST HWY SB,19.78,342,63.43333333333334,92,68.60000000000001,93,65.26666666666667,81,60.63333333333333,76,58.03333333333333,,,,
08:00:00,769847,210,E,ML,34.211728,-118.228265,OCEAN VIEW,18.18,310,66.83333333333333,123,69.7,96,68.03333333333335,60,61.06666666666666,31,63.96666666666666,,,,
08:00:00,769866,210,E,ML,34.218398,-118.239738,LA CRESCENTA,17.38,602,49.13333333333333,144,52.833333333333336,159,51.36666666666667,142,49.16666666666666,157,43.26666666666667,,,,
08:00:00,769880,210,E,ML,34.221426,-118.245718,PENNSYLVANIA,16.98,522,30.8,86,30.83333333333333,151,32.666666666666664,138,32.766666666666666,147,27.53333333333333,,,,
08:00:00,769895,210,E,ML,34.230849,-118.265101,LOWELL / HONOLULU,15.68,469,33.93333333333333,134,33.800000000000004,129,32.166666666666664,110,32.8,96,37.56666666666667,,,,
08:00:00,769984,210,E,ML,34.202989,-118.191827,GOULD,20.4,382,65.89999999999999,103,70.96666666666667,104,67.66666666666667,91,63.4,84,60.26666666666667,,,,
08:00:00,770116,210,E,ML,34.234317,-118.286992,LA TUNA CANYON,14.39,254,44.8,80,45.8,79,47.16666666666666,58,38.13333333333333,38,50.76666666666667,,,,
08:00:00,770385,210,E,ML,34.206925,-118.21372,EB/NB 2 TO EB 210 CN,19.08,400,68.23333333333333,120,71.60000000000001,108,68.96666666666665,92,64.66666666666667,79,66.2,,,,
08:00:00,770578,210,E,ML,34.156489,-118.158295,WINONA WAY,24.442,190,57.93333333333334,136,58.86666666666667,55,55.2,,,,,,,,
08:05:00,717617,210,E,ML,34.179921,-118.167405,ARROYO,22.6,253,61.6,65,66.56666666666668,71,63.26666666666667,62,59.36666666666667,55,56.3,,,,
08:05:00,717620,210,E,ML,34.174756,-118.160407,LINCOLN 1,23.14,279,64.5,84,68.66666666666667,81,65.89999999999999,57,62.36666666666667,57,60.53333333333333,,,,
08:05:00,717625,210,E,ML,34.160546,-118.158748,MOUNTAIN 2,24.16,326,53.03333333333334,76,63.06666666666666,99,59.93333333333334,59,54.86666666666667,92,36.63333333333333,,,,
08:05:00,717628,210,E,ML,34.152216,-118.156144,WALNUT,24.81,68,56.23333333333333,68,56.23333333333333,,,,,,,,,,
08:05:00,717631,210,E,ML,34.15099,-118.152369,FAIR OAKS 1,25.12,119,61.70000000000001,25,66.9,36,63.5,32,60.29999999999999,26,56.20000000000001,,,,
08:05:00,717633,210,E,ML,34.151691,-118.142523,MARENGO,25.72,616,59.1,104,64.2,122,62.1,106,60.4,108,58.0,99,54.1,77,54.1
08:05:00,717635,210,E,ML,34.151658,-118.12944,LAKE 2,26.47,637,65.76666666666667,120,71.16666666666667,128,68.96666666666667,123,66.10000000000001,111,64.2,154,59.8,,
08:05:00,717638,210,E,ML,34.152187,-118.117782,HILL 1,27.14,649,67.26666666666667,153,69.36666666666667,140,68.60000000000001,127,71.66666666666667,112,68.86666666666666,118,56.73333333333333,,
08:05:00,717640,210,E,ML,34.152301,-118.109239,ALLEN,27.63,617,68.2,71,76.36666666666666,153,67.36666666666666,135,69.16666666666667,128,66.7,129,65.2,,
08:05:00,717646,210,E,ML,34.151406,-118.091041,SAN GABRIEL,28.68,590,69.06666666666666,156,71.46666666666665,140,71.2,99,72.33333333333333,92,66.33333333333333,103,61.76666666666667,,
08:05:00,717650,210,E,ML,34.147621,-118.079037,SIERRA MADRE V2,29.44,515,67.23333333333333,138,69.16666666666667,125,67.73333333333333,103,70.13333333333334,88,63.79999999999999,60,62.20000000000001,,
08:05:00,761093,210,E,HV,34.151691,-118.142523,MARENGO,25.72,118,61.70000000000001,118,61.70000000000001,,,,,,,,,,
08:05:00,761098,210,E,HV,34.151658,-118.12944,LAKE 2,26.47,118,61.70000000000001,118,61.70000000000001,,,,,,,,,,
08:05:00,761102,210,E,HV,34.152187,-118.117782,HILL 1,27.14,74,65.10000000000001,74,65.10000000000001,,,,,,,,,,
08:05:00,761105,210,E,HV,34.152301,-118.109239,ALLEN,27.63,154,56.73333333333333,154,56.73333333333333,,,,,,,,,,
08:05:00,761109,210,E,HV,34.151406,-118.091041,SAN GABRIEL,28.68,68,64.60000000000001,68,64.60000000000001,,,,,,,,,,
08:05:00,761112,210,E,HV,34.147621,-118.079037,SIERRA MADRE V2,29.44,63,64.5,63,64.5,,,,,,,,,,
08:05:00,763614,210,E,HV,34.15099,-118.152369,FAIR OAKS 1,25.12,118,61.70000000000001,118,61.70000000000001,,,,,,,,,,
08:05:00,769788,210,E,ML,34.189219,-118.180753,BERKSHIRE,21.58,374,63.23333333333333,101,68.3,102,65.03333333333333,89,60.43333333333334,83,57.8,,,,
08:05:00,769806,210,E,ML,34.196934,-118.185042,FOOTHILL,20.98,413,68.33333333333333,104,72.3,110,67.0,86,73.13333333333334,113,61.46666666666666,,,,
08:05:00,769819,210,E,ML,34.205892,-118.198234,ANGELES CREST HWY NB,19.98,119,61.70000000000001,25,66.9,36,63.5,32,60.29999999999999,26,56.20000000000001,,,,
08:05:00,769831,210,E,ML,34.206745,-118.201533,ANGELES CREST HWY SB,19.78,346,63.16666666666666,93,68.26666666666667,94,64.96666666666667,82,60.4,77,57.76666666666667,,,,
08:05:00,769847,210,E,ML,34.211728,-118.228265,OCEAN VIEW,18.18,319,67.36666666666667,120,69.86666666666666,106,67.93333333333334,62,61.0,31,68.13333333333334,,,,
08:05:00,769866,210,E,ML,34.218398,-118.239738,LA CRESCENTA,17.38,605,47.16666666666666,157,51.6,160,50.26666666666667,141,45.4,148,40.8,,,,
08:05:00,769880,210,E,ML,34.221426,-118.245718,PENNSYLVANIA,16.98,537,30.9,89,29.96666666666667,162,33.166666666666664,136,31.866666666666664,149,28.666666666666668,,,,
08:05:00,769895,210,E,ML,34.230849,-118.265101,LOWELL / HONOLULU,15.68,455,33.03333333333333,131,32.63333333333333,127,30.866666666666664,103,30.933333333333337,94,37.53333333333333,,,,
08:05:00,769984,210,E,ML,34.202989,-118.191827,GOULD,20.4,377,63.23333333333333,102,68.23333333333333,103,64.89999999999999,89,60.46666666666666,83,57.9,,,,
08:05:00,770116,210,E,ML,34.234317,-118.286992,LA TUNA CANYON,14.39,247,45.6,77,47.0,77,48.13333333333333,56,38.5,37,50.86666666666667,,,,
08:05:00,770385,210,E,ML,34.206925,-118.21372,EB/NB 2 TO EB 210 CN,19.08,382,67.76666666666667,119,71.23333333333333,97,68.36666666666667,87,63.2,79,67.2,,,,
08:05:00,770578,210,E,ML,34.156489,-118.158295,WINONA WAY,24.442,209,56.43333333333334,144,57.66666666666666,65,53.86666666666667,,,,,,,,
08:10:00,717617,210,E,ML,34.179921,-118.167405,ARROYO,22.6,286,61.333333333333336,75,66.26666666666667,79,63.03333333333333,69,59.13333333333333,63,56.13333333333333,,,,
08:10:00,717620,210,E,ML,34.174756,-118.160407,LINCOLN 1,23.14,292,64.3,86,68.13333333333334,75,65.76666666666667,80,63.76666666666667,50,58.06666666666666,,,,
08:10:00,717625,210,E,ML,34.160546,-118.158748,MOUNTAIN 2,24.16,325,54.16666666666666,77,63.8,107,60.56666666666666,46,56.06666666666667,94,38.63333333333333,,,,
08:10:00,717628,210,E,ML,34.152216,-118.156144,WALNUT,24.81,62,56.333333333333336,62,56.333333333333336,,,,,,,,,,
08:10:00,717631,210,E,ML,34.15099,-118.152369,FAIR OAKS 1,25.12,119,61.6,25,66.8,36,63.4,32,60.20000000000001,26,56.1,,,,
08:10:00,717633,210,E,ML,34.151691,-118.142523,MARENGO,25.72,621,59.4,105,64.5,123,62.4,107,60.70000000000001,109,58.29999999999999,100,54.4,77,54.4
08:10:00,717635,210,E,ML,34.151658,-118.12944,LAKE 2,26.47,638,65.86666666666666,121,71.23333333333333,128,69.03333333333333,124,66.16666666666667,112,64.3,154,59.86666666666667,,
08:10:00,717638,210,E,ML,34.152187,-118.117782,HILL 1,27.14,657,67.3,156,70.46666666666665,139,68.8,124,71.5,122,69.23333333333333,116,54.833333333333336,,
08:10:00,717640,210,E,ML,34.152301,-118.109239,ALLEN,27.63,612,69.36666666666667,70,76.76666666666667,150,68.23333333333333,134,70.03333333333335,120,67.46666666666667,138,67.73333333333333,,
08:10:00,717646,210,E,ML,34.151406,-118.091041,SAN GABRIEL,28.68,597,69.39999999999999,154,71.33333333333333,150,70.36666666666667,104,72.56666666666666,91,70.0,98,60.93333333333334,,
08:10:00,717650,210,E,ML,34.147621,-118.079037,SIERRA MADRE V2,29.44,535,68.13333333333334,146,70.7,134,68.83333333333333,106,68.03333333333333,93,67.46666666666667,57,61.13333333333333,,
08:10:00,761093,210,E,HV,34.151691,-118.142523,MARENGO,25.72,118,61.6,118,61.6,,,,,,,,,,
08:10:00,761098,210,E,HV,34.151658,-118.12944,LAKE 2,26.47,118,61.6,118,61.6,,,,,,,,,,
08:10:00,761102,210,E,HV,34.152187,-118.117782,HILL 1,27.14,67,64.86666666666667,67,64.86666666666667,,,,,,,,,,
08:10:00,761105,210,E,HV,34.152301,-118.109239,ALLEN,27.63,144,57.63333333333333,144,57.63333333333333,,,,,,,,,,
08:10:00,761109,210,E,HV,34.151406,-118.091041,SAN GABRIEL,28.68,69,64.73333333333333,69,64.73333333333333,,,,,,,,,,
08:10:00,761112,210,E,HV,34.147621,-118.079037,SIERRA MADRE V2,29.44,70,64.3,70,64.3,,,,,,,,,,
08:10:00,763614,210,E,HV,34.15099,-118.152369,FAIR OAKS 1,25.12,118,61.6,118,61.6,,,,,,,,,,
08:10:00,769788,210,E,ML,34.189219,-118.180753,BERKSHIRE,21.58,445,63.03333333333334,123,68.0,120,64.76666666666667,104,60.26666666666667,98,57.633333333333326,,,,
08:10:00,769806,210,E,ML,34.196934,-118.185042,FOOTHILL,20.98,480,66.23333333333333,120,69.56666666666668,129,67.5,88,67.60000000000001,143,61.333333333333336,,,,
08:10:00,769819,210,E,ML,34.205892,-118.198234,ANGELES CREST HWY NB,19.98,119,61.6,25,66.8,36,63.4,32,60.20000000000001,26,56.1,,,,
08:10:00,769831,210,E,ML,34.206745,-118.201533,ANGELES CREST HWY SB,19.78,361,63.63333333333333,97,68.76666666666667,98,65.46666666666667,86,60.86666666666667,80,58.2,,,,
08:10:00,769847,210,E,ML,34.211728,-118.228265,OCEAN VIEW,18.18,322,66.16666666666667,119,70.16666666666667,106,68.7,66,55.23333333333333,32,65.26666666666667,,,,
08:10:00,769866,210,E,ML,34.218398,-118.239738,LA CRESCENTA,17.38,600,46.46666666666667,160,52.23333333333333,152,49.7,134,43.73333333333333,154,39.56666666666667,,,,
08:10:00,769880,210,E,ML,34.221426,-118.245718,PENNSYLVANIA,16.98,541,31.166666666666668,93,30.566666666666663,159,33.7,134,31.3,155,29.23333333333333,,,,
08:10:00,769895,210,E,ML,34.230849,-118.265101,LOWELL / HONOLULU,15.68,464,32.733333333333334,134,32.86666666666667,131,32.1,108,30.766666666666666,92,35.666666666666664,,,,
08:10:00,769984,210,E,ML,34.202989,-118.191827,GOULD,20.4,448,63.06666666666666,124,67.96666666666665,121,64.73333333333333,105,60.36666666666667,98,57.7,,,,
08:10:00,770116,210,E,ML,34.234317,-118.286992,LA TUNA CANYON,14.39,271,46.26666666666667,86,47.63333333333333,84,48.66666666666666,61,39.56666666666667,40,51.23333333333333,,,,
08:10:00,770385,210,E,ML,34.206925,-118.21372,EB/NB 2 TO EB 210 CN,19.08,406,68.03333333333335,117,72.66666666666667,112,67.60000000000001,97,64.23333333333333,80,66.96666666666667,,,,
08:10:00,770578,210,E,ML,34.156489,-118.158295,WINONA WAY,24.442,209,56.8,152,57.86666666666667,58,53.96666666666667,,,,,,,,
08:15:00,717617,210,E,ML,34.179921,-118.167405,ARROYO,22.6,259,59.8,67,64.7,72,61.5,63,57.6,57,54.73333333333333,,,,
08:15:00,717620,210,E,ML,34.174756,-118.160407,LINCOLN 1,23.14,281,62.79999999999999,92,67.93333333333334,72,65.73333333333333,63,59.66666666666666,55,55.4,,,,
08:15:00,717625,210,E,ML,34.160546,-118.158748,MOUNTAIN 2,24.16,312,55.13333333333333,73,63.26666666666667,89,60.9,55,57.5,95,42.73333333333333,,,,
08:15:00,717628,210,E,ML,34.152216,-118.156144,WALNUT,24.81,69,58.0,69,58.0,,,,,,,,,,
08:15:00,717631,210,E,ML,34.15099,-118.152369,FAIR OAKS 1,25.12,119,61.6,25,66.8,36,63.4,32,60.20000000000001,26,56.1,,,,
08:15:00,717633,210,E,ML,34.151691,-118.142523,MARENGO,25.72,631,59.1,107,64.2,124,62.1,109,60.4,111,58.0,101,54.1,79,54.1
08:15:00,717635,210,E,ML,34.151658,-118.12944,LAKE 2,26.47,637,65.6,120,71.0,128,68.76666666666667,123,65.93333333333334,111,64.03333333333333,154,59.63333333333333,,
08:15:00,717638,210,E,ML,34.152187,-118.117782,HILL 1,27.14,644,67.03333333333333,161,69.60000000000001,134,68.3,110,71.76666666666667,116,69.06666666666668,123,56.2,,
08:15:00,717640,210,E,ML,34.152301,-118.109239,ALLEN,27.63,590,68.93333333333334,66,76.46666666666665,155,68.06666666666666,130,69.36666666666666,118,66.89999999999999,120,67.5,,
08:15:00,717646,210,E,ML,34.151406,-118.091041,SAN GABRIEL,28.68,563,69.86666666666666,150,71.39999999999999,134,70.76666666666667,99,71.96666666666667,85,70.76666666666667,94,62.73333333333333,,
08:15:00,717650,210,E,ML,34.147621,-118.079037,SIERRA MADRE V2,29.44,518,68.5,146,70.23333333333333,123,68.93333333333334,105,68.93333333333334,90,68.63333333333334,55,61.73333333333333,,
08:15:00,761093,210,E,HV,34.151691,-118.142523,MARENGO,25.72,118,61.6,118,61.6,,,,,,,,,,
08:15:00,761098,210,E,HV,34.151658,-118.12944,LAKE 2,26.47,118,61.6,118,61.6,,,,,,,,,,
08:15:00,761102,210,E,HV,34.152187,-118.117782,HILL 1,27.14,71,65.06666666666666,71,65.06666666666666,,,,,,,,,,
08:15:00,761105,210,E,HV,34.152301,-118.109239,ALLEN,27.63,151,58.833333333333336,151,58.833333333333336,,,,,,,,,,
08:15:00,761109,210,E,HV,34.151406,-118.091041,SAN GABRIEL,28.68,62,65.16666666666667,62,65.16666666666667,,,,,,,,,,
08:15:00,761112,210,E,HV,34.147621,-118.079037,SIERRA MADRE V2,29.44,62,64.86666666666666,62,64.86666666666666,,,,,,,,,,
08:15:00,763614,210,E,HV,34.15099,-118.152369,FAIR OAKS 1,25.12,118,61.6,118,61.6,,,,,,,,,,
08:15:00,769788,210,E,ML,34.189219,-118.180753,BERKSHIRE,21.58,412,63.20000000000001,112,68.23333333333333,112,64.96666666666667,97,60.29999999999999,91,57.73333333333333,,,,
08:15:00,769806,210,E,ML,34.196934,-118.185042,FOOTHILL,20.98,421,66.7,104,69.3,118,68.36666666666666,88,64.0,111,64.5,,,,
08:15:00,769819,210,E,ML,34.205892,-118.198234,ANGELES CREST HWY NB,19.98,119,61.6,25,66.8,36,63.4,32,60.20000000000001,26,56.1,,,,
08:15:00,769831,210,E,ML,34.206745,-118.201533,ANGELES CREST HWY SB,19.78,337,63.366666666666674,90,68.53333333333333,92,65.23333333333333,80,60.53333333333333,75,57.93333333333334,,,,
08:15:00,769847,210,E,ML,34.211728,-118.228265,OCEAN VIEW,18.18,308,65.46666666666667,122,70.26666666666667,100,68.36666666666666,59,51.73333333333333,27,63.53333333333333,,,,
08:15:00,769866,210,E,ML,34.218398,-118.239738,LA CRESCENTA,17.38,602,45.93333333333334,155,52.13333333333333,156,49.56666666666666,141,42.5,149,38.7,,,,
08:15:00,769880,210,E,ML,34.221426,-118.245718,PENNSYLVANIA,16.98,516,30.03333333333333,89,30.23333333333333,152,32.46666666666667,135,30.133333333333336,140,27.73333333333333,,,,
08:15:00,769895,210,E,ML,34.230849,-118.265101,LOWELL / HONOLULU,15.68,457,31.933333333333334,133,32.36666666666667,127,31.46666666666667,109,30.3,88,34.36666666666667,,,,
08:15:00,769984,210,E,ML,34.202989,-118.191827,GOULD,20.4,415,63.13333333333333,113,68.16666666666667,113,64.8,98,60.4,92,57.79999999999999,,,,
08:15:00,770116,210,E,ML,34.234317,-118.286992,LA TUNA CANYON,14.39,258,46.16666666666666,81,47.2,80,48.3,59,40.4,38,51.16666666666666,,,,
08:15:00,770385,210,E,ML,34.206925,-118.21372,EB/NB 2 TO EB 210 CN,19.08,391,68.0,119,72.56666666666666,109,69.13333333333333,85,61.76666666666667,77,66.43333333333334,,,,
08:15:00,770578,210,E,ML,34.156489,-118.158295,WINONA WAY,24.442,209,57.53333333333333,143,58.23333333333333,66,56.03333333333333,,,,,,,,
08:20:00,717617,210,E,ML,34.179921,-118.167405,ARROYO,22.6,267,60.86666666666667,69,65.8,74,62.56666666666666,65,58.7,59,55.73333333333333,,,,
08:20:00,717620,210,E,ML,34.174756,-118.160407,LINCOLN 1,23.14,280,64.0,81,68.43333333333334,74,65.53333333333335,71,63.63333333333333,54,57.13333333333333,,,,
08:20:00,717625,210,E,ML,34.160546,-118.158748,MOUNTAIN 2,24.16,329,56.96666666666666,83,64.36666666666667,88,62.36666666666667,62,58.333333333333336,96,45.333333333333336,,,,
08:20:00,717628,210,E,ML,34.152216,-118.156144,WALNUT,24.81,69,58.4,69,58.4,,,,,,,,,,
08:20:00,717631,210,E,ML,34.15099,-118.152369,FAIR OAKS 1,25.12,119,61.6,25,66.8,36,63.4,32,60.20000000000001,26,56.1,,,,
08:20:00,717633,210,E,ML,34.151691,-118.142523,MARENGO,25.72,629,58.70000000000001,107,63.70000000000001,124,61.6,108,60.0,111,57.6,101,53.70000000000001,78,53.70000000000001
08:20:00,717635,210,E,ML,34.151658,-118.12944,LAKE 2,26.47,642,65.7,121,71.06666666666666,129,68.86666666666666,124,66.03333333333333,112,64.10000000000001,155,59.73333333333333,,
08:20:00,717638,210,E,ML,34.152187,-118.117782,HILL 1,27.14,649,67.23333333333333,153,69.33333333333333,140,68.36666666666667,121,71.63333333333333,113,69.10000000000001,121,57.16666666666666,,
08:20:00,717640,210,E,ML,34.152301,-118.109239,ALLEN,27.63,594,67.96666666666665,64,76.56666666666666,148,68.0,136,68.8,123,65.33333333333333,123,65.1,,
08:20:00,717646,210,E,ML,34.151406,-118.091041,SAN GABRIEL,28.68,569,67.96666666666667,157,71.73333333333333,139,68.39999999999999,95,66.26666666666667,83,67.76666666666667,95,63.2,,
08:20:00,717650,210,E,ML,34.147621,-118.079037,SIERRA MADRE V2,29.44,501,68.33333333333333,136,71.10000000000001,124,69.46666666666665,99,68.39999999999999,89,66.2,52,61.66666666666666,,
08:20:00,761093,210,E,HV,34.151691,-118.142523,MARENGO,25.72,118,61.6,118,61.6,,,,,,,,,,
08:20:00,761098,210,E,HV,34.151658,-118.12944,LAKE 2,26.47,118,61.6,118,61.6,,,,,,,,,,
08:20:00,761102,210,E,HV,34.152187,-118.117782,HILL 1,27.14,67,65.03333333333333,67,65.03333333333333,,,,,,,,,,
08:20:00,761105,210,E,HV,34.152301,-118.109239,ALLEN,27.63,152,59.3,152,59.3,,,,,,,,,,
08:20:00,761109,210,E,HV,34.151406,-118.091041,SAN GABRIEL,28.68,67,65.26666666666667,67,65.26666666666667,,,,,,,,,,
08:20:00,761112,210,E,HV,34.147621,-118.079037,SIERRA MADRE V2,29.44,65,64.89999999999999,65,64.89999999999999,,,,,,,,,,
08:20:00,763614,210,E,HV,34.15099,-118.152369,FAIR OAKS 1,25.12,118,61.6,118,61.6,,,,,,,,,,
08:20:00,769788,210,E,ML,34.189219,-118.180753,BERKSHIRE,21.58,394,64.56666666666666,106,69.73333333333333,107,66.39999999999999,93,61.833333333333336,87,59.03333333333333,,,,
08:20:00,769806,210,E,ML,34.196934,-118.185042,FOOTHILL,20.98,398,69.10000000000001,94,72.39999999999999,126,68.63333333333333,83,69.10000000000001,95,65.93333333333332,,,,
08:20:00,769819,210,E,ML,34.205892,-118.198234,ANGELES CREST HWY NB,19.98,119,61.6,25,66.8,36,63.4,32,60.20000000000001,26,56.1,,,,
08:20:00,769831,210,E,ML,34.206745,-118.201533,ANGELES CREST HWY SB,19.78,343,63.06666666666667,92,68.16666666666667,93,64.89999999999999,82,60.26666666666667,76,57.7,,,,
08:20:00,769847,210,E,ML,34.211728,-118.228265,OCEAN VIEW,18.18,324,66.2,128,70.63333333333333,100,69.06666666666666,63,53.0,32,65.33333333333333,,,,
08:20:00,769866,210,E,ML,34.218398,-118.239738,LA CRESCENTA,17.38,600,45.63333333333333,159,52.03333333333333,161,49.7,129,41.03333333333333,151,38.16666666666666,,,,
08:20:00,769880,210,E,ML,34.221426,-118.245718,PENNSYLVANIA,16.98,514,29.166666666666668,87,29.666666666666668,153,31.8,131,28.566666666666663,143,26.9,,,,
08:20:00,769895,210,E,ML,34.230849,-118.265101,LOWELL / HONOLULU,15.68,440,30.866666666666664,124,31.23333333333333,120,29.666666666666668,107,29.633333333333336,89,33.233333333333334,,,,
08:20:00,769984,210,E,ML,34.202989,-118.191827,GOULD,20.4,396,64.56666666666666,107,69.66666666666667,107,66.3,94,61.86666666666667,87,59.06666666666666,,,,
08:20:00,770116,210,E,ML,34.234317,-118.286992,LA TUNA CANYON,14.39,243,45.43333333333334,76,46.26666666666667,75,47.53333333333333,55,39.63333333333333,36,50.9,,,,
08:20:00,770385,210,E,ML,34.206925,-118.21372,EB/NB 2 TO EB 210 CN,19.08,399,67.63333333333333,123,72.39999999999999,112,68.7,87,61.86666666666667,76,64.63333333333334,,,,
08:20:00,770578,210,E,ML,34.156489,-118.158295,WINONA WAY,24.442,212,58.0,146,58.73333333333333,65,56.53333333333333,,,,,,,,
08:25:00,717617,210,E,ML,34.179921,-118.167405,ARROYO,22.6,268,61.36666666666667,70,66.33333333333333,74,63.06666666666666,65,59.13333333333333,59,56.16666666666666,,,,
08:25:00,717620,210,E,ML,34.174756,-118.160407,LINCOLN 1,23.14,295,64.46666666666665,84,68.86666666666667,83,66.2,70,65.10000000000001,58,56.46666666666667,,,,
08:25:00,717625,210,E,ML,34.160546,-118.158748,MOUNTAIN 2,24.16,309,56.03333333333334,78,63.96666666666667,86,62.66666666666666,54,58.0,91,42.266666666666666,,,,
08:25:00,717628,210,E,ML,34.152216,-118.156144,WALNUT,24.81,64,57.3,64,57.3,,,,,,,,,,
08:25:00,717631,210,E,ML,34.15099,-118.152369,FAIR OAKS 1,25.12,119,61.6,25,66.8,36,63.4,32,60.20000000000001,26,56.1,,,,
08:25:00,717633,210,E,ML,34.151691,-118.142523,MARENGO,25.72,624,58.9,106,63.9,123,61.79999999999999,107,60.20000000000001,110,57.79999999999999,100,53.9,78,53.9
08:25:00,717635,210,E,ML,34.151658,-118.12944,LAKE 2,26.47,660,66.13333333333334,124,71.56666666666666,133,69.33333333333333,128,66.39999999999999,115,64.5,159,60.06666666666666,,
08:25:00,717638,210,E,ML,34.152187,-118.117782,HILL 1,27.14,654,67.16666666666667,161,68.89999999999999,142,68.66666666666667,111,72.0,119,68.89999999999999,122,56.93333333333334,,
08:25:00,717640,210,E,ML,34.152301,-118.109239,ALLEN,27.63,596,66.66666666666667,71,75.76666666666667,159,67.46666666666665,139,68.96666666666667,114,61.76666666666667,113,61.66666666666666,,
08:25:00,717646,210,E,ML,34.151406,-118.091041,SAN GABRIEL,28.68,574,68.56666666666666,157,71.7,148,69.39999999999999,99,70.0,87,64.73333333333333,83,62.56666666666666,,
08:25:00,717650,210,E,ML,34.147621,-118.079037,SIERRA MADRE V2,29.44,504,67.0,146,69.96666666666667,119,68.3,98,66.73333333333333,86,64.03333333333335,55,61.9,,
08:25:00,761093,210,E,HV,34.151691,-118.142523,MARENGO,25.72,118,61.6,118,61.6,,,,,,,,,,
08:25:00,761098,210,E,HV,34.151658,-118.12944,LAKE 2,26.47,118,61.6,118,61.6,,,,,,,,,,
08:25:00,761102,210,E,HV,34.152187,-118.117782,HILL 1,27.14,66,65.03333333333335,66,65.03333333333335,,,,,,,,,,
08:25:00,761105,210,E,HV,34.152301,-118.109239,ALLEN,27.63,153,59.2,153,59.2,,,,,,,,,,
08:25:00,761109,210,E,HV,34.151406,-118.091041,SAN GABRIEL,28.68,65,64.3,65,64.3,,,,,,,,,,
08:25:00,761112,210,E,HV,34.147621,-118.079037,SIERRA MADRE V2,29.44,68,64.63333333333334,68,64.63333333333334,,,,,,,,,,
08:25:00,763614,210,E,HV,34.15099,-118.152369,FAIR OAKS 1,25.12,118,61.6,118,61.6,,,,,,,,,,
08:25:00,769788,210,E,ML,34.189219,-118.180753,BERKSHIRE,21.58,312,64.5,84,69.56666666666666,85,66.3,75,61.8,68,58.9,,,,
08:25:00,769806,210,E,ML,34.196934,-118.185042,FOOTHILL,20.98,334,68.0,80,70.60000000000001,102,69.53333333333335,78,69.7,74,61.366666666666674,,,,
08:25:00,769819,210,E,ML,34.205892,-118.198234,ANGELES CREST HWY NB,19.98,119,61.6,25,66.8,36,63.4,32,60.20000000000001,26,56.1,,,,
08:25:00,769831,210,E,ML,34.206745,-118.201533,ANGELES CREST HWY SB,19.78,335,62.2,90,67.16666666666667,92,63.93333333333334,80,59.46666666666667,73,56.833333333333336,,,,
08:25:00,769847,210,E,ML,34.211728,-118.228265,OCEAN VIEW,18.18,316,65.56666666666666,122,70.43333333333334,105,68.36666666666666,66,52.833333333333336,23,63.43333333333334,,,,
08:25:00,769866,210,E,ML,34.218398,-118.239738,LA CRESCENTA,17.38,592,45.36666666666667,152,51.4,146,48.76666666666667,130,41.16666666666666,165,40.2,,,,
08:25:00,769880,210,E,ML,34.221426,-118.245718,PENNSYLVANIA,16.98,512,29.03333333333333,89,29.96666666666667,149,31.633333333333336,130,28.633333333333336,144,26.4,,,,
08:25:00,769895,210,E,ML,34.230849,-118.265101,LOWELL / HONOLULU,15.68,451,30.8,128,31.23333333333333,126,29.566666666666663,106,29.13333333333333,91,33.800000000000004,,,,
08:25:00,769984,210,E,ML,34.202989,-118.191827,GOULD,20.4,313,64.46666666666667,84,69.5,86,66.23333333333333,75,61.86666666666667,69,58.96666666666667,,,,
08:25:00,770116,210,E,ML,34.234317,-118.286992,LA TUNA CANYON,14.39,262,45.1,83,45.7,81,47.13333333333333,60,39.6,39,50.9,,,,
08:25:00,770385,210,E,ML,34.206925,-118.21372,EB/NB 2 TO EB 210 CN,19.08,390,65.83333333333333,126,71.89999999999999,108,67.7,75,59.13333333333333,80,60.2,,,,
08:25:00,770578,210,E,ML,34.156489,-118.158295,WINONA WAY,24.442,200,58.4,140,59.76666666666667,60,55.16666666666666,,,,,,,,
08:30:00,717617,210,E,ML,34.179921,-118.167405,ARROYO,22.6,283,62.333333333333336,74,67.33333333333333,78,64.03333333333333,68,60.1,63,56.96666666666667,,,,
08:30:00,717620,210,E,ML,34.174756,-118.160407,LINCOLN 1,23.14,289,64.7,83,68.66666666666667,85,66.46666666666667,75,65.3,46,55.93333333333334,,,,
08:30:00,717625,210,E,ML,34.160546,-118.158748,MOUNTAIN 2,24.16,309,55.96666666666667,78,63.76666666666667,79,63.53333333333333,58,59.5,94,40.73333333333333,,,,
08:30:00,717628,210,E,ML,34.152216,-118.156144,WALNUT,24.81,56,56.76666666666667,56,56.76666666666667,,,,,,,,,,
08:30:00,717631,210,E,ML,34.15099,-118.152369,FAIR OAKS 1,25.12,116,61.6,24,66.8,35,63.4,31,60.20000000000001,26,56.1,,,,
08:30:00,717633,210,E,ML,34.151691,-118.142523,MARENGO,25.72,612,58.70000000000001,104,63.70000000000001,121,61.6,105,60.0,108,57.6,98,53.70000000000001,76,53.70000000000001
08:30:00,717635,210,E,ML,34.151658,-118.12944,LAKE 2,26.47,623,66.0,118,71.39999999999999,125,69.16666666666667,121,66.3,109,64.39999999999999,151,60.0,,
08:30:00,717638,210,E,ML,34.152187,-118.117782,HILL 1,27.14,652,67.06666666666666,157,68.56666666666666,140,68.10000000000001,127,71.89999999999999,112,68.7,116,57.56666666666666,,
08:30:00,717640,210,E,ML,34.152301,-118.109239,ALLEN,27.63,595,65.63333333333333,64,75.6,153,66.63333333333333,139,68.26666666666667,123,62.46666666666666,116,59.0,,
08:30:00,717646,210,E,ML,34.151406,-118.091041,SAN GABRIEL,28.68,583,67.7,153,71.83333333333333,137,68.33333333333333,104,69.33333333333333,85,61.56666666666666,104,64.13333333333334,,
08:30:00,717650,210,E,ML,34.147621,-118.079037,SIERRA MADRE V2,29.44,518,66.60000000000001,145,69.8,124,67.53333333333333,104,67.33333333333333,87,62.66666666666666,58,61.56666666666666,,
08:30:00,761093,210,E,HV,34.151691,-118.142523,MARENGO,25.72,117,61.6,117,61.6,,,,,,,,,,
08:30:00,761098,210,E,HV,34.151658,-118.12944,LAKE 2,26.47,117,61.6,117,61.6,,,,,,,,,,
08:30:00,761102,210,E,HV,34.152187,-118.117782,HILL 1,27.14,68,64.96666666666667,68,64.96666666666667,,,,,,,,,,
08:30:00,761105,210,E,HV,34.152301,-118.109239,ALLEN,27.63,149,59.16666666666666,149,59.16666666666666,,,,,,,,,,
08:30:00,761109,210,E,HV,34.151406,-118.091041,SAN GABRIEL,28.68,63,64.63333333333333,63,64.63333333333333,,,,,,,,,,
08:30:00,761112,210,E,HV,34.147621,-118.079037,SIERRA MADRE V2,29.44,68,64.2,68,64.2,,,,,,,,,,
08:30:00,763614,210,E,HV,34.15099,-118.152369,FAIR OAKS 1,25.12,117,61.6,117,61.6,,,,,,,,,,
08:30:00,769788,210,E,ML,34.189219,-118.180753,BERKSHIRE,21.58,299,63.13333333333333,80,68.16666666666667,82,64.86666666666666,71,60.333333333333336,65,57.7,,,,
08:30:00,769806,210,E,ML,34.196934,-118.185042,FOOTHILL,20.98,338,65.8,77,67.33333333333333,116,69.16666666666667,75,64.63333333333334,70,59.56666666666666,,,,
08:30:00,769819,210,E,ML,34.205892,-118.198234,ANGELES CREST HWY NB,19.98,116,61.6,24,66.8,35,63.4,31,60.20000000000001,26,56.1,,,,
08:30:00,769831,210,E,ML,34.206745,-118.201533,ANGELES CREST HWY SB,19.78,333,61.23333333333333,89,66.13333333333334,91,62.93333333333333,79,58.46666666666667,73,55.96666666666667,,,,
08:30:00,769847,210,E,ML,34.211728,-118.228265,OCEAN VIEW,18.18,313,64.89999999999999,124,70.43333333333332,101,67.76666666666667,58,51.2,30,58.73333333333333,,,,
08:30:00,769866,210,E,ML,34.218398,-118.239738,LA CRESCENTA,17.38,597,45.26666666666667,158,51.26666666666667,147,48.6,135,41.3,156,39.56666666666667,,,,
08:30:00,769880,210,E,ML,34.221426,-118.245718,PENNSYLVANIA,16.98,518,29.4,81,28.6,155,31.96666666666667,136,28.566666666666663,147,27.666666666666668,,,,
08:30:00,769895,210,E,ML,34.230849,-118.265101,LOWELL / HONOLULU,15.68,451,31.03333333333333,130,30.96666666666667,129,30.200000000000003,101,29.3,92,34.2,,,,
08:30:00,769984,210,E,ML,34.202989,-118.191827,GOULD,20.4,300,63.1,80,68.13333333333334,83,64.8,72,60.4,65,57.73333333333333,,,,
08:30:00,770116,210,E,ML,34.234317,-118.286992,LA TUNA CANYON,14.39,250,44.3,78,44.76666666666667,78,46.46666666666667,57,38.5,37,50.66666666666666,,,,
08:30:00,770385,210,E,ML,34.206925,-118.21372,EB/NB 2 TO EB 210 CN,19.08,410,65.36666666666666,132,72.23333333333333,117,67.89999999999999,81,54.5,80,61.3,,,,
08:30:00,770578,210,E,ML,34.156489,-118.158295,WINONA WAY,24.442,170,58.36666666666667,119,60.1,51,54.46666666666667,,,,,,,,
08:35:00,717617,210,E,ML,34.179921,-118.167405,ARROYO,22.6,265,59.86666666666667,69,64.66666666666667,73,61.43333333333334,64,57.76666666666667,59,54.9,,,,
08:35:00,717620,210,E,ML,34.174756,-118.160407,LINCOLN 1,23.14,281,63.3,82,68.8,77,66.63333333333334,71,60.63333333333333,51,54.96666666666667,,,,
08:35:00,717625,210,E,ML,34.160546,-118.158748,MOUNTAIN 2,24.16,298,56.76666666666667,75,64.3,85,65.16666666666667,50,60.8,89,40.63333333333333,,,,
08:35:00,717628,210,E,ML,34.152216,-118.156144,WALNUT,24.81,51,57.03333333333333,51,57.03333333333333,,,,,,,,,,
08:35:00,717631,210,E,ML,34.15099,-118.152369,FAIR OAKS 1,25.12,116,61.70000000000001,24,66.9,35,63.5,31,60.29999999999999,26,56.20000000000001,,,,
08:35:00,717633,210,E,ML,34.151691,-118.142523,MARENGO,25.72,618,58.9,105,63.9,122,61.79999999999999,106,60.20000000000001,109,57.79999999999999,99,53.9,77,53.9
08:35:00,717635,210,E,ML,34.151658,-118.12944,LAKE 2,26.47,629,66.03333333333333,119,71.39999999999999,126,69.23333333333333,122,66.33333333333333,110,64.46666666666667,152,60.0,,
08:35:00,717638,210,E,ML,34.152187,-118.117782,HILL 1,27.14,622,66.93333333333334,154,69.13333333333333,132,68.63333333333334,101,71.8,117,68.83333333333333,117,55.86666666666667,,
08:35:00,717640,210,E,ML,34.152301,-118.109239,ALLEN,27.63,581,66.26666666666667,66,76.0,154,67.60000000000001,131,68.23333333333333,108,61.3,122,61.73333333333333,,
08:35:00,717646,210,E,ML,34.151406,-118.091041,SAN GABRIEL,28.68,569,67.39999999999999,155,71.73333333333333,140,67.0,96,66.53333333333333,87,66.63333333333334,92,62.06666666666666,,
08:35:00,717650,210,E,ML,34.147621,-118.079037,SIERRA MADRE V2,29.44,505,67.2,146,70.5,116,68.76666666666667,100,67.36666666666666,86,62.96666666666667,56,61.8,,
08:35:00,761093,210,E,HV,34.151691,-118.142523,MARENGO,25.72,117,61.70000000000001,117,61.70000000000001,,,,,,,,,,
08:35:00,761098,210,E,HV,34.151658,-118.12944,LAKE 2,26.47,117,61.70000000000001,117,61.70000000000001,,,,,,,,,,
08:35:00,761102,210,E,HV,34.152187,-118.117782,HILL 1,27.14,68,64.89999999999999,68,64.89999999999999,,,,,,,,,,
08:35:00,761105,210,E,HV,34.152301,-118.109239,ALLEN,27.63,142,58.9,142,58.9,,,,,,,,,,
08:35:00,761109,210,E,HV,34.151406,-118.091041,SAN GABRIEL,28.68,73,64.36666666666667,73,64.36666666666667,,,,,,,,,,
08:35:00,761112,210,E,HV,34.147621,-118.079037,SIERRA MADRE V2,29.44,70,64.39999999999999,70,64.39999999999999,,,,,,,,,,
08:35:00,763614,210,E,HV,34.15099,-118.152369,FAIR OAKS 1,25.12,117,61.70000000000001,117,61.70000000000001,,,,,,,,,,
08:35:00,769788,210,E,ML,34.189219,-118.180753,BERKSHIRE,21.58,294,62.333333333333336,79,67.36666666666666,81,64.13333333333334,70,59.56666666666666,64,57.0,,,,
08:35:00,769806,210,E,ML,34.196934,-118.185042,FOOTHILL,20.98,326,64.16666666666667,75,65.16666666666667,110,69.0,72,65.26666666666667,69,54.13333333333333,,,,
08:35:00,769819,210,E,ML,34.205892,-118.198234,ANGELES CREST HWY NB,19.98,116,61.70000000000001,24,66.9,35,63.5,31,60.29999999999999,26,56.20000000000001,,,,
08:35:00,769831,210,E,ML,34.206745,-118.201533,ANGELES CREST HWY SB,19.78,339,59.96666666666667,91,64.8,93,61.63333333333333,81,57.2,74,54.833333333333336,,,,
08:35:00,769847,210,E,ML,34.211728,-118.228265,OCEAN VIEW,18.18,316,63.93333333333334,119,70.10000000000001,99,67.46666666666665,64,49.36666666666667,33,59.86666666666667,,,,
08:35:00,769866,210,E,ML,34.218398,-118.239738,LA CRESCENTA,17.38,579,45.333333333333336,148,52.6,148,49.13333333333333,137,41.13333333333333,146,37.96666666666667,,,,
08:35:00,769880,210,E,ML,34.221426,-118.245718,PENNSYLVANIA,16.98,523,30.0,84,28.9,156,32.166666666666664,132,28.566666666666663,151,29.366666666666664,,,,
08:35:00,769895,210,E,ML,34.230849,-118.265101,LOWELL / HONOLULU,15.68,454,30.73333333333333,130,30.366666666666664,126,29.6,111,29.83333333333333,87,34.13333333333333,,,,
08:35:00,769984,210,E,ML,34.202989,-118.191827,GOULD,20.4,295,62.36666666666667,79,67.3,81,64.0,70,59.66666666666666,64,57.1,,,,
08:35:00,770116,210,E,ML,34.234317,-118.286992,LA TUNA CANYON,14.39,239,42.73333333333333,75,42.8,74,44.9,54,36.9,36,50.16666666666666,,,,
08:35:00,770385,210,E,ML,34.206925,-118.21372,EB/NB 2 TO EB 210 CN,19.08,386,63.73333333333334,129,71.83333333333333,103,67.83333333333333,72,49.23333333333333,82,58.76666666666667,,,,
08:35:00,770578,210,E,ML,34.156489,-118.158295,WINONA WAY,24.442,166,59.06666666666666,121,60.8,45,54.833333333333336,,,,,,,,
08:40:00,717617,210,E,ML,34.179921,-118.167405,ARROYO,22.6,265,59.16666666666666,69,63.9,73,60.66666666666666,64,57.03333333333333,59,54.26666666666667,,,,
08:40:00,717620,210,E,ML,34.174756,-118.160407,LINCOLN 1,23.14,273,62.3,69,68.93333333333334,76,66.46666666666665,72,59.66666666666666,56,52.8,,,,
08:40:00,717625,210,E,ML,34.160546,-118.158748,MOUNTAIN 2,24.16,310,57.9,76,64.2,83,65.96666666666665,58,60.93333333333334,93,43.56666666666666,,,,
08:40:00,717628,210,E,ML,34.152216,-118.156144,WALNUT,24.81,50,58.5,50,58.5,,,,,,,,,,
08:40:00,717631,210,E,ML,34.15099,-118.152369,FAIR OAKS 1,25.12,115,61.70000000000001,24,66.9,35,63.5,31,60.29999999999999,25,56.20000000000001,,,,
08:40:00,717633,210,E,ML,34.151691,-118.142523,MARENGO,25.72,619,58.70000000000001,105,63.70000000000001,122,61.6,107,60.0,109,57.6,99,53.70000000000001,77,53.70000000000001
08:40:00,717635,210,E,ML,34.151658,-118.12944,LAKE 2,26.47,582,66.33333333333333,110,71.73333333333333,117,69.6,112,66.60000000000001,102,64.76666666666667,141,60.23333333333333,,
08:40:00,717638,210,E,ML,34.152187,-118.117782,HILL 1,27.14,593,66.93333333333334,143,68.56666666666666,123,68.16666666666667,114,71.8,99,68.89999999999999,113,56.8,,
08:40:00,717640,210,E,ML,34.152301,-118.109239,ALLEN,27.63,563,66.43333333333334,60,75.66666666666667,148,67.76666666666667,129,67.5,113,62.93333333333334,113,61.96666666666666,,
08:40:00,717646,210,E,ML,34.151406,-118.091041,SAN GABRIEL,28.68,558,68.03333333333333,148,71.8,132,67.9,93,68.16666666666667,86,67.66666666666667,99,62.9,,
08:40:00,717650,210,E,ML,34.147621,-118.079037,SIERRA MADRE V2,29.44,497,66.96666666666665,136,70.39999999999999,116,68.33333333333333,104,65.43333333333334,87,63.833333333333336,53,62.833333333333336,,
08:40:00,761093,210,E,HV,34.151691,-118.142523,MARENGO,25.72,116,61.70000000000001,116,61.70000000000001,,,,,,,,,,
08:40:00,761098,210,E,HV,34.151658,-118.12944,LAKE 2,26.47,116,61.70000000000001,116,61.70000000000001,,,,,,,,,,
08:40:00,761102,210,E,HV,34.152187,-118.117782,HILL 1,27.14,61,64.76666666666667,61,64.76666666666667,,,,,,,,,,
08:40:00,761105,210,E,HV,34.152301,-118.109239,ALLEN,27.63,137,58.7,137,58.7,,,,,,,,,,
08:40:00,761109,210,E,HV,34.151406,-118.091041,SAN GABRIEL,28.68,60,64.2,60,64.2,,,,,,,,,,
08:40:00,761112,210,E,HV,34.147621,-118.079037,SIERRA MADRE V2,29.44,66,64.33333333333333,66,64.33333333333333,,,,,,,,,,
08:40:00,763614,210,E,HV,34.15099,-118.152369,FAIR OAKS 1,25.12,116,61.70000000000001,116,61.70000000000001,,,,,,,,,,
08:40:00,769788,210,E,ML,34.189219,-118.180753,BERKSHIRE,21.58,322,63.0,86,68.06666666666666,88,64.8,76,60.23333333333333,71,57.63333333333333,,,,
08:40:00,769806,210,E,ML,34.196934,-118.185042,FOOTHILL,20.98,337,65.53333333333333,81,67.2,101,68.33333333333333,88,67.46666666666665,67,56.26666666666667,,,,
08:40:00,769819,210,E,ML,34.205892,-118.198234,ANGELES CREST HWY NB,19.98,115,61.70000000000001,24,66.9,35,63.5,31,60.29999999999999,25,56.20000000000001,,,,
08:40:00,769831,210,E,ML,34.206745,-118.201533,ANGELES CREST HWY SB,19.78,290,59.23333333333333,77,64.06666666666666,80,60.9,69,56.53333333333333,64,54.23333333333333,,,,
08:40:00,769847,210,E,ML,34.211728,-118.228265,OCEAN VIEW,18.18,308,64.16666666666667,119,70.36666666666666,101,67.06666666666666,60,48.4,28,60.66666666666666,,,,
08:40:00,769866,210,E,ML,34.218398,-118.239738,LA CRESCENTA,17.38,591,45.1,153,52.06666666666666,154,47.76666666666667,135,41.5,148,38.16666666666666,,,,
08:40:00,769880,210,E,ML,34.221426,-118.245718,PENNSYLVANIA,16.98,512,30.03333333333333,83,28.666666666666668,154,32.56666666666667,127,28.066666666666663,147,29.4,,,,
08:40:00,769895,210,E,ML,34.230849,-118.265101,LOWELL / HONOLULU,15.68,452,31.9,133,32.266666666666666,124,30.766666666666666,109,30.96666666666667,86,34.26666666666667,,,,
08:40:00,769984,210,E,ML,34.202989,-118.191827,GOULD,20.4,322,63.0,86,68.03333333333335,88,64.7,77,60.36666666666667,72,57.73333333333333,,,,
08:40:00,770116,210,E,ML,34.234317,-118.286992,LA TUNA CANYON,14.39,247,43.66666666666666,78,43.9,77,45.76666666666667,56,37.96666666666667,37,50.5,,,,
08:40:00,770385,210,E,ML,34.206925,-118.21372,EB/NB 2 TO EB 210 CN,19.08,366,63.53333333333333,117,71.96666666666667,107,67.8,75,50.03333333333333,66,57.1,,,,
08:40:00,770578,210,E,ML,34.156489,-118.158295,WINONA WAY,24.442,166,59.63333333333333,122,60.7,44,56.63333333333333,,,,,,,,
08:45:00,717617,210,E,ML,34.179921,-118.167405,ARROYO,22.6,256,59.9,66,64.83333333333333,71,61.6,62,57.66666666666666,57,54.8,,,,
08:45:00,717620,210,E,ML,34.174756,-118.160407,LINCOLN 1,23.14,268,63.5,75,68.93333333333334,75,67.10000000000001,64,61.53333333333333,55,54.333333333333336,,,,
08:45:00,717625,210,E,ML,34.160546,-118.158748,MOUNTAIN 2,24.16,277,59.53333333333334,73,65.5,76,66.26666666666667,37,63.43333333333334,91,46.9,,,,
08:45:00,717628,210,E,ML,34.152216,-118.156144,WALNUT,24.81,48,59.2,48,59.2,,,,,,,,,,
08:45:00,717631,210,E,ML,34.15099,-118.152369,FAIR OAKS 1,25.12,116,61.79999999999999,24,67.0,35,63.6,31,60.4,26,56.20000000000001,,,,
08:45:00,717633,210,E,ML,34.151691,-118.142523,MARENGO,25.72,618,58.9,105,63.9,122,61.79999999999999,106,60.20000000000001,109,57.79999999999999,99,53.9,77,53.9
08:45:00,717635,210,E,ML,34.151658,-118.12944,LAKE 2,26.47,567,65.86666666666667,108,71.26666666666667,113,69.06666666666666,110,66.2,99,64.3,137,59.86666666666667,,
08:45:00,717638,210,E,ML,34.152187,-118.117782,HILL 1,27.14,609,66.96666666666665,156,68.26666666666667,132,67.86666666666666,113,71.96666666666667,104,69.0,104,56.3,,
08:45:00,717640,210,E,ML,34.152301,-118.109239,ALLEN,27.63,550,66.16666666666667,69,75.36666666666667,143,67.60000000000001,128,68.53333333333335,107,59.43333333333334,104,61.93333333333334,,
08:45:00,717646,210,E,ML,34.151406,-118.091041,SAN GABRIEL,28.68,538,66.36666666666666,144,71.33333333333333,136,66.5,89,62.13333333333333,82,65.46666666666667,87,62.7,,
08:45:00,717650,210,E,ML,34.147621,-118.079037,SIERRA MADRE V2,29.44,475,65.93333333333334,135,69.63333333333334,113,67.8,95,63.43333333333334,77,61.43333333333334,55,62.93333333333334,,
08:45:00,761093,210,E,HV,34.151691,-118.142523,MARENGO,25.72,117,61.79999999999999,117,61.79999999999999,,,,,,,,,,
08:45:00,761098,210,E,HV,34.151658,-118.12944,LAKE 2,26.47,117,61.79999999999999,117,61.79999999999999,,,,,,,,,,
08:45:00,761102,210,E,HV,34.152187,-118.117782,HILL 1,27.14,72,64.73333333333333,72,64.73333333333333,,,,,,,,,,
08:45:00,761105,210,E,HV,34.152301,-118.109239,ALLEN,27.63,123,59.6,123,59.6,,,,,,,,,,
08:45:00,761109,210,E,HV,34.151406,-118.091041,SAN GABRIEL,28.68,62,63.86666666666667,62,63.86666666666667,,,,,,,,,,
08:45:00,761112,210,E,HV,34.147621,-118.079037,SIERRA MADRE V2,29.44,64,64.53333333333333,64,64.53333333333333,,,,,,,,,,
08:45:00,763614,210,E,HV,34.15099,-118.152369,FAIR OAKS 1,25.12,117,61.79999999999999,117,61.79999999999999,,,,,,,,,,
08:45:00,769788,210,E,ML,34.189219,-118.180753,BERKSHIRE,21.58,299,61.1,80,66.0,82,62.833333333333336,71,58.333333333333336,66,55.93333333333334,,,,
08:45:00,769806,210,E,ML,34.196934,-118.185042,FOOTHILL,20.98,304,63.53333333333333,72,64.73333333333333,96,68.03333333333335,73,61.76666666666667,62,56.86666666666667,,,,
08:45:00,769819,210,E,ML,34.205892,-118.198234,ANGELES CREST HWY NB,19.98,116,61.79999999999999,24,67.0,35,63.6,31,60.4,26,56.20000000000001,,,,
08:45:00,769831,210,E,ML,34.206745,-118.201533,ANGELES CREST HWY SB,19.78,282,57.86666666666667,74,62.66666666666666,78,59.53333333333333,67,55.16666666666666,62,52.93333333333334,,,,
08:45:00,769847,210,E,ML,34.211728,-118.228265,OCEAN VIEW,18.18,325,63.73333333333333,123,69.93333333333334,108,66.1,63,48.36666666666667,32,62.333333333333336,,,,
08:45:00,769866,210,E,ML,34.218398,-118.239738,LA CRESCENTA,17.38,594,44.26666666666667,154,51.23333333333333,158,47.06666666666666,128,38.93333333333333,154,38.73333333333333,,,,
08:45:00,769880,210,E,ML,34.221426,-118.245718,PENNSYLVANIA,16.98,509,29.133333333333336,85,28.3,149,31.53333333333333,128,26.83333333333333,147,28.633333333333336,,,,
08:45:00,769895,210,E,ML,34.230849,-118.265101,LOWELL / HONOLULU,15.68,442,30.8,129,32.03333333333333,127,30.066666666666663,102,29.2,84,32.233333333333334,,,,
08:45:00,769984,210,E,ML,34.202989,-118.191827,GOULD,20.4,300,61.06666666666666,80,65.93333333333334,82,62.66666666666666,72,58.43333333333334,66,56.03333333333333,,,,
08:45:00,770116,210,E,ML,34.234317,-118.286992,LA TUNA CANYON,14.39,237,42.43333333333333,74,42.3,73,44.5,54,36.766666666666666,36,50.06666666666666,,,,
08:45:00,770385,210,E,ML,34.206925,-118.21372,EB/NB 2 TO EB 210 CN,19.08,338,63.0,109,71.73333333333333,100,66.76666666666667,74,50.9,54,54.5,,,,
08:45:00,770578,210,E,ML,34.156489,-118.158295,WINONA WAY,24.442,156,59.3,115,60.3,42,57.56666666666666,,,,,,,,
08:50:00,717617,210,E,ML,34.179921,-118.167405,ARROYO,22.6,250,58.46666666666667,64,63.13333333333333,69,59.96666666666667,61,56.4,56,53.63333333333333,,,,
08:50:00,717620,210,E,ML,34.174756,-118.160407,LINCOLN 1,23.14,251,62.73333333333333,72,69.66666666666667,64,66.43333333333334,71,60.2,44,50.86666666666667,,,,
08:50:00,717625,210,E,ML,34.160546,-118.158748,MOUNTAIN 2,24.16,302,59.333333333333336,73,65.0,84,65.36666666666667,51,63.43333333333334,94,47.03333333333333,,,,
08:50:00,717628,210,E,ML,34.152216,-118.156144,WALNUT,24.81,63,58.96666666666667,63,58.96666666666667,,,,,,,,,,
08:50:00,717631,210,E,ML,34.15099,-118.152369,FAIR OAKS 1,25.12,115,61.79999999999999,24,67.0,35,63.6,31,60.4,25,56.20000000000001,,,,
08:50:00,717633,210,E,ML,34.151691,-118.142523,MARENGO,25.72,607,59.1,103,64.2,120,62.1,104,60.4,107,58.0,97,54.1,76,54.1
08:50:00,717635,210,E,ML,34.151658,-118.12944,LAKE 2,26.47,613,65.5,116,70.86666666666666,123,68.63333333333334,119,65.83333333333333,107,63.86666666666667,148,59.56666666666666,,
08:50:00,717638,210,E,ML,34.152187,-118.117782,HILL 1,27.14,650,66.16666666666667,165,67.06666666666666,142,67.23333333333333,120,71.93333333333334,107,68.86666666666667,116,54.8,,
08:50:00,717640,210,E,ML,34.152301,-118.109239,ALLEN,27.63,621,65.93333333333334,71,75.56666666666666,161,67.06666666666666,143,68.23333333333333,122,60.03333333333333,125,62.06666666666666,,
08:50:00,717646,210,E,ML,34.151406,-118.091041,SAN GABRIEL,28.68,604,66.0,153,71.23333333333333,149,67.23333333333333,99,62.79999999999999,92,62.8,111,62.23333333333333,,
08:50:00,717650,210,E,ML,34.147621,-118.079037,SIERRA MADRE V2,29.44,569,66.7,183,71.8,116,68.39999999999999,113,62.7,93,61.03333333333333,63,63.2,,
08:50:00,761093,210,E,HV,34.151691,-118.142523,MARENGO,25.72,116,61.79999999999999,116,61.79999999999999,,,,,,,,,,
08:50:00,761098,210,E,HV,34.151658,-118.12944,LAKE 2,26.47,116,61.79999999999999,116,61.79999999999999,,,,,,,,,,
08:50:00,761102,210,E,HV,34.152187,-118.117782,HILL 1,27.14,70,64.76666666666667,70,64.76666666666667,,,,,,,,,,
08:50:00,761105,210,E,HV,34.152301,-118.109239,ALLEN,27.63,142,59.5,142,59.5,,,,,,,,,,
08:50:00,761109,210,E,HV,34.151406,-118.091041,SAN GABRIEL,28.68,70,64.13333333333334,70,64.13333333333334,,,,,,,,,,
08:50:00,761112,210,E,HV,34.147621,-118.079037,SIERRA MADRE V2,29.44,63,63.93333333333334,63,63.93333333333334,,,,,,,,,,
08:50:00,763614,210,E,HV,34.15099,-118.152369,FAIR OAKS 1,25.12,116,61.79999999999999,116,61.79999999999999,,,,,,,,,,
08:50:00,769788,210,E,ML,34.189219,-118.180753,BERKSHIRE,21.58,309,61.13333333333333,82,66.06666666666666,85,62.833333333333336,74,58.4,68,55.93333333333334,,,,
08:50:00,769806,210,E,ML,34.196934,-118.185042,FOOTHILL,20.98,322,63.4,74,64.56666666666666,109,67.2,81,64.36666666666666,59,53.8,,,,
08:50:00,769819,210,E,ML,34.205892,-118.198234,ANGELES CREST HWY NB,19.98,115,61.79999999999999,24,67.0,35,63.6,31,60.4,25,56.20000000000001,,,,
08:50:00,769831,210,E,ML,34.206745,-118.201533,ANGELES CREST HWY SB,19.78,318,56.7,85,61.46666666666667,87,58.333333333333336,76,53.96666666666667,71,51.86666666666667,,,,
08:50:00,769847,210,E,ML,34.211728,-118.228265,OCEAN VIEW,18.18,326,64.10000000000001,124,70.13333333333334,106,67.36666666666666,67,48.36666666666667,29,62.36666666666667,,,,
08:50:00,769866,210,E,ML,34.218398,-118.239738,LA CRESCENTA,17.38,589,44.06666666666666,159,51.46666666666667,153,47.93333333333334,126,37.8,151,37.43333333333334,,,,
08:50:00,769880,210,E,ML,34.221426,-118.245718,PENNSYLVANIA,16.98,514,29.26666666666667,82,28.4,151,31.83333333333333,135,27.73333333333333,147,28.366666666666664,,,,
08:50:00,769895,210,E,ML,34.230849,-118.265101,LOWELL / HONOLULU,15.68,436,30.33333333333333,122,30.600000000000005,122,29.633333333333336,103,28.83333333333333,89,32.833333333333336,,,,
08:50:00,769984,210,E,ML,34.202989,-118.191827,GOULD,20.4,310,61.16666666666666,83,66.0,85,62.8,74,58.5,68,56.03333333333333,,,,
08:50:00,770116,210,E,ML,34.234317,-118.286992,LA TUNA CANYON,14.39,239,41.43333333333333,74,41.1,74,43.56666666666666,55,35.666666666666664,36,49.7,,,,
08:50:00,770385,210,E,ML,34.206925,-118.21372,EB/NB 2 TO EB 210 CN,19.08,381,61.8,113,71.2,108,67.03333333333333,86,50.3,74,53.0,,,,
08:50:00,770578,210,E,ML,34.156489,-118.158295,WINONA WAY,24.442,180,59.03333333333333,121,59.93333333333334,59,57.23333333333334,,,,,,,,
08:55:00,717617,210,E,ML,34.179921,-118.167405,ARROYO,22.6,256,57.03333333333333,66,61.56666666666666,71,58.43333333333334,62,55.03333333333333,57,52.4,,,,
08:55:00,717620,210,E,ML,34.174756,-118.160407,LINCOLN 1,23.14,269,61.833333333333336,80,70.0,72,66.36666666666667,67,56.86666666666667,50,50.03333333333333,,,,
08:55:00,717625,210,E,ML,34.160546,-118.158748,MOUNTAIN 2,24.16,287,59.36666666666667,71,64.0,74,66.2,47,64.46666666666667,95,47.2,,,,
08:55:00,717628,210,E,ML,34.152216,-118.156144,WALNUT,24.81,58,56.79999999999999,58,56.79999999999999,,,,,,,,,,
08:55:00,717631,210,E,ML,34.15099,-118.152369,FAIR OAKS 1,25.12,115,61.9,24,67.1,35,63.70000000000001,31,60.5,25,56.29999999999999,,,,
08:55:00,717633,210,E,ML,34.151691,-118.142523,MARENGO,25.72,590,59.5,100,64.6,116,62.5,101,60.79999999999999,104,58.4,95,54.5,74,54.5
08:55:00,717635,210,E,ML,34.151658,-118.12944,LAKE 2,26.47,565,65.89999999999999,108,71.3,112,69.06666666666666,109,66.2,99,64.3,137,59.9,,
08:55:00,717638,210,E,ML,34.152187,-118.117782,HILL 1,27.14,584,66.06666666666666,144,67.53333333333333,131,67.86666666666666,102,71.76666666666667,105,68.8,102,53.3,,
08:55:00,717640,210,E,ML,34.152301,-118.109239,ALLEN,27.63,526,65.53333333333335,54,75.60000000000001,146,67.06666666666668,118,68.66666666666667,102,58.16666666666666,105,61.73333333333333,,
08:55:00,717646,210,E,ML,34.151406,-118.091041,SAN GABRIEL,28.68,546,65.13333333333334,148,70.63333333333333,132,67.73333333333333,90,59.8,80,60.6,96,62.06666666666667,,
08:55:00,717650,210,E,ML,34.147621,-118.079037,SIERRA MADRE V2,29.44,498,65.93333333333334,147,70.93333333333334,114,68.10000000000001,100,61.73333333333333,86,60.66666666666666,51,63.23333333333333,,
08:55:00,761093,210,E,HV,34.151691,-118.142523,MARENGO,25.72,114,61.9,114,61.9,,,,,,,,,,
08:55:00,761098,210,E,HV,34.151658,-118.12944,LAKE 2,26.47,114,61.9,114,61.9,,,,,,,,,,
08:55:00,761102,210,E,HV,34.152187,-118.117782,HILL 1,27.14,54,64.83333333333333,54,64.83333333333333,,,,,,,,,,
08:55:00,761105,210,E,HV,34.152301,-118.109239,ALLEN,27.63,137,59.26666666666667,137,59.26666666666667,,,,,,,,,,
08:55:00,761109,210,E,HV,34.151406,-118.091041,SAN GABRIEL,28.68,56,64.33333333333333,56,64.33333333333333,,,,,,,,,,
08:55:00,761112,210,E,HV,34.147621,-118.079037,SIERRA MADRE V2,29.44,65,63.43333333333334,65,63.43333333333334,,,,,,,,,,
08:55:00,763614,210,E,HV,34.15099,-118.152369,FAIR OAKS 1,25.12,114,61.9,114,61.9,,,,,,,,,,
08:55:00,769788,210,E,ML,34.189219,-118.180753,BERKSHIRE,21.58,335,61.6,90,66.56666666666666,91,63.333333333333336,80,58.86666666666667,74,56.4,,,,
08:55:00,769806,210,E,ML,34.196934,-118.185042,FOOTHILL,20.98,352,65.46666666666665,87,67.10000000000001,99,68.10000000000001,90,65.93333333333334,75,57.73333333333334,,,,
08:55:00,769819,210,E,ML,34.205892,-118.198234,ANGELES CREST HWY NB,19.98,115,61.9,24,67.1,35,63.70000000000001,31,60.5,25,56.29999999999999,,,,
08:55:00,769831,210,E,ML,34.206745,-118.201533,ANGELES CREST HWY SB,19.78,332,55.7,89,60.366666666666674,91,57.26666666666667,79,52.96666666666667,73,51.0,,,,
08:55:00,769847,210,E,ML,34.211728,-118.228265,OCEAN VIEW,18.18,314,63.8,112,70.39999999999999,99,67.8,64,47.6,39,61.53333333333333,,,,
08:55:00,769866,210,E,ML,34.218398,-118.239738,LA CRESCENTA,17.38,583,45.1,150,52.13333333333333,149,49.6,138,40.06666666666666,146,37.833333333333336,,,,
08:55:00,769880,210,E,ML,34.221426,-118.245718,PENNSYLVANIA,16.98,527,30.366666666666664,88,29.1,158,33.06666666666667,137,29.366666666666664,144,29.0,,,,
08:55:00,769895,210,E,ML,34.230849,-118.265101,LOWELL / HONOLULU,15.68,481,33.13333333333333,139,34.0,137,32.0,112,32.06666666666667,92,35.03333333333333,,,,
08:55:00,769984,210,E,ML,34.202989,-118.191827,GOULD,20.4,336,61.6,90,66.5,92,63.2,80,58.93333333333334,74,56.46666666666667,,,,
08:55:00,770116,210,E,ML,34.234317,-118.286992,LA TUNA CANYON,14.39,259,41.833333333333336,82,41.53333333333333,80,43.9,59,36.266666666666666,38,49.93333333333334,,,,
08:55:00,770385,210,E,ML,34.206925,-118.21372,EB/NB 2 TO EB 210 CN,19.08,380,61.73333333333333,109,72.33333333333333,103,67.63333333333334,82,50.93333333333334,87,51.66666666666666,,,,
08:55:00,770578,210,E,ML,34.156489,-118.158295,WINONA WAY,24.442,162,58.4,108,59.8,54,54.53333333333333,,,,,,,,
09:00:00,717617,210,E,ML,34.179921,-118.167405,ARROYO,22.6,263,56.53333333333333,68,61.26666666666667,73,58.1,64,54.26666666666667,58,51.73333333333333,,,,
09:00:00,717620,210,E,ML,34.174756,-118.160407,LINCOLN 1,23.14,292,61.4,81,70.06666666666666,82,67.13333333333334,69,53.13333333333333,60,52.23333333333333,,,,
09:00:00,717625,210,E,ML,34.160546,-118.158748,MOUNTAIN 2,24.16,248,57.23333333333333,73,62.833333333333336,51,65.7,42,63.66666666666666,82,42.96666666666666,,,,
09:00:00,717628,210,E,ML,34.152216,-118.156144,WALNUT,24.81,37,58.96666666666667,37,58.96666666666667,,,,,,,,,,
09:00:00,717631,210,E,ML,34.15099,-118.152369,FAIR OAKS 1,25.12,112,62.0,23,67.2,34,63.79999999999999,30,60.6,25,56.4,,,,
09:00:00,717633,210,E,ML,34.151691,-118.142523,MARENGO,25.72,582,59.9,99,64.9,115,62.79999999999999,100,61.1,102,58.70000000000001,93,54.70000000000001,73,54.70000000000001
09:00:00,717635,210,E,ML,34.151658,-118.12944,LAKE 2,26.47,540,65.39999999999999,103,70.83333333333333,107,68.56666666666666,104,65.76666666666667,94,63.833333333333336,131,59.46666666666667,,
09:00:00,717638,210,E,ML,34.152187,-118.117782,HILL 1,27.14,573,66.56666666666666,144,68.06666666666666,128,67.89999999999999,105,72.06666666666666,97,69.0,100,54.86666666666667,,
09:00:00,717640,210,E,ML,34.152301,-118.109239,ALLEN,27.63,544,65.5,59,76.06666666666666,138,67.5,132,68.53333333333333,108,59.56666666666666,108,58.7,,
09:00:00,717646,210,E,ML,34.151406,-118.091041,SAN GABRIEL,28.68,539,64.5,139,71.0,134,66.10000000000001,90,60.29999999999999,86,59.73333333333333,90,60.8,,
09:00:00,717650,210,E,ML,34.147621,-118.079037,SIERRA MADRE V2,29.44,461,64.89999999999999,125,70.46666666666665,114,67.16666666666667,94,62.1,78,58.3,49,61.5,,
09:00:00,761093,210,E,HV,34.151691,-118.142523,MARENGO,25.72,112,62.0,112,62.0,,,,,,,,,,
09:00:00,761098,210,E,HV,34.151658,-118.12944,LAKE 2,26.47,112,62.0,112,62.0,,,,,,,,,,
09:00:00,761102,210,E,HV,34.152187,-118.117782,HILL 1,27.14,61,64.83333333333333,61,64.83333333333333,,,,,,,,,,
09:00:00,761105,210,E,HV,34.152301,-118.109239,ALLEN,27.63,127,60.56666666666666,127,60.56666666666666,,,,,,,,,,
09:00:00,761109,210,E,HV,34.151406,-118.091041,SAN GABRIEL,28.68,53,63.93333333333334,53,63.93333333333334,,,,,,,,,,
09:00:00,761112,210,E,HV,34.147621,-118.079037,SIERRA MADRE V2,29.44,55,63.9,55,63.9,,,,,,,,,,
09:00:00,763614,210,E,HV,34.15099,-118.152369,FAIR OAKS 1,25.12,112,62.0,112,62.0,,,,,,,,,,
09:00:00,769788,210,E,ML,34.189219,-118.180753,BERKSHIRE,21.58,325,60.833333333333336,87,65.76666666666667,89,62.53333333333334,77,58.2,73,55.76666666666667,,,,
09:00:00,769806,210,E,ML,34.196934,-118.185042,FOOTHILL,20.98,346,63.36666666666667,84,64.83333333333333,104,66.86666666666666,88,65.86666666666667,71,52.73333333333333,,,,
09:00:00,769819,210,E,ML,34.205892,-118.198234,ANGELES CREST HWY NB,19.98,112,62.0,23,67.2,34,63.79999999999999,30,60.6,25,56.4,,,,
09:00:00,769831,210,E,ML,34.206745,-118.201533,ANGELES CREST HWY SB,19.78,337,57.5,90,62.26666666666667,92,59.1,80,54.8,74,52.6,,,,
09:00:00,769847,210,E,ML,34.211728,-118.228265,OCEAN VIEW,18.18,315,64.76666666666667,115,70.7,104,68.0,62,47.43333333333334,34,65.96666666666667,,,,
09:00:00,769866,210,E,ML,34.218398,-118.239738,LA CRESCENTA,17.38,560,45.6,159,52.63333333333333,130,50.13333333333333,124,40.36666666666667,146,38.23333333333333,,,,
09:00:00,769880,210,E,ML,34.221426,-118.245718,PENNSYLVANIA,16.98,525,30.666666666666668,89,29.866666666666664,153,33.5,132,29.600000000000005,152,29.23333333333333,,,,
09:00:00,769895,210,E,ML,34.230849,-118.265101,LOWELL / HONOLULU,15.68,453,33.300000000000004,131,33.833333333333336,126,32.36666666666667,107,32.06666666666667,89,35.333333333333336,,,,
09:00:00,769984,210,E,ML,34.202989,-118.191827,GOULD,20.4,326,60.9,87,65.66666666666667,89,62.46666666666666,77,58.36666666666667,73,55.9,,,,
09:00:00,770116,210,E,ML,34.234317,-118.286992,LA TUNA CANYON,14.39,245,42.36666666666667,76,42.26666666666667,76,44.36666666666667,56,36.63333333333333,37,50.1,,,,
09:00:00,770385,210,E,ML,34.206925,-118.21372,EB/NB 2 TO EB 210 CN,19.08,379,63.53333333333333,118,71.83333333333333,104,67.89999999999999,80,55.0,77,54.0,,,,
09:00:00,770578,210,E,ML,34.156489,-118.158295,WINONA WAY,24.442,124,62.13333333333333,96,63.333333333333336,29,57.23333333333333,,,,,,,,
09:05:00,717617,210,E,ML,34.179921,-118.167405,ARROYO,22.6,246,56.26666666666667,64,60.76666666666667,69,57.63333333333333,60,54.26666666666667,54,51.73333333333333,,,,
09:05:00,717620,210,E,ML,34.174756,-118.160407,LINCOLN 1,23.14,246,61.73333333333333,67,70.73333333333333,63,67.66666666666667,64,55.6,52,51.0,,,,
09:05:00,717625,210,E,ML,34.160546,-118.158748,MOUNTAIN 2,24.16,251,54.56666666666666,69,61.833333333333336,61,63.06666666666666,45,59.73333333333333,76,37.6,,,,
09:05:00,717628,210,E,ML,34.152216,-118.156144,WALNUT,24.81,48,59.6,48,59.6,,,,,,,,,,
09:05:00,717631,210,E,ML,34.15099,-118.152369,FAIR OAKS 1,25.12,113,62.20000000000001,24,67.4,34,64.0,30,60.79999999999999,25,56.6,,,,
09:05:00,717633,210,E,ML,34.151691,-118.142523,MARENGO,25.72,576,60.20000000000001,98,65.2,114,63.1,99,61.4,101,59.0,92,55.0,72,55.0
09:05:00,717635,210,E,ML,34.151658,-118.12944,LAKE 2,26.47,556,65.3,106,70.7,111,68.39999999999999,107,65.66666666666667,98,63.7,135,59.4,,
09:05:00,717638,210,E,ML,34.152187,-118.117782,HILL 1,27.14,555,66.5,125,68.53333333333333,118,67.33333333333333,103,71.83333333333333,103,68.89999999999999,106,55.06666666666666,,
09:05:00,717640,210,E,ML,34.152301,-118.109239,ALLEN,27.63,497,65.0,53,76.36666666666666,124,68.33333333333333,120,68.03333333333333,97,59.6,104,56.76666666666667,,
09:05:00,717646,210,E,ML,34.151406,-118.091041,SAN GABRIEL,28.68,508,63.93333333333334,124,71.46666666666665,123,66.6,89,57.96666666666667,79,58.333333333333336,92,59.96666666666666,,
09:05:00,717650,210,E,ML,34.147621,-118.079037,SIERRA MADRE V2,29.44,471,63.63333333333333,128,69.96666666666665,111,66.66666666666667,97,60.06666666666666,84,55.93333333333334,51,60.23333333333333,,
09:05:00,761093,210,E,HV,34.151691,-118.142523,MARENGO,25.72,113,62.20000000000001,113,62.20000000000001,,,,,,,,,,
09:05:00,761098,210,E,HV,34.151658,-118.12944,LAKE 2,26.47,113,62.20000000000001,113,62.20000000000001,,,,,,,,,,
09:05:00,761102,210,E,HV,34.152187,-118.117782,HILL 1,27.14,54,64.89999999999999,54,64.89999999999999,,,,,,,,,,
09:05:00,761105,210,E,HV,34.152301,-118.109239,ALLEN,27.63,126,61.1,126,61.1,,,,,,,,,,
09:05:00,761109,210,E,HV,34.151406,-118.091041,SAN GABRIEL,28.68,56,64.83333333333333,56,64.83333333333333,,,,,,,,,,
09:05:00,761112,210,E,HV,34.147621,-118.079037,SIERRA MADRE V2,29.44,54,64.46666666666665,54,64.46666666666665,,,,,,,,,,
09:05:00,763614,210,E,HV,34.15099,-118.152369,FAIR OAKS 1,25.12,113,62.20000000000001,113,62.20000000000001,,,,,,,,,,
09:05:00,769788,210,E,ML,34.189219,-118.180753,BERKSHIRE,21.58,300,60.333333333333336,79,65.2,82,62.06666666666666,72,57.66666666666666,67,55.3,,,,
09:05:00,769806,210,E,ML,34.196934,-118.185042,FOOTHILL,20.98,305,64.26666666666667,73,65.5,94,67.10000000000001,80,66.36666666666667,57,53.73333333333333,,,,
09:05:00,769819,210,E,ML,34.205892,-118.198234,ANGELES CREST HWY NB,19.98,113,62.20000000000001,24,67.4,34,64.0,30,60.79999999999999,25,56.6,,,,
09:05:00,769831,210,E,ML,34.206745,-118.201533,ANGELES CREST HWY SB,19.78,298,58.2,79,63.0,82,59.86666666666667,71,55.46666666666667,65,53.23333333333333,,,,
09:05:00,769847,210,E,ML,34.211728,-118.228265,OCEAN VIEW,18.18,327,63.76666666666667,123,70.93333333333334,97,66.56666666666666,69,47.0,39,64.23333333333333,,,,
09:05:00,769866,210,E,ML,34.218398,-118.239738,LA CRESCENTA,17.38,564,44.13333333333333,154,52.46666666666667,149,48.66666666666666,123,37.7,138,35.6,,,,
09:05:00,769880,210,E,ML,34.221426,-118.245718,PENNSYLVANIA,16.98,517,31.133333333333336,85,30.2,157,34.2,131,27.96666666666667,144,30.566666666666663,,,,
09:05:00,769895,210,E,ML,34.230849,-118.265101,LOWELL / HONOLULU,15.68,463,33.2,136,34.166666666666664,130,32.9,109,31.6,88,34.266666666666666,,,,
09:05:00,769984,210,E,ML,34.202989,-118.191827,GOULD,20.4,301,60.333333333333336,80,65.10000000000001,82,61.9,72,57.76666666666667,67,55.43333333333334,,,,
09:05:00,770116,210,E,ML,34.234317,-118.286992,LA TUNA CANYON,14.39,251,45.2,79,45.63333333333333,78,47.16666666666666,57,39.96666666666667,37,51.13333333333333,,,,
09:05:00,770385,210,E,ML,34.206925,-118.21372,EB/NB 2 TO EB 210 CN,19.08,350,62.333333333333336,100,71.43333333333334,106,66.03333333333333,77,51.66666666666666,67,54.93333333333334,,,,
09:05:00,770578,210,E,ML,34.156489,-118.158295,WINONA WAY,24.442,123,61.56666666666666,83,63.6,41,58.0,,,,,,,,
09:10:00,717617,210,E,ML,34.179921,-118.167405,ARROYO,22.6,263,56.56666666666666,68,61.06666666666666,73,57.96666666666667,64,54.56666666666666,59,51.96666666666667,,,,
09:10:00,717620,210,E,ML,34.174756,-118.160407,LINCOLN 1,23.14,255,61.0,66,69.33333333333333,68,66.83333333333333,73,55.63333333333333,48,50.63333333333333,,,,
09:10:00,717625,210,E,ML,34.160546,-118.158748,MOUNTAIN 2,24.16,299,54.36666666666667,76,61.4,83,62.53333333333333,53,58.73333333333333,86,38.0,,,,
09:10:00,717628,210,E,ML,34.152216,-118.156144,WALNUT,24.81,57,60.63333333333333,57,60.63333333333333,,,,,,,,,,
09:10:00,717631,210,E,ML,34.15099,-118.152369,FAIR OAKS 1,25.12,112,62.20000000000001,23,67.4,34,64.0,30,60.79999999999999,25,56.6,,,,
09:10:00,717633,210,E,ML,34.151691,-118.142523,MARENGO,25.72,588,60.29999999999999,100,65.4,116,63.20000000000001,101,61.5,104,59.1,94,55.1,73,55.1
09:10:00,717635,210,E,ML,34.151658,-118.12944,LAKE 2,26.47,552,65.53333333333333,106,70.86666666666666,110,68.63333333333334,107,65.83333333333333,97,63.9,134,59.56666666666666,,
09:10:00,717638,210,E,ML,34.152187,-118.117782,HILL 1,27.14,564,66.73333333333333,131,68.83333333333333,125,68.2,104,71.89999999999999,100,68.96666666666667,103,54.833333333333336,,
09:10:00,717640,210,E,ML,34.152301,-118.109239,ALLEN,27.63,520,65.10000000000001,55,75.8,127,68.8,120,68.39999999999999,106,59.3,114,57.63333333333333,,
09:10:00,717646,210,E,ML,34.151406,-118.091041,SAN GABRIEL,28.68,529,64.53333333333333,135,71.60000000000001,133,68.16666666666667,85,60.9,91,57.79999999999999,85,58.26666666666667,,
09:10:00,717650,210,E,ML,34.147621,-118.079037,SIERRA MADRE V2,29.44,461,63.53333333333333,124,69.76666666666667,108,66.8,94,61.8,84,54.43333333333334,51,59.5,,
09:10:00,761093,210,E,HV,34.151691,-118.142523,MARENGO,25.72,112,62.20000000000001,112,62.20000000000001,,,,,,,,,,
09:10:00,761098,210,E,HV,34.151658,-118.12944,LAKE 2,26.47,112,62.20000000000001,112,62.20000000000001,,,,,,,,,,
09:10:00,761102,210,E,HV,34.152187,-118.117782,HILL 1,27.14,56,64.8,56,64.8,,,,,,,,,,
09:10:00,761105,210,E,HV,34.152301,-118.109239,ALLEN,27.63,115,61.7,115,61.7,,,,,,,,,,
09:10:00,761109,210,E,HV,34.151406,-118.091041,SAN GABRIEL,28.68,53,64.53333333333333,53,64.53333333333333,,,,,,,,,,
09:10:00,761112,210,E,HV,34.147621,-118.079037,SIERRA MADRE V2,29.44,53,64.33333333333333,53,64.33333333333333,,,,,,,,,,
09:10:00,763614,210,E,HV,34.15099,-118.152369,FAIR OAKS 1,25.12,112,62.20000000000001,112,62.20000000000001,,,,,,,,,,
09:10:00,769788,210,E,ML,34.189219,-118.180753,BERKSHIRE,21.58,327,59.1,87,63.833333333333336,89,60.7,78,56.43333333333334,73,54.2,,,,
09:10:00,769806,210,E,ML,34.196934,-118.185042,FOOTHILL,20.98,344,60.0,81,60.7,109,65.03333333333333,89,62.53333333333333,64,47.26666666666667,,,,
09:10:00,769819,210,E,ML,34.205892,-118.198234,ANGELES CREST HWY NB,19.98,112,62.20000000000001,23,67.4,34,64.0,30,60.79999999999999,25,56.6,,,,
09:10:00,769831,210,E,ML,34.206745,-118.201533,ANGELES CREST HWY SB,19.78,268,55.4,71,60.0,74,56.96666666666667,64,52.76666666666667,59,50.833333333333336,,,,
09:10:00,769847,210,E,ML,34.211728,-118.228265,OCEAN VIEW,18.18,309,62.43333333333334,113,71.03333333333333,100,64.96666666666665,63,44.16666666666666,33,59.93333333333334,,,,
09:10:00,769866,210,E,ML,34.218398,-118.239738,LA CRESCENTA,17.38,544,42.7,143,51.56666666666666,140,46.5,127,36.9,133,34.36666666666667,,,,
09:10:00,769880,210,E,ML,34.221426,-118.245718,PENNSYLVANIA,16.98,518,30.53333333333333,84,29.933333333333334,152,32.96666666666667,135,27.8,148,30.433333333333334,,,,
09:10:00,769895,210,E,ML,34.230849,-118.265101,LOWELL / HONOLULU,15.68,458,33.06666666666667,132,34.1,128,32.166666666666664,108,31.766666666666666,91,34.53333333333333,,,,
09:10:00,769984,210,E,ML,34.202989,-118.191827,GOULD,20.4,328,59.1,88,63.70000000000001,89,60.6,78,56.56666666666666,73,54.333333333333336,,,,
09:10:00,770116,210,E,ML,34.234317,-118.286992,LA TUNA CANYON,14.39,242,44.06666666666666,76,44.53333333333333,75,46.16666666666666,55,38.266666666666666,36,50.56666666666666,,,,
09:10:00,770385,210,E,ML,34.206925,-118.21372,EB/NB 2 TO EB 210 CN,19.08,310,61.93333333333334,106,71.76666666666667,90,65.89999999999999,67,48.36666666666667,47,50.7,,,,
09:10:00,770578,210,E,ML,34.156489,-118.158295,WINONA WAY,24.442,184,62.0,132,63.26666666666667,52,59.3,,,,,,,,
09:15:00,717617,210,E,ML,34.179921,-118.167405,ARROYO,22.6,243,56.7,62,61.26666666666667,67,58.16666666666666,59,54.66666666666666,54,52.06666666666666,,,,
09:15:00,717620,210,E,ML,34.174756,-118.160407,LINCOLN 1,23.14,247,60.833333333333336,63,69.39999999999999,78,65.96666666666667,63,54.9,43,49.13333333333333,,,,
09:15:00,717625,210,E,ML,34.160546,-118.158748,MOUNTAIN 2,24.16,256,53.6,64,61.56666666666667,65,63.6,38,57.23333333333333,89,38.8,,,,
09:15:00,717628,210,E,ML,34.152216,-118.156144,WALNUT,24.81,47,61.76666666666667,47,61.76666666666667,,,,,,,,,,
09:15:00,717631,210,E,ML,34.15099,-118.152369,FAIR OAKS 1,25.12,112,62.29999999999999,23,67.5,34,64.1,30,60.9,25,56.70000000000001,,,,
09:15:00,717633,210,E,ML,34.151691,-118.142523,MARENGO,25.72,592,60.5,100,65.7,117,63.5,102,61.79999999999999,104,59.4,95,55.4,74,55.4
09:15:00,717635,210,E,ML,34.151658,-118.12944,LAKE 2,26.47,575,65.23333333333333,109,70.63333333333334,115,68.3,111,65.60000000000001,101,63.6,139,59.333333333333336,,
09:15:00,717638,210,E,ML,34.152187,-118.117782,HILL 1,27.14,586,66.36666666666667,139,68.89999999999999,122,67.39999999999999,115,72.06666666666666,102,68.96666666666667,108,53.46666666666667,,
09:15:00,717640,210,E,ML,34.152301,-118.109239,ALLEN,27.63,538,64.3,52,75.53333333333335,139,67.93333333333334,121,67.53333333333333,113,60.06666666666666,112,55.3,,
09:15:00,717646,210,E,ML,34.151406,-118.091041,SAN GABRIEL,28.68,547,63.866666666666674,134,70.93333333333334,137,67.10000000000001,93,59.7,89,56.76666666666667,94,59.63333333333333,,
09:15:00,717650,210,E,ML,34.147621,-118.079037,SIERRA MADRE V2,29.44,488,62.633333333333326,136,68.33333333333333,114,64.76666666666667,98,60.66666666666666,88,54.5,52,60.4,,
09:15:00,761093,210,E,HV,34.151691,-118.142523,MARENGO,25.72,112,62.29999999999999,112,62.29999999999999,,,,,,,,,,
09:15:00,761098,210,E,HV,34.151658,-118.12944,LAKE 2,26.47,112,62.29999999999999,112,62.29999999999999,,,,,,,,,,
09:15:00,761102,210,E,HV,34.152187,-118.117782,HILL 1,27.14,53,64.86666666666666,53,64.86666666666666,,,,,,,,,,
09:15:00,761105,210,E,HV,34.152301,-118.109239,ALLEN,27.63,127,60.03333333333334,127,60.03333333333334,,,,,,,,,,
09:15:00,761109,210,E,HV,34.151406,-118.091041,SAN GABRIEL,28.68,54,64.26666666666667,54,64.26666666666667,,,,,,,,,,
09:15:00,761112,210,E,HV,34.147621,-118.079037,SIERRA MADRE V2,29.44,60,63.6,60,63.6,,,,,,,,,,
09:15:00,763614,210,E,HV,34.15099,-118.152369,FAIR OAKS 1,25.12,112,62.29999999999999,112,62.29999999999999,,,,,,,,,,
09:15:00,769788,210,E,ML,34.189219,-118.180753,BERKSHIRE,21.58,316,57.86666666666667,84,62.46666666666667,86,59.43333333333334,75,55.23333333333333,70,53.13333333333333,,,,
09:15:00,769806,210,E,ML,34.196934,-118.185042,FOOTHILL,20.98,333,58.53333333333333,80,59.1,101,65.3,81,59.86666666666667,70,46.6,,,,
09:15:00,769819,210,E,ML,34.205892,-118.198234,ANGELES CREST HWY NB,19.98,112,62.29999999999999,23,67.5,34,64.1,30,60.9,25,56.70000000000001,,,,
09:15:00,769831,210,E,ML,34.206745,-118.201533,ANGELES CREST HWY SB,19.78,277,52.86666666666667,73,57.4,76,54.43333333333334,66,50.16666666666666,61,48.46666666666667,,,,
09:15:00,769847,210,E,ML,34.211728,-118.228265,OCEAN VIEW,18.18,315,62.46666666666667,119,70.8,96,65.23333333333333,67,45.66666666666666,33,58.6,,,,
09:15:00,769866,210,E,ML,34.218398,-118.239738,LA CRESCENTA,17.38,552,42.3,149,51.06666666666666,141,45.96666666666667,120,36.06666666666667,143,34.56666666666667,,,,
09:15:00,769880,210,E,ML,34.221426,-118.245718,PENNSYLVANIA,16.98,517,30.23333333333333,87,29.73333333333333,155,32.7,129,27.83333333333333,147,29.83333333333333,,,,
09:15:00,769895,210,E,ML,34.230849,-118.265101,LOWELL / HONOLULU,15.68,466,33.13333333333333,135,33.733333333333334,130,32.266666666666666,112,32.2,89,34.833333333333336,,,,
09:15:00,769984,210,E,ML,34.202989,-118.191827,GOULD,20.4,317,57.86666666666667,85,62.400000000000006,87,59.26666666666667,76,55.4,70,53.3,,,,
09:15:00,770116,210,E,ML,34.234317,-118.286992,LA TUNA CANYON,14.39,251,47.66666666666666,79,48.76666666666667,78,49.7,57,42.36666666666667,37,52.03333333333334,,,,
09:15:00,770385,210,E,ML,34.206925,-118.21372,EB/NB 2 TO EB 210 CN,19.08,339,60.7,99,71.3,110,67.56666666666666,69,47.0,61,46.63333333333333,,,,
09:15:00,770578,210,E,ML,34.156489,-118.158295,WINONA WAY,24.442,134,64.33333333333333,93,65.33333333333333,41,60.73333333333333,,,,,,,,
09:20:00,717617,210,E,ML,34.179921,-118.167405,ARROYO,22.6,258,57.96666666666667,67,62.56666666666666,71,59.4,62,55.9,57,53.23333333333333,,,,
09:20:00,717620,210,E,ML,34.174756,-118.160407,LINCOLN 1,23.14,263,60.8,68,68.86666666666667,70,66.53333333333335,70,57.833333333333336,55,47.73333333333333,,,,
09:20:00,717625,210,E,ML,34.160546,-118.158748,MOUNTAIN 2,24.16,288,53.7,75,61.5,79,61.93333333333334,61,55.1,74,36.333333333333336,,,,
09:20:00,717628,210,E,ML,34.152216,-118.156144,WALNUT,24.81,56,59.46666666666667,56,59.46666666666667,,,,,,,,,,
09:20:00,717631,210,E,ML,34.15099,-118.152369,FAIR OAKS 1,25.12,112,62.29999999999999,23,67.5,34,64.1,30,60.9,25,56.70000000000001,,,,
09:20:00,717633,210,E,ML,34.151691,-118.142523,MARENGO,25.72,590,60.6,100,65.8,116,63.6,101,61.9,104,59.5,95,55.5,74,55.5
09:20:00,717635,210,E,ML,34.151658,-118.12944,LAKE 2,26.47,569,65.46666666666665,108,70.86666666666667,114,68.53333333333333,110,65.76666666666667,100,63.8,138,59.53333333333333,,
09:20:00,717638,210,E,ML,34.152187,-118.117782,HILL 1,27.14,570,66.16666666666667,130,68.36666666666666,125,67.76666666666667,106,72.0,100,69.16666666666667,110,53.5,,
09:20:00,717640,210,E,ML,34.152301,-118.109239,ALLEN,27.63,522,63.66666666666666,53,75.96666666666667,132,68.13333333333334,120,67.7,102,57.0,115,54.56666666666666,,
09:20:00,717646,210,E,ML,34.151406,-118.091041,SAN GABRIEL,28.68,528,62.73333333333333,132,71.36666666666667,133,66.56666666666666,88,59.13333333333333,86,54.8,88,55.333333333333336,,
09:20:00,717650,210,E,ML,34.147621,-118.079037,SIERRA MADRE V2,29.44,482,62.20000000000001,129,68.16666666666667,113,64.63333333333333,92,61.46666666666667,89,53.6,59,58.46666666666667,,
09:20:00,761093,210,E,HV,34.151691,-118.142523,MARENGO,25.72,112,62.29999999999999,112,62.29999999999999,,,,,,,,,,
09:20:00,761098,210,E,HV,34.151658,-118.12944,LAKE 2,26.47,112,62.29999999999999,112,62.29999999999999,,,,,,,,,,
09:20:00,761102,210,E,HV,34.152187,-118.117782,HILL 1,27.14,55,64.93333333333334,55,64.93333333333334,,,,,,,,,,
09:20:00,761105,210,E,HV,34.152301,-118.109239,ALLEN,27.63,124,59.76666666666667,124,59.76666666666667,,,,,,,,,,
09:20:00,761109,210,E,HV,34.151406,-118.091041,SAN GABRIEL,28.68,55,64.3,55,64.3,,,,,,,,,,
09:20:00,761112,210,E,HV,34.147621,-118.079037,SIERRA MADRE V2,29.44,55,63.53333333333333,55,63.53333333333333,,,,,,,,,,
09:20:00,763614,210,E,HV,34.15099,-118.152369,FAIR OAKS 1,25.12,112,62.29999999999999,112,62.29999999999999,,,,,,,,,,
09:20:00,769788,210,E,ML,34.189219,-118.180753,BERKSHIRE,21.58,323,59.76666666666667,86,64.53333333333333,88,61.43333333333334,77,57.06666666666666,71,54.8,,,,
09:20:00,769806,210,E,ML,34.196934,-118.185042,FOOTHILL,20.98,359,59.53333333333334,84,59.93333333333334,116,65.83333333333333,85,61.2,74,47.0,,,,
09:20:00,769819,210,E,ML,34.205892,-118.198234,ANGELES CREST HWY NB,19.98,112,62.29999999999999,23,67.5,34,64.1,30,60.9,25,56.70000000000001,,,,
09:20:00,769831,210,E,ML,34.206745,-118.201533,ANGELES CREST HWY SB,19.78,280,49.9,73,54.26666666666667,77,51.3,67,47.26666666666667,62,45.9,,,,
09:20:00,769847,210,E,ML,34.211728,-118.228265,OCEAN VIEW,18.18,317,62.46666666666667,120,70.03333333333335,97,64.89999999999999,62,45.46666666666667,38,60.4,,,,
09:20:00,769866,210,E,ML,34.218398,-118.239738,LA CRESCENTA,17.38,569,41.93333333333333,156,50.3,143,46.23333333333333,122,35.9,148,33.86666666666667,,,,
09:20:00,769880,210,E,ML,34.221426,-118.245718,PENNSYLVANIA,16.98,526,31.53333333333333,87,29.633333333333336,158,34.733333333333334,134,29.4,147,31.266666666666666,,,,
09:20:00,769895,210,E,ML,34.230849,-118.265101,LOWELL / HONOLULU,15.68,464,34.13333333333333,134,34.733333333333334,131,33.733333333333334,111,32.96666666666667,89,35.46666666666667,,,,
09:20:00,769984,210,E,ML,34.202989,-118.191827,GOULD,20.4,324,59.76666666666667,87,64.43333333333334,89,61.26666666666667,77,57.23333333333333,71,54.9,,,,
09:20:00,770116,210,E,ML,34.234317,-118.286992,LA TUNA CANYON,14.39,249,49.833333333333336,78,51.833333333333336,77,52.133333333333326,57,43.73333333333333,37,52.6,,,,
09:20:00,770385,210,E,ML,34.206925,-118.21372,EB/NB 2 TO EB 210 CN,19.08,353,60.03333333333333,117,70.5,104,67.36666666666666,75,46.1,57,43.76666666666667,,,,
09:20:00,770578,210,E,ML,34.156489,-118.158295,WINONA WAY,24.442,147,62.53333333333333,96,64.86666666666667,51,57.833333333333336,,,,,,,,
09:25:00,717617,210,E,ML,34.179921,-118.167405,ARROYO,22.6,258,56.5,67,60.93333333333334,72,57.833333333333336,63,54.5,57,51.96666666666667,,,,
09:25:00,717620,210,E,ML,34.174756,-118.160407,LINCOLN 1,23.14,278,58.6,76,65.26666666666667,82,63.1,67,55.9,52,46.63333333333333,,,,
09:25:00,717625,210,E,ML,34.160546,-118.158748,MOUNTAIN 2,24.16,277,53.93333333333334,72,60.9,77,62.26666666666667,45,57.23333333333333,84,38.63333333333333,,,,
09:25:00,717628,210,E,ML,34.152216,-118.156144,WALNUT,24.81,60,59.23333333333333,60,59.23333333333333,,,,,,,,,,
09:25:00,717631,210,E,ML,34.15099,-118.152369,FAIR OAKS 1,25.12,112,62.29999999999999,23,67.5,34,64.1,30,60.9,25,56.70000000000001,,,,
09:25:00,717633,210,E,ML,34.151691,-118.142523,MARENGO,25.72,598,60.6,101,65.8,118,63.6,103,61.9,105,59.5,96,55.5,75,55.5
09:25:00,717635,210,E,ML,34.151658,-118.12944,LAKE 2,26.47,530,65.56666666666666,101,70.96666666666665,105,68.7,102,65.89999999999999,93,63.96666666666666,129,59.6,,
09:25:00,717638,210,E,ML,34.152187,-118.117782,HILL 1,27.14,553,66.53333333333335,121,69.3,132,68.2,106,71.96666666666667,97,69.10000000000001,97,52.46666666666667,,
09:25:00,717640,210,E,ML,34.152301,-118.109239,ALLEN,27.63,522,64.5,51,76.13333333333334,125,68.60000000000001,124,67.96666666666665,108,58.73333333333333,114,56.36666666666667,,
09:25:00,717646,210,E,ML,34.151406,-118.091041,SAN GABRIEL,28.68,550,63.333333333333336,132,71.73333333333333,135,66.3,97,60.03333333333333,88,57.46666666666667,99,55.66666666666666,,
09:25:00,717650,210,E,ML,34.147621,-118.079037,SIERRA MADRE V2,29.44,501,63.03333333333333,133,69.33333333333333,118,65.46666666666667,102,61.93333333333334,91,54.16666666666666,57,59.333333333333336,,
09:25:00,761093,210,E,HV,34.151691,-118.142523,MARENGO,25.72,112,62.29999999999999,112,62.29999999999999,,,,,,,,,,
09:25:00,761098,210,E,HV,34.151658,-118.12944,LAKE 2,26.47,112,62.29999999999999,112,62.29999999999999,,,,,,,,,,
09:25:00,761102,210,E,HV,34.152187,-118.117782,HILL 1,27.14,53,64.89999999999999,53,64.89999999999999,,,,,,,,,,
09:25:00,761105,210,E,HV,34.152301,-118.109239,ALLEN,27.63,117,60.5,117,60.5,,,,,,,,,,
09:25:00,761109,210,E,HV,34.151406,-118.091041,SAN GABRIEL,28.68,52,64.36666666666666,52,64.36666666666666,,,,,,,,,,
09:25:00,761112,210,E,HV,34.147621,-118.079037,SIERRA MADRE V2,29.44,56,63.63333333333333,56,63.63333333333333,,,,,,,,,,
09:25:00,763614,210,E,HV,34.15099,-118.152369,FAIR OAKS 1,25.12,112,62.29999999999999,112,62.29999999999999,,,,,,,,,,
09:25:00,769788,210,E,ML,34.189219,-118.180753,BERKSHIRE,21.58,285,59.43333333333334,75,64.23333333333333,79,61.13333333333333,68,56.833333333333336,64,54.56666666666666,,,,
09:25:00,769806,210,E,ML,34.196934,-118.185042,FOOTHILL,20.98,309,59.93333333333334,71,60.36666666666667,105,65.83333333333333,76,61.76666666666667,57,47.26666666666667,,,,
09:25:00,769819,210,E,ML,34.205892,-118.198234,ANGELES CREST HWY NB,19.98,112,62.29999999999999,23,67.5,34,64.1,30,60.9,25,56.70000000000001,,,,
09:25:00,769831,210,E,ML,34.206745,-118.201533,ANGELES CREST HWY SB,19.78,289,51.3,77,55.86666666666667,79,52.8,69,48.46666666666667,64,46.96666666666667,,,,
09:25:00,769847,210,E,ML,34.211728,-118.228265,OCEAN VIEW,18.18,309,62.833333333333336,114,70.36666666666666,97,66.06666666666666,65,45.7,33,60.66666666666666,,,,
09:25:00,769866,210,E,ML,34.218398,-118.239738,LA CRESCENTA,17.38,574,42.66666666666666,145,50.8,138,46.9,132,37.06666666666667,159,35.96666666666667,,,,
09:25:00,769880,210,E,ML,34.221426,-118.245718,PENNSYLVANIA,16.98,515,32.86666666666667,82,29.83333333333333,152,36.2,136,31.0,144,32.53333333333333,,,,
09:25:00,769895,210,E,ML,34.230849,-118.265101,LOWELL / HONOLULU,15.68,468,35.93333333333334,134,36.73333333333333,134,35.56666666666666,111,34.53333333333333,89,37.36666666666667,,,,
09:25:00,769984,210,E,ML,34.202989,-118.191827,GOULD,20.4,286,59.46666666666667,76,64.16666666666667,78,61.0,68,56.93333333333334,64,54.66666666666666,,,,
09:25:00,770116,210,E,ML,34.234317,-118.286992,LA TUNA CANYON,14.39,261,52.1,82,54.53333333333333,81,54.26666666666666,59,46.43333333333334,38,53.46666666666667,,,,
09:25:00,770385,210,E,ML,34.206925,-118.21372,EB/NB 2 TO EB 210 CN,19.08,354,58.66666666666666,123,69.06666666666666,96,66.2,76,42.0,59,46.1,,,,
09:25:00,770578,210,E,ML,34.156489,-118.158295,WINONA WAY,24.442,173,62.333333333333336,118,64.53333333333335,55,57.56666666666666,,,,,,,,
09:30:00,717617,210,E,ML,34.179921,-118.167405,ARROYO,22.6,249,56.3,64,60.79999999999999,69,57.66666666666666,61,54.36666666666667,55,51.8,,,,
09:30:00,717620,210,E,ML,34.174756,-118.160407,LINCOLN 1,23.14,253,58.4,68,66.36666666666667,63,64.56666666666666,66,55.7,56,45.76666666666667,,,,
09:30:00,717625,210,E,ML,34.160546,-118.158748,MOUNTAIN 2,24.16,297,53.93333333333334,74,60.26666666666667,80,62.1,51,56.36666666666667,92,39.6,,,,
09:30:00,717628,210,E,ML,34.152216,-118.156144,WALNUT,24.81,57,56.20000000000001,57,56.20000000000001,,,,,,,,,,
09:30:00,717631,210,E,ML,34.15099,-118.152369,FAIR OAKS 1,25.12,112,62.29999999999999,23,67.5,34,64.1,30,60.9,25,56.70000000000001,,,,
09:30:00,717633,210,E,ML,34.151691,-118.142523,MARENGO,25.72,592,60.4,100,65.6,117,63.4,102,61.70000000000001,104,59.29999999999999,95,55.29999999999999,74,55.29999999999999
09:30:00,717635,210,E,ML,34.151658,-118.12944,LAKE 2,26.47,564,65.66666666666667,107,71.06666666666666,113,68.83333333333333,109,66.0,99,64.10000000000001,137,59.7,,
09:30:00,717638,210,E,ML,34.152187,-118.117782,HILL 1,27.14,568,66.83333333333333,124,69.43333333333334,127,68.76666666666667,112,72.06666666666666,95,68.93333333333334,110,54.5,,
09:30:00,717640,210,E,ML,34.152301,-118.109239,ALLEN,27.63,529,64.76666666666667,50,76.36666666666666,129,68.43333333333332,128,68.16666666666667,108,59.56666666666666,115,56.6,,
09:30:00,717646,210,E,ML,34.151406,-118.091041,SAN GABRIEL,28.68,509,62.03333333333333,130,70.56666666666666,127,64.60000000000001,87,56.9,77,56.1,88,56.3,,
09:30:00,717650,210,E,ML,34.147621,-118.079037,SIERRA MADRE V2,29.44,444,63.833333333333336,138,71.7,100,65.03333333333335,81,58.43333333333334,73,54.93333333333334,52,59.03333333333333,,
09:30:00,761093,210,E,HV,34.151691,-118.142523,MARENGO,25.72,112,62.29999999999999,112,62.29999999999999,,,,,,,,,,
09:30:00,761098,210,E,HV,34.151658,-118.12944,LAKE 2,26.47,112,62.29999999999999,112,62.29999999999999,,,,,,,,,,
09:30:00,761102,210,E,HV,34.152187,-118.117782,HILL 1,27.14,50,64.93333333333334,50,64.93333333333334,,,,,,,,,,
09:30:00,761105,210,E,HV,34.152301,-118.109239,ALLEN,27.63,122,61.0,122,61.0,,,,,,,,,,
09:30:00,761109,210,E,HV,34.151406,-118.091041,SAN GABRIEL,28.68,54,63.26666666666667,54,63.26666666666667,,,,,,,,,,
09:30:00,761112,210,E,HV,34.147621,-118.079037,SIERRA MADRE V2,29.44,45,64.36666666666666,45,64.36666666666666,,,,,,,,,,
09:30:00,763614,210,E,HV,34.15099,-118.152369,FAIR OAKS 1,25.12,112,62.29999999999999,112,62.29999999999999,,,,,,,,,,
09:30:00,769788,210,E,ML,34.189219,-118.180753,BERKSHIRE,21.58,310,60.13333333333333,83,64.93333333333334,85,61.79999999999999,74,57.43333333333334,69,55.13333333333333,,,,
09:30:00,769806,210,E,ML,34.196934,-118.185042,FOOTHILL,20.98,339,60.46666666666667,84,61.53333333333333,95,67.16666666666667,79,64.46666666666667,80,47.06666666666666,,,,
09:30:00,769819,210,E,ML,34.205892,-118.198234,ANGELES CREST HWY NB,19.98,112,62.29999999999999,23,67.5,34,64.1,30,60.9,25,56.70000000000001,,,,
09:30:00,769831,210,E,ML,34.206745,-118.201533,ANGELES CREST HWY SB,19.78,276,49.73333333333333,73,54.0,76,51.06666666666666,66,47.06666666666666,61,45.73333333333333,,,,
09:30:00,769847,210,E,ML,34.211728,-118.228265,OCEAN VIEW,18.18,303,63.06666666666666,111,71.3,90,66.86666666666667,66,45.53333333333333,37,60.73333333333333,,,,
09:30:00,769866,210,E,ML,34.218398,-118.239738,LA CRESCENTA,17.38,563,44.5,149,52.333333333333336,142,48.43333333333334,125,39.16666666666666,148,37.333333333333336,,,,
09:30:00,769880,210,E,ML,34.221426,-118.245718,PENNSYLVANIA,16.98,521,34.03333333333333,87,30.1,152,37.56666666666667,135,33.26666666666667,147,33.800000000000004,,,,
09:30:00,769895,210,E,ML,34.230849,-118.265101,LOWELL / HONOLULU,15.68,474,38.6,139,39.333333333333336,132,38.2,112,37.13333333333333,91,40.266666666666666,,,,
09:30:00,769984,210,E,ML,34.202989,-118.191827,GOULD,20.4,312,60.13333333333333,83,64.86666666666666,85,61.7,75,57.6,69,55.2,,,,
09:30:00,770116,210,E,ML,34.234317,-118.286992,LA TUNA CANYON,14.39,268,54.26666666666667,85,56.86666666666667,83,56.16666666666666,61,49.43333333333334,39,54.4,,,,
09:30:00,770385,210,E,ML,34.206925,-118.21372,EB/NB 2 TO EB 210 CN,19.08,343,59.2,122,69.76666666666667,93,66.10000000000001,65,44.4,63,43.43333333333334,,,,
09:30:00,770578,210,E,ML,34.156489,-118.158295,WINONA WAY,24.442,155,60.66666666666666,103,64.16666666666667,52,53.833333333333336,,,,,,,,
09:35:00,717617,210,E,ML,34.179921,-118.167405,ARROYO,22.6,233,51.23333333333333,60,55.333333333333336,65,52.4,57,49.43333333333334,51,47.36666666666667,,,,
09:35:00,717620,210,E,ML,34.174756,-118.160407,LINCOLN 1,23.14,245,55.56666666666666,65,64.56666666666666,72,62.36666666666667,56,46.86666666666667,53,44.46666666666667,,,,
09:35:00,717625,210,E,ML,34.160546,-118.158748,MOUNTAIN 2,24.16,257,53.16666666666666,67,57.5,66,62.23333333333333,43,57.93333333333334,81,39.6,,,,
09:35:00,717628,210,E,ML,34.152216,-118.156144,WALNUT,24.81,40,57.16666666666666,40,57.16666666666666,,,,,,,,,,
09:35:00,717631,210,E,ML,34.15099,-118.152369,FAIR OAKS 1,25.12,111,62.29999999999999,23,67.5,34,64.1,30,60.9,24,56.70000000000001,,,,
09:35:00,717633,210,E,ML,34.151691,-118.142523,MARENGO,25.72,592,60.5,100,65.7,117,63.5,102,61.79999999999999,104,59.4,95,55.4,74,55.4
09:35:00,717635,210,E,ML,34.151658,-118.12944,LAKE 2,26.47,557,65.33333333333333,106,70.76666666666667,111,68.43333333333334,107,65.7,98,63.73333333333333,135,59.43333333333334,,
09:35:00,717638,210,E,ML,34.152187,-118.117782,HILL 1,27.14,564,66.56666666666666,135,69.3,117,67.86666666666667,100,71.93333333333334,104,68.83333333333333,108,54.76666666666667,,
09:35:00,717640,210,E,ML,34.152301,-118.109239,ALLEN,27.63,511,65.43333333333334,54,75.96666666666667,133,68.06666666666666,118,68.23333333333333,103,60.6,103,58.13333333333333,,
09:35:00,717646,210,E,ML,34.151406,-118.091041,SAN GABRIEL,28.68,537,60.5,136,66.63333333333334,132,62.36666666666667,97,57.8,75,55.1,97,56.7,,
09:35:00,717650,210,E,ML,34.147621,-118.079037,SIERRA MADRE V2,29.44,479,55.333333333333336,145,61.6,103,56.6,96,52.5,77,45.66666666666666,58,54.43333333333334,,
09:35:00,761093,210,E,HV,34.151691,-118.142523,MARENGO,25.72,111,62.29999999999999,111,62.29999999999999,,,,,,,,,,
09:35:00,761098,210,E,HV,34.151658,-118.12944,LAKE 2,26.47,111,62.29999999999999,111,62.29999999999999,,,,,,,,,,
09:35:00,761102,210,E,HV,34.152187,-118.117782,HILL 1,27.14,54,64.8,54,64.8,,,,,,,,,,
09:35:00,761105,210,E,HV,34.152301,-118.109239,ALLEN,27.63,119,60.866666666666674,119,60.866666666666674,,,,,,,,,,
09:35:00,761109,210,E,HV,34.151406,-118.091041,SAN GABRIEL,28.68,58,62.16666666666666,58,62.16666666666666,,,,,,,,,,
09:35:00,761112,210,E,HV,34.147621,-118.079037,SIERRA MADRE V2,29.44,69,57.6,69,57.6,,,,,,,,,,
09:35:00,763614,210,E,HV,34.15099,-118.152369,FAIR OAKS 1,25.12,111,62.29999999999999,111,62.29999999999999,,,,,,,,,,
09:35:00,769788,210,E,ML,34.189219,-118.180753,BERKSHIRE,21.58,337,61.03333333333333,90,65.93333333333334,92,62.7,80,58.3,75,55.9,,,,
09:35:00,769806,210,E,ML,34.196934,-118.185042,FOOTHILL,20.98,337,61.2,82,61.36666666666667,101,65.89999999999999,93,66.83333333333333,62,44.2,,,,
09:35:00,769819,210,E,ML,34.205892,-118.198234,ANGELES CREST HWY NB,19.98,111,62.29999999999999,23,67.5,34,64.1,30,60.9,24,56.70000000000001,,,,
09:35:00,769831,210,E,ML,34.206745,-118.201533,ANGELES CREST HWY SB,19.78,294,52.53333333333333,78,57.06666666666666,81,54.03333333333333,70,49.833333333333336,65,48.16666666666666,,,,
09:35:00,769847,210,E,ML,34.211728,-118.228265,OCEAN VIEW,18.18,306,63.96666666666667,112,71.46666666666667,99,67.10000000000001,60,47.5,34,59.43333333333334,,,,
09:35:00,769866,210,E,ML,34.218398,-118.239738,LA CRESCENTA,17.38,535,43.2,141,51.43333333333334,139,47.63333333333333,121,37.9,134,34.86666666666667,,,,
09:35:00,769880,210,E,ML,34.221426,-118.245718,PENNSYLVANIA,16.98,502,34.06666666666667,89,31.03333333333333,147,37.96666666666667,125,33.166666666666664,141,33.800000000000004,,,,
09:35:00,769895,210,E,ML,34.230849,-118.265101,LOWELL / HONOLULU,15.68,437,38.1,127,39.9,124,37.63333333333333,100,35.5,86,39.5,,,,
09:35:00,769984,210,E,ML,34.202989,-118.191827,GOULD,20.4,338,61.06666666666666,91,65.86666666666666,92,62.66666666666666,80,58.4,75,56.0,,,,
09:35:00,770116,210,E,ML,34.234317,-118.286992,LA TUNA CANYON,14.39,277,53.833333333333336,88,56.36666666666667,86,55.73333333333333,63,49.0,40,54.16666666666666,,,,
09:35:00,770385,210,E,ML,34.206925,-118.21372,EB/NB 2 TO EB 210 CN,19.08,335,59.56666666666666,90,69.76666666666667,110,67.2,79,46.333333333333336,56,46.86666666666667,,,,
09:35:00,770578,210,E,ML,34.156489,-118.158295,WINONA WAY,24.442,137,62.70000000000001,104,65.03333333333333,32,55.03333333333333,,,,,,,,
09:40:00,717617,210,E,ML,34.179921,-118.167405,ARROYO,22.6,244,50.46666666666667,62,54.7,68,51.73333333333333,59,48.4,55,46.43333333333334,,,,
09:40:00,717620,210,E,ML,34.174756,-118.160407,LINCOLN 1,23.14,229,54.53333333333333,54,65.39999999999999,61,63.06666666666666,69,45.4,45,44.0,,,,
09:40:00,717625,210,E,ML,34.160546,-118.158748,MOUNTAIN 2,24.16,279,52.56666666666666,68,57.5,77,61.333333333333336,53,57.23333333333333,81,36.833333333333336,,,,
09:40:00,717628,210,E,ML,34.152216,-118.156144,WALNUT,24.81,49,59.29999999999999,49,59.29999999999999,,,,,,,,,,
09:40:00,717631,210,E,ML,34.15099,-118.152369,FAIR OAKS 1,25.12,112,62.20000000000001,23,67.4,34,64.0,30,60.79999999999999,25,56.6,,,,
09:40:00,717633,210,E,ML,34.151691,-118.142523,MARENGO,25.72,587,60.29999999999999,100,65.4,116,63.20000000000001,101,61.5,103,59.1,94,55.1,73,55.1
09:40:00,717635,210,E,ML,34.151658,-118.12944,LAKE 2,26.47,558,65.10000000000001,106,70.5,111,68.13333333333334,108,65.46666666666667,98,63.46666666666666,135,59.23333333333333,,
09:40:00,717638,210,E,ML,34.152187,-118.117782,HILL 1,27.14,568,66.36666666666666,131,68.33333333333333,128,67.13333333333334,104,72.03333333333333,102,68.8,103,54.5,,
09:40:00,717640,210,E,ML,34.152301,-118.109239,ALLEN,27.63,529,64.5,54,75.33333333333333,133,67.33333333333333,129,67.5,101,58.8,112,57.8,,
09:40:00,717646,210,E,ML,34.151406,-118.091041,SAN GABRIEL,28.68,550,59.6,139,65.10000000000001,140,62.26666666666667,94,57.8,85,55.13333333333333,92,54.0,,
09:40:00,717650,210,E,ML,34.147621,-118.079037,SIERRA MADRE V2,29.44,493,50.9,132,56.06666666666666,117,52.6,104,48.16666666666666,74,41.93333333333334,67,50.56666666666666,,
09:40:00,761093,210,E,HV,34.151691,-118.142523,MARENGO,25.72,112,62.20000000000001,112,62.20000000000001,,,,,,,,,,
09:40:00,761098,210,E,HV,34.151658,-118.12944,LAKE 2,26.47,112,62.20000000000001,112,62.20000000000001,,,,,,,,,,
09:40:00,761102,210,E,HV,34.152187,-118.117782,HILL 1,27.14,57,64.76666666666667,57,64.76666666666667,,,,,,,,,,
09:40:00,761105,210,E,HV,34.152301,-118.109239,ALLEN,27.63,125,60.16666666666666,125,60.16666666666666,,,,,,,,,,
09:40:00,761109,210,E,HV,34.151406,-118.091041,SAN GABRIEL,28.68,53,60.833333333333336,53,60.833333333333336,,,,,,,,,,
09:40:00,761112,210,E,HV,34.147621,-118.079037,SIERRA MADRE V2,29.44,64,56.73333333333334,64,56.73333333333334,,,,,,,,,,
09:40:00,763614,210,E,HV,34.15099,-118.152369,FAIR OAKS 1,25.12,112,62.20000000000001,112,62.20000000000001,,,,,,,,,,
09:40:00,769788,210,E,ML,34.189219,-118.180753,BERKSHIRE,21.58,314,61.6,84,66.56666666666666,86,63.333333333333336,75,58.9,70,56.43333333333334,,,,
09:40:00,769806,210,E,ML,34.196934,-118.185042,FOOTHILL,20.98,317,62.333333333333336,73,62.0,105,66.7,85,68.89999999999999,53,43.5,,,,
09:40:00,769819,210,E,ML,34.205892,-118.198234,ANGELES CREST HWY NB,19.98,112,62.20000000000001,23,67.4,34,64.0,30,60.79999999999999,25,56.6,,,,
09:40:00,769831,210,E,ML,34.206745,-118.201533,ANGELES CREST HWY SB,19.78,304,52.73333333333333,81,57.36666666666667,84,54.3,73,49.96666666666667,66,48.3,,,,
09:40:00,769847,210,E,ML,34.211728,-118.228265,OCEAN VIEW,18.18,302,63.36666666666667,106,71.16666666666667,100,66.26666666666667,64,48.3,32,58.333333333333336,,,,
09:40:00,769866,210,E,ML,34.218398,-118.239738,LA CRESCENTA,17.38,562,44.43333333333334,139,52.66666666666666,140,47.7,128,40.43333333333333,155,37.36666666666667,,,,
09:40:00,769880,210,E,ML,34.221426,-118.245718,PENNSYLVANIA,16.98,510,37.23333333333333,97,36.66666666666666,146,41.03333333333333,131,35.6,137,36.46666666666666,,,,
09:40:00,769895,210,E,ML,34.230849,-118.265101,LOWELL / HONOLULU,15.68,459,40.63333333333333,131,41.5,127,40.13333333333333,110,39.13333333333333,90,42.2,,,,
09:40:00,769984,210,E,ML,34.202989,-118.191827,GOULD,20.4,315,61.6,84,66.53333333333333,86,63.26666666666667,75,58.96666666666667,70,56.46666666666667,,,,
09:40:00,770116,210,E,ML,34.234317,-118.286992,LA TUNA CANYON,14.39,265,54.46666666666667,84,57.16666666666666,82,56.36666666666667,60,49.66666666666666,39,54.43333333333334,,,,
09:40:00,770385,210,E,ML,34.206925,-118.21372,EB/NB 2 TO EB 210 CN,19.08,339,60.63333333333333,100,71.46666666666667,98,67.56666666666666,77,48.46666666666666,65,47.96666666666667,,,,
09:40:00,770578,210,E,ML,34.156489,-118.158295,WINONA WAY,24.442,159,62.96666666666667,116,64.86666666666667,43,57.66666666666666,,,,,,,,
09:45:00,717617,210,E,ML,34.179921,-118.167405,ARROYO,22.6,265,53.46666666666667,69,57.9,74,54.833333333333336,64,51.43333333333334,58,49.16666666666666,,,,
09:45:00,717620,210,E,ML,34.174756,-118.160407,LINCOLN 1,23.14,258,58.13333333333333,63,68.26666666666667,69,64.86666666666667,71,51.63333333333333,55,46.833333333333336,,,,
09:45:00,717625,210,E,ML,34.160546,-118.158748,MOUNTAIN 2,24.16,286,51.63333333333333,76,59.20000000000001,76,60.56666666666666,48,54.96666666666667,85,34.800000000000004,,,,
09:45:00,717628,210,E,ML,34.152216,-118.156144,WALNUT,24.81,58,57.5,58,57.5,,,,,,,,,,
09:45:00,717631,210,E,ML,34.15099,-118.152369,FAIR OAKS 1,25.12,111,62.29999999999999,23,67.5,34,64.1,30,60.9,24,56.70000000000001,,,,
09:45:00,717633,210,E,ML,34.151691,-118.142523,MARENGO,25.72,592,60.20000000000001,100,65.4,117,63.20000000000001,102,61.5,104,59.1,95,55.1,74,55.1
09:45:00,717635,210,E,ML,34.151658,-118.12944,LAKE 2,26.47,569,65.3,108,70.66666666666667,114,68.33333333333333,110,65.66666666666667,100,63.7,138,59.4,,
09:45:00,717638,210,E,ML,34.152187,-118.117782,HILL 1,27.14,570,66.13333333333333,125,68.03333333333333,123,67.26666666666667,110,72.10000000000001,101,69.16666666666667,112,54.4,,
09:45:00,717640,210,E,ML,34.152301,-118.109239,ALLEN,27.63,506,63.63333333333333,52,75.66666666666667,121,66.66666666666667,118,67.23333333333333,103,58.06666666666666,112,56.13333333333333,,
09:45:00,717646,210,E,ML,34.151406,-118.091041,SAN GABRIEL,28.68,515,59.8,124,66.76666666666667,124,62.76666666666667,93,56.833333333333336,85,54.43333333333334,88,54.2,,
09:45:00,717650,210,E,ML,34.147621,-118.079037,SIERRA MADRE V2,29.44,447,48.7,118,53.3,103,51.333333333333336,93,44.86666666666667,74,41.13333333333333,60,49.76666666666667,,
09:45:00,761093,210,E,HV,34.151691,-118.142523,MARENGO,25.72,111,62.29999999999999,111,62.29999999999999,,,,,,,,,,
09:45:00,761098,210,E,HV,34.151658,-118.12944,LAKE 2,26.47,111,62.29999999999999,111,62.29999999999999,,,,,,,,,,
09:45:00,761102,210,E,HV,34.152187,-118.117782,HILL 1,27.14,53,64.76666666666667,53,64.76666666666667,,,,,,,,,,
09:45:00,761105,210,E,HV,34.152301,-118.109239,ALLEN,27.63,125,59.76666666666667,125,59.76666666666667,,,,,,,,,,
09:45:00,761109,210,E,HV,34.151406,-118.091041,SAN GABRIEL,28.68,54,61.73333333333333,54,61.73333333333333,,,,,,,,,,
09:45:00,761112,210,E,HV,34.147621,-118.079037,SIERRA MADRE V2,29.44,63,57.13333333333333,63,57.13333333333333,,,,,,,,,,
09:45:00,763614,210,E,HV,34.15099,-118.152369,FAIR OAKS 1,25.12,111,62.29999999999999,111,62.29999999999999,,,,,,,,,,
09:45:00,769788,210,E,ML,34.189219,-118.180753,BERKSHIRE,21.58,305,61.76666666666667,81,66.76666666666667,84,63.5,73,59.03333333333333,67,56.53333333333333,,,,
09:45:00,769806,210,E,ML,34.196934,-118.185042,FOOTHILL,20.98,319,64.7,75,66.16666666666667,102,66.93333333333334,80,73.63333333333334,61,47.56666666666666,,,,
09:45:00,769819,210,E,ML,34.205892,-118.198234,ANGELES CREST HWY NB,19.98,111,62.29999999999999,23,67.5,34,64.1,30,60.9,24,56.70000000000001,,,,
09:45:00,769831,210,E,ML,34.206745,-118.201533,ANGELES CREST HWY SB,19.78,296,51.26666666666667,78,55.833333333333336,81,52.8,70,48.43333333333334,66,46.93333333333334,,,,
09:45:00,769847,210,E,ML,34.211728,-118.228265,OCEAN VIEW,18.18,306,63.96666666666667,113,71.06666666666666,92,66.03333333333335,65,49.53333333333333,36,61.93333333333334,,,,
09:45:00,769866,210,E,ML,34.218398,-118.239738,LA CRESCENTA,17.38,560,46.06666666666666,142,53.56666666666666,131,49.6,135,42.6,151,38.96666666666667,,,,
09:45:00,769880,210,E,ML,34.221426,-118.245718,PENNSYLVANIA,16.98,515,39.8,100,41.3,147,42.53333333333333,132,39.0,137,37.8,,,,
09:45:00,769895,210,E,ML,34.230849,-118.265101,LOWELL / HONOLULU,15.68,432,43.5,130,43.23333333333333,122,43.6,102,43.43333333333334,78,45.66666666666666,,,,
09:45:00,769984,210,E,ML,34.202989,-118.191827,GOULD,20.4,305,61.76666666666667,81,66.7,84,63.43333333333334,73,59.13333333333333,68,56.63333333333333,,,,
09:45:00,770116,210,E,ML,34.234317,-118.286992,LA TUNA CANYON,14.39,278,55.36666666666667,89,58.5,86,57.43333333333334,63,50.0,40,54.8,,,,
09:45:00,770385,210,E,ML,34.206925,-118.21372,EB/NB 2 TO EB 210 CN,19.08,327,58.86666666666667,99,71.0,88,66.39999999999999,72,44.86666666666667,68,46.06666666666666,,,,
09:45:00,770578,210,E,ML,34.156489,-118.158295,WINONA WAY,24.442,158,61.1,105,64.23333333333333,53,55.36666666666667,,,,,,,,
09:50:00,717617,210,E,ML,34.179921,-118.167405,ARROYO,22.6,257,56.833333333333336,67,61.333333333333336,72,58.2,62,54.833333333333336,56,52.23333333333333,,,,
09:50:00,717620,210,E,ML,34.174756,-118.160407,LINCOLN 1,23.14,264,60.833333333333336,64,69.46666666666667,75,66.43333333333334,67,56.4,59,50.03333333333333,,,,
09:50:00,717625,210,E,ML,34.160546,-118.158748,MOUNTAIN 2,24.16,271,51.8,76,61.0,74,60.833333333333336,45,53.26666666666667,76,32.7,,,,
09:50:00,717628,210,E,ML,34.152216,-118.156144,WALNUT,24.81,53,57.43333333333334,53,57.43333333333334,,,,,,,,,,
09:50:00,717631,210,E,ML,34.15099,-118.152369,FAIR OAKS 1,25.12,111,62.20000000000001,23,67.4,34,64.0,30,60.79999999999999,24,56.6,,,,
09:50:00,717633,210,E,ML,34.151691,-118.142523,MARENGO,25.72,584,60.20000000000001,99,65.4,115,63.20000000000001,100,61.5,103,59.1,94,55.1,73,55.1
09:50:00,717635,210,E,ML,34.151658,-118.12944,LAKE 2,26.47,575,65.03333333333335,109,70.43333333333334,115,68.03333333333333,111,65.43333333333334,101,63.4,139,59.2,,
09:50:00,717638,210,E,ML,34.152187,-118.117782,HILL 1,27.14,581,66.26666666666667,133,68.13333333333333,114,66.66666666666667,112,72.03333333333335,108,69.10000000000001,113,55.3,,
09:50:00,717640,210,E,ML,34.152301,-118.109239,ALLEN,27.63,528,63.53333333333333,55,76.0,134,66.89999999999999,118,66.60000000000001,107,58.06666666666666,115,55.4,,
09:50:00,717646,210,E,ML,34.151406,-118.091041,SAN GABRIEL,28.68,536,60.36666666666667,129,67.63333333333333,136,63.23333333333333,90,55.9,84,53.43333333333334,97,56.7,,
09:50:00,717650,210,E,ML,34.147621,-118.079037,SIERRA MADRE V2,29.44,474,47.56666666666666,128,52.8,110,49.6,100,43.43333333333334,77,38.96666666666667,58,50.43333333333334,,
09:50:00,761093,210,E,HV,34.151691,-118.142523,MARENGO,25.72,111,62.20000000000001,111,62.20000000000001,,,,,,,,,,
09:50:00,761098,210,E,HV,34.151658,-118.12944,LAKE 2,26.47,111,62.20000000000001,111,62.20000000000001,,,,,,,,,,
09:50:00,761102,210,E,HV,34.152187,-118.117782,HILL 1,27.14,54,64.83333333333333,54,64.83333333333333,,,,,,,,,,
09:50:00,761105,210,E,HV,34.152301,-118.109239,ALLEN,27.63,130,59.13333333333333,130,59.13333333333333,,,,,,,,,,
09:50:00,761109,210,E,HV,34.151406,-118.091041,SAN GABRIEL,28.68,54,62.7,54,62.7,,,,,,,,,,
09:50:00,761112,210,E,HV,34.147621,-118.079037,SIERRA MADRE V2,29.44,65,57.16666666666666,65,57.16666666666666,,,,,,,,,,
09:50:00,763614,210,E,HV,34.15099,-118.152369,FAIR OAKS 1,25.12,111,62.20000000000001,111,62.20000000000001,,,,,,,,,,
09:50:00,769788,210,E,ML,34.189219,-118.180753,BERKSHIRE,21.58,337,61.8,90,66.76666666666667,92,63.53333333333333,80,59.03333333333333,75,56.56666666666666,,,,
09:50:00,769806,210,E,ML,34.196934,-118.185042,FOOTHILL,20.98,317,65.5,73,65.23333333333333,106,66.96666666666667,93,72.9,45,46.333333333333336,,,,
09:50:00,769819,210,E,ML,34.205892,-118.198234,ANGELES CREST HWY NB,19.98,111,62.20000000000001,23,67.4,34,64.0,30,60.79999999999999,24,56.6,,,,
09:50:00,769831,210,E,ML,34.206745,-118.201533,ANGELES CREST HWY SB,19.78,289,51.73333333333333,77,56.16666666666666,80,53.2,69,49.03333333333333,63,47.5,,,,
09:50:00,769847,210,E,ML,34.211728,-118.228265,OCEAN VIEW,18.18,307,64.13333333333334,114,71.33333333333333,96,66.23333333333333,63,49.53333333333333,34,60.7,,,,
09:50:00,769866,210,E,ML,34.218398,-118.239738,LA CRESCENTA,17.38,562,46.36666666666667,141,54.86666666666667,140,50.73333333333333,126,42.43333333333334,155,37.96666666666667,,,,
09:50:00,769880,210,E,ML,34.221426,-118.245718,PENNSYLVANIA,16.98,526,40.8,102,43.6,150,43.06666666666666,134,41.46666666666667,140,37.23333333333333,,,,
09:50:00,769895,210,E,ML,34.230849,-118.265101,LOWELL / HONOLULU,15.68,440,50.16666666666666,129,51.26666666666667,130,50.86666666666667,102,48.3,79,50.46666666666667,,,,
09:50:00,769984,210,E,ML,34.202989,-118.191827,GOULD,20.4,338,61.76666666666667,91,66.7,92,63.46666666666667,80,59.13333333333333,75,56.63333333333333,,,,
09:50:00,770116,210,E,ML,34.234317,-118.286992,LA TUNA CANYON,14.39,264,59.53333333333334,83,63.46666666666667,82,61.5,60,54.56666666666666,39,56.6,,,,
09:50:00,770385,210,E,ML,34.206925,-118.21372,EB/NB 2 TO EB 210 CN,19.08,351,59.4,108,70.03333333333335,106,66.0,69,46.46666666666667,67,45.36666666666667,,,,
09:50:00,770578,210,E,ML,34.156489,-118.158295,WINONA WAY,24.442,155,61.06666666666666,107,64.0,48,55.333333333333336,,,,,,,,
09:55:00,717617,210,E,ML,34.179921,-118.167405,ARROYO,22.6,247,56.3,64,61.0,69,57.86666666666667,60,54.03333333333333,54,51.53333333333333,,,,
09:55:00,717620,210,E,ML,34.174756,-118.160407,LINCOLN 1,23.14,254,59.8,55,68.86666666666667,84,64.43333333333334,63,52.86666666666667,52,51.8,,,,
09:55:00,717625,210,E,ML,34.160546,-118.158748,MOUNTAIN 2,24.16,265,51.366666666666674,72,59.7,69,61.53333333333333,40,53.7,84,34.9,,,,
09:55:00,717628,210,E,ML,34.152216,-118.156144,WALNUT,24.81,52,51.7,52,51.7,,,,,,,,,,
09:55:00,717631,210,E,ML,34.15099,-118.152369,FAIR OAKS 1,25.12,109,62.29999999999999,23,67.5,33,64.1,29,60.9,24,56.70000000000001,,,,
09:55:00,717633,210,E,ML,34.151691,-118.142523,MARENGO,25.72,581,60.4,99,65.5,115,63.29999999999999,100,61.6,102,59.20000000000001,93,55.20000000000001,72,55.20000000000001
09:55:00,717635,210,E,ML,34.151658,-118.12944,LAKE 2,26.47,580,65.0,110,70.39999999999999,116,68.0,112,65.36666666666667,102,63.36666666666667,140,59.16666666666666,,
09:55:00,717638,210,E,ML,34.152187,-118.117782,HILL 1,27.14,566,65.73333333333333,124,68.2,126,66.8,103,71.86666666666667,107,68.83333333333333,106,52.63333333333333,,
09:55:00,717640,210,E,ML,34.152301,-118.109239,ALLEN,27.63,522,63.43333333333334,55,75.63333333333333,126,67.16666666666667,122,67.10000000000001,103,55.9,116,56.26666666666667,,
09:55:00,717646,210,E,ML,34.151406,-118.091041,SAN GABRIEL,28.68,527,61.2,132,69.8,129,64.39999999999999,92,56.46666666666667,81,52.3,92,57.03333333333333,,
09:55:00,717650,210,E,ML,34.147621,-118.079037,SIERRA MADRE V2,29.44,473,47.0,128,52.16666666666666,109,49.23333333333333,96,42.46666666666667,78,39.53333333333333,61,48.26666666666667,,
09:55:00,761093,210,E,HV,34.151691,-118.142523,MARENGO,25.72,110,62.29999999999999,110,62.29999999999999,,,,,,,,,,
09:55:00,761098,210,E,HV,34.151658,-118.12944,LAKE 2,26.47,110,62.29999999999999,110,62.29999999999999,,,,,,,,,,
09:55:00,761102,210,E,HV,34.152187,-118.117782,HILL 1,27.14,56,64.76666666666667,56,64.76666666666667,,,,,,,,,,
09:55:00,761105,210,E,HV,34.152301,-118.109239,ALLEN,27.63,132,59.03333333333333,132,59.03333333333333,,,,,,,,,,
09:55:00,761109,210,E,HV,34.151406,-118.091041,SAN GABRIEL,28.68,59,63.1,59,63.1,,,,,,,,,,
09:55:00,761112,210,E,HV,34.147621,-118.079037,SIERRA MADRE V2,29.44,70,57.06666666666666,70,57.06666666666666,,,,,,,,,,
09:55:00,763614,210,E,HV,34.15099,-118.152369,FAIR OAKS 1,25.12,110,62.29999999999999,110,62.29999999999999,,,,,,,,,,
09:55:00,769788,210,E,ML,34.189219,-118.180753,BERKSHIRE,21.58,317,61.1,85,65.96666666666667,87,62.8,75,58.36666666666667,71,55.96666666666667,,,,
09:55:00,769806,210,E,ML,34.196934,-118.185042,FOOTHILL,20.98,321,65.16666666666667,74,66.53333333333333,106,65.96666666666667,90,72.13333333333333,50,49.93333333333334,,,,
09:55:00,769819,210,E,ML,34.205892,-118.198234,ANGELES CREST HWY NB,19.98,109,62.29999999999999,23,67.5,33,64.1,29,60.9,24,56.70000000000001,,,,
09:55:00,769831,210,E,ML,34.206745,-118.201533,ANGELES CREST HWY SB,19.78,273,52.86666666666667,71,57.3,75,54.3,66,50.3,61,48.53333333333333,,,,
09:55:00,769847,210,E,ML,34.211728,-118.228265,OCEAN VIEW,18.18,305,63.333333333333336,108,71.5,91,67.39999999999999,68,45.8,39,61.6,,,,
09:55:00,769866,210,E,ML,34.218398,-118.239738,LA CRESCENTA,17.38,544,46.23333333333333,138,55.43333333333334,131,51.333333333333336,119,40.56666666666667,156,38.1,,,,
09:55:00,769880,210,E,ML,34.221426,-118.245718,PENNSYLVANIA,16.98,512,42.06666666666667,99,45.8,144,43.86666666666667,131,43.5,138,38.13333333333333,,,,
09:55:00,769895,210,E,ML,34.230849,-118.265101,LOWELL / HONOLULU,15.68,422,53.833333333333336,122,54.866666666666674,120,54.4,100,53.93333333333334,80,51.9,,,,
09:55:00,769984,210,E,ML,34.202989,-118.191827,GOULD,20.4,319,61.06666666666666,85,65.89999999999999,87,62.7,76,58.5,71,56.03333333333333,,,,
09:55:00,770116,210,E,ML,34.234317,-118.286992,LA TUNA CANYON,14.39,259,61.66666666666666,82,66.0,80,63.56666666666666,59,56.833333333333336,38,57.5,,,,
09:55:00,770385,210,E,ML,34.206925,-118.21372,EB/NB 2 TO EB 210 CN,19.08,337,60.96666666666667,111,71.2,102,67.83333333333333,73,45.03333333333333,52,47.76666666666667,,,,
09:55:00,770578,210,E,ML,34.156489,-118.158295,WINONA WAY,24.442,135,58.06666666666666,88,62.86666666666667,46,48.2,,,,,,,,
10:00:00,717617,210,E,ML,34.179921,-118.167405,ARROYO,22.6,212,52.43333333333334,54,56.633333333333326,59,53.63333333333333,52,50.56666666666666,47,48.36666666666667,,,,
10:00:00,717620,210,E,ML,34.174756,-118.160407,LINCOLN 1,23.14,223,58.36666666666667,51,69.10000000000001,74,64.13333333333334,53,50.4,45,46.0,,,,
10:00:00,717625,210,E,ML,34.160546,-118.158748,MOUNTAIN 2,24.16,222,50.70000000000001,63,56.9,53,58.63333333333333,41,53.0,65,36.7,,,,
10:00:00,717628,210,E,ML,34.152216,-118.156144,WALNUT,24.81,54,51.73333333333333,54,51.73333333333333,,,,,,,,,,
10:00:00,717631,210,E,ML,34.15099,-118.152369,FAIR OAKS 1,25.12,109,62.4,23,67.6,33,64.2,29,61.0,24,56.79999999999999,,,,
10:00:00,717633,210,E,ML,34.151691,-118.142523,MARENGO,25.72,576,60.5,98,65.6,114,63.4,99,61.70000000000001,101,59.29999999999999,92,55.29999999999999,72,55.29999999999999
10:00:00,717635,210,E,ML,34.151658,-118.12944,LAKE 2,26.47,556,64.93333333333334,106,70.36666666666666,111,67.93333333333334,107,65.33333333333333,97,63.3,135,59.1,,
10:00:00,717638,210,E,ML,34.152187,-118.117782,HILL 1,27.14,563,65.26666666666667,122,68.26666666666667,126,66.46666666666667,115,71.8,96,69.0,103,49.8,,
10:00:00,717640,210,E,ML,34.152301,-118.109239,ALLEN,27.63,541,63.93333333333334,66,75.3,125,66.7,120,65.89999999999999,118,59.3,112,56.96666666666667,,
10:00:00,717646,210,E,ML,34.151406,-118.091041,SAN GABRIEL,28.68,526,63.1,125,70.39999999999999,127,65.89999999999999,99,60.0,82,57.46666666666667,93,58.03333333333334,,
10:00:00,717650,210,E,ML,34.147621,-118.079037,SIERRA MADRE V2,29.44,451,48.03333333333333,115,52.93333333333334,107,50.16666666666666,98,44.2,74,40.833333333333336,58,49.96666666666667,,
10:00:00,761093,210,E,HV,34.151691,-118.142523,MARENGO,25.72,108,62.4,108,62.4,,,,,,,,,,
10:00:00,761098,210,E,HV,34.151658,-118.12944,LAKE 2,26.47,108,62.4,108,62.4,,,,,,,,,,
10:00:00,761102,210,E,HV,34.152187,-118.117782,HILL 1,27.14,65,65.10000000000001,65,65.10000000000001,,,,,,,,,,
10:00:00,761105,210,E,HV,34.152301,-118.109239,ALLEN,27.63,130,58.63333333333333,130,58.63333333333333,,,,,,,,,,
10:00:00,761109,210,E,HV,34.151406,-118.091041,SAN GABRIEL,28.68,57,63.5,57,63.5,,,,,,,,,,
10:00:00,761112,210,E,HV,34.147621,-118.079037,SIERRA MADRE V2,29.44,67,57.43333333333334,67,57.43333333333334,,,,,,,,,,
10:00:00,763614,210,E,HV,34.15099,-118.152369,FAIR OAKS 1,25.12,108,62.4,108,62.4,,,,,,,,,,
10:00:00,769788,210,E,ML,34.189219,-118.180753,BERKSHIRE,21.58,317,59.76666666666667,84,64.56666666666666,87,61.4,75,57.13333333333333,71,54.833333333333336,,,,
10:00:00,769806,210,E,ML,34.196934,-118.185042,FOOTHILL,20.98,317,61.23333333333333,73,61.6,107,64.2,86,67.33333333333333,51,44.3,,,,
10:00:00,769819,210,E,ML,34.205892,-118.198234,ANGELES CREST HWY NB,19.98,109,62.4,23,67.6,33,64.2,29,61.0,24,56.79999999999999,,,,
10:00:00,769831,210,E,ML,34.206745,-118.201533,ANGELES CREST HWY SB,19.78,296,53.9,79,58.53333333333333,81,55.43333333333334,71,51.13333333333333,65,49.36666666666667,,,,
10:00:00,769847,210,E,ML,34.211728,-118.228265,OCEAN VIEW,18.18,292,63.333333333333336,99,71.5,87,67.73333333333333,66,47.93333333333334,40,58.66666666666666,,,,
10:00:00,769866,210,E,ML,34.218398,-118.239738,LA CRESCENTA,17.38,526,48.06666666666666,133,57.3,122,54.1,121,43.03333333333333,151,39.1,,,,
10:00:00,769880,210,E,ML,34.221426,-118.245718,PENNSYLVANIA,16.98,470,44.26666666666667,88,47.53333333333333,127,46.13333333333333,130,43.9,125,41.2,,,,
10:00:00,769895,210,E,ML,34.230849,-118.265101,LOWELL / HONOLULU,15.68,404,54.5,114,56.76666666666667,115,55.16666666666666,96,54.333333333333336,79,50.43333333333334,,,,
10:00:00,769984,210,E,ML,34.202989,-118.191827,GOULD,20.4,319,59.76666666666667,85,64.5,87,61.4,76,57.3,71,54.96666666666667,,,,
10:00:00,770116,210,E,ML,34.234317,-118.286992,LA TUNA CANYON,14.39,246,62.46666666666666,77,67.2,76,64.5,56,57.16666666666666,36,57.76666666666667,,,,
10:00:00,770385,210,E,ML,34.206925,-118.21372,EB/NB 2 TO EB 210 CN,19.08,331,61.03333333333333,103,71.76666666666667,88,67.73333333333333,75,48.2,64,49.4,,,,
10:00:00,770578,210,E,ML,34.156489,-118.158295,WINONA WAY,24.442,137,58.3,89,63.9,48,48.23333333333333,,,,,,,,
10:05:00,717617,210,E,ML,34.179921,-118.167405,ARROYO,22.6,211,49.333333333333336,54,53.56666666666666,59,50.6,51,47.23333333333333,47,45.43333333333334,,,,
10:05:00,717620,210,E,ML,34.174756,-118.160407,LINCOLN 1,23.14,239,55.23333333333333,69,66.13333333333334,70,60.66666666666666,53,45.833333333333336,46,41.96666666666666,,,,
10:05:00,717625,210,E,ML,34.160546,-118.158748,MOUNTAIN 2,24.16,231,51.73333333333333,62,56.3,52,61.0,31,56.66666666666666,86,39.766666666666666,,,,
10:05:00,717628,210,E,ML,34.152216,-118.156144,WALNUT,24.81,44,56.13333333333333,44,56.13333333333333,,,,,,,,,,
10:05:00,717631,210,E,ML,34.15099,-118.152369,FAIR OAKS 1,25.12,109,62.5,23,67.8,33,64.3,29,61.0,24,56.9,,,,
10:05:00,717633,210,E,ML,34.151691,-118.142523,MARENGO,25.72,572,60.6,97,65.7,113,63.5,98,61.79999999999999,101,59.4,92,55.4,71,55.4
10:05:00,717635,210,E,ML,34.151658,-118.12944,LAKE 2,26.47,569,65.10000000000001,108,70.46666666666665,113,68.16666666666667,110,65.5,99,63.5,138,59.26666666666667,,
10:05:00,717638,210,E,ML,34.152187,-118.117782,HILL 1,27.14,562,64.60000000000001,128,68.03333333333335,121,67.03333333333333,107,71.63333333333333,98,68.96666666666665,108,46.9,,
10:05:00,717640,210,E,ML,34.152301,-118.109239,ALLEN,27.63,512,63.20000000000001,53,75.5,129,66.06666666666666,121,65.3,102,56.1,108,57.9,,
10:05:00,717646,210,E,ML,34.151406,-118.091041,SAN GABRIEL,28.68,536,63.20000000000001,138,69.89999999999999,135,65.39999999999999,87,58.63333333333333,84,61.26666666666667,92,55.833333333333336,,
10:05:00,717650,210,E,ML,34.147621,-118.079037,SIERRA MADRE V2,29.44,464,48.06666666666666,122,52.0,110,49.93333333333334,94,44.9,78,40.7,60,50.66666666666666,,
10:05:00,761093,210,E,HV,34.151691,-118.142523,MARENGO,25.72,108,62.5,108,62.5,,,,,,,,,,
10:05:00,761098,210,E,HV,34.151658,-118.12944,LAKE 2,26.47,108,62.5,108,62.5,,,,,,,,,,
10:05:00,761102,210,E,HV,34.152187,-118.117782,HILL 1,27.14,55,65.10000000000001,55,65.10000000000001,,,,,,,,,,
10:05:00,761105,210,E,HV,34.152301,-118.109239,ALLEN,27.63,119,58.0,119,58.0,,,,,,,,,,
10:05:00,761109,210,E,HV,34.151406,-118.091041,SAN GABRIEL,28.68,54,63.8,54,63.8,,,,,,,,,,
10:05:00,761112,210,E,HV,34.147621,-118.079037,SIERRA MADRE V2,29.44,63,57.46666666666667,63,57.46666666666667,,,,,,,,,,
10:05:00,763614,210,E,HV,34.15099,-118.152369,FAIR OAKS 1,25.12,108,62.5,108,62.5,,,,,,,,,,
10:05:00,769788,210,E,ML,34.189219,-118.180753,BERKSHIRE,21.58,308,59.1,81,63.86666666666667,84,60.73333333333333,74,56.46666666666667,69,54.23333333333333,,,,
10:05:00,769806,210,E,ML,34.196934,-118.185042,FOOTHILL,20.98,301,60.8,72,60.63333333333333,93,64.93333333333334,87,64.76666666666667,49,44.76666666666667,,,,
10:05:00,769819,210,E,ML,34.205892,-118.198234,ANGELES CREST HWY NB,19.98,109,62.5,23,67.8,33,64.3,29,61.0,24,56.9,,,,
10:05:00,769831,210,E,ML,34.206745,-118.201533,ANGELES CREST HWY SB,19.78,285,50.3,75,54.46666666666667,78,51.56666666666666,68,47.76666666666667,63,46.333333333333336,,,,
10:05:00,769847,210,E,ML,34.211728,-118.228265,OCEAN VIEW,18.18,281,63.0,100,72.3,85,68.73333333333333,63,46.96666666666667,34,50.73333333333333,,,,
10:05:00,769866,210,E,ML,34.218398,-118.239738,LA CRESCENTA,17.38,538,52.73333333333333,119,61.53333333333333,132,58.6,125,47.16666666666666,163,45.76666666666667,,,,
10:05:00,769880,210,E,ML,34.221426,-118.245718,PENNSYLVANIA,16.98,467,47.73333333333333,88,51.53333333333334,125,49.66666666666666,130,46.43333333333334,123,44.73333333333333,,,,
10:05:00,769895,210,E,ML,34.230849,-118.265101,LOWELL / HONOLULU,15.68,418,55.96666666666667,122,57.9,116,55.96666666666667,97,55.5,83,54.13333333333333,,,,
10:05:00,769984,210,E,ML,34.202989,-118.191827,GOULD,20.4,309,59.1,82,63.76666666666667,84,60.63333333333333,74,56.6,69,54.36666666666667,,,,
10:05:00,770116,210,E,ML,34.234317,-118.286992,LA TUNA CANYON,14.39,246,62.76666666666667,77,67.66666666666667,76,64.83333333333333,56,57.3,36,57.86666666666667,,,,
10:05:00,770385,210,E,ML,34.206925,-118.21372,EB/NB 2 TO EB 210 CN,19.08,322,59.43333333333334,99,72.3,92,66.93333333333334,70,45.23333333333333,62,43.9,,,,
10:05:00,770578,210,E,ML,34.156489,-118.158295,WINONA WAY,24.442,116,61.7,79,65.23333333333333,37,53.76666666666667,,,,,,,,
10:10:00,717617,210,E,ML,34.179921,-118.167405,ARROYO,22.6,218,48.16666666666666,56,52.53333333333333,61,49.53333333333334,53,45.76666666666667,47,44.23333333333333,,,,
10:10:00,717620,210,E,ML,34.174756,-118.160407,LINCOLN 1,23.14,236,52.36666666666667,66,62.866666666666674,69,57.3,51,42.93333333333334,49,41.03333333333333,,,,
10:10:00,717625,210,E,ML,34.160546,-118.158748,MOUNTAIN 2,24.16,262,53.0,66,55.66666666666666,61,62.06666666666666,43,57.333333333333336,92,41.53333333333333,,,,
10:10:00,717628,210,E,ML,34.152216,-118.156144,WALNUT,24.81,56,57.73333333333333,56,57.73333333333333,,,,,,,,,,
10:10:00,717631,210,E,ML,34.15099,-118.152369,FAIR OAKS 1,25.12,105,62.6,22,67.9,32,64.4,28,61.1,23,57.0,,,,
10:10:00,717633,210,E,ML,34.151691,-118.142523,MARENGO,25.72,574,60.4,97,65.6,113,63.4,99,61.70000000000001,101,59.29999999999999,92,55.29999999999999,72,55.29999999999999
10:10:00,717635,210,E,ML,34.151658,-118.12944,LAKE 2,26.47,543,65.06666666666666,104,70.43333333333334,108,68.13333333333334,105,65.43333333333334,95,63.4,131,59.2,,
10:10:00,717638,210,E,ML,34.152187,-118.117782,HILL 1,27.14,551,65.46666666666667,121,68.56666666666666,119,67.03333333333333,105,71.26666666666667,98,69.06666666666666,108,51.26666666666667,,
10:10:00,717640,210,E,ML,34.152301,-118.109239,ALLEN,27.63,511,62.7,50,76.23333333333333,122,66.56666666666666,119,65.23333333333333,102,57.6,117,54.7,,
10:10:00,717646,210,E,ML,34.151406,-118.091041,SAN GABRIEL,28.68,534,62.7,130,70.89999999999999,131,65.16666666666667,95,58.16666666666666,86,57.66666666666666,92,56.833333333333336,,
10:10:00,717650,210,E,ML,34.147621,-118.079037,SIERRA MADRE V2,29.44,465,47.46666666666667,120,51.36666666666667,105,49.4,98,44.7,77,40.3,65,49.56666666666666,,
10:10:00,761093,210,E,HV,34.151691,-118.142523,MARENGO,25.72,106,62.6,106,62.6,,,,,,,,,,
10:10:00,761098,210,E,HV,34.151658,-118.12944,LAKE 2,26.47,106,62.6,106,62.6,,,,,,,,,,
10:10:00,761102,210,E,HV,34.152187,-118.117782,HILL 1,27.14,52,64.83333333333333,52,64.83333333333333,,,,,,,,,,
10:10:00,761105,210,E,HV,34.152301,-118.109239,ALLEN,27.63,120,58.0,120,58.0,,,,,,,,,,
10:10:00,761109,210,E,HV,34.151406,-118.091041,SAN GABRIEL,28.68,50,64.63333333333334,50,64.63333333333334,,,,,,,,,,
10:10:00,761112,210,E,HV,34.147621,-118.079037,SIERRA MADRE V2,29.44,59,58.86666666666667,59,58.86666666666667,,,,,,,,,,
10:10:00,763614,210,E,HV,34.15099,-118.152369,FAIR OAKS 1,25.12,106,62.6,106,62.6,,,,,,,,,,
10:10:00,769788,210,E,ML,34.189219,-118.180753,BERKSHIRE,21.58,291,58.833333333333336,77,63.56666666666666,80,60.43333333333334,70,56.2,64,53.96666666666667,,,,
10:10:00,769806,210,E,ML,34.196934,-118.185042,FOOTHILL,20.98,314,59.9,69,59.1,115,65.86666666666666,77,62.5,54,43.86666666666667,,,,
10:10:00,769819,210,E,ML,34.205892,-118.198234,ANGELES CREST HWY NB,19.98,105,62.6,22,67.9,32,64.4,28,61.1,23,57.0,,,,
10:10:00,769831,210,E,ML,34.206745,-118.201533,ANGELES CREST HWY SB,19.78,303,54.96666666666667,81,59.46666666666667,83,56.43333333333334,72,52.26666666666667,67,50.4,,,,
10:10:00,769847,210,E,ML,34.211728,-118.228265,OCEAN VIEW,18.18,292,63.833333333333336,101,72.10000000000001,95,68.60000000000001,60,48.86666666666667,35,52.43333333333334,,,,
10:10:00,769866,210,E,ML,34.218398,-118.239738,LA CRESCENTA,17.38,517,54.96666666666667,116,61.6,127,59.66666666666666,119,51.3,155,48.96666666666667,,,,
10:10:00,769880,210,E,ML,34.221426,-118.245718,PENNSYLVANIA,16.98,457,48.06666666666666,86,52.4,123,49.53333333333334,127,46.16666666666666,121,45.63333333333333,,,,
10:10:00,769895,210,E,ML,34.230849,-118.265101,LOWELL / HONOLULU,15.68,401,55.06666666666666,117,57.4,116,55.66666666666666,93,53.833333333333336,76,52.36666666666667,,,,
10:10:00,769984,210,E,ML,34.202989,-118.191827,GOULD,20.4,293,58.833333333333336,78,63.5,80,60.3,70,56.36666666666667,65,54.1,,,,
10:10:00,770116,210,E,ML,34.234317,-118.286992,LA TUNA CANYON,14.39,241,62.66666666666666,76,68.26666666666667,75,65.16666666666667,55,55.8,36,57.5,,,,
10:10:00,770385,210,E,ML,34.206925,-118.21372,EB/NB 2 TO EB 210 CN,19.08,336,60.76666666666667,92,72.3,98,66.43333333333334,74,52.1,71,47.06666666666666,,,,
10:10:00,770578,210,E,ML,34.156489,-118.158295,WINONA WAY,24.442,132,61.9,81,65.60000000000001,51,55.7,,,,,,,,
10:15:00,717617,210,E,ML,34.179921,-118.167405,ARROYO,22.6,204,47.1,51,51.36666666666667,57,48.43333333333334,50,44.833333333333336,46,43.46666666666667,,,,
10:15:00,717620,210,E,ML,34.174756,-118.160407,LINCOLN 1,23.14,232,52.46666666666667,73,62.1,70,56.833333333333336,52,42.3,38,38.86666666666667,,,,
10:15:00,717625,210,E,ML,34.160546,-118.158748,MOUNTAIN 2,24.16,234,54.43333333333334,60,55.5,54,62.900000000000006,40,58.16666666666666,81,43.73333333333333,,,,
10:15:00,717628,210,E,ML,34.152216,-118.156144,WALNUT,24.81,50,58.73333333333333,50,58.73333333333333,,,,,,,,,,
10:15:00,717631,210,E,ML,34.15099,-118.152369,FAIR OAKS 1,25.12,105,62.70000000000001,22,68.0,32,64.5,28,61.20000000000001,23,57.1,,,,
10:15:00,717633,210,E,ML,34.151691,-118.142523,MARENGO,25.72,576,60.5,98,65.6,114,63.4,99,61.70000000000001,101,59.29999999999999,92,55.29999999999999,72,55.29999999999999
10:15:00,717635,210,E,ML,34.151658,-118.12944,LAKE 2,26.47,560,64.5,107,69.89999999999999,111,67.39999999999999,108,64.93333333333334,98,62.833333333333336,136,58.76666666666667,,
10:15:00,717638,210,E,ML,34.152187,-118.117782,HILL 1,27.14,574,65.13333333333334,136,68.39999999999999,120,65.43333333333332,110,71.46666666666667,107,68.96666666666667,101,49.13333333333333,,
10:15:00,717640,210,E,ML,34.152301,-118.109239,ALLEN,27.63,543,62.5,57,75.86666666666666,137,66.73333333333333,125,63.866666666666674,105,55.4,118,55.93333333333334,,
10:15:00,717646,210,E,ML,34.151406,-118.091041,SAN GABRIEL,28.68,523,61.73333333333333,131,70.89999999999999,132,64.03333333333333,93,55.06666666666666,87,58.26666666666667,80,54.96666666666667,,
10:15:00,717650,210,E,ML,34.147621,-118.079037,SIERRA MADRE V2,29.44,465,45.9,123,50.6,105,48.5,99,42.0,79,38.53333333333333,60,47.26666666666667,,
10:15:00,761093,210,E,HV,34.151691,-118.142523,MARENGO,25.72,106,62.70000000000001,106,62.70000000000001,,,,,,,,,,
10:15:00,761098,210,E,HV,34.151658,-118.12944,LAKE 2,26.47,106,62.70000000000001,106,62.70000000000001,,,,,,,,,,
10:15:00,761102,210,E,HV,34.152187,-118.117782,HILL 1,27.14,56,64.66666666666667,56,64.66666666666667,,,,,,,,,,
10:15:00,761105,210,E,HV,34.152301,-118.109239,ALLEN,27.63,123,56.8,123,56.8,,,,,,,,,,
10:15:00,761109,210,E,HV,34.151406,-118.091041,SAN GABRIEL,28.68,52,64.5,52,64.5,,,,,,,,,,
10:15:00,761112,210,E,HV,34.147621,-118.079037,SIERRA MADRE V2,29.44,60,59.03333333333333,60,59.03333333333333,,,,,,,,,,
10:15:00,763614,210,E,HV,34.15099,-118.152369,FAIR OAKS 1,25.12,106,62.70000000000001,106,62.70000000000001,,,,,,,,,,
10:15:00,769788,210,E,ML,34.189219,-118.180753,BERKSHIRE,21.58,323,58.96666666666667,86,63.7,88,60.56666666666666,77,56.3,72,54.06666666666666,,,,
10:15:00,769806,210,E,ML,34.196934,-118.185042,FOOTHILL,20.98,316,61.4,71,59.9,111,67.56666666666666,88,63.900000000000006,46,44.13333333333333,,,,
10:15:00,769819,210,E,ML,34.205892,-118.198234,ANGELES CREST HWY NB,19.98,105,62.70000000000001,22,68.0,32,64.5,28,61.20000000000001,23,57.1,,,,
10:15:00,769831,210,E,ML,34.206745,-118.201533,ANGELES CREST HWY SB,19.78,281,59.16666666666666,74,63.96666666666667,77,60.86666666666667,67,56.46666666666667,62,54.2,,,,
10:15:00,769847,210,E,ML,34.211728,-118.228265,OCEAN VIEW,18.18,269,65.26666666666667,93,71.96666666666667,85,69.8,59,52.9,32,55.96666666666667,,,,
10:15:00,769866,210,E,ML,34.218398,-118.239738,LA CRESCENTA,17.38,498,57.1,111,63.1,115,61.23333333333333,121,55.06666666666666,152,51.13333333333333,,,,
10:15:00,769880,210,E,ML,34.221426,-118.245718,PENNSYLVANIA,16.98,440,48.76666666666667,73,51.26666666666667,121,50.53333333333333,124,47.53333333333333,122,47.23333333333333,,,,
10:15:00,769895,210,E,ML,34.230849,-118.265101,LOWELL / HONOLULU,15.68,404,55.0,121,57.833333333333336,115,55.9,92,53.0,76,51.53333333333334,,,,
10:15:00,769984,210,E,ML,34.202989,-118.191827,GOULD,20.4,323,58.93333333333334,86,63.6,88,60.43333333333334,77,56.43333333333334,72,54.23333333333333,,,,
10:15:00,770116,210,E,ML,34.234317,-118.286992,LA TUNA CANYON,14.39,249,62.73333333333333,79,68.03333333333333,77,65.16666666666667,57,56.2,37,57.6,,,,
10:15:00,770385,210,E,ML,34.206925,-118.21372,EB/NB 2 TO EB 210 CN,19.08,316,62.23333333333333,99,72.10000000000001,90,66.73333333333333,68,57.63333333333333,59,45.7,,,,
10:15:00,770578,210,E,ML,34.156489,-118.158295,WINONA WAY,24.442,118,63.03333333333333,74,66.66666666666667,44,56.93333333333334,,,,,,,,
10:20:00,717617,210,E,ML,34.179921,-118.167405,ARROYO,22.6,200,47.23333333333333,50,51.46666666666667,56,48.5,49,44.96666666666667,45,43.46666666666667,,,,
10:20:00,717620,210,E,ML,34.174756,-118.160407,LINCOLN 1,23.14,227,51.6,70,61.43333333333334,70,56.13333333333333,50,42.6,37,36.266666666666666,,,,
10:20:00,717625,210,E,ML,34.160546,-118.158748,MOUNTAIN 2,24.16,248,54.63333333333333,58,55.66666666666666,61,62.43333333333334,41,58.20000000000001,88,45.0,,,,
10:20:00,717628,210,E,ML,34.152216,-118.156144,WALNUT,24.81,43,59.9,43,59.9,,,,,,,,,,
10:20:00,717631,210,E,ML,34.15099,-118.152369,FAIR OAKS 1,25.12,106,62.70000000000001,22,68.0,32,64.5,29,61.20000000000001,23,57.1,,,,
10:20:00,717633,210,E,ML,34.151691,-118.142523,MARENGO,25.72,582,60.4,99,65.5,115,63.29999999999999,100,61.6,102,59.20000000000001,93,55.20000000000001,73,55.20000000000001
10:20:00,717635,210,E,ML,34.151658,-118.12944,LAKE 2,26.47,581,64.66666666666667,111,70.03333333333333,116,67.60000000000001,112,65.10000000000001,102,62.96666666666667,141,58.86666666666667,,
10:20:00,717638,210,E,ML,34.152187,-118.117782,HILL 1,27.14,589,64.96666666666665,139,68.3,125,64.96666666666667,111,71.43333333333334,102,69.0,111,50.70000000000001,,
10:20:00,717640,210,E,ML,34.152301,-118.109239,ALLEN,27.63,531,62.43333333333334,58,75.83333333333333,136,66.33333333333333,127,63.46666666666667,104,55.1,106,56.2,,
10:20:00,717646,210,E,ML,34.151406,-118.091041,SAN GABRIEL,28.68,561,61.63333333333333,142,70.36666666666666,134,63.26666666666667,95,55.8,91,56.6,99,56.9,,
10:20:00,717650,210,E,ML,34.147621,-118.079037,SIERRA MADRE V2,29.44,467,46.3,128,51.16666666666666,109,48.6,96,42.3,72,37.9,62,47.333333333333336,,
10:20:00,761093,210,E,HV,34.151691,-118.142523,MARENGO,25.72,107,62.70000000000001,107,62.70000000000001,,,,,,,,,,
10:20:00,761098,210,E,HV,34.151658,-118.12944,LAKE 2,26.47,107,62.70000000000001,107,62.70000000000001,,,,,,,,,,
10:20:00,761102,210,E,HV,34.152187,-118.117782,HILL 1,27.14,55,64.76666666666667,55,64.76666666666667,,,,,,,,,,
10:20:00,761105,210,E,HV,34.152301,-118.109239,ALLEN,27.63,126,58.36666666666667,126,58.36666666666667,,,,,,,,,,
10:20:00,761109,210,E,HV,34.151406,-118.091041,SAN GABRIEL,28.68,59,64.7,59,64.7,,,,,,,,,,
10:20:00,761112,210,E,HV,34.147621,-118.079037,SIERRA MADRE V2,29.44,63,59.0,63,59.0,,,,,,,,,,
10:20:00,763614,210,E,HV,34.15099,-118.152369,FAIR OAKS 1,25.12,107,62.70000000000001,107,62.70000000000001,,,,,,,,,,
10:20:00,769788,210,E,ML,34.189219,-118.180753,BERKSHIRE,21.58,285,61.8,75,66.83333333333333,78,63.6,68,59.1,64,56.63333333333333,,,,
10:20:00,769806,210,E,ML,34.196934,-118.185042,FOOTHILL,20.98,274,62.833333333333336,65,61.6,88,68.36666666666667,78,68.2,44,43.333333333333336,,,,
10:20:00,769819,210,E,ML,34.205892,-118.198234,ANGELES CREST HWY NB,19.98,106,62.70000000000001,22,68.0,32,64.5,29,61.20000000000001,23,57.1,,,,
10:20:00,769831,210,E,ML,34.206745,-118.201533,ANGELES CREST HWY SB,19.78,261,58.86666666666667,69,63.6,72,60.5,62,56.23333333333333,58,54.03333333333333,,,,
10:20:00,769847,210,E,ML,34.211728,-118.228265,OCEAN VIEW,18.18,235,65.03333333333335,81,72.63333333333333,73,70.53333333333333,51,50.8,29,54.29999999999999,,,,
10:20:00,769866,210,E,ML,34.218398,-118.239738,LA CRESCENTA,17.38,482,56.43333333333334,108,63.43333333333334,99,61.53333333333333,121,53.4,154,50.66666666666666,,,,
10:20:00,769880,210,E,ML,34.221426,-118.245718,PENNSYLVANIA,16.98,412,48.86666666666667,79,51.26666666666667,105,51.03333333333333,120,46.7,108,47.73333333333333,,,,
10:20:00,769895,210,E,ML,34.230849,-118.265101,LOWELL / HONOLULU,15.68,383,55.46666666666667,110,58.26666666666667,109,56.9,91,54.06666666666666,73,50.5,,,,
10:20:00,769984,210,E,ML,34.202989,-118.191827,GOULD,20.4,286,61.76666666666667,75,66.76666666666667,78,63.5,68,59.16666666666666,64,56.66666666666666,,,,
10:20:00,770116,210,E,ML,34.234317,-118.286992,LA TUNA CANYON,14.39,214,63.46666666666667,66,69.10000000000001,67,65.86666666666666,49,57.0,32,57.9,,,,
10:20:00,770385,210,E,ML,34.206925,-118.21372,EB/NB 2 TO EB 210 CN,19.08,300,63.333333333333336,91,72.36666666666667,88,67.83333333333333,65,56.73333333333333,56,47.63333333333333,,,,
10:20:00,770578,210,E,ML,34.156489,-118.158295,WINONA WAY,24.442,116,64.10000000000001,81,66.56666666666666,35,58.43333333333334,,,,,,,,
10:25:00,717617,210,E,ML,34.179921,-118.167405,ARROYO,22.6,175,46.23333333333333,44,50.4,50,47.46666666666667,43,43.93333333333334,38,42.63333333333333,,,,
10:25:00,717620,210,E,ML,34.174756,-118.160407,LINCOLN 1,23.14,204,51.3,65,62.16666666666666,62,56.333333333333336,40,41.0,37,34.23333333333333,,,,
10:25:00,717625,210,E,ML,34.160546,-118.158748,MOUNTAIN 2,24.16,220,55.6,54,56.3,49,64.23333333333333,39,58.900000000000006,78,46.833333333333336,,,,
10:25:00,717628,210,E,ML,34.152216,-118.156144,WALNUT,24.81,47,58.43333333333334,47,58.43333333333334,,,,,,,,,,
10:25:00,717631,210,E,ML,34.15099,-118.152369,FAIR OAKS 1,25.12,105,62.70000000000001,22,68.0,32,64.5,28,61.20000000000001,23,57.1,,,,
10:25:00,717633,210,E,ML,34.151691,-118.142523,MARENGO,25.72,578,60.6,98,65.8,114,63.6,99,61.9,102,59.5,93,55.5,72,55.5
10:25:00,717635,210,E,ML,34.151658,-118.12944,LAKE 2,26.47,559,64.43333333333334,107,69.8,111,67.3,108,64.83333333333333,98,62.73333333333333,135,58.7,,
10:25:00,717638,210,E,ML,34.152187,-118.117782,HILL 1,27.14,572,65.0,130,69.26666666666667,123,65.0,108,71.60000000000001,103,68.93333333333334,108,49.16666666666666,,
10:25:00,717640,210,E,ML,34.152301,-118.109239,ALLEN,27.63,530,62.43333333333334,53,76.3,135,66.8,124,63.63333333333333,100,53.4,117,57.36666666666667,,
10:25:00,717646,210,E,ML,34.151406,-118.091041,SAN GABRIEL,28.68,533,60.63333333333333,131,69.89999999999999,130,61.96666666666667,90,50.833333333333336,81,57.16666666666666,101,58.4,,
10:25:00,717650,210,E,ML,34.147621,-118.079037,SIERRA MADRE V2,29.44,475,46.63333333333333,125,51.1,109,48.93333333333334,96,43.53333333333333,77,38.43333333333333,67,47.93333333333334,,
10:25:00,761093,210,E,HV,34.151691,-118.142523,MARENGO,25.72,106,62.70000000000001,106,62.70000000000001,,,,,,,,,,
10:25:00,761098,210,E,HV,34.151658,-118.12944,LAKE 2,26.47,106,62.70000000000001,106,62.70000000000001,,,,,,,,,,
10:25:00,761102,210,E,HV,34.152187,-118.117782,HILL 1,27.14,55,64.76666666666667,55,64.76666666666667,,,,,,,,,,
10:25:00,761105,210,E,HV,34.152301,-118.109239,ALLEN,27.63,125,59.03333333333333,125,59.03333333333333,,,,,,,,,,
10:25:00,761109,210,E,HV,34.151406,-118.091041,SAN GABRIEL,28.68,59,64.76666666666667,59,64.76666666666667,,,,,,,,,,
10:25:00,761112,210,E,HV,34.147621,-118.079037,SIERRA MADRE V2,29.44,78,57.86666666666667,78,57.86666666666667,,,,,,,,,,
10:25:00,763614,210,E,HV,34.15099,-118.152369,FAIR OAKS 1,25.12,106,62.70000000000001,106,62.70000000000001,,,,,,,,,,
10:25:00,769788,210,E,ML,34.189219,-118.180753,BERKSHIRE,21.58,256,63.06666666666666,66,68.26666666666667,71,64.96666666666667,62,60.3,57,57.73333333333333,,,,
10:25:00,769806,210,E,ML,34.196934,-118.185042,FOOTHILL,20.98,226,62.9,57,62.26666666666667,65,68.8,63,70.96666666666667,42,41.86666666666667,,,,
10:25:00,769819,210,E,ML,34.205892,-118.198234,ANGELES CREST HWY NB,19.98,105,62.70000000000001,22,68.0,32,64.5,28,61.20000000000001,23,57.1,,,,
10:25:00,769831,210,E,ML,34.206745,-118.201533,ANGELES CREST HWY SB,19.78,261,55.16666666666666,68,59.70000000000001,72,56.66666666666666,62,52.7,59,50.8,,,,
10:25:00,769847,210,E,ML,34.211728,-118.228265,OCEAN VIEW,18.18,290,63.46666666666667,104,72.33333333333333,85,69.83333333333333,65,46.66666666666666,35,51.73333333333333,,,,
10:25:00,769866,210,E,ML,34.218398,-118.239738,LA CRESCENTA,17.38,548,53.833333333333336,141,61.7,132,59.4,118,46.96666666666667,157,47.03333333333333,,,,
10:25:00,769880,210,E,ML,34.221426,-118.245718,PENNSYLVANIA,16.98,479,45.93333333333334,83,44.03333333333333,134,49.0,125,43.06666666666666,138,46.8,,,,
10:25:00,769895,210,E,ML,34.230849,-118.265101,LOWELL / HONOLULU,15.68,439,53.866666666666674,130,56.73333333333333,129,54.56666666666666,102,51.76666666666667,78,50.833333333333336,,,,
10:25:00,769984,210,E,ML,34.202989,-118.191827,GOULD,20.4,257,63.06666666666666,67,68.16666666666667,71,64.83333333333333,62,60.36666666666667,57,57.73333333333333,,,,
10:25:00,770116,210,E,ML,34.234317,-118.286992,LA TUNA CANYON,14.39,240,63.333333333333336,76,68.46666666666667,75,65.46666666666667,54,57.6,36,58.0,,,,
10:25:00,770385,210,E,ML,34.206925,-118.21372,EB/NB 2 TO EB 210 CN,19.08,271,61.93333333333334,78,72.26666666666667,78,69.33333333333333,56,49.73333333333333,59,46.93333333333334,,,,
10:25:00,770578,210,E,ML,34.156489,-118.158295,WINONA WAY,24.442,111,63.3,71,67.0,40,56.6,,,,,,,,
10:30:00,717617,210,E,ML,34.179921,-118.167405,ARROYO,22.6,231,44.66666666666666,59,48.29999999999999,64,45.46666666666666,57,42.96666666666666,51,41.56666666666667,,,,
10:30:00,717620,210,E,ML,34.174756,-118.160407,LINCOLN 1,23.14,217,50.0,53,64.43333333333334,59,59.5,56,39.8,48,34.46666666666667,,,,
10:30:00,717625,210,E,ML,34.160546,-118.158748,MOUNTAIN 2,24.16,247,56.333333333333336,64,57.36666666666667,66,64.66666666666667,38,59.5,80,45.66666666666666,,,,
10:30:00,717628,210,E,ML,34.152216,-118.156144,WALNUT,24.81,39,58.9,39,58.9,,,,,,,,,,
10:30:00,717631,210,E,ML,34.15099,-118.152369,FAIR OAKS 1,25.12,106,62.79999999999999,22,68.1,32,64.6,29,61.29999999999999,23,57.20000000000001,,,,
10:30:00,717633,210,E,ML,34.151691,-118.142523,MARENGO,25.72,584,60.4,99,65.6,115,63.4,100,61.70000000000001,103,59.29999999999999,94,55.29999999999999,73,55.29999999999999
10:30:00,717635,210,E,ML,34.151658,-118.12944,LAKE 2,26.47,573,64.33333333333333,109,69.76666666666667,114,67.16666666666667,111,64.73333333333333,100,62.63333333333333,139,58.6,,
10:30:00,717638,210,E,ML,34.152187,-118.117782,HILL 1,27.14,571,64.53333333333333,123,68.7,121,64.7,111,71.96666666666665,105,68.89999999999999,111,48.1,,
10:30:00,717640,210,E,ML,34.152301,-118.109239,ALLEN,27.63,523,62.633333333333326,56,76.53333333333335,124,66.39999999999999,119,63.2,109,55.53333333333333,115,57.9,,
10:30:00,717646,210,E,ML,34.151406,-118.091041,SAN GABRIEL,28.68,541,57.56666666666666,130,65.43333333333334,124,57.86666666666667,92,47.96666666666667,90,55.36666666666667,105,57.1,,
10:30:00,717650,210,E,ML,34.147621,-118.079037,SIERRA MADRE V2,29.44,432,45.333333333333336,118,49.8,99,47.43333333333334,82,40.63333333333333,69,38.5,64,46.333333333333336,,
10:30:00,761093,210,E,HV,34.151691,-118.142523,MARENGO,25.72,107,62.79999999999999,107,62.79999999999999,,,,,,,,,,
10:30:00,761098,210,E,HV,34.151658,-118.12944,LAKE 2,26.47,107,62.79999999999999,107,62.79999999999999,,,,,,,,,,
10:30:00,761102,210,E,HV,34.152187,-118.117782,HILL 1,27.14,57,64.8,57,64.8,,,,,,,,,,
10:30:00,761105,210,E,HV,34.152301,-118.109239,ALLEN,27.63,128,59.06666666666666,128,59.06666666666666,,,,,,,,,,
10:30:00,761109,210,E,HV,34.151406,-118.091041,SAN GABRIEL,28.68,57,63.5,57,63.5,,,,,,,,,,
10:30:00,761112,210,E,HV,34.147621,-118.079037,SIERRA MADRE V2,29.44,58,58.03333333333333,58,58.03333333333333,,,,,,,,,,
10:30:00,763614,210,E,HV,34.15099,-118.152369,FAIR OAKS 1,25.12,107,62.79999999999999,107,62.79999999999999,,,,,,,,,,
10:30:00,769788,210,E,ML,34.189219,-118.180753,BERKSHIRE,21.58,288,61.6,76,66.56666666666666,79,63.36666666666667,69,58.86666666666667,64,56.43333333333334,,,,
10:30:00,769806,210,E,ML,34.196934,-118.185042,FOOTHILL,20.98,298,61.2,72,60.16666666666666,91,68.7,81,67.83333333333333,54,40.6,,,,
10:30:00,769819,210,E,ML,34.205892,-118.198234,ANGELES CREST HWY NB,19.98,106,62.79999999999999,22,68.1,32,64.6,29,61.29999999999999,23,57.20000000000001,,,,
10:30:00,769831,210,E,ML,34.206745,-118.201533,ANGELES CREST HWY SB,19.78,296,51.4,78,55.76666666666667,81,52.833333333333336,71,48.76666666666667,66,47.2,,,,
10:30:00,769847,210,E,ML,34.211728,-118.228265,OCEAN VIEW,18.18,270,63.66666666666666,90,72.16666666666667,88,71.26666666666667,59,46.6,34,50.56666666666666,,,,
10:30:00,769866,210,E,ML,34.218398,-118.239738,LA CRESCENTA,17.38,508,54.03333333333333,123,61.4,123,59.333333333333336,118,48.23333333333333,143,47.76666666666667,,,,
10:30:00,769880,210,E,ML,34.221426,-118.245718,PENNSYLVANIA,16.98,453,44.46666666666667,77,41.16666666666666,128,47.63333333333333,122,40.96666666666667,125,46.23333333333333,,,,
10:30:00,769895,210,E,ML,34.230849,-118.265101,LOWELL / HONOLULU,15.68,425,53.23333333333333,129,55.53333333333333,122,54.0,103,52.1,71,49.13333333333333,,,,
10:30:00,769984,210,E,ML,34.202989,-118.191827,GOULD,20.4,290,61.53333333333333,76,66.46666666666667,79,63.23333333333333,70,58.93333333333334,65,56.46666666666667,,,,
10:30:00,770116,210,E,ML,34.234317,-118.286992,LA TUNA CANYON,14.39,215,63.56666666666666,66,68.89999999999999,67,65.83333333333333,49,57.633333333333326,32,58.1,,,,
10:30:00,770385,210,E,ML,34.206925,-118.21372,EB/NB 2 TO EB 210 CN,19.08,307,59.0,81,72.06666666666666,81,68.16666666666667,76,48.3,69,45.03333333333333,,,,
10:30:00,770578,210,E,ML,34.156489,-118.158295,WINONA WAY,24.442,113,64.16666666666667,82,66.7,31,57.16666666666666,,,,,,,,
10:35:00,717617,210,E,ML,34.179921,-118.167405,ARROYO,22.6,217,48.3,56,52.16666666666666,61,49.26666666666667,53,46.56666666666666,48,44.8,,,,
10:35:00,717620,210,E,ML,34.174756,-118.160407,LINCOLN 1,23.14,215,54.36666666666667,49,68.33333333333333,64,63.06666666666667,52,44.79999999999999,49,38.73333333333333,,,,
10:35:00,717625,210,E,ML,34.160546,-118.158748,MOUNTAIN 2,24.16,251,54.06666666666666,66,57.333333333333336,61,64.66666666666667,39,58.76666666666667,85,40.43333333333333,,,,
10:35:00,717628,210,E,ML,34.152216,-118.156144,WALNUT,24.81,47,56.86666666666667,47,56.86666666666667,,,,,,,,,,
10:35:00,717631,210,E,ML,34.15099,-118.152369,FAIR OAKS 1,25.12,105,62.70000000000001,22,68.0,32,64.5,28,61.20000000000001,23,57.1,,,,
10:35:00,717633,210,E,ML,34.151691,-118.142523,MARENGO,25.72,588,60.5,100,65.6,116,63.4,101,61.70000000000001,104,59.29999999999999,94,55.29999999999999,73,55.29999999999999
10:35:00,717635,210,E,ML,34.151658,-118.12944,LAKE 2,26.47,564,64.06666666666666,108,69.5,112,66.86666666666666,109,64.53333333333333,99,62.36666666666667,137,58.4,,
10:35:00,717638,210,E,ML,34.152187,-118.117782,HILL 1,27.14,564,64.13333333333334,127,68.60000000000001,123,63.96666666666666,102,72.2,105,68.89999999999999,106,46.46666666666667,,
10:35:00,717640,210,E,ML,34.152301,-118.109239,ALLEN,27.63,532,61.86666666666667,62,76.36666666666667,132,66.23333333333333,124,62.6,100,53.4,114,55.76666666666667,,
10:35:00,717646,210,E,ML,34.151406,-118.091041,SAN GABRIEL,28.68,529,52.63333333333333,122,59.7,128,53.333333333333336,96,46.16666666666666,83,48.333333333333336,101,51.93333333333334,,
10:35:00,717650,210,E,ML,34.147621,-118.079037,SIERRA MADRE V2,29.44,481,45.13333333333333,125,50.26666666666667,115,47.93333333333334,98,40.9,82,37.63333333333333,62,46.06666666666666,,
10:35:00,761093,210,E,HV,34.151691,-118.142523,MARENGO,25.72,106,62.70000000000001,106,62.70000000000001,,,,,,,,,,
10:35:00,761098,210,E,HV,34.151658,-118.12944,LAKE 2,26.47,106,62.70000000000001,106,62.70000000000001,,,,,,,,,,
10:35:00,761102,210,E,HV,34.152187,-118.117782,HILL 1,27.14,61,64.8,61,64.8,,,,,,,,,,
10:35:00,761105,210,E,HV,34.152301,-118.109239,ALLEN,27.63,119,58.36666666666667,119,58.36666666666667,,,,,,,,,,
10:35:00,761109,210,E,HV,34.151406,-118.091041,SAN GABRIEL,28.68,68,60.8,68,60.8,,,,,,,,,,
10:35:00,761112,210,E,HV,34.147621,-118.079037,SIERRA MADRE V2,29.44,77,57.03333333333333,77,57.03333333333333,,,,,,,,,,
10:35:00,763614,210,E,HV,34.15099,-118.152369,FAIR OAKS 1,25.12,106,62.70000000000001,106,62.70000000000001,,,,,,,,,,
10:35:00,769788,210,E,ML,34.189219,-118.180753,BERKSHIRE,21.58,302,60.66666666666666,80,65.60000000000001,83,62.43333333333333,72,58.0,67,55.6,,,,
10:35:00,769806,210,E,ML,34.196934,-118.185042,FOOTHILL,20.98,300,62.03333333333333,68,60.73333333333333,103,68.10000000000001,82,66.39999999999999,47,43.26666666666667,,,,
10:35:00,769819,210,E,ML,34.205892,-118.198234,ANGELES CREST HWY NB,19.98,105,62.70000000000001,22,68.0,32,64.5,28,61.20000000000001,23,57.1,,,,
10:35:00,769831,210,E,ML,34.206745,-118.201533,ANGELES CREST HWY SB,19.78,245,50.3,64,54.66666666666666,68,51.7,59,47.63333333333333,55,46.16666666666666,,,,
10:35:00,769847,210,E,ML,34.211728,-118.228265,OCEAN VIEW,18.18,255,63.2,91,71.2,82,69.73333333333333,56,47.3,26,48.0,,,,
10:35:00,769866,210,E,ML,34.218398,-118.239738,LA CRESCENTA,17.38,506,55.03333333333333,112,62.26666666666667,120,58.20000000000001,123,52.06666666666666,151,49.36666666666667,,,,
10:35:00,769880,210,E,ML,34.221426,-118.245718,PENNSYLVANIA,16.98,426,45.63333333333333,78,42.333333333333336,119,49.43333333333334,123,42.13333333333333,106,48.2,,,,
10:35:00,769895,210,E,ML,34.230849,-118.265101,LOWELL / HONOLULU,15.68,401,54.56666666666667,120,57.23333333333333,112,55.63333333333333,96,53.833333333333336,74,49.26666666666667,,,,
10:35:00,769984,210,E,ML,34.202989,-118.191827,GOULD,20.4,303,60.66666666666666,81,65.5,83,62.26666666666667,72,58.06666666666666,67,55.73333333333333,,,,
10:35:00,770116,210,E,ML,34.234317,-118.286992,LA TUNA CANYON,14.39,211,62.96666666666667,65,68.23333333333333,66,65.3,48,56.86666666666667,32,57.86666666666667,,,,
10:35:00,770385,210,E,ML,34.206925,-118.21372,EB/NB 2 TO EB 210 CN,19.08,240,57.96666666666667,67,71.3,62,65.13333333333334,59,46.6,52,44.66666666666666,,,,
10:35:00,770578,210,E,ML,34.156489,-118.158295,WINONA WAY,24.442,109,61.833333333333336,68,66.03333333333335,41,54.633333333333326,,,,,,,,
10:40:00,717617,210,E,ML,34.179921,-118.167405,ARROYO,22.6,242,51.23333333333333,62,55.36666666666667,67,52.36666666666667,59,49.3,53,47.26666666666667,,,,
10:40:00,717620,210,E,ML,34.174756,-118.160407,LINCOLN 1,23.14,234,56.53333333333333,52,70.13333333333334,64,65.10000000000001,65,48.53333333333333,53,42.43333333333333,,,,
10:40:00,717625,210,E,ML,34.160546,-118.158748,MOUNTAIN 2,24.16,246,52.1,69,57.4,57,63.26666666666667,42,55.400000000000006,78,36.766666666666666,,,,
10:40:00,717628,210,E,ML,34.152216,-118.156144,WALNUT,24.81,43,59.13333333333333,43,59.13333333333333,,,,,,,,,,
10:40:00,717631,210,E,ML,34.15099,-118.152369,FAIR OAKS 1,25.12,105,62.79999999999999,22,68.1,32,64.6,28,61.29999999999999,23,57.20000000000001,,,,
10:40:00,717633,210,E,ML,34.151691,-118.142523,MARENGO,25.72,587,60.4,100,65.5,116,63.29999999999999,101,61.6,103,59.20000000000001,94,55.20000000000001,73,55.20000000000001
10:40:00,717635,210,E,ML,34.151658,-118.12944,LAKE 2,26.47,560,64.3,107,69.73333333333333,112,67.13333333333333,108,64.73333333333333,98,62.63333333333333,136,58.56666666666666,,
10:40:00,717638,210,E,ML,34.152187,-118.117782,HILL 1,27.14,574,63.93333333333334,136,68.36666666666666,122,64.7,102,71.86666666666666,99,68.86666666666666,115,46.333333333333336,,
10:40:00,717640,210,E,ML,34.152301,-118.109239,ALLEN,27.63,529,61.2,53,76.06666666666666,137,66.0,117,63.2,105,52.73333333333333,116,54.26666666666667,,
10:40:00,717646,210,E,ML,34.151406,-118.091041,SAN GABRIEL,28.68,546,56.13333333333333,134,64.76666666666667,130,56.93333333333334,89,49.6,89,50.8,104,53.56666666666666,,
10:40:00,717650,210,E,ML,34.147621,-118.079037,SIERRA MADRE V2,29.44,487,45.76666666666667,130,51.46666666666667,109,49.0,99,40.73333333333333,84,37.36666666666667,65,46.73333333333333,,
10:40:00,761093,210,E,HV,34.151691,-118.142523,MARENGO,25.72,105,62.79999999999999,105,62.79999999999999,,,,,,,,,,
10:40:00,761098,210,E,HV,34.151658,-118.12944,LAKE 2,26.47,105,62.79999999999999,105,62.79999999999999,,,,,,,,,,
10:40:00,761102,210,E,HV,34.152187,-118.117782,HILL 1,27.14,52,65.0,52,65.0,,,,,,,,,,
10:40:00,761105,210,E,HV,34.152301,-118.109239,ALLEN,27.63,131,58.16666666666666,131,58.16666666666666,,,,,,,,,,
10:40:00,761109,210,E,HV,34.151406,-118.091041,SAN GABRIEL,28.68,55,62.7,55,62.7,,,,,,,,,,
10:40:00,761112,210,E,HV,34.147621,-118.079037,SIERRA MADRE V2,29.44,58,57.03333333333333,58,57.03333333333333,,,,,,,,,,
10:40:00,763614,210,E,HV,34.15099,-118.152369,FAIR OAKS 1,25.12,105,62.79999999999999,105,62.79999999999999,,,,,,,,,,
10:40:00,769788,210,E,ML,34.189219,-118.180753,BERKSHIRE,21.58,269,60.8,70,65.8,74,62.56666666666666,64,58.13333333333333,60,55.73333333333333,,,,
10:40:00,769806,210,E,ML,34.196934,-118.185042,FOOTHILL,20.98,273,62.36666666666667,67,62.46666666666667,82,68.83333333333333,72,67.33333333333333,53,46.16666666666666,,,,
10:40:00,769819,210,E,ML,34.205892,-118.198234,ANGELES CREST HWY NB,19.98,105,62.79999999999999,22,68.1,32,64.6,28,61.29999999999999,23,57.20000000000001,,,,
10:40:00,769831,210,E,ML,34.206745,-118.201533,ANGELES CREST HWY SB,19.78,266,50.76666666666667,69,55.03333333333333,73,52.13333333333333,64,48.23333333333333,60,46.8,,,,
10:40:00,769847,210,E,ML,34.211728,-118.228265,OCEAN VIEW,18.18,254,62.16666666666666,79,72.53333333333333,81,69.0,59,47.93333333333334,34,46.43333333333334,,,,
10:40:00,769866,210,E,ML,34.218398,-118.239738,LA CRESCENTA,17.38,494,55.5,111,63.6,110,59.7,123,51.46666666666667,150,49.36666666666667,,,,
10:40:00,769880,210,E,ML,34.221426,-118.245718,PENNSYLVANIA,16.98,425,48.333333333333336,84,48.36666666666667,112,51.1,117,44.86666666666667,112,49.4,,,,
10:40:00,769895,210,E,ML,34.230849,-118.265101,LOWELL / HONOLULU,15.68,388,55.70000000000001,112,58.93333333333333,109,57.0,93,54.93333333333334,74,49.03333333333333,,,,
10:40:00,769984,210,E,ML,34.202989,-118.191827,GOULD,20.4,271,60.8,71,65.7,74,62.43333333333334,65,58.23333333333333,61,55.8,,,,
10:40:00,770116,210,E,ML,34.234317,-118.286992,LA TUNA CANYON,14.39,210,63.6,65,69.10000000000001,65,66.0,48,57.26666666666667,32,58.03333333333333,,,,
10:40:00,770385,210,E,ML,34.206925,-118.21372,EB/NB 2 TO EB 210 CN,19.08,298,58.63333333333333,88,71.39999999999999,77,67.66666666666667,76,48.26666666666667,56,40.5,,,,
10:40:00,770578,210,E,ML,34.156489,-118.158295,WINONA WAY,24.442,102,61.76666666666667,67,64.43333333333334,35,57.43333333333334,,,,,,,,
10:45:00,717617,210,E,ML,34.179921,-118.167405,ARROYO,22.6,242,53.76666666666667,63,58.26666666666667,68,55.16666666666666,59,51.56666666666666,53,49.4,,,,
10:45:00,717620,210,E,ML,34.174756,-118.160407,LINCOLN 1,23.14,234,59.1,54,70.9,71,66.06666666666666,62,51.36666666666667,48,44.96666666666667,,,,
10:45:00,717625,210,E,ML,34.160546,-118.158748,MOUNTAIN 2,24.16,243,49.93333333333334,70,56.900000000000006,44,62.93333333333334,44,53.26666666666667,85,35.2,,,,
10:45:00,717628,210,E,ML,34.152216,-118.156144,WALNUT,24.81,47,57.36666666666667,47,57.36666666666667,,,,,,,,,,
10:45:00,717631,210,E,ML,34.15099,-118.152369,FAIR OAKS 1,25.12,105,62.70000000000001,22,68.0,32,64.5,28,61.20000000000001,23,57.1,,,,
10:45:00,717633,210,E,ML,34.151691,-118.142523,MARENGO,25.72,584,60.20000000000001,99,65.4,115,63.20000000000001,100,61.5,103,59.1,94,55.1,73,55.1
10:45:00,717635,210,E,ML,34.151658,-118.12944,LAKE 2,26.47,581,64.06666666666666,111,69.46666666666667,116,66.86666666666667,112,64.53333333333333,102,62.4,140,58.4,,
10:45:00,717638,210,E,ML,34.152187,-118.117782,HILL 1,27.14,587,63.6,134,68.66666666666667,123,64.0,109,71.53333333333335,107,68.89999999999999,114,44.73333333333333,,
10:45:00,717640,210,E,ML,34.152301,-118.109239,ALLEN,27.63,551,60.0,55,76.0,141,65.93333333333334,126,60.93333333333334,109,51.26666666666667,119,52.73333333333333,,
10:45:00,717646,210,E,ML,34.151406,-118.091041,SAN GABRIEL,28.68,553,57.96666666666667,139,67.46666666666667,130,58.13333333333333,92,50.56666666666666,90,53.0,102,55.66666666666666,,
10:45:00,717650,210,E,ML,34.147621,-118.079037,SIERRA MADRE V2,29.44,488,46.8,131,53.76666666666667,112,49.73333333333333,96,39.66666666666666,80,38.6,69,47.93333333333334,,
10:45:00,761093,210,E,HV,34.151691,-118.142523,MARENGO,25.72,104,62.70000000000001,104,62.70000000000001,,,,,,,,,,
10:45:00,761098,210,E,HV,34.151658,-118.12944,LAKE 2,26.47,104,62.70000000000001,104,62.70000000000001,,,,,,,,,,
10:45:00,761102,210,E,HV,34.152187,-118.117782,HILL 1,27.14,55,65.0,55,65.0,,,,,,,,,,
10:45:00,761105,210,E,HV,34.152301,-118.109239,ALLEN,27.63,132,55.333333333333336,132,55.333333333333336,,,,,,,,,,
10:45:00,761109,210,E,HV,34.151406,-118.091041,SAN GABRIEL,28.68,55,63.833333333333336,55,63.833333333333336,,,,,,,,,,
10:45:00,761112,210,E,HV,34.147621,-118.079037,SIERRA MADRE V2,29.44,60,59.2,60,59.2,,,,,,,,,,
10:45:00,763614,210,E,HV,34.15099,-118.152369,FAIR OAKS 1,25.12,104,62.70000000000001,104,62.70000000000001,,,,,,,,,,
10:45:00,769788,210,E,ML,34.189219,-118.180753,BERKSHIRE,21.58,280,61.833333333333336,74,66.83333333333333,77,63.6,67,59.1,63,56.6,,,,
10:45:00,769806,210,E,ML,34.196934,-118.185042,FOOTHILL,20.98,284,62.03333333333333,69,62.333333333333336,85,67.03333333333333,75,69.66666666666667,55,43.36666666666667,,,,
10:45:00,769819,210,E,ML,34.205892,-118.198234,ANGELES CREST HWY NB,19.98,105,62.70000000000001,22,68.0,32,64.5,28,61.20000000000001,23,57.1,,,,
10:45:00,769831,210,E,ML,34.206745,-118.201533,ANGELES CREST HWY SB,19.78,295,53.6,79,58.03333333333333,81,55.03333333333333,71,51.0,65,49.26666666666667,,,,
10:45:00,769847,210,E,ML,34.211728,-118.228265,OCEAN VIEW,18.18,255,63.3,84,72.66666666666667,75,68.8,60,52.23333333333333,37,48.03333333333333,,,,
10:45:00,769866,210,E,ML,34.218398,-118.239738,LA CRESCENTA,17.38,478,56.4,114,64.96666666666665,107,59.66666666666666,107,53.16666666666666,150,49.86666666666667,,,,
10:45:00,769880,210,E,ML,34.221426,-118.245718,PENNSYLVANIA,16.98,427,49.93333333333334,82,49.866666666666674,117,53.03333333333333,119,46.8,110,50.56666666666666,,,,
10:45:00,769895,210,E,ML,34.230849,-118.265101,LOWELL / HONOLULU,15.68,390,57.13333333333333,116,60.26666666666667,110,58.36666666666667,92,57.1,72,49.73333333333333,,,,
10:45:00,769984,210,E,ML,34.202989,-118.191827,GOULD,20.4,282,61.833333333333336,75,66.76666666666667,77,63.5,68,59.2,63,56.66666666666666,,,,
10:45:00,770116,210,E,ML,34.234317,-118.286992,LA TUNA CANYON,14.39,238,63.46666666666667,75,68.5,74,65.56666666666666,54,58.03333333333333,35,58.2,,,,
10:45:00,770385,210,E,ML,34.206925,-118.21372,EB/NB 2 TO EB 210 CN,19.08,319,59.53333333333333,85,72.26666666666667,89,65.96666666666667,77,51.43333333333334,68,44.13333333333333,,,,
10:45:00,770578,210,E,ML,34.156489,-118.158295,WINONA WAY,24.442,111,60.93333333333334,72,63.96666666666667,40,55.26666666666667,,,,,,,,
10:50:00,717617,210,E,ML,34.179921,-118.167405,ARROYO,22.6,232,57.4,59,62.03333333333333,65,58.8,57,55.3,52,52.73333333333333,,,,
10:50:00,717620,210,E,ML,34.174756,-118.160407,LINCOLN 1,23.14,208,60.66666666666666,37,72.43333333333334,60,67.3,62,56.86666666666667,49,48.8,,,,
10:50:00,717625,210,E,ML,34.160546,-118.158748,MOUNTAIN 2,24.16,237,51.93333333333334,67,60.8,50,63.333333333333336,44,54.5,76,34.0,,,,
10:50:00,717628,210,E,ML,34.152216,-118.156144,WALNUT,24.81,42,57.29999999999999,42,57.29999999999999,,,,,,,,,,
10:50:00,717631,210,E,ML,34.15099,-118.152369,FAIR OAKS 1,25.12,105,62.70000000000001,22,68.0,32,64.5,28,61.20000000000001,23,57.1,,,,
10:50:00,717633,210,E,ML,34.151691,-118.142523,MARENGO,25.72,578,60.29999999999999,98,65.5,114,63.29999999999999,99,61.6,102,59.20000000000001,93,55.20000000000001,72,55.20000000000001
10:50:00,717635,210,E,ML,34.151658,-118.12944,LAKE 2,26.47,577,64.39999999999999,110,69.8,115,67.23333333333333,112,64.83333333333333,101,62.7,139,58.66666666666666,,
10:50:00,717638,210,E,ML,34.152187,-118.117782,HILL 1,27.14,593,64.6,142,68.66666666666667,127,65.03333333333333,112,71.7,102,68.8,110,47.63333333333333,,
10:50:00,717640,210,E,ML,34.152301,-118.109239,ALLEN,27.63,545,61.73333333333333,63,76.13333333333334,137,66.2,122,63.0,109,54.833333333333336,115,53.833333333333336,,
10:50:00,717646,210,E,ML,34.151406,-118.091041,SAN GABRIEL,28.68,558,60.93333333333334,131,69.16666666666667,140,63.06666666666666,93,57.36666666666667,87,54.9,107,56.1,,
10:50:00,717650,210,E,ML,34.147621,-118.079037,SIERRA MADRE V2,29.44,497,51.46666666666667,133,58.333333333333336,115,53.93333333333334,99,45.86666666666667,83,43.1,66,51.8,,
10:50:00,761093,210,E,HV,34.151691,-118.142523,MARENGO,25.72,104,62.70000000000001,104,62.70000000000001,,,,,,,,,,
10:50:00,761098,210,E,HV,34.151658,-118.12944,LAKE 2,26.47,104,62.70000000000001,104,62.70000000000001,,,,,,,,,,
10:50:00,761102,210,E,HV,34.152187,-118.117782,HILL 1,27.14,63,65.16666666666667,63,65.16666666666667,,,,,,,,,,
10:50:00,761105,210,E,HV,34.152301,-118.109239,ALLEN,27.63,133,57.86666666666667,133,57.86666666666667,,,,,,,,,,
10:50:00,761109,210,E,HV,34.151406,-118.091041,SAN GABRIEL,28.68,60,64.60000000000001,60,64.60000000000001,,,,,,,,,,
10:50:00,761112,210,E,HV,34.147621,-118.079037,SIERRA MADRE V2,29.44,58,60.3,58,60.3,,,,,,,,,,
10:50:00,763614,210,E,HV,34.15099,-118.152369,FAIR OAKS 1,25.12,104,62.70000000000001,104,62.70000000000001,,,,,,,,,,
10:50:00,769788,210,E,ML,34.189219,-118.180753,BERKSHIRE,21.58,257,60.63333333333333,68,65.46666666666667,71,62.29999999999999,62,57.96666666666667,56,55.56666666666666,,,,
10:50:00,769806,210,E,ML,34.196934,-118.185042,FOOTHILL,20.98,267,62.96666666666667,63,65.0,85,65.36666666666666,62,74.4,56,44.333333333333336,,,,
10:50:00,769819,210,E,ML,34.205892,-118.198234,ANGELES CREST HWY NB,19.98,105,62.70000000000001,22,68.0,32,64.5,28,61.20000000000001,23,57.1,,,,
10:50:00,769831,210,E,ML,34.206745,-118.201533,ANGELES CREST HWY SB,19.78,308,53.63333333333333,82,57.93333333333334,84,55.0,74,51.13333333333333,68,49.4,,,,
10:50:00,769847,210,E,ML,34.211728,-118.228265,OCEAN VIEW,18.18,280,64.16666666666667,88,73.86666666666666,87,69.13333333333334,66,50.16666666666666,40,53.06666666666666,,,,
10:50:00,769866,210,E,ML,34.218398,-118.239738,LA CRESCENTA,17.38,499,56.8,110,65.13333333333334,119,59.86666666666667,118,52.76666666666667,151,51.53333333333333,,,,
10:50:00,769880,210,E,ML,34.221426,-118.245718,PENNSYLVANIA,16.98,446,51.13333333333333,83,52.13333333333333,119,53.86666666666667,129,48.16666666666666,114,51.13333333333333,,,,
10:50:00,769895,210,E,ML,34.230849,-118.265101,LOWELL / HONOLULU,15.68,419,57.26666666666667,121,60.76666666666667,122,58.4,97,55.96666666666667,79,51.36666666666667,,,,
10:50:00,769984,210,E,ML,34.202989,-118.191827,GOULD,20.4,258,60.66666666666666,68,65.43333333333334,72,62.26666666666667,62,58.06666666666666,56,55.66666666666666,,,,
10:50:00,770116,210,E,ML,34.234317,-118.286992,LA TUNA CANYON,14.39,227,62.66666666666666,71,67.2,71,64.5,51,57.93333333333334,34,58.03333333333333,,,,
10:50:00,770385,210,E,ML,34.206925,-118.21372,EB/NB 2 TO EB 210 CN,19.08,328,59.9,86,72.86666666666666,93,65.86666666666666,72,53.03333333333333,77,44.53333333333333,,,,
10:50:00,770578,210,E,ML,34.156489,-118.158295,WINONA WAY,24.442,113,60.8,79,63.53333333333334,34,55.2,,,,,,,,
10:55:00,717617,210,E,ML,34.179921,-118.167405,ARROYO,22.6,237,61.23333333333333,61,66.2,66,62.86666666666667,57,59.0,52,56.06666666666666,,,,
10:55:00,717620,210,E,ML,34.174756,-118.160407,LINCOLN 1,23.14,236,63.73333333333333,61,73.36666666666667,65,68.2,62,62.2,48,48.23333333333333,,,,
10:55:00,717625,210,E,ML,34.160546,-118.158748,MOUNTAIN 2,24.16,258,51.76666666666667,66,61.36666666666667,58,63.13333333333333,41,54.96666666666667,93,36.43333333333333,,,,
10:55:00,717628,210,E,ML,34.152216,-118.156144,WALNUT,24.81,44,56.96666666666667,44,56.96666666666667,,,,,,,,,,
10:55:00,717631,210,E,ML,34.15099,-118.152369,FAIR OAKS 1,25.12,101,62.79999999999999,21,68.1,31,64.6,27,61.29999999999999,22,57.20000000000001,,,,
10:55:00,717633,210,E,ML,34.151691,-118.142523,MARENGO,25.72,574,60.29999999999999,97,65.5,113,63.29999999999999,99,61.6,101,59.20000000000001,92,55.20000000000001,72,55.20000000000001
10:55:00,717635,210,E,ML,34.151658,-118.12944,LAKE 2,26.47,590,64.33333333333333,112,69.76666666666667,118,67.26666666666667,114,64.83333333333333,103,62.7,143,58.66666666666666,,
10:55:00,717638,210,E,ML,34.152187,-118.117782,HILL 1,27.14,584,64.8,128,68.93333333333334,126,65.10000000000001,111,71.56666666666666,106,68.7,113,49.333333333333336,,
10:55:00,717640,210,E,ML,34.152301,-118.109239,ALLEN,27.63,552,62.06666666666666,64,75.86666666666666,136,66.2,134,63.56666666666666,110,54.23333333333333,107,54.36666666666667,,
10:55:00,717646,210,E,ML,34.151406,-118.091041,SAN GABRIEL,28.68,571,61.5,146,69.76666666666667,138,62.63333333333333,95,54.26666666666667,88,59.29999999999999,105,56.5,,
10:55:00,717650,210,E,ML,34.147621,-118.079037,SIERRA MADRE V2,29.44,498,55.70000000000001,138,62.2,117,58.23333333333333,97,49.36666666666667,87,49.03333333333333,59,55.36666666666667,,
10:55:00,761093,210,E,HV,34.151691,-118.142523,MARENGO,25.72,102,62.79999999999999,102,62.79999999999999,,,,,,,,,,
10:55:00,761098,210,E,HV,34.151658,-118.12944,LAKE 2,26.47,102,62.79999999999999,102,62.79999999999999,,,,,,,,,,
10:55:00,761102,210,E,HV,34.152187,-118.117782,HILL 1,27.14,65,65.26666666666667,65,65.26666666666667,,,,,,,,,,
10:55:00,761105,210,E,HV,34.152301,-118.109239,ALLEN,27.63,132,58.26666666666667,132,58.26666666666667,,,,,,,,,,
10:55:00,761109,210,E,HV,34.151406,-118.091041,SAN GABRIEL,28.68,66,64.10000000000001,66,64.10000000000001,,,,,,,,,,
10:55:00,761112,210,E,HV,34.147621,-118.079037,SIERRA MADRE V2,29.44,66,62.333333333333336,66,62.333333333333336,,,,,,,,,,
10:55:00,763614,210,E,HV,34.15099,-118.152369,FAIR OAKS 1,25.12,102,62.79999999999999,102,62.79999999999999,,,,,,,,,,
10:55:00,769788,210,E,ML,34.189219,-118.180753,BERKSHIRE,21.58,292,61.833333333333336,77,66.83333333333333,80,63.6,70,59.1,65,56.63333333333333,,,,
10:55:00,769806,210,E,ML,34.196934,-118.185042,FOOTHILL,20.98,288,63.06666666666666,71,63.79999999999999,82,67.06666666666666,77,70.8,57,45.4,,,,
10:55:00,769819,210,E,ML,34.205892,-118.198234,ANGELES CREST HWY NB,19.98,101,62.79999999999999,21,68.1,31,64.6,27,61.29999999999999,22,57.20000000000001,,,,
10:55:00,769831,210,E,ML,34.206745,-118.201533,ANGELES CREST HWY SB,19.78,290,51.333333333333336,76,55.73333333333333,80,52.8,69,48.7,65,47.16666666666666,,,,
10:55:00,769847,210,E,ML,34.211728,-118.228265,OCEAN VIEW,18.18,257,64.0,80,74.16666666666667,80,69.86666666666666,61,49.0,37,53.63333333333333,,,,
10:55:00,769866,210,E,ML,34.218398,-118.239738,LA CRESCENTA,17.38,480,56.8,99,65.36666666666667,115,61.16666666666666,113,53.13333333333333,152,50.833333333333336,,,,
10:55:00,769880,210,E,ML,34.221426,-118.245718,PENNSYLVANIA,16.98,435,52.333333333333336,86,52.56666666666666,120,55.13333333333333,127,50.46666666666667,103,51.63333333333333,,,,
10:55:00,769895,210,E,ML,34.230849,-118.265101,LOWELL / HONOLULU,15.68,391,58.366666666666674,111,61.43333333333334,116,59.66666666666666,89,56.9,75,53.3,,,,
10:55:00,769984,210,E,ML,34.202989,-118.191827,GOULD,20.4,293,61.833333333333336,77,66.76666666666667,80,63.53333333333333,70,59.23333333333333,65,56.66666666666666,,,,
10:55:00,770116,210,E,ML,34.234317,-118.286992,LA TUNA CANYON,14.39,237,63.833333333333336,74,68.96666666666667,74,65.89999999999999,54,58.333333333333336,35,58.333333333333336,,,,
10:55:00,770385,210,E,ML,34.206925,-118.21372,EB/NB 2 TO EB 210 CN,19.08,296,59.63333333333333,71,73.10000000000001,90,67.26666666666667,72,48.06666666666666,63,45.73333333333333,,,,
10:55:00,770578,210,E,ML,34.156489,-118.158295,WINONA WAY,24.442,112,61.13333333333333,75,64.26666666666667,36,54.76666666666667,,,,,,,,
11:00:00,717617,210,E,ML,34.179921,-118.167405,ARROYO,22.6,237,59.6,61,64.36666666666666,66,61.1,58,57.43333333333334,52,54.66666666666666,,,,
11:00:00,717620,210,E,ML,34.174756,-118.160407,LINCOLN 1,23.14,223,61.06666666666666,53,69.66666666666667,61,65.93333333333334,66,59.76666666666667,44,46.0,,,,
11:00:00,717625,210,E,ML,34.160546,-118.158748,MOUNTAIN 2,24.16,246,54.16666666666666,62,61.73333333333333,49,66.39999999999999,35,57.400000000000006,100,41.8,,,,
11:00:00,717628,210,E,ML,34.152216,-118.156144,WALNUT,24.81,45,58.6,45,58.6,,,,,,,,,,
11:00:00,717631,210,E,ML,34.15099,-118.152369,FAIR OAKS 1,25.12,100,62.79999999999999,21,68.1,30,64.6,27,61.29999999999999,22,57.20000000000001,,,,
11:00:00,717633,210,E,ML,34.151691,-118.142523,MARENGO,25.72,573,60.5,97,65.6,113,63.4,99,61.70000000000001,101,59.29999999999999,92,55.29999999999999,71,55.29999999999999
11:00:00,717635,210,E,ML,34.151658,-118.12944,LAKE 2,26.47,594,64.43333333333334,113,69.83333333333333,119,67.3,115,64.86666666666666,104,62.8,144,58.73333333333333,,
11:00:00,717638,210,E,ML,34.152187,-118.117782,HILL 1,27.14,595,65.03333333333333,130,69.33333333333333,132,65.0,109,71.36666666666667,105,69.03333333333333,119,50.86666666666667,,
11:00:00,717640,210,E,ML,34.152301,-118.109239,ALLEN,27.63,544,61.833333333333336,60,76.3,132,66.5,125,64.7,106,53.9,121,53.46666666666667,,
11:00:00,717646,210,E,ML,34.151406,-118.091041,SAN GABRIEL,28.68,546,61.63333333333333,132,70.13333333333334,137,63.6,94,55.26666666666667,81,55.13333333333333,102,58.833333333333336,,
11:00:00,717650,210,E,ML,34.147621,-118.079037,SIERRA MADRE V2,29.44,486,57.93333333333334,129,64.33333333333333,115,61.1,100,51.7,84,50.63333333333333,58,59.06666666666666,,
11:00:00,761093,210,E,HV,34.151691,-118.142523,MARENGO,25.72,100,62.79999999999999,100,62.79999999999999,,,,,,,,,,
11:00:00,761098,210,E,HV,34.151658,-118.12944,LAKE 2,26.47,100,62.79999999999999,100,62.79999999999999,,,,,,,,,,
11:00:00,761102,210,E,HV,34.152187,-118.117782,HILL 1,27.14,55,64.93333333333334,55,64.93333333333334,,,,,,,,,,
11:00:00,761105,210,E,HV,34.152301,-118.109239,ALLEN,27.63,128,57.53333333333333,128,57.53333333333333,,,,,,,,,,
11:00:00,761109,210,E,HV,34.151406,-118.091041,SAN GABRIEL,28.68,65,64.39999999999999,65,64.39999999999999,,,,,,,,,,
11:00:00,761112,210,E,HV,34.147621,-118.079037,SIERRA MADRE V2,29.44,67,62.833333333333336,67,62.833333333333336,,,,,,,,,,
11:00:00,763614,210,E,HV,34.15099,-118.152369,FAIR OAKS 1,25.12,100,62.79999999999999,100,62.79999999999999,,,,,,,,,,
11:00:00,769788,210,E,ML,34.189219,-118.180753,BERKSHIRE,21.58,253,61.96666666666667,66,67.0,70,63.79999999999999,61,59.3,57,56.8,,,,
11:00:00,769806,210,E,ML,34.196934,-118.185042,FOOTHILL,20.98,272,60.16666666666666,62,58.96666666666667,95,67.60000000000001,66,64.63333333333333,49,41.266666666666666,,,,
11:00:00,769819,210,E,ML,34.205892,-118.198234,ANGELES CREST HWY NB,19.98,100,62.79999999999999,21,68.1,30,64.6,27,61.29999999999999,22,57.20000000000001,,,,
11:00:00,769831,210,E,ML,34.206745,-118.201533,ANGELES CREST HWY SB,19.78,271,54.96666666666667,72,59.63333333333333,75,56.56666666666666,65,52.2,59,50.3,,,,
11:00:00,769847,210,E,ML,34.211728,-118.228265,OCEAN VIEW,18.18,247,64.53333333333333,78,73.8,82,71.16666666666667,53,50.73333333333333,34,49.76666666666667,,,,
11:00:00,769866,210,E,ML,34.218398,-118.239738,LA CRESCENTA,17.38,458,56.76666666666667,101,65.96666666666667,109,61.06666666666666,105,52.66666666666666,143,50.53333333333333,,,,
11:00:00,769880,210,E,ML,34.221426,-118.245718,PENNSYLVANIA,16.98,428,52.56666666666666,87,54.03333333333333,118,54.9,121,50.53333333333333,102,51.76666666666667,,,,
11:00:00,769895,210,E,ML,34.230849,-118.265101,LOWELL / HONOLULU,15.68,385,57.66666666666666,114,61.5,110,59.36666666666667,89,54.46666666666667,72,52.06666666666666,,,,
11:00:00,769984,210,E,ML,34.202989,-118.191827,GOULD,20.4,254,62.0,66,66.96666666666667,70,63.7,61,59.36666666666667,57,56.86666666666667,,,,
11:00:00,770116,210,E,ML,34.234317,-118.286992,LA TUNA CANYON,14.39,237,63.23333333333333,75,68.60000000000001,73,65.63333333333333,54,56.8,35,57.86666666666667,,,,
11:00:00,770385,210,E,ML,34.206925,-118.21372,EB/NB 2 TO EB 210 CN,19.08,283,60.63333333333333,67,73.86666666666666,89,68.03333333333335,59,45.6,68,50.8,,,,
11:00:00,770578,210,E,ML,34.156489,-118.158295,WINONA WAY,24.442,111,62.7,73,65.7,38,56.76666666666667,,,,,,,,
11:05:00,717617,210,E,ML,34.179921,-118.167405,ARROYO,22.6,234,58.5,60,63.16666666666666,65,59.96666666666666,57,56.4,52,53.73333333333333,,,,
11:05:00,717620,210,E,ML,34.174756,-118.160407,LINCOLN 1,23.14,220,61.53333333333333,42,70.73333333333333,70,67.8,62,58.333333333333336,46,47.66666666666666,,,,
11:05:00,717625,210,E,ML,34.160546,-118.158748,MOUNTAIN 2,24.16,250,56.3,64,62.96666666666667,43,68.76666666666667,37,61.333333333333336,106,44.96666666666667,,,,
11:05:00,717628,210,E,ML,34.152216,-118.156144,WALNUT,24.81,47,60.73333333333333,47,60.73333333333333,,,,,,,,,,
11:05:00,717631,210,E,ML,34.15099,-118.152369,FAIR OAKS 1,25.12,100,62.79999999999999,21,68.1,30,64.6,27,61.29999999999999,22,57.20000000000001,,,,
11:05:00,717633,210,E,ML,34.151691,-118.142523,MARENGO,25.72,573,60.4,97,65.5,113,63.29999999999999,99,61.6,101,59.20000000000001,92,55.20000000000001,71,55.20000000000001
11:05:00,717635,210,E,ML,34.151658,-118.12944,LAKE 2,26.47,582,64.5,111,69.89999999999999,116,67.39999999999999,112,64.93333333333334,102,62.833333333333336,140,58.73333333333333,,
11:05:00,717638,210,E,ML,34.152187,-118.117782,HILL 1,27.14,577,65.0,132,69.33333333333333,128,65.3,100,71.60000000000001,103,68.86666666666666,113,50.23333333333333,,
11:05:00,717640,210,E,ML,34.152301,-118.109239,ALLEN,27.63,540,62.63333333333333,63,76.26666666666667,135,66.93333333333334,124,64.96666666666667,109,54.76666666666667,110,54.6,,
11:05:00,717646,210,E,ML,34.151406,-118.091041,SAN GABRIEL,28.68,548,61.43333333333334,135,70.7,137,62.63333333333333,96,52.73333333333333,83,56.5,96,59.46666666666667,,
11:05:00,717650,210,E,ML,34.147621,-118.079037,SIERRA MADRE V2,29.44,487,57.0,128,62.7,114,59.46666666666667,99,51.46666666666667,88,51.06666666666666,58,57.73333333333333,,
11:05:00,761093,210,E,HV,34.151691,-118.142523,MARENGO,25.72,99,62.79999999999999,99,62.79999999999999,,,,,,,,,,
11:05:00,761098,210,E,HV,34.151658,-118.12944,LAKE 2,26.47,99,62.79999999999999,99,62.79999999999999,,,,,,,,,,
11:05:00,761102,210,E,HV,34.152187,-118.117782,HILL 1,27.14,66,64.76666666666667,66,64.76666666666667,,,,,,,,,,
11:05:00,761105,210,E,HV,34.152301,-118.109239,ALLEN,27.63,126,58.53333333333333,126,58.53333333333333,,,,,,,,,,
11:05:00,761109,210,E,HV,34.151406,-118.091041,SAN GABRIEL,28.68,63,65.16666666666667,63,65.16666666666667,,,,,,,,,,
11:05:00,761112,210,E,HV,34.147621,-118.079037,SIERRA MADRE V2,29.44,59,63.4,59,63.4,,,,,,,,,,
11:05:00,763614,210,E,HV,34.15099,-118.152369,FAIR OAKS 1,25.12,99,62.79999999999999,99,62.79999999999999,,,,,,,,,,
11:05:00,769788,210,E,ML,34.189219,-118.180753,BERKSHIRE,21.58,240,56.86666666666667,62,61.4,66,58.43333333333334,58,54.43333333333334,54,52.333333333333336,,,,
11:05:00,769806,210,E,ML,34.196934,-118.185042,FOOTHILL,20.98,245,54.86666666666667,56,54.23333333333333,86,61.63333333333333,62,57.53333333333333,41,38.333333333333336,,,,
11:05:00,769819,210,E,ML,34.205892,-118.198234,ANGELES CREST HWY NB,19.98,100,62.79999999999999,21,68.1,30,64.6,27,61.29999999999999,22,57.20000000000001,,,,
11:05:00,769831,210,E,ML,34.206745,-118.201533,ANGELES CREST HWY SB,19.78,269,56.03333333333333,71,60.76666666666667,74,57.66666666666666,65,53.26666666666667,60,51.26666666666667,,,,
11:05:00,769847,210,E,ML,34.211728,-118.228265,OCEAN VIEW,18.18,261,63.1,82,73.5,78,69.76666666666667,65,53.16666666666666,35,43.5,,,,
11:05:00,769866,210,E,ML,34.218398,-118.239738,LA CRESCENTA,17.38,484,57.36666666666667,117,66.8,106,60.333333333333336,111,53.23333333333333,150,51.2,,,,
11:05:00,769880,210,E,ML,34.221426,-118.245718,PENNSYLVANIA,16.98,397,52.8,78,52.8,108,56.03333333333333,114,50.2,98,53.0,,,,
11:05:00,769895,210,E,ML,34.230849,-118.265101,LOWELL / HONOLULU,15.68,365,58.36666666666667,106,62.333333333333336,104,59.86666666666667,86,56.26666666666667,69,52.06666666666666,,,,
11:05:00,769984,210,E,ML,34.202989,-118.191827,GOULD,20.4,241,57.0,63,61.43333333333334,66,58.43333333333334,58,54.66666666666666,54,52.6,,,,
11:05:00,770116,210,E,ML,34.234317,-118.286992,LA TUNA CANYON,14.39,210,62.7,65,68.43333333333334,65,65.3,48,55.63333333333333,32,57.53333333333334,,,,
11:05:00,770385,210,E,ML,34.206925,-118.21372,EB/NB 2 TO EB 210 CN,19.08,296,61.16666666666666,83,73.13333333333333,85,67.33333333333333,66,46.833333333333336,63,52.16666666666666,,,,
11:05:00,770578,210,E,ML,34.156489,-118.158295,WINONA WAY,24.442,105,64.56666666666666,65,67.39999999999999,41,59.46666666666667,,,,,,,,
11:10:00,717617,210,E,ML,34.179921,-118.167405,ARROYO,22.6,227,58.63333333333333,58,63.36666666666667,63,60.133333333333326,55,56.6,51,53.9,,,,
11:10:00,717620,210,E,ML,34.174756,-118.160407,LINCOLN 1,23.14,211,62.06666666666666,43,70.9,66,67.5,60,58.56666666666666,42,49.9,,,,
11:10:00,717625,210,E,ML,34.160546,-118.158748,MOUNTAIN 2,24.16,233,56.7,61,62.366666666666674,51,68.3,35,60.833333333333336,86,43.56666666666666,,,,
11:10:00,717628,210,E,ML,34.152216,-118.156144,WALNUT,24.81,52,58.2,52,58.2,,,,,,,,,,
11:10:00,717631,210,E,ML,34.15099,-118.152369,FAIR OAKS 1,25.12,100,62.79999999999999,21,68.1,30,64.6,27,61.29999999999999,22,57.20000000000001,,,,
11:10:00,717633,210,E,ML,34.151691,-118.142523,MARENGO,25.72,578,60.4,98,65.6,114,63.4,99,61.70000000000001,102,59.29999999999999,93,55.29999999999999,72,55.29999999999999
11:10:00,717635,210,E,ML,34.151658,-118.12944,LAKE 2,26.47,568,64.33333333333333,108,69.76666666666667,113,67.2,110,64.8,99,62.66666666666666,138,58.63333333333333,,
11:10:00,717638,210,E,ML,34.152187,-118.117782,HILL 1,27.14,566,64.86666666666667,132,69.43333333333334,119,64.60000000000001,104,72.06666666666666,106,69.13333333333334,105,47.93333333333334,,
11:10:00,717640,210,E,ML,34.152301,-118.109239,ALLEN,27.63,537,62.46666666666667,56,75.60000000000001,137,66.46666666666667,127,64.86666666666666,105,54.06666666666666,113,56.26666666666667,,
11:10:00,717646,210,E,ML,34.151406,-118.091041,SAN GABRIEL,28.68,556,61.66666666666666,139,70.39999999999999,140,64.0,102,55.4,83,53.66666666666666,93,58.76666666666667,,
11:10:00,717650,210,E,ML,34.147621,-118.079037,SIERRA MADRE V2,29.44,487,59.1,131,64.7,115,61.6,101,54.0,78,50.56666666666666,62,61.23333333333334,,
11:10:00,761093,210,E,HV,34.151691,-118.142523,MARENGO,25.72,100,62.79999999999999,100,62.79999999999999,,,,,,,,,,
11:10:00,761098,210,E,HV,34.151658,-118.12944,LAKE 2,26.47,100,62.79999999999999,100,62.79999999999999,,,,,,,,,,
11:10:00,761102,210,E,HV,34.152187,-118.117782,HILL 1,27.14,59,64.66666666666667,59,64.66666666666667,,,,,,,,,,
11:10:00,761105,210,E,HV,34.152301,-118.109239,ALLEN,27.63,119,59.03333333333333,119,59.03333333333333,,,,,,,,,,
11:10:00,761109,210,E,HV,34.151406,-118.091041,SAN GABRIEL,28.68,63,63.9,63,63.9,,,,,,,,,,
11:10:00,761112,210,E,HV,34.147621,-118.079037,SIERRA MADRE V2,29.44,54,62.633333333333326,54,62.633333333333326,,,,,,,,,,
11:10:00,763614,210,E,HV,34.15099,-118.152369,FAIR OAKS 1,25.12,100,62.79999999999999,100,62.79999999999999,,,,,,,,,,
11:10:00,769788,210,E,ML,34.189219,-118.180753,BERKSHIRE,21.58,261,60.9,68,65.83333333333333,72,62.633333333333326,63,58.26666666666667,58,55.833333333333336,,,,
11:10:00,769806,210,E,ML,34.196934,-118.185042,FOOTHILL,20.98,248,59.2,59,57.8,78,66.5,69,63.866666666666674,41,39.56666666666667,,,,
11:10:00,769819,210,E,ML,34.205892,-118.198234,ANGELES CREST HWY NB,19.98,100,62.79999999999999,21,68.1,30,64.6,27,61.29999999999999,22,57.20000000000001,,,,
11:10:00,769831,210,E,ML,34.206745,-118.201533,ANGELES CREST HWY SB,19.78,246,57.46666666666667,64,62.333333333333336,68,59.16666666666666,59,54.7,54,52.6,,,,
11:10:00,769847,210,E,ML,34.211728,-118.228265,OCEAN VIEW,18.18,210,64.33333333333333,63,74.23333333333333,66,70.0,51,55.86666666666667,30,46.23333333333333,,,,
11:10:00,769866,210,E,ML,34.218398,-118.239738,LA CRESCENTA,17.38,361,59.53333333333333,68,70.56666666666666,77,63.93333333333334,88,55.9,129,53.7,,,,
11:10:00,769880,210,E,ML,34.221426,-118.245718,PENNSYLVANIA,16.98,297,57.6,68,61.03333333333333,83,61.03333333333333,75,52.43333333333334,71,57.7,,,,
11:10:00,769895,210,E,ML,34.230849,-118.265101,LOWELL / HONOLULU,15.68,266,61.46666666666667,76,65.7,79,63.23333333333333,64,59.06666666666666,46,55.23333333333333,,,,
11:10:00,769984,210,E,ML,34.202989,-118.191827,GOULD,20.4,263,60.9,69,65.8,72,62.56666666666666,63,58.36666666666667,59,55.93333333333334,,,,
11:10:00,770116,210,E,ML,34.234317,-118.286992,LA TUNA CANYON,14.39,209,63.43333333333333,65,68.96666666666665,65,65.8,48,57.1,32,57.93333333333334,,,,
11:10:00,770385,210,E,ML,34.206925,-118.21372,EB/NB 2 TO EB 210 CN,19.08,239,61.63333333333333,59,73.86666666666666,73,67.93333333333334,54,48.13333333333333,54,54.26666666666667,,,,
11:10:00,770578,210,E,ML,34.156489,-118.158295,WINONA WAY,24.442,124,63.26666666666667,78,66.86666666666667,46,56.26666666666667,,,,,,,,
11:15:00,717617,210,E,ML,34.179921,-118.167405,ARROYO,22.6,199,59.56666666666666,50,64.43333333333334,55,61.16666666666666,49,57.5,44,54.66666666666666,,,,
11:15:00,717620,210,E,ML,34.174756,-118.160407,LINCOLN 1,23.14,185,62.53333333333333,36,72.33333333333333,50,69.23333333333333,50,60.53333333333333,49,51.53333333333333,,,,
11:15:00,717625,210,E,ML,34.160546,-118.158748,MOUNTAIN 2,24.16,225,56.5,61,62.23333333333333,51,66.60000000000001,42,58.6,71,41.86666666666667,,,,
11:15:00,717628,210,E,ML,34.152216,-118.156144,WALNUT,24.81,47,57.9,47,57.9,,,,,,,,,,
11:15:00,717631,210,E,ML,34.15099,-118.152369,FAIR OAKS 1,25.12,100,62.79999999999999,21,68.1,30,64.6,27,61.29999999999999,22,57.20000000000001,,,,
11:15:00,717633,210,E,ML,34.151691,-118.142523,MARENGO,25.72,586,60.5,99,65.6,116,63.4,101,61.70000000000001,103,59.29999999999999,94,55.29999999999999,73,55.29999999999999
11:15:00,717635,210,E,ML,34.151658,-118.12944,LAKE 2,26.47,576,64.73333333333333,110,70.13333333333334,115,67.7,111,65.13333333333334,101,63.1,140,58.96666666666667,,
11:15:00,717638,210,E,ML,34.152187,-118.117782,HILL 1,27.14,573,65.3,127,70.46666666666665,123,65.53333333333333,109,71.96666666666665,105,69.43333333333334,109,48.1,,
11:15:00,717640,210,E,ML,34.152301,-118.109239,ALLEN,27.63,529,63.2,60,75.76666666666667,131,67.39999999999999,123,66.2,104,54.76666666666667,111,56.2,,
11:15:00,717646,210,E,ML,34.151406,-118.091041,SAN GABRIEL,28.68,529,62.76666666666667,131,71.33333333333333,128,63.79999999999999,93,56.2,87,59.833333333333336,90,58.1,,
11:15:00,717650,210,E,ML,34.147621,-118.079037,SIERRA MADRE V2,29.44,463,60.2,127,65.10000000000001,104,61.9,94,54.43333333333334,79,55.23333333333333,59,62.1,,
11:15:00,761093,210,E,HV,34.151691,-118.142523,MARENGO,25.72,100,62.79999999999999,100,62.79999999999999,,,,,,,,,,
11:15:00,761098,210,E,HV,34.151658,-118.12944,LAKE 2,26.47,100,62.79999999999999,100,62.79999999999999,,,,,,,,,,
11:15:00,761102,210,E,HV,34.152187,-118.117782,HILL 1,27.14,58,64.93333333333334,58,64.93333333333334,,,,,,,,,,
11:15:00,761105,210,E,HV,34.152301,-118.109239,ALLEN,27.63,126,57.66666666666666,126,57.66666666666666,,,,,,,,,,
11:15:00,761109,210,E,HV,34.151406,-118.091041,SAN GABRIEL,28.68,59,64.60000000000001,59,64.60000000000001,,,,,,,,,,
11:15:00,761112,210,E,HV,34.147621,-118.079037,SIERRA MADRE V2,29.44,63,62.36666666666667,63,62.36666666666667,,,,,,,,,,
11:15:00,763614,210,E,HV,34.15099,-118.152369,FAIR OAKS 1,25.12,100,62.79999999999999,100,62.79999999999999,,,,,,,,,,
11:15:00,769788,210,E,ML,34.189219,-118.180753,BERKSHIRE,21.58,247,60.46666666666667,64,65.43333333333334,68,62.23333333333334,59,57.76666666666667,55,55.43333333333334,,,,
11:15:00,769806,210,E,ML,34.196934,-118.185042,FOOTHILL,20.98,247,60.03333333333333,61,58.86666666666667,73,69.76666666666667,65,64.26666666666667,48,41.46666666666667,,,,
11:15:00,769819,210,E,ML,34.205892,-118.198234,ANGELES CREST HWY NB,19.98,100,62.79999999999999,21,68.1,30,64.6,27,61.29999999999999,22,57.20000000000001,,,,
11:15:00,769831,210,E,ML,34.206745,-118.201533,ANGELES CREST HWY SB,19.78,243,56.7,63,61.46666666666667,68,58.366666666666674,59,54.06666666666666,53,52.0,,,,
11:15:00,769847,210,E,ML,34.211728,-118.228265,OCEAN VIEW,18.18,219,63.66666666666666,55,74.0,76,69.5,56,56.13333333333333,32,45.46666666666667,,,,
11:15:00,769866,210,E,ML,34.218398,-118.239738,LA CRESCENTA,17.38,430,62.53333333333333,69,72.43333333333334,103,67.03333333333333,114,58.333333333333336,144,58.3,,,,
11:15:00,769880,210,E,ML,34.221426,-118.245718,PENNSYLVANIA,16.98,377,60.46666666666667,77,66.33333333333333,102,63.900000000000006,116,55.333333333333336,82,59.43333333333334,,,,
11:15:00,769895,210,E,ML,34.230849,-118.265101,LOWELL / HONOLULU,15.68,355,63.66666666666666,103,68.36666666666666,103,65.63333333333334,82,60.13333333333333,67,57.9,,,,
11:15:00,769984,210,E,ML,34.202989,-118.191827,GOULD,20.4,249,60.43333333333334,65,65.3,68,62.03333333333333,60,57.9,56,55.5,,,,
11:15:00,770116,210,E,ML,34.234317,-118.286992,LA TUNA CANYON,14.39,240,64.3,76,69.56666666666666,74,66.36666666666666,54,58.96666666666667,36,58.46666666666667,,,,
11:15:00,770385,210,E,ML,34.206925,-118.21372,EB/NB 2 TO EB 210 CN,19.08,221,63.833333333333336,57,75.16666666666667,66,68.06666666666666,39,53.2,59,54.26666666666667,,,,
11:15:00,770578,210,E,ML,34.156489,-118.158295,WINONA WAY,24.442,122,62.833333333333336,81,66.36666666666667,41,55.93333333333334,,,,,,,,
11:20:00,717617,210,E,ML,34.179921,-118.167405,ARROYO,22.6,226,58.93333333333334,58,63.7,63,60.43333333333334,55,56.833333333333336,50,54.1,,,,
11:20:00,717620,210,E,ML,34.174756,-118.160407,LINCOLN 1,23.14,206,63.333333333333336,44,71.63333333333334,58,68.8,58,62.1,47,51.13333333333333,,,,
11:20:00,717625,210,E,ML,34.160546,-118.158748,MOUNTAIN 2,24.16,223,57.53333333333333,63,63.26666666666667,44,68.10000000000001,29,61.96666666666667,88,45.93333333333334,,,,
11:20:00,717628,210,E,ML,34.152216,-118.156144,WALNUT,24.81,41,58.5,41,58.5,,,,,,,,,,
11:20:00,717631,210,E,ML,34.15099,-118.152369,FAIR OAKS 1,25.12,101,62.79999999999999,21,68.1,31,64.6,27,61.29999999999999,22,57.20000000000001,,,,
11:20:00,717633,210,E,ML,34.151691,-118.142523,MARENGO,25.72,586,60.79999999999999,99,65.9,116,63.70000000000001,101,62.0,103,59.6,94,55.6,73,55.6
11:20:00,717635,210,E,ML,34.151658,-118.12944,LAKE 2,26.47,548,64.93333333333334,104,70.33333333333333,109,67.93333333333334,106,65.33333333333333,96,63.3,133,59.1,,
11:20:00,717638,210,E,ML,34.152187,-118.117782,HILL 1,27.14,548,65.43333333333334,120,70.0,114,66.5,103,71.96666666666667,100,68.93333333333334,111,50.2,,
11:20:00,717640,210,E,ML,34.152301,-118.109239,ALLEN,27.63,496,63.73333333333333,49,76.56666666666666,120,66.83333333333333,109,66.76666666666667,107,57.0,110,58.1,,
11:20:00,717646,210,E,ML,34.151406,-118.091041,SAN GABRIEL,28.68,532,63.1,126,70.86666666666666,130,64.10000000000001,95,58.1,81,60.833333333333336,100,58.3,,
11:20:00,717650,210,E,ML,34.147621,-118.079037,SIERRA MADRE V2,29.44,483,61.03333333333333,122,66.46666666666667,110,63.66666666666666,101,55.833333333333336,86,56.23333333333333,63,61.16666666666666,,
11:20:00,761093,210,E,HV,34.151691,-118.142523,MARENGO,25.72,101,62.79999999999999,101,62.79999999999999,,,,,,,,,,
11:20:00,761098,210,E,HV,34.151658,-118.12944,LAKE 2,26.47,101,62.79999999999999,101,62.79999999999999,,,,,,,,,,
11:20:00,761102,210,E,HV,34.152187,-118.117782,HILL 1,27.14,47,64.86666666666666,47,64.86666666666666,,,,,,,,,,
11:20:00,761105,210,E,HV,34.152301,-118.109239,ALLEN,27.63,128,58.0,128,58.0,,,,,,,,,,
11:20:00,761109,210,E,HV,34.151406,-118.091041,SAN GABRIEL,28.68,53,64.96666666666667,53,64.96666666666667,,,,,,,,,,
11:20:00,761112,210,E,HV,34.147621,-118.079037,SIERRA MADRE V2,29.44,58,62.76666666666666,58,62.76666666666666,,,,,,,,,,
11:20:00,763614,210,E,HV,34.15099,-118.152369,FAIR OAKS 1,25.12,101,62.79999999999999,101,62.79999999999999,,,,,,,,,,
11:20:00,769788,210,E,ML,34.189219,-118.180753,BERKSHIRE,21.58,289,61.7,76,66.73333333333333,79,63.5,69,58.96666666666667,65,56.5,,,,
11:20:00,769806,210,E,ML,34.196934,-118.185042,FOOTHILL,20.98,283,61.633333333333326,70,60.73333333333333,81,69.5,83,66.5,49,43.23333333333333,,,,
11:20:00,769819,210,E,ML,34.205892,-118.198234,ANGELES CREST HWY NB,19.98,101,62.79999999999999,21,68.1,31,64.6,27,61.29999999999999,22,57.20000000000001,,,,
11:20:00,769831,210,E,ML,34.206745,-118.201533,ANGELES CREST HWY SB,19.78,280,56.9,74,61.66666666666666,77,58.53333333333333,67,54.16666666666666,61,52.03333333333333,,,,
11:20:00,769847,210,E,ML,34.211728,-118.228265,OCEAN VIEW,18.18,264,63.5,83,74.2,83,70.23333333333333,60,51.93333333333334,38,43.36666666666667,,,,
11:20:00,769866,210,E,ML,34.218398,-118.239738,LA CRESCENTA,17.38,465,62.9,95,72.33333333333333,112,67.39999999999999,111,58.43333333333334,147,57.03333333333333,,,,
11:20:00,769880,210,E,ML,34.221426,-118.245718,PENNSYLVANIA,16.98,413,62.06666666666666,90,67.16666666666667,112,64.83333333333333,111,57.66666666666666,100,60.63333333333333,,,,
11:20:00,769895,210,E,ML,34.230849,-118.265101,LOWELL / HONOLULU,15.68,370,64.93333333333334,107,69.16666666666667,102,66.36666666666666,90,62.86666666666667,71,58.7,,,,
11:20:00,769984,210,E,ML,34.202989,-118.191827,GOULD,20.4,290,61.66666666666666,76,66.63333333333333,79,63.333333333333336,69,59.06666666666666,65,56.6,,,,
11:20:00,770116,210,E,ML,34.234317,-118.286992,LA TUNA CANYON,14.39,208,63.56666666666666,64,69.23333333333333,65,66.0,47,57.0,31,57.93333333333334,,,,
11:20:00,770385,210,E,ML,34.206925,-118.21372,EB/NB 2 TO EB 210 CN,19.08,270,62.333333333333336,70,75.39999999999999,77,68.39999999999999,58,49.7,65,53.26666666666667,,,,
11:20:00,770578,210,E,ML,34.156489,-118.158295,WINONA WAY,24.442,103,63.833333333333336,69,67.23333333333333,33,56.66666666666666,,,,,,,,
11:25:00,717617,210,E,ML,34.179921,-118.167405,ARROYO,22.6,255,57.86666666666667,66,62.56666666666666,71,59.4,62,55.7,56,53.06666666666666,,,,
11:25:00,717620,210,E,ML,34.174756,-118.160407,LINCOLN 1,23.14,232,60.833333333333336,42,70.83333333333333,61,65.8,69,59.6,59,50.13333333333333,,,,
11:25:00,717625,210,E,ML,34.160546,-118.158748,MOUNTAIN 2,24.16,243,57.36666666666667,71,63.63333333333333,40,68.63333333333334,31,62.333333333333336,101,46.86666666666667,,,,
11:25:00,717628,210,E,ML,34.152216,-118.156144,WALNUT,24.81,45,59.96666666666666,45,59.96666666666666,,,,,,,,,,
11:25:00,717631,210,E,ML,34.15099,-118.152369,FAIR OAKS 1,25.12,101,62.79999999999999,21,68.1,31,64.6,27,61.29999999999999,22,57.20000000000001,,,,
11:25:00,717633,210,E,ML,34.151691,-118.142523,MARENGO,25.72,592,60.5,100,65.7,117,63.5,102,61.79999999999999,104,59.4,95,55.4,74,55.4
11:25:00,717635,210,E,ML,34.151658,-118.12944,LAKE 2,26.47,588,64.83333333333333,112,70.26666666666667,117,67.8,114,65.23333333333333,103,63.16666666666666,143,59.03333333333333,,
11:25:00,717638,210,E,ML,34.152187,-118.117782,HILL 1,27.14,588,65.60000000000001,131,69.7,123,65.96666666666667,115,71.89999999999999,111,68.86666666666666,108,50.13333333333333,,
11:25:00,717640,210,E,ML,34.152301,-118.109239,ALLEN,27.63,551,63.73333333333333,53,76.53333333333335,139,66.7,125,65.76666666666667,114,57.5,121,58.36666666666667,,
11:25:00,717646,210,E,ML,34.151406,-118.091041,SAN GABRIEL,28.68,548,63.63333333333333,128,71.03333333333333,138,63.96666666666667,94,56.866666666666674,90,63.93333333333334,99,60.16666666666666,,
11:25:00,717650,210,E,ML,34.147621,-118.079037,SIERRA MADRE V2,29.44,478,61.93333333333334,121,66.86666666666666,113,64.16666666666667,96,58.133333333333326,88,56.96666666666667,60,61.133333333333326,,
11:25:00,761093,210,E,HV,34.151691,-118.142523,MARENGO,25.72,102,62.79999999999999,102,62.79999999999999,,,,,,,,,,
11:25:00,761098,210,E,HV,34.151658,-118.12944,LAKE 2,26.47,102,62.79999999999999,102,62.79999999999999,,,,,,,,,,
11:25:00,761102,210,E,HV,34.152187,-118.117782,HILL 1,27.14,57,64.73333333333333,57,64.73333333333333,,,,,,,,,,
11:25:00,761105,210,E,HV,34.152301,-118.109239,ALLEN,27.63,126,59.0,126,59.0,,,,,,,,,,
11:25:00,761109,210,E,HV,34.151406,-118.091041,SAN GABRIEL,28.68,60,64.66666666666667,60,64.66666666666667,,,,,,,,,,
11:25:00,761112,210,E,HV,34.147621,-118.079037,SIERRA MADRE V2,29.44,56,62.1,56,62.1,,,,,,,,,,
11:25:00,763614,210,E,HV,34.15099,-118.152369,FAIR OAKS 1,25.12,102,62.79999999999999,102,62.79999999999999,,,,,,,,,,
11:25:00,769788,210,E,ML,34.189219,-118.180753,BERKSHIRE,21.58,283,63.0,75,68.10000000000001,78,64.8,68,60.2,62,57.63333333333333,,,,
11:25:00,769806,210,E,ML,34.196934,-118.185042,FOOTHILL,20.98,284,63.4,69,63.8,86,69.33333333333333,72,68.13333333333334,57,48.2,,,,
11:25:00,769819,210,E,ML,34.205892,-118.198234,ANGELES CREST HWY NB,19.98,101,62.79999999999999,21,68.1,31,64.6,27,61.29999999999999,22,57.20000000000001,,,,
11:25:00,769831,210,E,ML,34.206745,-118.201533,ANGELES CREST HWY SB,19.78,237,53.26666666666667,62,57.8,66,54.73333333333333,57,50.63333333333333,52,48.9,,,,
11:25:00,769847,210,E,ML,34.211728,-118.228265,OCEAN VIEW,18.18,260,62.9,72,74.39999999999999,88,70.13333333333333,61,52.2,39,41.766666666666666,,,,
11:25:00,769866,210,E,ML,34.218398,-118.239738,LA CRESCENTA,17.38,432,56.56666666666666,77,63.7,108,59.63333333333333,101,52.6,146,53.66666666666666,,,,
11:25:00,769880,210,E,ML,34.221426,-118.245718,PENNSYLVANIA,16.98,367,62.63333333333333,79,68.76666666666667,103,65.39999999999999,102,57.26666666666667,84,61.0,,,,
11:25:00,769895,210,E,ML,34.230849,-118.265101,LOWELL / HONOLULU,15.68,325,65.83333333333333,94,69.66666666666667,94,66.83333333333333,76,64.93333333333334,61,59.7,,,,
11:25:00,769984,210,E,ML,34.202989,-118.191827,GOULD,20.4,285,62.96666666666667,75,67.96666666666667,78,64.66666666666667,68,60.26666666666667,63,57.66666666666666,,,,
11:25:00,770116,210,E,ML,34.234317,-118.286992,LA TUNA CANYON,14.39,215,64.03333333333333,66,69.7,67,66.36666666666666,49,57.8,32,58.2,,,,
11:25:00,770385,210,E,ML,34.206925,-118.21372,EB/NB 2 TO EB 210 CN,19.08,252,60.93333333333334,69,75.10000000000001,71,67.5,66,46.86666666666667,46,48.53333333333333,,,,
11:25:00,770578,210,E,ML,34.156489,-118.158295,WINONA WAY,24.442,117,64.73333333333333,78,67.53333333333333,38,58.46666666666667,,,,,,,,
11:30:00,717617,210,E,ML,34.179921,-118.167405,ARROYO,22.6,272,58.56666666666666,71,63.23333333333333,75,60.03333333333333,66,56.5,60,53.76666666666667,,,,
11:30:00,717620,210,E,ML,34.174756,-118.160407,LINCOLN 1,23.14,263,61.6,58,71.46666666666667,69,67.10000000000001,72,58.43333333333334,65,50.833333333333336,,,,
11:30:00,717625,210,E,ML,34.160546,-118.158748,MOUNTAIN 2,24.16,252,57.9,80,62.63333333333333,42,68.8,47,60.9,83,46.46666666666667,,,,
11:30:00,717628,210,E,ML,34.152216,-118.156144,WALNUT,24.81,51,57.96666666666667,51,57.96666666666667,,,,,,,,,,
11:30:00,717631,210,E,ML,34.15099,-118.152369,FAIR OAKS 1,25.12,101,62.79999999999999,21,68.1,31,64.6,27,61.29999999999999,22,57.20000000000001,,,,
11:30:00,717633,210,E,ML,34.151691,-118.142523,MARENGO,25.72,599,60.5,102,65.6,118,63.4,103,61.70000000000001,105,59.29999999999999,96,55.29999999999999,75,55.29999999999999
11:30:00,717635,210,E,ML,34.151658,-118.12944,LAKE 2,26.47,573,64.7,109,70.10000000000001,114,67.66666666666667,111,65.10000000000001,100,63.06666666666666,139,58.9,,
11:30:00,717638,210,E,ML,34.152187,-118.117782,HILL 1,27.14,581,65.0,129,70.03333333333333,124,65.16666666666667,111,72.10000000000001,107,68.89999999999999,110,47.16666666666666,,
11:30:00,717640,210,E,ML,34.152301,-118.109239,ALLEN,27.63,538,63.4,56,75.93333333333334,137,67.0,123,65.23333333333333,108,56.333333333333336,114,57.93333333333334,,
11:30:00,717646,210,E,ML,34.151406,-118.091041,SAN GABRIEL,28.68,573,63.56666666666666,141,70.60000000000001,144,63.7,99,55.833333333333336,88,63.16666666666666,100,61.46666666666667,,
11:30:00,717650,210,E,ML,34.147621,-118.079037,SIERRA MADRE V2,29.44,511,63.23333333333333,140,67.66666666666667,116,65.43333333333334,105,58.3,89,58.76666666666667,61,64.0,,
11:30:00,761093,210,E,HV,34.151691,-118.142523,MARENGO,25.72,101,62.79999999999999,101,62.79999999999999,,,,,,,,,,
11:30:00,761098,210,E,HV,34.151658,-118.12944,LAKE 2,26.47,101,62.79999999999999,101,62.79999999999999,,,,,,,,,,
11:30:00,761102,210,E,HV,34.152187,-118.117782,HILL 1,27.14,55,64.76666666666667,55,64.76666666666667,,,,,,,,,,
11:30:00,761105,210,E,HV,34.152301,-118.109239,ALLEN,27.63,135,58.26666666666667,135,58.26666666666667,,,,,,,,,,
11:30:00,761109,210,E,HV,34.151406,-118.091041,SAN GABRIEL,28.68,58,65.2,58,65.2,,,,,,,,,,
11:30:00,761112,210,E,HV,34.147621,-118.079037,SIERRA MADRE V2,29.44,60,62.2,60,62.2,,,,,,,,,,
11:30:00,763614,210,E,HV,34.15099,-118.152369,FAIR OAKS 1,25.12,101,62.79999999999999,101,62.79999999999999,,,,,,,,,,
11:30:00,769788,210,E,ML,34.189219,-118.180753,BERKSHIRE,21.58,275,61.0,73,65.96666666666667,76,62.73333333333333,66,58.3,61,55.9,,,,
11:30:00,769806,210,E,ML,34.196934,-118.185042,FOOTHILL,20.98,262,62.56666666666666,65,62.5,75,68.3,73,68.8,49,44.66666666666666,,,,
11:30:00,769819,210,E,ML,34.205892,-118.198234,ANGELES CREST HWY NB,19.98,101,62.79999999999999,21,68.1,31,64.6,27,61.29999999999999,22,57.20000000000001,,,,
11:30:00,769831,210,E,ML,34.206745,-118.201533,ANGELES CREST HWY SB,19.78,258,54.9,68,59.56666666666666,71,56.46666666666667,62,52.13333333333333,56,50.23333333333333,,,,
11:30:00,769847,210,E,ML,34.211728,-118.228265,OCEAN VIEW,18.18,238,62.0,67,74.96666666666667,70,69.63333333333333,60,51.43333333333334,41,42.9,,,,
11:30:00,769866,210,E,ML,34.218398,-118.239738,LA CRESCENTA,17.38,374,61.16666666666666,68,68.46666666666667,79,64.36666666666666,95,57.4,132,58.2,,,,
11:30:00,769880,210,E,ML,34.221426,-118.245718,PENNSYLVANIA,16.98,344,62.63333333333333,78,67.96666666666667,93,65.86666666666666,92,57.66666666666666,81,61.53333333333333,,,,
11:30:00,769895,210,E,ML,34.230849,-118.265101,LOWELL / HONOLULU,15.68,303,65.53333333333333,87,70.06666666666666,85,67.13333333333333,71,63.0,60,59.86666666666667,,,,
11:30:00,769984,210,E,ML,34.202989,-118.191827,GOULD,20.4,276,61.0,73,65.86666666666666,76,62.6,66,58.36666666666667,61,55.96666666666667,,,,
11:30:00,770116,210,E,ML,34.234317,-118.286992,LA TUNA CANYON,14.39,199,64.2,61,69.66666666666667,62,66.36666666666666,45,58.4,30,58.3,,,,
11:30:00,770385,210,E,ML,34.206925,-118.21372,EB/NB 2 TO EB 210 CN,19.08,268,60.833333333333336,66,74.0,82,66.73333333333333,59,48.03333333333333,61,50.66666666666666,,,,
11:30:00,770578,210,E,ML,34.156489,-118.158295,WINONA WAY,24.442,122,62.36666666666667,77,65.93333333333334,45,56.03333333333333,,,,,,,,
11:35:00,717617,210,E,ML,34.179921,-118.167405,ARROYO,22.6,221,57.76666666666667,57,62.36666666666667,62,59.2,54,55.7,48,53.1,,,,
11:35:00,717620,210,E,ML,34.174756,-118.160407,LINCOLN 1,23.14,212,61.833333333333336,45,71.96666666666667,61,68.2,56,57.36666666666667,50,50.13333333333333,,,,
11:35:00,717625,210,E,ML,34.160546,-118.158748,MOUNTAIN 2,24.16,208,57.86666666666667,64,63.03333333333334,34,69.56666666666666,30,61.3,81,46.53333333333333,,,,
11:35:00,717628,210,E,ML,34.152216,-118.156144,WALNUT,24.81,41,59.03333333333333,41,59.03333333333333,,,,,,,,,,
11:35:00,717631,210,E,ML,34.15099,-118.152369,FAIR OAKS 1,25.12,100,62.79999999999999,21,68.1,30,64.6,27,61.29999999999999,22,57.20000000000001,,,,
11:35:00,717633,210,E,ML,34.151691,-118.142523,MARENGO,25.72,597,60.5,101,65.6,118,63.4,103,61.70000000000001,105,59.29999999999999,96,55.29999999999999,74,55.29999999999999
11:35:00,717635,210,E,ML,34.151658,-118.12944,LAKE 2,26.47,571,64.73333333333333,108,70.13333333333334,114,67.7,110,65.13333333333334,100,63.13333333333333,138,58.96666666666667,,
11:35:00,717638,210,E,ML,34.152187,-118.117782,HILL 1,27.14,577,64.76666666666667,128,69.46666666666665,124,65.8,109,71.9,105,69.10000000000001,112,47.5,,
11:35:00,717640,210,E,ML,34.152301,-118.109239,ALLEN,27.63,533,63.3,60,75.7,131,67.26666666666667,120,65.16666666666667,106,56.26666666666667,116,56.86666666666667,,
11:35:00,717646,210,E,ML,34.151406,-118.091041,SAN GABRIEL,28.68,534,63.4,133,69.86666666666666,136,64.16666666666667,95,58.5,80,59.36666666666667,91,61.4,,
11:35:00,717650,210,E,ML,34.147621,-118.079037,SIERRA MADRE V2,29.44,480,62.46666666666667,126,67.93333333333334,115,64.3,99,57.73333333333333,83,56.3,58,63.56666666666666,,
11:35:00,761093,210,E,HV,34.151691,-118.142523,MARENGO,25.72,100,62.79999999999999,100,62.79999999999999,,,,,,,,,,
11:35:00,761098,210,E,HV,34.151658,-118.12944,LAKE 2,26.47,100,62.79999999999999,100,62.79999999999999,,,,,,,,,,
11:35:00,761102,210,E,HV,34.152187,-118.117782,HILL 1,27.14,62,64.8,62,64.8,,,,,,,,,,
11:35:00,761105,210,E,HV,34.152301,-118.109239,ALLEN,27.63,129,58.43333333333334,129,58.43333333333334,,,,,,,,,,
11:35:00,761109,210,E,HV,34.151406,-118.091041,SAN GABRIEL,28.68,65,65.2,65,65.2,,,,,,,,,,
11:35:00,761112,210,E,HV,34.147621,-118.079037,SIERRA MADRE V2,29.44,69,62.3,69,62.3,,,,,,,,,,
11:35:00,763614,210,E,HV,34.15099,-118.152369,FAIR OAKS 1,25.12,100,62.79999999999999,100,62.79999999999999,,,,,,,,,,
11:35:00,769788,210,E,ML,34.189219,-118.180753,BERKSHIRE,21.58,249,61.13333333333333,65,66.06666666666666,69,62.86666666666667,60,58.43333333333334,56,56.0,,,,
11:35:00,769806,210,E,ML,34.196934,-118.185042,FOOTHILL,20.98,257,61.7,59,61.16666666666666,87,68.26666666666667,65,67.43333333333334,46,43.13333333333333,,,,
11:35:00,769819,210,E,ML,34.205892,-118.198234,ANGELES CREST HWY NB,19.98,100,62.79999999999999,21,68.1,30,64.6,27,61.29999999999999,22,57.20000000000001,,,,
11:35:00,769831,210,E,ML,34.206745,-118.201533,ANGELES CREST HWY SB,19.78,289,53.73333333333333,76,58.36666666666667,80,55.333333333333336,69,50.96666666666667,64,49.16666666666666,,,,
11:35:00,769847,210,E,ML,34.211728,-118.228265,OCEAN VIEW,18.18,231,61.5,63,74.36666666666666,73,69.46666666666665,58,49.96666666666667,36,42.3,,,,
11:35:00,769866,210,E,ML,34.218398,-118.239738,LA CRESCENTA,17.38,413,60.7,79,70.3,101,65.36666666666667,96,55.03333333333333,137,55.833333333333336,,,,
11:35:00,769880,210,E,ML,34.221426,-118.245718,PENNSYLVANIA,16.98,377,62.46666666666667,82,68.7,107,65.5,101,56.93333333333334,88,61.0,,,,
11:35:00,769895,210,E,ML,34.230849,-118.265101,LOWELL / HONOLULU,15.68,325,65.03333333333333,96,69.83333333333333,95,66.83333333333333,79,60.93333333333334,55,59.7,,,,
11:35:00,769984,210,E,ML,34.202989,-118.191827,GOULD,20.4,251,61.06666666666666,65,66.0,69,62.76666666666667,61,58.53333333333333,56,56.1,,,,
11:35:00,770116,210,E,ML,34.234317,-118.286992,LA TUNA CANYON,14.39,210,64.13333333333333,65,69.43333333333334,65,66.26666666666667,48,58.66666666666666,32,58.4,,,,
11:35:00,770385,210,E,ML,34.206925,-118.21372,EB/NB 2 TO EB 210 CN,19.08,299,60.16666666666666,79,73.63333333333334,85,67.5,72,46.16666666666666,63,49.23333333333333,,,,
11:35:00,770578,210,E,ML,34.156489,-118.158295,WINONA WAY,24.442,85,63.7,51,67.56666666666668,33,57.333333333333336,,,,,,,,
11:40:00,717617,210,E,ML,34.179921,-118.167405,ARROYO,22.6,227,60.43333333333334,58,65.33333333333333,63,62.06666666666666,55,58.3,51,55.43333333333334,,,,
11:40:00,717620,210,E,ML,34.174756,-118.160407,LINCOLN 1,23.14,202,62.9,41,72.93333333333334,57,68.43333333333334,61,60.9,43,48.73333333333333,,,,
11:40:00,717625,210,E,ML,34.160546,-118.158748,MOUNTAIN 2,24.16,228,57.96666666666667,64,63.9,40,69.66666666666667,38,61.36666666666667,86,46.23333333333333,,,,
11:40:00,717628,210,E,ML,34.152216,-118.156144,WALNUT,24.81,47,60.9,47,60.9,,,,,,,,,,
11:40:00,717631,210,E,ML,34.15099,-118.152369,FAIR OAKS 1,25.12,101,62.9,21,68.2,31,64.7,27,61.4,22,57.20000000000001,,,,
11:40:00,717633,210,E,ML,34.151691,-118.142523,MARENGO,25.72,603,60.29999999999999,102,65.5,119,63.29999999999999,104,61.6,106,59.20000000000001,97,55.20000000000001,75,55.20000000000001
11:40:00,717635,210,E,ML,34.151658,-118.12944,LAKE 2,26.47,596,64.39999999999999,113,69.86666666666667,119,67.26666666666667,115,64.83333333333333,105,62.76666666666667,144,58.66666666666666,,
11:40:00,717638,210,E,ML,34.152187,-118.117782,HILL 1,27.14,598,64.76666666666667,138,68.63333333333334,134,64.96666666666667,107,72.06666666666666,107,68.93333333333334,112,48.63333333333333,,
11:40:00,717640,210,E,ML,34.152301,-118.109239,ALLEN,27.63,565,62.93333333333334,60,75.83333333333333,144,66.60000000000001,133,65.43333333333334,117,56.16666666666666,110,55.16666666666666,,
11:40:00,717646,210,E,ML,34.151406,-118.091041,SAN GABRIEL,28.68,575,63.96666666666667,139,70.26666666666667,142,65.06666666666666,103,60.56666666666666,86,59.43333333333334,104,60.96666666666666,,
11:40:00,717650,210,E,ML,34.147621,-118.079037,SIERRA MADRE V2,29.44,513,62.56666666666666,138,68.46666666666667,120,64.43333333333334,103,57.16666666666666,87,55.5,65,63.56666666666666,,
11:40:00,761093,210,E,HV,34.151691,-118.142523,MARENGO,25.72,101,62.9,101,62.9,,,,,,,,,,
11:40:00,761098,210,E,HV,34.151658,-118.12944,LAKE 2,26.47,101,62.9,101,62.9,,,,,,,,,,
11:40:00,761102,210,E,HV,34.152187,-118.117782,HILL 1,27.14,60,64.93333333333334,60,64.93333333333334,,,,,,,,,,
11:40:00,761105,210,E,HV,34.152301,-118.109239,ALLEN,27.63,126,57.93333333333334,126,57.93333333333334,,,,,,,,,,
11:40:00,761109,210,E,HV,34.151406,-118.091041,SAN GABRIEL,28.68,62,64.56666666666666,62,64.56666666666666,,,,,,,,,,
11:40:00,761112,210,E,HV,34.147621,-118.079037,SIERRA MADRE V2,29.44,64,61.93333333333334,64,61.93333333333334,,,,,,,,,,
11:40:00,763614,210,E,HV,34.15099,-118.152369,FAIR OAKS 1,25.12,101,62.9,101,62.9,,,,,,,,,,
11:40:00,769788,210,E,ML,34.189219,-118.180753,BERKSHIRE,21.58,276,60.73333333333333,73,65.63333333333334,76,62.46666666666666,66,58.1,61,55.66666666666666,,,,
11:40:00,769806,210,E,ML,34.196934,-118.185042,FOOTHILL,20.98,280,60.76666666666667,68,60.73333333333333,84,66.36666666666666,75,65.83333333333333,52,43.9,,,,
11:40:00,769819,210,E,ML,34.205892,-118.198234,ANGELES CREST HWY NB,19.98,101,62.9,21,68.2,31,64.7,27,61.4,22,57.20000000000001,,,,
11:40:00,769831,210,E,ML,34.206745,-118.201533,ANGELES CREST HWY SB,19.78,241,53.76666666666667,62,58.333333333333336,67,55.3,58,51.16666666666666,54,49.36666666666667,,,,
11:40:00,769847,210,E,ML,34.211728,-118.228265,OCEAN VIEW,18.18,240,62.73333333333333,65,73.86666666666666,83,69.60000000000001,55,53.03333333333333,36,42.0,,,,
11:40:00,769866,210,E,ML,34.218398,-118.239738,LA CRESCENTA,17.38,420,61.76666666666667,83,70.76666666666667,98,66.33333333333333,100,58.06666666666666,139,55.56666666666666,,,,
11:40:00,769880,210,E,ML,34.221426,-118.245718,PENNSYLVANIA,16.98,362,62.26666666666667,81,67.5,98,64.7,102,58.86666666666667,81,59.833333333333336,,,,
11:40:00,769895,210,E,ML,34.230849,-118.265101,LOWELL / HONOLULU,15.68,324,64.76666666666667,98,69.2,93,66.8,76,61.56666666666666,57,57.53333333333333,,,,
11:40:00,769984,210,E,ML,34.202989,-118.191827,GOULD,20.4,277,60.76666666666667,73,65.56666666666668,76,62.4,66,58.16666666666666,61,55.833333333333336,,,,
11:40:00,770116,210,E,ML,34.234317,-118.286992,LA TUNA CANYON,14.39,210,64.23333333333333,65,69.43333333333334,66,66.26666666666667,48,59.03333333333333,32,58.53333333333333,,,,
11:40:00,770385,210,E,ML,34.206925,-118.21372,EB/NB 2 TO EB 210 CN,19.08,245,61.333333333333336,61,72.93333333333334,72,68.96666666666667,63,51.36666666666667,49,47.8,,,,
11:40:00,770578,210,E,ML,34.156489,-118.158295,WINONA WAY,24.442,105,64.39999999999999,64,67.43333333333334,41,59.66666666666666,,,,,,,,
11:45:00,717617,210,E,ML,34.179921,-118.167405,ARROYO,22.6,239,60.96666666666667,61,65.93333333333334,66,62.6,58,58.76666666666667,53,55.833333333333336,,,,
11:45:00,717620,210,E,ML,34.174756,-118.160407,LINCOLN 1,23.14,224,63.63333333333333,44,73.10000000000001,61,70.03333333333335,67,61.633333333333326,51,50.833333333333336,,,,
11:45:00,717625,210,E,ML,34.160546,-118.158748,MOUNTAIN 2,24.16,233,57.86666666666667,72,62.73333333333334,37,70.3,38,59.8,87,47.833333333333336,,,,
11:45:00,717628,210,E,ML,34.152216,-118.156144,WALNUT,24.81,53,57.16666666666666,53,57.16666666666666,,,,,,,,,,
11:45:00,717631,210,E,ML,34.15099,-118.152369,FAIR OAKS 1,25.12,101,63.0,21,68.3,31,64.8,27,61.5,22,57.29999999999999,,,,
11:45:00,717633,210,E,ML,34.151691,-118.142523,MARENGO,25.72,603,60.20000000000001,102,65.4,119,63.20000000000001,104,61.5,106,59.1,97,55.1,75,55.1
11:45:00,717635,210,E,ML,34.151658,-118.12944,LAKE 2,26.47,573,64.36666666666666,109,69.8,114,67.3,111,64.83333333333333,100,62.73333333333333,139,58.66666666666666,,
11:45:00,717638,210,E,ML,34.152187,-118.117782,HILL 1,27.14,594,64.43333333333334,146,68.46666666666665,123,64.96666666666667,104,71.93333333333334,106,68.9,115,47.73333333333333,,
11:45:00,717640,210,E,ML,34.152301,-118.109239,ALLEN,27.63,556,62.46666666666667,62,75.43333333333334,147,65.93333333333334,129,65.26666666666667,110,54.13333333333333,108,55.2,,
11:45:00,717646,210,E,ML,34.151406,-118.091041,SAN GABRIEL,28.68,588,62.1,149,69.8,145,63.63333333333333,93,55.26666666666667,97,56.76666666666667,104,60.26666666666667,,
11:45:00,717650,210,E,ML,34.147621,-118.079037,SIERRA MADRE V2,29.44,512,60.13333333333333,140,65.8,117,63.133333333333326,107,54.26666666666667,85,53.03333333333333,64,61.1,,
11:45:00,761093,210,E,HV,34.151691,-118.142523,MARENGO,25.72,101,63.0,101,63.0,,,,,,,,,,
11:45:00,761098,210,E,HV,34.151658,-118.12944,LAKE 2,26.47,101,63.0,101,63.0,,,,,,,,,,
11:45:00,761102,210,E,HV,34.152187,-118.117782,HILL 1,27.14,57,64.8,57,64.8,,,,,,,,,,
11:45:00,761105,210,E,HV,34.152301,-118.109239,ALLEN,27.63,135,58.93333333333334,135,58.93333333333334,,,,,,,,,,
11:45:00,761109,210,E,HV,34.151406,-118.091041,SAN GABRIEL,28.68,62,64.96666666666665,62,64.96666666666665,,,,,,,,,,
11:45:00,761112,210,E,HV,34.147621,-118.079037,SIERRA MADRE V2,29.44,63,60.833333333333336,63,60.833333333333336,,,,,,,,,,
11:45:00,763614,210,E,HV,34.15099,-118.152369,FAIR OAKS 1,25.12,101,63.0,101,63.0,,,,,,,,,,
11:45:00,769788,210,E,ML,34.189219,-118.180753,BERKSHIRE,21.58,294,61.63333333333333,77,66.63333333333333,81,63.36666666666667,70,58.9,66,56.46666666666667,,,,
11:45:00,769806,210,E,ML,34.196934,-118.185042,FOOTHILL,20.98,302,62.56666666666666,72,61.73333333333333,93,66.76666666666667,86,69.23333333333333,50,42.6,,,,
11:45:00,769819,210,E,ML,34.205892,-118.198234,ANGELES CREST HWY NB,19.98,101,63.0,21,68.3,31,64.8,27,61.5,22,57.29999999999999,,,,
11:45:00,769831,210,E,ML,34.206745,-118.201533,ANGELES CREST HWY SB,19.78,292,54.0,77,58.53333333333333,80,55.53333333333333,69,51.333333333333336,65,49.6,,,,
11:45:00,769847,210,E,ML,34.211728,-118.228265,OCEAN VIEW,18.18,299,62.43333333333334,99,73.26666666666667,88,69.10000000000001,67,50.46666666666667,45,42.93333333333334,,,,
11:45:00,769866,210,E,ML,34.218398,-118.239738,LA CRESCENTA,17.38,468,62.56666666666666,111,71.16666666666667,112,66.96666666666667,105,56.93333333333334,140,56.4,,,,
11:45:00,769880,210,E,ML,34.221426,-118.245718,PENNSYLVANIA,16.98,409,62.36666666666667,81,67.5,109,65.36666666666666,111,58.76666666666667,108,60.23333333333333,,,,
11:45:00,769895,210,E,ML,34.230849,-118.265101,LOWELL / HONOLULU,15.68,362,64.06666666666666,106,69.43333333333334,102,66.3,85,59.1,69,57.86666666666667,,,,
11:45:00,769984,210,E,ML,34.202989,-118.191827,GOULD,20.4,295,61.63333333333333,78,66.53333333333335,81,63.333333333333336,71,59.0,66,56.5,,,,
11:45:00,770116,210,E,ML,34.234317,-118.286992,LA TUNA CANYON,14.39,197,64.03333333333335,60,69.06666666666666,62,66.0,45,59.03333333333333,30,58.5,,,,
11:45:00,770385,210,E,ML,34.206925,-118.21372,EB/NB 2 TO EB 210 CN,19.08,343,62.4,108,73.3,100,68.76666666666667,78,52.56666666666666,56,44.46666666666667,,,,
11:45:00,770578,210,E,ML,34.156489,-118.158295,WINONA WAY,24.442,114,63.1,67,67.73333333333333,47,55.03333333333333,,,,,,,,
11:50:00,717617,210,E,ML,34.179921,-118.167405,ARROYO,22.6,276,58.43333333333334,72,63.13333333333333,76,59.9,66,56.36666666666667,61,53.63333333333333,,,,
11:50:00,717620,210,E,ML,34.174756,-118.160407,LINCOLN 1,23.14,259,62.36666666666667,59,71.86666666666667,74,69.2,73,58.13333333333333,53,47.43333333333334,,,,
11:50:00,717625,210,E,ML,34.160546,-118.158748,MOUNTAIN 2,24.16,242,58.76666666666667,73,62.93333333333334,44,68.43333333333334,36,59.23333333333333,90,48.6,,,,
11:50:00,717628,210,E,ML,34.152216,-118.156144,WALNUT,24.81,50,59.06666666666666,50,59.06666666666666,,,,,,,,,,
11:50:00,717631,210,E,ML,34.15099,-118.152369,FAIR OAKS 1,25.12,100,63.1,21,68.4,30,64.9,27,61.6,22,57.4,,,,
11:50:00,717633,210,E,ML,34.151691,-118.142523,MARENGO,25.72,603,60.29999999999999,102,65.5,119,63.29999999999999,104,61.6,106,59.20000000000001,97,55.20000000000001,75,55.20000000000001
11:50:00,717635,210,E,ML,34.151658,-118.12944,LAKE 2,26.47,570,64.60000000000001,108,70.0,114,67.46666666666667,110,65.0,100,62.93333333333334,138,58.8,,
11:50:00,717638,210,E,ML,34.152187,-118.117782,HILL 1,27.14,581,65.16666666666667,136,68.10000000000001,135,65.3,101,71.96666666666665,106,69.10000000000001,103,50.333333333333336,,
11:50:00,717640,210,E,ML,34.152301,-118.109239,ALLEN,27.63,553,62.36666666666667,64,75.2,138,65.83333333333333,127,65.5,110,52.96666666666667,115,56.6,,
11:50:00,717646,210,E,ML,34.151406,-118.091041,SAN GABRIEL,28.68,574,61.7,139,70.03333333333333,142,62.66666666666666,99,53.5,89,57.23333333333333,104,61.0,,
11:50:00,717650,210,E,ML,34.147621,-118.079037,SIERRA MADRE V2,29.44,499,59.8,134,65.33333333333333,110,62.43333333333334,102,54.53333333333333,89,53.0,65,61.53333333333333,,
11:50:00,761093,210,E,HV,34.151691,-118.142523,MARENGO,25.72,100,63.1,100,63.1,,,,,,,,,,
11:50:00,761098,210,E,HV,34.151658,-118.12944,LAKE 2,26.47,100,63.1,100,63.1,,,,,,,,,,
11:50:00,761102,210,E,HV,34.152187,-118.117782,HILL 1,27.14,67,64.83333333333333,67,64.83333333333333,,,,,,,,,,
11:50:00,761105,210,E,HV,34.152301,-118.109239,ALLEN,27.63,127,58.1,127,58.1,,,,,,,,,,
11:50:00,761109,210,E,HV,34.151406,-118.091041,SAN GABRIEL,28.68,65,64.56666666666666,65,64.56666666666666,,,,,,,,,,
11:50:00,761112,210,E,HV,34.147621,-118.079037,SIERRA MADRE V2,29.44,62,59.53333333333334,62,59.53333333333334,,,,,,,,,,
11:50:00,763614,210,E,HV,34.15099,-118.152369,FAIR OAKS 1,25.12,100,63.1,100,63.1,,,,,,,,,,
11:50:00,769788,210,E,ML,34.189219,-118.180753,BERKSHIRE,21.58,298,60.2,79,65.03333333333333,82,61.9,71,57.5,67,55.2,,,,
11:50:00,769806,210,E,ML,34.196934,-118.185042,FOOTHILL,20.98,286,59.5,66,57.3,97,66.86666666666667,81,62.73333333333333,43,39.63333333333333,,,,
11:50:00,769819,210,E,ML,34.205892,-118.198234,ANGELES CREST HWY NB,19.98,100,63.1,21,68.4,30,64.9,27,61.6,22,57.4,,,,
11:50:00,769831,210,E,ML,34.206745,-118.201533,ANGELES CREST HWY SB,19.78,289,52.4,77,56.7,80,53.73333333333333,69,49.93333333333334,64,48.333333333333336,,,,
11:50:00,769847,210,E,ML,34.211728,-118.228265,OCEAN VIEW,18.18,273,61.63333333333333,84,72.43333333333334,87,69.23333333333333,63,47.66666666666666,39,45.06666666666666,,,,
11:50:00,769866,210,E,ML,34.218398,-118.239738,LA CRESCENTA,17.38,463,62.1,95,70.93333333333332,109,66.26666666666667,99,55.9,160,57.46666666666667,,,,
11:50:00,769880,210,E,ML,34.221426,-118.245718,PENNSYLVANIA,16.98,391,61.833333333333336,82,67.33333333333333,103,64.86666666666666,111,57.4,95,59.66666666666666,,,,
11:50:00,769895,210,E,ML,34.230849,-118.265101,LOWELL / HONOLULU,15.68,361,64.66666666666667,106,68.89999999999999,102,66.53333333333333,87,62.56666666666667,66,57.06666666666666,,,,
11:50:00,769984,210,E,ML,34.202989,-118.191827,GOULD,20.4,300,60.2,80,64.96666666666667,82,61.73333333333333,72,57.63333333333333,67,55.26666666666667,,,,
11:50:00,770116,210,E,ML,34.234317,-118.286992,LA TUNA CANYON,14.39,206,64.43333333333334,63,70.0,64,66.66666666666667,47,58.53333333333333,31,58.43333333333334,,,,
11:50:00,770385,210,E,ML,34.206925,-118.21372,EB/NB 2 TO EB 210 CN,19.08,342,61.36666666666667,101,74.63333333333334,97,66.73333333333333,77,51.43333333333334,66,43.3,,,,
11:50:00,770578,210,E,ML,34.156489,-118.158295,WINONA WAY,24.442,116,63.833333333333336,72,67.60000000000001,44,57.400000000000006,,,,,,,,
11:55:00,717617,210,E,ML,34.179921,-118.167405,ARROYO,22.6,232,55.16666666666666,59,59.866666666666674,64,56.7,57,52.93333333333334,52,50.63333333333333,,,,
11:55:00,717620,210,E,ML,34.174756,-118.160407,LINCOLN 1,23.14,228,58.833333333333336,54,69.83333333333333,63,66.63333333333334,57,51.8,54,45.4,,,,
11:55:00,717625,210,E,ML,34.160546,-118.158748,MOUNTAIN 2,24.16,231,55.76666666666667,65,60.70000000000001,43,67.16666666666667,37,58.8,86,43.43333333333334,,,,
11:55:00,717628,210,E,ML,34.152216,-118.156144,WALNUT,24.81,47,59.23333333333333,47,59.23333333333333,,,,,,,,,,
11:55:00,717631,210,E,ML,34.15099,-118.152369,FAIR OAKS 1,25.12,100,63.1,21,68.4,30,64.9,27,61.6,22,57.4,,,,
11:55:00,717633,210,E,ML,34.151691,-118.142523,MARENGO,25.72,597,60.4,101,65.5,118,63.29999999999999,103,61.6,105,59.20000000000001,96,55.20000000000001,74,55.20000000000001
11:55:00,717635,210,E,ML,34.151658,-118.12944,LAKE 2,26.47,588,63.76666666666667,112,69.2,117,66.5,113,64.23333333333333,103,62.06666666666666,142,58.13333333333333,,
11:55:00,717638,210,E,ML,34.152187,-118.117782,HILL 1,27.14,606,63.5,142,67.53333333333333,128,62.9,110,71.76666666666667,104,69.06666666666666,121,47.1,,
11:55:00,717640,210,E,ML,34.152301,-118.109239,ALLEN,27.63,562,61.1,73,73.96666666666667,139,64.96666666666667,128,63.16666666666666,104,50.833333333333336,118,55.46666666666667,,
11:55:00,717646,210,E,ML,34.151406,-118.091041,SAN GABRIEL,28.68,563,60.93333333333334,142,69.23333333333333,139,61.1,86,53.36666666666667,90,56.16666666666666,105,60.1,,
11:55:00,717650,210,E,ML,34.147621,-118.079037,SIERRA MADRE V2,29.44,490,59.53333333333333,135,65.23333333333333,116,61.03333333333333,97,52.86666666666667,81,53.73333333333333,61,61.866666666666674,,
11:55:00,761093,210,E,HV,34.151691,-118.142523,MARENGO,25.72,100,63.1,100,63.1,,,,,,,,,,
11:55:00,761098,210,E,HV,34.151658,-118.12944,LAKE 2,26.47,100,63.1,100,63.1,,,,,,,,,,
11:55:00,761102,210,E,HV,34.152187,-118.117782,HILL 1,27.14,73,64.76666666666667,73,64.76666666666667,,,,,,,,,,
11:55:00,761105,210,E,HV,34.152301,-118.109239,ALLEN,27.63,132,57.73333333333333,132,57.73333333333333,,,,,,,,,,
11:55:00,761109,210,E,HV,34.151406,-118.091041,SAN GABRIEL,28.68,72,64.23333333333333,72,64.23333333333333,,,,,,,,,,
11:55:00,761112,210,E,HV,34.147621,-118.079037,SIERRA MADRE V2,29.44,79,59.46666666666667,79,59.46666666666667,,,,,,,,,,
11:55:00,763614,210,E,HV,34.15099,-118.152369,FAIR OAKS 1,25.12,100,63.1,100,63.1,,,,,,,,,,
11:55:00,769788,210,E,ML,34.189219,-118.180753,BERKSHIRE,21.58,277,60.16666666666666,72,65.06666666666666,76,61.86666666666667,66,57.53333333333333,62,55.2,,,,
11:55:00,769806,210,E,ML,34.196934,-118.185042,FOOTHILL,20.98,286,61.43333333333334,66,60.66666666666666,97,67.56666666666666,74,64.7,50,44.93333333333334,,,,
11:55:00,769819,210,E,ML,34.205892,-118.198234,ANGELES CREST HWY NB,19.98,100,63.1,21,68.4,30,64.9,27,61.6,22,57.4,,,,
11:55:00,769831,210,E,ML,34.206745,-118.201533,ANGELES CREST HWY SB,19.78,275,52.36666666666667,73,56.9,76,53.86666666666667,66,49.63333333333333,60,48.0,,,,
11:55:00,769847,210,E,ML,34.211728,-118.228265,OCEAN VIEW,18.18,247,61.56666666666666,66,73.36666666666666,79,70.23333333333333,63,49.6,39,43.63333333333333,,,,
11:55:00,769866,210,E,ML,34.218398,-118.239738,LA CRESCENTA,17.38,393,63.36666666666667,78,71.23333333333333,78,68.63333333333333,96,58.36666666666667,141,59.46666666666667,,,,
11:55:00,769880,210,E,ML,34.221426,-118.245718,PENNSYLVANIA,16.98,351,62.866666666666674,83,67.36666666666666,99,66.39999999999999,90,58.5,79,60.46666666666667,,,,
11:55:00,769895,210,E,ML,34.230849,-118.265101,LOWELL / HONOLULU,15.68,311,65.03333333333333,91,70.06666666666666,89,66.2,76,62.4,55,58.03333333333334,,,,
11:55:00,769984,210,E,ML,34.202989,-118.191827,GOULD,20.4,278,60.13333333333333,73,64.93333333333334,76,61.76666666666667,67,57.6,62,55.26666666666667,,,,
11:55:00,770116,210,E,ML,34.234317,-118.286992,LA TUNA CANYON,14.39,205,63.06666666666666,63,68.5,64,65.46666666666667,47,56.66666666666666,31,57.8,,,,
11:55:00,770385,210,E,ML,34.206925,-118.21372,EB/NB 2 TO EB 210 CN,19.08,296,59.16666666666666,73,73.8,92,65.8,68,47.43333333333334,63,45.23333333333333,,,,
11:55:00,770578,210,E,ML,34.156489,-118.158295,WINONA WAY,24.442,106,63.76666666666667,65,67.43333333333334,40,57.56666666666666,,,,,,,,
12:00:00,717617,210,E,ML,34.179921,-118.167405,ARROYO,22.6,197,52.43333333333334,49,56.96666666666667,55,53.9,48,50.26666666666667,44,48.1,,,,
12:00:00,717620,210,E,ML,34.174756,-118.160407,LINCOLN 1,23.14,184,56.46666666666667,43,68.93333333333334,48,65.16666666666667,50,49.8,43,41.333333333333336,,,,
12:00:00,717625,210,E,ML,34.160546,-118.158748,MOUNTAIN 2,24.16,192,54.20000000000001,56,58.5,25,67.16666666666667,29,56.6,81,43.23333333333333,,,,
12:00:00,717628,210,E,ML,34.152216,-118.156144,WALNUT,24.81,32,61.56666666666667,32,61.56666666666667,,,,,,,,,,
12:00:00,717631,210,E,ML,34.15099,-118.152369,FAIR OAKS 1,25.12,100,62.9,21,68.2,30,64.7,27,61.4,22,57.20000000000001,,,,
12:00:00,717633,210,E,ML,34.151691,-118.142523,MARENGO,25.72,594,60.5,101,65.6,117,63.4,102,61.70000000000001,105,59.29999999999999,95,55.29999999999999,74,55.29999999999999
12:00:00,717635,210,E,ML,34.151658,-118.12944,LAKE 2,26.47,580,63.833333333333336,110,69.2,116,66.53333333333333,112,64.3,101,62.1,140,58.20000000000001,,
12:00:00,717638,210,E,ML,34.152187,-118.117782,HILL 1,27.14,603,64.06666666666666,144,68.5,125,63.333333333333336,114,71.93333333333334,104,68.73333333333333,115,47.26666666666667,,
12:00:00,717640,210,E,ML,34.152301,-118.109239,ALLEN,27.63,579,60.36666666666667,64,74.83333333333333,152,64.53333333333333,130,62.46666666666667,116,49.833333333333336,118,55.1,,
12:00:00,717646,210,E,ML,34.151406,-118.091041,SAN GABRIEL,28.68,592,60.36666666666667,151,68.5,151,60.46666666666667,99,50.76666666666667,92,58.76666666666667,99,58.86666666666667,,
12:00:00,717650,210,E,ML,34.147621,-118.079037,SIERRA MADRE V2,29.44,524,58.23333333333333,146,63.79999999999999,117,59.73333333333333,105,52.06666666666666,92,53.1,63,60.2,,
12:00:00,761093,210,E,HV,34.151691,-118.142523,MARENGO,25.72,100,62.9,100,62.9,,,,,,,,,,
12:00:00,761098,210,E,HV,34.151658,-118.12944,LAKE 2,26.47,100,62.9,100,62.9,,,,,,,,,,
12:00:00,761102,210,E,HV,34.152187,-118.117782,HILL 1,27.14,66,64.8,66,64.8,,,,,,,,,,
12:00:00,761105,210,E,HV,34.152301,-118.109239,ALLEN,27.63,135,55.23333333333333,135,55.23333333333333,,,,,,,,,,
12:00:00,761109,210,E,HV,34.151406,-118.091041,SAN GABRIEL,28.68,67,61.7,67,61.7,,,,,,,,,,
12:00:00,761112,210,E,HV,34.147621,-118.079037,SIERRA MADRE V2,29.44,66,57.9,66,57.9,,,,,,,,,,
12:00:00,763614,210,E,HV,34.15099,-118.152369,FAIR OAKS 1,25.12,100,62.9,100,62.9,,,,,,,,,,
12:00:00,769788,210,E,ML,34.189219,-118.180753,BERKSHIRE,21.58,258,58.13333333333333,68,62.833333333333336,71,59.73333333333333,62,55.53333333333333,57,53.36666666666667,,,,
12:00:00,769806,210,E,ML,34.196934,-118.185042,FOOTHILL,20.98,251,58.06666666666666,61,56.46666666666667,77,68.89999999999999,67,58.93333333333334,46,41.766666666666666,,,,
12:00:00,769819,210,E,ML,34.205892,-118.198234,ANGELES CREST HWY NB,19.98,100,62.9,21,68.2,30,64.7,27,61.4,22,57.20000000000001,,,,
12:00:00,769831,210,E,ML,34.206745,-118.201533,ANGELES CREST HWY SB,19.78,275,50.66666666666666,72,55.1,76,52.1,66,47.96666666666667,61,46.53333333333333,,,,
12:00:00,769847,210,E,ML,34.211728,-118.228265,OCEAN VIEW,18.18,250,62.96666666666667,78,73.7,78,71.03333333333333,57,50.0,36,42.23333333333333,,,,
12:00:00,769866,210,E,ML,34.218398,-118.239738,LA CRESCENTA,17.38,409,63.36666666666667,92,71.43333333333334,96,68.36666666666666,89,58.0,133,57.9,,,,
12:00:00,769880,210,E,ML,34.221426,-118.245718,PENNSYLVANIA,16.98,352,61.93333333333334,70,66.66666666666667,94,65.36666666666667,99,57.6,89,60.46666666666667,,,,
12:00:00,769895,210,E,ML,34.230849,-118.265101,LOWELL / HONOLULU,15.68,332,65.06666666666666,96,69.60000000000001,97,66.16666666666667,81,62.63333333333333,57,58.6,,,,
12:00:00,769984,210,E,ML,34.202989,-118.191827,GOULD,20.4,259,58.16666666666666,68,62.7,71,59.6,62,55.7,57,53.56666666666666,,,,
12:00:00,770116,210,E,ML,34.234317,-118.286992,LA TUNA CANYON,14.39,208,63.06666666666666,64,68.76666666666667,65,65.56666666666666,48,56.26666666666667,31,57.7,,,,
12:00:00,770385,210,E,ML,34.206925,-118.21372,EB/NB 2 TO EB 210 CN,19.08,291,57.7,76,73.16666666666667,74,66.5,73,47.43333333333334,68,43.16666666666666,,,,
12:00:00,770578,210,E,ML,34.156489,-118.158295,WINONA WAY,24.442,76,66.10000000000001,53,68.60000000000001,23,60.5,,,,,,,,
12:05:00,717617,210,E,ML,34.179921,-118.167405,ARROYO,22.6,250,52.26666666666667,65,56.6,70,53.5,61,50.2,55,48.06666666666666,,,,
12:05:00,717620,210,E,ML,34.174756,-118.160407,LINCOLN 1,23.14,242,56.4,54,70.10000000000001,70,64.36666666666666,61,49.73333333333333,58,40.66666666666666,,,,
12:05:00,717625,210,E,ML,34.160546,-118.158748,MOUNTAIN 2,24.16,232,55.16666666666666,70,57.93333333333334,43,67.10000000000001,32,56.66666666666666,87,43.46666666666666,,,,
12:05:00,717628,210,E,ML,34.152216,-118.156144,WALNUT,24.81,47,61.06666666666666,47,61.06666666666666,,,,,,,,,,
12:05:00,717631,210,E,ML,34.15099,-118.152369,FAIR OAKS 1,25.12,100,62.9,21,68.2,30,64.7,27,61.4,22,57.20000000000001,,,,
12:05:00,717633,210,E,ML,34.151691,-118.142523,MARENGO,25.72,599,60.4,102,65.5,118,63.29999999999999,103,61.6,105,59.20000000000001,96,55.20000000000001,75,55.20000000000001
12:05:00,717635,210,E,ML,34.151658,-118.12944,LAKE 2,26.47,625,63.8,118,69.2,126,66.53333333333335,121,64.26666666666667,110,62.1,151,58.16666666666666,,
12:05:00,717638,210,E,ML,34.152187,-118.117782,HILL 1,27.14,625,63.43333333333334,147,67.8,135,63.26666666666667,114,71.76666666666667,113,68.83333333333333,116,44.73333333333333,,
12:05:00,717640,210,E,ML,34.152301,-118.109239,ALLEN,27.63,598,61.5,76,75.46666666666665,154,64.43333333333332,130,63.6,118,52.1,120,55.76666666666667,,
12:05:00,717646,210,E,ML,34.151406,-118.091041,SAN GABRIEL,28.68,607,61.23333333333333,153,68.23333333333333,147,60.8,107,53.86666666666667,96,61.53333333333333,104,58.833333333333336,,
12:05:00,717650,210,E,ML,34.147621,-118.079037,SIERRA MADRE V2,29.44,547,59.36666666666667,151,64.73333333333333,125,61.06666666666666,111,54.1,93,53.56666666666666,67,60.5,,
12:05:00,761093,210,E,HV,34.151691,-118.142523,MARENGO,25.72,100,62.9,100,62.9,,,,,,,,,,
12:05:00,761098,210,E,HV,34.151658,-118.12944,LAKE 2,26.47,100,62.9,100,62.9,,,,,,,,,,
12:05:00,761102,210,E,HV,34.152187,-118.117782,HILL 1,27.14,77,64.76666666666667,77,64.76666666666667,,,,,,,,,,
12:05:00,761105,210,E,HV,34.152301,-118.109239,ALLEN,27.63,142,55.36666666666667,142,55.36666666666667,,,,,,,,,,
12:05:00,761109,210,E,HV,34.151406,-118.091041,SAN GABRIEL,28.68,78,61.26666666666667,78,61.26666666666667,,,,,,,,,,
12:05:00,761112,210,E,HV,34.147621,-118.079037,SIERRA MADRE V2,29.44,77,56.36666666666667,77,56.36666666666667,,,,,,,,,,
12:05:00,763614,210,E,HV,34.15099,-118.152369,FAIR OAKS 1,25.12,100,62.9,100,62.9,,,,,,,,,,
12:05:00,769788,210,E,ML,34.189219,-118.180753,BERKSHIRE,21.58,314,61.7,83,66.66666666666667,86,63.46666666666666,75,58.96666666666667,70,56.5,,,,
12:05:00,769806,210,E,ML,34.196934,-118.185042,FOOTHILL,20.98,301,60.13333333333333,74,58.7,88,68.16666666666667,87,64.13333333333334,53,41.23333333333333,,,,
12:05:00,769819,210,E,ML,34.205892,-118.198234,ANGELES CREST HWY NB,19.98,100,62.9,21,68.2,30,64.7,27,61.4,22,57.20000000000001,,,,
12:05:00,769831,210,E,ML,34.206745,-118.201533,ANGELES CREST HWY SB,19.78,247,50.7,65,54.96666666666667,69,52.03333333333333,59,48.1,54,46.66666666666666,,,,
12:05:00,769847,210,E,ML,34.211728,-118.228265,OCEAN VIEW,18.18,252,61.36666666666667,73,73.96666666666667,79,69.13333333333334,58,48.73333333333333,41,41.86666666666667,,,,
12:05:00,769866,210,E,ML,34.218398,-118.239738,LA CRESCENTA,17.38,431,62.13333333333333,90,71.43333333333334,97,67.16666666666667,103,57.56666666666666,141,56.13333333333333,,,,
12:05:00,769880,210,E,ML,34.221426,-118.245718,PENNSYLVANIA,16.98,358,61.833333333333336,77,66.36666666666666,95,65.89999999999999,97,56.03333333333333,88,61.46666666666667,,,,
12:05:00,769895,210,E,ML,34.230849,-118.265101,LOWELL / HONOLULU,15.68,312,65.39999999999999,92,70.16666666666667,92,65.89999999999999,74,63.7,55,59.06666666666666,,,,
12:05:00,769984,210,E,ML,34.202989,-118.191827,GOULD,20.4,315,61.66666666666666,84,66.56666666666666,86,63.3,75,59.03333333333333,70,56.56666666666666,,,,
12:05:00,770116,210,E,ML,34.234317,-118.286992,LA TUNA CANYON,14.39,193,63.6,59,68.86666666666667,60,65.76666666666667,44,58.06666666666666,30,58.1,,,,
12:05:00,770385,210,E,ML,34.206925,-118.21372,EB/NB 2 TO EB 210 CN,19.08,261,59.06666666666666,66,73.93333333333334,79,65.43333333333334,62,47.0,54,44.6,,,,
12:05:00,770578,210,E,ML,34.156489,-118.158295,WINONA WAY,24.442,94,64.26666666666667,53,67.76666666666667,41,59.866666666666674,,,,,,,,
12:10:00,717617,210,E,ML,34.179921,-118.167405,ARROYO,22.6,232,53.16666666666666,59,57.7,65,54.56666666666666,57,50.93333333333334,52,48.833333333333336,,,,
12:10:00,717620,210,E,ML,34.174756,-118.160407,LINCOLN 1,23.14,222,57.53333333333333,42,71.23333333333333,66,66.93333333333334,60,50.5,53,42.833333333333336,,,,
12:10:00,717625,210,E,ML,34.160546,-118.158748,MOUNTAIN 2,24.16,216,54.8,64,59.36666666666667,42,67.06666666666668,28,58.23333333333334,82,42.16666666666666,,,,
12:10:00,717628,210,E,ML,34.152216,-118.156144,WALNUT,24.81,36,62.03333333333334,36,62.03333333333334,,,,,,,,,,
12:10:00,717631,210,E,ML,34.15099,-118.152369,FAIR OAKS 1,25.12,101,62.9,21,68.2,31,64.7,27,61.4,22,57.20000000000001,,,,
12:10:00,717633,210,E,ML,34.151691,-118.142523,MARENGO,25.72,607,60.4,103,65.5,120,63.29999999999999,104,61.6,107,59.20000000000001,97,55.20000000000001,76,55.20000000000001
12:10:00,717635,210,E,ML,34.151658,-118.12944,LAKE 2,26.47,584,63.66666666666666,111,69.06666666666666,116,66.36666666666667,113,64.2,102,61.96666666666667,141,58.06666666666666,,
12:10:00,717638,210,E,ML,34.152187,-118.117782,HILL 1,27.14,613,63.86666666666667,151,67.73333333333333,138,62.76666666666667,109,71.76666666666667,109,69.0,105,46.2,,
12:10:00,717640,210,E,ML,34.152301,-118.109239,ALLEN,27.63,606,61.13333333333333,80,77.39999999999999,157,63.86666666666667,138,62.76666666666667,114,50.63333333333333,118,54.86666666666667,,
12:10:00,717646,210,E,ML,34.151406,-118.091041,SAN GABRIEL,28.68,592,61.43333333333334,151,68.5,153,61.53333333333333,93,54.36666666666667,98,60.96666666666667,97,57.4,,
12:10:00,717650,210,E,ML,34.147621,-118.079037,SIERRA MADRE V2,29.44,527,58.03333333333333,144,63.2,121,60.333333333333336,101,52.53333333333333,89,52.53333333333333,72,58.16666666666666,,
12:10:00,761093,210,E,HV,34.151691,-118.142523,MARENGO,25.72,101,62.9,101,62.9,,,,,,,,,,
12:10:00,761098,210,E,HV,34.151658,-118.12944,LAKE 2,26.47,101,62.9,101,62.9,,,,,,,,,,
12:10:00,761102,210,E,HV,34.152187,-118.117782,HILL 1,27.14,76,64.73333333333333,76,64.73333333333333,,,,,,,,,,
12:10:00,761105,210,E,HV,34.152301,-118.109239,ALLEN,27.63,127,54.7,127,54.7,,,,,,,,,,
12:10:00,761109,210,E,HV,34.151406,-118.091041,SAN GABRIEL,28.68,81,62.1,81,62.1,,,,,,,,,,
12:10:00,761112,210,E,HV,34.147621,-118.079037,SIERRA MADRE V2,29.44,81,56.4,81,56.4,,,,,,,,,,
12:10:00,763614,210,E,HV,34.15099,-118.152369,FAIR OAKS 1,25.12,101,62.9,101,62.9,,,,,,,,,,
12:10:00,769788,210,E,ML,34.189219,-118.180753,BERKSHIRE,21.58,266,60.4,70,65.33333333333333,73,62.133333333333326,64,57.76666666666667,60,55.4,,,,
12:10:00,769806,210,E,ML,34.196934,-118.185042,FOOTHILL,20.98,268,60.36666666666667,64,59.26666666666667,83,68.93333333333334,72,62.633333333333326,49,44.1,,,,
12:10:00,769819,210,E,ML,34.205892,-118.198234,ANGELES CREST HWY NB,19.98,101,62.9,21,68.2,31,64.7,27,61.4,22,57.20000000000001,,,,
12:10:00,769831,210,E,ML,34.206745,-118.201533,ANGELES CREST HWY SB,19.78,290,52.76666666666667,77,57.26666666666667,80,54.26666666666667,69,50.1,64,48.43333333333334,,,,
12:10:00,769847,210,E,ML,34.211728,-118.228265,OCEAN VIEW,18.18,239,62.23333333333333,66,73.96666666666667,79,70.06666666666666,59,51.4,35,41.66666666666666,,,,
12:10:00,769866,210,E,ML,34.218398,-118.239738,LA CRESCENTA,17.38,394,63.1,77,72.39999999999999,90,68.2,96,59.03333333333333,132,56.833333333333336,,,,
12:10:00,769880,210,E,ML,34.221426,-118.245718,PENNSYLVANIA,16.98,321,62.6,71,66.93333333333334,87,66.53333333333333,92,57.5,71,61.73333333333333,,,,
12:10:00,769895,210,E,ML,34.230849,-118.265101,LOWELL / HONOLULU,15.68,284,65.33333333333333,79,70.60000000000001,84,66.83333333333333,71,63.06666666666666,51,57.36666666666667,,,,
12:10:00,769984,210,E,ML,34.202989,-118.191827,GOULD,20.4,268,60.4,70,65.23333333333333,73,62.0,65,57.833333333333336,60,55.5,,,,
12:10:00,770116,210,E,ML,34.234317,-118.286992,LA TUNA CANYON,14.39,208,63.6,64,68.73333333333333,65,65.7,47,58.2,32,58.2,,,,
12:10:00,770385,210,E,ML,34.206925,-118.21372,EB/NB 2 TO EB 210 CN,19.08,282,59.03333333333333,56,74.96666666666665,84,67.23333333333333,74,48.56666666666666,67,46.8,,,,
12:10:00,770578,210,E,ML,34.156489,-118.158295,WINONA WAY,24.442,90,64.23333333333333,62,66.16666666666667,28,61.03333333333333,,,,,,,,
12:15:00,717617,210,E,ML,34.179921,-118.167405,ARROYO,22.6,232,55.23333333333333,60,59.66666666666666,64,56.5,56,53.3,52,50.9,,,,
12:15:00,717620,210,E,ML,34.174756,-118.160407,LINCOLN 1,23.14,209,59.333333333333336,43,71.16666666666667,55,67.3,61,54.03333333333333,50,47.26666666666667,,,,
12:15:00,717625,210,E,ML,34.160546,-118.158748,MOUNTAIN 2,24.16,229,56.26666666666667,65,61.06666666666667,52,66.96666666666667,29,58.96666666666667,83,43.46666666666667,,,,
12:15:00,717628,210,E,ML,34.152216,-118.156144,WALNUT,24.81,43,59.7,43,59.7,,,,,,,,,,
12:15:00,717631,210,E,ML,34.15099,-118.152369,FAIR OAKS 1,25.12,104,62.79999999999999,22,68.1,31,64.6,28,61.29999999999999,23,57.20000000000001,,,,
12:15:00,717633,210,E,ML,34.151691,-118.142523,MARENGO,25.72,612,60.29999999999999,104,65.4,121,63.20000000000001,105,61.5,108,59.1,98,55.1,76,55.1
12:15:00,717635,210,E,ML,34.151658,-118.12944,LAKE 2,26.47,605,63.63333333333333,115,69.03333333333333,121,66.3,117,64.13333333333334,106,61.86666666666667,146,58.0,,
12:15:00,717638,210,E,ML,34.152187,-118.117782,HILL 1,27.14,626,63.66666666666666,151,67.10000000000001,139,62.7,121,71.63333333333333,102,68.83333333333333,113,47.16666666666666,,
12:15:00,717640,210,E,ML,34.152301,-118.109239,ALLEN,27.63,596,60.36666666666667,68,76.83333333333333,158,63.73333333333333,138,61.7,115,48.833333333333336,118,56.1,,
12:15:00,717646,210,E,ML,34.151406,-118.091041,SAN GABRIEL,28.68,613,61.36666666666667,160,68.23333333333333,150,61.23333333333333,107,54.16666666666666,90,63.26666666666667,107,56.96666666666667,,
12:15:00,717650,210,E,ML,34.147621,-118.079037,SIERRA MADRE V2,29.44,546,55.6,147,60.0,131,57.76666666666667,109,50.46666666666667,91,50.5,67,56.66666666666666,,
12:15:00,761093,210,E,HV,34.151691,-118.142523,MARENGO,25.72,103,62.79999999999999,103,62.79999999999999,,,,,,,,,,
12:15:00,761098,210,E,HV,34.151658,-118.12944,LAKE 2,26.47,103,62.79999999999999,103,62.79999999999999,,,,,,,,,,
12:15:00,761102,210,E,HV,34.152187,-118.117782,HILL 1,27.14,66,64.66666666666667,66,64.66666666666667,,,,,,,,,,
12:15:00,761105,210,E,HV,34.152301,-118.109239,ALLEN,27.63,134,55.36666666666667,134,55.36666666666667,,,,,,,,,,
12:15:00,761109,210,E,HV,34.151406,-118.091041,SAN GABRIEL,28.68,80,62.16666666666666,80,62.16666666666666,,,,,,,,,,
12:15:00,761112,210,E,HV,34.147621,-118.079037,SIERRA MADRE V2,29.44,91,54.06666666666666,91,54.06666666666666,,,,,,,,,,
12:15:00,763614,210,E,HV,34.15099,-118.152369,FAIR OAKS 1,25.12,103,62.79999999999999,103,62.79999999999999,,,,,,,,,,
12:15:00,769788,210,E,ML,34.189219,-118.180753,BERKSHIRE,21.58,258,62.8,67,67.89999999999999,71,64.63333333333334,62,60.03333333333333,58,57.46666666666667,,,,
12:15:00,769806,210,E,ML,34.196934,-118.185042,FOOTHILL,20.98,241,63.833333333333336,58,63.3,76,68.4,68,69.7,39,45.46666666666667,,,,
12:15:00,769819,210,E,ML,34.205892,-118.198234,ANGELES CREST HWY NB,19.98,104,62.79999999999999,22,68.1,31,64.6,28,61.29999999999999,23,57.20000000000001,,,,
12:15:00,769831,210,E,ML,34.206745,-118.201533,ANGELES CREST HWY SB,19.78,290,53.8,76,58.3,80,55.26666666666667,70,51.23333333333333,65,49.5,,,,
12:15:00,769847,210,E,ML,34.211728,-118.228265,OCEAN VIEW,18.18,249,64.13333333333334,75,73.83333333333333,78,70.43333333333334,59,57.53333333333333,37,41.73333333333333,,,,
12:15:00,769866,210,E,ML,34.218398,-118.239738,LA CRESCENTA,17.38,395,66.26666666666667,87,72.93333333333332,85,68.43333333333334,94,65.53333333333333,129,60.833333333333336,,,,
12:15:00,769880,210,E,ML,34.221426,-118.245718,PENNSYLVANIA,16.98,363,63.23333333333333,69,66.56666666666666,101,67.0,100,59.8,93,61.63333333333333,,,,
12:15:00,769895,210,E,ML,34.230849,-118.265101,LOWELL / HONOLULU,15.68,344,66.26666666666667,102,70.3,103,67.33333333333333,82,63.7,58,61.5,,,,
12:15:00,769984,210,E,ML,34.202989,-118.191827,GOULD,20.4,260,62.76666666666667,68,67.83333333333333,71,64.56666666666666,63,60.1,58,57.5,,,,
12:15:00,770116,210,E,ML,34.234317,-118.286992,LA TUNA CANYON,14.39,223,62.96666666666667,70,68.60000000000001,69,65.46666666666665,51,56.06666666666666,33,57.66666666666666,,,,
12:15:00,770385,210,E,ML,34.206925,-118.21372,EB/NB 2 TO EB 210 CN,19.08,281,61.6,78,75.2,77,68.3,61,52.0,66,45.53333333333333,,,,
12:15:00,770578,210,E,ML,34.156489,-118.158295,WINONA WAY,24.442,104,63.7,68,66.66666666666667,36,58.2,,,,,,,,
12:20:00,717617,210,E,ML,34.179921,-118.167405,ARROYO,22.6,221,58.06666666666666,56,62.76666666666666,62,59.56666666666666,54,56.03333333333333,49,53.4,,,,
12:20:00,717620,210,E,ML,34.174756,-118.160407,LINCOLN 1,23.14,201,61.93333333333334,42,71.39999999999999,54,68.43333333333334,68,57.833333333333336,37,49.66666666666666,,,,
12:20:00,717625,210,E,ML,34.160546,-118.158748,MOUNTAIN 2,24.16,214,56.76666666666667,57,62.73333333333334,42,67.5,28,58.5,88,46.43333333333334,,,,
12:20:00,717628,210,E,ML,34.152216,-118.156144,WALNUT,24.81,35,59.8,35,59.8,,,,,,,,,,
12:20:00,717631,210,E,ML,34.15099,-118.152369,FAIR OAKS 1,25.12,105,62.79999999999999,22,68.1,32,64.6,28,61.29999999999999,23,57.20000000000001,,,,
12:20:00,717633,210,E,ML,34.151691,-118.142523,MARENGO,25.72,612,60.1,104,65.1,121,63.0,105,61.29999999999999,108,58.9,98,54.9,76,54.9
12:20:00,717635,210,E,ML,34.151658,-118.12944,LAKE 2,26.47,580,63.6,110,69.0,116,66.23333333333333,112,64.10000000000001,101,61.86666666666667,140,58.0,,
12:20:00,717638,210,E,ML,34.152187,-118.117782,HILL 1,27.14,603,63.3,147,66.73333333333333,130,62.5,113,71.73333333333333,102,68.93333333333334,112,46.4,,
12:20:00,717640,210,E,ML,34.152301,-118.109239,ALLEN,27.63,593,60.3,75,76.0,150,63.3,134,61.36666666666667,117,49.5,117,55.86666666666667,,
12:20:00,717646,210,E,ML,34.151406,-118.091041,SAN GABRIEL,28.68,590,60.7,151,67.43333333333334,141,60.26666666666667,106,53.26666666666667,87,62.36666666666667,104,57.56666666666666,,
12:20:00,717650,210,E,ML,34.147621,-118.079037,SIERRA MADRE V2,29.44,512,48.833333333333336,135,54.76666666666667,113,51.26666666666667,107,44.63333333333333,85,41.4,72,48.63333333333333,,
12:20:00,761093,210,E,HV,34.151691,-118.142523,MARENGO,25.72,104,62.79999999999999,104,62.79999999999999,,,,,,,,,,
12:20:00,761098,210,E,HV,34.151658,-118.12944,LAKE 2,26.47,104,62.79999999999999,104,62.79999999999999,,,,,,,,,,
12:20:00,761102,210,E,HV,34.152187,-118.117782,HILL 1,27.14,74,64.8,74,64.8,,,,,,,,,,
12:20:00,761105,210,E,HV,34.152301,-118.109239,ALLEN,27.63,135,55.43333333333334,135,55.43333333333334,,,,,,,,,,
12:20:00,761109,210,E,HV,34.151406,-118.091041,SAN GABRIEL,28.68,86,60.23333333333333,86,60.23333333333333,,,,,,,,,,
12:20:00,761112,210,E,HV,34.147621,-118.079037,SIERRA MADRE V2,29.44,90,50.93333333333334,90,50.93333333333334,,,,,,,,,,
12:20:00,763614,210,E,HV,34.15099,-118.152369,FAIR OAKS 1,25.12,104,62.79999999999999,104,62.79999999999999,,,,,,,,,,
12:20:00,769788,210,E,ML,34.189219,-118.180753,BERKSHIRE,21.58,256,62.63333333333333,67,67.73333333333333,71,64.39999999999999,61,59.866666666666674,57,57.333333333333336,,,,
12:20:00,769806,210,E,ML,34.196934,-118.185042,FOOTHILL,20.98,266,62.96666666666667,64,63.8,83,68.13333333333333,65,68.86666666666666,54,47.4,,,,
12:20:00,769819,210,E,ML,34.205892,-118.198234,ANGELES CREST HWY NB,19.98,105,62.79999999999999,22,68.1,32,64.6,28,61.29999999999999,23,57.20000000000001,,,,
12:20:00,769831,210,E,ML,34.206745,-118.201533,ANGELES CREST HWY SB,19.78,310,53.53333333333333,83,57.9,85,54.9,74,50.9,68,49.16666666666666,,,,
12:20:00,769847,210,E,ML,34.211728,-118.228265,OCEAN VIEW,18.18,266,64.46666666666667,81,74.10000000000001,84,70.89999999999999,63,55.86666666666667,38,43.93333333333334,,,,
12:20:00,769866,210,E,ML,34.218398,-118.239738,LA CRESCENTA,17.38,415,63.633333333333326,79,65.76666666666667,97,67.46666666666667,96,61.76666666666666,143,60.93333333333334,,,,
12:20:00,769880,210,E,ML,34.221426,-118.245718,PENNSYLVANIA,16.98,357,62.56666666666666,76,66.23333333333333,94,66.63333333333333,97,58.6,89,61.333333333333336,,,,
12:20:00,769895,210,E,ML,34.230849,-118.265101,LOWELL / HONOLULU,15.68,340,66.0,99,69.53333333333333,101,67.33333333333333,83,64.03333333333333,57,61.833333333333336,,,,
12:20:00,769984,210,E,ML,34.202989,-118.191827,GOULD,20.4,257,62.6,67,67.66666666666667,71,64.33333333333333,62,59.93333333333334,57,57.36666666666667,,,,
12:20:00,770116,210,E,ML,34.234317,-118.286992,LA TUNA CANYON,14.39,233,62.53333333333333,73,68.33333333333333,72,65.16666666666667,53,55.03333333333333,35,57.36666666666667,,,,
12:20:00,770385,210,E,ML,34.206925,-118.21372,EB/NB 2 TO EB 210 CN,19.08,315,60.43333333333334,83,74.23333333333333,85,66.86666666666666,69,50.6,78,47.7,,,,
12:20:00,770578,210,E,ML,34.156489,-118.158295,WINONA WAY,24.442,96,64.5,71,66.86666666666666,26,58.29999999999999,,,,,,,,
12:25:00,717617,210,E,ML,34.179921,-118.167405,ARROYO,22.6,257,56.96666666666667,67,61.53333333333333,71,58.36666666666667,62,54.96666666666666,57,52.43333333333334,,,,
12:25:00,717620,210,E,ML,34.174756,-118.160407,LINCOLN 1,23.14,234,61.73333333333333,53,71.86666666666666,68,68.2,71,56.333333333333336,43,47.96666666666667,,,,
12:25:00,717625,210,E,ML,34.160546,-118.158748,MOUNTAIN 2,24.16,241,56.5,69,61.8,48,68.36666666666667,31,57.56666666666666,92,44.66666666666666,,,,
12:25:00,717628,210,E,ML,34.152216,-118.156144,WALNUT,24.81,46,59.96666666666667,46,59.96666666666667,,,,,,,,,,
12:25:00,717631,210,E,ML,34.15099,-118.152369,FAIR OAKS 1,25.12,105,62.79999999999999,22,68.1,32,64.6,28,61.29999999999999,23,57.20000000000001,,,,
12:25:00,717633,210,E,ML,34.151691,-118.142523,MARENGO,25.72,618,60.1,105,65.1,122,63.0,106,61.29999999999999,109,58.9,99,54.9,77,54.9
12:25:00,717635,210,E,ML,34.151658,-118.12944,LAKE 2,26.47,607,62.63333333333333,115,68.10000000000001,122,65.06666666666666,118,63.2,106,60.833333333333336,147,57.23333333333333,,
12:25:00,717638,210,E,ML,34.152187,-118.117782,HILL 1,27.14,616,61.36666666666667,147,63.9,126,59.6,115,71.60000000000001,112,69.0,115,42.36666666666667,,
12:25:00,717640,210,E,ML,34.152301,-118.109239,ALLEN,27.63,566,60.0,80,73.89999999999999,143,61.8,118,60.0,112,51.16666666666666,112,56.333333333333336,,
12:25:00,717646,210,E,ML,34.151406,-118.091041,SAN GABRIEL,28.68,574,60.46666666666666,141,67.26666666666667,136,58.833333333333336,100,53.56666666666666,87,62.8,109,58.13333333333333,,
12:25:00,717650,210,E,ML,34.147621,-118.079037,SIERRA MADRE V2,29.44,500,43.76666666666667,132,48.76666666666667,115,46.36666666666667,109,40.46666666666667,79,35.333333333333336,64,44.3,,
12:25:00,761093,210,E,HV,34.151691,-118.142523,MARENGO,25.72,105,62.79999999999999,105,62.79999999999999,,,,,,,,,,
12:25:00,761098,210,E,HV,34.151658,-118.12944,LAKE 2,26.47,105,62.79999999999999,105,62.79999999999999,,,,,,,,,,
12:25:00,761102,210,E,HV,34.152187,-118.117782,HILL 1,27.14,82,64.89999999999999,82,64.89999999999999,,,,,,,,,,
12:25:00,761105,210,E,HV,34.152301,-118.109239,ALLEN,27.63,135,54.16666666666666,135,54.16666666666666,,,,,,,,,,
12:25:00,761109,210,E,HV,34.151406,-118.091041,SAN GABRIEL,28.68,76,59.46666666666667,76,59.46666666666667,,,,,,,,,,
12:25:00,761112,210,E,HV,34.147621,-118.079037,SIERRA MADRE V2,29.44,95,46.56666666666666,95,46.56666666666666,,,,,,,,,,
12:25:00,763614,210,E,HV,34.15099,-118.152369,FAIR OAKS 1,25.12,105,62.79999999999999,105,62.79999999999999,,,,,,,,,,
12:25:00,769788,210,E,ML,34.189219,-118.180753,BERKSHIRE,21.58,303,60.23333333333333,80,65.13333333333333,83,61.93333333333334,72,57.6,67,55.23333333333333,,,,
12:25:00,769806,210,E,ML,34.196934,-118.185042,FOOTHILL,20.98,296,61.86666666666667,70,62.23333333333333,95,64.86666666666666,82,68.0,49,44.9,,,,
12:25:00,769819,210,E,ML,34.205892,-118.198234,ANGELES CREST HWY NB,19.98,105,62.79999999999999,22,68.1,32,64.6,28,61.29999999999999,23,57.20000000000001,,,,
12:25:00,769831,210,E,ML,34.206745,-118.201533,ANGELES CREST HWY SB,19.78,274,52.46666666666667,72,56.86666666666667,76,53.833333333333336,65,49.93333333333334,61,48.3,,,,
12:25:00,769847,210,E,ML,34.211728,-118.228265,OCEAN VIEW,18.18,250,63.46666666666666,69,74.5,80,70.66666666666667,64,54.73333333333333,38,42.56666666666666,,,,
12:25:00,769866,210,E,ML,34.218398,-118.239738,LA CRESCENTA,17.38,422,63.866666666666674,79,69.83333333333333,95,67.93333333333334,106,61.5,143,59.633333333333326,,,,
12:25:00,769880,210,E,ML,34.221426,-118.245718,PENNSYLVANIA,16.98,376,61.833333333333336,81,64.60000000000001,104,65.89999999999999,108,58.23333333333333,83,61.20000000000001,,,,
12:25:00,769895,210,E,ML,34.230849,-118.265101,LOWELL / HONOLULU,15.68,332,65.36666666666666,99,68.7,100,66.3,89,63.96666666666667,43,61.46666666666666,,,,
12:25:00,769984,210,E,ML,34.202989,-118.191827,GOULD,20.4,303,60.3,81,65.03333333333333,83,61.86666666666667,72,57.73333333333333,67,55.333333333333336,,,,
12:25:00,770116,210,E,ML,34.234317,-118.286992,LA TUNA CANYON,14.39,249,61.86666666666667,79,67.36666666666666,77,64.66666666666667,57,54.36666666666667,37,57.13333333333333,,,,
12:25:00,770385,210,E,ML,34.206925,-118.21372,EB/NB 2 TO EB 210 CN,19.08,287,61.5,81,74.86666666666666,75,69.06666666666666,71,50.4,60,46.73333333333333,,,,
12:25:00,770578,210,E,ML,34.156489,-118.158295,WINONA WAY,24.442,115,64.0,76,66.96666666666665,40,58.5,,,,,,,,
12:30:00,717617,210,E,ML,34.179921,-118.167405,ARROYO,22.6,237,57.2,61,61.76666666666666,66,58.6,58,55.16666666666666,52,52.6,,,,
12:30:00,717620,210,E,ML,34.174756,-118.160407,LINCOLN 1,23.14,227,60.93333333333334,48,71.76666666666667,66,67.76666666666667,61,56.63333333333333,52,47.4,,,,
12:30:00,717625,210,E,ML,34.160546,-118.158748,MOUNTAIN 2,24.16,190,55.5,66,61.70000000000001,31,69.39999999999999,23,58.16666666666666,71,42.36666666666667,,,,
12:30:00,717628,210,E,ML,34.152216,-118.156144,WALNUT,24.81,42,57.66666666666666,42,57.66666666666666,,,,,,,,,,
12:30:00,717631,210,E,ML,34.15099,-118.152369,FAIR OAKS 1,25.12,105,62.79999999999999,22,68.1,32,64.6,28,61.29999999999999,23,57.20000000000001,,,,
12:30:00,717633,210,E,ML,34.151691,-118.142523,MARENGO,25.72,618,60.0,105,65.0,122,62.9,106,61.20000000000001,109,58.79999999999999,99,54.79999999999999,77,54.79999999999999
12:30:00,717635,210,E,ML,34.151658,-118.12944,LAKE 2,26.47,590,61.8,112,67.23333333333333,118,64.03333333333335,114,62.46666666666667,103,59.96666666666667,143,56.53333333333334,,
12:30:00,717638,210,E,ML,34.152187,-118.117782,HILL 1,27.14,611,59.63333333333333,144,60.5,135,57.2,115,71.46666666666667,98,68.96666666666665,118,41.8,,
12:30:00,717640,210,E,ML,34.152301,-118.109239,ALLEN,27.63,614,59.43333333333334,98,72.26666666666667,150,61.06666666666666,133,59.7,114,50.53333333333333,119,55.1,,
12:30:00,717646,210,E,ML,34.151406,-118.091041,SAN GABRIEL,28.68,584,60.9,141,67.06666666666666,138,59.16666666666666,101,55.5,93,62.3,111,59.0,,
12:30:00,717650,210,E,ML,34.147621,-118.079037,SIERRA MADRE V2,29.44,521,44.76666666666667,139,49.76666666666667,117,47.26666666666667,107,41.6,88,36.8,70,45.63333333333333,,
12:30:00,761093,210,E,HV,34.151691,-118.142523,MARENGO,25.72,106,62.79999999999999,106,62.79999999999999,,,,,,,,,,
12:30:00,761098,210,E,HV,34.151658,-118.12944,LAKE 2,26.47,106,62.79999999999999,106,62.79999999999999,,,,,,,,,,
12:30:00,761102,210,E,HV,34.152187,-118.117782,HILL 1,27.14,94,64.86666666666667,94,64.86666666666667,,,,,,,,,,
12:30:00,761105,210,E,HV,34.152301,-118.109239,ALLEN,27.63,137,53.7,137,53.7,,,,,,,,,,
12:30:00,761109,210,E,HV,34.151406,-118.091041,SAN GABRIEL,28.68,101,59.5,101,59.5,,,,,,,,,,
12:30:00,761112,210,E,HV,34.147621,-118.079037,SIERRA MADRE V2,29.44,101,45.1,101,45.1,,,,,,,,,,
12:30:00,763614,210,E,HV,34.15099,-118.152369,FAIR OAKS 1,25.12,106,62.79999999999999,106,62.79999999999999,,,,,,,,,,
12:30:00,769788,210,E,ML,34.189219,-118.180753,BERKSHIRE,21.58,257,59.6,67,64.46666666666665,71,61.26666666666666,62,56.96666666666667,57,54.63333333333333,,,,
12:30:00,769806,210,E,ML,34.196934,-118.185042,FOOTHILL,20.98,254,59.2,58,58.2,88,65.8,68,60.73333333333333,41,43.66666666666666,,,,
12:30:00,769819,210,E,ML,34.205892,-118.198234,ANGELES CREST HWY NB,19.98,105,62.79999999999999,22,68.1,32,64.6,28,61.29999999999999,23,57.20000000000001,,,,
12:30:00,769831,210,E,ML,34.206745,-118.201533,ANGELES CREST HWY SB,19.78,293,54.46666666666667,77,59.16666666666666,81,56.06666666666666,70,51.73333333333333,65,49.9,,,,
12:30:00,769847,210,E,ML,34.211728,-118.228265,OCEAN VIEW,18.18,237,62.96666666666667,68,74.63333333333334,79,70.36666666666667,53,53.333333333333336,37,39.53333333333333,,,,
12:30:00,769866,210,E,ML,34.218398,-118.239738,LA CRESCENTA,17.38,389,63.833333333333336,82,71.26666666666667,90,68.39999999999999,86,61.03333333333333,132,57.8,,,,
12:30:00,769880,210,E,ML,34.221426,-118.245718,PENNSYLVANIA,16.98,358,61.53333333333333,75,63.73333333333333,97,66.0,98,57.9,87,60.6,,,,
12:30:00,769895,210,E,ML,34.230849,-118.265101,LOWELL / HONOLULU,15.68,339,65.5,97,69.3,101,67.16666666666667,81,63.76666666666667,60,58.9,,,,
12:30:00,769984,210,E,ML,34.202989,-118.191827,GOULD,20.4,259,59.66666666666666,68,64.43333333333332,71,61.333333333333336,62,57.16666666666666,58,54.8,,,,
12:30:00,770116,210,E,ML,34.234317,-118.286992,LA TUNA CANYON,14.39,224,63.13333333333333,70,68.89999999999999,70,65.7,51,56.03333333333333,34,57.70000000000001,,,,
12:30:00,770385,210,E,ML,34.206925,-118.21372,EB/NB 2 TO EB 210 CN,19.08,267,60.833333333333336,56,76.33333333333333,77,69.33333333333333,65,52.73333333333333,69,46.7,,,,
12:30:00,770578,210,E,ML,34.156489,-118.158295,WINONA WAY,24.442,100,63.7,66,67.73333333333333,34,55.63333333333333,,,,,,,,
12:35:00,717617,210,E,ML,34.179921,-118.167405,ARROYO,22.6,258,55.86666666666667,67,60.26666666666666,72,57.16666666666666,63,53.9,57,51.46666666666667,,,,
12:35:00,717620,210,E,ML,34.174756,-118.160407,LINCOLN 1,23.14,244,59.833333333333336,47,72.23333333333333,74,67.26666666666667,67,54.86666666666667,56,45.46666666666667,,,,
12:35:00,717625,210,E,ML,34.160546,-118.158748,MOUNTAIN 2,24.16,250,54.26666666666667,73,61.23333333333333,49,68.93333333333334,32,58.833333333333336,97,39.7,,,,
12:35:00,717628,210,E,ML,34.152216,-118.156144,WALNUT,24.81,49,56.76666666666667,49,56.76666666666667,,,,,,,,,,
12:35:00,717631,210,E,ML,34.15099,-118.152369,FAIR OAKS 1,25.12,106,62.79999999999999,22,68.1,32,64.6,29,61.29999999999999,23,57.20000000000001,,,,
12:35:00,717633,210,E,ML,34.151691,-118.142523,MARENGO,25.72,619,59.79999999999999,105,64.8,122,62.70000000000001,107,61.0,109,58.6,99,54.6,77,54.6
12:35:00,717635,210,E,ML,34.151658,-118.12944,LAKE 2,26.47,588,61.13333333333333,112,66.53333333333333,118,63.16666666666666,113,61.76666666666667,103,59.23333333333333,142,55.93333333333334,,
12:35:00,717638,210,E,ML,34.152187,-118.117782,HILL 1,27.14,612,59.333333333333336,158,59.06666666666666,127,55.333333333333336,110,71.63333333333334,106,68.63333333333334,110,43.0,,
12:35:00,717640,210,E,ML,34.152301,-118.109239,ALLEN,27.63,602,58.7,81,72.8,161,60.6,131,59.76666666666667,114,49.5,114,54.0,,
12:35:00,717646,210,E,ML,34.151406,-118.091041,SAN GABRIEL,28.68,601,60.833333333333336,163,65.66666666666667,143,58.73333333333333,96,54.6,89,64.0,110,58.93333333333334,,
12:35:00,717650,210,E,ML,34.147621,-118.079037,SIERRA MADRE V2,29.44,526,42.3,134,45.86666666666667,121,44.23333333333333,114,40.53333333333333,85,34.23333333333333,71,44.46666666666667,,
12:35:00,761093,210,E,HV,34.151691,-118.142523,MARENGO,25.72,107,62.79999999999999,107,62.79999999999999,,,,,,,,,,
12:35:00,761098,210,E,HV,34.151658,-118.12944,LAKE 2,26.47,107,62.79999999999999,107,62.79999999999999,,,,,,,,,,
12:35:00,761102,210,E,HV,34.152187,-118.117782,HILL 1,27.14,84,64.83333333333333,84,64.83333333333333,,,,,,,,,,
12:35:00,761105,210,E,HV,34.152301,-118.109239,ALLEN,27.63,123,53.833333333333336,123,53.833333333333336,,,,,,,,,,
12:35:00,761109,210,E,HV,34.151406,-118.091041,SAN GABRIEL,28.68,80,58.93333333333334,80,58.93333333333334,,,,,,,,,,
12:35:00,761112,210,E,HV,34.147621,-118.079037,SIERRA MADRE V2,29.44,93,44.13333333333333,93,44.13333333333333,,,,,,,,,,
12:35:00,763614,210,E,HV,34.15099,-118.152369,FAIR OAKS 1,25.12,107,62.79999999999999,107,62.79999999999999,,,,,,,,,,
12:35:00,769788,210,E,ML,34.189219,-118.180753,BERKSHIRE,21.58,262,56.7,69,61.23333333333333,73,58.23333333333333,63,54.1,58,52.1,,,,
12:35:00,769806,210,E,ML,34.196934,-118.185042,FOOTHILL,20.98,273,56.96666666666667,64,55.36666666666667,90,67.06666666666666,65,57.03333333333333,54,41.4,,,,
12:35:00,769819,210,E,ML,34.205892,-118.198234,ANGELES CREST HWY NB,19.98,106,62.79999999999999,22,68.1,32,64.6,29,61.29999999999999,23,57.20000000000001,,,,
12:35:00,769831,210,E,ML,34.206745,-118.201533,ANGELES CREST HWY SB,19.78,276,52.86666666666667,73,57.46666666666666,76,54.46666666666667,66,50.16666666666666,61,48.5,,,,
12:35:00,769847,210,E,ML,34.211728,-118.228265,OCEAN VIEW,18.18,249,62.0,69,74.3,80,69.76666666666667,59,51.73333333333333,40,40.86666666666667,,,,
12:35:00,769866,210,E,ML,34.218398,-118.239738,LA CRESCENTA,17.38,443,62.76666666666667,88,71.26666666666667,95,66.39999999999999,100,58.4,159,58.53333333333333,,,,
12:35:00,769880,210,E,ML,34.221426,-118.245718,PENNSYLVANIA,16.98,347,61.9,79,65.56666666666666,94,65.5,94,57.8,81,60.73333333333333,,,,
12:35:00,769895,210,E,ML,34.230849,-118.265101,LOWELL / HONOLULU,15.68,313,65.0,89,69.03333333333333,92,66.60000000000001,75,63.2,57,58.56666666666666,,,,
12:35:00,769984,210,E,ML,34.202989,-118.191827,GOULD,20.4,264,56.66666666666666,69,61.16666666666666,73,58.03333333333333,64,54.333333333333336,58,52.3,,,,
12:35:00,770116,210,E,ML,34.234317,-118.286992,LA TUNA CANYON,14.39,224,62.63333333333333,70,68.33333333333333,70,65.23333333333333,51,55.3,33,57.43333333333334,,,,
12:35:00,770385,210,E,ML,34.206925,-118.21372,EB/NB 2 TO EB 210 CN,19.08,268,61.5,74,75.63333333333334,73,67.53333333333333,55,50.7,66,47.16666666666666,,,,
12:35:00,770578,210,E,ML,34.156489,-118.158295,WINONA WAY,24.442,120,62.16666666666666,77,67.23333333333333,42,54.53333333333333,,,,,,,,
12:40:00,717617,210,E,ML,34.179921,-118.167405,ARROYO,22.6,228,55.03333333333333,58,59.4,63,56.333333333333336,56,53.13333333333333,51,50.73333333333333,,,,
12:40:00,717620,210,E,ML,34.174756,-118.160407,LINCOLN 1,23.14,215,59.9,45,72.26666666666667,59,67.63333333333334,67,53.8,44,45.96666666666667,,,,
12:40:00,717625,210,E,ML,34.160546,-118.158748,MOUNTAIN 2,24.16,243,53.76666666666667,64,60.2,56,67.2,41,56.8,82,37.46666666666666,,,,
12:40:00,717628,210,E,ML,34.152216,-118.156144,WALNUT,24.81,39,59.0,39,59.0,,,,,,,,,,
12:40:00,717631,210,E,ML,34.15099,-118.152369,FAIR OAKS 1,25.12,106,62.79999999999999,22,68.1,32,64.6,29,61.29999999999999,23,57.20000000000001,,,,
12:40:00,717633,210,E,ML,34.151691,-118.142523,MARENGO,25.72,618,59.6,105,64.7,122,62.6,106,60.9,109,58.5,99,54.6,77,54.6
12:40:00,717635,210,E,ML,34.151658,-118.12944,LAKE 2,26.47,590,61.63333333333333,112,67.0,118,63.833333333333336,114,62.26666666666667,103,59.73333333333333,143,56.36666666666667,,
12:40:00,717638,210,E,ML,34.152187,-118.117782,HILL 1,27.14,602,59.23333333333333,142,61.53333333333333,134,56.7,108,71.5,105,68.89999999999999,113,38.43333333333334,,
12:40:00,717640,210,E,ML,34.152301,-118.109239,ALLEN,27.63,601,57.53333333333333,78,72.96666666666665,152,60.1,134,58.23333333333333,115,48.23333333333333,122,52.4,,
12:40:00,717646,210,E,ML,34.151406,-118.091041,SAN GABRIEL,28.68,603,60.333333333333336,149,66.0,146,58.96666666666667,106,53.93333333333334,93,61.76666666666667,109,58.96666666666667,,
12:40:00,717650,210,E,ML,34.147621,-118.079037,SIERRA MADRE V2,29.44,521,39.76666666666667,135,42.73333333333333,122,41.3,105,36.16666666666666,83,32.06666666666667,76,44.6,,
12:40:00,761093,210,E,HV,34.151691,-118.142523,MARENGO,25.72,107,62.79999999999999,107,62.79999999999999,,,,,,,,,,
12:40:00,761098,210,E,HV,34.151658,-118.12944,LAKE 2,26.47,107,62.79999999999999,107,62.79999999999999,,,,,,,,,,
12:40:00,761102,210,E,HV,34.152187,-118.117782,HILL 1,27.14,78,65.06666666666666,78,65.06666666666666,,,,,,,,,,
12:40:00,761105,210,E,HV,34.152301,-118.109239,ALLEN,27.63,128,51.8,128,51.8,,,,,,,,,,
12:40:00,761109,210,E,HV,34.151406,-118.091041,SAN GABRIEL,28.68,85,59.1,85,59.1,,,,,,,,,,
12:40:00,761112,210,E,HV,34.147621,-118.079037,SIERRA MADRE V2,29.44,95,42.333333333333336,95,42.333333333333336,,,,,,,,,,
12:40:00,763614,210,E,HV,34.15099,-118.152369,FAIR OAKS 1,25.12,107,62.79999999999999,107,62.79999999999999,,,,,,,,,,
12:40:00,769788,210,E,ML,34.189219,-118.180753,BERKSHIRE,21.58,262,57.96666666666667,69,62.7,72,59.6,63,55.36666666666667,58,53.23333333333333,,,,
12:40:00,769806,210,E,ML,34.196934,-118.185042,FOOTHILL,20.98,244,57.9,58,55.333333333333336,79,68.10000000000001,64,59.133333333333326,43,39.16666666666666,,,,
12:40:00,769819,210,E,ML,34.205892,-118.198234,ANGELES CREST HWY NB,19.98,106,62.79999999999999,22,68.1,32,64.6,29,61.29999999999999,23,57.20000000000001,,,,
12:40:00,769831,210,E,ML,34.206745,-118.201533,ANGELES CREST HWY SB,19.78,269,55.63333333333333,71,60.23333333333333,74,57.2,65,52.93333333333334,59,51.03333333333334,,,,
12:40:00,769847,210,E,ML,34.211728,-118.228265,OCEAN VIEW,18.18,254,62.03333333333333,70,73.86666666666667,82,69.06666666666666,60,54.36666666666667,42,39.63333333333333,,,,
12:40:00,769866,210,E,ML,34.218398,-118.239738,LA CRESCENTA,17.38,421,62.56666666666666,78,71.36666666666667,96,65.60000000000001,102,60.7,146,56.93333333333334,,,,
12:40:00,769880,210,E,ML,34.221426,-118.245718,PENNSYLVANIA,16.98,363,61.56666666666666,75,65.13333333333334,101,64.66666666666667,98,58.0,89,60.333333333333336,,,,
12:40:00,769895,210,E,ML,34.230849,-118.265101,LOWELL / HONOLULU,15.68,324,65.33333333333333,90,69.33333333333333,95,66.7,77,63.1,61,59.96666666666667,,,,
12:40:00,769984,210,E,ML,34.202989,-118.191827,GOULD,20.4,263,57.96666666666667,69,62.56666666666666,73,59.43333333333334,63,55.56666666666666,58,53.43333333333334,,,,
12:40:00,770116,210,E,ML,34.234317,-118.286992,LA TUNA CANYON,14.39,185,63.2,56,69.03333333333333,58,65.76666666666667,43,56.16666666666666,29,57.73333333333333,,,,
12:40:00,770385,210,E,ML,34.206925,-118.21372,EB/NB 2 TO EB 210 CN,19.08,253,61.833333333333336,53,76.0,76,69.3,61,55.3,63,47.1,,,,
12:40:00,770578,210,E,ML,34.156489,-118.158295,WINONA WAY,24.442,104,63.833333333333336,73,66.93333333333334,31,57.3,,,,,,,,
12:45:00,717617,210,E,ML,34.179921,-118.167405,ARROYO,22.6,253,57.76666666666667,66,62.4,70,59.2,61,55.73333333333333,56,53.1,,,,
12:45:00,717620,210,E,ML,34.174756,-118.160407,LINCOLN 1,23.14,223,60.06666666666666,41,71.13333333333334,63,67.3,60,57.4,59,47.8,,,,
12:45:00,717625,210,E,ML,34.160546,-118.158748,MOUNTAIN 2,24.16,228,51.93333333333334,68,60.96666666666667,40,66.10000000000001,37,55.46666666666667,83,35.46666666666667,,,,
12:45:00,717628,210,E,ML,34.152216,-118.156144,WALNUT,24.81,35,60.93333333333334,35,60.93333333333334,,,,,,,,,,
12:45:00,717631,210,E,ML,34.15099,-118.152369,FAIR OAKS 1,25.12,109,62.79999999999999,23,68.1,33,64.6,29,61.29999999999999,24,57.20000000000001,,,,
12:45:00,717633,210,E,ML,34.151691,-118.142523,MARENGO,25.72,619,59.5,105,64.5,122,62.4,107,60.70000000000001,109,58.29999999999999,99,54.4,77,54.4
12:45:00,717635,210,E,ML,34.151658,-118.12944,LAKE 2,26.47,600,61.833333333333336,114,67.23333333333333,120,64.0,116,62.43333333333334,105,60.0,145,56.53333333333333,,
12:45:00,717638,210,E,ML,34.152187,-118.117782,HILL 1,27.14,609,60.06666666666666,148,62.7,131,57.333333333333336,114,72.0,105,68.73333333333333,112,39.86666666666667,,
12:45:00,717640,210,E,ML,34.152301,-118.109239,ALLEN,27.63,592,57.9,81,72.2,143,61.46666666666667,138,58.9,114,47.26666666666667,116,52.833333333333336,,
12:45:00,717646,210,E,ML,34.151406,-118.091041,SAN GABRIEL,28.68,600,56.63333333333333,145,61.46666666666667,147,54.26666666666667,101,49.86666666666667,97,58.53333333333333,110,57.66666666666666,,
12:45:00,717650,210,E,ML,34.147621,-118.079037,SIERRA MADRE V2,29.44,504,37.3,130,40.8,116,38.0,102,33.333333333333336,78,29.03333333333333,78,42.36666666666667,,
12:45:00,761093,210,E,HV,34.151691,-118.142523,MARENGO,25.72,108,62.79999999999999,108,62.79999999999999,,,,,,,,,,
12:45:00,761098,210,E,HV,34.151658,-118.12944,LAKE 2,26.47,108,62.79999999999999,108,62.79999999999999,,,,,,,,,,
12:45:00,761102,210,E,HV,34.152187,-118.117782,HILL 1,27.14,85,65.13333333333334,85,65.13333333333334,,,,,,,,,,
12:45:00,761105,210,E,HV,34.152301,-118.109239,ALLEN,27.63,134,53.13333333333333,134,53.13333333333333,,,,,,,,,,
12:45:00,761109,210,E,HV,34.151406,-118.091041,SAN GABRIEL,28.68,78,57.5,78,57.5,,,,,,,,,,
12:45:00,761112,210,E,HV,34.147621,-118.079037,SIERRA MADRE V2,29.44,98,39.93333333333333,98,39.93333333333333,,,,,,,,,,
12:45:00,763614,210,E,HV,34.15099,-118.152369,FAIR OAKS 1,25.12,108,62.79999999999999,108,62.79999999999999,,,,,,,,,,
12:45:00,769788,210,E,ML,34.189219,-118.180753,BERKSHIRE,21.58,277,62.46666666666667,72,67.56666666666666,76,64.3,67,59.73333333333333,62,57.2,,,,
12:45:00,769806,210,E,ML,34.196934,-118.185042,FOOTHILL,20.98,256,61.8,63,60.86666666666667,75,67.93333333333332,75,68.2,43,41.7,,,,
12:45:00,769819,210,E,ML,34.205892,-118.198234,ANGELES CREST HWY NB,19.98,109,62.79999999999999,23,68.1,33,64.6,29,61.29999999999999,24,57.20000000000001,,,,
12:45:00,769831,210,E,ML,34.206745,-118.201533,ANGELES CREST HWY SB,19.78,226,54.66666666666666,59,59.06666666666666,63,56.1,54,52.16666666666666,50,50.333333333333336,,,,
12:45:00,769847,210,E,ML,34.211728,-118.228265,OCEAN VIEW,18.18,230,63.6,72,74.86666666666666,72,69.63333333333334,54,54.23333333333333,32,40.63333333333333,,,,
12:45:00,769866,210,E,ML,34.218398,-118.239738,LA CRESCENTA,17.38,346,62.63333333333333,64,71.83333333333333,76,65.53333333333335,84,60.833333333333336,121,57.16666666666666,,,,
12:45:00,769880,210,E,ML,34.221426,-118.245718,PENNSYLVANIA,16.98,340,62.6,71,66.26666666666667,95,66.3,99,58.46666666666667,75,61.23333333333333,,,,
12:45:00,769895,210,E,ML,34.230849,-118.265101,LOWELL / HONOLULU,15.68,319,65.89999999999999,90,70.53333333333333,93,67.3,74,63.06666666666666,62,60.16666666666666,,,,
12:45:00,769984,210,E,ML,34.202989,-118.191827,GOULD,20.4,278,62.43333333333334,73,67.46666666666667,76,64.16666666666667,67,59.8,62,57.23333333333333,,,,
12:45:00,770116,210,E,ML,34.234317,-118.286992,LA TUNA CANYON,14.39,205,62.86666666666667,63,68.7,64,65.5,47,55.66666666666666,31,57.56666666666666,,,,
12:45:00,770385,210,E,ML,34.206925,-118.21372,EB/NB 2 TO EB 210 CN,19.08,249,63.46666666666667,63,76.26666666666667,82,70.13333333333333,56,54.4,48,46.3,,,,
12:45:00,770578,210,E,ML,34.156489,-118.158295,WINONA WAY,24.442,94,64.56666666666666,68,66.36666666666666,26,59.66666666666666,,,,,,,,
12:50:00,717617,210,E,ML,34.179921,-118.167405,ARROYO,22.6,228,61.16666666666666,59,66.10000000000001,64,62.8,56,58.93333333333334,50,56.0,,,,
12:50:00,717620,210,E,ML,34.174756,-118.160407,LINCOLN 1,23.14,200,63.2,40,72.3,61,68.93333333333334,55,61.86666666666667,44,49.63333333333333,,,,
12:50:00,717625,210,E,ML,34.160546,-118.158748,MOUNTAIN 2,24.16,236,51.56666666666666,65,60.63333333333333,49,64.63333333333334,42,53.73333333333334,81,35.13333333333333,,,,
12:50:00,717628,210,E,ML,34.152216,-118.156144,WALNUT,24.81,56,59.03333333333333,56,59.03333333333333,,,,,,,,,,
12:50:00,717631,210,E,ML,34.15099,-118.152369,FAIR OAKS 1,25.12,106,62.70000000000001,22,68.0,32,64.5,29,61.20000000000001,23,57.1,,,,
12:50:00,717633,210,E,ML,34.151691,-118.142523,MARENGO,25.72,618,59.4,105,64.5,122,62.4,106,60.70000000000001,109,58.29999999999999,99,54.4,77,54.4
12:50:00,717635,210,E,ML,34.151658,-118.12944,LAKE 2,26.47,577,62.63333333333333,110,68.03333333333333,115,65.06666666666666,112,63.2,101,60.8,139,57.2,,
12:50:00,717638,210,E,ML,34.152187,-118.117782,HILL 1,27.14,594,61.93333333333334,139,63.76666666666666,131,59.36666666666667,109,71.86666666666666,108,69.2,107,45.36666666666667,,
12:50:00,717640,210,E,ML,34.152301,-118.109239,ALLEN,27.63,580,59.16666666666666,76,73.3,141,62.633333333333326,134,60.13333333333333,108,49.96666666666667,122,53.4,,
12:50:00,717646,210,E,ML,34.151406,-118.091041,SAN GABRIEL,28.68,561,53.9,139,56.93333333333334,143,52.333333333333336,95,48.86666666666667,85,55.43333333333334,99,55.46666666666667,,
12:50:00,717650,210,E,ML,34.147621,-118.079037,SIERRA MADRE V2,29.44,507,37.63333333333333,132,42.2,119,39.1,105,33.800000000000004,81,29.566666666666663,70,41.16666666666666,,
12:50:00,761093,210,E,HV,34.151691,-118.142523,MARENGO,25.72,107,62.70000000000001,107,62.70000000000001,,,,,,,,,,
12:50:00,761098,210,E,HV,34.151658,-118.12944,LAKE 2,26.47,107,62.70000000000001,107,62.70000000000001,,,,,,,,,,
12:50:00,761102,210,E,HV,34.152187,-118.117782,HILL 1,27.14,78,65.23333333333333,78,65.23333333333333,,,,,,,,,,
12:50:00,761105,210,E,HV,34.152301,-118.109239,ALLEN,27.63,126,54.26666666666667,126,54.26666666666667,,,,,,,,,,
12:50:00,761109,210,E,HV,34.151406,-118.091041,SAN GABRIEL,28.68,87,55.9,87,55.9,,,,,,,,,,
12:50:00,761112,210,E,HV,34.147621,-118.079037,SIERRA MADRE V2,29.44,106,39.43333333333334,106,39.43333333333334,,,,,,,,,,
12:50:00,763614,210,E,HV,34.15099,-118.152369,FAIR OAKS 1,25.12,107,62.70000000000001,107,62.70000000000001,,,,,,,,,,
12:50:00,769788,210,E,ML,34.189219,-118.180753,BERKSHIRE,21.58,265,61.66666666666666,70,66.63333333333334,73,63.46666666666667,64,58.93333333333334,59,56.46666666666667,,,,
12:50:00,769806,210,E,ML,34.196934,-118.185042,FOOTHILL,20.98,271,61.23333333333333,67,61.0,79,69.16666666666667,67,66.46666666666667,58,43.86666666666667,,,,
12:50:00,769819,210,E,ML,34.205892,-118.198234,ANGELES CREST HWY NB,19.98,106,62.70000000000001,22,68.0,32,64.5,29,61.20000000000001,23,57.1,,,,
12:50:00,769831,210,E,ML,34.206745,-118.201533,ANGELES CREST HWY SB,19.78,283,55.56666666666666,75,60.16666666666666,78,57.13333333333333,68,52.9,62,51.0,,,,
12:50:00,769847,210,E,ML,34.211728,-118.228265,OCEAN VIEW,18.18,240,64.5,71,74.96666666666667,73,71.86666666666666,58,58.63333333333333,37,39.46666666666667,,,,
12:50:00,769866,210,E,ML,34.218398,-118.239738,LA CRESCENTA,17.38,400,62.4,77,71.53333333333333,98,66.10000000000001,98,59.53333333333333,128,56.9,,,,
12:50:00,769880,210,E,ML,34.221426,-118.245718,PENNSYLVANIA,16.98,356,61.9,72,65.33333333333333,98,65.63333333333333,98,57.5,88,61.16666666666666,,,,
12:50:00,769895,210,E,ML,34.230849,-118.265101,LOWELL / HONOLULU,15.68,327,65.56666666666666,94,70.0,94,67.26666666666667,79,63.26666666666667,60,58.7,,,,
12:50:00,769984,210,E,ML,34.202989,-118.191827,GOULD,20.4,266,61.66666666666666,70,66.56666666666666,73,63.3,64,59.03333333333333,59,56.56666666666666,,,,
12:50:00,770116,210,E,ML,34.234317,-118.286992,LA TUNA CANYON,14.39,204,63.4,62,68.66666666666667,64,65.63333333333334,47,57.63333333333333,31,58.1,,,,
12:50:00,770385,210,E,ML,34.206925,-118.21372,EB/NB 2 TO EB 210 CN,19.08,263,61.3,61,75.13333333333334,76,70.03333333333335,63,55.4,63,44.56666666666666,,,,
12:50:00,770578,210,E,ML,34.156489,-118.158295,WINONA WAY,24.442,123,62.5,73,66.0,50,57.333333333333336,,,,,,,,
12:55:00,717617,210,E,ML,34.179921,-118.167405,ARROYO,22.6,197,55.833333333333336,48,60.333333333333336,55,57.23333333333333,49,53.93333333333334,44,51.5,,,,
12:55:00,717620,210,E,ML,34.174756,-118.160407,LINCOLN 1,23.14,180,61.7,48,72.3,46,69.7,41,54.93333333333334,45,48.96666666666667,,,,
12:55:00,717625,210,E,ML,34.160546,-118.158748,MOUNTAIN 2,24.16,200,52.2,54,60.1,37,67.2,32,55.866666666666674,77,37.06666666666667,,,,
12:55:00,717628,210,E,ML,34.152216,-118.156144,WALNUT,24.81,41,60.26666666666667,41,60.26666666666667,,,,,,,,,,
12:55:00,717631,210,E,ML,34.15099,-118.152369,FAIR OAKS 1,25.12,106,62.79999999999999,22,68.1,32,64.6,29,61.29999999999999,23,57.20000000000001,,,,
12:55:00,717633,210,E,ML,34.151691,-118.142523,MARENGO,25.72,616,59.5,104,64.6,122,62.5,106,60.79999999999999,108,58.4,99,54.5,77,54.5
12:55:00,717635,210,E,ML,34.151658,-118.12944,LAKE 2,26.47,593,62.73333333333333,113,68.13333333333334,119,65.2,115,63.3,104,60.93333333333334,143,57.3,,
12:55:00,717638,210,E,ML,34.152187,-118.117782,HILL 1,27.14,601,62.1,140,64.33333333333333,125,59.93333333333334,115,71.76666666666667,104,68.93333333333334,116,45.96666666666667,,
12:55:00,717640,210,E,ML,34.152301,-118.109239,ALLEN,27.63,576,59.06666666666666,72,73.96666666666665,143,62.66666666666666,133,60.06666666666666,110,50.333333333333336,118,52.53333333333333,,
12:55:00,717646,210,E,ML,34.151406,-118.091041,SAN GABRIEL,28.68,565,52.53333333333334,137,54.46666666666667,130,49.53333333333333,96,46.5,89,55.36666666666667,113,56.1,,
12:55:00,717650,210,E,ML,34.147621,-118.079037,SIERRA MADRE V2,29.44,482,37.3,126,41.5,112,38.7,99,33.86666666666667,79,29.73333333333333,67,40.63333333333333,,
12:55:00,761093,210,E,HV,34.151691,-118.142523,MARENGO,25.72,107,62.79999999999999,107,62.79999999999999,,,,,,,,,,
12:55:00,761098,210,E,HV,34.151658,-118.12944,LAKE 2,26.47,107,62.79999999999999,107,62.79999999999999,,,,,,,,,,
12:55:00,761102,210,E,HV,34.152187,-118.117782,HILL 1,27.14,70,64.89999999999999,70,64.89999999999999,,,,,,,,,,
12:55:00,761105,210,E,HV,34.152301,-118.109239,ALLEN,27.63,138,53.43333333333334,138,53.43333333333334,,,,,,,,,,
12:55:00,761109,210,E,HV,34.151406,-118.091041,SAN GABRIEL,28.68,85,55.0,85,55.0,,,,,,,,,,
12:55:00,761112,210,E,HV,34.147621,-118.079037,SIERRA MADRE V2,29.44,108,39.0,108,39.0,,,,,,,,,,
12:55:00,763614,210,E,HV,34.15099,-118.152369,FAIR OAKS 1,25.12,107,62.79999999999999,107,62.79999999999999,,,,,,,,,,
12:55:00,769788,210,E,ML,34.189219,-118.180753,BERKSHIRE,21.58,284,62.66666666666666,75,67.8,78,64.5,68,59.9,63,57.36666666666667,,,,
12:55:00,769806,210,E,ML,34.196934,-118.185042,FOOTHILL,20.98,287,60.06666666666666,74,59.56666666666666,73,69.60000000000001,79,66.73333333333333,61,40.43333333333333,,,,
12:55:00,769819,210,E,ML,34.205892,-118.198234,ANGELES CREST HWY NB,19.98,106,62.79999999999999,22,68.1,32,64.6,29,61.29999999999999,23,57.20000000000001,,,,
12:55:00,769831,210,E,ML,34.206745,-118.201533,ANGELES CREST HWY SB,19.78,256,57.03333333333333,68,61.6,71,58.56666666666666,62,54.43333333333334,55,52.4,,,,
12:55:00,769847,210,E,ML,34.211728,-118.228265,OCEAN VIEW,18.18,247,63.03333333333333,72,74.26666666666667,78,70.56666666666666,59,54.23333333333333,37,39.63333333333333,,,,
12:55:00,769866,210,E,ML,34.218398,-118.239738,LA CRESCENTA,17.38,430,60.333333333333336,87,71.46666666666667,105,65.7,103,54.76666666666667,136,53.3,,,,
12:55:00,769880,210,E,ML,34.221426,-118.245718,PENNSYLVANIA,16.98,367,62.23333333333333,76,66.89999999999999,104,65.96666666666667,101,56.833333333333336,86,61.1,,,,
12:55:00,769895,210,E,ML,34.230849,-118.265101,LOWELL / HONOLULU,15.68,335,65.86666666666666,98,70.23333333333333,94,66.96666666666665,85,64.03333333333333,58,59.1,,,,
12:55:00,769984,210,E,ML,34.202989,-118.191827,GOULD,20.4,286,62.7,75,67.7,79,64.39999999999999,68,60.0,63,57.4,,,,
12:55:00,770116,210,E,ML,34.234317,-118.286992,LA TUNA CANYON,14.39,211,63.6,65,68.89999999999999,66,65.83333333333333,49,57.73333333333333,32,58.13333333333333,,,,
12:55:00,770385,210,E,ML,34.206925,-118.21372,EB/NB 2 TO EB 210 CN,19.08,265,61.7,58,74.10000000000001,77,70.06666666666666,62,57.46666666666667,68,42.66666666666666,,,,
12:55:00,770578,210,E,ML,34.156489,-118.158295,WINONA WAY,24.442,105,63.6,71,66.0,34,58.86666666666667,,,,,,,,
13:00:00,717617,210,E,ML,34.179921,-118.167405,ARROYO,22.6,221,58.03333333333333,57,62.73333333333333,62,59.53333333333333,54,55.9,48,53.2,,,,
13:00:00,717620,210,E,ML,34.174756,-118.160407,LINCOLN 1,23.14,208,61.73333333333333,45,72.66666666666667,59,67.23333333333333,55,56.2,50,51.6,,,,
13:00:00,717625,210,E,ML,34.160546,-118.158748,MOUNTAIN 2,24.16,208,54.9,60,62.8,36,68.03333333333335,31,58.5,80,41.16666666666666,,,,
13:00:00,717628,210,E,ML,34.152216,-118.156144,WALNUT,24.81,32,62.23333333333333,32,62.23333333333333,,,,,,,,,,
13:00:00,717631,210,E,ML,34.15099,-118.152369,FAIR OAKS 1,25.12,106,62.5,22,67.8,32,64.3,29,61.0,23,56.9,,,,
13:00:00,717633,210,E,ML,34.151691,-118.142523,MARENGO,25.72,615,59.5,104,64.6,121,62.5,106,60.79999999999999,108,58.4,99,54.5,77,54.5
13:00:00,717635,210,E,ML,34.151658,-118.12944,LAKE 2,26.47,598,63.333333333333336,113,68.73333333333333,120,65.96666666666665,116,63.86666666666667,105,61.56666666666666,144,57.76666666666667,,
13:00:00,717638,210,E,ML,34.152187,-118.117782,HILL 1,27.14,610,62.96666666666667,140,66.2,133,61.833333333333336,118,71.76666666666667,106,68.86666666666666,112,45.8,,
13:00:00,717640,210,E,ML,34.152301,-118.109239,ALLEN,27.63,580,60.06666666666666,76,72.5,142,63.86666666666667,132,60.96666666666667,111,52.3,118,54.06666666666666,,
13:00:00,717646,210,E,ML,34.151406,-118.091041,SAN GABRIEL,28.68,565,52.86666666666667,139,54.66666666666666,130,51.0,98,48.8,92,54.26666666666667,105,54.73333333333333,,
13:00:00,717650,210,E,ML,34.147621,-118.079037,SIERRA MADRE V2,29.44,505,36.333333333333336,132,40.13333333333333,110,38.0,104,32.36666666666667,82,28.96666666666667,77,39.96666666666667,,
13:00:00,761093,210,E,HV,34.151691,-118.142523,MARENGO,25.72,107,62.5,107,62.5,,,,,,,,,,
13:00:00,761098,210,E,HV,34.151658,-118.12944,LAKE 2,26.47,107,62.5,107,62.5,,,,,,,,,,
13:00:00,761102,210,E,HV,34.152187,-118.117782,HILL 1,27.14,78,65.3,78,65.3,,,,,,,,,,
13:00:00,761105,210,E,HV,34.152301,-118.109239,ALLEN,27.63,136,54.63333333333333,136,54.63333333333333,,,,,,,,,,
13:00:00,761109,210,E,HV,34.151406,-118.091041,SAN GABRIEL,28.68,83,54.6,83,54.6,,,,,,,,,,
13:00:00,761112,210,E,HV,34.147621,-118.079037,SIERRA MADRE V2,29.44,100,38.46666666666667,100,38.46666666666667,,,,,,,,,,
13:00:00,763614,210,E,HV,34.15099,-118.152369,FAIR OAKS 1,25.12,107,62.5,107,62.5,,,,,,,,,,
13:00:00,769788,210,E,ML,34.189219,-118.180753,BERKSHIRE,21.58,249,61.833333333333336,65,66.89999999999999,69,63.66666666666666,60,59.1,55,56.66666666666666,,,,
13:00:00,769806,210,E,ML,34.196934,-118.185042,FOOTHILL,20.98,262,62.5,62,61.66666666666666,83,69.96666666666667,65,66.8,52,44.93333333333334,,,,
13:00:00,769819,210,E,ML,34.205892,-118.198234,ANGELES CREST HWY NB,19.98,106,62.5,22,67.8,32,64.3,29,61.0,23,56.9,,,,
13:00:00,769831,210,E,ML,34.206745,-118.201533,ANGELES CREST HWY SB,19.78,241,55.833333333333336,62,60.5,67,57.46666666666667,58,53.23333333333333,54,51.3,,,,
13:00:00,769847,210,E,ML,34.211728,-118.228265,OCEAN VIEW,18.18,228,63.46666666666667,67,74.06666666666666,72,68.83333333333333,58,51.23333333333333,31,51.43333333333334,,,,
13:00:00,769866,210,E,ML,34.218398,-118.239738,LA CRESCENTA,17.38,403,61.26666666666667,77,70.83333333333333,98,66.86666666666667,93,56.53333333333333,134,55.03333333333333,,,,
13:00:00,769880,210,E,ML,34.221426,-118.245718,PENNSYLVANIA,16.98,362,63.0,72,69.0,102,65.93333333333334,101,58.56666666666666,87,60.9,,,,
13:00:00,769895,210,E,ML,34.230849,-118.265101,LOWELL / HONOLULU,15.68,322,65.23333333333333,91,70.10000000000001,90,66.73333333333333,79,63.03333333333333,61,58.333333333333336,,,,
13:00:00,769984,210,E,ML,34.202989,-118.191827,GOULD,20.4,250,61.8,65,66.8,69,63.5,60,59.16666666666666,55,56.7,,,,
13:00:00,770116,210,E,ML,34.234317,-118.286992,LA TUNA CANYON,14.39,207,63.0,64,68.39999999999999,65,65.43333333333334,48,56.63333333333333,31,57.73333333333333,,,,
13:00:00,770385,210,E,ML,34.206925,-118.21372,EB/NB 2 TO EB 210 CN,19.08,240,59.96666666666667,54,74.83333333333333,62,67.43333333333334,58,54.8,66,44.73333333333333,,,,
13:00:00,770578,210,E,ML,34.156489,-118.158295,WINONA WAY,24.442,86,65.86666666666666,63,67.5,23,61.3,,,,,,,,
13:05:00,717617,210,E,ML,34.179921,-118.167405,ARROYO,22.6,204,57.8,51,62.6,57,59.4,50,55.63333333333333,45,52.96666666666667,,,,
13:05:00,717620,210,E,ML,34.174756,-118.160407,LINCOLN 1,23.14,178,59.66666666666666,30,69.73333333333333,45,64.93333333333334,61,57.4,42,49.06666666666666,,,,
13:05:00,717625,210,E,ML,34.160546,-118.158748,MOUNTAIN 2,24.16,211,52.93333333333334,59,62.06666666666666,28,61.93333333333334,29,54.8,96,44.333333333333336,,,,
13:05:00,717628,210,E,ML,34.152216,-118.156144,WALNUT,24.81,44,62.36666666666667,44,62.36666666666667,,,,,,,,,,
13:05:00,717631,210,E,ML,34.15099,-118.152369,FAIR OAKS 1,25.12,105,62.4,22,67.6,32,64.2,28,61.0,23,56.79999999999999,,,,
13:05:00,717633,210,E,ML,34.151691,-118.142523,MARENGO,25.72,621,59.5,105,64.6,123,62.5,107,60.79999999999999,109,58.4,100,54.5,77,54.5
13:05:00,717635,210,E,ML,34.151658,-118.12944,LAKE 2,26.47,572,63.6,109,68.96666666666667,114,66.3,111,64.06666666666666,100,61.86666666666667,138,58.0,,
13:05:00,717638,210,E,ML,34.152187,-118.117782,HILL 1,27.14,602,63.29999999999999,150,66.7,131,62.56666666666666,109,71.46666666666667,105,68.93333333333334,107,45.8,,
13:05:00,717640,210,E,ML,34.152301,-118.109239,ALLEN,27.63,572,60.4,70,70.73333333333333,148,63.56666666666666,131,61.6,111,52.26666666666667,113,56.7,,
13:05:00,717646,210,E,ML,34.151406,-118.091041,SAN GABRIEL,28.68,569,53.66666666666666,137,55.53333333333334,137,52.333333333333336,98,49.86666666666667,90,55.23333333333333,107,55.2,,
13:05:00,717650,210,E,ML,34.147621,-118.079037,SIERRA MADRE V2,29.44,506,37.333333333333336,126,40.66666666666666,114,38.36666666666667,110,33.63333333333333,83,30.73333333333333,73,42.833333333333336,,
13:05:00,761093,210,E,HV,34.151691,-118.142523,MARENGO,25.72,106,62.4,106,62.4,,,,,,,,,,
13:05:00,761098,210,E,HV,34.151658,-118.12944,LAKE 2,26.47,106,62.4,106,62.4,,,,,,,,,,
13:05:00,761102,210,E,HV,34.152187,-118.117782,HILL 1,27.14,71,65.16666666666667,71,65.16666666666667,,,,,,,,,,
13:05:00,761105,210,E,HV,34.152301,-118.109239,ALLEN,27.63,130,55.46666666666667,130,55.46666666666667,,,,,,,,,,
13:05:00,761109,210,E,HV,34.151406,-118.091041,SAN GABRIEL,28.68,87,53.66666666666666,87,53.66666666666666,,,,,,,,,,
13:05:00,761112,210,E,HV,34.147621,-118.079037,SIERRA MADRE V2,29.44,96,38.63333333333333,96,38.63333333333333,,,,,,,,,,
13:05:00,763614,210,E,HV,34.15099,-118.152369,FAIR OAKS 1,25.12,106,62.4,106,62.4,,,,,,,,,,
13:05:00,769788,210,E,ML,34.189219,-118.180753,BERKSHIRE,21.58,297,61.03333333333333,79,66.0,81,62.76666666666667,71,58.3,66,55.93333333333334,,,,
13:05:00,769806,210,E,ML,34.196934,-118.185042,FOOTHILL,20.98,295,61.93333333333334,72,61.3,86,69.5,81,64.5,56,46.5,,,,
13:05:00,769819,210,E,ML,34.205892,-118.198234,ANGELES CREST HWY NB,19.98,105,62.4,22,67.6,32,64.2,28,61.0,23,56.79999999999999,,,,
13:05:00,769831,210,E,ML,34.206745,-118.201533,ANGELES CREST HWY SB,19.78,251,56.13333333333333,66,60.86666666666667,69,57.73333333333333,60,53.36666666666667,56,51.43333333333334,,,,
13:05:00,769847,210,E,ML,34.211728,-118.228265,OCEAN VIEW,18.18,245,63.93333333333334,72,73.76666666666667,83,69.23333333333333,59,50.9,31,54.13333333333333,,,,
13:05:00,769866,210,E,ML,34.218398,-118.239738,LA CRESCENTA,17.38,387,63.13333333333333,76,71.8,92,68.76666666666667,87,61.1,132,55.9,,,,
13:05:00,769880,210,E,ML,34.221426,-118.245718,PENNSYLVANIA,16.98,355,62.833333333333336,71,66.23333333333333,99,67.43333333333334,100,58.7,84,60.7,,,,
13:05:00,769895,210,E,ML,34.230849,-118.265101,LOWELL / HONOLULU,15.68,333,65.10000000000001,95,70.39999999999999,96,66.46666666666665,80,62.366666666666674,61,57.96666666666667,,,,
13:05:00,769984,210,E,ML,34.202989,-118.191827,GOULD,20.4,299,61.03333333333333,79,65.93333333333332,82,62.7,71,58.4,67,56.0,,,,
13:05:00,770116,210,E,ML,34.234317,-118.286992,LA TUNA CANYON,14.39,208,62.73333333333333,64,67.86666666666666,65,65.03333333333335,48,56.76666666666667,32,57.73333333333333,,,,
13:05:00,770385,210,E,ML,34.206925,-118.21372,EB/NB 2 TO EB 210 CN,19.08,266,62.0,68,75.43333333333334,83,66.56666666666666,61,54.53333333333333,55,47.73333333333333,,,,
13:05:00,770578,210,E,ML,34.156489,-118.158295,WINONA WAY,24.442,101,66.03333333333333,65,68.86666666666666,37,61.46666666666667,,,,,,,,
13:10:00,717617,210,E,ML,34.179921,-118.167405,ARROYO,22.6,225,58.8,57,63.63333333333333,63,60.4,55,56.63333333333333,50,53.86666666666667,,,,
13:10:00,717620,210,E,ML,34.174756,-118.160407,LINCOLN 1,23.14,200,61.36666666666667,40,71.33333333333333,57,66.03333333333333,62,56.66666666666666,41,51.6,,,,
13:10:00,717625,210,E,ML,34.160546,-118.158748,MOUNTAIN 2,24.16,240,56.9,60,63.23333333333334,53,66.0,36,60.4,91,45.56666666666666,,,,
13:10:00,717628,210,E,ML,34.152216,-118.156144,WALNUT,24.81,43,62.06666666666666,43,62.06666666666666,,,,,,,,,,
13:10:00,717631,210,E,ML,34.15099,-118.152369,FAIR OAKS 1,25.12,106,62.4,22,67.6,32,64.2,29,61.0,23,56.79999999999999,,,,
13:10:00,717633,210,E,ML,34.151691,-118.142523,MARENGO,25.72,624,59.1,106,64.2,123,62.1,107,60.4,110,58.0,100,54.1,78,54.1
13:10:00,717635,210,E,ML,34.151658,-118.12944,LAKE 2,26.47,619,63.7,117,69.13333333333333,124,66.46666666666667,120,64.2,108,62.0,149,58.06666666666666,,
13:10:00,717638,210,E,ML,34.152187,-118.117782,HILL 1,27.14,632,64.0,150,66.76666666666667,133,62.96666666666667,121,71.5,107,68.96666666666667,121,49.8,,
13:10:00,717640,210,E,ML,34.152301,-118.109239,ALLEN,27.63,606,60.6,77,71.16666666666667,151,63.76666666666667,138,62.66666666666666,119,54.13333333333333,121,54.1,,
13:10:00,717646,210,E,ML,34.151406,-118.091041,SAN GABRIEL,28.68,612,55.8,150,57.53333333333333,150,54.53333333333333,106,53.26666666666667,98,58.06666666666666,108,56.0,,
13:10:00,717650,210,E,ML,34.147621,-118.079037,SIERRA MADRE V2,29.44,519,35.96666666666667,129,39.6,120,36.7,111,33.26666666666667,83,29.03333333333333,75,39.9,,
13:10:00,761093,210,E,HV,34.151691,-118.142523,MARENGO,25.72,107,62.4,107,62.4,,,,,,,,,,
13:10:00,761098,210,E,HV,34.151658,-118.12944,LAKE 2,26.47,107,62.4,107,62.4,,,,,,,,,,
13:10:00,761102,210,E,HV,34.152187,-118.117782,HILL 1,27.14,79,65.03333333333333,79,65.03333333333333,,,,,,,,,,
13:10:00,761105,210,E,HV,34.152301,-118.109239,ALLEN,27.63,135,55.53333333333333,135,55.53333333333333,,,,,,,,,,
13:10:00,761109,210,E,HV,34.151406,-118.091041,SAN GABRIEL,28.68,80,54.76666666666667,80,54.76666666666667,,,,,,,,,,
13:10:00,761112,210,E,HV,34.147621,-118.079037,SIERRA MADRE V2,29.44,95,37.2,95,37.2,,,,,,,,,,
13:10:00,763614,210,E,HV,34.15099,-118.152369,FAIR OAKS 1,25.12,107,62.4,107,62.4,,,,,,,,,,
13:10:00,769788,210,E,ML,34.189219,-118.180753,BERKSHIRE,21.58,269,63.73333333333333,71,68.86666666666666,75,65.56666666666666,65,60.93333333333334,59,58.26666666666667,,,,
13:10:00,769806,210,E,ML,34.196934,-118.185042,FOOTHILL,20.98,269,63.833333333333336,65,64.83333333333333,84,69.0,61,68.10000000000001,60,50.5,,,,
13:10:00,769819,210,E,ML,34.205892,-118.198234,ANGELES CREST HWY NB,19.98,106,62.4,22,67.6,32,64.2,29,61.0,23,56.79999999999999,,,,
13:10:00,769831,210,E,ML,34.206745,-118.201533,ANGELES CREST HWY SB,19.78,250,57.96666666666667,65,62.76666666666667,69,59.66666666666666,60,55.3,56,53.13333333333333,,,,
13:10:00,769847,210,E,ML,34.211728,-118.228265,OCEAN VIEW,18.18,235,65.3,69,74.23333333333333,75,71.0,54,51.0,37,58.56666666666666,,,,
13:10:00,769866,210,E,ML,34.218398,-118.239738,LA CRESCENTA,17.38,420,62.3,85,70.53333333333333,91,68.33333333333333,106,60.7,138,54.36666666666667,,,,
13:10:00,769880,210,E,ML,34.221426,-118.245718,PENNSYLVANIA,16.98,345,63.13333333333333,73,67.66666666666667,90,67.33333333333333,98,59.43333333333334,84,60.5,,,,
13:10:00,769895,210,E,ML,34.230849,-118.265101,LOWELL / HONOLULU,15.68,332,65.43333333333334,96,70.43333333333334,95,67.16666666666667,78,62.93333333333334,63,58.06666666666666,,,,
13:10:00,769984,210,E,ML,34.202989,-118.191827,GOULD,20.4,270,63.7,71,68.8,75,65.46666666666667,65,60.93333333333334,59,58.26666666666667,,,,
13:10:00,770116,210,E,ML,34.234317,-118.286992,LA TUNA CANYON,14.39,213,63.36666666666667,66,68.76666666666667,67,65.73333333333333,49,57.1,32,57.86666666666667,,,,
13:10:00,770385,210,E,ML,34.206925,-118.21372,EB/NB 2 TO EB 210 CN,19.08,247,63.06666666666667,60,76.26666666666667,69,68.26666666666667,66,55.73333333333333,53,50.833333333333336,,,,
13:10:00,770578,210,E,ML,34.156489,-118.158295,WINONA WAY,24.442,104,66.96666666666665,68,70.0,36,61.13333333333333,,,,,,,,
13:15:00,717617,210,E,ML,34.179921,-118.167405,ARROYO,22.6,247,58.5,64,63.26666666666666,68,60.1,60,56.3,55,53.6,,,,
13:15:00,717620,210,E,ML,34.174756,-118.160407,LINCOLN 1,23.14,228,61.833333333333336,46,72.3,66,67.46666666666667,65,58.16666666666666,51,50.5,,,,
13:15:00,717625,210,E,ML,34.160546,-118.158748,MOUNTAIN 2,24.16,219,58.3,68,64.26666666666667,43,66.8,28,62.23333333333334,80,45.96666666666666,,,,
13:15:00,717628,210,E,ML,34.152216,-118.156144,WALNUT,24.81,51,55.36666666666667,51,55.36666666666667,,,,,,,,,,
13:15:00,717631,210,E,ML,34.15099,-118.152369,FAIR OAKS 1,25.12,109,62.4,23,67.6,33,64.2,29,61.0,24,56.79999999999999,,,,
13:15:00,717633,210,E,ML,34.151691,-118.142523,MARENGO,25.72,624,59.0,106,64.0,123,62.0,107,60.29999999999999,110,57.9,100,54.0,78,54.0
13:15:00,717635,210,E,ML,34.151658,-118.12944,LAKE 2,26.47,623,63.73333333333333,118,69.10000000000001,125,66.46666666666667,121,64.2,109,62.0,150,58.1,,
13:15:00,717638,210,E,ML,34.152187,-118.117782,HILL 1,27.14,625,63.73333333333333,151,66.39999999999999,134,62.93333333333334,112,71.43333333333332,112,69.03333333333333,117,48.833333333333336,,
13:15:00,717640,210,E,ML,34.152301,-118.109239,ALLEN,27.63,613,61.2,91,70.2,150,63.333333333333336,135,62.36666666666667,120,55.06666666666666,117,56.333333333333336,,
13:15:00,717646,210,E,ML,34.151406,-118.091041,SAN GABRIEL,28.68,612,55.63333333333333,150,57.76666666666667,153,54.43333333333334,107,51.1,94,59.8,107,54.86666666666667,,
13:15:00,717650,210,E,ML,34.147621,-118.079037,SIERRA MADRE V2,29.44,533,36.36666666666667,135,39.833333333333336,125,37.6,109,33.4,86,29.166666666666668,78,40.0,,
13:15:00,761093,210,E,HV,34.151691,-118.142523,MARENGO,25.72,109,62.4,109,62.4,,,,,,,,,,
13:15:00,761098,210,E,HV,34.151658,-118.12944,LAKE 2,26.47,109,62.4,109,62.4,,,,,,,,,,
13:15:00,761102,210,E,HV,34.152187,-118.117782,HILL 1,27.14,91,65.16666666666667,91,65.16666666666667,,,,,,,,,,
13:15:00,761105,210,E,HV,34.152301,-118.109239,ALLEN,27.63,133,56.53333333333333,133,56.53333333333333,,,,,,,,,,
13:15:00,761109,210,E,HV,34.151406,-118.091041,SAN GABRIEL,28.68,91,54.66666666666666,91,54.66666666666666,,,,,,,,,,
13:15:00,761112,210,E,HV,34.147621,-118.079037,SIERRA MADRE V2,29.44,100,36.13333333333333,100,36.13333333333333,,,,,,,,,,
13:15:00,763614,210,E,HV,34.15099,-118.152369,FAIR OAKS 1,25.12,109,62.4,109,62.4,,,,,,,,,,
13:15:00,769788,210,E,ML,34.189219,-118.180753,BERKSHIRE,21.58,264,61.73333333333333,69,66.8,73,63.53333333333333,63,59.03333333333333,59,56.56666666666666,,,,
13:15:00,769806,210,E,ML,34.196934,-118.185042,FOOTHILL,20.98,270,63.23333333333333,66,63.53333333333333,82,69.7,64,65.33333333333333,58,50.5,,,,
13:15:00,769819,210,E,ML,34.205892,-118.198234,ANGELES CREST HWY NB,19.98,109,62.4,23,67.6,33,64.2,29,61.0,24,56.79999999999999,,,,
13:15:00,769831,210,E,ML,34.206745,-118.201533,ANGELES CREST HWY SB,19.78,292,57.333333333333336,77,62.1,80,59.03333333333333,70,54.6,65,52.5,,,,
13:15:00,769847,210,E,ML,34.211728,-118.228265,OCEAN VIEW,18.18,271,66.5,85,73.86666666666666,86,70.43333333333334,60,56.7,39,56.86666666666667,,,,
13:15:00,769866,210,E,ML,34.218398,-118.239738,LA CRESCENTA,17.38,457,63.13333333333333,102,70.39999999999999,111,67.06666666666666,102,63.03333333333333,142,54.76666666666667,,,,
13:15:00,769880,210,E,ML,34.221426,-118.245718,PENNSYLVANIA,16.98,419,62.9,83,66.89999999999999,120,66.53333333333333,112,60.13333333333333,104,60.1,,,,
13:15:00,769895,210,E,ML,34.230849,-118.265101,LOWELL / HONOLULU,15.68,383,65.33333333333333,115,69.89999999999999,110,66.26666666666667,88,63.16666666666666,71,59.16666666666666,,,,
13:15:00,769984,210,E,ML,34.202989,-118.191827,GOULD,20.4,267,61.7,70,66.66666666666667,73,63.4,64,59.06666666666666,60,56.6,,,,
13:15:00,770116,210,E,ML,34.234317,-118.286992,LA TUNA CANYON,14.39,230,62.7,72,68.16666666666667,72,65.13333333333334,52,56.16666666666666,34,57.53333333333333,,,,
13:15:00,770385,210,E,ML,34.206925,-118.21372,EB/NB 2 TO EB 210 CN,19.08,314,62.333333333333336,83,75.0,80,67.23333333333333,86,54.16666666666666,65,50.43333333333334,,,,
13:15:00,770578,210,E,ML,34.156489,-118.158295,WINONA WAY,24.442,108,58.26666666666666,62,62.0,45,52.8,,,,,,,,
13:20:00,717617,210,E,ML,34.179921,-118.167405,ARROYO,22.6,231,61.3,59,66.33333333333333,64,63.03333333333333,56,59.16666666666666,52,56.13333333333333,,,,
13:20:00,717620,210,E,ML,34.174756,-118.160407,LINCOLN 1,23.14,219,63.93333333333334,44,73.06666666666666,57,67.3,62,60.5,55,57.46666666666667,,,,
13:20:00,717625,210,E,ML,34.160546,-118.158748,MOUNTAIN 2,24.16,216,58.53333333333333,64,65.13333333333334,43,68.03333333333333,29,62.73333333333333,80,45.9,,,,
13:20:00,717628,210,E,ML,34.152216,-118.156144,WALNUT,24.81,35,59.43333333333334,35,59.43333333333334,,,,,,,,,,
13:20:00,717631,210,E,ML,34.15099,-118.152369,FAIR OAKS 1,25.12,109,62.29999999999999,23,67.5,33,64.1,29,60.9,24,56.70000000000001,,,,
13:20:00,717633,210,E,ML,34.151691,-118.142523,MARENGO,25.72,629,59.0,107,64.0,124,62.0,108,60.29999999999999,111,57.9,101,54.0,78,54.0
13:20:00,717635,210,E,ML,34.151658,-118.12944,LAKE 2,26.47,584,63.93333333333334,111,69.33333333333333,117,66.63333333333334,113,64.36666666666666,102,62.23333333333333,141,58.26666666666667,,
13:20:00,717638,210,E,ML,34.152187,-118.117782,HILL 1,27.14,612,63.73333333333333,149,66.93333333333334,130,63.66666666666666,117,71.60000000000001,109,68.73333333333333,107,45.9,,
13:20:00,717640,210,E,ML,34.152301,-118.109239,ALLEN,27.63,598,61.23333333333333,82,70.53333333333335,157,64.06666666666666,133,61.46666666666667,112,54.9,114,56.6,,
13:20:00,717646,210,E,ML,34.151406,-118.091041,SAN GABRIEL,28.68,578,54.46666666666667,148,54.56666666666666,147,54.03333333333333,100,52.26666666666667,89,56.93333333333334,94,55.16666666666666,,
13:20:00,717650,210,E,ML,34.147621,-118.079037,SIERRA MADRE V2,29.44,519,38.2,127,42.23333333333333,116,39.46666666666667,114,36.03333333333333,84,29.83333333333333,78,41.2,,
13:20:00,761093,210,E,HV,34.151691,-118.142523,MARENGO,25.72,110,62.29999999999999,110,62.29999999999999,,,,,,,,,,
13:20:00,761098,210,E,HV,34.151658,-118.12944,LAKE 2,26.47,110,62.29999999999999,110,62.29999999999999,,,,,,,,,,
13:20:00,761102,210,E,HV,34.152187,-118.117782,HILL 1,27.14,88,65.23333333333333,88,65.23333333333333,,,,,,,,,,
13:20:00,761105,210,E,HV,34.152301,-118.109239,ALLEN,27.63,124,57.63333333333333,124,57.63333333333333,,,,,,,,,,
13:20:00,761109,210,E,HV,34.151406,-118.091041,SAN GABRIEL,28.68,94,52.9,94,52.9,,,,,,,,,,
13:20:00,761112,210,E,HV,34.147621,-118.079037,SIERRA MADRE V2,29.44,107,34.9,107,34.9,,,,,,,,,,
13:20:00,763614,210,E,HV,34.15099,-118.152369,FAIR OAKS 1,25.12,110,62.29999999999999,110,62.29999999999999,,,,,,,,,,
13:20:00,769788,210,E,ML,34.189219,-118.180753,BERKSHIRE,21.58,294,61.06666666666667,78,66.03333333333333,80,62.79999999999999,70,58.36666666666667,66,55.96666666666667,,,,
13:20:00,769806,210,E,ML,34.196934,-118.185042,FOOTHILL,20.98,296,63.6,73,64.5,84,67.16666666666667,90,66.60000000000001,49,51.333333333333336,,,,
13:20:00,769819,210,E,ML,34.205892,-118.198234,ANGELES CREST HWY NB,19.98,109,62.29999999999999,23,67.5,33,64.1,29,60.9,24,56.70000000000001,,,,
13:20:00,769831,210,E,ML,34.206745,-118.201533,ANGELES CREST HWY SB,19.78,298,52.4,79,56.833333333333336,82,53.86666666666667,71,49.73333333333333,65,48.1,,,,
13:20:00,769847,210,E,ML,34.211728,-118.228265,OCEAN VIEW,18.18,252,66.5,72,74.2,83,70.83333333333333,55,53.23333333333333,42,62.03333333333333,,,,
13:20:00,769866,210,E,ML,34.218398,-118.239738,LA CRESCENTA,17.38,441,62.5,93,70.16666666666667,88,66.06666666666666,101,60.56666666666666,159,57.43333333333334,,,,
13:20:00,769880,210,E,ML,34.221426,-118.245718,PENNSYLVANIA,16.98,370,62.36666666666667,83,68.53333333333333,94,66.26666666666667,106,57.333333333333336,86,60.5,,,,
13:20:00,769895,210,E,ML,34.230849,-118.265101,LOWELL / HONOLULU,15.68,336,65.39999999999999,92,69.06666666666666,98,66.33333333333333,83,64.7,63,59.26666666666667,,,,
13:20:00,769984,210,E,ML,34.202989,-118.191827,GOULD,20.4,295,61.1,78,66.03333333333333,80,62.8,70,58.46666666666667,66,56.03333333333333,,,,
13:20:00,770116,210,E,ML,34.234317,-118.286992,LA TUNA CANYON,14.39,216,63.06666666666666,67,68.0,67,65.13333333333333,49,57.7,33,57.96666666666667,,,,
13:20:00,770385,210,E,ML,34.206925,-118.21372,EB/NB 2 TO EB 210 CN,19.08,316,60.03333333333333,78,74.2,99,66.23333333333333,72,49.5,68,45.7,,,,
13:20:00,770578,210,E,ML,34.156489,-118.158295,WINONA WAY,24.442,85,63.9,58,66.43333333333334,26,57.833333333333336,,,,,,,,
13:25:00,717617,210,E,ML,34.179921,-118.167405,ARROYO,22.6,248,60.7,64,65.63333333333333,69,62.36666666666667,60,58.5,55,55.46666666666667,,,,
13:25:00,717620,210,E,ML,34.174756,-118.160407,LINCOLN 1,23.14,232,63.66666666666666,49,73.33333333333333,63,67.39999999999999,69,58.3,52,57.56666666666666,,,,
13:25:00,717625,210,E,ML,34.160546,-118.158748,MOUNTAIN 2,24.16,220,58.5,70,65.03333333333335,41,68.16666666666667,37,62.93333333333334,72,43.7,,,,
13:25:00,717628,210,E,ML,34.152216,-118.156144,WALNUT,24.81,41,62.66666666666666,41,62.66666666666666,,,,,,,,,,
13:25:00,717631,210,E,ML,34.15099,-118.152369,FAIR OAKS 1,25.12,111,62.29999999999999,23,67.5,34,64.1,30,60.9,24,56.70000000000001,,,,
13:25:00,717633,210,E,ML,34.151691,-118.142523,MARENGO,25.72,629,58.9,107,63.9,124,61.79999999999999,108,60.20000000000001,111,57.79999999999999,101,53.9,78,53.9
13:25:00,717635,210,E,ML,34.151658,-118.12944,LAKE 2,26.47,583,62.76666666666667,110,68.10000000000001,116,65.33333333333333,113,63.36666666666667,102,61.0,141,57.3,,
13:25:00,717638,210,E,ML,34.152187,-118.117782,HILL 1,27.14,606,62.13333333333333,147,64.3,133,60.1,111,71.33333333333333,101,68.60000000000001,114,47.03333333333333,,
13:25:00,717640,210,E,ML,34.152301,-118.109239,ALLEN,27.63,585,58.56666666666666,84,68.33333333333333,148,59.86666666666667,131,58.3,109,52.13333333333333,114,55.73333333333333,,
13:25:00,717646,210,E,ML,34.151406,-118.091041,SAN GABRIEL,28.68,493,54.13333333333333,123,52.7,116,52.2,84,51.86666666666667,80,58.133333333333326,90,56.4,,
13:25:00,717650,210,E,ML,34.147621,-118.079037,SIERRA MADRE V2,29.44,477,39.96666666666667,120,43.73333333333333,103,41.2,104,37.833333333333336,84,33.06666666666666,66,42.9,,
13:25:00,761093,210,E,HV,34.151691,-118.142523,MARENGO,25.72,111,62.29999999999999,111,62.29999999999999,,,,,,,,,,
13:25:00,761098,210,E,HV,34.151658,-118.12944,LAKE 2,26.47,111,62.29999999999999,111,62.29999999999999,,,,,,,,,,
13:25:00,761102,210,E,HV,34.152187,-118.117782,HILL 1,27.14,85,65.2,85,65.2,,,,,,,,,,
13:25:00,761105,210,E,HV,34.152301,-118.109239,ALLEN,27.63,130,55.16666666666666,130,55.16666666666666,,,,,,,,,,
13:25:00,761109,210,E,HV,34.151406,-118.091041,SAN GABRIEL,28.68,76,51.7,76,51.7,,,,,,,,,,
13:25:00,761112,210,E,HV,34.147621,-118.079037,SIERRA MADRE V2,29.44,90,35.86666666666667,90,35.86666666666667,,,,,,,,,,
13:25:00,763614,210,E,HV,34.15099,-118.152369,FAIR OAKS 1,25.12,111,62.29999999999999,111,62.29999999999999,,,,,,,,,,
13:25:00,769788,210,E,ML,34.189219,-118.180753,BERKSHIRE,21.58,294,61.46666666666667,77,66.46666666666665,80,63.26666666666667,70,58.76666666666667,66,56.333333333333336,,,,
13:25:00,769806,210,E,ML,34.196934,-118.185042,FOOTHILL,20.98,284,63.7,72,63.8,76,67.3,84,68.56666666666668,52,47.76666666666667,,,,
13:25:00,769819,210,E,ML,34.205892,-118.198234,ANGELES CREST HWY NB,19.98,111,62.29999999999999,23,67.5,34,64.1,30,60.9,24,56.70000000000001,,,,
13:25:00,769831,210,E,ML,34.206745,-118.201533,ANGELES CREST HWY SB,19.78,289,52.7,76,57.16666666666666,80,54.2,69,50.06666666666666,64,48.4,,,,
13:25:00,769847,210,E,ML,34.211728,-118.228265,OCEAN VIEW,18.18,248,65.83333333333333,76,74.93333333333334,76,69.56666666666666,59,52.66666666666666,36,60.93333333333334,,,,
13:25:00,769866,210,E,ML,34.218398,-118.239738,LA CRESCENTA,17.38,421,62.76666666666667,93,70.86666666666666,87,65.93333333333334,99,59.633333333333326,141,57.73333333333333,,,,
13:25:00,769880,210,E,ML,34.221426,-118.245718,PENNSYLVANIA,16.98,368,62.73333333333333,79,68.56666666666666,102,65.93333333333332,100,57.96666666666667,87,60.46666666666667,,,,
13:25:00,769895,210,E,ML,34.230849,-118.265101,LOWELL / HONOLULU,15.68,323,65.53333333333333,92,69.2,96,67.13333333333334,74,62.86666666666667,62,60.4,,,,
13:25:00,769984,210,E,ML,34.202989,-118.191827,GOULD,20.4,296,61.43333333333334,78,66.39999999999999,81,63.133333333333326,71,58.833333333333336,66,56.36666666666667,,,,
13:25:00,770116,210,E,ML,34.234317,-118.286992,LA TUNA CANYON,14.39,210,63.53333333333333,64,68.43333333333334,66,65.46666666666665,48,58.6,32,58.26666666666667,,,,
13:25:00,770385,210,E,ML,34.206925,-118.21372,EB/NB 2 TO EB 210 CN,19.08,288,59.16666666666666,68,74.36666666666666,83,65.66666666666667,77,48.26666666666667,60,46.5,,,,
13:25:00,770578,210,E,ML,34.156489,-118.158295,WINONA WAY,24.442,100,65.43333333333334,67,66.83333333333333,33,61.833333333333336,,,,,,,,
13:30:00,717617,210,E,ML,34.179921,-118.167405,ARROYO,22.6,245,58.03333333333333,63,62.73333333333333,68,59.56666666666666,60,55.93333333333334,54,53.2,,,,
13:30:00,717620,210,E,ML,34.174756,-118.160407,LINCOLN 1,23.14,229,62.93333333333334,54,73.46666666666667,64,66.83333333333333,64,57.46666666666667,47,53.43333333333334,,,,
13:30:00,717625,210,E,ML,34.160546,-118.158748,MOUNTAIN 2,24.16,234,58.0,66,64.3,41,68.13333333333334,37,63.73333333333333,89,45.333333333333336,,,,
13:30:00,717628,210,E,ML,34.152216,-118.156144,WALNUT,24.81,42,64.36666666666666,42,64.36666666666666,,,,,,,,,,
13:30:00,717631,210,E,ML,34.15099,-118.152369,FAIR OAKS 1,25.12,112,62.29999999999999,23,67.5,34,64.1,30,60.9,25,56.70000000000001,,,,
13:30:00,717633,210,E,ML,34.151691,-118.142523,MARENGO,25.72,629,59.0,107,64.0,124,62.0,108,60.29999999999999,111,57.9,101,54.0,78,54.0
13:30:00,717635,210,E,ML,34.151658,-118.12944,LAKE 2,26.47,574,60.86666666666667,109,66.2,114,63.06666666666666,111,61.53333333333333,101,58.93333333333334,139,55.7,,
13:30:00,717638,210,E,ML,34.152187,-118.117782,HILL 1,27.14,593,58.833333333333336,141,57.73333333333333,128,54.1,110,71.33333333333333,105,68.8,110,44.53333333333333,,
13:30:00,717640,210,E,ML,34.152301,-118.109239,ALLEN,27.63,567,53.3,93,62.1,136,53.4,120,51.46666666666666,108,48.0,109,50.7,,
13:30:00,717646,210,E,ML,34.151406,-118.091041,SAN GABRIEL,28.68,601,54.1,143,52.96666666666667,144,52.3,104,53.93333333333334,100,57.5,110,54.23333333333333,,
13:30:00,717650,210,E,ML,34.147621,-118.079037,SIERRA MADRE V2,29.44,553,44.8,145,48.26666666666667,121,45.36666666666667,117,42.66666666666666,99,38.86666666666667,70,48.56666666666666,,
13:30:00,761093,210,E,HV,34.151691,-118.142523,MARENGO,25.72,112,62.29999999999999,112,62.29999999999999,,,,,,,,,,
13:30:00,761098,210,E,HV,34.151658,-118.12944,LAKE 2,26.47,112,62.29999999999999,112,62.29999999999999,,,,,,,,,,
13:30:00,761102,210,E,HV,34.152187,-118.117782,HILL 1,27.14,89,65.13333333333334,89,65.13333333333334,,,,,,,,,,
13:30:00,761105,210,E,HV,34.152301,-118.109239,ALLEN,27.63,116,49.36666666666667,116,49.36666666666667,,,,,,,,,,
13:30:00,761109,210,E,HV,34.151406,-118.091041,SAN GABRIEL,28.68,108,50.8,108,50.8,,,,,,,,,,
13:30:00,761112,210,E,HV,34.147621,-118.079037,SIERRA MADRE V2,29.44,113,37.96666666666667,113,37.96666666666667,,,,,,,,,,
13:30:00,763614,210,E,HV,34.15099,-118.152369,FAIR OAKS 1,25.12,112,62.29999999999999,112,62.29999999999999,,,,,,,,,,
13:30:00,769788,210,E,ML,34.189219,-118.180753,BERKSHIRE,21.58,267,60.7,70,65.76666666666667,74,62.53333333333333,64,57.93333333333334,59,55.6,,,,
13:30:00,769806,210,E,ML,34.196934,-118.185042,FOOTHILL,20.98,270,60.7,66,59.93333333333334,79,68.36666666666667,70,64.16666666666667,55,43.93333333333334,,,,
13:30:00,769819,210,E,ML,34.205892,-118.198234,ANGELES CREST HWY NB,19.98,112,62.29999999999999,23,67.5,34,64.1,30,60.9,25,56.70000000000001,,,,
13:30:00,769831,210,E,ML,34.206745,-118.201533,ANGELES CREST HWY SB,19.78,286,49.86666666666667,76,54.1,79,51.3,68,47.16666666666666,63,45.8,,,,
13:30:00,769847,210,E,ML,34.211728,-118.228265,OCEAN VIEW,18.18,266,65.43333333333334,82,74.06666666666666,78,68.86666666666667,65,53.8,41,59.53333333333333,,,,
13:30:00,769866,210,E,ML,34.218398,-118.239738,LA CRESCENTA,17.38,472,61.66666666666666,108,69.8,109,63.86666666666667,102,58.3,154,56.7,,,,
13:30:00,769880,210,E,ML,34.221426,-118.245718,PENNSYLVANIA,16.98,398,62.53333333333333,79,68.26666666666667,111,66.5,107,57.333333333333336,100,60.4,,,,
13:30:00,769895,210,E,ML,34.230849,-118.265101,LOWELL / HONOLULU,15.68,366,64.56666666666666,110,69.3,101,65.63333333333333,87,62.13333333333333,68,58.26666666666667,,,,
13:30:00,769984,210,E,ML,34.202989,-118.191827,GOULD,20.4,269,60.8,70,65.73333333333333,74,62.5,65,58.13333333333333,60,55.7,,,,
13:30:00,770116,210,E,ML,34.234317,-118.286992,LA TUNA CANYON,14.39,211,62.833333333333336,65,67.93333333333334,66,65.06666666666666,48,57.1,32,57.70000000000001,,,,
13:30:00,770385,210,E,ML,34.206925,-118.21372,EB/NB 2 TO EB 210 CN,19.08,287,56.76666666666667,76,73.0,87,59.26666666666667,61,45.76666666666667,63,43.333333333333336,,,,
13:30:00,770578,210,E,ML,34.156489,-118.158295,WINONA WAY,24.442,120,67.0,86,68.23333333333333,34,64.0,,,,,,,,
13:35:00,717617,210,E,ML,34.179921,-118.167405,ARROYO,22.6,254,58.333333333333336,66,63.03333333333333,71,59.86666666666667,62,56.23333333333333,56,53.5,,,,
13:35:00,717620,210,E,ML,34.174756,-118.160407,LINCOLN 1,23.14,234,62.43333333333334,56,72.06666666666668,67,66.96666666666667,67,56.3,45,53.73333333333333,,,,
13:35:00,717625,210,E,ML,34.160546,-118.158748,MOUNTAIN 2,24.16,245,59.8,69,64.3,51,68.56666666666666,39,64.93333333333334,86,48.0,,,,
13:35:00,717628,210,E,ML,34.152216,-118.156144,WALNUT,24.81,44,64.39999999999999,44,64.39999999999999,,,,,,,,,,
13:35:00,717631,210,E,ML,34.15099,-118.152369,FAIR OAKS 1,25.12,112,62.29999999999999,23,67.5,34,64.1,30,60.9,25,56.70000000000001,,,,
13:35:00,717633,210,E,ML,34.151691,-118.142523,MARENGO,25.72,631,59.0,107,64.0,124,62.0,109,60.29999999999999,111,57.9,101,54.0,79,54.0
13:35:00,717635,210,E,ML,34.151658,-118.12944,LAKE 2,26.47,587,60.4,111,65.83333333333333,117,62.366666666666674,113,61.16666666666666,103,58.5,142,55.36666666666667,,
13:35:00,717638,210,E,ML,34.152187,-118.117782,HILL 1,27.14,613,58.4,150,55.76666666666667,131,53.333333333333336,119,71.33333333333333,103,68.8,110,44.63333333333333,,
13:35:00,717640,210,E,ML,34.152301,-118.109239,ALLEN,27.63,651,53.26666666666667,106,62.333333333333336,157,54.46666666666667,142,51.43333333333334,128,48.66666666666666,119,49.8,,
13:35:00,717646,210,E,ML,34.151406,-118.091041,SAN GABRIEL,28.68,618,55.8,148,54.23333333333333,151,53.3,114,54.63333333333333,96,61.26666666666667,109,56.6,,
13:35:00,717650,210,E,ML,34.147621,-118.079037,SIERRA MADRE V2,29.44,544,44.1,135,46.06666666666666,125,44.5,112,42.833333333333336,93,39.03333333333333,80,48.26666666666667,,
13:35:00,761093,210,E,HV,34.151691,-118.142523,MARENGO,25.72,112,62.29999999999999,112,62.29999999999999,,,,,,,,,,
13:35:00,761098,210,E,HV,34.151658,-118.12944,LAKE 2,26.47,112,62.29999999999999,112,62.29999999999999,,,,,,,,,,
13:35:00,761102,210,E,HV,34.152187,-118.117782,HILL 1,27.14,103,65.0,103,65.0,,,,,,,,,,
13:35:00,761105,210,E,HV,34.152301,-118.109239,ALLEN,27.63,133,48.66666666666666,133,48.66666666666666,,,,,,,,,,
13:35:00,761109,210,E,HV,34.151406,-118.091041,SAN GABRIEL,28.68,115,51.93333333333334,115,51.93333333333334,,,,,,,,,,
13:35:00,761112,210,E,HV,34.147621,-118.079037,SIERRA MADRE V2,29.44,120,36.2,120,36.2,,,,,,,,,,
13:35:00,763614,210,E,HV,34.15099,-118.152369,FAIR OAKS 1,25.12,112,62.29999999999999,112,62.29999999999999,,,,,,,,,,
13:35:00,769788,210,E,ML,34.189219,-118.180753,BERKSHIRE,21.58,312,61.56666666666666,83,66.56666666666666,85,63.333333333333336,75,58.9,69,56.4,,,,
13:35:00,769806,210,E,ML,34.196934,-118.185042,FOOTHILL,20.98,318,60.5,76,60.23333333333333,98,68.03333333333333,76,66.36666666666666,68,42.2,,,,
13:35:00,769819,210,E,ML,34.205892,-118.198234,ANGELES CREST HWY NB,19.98,112,62.29999999999999,23,67.5,34,64.1,30,60.9,25,56.70000000000001,,,,
13:35:00,769831,210,E,ML,34.206745,-118.201533,ANGELES CREST HWY SB,19.78,301,50.76666666666667,80,55.2,83,52.23333333333333,72,48.06666666666666,65,46.63333333333333,,,,
13:35:00,769847,210,E,ML,34.211728,-118.228265,OCEAN VIEW,18.18,258,65.2,79,73.89999999999999,81,70.13333333333333,59,51.6,40,58.56666666666666,,,,
13:35:00,769866,210,E,ML,34.218398,-118.239738,LA CRESCENTA,17.38,416,61.400000000000006,84,69.93333333333334,98,65.39999999999999,99,57.73333333333333,134,55.833333333333336,,,,
13:35:00,769880,210,E,ML,34.221426,-118.245718,PENNSYLVANIA,16.98,353,62.6,74,68.13333333333334,98,66.53333333333335,93,57.8,89,60.16666666666666,,,,
13:35:00,769895,210,E,ML,34.230849,-118.265101,LOWELL / HONOLULU,15.68,308,64.56666666666666,87,69.39999999999999,91,65.53333333333335,74,62.20000000000001,56,58.5,,,,
13:35:00,769984,210,E,ML,34.202989,-118.191827,GOULD,20.4,313,61.6,83,66.46666666666667,86,63.23333333333333,75,58.96666666666667,69,56.53333333333333,,,,
13:35:00,770116,210,E,ML,34.234317,-118.286992,LA TUNA CANYON,14.39,218,62.23333333333333,67,67.33333333333333,68,64.60000000000001,50,56.1,33,57.4,,,,
13:35:00,770385,210,E,ML,34.206925,-118.21372,EB/NB 2 TO EB 210 CN,19.08,293,57.76666666666667,74,72.43333333333334,84,63.29999999999999,64,47.7,71,44.93333333333334,,,,
13:35:00,770578,210,E,ML,34.156489,-118.158295,WINONA WAY,24.442,109,66.89999999999999,72,68.39999999999999,37,64.0,,,,,,,,
13:40:00,717617,210,E,ML,34.179921,-118.167405,ARROYO,22.6,233,57.26666666666667,59,61.86666666666667,65,58.7,57,55.23333333333333,52,52.63333333333333,,,,
13:40:00,717620,210,E,ML,34.174756,-118.160407,LINCOLN 1,23.14,223,62.333333333333336,54,72.53333333333335,60,67.93333333333334,62,56.93333333333334,48,51.93333333333334,,,,
13:40:00,717625,210,E,ML,34.160546,-118.158748,MOUNTAIN 2,24.16,239,57.66666666666666,67,63.23333333333334,47,68.13333333333334,32,62.56666666666666,94,45.86666666666667,,,,
13:40:00,717628,210,E,ML,34.152216,-118.156144,WALNUT,24.81,51,61.8,51,61.8,,,,,,,,,,
13:40:00,717631,210,E,ML,34.15099,-118.152369,FAIR OAKS 1,25.12,115,62.29999999999999,24,67.5,35,64.1,31,60.9,25,56.70000000000001,,,,
13:40:00,717633,210,E,ML,34.151691,-118.142523,MARENGO,25.72,637,58.70000000000001,108,63.70000000000001,126,61.6,110,60.0,112,57.6,102,53.70000000000001,79,53.70000000000001
13:40:00,717635,210,E,ML,34.151658,-118.12944,LAKE 2,26.47,628,61.06666666666666,119,66.43333333333334,126,63.26666666666667,122,61.8,110,59.2,151,55.9,,
13:40:00,717638,210,E,ML,34.152187,-118.117782,HILL 1,27.14,662,59.0,163,58.03333333333333,139,55.0,123,71.5,112,68.7,125,44.23333333333333,,
13:40:00,717640,210,E,ML,34.152301,-118.109239,ALLEN,27.63,642,52.4,109,61.8,157,52.73333333333333,143,51.13333333333333,117,45.4,116,51.3,,
13:40:00,717646,210,E,ML,34.151406,-118.091041,SAN GABRIEL,28.68,631,54.3,150,52.6,155,51.43333333333334,111,53.56666666666666,99,60.3,116,55.4,,
13:40:00,717650,210,E,ML,34.147621,-118.079037,SIERRA MADRE V2,29.44,555,44.66666666666666,146,47.23333333333333,131,45.7,112,42.53333333333333,92,39.1,75,47.76666666666667,,
13:40:00,761093,210,E,HV,34.151691,-118.142523,MARENGO,25.72,114,62.29999999999999,114,62.29999999999999,,,,,,,,,,
13:40:00,761098,210,E,HV,34.151658,-118.12944,LAKE 2,26.47,114,62.29999999999999,114,62.29999999999999,,,,,,,,,,
13:40:00,761102,210,E,HV,34.152187,-118.117782,HILL 1,27.14,111,65.26666666666667,111,65.26666666666667,,,,,,,,,,
13:40:00,761105,210,E,HV,34.152301,-118.109239,ALLEN,27.63,143,48.96666666666667,143,48.96666666666667,,,,,,,,,,
13:40:00,761109,210,E,HV,34.151406,-118.091041,SAN GABRIEL,28.68,123,49.9,123,49.9,,,,,,,,,,
13:40:00,761112,210,E,HV,34.147621,-118.079037,SIERRA MADRE V2,29.44,123,35.36666666666667,123,35.36666666666667,,,,,,,,,,
13:40:00,763614,210,E,HV,34.15099,-118.152369,FAIR OAKS 1,25.12,114,62.29999999999999,114,62.29999999999999,,,,,,,,,,
13:40:00,769788,210,E,ML,34.189219,-118.180753,BERKSHIRE,21.58,302,59.76666666666667,80,64.60000000000001,83,61.43333333333334,72,57.06666666666666,67,54.8,,,,
13:40:00,769806,210,E,ML,34.196934,-118.185042,FOOTHILL,20.98,308,59.03333333333333,72,57.833333333333336,99,68.10000000000001,73,62.333333333333336,64,41.2,,,,
13:40:00,769819,210,E,ML,34.205892,-118.198234,ANGELES CREST HWY NB,19.98,115,62.29999999999999,24,67.5,35,64.1,31,60.9,25,56.70000000000001,,,,
13:40:00,769831,210,E,ML,34.206745,-118.201533,ANGELES CREST HWY SB,19.78,279,51.86666666666667,74,56.36666666666667,77,53.36666666666667,67,49.1,62,47.53333333333333,,,,
13:40:00,769847,210,E,ML,34.211728,-118.228265,OCEAN VIEW,18.18,249,65.8,71,74.4,83,70.63333333333334,60,53.46666666666667,36,57.76666666666667,,,,
13:40:00,769866,210,E,ML,34.218398,-118.239738,LA CRESCENTA,17.38,418,62.86666666666667,79,69.89999999999999,91,67.10000000000001,105,59.76666666666667,143,58.36666666666667,,,,
13:40:00,769880,210,E,ML,34.221426,-118.245718,PENNSYLVANIA,16.98,363,62.93333333333334,78,68.7,97,66.16666666666667,105,58.73333333333333,83,60.73333333333333,,,,
13:40:00,769895,210,E,ML,34.230849,-118.265101,LOWELL / HONOLULU,15.68,338,65.3,96,70.0,100,66.73333333333333,80,63.06666666666666,62,58.333333333333336,,,,
13:40:00,769984,210,E,ML,34.202989,-118.191827,GOULD,20.4,304,59.7,81,64.46666666666667,83,61.23333333333333,73,57.2,67,54.93333333333334,,,,
13:40:00,770116,210,E,ML,34.234317,-118.286992,LA TUNA CANYON,14.39,250,63.633333333333326,78,69.06666666666666,77,65.86666666666666,57,57.7,37,57.96666666666667,,,,
13:40:00,770385,210,E,ML,34.206925,-118.21372,EB/NB 2 TO EB 210 CN,19.08,277,58.6,73,73.60000000000001,71,65.43333333333334,62,48.93333333333334,72,45.2,,,,
13:40:00,770578,210,E,ML,34.156489,-118.158295,WINONA WAY,24.442,124,64.89999999999999,80,67.2,45,60.76666666666667,,,,,,,,
13:45:00,717617,210,E,ML,34.179921,-118.167405,ARROYO,22.6,232,59.5,59,64.26666666666667,65,61.06666666666666,57,57.43333333333334,51,54.6,,,,
13:45:00,717620,210,E,ML,34.174756,-118.160407,LINCOLN 1,23.14,214,63.26666666666667,44,73.60000000000001,64,67.86666666666666,58,59.86666666666667,49,52.06666666666666,,,,
13:45:00,717625,210,E,ML,34.160546,-118.158748,MOUNTAIN 2,24.16,243,58.06666666666666,64,64.06666666666668,53,67.0,36,62.3,90,46.5,,,,
13:45:00,717628,210,E,ML,34.152216,-118.156144,WALNUT,24.81,43,60.9,43,60.9,,,,,,,,,,
13:45:00,717631,210,E,ML,34.15099,-118.152369,FAIR OAKS 1,25.12,115,62.4,24,67.6,35,64.2,31,61.0,25,56.79999999999999,,,,
13:45:00,717633,210,E,ML,34.151691,-118.142523,MARENGO,25.72,637,58.5,108,63.5,126,61.4,110,59.79999999999999,112,57.4,102,53.5,79,53.5
13:45:00,717635,210,E,ML,34.151658,-118.12944,LAKE 2,26.47,588,59.56666666666666,112,65.03333333333333,117,61.26666666666667,114,60.4,103,57.6,142,54.7,,
13:45:00,717638,210,E,ML,34.152187,-118.117782,HILL 1,27.14,615,56.06666666666666,151,55.16666666666666,136,50.6,112,71.53333333333335,103,68.83333333333333,112,36.66666666666666,,
13:45:00,717640,210,E,ML,34.152301,-118.109239,ALLEN,27.63,636,52.6,106,62.06666666666666,162,53.7,138,51.26666666666667,112,46.76666666666667,119,49.66666666666666,,
13:45:00,717646,210,E,ML,34.151406,-118.091041,SAN GABRIEL,28.68,588,49.5,141,46.16666666666666,132,45.43333333333334,107,46.93333333333334,93,56.86666666666667,115,53.3,,
13:45:00,717650,210,E,ML,34.147621,-118.079037,SIERRA MADRE V2,29.44,495,36.7,125,38.333333333333336,115,37.766666666666666,105,34.7,83,31.366666666666664,68,42.0,,
13:45:00,761093,210,E,HV,34.151691,-118.142523,MARENGO,25.72,115,62.4,115,62.4,,,,,,,,,,
13:45:00,761098,210,E,HV,34.151658,-118.12944,LAKE 2,26.47,115,62.4,115,62.4,,,,,,,,,,
13:45:00,761102,210,E,HV,34.152187,-118.117782,HILL 1,27.14,108,65.03333333333335,108,65.03333333333335,,,,,,,,,,
13:45:00,761105,210,E,HV,34.152301,-118.109239,ALLEN,27.63,133,48.23333333333333,133,48.23333333333333,,,,,,,,,,
13:45:00,761109,210,E,HV,34.151406,-118.091041,SAN GABRIEL,28.68,113,48.63333333333333,113,48.63333333333333,,,,,,,,,,
13:45:00,761112,210,E,HV,34.147621,-118.079037,SIERRA MADRE V2,29.44,115,32.26666666666667,115,32.26666666666667,,,,,,,,,,
13:45:00,763614,210,E,HV,34.15099,-118.152369,FAIR OAKS 1,25.12,115,62.4,115,62.4,,,,,,,,,,
13:45:00,769788,210,E,ML,34.189219,-118.180753,BERKSHIRE,21.58,276,60.13333333333333,72,65.06666666666666,76,61.833333333333336,66,57.43333333333334,61,55.1,,,,
13:45:00,769806,210,E,ML,34.196934,-118.185042,FOOTHILL,20.98,272,58.866666666666674,66,57.66666666666666,84,69.39999999999999,65,63.26666666666666,57,39.96666666666667,,,,
13:45:00,769819,210,E,ML,34.205892,-118.198234,ANGELES CREST HWY NB,19.98,115,62.4,24,67.6,35,64.2,31,61.0,25,56.79999999999999,,,,
13:45:00,769831,210,E,ML,34.206745,-118.201533,ANGELES CREST HWY SB,19.78,318,56.86666666666667,85,61.66666666666666,87,58.56666666666666,76,54.1,70,52.06666666666666,,,,
13:45:00,769847,210,E,ML,34.211728,-118.228265,OCEAN VIEW,18.18,286,66.60000000000001,92,74.0,90,70.43333333333334,65,55.86666666666667,40,58.43333333333334,,,,
13:45:00,769866,210,E,ML,34.218398,-118.239738,LA CRESCENTA,17.38,472,62.833333333333336,108,68.73333333333333,114,66.56666666666666,105,59.36666666666667,145,57.76666666666667,,,,
13:45:00,769880,210,E,ML,34.221426,-118.245718,PENNSYLVANIA,16.98,441,62.6,88,68.26666666666667,124,65.8,114,58.5,115,60.13333333333333,,,,
13:45:00,769895,210,E,ML,34.230849,-118.265101,LOWELL / HONOLULU,15.68,394,65.66666666666667,117,69.8,111,66.39999999999999,94,64.3,72,59.56666666666666,,,,
13:45:00,769984,210,E,ML,34.202989,-118.191827,GOULD,20.4,277,60.06666666666666,73,64.86666666666666,76,61.66666666666666,67,57.53333333333333,61,55.2,,,,
13:45:00,770116,210,E,ML,34.234317,-118.286992,LA TUNA CANYON,14.39,229,63.56666666666666,71,69.0,71,65.8,52,57.63333333333333,34,57.96666666666667,,,,
13:45:00,770385,210,E,ML,34.206925,-118.21372,EB/NB 2 TO EB 210 CN,19.08,318,60.8,88,72.89999999999999,89,65.96666666666667,75,51.26666666666667,66,48.8,,,,
13:45:00,770578,210,E,ML,34.156489,-118.158295,WINONA WAY,24.442,126,64.53333333333333,91,66.33333333333333,35,59.66666666666666,,,,,,,,
13:50:00,717617,210,E,ML,34.179921,-118.167405,ARROYO,22.6,243,58.76666666666667,62,63.43333333333334,68,60.26666666666666,59,56.66666666666666,54,53.93333333333334,,,,
13:50:00,717620,210,E,ML,34.174756,-118.160407,LINCOLN 1,23.14,229,62.333333333333336,47,73.46666666666667,61,68.23333333333333,68,58.9,53,50.53333333333333,,,,
13:50:00,717625,210,E,ML,34.160546,-118.158748,MOUNTAIN 2,24.16,270,58.13333333333333,67,63.1,63,66.26666666666667,48,61.36666666666667,91,46.63333333333333,,,,
13:50:00,717628,210,E,ML,34.152216,-118.156144,WALNUT,24.81,43,60.4,43,60.4,,,,,,,,,,
13:50:00,717631,210,E,ML,34.15099,-118.152369,FAIR OAKS 1,25.12,115,62.29999999999999,24,67.5,35,64.1,31,60.9,25,56.70000000000001,,,,
13:50:00,717633,210,E,ML,34.151691,-118.142523,MARENGO,25.72,635,58.20000000000001,108,63.20000000000001,125,61.1,109,59.5,112,57.1,102,53.29999999999999,79,53.29999999999999
13:50:00,717635,210,E,ML,34.151658,-118.12944,LAKE 2,26.47,615,58.9,116,64.33333333333333,123,60.43333333333334,119,59.76666666666667,107,56.86666666666667,149,54.16666666666666,,
13:50:00,717638,210,E,ML,34.152187,-118.117782,HILL 1,27.14,637,55.13333333333333,159,52.96666666666667,134,48.43333333333334,115,71.73333333333333,110,69.0,120,36.8,,
13:50:00,717640,210,E,ML,34.152301,-118.109239,ALLEN,27.63,644,52.16666666666666,119,60.73333333333334,160,54.03333333333333,135,50.43333333333334,114,44.833333333333336,115,49.73333333333333,,
13:50:00,717646,210,E,ML,34.151406,-118.091041,SAN GABRIEL,28.68,566,44.0,135,38.86666666666667,125,39.63333333333333,94,40.93333333333333,96,51.86666666666667,115,48.46666666666667,,
13:50:00,717650,210,E,ML,34.147621,-118.079037,SIERRA MADRE V2,29.44,522,32.300000000000004,131,35.06666666666666,116,33.26666666666667,116,31.53333333333333,82,24.7,78,35.0,,
13:50:00,761093,210,E,HV,34.151691,-118.142523,MARENGO,25.72,115,62.29999999999999,115,62.29999999999999,,,,,,,,,,
13:50:00,761098,210,E,HV,34.151658,-118.12944,LAKE 2,26.47,115,62.29999999999999,115,62.29999999999999,,,,,,,,,,
13:50:00,761102,210,E,HV,34.152187,-118.117782,HILL 1,27.14,123,64.76666666666667,123,64.76666666666667,,,,,,,,,,
13:50:00,761105,210,E,HV,34.152301,-118.109239,ALLEN,27.63,131,48.96666666666667,131,48.96666666666667,,,,,,,,,,
13:50:00,761109,210,E,HV,34.151406,-118.091041,SAN GABRIEL,28.68,112,44.36666666666667,112,44.36666666666667,,,,,,,,,,
13:50:00,761112,210,E,HV,34.147621,-118.079037,SIERRA MADRE V2,29.44,123,32.733333333333334,123,32.733333333333334,,,,,,,,,,
13:50:00,763614,210,E,HV,34.15099,-118.152369,FAIR OAKS 1,25.12,115,62.29999999999999,115,62.29999999999999,,,,,,,,,,
13:50:00,769788,210,E,ML,34.189219,-118.180753,BERKSHIRE,21.58,269,62.6,71,67.63333333333333,75,64.39999999999999,65,59.833333333333336,59,57.3,,,,
13:50:00,769806,210,E,ML,34.196934,-118.185042,FOOTHILL,20.98,277,60.93333333333334,66,60.03333333333333,86,68.83333333333333,68,67.66666666666667,56,40.46666666666667,,,,
13:50:00,769819,210,E,ML,34.205892,-118.198234,ANGELES CREST HWY NB,19.98,115,62.29999999999999,24,67.5,35,64.1,31,60.9,25,56.70000000000001,,,,
13:50:00,769831,210,E,ML,34.206745,-118.201533,ANGELES CREST HWY SB,19.78,291,56.63333333333333,77,61.3,80,58.26666666666667,70,54.03333333333333,65,52.0,,,,
13:50:00,769847,210,E,ML,34.211728,-118.228265,OCEAN VIEW,18.18,262,68.13333333333334,82,74.5,82,71.43333333333334,61,58.9,37,61.6,,,,
13:50:00,769866,210,E,ML,34.218398,-118.239738,LA CRESCENTA,17.38,431,62.53333333333333,87,69.33333333333333,86,66.53333333333335,107,60.26666666666667,150,57.8,,,,
13:50:00,769880,210,E,ML,34.221426,-118.245718,PENNSYLVANIA,16.98,386,63.13333333333333,81,69.8,102,66.03333333333333,107,58.8,95,60.63333333333333,,,,
13:50:00,769895,210,E,ML,34.230849,-118.265101,LOWELL / HONOLULU,15.68,351,65.8,102,69.93333333333334,99,67.3,85,64.46666666666667,65,58.36666666666667,,,,
13:50:00,769984,210,E,ML,34.202989,-118.191827,GOULD,20.4,271,62.5,71,67.53333333333335,74,64.23333333333333,65,59.86666666666667,60,57.333333333333336,,,,
13:50:00,770116,210,E,ML,34.234317,-118.286992,LA TUNA CANYON,14.39,219,63.93333333333333,67,69.53333333333333,68,66.23333333333333,50,57.86666666666667,33,58.1,,,,
13:50:00,770385,210,E,ML,34.206925,-118.21372,EB/NB 2 TO EB 210 CN,19.08,306,62.2,85,73.0,80,66.16666666666667,81,53.93333333333334,61,52.26666666666667,,,,
13:50:00,770578,210,E,ML,34.156489,-118.158295,WINONA WAY,24.442,117,63.96666666666667,81,66.03333333333333,35,59.03333333333333,,,,,,,,
13:55:00,717617,210,E,ML,34.179921,-118.167405,ARROYO,22.6,250,59.0,64,63.73333333333333,69,60.53333333333333,61,56.9,55,54.13333333333333,,,,
13:55:00,717620,210,E,ML,34.174756,-118.160407,LINCOLN 1,23.14,229,62.29999999999999,40,73.23333333333333,64,68.26666666666667,71,59.23333333333333,55,51.53333333333333,,,,
13:55:00,717625,210,E,ML,34.160546,-118.158748,MOUNTAIN 2,24.16,254,56.8,72,63.66666666666666,48,67.76666666666667,36,59.43333333333334,98,45.833333333333336,,,,
13:55:00,717628,210,E,ML,34.152216,-118.156144,WALNUT,24.81,47,60.366666666666674,47,60.366666666666674,,,,,,,,,,
13:55:00,717631,210,E,ML,34.15099,-118.152369,FAIR OAKS 1,25.12,115,62.29999999999999,24,67.5,35,64.1,31,60.9,25,56.70000000000001,,,,
13:55:00,717633,210,E,ML,34.151691,-118.142523,MARENGO,25.72,633,57.9,107,62.79999999999999,125,60.79999999999999,109,59.1,111,56.79999999999999,102,53.0,79,53.0
13:55:00,717635,210,E,ML,34.151658,-118.12944,LAKE 2,26.47,608,58.1,115,63.53333333333333,122,59.43333333333334,118,59.0,106,56.03333333333333,147,53.5,,
13:55:00,717638,210,E,ML,34.152187,-118.117782,HILL 1,27.14,624,53.1,147,49.5,136,46.23333333333333,121,71.43333333333334,104,69.03333333333335,116,32.300000000000004,,
13:55:00,717640,210,E,ML,34.152301,-118.109239,ALLEN,27.63,638,49.53333333333333,121,56.16666666666666,148,50.7,136,48.26666666666667,124,45.53333333333333,109,47.36666666666667,,
13:55:00,717646,210,E,ML,34.151406,-118.091041,SAN GABRIEL,28.68,577,40.13333333333333,126,31.666666666666668,129,33.733333333333334,104,38.73333333333333,97,51.53333333333333,120,47.7,,
13:55:00,717650,210,E,ML,34.147621,-118.079037,SIERRA MADRE V2,29.44,487,28.5,114,30.4,113,30.33333333333333,104,27.366666666666664,75,21.133333333333333,80,31.3,,
13:55:00,761093,210,E,HV,34.151691,-118.142523,MARENGO,25.72,116,62.29999999999999,116,62.29999999999999,,,,,,,,,,
13:55:00,761098,210,E,HV,34.151658,-118.12944,LAKE 2,26.47,116,62.29999999999999,116,62.29999999999999,,,,,,,,,,
13:55:00,761102,210,E,HV,34.152187,-118.117782,HILL 1,27.14,125,64.93333333333334,125,64.93333333333334,,,,,,,,,,
13:55:00,761105,210,E,HV,34.152301,-118.109239,ALLEN,27.63,127,47.3,127,47.3,,,,,,,,,,
13:55:00,761109,210,E,HV,34.151406,-118.091041,SAN GABRIEL,28.68,124,38.9,124,38.9,,,,,,,,,,
13:55:00,761112,210,E,HV,34.147621,-118.079037,SIERRA MADRE V2,29.44,116,28.8,116,28.8,,,,,,,,,,
13:55:00,763614,210,E,HV,34.15099,-118.152369,FAIR OAKS 1,25.12,116,62.29999999999999,116,62.29999999999999,,,,,,,,,,
13:55:00,769788,210,E,ML,34.189219,-118.180753,BERKSHIRE,21.58,262,62.66666666666666,69,67.73333333333333,72,64.53333333333333,63,59.93333333333334,58,57.4,,,,
13:55:00,769806,210,E,ML,34.196934,-118.185042,FOOTHILL,20.98,269,60.86666666666667,63,59.73333333333333,88,69.0,66,67.10000000000001,52,40.4,,,,
13:55:00,769819,210,E,ML,34.205892,-118.198234,ANGELES CREST HWY NB,19.98,115,62.29999999999999,24,67.5,35,64.1,31,60.9,25,56.70000000000001,,,,
13:55:00,769831,210,E,ML,34.206745,-118.201533,ANGELES CREST HWY SB,19.78,221,54.1,58,58.66666666666666,62,55.63333333333333,53,51.43333333333334,48,49.6,,,,
13:55:00,769847,210,E,ML,34.211728,-118.228265,OCEAN VIEW,18.18,247,66.3,74,74.03333333333333,85,70.33333333333333,54,55.4,34,57.06666666666666,,,,
13:55:00,769866,210,E,ML,34.218398,-118.239738,LA CRESCENTA,17.38,449,63.333333333333336,86,69.8,103,65.76666666666667,109,61.96666666666666,150,59.0,,,,
13:55:00,769880,210,E,ML,34.221426,-118.245718,PENNSYLVANIA,16.98,406,62.86666666666667,85,69.53333333333335,115,65.36666666666666,113,58.2,93,60.43333333333334,,,,
13:55:00,769895,210,E,ML,34.230849,-118.265101,LOWELL / HONOLULU,15.68,383,66.23333333333333,111,69.2,108,67.26666666666667,94,65.2,70,61.333333333333336,,,,
13:55:00,769984,210,E,ML,34.202989,-118.191827,GOULD,20.4,264,62.633333333333326,69,67.7,73,64.36666666666667,63,60.0,59,57.4,,,,
13:55:00,770116,210,E,ML,34.234317,-118.286992,LA TUNA CANYON,14.39,249,64.53333333333333,78,70.03333333333333,77,66.66666666666667,57,58.8,37,58.36666666666667,,,,
13:55:00,770385,210,E,ML,34.206925,-118.21372,EB/NB 2 TO EB 210 CN,19.08,239,63.0,69,74.2,77,67.7,46,51.06666666666666,47,49.0,,,,
13:55:00,770578,210,E,ML,34.156489,-118.158295,WINONA WAY,24.442,126,64.26666666666667,86,66.8,40,58.96666666666667,,,,,,,,
14:00:00,717617,210,E,ML,34.179921,-118.167405,ARROYO,22.6,243,60.3,63,65.10000000000001,68,61.86666666666667,59,58.13333333333333,53,55.23333333333333,,,,
14:00:00,717620,210,E,ML,34.174756,-118.160407,LINCOLN 1,23.14,229,62.43333333333334,53,71.23333333333333,63,67.23333333333333,58,61.03333333333333,55,50.3,,,,
14:00:00,717625,210,E,ML,34.160546,-118.158748,MOUNTAIN 2,24.16,257,59.6,67,65.3,48,67.23333333333333,42,62.93333333333334,100,50.79999999999999,,,,
14:00:00,717628,210,E,ML,34.152216,-118.156144,WALNUT,24.81,41,62.26666666666667,41,62.26666666666667,,,,,,,,,,
14:00:00,717631,210,E,ML,34.15099,-118.152369,FAIR OAKS 1,25.12,116,62.0,24,67.2,35,63.79999999999999,31,60.6,26,56.4,,,,
14:00:00,717633,210,E,ML,34.151691,-118.142523,MARENGO,25.72,629,57.9,107,62.79999999999999,124,60.79999999999999,108,59.1,111,56.79999999999999,101,53.0,78,53.0
14:00:00,717635,210,E,ML,34.151658,-118.12944,LAKE 2,26.47,597,57.8,113,63.23333333333333,120,59.06666666666666,116,58.73333333333333,104,55.66666666666666,144,53.26666666666667,,
14:00:00,717638,210,E,ML,34.152187,-118.117782,HILL 1,27.14,609,53.0,138,47.7,130,45.1,116,71.33333333333333,109,69.16666666666667,117,35.2,,
14:00:00,717640,210,E,ML,34.152301,-118.109239,ALLEN,27.63,635,49.333333333333336,112,53.66666666666666,142,50.8,133,48.63333333333333,121,46.1,127,48.5,,
14:00:00,717646,210,E,ML,34.151406,-118.091041,SAN GABRIEL,28.68,582,38.63333333333333,126,30.166666666666668,131,33.4,105,39.3,96,46.53333333333333,124,46.16666666666666,,
14:00:00,717650,210,E,ML,34.147621,-118.079037,SIERRA MADRE V2,29.44,511,28.166666666666668,126,31.0,116,30.0,109,26.96666666666667,81,20.766666666666666,78,30.03333333333333,,
14:00:00,761093,210,E,HV,34.151691,-118.142523,MARENGO,25.72,117,62.0,117,62.0,,,,,,,,,,
14:00:00,761098,210,E,HV,34.151658,-118.12944,LAKE 2,26.47,117,62.0,117,62.0,,,,,,,,,,
14:00:00,761102,210,E,HV,34.152187,-118.117782,HILL 1,27.14,112,64.2,112,64.2,,,,,,,,,,
14:00:00,761105,210,E,HV,34.152301,-118.109239,ALLEN,27.63,130,46.53333333333334,130,46.53333333333334,,,,,,,,,,
14:00:00,761109,210,E,HV,34.151406,-118.091041,SAN GABRIEL,28.68,122,32.733333333333334,122,32.733333333333334,,,,,,,,,,
14:00:00,761112,210,E,HV,34.147621,-118.079037,SIERRA MADRE V2,29.44,132,27.933333333333334,132,27.933333333333334,,,,,,,,,,
14:00:00,763614,210,E,HV,34.15099,-118.152369,FAIR OAKS 1,25.12,117,62.0,117,62.0,,,,,,,,,,
14:00:00,769788,210,E,ML,34.189219,-118.180753,BERKSHIRE,21.58,288,59.26666666666667,77,64.03333333333333,80,60.9,69,56.6,63,54.36666666666667,,,,
14:00:00,769806,210,E,ML,34.196934,-118.185042,FOOTHILL,20.98,312,58.36666666666667,79,57.36666666666667,83,69.13333333333334,83,60.56666666666666,66,42.06666666666667,,,,
14:00:00,769819,210,E,ML,34.205892,-118.198234,ANGELES CREST HWY NB,19.98,116,62.0,24,67.2,35,63.79999999999999,31,60.6,26,56.4,,,,
14:00:00,769831,210,E,ML,34.206745,-118.201533,ANGELES CREST HWY SB,19.78,264,54.3,69,59.0,73,55.93333333333334,63,51.6,59,49.76666666666667,,,,
14:00:00,769847,210,E,ML,34.211728,-118.228265,OCEAN VIEW,18.18,256,66.43333333333334,79,73.73333333333333,83,69.23333333333333,58,57.63333333333333,36,57.63333333333333,,,,
14:00:00,769866,210,E,ML,34.218398,-118.239738,LA CRESCENTA,17.38,426,64.03333333333333,83,69.73333333333333,102,66.93333333333332,104,65.3,137,56.9,,,,
14:00:00,769880,210,E,ML,34.221426,-118.245718,PENNSYLVANIA,16.98,399,63.70000000000001,84,71.10000000000001,109,66.06666666666666,111,59.36666666666667,96,60.53333333333333,,,,
14:00:00,769895,210,E,ML,34.230849,-118.265101,LOWELL / HONOLULU,15.68,373,66.63333333333334,107,69.96666666666667,106,67.06666666666666,93,66.03333333333335,67,61.333333333333336,,,,
14:00:00,769984,210,E,ML,34.202989,-118.191827,GOULD,20.4,290,59.3,77,63.93333333333334,80,60.76666666666667,69,56.76666666666667,64,54.5,,,,
14:00:00,770116,210,E,ML,34.234317,-118.286992,LA TUNA CANYON,14.39,246,63.53333333333334,77,69.03333333333335,76,65.8,56,57.26666666666667,37,57.8,,,,
14:00:00,770385,210,E,ML,34.206925,-118.21372,EB/NB 2 TO EB 210 CN,19.08,309,61.86666666666667,83,72.16666666666667,108,67.96666666666667,70,48.4,49,49.96666666666667,,,,
14:00:00,770578,210,E,ML,34.156489,-118.158295,WINONA WAY,24.442,92,65.93333333333334,58,68.7,34,61.36666666666667,,,,,,,,
14:05:00,717617,210,E,ML,34.179921,-118.167405,ARROYO,22.6,232,59.2,59,63.93333333333334,65,60.76666666666667,57,57.1,51,54.3,,,,
14:05:00,717620,210,E,ML,34.174756,-118.160407,LINCOLN 1,23.14,234,62.2,58,69.36666666666666,69,66.86666666666666,59,59.66666666666666,49,51.1,,,,
14:05:00,717625,210,E,ML,34.160546,-118.158748,MOUNTAIN 2,24.16,250,58.9,65,65.10000000000001,47,65.0,38,64.16666666666667,100,48.9,,,,
14:05:00,717628,210,E,ML,34.152216,-118.156144,WALNUT,24.81,46,60.36666666666667,46,60.36666666666667,,,,,,,,,,
14:05:00,717631,210,E,ML,34.15099,-118.152369,FAIR OAKS 1,25.12,115,61.9,24,67.1,35,63.70000000000001,31,60.5,25,56.29999999999999,,,,
14:05:00,717633,210,E,ML,34.151691,-118.142523,MARENGO,25.72,635,57.79999999999999,108,62.70000000000001,125,60.70000000000001,109,59.0,112,56.70000000000001,102,52.9,79,52.9
14:05:00,717635,210,E,ML,34.151658,-118.12944,LAKE 2,26.47,595,57.3,113,62.8,119,58.4,115,58.3,104,55.16666666666666,144,52.86666666666667,,
14:05:00,717638,210,E,ML,34.152187,-118.117782,HILL 1,27.14,610,51.66666666666666,138,44.333333333333336,135,43.53333333333333,114,71.3,106,69.06666666666666,117,34.833333333333336,,
14:05:00,717640,210,E,ML,34.152301,-118.109239,ALLEN,27.63,613,47.9,116,52.06666666666666,136,47.13333333333333,130,47.2,114,43.76666666666667,117,49.833333333333336,,
14:05:00,717646,210,E,ML,34.151406,-118.091041,SAN GABRIEL,28.68,574,38.1,124,30.133333333333336,130,34.03333333333333,105,37.8,94,46.86666666666667,121,44.13333333333333,,
14:05:00,717650,210,E,ML,34.147621,-118.079037,SIERRA MADRE V2,29.44,508,29.7,124,32.7,117,31.33333333333333,113,29.2,78,22.0,76,31.066666666666663,,
14:05:00,761093,210,E,HV,34.151691,-118.142523,MARENGO,25.72,116,61.9,116,61.9,,,,,,,,,,
14:05:00,761098,210,E,HV,34.151658,-118.12944,LAKE 2,26.47,116,61.9,116,61.9,,,,,,,,,,
14:05:00,761102,210,E,HV,34.152187,-118.117782,HILL 1,27.14,114,63.93333333333334,114,63.93333333333334,,,,,,,,,,
14:05:00,761105,210,E,HV,34.152301,-118.109239,ALLEN,27.63,133,45.16666666666666,133,45.16666666666666,,,,,,,,,,
14:05:00,761109,210,E,HV,34.151406,-118.091041,SAN GABRIEL,28.68,117,28.73333333333333,117,28.73333333333333,,,,,,,,,,
14:05:00,761112,210,E,HV,34.147621,-118.079037,SIERRA MADRE V2,29.44,122,26.633333333333336,122,26.633333333333336,,,,,,,,,,
14:05:00,763614,210,E,HV,34.15099,-118.152369,FAIR OAKS 1,25.12,116,61.9,116,61.9,,,,,,,,,,
14:05:00,769788,210,E,ML,34.189219,-118.180753,BERKSHIRE,21.58,275,61.96666666666667,72,67.03333333333333,76,63.8,66,59.3,61,56.8,,,,
14:05:00,769806,210,E,ML,34.196934,-118.185042,FOOTHILL,20.98,278,63.96666666666667,66,64.43333333333334,87,68.23333333333333,73,67.63333333333334,51,50.06666666666666,,,,
14:05:00,769819,210,E,ML,34.205892,-118.198234,ANGELES CREST HWY NB,19.98,115,61.9,24,67.1,35,63.70000000000001,31,60.5,25,56.29999999999999,,,,
14:05:00,769831,210,E,ML,34.206745,-118.201533,ANGELES CREST HWY SB,19.78,276,54.93333333333334,73,59.5,76,56.43333333333334,67,52.26666666666667,60,50.4,,,,
14:05:00,769847,210,E,ML,34.211728,-118.228265,OCEAN VIEW,18.18,243,66.23333333333333,82,75.3,77,68.56666666666666,52,54.96666666666667,32,56.13333333333333,,,,
14:05:00,769866,210,E,ML,34.218398,-118.239738,LA CRESCENTA,17.38,480,63.93333333333334,103,68.73333333333333,113,67.16666666666667,106,63.93333333333334,157,58.43333333333334,,,,
14:05:00,769880,210,E,ML,34.221426,-118.245718,PENNSYLVANIA,16.98,425,62.76666666666667,81,68.7,121,66.26666666666667,114,58.6,109,59.96666666666667,,,,
14:05:00,769895,210,E,ML,34.230849,-118.265101,LOWELL / HONOLULU,15.68,396,65.93333333333334,121,69.56666666666666,114,67.06666666666666,94,64.93333333333334,67,58.866666666666674,,,,
14:05:00,769984,210,E,ML,34.202989,-118.191827,GOULD,20.4,277,61.96666666666667,73,66.93333333333334,76,63.70000000000001,66,59.4,62,56.833333333333336,,,,
14:05:00,770116,210,E,ML,34.234317,-118.286992,LA TUNA CANYON,14.39,238,63.63333333333333,74,69.2,74,65.93333333333334,54,57.5,35,57.86666666666667,,,,
14:05:00,770385,210,E,ML,34.206925,-118.21372,EB/NB 2 TO EB 210 CN,19.08,252,60.53333333333333,57,72.36666666666667,77,67.8,54,50.36666666666667,64,50.6,,,,
14:05:00,770578,210,E,ML,34.156489,-118.158295,WINONA WAY,24.442,123,64.8,84,67.60000000000001,39,58.96666666666667,,,,,,,,
14:10:00,717617,210,E,ML,34.179921,-118.167405,ARROYO,22.6,227,59.333333333333336,57,64.13333333333333,63,60.93333333333334,56,57.23333333333333,51,54.4,,,,
14:10:00,717620,210,E,ML,34.174756,-118.160407,LINCOLN 1,23.14,203,62.26666666666667,41,70.3,60,66.66666666666667,61,59.96666666666667,41,51.26666666666667,,,,
14:10:00,717625,210,E,ML,34.160546,-118.158748,MOUNTAIN 2,24.16,218,57.9,63,63.26666666666667,47,64.16666666666667,40,62.0,68,44.53333333333333,,,,
14:10:00,717628,210,E,ML,34.152216,-118.156144,WALNUT,24.81,50,58.03333333333334,50,58.03333333333334,,,,,,,,,,
14:10:00,717631,210,E,ML,34.15099,-118.152369,FAIR OAKS 1,25.12,119,61.79999999999999,25,67.0,36,63.6,32,60.4,26,56.20000000000001,,,,
14:10:00,717633,210,E,ML,34.151691,-118.142523,MARENGO,25.72,637,57.4,108,62.29999999999999,126,60.29999999999999,110,58.6,112,56.4,102,52.5,79,52.5
14:10:00,717635,210,E,ML,34.151658,-118.12944,LAKE 2,26.47,609,56.66666666666666,115,61.86666666666667,122,58.0,118,57.73333333333333,107,54.53333333333333,147,52.23333333333333,,
14:10:00,717638,210,E,ML,34.152187,-118.117782,HILL 1,27.14,614,50.03333333333333,142,42.46666666666667,132,41.2,111,70.96666666666667,109,68.93333333333334,120,32.166666666666664,,
14:10:00,717640,210,E,ML,34.152301,-118.109239,ALLEN,27.63,644,48.8,131,51.9,148,49.16666666666666,141,48.73333333333333,110,42.5,115,50.9,,
14:10:00,717646,210,E,ML,34.151406,-118.091041,SAN GABRIEL,28.68,581,36.4,126,28.8,129,31.366666666666664,95,32.800000000000004,106,47.1,125,42.73333333333333,,
14:10:00,717650,210,E,ML,34.147621,-118.079037,SIERRA MADRE V2,29.44,499,29.866666666666664,127,32.7,116,31.133333333333336,104,28.666666666666668,77,22.133333333333336,75,32.5,,
14:10:00,761093,210,E,HV,34.151691,-118.142523,MARENGO,25.72,118,61.79999999999999,118,61.79999999999999,,,,,,,,,,
14:10:00,761098,210,E,HV,34.151658,-118.12944,LAKE 2,26.47,118,61.79999999999999,118,61.79999999999999,,,,,,,,,,
14:10:00,761102,210,E,HV,34.152187,-118.117782,HILL 1,27.14,137,63.8,137,63.8,,,,,,,,,,
14:10:00,761105,210,E,HV,34.152301,-118.109239,ALLEN,27.63,124,45.7,124,45.7,,,,,,,,,,
14:10:00,761109,210,E,HV,34.151406,-118.091041,SAN GABRIEL,28.68,123,25.5,123,25.5,,,,,,,,,,
14:10:00,761112,210,E,HV,34.147621,-118.079037,SIERRA MADRE V2,29.44,123,26.33333333333333,123,26.33333333333333,,,,,,,,,,
14:10:00,763614,210,E,HV,34.15099,-118.152369,FAIR OAKS 1,25.12,118,61.79999999999999,118,61.79999999999999,,,,,,,,,,
14:10:00,769788,210,E,ML,34.189219,-118.180753,BERKSHIRE,21.58,266,62.26666666666667,70,67.33333333333333,74,64.10000000000001,64,59.53333333333333,59,57.0,,,,
14:10:00,769806,210,E,ML,34.196934,-118.185042,FOOTHILL,20.98,276,62.93333333333334,61,62.7,101,67.66666666666667,69,67.66666666666667,46,46.23333333333333,,,,
14:10:00,769819,210,E,ML,34.205892,-118.198234,ANGELES CREST HWY NB,19.98,119,61.79999999999999,25,67.0,36,63.6,32,60.4,26,56.20000000000001,,,,
14:10:00,769831,210,E,ML,34.206745,-118.201533,ANGELES CREST HWY SB,19.78,256,55.9,67,60.633333333333326,71,57.56666666666666,62,53.16666666666666,57,51.13333333333333,,,,
14:10:00,769847,210,E,ML,34.211728,-118.228265,OCEAN VIEW,18.18,268,67.03333333333333,95,74.36666666666667,80,70.03333333333333,63,56.73333333333333,30,57.9,,,,
14:10:00,769866,210,E,ML,34.218398,-118.239738,LA CRESCENTA,17.38,542,63.20000000000001,124,66.53333333333333,134,66.66666666666667,125,60.53333333333333,158,58.56666666666666,,,,
14:10:00,769880,210,E,ML,34.221426,-118.245718,PENNSYLVANIA,16.98,427,63.333333333333336,88,71.33333333333333,117,65.5,117,59.46666666666667,105,59.333333333333336,,,,
14:10:00,769895,210,E,ML,34.230849,-118.265101,LOWELL / HONOLULU,15.68,394,65.10000000000001,114,68.96666666666667,115,66.66666666666667,91,63.1,75,59.43333333333334,,,,
14:10:00,769984,210,E,ML,34.202989,-118.191827,GOULD,20.4,268,62.26666666666667,71,67.26666666666667,74,64.0,64,59.6,59,57.06666666666666,,,,
14:10:00,770116,210,E,ML,34.234317,-118.286992,LA TUNA CANYON,14.39,272,62.6,86,68.0,84,65.10000000000001,62,55.93333333333334,40,57.36666666666667,,,,
14:10:00,770385,210,E,ML,34.206925,-118.21372,EB/NB 2 TO EB 210 CN,19.08,262,62.36666666666667,76,72.60000000000001,69,68.7,60,51.76666666666667,57,52.0,,,,
14:10:00,770578,210,E,ML,34.156489,-118.158295,WINONA WAY,24.442,110,63.06666666666666,66,67.89999999999999,44,56.1,,,,,,,,
14:15:00,717617,210,E,ML,34.179921,-118.167405,ARROYO,22.6,227,61.66666666666666,58,66.66666666666667,63,63.4,56,59.46666666666667,50,56.4,,,,
14:15:00,717620,210,E,ML,34.174756,-118.160407,LINCOLN 1,23.14,233,63.76666666666667,59,70.63333333333334,68,66.56666666666666,57,65.16666666666667,49,50.8,,,,
14:15:00,717625,210,E,ML,34.160546,-118.158748,MOUNTAIN 2,24.16,251,54.03333333333333,63,62.5,65,60.93333333333334,43,58.63333333333333,81,38.5,,,,
14:15:00,717628,210,E,ML,34.152216,-118.156144,WALNUT,24.81,49,58.1,49,58.1,,,,,,,,,,
14:15:00,717631,210,E,ML,34.15099,-118.152369,FAIR OAKS 1,25.12,119,61.79999999999999,25,67.0,36,63.6,32,60.4,26,56.20000000000001,,,,
14:15:00,717633,210,E,ML,34.151691,-118.142523,MARENGO,25.72,641,56.79999999999999,109,61.6,126,59.6,110,58.0,113,55.79999999999999,103,52.0,80,52.0
14:15:00,717635,210,E,ML,34.151658,-118.12944,LAKE 2,26.47,602,55.3,114,60.63333333333333,120,56.2,117,56.36666666666667,105,52.93333333333334,145,51.1,,
14:15:00,717638,210,E,ML,34.152187,-118.117782,HILL 1,27.14,609,48.26666666666667,141,39.96666666666667,132,37.36666666666667,113,71.03333333333333,110,69.06666666666666,113,28.6,,
14:15:00,717640,210,E,ML,34.152301,-118.109239,ALLEN,27.63,632,49.23333333333333,126,51.86666666666667,146,50.2,129,48.86666666666667,112,43.96666666666667,119,50.833333333333336,,
14:15:00,717646,210,E,ML,34.151406,-118.091041,SAN GABRIEL,28.68,567,34.300000000000004,116,25.133333333333336,123,27.933333333333334,99,30.73333333333333,104,46.36666666666667,124,41.93333333333334,,
14:15:00,717650,210,E,ML,34.147621,-118.079037,SIERRA MADRE V2,29.44,507,29.3,123,32.5,117,30.633333333333336,104,27.76666666666667,86,23.266666666666666,78,30.566666666666663,,
14:15:00,761093,210,E,HV,34.151691,-118.142523,MARENGO,25.72,120,61.79999999999999,120,61.79999999999999,,,,,,,,,,
14:15:00,761098,210,E,HV,34.151658,-118.12944,LAKE 2,26.47,120,61.79999999999999,120,61.79999999999999,,,,,,,,,,
14:15:00,761102,210,E,HV,34.152187,-118.117782,HILL 1,27.14,124,63.833333333333336,124,63.833333333333336,,,,,,,,,,
14:15:00,761105,210,E,HV,34.152301,-118.109239,ALLEN,27.63,132,45.36666666666667,132,45.36666666666667,,,,,,,,,,
14:15:00,761109,210,E,HV,34.151406,-118.091041,SAN GABRIEL,28.68,125,24.8,125,24.8,,,,,,,,,,
14:15:00,761112,210,E,HV,34.147621,-118.079037,SIERRA MADRE V2,29.44,124,24.8,124,24.8,,,,,,,,,,
14:15:00,763614,210,E,HV,34.15099,-118.152369,FAIR OAKS 1,25.12,120,61.79999999999999,120,61.79999999999999,,,,,,,,,,
14:15:00,769788,210,E,ML,34.189219,-118.180753,BERKSHIRE,21.58,329,63.16666666666666,88,68.26666666666667,90,65.0,78,60.46666666666666,73,57.76666666666667,,,,
14:15:00,769806,210,E,ML,34.196934,-118.185042,FOOTHILL,20.98,308,64.96666666666667,73,65.96666666666667,97,67.23333333333333,90,68.60000000000001,48,52.43333333333334,,,,
14:15:00,769819,210,E,ML,34.205892,-118.198234,ANGELES CREST HWY NB,19.98,119,61.79999999999999,25,67.0,36,63.6,32,60.4,26,56.20000000000001,,,,
14:15:00,769831,210,E,ML,34.206745,-118.201533,ANGELES CREST HWY SB,19.78,259,57.333333333333336,67,62.1,71,59.0,63,54.7,58,52.63333333333333,,,,
14:15:00,769847,210,E,ML,34.211728,-118.228265,OCEAN VIEW,18.18,270,66.46666666666667,96,74.2,81,70.39999999999999,58,55.43333333333334,34,54.46666666666667,,,,
14:15:00,769866,210,E,ML,34.218398,-118.239738,LA CRESCENTA,17.38,515,62.43333333333334,117,66.7,114,66.43333333333334,121,61.06666666666666,163,57.13333333333333,,,,
14:15:00,769880,210,E,ML,34.221426,-118.245718,PENNSYLVANIA,16.98,471,62.133333333333326,95,70.16666666666667,128,64.96666666666667,119,57.833333333333336,128,58.4,,,,
14:15:00,769895,210,E,ML,34.230849,-118.265101,LOWELL / HONOLULU,15.68,427,64.26666666666667,125,68.13333333333334,123,65.63333333333334,102,61.9,78,59.13333333333333,,,,
14:15:00,769984,210,E,ML,34.202989,-118.191827,GOULD,20.4,330,63.2,88,68.2,90,64.89999999999999,79,60.56666666666666,73,57.86666666666667,,,,
14:15:00,770116,210,E,ML,34.234317,-118.286992,LA TUNA CANYON,14.39,280,61.79999999999999,89,66.56666666666666,87,63.96666666666667,64,56.1,41,57.4,,,,
14:15:00,770385,210,E,ML,34.206925,-118.21372,EB/NB 2 TO EB 210 CN,19.08,268,63.400000000000006,82,72.63333333333334,72,67.60000000000001,52,56.70000000000001,62,49.63333333333333,,,,
14:15:00,770578,210,E,ML,34.156489,-118.158295,WINONA WAY,24.442,127,62.13333333333333,85,65.2,43,56.16666666666666,,,,,,,,
14:20:00,717617,210,E,ML,34.179921,-118.167405,ARROYO,22.6,229,62.23333333333333,59,67.3,64,63.96666666666667,56,59.96666666666667,50,56.9,,,,
14:20:00,717620,210,E,ML,34.174756,-118.160407,LINCOLN 1,23.14,228,64.23333333333333,61,71.2,58,67.86666666666667,58,64.7,51,51.86666666666667,,,,
14:20:00,717625,210,E,ML,34.160546,-118.158748,MOUNTAIN 2,24.16,262,55.53333333333333,64,63.7,44,61.53333333333333,57,61.16666666666666,97,43.03333333333333,,,,
14:20:00,717628,210,E,ML,34.152216,-118.156144,WALNUT,24.81,48,59.833333333333336,48,59.833333333333336,,,,,,,,,,
14:20:00,717631,210,E,ML,34.15099,-118.152369,FAIR OAKS 1,25.12,119,61.79999999999999,25,67.0,36,63.6,32,60.4,26,56.20000000000001,,,,
14:20:00,717633,210,E,ML,34.151691,-118.142523,MARENGO,25.72,641,56.4,109,61.20000000000001,126,59.20000000000001,110,57.6,113,55.4,103,51.6,80,51.6
14:20:00,717635,210,E,ML,34.151658,-118.12944,LAKE 2,26.47,594,55.16666666666666,113,60.23333333333333,119,56.43333333333334,115,56.26666666666667,104,52.833333333333336,144,50.86666666666667,,
14:20:00,717638,210,E,ML,34.152187,-118.117782,HILL 1,27.14,615,47.53333333333333,143,38.266666666666666,130,36.36666666666667,112,70.83333333333333,104,68.8,126,31.3,,
14:20:00,717640,210,E,ML,34.152301,-118.109239,ALLEN,27.63,625,45.76666666666667,127,46.7,139,46.7,135,46.13333333333333,106,40.7,118,47.6,,
14:20:00,717646,210,E,ML,34.151406,-118.091041,SAN GABRIEL,28.68,535,30.633333333333336,114,22.3,112,23.7,91,26.0,97,42.43333333333333,120,38.46666666666667,,
14:20:00,717650,210,E,ML,34.147621,-118.079037,SIERRA MADRE V2,29.44,475,26.4,115,29.666666666666668,108,27.5,98,23.96666666666667,75,19.766666666666666,78,29.46666666666667,,
14:20:00,761093,210,E,HV,34.151691,-118.142523,MARENGO,25.72,120,61.79999999999999,120,61.79999999999999,,,,,,,,,,
14:20:00,761098,210,E,HV,34.151658,-118.12944,LAKE 2,26.47,120,61.79999999999999,120,61.79999999999999,,,,,,,,,,
14:20:00,761102,210,E,HV,34.152187,-118.117782,HILL 1,27.14,136,63.56666666666666,136,63.56666666666666,,,,,,,,,,
14:20:00,761105,210,E,HV,34.152301,-118.109239,ALLEN,27.63,125,43.9,125,43.9,,,,,,,,,,
14:20:00,761109,210,E,HV,34.151406,-118.091041,SAN GABRIEL,28.68,114,21.666666666666668,114,21.666666666666668,,,,,,,,,,
14:20:00,761112,210,E,HV,34.147621,-118.079037,SIERRA MADRE V2,29.44,123,24.566666666666663,123,24.566666666666663,,,,,,,,,,
14:20:00,763614,210,E,HV,34.15099,-118.152369,FAIR OAKS 1,25.12,120,61.79999999999999,120,61.79999999999999,,,,,,,,,,
14:20:00,769788,210,E,ML,34.189219,-118.180753,BERKSHIRE,21.58,291,60.16666666666666,77,65.06666666666666,80,61.9,69,57.53333333333333,65,55.2,,,,
14:20:00,769806,210,E,ML,34.196934,-118.185042,FOOTHILL,20.98,297,62.333333333333336,69,62.7,100,67.73333333333333,78,61.63333333333333,51,52.56666666666666,,,,
14:20:00,769819,210,E,ML,34.205892,-118.198234,ANGELES CREST HWY NB,19.98,119,61.79999999999999,25,67.0,36,63.6,32,60.4,26,56.20000000000001,,,,
14:20:00,769831,210,E,ML,34.206745,-118.201533,ANGELES CREST HWY SB,19.78,298,55.63333333333333,79,60.23333333333333,82,57.16666666666666,71,52.9,65,50.96666666666666,,,,
14:20:00,769847,210,E,ML,34.211728,-118.228265,OCEAN VIEW,18.18,281,66.33333333333333,98,73.0,89,70.56666666666666,62,54.8,31,56.3,,,,
14:20:00,769866,210,E,ML,34.218398,-118.239738,LA CRESCENTA,17.38,510,61.56666666666666,118,67.0,103,65.76666666666667,124,60.1,164,55.8,,,,
14:20:00,769880,210,E,ML,34.221426,-118.245718,PENNSYLVANIA,16.98,455,62.06666666666666,94,70.10000000000001,122,64.83333333333333,124,57.76666666666667,115,58.1,,,,
14:20:00,769895,210,E,ML,34.230849,-118.265101,LOWELL / HONOLULU,15.68,409,64.3,123,68.26666666666667,115,65.56666666666666,92,61.43333333333334,78,59.73333333333333,,,,
14:20:00,769984,210,E,ML,34.202989,-118.191827,GOULD,20.4,291,60.2,77,64.96666666666665,80,61.73333333333333,70,57.63333333333333,65,55.333333333333336,,,,
14:20:00,770116,210,E,ML,34.234317,-118.286992,LA TUNA CANYON,14.39,264,62.73333333333333,83,67.83333333333333,82,64.93333333333334,60,56.93333333333334,39,57.63333333333333,,,,
14:20:00,770385,210,E,ML,34.206925,-118.21372,EB/NB 2 TO EB 210 CN,19.08,327,62.4,97,71.46666666666665,95,67.86666666666667,78,54.26666666666667,57,48.6,,,,
14:20:00,770578,210,E,ML,34.156489,-118.158295,WINONA WAY,24.442,121,63.56666666666666,79,66.5,42,58.333333333333336,,,,,,,,
14:25:00,717617,210,E,ML,34.179921,-118.167405,ARROYO,22.6,226,59.13333333333333,57,64.0,63,60.8,56,57.03333333333333,50,54.2,,,,
14:25:00,717620,210,E,ML,34.174756,-118.160407,LINCOLN 1,23.14,208,63.46666666666667,45,71.53333333333335,54,68.56666666666666,59,59.333333333333336,50,55.73333333333333,,,,
14:25:00,717625,210,E,ML,34.160546,-118.158748,MOUNTAIN 2,24.16,252,55.43333333333334,67,63.866666666666674,49,61.9,52,60.26666666666667,85,40.833333333333336,,,,
14:25:00,717628,210,E,ML,34.152216,-118.156144,WALNUT,24.81,59,58.833333333333336,59,58.833333333333336,,,,,,,,,,
14:25:00,717631,210,E,ML,34.15099,-118.152369,FAIR OAKS 1,25.12,119,61.79999999999999,25,67.0,36,63.6,32,60.4,26,56.20000000000001,,,,
14:25:00,717633,210,E,ML,34.151691,-118.142523,MARENGO,25.72,641,56.0,109,60.79999999999999,126,58.79999999999999,110,57.20000000000001,113,55.0,103,51.20000000000001,80,51.20000000000001
14:25:00,717635,210,E,ML,34.151658,-118.12944,LAKE 2,26.47,605,54.9,115,60.06666666666666,121,56.23333333333333,117,56.0,106,52.53333333333333,146,50.66666666666666,,
14:25:00,717638,210,E,ML,34.152187,-118.117782,HILL 1,27.14,611,47.73333333333333,133,37.63333333333333,132,35.800000000000004,116,71.06666666666666,108,68.86666666666667,123,30.83333333333333,,
14:25:00,717640,210,E,ML,34.152301,-118.109239,ALLEN,27.63,619,46.1,124,45.16666666666666,136,47.46666666666667,130,45.76666666666667,115,43.66666666666666,114,48.36666666666667,,
14:25:00,717646,210,E,ML,34.151406,-118.091041,SAN GABRIEL,28.68,545,29.03333333333333,111,20.266666666666666,111,21.03333333333333,104,25.066666666666663,97,41.4,122,37.7,,
14:25:00,717650,210,E,ML,34.147621,-118.079037,SIERRA MADRE V2,29.44,476,24.266666666666666,121,28.33333333333333,112,25.933333333333337,98,21.23333333333333,74,17.233333333333334,70,26.53333333333333,,
14:25:00,761093,210,E,HV,34.151691,-118.142523,MARENGO,25.72,120,61.79999999999999,120,61.79999999999999,,,,,,,,,,
14:25:00,761098,210,E,HV,34.151658,-118.12944,LAKE 2,26.47,120,61.79999999999999,120,61.79999999999999,,,,,,,,,,
14:25:00,761102,210,E,HV,34.152187,-118.117782,HILL 1,27.14,126,63.56666666666666,126,63.56666666666666,,,,,,,,,,
14:25:00,761105,210,E,HV,34.152301,-118.109239,ALLEN,27.63,131,43.9,131,43.9,,,,,,,,,,
14:25:00,761109,210,E,HV,34.151406,-118.091041,SAN GABRIEL,28.68,116,20.5,116,20.5,,,,,,,,,,
14:25:00,761112,210,E,HV,34.147621,-118.079037,SIERRA MADRE V2,29.44,124,24.566666666666663,124,24.566666666666663,,,,,,,,,,
14:25:00,763614,210,E,HV,34.15099,-118.152369,FAIR OAKS 1,25.12,120,61.79999999999999,120,61.79999999999999,,,,,,,,,,
14:25:00,769788,210,E,ML,34.189219,-118.180753,BERKSHIRE,21.58,284,61.23333333333333,75,66.16666666666667,78,62.93333333333333,68,58.53333333333333,63,56.1,,,,
14:25:00,769806,210,E,ML,34.196934,-118.185042,FOOTHILL,20.98,296,62.76666666666667,71,64.66666666666667,91,66.2,72,64.93333333333334,62,53.4,,,,
14:25:00,769819,210,E,ML,34.205892,-118.198234,ANGELES CREST HWY NB,19.98,119,61.79999999999999,25,67.0,36,63.6,32,60.4,26,56.20000000000001,,,,
14:25:00,769831,210,E,ML,34.206745,-118.201533,ANGELES CREST HWY SB,19.78,259,54.833333333333336,68,59.366666666666674,72,56.36666666666667,62,52.23333333333333,57,50.4,,,,
14:25:00,769847,210,E,ML,34.211728,-118.228265,OCEAN VIEW,18.18,287,66.33333333333333,100,73.03333333333333,92,69.5,63,58.0,33,53.06666666666666,,,,
14:25:00,769866,210,E,ML,34.218398,-118.239738,LA CRESCENTA,17.38,500,62.66666666666666,120,68.5,109,65.39999999999999,115,60.833333333333336,156,57.53333333333334,,,,
14:25:00,769880,210,E,ML,34.221426,-118.245718,PENNSYLVANIA,16.98,471,62.43333333333334,96,70.10000000000001,134,65.03333333333335,115,58.1,127,59.0,,,,
14:25:00,769895,210,E,ML,34.230849,-118.265101,LOWELL / HONOLULU,15.68,417,64.73333333333333,127,68.36666666666667,119,65.53333333333333,100,62.06666666666666,72,61.16666666666666,,,,
14:25:00,769984,210,E,ML,34.202989,-118.191827,GOULD,20.4,285,61.23333333333333,75,66.13333333333333,78,62.9,68,58.63333333333333,63,56.2,,,,
14:25:00,770116,210,E,ML,34.234317,-118.286992,LA TUNA CANYON,14.39,266,62.2,84,67.33333333333333,82,64.56666666666666,61,56.0,39,57.333333333333336,,,,
14:25:00,770385,210,E,ML,34.206925,-118.21372,EB/NB 2 TO EB 210 CN,19.08,302,61.9,91,70.63333333333333,99,66.06666666666666,59,54.5,54,47.06666666666666,,,,
14:25:00,770578,210,E,ML,34.156489,-118.158295,WINONA WAY,24.442,149,62.4,94,65.60000000000001,55,57.06666666666666,,,,,,,,
14:30:00,717617,210,E,ML,34.179921,-118.167405,ARROYO,22.6,230,60.56666666666666,58,65.46666666666665,64,62.2,56,58.43333333333334,51,55.46666666666667,,,,
14:30:00,717620,210,E,ML,34.174756,-118.160407,LINCOLN 1,23.14,224,64.33333333333333,53,71.39999999999999,61,68.39999999999999,67,61.53333333333333,43,54.93333333333334,,,,
14:30:00,717625,210,E,ML,34.160546,-118.158748,MOUNTAIN 2,24.16,232,55.76666666666667,65,64.63333333333334,52,62.63333333333333,40,61.13333333333333,76,40.0,,,,
14:30:00,717628,210,E,ML,34.152216,-118.156144,WALNUT,24.81,47,57.333333333333336,47,57.333333333333336,,,,,,,,,,
14:30:00,717631,210,E,ML,34.15099,-118.152369,FAIR OAKS 1,25.12,119,61.79999999999999,25,67.0,36,63.6,32,60.4,26,56.20000000000001,,,,
14:30:00,717633,210,E,ML,34.151691,-118.142523,MARENGO,25.72,646,55.9,110,60.70000000000001,127,58.70000000000001,111,57.1,114,54.9,104,51.1,80,51.1
14:30:00,717635,210,E,ML,34.151658,-118.12944,LAKE 2,26.47,578,54.5,110,59.73333333333333,115,55.63333333333333,112,55.53333333333333,101,51.96666666666667,140,50.36666666666667,,
14:30:00,717638,210,E,ML,34.152187,-118.117782,HILL 1,27.14,589,46.53333333333333,134,36.0,124,34.86666666666667,108,70.76666666666667,103,68.96666666666665,119,29.266666666666666,,
14:30:00,717640,210,E,ML,34.152301,-118.109239,ALLEN,27.63,614,44.29999999999999,124,43.56666666666666,134,46.53333333333333,130,44.46666666666667,110,41.266666666666666,116,45.06666666666666,,
14:30:00,717646,210,E,ML,34.151406,-118.091041,SAN GABRIEL,28.68,549,27.96666666666667,114,19.4,116,21.53333333333333,98,24.366666666666664,103,38.96666666666667,119,35.766666666666666,,
14:30:00,717650,210,E,ML,34.147621,-118.079037,SIERRA MADRE V2,29.44,487,24.33333333333333,120,28.33333333333333,113,25.666666666666668,103,21.5,76,16.933333333333334,75,27.46666666666667,,
14:30:00,761093,210,E,HV,34.151691,-118.142523,MARENGO,25.72,120,61.79999999999999,120,61.79999999999999,,,,,,,,,,
14:30:00,761098,210,E,HV,34.151658,-118.12944,LAKE 2,26.47,120,61.79999999999999,120,61.79999999999999,,,,,,,,,,
14:30:00,761102,210,E,HV,34.152187,-118.117782,HILL 1,27.14,124,63.46666666666667,124,63.46666666666667,,,,,,,,,,
14:30:00,761105,210,E,HV,34.152301,-118.109239,ALLEN,27.63,134,40.66666666666666,134,40.66666666666666,,,,,,,,,,
14:30:00,761109,210,E,HV,34.151406,-118.091041,SAN GABRIEL,28.68,120,21.933333333333334,120,21.933333333333334,,,,,,,,,,
14:30:00,761112,210,E,HV,34.147621,-118.079037,SIERRA MADRE V2,29.44,131,24.433333333333334,131,24.433333333333334,,,,,,,,,,
14:30:00,763614,210,E,HV,34.15099,-118.152369,FAIR OAKS 1,25.12,120,61.79999999999999,120,61.79999999999999,,,,,,,,,,
14:30:00,769788,210,E,ML,34.189219,-118.180753,BERKSHIRE,21.58,276,62.2,72,67.33333333333333,76,64.06666666666666,66,59.53333333333333,62,56.96666666666667,,,,
14:30:00,769806,210,E,ML,34.196934,-118.185042,FOOTHILL,20.98,273,65.23333333333333,68,66.86666666666666,77,66.5,76,71.06666666666666,52,51.833333333333336,,,,
14:30:00,769819,210,E,ML,34.205892,-118.198234,ANGELES CREST HWY NB,19.98,119,61.79999999999999,25,67.0,36,63.6,32,60.4,26,56.20000000000001,,,,
14:30:00,769831,210,E,ML,34.206745,-118.201533,ANGELES CREST HWY SB,19.78,283,57.06666666666666,75,61.73333333333333,78,58.66666666666666,68,54.43333333333334,63,52.366666666666674,,,,
14:30:00,769847,210,E,ML,34.211728,-118.228265,OCEAN VIEW,18.18,267,67.43333333333334,90,74.10000000000001,80,70.39999999999999,57,59.96666666666667,41,56.73333333333333,,,,
14:30:00,769866,210,E,ML,34.218398,-118.239738,LA CRESCENTA,17.38,478,63.3,112,68.93333333333334,100,65.13333333333334,120,63.23333333333333,145,57.4,,,,
14:30:00,769880,210,E,ML,34.221426,-118.245718,PENNSYLVANIA,16.98,454,62.6,90,68.8,124,65.2,121,59.8,120,59.6,,,,
14:30:00,769895,210,E,ML,34.230849,-118.265101,LOWELL / HONOLULU,15.68,401,65.83333333333333,115,69.16666666666667,112,66.53333333333335,96,65.7,77,60.13333333333333,,,,
14:30:00,769984,210,E,ML,34.202989,-118.191827,GOULD,20.4,277,62.23333333333333,73,67.26666666666667,76,64.0,66,59.63333333333333,62,57.06666666666666,,,,
14:30:00,770116,210,E,ML,34.234317,-118.286992,LA TUNA CANYON,14.39,256,63.76666666666667,80,68.8,79,65.73333333333333,58,58.7,38,58.13333333333333,,,,
14:30:00,770385,210,E,ML,34.206925,-118.21372,EB/NB 2 TO EB 210 CN,19.08,296,62.56666666666666,90,71.60000000000001,77,67.03333333333335,65,57.0,63,49.86666666666667,,,,
14:30:00,770578,210,E,ML,34.156489,-118.158295,WINONA WAY,24.442,136,62.26666666666667,96,65.13333333333334,40,55.2,,,,,,,,
14:35:00,717617,210,E,ML,34.179921,-118.167405,ARROYO,22.6,264,59.9,68,64.73333333333333,73,61.46666666666667,64,57.76666666666667,58,54.93333333333334,,,,
14:35:00,717620,210,E,ML,34.174756,-118.160407,LINCOLN 1,23.14,261,64.46666666666667,71,70.93333333333334,74,68.66666666666667,59,60.66666666666666,57,55.6,,,,
14:35:00,717625,210,E,ML,34.160546,-118.158748,MOUNTAIN 2,24.16,246,57.1,71,64.13333333333334,60,62.23333333333333,42,62.20000000000001,73,40.46666666666666,,,,
14:35:00,717628,210,E,ML,34.152216,-118.156144,WALNUT,24.81,55,56.333333333333336,55,56.333333333333336,,,,,,,,,,
14:35:00,717631,210,E,ML,34.15099,-118.152369,FAIR OAKS 1,25.12,121,61.70000000000001,25,66.9,37,63.5,32,60.29999999999999,27,56.20000000000001,,,,
14:35:00,717633,210,E,ML,34.151691,-118.142523,MARENGO,25.72,641,55.20000000000001,109,59.9,126,57.9,110,56.4,113,54.20000000000001,103,50.5,80,50.5
14:35:00,717635,210,E,ML,34.151658,-118.12944,LAKE 2,26.47,593,54.53333333333333,112,59.833333333333336,119,55.63333333333333,115,55.73333333333333,104,52.2,144,50.4,,
14:35:00,717638,210,E,ML,34.152187,-118.117782,HILL 1,27.14,595,46.8,132,35.43333333333333,126,34.46666666666667,113,71.43333333333334,107,69.26666666666667,117,28.46666666666667,,
14:35:00,717640,210,E,ML,34.152301,-118.109239,ALLEN,27.63,606,42.26666666666667,117,42.66666666666666,135,43.23333333333333,133,42.36666666666667,108,38.63333333333333,113,44.06666666666666,,
14:35:00,717646,210,E,ML,34.151406,-118.091041,SAN GABRIEL,28.68,535,26.933333333333334,111,19.23333333333333,114,21.433333333333334,93,22.4,91,35.13333333333333,125,35.96666666666667,,
14:35:00,717650,210,E,ML,34.147621,-118.079037,SIERRA MADRE V2,29.44,485,23.866666666666664,119,26.566666666666663,110,24.96666666666667,103,22.46666666666667,77,17.333333333333332,76,26.4,,
14:35:00,761093,210,E,HV,34.151691,-118.142523,MARENGO,25.72,121,61.70000000000001,121,61.70000000000001,,,,,,,,,,
14:35:00,761098,210,E,HV,34.151658,-118.12944,LAKE 2,26.47,121,61.70000000000001,121,61.70000000000001,,,,,,,,,,
14:35:00,761102,210,E,HV,34.152187,-118.117782,HILL 1,27.14,124,63.833333333333336,124,63.833333333333336,,,,,,,,,,
14:35:00,761105,210,E,HV,34.152301,-118.109239,ALLEN,27.63,136,38.8,136,38.8,,,,,,,,,,
14:35:00,761109,210,E,HV,34.151406,-118.091041,SAN GABRIEL,28.68,115,22.5,115,22.5,,,,,,,,,,
14:35:00,761112,210,E,HV,34.147621,-118.079037,SIERRA MADRE V2,29.44,117,24.1,117,24.1,,,,,,,,,,
14:35:00,763614,210,E,HV,34.15099,-118.152369,FAIR OAKS 1,25.12,121,61.70000000000001,121,61.70000000000001,,,,,,,,,,
14:35:00,769788,210,E,ML,34.189219,-118.180753,BERKSHIRE,21.58,285,61.76666666666667,75,66.8,79,63.53333333333333,68,59.06666666666666,64,56.6,,,,
14:35:00,769806,210,E,ML,34.196934,-118.185042,FOOTHILL,20.98,283,64.86666666666667,66,65.63333333333333,93,66.96666666666665,76,71.63333333333333,48,48.53333333333333,,,,
14:35:00,769819,210,E,ML,34.205892,-118.198234,ANGELES CREST HWY NB,19.98,121,61.70000000000001,25,66.9,37,63.5,32,60.29999999999999,27,56.20000000000001,,,,
14:35:00,769831,210,E,ML,34.206745,-118.201533,ANGELES CREST HWY SB,19.78,294,58.1,78,62.8,81,59.7,70,55.4,65,53.23333333333333,,,,
14:35:00,769847,210,E,ML,34.211728,-118.228265,OCEAN VIEW,18.18,291,68.03333333333333,100,73.39999999999999,95,69.8,58,60.86666666666667,39,60.4,,,,
14:35:00,769866,210,E,ML,34.218398,-118.239738,LA CRESCENTA,17.38,541,61.3,138,67.56666666666666,120,63.86666666666667,121,61.63333333333333,162,53.7,,,,
14:35:00,769880,210,E,ML,34.221426,-118.245718,PENNSYLVANIA,16.98,493,62.53333333333333,99,69.39999999999999,133,64.39999999999999,133,60.56666666666667,128,58.46666666666667,,,,
14:35:00,769895,210,E,ML,34.230849,-118.265101,LOWELL / HONOLULU,15.68,461,65.56666666666666,138,68.60000000000001,126,66.10000000000001,109,64.10000000000001,89,62.56666666666666,,,,
14:35:00,769984,210,E,ML,34.202989,-118.191827,GOULD,20.4,287,61.76666666666667,76,66.73333333333333,79,63.46666666666667,69,59.13333333333333,64,56.66666666666666,,,,
14:35:00,770116,210,E,ML,34.234317,-118.286992,LA TUNA CANYON,14.39,268,62.43333333333334,84,67.26666666666667,83,64.5,61,56.96666666666667,40,57.63333333333333,,,,
14:35:00,770385,210,E,ML,34.206925,-118.21372,EB/NB 2 TO EB 210 CN,19.08,313,62.36666666666667,80,71.0,92,67.16666666666667,79,58.06666666666666,62,49.43333333333334,,,,
14:35:00,770578,210,E,ML,34.156489,-118.158295,WINONA WAY,24.442,164,61.66666666666666,115,65.03333333333333,49,53.96666666666667,,,,,,,,
14:40:00,717617,210,E,ML,34.179921,-118.167405,ARROYO,22.6,257,59.93333333333334,66,64.8,71,61.56666666666666,63,57.76666666666667,57,54.86666666666667,,,,
14:40:00,717620,210,E,ML,34.174756,-118.160407,LINCOLN 1,23.14,280,64.06666666666666,75,71.8,83,68.26666666666667,66,58.06666666666666,56,55.8,,,,
14:40:00,717625,210,E,ML,34.160546,-118.158748,MOUNTAIN 2,24.16,241,55.9,73,62.96666666666667,60,61.16666666666666,42,60.53333333333334,67,38.53333333333333,,,,
14:40:00,717628,210,E,ML,34.152216,-118.156144,WALNUT,24.81,53,55.333333333333336,53,55.333333333333336,,,,,,,,,,
14:40:00,717631,210,E,ML,34.15099,-118.152369,FAIR OAKS 1,25.12,123,61.70000000000001,26,66.9,37,63.5,33,60.29999999999999,27,56.20000000000001,,,,
14:40:00,717633,210,E,ML,34.151691,-118.142523,MARENGO,25.72,649,54.1,110,58.70000000000001,128,56.79999999999999,112,55.20000000000001,114,53.1,104,49.5,81,49.5
14:40:00,717635,210,E,ML,34.151658,-118.12944,LAKE 2,26.47,610,54.86666666666667,116,60.2,123,55.96666666666667,118,55.9,107,52.43333333333334,147,50.73333333333333,,
14:40:00,717638,210,E,ML,34.152187,-118.117782,HILL 1,27.14,606,47.8,131,37.66666666666666,132,36.03333333333333,116,71.16666666666667,107,69.0,120,30.23333333333333,,
14:40:00,717640,210,E,ML,34.152301,-118.109239,ALLEN,27.63,601,39.8,125,38.8,125,39.73333333333333,131,40.36666666666667,111,37.16666666666666,109,43.23333333333333,,
14:40:00,717646,210,E,ML,34.151406,-118.091041,SAN GABRIEL,28.68,503,26.2,100,19.1,107,19.9,82,20.933333333333334,92,34.96666666666667,122,33.93333333333333,,
14:40:00,717650,210,E,ML,34.147621,-118.079037,SIERRA MADRE V2,29.44,416,19.766666666666666,97,22.166666666666668,97,21.166666666666668,91,18.366666666666667,62,13.233333333333334,70,22.166666666666668,,
14:40:00,761093,210,E,HV,34.151691,-118.142523,MARENGO,25.72,123,61.70000000000001,123,61.70000000000001,,,,,,,,,,
14:40:00,761098,210,E,HV,34.151658,-118.12944,LAKE 2,26.47,123,61.70000000000001,123,61.70000000000001,,,,,,,,,,
14:40:00,761102,210,E,HV,34.152187,-118.117782,HILL 1,27.14,131,63.6,131,63.6,,,,,,,,,,
14:40:00,761105,210,E,HV,34.152301,-118.109239,ALLEN,27.63,125,38.2,125,38.2,,,,,,,,,,
14:40:00,761109,210,E,HV,34.151406,-118.091041,SAN GABRIEL,28.68,99,22.0,99,22.0,,,,,,,,,,
14:40:00,761112,210,E,HV,34.147621,-118.079037,SIERRA MADRE V2,29.44,119,23.166666666666668,119,23.166666666666668,,,,,,,,,,
14:40:00,763614,210,E,HV,34.15099,-118.152369,FAIR OAKS 1,25.12,123,61.70000000000001,123,61.70000000000001,,,,,,,,,,
14:40:00,769788,210,E,ML,34.189219,-118.180753,BERKSHIRE,21.58,289,61.73333333333333,76,66.73333333333333,79,63.46666666666667,69,59.03333333333333,65,56.53333333333333,,,,
14:40:00,769806,210,E,ML,34.196934,-118.185042,FOOTHILL,20.98,303,63.366666666666674,71,65.46666666666667,97,64.76666666666667,78,69.13333333333334,56,50.76666666666667,,,,
14:40:00,769819,210,E,ML,34.205892,-118.198234,ANGELES CREST HWY NB,19.98,123,61.70000000000001,26,66.9,37,63.5,33,60.29999999999999,27,56.20000000000001,,,,
14:40:00,769831,210,E,ML,34.206745,-118.201533,ANGELES CREST HWY SB,19.78,280,59.46666666666667,74,64.39999999999999,77,61.2,67,56.73333333333333,63,54.46666666666667,,,,
14:40:00,769847,210,E,ML,34.211728,-118.228265,OCEAN VIEW,18.18,298,68.86666666666667,105,73.76666666666667,96,71.06666666666666,62,59.833333333333336,35,63.43333333333334,,,,
14:40:00,769866,210,E,ML,34.218398,-118.239738,LA CRESCENTA,17.38,497,60.79999999999999,110,66.66666666666667,118,64.5,110,60.333333333333336,159,54.1,,,,
14:40:00,769880,210,E,ML,34.221426,-118.245718,PENNSYLVANIA,16.98,469,63.16666666666666,99,71.63333333333333,130,65.0,120,60.333333333333336,120,58.16666666666666,,,,
14:40:00,769895,210,E,ML,34.230849,-118.265101,LOWELL / HONOLULU,15.68,420,65.3,127,68.53333333333333,121,65.96666666666667,98,63.13333333333333,74,62.29999999999999,,,,
14:40:00,769984,210,E,ML,34.202989,-118.191827,GOULD,20.4,291,61.76666666666667,77,66.7,79,63.46666666666667,69,59.13333333333333,65,56.56666666666666,,,,
14:40:00,770116,210,E,ML,34.234317,-118.286992,LA TUNA CANYON,14.39,270,62.96666666666667,85,67.63333333333334,83,64.76666666666667,61,58.3,40,57.93333333333334,,,,
14:40:00,770385,210,E,ML,34.206925,-118.21372,EB/NB 2 TO EB 210 CN,19.08,329,64.66666666666667,111,70.96666666666667,76,68.3,74,57.43333333333334,68,57.2,,,,
14:40:00,770578,210,E,ML,34.156489,-118.158295,WINONA WAY,24.442,150,60.26666666666667,103,63.6,47,52.7,,,,,,,,
14:45:00,717617,210,E,ML,34.179921,-118.167405,ARROYO,22.6,249,61.9,64,66.89999999999999,69,63.6,61,59.73333333333333,54,56.56666666666666,,,,
14:45:00,717620,210,E,ML,34.174756,-118.160407,LINCOLN 1,23.14,268,65.8,73,71.2,77,68.63333333333334,63,62.5,56,59.43333333333334,,,,
14:45:00,717625,210,E,ML,34.160546,-118.158748,MOUNTAIN 2,24.16,268,53.53333333333333,73,63.73333333333333,70,57.93333333333334,53,57.7,72,35.7,,,,
14:45:00,717628,210,E,ML,34.152216,-118.156144,WALNUT,24.81,59,53.833333333333336,59,53.833333333333336,,,,,,,,,,
14:45:00,717631,210,E,ML,34.15099,-118.152369,FAIR OAKS 1,25.12,123,61.6,26,66.8,37,63.4,33,60.20000000000001,27,56.1,,,,
14:45:00,717633,210,E,ML,34.151691,-118.142523,MARENGO,25.72,650,52.70000000000001,110,57.20000000000001,128,55.29999999999999,112,53.79999999999999,115,51.70000000000001,104,48.20000000000001,81,48.20000000000001
14:45:00,717635,210,E,ML,34.151658,-118.12944,LAKE 2,26.47,539,53.5,103,58.73333333333333,107,54.3,104,54.7,95,51.06666666666666,131,49.46666666666667,,
14:45:00,717638,210,E,ML,34.152187,-118.117782,HILL 1,27.14,547,44.833333333333336,122,32.93333333333333,120,31.33333333333333,106,71.23333333333333,96,69.06666666666666,103,24.53333333333333,,
14:45:00,717640,210,E,ML,34.152301,-118.109239,ALLEN,27.63,543,34.03333333333333,98,31.46666666666667,115,32.36666666666667,113,33.03333333333333,109,33.666666666666664,107,39.13333333333333,,
14:45:00,717646,210,E,ML,34.151406,-118.091041,SAN GABRIEL,28.68,549,27.6,116,21.266666666666666,115,22.03333333333333,99,25.066666666666663,89,34.9,129,35.03333333333333,,
14:45:00,717650,210,E,ML,34.147621,-118.079037,SIERRA MADRE V2,29.44,510,21.03333333333333,123,23.7,116,22.133333333333336,106,19.133333333333336,82,15.1,83,23.9,,
14:45:00,761093,210,E,HV,34.151691,-118.142523,MARENGO,25.72,123,61.6,123,61.6,,,,,,,,,,
14:45:00,761098,210,E,HV,34.151658,-118.12944,LAKE 2,26.47,123,61.6,123,61.6,,,,,,,,,,
14:45:00,761102,210,E,HV,34.152187,-118.117782,HILL 1,27.14,109,63.43333333333334,109,63.43333333333334,,,,,,,,,,
14:45:00,761105,210,E,HV,34.152301,-118.109239,ALLEN,27.63,122,35.666666666666664,122,35.666666666666664,,,,,,,,,,
14:45:00,761109,210,E,HV,34.151406,-118.091041,SAN GABRIEL,28.68,115,22.53333333333333,115,22.53333333333333,,,,,,,,,,
14:45:00,761112,210,E,HV,34.147621,-118.079037,SIERRA MADRE V2,29.44,125,24.566666666666663,125,24.566666666666663,,,,,,,,,,
14:45:00,763614,210,E,HV,34.15099,-118.152369,FAIR OAKS 1,25.12,123,61.6,123,61.6,,,,,,,,,,
14:45:00,769788,210,E,ML,34.189219,-118.180753,BERKSHIRE,21.58,318,60.03333333333333,85,64.86666666666666,87,61.7,76,57.36666666666667,71,55.06666666666666,,,,
14:45:00,769806,210,E,ML,34.196934,-118.185042,FOOTHILL,20.98,295,63.46666666666667,72,64.63333333333334,88,64.56666666666666,90,67.83333333333333,45,50.333333333333336,,,,
14:45:00,769819,210,E,ML,34.205892,-118.198234,ANGELES CREST HWY NB,19.98,123,61.6,26,66.8,37,63.4,33,60.20000000000001,27,56.1,,,,
14:45:00,769831,210,E,ML,34.206745,-118.201533,ANGELES CREST HWY SB,19.78,323,60.56666666666666,86,65.39999999999999,89,62.23333333333334,77,57.9,71,55.46666666666667,,,,
14:45:00,769847,210,E,ML,34.211728,-118.228265,OCEAN VIEW,18.18,302,68.43333333333334,102,73.7,93,70.93333333333334,64,59.76666666666667,43,63.26666666666667,,,,
14:45:00,769866,210,E,ML,34.218398,-118.239738,LA CRESCENTA,17.38,555,60.93333333333334,133,66.86666666666667,116,63.20000000000001,134,61.26666666666667,173,54.96666666666667,,,,
14:45:00,769880,210,E,ML,34.221426,-118.245718,PENNSYLVANIA,16.98,515,62.66666666666666,104,71.66666666666667,142,64.23333333333333,134,60.36666666666667,135,57.53333333333333,,,,
14:45:00,769895,210,E,ML,34.230849,-118.265101,LOWELL / HONOLULU,15.68,453,65.2,130,67.89999999999999,126,65.36666666666667,111,64.86666666666666,86,61.6,,,,
14:45:00,769984,210,E,ML,34.202989,-118.191827,GOULD,20.4,319,60.1,85,64.83333333333333,87,61.66666666666666,76,57.53333333333333,71,55.16666666666666,,,,
14:45:00,770116,210,E,ML,34.234317,-118.286992,LA TUNA CANYON,14.39,277,62.333333333333336,88,66.93333333333334,85,64.2,63,57.46666666666667,41,57.7,,,,
14:45:00,770385,210,E,ML,34.206925,-118.21372,EB/NB 2 TO EB 210 CN,19.08,360,65.03333333333335,105,70.83333333333333,101,68.83333333333333,86,59.6,67,57.06666666666666,,,,
14:45:00,770578,210,E,ML,34.156489,-118.158295,WINONA WAY,24.442,176,56.96666666666667,122,59.63333333333333,54,50.86666666666667,,,,,,,,
14:50:00,717617,210,E,ML,34.179921,-118.167405,ARROYO,22.6,262,61.86666666666667,68,66.89999999999999,73,63.6,64,59.63333333333333,58,56.53333333333333,,,,
14:50:00,717620,210,E,ML,34.174756,-118.160407,LINCOLN 1,23.14,257,64.93333333333334,67,70.33333333333333,72,68.36666666666667,63,61.76666666666666,55,57.4,,,,
14:50:00,717625,210,E,ML,34.160546,-118.158748,MOUNTAIN 2,24.16,293,52.46666666666667,76,61.66666666666666,81,57.333333333333336,59,56.2,77,35.13333333333333,,,,
14:50:00,717628,210,E,ML,34.152216,-118.156144,WALNUT,24.81,66,50.56666666666666,66,50.56666666666666,,,,,,,,,,
14:50:00,717631,210,E,ML,34.15099,-118.152369,FAIR OAKS 1,25.12,124,61.6,26,66.8,38,63.4,33,60.20000000000001,27,56.1,,,,
14:50:00,717633,210,E,ML,34.151691,-118.142523,MARENGO,25.72,649,51.29999999999999,110,55.6,128,53.79999999999999,112,52.4,114,50.29999999999999,104,46.9,81,46.9
14:50:00,717635,210,E,ML,34.151658,-118.12944,LAKE 2,26.47,543,52.73333333333333,104,58.13333333333333,108,53.13333333333333,105,53.93333333333334,95,50.23333333333333,132,49.03333333333333,,
14:50:00,717638,210,E,ML,34.152187,-118.117782,HILL 1,27.14,547,43.73333333333333,124,31.933333333333334,122,29.566666666666663,101,71.33333333333333,98,68.96666666666667,103,22.53333333333333,,
14:50:00,717640,210,E,ML,34.152301,-118.109239,ALLEN,27.63,597,36.6,122,34.166666666666664,128,36.76666666666667,122,36.36666666666667,111,34.56666666666667,114,40.9,,
14:50:00,717646,210,E,ML,34.151406,-118.091041,SAN GABRIEL,28.68,583,31.166666666666668,124,24.866666666666664,130,26.433333333333334,102,28.1,98,39.13333333333333,129,38.43333333333334,,
14:50:00,717650,210,E,ML,34.147621,-118.079037,SIERRA MADRE V2,29.44,520,23.2,126,25.766666666666666,115,23.73333333333333,114,22.4,83,16.900000000000002,82,26.0,,
14:50:00,761093,210,E,HV,34.151691,-118.142523,MARENGO,25.72,124,61.6,124,61.6,,,,,,,,,,
14:50:00,761098,210,E,HV,34.151658,-118.12944,LAKE 2,26.47,124,61.6,124,61.6,,,,,,,,,,
14:50:00,761102,210,E,HV,34.152187,-118.117782,HILL 1,27.14,108,63.36666666666667,108,63.36666666666667,,,,,,,,,,
14:50:00,761105,210,E,HV,34.152301,-118.109239,ALLEN,27.63,132,37.1,132,37.1,,,,,,,,,,
14:50:00,761109,210,E,HV,34.151406,-118.091041,SAN GABRIEL,28.68,126,25.8,126,25.8,,,,,,,,,,
14:50:00,761112,210,E,HV,34.147621,-118.079037,SIERRA MADRE V2,29.44,118,24.83333333333333,118,24.83333333333333,,,,,,,,,,
14:50:00,763614,210,E,HV,34.15099,-118.152369,FAIR OAKS 1,25.12,124,61.6,124,61.6,,,,,,,,,,
14:50:00,769788,210,E,ML,34.189219,-118.180753,BERKSHIRE,21.58,303,60.6,80,65.5,83,62.3,72,57.9,68,55.56666666666666,,,,
14:50:00,769806,210,E,ML,34.196934,-118.185042,FOOTHILL,20.98,293,64.06666666666666,72,66.13333333333334,86,65.36666666666667,76,69.83333333333333,58,51.46666666666667,,,,
14:50:00,769819,210,E,ML,34.205892,-118.198234,ANGELES CREST HWY NB,19.98,124,61.6,26,66.8,38,63.4,33,60.20000000000001,27,56.1,,,,
14:50:00,769831,210,E,ML,34.206745,-118.201533,ANGELES CREST HWY SB,19.78,310,60.36666666666667,83,65.23333333333333,85,62.06666666666666,74,57.66666666666666,68,55.26666666666667,,,,
14:50:00,769847,210,E,ML,34.211728,-118.228265,OCEAN VIEW,18.18,294,68.10000000000001,104,73.3,86,70.33333333333333,66,59.56666666666666,38,63.56666666666666,,,,
14:50:00,769866,210,E,ML,34.218398,-118.239738,LA CRESCENTA,17.38,553,62.06666666666666,124,67.83333333333333,116,64.3,140,62.5,173,55.86666666666667,,,,
14:50:00,769880,210,E,ML,34.221426,-118.245718,PENNSYLVANIA,16.98,490,62.9,100,70.73333333333333,129,64.63333333333334,135,61.06666666666667,126,58.16666666666666,,,,
14:50:00,769895,210,E,ML,34.230849,-118.265101,LOWELL / HONOLULU,15.68,454,65.60000000000001,133,68.36666666666667,126,65.96666666666665,104,64.83333333333333,90,62.633333333333326,,,,
14:50:00,769984,210,E,ML,34.202989,-118.191827,GOULD,20.4,305,60.6,81,65.43333333333334,83,62.2,73,58.06666666666666,68,55.66666666666666,,,,
14:50:00,770116,210,E,ML,34.234317,-118.286992,LA TUNA CANYON,14.39,284,63.66666666666666,90,68.5,88,65.43333333333332,64,58.9,41,58.1,,,,
14:50:00,770385,210,E,ML,34.206925,-118.21372,EB/NB 2 TO EB 210 CN,19.08,338,64.73333333333333,101,71.39999999999999,83,67.93333333333334,79,60.96666666666667,75,56.3,,,,
14:50:00,770578,210,E,ML,34.156489,-118.158295,WINONA WAY,24.442,197,55.0,135,58.633333333333326,62,46.8,,,,,,,,
14:55:00,717617,210,E,ML,34.179921,-118.167405,ARROYO,22.6,266,61.4,69,66.36666666666667,74,63.06666666666666,64,59.16666666666666,59,56.16666666666666,,,,
14:55:00,717620,210,E,ML,34.174756,-118.160407,LINCOLN 1,23.14,261,63.46666666666667,65,70.33333333333333,68,67.73333333333333,64,57.8,64,58.23333333333333,,,,
14:55:00,717625,210,E,ML,34.160546,-118.158748,MOUNTAIN 2,24.16,260,52.23333333333333,74,61.26666666666667,73,56.13333333333333,50,54.56666666666666,64,35.300000000000004,,,,
14:55:00,717628,210,E,ML,34.152216,-118.156144,WALNUT,24.81,64,50.96666666666667,64,50.96666666666667,,,,,,,,,,
14:55:00,717631,210,E,ML,34.15099,-118.152369,FAIR OAKS 1,25.12,123,61.5,26,66.7,37,63.29999999999999,33,60.1,27,56.0,,,,
14:55:00,717633,210,E,ML,34.151691,-118.142523,MARENGO,25.72,635,50.6,108,54.9,125,53.1,109,51.70000000000001,112,49.6,102,46.29999999999999,79,46.29999999999999
14:55:00,717635,210,E,ML,34.151658,-118.12944,LAKE 2,26.47,628,53.833333333333336,119,59.23333333333333,126,54.2,122,55.0,110,51.43333333333334,151,49.93333333333334,,
14:55:00,717638,210,E,ML,34.152187,-118.117782,HILL 1,27.14,622,45.73333333333333,139,36.03333333333333,135,33.03333333333333,119,71.43333333333334,108,68.93333333333334,121,24.633333333333336,,
14:55:00,717640,210,E,ML,34.152301,-118.109239,ALLEN,27.63,625,41.43333333333333,120,38.6,136,41.833333333333336,132,41.23333333333333,113,39.56666666666667,124,45.6,,
14:55:00,717646,210,E,ML,34.151406,-118.091041,SAN GABRIEL,28.68,549,35.1,117,28.766666666666666,126,29.666666666666668,92,29.566666666666663,92,45.1,124,42.76666666666667,,
14:55:00,717650,210,E,ML,34.147621,-118.079037,SIERRA MADRE V2,29.44,453,23.4,111,25.8,104,23.866666666666664,97,22.433333333333334,67,17.2,75,25.866666666666664,,
14:55:00,761093,210,E,HV,34.151691,-118.142523,MARENGO,25.72,122,61.5,122,61.5,,,,,,,,,,
14:55:00,761098,210,E,HV,34.151658,-118.12944,LAKE 2,26.47,122,61.5,122,61.5,,,,,,,,,,
14:55:00,761102,210,E,HV,34.152187,-118.117782,HILL 1,27.14,123,63.53333333333333,123,63.53333333333333,,,,,,,,,,
14:55:00,761105,210,E,HV,34.152301,-118.109239,ALLEN,27.63,133,40.93333333333333,133,40.93333333333333,,,,,,,,,,
14:55:00,761109,210,E,HV,34.151406,-118.091041,SAN GABRIEL,28.68,116,28.366666666666664,116,28.366666666666664,,,,,,,,,,
14:55:00,761112,210,E,HV,34.147621,-118.079037,SIERRA MADRE V2,29.44,118,23.600000000000005,118,23.600000000000005,,,,,,,,,,
14:55:00,763614,210,E,HV,34.15099,-118.152369,FAIR OAKS 1,25.12,122,61.5,122,61.5,,,,,,,,,,
14:55:00,769788,210,E,ML,34.189219,-118.180753,BERKSHIRE,21.58,261,63.13333333333333,68,68.13333333333334,72,64.96666666666667,63,60.5,57,57.73333333333333,,,,
14:55:00,769806,210,E,ML,34.196934,-118.185042,FOOTHILL,20.98,263,67.5,64,70.89999999999999,81,66.43333333333334,64,71.16666666666667,54,60.53333333333333,,,,
14:55:00,769819,210,E,ML,34.205892,-118.198234,ANGELES CREST HWY NB,19.98,123,61.5,26,66.7,37,63.29999999999999,33,60.1,27,56.0,,,,
14:55:00,769831,210,E,ML,34.206745,-118.201533,ANGELES CREST HWY SB,19.78,318,60.16666666666666,85,65.03333333333333,87,61.86666666666667,76,57.46666666666667,70,55.03333333333333,,,,
14:55:00,769847,210,E,ML,34.211728,-118.228265,OCEAN VIEW,18.18,269,68.60000000000001,90,73.96666666666665,79,70.86666666666667,62,60.16666666666666,39,64.86666666666666,,,,
14:55:00,769866,210,E,ML,34.218398,-118.239738,LA CRESCENTA,17.38,568,62.9,122,67.33333333333333,130,64.43333333333334,142,65.60000000000001,174,56.5,,,,
14:55:00,769880,210,E,ML,34.221426,-118.245718,PENNSYLVANIA,16.98,463,63.76666666666667,98,71.86666666666666,127,65.33333333333333,119,61.76666666666667,119,58.9,,,,
14:55:00,769895,210,E,ML,34.230849,-118.265101,LOWELL / HONOLULU,15.68,416,66.60000000000001,122,69.2,118,67.06666666666666,102,65.8,74,63.16666666666666,,,,
14:55:00,769984,210,E,ML,34.202989,-118.191827,GOULD,20.4,262,63.16666666666666,69,68.13333333333334,72,64.86666666666667,63,60.6,58,57.833333333333336,,,,
14:55:00,770116,210,E,ML,34.234317,-118.286992,LA TUNA CANYON,14.39,284,63.66666666666666,90,68.5,88,65.46666666666665,64,59.03333333333333,42,58.13333333333333,,,,
14:55:00,770385,210,E,ML,34.206925,-118.21372,EB/NB 2 TO EB 210 CN,19.08,334,64.16666666666667,81,71.63333333333334,94,66.7,78,59.3,80,58.13333333333333,,,,
14:55:00,770578,210,E,ML,34.156489,-118.158295,WINONA WAY,24.442,185,53.56666666666666,125,56.63333333333333,61,47.3,,,,,,,,
15:00:00,717617,210,E,ML,34.179921,-118.167405,ARROYO,22.6,219,62.36666666666667,55,67.46666666666665,61,64.13333333333334,54,60.1,49,57.0,,,,
15:00:00,717620,210,E,ML,34.174756,-118.160407,LINCOLN 1,23.14,200,64.13333333333334,45,70.2,62,67.73333333333333,55,57.7,38,61.333333333333336,,,,
15:00:00,717625,210,E,ML,34.160546,-118.158748,MOUNTAIN 2,24.16,222,50.66666666666666,62,63.7,58,56.833333333333336,38,52.833333333333336,64,31.83333333333333,,,,
15:00:00,717628,210,E,ML,34.152216,-118.156144,WALNUT,24.81,51,59.0,51,59.0,,,,,,,,,,
15:00:00,717631,210,E,ML,34.15099,-118.152369,FAIR OAKS 1,25.12,123,61.4,26,66.6,37,63.20000000000001,33,60.0,27,55.9,,,,
15:00:00,717633,210,E,ML,34.151691,-118.142523,MARENGO,25.72,631,50.5,107,54.79999999999999,124,53.0,109,51.6,111,49.5,101,46.20000000000001,79,46.20000000000001
15:00:00,717635,210,E,ML,34.151658,-118.12944,LAKE 2,26.47,601,54.333333333333336,114,59.76666666666667,121,54.79999999999999,116,55.5,105,51.93333333333334,145,50.36666666666667,,
15:00:00,717638,210,E,ML,34.152187,-118.117782,HILL 1,27.14,612,46.93333333333334,136,36.7,127,34.833333333333336,122,71.33333333333333,111,68.86666666666667,116,25.566666666666663,,
15:00:00,717640,210,E,ML,34.152301,-118.109239,ALLEN,27.63,624,43.2,122,38.833333333333336,135,43.6,131,43.26666666666667,123,43.53333333333333,114,46.7,,
15:00:00,717646,210,E,ML,34.151406,-118.091041,SAN GABRIEL,28.68,563,34.800000000000004,113,25.5,121,28.23333333333333,105,31.866666666666664,97,45.8,127,43.3,,
15:00:00,717650,210,E,ML,34.147621,-118.079037,SIERRA MADRE V2,29.44,528,25.9,125,28.366666666666664,118,26.7,113,25.23333333333333,86,19.566666666666663,86,28.4,,
15:00:00,761093,210,E,HV,34.151691,-118.142523,MARENGO,25.72,122,61.4,122,61.4,,,,,,,,,,
15:00:00,761098,210,E,HV,34.151658,-118.12944,LAKE 2,26.47,122,61.4,122,61.4,,,,,,,,,,
15:00:00,761102,210,E,HV,34.152187,-118.117782,HILL 1,27.14,132,63.66666666666666,132,63.66666666666666,,,,,,,,,,
15:00:00,761105,210,E,HV,34.152301,-118.109239,ALLEN,27.63,136,42.43333333333333,136,42.43333333333333,,,,,,,,,,
15:00:00,761109,210,E,HV,34.151406,-118.091041,SAN GABRIEL,28.68,116,27.53333333333333,116,27.53333333333333,,,,,,,,,,
15:00:00,761112,210,E,HV,34.147621,-118.079037,SIERRA MADRE V2,29.44,120,24.133333333333336,120,24.133333333333336,,,,,,,,,,
15:00:00,763614,210,E,HV,34.15099,-118.152369,FAIR OAKS 1,25.12,122,61.4,122,61.4,,,,,,,,,,
15:00:00,769788,210,E,ML,34.189219,-118.180753,BERKSHIRE,21.58,279,63.06666666666666,74,68.13333333333333,77,64.9,67,60.4,62,57.7,,,,
15:00:00,769806,210,E,ML,34.196934,-118.185042,FOOTHILL,20.98,296,67.10000000000001,70,69.89999999999999,93,67.53333333333333,72,70.43333333333334,61,59.1,,,,
15:00:00,769819,210,E,ML,34.205892,-118.198234,ANGELES CREST HWY NB,19.98,123,61.4,26,66.6,37,63.20000000000001,33,60.0,27,55.9,,,,
15:00:00,769831,210,E,ML,34.206745,-118.201533,ANGELES CREST HWY SB,19.78,323,62.1,86,67.16666666666667,88,63.9,77,59.3,72,56.73333333333333,,,,
15:00:00,769847,210,E,ML,34.211728,-118.228265,OCEAN VIEW,18.18,293,68.10000000000001,101,72.7,92,69.16666666666667,60,60.76666666666667,40,65.3,,,,
15:00:00,769866,210,E,ML,34.218398,-118.239738,LA CRESCENTA,17.38,555,62.03333333333333,126,67.8,123,63.46666666666667,135,63.36666666666667,170,55.7,,,,
15:00:00,769880,210,E,ML,34.221426,-118.245718,PENNSYLVANIA,16.98,513,62.8,106,70.93333333333334,137,64.43333333333334,134,60.36666666666667,136,58.46666666666667,,,,
15:00:00,769895,210,E,ML,34.230849,-118.265101,LOWELL / HONOLULU,15.68,458,65.26666666666667,131,68.13333333333334,127,65.66666666666667,111,64.0,89,62.333333333333336,,,,
15:00:00,769984,210,E,ML,34.202989,-118.191827,GOULD,20.4,281,63.1,74,68.13333333333334,77,64.83333333333333,67,60.53333333333333,62,57.76666666666667,,,,
15:00:00,770116,210,E,ML,34.234317,-118.286992,LA TUNA CANYON,14.39,289,63.0,92,67.7,89,64.83333333333333,66,58.333333333333336,42,57.86666666666667,,,,
15:00:00,770385,210,E,ML,34.206925,-118.21372,EB/NB 2 TO EB 210 CN,19.08,339,65.16666666666667,93,71.03333333333333,86,68.89999999999999,79,59.5,82,59.23333333333333,,,,
15:00:00,770578,210,E,ML,34.156489,-118.158295,WINONA WAY,24.442,146,55.8,101,55.06666666666666,45,57.3,,,,,,,,
15:05:00,717617,210,E,ML,34.179921,-118.167405,ARROYO,22.6,247,60.66666666666666,63,65.63333333333333,69,62.36666666666667,60,58.46666666666667,55,55.56666666666666,,,,
15:05:00,717620,210,E,ML,34.174756,-118.160407,LINCOLN 1,23.14,264,64.39999999999999,83,70.36666666666667,65,67.56666666666666,60,58.86666666666667,57,58.63333333333333,,,,
15:05:00,717625,210,E,ML,34.160546,-118.158748,MOUNTAIN 2,24.16,244,51.0,67,63.833333333333336,76,55.53333333333334,52,49.400000000000006,49,28.53333333333333,,,,
15:05:00,717628,210,E,ML,34.152216,-118.156144,WALNUT,24.81,61,57.5,61,57.5,,,,,,,,,,
15:05:00,717631,210,E,ML,34.15099,-118.152369,FAIR OAKS 1,25.12,123,61.29999999999999,26,66.5,37,63.1,33,59.9,27,55.79999999999999,,,,
15:05:00,717633,210,E,ML,34.151691,-118.142523,MARENGO,25.72,632,50.1,107,54.29999999999999,125,52.6,109,51.1,111,49.1,101,45.79999999999999,79,45.79999999999999
15:05:00,717635,210,E,ML,34.151658,-118.12944,LAKE 2,26.47,610,54.9,116,60.16666666666666,123,55.76666666666667,118,56.13333333333333,107,52.70000000000001,147,50.73333333333333,,
15:05:00,717638,210,E,ML,34.152187,-118.117782,HILL 1,27.14,619,47.16666666666666,135,37.46666666666667,132,35.833333333333336,123,71.36666666666666,105,68.73333333333333,125,27.53333333333333,,
15:05:00,717640,210,E,ML,34.152301,-118.109239,ALLEN,27.63,624,43.333333333333336,125,39.0,133,44.03333333333333,130,43.833333333333336,119,43.56666666666666,117,46.43333333333334,,
15:05:00,717646,210,E,ML,34.151406,-118.091041,SAN GABRIEL,28.68,569,35.4,119,27.433333333333334,123,29.366666666666664,104,33.266666666666666,100,44.43333333333334,123,43.13333333333333,,
15:05:00,717650,210,E,ML,34.147621,-118.079037,SIERRA MADRE V2,29.44,502,24.866666666666664,117,27.7,113,25.9,107,24.0,81,18.633333333333333,83,26.866666666666664,,
15:05:00,761093,210,E,HV,34.151691,-118.142523,MARENGO,25.72,122,61.29999999999999,122,61.29999999999999,,,,,,,,,,
15:05:00,761098,210,E,HV,34.151658,-118.12944,LAKE 2,26.47,122,61.29999999999999,122,61.29999999999999,,,,,,,,,,
15:05:00,761102,210,E,HV,34.152187,-118.117782,HILL 1,27.14,123,63.66666666666666,123,63.66666666666666,,,,,,,,,,
15:05:00,761105,210,E,HV,34.152301,-118.109239,ALLEN,27.63,137,41.86666666666667,137,41.86666666666667,,,,,,,,,,
15:05:00,761109,210,E,HV,34.151406,-118.091041,SAN GABRIEL,28.68,112,26.9,112,26.9,,,,,,,,,,
15:05:00,761112,210,E,HV,34.147621,-118.079037,SIERRA MADRE V2,29.44,124,24.73333333333333,124,24.73333333333333,,,,,,,,,,
15:05:00,763614,210,E,HV,34.15099,-118.152369,FAIR OAKS 1,25.12,122,61.29999999999999,122,61.29999999999999,,,,,,,,,,
15:05:00,769788,210,E,ML,34.189219,-118.180753,BERKSHIRE,21.58,332,62.46666666666667,89,67.46666666666665,91,64.23333333333333,79,59.7,73,57.16666666666666,,,,
15:05:00,769806,210,E,ML,34.196934,-118.185042,FOOTHILL,20.98,344,65.26666666666667,81,67.93333333333334,108,66.5,81,67.76666666666667,73,57.6,,,,
15:05:00,769819,210,E,ML,34.205892,-118.198234,ANGELES CREST HWY NB,19.98,123,61.29999999999999,26,66.5,37,63.1,33,59.9,27,55.79999999999999,,,,
15:05:00,769831,210,E,ML,34.206745,-118.201533,ANGELES CREST HWY SB,19.78,310,60.96666666666667,83,65.89999999999999,85,62.7,74,58.26666666666667,68,55.8,,,,
15:05:00,769847,210,E,ML,34.211728,-118.228265,OCEAN VIEW,18.18,283,68.0,102,72.2,91,69.86666666666667,55,60.26666666666667,35,63.06666666666666,,,,
15:05:00,769866,210,E,ML,34.218398,-118.239738,LA CRESCENTA,17.38,569,62.4,122,67.43333333333332,124,63.73333333333333,147,63.7,176,56.66666666666666,,,,
15:05:00,769880,210,E,ML,34.221426,-118.245718,PENNSYLVANIA,16.98,511,62.56666666666666,108,70.93333333333334,137,64.2,135,59.2,131,58.7,,,,
15:05:00,769895,210,E,ML,34.230849,-118.265101,LOWELL / HONOLULU,15.68,443,64.73333333333333,134,68.23333333333333,128,65.39999999999999,99,62.6,83,61.46666666666667,,,,
15:05:00,769984,210,E,ML,34.202989,-118.191827,GOULD,20.4,333,62.43333333333333,90,67.39999999999999,91,64.13333333333334,79,59.76666666666667,73,57.23333333333333,,,,
15:05:00,770116,210,E,ML,34.234317,-118.286992,LA TUNA CANYON,14.39,310,63.1,100,67.83333333333333,95,64.9,70,58.43333333333334,45,57.86666666666667,,,,
15:05:00,770385,210,E,ML,34.206925,-118.21372,EB/NB 2 TO EB 210 CN,19.08,347,64.83333333333333,113,71.23333333333333,92,65.86666666666666,75,57.333333333333336,68,60.16666666666666,,,,
15:05:00,770578,210,E,ML,34.156489,-118.158295,WINONA WAY,24.442,197,53.4,141,52.26666666666667,56,55.43333333333334,,,,,,,,
15:10:00,717617,210,E,ML,34.179921,-118.167405,ARROYO,22.6,270,59.96666666666667,70,64.76666666666667,75,61.56666666666666,65,57.8,60,54.96666666666667,,,,
15:10:00,717620,210,E,ML,34.174756,-118.160407,LINCOLN 1,23.14,260,61.86666666666667,64,68.76666666666667,69,65.39999999999999,54,60.96666666666667,73,54.13333333333333,,,,
15:10:00,717625,210,E,ML,34.160546,-118.158748,MOUNTAIN 2,24.16,247,48.8,71,63.333333333333336,72,53.5,47,47.53333333333333,56,27.266666666666666,,,,
15:10:00,717628,210,E,ML,34.152216,-118.156144,WALNUT,24.81,62,60.833333333333336,62,60.833333333333336,,,,,,,,,,
15:10:00,717631,210,E,ML,34.15099,-118.152369,FAIR OAKS 1,25.12,123,61.20000000000001,26,66.3,37,63.0,33,59.79999999999999,27,55.70000000000001,,,,
15:10:00,717633,210,E,ML,34.151691,-118.142523,MARENGO,25.72,635,49.4,108,53.6,125,51.79999999999999,109,50.4,112,48.5,102,45.20000000000001,79,45.20000000000001
15:10:00,717635,210,E,ML,34.151658,-118.12944,LAKE 2,26.47,604,54.8,114,60.36666666666667,121,55.333333333333336,117,56.0,106,52.53333333333334,146,50.833333333333336,,
15:10:00,717638,210,E,ML,34.152187,-118.117782,HILL 1,27.14,601,47.13333333333333,132,38.56666666666666,133,36.3,114,71.3,107,68.93333333333334,115,25.3,,
15:10:00,717640,210,E,ML,34.152301,-118.109239,ALLEN,27.63,620,43.833333333333336,120,38.86666666666667,134,44.46666666666667,132,44.833333333333336,122,43.1,112,47.96666666666667,,
15:10:00,717646,210,E,ML,34.151406,-118.091041,SAN GABRIEL,28.68,537,35.666666666666664,107,28.36666666666667,115,30.066666666666663,93,32.56666666666667,96,41.86666666666667,125,43.4,,
15:10:00,717650,210,E,ML,34.147621,-118.079037,SIERRA MADRE V2,29.44,440,21.633333333333336,107,23.96666666666667,96,21.433333333333334,101,21.266666666666666,68,15.533333333333331,68,24.8,,
15:10:00,761093,210,E,HV,34.151691,-118.142523,MARENGO,25.72,123,61.20000000000001,123,61.20000000000001,,,,,,,,,,
15:10:00,761098,210,E,HV,34.151658,-118.12944,LAKE 2,26.47,123,61.20000000000001,123,61.20000000000001,,,,,,,,,,
15:10:00,761102,210,E,HV,34.152187,-118.117782,HILL 1,27.14,122,63.6,122,63.6,,,,,,,,,,
15:10:00,761105,210,E,HV,34.152301,-118.109239,ALLEN,27.63,135,42.3,135,42.3,,,,,,,,,,
15:10:00,761109,210,E,HV,34.151406,-118.091041,SAN GABRIEL,28.68,104,26.9,104,26.9,,,,,,,,,,
15:10:00,761112,210,E,HV,34.147621,-118.079037,SIERRA MADRE V2,29.44,115,23.1,115,23.1,,,,,,,,,,
15:10:00,763614,210,E,HV,34.15099,-118.152369,FAIR OAKS 1,25.12,123,61.20000000000001,123,61.20000000000001,,,,,,,,,,
15:10:00,769788,210,E,ML,34.189219,-118.180753,BERKSHIRE,21.58,338,62.23333333333334,90,67.26666666666667,92,64.0,80,59.5,75,56.93333333333334,,,,
15:10:00,769806,210,E,ML,34.196934,-118.185042,FOOTHILL,20.98,355,65.89999999999999,85,68.33333333333333,107,68.06666666666666,83,67.0,79,59.23333333333333,,,,
15:10:00,769819,210,E,ML,34.205892,-118.198234,ANGELES CREST HWY NB,19.98,123,61.20000000000001,26,66.3,37,63.0,33,59.79999999999999,27,55.70000000000001,,,,
15:10:00,769831,210,E,ML,34.206745,-118.201533,ANGELES CREST HWY SB,19.78,286,61.03333333333333,75,66.0,79,62.8,68,58.36666666666667,64,55.93333333333334,,,,
15:10:00,769847,210,E,ML,34.211728,-118.228265,OCEAN VIEW,18.18,276,69.16666666666667,94,72.10000000000001,86,69.3,61,66.13333333333333,35,65.0,,,,
15:10:00,769866,210,E,ML,34.218398,-118.239738,LA CRESCENTA,17.38,550,63.03333333333333,119,67.2,119,62.93333333333334,148,66.56666666666666,165,56.833333333333336,,,,
15:10:00,769880,210,E,ML,34.221426,-118.245718,PENNSYLVANIA,16.98,468,62.76666666666667,95,70.73333333333333,116,63.7,133,61.46666666666666,124,58.23333333333333,,,,
15:10:00,769895,210,E,ML,34.230849,-118.265101,LOWELL / HONOLULU,15.68,449,64.5,127,67.73333333333333,128,64.86666666666666,109,62.16666666666666,84,62.63333333333333,,,,
15:10:00,769984,210,E,ML,34.202989,-118.191827,GOULD,20.4,340,62.2,91,67.16666666666667,93,63.93333333333334,81,59.6,75,57.03333333333333,,,,
15:10:00,770116,210,E,ML,34.234317,-118.286992,LA TUNA CANYON,14.39,296,62.76666666666667,95,67.33333333333333,91,64.56666666666666,67,58.1,43,57.73333333333333,,,,
15:10:00,770385,210,E,ML,34.206925,-118.21372,EB/NB 2 TO EB 210 CN,19.08,308,65.7,90,71.7,76,66.2,70,62.66666666666666,73,60.86666666666667,,,,
15:10:00,770578,210,E,ML,34.156489,-118.158295,WINONA WAY,24.442,176,54.6,118,52.16666666666666,58,59.56666666666666,,,,,,,,
15:15:00,717617,210,E,ML,34.179921,-118.167405,ARROYO,22.6,285,62.56666666666666,74,67.46666666666667,79,64.23333333333333,69,60.43333333333334,63,57.2,,,,
15:15:00,717620,210,E,ML,34.174756,-118.160407,LINCOLN 1,23.14,289,64.66666666666667,77,68.5,78,66.66666666666667,68,65.0,66,59.23333333333333,,,,
15:15:00,717625,210,E,ML,34.160546,-118.158748,MOUNTAIN 2,24.16,292,48.23333333333333,82,64.86666666666667,89,51.96666666666667,54,44.70000000000001,67,28.433333333333334,,,,
15:15:00,717628,210,E,ML,34.152216,-118.156144,WALNUT,24.81,66,61.06666666666667,66,61.06666666666667,,,,,,,,,,
15:15:00,717631,210,E,ML,34.15099,-118.152369,FAIR OAKS 1,25.12,123,61.1,26,66.2,37,62.9,33,59.70000000000001,27,55.6,,,,
15:15:00,717633,210,E,ML,34.151691,-118.142523,MARENGO,25.72,635,48.29999999999999,108,52.4,125,50.70000000000001,109,49.29999999999999,112,47.4,102,44.20000000000001,79,44.20000000000001
15:15:00,717635,210,E,ML,34.151658,-118.12944,LAKE 2,26.47,581,54.03333333333333,111,59.53333333333333,116,54.333333333333336,112,55.26666666666667,102,51.66666666666666,141,50.16666666666666,,
15:15:00,717638,210,E,ML,34.152187,-118.117782,HILL 1,27.14,589,45.866666666666674,131,37.23333333333333,131,34.06666666666667,111,71.16666666666667,102,68.89999999999999,114,24.03333333333333,,
15:15:00,717640,210,E,ML,34.152301,-118.109239,ALLEN,27.63,607,41.86666666666667,118,36.0,134,42.16666666666666,127,42.833333333333336,109,40.43333333333334,119,47.333333333333336,,
15:15:00,717646,210,E,ML,34.151406,-118.091041,SAN GABRIEL,28.68,491,32.5,102,24.1,104,26.266666666666666,82,28.633333333333336,85,42.8,118,40.46666666666667,,
15:15:00,717650,210,E,ML,34.147621,-118.079037,SIERRA MADRE V2,29.44,433,19.1,94,20.53333333333333,94,18.9,94,18.83333333333333,73,13.833333333333334,78,22.83333333333333,,
15:15:00,761093,210,E,HV,34.151691,-118.142523,MARENGO,25.72,123,61.1,123,61.1,,,,,,,,,,
15:15:00,761098,210,E,HV,34.151658,-118.12944,LAKE 2,26.47,123,61.1,123,61.1,,,,,,,,,,
15:15:00,761102,210,E,HV,34.152187,-118.117782,HILL 1,27.14,121,63.4,121,63.4,,,,,,,,,,
15:15:00,761105,210,E,HV,34.152301,-118.109239,ALLEN,27.63,136,41.43333333333334,136,41.43333333333334,,,,,,,,,,
15:15:00,761109,210,E,HV,34.151406,-118.091041,SAN GABRIEL,28.68,109,24.3,109,24.3,,,,,,,,,,
15:15:00,761112,210,E,HV,34.147621,-118.079037,SIERRA MADRE V2,29.44,108,21.23333333333333,108,21.23333333333333,,,,,,,,,,
15:15:00,763614,210,E,HV,34.15099,-118.152369,FAIR OAKS 1,25.12,123,61.1,123,61.1,,,,,,,,,,
15:15:00,769788,210,E,ML,34.189219,-118.180753,BERKSHIRE,21.58,261,62.86666666666667,69,67.96666666666665,72,64.7,62,60.2,58,57.56666666666666,,,,
15:15:00,769806,210,E,ML,34.196934,-118.185042,FOOTHILL,20.98,277,64.96666666666667,63,66.13333333333334,96,68.66666666666667,61,66.93333333333334,56,54.56666666666666,,,,
15:15:00,769819,210,E,ML,34.205892,-118.198234,ANGELES CREST HWY NB,19.98,123,61.1,26,66.2,37,62.9,33,59.70000000000001,27,55.6,,,,
15:15:00,769831,210,E,ML,34.206745,-118.201533,ANGELES CREST HWY SB,19.78,290,63.53333333333333,76,68.7,80,65.39999999999999,69,60.76666666666667,65,58.1,,,,
15:15:00,769847,210,E,ML,34.211728,-118.228265,OCEAN VIEW,18.18,264,67.83333333333333,93,72.10000000000001,83,68.8,55,61.03333333333333,33,64.16666666666667,,,,
15:15:00,769866,210,E,ML,34.218398,-118.239738,LA CRESCENTA,17.38,572,61.06666666666666,128,66.33333333333333,132,61.23333333333333,142,62.73333333333333,171,55.66666666666666,,,,
15:15:00,769880,210,E,ML,34.221426,-118.245718,PENNSYLVANIA,16.98,488,61.8,103,68.56666666666666,122,63.3,135,60.29999999999999,128,57.76666666666667,,,,
15:15:00,769895,210,E,ML,34.230849,-118.265101,LOWELL / HONOLULU,15.68,456,63.76666666666667,132,67.06666666666666,130,64.53333333333333,107,60.7,87,61.93333333333334,,,,
15:15:00,769984,210,E,ML,34.202989,-118.191827,GOULD,20.4,263,62.86666666666667,69,67.89999999999999,72,64.60000000000001,63,60.3,58,57.63333333333333,,,,
15:15:00,770116,210,E,ML,34.234317,-118.286992,LA TUNA CANYON,14.39,306,62.53333333333333,98,67.10000000000001,94,64.33333333333333,69,57.86666666666667,44,57.63333333333333,,,,
15:15:00,770385,210,E,ML,34.206925,-118.21372,EB/NB 2 TO EB 210 CN,19.08,321,66.76666666666667,95,71.93333333333334,87,67.89999999999999,70,62.03333333333333,69,60.86666666666667,,,,
15:15:00,770578,210,E,ML,34.156489,-118.158295,WINONA WAY,24.442,198,53.3,136,50.5,62,59.86666666666667,,,,,,,,
15:20:00,717617,210,E,ML,34.179921,-118.167405,ARROYO,22.6,225,59.833333333333336,58,64.63333333333334,63,61.43333333333334,55,57.63333333333333,49,54.73333333333333,,,,
15:20:00,717620,210,E,ML,34.174756,-118.160407,LINCOLN 1,23.14,219,63.2,56,68.83333333333333,59,65.26666666666667,55,60.03333333333333,49,58.76666666666667,,,,
15:20:00,717625,210,E,ML,34.160546,-118.158748,MOUNTAIN 2,24.16,259,48.36666666666667,68,65.56666666666666,80,52.26666666666667,48,45.93333333333334,63,28.6,,,,
15:20:00,717628,210,E,ML,34.152216,-118.156144,WALNUT,24.81,66,62.833333333333336,66,62.833333333333336,,,,,,,,,,
15:20:00,717631,210,E,ML,34.15099,-118.152369,FAIR OAKS 1,25.12,123,61.1,26,66.2,37,62.9,33,59.70000000000001,27,55.6,,,,
15:20:00,717633,210,E,ML,34.151691,-118.142523,MARENGO,25.72,632,46.9,107,50.79999999999999,125,49.20000000000001,109,47.9,111,46.0,101,42.9,79,42.9
15:20:00,717635,210,E,ML,34.151658,-118.12944,LAKE 2,26.47,558,53.36666666666667,106,58.9,111,53.53333333333333,108,54.66666666666666,98,51.0,135,49.66666666666666,,
15:20:00,717638,210,E,ML,34.152187,-118.117782,HILL 1,27.14,564,44.86666666666667,123,34.2,119,31.899999999999995,109,71.16666666666667,102,69.06666666666666,111,22.4,,
15:20:00,717640,210,E,ML,34.152301,-118.109239,ALLEN,27.63,561,38.73333333333333,102,31.1,116,39.333333333333336,125,39.96666666666667,105,37.46666666666667,114,44.06666666666666,,
15:20:00,717646,210,E,ML,34.151406,-118.091041,SAN GABRIEL,28.68,564,31.566666666666663,111,22.266666666666666,118,24.83333333333333,98,27.3,106,42.2,132,39.73333333333333,,
15:20:00,717650,210,E,ML,34.147621,-118.079037,SIERRA MADRE V2,29.44,499,23.1,119,25.7,111,22.96666666666667,108,21.766666666666666,79,16.8,83,26.9,,
15:20:00,761093,210,E,HV,34.151691,-118.142523,MARENGO,25.72,123,61.1,123,61.1,,,,,,,,,,
15:20:00,761098,210,E,HV,34.151658,-118.12944,LAKE 2,26.47,123,61.1,123,61.1,,,,,,,,,,
15:20:00,761102,210,E,HV,34.152187,-118.117782,HILL 1,27.14,115,63.43333333333334,115,63.43333333333334,,,,,,,,,,
15:20:00,761105,210,E,HV,34.152301,-118.109239,ALLEN,27.63,132,38.333333333333336,132,38.333333333333336,,,,,,,,,,
15:20:00,761109,210,E,HV,34.151406,-118.091041,SAN GABRIEL,28.68,112,22.4,112,22.4,,,,,,,,,,
15:20:00,761112,210,E,HV,34.147621,-118.079037,SIERRA MADRE V2,29.44,115,22.5,115,22.5,,,,,,,,,,
15:20:00,763614,210,E,HV,34.15099,-118.152369,FAIR OAKS 1,25.12,123,61.1,123,61.1,,,,,,,,,,
15:20:00,769788,210,E,ML,34.189219,-118.180753,BERKSHIRE,21.58,270,60.93333333333334,72,65.8,75,62.6,65,58.2,59,55.8,,,,
15:20:00,769806,210,E,ML,34.196934,-118.185042,FOOTHILL,20.98,294,65.23333333333333,67,66.86666666666666,100,67.7,68,65.5,58,57.7,,,,
15:20:00,769819,210,E,ML,34.205892,-118.198234,ANGELES CREST HWY NB,19.98,123,61.1,26,66.2,37,62.9,33,59.70000000000001,27,55.6,,,,
15:20:00,769831,210,E,ML,34.206745,-118.201533,ANGELES CREST HWY SB,19.78,325,62.73333333333333,87,67.8,89,64.53333333333335,77,59.96666666666667,71,57.36666666666667,,,,
15:20:00,769847,210,E,ML,34.211728,-118.228265,OCEAN VIEW,18.18,284,68.06666666666666,99,72.63333333333334,93,69.7,60,60.23333333333333,32,64.13333333333334,,,,
15:20:00,769866,210,E,ML,34.218398,-118.239738,LA CRESCENTA,17.38,592,60.8,128,66.13333333333334,140,61.53333333333333,146,62.13333333333333,178,55.333333333333336,,,,
15:20:00,769880,210,E,ML,34.221426,-118.245718,PENNSYLVANIA,16.98,521,61.56666666666666,106,67.06666666666668,146,63.333333333333336,135,60.73333333333333,134,57.73333333333333,,,,
15:20:00,769895,210,E,ML,34.230849,-118.265101,LOWELL / HONOLULU,15.68,470,64.39999999999999,136,67.13333333333334,132,65.0,115,62.3,87,62.63333333333333,,,,
15:20:00,769984,210,E,ML,34.202989,-118.191827,GOULD,20.4,271,60.86666666666667,72,65.73333333333333,75,62.46666666666667,65,58.3,59,55.86666666666667,,,,
15:20:00,770116,210,E,ML,34.234317,-118.286992,LA TUNA CANYON,14.39,304,62.43333333333334,97,66.96666666666667,94,64.26666666666667,69,57.76666666666667,44,57.63333333333333,,,,
15:20:00,770385,210,E,ML,34.206925,-118.21372,EB/NB 2 TO EB 210 CN,19.08,350,67.73333333333333,95,71.7,104,68.7,83,63.93333333333334,68,63.9,,,,
15:20:00,770578,210,E,ML,34.156489,-118.158295,WINONA WAY,24.442,188,54.36666666666667,125,50.53333333333333,63,62.03333333333333,,,,,,,,
15:25:00,717617,210,E,ML,34.179921,-118.167405,ARROYO,22.6,241,60.6,62,65.5,67,62.26666666666667,59,58.43333333333334,54,55.46666666666667,,,,
15:25:00,717620,210,E,ML,34.174756,-118.160407,LINCOLN 1,23.14,253,64.39999999999999,70,69.56666666666666,70,65.36666666666667,57,59.46666666666667,57,62.333333333333336,,,,
15:25:00,717625,210,E,ML,34.160546,-118.158748,MOUNTAIN 2,24.16,262,49.03333333333334,69,64.86666666666667,85,52.866666666666674,54,46.26666666666667,54,27.53333333333333,,,,
15:25:00,717628,210,E,ML,34.152216,-118.156144,WALNUT,24.81,65,62.333333333333336,65,62.333333333333336,,,,,,,,,,
15:25:00,717631,210,E,ML,34.15099,-118.152369,FAIR OAKS 1,25.12,123,61.1,26,66.2,37,62.9,33,59.70000000000001,27,55.6,,,,
15:25:00,717633,210,E,ML,34.151691,-118.142523,MARENGO,25.72,626,45.4,106,49.20000000000001,124,47.6,108,46.29999999999999,110,44.5,100,41.5,78,41.5
15:25:00,717635,210,E,ML,34.151658,-118.12944,LAKE 2,26.47,577,53.46666666666667,110,58.96666666666667,115,53.6,112,54.73333333333333,101,51.1,140,49.73333333333333,,
15:25:00,717638,210,E,ML,34.152187,-118.117782,HILL 1,27.14,568,45.3,123,33.53333333333333,122,32.1,113,71.3,105,69.0,104,21.83333333333333,,
15:25:00,717640,210,E,ML,34.152301,-118.109239,ALLEN,27.63,578,37.1,118,31.133333333333336,125,37.16666666666666,122,38.4,108,37.63333333333333,106,41.66666666666666,,
15:25:00,717646,210,E,ML,34.151406,-118.091041,SAN GABRIEL,28.68,542,31.73333333333333,116,24.6,115,26.566666666666663,94,29.366666666666664,98,39.73333333333333,119,39.1,,
15:25:00,717650,210,E,ML,34.147621,-118.079037,SIERRA MADRE V2,29.44,448,21.03333333333333,104,23.133333333333336,100,21.9,96,19.96666666666667,74,15.666666666666666,75,23.7,,
15:25:00,761093,210,E,HV,34.151691,-118.142523,MARENGO,25.72,123,61.1,123,61.1,,,,,,,,,,
15:25:00,761098,210,E,HV,34.151658,-118.12944,LAKE 2,26.47,123,61.1,123,61.1,,,,,,,,,,
15:25:00,761102,210,E,HV,34.152187,-118.117782,HILL 1,27.14,113,63.333333333333336,113,63.333333333333336,,,,,,,,,,
15:25:00,761105,210,E,HV,34.152301,-118.109239,ALLEN,27.63,128,38.7,128,38.7,,,,,,,,,,
15:25:00,761109,210,E,HV,34.151406,-118.091041,SAN GABRIEL,28.68,118,23.5,118,23.5,,,,,,,,,,
15:25:00,761112,210,E,HV,34.147621,-118.079037,SIERRA MADRE V2,29.44,113,22.1,113,22.1,,,,,,,,,,
15:25:00,763614,210,E,HV,34.15099,-118.152369,FAIR OAKS 1,25.12,123,61.1,123,61.1,,,,,,,,,,
15:25:00,769788,210,E,ML,34.189219,-118.180753,BERKSHIRE,21.58,321,62.23333333333333,86,67.2,88,64.0,77,59.5,71,56.93333333333334,,,,
15:25:00,769806,210,E,ML,34.196934,-118.185042,FOOTHILL,20.98,332,64.63333333333334,81,66.89999999999999,97,67.16666666666667,82,66.83333333333333,72,56.333333333333336,,,,
15:25:00,769819,210,E,ML,34.205892,-118.198234,ANGELES CREST HWY NB,19.98,123,61.1,26,66.2,37,62.9,33,59.70000000000001,27,55.6,,,,
15:25:00,769831,210,E,ML,34.206745,-118.201533,ANGELES CREST HWY SB,19.78,291,61.4,77,66.33333333333333,80,63.16666666666666,70,58.76666666666667,64,56.16666666666666,,,,
15:25:00,769847,210,E,ML,34.211728,-118.228265,OCEAN VIEW,18.18,269,68.46666666666667,96,73.43333333333334,79,69.63333333333334,63,63.1,31,60.5,,,,
15:25:00,769866,210,E,ML,34.218398,-118.239738,LA CRESCENTA,17.38,548,60.8,120,66.56666666666666,120,63.06666666666666,140,61.93333333333334,168,53.96666666666667,,,,
15:25:00,769880,210,E,ML,34.221426,-118.245718,PENNSYLVANIA,16.98,486,61.26666666666667,106,67.3,124,63.43333333333334,132,58.43333333333334,125,58.16666666666666,,,,
15:25:00,769895,210,E,ML,34.230849,-118.265101,LOWELL / HONOLULU,15.68,451,63.6,131,66.89999999999999,125,64.46666666666667,111,61.6,84,60.36666666666667,,,,
15:25:00,769984,210,E,ML,34.202989,-118.191827,GOULD,20.4,322,62.26666666666667,86,67.2,88,63.93333333333334,77,59.63333333333333,71,57.06666666666666,,,,
15:25:00,770116,210,E,ML,34.234317,-118.286992,LA TUNA CANYON,14.39,274,62.13333333333333,87,66.63333333333334,84,63.96666666666667,62,57.46666666666667,40,57.5,,,,
15:25:00,770385,210,E,ML,34.206925,-118.21372,EB/NB 2 TO EB 210 CN,19.08,300,66.7,81,72.10000000000001,81,68.86666666666666,76,64.3,63,59.03333333333333,,,,
15:25:00,770578,210,E,ML,34.156489,-118.158295,WINONA WAY,24.442,191,55.06666666666666,129,52.0,62,61.43333333333334,,,,,,,,
15:30:00,717617,210,E,ML,34.179921,-118.167405,ARROYO,22.6,231,62.3,58,67.36666666666666,64,64.10000000000001,57,60.06666666666666,52,56.93333333333334,,,,
15:30:00,717620,210,E,ML,34.174756,-118.160407,LINCOLN 1,23.14,229,65.53333333333335,64,70.66666666666667,56,67.0,52,63.2,57,61.2,,,,
15:30:00,717625,210,E,ML,34.160546,-118.158748,MOUNTAIN 2,24.16,231,50.06666666666666,63,66.0,78,54.7,40,47.70000000000001,51,26.566666666666663,,,,
15:30:00,717628,210,E,ML,34.152216,-118.156144,WALNUT,24.81,51,61.73333333333333,51,61.73333333333333,,,,,,,,,,
15:30:00,717631,210,E,ML,34.15099,-118.152369,FAIR OAKS 1,25.12,123,61.1,26,66.2,37,62.9,33,59.70000000000001,27,55.6,,,,
15:30:00,717633,210,E,ML,34.151691,-118.142523,MARENGO,25.72,624,44.5,106,48.20000000000001,123,46.6,107,45.4,110,43.6,100,40.7,78,40.7
15:30:00,717635,210,E,ML,34.151658,-118.12944,LAKE 2,26.47,603,53.333333333333336,114,58.86666666666667,121,53.43333333333334,117,54.56666666666666,106,50.93333333333334,146,49.56666666666666,,
15:30:00,717638,210,E,ML,34.152187,-118.117782,HILL 1,27.14,588,44.46666666666666,126,32.800000000000004,129,31.96666666666667,113,71.26666666666667,106,68.60000000000001,114,22.5,,
15:30:00,717640,210,E,ML,34.152301,-118.109239,ALLEN,27.63,607,40.766666666666666,121,36.23333333333333,129,41.03333333333333,126,40.86666666666667,113,41.96666666666667,118,43.76666666666667,,
15:30:00,717646,210,E,ML,34.151406,-118.091041,SAN GABRIEL,28.68,514,29.266666666666666,100,21.1,104,23.46666666666667,97,28.96666666666667,90,36.0,123,36.0,,
15:30:00,717650,210,E,ML,34.147621,-118.079037,SIERRA MADRE V2,29.44,416,18.766666666666666,102,20.73333333333333,96,19.166666666666668,89,18.1,61,12.8,67,21.633333333333336,,
15:30:00,761093,210,E,HV,34.151691,-118.142523,MARENGO,25.72,123,61.1,123,61.1,,,,,,,,,,
15:30:00,761098,210,E,HV,34.151658,-118.12944,LAKE 2,26.47,123,61.1,123,61.1,,,,,,,,,,
15:30:00,761102,210,E,HV,34.152187,-118.117782,HILL 1,27.14,118,63.3,118,63.3,,,,,,,,,,
15:30:00,761105,210,E,HV,34.152301,-118.109239,ALLEN,27.63,129,38.6,129,38.6,,,,,,,,,,
15:30:00,761109,210,E,HV,34.151406,-118.091041,SAN GABRIEL,28.68,101,18.53333333333333,101,18.53333333333333,,,,,,,,,,
15:30:00,761112,210,E,HV,34.147621,-118.079037,SIERRA MADRE V2,29.44,108,20.33333333333333,108,20.33333333333333,,,,,,,,,,
15:30:00,763614,210,E,HV,34.15099,-118.152369,FAIR OAKS 1,25.12,123,61.1,123,61.1,,,,,,,,,,
15:30:00,769788,210,E,ML,34.189219,-118.180753,BERKSHIRE,21.58,300,62.833333333333336,80,67.83333333333333,82,64.56666666666666,72,60.13333333333333,66,57.43333333333334,,,,
15:30:00,769806,210,E,ML,34.196934,-118.185042,FOOTHILL,20.98,312,65.73333333333333,77,68.10000000000001,90,67.46666666666665,79,67.3,66,58.4,,,,
15:30:00,769819,210,E,ML,34.205892,-118.198234,ANGELES CREST HWY NB,19.98,123,61.1,26,66.2,37,62.9,33,59.70000000000001,27,55.6,,,,
15:30:00,769831,210,E,ML,34.206745,-118.201533,ANGELES CREST HWY SB,19.78,326,61.23333333333333,88,66.16666666666667,89,62.96666666666667,77,58.5,71,55.96666666666667,,,,
15:30:00,769847,210,E,ML,34.211728,-118.228265,OCEAN VIEW,18.18,294,67.7,107,72.39999999999999,91,69.60000000000001,60,60.26666666666667,36,61.5,,,,
15:30:00,769866,210,E,ML,34.218398,-118.239738,LA CRESCENTA,17.38,594,61.16666666666666,141,66.10000000000001,141,63.5,140,62.36666666666667,173,54.1,,,,
15:30:00,769880,210,E,ML,34.221426,-118.245718,PENNSYLVANIA,16.98,539,61.6,116,69.13333333333333,146,63.76666666666667,137,58.06666666666666,140,57.833333333333336,,,,
15:30:00,769895,210,E,ML,34.230849,-118.265101,LOWELL / HONOLULU,15.68,480,63.63333333333333,145,67.39999999999999,140,65.3,109,60.46666666666667,86,58.86666666666667,,,,
15:30:00,769984,210,E,ML,34.202989,-118.191827,GOULD,20.4,301,62.86666666666667,80,67.8,83,64.53333333333333,72,60.29999999999999,67,57.53333333333333,,,,
15:30:00,770116,210,E,ML,34.234317,-118.286992,LA TUNA CANYON,14.39,305,62.63333333333333,98,67.16666666666667,94,64.43333333333334,69,57.9,44,57.66666666666666,,,,
15:30:00,770385,210,E,ML,34.206925,-118.21372,EB/NB 2 TO EB 210 CN,19.08,343,66.0,95,71.33333333333333,100,68.83333333333333,70,60.5,78,59.66666666666666,,,,
15:30:00,770578,210,E,ML,34.156489,-118.158295,WINONA WAY,24.442,170,54.833333333333336,126,52.93333333333334,45,60.66666666666666,,,,,,,,
15:35:00,717617,210,E,ML,34.179921,-118.167405,ARROYO,22.6,265,61.56666666666666,68,66.56666666666666,73,63.26666666666667,65,59.366666666666674,59,56.333333333333336,,,,
15:35:00,717620,210,E,ML,34.174756,-118.160407,LINCOLN 1,23.14,270,64.8,84,70.33333333333333,70,68.0,53,63.13333333333333,62,56.43333333333334,,,,
15:35:00,717625,210,E,ML,34.160546,-118.158748,MOUNTAIN 2,24.16,257,49.4,67,65.3,88,53.6,47,47.5,55,26.433333333333334,,,,
15:35:00,717628,210,E,ML,34.152216,-118.156144,WALNUT,24.81,62,61.7,62,61.7,,,,,,,,,,
15:35:00,717631,210,E,ML,34.15099,-118.152369,FAIR OAKS 1,25.12,123,61.1,26,66.2,37,62.9,33,59.70000000000001,27,55.6,,,,
15:35:00,717633,210,E,ML,34.151691,-118.142523,MARENGO,25.72,629,44.20000000000001,107,47.9,124,46.29999999999999,108,45.1,111,43.29999999999999,101,40.4,78,40.4
15:35:00,717635,210,E,ML,34.151658,-118.12944,LAKE 2,26.47,606,53.4,115,58.86666666666667,121,53.86666666666667,117,54.63333333333333,106,51.0,146,49.6,,
15:35:00,717638,210,E,ML,34.152187,-118.117782,HILL 1,27.14,601,44.96666666666667,131,34.333333333333336,127,32.233333333333334,114,71.03333333333333,111,68.39999999999999,118,23.266666666666666,,
15:35:00,717640,210,E,ML,34.152301,-118.109239,ALLEN,27.63,599,42.06666666666667,110,35.166666666666664,130,42.56666666666667,125,42.76666666666667,114,43.23333333333333,119,45.16666666666666,,
15:35:00,717646,210,E,ML,34.151406,-118.091041,SAN GABRIEL,28.68,481,25.0,92,18.066666666666663,96,18.466666666666665,82,22.766666666666666,90,32.36666666666667,121,31.366666666666664,,
15:35:00,717650,210,E,ML,34.147621,-118.079037,SIERRA MADRE V2,29.44,435,17.7,100,19.03333333333333,94,17.633333333333336,96,17.2,69,12.866666666666664,75,21.066666666666663,,
15:35:00,761093,210,E,HV,34.151691,-118.142523,MARENGO,25.72,123,61.1,123,61.1,,,,,,,,,,
15:35:00,761098,210,E,HV,34.151658,-118.12944,LAKE 2,26.47,123,61.1,123,61.1,,,,,,,,,,
15:35:00,761102,210,E,HV,34.152187,-118.117782,HILL 1,27.14,120,63.26666666666667,120,63.26666666666667,,,,,,,,,,
15:35:00,761105,210,E,HV,34.152301,-118.109239,ALLEN,27.63,133,39.4,133,39.4,,,,,,,,,,
15:35:00,761109,210,E,HV,34.151406,-118.091041,SAN GABRIEL,28.68,98,15.766666666666666,98,15.766666666666666,,,,,,,,,,
15:35:00,761112,210,E,HV,34.147621,-118.079037,SIERRA MADRE V2,29.44,109,19.0,109,19.0,,,,,,,,,,
15:35:00,763614,210,E,HV,34.15099,-118.152369,FAIR OAKS 1,25.12,123,61.1,123,61.1,,,,,,,,,,
15:35:00,769788,210,E,ML,34.189219,-118.180753,BERKSHIRE,21.58,277,63.96666666666666,73,69.06666666666666,76,65.8,66,61.3,62,58.5,,,,
15:35:00,769806,210,E,ML,34.196934,-118.185042,FOOTHILL,20.98,288,65.53333333333335,68,67.76666666666667,91,67.2,74,66.46666666666667,54,58.6,,,,
15:35:00,769819,210,E,ML,34.205892,-118.198234,ANGELES CREST HWY NB,19.98,123,61.1,26,66.2,37,62.9,33,59.70000000000001,27,55.6,,,,
15:35:00,769831,210,E,ML,34.206745,-118.201533,ANGELES CREST HWY SB,19.78,342,57.333333333333336,92,61.833333333333336,93,58.833333333333336,81,54.833333333333336,75,52.66666666666666,,,,
15:35:00,769847,210,E,ML,34.211728,-118.228265,OCEAN VIEW,18.18,304,67.63333333333333,108,72.06666666666666,91,69.7,65,58.9,39,65.56666666666666,,,,
15:35:00,769866,210,E,ML,34.218398,-118.239738,LA CRESCENTA,17.38,595,59.86666666666667,133,65.93333333333334,137,62.46666666666667,149,60.26666666666667,176,53.03333333333333,,,,
15:35:00,769880,210,E,ML,34.221426,-118.245718,PENNSYLVANIA,16.98,545,61.13333333333333,112,68.83333333333333,144,63.13333333333333,143,57.9,146,57.53333333333333,,,,
15:35:00,769895,210,E,ML,34.230849,-118.265101,LOWELL / HONOLULU,15.68,485,63.833333333333336,142,67.63333333333334,135,65.3,113,61.366666666666674,95,59.03333333333333,,,,
15:35:00,769984,210,E,ML,34.202989,-118.191827,GOULD,20.4,279,63.93333333333334,74,68.96666666666667,76,65.7,67,61.333333333333336,62,58.53333333333333,,,,
15:35:00,770116,210,E,ML,34.234317,-118.286992,LA TUNA CANYON,14.39,290,62.56666666666666,93,67.13333333333333,89,64.36666666666666,66,57.73333333333333,42,57.63333333333333,,,,
15:35:00,770385,210,E,ML,34.206925,-118.21372,EB/NB 2 TO EB 210 CN,19.08,397,62.9,123,70.23333333333333,108,60.73333333333333,88,59.96666666666667,78,58.0,,,,
15:35:00,770578,210,E,ML,34.156489,-118.158295,WINONA WAY,24.442,184,54.43333333333334,126,51.53333333333333,57,60.63333333333333,,,,,,,,
15:40:00,717617,210,E,ML,34.179921,-118.167405,ARROYO,22.6,255,60.73333333333333,66,65.63333333333333,71,62.36666666666667,62,58.53333333333333,56,55.6,,,,
15:40:00,717620,210,E,ML,34.174756,-118.160407,LINCOLN 1,23.14,274,64.5,88,69.9,68,67.23333333333333,61,62.06666666666666,58,57.13333333333333,,,,
15:40:00,717625,210,E,ML,34.160546,-118.158748,MOUNTAIN 2,24.16,285,48.86666666666667,76,65.16666666666667,85,52.93333333333334,61,47.3,63,27.366666666666664,,,,
15:40:00,717628,210,E,ML,34.152216,-118.156144,WALNUT,24.81,71,61.4,71,61.4,,,,,,,,,,
15:40:00,717631,210,E,ML,34.15099,-118.152369,FAIR OAKS 1,25.12,124,61.0,26,66.1,38,62.79999999999999,33,59.6,27,55.5,,,,
15:40:00,717633,210,E,ML,34.151691,-118.142523,MARENGO,25.72,635,43.0,108,46.6,125,45.1,109,43.79999999999999,112,42.1,102,39.3,79,39.3
15:40:00,717635,210,E,ML,34.151658,-118.12944,LAKE 2,26.47,580,53.73333333333333,110,59.1,116,54.46666666666667,112,54.86666666666667,102,51.26666666666667,140,49.833333333333336,,
15:40:00,717638,210,E,ML,34.152187,-118.117782,HILL 1,27.14,571,45.26666666666667,125,33.733333333333334,123,32.56666666666667,107,71.2,104,68.86666666666666,112,25.33333333333333,,
15:40:00,717640,210,E,ML,34.152301,-118.109239,ALLEN,27.63,559,35.9,103,26.33333333333333,115,35.46666666666667,121,37.3,103,37.03333333333333,116,42.06666666666666,,
15:40:00,717646,210,E,ML,34.151406,-118.091041,SAN GABRIEL,28.68,508,24.133333333333336,104,17.733333333333334,106,19.366666666666667,83,21.83333333333333,90,30.566666666666663,125,30.3,,
15:40:00,717650,210,E,ML,34.147621,-118.079037,SIERRA MADRE V2,29.44,476,19.33333333333333,111,20.76666666666667,105,19.6,105,19.266666666666666,75,13.733333333333334,80,22.5,,
15:40:00,761093,210,E,HV,34.151691,-118.142523,MARENGO,25.72,124,61.0,124,61.0,,,,,,,,,,
15:40:00,761098,210,E,HV,34.151658,-118.12944,LAKE 2,26.47,124,61.0,124,61.0,,,,,,,,,,
15:40:00,761102,210,E,HV,34.152187,-118.117782,HILL 1,27.14,114,63.3,114,63.3,,,,,,,,,,
15:40:00,761105,210,E,HV,34.152301,-118.109239,ALLEN,27.63,125,36.23333333333333,125,36.23333333333333,,,,,,,,,,
15:40:00,761109,210,E,HV,34.151406,-118.091041,SAN GABRIEL,28.68,106,15.6,106,15.6,,,,,,,,,,
15:40:00,761112,210,E,HV,34.147621,-118.079037,SIERRA MADRE V2,29.44,114,20.96666666666667,114,20.96666666666667,,,,,,,,,,
15:40:00,763614,210,E,HV,34.15099,-118.152369,FAIR OAKS 1,25.12,124,61.0,124,61.0,,,,,,,,,,
15:40:00,769788,210,E,ML,34.189219,-118.180753,BERKSHIRE,21.58,344,64.43333333333334,92,69.60000000000001,94,66.26666666666667,82,61.56666666666666,76,58.86666666666667,,,,
15:40:00,769806,210,E,ML,34.196934,-118.185042,FOOTHILL,20.98,367,67.96666666666667,90,71.26666666666667,106,67.0,95,72.76666666666667,76,59.66666666666666,,,,
15:40:00,769819,210,E,ML,34.205892,-118.198234,ANGELES CREST HWY NB,19.98,124,61.0,26,66.1,38,62.79999999999999,33,59.6,27,55.5,,,,
15:40:00,769831,210,E,ML,34.206745,-118.201533,ANGELES CREST HWY SB,19.78,310,57.4,82,62.03333333333333,84,58.96666666666667,74,54.86666666666667,69,52.7,,,,
15:40:00,769847,210,E,ML,34.211728,-118.228265,OCEAN VIEW,18.18,287,68.06666666666666,104,72.10000000000001,91,69.93333333333334,62,62.06666666666666,30,60.866666666666674,,,,
15:40:00,769866,210,E,ML,34.218398,-118.239738,LA CRESCENTA,17.38,568,59.66666666666666,129,65.96666666666665,121,62.8,148,61.13333333333333,170,51.16666666666666,,,,
15:40:00,769880,210,E,ML,34.221426,-118.245718,PENNSYLVANIA,16.98,500,58.93333333333334,101,62.96666666666667,136,62.13333333333333,129,56.36666666666667,134,56.5,,,,
15:40:00,769895,210,E,ML,34.230849,-118.265101,LOWELL / HONOLULU,15.68,470,63.5,136,66.26666666666667,132,64.53333333333333,113,62.13333333333333,89,59.56666666666666,,,,
15:40:00,769984,210,E,ML,34.202989,-118.191827,GOULD,20.4,345,64.39999999999999,93,69.53333333333333,94,66.2,82,61.6,76,58.9,,,,
15:40:00,770116,210,E,ML,34.234317,-118.286992,LA TUNA CANYON,14.39,305,62.96666666666667,98,67.7,94,64.8,69,58.13333333333333,44,57.76666666666667,,,,
15:40:00,770385,210,E,ML,34.206925,-118.21372,EB/NB 2 TO EB 210 CN,19.08,331,61.56666666666667,97,69.8,89,57.5,84,58.6,61,58.8,,,,
15:40:00,770578,210,E,ML,34.156489,-118.158295,WINONA WAY,24.442,217,53.73333333333333,149,50.63333333333333,68,60.26666666666667,,,,,,,,
15:45:00,717617,210,E,ML,34.179921,-118.167405,ARROYO,22.6,214,59.56666666666666,54,64.36666666666666,60,61.16666666666666,53,57.46666666666667,48,54.6,,,,
15:45:00,717620,210,E,ML,34.174756,-118.160407,LINCOLN 1,23.14,234,64.23333333333333,74,70.2,64,68.46666666666667,53,60.56666666666666,43,53.96666666666667,,,,
15:45:00,717625,210,E,ML,34.160546,-118.158748,MOUNTAIN 2,24.16,265,47.366666666666674,65,61.16666666666666,90,51.06666666666666,62,45.76666666666667,48,26.166666666666668,,,,
15:45:00,717628,210,E,ML,34.152216,-118.156144,WALNUT,24.81,67,53.7,67,53.7,,,,,,,,,,
15:45:00,717631,210,E,ML,34.15099,-118.152369,FAIR OAKS 1,25.12,123,61.0,26,66.1,37,62.79999999999999,33,59.6,27,55.5,,,,
15:45:00,717633,210,E,ML,34.151691,-118.142523,MARENGO,25.72,631,42.0,107,45.6,124,44.1,109,42.9,111,41.3,101,38.5,79,38.5
15:45:00,717635,210,E,ML,34.151658,-118.12944,LAKE 2,26.47,561,52.53333333333333,107,57.93333333333334,112,52.63333333333333,108,53.86666666666667,98,50.0,136,48.86666666666667,,
15:45:00,717638,210,E,ML,34.152187,-118.117782,HILL 1,27.14,557,43.53333333333333,120,31.133333333333336,123,29.266666666666666,106,70.93333333333334,102,69.06666666666666,106,21.8,,
15:45:00,717640,210,E,ML,34.152301,-118.109239,ALLEN,27.63,545,32.0,104,25.066666666666663,112,31.6,123,33.53333333333333,97,32.53333333333333,108,36.43333333333333,,
15:45:00,717646,210,E,ML,34.151406,-118.091041,SAN GABRIEL,28.68,539,25.166666666666668,112,18.866666666666667,112,19.433333333333334,95,21.83333333333333,89,32.06666666666666,131,33.0,,
15:45:00,717650,210,E,ML,34.147621,-118.079037,SIERRA MADRE V2,29.44,468,18.966666666666665,109,21.2,103,18.966666666666665,100,19.23333333333333,75,13.866666666666667,81,20.633333333333336,,
15:45:00,761093,210,E,HV,34.151691,-118.142523,MARENGO,25.72,123,61.0,123,61.0,,,,,,,,,,
15:45:00,761098,210,E,HV,34.151658,-118.12944,LAKE 2,26.47,123,61.0,123,61.0,,,,,,,,,,
15:45:00,761102,210,E,HV,34.152187,-118.117782,HILL 1,27.14,103,63.46666666666667,103,63.46666666666667,,,,,,,,,,
15:45:00,761105,210,E,HV,34.152301,-118.109239,ALLEN,27.63,118,33.06666666666667,118,33.06666666666667,,,,,,,,,,
15:45:00,761109,210,E,HV,34.151406,-118.091041,SAN GABRIEL,28.68,109,17.233333333333334,109,17.233333333333334,,,,,,,,,,
15:45:00,761112,210,E,HV,34.147621,-118.079037,SIERRA MADRE V2,29.44,120,22.0,120,22.0,,,,,,,,,,
15:45:00,763614,210,E,HV,34.15099,-118.152369,FAIR OAKS 1,25.12,123,61.0,123,61.0,,,,,,,,,,
15:45:00,769788,210,E,ML,34.189219,-118.180753,BERKSHIRE,21.58,326,64.56666666666666,87,69.66666666666667,89,66.36666666666666,77,61.9,72,59.06666666666666,,,,
15:45:00,769806,210,E,ML,34.196934,-118.185042,FOOTHILL,20.98,357,68.66666666666667,83,71.56666666666666,118,67.73333333333333,89,73.83333333333333,68,59.23333333333333,,,,
15:45:00,769819,210,E,ML,34.205892,-118.198234,ANGELES CREST HWY NB,19.98,123,61.0,26,66.1,37,62.79999999999999,33,59.6,27,55.5,,,,
15:45:00,769831,210,E,ML,34.206745,-118.201533,ANGELES CREST HWY SB,19.78,319,57.5,85,62.1,87,59.03333333333333,76,54.96666666666667,70,52.76666666666667,,,,
15:45:00,769847,210,E,ML,34.211728,-118.228265,OCEAN VIEW,18.18,315,67.2,123,71.26666666666667,97,68.7,60,59.8,35,61.73333333333333,,,,
15:45:00,769866,210,E,ML,34.218398,-118.239738,LA CRESCENTA,17.38,597,58.36666666666667,152,64.16666666666667,147,60.16666666666666,131,60.06666666666666,166,50.46666666666667,,,,
15:45:00,769880,210,E,ML,34.221426,-118.245718,PENNSYLVANIA,16.98,551,57.53333333333333,110,63.16666666666666,153,59.4,141,57.26666666666667,147,53.76666666666667,,,,
15:45:00,769895,210,E,ML,34.230849,-118.265101,LOWELL / HONOLULU,15.68,489,63.43333333333333,144,66.23333333333333,140,64.16666666666667,114,61.5,91,60.8,,,,
15:45:00,769984,210,E,ML,34.202989,-118.191827,GOULD,20.4,327,64.5,87,69.56666666666666,89,66.26666666666667,78,61.9,72,59.03333333333333,,,,
15:45:00,770116,210,E,ML,34.234317,-118.286992,LA TUNA CANYON,14.39,305,63.76666666666667,98,68.63333333333333,94,65.56666666666666,69,59.1,44,58.03333333333333,,,,
15:45:00,770385,210,E,ML,34.206925,-118.21372,EB/NB 2 TO EB 210 CN,19.08,357,62.76666666666667,109,71.3,97,63.333333333333336,76,56.0,75,56.8,,,,
15:45:00,770578,210,E,ML,34.156489,-118.158295,WINONA WAY,24.442,216,48.43333333333334,152,47.5,64,50.66666666666666,,,,,,,,
15:50:00,717617,210,E,ML,34.179921,-118.167405,ARROYO,22.6,233,61.63333333333333,59,66.63333333333334,65,63.333333333333336,57,59.4,51,56.4,,,,
15:50:00,717620,210,E,ML,34.174756,-118.160407,LINCOLN 1,23.14,273,65.06666666666666,91,69.63333333333334,74,67.06666666666666,58,64.43333333333334,50,56.7,,,,
15:50:00,717625,210,E,ML,34.160546,-118.158748,MOUNTAIN 2,24.16,283,47.20000000000001,76,64.16666666666667,98,49.43333333333334,56,44.56666666666666,54,26.3,,,,
15:50:00,717628,210,E,ML,34.152216,-118.156144,WALNUT,24.81,82,58.23333333333333,82,58.23333333333333,,,,,,,,,,
15:50:00,717631,210,E,ML,34.15099,-118.152369,FAIR OAKS 1,25.12,123,60.9,26,66.0,37,62.70000000000001,33,59.5,27,55.4,,,,
15:50:00,717633,210,E,ML,34.151691,-118.142523,MARENGO,25.72,632,41.5,107,45.1,125,43.6,109,42.4,111,40.8,101,38.0,79,38.0
15:50:00,717635,210,E,ML,34.151658,-118.12944,LAKE 2,26.47,551,52.26666666666667,105,57.66666666666666,109,52.36666666666667,106,53.56666666666666,97,49.73333333333333,133,48.7,,
15:50:00,717638,210,E,ML,34.152187,-118.117782,HILL 1,27.14,551,42.53333333333333,122,30.53333333333333,125,28.7,102,70.76666666666667,100,68.76666666666667,103,20.133333333333333,,
15:50:00,717640,210,E,ML,34.152301,-118.109239,ALLEN,27.63,577,34.266666666666666,106,28.23333333333333,128,33.76666666666667,121,35.56666666666667,109,34.7,113,38.26666666666667,,
15:50:00,717646,210,E,ML,34.151406,-118.091041,SAN GABRIEL,28.68,546,26.933333333333337,114,21.566666666666663,116,22.3,89,22.066666666666663,97,36.333333333333336,130,32.166666666666664,,
15:50:00,717650,210,E,ML,34.147621,-118.079037,SIERRA MADRE V2,29.44,439,16.8,104,18.9,99,17.466666666666665,92,16.3,67,10.633333333333333,77,19.433333333333334,,
15:50:00,761093,210,E,HV,34.151691,-118.142523,MARENGO,25.72,123,60.9,123,60.9,,,,,,,,,,
15:50:00,761098,210,E,HV,34.151658,-118.12944,LAKE 2,26.47,123,60.9,123,60.9,,,,,,,,,,
15:50:00,761102,210,E,HV,34.152187,-118.117782,HILL 1,27.14,102,63.43333333333334,102,63.43333333333334,,,,,,,,,,
15:50:00,761105,210,E,HV,34.152301,-118.109239,ALLEN,27.63,129,34.13333333333333,129,34.13333333333333,,,,,,,,,,
15:50:00,761109,210,E,HV,34.151406,-118.091041,SAN GABRIEL,28.68,111,17.666666666666668,111,17.666666666666668,,,,,,,,,,
15:50:00,761112,210,E,HV,34.147621,-118.079037,SIERRA MADRE V2,29.44,101,19.166666666666668,101,19.166666666666668,,,,,,,,,,
15:50:00,763614,210,E,HV,34.15099,-118.152369,FAIR OAKS 1,25.12,123,60.9,123,60.9,,,,,,,,,,
15:50:00,769788,210,E,ML,34.189219,-118.180753,BERKSHIRE,21.58,334,63.633333333333326,89,68.7,91,65.46666666666667,79,60.96666666666667,74,58.2,,,,
15:50:00,769806,210,E,ML,34.196934,-118.185042,FOOTHILL,20.98,334,69.36666666666667,80,71.86666666666666,103,68.03333333333333,92,74.89999999999999,60,58.76666666666667,,,,
15:50:00,769819,210,E,ML,34.205892,-118.198234,ANGELES CREST HWY NB,19.98,123,60.9,26,66.0,37,62.70000000000001,33,59.5,27,55.4,,,,
15:50:00,769831,210,E,ML,34.206745,-118.201533,ANGELES CREST HWY SB,19.78,295,58.5,79,63.13333333333333,81,60.06666666666666,71,55.86666666666667,65,53.7,,,,
15:50:00,769847,210,E,ML,34.211728,-118.228265,OCEAN VIEW,18.18,313,68.76666666666667,133,71.3,90,68.63333333333334,57,65.73333333333333,33,64.1,,,,
15:50:00,769866,210,E,ML,34.218398,-118.239738,LA CRESCENTA,17.38,608,57.56666666666666,168,62.13333333333333,134,57.26666666666667,153,61.26666666666667,154,48.833333333333336,,,,
15:50:00,769880,210,E,ML,34.221426,-118.245718,PENNSYLVANIA,16.98,539,56.26666666666667,115,61.2,151,57.3,132,61.0,141,50.133333333333326,,,,
15:50:00,769895,210,E,ML,34.230849,-118.265101,LOWELL / HONOLULU,15.68,482,63.833333333333336,142,65.83333333333333,136,63.93333333333334,117,63.26666666666667,86,61.73333333333333,,,,
15:50:00,769984,210,E,ML,34.202989,-118.191827,GOULD,20.4,335,63.66666666666666,90,68.66666666666667,91,65.36666666666667,80,61.06666666666666,74,58.26666666666667,,,,
15:50:00,770116,210,E,ML,34.234317,-118.286992,LA TUNA CANYON,14.39,306,63.5,99,68.5,94,65.43333333333334,69,58.4,44,57.8,,,,
15:50:00,770385,210,E,ML,34.206925,-118.21372,EB/NB 2 TO EB 210 CN,19.08,358,63.66666666666666,123,70.7,100,64.5,65,56.56666666666666,70,57.26666666666667,,,,
15:50:00,770578,210,E,ML,34.156489,-118.158295,WINONA WAY,24.442,225,50.76666666666667,144,47.66666666666666,81,56.333333333333336,,,,,,,,
15:55:00,717617,210,E,ML,34.179921,-118.167405,ARROYO,22.6,261,61.6,68,66.63333333333333,72,63.333333333333336,63,59.36666666666667,58,56.333333333333336,,,,
15:55:00,717620,210,E,ML,34.174756,-118.160407,LINCOLN 1,23.14,278,64.83333333333333,80,69.7,79,66.83333333333333,61,62.1,59,59.8,,,,
15:55:00,717625,210,E,ML,34.160546,-118.158748,MOUNTAIN 2,24.16,290,47.46666666666667,77,63.93333333333334,96,50.0,63,44.6,54,26.366666666666664,,,,
15:55:00,717628,210,E,ML,34.152216,-118.156144,WALNUT,24.81,77,55.9,77,55.9,,,,,,,,,,
15:55:00,717631,210,E,ML,34.15099,-118.152369,FAIR OAKS 1,25.12,123,61.0,26,66.1,37,62.79999999999999,33,59.6,27,55.5,,,,
15:55:00,717633,210,E,ML,34.151691,-118.142523,MARENGO,25.72,624,40.5,106,44.0,123,42.5,107,41.4,110,39.8,100,37.1,78,37.1
15:55:00,717635,210,E,ML,34.151658,-118.12944,LAKE 2,26.47,611,53.23333333333333,116,58.6,123,53.7,118,54.43333333333334,107,50.73333333333333,147,49.43333333333334,,
15:55:00,717638,210,E,ML,34.152187,-118.117782,HILL 1,27.14,609,45.26666666666667,132,33.56666666666667,129,31.366666666666664,122,70.89999999999999,110,68.93333333333334,116,24.666666666666668,,
15:55:00,717640,210,E,ML,34.152301,-118.109239,ALLEN,27.63,611,37.5,111,32.13333333333333,127,37.26666666666667,130,38.63333333333333,121,38.46666666666666,121,39.96666666666667,,
15:55:00,717646,210,E,ML,34.151406,-118.091041,SAN GABRIEL,28.68,484,23.96666666666667,96,18.266666666666666,97,18.9,81,19.83333333333333,92,32.06666666666667,118,29.33333333333333,,
15:55:00,717650,210,E,ML,34.147621,-118.079037,SIERRA MADRE V2,29.44,432,16.400000000000002,97,17.633333333333333,96,17.366666666666667,94,15.633333333333333,67,11.533333333333331,77,19.133333333333336,,
15:55:00,761093,210,E,HV,34.151691,-118.142523,MARENGO,25.72,122,61.0,122,61.0,,,,,,,,,,
15:55:00,761098,210,E,HV,34.151658,-118.12944,LAKE 2,26.47,122,61.0,122,61.0,,,,,,,,,,
15:55:00,761102,210,E,HV,34.152187,-118.117782,HILL 1,27.14,111,63.3,111,63.3,,,,,,,,,,
15:55:00,761105,210,E,HV,34.152301,-118.109239,ALLEN,27.63,130,33.300000000000004,130,33.300000000000004,,,,,,,,,,
15:55:00,761109,210,E,HV,34.151406,-118.091041,SAN GABRIEL,28.68,90,14.133333333333333,90,14.133333333333333,,,,,,,,,,
15:55:00,761112,210,E,HV,34.147621,-118.079037,SIERRA MADRE V2,29.44,93,16.066666666666666,93,16.066666666666666,,,,,,,,,,
15:55:00,763614,210,E,HV,34.15099,-118.152369,FAIR OAKS 1,25.12,122,61.0,122,61.0,,,,,,,,,,
15:55:00,769788,210,E,ML,34.189219,-118.180753,BERKSHIRE,21.58,303,64.1,80,69.26666666666667,83,65.93333333333334,72,61.43333333333334,67,58.63333333333333,,,,
15:55:00,769806,210,E,ML,34.196934,-118.185042,FOOTHILL,20.98,297,71.0,72,74.03333333333333,91,69.06666666666666,82,76.06666666666668,53,62.23333333333333,,,,
15:55:00,769819,210,E,ML,34.205892,-118.198234,ANGELES CREST HWY NB,19.98,123,61.0,26,66.1,37,62.79999999999999,33,59.6,27,55.5,,,,
15:55:00,769831,210,E,ML,34.206745,-118.201533,ANGELES CREST HWY SB,19.78,290,60.63333333333333,77,65.46666666666667,80,62.3,69,57.9,64,55.53333333333333,,,,
15:55:00,769847,210,E,ML,34.211728,-118.228265,OCEAN VIEW,18.18,303,68.66666666666667,119,71.43333333333334,92,68.86666666666667,63,64.2,30,66.2,,,,
15:55:00,769866,210,E,ML,34.218398,-118.239738,LA CRESCENTA,17.38,609,55.8,143,60.5,144,55.3,145,59.36666666666667,177,49.93333333333334,,,,
15:55:00,769880,210,E,ML,34.221426,-118.245718,PENNSYLVANIA,16.98,563,53.13333333333333,113,57.2,153,54.2,149,57.43333333333334,147,47.13333333333333,,,,
15:55:00,769895,210,E,ML,34.230849,-118.265101,LOWELL / HONOLULU,15.68,496,62.13333333333333,144,64.06666666666666,137,62.16666666666666,120,62.833333333333336,95,58.43333333333334,,,,
15:55:00,769984,210,E,ML,34.202989,-118.191827,GOULD,20.4,305,64.1,81,69.16666666666667,83,65.86666666666666,73,61.46666666666666,68,58.63333333333333,,,,
15:55:00,770116,210,E,ML,34.234317,-118.286992,LA TUNA CANYON,14.39,289,62.36666666666667,92,66.89999999999999,89,64.16666666666667,66,57.73333333333333,42,57.5,,,,
15:55:00,770385,210,E,ML,34.206925,-118.21372,EB/NB 2 TO EB 210 CN,19.08,342,64.83333333333333,113,71.23333333333333,93,65.43333333333334,72,59.53333333333333,63,58.53333333333333,,,,
15:55:00,770578,210,E,ML,34.156489,-118.158295,WINONA WAY,24.442,210,50.06666666666666,134,48.1,76,53.4,,,,,,,,
16:00:00,717617,210,E,ML,34.179921,-118.167405,ARROYO,22.6,234,61.56666666666666,60,66.53333333333333,66,63.26666666666667,57,59.333333333333336,51,56.3,,,,
16:00:00,717620,210,E,ML,34.174756,-118.160407,LINCOLN 1,23.14,232,64.60000000000001,64,69.76666666666667,66,66.76666666666667,50,57.16666666666666,52,63.6,,,,
16:00:00,717625,210,E,ML,34.160546,-118.158748,MOUNTAIN 2,24.16,265,48.46666666666667,74,59.8,90,51.86666666666667,61,46.03333333333333,40,25.1,,,,
16:00:00,717628,210,E,ML,34.152216,-118.156144,WALNUT,24.81,81,49.1,81,49.1,,,,,,,,,,
16:00:00,717631,210,E,ML,34.15099,-118.152369,FAIR OAKS 1,25.12,121,61.0,25,66.1,37,62.79999999999999,32,59.6,27,55.5,,,,
16:00:00,717633,210,E,ML,34.151691,-118.142523,MARENGO,25.72,618,40.9,105,44.4,122,43.0,106,41.8,109,40.2,99,37.4,77,37.4
16:00:00,717635,210,E,ML,34.151658,-118.12944,LAKE 2,26.47,588,54.16666666666666,112,59.56666666666666,117,54.833333333333336,114,55.3,103,51.73333333333333,142,50.2,,
16:00:00,717638,210,E,ML,34.152187,-118.117782,HILL 1,27.14,593,46.73333333333333,125,36.03333333333333,132,34.13333333333333,117,71.10000000000001,105,68.76666666666667,114,27.2,,
16:00:00,717640,210,E,ML,34.152301,-118.109239,ALLEN,27.63,594,37.16666666666666,109,33.6,127,37.43333333333333,125,38.36666666666667,118,37.36666666666667,115,38.66666666666666,,
16:00:00,717646,210,E,ML,34.151406,-118.091041,SAN GABRIEL,28.68,504,21.7,97,16.8,103,17.400000000000002,90,19.066666666666663,92,28.5,122,25.96666666666667,,
16:00:00,717650,210,E,ML,34.147621,-118.079037,SIERRA MADRE V2,29.44,428,16.099999999999998,101,17.5,95,16.466666666666665,93,16.46666666666667,63,10.666666666666666,76,18.33333333333333,,
16:00:00,761093,210,E,HV,34.151691,-118.142523,MARENGO,25.72,121,61.0,121,61.0,,,,,,,,,,
16:00:00,761098,210,E,HV,34.151658,-118.12944,LAKE 2,26.47,121,61.0,121,61.0,,,,,,,,,,
16:00:00,761102,210,E,HV,34.152187,-118.117782,HILL 1,27.14,111,63.79999999999999,111,63.79999999999999,,,,,,,,,,
16:00:00,761105,210,E,HV,34.152301,-118.109239,ALLEN,27.63,128,32.73333333333333,128,32.73333333333333,,,,,,,,,,
16:00:00,761109,210,E,HV,34.151406,-118.091041,SAN GABRIEL,28.68,102,13.166666666666666,102,13.166666666666666,,,,,,,,,,
16:00:00,761112,210,E,HV,34.147621,-118.079037,SIERRA MADRE V2,29.44,106,17.03333333333333,106,17.03333333333333,,,,,,,,,,
16:00:00,763614,210,E,HV,34.15099,-118.152369,FAIR OAKS 1,25.12,121,61.0,121,61.0,,,,,,,,,,
16:00:00,769788,210,E,ML,34.189219,-118.180753,BERKSHIRE,21.58,333,64.03333333333333,89,69.10000000000001,91,65.83333333333333,79,61.36666666666667,74,58.53333333333333,,,,
16:00:00,769806,210,E,ML,34.196934,-118.185042,FOOTHILL,20.98,349,68.2,84,71.3,106,68.66666666666667,77,71.60000000000001,82,60.93333333333333,,,,
16:00:00,769819,210,E,ML,34.205892,-118.198234,ANGELES CREST HWY NB,19.98,121,61.0,25,66.1,37,62.79999999999999,32,59.6,27,55.5,,,,
16:00:00,769831,210,E,ML,34.206745,-118.201533,ANGELES CREST HWY SB,19.78,305,63.73333333333333,82,68.73333333333333,84,65.5,73,61.1,66,58.333333333333336,,,,
16:00:00,769847,210,E,ML,34.211728,-118.228265,OCEAN VIEW,18.18,319,68.16666666666667,123,70.63333333333334,97,69.2,64,63.833333333333336,35,64.43333333333334,,,,
16:00:00,769866,210,E,ML,34.218398,-118.239738,LA CRESCENTA,17.38,605,56.4,147,59.86666666666667,143,55.6,147,59.76666666666667,167,51.2,,,,
16:00:00,769880,210,E,ML,34.221426,-118.245718,PENNSYLVANIA,16.98,537,51.5,103,54.8,151,52.8,141,56.13333333333333,142,45.3,,,,
16:00:00,769895,210,E,ML,34.230849,-118.265101,LOWELL / HONOLULU,15.68,480,61.4,139,63.63333333333333,135,61.833333333333336,115,60.5,91,58.7,,,,
16:00:00,769984,210,E,ML,34.202989,-118.191827,GOULD,20.4,334,64.03333333333333,90,69.06666666666666,92,65.7,79,61.46666666666667,74,58.6,,,,
16:00:00,770116,210,E,ML,34.234317,-118.286992,LA TUNA CANYON,14.39,286,62.2,91,66.66666666666667,88,64.0,65,57.5,42,57.43333333333334,,,,
16:00:00,770385,210,E,ML,34.206925,-118.21372,EB/NB 2 TO EB 210 CN,19.08,359,67.3,121,70.73333333333333,97,67.43333333333334,70,66.39999999999999,71,62.13333333333333,,,,
16:00:00,770578,210,E,ML,34.156489,-118.158295,WINONA WAY,24.442,232,46.4,152,47.23333333333333,80,44.96666666666667,,,,,,,,
16:05:00,717617,210,E,ML,34.179921,-118.167405,ARROYO,22.6,223,61.8,56,66.83333333333333,62,63.53333333333333,55,59.56666666666666,49,56.5,,,,
16:05:00,717620,210,E,ML,34.174756,-118.160407,LINCOLN 1,23.14,232,64.46666666666665,73,70.39999999999999,56,67.13333333333334,53,57.26666666666667,50,61.66666666666666,,,,
16:05:00,717625,210,E,ML,34.160546,-118.158748,MOUNTAIN 2,24.16,276,47.0,67,58.53333333333334,99,51.26666666666667,64,44.8,46,25.133333333333336,,,,
16:05:00,717628,210,E,ML,34.152216,-118.156144,WALNUT,24.81,67,45.2,67,45.2,,,,,,,,,,
16:05:00,717631,210,E,ML,34.15099,-118.152369,FAIR OAKS 1,25.12,123,61.0,26,66.1,37,62.79999999999999,33,59.6,27,55.5,,,,
16:05:00,717633,210,E,ML,34.151691,-118.142523,MARENGO,25.72,623,40.3,105,43.70000000000001,123,42.3,107,41.2,110,39.6,100,36.9,78,36.9
16:05:00,717635,210,E,ML,34.151658,-118.12944,LAKE 2,26.47,585,54.6,111,60.06666666666666,117,55.06666666666666,113,55.8,103,52.3,142,50.63333333333333,,
16:05:00,717638,210,E,ML,34.152187,-118.117782,HILL 1,27.14,584,47.16666666666666,129,36.6,126,35.46666666666667,113,71.36666666666666,111,69.13333333333334,106,25.166666666666668,,
16:05:00,717640,210,E,ML,34.152301,-118.109239,ALLEN,27.63,577,33.333333333333336,103,25.7,124,33.13333333333333,123,35.56666666666666,116,34.233333333333334,111,37.03333333333333,,
16:05:00,717646,210,E,ML,34.151406,-118.091041,SAN GABRIEL,28.68,516,20.83333333333333,108,17.733333333333334,105,17.466666666666665,93,18.3,88,24.5,122,25.33333333333333,,
16:05:00,717650,210,E,ML,34.147621,-118.079037,SIERRA MADRE V2,29.44,420,15.3,101,16.266666666666666,94,15.233333333333334,94,16.5,62,10.333333333333334,68,17.099999999999998,,
16:05:00,761093,210,E,HV,34.151691,-118.142523,MARENGO,25.72,122,61.0,122,61.0,,,,,,,,,,
16:05:00,761098,210,E,HV,34.151658,-118.12944,LAKE 2,26.47,122,61.0,122,61.0,,,,,,,,,,
16:05:00,761102,210,E,HV,34.152187,-118.117782,HILL 1,27.14,119,64.06666666666666,119,64.06666666666666,,,,,,,,,,
16:05:00,761105,210,E,HV,34.152301,-118.109239,ALLEN,27.63,118,30.7,118,30.7,,,,,,,,,,
16:05:00,761109,210,E,HV,34.151406,-118.091041,SAN GABRIEL,28.68,108,15.333333333333334,108,15.333333333333334,,,,,,,,,,
16:05:00,761112,210,E,HV,34.147621,-118.079037,SIERRA MADRE V2,29.44,103,15.966666666666669,103,15.966666666666669,,,,,,,,,,
16:05:00,763614,210,E,HV,34.15099,-118.152369,FAIR OAKS 1,25.12,122,61.0,122,61.0,,,,,,,,,,
16:05:00,769788,210,E,ML,34.189219,-118.180753,BERKSHIRE,21.58,317,65.2,85,70.39999999999999,87,67.13333333333334,76,62.36666666666667,70,59.5,,,,
16:05:00,769806,210,E,ML,34.196934,-118.185042,FOOTHILL,20.98,339,67.63333333333334,78,71.0,113,67.63333333333334,85,66.0,63,66.10000000000001,,,,
16:05:00,769819,210,E,ML,34.205892,-118.198234,ANGELES CREST HWY NB,19.98,123,61.0,26,66.1,37,62.79999999999999,33,59.6,27,55.5,,,,
16:05:00,769831,210,E,ML,34.206745,-118.201533,ANGELES CREST HWY SB,19.78,310,64.53333333333333,82,69.60000000000001,85,66.33333333333333,74,61.86666666666667,69,59.0,,,,
16:05:00,769847,210,E,ML,34.211728,-118.228265,OCEAN VIEW,18.18,305,68.2,111,70.2,94,68.3,65,65.53333333333333,35,66.03333333333333,,,,
16:05:00,769866,210,E,ML,34.218398,-118.239738,LA CRESCENTA,17.38,531,58.23333333333333,123,59.133333333333326,118,56.13333333333333,141,63.16666666666666,150,53.8,,,,
16:05:00,769880,210,E,ML,34.221426,-118.245718,PENNSYLVANIA,16.98,526,51.633333333333326,103,55.1,145,53.3,137,56.73333333333333,141,44.93333333333334,,,,
16:05:00,769895,210,E,ML,34.230849,-118.265101,LOWELL / HONOLULU,15.68,471,61.8,140,64.60000000000001,131,62.26666666666667,109,60.36666666666667,92,59.133333333333326,,,,
16:05:00,769984,210,E,ML,34.202989,-118.191827,GOULD,20.4,317,65.2,85,70.39999999999999,87,67.0,76,62.43333333333334,70,59.56666666666666,,,,
16:05:00,770116,210,E,ML,34.234317,-118.286992,LA TUNA CANYON,14.39,278,62.0,88,66.43333333333334,86,63.8,63,57.3,41,57.36666666666667,,,,
16:05:00,770385,210,E,ML,34.206925,-118.21372,EB/NB 2 TO EB 210 CN,19.08,355,67.89999999999999,115,70.43333333333334,85,66.7,79,67.73333333333333,76,64.96666666666667,,,,
16:05:00,770578,210,E,ML,34.156489,-118.158295,WINONA WAY,24.442,207,44.8,144,46.96666666666667,63,40.1,,,,,,,,
16:10:00,717617,210,E,ML,34.179921,-118.167405,ARROYO,22.6,254,61.2,66,66.16666666666667,71,62.93333333333334,62,59.0,56,56.0,,,,
16:10:00,717620,210,E,ML,34.174756,-118.160407,LINCOLN 1,23.14,265,64.23333333333333,74,70.16666666666667,65,66.33333333333333,60,59.333333333333336,66,60.73333333333333,,,,
16:10:00,717625,210,E,ML,34.160546,-118.158748,MOUNTAIN 2,24.16,272,48.2,77,59.4,84,52.96666666666667,58,46.26666666666667,53,26.6,,,,
16:10:00,717628,210,E,ML,34.152216,-118.156144,WALNUT,24.81,77,43.46666666666667,77,43.46666666666667,,,,,,,,,,
16:10:00,717631,210,E,ML,34.15099,-118.152369,FAIR OAKS 1,25.12,123,60.9,26,66.0,37,62.70000000000001,33,59.5,27,55.4,,,,
16:10:00,717633,210,E,ML,34.151691,-118.142523,MARENGO,25.72,621,40.2,105,43.6,123,42.2,107,41.1,109,39.5,100,36.8,77,36.8
16:10:00,717635,210,E,ML,34.151658,-118.12944,LAKE 2,26.47,538,52.96666666666667,103,58.5,107,53.06666666666666,104,54.26666666666667,94,50.56666666666666,131,49.333333333333336,,
16:10:00,717638,210,E,ML,34.152187,-118.117782,HILL 1,27.14,538,44.3,114,31.3,122,30.83333333333333,104,71.06666666666666,101,69.3,97,21.6,,
16:10:00,717640,210,E,ML,34.152301,-118.109239,ALLEN,27.63,564,32.4,101,22.33333333333333,114,31.46666666666667,122,34.2,115,34.9,112,38.1,,
16:10:00,717646,210,E,ML,34.151406,-118.091041,SAN GABRIEL,28.68,437,18.26666666666667,85,14.3,85,14.733333333333334,69,14.7,82,21.633333333333336,117,23.433333333333334,,
16:10:00,717650,210,E,ML,34.147621,-118.079037,SIERRA MADRE V2,29.44,416,14.933333333333332,96,16.366666666666667,96,15.9,92,15.3,61,9.266666666666667,71,16.599999999999998,,
16:10:00,761093,210,E,HV,34.151691,-118.142523,MARENGO,25.72,122,60.9,122,60.9,,,,,,,,,,
16:10:00,761098,210,E,HV,34.151658,-118.12944,LAKE 2,26.47,122,60.9,122,60.9,,,,,,,,,,
16:10:00,761102,210,E,HV,34.152187,-118.117782,HILL 1,27.14,110,63.9,110,63.9,,,,,,,,,,
16:10:00,761105,210,E,HV,34.152301,-118.109239,ALLEN,27.63,119,31.53333333333333,119,31.53333333333333,,,,,,,,,,
16:10:00,761109,210,E,HV,34.151406,-118.091041,SAN GABRIEL,28.68,89,13.333333333333334,89,13.333333333333334,,,,,,,,,,
16:10:00,761112,210,E,HV,34.147621,-118.079037,SIERRA MADRE V2,29.44,98,14.666666666666666,98,14.666666666666666,,,,,,,,,,
16:10:00,763614,210,E,HV,34.15099,-118.152369,FAIR OAKS 1,25.12,122,60.9,122,60.9,,,,,,,,,,
16:10:00,769788,210,E,ML,34.189219,-118.180753,BERKSHIRE,21.58,282,63.93333333333334,75,69.13333333333333,78,65.8,68,61.13333333333333,62,58.46666666666667,,,,
16:10:00,769806,210,E,ML,34.196934,-118.185042,FOOTHILL,20.98,301,67.96666666666665,71,71.10000000000001,97,67.73333333333333,73,64.36666666666666,60,68.10000000000001,,,,
16:10:00,769819,210,E,ML,34.205892,-118.198234,ANGELES CREST HWY NB,19.98,123,60.9,26,66.0,37,62.70000000000001,33,59.5,27,55.4,,,,
16:10:00,769831,210,E,ML,34.206745,-118.201533,ANGELES CREST HWY SB,19.78,301,62.26666666666667,80,67.3,82,64.03333333333333,72,59.5,67,57.0,,,,
16:10:00,769847,210,E,ML,34.211728,-118.228265,OCEAN VIEW,18.18,290,69.39999999999999,106,70.66666666666667,93,68.96666666666667,64,70.33333333333333,27,62.4,,,,
16:10:00,769866,210,E,ML,34.218398,-118.239738,LA CRESCENTA,17.38,567,58.03333333333333,137,58.833333333333336,129,55.86666666666667,140,62.86666666666667,162,54.6,,,,
16:10:00,769880,210,E,ML,34.221426,-118.245718,PENNSYLVANIA,16.98,519,50.73333333333333,105,53.333333333333336,148,52.73333333333333,128,55.86666666666667,138,44.333333333333336,,,,
16:10:00,769895,210,E,ML,34.230849,-118.265101,LOWELL / HONOLULU,15.68,446,62.133333333333326,132,64.76666666666667,126,62.633333333333326,108,60.866666666666674,79,59.26666666666667,,,,
16:10:00,769984,210,E,ML,34.202989,-118.191827,GOULD,20.4,284,63.9,75,69.03333333333335,78,65.7,68,61.16666666666666,63,58.5,,,,
16:10:00,770116,210,E,ML,34.234317,-118.286992,LA TUNA CANYON,14.39,279,62.5,89,67.10000000000001,86,64.33333333333333,63,57.86666666666667,41,57.56666666666666,,,,
16:10:00,770385,210,E,ML,34.206925,-118.21372,EB/NB 2 TO EB 210 CN,19.08,334,67.36666666666666,103,70.5,85,67.60000000000001,81,68.3,65,60.63333333333333,,,,
16:10:00,770578,210,E,ML,34.156489,-118.158295,WINONA WAY,24.442,217,44.13333333333333,141,47.53333333333333,76,38.0,,,,,,,,
16:15:00,717617,210,E,ML,34.179921,-118.167405,ARROYO,22.6,254,61.833333333333336,65,66.86666666666666,71,63.6,62,59.6,56,56.53333333333334,,,,
16:15:00,717620,210,E,ML,34.174756,-118.160407,LINCOLN 1,23.14,259,65.86666666666666,81,71.7,67,67.3,55,62.333333333333336,56,59.833333333333336,,,,
16:15:00,717625,210,E,ML,34.160546,-118.158748,MOUNTAIN 2,24.16,284,47.866666666666674,72,59.43333333333334,89,53.23333333333333,60,46.03333333333334,63,29.433333333333334,,,,
16:15:00,717628,210,E,ML,34.152216,-118.156144,WALNUT,24.81,69,41.8,69,41.8,,,,,,,,,,
16:15:00,717631,210,E,ML,34.15099,-118.152369,FAIR OAKS 1,25.12,123,60.70000000000001,26,65.8,37,62.5,33,59.29999999999999,27,55.20000000000001,,,,
16:15:00,717633,210,E,ML,34.151691,-118.142523,MARENGO,25.72,624,39.4,106,42.79999999999999,123,41.4,107,40.3,110,38.7,100,36.1,78,36.1
16:15:00,717635,210,E,ML,34.151658,-118.12944,LAKE 2,26.47,542,52.36666666666667,104,57.73333333333333,107,52.66666666666666,105,53.66666666666666,95,49.833333333333336,132,48.66666666666666,,
16:15:00,717638,210,E,ML,34.152187,-118.117782,HILL 1,27.14,540,43.13333333333333,110,28.6,119,28.433333333333334,107,71.16666666666667,100,69.10000000000001,105,21.23333333333333,,
16:15:00,717640,210,E,ML,34.152301,-118.109239,ALLEN,27.63,516,27.933333333333334,91,18.666666666666668,104,26.7,114,28.5,97,30.0,110,34.233333333333334,,
16:15:00,717646,210,E,ML,34.151406,-118.091041,SAN GABRIEL,28.68,506,19.2,106,15.5,102,15.933333333333332,86,16.366666666666667,93,24.166666666666668,119,23.23333333333333,,
16:15:00,717650,210,E,ML,34.147621,-118.079037,SIERRA MADRE V2,29.44,456,17.166666666666668,108,18.933333333333334,100,17.466666666666665,94,16.366666666666667,77,12.833333333333334,76,20.066666666666663,,
16:15:00,761093,210,E,HV,34.151691,-118.142523,MARENGO,25.72,122,60.70000000000001,122,60.70000000000001,,,,,,,,,,
16:15:00,761098,210,E,HV,34.151658,-118.12944,LAKE 2,26.47,122,60.70000000000001,122,60.70000000000001,,,,,,,,,,
16:15:00,761102,210,E,HV,34.152187,-118.117782,HILL 1,27.14,103,63.96666666666666,103,63.96666666666666,,,,,,,,,,
16:15:00,761105,210,E,HV,34.152301,-118.109239,ALLEN,27.63,115,28.9,115,28.9,,,,,,,,,,
16:15:00,761109,210,E,HV,34.151406,-118.091041,SAN GABRIEL,28.68,105,14.8,105,14.8,,,,,,,,,,
16:15:00,761112,210,E,HV,34.147621,-118.079037,SIERRA MADRE V2,29.44,115,17.966666666666665,115,17.966666666666665,,,,,,,,,,
16:15:00,763614,210,E,HV,34.15099,-118.152369,FAIR OAKS 1,25.12,122,60.70000000000001,122,60.70000000000001,,,,,,,,,,
16:15:00,769788,210,E,ML,34.189219,-118.180753,BERKSHIRE,21.58,317,64.93333333333334,85,70.10000000000001,87,66.8,76,62.1,70,59.26666666666667,,,,
16:15:00,769806,210,E,ML,34.196934,-118.185042,FOOTHILL,20.98,315,67.8,75,70.33333333333333,98,68.39999999999999,85,65.5,57,65.23333333333333,,,,
16:15:00,769819,210,E,ML,34.205892,-118.198234,ANGELES CREST HWY NB,19.98,123,60.70000000000001,26,65.8,37,62.5,33,59.29999999999999,27,55.20000000000001,,,,
16:15:00,769831,210,E,ML,34.206745,-118.201533,ANGELES CREST HWY SB,19.78,316,61.36666666666667,84,66.33333333333333,87,63.1,75,58.66666666666666,70,56.16666666666666,,,,
16:15:00,769847,210,E,ML,34.211728,-118.228265,OCEAN VIEW,18.18,315,68.0,122,70.4,97,68.26666666666667,60,67.16666666666667,36,60.0,,,,
16:15:00,769866,210,E,ML,34.218398,-118.239738,LA CRESCENTA,17.38,590,56.13333333333333,147,58.8,149,56.76666666666666,130,58.0,164,51.46666666666667,,,,
16:15:00,769880,210,E,ML,34.221426,-118.245718,PENNSYLVANIA,16.98,545,52.20000000000001,113,56.46666666666667,145,54.1,142,56.53333333333333,145,45.53333333333333,,,,
16:15:00,769895,210,E,ML,34.230849,-118.265101,LOWELL / HONOLULU,15.68,473,62.53333333333333,140,65.33333333333333,129,63.43333333333334,113,61.4,92,58.43333333333334,,,,
16:15:00,769984,210,E,ML,34.202989,-118.191827,GOULD,20.4,317,64.89999999999999,85,70.06666666666668,87,66.7,76,62.16666666666666,70,59.3,,,,
16:15:00,770116,210,E,ML,34.234317,-118.286992,LA TUNA CANYON,14.39,281,62.86666666666667,89,67.53333333333333,87,64.66666666666667,64,58.23333333333333,41,57.66666666666666,,,,
16:15:00,770385,210,E,ML,34.206925,-118.21372,EB/NB 2 TO EB 210 CN,19.08,377,65.89999999999999,117,70.56666666666666,100,66.76666666666667,88,66.10000000000001,72,54.7,,,,
16:15:00,770578,210,E,ML,34.156489,-118.158295,WINONA WAY,24.442,190,45.1,123,50.16666666666666,66,35.9,,,,,,,,
16:20:00,717617,210,E,ML,34.179921,-118.167405,ARROYO,22.6,230,61.53333333333333,59,66.53333333333333,65,63.23333333333333,56,59.3,50,56.26666666666667,,,,
16:20:00,717620,210,E,ML,34.174756,-118.160407,LINCOLN 1,23.14,254,65.43333333333334,78,70.76666666666667,73,66.86666666666666,52,59.26666666666667,51,63.1,,,,
16:20:00,717625,210,E,ML,34.160546,-118.158748,MOUNTAIN 2,24.16,256,48.36666666666667,70,58.866666666666674,83,52.93333333333334,46,46.96666666666667,57,31.33333333333333,,,,
16:20:00,717628,210,E,ML,34.152216,-118.156144,WALNUT,24.81,75,43.26666666666667,75,43.26666666666667,,,,,,,,,,
16:20:00,717631,210,E,ML,34.15099,-118.152369,FAIR OAKS 1,25.12,123,60.70000000000001,26,65.8,37,62.5,33,59.29999999999999,27,55.20000000000001,,,,
16:20:00,717633,210,E,ML,34.151691,-118.142523,MARENGO,25.72,626,38.8,106,42.1,124,40.7,108,39.6,110,38.1,100,35.5,78,35.5
16:20:00,717635,210,E,ML,34.151658,-118.12944,LAKE 2,26.47,544,51.43333333333334,104,56.8,108,51.63333333333333,105,52.76666666666667,95,48.833333333333336,132,47.9,,
16:20:00,717638,210,E,ML,34.152187,-118.117782,HILL 1,27.14,537,41.93333333333333,113,26.1,120,25.266666666666666,106,71.43333333333334,104,69.3,95,18.666666666666668,,
16:20:00,717640,210,E,ML,34.152301,-118.109239,ALLEN,27.63,529,27.133333333333336,105,19.83333333333333,109,25.5,108,27.266666666666666,103,28.866666666666664,105,34.4,,
16:20:00,717646,210,E,ML,34.151406,-118.091041,SAN GABRIEL,28.68,544,23.3,112,19.53333333333333,112,19.8,93,20.966666666666665,96,29.1,131,26.933333333333334,,
16:20:00,717650,210,E,ML,34.147621,-118.079037,SIERRA MADRE V2,29.44,422,15.6,97,17.03333333333333,96,16.166666666666668,90,15.3,65,11.0,74,17.900000000000002,,
16:20:00,761093,210,E,HV,34.151691,-118.142523,MARENGO,25.72,123,60.70000000000001,123,60.70000000000001,,,,,,,,,,
16:20:00,761098,210,E,HV,34.151658,-118.12944,LAKE 2,26.47,123,60.70000000000001,123,60.70000000000001,,,,,,,,,,
16:20:00,761102,210,E,HV,34.152187,-118.117782,HILL 1,27.14,104,63.9,104,63.9,,,,,,,,,,
16:20:00,761105,210,E,HV,34.152301,-118.109239,ALLEN,27.63,122,30.433333333333334,122,30.433333333333334,,,,,,,,,,
16:20:00,761109,210,E,HV,34.151406,-118.091041,SAN GABRIEL,28.68,103,15.333333333333334,103,15.333333333333334,,,,,,,,,,
16:20:00,761112,210,E,HV,34.147621,-118.079037,SIERRA MADRE V2,29.44,109,18.4,109,18.4,,,,,,,,,,
16:20:00,763614,210,E,HV,34.15099,-118.152369,FAIR OAKS 1,25.12,123,60.70000000000001,123,60.70000000000001,,,,,,,,,,
16:20:00,769788,210,E,ML,34.189219,-118.180753,BERKSHIRE,21.58,290,61.9,76,66.89999999999999,80,63.66666666666666,69,59.16666666666666,65,56.66666666666666,,,,
16:20:00,769806,210,E,ML,34.196934,-118.185042,FOOTHILL,20.98,326,64.83333333333333,74,65.8,114,68.89999999999999,78,65.23333333333333,61,55.63333333333333,,,,
16:20:00,769819,210,E,ML,34.205892,-118.198234,ANGELES CREST HWY NB,19.98,123,60.70000000000001,26,65.8,37,62.5,33,59.29999999999999,27,55.20000000000001,,,,
16:20:00,769831,210,E,ML,34.206745,-118.201533,ANGELES CREST HWY SB,19.78,269,60.03333333333333,70,64.86666666666666,74,61.7,64,57.36666666666667,60,55.06666666666666,,,,
16:20:00,769847,210,E,ML,34.211728,-118.228265,OCEAN VIEW,18.18,312,67.2,124,69.96666666666665,94,68.73333333333333,61,61.86666666666667,33,62.3,,,,
16:20:00,769866,210,E,ML,34.218398,-118.239738,LA CRESCENTA,17.38,602,56.2,157,58.76666666666667,142,56.63333333333333,153,59.06666666666666,150,49.96666666666667,,,,
16:20:00,769880,210,E,ML,34.221426,-118.245718,PENNSYLVANIA,16.98,528,54.0,107,61.56666666666667,148,55.23333333333333,131,57.1,142,46.93333333333333,,,,
16:20:00,769895,210,E,ML,34.230849,-118.265101,LOWELL / HONOLULU,15.68,448,63.56666666666666,132,65.56666666666666,124,64.23333333333333,107,63.26666666666667,86,60.29999999999999,,,,
16:20:00,769984,210,E,ML,34.202989,-118.191827,GOULD,20.4,291,61.86666666666667,77,66.89999999999999,79,63.63333333333333,70,59.3,65,56.73333333333333,,,,
16:20:00,770116,210,E,ML,34.234317,-118.286992,LA TUNA CANYON,14.39,283,63.3,90,68.10000000000001,87,65.13333333333333,64,58.66666666666666,41,57.833333333333336,,,,
16:20:00,770385,210,E,ML,34.206925,-118.21372,EB/NB 2 TO EB 210 CN,19.08,318,65.46666666666667,113,70.5,91,65.66666666666667,71,64.83333333333333,43,52.66666666666666,,,,
16:20:00,770578,210,E,ML,34.156489,-118.158295,WINONA WAY,24.442,200,45.1,128,49.4,73,37.73333333333333,,,,,,,,
16:25:00,717617,210,E,ML,34.179921,-118.167405,ARROYO,22.6,211,60.6,53,65.53333333333333,59,62.26666666666667,52,58.43333333333334,47,55.46666666666667,,,,
16:25:00,717620,210,E,ML,34.174756,-118.160407,LINCOLN 1,23.14,234,65.56666666666666,76,71.53333333333335,65,68.66666666666667,50,60.06666666666666,42,57.96666666666667,,,,
16:25:00,717625,210,E,ML,34.160546,-118.158748,MOUNTAIN 2,24.16,258,48.16666666666666,64,59.06666666666667,97,52.23333333333333,50,46.7,47,28.3,,,,
16:25:00,717628,210,E,ML,34.152216,-118.156144,WALNUT,24.81,68,43.1,68,43.1,,,,,,,,,,
16:25:00,717631,210,E,ML,34.15099,-118.152369,FAIR OAKS 1,25.12,123,60.70000000000001,26,65.8,37,62.5,33,59.29999999999999,27,55.20000000000001,,,,
16:25:00,717633,210,E,ML,34.151691,-118.142523,MARENGO,25.72,621,38.8,105,42.1,123,40.7,107,39.6,109,38.1,100,35.5,77,35.5
16:25:00,717635,210,E,ML,34.151658,-118.12944,LAKE 2,26.47,586,52.46666666666667,111,57.833333333333336,117,52.96666666666667,113,53.7,102,49.86666666666667,142,48.8,,
16:25:00,717638,210,E,ML,34.152187,-118.117782,HILL 1,27.14,578,44.0,121,29.53333333333333,122,28.83333333333333,117,71.06666666666666,109,69.13333333333334,109,22.6,,
16:25:00,717640,210,E,ML,34.152301,-118.109239,ALLEN,27.63,607,33.733333333333334,115,27.933333333333337,122,31.6,125,32.96666666666667,117,35.233333333333334,127,40.16666666666666,,
16:25:00,717646,210,E,ML,34.151406,-118.091041,SAN GABRIEL,28.68,497,21.433333333333334,98,18.2,97,16.966666666666665,86,18.966666666666665,93,26.933333333333334,122,24.9,,
16:25:00,717650,210,E,ML,34.147621,-118.079037,SIERRA MADRE V2,29.44,420,14.666666666666666,96,15.766666666666666,93,15.166666666666666,92,14.666666666666666,68,11.4,70,16.366666666666667,,
16:25:00,761093,210,E,HV,34.151691,-118.142523,MARENGO,25.72,123,60.70000000000001,123,60.70000000000001,,,,,,,,,,
16:25:00,761098,210,E,HV,34.151658,-118.12944,LAKE 2,26.47,123,60.70000000000001,123,60.70000000000001,,,,,,,,,,
16:25:00,761102,210,E,HV,34.152187,-118.117782,HILL 1,27.14,107,64.10000000000001,107,64.10000000000001,,,,,,,,,,
16:25:00,761105,210,E,HV,34.152301,-118.109239,ALLEN,27.63,129,33.266666666666666,129,33.266666666666666,,,,,,,,,,
16:25:00,761109,210,E,HV,34.151406,-118.091041,SAN GABRIEL,28.68,103,15.066666666666665,103,15.066666666666665,,,,,,,,,,
16:25:00,761112,210,E,HV,34.147621,-118.079037,SIERRA MADRE V2,29.44,94,15.4,94,15.4,,,,,,,,,,
16:25:00,763614,210,E,HV,34.15099,-118.152369,FAIR OAKS 1,25.12,123,60.70000000000001,123,60.70000000000001,,,,,,,,,,
16:25:00,769788,210,E,ML,34.189219,-118.180753,BERKSHIRE,21.58,298,61.8,79,66.76666666666667,82,63.5,71,59.03333333333333,66,56.56666666666666,,,,
16:25:00,769806,210,E,ML,34.196934,-118.185042,FOOTHILL,20.98,319,65.2,76,67.43333333333334,99,66.93333333333334,77,69.8,66,54.36666666666667,,,,
16:25:00,769819,210,E,ML,34.205892,-118.198234,ANGELES CREST HWY NB,19.98,123,60.70000000000001,26,65.8,37,62.5,33,59.29999999999999,27,55.20000000000001,,,,
16:25:00,769831,210,E,ML,34.206745,-118.201533,ANGELES CREST HWY SB,19.78,255,59.73333333333333,66,64.63333333333334,70,61.43333333333334,61,57.06666666666666,57,54.63333333333333,,,,
16:25:00,769847,210,E,ML,34.211728,-118.228265,OCEAN VIEW,18.18,293,67.60000000000001,113,70.3,88,68.26666666666667,58,63.9,34,61.93333333333334,,,,
16:25:00,769866,210,E,ML,34.218398,-118.239738,LA CRESCENTA,17.38,565,56.76666666666667,140,58.833333333333336,133,57.7,136,59.76666666666667,156,51.5,,,,
16:25:00,769880,210,E,ML,34.221426,-118.245718,PENNSYLVANIA,16.98,531,54.56666666666667,106,63.46666666666667,146,55.0,134,58.1,145,46.53333333333333,,,,
16:25:00,769895,210,E,ML,34.230849,-118.265101,LOWELL / HONOLULU,15.68,458,63.333333333333336,139,65.89999999999999,127,64.2,106,62.03333333333333,87,60.26666666666667,,,,
16:25:00,769984,210,E,ML,34.202989,-118.191827,GOULD,20.4,299,61.8,80,66.73333333333333,82,63.5,72,59.16666666666666,66,56.63333333333333,,,,
16:25:00,770116,210,E,ML,34.234317,-118.286992,LA TUNA CANYON,14.39,281,63.0,89,67.7,87,64.8,64,58.333333333333336,41,57.73333333333333,,,,
16:25:00,770385,210,E,ML,34.206925,-118.21372,EB/NB 2 TO EB 210 CN,19.08,301,65.36666666666666,107,70.89999999999999,74,65.83333333333333,66,63.2,55,56.9,,,,
16:25:00,770578,210,E,ML,34.156489,-118.158295,WINONA WAY,24.442,227,46.13333333333333,163,49.06666666666666,65,37.5,,,,,,,,
16:30:00,717617,210,E,ML,34.179921,-118.167405,ARROYO,22.6,222,58.66666666666666,56,63.4,62,60.23333333333333,54,56.56666666666666,49,53.8,,,,
16:30:00,717620,210,E,ML,34.174756,-118.160407,LINCOLN 1,23.14,224,63.63333333333333,70,70.4,53,66.63333333333334,55,59.43333333333334,46,55.4,,,,
16:30:00,717625,210,E,ML,34.160546,-118.158748,MOUNTAIN 2,24.16,259,46.96666666666667,67,57.96666666666667,91,52.46666666666667,44,45.5,57,27.566666666666663,,,,
16:30:00,717628,210,E,ML,34.152216,-118.156144,WALNUT,24.81,65,40.16666666666666,65,40.16666666666666,,,,,,,,,,
16:30:00,717631,210,E,ML,34.15099,-118.152369,FAIR OAKS 1,25.12,123,60.70000000000001,26,65.8,37,62.5,33,59.29999999999999,27,55.20000000000001,,,,
16:30:00,717633,210,E,ML,34.151691,-118.142523,MARENGO,25.72,618,38.0,105,41.2,122,39.9,106,38.8,109,37.3,99,34.8,77,34.8
16:30:00,717635,210,E,ML,34.151658,-118.12944,LAKE 2,26.47,605,53.5,115,58.8,121,54.26666666666667,117,54.7,106,51.03333333333333,146,49.56666666666666,,
16:30:00,717638,210,E,ML,34.152187,-118.117782,HILL 1,27.14,604,45.0,133,32.733333333333334,132,31.899999999999995,115,70.86666666666667,109,68.96666666666667,116,26.066666666666663,,
16:30:00,717640,210,E,ML,34.152301,-118.109239,ALLEN,27.63,587,33.266666666666666,110,28.633333333333336,119,31.9,126,32.2,114,33.9,118,39.36666666666667,,
16:30:00,717646,210,E,ML,34.151406,-118.091041,SAN GABRIEL,28.68,537,21.9,109,18.166666666666668,104,17.099999999999998,98,19.73333333333333,98,27.566666666666663,128,25.9,,
16:30:00,717650,210,E,ML,34.147621,-118.079037,SIERRA MADRE V2,29.44,455,16.833333333333332,108,18.3,98,17.6,98,17.599999999999998,75,12.8,75,17.400000000000002,,
16:30:00,761093,210,E,HV,34.151691,-118.142523,MARENGO,25.72,122,60.70000000000001,122,60.70000000000001,,,,,,,,,,
16:30:00,761098,210,E,HV,34.151658,-118.12944,LAKE 2,26.47,122,60.70000000000001,122,60.70000000000001,,,,,,,,,,
16:30:00,761102,210,E,HV,34.152187,-118.117782,HILL 1,27.14,112,64.0,112,64.0,,,,,,,,,,
16:30:00,761105,210,E,HV,34.152301,-118.109239,ALLEN,27.63,126,32.733333333333334,126,32.733333333333334,,,,,,,,,,
16:30:00,761109,210,E,HV,34.151406,-118.091041,SAN GABRIEL,28.68,101,14.833333333333334,101,14.833333333333334,,,,,,,,,,
16:30:00,761112,210,E,HV,34.147621,-118.079037,SIERRA MADRE V2,29.44,103,16.766666666666666,103,16.766666666666666,,,,,,,,,,
16:30:00,763614,210,E,HV,34.15099,-118.152369,FAIR OAKS 1,25.12,122,60.70000000000001,122,60.70000000000001,,,,,,,,,,
16:30:00,769788,210,E,ML,34.189219,-118.180753,BERKSHIRE,21.58,289,62.3,76,67.39999999999999,79,64.10000000000001,69,59.56666666666666,64,57.03333333333333,,,,
16:30:00,769806,210,E,ML,34.196934,-118.185042,FOOTHILL,20.98,298,64.93333333333334,71,66.4,94,67.7,78,69.96666666666667,56,51.96666666666666,,,,
16:30:00,769819,210,E,ML,34.205892,-118.198234,ANGELES CREST HWY NB,19.98,123,60.70000000000001,26,65.8,37,62.5,33,59.29999999999999,27,55.20000000000001,,,,
16:30:00,769831,210,E,ML,34.206745,-118.201533,ANGELES CREST HWY SB,19.78,315,60.43333333333334,84,65.36666666666667,86,62.16666666666666,76,57.76666666666667,69,55.26666666666667,,,,
16:30:00,769847,210,E,ML,34.211728,-118.228265,OCEAN VIEW,18.18,321,67.46666666666667,130,70.53333333333333,98,67.93333333333334,62,63.36666666666667,32,61.23333333333333,,,,
16:30:00,769866,210,E,ML,34.218398,-118.239738,LA CRESCENTA,17.38,585,57.9,151,60.06666666666667,140,57.76666666666667,140,61.333333333333336,154,52.8,,,,
16:30:00,769880,210,E,ML,34.221426,-118.245718,PENNSYLVANIA,16.98,527,55.76666666666667,107,65.53333333333333,146,56.2,127,57.96666666666667,146,48.16666666666666,,,,
16:30:00,769895,210,E,ML,34.230849,-118.265101,LOWELL / HONOLULU,15.68,459,63.63333333333333,137,66.5,129,65.23333333333333,108,62.1,85,59.0,,,,
16:30:00,769984,210,E,ML,34.202989,-118.191827,GOULD,20.4,290,62.26666666666666,77,67.3,79,64.03333333333333,70,59.63333333333333,65,57.1,,,,
16:30:00,770116,210,E,ML,34.234317,-118.286992,LA TUNA CANYON,14.39,280,64.0,89,69.0,86,65.8,64,59.26666666666667,41,58.1,,,,
16:30:00,770385,210,E,ML,34.206925,-118.21372,EB/NB 2 TO EB 210 CN,19.08,359,64.83333333333333,125,70.36666666666666,89,67.46666666666667,70,59.73333333333333,75,57.8,,,,
16:30:00,770578,210,E,ML,34.156489,-118.158295,WINONA WAY,24.442,191,45.23333333333333,130,50.0,61,33.833333333333336,,,,,,,,
16:35:00,717617,210,E,ML,34.179921,-118.167405,ARROYO,22.6,207,58.6,52,63.5,58,60.26666666666667,51,56.46666666666667,46,53.66666666666666,,,,
16:35:00,717620,210,E,ML,34.174756,-118.160407,LINCOLN 1,23.14,224,64.06666666666666,73,70.23333333333333,60,67.60000000000001,46,58.63333333333333,44,55.53333333333333,,,,
16:35:00,717625,210,E,ML,34.160546,-118.158748,MOUNTAIN 2,24.16,261,47.86666666666667,71,58.26666666666667,86,53.26666666666667,53,46.13333333333333,51,26.633333333333336,,,,
16:35:00,717628,210,E,ML,34.152216,-118.156144,WALNUT,24.81,79,41.9,79,41.9,,,,,,,,,,
16:35:00,717631,210,E,ML,34.15099,-118.152369,FAIR OAKS 1,25.12,123,60.79999999999999,26,65.9,37,62.6,33,59.4,27,55.29999999999999,,,,
16:35:00,717633,210,E,ML,34.151691,-118.142523,MARENGO,25.72,619,37.9,105,41.1,122,39.8,107,38.7,109,37.2,99,34.7,77,34.7
16:35:00,717635,210,E,ML,34.151658,-118.12944,LAKE 2,26.47,523,52.63333333333333,100,58.13333333333333,104,52.63333333333333,101,53.93333333333334,92,50.23333333333333,127,49.0,,
16:35:00,717638,210,E,ML,34.152187,-118.117782,HILL 1,27.14,547,43.66666666666666,124,30.9,124,29.9,109,70.93333333333334,97,68.76666666666667,94,21.5,,
16:35:00,717640,210,E,ML,34.152301,-118.109239,ALLEN,27.63,576,32.266666666666666,111,26.633333333333336,123,31.0,123,32.36666666666667,111,32.86666666666667,108,38.66666666666666,,
16:35:00,717646,210,E,ML,34.151406,-118.091041,SAN GABRIEL,28.68,501,21.899999999999995,104,17.933333333333334,100,18.0,84,20.0,91,26.366666666666664,122,25.96666666666667,,
16:35:00,717650,210,E,ML,34.147621,-118.079037,SIERRA MADRE V2,29.44,375,14.9,89,15.8,83,15.466666666666669,78,15.4,58,11.466666666666669,66,15.833333333333334,,
16:35:00,761093,210,E,HV,34.151691,-118.142523,MARENGO,25.72,122,60.79999999999999,122,60.79999999999999,,,,,,,,,,
16:35:00,761098,210,E,HV,34.151658,-118.12944,LAKE 2,26.47,122,60.79999999999999,122,60.79999999999999,,,,,,,,,,
16:35:00,761102,210,E,HV,34.152187,-118.117782,HILL 1,27.14,114,63.8,114,63.8,,,,,,,,,,
16:35:00,761105,210,E,HV,34.152301,-118.109239,ALLEN,27.63,118,32.6,118,32.6,,,,,,,,,,
16:35:00,761109,210,E,HV,34.151406,-118.091041,SAN GABRIEL,28.68,100,15.466666666666669,100,15.466666666666669,,,,,,,,,,
16:35:00,761112,210,E,HV,34.147621,-118.079037,SIERRA MADRE V2,29.44,92,14.6,92,14.6,,,,,,,,,,
16:35:00,763614,210,E,HV,34.15099,-118.152369,FAIR OAKS 1,25.12,122,60.79999999999999,122,60.79999999999999,,,,,,,,,,
16:35:00,769788,210,E,ML,34.189219,-118.180753,BERKSHIRE,21.58,296,62.0,79,67.03333333333335,81,63.76666666666666,71,59.3,65,56.73333333333333,,,,
16:35:00,769806,210,E,ML,34.196934,-118.185042,FOOTHILL,20.98,300,64.56666666666666,70,65.8,98,67.26666666666667,76,68.73333333333333,55,51.9,,,,
16:35:00,769819,210,E,ML,34.205892,-118.198234,ANGELES CREST HWY NB,19.98,123,60.79999999999999,26,65.9,37,62.6,33,59.4,27,55.29999999999999,,,,
16:35:00,769831,210,E,ML,34.206745,-118.201533,ANGELES CREST HWY SB,19.78,319,62.86666666666667,85,67.96666666666665,87,64.66666666666667,76,60.13333333333333,71,57.53333333333333,,,,
16:35:00,769847,210,E,ML,34.211728,-118.228265,OCEAN VIEW,18.18,282,68.06666666666666,102,71.03333333333333,90,68.86666666666666,61,66.8,29,56.63333333333333,,,,
16:35:00,769866,210,E,ML,34.218398,-118.239738,LA CRESCENTA,17.38,520,60.79999999999999,141,63.0,112,59.4,128,66.16666666666667,139,54.43333333333334,,,,
16:35:00,769880,210,E,ML,34.221426,-118.245718,PENNSYLVANIA,16.98,496,59.2,104,69.0,135,59.8,123,59.43333333333334,135,52.5,,,,
16:35:00,769895,210,E,ML,34.230849,-118.265101,LOWELL / HONOLULU,15.68,438,63.66666666666666,124,66.66666666666667,125,65.26666666666667,103,61.76666666666667,86,59.4,,,,
16:35:00,769984,210,E,ML,34.202989,-118.191827,GOULD,20.4,297,61.96666666666666,79,66.96666666666665,81,63.66666666666666,71,59.333333333333336,66,56.833333333333336,,,,
16:35:00,770116,210,E,ML,34.234317,-118.286992,LA TUNA CANYON,14.39,281,63.9,90,68.83333333333333,87,65.7,64,59.16666666666666,41,58.03333333333333,,,,
16:35:00,770385,210,E,ML,34.206925,-118.21372,EB/NB 2 TO EB 210 CN,19.08,348,66.66666666666667,101,71.43333333333334,98,68.93333333333334,75,63.1,75,60.833333333333336,,,,
16:35:00,770578,210,E,ML,34.156489,-118.158295,WINONA WAY,24.442,209,44.86666666666667,131,50.1,78,36.03333333333333,,,,,,,,
16:40:00,717617,210,E,ML,34.179921,-118.167405,ARROYO,22.6,254,61.53333333333333,66,66.43333333333334,71,63.16666666666666,62,59.36666666666667,56,56.3,,,,
16:40:00,717620,210,E,ML,34.174756,-118.160407,LINCOLN 1,23.14,251,65.3,65,70.73333333333333,64,67.76666666666667,65,63.93333333333334,57,58.6,,,,
16:40:00,717625,210,E,ML,34.160546,-118.158748,MOUNTAIN 2,24.16,282,47.7,77,59.93333333333334,90,53.333333333333336,54,46.13333333333333,61,27.266666666666666,,,,
16:40:00,717628,210,E,ML,34.152216,-118.156144,WALNUT,24.81,80,43.26666666666667,80,43.26666666666667,,,,,,,,,,
16:40:00,717631,210,E,ML,34.15099,-118.152369,FAIR OAKS 1,25.12,123,60.6,26,65.7,37,62.4,33,59.20000000000001,27,55.20000000000001,,,,
16:40:00,717633,210,E,ML,34.151691,-118.142523,MARENGO,25.72,623,37.7,105,40.9,123,39.6,107,38.5,110,37.0,100,34.5,78,34.5
16:40:00,717635,210,E,ML,34.151658,-118.12944,LAKE 2,26.47,527,52.03333333333333,101,57.43333333333334,104,52.1,102,53.333333333333336,92,49.43333333333334,128,48.46666666666667,,
16:40:00,717638,210,E,ML,34.152187,-118.117782,HILL 1,27.14,538,42.36666666666667,120,28.73333333333333,122,27.6,103,70.96666666666667,98,69.13333333333334,95,20.0,,
16:40:00,717640,210,E,ML,34.152301,-118.109239,ALLEN,27.63,536,31.3,99,24.666666666666668,107,28.566666666666663,119,31.366666666666664,106,32.9,106,38.3,,
16:40:00,717646,210,E,ML,34.151406,-118.091041,SAN GABRIEL,28.68,466,19.6,90,15.433333333333332,92,15.066666666666668,76,16.766666666666666,87,24.633333333333336,121,24.266666666666666,,
16:40:00,717650,210,E,ML,34.147621,-118.079037,SIERRA MADRE V2,29.44,407,14.633333333333336,94,15.9,90,14.866666666666667,93,16.0,63,10.266666666666667,68,15.366666666666664,,
16:40:00,761093,210,E,HV,34.151691,-118.142523,MARENGO,25.72,123,60.6,123,60.6,,,,,,,,,,
16:40:00,761098,210,E,HV,34.151658,-118.12944,LAKE 2,26.47,123,60.6,123,60.6,,,,,,,,,,
16:40:00,761102,210,E,HV,34.152187,-118.117782,HILL 1,27.14,106,63.8,106,63.8,,,,,,,,,,
16:40:00,761105,210,E,HV,34.152301,-118.109239,ALLEN,27.63,119,33.2,119,33.2,,,,,,,,,,
16:40:00,761109,210,E,HV,34.151406,-118.091041,SAN GABRIEL,28.68,92,13.066666666666668,92,13.066666666666668,,,,,,,,,,
16:40:00,761112,210,E,HV,34.147621,-118.079037,SIERRA MADRE V2,29.44,93,14.199999999999998,93,14.199999999999998,,,,,,,,,,
16:40:00,763614,210,E,HV,34.15099,-118.152369,FAIR OAKS 1,25.12,123,60.6,123,60.6,,,,,,,,,,
16:40:00,769788,210,E,ML,34.189219,-118.180753,BERKSHIRE,21.58,321,62.6,86,67.63333333333334,88,64.36666666666666,77,59.8,71,57.26666666666667,,,,
16:40:00,769806,210,E,ML,34.196934,-118.185042,FOOTHILL,20.98,324,64.86666666666666,77,66.16666666666667,103,68.03333333333333,82,70.43333333333334,63,50.96666666666667,,,,
16:40:00,769819,210,E,ML,34.205892,-118.198234,ANGELES CREST HWY NB,19.98,123,60.6,26,65.7,37,62.4,33,59.20000000000001,27,55.20000000000001,,,,
16:40:00,769831,210,E,ML,34.206745,-118.201533,ANGELES CREST HWY SB,19.78,271,62.03333333333333,72,67.06666666666666,75,63.86666666666667,65,59.26666666666667,60,56.76666666666667,,,,
16:40:00,769847,210,E,ML,34.211728,-118.228265,OCEAN VIEW,18.18,293,69.33333333333333,104,70.56666666666666,99,69.83333333333333,59,71.39999999999999,32,60.36666666666667,,,,
16:40:00,769866,210,E,ML,34.218398,-118.239738,LA CRESCENTA,17.38,559,62.13333333333333,125,65.10000000000001,131,62.333333333333336,134,66.13333333333334,169,56.53333333333333,,,,
16:40:00,769880,210,E,ML,34.221426,-118.245718,PENNSYLVANIA,16.98,511,59.16666666666666,107,64.89999999999999,136,61.03333333333333,133,59.4,135,54.333333333333336,,,,
16:40:00,769895,210,E,ML,34.230849,-118.265101,LOWELL / HONOLULU,15.68,456,63.3,133,65.8,129,64.39999999999999,104,61.43333333333334,90,60.7,,,,
16:40:00,769984,210,E,ML,34.202989,-118.191827,GOULD,20.4,322,62.56666666666666,86,67.53333333333333,88,64.26666666666667,77,59.86666666666667,71,57.3,,,,
16:40:00,770116,210,E,ML,34.234317,-118.286992,LA TUNA CANYON,14.39,300,64.33333333333333,96,69.36666666666666,92,66.10000000000001,68,59.7,43,58.2,,,,
16:40:00,770385,210,E,ML,34.206925,-118.21372,EB/NB 2 TO EB 210 CN,19.08,297,67.39999999999999,93,72.5,89,69.2,63,64.33333333333333,52,58.5,,,,
16:40:00,770578,210,E,ML,34.156489,-118.158295,WINONA WAY,24.442,231,45.833333333333336,153,49.96666666666667,78,37.73333333333333,,,,,,,,
16:45:00,717617,210,E,ML,34.179921,-118.167405,ARROYO,22.6,273,62.26666666666666,71,67.23333333333333,76,63.96666666666667,66,60.13333333333333,60,56.93333333333334,,,,
16:45:00,717620,210,E,ML,34.174756,-118.160407,LINCOLN 1,23.14,275,65.7,82,70.03333333333335,77,68.3,53,64.76666666666667,63,59.333333333333336,,,,
16:45:00,717625,210,E,ML,34.160546,-118.158748,MOUNTAIN 2,24.16,260,49.4,71,60.56666666666666,78,54.93333333333334,51,48.26666666666667,59,29.53333333333333,,,,
16:45:00,717628,210,E,ML,34.152216,-118.156144,WALNUT,24.81,68,43.833333333333336,68,43.833333333333336,,,,,,,,,,
16:45:00,717631,210,E,ML,34.15099,-118.152369,FAIR OAKS 1,25.12,123,60.6,26,65.7,37,62.4,33,59.20000000000001,27,55.20000000000001,,,,
16:45:00,717633,210,E,ML,34.151691,-118.142523,MARENGO,25.72,619,36.9,105,40.0,122,38.7,107,37.7,109,36.2,99,33.8,77,33.8
16:45:00,717635,210,E,ML,34.151658,-118.12944,LAKE 2,26.47,581,52.3,110,57.73333333333333,116,52.43333333333334,112,53.63333333333333,102,49.8,141,48.7,,
16:45:00,717638,210,E,ML,34.152187,-118.117782,HILL 1,27.14,575,43.5,120,29.133333333333336,122,28.83333333333333,116,70.7,109,68.76666666666667,109,21.4,,
16:45:00,717640,210,E,ML,34.152301,-118.109239,ALLEN,27.63,561,31.766666666666666,99,24.23333333333333,121,30.0,118,31.266666666666666,114,33.666666666666664,109,38.833333333333336,,
16:45:00,717646,210,E,ML,34.151406,-118.091041,SAN GABRIEL,28.68,464,17.76666666666667,97,14.4,91,13.266666666666666,77,14.7,80,21.6,120,22.83333333333333,,
16:45:00,717650,210,E,ML,34.147621,-118.079037,SIERRA MADRE V2,29.44,370,12.933333333333332,89,14.0,86,12.733333333333334,75,14.066666666666668,57,9.7,64,13.7,,
16:45:00,761093,210,E,HV,34.151691,-118.142523,MARENGO,25.72,122,60.6,122,60.6,,,,,,,,,,
16:45:00,761098,210,E,HV,34.151658,-118.12944,LAKE 2,26.47,122,60.6,122,60.6,,,,,,,,,,
16:45:00,761102,210,E,HV,34.152187,-118.117782,HILL 1,27.14,103,63.96666666666666,103,63.96666666666666,,,,,,,,,,
16:45:00,761105,210,E,HV,34.152301,-118.109239,ALLEN,27.63,129,32.733333333333334,129,32.733333333333334,,,,,,,,,,
16:45:00,761109,210,E,HV,34.151406,-118.091041,SAN GABRIEL,28.68,92,11.866666666666667,92,11.866666666666667,,,,,,,,,,
16:45:00,761112,210,E,HV,34.147621,-118.079037,SIERRA MADRE V2,29.44,97,13.333333333333334,97,13.333333333333334,,,,,,,,,,
16:45:00,763614,210,E,HV,34.15099,-118.152369,FAIR OAKS 1,25.12,122,60.6,122,60.6,,,,,,,,,,
16:45:00,769788,210,E,ML,34.189219,-118.180753,BERKSHIRE,21.58,275,62.43333333333334,72,67.5,76,64.2,66,59.66666666666666,61,57.13333333333333,,,,
16:45:00,769806,210,E,ML,34.196934,-118.185042,FOOTHILL,20.98,287,65.93333333333334,68,68.0,92,67.76666666666667,71,66.66666666666667,56,58.86666666666667,,,,
16:45:00,769819,210,E,ML,34.205892,-118.198234,ANGELES CREST HWY NB,19.98,123,60.6,26,65.7,37,62.4,33,59.20000000000001,27,55.20000000000001,,,,
16:45:00,769831,210,E,ML,34.206745,-118.201533,ANGELES CREST HWY SB,19.78,294,61.56666666666666,78,66.56666666666668,81,63.36666666666667,70,58.86666666666667,65,56.3,,,,
16:45:00,769847,210,E,ML,34.211728,-118.228265,OCEAN VIEW,18.18,297,67.86666666666666,118,71.03333333333335,89,68.33333333333333,58,64.23333333333333,31,61.36666666666667,,,,
16:45:00,769866,210,E,ML,34.218398,-118.239738,LA CRESCENTA,17.38,544,60.23333333333333,134,64.39999999999999,130,61.46666666666667,130,61.46666666666667,149,54.36666666666667,,,,
16:45:00,769880,210,E,ML,34.221426,-118.245718,PENNSYLVANIA,16.98,539,56.03333333333333,104,61.46666666666667,147,58.4,137,54.56666666666666,151,52.76666666666667,,,,
16:45:00,769895,210,E,ML,34.230849,-118.265101,LOWELL / HONOLULU,15.68,491,60.86666666666667,144,63.16666666666666,136,61.66666666666666,116,59.1,94,58.86666666666667,,,,
16:45:00,769984,210,E,ML,34.202989,-118.191827,GOULD,20.4,277,62.36666666666667,73,67.39999999999999,76,64.10000000000001,67,59.73333333333333,61,57.2,,,,
16:45:00,770116,210,E,ML,34.234317,-118.286992,LA TUNA CANYON,14.39,307,61.6,99,66.06666666666666,95,63.43333333333334,69,56.7,44,57.16666666666666,,,,
16:45:00,770385,210,E,ML,34.206925,-118.21372,EB/NB 2 TO EB 210 CN,19.08,323,67.36666666666666,96,72.3,88,69.26666666666667,67,63.5,71,61.56666666666666,,,,
16:45:00,770578,210,E,ML,34.156489,-118.158295,WINONA WAY,24.442,203,46.86666666666667,138,50.833333333333336,65,38.46666666666667,,,,,,,,
16:50:00,717617,210,E,ML,34.179921,-118.167405,ARROYO,22.6,225,61.73333333333333,57,66.76666666666667,63,63.46666666666667,55,59.5,50,56.5,,,,
16:50:00,717620,210,E,ML,34.174756,-118.160407,LINCOLN 1,23.14,223,65.7,62,70.36666666666667,58,69.16666666666667,53,63.5,51,59.86666666666667,,,,
16:50:00,717625,210,E,ML,34.160546,-118.158748,MOUNTAIN 2,24.16,267,50.36666666666667,69,61.03333333333334,86,54.7,56,49.03333333333334,56,32.800000000000004,,,,
16:50:00,717628,210,E,ML,34.152216,-118.156144,WALNUT,24.81,73,43.3,73,43.3,,,,,,,,,,
16:50:00,717631,210,E,ML,34.15099,-118.152369,FAIR OAKS 1,25.12,123,60.6,26,65.7,37,62.4,33,59.20000000000001,27,55.20000000000001,,,,
16:50:00,717633,210,E,ML,34.151691,-118.142523,MARENGO,25.72,618,37.0,105,40.1,122,38.8,106,37.8,109,36.3,99,33.9,77,33.9
16:50:00,717635,210,E,ML,34.151658,-118.12944,LAKE 2,26.47,571,52.2,109,57.63333333333333,114,52.36666666666667,110,53.53333333333333,100,49.66666666666666,138,48.63333333333333,,
16:50:00,717638,210,E,ML,34.152187,-118.117782,HILL 1,27.14,553,42.79999999999999,121,29.0,120,28.266666666666666,102,71.03333333333333,105,69.0,105,21.03333333333333,,
16:50:00,717640,210,E,ML,34.152301,-118.109239,ALLEN,27.63,545,30.03333333333333,100,23.766666666666666,112,28.0,117,28.566666666666663,109,32.46666666666667,108,36.76666666666667,,
16:50:00,717646,210,E,ML,34.151406,-118.091041,SAN GABRIEL,28.68,485,18.366666666666667,94,14.1,91,13.3,84,15.4,91,22.766666666666666,125,23.933333333333334,,
16:50:00,717650,210,E,ML,34.147621,-118.079037,SIERRA MADRE V2,29.44,407,13.266666666666666,95,14.233333333333334,91,13.066666666666668,85,14.033333333333331,66,10.733333333333334,71,14.0,,
16:50:00,761093,210,E,HV,34.151691,-118.142523,MARENGO,25.72,123,60.6,123,60.6,,,,,,,,,,
16:50:00,761098,210,E,HV,34.151658,-118.12944,LAKE 2,26.47,123,60.6,123,60.6,,,,,,,,,,
16:50:00,761102,210,E,HV,34.152187,-118.117782,HILL 1,27.14,103,63.79999999999999,103,63.79999999999999,,,,,,,,,,
16:50:00,761105,210,E,HV,34.152301,-118.109239,ALLEN,27.63,123,31.0,123,31.0,,,,,,,,,,
16:50:00,761109,210,E,HV,34.151406,-118.091041,SAN GABRIEL,28.68,95,12.6,95,12.6,,,,,,,,,,
16:50:00,761112,210,E,HV,34.147621,-118.079037,SIERRA MADRE V2,29.44,97,13.533333333333331,97,13.533333333333331,,,,,,,,,,
16:50:00,763614,210,E,HV,34.15099,-118.152369,FAIR OAKS 1,25.12,123,60.6,123,60.6,,,,,,,,,,
16:50:00,769788,210,E,ML,34.189219,-118.180753,BERKSHIRE,21.58,294,61.66666666666666,79,66.60000000000001,81,63.366666666666674,70,58.96666666666666,64,56.46666666666667,,,,
16:50:00,769806,210,E,ML,34.196934,-118.185042,FOOTHILL,20.98,311,64.16666666666667,74,65.7,99,68.2,70,62.96666666666667,69,57.73333333333333,,,,
16:50:00,769819,210,E,ML,34.205892,-118.198234,ANGELES CREST HWY NB,19.98,123,60.6,26,65.7,37,62.4,33,59.20000000000001,27,55.20000000000001,,,,
16:50:00,769831,210,E,ML,34.206745,-118.201533,ANGELES CREST HWY SB,19.78,280,61.1,74,66.13333333333333,77,62.9,67,58.333333333333336,62,55.9,,,,
16:50:00,769847,210,E,ML,34.211728,-118.228265,OCEAN VIEW,18.18,327,67.8,123,70.56666666666666,99,68.10000000000001,72,66.93333333333334,34,58.5,,,,
16:50:00,769866,210,E,ML,34.218398,-118.239738,LA CRESCENTA,17.38,584,58.66666666666666,155,62.03333333333333,139,59.1,131,59.53333333333333,159,54.2,,,,
16:50:00,769880,210,E,ML,34.221426,-118.245718,PENNSYLVANIA,16.98,547,54.76666666666667,107,60.5,154,56.76666666666666,138,53.833333333333336,148,51.2,,,,
16:50:00,769895,210,E,ML,34.230849,-118.265101,LOWELL / HONOLULU,15.68,507,61.16666666666666,149,62.79999999999999,141,61.73333333333333,116,60.56666666666666,100,59.2,,,,
16:50:00,769984,210,E,ML,34.202989,-118.191827,GOULD,20.4,295,61.73333333333333,79,66.53333333333333,81,63.3,70,59.13333333333333,64,56.56666666666666,,,,
16:50:00,770116,210,E,ML,34.234317,-118.286992,LA TUNA CANYON,14.39,320,63.56666666666667,103,68.43333333333334,99,65.36666666666666,72,58.86666666666667,46,57.9,,,,
16:50:00,770385,210,E,ML,34.206925,-118.21372,EB/NB 2 TO EB 210 CN,19.08,339,66.5,107,71.66666666666667,106,68.56666666666666,74,63.333333333333336,52,56.06666666666666,,,,
16:50:00,770578,210,E,ML,34.156489,-118.158295,WINONA WAY,24.442,208,45.6,137,49.66666666666666,71,37.766666666666666,,,,,,,,
16:55:00,717617,210,E,ML,34.179921,-118.167405,ARROYO,22.6,235,62.333333333333336,60,67.39999999999999,65,64.06666666666666,57,60.13333333333333,52,56.96666666666667,,,,
16:55:00,717620,210,E,ML,34.174756,-118.160407,LINCOLN 1,23.14,218,65.63333333333334,56,70.66666666666667,55,68.23333333333333,60,63.4,47,60.1,,,,
16:55:00,717625,210,E,ML,34.160546,-118.158748,MOUNTAIN 2,24.16,274,49.79999999999999,72,60.86666666666667,90,54.13333333333333,60,48.03333333333333,52,30.366666666666664,,,,
16:55:00,717628,210,E,ML,34.152216,-118.156144,WALNUT,24.81,79,42.266666666666666,79,42.266666666666666,,,,,,,,,,
16:55:00,717631,210,E,ML,34.15099,-118.152369,FAIR OAKS 1,25.12,123,60.70000000000001,26,65.8,37,62.5,33,59.29999999999999,27,55.20000000000001,,,,
16:55:00,717633,210,E,ML,34.151691,-118.142523,MARENGO,25.72,615,36.5,104,39.6,121,38.3,106,37.3,108,35.8,99,33.4,77,33.4
16:55:00,717635,210,E,ML,34.151658,-118.12944,LAKE 2,26.47,519,51.76666666666667,99,57.1,103,51.96666666666667,100,53.13333333333333,91,49.2,126,48.2,,
16:55:00,717638,210,E,ML,34.152187,-118.117782,HILL 1,27.14,526,42.0,117,28.03333333333333,117,26.666666666666668,102,71.06666666666666,96,68.93333333333334,94,19.2,,
16:55:00,717640,210,E,ML,34.152301,-118.109239,ALLEN,27.63,531,27.03333333333333,101,19.83333333333333,109,24.5,110,26.366666666666664,104,29.96666666666667,107,34.300000000000004,,
16:55:00,717646,210,E,ML,34.151406,-118.091041,SAN GABRIEL,28.68,489,19.133333333333333,98,14.233333333333334,94,13.966666666666669,82,16.53333333333333,94,25.23333333333333,121,23.933333333333334,,
16:55:00,717650,210,E,ML,34.147621,-118.079037,SIERRA MADRE V2,29.44,430,14.9,100,15.966666666666669,97,14.933333333333332,92,15.2,70,11.8,71,16.233333333333334,,
16:55:00,761093,210,E,HV,34.151691,-118.142523,MARENGO,25.72,123,60.70000000000001,123,60.70000000000001,,,,,,,,,,
16:55:00,761098,210,E,HV,34.151658,-118.12944,LAKE 2,26.47,123,60.70000000000001,123,60.70000000000001,,,,,,,,,,
16:55:00,761102,210,E,HV,34.152187,-118.117782,HILL 1,27.14,103,64.0,103,64.0,,,,,,,,,,
16:55:00,761105,210,E,HV,34.152301,-118.109239,ALLEN,27.63,116,29.46666666666667,116,29.46666666666667,,,,,,,,,,
16:55:00,761109,210,E,HV,34.151406,-118.091041,SAN GABRIEL,28.68,97,12.233333333333334,97,12.233333333333334,,,,,,,,,,
16:55:00,761112,210,E,HV,34.147621,-118.079037,SIERRA MADRE V2,29.44,97,14.166666666666666,97,14.166666666666666,,,,,,,,,,
16:55:00,763614,210,E,HV,34.15099,-118.152369,FAIR OAKS 1,25.12,123,60.70000000000001,123,60.70000000000001,,,,,,,,,,
16:55:00,769788,210,E,ML,34.189219,-118.180753,BERKSHIRE,21.58,327,62.56666666666666,88,67.5,90,64.36666666666666,78,59.96666666666667,72,57.26666666666667,,,,
16:55:00,769806,210,E,ML,34.196934,-118.185042,FOOTHILL,20.98,348,64.76666666666667,81,66.53333333333333,115,67.03333333333333,85,65.46666666666667,68,56.93333333333334,,,,
16:55:00,769819,210,E,ML,34.205892,-118.198234,ANGELES CREST HWY NB,19.98,123,60.70000000000001,26,65.8,37,62.5,33,59.29999999999999,27,55.20000000000001,,,,
16:55:00,769831,210,E,ML,34.206745,-118.201533,ANGELES CREST HWY SB,19.78,270,60.93333333333334,72,65.8,75,62.6,65,58.2,59,55.7,,,,
16:55:00,769847,210,E,ML,34.211728,-118.228265,OCEAN VIEW,18.18,308,68.10000000000001,112,70.86666666666666,95,67.56666666666666,67,66.60000000000001,33,62.5,,,,
16:55:00,769866,210,E,ML,34.218398,-118.239738,LA CRESCENTA,17.38,575,57.86666666666667,136,62.23333333333333,137,58.73333333333333,137,58.333333333333336,164,53.46666666666667,,,,
16:55:00,769880,210,E,ML,34.221426,-118.245718,PENNSYLVANIA,16.98,507,56.8,106,63.333333333333336,135,58.56666666666666,129,55.43333333333334,137,52.833333333333336,,,,
16:55:00,769895,210,E,ML,34.230849,-118.265101,LOWELL / HONOLULU,15.68,454,62.16666666666666,135,64.63333333333333,123,62.56666666666666,108,60.46666666666667,88,60.63333333333333,,,,
16:55:00,769984,210,E,ML,34.202989,-118.191827,GOULD,20.4,328,62.6,88,67.5,90,64.23333333333333,78,60.03333333333333,72,57.4,,,,
16:55:00,770116,210,E,ML,34.234317,-118.286992,LA TUNA CANYON,14.39,268,64.2,85,69.2,83,66.0,61,59.6,40,58.1,,,,
16:55:00,770385,210,E,ML,34.206925,-118.21372,EB/NB 2 TO EB 210 CN,19.08,331,65.83333333333333,109,70.5,94,66.86666666666666,66,63.63333333333333,62,58.5,,,,
16:55:00,770578,210,E,ML,34.156489,-118.158295,WINONA WAY,24.442,199,44.5,122,49.6,77,36.5,,,,,,,,
17:00:00,717617,210,E,ML,34.179921,-118.167405,ARROYO,22.6,218,61.56666666666666,55,66.56666666666666,61,63.333333333333336,54,59.4,48,56.3,,,,
17:00:00,717620,210,E,ML,34.174756,-118.160407,LINCOLN 1,23.14,204,65.23333333333333,56,70.5,51,67.16666666666667,49,63.8,48,59.03333333333333,,,,
17:00:00,717625,210,E,ML,34.160546,-118.158748,MOUNTAIN 2,24.16,240,48.26666666666666,66,59.5,69,53.73333333333333,53,47.13333333333333,52,28.566666666666663,,,,
17:00:00,717628,210,E,ML,34.152216,-118.156144,WALNUT,24.81,70,42.8,70,42.8,,,,,,,,,,
17:00:00,717631,210,E,ML,34.15099,-118.152369,FAIR OAKS 1,25.12,123,60.79999999999999,26,65.9,37,62.6,33,59.4,27,55.29999999999999,,,,
17:00:00,717633,210,E,ML,34.151691,-118.142523,MARENGO,25.72,612,36.7,104,39.8,121,38.5,105,37.5,108,36.0,98,33.6,76,33.6
17:00:00,717635,210,E,ML,34.151658,-118.12944,LAKE 2,26.47,533,52.1,102,57.53333333333333,106,52.16666666666666,102,53.4,93,49.53333333333333,129,48.5,,
17:00:00,717638,210,E,ML,34.152187,-118.117782,HILL 1,27.14,544,42.13333333333333,121,28.366666666666664,121,27.766666666666666,105,71.16666666666667,98,69.2,98,18.366666666666667,,
17:00:00,717640,210,E,ML,34.152301,-118.109239,ALLEN,27.63,560,29.83333333333333,98,20.666666666666668,113,27.03333333333333,117,29.0,117,33.233333333333334,115,37.13333333333333,,
17:00:00,717646,210,E,ML,34.151406,-118.091041,SAN GABRIEL,28.68,494,21.433333333333334,106,16.466666666666665,103,17.23333333333333,79,18.76666666666667,85,27.3,121,26.3,,
17:00:00,717650,210,E,ML,34.147621,-118.079037,SIERRA MADRE V2,29.44,405,13.866666666666667,90,14.5,88,13.966666666666669,87,14.1,65,10.333333333333334,75,16.46666666666667,,
17:00:00,761093,210,E,HV,34.151691,-118.142523,MARENGO,25.72,122,60.79999999999999,122,60.79999999999999,,,,,,,,,,
17:00:00,761098,210,E,HV,34.151658,-118.12944,LAKE 2,26.47,122,60.79999999999999,122,60.79999999999999,,,,,,,,,,
17:00:00,761102,210,E,HV,34.152187,-118.117782,HILL 1,27.14,104,64.10000000000001,104,64.10000000000001,,,,,,,,,,
17:00:00,761105,210,E,HV,34.152301,-118.109239,ALLEN,27.63,116,28.933333333333334,116,28.933333333333334,,,,,,,,,,
17:00:00,761109,210,E,HV,34.151406,-118.091041,SAN GABRIEL,28.68,98,13.033333333333331,98,13.033333333333331,,,,,,,,,,
17:00:00,761112,210,E,HV,34.147621,-118.079037,SIERRA MADRE V2,29.44,102,14.966666666666669,102,14.966666666666669,,,,,,,,,,
17:00:00,763614,210,E,HV,34.15099,-118.152369,FAIR OAKS 1,25.12,122,60.79999999999999,122,60.79999999999999,,,,,,,,,,
17:00:00,769788,210,E,ML,34.189219,-118.180753,BERKSHIRE,21.58,275,63.43333333333334,73,68.46666666666667,76,65.23333333333333,66,60.73333333333333,61,58.0,,,,
17:00:00,769806,210,E,ML,34.196934,-118.185042,FOOTHILL,20.98,289,65.76666666666667,69,67.53333333333333,90,68.39999999999999,72,66.60000000000001,58,57.96666666666667,,,,
17:00:00,769819,210,E,ML,34.205892,-118.198234,ANGELES CREST HWY NB,19.98,123,60.79999999999999,26,65.9,37,62.6,33,59.4,27,55.29999999999999,,,,
17:00:00,769831,210,E,ML,34.206745,-118.201533,ANGELES CREST HWY SB,19.78,326,62.6,87,67.63333333333333,89,64.39999999999999,78,59.9,72,57.3,,,,
17:00:00,769847,210,E,ML,34.211728,-118.228265,OCEAN VIEW,18.18,296,67.5,113,70.33333333333333,89,68.03333333333333,61,63.86666666666667,32,63.06666666666666,,,,
17:00:00,769866,210,E,ML,34.218398,-118.239738,LA CRESCENTA,17.38,528,59.23333333333333,134,61.833333333333336,113,59.333333333333336,137,61.70000000000001,144,54.23333333333333,,,,
17:00:00,769880,210,E,ML,34.221426,-118.245718,PENNSYLVANIA,16.98,490,58.13333333333333,106,64.23333333333333,129,59.6,130,58.13333333333333,125,53.3,,,,
17:00:00,769895,210,E,ML,34.230849,-118.265101,LOWELL / HONOLULU,15.68,441,62.16666666666666,123,64.66666666666667,124,62.9,106,60.23333333333333,88,60.13333333333333,,,,
17:00:00,769984,210,E,ML,34.202989,-118.191827,GOULD,20.4,276,63.4,73,68.39999999999999,76,65.13333333333334,66,60.76666666666667,61,58.06666666666666,,,,
17:00:00,770116,210,E,ML,34.234317,-118.286992,LA TUNA CANYON,14.39,273,64.73333333333333,86,69.7,84,66.43333333333334,62,60.53333333333333,40,58.43333333333334,,,,
17:00:00,770385,210,E,ML,34.206925,-118.21372,EB/NB 2 TO EB 210 CN,19.08,377,65.83333333333333,119,69.96666666666667,103,66.03333333333333,71,63.2,85,61.96666666666667,,,,
17:00:00,770578,210,E,ML,34.156489,-118.158295,WINONA WAY,24.442,180,45.53333333333333,113,50.26666666666667,67,37.13333333333333,,,,,,,,
17:05:00,717617,210,E,ML,34.179921,-118.167405,ARROYO,22.6,238,60.6,61,65.5,67,62.23333333333333,58,58.43333333333334,53,55.46666666666667,,,,
17:05:00,717620,210,E,ML,34.174756,-118.160407,LINCOLN 1,23.14,260,64.3,84,69.0,66,66.63333333333333,51,59.46666666666667,59,61.03333333333333,,,,
17:05:00,717625,210,E,ML,34.160546,-118.158748,MOUNTAIN 2,24.16,244,47.866666666666674,65,58.5,80,53.16666666666666,49,46.8,50,27.133333333333336,,,,
17:05:00,717628,210,E,ML,34.152216,-118.156144,WALNUT,24.81,63,43.96666666666667,63,43.96666666666667,,,,,,,,,,
17:05:00,717631,210,E,ML,34.15099,-118.152369,FAIR OAKS 1,25.12,123,60.9,26,66.0,37,62.70000000000001,33,59.5,27,55.4,,,,
17:05:00,717633,210,E,ML,34.151691,-118.142523,MARENGO,25.72,619,36.3,105,39.4,122,38.1,107,37.1,109,35.6,99,33.2,77,33.2
17:05:00,717635,210,E,ML,34.151658,-118.12944,LAKE 2,26.47,521,52.26666666666667,100,57.63333333333333,103,52.43333333333334,100,53.53333333333333,91,49.73333333333333,126,48.6,,
17:05:00,717638,210,E,ML,34.152187,-118.117782,HILL 1,27.14,530,42.43333333333334,120,28.03333333333333,112,28.066666666666663,106,71.33333333333333,95,68.96666666666665,96,18.46666666666667,,
17:05:00,717640,210,E,ML,34.152301,-118.109239,ALLEN,27.63,542,31.2,99,23.23333333333333,114,30.866666666666664,117,31.433333333333334,108,34.2,103,35.46666666666667,,
17:05:00,717646,210,E,ML,34.151406,-118.091041,SAN GABRIEL,28.68,460,19.73333333333333,86,14.0,87,15.366666666666667,83,17.833333333333332,89,25.73333333333333,115,23.633333333333336,,
17:05:00,717650,210,E,ML,34.147621,-118.079037,SIERRA MADRE V2,29.44,382,13.533333333333331,86,14.8,86,14.466666666666669,85,13.933333333333332,60,9.0,64,14.866666666666667,,
17:05:00,761093,210,E,HV,34.151691,-118.142523,MARENGO,25.72,122,60.9,122,60.9,,,,,,,,,,
17:05:00,761098,210,E,HV,34.151658,-118.12944,LAKE 2,26.47,122,60.9,122,60.9,,,,,,,,,,
17:05:00,761102,210,E,HV,34.152187,-118.117782,HILL 1,27.14,101,64.2,101,64.2,,,,,,,,,,
17:05:00,761105,210,E,HV,34.152301,-118.109239,ALLEN,27.63,125,30.1,125,30.1,,,,,,,,,,
17:05:00,761109,210,E,HV,34.151406,-118.091041,SAN GABRIEL,28.68,90,12.466666666666669,90,12.466666666666669,,,,,,,,,,
17:05:00,761112,210,E,HV,34.147621,-118.079037,SIERRA MADRE V2,29.44,89,13.166666666666666,89,13.166666666666666,,,,,,,,,,
17:05:00,763614,210,E,HV,34.15099,-118.152369,FAIR OAKS 1,25.12,122,60.9,122,60.9,,,,,,,,,,
17:05:00,769788,210,E,ML,34.189219,-118.180753,BERKSHIRE,21.58,267,61.79999999999999,70,66.76666666666667,74,63.53333333333334,64,59.16666666666666,59,56.6,,,,
17:05:00,769806,210,E,ML,34.196934,-118.185042,FOOTHILL,20.98,292,65.89999999999999,67,67.23333333333333,100,69.36666666666667,67,66.63333333333334,58,57.23333333333333,,,,
17:05:00,769819,210,E,ML,34.205892,-118.198234,ANGELES CREST HWY NB,19.98,123,60.9,26,66.0,37,62.70000000000001,33,59.5,27,55.4,,,,
17:05:00,769831,210,E,ML,34.206745,-118.201533,ANGELES CREST HWY SB,19.78,327,62.5,87,67.5,89,64.26666666666667,78,59.73333333333333,73,57.2,,,,
17:05:00,769847,210,E,ML,34.211728,-118.228265,OCEAN VIEW,18.18,304,67.0,119,69.63333333333334,90,67.13333333333334,60,61.7,35,66.53333333333335,,,,
17:05:00,769866,210,E,ML,34.218398,-118.239738,LA CRESCENTA,17.38,562,59.5,143,62.333333333333336,127,59.633333333333326,135,61.4,157,54.96666666666667,,,,
17:05:00,769880,210,E,ML,34.221426,-118.245718,PENNSYLVANIA,16.98,521,56.06666666666666,106,61.13333333333333,140,58.0,133,55.93333333333334,141,52.1,,,,
17:05:00,769895,210,E,ML,34.230849,-118.265101,LOWELL / HONOLULU,15.68,453,60.63333333333333,131,63.6,127,61.333333333333336,108,58.76666666666667,87,57.7,,,,
17:05:00,769984,210,E,ML,34.202989,-118.191827,GOULD,20.4,268,61.79999999999999,71,66.63333333333333,74,63.43333333333334,64,59.333333333333336,59,56.7,,,,
17:05:00,770116,210,E,ML,34.234317,-118.286992,LA TUNA CANYON,14.39,266,63.76666666666667,84,68.93333333333334,82,65.73333333333333,61,58.66666666666666,39,57.9,,,,
17:05:00,770385,210,E,ML,34.206925,-118.21372,EB/NB 2 TO EB 210 CN,19.08,371,66.26666666666667,114,70.2,90,66.66666666666667,91,63.633333333333326,77,62.76666666666667,,,,
17:05:00,770578,210,E,ML,34.156489,-118.158295,WINONA WAY,24.442,178,46.03333333333333,119,49.6,59,38.6,,,,,,,,
17:10:00,717617,210,E,ML,34.179921,-118.167405,ARROYO,22.6,273,60.26666666666667,71,65.13333333333334,76,61.93333333333334,66,58.06666666666666,60,55.1,,,,
17:10:00,717620,210,E,ML,34.174756,-118.160407,LINCOLN 1,23.14,271,63.16666666666666,80,68.76666666666667,71,66.2,53,58.5,66,57.73333333333333,,,,
17:10:00,717625,210,E,ML,34.160546,-118.158748,MOUNTAIN 2,24.16,272,46.26666666666667,80,57.86666666666667,84,48.9,59,44.73333333333333,49,26.46666666666667,,,,
17:10:00,717628,210,E,ML,34.152216,-118.156144,WALNUT,24.81,81,43.333333333333336,81,43.333333333333336,,,,,,,,,,
17:10:00,717631,210,E,ML,34.15099,-118.152369,FAIR OAKS 1,25.12,123,60.79999999999999,26,65.9,37,62.6,33,59.4,27,55.29999999999999,,,,
17:10:00,717633,210,E,ML,34.151691,-118.142523,MARENGO,25.72,624,35.8,106,38.8,123,37.6,107,36.6,110,35.1,100,32.7,78,32.7
17:10:00,717635,210,E,ML,34.151658,-118.12944,LAKE 2,26.47,535,52.26666666666667,102,57.73333333333333,106,52.36666666666667,103,53.53333333333334,94,49.73333333333333,130,48.66666666666666,,
17:10:00,717638,210,E,ML,34.152187,-118.117782,HILL 1,27.14,548,42.43333333333333,126,30.166666666666668,122,28.399999999999995,104,71.36666666666666,96,68.96666666666667,100,18.666666666666668,,
17:10:00,717640,210,E,ML,34.152301,-118.109239,ALLEN,27.63,546,31.0,106,24.666666666666668,114,30.2,115,31.066666666666663,103,33.13333333333333,107,35.733333333333334,,
17:10:00,717646,210,E,ML,34.151406,-118.091041,SAN GABRIEL,28.68,469,19.03333333333333,92,13.933333333333332,93,14.8,84,17.233333333333334,86,24.933333333333334,115,22.5,,
17:10:00,717650,210,E,ML,34.147621,-118.079037,SIERRA MADRE V2,29.44,405,14.633333333333333,95,15.5,91,15.133333333333333,91,16.466666666666665,62,10.533333333333331,66,14.666666666666666,,
17:10:00,761093,210,E,HV,34.151691,-118.142523,MARENGO,25.72,122,60.79999999999999,122,60.79999999999999,,,,,,,,,,
17:10:00,761098,210,E,HV,34.151658,-118.12944,LAKE 2,26.47,122,60.79999999999999,122,60.79999999999999,,,,,,,,,,
17:10:00,761102,210,E,HV,34.152187,-118.117782,HILL 1,27.14,106,64.0,106,64.0,,,,,,,,,,
17:10:00,761105,210,E,HV,34.152301,-118.109239,ALLEN,27.63,124,30.433333333333334,124,30.433333333333334,,,,,,,,,,
17:10:00,761109,210,E,HV,34.151406,-118.091041,SAN GABRIEL,28.68,86,11.5,86,11.5,,,,,,,,,,
17:10:00,761112,210,E,HV,34.147621,-118.079037,SIERRA MADRE V2,29.44,92,12.2,92,12.2,,,,,,,,,,
17:10:00,763614,210,E,HV,34.15099,-118.152369,FAIR OAKS 1,25.12,122,60.79999999999999,122,60.79999999999999,,,,,,,,,,
17:10:00,769788,210,E,ML,34.189219,-118.180753,BERKSHIRE,21.58,332,63.26666666666667,89,68.23333333333333,91,65.0,79,60.53333333333333,74,57.9,,,,
17:10:00,769806,210,E,ML,34.196934,-118.185042,FOOTHILL,20.98,351,66.0,89,68.89999999999999,91,67.36666666666667,87,65.7,83,61.86666666666667,,,,
17:10:00,769819,210,E,ML,34.205892,-118.198234,ANGELES CREST HWY NB,19.98,123,60.79999999999999,26,65.9,37,62.6,33,59.4,27,55.29999999999999,,,,
17:10:00,769831,210,E,ML,34.206745,-118.201533,ANGELES CREST HWY SB,19.78,351,62.2,94,67.23333333333333,95,64.0,83,59.46666666666667,78,56.93333333333334,,,,
17:10:00,769847,210,E,ML,34.211728,-118.228265,OCEAN VIEW,18.18,290,67.23333333333333,105,69.43333333333334,91,67.3,60,63.86666666666667,35,65.8,,,,
17:10:00,769866,210,E,ML,34.218398,-118.239738,LA CRESCENTA,17.38,521,59.6,126,63.333333333333336,123,59.93333333333334,124,61.3,149,54.63333333333333,,,,
17:10:00,769880,210,E,ML,34.221426,-118.245718,PENNSYLVANIA,16.98,488,55.73333333333333,101,61.16666666666666,135,58.06666666666666,120,53.833333333333336,133,52.73333333333333,,,,
17:10:00,769895,210,E,ML,34.230849,-118.265101,LOWELL / HONOLULU,15.68,444,59.833333333333336,130,62.7,128,61.20000000000001,103,57.833333333333336,83,56.13333333333333,,,,
17:10:00,769984,210,E,ML,34.202989,-118.191827,GOULD,20.4,334,63.23333333333333,89,68.13333333333333,91,64.86666666666666,79,60.6,74,57.96666666666667,,,,
17:10:00,770116,210,E,ML,34.234317,-118.286992,LA TUNA CANYON,14.39,287,63.29999999999999,91,68.56666666666668,88,65.39999999999999,65,57.7,42,57.6,,,,
17:10:00,770385,210,E,ML,34.206925,-118.21372,EB/NB 2 TO EB 210 CN,19.08,379,65.46666666666667,100,69.26666666666667,98,66.60000000000001,86,64.7,94,60.7,,,,
17:10:00,770578,210,E,ML,34.156489,-118.158295,WINONA WAY,24.442,213,43.03333333333333,133,46.06666666666666,80,37.8,,,,,,,,
17:15:00,717617,210,E,ML,34.179921,-118.167405,ARROYO,22.6,262,60.63333333333333,68,65.53333333333333,73,62.3,64,58.46666666666667,58,55.5,,,,
17:15:00,717620,210,E,ML,34.174756,-118.160407,LINCOLN 1,23.14,299,63.53333333333333,92,68.89999999999999,78,65.7,66,58.833333333333336,63,59.5,,,,
17:15:00,717625,210,E,ML,34.160546,-118.158748,MOUNTAIN 2,24.16,278,44.23333333333333,80,56.96666666666667,88,46.4,59,41.8,52,26.666666666666668,,,,
17:15:00,717628,210,E,ML,34.152216,-118.156144,WALNUT,24.81,77,40.833333333333336,77,40.833333333333336,,,,,,,,,,
17:15:00,717631,210,E,ML,34.15099,-118.152369,FAIR OAKS 1,25.12,123,60.5,26,65.6,37,62.29999999999999,33,59.1,27,55.1,,,,
17:15:00,717633,210,E,ML,34.151691,-118.142523,MARENGO,25.72,618,35.7,105,38.7,122,37.5,106,36.5,109,35.0,99,32.7,77,32.7
17:15:00,717635,210,E,ML,34.151658,-118.12944,LAKE 2,26.47,523,52.06666666666666,100,57.5,104,52.2,101,53.333333333333336,92,49.5,127,48.5,,
17:15:00,717638,210,E,ML,34.152187,-118.117782,HILL 1,27.14,538,41.8,122,28.633333333333336,120,27.633333333333336,104,71.43333333333334,94,68.86666666666666,98,17.833333333333332,,
17:15:00,717640,210,E,ML,34.152301,-118.109239,ALLEN,27.63,548,29.933333333333337,101,20.933333333333334,108,29.3,116,30.33333333333333,112,33.06666666666667,110,35.2,,
17:15:00,717646,210,E,ML,34.151406,-118.091041,SAN GABRIEL,28.68,510,19.46666666666667,106,16.3,104,16.266666666666666,90,18.633333333333333,94,24.433333333333334,116,21.566666666666663,,
17:15:00,717650,210,E,ML,34.147621,-118.079037,SIERRA MADRE V2,29.44,439,15.233333333333334,99,15.8,98,15.633333333333333,93,15.833333333333334,74,12.3,75,16.46666666666667,,
17:15:00,761093,210,E,HV,34.151691,-118.142523,MARENGO,25.72,123,60.5,123,60.5,,,,,,,,,,
17:15:00,761098,210,E,HV,34.151658,-118.12944,LAKE 2,26.47,123,60.5,123,60.5,,,,,,,,,,
17:15:00,761102,210,E,HV,34.152187,-118.117782,HILL 1,27.14,109,63.86666666666667,109,63.86666666666667,,,,,,,,,,
17:15:00,761105,210,E,HV,34.152301,-118.109239,ALLEN,27.63,121,30.266666666666666,121,30.266666666666666,,,,,,,,,,
17:15:00,761109,210,E,HV,34.151406,-118.091041,SAN GABRIEL,28.68,102,12.666666666666666,102,12.666666666666666,,,,,,,,,,
17:15:00,761112,210,E,HV,34.147621,-118.079037,SIERRA MADRE V2,29.44,97,12.933333333333332,97,12.933333333333332,,,,,,,,,,
17:15:00,763614,210,E,HV,34.15099,-118.152369,FAIR OAKS 1,25.12,123,60.5,123,60.5,,,,,,,,,,
17:15:00,769788,210,E,ML,34.189219,-118.180753,BERKSHIRE,21.58,309,61.93333333333334,83,66.89999999999999,85,63.70000000000001,74,59.3,67,56.63333333333333,,,,
17:15:00,769806,210,E,ML,34.196934,-118.185042,FOOTHILL,20.98,325,64.8,76,66.86666666666667,106,68.23333333333333,70,63.53333333333333,73,59.7,,,,
17:15:00,769819,210,E,ML,34.205892,-118.198234,ANGELES CREST HWY NB,19.98,123,60.5,26,65.6,37,62.29999999999999,33,59.1,27,55.1,,,,
17:15:00,769831,210,E,ML,34.206745,-118.201533,ANGELES CREST HWY SB,19.78,316,62.3,84,67.33333333333333,86,64.10000000000001,75,59.63333333333333,70,57.03333333333333,,,,
17:15:00,769847,210,E,ML,34.211728,-118.228265,OCEAN VIEW,18.18,283,66.93333333333334,107,69.46666666666667,85,67.03333333333333,57,62.833333333333336,34,64.8,,,,
17:15:00,769866,210,E,ML,34.218398,-118.239738,LA CRESCENTA,17.38,541,60.96666666666667,136,63.73333333333333,116,61.5,130,64.0,159,55.43333333333334,,,,
17:15:00,769880,210,E,ML,34.221426,-118.245718,PENNSYLVANIA,16.98,475,55.06666666666666,96,60.29999999999999,128,57.46666666666667,123,52.93333333333334,128,52.46666666666667,,,,
17:15:00,769895,210,E,ML,34.230849,-118.265101,LOWELL / HONOLULU,15.68,423,59.2,125,62.2,118,60.833333333333336,100,56.2,80,56.13333333333333,,,,
17:15:00,769984,210,E,ML,34.202989,-118.191827,GOULD,20.4,310,62.06666666666667,83,66.93333333333334,86,63.73333333333333,74,59.46666666666667,67,56.76666666666667,,,,
17:15:00,770116,210,E,ML,34.234317,-118.286992,LA TUNA CANYON,14.39,281,62.93333333333334,89,68.03333333333333,87,65.03333333333333,64,57.36666666666667,41,57.46666666666667,,,,
17:15:00,770385,210,E,ML,34.206925,-118.21372,EB/NB 2 TO EB 210 CN,19.08,359,66.5,112,69.2,93,66.7,74,66.86666666666666,79,61.53333333333333,,,,
17:15:00,770578,210,E,ML,34.156489,-118.158295,WINONA WAY,24.442,215,38.43333333333334,139,40.43333333333334,76,34.7,,,,,,,,
17:20:00,717617,210,E,ML,34.179921,-118.167405,ARROYO,22.6,231,59.86666666666667,59,64.66666666666667,65,61.53333333333334,56,57.73333333333333,51,54.833333333333336,,,,
17:20:00,717620,210,E,ML,34.174756,-118.160407,LINCOLN 1,23.14,250,62.6,79,66.93333333333334,64,64.66666666666667,46,55.93333333333334,61,61.3,,,,
17:20:00,717625,210,E,ML,34.160546,-118.158748,MOUNTAIN 2,24.16,246,44.43333333333334,73,55.6,81,45.333333333333336,57,42.1,34,24.83333333333333,,,,
17:20:00,717628,210,E,ML,34.152216,-118.156144,WALNUT,24.81,83,38.36666666666667,83,38.36666666666667,,,,,,,,,,
17:20:00,717631,210,E,ML,34.15099,-118.152369,FAIR OAKS 1,25.12,124,60.4,26,65.5,38,62.20000000000001,33,59.0,27,55.0,,,,
17:20:00,717633,210,E,ML,34.151691,-118.142523,MARENGO,25.72,618,34.8,105,37.7,122,36.5,106,35.5,109,34.1,99,31.8,77,31.8
17:20:00,717635,210,E,ML,34.151658,-118.12944,LAKE 2,26.47,517,51.66666666666666,99,57.0,102,51.833333333333336,99,53.1,91,49.16666666666666,126,48.06666666666666,,
17:20:00,717638,210,E,ML,34.152187,-118.117782,HILL 1,27.14,531,41.6,118,27.433333333333334,115,26.1,106,71.5,97,68.83333333333333,95,16.933333333333334,,
17:20:00,717640,210,E,ML,34.152301,-118.109239,ALLEN,27.63,553,30.633333333333336,105,22.366666666666664,114,30.26666666666667,116,31.133333333333336,108,31.76666666666667,110,37.0,,
17:20:00,717646,210,E,ML,34.151406,-118.091041,SAN GABRIEL,28.68,527,20.33333333333333,104,16.3,105,17.066666666666666,102,20.23333333333333,92,24.433333333333337,123,23.4,,
17:20:00,717650,210,E,ML,34.147621,-118.079037,SIERRA MADRE V2,29.44,418,14.8,95,15.433333333333332,90,15.066666666666668,92,15.2,68,12.033333333333331,74,16.3,,
17:20:00,761093,210,E,HV,34.151691,-118.142523,MARENGO,25.72,124,60.4,124,60.4,,,,,,,,,,
17:20:00,761098,210,E,HV,34.151658,-118.12944,LAKE 2,26.47,124,60.4,124,60.4,,,,,,,,,,
17:20:00,761102,210,E,HV,34.152187,-118.117782,HILL 1,27.14,101,63.76666666666666,101,63.76666666666666,,,,,,,,,,
17:20:00,761105,210,E,HV,34.152301,-118.109239,ALLEN,27.63,119,29.566666666666663,119,29.566666666666663,,,,,,,,,,
17:20:00,761109,210,E,HV,34.151406,-118.091041,SAN GABRIEL,28.68,96,13.033333333333331,96,13.033333333333331,,,,,,,,,,
17:20:00,761112,210,E,HV,34.147621,-118.079037,SIERRA MADRE V2,29.44,88,12.4,88,12.4,,,,,,,,,,
17:20:00,763614,210,E,HV,34.15099,-118.152369,FAIR OAKS 1,25.12,124,60.4,124,60.4,,,,,,,,,,
17:20:00,769788,210,E,ML,34.189219,-118.180753,BERKSHIRE,21.58,297,63.46666666666666,78,68.56666666666666,81,65.33333333333333,71,60.8,66,58.06666666666666,,,,
17:20:00,769806,210,E,ML,34.196934,-118.185042,FOOTHILL,20.98,304,66.33333333333333,76,69.5,84,66.63333333333333,79,64.43333333333334,65,64.43333333333334,,,,
17:20:00,769819,210,E,ML,34.205892,-118.198234,ANGELES CREST HWY NB,19.98,124,60.4,26,65.5,38,62.20000000000001,33,59.0,27,55.0,,,,
17:20:00,769831,210,E,ML,34.206745,-118.201533,ANGELES CREST HWY SB,19.78,301,61.333333333333336,80,66.26666666666667,83,63.03333333333333,72,58.6,67,56.16666666666666,,,,
17:20:00,769847,210,E,ML,34.211728,-118.228265,OCEAN VIEW,18.18,296,66.96666666666667,110,69.26666666666667,92,66.8,62,62.8,33,65.53333333333333,,,,
17:20:00,769866,210,E,ML,34.218398,-118.239738,LA CRESCENTA,17.38,526,60.0,124,63.46666666666667,122,61.29999999999999,126,62.96666666666667,153,53.5,,,,
17:20:00,769880,210,E,ML,34.221426,-118.245718,PENNSYLVANIA,16.98,540,54.86666666666667,111,58.833333333333336,152,57.53333333333333,139,52.8,138,52.53333333333333,,,,
17:20:00,769895,210,E,ML,34.230849,-118.265101,LOWELL / HONOLULU,15.68,468,59.06666666666666,137,62.06666666666666,128,60.76666666666667,110,56.13333333333333,93,56.0,,,,
17:20:00,769984,210,E,ML,34.202989,-118.191827,GOULD,20.4,297,63.5,78,68.53333333333333,81,65.26666666666667,71,60.833333333333336,67,58.16666666666666,,,,
17:20:00,770116,210,E,ML,34.234317,-118.286992,LA TUNA CANYON,14.39,295,62.96666666666666,94,67.7,91,64.76666666666667,67,58.2,43,57.63333333333333,,,,
17:20:00,770385,210,E,ML,34.206925,-118.21372,EB/NB 2 TO EB 210 CN,19.08,308,64.56666666666668,91,68.76666666666667,80,66.33333333333333,66,59.1,71,61.23333333333333,,,,
17:20:00,770578,210,E,ML,34.156489,-118.158295,WINONA WAY,24.442,220,36.96666666666667,138,40.06666666666666,82,31.633333333333336,,,,,,,,
17:25:00,717617,210,E,ML,34.179921,-118.167405,ARROYO,22.6,233,59.0,59,63.833333333333336,65,60.6,57,56.8,51,54.0,,,,
17:25:00,717620,210,E,ML,34.174756,-118.160407,LINCOLN 1,23.14,217,62.8,62,67.66666666666667,49,65.7,54,59.23333333333333,52,58.76666666666667,,,,
17:25:00,717625,210,E,ML,34.160546,-118.158748,MOUNTAIN 2,24.16,268,43.16666666666666,73,56.96666666666667,82,44.66666666666666,60,42.06666666666667,53,25.6,,,,
17:25:00,717628,210,E,ML,34.152216,-118.156144,WALNUT,24.81,87,39.0,87,39.0,,,,,,,,,,
17:25:00,717631,210,E,ML,34.15099,-118.152369,FAIR OAKS 1,25.12,123,60.20000000000001,26,65.3,37,61.9,33,58.79999999999999,27,54.79999999999999,,,,
17:25:00,717633,210,E,ML,34.151691,-118.142523,MARENGO,25.72,612,33.7,104,36.5,121,35.4,105,34.4,108,33.1,98,30.8,76,30.8
17:25:00,717635,210,E,ML,34.151658,-118.12944,LAKE 2,26.47,566,52.833333333333336,108,58.36666666666667,113,52.9,109,54.13333333333333,99,50.43333333333334,137,49.16666666666666,,
17:25:00,717638,210,E,ML,34.152187,-118.117782,HILL 1,27.14,573,43.03333333333333,129,31.7,120,30.23333333333333,109,71.39999999999999,102,68.86666666666666,113,19.066666666666663,,
17:25:00,717640,210,E,ML,34.152301,-118.109239,ALLEN,27.63,576,32.56666666666667,110,23.433333333333334,120,33.0,120,33.4,114,34.6,112,38.0,,
17:25:00,717646,210,E,ML,34.151406,-118.091041,SAN GABRIEL,28.68,514,20.33333333333333,104,16.266666666666666,99,17.400000000000002,96,20.8,101,24.5,115,22.46666666666667,,
17:25:00,717650,210,E,ML,34.147621,-118.079037,SIERRA MADRE V2,29.44,420,15.166666666666666,101,15.933333333333332,94,16.366666666666664,91,15.566666666666668,70,12.233333333333334,65,15.3,,
17:25:00,761093,210,E,HV,34.151691,-118.142523,MARENGO,25.72,123,60.20000000000001,123,60.20000000000001,,,,,,,,,,
17:25:00,761098,210,E,HV,34.151658,-118.12944,LAKE 2,26.47,123,60.20000000000001,123,60.20000000000001,,,,,,,,,,
17:25:00,761102,210,E,HV,34.152187,-118.117782,HILL 1,27.14,113,63.900000000000006,113,63.900000000000006,,,,,,,,,,
17:25:00,761105,210,E,HV,34.152301,-118.109239,ALLEN,27.63,130,30.7,130,30.7,,,,,,,,,,
17:25:00,761109,210,E,HV,34.151406,-118.091041,SAN GABRIEL,28.68,92,12.8,92,12.8,,,,,,,,,,
17:25:00,761112,210,E,HV,34.147621,-118.079037,SIERRA MADRE V2,29.44,91,12.0,91,12.0,,,,,,,,,,
17:25:00,763614,210,E,HV,34.15099,-118.152369,FAIR OAKS 1,25.12,123,60.20000000000001,123,60.20000000000001,,,,,,,,,,
17:25:00,769788,210,E,ML,34.189219,-118.180753,BERKSHIRE,21.58,288,56.73333333333333,76,61.23333333333334,79,58.23333333333333,69,54.26666666666667,64,52.2,,,,
17:25:00,769806,210,E,ML,34.196934,-118.185042,FOOTHILL,20.98,300,58.73333333333333,69,61.1,100,61.03333333333333,77,57.0,53,53.9,,,,
17:25:00,769819,210,E,ML,34.205892,-118.198234,ANGELES CREST HWY NB,19.98,123,60.20000000000001,26,65.3,37,61.9,33,58.79999999999999,27,54.79999999999999,,,,
17:25:00,769831,210,E,ML,34.206745,-118.201533,ANGELES CREST HWY SB,19.78,289,60.8,77,65.73333333333333,79,62.53333333333334,69,58.06666666666666,63,55.63333333333333,,,,
17:25:00,769847,210,E,ML,34.211728,-118.228265,OCEAN VIEW,18.18,294,66.76666666666667,111,69.7,89,67.73333333333333,60,62.5,34,63.56666666666666,,,,
17:25:00,769866,210,E,ML,34.218398,-118.239738,LA CRESCENTA,17.38,592,59.93333333333334,145,63.16666666666666,139,60.4,150,62.633333333333326,157,53.53333333333333,,,,
17:25:00,769880,210,E,ML,34.221426,-118.245718,PENNSYLVANIA,16.98,511,53.76666666666667,106,57.63333333333333,141,56.26666666666667,133,51.96666666666667,131,51.36666666666667,,,,
17:25:00,769895,210,E,ML,34.230849,-118.265101,LOWELL / HONOLULU,15.68,431,58.73333333333333,125,61.13333333333333,123,60.06666666666666,101,57.16666666666666,82,55.13333333333333,,,,
17:25:00,769984,210,E,ML,34.202989,-118.191827,GOULD,20.4,289,56.86666666666667,77,61.23333333333333,79,58.26666666666667,69,54.53333333333333,64,52.43333333333334,,,,
17:25:00,770116,210,E,ML,34.234317,-118.286992,LA TUNA CANYON,14.39,271,64.5,85,69.66666666666667,84,66.26666666666667,62,59.96666666666667,40,58.2,,,,
17:25:00,770385,210,E,ML,34.206925,-118.21372,EB/NB 2 TO EB 210 CN,19.08,340,64.53333333333335,107,69.53333333333333,100,66.2,62,57.43333333333334,71,60.6,,,,
17:25:00,770578,210,E,ML,34.156489,-118.158295,WINONA WAY,24.442,207,36.66666666666666,119,39.63333333333333,87,32.43333333333333,,,,,,,,
17:30:00,717617,210,E,ML,34.179921,-118.167405,ARROYO,22.6,221,62.13333333333333,56,67.2,62,63.86666666666667,54,59.9,49,56.833333333333336,,,,
17:30:00,717620,210,E,ML,34.174756,-118.160407,LINCOLN 1,23.14,209,64.46666666666665,43,68.56666666666666,65,66.03333333333333,55,64.33333333333333,46,59.5,,,,
17:30:00,717625,210,E,ML,34.160546,-118.158748,MOUNTAIN 2,24.16,260,43.3,71,57.56666666666667,79,44.7,58,42.36666666666667,53,25.766666666666666,,,,
17:30:00,717628,210,E,ML,34.152216,-118.156144,WALNUT,24.81,82,39.8,82,39.8,,,,,,,,,,
17:30:00,717631,210,E,ML,34.15099,-118.152369,FAIR OAKS 1,25.12,123,60.1,26,65.2,37,61.79999999999999,33,58.70000000000001,27,54.70000000000001,,,,
17:30:00,717633,210,E,ML,34.151691,-118.142523,MARENGO,25.72,612,33.5,104,36.3,121,35.1,105,34.2,108,32.9,98,30.600000000000005,76,30.600000000000005
17:30:00,717635,210,E,ML,34.151658,-118.12944,LAKE 2,26.47,591,53.13333333333333,112,58.66666666666666,118,53.20000000000001,115,54.43333333333334,103,50.76666666666667,143,49.46666666666667,,
17:30:00,717638,210,E,ML,34.152187,-118.117782,HILL 1,27.14,590,44.53333333333333,131,33.9,126,31.33333333333333,116,71.36666666666667,106,68.76666666666667,112,20.96666666666667,,
17:30:00,717640,210,E,ML,34.152301,-118.109239,ALLEN,27.63,576,33.333333333333336,111,24.0,116,33.26666666666667,122,33.833333333333336,114,36.93333333333333,113,38.43333333333334,,
17:30:00,717646,210,E,ML,34.151406,-118.091041,SAN GABRIEL,28.68,504,20.066666666666663,102,16.6,94,16.233333333333334,92,20.2,98,25.2,118,21.5,,
17:30:00,717650,210,E,ML,34.147621,-118.079037,SIERRA MADRE V2,29.44,427,15.9,99,16.866666666666667,94,16.766666666666666,99,17.066666666666666,69,12.6,66,15.333333333333334,,
17:30:00,761093,210,E,HV,34.151691,-118.142523,MARENGO,25.72,123,60.1,123,60.1,,,,,,,,,,
17:30:00,761098,210,E,HV,34.151658,-118.12944,LAKE 2,26.47,123,60.1,123,60.1,,,,,,,,,,
17:30:00,761102,210,E,HV,34.152187,-118.117782,HILL 1,27.14,118,63.93333333333334,118,63.93333333333334,,,,,,,,,,
17:30:00,761105,210,E,HV,34.152301,-118.109239,ALLEN,27.63,129,31.8,129,31.8,,,,,,,,,,
17:30:00,761109,210,E,HV,34.151406,-118.091041,SAN GABRIEL,28.68,100,13.833333333333334,100,13.833333333333334,,,,,,,,,,
17:30:00,761112,210,E,HV,34.147621,-118.079037,SIERRA MADRE V2,29.44,88,12.1,88,12.1,,,,,,,,,,
17:30:00,763614,210,E,HV,34.15099,-118.152369,FAIR OAKS 1,25.12,123,60.1,123,60.1,,,,,,,,,,
17:30:00,769788,210,E,ML,34.189219,-118.180753,BERKSHIRE,21.58,313,60.96666666666667,83,65.86666666666667,86,62.7,75,58.26666666666667,69,55.76666666666667,,,,
17:30:00,769806,210,E,ML,34.196934,-118.185042,FOOTHILL,20.98,328,62.66666666666666,79,65.53333333333333,98,63.5,85,64.63333333333334,66,55.6,,,,
17:30:00,769819,210,E,ML,34.205892,-118.198234,ANGELES CREST HWY NB,19.98,123,60.1,26,65.2,37,61.79999999999999,33,58.70000000000001,27,54.70000000000001,,,,
17:30:00,769831,210,E,ML,34.206745,-118.201533,ANGELES CREST HWY SB,19.78,262,60.73333333333333,68,65.66666666666667,72,62.46666666666667,63,58.1,59,55.7,,,,
17:30:00,769847,210,E,ML,34.211728,-118.228265,OCEAN VIEW,18.18,279,66.83333333333333,101,69.53333333333333,91,66.26666666666667,55,63.73333333333334,33,65.23333333333333,,,,
17:30:00,769866,210,E,ML,34.218398,-118.239738,LA CRESCENTA,17.38,519,60.66666666666666,116,63.833333333333336,115,60.63333333333333,135,64.03333333333333,154,54.96666666666667,,,,
17:30:00,769880,210,E,ML,34.221426,-118.245718,PENNSYLVANIA,16.98,500,55.833333333333336,97,60.73333333333333,135,57.96666666666667,141,54.86666666666667,127,52.43333333333334,,,,
17:30:00,769895,210,E,ML,34.230849,-118.265101,LOWELL / HONOLULU,15.68,473,59.633333333333326,141,62.56666666666666,131,60.23333333333333,109,58.133333333333326,92,56.333333333333336,,,,
17:30:00,769984,210,E,ML,34.202989,-118.191827,GOULD,20.4,314,61.0,84,65.83333333333333,86,62.6,75,58.46666666666667,70,55.96666666666667,,,,
17:30:00,770116,210,E,ML,34.234317,-118.286992,LA TUNA CANYON,14.39,278,61.73333333333333,88,66.26666666666667,86,63.53333333333333,63,56.86666666666667,41,57.1,,,,
17:30:00,770385,210,E,ML,34.206925,-118.21372,EB/NB 2 TO EB 210 CN,19.08,292,65.13333333333333,91,71.0,80,65.3,61,60.4,60,60.03333333333333,,,,
17:30:00,770578,210,E,ML,34.156489,-118.158295,WINONA WAY,24.442,213,37.13333333333333,131,39.26666666666667,82,33.4,,,,,,,,
17:35:00,717617,210,E,ML,34.179921,-118.167405,ARROYO,22.6,239,61.56666666666666,61,66.46666666666667,67,63.20000000000001,58,59.4,53,56.333333333333336,,,,
17:35:00,717620,210,E,ML,34.174756,-118.160407,LINCOLN 1,23.14,239,64.53333333333333,67,69.13333333333334,66,66.76666666666667,54,63.9,52,57.36666666666667,,,,
17:35:00,717625,210,E,ML,34.160546,-118.158748,MOUNTAIN 2,24.16,231,44.56666666666666,64,56.96666666666667,86,46.333333333333336,42,42.333333333333336,38,24.7,,,,
17:35:00,717628,210,E,ML,34.152216,-118.156144,WALNUT,24.81,68,37.66666666666666,68,37.66666666666666,,,,,,,,,,
17:35:00,717631,210,E,ML,34.15099,-118.152369,FAIR OAKS 1,25.12,124,60.29999999999999,26,65.4,38,62.0,33,58.9,27,54.9,,,,
17:35:00,717633,210,E,ML,34.151691,-118.142523,MARENGO,25.72,612,33.2,104,36.0,121,34.8,105,33.9,108,32.6,98,30.399999999999995,76,30.399999999999995
17:35:00,717635,210,E,ML,34.151658,-118.12944,LAKE 2,26.47,556,52.76666666666667,106,58.2,111,53.0,107,54.0,97,50.26666666666667,135,49.06666666666666,,
17:35:00,717638,210,E,ML,34.152187,-118.117782,HILL 1,27.14,558,43.56666666666666,125,31.73333333333333,121,30.0,103,71.26666666666667,104,68.76666666666667,105,20.7,,
17:35:00,717640,210,E,ML,34.152301,-118.109239,ALLEN,27.63,567,32.93333333333333,111,23.83333333333333,116,32.7,116,33.46666666666667,107,35.800000000000004,117,38.36666666666667,,
17:35:00,717646,210,E,ML,34.151406,-118.091041,SAN GABRIEL,28.68,471,18.96666666666667,96,15.833333333333334,90,14.833333333333334,82,18.066666666666663,90,25.2,112,20.633333333333333,,
17:35:00,717650,210,E,ML,34.147621,-118.079037,SIERRA MADRE V2,29.44,377,14.566666666666668,92,16.266666666666666,85,15.5,84,15.199999999999998,54,10.2,62,14.4,,
17:35:00,761093,210,E,HV,34.151691,-118.142523,MARENGO,25.72,124,60.29999999999999,124,60.29999999999999,,,,,,,,,,
17:35:00,761098,210,E,HV,34.151658,-118.12944,LAKE 2,26.47,124,60.29999999999999,124,60.29999999999999,,,,,,,,,,
17:35:00,761102,210,E,HV,34.152187,-118.117782,HILL 1,27.14,111,63.76666666666667,111,63.76666666666667,,,,,,,,,,
17:35:00,761105,210,E,HV,34.152301,-118.109239,ALLEN,27.63,120,29.133333333333336,120,29.133333333333336,,,,,,,,,,
17:35:00,761109,210,E,HV,34.151406,-118.091041,SAN GABRIEL,28.68,92,12.800000000000002,92,12.800000000000002,,,,,,,,,,
17:35:00,761112,210,E,HV,34.147621,-118.079037,SIERRA MADRE V2,29.44,85,10.866666666666667,85,10.866666666666667,,,,,,,,,,
17:35:00,763614,210,E,HV,34.15099,-118.152369,FAIR OAKS 1,25.12,124,60.29999999999999,124,60.29999999999999,,,,,,,,,,
17:35:00,769788,210,E,ML,34.189219,-118.180753,BERKSHIRE,21.58,284,60.13333333333333,76,64.96666666666667,78,61.79999999999999,68,57.5,62,55.13333333333333,,,,
17:35:00,769806,210,E,ML,34.196934,-118.185042,FOOTHILL,20.98,313,63.16666666666666,73,65.89999999999999,103,64.7,72,63.66666666666666,66,57.46666666666667,,,,
17:35:00,769819,210,E,ML,34.205892,-118.198234,ANGELES CREST HWY NB,19.98,124,60.29999999999999,26,65.4,38,62.0,33,58.9,27,54.9,,,,
17:35:00,769831,210,E,ML,34.206745,-118.201533,ANGELES CREST HWY SB,19.78,313,60.73333333333333,84,65.56666666666666,86,62.4,74,58.06666666666666,69,55.63333333333333,,,,
17:35:00,769847,210,E,ML,34.211728,-118.228265,OCEAN VIEW,18.18,295,67.06666666666666,110,69.26666666666667,95,66.96666666666667,59,65.10000000000001,31,63.03333333333334,,,,
17:35:00,769866,210,E,ML,34.218398,-118.239738,LA CRESCENTA,17.38,526,61.56666666666666,113,65.7,111,61.03333333333333,143,63.03333333333333,158,57.26666666666667,,,,
17:35:00,769880,210,E,ML,34.221426,-118.245718,PENNSYLVANIA,16.98,474,58.23333333333333,97,65.96666666666667,128,59.26666666666667,125,57.1,124,53.46666666666667,,,,
17:35:00,769895,210,E,ML,34.230849,-118.265101,LOWELL / HONOLULU,15.68,414,61.26666666666666,115,64.16666666666667,117,62.6,98,59.26666666666667,84,58.03333333333334,,,,
17:35:00,769984,210,E,ML,34.202989,-118.191827,GOULD,20.4,285,60.16666666666666,76,64.93333333333334,78,61.76666666666667,68,57.63333333333333,62,55.26666666666667,,,,
17:35:00,770116,210,E,ML,34.234317,-118.286992,LA TUNA CANYON,14.39,273,63.56666666666666,86,68.43333333333334,85,65.33333333333333,62,58.86666666666667,40,57.833333333333336,,,,
17:35:00,770385,210,E,ML,34.206925,-118.21372,EB/NB 2 TO EB 210 CN,19.08,335,65.43333333333334,101,70.13333333333333,87,64.96666666666665,69,59.13333333333333,78,64.56666666666666,,,,
17:35:00,770578,210,E,ML,34.156489,-118.158295,WINONA WAY,24.442,200,38.2,134,41.73333333333333,65,30.73333333333333,,,,,,,,
17:40:00,717617,210,E,ML,34.179921,-118.167405,ARROYO,22.6,218,61.1,55,66.13333333333333,61,62.833333333333336,53,58.9,48,55.9,,,,
17:40:00,717620,210,E,ML,34.174756,-118.160407,LINCOLN 1,23.14,236,64.5,71,68.96666666666667,69,66.83333333333333,54,61.833333333333336,41,60.63333333333333,,,,
17:40:00,717625,210,E,ML,34.160546,-118.158748,MOUNTAIN 2,24.16,252,43.93333333333334,69,58.56666666666667,79,47.03333333333334,50,41.5,54,25.7,,,,
17:40:00,717628,210,E,ML,34.152216,-118.156144,WALNUT,24.81,69,41.2,69,41.2,,,,,,,,,,
17:40:00,717631,210,E,ML,34.15099,-118.152369,FAIR OAKS 1,25.12,123,60.5,26,65.6,37,62.29999999999999,33,59.1,27,55.1,,,,
17:40:00,717633,210,E,ML,34.151691,-118.142523,MARENGO,25.72,616,33.6,104,36.4,122,35.3,106,34.3,108,33.0,99,30.7,77,30.7
17:40:00,717635,210,E,ML,34.151658,-118.12944,LAKE 2,26.47,534,52.96666666666667,102,58.4,106,53.26666666666667,103,54.20000000000001,93,50.46666666666667,130,49.2,,
17:40:00,717638,210,E,ML,34.152187,-118.117782,HILL 1,27.14,558,43.6,126,32.06666666666667,126,30.366666666666664,108,71.33333333333333,101,68.83333333333333,97,18.466666666666665,,
17:40:00,717640,210,E,ML,34.152301,-118.109239,ALLEN,27.63,548,31.6,100,21.3,113,32.2,116,32.300000000000004,107,34.166666666666664,111,36.8,,
17:40:00,717646,210,E,ML,34.151406,-118.091041,SAN GABRIEL,28.68,427,16.599999999999998,94,14.733333333333334,84,13.033333333333331,73,15.033333333333331,77,21.7,99,18.2,,
17:40:00,717650,210,E,ML,34.147621,-118.079037,SIERRA MADRE V2,29.44,363,12.833333333333334,88,14.0,82,13.199999999999998,80,13.8,54,9.333333333333334,59,13.333333333333334,,
17:40:00,761093,210,E,HV,34.151691,-118.142523,MARENGO,25.72,123,60.5,123,60.5,,,,,,,,,,
17:40:00,761098,210,E,HV,34.151658,-118.12944,LAKE 2,26.47,123,60.5,123,60.5,,,,,,,,,,
17:40:00,761102,210,E,HV,34.152187,-118.117782,HILL 1,27.14,111,63.833333333333336,111,63.833333333333336,,,,,,,,,,
17:40:00,761105,210,E,HV,34.152301,-118.109239,ALLEN,27.63,121,29.433333333333334,121,29.433333333333334,,,,,,,,,,
17:40:00,761109,210,E,HV,34.151406,-118.091041,SAN GABRIEL,28.68,90,11.933333333333332,90,11.933333333333332,,,,,,,,,,
17:40:00,761112,210,E,HV,34.147621,-118.079037,SIERRA MADRE V2,29.44,89,11.633333333333333,89,11.633333333333333,,,,,,,,,,
17:40:00,763614,210,E,HV,34.15099,-118.152369,FAIR OAKS 1,25.12,123,60.5,123,60.5,,,,,,,,,,
17:40:00,769788,210,E,ML,34.189219,-118.180753,BERKSHIRE,21.58,287,61.0,76,65.96666666666665,79,62.76666666666667,69,58.36666666666667,64,55.9,,,,
17:40:00,769806,210,E,ML,34.196934,-118.185042,FOOTHILL,20.98,310,64.03333333333333,74,66.2,95,65.93333333333332,79,66.3,61,55.3,,,,
17:40:00,769819,210,E,ML,34.205892,-118.198234,ANGELES CREST HWY NB,19.98,123,60.5,26,65.6,37,62.29999999999999,33,59.1,27,55.1,,,,
17:40:00,769831,210,E,ML,34.206745,-118.201533,ANGELES CREST HWY SB,19.78,288,59.96666666666667,76,64.83333333333333,79,61.66666666666666,69,57.333333333333336,64,55.0,,,,
17:40:00,769847,210,E,ML,34.211728,-118.228265,OCEAN VIEW,18.18,281,66.73333333333333,106,70.16666666666667,78,66.83333333333333,63,63.2,34,62.3,,,,
17:40:00,769866,210,E,ML,34.218398,-118.239738,LA CRESCENTA,17.38,559,62.9,127,65.93333333333334,118,61.8,147,65.3,167,59.06666666666666,,,,
17:40:00,769880,210,E,ML,34.221426,-118.245718,PENNSYLVANIA,16.98,495,58.63333333333333,109,64.96666666666665,128,59.5,127,58.46666666666667,131,54.23333333333333,,,,
17:40:00,769895,210,E,ML,34.230849,-118.265101,LOWELL / HONOLULU,15.68,433,62.66666666666666,125,65.0,120,63.4,102,61.7,85,59.9,,,,
17:40:00,769984,210,E,ML,34.202989,-118.191827,GOULD,20.4,288,61.03333333333333,76,65.86666666666666,79,62.66666666666666,69,58.46666666666667,64,56.0,,,,
17:40:00,770116,210,E,ML,34.234317,-118.286992,LA TUNA CANYON,14.39,285,63.866666666666674,91,68.8,88,65.63333333333334,65,59.16666666666666,42,58.0,,,,
17:40:00,770385,210,E,ML,34.206925,-118.21372,EB/NB 2 TO EB 210 CN,19.08,309,61.3,95,60.8,77,63.0,64,58.13333333333333,73,62.03333333333333,,,,
17:40:00,770578,210,E,ML,34.156489,-118.158295,WINONA WAY,24.442,170,40.36666666666667,104,43.7,66,35.166666666666664,,,,,,,,
17:45:00,717617,210,E,ML,34.179921,-118.167405,ARROYO,22.6,197,60.36666666666667,49,65.26666666666667,56,62.03333333333333,49,58.23333333333333,44,55.333333333333336,,,,
17:45:00,717620,210,E,ML,34.174756,-118.160407,LINCOLN 1,23.14,199,64.46666666666667,62,69.60000000000001,51,66.86666666666667,47,61.8,39,58.13333333333333,,,,
17:45:00,717625,210,E,ML,34.160546,-118.158748,MOUNTAIN 2,24.16,238,44.43333333333334,60,59.26666666666667,75,48.6,43,43.73333333333333,59,26.566666666666663,,,,
17:45:00,717628,210,E,ML,34.152216,-118.156144,WALNUT,24.81,63,42.36666666666667,63,42.36666666666667,,,,,,,,,,
17:45:00,717631,210,E,ML,34.15099,-118.152369,FAIR OAKS 1,25.12,123,60.6,26,65.7,37,62.4,33,59.20000000000001,27,55.20000000000001,,,,
17:45:00,717633,210,E,ML,34.151691,-118.142523,MARENGO,25.72,615,34.3,104,37.2,121,36.0,106,35.0,108,33.7,99,31.399999999999995,77,31.399999999999995
17:45:00,717635,210,E,ML,34.151658,-118.12944,LAKE 2,26.47,511,51.86666666666667,98,57.333333333333336,101,51.9,98,53.2,90,49.36666666666667,124,48.333333333333336,,
17:45:00,717638,210,E,ML,34.152187,-118.117782,HILL 1,27.14,517,41.76666666666667,117,28.666666666666668,112,27.0,99,71.46666666666667,95,69.0,94,17.2,,
17:45:00,717640,210,E,ML,34.152301,-118.109239,ALLEN,27.63,509,28.46666666666667,91,18.5,108,28.966666666666665,104,29.96666666666667,101,29.33333333333333,106,34.0,,
17:45:00,717646,210,E,ML,34.151406,-118.091041,SAN GABRIEL,28.68,427,15.6,91,14.433333333333332,87,12.466666666666669,70,13.266666666666666,75,19.0,104,18.2,,
17:45:00,717650,210,E,ML,34.147621,-118.079037,SIERRA MADRE V2,29.44,365,11.7,86,12.566666666666668,81,12.266666666666666,82,12.933333333333332,58,8.033333333333333,57,12.333333333333334,,
17:45:00,761093,210,E,HV,34.151691,-118.142523,MARENGO,25.72,123,60.6,123,60.6,,,,,,,,,,
17:45:00,761098,210,E,HV,34.151658,-118.12944,LAKE 2,26.47,123,60.6,123,60.6,,,,,,,,,,
17:45:00,761102,210,E,HV,34.152187,-118.117782,HILL 1,27.14,101,63.9,101,63.9,,,,,,,,,,
17:45:00,761105,210,E,HV,34.152301,-118.109239,ALLEN,27.63,113,27.96666666666667,113,27.96666666666667,,,,,,,,,,
17:45:00,761109,210,E,HV,34.151406,-118.091041,SAN GABRIEL,28.68,86,11.566666666666668,86,11.566666666666668,,,,,,,,,,
17:45:00,761112,210,E,HV,34.147621,-118.079037,SIERRA MADRE V2,29.44,91,11.466666666666669,91,11.466666666666669,,,,,,,,,,
17:45:00,763614,210,E,HV,34.15099,-118.152369,FAIR OAKS 1,25.12,123,60.6,123,60.6,,,,,,,,,,
17:45:00,769788,210,E,ML,34.189219,-118.180753,BERKSHIRE,21.58,304,63.73333333333333,81,68.83333333333333,83,65.56666666666666,72,61.03333333333333,68,58.29999999999999,,,,
17:45:00,769806,210,E,ML,34.196934,-118.185042,FOOTHILL,20.98,316,66.23333333333333,75,69.03333333333335,100,66.76666666666667,82,67.8,59,60.0,,,,
17:45:00,769819,210,E,ML,34.205892,-118.198234,ANGELES CREST HWY NB,19.98,123,60.6,26,65.7,37,62.4,33,59.20000000000001,27,55.20000000000001,,,,
17:45:00,769831,210,E,ML,34.206745,-118.201533,ANGELES CREST HWY SB,19.78,294,61.5,78,66.43333333333334,81,63.23333333333333,71,58.833333333333336,64,56.3,,,,
17:45:00,769847,210,E,ML,34.211728,-118.228265,OCEAN VIEW,18.18,304,67.43333333333334,114,69.76666666666667,94,67.26666666666667,63,65.2,33,63.5,,,,
17:45:00,769866,210,E,ML,34.218398,-118.239738,LA CRESCENTA,17.38,517,64.63333333333334,124,66.60000000000001,116,63.43333333333334,129,68.96666666666667,148,59.86666666666667,,,,
17:45:00,769880,210,E,ML,34.221426,-118.245718,PENNSYLVANIA,16.98,493,59.73333333333333,104,66.36666666666666,133,59.7,123,61.46666666666667,133,54.66666666666666,,,,
17:45:00,769895,210,E,ML,34.230849,-118.265101,LOWELL / HONOLULU,15.68,429,62.5,130,64.7,120,62.866666666666674,101,61.833333333333336,78,59.76666666666667,,,,
17:45:00,769984,210,E,ML,34.202989,-118.191827,GOULD,20.4,306,63.73333333333333,82,68.8,83,65.46666666666667,73,61.1,68,58.333333333333336,,,,
17:45:00,770116,210,E,ML,34.234317,-118.286992,LA TUNA CANYON,14.39,268,63.1,85,67.89999999999999,83,64.93333333333334,61,58.333333333333336,40,57.73333333333333,,,,
17:45:00,770385,210,E,ML,34.206925,-118.21372,EB/NB 2 TO EB 210 CN,19.08,323,65.2,107,66.5,87,65.23333333333333,64,65.83333333333333,65,64.0,,,,
17:45:00,770578,210,E,ML,34.156489,-118.158295,WINONA WAY,24.442,168,42.2,110,45.23333333333333,58,36.63333333333333,,,,,,,,
17:50:00,717617,210,E,ML,34.179921,-118.167405,ARROYO,22.6,225,61.2,57,66.2,63,62.9,55,59.03333333333333,50,56.03333333333333,,,,
17:50:00,717620,210,E,ML,34.174756,-118.160407,LINCOLN 1,23.14,221,65.13333333333333,65,69.66666666666667,54,67.13333333333334,57,62.86666666666667,45,60.900000000000006,,,,
17:50:00,717625,210,E,ML,34.160546,-118.158748,MOUNTAIN 2,24.16,259,46.13333333333333,67,59.6,81,50.3,53,45.23333333333334,58,28.133333333333336,,,,
17:50:00,717628,210,E,ML,34.152216,-118.156144,WALNUT,24.81,68,42.96666666666667,68,42.96666666666667,,,,,,,,,,
17:50:00,717631,210,E,ML,34.15099,-118.152369,FAIR OAKS 1,25.12,123,60.70000000000001,26,65.8,37,62.5,33,59.29999999999999,27,55.20000000000001,,,,
17:50:00,717633,210,E,ML,34.151691,-118.142523,MARENGO,25.72,612,34.6,104,37.5,121,36.3,105,35.3,108,33.9,98,31.600000000000005,76,31.600000000000005
17:50:00,717635,210,E,ML,34.151658,-118.12944,LAKE 2,26.47,513,51.56666666666666,99,57.03333333333333,101,51.43333333333334,99,52.93333333333334,90,49.0,125,48.1,,
17:50:00,717638,210,E,ML,34.152187,-118.117782,HILL 1,27.14,515,41.333333333333336,110,26.7,113,26.266666666666666,100,71.23333333333333,95,69.0,96,16.900000000000002,,
17:50:00,717640,210,E,ML,34.152301,-118.109239,ALLEN,27.63,509,26.7,89,15.9,99,26.766666666666666,112,27.1,106,29.4,103,32.766666666666666,,
17:50:00,717646,210,E,ML,34.151406,-118.091041,SAN GABRIEL,28.68,489,16.900000000000002,99,15.533333333333331,99,13.833333333333334,87,15.666666666666666,89,20.266666666666666,115,18.966666666666665,,
17:50:00,717650,210,E,ML,34.147621,-118.079037,SIERRA MADRE V2,29.44,396,12.433333333333332,97,13.6,91,13.1,86,12.633333333333333,58,8.166666666666666,64,13.766666666666666,,
17:50:00,761093,210,E,HV,34.151691,-118.142523,MARENGO,25.72,122,60.70000000000001,122,60.70000000000001,,,,,,,,,,
17:50:00,761098,210,E,HV,34.151658,-118.12944,LAKE 2,26.47,122,60.70000000000001,122,60.70000000000001,,,,,,,,,,
17:50:00,761102,210,E,HV,34.152187,-118.117782,HILL 1,27.14,95,64.0,95,64.0,,,,,,,,,,
17:50:00,761105,210,E,HV,34.152301,-118.109239,ALLEN,27.63,116,27.7,116,27.7,,,,,,,,,,
17:50:00,761109,210,E,HV,34.151406,-118.091041,SAN GABRIEL,28.68,94,11.9,94,11.9,,,,,,,,,,
17:50:00,761112,210,E,HV,34.147621,-118.079037,SIERRA MADRE V2,29.44,88,11.566666666666668,88,11.566666666666668,,,,,,,,,,
17:50:00,763614,210,E,HV,34.15099,-118.152369,FAIR OAKS 1,25.12,122,60.70000000000001,122,60.70000000000001,,,,,,,,,,
17:50:00,769788,210,E,ML,34.189219,-118.180753,BERKSHIRE,21.58,322,64.39999999999999,86,69.56666666666666,88,66.23333333333333,77,61.73333333333333,72,58.93333333333334,,,,
17:50:00,769806,210,E,ML,34.196934,-118.185042,FOOTHILL,20.98,334,66.83333333333333,82,69.53333333333333,97,67.03333333333333,90,67.66666666666667,65,61.23333333333333,,,,
17:50:00,769819,210,E,ML,34.205892,-118.198234,ANGELES CREST HWY NB,19.98,123,60.70000000000001,26,65.8,37,62.5,33,59.29999999999999,27,55.20000000000001,,,,
17:50:00,769831,210,E,ML,34.206745,-118.201533,ANGELES CREST HWY SB,19.78,262,64.0,69,69.13333333333334,72,65.86666666666666,63,61.3,58,58.53333333333333,,,,
17:50:00,769847,210,E,ML,34.211728,-118.228265,OCEAN VIEW,18.18,286,67.8,111,70.06666666666666,91,68.06666666666668,55,63.16666666666666,29,66.53333333333335,,,,
17:50:00,769866,210,E,ML,34.218398,-118.239738,LA CRESCENTA,17.38,525,64.2,129,66.16666666666667,118,63.333333333333336,126,68.8,152,59.7,,,,
17:50:00,769880,210,E,ML,34.221426,-118.245718,PENNSYLVANIA,16.98,474,60.4,100,66.8,131,60.9,119,61.53333333333333,124,55.23333333333333,,,,
17:50:00,769895,210,E,ML,34.230849,-118.265101,LOWELL / HONOLULU,15.68,454,62.06666666666666,135,64.93333333333334,126,62.76666666666667,104,60.0,89,59.66666666666666,,,,
17:50:00,769984,210,E,ML,34.202989,-118.191827,GOULD,20.4,322,64.36666666666667,86,69.46666666666665,88,66.13333333333334,77,61.76666666666667,72,58.93333333333334,,,,
17:50:00,770116,210,E,ML,34.234317,-118.286992,LA TUNA CANYON,14.39,284,63.03333333333333,90,67.86666666666666,88,64.89999999999999,65,58.36666666666667,42,57.7,,,,
17:50:00,770385,210,E,ML,34.206925,-118.21372,EB/NB 2 TO EB 210 CN,19.08,303,67.33333333333333,101,68.63333333333333,78,66.96666666666667,63,65.03333333333333,61,66.76666666666667,,,,
17:50:00,770578,210,E,ML,34.156489,-118.158295,WINONA WAY,24.442,180,43.3,115,46.7,65,37.333333333333336,,,,,,,,
17:55:00,717617,210,E,ML,34.179921,-118.167405,ARROYO,22.6,229,62.53333333333333,58,67.63333333333334,64,64.33333333333333,56,60.26666666666667,51,57.2,,,,
17:55:00,717620,210,E,ML,34.174756,-118.160407,LINCOLN 1,23.14,220,65.66666666666667,60,68.83333333333333,55,66.53333333333333,46,64.73333333333333,59,63.1,,,,
17:55:00,717625,210,E,ML,34.160546,-118.158748,MOUNTAIN 2,24.16,197,46.3,62,59.53333333333333,58,50.03333333333333,31,45.43333333333334,46,26.83333333333333,,,,
17:55:00,717628,210,E,ML,34.152216,-118.156144,WALNUT,24.81,68,43.63333333333333,68,43.63333333333333,,,,,,,,,,
17:55:00,717631,210,E,ML,34.15099,-118.152369,FAIR OAKS 1,25.12,123,61.0,26,66.1,37,62.79999999999999,33,59.6,27,55.5,,,,
17:55:00,717633,210,E,ML,34.151691,-118.142523,MARENGO,25.72,612,35.6,104,38.6,121,37.4,105,36.4,108,34.9,98,32.6,76,32.6
17:55:00,717635,210,E,ML,34.151658,-118.12944,LAKE 2,26.47,521,52.23333333333333,100,57.73333333333333,103,52.16666666666666,100,53.6,91,49.76666666666667,126,48.7,,
17:55:00,717638,210,E,ML,34.152187,-118.117782,HILL 1,27.14,542,42.23333333333333,122,28.83333333333333,119,28.46666666666667,107,71.2,95,68.89999999999999,99,17.766666666666666,,
17:55:00,717640,210,E,ML,34.152301,-118.109239,ALLEN,27.63,541,27.7,100,17.833333333333332,111,27.8,118,28.633333333333336,106,30.6,107,32.833333333333336,,
17:55:00,717646,210,E,ML,34.151406,-118.091041,SAN GABRIEL,28.68,458,17.0,93,14.466666666666669,89,12.9,78,14.8,85,21.366666666666664,113,20.3,,
17:55:00,717650,210,E,ML,34.147621,-118.079037,SIERRA MADRE V2,29.44,405,13.133333333333333,97,15.066666666666668,94,14.433333333333332,86,12.8,62,8.233333333333334,66,14.033333333333331,,
17:55:00,761093,210,E,HV,34.151691,-118.142523,MARENGO,25.72,122,61.0,122,61.0,,,,,,,,,,
17:55:00,761098,210,E,HV,34.151658,-118.12944,LAKE 2,26.47,122,61.0,122,61.0,,,,,,,,,,
17:55:00,761102,210,E,HV,34.152187,-118.117782,HILL 1,27.14,100,63.93333333333334,100,63.93333333333334,,,,,,,,,,
17:55:00,761105,210,E,HV,34.152301,-118.109239,ALLEN,27.63,118,27.96666666666667,118,27.96666666666667,,,,,,,,,,
17:55:00,761109,210,E,HV,34.151406,-118.091041,SAN GABRIEL,28.68,95,11.933333333333332,95,11.933333333333332,,,,,,,,,,
17:55:00,761112,210,E,HV,34.147621,-118.079037,SIERRA MADRE V2,29.44,93,12.5,93,12.5,,,,,,,,,,
17:55:00,763614,210,E,HV,34.15099,-118.152369,FAIR OAKS 1,25.12,122,61.0,122,61.0,,,,,,,,,,
17:55:00,769788,210,E,ML,34.189219,-118.180753,BERKSHIRE,21.58,286,62.96666666666667,76,68.03333333333333,79,64.76666666666667,69,60.16666666666666,62,57.6,,,,
17:55:00,769806,210,E,ML,34.196934,-118.185042,FOOTHILL,20.98,282,66.63333333333333,65,69.60000000000001,96,67.23333333333333,54,64.2,67,64.93333333333334,,,,
17:55:00,769819,210,E,ML,34.205892,-118.198234,ANGELES CREST HWY NB,19.98,123,61.0,26,66.1,37,62.79999999999999,33,59.6,27,55.5,,,,
17:55:00,769831,210,E,ML,34.206745,-118.201533,ANGELES CREST HWY SB,19.78,310,62.3,82,67.33333333333333,85,64.13333333333334,74,59.56666666666666,69,56.96666666666667,,,,
17:55:00,769847,210,E,ML,34.211728,-118.228265,OCEAN VIEW,18.18,299,66.53333333333333,99,69.63333333333334,97,67.53333333333333,66,63.133333333333326,37,62.03333333333333,,,,
17:55:00,769866,210,E,ML,34.218398,-118.239738,LA CRESCENTA,17.38,521,63.79999999999999,128,65.93333333333334,113,62.7,130,68.13333333333333,150,59.0,,,,
17:55:00,769880,210,E,ML,34.221426,-118.245718,PENNSYLVANIA,16.98,474,60.23333333333334,101,68.73333333333333,128,60.36666666666667,120,60.36666666666667,125,54.6,,,,
17:55:00,769895,210,E,ML,34.230849,-118.265101,LOWELL / HONOLULU,15.68,423,61.43333333333334,124,64.53333333333333,118,62.53333333333333,101,59.0,80,58.46666666666667,,,,
17:55:00,769984,210,E,ML,34.202989,-118.191827,GOULD,20.4,287,62.9,76,67.93333333333334,79,64.60000000000001,69,60.2,63,57.66666666666666,,,,
17:55:00,770116,210,E,ML,34.234317,-118.286992,LA TUNA CANYON,14.39,277,62.16666666666666,88,66.73333333333333,85,64.03333333333333,63,57.3,41,57.4,,,,
17:55:00,770385,210,E,ML,34.206925,-118.21372,EB/NB 2 TO EB 210 CN,19.08,336,66.2,98,69.3,93,67.16666666666667,74,63.9,72,61.73333333333333,,,,
17:55:00,770578,210,E,ML,34.156489,-118.158295,WINONA WAY,24.442,166,44.3,101,48.26666666666667,65,38.16666666666666,,,,,,,,
18:00:00,717617,210,E,ML,34.179921,-118.167405,ARROYO,22.6,167,54.833333333333336,41,59.2,48,56.16666666666666,41,52.93333333333334,37,50.53333333333333,,,,
18:00:00,717620,210,E,ML,34.174756,-118.160407,LINCOLN 1,23.14,151,54.8,42,58.03333333333333,31,55.16666666666666,44,54.86666666666667,34,50.86666666666667,,,,
18:00:00,717625,210,E,ML,34.160546,-118.158748,MOUNTAIN 2,24.16,152,48.43333333333334,50,56.46666666666667,39,49.66666666666666,34,45.23333333333333,29,26.433333333333334,,,,
18:00:00,717628,210,E,ML,34.152216,-118.156144,WALNUT,24.81,51,48.36666666666667,51,48.36666666666667,,,,,,,,,,
18:00:00,717631,210,E,ML,34.15099,-118.152369,FAIR OAKS 1,25.12,121,61.4,25,66.6,37,63.20000000000001,32,60.0,27,55.9,,,,
18:00:00,717633,210,E,ML,34.151691,-118.142523,MARENGO,25.72,607,36.3,103,39.4,120,38.1,104,37.1,107,35.6,97,33.2,76,33.2
18:00:00,717635,210,E,ML,34.151658,-118.12944,LAKE 2,26.47,537,52.23333333333333,103,57.76666666666667,107,52.1,103,53.56666666666666,94,49.79999999999999,130,48.70000000000001,,
18:00:00,717638,210,E,ML,34.152187,-118.117782,HILL 1,27.14,551,42.76666666666667,123,30.8,121,28.633333333333336,105,71.7,97,68.7,104,19.133333333333333,,
18:00:00,717640,210,E,ML,34.152301,-118.109239,ALLEN,27.63,542,28.7,101,19.33333333333333,112,28.4,118,30.3,109,31.366666666666664,101,33.36666666666667,,
18:00:00,717646,210,E,ML,34.151406,-118.091041,SAN GABRIEL,28.68,468,17.133333333333333,102,15.633333333333333,99,13.766666666666666,80,15.133333333333333,78,20.1,109,20.8,,
18:00:00,717650,210,E,ML,34.147621,-118.079037,SIERRA MADRE V2,29.44,374,12.033333333333331,92,13.9,86,12.566666666666668,81,11.7,54,7.0,61,14.1,,
18:00:00,761093,210,E,HV,34.151691,-118.142523,MARENGO,25.72,121,61.4,121,61.4,,,,,,,,,,
18:00:00,761098,210,E,HV,34.151658,-118.12944,LAKE 2,26.47,121,61.4,121,61.4,,,,,,,,,,
18:00:00,761102,210,E,HV,34.152187,-118.117782,HILL 1,27.14,102,64.8,102,64.8,,,,,,,,,,
18:00:00,761105,210,E,HV,34.152301,-118.109239,ALLEN,27.63,125,28.46666666666667,125,28.46666666666667,,,,,,,,,,
18:00:00,761109,210,E,HV,34.151406,-118.091041,SAN GABRIEL,28.68,94,12.366666666666667,94,12.366666666666667,,,,,,,,,,
18:00:00,761112,210,E,HV,34.147621,-118.079037,SIERRA MADRE V2,29.44,90,12.166666666666666,90,12.166666666666666,,,,,,,,,,
18:00:00,763614,210,E,HV,34.15099,-118.152369,FAIR OAKS 1,25.12,121,61.4,121,61.4,,,,,,,,,,
18:00:00,769788,210,E,ML,34.189219,-118.180753,BERKSHIRE,21.58,288,63.03333333333333,76,68.16666666666667,79,64.89999999999999,69,60.26666666666667,64,57.7,,,,
18:00:00,769806,210,E,ML,34.196934,-118.185042,FOOTHILL,20.98,293,66.66666666666667,70,69.33333333333333,91,67.93333333333334,71,67.10000000000001,60,61.36666666666667,,,,
18:00:00,769819,210,E,ML,34.205892,-118.198234,ANGELES CREST HWY NB,19.98,121,61.4,25,66.6,37,63.20000000000001,32,60.0,27,55.9,,,,
18:00:00,769831,210,E,ML,34.206745,-118.201533,ANGELES CREST HWY SB,19.78,271,59.86666666666667,72,64.66666666666667,75,61.5,65,57.13333333333333,59,54.833333333333336,,,,
18:00:00,769847,210,E,ML,34.211728,-118.228265,OCEAN VIEW,18.18,269,66.5,97,70.33333333333333,81,68.89999999999999,61,58.53333333333333,31,64.13333333333333,,,,
18:00:00,769866,210,E,ML,34.218398,-118.239738,LA CRESCENTA,17.38,537,62.43333333333334,124,65.0,116,62.7,136,65.26666666666667,161,57.9,,,,
18:00:00,769880,210,E,ML,34.221426,-118.245718,PENNSYLVANIA,16.98,493,58.93333333333334,108,66.96666666666667,130,60.13333333333333,134,56.333333333333336,121,54.43333333333334,,,,
18:00:00,769895,210,E,ML,34.230849,-118.265101,LOWELL / HONOLULU,15.68,441,60.2,126,64.60000000000001,126,61.56666666666666,104,57.8,85,54.5,,,,
18:00:00,769984,210,E,ML,34.202989,-118.191827,GOULD,20.4,290,63.03333333333333,77,68.06666666666666,80,64.76666666666667,70,60.333333333333336,64,57.73333333333333,,,,
18:00:00,770116,210,E,ML,34.234317,-118.286992,LA TUNA CANYON,14.39,277,61.16666666666666,88,65.39999999999999,86,63.0,63,56.43333333333334,41,57.16666666666666,,,,
18:00:00,770385,210,E,ML,34.206925,-118.21372,EB/NB 2 TO EB 210 CN,19.08,325,64.89999999999999,105,69.46666666666665,94,67.33333333333333,64,61.56666666666666,62,56.333333333333336,,,,
18:00:00,770578,210,E,ML,34.156489,-118.158295,WINONA WAY,24.442,124,46.333333333333336,79,48.26666666666667,45,44.06666666666666,,,,,,,,
18:05:00,717617,210,E,ML,34.179921,-118.167405,ARROYO,22.6,203,50.0,50,54.0,57,51.13333333333333,50,48.333333333333336,45,46.333333333333336,,,,
18:05:00,717620,210,E,ML,34.174756,-118.160407,LINCOLN 1,23.14,196,49.333333333333336,54,54.53333333333334,48,51.9,48,46.66666666666666,47,44.96666666666667,,,,
18:05:00,717625,210,E,ML,34.160546,-118.158748,MOUNTAIN 2,24.16,221,47.4,59,55.20000000000001,72,51.36666666666667,42,45.96666666666667,48,33.36666666666667,,,,
18:05:00,717628,210,E,ML,34.152216,-118.156144,WALNUT,24.81,63,56.1,63,56.1,,,,,,,,,,
18:05:00,717631,210,E,ML,34.15099,-118.152369,FAIR OAKS 1,25.12,119,61.70000000000001,25,66.9,36,63.5,32,60.29999999999999,26,56.20000000000001,,,,
18:05:00,717633,210,E,ML,34.151691,-118.142523,MARENGO,25.72,612,37.3,104,40.5,121,39.2,105,38.1,108,36.6,98,34.1,76,34.1
18:05:00,717635,210,E,ML,34.151658,-118.12944,LAKE 2,26.47,553,51.96666666666667,106,57.5,110,51.7,107,53.26666666666667,97,49.5,134,48.46666666666667,,
18:05:00,717638,210,E,ML,34.152187,-118.117782,HILL 1,27.14,547,42.76666666666667,117,29.8,119,27.8,107,71.76666666666667,101,68.66666666666667,103,18.966666666666665,,
18:05:00,717640,210,E,ML,34.152301,-118.109239,ALLEN,27.63,556,30.433333333333334,103,19.666666666666668,111,29.9,117,32.03333333333333,110,33.833333333333336,115,35.43333333333333,,
18:05:00,717646,210,E,ML,34.151406,-118.091041,SAN GABRIEL,28.68,441,17.633333333333333,89,14.933333333333332,83,12.4,70,13.466666666666669,78,21.7,120,22.633333333333336,,
18:05:00,717650,210,E,ML,34.147621,-118.079037,SIERRA MADRE V2,29.44,395,13.633333333333333,98,15.4,88,14.4,87,12.866666666666667,58,8.266666666666666,64,16.166666666666668,,
18:05:00,761093,210,E,HV,34.151691,-118.142523,MARENGO,25.72,120,61.70000000000001,120,61.70000000000001,,,,,,,,,,
18:05:00,761098,210,E,HV,34.151658,-118.12944,LAKE 2,26.47,120,61.70000000000001,120,61.70000000000001,,,,,,,,,,
18:05:00,761102,210,E,HV,34.152187,-118.117782,HILL 1,27.14,108,64.96666666666665,108,64.96666666666665,,,,,,,,,,
18:05:00,761105,210,E,HV,34.152301,-118.109239,ALLEN,27.63,125,29.53333333333333,125,29.53333333333333,,,,,,,,,,
18:05:00,761109,210,E,HV,34.151406,-118.091041,SAN GABRIEL,28.68,89,12.066666666666668,89,12.066666666666668,,,,,,,,,,
18:05:00,761112,210,E,HV,34.147621,-118.079037,SIERRA MADRE V2,29.44,91,12.3,91,12.3,,,,,,,,,,
18:05:00,763614,210,E,HV,34.15099,-118.152369,FAIR OAKS 1,25.12,120,61.70000000000001,120,61.70000000000001,,,,,,,,,,
18:05:00,769788,210,E,ML,34.189219,-118.180753,BERKSHIRE,21.58,289,62.8,76,67.89999999999999,79,64.63333333333333,69,60.16666666666666,65,57.5,,,,
18:05:00,769806,210,E,ML,34.196934,-118.185042,FOOTHILL,20.98,286,65.83333333333333,68,68.43333333333334,90,67.2,77,64.60000000000001,51,61.96666666666667,,,,
18:05:00,769819,210,E,ML,34.205892,-118.198234,ANGELES CREST HWY NB,19.98,119,61.70000000000001,25,66.9,36,63.5,32,60.29999999999999,26,56.20000000000001,,,,
18:05:00,769831,210,E,ML,34.206745,-118.201533,ANGELES CREST HWY SB,19.78,255,58.2,67,63.0,71,59.86666666666667,61,55.5,56,53.2,,,,
18:05:00,769847,210,E,ML,34.211728,-118.228265,OCEAN VIEW,18.18,288,66.16666666666667,109,70.5,86,69.56666666666666,60,55.8,34,62.133333333333326,,,,
18:05:00,769866,210,E,ML,34.218398,-118.239738,LA CRESCENTA,17.38,575,61.5,122,64.96666666666667,124,62.06666666666666,162,63.8,167,56.9,,,,
18:05:00,769880,210,E,ML,34.221426,-118.245718,PENNSYLVANIA,16.98,443,57.13333333333333,91,61.36666666666667,117,59.26666666666667,122,55.9,113,54.43333333333334,,,,
18:05:00,769895,210,E,ML,34.230849,-118.265101,LOWELL / HONOLULU,15.68,419,60.9,121,64.16666666666667,118,62.1,101,60.56666666666666,79,54.4,,,,
18:05:00,769984,210,E,ML,34.202989,-118.191827,GOULD,20.4,290,62.833333333333336,77,67.83333333333333,79,64.56666666666666,69,60.23333333333333,65,57.56666666666666,,,,
18:05:00,770116,210,E,ML,34.234317,-118.286992,LA TUNA CANYON,14.39,276,63.333333333333336,88,68.13333333333334,85,65.16666666666667,63,58.6,40,58.0,,,,
18:05:00,770385,210,E,ML,34.206925,-118.21372,EB/NB 2 TO EB 210 CN,19.08,284,62.20000000000001,90,69.16666666666667,79,65.76666666666667,53,52.833333333333336,62,54.9,,,,
18:05:00,770578,210,E,ML,34.156489,-118.158295,WINONA WAY,24.442,165,50.8,106,49.3,59,53.7,,,,,,,,
18:10:00,717617,210,E,ML,34.179921,-118.167405,ARROYO,22.6,217,47.56666666666666,55,51.36666666666667,61,48.833333333333336,53,45.66666666666666,48,44.1,,,,
18:10:00,717620,210,E,ML,34.174756,-118.160407,LINCOLN 1,23.14,219,47.36666666666667,58,52.866666666666674,68,51.26666666666667,46,42.93333333333334,46,41.1,,,,
18:10:00,717625,210,E,ML,34.160546,-118.158748,MOUNTAIN 2,24.16,239,49.03333333333333,65,55.16666666666666,68,54.36666666666667,42,47.9,64,37.53333333333333,,,,
18:10:00,717628,210,E,ML,34.152216,-118.156144,WALNUT,24.81,58,57.3,58,57.3,,,,,,,,,,
18:10:00,717631,210,E,ML,34.15099,-118.152369,FAIR OAKS 1,25.12,123,62.0,26,67.2,37,63.79999999999999,33,60.6,27,56.4,,,,
18:10:00,717633,210,E,ML,34.151691,-118.142523,MARENGO,25.72,619,38.0,105,41.2,122,39.9,107,38.8,109,37.3,99,34.8,77,34.8
18:10:00,717635,210,E,ML,34.151658,-118.12944,LAKE 2,26.47,529,52.0,101,57.46666666666667,105,51.76666666666667,102,53.36666666666667,93,49.5,128,48.5,,
18:10:00,717638,210,E,ML,34.152187,-118.117782,HILL 1,27.14,528,42.73333333333333,116,30.46666666666667,114,28.0,102,71.86666666666666,97,68.60000000000001,99,18.5,,
18:10:00,717640,210,E,ML,34.152301,-118.109239,ALLEN,27.63,512,29.2,93,17.900000000000002,104,28.666666666666668,107,30.83333333333333,100,32.6,108,34.46666666666666,,
18:10:00,717646,210,E,ML,34.151406,-118.091041,SAN GABRIEL,28.68,504,18.666666666666668,104,16.099999999999998,100,14.066666666666668,88,15.633333333333333,94,22.366666666666664,118,23.96666666666667,,
18:10:00,717650,210,E,ML,34.147621,-118.079037,SIERRA MADRE V2,29.44,463,16.2,111,18.8,102,16.633333333333333,105,15.266666666666666,67,9.466666666666669,77,19.5,,
18:10:00,761093,210,E,HV,34.151691,-118.142523,MARENGO,25.72,122,62.0,122,62.0,,,,,,,,,,
18:10:00,761098,210,E,HV,34.151658,-118.12944,LAKE 2,26.47,122,62.0,122,62.0,,,,,,,,,,
18:10:00,761102,210,E,HV,34.152187,-118.117782,HILL 1,27.14,101,65.16666666666667,101,65.16666666666667,,,,,,,,,,
18:10:00,761105,210,E,HV,34.152301,-118.109239,ALLEN,27.63,117,29.066666666666663,117,29.066666666666663,,,,,,,,,,
18:10:00,761109,210,E,HV,34.151406,-118.091041,SAN GABRIEL,28.68,103,12.633333333333333,103,12.633333333333333,,,,,,,,,,
18:10:00,761112,210,E,HV,34.147621,-118.079037,SIERRA MADRE V2,29.44,109,14.866666666666667,109,14.866666666666667,,,,,,,,,,
18:10:00,763614,210,E,HV,34.15099,-118.152369,FAIR OAKS 1,25.12,122,62.0,122,62.0,,,,,,,,,,
18:10:00,769788,210,E,ML,34.189219,-118.180753,BERKSHIRE,21.58,265,62.06666666666666,69,67.10000000000001,73,63.9,63,59.4,59,56.86666666666667,,,,
18:10:00,769806,210,E,ML,34.196934,-118.185042,FOOTHILL,20.98,277,65.23333333333333,65,67.56666666666666,90,66.16666666666667,70,66.73333333333333,52,57.93333333333333,,,,
18:10:00,769819,210,E,ML,34.205892,-118.198234,ANGELES CREST HWY NB,19.98,123,62.0,26,67.2,37,63.79999999999999,33,60.6,27,56.4,,,,
18:10:00,769831,210,E,ML,34.206745,-118.201533,ANGELES CREST HWY SB,19.78,266,58.66666666666666,70,63.43333333333334,74,60.333333333333336,64,56.0,59,53.76666666666667,,,,
18:10:00,769847,210,E,ML,34.211728,-118.228265,OCEAN VIEW,18.18,262,67.33333333333333,93,71.13333333333333,81,70.5,60,58.2,28,64.73333333333333,,,,
18:10:00,769866,210,E,ML,34.218398,-118.239738,LA CRESCENTA,17.38,484,64.0,109,66.2,104,63.2,124,67.53333333333335,147,59.76666666666667,,,,
18:10:00,769880,210,E,ML,34.221426,-118.245718,PENNSYLVANIA,16.98,436,59.86666666666667,95,65.39999999999999,114,60.9,120,59.76666666666666,107,55.66666666666666,,,,
18:10:00,769895,210,E,ML,34.230849,-118.265101,LOWELL / HONOLULU,15.68,390,62.29999999999999,114,65.6,112,63.56666666666666,93,59.96666666666667,71,58.13333333333333,,,,
18:10:00,769984,210,E,ML,34.202989,-118.191827,GOULD,20.4,266,62.1,70,67.03333333333335,73,63.76666666666667,64,59.46666666666667,59,56.96666666666667,,,,
18:10:00,770116,210,E,ML,34.234317,-118.286992,LA TUNA CANYON,14.39,265,64.3,84,69.26666666666667,82,66.13333333333334,60,59.63333333333333,39,58.4,,,,
18:10:00,770385,210,E,ML,34.206925,-118.21372,EB/NB 2 TO EB 210 CN,19.08,294,63.23333333333333,88,69.83333333333333,86,66.56666666666666,63,56.06666666666666,58,55.333333333333336,,,,
18:10:00,770578,210,E,ML,34.156489,-118.158295,WINONA WAY,24.442,158,53.73333333333333,105,51.7,53,55.2,,,,,,,,
18:15:00,717617,210,E,ML,34.179921,-118.167405,ARROYO,22.6,231,51.13333333333333,59,55.400000000000006,65,52.66666666666666,57,48.9,51,46.96666666666667,,,,
18:15:00,717620,210,E,ML,34.174756,-118.160407,LINCOLN 1,23.14,243,50.4,78,55.06666666666666,65,53.53333333333333,52,46.23333333333333,48,45.2,,,,
18:15:00,717625,210,E,ML,34.160546,-118.158748,MOUNTAIN 2,24.16,284,46.96666666666667,69,54.66666666666666,90,51.8,62,45.06666666666666,63,33.03333333333333,,,,
18:15:00,717628,210,E,ML,34.152216,-118.156144,WALNUT,24.81,62,51.66666666666666,62,51.66666666666666,,,,,,,,,,
18:15:00,717631,210,E,ML,34.15099,-118.152369,FAIR OAKS 1,25.12,123,62.20000000000001,26,67.4,37,64.0,33,60.79999999999999,27,56.6,,,,
18:15:00,717633,210,E,ML,34.151691,-118.142523,MARENGO,25.72,619,38.2,105,41.5,122,40.1,107,39.0,109,37.5,99,35.0,77,35.0
18:15:00,717635,210,E,ML,34.151658,-118.12944,LAKE 2,26.47,549,51.66666666666666,105,57.2,109,51.56666666666666,106,53.03333333333334,96,49.16666666666666,133,48.23333333333333,,
18:15:00,717638,210,E,ML,34.152187,-118.117782,HILL 1,27.14,538,41.9,116,28.5,113,27.1,99,71.60000000000001,102,68.46666666666665,107,19.133333333333336,,
18:15:00,717640,210,E,ML,34.152301,-118.109239,ALLEN,27.63,549,30.6,103,18.8,109,30.166666666666668,120,32.800000000000004,100,32.13333333333333,116,37.66666666666666,,
18:15:00,717646,210,E,ML,34.151406,-118.091041,SAN GABRIEL,28.68,545,21.46666666666667,117,18.8,110,15.933333333333332,88,17.633333333333333,101,28.96666666666667,129,25.33333333333333,,
18:15:00,717650,210,E,ML,34.147621,-118.079037,SIERRA MADRE V2,29.44,410,15.800000000000002,101,17.933333333333334,93,16.266666666666666,89,15.233333333333334,60,9.933333333333334,67,18.066666666666663,,
18:15:00,761093,210,E,HV,34.151691,-118.142523,MARENGO,25.72,122,62.20000000000001,122,62.20000000000001,,,,,,,,,,
18:15:00,761098,210,E,HV,34.151658,-118.12944,LAKE 2,26.47,122,62.20000000000001,122,62.20000000000001,,,,,,,,,,
18:15:00,761102,210,E,HV,34.152187,-118.117782,HILL 1,27.14,104,65.06666666666666,104,65.06666666666666,,,,,,,,,,
18:15:00,761105,210,E,HV,34.152301,-118.109239,ALLEN,27.63,125,29.933333333333334,125,29.933333333333334,,,,,,,,,,
18:15:00,761109,210,E,HV,34.151406,-118.091041,SAN GABRIEL,28.68,111,16.766666666666666,111,16.766666666666666,,,,,,,,,,
18:15:00,761112,210,E,HV,34.147621,-118.079037,SIERRA MADRE V2,29.44,98,14.9,98,14.9,,,,,,,,,,
18:15:00,763614,210,E,HV,34.15099,-118.152369,FAIR OAKS 1,25.12,122,62.20000000000001,122,62.20000000000001,,,,,,,,,,
18:15:00,769788,210,E,ML,34.189219,-118.180753,BERKSHIRE,21.58,285,61.23333333333333,75,66.23333333333333,78,62.96666666666667,68,58.56666666666666,64,56.13333333333333,,,,
18:15:00,769806,210,E,ML,34.196934,-118.185042,FOOTHILL,20.98,287,65.10000000000001,70,67.33333333333333,86,66.23333333333333,76,69.60000000000001,55,54.333333333333336,,,,
18:15:00,769819,210,E,ML,34.205892,-118.198234,ANGELES CREST HWY NB,19.98,123,62.20000000000001,26,67.4,37,64.0,33,60.79999999999999,27,56.6,,,,
18:15:00,769831,210,E,ML,34.206745,-118.201533,ANGELES CREST HWY SB,19.78,221,58.7,56,63.56666666666666,61,60.4,53,56.03333333333333,50,53.86666666666667,,,,
18:15:00,769847,210,E,ML,34.211728,-118.228265,OCEAN VIEW,18.18,240,67.03333333333333,82,71.7,79,70.73333333333333,49,57.63333333333333,30,60.36666666666667,,,,
18:15:00,769866,210,E,ML,34.218398,-118.239738,LA CRESCENTA,17.38,481,65.43333333333334,91,67.63333333333334,100,64.33333333333333,128,70.0,161,61.06666666666666,,,,
18:15:00,769880,210,E,ML,34.221426,-118.245718,PENNSYLVANIA,16.98,433,61.13333333333333,103,67.56666666666666,113,61.96666666666666,112,60.26666666666667,106,56.6,,,,
18:15:00,769895,210,E,ML,34.230849,-118.265101,LOWELL / HONOLULU,15.68,386,62.73333333333333,110,66.60000000000001,110,64.46666666666667,93,59.9,72,57.8,,,,
18:15:00,769984,210,E,ML,34.202989,-118.191827,GOULD,20.4,287,61.23333333333333,76,66.13333333333334,78,62.93333333333334,69,58.66666666666666,64,56.16666666666666,,,,
18:15:00,770116,210,E,ML,34.234317,-118.286992,LA TUNA CANYON,14.39,274,64.60000000000001,87,69.60000000000001,85,66.39999999999999,62,59.93333333333334,40,58.56666666666666,,,,
18:15:00,770385,210,E,ML,34.206925,-118.21372,EB/NB 2 TO EB 210 CN,19.08,241,63.7,72,70.2,76,68.2,50,53.96666666666667,43,52.63333333333333,,,,
18:15:00,770578,210,E,ML,34.156489,-118.158295,WINONA WAY,24.442,191,49.16666666666666,133,49.333333333333336,58,48.16666666666666,,,,,,,,
18:20:00,717617,210,E,ML,34.179921,-118.167405,ARROYO,22.6,193,56.06666666666666,48,60.8,54,57.66666666666666,47,53.833333333333336,43,51.36666666666667,,,,
18:20:00,717620,210,E,ML,34.174756,-118.160407,LINCOLN 1,23.14,188,56.833333333333336,51,63.16666666666666,53,60.53333333333333,41,50.16666666666666,44,51.5,,,,
18:20:00,717625,210,E,ML,34.160546,-118.158748,MOUNTAIN 2,24.16,232,44.333333333333336,56,56.73333333333333,79,48.03333333333333,54,40.96666666666667,43,28.633333333333336,,,,
18:20:00,717628,210,E,ML,34.152216,-118.156144,WALNUT,24.81,53,52.13333333333333,53,52.13333333333333,,,,,,,,,,
18:20:00,717631,210,E,ML,34.15099,-118.152369,FAIR OAKS 1,25.12,121,62.4,25,67.6,37,64.2,32,61.0,27,56.79999999999999,,,,
18:20:00,717633,210,E,ML,34.151691,-118.142523,MARENGO,25.72,621,39.1,105,42.4,123,41.1,107,39.9,109,38.4,100,35.8,77,35.8
18:20:00,717635,210,E,ML,34.151658,-118.12944,LAKE 2,26.47,587,52.6,111,58.13333333333333,117,52.66666666666666,114,53.86666666666667,103,50.13333333333333,142,48.96666666666667,,
18:20:00,717638,210,E,ML,34.152187,-118.117782,HILL 1,27.14,579,43.6,125,32.766666666666666,128,29.9,108,71.53333333333333,107,68.43333333333334,112,20.73333333333333,,
18:20:00,717640,210,E,ML,34.152301,-118.109239,ALLEN,27.63,587,34.63333333333333,115,26.133333333333336,118,34.43333333333333,121,35.43333333333334,115,36.13333333333333,118,40.86666666666667,,
18:20:00,717646,210,E,ML,34.151406,-118.091041,SAN GABRIEL,28.68,486,20.633333333333333,100,16.7,91,14.566666666666668,80,16.3,96,28.566666666666663,119,24.666666666666668,,
18:20:00,717650,210,E,ML,34.147621,-118.079037,SIERRA MADRE V2,29.44,395,14.533333333333331,94,16.099999999999998,89,15.0,79,13.566666666666668,67,10.0,66,17.7,,
18:20:00,761093,210,E,HV,34.151691,-118.142523,MARENGO,25.72,121,62.4,121,62.4,,,,,,,,,,
18:20:00,761098,210,E,HV,34.151658,-118.12944,LAKE 2,26.47,121,62.4,121,62.4,,,,,,,,,,
18:20:00,761102,210,E,HV,34.152187,-118.117782,HILL 1,27.14,108,65.39999999999999,108,65.39999999999999,,,,,,,,,,
18:20:00,761105,210,E,HV,34.152301,-118.109239,ALLEN,27.63,134,31.166666666666668,134,31.166666666666668,,,,,,,,,,
18:20:00,761109,210,E,HV,34.151406,-118.091041,SAN GABRIEL,28.68,94,14.733333333333334,94,14.733333333333334,,,,,,,,,,
18:20:00,761112,210,E,HV,34.147621,-118.079037,SIERRA MADRE V2,29.44,90,13.033333333333331,90,13.033333333333331,,,,,,,,,,
18:20:00,763614,210,E,HV,34.15099,-118.152369,FAIR OAKS 1,25.12,121,62.4,121,62.4,,,,,,,,,,
18:20:00,769788,210,E,ML,34.189219,-118.180753,BERKSHIRE,21.58,257,62.16666666666666,67,67.26666666666667,71,64.0,62,59.46666666666667,58,56.96666666666667,,,,
18:20:00,769806,210,E,ML,34.196934,-118.185042,FOOTHILL,20.98,264,64.16666666666667,67,66.1,70,67.56666666666666,68,70.93333333333332,58,50.23333333333333,,,,
18:20:00,769819,210,E,ML,34.205892,-118.198234,ANGELES CREST HWY NB,19.98,121,62.4,25,67.6,37,64.2,32,61.0,27,56.79999999999999,,,,
18:20:00,769831,210,E,ML,34.206745,-118.201533,ANGELES CREST HWY SB,19.78,264,56.36666666666667,70,61.1,73,58.03333333333333,63,53.63333333333333,57,51.56666666666666,,,,
18:20:00,769847,210,E,ML,34.211728,-118.228265,OCEAN VIEW,18.18,255,66.43333333333334,88,71.7,84,70.13333333333333,57,54.833333333333336,26,62.23333333333333,,,,
18:20:00,769866,210,E,ML,34.218398,-118.239738,LA CRESCENTA,17.38,440,64.39999999999999,72,68.93333333333334,82,64.03333333333333,116,66.8,170,60.5,,,,
18:20:00,769880,210,E,ML,34.221426,-118.245718,PENNSYLVANIA,16.98,454,62.3,108,69.86666666666667,117,62.833333333333336,120,60.5,109,57.5,,,,
18:20:00,769895,210,E,ML,34.230849,-118.265101,LOWELL / HONOLULU,15.68,413,63.70000000000001,119,67.3,113,65.39999999999999,97,61.16666666666666,85,59.43333333333334,,,,
18:20:00,769984,210,E,ML,34.202989,-118.191827,GOULD,20.4,259,62.16666666666666,68,67.16666666666667,71,63.93333333333334,62,59.56666666666666,58,57.0,,,,
18:20:00,770116,210,E,ML,34.234317,-118.286992,LA TUNA CANYON,14.39,251,64.63333333333334,79,70.03333333333333,78,66.7,57,59.26666666666667,38,58.5,,,,
18:20:00,770385,210,E,ML,34.206925,-118.21372,EB/NB 2 TO EB 210 CN,19.08,295,61.6,89,70.16666666666667,88,66.0,64,51.26666666666667,54,52.56666666666666,,,,
18:20:00,770578,210,E,ML,34.156489,-118.158295,WINONA WAY,24.442,163,47.23333333333333,115,46.7,47,48.76666666666667,,,,,,,,
18:25:00,717617,210,E,ML,34.179921,-118.167405,ARROYO,22.6,202,58.76666666666667,51,63.46666666666667,58,60.26666666666667,50,56.63333333333333,44,53.9,,,,
18:25:00,717620,210,E,ML,34.174756,-118.160407,LINCOLN 1,23.14,192,59.63333333333333,46,66.9,58,63.93333333333334,45,55.26666666666667,43,51.46666666666667,,,,
18:25:00,717625,210,E,ML,34.160546,-118.158748,MOUNTAIN 2,24.16,193,46.4,58,60.03333333333334,49,51.2,41,44.66666666666666,45,26.46666666666667,,,,
18:25:00,717628,210,E,ML,34.152216,-118.156144,WALNUT,24.81,53,56.93333333333334,53,56.93333333333334,,,,,,,,,,
18:25:00,717631,210,E,ML,34.15099,-118.152369,FAIR OAKS 1,25.12,121,62.6,25,67.9,37,64.4,32,61.1,27,57.0,,,,
18:25:00,717633,210,E,ML,34.151691,-118.142523,MARENGO,25.72,619,39.0,105,42.3,122,40.9,107,39.8,109,38.3,99,35.7,77,35.7
18:25:00,717635,210,E,ML,34.151658,-118.12944,LAKE 2,26.47,576,54.0,109,59.46666666666667,115,54.3,111,55.23333333333333,101,51.63333333333333,139,50.13333333333333,,
18:25:00,717638,210,E,ML,34.152187,-118.117782,HILL 1,27.14,575,45.26666666666667,131,36.13333333333333,128,34.1,106,71.13333333333334,105,68.73333333333333,104,20.4,,
18:25:00,717640,210,E,ML,34.152301,-118.109239,ALLEN,27.63,578,38.43333333333334,108,36.16666666666666,129,38.5,121,38.36666666666667,105,37.03333333333333,116,41.86666666666667,,
18:25:00,717646,210,E,ML,34.151406,-118.091041,SAN GABRIEL,28.68,499,20.633333333333336,101,17.233333333333334,98,14.6,79,15.533333333333331,97,27.73333333333333,124,24.866666666666664,,
18:25:00,717650,210,E,ML,34.147621,-118.079037,SIERRA MADRE V2,29.44,456,15.8,108,17.466666666666665,96,15.866666666666667,99,14.933333333333335,74,11.8,79,18.53333333333333,,
18:25:00,761093,210,E,HV,34.151691,-118.142523,MARENGO,25.72,121,62.6,121,62.6,,,,,,,,,,
18:25:00,761098,210,E,HV,34.151658,-118.12944,LAKE 2,26.47,121,62.6,121,62.6,,,,,,,,,,
18:25:00,761102,210,E,HV,34.152187,-118.117782,HILL 1,27.14,113,64.93333333333334,113,64.93333333333334,,,,,,,,,,
18:25:00,761105,210,E,HV,34.152301,-118.109239,ALLEN,27.63,129,32.800000000000004,129,32.800000000000004,,,,,,,,,,
18:25:00,761109,210,E,HV,34.151406,-118.091041,SAN GABRIEL,28.68,100,14.266666666666666,100,14.266666666666666,,,,,,,,,,
18:25:00,761112,210,E,HV,34.147621,-118.079037,SIERRA MADRE V2,29.44,93,12.833333333333334,93,12.833333333333334,,,,,,,,,,
18:25:00,763614,210,E,HV,34.15099,-118.152369,FAIR OAKS 1,25.12,121,62.6,121,62.6,,,,,,,,,,
18:25:00,769788,210,E,ML,34.189219,-118.180753,BERKSHIRE,21.58,279,62.1,72,67.10000000000001,77,63.86666666666667,67,59.46666666666667,63,56.9,,,,
18:25:00,769806,210,E,ML,34.196934,-118.185042,FOOTHILL,20.98,275,64.56666666666666,67,66.3,82,67.13333333333334,72,68.0,54,53.8,,,,
18:25:00,769819,210,E,ML,34.205892,-118.198234,ANGELES CREST HWY NB,19.98,121,62.6,25,67.9,37,64.4,32,61.1,27,57.0,,,,
18:25:00,769831,210,E,ML,34.206745,-118.201533,ANGELES CREST HWY SB,19.78,231,59.76666666666667,59,64.76666666666667,64,61.56666666666666,56,57.13333333333333,52,54.73333333333333,,,,
18:25:00,769847,210,E,ML,34.211728,-118.228265,OCEAN VIEW,18.18,229,67.46666666666667,79,72.0,73,71.10000000000001,49,55.43333333333334,28,65.16666666666667,,,,
18:25:00,769866,210,E,ML,34.218398,-118.239738,LA CRESCENTA,17.38,467,64.73333333333333,84,68.53333333333333,89,65.16666666666667,128,66.8,167,59.833333333333336,,,,
18:25:00,769880,210,E,ML,34.221426,-118.245718,PENNSYLVANIA,16.98,431,62.93333333333334,86,71.8,121,63.900000000000006,120,61.06666666666666,105,58.0,,,,
18:25:00,769895,210,E,ML,34.230849,-118.265101,LOWELL / HONOLULU,15.68,409,63.833333333333336,118,67.63333333333334,117,65.33333333333333,98,62.1,76,57.86666666666667,,,,
18:25:00,769984,210,E,ML,34.202989,-118.191827,GOULD,20.4,279,62.1,73,67.06666666666666,77,63.833333333333336,67,59.63333333333333,63,56.96666666666667,,,,
18:25:00,770116,210,E,ML,34.234317,-118.286992,LA TUNA CANYON,14.39,280,63.4,89,68.10000000000001,87,65.2,63,58.7,41,58.23333333333333,,,,
18:25:00,770385,210,E,ML,34.206925,-118.21372,EB/NB 2 TO EB 210 CN,19.08,237,62.93333333333334,63,70.7,67,67.46666666666667,57,53.5,49,58.7,,,,
18:25:00,770578,210,E,ML,34.156489,-118.158295,WINONA WAY,24.442,134,51.53333333333333,87,49.86666666666667,47,54.73333333333333,,,,,,,,
18:30:00,717617,210,E,ML,34.179921,-118.167405,ARROYO,22.6,199,57.53333333333333,49,62.26666666666667,56,59.06666666666666,49,55.53333333333333,45,52.9,,,,
18:30:00,717620,210,E,ML,34.174756,-118.160407,LINCOLN 1,23.14,175,60.36666666666667,38,68.53333333333335,51,67.13333333333334,43,54.63333333333333,43,51.53333333333333,,,,
18:30:00,717625,210,E,ML,34.160546,-118.158748,MOUNTAIN 2,24.16,207,46.9,59,60.03333333333334,63,51.833333333333336,37,45.53333333333334,48,26.766666666666666,,,,
18:30:00,717628,210,E,ML,34.152216,-118.156144,WALNUT,24.81,57,56.73333333333333,57,56.73333333333333,,,,,,,,,,
18:30:00,717631,210,E,ML,34.15099,-118.152369,FAIR OAKS 1,25.12,121,62.79999999999999,25,68.1,37,64.6,32,61.29999999999999,27,57.20000000000001,,,,
18:30:00,717633,210,E,ML,34.151691,-118.142523,MARENGO,25.72,624,40.7,106,44.20000000000001,123,42.70000000000001,107,41.6,110,40.0,100,37.3,78,37.3
18:30:00,717635,210,E,ML,34.151658,-118.12944,LAKE 2,26.47,564,54.13333333333333,107,59.63333333333333,112,54.5,109,55.36666666666667,99,51.8,137,50.23333333333333,,
18:30:00,717638,210,E,ML,34.152187,-118.117782,HILL 1,27.14,567,45.3,129,36.8,126,34.43333333333333,106,71.03333333333335,102,68.8,105,19.9,,
18:30:00,717640,210,E,ML,34.152301,-118.109239,ALLEN,27.63,562,38.3,105,37.63333333333333,121,37.93333333333333,121,38.66666666666666,107,36.23333333333333,108,40.73333333333333,,
18:30:00,717646,210,E,ML,34.151406,-118.091041,SAN GABRIEL,28.68,482,20.33333333333333,95,16.2,99,15.966666666666669,79,16.033333333333335,90,28.36666666666667,118,24.03333333333333,,
18:30:00,717650,210,E,ML,34.147621,-118.079037,SIERRA MADRE V2,29.44,400,15.8,93,17.533333333333335,92,16.333333333333332,86,14.433333333333332,63,11.566666666666668,67,18.73333333333333,,
18:30:00,761093,210,E,HV,34.151691,-118.142523,MARENGO,25.72,121,62.79999999999999,121,62.79999999999999,,,,,,,,,,
18:30:00,761098,210,E,HV,34.151658,-118.12944,LAKE 2,26.47,121,62.79999999999999,121,62.79999999999999,,,,,,,,,,
18:30:00,761102,210,E,HV,34.152187,-118.117782,HILL 1,27.14,117,65.16666666666667,117,65.16666666666667,,,,,,,,,,
18:30:00,761105,210,E,HV,34.152301,-118.109239,ALLEN,27.63,129,31.83333333333333,129,31.83333333333333,,,,,,,,,,
18:30:00,761109,210,E,HV,34.151406,-118.091041,SAN GABRIEL,28.68,91,12.666666666666666,91,12.666666666666666,,,,,,,,,,
18:30:00,761112,210,E,HV,34.147621,-118.079037,SIERRA MADRE V2,29.44,103,14.033333333333331,103,14.033333333333331,,,,,,,,,,
18:30:00,763614,210,E,HV,34.15099,-118.152369,FAIR OAKS 1,25.12,121,62.79999999999999,121,62.79999999999999,,,,,,,,,,
18:30:00,769788,210,E,ML,34.189219,-118.180753,BERKSHIRE,21.58,258,63.2,67,68.3,71,65.03333333333335,62,60.43333333333334,58,57.8,,,,
18:30:00,769806,210,E,ML,34.196934,-118.185042,FOOTHILL,20.98,266,66.0,63,67.96666666666667,86,67.56666666666666,68,69.8,49,55.56666666666666,,,,
18:30:00,769819,210,E,ML,34.205892,-118.198234,ANGELES CREST HWY NB,19.98,121,62.79999999999999,25,68.1,37,64.6,32,61.29999999999999,27,57.20000000000001,,,,
18:30:00,769831,210,E,ML,34.206745,-118.201533,ANGELES CREST HWY SB,19.78,251,58.56666666666666,66,63.4,70,60.23333333333333,60,55.833333333333336,55,53.53333333333333,,,,
18:30:00,769847,210,E,ML,34.211728,-118.228265,OCEAN VIEW,18.18,234,67.86666666666666,76,72.06666666666666,80,71.3,54,59.0,24,62.16666666666666,,,,
18:30:00,769866,210,E,ML,34.218398,-118.239738,LA CRESCENTA,17.38,440,65.96666666666667,81,68.8,97,64.10000000000001,105,68.63333333333334,157,64.43333333333334,,,,
18:30:00,769880,210,E,ML,34.221426,-118.245718,PENNSYLVANIA,16.98,402,63.3,84,71.96666666666667,108,63.93333333333334,113,61.8,97,58.1,,,,
18:30:00,769895,210,E,ML,34.230849,-118.265101,LOWELL / HONOLULU,15.68,374,64.73333333333333,107,68.2,106,66.46666666666667,88,62.46666666666667,72,59.833333333333336,,,,
18:30:00,769984,210,E,ML,34.202989,-118.191827,GOULD,20.4,260,63.16666666666666,68,68.23333333333333,71,64.96666666666665,62,60.56666666666666,58,57.833333333333336,,,,
18:30:00,770116,210,E,ML,34.234317,-118.286992,LA TUNA CANYON,14.39,249,64.23333333333333,77,69.16666666666667,77,66.06666666666666,57,59.6,37,58.63333333333333,,,,
18:30:00,770385,210,E,ML,34.206925,-118.21372,EB/NB 2 TO EB 210 CN,19.08,267,63.63333333333333,81,71.16666666666667,75,66.93333333333334,59,58.4,52,53.7,,,,
18:30:00,770578,210,E,ML,34.156489,-118.158295,WINONA WAY,24.442,155,50.93333333333334,103,49.0,53,54.46666666666667,,,,,,,,
18:35:00,717617,210,E,ML,34.179921,-118.167405,ARROYO,22.6,210,60.86666666666667,53,65.8,59,62.53333333333333,52,58.63333333333333,45,55.63333333333333,,,,
18:35:00,717620,210,E,ML,34.174756,-118.160407,LINCOLN 1,23.14,203,64.10000000000001,53,69.46666666666667,57,67.93333333333334,48,60.76666666666667,45,57.4,,,,
18:35:00,717625,210,E,ML,34.160546,-118.158748,MOUNTAIN 2,24.16,195,48.23333333333333,58,63.96666666666667,57,52.96666666666667,28,47.333333333333336,52,27.23333333333333,,,,
18:35:00,717628,210,E,ML,34.152216,-118.156144,WALNUT,24.81,53,57.7,53,57.7,,,,,,,,,,
18:35:00,717631,210,E,ML,34.15099,-118.152369,FAIR OAKS 1,25.12,119,63.1,25,68.4,36,64.9,32,61.6,26,57.4,,,,
18:35:00,717633,210,E,ML,34.151691,-118.142523,MARENGO,25.72,618,41.8,105,45.4,122,43.9,106,42.70000000000001,109,41.1,99,38.3,77,38.3
18:35:00,717635,210,E,ML,34.151658,-118.12944,LAKE 2,26.47,561,53.6,107,59.1,112,53.76666666666667,108,54.9,98,51.26666666666667,136,49.86666666666667,,
18:35:00,717638,210,E,ML,34.152187,-118.117782,HILL 1,27.14,575,44.96666666666667,128,35.1,123,32.53333333333333,113,71.16666666666667,105,68.96666666666665,105,19.46666666666667,,
18:35:00,717640,210,E,ML,34.152301,-118.109239,ALLEN,27.63,563,38.5,109,33.833333333333336,116,39.0,119,39.4,102,37.63333333333333,117,41.93333333333333,,
18:35:00,717646,210,E,ML,34.151406,-118.091041,SAN GABRIEL,28.68,539,23.03333333333333,107,18.2,111,18.266666666666666,95,19.7,98,32.06666666666667,128,26.633333333333336,,
18:35:00,717650,210,E,ML,34.147621,-118.079037,SIERRA MADRE V2,29.44,447,17.066666666666666,107,19.166666666666668,99,17.766666666666666,94,15.533333333333331,69,12.0,77,20.03333333333333,,
18:35:00,761093,210,E,HV,34.151691,-118.142523,MARENGO,25.72,120,63.1,120,63.1,,,,,,,,,,
18:35:00,761098,210,E,HV,34.151658,-118.12944,LAKE 2,26.47,120,63.1,120,63.1,,,,,,,,,,
18:35:00,761102,210,E,HV,34.152187,-118.117782,HILL 1,27.14,116,65.23333333333333,116,65.23333333333333,,,,,,,,,,
18:35:00,761105,210,E,HV,34.152301,-118.109239,ALLEN,27.63,128,33.4,128,33.4,,,,,,,,,,
18:35:00,761109,210,E,HV,34.151406,-118.091041,SAN GABRIEL,28.68,109,14.833333333333334,109,14.833333333333334,,,,,,,,,,
18:35:00,761112,210,E,HV,34.147621,-118.079037,SIERRA MADRE V2,29.44,101,13.866666666666667,101,13.866666666666667,,,,,,,,,,
18:35:00,763614,210,E,HV,34.15099,-118.152369,FAIR OAKS 1,25.12,120,63.1,120,63.1,,,,,,,,,,
18:35:00,769788,210,E,ML,34.189219,-118.180753,BERKSHIRE,21.58,259,64.8,68,70.0,72,66.66666666666667,62,62.06666666666666,58,59.23333333333333,,,,
18:35:00,769806,210,E,ML,34.196934,-118.185042,FOOTHILL,20.98,259,67.83333333333333,64,69.9,76,68.89999999999999,68,72.0,51,57.43333333333334,,,,
18:35:00,769819,210,E,ML,34.205892,-118.198234,ANGELES CREST HWY NB,19.98,119,63.1,25,68.4,36,64.9,32,61.6,26,57.4,,,,
18:35:00,769831,210,E,ML,34.206745,-118.201533,ANGELES CREST HWY SB,19.78,273,57.93333333333334,72,62.73333333333333,75,59.56666666666666,66,55.23333333333333,60,53.03333333333333,,,,
18:35:00,769847,210,E,ML,34.211728,-118.228265,OCEAN VIEW,18.18,235,66.39999999999999,81,71.8,68,71.2,54,56.43333333333334,32,59.26666666666667,,,,
18:35:00,769866,210,E,ML,34.218398,-118.239738,LA CRESCENTA,17.38,388,66.26666666666667,69,69.83333333333333,69,65.53333333333333,98,65.96666666666667,152,65.66666666666667,,,,
18:35:00,769880,210,E,ML,34.221426,-118.245718,PENNSYLVANIA,16.98,393,63.13333333333333,79,71.63333333333334,106,64.89999999999999,111,60.56666666666666,98,58.333333333333336,,,,
18:35:00,769895,210,E,ML,34.230849,-118.265101,LOWELL / HONOLULU,15.68,366,64.3,103,69.23333333333333,106,66.06666666666668,86,61.3,71,57.96666666666667,,,,
18:35:00,769984,210,E,ML,34.202989,-118.191827,GOULD,20.4,261,64.76666666666667,69,69.89999999999999,72,66.56666666666666,63,62.06666666666666,58,59.23333333333333,,,,
18:35:00,770116,210,E,ML,34.234317,-118.286992,LA TUNA CANYON,14.39,242,63.86666666666667,75,68.86666666666667,75,65.83333333333333,55,58.833333333333336,36,58.46666666666667,,,,
18:35:00,770385,210,E,ML,34.206925,-118.21372,EB/NB 2 TO EB 210 CN,19.08,279,62.8,78,70.56666666666666,68,68.03333333333335,71,56.6,62,54.53333333333333,,,,
18:35:00,770578,210,E,ML,34.156489,-118.158295,WINONA WAY,24.442,145,51.76666666666667,98,50.53333333333333,47,55.66666666666666,,,,,,,,
18:40:00,717617,210,E,ML,34.179921,-118.167405,ARROYO,22.6,221,60.3,56,65.23333333333333,62,61.96666666666667,54,58.06666666666666,49,55.13333333333333,,,,
18:40:00,717620,210,E,ML,34.174756,-118.160407,LINCOLN 1,23.14,215,62.9,57,70.33333333333333,57,68.10000000000001,55,55.7,46,56.7,,,,
18:40:00,717625,210,E,ML,34.160546,-118.158748,MOUNTAIN 2,24.16,212,51.7,67,62.6,50,56.96666666666667,34,51.16666666666666,62,36.56666666666666,,,,
18:40:00,717628,210,E,ML,34.152216,-118.156144,WALNUT,24.81,54,57.79999999999999,54,57.79999999999999,,,,,,,,,,
18:40:00,717631,210,E,ML,34.15099,-118.152369,FAIR OAKS 1,25.12,119,63.1,25,68.4,36,64.9,32,61.6,26,57.4,,,,
18:40:00,717633,210,E,ML,34.151691,-118.142523,MARENGO,25.72,623,42.9,105,46.6,123,45.1,107,43.79999999999999,110,42.1,100,39.3,78,39.3
18:40:00,717635,210,E,ML,34.151658,-118.12944,LAKE 2,26.47,548,53.2,105,58.7,109,53.26666666666667,106,54.46666666666667,96,50.8,133,49.46666666666667,,
18:40:00,717638,210,E,ML,34.152187,-118.117782,HILL 1,27.14,552,43.6,130,33.6,119,31.566666666666663,98,71.10000000000001,97,68.8,109,21.2,,
18:40:00,717640,210,E,ML,34.152301,-118.109239,ALLEN,27.63,565,37.266666666666666,116,32.6,120,39.13333333333333,118,39.06666666666667,102,35.800000000000004,109,39.766666666666666,,
18:40:00,717646,210,E,ML,34.151406,-118.091041,SAN GABRIEL,28.68,521,23.133333333333336,107,18.466666666666665,108,18.4,91,19.1,94,31.666666666666668,122,27.633333333333336,,
18:40:00,717650,210,E,ML,34.147621,-118.079037,SIERRA MADRE V2,29.44,440,18.3,104,19.7,98,19.0,99,17.633333333333333,69,13.766666666666666,70,20.666666666666668,,
18:40:00,761093,210,E,HV,34.151691,-118.142523,MARENGO,25.72,119,63.1,119,63.1,,,,,,,,,,
18:40:00,761098,210,E,HV,34.151658,-118.12944,LAKE 2,26.47,119,63.1,119,63.1,,,,,,,,,,
18:40:00,761102,210,E,HV,34.152187,-118.117782,HILL 1,27.14,106,64.89999999999999,106,64.89999999999999,,,,,,,,,,
18:40:00,761105,210,E,HV,34.152301,-118.109239,ALLEN,27.63,134,34.1,134,34.1,,,,,,,,,,
18:40:00,761109,210,E,HV,34.151406,-118.091041,SAN GABRIEL,28.68,103,14.6,103,14.6,,,,,,,,,,
18:40:00,761112,210,E,HV,34.147621,-118.079037,SIERRA MADRE V2,29.44,95,12.866666666666667,95,12.866666666666667,,,,,,,,,,
18:40:00,763614,210,E,HV,34.15099,-118.152369,FAIR OAKS 1,25.12,119,63.1,119,63.1,,,,,,,,,,
18:40:00,769788,210,E,ML,34.189219,-118.180753,BERKSHIRE,21.58,243,63.8,63,68.96666666666665,67,65.7,58,61.03333333333334,54,58.4,,,,
18:40:00,769806,210,E,ML,34.196934,-118.185042,FOOTHILL,20.98,241,65.6,61,67.3,66,69.8,65,66.36666666666666,49,57.66666666666666,,,,
18:40:00,769819,210,E,ML,34.205892,-118.198234,ANGELES CREST HWY NB,19.98,119,63.1,25,68.4,36,64.9,32,61.6,26,57.4,,,,
18:40:00,769831,210,E,ML,34.206745,-118.201533,ANGELES CREST HWY SB,19.78,299,58.8,79,63.66666666666666,83,60.46666666666667,72,56.03333333333333,65,53.76666666666667,,,,
18:40:00,769847,210,E,ML,34.211728,-118.228265,OCEAN VIEW,18.18,251,66.3,83,71.76666666666667,79,71.03333333333335,57,56.16666666666666,32,58.53333333333333,,,,
18:40:00,769866,210,E,ML,34.218398,-118.239738,LA CRESCENTA,17.38,432,66.06666666666666,88,69.63333333333334,93,66.06666666666666,102,66.13333333333334,149,63.833333333333336,,,,
18:40:00,769880,210,E,ML,34.221426,-118.245718,PENNSYLVANIA,16.98,393,63.8,85,71.86666666666666,105,65.33333333333333,104,61.46666666666667,100,58.9,,,,
18:40:00,769895,210,E,ML,34.230849,-118.265101,LOWELL / HONOLULU,15.68,362,64.36666666666667,102,69.06666666666668,106,66.96666666666665,85,60.76666666666667,69,57.3,,,,
18:40:00,769984,210,E,ML,34.202989,-118.191827,GOULD,20.4,244,63.73333333333334,64,68.89999999999999,67,65.56666666666666,59,61.06666666666666,54,58.43333333333334,,,,
18:40:00,770116,210,E,ML,34.234317,-118.286992,LA TUNA CANYON,14.39,236,64.3,73,69.5,73,66.33333333333333,54,58.93333333333334,35,58.53333333333333,,,,
18:40:00,770385,210,E,ML,34.206925,-118.21372,EB/NB 2 TO EB 210 CN,19.08,295,63.0,78,70.76666666666667,79,66.96666666666665,75,55.43333333333334,63,56.46666666666667,,,,
18:40:00,770578,210,E,ML,34.156489,-118.158295,WINONA WAY,24.442,138,53.56666666666666,89,52.43333333333334,49,55.76666666666667,,,,,,,,
18:45:00,717617,210,E,ML,34.179921,-118.167405,ARROYO,22.6,233,62.0,59,67.06666666666666,65,63.73333333333333,57,59.7,51,56.63333333333333,,,,
18:45:00,717620,210,E,ML,34.174756,-118.160407,LINCOLN 1,23.14,227,63.96666666666666,60,71.4,59,68.7,64,55.53333333333333,44,59.5,,,,
18:45:00,717625,210,E,ML,34.160546,-118.158748,MOUNTAIN 2,24.16,220,52.96666666666667,68,63.366666666666674,47,58.5,33,54.13333333333333,72,39.6,,,,
18:45:00,717628,210,E,ML,34.152216,-118.156144,WALNUT,24.81,60,59.833333333333336,60,59.833333333333336,,,,,,,,,,
18:45:00,717631,210,E,ML,34.15099,-118.152369,FAIR OAKS 1,25.12,119,63.29999999999999,25,68.6,36,65.1,32,61.79999999999999,26,57.6,,,,
18:45:00,717633,210,E,ML,34.151691,-118.142523,MARENGO,25.72,621,43.9,105,47.6,123,46.0,107,44.79999999999999,109,43.0,100,40.1,77,40.1
18:45:00,717635,210,E,ML,34.151658,-118.12944,LAKE 2,26.47,599,54.36666666666667,114,59.86666666666667,120,54.76666666666667,116,55.53333333333333,105,52.06666666666666,145,50.43333333333334,,
18:45:00,717638,210,E,ML,34.152187,-118.117782,HILL 1,27.14,596,46.833333333333336,135,38.46666666666667,131,35.1,111,71.46666666666665,108,68.66666666666667,111,24.83333333333333,,
18:45:00,717640,210,E,ML,34.152301,-118.109239,ALLEN,27.63,604,42.13333333333333,115,42.93333333333334,128,43.96666666666667,132,42.76666666666667,111,37.56666666666666,118,42.833333333333336,,
18:45:00,717646,210,E,ML,34.151406,-118.091041,SAN GABRIEL,28.68,473,21.6,98,18.5,94,16.066666666666666,82,17.3,83,27.03333333333333,117,27.8,,
18:45:00,717650,210,E,ML,34.147621,-118.079037,SIERRA MADRE V2,29.44,413,17.133333333333333,102,19.633333333333333,98,18.166666666666668,84,15.033333333333331,60,11.566666666666668,70,19.5,,
18:45:00,761093,210,E,HV,34.151691,-118.142523,MARENGO,25.72,119,63.29999999999999,119,63.29999999999999,,,,,,,,,,
18:45:00,761098,210,E,HV,34.151658,-118.12944,LAKE 2,26.47,119,63.29999999999999,119,63.29999999999999,,,,,,,,,,
18:45:00,761102,210,E,HV,34.152187,-118.117782,HILL 1,27.14,117,64.96666666666665,117,64.96666666666665,,,,,,,,,,
18:45:00,761105,210,E,HV,34.152301,-118.109239,ALLEN,27.63,135,36.16666666666666,135,36.16666666666666,,,,,,,,,,
18:45:00,761109,210,E,HV,34.151406,-118.091041,SAN GABRIEL,28.68,90,12.0,90,12.0,,,,,,,,,,
18:45:00,761112,210,E,HV,34.147621,-118.079037,SIERRA MADRE V2,29.44,106,14.933333333333332,106,14.933333333333332,,,,,,,,,,
18:45:00,763614,210,E,HV,34.15099,-118.152369,FAIR OAKS 1,25.12,119,63.29999999999999,119,63.29999999999999,,,,,,,,,,
18:45:00,769788,210,E,ML,34.189219,-118.180753,BERKSHIRE,21.58,287,61.63333333333333,76,66.60000000000001,79,63.333333333333336,69,58.86666666666667,63,56.36666666666667,,,,
18:45:00,769806,210,E,ML,34.196934,-118.185042,FOOTHILL,20.98,277,65.43333333333334,67,66.43333333333334,84,69.3,71,63.96666666666667,55,58.333333333333336,,,,
18:45:00,769819,210,E,ML,34.205892,-118.198234,ANGELES CREST HWY NB,19.98,119,63.29999999999999,25,68.6,36,65.1,32,61.79999999999999,26,57.6,,,,
18:45:00,769831,210,E,ML,34.206745,-118.201533,ANGELES CREST HWY SB,19.78,255,60.63333333333333,66,65.53333333333333,71,62.36666666666667,62,58.0,56,55.43333333333334,,,,
18:45:00,769847,210,E,ML,34.211728,-118.228265,OCEAN VIEW,18.18,242,67.33333333333333,78,71.7,77,71.39999999999999,56,58.66666666666666,32,62.26666666666667,,,,
18:45:00,769866,210,E,ML,34.218398,-118.239738,LA CRESCENTA,17.38,372,66.76666666666667,94,70.39999999999999,80,67.36666666666666,80,65.89999999999999,117,63.96666666666667,,,,
18:45:00,769880,210,E,ML,34.221426,-118.245718,PENNSYLVANIA,16.98,379,63.7,77,70.60000000000001,107,65.46666666666665,100,62.03333333333333,94,59.4,,,,
18:45:00,769895,210,E,ML,34.230849,-118.265101,LOWELL / HONOLULU,15.68,339,64.76666666666667,98,69.23333333333333,96,67.43333333333332,81,61.5,63,57.9,,,,
18:45:00,769984,210,E,ML,34.202989,-118.191827,GOULD,20.4,288,61.63333333333333,76,66.56666666666666,79,63.3,69,59.0,64,56.46666666666666,,,,
18:45:00,770116,210,E,ML,34.234317,-118.286992,LA TUNA CANYON,14.39,231,63.8,72,69.0,72,65.96666666666665,53,58.06666666666666,35,58.4,,,,
18:45:00,770385,210,E,ML,34.206925,-118.21372,EB/NB 2 TO EB 210 CN,19.08,253,64.16666666666667,73,72.63333333333333,64,68.46666666666665,55,54.86666666666667,61,58.03333333333333,,,,
18:45:00,770578,210,E,ML,34.156489,-118.158295,WINONA WAY,24.442,157,55.2,101,53.8,56,58.3,,,,,,,,
18:50:00,717617,210,E,ML,34.179921,-118.167405,ARROYO,22.6,208,63.26666666666667,52,68.46666666666667,58,65.06666666666666,51,61.03333333333333,47,57.9,,,,
18:50:00,717620,210,E,ML,34.174756,-118.160407,LINCOLN 1,23.14,183,65.3,45,71.39999999999999,44,69.26666666666667,52,61.06666666666666,42,59.03333333333333,,,,
18:50:00,717625,210,E,ML,34.160546,-118.158748,MOUNTAIN 2,24.16,216,55.66666666666666,57,65.06666666666666,59,59.7,27,56.13333333333333,73,46.06666666666666,,,,
18:50:00,717628,210,E,ML,34.152216,-118.156144,WALNUT,24.81,43,64.8,43,64.8,,,,,,,,,,
18:50:00,717631,210,E,ML,34.15099,-118.152369,FAIR OAKS 1,25.12,119,63.6,25,68.9,36,65.4,32,62.1,26,57.9,,,,
18:50:00,717633,210,E,ML,34.151691,-118.142523,MARENGO,25.72,618,45.70000000000001,105,49.5,122,47.9,106,46.6,109,44.79999999999999,99,41.8,77,41.8
18:50:00,717635,210,E,ML,34.151658,-118.12944,LAKE 2,26.47,601,54.8,114,60.3,120,55.3,116,55.96666666666667,105,52.53333333333333,145,50.8,,
18:50:00,717638,210,E,ML,34.152187,-118.117782,HILL 1,27.14,602,47.36666666666667,140,39.3,126,36.5,114,71.39999999999999,111,68.66666666666667,111,23.73333333333333,,
18:50:00,717640,210,E,ML,34.152301,-118.109239,ALLEN,27.63,581,40.06666666666666,113,39.06666666666667,125,40.333333333333336,126,41.5,101,36.86666666666667,115,41.8,,
18:50:00,717646,210,E,ML,34.151406,-118.091041,SAN GABRIEL,28.68,496,21.9,101,17.733333333333334,103,16.2,83,17.8,93,29.166666666666668,117,27.766666666666666,,
18:50:00,717650,210,E,ML,34.147621,-118.079037,SIERRA MADRE V2,29.44,447,17.46666666666667,104,19.933333333333334,101,18.33333333333333,93,15.966666666666669,68,10.7,80,20.9,,
18:50:00,761093,210,E,HV,34.151691,-118.142523,MARENGO,25.72,118,63.6,118,63.6,,,,,,,,,,
18:50:00,761098,210,E,HV,34.151658,-118.12944,LAKE 2,26.47,118,63.6,118,63.6,,,,,,,,,,
18:50:00,761102,210,E,HV,34.152187,-118.117782,HILL 1,27.14,117,64.93333333333334,117,64.93333333333334,,,,,,,,,,
18:50:00,761105,210,E,HV,34.152301,-118.109239,ALLEN,27.63,132,34.86666666666667,132,34.86666666666667,,,,,,,,,,
18:50:00,761109,210,E,HV,34.151406,-118.091041,SAN GABRIEL,28.68,95,12.566666666666668,95,12.566666666666668,,,,,,,,,,
18:50:00,761112,210,E,HV,34.147621,-118.079037,SIERRA MADRE V2,29.44,106,16.5,106,16.5,,,,,,,,,,
18:50:00,763614,210,E,HV,34.15099,-118.152369,FAIR OAKS 1,25.12,118,63.6,118,63.6,,,,,,,,,,
18:50:00,769788,210,E,ML,34.189219,-118.180753,BERKSHIRE,21.58,268,62.76666666666667,71,67.83333333333333,74,64.56666666666666,64,59.96666666666667,59,57.46666666666666,,,,
18:50:00,769806,210,E,ML,34.196934,-118.185042,FOOTHILL,20.98,272,65.10000000000001,65,66.26666666666667,87,68.3,71,62.8,50,59.16666666666666,,,,
18:50:00,769819,210,E,ML,34.205892,-118.198234,ANGELES CREST HWY NB,19.98,119,63.6,25,68.9,36,65.4,32,62.1,26,57.9,,,,
18:50:00,769831,210,E,ML,34.206745,-118.201533,ANGELES CREST HWY SB,19.78,228,59.93333333333334,59,64.89999999999999,63,61.7,55,57.23333333333333,51,54.833333333333336,,,,
18:50:00,769847,210,E,ML,34.211728,-118.228265,OCEAN VIEW,18.18,226,67.2,73,72.43333333333334,71,71.46666666666667,54,58.73333333333333,28,58.16666666666666,,,,
18:50:00,769866,210,E,ML,34.218398,-118.239738,LA CRESCENTA,17.38,390,66.76666666666667,101,70.06666666666666,86,67.46666666666665,91,66.76666666666667,112,63.26666666666667,,,,
18:50:00,769880,210,E,ML,34.221426,-118.245718,PENNSYLVANIA,16.98,372,62.93333333333333,73,69.06666666666666,101,65.56666666666668,100,60.833333333333336,98,59.13333333333333,,,,
18:50:00,769895,210,E,ML,34.230849,-118.265101,LOWELL / HONOLULU,15.68,335,64.66666666666667,96,69.2,97,67.60000000000001,80,61.03333333333333,63,57.333333333333336,,,,
18:50:00,769984,210,E,ML,34.202989,-118.191827,GOULD,20.4,270,62.7,71,67.76666666666667,74,64.43333333333334,65,60.03333333333333,60,57.46666666666667,,,,
18:50:00,770116,210,E,ML,34.234317,-118.286992,LA TUNA CANYON,14.39,217,64.8,67,70.03333333333335,68,66.83333333333333,50,59.63333333333333,33,58.9,,,,
18:50:00,770385,210,E,ML,34.206925,-118.21372,EB/NB 2 TO EB 210 CN,19.08,237,64.16666666666667,66,72.86666666666666,66,68.3,56,55.1,49,57.3,,,,
18:50:00,770578,210,E,ML,34.156489,-118.158295,WINONA WAY,24.442,120,59.43333333333334,84,57.333333333333336,36,64.5,,,,,,,,
18:55:00,717617,210,E,ML,34.179921,-118.167405,ARROYO,22.6,215,63.56666666666666,54,68.83333333333333,60,65.39999999999999,53,61.3,48,58.13333333333333,,,,
18:55:00,717620,210,E,ML,34.174756,-118.160407,LINCOLN 1,23.14,209,65.0,46,70.83333333333333,49,69.23333333333333,69,60.86666666666667,44,60.46666666666667,,,,
18:55:00,717625,210,E,ML,34.160546,-118.158748,MOUNTAIN 2,24.16,223,59.66666666666666,61,66.96666666666667,44,63.4,30,60.0,88,53.3,,,,
18:55:00,717628,210,E,ML,34.152216,-118.156144,WALNUT,24.81,40,67.93333333333334,40,67.93333333333334,,,,,,,,,,
18:55:00,717631,210,E,ML,34.15099,-118.152369,FAIR OAKS 1,25.12,116,63.79999999999999,24,69.2,35,65.7,31,62.29999999999999,26,58.1,,,,
18:55:00,717633,210,E,ML,34.151691,-118.142523,MARENGO,25.72,612,47.79999999999999,104,51.79999999999999,121,50.1,105,48.79999999999999,108,46.9,98,43.70000000000001,76,43.70000000000001
18:55:00,717635,210,E,ML,34.151658,-118.12944,LAKE 2,26.47,551,54.4,105,59.76666666666667,110,55.06666666666666,106,55.53333333333333,96,52.03333333333333,133,50.4,,
18:55:00,717638,210,E,ML,34.152187,-118.117782,HILL 1,27.14,559,46.0,125,34.43333333333333,122,35.03333333333333,109,71.06666666666666,99,68.56666666666666,104,24.133333333333336,,
18:55:00,717640,210,E,ML,34.152301,-118.109239,ALLEN,27.63,566,38.73333333333333,105,39.333333333333336,124,39.266666666666666,120,39.6,105,36.13333333333333,113,39.2,,
18:55:00,717646,210,E,ML,34.151406,-118.091041,SAN GABRIEL,28.68,588,26.96666666666667,124,23.566666666666663,129,22.566666666666663,105,25.8,96,33.13333333333333,134,30.9,,
18:55:00,717650,210,E,ML,34.147621,-118.079037,SIERRA MADRE V2,29.44,487,21.03333333333333,120,24.6,111,22.633333333333336,102,19.2,77,14.366666666666667,77,22.73333333333333,,
18:55:00,761093,210,E,HV,34.151691,-118.142523,MARENGO,25.72,117,63.79999999999999,117,63.79999999999999,,,,,,,,,,
18:55:00,761098,210,E,HV,34.151658,-118.12944,LAKE 2,26.47,117,63.79999999999999,117,63.79999999999999,,,,,,,,,,
18:55:00,761102,210,E,HV,34.152187,-118.117782,HILL 1,27.14,108,64.9,108,64.9,,,,,,,,,,
18:55:00,761105,210,E,HV,34.152301,-118.109239,ALLEN,27.63,124,33.53333333333333,124,33.53333333333333,,,,,,,,,,
18:55:00,761109,210,E,HV,34.151406,-118.091041,SAN GABRIEL,28.68,121,17.3,121,17.3,,,,,,,,,,
18:55:00,761112,210,E,HV,34.147621,-118.079037,SIERRA MADRE V2,29.44,112,17.2,112,17.2,,,,,,,,,,
18:55:00,763614,210,E,HV,34.15099,-118.152369,FAIR OAKS 1,25.12,117,63.79999999999999,117,63.79999999999999,,,,,,,,,,
18:55:00,769788,210,E,ML,34.189219,-118.180753,BERKSHIRE,21.58,246,62.73333333333333,64,67.8,68,64.56666666666666,59,60.1,55,57.43333333333334,,,,
18:55:00,769806,210,E,ML,34.196934,-118.185042,FOOTHILL,20.98,224,63.23333333333333,54,63.76666666666667,70,68.63333333333333,64,63.26666666666667,36,53.16666666666666,,,,
18:55:00,769819,210,E,ML,34.205892,-118.198234,ANGELES CREST HWY NB,19.98,116,63.79999999999999,24,69.2,35,65.7,31,62.29999999999999,26,58.1,,,,
18:55:00,769831,210,E,ML,34.206745,-118.201533,ANGELES CREST HWY SB,19.78,236,59.16666666666666,62,64.10000000000001,66,60.9,57,56.43333333333334,52,54.23333333333333,,,,
18:55:00,769847,210,E,ML,34.211728,-118.228265,OCEAN VIEW,18.18,218,65.39999999999999,69,72.13333333333333,67,71.8,47,53.5,34,55.3,,,,
18:55:00,769866,210,E,ML,34.218398,-118.239738,LA CRESCENTA,17.38,350,65.5,74,70.06666666666666,77,69.10000000000001,80,64.83333333333333,119,60.43333333333334,,,,
18:55:00,769880,210,E,ML,34.221426,-118.245718,PENNSYLVANIA,16.98,310,62.7,68,69.06666666666666,85,66.10000000000001,83,57.96666666666667,73,59.76666666666667,,,,
18:55:00,769895,210,E,ML,34.230849,-118.265101,LOWELL / HONOLULU,15.68,287,63.8,80,69.0,83,67.26666666666667,71,60.3,54,55.333333333333336,,,,
18:55:00,769984,210,E,ML,34.202989,-118.191827,GOULD,20.4,248,62.76666666666667,65,67.76666666666667,68,64.53333333333335,60,60.23333333333333,56,57.5,,,,
18:55:00,770116,210,E,ML,34.234317,-118.286992,LA TUNA CANYON,14.39,201,65.43333333333334,61,71.0,63,67.56666666666666,46,60.133333333333326,31,59.06666666666666,,,,
18:55:00,770385,210,E,ML,34.206925,-118.21372,EB/NB 2 TO EB 210 CN,19.08,235,62.66666666666666,56,72.03333333333335,69,69.73333333333333,59,51.86666666666667,51,55.96666666666666,,,,
18:55:00,770578,210,E,ML,34.156489,-118.158295,WINONA WAY,24.442,86,64.96666666666667,53,62.56666666666666,32,68.39999999999999,,,,,,,,
19:00:00,717617,210,E,ML,34.179921,-118.167405,ARROYO,22.6,233,61.76666666666667,59,66.9,65,63.56666666666666,57,59.53333333333333,52,56.46666666666667,,,,
19:00:00,717620,210,E,ML,34.174756,-118.160407,LINCOLN 1,23.14,213,63.56666666666666,48,71.8,52,66.76666666666667,61,59.0,52,58.46666666666667,,,,
19:00:00,717625,210,E,ML,34.160546,-118.158748,MOUNTAIN 2,24.16,230,60.7,63,66.3,42,67.16666666666667,30,63.13333333333333,96,53.63333333333333,,,,
19:00:00,717628,210,E,ML,34.152216,-118.156144,WALNUT,24.81,35,66.56666666666666,35,66.56666666666666,,,,,,,,,,
19:00:00,717631,210,E,ML,34.15099,-118.152369,FAIR OAKS 1,25.12,115,64.0,24,69.4,35,65.9,31,62.5,25,58.20000000000001,,,,
19:00:00,717633,210,E,ML,34.151691,-118.142523,MARENGO,25.72,615,50.0,104,54.20000000000001,121,52.5,106,51.0,108,49.0,99,45.70000000000001,77,45.70000000000001
19:00:00,717635,210,E,ML,34.151658,-118.12944,LAKE 2,26.47,591,56.06666666666666,112,61.4,118,57.06666666666666,114,57.13333333333333,103,53.86666666666667,143,51.76666666666667,,
19:00:00,717638,210,E,ML,34.152187,-118.117782,HILL 1,27.14,601,48.26666666666667,138,38.23333333333333,128,38.46666666666667,115,71.23333333333333,102,68.60000000000001,118,30.4,,
19:00:00,717640,210,E,ML,34.152301,-118.109239,ALLEN,27.63,602,44.46666666666667,118,50.0,134,44.4,127,44.43333333333334,105,39.93333333333333,118,43.03333333333333,,
19:00:00,717646,210,E,ML,34.151406,-118.091041,SAN GABRIEL,28.68,546,29.96666666666667,117,26.53333333333333,123,25.766666666666666,91,26.266666666666666,96,37.266666666666666,120,34.36666666666667,,
19:00:00,717650,210,E,ML,34.147621,-118.079037,SIERRA MADRE V2,29.44,524,27.066666666666663,134,31.066666666666663,113,28.36666666666667,109,24.566666666666663,83,20.73333333333333,83,28.433333333333334,,
19:00:00,761093,210,E,HV,34.151691,-118.142523,MARENGO,25.72,115,64.0,115,64.0,,,,,,,,,,
19:00:00,761098,210,E,HV,34.151658,-118.12944,LAKE 2,26.47,115,64.0,115,64.0,,,,,,,,,,
19:00:00,761102,210,E,HV,34.152187,-118.117782,HILL 1,27.14,116,64.76666666666667,116,64.76666666666667,,,,,,,,,,
19:00:00,761105,210,E,HV,34.152301,-118.109239,ALLEN,27.63,142,36.2,142,36.2,,,,,,,,,,
19:00:00,761109,210,E,HV,34.151406,-118.091041,SAN GABRIEL,28.68,111,17.733333333333334,111,17.733333333333334,,,,,,,,,,
19:00:00,761112,210,E,HV,34.147621,-118.079037,SIERRA MADRE V2,29.44,122,20.266666666666666,122,20.266666666666666,,,,,,,,,,
19:00:00,763614,210,E,HV,34.15099,-118.152369,FAIR OAKS 1,25.12,115,64.0,115,64.0,,,,,,,,,,
19:00:00,769788,210,E,ML,34.189219,-118.180753,BERKSHIRE,21.58,215,62.96666666666667,55,68.2,60,64.86666666666666,52,60.3,49,57.7,,,,
19:00:00,769806,210,E,ML,34.196934,-118.185042,FOOTHILL,20.98,208,66.46666666666667,52,67.36666666666667,61,68.73333333333333,60,68.10000000000001,36,56.03333333333333,,,,
19:00:00,769819,210,E,ML,34.205892,-118.198234,ANGELES CREST HWY NB,19.98,115,64.0,24,69.4,35,65.9,31,62.5,25,58.20000000000001,,,,
19:00:00,769831,210,E,ML,34.206745,-118.201533,ANGELES CREST HWY SB,19.78,245,56.8,64,61.6,68,58.46666666666667,59,54.06666666666666,53,51.96666666666667,,,,
19:00:00,769847,210,E,ML,34.211728,-118.228265,OCEAN VIEW,18.18,210,66.5,62,73.0,69,70.86666666666666,50,56.13333333333333,29,60.1,,,,
19:00:00,769866,210,E,ML,34.218398,-118.239738,LA CRESCENTA,17.38,344,66.36666666666666,70,72.23333333333333,83,69.60000000000001,82,64.3,109,61.333333333333336,,,,
19:00:00,769880,210,E,ML,34.221426,-118.245718,PENNSYLVANIA,16.98,307,63.93333333333334,63,71.76666666666667,84,66.83333333333333,84,58.2,75,61.333333333333336,,,,
19:00:00,769895,210,E,ML,34.230849,-118.265101,LOWELL / HONOLULU,15.68,292,64.46666666666665,86,70.5,84,67.2,68,60.76666666666667,54,54.333333333333336,,,,
19:00:00,769984,210,E,ML,34.202989,-118.191827,GOULD,20.4,217,62.93333333333334,55,68.10000000000001,60,64.8,53,60.333333333333336,49,57.7,,,,
19:00:00,770116,210,E,ML,34.234317,-118.286992,LA TUNA CANYON,14.39,200,64.76666666666667,60,70.10000000000001,63,66.89999999999999,46,59.36666666666667,31,58.833333333333336,,,,
19:00:00,770385,210,E,ML,34.206925,-118.21372,EB/NB 2 TO EB 210 CN,19.08,244,62.23333333333333,62,72.76666666666667,74,70.33333333333333,52,48.9,55,53.13333333333333,,,,
19:00:00,770578,210,E,ML,34.156489,-118.158295,WINONA WAY,24.442,87,66.53333333333335,60,66.46666666666665,27,66.7,,,,,,,,
19:05:00,717617,210,E,ML,34.179921,-118.167405,ARROYO,22.6,223,61.76666666666667,56,66.8,62,63.46666666666667,55,59.53333333333333,50,56.5,,,,
19:05:00,717620,210,E,ML,34.174756,-118.160407,LINCOLN 1,23.14,204,63.66666666666666,47,72.23333333333333,54,66.43333333333334,51,59.46666666666667,51,57.76666666666667,,,,
19:05:00,717625,210,E,ML,34.160546,-118.158748,MOUNTAIN 2,24.16,185,60.36666666666667,59,66.06666666666666,32,67.73333333333333,26,62.56666666666666,67,50.56666666666666,,,,
19:05:00,717628,210,E,ML,34.152216,-118.156144,WALNUT,24.81,37,64.39999999999999,37,64.39999999999999,,,,,,,,,,
19:05:00,717631,210,E,ML,34.15099,-118.152369,FAIR OAKS 1,25.12,115,64.2,24,69.6,35,66.1,31,62.70000000000001,25,58.4,,,,
19:05:00,717633,210,E,ML,34.151691,-118.142523,MARENGO,25.72,612,52.0,104,56.4,121,54.6,105,53.1,108,51.0,98,47.6,76,47.6
19:05:00,717635,210,E,ML,34.151658,-118.12944,LAKE 2,26.47,586,58.4,111,63.73333333333333,117,59.9,113,59.26666666666667,102,56.3,142,53.66666666666666,,
19:05:00,717638,210,E,ML,34.152187,-118.117782,HILL 1,27.14,581,52.833333333333336,130,45.43333333333334,126,44.96666666666667,107,71.13333333333333,105,68.89999999999999,113,37.833333333333336,,
19:05:00,717640,210,E,ML,34.152301,-118.109239,ALLEN,27.63,599,49.23333333333333,108,58.4,130,50.23333333333333,129,49.6,112,43.4,120,45.16666666666666,,
19:05:00,717646,210,E,ML,34.151406,-118.091041,SAN GABRIEL,28.68,574,38.266666666666666,125,36.46666666666667,127,34.96666666666667,102,36.86666666666667,97,41.73333333333333,123,41.36666666666667,,
19:05:00,717650,210,E,ML,34.147621,-118.079037,SIERRA MADRE V2,29.44,499,29.166666666666668,133,32.833333333333336,109,29.666666666666668,102,26.866666666666664,75,23.466666666666665,80,29.8,,
19:05:00,761093,210,E,HV,34.151691,-118.142523,MARENGO,25.72,114,64.2,114,64.2,,,,,,,,,,
19:05:00,761098,210,E,HV,34.151658,-118.12944,LAKE 2,26.47,114,64.2,114,64.2,,,,,,,,,,
19:05:00,761102,210,E,HV,34.152187,-118.117782,HILL 1,27.14,105,65.0,105,65.0,,,,,,,,,,
19:05:00,761105,210,E,HV,34.152301,-118.109239,ALLEN,27.63,138,40.53333333333333,138,40.53333333333333,,,,,,,,,,
19:05:00,761109,210,E,HV,34.151406,-118.091041,SAN GABRIEL,28.68,110,26.633333333333336,110,26.633333333333336,,,,,,,,,,
19:05:00,761112,210,E,HV,34.147621,-118.079037,SIERRA MADRE V2,29.44,109,19.433333333333334,109,19.433333333333334,,,,,,,,,,
19:05:00,763614,210,E,HV,34.15099,-118.152369,FAIR OAKS 1,25.12,114,64.2,114,64.2,,,,,,,,,,
19:05:00,769788,210,E,ML,34.189219,-118.180753,BERKSHIRE,21.58,236,62.56666666666666,61,67.66666666666667,66,64.36666666666666,57,59.833333333333336,52,57.26666666666667,,,,
19:05:00,769806,210,E,ML,34.196934,-118.185042,FOOTHILL,20.98,232,64.46666666666665,57,65.43333333333334,69,69.43333333333334,60,62.43333333333334,45,57.73333333333333,,,,
19:05:00,769819,210,E,ML,34.205892,-118.198234,ANGELES CREST HWY NB,19.98,115,64.2,24,69.6,35,66.1,31,62.70000000000001,25,58.4,,,,
19:05:00,769831,210,E,ML,34.206745,-118.201533,ANGELES CREST HWY SB,19.78,237,56.73333333333333,61,61.6,66,58.5,57,54.13333333333333,54,52.0,,,,
19:05:00,769847,210,E,ML,34.211728,-118.228265,OCEAN VIEW,18.18,199,67.83333333333333,57,74.2,60,71.76666666666667,51,57.3,31,64.89999999999999,,,,
19:05:00,769866,210,E,ML,34.218398,-118.239738,LA CRESCENTA,17.38,331,66.7,65,72.46666666666667,72,71.33333333333333,82,63.9,112,62.56666666666666,,,,
19:05:00,769880,210,E,ML,34.221426,-118.245718,PENNSYLVANIA,16.98,297,64.96666666666665,63,72.76666666666667,81,67.63333333333333,82,59.93333333333334,71,62.0,,,,
19:05:00,769895,210,E,ML,34.230849,-118.265101,LOWELL / HONOLULU,15.68,276,64.2,78,70.43333333333334,84,66.60000000000001,68,59.93333333333334,46,54.3,,,,
19:05:00,769984,210,E,ML,34.202989,-118.191827,GOULD,20.4,239,62.56666666666666,62,67.56666666666666,66,64.3,58,59.93333333333334,53,57.3,,,,
19:05:00,770116,210,E,ML,34.234317,-118.286992,LA TUNA CANYON,14.39,200,64.53333333333333,61,69.83333333333333,63,66.63333333333333,46,59.366666666666674,31,58.76666666666667,,,,
19:05:00,770385,210,E,ML,34.206925,-118.21372,EB/NB 2 TO EB 210 CN,19.08,236,62.36666666666667,60,73.86666666666667,68,71.1,58,47.6,49,53.2,,,,
19:05:00,770578,210,E,ML,34.156489,-118.158295,WINONA WAY,24.442,86,67.0,58,68.46666666666667,28,64.0,,,,,,,,
19:10:00,717617,210,E,ML,34.179921,-118.167405,ARROYO,22.6,201,61.63333333333333,50,66.7,56,63.4,50,59.46666666666667,45,56.4,,,,
19:10:00,717620,210,E,ML,34.174756,-118.160407,LINCOLN 1,23.14,183,64.06666666666666,41,72.36666666666667,49,67.33333333333333,50,55.86666666666667,43,61.3,,,,
19:10:00,717625,210,E,ML,34.160546,-118.158748,MOUNTAIN 2,24.16,199,60.833333333333336,55,66.2,38,69.83333333333333,27,63.36666666666667,78,51.5,,,,
19:10:00,717628,210,E,ML,34.152216,-118.156144,WALNUT,24.81,42,64.7,42,64.7,,,,,,,,,,
19:10:00,717631,210,E,ML,34.15099,-118.152369,FAIR OAKS 1,25.12,115,64.2,24,69.6,35,66.1,31,62.70000000000001,25,58.4,,,,
19:10:00,717633,210,E,ML,34.151691,-118.142523,MARENGO,25.72,609,54.79999999999999,103,59.5,120,57.5,105,56.0,107,53.79999999999999,98,50.1,76,50.1
19:10:00,717635,210,E,ML,34.151658,-118.12944,LAKE 2,26.47,613,60.1,116,65.33333333333333,123,62.1,119,60.9,107,58.16666666666666,148,55.1,,
19:10:00,717638,210,E,ML,34.152187,-118.117782,HILL 1,27.14,609,56.76666666666667,136,51.36666666666667,127,51.1,113,71.13333333333334,113,68.5,119,44.3,,
19:10:00,717640,210,E,ML,34.152301,-118.109239,ALLEN,27.63,588,54.73333333333333,101,65.39999999999999,128,55.5,127,53.8,110,48.73333333333333,122,51.6,,
19:10:00,717646,210,E,ML,34.151406,-118.091041,SAN GABRIEL,28.68,544,43.9,125,42.86666666666667,121,41.3,96,42.0,91,50.06666666666666,110,44.53333333333333,,
19:10:00,717650,210,E,ML,34.147621,-118.079037,SIERRA MADRE V2,29.44,483,30.133333333333336,146,34.4,101,30.7,97,27.5,68,23.03333333333333,72,29.9,,
19:10:00,761093,210,E,HV,34.151691,-118.142523,MARENGO,25.72,114,64.2,114,64.2,,,,,,,,,,
19:10:00,761098,210,E,HV,34.151658,-118.12944,LAKE 2,26.47,114,64.2,114,64.2,,,,,,,,,,
19:10:00,761102,210,E,HV,34.152187,-118.117782,HILL 1,27.14,104,64.83333333333333,104,64.83333333333333,,,,,,,,,,
19:10:00,761105,210,E,HV,34.152301,-118.109239,ALLEN,27.63,140,43.5,140,43.5,,,,,,,,,,
19:10:00,761109,210,E,HV,34.151406,-118.091041,SAN GABRIEL,28.68,102,35.1,102,35.1,,,,,,,,,,
19:10:00,761112,210,E,HV,34.147621,-118.079037,SIERRA MADRE V2,29.44,111,19.7,111,19.7,,,,,,,,,,
19:10:00,763614,210,E,HV,34.15099,-118.152369,FAIR OAKS 1,25.12,114,64.2,114,64.2,,,,,,,,,,
19:10:00,769788,210,E,ML,34.189219,-118.180753,BERKSHIRE,21.58,221,63.43333333333334,57,68.53333333333335,62,65.3,53,60.79999999999999,49,58.06666666666666,,,,
19:10:00,769806,210,E,ML,34.196934,-118.185042,FOOTHILL,20.98,218,67.3,52,69.13333333333334,70,69.96666666666667,56,64.03333333333335,40,64.10000000000001,,,,
19:10:00,769819,210,E,ML,34.205892,-118.198234,ANGELES CREST HWY NB,19.98,115,64.2,24,69.6,35,66.1,31,62.70000000000001,25,58.4,,,,
19:10:00,769831,210,E,ML,34.206745,-118.201533,ANGELES CREST HWY SB,19.78,241,57.36666666666667,62,62.23333333333333,67,59.1,58,54.6,54,52.5,,,,
19:10:00,769847,210,E,ML,34.211728,-118.228265,OCEAN VIEW,18.18,221,69.0,68,74.8,73,71.0,52,60.2,28,66.23333333333333,,,,
19:10:00,769866,210,E,ML,34.218398,-118.239738,LA CRESCENTA,17.38,344,66.7,74,73.7,84,71.06666666666666,81,62.06666666666666,105,61.8,,,,
19:10:00,769880,210,E,ML,34.221426,-118.245718,PENNSYLVANIA,16.98,297,65.13333333333333,65,72.66666666666667,82,67.83333333333333,83,60.03333333333333,67,61.8,,,,
19:10:00,769895,210,E,ML,34.230849,-118.265101,LOWELL / HONOLULU,15.68,267,64.33333333333333,75,70.43333333333334,77,66.89999999999999,65,61.06666666666666,50,54.73333333333333,,,,
19:10:00,769984,210,E,ML,34.202989,-118.191827,GOULD,20.4,223,63.46666666666667,58,68.56666666666666,62,65.23333333333333,54,60.93333333333334,50,58.16666666666666,,,,
19:10:00,770116,210,E,ML,34.234317,-118.286992,LA TUNA CANYON,14.39,187,63.5,56,69.06666666666666,59,65.93333333333332,43,57.06666666666666,29,58.13333333333333,,,,
19:10:00,770385,210,E,ML,34.206925,-118.21372,EB/NB 2 TO EB 210 CN,19.08,248,62.43333333333334,55,74.43333333333334,71,70.43333333333334,62,49.2,59,54.26666666666667,,,,
19:10:00,770578,210,E,ML,34.156489,-118.158295,WINONA WAY,24.442,78,67.03333333333333,44,69.33333333333333,34,64.36666666666666,,,,,,,,
19:15:00,717617,210,E,ML,34.179921,-118.167405,ARROYO,22.6,211,63.06666666666666,53,68.23333333333333,59,64.86666666666666,52,60.833333333333336,47,57.63333333333333,,,,
19:15:00,717620,210,E,ML,34.174756,-118.160407,LINCOLN 1,23.14,189,64.23333333333333,41,73.39999999999999,51,68.03333333333335,55,56.86666666666667,42,61.0,,,,
19:15:00,717625,210,E,ML,34.160546,-118.158748,MOUNTAIN 2,24.16,193,63.0,60,66.39999999999999,32,72.46666666666667,28,64.86666666666667,73,54.6,,,,
19:15:00,717628,210,E,ML,34.152216,-118.156144,WALNUT,24.81,44,64.26666666666667,44,64.26666666666667,,,,,,,,,,
19:15:00,717631,210,E,ML,34.15099,-118.152369,FAIR OAKS 1,25.12,113,64.4,24,69.8,34,66.3,30,62.9,25,58.6,,,,
19:15:00,717633,210,E,ML,34.151691,-118.142523,MARENGO,25.72,618,56.1,105,60.9,122,58.9,106,57.29999999999999,109,55.1,99,51.29999999999999,77,51.29999999999999
19:15:00,717635,210,E,ML,34.151658,-118.12944,LAKE 2,26.47,619,61.6,117,66.93333333333334,124,63.833333333333336,120,62.23333333333333,108,59.73333333333333,149,56.333333333333336,,
19:15:00,717638,210,E,ML,34.152187,-118.117782,HILL 1,27.14,611,58.5,134,53.9,134,53.43333333333334,114,71.16666666666667,113,68.60000000000001,117,47.6,,
19:15:00,717640,210,E,ML,34.152301,-118.109239,ALLEN,27.63,579,57.2,93,68.2,132,57.4,123,56.3,113,51.73333333333333,118,54.23333333333333,,
19:15:00,717646,210,E,ML,34.151406,-118.091041,SAN GABRIEL,28.68,541,43.86666666666667,125,39.8,117,42.1,97,43.06666666666666,88,51.333333333333336,115,45.4,,
19:15:00,717650,210,E,ML,34.147621,-118.079037,SIERRA MADRE V2,29.44,524,30.5,146,34.13333333333333,111,30.899999999999995,106,28.8,81,24.96666666666667,82,30.53333333333333,,
19:15:00,761093,210,E,HV,34.151691,-118.142523,MARENGO,25.72,113,64.4,113,64.4,,,,,,,,,,
19:15:00,761098,210,E,HV,34.151658,-118.12944,LAKE 2,26.47,113,64.4,113,64.4,,,,,,,,,,
19:15:00,761102,210,E,HV,34.152187,-118.117782,HILL 1,27.14,94,64.60000000000001,94,64.60000000000001,,,,,,,,,,
19:15:00,761105,210,E,HV,34.152301,-118.109239,ALLEN,27.63,137,47.36666666666667,137,47.36666666666667,,,,,,,,,,
19:15:00,761109,210,E,HV,34.151406,-118.091041,SAN GABRIEL,28.68,97,36.13333333333333,97,36.13333333333333,,,,,,,,,,
19:15:00,761112,210,E,HV,34.147621,-118.079037,SIERRA MADRE V2,29.44,112,20.73333333333333,112,20.73333333333333,,,,,,,,,,
19:15:00,763614,210,E,HV,34.15099,-118.152369,FAIR OAKS 1,25.12,113,64.4,113,64.4,,,,,,,,,,
19:15:00,769788,210,E,ML,34.189219,-118.180753,BERKSHIRE,21.58,202,62.43333333333334,52,67.46666666666667,57,64.2,49,59.66666666666666,44,57.1,,,,
19:15:00,769806,210,E,ML,34.196934,-118.185042,FOOTHILL,20.98,191,65.03333333333333,46,66.46666666666667,62,69.46666666666667,47,64.96666666666665,37,57.26666666666667,,,,
19:15:00,769819,210,E,ML,34.205892,-118.198234,ANGELES CREST HWY NB,19.98,113,64.4,24,69.8,34,66.3,30,62.9,25,58.6,,,,
19:15:00,769831,210,E,ML,34.206745,-118.201533,ANGELES CREST HWY SB,19.78,227,56.56666666666666,59,61.333333333333336,64,58.23333333333333,55,53.833333333333336,50,51.73333333333333,,,,
19:15:00,769847,210,E,ML,34.211728,-118.228265,OCEAN VIEW,18.18,192,67.23333333333333,55,74.7,60,71.16666666666667,48,57.26666666666667,28,61.23333333333333,,,,
19:15:00,769866,210,E,ML,34.218398,-118.239738,LA CRESCENTA,17.38,328,66.46666666666667,68,73.66666666666667,73,70.53333333333333,83,64.06666666666666,104,61.16666666666666,,,,
19:15:00,769880,210,E,ML,34.221426,-118.245718,PENNSYLVANIA,16.98,253,63.833333333333336,54,70.63333333333333,68,67.36666666666666,73,57.86666666666667,59,61.76666666666667,,,,
19:15:00,769895,210,E,ML,34.230849,-118.265101,LOWELL / HONOLULU,15.68,237,64.2,67,70.39999999999999,68,67.13333333333334,58,61.43333333333334,44,53.5,,,,
19:15:00,769984,210,E,ML,34.202989,-118.191827,GOULD,20.4,204,62.43333333333334,53,67.43333333333334,57,64.2,49,59.76666666666667,44,57.2,,,,
19:15:00,770116,210,E,ML,34.234317,-118.286992,LA TUNA CANYON,14.39,161,63.66666666666666,47,69.33333333333333,51,66.2,37,57.3,26,58.26666666666667,,,,
19:15:00,770385,210,E,ML,34.206925,-118.21372,EB/NB 2 TO EB 210 CN,19.08,215,60.86666666666667,47,73.66666666666667,59,68.2,55,49.23333333333333,53,52.833333333333336,,,,
19:15:00,770578,210,E,ML,34.156489,-118.158295,WINONA WAY,24.442,79,67.89999999999999,42,71.43333333333334,37,63.833333333333336,,,,,,,,
19:20:00,717617,210,E,ML,34.179921,-118.167405,ARROYO,22.6,198,59.73333333333333,50,64.7,56,61.43333333333334,49,57.53333333333333,44,54.63333333333333,,,,
19:20:00,717620,210,E,ML,34.174756,-118.160407,LINCOLN 1,23.14,168,62.93333333333334,29,73.06666666666666,50,69.0,49,56.86666666666667,40,55.36666666666667,,,,
19:20:00,717625,210,E,ML,34.160546,-118.158748,MOUNTAIN 2,24.16,176,63.63333333333333,54,66.39999999999999,23,72.5,21,65.73333333333333,77,57.9,,,,
19:20:00,717628,210,E,ML,34.152216,-118.156144,WALNUT,24.81,38,65.03333333333333,38,65.03333333333333,,,,,,,,,,
19:20:00,717631,210,E,ML,34.15099,-118.152369,FAIR OAKS 1,25.12,111,64.5,23,69.9,34,66.4,30,63.0,24,58.70000000000001,,,,
19:20:00,717633,210,E,ML,34.151691,-118.142523,MARENGO,25.72,609,57.70000000000001,103,62.6,120,60.6,105,58.9,107,56.6,98,52.79999999999999,76,52.79999999999999
19:20:00,717635,210,E,ML,34.151658,-118.12944,LAKE 2,26.47,574,63.36666666666667,109,68.86666666666666,115,65.89999999999999,111,63.833333333333336,100,61.633333333333326,139,57.86666666666667,,
19:20:00,717638,210,E,ML,34.152187,-118.117782,HILL 1,27.14,590,60.36666666666667,134,55.6,120,55.3,116,71.46666666666667,104,68.60000000000001,116,52.900000000000006,,
19:20:00,717640,210,E,ML,34.152301,-118.109239,ALLEN,27.63,591,58.96666666666667,97,71.39999999999999,132,58.76666666666667,127,57.5,115,54.86666666666667,121,54.53333333333333,,
19:20:00,717646,210,E,ML,34.151406,-118.091041,SAN GABRIEL,28.68,561,50.3,125,47.26666666666667,131,47.06666666666666,98,47.833333333333336,94,58.06666666666666,113,52.9,,
19:20:00,717650,210,E,ML,34.147621,-118.079037,SIERRA MADRE V2,29.44,518,30.4,159,34.2,104,28.53333333333333,96,26.8,78,25.5,80,31.133333333333336,,
19:20:00,761093,210,E,HV,34.151691,-118.142523,MARENGO,25.72,111,64.5,111,64.5,,,,,,,,,,
19:20:00,761098,210,E,HV,34.151658,-118.12944,LAKE 2,26.47,111,64.5,111,64.5,,,,,,,,,,
19:20:00,761102,210,E,HV,34.152187,-118.117782,HILL 1,27.14,91,64.60000000000001,91,64.60000000000001,,,,,,,,,,
19:20:00,761105,210,E,HV,34.152301,-118.109239,ALLEN,27.63,140,49.93333333333334,140,49.93333333333334,,,,,,,,,,
19:20:00,761109,210,E,HV,34.151406,-118.091041,SAN GABRIEL,28.68,102,42.0,102,42.0,,,,,,,,,,
19:20:00,761112,210,E,HV,34.147621,-118.079037,SIERRA MADRE V2,29.44,96,22.53333333333333,96,22.53333333333333,,,,,,,,,,
19:20:00,763614,210,E,HV,34.15099,-118.152369,FAIR OAKS 1,25.12,111,64.5,111,64.5,,,,,,,,,,
19:20:00,769788,210,E,ML,34.189219,-118.180753,BERKSHIRE,21.58,208,63.6,53,68.83333333333333,58,65.53333333333335,50,60.9,46,58.23333333333333,,,,
19:20:00,769806,210,E,ML,34.196934,-118.185042,FOOTHILL,20.98,198,65.93333333333334,48,66.93333333333334,61,70.83333333333333,52,63.333333333333336,37,60.0,,,,
19:20:00,769819,210,E,ML,34.205892,-118.198234,ANGELES CREST HWY NB,19.98,111,64.5,23,69.9,34,66.4,30,63.0,24,58.70000000000001,,,,
19:20:00,769831,210,E,ML,34.206745,-118.201533,ANGELES CREST HWY SB,19.78,217,54.46666666666667,55,59.23333333333333,61,56.16666666666666,52,51.76666666666667,49,49.93333333333334,,,,
19:20:00,769847,210,E,ML,34.211728,-118.228265,OCEAN VIEW,18.18,164,67.5,47,75.5,51,70.76666666666667,42,58.63333333333333,24,60.93333333333334,,,,
19:20:00,769866,210,E,ML,34.218398,-118.239738,LA CRESCENTA,17.38,273,65.96666666666665,50,73.86666666666667,58,69.96666666666667,72,64.53333333333335,93,60.66666666666666,,,,
19:20:00,769880,210,E,ML,34.221426,-118.245718,PENNSYLVANIA,16.98,250,65.10000000000001,53,73.36666666666666,70,67.66666666666667,76,59.4,52,63.03333333333334,,,,
19:20:00,769895,210,E,ML,34.230849,-118.265101,LOWELL / HONOLULU,15.68,225,63.76666666666667,63,70.83333333333333,64,67.16666666666667,55,58.76666666666667,43,54.13333333333333,,,,
19:20:00,769984,210,E,ML,34.202989,-118.191827,GOULD,20.4,211,63.6,54,68.73333333333333,58,65.43333333333334,51,60.93333333333334,47,58.23333333333333,,,,
19:20:00,770116,210,E,ML,34.234317,-118.286992,LA TUNA CANYON,14.39,150,62.9,43,68.73333333333333,48,65.66666666666667,35,55.7,24,57.86666666666667,,,,
19:20:00,770385,210,E,ML,34.206925,-118.21372,EB/NB 2 TO EB 210 CN,19.08,195,59.4,42,72.76666666666667,56,68.53333333333333,48,45.333333333333336,49,50.26666666666667,,,,
19:20:00,770578,210,E,ML,34.156489,-118.158295,WINONA WAY,24.442,76,68.7,47,71.03333333333333,29,64.8,,,,,,,,
19:25:00,717617,210,E,ML,34.179921,-118.167405,ARROYO,22.6,174,58.333333333333336,42,63.06666666666666,49,59.9,43,56.4,40,53.63333333333333,,,,
19:25:00,717620,210,E,ML,34.174756,-118.160407,LINCOLN 1,23.14,134,59.96666666666667,22,72.8,38,67.93333333333334,41,53.73333333333333,33,52.36666666666667,,,,
19:25:00,717625,210,E,ML,34.160546,-118.158748,MOUNTAIN 2,24.16,168,61.26666666666666,47,64.63333333333334,29,68.60000000000001,20,63.66666666666666,73,55.333333333333336,,,,
19:25:00,717628,210,E,ML,34.152216,-118.156144,WALNUT,24.81,34,65.3,34,65.3,,,,,,,,,,
19:25:00,717631,210,E,ML,34.15099,-118.152369,FAIR OAKS 1,25.12,109,64.6,23,70.0,33,66.5,29,63.1,24,58.79999999999999,,,,
19:25:00,717633,210,E,ML,34.151691,-118.142523,MARENGO,25.72,605,59.20000000000001,103,64.3,119,62.20000000000001,104,60.5,107,58.1,97,54.20000000000001,75,54.20000000000001
19:25:00,717635,210,E,ML,34.151658,-118.12944,LAKE 2,26.47,611,63.53333333333333,116,69.03333333333333,123,66.13333333333334,118,64.03333333333333,107,61.8,148,58.0,,
19:25:00,717638,210,E,ML,34.152187,-118.117782,HILL 1,27.14,603,61.333333333333336,132,57.63333333333333,129,57.5,109,71.3,111,68.8,121,53.56666666666666,,
19:25:00,717640,210,E,ML,34.152301,-118.109239,ALLEN,27.63,577,59.833333333333336,92,72.8,129,59.86666666666667,125,58.16666666666666,112,55.46666666666666,120,55.6,,
19:25:00,717646,210,E,ML,34.151406,-118.091041,SAN GABRIEL,28.68,550,55.06666666666666,125,55.03333333333333,126,53.1,99,53.16666666666666,92,58.86666666666667,108,56.2,,
19:25:00,717650,210,E,ML,34.147621,-118.079037,SIERRA MADRE V2,29.44,502,30.866666666666664,159,33.766666666666666,100,30.066666666666663,98,27.7,67,24.53333333333333,78,32.1,,
19:25:00,761093,210,E,HV,34.151691,-118.142523,MARENGO,25.72,109,64.6,109,64.6,,,,,,,,,,
19:25:00,761098,210,E,HV,34.151658,-118.12944,LAKE 2,26.47,109,64.6,109,64.6,,,,,,,,,,
19:25:00,761102,210,E,HV,34.152187,-118.117782,HILL 1,27.14,96,64.83333333333333,96,64.83333333333333,,,,,,,,,,
19:25:00,761105,210,E,HV,34.152301,-118.109239,ALLEN,27.63,137,51.73333333333333,137,51.73333333333333,,,,,,,,,,
19:25:00,761109,210,E,HV,34.151406,-118.091041,SAN GABRIEL,28.68,90,47.46666666666667,90,47.46666666666667,,,,,,,,,,
19:25:00,761112,210,E,HV,34.147621,-118.079037,SIERRA MADRE V2,29.44,89,23.4,89,23.4,,,,,,,,,,
19:25:00,763614,210,E,HV,34.15099,-118.152369,FAIR OAKS 1,25.12,109,64.6,109,64.6,,,,,,,,,,
19:25:00,769788,210,E,ML,34.189219,-118.180753,BERKSHIRE,21.58,218,61.46666666666667,56,66.5,61,63.3,52,58.76666666666667,49,56.36666666666667,,,,
19:25:00,769806,210,E,ML,34.196934,-118.185042,FOOTHILL,20.98,204,64.10000000000001,51,64.46666666666667,59,71.3,56,60.3,38,57.76666666666667,,,,
19:25:00,769819,210,E,ML,34.205892,-118.198234,ANGELES CREST HWY NB,19.98,109,64.6,23,70.0,33,66.5,29,63.1,24,58.79999999999999,,,,
19:25:00,769831,210,E,ML,34.206745,-118.201533,ANGELES CREST HWY SB,19.78,202,56.46666666666667,52,61.1,57,58.03333333333333,49,53.8,44,51.73333333333333,,,,
19:25:00,769847,210,E,ML,34.211728,-118.228265,OCEAN VIEW,18.18,181,65.46666666666667,53,75.33333333333333,57,70.0,43,49.96666666666667,28,61.13333333333333,,,,
19:25:00,769866,210,E,ML,34.218398,-118.239738,LA CRESCENTA,17.38,286,63.36666666666667,49,73.10000000000001,63,67.2,66,56.833333333333336,108,60.7,,,,
19:25:00,769880,210,E,ML,34.221426,-118.245718,PENNSYLVANIA,16.98,256,63.20000000000001,55,69.89999999999999,68,67.60000000000001,76,55.56666666666666,56,62.7,,,,
19:25:00,769895,210,E,ML,34.230849,-118.265101,LOWELL / HONOLULU,15.68,237,62.73333333333333,66,70.36666666666667,69,65.93333333333334,59,57.56666666666666,44,52.1,,,,
19:25:00,769984,210,E,ML,34.202989,-118.191827,GOULD,20.4,221,61.43333333333334,56,66.36666666666667,61,63.1,54,58.86666666666667,50,56.43333333333334,,,,
19:25:00,770116,210,E,ML,34.234317,-118.286992,LA TUNA CANYON,14.39,156,62.0,45,67.73333333333333,49,64.83333333333333,36,54.43333333333334,25,57.43333333333334,,,,
19:25:00,770385,210,E,ML,34.206925,-118.21372,EB/NB 2 TO EB 210 CN,19.08,185,62.06666666666667,45,73.83333333333333,61,70.2,41,46.13333333333333,38,50.333333333333336,,,,
19:25:00,770578,210,E,ML,34.156489,-118.158295,WINONA WAY,24.442,64,68.26666666666667,39,70.26666666666667,25,65.16666666666667,,,,,,,,
19:30:00,717617,210,E,ML,34.179921,-118.167405,ARROYO,22.6,179,58.7,44,63.633333333333326,51,60.4,45,56.53333333333333,39,53.833333333333336,,,,
19:30:00,717620,210,E,ML,34.174756,-118.160407,LINCOLN 1,23.14,154,61.6,32,72.83333333333333,43,68.96666666666667,44,52.73333333333333,35,54.1,,,,
19:30:00,717625,210,E,ML,34.160546,-118.158748,MOUNTAIN 2,24.16,166,61.63333333333333,48,65.73333333333333,24,70.96666666666665,23,65.76666666666667,72,53.96666666666667,,,,
19:30:00,717628,210,E,ML,34.152216,-118.156144,WALNUT,24.81,34,65.46666666666667,34,65.46666666666667,,,,,,,,,,
19:30:00,717631,210,E,ML,34.15099,-118.152369,FAIR OAKS 1,25.12,106,64.7,22,70.1,32,66.6,29,63.20000000000001,23,58.9,,,,
19:30:00,717633,210,E,ML,34.151691,-118.142523,MARENGO,25.72,594,60.4,101,65.5,117,63.29999999999999,102,61.6,105,59.20000000000001,95,55.20000000000001,74,55.20000000000001
19:30:00,717635,210,E,ML,34.151658,-118.12944,LAKE 2,26.47,524,64.53333333333333,100,69.83333333333333,104,67.56666666666666,101,65.0,92,62.900000000000006,127,58.73333333333333,,
19:30:00,717638,210,E,ML,34.152187,-118.117782,HILL 1,27.14,540,63.96666666666667,122,60.66666666666666,113,60.73333333333333,105,71.39999999999999,99,69.03333333333333,101,58.400000000000006,,
19:30:00,717640,210,E,ML,34.152301,-118.109239,ALLEN,27.63,527,61.1,76,74.16666666666667,125,61.1,114,59.53333333333333,105,57.06666666666666,107,57.26666666666667,,
19:30:00,717646,210,E,ML,34.151406,-118.091041,SAN GABRIEL,28.68,539,57.13333333333333,118,57.4,126,54.56666666666666,101,55.4,88,61.79999999999999,105,58.06666666666666,,
19:30:00,717650,210,E,ML,34.147621,-118.079037,SIERRA MADRE V2,29.44,517,33.800000000000004,150,35.96666666666667,111,33.4,108,31.23333333333333,77,29.2,71,36.3,,
19:30:00,761093,210,E,HV,34.151691,-118.142523,MARENGO,25.72,107,64.7,107,64.7,,,,,,,,,,
19:30:00,761098,210,E,HV,34.151658,-118.12944,LAKE 2,26.47,107,64.7,107,64.7,,,,,,,,,,
19:30:00,761102,210,E,HV,34.152187,-118.117782,HILL 1,27.14,74,64.73333333333333,74,64.73333333333333,,,,,,,,,,
19:30:00,761105,210,E,HV,34.152301,-118.109239,ALLEN,27.63,119,54.06666666666666,119,54.06666666666666,,,,,,,,,,
19:30:00,761109,210,E,HV,34.151406,-118.091041,SAN GABRIEL,28.68,81,50.16666666666666,81,50.16666666666666,,,,,,,,,,
19:30:00,761112,210,E,HV,34.147621,-118.079037,SIERRA MADRE V2,29.44,92,28.366666666666664,92,28.366666666666664,,,,,,,,,,
19:30:00,763614,210,E,HV,34.15099,-118.152369,FAIR OAKS 1,25.12,107,64.7,107,64.7,,,,,,,,,,
19:30:00,769788,210,E,ML,34.189219,-118.180753,BERKSHIRE,21.58,240,58.833333333333336,62,63.66666666666666,67,60.53333333333333,58,56.16666666666666,53,53.96666666666667,,,,
19:30:00,769806,210,E,ML,34.196934,-118.185042,FOOTHILL,20.98,217,60.63333333333333,55,60.96666666666667,62,68.5,57,55.333333333333336,44,55.333333333333336,,,,
19:30:00,769819,210,E,ML,34.205892,-118.198234,ANGELES CREST HWY NB,19.98,106,64.7,22,70.1,32,66.6,29,63.20000000000001,23,58.9,,,,
19:30:00,769831,210,E,ML,34.206745,-118.201533,ANGELES CREST HWY SB,19.78,189,55.0,48,59.76666666666667,53,56.66666666666666,46,52.3,42,50.333333333333336,,,,
19:30:00,769847,210,E,ML,34.211728,-118.228265,OCEAN VIEW,18.18,156,63.96666666666667,39,75.33333333333333,54,69.63333333333333,39,48.93333333333334,24,57.16666666666666,,,,
19:30:00,769866,210,E,ML,34.218398,-118.239738,LA CRESCENTA,17.38,246,62.73333333333333,46,74.0,54,68.60000000000001,55,55.13333333333333,91,58.03333333333333,,,,
19:30:00,769880,210,E,ML,34.221426,-118.245718,PENNSYLVANIA,16.98,217,63.13333333333333,48,67.23333333333333,58,67.6,63,57.76666666666667,48,62.73333333333333,,,,
19:30:00,769895,210,E,ML,34.230849,-118.265101,LOWELL / HONOLULU,15.68,205,63.4,53,70.93333333333334,62,67.2,48,56.86666666666667,41,55.3,,,,
19:30:00,769984,210,E,ML,34.202989,-118.191827,GOULD,20.4,241,58.9,62,63.66666666666666,67,60.5,58,56.36666666666667,54,54.1,,,,
19:30:00,770116,210,E,ML,34.234317,-118.286992,LA TUNA CANYON,14.39,143,63.833333333333336,40,69.46666666666665,46,66.33333333333333,33,57.56666666666666,23,58.43333333333334,,,,
19:30:00,770385,210,E,ML,34.206925,-118.21372,EB/NB 2 TO EB 210 CN,19.08,169,59.43333333333334,32,73.93333333333334,56,69.26666666666667,39,41.43333333333333,42,50.9,,,,
19:30:00,770578,210,E,ML,34.156489,-118.158295,WINONA WAY,24.442,68,68.83333333333333,44,70.83333333333333,25,65.33333333333333,,,,,,,,
19:35:00,717617,210,E,ML,34.179921,-118.167405,ARROYO,22.6,165,59.63333333333333,39,64.6,47,61.36666666666667,41,57.46666666666667,37,54.6,,,,
19:35:00,717620,210,E,ML,34.174756,-118.160407,LINCOLN 1,23.14,135,61.93333333333334,24,73.06666666666666,36,69.26666666666667,42,54.1,33,55.2,,,,
19:35:00,717625,210,E,ML,34.160546,-118.158748,MOUNTAIN 2,24.16,166,61.2,43,65.63333333333334,29,71.5,24,66.56666666666668,71,52.06666666666666,,,,
19:35:00,717628,210,E,ML,34.152216,-118.156144,WALNUT,24.81,28,65.43333333333334,28,65.43333333333334,,,,,,,,,,
19:35:00,717631,210,E,ML,34.15099,-118.152369,FAIR OAKS 1,25.12,105,64.7,22,70.1,32,66.6,28,63.20000000000001,23,58.9,,,,
19:35:00,717633,210,E,ML,34.151691,-118.142523,MARENGO,25.72,592,61.5,100,66.7,117,64.5,102,62.70000000000001,104,60.29999999999999,95,56.20000000000001,74,56.20000000000001
19:35:00,717635,210,E,ML,34.151658,-118.12944,LAKE 2,26.47,567,65.86666666666666,108,71.26666666666667,113,69.10000000000001,110,66.2,99,64.33333333333333,137,59.833333333333336,,
19:35:00,717638,210,E,ML,34.152187,-118.117782,HILL 1,27.14,565,65.63333333333334,128,63.333333333333336,119,63.833333333333336,100,71.26666666666667,106,69.03333333333333,112,61.76666666666667,,
19:35:00,717640,210,E,ML,34.152301,-118.109239,ALLEN,27.63,523,63.0,75,75.56666666666666,127,63.86666666666667,116,61.93333333333334,100,58.76666666666666,106,58.06666666666666,,
19:35:00,717646,210,E,ML,34.151406,-118.091041,SAN GABRIEL,28.68,498,61.86666666666667,118,63.9,120,59.3,85,58.333333333333336,78,65.06666666666666,98,63.1,,
19:35:00,717650,210,E,ML,34.147621,-118.079037,SIERRA MADRE V2,29.44,454,38.03333333333333,115,41.53333333333333,100,39.3,94,35.800000000000004,74,32.36666666666667,71,39.0,,
19:35:00,761093,210,E,HV,34.151691,-118.142523,MARENGO,25.72,104,64.7,104,64.7,,,,,,,,,,
19:35:00,761098,210,E,HV,34.151658,-118.12944,LAKE 2,26.47,104,64.7,104,64.7,,,,,,,,,,
19:35:00,761102,210,E,HV,34.152187,-118.117782,HILL 1,27.14,81,64.7,81,64.7,,,,,,,,,,
19:35:00,761105,210,E,HV,34.152301,-118.109239,ALLEN,27.63,132,56.3,132,56.3,,,,,,,,,,
19:35:00,761109,210,E,HV,34.151406,-118.091041,SAN GABRIEL,28.68,76,53.56666666666666,76,53.56666666666666,,,,,,,,,,
19:35:00,761112,210,E,HV,34.147621,-118.079037,SIERRA MADRE V2,29.44,78,33.06666666666667,78,33.06666666666667,,,,,,,,,,
19:35:00,763614,210,E,HV,34.15099,-118.152369,FAIR OAKS 1,25.12,104,64.7,104,64.7,,,,,,,,,,
19:35:00,769788,210,E,ML,34.189219,-118.180753,BERKSHIRE,21.58,220,62.73333333333333,57,67.73333333333333,62,64.53333333333335,53,60.1,48,57.4,,,,
19:35:00,769806,210,E,ML,34.196934,-118.185042,FOOTHILL,20.98,192,65.23333333333333,47,66.73333333333333,59,69.5,46,63.0,39,60.03333333333333,,,,
19:35:00,769819,210,E,ML,34.205892,-118.198234,ANGELES CREST HWY NB,19.98,105,64.7,22,70.1,32,66.6,28,63.20000000000001,23,58.9,,,,
19:35:00,769831,210,E,ML,34.206745,-118.201533,ANGELES CREST HWY SB,19.78,222,55.8,57,60.63333333333333,62,57.46666666666666,53,53.03333333333333,49,51.1,,,,
19:35:00,769847,210,E,ML,34.211728,-118.228265,OCEAN VIEW,18.18,172,64.73333333333333,46,74.76666666666667,59,68.46666666666667,42,52.56666666666666,26,57.53333333333333,,,,
19:35:00,769866,210,E,ML,34.218398,-118.239738,LA CRESCENTA,17.38,280,64.33333333333333,51,74.26666666666667,82,70.16666666666667,53,54.9,94,60.133333333333326,,,,
19:35:00,769880,210,E,ML,34.221426,-118.245718,PENNSYLVANIA,16.98,219,63.13333333333333,49,67.76666666666667,59,68.0,63,56.4,47,62.833333333333336,,,,
19:35:00,769895,210,E,ML,34.230849,-118.265101,LOWELL / HONOLULU,15.68,203,63.03333333333334,54,71.10000000000001,59,68.2,51,56.9,39,52.06666666666666,,,,
19:35:00,769984,210,E,ML,34.202989,-118.191827,GOULD,20.4,221,62.76666666666667,58,67.76666666666667,62,64.5,53,60.13333333333333,48,57.5,,,,
19:35:00,770116,210,E,ML,34.234317,-118.286992,LA TUNA CANYON,14.39,139,64.96666666666667,39,70.7,44,67.33333333333333,32,59.23333333333333,23,59.0,,,,
19:35:00,770385,210,E,ML,34.206925,-118.21372,EB/NB 2 TO EB 210 CN,19.08,200,58.93333333333334,36,74.23333333333333,47,69.53333333333335,62,45.29999999999999,56,52.46666666666666,,,,
19:35:00,770578,210,E,ML,34.156489,-118.158295,WINONA WAY,24.442,60,69.39999999999999,42,71.0,18,65.3,,,,,,,,
19:40:00,717617,210,E,ML,34.179921,-118.167405,ARROYO,22.6,168,58.53333333333334,41,63.43333333333333,47,60.2,42,56.4,38,53.7,,,,
19:40:00,717620,210,E,ML,34.174756,-118.160407,LINCOLN 1,23.14,138,62.03333333333333,27,73.43333333333334,38,69.43333333333334,41,56.06666666666666,32,50.76666666666667,,,,
19:40:00,717625,210,E,ML,34.160546,-118.158748,MOUNTAIN 2,24.16,164,61.53333333333333,45,65.03333333333335,23,71.3,22,67.33333333333333,73,53.76666666666667,,,,
19:40:00,717628,210,E,ML,34.152216,-118.156144,WALNUT,24.81,31,65.36666666666667,31,65.36666666666667,,,,,,,,,,
19:40:00,717631,210,E,ML,34.15099,-118.152369,FAIR OAKS 1,25.12,104,64.7,22,70.1,31,66.6,28,63.20000000000001,23,58.9,,,,
19:40:00,717633,210,E,ML,34.151691,-118.142523,MARENGO,25.72,584,62.20000000000001,99,67.4,115,65.2,100,63.5,103,61.0,94,56.79999999999999,73,56.79999999999999
19:40:00,717635,210,E,ML,34.151658,-118.12944,LAKE 2,26.47,563,65.3,107,70.66666666666667,112,68.43333333333334,109,65.66666666666667,98,63.7,136,59.4,,
19:40:00,717638,210,E,ML,34.152187,-118.117782,HILL 1,27.14,552,66.03333333333333,124,65.10000000000001,114,65.06666666666666,95,71.60000000000001,109,69.43333333333334,109,59.96666666666667,,
19:40:00,717640,210,E,ML,34.152301,-118.109239,ALLEN,27.63,537,63.53333333333333,84,75.86666666666666,124,64.2,116,62.7,106,58.333333333333336,106,58.96666666666667,,
19:40:00,717646,210,E,ML,34.151406,-118.091041,SAN GABRIEL,28.68,528,62.76666666666667,131,66.96666666666665,122,61.7,93,57.7,85,65.43333333333334,96,61.1,,
19:40:00,717650,210,E,ML,34.147621,-118.079037,SIERRA MADRE V2,29.44,456,47.36666666666667,119,51.96666666666667,104,50.16666666666666,92,44.23333333333333,80,42.6,61,44.03333333333334,,
19:40:00,761093,210,E,HV,34.151691,-118.142523,MARENGO,25.72,103,64.7,103,64.7,,,,,,,,,,
19:40:00,761098,210,E,HV,34.151658,-118.12944,LAKE 2,26.47,103,64.7,103,64.7,,,,,,,,,,
19:40:00,761102,210,E,HV,34.152187,-118.117782,HILL 1,27.14,79,64.76666666666667,79,64.76666666666667,,,,,,,,,,
19:40:00,761105,210,E,HV,34.152301,-118.109239,ALLEN,27.63,131,56.73333333333333,131,56.73333333333333,,,,,,,,,,
19:40:00,761109,210,E,HV,34.151406,-118.091041,SAN GABRIEL,28.68,83,56.1,83,56.1,,,,,,,,,,
19:40:00,761112,210,E,HV,34.147621,-118.079037,SIERRA MADRE V2,29.44,86,39.766666666666666,86,39.766666666666666,,,,,,,,,,
19:40:00,763614,210,E,HV,34.15099,-118.152369,FAIR OAKS 1,25.12,103,64.7,103,64.7,,,,,,,,,,
19:40:00,769788,210,E,ML,34.189219,-118.180753,BERKSHIRE,21.58,207,61.06666666666666,52,66.13333333333334,58,62.93333333333334,50,58.53333333333333,47,55.96666666666667,,,,
19:40:00,769806,210,E,ML,34.196934,-118.185042,FOOTHILL,20.98,191,64.60000000000001,45,65.83333333333333,63,68.26666666666667,52,60.73333333333333,31,60.43333333333334,,,,
19:40:00,769819,210,E,ML,34.205892,-118.198234,ANGELES CREST HWY NB,19.98,104,64.7,22,70.1,31,66.6,28,63.20000000000001,23,58.9,,,,
19:40:00,769831,210,E,ML,34.206745,-118.201533,ANGELES CREST HWY SB,19.78,183,57.76666666666667,45,62.6,51,59.5,45,55.23333333333333,41,53.03333333333333,,,,
19:40:00,769847,210,E,ML,34.211728,-118.228265,OCEAN VIEW,18.18,154,65.5,43,74.53333333333333,50,69.86666666666667,35,54.7,26,57.333333333333336,,,,
19:40:00,769866,210,E,ML,34.218398,-118.239738,LA CRESCENTA,17.38,251,64.13333333333334,47,74.53333333333335,59,70.96666666666665,58,57.8,88,58.46666666666667,,,,
19:40:00,769880,210,E,ML,34.221426,-118.245718,PENNSYLVANIA,16.98,215,63.4,43,68.89999999999999,59,67.66666666666667,66,57.26666666666667,46,62.76666666666667,,,,
19:40:00,769895,210,E,ML,34.230849,-118.265101,LOWELL / HONOLULU,15.68,211,63.26666666666667,58,70.83333333333333,60,67.76666666666667,52,58.26666666666667,41,52.2,,,,
19:40:00,769984,210,E,ML,34.202989,-118.191827,GOULD,20.4,209,61.16666666666666,53,66.13333333333334,58,62.86666666666667,51,58.66666666666666,48,56.13333333333333,,,,
19:40:00,770116,210,E,ML,34.234317,-118.286992,LA TUNA CANYON,14.39,141,64.46666666666667,40,70.16666666666667,45,66.89999999999999,33,58.56666666666666,23,58.76666666666667,,,,
19:40:00,770385,210,E,ML,34.206925,-118.21372,EB/NB 2 TO EB 210 CN,19.08,169,61.2,42,74.2,50,69.2,37,48.06666666666666,41,50.5,,,,
19:40:00,770578,210,E,ML,34.156489,-118.158295,WINONA WAY,24.442,48,67.93333333333334,27,70.53333333333335,21,65.16666666666667,,,,,,,,
19:45:00,717617,210,E,ML,34.179921,-118.167405,ARROYO,22.6,163,60.36666666666667,38,65.43333333333334,46,62.16666666666666,41,58.3,38,55.4,,,,
19:45:00,717620,210,E,ML,34.174756,-118.160407,LINCOLN 1,23.14,135,61.66666666666666,20,73.23333333333333,35,68.76666666666667,42,57.66666666666666,39,52.66666666666666,,,,
19:45:00,717625,210,E,ML,34.160546,-118.158748,MOUNTAIN 2,24.16,157,61.93333333333334,43,66.06666666666666,22,70.89999999999999,20,67.36666666666667,72,54.96666666666667,,,,
19:45:00,717628,210,E,ML,34.152216,-118.156144,WALNUT,24.81,27,65.2,27,65.2,,,,,,,,,,
19:45:00,717631,210,E,ML,34.15099,-118.152369,FAIR OAKS 1,25.12,100,64.8,21,70.2,30,66.7,27,63.29999999999999,22,59.0,,,,
19:45:00,717633,210,E,ML,34.151691,-118.142523,MARENGO,25.72,579,62.9,98,68.2,114,66.0,100,64.2,102,61.70000000000001,93,57.5,72,57.5
19:45:00,717635,210,E,ML,34.151658,-118.12944,LAKE 2,26.47,529,65.2,101,70.5,105,68.3,102,65.56666666666666,93,63.53333333333333,128,59.3,,
19:45:00,717638,210,E,ML,34.152187,-118.117782,HILL 1,27.14,536,66.39999999999999,116,66.16666666666667,109,65.7,105,71.2,103,68.89999999999999,102,60.0,,
19:45:00,717640,210,E,ML,34.152301,-118.109239,ALLEN,27.63,495,63.96666666666667,66,76.86666666666667,113,65.03333333333335,107,62.63333333333333,106,61.06666666666666,103,58.8,,
19:45:00,717646,210,E,ML,34.151406,-118.091041,SAN GABRIEL,28.68,486,64.73333333333333,117,68.43333333333334,119,64.96666666666665,89,64.3,77,63.7,84,60.66666666666666,,
19:45:00,717650,210,E,ML,34.147621,-118.079037,SIERRA MADRE V2,29.44,461,52.53333333333333,118,55.2,97,54.79999999999999,100,52.133333333333326,84,48.9,62,49.06666666666666,,
19:45:00,761093,210,E,HV,34.151691,-118.142523,MARENGO,25.72,100,64.8,100,64.8,,,,,,,,,,
19:45:00,761098,210,E,HV,34.151658,-118.12944,LAKE 2,26.47,100,64.8,100,64.8,,,,,,,,,,
19:45:00,761102,210,E,HV,34.152187,-118.117782,HILL 1,27.14,74,64.7,74,64.7,,,,,,,,,,
19:45:00,761105,210,E,HV,34.152301,-118.109239,ALLEN,27.63,121,56.86666666666667,121,56.86666666666667,,,,,,,,,,
19:45:00,761109,210,E,HV,34.151406,-118.091041,SAN GABRIEL,28.68,68,57.833333333333336,68,57.833333333333336,,,,,,,,,,
19:45:00,761112,210,E,HV,34.147621,-118.079037,SIERRA MADRE V2,29.44,71,43.66666666666666,71,43.66666666666666,,,,,,,,,,
19:45:00,763614,210,E,HV,34.15099,-118.152369,FAIR OAKS 1,25.12,100,64.8,100,64.8,,,,,,,,,,
19:45:00,769788,210,E,ML,34.189219,-118.180753,BERKSHIRE,21.58,192,62.23333333333333,48,67.36666666666666,54,64.10000000000001,47,59.5,43,56.93333333333334,,,,
19:45:00,769806,210,E,ML,34.196934,-118.185042,FOOTHILL,20.98,171,65.83333333333333,42,66.56666666666666,53,70.26666666666667,38,56.86666666666667,38,65.96666666666667,,,,
19:45:00,769819,210,E,ML,34.205892,-118.198234,ANGELES CREST HWY NB,19.98,100,64.8,21,70.2,30,66.7,27,63.29999999999999,22,59.0,,,,
19:45:00,769831,210,E,ML,34.206745,-118.201533,ANGELES CREST HWY SB,19.78,217,57.5,56,62.26666666666667,61,59.13333333333333,53,54.833333333333336,47,52.7,,,,
19:45:00,769847,210,E,ML,34.211728,-118.228265,OCEAN VIEW,18.18,141,66.93333333333334,36,74.83333333333333,48,69.8,34,60.66666666666666,24,57.26666666666667,,,,
19:45:00,769866,210,E,ML,34.218398,-118.239738,LA CRESCENTA,17.38,253,66.10000000000001,45,74.86666666666666,59,72.0,59,63.93333333333333,90,59.06666666666666,,,,
19:45:00,769880,210,E,ML,34.221426,-118.245718,PENNSYLVANIA,16.98,188,63.16666666666666,42,66.8,50,67.96666666666667,57,58.36666666666667,39,62.833333333333336,,,,
19:45:00,769895,210,E,ML,34.230849,-118.265101,LOWELL / HONOLULU,15.68,184,63.56666666666666,50,70.39999999999999,57,67.93333333333334,44,57.6,32,52.03333333333333,,,,
19:45:00,769984,210,E,ML,34.202989,-118.191827,GOULD,20.4,193,62.23333333333333,49,67.33333333333333,54,64.03333333333335,47,59.56666666666666,43,57.03333333333333,,,,
19:45:00,770116,210,E,ML,34.234317,-118.286992,LA TUNA CANYON,14.39,154,63.73333333333333,45,69.60000000000001,49,66.39999999999999,36,56.76666666666667,25,58.3,,,,
19:45:00,770385,210,E,ML,34.206925,-118.21372,EB/NB 2 TO EB 210 CN,19.08,205,63.26666666666667,54,74.73333333333333,63,68.7,37,52.2,51,50.9,,,,
19:45:00,770578,210,E,ML,34.156489,-118.158295,WINONA WAY,24.442,56,68.46666666666667,39,69.96666666666665,17,65.0,,,,,,,,
19:50:00,717617,210,E,ML,34.179921,-118.167405,ARROYO,22.6,170,60.56666666666666,41,65.53333333333333,48,62.23333333333333,42,58.5,39,55.6,,,,
19:50:00,717620,210,E,ML,34.174756,-118.160407,LINCOLN 1,23.14,137,63.16666666666666,18,73.0,40,69.16666666666667,48,60.3,31,53.7,,,,
19:50:00,717625,210,E,ML,34.160546,-118.158748,MOUNTAIN 2,24.16,145,63.633333333333326,44,66.83333333333333,24,70.66666666666667,10,67.33333333333333,67,58.06666666666666,,,,
19:50:00,717628,210,E,ML,34.152216,-118.156144,WALNUT,24.81,24,65.3,24,65.3,,,,,,,,,,
19:50:00,717631,210,E,ML,34.15099,-118.152369,FAIR OAKS 1,25.12,98,64.8,20,70.2,30,66.7,26,63.29999999999999,22,59.0,,,,
19:50:00,717633,210,E,ML,34.151691,-118.142523,MARENGO,25.72,569,63.5,97,68.8,112,66.6,98,64.8,100,62.29999999999999,91,58.0,71,58.0
19:50:00,717635,210,E,ML,34.151658,-118.12944,LAKE 2,26.47,535,66.2,102,71.63333333333333,106,69.46666666666667,103,66.5,94,64.66666666666667,130,60.16666666666666,,
19:50:00,717638,210,E,ML,34.152187,-118.117782,HILL 1,27.14,530,67.13333333333334,122,66.3,113,66.56666666666666,102,71.3,96,68.7,97,62.96666666666667,,
19:50:00,717640,210,E,ML,34.152301,-118.109239,ALLEN,27.63,500,65.7,70,77.56666666666666,120,66.33333333333333,115,63.3,96,62.833333333333336,98,62.13333333333333,,
19:50:00,717646,210,E,ML,34.151406,-118.091041,SAN GABRIEL,28.68,493,66.3,120,69.36666666666667,119,66.33333333333333,86,63.833333333333336,78,70.60000000000001,90,59.93333333333334,,
19:50:00,717650,210,E,ML,34.147621,-118.079037,SIERRA MADRE V2,29.44,442,55.66666666666666,120,57.7,99,56.73333333333333,84,56.5,81,53.13333333333333,58,51.96666666666667,,
19:50:00,761093,210,E,HV,34.151691,-118.142523,MARENGO,25.72,98,64.8,98,64.8,,,,,,,,,,
19:50:00,761098,210,E,HV,34.151658,-118.12944,LAKE 2,26.47,98,64.8,98,64.8,,,,,,,,,,
19:50:00,761102,210,E,HV,34.152187,-118.117782,HILL 1,27.14,64,64.89999999999999,64,64.89999999999999,,,,,,,,,,
19:50:00,761105,210,E,HV,34.152301,-118.109239,ALLEN,27.63,115,59.36666666666667,115,59.36666666666667,,,,,,,,,,
19:50:00,761109,210,E,HV,34.151406,-118.091041,SAN GABRIEL,28.68,71,58.73333333333333,71,58.73333333333333,,,,,,,,,,
19:50:00,761112,210,E,HV,34.147621,-118.079037,SIERRA MADRE V2,29.44,67,47.4,67,47.4,,,,,,,,,,
19:50:00,763614,210,E,HV,34.15099,-118.152369,FAIR OAKS 1,25.12,98,64.8,98,64.8,,,,,,,,,,
19:50:00,769788,210,E,ML,34.189219,-118.180753,BERKSHIRE,21.58,186,60.8,47,65.83333333333333,52,62.6,45,58.1,41,55.63333333333333,,,,
19:50:00,769806,210,E,ML,34.196934,-118.185042,FOOTHILL,20.98,150,62.63333333333333,39,64.16666666666667,41,68.76666666666667,42,56.96666666666667,28,60.66666666666666,,,,
19:50:00,769819,210,E,ML,34.205892,-118.198234,ANGELES CREST HWY NB,19.98,98,64.8,20,70.2,30,66.7,26,63.29999999999999,22,59.0,,,,
19:50:00,769831,210,E,ML,34.206745,-118.201533,ANGELES CREST HWY SB,19.78,194,55.7,47,60.366666666666674,54,57.333333333333336,48,53.26666666666667,45,51.3,,,,
19:50:00,769847,210,E,ML,34.211728,-118.228265,OCEAN VIEW,18.18,152,64.8,38,75.0,45,68.43333333333334,43,59.16666666666666,26,53.2,,,,
19:50:00,769866,210,E,ML,34.218398,-118.239738,LA CRESCENTA,17.38,251,64.39999999999999,50,75.06666666666666,61,70.36666666666666,59,59.06666666666667,81,57.0,,,,
19:50:00,769880,210,E,ML,34.221426,-118.245718,PENNSYLVANIA,16.98,194,62.36666666666667,38,67.43333333333334,53,68.16666666666667,59,53.66666666666666,45,63.36666666666667,,,,
19:50:00,769895,210,E,ML,34.230849,-118.265101,LOWELL / HONOLULU,15.68,198,62.23333333333333,51,70.83333333333333,61,67.39999999999999,51,55.76666666666667,35,49.93333333333334,,,,
19:50:00,769984,210,E,ML,34.202989,-118.191827,GOULD,20.4,187,60.8,47,65.83333333333333,53,62.6,46,58.2,42,55.8,,,,
19:50:00,770116,210,E,ML,34.234317,-118.286992,LA TUNA CANYON,14.39,133,63.66666666666666,37,69.36666666666667,43,66.23333333333333,31,57.26666666666667,22,58.36666666666667,,,,
19:50:00,770385,210,E,ML,34.206925,-118.21372,EB/NB 2 TO EB 210 CN,19.08,156,60.79999999999999,34,74.89999999999999,43,68.6,46,54.1,33,46.9,,,,
19:50:00,770578,210,E,ML,34.156489,-118.158295,WINONA WAY,24.442,42,69.10000000000001,28,71.06666666666666,14,65.10000000000001,,,,,,,,
19:55:00,717617,210,E,ML,34.179921,-118.167405,ARROYO,22.6,168,60.16666666666666,41,65.2,47,61.93333333333334,42,58.03333333333333,38,55.2,,,,
19:55:00,717620,210,E,ML,34.174756,-118.160407,LINCOLN 1,23.14,140,62.23333333333333,22,72.93333333333334,34,65.93333333333334,41,57.2,43,58.0,,,,
19:55:00,717625,210,E,ML,34.160546,-118.158748,MOUNTAIN 2,24.16,132,63.16666666666666,47,65.86666666666667,18,71.3,12,67.36666666666667,56,57.1,,,,
19:55:00,717628,210,E,ML,34.152216,-118.156144,WALNUT,24.81,35,62.9,35,62.9,,,,,,,,,,
19:55:00,717631,210,E,ML,34.15099,-118.152369,FAIR OAKS 1,25.12,95,64.8,20,70.2,29,66.7,25,63.29999999999999,21,59.0,,,,
19:55:00,717633,210,E,ML,34.151691,-118.142523,MARENGO,25.72,562,64.2,95,69.6,111,67.3,97,65.5,99,63.0,90,58.70000000000001,70,58.70000000000001
19:55:00,717635,210,E,ML,34.151658,-118.12944,LAKE 2,26.47,479,66.43333333333334,92,71.86666666666667,94,69.73333333333333,92,66.7,84,64.89999999999999,117,60.36666666666667,,
19:55:00,717638,210,E,ML,34.152187,-118.117782,HILL 1,27.14,478,67.96666666666667,107,67.73333333333333,99,67.86666666666666,96,71.23333333333333,83,68.83333333333333,92,64.10000000000001,,
19:55:00,717640,210,E,ML,34.152301,-118.109239,ALLEN,27.63,469,66.83333333333333,61,78.2,111,66.2,108,64.93333333333332,95,64.76666666666667,94,64.7,,
19:55:00,717646,210,E,ML,34.151406,-118.091041,SAN GABRIEL,28.68,468,67.39999999999999,111,70.5,110,67.03333333333333,88,64.93333333333334,78,71.43333333333334,81,62.63333333333333,,
19:55:00,717650,210,E,ML,34.147621,-118.079037,SIERRA MADRE V2,29.44,432,60.56666666666666,107,62.3,94,62.36666666666667,93,61.93333333333334,83,58.0,56,55.13333333333333,,
19:55:00,761093,210,E,HV,34.151691,-118.142523,MARENGO,25.72,95,64.8,95,64.8,,,,,,,,,,
19:55:00,761098,210,E,HV,34.151658,-118.12944,LAKE 2,26.47,95,64.8,95,64.8,,,,,,,,,,
19:55:00,761102,210,E,HV,34.152187,-118.117782,HILL 1,27.14,61,64.96666666666667,61,64.96666666666667,,,,,,,,,,
19:55:00,761105,210,E,HV,34.152301,-118.109239,ALLEN,27.63,110,60.53333333333333,110,60.53333333333333,,,,,,,,,,
19:55:00,761109,210,E,HV,34.151406,-118.091041,SAN GABRIEL,28.68,61,59.833333333333336,61,59.833333333333336,,,,,,,,,,
19:55:00,761112,210,E,HV,34.147621,-118.079037,SIERRA MADRE V2,29.44,60,52.86666666666667,60,52.86666666666667,,,,,,,,,,
19:55:00,763614,210,E,HV,34.15099,-118.152369,FAIR OAKS 1,25.12,95,64.8,95,64.8,,,,,,,,,,
19:55:00,769788,210,E,ML,34.189219,-118.180753,BERKSHIRE,21.58,190,60.7,48,65.66666666666667,54,62.46666666666667,46,58.0,42,55.66666666666666,,,,
19:55:00,769806,210,E,ML,34.196934,-118.185042,FOOTHILL,20.98,185,65.33333333333333,44,65.73333333333333,61,70.60000000000001,45,63.7,34,56.96666666666667,,,,
19:55:00,769819,210,E,ML,34.205892,-118.198234,ANGELES CREST HWY NB,19.98,95,64.8,20,70.2,29,66.7,25,63.29999999999999,21,59.0,,,,
19:55:00,769831,210,E,ML,34.206745,-118.201533,ANGELES CREST HWY SB,19.78,181,53.86666666666667,45,58.56666666666666,51,55.53333333333333,44,51.3,41,49.5,,,,
19:55:00,769847,210,E,ML,34.211728,-118.228265,OCEAN VIEW,18.18,134,65.16666666666667,35,75.10000000000001,49,70.8,29,52.13333333333333,21,53.53333333333333,,,,
19:55:00,769866,210,E,ML,34.218398,-118.239738,LA CRESCENTA,17.38,215,62.53333333333333,29,75.23333333333333,56,71.8,47,55.06666666666666,83,56.333333333333336,,,,
19:55:00,769880,210,E,ML,34.221426,-118.245718,PENNSYLVANIA,16.98,177,62.46666666666667,39,67.2,50,67.43333333333332,56,55.43333333333334,32,63.46666666666667,,,,
19:55:00,769895,210,E,ML,34.230849,-118.265101,LOWELL / HONOLULU,15.68,162,62.366666666666674,42,71.1,48,68.0,41,54.93333333333334,31,51.5,,,,
19:55:00,769984,210,E,ML,34.202989,-118.191827,GOULD,20.4,192,60.63333333333333,49,65.56666666666666,54,62.3,47,58.1,43,55.73333333333333,,,,
19:55:00,770116,210,E,ML,34.234317,-118.286992,LA TUNA CANYON,14.39,128,63.29999999999999,36,69.33333333333333,41,66.13333333333333,30,56.0,22,58.06666666666666,,,,
19:55:00,770385,210,E,ML,34.206925,-118.21372,EB/NB 2 TO EB 210 CN,19.08,170,62.16666666666666,45,75.39999999999999,52,69.5,44,50.23333333333333,29,47.4,,,,
19:55:00,770578,210,E,ML,34.156489,-118.158295,WINONA WAY,24.442,56,66.96666666666665,30,71.7,26,62.16666666666666,,,,,,,,
20:00:00,717617,210,E,ML,34.179921,-118.167405,ARROYO,22.6,144,64.43333333333334,35,69.66666666666667,42,66.26666666666667,36,62.1,31,58.86666666666667,,,,
20:00:00,717620,210,E,ML,34.174756,-118.160407,LINCOLN 1,23.14,108,66.36666666666667,13,72.86666666666667,27,67.60000000000001,39,65.26666666666667,29,61.1,,,,
20:00:00,717625,210,E,ML,34.160546,-118.158748,MOUNTAIN 2,24.16,137,63.23333333333333,36,67.2,21,70.63333333333334,20,67.06666666666666,60,56.36666666666667,,,,
20:00:00,717628,210,E,ML,34.152216,-118.156144,WALNUT,24.81,26,64.13333333333334,26,64.13333333333334,,,,,,,,,,
20:00:00,717631,210,E,ML,34.15099,-118.152369,FAIR OAKS 1,25.12,92,64.8,19,70.2,28,66.7,25,63.29999999999999,20,59.0,,,,
20:00:00,717633,210,E,ML,34.151691,-118.142523,MARENGO,25.72,556,64.7,94,70.2,110,67.9,96,66.0,98,63.5,89,59.1,69,59.1
20:00:00,717635,210,E,ML,34.151658,-118.12944,LAKE 2,26.47,497,66.43333333333334,95,71.89999999999999,98,69.76666666666667,96,66.76666666666667,87,64.96666666666667,121,60.36666666666667,,
20:00:00,717638,210,E,ML,34.152187,-118.117782,HILL 1,27.14,503,68.46666666666665,112,68.89999999999999,105,68.96666666666665,94,71.73333333333333,90,68.89999999999999,102,64.0,,
20:00:00,717640,210,E,ML,34.152301,-118.109239,ALLEN,27.63,449,66.36666666666667,57,76.63333333333334,108,67.46666666666667,97,65.36666666666666,90,64.39999999999999,96,61.9,,
20:00:00,717646,210,E,ML,34.151406,-118.091041,SAN GABRIEL,28.68,464,67.13333333333333,113,71.23333333333333,110,67.89999999999999,83,62.66666666666666,80,69.3,78,62.6,,
20:00:00,717650,210,E,ML,34.147621,-118.079037,SIERRA MADRE V2,29.44,416,63.2,110,66.06666666666666,92,65.39999999999999,87,64.33333333333333,74,58.5,53,57.8,,
20:00:00,761093,210,E,HV,34.151691,-118.142523,MARENGO,25.72,92,64.8,92,64.8,,,,,,,,,,
20:00:00,761098,210,E,HV,34.151658,-118.12944,LAKE 2,26.47,92,64.8,92,64.8,,,,,,,,,,
20:00:00,761102,210,E,HV,34.152187,-118.117782,HILL 1,27.14,57,64.73333333333333,57,64.73333333333333,,,,,,,,,,
20:00:00,761105,210,E,HV,34.152301,-118.109239,ALLEN,27.63,113,60.73333333333333,113,60.73333333333333,,,,,,,,,,
20:00:00,761109,210,E,HV,34.151406,-118.091041,SAN GABRIEL,28.68,57,61.833333333333336,57,61.833333333333336,,,,,,,,,,
20:00:00,761112,210,E,HV,34.147621,-118.079037,SIERRA MADRE V2,29.44,59,57.7,59,57.7,,,,,,,,,,
20:00:00,763614,210,E,HV,34.15099,-118.152369,FAIR OAKS 1,25.12,92,64.8,92,64.8,,,,,,,,,,
20:00:00,769788,210,E,ML,34.189219,-118.180753,BERKSHIRE,21.58,162,61.76666666666667,40,66.76666666666667,47,63.56666666666666,40,59.2,35,56.7,,,,
20:00:00,769806,210,E,ML,34.196934,-118.185042,FOOTHILL,20.98,126,64.86666666666666,32,65.76666666666667,37,70.36666666666666,30,63.86666666666667,26,56.866666666666674,,,,
20:00:00,769819,210,E,ML,34.205892,-118.198234,ANGELES CREST HWY NB,19.98,92,64.8,19,70.2,28,66.7,25,63.29999999999999,20,59.0,,,,
20:00:00,769831,210,E,ML,34.206745,-118.201533,ANGELES CREST HWY SB,19.78,169,59.93333333333334,42,65.03333333333335,48,61.76666666666667,41,57.16666666666666,37,54.86666666666667,,,,
20:00:00,769847,210,E,ML,34.211728,-118.228265,OCEAN VIEW,18.18,113,67.33333333333333,27,75.1,38,71.43333333333334,32,60.833333333333336,17,58.0,,,,
20:00:00,769866,210,E,ML,34.218398,-118.239738,LA CRESCENTA,17.38,175,62.86666666666667,26,75.13333333333334,42,72.10000000000001,43,54.66666666666666,64,56.7,,,,
20:00:00,769880,210,E,ML,34.221426,-118.245718,PENNSYLVANIA,16.98,152,63.03333333333333,39,68.0,39,68.0,49,56.53333333333333,26,63.26666666666667,,,,
20:00:00,769895,210,E,ML,34.230849,-118.265101,LOWELL / HONOLULU,15.68,149,64.33333333333333,38,71.60000000000001,48,69.2,37,57.0,26,52.66666666666666,,,,
20:00:00,769984,210,E,ML,34.202989,-118.191827,GOULD,20.4,163,61.73333333333334,41,66.63333333333334,46,63.43333333333334,40,59.26666666666667,36,56.8,,,,
20:00:00,770116,210,E,ML,34.234317,-118.286992,LA TUNA CANYON,14.39,126,65.39999999999999,35,71.3,41,67.8,30,59.63333333333333,21,59.2,,,,
20:00:00,770385,210,E,ML,34.206925,-118.21372,EB/NB 2 TO EB 210 CN,19.08,143,63.8,34,74.86666666666667,41,69.86666666666666,38,54.2,30,54.66666666666666,,,,
20:00:00,770578,210,E,ML,34.156489,-118.158295,WINONA WAY,24.442,36,68.10000000000001,20,71.56666666666666,16,63.63333333333333,,,,,,,,
20:05:00,717617,210,E,ML,34.179921,-118.167405,ARROYO,22.6,134,62.1,32,67.2,38,63.9,34,59.96666666666666,30,56.96666666666667,,,,
20:05:00,717620,210,E,ML,34.174756,-118.160407,LINCOLN 1,23.14,101,64.66666666666667,15,72.93333333333334,26,68.39999999999999,35,62.333333333333336,25,58.43333333333334,,,,
20:05:00,717625,210,E,ML,34.160546,-118.158748,MOUNTAIN 2,24.16,117,64.53333333333333,36,67.7,10,71.10000000000001,19,67.33333333333333,52,58.96666666666666,,,,
20:05:00,717628,210,E,ML,34.152216,-118.156144,WALNUT,24.81,28,64.5,28,64.5,,,,,,,,,,
20:05:00,717631,210,E,ML,34.15099,-118.152369,FAIR OAKS 1,25.12,90,64.8,19,70.2,27,66.7,24,63.29999999999999,20,59.0,,,,
20:05:00,717633,210,E,ML,34.151691,-118.142523,MARENGO,25.72,547,65.0,93,70.5,108,68.2,94,66.3,96,63.79999999999999,88,59.4,68,59.4
20:05:00,717635,210,E,ML,34.151658,-118.12944,LAKE 2,26.47,503,66.43333333333334,97,71.86666666666666,99,69.73333333333333,97,66.7,89,64.86666666666666,122,60.36666666666667,,
20:05:00,717638,210,E,ML,34.152187,-118.117782,HILL 1,27.14,491,68.66666666666667,110,69.53333333333333,106,69.86666666666666,90,71.43333333333334,90,69.10000000000001,96,63.4,,
20:05:00,717640,210,E,ML,34.152301,-118.109239,ALLEN,27.63,458,66.43333333333334,53,75.96666666666667,114,67.7,106,66.43333333333332,89,65.93333333333334,96,60.0,,
20:05:00,717646,210,E,ML,34.151406,-118.091041,SAN GABRIEL,28.68,473,67.46666666666665,112,71.63333333333333,116,69.39999999999999,85,67.10000000000001,78,64.2,82,62.1,,
20:05:00,717650,210,E,ML,34.147621,-118.079037,SIERRA MADRE V2,29.44,443,65.36666666666667,114,68.73333333333333,103,68.46666666666665,93,66.03333333333333,81,58.86666666666667,51,60.53333333333333,,
20:05:00,761093,210,E,HV,34.151691,-118.142523,MARENGO,25.72,90,64.8,90,64.8,,,,,,,,,,
20:05:00,761098,210,E,HV,34.151658,-118.12944,LAKE 2,26.47,90,64.8,90,64.8,,,,,,,,,,
20:05:00,761102,210,E,HV,34.152187,-118.117782,HILL 1,27.14,52,64.73333333333333,52,64.73333333333333,,,,,,,,,,
20:05:00,761105,210,E,HV,34.152301,-118.109239,ALLEN,27.63,113,61.56666666666666,113,61.56666666666666,,,,,,,,,,
20:05:00,761109,210,E,HV,34.151406,-118.091041,SAN GABRIEL,28.68,55,62.56666666666666,55,62.56666666666666,,,,,,,,,,
20:05:00,761112,210,E,HV,34.147621,-118.079037,SIERRA MADRE V2,29.44,57,59.7,57,59.7,,,,,,,,,,
20:05:00,763614,210,E,HV,34.15099,-118.152369,FAIR OAKS 1,25.12,90,64.8,90,64.8,,,,,,,,,,
20:05:00,769788,210,E,ML,34.189219,-118.180753,BERKSHIRE,21.58,165,61.86666666666667,40,67.0,47,63.76666666666667,40,59.23333333333333,38,56.73333333333333,,,,
20:05:00,769806,210,E,ML,34.196934,-118.185042,FOOTHILL,20.98,128,66.13333333333334,33,66.5,35,70.63333333333334,39,67.46666666666667,20,54.73333333333333,,,,
20:05:00,769819,210,E,ML,34.205892,-118.198234,ANGELES CREST HWY NB,19.98,90,64.8,19,70.2,27,66.7,24,63.29999999999999,20,59.0,,,,
20:05:00,769831,210,E,ML,34.206745,-118.201533,ANGELES CREST HWY SB,19.78,172,60.833333333333336,42,66.06666666666666,49,62.8,42,58.16666666666666,40,55.76666666666667,,,,
20:05:00,769847,210,E,ML,34.211728,-118.228265,OCEAN VIEW,18.18,109,69.73333333333333,25,75.10000000000001,31,70.46666666666665,32,70.13333333333333,21,61.16666666666666,,,,
20:05:00,769866,210,E,ML,34.218398,-118.239738,LA CRESCENTA,17.38,172,64.46666666666667,26,74.76666666666667,32,71.26666666666667,47,58.63333333333333,66,60.29999999999999,,,,
20:05:00,769880,210,E,ML,34.221426,-118.245718,PENNSYLVANIA,16.98,154,64.43333333333334,41,71.56666666666666,40,67.76666666666667,47,57.36666666666667,26,63.2,,,,
20:05:00,769895,210,E,ML,34.230849,-118.265101,LOWELL / HONOLULU,15.68,141,63.2,36,71.2,43,68.53333333333335,39,57.0,24,52.23333333333333,,,,
20:05:00,769984,210,E,ML,34.202989,-118.191827,GOULD,20.4,168,61.76666666666667,41,66.89999999999999,47,63.6,42,59.3,39,56.833333333333336,,,,
20:05:00,770116,210,E,ML,34.234317,-118.286992,LA TUNA CANYON,14.39,113,65.89999999999999,31,71.56666666666666,37,68.10000000000001,27,61.06666666666666,19,59.53333333333333,,,,
20:05:00,770385,210,E,ML,34.206925,-118.21372,EB/NB 2 TO EB 210 CN,19.08,123,67.56666666666666,23,74.89999999999999,32,70.23333333333333,42,63.366666666666674,26,60.26666666666667,,,,
20:05:00,770578,210,E,ML,34.156489,-118.158295,WINONA WAY,24.442,45,68.3,27,71.33333333333333,18,64.13333333333333,,,,,,,,
20:10:00,717617,210,E,ML,34.179921,-118.167405,ARROYO,22.6,158,64.56666666666668,39,69.86666666666666,45,66.39999999999999,39,62.23333333333333,34,58.96666666666667,,,,
20:10:00,717620,210,E,ML,34.174756,-118.160407,LINCOLN 1,23.14,127,67.2,19,73.03333333333335,30,69.16666666666667,44,65.46666666666667,34,63.7,,,,
20:10:00,717625,210,E,ML,34.160546,-118.158748,MOUNTAIN 2,24.16,134,64.46666666666665,43,69.23333333333333,16,71.06666666666666,13,67.39999999999999,61,59.16666666666666,,,,
20:10:00,717628,210,E,ML,34.152216,-118.156144,WALNUT,24.81,25,64.83333333333333,25,64.83333333333333,,,,,,,,,,
20:10:00,717631,210,E,ML,34.15099,-118.152369,FAIR OAKS 1,25.12,86,64.9,18,70.4,26,66.8,23,63.4,19,59.1,,,,
20:10:00,717633,210,E,ML,34.151691,-118.142523,MARENGO,25.72,544,65.2,92,70.7,107,68.4,94,66.5,96,64.0,87,59.6,68,59.6
20:10:00,717635,210,E,ML,34.151658,-118.12944,LAKE 2,26.47,473,67.06666666666666,91,72.46666666666667,93,70.56666666666666,91,67.3,83,65.63333333333334,115,60.86666666666667,,
20:10:00,717638,210,E,ML,34.152187,-118.117782,HILL 1,27.14,466,69.3,98,69.43333333333334,100,70.10000000000001,94,71.83333333333333,87,69.06666666666666,87,65.8,,
20:10:00,717640,210,E,ML,34.152301,-118.109239,ALLEN,27.63,422,67.23333333333333,46,76.0,101,68.53333333333335,95,66.63333333333334,90,68.2,90,60.96666666666666,,
20:10:00,717646,210,E,ML,34.151406,-118.091041,SAN GABRIEL,28.68,444,68.46666666666667,104,72.83333333333333,105,70.33333333333333,82,67.06666666666666,75,66.43333333333332,78,63.23333333333333,,
20:10:00,717650,210,E,ML,34.147621,-118.079037,SIERRA MADRE V2,29.44,407,66.96666666666667,104,69.83333333333333,96,68.8,85,69.23333333333333,73,60.43333333333334,49,63.46666666666666,,
20:10:00,761093,210,E,HV,34.151691,-118.142523,MARENGO,25.72,87,64.9,87,64.9,,,,,,,,,,
20:10:00,761098,210,E,HV,34.151658,-118.12944,LAKE 2,26.47,87,64.9,87,64.9,,,,,,,,,,
20:10:00,761102,210,E,HV,34.152187,-118.117782,HILL 1,27.14,47,64.73333333333333,47,64.73333333333333,,,,,,,,,,
20:10:00,761105,210,E,HV,34.152301,-118.109239,ALLEN,27.63,101,61.9,101,61.9,,,,,,,,,,
20:10:00,761109,210,E,HV,34.151406,-118.091041,SAN GABRIEL,28.68,46,63.833333333333336,46,63.833333333333336,,,,,,,,,,
20:10:00,761112,210,E,HV,34.147621,-118.079037,SIERRA MADRE V2,29.44,45,62.0,45,62.0,,,,,,,,,,
20:10:00,763614,210,E,HV,34.15099,-118.152369,FAIR OAKS 1,25.12,87,64.9,87,64.9,,,,,,,,,,
20:10:00,769788,210,E,ML,34.189219,-118.180753,BERKSHIRE,21.58,162,63.96666666666666,39,69.23333333333333,46,66.0,41,61.46666666666667,36,58.7,,,,
20:10:00,769806,210,E,ML,34.196934,-118.185042,FOOTHILL,20.98,147,67.03333333333333,39,68.53333333333333,38,70.76666666666667,35,64.23333333333333,35,62.56666666666666,,,,
20:10:00,769819,210,E,ML,34.205892,-118.198234,ANGELES CREST HWY NB,19.98,86,64.9,18,70.4,26,66.8,23,63.4,19,59.1,,,,
20:10:00,769831,210,E,ML,34.206745,-118.201533,ANGELES CREST HWY SB,19.78,164,62.5,42,67.60000000000001,48,64.33333333333333,40,59.66666666666666,34,57.13333333333333,,,,
20:10:00,769847,210,E,ML,34.211728,-118.228265,OCEAN VIEW,18.18,111,69.66666666666667,20,75.13333333333334,36,70.8,33,69.8,22,62.06666666666666,,,,
20:10:00,769866,210,E,ML,34.218398,-118.239738,LA CRESCENTA,17.38,171,64.86666666666666,23,75.26666666666667,37,72.16666666666667,43,59.76666666666667,69,59.73333333333333,,,,
20:10:00,769880,210,E,ML,34.221426,-118.245718,PENNSYLVANIA,16.98,144,65.2,39,71.5,38,67.66666666666667,41,57.6,26,63.1,,,,
20:10:00,769895,210,E,ML,34.230849,-118.265101,LOWELL / HONOLULU,15.68,138,63.06666666666667,34,71.23333333333333,44,68.56666666666666,36,55.9,24,51.3,,,,
20:10:00,769984,210,E,ML,34.202989,-118.191827,GOULD,20.4,164,64.06666666666666,41,69.23333333333333,46,65.96666666666667,41,61.53333333333333,37,58.8,,,,
20:10:00,770116,210,E,ML,34.234317,-118.286992,LA TUNA CANYON,14.39,122,65.3,34,71.06666666666666,39,67.7,28,59.7,20,59.16666666666666,,,,
20:10:00,770385,210,E,ML,34.206925,-118.21372,EB/NB 2 TO EB 210 CN,19.08,117,67.33333333333333,19,74.93333333333334,37,70.36666666666666,29,65.23333333333333,32,60.79999999999999,,,,
20:10:00,770578,210,E,ML,34.156489,-118.158295,WINONA WAY,24.442,45,69.03333333333335,30,71.26666666666667,15,64.56666666666666,,,,,,,,
20:15:00,717617,210,E,ML,34.179921,-118.167405,ARROYO,22.6,144,66.39999999999999,35,71.86666666666667,42,68.33333333333333,36,63.96666666666667,31,60.56666666666666,,,,
20:15:00,717620,210,E,ML,34.174756,-118.160407,LINCOLN 1,23.14,110,68.66666666666667,16,72.93333333333334,28,69.36666666666667,35,69.83333333333333,30,64.13333333333334,,,,
20:15:00,717625,210,E,ML,34.160546,-118.158748,MOUNTAIN 2,24.16,126,65.73333333333333,43,70.03333333333335,14,71.13333333333334,16,67.36666666666667,53,60.0,,,,
20:15:00,717628,210,E,ML,34.152216,-118.156144,WALNUT,24.81,32,65.13333333333333,32,65.13333333333333,,,,,,,,,,
20:15:00,717631,210,E,ML,34.15099,-118.152369,FAIR OAKS 1,25.12,84,65.0,18,70.4,25,66.8,23,63.4,18,59.1,,,,
20:15:00,717633,210,E,ML,34.151691,-118.142523,MARENGO,25.72,544,65.4,92,70.9,107,68.6,94,66.7,96,64.1,87,59.79999999999999,68,59.79999999999999
20:15:00,717635,210,E,ML,34.151658,-118.12944,LAKE 2,26.47,472,67.39999999999999,91,72.89999999999999,93,70.83333333333333,90,67.60000000000001,83,65.96666666666665,115,61.133333333333326,,
20:15:00,717638,210,E,ML,34.152187,-118.117782,HILL 1,27.14,463,69.73333333333333,99,69.73333333333333,95,70.83333333333333,90,71.76666666666667,91,69.39999999999999,88,66.89999999999999,,
20:15:00,717640,210,E,ML,34.152301,-118.109239,ALLEN,27.63,445,67.56666666666668,50,76.2,107,68.36666666666666,104,67.60000000000001,85,67.13333333333334,99,62.46666666666667,,
20:15:00,717646,210,E,ML,34.151406,-118.091041,SAN GABRIEL,28.68,464,70.46666666666665,109,72.56666666666666,111,70.89999999999999,78,70.5,84,70.56666666666666,81,66.36666666666666,,
20:15:00,717650,210,E,ML,34.147621,-118.079037,SIERRA MADRE V2,29.44,392,68.86666666666666,100,70.96666666666667,91,70.2,80,72.06666666666666,76,63.23333333333333,44,65.03333333333333,,
20:15:00,761093,210,E,HV,34.151691,-118.142523,MARENGO,25.72,84,64.9,84,64.9,,,,,,,,,,
20:15:00,761098,210,E,HV,34.151658,-118.12944,LAKE 2,26.47,84,64.9,84,64.9,,,,,,,,,,
20:15:00,761102,210,E,HV,34.152187,-118.117782,HILL 1,27.14,50,64.93333333333334,50,64.93333333333334,,,,,,,,,,
20:15:00,761105,210,E,HV,34.152301,-118.109239,ALLEN,27.63,107,62.03333333333333,107,62.03333333333333,,,,,,,,,,
20:15:00,761109,210,E,HV,34.151406,-118.091041,SAN GABRIEL,28.68,45,63.9,45,63.9,,,,,,,,,,
20:15:00,761112,210,E,HV,34.147621,-118.079037,SIERRA MADRE V2,29.44,41,62.9,41,62.9,,,,,,,,,,
20:15:00,763614,210,E,HV,34.15099,-118.152369,FAIR OAKS 1,25.12,84,64.9,84,64.9,,,,,,,,,,
20:15:00,769788,210,E,ML,34.189219,-118.180753,BERKSHIRE,21.58,169,65.83333333333333,41,71.2,48,67.86666666666666,42,63.333333333333336,38,60.3,,,,
20:15:00,769806,210,E,ML,34.196934,-118.185042,FOOTHILL,20.98,142,68.2,38,70.76666666666667,35,70.83333333333333,42,65.56666666666668,27,66.06666666666666,,,,
20:15:00,769819,210,E,ML,34.205892,-118.198234,ANGELES CREST HWY NB,19.98,84,65.0,18,70.4,25,66.8,23,63.4,18,59.1,,,,
20:15:00,769831,210,E,ML,34.206745,-118.201533,ANGELES CREST HWY SB,19.78,150,64.10000000000001,37,69.39999999999999,43,66.13333333333334,37,61.4,34,58.7,,,,
20:15:00,769847,210,E,ML,34.211728,-118.228265,OCEAN VIEW,18.18,107,69.66666666666667,23,75.03333333333333,39,70.60000000000001,28,68.13333333333334,16,63.0,,,,
20:15:00,769866,210,E,ML,34.218398,-118.239738,LA CRESCENTA,17.38,190,67.8,27,75.3,48,72.93333333333334,49,64.96666666666667,65,62.26666666666667,,,,
20:15:00,769880,210,E,ML,34.221426,-118.245718,PENNSYLVANIA,16.98,159,64.33333333333333,39,70.53333333333333,44,68.16666666666667,44,59.43333333333334,33,62.93333333333334,,,,
20:15:00,769895,210,E,ML,34.230849,-118.265101,LOWELL / HONOLULU,15.68,143,64.10000000000001,39,71.89999999999999,45,68.76666666666667,37,57.1,22,49.9,,,,
20:15:00,769984,210,E,ML,34.202989,-118.191827,GOULD,20.4,169,65.8,41,71.10000000000001,48,67.73333333333333,42,63.36666666666667,38,60.29999999999999,,,,
20:15:00,770116,210,E,ML,34.234317,-118.286992,LA TUNA CANYON,14.39,121,65.36666666666667,34,71.10000000000001,39,67.66666666666667,29,59.86666666666667,20,59.23333333333333,,,,
20:15:00,770385,210,E,ML,34.206925,-118.21372,EB/NB 2 TO EB 210 CN,19.08,125,69.10000000000001,28,74.93333333333334,34,70.66666666666667,36,68.66666666666667,27,61.79999999999999,,,,
20:15:00,770578,210,E,ML,34.156489,-118.158295,WINONA WAY,24.442,43,68.06666666666666,21,71.16666666666667,22,64.93333333333334,,,,,,,,
20:20:00,717617,210,E,ML,34.179921,-118.167405,ARROYO,22.6,138,66.0,33,71.4,39,67.96666666666665,35,63.93333333333334,31,60.4,,,,
20:20:00,717620,210,E,ML,34.174756,-118.160407,LINCOLN 1,23.14,111,68.13333333333333,18,72.8,27,68.63333333333334,38,70.73333333333333,29,61.3,,,,
20:20:00,717625,210,E,ML,34.160546,-118.158748,MOUNTAIN 2,24.16,119,67.53333333333335,39,70.36666666666667,17,70.83333333333333,13,67.43333333333334,51,65.26666666666667,,,,
20:20:00,717628,210,E,ML,34.152216,-118.156144,WALNUT,24.81,25,65.23333333333333,25,65.23333333333333,,,,,,,,,,
20:20:00,717631,210,E,ML,34.15099,-118.152369,FAIR OAKS 1,25.12,82,64.9,17,70.4,25,66.8,22,63.4,18,59.1,,,,
20:20:00,717633,210,E,ML,34.151691,-118.142523,MARENGO,25.72,544,65.5,92,71.0,107,68.7,94,66.9,96,64.2,87,59.9,68,59.9
20:20:00,717635,210,E,ML,34.151658,-118.12944,LAKE 2,26.47,480,66.89999999999999,93,72.33333333333333,94,70.36666666666667,92,67.10000000000001,84,65.43333333333334,117,60.73333333333333,,
20:20:00,717638,210,E,ML,34.152187,-118.117782,HILL 1,27.14,475,69.46666666666667,103,70.06666666666666,100,71.2,91,71.8,88,69.03333333333335,93,65.26666666666667,,
20:20:00,717640,210,E,ML,34.152301,-118.109239,ALLEN,27.63,447,67.93333333333334,53,76.03333333333333,101,69.10000000000001,110,67.89999999999999,90,66.76666666666667,94,62.9,,
20:20:00,717646,210,E,ML,34.151406,-118.091041,SAN GABRIEL,28.68,446,69.46666666666667,108,72.83333333333333,115,71.06666666666666,81,68.86666666666667,70,66.96666666666667,73,65.10000000000001,,
20:20:00,717650,210,E,ML,34.147621,-118.079037,SIERRA MADRE V2,29.44,413,67.89999999999999,111,69.89999999999999,101,68.73333333333333,88,70.13333333333334,68,64.63333333333334,46,62.63333333333333,,
20:20:00,761093,210,E,HV,34.151691,-118.142523,MARENGO,25.72,81,64.9,81,64.9,,,,,,,,,,
20:20:00,761098,210,E,HV,34.151658,-118.12944,LAKE 2,26.47,81,64.9,81,64.9,,,,,,,,,,
20:20:00,761102,210,E,HV,34.152187,-118.117782,HILL 1,27.14,51,64.96666666666667,51,64.96666666666667,,,,,,,,,,
20:20:00,761105,210,E,HV,34.152301,-118.109239,ALLEN,27.63,108,61.3,108,61.3,,,,,,,,,,
20:20:00,761109,210,E,HV,34.151406,-118.091041,SAN GABRIEL,28.68,49,64.5,49,64.5,,,,,,,,,,
20:20:00,761112,210,E,HV,34.147621,-118.079037,SIERRA MADRE V2,29.44,48,63.16666666666666,48,63.16666666666666,,,,,,,,,,
20:20:00,763614,210,E,HV,34.15099,-118.152369,FAIR OAKS 1,25.12,81,64.9,81,64.9,,,,,,,,,,
20:20:00,769788,210,E,ML,34.189219,-118.180753,BERKSHIRE,21.58,162,64.16666666666667,40,69.39999999999999,46,66.13333333333333,39,61.56666666666666,37,58.86666666666667,,,,
20:20:00,769806,210,E,ML,34.196934,-118.185042,FOOTHILL,20.98,145,67.36666666666666,37,68.66666666666667,40,70.73333333333333,38,67.06666666666668,29,59.9,,,,
20:20:00,769819,210,E,ML,34.205892,-118.198234,ANGELES CREST HWY NB,19.98,82,64.9,17,70.4,25,66.8,22,63.4,18,59.1,,,,
20:20:00,769831,210,E,ML,34.206745,-118.201533,ANGELES CREST HWY SB,19.78,154,66.43333333333334,38,71.86666666666666,44,68.53333333333335,38,63.66666666666666,34,60.73333333333333,,,,
20:20:00,769847,210,E,ML,34.211728,-118.228265,OCEAN VIEW,18.18,120,69.2,26,74.89999999999999,39,70.0,34,68.43333333333334,21,61.13333333333333,,,,
20:20:00,769866,210,E,ML,34.218398,-118.239738,LA CRESCENTA,17.38,190,65.06666666666666,34,75.39999999999999,47,70.2,43,60.16666666666666,66,59.03333333333333,,,,
20:20:00,769880,210,E,ML,34.221426,-118.245718,PENNSYLVANIA,16.98,162,63.1,34,66.83333333333333,42,68.0,53,58.1,33,62.56666666666666,,,,
20:20:00,769895,210,E,ML,34.230849,-118.265101,LOWELL / HONOLULU,15.68,163,62.13333333333333,42,71.43333333333334,48,67.63333333333334,41,55.23333333333333,32,50.66666666666666,,,,
20:20:00,769984,210,E,ML,34.202989,-118.191827,GOULD,20.4,166,64.16666666666667,41,69.36666666666666,46,66.03333333333333,41,61.633333333333326,38,58.9,,,,
20:20:00,770116,210,E,ML,34.234317,-118.286992,LA TUNA CANYON,14.39,125,65.66666666666667,35,71.06666666666666,40,67.66666666666667,29,61.26666666666667,21,59.53333333333333,,,,
20:20:00,770385,210,E,ML,34.206925,-118.21372,EB/NB 2 TO EB 210 CN,19.08,136,70.36666666666667,30,74.83333333333333,46,70.96666666666665,34,69.86666666666667,26,64.56666666666666,,,,
20:20:00,770578,210,E,ML,34.156489,-118.158295,WINONA WAY,24.442,47,69.23333333333333,32,71.23333333333333,15,65.0,,,,,,,,
20:25:00,717617,210,E,ML,34.179921,-118.167405,ARROYO,22.6,143,66.96666666666665,35,72.33333333333333,41,68.89999999999999,36,64.60000000000001,31,61.13333333333333,,,,
20:25:00,717620,210,E,ML,34.174756,-118.160407,LINCOLN 1,23.14,116,68.03333333333333,20,72.8,30,69.33333333333333,34,68.93333333333334,32,62.43333333333333,,,,
20:25:00,717625,210,E,ML,34.160546,-118.158748,MOUNTAIN 2,24.16,144,66.16666666666667,39,70.06666666666666,17,70.7,18,67.16666666666667,71,63.1,,,,
20:25:00,717628,210,E,ML,34.152216,-118.156144,WALNUT,24.81,24,65.3,24,65.3,,,,,,,,,,
20:25:00,717631,210,E,ML,34.15099,-118.152369,FAIR OAKS 1,25.12,78,64.8,16,70.2,24,66.7,21,63.29999999999999,17,59.0,,,,
20:25:00,717633,210,E,ML,34.151691,-118.142523,MARENGO,25.72,523,65.6,89,71.1,103,68.8,90,67.0,92,64.3,84,60.0,65,60.0
20:25:00,717635,210,E,ML,34.151658,-118.12944,LAKE 2,26.47,441,67.0,86,72.46666666666665,86,70.43333333333334,84,67.2,78,65.5,108,60.8,,
20:25:00,717638,210,E,ML,34.152187,-118.117782,HILL 1,27.14,455,69.63333333333334,103,70.76666666666667,96,71.43333333333334,88,71.43333333333334,86,68.86666666666666,83,65.13333333333333,,
20:25:00,717640,210,E,ML,34.152301,-118.109239,ALLEN,27.63,418,68.06666666666666,47,75.76666666666667,99,69.26666666666667,102,68.5,82,66.63333333333333,87,63.2,,
20:25:00,717646,210,E,ML,34.151406,-118.091041,SAN GABRIEL,28.68,439,68.46666666666665,105,72.60000000000001,107,70.83333333333333,77,65.16666666666667,74,65.23333333333333,76,65.5,,
20:25:00,717650,210,E,ML,34.147621,-118.079037,SIERRA MADRE V2,29.44,377,66.73333333333333,99,69.16666666666667,88,68.06666666666666,77,66.60000000000001,67,64.23333333333333,47,61.3,,
20:25:00,761093,210,E,HV,34.151691,-118.142523,MARENGO,25.72,78,64.8,78,64.8,,,,,,,,,,
20:25:00,761098,210,E,HV,34.151658,-118.12944,LAKE 2,26.47,78,64.8,78,64.8,,,,,,,,,,
20:25:00,761102,210,E,HV,34.152187,-118.117782,HILL 1,27.14,52,65.06666666666666,52,65.06666666666666,,,,,,,,,,
20:25:00,761105,210,E,HV,34.152301,-118.109239,ALLEN,27.63,98,62.93333333333334,98,62.93333333333334,,,,,,,,,,
20:25:00,761109,210,E,HV,34.151406,-118.091041,SAN GABRIEL,28.68,45,64.7,45,64.7,,,,,,,,,,
20:25:00,761112,210,E,HV,34.147621,-118.079037,SIERRA MADRE V2,29.44,45,63.46666666666667,45,63.46666666666667,,,,,,,,,,
20:25:00,763614,210,E,HV,34.15099,-118.152369,FAIR OAKS 1,25.12,78,64.8,78,64.8,,,,,,,,,,
20:25:00,769788,210,E,ML,34.189219,-118.180753,BERKSHIRE,21.58,176,62.36666666666667,43,67.5,50,64.26666666666667,43,59.9,40,57.2,,,,
20:25:00,769806,210,E,ML,34.196934,-118.185042,FOOTHILL,20.98,161,66.2,41,66.76666666666667,46,71.76666666666667,42,63.46666666666667,32,59.6,,,,
20:25:00,769819,210,E,ML,34.205892,-118.198234,ANGELES CREST HWY NB,19.98,78,64.8,16,70.2,24,66.7,21,63.29999999999999,17,59.0,,,,
20:25:00,769831,210,E,ML,34.206745,-118.201533,ANGELES CREST HWY SB,19.78,144,63.1,35,68.3,41,65.03333333333333,36,60.5,32,57.8,,,,
20:25:00,769847,210,E,ML,34.211728,-118.228265,OCEAN VIEW,18.18,122,69.53333333333333,32,74.83333333333333,40,71.13333333333334,32,66.86666666666667,19,61.76666666666667,,,,
20:25:00,769866,210,E,ML,34.218398,-118.239738,LA CRESCENTA,17.38,176,61.26666666666667,28,74.8,41,71.13333333333334,46,53.13333333333333,61,54.23333333333333,,,,
20:25:00,769880,210,E,ML,34.221426,-118.245718,PENNSYLVANIA,16.98,169,63.0,37,66.83333333333333,47,68.76666666666667,50,55.96666666666667,35,62.8,,,,
20:25:00,769895,210,E,ML,34.230849,-118.265101,LOWELL / HONOLULU,15.68,164,61.96666666666667,40,71.66666666666667,52,66.60000000000001,42,54.66666666666666,30,51.66666666666666,,,,
20:25:00,769984,210,E,ML,34.202989,-118.191827,GOULD,20.4,178,62.4,44,67.43333333333334,50,64.2,44,60.03333333333333,40,57.29999999999999,,,,
20:25:00,770116,210,E,ML,34.234317,-118.286992,LA TUNA CANYON,14.39,130,64.13333333333334,37,69.13333333333334,42,66.16666666666667,30,59.43333333333334,21,58.86666666666667,,,,
20:25:00,770385,210,E,ML,34.206925,-118.21372,EB/NB 2 TO EB 210 CN,19.08,122,68.76666666666667,30,74.60000000000001,37,71.46666666666667,31,66.93333333333334,25,60.2,,,,
20:25:00,770578,210,E,ML,34.156489,-118.158295,WINONA WAY,24.442,39,68.76666666666667,26,71.06666666666666,14,65.10000000000001,,,,,,,,
20:30:00,717617,210,E,ML,34.179921,-118.167405,ARROYO,22.6,141,66.83333333333333,34,72.3,40,68.89999999999999,35,64.60000000000001,32,61.13333333333333,,,,
20:30:00,717620,210,E,ML,34.174756,-118.160407,LINCOLN 1,23.14,124,68.76666666666667,22,73.26666666666667,35,69.56666666666666,39,70.83333333333333,28,61.46666666666667,,,,
20:30:00,717625,210,E,ML,34.160546,-118.158748,MOUNTAIN 2,24.16,135,64.43333333333334,38,69.3,19,71.0,13,67.13333333333334,64,58.76666666666667,,,,
20:30:00,717628,210,E,ML,34.152216,-118.156144,WALNUT,24.81,20,65.16666666666667,20,65.16666666666667,,,,,,,,,,
20:30:00,717631,210,E,ML,34.15099,-118.152369,FAIR OAKS 1,25.12,76,64.8,16,70.2,23,66.7,20,63.29999999999999,17,59.0,,,,
20:30:00,717633,210,E,ML,34.151691,-118.142523,MARENGO,25.72,520,65.6,88,71.1,103,68.8,89,67.0,92,64.3,83,60.0,65,60.0
20:30:00,717635,210,E,ML,34.151658,-118.12944,LAKE 2,26.47,455,66.86666666666666,88,72.26666666666667,89,70.26666666666667,87,67.10000000000001,80,65.36666666666667,111,60.7,,
20:30:00,717638,210,E,ML,34.152187,-118.117782,HILL 1,27.14,451,70.0,99,70.56666666666668,92,70.76666666666667,84,71.5,85,68.8,90,67.83333333333333,,
20:30:00,717640,210,E,ML,34.152301,-118.109239,ALLEN,27.63,413,67.23333333333333,53,75.96666666666667,104,68.83333333333333,96,67.83333333333333,78,65.23333333333333,82,60.86666666666667,,
20:30:00,717646,210,E,ML,34.151406,-118.091041,SAN GABRIEL,28.68,410,68.26666666666667,98,73.39999999999999,105,70.36666666666666,71,64.16666666666667,65,64.06666666666668,71,65.66666666666667,,
20:30:00,717650,210,E,ML,34.147621,-118.079037,SIERRA MADRE V2,29.44,389,67.89999999999999,108,70.7,87,69.0,78,66.83333333333333,73,65.60000000000001,43,63.1,,
20:30:00,761093,210,E,HV,34.151691,-118.142523,MARENGO,25.72,76,64.8,76,64.8,,,,,,,,,,
20:30:00,761098,210,E,HV,34.151658,-118.12944,LAKE 2,26.47,76,64.8,76,64.8,,,,,,,,,,
20:30:00,761102,210,E,HV,34.152187,-118.117782,HILL 1,27.14,52,64.86666666666666,52,64.86666666666666,,,,,,,,,,
20:30:00,761105,210,E,HV,34.152301,-118.109239,ALLEN,27.63,105,63.8,105,63.8,,,,,,,,,,
20:30:00,761109,210,E,HV,34.151406,-118.091041,SAN GABRIEL,28.68,49,64.33333333333333,49,64.33333333333333,,,,,,,,,,
20:30:00,761112,210,E,HV,34.147621,-118.079037,SIERRA MADRE V2,29.44,46,63.16666666666666,46,63.16666666666666,,,,,,,,,,
20:30:00,763614,210,E,HV,34.15099,-118.152369,FAIR OAKS 1,25.12,76,64.8,76,64.8,,,,,,,,,,
20:30:00,769788,210,E,ML,34.189219,-118.180753,BERKSHIRE,21.58,165,59.76666666666667,41,64.66666666666667,47,61.5,40,57.16666666666666,37,54.8,,,,
20:30:00,769806,210,E,ML,34.196934,-118.185042,FOOTHILL,20.98,131,65.0,33,64.66666666666667,40,72.36666666666667,37,63.0,21,55.4,,,,
20:30:00,769819,210,E,ML,34.205892,-118.198234,ANGELES CREST HWY NB,19.98,76,64.8,16,70.2,23,66.7,20,63.29999999999999,17,59.0,,,,
20:30:00,769831,210,E,ML,34.206745,-118.201533,ANGELES CREST HWY SB,19.78,167,63.2,40,68.46666666666667,47,65.2,41,60.73333333333333,39,58.03333333333333,,,,
20:30:00,769847,210,E,ML,34.211728,-118.228265,OCEAN VIEW,18.18,102,67.26666666666667,22,74.83333333333333,32,71.2,27,63.8,21,58.36666666666667,,,,
20:30:00,769866,210,E,ML,34.218398,-118.239738,LA CRESCENTA,17.38,181,58.63333333333333,23,74.60000000000001,39,71.2,47,52.8,71,50.333333333333336,,,,
20:30:00,769880,210,E,ML,34.221426,-118.245718,PENNSYLVANIA,16.98,137,60.4,35,63.76666666666667,31,68.39999999999999,45,54.06666666666666,25,62.73333333333333,,,,
20:30:00,769895,210,E,ML,34.230849,-118.265101,LOWELL / HONOLULU,15.68,142,61.53333333333333,36,71.3,44,66.73333333333333,36,53.9,26,49.43333333333334,,,,
20:30:00,769984,210,E,ML,34.202989,-118.191827,GOULD,20.4,168,59.76666666666667,42,64.63333333333334,47,61.43333333333334,41,57.3,38,54.93333333333334,,,,
20:30:00,770116,210,E,ML,34.234317,-118.286992,LA TUNA CANYON,14.39,106,64.63333333333334,28,69.8,34,66.7,25,60.23333333333333,18,59.1,,,,
20:30:00,770385,210,E,ML,34.206925,-118.21372,EB/NB 2 TO EB 210 CN,19.08,125,66.8,19,74.76666666666667,35,67.89999999999999,37,62.900000000000006,35,65.16666666666667,,,,
20:30:00,770578,210,E,ML,34.156489,-118.158295,WINONA WAY,24.442,29,69.46666666666665,20,71.33333333333333,9,64.96666666666665,,,,,,,,
20:35:00,717617,210,E,ML,34.179921,-118.167405,ARROYO,22.6,135,63.76666666666667,32,69.10000000000001,39,65.7,35,61.63333333333333,30,58.4,,,,
20:35:00,717620,210,E,ML,34.174756,-118.160407,LINCOLN 1,23.14,103,66.2,16,73.10000000000001,25,69.60000000000001,34,63.5,27,62.76666666666667,,,,
20:35:00,717625,210,E,ML,34.160546,-118.158748,MOUNTAIN 2,24.16,125,65.0,35,68.93333333333334,20,71.3,13,67.16666666666667,58,58.9,,,,
20:35:00,717628,210,E,ML,34.152216,-118.156144,WALNUT,24.81,22,65.26666666666667,22,65.26666666666667,,,,,,,,,,
20:35:00,717631,210,E,ML,34.15099,-118.152369,FAIR OAKS 1,25.12,73,64.8,15,70.2,22,66.7,20,63.29999999999999,16,59.0,,,,
20:35:00,717633,210,E,ML,34.151691,-118.142523,MARENGO,25.72,516,65.7,87,71.2,102,68.9,89,67.1,91,64.4,83,60.1,64,60.1
20:35:00,717635,210,E,ML,34.151658,-118.12944,LAKE 2,26.47,431,66.96666666666667,84,72.36666666666666,84,70.46666666666665,82,67.2,76,65.5,105,60.76666666666667,,
20:35:00,717638,210,E,ML,34.152187,-118.117782,HILL 1,27.14,443,69.73333333333333,103,70.73333333333333,97,71.2,81,71.46666666666665,80,68.76666666666667,82,65.93333333333334,,
20:35:00,717640,210,E,ML,34.152301,-118.109239,ALLEN,27.63,415,66.89999999999999,42,76.39999999999999,105,69.86666666666666,100,68.83333333333333,84,65.46666666666665,84,57.6,,
20:35:00,717646,210,E,ML,34.151406,-118.091041,SAN GABRIEL,28.68,425,67.96666666666667,105,73.39999999999999,105,70.26666666666667,79,67.10000000000001,74,62.46666666666667,63,62.03333333333333,,
20:35:00,717650,210,E,ML,34.147621,-118.079037,SIERRA MADRE V2,29.44,388,67.5,108,71.36666666666667,94,69.36666666666666,79,66.06666666666666,64,62.53333333333334,44,63.2,,
20:35:00,761093,210,E,HV,34.151691,-118.142523,MARENGO,25.72,74,64.8,74,64.8,,,,,,,,,,
20:35:00,761098,210,E,HV,34.151658,-118.12944,LAKE 2,26.47,74,64.8,74,64.8,,,,,,,,,,
20:35:00,761102,210,E,HV,34.152187,-118.117782,HILL 1,27.14,46,64.96666666666667,46,64.96666666666667,,,,,,,,,,
20:35:00,761105,210,E,HV,34.152301,-118.109239,ALLEN,27.63,92,62.4,92,62.4,,,,,,,,,,
20:35:00,761109,210,E,HV,34.151406,-118.091041,SAN GABRIEL,28.68,49,64.60000000000001,49,64.60000000000001,,,,,,,,,,
20:35:00,761112,210,E,HV,34.147621,-118.079037,SIERRA MADRE V2,29.44,49,63.3,49,63.3,,,,,,,,,,
20:35:00,763614,210,E,HV,34.15099,-118.152369,FAIR OAKS 1,25.12,74,64.8,74,64.8,,,,,,,,,,
20:35:00,769788,210,E,ML,34.189219,-118.180753,BERKSHIRE,21.58,155,60.6,38,65.76666666666667,45,62.53333333333334,39,57.86666666666667,34,55.5,,,,
20:35:00,769806,210,E,ML,34.196934,-118.185042,FOOTHILL,20.98,129,63.53333333333333,34,64.33333333333333,34,70.96666666666665,31,66.2,30,51.4,,,,
20:35:00,769819,210,E,ML,34.205892,-118.198234,ANGELES CREST HWY NB,19.98,73,64.8,15,70.2,22,66.7,20,63.29999999999999,16,59.0,,,,
20:35:00,769831,210,E,ML,34.206745,-118.201533,ANGELES CREST HWY SB,19.78,152,60.4,37,65.43333333333334,44,62.23333333333333,38,57.833333333333336,34,55.4,,,,
20:35:00,769847,210,E,ML,34.211728,-118.228265,OCEAN VIEW,18.18,117,66.23333333333333,27,74.83333333333333,35,70.89999999999999,32,58.9,23,59.43333333333334,,,,
20:35:00,769866,210,E,ML,34.218398,-118.239738,LA CRESCENTA,17.38,175,59.9,31,75.26666666666667,39,69.7,44,52.1,61,51.16666666666666,,,,
20:35:00,769880,210,E,ML,34.221426,-118.245718,PENNSYLVANIA,16.98,149,60.96666666666667,35,63.366666666666674,41,66.93333333333334,48,54.96666666666667,25,62.4,,,,
20:35:00,769895,210,E,ML,34.230849,-118.265101,LOWELL / HONOLULU,15.68,141,61.56666666666666,35,70.53333333333333,45,66.73333333333333,35,54.66666666666666,27,49.63333333333333,,,,
20:35:00,769984,210,E,ML,34.202989,-118.191827,GOULD,20.4,157,60.6,38,65.76666666666667,45,62.46666666666667,39,58.0,35,55.63333333333333,,,,
20:35:00,770116,210,E,ML,34.234317,-118.286992,LA TUNA CANYON,14.39,111,65.06666666666666,31,70.3,36,67.10000000000001,26,60.53333333333333,19,59.26666666666667,,,,
20:35:00,770385,210,E,ML,34.206925,-118.21372,EB/NB 2 TO EB 210 CN,19.08,112,63.46666666666667,23,74.43333333333334,28,69.0,34,53.6,27,61.76666666666667,,,,
20:35:00,770578,210,E,ML,34.156489,-118.158295,WINONA WAY,24.442,35,69.76666666666667,23,71.39999999999999,11,65.10000000000001,,,,,,,,
20:40:00,717617,210,E,ML,34.179921,-118.167405,ARROYO,22.6,158,64.03333333333333,39,69.36666666666667,44,65.96666666666667,39,61.86666666666667,36,58.6,,,,
20:40:00,717620,210,E,ML,34.174756,-118.160407,LINCOLN 1,23.14,128,64.3,18,72.73333333333333,30,69.73333333333333,40,58.6,40,61.86666666666667,,,,
20:40:00,717625,210,E,ML,34.160546,-118.158748,MOUNTAIN 2,24.16,145,63.56666666666666,42,68.2,20,71.23333333333333,13,67.13333333333334,71,57.833333333333336,,,,
20:40:00,717628,210,E,ML,34.152216,-118.156144,WALNUT,24.81,20,65.26666666666667,20,65.26666666666667,,,,,,,,,,
20:40:00,717631,210,E,ML,34.15099,-118.152369,FAIR OAKS 1,25.12,72,64.8,15,70.2,22,66.7,19,63.29999999999999,16,59.0,,,,
20:40:00,717633,210,E,ML,34.151691,-118.142523,MARENGO,25.72,509,65.7,86,71.2,100,68.9,88,67.1,90,64.4,82,60.1,63,60.1
20:40:00,717635,210,E,ML,34.151658,-118.12944,LAKE 2,26.47,428,66.86666666666667,83,72.26666666666667,83,70.33333333333333,82,67.10000000000001,75,65.39999999999999,105,60.7,,
20:40:00,717638,210,E,ML,34.152187,-118.117782,HILL 1,27.14,432,69.3,101,70.76666666666667,92,70.73333333333333,78,71.36666666666666,81,68.73333333333333,80,64.53333333333333,,
20:40:00,717640,210,E,ML,34.152301,-118.109239,ALLEN,27.63,395,66.63333333333333,48,76.53333333333335,96,69.66666666666667,93,67.46666666666667,78,65.86666666666666,81,57.13333333333333,,
20:40:00,717646,210,E,ML,34.151406,-118.091041,SAN GABRIEL,28.68,403,67.76666666666667,99,73.86666666666666,97,69.53333333333333,74,69.53333333333335,67,61.23333333333333,67,60.833333333333336,,
20:40:00,717650,210,E,ML,34.147621,-118.079037,SIERRA MADRE V2,29.44,373,66.66666666666667,104,70.5,85,68.4,78,67.43333333333334,65,59.26666666666667,40,63.0,,
20:40:00,761093,210,E,HV,34.151691,-118.142523,MARENGO,25.72,71,64.8,71,64.8,,,,,,,,,,
20:40:00,761098,210,E,HV,34.151658,-118.12944,LAKE 2,26.47,71,64.8,71,64.8,,,,,,,,,,
20:40:00,761102,210,E,HV,34.152187,-118.117782,HILL 1,27.14,46,65.0,46,65.0,,,,,,,,,,
20:40:00,761105,210,E,HV,34.152301,-118.109239,ALLEN,27.63,92,62.5,92,62.5,,,,,,,,,,
20:40:00,761109,210,E,HV,34.151406,-118.091041,SAN GABRIEL,28.68,47,64.86666666666667,47,64.86666666666667,,,,,,,,,,
20:40:00,761112,210,E,HV,34.147621,-118.079037,SIERRA MADRE V2,29.44,45,63.66666666666666,45,63.66666666666666,,,,,,,,,,
20:40:00,763614,210,E,HV,34.15099,-118.152369,FAIR OAKS 1,25.12,71,64.8,71,64.8,,,,,,,,,,
20:40:00,769788,210,E,ML,34.189219,-118.180753,BERKSHIRE,21.58,154,61.29999999999999,37,66.43333333333334,44,63.2,38,58.7,35,56.23333333333333,,,,
20:40:00,769806,210,E,ML,34.196934,-118.185042,FOOTHILL,20.98,129,63.13333333333333,36,64.03333333333335,29,70.39999999999999,32,60.36666666666667,32,56.833333333333336,,,,
20:40:00,769819,210,E,ML,34.205892,-118.198234,ANGELES CREST HWY NB,19.98,72,64.8,15,70.2,22,66.7,19,63.29999999999999,16,59.0,,,,
20:40:00,769831,210,E,ML,34.206745,-118.201533,ANGELES CREST HWY SB,19.78,162,58.03333333333334,39,62.96666666666667,45,59.86666666666667,40,55.46666666666667,37,53.3,,,,
20:40:00,769847,210,E,ML,34.211728,-118.228265,OCEAN VIEW,18.18,103,67.13333333333333,20,74.8,31,70.46666666666667,28,64.63333333333334,25,59.2,,,,
20:40:00,769866,210,E,ML,34.218398,-118.239738,LA CRESCENTA,17.38,180,58.7,25,75.26666666666667,37,70.0,48,51.43333333333334,70,51.5,,,,
20:40:00,769880,210,E,ML,34.221426,-118.245718,PENNSYLVANIA,16.98,144,60.70000000000001,36,60.9,34,66.53333333333333,48,58.333333333333336,27,62.9,,,,
20:40:00,769895,210,E,ML,34.230849,-118.265101,LOWELL / HONOLULU,15.68,148,62.9,34,71.03333333333335,47,67.96666666666667,40,57.5,27,51.73333333333333,,,,
20:40:00,769984,210,E,ML,34.202989,-118.191827,GOULD,20.4,154,61.333333333333336,38,66.36666666666666,44,63.13333333333333,38,58.833333333333336,35,56.36666666666667,,,,
20:40:00,770116,210,E,ML,34.234317,-118.286992,LA TUNA CANYON,14.39,107,66.26666666666667,29,71.76666666666667,35,68.3,25,61.86666666666667,18,59.73333333333333,,,,
20:40:00,770385,210,E,ML,34.206925,-118.21372,EB/NB 2 TO EB 210 CN,19.08,133,61.8,27,74.39999999999999,32,67.1,43,55.46666666666667,31,53.4,,,,
20:40:00,770578,210,E,ML,34.156489,-118.158295,WINONA WAY,24.442,25,68.86666666666667,16,71.26666666666667,9,65.06666666666666,,,,,,,,
20:45:00,717617,210,E,ML,34.179921,-118.167405,ARROYO,22.6,147,63.4,36,68.66666666666667,42,65.33333333333333,37,61.2,33,58.0,,,,
20:45:00,717620,210,E,ML,34.174756,-118.160407,LINCOLN 1,23.14,116,63.833333333333336,16,72.9,28,69.66666666666667,38,61.5,34,58.66666666666666,,,,
20:45:00,717625,210,E,ML,34.160546,-118.158748,MOUNTAIN 2,24.16,126,63.46666666666667,39,68.26666666666667,13,71.06666666666666,12,67.06666666666666,61,58.3,,,,
20:45:00,717628,210,E,ML,34.152216,-118.156144,WALNUT,24.81,22,65.33333333333333,22,65.33333333333333,,,,,,,,,,
20:45:00,717631,210,E,ML,34.15099,-118.152369,FAIR OAKS 1,25.12,68,64.8,14,70.2,21,66.7,18,63.29999999999999,15,59.0,,,,
20:45:00,717633,210,E,ML,34.151691,-118.142523,MARENGO,25.72,506,65.9,86,71.5,100,69.1,87,67.3,89,64.6,81,60.29999999999999,63,60.29999999999999
20:45:00,717635,210,E,ML,34.151658,-118.12944,LAKE 2,26.47,425,66.93333333333334,83,72.36666666666667,82,70.33333333333333,81,67.2,75,65.43333333333334,104,60.8,,
20:45:00,717638,210,E,ML,34.152187,-118.117782,HILL 1,27.14,425,69.5,92,71.73333333333333,96,71.10000000000001,80,71.39999999999999,77,68.83333333333333,80,63.76666666666666,,
20:45:00,717640,210,E,ML,34.152301,-118.109239,ALLEN,27.63,397,66.23333333333333,44,76.63333333333334,94,70.0,93,67.10000000000001,78,63.7,86,58.1,,
20:45:00,717646,210,E,ML,34.151406,-118.091041,SAN GABRIEL,28.68,417,66.8,100,74.39999999999999,106,68.63333333333333,73,66.5,71,61.16666666666666,67,58.7,,
20:45:00,717650,210,E,ML,34.147621,-118.079037,SIERRA MADRE V2,29.44,358,65.53333333333333,100,70.89999999999999,87,68.5,67,63.2,61,56.36666666666667,44,63.06666666666666,,
20:45:00,761093,210,E,HV,34.151691,-118.142523,MARENGO,25.72,69,64.8,69,64.8,,,,,,,,,,
20:45:00,761098,210,E,HV,34.151658,-118.12944,LAKE 2,26.47,69,64.8,69,64.8,,,,,,,,,,
20:45:00,761102,210,E,HV,34.152187,-118.117782,HILL 1,27.14,41,65.06666666666666,41,65.06666666666666,,,,,,,,,,
20:45:00,761105,210,E,HV,34.152301,-118.109239,ALLEN,27.63,97,63.76666666666667,97,63.76666666666667,,,,,,,,,,
20:45:00,761109,210,E,HV,34.151406,-118.091041,SAN GABRIEL,28.68,44,64.36666666666666,44,64.36666666666666,,,,,,,,,,
20:45:00,761112,210,E,HV,34.147621,-118.079037,SIERRA MADRE V2,29.44,41,63.0,41,63.0,,,,,,,,,,
20:45:00,763614,210,E,HV,34.15099,-118.152369,FAIR OAKS 1,25.12,69,64.8,69,64.8,,,,,,,,,,
20:45:00,769788,210,E,ML,34.189219,-118.180753,BERKSHIRE,21.58,175,61.4,44,66.53333333333333,49,63.3,42,58.76666666666667,40,56.36666666666667,,,,
20:45:00,769806,210,E,ML,34.196934,-118.185042,FOOTHILL,20.98,155,63.9,42,65.06666666666666,37,70.23333333333333,43,64.46666666666665,34,54.76666666666667,,,,
20:45:00,769819,210,E,ML,34.205892,-118.198234,ANGELES CREST HWY NB,19.98,68,64.8,14,70.2,21,66.7,18,63.29999999999999,15,59.0,,,,
20:45:00,769831,210,E,ML,34.206745,-118.201533,ANGELES CREST HWY SB,19.78,160,63.03333333333333,39,68.3,46,65.0,40,60.46666666666667,36,57.76666666666667,,,,
20:45:00,769847,210,E,ML,34.211728,-118.228265,OCEAN VIEW,18.18,116,67.06666666666668,26,75.0,35,70.66666666666667,31,65.63333333333333,24,55.833333333333336,,,,
20:45:00,769866,210,E,ML,34.218398,-118.239738,LA CRESCENTA,17.38,165,59.0,27,74.8,34,70.63333333333334,44,54.3,59,49.06666666666666,,,,
20:45:00,769880,210,E,ML,34.221426,-118.245718,PENNSYLVANIA,16.98,150,61.26666666666667,29,59.0,38,67.13333333333334,52,59.9,30,62.4,,,,
20:45:00,769895,210,E,ML,34.230849,-118.265101,LOWELL / HONOLULU,15.68,153,63.2,39,71.33333333333333,46,68.16666666666667,41,57.13333333333333,28,52.26666666666667,,,,
20:45:00,769984,210,E,ML,34.202989,-118.191827,GOULD,20.4,178,61.4,45,66.43333333333334,49,63.133333333333326,43,58.86666666666667,40,56.4,,,,
20:45:00,770116,210,E,ML,34.234317,-118.286992,LA TUNA CANYON,14.39,97,66.16666666666667,26,71.73333333333333,32,68.26666666666667,22,61.833333333333336,17,59.73333333333333,,,,
20:45:00,770385,210,E,ML,34.206925,-118.21372,EB/NB 2 TO EB 210 CN,19.08,124,65.66666666666667,27,74.83333333333333,28,69.2,36,61.93333333333334,33,58.3,,,,
20:45:00,770578,210,E,ML,34.156489,-118.158295,WINONA WAY,24.442,36,69.16666666666667,24,70.96666666666665,11,65.16666666666667,,,,,,,,
20:50:00,717617,210,E,ML,34.179921,-118.167405,ARROYO,22.6,154,61.26666666666667,39,66.3,44,63.0,38,59.1,34,56.06666666666666,,,,
20:50:00,717620,210,E,ML,34.174756,-118.160407,LINCOLN 1,23.14,125,62.5,19,72.66666666666667,29,68.8,42,58.36666666666667,35,57.26666666666667,,,,
20:50:00,717625,210,E,ML,34.160546,-118.158748,MOUNTAIN 2,24.16,130,62.63333333333333,42,67.06666666666666,16,70.7,10,67.03333333333333,61,56.333333333333336,,,,
20:50:00,717628,210,E,ML,34.152216,-118.156144,WALNUT,24.81,24,65.39999999999999,24,65.39999999999999,,,,,,,,,,
20:50:00,717631,210,E,ML,34.15099,-118.152369,FAIR OAKS 1,25.12,68,64.8,14,70.2,21,66.7,18,63.29999999999999,15,59.0,,,,
20:50:00,717633,210,E,ML,34.151691,-118.142523,MARENGO,25.72,495,66.1,84,71.7,98,69.3,85,67.5,87,64.8,79,60.4,62,60.4
20:50:00,717635,210,E,ML,34.151658,-118.12944,LAKE 2,26.47,435,67.0,84,72.39999999999999,85,70.53333333333335,83,67.26666666666667,77,65.46666666666667,106,60.833333333333336,,
20:50:00,717638,210,E,ML,34.152187,-118.117782,HILL 1,27.14,423,69.43333333333334,85,72.5,90,72.13333333333333,81,71.43333333333334,85,69.26666666666667,82,61.333333333333336,,
20:50:00,717640,210,E,ML,34.152301,-118.109239,ALLEN,27.63,380,67.10000000000001,39,76.66666666666667,86,70.8,91,68.3,77,63.86666666666667,86,59.93333333333333,,
20:50:00,717646,210,E,ML,34.151406,-118.091041,SAN GABRIEL,28.68,404,67.03333333333333,92,74.7,102,67.5,71,65.6,69,65.8,69,58.43333333333334,,
20:50:00,717650,210,E,ML,34.147621,-118.079037,SIERRA MADRE V2,29.44,387,66.56666666666666,109,73.16666666666667,88,69.86666666666666,75,62.833333333333336,67,56.366666666666674,48,64.8,,
20:50:00,761093,210,E,HV,34.151691,-118.142523,MARENGO,25.72,68,64.8,68,64.8,,,,,,,,,,
20:50:00,761098,210,E,HV,34.151658,-118.12944,LAKE 2,26.47,68,64.8,68,64.8,,,,,,,,,,
20:50:00,761102,210,E,HV,34.152187,-118.117782,HILL 1,27.14,40,64.93333333333334,40,64.93333333333334,,,,,,,,,,
20:50:00,761105,210,E,HV,34.152301,-118.109239,ALLEN,27.63,86,63.73333333333333,86,63.73333333333333,,,,,,,,,,
20:50:00,761109,210,E,HV,34.151406,-118.091041,SAN GABRIEL,28.68,41,64.96666666666665,41,64.96666666666665,,,,,,,,,,
20:50:00,761112,210,E,HV,34.147621,-118.079037,SIERRA MADRE V2,29.44,42,63.1,42,63.1,,,,,,,,,,
20:50:00,763614,210,E,HV,34.15099,-118.152369,FAIR OAKS 1,25.12,68,64.8,68,64.8,,,,,,,,,,
20:50:00,769788,210,E,ML,34.189219,-118.180753,BERKSHIRE,21.58,157,60.26666666666667,38,65.33333333333333,45,62.133333333333326,39,57.7,35,55.26666666666667,,,,
20:50:00,769806,210,E,ML,34.196934,-118.185042,FOOTHILL,20.98,135,62.93333333333334,37,63.56666666666667,33,70.93333333333334,36,60.633333333333326,30,55.56666666666666,,,,
20:50:00,769819,210,E,ML,34.205892,-118.198234,ANGELES CREST HWY NB,19.98,68,64.8,14,70.2,21,66.7,18,63.29999999999999,15,59.0,,,,
20:50:00,769831,210,E,ML,34.206745,-118.201533,ANGELES CREST HWY SB,19.78,147,61.76666666666667,35,66.86666666666666,42,63.66666666666666,37,59.3,33,56.7,,,,
20:50:00,769847,210,E,ML,34.211728,-118.228265,OCEAN VIEW,18.18,110,67.10000000000001,29,74.33333333333333,34,68.53333333333335,27,65.2,21,57.333333333333336,,,,
20:50:00,769866,210,E,ML,34.218398,-118.239738,LA CRESCENTA,17.38,176,59.833333333333336,26,74.23333333333333,41,67.10000000000001,40,54.1,69,53.43333333333334,,,,
20:50:00,769880,210,E,ML,34.221426,-118.245718,PENNSYLVANIA,16.98,139,60.79999999999999,33,60.36666666666667,36,64.63333333333333,43,59.56666666666666,26,62.333333333333336,,,,
20:50:00,769895,210,E,ML,34.230849,-118.265101,LOWELL / HONOLULU,15.68,134,61.43333333333334,32,70.03333333333333,39,66.13333333333334,36,56.16666666666666,28,53.8,,,,
20:50:00,769984,210,E,ML,34.202989,-118.191827,GOULD,20.4,159,60.36666666666667,39,65.33333333333333,45,62.13333333333333,40,57.9,35,55.43333333333334,,,,
20:50:00,770116,210,E,ML,34.234317,-118.286992,LA TUNA CANYON,14.39,93,65.43333333333334,25,70.8,31,67.5,22,61.06666666666666,16,59.43333333333334,,,,
20:50:00,770385,210,E,ML,34.206925,-118.21372,EB/NB 2 TO EB 210 CN,19.08,108,66.33333333333333,25,74.3,25,66.93333333333334,33,61.5,26,60.03333333333333,,,,
20:50:00,770578,210,E,ML,34.156489,-118.158295,WINONA WAY,24.442,38,68.8,24,70.83333333333333,14,65.23333333333333,,,,,,,,
20:55:00,717617,210,E,ML,34.179921,-118.167405,ARROYO,22.6,126,60.53333333333334,30,65.63333333333334,36,62.333333333333336,32,58.4,28,55.46666666666667,,,,
20:55:00,717620,210,E,ML,34.174756,-118.160407,LINCOLN 1,23.14,98,64.13333333333334,17,72.60000000000001,30,68.0,29,58.56666666666666,23,56.333333333333336,,,,
20:55:00,717625,210,E,ML,34.160546,-118.158748,MOUNTAIN 2,24.16,138,62.76666666666667,36,68.16666666666667,18,69.10000000000001,24,66.73333333333333,61,56.56666666666666,,,,
20:55:00,717628,210,E,ML,34.152216,-118.156144,WALNUT,24.81,26,65.33333333333333,26,65.33333333333333,,,,,,,,,,
20:55:00,717631,210,E,ML,34.15099,-118.152369,FAIR OAKS 1,25.12,66,65.0,14,70.4,20,66.8,18,63.4,14,59.1,,,,
20:55:00,717633,210,E,ML,34.151691,-118.142523,MARENGO,25.72,484,66.2,82,71.8,96,69.4,83,67.6,85,64.9,78,60.5,60,60.5
20:55:00,717635,210,E,ML,34.151658,-118.12944,LAKE 2,26.47,407,66.89999999999999,80,72.26666666666667,79,70.39999999999999,78,67.13333333333334,72,65.36666666666666,100,60.7,,
20:55:00,717638,210,E,ML,34.152187,-118.117782,HILL 1,27.14,411,69.8,93,72.53333333333335,89,72.03333333333335,74,71.39999999999999,77,69.0,78,62.9,,
20:55:00,717640,210,E,ML,34.152301,-118.109239,ALLEN,27.63,372,66.53333333333335,35,76.56666666666666,90,71.23333333333333,90,68.83333333333333,77,62.43333333333333,80,58.2,,
20:55:00,717646,210,E,ML,34.151406,-118.091041,SAN GABRIEL,28.68,386,66.2,91,74.39999999999999,94,67.39999999999999,67,65.76666666666667,67,60.46666666666667,67,59.36666666666667,,
20:55:00,717650,210,E,ML,34.147621,-118.079037,SIERRA MADRE V2,29.44,361,64.83333333333333,105,71.56666666666666,82,68.03333333333333,69,59.56666666666666,60,53.8,45,64.16666666666667,,
20:55:00,761093,210,E,HV,34.151691,-118.142523,MARENGO,25.72,66,64.9,66,64.9,,,,,,,,,,
20:55:00,761098,210,E,HV,34.151658,-118.12944,LAKE 2,26.47,66,64.9,66,64.9,,,,,,,,,,
20:55:00,761102,210,E,HV,34.152187,-118.117782,HILL 1,27.14,34,64.89999999999999,34,64.89999999999999,,,,,,,,,,
20:55:00,761105,210,E,HV,34.152301,-118.109239,ALLEN,27.63,87,64.23333333333333,87,64.23333333333333,,,,,,,,,,
20:55:00,761109,210,E,HV,34.151406,-118.091041,SAN GABRIEL,28.68,35,65.10000000000001,35,65.10000000000001,,,,,,,,,,
20:55:00,761112,210,E,HV,34.147621,-118.079037,SIERRA MADRE V2,29.44,34,63.9,34,63.9,,,,,,,,,,
20:55:00,763614,210,E,HV,34.15099,-118.152369,FAIR OAKS 1,25.12,66,64.9,66,64.9,,,,,,,,,,
20:55:00,769788,210,E,ML,34.189219,-118.180753,BERKSHIRE,21.58,169,63.03333333333334,40,68.46666666666667,47,65.2,43,60.53333333333333,40,57.93333333333334,,,,
20:55:00,769806,210,E,ML,34.196934,-118.185042,FOOTHILL,20.98,136,63.23333333333333,37,64.63333333333333,31,69.83333333333333,40,66.0,28,52.23333333333333,,,,
20:55:00,769819,210,E,ML,34.205892,-118.198234,ANGELES CREST HWY NB,19.98,66,65.0,14,70.4,20,66.8,18,63.4,14,59.1,,,,
20:55:00,769831,210,E,ML,34.206745,-118.201533,ANGELES CREST HWY SB,19.78,168,63.633333333333326,40,68.96666666666667,48,65.73333333333333,42,61.13333333333333,38,58.3,,,,
20:55:00,769847,210,E,ML,34.211728,-118.228265,OCEAN VIEW,18.18,95,66.86666666666667,20,74.56666666666666,31,70.10000000000001,27,64.13333333333334,18,57.46666666666667,,,,
20:55:00,769866,210,E,ML,34.218398,-118.239738,LA CRESCENTA,17.38,146,62.93333333333334,27,74.36666666666667,30,69.93333333333334,34,56.76666666666667,55,57.4,,,,
20:55:00,769880,210,E,ML,34.221426,-118.245718,PENNSYLVANIA,16.98,125,63.6,27,65.0,32,66.46666666666667,43,63.63333333333333,24,62.66666666666666,,,,
20:55:00,769895,210,E,ML,34.230849,-118.265101,LOWELL / HONOLULU,15.68,136,63.3,36,70.63333333333334,41,67.5,34,57.833333333333336,25,54.13333333333333,,,,
20:55:00,769984,210,E,ML,34.202989,-118.191827,GOULD,20.4,169,63.0,40,68.4,47,65.03333333333335,42,60.63333333333333,40,58.0,,,,
20:55:00,770116,210,E,ML,34.234317,-118.286992,LA TUNA CANYON,14.39,104,65.06666666666666,29,70.66666666666667,34,67.3,24,59.8,17,59.16666666666666,,,,
20:55:00,770385,210,E,ML,34.206925,-118.21372,EB/NB 2 TO EB 210 CN,19.08,122,65.2,21,74.63333333333334,36,68.66666666666667,31,56.36666666666667,34,62.23333333333333,,,,
20:55:00,770578,210,E,ML,34.156489,-118.158295,WINONA WAY,24.442,39,68.43333333333334,23,70.53333333333333,16,65.13333333333333,,,,,,,,
21:00:00,717617,210,E,ML,34.179921,-118.167405,ARROYO,22.6,120,59.96666666666667,28,64.93333333333334,34,61.66666666666666,30,58.13333333333333,28,55.16666666666666,,,,
21:00:00,717620,210,E,ML,34.174756,-118.160407,LINCOLN 1,23.14,91,63.76666666666667,11,72.93333333333332,30,67.63333333333333,30,61.76666666666667,20,55.0,,,,
21:00:00,717625,210,E,ML,34.160546,-118.158748,MOUNTAIN 2,24.16,108,64.33333333333333,34,67.16666666666667,9,69.96666666666667,12,66.83333333333333,53,60.56666666666666,,,,
21:00:00,717628,210,E,ML,34.152216,-118.156144,WALNUT,24.81,22,65.3,22,65.3,,,,,,,,,,
21:00:00,717631,210,E,ML,34.15099,-118.152369,FAIR OAKS 1,25.12,63,64.9,13,70.4,19,66.8,17,63.4,14,59.1,,,,
21:00:00,717633,210,E,ML,34.151691,-118.142523,MARENGO,25.72,476,67.9,81,73.6,94,71.2,82,69.3,84,66.6,76,62.1,59,62.1
21:00:00,717635,210,E,ML,34.151658,-118.12944,LAKE 2,26.47,398,67.0,78,72.36666666666666,77,70.53333333333335,76,67.26666666666667,70,65.5,98,60.8,,
21:00:00,717638,210,E,ML,34.152187,-118.117782,HILL 1,27.14,375,70.5,78,72.83333333333333,79,71.8,67,71.23333333333333,77,68.8,75,67.86666666666666,,
21:00:00,717640,210,E,ML,34.152301,-118.109239,ALLEN,27.63,341,67.10000000000001,35,76.46666666666667,79,72.26666666666667,82,69.46666666666667,67,63.63333333333333,78,57.66666666666666,,
21:00:00,717646,210,E,ML,34.151406,-118.091041,SAN GABRIEL,28.68,355,68.56666666666666,77,75.3,87,69.86666666666666,63,66.63333333333334,65,62.46666666666666,63,66.5,,
21:00:00,717650,210,E,ML,34.147621,-118.079037,SIERRA MADRE V2,29.44,353,69.16666666666667,100,75.39999999999999,73,70.93333333333334,71,65.8,67,63.0,42,65.5,,
21:00:00,761093,210,E,HV,34.151691,-118.142523,MARENGO,25.72,63,64.9,63,64.9,,,,,,,,,,
21:00:00,761098,210,E,HV,34.151658,-118.12944,LAKE 2,26.47,63,64.9,63,64.9,,,,,,,,,,
21:00:00,761102,210,E,HV,34.152187,-118.117782,HILL 1,27.14,33,64.86666666666667,33,64.86666666666667,,,,,,,,,,
21:00:00,761105,210,E,HV,34.152301,-118.109239,ALLEN,27.63,81,65.06666666666666,81,65.06666666666666,,,,,,,,,,
21:00:00,761109,210,E,HV,34.151406,-118.091041,SAN GABRIEL,28.68,32,65.0,32,65.0,,,,,,,,,,
21:00:00,761112,210,E,HV,34.147621,-118.079037,SIERRA MADRE V2,29.44,31,64.16666666666667,31,64.16666666666667,,,,,,,,,,
21:00:00,763614,210,E,HV,34.15099,-118.152369,FAIR OAKS 1,25.12,63,64.9,63,64.9,,,,,,,,,,
21:00:00,769788,210,E,ML,34.189219,-118.180753,BERKSHIRE,21.58,196,64.60000000000001,48,70.0,55,66.7,48,61.93333333333334,45,59.2,,,,
21:00:00,769806,210,E,ML,34.196934,-118.185042,FOOTHILL,20.98,165,69.33333333333333,43,71.03333333333335,42,69.89999999999999,50,74.3,29,57.6,,,,
21:00:00,769819,210,E,ML,34.205892,-118.198234,ANGELES CREST HWY NB,19.98,63,64.9,13,70.4,19,66.8,17,63.4,14,59.1,,,,
21:00:00,769831,210,E,ML,34.206745,-118.201533,ANGELES CREST HWY SB,19.78,150,61.73333333333333,37,66.9,43,63.66666666666666,37,59.1,33,56.5,,,,
21:00:00,769847,210,E,ML,34.211728,-118.228265,OCEAN VIEW,18.18,102,67.46666666666667,26,74.53333333333335,31,70.86666666666666,26,63.06666666666667,19,58.3,,,,
21:00:00,769866,210,E,ML,34.218398,-118.239738,LA CRESCENTA,17.38,153,63.1,25,74.16666666666667,35,68.73333333333333,35,56.6,58,59.16666666666666,,,,
21:00:00,769880,210,E,ML,34.221426,-118.245718,PENNSYLVANIA,16.98,132,63.1,32,68.0,36,66.63333333333334,42,58.4,23,62.7,,,,
21:00:00,769895,210,E,ML,34.230849,-118.265101,LOWELL / HONOLULU,15.68,137,63.16666666666666,35,70.66666666666667,42,67.46666666666667,34,58.2,26,52.96666666666667,,,,
21:00:00,769984,210,E,ML,34.202989,-118.191827,GOULD,20.4,196,64.56666666666666,48,69.96666666666667,54,66.56666666666668,48,61.96666666666666,45,59.2,,,,
21:00:00,770116,210,E,ML,34.234317,-118.286992,LA TUNA CANYON,14.39,95,65.56666666666668,26,71.2,31,67.76666666666667,22,60.76666666666667,16,59.43333333333334,,,,
21:00:00,770385,210,E,ML,34.206925,-118.21372,EB/NB 2 TO EB 210 CN,19.08,116,65.43333333333334,25,74.39999999999999,39,69.83333333333333,24,56.5,28,61.5,,,,
21:00:00,770578,210,E,ML,34.156489,-118.158295,WINONA WAY,24.442,32,68.66666666666667,21,70.56666666666666,11,65.10000000000001,,,,,,,,
21:05:00,717617,210,E,ML,34.179921,-118.167405,ARROYO,22.6,130,62.53333333333333,31,67.7,37,64.33333333333333,33,60.36666666666667,29,57.23333333333333,,,,
21:05:00,717620,210,E,ML,34.174756,-118.160407,LINCOLN 1,23.14,102,63.6,10,73.10000000000001,34,68.83333333333333,34,60.6,25,57.63333333333333,,,,
21:05:00,717625,210,E,ML,34.160546,-118.158748,MOUNTAIN 2,24.16,116,65.23333333333333,36,67.2,13,69.93333333333334,10,66.63333333333334,57,62.23333333333333,,,,
21:05:00,717628,210,E,ML,34.152216,-118.156144,WALNUT,24.81,25,65.2,25,65.2,,,,,,,,,,
21:05:00,717631,210,E,ML,34.15099,-118.152369,FAIR OAKS 1,25.12,63,65.0,13,70.5,19,66.9,17,63.5,14,59.20000000000001,,,,
21:05:00,717633,210,E,ML,34.151691,-118.142523,MARENGO,25.72,477,68.7,81,74.5,94,72.1,82,70.1,84,67.4,77,62.79999999999999,59,62.79999999999999
21:05:00,717635,210,E,ML,34.151658,-118.12944,LAKE 2,26.47,380,66.93333333333334,75,72.3,73,70.46666666666665,72,67.2,67,65.43333333333334,93,60.73333333333333,,
21:05:00,717638,210,E,ML,34.152187,-118.117782,HILL 1,27.14,397,70.63333333333334,86,73.3,94,71.7,73,71.3,75,68.56666666666666,68,67.23333333333333,,
21:05:00,717640,210,E,ML,34.152301,-118.109239,ALLEN,27.63,363,68.33333333333333,27,76.46666666666665,89,72.5,86,69.13333333333334,80,66.66666666666667,80,61.6,,
21:05:00,717646,210,E,ML,34.151406,-118.091041,SAN GABRIEL,28.68,391,69.93333333333334,94,75.8,92,69.46666666666667,76,68.60000000000001,64,67.43333333333334,65,66.2,,
21:05:00,717650,210,E,ML,34.147621,-118.079037,SIERRA MADRE V2,29.44,359,69.03333333333333,106,74.33333333333333,82,70.33333333333333,70,66.13333333333333,63,64.43333333333334,39,64.56666666666666,,
21:05:00,761093,210,E,HV,34.151691,-118.142523,MARENGO,25.72,62,65.0,62,65.0,,,,,,,,,,
21:05:00,761098,210,E,HV,34.151658,-118.12944,LAKE 2,26.47,62,65.0,62,65.0,,,,,,,,,,
21:05:00,761102,210,E,HV,34.152187,-118.117782,HILL 1,27.14,29,64.89999999999999,29,64.89999999999999,,,,,,,,,,
21:05:00,761105,210,E,HV,34.152301,-118.109239,ALLEN,27.63,83,63.6,83,63.6,,,,,,,,,,
21:05:00,761109,210,E,HV,34.151406,-118.091041,SAN GABRIEL,28.68,30,64.93333333333334,30,64.93333333333334,,,,,,,,,,
21:05:00,761112,210,E,HV,34.147621,-118.079037,SIERRA MADRE V2,29.44,27,64.03333333333333,27,64.03333333333333,,,,,,,,,,
21:05:00,763614,210,E,HV,34.15099,-118.152369,FAIR OAKS 1,25.12,62,65.0,62,65.0,,,,,,,,,,
21:05:00,769788,210,E,ML,34.189219,-118.180753,BERKSHIRE,21.58,168,63.833333333333336,42,68.93333333333334,48,65.73333333333333,41,61.13333333333333,36,58.4,,,,
21:05:00,769806,210,E,ML,34.196934,-118.185042,FOOTHILL,20.98,137,66.7,34,68.36666666666666,43,70.0,29,63.86666666666667,31,62.633333333333326,,,,
21:05:00,769819,210,E,ML,34.205892,-118.198234,ANGELES CREST HWY NB,19.98,63,65.0,13,70.5,19,66.9,17,63.5,14,59.20000000000001,,,,
21:05:00,769831,210,E,ML,34.206745,-118.201533,ANGELES CREST HWY SB,19.78,181,62.93333333333334,45,68.23333333333333,51,64.93333333333334,45,60.26666666666667,41,57.66666666666666,,,,
21:05:00,769847,210,E,ML,34.211728,-118.228265,OCEAN VIEW,18.18,95,68.63333333333334,17,74.63333333333333,29,71.33333333333333,27,68.93333333333334,22,60.16666666666666,,,,
21:05:00,769866,210,E,ML,34.218398,-118.239738,LA CRESCENTA,17.38,134,64.7,19,74.43333333333334,28,70.33333333333333,32,63.36666666666667,55,59.66666666666666,,,,
21:05:00,769880,210,E,ML,34.221426,-118.245718,PENNSYLVANIA,16.98,118,64.46666666666665,36,67.2,27,67.5,39,59.96666666666667,16,62.833333333333336,,,,
21:05:00,769895,210,E,ML,34.230849,-118.265101,LOWELL / HONOLULU,15.68,122,64.56666666666666,30,70.93333333333334,36,68.13333333333334,32,63.36666666666667,25,54.6,,,,
21:05:00,769984,210,E,ML,34.202989,-118.191827,GOULD,20.4,169,63.833333333333336,43,68.93333333333334,48,65.63333333333333,41,61.23333333333333,37,58.5,,,,
21:05:00,770116,210,E,ML,34.234317,-118.286992,LA TUNA CANYON,14.39,97,64.06666666666666,26,69.06666666666666,32,66.13333333333334,23,59.6,17,59.06666666666666,,,,
21:05:00,770385,210,E,ML,34.206925,-118.21372,EB/NB 2 TO EB 210 CN,19.08,133,65.5,24,74.73333333333333,39,71.83333333333333,44,56.7,27,61.56666666666666,,,,
21:05:00,770578,210,E,ML,34.156489,-118.158295,WINONA WAY,24.442,38,68.06666666666666,23,70.33333333333333,15,65.0,,,,,,,,
21:10:00,717617,210,E,ML,34.179921,-118.167405,ARROYO,22.6,123,62.36666666666667,29,67.5,36,64.16666666666667,31,60.2,27,57.1,,,,
21:10:00,717620,210,E,ML,34.174756,-118.160407,LINCOLN 1,23.14,94,63.23333333333333,12,73.2,26,67.89999999999999,28,56.43333333333334,27,61.6,,,,
21:10:00,717625,210,E,ML,34.160546,-118.158748,MOUNTAIN 2,24.16,108,64.46666666666667,34,67.10000000000001,14,69.56666666666666,8,66.89999999999999,51,60.4,,,,
21:10:00,717628,210,E,ML,34.152216,-118.156144,WALNUT,24.81,20,65.13333333333334,20,65.13333333333334,,,,,,,,,,
21:10:00,717631,210,E,ML,34.15099,-118.152369,FAIR OAKS 1,25.12,61,65.1,13,70.5,19,66.9,16,63.5,13,59.20000000000001,,,,
21:10:00,717633,210,E,ML,34.151691,-118.142523,MARENGO,25.72,479,69.1,81,75.0,95,72.5,82,70.5,84,67.8,77,63.20000000000001,60,63.20000000000001
21:10:00,717635,210,E,ML,34.151658,-118.12944,LAKE 2,26.47,401,66.7,79,72.03333333333335,77,70.16666666666667,76,66.93333333333334,71,65.13333333333334,98,60.5,,
21:10:00,717638,210,E,ML,34.152187,-118.117782,HILL 1,27.14,386,70.16666666666667,77,74.36666666666666,78,71.8,76,71.43333333333334,77,68.43333333333334,79,65.03333333333333,,
21:10:00,717640,210,E,ML,34.152301,-118.109239,ALLEN,27.63,346,68.39999999999999,30,76.26666666666667,75,72.89999999999999,88,70.13333333333333,71,66.46666666666665,82,61.333333333333336,,
21:10:00,717646,210,E,ML,34.151406,-118.091041,SAN GABRIEL,28.68,380,70.10000000000001,89,75.56666666666666,93,71.2,70,69.23333333333333,66,67.2,62,63.93333333333334,,
21:10:00,717650,210,E,ML,34.147621,-118.079037,SIERRA MADRE V2,29.44,358,70.0,104,74.33333333333333,85,71.33333333333333,67,67.06666666666666,62,68.2,41,63.833333333333336,,
21:10:00,761093,210,E,HV,34.151691,-118.142523,MARENGO,25.72,61,65.0,61,65.0,,,,,,,,,,
21:10:00,761098,210,E,HV,34.151658,-118.12944,LAKE 2,26.47,61,65.0,61,65.0,,,,,,,,,,
21:10:00,761102,210,E,HV,34.152187,-118.117782,HILL 1,27.14,29,65.0,29,65.0,,,,,,,,,,
21:10:00,761105,210,E,HV,34.152301,-118.109239,ALLEN,27.63,84,62.86666666666667,84,62.86666666666667,,,,,,,,,,
21:10:00,761109,210,E,HV,34.151406,-118.091041,SAN GABRIEL,28.68,31,64.76666666666667,31,64.76666666666667,,,,,,,,,,
21:10:00,761112,210,E,HV,34.147621,-118.079037,SIERRA MADRE V2,29.44,28,64.16666666666667,28,64.16666666666667,,,,,,,,,,
21:10:00,763614,210,E,HV,34.15099,-118.152369,FAIR OAKS 1,25.12,61,65.0,61,65.0,,,,,,,,,,
21:10:00,769788,210,E,ML,34.189219,-118.180753,BERKSHIRE,21.58,157,63.26666666666667,38,68.56666666666666,45,65.26666666666667,39,60.53333333333333,35,57.86666666666667,,,,
21:10:00,769806,210,E,ML,34.196934,-118.185042,FOOTHILL,20.98,127,67.06666666666666,34,68.5,33,70.4,35,68.03333333333333,25,58.56666666666666,,,,
21:10:00,769819,210,E,ML,34.205892,-118.198234,ANGELES CREST HWY NB,19.98,61,65.1,13,70.5,19,66.9,16,63.5,13,59.20000000000001,,,,
21:10:00,769831,210,E,ML,34.206745,-118.201533,ANGELES CREST HWY SB,19.78,140,63.3,33,68.73333333333333,41,65.33333333333333,35,60.7,31,58.03333333333333,,,,
21:10:00,769847,210,E,ML,34.211728,-118.228265,OCEAN VIEW,18.18,84,68.23333333333333,17,74.76666666666667,26,70.73333333333333,22,68.2,19,59.76666666666667,,,,
21:10:00,769866,210,E,ML,34.218398,-118.239738,LA CRESCENTA,17.38,139,65.3,17,74.66666666666667,33,70.13333333333334,31,61.3,57,61.76666666666667,,,,
21:10:00,769880,210,E,ML,34.221426,-118.245718,PENNSYLVANIA,16.98,120,64.93333333333334,29,72.39999999999999,29,67.16666666666667,42,60.2,20,62.73333333333333,,,,
21:10:00,769895,210,E,ML,34.230849,-118.265101,LOWELL / HONOLULU,15.68,131,63.900000000000006,30,70.60000000000001,41,67.73333333333333,33,58.76666666666667,27,57.26666666666667,,,,
21:10:00,769984,210,E,ML,34.202989,-118.191827,GOULD,20.4,160,63.26666666666667,39,68.56666666666666,45,65.23333333333333,40,60.6,36,57.96666666666667,,,,
21:10:00,770116,210,E,ML,34.234317,-118.286992,LA TUNA CANYON,14.39,101,64.7,28,69.8,33,66.73333333333333,23,60.23333333333333,17,59.26666666666667,,,,
21:10:00,770385,210,E,ML,34.206925,-118.21372,EB/NB 2 TO EB 210 CN,19.08,85,66.3,8,74.76666666666667,24,71.63333333333334,28,64.43333333333334,25,61.3,,,,
21:10:00,770578,210,E,ML,34.156489,-118.158295,WINONA WAY,24.442,30,68.60000000000001,21,70.33333333333333,9,64.89999999999999,,,,,,,,
21:15:00,717617,210,E,ML,34.179921,-118.167405,ARROYO,22.6,137,62.0,34,67.10000000000001,39,63.76666666666667,34,59.8,31,56.76666666666667,,,,
21:15:00,717620,210,E,ML,34.174756,-118.160407,LINCOLN 1,23.14,108,62.93333333333334,13,73.06666666666666,28,68.36666666666666,36,59.2,32,58.06666666666666,,,,
21:15:00,717625,210,E,ML,34.160546,-118.158748,MOUNTAIN 2,24.16,114,67.39999999999999,39,67.63333333333334,10,70.26666666666667,11,67.0,55,66.3,,,,
21:15:00,717628,210,E,ML,34.152216,-118.156144,WALNUT,24.81,20,65.13333333333334,20,65.13333333333334,,,,,,,,,,
21:15:00,717631,210,E,ML,34.15099,-118.152369,FAIR OAKS 1,25.12,60,65.1,13,70.5,18,66.9,16,63.5,13,59.20000000000001,,,,
21:15:00,717633,210,E,ML,34.151691,-118.142523,MARENGO,25.72,482,69.4,82,75.3,95,72.8,83,70.9,85,68.1,77,63.5,60,63.5
21:15:00,717635,210,E,ML,34.151658,-118.12944,LAKE 2,26.47,372,67.2,73,72.6,71,70.73333333333333,71,67.4,66,65.8,92,61.0,,
21:15:00,717638,210,E,ML,34.152187,-118.117782,HILL 1,27.14,356,70.63333333333333,70,73.56666666666666,79,71.7,69,71.36666666666666,70,68.66666666666667,69,67.63333333333334,,
21:15:00,717640,210,E,ML,34.152301,-118.109239,ALLEN,27.63,335,69.33333333333333,36,76.3,69,72.73333333333333,77,70.2,79,70.3,74,60.56666666666667,,
21:15:00,717646,210,E,ML,34.151406,-118.091041,SAN GABRIEL,28.68,347,69.89999999999999,74,75.36666666666666,84,72.66666666666667,65,67.93333333333332,64,66.3,61,65.03333333333333,,
21:15:00,717650,210,E,ML,34.147621,-118.079037,SIERRA MADRE V2,29.44,339,69.83333333333333,96,74.96666666666667,75,71.56666666666666,68,66.83333333333333,60,66.26666666666667,39,63.1,,
21:15:00,761093,210,E,HV,34.151691,-118.142523,MARENGO,25.72,60,65.0,60,65.0,,,,,,,,,,
21:15:00,761098,210,E,HV,34.151658,-118.12944,LAKE 2,26.47,60,65.0,60,65.0,,,,,,,,,,
21:15:00,761102,210,E,HV,34.152187,-118.117782,HILL 1,27.14,35,64.93333333333334,35,64.93333333333334,,,,,,,,,,
21:15:00,761105,210,E,HV,34.152301,-118.109239,ALLEN,27.63,81,63.6,81,63.6,,,,,,,,,,
21:15:00,761109,210,E,HV,34.151406,-118.091041,SAN GABRIEL,28.68,32,64.89999999999999,32,64.89999999999999,,,,,,,,,,
21:15:00,761112,210,E,HV,34.147621,-118.079037,SIERRA MADRE V2,29.44,28,64.5,28,64.5,,,,,,,,,,
21:15:00,763614,210,E,HV,34.15099,-118.152369,FAIR OAKS 1,25.12,60,65.0,60,65.0,,,,,,,,,,
21:15:00,769788,210,E,ML,34.189219,-118.180753,BERKSHIRE,21.58,163,64.36666666666666,39,69.73333333333333,46,66.46666666666665,40,61.866666666666674,38,59.06666666666666,,,,
21:15:00,769806,210,E,ML,34.196934,-118.185042,FOOTHILL,20.98,125,68.83333333333333,33,69.3,35,70.93333333333334,39,72.83333333333333,19,55.29999999999999,,,,
21:15:00,769819,210,E,ML,34.205892,-118.198234,ANGELES CREST HWY NB,19.98,60,65.1,13,70.5,18,66.9,16,63.5,13,59.20000000000001,,,,
21:15:00,769831,210,E,ML,34.206745,-118.201533,ANGELES CREST HWY SB,19.78,145,65.53333333333335,37,70.8,43,67.39999999999999,36,62.6,30,59.8,,,,
21:15:00,769847,210,E,ML,34.211728,-118.228265,OCEAN VIEW,18.18,106,67.39999999999999,28,74.60000000000001,29,70.89999999999999,30,62.6,20,58.833333333333336,,,,
21:15:00,769866,210,E,ML,34.218398,-118.239738,LA CRESCENTA,17.38,175,62.73333333333333,29,74.86666666666666,33,70.96666666666667,46,57.23333333333333,68,57.4,,,,
21:15:00,769880,210,E,ML,34.221426,-118.245718,PENNSYLVANIA,16.98,136,63.6,33,69.46666666666667,33,67.5,45,58.13333333333333,26,62.76666666666667,,,,
21:15:00,769895,210,E,ML,34.230849,-118.265101,LOWELL / HONOLULU,15.68,138,64.26666666666667,34,70.86666666666666,43,67.06666666666666,34,60.06666666666666,27,56.9,,,,
21:15:00,769984,210,E,ML,34.202989,-118.191827,GOULD,20.4,164,64.3,39,69.63333333333334,46,66.3,41,61.866666666666674,38,59.1,,,,
21:15:00,770116,210,E,ML,34.234317,-118.286992,LA TUNA CANYON,14.39,98,64.56666666666666,27,70.13333333333334,32,66.9,23,59.16666666666666,17,58.93333333333334,,,,
21:15:00,770385,210,E,ML,34.206925,-118.21372,EB/NB 2 TO EB 210 CN,19.08,115,69.89999999999999,25,74.60000000000001,41,72.03333333333333,22,67.5,27,62.5,,,,
21:15:00,770578,210,E,ML,34.156489,-118.158295,WINONA WAY,24.442,26,68.8,18,70.63333333333333,8,64.89999999999999,,,,,,,,
21:20:00,717617,210,E,ML,34.179921,-118.167405,ARROYO,22.6,125,62.0,30,67.2,35,63.866666666666674,31,59.8,28,56.7,,,,
21:20:00,717620,210,E,ML,34.174756,-118.160407,LINCOLN 1,23.14,108,65.7,18,72.8,31,69.2,33,64.73333333333333,26,56.06666666666666,,,,
21:20:00,717625,210,E,ML,34.160546,-118.158748,MOUNTAIN 2,24.16,116,67.46666666666667,37,68.5,17,70.23333333333333,11,67.10000000000001,50,65.16666666666667,,,,
21:20:00,717628,210,E,ML,34.152216,-118.156144,WALNUT,24.81,21,65.2,21,65.2,,,,,,,,,,
21:20:00,717631,210,E,ML,34.15099,-118.152369,FAIR OAKS 1,25.12,59,65.1,12,70.6,18,67.0,16,63.6,13,59.20000000000001,,,,
21:20:00,717633,210,E,ML,34.151691,-118.142523,MARENGO,25.72,481,69.6,81,75.5,95,73.0,83,71.1,85,68.3,77,63.70000000000001,60,63.70000000000001
21:20:00,717635,210,E,ML,34.151658,-118.12944,LAKE 2,26.47,414,67.43333333333334,81,72.83333333333333,80,71.03333333333333,79,67.63333333333333,73,65.96666666666665,101,61.13333333333333,,
21:20:00,717638,210,E,ML,34.152187,-118.117782,HILL 1,27.14,398,71.53333333333333,82,73.7,88,72.43333333333334,72,71.63333333333334,79,68.76666666666667,77,71.0,,
21:20:00,717640,210,E,ML,34.152301,-118.109239,ALLEN,27.63,360,69.13333333333333,30,76.33333333333333,83,72.56666666666668,91,70.76666666666667,75,69.3,81,61.0,,
21:20:00,717646,210,E,ML,34.151406,-118.091041,SAN GABRIEL,28.68,377,71.83333333333333,86,75.06666666666666,85,72.89999999999999,74,71.0,68,71.2,64,67.46666666666667,,
21:20:00,717650,210,E,ML,34.147621,-118.079037,SIERRA MADRE V2,29.44,366,71.7,109,76.16666666666667,77,73.5,77,69.83333333333333,63,67.16666666666667,39,65.2,,
21:20:00,761093,210,E,HV,34.151691,-118.142523,MARENGO,25.72,59,65.1,59,65.1,,,,,,,,,,
21:20:00,761098,210,E,HV,34.151658,-118.12944,LAKE 2,26.47,59,65.1,59,65.1,,,,,,,,,,
21:20:00,761102,210,E,HV,34.152187,-118.117782,HILL 1,27.14,32,64.93333333333334,32,64.93333333333334,,,,,,,,,,
21:20:00,761105,210,E,HV,34.152301,-118.109239,ALLEN,27.63,90,64.16666666666667,90,64.16666666666667,,,,,,,,,,
21:20:00,761109,210,E,HV,34.151406,-118.091041,SAN GABRIEL,28.68,29,64.76666666666667,29,64.76666666666667,,,,,,,,,,
21:20:00,761112,210,E,HV,34.147621,-118.079037,SIERRA MADRE V2,29.44,29,64.2,29,64.2,,,,,,,,,,
21:20:00,763614,210,E,HV,34.15099,-118.152369,FAIR OAKS 1,25.12,59,65.1,59,65.1,,,,,,,,,,
21:20:00,769788,210,E,ML,34.189219,-118.180753,BERKSHIRE,21.58,169,64.83333333333333,42,70.26666666666667,48,66.86666666666667,42,62.03333333333333,38,59.333333333333336,,,,
21:20:00,769806,210,E,ML,34.196934,-118.185042,FOOTHILL,20.98,146,68.03333333333335,38,69.16666666666667,39,71.3,40,66.7,29,61.333333333333336,,,,
21:20:00,769819,210,E,ML,34.205892,-118.198234,ANGELES CREST HWY NB,19.98,59,65.1,12,70.6,18,67.0,16,63.6,13,59.20000000000001,,,,
21:20:00,769831,210,E,ML,34.206745,-118.201533,ANGELES CREST HWY SB,19.78,172,64.23333333333333,42,69.56666666666666,49,66.23333333333333,42,61.43333333333334,39,58.8,,,,
21:20:00,769847,210,E,ML,34.211728,-118.228265,OCEAN VIEW,18.18,94,67.5,22,74.7,26,70.89999999999999,29,62.833333333333336,18,60.8,,,,
21:20:00,769866,210,E,ML,34.218398,-118.239738,LA CRESCENTA,17.38,152,61.36666666666667,23,74.96666666666667,28,71.36666666666667,42,56.03333333333333,59,55.333333333333336,,,,
21:20:00,769880,210,E,ML,34.221426,-118.245718,PENNSYLVANIA,16.98,131,63.66666666666666,30,70.03333333333333,34,67.26666666666667,42,57.833333333333336,25,62.7,,,,
21:20:00,769895,210,E,ML,34.230849,-118.265101,LOWELL / HONOLULU,15.68,129,64.53333333333335,33,70.89999999999999,39,67.0,32,61.63333333333333,25,56.13333333333333,,,,
21:20:00,769984,210,E,ML,34.202989,-118.191827,GOULD,20.4,170,64.76666666666667,42,70.16666666666667,48,66.66666666666667,42,62.06666666666666,38,59.3,,,,
21:20:00,770116,210,E,ML,34.234317,-118.286992,LA TUNA CANYON,14.39,96,63.833333333333336,26,68.73333333333333,32,65.83333333333333,22,59.333333333333336,16,58.9,,,,
21:20:00,770385,210,E,ML,34.206925,-118.21372,EB/NB 2 TO EB 210 CN,19.08,129,70.03333333333335,19,74.7,38,70.43333333333334,43,69.13333333333334,29,65.60000000000001,,,,
21:20:00,770578,210,E,ML,34.156489,-118.158295,WINONA WAY,24.442,30,68.96666666666667,20,70.8,10,65.0,,,,,,,,
21:25:00,717617,210,E,ML,34.179921,-118.167405,ARROYO,22.6,138,64.3,33,69.60000000000001,39,66.23333333333333,35,62.26666666666666,32,58.9,,,,
21:25:00,717620,210,E,ML,34.174756,-118.160407,LINCOLN 1,23.14,116,65.96666666666667,16,72.93333333333334,30,66.8,41,65.66666666666667,29,61.56666666666666,,,,
21:25:00,717625,210,E,ML,34.160546,-118.158748,MOUNTAIN 2,24.16,109,65.83333333333333,39,68.06666666666666,8,70.39999999999999,11,67.13333333333334,52,62.26666666666667,,,,
21:25:00,717628,210,E,ML,34.152216,-118.156144,WALNUT,24.81,19,65.16666666666667,19,65.16666666666667,,,,,,,,,,
21:25:00,717631,210,E,ML,34.15099,-118.152369,FAIR OAKS 1,25.12,59,65.1,12,70.6,18,67.0,16,63.6,13,59.20000000000001,,,,
21:25:00,717633,210,E,ML,34.151691,-118.142523,MARENGO,25.72,465,69.6,79,75.5,92,73.0,80,71.1,82,68.3,74,63.70000000000001,58,63.70000000000001
21:25:00,717635,210,E,ML,34.151658,-118.12944,LAKE 2,26.47,379,67.3,74,72.7,73,70.89999999999999,72,67.5,67,65.86666666666666,93,61.03333333333333,,
21:25:00,717638,210,E,ML,34.152187,-118.117782,HILL 1,27.14,377,71.13333333333334,83,74.16666666666667,85,73.26666666666667,70,71.53333333333333,67,68.73333333333333,72,67.0,,
21:25:00,717640,210,E,ML,34.152301,-118.109239,ALLEN,27.63,339,68.96666666666667,29,76.2,81,73.3,86,70.43333333333334,71,69.96666666666665,72,58.5,,
21:25:00,717646,210,E,ML,34.151406,-118.091041,SAN GABRIEL,28.68,365,70.93333333333332,87,75.66666666666667,95,73.96666666666665,62,64.36666666666666,62,69.39999999999999,59,67.76666666666667,,
21:25:00,717650,210,E,ML,34.147621,-118.079037,SIERRA MADRE V2,29.44,328,71.3,100,76.76666666666667,76,73.23333333333333,66,68.46666666666667,54,65.46666666666665,33,64.46666666666665,,
21:25:00,761093,210,E,HV,34.151691,-118.142523,MARENGO,25.72,59,65.1,59,65.1,,,,,,,,,,
21:25:00,761098,210,E,HV,34.151658,-118.12944,LAKE 2,26.47,59,65.1,59,65.1,,,,,,,,,,
21:25:00,761102,210,E,HV,34.152187,-118.117782,HILL 1,27.14,30,64.96666666666667,30,64.96666666666667,,,,,,,,,,
21:25:00,761105,210,E,HV,34.152301,-118.109239,ALLEN,27.63,80,63.73333333333333,80,63.73333333333333,,,,,,,,,,
21:25:00,761109,210,E,HV,34.151406,-118.091041,SAN GABRIEL,28.68,33,64.93333333333334,33,64.93333333333334,,,,,,,,,,
21:25:00,761112,210,E,HV,34.147621,-118.079037,SIERRA MADRE V2,29.44,30,64.60000000000001,30,64.60000000000001,,,,,,,,,,
21:25:00,763614,210,E,HV,34.15099,-118.152369,FAIR OAKS 1,25.12,59,65.1,59,65.1,,,,,,,,,,
21:25:00,769788,210,E,ML,34.189219,-118.180753,BERKSHIRE,21.58,180,62.86666666666667,44,68.10000000000001,50,64.83333333333333,44,60.3,41,57.63333333333333,,,,
21:25:00,769806,210,E,ML,34.196934,-118.185042,FOOTHILL,20.98,154,68.86666666666667,41,70.56666666666666,40,71.39999999999999,45,67.06666666666666,28,64.10000000000001,,,,
21:25:00,769819,210,E,ML,34.205892,-118.198234,ANGELES CREST HWY NB,19.98,59,65.1,12,70.6,18,67.0,16,63.6,13,59.20000000000001,,,,
21:25:00,769831,210,E,ML,34.206745,-118.201533,ANGELES CREST HWY SB,19.78,142,62.9,33,68.23333333333333,42,64.93333333333334,37,60.23333333333333,31,57.7,,,,
21:25:00,769847,210,E,ML,34.211728,-118.228265,OCEAN VIEW,18.18,84,66.2,15,74.63333333333333,27,71.23333333333333,22,60.9,20,58.96666666666667,,,,
21:25:00,769866,210,E,ML,34.218398,-118.239738,LA CRESCENTA,17.38,137,63.06666666666666,17,74.86666666666666,31,70.16666666666667,32,63.43333333333334,56,55.56666666666666,,,,
21:25:00,769880,210,E,ML,34.221426,-118.245718,PENNSYLVANIA,16.98,114,63.06666666666666,25,67.66666666666667,30,67.3,39,57.93333333333334,20,62.76666666666667,,,,
21:25:00,769895,210,E,ML,34.230849,-118.265101,LOWELL / HONOLULU,15.68,126,65.23333333333333,30,71.03333333333333,40,68.13333333333334,33,63.03333333333333,23,55.93333333333334,,,,
21:25:00,769984,210,E,ML,34.202989,-118.191827,GOULD,20.4,181,62.9,45,68.06666666666666,50,64.76666666666667,45,60.4,42,57.7,,,,
21:25:00,770116,210,E,ML,34.234317,-118.286992,LA TUNA CANYON,14.39,90,65.33333333333333,24,70.63333333333333,30,67.36666666666667,21,60.9,15,59.5,,,,
21:25:00,770385,210,E,ML,34.206925,-118.21372,EB/NB 2 TO EB 210 CN,19.08,90,66.06666666666666,14,74.83333333333333,24,70.86666666666667,25,59.3,28,64.3,,,,
21:25:00,770578,210,E,ML,34.156489,-118.158295,WINONA WAY,24.442,22,68.8,15,70.89999999999999,8,64.96666666666667,,,,,,,,
21:30:00,717617,210,E,ML,34.179921,-118.167405,ARROYO,22.6,146,62.79999999999999,35,68.03333333333333,41,64.63333333333334,36,60.66666666666666,33,57.53333333333334,,,,
21:30:00,717620,210,E,ML,34.174756,-118.160407,LINCOLN 1,23.14,120,66.3,19,73.43333333333334,36,66.83333333333333,40,65.63333333333334,25,61.06666666666666,,,,
21:30:00,717625,210,E,ML,34.160546,-118.158748,MOUNTAIN 2,24.16,122,65.36666666666666,39,68.0,13,70.73333333333333,15,67.13333333333334,55,60.76666666666667,,,,
21:30:00,717628,210,E,ML,34.152216,-118.156144,WALNUT,24.81,21,65.16666666666667,21,65.16666666666667,,,,,,,,,,
21:30:00,717631,210,E,ML,34.15099,-118.152369,FAIR OAKS 1,25.12,59,65.1,12,70.6,18,67.0,16,63.6,13,59.20000000000001,,,,
21:30:00,717633,210,E,ML,34.151691,-118.142523,MARENGO,25.72,458,69.8,78,75.7,90,73.2,79,71.3,81,68.5,73,63.79999999999999,57,63.79999999999999
21:30:00,717635,210,E,ML,34.151658,-118.12944,LAKE 2,26.47,330,67.53333333333335,66,72.89999999999999,62,71.16666666666667,62,67.73333333333333,58,66.06666666666666,82,61.2,,
21:30:00,717638,210,E,ML,34.152187,-118.117782,HILL 1,27.14,336,71.26666666666667,69,74.33333333333333,72,73.36666666666667,69,71.7,61,68.86666666666666,65,67.5,,
21:30:00,717640,210,E,ML,34.152301,-118.109239,ALLEN,27.63,302,69.23333333333333,22,76.36666666666666,70,73.5,77,71.46666666666667,65,70.10000000000001,69,59.1,,
21:30:00,717646,210,E,ML,34.151406,-118.091041,SAN GABRIEL,28.68,330,71.8,73,76.53333333333335,85,74.60000000000001,62,69.86666666666666,55,65.73333333333333,54,69.33333333333333,,
21:30:00,717650,210,E,ML,34.147621,-118.079037,SIERRA MADRE V2,29.44,321,71.26666666666667,83,75.86666666666667,72,73.03333333333333,68,72.46666666666667,61,65.60000000000001,38,64.23333333333333,,
21:30:00,761093,210,E,HV,34.151691,-118.142523,MARENGO,25.72,58,65.1,58,65.1,,,,,,,,,,
21:30:00,761098,210,E,HV,34.151658,-118.12944,LAKE 2,26.47,58,65.1,58,65.1,,,,,,,,,,
21:30:00,761102,210,E,HV,34.152187,-118.117782,HILL 1,27.14,24,64.9,24,64.9,,,,,,,,,,
21:30:00,761105,210,E,HV,34.152301,-118.109239,ALLEN,27.63,74,64.8,74,64.8,,,,,,,,,,
21:30:00,761109,210,E,HV,34.151406,-118.091041,SAN GABRIEL,28.68,25,65.0,25,65.0,,,,,,,,,,
21:30:00,761112,210,E,HV,34.147621,-118.079037,SIERRA MADRE V2,29.44,24,64.63333333333333,24,64.63333333333333,,,,,,,,,,
21:30:00,763614,210,E,HV,34.15099,-118.152369,FAIR OAKS 1,25.12,58,65.1,58,65.1,,,,,,,,,,
21:30:00,769788,210,E,ML,34.189219,-118.180753,BERKSHIRE,21.58,162,63.63333333333333,38,68.96666666666667,46,65.73333333333333,40,61.06666666666666,37,58.4,,,,
21:30:00,769806,210,E,ML,34.196934,-118.185042,FOOTHILL,20.98,137,68.03333333333335,37,70.86666666666667,33,69.2,44,66.39999999999999,23,65.46666666666667,,,,
21:30:00,769819,210,E,ML,34.205892,-118.198234,ANGELES CREST HWY NB,19.98,59,65.1,12,70.6,18,67.0,16,63.6,13,59.20000000000001,,,,
21:30:00,769831,210,E,ML,34.206745,-118.201533,ANGELES CREST HWY SB,19.78,138,64.73333333333333,32,70.3,40,66.89999999999999,34,62.06666666666666,32,59.36666666666667,,,,
21:30:00,769847,210,E,ML,34.211728,-118.228265,OCEAN VIEW,18.18,96,66.23333333333333,22,74.56666666666666,28,71.23333333333333,26,60.66666666666666,20,58.06666666666666,,,,
21:30:00,769866,210,E,ML,34.218398,-118.239738,LA CRESCENTA,17.38,163,62.6,29,75.13333333333334,31,70.5,43,60.3,60,54.03333333333333,,,,
21:30:00,769880,210,E,ML,34.221426,-118.245718,PENNSYLVANIA,16.98,126,61.86666666666667,30,65.06666666666666,30,66.83333333333333,43,57.2,23,62.66666666666666,,,,
21:30:00,769895,210,E,ML,34.230849,-118.265101,LOWELL / HONOLULU,15.68,133,64.63333333333334,32,70.66666666666667,40,67.06666666666666,35,62.0,25,56.833333333333336,,,,
21:30:00,769984,210,E,ML,34.202989,-118.191827,GOULD,20.4,163,63.6,39,68.96666666666667,46,65.60000000000001,41,61.133333333333326,38,58.43333333333334,,,,
21:30:00,770116,210,E,ML,34.234317,-118.286992,LA TUNA CANYON,14.39,92,65.33333333333333,24,70.73333333333333,30,67.43333333333334,22,60.96666666666667,16,59.46666666666667,,,,
21:30:00,770385,210,E,ML,34.206925,-118.21372,EB/NB 2 TO EB 210 CN,19.08,100,66.83333333333333,21,74.83333333333333,20,71.33333333333333,30,55.833333333333336,30,69.16666666666667,,,,
21:30:00,770578,210,E,ML,34.156489,-118.158295,WINONA WAY,24.442,25,68.60000000000001,15,71.0,10,64.96666666666667,,,,,,,,
21:35:00,717617,210,E,ML,34.179921,-118.167405,ARROYO,22.6,135,61.66666666666666,32,66.83333333333333,38,63.46666666666667,34,59.5,31,56.4,,,,
21:35:00,717620,210,E,ML,34.174756,-118.160407,LINCOLN 1,23.14,111,63.833333333333336,13,73.39999999999999,29,66.33333333333333,41,63.06666666666666,28,57.76666666666667,,,,
21:35:00,717625,210,E,ML,34.160546,-118.158748,MOUNTAIN 2,24.16,112,65.56666666666666,39,66.93333333333334,17,71.03333333333333,11,67.03333333333335,46,60.66666666666666,,,,
21:35:00,717628,210,E,ML,34.152216,-118.156144,WALNUT,24.81,18,65.16666666666667,18,65.16666666666667,,,,,,,,,,
21:35:00,717631,210,E,ML,34.15099,-118.152369,FAIR OAKS 1,25.12,56,65.2,12,70.6,17,67.0,15,63.6,12,59.20000000000001,,,,
21:35:00,717633,210,E,ML,34.151691,-118.142523,MARENGO,25.72,453,69.7,77,75.6,89,73.1,78,71.2,80,68.4,73,63.70000000000001,56,63.70000000000001
21:35:00,717635,210,E,ML,34.151658,-118.12944,LAKE 2,26.47,337,67.63333333333333,67,73.06666666666666,63,71.33333333333333,64,67.86666666666666,59,66.26666666666667,83,61.333333333333336,,
21:35:00,717638,210,E,ML,34.152187,-118.117782,HILL 1,27.14,343,72.06666666666666,73,75.89999999999999,76,74.96666666666667,64,71.56666666666666,65,69.03333333333335,65,68.2,,
21:35:00,717640,210,E,ML,34.152301,-118.109239,ALLEN,27.63,316,69.9,31,76.26666666666667,76,74.26666666666667,76,72.56666666666666,62,69.93333333333334,72,59.46666666666667,,
21:35:00,717646,210,E,ML,34.151406,-118.091041,SAN GABRIEL,28.68,337,70.39999999999999,80,76.73333333333333,87,76.0,61,65.96666666666665,57,60.03333333333333,52,68.0,,
21:35:00,717650,210,E,ML,34.147621,-118.079037,SIERRA MADRE V2,29.44,300,70.46666666666665,80,75.56666666666666,68,73.86666666666666,61,69.89999999999999,57,63.2,34,64.03333333333333,,
21:35:00,761093,210,E,HV,34.151691,-118.142523,MARENGO,25.72,56,65.1,56,65.1,,,,,,,,,,
21:35:00,761098,210,E,HV,34.151658,-118.12944,LAKE 2,26.47,56,65.1,56,65.1,,,,,,,,,,
21:35:00,761102,210,E,HV,34.152187,-118.117782,HILL 1,27.14,27,64.89999999999999,27,64.89999999999999,,,,,,,,,,
21:35:00,761105,210,E,HV,34.152301,-118.109239,ALLEN,27.63,65,65.46666666666667,65,65.46666666666667,,,,,,,,,,
21:35:00,761109,210,E,HV,34.151406,-118.091041,SAN GABRIEL,28.68,26,64.93333333333334,26,64.93333333333334,,,,,,,,,,
21:35:00,761112,210,E,HV,34.147621,-118.079037,SIERRA MADRE V2,29.44,28,64.96666666666667,28,64.96666666666667,,,,,,,,,,
21:35:00,763614,210,E,HV,34.15099,-118.152369,FAIR OAKS 1,25.12,56,65.1,56,65.1,,,,,,,,,,
21:35:00,769788,210,E,ML,34.189219,-118.180753,BERKSHIRE,21.58,149,63.5,36,68.8,42,65.5,36,60.9,34,58.2,,,,
21:35:00,769806,210,E,ML,34.196934,-118.185042,FOOTHILL,20.98,132,67.33333333333333,33,68.76666666666667,41,70.53333333333333,34,60.2,24,67.3,,,,
21:35:00,769819,210,E,ML,34.205892,-118.198234,ANGELES CREST HWY NB,19.98,56,65.2,12,70.6,17,67.0,15,63.6,12,59.20000000000001,,,,
21:35:00,769831,210,E,ML,34.206745,-118.201533,ANGELES CREST HWY SB,19.78,145,64.66666666666667,33,70.26666666666667,41,66.86666666666666,37,62.1,33,59.3,,,,
21:35:00,769847,210,E,ML,34.211728,-118.228265,OCEAN VIEW,18.18,82,67.56666666666666,17,74.5,23,71.13333333333334,21,64.63333333333333,20,59.73333333333333,,,,
21:35:00,769866,210,E,ML,34.218398,-118.239738,LA CRESCENTA,17.38,137,64.23333333333333,17,74.89999999999999,34,70.43333333333334,33,65.56666666666666,54,56.9,,,,
21:35:00,769880,210,E,ML,34.221426,-118.245718,PENNSYLVANIA,16.98,110,63.43333333333334,26,66.66666666666667,29,67.36666666666666,37,59.76666666666667,19,62.63333333333333,,,,
21:35:00,769895,210,E,ML,34.230849,-118.265101,LOWELL / HONOLULU,15.68,115,64.93333333333334,27,71.06666666666666,37,66.86666666666666,28,61.6,23,58.333333333333336,,,,
21:35:00,769984,210,E,ML,34.202989,-118.191827,GOULD,20.4,151,63.43333333333334,37,68.73333333333333,42,65.43333333333334,38,60.96666666666667,35,58.26666666666667,,,,
21:35:00,770116,210,E,ML,34.234317,-118.286992,LA TUNA CANYON,14.39,99,64.56666666666666,27,69.86666666666666,32,66.66666666666667,23,59.73333333333333,17,59.03333333333333,,,,
21:35:00,770385,210,E,ML,34.206925,-118.21372,EB/NB 2 TO EB 210 CN,19.08,102,66.93333333333334,17,74.8,22,71.3,28,54.16666666666666,35,71.0,,,,
21:35:00,770578,210,E,ML,34.156489,-118.158295,WINONA WAY,24.442,30,69.89999999999999,24,71.0,6,64.96666666666667,,,,,,,,
21:40:00,717617,210,E,ML,34.179921,-118.167405,ARROYO,22.6,118,63.1,27,68.43333333333334,34,65.0,30,60.93333333333334,27,57.76666666666667,,,,
21:40:00,717620,210,E,ML,34.174756,-118.160407,LINCOLN 1,23.14,93,64.33333333333333,14,73.36666666666666,28,68.06666666666666,22,63.5,28,58.2,,,,
21:40:00,717625,210,E,ML,34.160546,-118.158748,MOUNTAIN 2,24.16,113,65.46666666666665,33,67.66666666666667,13,71.0,17,66.76666666666667,51,61.23333333333333,,,,
21:40:00,717628,210,E,ML,34.152216,-118.156144,WALNUT,24.81,22,65.2,22,65.2,,,,,,,,,,
21:40:00,717631,210,E,ML,34.15099,-118.152369,FAIR OAKS 1,25.12,56,65.2,12,70.6,17,67.0,15,63.6,12,59.20000000000001,,,,
21:40:00,717633,210,E,ML,34.151691,-118.142523,MARENGO,25.72,449,70.0,76,75.9,89,73.5,77,71.5,79,68.7,72,64.0,56,64.0
21:40:00,717635,210,E,ML,34.151658,-118.12944,LAKE 2,26.47,312,67.39999999999999,62,72.83333333333333,59,70.96666666666667,58,67.63333333333334,55,65.96666666666665,78,61.16666666666666,,
21:40:00,717638,210,E,ML,34.152187,-118.117782,HILL 1,27.14,318,71.26666666666667,63,75.4,76,74.53333333333335,64,71.26666666666667,57,68.83333333333333,57,64.76666666666667,,
21:40:00,717640,210,E,ML,34.152301,-118.109239,ALLEN,27.63,309,69.39999999999999,31,76.36666666666666,67,74.39999999999999,79,72.2,66,69.89999999999999,66,56.96666666666667,,
21:40:00,717646,210,E,ML,34.151406,-118.091041,SAN GABRIEL,28.68,318,69.2,67,77.23333333333333,77,73.0,63,64.56666666666666,55,62.3,57,66.43333333333334,,
21:40:00,717650,210,E,ML,34.147621,-118.079037,SIERRA MADRE V2,29.44,289,69.10000000000001,71,74.46666666666665,67,72.96666666666667,64,67.96666666666667,53,62.3,35,63.46666666666667,,
21:40:00,761093,210,E,HV,34.151691,-118.142523,MARENGO,25.72,56,65.1,56,65.1,,,,,,,,,,
21:40:00,761098,210,E,HV,34.151658,-118.12944,LAKE 2,26.47,56,65.1,56,65.1,,,,,,,,,,
21:40:00,761102,210,E,HV,34.152187,-118.117782,HILL 1,27.14,32,65.0,32,65.0,,,,,,,,,,
21:40:00,761105,210,E,HV,34.152301,-118.109239,ALLEN,27.63,68,64.63333333333333,68,64.63333333333333,,,,,,,,,,
21:40:00,761109,210,E,HV,34.151406,-118.091041,SAN GABRIEL,28.68,30,65.13333333333333,30,65.13333333333333,,,,,,,,,,
21:40:00,761112,210,E,HV,34.147621,-118.079037,SIERRA MADRE V2,29.44,32,65.03333333333335,32,65.03333333333335,,,,,,,,,,
21:40:00,763614,210,E,HV,34.15099,-118.152369,FAIR OAKS 1,25.12,56,65.1,56,65.1,,,,,,,,,,
21:40:00,769788,210,E,ML,34.189219,-118.180753,BERKSHIRE,21.58,126,62.96666666666666,30,68.23333333333333,37,65.0,31,60.36666666666667,29,57.73333333333333,,,,
21:40:00,769806,210,E,ML,34.196934,-118.185042,FOOTHILL,20.98,99,65.33333333333333,26,66.03333333333333,29,70.60000000000001,26,64.3,18,57.06666666666666,,,,
21:40:00,769819,210,E,ML,34.205892,-118.198234,ANGELES CREST HWY NB,19.98,56,65.2,12,70.6,17,67.0,15,63.6,12,59.20000000000001,,,,
21:40:00,769831,210,E,ML,34.206745,-118.201533,ANGELES CREST HWY SB,19.78,132,62.96666666666667,32,68.03333333333333,39,64.8,33,60.3,27,57.6,,,,
21:40:00,769847,210,E,ML,34.211728,-118.228265,OCEAN VIEW,18.18,83,67.33333333333333,18,74.66666666666667,24,71.10000000000001,24,62.36666666666667,17,61.23333333333333,,,,
21:40:00,769866,210,E,ML,34.218398,-118.239738,LA CRESCENTA,17.38,144,63.833333333333336,20,74.83333333333333,27,71.26666666666667,39,64.39999999999999,58,56.03333333333333,,,,
21:40:00,769880,210,E,ML,34.221426,-118.245718,PENNSYLVANIA,16.98,116,64.53333333333333,29,71.33333333333333,26,67.86666666666666,41,59.333333333333336,19,62.7,,,,
21:40:00,769895,210,E,ML,34.230849,-118.265101,LOWELL / HONOLULU,15.68,116,65.26666666666667,29,71.39999999999999,35,67.89999999999999,29,64.3,23,55.76666666666667,,,,
21:40:00,769984,210,E,ML,34.202989,-118.191827,GOULD,20.4,130,62.9,31,68.2,37,64.86666666666666,32,60.46666666666667,30,57.8,,,,
21:40:00,770116,210,E,ML,34.234317,-118.286992,LA TUNA CANYON,14.39,91,65.3,24,70.66666666666667,30,67.3,21,60.8,15,59.4,,,,
21:40:00,770385,210,E,ML,34.206925,-118.21372,EB/NB 2 TO EB 210 CN,19.08,92,66.23333333333333,23,74.60000000000001,25,70.93333333333334,20,56.93333333333334,23,61.06666666666666,,,,
21:40:00,770578,210,E,ML,34.156489,-118.158295,WINONA WAY,24.442,21,67.83333333333333,10,70.96666666666665,11,65.0,,,,,,,,
21:45:00,717617,210,E,ML,34.179921,-118.167405,ARROYO,22.6,122,63.76666666666667,30,69.0,35,65.56666666666666,30,61.5,27,58.23333333333333,,,,
21:45:00,717620,210,E,ML,34.174756,-118.160407,LINCOLN 1,23.14,101,64.46666666666665,13,73.26666666666667,32,68.46666666666667,30,61.06666666666666,26,58.36666666666667,,,,
21:45:00,717625,210,E,ML,34.160546,-118.158748,MOUNTAIN 2,24.16,101,68.66666666666667,35,68.10000000000001,12,71.0,8,66.96666666666667,47,68.10000000000001,,,,
21:45:00,717628,210,E,ML,34.152216,-118.156144,WALNUT,24.81,22,65.26666666666667,22,65.26666666666667,,,,,,,,,,
21:45:00,717631,210,E,ML,34.15099,-118.152369,FAIR OAKS 1,25.12,56,65.2,12,70.6,17,67.0,15,63.6,12,59.20000000000001,,,,
21:45:00,717633,210,E,ML,34.151691,-118.142523,MARENGO,25.72,448,70.0,76,75.9,88,73.5,77,71.5,79,68.7,72,64.0,56,64.0
21:45:00,717635,210,E,ML,34.151658,-118.12944,LAKE 2,26.47,310,67.3,62,72.66666666666667,58,70.96666666666667,58,67.56666666666666,55,65.83333333333333,77,61.06666666666666,,
21:45:00,717638,210,E,ML,34.152187,-118.117782,HILL 1,27.14,324,71.53333333333335,70,75.96666666666665,73,73.7,60,71.33333333333333,67,68.96666666666667,53,65.83333333333333,,
21:45:00,717640,210,E,ML,34.152301,-118.109239,ALLEN,27.63,305,70.03333333333333,25,76.56666666666666,72,73.8,74,72.10000000000001,67,69.8,67,61.3,,
21:45:00,717646,210,E,ML,34.151406,-118.091041,SAN GABRIEL,28.68,327,70.66666666666667,77,76.89999999999999,83,73.06666666666666,59,67.76666666666667,59,65.89999999999999,50,65.10000000000001,,
21:45:00,717650,210,E,ML,34.147621,-118.079037,SIERRA MADRE V2,29.44,300,69.66666666666667,79,74.2,73,72.8,61,70.3,55,60.9,30,64.73333333333333,,
21:45:00,761093,210,E,HV,34.151691,-118.142523,MARENGO,25.72,55,65.1,55,65.1,,,,,,,,,,
21:45:00,761098,210,E,HV,34.151658,-118.12944,LAKE 2,26.47,55,65.1,55,65.1,,,,,,,,,,
21:45:00,761102,210,E,HV,34.152187,-118.117782,HILL 1,27.14,24,65.0,24,65.0,,,,,,,,,,
21:45:00,761105,210,E,HV,34.152301,-118.109239,ALLEN,27.63,59,65.76666666666667,59,65.76666666666667,,,,,,,,,,
21:45:00,761109,210,E,HV,34.151406,-118.091041,SAN GABRIEL,28.68,24,65.23333333333333,24,65.23333333333333,,,,,,,,,,
21:45:00,761112,210,E,HV,34.147621,-118.079037,SIERRA MADRE V2,29.44,25,65.16666666666667,25,65.16666666666667,,,,,,,,,,
21:45:00,763614,210,E,HV,34.15099,-118.152369,FAIR OAKS 1,25.12,55,65.1,55,65.1,,,,,,,,,,
21:45:00,769788,210,E,ML,34.189219,-118.180753,BERKSHIRE,21.58,139,62.93333333333334,33,68.2,40,64.93333333333334,34,60.333333333333336,31,57.7,,,,
21:45:00,769806,210,E,ML,34.196934,-118.185042,FOOTHILL,20.98,103,65.46666666666667,27,65.89999999999999,30,71.43333333333334,28,63.1,18,58.03333333333333,,,,
21:45:00,769819,210,E,ML,34.205892,-118.198234,ANGELES CREST HWY NB,19.98,56,65.2,12,70.6,17,67.0,15,63.6,12,59.20000000000001,,,,
21:45:00,769831,210,E,ML,34.206745,-118.201533,ANGELES CREST HWY SB,19.78,124,62.56666666666666,29,67.83333333333333,36,64.53333333333335,31,59.9,28,57.36666666666667,,,,
21:45:00,769847,210,E,ML,34.211728,-118.228265,OCEAN VIEW,18.18,76,66.93333333333334,17,74.60000000000001,23,70.76666666666667,20,64.13333333333333,17,58.2,,,,
21:45:00,769866,210,E,ML,34.218398,-118.239738,LA CRESCENTA,17.38,129,66.06666666666666,22,74.8,27,69.13333333333333,32,70.43333333333332,48,57.16666666666666,,,,
21:45:00,769880,210,E,ML,34.221426,-118.245718,PENNSYLVANIA,16.98,106,63.56666666666666,27,67.73333333333333,26,67.23333333333333,37,60.13333333333333,17,62.7,,,,
21:45:00,769895,210,E,ML,34.230849,-118.265101,LOWELL / HONOLULU,15.68,111,65.2,28,70.96666666666665,34,67.2,29,62.333333333333336,20,57.86666666666667,,,,
21:45:00,769984,210,E,ML,34.202989,-118.191827,GOULD,20.4,141,62.9,33,68.13333333333334,40,64.83333333333333,35,60.4,32,57.76666666666667,,,,
21:45:00,770116,210,E,ML,34.234317,-118.286992,LA TUNA CANYON,14.39,82,65.5,21,70.89999999999999,28,67.56666666666666,19,61.13333333333333,14,59.5,,,,
21:45:00,770385,210,E,ML,34.206925,-118.21372,EB/NB 2 TO EB 210 CN,19.08,87,66.86666666666666,21,74.23333333333333,24,70.83333333333333,24,61.56666666666666,18,59.1,,,,
21:45:00,770578,210,E,ML,34.156489,-118.158295,WINONA WAY,24.442,29,68.5,18,70.5,11,65.06666666666666,,,,,,,,
21:50:00,717617,210,E,ML,34.179921,-118.167405,ARROYO,22.6,112,62.0,26,67.3,32,63.93333333333334,28,59.86666666666667,26,56.8,,,,
21:50:00,717620,210,E,ML,34.174756,-118.160407,LINCOLN 1,23.14,88,62.5,12,73.26666666666667,25,69.03333333333333,26,60.2,25,53.26666666666667,,,,
21:50:00,717625,210,E,ML,34.160546,-118.158748,MOUNTAIN 2,24.16,104,67.2,31,68.43333333333334,9,71.0,7,67.10000000000001,57,65.7,,,,
21:50:00,717628,210,E,ML,34.152216,-118.156144,WALNUT,24.81,17,65.26666666666667,17,65.26666666666667,,,,,,,,,,
21:50:00,717631,210,E,ML,34.15099,-118.152369,FAIR OAKS 1,25.12,53,65.2,11,70.7,16,67.1,14,63.70000000000001,12,59.29999999999999,,,,
21:50:00,717633,210,E,ML,34.151691,-118.142523,MARENGO,25.72,443,70.2,75,76.2,88,73.7,76,71.7,78,68.9,71,64.2,55,64.2
21:50:00,717635,210,E,ML,34.151658,-118.12944,LAKE 2,26.47,319,67.13333333333334,64,72.56666666666666,60,70.60000000000001,60,67.33333333333333,56,65.66666666666667,79,60.96666666666667,,
21:50:00,717638,210,E,ML,34.152187,-118.117782,HILL 1,27.14,320,70.76666666666667,72,75.2,69,72.46666666666665,56,71.46666666666667,64,69.0,58,64.66666666666667,,
21:50:00,717640,210,E,ML,34.152301,-118.109239,ALLEN,27.63,295,69.66666666666667,24,76.43333333333334,76,73.56666666666666,69,71.66666666666667,60,70.83333333333333,67,59.3,,
21:50:00,717646,210,E,ML,34.151406,-118.091041,SAN GABRIEL,28.68,310,70.5,73,76.13333333333334,78,73.63333333333333,59,73.23333333333333,48,59.06666666666666,52,64.63333333333334,,
21:50:00,717650,210,E,ML,34.147621,-118.079037,SIERRA MADRE V2,29.44,285,69.10000000000001,74,73.89999999999999,68,71.83333333333333,57,69.23333333333333,50,62.2,36,63.26666666666667,,
21:50:00,761093,210,E,HV,34.151691,-118.142523,MARENGO,25.72,54,65.2,54,65.2,,,,,,,,,,
21:50:00,761098,210,E,HV,34.151658,-118.12944,LAKE 2,26.47,54,65.2,54,65.2,,,,,,,,,,
21:50:00,761102,210,E,HV,34.152187,-118.117782,HILL 1,27.14,23,64.96666666666667,23,64.96666666666667,,,,,,,,,,
21:50:00,761105,210,E,HV,34.152301,-118.109239,ALLEN,27.63,73,66.60000000000001,73,66.60000000000001,,,,,,,,,,
21:50:00,761109,210,E,HV,34.151406,-118.091041,SAN GABRIEL,28.68,22,65.03333333333335,22,65.03333333333335,,,,,,,,,,
21:50:00,761112,210,E,HV,34.147621,-118.079037,SIERRA MADRE V2,29.44,23,65.06666666666666,23,65.06666666666666,,,,,,,,,,
21:50:00,763614,210,E,HV,34.15099,-118.152369,FAIR OAKS 1,25.12,54,65.2,54,65.2,,,,,,,,,,
21:50:00,769788,210,E,ML,34.189219,-118.180753,BERKSHIRE,21.58,135,63.73333333333333,31,69.16666666666667,39,65.83333333333333,34,61.13333333333333,32,58.46666666666667,,,,
21:50:00,769806,210,E,ML,34.196934,-118.185042,FOOTHILL,20.98,101,66.39999999999999,27,66.63333333333334,27,71.56666666666666,30,69.39999999999999,17,53.03333333333333,,,,
21:50:00,769819,210,E,ML,34.205892,-118.198234,ANGELES CREST HWY NB,19.98,53,65.2,11,70.7,16,67.1,14,63.70000000000001,12,59.29999999999999,,,,
21:50:00,769831,210,E,ML,34.206745,-118.201533,ANGELES CREST HWY SB,19.78,139,61.13333333333333,33,66.23333333333333,41,63.0,35,58.56666666666666,30,56.13333333333333,,,,
21:50:00,769847,210,E,ML,34.211728,-118.228265,OCEAN VIEW,18.18,68,67.56666666666666,11,74.63333333333333,21,70.56666666666666,20,63.66666666666666,16,62.23333333333333,,,,
21:50:00,769866,210,E,ML,34.218398,-118.239738,LA CRESCENTA,17.38,92,66.03333333333333,11,74.73333333333333,20,70.53333333333333,26,69.33333333333333,35,57.53333333333333,,,,
21:50:00,769880,210,E,ML,34.221426,-118.245718,PENNSYLVANIA,16.98,102,63.29999999999999,31,66.3,24,66.86666666666666,36,57.96666666666667,12,62.73333333333333,,,,
21:50:00,769895,210,E,ML,34.230849,-118.265101,LOWELL / HONOLULU,15.68,105,64.03333333333333,24,70.93333333333334,34,66.0,30,60.46666666666667,18,57.06666666666666,,,,
21:50:00,769984,210,E,ML,34.202989,-118.191827,GOULD,20.4,139,63.66666666666666,33,69.06666666666666,39,65.66666666666667,35,61.16666666666666,33,58.46666666666667,,,,
21:50:00,770116,210,E,ML,34.234317,-118.286992,LA TUNA CANYON,14.39,84,64.10000000000001,22,69.53333333333335,28,66.43333333333334,19,58.9,14,58.8,,,,
21:50:00,770385,210,E,ML,34.206925,-118.21372,EB/NB 2 TO EB 210 CN,19.08,96,66.10000000000001,19,74.5,28,69.46666666666667,24,57.5,25,62.53333333333333,,,,
21:50:00,770578,210,E,ML,34.156489,-118.158295,WINONA WAY,24.442,17,68.93333333333334,13,70.83333333333333,5,65.06666666666666,,,,,,,,
21:55:00,717617,210,E,ML,34.179921,-118.167405,ARROYO,22.6,99,64.23333333333333,22,69.63333333333334,29,66.2,25,62.1,23,58.8,,,,
21:55:00,717620,210,E,ML,34.174756,-118.160407,LINCOLN 1,23.14,78,63.86666666666667,12,73.13333333333333,22,69.23333333333333,20,61.53333333333333,23,54.36666666666667,,,,
21:55:00,717625,210,E,ML,34.160546,-118.158748,MOUNTAIN 2,24.16,80,66.8,28,68.76666666666667,7,70.96666666666667,6,67.16666666666667,39,64.26666666666667,,,,
21:55:00,717628,210,E,ML,34.152216,-118.156144,WALNUT,24.81,19,65.16666666666667,19,65.16666666666667,,,,,,,,,,
21:55:00,717631,210,E,ML,34.15099,-118.152369,FAIR OAKS 1,25.12,53,65.2,11,70.7,16,67.1,14,63.70000000000001,12,59.29999999999999,,,,
21:55:00,717633,210,E,ML,34.151691,-118.142523,MARENGO,25.72,442,70.4,75,76.4,87,73.9,76,71.9,78,69.1,71,64.4,55,64.4
21:55:00,717635,210,E,ML,34.151658,-118.12944,LAKE 2,26.47,303,67.16666666666667,61,72.60000000000001,57,70.83333333333333,56,67.46666666666665,54,65.73333333333333,75,61.03333333333333,,
21:55:00,717638,210,E,ML,34.152187,-118.117782,HILL 1,27.14,311,71.06666666666666,68,75.73333333333333,72,73.5,54,71.16666666666667,60,69.16666666666667,57,64.66666666666667,,
21:55:00,717640,210,E,ML,34.152301,-118.109239,ALLEN,27.63,270,69.43333333333334,22,76.66666666666667,63,73.3,70,71.56666666666666,56,68.66666666666667,59,60.46666666666667,,
21:55:00,717646,210,E,ML,34.151406,-118.091041,SAN GABRIEL,28.68,289,69.83333333333333,68,76.06666666666666,74,74.03333333333335,56,70.76666666666667,48,60.0,43,62.833333333333336,,
21:55:00,717650,210,E,ML,34.147621,-118.079037,SIERRA MADRE V2,29.44,256,69.26666666666667,64,74.3,62,72.2,58,68.46666666666667,45,62.73333333333334,27,62.53333333333333,,
21:55:00,761093,210,E,HV,34.151691,-118.142523,MARENGO,25.72,53,65.2,53,65.2,,,,,,,,,,
21:55:00,761098,210,E,HV,34.151658,-118.12944,LAKE 2,26.47,53,65.2,53,65.2,,,,,,,,,,
21:55:00,761102,210,E,HV,34.152187,-118.117782,HILL 1,27.14,23,65.0,23,65.0,,,,,,,,,,
21:55:00,761105,210,E,HV,34.152301,-118.109239,ALLEN,27.63,64,64.86666666666666,64,64.86666666666666,,,,,,,,,,
21:55:00,761109,210,E,HV,34.151406,-118.091041,SAN GABRIEL,28.68,23,65.13333333333334,23,65.13333333333334,,,,,,,,,,
21:55:00,761112,210,E,HV,34.147621,-118.079037,SIERRA MADRE V2,29.44,19,65.06666666666666,19,65.06666666666666,,,,,,,,,,
21:55:00,763614,210,E,HV,34.15099,-118.152369,FAIR OAKS 1,25.12,53,65.2,53,65.2,,,,,,,,,,
21:55:00,769788,210,E,ML,34.189219,-118.180753,BERKSHIRE,21.58,125,61.73333333333333,30,66.83333333333333,37,63.63333333333333,31,59.1,27,56.63333333333333,,,,
21:55:00,769806,210,E,ML,34.196934,-118.185042,FOOTHILL,20.98,96,65.23333333333333,26,67.36666666666666,24,68.60000000000001,24,69.63333333333333,21,54.4,,,,
21:55:00,769819,210,E,ML,34.205892,-118.198234,ANGELES CREST HWY NB,19.98,53,65.2,11,70.7,16,67.1,14,63.70000000000001,12,59.29999999999999,,,,
21:55:00,769831,210,E,ML,34.206745,-118.201533,ANGELES CREST HWY SB,19.78,126,61.333333333333336,30,66.43333333333334,38,63.2,32,58.73333333333333,27,56.2,,,,
21:55:00,769847,210,E,ML,34.211728,-118.228265,OCEAN VIEW,18.18,73,65.96666666666667,13,74.76666666666667,18,70.89999999999999,23,59.86666666666667,19,62.26666666666667,,,,
21:55:00,769866,210,E,ML,34.218398,-118.239738,LA CRESCENTA,17.38,123,63.53333333333333,12,74.83333333333333,21,70.43333333333334,34,63.333333333333336,56,58.53333333333333,,,,
21:55:00,769880,210,E,ML,34.221426,-118.245718,PENNSYLVANIA,16.98,101,64.53333333333333,26,72.03333333333335,24,67.2,35,58.66666666666666,16,62.86666666666667,,,,
21:55:00,769895,210,E,ML,34.230849,-118.265101,LOWELL / HONOLULU,15.68,111,64.06666666666666,26,71.23333333333333,33,66.96666666666667,30,59.7,21,56.96666666666667,,,,
21:55:00,769984,210,E,ML,34.202989,-118.191827,GOULD,20.4,127,61.7,30,66.76666666666667,38,63.5,31,59.2,28,56.7,,,,
21:55:00,770116,210,E,ML,34.234317,-118.286992,LA TUNA CANYON,14.39,78,63.93333333333334,20,69.7,26,66.53333333333333,18,58.13333333333333,14,58.66666666666666,,,,
21:55:00,770385,210,E,ML,34.206925,-118.21372,EB/NB 2 TO EB 210 CN,19.08,76,62.06666666666666,13,74.60000000000001,17,70.26666666666667,24,51.4,22,59.833333333333336,,,,
21:55:00,770578,210,E,ML,34.156489,-118.158295,WINONA WAY,24.442,16,68.53333333333335,9,71.0,7,64.93333333333334,,,,,,,,
22:00:00,717617,210,E,ML,34.179921,-118.167405,ARROYO,22.6,99,62.9,21,68.2,29,64.83333333333333,26,60.9,23,57.70000000000001,,,,
22:00:00,717620,210,E,ML,34.174756,-118.160407,LINCOLN 1,23.14,69,63.43333333333334,8,73.1,18,69.43333333333334,22,61.46666666666667,20,56.13333333333333,,,,
22:00:00,717625,210,E,ML,34.160546,-118.158748,MOUNTAIN 2,24.16,77,65.53333333333335,30,68.06666666666666,3,71.0,6,66.93333333333334,38,62.76666666666666,,,,
22:00:00,717628,210,E,ML,34.152216,-118.156144,WALNUT,24.81,21,65.2,21,65.2,,,,,,,,,,
22:00:00,717631,210,E,ML,34.15099,-118.152369,FAIR OAKS 1,25.12,51,65.2,11,70.6,15,67.0,14,63.6,11,59.20000000000001,,,,
22:00:00,717633,210,E,ML,34.151691,-118.142523,MARENGO,25.72,425,70.0,72,75.9,84,73.5,73,71.5,75,68.7,68,64.0,53,64.0
22:00:00,717635,210,E,ML,34.151658,-118.12944,LAKE 2,26.47,278,67.16666666666667,57,72.53333333333335,51,70.73333333333333,51,67.36666666666666,49,65.66666666666667,69,60.93333333333334,,
22:00:00,717638,210,E,ML,34.152187,-118.117782,HILL 1,27.14,295,71.10000000000001,64,74.46666666666665,69,72.83333333333333,57,71.8,53,69.10000000000001,53,66.10000000000001,,
22:00:00,717640,210,E,ML,34.152301,-118.109239,ALLEN,27.63,262,69.39999999999999,17,76.60000000000001,67,71.96666666666667,68,70.83333333333333,56,67.3,55,63.86666666666667,,
22:00:00,717646,210,E,ML,34.151406,-118.091041,SAN GABRIEL,28.68,281,72.43333333333334,67,75.3,70,74.60000000000001,52,73.26666666666667,47,71.8,44,63.16666666666666,,
22:00:00,717650,210,E,ML,34.147621,-118.079037,SIERRA MADRE V2,29.44,267,70.23333333333333,71,73.53333333333333,63,72.1,53,71.03333333333335,46,68.26666666666667,34,61.93333333333334,,
22:00:00,761093,210,E,HV,34.151691,-118.142523,MARENGO,25.72,51,65.1,51,65.1,,,,,,,,,,
22:00:00,761098,210,E,HV,34.151658,-118.12944,LAKE 2,26.47,51,65.1,51,65.1,,,,,,,,,,
22:00:00,761102,210,E,HV,34.152187,-118.117782,HILL 1,27.14,19,64.93333333333334,19,64.93333333333334,,,,,,,,,,
22:00:00,761105,210,E,HV,34.152301,-118.109239,ALLEN,27.63,69,64.89999999999999,69,64.89999999999999,,,,,,,,,,
22:00:00,761109,210,E,HV,34.151406,-118.091041,SAN GABRIEL,28.68,18,65.06666666666666,18,65.06666666666666,,,,,,,,,,
22:00:00,761112,210,E,HV,34.147621,-118.079037,SIERRA MADRE V2,29.44,20,65.06666666666666,20,65.06666666666666,,,,,,,,,,
22:00:00,763614,210,E,HV,34.15099,-118.152369,FAIR OAKS 1,25.12,51,65.1,51,65.1,,,,,,,,,,
22:00:00,769788,210,E,ML,34.189219,-118.180753,BERKSHIRE,21.58,134,63.833333333333336,30,69.33333333333333,39,65.93333333333334,34,61.23333333333333,30,58.56666666666666,,,,
22:00:00,769806,210,E,ML,34.196934,-118.185042,FOOTHILL,20.98,105,69.2,29,71.23333333333333,25,70.10000000000001,29,71.26666666666667,22,61.13333333333333,,,,
22:00:00,769819,210,E,ML,34.205892,-118.198234,ANGELES CREST HWY NB,19.98,51,65.2,11,70.6,15,67.0,14,63.6,11,59.20000000000001,,,,
22:00:00,769831,210,E,ML,34.206745,-118.201533,ANGELES CREST HWY SB,19.78,144,63.76666666666667,35,69.0,41,65.73333333333333,35,61.16666666666666,32,58.4,,,,
22:00:00,769847,210,E,ML,34.211728,-118.228265,OCEAN VIEW,18.18,75,66.33333333333333,15,74.73333333333333,23,71.0,21,60.70000000000001,16,58.63333333333333,,,,
22:00:00,769866,210,E,ML,34.218398,-118.239738,LA CRESCENTA,17.38,118,63.03333333333333,15,74.73333333333333,23,69.83333333333333,33,60.36666666666667,48,57.6,,,,
22:00:00,769880,210,E,ML,34.221426,-118.245718,PENNSYLVANIA,16.98,107,63.06666666666666,25,68.89999999999999,28,67.2,38,57.1,16,62.8,,,,
22:00:00,769895,210,E,ML,34.230849,-118.265101,LOWELL / HONOLULU,15.68,116,64.3,27,70.86666666666666,35,67.2,32,60.833333333333336,23,57.13333333333333,,,,
22:00:00,769984,210,E,ML,34.202989,-118.191827,GOULD,20.4,134,63.70000000000001,30,69.2,39,65.76666666666667,34,61.26666666666667,31,58.56666666666666,,,,
22:00:00,770116,210,E,ML,34.234317,-118.286992,LA TUNA CANYON,14.39,82,64.33333333333333,21,70.03333333333333,27,66.8,19,58.9,14,58.76666666666667,,,,
22:00:00,770385,210,E,ML,34.206925,-118.21372,EB/NB 2 TO EB 210 CN,19.08,99,64.66666666666667,15,74.60000000000001,26,71.10000000000001,32,55.4,27,63.6,,,,
22:00:00,770578,210,E,ML,34.156489,-118.158295,WINONA WAY,24.442,15,67.43333333333334,6,71.13333333333333,9,64.96666666666667,,,,,,,,
22:05:00,717617,210,E,ML,34.179921,-118.167405,ARROYO,22.6,113,64.0,28,69.26666666666667,33,65.8,28,61.7,25,58.5,,,,
22:05:00,717620,210,E,ML,34.174756,-118.160407,LINCOLN 1,23.14,89,64.39999999999999,11,73.36666666666666,23,68.73333333333333,30,59.73333333333333,24,63.03333333333333,,,,
22:05:00,717625,210,E,ML,34.160546,-118.158748,MOUNTAIN 2,24.16,97,63.93333333333334,35,68.36666666666667,9,70.93333333333334,7,67.03333333333335,46,58.06666666666666,,,,
22:05:00,717628,210,E,ML,34.152216,-118.156144,WALNUT,24.81,22,65.3,22,65.3,,,,,,,,,,
22:05:00,717631,210,E,ML,34.15099,-118.152369,FAIR OAKS 1,25.12,49,65.1,10,70.6,15,67.0,13,63.6,11,59.20000000000001,,,,
22:05:00,717633,210,E,ML,34.151691,-118.142523,MARENGO,25.72,425,69.7,72,75.6,84,73.1,73,71.2,75,68.4,68,63.70000000000001,53,63.70000000000001
22:05:00,717635,210,E,ML,34.151658,-118.12944,LAKE 2,26.47,284,67.5,58,72.93333333333334,52,71.13333333333333,53,67.73333333333333,50,66.06666666666666,71,61.23333333333333,,
22:05:00,717638,210,E,ML,34.152187,-118.117782,HILL 1,27.14,295,71.93333333333334,63,75.7,69,72.89999999999999,53,71.86666666666667,57,69.0,53,69.03333333333333,,
22:05:00,717640,210,E,ML,34.152301,-118.109239,ALLEN,27.63,270,69.0,22,76.5,62,72.7,69,71.3,56,67.73333333333333,60,60.833333333333336,,
22:05:00,717646,210,E,ML,34.151406,-118.091041,SAN GABRIEL,28.68,288,71.0,58,76.0,81,75.63333333333334,53,66.83333333333333,49,68.66666666666667,47,64.89999999999999,,
22:05:00,717650,210,E,ML,34.147621,-118.079037,SIERRA MADRE V2,29.44,249,69.36666666666666,62,72.43333333333334,64,71.16666666666667,51,68.43333333333334,45,67.63333333333333,28,62.03333333333333,,
22:05:00,761093,210,E,HV,34.151691,-118.142523,MARENGO,25.72,50,65.1,50,65.1,,,,,,,,,,
22:05:00,761098,210,E,HV,34.151658,-118.12944,LAKE 2,26.47,50,65.1,50,65.1,,,,,,,,,,
22:05:00,761102,210,E,HV,34.152187,-118.117782,HILL 1,27.14,23,64.93333333333334,23,64.93333333333334,,,,,,,,,,
22:05:00,761105,210,E,HV,34.152301,-118.109239,ALLEN,27.63,63,64.96666666666665,63,64.96666666666665,,,,,,,,,,
22:05:00,761109,210,E,HV,34.151406,-118.091041,SAN GABRIEL,28.68,24,64.96666666666665,24,64.96666666666665,,,,,,,,,,
22:05:00,761112,210,E,HV,34.147621,-118.079037,SIERRA MADRE V2,29.44,17,65.0,17,65.0,,,,,,,,,,
22:05:00,763614,210,E,HV,34.15099,-118.152369,FAIR OAKS 1,25.12,50,65.1,50,65.1,,,,,,,,,,
22:05:00,769788,210,E,ML,34.189219,-118.180753,BERKSHIRE,21.58,134,65.93333333333334,31,71.5,38,68.13333333333334,34,63.46666666666666,31,60.46666666666667,,,,
22:05:00,769806,210,E,ML,34.196934,-118.185042,FOOTHILL,20.98,106,69.43333333333334,32,71.73333333333333,19,70.7,29,70.63333333333334,26,62.9,,,,
22:05:00,769819,210,E,ML,34.205892,-118.198234,ANGELES CREST HWY NB,19.98,49,65.1,10,70.6,15,67.0,13,63.6,11,59.20000000000001,,,,
22:05:00,769831,210,E,ML,34.206745,-118.201533,ANGELES CREST HWY SB,19.78,136,62.333333333333336,33,67.5,40,64.26666666666667,34,59.66666666666666,29,57.13333333333333,,,,
22:05:00,769847,210,E,ML,34.211728,-118.228265,OCEAN VIEW,18.18,77,66.0,15,74.83333333333333,22,71.03333333333333,19,60.9,21,59.46666666666667,,,,
22:05:00,769866,210,E,ML,34.218398,-118.239738,LA CRESCENTA,17.38,111,60.8,12,75.0,22,70.03333333333333,28,56.333333333333336,50,55.7,,,,
22:05:00,769880,210,E,ML,34.221426,-118.245718,PENNSYLVANIA,16.98,105,62.53333333333333,26,65.89999999999999,26,67.53333333333333,38,58.23333333333333,15,62.8,,,,
22:05:00,769895,210,E,ML,34.230849,-118.265101,LOWELL / HONOLULU,15.68,111,64.83333333333333,25,70.83333333333333,35,67.13333333333334,30,63.16666666666666,21,57.0,,,,
22:05:00,769984,210,E,ML,34.202989,-118.191827,GOULD,20.4,135,65.89999999999999,32,71.39999999999999,38,67.96666666666667,34,63.46666666666666,31,60.46666666666667,,,,
22:05:00,770116,210,E,ML,34.234317,-118.286992,LA TUNA CANYON,14.39,76,64.96666666666667,20,70.26666666666667,25,67.0,17,60.43333333333334,13,59.26666666666667,,,,
22:05:00,770385,210,E,ML,34.206925,-118.21372,EB/NB 2 TO EB 210 CN,19.08,97,67.06666666666666,22,74.96666666666667,26,70.83333333333333,24,62.56666666666666,24,60.7,,,,
22:05:00,770578,210,E,ML,34.156489,-118.158295,WINONA WAY,24.442,23,68.3,12,71.2,11,65.13333333333334,,,,,,,,
22:10:00,717617,210,E,ML,34.179921,-118.167405,ARROYO,22.6,107,62.23333333333333,26,67.3,31,63.96666666666667,27,60.06666666666666,23,56.93333333333334,,,,
22:10:00,717620,210,E,ML,34.174756,-118.160407,LINCOLN 1,23.14,78,62.86666666666667,8,73.26666666666667,20,69.23333333333333,28,59.06666666666666,22,58.2,,,,
22:10:00,717625,210,E,ML,34.160546,-118.158748,MOUNTAIN 2,24.16,96,63.5,31,66.89999999999999,9,71.13333333333334,8,67.16666666666667,49,58.8,,,,
22:10:00,717628,210,E,ML,34.152216,-118.156144,WALNUT,24.81,18,65.3,18,65.3,,,,,,,,,,
22:10:00,717631,210,E,ML,34.15099,-118.152369,FAIR OAKS 1,25.12,51,65.2,11,70.6,15,67.0,14,63.6,11,59.20000000000001,,,,
22:10:00,717633,210,E,ML,34.151691,-118.142523,MARENGO,25.72,435,69.5,74,75.4,86,72.9,75,71.0,76,68.2,70,63.6,54,63.6
22:10:00,717635,210,E,ML,34.151658,-118.12944,LAKE 2,26.47,308,67.26666666666667,62,72.73333333333333,57,70.89999999999999,58,67.5,55,65.89999999999999,77,61.03333333333333,,
22:10:00,717638,210,E,ML,34.152187,-118.117782,HILL 1,27.14,306,71.36666666666667,68,76.16666666666667,66,73.26666666666667,55,71.83333333333333,60,68.93333333333334,58,66.03333333333335,,
22:10:00,717640,210,E,ML,34.152301,-118.109239,ALLEN,27.63,278,69.60000000000001,24,76.46666666666667,66,73.3,69,71.83333333333333,56,67.5,63,62.06666666666666,,
22:10:00,717646,210,E,ML,34.151406,-118.091041,SAN GABRIEL,28.68,292,72.2,68,74.76666666666667,75,75.06666666666666,52,71.5,52,71.03333333333335,45,65.89999999999999,,
22:10:00,717650,210,E,ML,34.147621,-118.079037,SIERRA MADRE V2,29.44,262,70.5,65,74.2,65,72.26666666666667,55,68.89999999999999,50,67.93333333333334,27,64.43333333333334,,
22:10:00,761093,210,E,HV,34.151691,-118.142523,MARENGO,25.72,51,65.1,51,65.1,,,,,,,,,,
22:10:00,761098,210,E,HV,34.151658,-118.12944,LAKE 2,26.47,51,65.1,51,65.1,,,,,,,,,,
22:10:00,761102,210,E,HV,34.152187,-118.117782,HILL 1,27.14,19,64.89999999999999,19,64.89999999999999,,,,,,,,,,
22:10:00,761105,210,E,HV,34.152301,-118.109239,ALLEN,27.63,61,64.23333333333333,61,64.23333333333333,,,,,,,,,,
22:10:00,761109,210,E,HV,34.151406,-118.091041,SAN GABRIEL,28.68,22,64.89999999999999,22,64.89999999999999,,,,,,,,,,
22:10:00,761112,210,E,HV,34.147621,-118.079037,SIERRA MADRE V2,29.44,22,64.76666666666667,22,64.76666666666667,,,,,,,,,,
22:10:00,763614,210,E,HV,34.15099,-118.152369,FAIR OAKS 1,25.12,51,65.1,51,65.1,,,,,,,,,,
22:10:00,769788,210,E,ML,34.189219,-118.180753,BERKSHIRE,21.58,149,66.13333333333333,36,71.60000000000001,42,68.26666666666667,37,63.5,34,60.53333333333333,,,,
22:10:00,769806,210,E,ML,34.196934,-118.185042,FOOTHILL,20.98,120,68.39999999999999,35,71.93333333333334,24,67.63333333333333,35,68.36666666666667,27,65.73333333333333,,,,
22:10:00,769819,210,E,ML,34.205892,-118.198234,ANGELES CREST HWY NB,19.98,51,65.2,11,70.6,15,67.0,14,63.6,11,59.20000000000001,,,,
22:10:00,769831,210,E,ML,34.206745,-118.201533,ANGELES CREST HWY SB,19.78,134,63.9,32,69.2,39,65.89999999999999,33,61.36666666666667,30,58.6,,,,
22:10:00,769847,210,E,ML,34.211728,-118.228265,OCEAN VIEW,18.18,72,68.03333333333335,11,74.8,23,70.66666666666667,22,65.23333333333333,16,61.23333333333333,,,,
22:10:00,769866,210,E,ML,34.218398,-118.239738,LA CRESCENTA,17.38,102,64.76666666666667,12,74.86666666666666,22,70.53333333333333,28,62.23333333333334,40,60.26666666666667,,,,
22:10:00,769880,210,E,ML,34.221426,-118.245718,PENNSYLVANIA,16.98,96,64.43333333333334,28,66.06666666666666,21,67.96666666666667,34,61.63333333333333,13,62.76666666666667,,,,
22:10:00,769895,210,E,ML,34.230849,-118.265101,LOWELL / HONOLULU,15.68,101,66.03333333333335,23,71.13333333333333,30,67.43333333333334,27,64.16666666666667,21,60.93333333333334,,,,
22:10:00,769984,210,E,ML,34.202989,-118.191827,GOULD,20.4,153,66.03333333333333,37,71.53333333333333,42,68.16666666666667,38,63.53333333333333,35,60.56666666666666,,,,
22:10:00,770116,210,E,ML,34.234317,-118.286992,LA TUNA CANYON,14.39,72,65.39999999999999,18,70.89999999999999,24,67.56666666666666,17,61.13333333333333,13,59.5,,,,
22:10:00,770385,210,E,ML,34.206925,-118.21372,EB/NB 2 TO EB 210 CN,19.08,86,67.86666666666666,13,74.86666666666666,24,70.7,28,65.7,21,63.73333333333333,,,,
22:10:00,770578,210,E,ML,34.156489,-118.158295,WINONA WAY,24.442,16,68.8,10,71.16666666666667,6,65.10000000000001,,,,,,,,
22:15:00,717617,210,E,ML,34.179921,-118.167405,ARROYO,22.6,94,64.43333333333334,20,70.0,27,66.53333333333333,25,62.333333333333336,22,59.03333333333333,,,,
22:15:00,717620,210,E,ML,34.174756,-118.160407,LINCOLN 1,23.14,78,64.39999999999999,15,73.10000000000001,15,69.36666666666666,22,58.36666666666667,26,62.43333333333334,,,,
22:15:00,717625,210,E,ML,34.160546,-118.158748,MOUNTAIN 2,24.16,83,63.833333333333336,28,68.56666666666666,7,71.0,7,67.06666666666666,41,58.23333333333333,,,,
22:15:00,717628,210,E,ML,34.152216,-118.156144,WALNUT,24.81,23,65.26666666666667,23,65.26666666666667,,,,,,,,,,
22:15:00,717631,210,E,ML,34.15099,-118.152369,FAIR OAKS 1,25.12,51,65.2,11,70.6,15,67.0,14,63.6,11,59.20000000000001,,,,
22:15:00,717633,210,E,ML,34.151691,-118.142523,MARENGO,25.72,442,69.4,75,75.3,87,72.8,76,70.9,78,68.1,71,63.5,55,63.5
22:15:00,717635,210,E,ML,34.151658,-118.12944,LAKE 2,26.47,279,67.43333333333334,57,72.83333333333333,51,71.13333333333334,52,67.66666666666667,50,65.96666666666665,70,61.2,,
22:15:00,717638,210,E,ML,34.152187,-118.117782,HILL 1,27.14,300,71.23333333333333,63,75.10000000000001,73,74.06666666666666,56,71.66666666666667,55,68.93333333333334,53,64.73333333333333,,
22:15:00,717640,210,E,ML,34.152301,-118.109239,ALLEN,27.63,285,69.46666666666665,22,76.56666666666666,68,72.8,70,72.03333333333335,56,67.43333333333334,68,62.833333333333336,,
22:15:00,717646,210,E,ML,34.151406,-118.091041,SAN GABRIEL,28.68,310,71.3,74,75.56666666666666,75,73.83333333333333,54,68.36666666666666,58,69.46666666666667,49,66.2,,
22:15:00,717650,210,E,ML,34.147621,-118.079037,SIERRA MADRE V2,29.44,274,70.36666666666666,69,74.10000000000001,63,73.16666666666667,54,69.73333333333333,54,65.13333333333333,34,65.96666666666667,,
22:15:00,761093,210,E,HV,34.151691,-118.142523,MARENGO,25.72,51,65.1,51,65.1,,,,,,,,,,
22:15:00,761098,210,E,HV,34.151658,-118.12944,LAKE 2,26.47,51,65.1,51,65.1,,,,,,,,,,
22:15:00,761102,210,E,HV,34.152187,-118.117782,HILL 1,27.14,21,64.96666666666667,21,64.96666666666667,,,,,,,,,,
22:15:00,761105,210,E,HV,34.152301,-118.109239,ALLEN,27.63,65,64.3,65,64.3,,,,,,,,,,
22:15:00,761109,210,E,HV,34.151406,-118.091041,SAN GABRIEL,28.68,22,64.8,22,64.8,,,,,,,,,,
22:15:00,761112,210,E,HV,34.147621,-118.079037,SIERRA MADRE V2,29.44,21,64.66666666666667,21,64.66666666666667,,,,,,,,,,
22:15:00,763614,210,E,HV,34.15099,-118.152369,FAIR OAKS 1,25.12,51,65.1,51,65.1,,,,,,,,,,
22:15:00,769788,210,E,ML,34.189219,-118.180753,BERKSHIRE,21.58,134,64.03333333333333,32,69.39999999999999,39,66.06666666666666,33,61.333333333333336,30,58.66666666666666,,,,
22:15:00,769806,210,E,ML,34.196934,-118.185042,FOOTHILL,20.98,105,70.06666666666666,28,73.16666666666667,28,68.73333333333333,27,70.5,22,66.13333333333333,,,,
22:15:00,769819,210,E,ML,34.205892,-118.198234,ANGELES CREST HWY NB,19.98,51,65.2,11,70.6,15,67.0,14,63.6,11,59.20000000000001,,,,
22:15:00,769831,210,E,ML,34.206745,-118.201533,ANGELES CREST HWY SB,19.78,129,64.73333333333333,28,70.39999999999999,37,67.03333333333333,34,62.23333333333333,30,59.46666666666667,,,,
22:15:00,769847,210,E,ML,34.211728,-118.228265,OCEAN VIEW,18.18,70,67.53333333333335,12,74.7,21,70.63333333333333,20,64.93333333333334,17,62.9,,,,
22:15:00,769866,210,E,ML,34.218398,-118.239738,LA CRESCENTA,17.38,112,65.06666666666666,12,74.7,22,70.63333333333333,29,62.833333333333336,49,61.5,,,,
22:15:00,769880,210,E,ML,34.221426,-118.245718,PENNSYLVANIA,16.98,103,63.76666666666667,30,64.2,24,66.83333333333333,35,61.79999999999999,14,62.76666666666667,,,,
22:15:00,769895,210,E,ML,34.230849,-118.265101,LOWELL / HONOLULU,15.68,103,66.0,24,70.66666666666667,31,67.23333333333333,28,63.16666666666666,20,61.9,,,,
22:15:00,769984,210,E,ML,34.202989,-118.191827,GOULD,20.4,136,63.96666666666667,32,69.33333333333333,39,65.89999999999999,34,61.333333333333336,31,58.66666666666666,,,,
22:15:00,770116,210,E,ML,34.234317,-118.286992,LA TUNA CANYON,14.39,64,65.76666666666667,15,71.33333333333333,22,67.89999999999999,15,61.73333333333333,12,59.66666666666666,,,,
22:15:00,770385,210,E,ML,34.206925,-118.21372,EB/NB 2 TO EB 210 CN,19.08,73,68.76666666666667,14,74.8,18,70.60000000000001,18,65.5,23,64.76666666666667,,,,
22:15:00,770578,210,E,ML,34.156489,-118.158295,WINONA WAY,24.442,24,67.83333333333333,11,70.93333333333334,12,65.06666666666666,,,,,,,,
22:20:00,717617,210,E,ML,34.179921,-118.167405,ARROYO,22.6,103,64.53333333333333,22,70.10000000000001,30,66.63333333333334,27,62.43333333333334,24,59.13333333333333,,,,
22:20:00,717620,210,E,ML,34.174756,-118.160407,LINCOLN 1,23.14,73,66.33333333333333,6,73.16666666666667,20,69.5,26,64.66666666666667,21,62.63333333333333,,,,
22:20:00,717625,210,E,ML,34.160546,-118.158748,MOUNTAIN 2,24.16,90,65.13333333333334,31,68.73333333333333,6,71.03333333333333,6,66.63333333333334,48,62.26666666666667,,,,
22:20:00,717628,210,E,ML,34.152216,-118.156144,WALNUT,24.81,20,65.16666666666667,20,65.16666666666667,,,,,,,,,,
22:20:00,717631,210,E,ML,34.15099,-118.152369,FAIR OAKS 1,25.12,49,65.1,10,70.6,15,67.0,13,63.6,11,59.20000000000001,,,,
22:20:00,717633,210,E,ML,34.151691,-118.142523,MARENGO,25.72,435,69.5,74,75.4,86,72.9,75,71.0,76,68.2,70,63.6,54,63.6
22:20:00,717635,210,E,ML,34.151658,-118.12944,LAKE 2,26.47,279,67.36666666666666,57,72.73333333333333,51,71.03333333333335,52,67.56666666666666,50,65.89999999999999,70,61.1,,
22:20:00,717638,210,E,ML,34.152187,-118.117782,HILL 1,27.14,287,71.39999999999999,63,75.83333333333333,65,73.93333333333334,56,71.73333333333333,58,68.8,45,65.0,,
22:20:00,717640,210,E,ML,34.152301,-118.109239,ALLEN,27.63,262,70.06666666666666,23,76.46666666666665,62,72.89999999999999,70,71.7,52,70.2,55,61.96666666666667,,
22:20:00,717646,210,E,ML,34.151406,-118.091041,SAN GABRIEL,28.68,274,72.63333333333334,69,76.23333333333333,72,75.39999999999999,49,72.56666666666666,46,68.86666666666666,39,65.23333333333333,,
22:20:00,717650,210,E,ML,34.147621,-118.079037,SIERRA MADRE V2,29.44,259,70.26666666666667,69,73.93333333333334,60,73.0,53,69.39999999999999,48,66.8,30,63.66666666666666,,
22:20:00,761093,210,E,HV,34.151691,-118.142523,MARENGO,25.72,49,65.1,49,65.1,,,,,,,,,,
22:20:00,761098,210,E,HV,34.151658,-118.12944,LAKE 2,26.47,49,65.1,49,65.1,,,,,,,,,,
22:20:00,761102,210,E,HV,34.152187,-118.117782,HILL 1,27.14,23,64.93333333333334,23,64.93333333333334,,,,,,,,,,
22:20:00,761105,210,E,HV,34.152301,-118.109239,ALLEN,27.63,53,64.36666666666666,53,64.36666666666666,,,,,,,,,,
22:20:00,761109,210,E,HV,34.151406,-118.091041,SAN GABRIEL,28.68,22,64.89999999999999,22,64.89999999999999,,,,,,,,,,
22:20:00,761112,210,E,HV,34.147621,-118.079037,SIERRA MADRE V2,29.44,21,64.83333333333333,21,64.83333333333333,,,,,,,,,,
22:20:00,763614,210,E,HV,34.15099,-118.152369,FAIR OAKS 1,25.12,49,65.1,49,65.1,,,,,,,,,,
22:20:00,769788,210,E,ML,34.189219,-118.180753,BERKSHIRE,21.58,123,63.76666666666666,27,69.33333333333333,35,65.96666666666665,32,61.26666666666667,29,58.6,,,,
22:20:00,769806,210,E,ML,34.196934,-118.185042,FOOTHILL,20.98,95,69.3,27,70.83333333333333,21,70.13333333333333,31,66.83333333333333,15,64.93333333333334,,,,
22:20:00,769819,210,E,ML,34.205892,-118.198234,ANGELES CREST HWY NB,19.98,49,65.1,10,70.6,15,67.0,13,63.6,11,59.20000000000001,,,,
22:20:00,769831,210,E,ML,34.206745,-118.201533,ANGELES CREST HWY SB,19.78,108,64.43333333333334,23,69.89999999999999,33,66.53333333333335,28,61.86666666666667,24,59.1,,,,
22:20:00,769847,210,E,ML,34.211728,-118.228265,OCEAN VIEW,18.18,54,67.89999999999999,12,74.7,14,70.86666666666666,15,64.43333333333332,13,62.76666666666667,,,,
22:20:00,769866,210,E,ML,34.218398,-118.239738,LA CRESCENTA,17.38,93,67.76666666666667,12,74.60000000000001,16,70.06666666666666,25,63.9,40,67.53333333333333,,,,
22:20:00,769880,210,E,ML,34.221426,-118.245718,PENNSYLVANIA,16.98,77,64.86666666666666,22,67.53333333333333,18,67.53333333333333,25,62.1,12,62.66666666666666,,,,
22:20:00,769895,210,E,ML,34.230849,-118.265101,LOWELL / HONOLULU,15.68,85,65.93333333333334,20,71.0,27,67.46666666666665,23,62.6,16,61.26666666666667,,,,
22:20:00,769984,210,E,ML,34.202989,-118.191827,GOULD,20.4,124,63.66666666666666,28,69.23333333333333,35,65.83333333333333,32,61.3,30,58.6,,,,
22:20:00,770116,210,E,ML,34.234317,-118.286992,LA TUNA CANYON,14.39,69,65.33333333333333,17,70.96666666666667,23,67.63333333333333,16,61.06666666666666,13,59.46666666666667,,,,
22:20:00,770385,210,E,ML,34.206925,-118.21372,EB/NB 2 TO EB 210 CN,19.08,52,66.39999999999999,9,74.86666666666667,11,70.8,16,65.46666666666667,17,62.79999999999999,,,,
22:20:00,770578,210,E,ML,34.156489,-118.158295,WINONA WAY,24.442,19,67.5,10,71.0,9,64.96666666666667,,,,,,,,
22:25:00,717617,210,E,ML,34.179921,-118.167405,ARROYO,22.6,92,64.86666666666667,20,70.36666666666666,26,66.89999999999999,24,62.833333333333336,22,59.43333333333334,,,,
22:25:00,717620,210,E,ML,34.174756,-118.160407,LINCOLN 1,23.14,66,67.7,9,73.26666666666667,19,69.56666666666666,23,67.76666666666667,15,61.13333333333333,,,,
22:25:00,717625,210,E,ML,34.160546,-118.158748,MOUNTAIN 2,24.16,74,65.96666666666667,26,69.46666666666667,2,71.10000000000001,13,66.66666666666667,33,61.9,,,,
22:25:00,717628,210,E,ML,34.152216,-118.156144,WALNUT,24.81,18,65.2,18,65.2,,,,,,,,,,
22:25:00,717631,210,E,ML,34.15099,-118.152369,FAIR OAKS 1,25.12,47,65.2,10,70.6,14,67.0,13,63.6,10,59.20000000000001,,,,
22:25:00,717633,210,E,ML,34.151691,-118.142523,MARENGO,25.72,414,69.5,70,75.4,82,72.9,71,71.0,73,68.2,66,63.6,52,63.6
22:25:00,717635,210,E,ML,34.151658,-118.12944,LAKE 2,26.47,277,67.36666666666666,56,72.8,51,71.06666666666666,51,67.63333333333334,49,66.0,69,61.13333333333333,,
22:25:00,717638,210,E,ML,34.152187,-118.117782,HILL 1,27.14,273,71.63333333333334,61,75.96666666666667,56,74.0,48,71.86666666666666,57,69.0,51,66.60000000000001,,
22:25:00,717640,210,E,ML,34.152301,-118.109239,ALLEN,27.63,252,70.7,19,76.43333333333334,61,73.3,59,71.60000000000001,49,70.43333333333334,64,65.76666666666667,,
22:25:00,717646,210,E,ML,34.151406,-118.091041,SAN GABRIEL,28.68,276,72.46666666666667,64,76.13333333333333,69,75.03333333333333,47,73.39999999999999,51,69.96666666666667,45,63.03333333333333,,
22:25:00,717650,210,E,ML,34.147621,-118.079037,SIERRA MADRE V2,29.44,251,70.46666666666667,61,73.60000000000001,58,72.8,49,70.8,52,68.16666666666667,30,63.333333333333336,,
22:25:00,761093,210,E,HV,34.151691,-118.142523,MARENGO,25.72,47,65.1,47,65.1,,,,,,,,,,
22:25:00,761098,210,E,HV,34.151658,-118.12944,LAKE 2,26.47,47,65.1,47,65.1,,,,,,,,,,
22:25:00,761102,210,E,HV,34.152187,-118.117782,HILL 1,27.14,19,64.93333333333334,19,64.93333333333334,,,,,,,,,,
22:25:00,761105,210,E,HV,34.152301,-118.109239,ALLEN,27.63,51,65.0,51,65.0,,,,,,,,,,
22:25:00,761109,210,E,HV,34.151406,-118.091041,SAN GABRIEL,28.68,18,64.93333333333334,18,64.93333333333334,,,,,,,,,,
22:25:00,761112,210,E,HV,34.147621,-118.079037,SIERRA MADRE V2,29.44,17,64.89999999999999,17,64.89999999999999,,,,,,,,,,
22:25:00,763614,210,E,HV,34.15099,-118.152369,FAIR OAKS 1,25.12,47,65.1,47,65.1,,,,,,,,,,
22:25:00,769788,210,E,ML,34.189219,-118.180753,BERKSHIRE,21.58,105,64.73333333333333,24,70.10000000000001,32,66.83333333333333,27,62.06666666666666,22,59.333333333333336,,,,
22:25:00,769806,210,E,ML,34.196934,-118.185042,FOOTHILL,20.98,63,67.83333333333333,20,70.23333333333333,12,70.3,17,67.39999999999999,15,62.96666666666667,,,,
22:25:00,769819,210,E,ML,34.205892,-118.198234,ANGELES CREST HWY NB,19.98,47,65.2,10,70.6,14,67.0,13,63.6,10,59.20000000000001,,,,
22:25:00,769831,210,E,ML,34.206745,-118.201533,ANGELES CREST HWY SB,19.78,103,64.5,23,69.96666666666667,30,66.7,26,62.1,24,59.26666666666667,,,,
22:25:00,769847,210,E,ML,34.211728,-118.228265,OCEAN VIEW,18.18,51,68.03333333333335,8,74.8,17,71.0,15,64.73333333333333,11,63.03333333333333,,,,
22:25:00,769866,210,E,ML,34.218398,-118.239738,LA CRESCENTA,17.38,96,70.39999999999999,11,74.8,18,70.43333333333334,27,68.93333333333334,41,69.8,,,,
22:25:00,769880,210,E,ML,34.221426,-118.245718,PENNSYLVANIA,16.98,88,65.73333333333333,24,68.73333333333333,20,67.63333333333334,32,62.66666666666666,12,62.7,,,,
22:25:00,769895,210,E,ML,34.230849,-118.265101,LOWELL / HONOLULU,15.68,93,66.56666666666666,22,71.0,27,66.8,27,64.76666666666667,17,62.4,,,,
22:25:00,769984,210,E,ML,34.202989,-118.191827,GOULD,20.4,105,64.66666666666667,24,70.06666666666666,32,66.7,27,62.06666666666666,23,59.333333333333336,,,,
22:25:00,770116,210,E,ML,34.234317,-118.286992,LA TUNA CANYON,14.39,69,64.46666666666667,17,69.8,23,66.7,17,60.2,12,59.16666666666666,,,,
22:25:00,770385,210,E,ML,34.206925,-118.21372,EB/NB 2 TO EB 210 CN,19.08,60,69.76666666666667,10,74.83333333333333,19,71.10000000000001,20,69.03333333333333,10,63.1,,,,
22:25:00,770578,210,E,ML,34.156489,-118.158295,WINONA WAY,24.442,15,67.8,9,71.06666666666666,6,65.0,,,,,,,,
22:30:00,717617,210,E,ML,34.179921,-118.167405,ARROYO,22.6,96,66.03333333333335,21,71.53333333333333,28,68.03333333333333,25,64.06666666666666,22,60.43333333333334,,,,
22:30:00,717620,210,E,ML,34.174756,-118.160407,LINCOLN 1,23.14,69,67.89999999999999,7,73.3,17,69.60000000000001,24,68.66666666666667,21,63.66666666666666,,,,
22:30:00,717625,210,E,ML,34.160546,-118.158748,MOUNTAIN 2,24.16,77,69.5,28,70.63333333333334,5,71.10000000000001,7,67.0,37,68.33333333333333,,,,
22:30:00,717628,210,E,ML,34.152216,-118.156144,WALNUT,24.81,18,65.33333333333333,18,65.33333333333333,,,,,,,,,,
22:30:00,717631,210,E,ML,34.15099,-118.152369,FAIR OAKS 1,25.12,46,65.2,10,70.6,14,67.0,12,63.6,10,59.20000000000001,,,,
22:30:00,717633,210,E,ML,34.151691,-118.142523,MARENGO,25.72,407,69.7,69,75.6,80,73.1,70,71.2,72,68.4,65,63.70000000000001,51,63.70000000000001
22:30:00,717635,210,E,ML,34.151658,-118.12944,LAKE 2,26.47,243,67.53333333333333,50,72.93333333333334,43,71.33333333333333,45,67.8,43,66.16666666666667,61,61.26666666666667,,
22:30:00,717638,210,E,ML,34.152187,-118.117782,HILL 1,27.14,246,71.96666666666667,49,76.06666666666666,58,73.3,44,71.83333333333333,50,69.0,44,69.0,,
22:30:00,717640,210,E,ML,34.152301,-118.109239,ALLEN,27.63,220,71.06666666666666,16,76.36666666666667,51,73.43333333333332,58,71.8,46,73.39999999999999,49,64.10000000000001,,
22:30:00,717646,210,E,ML,34.151406,-118.091041,SAN GABRIEL,28.68,241,72.8,54,75.76666666666667,60,75.53333333333335,51,76.23333333333333,42,68.39999999999999,34,63.0,,
22:30:00,717650,210,E,ML,34.147621,-118.079037,SIERRA MADRE V2,29.44,217,70.83333333333333,48,74.06666666666666,53,72.7,46,74.03333333333335,39,67.43333333333334,30,62.13333333333333,,
22:30:00,761093,210,E,HV,34.151691,-118.142523,MARENGO,25.72,46,65.1,46,65.1,,,,,,,,,,
22:30:00,761098,210,E,HV,34.151658,-118.12944,LAKE 2,26.47,46,65.1,46,65.1,,,,,,,,,,
22:30:00,761102,210,E,HV,34.152187,-118.117782,HILL 1,27.14,15,64.9,15,64.9,,,,,,,,,,
22:30:00,761105,210,E,HV,34.152301,-118.109239,ALLEN,27.63,49,64.76666666666667,49,64.76666666666667,,,,,,,,,,
22:30:00,761109,210,E,HV,34.151406,-118.091041,SAN GABRIEL,28.68,16,64.86666666666667,16,64.86666666666667,,,,,,,,,,
22:30:00,761112,210,E,HV,34.147621,-118.079037,SIERRA MADRE V2,29.44,13,64.93333333333334,13,64.93333333333334,,,,,,,,,,
22:30:00,763614,210,E,HV,34.15099,-118.152369,FAIR OAKS 1,25.12,46,65.1,46,65.1,,,,,,,,,,
22:30:00,769788,210,E,ML,34.189219,-118.180753,BERKSHIRE,21.58,114,63.43333333333334,25,68.86666666666666,34,65.56666666666666,30,60.93333333333334,25,58.23333333333333,,,,
22:30:00,769806,210,E,ML,34.196934,-118.185042,FOOTHILL,20.98,83,68.10000000000001,24,70.26666666666667,17,70.60000000000001,22,66.0,20,64.56666666666666,,,,
22:30:00,769819,210,E,ML,34.205892,-118.198234,ANGELES CREST HWY NB,19.98,46,65.2,10,70.6,14,67.0,12,63.6,10,59.20000000000001,,,,
22:30:00,769831,210,E,ML,34.206745,-118.201533,ANGELES CREST HWY SB,19.78,114,63.2,24,68.66666666666667,33,65.39999999999999,29,60.76666666666667,27,58.1,,,,
22:30:00,769847,210,E,ML,34.211728,-118.228265,OCEAN VIEW,18.18,67,67.66666666666667,15,74.7,21,70.76666666666667,14,63.0,17,61.46666666666667,,,,
22:30:00,769866,210,E,ML,34.218398,-118.239738,LA CRESCENTA,17.38,96,66.93333333333334,12,74.73333333333333,19,70.66666666666667,25,66.0,41,63.6,,,,
22:30:00,769880,210,E,ML,34.221426,-118.245718,PENNSYLVANIA,16.98,96,63.03333333333333,24,64.63333333333334,23,67.86666666666666,36,61.03333333333333,13,62.76666666666667,,,,
22:30:00,769895,210,E,ML,34.230849,-118.265101,LOWELL / HONOLULU,15.68,104,66.83333333333333,24,71.3,33,67.76666666666667,27,64.36666666666666,20,62.96666666666667,,,,
22:30:00,769984,210,E,ML,34.202989,-118.191827,GOULD,20.4,116,63.36666666666667,26,68.76666666666667,34,65.46666666666665,30,61.03333333333333,27,58.3,,,,
22:30:00,770116,210,E,ML,34.234317,-118.286992,LA TUNA CANYON,14.39,76,64.5,19,69.96666666666667,25,66.83333333333333,18,59.53333333333333,13,59.06666666666666,,,,
22:30:00,770385,210,E,ML,34.206925,-118.21372,EB/NB 2 TO EB 210 CN,19.08,67,67.43333333333334,11,74.86666666666667,18,70.8,24,64.46666666666665,14,62.333333333333336,,,,
22:30:00,770578,210,E,ML,34.156489,-118.158295,WINONA WAY,24.442,15,68.33333333333333,9,71.13333333333334,6,65.13333333333333,,,,,,,,
22:35:00,717617,210,E,ML,34.179921,-118.167405,ARROYO,22.6,108,64.56666666666666,24,70.16666666666667,31,66.7,28,62.5,26,59.23333333333333,,,,
22:35:00,717620,210,E,ML,34.174756,-118.160407,LINCOLN 1,23.14,84,66.36666666666666,7,73.3,22,69.89999999999999,27,65.73333333333333,28,62.63333333333333,,,,
22:35:00,717625,210,E,ML,34.160546,-118.158748,MOUNTAIN 2,24.16,78,68.89999999999999,33,69.53333333333335,4,71.13333333333333,9,67.10000000000001,33,67.83333333333333,,,,
22:35:00,717628,210,E,ML,34.152216,-118.156144,WALNUT,24.81,19,65.23333333333333,19,65.23333333333333,,,,,,,,,,
22:35:00,717631,210,E,ML,34.15099,-118.152369,FAIR OAKS 1,25.12,44,65.0,9,70.6,13,67.0,12,63.6,10,59.20000000000001,,,,
22:35:00,717633,210,E,ML,34.151691,-118.142523,MARENGO,25.72,395,70.0,67,75.9,78,73.5,68,71.5,70,68.7,63,64.0,49,64.0
22:35:00,717635,210,E,ML,34.151658,-118.12944,LAKE 2,26.47,231,67.39999999999999,48,72.83333333333333,40,71.13333333333333,43,67.7,41,66.03333333333333,59,61.2,,
22:35:00,717638,210,E,ML,34.152187,-118.117782,HILL 1,27.14,254,72.3,59,76.10000000000001,59,73.46666666666665,48,71.86666666666666,47,69.06666666666666,41,68.8,,
22:35:00,717640,210,E,ML,34.152301,-118.109239,ALLEN,27.63,229,71.8,16,76.43333333333334,57,73.3,59,72.39999999999999,49,72.10000000000001,49,68.0,,
22:35:00,717646,210,E,ML,34.151406,-118.091041,SAN GABRIEL,28.68,239,73.0,53,75.23333333333333,64,74.7,46,72.53333333333335,37,74.53333333333333,38,65.96666666666665,,
22:35:00,717650,210,E,ML,34.147621,-118.079037,SIERRA MADRE V2,29.44,220,72.73333333333333,55,75.26666666666667,59,74.3,46,74.8,36,70.7,24,62.46666666666666,,
22:35:00,761093,210,E,HV,34.151691,-118.142523,MARENGO,25.72,44,65.1,44,65.1,,,,,,,,,,
22:35:00,761098,210,E,HV,34.151658,-118.12944,LAKE 2,26.47,44,65.1,44,65.1,,,,,,,,,,
22:35:00,761102,210,E,HV,34.152187,-118.117782,HILL 1,27.14,17,64.96666666666667,17,64.96666666666667,,,,,,,,,,
22:35:00,761105,210,E,HV,34.152301,-118.109239,ALLEN,27.63,40,64.86666666666666,40,64.86666666666666,,,,,,,,,,
22:35:00,761109,210,E,HV,34.151406,-118.091041,SAN GABRIEL,28.68,16,64.96666666666667,16,64.96666666666667,,,,,,,,,,
22:35:00,761112,210,E,HV,34.147621,-118.079037,SIERRA MADRE V2,29.44,16,65.03333333333333,16,65.03333333333333,,,,,,,,,,
22:35:00,763614,210,E,HV,34.15099,-118.152369,FAIR OAKS 1,25.12,44,65.1,44,65.1,,,,,,,,,,
22:35:00,769788,210,E,ML,34.189219,-118.180753,BERKSHIRE,21.58,121,65.89999999999999,28,71.36666666666667,36,68.0,30,63.43333333333334,28,60.46666666666666,,,,
22:35:00,769806,210,E,ML,34.196934,-118.185042,FOOTHILL,20.98,92,69.23333333333333,25,71.93333333333334,23,70.36666666666666,25,68.83333333333333,19,65.2,,,,
22:35:00,769819,210,E,ML,34.205892,-118.198234,ANGELES CREST HWY NB,19.98,44,65.0,9,70.6,13,67.0,12,63.6,10,59.20000000000001,,,,
22:35:00,769831,210,E,ML,34.206745,-118.201533,ANGELES CREST HWY SB,19.78,118,63.06666666666666,25,68.43333333333334,35,65.16666666666667,31,60.63333333333333,26,57.93333333333334,,,,
22:35:00,769847,210,E,ML,34.211728,-118.228265,OCEAN VIEW,18.18,60,66.39999999999999,10,74.7,17,70.63333333333333,16,60.8,17,63.16666666666666,,,,
22:35:00,769866,210,E,ML,34.218398,-118.239738,LA CRESCENTA,17.38,95,66.53333333333335,15,74.63333333333334,14,69.86666666666666,23,65.2,43,62.93333333333334,,,,
22:35:00,769880,210,E,ML,34.221426,-118.245718,PENNSYLVANIA,16.98,85,62.1,25,62.23333333333333,20,67.23333333333333,28,57.7,13,62.76666666666667,,,,
22:35:00,769895,210,E,ML,34.230849,-118.265101,LOWELL / HONOLULU,15.68,90,65.36666666666666,20,70.73333333333333,29,66.76666666666667,25,62.8,17,59.5,,,,
22:35:00,769984,210,E,ML,34.202989,-118.191827,GOULD,20.4,124,65.83333333333333,29,71.26666666666667,36,67.89999999999999,31,63.43333333333334,29,60.43333333333334,,,,
22:35:00,770116,210,E,ML,34.234317,-118.286992,LA TUNA CANYON,14.39,74,65.06666666666666,19,70.46666666666665,25,67.23333333333333,17,60.76666666666667,13,59.36666666666667,,,,
22:35:00,770385,210,E,ML,34.206925,-118.21372,EB/NB 2 TO EB 210 CN,19.08,69,66.3,13,74.53333333333335,15,71.0,19,62.5,21,61.7,,,,
22:35:00,770578,210,E,ML,34.156489,-118.158295,WINONA WAY,24.442,17,68.66666666666667,9,71.06666666666666,8,65.03333333333333,,,,,,,,
22:40:00,717617,210,E,ML,34.179921,-118.167405,ARROYO,22.6,90,62.76666666666667,18,68.23333333333333,26,64.83333333333333,24,60.833333333333336,21,57.73333333333333,,,,
22:40:00,717620,210,E,ML,34.174756,-118.160407,LINCOLN 1,23.14,67,63.53333333333333,10,73.2,16,69.0,18,63.43333333333334,23,56.6,,,,
22:40:00,717625,210,E,ML,34.160546,-118.158748,MOUNTAIN 2,24.16,70,66.63333333333334,25,67.96666666666667,5,71.10000000000001,4,67.13333333333334,36,65.10000000000001,,,,
22:40:00,717628,210,E,ML,34.152216,-118.156144,WALNUT,24.81,15,65.3,15,65.3,,,,,,,,,,
22:40:00,717631,210,E,ML,34.15099,-118.152369,FAIR OAKS 1,25.12,44,65.0,9,70.6,13,67.0,12,63.6,10,59.20000000000001,,,,
22:40:00,717633,210,E,ML,34.151691,-118.142523,MARENGO,25.72,394,70.2,67,76.2,78,73.7,68,71.7,69,68.9,63,64.2,49,64.2
22:40:00,717635,210,E,ML,34.151658,-118.12944,LAKE 2,26.47,242,67.43333333333334,50,72.83333333333333,43,71.10000000000001,44,67.63333333333334,43,65.96666666666665,61,61.16666666666666,,
22:40:00,717638,210,E,ML,34.152187,-118.117782,HILL 1,27.14,254,71.89999999999999,60,76.36666666666667,55,73.5,45,71.83333333333333,49,69.10000000000001,45,66.83333333333333,,
22:40:00,717640,210,E,ML,34.152301,-118.109239,ALLEN,27.63,239,70.56666666666666,20,76.56666666666666,57,73.10000000000001,59,72.53333333333335,46,67.93333333333334,58,65.60000000000001,,
22:40:00,717646,210,E,ML,34.151406,-118.091041,SAN GABRIEL,28.68,256,72.39999999999999,57,76.26666666666667,72,73.83333333333333,48,72.5,45,71.2,35,64.7,,
22:40:00,717650,210,E,ML,34.147621,-118.079037,SIERRA MADRE V2,29.44,220,70.9,52,74.8,53,73.7,45,71.60000000000001,44,67.10000000000001,26,63.0,,
22:40:00,761093,210,E,HV,34.151691,-118.142523,MARENGO,25.72,44,65.1,44,65.1,,,,,,,,,,
22:40:00,761098,210,E,HV,34.151658,-118.12944,LAKE 2,26.47,44,65.1,44,65.1,,,,,,,,,,
22:40:00,761102,210,E,HV,34.152187,-118.117782,HILL 1,27.14,18,64.93333333333334,18,64.93333333333334,,,,,,,,,,
22:40:00,761105,210,E,HV,34.152301,-118.109239,ALLEN,27.63,44,64.43333333333334,44,64.43333333333334,,,,,,,,,,
22:40:00,761109,210,E,HV,34.151406,-118.091041,SAN GABRIEL,28.68,19,65.16666666666667,19,65.16666666666667,,,,,,,,,,
22:40:00,761112,210,E,HV,34.147621,-118.079037,SIERRA MADRE V2,29.44,19,65.06666666666666,19,65.06666666666666,,,,,,,,,,
22:40:00,763614,210,E,HV,34.15099,-118.152369,FAIR OAKS 1,25.12,44,65.1,44,65.1,,,,,,,,,,
22:40:00,769788,210,E,ML,34.189219,-118.180753,BERKSHIRE,21.58,129,64.89999999999999,32,70.10000000000001,38,66.8,32,62.26666666666667,28,59.36666666666667,,,,
22:40:00,769806,210,E,ML,34.196934,-118.185042,FOOTHILL,20.98,95,68.53333333333333,28,71.06666666666666,19,70.2,27,66.96666666666667,22,65.3,,,,
22:40:00,769819,210,E,ML,34.205892,-118.198234,ANGELES CREST HWY NB,19.98,44,65.0,9,70.6,13,67.0,12,63.6,10,59.20000000000001,,,,
22:40:00,769831,210,E,ML,34.206745,-118.201533,ANGELES CREST HWY SB,19.78,111,61.9,23,67.36666666666667,33,64.10000000000001,30,59.53333333333333,25,57.0,,,,
22:40:00,769847,210,E,ML,34.211728,-118.228265,OCEAN VIEW,18.18,62,65.63333333333334,10,74.73333333333333,18,70.56666666666666,15,61.633333333333326,19,59.8,,,,
22:40:00,769866,210,E,ML,34.218398,-118.239738,LA CRESCENTA,17.38,93,64.3,10,74.60000000000001,14,70.5,20,59.4,48,62.0,,,,
22:40:00,769880,210,E,ML,34.221426,-118.245718,PENNSYLVANIA,16.98,83,61.4,24,59.8,17,67.66666666666667,29,58.03333333333333,13,62.79999999999999,,,,
22:40:00,769895,210,E,ML,34.230849,-118.265101,LOWELL / HONOLULU,15.68,94,64.7,22,70.96666666666665,29,66.83333333333333,26,61.16666666666666,17,58.2,,,,
22:40:00,769984,210,E,ML,34.202989,-118.191827,GOULD,20.4,131,64.86666666666667,32,70.06666666666666,38,66.73333333333333,32,62.36666666666667,28,59.4,,,,
22:40:00,770116,210,E,ML,34.234317,-118.286992,LA TUNA CANYON,14.39,68,66.53333333333335,17,71.8,23,68.39999999999999,16,63.70000000000001,13,60.23333333333333,,,,
22:40:00,770385,210,E,ML,34.206925,-118.21372,EB/NB 2 TO EB 210 CN,19.08,61,64.13333333333333,13,74.66666666666667,12,71.06666666666666,18,60.9,19,55.16666666666666,,,,
22:40:00,770578,210,E,ML,34.156489,-118.158295,WINONA WAY,24.442,17,69.89999999999999,13,71.13333333333334,4,65.1,,,,,,,,
22:45:00,717617,210,E,ML,34.179921,-118.167405,ARROYO,22.6,104,61.9,25,66.93333333333334,30,63.6,26,59.76666666666667,23,56.66666666666666,,,,
22:45:00,717620,210,E,ML,34.174756,-118.160407,LINCOLN 1,23.14,83,63.03333333333333,12,73.26666666666667,22,67.26666666666667,27,60.73333333333333,23,56.9,,,,
22:45:00,717625,210,E,ML,34.160546,-118.158748,MOUNTAIN 2,24.16,79,66.66666666666667,30,67.06666666666666,6,71.03333333333335,10,67.2,32,63.5,,,,
22:45:00,717628,210,E,ML,34.152216,-118.156144,WALNUT,24.81,18,65.0,18,65.0,,,,,,,,,,
22:45:00,717631,210,E,ML,34.15099,-118.152369,FAIR OAKS 1,25.12,43,65.2,9,70.6,13,67.0,12,63.6,9,59.20000000000001,,,,
22:45:00,717633,210,E,ML,34.151691,-118.142523,MARENGO,25.72,379,70.3,64,76.3,75,73.8,65,71.8,67,69.0,61,64.3,47,64.3
22:45:00,717635,210,E,ML,34.151658,-118.12944,LAKE 2,26.47,238,67.60000000000001,50,73.0,42,71.39999999999999,44,67.86666666666666,42,66.16666666666667,60,61.3,,
22:45:00,717638,210,E,ML,34.152187,-118.117782,HILL 1,27.14,258,72.33333333333333,57,76.8,62,74.03333333333333,50,71.89999999999999,46,69.2,44,68.5,,
22:45:00,717640,210,E,ML,34.152301,-118.109239,ALLEN,27.63,232,70.16666666666667,20,76.53333333333333,55,73.10000000000001,63,72.60000000000001,46,70.60000000000001,48,60.53333333333333,,
22:45:00,717646,210,E,ML,34.151406,-118.091041,SAN GABRIEL,28.68,251,72.53333333333335,59,75.83333333333333,63,75.73333333333333,49,77.60000000000001,42,65.2,38,63.73333333333333,,
22:45:00,717650,210,E,ML,34.147621,-118.079037,SIERRA MADRE V2,29.44,225,70.8,59,74.7,57,73.43333333333334,46,72.66666666666667,38,63.20000000000001,25,63.8,,
22:45:00,761093,210,E,HV,34.151691,-118.142523,MARENGO,25.72,43,65.1,43,65.1,,,,,,,,,,
22:45:00,761098,210,E,HV,34.151658,-118.12944,LAKE 2,26.47,43,65.1,43,65.1,,,,,,,,,,
22:45:00,761102,210,E,HV,34.152187,-118.117782,HILL 1,27.14,21,65.0,21,65.0,,,,,,,,,,
22:45:00,761105,210,E,HV,34.152301,-118.109239,ALLEN,27.63,46,65.60000000000001,46,65.60000000000001,,,,,,,,,,
22:45:00,761109,210,E,HV,34.151406,-118.091041,SAN GABRIEL,28.68,20,65.16666666666667,20,65.16666666666667,,,,,,,,,,
22:45:00,761112,210,E,HV,34.147621,-118.079037,SIERRA MADRE V2,29.44,21,65.23333333333333,21,65.23333333333333,,,,,,,,,,
22:45:00,763614,210,E,HV,34.15099,-118.152369,FAIR OAKS 1,25.12,43,65.1,43,65.1,,,,,,,,,,
22:45:00,769788,210,E,ML,34.189219,-118.180753,BERKSHIRE,21.58,133,65.23333333333333,29,70.89999999999999,38,67.53333333333333,35,62.7,31,59.9,,,,
22:45:00,769806,210,E,ML,34.196934,-118.185042,FOOTHILL,20.98,99,68.63333333333334,29,71.23333333333333,19,69.8,20,66.5,30,66.1,,,,
22:45:00,769819,210,E,ML,34.205892,-118.198234,ANGELES CREST HWY NB,19.98,43,65.2,9,70.6,13,67.0,12,63.6,9,59.20000000000001,,,,
22:45:00,769831,210,E,ML,34.206745,-118.201533,ANGELES CREST HWY SB,19.78,114,64.36666666666666,26,69.8,34,66.39999999999999,28,61.66666666666666,25,58.93333333333334,,,,
22:45:00,769847,210,E,ML,34.211728,-118.228265,OCEAN VIEW,18.18,59,66.53333333333335,9,74.8,18,70.26666666666667,19,64.13333333333334,13,58.66666666666666,,,,
22:45:00,769866,210,E,ML,34.218398,-118.239738,LA CRESCENTA,17.38,106,66.89999999999999,13,74.5,15,70.46666666666665,27,61.96666666666666,52,66.39999999999999,,,,
22:45:00,769880,210,E,ML,34.221426,-118.245718,PENNSYLVANIA,16.98,83,64.06666666666666,27,67.0,18,67.8,28,59.66666666666666,10,62.66666666666666,,,,
22:45:00,769895,210,E,ML,34.230849,-118.265101,LOWELL / HONOLULU,15.68,84,64.7,19,71.06666666666666,27,66.03333333333335,22,63.0,16,57.66666666666666,,,,
22:45:00,769984,210,E,ML,34.202989,-118.191827,GOULD,20.4,132,65.10000000000001,29,70.8,38,67.36666666666667,35,62.7,31,59.9,,,,
22:45:00,770116,210,E,ML,34.234317,-118.286992,LA TUNA CANYON,14.39,64,64.53333333333333,15,69.8,22,66.7,15,60.2,11,59.1,,,,
22:45:00,770385,210,E,ML,34.206925,-118.21372,EB/NB 2 TO EB 210 CN,19.08,59,66.7,8,74.66666666666667,13,70.7,20,68.26666666666667,18,55.8,,,,
22:45:00,770578,210,E,ML,34.156489,-118.158295,WINONA WAY,24.442,15,68.23333333333333,8,71.06666666666666,7,64.73333333333333,,,,,,,,
22:50:00,717617,210,E,ML,34.179921,-118.167405,ARROYO,22.6,85,63.76666666666667,18,69.23333333333333,24,65.8,22,61.7,20,58.43333333333334,,,,
22:50:00,717620,210,E,ML,34.174756,-118.160407,LINCOLN 1,23.14,59,64.46666666666665,7,73.16666666666667,13,68.39999999999999,23,65.63333333333333,16,56.96666666666667,,,,
22:50:00,717625,210,E,ML,34.160546,-118.158748,MOUNTAIN 2,24.16,69,66.0,24,68.53333333333335,7,71.10000000000001,2,67.2,35,63.06666666666666,,,,
22:50:00,717628,210,E,ML,34.152216,-118.156144,WALNUT,24.81,15,65.16666666666667,15,65.16666666666667,,,,,,,,,,
22:50:00,717631,210,E,ML,34.15099,-118.152369,FAIR OAKS 1,25.12,41,65.2,9,70.6,12,67.0,11,63.6,9,59.20000000000001,,,,
22:50:00,717633,210,E,ML,34.151691,-118.142523,MARENGO,25.72,361,70.5,61,76.5,71,74.0,62,72.0,64,69.2,58,64.5,45,64.5
22:50:00,717635,210,E,ML,34.151658,-118.12944,LAKE 2,26.47,217,67.7,46,73.06666666666666,38,71.5,39,67.93333333333332,39,66.3,55,61.36666666666667,,
22:50:00,717638,210,E,ML,34.152187,-118.117782,HILL 1,27.14,230,72.23333333333333,48,76.3,53,74.63333333333334,47,71.86666666666666,45,69.16666666666667,39,68.26666666666667,,
22:50:00,717640,210,E,ML,34.152301,-118.109239,ALLEN,27.63,213,68.03333333333333,10,76.46666666666667,46,73.06666666666666,58,73.16666666666667,48,67.36666666666666,51,56.5,,
22:50:00,717646,210,E,ML,34.151406,-118.091041,SAN GABRIEL,28.68,230,70.16666666666667,47,75.7,63,74.3,47,72.53333333333335,40,62.03333333333333,34,61.13333333333333,,
22:50:00,717650,210,E,ML,34.147621,-118.079037,SIERRA MADRE V2,29.44,215,69.46666666666667,49,73.53333333333335,56,73.7,49,68.73333333333333,37,62.53333333333333,25,63.4,,
22:50:00,761093,210,E,HV,34.151691,-118.142523,MARENGO,25.72,41,65.1,41,65.1,,,,,,,,,,
22:50:00,761098,210,E,HV,34.151658,-118.12944,LAKE 2,26.47,41,65.1,41,65.1,,,,,,,,,,
22:50:00,761102,210,E,HV,34.152187,-118.117782,HILL 1,27.14,10,65.03333333333333,10,65.03333333333333,,,,,,,,,,
22:50:00,761105,210,E,HV,34.152301,-118.109239,ALLEN,27.63,44,64.46666666666667,44,64.46666666666667,,,,,,,,,,
22:50:00,761109,210,E,HV,34.151406,-118.091041,SAN GABRIEL,28.68,12,65.06666666666666,12,65.06666666666666,,,,,,,,,,
22:50:00,761112,210,E,HV,34.147621,-118.079037,SIERRA MADRE V2,29.44,14,65.03333333333333,14,65.03333333333333,,,,,,,,,,
22:50:00,763614,210,E,HV,34.15099,-118.152369,FAIR OAKS 1,25.12,41,65.1,41,65.1,,,,,,,,,,
22:50:00,769788,210,E,ML,34.189219,-118.180753,BERKSHIRE,21.58,105,64.13333333333334,23,69.7,31,66.36666666666666,26,61.6,25,58.9,,,,
22:50:00,769806,210,E,ML,34.196934,-118.185042,FOOTHILL,20.98,71,68.43333333333334,21,70.8,15,69.9,21,67.83333333333333,14,63.73333333333333,,,,
22:50:00,769819,210,E,ML,34.205892,-118.198234,ANGELES CREST HWY NB,19.98,41,65.2,9,70.6,12,67.0,11,63.6,9,59.20000000000001,,,,
22:50:00,769831,210,E,ML,34.206745,-118.201533,ANGELES CREST HWY SB,19.78,112,63.96666666666666,27,69.10000000000001,34,65.86666666666667,28,61.36666666666667,24,58.53333333333333,,,,
22:50:00,769847,210,E,ML,34.211728,-118.228265,OCEAN VIEW,18.18,58,67.39999999999999,10,74.73333333333333,18,70.16666666666667,15,67.2,15,59.2,,,,
22:50:00,769866,210,E,ML,34.218398,-118.239738,LA CRESCENTA,17.38,94,65.16666666666667,12,74.5,16,70.76666666666667,26,60.20000000000001,41,63.26666666666667,,,,
22:50:00,769880,210,E,ML,34.221426,-118.245718,PENNSYLVANIA,16.98,89,62.73333333333333,28,62.6,18,68.03333333333335,32,60.13333333333333,11,62.66666666666666,,,,
22:50:00,769895,210,E,ML,34.230849,-118.265101,LOWELL / HONOLULU,15.68,91,61.46666666666667,20,71.16666666666667,28,56.633333333333326,25,63.13333333333333,18,57.333333333333336,,,,
22:50:00,769984,210,E,ML,34.202989,-118.191827,GOULD,20.4,107,64.06666666666666,24,69.60000000000001,31,66.23333333333333,28,61.633333333333326,25,58.93333333333334,,,,
22:50:00,770116,210,E,ML,34.234317,-118.286992,LA TUNA CANYON,14.39,62,58.0,15,61.66666666666666,21,60.1,15,53.26666666666667,11,56.26666666666667,,,,
22:50:00,770385,210,E,ML,34.206925,-118.21372,EB/NB 2 TO EB 210 CN,19.08,62,67.60000000000001,9,74.76666666666667,19,68.60000000000001,18,68.83333333333333,15,60.56666666666666,,,,
22:50:00,770578,210,E,ML,34.156489,-118.158295,WINONA WAY,24.442,9,68.39999999999999,6,71.03333333333333,3,64.93333333333332,,,,,,,,
22:55:00,717617,210,E,ML,34.179921,-118.167405,ARROYO,22.6,99,64.36666666666666,25,69.53333333333333,29,66.10000000000001,24,61.93333333333334,20,58.7,,,,
22:55:00,717620,210,E,ML,34.174756,-118.160407,LINCOLN 1,23.14,72,64.16666666666667,9,73.10000000000001,19,68.8,22,65.43333333333334,22,55.53333333333334,,,,
22:55:00,717625,210,E,ML,34.160546,-118.158748,MOUNTAIN 2,24.16,79,66.0,29,68.66666666666667,8,71.03333333333335,7,67.2,35,61.333333333333336,,,,
22:55:00,717628,210,E,ML,34.152216,-118.156144,WALNUT,24.81,18,65.23333333333333,18,65.23333333333333,,,,,,,,,,
22:55:00,717631,210,E,ML,34.15099,-118.152369,FAIR OAKS 1,25.12,38,65.2,8,70.6,12,67.0,10,63.6,8,59.20000000000001,,,,
22:55:00,717633,210,E,ML,34.151691,-118.142523,MARENGO,25.72,348,70.4,59,76.4,69,73.9,60,71.9,61,69.1,56,64.4,43,64.4
22:55:00,717635,210,E,ML,34.151658,-118.12944,LAKE 2,26.47,208,67.39999999999999,44,72.83333333333333,36,71.0,38,67.63333333333334,37,66.0,53,61.13333333333333,,
22:55:00,717638,210,E,ML,34.152187,-118.117782,HILL 1,27.14,223,71.56666666666666,49,75.8,53,73.43333333333334,41,71.8,45,69.13333333333333,35,66.2,,
22:55:00,717640,210,E,ML,34.152301,-118.109239,ALLEN,27.63,205,68.53333333333333,16,76.5,50,73.0,54,71.63333333333334,40,64.63333333333334,45,60.56666666666666,,
22:55:00,717646,210,E,ML,34.151406,-118.091041,SAN GABRIEL,28.68,218,70.0,48,75.89999999999999,57,72.0,43,71.39999999999999,41,63.53333333333333,30,63.23333333333333,,
22:55:00,717650,210,E,ML,34.147621,-118.079037,SIERRA MADRE V2,29.44,206,68.10000000000001,50,72.96666666666667,48,72.0,47,67.06666666666668,40,61.03333333333333,21,63.46666666666666,,
22:55:00,761093,210,E,HV,34.151691,-118.142523,MARENGO,25.72,38,65.1,38,65.1,,,,,,,,,,
22:55:00,761098,210,E,HV,34.151658,-118.12944,LAKE 2,26.47,38,65.1,38,65.1,,,,,,,,,,
22:55:00,761102,210,E,HV,34.152187,-118.117782,HILL 1,27.14,17,65.03333333333333,17,65.03333333333333,,,,,,,,,,
22:55:00,761105,210,E,HV,34.152301,-118.109239,ALLEN,27.63,42,65.60000000000001,42,65.60000000000001,,,,,,,,,,
22:55:00,761109,210,E,HV,34.151406,-118.091041,SAN GABRIEL,28.68,14,65.03333333333335,14,65.03333333333335,,,,,,,,,,
22:55:00,761112,210,E,HV,34.147621,-118.079037,SIERRA MADRE V2,29.44,9,65.06666666666666,9,65.06666666666666,,,,,,,,,,
22:55:00,763614,210,E,HV,34.15099,-118.152369,FAIR OAKS 1,25.12,38,65.1,38,65.1,,,,,,,,,,
22:55:00,769788,210,E,ML,34.189219,-118.180753,BERKSHIRE,21.58,123,63.26666666666667,27,68.83333333333333,36,65.46666666666665,32,60.833333333333336,29,58.16666666666666,,,,
22:55:00,769806,210,E,ML,34.196934,-118.185042,FOOTHILL,20.98,88,67.63333333333334,26,69.46666666666667,17,69.5,25,72.83333333333333,19,55.66666666666666,,,,
22:55:00,769819,210,E,ML,34.205892,-118.198234,ANGELES CREST HWY NB,19.98,38,65.2,8,70.6,12,67.0,10,63.6,8,59.20000000000001,,,,
22:55:00,769831,210,E,ML,34.206745,-118.201533,ANGELES CREST HWY SB,19.78,105,62.2,26,67.10000000000001,32,63.9,26,59.4,20,56.833333333333336,,,,
22:55:00,769847,210,E,ML,34.211728,-118.228265,OCEAN VIEW,18.18,50,67.96666666666667,10,74.66666666666667,15,70.2,14,67.3,11,59.3,,,,
22:55:00,769866,210,E,ML,34.218398,-118.239738,LA CRESCENTA,17.38,80,64.6,11,74.5,14,70.89999999999999,21,63.03333333333333,34,59.833333333333336,,,,
22:55:00,769880,210,E,ML,34.221426,-118.245718,PENNSYLVANIA,16.98,77,62.86666666666667,23,64.5,17,67.83333333333333,27,58.63333333333333,10,62.63333333333333,,,,
22:55:00,769895,210,E,ML,34.230849,-118.265101,LOWELL / HONOLULU,15.68,86,64.5,20,71.10000000000001,26,61.9,25,64.63333333333333,15,57.9,,,,
22:55:00,769984,210,E,ML,34.202989,-118.191827,GOULD,20.4,122,63.23333333333333,27,68.73333333333333,35,65.36666666666667,31,60.86666666666667,29,58.16666666666666,,,,
22:55:00,770116,210,E,ML,34.234317,-118.286992,LA TUNA CANYON,14.39,59,61.63333333333333,14,66.16666666666667,21,63.76666666666667,14,57.2,11,57.866666666666674,,,,
22:55:00,770385,210,E,ML,34.206925,-118.21372,EB/NB 2 TO EB 210 CN,19.08,60,65.66666666666667,8,74.63333333333333,23,69.63333333333334,13,64.86666666666666,16,55.23333333333333,,,,
22:55:00,770578,210,E,ML,34.156489,-118.158295,WINONA WAY,24.442,19,69.10000000000001,12,70.96666666666665,6,65.0,,,,,,,,
23:00:00,717617,210,E,ML,34.179921,-118.167405,ARROYO,22.6,91,63.2,20,68.56666666666666,26,65.2,24,61.16666666666666,21,57.96666666666667,,,,
23:00:00,717620,210,E,ML,34.174756,-118.160407,LINCOLN 1,23.14,68,64.23333333333333,10,73.13333333333333,16,68.66666666666667,24,63.76666666666667,18,56.76666666666667,,,,
23:00:00,717625,210,E,ML,34.160546,-118.158748,MOUNTAIN 2,24.16,67,65.13333333333334,27,68.26666666666667,3,71.0,5,67.3,32,60.13333333333333,,,,
23:00:00,717628,210,E,ML,34.152216,-118.156144,WALNUT,24.81,16,65.23333333333333,16,65.23333333333333,,,,,,,,,,
23:00:00,717631,210,E,ML,34.15099,-118.152369,FAIR OAKS 1,25.12,37,65.2,8,70.6,11,67.0,10,63.6,8,59.20000000000001,,,,
23:00:00,717633,210,E,ML,34.151691,-118.142523,MARENGO,25.72,330,70.1,56,76.0,65,73.6,57,71.6,58,68.8,53,64.1,41,64.1
23:00:00,717635,210,E,ML,34.151658,-118.12944,LAKE 2,26.47,195,67.56666666666666,42,73.06666666666666,33,71.3,35,67.83333333333333,35,66.2,50,61.3,,
23:00:00,717638,210,E,ML,34.152187,-118.117782,HILL 1,27.14,210,72.26666666666667,42,76.2,50,73.93333333333334,42,71.9,41,69.13333333333333,35,69.06666666666666,,
23:00:00,717640,210,E,ML,34.152301,-118.109239,ALLEN,27.63,192,69.36666666666666,15,76.36666666666667,44,73.3,46,71.33333333333333,42,67.5,45,62.93333333333334,,
23:00:00,717646,210,E,ML,34.151406,-118.091041,SAN GABRIEL,28.68,202,71.93333333333334,47,75.83333333333333,53,71.73333333333333,37,71.7,34,72.10000000000001,31,66.10000000000001,,
23:00:00,717650,210,E,ML,34.147621,-118.079037,SIERRA MADRE V2,29.44,187,70.73333333333333,46,74.43333333333334,44,72.33333333333333,40,69.96666666666667,38,68.8,19,64.53333333333335,,
23:00:00,761093,210,E,HV,34.151691,-118.142523,MARENGO,25.72,37,65.1,37,65.1,,,,,,,,,,
23:00:00,761098,210,E,HV,34.151658,-118.12944,LAKE 2,26.47,37,65.1,37,65.1,,,,,,,,,,
23:00:00,761102,210,E,HV,34.152187,-118.117782,HILL 1,27.14,15,65.0,15,65.0,,,,,,,,,,
23:00:00,761105,210,E,HV,34.152301,-118.109239,ALLEN,27.63,44,66.0,44,66.0,,,,,,,,,,
23:00:00,761109,210,E,HV,34.151406,-118.091041,SAN GABRIEL,28.68,14,64.96666666666665,14,64.96666666666665,,,,,,,,,,
23:00:00,761112,210,E,HV,34.147621,-118.079037,SIERRA MADRE V2,29.44,16,65.0,16,65.0,,,,,,,,,,
23:00:00,763614,210,E,HV,34.15099,-118.152369,FAIR OAKS 1,25.12,37,65.1,37,65.1,,,,,,,,,,
23:00:00,769788,210,E,ML,34.189219,-118.180753,BERKSHIRE,21.58,113,63.63333333333333,23,69.16666666666667,34,65.89999999999999,30,61.43333333333334,27,58.63333333333333,,,,
23:00:00,769806,210,E,ML,34.196934,-118.185042,FOOTHILL,20.98,75,69.03333333333333,23,71.86666666666667,12,68.13333333333334,22,71.96666666666667,17,61.8,,,,
23:00:00,769819,210,E,ML,34.205892,-118.198234,ANGELES CREST HWY NB,19.98,37,65.2,8,70.6,11,67.0,10,63.6,8,59.20000000000001,,,,
23:00:00,769831,210,E,ML,34.206745,-118.201533,ANGELES CREST HWY SB,19.78,92,63.86666666666667,22,69.06666666666666,29,65.76666666666667,23,61.06666666666666,19,58.43333333333334,,,,
23:00:00,769847,210,E,ML,34.211728,-118.228265,OCEAN VIEW,18.18,54,67.33333333333333,8,74.66666666666667,17,70.53333333333333,14,65.83333333333333,14,61.0,,,,
23:00:00,769866,210,E,ML,34.218398,-118.239738,LA CRESCENTA,17.38,84,65.66666666666667,15,74.60000000000001,19,71.39999999999999,18,61.16666666666666,32,60.333333333333336,,,,
23:00:00,769880,210,E,ML,34.221426,-118.245718,PENNSYLVANIA,16.98,74,63.13333333333333,21,62.93333333333334,18,68.2,25,60.13333333333333,10,62.63333333333333,,,,
23:00:00,769895,210,E,ML,34.230849,-118.265101,LOWELL / HONOLULU,15.68,79,64.73333333333333,17,71.16666666666667,24,65.89999999999999,23,61.833333333333336,16,59.3,,,,
23:00:00,769984,210,E,ML,34.202989,-118.191827,GOULD,20.4,111,63.6,22,69.06666666666666,33,65.8,30,61.53333333333333,27,58.7,,,,
23:00:00,770116,210,E,ML,34.234317,-118.286992,LA TUNA CANYON,14.39,57,65.03333333333333,13,70.3,20,67.13333333333333,14,61.56666666666667,11,59.5,,,,
23:00:00,770385,210,E,ML,34.206925,-118.21372,EB/NB 2 TO EB 210 CN,19.08,44,66.53333333333333,4,74.7,18,70.53333333333333,11,67.93333333333334,12,55.6,,,,
23:00:00,770578,210,E,ML,34.156489,-118.158295,WINONA WAY,24.442,21,69.89999999999999,17,70.89999999999999,4,65.0,,,,,,,,
