Timestamp,Station,Freeway,Direction,Lane Type,Total Flow (veh/5min),Lane1 Flow (veh/5min),Lane2 Flow (veh/5min),Lane3 Flow (veh/5min),Lane4 Flow (veh/5min),Lane5 Flow (veh/5min),Lane6 Flow (veh/5min),Latitude,Longitude,Location,Abs_PM
2024-12-10 06:00:00,768916,210,E,FF,,,,,,,,34.15099,-118.152369,NB 710 EXT TO EB 210,25.12
2024-12-10 06:00:00,769849,210,E,FF,125,37,59,29,,,,34.211728,-118.228265,OCEAN VIEW,18.18
2024-12-10 06:00:00,770170,210,E,FF,,,,,,,,34.155812,-118.158089,EB 210 TO WB 134 #1,24.49
2024-12-10 06:00:00,773131,210,E,FF,,,,,,,,34.15154,-118.146708,FAIR OAKS OFF,25.48
2024-12-10 06:00:00,775729,210,E,FF,,,,,,,,34.155812,-118.158089,EB 210 CON,24.49
2024-12-10 06:00:00,776724,210,E,FF,145,80,65,,,,,34.156489,-118.158295,WINONA WAY,24.442
2024-12-10 06:05:00,768916,210,E,FF,,,,,,,,34.15099,-118.152369,NB 710 EXT TO EB 210,25.12
2024-12-10 06:05:00,769849,210,E,FF,145,46,57,42,,,,34.211728,-118.228265,OCEAN VIEW,18.18
2024-12-10 06:05:00,770170,210,E,FF,,,,,,,,34.155812,-118.158089,EB 210 TO WB 134 #1,24.49
2024-12-10 06:05:00,773131,210,E,FF,,,,,,,,34.15154,-118.146708,FAIR OAKS OFF,25.48
2024-12-10 06:05:00,775729,210,E,FF,,,,,,,,34.155812,-118.158089,EB 210 CON,24.49
2024-12-10 06:05:00,776724,210,E,FF,193,112,81,,,,,34.156489,-118.158295,WINONA WAY,24.442
2024-12-10 06:10:00,768916,210,E,FF,,,,,,,,34.15099,-118.152369,NB 710 EXT TO EB 210,25.12
2024-12-10 06:10:00,769849,210,E,FF,172,59,70,43,,,,34.211728,-118.228265,OCEAN VIEW,18.18
2024-12-10 06:10:00,770170,210,E,FF,,,,,,,,34.155812,-118.158089,EB 210 TO WB 134 #1,24.49
2024-12-10 06:10:00,773131,210,E,FF,,,,,,,,34.15154,-118.146708,FAIR OAKS OFF,25.48
2024-12-10 06:10:00,775729,210,E,FF,,,,,,,,34.155812,-118.158089,EB 210 CON,24.49
2024-12-10 06:10:00,776724,210,E,FF,169,94,75,,,,,34.156489,-118.158295,WINONA WAY,24.442
2024-12-10 06:15:00,768916,210,E,FF,,,,,,,,34.15099,-118.152369,NB 710 EXT TO EB 210,25.12
2024-12-10 06:15:00,769849,210,E,FF,172,64,63,45,,,,34.211728,-118.228265,OCEAN VIEW,18.18
2024-12-10 06:15:00,770170,210,E,FF,,,,,,,,34.155812,-118.158089,EB 210 TO WB 134 #1,24.49
2024-12-10 06:15:00,773131,210,E,FF,,,,,,,,34.15154,-118.146708,FAIR OAKS OFF,25.48
2024-12-10 06:15:00,775729,210,E,FF,,,,,,,,34.155812,-118.158089,EB 210 CON,24.49
2024-12-10 06:15:00,776724,210,E,FF,210,103,107,,,,,34.156489,-118.158295,WINONA WAY,24.442
2024-12-10 06:20:00,768916,210,E,FF,,,,,,,,34.15099,-118.152369,NB 710 EXT TO EB 210,25.12
2024-12-10 06:20:00,769849,210,E,FF,198,70,81,47,,,,34.211728,-118.228265,OCEAN VIEW,18.18
2024-12-10 06:20:00,770170,210,E,FF,,,,,,,,34.155812,-118.158089,EB 210 TO WB 134 #1,24.49
2024-12-10 06:20:00,773131,210,E,FF,,,,,,,,34.15154,-118.146708,FAIR OAKS OFF,25.48
2024-12-10 06:20:00,775729,210,E,FF,,,,,,,,34.155812,-118.158089,EB 210 CON,24.49
2024-12-10 06:20:00,776724,210,E,FF,184,106,78,,,,,34.156489,-118.158295,WINONA WAY,24.442
2024-12-10 06:25:00,768916,210,E,FF,,,,,,,,34.15099,-118.152369,NB 710 EXT TO EB 210,25.12
2024-12-10 06:25:00,769849,210,E,FF,203,78,77,48,,,,34.211728,-118.228265,OCEAN VIEW,18.18
2024-12-10 06:25:00,770170,210,E,FF,,,,,,,,34.155812,-118.158089,EB 210 TO WB 134 #1,24.49
2024-12-10 06:25:00,773131,210,E,FF,,,,,,,,34.15154,-118.146708,FAIR OAKS OFF,25.48
2024-12-10 06:25:00,775729,210,E,FF,,,,,,,,34.155812,-118.158089,EB 210 CON,24.49
2024-12-10 06:25:00,776724,210,E,FF,239,124,115,,,,,34.156489,-118.158295,WINONA WAY,24.442
2024-12-10 06:30:00,768916,210,E,FF,,,,,,,,34.15099,-118.152369,NB 710 EXT TO EB 210,25.12
2024-12-10 06:30:00,769849,210,E,FF,225,71,86,68,,,,34.211728,-118.228265,OCEAN VIEW,18.18
2024-12-10 06:30:00,770170,210,E,FF,,,,,,,,34.155812,-118.158089,EB 210 TO WB 134 #1,24.49
2024-12-10 06:30:00,773131,210,E,FF,,,,,,,,34.15154,-118.146708,FAIR OAKS OFF,25.48
2024-12-10 06:30:00,775729,210,E,FF,,,,,,,,34.155812,-118.158089,EB 210 CON,24.49
2024-12-10 06:30:00,776724,210,E,FF,212,101,111,,,,,34.156489,-118.158295,WINONA WAY,24.442
2024-12-10 06:35:00,768916,210,E,FF,,,,,,,,34.15099,-118.152369,NB 710 EXT TO EB 210,25.12
2024-12-10 06:35:00,769849,210,E,FF,249,90,100,59,,,,34.211728,-118.228265,OCEAN VIEW,18.18
2024-12-10 06:35:00,770170,210,E,FF,,,,,,,,34.155812,-118.158089,EB 210 TO WB 134 #1,24.49
2024-12-10 06:35:00,773131,210,E,FF,,,,,,,,34.15154,-118.146708,FAIR OAKS OFF,25.48
2024-12-10 06:35:00,775729,210,E,FF,,,,,,,,34.155812,-118.158089,EB 210 CON,24.49
2024-12-10 06:35:00,776724,210,E,FF,220,110,110,,,,,34.156489,-118.158295,WINONA WAY,24.442
2024-12-10 06:40:00,768916,210,E,FF,,,,,,,,34.15099,-118.152369,NB 710 EXT TO EB 210,25.12
2024-12-10 06:40:00,769849,210,E,FF,243,83,101,59,,,,34.211728,-118.228265,OCEAN VIEW,18.18
2024-12-10 06:40:00,770170,210,E,FF,,,,,,,,34.155812,-118.158089,EB 210 TO WB 134 #1,24.49
2024-12-10 06:40:00,773131,210,E,FF,,,,,,,,34.15154,-118.146708,FAIR OAKS OFF,25.48
2024-12-10 06:40:00,775729,210,E,FF,,,,,,,,34.155812,-118.158089,EB 210 CON,24.49
2024-12-10 06:40:00,776724,210,E,FF,261,161,100,,,,,34.156489,-118.158295,WINONA WAY,24.442
2024-12-10 06:45:00,768916,210,E,FF,,,,,,,,34.15099,-118.152369,NB 710 EXT TO EB 210,25.12
2024-12-10 06:45:00,769849,210,E,FF,258,89,110,59,,,,34.211728,-118.228265,OCEAN VIEW,18.18
2024-12-10 06:45:00,770170,210,E,FF,,,,,,,,34.155812,-118.158089,EB 210 TO WB 134 #1,24.49
2024-12-10 06:45:00,773131,210,E,FF,,,,,,,,34.15154,-118.146708,FAIR OAKS OFF,25.48
2024-12-10 06:45:00,775729,210,E,FF,,,,,,,,34.155812,-118.158089,EB 210 CON,24.49
2024-12-10 06:45:00,776724,210,E,FF,254,151,103,,,,,34.156489,-118.158295,WINONA WAY,24.442
2024-12-10 06:50:00,768916,210,E,FF,,,,,,,,34.15099,-118.152369,NB 710 EXT TO EB 210,25.12
2024-12-10 06:50:00,769849,210,E,FF,235,80,98,57,,,,34.211728,-118.228265,OCEAN VIEW,18.18
2024-12-10 06:50:00,770170,210,E,FF,,,,,,,,34.155812,-118.158089,EB 210 TO WB 134 #1,24.49
2024-12-10 06:50:00,773131,210,E,FF,,,,,,,,34.15154,-118.146708,FAIR OAKS OFF,25.48
2024-12-10 06:50:00,775729,210,E,FF,,,,,,,,34.155812,-118.158089,EB 210 CON,24.49
2024-12-10 06:50:00,776724,210,E,FF,313,173,140,,,,,34.156489,-118.158295,WINONA WAY,24.442
2024-12-10 06:55:00,768916,210,E,FF,,,,,,,,34.15099,-118.152369,NB 710 EXT TO EB 210,25.12
2024-12-10 06:55:00,769849,210,E,FF,243,89,103,51,,,,34.211728,-118.228265,OCEAN VIEW,18.18
2024-12-10 06:55:00,770170,210,E,FF,,,,,,,,34.155812,-118.158089,EB 210 TO WB 134 #1,24.49
2024-12-10 06:55:00,773131,210,E,FF,,,,,,,,34.15154,-118.146708,FAIR OAKS OFF,25.48
2024-12-10 06:55:00,775729,210,E,FF,,,,,,,,34.155812,-118.158089,EB 210 CON,24.49
2024-12-10 06:55:00,776724,210,E,FF,270,148,122,,,,,34.156489,-118.158295,WINONA WAY,24.442
2024-12-10 07:00:00,768916,210,E,FF,,,,,,,,34.15099,-118.152369,NB 710 EXT TO EB 210,25.12
2024-12-10 07:00:00,769849,210,E,FF,300,109,118,73,,,,34.211728,-118.228265,OCEAN VIEW,18.18
2024-12-10 07:00:00,770170,210,E,FF,,,,,,,,34.155812,-118.158089,EB 210 TO WB 134 #1,24.49
2024-12-10 07:00:00,773131,210,E,FF,,,,,,,,34.15154,-118.146708,FAIR OAKS OFF,25.48
2024-12-10 07:00:00,775729,210,E,FF,,,,,,,,34.155812,-118.158089,EB 210 CON,24.49
2024-12-10 07:00:00,776724,210,E,FF,281,153,128,,,,,34.156489,-118.158295,WINONA WAY,24.442
2024-12-10 07:05:00,768916,210,E,FF,,,,,,,,34.15099,-118.152369,NB 710 EXT TO EB 210,25.12
2024-12-10 07:05:00,769849,210,E,FF,293,102,123,68,,,,34.211728,-118.228265,OCEAN VIEW,18.18
2024-12-10 07:05:00,770170,210,E,FF,,,,,,,,34.155812,-118.158089,EB 210 TO WB 134 #1,24.49
2024-12-10 07:05:00,773131,210,E,FF,,,,,,,,34.15154,-118.146708,FAIR OAKS OFF,25.48
2024-12-10 07:05:00,775729,210,E,FF,,,,,,,,34.155812,-118.158089,EB 210 CON,24.49
2024-12-10 07:05:00,776724,210,E,FF,273,146,127,,,,,34.156489,-118.158295,WINONA WAY,24.442
2024-12-10 07:10:00,768916,210,E,FF,,,,,,,,34.15099,-118.152369,NB 710 EXT TO EB 210,25.12
2024-12-10 07:10:00,769849,210,E,FF,297,108,106,83,,,,34.211728,-118.228265,OCEAN VIEW,18.18
2024-12-10 07:10:00,770170,210,E,FF,,,,,,,,34.155812,-118.158089,EB 210 TO WB 134 #1,24.49
2024-12-10 07:10:00,773131,210,E,FF,,,,,,,,34.15154,-118.146708,FAIR OAKS OFF,25.48
2024-12-10 07:10:00,775729,210,E,FF,,,,,,,,34.155812,-118.158089,EB 210 CON,24.49
2024-12-10 07:10:00,776724,210,E,FF,294,151,143,,,,,34.156489,-118.158295,WINONA WAY,24.442
2024-12-10 07:15:00,768916,210,E,FF,,,,,,,,34.15099,-118.152369,NB 710 EXT TO EB 210,25.12
2024-12-10 07:15:00,769849,210,E,FF,291,107,113,71,,,,34.211728,-118.228265,OCEAN VIEW,18.18
2024-12-10 07:15:00,770170,210,E,FF,,,,,,,,34.155812,-118.158089,EB 210 TO WB 134 #1,24.49
2024-12-10 07:15:00,773131,210,E,FF,,,,,,,,34.15154,-118.146708,FAIR OAKS OFF,25.48
2024-12-10 07:15:00,775729,210,E,FF,,,,,,,,34.155812,-118.158089,EB 210 CON,24.49
2024-12-10 07:15:00,776724,210,E,FF,321,169,152,,,,,34.156489,-118.158295,WINONA WAY,24.442
2024-12-10 07:20:00,768916,210,E,FF,,,,,,,,34.15099,-118.152369,NB 710 EXT TO EB 210,25.12
2024-12-10 07:20:00,769849,210,E,FF,279,107,109,63,,,,34.211728,-118.228265,OCEAN VIEW,18.18
2024-12-10 07:20:00,770170,210,E,FF,,,,,,,,34.155812,-118.158089,EB 210 TO WB 134 #1,24.49
2024-12-10 07:20:00,773131,210,E,FF,,,,,,,,34.15154,-118.146708,FAIR OAKS OFF,25.48
2024-12-10 07:20:00,775729,210,E,FF,,,,,,,,34.155812,-118.158089,EB 210 CON,24.49
2024-12-10 07:20:00,776724,210,E,FF,280,140,140,,,,,34.156489,-118.158295,WINONA WAY,24.442
2024-12-10 07:25:00,768916,210,E,FF,,,,,,,,34.15099,-118.152369,NB 710 EXT TO EB 210,25.12
2024-12-10 07:25:00,769849,210,E,FF,321,116,126,79,,,,34.211728,-118.228265,OCEAN VIEW,18.18
2024-12-10 07:25:00,770170,210,E,FF,,,,,,,,34.155812,-118.158089,EB 210 TO WB 134 #1,24.49
2024-12-10 07:25:00,773131,210,E,FF,,,,,,,,34.15154,-118.146708,FAIR OAKS OFF,25.48
2024-12-10 07:25:00,775729,210,E,FF,,,,,,,,34.155812,-118.158089,EB 210 CON,24.49
2024-12-10 07:25:00,776724,210,E,FF,268,138,130,,,,,34.156489,-118.158295,WINONA WAY,24.442
2024-12-10 07:30:00,768916,210,E,FF,,,,,,,,34.15099,-118.152369,NB 710 EXT TO EB 210,25.12
2024-12-10 07:30:00,769849,210,E,FF,290,97,117,76,,,,34.211728,-118.228265,OCEAN VIEW,18.18
2024-12-10 07:30:00,770170,210,E,FF,,,,,,,,34.155812,-118.158089,EB 210 TO WB 134 #1,24.49
2024-12-10 07:30:00,773131,210,E,FF,,,,,,,,34.15154,-118.146708,FAIR OAKS OFF,25.48
2024-12-10 07:30:00,775729,210,E,FF,,,,,,,,34.155812,-118.158089,EB 210 CON,24.49
2024-12-10 07:30:00,776724,210,E,FF,308,151,157,,,,,34.156489,-118.158295,WINONA WAY,24.442
2024-12-10 07:35:00,768916,210,E,FF,,,,,,,,34.15099,-118.152369,NB 710 EXT TO EB 210,25.12
2024-12-10 07:35:00,769849,210,E,FF,310,114,120,76,,,,34.211728,-118.228265,OCEAN VIEW,18.18
2024-12-10 07:35:00,770170,210,E,FF,,,,,,,,34.155812,-118.158089,EB 210 TO WB 134 #1,24.49
2024-12-10 07:35:00,773131,210,E,FF,,,,,,,,34.15154,-118.146708,FAIR OAKS OFF,25.48
2024-12-10 07:35:00,775729,210,E,FF,,,,,,,,34.155812,-118.158089,EB 210 CON,24.49
2024-12-10 07:35:00,776724,210,E,FF,334,158,176,,,,,34.156489,-118.158295,WINONA WAY,24.442
2024-12-10 07:40:00,768916,210,E,FF,,,,,,,,34.15099,-118.152369,NB 710 EXT TO EB 210,25.12
2024-12-10 07:40:00,769849,210,E,FF,315,108,129,78,,,,34.211728,-118.228265,OCEAN VIEW,18.18
2024-12-10 07:40:00,770170,210,E,FF,,,,,,,,34.155812,-118.158089,EB 210 TO WB 134 #1,24.49
2024-12-10 07:40:00,773131,210,E,FF,,,,,,,,34.15154,-118.146708,FAIR OAKS OFF,25.48
2024-12-10 07:40:00,775729,210,E,FF,,,,,,,,34.155812,-118.158089,EB 210 CON,24.49
2024-12-10 07:40:00,776724,210,E,FF,321,167,154,,,,,34.156489,-118.158295,WINONA WAY,24.442
2024-12-10 07:45:00,768916,210,E,FF,,,,,,,,34.15099,-118.152369,NB 710 EXT TO EB 210,25.12
2024-12-10 07:45:00,769849,210,E,FF,287,96,119,72,,,,34.211728,-118.228265,OCEAN VIEW,18.18
2024-12-10 07:45:00,770170,210,E,FF,,,,,,,,34.155812,-118.158089,EB 210 TO WB 134 #1,24.49
2024-12-10 07:45:00,773131,210,E,FF,,,,,,,,34.15154,-118.146708,FAIR OAKS OFF,25.48
2024-12-10 07:45:00,775729,210,E,FF,,,,,,,,34.155812,-118.158089,EB 210 CON,24.49
2024-12-10 07:45:00,776724,210,E,FF,322,160,162,,,,,34.156489,-118.158295,WINONA WAY,24.442
2024-12-10 07:50:00,768916,210,E,FF,,,,,,,,34.15099,-118.152369,NB 710 EXT TO EB 210,25.12
2024-12-10 07:50:00,769849,210,E,FF,297,107,116,74,,,,34.211728,-118.228265,OCEAN VIEW,18.18
2024-12-10 07:50:00,770170,210,E,FF,,,,,,,,34.155812,-118.158089,EB 210 TO WB 134 #1,24.49
2024-12-10 07:50:00,773131,210,E,FF,,,,,,,,34.15154,-118.146708,FAIR OAKS OFF,25.48
2024-12-10 07:50:00,775729,210,E,FF,,,,,,,,34.155812,-118.158089,EB 210 CON,24.49
2024-12-10 07:50:00,776724,210,E,FF,306,157,149,,,,,34.156489,-118.158295,WINONA WAY,24.442
2024-12-10 07:55:00,768916,210,E,FF,,,,,,,,34.15099,-118.152369,NB 710 EXT TO EB 210,25.12
2024-12-10 07:55:00,769849,210,E,FF,306,110,117,79,,,,34.211728,-118.228265,OCEAN VIEW,18.18
2024-12-10 07:55:00,770170,210,E,FF,,,,,,,,34.155812,-118.158089,EB 210 TO WB 134 #1,24.49
2024-12-10 07:55:00,773131,210,E,FF,,,,,,,,34.15154,-118.146708,FAIR OAKS OFF,25.48
2024-12-10 07:55:00,775729,210,E,FF,,,,,,,,34.155812,-118.158089,EB 210 CON,24.49
2024-12-10 07:55:00,776724,210,E,FF,317,153,164,,,,,34.156489,-118.158295,WINONA WAY,24.442
2024-12-10 08:00:00,768916,210,E,FF,,,,,,,,34.15099,-118.152369,NB 710 EXT TO EB 210,25.12
2024-12-10 08:00:00,769849,210,E,FF,347,118,143,86,,,,34.211728,-118.228265,OCEAN VIEW,18.18
2024-12-10 08:00:00,770170,210,E,FF,,,,,,,,34.155812,-118.158089,EB 210 TO WB 134 #1,24.49
2024-12-10 08:00:00,773131,210,E,FF,,,,,,,,34.15154,-118.146708,FAIR OAKS OFF,25.48
2024-12-10 08:00:00,775729,210,E,FF,,,,,,,,34.155812,-118.158089,EB 210 CON,24.49
2024-12-10 08:00:00,776724,210,E,FF,320,156,164,,,,,34.156489,-118.158295,WINONA WAY,24.442
2024-12-10 08:05:00,768916,210,E,FF,,,,,,,,34.15099,-118.152369,NB 710 EXT TO EB 210,25.12
2024-12-10 08:05:00,769849,210,E,FF,319,109,123,87,,,,34.211728,-118.228265,OCEAN VIEW,18.18
2024-12-10 08:05:00,770170,210,E,FF,,,,,,,,34.155812,-118.158089,EB 210 TO WB 134 #1,24.49
2024-12-10 08:05:00,773131,210,E,FF,,,,,,,,34.15154,-118.146708,FAIR OAKS OFF,25.48
2024-12-10 08:05:00,775729,210,E,FF,,,,,,,,34.155812,-118.158089,EB 210 CON,24.49
2024-12-10 08:05:00,776724,210,E,FF,292,137,155,,,,,34.156489,-118.158295,WINONA WAY,24.442
2024-12-10 08:10:00,768916,210,E,FF,,,,,,,,34.15099,-118.152369,NB 710 EXT TO EB 210,25.12
2024-12-10 08:10:00,769849,210,E,FF,327,116,122,89,,,,34.211728,-118.228265,OCEAN VIEW,18.18
2024-12-10 08:10:00,770170,210,E,FF,,,,,,,,34.155812,-118.158089,EB 210 TO WB 134 #1,24.49
2024-12-10 08:10:00,773131,210,E,FF,,,,,,,,34.15154,-118.146708,FAIR OAKS OFF,25.48
2024-12-10 08:10:00,775729,210,E,FF,,,,,,,,34.155812,-118.158089,EB 210 CON,24.49
2024-12-10 08:10:00,776724,210,E,FF,301,135,166,,,,,34.156489,-118.158295,WINONA WAY,24.442
2024-12-10 08:15:00,768916,210,E,FF,,,,,,,,34.15099,-118.152369,NB 710 EXT TO EB 210,25.12
2024-12-10 08:15:00,769849,210,E,FF,326,115,125,86,,,,34.211728,-118.228265,OCEAN VIEW,18.18
2024-12-10 08:15:00,770170,210,E,FF,,,,,,,,34.155812,-118.158089,EB 210 TO WB 134 #1,24.49
2024-12-10 08:15:00,773131,210,E,FF,,,,,,,,34.15154,-118.146708,FAIR OAKS OFF,25.48
2024-12-10 08:15:00,775729,210,E,FF,,,,,,,,34.155812,-118.158089,EB 210 CON,24.49
2024-12-10 08:15:00,776724,210,E,FF,315,150,165,,,,,34.156489,-118.158295,WINONA WAY,24.442
2024-12-10 08:20:00,768916,210,E,FF,,,,,,,,34.15099,-118.152369,NB 710 EXT TO EB 210,25.12
2024-12-10 08:20:00,769849,210,E,FF,299,101,122,76,,,,34.211728,-118.228265,OCEAN VIEW,18.18
2024-12-10 08:20:00,770170,210,E,FF,,,,,,,,34.155812,-118.158089,EB 210 TO WB 134 #1,24.49
2024-12-10 08:20:00,773131,210,E,FF,,,,,,,,34.15154,-118.146708,FAIR OAKS OFF,25.48
2024-12-10 08:20:00,775729,210,E,FF,,,,,,,,34.155812,-118.158089,EB 210 CON,24.49
2024-12-10 08:20:00,776724,210,E,FF,307,155,152,,,,,34.156489,-118.158295,WINONA WAY,24.442
2024-12-10 08:25:00,768916,210,E,FF,,,,,,,,34.15099,-118.152369,NB 710 EXT TO EB 210,25.12
2024-12-10 08:25:00,769849,210,E,FF,328,117,125,86,,,,34.211728,-118.228265,OCEAN VIEW,18.18
2024-12-10 08:25:00,770170,210,E,FF,,,,,,,,34.155812,-118.158089,EB 210 TO WB 134 #1,24.49
2024-12-10 08:25:00,773131,210,E,FF,,,,,,,,34.15154,-118.146708,FAIR OAKS OFF,25.48
2024-12-10 08:25:00,775729,210,E,FF,,,,,,,,34.155812,-118.158089,EB 210 CON,24.49
2024-12-10 08:25:00,776724,210,E,FF,304,156,148,,,,,34.156489,-118.158295,WINONA WAY,24.442
2024-12-10 08:30:00,768916,210,E,FF,,,,,,,,34.15099,-118.152369,NB 710 EXT TO EB 210,25.12
2024-12-10 08:30:00,769849,210,E,FF,334,110,129,95,,,,34.211728,-118.228265,OCEAN VIEW,18.18
2024-12-10 08:30:00,770170,210,E,FF,,,,,,,,34.155812,-118.158089,EB 210 TO WB 134 #1,24.49
2024-12-10 08:30:00,773131,210,E,FF,,,,,,,,34.15154,-118.146708,FAIR OAKS OFF,25.48
2024-12-10 08:30:00,775729,210,E,FF,,,,,,,,34.155812,-118.158089,EB 210 CON,24.49
2024-12-10 08:30:00,776724,210,E,FF,303,159,144,,,,,34.156489,-118.158295,WINONA WAY,24.442
2024-12-10 08:35:00,768916,210,E,FF,,,,,,,,34.15099,-118.152369,NB 710 EXT TO EB 210,25.12
2024-12-10 08:35:00,769849,210,E,FF,306,100,119,87,,,,34.211728,-118.228265,OCEAN VIEW,18.18
2024-12-10 08:35:00,770170,210,E,FF,,,,,,,,34.155812,-118.158089,EB 210 TO WB 134 #1,24.49
2024-12-10 08:35:00,773131,210,E,FF,,,,,,,,34.15154,-118.146708,FAIR OAKS OFF,25.48
2024-12-10 08:35:00,775729,210,E,FF,,,,,,,,34.155812,-118.158089,EB 210 CON,24.49
2024-12-10 08:35:00,776724,210,E,FF,293,139,154,,,,,34.156489,-118.158295,WINONA WAY,24.442
2024-12-10 08:40:00,768916,210,E,FF,,,,,,,,34.15099,-118.152369,NB 710 EXT TO EB 210,25.12
2024-12-10 08:40:00,769849,210,E,FF,347,118,132,97,,,,34.211728,-118.228265,OCEAN VIEW,18.18
2024-12-10 08:40:00,770170,210,E,FF,,,,,,,,34.155812,-118.158089,EB 210 TO WB 134 #1,24.49
2024-12-10 08:40:00,773131,210,E,FF,,,,,,,,34.15154,-118.146708,FAIR OAKS OFF,25.48
2024-12-10 08:40:00,775729,210,E,FF,,,,,,,,34.155812,-118.158089,EB 210 CON,24.49
2024-12-10 08:40:00,776724,210,E,FF,280,153,127,,,,,34.156489,-118.158295,WINONA WAY,24.442
2024-12-10 08:45:00,768916,210,E,FF,,,,,,,,34.15099,-118.152369,NB 710 EXT TO EB 210,25.12
2024-12-10 08:45:00,769849,210,E,FF,289,99,116,74,,,,34.211728,-118.228265,OCEAN VIEW,18.18
2024-12-10 08:45:00,770170,210,E,FF,,,,,,,,34.155812,-118.158089,EB 210 TO WB 134 #1,24.49
2024-12-10 08:45:00,773131,210,E,FF,,,,,,,,34.15154,-118.146708,FAIR OAKS OFF,25.48
2024-12-10 08:45:00,775729,210,E,FF,,,,,,,,34.155812,-118.158089,EB 210 CON,24.49
2024-12-10 08:45:00,776724,210,E,FF,225,120,105,,,,,34.156489,-118.158295,WINONA WAY,24.442
2024-12-10 08:50:00,768916,210,E,FF,,,,,,,,34.15099,-118.152369,NB 710 EXT TO EB 210,25.12
2024-12-10 08:50:00,769849,210,E,FF,267,94,107,66,,,,34.211728,-118.228265,OCEAN VIEW,18.18
2024-12-10 08:50:00,770170,210,E,FF,,,,,,,,34.155812,-118.158089,EB 210 TO WB 134 #1,24.49
2024-12-10 08:50:00,773131,210,E,FF,,,,,,,,34.15154,-118.146708,FAIR OAKS OFF,25.48
2024-12-10 08:50:00,775729,210,E,FF,,,,,,,,34.155812,-118.158089,EB 210 CON,24.49
2024-12-10 08:50:00,776724,210,E,FF,276,135,141,,,,,34.156489,-118.158295,WINONA WAY,24.442
2024-12-10 08:55:00,768916,210,E,FF,,,,,,,,34.15099,-118.152369,NB 710 EXT TO EB 210,25.12
2024-12-10 08:55:00,769849,210,E,FF,249,84,104,61,,,,34.211728,-118.228265,OCEAN VIEW,18.18
2024-12-10 08:55:00,770170,210,E,FF,,,,,,,,34.155812,-118.158089,EB 210 TO WB 134 #1,24.49
2024-12-10 08:55:00,773131,210,E,FF,,,,,,,,34.15154,-118.146708,FAIR OAKS OFF,25.48
2024-12-10 08:55:00,775729,210,E,FF,,,,,,,,34.155812,-118.158089,EB 210 CON,24.49
2024-12-10 08:55:00,776724,210,E,FF,282,146,136,,,,,34.156489,-118.158295,WINONA WAY,24.442
2024-12-10 09:00:00,768916,210,E,FF,,,,,,,,34.15099,-118.152369,NB 710 EXT TO EB 210,25.12
2024-12-10 09:00:00,769849,210,E,FF,262,86,103,73,,,,34.211728,-118.228265,OCEAN VIEW,18.18
2024-12-10 09:00:00,770170,210,E,FF,,,,,,,,34.155812,-118.158089,EB 210 TO WB 134 #1,24.49
2024-12-10 09:00:00,773131,210,E,FF,,,,,,,,34.15154,-118.146708,FAIR OAKS OFF,25.48
2024-12-10 09:00:00,775729,210,E,FF,,,,,,,,34.155812,-118.158089,EB 210 CON,24.49
2024-12-10 09:00:00,776724,210,E,FF,251,131,120,,,,,34.156489,-118.158295,WINONA WAY,24.442
2024-12-10 09:05:00,768916,210,E,FF,,,,,,,,34.15099,-118.152369,NB 710 EXT TO EB 210,25.12
2024-12-10 09:05:00,769849,210,E,FF,274,93,112,69,,,,34.211728,-118.228265,OCEAN VIEW,18.18
2024-12-10 09:05:00,770170,210,E,FF,,,,,,,,34.155812,-118.158089,EB 210 TO WB 134 #1,24.49
2024-12-10 09:05:00,773131,210,E,FF,,,,,,,,34.15154,-118.146708,FAIR OAKS OFF,25.48
2024-12-10 09:05:00,775729,210,E,FF,,,,,,,,34.155812,-118.158089,EB 210 CON,24.49
2024-12-10 09:05:00,776724,210,E,FF,256,131,125,,,,,34.156489,-118.158295,WINONA WAY,24.442
2024-12-10 09:10:00,768916,210,E,FF,,,,,,,,34.15099,-118.152369,NB 710 EXT TO EB 210,25.12
2024-12-10 09:10:00,769849,210,E,FF,243,75,104,64,,,,34.211728,-118.228265,OCEAN VIEW,18.18
2024-12-10 09:10:00,770170,210,E,FF,,,,,,,,34.155812,-118.158089,EB 210 TO WB 134 #1,24.49
2024-12-10 09:10:00,773131,210,E,FF,,,,,,,,34.15154,-118.146708,FAIR OAKS OFF,25.48
2024-12-10 09:10:00,775729,210,E,FF,,,,,,,,34.155812,-118.158089,EB 210 CON,24.49
2024-12-10 09:10:00,776724,210,E,FF,312,164,148,,,,,34.156489,-118.158295,WINONA WAY,24.442
2024-12-10 09:15:00,768916,210,E,FF,,,,,,,,34.15099,-118.152369,NB 710 EXT TO EB 210,25.12
2024-12-10 09:15:00,769849,210,E,FF,279,86,116,77,,,,34.211728,-118.228265,OCEAN VIEW,18.18
2024-12-10 09:15:00,770170,210,E,FF,,,,,,,,34.155812,-118.158089,EB 210 TO WB 134 #1,24.49
2024-12-10 09:15:00,773131,210,E,FF,,,,,,,,34.15154,-118.146708,FAIR OAKS OFF,25.48
2024-12-10 09:15:00,775729,210,E,FF,,,,,,,,34.155812,-118.158089,EB 210 CON,24.49
2024-12-10 09:15:00,776724,210,E,FF,296,152,144,,,,,34.156489,-118.158295,WINONA WAY,24.442
2024-12-10 09:20:00,768916,210,E,FF,,,,,,,,34.15099,-118.152369,NB 710 EXT TO EB 210,25.12
2024-12-10 09:20:00,769849,210,E,FF,249,73,110,66,,,,34.211728,-118.228265,OCEAN VIEW,18.18
2024-12-10 09:20:00,770170,210,E,FF,,,,,,,,34.155812,-118.158089,EB 210 TO WB 134 #1,24.49
2024-12-10 09:20:00,773131,210,E,FF,,,,,,,,34.15154,-118.146708,FAIR OAKS OFF,25.48
2024-12-10 09:20:00,775729,210,E,FF,,,,,,,,34.155812,-118.158089,EB 210 CON,24.49
2024-12-10 09:20:00,776724,210,E,FF,304,152,152,,,,,34.156489,-118.158295,WINONA WAY,24.442
2024-12-10 09:25:00,768916,210,E,FF,,,,,,,,34.15099,-118.152369,NB 710 EXT TO EB 210,25.12
2024-12-10 09:25:00,769849,210,E,FF,268,75,122,71,,,,34.211728,-118.228265,OCEAN VIEW,18.18
2024-12-10 09:25:00,770170,210,E,FF,,,,,,,,34.155812,-118.158089,EB 210 TO WB 134 #1,24.49
2024-12-10 09:25:00,773131,210,E,FF,,,,,,,,34.15154,-118.146708,FAIR OAKS OFF,25.48
2024-12-10 09:25:00,775729,210,E,FF,,,,,,,,34.155812,-118.158089,EB 210 CON,24.49
2024-12-10 09:25:00,776724,210,E,FF,302,154,148,,,,,34.156489,-118.158295,WINONA WAY,24.442
2024-12-10 09:30:00,768916,210,E,FF,,,,,,,,34.15099,-118.152369,NB 710 EXT TO EB 210,25.12
2024-12-10 09:30:00,769849,210,E,FF,272,79,110,83,,,,34.211728,-118.228265,OCEAN VIEW,18.18
2024-12-10 09:30:00,770170,210,E,FF,,,,,,,,34.155812,-118.158089,EB 210 TO WB 134 #1,24.49
2024-12-10 09:30:00,773131,210,E,FF,,,,,,,,34.15154,-118.146708,FAIR OAKS OFF,25.48
2024-12-10 09:30:00,775729,210,E,FF,,,,,,,,34.155812,-118.158089,EB 210 CON,24.49
2024-12-10 09:30:00,776724,210,E,FF,278,147,131,,,,,34.156489,-118.158295,WINONA WAY,24.442
2024-12-10 09:35:00,768916,210,E,FF,,,,,,,,34.15099,-118.152369,NB 710 EXT TO EB 210,25.12
2024-12-10 09:35:00,769849,210,E,FF,246,69,103,74,,,,34.211728,-118.228265,OCEAN VIEW,18.18
2024-12-10 09:35:00,770170,210,E,FF,,,,,,,,34.155812,-118.158089,EB 210 TO WB 134 #1,24.49
2024-12-10 09:35:00,773131,210,E,FF,,,,,,,,34.15154,-118.146708,FAIR OAKS OFF,25.48
2024-12-10 09:35:00,775729,210,E,FF,,,,,,,,34.155812,-118.158089,EB 210 CON,24.49
2024-12-10 09:35:00,776724,210,E,FF,280,146,134,,,,,34.156489,-118.158295,WINONA WAY,24.442
2024-12-10 09:40:00,768916,210,E,FF,,,,,,,,34.15099,-118.152369,NB 710 EXT TO EB 210,25.12
2024-12-10 09:40:00,769849,210,E,FF,258,77,111,70,,,,34.211728,-118.228265,OCEAN VIEW,18.18
2024-12-10 09:40:00,770170,210,E,FF,,,,,,,,34.155812,-118.158089,EB 210 TO WB 134 #1,24.49
2024-12-10 09:40:00,773131,210,E,FF,,,,,,,,34.15154,-118.146708,FAIR OAKS OFF,25.48
2024-12-10 09:40:00,775729,210,E,FF,,,,,,,,34.155812,-118.158089,EB 210 CON,24.49
2024-12-10 09:40:00,776724,210,E,FF,281,140,141,,,,,34.156489,-118.158295,WINONA WAY,24.442
2024-12-10 09:45:00,768916,210,E,FF,,,,,,,,34.15099,-118.152369,NB 710 EXT TO EB 210,25.12
2024-12-10 09:45:00,769849,210,E,FF,215,60,88,67,,,,34.211728,-118.228265,OCEAN VIEW,18.18
2024-12-10 09:45:00,770170,210,E,FF,,,,,,,,34.155812,-118.158089,EB 210 TO WB 134 #1,24.49
2024-12-10 09:45:00,773131,210,E,FF,,,,,,,,34.15154,-118.146708,FAIR OAKS OFF,25.48
2024-12-10 09:45:00,775729,210,E,FF,,,,,,,,34.155812,-118.158089,EB 210 CON,24.49
2024-12-10 09:45:00,776724,210,E,FF,280,140,140,,,,,34.156489,-118.158295,WINONA WAY,24.442
2024-12-10 09:50:00,768916,210,E,FF,,,,,,,,34.15099,-118.152369,NB 710 EXT TO EB 210,25.12
2024-12-10 09:50:00,769849,210,E,FF,225,69,90,66,,,,34.211728,-118.228265,OCEAN VIEW,18.18
2024-12-10 09:50:00,770170,210,E,FF,,,,,,,,34.155812,-118.158089,EB 210 TO WB 134 #1,24.49
2024-12-10 09:50:00,773131,210,E,FF,,,,,,,,34.15154,-118.146708,FAIR OAKS OFF,25.48
2024-12-10 09:50:00,775729,210,E,FF,,,,,,,,34.155812,-118.158089,EB 210 CON,24.49
2024-12-10 09:50:00,776724,210,E,FF,259,128,131,,,,,34.156489,-118.158295,WINONA WAY,24.442
2024-12-10 09:55:00,768916,210,E,FF,,,,,,,,34.15099,-118.152369,NB 710 EXT TO EB 210,25.12
2024-12-10 09:55:00,769849,210,E,FF,187,44,88,55,,,,34.211728,-118.228265,OCEAN VIEW,18.18
2024-12-10 09:55:00,770170,210,E,FF,,,,,,,,34.155812,-118.158089,EB 210 TO WB 134 #1,24.49
2024-12-10 09:55:00,773131,210,E,FF,,,,,,,,34.15154,-118.146708,FAIR OAKS OFF,25.48
2024-12-10 09:55:00,775729,210,E,FF,,,,,,,,34.155812,-118.158089,EB 210 CON,24.49
2024-12-10 09:55:00,776724,210,E,FF,246,134,112,,,,,34.156489,-118.158295,WINONA WAY,24.442
2024-12-10 10:00:00,768916,210,E,FF,,,,,,,,34.15099,-118.152369,NB 710 EXT TO EB 210,25.12
2024-12-10 10:00:00,769849,210,E,FF,186,38,89,59,,,,34.211728,-118.228265,OCEAN VIEW,18.18
2024-12-10 10:00:00,770170,210,E,FF,,,,,,,,34.155812,-118.158089,EB 210 TO WB 134 #1,24.49
2024-12-10 10:00:00,773131,210,E,FF,,,,,,,,34.15154,-118.146708,FAIR OAKS OFF,25.48
2024-12-10 10:00:00,775729,210,E,FF,,,,,,,,34.155812,-118.158089,EB 210 CON,24.49
2024-12-10 10:00:00,776724,210,E,FF,216,97,119,,,,,34.156489,-118.158295,WINONA WAY,24.442
2024-12-10 10:05:00,768916,210,E,FF,,,,,,,,34.15099,-118.152369,NB 710 EXT TO EB 210,25.12
2024-12-10 10:05:00,769849,210,E,FF,230,60,107,63,,,,34.211728,-118.228265,OCEAN VIEW,18.18
2024-12-10 10:05:00,770170,210,E,FF,,,,,,,,34.155812,-118.158089,EB 210 TO WB 134 #1,24.49
2024-12-10 10:05:00,773131,210,E,FF,,,,,,,,34.15154,-118.146708,FAIR OAKS OFF,25.48
2024-12-10 10:05:00,775729,210,E,FF,,,,,,,,34.155812,-118.158089,EB 210 CON,24.49
2024-12-10 10:05:00,776724,210,E,FF,221,138,83,,,,,34.156489,-118.158295,WINONA WAY,24.442
2024-12-10 10:10:00,768916,210,E,FF,,,,,,,,34.15099,-118.152369,NB 710 EXT TO EB 210,25.12
2024-12-10 10:10:00,769849,210,E,FF,213,64,87,62,,,,34.211728,-118.228265,OCEAN VIEW,18.18
2024-12-10 10:10:00,770170,210,E,FF,,,,,,,,34.155812,-118.158089,EB 210 TO WB 134 #1,24.49
2024-12-10 10:10:00,773131,210,E,FF,,,,,,,,34.15154,-118.146708,FAIR OAKS OFF,25.48
2024-12-10 10:10:00,775729,210,E,FF,,,,,,,,34.155812,-118.158089,EB 210 CON,24.49
2024-12-10 10:10:00,776724,210,E,FF,251,138,113,,,,,34.156489,-118.158295,WINONA WAY,24.442
2024-12-10 10:15:00,768916,210,E,FF,,,,,,,,34.15099,-118.152369,NB 710 EXT TO EB 210,25.12
2024-12-10 10:15:00,769849,210,E,FF,267,82,119,66,,,,34.211728,-118.228265,OCEAN VIEW,18.18
2024-12-10 10:15:00,770170,210,E,FF,,,,,,,,34.155812,-118.158089,EB 210 TO WB 134 #1,24.49
2024-12-10 10:15:00,773131,210,E,FF,,,,,,,,34.15154,-118.146708,FAIR OAKS OFF,25.48
2024-12-10 10:15:00,775729,210,E,FF,,,,,,,,34.155812,-118.158089,EB 210 CON,24.49
2024-12-10 10:15:00,776724,210,E,FF,230,127,103,,,,,34.156489,-118.158295,WINONA WAY,24.442
2024-12-10 10:20:00,768916,210,E,FF,,,,,,,,34.15099,-118.152369,NB 710 EXT TO EB 210,25.12
2024-12-10 10:20:00,769849,210,E,FF,303,90,127,86,,,,34.211728,-118.228265,OCEAN VIEW,18.18
2024-12-10 10:20:00,770170,210,E,FF,,,,,,,,34.155812,-118.158089,EB 210 TO WB 134 #1,24.49
2024-12-10 10:20:00,773131,210,E,FF,,,,,,,,34.15154,-118.146708,FAIR OAKS OFF,25.48
2024-12-10 10:20:00,775729,210,E,FF,,,,,,,,34.155812,-118.158089,EB 210 CON,24.49
2024-12-10 10:20:00,776724,210,E,FF,200,96,104,,,,,34.156489,-118.158295,WINONA WAY,24.442
2024-12-10 10:25:00,768916,210,E,FF,,,,,,,,34.15099,-118.152369,NB 710 EXT TO EB 210,25.12
2024-12-10 10:25:00,769849,210,E,FF,321,89,140,92,,,,34.211728,-118.228265,OCEAN VIEW,18.18
2024-12-10 10:25:00,770170,210,E,FF,,,,,,,,34.155812,-118.158089,EB 210 TO WB 134 #1,24.49
2024-12-10 10:25:00,773131,210,E,FF,,,,,,,,34.15154,-118.146708,FAIR OAKS OFF,25.48
2024-12-10 10:25:00,775729,210,E,FF,,,,,,,,34.155812,-118.158089,EB 210 CON,24.49
2024-12-10 10:25:00,776724,210,E,FF,254,131,123,,,,,34.156489,-118.158295,WINONA WAY,24.442
2024-12-10 10:30:00,768916,210,E,FF,,,,,,,,34.15099,-118.152369,NB 710 EXT TO EB 210,25.12
2024-12-10 10:30:00,769849,210,E,FF,321,91,141,89,,,,34.211728,-118.228265,OCEAN VIEW,18.18
2024-12-10 10:30:00,770170,210,E,FF,,,,,,,,34.155812,-118.158089,EB 210 TO WB 134 #1,24.49
2024-12-10 10:30:00,773131,210,E,FF,,,,,,,,34.15154,-118.146708,FAIR OAKS OFF,25.48
2024-12-10 10:30:00,775729,210,E,FF,,,,,,,,34.155812,-118.158089,EB 210 CON,24.49
2024-12-10 10:30:00,776724,210,E,FF,261,124,137,,,,,34.156489,-118.158295,WINONA WAY,24.442
2024-12-10 10:35:00,768916,210,E,FF,,,,,,,,34.15099,-118.152369,NB 710 EXT TO EB 210,25.12
2024-12-10 10:35:00,769849,210,E,FF,319,97,134,88,,,,34.211728,-118.228265,OCEAN VIEW,18.18
2024-12-10 10:35:00,770170,210,E,FF,,,,,,,,34.155812,-118.158089,EB 210 TO WB 134 #1,24.49
2024-12-10 10:35:00,773131,210,E,FF,,,,,,,,34.15154,-118.146708,FAIR OAKS OFF,25.48
2024-12-10 10:35:00,775729,210,E,FF,,,,,,,,34.155812,-118.158089,EB 210 CON,24.49
2024-12-10 10:35:00,776724,210,E,FF,203,91,112,,,,,34.156489,-118.158295,WINONA WAY,24.442
2024-12-10 10:40:00,768916,210,E,FF,,,,,,,,34.15099,-118.152369,NB 710 EXT TO EB 210,25.12
2024-12-10 10:40:00,769849,210,E,FF,300,76,133,91,,,,34.211728,-118.228265,OCEAN VIEW,18.18
2024-12-10 10:40:00,770170,210,E,FF,,,,,,,,34.155812,-118.158089,EB 210 TO WB 134 #1,24.49
2024-12-10 10:40:00,773131,210,E,FF,,,,,,,,34.15154,-118.146708,FAIR OAKS OFF,25.48
2024-12-10 10:40:00,775729,210,E,FF,,,,,,,,34.155812,-118.158089,EB 210 CON,24.49
2024-12-10 10:40:00,776724,210,E,FF,267,139,128,,,,,34.156489,-118.158295,WINONA WAY,24.442
2024-12-10 10:45:00,768916,210,E,FF,,,,,,,,34.15099,-118.152369,NB 710 EXT TO EB 210,25.12
2024-12-10 10:45:00,769849,210,E,FF,299,88,126,85,,,,34.211728,-118.228265,OCEAN VIEW,18.18
2024-12-10 10:45:00,770170,210,E,FF,,,,,,,,34.155812,-118.158089,EB 210 TO WB 134 #1,24.49
2024-12-10 10:45:00,773131,210,E,FF,,,,,,,,34.15154,-118.146708,FAIR OAKS OFF,25.48
2024-12-10 10:45:00,775729,210,E,FF,,,,,,,,34.155812,-118.158089,EB 210 CON,24.49
2024-12-10 10:45:00,776724,210,E,FF,275,147,128,,,,,34.156489,-118.158295,WINONA WAY,24.442
2024-12-10 10:50:00,768916,210,E,FF,,,,,,,,34.15099,-118.152369,NB 710 EXT TO EB 210,25.12
2024-12-10 10:50:00,769849,210,E,FF,303,88,131,84,,,,34.211728,-118.228265,OCEAN VIEW,18.18
2024-12-10 10:50:00,770170,210,E,FF,,,,,,,,34.155812,-118.158089,EB 210 TO WB 134 #1,24.49
2024-12-10 10:50:00,773131,210,E,FF,,,,,,,,34.15154,-118.146708,FAIR OAKS OFF,25.48
2024-12-10 10:50:00,775729,210,E,FF,,,,,,,,34.155812,-118.158089,EB 210 CON,24.49
2024-12-10 10:50:00,776724,210,E,FF,233,106,127,,,,,34.156489,-118.158295,WINONA WAY,24.442
2024-12-10 10:55:00,768916,210,E,FF,,,,,,,,34.15099,-118.152369,NB 710 EXT TO EB 210,25.12
2024-12-10 10:55:00,769849,210,E,FF,291,76,134,81,,,,34.211728,-118.228265,OCEAN VIEW,18.18
2024-12-10 10:55:00,770170,210,E,FF,,,,,,,,34.155812,-118.158089,EB 210 TO WB 134 #1,24.49
2024-12-10 10:55:00,773131,210,E,FF,,,,,,,,34.15154,-118.146708,FAIR OAKS OFF,25.48
2024-12-10 10:55:00,775729,210,E,FF,,,,,,,,34.155812,-118.158089,EB 210 CON,24.49
2024-12-10 10:55:00,776724,210,E,FF,272,143,129,,,,,34.156489,-118.158295,WINONA WAY,24.442
2024-12-10 11:00:00,768916,210,E,FF,,,,,,,,34.15099,-118.152369,NB 710 EXT TO EB 210,25.12
2024-12-10 11:00:00,769849,210,E,FF,278,80,123,75,,,,34.211728,-118.228265,OCEAN VIEW,18.18
2024-12-10 11:00:00,770170,210,E,FF,,,,,,,,34.155812,-118.158089,EB 210 TO WB 134 #1,24.49
2024-12-10 11:00:00,773131,210,E,FF,,,,,,,,34.15154,-118.146708,FAIR OAKS OFF,25.48
2024-12-10 11:00:00,775729,210,E,FF,,,,,,,,34.155812,-118.158089,EB 210 CON,24.49
2024-12-10 11:00:00,776724,210,E,FF,262,124,138,,,,,34.156489,-118.158295,WINONA WAY,24.442
2024-12-10 11:05:00,768916,210,E,FF,,,,,,,,34.15099,-118.152369,NB 710 EXT TO EB 210,25.12
2024-12-10 11:05:00,769849,210,E,FF,249,71,113,65,,,,34.211728,-118.228265,OCEAN VIEW,18.18
2024-12-10 11:05:00,770170,210,E,FF,,,,,,,,34.155812,-118.158089,EB 210 TO WB 134 #1,24.49
2024-12-10 11:05:00,773131,210,E,FF,,,,,,,,34.15154,-118.146708,FAIR OAKS OFF,25.48
2024-12-10 11:05:00,775729,210,E,FF,,,,,,,,34.155812,-118.158089,EB 210 CON,24.49
2024-12-10 11:05:00,776724,210,E,FF,297,163,134,,,,,34.156489,-118.158295,WINONA WAY,24.442
2024-12-10 11:10:00,768916,210,E,FF,,,,,,,,34.15099,-118.152369,NB 710 EXT TO EB 210,25.12
2024-12-10 11:10:00,769849,210,E,FF,200,53,90,57,,,,34.211728,-118.228265,OCEAN VIEW,18.18
2024-12-10 11:10:00,770170,210,E,FF,,,,,,,,34.155812,-118.158089,EB 210 TO WB 134 #1,24.49
2024-12-10 11:10:00,773131,210,E,FF,,,,,,,,34.15154,-118.146708,FAIR OAKS OFF,25.48
2024-12-10 11:10:00,775729,210,E,FF,,,,,,,,34.155812,-118.158089,EB 210 CON,24.49
2024-12-10 11:10:00,776724,210,E,FF,265,139,126,,,,,34.156489,-118.158295,WINONA WAY,24.442
2024-12-10 11:15:00,768916,210,E,FF,,,,,,,,34.15099,-118.152369,NB 710 EXT TO EB 210,25.12
2024-12-10 11:15:00,769849,210,E,FF,161,41,69,51,,,,34.211728,-118.228265,OCEAN VIEW,18.18
2024-12-10 11:15:00,770170,210,E,FF,,,,,,,,34.155812,-118.158089,EB 210 TO WB 134 #1,24.49
2024-12-10 11:15:00,773131,210,E,FF,,,,,,,,34.15154,-118.146708,FAIR OAKS OFF,25.48
2024-12-10 11:15:00,775729,210,E,FF,,,,,,,,34.155812,-118.158089,EB 210 CON,24.49
2024-12-10 11:15:00,776724,210,E,FF,211,107,104,,,,,34.156489,-118.158295,WINONA WAY,24.442
2024-12-10 11:20:00,768916,210,E,FF,,,,,,,,34.15099,-118.152369,NB 710 EXT TO EB 210,25.12
2024-12-10 11:20:00,769849,210,E,FF,185,44,92,49,,,,34.211728,-118.228265,OCEAN VIEW,18.18
2024-12-10 11:20:00,770170,210,E,FF,,,,,,,,34.155812,-118.158089,EB 210 TO WB 134 #1,24.49
2024-12-10 11:20:00,773131,210,E,FF,,,,,,,,34.15154,-118.146708,FAIR OAKS OFF,25.48
2024-12-10 11:20:00,775729,210,E,FF,,,,,,,,34.155812,-118.158089,EB 210 CON,24.49
2024-12-10 11:20:00,776724,210,E,FF,188,112,76,,,,,34.156489,-118.158295,WINONA WAY,24.442
2024-12-10 11:25:00,768916,210,E,FF,,,,,,,,34.15099,-118.152369,NB 710 EXT TO EB 210,25.12
2024-12-10 11:25:00,769849,210,E,FF,171,39,84,48,,,,34.211728,-118.228265,OCEAN VIEW,18.18
2024-12-10 11:25:00,770170,210,E,FF,,,,,,,,34.155812,-118.158089,EB 210 TO WB 134 #1,24.49
2024-12-10 11:25:00,773131,210,E,FF,,,,,,,,34.15154,-118.146708,FAIR OAKS OFF,25.48
2024-12-10 11:25:00,775729,210,E,FF,,,,,,,,34.155812,-118.158089,EB 210 CON,24.49
2024-12-10 11:25:00,776724,210,E,FF,251,127,124,,,,,34.156489,-118.158295,WINONA WAY,24.442
2024-12-10 11:30:00,768916,210,E,FF,,,,,,,,34.15099,-118.152369,NB 710 EXT TO EB 210,25.12
2024-12-10 11:30:00,769849,210,E,FF,139,32,68,39,,,,34.211728,-118.228265,OCEAN VIEW,18.18
2024-12-10 11:30:00,770170,210,E,FF,,,,,,,,34.155812,-118.158089,EB 210 TO WB 134 #1,24.49
2024-12-10 11:30:00,773131,210,E,FF,,,,,,,,34.15154,-118.146708,FAIR OAKS OFF,25.48
2024-12-10 11:30:00,775729,210,E,FF,,,,,,,,34.155812,-118.158089,EB 210 CON,24.49
2024-12-10 11:30:00,776724,210,E,FF,277,155,122,,,,,34.156489,-118.158295,WINONA WAY,24.442
2024-12-10 11:35:00,768916,210,E,FF,,,,,,,,34.15099,-118.152369,NB 710 EXT TO EB 210,25.12
2024-12-10 11:35:00,769849,210,E,FF,150,33,70,47,,,,34.211728,-118.228265,OCEAN VIEW,18.18
2024-12-10 11:35:00,770170,210,E,FF,,,,,,,,34.155812,-118.158089,EB 210 TO WB 134 #1,24.49
2024-12-10 11:35:00,773131,210,E,FF,,,,,,,,34.15154,-118.146708,FAIR OAKS OFF,25.48
2024-12-10 11:35:00,775729,210,E,FF,,,,,,,,34.155812,-118.158089,EB 210 CON,24.49
2024-12-10 11:35:00,776724,210,E,FF,242,122,120,,,,,34.156489,-118.158295,WINONA WAY,24.442
2024-12-10 11:40:00,768916,210,E,FF,,,,,,,,34.15099,-118.152369,NB 710 EXT TO EB 210,25.12
2024-12-10 11:40:00,769849,210,E,FF,149,45,76,28,,,,34.211728,-118.228265,OCEAN VIEW,18.18
2024-12-10 11:40:00,770170,210,E,FF,,,,,,,,34.155812,-118.158089,EB 210 TO WB 134 #1,24.49
2024-12-10 11:40:00,773131,210,E,FF,,,,,,,,34.15154,-118.146708,FAIR OAKS OFF,25.48
2024-12-10 11:40:00,775729,210,E,FF,,,,,,,,34.155812,-118.158089,EB 210 CON,24.49
2024-12-10 11:40:00,776724,210,E,FF,271,128,143,,,,,34.156489,-118.158295,WINONA WAY,24.442
2024-12-10 11:45:00,768916,210,E,FF,,,,,,,,34.15099,-118.152369,NB 710 EXT TO EB 210,25.12
2024-12-10 11:45:00,769849,210,E,FF,144,30,74,40,,,,34.211728,-118.228265,OCEAN VIEW,18.18
2024-12-10 11:45:00,770170,210,E,FF,,,,,,,,34.155812,-118.158089,EB 210 TO WB 134 #1,24.49
2024-12-10 11:45:00,773131,210,E,FF,,,,,,,,34.15154,-118.146708,FAIR OAKS OFF,25.48
2024-12-10 11:45:00,775729,210,E,FF,,,,,,,,34.155812,-118.158089,EB 210 CON,24.49
2024-12-10 11:45:00,776724,210,E,FF,260,135,125,,,,,34.156489,-118.158295,WINONA WAY,24.442
2024-12-10 11:50:00,768916,210,E,FF,,,,,,,,34.15099,-118.152369,NB 710 EXT TO EB 210,25.12
2024-12-10 11:50:00,769849,210,E,FF,182,47,80,55,,,,34.211728,-118.228265,OCEAN VIEW,18.18
2024-12-10 11:50:00,770170,210,E,FF,,,,,,,,34.155812,-118.158089,EB 210 TO WB 134 #1,24.49
2024-12-10 11:50:00,773131,210,E,FF,,,,,,,,34.15154,-118.146708,FAIR OAKS OFF,25.48
2024-12-10 11:50:00,775729,210,E,FF,,,,,,,,34.155812,-118.158089,EB 210 CON,24.49
2024-12-10 11:50:00,776724,210,E,FF,275,146,129,,,,,34.156489,-118.158295,WINONA WAY,24.442
2024-12-10 11:55:00,768916,210,E,FF,,,,,,,,34.15099,-118.152369,NB 710 EXT TO EB 210,25.12
2024-12-10 11:55:00,769849,210,E,FF,150,42,68,40,,,,34.211728,-118.228265,OCEAN VIEW,18.18
2024-12-10 11:55:00,770170,210,E,FF,,,,,,,,34.155812,-118.158089,EB 210 TO WB 134 #1,24.49
2024-12-10 11:55:00,773131,210,E,FF,,,,,,,,34.15154,-118.146708,FAIR OAKS OFF,25.48
2024-12-10 11:55:00,775729,210,E,FF,,,,,,,,34.155812,-118.158089,EB 210 CON,24.49
2024-12-10 11:55:00,776724,210,E,FF,237,136,101,,,,,34.156489,-118.158295,WINONA WAY,24.442
2024-12-10 12:00:00,768916,210,E,FF,,,,,,,,34.15099,-118.152369,NB 710 EXT TO EB 210,25.12
2024-12-10 12:00:00,769849,210,E,FF,150,42,68,40,,,,34.211728,-118.228265,OCEAN VIEW,18.18
2024-12-10 12:00:00,770170,210,E,FF,,,,,,,,34.155812,-118.158089,EB 210 TO WB 134 #1,24.49
2024-12-10 12:00:00,773131,210,E,FF,,,,,,,,34.15154,-118.146708,FAIR OAKS OFF,25.48
2024-12-10 12:00:00,775729,210,E,FF,,,,,,,,34.155812,-118.158089,EB 210 CON,24.49
2024-12-10 12:00:00,776724,210,E,FF,255,155,100,,,,,34.156489,-118.158295,WINONA WAY,24.442
2024-12-10 12:05:00,768916,210,E,FF,,,,,,,,34.15099,-118.152369,NB 710 EXT TO EB 210,25.12
2024-12-10 12:05:00,769849,210,E,FF,147,24,80,43,,,,34.211728,-118.228265,OCEAN VIEW,18.18
2024-12-10 12:05:00,770170,210,E,FF,,,,,,,,34.155812,-118.158089,EB 210 TO WB 134 #1,24.49
2024-12-10 12:05:00,773131,210,E,FF,,,,,,,,34.15154,-118.146708,FAIR OAKS OFF,25.48
2024-12-10 12:05:00,775729,210,E,FF,,,,,,,,34.155812,-118.158089,EB 210 CON,24.49
2024-12-10 12:05:00,776724,210,E,FF,255,144,111,,,,,34.156489,-118.158295,WINONA WAY,24.442
2024-12-10 12:10:00,768916,210,E,FF,,,,,,,,34.15099,-118.152369,NB 710 EXT TO EB 210,25.12
2024-12-10 12:10:00,769849,210,E,FF,162,41,74,47,,,,34.211728,-118.228265,OCEAN VIEW,18.18
2024-12-10 12:10:00,770170,210,E,FF,,,,,,,,34.155812,-118.158089,EB 210 TO WB 134 #1,24.49
2024-12-10 12:10:00,773131,210,E,FF,,,,,,,,34.15154,-118.146708,FAIR OAKS OFF,25.48
2024-12-10 12:10:00,775729,210,E,FF,,,,,,,,34.155812,-118.158089,EB 210 CON,24.49
2024-12-10 12:10:00,776724,210,E,FF,258,140,118,,,,,34.156489,-118.158295,WINONA WAY,24.442
2024-12-10 12:15:00,768916,210,E,FF,,,,,,,,34.15099,-118.152369,NB 710 EXT TO EB 210,25.12
2024-12-10 12:15:00,769849,210,E,FF,155,40,71,44,,,,34.211728,-118.228265,OCEAN VIEW,18.18
2024-12-10 12:15:00,770170,210,E,FF,,,,,,,,34.155812,-118.158089,EB 210 TO WB 134 #1,24.49
2024-12-10 12:15:00,773131,210,E,FF,,,,,,,,34.15154,-118.146708,FAIR OAKS OFF,25.48
2024-12-10 12:15:00,775729,210,E,FF,,,,,,,,34.155812,-118.158089,EB 210 CON,24.49
2024-12-10 12:15:00,776724,210,E,FF,270,140,130,,,,,34.156489,-118.158295,WINONA WAY,24.442
2024-12-10 12:20:00,768916,210,E,FF,,,,,,,,34.15099,-118.152369,NB 710 EXT TO EB 210,25.12
2024-12-10 12:20:00,769849,210,E,FF,158,39,69,50,,,,34.211728,-118.228265,OCEAN VIEW,18.18
2024-12-10 12:20:00,770170,210,E,FF,,,,,,,,34.155812,-118.158089,EB 210 TO WB 134 #1,24.49
2024-12-10 12:20:00,773131,210,E,FF,,,,,,,,34.15154,-118.146708,FAIR OAKS OFF,25.48
2024-12-10 12:20:00,775729,210,E,FF,,,,,,,,34.155812,-118.158089,EB 210 CON,24.49
2024-12-10 12:20:00,776724,210,E,FF,236,122,114,,,,,34.156489,-118.158295,WINONA WAY,24.442
2024-12-10 12:25:00,768916,210,E,FF,,,,,,,,34.15099,-118.152369,NB 710 EXT TO EB 210,25.12
2024-12-10 12:25:00,769849,210,E,FF,162,46,69,47,,,,34.211728,-118.228265,OCEAN VIEW,18.18
2024-12-10 12:25:00,770170,210,E,FF,,,,,,,,34.155812,-118.158089,EB 210 TO WB 134 #1,24.49
2024-12-10 12:25:00,773131,210,E,FF,,,,,,,,34.15154,-118.146708,FAIR OAKS OFF,25.48
2024-12-10 12:25:00,775729,210,E,FF,,,,,,,,34.155812,-118.158089,EB 210 CON,24.49
2024-12-10 12:25:00,776724,210,E,FF,264,136,128,,,,,34.156489,-118.158295,WINONA WAY,24.442
2024-12-10 12:30:00,768916,210,E,FF,,,,,,,,34.15099,-118.152369,NB 710 EXT TO EB 210,25.12
2024-12-10 12:30:00,769849,210,E,FF,165,42,80,43,,,,34.211728,-118.228265,OCEAN VIEW,18.18
2024-12-10 12:30:00,770170,210,E,FF,,,,,,,,34.155812,-118.158089,EB 210 TO WB 134 #1,24.49
2024-12-10 12:30:00,773131,210,E,FF,,,,,,,,34.15154,-118.146708,FAIR OAKS OFF,25.48
2024-12-10 12:30:00,775729,210,E,FF,,,,,,,,34.155812,-118.158089,EB 210 CON,24.49
2024-12-10 12:30:00,776724,210,E,FF,251,124,127,,,,,34.156489,-118.158295,WINONA WAY,24.442
2024-12-10 12:35:00,768916,210,E,FF,,,,,,,,34.15099,-118.152369,NB 710 EXT TO EB 210,25.12
2024-12-10 12:35:00,769849,210,E,FF,158,35,71,52,,,,34.211728,-118.228265,OCEAN VIEW,18.18
2024-12-10 12:35:00,770170,210,E,FF,,,,,,,,34.155812,-118.158089,EB 210 TO WB 134 #1,24.49
2024-12-10 12:35:00,773131,210,E,FF,,,,,,,,34.15154,-118.146708,FAIR OAKS OFF,25.48
2024-12-10 12:35:00,775729,210,E,FF,,,,,,,,34.155812,-118.158089,EB 210 CON,24.49
2024-12-10 12:35:00,776724,210,E,FF,235,127,108,,,,,34.156489,-118.158295,WINONA WAY,24.442
2024-12-10 12:40:00,768916,210,E,FF,,,,,,,,34.15099,-118.152369,NB 710 EXT TO EB 210,25.12
2024-12-10 12:40:00,769849,210,E,FF,179,37,91,51,,,,34.211728,-118.228265,OCEAN VIEW,18.18
2024-12-10 12:40:00,770170,210,E,FF,,,,,,,,34.155812,-118.158089,EB 210 TO WB 134 #1,24.49
2024-12-10 12:40:00,773131,210,E,FF,,,,,,,,34.15154,-118.146708,FAIR OAKS OFF,25.48
2024-12-10 12:40:00,775729,210,E,FF,,,,,,,,34.155812,-118.158089,EB 210 CON,24.49
2024-12-10 12:40:00,776724,210,E,FF,248,133,115,,,,,34.156489,-118.158295,WINONA WAY,24.442
2024-12-10 12:45:00,768916,210,E,FF,,,,,,,,34.15099,-118.152369,NB 710 EXT TO EB 210,25.12
2024-12-10 12:45:00,769849,210,E,FF,176,45,80,51,,,,34.211728,-118.228265,OCEAN VIEW,18.18
2024-12-10 12:45:00,770170,210,E,FF,,,,,,,,34.155812,-118.158089,EB 210 TO WB 134 #1,24.49
2024-12-10 12:45:00,773131,210,E,FF,,,,,,,,34.15154,-118.146708,FAIR OAKS OFF,25.48
2024-12-10 12:45:00,775729,210,E,FF,,,,,,,,34.155812,-118.158089,EB 210 CON,24.49
2024-12-10 12:45:00,776724,210,E,FF,232,121,111,,,,,34.156489,-118.158295,WINONA WAY,24.442
2024-12-10 12:50:00,768916,210,E,FF,,,,,,,,34.15099,-118.152369,NB 710 EXT TO EB 210,25.12
2024-12-10 12:50:00,769849,210,E,FF,166,44,74,48,,,,34.211728,-118.228265,OCEAN VIEW,18.18
2024-12-10 12:50:00,770170,210,E,FF,,,,,,,,34.155812,-118.158089,EB 210 TO WB 134 #1,24.49
2024-12-10 12:50:00,773131,210,E,FF,,,,,,,,34.15154,-118.146708,FAIR OAKS OFF,25.48
2024-12-10 12:50:00,775729,210,E,FF,,,,,,,,34.155812,-118.158089,EB 210 CON,24.49
2024-12-10 12:50:00,776724,210,E,FF,240,123,117,,,,,34.156489,-118.158295,WINONA WAY,24.442
2024-12-10 12:55:00,768916,210,E,FF,,,,,,,,34.15099,-118.152369,NB 710 EXT TO EB 210,25.12
2024-12-10 12:55:00,769849,210,E,FF,190,50,88,52,,,,34.211728,-118.228265,OCEAN VIEW,18.18
2024-12-10 12:55:00,770170,210,E,FF,,,,,,,,34.155812,-118.158089,EB 210 TO WB 134 #1,24.49
2024-12-10 12:55:00,773131,210,E,FF,,,,,,,,34.15154,-118.146708,FAIR OAKS OFF,25.48
2024-12-10 12:55:00,775729,210,E,FF,,,,,,,,34.155812,-118.158089,EB 210 CON,24.49
2024-12-10 12:55:00,776724,210,E,FF,254,112,142,,,,,34.156489,-118.158295,WINONA WAY,24.442
2024-12-10 13:00:00,768916,210,E,FF,,,,,,,,34.15099,-118.152369,NB 710 EXT TO EB 210,25.12
2024-12-10 13:00:00,769849,210,E,FF,165,34,85,46,,,,34.211728,-118.228265,OCEAN VIEW,18.18
2024-12-10 13:00:00,770170,210,E,FF,,,,,,,,34.155812,-118.158089,EB 210 TO WB 134 #1,24.49
2024-12-10 13:00:00,773131,210,E,FF,,,,,,,,34.15154,-118.146708,FAIR OAKS OFF,25.48
2024-12-10 13:00:00,775729,210,E,FF,,,,,,,,34.155812,-118.158089,EB 210 CON,24.49
2024-12-10 13:00:00,776724,210,E,FF,299,153,146,,,,,34.156489,-118.158295,WINONA WAY,24.442
2024-12-10 13:05:00,768916,210,E,FF,,,,,,,,34.15099,-118.152369,NB 710 EXT TO EB 210,25.12
2024-12-10 13:05:00,769849,210,E,FF,195,49,88,58,,,,34.211728,-118.228265,OCEAN VIEW,18.18
2024-12-10 13:05:00,770170,210,E,FF,,,,,,,,34.155812,-118.158089,EB 210 TO WB 134 #1,24.49
2024-12-10 13:05:00,773131,210,E,FF,,,,,,,,34.15154,-118.146708,FAIR OAKS OFF,25.48
2024-12-10 13:05:00,775729,210,E,FF,,,,,,,,34.155812,-118.158089,EB 210 CON,24.49
2024-12-10 13:05:00,776724,210,E,FF,288,140,148,,,,,34.156489,-118.158295,WINONA WAY,24.442
2024-12-10 13:10:00,768916,210,E,FF,,,,,,,,34.15099,-118.152369,NB 710 EXT TO EB 210,25.12
2024-12-10 13:10:00,769849,210,E,FF,168,42,81,45,,,,34.211728,-118.228265,OCEAN VIEW,18.18
2024-12-10 13:10:00,770170,210,E,FF,,,,,,,,34.155812,-118.158089,EB 210 TO WB 134 #1,24.49
2024-12-10 13:10:00,773131,210,E,FF,,,,,,,,34.15154,-118.146708,FAIR OAKS OFF,25.48
2024-12-10 13:10:00,775729,210,E,FF,,,,,,,,34.155812,-118.158089,EB 210 CON,24.49
2024-12-10 13:10:00,776724,210,E,FF,259,144,115,,,,,34.156489,-118.158295,WINONA WAY,24.442
2024-12-10 13:15:00,768916,210,E,FF,,,,,,,,34.15099,-118.152369,NB 710 EXT TO EB 210,25.12
2024-12-10 13:15:00,769849,210,E,FF,208,59,109,40,,,,34.211728,-118.228265,OCEAN VIEW,18.18
2024-12-10 13:15:00,770170,210,E,FF,,,,,,,,34.155812,-118.158089,EB 210 TO WB 134 #1,24.49
2024-12-10 13:15:00,773131,210,E,FF,,,,,,,,34.15154,-118.146708,FAIR OAKS OFF,25.48
2024-12-10 13:15:00,775729,210,E,FF,,,,,,,,34.155812,-118.158089,EB 210 CON,24.49
2024-12-10 13:15:00,776724,210,E,FF,257,129,128,,,,,34.156489,-118.158295,WINONA WAY,24.442
2024-12-10 13:20:00,768916,210,E,FF,,,,,,,,34.15099,-118.152369,NB 710 EXT TO EB 210,25.12
2024-12-10 13:20:00,769849,210,E,FF,179,44,86,49,,,,34.211728,-118.228265,OCEAN VIEW,18.18
2024-12-10 13:20:00,770170,210,E,FF,,,,,,,,34.155812,-118.158089,EB 210 TO WB 134 #1,24.49
2024-12-10 13:20:00,773131,210,E,FF,,,,,,,,34.15154,-118.146708,FAIR OAKS OFF,25.48
2024-12-10 13:20:00,775729,210,E,FF,,,,,,,,34.155812,-118.158089,EB 210 CON,24.49
2024-12-10 13:20:00,776724,210,E,FF,255,116,139,,,,,34.156489,-118.158295,WINONA WAY,24.442
2024-12-10 13:25:00,768916,210,E,FF,,,,,,,,34.15099,-118.152369,NB 710 EXT TO EB 210,25.12
2024-12-10 13:25:00,769849,210,E,FF,186,44,92,50,,,,34.211728,-118.228265,OCEAN VIEW,18.18
2024-12-10 13:25:00,770170,210,E,FF,,,,,,,,34.155812,-118.158089,EB 210 TO WB 134 #1,24.49
2024-12-10 13:25:00,773131,210,E,FF,,,,,,,,34.15154,-118.146708,FAIR OAKS OFF,25.48
2024-12-10 13:25:00,775729,210,E,FF,,,,,,,,34.155812,-118.158089,EB 210 CON,24.49
2024-12-10 13:25:00,776724,210,E,FF,250,125,125,,,,,34.156489,-118.158295,WINONA WAY,24.442
2024-12-10 13:30:00,768916,210,E,FF,,,,,,,,34.15099,-118.152369,NB 710 EXT TO EB 210,25.12
2024-12-10 13:30:00,769849,210,E,FF,165,35,82,48,,,,34.211728,-118.228265,OCEAN VIEW,18.18
2024-12-10 13:30:00,770170,210,E,FF,,,,,,,,34.155812,-118.158089,EB 210 TO WB 134 #1,24.49
2024-12-10 13:30:00,773131,210,E,FF,,,,,,,,34.15154,-118.146708,FAIR OAKS OFF,25.48
2024-12-10 13:30:00,775729,210,E,FF,,,,,,,,34.155812,-118.158089,EB 210 CON,24.49
2024-12-10 13:30:00,776724,210,E,FF,263,148,115,,,,,34.156489,-118.158295,WINONA WAY,24.442
2024-12-10 13:35:00,768916,210,E,FF,,,,,,,,34.15099,-118.152369,NB 710 EXT TO EB 210,25.12
2024-12-10 13:35:00,769849,210,E,FF,169,47,82,40,,,,34.211728,-118.228265,OCEAN VIEW,18.18
2024-12-10 13:35:00,770170,210,E,FF,,,,,,,,34.155812,-118.158089,EB 210 TO WB 134 #1,24.49
2024-12-10 13:35:00,773131,210,E,FF,,,,,,,,34.15154,-118.146708,FAIR OAKS OFF,25.48
2024-12-10 13:35:00,775729,210,E,FF,,,,,,,,34.155812,-118.158089,EB 210 CON,24.49
2024-12-10 13:35:00,776724,210,E,FF,253,125,128,,,,,34.156489,-118.158295,WINONA WAY,24.442
2024-12-10 13:40:00,768916,210,E,FF,,,,,,,,34.15099,-118.152369,NB 710 EXT TO EB 210,25.12
2024-12-10 13:40:00,769849,210,E,FF,150,38,68,44,,,,34.211728,-118.228265,OCEAN VIEW,18.18
2024-12-10 13:40:00,770170,210,E,FF,,,,,,,,34.155812,-118.158089,EB 210 TO WB 134 #1,24.49
2024-12-10 13:40:00,773131,210,E,FF,,,,,,,,34.15154,-118.146708,FAIR OAKS OFF,25.48
2024-12-10 13:40:00,775729,210,E,FF,,,,,,,,34.155812,-118.158089,EB 210 CON,24.49
2024-12-10 13:40:00,776724,210,E,FF,244,124,120,,,,,34.156489,-118.158295,WINONA WAY,24.442
2024-12-10 13:45:00,768916,210,E,FF,,,,,,,,34.15099,-118.152369,NB 710 EXT TO EB 210,25.12
2024-12-10 13:45:00,769849,210,E,FF,203,54,93,56,,,,34.211728,-118.228265,OCEAN VIEW,18.18
2024-12-10 13:45:00,770170,210,E,FF,,,,,,,,34.155812,-118.158089,EB 210 TO WB 134 #1,24.49
2024-12-10 13:45:00,773131,210,E,FF,,,,,,,,34.15154,-118.146708,FAIR OAKS OFF,25.48
2024-12-10 13:45:00,775729,210,E,FF,,,,,,,,34.155812,-118.158089,EB 210 CON,24.49
2024-12-10 13:45:00,776724,210,E,FF,269,146,123,,,,,34.156489,-118.158295,WINONA WAY,24.442
2024-12-10 13:50:00,768916,210,E,FF,,,,,,,,34.15099,-118.152369,NB 710 EXT TO EB 210,25.12
2024-12-10 13:50:00,769849,210,E,FF,143,32,70,41,,,,34.211728,-118.228265,OCEAN VIEW,18.18
2024-12-10 13:50:00,770170,210,E,FF,,,,,,,,34.155812,-118.158089,EB 210 TO WB 134 #1,24.49
2024-12-10 13:50:00,773131,210,E,FF,,,,,,,,34.15154,-118.146708,FAIR OAKS OFF,25.48
2024-12-10 13:50:00,775729,210,E,FF,,,,,,,,34.155812,-118.158089,EB 210 CON,24.49
2024-12-10 13:50:00,776724,210,E,FF,276,145,131,,,,,34.156489,-118.158295,WINONA WAY,24.442
2024-12-10 13:55:00,768916,210,E,FF,,,,,,,,34.15099,-118.152369,NB 710 EXT TO EB 210,25.12
2024-12-10 13:55:00,769849,210,E,FF,189,56,79,54,,,,34.211728,-118.228265,OCEAN VIEW,18.18
2024-12-10 13:55:00,770170,210,E,FF,,,,,,,,34.155812,-118.158089,EB 210 TO WB 134 #1,24.49
2024-12-10 13:55:00,773131,210,E,FF,,,,,,,,34.15154,-118.146708,FAIR OAKS OFF,25.48
2024-12-10 13:55:00,775729,210,E,FF,,,,,,,,34.155812,-118.158089,EB 210 CON,24.49
2024-12-10 13:55:00,776724,210,E,FF,292,134,158,,,,,34.156489,-118.158295,WINONA WAY,24.442
2024-12-10 14:00:00,768916,210,E,FF,,,,,,,,34.15099,-118.152369,NB 710 EXT TO EB 210,25.12
2024-12-10 14:00:00,769849,210,E,FF,151,44,68,39,,,,34.211728,-118.228265,OCEAN VIEW,18.18
2024-12-10 14:00:00,770170,210,E,FF,,,,,,,,34.155812,-118.158089,EB 210 TO WB 134 #1,24.49
2024-12-10 14:00:00,773131,210,E,FF,,,,,,,,34.15154,-118.146708,FAIR OAKS OFF,25.48
2024-12-10 14:00:00,775729,210,E,FF,,,,,,,,34.155812,-118.158089,EB 210 CON,24.49
2024-12-10 14:00:00,776724,210,E,FF,257,134,123,,,,,34.156489,-118.158295,WINONA WAY,24.442
2024-12-10 14:05:00,768916,210,E,FF,,,,,,,,34.15099,-118.152369,NB 710 EXT TO EB 210,25.12
2024-12-10 14:05:00,769849,210,E,FF,219,59,93,67,,,,34.211728,-118.228265,OCEAN VIEW,18.18
2024-12-10 14:05:00,770170,210,E,FF,,,,,,,,34.155812,-118.158089,EB 210 TO WB 134 #1,24.49
2024-12-10 14:05:00,773131,210,E,FF,,,,,,,,34.15154,-118.146708,FAIR OAKS OFF,25.48
2024-12-10 14:05:00,775729,210,E,FF,,,,,,,,34.155812,-118.158089,EB 210 CON,24.49
2024-12-10 14:05:00,776724,210,E,FF,255,124,131,,,,,34.156489,-118.158295,WINONA WAY,24.442
2024-12-10 14:10:00,768916,210,E,FF,,,,,,,,34.15099,-118.152369,NB 710 EXT TO EB 210,25.12
2024-12-10 14:10:00,769849,210,E,FF,231,62,104,65,,,,34.211728,-118.228265,OCEAN VIEW,18.18
2024-12-10 14:10:00,770170,210,E,FF,,,,,,,,34.155812,-118.158089,EB 210 TO WB 134 #1,24.49
2024-12-10 14:10:00,773131,210,E,FF,,,,,,,,34.15154,-118.146708,FAIR OAKS OFF,25.48
2024-12-10 14:10:00,775729,210,E,FF,,,,,,,,34.155812,-118.158089,EB 210 CON,24.49
2024-12-10 14:10:00,776724,210,E,FF,215,99,116,,,,,34.156489,-118.158295,WINONA WAY,24.442
2024-12-10 14:15:00,768916,210,E,FF,,,,,,,,34.15099,-118.152369,NB 710 EXT TO EB 210,25.12
2024-12-10 14:15:00,769849,210,E,FF,207,44,101,62,,,,34.211728,-118.228265,OCEAN VIEW,18.18
2024-12-10 14:15:00,770170,210,E,FF,,,,,,,,34.155812,-118.158089,EB 210 TO WB 134 #1,24.49
2024-12-10 14:15:00,773131,210,E,FF,,,,,,,,34.15154,-118.146708,FAIR OAKS OFF,25.48
2024-12-10 14:15:00,775729,210,E,FF,,,,,,,,34.155812,-118.158089,EB 210 CON,24.49
2024-12-10 14:15:00,776724,210,E,FF,188,88,100,,,,,34.156489,-118.158295,WINONA WAY,24.442
2024-12-10 14:20:00,768916,210,E,FF,,,,,,,,34.15099,-118.152369,NB 710 EXT TO EB 210,25.12
2024-12-10 14:20:00,769849,210,E,FF,259,83,110,66,,,,34.211728,-118.228265,OCEAN VIEW,18.18
2024-12-10 14:20:00,770170,210,E,FF,,,,,,,,34.155812,-118.158089,EB 210 TO WB 134 #1,24.49
2024-12-10 14:20:00,773131,210,E,FF,,,,,,,,34.15154,-118.146708,FAIR OAKS OFF,25.48
2024-12-10 14:20:00,775729,210,E,FF,,,,,,,,34.155812,-118.158089,EB 210 CON,24.49
2024-12-10 14:20:00,776724,210,E,FF,240,131,109,,,,,34.156489,-118.158295,WINONA WAY,24.442
2024-12-10 14:25:00,768916,210,E,FF,,,,,,,,34.15099,-118.152369,NB 710 EXT TO EB 210,25.12
2024-12-10 14:25:00,769849,210,E,FF,232,61,107,64,,,,34.211728,-118.228265,OCEAN VIEW,18.18
2024-12-10 14:25:00,770170,210,E,FF,,,,,,,,34.155812,-118.158089,EB 210 TO WB 134 #1,24.49
2024-12-10 14:25:00,773131,210,E,FF,,,,,,,,34.15154,-118.146708,FAIR OAKS OFF,25.48
2024-12-10 14:25:00,775729,210,E,FF,,,,,,,,34.155812,-118.158089,EB 210 CON,24.49
2024-12-10 14:25:00,776724,210,E,FF,186,98,88,,,,,34.156489,-118.158295,WINONA WAY,24.442
2024-12-10 14:30:00,768916,210,E,FF,,,,,,,,34.15099,-118.152369,NB 710 EXT TO EB 210,25.12
2024-12-10 14:30:00,769849,210,E,FF,226,57,105,64,,,,34.211728,-118.228265,OCEAN VIEW,18.18
2024-12-10 14:30:00,770170,210,E,FF,,,,,,,,34.155812,-118.158089,EB 210 TO WB 134 #1,24.49
2024-12-10 14:30:00,773131,210,E,FF,,,,,,,,34.15154,-118.146708,FAIR OAKS OFF,25.48
2024-12-10 14:30:00,775729,210,E,FF,,,,,,,,34.155812,-118.158089,EB 210 CON,24.49
2024-12-10 14:30:00,776724,210,E,FF,195,81,114,,,,,34.156489,-118.158295,WINONA WAY,24.442
2024-12-10 14:35:00,768916,210,E,FF,,,,,,,,34.15099,-118.152369,NB 710 EXT TO EB 210,25.12
2024-12-10 14:35:00,769849,210,E,FF,260,77,109,74,,,,34.211728,-118.228265,OCEAN VIEW,18.18
2024-12-10 14:35:00,770170,210,E,FF,,,,,,,,34.155812,-118.158089,EB 210 TO WB 134 #1,24.49
2024-12-10 14:35:00,773131,210,E,FF,,,,,,,,34.15154,-118.146708,FAIR OAKS OFF,25.48
2024-12-10 14:35:00,775729,210,E,FF,,,,,,,,34.155812,-118.158089,EB 210 CON,24.49
2024-12-10 14:35:00,776724,210,E,FF,200,83,117,,,,,34.156489,-118.158295,WINONA WAY,24.442
2024-12-10 14:40:00,768916,210,E,FF,,,,,,,,34.15099,-118.152369,NB 710 EXT TO EB 210,25.12
2024-12-10 14:40:00,769849,210,E,FF,224,62,101,61,,,,34.211728,-118.228265,OCEAN VIEW,18.18
2024-12-10 14:40:00,770170,210,E,FF,,,,,,,,34.155812,-118.158089,EB 210 TO WB 134 #1,24.49
2024-12-10 14:40:00,773131,210,E,FF,,,,,,,,34.15154,-118.146708,FAIR OAKS OFF,25.48
2024-12-10 14:40:00,775729,210,E,FF,,,,,,,,34.155812,-118.158089,EB 210 CON,24.49
2024-12-10 14:40:00,776724,210,E,FF,150,54,96,,,,,34.156489,-118.158295,WINONA WAY,24.442
2024-12-10 14:45:00,768916,210,E,FF,,,,,,,,34.15099,-118.152369,NB 710 EXT TO EB 210,25.12
2024-12-10 14:45:00,769849,210,E,FF,247,70,102,75,,,,34.211728,-118.228265,OCEAN VIEW,18.18
2024-12-10 14:45:00,770170,210,E,FF,,,,,,,,34.155812,-118.158089,EB 210 TO WB 134 #1,24.49
2024-12-10 14:45:00,773131,210,E,FF,,,,,,,,34.15154,-118.146708,FAIR OAKS OFF,25.48
2024-12-10 14:45:00,775729,210,E,FF,,,,,,,,34.155812,-118.158089,EB 210 CON,24.49
2024-12-10 14:45:00,776724,210,E,FF,173,66,107,,,,,34.156489,-118.158295,WINONA WAY,24.442
2024-12-10 14:50:00,768916,210,E,FF,,,,,,,,34.15099,-118.152369,NB 710 EXT TO EB 210,25.12
2024-12-10 14:50:00,769849,210,E,FF,273,85,120,68,,,,34.211728,-118.228265,OCEAN VIEW,18.18
2024-12-10 14:50:00,770170,210,E,FF,,,,,,,,34.155812,-118.158089,EB 210 TO WB 134 #1,24.49
2024-12-10 14:50:00,773131,210,E,FF,,,,,,,,34.15154,-118.146708,FAIR OAKS OFF,25.48
2024-12-10 14:50:00,775729,210,E,FF,,,,,,,,34.155812,-118.158089,EB 210 CON,24.49
2024-12-10 14:50:00,776724,210,E,FF,178,71,107,,,,,34.156489,-118.158295,WINONA WAY,24.442
2024-12-10 14:55:00,768916,210,E,FF,,,,,,,,34.15099,-118.152369,NB 710 EXT TO EB 210,25.12
2024-12-10 14:55:00,769849,210,E,FF,258,80,119,59,,,,34.211728,-118.228265,OCEAN VIEW,18.18
2024-12-10 14:55:00,770170,210,E,FF,,,,,,,,34.155812,-118.158089,EB 210 TO WB 134 #1,24.49
2024-12-10 14:55:00,773131,210,E,FF,,,,,,,,34.15154,-118.146708,FAIR OAKS OFF,25.48
2024-12-10 14:55:00,775729,210,E,FF,,,,,,,,34.155812,-118.158089,EB 210 CON,24.49
2024-12-10 14:55:00,776724,210,E,FF,141,56,85,,,,,34.156489,-118.158295,WINONA WAY,24.442
2024-12-10 15:00:00,768916,210,E,FF,,,,,,,,34.15099,-118.152369,NB 710 EXT TO EB 210,25.12
2024-12-10 15:00:00,769849,210,E,FF,232,62,105,65,,,,34.211728,-118.228265,OCEAN VIEW,18.18
2024-12-10 15:00:00,770170,210,E,FF,,,,,,,,34.155812,-118.158089,EB 210 TO WB 134 #1,24.49
2024-12-10 15:00:00,773131,210,E,FF,,,,,,,,34.15154,-118.146708,FAIR OAKS OFF,25.48
2024-12-10 15:00:00,775729,210,E,FF,,,,,,,,34.155812,-118.158089,EB 210 CON,24.49
2024-12-10 15:00:00,776724,210,E,FF,207,100,107,,,,,34.156489,-118.158295,WINONA WAY,24.442
2024-12-10 15:05:00,768916,210,E,FF,,,,,,,,34.15099,-118.152369,NB 710 EXT TO EB 210,25.12
2024-12-10 15:05:00,769849,210,E,FF,310,92,137,81,,,,34.211728,-118.228265,OCEAN VIEW,18.18
2024-12-10 15:05:00,770170,210,E,FF,,,,,,,,34.155812,-118.158089,EB 210 TO WB 134 #1,24.49
2024-12-10 15:05:00,773131,210,E,FF,,,,,,,,34.15154,-118.146708,FAIR OAKS OFF,25.48
2024-12-10 15:05:00,775729,210,E,FF,,,,,,,,34.155812,-118.158089,EB 210 CON,24.49
2024-12-10 15:05:00,776724,210,E,FF,208,91,117,,,,,34.156489,-118.158295,WINONA WAY,24.442
2024-12-10 15:10:00,768916,210,E,FF,,,,,,,,34.15099,-118.152369,NB 710 EXT TO EB 210,25.12
2024-12-10 15:10:00,769849,210,E,FF,281,82,120,79,,,,34.211728,-118.228265,OCEAN VIEW,18.18
2024-12-10 15:10:00,770170,210,E,FF,,,,,,,,34.155812,-118.158089,EB 210 TO WB 134 #1,24.49
2024-12-10 15:10:00,773131,210,E,FF,,,,,,,,34.15154,-118.146708,FAIR OAKS OFF,25.48
2024-12-10 15:10:00,775729,210,E,FF,,,,,,,,34.155812,-118.158089,EB 210 CON,24.49
2024-12-10 15:10:00,776724,210,E,FF,185,84,101,,,,,34.156489,-118.158295,WINONA WAY,24.442
2024-12-10 15:15:00,768916,210,E,FF,,,,,,,,34.15099,-118.152369,NB 710 EXT TO EB 210,25.12
2024-12-10 15:15:00,769849,210,E,FF,278,75,124,79,,,,34.211728,-118.228265,OCEAN VIEW,18.18
2024-12-10 15:15:00,770170,210,E,FF,,,,,,,,34.155812,-118.158089,EB 210 TO WB 134 #1,24.49
2024-12-10 15:15:00,773131,210,E,FF,,,,,,,,34.15154,-118.146708,FAIR OAKS OFF,25.48
2024-12-10 15:15:00,775729,210,E,FF,,,,,,,,34.155812,-118.158089,EB 210 CON,24.49
2024-12-10 15:15:00,776724,210,E,FF,149,64,85,,,,,34.156489,-118.158295,WINONA WAY,24.442
2024-12-10 15:20:00,768916,210,E,FF,,,,,,,,34.15099,-118.152369,NB 710 EXT TO EB 210,25.12
2024-12-10 15:20:00,769849,210,E,FF,287,83,119,85,,,,34.211728,-118.228265,OCEAN VIEW,18.18
2024-12-10 15:20:00,770170,210,E,FF,,,,,,,,34.155812,-118.158089,EB 210 TO WB 134 #1,24.49
2024-12-10 15:20:00,773131,210,E,FF,,,,,,,,34.15154,-118.146708,FAIR OAKS OFF,25.48
2024-12-10 15:20:00,775729,210,E,FF,,,,,,,,34.155812,-118.158089,EB 210 CON,24.49
2024-12-10 15:20:00,776724,210,E,FF,148,61,87,,,,,34.156489,-118.158295,WINONA WAY,24.442
2024-12-10 15:25:00,768916,210,E,FF,,,,,,,,34.15099,-118.152369,NB 710 EXT TO EB 210,25.12
2024-12-10 15:25:00,769849,210,E,FF,307,99,126,82,,,,34.211728,-118.228265,OCEAN VIEW,18.18
2024-12-10 15:25:00,770170,210,E,FF,,,,,,,,34.155812,-118.158089,EB 210 TO WB 134 #1,24.49
2024-12-10 15:25:00,773131,210,E,FF,,,,,,,,34.15154,-118.146708,FAIR OAKS OFF,25.48
2024-12-10 15:25:00,775729,210,E,FF,,,,,,,,34.155812,-118.158089,EB 210 CON,24.49
2024-12-10 15:25:00,776724,210,E,FF,116,41,75,,,,,34.156489,-118.158295,WINONA WAY,24.442
2024-12-10 15:30:00,768916,210,E,FF,,,,,,,,34.15099,-118.152369,NB 710 EXT TO EB 210,25.12
2024-12-10 15:30:00,769849,210,E,FF,303,95,132,76,,,,34.211728,-118.228265,OCEAN VIEW,18.18
2024-12-10 15:30:00,770170,210,E,FF,,,,,,,,34.155812,-118.158089,EB 210 TO WB 134 #1,24.49
2024-12-10 15:30:00,773131,210,E,FF,,,,,,,,34.15154,-118.146708,FAIR OAKS OFF,25.48
2024-12-10 15:30:00,775729,210,E,FF,,,,,,,,34.155812,-118.158089,EB 210 CON,24.49
2024-12-10 15:30:00,776724,210,E,FF,170,69,101,,,,,34.156489,-118.158295,WINONA WAY,24.442
2024-12-10 15:35:00,768916,210,E,FF,,,,,,,,34.15099,-118.152369,NB 710 EXT TO EB 210,25.12
2024-12-10 15:35:00,769849,210,E,FF,282,82,124,76,,,,34.211728,-118.228265,OCEAN VIEW,18.18
2024-12-10 15:35:00,770170,210,E,FF,,,,,,,,34.155812,-118.158089,EB 210 TO WB 134 #1,24.49
2024-12-10 15:35:00,773131,210,E,FF,,,,,,,,34.15154,-118.146708,FAIR OAKS OFF,25.48
2024-12-10 15:35:00,775729,210,E,FF,,,,,,,,34.155812,-118.158089,EB 210 CON,24.49
2024-12-10 15:35:00,776724,210,E,FF,148,61,87,,,,,34.156489,-118.158295,WINONA WAY,24.442
2024-12-10 15:40:00,768916,210,E,FF,,,,,,,,34.15099,-118.152369,NB 710 EXT TO EB 210,25.12
2024-12-10 15:40:00,769849,210,E,FF,275,79,127,69,,,,34.211728,-118.228265,OCEAN VIEW,18.18
2024-12-10 15:40:00,770170,210,E,FF,,,,,,,,34.155812,-118.158089,EB 210 TO WB 134 #1,24.49
2024-12-10 15:40:00,773131,210,E,FF,,,,,,,,34.15154,-118.146708,FAIR OAKS OFF,25.48
2024-12-10 15:40:00,775729,210,E,FF,,,,,,,,34.155812,-118.158089,EB 210 CON,24.49
2024-12-10 15:40:00,776724,210,E,FF,129,60,69,,,,,34.156489,-118.158295,WINONA WAY,24.442
2024-12-10 15:45:00,768916,210,E,FF,,,,,,,,34.15099,-118.152369,NB 710 EXT TO EB 210,25.12
2024-12-10 15:45:00,769849,210,E,FF,296,92,128,76,,,,34.211728,-118.228265,OCEAN VIEW,18.18
2024-12-10 15:45:00,770170,210,E,FF,,,,,,,,34.155812,-118.158089,EB 210 TO WB 134 #1,24.49
2024-12-10 15:45:00,773131,210,E,FF,,,,,,,,34.15154,-118.146708,FAIR OAKS OFF,25.48
2024-12-10 15:45:00,775729,210,E,FF,,,,,,,,34.155812,-118.158089,EB 210 CON,24.49
2024-12-10 15:45:00,776724,210,E,FF,150,59,91,,,,,34.156489,-118.158295,WINONA WAY,24.442
2024-12-10 15:50:00,768916,210,E,FF,,,,,,,,34.15099,-118.152369,NB 710 EXT TO EB 210,25.12
2024-12-10 15:50:00,769849,210,E,FF,288,87,121,80,,,,34.211728,-118.228265,OCEAN VIEW,18.18
2024-12-10 15:50:00,770170,210,E,FF,,,,,,,,34.155812,-118.158089,EB 210 TO WB 134 #1,24.49
2024-12-10 15:50:00,773131,210,E,FF,,,,,,,,34.15154,-118.146708,FAIR OAKS OFF,25.48
2024-12-10 15:50:00,775729,210,E,FF,,,,,,,,34.155812,-118.158089,EB 210 CON,24.49
2024-12-10 15:50:00,776724,210,E,FF,122,56,66,,,,,34.156489,-118.158295,WINONA WAY,24.442
2024-12-10 15:55:00,768916,210,E,FF,,,,,,,,34.15099,-118.152369,NB 710 EXT TO EB 210,25.12
2024-12-10 15:55:00,769849,210,E,FF,275,88,117,70,,,,34.211728,-118.228265,OCEAN VIEW,18.18
2024-12-10 15:55:00,770170,210,E,FF,,,,,,,,34.155812,-118.158089,EB 210 TO WB 134 #1,24.49
2024-12-10 15:55:00,773131,210,E,FF,,,,,,,,34.15154,-118.146708,FAIR OAKS OFF,25.48
2024-12-10 15:55:00,775729,210,E,FF,,,,,,,,34.155812,-118.158089,EB 210 CON,24.49
2024-12-10 15:55:00,776724,210,E,FF,151,65,86,,,,,34.156489,-118.158295,WINONA WAY,24.442
2024-12-10 16:00:00,768916,210,E,FF,,,,,,,,34.15099,-118.152369,NB 710 EXT TO EB 210,25.12
2024-12-10 16:00:00,769849,210,E,FF,272,86,114,72,,,,34.211728,-118.228265,OCEAN VIEW,18.18
2024-12-10 16:00:00,770170,210,E,FF,,,,,,,,34.155812,-118.158089,EB 210 TO WB 134 #1,24.49
2024-12-10 16:00:00,773131,210,E,FF,,,,,,,,34.15154,-118.146708,FAIR OAKS OFF,25.48
2024-12-10 16:00:00,775729,210,E,FF,,,,,,,,34.155812,-118.158089,EB 210 CON,24.49
2024-12-10 16:00:00,776724,210,E,FF,103,37,66,,,,,34.156489,-118.158295,WINONA WAY,24.442
2024-12-10 16:05:00,768916,210,E,FF,,,,,,,,34.15099,-118.152369,NB 710 EXT TO EB 210,25.12
2024-12-10 16:05:00,769849,210,E,FF,269,92,110,67,,,,34.211728,-118.228265,OCEAN VIEW,18.18
2024-12-10 16:05:00,770170,210,E,FF,,,,,,,,34.155812,-118.158089,EB 210 TO WB 134 #1,24.49
2024-12-10 16:05:00,773131,210,E,FF,,,,,,,,34.15154,-118.146708,FAIR OAKS OFF,25.48
2024-12-10 16:05:00,775729,210,E,FF,,,,,,,,34.155812,-118.158089,EB 210 CON,24.49
2024-12-10 16:05:00,776724,210,E,FF,141,71,70,,,,,34.156489,-118.158295,WINONA WAY,24.442
2024-12-10 16:10:00,768916,210,E,FF,,,,,,,,34.15099,-118.152369,NB 710 EXT TO EB 210,25.12
2024-12-10 16:10:00,769849,210,E,FF,285,104,108,73,,,,34.211728,-118.228265,OCEAN VIEW,18.18
2024-12-10 16:10:00,770170,210,E,FF,,,,,,,,34.155812,-118.158089,EB 210 TO WB 134 #1,24.49
2024-12-10 16:10:00,773131,210,E,FF,,,,,,,,34.15154,-118.146708,FAIR OAKS OFF,25.48
2024-12-10 16:10:00,775729,210,E,FF,,,,,,,,34.155812,-118.158089,EB 210 CON,24.49
2024-12-10 16:10:00,776724,210,E,FF,191,87,104,,,,,34.156489,-118.158295,WINONA WAY,24.442
2024-12-10 16:15:00,768916,210,E,FF,,,,,,,,34.15099,-118.152369,NB 710 EXT TO EB 210,25.12
2024-12-10 16:15:00,769849,210,E,FF,281,102,113,66,,,,34.211728,-118.228265,OCEAN VIEW,18.18
2024-12-10 16:15:00,770170,210,E,FF,,,,,,,,34.155812,-118.158089,EB 210 TO WB 134 #1,24.49
2024-12-10 16:15:00,773131,210,E,FF,,,,,,,,34.15154,-118.146708,FAIR OAKS OFF,25.48
2024-12-10 16:15:00,775729,210,E,FF,,,,,,,,34.155812,-118.158089,EB 210 CON,24.49
2024-12-10 16:15:00,776724,210,E,FF,142,62,80,,,,,34.156489,-118.158295,WINONA WAY,24.442
2024-12-10 16:20:00,768916,210,E,FF,,,,,,,,34.15099,-118.152369,NB 710 EXT TO EB 210,25.12
2024-12-10 16:20:00,769849,210,E,FF,241,77,101,63,,,,34.211728,-118.228265,OCEAN VIEW,18.18
2024-12-10 16:20:00,770170,210,E,FF,,,,,,,,34.155812,-118.158089,EB 210 TO WB 134 #1,24.49
2024-12-10 16:20:00,773131,210,E,FF,,,,,,,,34.15154,-118.146708,FAIR OAKS OFF,25.48
2024-12-10 16:20:00,775729,210,E,FF,,,,,,,,34.155812,-118.158089,EB 210 CON,24.49
2024-12-10 16:20:00,776724,210,E,FF,148,56,92,,,,,34.156489,-118.158295,WINONA WAY,24.442
2024-12-10 16:25:00,768916,210,E,FF,,,,,,,,34.15099,-118.152369,NB 710 EXT TO EB 210,25.12
2024-12-10 16:25:00,769849,210,E,FF,243,86,97,60,,,,34.211728,-118.228265,OCEAN VIEW,18.18
2024-12-10 16:25:00,770170,210,E,FF,,,,,,,,34.155812,-118.158089,EB 210 TO WB 134 #1,24.49
2024-12-10 16:25:00,773131,210,E,FF,,,,,,,,34.15154,-118.146708,FAIR OAKS OFF,25.48
2024-12-10 16:25:00,775729,210,E,FF,,,,,,,,34.155812,-118.158089,EB 210 CON,24.49
2024-12-10 16:25:00,776724,210,E,FF,162,65,97,,,,,34.156489,-118.158295,WINONA WAY,24.442
2024-12-10 16:30:00,768916,210,E,FF,,,,,,,,34.15099,-118.152369,NB 710 EXT TO EB 210,25.12
2024-12-10 16:30:00,769849,210,E,FF,264,86,110,68,,,,34.211728,-118.228265,OCEAN VIEW,18.18
2024-12-10 16:30:00,770170,210,E,FF,,,,,,,,34.155812,-118.158089,EB 210 TO WB 134 #1,24.49
2024-12-10 16:30:00,773131,210,E,FF,,,,,,,,34.15154,-118.146708,FAIR OAKS OFF,25.48
2024-12-10 16:30:00,775729,210,E,FF,,,,,,,,34.155812,-118.158089,EB 210 CON,24.49
2024-12-10 16:30:00,776724,210,E,FF,132,45,87,,,,,34.156489,-118.158295,WINONA WAY,24.442
2024-12-10 16:35:00,768916,210,E,FF,,,,,,,,34.15099,-118.152369,NB 710 EXT TO EB 210,25.12
2024-12-10 16:35:00,769849,210,E,FF,232,86,92,54,,,,34.211728,-118.228265,OCEAN VIEW,18.18
2024-12-10 16:35:00,770170,210,E,FF,,,,,,,,34.155812,-118.158089,EB 210 TO WB 134 #1,24.49
2024-12-10 16:35:00,773131,210,E,FF,,,,,,,,34.15154,-118.146708,FAIR OAKS OFF,25.48
2024-12-10 16:35:00,775729,210,E,FF,,,,,,,,34.155812,-118.158089,EB 210 CON,24.49
2024-12-10 16:35:00,776724,210,E,FF,167,76,91,,,,,34.156489,-118.158295,WINONA WAY,24.442
2024-12-10 16:40:00,768916,210,E,FF,,,,,,,,34.15099,-118.152369,NB 710 EXT TO EB 210,25.12
2024-12-10 16:40:00,769849,210,E,FF,264,87,112,65,,,,34.211728,-118.228265,OCEAN VIEW,18.18
2024-12-10 16:40:00,770170,210,E,FF,,,,,,,,34.155812,-118.158089,EB 210 TO WB 134 #1,24.49
2024-12-10 16:40:00,773131,210,E,FF,,,,,,,,34.15154,-118.146708,FAIR OAKS OFF,25.48
2024-12-10 16:40:00,775729,210,E,FF,,,,,,,,34.155812,-118.158089,EB 210 CON,24.49
2024-12-10 16:40:00,776724,210,E,FF,168,79,89,,,,,34.156489,-118.158295,WINONA WAY,24.442
2024-12-10 16:45:00,768916,210,E,FF,,,,,,,,34.15099,-118.152369,NB 710 EXT TO EB 210,25.12
2024-12-10 16:45:00,769849,210,E,FF,231,77,89,65,,,,34.211728,-118.228265,OCEAN VIEW,18.18
2024-12-10 16:45:00,770170,210,E,FF,,,,,,,,34.155812,-118.158089,EB 210 TO WB 134 #1,24.49
2024-12-10 16:45:00,773131,210,E,FF,,,,,,,,34.15154,-118.146708,FAIR OAKS OFF,25.48
2024-12-10 16:45:00,775729,210,E,FF,,,,,,,,34.155812,-118.158089,EB 210 CON,24.49
2024-12-10 16:45:00,776724,210,E,FF,189,87,102,,,,,34.156489,-118.158295,WINONA WAY,24.442
2024-12-10 16:50:00,768916,210,E,FF,,,,,,,,34.15099,-118.152369,NB 710 EXT TO EB 210,25.12
2024-12-10 16:50:00,769849,210,E,FF,213,71,90,52,,,,34.211728,-118.228265,OCEAN VIEW,18.18
2024-12-10 16:50:00,770170,210,E,FF,,,,,,,,34.155812,-118.158089,EB 210 TO WB 134 #1,24.49
2024-12-10 16:50:00,773131,210,E,FF,,,,,,,,34.15154,-118.146708,FAIR OAKS OFF,25.48
2024-12-10 16:50:00,775729,210,E,FF,,,,,,,,34.155812,-118.158089,EB 210 CON,24.49
2024-12-10 16:50:00,776724,210,E,FF,146,60,86,,,,,34.156489,-118.158295,WINONA WAY,24.442
2024-12-10 16:55:00,768916,210,E,FF,,,,,,,,34.15099,-118.152369,NB 710 EXT TO EB 210,25.12
2024-12-10 16:55:00,769849,210,E,FF,246,78,111,57,,,,34.211728,-118.228265,OCEAN VIEW,18.18
2024-12-10 16:55:00,770170,210,E,FF,,,,,,,,34.155812,-118.158089,EB 210 TO WB 134 #1,24.49
2024-12-10 16:55:00,773131,210,E,FF,,,,,,,,34.15154,-118.146708,FAIR OAKS OFF,25.48
2024-12-10 16:55:00,775729,210,E,FF,,,,,,,,34.155812,-118.158089,EB 210 CON,24.49
2024-12-10 16:55:00,776724,210,E,FF,109,45,64,,,,,34.156489,-118.158295,WINONA WAY,24.442
2024-12-10 17:00:00,768916,210,E,FF,,,,,,,,34.15099,-118.152369,NB 710 EXT TO EB 210,25.12
2024-12-10 17:00:00,769849,210,E,FF,199,66,87,46,,,,34.211728,-118.228265,OCEAN VIEW,18.18
2024-12-10 17:00:00,770170,210,E,FF,,,,,,,,34.155812,-118.158089,EB 210 TO WB 134 #1,24.49
2024-12-10 17:00:00,773131,210,E,FF,,,,,,,,34.15154,-118.146708,FAIR OAKS OFF,25.48
2024-12-10 17:00:00,775729,210,E,FF,,,,,,,,34.155812,-118.158089,EB 210 CON,24.49
2024-12-10 17:00:00,776724,210,E,FF,136,52,84,,,,,34.156489,-118.158295,WINONA WAY,24.442
2024-12-10 17:05:00,768916,210,E,FF,,,,,,,,34.15099,-118.152369,NB 710 EXT TO EB 210,25.12
2024-12-10 17:05:00,769849,210,E,FF,249,72,107,70,,,,34.211728,-118.228265,OCEAN VIEW,18.18
2024-12-10 17:05:00,770170,210,E,FF,,,,,,,,34.155812,-118.158089,EB 210 TO WB 134 #1,24.49
2024-12-10 17:05:00,773131,210,E,FF,,,,,,,,34.15154,-118.146708,FAIR OAKS OFF,25.48
2024-12-10 17:05:00,775729,210,E,FF,,,,,,,,34.155812,-118.158089,EB 210 CON,24.49
2024-12-10 17:05:00,776724,210,E,FF,159,66,93,,,,,34.156489,-118.158295,WINONA WAY,24.442
2024-12-10 17:10:00,768916,210,E,FF,,,,,,,,34.15099,-118.152369,NB 710 EXT TO EB 210,25.12
2024-12-10 17:10:00,769849,210,E,FF,242,75,102,65,,,,34.211728,-118.228265,OCEAN VIEW,18.18
2024-12-10 17:10:00,770170,210,E,FF,,,,,,,,34.155812,-118.158089,EB 210 TO WB 134 #1,24.49
2024-12-10 17:10:00,773131,210,E,FF,,,,,,,,34.15154,-118.146708,FAIR OAKS OFF,25.48
2024-12-10 17:10:00,775729,210,E,FF,,,,,,,,34.155812,-118.158089,EB 210 CON,24.49
2024-12-10 17:10:00,776724,210,E,FF,152,53,99,,,,,34.156489,-118.158295,WINONA WAY,24.442
2024-12-10 17:15:00,768916,210,E,FF,,,,,,,,34.15099,-118.152369,NB 710 EXT TO EB 210,25.12
2024-12-10 17:15:00,769849,210,E,FF,239,82,94,63,,,,34.211728,-118.228265,OCEAN VIEW,18.18
2024-12-10 17:15:00,770170,210,E,FF,,,,,,,,34.155812,-118.158089,EB 210 TO WB 134 #1,24.49
2024-12-10 17:15:00,773131,210,E,FF,,,,,,,,34.15154,-118.146708,FAIR OAKS OFF,25.48
2024-12-10 17:15:00,775729,210,E,FF,,,,,,,,34.155812,-118.158089,EB 210 CON,24.49
2024-12-10 17:15:00,776724,210,E,FF,101,34,67,,,,,34.156489,-118.158295,WINONA WAY,24.442
2024-12-10 17:20:00,768916,210,E,FF,,,,,,,,34.15099,-118.152369,NB 710 EXT TO EB 210,25.12
2024-12-10 17:20:00,769849,210,E,FF,236,72,105,59,,,,34.211728,-118.228265,OCEAN VIEW,18.18
2024-12-10 17:20:00,770170,210,E,FF,,,,,,,,34.155812,-118.158089,EB 210 TO WB 134 #1,24.49
2024-12-10 17:20:00,773131,210,E,FF,,,,,,,,34.15154,-118.146708,FAIR OAKS OFF,25.48
2024-12-10 17:20:00,775729,210,E,FF,,,,,,,,34.155812,-118.158089,EB 210 CON,24.49
2024-12-10 17:20:00,776724,210,E,FF,150,79,71,,,,,34.156489,-118.158295,WINONA WAY,24.442
2024-12-10 17:25:00,768916,210,E,FF,,,,,,,,34.15099,-118.152369,NB 710 EXT TO EB 210,25.12
2024-12-10 17:25:00,769849,210,E,FF,255,80,111,64,,,,34.211728,-118.228265,OCEAN VIEW,18.18
2024-12-10 17:25:00,770170,210,E,FF,,,,,,,,34.155812,-118.158089,EB 210 TO WB 134 #1,24.49
2024-12-10 17:25:00,773131,210,E,FF,,,,,,,,34.15154,-118.146708,FAIR OAKS OFF,25.48
2024-12-10 17:25:00,775729,210,E,FF,,,,,,,,34.155812,-118.158089,EB 210 CON,24.49
2024-12-10 17:25:00,776724,210,E,FF,153,81,72,,,,,34.156489,-118.158295,WINONA WAY,24.442
2024-12-10 17:30:00,768916,210,E,FF,,,,,,,,34.15099,-118.152369,NB 710 EXT TO EB 210,25.12
2024-12-10 17:30:00,769849,210,E,FF,260,84,113,63,,,,34.211728,-118.228265,OCEAN VIEW,18.18
2024-12-10 17:30:00,770170,210,E,FF,,,,,,,,34.155812,-118.158089,EB 210 TO WB 134 #1,24.49
2024-12-10 17:30:00,773131,210,E,FF,,,,,,,,34.15154,-118.146708,FAIR OAKS OFF,25.48
2024-12-10 17:30:00,775729,210,E,FF,,,,,,,,34.155812,-118.158089,EB 210 CON,24.49
2024-12-10 17:30:00,776724,210,E,FF,134,51,83,,,,,34.156489,-118.158295,WINONA WAY,24.442
2024-12-10 17:35:00,768916,210,E,FF,,,,,,,,34.15099,-118.152369,NB 710 EXT TO EB 210,25.12
2024-12-10 17:35:00,769849,210,E,FF,209,68,91,50,,,,34.211728,-118.228265,OCEAN VIEW,18.18
2024-12-10 17:35:00,770170,210,E,FF,,,,,,,,34.155812,-118.158089,EB 210 TO WB 134 #1,24.49
2024-12-10 17:35:00,773131,210,E,FF,,,,,,,,34.15154,-118.146708,FAIR OAKS OFF,25.48
2024-12-10 17:35:00,775729,210,E,FF,,,,,,,,34.155812,-118.158089,EB 210 CON,24.49
2024-12-10 17:35:00,776724,210,E,FF,121,59,62,,,,,34.156489,-118.158295,WINONA WAY,24.442
2024-12-10 17:40:00,768916,210,E,FF,,,,,,,,34.15099,-118.152369,NB 710 EXT TO EB 210,25.12
2024-12-10 17:40:00,769849,210,E,FF,247,75,108,64,,,,34.211728,-118.228265,OCEAN VIEW,18.18
2024-12-10 17:40:00,770170,210,E,FF,,,,,,,,34.155812,-118.158089,EB 210 TO WB 134 #1,24.49
2024-12-10 17:40:00,773131,210,E,FF,,,,,,,,34.15154,-118.146708,FAIR OAKS OFF,25.48
2024-12-10 17:40:00,775729,210,E,FF,,,,,,,,34.155812,-118.158089,EB 210 CON,24.49
2024-12-10 17:40:00,776724,210,E,FF,156,69,87,,,,,34.156489,-118.158295,WINONA WAY,24.442
2024-12-10 17:45:00,768916,210,E,FF,,,,,,,,34.15099,-118.152369,NB 710 EXT TO EB 210,25.12
2024-12-10 17:45:00,769849,210,E,FF,245,72,107,66,,,,34.211728,-118.228265,OCEAN VIEW,18.18
2024-12-10 17:45:00,770170,210,E,FF,,,,,,,,34.155812,-118.158089,EB 210 TO WB 134 #1,24.49
2024-12-10 17:45:00,773131,210,E,FF,,,,,,,,34.15154,-118.146708,FAIR OAKS OFF,25.48
2024-12-10 17:45:00,775729,210,E,FF,,,,,,,,34.155812,-118.158089,EB 210 CON,24.49
2024-12-10 17:45:00,776724,210,E,FF,151,58,93,,,,,34.156489,-118.158295,WINONA WAY,24.442
2024-12-10 17:50:00,768916,210,E,FF,,,,,,,,34.15099,-118.152369,NB 710 EXT TO EB 210,25.12
2024-12-10 17:50:00,769849,210,E,FF,236,73,104,59,,,,34.211728,-118.228265,OCEAN VIEW,18.18
2024-12-10 17:50:00,770170,210,E,FF,,,,,,,,34.155812,-118.158089,EB 210 TO WB 134 #1,24.49
2024-12-10 17:50:00,773131,210,E,FF,,,,,,,,34.15154,-118.146708,FAIR OAKS OFF,25.48
2024-12-10 17:50:00,775729,210,E,FF,,,,,,,,34.155812,-118.158089,EB 210 CON,24.49
2024-12-10 17:50:00,776724,210,E,FF,159,65,94,,,,,34.156489,-118.158295,WINONA WAY,24.442
2024-12-10 17:55:00,768916,210,E,FF,,,,,,,,34.15099,-118.152369,NB 710 EXT TO EB 210,25.12
2024-12-10 17:55:00,769849,210,E,FF,215,66,92,57,,,,34.211728,-118.228265,OCEAN VIEW,18.18
2024-12-10 17:55:00,770170,210,E,FF,,,,,,,,34.155812,-118.158089,EB 210 TO WB 134 #1,24.49
2024-12-10 17:55:00,773131,210,E,FF,,,,,,,,34.15154,-118.146708,FAIR OAKS OFF,25.48
2024-12-10 17:55:00,775729,210,E,FF,,,,,,,,34.155812,-118.158089,EB 210 CON,24.49
2024-12-10 17:55:00,776724,210,E,FF,152,55,97,,,,,34.156489,-118.158295,WINONA WAY,24.442
2024-12-10 18:00:00,768916,210,E,FF,,,,,,,,34.15099,-118.152369,NB 710 EXT TO EB 210,25.12
2024-12-10 18:00:00,769849,210,E,FF,256,99,106,51,,,,34.211728,-118.228265,OCEAN VIEW,18.18
2024-12-10 18:00:00,770170,210,E,FF,,,,,,,,34.155812,-118.158089,EB 210 TO WB 134 #1,24.49
2024-12-10 18:00:00,773131,210,E,FF,,,,,,,,34.15154,-118.146708,FAIR OAKS OFF,25.48
2024-12-10 18:00:00,775729,210,E,FF,,,,,,,,34.155812,-118.158089,EB 210 CON,24.49
2024-12-10 18:00:00,776724,210,E,FF,43,10,33,,,,,34.156489,-118.158295,WINONA WAY,24.442
2024-12-10 18:05:00,768916,210,E,FF,,,,,,,,34.15099,-118.152369,NB 710 EXT TO EB 210,25.12
2024-12-10 18:05:00,769849,210,E,FF,281,93,116,72,,,,34.211728,-118.228265,OCEAN VIEW,18.18
2024-12-10 18:05:00,770170,210,E,FF,,,,,,,,34.155812,-118.158089,EB 210 TO WB 134 #1,24.49
2024-12-10 18:05:00,773131,210,E,FF,,,,,,,,34.15154,-118.146708,FAIR OAKS OFF,25.48
2024-12-10 18:05:00,775729,210,E,FF,,,,,,,,34.155812,-118.158089,EB 210 CON,24.49
2024-12-10 18:05:00,776724,210,E,FF,182,80,102,,,,,34.156489,-118.158295,WINONA WAY,24.442
2024-12-10 18:10:00,768916,210,E,FF,,,,,,,,34.15099,-118.152369,NB 710 EXT TO EB 210,25.12
2024-12-10 18:10:00,769849,210,E,FF,253,71,111,71,,,,34.211728,-118.228265,OCEAN VIEW,18.18
2024-12-10 18:10:00,770170,210,E,FF,,,,,,,,34.155812,-118.158089,EB 210 TO WB 134 #1,24.49
2024-12-10 18:10:00,773131,210,E,FF,,,,,,,,34.15154,-118.146708,FAIR OAKS OFF,25.48
2024-12-10 18:10:00,775729,210,E,FF,,,,,,,,34.155812,-118.158089,EB 210 CON,24.49
2024-12-10 18:10:00,776724,210,E,FF,207,89,118,,,,,34.156489,-118.158295,WINONA WAY,24.442
2024-12-10 18:15:00,768916,210,E,FF,,,,,,,,34.15099,-118.152369,NB 710 EXT TO EB 210,25.12
2024-12-10 18:15:00,769849,210,E,FF,244,75,106,63,,,,34.211728,-118.228265,OCEAN VIEW,18.18
2024-12-10 18:15:00,770170,210,E,FF,,,,,,,,34.155812,-118.158089,EB 210 TO WB 134 #1,24.49
2024-12-10 18:15:00,773131,210,E,FF,,,,,,,,34.15154,-118.146708,FAIR OAKS OFF,25.48
2024-12-10 18:15:00,775729,210,E,FF,,,,,,,,34.155812,-118.158089,EB 210 CON,24.49
2024-12-10 18:15:00,776724,210,E,FF,201,90,111,,,,,34.156489,-118.158295,WINONA WAY,24.442
2024-12-10 18:20:00,768916,210,E,FF,,,,,,,,34.15099,-118.152369,NB 710 EXT TO EB 210,25.12
2024-12-10 18:20:00,769849,210,E,FF,250,80,106,64,,,,34.211728,-118.228265,OCEAN VIEW,18.18
2024-12-10 18:20:00,770170,210,E,FF,,,,,,,,34.155812,-118.158089,EB 210 TO WB 134 #1,24.49
2024-12-10 18:20:00,773131,210,E,FF,,,,,,,,34.15154,-118.146708,FAIR OAKS OFF,25.48
2024-12-10 18:20:00,775729,210,E,FF,,,,,,,,34.155812,-118.158089,EB 210 CON,24.49
2024-12-10 18:20:00,776724,210,E,FF,187,73,114,,,,,34.156489,-118.158295,WINONA WAY,24.442
2024-12-10 18:25:00,768916,210,E,FF,,,,,,,,34.15099,-118.152369,NB 710 EXT TO EB 210,25.12
2024-12-10 18:25:00,769849,210,E,FF,248,77,108,63,,,,34.211728,-118.228265,OCEAN VIEW,18.18
2024-12-10 18:25:00,770170,210,E,FF,,,,,,,,34.155812,-118.158089,EB 210 TO WB 134 #1,24.49
2024-12-10 18:25:00,773131,210,E,FF,,,,,,,,34.15154,-118.146708,FAIR OAKS OFF,25.48
2024-12-10 18:25:00,775729,210,E,FF,,,,,,,,34.155812,-118.158089,EB 210 CON,24.49
2024-12-10 18:25:00,776724,210,E,FF,171,83,88,,,,,34.156489,-118.158295,WINONA WAY,24.442
2024-12-10 18:30:00,768916,210,E,FF,,,,,,,,34.15099,-118.152369,NB 710 EXT TO EB 210,25.12
2024-12-10 18:30:00,769849,210,E,FF,226,74,96,56,,,,34.211728,-118.228265,OCEAN VIEW,18.18
2024-12-10 18:30:00,770170,210,E,FF,,,,,,,,34.155812,-118.158089,EB 210 TO WB 134 #1,24.49
2024-12-10 18:30:00,773131,210,E,FF,,,,,,,,34.15154,-118.146708,FAIR OAKS OFF,25.48
2024-12-10 18:30:00,775729,210,E,FF,,,,,,,,34.155812,-118.158089,EB 210 CON,24.49
2024-12-10 18:30:00,776724,210,E,FF,157,66,91,,,,,34.156489,-118.158295,WINONA WAY,24.442
2024-12-10 18:35:00,768916,210,E,FF,,,,,,,,34.15099,-118.152369,NB 710 EXT TO EB 210,25.12
2024-12-10 18:35:00,769849,210,E,FF,185,48,88,49,,,,34.211728,-118.228265,OCEAN VIEW,18.18
2024-12-10 18:35:00,770170,210,E,FF,,,,,,,,34.155812,-118.158089,EB 210 TO WB 134 #1,24.49
2024-12-10 18:35:00,773131,210,E,FF,,,,,,,,34.15154,-118.146708,FAIR OAKS OFF,25.48
2024-12-10 18:35:00,775729,210,E,FF,,,,,,,,34.155812,-118.158089,EB 210 CON,24.49
2024-12-10 18:35:00,776724,210,E,FF,179,85,94,,,,,34.156489,-118.158295,WINONA WAY,24.442
2024-12-10 18:40:00,768916,210,E,FF,,,,,,,,34.15099,-118.152369,NB 710 EXT TO EB 210,25.12
2024-12-10 18:40:00,769849,210,E,FF,183,56,80,47,,,,34.211728,-118.228265,OCEAN VIEW,18.18
2024-12-10 18:40:00,770170,210,E,FF,,,,,,,,34.155812,-118.158089,EB 210 TO WB 134 #1,24.49
2024-12-10 18:40:00,773131,210,E,FF,,,,,,,,34.15154,-118.146708,FAIR OAKS OFF,25.48
2024-12-10 18:40:00,775729,210,E,FF,,,,,,,,34.155812,-118.158089,EB 210 CON,24.49
2024-12-10 18:40:00,776724,210,E,FF,226,106,120,,,,,34.156489,-118.158295,WINONA WAY,24.442
2024-12-10 18:45:00,768916,210,E,FF,,,,,,,,34.15099,-118.152369,NB 710 EXT TO EB 210,25.12
2024-12-10 18:45:00,769849,210,E,FF,169,46,81,42,,,,34.211728,-118.228265,OCEAN VIEW,18.18
2024-12-10 18:45:00,770170,210,E,FF,,,,,,,,34.155812,-118.158089,EB 210 TO WB 134 #1,24.49
2024-12-10 18:45:00,773131,210,E,FF,,,,,,,,34.15154,-118.146708,FAIR OAKS OFF,25.48
2024-12-10 18:45:00,775729,210,E,FF,,,,,,,,34.155812,-118.158089,EB 210 CON,24.49
2024-12-10 18:45:00,776724,210,E,FF,259,131,128,,,,,34.156489,-118.158295,WINONA WAY,24.442
2024-12-10 18:50:00,768916,210,E,FF,,,,,,,,34.15099,-118.152369,NB 710 EXT TO EB 210,25.12
2024-12-10 18:50:00,769849,210,E,FF,126,41,59,26,,,,34.211728,-118.228265,OCEAN VIEW,18.18
2024-12-10 18:50:00,770170,210,E,FF,,,,,,,,34.155812,-118.158089,EB 210 TO WB 134 #1,24.49
2024-12-10 18:50:00,773131,210,E,FF,,,,,,,,34.15154,-118.146708,FAIR OAKS OFF,25.48
2024-12-10 18:50:00,775729,210,E,FF,,,,,,,,34.155812,-118.158089,EB 210 CON,24.49
2024-12-10 18:50:00,776724,210,E,FF,222,113,109,,,,,34.156489,-118.158295,WINONA WAY,24.442
2024-12-10 18:55:00,768916,210,E,FF,,,,,,,,34.15099,-118.152369,NB 710 EXT TO EB 210,25.12
2024-12-10 18:55:00,769849,210,E,FF,129,41,64,24,,,,34.211728,-118.228265,OCEAN VIEW,18.18
2024-12-10 18:55:00,770170,210,E,FF,,,,,,,,34.155812,-118.158089,EB 210 TO WB 134 #1,24.49
2024-12-10 18:55:00,773131,210,E,FF,,,,,,,,34.15154,-118.146708,FAIR OAKS OFF,25.48
2024-12-10 18:55:00,775729,210,E,FF,,,,,,,,34.155812,-118.158089,EB 210 CON,24.49
2024-12-10 18:55:00,776724,210,E,FF,182,102,80,,,,,34.156489,-118.158295,WINONA WAY,24.442
2024-12-10 19:00:00,768916,210,E,FF,,,,,,,,34.15099,-118.152369,NB 710 EXT TO EB 210,25.12
2024-12-10 19:00:00,769849,210,E,FF,104,22,60,22,,,,34.211728,-118.228265,OCEAN VIEW,18.18
2024-12-10 19:00:00,770170,210,E,FF,,,,,,,,34.155812,-118.158089,EB 210 TO WB 134 #1,24.49
2024-12-10 19:00:00,773131,210,E,FF,,,,,,,,34.15154,-118.146708,FAIR OAKS OFF,25.48
2024-12-10 19:00:00,775729,210,E,FF,,,,,,,,34.155812,-118.158089,EB 210 CON,24.49
2024-12-10 19:00:00,776724,210,E,FF,226,114,112,,,,,34.156489,-118.158295,WINONA WAY,24.442
2024-12-10 19:05:00,768916,210,E,FF,,,,,,,,34.15099,-118.152369,NB 710 EXT TO EB 210,25.12
2024-12-10 19:05:00,769849,210,E,FF,120,33,57,30,,,,34.211728,-118.228265,OCEAN VIEW,18.18
2024-12-10 19:05:00,770170,210,E,FF,,,,,,,,34.155812,-118.158089,EB 210 TO WB 134 #1,24.49
2024-12-10 19:05:00,773131,210,E,FF,,,,,,,,34.15154,-118.146708,FAIR OAKS OFF,25.48
2024-12-10 19:05:00,775729,210,E,FF,,,,,,,,34.155812,-118.158089,EB 210 CON,24.49
2024-12-10 19:05:00,776724,210,E,FF,200,107,93,,,,,34.156489,-118.158295,WINONA WAY,24.442
2024-12-10 19:10:00,768916,210,E,FF,,,,,,,,34.15099,-118.152369,NB 710 EXT TO EB 210,25.12
2024-12-10 19:10:00,769849,210,E,FF,114,38,54,22,,,,34.211728,-118.228265,OCEAN VIEW,18.18
2024-12-10 19:10:00,770170,210,E,FF,,,,,,,,34.155812,-118.158089,EB 210 TO WB 134 #1,24.49
2024-12-10 19:10:00,773131,210,E,FF,,,,,,,,34.15154,-118.146708,FAIR OAKS OFF,25.48
2024-12-10 19:10:00,775729,210,E,FF,,,,,,,,34.155812,-118.158089,EB 210 CON,24.49
2024-12-10 19:10:00,776724,210,E,FF,226,119,107,,,,,34.156489,-118.158295,WINONA WAY,24.442
2024-12-10 19:15:00,768916,210,E,FF,,,,,,,,34.15099,-118.152369,NB 710 EXT TO EB 210,25.12
2024-12-10 19:15:00,769849,210,E,FF,94,25,49,20,,,,34.211728,-118.228265,OCEAN VIEW,18.18
2024-12-10 19:15:00,770170,210,E,FF,,,,,,,,34.155812,-118.158089,EB 210 TO WB 134 #1,24.49
2024-12-10 19:15:00,773131,210,E,FF,,,,,,,,34.15154,-118.146708,FAIR OAKS OFF,25.48
2024-12-10 19:15:00,775729,210,E,FF,,,,,,,,34.155812,-118.158089,EB 210 CON,24.49
2024-12-10 19:15:00,776724,210,E,FF,198,102,96,,,,,34.156489,-118.158295,WINONA WAY,24.442
2024-12-10 19:20:00,768916,210,E,FF,,,,,,,,34.15099,-118.152369,NB 710 EXT TO EB 210,25.12
2024-12-10 19:20:00,769849,210,E,FF,91,24,48,19,,,,34.211728,-118.228265,OCEAN VIEW,18.18
2024-12-10 19:20:00,770170,210,E,FF,,,,,,,,34.155812,-118.158089,EB 210 TO WB 134 #1,24.49
2024-12-10 19:20:00,773131,210,E,FF,,,,,,,,34.15154,-118.146708,FAIR OAKS OFF,25.48
2024-12-10 19:20:00,775729,210,E,FF,,,,,,,,34.155812,-118.158089,EB 210 CON,24.49
2024-12-10 19:20:00,776724,210,E,FF,225,110,115,,,,,34.156489,-118.158295,WINONA WAY,24.442
2024-12-10 19:25:00,768916,210,E,FF,,,,,,,,34.15099,-118.152369,NB 710 EXT TO EB 210,25.12
2024-12-10 19:25:00,769849,210,E,FF,106,28,55,23,,,,34.211728,-118.228265,OCEAN VIEW,18.18
2024-12-10 19:25:00,770170,210,E,FF,,,,,,,,34.155812,-118.158089,EB 210 TO WB 134 #1,24.49
2024-12-10 19:25:00,773131,210,E,FF,,,,,,,,34.15154,-118.146708,FAIR OAKS OFF,25.48
2024-12-10 19:25:00,775729,210,E,FF,,,,,,,,34.155812,-118.158089,EB 210 CON,24.49
2024-12-10 19:25:00,776724,210,E,FF,209,117,92,,,,,34.156489,-118.158295,WINONA WAY,24.442
2024-12-10 19:30:00,768916,210,E,FF,,,,,,,,34.15099,-118.152369,NB 710 EXT TO EB 210,25.12
2024-12-10 19:30:00,769849,210,E,FF,82,23,44,15,,,,34.211728,-118.228265,OCEAN VIEW,18.18
2024-12-10 19:30:00,770170,210,E,FF,,,,,,,,34.155812,-118.158089,EB 210 TO WB 134 #1,24.49
2024-12-10 19:30:00,773131,210,E,FF,,,,,,,,34.15154,-118.146708,FAIR OAKS OFF,25.48
2024-12-10 19:30:00,775729,210,E,FF,,,,,,,,34.155812,-118.158089,EB 210 CON,24.49
2024-12-10 19:30:00,776724,210,E,FF,219,115,104,,,,,34.156489,-118.158295,WINONA WAY,24.442
2024-12-10 19:35:00,768916,210,E,FF,,,,,,,,34.15099,-118.152369,NB 710 EXT TO EB 210,25.12
2024-12-10 19:35:00,769849,210,E,FF,76,23,32,21,,,,34.211728,-118.228265,OCEAN VIEW,18.18
2024-12-10 19:35:00,770170,210,E,FF,,,,,,,,34.155812,-118.158089,EB 210 TO WB 134 #1,24.49
2024-12-10 19:35:00,773131,210,E,FF,,,,,,,,34.15154,-118.146708,FAIR OAKS OFF,25.48
2024-12-10 19:35:00,775729,210,E,FF,,,,,,,,34.155812,-118.158089,EB 210 CON,24.49
2024-12-10 19:35:00,776724,210,E,FF,205,103,102,,,,,34.156489,-118.158295,WINONA WAY,24.442
2024-12-10 19:40:00,768916,210,E,FF,,,,,,,,34.15099,-118.152369,NB 710 EXT TO EB 210,25.12
2024-12-10 19:40:00,769849,210,E,FF,85,25,41,19,,,,34.211728,-118.228265,OCEAN VIEW,18.18
2024-12-10 19:40:00,770170,210,E,FF,,,,,,,,34.155812,-118.158089,EB 210 TO WB 134 #1,24.49
2024-12-10 19:40:00,773131,210,E,FF,,,,,,,,34.15154,-118.146708,FAIR OAKS OFF,25.48
2024-12-10 19:40:00,775729,210,E,FF,,,,,,,,34.155812,-118.158089,EB 210 CON,24.49
2024-12-10 19:40:00,776724,210,E,FF,192,96,96,,,,,34.156489,-118.158295,WINONA WAY,24.442
2024-12-10 19:45:00,768916,210,E,FF,,,,,,,,34.15099,-118.152369,NB 710 EXT TO EB 210,25.12
2024-12-10 19:45:00,769849,210,E,FF,92,22,49,21,,,,34.211728,-118.228265,OCEAN VIEW,18.18
2024-12-10 19:45:00,770170,210,E,FF,,,,,,,,34.155812,-118.158089,EB 210 TO WB 134 #1,24.49
2024-12-10 19:45:00,773131,210,E,FF,,,,,,,,34.15154,-118.146708,FAIR OAKS OFF,25.48
2024-12-10 19:45:00,775729,210,E,FF,,,,,,,,34.155812,-118.158089,EB 210 CON,24.49
2024-12-10 19:45:00,776724,210,E,FF,189,84,105,,,,,34.156489,-118.158295,WINONA WAY,24.442
2024-12-10 19:50:00,768916,210,E,FF,,,,,,,,34.15099,-118.152369,NB 710 EXT TO EB 210,25.12
2024-12-10 19:50:00,769849,210,E,FF,79,21,41,17,,,,34.211728,-118.228265,OCEAN VIEW,18.18
2024-12-10 19:50:00,770170,210,E,FF,,,,,,,,34.155812,-118.158089,EB 210 TO WB 134 #1,24.49
2024-12-10 19:50:00,773131,210,E,FF,,,,,,,,34.15154,-118.146708,FAIR OAKS OFF,25.48
2024-12-10 19:50:00,775729,210,E,FF,,,,,,,,34.155812,-118.158089,EB 210 CON,24.49
2024-12-10 19:50:00,776724,210,E,FF,155,82,73,,,,,34.156489,-118.158295,WINONA WAY,24.442
2024-12-10 19:55:00,768916,210,E,FF,,,,,,,,34.15099,-118.152369,NB 710 EXT TO EB 210,25.12
2024-12-10 19:55:00,769849,210,E,FF,78,23,38,17,,,,34.211728,-118.228265,OCEAN VIEW,18.18
2024-12-10 19:55:00,770170,210,E,FF,,,,,,,,34.155812,-118.158089,EB 210 TO WB 134 #1,24.49
2024-12-10 19:55:00,773131,210,E,FF,,,,,,,,34.15154,-118.146708,FAIR OAKS OFF,25.48
2024-12-10 19:55:00,775729,210,E,FF,,,,,,,,34.155812,-118.158089,EB 210 CON,24.49
2024-12-10 19:55:00,776724,210,E,FF,182,76,106,,,,,34.156489,-118.158295,WINONA WAY,24.442
2024-12-10 20:00:00,768916,210,E,FF,,,,,,,,34.15099,-118.152369,NB 710 EXT TO EB 210,25.12
2024-12-10 20:00:00,769849,210,E,FF,63,14,37,12,,,,34.211728,-118.228265,OCEAN VIEW,18.18
2024-12-10 20:00:00,770170,210,E,FF,,,,,,,,34.155812,-118.158089,EB 210 TO WB 134 #1,24.49
2024-12-10 20:00:00,773131,210,E,FF,,,,,,,,34.15154,-118.146708,FAIR OAKS OFF,25.48
2024-12-10 20:00:00,775729,210,E,FF,,,,,,,,34.155812,-118.158089,EB 210 CON,24.49
2024-12-10 20:00:00,776724,210,E,FF,157,74,83,,,,,34.156489,-118.158295,WINONA WAY,24.442
2024-12-10 20:05:00,768916,210,E,FF,,,,,,,,34.15099,-118.152369,NB 710 EXT TO EB 210,25.12
2024-12-10 20:05:00,769849,210,E,FF,80,24,39,17,,,,34.211728,-118.228265,OCEAN VIEW,18.18
2024-12-10 20:05:00,770170,210,E,FF,,,,,,,,34.155812,-118.158089,EB 210 TO WB 134 #1,24.49
2024-12-10 20:05:00,773131,210,E,FF,,,,,,,,34.15154,-118.146708,FAIR OAKS OFF,25.48
2024-12-10 20:05:00,775729,210,E,FF,,,,,,,,34.155812,-118.158089,EB 210 CON,24.49
2024-12-10 20:05:00,776724,210,E,FF,113,61,52,,,,,34.156489,-118.158295,WINONA WAY,24.442
2024-12-10 20:10:00,768916,210,E,FF,,,,,,,,34.15099,-118.152369,NB 710 EXT TO EB 210,25.12
2024-12-10 20:10:00,769849,210,E,FF,63,17,32,14,,,,34.211728,-118.228265,OCEAN VIEW,18.18
2024-12-10 20:10:00,770170,210,E,FF,,,,,,,,34.155812,-118.158089,EB 210 TO WB 134 #1,24.49
2024-12-10 20:10:00,773131,210,E,FF,,,,,,,,34.15154,-118.146708,FAIR OAKS OFF,25.48
2024-12-10 20:10:00,775729,210,E,FF,,,,,,,,34.155812,-118.158089,EB 210 CON,24.49
2024-12-10 20:10:00,776724,210,E,FF,125,60,65,,,,,34.156489,-118.158295,WINONA WAY,24.442
2024-12-10 20:15:00,768916,210,E,FF,,,,,,,,34.15099,-118.152369,NB 710 EXT TO EB 210,25.12
2024-12-10 20:15:00,769849,210,E,FF,62,17,33,12,,,,34.211728,-118.228265,OCEAN VIEW,18.18
2024-12-10 20:15:00,770170,210,E,FF,,,,,,,,34.155812,-118.158089,EB 210 TO WB 134 #1,24.49
2024-12-10 20:15:00,773131,210,E,FF,,,,,,,,34.15154,-118.146708,FAIR OAKS OFF,25.48
2024-12-10 20:15:00,775729,210,E,FF,,,,,,,,34.155812,-118.158089,EB 210 CON,24.49
2024-12-10 20:15:00,776724,210,E,FF,121,59,62,,,,,34.156489,-118.158295,WINONA WAY,24.442
2024-12-10 20:20:00,768916,210,E,FF,,,,,,,,34.15099,-118.152369,NB 710 EXT TO EB 210,25.12
2024-12-10 20:20:00,769849,210,E,FF,66,17,37,12,,,,34.211728,-118.228265,OCEAN VIEW,18.18
2024-12-10 20:20:00,770170,210,E,FF,,,,,,,,34.155812,-118.158089,EB 210 TO WB 134 #1,24.49
2024-12-10 20:20:00,773131,210,E,FF,,,,,,,,34.15154,-118.146708,FAIR OAKS OFF,25.48
2024-12-10 20:20:00,775729,210,E,FF,,,,,,,,34.155812,-118.158089,EB 210 CON,24.49
2024-12-10 20:20:00,776724,210,E,FF,142,76,66,,,,,34.156489,-118.158295,WINONA WAY,24.442
2024-12-10 20:25:00,768916,210,E,FF,,,,,,,,34.15099,-118.152369,NB 710 EXT TO EB 210,25.12
2024-12-10 20:25:00,769849,210,E,FF,59,11,32,16,,,,34.211728,-118.228265,OCEAN VIEW,18.18
2024-12-10 20:25:00,770170,210,E,FF,,,,,,,,34.155812,-118.158089,EB 210 TO WB 134 #1,24.49
2024-12-10 20:25:00,773131,210,E,FF,,,,,,,,34.15154,-118.146708,FAIR OAKS OFF,25.48
2024-12-10 20:25:00,775729,210,E,FF,,,,,,,,34.155812,-118.158089,EB 210 CON,24.49
2024-12-10 20:25:00,776724,210,E,FF,183,106,77,,,,,34.156489,-118.158295,WINONA WAY,24.442
2024-12-10 20:30:00,768916,210,E,FF,,,,,,,,34.15099,-118.152369,NB 710 EXT TO EB 210,25.12
2024-12-10 20:30:00,769849,210,E,FF,51,11,28,12,,,,34.211728,-118.228265,OCEAN VIEW,18.18
2024-12-10 20:30:00,770170,210,E,FF,,,,,,,,34.155812,-118.158089,EB 210 TO WB 134 #1,24.49
2024-12-10 20:30:00,773131,210,E,FF,,,,,,,,34.15154,-118.146708,FAIR OAKS OFF,25.48
2024-12-10 20:30:00,775729,210,E,FF,,,,,,,,34.155812,-118.158089,EB 210 CON,24.49
2024-12-10 20:30:00,776724,210,E,FF,181,93,88,,,,,34.156489,-118.158295,WINONA WAY,24.442
2024-12-10 20:35:00,768916,210,E,FF,,,,,,,,34.15099,-118.152369,NB 710 EXT TO EB 210,25.12
2024-12-10 20:35:00,769849,210,E,FF,58,8,33,17,,,,34.211728,-118.228265,OCEAN VIEW,18.18
2024-12-10 20:35:00,770170,210,E,FF,,,,,,,,34.155812,-118.158089,EB 210 TO WB 134 #1,24.49
2024-12-10 20:35:00,773131,210,E,FF,,,,,,,,34.15154,-118.146708,FAIR OAKS OFF,25.48
2024-12-10 20:35:00,775729,210,E,FF,,,,,,,,34.155812,-118.158089,EB 210 CON,24.49
2024-12-10 20:35:00,776724,210,E,FF,141,82,59,,,,,34.156489,-118.158295,WINONA WAY,24.442
2024-12-10 20:40:00,768916,210,E,FF,,,,,,,,34.15099,-118.152369,NB 710 EXT TO EB 210,25.12
2024-12-10 20:40:00,769849,210,E,FF,47,12,24,11,,,,34.211728,-118.228265,OCEAN VIEW,18.18
2024-12-10 20:40:00,770170,210,E,FF,,,,,,,,34.155812,-118.158089,EB 210 TO WB 134 #1,24.49
2024-12-10 20:40:00,773131,210,E,FF,,,,,,,,34.15154,-118.146708,FAIR OAKS OFF,25.48
2024-12-10 20:40:00,775729,210,E,FF,,,,,,,,34.155812,-118.158089,EB 210 CON,24.49
2024-12-10 20:40:00,776724,210,E,FF,191,99,92,,,,,34.156489,-118.158295,WINONA WAY,24.442
2024-12-10 20:45:00,768916,210,E,FF,,,,,,,,34.15099,-118.152369,NB 710 EXT TO EB 210,25.12
2024-12-10 20:45:00,769849,210,E,FF,58,16,31,11,,,,34.211728,-118.228265,OCEAN VIEW,18.18
2024-12-10 20:45:00,770170,210,E,FF,,,,,,,,34.155812,-118.158089,EB 210 TO WB 134 #1,24.49
2024-12-10 20:45:00,773131,210,E,FF,,,,,,,,34.15154,-118.146708,FAIR OAKS OFF,25.48
2024-12-10 20:45:00,775729,210,E,FF,,,,,,,,34.155812,-118.158089,EB 210 CON,24.49
2024-12-10 20:45:00,776724,210,E,FF,150,84,66,,,,,34.156489,-118.158295,WINONA WAY,24.442
2024-12-10 20:50:00,768916,210,E,FF,,,,,,,,34.15099,-118.152369,NB 710 EXT TO EB 210,25.12
2024-12-10 20:50:00,769849,210,E,FF,68,17,29,22,,,,34.211728,-118.228265,OCEAN VIEW,18.18
2024-12-10 20:50:00,770170,210,E,FF,,,,,,,,34.155812,-118.158089,EB 210 TO WB 134 #1,24.49
2024-12-10 20:50:00,773131,210,E,FF,,,,,,,,34.15154,-118.146708,FAIR OAKS OFF,25.48
2024-12-10 20:50:00,775729,210,E,FF,,,,,,,,34.155812,-118.158089,EB 210 CON,24.49
2024-12-10 20:50:00,776724,210,E,FF,138,93,45,,,,,34.156489,-118.158295,WINONA WAY,24.442
2024-12-10 20:55:00,768916,210,E,FF,,,,,,,,34.15099,-118.152369,NB 710 EXT TO EB 210,25.12
2024-12-10 20:55:00,769849,210,E,FF,36,10,20,6,,,,34.211728,-118.228265,OCEAN VIEW,18.18
2024-12-10 20:55:00,770170,210,E,FF,,,,,,,,34.155812,-118.158089,EB 210 TO WB 134 #1,24.49
2024-12-10 20:55:00,773131,210,E,FF,,,,,,,,34.15154,-118.146708,FAIR OAKS OFF,25.48
2024-12-10 20:55:00,775729,210,E,FF,,,,,,,,34.155812,-118.158089,EB 210 CON,24.49
2024-12-10 20:55:00,776724,210,E,FF,201,116,85,,,,,34.156489,-118.158295,WINONA WAY,24.442
2024-12-10 21:00:00,768916,210,E,FF,,,,,,,,34.15099,-118.152369,NB 710 EXT TO EB 210,25.12
2024-12-10 21:00:00,769849,210,E,FF,45,10,26,9,,,,34.211728,-118.228265,OCEAN VIEW,18.18
2024-12-10 21:00:00,770170,210,E,FF,,,,,,,,34.155812,-118.158089,EB 210 TO WB 134 #1,24.49
2024-12-10 21:00:00,773131,210,E,FF,,,,,,,,34.15154,-118.146708,FAIR OAKS OFF,25.48
2024-12-10 21:00:00,775729,210,E,FF,,,,,,,,34.155812,-118.158089,EB 210 CON,24.49
2024-12-10 21:00:00,776724,210,E,FF,150,78,72,,,,,34.156489,-118.158295,WINONA WAY,24.442
2024-12-10 21:05:00,768916,210,E,FF,,,,,,,,34.15099,-118.152369,NB 710 EXT TO EB 210,25.12
2024-12-10 21:05:00,769849,210,E,FF,49,12,30,7,,,,34.211728,-118.228265,OCEAN VIEW,18.18
2024-12-10 21:05:00,770170,210,E,FF,,,,,,,,34.155812,-118.158089,EB 210 TO WB 134 #1,24.49
2024-12-10 21:05:00,773131,210,E,FF,,,,,,,,34.15154,-118.146708,FAIR OAKS OFF,25.48
2024-12-10 21:05:00,775729,210,E,FF,,,,,,,,34.155812,-118.158089,EB 210 CON,24.49
2024-12-10 21:05:00,776724,210,E,FF,106,45,61,,,,,34.156489,-118.158295,WINONA WAY,24.442
2024-12-10 21:10:00,768916,210,E,FF,,,,,,,,34.15099,-118.152369,NB 710 EXT TO EB 210,25.12
2024-12-10 21:10:00,769849,210,E,FF,53,14,24,15,,,,34.211728,-118.228265,OCEAN VIEW,18.18
2024-12-10 21:10:00,770170,210,E,FF,,,,,,,,34.155812,-118.158089,EB 210 TO WB 134 #1,24.49
2024-12-10 21:10:00,773131,210,E,FF,,,,,,,,34.15154,-118.146708,FAIR OAKS OFF,25.48
2024-12-10 21:10:00,775729,210,E,FF,,,,,,,,34.155812,-118.158089,EB 210 CON,24.49
2024-12-10 21:10:00,776724,210,E,FF,126,65,61,,,,,34.156489,-118.158295,WINONA WAY,24.442
2024-12-10 21:15:00,768916,210,E,FF,,,,,,,,34.15099,-118.152369,NB 710 EXT TO EB 210,25.12
2024-12-10 21:15:00,769849,210,E,FF,62,17,31,14,,,,34.211728,-118.228265,OCEAN VIEW,18.18
2024-12-10 21:15:00,770170,210,E,FF,,,,,,,,34.155812,-118.158089,EB 210 TO WB 134 #1,24.49
2024-12-10 21:15:00,773131,210,E,FF,,,,,,,,34.15154,-118.146708,FAIR OAKS OFF,25.48
2024-12-10 21:15:00,775729,210,E,FF,,,,,,,,34.155812,-118.158089,EB 210 CON,24.49
2024-12-10 21:15:00,776724,210,E,FF,130,59,71,,,,,34.156489,-118.158295,WINONA WAY,24.442
2024-12-10 21:20:00,768916,210,E,FF,,,,,,,,34.15099,-118.152369,NB 710 EXT TO EB 210,25.12
2024-12-10 21:20:00,769849,210,E,FF,51,14,29,8,,,,34.211728,-118.228265,OCEAN VIEW,18.18
2024-12-10 21:20:00,770170,210,E,FF,,,,,,,,34.155812,-118.158089,EB 210 TO WB 134 #1,24.49
2024-12-10 21:20:00,773131,210,E,FF,,,,,,,,34.15154,-118.146708,FAIR OAKS OFF,25.48
2024-12-10 21:20:00,775729,210,E,FF,,,,,,,,34.155812,-118.158089,EB 210 CON,24.49
2024-12-10 21:20:00,776724,210,E,FF,129,63,66,,,,,34.156489,-118.158295,WINONA WAY,24.442
2024-12-10 21:25:00,768916,210,E,FF,,,,,,,,34.15099,-118.152369,NB 710 EXT TO EB 210,25.12
2024-12-10 21:25:00,769849,210,E,FF,44,10,25,9,,,,34.211728,-118.228265,OCEAN VIEW,18.18
2024-12-10 21:25:00,770170,210,E,FF,,,,,,,,34.155812,-118.158089,EB 210 TO WB 134 #1,24.49
2024-12-10 21:25:00,773131,210,E,FF,,,,,,,,34.15154,-118.146708,FAIR OAKS OFF,25.48
2024-12-10 21:25:00,775729,210,E,FF,,,,,,,,34.155812,-118.158089,EB 210 CON,24.49
2024-12-10 21:25:00,776724,210,E,FF,153,63,90,,,,,34.156489,-118.158295,WINONA WAY,24.442
2024-12-10 21:30:00,768916,210,E,FF,,,,,,,,34.15099,-118.152369,NB 710 EXT TO EB 210,25.12
2024-12-10 21:30:00,769849,210,E,FF,36,8,17,11,,,,34.211728,-118.228265,OCEAN VIEW,18.18
2024-12-10 21:30:00,770170,210,E,FF,,,,,,,,34.155812,-118.158089,EB 210 TO WB 134 #1,24.49
2024-12-10 21:30:00,773131,210,E,FF,,,,,,,,34.15154,-118.146708,FAIR OAKS OFF,25.48
2024-12-10 21:30:00,775729,210,E,FF,,,,,,,,34.155812,-118.158089,EB 210 CON,24.49
2024-12-10 21:30:00,776724,210,E,FF,113,53,60,,,,,34.156489,-118.158295,WINONA WAY,24.442
2024-12-10 21:35:00,768916,210,E,FF,,,,,,,,34.15099,-118.152369,NB 710 EXT TO EB 210,25.12
2024-12-10 21:35:00,769849,210,E,FF,39,10,21,8,,,,34.211728,-118.228265,OCEAN VIEW,18.18
2024-12-10 21:35:00,770170,210,E,FF,,,,,,,,34.155812,-118.158089,EB 210 TO WB 134 #1,24.49
2024-12-10 21:35:00,773131,210,E,FF,,,,,,,,34.15154,-118.146708,FAIR OAKS OFF,25.48
2024-12-10 21:35:00,775729,210,E,FF,,,,,,,,34.155812,-118.158089,EB 210 CON,24.49
2024-12-10 21:35:00,776724,210,E,FF,132,73,59,,,,,34.156489,-118.158295,WINONA WAY,24.442
2024-12-10 21:40:00,768916,210,E,FF,,,,,,,,34.15099,-118.152369,NB 710 EXT TO EB 210,25.12
2024-12-10 21:40:00,769849,210,E,FF,50,18,21,11,,,,34.211728,-118.228265,OCEAN VIEW,18.18
2024-12-10 21:40:00,770170,210,E,FF,,,,,,,,34.155812,-118.158089,EB 210 TO WB 134 #1,24.49
2024-12-10 21:40:00,773131,210,E,FF,,,,,,,,34.15154,-118.146708,FAIR OAKS OFF,25.48
2024-12-10 21:40:00,775729,210,E,FF,,,,,,,,34.155812,-118.158089,EB 210 CON,24.49
2024-12-10 21:40:00,776724,210,E,FF,117,69,48,,,,,34.156489,-118.158295,WINONA WAY,24.442
2024-12-10 21:45:00,768916,210,E,FF,,,,,,,,34.15099,-118.152369,NB 710 EXT TO EB 210,25.12
2024-12-10 21:45:00,769849,210,E,FF,43,13,21,9,,,,34.211728,-118.228265,OCEAN VIEW,18.18
2024-12-10 21:45:00,770170,210,E,FF,,,,,,,,34.155812,-118.158089,EB 210 TO WB 134 #1,24.49
2024-12-10 21:45:00,773131,210,E,FF,,,,,,,,34.15154,-118.146708,FAIR OAKS OFF,25.48
2024-12-10 21:45:00,775729,210,E,FF,,,,,,,,34.155812,-118.158089,EB 210 CON,24.49
2024-12-10 21:45:00,776724,210,E,FF,118,63,55,,,,,34.156489,-118.158295,WINONA WAY,24.442
2024-12-10 21:50:00,768916,210,E,FF,,,,,,,,34.15099,-118.152369,NB 710 EXT TO EB 210,25.12
2024-12-10 21:50:00,769849,210,E,FF,42,13,25,4,,,,34.211728,-118.228265,OCEAN VIEW,18.18
2024-12-10 21:50:00,770170,210,E,FF,,,,,,,,34.155812,-118.158089,EB 210 TO WB 134 #1,24.49
2024-12-10 21:50:00,773131,210,E,FF,,,,,,,,34.15154,-118.146708,FAIR OAKS OFF,25.48
2024-12-10 21:50:00,775729,210,E,FF,,,,,,,,34.155812,-118.158089,EB 210 CON,24.49
2024-12-10 21:50:00,776724,210,E,FF,134,62,72,,,,,34.156489,-118.158295,WINONA WAY,24.442
2024-12-10 21:55:00,768916,210,E,FF,,,,,,,,34.15099,-118.152369,NB 710 EXT TO EB 210,25.12
2024-12-10 21:55:00,769849,210,E,FF,43,17,19,7,,,,34.211728,-118.228265,OCEAN VIEW,18.18
2024-12-10 21:55:00,770170,210,E,FF,,,,,,,,34.155812,-118.158089,EB 210 TO WB 134 #1,24.49
2024-12-10 21:55:00,773131,210,E,FF,,,,,,,,34.15154,-118.146708,FAIR OAKS OFF,25.48
2024-12-10 21:55:00,775729,210,E,FF,,,,,,,,34.155812,-118.158089,EB 210 CON,24.49
2024-12-10 21:55:00,776724,210,E,FF,125,78,47,,,,,34.156489,-118.158295,WINONA WAY,24.442
2024-12-10 22:00:00,768916,210,E,FF,,,,,,,,34.15099,-118.152369,NB 710 EXT TO EB 210,25.12
2024-12-10 22:00:00,769849,210,E,FF,30,6,19,5,,,,34.211728,-118.228265,OCEAN VIEW,18.18
2024-12-10 22:00:00,770170,210,E,FF,,,,,,,,34.155812,-118.158089,EB 210 TO WB 134 #1,24.49
2024-12-10 22:00:00,773131,210,E,FF,,,,,,,,34.15154,-118.146708,FAIR OAKS OFF,25.48
2024-12-10 22:00:00,775729,210,E,FF,,,,,,,,34.155812,-118.158089,EB 210 CON,24.49
2024-12-10 22:00:00,776724,210,E,FF,102,53,49,,,,,34.156489,-118.158295,WINONA WAY,24.442
2024-12-10 22:05:00,768916,210,E,FF,,,,,,,,34.15099,-118.152369,NB 710 EXT TO EB 210,25.12
2024-12-10 22:05:00,769849,210,E,FF,38,10,20,8,,,,34.211728,-118.228265,OCEAN VIEW,18.18
2024-12-10 22:05:00,770170,210,E,FF,,,,,,,,34.155812,-118.158089,EB 210 TO WB 134 #1,24.49
2024-12-10 22:05:00,773131,210,E,FF,,,,,,,,34.15154,-118.146708,FAIR OAKS OFF,25.48
2024-12-10 22:05:00,775729,210,E,FF,,,,,,,,34.155812,-118.158089,EB 210 CON,24.49
2024-12-10 22:05:00,776724,210,E,FF,99,55,44,,,,,34.156489,-118.158295,WINONA WAY,24.442
2024-12-10 22:10:00,768916,210,E,FF,,,,,,,,34.15099,-118.152369,NB 710 EXT TO EB 210,25.12
2024-12-10 22:10:00,769849,210,E,FF,42,12,23,7,,,,34.211728,-118.228265,OCEAN VIEW,18.18
2024-12-10 22:10:00,770170,210,E,FF,,,,,,,,34.155812,-118.158089,EB 210 TO WB 134 #1,24.49
2024-12-10 22:10:00,773131,210,E,FF,,,,,,,,34.15154,-118.146708,FAIR OAKS OFF,25.48
2024-12-10 22:10:00,775729,210,E,FF,,,,,,,,34.155812,-118.158089,EB 210 CON,24.49
2024-12-10 22:10:00,776724,210,E,FF,116,75,41,,,,,34.156489,-118.158295,WINONA WAY,24.442
2024-12-10 22:15:00,768916,210,E,FF,,,,,,,,34.15099,-118.152369,NB 710 EXT TO EB 210,25.12
2024-12-10 22:15:00,769849,210,E,FF,41,8,22,11,,,,34.211728,-118.228265,OCEAN VIEW,18.18
2024-12-10 22:15:00,770170,210,E,FF,,,,,,,,34.155812,-118.158089,EB 210 TO WB 134 #1,24.49
2024-12-10 22:15:00,773131,210,E,FF,,,,,,,,34.15154,-118.146708,FAIR OAKS OFF,25.48
2024-12-10 22:15:00,775729,210,E,FF,,,,,,,,34.155812,-118.158089,EB 210 CON,24.49
2024-12-10 22:15:00,776724,210,E,FF,119,74,45,,,,,34.156489,-118.158295,WINONA WAY,24.442
2024-12-10 22:20:00,768916,210,E,FF,,,,,,,,34.15099,-118.152369,NB 710 EXT TO EB 210,25.12
2024-12-10 22:20:00,769849,210,E,FF,32,4,21,7,,,,34.211728,-118.228265,OCEAN VIEW,18.18
2024-12-10 22:20:00,770170,210,E,FF,,,,,,,,34.155812,-118.158089,EB 210 TO WB 134 #1,24.49
2024-12-10 22:20:00,773131,210,E,FF,,,,,,,,34.15154,-118.146708,FAIR OAKS OFF,25.48
2024-12-10 22:20:00,775729,210,E,FF,,,,,,,,34.155812,-118.158089,EB 210 CON,24.49
2024-12-10 22:20:00,776724,210,E,FF,121,74,47,,,,,34.156489,-118.158295,WINONA WAY,24.442
2024-12-10 22:25:00,768916,210,E,FF,,,,,,,,34.15099,-118.152369,NB 710 EXT TO EB 210,25.12
2024-12-10 22:25:00,769849,210,E,FF,32,8,19,5,,,,34.211728,-118.228265,OCEAN VIEW,18.18
2024-12-10 22:25:00,770170,210,E,FF,,,,,,,,34.155812,-118.158089,EB 210 TO WB 134 #1,24.49
2024-12-10 22:25:00,773131,210,E,FF,,,,,,,,34.15154,-118.146708,FAIR OAKS OFF,25.48
2024-12-10 22:25:00,775729,210,E,FF,,,,,,,,34.155812,-118.158089,EB 210 CON,24.49
2024-12-10 22:25:00,776724,210,E,FF,88,41,47,,,,,34.156489,-118.158295,WINONA WAY,24.442
2024-12-10 22:30:00,768916,210,E,FF,,,,,,,,34.15099,-118.152369,NB 710 EXT TO EB 210,25.12
2024-12-10 22:30:00,769849,210,E,FF,36,8,17,11,,,,34.211728,-118.228265,OCEAN VIEW,18.18
2024-12-10 22:30:00,770170,210,E,FF,,,,,,,,34.155812,-118.158089,EB 210 TO WB 134 #1,24.49
2024-12-10 22:30:00,773131,210,E,FF,,,,,,,,34.15154,-118.146708,FAIR OAKS OFF,25.48
2024-12-10 22:30:00,775729,210,E,FF,,,,,,,,34.155812,-118.158089,EB 210 CON,24.49
2024-12-10 22:30:00,776724,210,E,FF,92,38,54,,,,,34.156489,-118.158295,WINONA WAY,24.442
2024-12-10 22:35:00,768916,210,E,FF,,,,,,,,34.15099,-118.152369,NB 710 EXT TO EB 210,25.12
2024-12-10 22:35:00,769849,210,E,FF,41,11,18,12,,,,34.211728,-118.228265,OCEAN VIEW,18.18
2024-12-10 22:35:00,770170,210,E,FF,,,,,,,,34.155812,-118.158089,EB 210 TO WB 134 #1,24.49
2024-12-10 22:35:00,773131,210,E,FF,,,,,,,,34.15154,-118.146708,FAIR OAKS OFF,25.48
2024-12-10 22:35:00,775729,210,E,FF,,,,,,,,34.155812,-118.158089,EB 210 CON,24.49
2024-12-10 22:35:00,776724,210,E,FF,69,38,31,,,,,34.156489,-118.158295,WINONA WAY,24.442
2024-12-10 22:40:00,768916,210,E,FF,,,,,,,,34.15099,-118.152369,NB 710 EXT TO EB 210,25.12
2024-12-10 22:40:00,769849,210,E,FF,23,8,10,5,,,,34.211728,-118.228265,OCEAN VIEW,18.18
2024-12-10 22:40:00,770170,210,E,FF,,,,,,,,34.155812,-118.158089,EB 210 TO WB 134 #1,24.49
2024-12-10 22:40:00,773131,210,E,FF,,,,,,,,34.15154,-118.146708,FAIR OAKS OFF,25.48
2024-12-10 22:40:00,775729,210,E,FF,,,,,,,,34.155812,-118.158089,EB 210 CON,24.49
2024-12-10 22:40:00,776724,210,E,FF,78,42,36,,,,,34.156489,-118.158295,WINONA WAY,24.442
2024-12-10 22:45:00,768916,210,E,FF,,,,,,,,34.15099,-118.152369,NB 710 EXT TO EB 210,25.12
2024-12-10 22:45:00,769849,210,E,FF,33,10,16,7,,,,34.211728,-118.228265,OCEAN VIEW,18.18
2024-12-10 22:45:00,770170,210,E,FF,,,,,,,,34.155812,-118.158089,EB 210 TO WB 134 #1,24.49
2024-12-10 22:45:00,773131,210,E,FF,,,,,,,,34.15154,-118.146708,FAIR OAKS OFF,25.48
2024-12-10 22:45:00,775729,210,E,FF,,,,,,,,34.155812,-118.158089,EB 210 CON,24.49
2024-12-10 22:45:00,776724,210,E,FF,71,32,39,,,,,34.156489,-118.158295,WINONA WAY,24.442
2024-12-10 22:50:00,768916,210,E,FF,,,,,,,,34.15099,-118.152369,NB 710 EXT TO EB 210,25.12
2024-12-10 22:50:00,769849,210,E,FF,28,4,17,7,,,,34.211728,-118.228265,OCEAN VIEW,18.18
2024-12-10 22:50:00,770170,210,E,FF,,,,,,,,34.155812,-118.158089,EB 210 TO WB 134 #1,24.49
2024-12-10 22:50:00,773131,210,E,FF,,,,,,,,34.15154,-118.146708,FAIR OAKS OFF,25.48
2024-12-10 22:50:00,775729,210,E,FF,,,,,,,,34.155812,-118.158089,EB 210 CON,24.49
2024-12-10 22:50:00,776724,210,E,FF,108,60,48,,,,,34.156489,-118.158295,WINONA WAY,24.442
2024-12-10 22:55:00,768916,210,E,FF,,,,,,,,34.15099,-118.152369,NB 710 EXT TO EB 210,25.12
2024-12-10 22:55:00,769849,210,E,FF,27,5,20,2,,,,34.211728,-118.228265,OCEAN VIEW,18.18
2024-12-10 22:55:00,770170,210,E,FF,,,,,,,,34.155812,-118.158089,EB 210 TO WB 134 #1,24.49
2024-12-10 22:55:00,773131,210,E,FF,,,,,,,,34.15154,-118.146708,FAIR OAKS OFF,25.48
2024-12-10 22:55:00,775729,210,E,FF,,,,,,,,34.155812,-118.158089,EB 210 CON,24.49
2024-12-10 22:55:00,776724,210,E,FF,72,40,32,,,,,34.156489,-118.158295,WINONA WAY,24.442
2024-12-10 23:00:00,768916,210,E,FF,,,,,,,,34.15099,-118.152369,NB 710 EXT TO EB 210,25.12
2024-12-10 23:00:00,769849,210,E,FF,18,5,9,4,,,,34.211728,-118.228265,OCEAN VIEW,18.18
2024-12-10 23:00:00,770170,210,E,FF,,,,,,,,34.155812,-118.158089,EB 210 TO WB 134 #1,24.49
2024-12-10 23:00:00,773131,210,E,FF,,,,,,,,34.15154,-118.146708,FAIR OAKS OFF,25.48
2024-12-10 23:00:00,775729,210,E,FF,,,,,,,,34.155812,-118.158089,EB 210 CON,24.49
2024-12-10 23:00:00,776724,210,E,FF,64,34,30,,,,,34.156489,-118.158295,WINONA WAY,24.442
