========================================
CALIBRATION ARRAY JOB
========================================
Job ID:        42787434
Array Task ID: 11
Host:          a2-9
Started:       Tue Feb 17 01:30:48 EST 2026
========================================
Model:         Krause
Optimizer:     SPSA
========================================
Working directory: /scratch/krb84578/workDir/scalation_2.0
Using JAR: target/scala-3.7.4/scalation-assembly.jar
JAR size:  22M

=== Starting Calibration ===
Tue Feb 17 01:30:49 EST 2026
-----------------------------------
| CALIBRATION ARRAY JOB - Task 11 |
-----------------------------------
Model: krause (Krause)
Optimizer: spsa
Timestamp: 2026-02-17T01:30:49.488412865
Host: a2-9
============================================================
Starting parameters: VectorD(5.00000,	4.00000,	-2.00000,	3.00000,	0.500000)
[ModelOptimizer] Evaluating parameters: VectorD(4.06761,	3.06761,	-1.06761,	2.06761,	1.43239)

======================================================================
TRAFFIC MODEL BUILDER SUMMARY
======================================================================
Network:      US-101-N-DonaldDoyle
Segments:     7
Lanes:        4
Junctions:    8
Ramps:        2
Sensors:      5
Mode:         PeMS Data-Driven
Car-Following: Krause
ODE Solver:   Ballistic
Vmax:         35.0 m/s
======================================================================
Skipping Source actor due to time limit at clock = 43201.00125327633
Skipping Source actor due to time limit at clock = 43210.6788297557
-----------------------------
| Model.cleanup in progress |
-----------------------------
cleanup: agenda
cleanup: wait queues
coroutine counts = (59757,59753,59750)
[ModelOptimizer] Fitness: 5.4870 | Elapsed: 154.79 sec
[ModelOptimizer] Evaluating parameters: VectorD(5.93239,	4.93239,	-2.93239,	3.93239,	0.300000)

======================================================================
TRAFFIC MODEL BUILDER SUMMARY
======================================================================
Network:      US-101-N-DonaldDoyle
Segments:     7
Lanes:        4
Junctions:    8
Ramps:        2
Sensors:      5
Mode:         PeMS Data-Driven
Car-Following: Krause
ODE Solver:   Ballistic
Vmax:         35.0 m/s
======================================================================
Skipping Source actor due to time limit at clock = 43201.00125327633
Skipping Source actor due to time limit at clock = 43210.6788297557
-----------------------------
| Model.cleanup in progress |
-----------------------------
cleanup: agenda
cleanup: wait queues
coroutine counts = (119514,119506,119501)
[ModelOptimizer] Fitness: 6.8505 | Elapsed: 633.18 sec
[ModelOptimizer] Evaluating parameters: VectorD(4.99277,	3.99277,	-1.99277,	2.99277,	0.507227)

======================================================================
TRAFFIC MODEL BUILDER SUMMARY
======================================================================
Network:      US-101-N-DonaldDoyle
Segments:     7
Lanes:        4
Junctions:    8
Ramps:        2
Sensors:      5
Mode:         PeMS Data-Driven
Car-Following: Krause
ODE Solver:   Ballistic
Vmax:         35.0 m/s
======================================================================
Skipping Source actor due to time limit at clock = 43201.00125327633
Skipping Source actor due to time limit at clock = 43210.6788297557
-----------------------------
| Model.cleanup in progress |
-----------------------------
cleanup: agenda
cleanup: wait queues
coroutine counts = (179271,179259,179252)
[ModelOptimizer] Fitness: 6.5638 | Elapsed: 299.10 sec
       1 |      6.56380943 |      6.56380943 |       1.0% ✓
[ModelOptimizer] Evaluating parameters: VectorD(5.88775,	3.09780,	-2.88775,	2.09780,	0.300000)

======================================================================
TRAFFIC MODEL BUILDER SUMMARY
======================================================================
Network:      US-101-N-DonaldDoyle
Segments:     7
Lanes:        4
Junctions:    8
Ramps:        2
Sensors:      5
Mode:         PeMS Data-Driven
Car-Following: Krause
ODE Solver:   Ballistic
Vmax:         35.0 m/s
======================================================================
Skipping Source actor due to time limit at clock = 43201.00125327633
Skipping Source actor due to time limit at clock = 43210.6788297557
-----------------------------
| Model.cleanup in progress |
-----------------------------
cleanup: agenda
cleanup: wait queues
coroutine counts = (239028,239012,239003)
[ModelOptimizer] Fitness: 8.0930 | Elapsed: 963.30 sec
[ModelOptimizer] Evaluating parameters: VectorD(4.09780,	4.88775,	-1.09780,	3.88775,	1.40220)

======================================================================
TRAFFIC MODEL BUILDER SUMMARY
======================================================================
Network:      US-101-N-DonaldDoyle
Segments:     7
Lanes:        4
Junctions:    8
Ramps:        2
Sensors:      5
Mode:         PeMS Data-Driven
Car-Following: Krause
ODE Solver:   Ballistic
Vmax:         35.0 m/s
======================================================================
Skipping Source actor due to time limit at clock = 43201.00125327633
Skipping Source actor due to time limit at clock = 43210.6788297557
-----------------------------
| Model.cleanup in progress |
-----------------------------
cleanup: agenda
cleanup: wait queues
coroutine counts = (298785,298765,298754)
[ModelOptimizer] Fitness: 4.1356 | Elapsed: 86.07 sec
[ModelOptimizer] Evaluating parameters: VectorD(4.97105,	4.01450,	-1.97105,	3.01450,	0.528952)

======================================================================
TRAFFIC MODEL BUILDER SUMMARY
======================================================================
Network:      US-101-N-DonaldDoyle
Segments:     7
Lanes:        4
Junctions:    8
Ramps:        2
Sensors:      5
Mode:         PeMS Data-Driven
Car-Following: Krause
ODE Solver:   Ballistic
Vmax:         35.0 m/s
======================================================================
Skipping Source actor due to time limit at clock = 43201.00125327633
Skipping Source actor due to time limit at clock = 43210.6788297557
-----------------------------
| Model.cleanup in progress |
-----------------------------
cleanup: agenda
cleanup: wait queues
coroutine counts = (358542,358518,358505)
[ModelOptimizer] Fitness: 6.3659 | Elapsed: 331.42 sec
[ModelOptimizer] Evaluating parameters: VectorD(5.84039,	4.88384,	-1.10170,	2.14515,	0.300000)

======================================================================
TRAFFIC MODEL BUILDER SUMMARY
======================================================================
Network:      US-101-N-DonaldDoyle
Segments:     7
Lanes:        4
Junctions:    8
Ramps:        2
Sensors:      5
Mode:         PeMS Data-Driven
Car-Following: Krause
ODE Solver:   Ballistic
Vmax:         35.0 m/s
======================================================================
Skipping Source actor due to time limit at clock = 43201.00125327633
Skipping Source actor due to time limit at clock = 43210.6788297557
-----------------------------
| Model.cleanup in progress |
-----------------------------
cleanup: agenda
cleanup: wait queues
coroutine counts = (418299,418271,418256)
[ModelOptimizer] Fitness: 6.4042 | Elapsed: 380.38 sec
[ModelOptimizer] Evaluating parameters: VectorD(4.10170,	3.14515,	-2.84039,	3.88384,	1.39830)

======================================================================
TRAFFIC MODEL BUILDER SUMMARY
======================================================================
Network:      US-101-N-DonaldDoyle
Segments:     7
Lanes:        4
Junctions:    8
Ramps:        2
Sensors:      5
Mode:         PeMS Data-Driven
Car-Following: Krause
ODE Solver:   Ballistic
Vmax:         35.0 m/s
======================================================================
Skipping Source actor due to time limit at clock = 43201.00125327633
Skipping Source actor due to time limit at clock = 43210.6788297557
-----------------------------
| Model.cleanup in progress |
-----------------------------
cleanup: agenda
cleanup: wait queues
coroutine counts = (478056,478024,478007)
[ModelOptimizer] Fitness: 4.2462 | Elapsed: 39.14 sec
[ModelOptimizer] Evaluating parameters: VectorD(4.95892,	4.00237,	-1.98317,	3.02662,	0.541078)

======================================================================
TRAFFIC MODEL BUILDER SUMMARY
======================================================================
Network:      US-101-N-DonaldDoyle
Segments:     7
Lanes:        4
Junctions:    8
Ramps:        2
Sensors:      5
Mode:         PeMS Data-Driven
Car-Following: Krause
ODE Solver:   Ballistic
Vmax:         35.0 m/s
======================================================================
Skipping Source actor due to time limit at clock = 43201.00125327633
Skipping Source actor due to time limit at clock = 43210.6788297557
-----------------------------
| Model.cleanup in progress |
-----------------------------
cleanup: agenda
cleanup: wait queues
coroutine counts = (537813,537777,537758)
[ModelOptimizer] Fitness: 6.1182 | Elapsed: 312.23 sec
[ModelOptimizer] Evaluating parameters: VectorD(4.10895,	3.15240,	-1.13320,	3.87659,	1.39105)

======================================================================
TRAFFIC MODEL BUILDER SUMMARY
======================================================================
Network:      US-101-N-DonaldDoyle
Segments:     7
Lanes:        4
Junctions:    8
Ramps:        2
Sensors:      5
Mode:         PeMS Data-Driven
Car-Following: Krause
ODE Solver:   Ballistic
Vmax:         35.0 m/s
======================================================================
Skipping Source actor due to time limit at clock = 43201.00125327633
Skipping Source actor due to time limit at clock = 43210.6788297557
-----------------------------
| Model.cleanup in progress |
-----------------------------
cleanup: agenda
cleanup: wait queues
coroutine counts = (597570,597530,597509)
[ModelOptimizer] Fitness: 5.1705 | Elapsed: 152.40 sec
[ModelOptimizer] Evaluating parameters: VectorD(5.80889,	4.85234,	-2.83314,	2.17665,	0.300000)

======================================================================
TRAFFIC MODEL BUILDER SUMMARY
======================================================================
Network:      US-101-N-DonaldDoyle
Segments:     7
Lanes:        4
Junctions:    8
Ramps:        2
Sensors:      5
Mode:         PeMS Data-Driven
Car-Following: Krause
ODE Solver:   Ballistic
Vmax:         35.0 m/s
======================================================================
Skipping Source actor due to time limit at clock = 43201.00125327633
Skipping Source actor due to time limit at clock = 43210.6788297557
-----------------------------
| Model.cleanup in progress |
-----------------------------
cleanup: agenda
cleanup: wait queues
coroutine counts = (657327,657283,657260)
[ModelOptimizer] Fitness: 7.2185 | Elapsed: 697.33 sec
[ModelOptimizer] Evaluating parameters: VectorD(4.94722,	3.99067,	-1.97147,	3.03833,	0.552780)

======================================================================
TRAFFIC MODEL BUILDER SUMMARY
======================================================================
Network:      US-101-N-DonaldDoyle
Segments:     7
Lanes:        4
Junctions:    8
Ramps:        2
Sensors:      5
Mode:         PeMS Data-Driven
Car-Following: Krause
ODE Solver:   Ballistic
Vmax:         35.0 m/s
======================================================================
Skipping Source actor due to time limit at clock = 43201.00125327633
Skipping Source actor due to time limit at clock = 43210.6788297557
-----------------------------
| Model.cleanup in progress |
-----------------------------
cleanup: agenda
cleanup: wait queues
coroutine counts = (717084,717036,717011)
[ModelOptimizer] Fitness: 6.2049 | Elapsed: 346.84 sec
[ModelOptimizer] Evaluating parameters: VectorD(4.11276,	3.15621,	-1.13701,	3.87279,	1.38724)

======================================================================
TRAFFIC MODEL BUILDER SUMMARY
======================================================================
Network:      US-101-N-DonaldDoyle
Segments:     7
Lanes:        4
Junctions:    8
Ramps:        2
Sensors:      5
Mode:         PeMS Data-Driven
Car-Following: Krause
ODE Solver:   Ballistic
Vmax:         35.0 m/s
======================================================================
Skipping Source actor due to time limit at clock = 43201.00125327633
Skipping Source actor due to time limit at clock = 43210.6788297557
-----------------------------
| Model.cleanup in progress |
-----------------------------
cleanup: agenda
cleanup: wait queues
coroutine counts = (776841,776789,776762)
[ModelOptimizer] Fitness: 5.1605 | Elapsed: 137.54 sec
[ModelOptimizer] Evaluating parameters: VectorD(5.78168,	4.82513,	-2.80593,	2.20386,	0.300000)

======================================================================
TRAFFIC MODEL BUILDER SUMMARY
======================================================================
Network:      US-101-N-DonaldDoyle
Segments:     7
Lanes:        4
Junctions:    8
Ramps:        2
Sensors:      5
Mode:         PeMS Data-Driven
Car-Following: Krause
ODE Solver:   Ballistic
Vmax:         35.0 m/s
======================================================================
Skipping Source actor due to time limit at clock = 43201.00125327633
Skipping Source actor due to time limit at clock = 43210.6788297557
-----------------------------
| Model.cleanup in progress |
-----------------------------
cleanup: agenda
cleanup: wait queues
coroutine counts = (836598,836542,836513)
[ModelOptimizer] Fitness: 7.1014 | Elapsed: 697.57 sec
[ModelOptimizer] Evaluating parameters: VectorD(4.93599,	3.97944,	-1.96024,	3.04956,	0.564012)

======================================================================
TRAFFIC MODEL BUILDER SUMMARY
======================================================================
Network:      US-101-N-DonaldDoyle
Segments:     7
Lanes:        4
Junctions:    8
Ramps:        2
Sensors:      5
Mode:         PeMS Data-Driven
Car-Following: Krause
ODE Solver:   Ballistic
Vmax:         35.0 m/s
======================================================================
Skipping Source actor due to time limit at clock = 43201.00125327633
Skipping Source actor due to time limit at clock = 43210.6788297557
-----------------------------
| Model.cleanup in progress |
-----------------------------
cleanup: agenda
cleanup: wait queues
coroutine counts = (896355,896295,896264)
[ModelOptimizer] Fitness: 6.0904 | Elapsed: 303.79 sec
       5 |      6.09043215 |      6.09043215 |       5.0% ✓
[ModelOptimizer] Evaluating parameters: VectorD(4.11442,	3.15787,	-1.13867,	3.87113,	0.300000)

======================================================================
TRAFFIC MODEL BUILDER SUMMARY
======================================================================
Network:      US-101-N-DonaldDoyle
Segments:     7
Lanes:        4
Junctions:    8
Ramps:        2
Sensors:      5
Mode:         PeMS Data-Driven
Car-Following: Krause
ODE Solver:   Ballistic
Vmax:         35.0 m/s
======================================================================
Skipping Source actor due to time limit at clock = 43201.00125327633
Skipping Source actor due to time limit at clock = 43210.6788297557
-----------------------------
| Model.cleanup in progress |
-----------------------------
cleanup: agenda
cleanup: wait queues
coroutine counts = (956112,956048,956015)
[ModelOptimizer] Fitness: 9.5979 | Elapsed: 1328.93 sec
[ModelOptimizer] Evaluating parameters: VectorD(5.75756,	4.80101,	-2.78181,	2.22799,	1.38558)

======================================================================
TRAFFIC MODEL BUILDER SUMMARY
======================================================================
Network:      US-101-N-DonaldDoyle
Segments:     7
Lanes:        4
Junctions:    8
Ramps:        2
Sensors:      5
Mode:         PeMS Data-Driven
Car-Following: Krause
ODE Solver:   Ballistic
Vmax:         35.0 m/s
======================================================================
Skipping Source actor due to time limit at clock = 43201.00125327633
Skipping Source actor due to time limit at clock = 43210.6788297557
-----------------------------
| Model.cleanup in progress |
-----------------------------
cleanup: agenda
cleanup: wait queues
coroutine counts = (1015869,1015801,1015766)
[ModelOptimizer] Fitness: 4.0626 | Elapsed: 41.77 sec
[ModelOptimizer] Evaluating parameters: VectorD(4.96834,	4.01179,	-1.99259,	3.01721,	0.596363)

======================================================================
TRAFFIC MODEL BUILDER SUMMARY
======================================================================
Network:      US-101-N-DonaldDoyle
Segments:     7
Lanes:        4
Junctions:    8
Ramps:        2
Sensors:      5
Mode:         PeMS Data-Driven
Car-Following: Krause
ODE Solver:   Ballistic
Vmax:         35.0 m/s
======================================================================
Skipping Source actor due to time limit at clock = 43201.00125327633
Skipping Source actor due to time limit at clock = 43210.6788297557
-----------------------------
| Model.cleanup in progress |
-----------------------------
cleanup: agenda
cleanup: wait queues
coroutine counts = (1075626,1075554,1075517)
[ModelOptimizer] Fitness: 6.1404 | Elapsed: 162.67 sec
[ModelOptimizer] Evaluating parameters: VectorD(5.77891,	3.20123,	-2.80316,	3.82777,	0.300000)

======================================================================
TRAFFIC MODEL BUILDER SUMMARY
======================================================================
Network:      US-101-N-DonaldDoyle
Segments:     7
Lanes:        4
Junctions:    8
Ramps:        2
Sensors:      5
Mode:         PeMS Data-Driven
Car-Following: Krause
ODE Solver:   Ballistic
Vmax:         35.0 m/s
======================================================================
Skipping Source actor due to time limit at clock = 43201.00125327633
Skipping Source actor due to time limit at clock = 43210.6788297557
-----------------------------
| Model.cleanup in progress |
-----------------------------
cleanup: agenda
cleanup: wait queues
coroutine counts = (1135383,1135307,1135268)
[ModelOptimizer] Fitness: 8.0325 | Elapsed: 1108.65 sec
[ModelOptimizer] Evaluating parameters: VectorD(4.15778,	4.82236,	-1.18203,	2.20664,	1.40693)

======================================================================
TRAFFIC MODEL BUILDER SUMMARY
======================================================================
Network:      US-101-N-DonaldDoyle
Segments:     7
Lanes:        4
Junctions:    8
Ramps:        2
Sensors:      5
Mode:         PeMS Data-Driven
Car-Following: Krause
ODE Solver:   Ballistic
Vmax:         35.0 m/s
======================================================================
Skipping Source actor due to time limit at clock = 43201.00125327633
Skipping Source actor due to time limit at clock = 43210.6788297557
-----------------------------
| Model.cleanup in progress |
-----------------------------
cleanup: agenda
cleanup: wait queues
coroutine counts = (1195140,1195060,1195019)
[ModelOptimizer] Fitness: 3.9012 | Elapsed: 46.94 sec
[ModelOptimizer] Evaluating parameters: VectorD(4.94400,	4.03613,	-1.96825,	2.99287,	0.620700)

======================================================================
TRAFFIC MODEL BUILDER SUMMARY
======================================================================
Network:      US-101-N-DonaldDoyle
Segments:     7
Lanes:        4
Junctions:    8
Ramps:        2
Sensors:      5
Mode:         PeMS Data-Driven
Car-Following: Krause
ODE Solver:   Ballistic
Vmax:         35.0 m/s
======================================================================
Skipping Source actor due to time limit at clock = 43201.00125327633
Skipping Source actor due to time limit at clock = 43210.6788297557
-----------------------------
| Model.cleanup in progress |
-----------------------------
cleanup: agenda
cleanup: wait queues
coroutine counts = (1254897,1254813,1254770)
[ModelOptimizer] Fitness: 5.6788 | Elapsed: 287.52 sec
[ModelOptimizer] Evaluating parameters: VectorD(5.74498,	4.83711,	-2.76923,	3.79385,	0.300000)

======================================================================
TRAFFIC MODEL BUILDER SUMMARY
======================================================================
Network:      US-101-N-DonaldDoyle
Segments:     7
Lanes:        4
Junctions:    8
Ramps:        2
Sensors:      5
Mode:         PeMS Data-Driven
Car-Following: Krause
ODE Solver:   Ballistic
Vmax:         35.0 m/s
======================================================================
Skipping Source actor due to time limit at clock = 43201.00125327633
Skipping Source actor due to time limit at clock = 43210.6788297557
-----------------------------
| Model.cleanup in progress |
-----------------------------
cleanup: agenda
cleanup: wait queues
coroutine counts = (1314654,1314566,1314521)
[ModelOptimizer] Fitness: 6.8414 | Elapsed: 701.83 sec
[ModelOptimizer] Evaluating parameters: VectorD(4.14302,	3.23515,	-1.16727,	2.19189,	1.42168)

======================================================================
TRAFFIC MODEL BUILDER SUMMARY
======================================================================
Network:      US-101-N-DonaldDoyle
Segments:     7
Lanes:        4
Junctions:    8
Ramps:        2
Sensors:      5
Mode:         PeMS Data-Driven
Car-Following: Krause
ODE Solver:   Ballistic
Vmax:         35.0 m/s
======================================================================
Skipping Source actor due to time limit at clock = 43201.00125327633
Skipping Source actor due to time limit at clock = 43210.6788297557
-----------------------------
| Model.cleanup in progress |
-----------------------------
cleanup: agenda
cleanup: wait queues
coroutine counts = (1374411,1374319,1374272)
[ModelOptimizer] Fitness: 4.6068 | Elapsed: 43.46 sec
[ModelOptimizer] Evaluating parameters: VectorD(4.93076,	4.02288,	-1.95501,	2.97962,	0.633948)

======================================================================
TRAFFIC MODEL BUILDER SUMMARY
======================================================================
Network:      US-101-N-DonaldDoyle
Segments:     7
Lanes:        4
Junctions:    8
Ramps:        2
Sensors:      5
Mode:         PeMS Data-Driven
Car-Following: Krause
ODE Solver:   Ballistic
Vmax:         35.0 m/s
======================================================================
Skipping Source actor due to time limit at clock = 43201.00125327633
Skipping Source actor due to time limit at clock = 43210.6788297557
-----------------------------
| Model.cleanup in progress |
-----------------------------
cleanup: agenda
cleanup: wait queues
coroutine counts = (1434168,1434072,1434023)
[ModelOptimizer] Fitness: 5.4538 | Elapsed: 190.15 sec
[ModelOptimizer] Evaluating parameters: VectorD(5.72326,	4.81538,	-2.74751,	3.77212,	1.42645)

======================================================================
TRAFFIC MODEL BUILDER SUMMARY
======================================================================
Network:      US-101-N-DonaldDoyle
Segments:     7
Lanes:        4
Junctions:    8
Ramps:        2
Sensors:      5
Mode:         PeMS Data-Driven
Car-Following: Krause
ODE Solver:   Ballistic
Vmax:         35.0 m/s
======================================================================
Skipping Source actor due to time limit at clock = 43201.00125327633
Skipping Source actor due to time limit at clock = 43210.6788297557
-----------------------------
| Model.cleanup in progress |
-----------------------------
cleanup: agenda
cleanup: wait queues
coroutine counts = (1493925,1493825,1493774)
[ModelOptimizer] Fitness: 3.9485 | Elapsed: 39.27 sec
[ModelOptimizer] Evaluating parameters: VectorD(4.13825,	3.23038,	-1.16251,	2.18712,	0.300000)

======================================================================
TRAFFIC MODEL BUILDER SUMMARY
======================================================================
Network:      US-101-N-DonaldDoyle
Segments:     7
Lanes:        4
Junctions:    8
Ramps:        2
Sensors:      5
Mode:         PeMS Data-Driven
Car-Following: Krause
ODE Solver:   Ballistic
Vmax:         35.0 m/s
======================================================================
Skipping Source actor due to time limit at clock = 43201.00125327633
Skipping Source actor due to time limit at clock = 43210.6788297557
-----------------------------
| Model.cleanup in progress |
-----------------------------
cleanup: agenda
cleanup: wait queues
coroutine counts = (1553682,1553578,1553525)
[ModelOptimizer] Fitness: 9.3338 | Elapsed: 1367.68 sec
[ModelOptimizer] Evaluating parameters: VectorD(4.96285,	4.05497,	-1.98710,	3.01171,	0.666039)

======================================================================
TRAFFIC MODEL BUILDER SUMMARY
======================================================================
Network:      US-101-N-DonaldDoyle
Segments:     7
Lanes:        4
Junctions:    8
Ramps:        2
Sensors:      5
Mode:         PeMS Data-Driven
Car-Following: Krause
ODE Solver:   Ballistic
Vmax:         35.0 m/s
======================================================================
Skipping Source actor due to time limit at clock = 43201.00125327633
Skipping Source actor due to time limit at clock = 43210.6788297557
-----------------------------
| Model.cleanup in progress |
-----------------------------
cleanup: agenda
cleanup: wait queues
coroutine counts = (1613439,1613331,1613276)
[ModelOptimizer] Fitness: 5.3316 | Elapsed: 102.75 sec
[ModelOptimizer] Evaluating parameters: VectorD(4.17794,	4.83988,	-2.77201,	2.22680,	1.45095)

======================================================================
TRAFFIC MODEL BUILDER SUMMARY
======================================================================
Network:      US-101-N-DonaldDoyle
Segments:     7
Lanes:        4
Junctions:    8
Ramps:        2
Sensors:      5
Mode:         PeMS Data-Driven
Car-Following: Krause
ODE Solver:   Ballistic
Vmax:         35.0 m/s
======================================================================
Skipping Source actor due to time limit at clock = 43201.00125327633
Skipping Source actor due to time limit at clock = 43210.6788297557
-----------------------------
| Model.cleanup in progress |
-----------------------------
cleanup: agenda
cleanup: wait queues
coroutine counts = (1673196,1673084,1673027)
[ModelOptimizer] Fitness: 4.1114 | Elapsed: 43.26 sec
[ModelOptimizer] Evaluating parameters: VectorD(5.74776,	3.27006,	-1.20219,	3.79662,	0.300000)

======================================================================
TRAFFIC MODEL BUILDER SUMMARY
======================================================================
Network:      US-101-N-DonaldDoyle
Segments:     7
Lanes:        4
Junctions:    8
Ramps:        2
Sensors:      5
Mode:         PeMS Data-Driven
Car-Following: Krause
ODE Solver:   Ballistic
Vmax:         35.0 m/s
======================================================================
Skipping Source actor due to time limit at clock = 43201.00125327633
Skipping Source actor due to time limit at clock = 43210.6788297557
-----------------------------
| Model.cleanup in progress |
-----------------------------
cleanup: agenda
cleanup: wait queues
coroutine counts = (1732953,1732837,1732778)
[ModelOptimizer] Fitness: 7.9376 | Elapsed: 1179.03 sec
[ModelOptimizer] Evaluating parameters: VectorD(4.93995,	4.07787,	-2.00999,	2.98882,	0.688934)

======================================================================
TRAFFIC MODEL BUILDER SUMMARY
======================================================================
Network:      US-101-N-DonaldDoyle
Segments:     7
Lanes:        4
Junctions:    8
Ramps:        2
Sensors:      5
Mode:         PeMS Data-Driven
Car-Following: Krause
ODE Solver:   Ballistic
Vmax:         35.0 m/s
======================================================================
Skipping Source actor due to time limit at clock = 43201.00125327633
Skipping Source actor due to time limit at clock = 43210.6788297557
-----------------------------
| Model.cleanup in progress |
-----------------------------
cleanup: agenda
cleanup: wait queues
coroutine counts = (1792710,1792590,1792529)
[ModelOptimizer] Fitness: 4.6208 | Elapsed: 68.41 sec
      10 |      4.62075462 |      4.62075462 |      10.0% ✓
[ModelOptimizer] Evaluating parameters: VectorD(5.71799,	3.29983,	-2.78804,	2.21078,	0.300000)

======================================================================
TRAFFIC MODEL BUILDER SUMMARY
======================================================================
Network:      US-101-N-DonaldDoyle
Segments:     7
Lanes:        4
Junctions:    8
Ramps:        2
Sensors:      5
Mode:         PeMS Data-Driven
Car-Following: Krause
ODE Solver:   Ballistic
Vmax:         35.0 m/s
======================================================================
Skipping Source actor due to time limit at clock = 43201.00125327633
Skipping Source actor due to time limit at clock = 43210.6788297557
-----------------------------
| Model.cleanup in progress |
-----------------------------
cleanup: agenda
cleanup: wait queues
coroutine counts = (1852467,1852343,1852280)
[ModelOptimizer] Fitness: 7.8901 | Elapsed: 1052.68 sec
[ModelOptimizer] Evaluating parameters: VectorD(4.16191,	4.85591,	-1.23195,	3.76686,	1.46698)

======================================================================
TRAFFIC MODEL BUILDER SUMMARY
======================================================================
Network:      US-101-N-DonaldDoyle
Segments:     7
Lanes:        4
Junctions:    8
Ramps:        2
Sensors:      5
Mode:         PeMS Data-Driven
Car-Following: Krause
ODE Solver:   Ballistic
Vmax:         35.0 m/s
======================================================================
Skipping Source actor due to time limit at clock = 43201.00125327633
Skipping Source actor due to time limit at clock = 43210.6788297557
-----------------------------
| Model.cleanup in progress |
-----------------------------
cleanup: agenda
cleanup: wait queues
coroutine counts = (1912224,1912096,1912031)
[ModelOptimizer] Fitness: 3.6701 | Elapsed: 40.20 sec
[ModelOptimizer] Evaluating parameters: VectorD(4.91461,	4.10321,	-1.98466,	3.01415,	0.714272)

======================================================================
TRAFFIC MODEL BUILDER SUMMARY
======================================================================
Network:      US-101-N-DonaldDoyle
Segments:     7
Lanes:        4
Junctions:    8
Ramps:        2
Sensors:      5
Mode:         PeMS Data-Driven
Car-Following: Krause
ODE Solver:   Ballistic
Vmax:         35.0 m/s
======================================================================
Skipping Source actor due to time limit at clock = 43201.00125327633
Skipping Source actor due to time limit at clock = 43210.6788297557
-----------------------------
| Model.cleanup in progress |
-----------------------------
cleanup: agenda
cleanup: wait queues
coroutine counts = (1971981,1971849,1971782)
[ModelOptimizer] Fitness: 5.2805 | Elapsed: 70.57 sec
[ModelOptimizer] Evaluating parameters: VectorD(4.14284,	3.33143,	-1.21288,	2.24238,	1.48605)

======================================================================
TRAFFIC MODEL BUILDER SUMMARY
======================================================================
Network:      US-101-N-DonaldDoyle
Segments:     7
Lanes:        4
Junctions:    8
Ramps:        2
Sensors:      5
Mode:         PeMS Data-Driven
Car-Following: Krause
ODE Solver:   Ballistic
Vmax:         35.0 m/s
======================================================================
Skipping Source actor due to time limit at clock = 43201.00125327633
Skipping Source actor due to time limit at clock = 43210.6788297557
-----------------------------
| Model.cleanup in progress |
-----------------------------
cleanup: agenda
cleanup: wait queues
coroutine counts = (2031738,2031602,2031533)
[ModelOptimizer] Fitness: 4.0881 | Elapsed: 41.05 sec
[ModelOptimizer] Evaluating parameters: VectorD(5.68639,	4.87498,	-2.75643,	3.78593,	0.300000)

======================================================================
TRAFFIC MODEL BUILDER SUMMARY
======================================================================
Network:      US-101-N-DonaldDoyle
Segments:     7
Lanes:        4
Junctions:    8
Ramps:        2
Sensors:      5
Mode:         PeMS Data-Driven
Car-Following: Krause
ODE Solver:   Ballistic
Vmax:         35.0 m/s
======================================================================
Skipping Source actor due to time limit at clock = 43201.00125327633
Skipping Source actor due to time limit at clock = 43210.6788297557
-----------------------------
| Model.cleanup in progress |
-----------------------------
cleanup: agenda
cleanup: wait queues
coroutine counts = (2091495,2091355,2091284)
[ModelOptimizer] Fitness: 7.0520 | Elapsed: 690.78 sec
[ModelOptimizer] Evaluating parameters: VectorD(4.89677,	4.08536,	-1.96681,	2.99631,	0.732117)

======================================================================
TRAFFIC MODEL BUILDER SUMMARY
======================================================================
Network:      US-101-N-DonaldDoyle
Segments:     7
Lanes:        4
Junctions:    8
Ramps:        2
Sensors:      5
Mode:         PeMS Data-Driven
Car-Following: Krause
ODE Solver:   Ballistic
Vmax:         35.0 m/s
======================================================================
Skipping Source actor due to time limit at clock = 43201.00125327633
Skipping Source actor due to time limit at clock = 43210.6788297557
-----------------------------
| Model.cleanup in progress |
-----------------------------
cleanup: agenda
cleanup: wait queues
coroutine counts = (2151252,2151108,2151035)
[ModelOptimizer] Fitness: 5.0520 | Elapsed: 60.47 sec
[ModelOptimizer] Evaluating parameters: VectorD(4.13075,	3.31934,	-1.20079,	2.23029,	1.49814)

======================================================================
TRAFFIC MODEL BUILDER SUMMARY
======================================================================
Network:      US-101-N-DonaldDoyle
Segments:     7
Lanes:        4
Junctions:    8
Ramps:        2
Sensors:      5
Mode:         PeMS Data-Driven
Car-Following: Krause
ODE Solver:   Ballistic
Vmax:         35.0 m/s
======================================================================
Skipping Source actor due to time limit at clock = 43201.00125327633
Skipping Source actor due to time limit at clock = 43210.6788297557
-----------------------------
| Model.cleanup in progress |
-----------------------------
cleanup: agenda
cleanup: wait queues
coroutine counts = (2211009,2210861,2210786)
[ModelOptimizer] Fitness: 3.8470 | Elapsed: 40.51 sec
[ModelOptimizer] Evaluating parameters: VectorD(5.66279,	4.85138,	-2.73283,	3.76233,	0.300000)

======================================================================
TRAFFIC MODEL BUILDER SUMMARY
======================================================================
Network:      US-101-N-DonaldDoyle
Segments:     7
Lanes:        4
Junctions:    8
Ramps:        2
Sensors:      5
Mode:         PeMS Data-Driven
Car-Following: Krause
ODE Solver:   Ballistic
Vmax:         35.0 m/s
======================================================================
Skipping Source actor due to time limit at clock = 43201.00125327633
Skipping Source actor due to time limit at clock = 43210.6788297557
-----------------------------
| Model.cleanup in progress |
-----------------------------
cleanup: agenda
cleanup: wait queues
coroutine counts = (2270766,2270614,2270537)
[ModelOptimizer] Fitness: 6.8329 | Elapsed: 689.27 sec
[ModelOptimizer] Evaluating parameters: VectorD(4.87875,	4.06734,	-1.94879,	2.97829,	0.750134)

======================================================================
TRAFFIC MODEL BUILDER SUMMARY
======================================================================
Network:      US-101-N-DonaldDoyle
Segments:     7
Lanes:        4
Junctions:    8
Ramps:        2
Sensors:      5
Mode:         PeMS Data-Driven
Car-Following: Krause
ODE Solver:   Ballistic
Vmax:         35.0 m/s
======================================================================
Skipping Source actor due to time limit at clock = 43201.00125327633
Skipping Source actor due to time limit at clock = 43210.6788297557
-----------------------------
| Model.cleanup in progress |
-----------------------------
cleanup: agenda
cleanup: wait queues
coroutine counts = (2330523,2330367,2330288)
[ModelOptimizer] Fitness: 4.9172 | Elapsed: 58.00 sec
[ModelOptimizer] Evaluating parameters: VectorD(5.63945,	4.82805,	-2.70950,	3.73900,	1.50000)

======================================================================
TRAFFIC MODEL BUILDER SUMMARY
======================================================================
Network:      US-101-N-DonaldDoyle
Segments:     7
Lanes:        4
Junctions:    8
Ramps:        2
Sensors:      5
Mode:         PeMS Data-Driven
Car-Following: Krause
ODE Solver:   Ballistic
Vmax:         35.0 m/s
======================================================================
Skipping Source actor due to time limit at clock = 43201.00125327633
Skipping Source actor due to time limit at clock = 43210.6788297557
-----------------------------
| Model.cleanup in progress |
-----------------------------
cleanup: agenda
cleanup: wait queues
coroutine counts = (2390280,2390120,2390039)
[ModelOptimizer] Fitness: 3.8436 | Elapsed: 38.83 sec
[ModelOptimizer] Evaluating parameters: VectorD(4.11805,	3.30664,	-1.18809,	2.21759,	0.300000)

======================================================================
TRAFFIC MODEL BUILDER SUMMARY
======================================================================
Network:      US-101-N-DonaldDoyle
Segments:     7
Lanes:        4
Junctions:    8
Ramps:        2
Sensors:      5
Mode:         PeMS Data-Driven
Car-Following: Krause
ODE Solver:   Ballistic
Vmax:         35.0 m/s
======================================================================
Skipping Source actor due to time limit at clock = 43201.00125327633
Skipping Source actor due to time limit at clock = 43210.6788297557
-----------------------------
| Model.cleanup in progress |
-----------------------------
cleanup: agenda
cleanup: wait queues
coroutine counts = (2450037,2449873,2449790)
[ModelOptimizer] Fitness: 8.5368 | Elapsed: 1299.84 sec
[ModelOptimizer] Evaluating parameters: VectorD(4.90712,	4.09571,	-1.97716,	3.00666,	0.778500)

======================================================================
TRAFFIC MODEL BUILDER SUMMARY
======================================================================
Network:      US-101-N-DonaldDoyle
Segments:     7
Lanes:        4
Junctions:    8
Ramps:        2
Sensors:      5
Mode:         PeMS Data-Driven
Car-Following: Krause
ODE Solver:   Ballistic
Vmax:         35.0 m/s
======================================================================
Skipping Source actor due to time limit at clock = 43201.00125327633
Skipping Source actor due to time limit at clock = 43210.6788297557
-----------------------------
| Model.cleanup in progress |
-----------------------------
cleanup: agenda
cleanup: wait queues
coroutine counts = (2509794,2509626,2509541)
[ModelOptimizer] Fitness: 4.6399 | Elapsed: 70.76 sec
[ModelOptimizer] Evaluating parameters: VectorD(5.66288,	4.85147,	-1.22140,	2.25090,	0.300000)

======================================================================
TRAFFIC MODEL BUILDER SUMMARY
======================================================================
Network:      US-101-N-DonaldDoyle
Segments:     7
Lanes:        4
Junctions:    8
Ramps:        2
Sensors:      5
Mode:         PeMS Data-Driven
Car-Following: Krause
ODE Solver:   Ballistic
Vmax:         35.0 m/s
======================================================================
Skipping Source actor due to time limit at clock = 43201.00125327633
Skipping Source actor due to time limit at clock = 43210.6788297557
-----------------------------
| Model.cleanup in progress |
-----------------------------
cleanup: agenda
cleanup: wait queues
coroutine counts = (2569551,2569379,2569292)
[ModelOptimizer] Fitness: 6.5285 | Elapsed: 528.16 sec
[ModelOptimizer] Evaluating parameters: VectorD(4.15136,	3.33995,	-2.73292,	3.76242,	1.50000)

======================================================================
TRAFFIC MODEL BUILDER SUMMARY
======================================================================
Network:      US-101-N-DonaldDoyle
Segments:     7
Lanes:        4
Junctions:    8
Ramps:        2
Sensors:      5
Mode:         PeMS Data-Driven
Car-Following: Krause
ODE Solver:   Ballistic
Vmax:         35.0 m/s
======================================================================
Skipping Source actor due to time limit at clock = 43201.00125327633
Skipping Source actor due to time limit at clock = 43210.6788297557
-----------------------------
| Model.cleanup in progress |
-----------------------------
cleanup: agenda
cleanup: wait queues
coroutine counts = (2629308,2629132,2629043)
[ModelOptimizer] Fitness: 3.9870 | Elapsed: 49.01 sec
[ModelOptimizer] Evaluating parameters: VectorD(4.89174,	4.08033,	-1.99254,	3.02204,	0.793881)

======================================================================
TRAFFIC MODEL BUILDER SUMMARY
======================================================================
Network:      US-101-N-DonaldDoyle
Segments:     7
Lanes:        4
Junctions:    8
Ramps:        2
Sensors:      5
Mode:         PeMS Data-Driven
Car-Following: Krause
ODE Solver:   Ballistic
Vmax:         35.0 m/s
======================================================================
Skipping Source actor due to time limit at clock = 43201.00125327633
Skipping Source actor due to time limit at clock = 43210.6788297557
-----------------------------
| Model.cleanup in progress |
-----------------------------
cleanup: agenda
cleanup: wait queues
coroutine counts = (2689065,2688885,2688794)
[ModelOptimizer] Fitness: 4.4967 | Elapsed: 72.88 sec
      15 |      4.49671355 |      4.49671355 |      15.0% ✓
[ModelOptimizer] Evaluating parameters: VectorD(4.14059,	4.83148,	-2.74369,	2.27089,	0.300000)

======================================================================
TRAFFIC MODEL BUILDER SUMMARY
======================================================================
Network:      US-101-N-DonaldDoyle
Segments:     7
Lanes:        4
Junctions:    8
Ramps:        2
Sensors:      5
Mode:         PeMS Data-Driven
Car-Following: Krause
ODE Solver:   Ballistic
Vmax:         35.0 m/s
======================================================================
Skipping Source actor due to time limit at clock = 43201.00125327633
Skipping Source actor due to time limit at clock = 43210.6788297557
-----------------------------
| Model.cleanup in progress |
-----------------------------
cleanup: agenda
cleanup: wait queues
coroutine counts = (2748822,2748638,2748545)
[ModelOptimizer] Fitness: 7.2153 | Elapsed: 1237.43 sec
[ModelOptimizer] Evaluating parameters: VectorD(5.64288,	3.32918,	-1.24140,	3.77319,	1.50000)

======================================================================
TRAFFIC MODEL BUILDER SUMMARY
======================================================================
Network:      US-101-N-DonaldDoyle
Segments:     7
Lanes:        4
Junctions:    8
Ramps:        2
Sensors:      5
Mode:         PeMS Data-Driven
Car-Following: Krause
ODE Solver:   Ballistic
Vmax:         35.0 m/s
======================================================================
Skipping Source actor due to time limit at clock = 43201.00125327633
Skipping Source actor due to time limit at clock = 43210.6788297557
-----------------------------
| Model.cleanup in progress |
-----------------------------
cleanup: agenda
cleanup: wait queues
coroutine counts = (2808579,2808391,2808296)
[ModelOptimizer] Fitness: 4.1139 | Elapsed: 64.10 sec
[ModelOptimizer] Evaluating parameters: VectorD(4.91052,	4.06154,	-1.97375,	3.04083,	0.812669)

======================================================================
TRAFFIC MODEL BUILDER SUMMARY
======================================================================
Network:      US-101-N-DonaldDoyle
Segments:     7
Lanes:        4
Junctions:    8
Ramps:        2
Sensors:      5
Mode:         PeMS Data-Driven
Car-Following: Krause
ODE Solver:   Ballistic
Vmax:         35.0 m/s
======================================================================
Skipping Source actor due to time limit at clock = 43201.00125327633
Skipping Source actor due to time limit at clock = 43210.6788297557
-----------------------------
| Model.cleanup in progress |
-----------------------------
cleanup: agenda
cleanup: wait queues
coroutine counts = (2868336,2868144,2868047)
[ModelOptimizer] Fitness: 4.1592 | Elapsed: 80.29 sec
[ModelOptimizer] Evaluating parameters: VectorD(4.16370,	3.31472,	-1.22693,	2.29401,	1.50000)

======================================================================
TRAFFIC MODEL BUILDER SUMMARY
======================================================================
Network:      US-101-N-DonaldDoyle
Segments:     7
Lanes:        4
Junctions:    8
Ramps:        2
Sensors:      5
Mode:         PeMS Data-Driven
Car-Following: Krause
ODE Solver:   Ballistic
Vmax:         35.0 m/s
======================================================================
Skipping Source actor due to time limit at clock = 43201.00125327633
Skipping Source actor due to time limit at clock = 43210.6788297557
-----------------------------
| Model.cleanup in progress |
-----------------------------
cleanup: agenda
cleanup: wait queues
coroutine counts = (2928093,2927897,2927798)
[ModelOptimizer] Fitness: 3.9054 | Elapsed: 58.54 sec
[ModelOptimizer] Evaluating parameters: VectorD(5.65735,	4.80836,	-2.72058,	3.78765,	0.300000)

======================================================================
TRAFFIC MODEL BUILDER SUMMARY
======================================================================
Network:      US-101-N-DonaldDoyle
Segments:     7
Lanes:        4
Junctions:    8
Ramps:        2
Sensors:      5
Mode:         PeMS Data-Driven
Car-Following: Krause
ODE Solver:   Ballistic
Vmax:         35.0 m/s
======================================================================
Skipping Source actor due to time limit at clock = 43201.00125327633
Skipping Source actor due to time limit at clock = 43210.6788297557
-----------------------------
| Model.cleanup in progress |
-----------------------------
cleanup: agenda
cleanup: wait queues
coroutine counts = (2987850,2987650,2987549)
[ModelOptimizer] Fitness: 7.3373 | Elapsed: 1083.81 sec
[ModelOptimizer] Evaluating parameters: VectorD(4.88972,	4.04074,	-1.95295,	3.02002,	0.833472)

======================================================================
TRAFFIC MODEL BUILDER SUMMARY
======================================================================
Network:      US-101-N-DonaldDoyle
Segments:     7
Lanes:        4
Junctions:    8
Ramps:        2
Sensors:      5
Mode:         PeMS Data-Driven
Car-Following: Krause
ODE Solver:   Ballistic
Vmax:         35.0 m/s
======================================================================
Skipping Source actor due to time limit at clock = 43201.00125327633
Skipping Source actor due to time limit at clock = 43210.6788297557
-----------------------------
| Model.cleanup in progress |
-----------------------------
cleanup: agenda
cleanup: wait queues
coroutine counts = (3047607,3047403,3047300)
[ModelOptimizer] Fitness: 4.3232 | Elapsed: 89.56 sec
[ModelOptimizer] Evaluating parameters: VectorD(5.63248,	3.29798,	-2.69571,	3.76278,	1.50000)

======================================================================
TRAFFIC MODEL BUILDER SUMMARY
======================================================================
Network:      US-101-N-DonaldDoyle
Segments:     7
Lanes:        4
Junctions:    8
Ramps:        2
Sensors:      5
Mode:         PeMS Data-Driven
Car-Following: Krause
ODE Solver:   Ballistic
Vmax:         35.0 m/s
======================================================================
Skipping Source actor due to time limit at clock = 43201.00125327633
Skipping Source actor due to time limit at clock = 43210.6788297557
-----------------------------
| Model.cleanup in progress |
-----------------------------
cleanup: agenda
cleanup: wait queues
coroutine counts = (3107364,3107156,3107051)
[ModelOptimizer] Fitness: 4.0032 | Elapsed: 62.59 sec
[ModelOptimizer] Evaluating parameters: VectorD(4.14697,	4.78349,	-1.21020,	2.27727,	0.300000)

======================================================================
TRAFFIC MODEL BUILDER SUMMARY
======================================================================
Network:      US-101-N-DonaldDoyle
Segments:     7
Lanes:        4
Junctions:    8
Ramps:        2
Sensors:      5
Mode:         PeMS Data-Driven
Car-Following: Krause
ODE Solver:   Ballistic
Vmax:         35.0 m/s
======================================================================
Skipping Source actor due to time limit at clock = 43201.00125327633
Skipping Source actor due to time limit at clock = 43210.6788297557
-----------------------------
| Model.cleanup in progress |
-----------------------------
cleanup: agenda
cleanup: wait queues
coroutine counts = (3167121,3166909,3166802)
[ModelOptimizer] Fitness: 7.4968 | Elapsed: 967.66 sec
[ModelOptimizer] Evaluating parameters: VectorD(4.91091,	4.01955,	-1.97414,	3.04121,	0.854658)

======================================================================
TRAFFIC MODEL BUILDER SUMMARY
======================================================================
Network:      US-101-N-DonaldDoyle
Segments:     7
Lanes:        4
Junctions:    8
Ramps:        2
Sensors:      5
Mode:         PeMS Data-Driven
Car-Following: Krause
ODE Solver:   Ballistic
Vmax:         35.0 m/s
======================================================================
Skipping Source actor due to time limit at clock = 43201.00125327633
Skipping Source actor due to time limit at clock = 43210.6788297557
-----------------------------
| Model.cleanup in progress |
-----------------------------
cleanup: agenda
cleanup: wait queues
coroutine counts = (3226878,3226662,3226553)
[ModelOptimizer] Fitness: 4.4659 | Elapsed: 92.59 sec
[ModelOptimizer] Evaluating parameters: VectorD(4.17199,	3.28064,	-2.71305,	3.78013,	0.300000)

======================================================================
TRAFFIC MODEL BUILDER SUMMARY
======================================================================
Network:      US-101-N-DonaldDoyle
Segments:     7
Lanes:        4
Junctions:    8
Ramps:        2
Sensors:      5
Mode:         PeMS Data-Driven
Car-Following: Krause
ODE Solver:   Ballistic
Vmax:         35.0 m/s
======================================================================
Skipping Source actor due to time limit at clock = 43201.00125327633
Skipping Source actor due to time limit at clock = 43210.6788297557
-----------------------------
| Model.cleanup in progress |
-----------------------------
cleanup: agenda
cleanup: wait queues
coroutine counts = (3286635,3286415,3286304)
[ModelOptimizer] Fitness: 8.6518 | Elapsed: 1864.33 sec
[ModelOptimizer] Evaluating parameters: VectorD(5.64982,	4.75847,	-1.23522,	2.30229,	1.50000)

======================================================================
TRAFFIC MODEL BUILDER SUMMARY
======================================================================
Network:      US-101-N-DonaldDoyle
Segments:     7
Lanes:        4
Junctions:    8
Ramps:        2
Sensors:      5
Mode:         PeMS Data-Driven
Car-Following: Krause
ODE Solver:   Ballistic
Vmax:         35.0 m/s
======================================================================
Skipping Source actor due to time limit at clock = 43201.00125327633
Skipping Source actor due to time limit at clock = 43210.6788297557
-----------------------------
| Model.cleanup in progress |
-----------------------------
cleanup: agenda
cleanup: wait queues
coroutine counts = (3346392,3346168,3346055)
[ModelOptimizer] Fitness: 3.7562 | Elapsed: 69.73 sec
[ModelOptimizer] Evaluating parameters: VectorD(4.94060,	4.04924,	-1.94444,	3.01152,	0.884349)

======================================================================
TRAFFIC MODEL BUILDER SUMMARY
======================================================================
Network:      US-101-N-DonaldDoyle
Segments:     7
Lanes:        4
Junctions:    8
Ramps:        2
Sensors:      5
Mode:         PeMS Data-Driven
Car-Following: Krause
ODE Solver:   Ballistic
Vmax:         35.0 m/s
======================================================================
Skipping Source actor due to time limit at clock = 43201.00125327633
Skipping Source actor due to time limit at clock = 43210.6788297557
-----------------------------
| Model.cleanup in progress |
-----------------------------
cleanup: agenda
cleanup: wait queues
coroutine counts = (3406149,3405921,3405806)
[ModelOptimizer] Fitness: 4.4720 | Elapsed: 83.95 sec
[ModelOptimizer] Evaluating parameters: VectorD(5.67588,	3.31396,	-1.20916,	2.27623,	0.300000)

======================================================================
TRAFFIC MODEL BUILDER SUMMARY
======================================================================
Network:      US-101-N-DonaldDoyle
Segments:     7
Lanes:        4
Junctions:    8
Ramps:        2
Sensors:      5
Mode:         PeMS Data-Driven
Car-Following: Krause
ODE Solver:   Ballistic
Vmax:         35.0 m/s
======================================================================
Skipping Source actor due to time limit at clock = 43201.00125327633
Skipping Source actor due to time limit at clock = 43210.6788297557
-----------------------------
| Model.cleanup in progress |
-----------------------------
cleanup: agenda
cleanup: wait queues
coroutine counts = (3465906,3465674,3465557)
[ModelOptimizer] Fitness: 8.1905 | Elapsed: 1951.78 sec
[ModelOptimizer] Evaluating parameters: VectorD(4.20531,	4.78453,	-2.67973,	3.74680,	1.50000)

======================================================================
TRAFFIC MODEL BUILDER SUMMARY
======================================================================
Network:      US-101-N-DonaldDoyle
Segments:     7
Lanes:        4
Junctions:    8
Ramps:        2
Sensors:      5
Mode:         PeMS Data-Driven
Car-Following: Krause
ODE Solver:   Ballistic
Vmax:         35.0 m/s
======================================================================
Skipping Source actor due to time limit at clock = 43201.00125327633
Skipping Source actor due to time limit at clock = 43210.6788297557
-----------------------------
| Model.cleanup in progress |
-----------------------------
cleanup: agenda
cleanup: wait queues
coroutine counts = (3525663,3525427,3525308)
[ModelOptimizer] Fitness: 3.8107 | Elapsed: 65.14 sec
[ModelOptimizer] Evaluating parameters: VectorD(4.91404,	4.07581,	-1.97101,	3.03808,	0.910910)

======================================================================
TRAFFIC MODEL BUILDER SUMMARY
======================================================================
Network:      US-101-N-DonaldDoyle
Segments:     7
Lanes:        4
Junctions:    8
Ramps:        2
Sensors:      5
Mode:         PeMS Data-Driven
Car-Following: Krause
ODE Solver:   Ballistic
Vmax:         35.0 m/s
======================================================================
Skipping Source actor due to time limit at clock = 43201.00125327633
Skipping Source actor due to time limit at clock = 43210.6788297557
-----------------------------
| Model.cleanup in progress |
-----------------------------
cleanup: agenda
cleanup: wait queues
coroutine counts = (3585420,3585180,3585059)
[ModelOptimizer] Fitness: 4.2204 | Elapsed: 94.59 sec
      20 |      4.15917713 |      4.15917713 |      20.0% ✓
[ModelOptimizer] Evaluating parameters: VectorD(5.64587,	4.80764,	-2.70284,	2.30624,	1.50000)

======================================================================
TRAFFIC MODEL BUILDER SUMMARY
======================================================================
Network:      US-101-N-DonaldDoyle
Segments:     7
Lanes:        4
Junctions:    8
Ramps:        2
Sensors:      5
Mode:         PeMS Data-Driven
Car-Following: Krause
ODE Solver:   Ballistic
Vmax:         35.0 m/s
======================================================================
Skipping Source actor due to time limit at clock = 43201.00125327633
Skipping Source actor due to time limit at clock = 43210.6788297557
-----------------------------
| Model.cleanup in progress |
-----------------------------
cleanup: agenda
cleanup: wait queues
coroutine counts = (3645177,3644933,3644810)
[ModelOptimizer] Fitness: 3.8088 | Elapsed: 70.99 sec
[ModelOptimizer] Evaluating parameters: VectorD(4.18220,	3.34397,	-1.23917,	3.76992,	0.300000)

======================================================================
TRAFFIC MODEL BUILDER SUMMARY
======================================================================
Network:      US-101-N-DonaldDoyle
Segments:     7
Lanes:        4
Junctions:    8
Ramps:        2
Sensors:      5
Mode:         PeMS Data-Driven
Car-Following: Krause
ODE Solver:   Ballistic
Vmax:         35.0 m/s
======================================================================
Skipping Source actor due to time limit at clock = 43201.00125327633
Skipping Source actor due to time limit at clock = 43210.6788297557
-----------------------------
| Model.cleanup in progress |
-----------------------------
cleanup: agenda
cleanup: wait queues
coroutine counts = (3704934,3704686,3704561)
[ModelOptimizer] Fitness: 8.4524 | Elapsed: 2030.25 sec
[ModelOptimizer] Evaluating parameters: VectorD(4.94219,	4.10396,	-1.99916,	3.00993,	0.939064)

======================================================================
TRAFFIC MODEL BUILDER SUMMARY
======================================================================
Network:      US-101-N-DonaldDoyle
Segments:     7
Lanes:        4
Junctions:    8
Ramps:        2
Sensors:      5
Mode:         PeMS Data-Driven
Car-Following: Krause
ODE Solver:   Ballistic
Vmax:         35.0 m/s
======================================================================
Skipping Source actor due to time limit at clock = 43201.00125327633
Skipping Source actor due to time limit at clock = 43210.6788297557
-----------------------------
| Model.cleanup in progress |
-----------------------------
cleanup: agenda
cleanup: wait queues
coroutine counts = (3764691,3764439,3764312)
[ModelOptimizer] Fitness: 5.2980 | Elapsed: 193.21 sec
[ModelOptimizer] Evaluating parameters: VectorD(4.21363,	3.37540,	-2.72772,	3.73849,	0.300000)

======================================================================
TRAFFIC MODEL BUILDER SUMMARY
======================================================================
Network:      US-101-N-DonaldDoyle
Segments:     7
Lanes:        4
Junctions:    8
Ramps:        2
Sensors:      5
Mode:         PeMS Data-Driven
Car-Following: Krause
ODE Solver:   Ballistic
Vmax:         35.0 m/s
======================================================================
Skipping Source actor due to time limit at clock = 43201.00125327633
Skipping Source actor due to time limit at clock = 43210.6788297557
-----------------------------
| Model.cleanup in progress |
-----------------------------
cleanup: agenda
cleanup: wait queues
coroutine counts = (3824448,3824192,3824063)
[ModelOptimizer] Fitness: 8.6735 | Elapsed: 2004.95 sec
[ModelOptimizer] Evaluating parameters: VectorD(5.67075,	4.83252,	-1.27060,	2.28137,	1.50000)

======================================================================
TRAFFIC MODEL BUILDER SUMMARY
======================================================================
Network:      US-101-N-DonaldDoyle
Segments:     7
Lanes:        4
Junctions:    8
Ramps:        2
Sensors:      5
Mode:         PeMS Data-Driven
Car-Following: Krause
ODE Solver:   Ballistic
Vmax:         35.0 m/s
======================================================================
Skipping Source actor due to time limit at clock = 43201.00125327633
Skipping Source actor due to time limit at clock = 43210.6788297557
-----------------------------
| Model.cleanup in progress |
-----------------------------
cleanup: agenda
cleanup: wait queues
coroutine counts = (3884205,3883945,3883814)
[ModelOptimizer] Fitness: 3.6623 | Elapsed: 67.21 sec
[ModelOptimizer] Evaluating parameters: VectorD(4.97256,	4.13433,	-1.96879,	2.97956,	0.969434)

======================================================================
TRAFFIC MODEL BUILDER SUMMARY
======================================================================
Network:      US-101-N-DonaldDoyle
Segments:     7
Lanes:        4
Junctions:    8
Ramps:        2
Sensors:      5
Mode:         PeMS Data-Driven
Car-Following: Krause
ODE Solver:   Ballistic
Vmax:         35.0 m/s
======================================================================
Skipping Source actor due to time limit at clock = 43201.00125327633
Skipping Source actor due to time limit at clock = 43210.6788297557
-----------------------------
| Model.cleanup in progress |
-----------------------------
cleanup: agenda
cleanup: wait queues
coroutine counts = (3943962,3943698,3943565)
[ModelOptimizer] Fitness: 5.2629 | Elapsed: 243.77 sec
[ModelOptimizer] Evaluating parameters: VectorD(4.24712,	3.40889,	-2.69423,	3.70499,	1.50000)

======================================================================
TRAFFIC MODEL BUILDER SUMMARY
======================================================================
Network:      US-101-N-DonaldDoyle
Segments:     7
Lanes:        4
Junctions:    8
Ramps:        2
Sensors:      5
Mode:         PeMS Data-Driven
Car-Following: Krause
ODE Solver:   Ballistic
Vmax:         35.0 m/s
======================================================================
Skipping Source actor due to time limit at clock = 43201.00125327633
Skipping Source actor due to time limit at clock = 43210.6788297557
-----------------------------
| Model.cleanup in progress |
-----------------------------
cleanup: agenda
cleanup: wait queues
coroutine counts = (4003719,4003451,4003316)
[ModelOptimizer] Fitness: 3.9380 | Elapsed: 67.28 sec
[ModelOptimizer] Evaluating parameters: VectorD(5.69799,	4.85976,	-1.24336,	2.25412,	0.300000)

======================================================================
TRAFFIC MODEL BUILDER SUMMARY
======================================================================
Network:      US-101-N-DonaldDoyle
Segments:     7
Lanes:        4
Junctions:    8
Ramps:        2
Sensors:      5
Mode:         PeMS Data-Driven
Car-Following: Krause
ODE Solver:   Ballistic
Vmax:         35.0 m/s
======================================================================
Skipping Source actor due to time limit at clock = 43201.00125327633
Skipping Source actor due to time limit at clock = 43210.6788297557
-----------------------------
| Model.cleanup in progress |
-----------------------------
cleanup: agenda
cleanup: wait queues
coroutine counts = (4063476,4063204,4063067)
[ModelOptimizer] Fitness: 6.5846 | Elapsed: 721.71 sec
[ModelOptimizer] Evaluating parameters: VectorD(4.95653,	4.11830,	-1.98482,	2.99559,	0.985464)

======================================================================
TRAFFIC MODEL BUILDER SUMMARY
======================================================================
Network:      US-101-N-DonaldDoyle
Segments:     7
Lanes:        4
Junctions:    8
Ramps:        2
Sensors:      5
Mode:         PeMS Data-Driven
Car-Following: Krause
ODE Solver:   Ballistic
Vmax:         35.0 m/s
======================================================================
Skipping Source actor due to time limit at clock = 43201.00125327633
Skipping Source actor due to time limit at clock = 43210.6788297557
-----------------------------
| Model.cleanup in progress |
-----------------------------
cleanup: agenda
cleanup: wait queues
coroutine counts = (4123233,4122957,4122818)
[ModelOptimizer] Fitness: 5.5003 | Elapsed: 379.99 sec
[ModelOptimizer] Evaluating parameters: VectorD(4.23408,	4.84075,	-2.70727,	3.71804,	0.300000)

======================================================================
TRAFFIC MODEL BUILDER SUMMARY
======================================================================
Network:      US-101-N-DonaldDoyle
Segments:     7
Lanes:        4
Junctions:    8
Ramps:        2
Sensors:      5
Mode:         PeMS Data-Driven
Car-Following: Krause
ODE Solver:   Ballistic
Vmax:         35.0 m/s
======================================================================
Skipping Source actor due to time limit at clock = 43201.00125327633
Skipping Source actor due to time limit at clock = 43210.6788297557
-----------------------------
| Model.cleanup in progress |
-----------------------------
cleanup: agenda
cleanup: wait queues
coroutine counts = (4182990,4182710,4182569)
[ModelOptimizer] Fitness: 7.7562 | Elapsed: 1489.90 sec
[ModelOptimizer] Evaluating parameters: VectorD(5.67898,	3.39585,	-1.26237,	2.27314,	1.50000)

======================================================================
TRAFFIC MODEL BUILDER SUMMARY
======================================================================
Network:      US-101-N-DonaldDoyle
Segments:     7
Lanes:        4
Junctions:    8
Ramps:        2
Sensors:      5
Mode:         PeMS Data-Driven
Car-Following: Krause
ODE Solver:   Ballistic
Vmax:         35.0 m/s
======================================================================
Skipping Source actor due to time limit at clock = 43201.00125327633
Skipping Source actor due to time limit at clock = 43210.6788297557
-----------------------------
| Model.cleanup in progress |
-----------------------------
cleanup: agenda
cleanup: wait queues
coroutine counts = (4242747,4242463,4242320)
[ModelOptimizer] Fitness: 3.9744 | Elapsed: 67.22 sec
[ModelOptimizer] Evaluating parameters: VectorD(4.97942,	4.09541,	-1.96193,	2.97270,	1.00835)

======================================================================
TRAFFIC MODEL BUILDER SUMMARY
======================================================================
Network:      US-101-N-DonaldDoyle
Segments:     7
Lanes:        4
Junctions:    8
Ramps:        2
Sensors:      5
Mode:         PeMS Data-Driven
Car-Following: Krause
ODE Solver:   Ballistic
Vmax:         35.0 m/s
======================================================================
Skipping Source actor due to time limit at clock = 43201.00125327633
Skipping Source actor due to time limit at clock = 43210.6788297557
-----------------------------
| Model.cleanup in progress |
-----------------------------
cleanup: agenda
cleanup: wait queues
coroutine counts = (4302504,4302216,4302071)
[ModelOptimizer] Fitness: 5.2456 | Elapsed: 351.04 sec
[ModelOptimizer] Evaluating parameters: VectorD(4.25983,	4.81500,	-1.24234,	3.69229,	1.50000)

======================================================================
TRAFFIC MODEL BUILDER SUMMARY
======================================================================
Network:      US-101-N-DonaldDoyle
Segments:     7
Lanes:        4
Junctions:    8
Ramps:        2
Sensors:      5
Mode:         PeMS Data-Driven
Car-Following: Krause
ODE Solver:   Ballistic
Vmax:         35.0 m/s
======================================================================
Skipping Source actor due to time limit at clock = 43201.00125327633
Skipping Source actor due to time limit at clock = 43210.6788297557
-----------------------------
| Model.cleanup in progress |
-----------------------------
cleanup: agenda
cleanup: wait queues
coroutine counts = (4362261,4361969,4361822)
[ModelOptimizer] Fitness: 3.5885 | Elapsed: 65.32 sec
[ModelOptimizer] Evaluating parameters: VectorD(5.69901,	3.37581,	-2.68152,	2.25310,	0.300000)

======================================================================
TRAFFIC MODEL BUILDER SUMMARY
======================================================================
Network:      US-101-N-DonaldDoyle
Segments:     7
Lanes:        4
Junctions:    8
Ramps:        2
Sensors:      5
Mode:         PeMS Data-Driven
Car-Following: Krause
ODE Solver:   Ballistic
Vmax:         35.0 m/s
======================================================================
Skipping Source actor due to time limit at clock = 43201.00125327633
Skipping Source actor due to time limit at clock = 43210.6788297557
-----------------------------
| Model.cleanup in progress |
-----------------------------
cleanup: agenda
cleanup: wait queues
coroutine counts = (4422018,4421722,4421573)
[ModelOptimizer] Fitness: 8.0314 | Elapsed: 1938.17 sec
[ModelOptimizer] Evaluating parameters: VectorD(4.95255,	4.12228,	-1.93506,	2.99956,	1.03522)

======================================================================
TRAFFIC MODEL BUILDER SUMMARY
======================================================================
Network:      US-101-N-DonaldDoyle
Segments:     7
Lanes:        4
Junctions:    8
Ramps:        2
Sensors:      5
Mode:         PeMS Data-Driven
Car-Following: Krause
ODE Solver:   Ballistic
Vmax:         35.0 m/s
======================================================================
Skipping Source actor due to time limit at clock = 43201.00125327633
Skipping Source actor due to time limit at clock = 43210.6788297557
-----------------------------
| Model.cleanup in progress |
-----------------------------
cleanup: agenda
cleanup: wait queues
coroutine counts = (4481775,4481475,4481324)
[ModelOptimizer] Fitness: 5.2097 | Elapsed: 323.09 sec
      25 |      4.15917713 |      4.15917713 |      25.0% ✓
[ModelOptimizer] Evaluating parameters: VectorD(4.23569,	3.40542,	-2.65192,	2.28271,	0.318366)

======================================================================
TRAFFIC MODEL BUILDER SUMMARY
======================================================================
Network:      US-101-N-DonaldDoyle
Segments:     7
Lanes:        4
Junctions:    8
Ramps:        2
Sensors:      5
Mode:         PeMS Data-Driven
Car-Following: Krause
ODE Solver:   Ballistic
Vmax:         35.0 m/s
======================================================================
Skipping Source actor due to time limit at clock = 43201.00125327633
Skipping Source actor due to time limit at clock = 43210.6788297557
-----------------------------
| Model.cleanup in progress |
-----------------------------
cleanup: agenda
cleanup: wait queues
coroutine counts = (4541532,4541228,4541075)
[ModelOptimizer] Fitness: 9.0069 | Elapsed: 2066.81 sec
[ModelOptimizer] Evaluating parameters: VectorD(5.66941,	4.83913,	-1.21821,	3.71642,	1.50000)

======================================================================
TRAFFIC MODEL BUILDER SUMMARY
======================================================================
Network:      US-101-N-DonaldDoyle
Segments:     7
Lanes:        4
Junctions:    8
Ramps:        2
Sensors:      5
Mode:         PeMS Data-Driven
Car-Following: Krause
ODE Solver:   Ballistic
Vmax:         35.0 m/s
======================================================================
Skipping Source actor due to time limit at clock = 43201.00125327633
Skipping Source actor due to time limit at clock = 43210.6788297557
-----------------------------
| Model.cleanup in progress |
-----------------------------
cleanup: agenda
cleanup: wait queues
coroutine counts = (4601289,4600981,4600826)
[ModelOptimizer] Fitness: 3.9429 | Elapsed: 76.44 sec
[ModelOptimizer] Evaluating parameters: VectorD(4.98315,	4.15287,	-1.90447,	3.03016,	1.06582)

======================================================================
TRAFFIC MODEL BUILDER SUMMARY
======================================================================
Network:      US-101-N-DonaldDoyle
Segments:     7
Lanes:        4
Junctions:    8
Ramps:        2
Sensors:      5
Mode:         PeMS Data-Driven
Car-Following: Krause
ODE Solver:   Ballistic
Vmax:         35.0 m/s
======================================================================
Skipping Source actor due to time limit at clock = 43201.00125327633
Skipping Source actor due to time limit at clock = 43210.6788297557
-----------------------------
| Model.cleanup in progress |
-----------------------------
cleanup: agenda
cleanup: wait queues
coroutine counts = (4661046,4660734,4660577)
[ModelOptimizer] Fitness: 5.5060 | Elapsed: 330.78 sec
[ModelOptimizer] Evaluating parameters: VectorD(5.69738,	3.43865,	-2.61869,	2.31593,	0.351590)

======================================================================
TRAFFIC MODEL BUILDER SUMMARY
======================================================================
Network:      US-101-N-DonaldDoyle
Segments:     7
Lanes:        4
Junctions:    8
Ramps:        2
Sensors:      5
Mode:         PeMS Data-Driven
Car-Following: Krause
ODE Solver:   Ballistic
Vmax:         35.0 m/s
======================================================================
Skipping Source actor due to time limit at clock = 43201.00125327633
Skipping Source actor due to time limit at clock = 43210.6788297557
-----------------------------
| Model.cleanup in progress |
-----------------------------
cleanup: agenda
cleanup: wait queues
coroutine counts = (4720803,4720487,4720328)
[ModelOptimizer] Fitness: 7.5591 | Elapsed: 1366.31 sec
[ModelOptimizer] Evaluating parameters: VectorD(4.26892,	4.86710,	-1.19024,	3.74439,	1.50000)

======================================================================
TRAFFIC MODEL BUILDER SUMMARY
======================================================================
Network:      US-101-N-DonaldDoyle
Segments:     7
Lanes:        4
Junctions:    8
Ramps:        2
Sensors:      5
Mode:         PeMS Data-Driven
Car-Following: Krause
ODE Solver:   Ballistic
Vmax:         35.0 m/s
======================================================================
Skipping Source actor due to time limit at clock = 43201.00125327633
Skipping Source actor due to time limit at clock = 43210.6788297557
-----------------------------
| Model.cleanup in progress |
-----------------------------
cleanup: agenda
cleanup: wait queues
coroutine counts = (4780560,4780240,4780079)
[ModelOptimizer] Fitness: 3.5360 | Elapsed: 61.41 sec
[ModelOptimizer] Evaluating parameters: VectorD(4.95887,	4.17716,	-1.88018,	3.05444,	1.09010)

======================================================================
TRAFFIC MODEL BUILDER SUMMARY
======================================================================
Network:      US-101-N-DonaldDoyle
Segments:     7
Lanes:        4
Junctions:    8
Ramps:        2
Sensors:      5
Mode:         PeMS Data-Driven
Car-Following: Krause
ODE Solver:   Ballistic
Vmax:         35.0 m/s
======================================================================
Skipping Source actor due to time limit at clock = 43201.00125327633
Skipping Source actor due to time limit at clock = 43210.6788297557
-----------------------------
| Model.cleanup in progress |
-----------------------------
cleanup: agenda
cleanup: wait queues
coroutine counts = (4840317,4839993,4839830)
[ModelOptimizer] Fitness: 5.7937 | Elapsed: 95.87 sec
[ModelOptimizer] Evaluating parameters: VectorD(4.24716,	4.88886,	-2.59189,	2.34274,	0.378399)

======================================================================
TRAFFIC MODEL BUILDER SUMMARY
======================================================================
Network:      US-101-N-DonaldDoyle
Segments:     7
Lanes:        4
Junctions:    8
Ramps:        2
Sensors:      5
Mode:         PeMS Data-Driven
Car-Following: Krause
ODE Solver:   Ballistic
Vmax:         35.0 m/s
======================================================================
Skipping Source actor due to time limit at clock = 43201.00125327633
Skipping Source actor due to time limit at clock = 43210.6788297557
-----------------------------
| Model.cleanup in progress |
-----------------------------
cleanup: agenda
cleanup: wait queues
coroutine counts = (4900074,4899746,4899581)
[ModelOptimizer] Fitness: 6.9061 | Elapsed: 732.73 sec
[ModelOptimizer] Evaluating parameters: VectorD(5.67057,	3.46545,	-1.16848,	3.76614,	1.50000)

======================================================================
TRAFFIC MODEL BUILDER SUMMARY
======================================================================
Network:      US-101-N-DonaldDoyle
Segments:     7
Lanes:        4
Junctions:    8
Ramps:        2
Sensors:      5
Mode:         PeMS Data-Driven
Car-Following: Krause
ODE Solver:   Ballistic
Vmax:         35.0 m/s
======================================================================
Skipping Source actor due to time limit at clock = 43201.00125327633
Skipping Source actor due to time limit at clock = 43210.6788297557
-----------------------------
| Model.cleanup in progress |
-----------------------------
cleanup: agenda
cleanup: wait queues
coroutine counts = (4959831,4959499,4959332)
[ModelOptimizer] Fitness: 4.9187 | Elapsed: 234.69 sec
[ModelOptimizer] Evaluating parameters: VectorD(4.97085,	4.16517,	-1.86820,	3.06642,	1.10208)

======================================================================
TRAFFIC MODEL BUILDER SUMMARY
======================================================================
Network:      US-101-N-DonaldDoyle
Segments:     7
Lanes:        4
Junctions:    8
Ramps:        2
Sensors:      5
Mode:         PeMS Data-Driven
Car-Following: Krause
ODE Solver:   Ballistic
Vmax:         35.0 m/s
======================================================================
Skipping Source actor due to time limit at clock = 43201.00125327633
Skipping Source actor due to time limit at clock = 43210.6788297557
-----------------------------
| Model.cleanup in progress |
-----------------------------
cleanup: agenda
cleanup: wait queues
coroutine counts = (5019588,5019252,5019083)
[ModelOptimizer] Fitness: 5.5151 | Elapsed: 89.60 sec
[ModelOptimizer] Evaluating parameters: VectorD(5.68012,	4.87444,	-1.15893,	2.35715,	0.392812)

======================================================================
TRAFFIC MODEL BUILDER SUMMARY
======================================================================
Network:      US-101-N-DonaldDoyle
Segments:     7
Lanes:        4
Junctions:    8
Ramps:        2
Sensors:      5
Mode:         PeMS Data-Driven
Car-Following: Krause
ODE Solver:   Ballistic
Vmax:         35.0 m/s
======================================================================
Skipping Source actor due to time limit at clock = 43201.00125327633
Skipping Source actor due to time limit at clock = 43210.6788297557
-----------------------------
| Model.cleanup in progress |
-----------------------------
cleanup: agenda
cleanup: wait queues
coroutine counts = (5079345,5079005,5078834)
[ModelOptimizer] Fitness: 6.0205 | Elapsed: 559.29 sec
[ModelOptimizer] Evaluating parameters: VectorD(4.26158,	3.45591,	-2.57747,	3.77569,	1.50000)

======================================================================
TRAFFIC MODEL BUILDER SUMMARY
======================================================================
Network:      US-101-N-DonaldDoyle
Segments:     7
Lanes:        4
Junctions:    8
Ramps:        2
Sensors:      5
Mode:         PeMS Data-Driven
Car-Following: Krause
ODE Solver:   Ballistic
Vmax:         35.0 m/s
======================================================================
Skipping Source actor due to time limit at clock = 43201.00125327633
Skipping Source actor due to time limit at clock = 43210.6788297557
-----------------------------
| Model.cleanup in progress |
-----------------------------
cleanup: agenda
cleanup: wait queues
coroutine counts = (5139102,5138758,5138585)
[ModelOptimizer] Fitness: 3.9240 | Elapsed: 50.74 sec
[ModelOptimizer] Evaluating parameters: VectorD(4.95822,	4.15255,	-1.88083,	3.07905,	1.11470)

======================================================================
TRAFFIC MODEL BUILDER SUMMARY
======================================================================
Network:      US-101-N-DonaldDoyle
Segments:     7
Lanes:        4
Junctions:    8
Ramps:        2
Sensors:      5
Mode:         PeMS Data-Driven
Car-Following: Krause
ODE Solver:   Ballistic
Vmax:         35.0 m/s
======================================================================
Skipping Source actor due to time limit at clock = 43201.00125327633
Skipping Source actor due to time limit at clock = 43210.6788297557
-----------------------------
| Model.cleanup in progress |
-----------------------------
cleanup: agenda
cleanup: wait queues
coroutine counts = (5198859,5198511,5198336)
[ModelOptimizer] Fitness: 4.8232 | Elapsed: 65.20 sec
[ModelOptimizer] Evaluating parameters: VectorD(5.66515,	3.44563,	-2.58775,	2.37212,	0.407781)

======================================================================
TRAFFIC MODEL BUILDER SUMMARY
======================================================================
Network:      US-101-N-DonaldDoyle
Segments:     7
Lanes:        4
Junctions:    8
Ramps:        2
Sensors:      5
Mode:         PeMS Data-Driven
Car-Following: Krause
ODE Solver:   Ballistic
Vmax:         35.0 m/s
======================================================================
Skipping Source actor due to time limit at clock = 43201.00125327633
Skipping Source actor due to time limit at clock = 43210.6788297557
-----------------------------
| Model.cleanup in progress |
-----------------------------
cleanup: agenda
cleanup: wait queues
coroutine counts = (5258616,5258264,5258087)
[ModelOptimizer] Fitness: 6.8986 | Elapsed: 621.30 sec
[ModelOptimizer] Evaluating parameters: VectorD(4.25130,	4.85947,	-1.17390,	3.78597,	1.50000)

======================================================================
TRAFFIC MODEL BUILDER SUMMARY
======================================================================
Network:      US-101-N-DonaldDoyle
Segments:     7
Lanes:        4
Junctions:    8
Ramps:        2
Sensors:      5
Mode:         PeMS Data-Driven
Car-Following: Krause
ODE Solver:   Ballistic
Vmax:         35.0 m/s
======================================================================
Skipping Source actor due to time limit at clock = 43201.00125327633
Skipping Source actor due to time limit at clock = 43210.6788297557
-----------------------------
| Model.cleanup in progress |
-----------------------------
cleanup: agenda
cleanup: wait queues
coroutine counts = (5318373,5318017,5317838)
[ModelOptimizer] Fitness: 3.5460 | Elapsed: 52.13 sec
[ModelOptimizer] Evaluating parameters: VectorD(4.93806,	4.17271,	-1.86067,	3.09921,	1.13486)

======================================================================
TRAFFIC MODEL BUILDER SUMMARY
======================================================================
Network:      US-101-N-DonaldDoyle
Segments:     7
Lanes:        4
Junctions:    8
Ramps:        2
Sensors:      5
Mode:         PeMS Data-Driven
Car-Following: Krause
ODE Solver:   Ballistic
Vmax:         35.0 m/s
======================================================================
Skipping Source actor due to time limit at clock = 43201.00125327633
Skipping Source actor due to time limit at clock = 43210.6788297557
-----------------------------
| Model.cleanup in progress |
-----------------------------
cleanup: agenda
cleanup: wait queues
coroutine counts = (5378130,5377770,5377589)
[ModelOptimizer] Fitness: 5.1998 | Elapsed: 110.31 sec
      30 |      4.15917713 |      4.15917713 |      30.0% ✓
[ModelOptimizer] Evaluating parameters: VectorD(4.23340,	3.46805,	-2.56533,	3.80387,	1.50000)

======================================================================
TRAFFIC MODEL BUILDER SUMMARY
======================================================================
Network:      US-101-N-DonaldDoyle
Segments:     7
Lanes:        4
Junctions:    8
Ramps:        2
Sensors:      5
Mode:         PeMS Data-Driven
Car-Following: Krause
ODE Solver:   Ballistic
Vmax:         35.0 m/s
======================================================================
Skipping Source actor due to time limit at clock = 43201.00125327633
Skipping Source actor due to time limit at clock = 43210.6788297557
-----------------------------
| Model.cleanup in progress |
-----------------------------
cleanup: agenda
cleanup: wait queues
coroutine counts = (5437887,5437523,5437340)
[ModelOptimizer] Fitness: 3.9220 | Elapsed: 49.81 sec
[ModelOptimizer] Evaluating parameters: VectorD(5.64272,	4.87737,	-1.15601,	2.39455,	0.430204)

======================================================================
TRAFFIC MODEL BUILDER SUMMARY
======================================================================
Network:      US-101-N-DonaldDoyle
Segments:     7
Lanes:        4
Junctions:    8
Ramps:        2
Sensors:      5
Mode:         PeMS Data-Driven
Car-Following: Krause
ODE Solver:   Ballistic
Vmax:         35.0 m/s
======================================================================
Skipping Source actor due to time limit at clock = 43201.00125327633
Skipping Source actor due to time limit at clock = 43210.6788297557
-----------------------------
| Model.cleanup in progress |
-----------------------------
cleanup: agenda
cleanup: wait queues
coroutine counts = (5497644,5497276,5497091)
[ModelOptimizer] Fitness: 5.6745 | Elapsed: 372.16 sec
[ModelOptimizer] Evaluating parameters: VectorD(4.92754,	4.16219,	-1.87119,	3.10973,	1.14539)

======================================================================
TRAFFIC MODEL BUILDER SUMMARY
======================================================================
Network:      US-101-N-DonaldDoyle
Segments:     7
Lanes:        4
Junctions:    8
Ramps:        2
Sensors:      5
Mode:         PeMS Data-Driven
Car-Following: Krause
ODE Solver:   Ballistic
Vmax:         35.0 m/s
======================================================================
Skipping Source actor due to time limit at clock = 43201.00125327633
Skipping Source actor due to time limit at clock = 43210.6788297557
-----------------------------
| Model.cleanup in progress |
-----------------------------
cleanup: agenda
cleanup: wait queues
coroutine counts = (5557401,5557029,5556842)
[ModelOptimizer] Fitness: 5.3789 | Elapsed: 122.96 sec
[ModelOptimizer] Evaluating parameters: VectorD(5.63001,	3.45971,	-1.16872,	2.40726,	0.442915)

======================================================================
TRAFFIC MODEL BUILDER SUMMARY
======================================================================
Network:      US-101-N-DonaldDoyle
Segments:     7
Lanes:        4
Junctions:    8
Ramps:        2
Sensors:      5
Mode:         PeMS Data-Driven
Car-Following: Krause
ODE Solver:   Ballistic
Vmax:         35.0 m/s
======================================================================
Skipping Source actor due to time limit at clock = 43201.00125327633
Skipping Source actor due to time limit at clock = 43210.6788297557
-----------------------------
| Model.cleanup in progress |
-----------------------------
cleanup: agenda
cleanup: wait queues
coroutine counts = (5617158,5616782,5616593)
[ModelOptimizer] Fitness: 6.9255 | Elapsed: 675.43 sec
[ModelOptimizer] Evaluating parameters: VectorD(4.22507,	4.86466,	-2.57366,	3.81220,	1.50000)

======================================================================
TRAFFIC MODEL BUILDER SUMMARY
======================================================================
Network:      US-101-N-DonaldDoyle
Segments:     7
Lanes:        4
Junctions:    8
Ramps:        2
Sensors:      5
Mode:         PeMS Data-Driven
Car-Following: Krause
ODE Solver:   Ballistic
Vmax:         35.0 m/s
======================================================================
Skipping Source actor due to time limit at clock = 43201.00125327633
Skipping Source actor due to time limit at clock = 43210.6788297557
-----------------------------
| Model.cleanup in progress |
-----------------------------
cleanup: agenda
cleanup: wait queues
coroutine counts = (5676915,5676535,5676344)
[ModelOptimizer] Fitness: 3.8111 | Elapsed: 55.82 sec
[ModelOptimizer] Evaluating parameters: VectorD(4.90886,	4.18086,	-1.88987,	3.12841,	1.16406)

======================================================================
TRAFFIC MODEL BUILDER SUMMARY
======================================================================
Network:      US-101-N-DonaldDoyle
Segments:     7
Lanes:        4
Junctions:    8
Ramps:        2
Sensors:      5
Mode:         PeMS Data-Driven
Car-Following: Krause
ODE Solver:   Ballistic
Vmax:         35.0 m/s
======================================================================
Skipping Source actor due to time limit at clock = 43201.00125327633
Skipping Source actor due to time limit at clock = 43210.6788297557
-----------------------------
| Model.cleanup in progress |
-----------------------------
cleanup: agenda
cleanup: wait queues
coroutine counts = (5736672,5736288,5736095)
[ModelOptimizer] Fitness: 5.0396 | Elapsed: 70.42 sec
[ModelOptimizer] Evaluating parameters: VectorD(4.20850,	4.88122,	-2.59023,	2.42805,	1.50000)

======================================================================
TRAFFIC MODEL BUILDER SUMMARY
======================================================================
Network:      US-101-N-DonaldDoyle
Segments:     7
Lanes:        4
Junctions:    8
Ramps:        2
Sensors:      5
Mode:         PeMS Data-Driven
Car-Following: Krause
ODE Solver:   Ballistic
Vmax:         35.0 m/s
======================================================================
Skipping Source actor due to time limit at clock = 43201.00125327633
Skipping Source actor due to time limit at clock = 43210.6788297557
-----------------------------
| Model.cleanup in progress |
-----------------------------
cleanup: agenda
cleanup: wait queues
coroutine counts = (5796429,5796041,5795846)
[ModelOptimizer] Fitness: 3.8129 | Elapsed: 57.42 sec
[ModelOptimizer] Evaluating parameters: VectorD(5.60922,	3.48050,	-1.18951,	3.82877,	0.463705)

======================================================================
TRAFFIC MODEL BUILDER SUMMARY
======================================================================
Network:      US-101-N-DonaldDoyle
Segments:     7
Lanes:        4
Junctions:    8
Ramps:        2
Sensors:      5
Mode:         PeMS Data-Driven
Car-Following: Krause
ODE Solver:   Ballistic
Vmax:         35.0 m/s
======================================================================
Skipping Source actor due to time limit at clock = 43201.00125327633
Skipping Source actor due to time limit at clock = 43210.6788297557
-----------------------------
| Model.cleanup in progress |
-----------------------------
cleanup: agenda
cleanup: wait queues
coroutine counts = (5856186,5855794,5855597)
[ModelOptimizer] Fitness: 6.9311 | Elapsed: 953.46 sec
[ModelOptimizer] Evaluating parameters: VectorD(4.89019,	4.19953,	-1.90854,	3.10974,	1.18274)

======================================================================
TRAFFIC MODEL BUILDER SUMMARY
======================================================================
Network:      US-101-N-DonaldDoyle
Segments:     7
Lanes:        4
Junctions:    8
Ramps:        2
Sensors:      5
Mode:         PeMS Data-Driven
Car-Following: Krause
ODE Solver:   Ballistic
Vmax:         35.0 m/s
======================================================================
Skipping Source actor due to time limit at clock = 43201.00125327633
Skipping Source actor due to time limit at clock = 43210.6788297557
-----------------------------
| Model.cleanup in progress |
-----------------------------
cleanup: agenda
cleanup: wait queues
coroutine counts = (5915943,5915547,5915348)
[ModelOptimizer] Fitness: 4.7602 | Elapsed: 67.26 sec
[ModelOptimizer] Evaluating parameters: VectorD(5.58850,	3.50122,	-1.21023,	3.80805,	1.50000)

======================================================================
TRAFFIC MODEL BUILDER SUMMARY
======================================================================
Network:      US-101-N-DonaldDoyle
Segments:     7
Lanes:        4
Junctions:    8
Ramps:        2
Sensors:      5
Mode:         PeMS Data-Driven
Car-Following: Krause
ODE Solver:   Ballistic
Vmax:         35.0 m/s
======================================================================
Skipping Source actor due to time limit at clock = 43201.00125327633
Skipping Source actor due to time limit at clock = 43210.6788297557
-----------------------------
| Model.cleanup in progress |
-----------------------------
cleanup: agenda
cleanup: wait queues
coroutine counts = (5975700,5975300,5975099)
[ModelOptimizer] Fitness: 4.3423 | Elapsed: 74.83 sec
[ModelOptimizer] Evaluating parameters: VectorD(4.19188,	4.89784,	-2.60685,	2.41142,	0.484424)

======================================================================
TRAFFIC MODEL BUILDER SUMMARY
======================================================================
Network:      US-101-N-DonaldDoyle
Segments:     7
Lanes:        4
Junctions:    8
Ramps:        2
Sensors:      5
Mode:         PeMS Data-Driven
Car-Following: Krause
ODE Solver:   Ballistic
Vmax:         35.0 m/s
======================================================================
Skipping Source actor due to time limit at clock = 43201.00125327633
Skipping Source actor due to time limit at clock = 43210.6788297557
-----------------------------
| Model.cleanup in progress |
-----------------------------
cleanup: agenda
cleanup: wait queues
coroutine counts = (6035457,6035053,6034850)
[ModelOptimizer] Fitness: 6.7460 | Elapsed: 251.38 sec
[ModelOptimizer] Evaluating parameters: VectorD(4.90456,	4.18516,	-1.89417,	3.12411,	1.19711)

======================================================================
TRAFFIC MODEL BUILDER SUMMARY
======================================================================
Network:      US-101-N-DonaldDoyle
Segments:     7
Lanes:        4
Junctions:    8
Ramps:        2
Sensors:      5
Mode:         PeMS Data-Driven
Car-Following: Krause
ODE Solver:   Ballistic
Vmax:         35.0 m/s
======================================================================
Skipping Source actor due to time limit at clock = 43201.00125327633
Skipping Source actor due to time limit at clock = 43210.6788297557
-----------------------------
| Model.cleanup in progress |
-----------------------------
cleanup: agenda
cleanup: wait queues
coroutine counts = (6095214,6094806,6094601)
[ModelOptimizer] Fitness: 4.6980 | Elapsed: 68.03 sec
[ModelOptimizer] Evaluating parameters: VectorD(5.60089,	3.48884,	-1.19784,	3.82043,	0.500778)

======================================================================
TRAFFIC MODEL BUILDER SUMMARY
======================================================================
Network:      US-101-N-DonaldDoyle
Segments:     7
Lanes:        4
Junctions:    8
Ramps:        2
Sensors:      5
Mode:         PeMS Data-Driven
Car-Following: Krause
ODE Solver:   Ballistic
Vmax:         35.0 m/s
======================================================================
Skipping Source actor due to time limit at clock = 43201.00125327633
Skipping Source actor due to time limit at clock = 43210.6788297557
-----------------------------
| Model.cleanup in progress |
-----------------------------
cleanup: agenda
cleanup: wait queues
coroutine counts = (6154971,6154559,6154352)
[ModelOptimizer] Fitness: 6.4983 | Elapsed: 706.06 sec
[ModelOptimizer] Evaluating parameters: VectorD(4.20824,	4.88149,	-2.59049,	2.42778,	1.50000)

======================================================================
TRAFFIC MODEL BUILDER SUMMARY
======================================================================
Network:      US-101-N-DonaldDoyle
Segments:     7
Lanes:        4
Junctions:    8
Ramps:        2
Sensors:      5
Mode:         PeMS Data-Driven
Car-Following: Krause
ODE Solver:   Ballistic
Vmax:         35.0 m/s
======================================================================
Skipping Source actor due to time limit at clock = 43201.00125327633
Skipping Source actor due to time limit at clock = 43210.6788297557
-----------------------------
| Model.cleanup in progress |
-----------------------------
cleanup: agenda
cleanup: wait queues
coroutine counts = (6214728,6214312,6214103)
[ModelOptimizer] Fitness: 3.8010 | Elapsed: 57.40 sec
[ModelOptimizer] Evaluating parameters: VectorD(4.88846,	4.20126,	-1.91027,	3.10801,	1.21320)

======================================================================
TRAFFIC MODEL BUILDER SUMMARY
======================================================================
Network:      US-101-N-DonaldDoyle
Segments:     7
Lanes:        4
Junctions:    8
Ramps:        2
Sensors:      5
Mode:         PeMS Data-Driven
Car-Following: Krause
ODE Solver:   Ballistic
Vmax:         35.0 m/s
======================================================================
Skipping Source actor due to time limit at clock = 43201.00125327633
Skipping Source actor due to time limit at clock = 43210.6788297557
-----------------------------
| Model.cleanup in progress |
-----------------------------
cleanup: agenda
cleanup: wait queues
coroutine counts = (6274485,6274065,6273854)
[ModelOptimizer] Fitness: 4.4825 | Elapsed: 64.28 sec
      35 |      4.15917713 |      4.15917713 |      35.0% ✓
[ModelOptimizer] Evaluating parameters: VectorD(5.58287,	4.89567,	-2.60467,	3.80241,	1.50000)

======================================================================
TRAFFIC MODEL BUILDER SUMMARY
======================================================================
Network:      US-101-N-DonaldDoyle
Segments:     7
Lanes:        4
Junctions:    8
Ramps:        2
Sensors:      5
Mode:         PeMS Data-Driven
Car-Following: Krause
ODE Solver:   Ballistic
Vmax:         35.0 m/s
======================================================================
Skipping Source actor due to time limit at clock = 43201.00125327633
Skipping Source actor due to time limit at clock = 43210.6788297557
-----------------------------
| Model.cleanup in progress |
-----------------------------
cleanup: agenda
cleanup: wait queues
coroutine counts = (6334242,6333818,6333605)
[ModelOptimizer] Fitness: 3.8656 | Elapsed: 56.66 sec
[ModelOptimizer] Evaluating parameters: VectorD(4.19406,	3.50686,	-1.21586,	2.41360,	0.518802)

======================================================================
TRAFFIC MODEL BUILDER SUMMARY
======================================================================
Network:      US-101-N-DonaldDoyle
Segments:     7
Lanes:        4
Junctions:    8
Ramps:        2
Sensors:      5
Mode:         PeMS Data-Driven
Car-Following: Krause
ODE Solver:   Ballistic
Vmax:         35.0 m/s
======================================================================
Skipping Source actor due to time limit at clock = 43201.00125327633
Skipping Source actor due to time limit at clock = 43210.6788297557
-----------------------------
| Model.cleanup in progress |
-----------------------------
cleanup: agenda
cleanup: wait queues
coroutine counts = (6393999,6393571,6393356)
[ModelOptimizer] Fitness: 6.8952 | Elapsed: 697.17 sec
[ModelOptimizer] Evaluating parameters: VectorD(4.90652,	4.21932,	-1.92832,	3.12606,	1.23126)

======================================================================
TRAFFIC MODEL BUILDER SUMMARY
======================================================================
Network:      US-101-N-DonaldDoyle
Segments:     7
Lanes:        4
Junctions:    8
Ramps:        2
Sensors:      5
Mode:         PeMS Data-Driven
Car-Following: Krause
ODE Solver:   Ballistic
Vmax:         35.0 m/s
======================================================================
Skipping Source actor due to time limit at clock = 43201.00125327633
Skipping Source actor due to time limit at clock = 43210.6788297557
-----------------------------
| Model.cleanup in progress |
-----------------------------
cleanup: agenda
cleanup: wait queues
coroutine counts = (6453756,6453324,6453107)
[ModelOptimizer] Fitness: 4.2863 | Elapsed: 67.40 sec
[ModelOptimizer] Evaluating parameters: VectorD(4.21398,	3.52678,	-2.62085,	2.43352,	0.538723)

======================================================================
TRAFFIC MODEL BUILDER SUMMARY
======================================================================
Network:      US-101-N-DonaldDoyle
Segments:     7
Lanes:        4
Junctions:    8
Ramps:        2
Sensors:      5
Mode:         PeMS Data-Driven
Car-Following: Krause
ODE Solver:   Ballistic
Vmax:         35.0 m/s
======================================================================
Skipping Source actor due to time limit at clock = 43201.00125327633
Skipping Source actor due to time limit at clock = 43210.6788297557
-----------------------------
| Model.cleanup in progress |
-----------------------------
cleanup: agenda
cleanup: wait queues
coroutine counts = (6513513,6513077,6512858)
[ModelOptimizer] Fitness: 6.8502 | Elapsed: 795.90 sec
[ModelOptimizer] Evaluating parameters: VectorD(5.59905,	4.91185,	-1.23578,	3.81860,	1.50000)

======================================================================
TRAFFIC MODEL BUILDER SUMMARY
======================================================================
Network:      US-101-N-DonaldDoyle
Segments:     7
Lanes:        4
Junctions:    8
Ramps:        2
Sensors:      5
Mode:         PeMS Data-Driven
Car-Following: Krause
ODE Solver:   Ballistic
Vmax:         35.0 m/s
======================================================================
Skipping Source actor due to time limit at clock = 43201.00125327633
Skipping Source actor due to time limit at clock = 43210.6788297557
-----------------------------
| Model.cleanup in progress |
-----------------------------
cleanup: agenda
cleanup: wait queues
coroutine counts = (6573270,6572830,6572609)
[ModelOptimizer] Fitness: 3.7008 | Elapsed: 69.22 sec
[ModelOptimizer] Evaluating parameters: VectorD(4.92525,	4.23805,	-1.90958,	3.14480,	1.24999)

======================================================================
TRAFFIC MODEL BUILDER SUMMARY
======================================================================
Network:      US-101-N-DonaldDoyle
Segments:     7
Lanes:        4
Junctions:    8
Ramps:        2
Sensors:      5
Mode:         PeMS Data-Driven
Car-Following: Krause
ODE Solver:   Ballistic
Vmax:         35.0 m/s
======================================================================
Skipping Source actor due to time limit at clock = 43201.00125327633
Skipping Source actor due to time limit at clock = 43210.6788297557
-----------------------------
| Model.cleanup in progress |
-----------------------------
cleanup: agenda
cleanup: wait queues
coroutine counts = (6633027,6632583,6632360)
[ModelOptimizer] Fitness: 4.1877 | Elapsed: 67.75 sec
[ModelOptimizer] Evaluating parameters: VectorD(4.23453,	3.54733,	-2.60030,	3.83552,	1.50000)

======================================================================
TRAFFIC MODEL BUILDER SUMMARY
======================================================================
Network:      US-101-N-DonaldDoyle
Segments:     7
Lanes:        4
Junctions:    8
Ramps:        2
Sensors:      5
Mode:         PeMS Data-Driven
Car-Following: Krause
ODE Solver:   Ballistic
Vmax:         35.0 m/s
======================================================================
Skipping Source actor due to time limit at clock = 43201.00125327633
Skipping Source actor due to time limit at clock = 43210.6788297557
-----------------------------
| Model.cleanup in progress |
-----------------------------
cleanup: agenda
cleanup: wait queues
coroutine counts = (6692784,6692336,6692111)
[ModelOptimizer] Fitness: 3.8866 | Elapsed: 60.77 sec
[ModelOptimizer] Evaluating parameters: VectorD(5.61597,	4.92877,	-1.21886,	2.45407,	0.559273)

======================================================================
TRAFFIC MODEL BUILDER SUMMARY
======================================================================
Network:      US-101-N-DonaldDoyle
Segments:     7
Lanes:        4
Junctions:    8
Ramps:        2
Sensors:      5
Mode:         PeMS Data-Driven
Car-Following: Krause
ODE Solver:   Ballistic
Vmax:         35.0 m/s
======================================================================
Skipping Source actor due to time limit at clock = 43201.00125327633
Skipping Source actor due to time limit at clock = 43210.6788297557
-----------------------------
| Model.cleanup in progress |
-----------------------------
cleanup: agenda
cleanup: wait queues
coroutine counts = (6752541,6752089,6751862)
[ModelOptimizer] Fitness: 5.1760 | Elapsed: 242.74 sec
[ModelOptimizer] Evaluating parameters: VectorD(4.91760,	4.23039,	-1.91724,	3.15245,	1.25765)

======================================================================
TRAFFIC MODEL BUILDER SUMMARY
======================================================================
Network:      US-101-N-DonaldDoyle
Segments:     7
Lanes:        4
Junctions:    8
Ramps:        2
Sensors:      5
Mode:         PeMS Data-Driven
Car-Following: Krause
ODE Solver:   Ballistic
Vmax:         35.0 m/s
======================================================================
Skipping Source actor due to time limit at clock = 43201.00125327633
Skipping Source actor due to time limit at clock = 43210.6788297557
-----------------------------
| Model.cleanup in progress |
-----------------------------
cleanup: agenda
cleanup: wait queues
coroutine counts = (6812298,6811842,6811613)
[ModelOptimizer] Fitness: 4.3372 | Elapsed: 64.39 sec
[ModelOptimizer] Evaluating parameters: VectorD(4.22864,	4.91935,	-1.22828,	2.46350,	1.50000)

======================================================================
TRAFFIC MODEL BUILDER SUMMARY
======================================================================
Network:      US-101-N-DonaldDoyle
Segments:     7
Lanes:        4
Junctions:    8
Ramps:        2
Sensors:      5
Mode:         PeMS Data-Driven
Car-Following: Krause
ODE Solver:   Ballistic
Vmax:         35.0 m/s
======================================================================
Skipping Source actor due to time limit at clock = 43201.00125327633
Skipping Source actor due to time limit at clock = 43210.6788297557
-----------------------------
| Model.cleanup in progress |
-----------------------------
cleanup: agenda
cleanup: wait queues
coroutine counts = (6872055,6871595,6871364)
[ModelOptimizer] Fitness: 3.5743 | Elapsed: 63.09 sec
[ModelOptimizer] Evaluating parameters: VectorD(5.60655,	3.54144,	-2.60620,	3.84141,	0.568694)

======================================================================
TRAFFIC MODEL BUILDER SUMMARY
======================================================================
Network:      US-101-N-DonaldDoyle
Segments:     7
Lanes:        4
Junctions:    8
Ramps:        2
Sensors:      5
Mode:         PeMS Data-Driven
Car-Following: Krause
ODE Solver:   Ballistic
Vmax:         35.0 m/s
======================================================================
Skipping Source actor due to time limit at clock = 43201.00125327633
Skipping Source actor due to time limit at clock = 43210.6788297557
-----------------------------
| Model.cleanup in progress |
-----------------------------
cleanup: agenda
cleanup: wait queues
coroutine counts = (6931812,6931348,6931115)
[ModelOptimizer] Fitness: 6.4784 | Elapsed: 742.34 sec
[ModelOptimizer] Evaluating parameters: VectorD(4.90038,	4.24761,	-1.90002,	3.13524,	1.27487)

======================================================================
TRAFFIC MODEL BUILDER SUMMARY
======================================================================
Network:      US-101-N-DonaldDoyle
Segments:     7
Lanes:        4
Junctions:    8
Ramps:        2
Sensors:      5
Mode:         PeMS Data-Driven
Car-Following: Krause
ODE Solver:   Ballistic
Vmax:         35.0 m/s
======================================================================
Skipping Source actor due to time limit at clock = 43201.00125327633
Skipping Source actor due to time limit at clock = 43210.6788297557
-----------------------------
| Model.cleanup in progress |
-----------------------------
cleanup: agenda
cleanup: wait queues
coroutine counts = (6991569,6991101,6990866)
[ModelOptimizer] Fitness: 4.2451 | Elapsed: 66.37 sec
[ModelOptimizer] Evaluating parameters: VectorD(5.58762,	3.56037,	-1.21278,	2.44800,	0.587627)

======================================================================
TRAFFIC MODEL BUILDER SUMMARY
======================================================================
Network:      US-101-N-DonaldDoyle
Segments:     7
Lanes:        4
Junctions:    8
Ramps:        2
Sensors:      5
Mode:         PeMS Data-Driven
Car-Following: Krause
ODE Solver:   Ballistic
Vmax:         35.0 m/s
======================================================================
Skipping Source actor due to time limit at clock = 43201.00125327633
Skipping Source actor due to time limit at clock = 43210.6788297557
-----------------------------
| Model.cleanup in progress |
-----------------------------
cleanup: agenda
cleanup: wait queues
coroutine counts = (7051326,7050854,7050617)
[ModelOptimizer] Fitness: 6.3786 | Elapsed: 496.90 sec
[ModelOptimizer] Evaluating parameters: VectorD(4.21314,	4.93485,	-2.58727,	3.82248,	1.50000)

======================================================================
TRAFFIC MODEL BUILDER SUMMARY
======================================================================
Network:      US-101-N-DonaldDoyle
Segments:     7
Lanes:        4
Junctions:    8
Ramps:        2
Sensors:      5
Mode:         PeMS Data-Driven
Car-Following: Krause
ODE Solver:   Ballistic
Vmax:         35.0 m/s
======================================================================
Skipping Source actor due to time limit at clock = 43201.00125327633
Skipping Source actor due to time limit at clock = 43210.6788297557
-----------------------------
| Model.cleanup in progress |
-----------------------------
cleanup: agenda
cleanup: wait queues
coroutine counts = (7111083,7110607,7110368)
[ModelOptimizer] Fitness: 3.8090 | Elapsed: 63.04 sec
[ModelOptimizer] Evaluating parameters: VectorD(4.88517,	4.26282,	-1.91523,	3.15044,	1.29007)

======================================================================
TRAFFIC MODEL BUILDER SUMMARY
======================================================================
Network:      US-101-N-DonaldDoyle
Segments:     7
Lanes:        4
Junctions:    8
Ramps:        2
Sensors:      5
Mode:         PeMS Data-Driven
Car-Following: Krause
ODE Solver:   Ballistic
Vmax:         35.0 m/s
======================================================================
Skipping Source actor due to time limit at clock = 43201.00125327633
Skipping Source actor due to time limit at clock = 43210.6788297557
-----------------------------
| Model.cleanup in progress |
-----------------------------
cleanup: agenda
cleanup: wait queues
coroutine counts = (7170840,7170360,7170119)
[ModelOptimizer] Fitness: 4.4334 | Elapsed: 67.27 sec
      40 |      4.15917713 |      4.15917713 |      40.0% ✓
[ModelOptimizer] Evaluating parameters: VectorD(4.19960,	3.57725,	-2.60080,	2.46487,	0.604504)

======================================================================
TRAFFIC MODEL BUILDER SUMMARY
======================================================================
Network:      US-101-N-DonaldDoyle
Segments:     7
Lanes:        4
Junctions:    8
Ramps:        2
Sensors:      5
Mode:         PeMS Data-Driven
Car-Following: Krause
ODE Solver:   Ballistic
Vmax:         35.0 m/s
======================================================================
Skipping Source actor due to time limit at clock = 43201.00125327633
Skipping Source actor due to time limit at clock = 43210.6788297557
-----------------------------
| Model.cleanup in progress |
-----------------------------
cleanup: agenda
cleanup: wait queues
coroutine counts = (7230597,7230113,7229870)
[ModelOptimizer] Fitness: 6.6436 | Elapsed: 808.17 sec
[ModelOptimizer] Evaluating parameters: VectorD(5.57074,	4.94839,	-1.22966,	3.83601,	1.50000)

======================================================================
TRAFFIC MODEL BUILDER SUMMARY
======================================================================
Network:      US-101-N-DonaldDoyle
Segments:     7
Lanes:        4
Junctions:    8
Ramps:        2
Sensors:      5
Mode:         PeMS Data-Driven
Car-Following: Krause
ODE Solver:   Ballistic
Vmax:         35.0 m/s
======================================================================
Skipping Source actor due to time limit at clock = 43201.00125327633
Skipping Source actor due to time limit at clock = 43210.6788297557
-----------------------------
| Model.cleanup in progress |
-----------------------------
cleanup: agenda
cleanup: wait queues
coroutine counts = (7290354,7289866,7289621)
[ModelOptimizer] Fitness: 3.7741 | Elapsed: 69.25 sec
[ModelOptimizer] Evaluating parameters: VectorD(4.90212,	4.27977,	-1.89828,	3.16739,	1.30702)

======================================================================
TRAFFIC MODEL BUILDER SUMMARY
======================================================================
Network:      US-101-N-DonaldDoyle
Segments:     7
Lanes:        4
Junctions:    8
Ramps:        2
Sensors:      5
Mode:         PeMS Data-Driven
Car-Following: Krause
ODE Solver:   Ballistic
Vmax:         35.0 m/s
======================================================================
Skipping Source actor due to time limit at clock = 43201.00125327633
Skipping Source actor due to time limit at clock = 43210.6788297557
-----------------------------
| Model.cleanup in progress |
-----------------------------
cleanup: agenda
cleanup: wait queues
coroutine counts = (7350111,7349619,7349372)
[ModelOptimizer] Fitness: 4.0922 | Elapsed: 64.96 sec
[ModelOptimizer] Evaluating parameters: VectorD(4.21818,	4.96371,	-2.58222,	3.85133,	1.50000)

======================================================================
TRAFFIC MODEL BUILDER SUMMARY
======================================================================
Network:      US-101-N-DonaldDoyle
Segments:     7
Lanes:        4
Junctions:    8
Ramps:        2
Sensors:      5
Mode:         PeMS Data-Driven
Car-Following: Krause
ODE Solver:   Ballistic
Vmax:         35.0 m/s
======================================================================
Skipping Source actor due to time limit at clock = 43201.00125327633
Skipping Source actor due to time limit at clock = 43210.6788297557
-----------------------------
| Model.cleanup in progress |
-----------------------------
cleanup: agenda
cleanup: wait queues
coroutine counts = (7409868,7409372,7409123)
[ModelOptimizer] Fitness: 3.8197 | Elapsed: 64.96 sec
[ModelOptimizer] Evaluating parameters: VectorD(5.58606,	3.59582,	-1.21434,	2.48345,	0.623081)

======================================================================
TRAFFIC MODEL BUILDER SUMMARY
======================================================================
Network:      US-101-N-DonaldDoyle
Segments:     7
Lanes:        4
Junctions:    8
Ramps:        2
Sensors:      5
Mode:         PeMS Data-Driven
Car-Following: Krause
ODE Solver:   Ballistic
Vmax:         35.0 m/s
======================================================================
Skipping Source actor due to time limit at clock = 43201.00125327633
Skipping Source actor due to time limit at clock = 43210.6788297557
-----------------------------
| Model.cleanup in progress |
-----------------------------
cleanup: agenda
cleanup: wait queues
coroutine counts = (7469625,7469125,7468874)
[ModelOptimizer] Fitness: 5.8457 | Elapsed: 309.69 sec
[ModelOptimizer] Evaluating parameters: VectorD(4.89018,	4.29171,	-1.91023,	3.17934,	1.31897)

======================================================================
TRAFFIC MODEL BUILDER SUMMARY
======================================================================
Network:      US-101-N-DonaldDoyle
Segments:     7
Lanes:        4
Junctions:    8
Ramps:        2
Sensors:      5
Mode:         PeMS Data-Driven
Car-Following: Krause
ODE Solver:   Ballistic
Vmax:         35.0 m/s
======================================================================
Skipping Source actor due to time limit at clock = 43201.00125327633
Skipping Source actor due to time limit at clock = 43210.6788297557
-----------------------------
| Model.cleanup in progress |
-----------------------------
cleanup: agenda
cleanup: wait queues
coroutine counts = (7529382,7528878,7528625)
[ModelOptimizer] Fitness: 4.2390 | Elapsed: 66.61 sec
[ModelOptimizer] Evaluating parameters: VectorD(5.57253,	4.97407,	-1.22787,	3.86169,	1.50000)

======================================================================
TRAFFIC MODEL BUILDER SUMMARY
======================================================================
Network:      US-101-N-DonaldDoyle
Segments:     7
Lanes:        4
Junctions:    8
Ramps:        2
Sensors:      5
Mode:         PeMS Data-Driven
Car-Following: Krause
ODE Solver:   Ballistic
Vmax:         35.0 m/s
======================================================================
Skipping Source actor due to time limit at clock = 43201.00125327633
Skipping Source actor due to time limit at clock = 43210.6788297557
-----------------------------
| Model.cleanup in progress |
-----------------------------
cleanup: agenda
cleanup: wait queues
coroutine counts = (7589139,7588631,7588376)
[ModelOptimizer] Fitness: 3.7766 | Elapsed: 68.80 sec
[ModelOptimizer] Evaluating parameters: VectorD(4.20782,	3.60936,	-2.59258,	2.49698,	0.636613)

======================================================================
TRAFFIC MODEL BUILDER SUMMARY
======================================================================
Network:      US-101-N-DonaldDoyle
Segments:     7
Lanes:        4
Junctions:    8
Ramps:        2
Sensors:      5
Mode:         PeMS Data-Driven
Car-Following: Krause
ODE Solver:   Ballistic
Vmax:         35.0 m/s
======================================================================
Skipping Source actor due to time limit at clock = 43201.00125327633
Skipping Source actor due to time limit at clock = 43210.6788297557
-----------------------------
| Model.cleanup in progress |
-----------------------------
cleanup: agenda
cleanup: wait queues
coroutine counts = (7648896,7648384,7648127)
[ModelOptimizer] Fitness: 6.0282 | Elapsed: 538.95 sec
[ModelOptimizer] Evaluating parameters: VectorD(4.90343,	4.30496,	-1.89698,	3.19259,	1.33222)

======================================================================
TRAFFIC MODEL BUILDER SUMMARY
======================================================================
Network:      US-101-N-DonaldDoyle
Segments:     7
Lanes:        4
Junctions:    8
Ramps:        2
Sensors:      5
Mode:         PeMS Data-Driven
Car-Following: Krause
ODE Solver:   Ballistic
Vmax:         35.0 m/s
======================================================================
Skipping Source actor due to time limit at clock = 43201.00125327633
Skipping Source actor due to time limit at clock = 43210.6788297557
-----------------------------
| Model.cleanup in progress |
-----------------------------
cleanup: agenda
cleanup: wait queues
coroutine counts = (7708653,7708137,7707878)
[ModelOptimizer] Fitness: 4.1500 | Elapsed: 64.89 sec
[ModelOptimizer] Evaluating parameters: VectorD(5.58424,	3.62415,	-1.21617,	2.51178,	1.50000)

======================================================================
TRAFFIC MODEL BUILDER SUMMARY
======================================================================
Network:      US-101-N-DonaldDoyle
Segments:     7
Lanes:        4
Junctions:    8
Ramps:        2
Sensors:      5
Mode:         PeMS Data-Driven
Car-Following: Krause
ODE Solver:   Ballistic
Vmax:         35.0 m/s
======================================================================
Skipping Source actor due to time limit at clock = 43201.00125327633
Skipping Source actor due to time limit at clock = 43210.6788297557
-----------------------------
| Model.cleanup in progress |
-----------------------------
cleanup: agenda
cleanup: wait queues
coroutine counts = (7768410,7767890,7767629)
[ModelOptimizer] Fitness: 4.1594 | Elapsed: 72.32 sec
[ModelOptimizer] Evaluating parameters: VectorD(4.22262,	4.98577,	-2.57779,	3.87340,	0.651410)

======================================================================
TRAFFIC MODEL BUILDER SUMMARY
======================================================================
Network:      US-101-N-DonaldDoyle
Segments:     7
Lanes:        4
Junctions:    8
Ramps:        2
Sensors:      5
Mode:         PeMS Data-Driven
Car-Following: Krause
ODE Solver:   Ballistic
Vmax:         35.0 m/s
======================================================================
Skipping Source actor due to time limit at clock = 43201.00125327633
Skipping Source actor due to time limit at clock = 43210.6788297557
-----------------------------
| Model.cleanup in progress |
-----------------------------
cleanup: agenda
cleanup: wait queues
coroutine counts = (7828167,7827643,7827380)
[ModelOptimizer] Fitness: 5.1315 | Elapsed: 171.12 sec
[ModelOptimizer] Evaluating parameters: VectorD(4.90914,	4.29925,	-1.89127,	3.18688,	1.33793)

======================================================================
TRAFFIC MODEL BUILDER SUMMARY
======================================================================
Network:      US-101-N-DonaldDoyle
Segments:     7
Lanes:        4
Junctions:    8
Ramps:        2
Sensors:      5
Mode:         PeMS Data-Driven
Car-Following: Krause
ODE Solver:   Ballistic
Vmax:         35.0 m/s
======================================================================
Skipping Source actor due to time limit at clock = 43201.00125327633
Skipping Source actor due to time limit at clock = 43210.6788297557
-----------------------------
| Model.cleanup in progress |
-----------------------------
cleanup: agenda
cleanup: wait queues
coroutine counts = (7887924,7887396,7887131)
[ModelOptimizer] Fitness: 4.2144 | Elapsed: 65.63 sec
[ModelOptimizer] Evaluating parameters: VectorD(5.58844,	4.97855,	-1.21197,	2.50758,	1.50000)

======================================================================
TRAFFIC MODEL BUILDER SUMMARY
======================================================================
Network:      US-101-N-DonaldDoyle
Segments:     7
Lanes:        4
Junctions:    8
Ramps:        2
Sensors:      5
Mode:         PeMS Data-Driven
Car-Following: Krause
ODE Solver:   Ballistic
Vmax:         35.0 m/s
======================================================================
Skipping Source actor due to time limit at clock = 43201.00125327633
Skipping Source actor due to time limit at clock = 43210.6788297557
-----------------------------
| Model.cleanup in progress |
-----------------------------
cleanup: agenda
cleanup: wait queues
coroutine counts = (7947681,7947149,7946882)
[ModelOptimizer] Fitness: 3.9674 | Elapsed: 71.67 sec
[ModelOptimizer] Evaluating parameters: VectorD(4.22984,	3.61995,	-2.57057,	3.86618,	0.658630)

======================================================================
TRAFFIC MODEL BUILDER SUMMARY
======================================================================
Network:      US-101-N-DonaldDoyle
Segments:     7
Lanes:        4
Junctions:    8
Ramps:        2
Sensors:      5
Mode:         PeMS Data-Driven
Car-Following: Krause
ODE Solver:   Ballistic
Vmax:         35.0 m/s
======================================================================
Skipping Source actor due to time limit at clock = 43201.00125327633
Skipping Source actor due to time limit at clock = 43210.6788297557
-----------------------------
| Model.cleanup in progress |
-----------------------------
cleanup: agenda
cleanup: wait queues
coroutine counts = (8007438,8006902,8006633)
[ModelOptimizer] Fitness: 5.8372 | Elapsed: 330.62 sec
[ModelOptimizer] Evaluating parameters: VectorD(4.92010,	4.31021,	-1.88030,	3.17592,	1.34889)

======================================================================
TRAFFIC MODEL BUILDER SUMMARY
======================================================================
Network:      US-101-N-DonaldDoyle
Segments:     7
Lanes:        4
Junctions:    8
Ramps:        2
Sensors:      5
Mode:         PeMS Data-Driven
Car-Following: Krause
ODE Solver:   Ballistic
Vmax:         35.0 m/s
======================================================================
Skipping Source actor due to time limit at clock = 43201.00125327633
Skipping Source actor due to time limit at clock = 43210.6788297557
-----------------------------
| Model.cleanup in progress |
-----------------------------
cleanup: agenda
cleanup: wait queues
coroutine counts = (8067195,8066655,8066384)
[ModelOptimizer] Fitness: 4.0765 | Elapsed: 64.72 sec
      45 |      4.07649088 |      4.07649088 |      45.0% ✓
[ModelOptimizer] Evaluating parameters: VectorD(5.59792,	3.63239,	-1.20248,	2.49809,	0.671066)

======================================================================
TRAFFIC MODEL BUILDER SUMMARY
======================================================================
Network:      US-101-N-DonaldDoyle
Segments:     7
Lanes:        4
Junctions:    8
Ramps:        2
Sensors:      5
Mode:         PeMS Data-Driven
Car-Following: Krause
ODE Solver:   Ballistic
Vmax:         35.0 m/s
======================================================================
Skipping Source actor due to time limit at clock = 43201.00125327633
Skipping Source actor due to time limit at clock = 43210.6788297557
-----------------------------
| Model.cleanup in progress |
-----------------------------
cleanup: agenda
cleanup: wait queues
coroutine counts = (8126952,8126408,8126135)
[ModelOptimizer] Fitness: 5.6620 | Elapsed: 228.87 sec
[ModelOptimizer] Evaluating parameters: VectorD(4.24227,	4.98804,	-2.55813,	3.85374,	1.50000)

======================================================================
TRAFFIC MODEL BUILDER SUMMARY
======================================================================
Network:      US-101-N-DonaldDoyle
Segments:     7
Lanes:        4
Junctions:    8
Ramps:        2
Sensors:      5
Mode:         PeMS Data-Driven
Car-Following: Krause
ODE Solver:   Ballistic
Vmax:         35.0 m/s
======================================================================
Skipping Source actor due to time limit at clock = 43201.00125327633
Skipping Source actor due to time limit at clock = 43210.6788297557
-----------------------------
| Model.cleanup in progress |
-----------------------------
cleanup: agenda
cleanup: wait queues
coroutine counts = (8186709,8186161,8185886)
[ModelOptimizer] Fitness: 3.7779 | Elapsed: 62.35 sec
[ModelOptimizer] Evaluating parameters: VectorD(4.90907,	4.32124,	-1.89133,	3.18694,	1.35992)

======================================================================
TRAFFIC MODEL BUILDER SUMMARY
======================================================================
Network:      US-101-N-DonaldDoyle
Segments:     7
Lanes:        4
Junctions:    8
Ramps:        2
Sensors:      5
Mode:         PeMS Data-Driven
Car-Following: Krause
ODE Solver:   Ballistic
Vmax:         35.0 m/s
======================================================================
Skipping Source actor due to time limit at clock = 43201.00125327633
Skipping Source actor due to time limit at clock = 43210.6788297557
-----------------------------
| Model.cleanup in progress |
-----------------------------
cleanup: agenda
cleanup: wait queues
coroutine counts = (8246466,8245914,8245637)
[ModelOptimizer] Fitness: 4.3537 | Elapsed: 66.61 sec
[ModelOptimizer] Evaluating parameters: VectorD(5.58546,	4.99762,	-1.21494,	3.86333,	1.50000)

======================================================================
TRAFFIC MODEL BUILDER SUMMARY
======================================================================
Network:      US-101-N-DonaldDoyle
Segments:     7
Lanes:        4
Junctions:    8
Ramps:        2
Sensors:      5
Mode:         PeMS Data-Driven
Car-Following: Krause
ODE Solver:   Ballistic
Vmax:         35.0 m/s
======================================================================
Skipping Source actor due to time limit at clock = 43201.00125327633
Skipping Source actor due to time limit at clock = 43210.6788297557
-----------------------------
| Model.cleanup in progress |
-----------------------------
cleanup: agenda
cleanup: wait queues
coroutine counts = (8306223,8305667,8305388)
[ModelOptimizer] Fitness: 3.9892 | Elapsed: 67.96 sec
[ModelOptimizer] Evaluating parameters: VectorD(4.23269,	3.64485,	-2.56771,	2.51055,	0.683530)

======================================================================
TRAFFIC MODEL BUILDER SUMMARY
======================================================================
Network:      US-101-N-DonaldDoyle
Segments:     7
Lanes:        4
Junctions:    8
Ramps:        2
Sensors:      5
Mode:         PeMS Data-Driven
Car-Following: Krause
ODE Solver:   Ballistic
Vmax:         35.0 m/s
======================================================================
Skipping Source actor due to time limit at clock = 43201.00125327633
Skipping Source actor due to time limit at clock = 43210.6788297557
-----------------------------
| Model.cleanup in progress |
-----------------------------
cleanup: agenda
cleanup: wait queues
coroutine counts = (8365980,8365420,8365139)
[ModelOptimizer] Fitness: 5.5785 | Elapsed: 239.74 sec
[ModelOptimizer] Evaluating parameters: VectorD(4.91836,	4.33052,	-1.88205,	3.19622,	1.36920)

======================================================================
TRAFFIC MODEL BUILDER SUMMARY
======================================================================
Network:      US-101-N-DonaldDoyle
Segments:     7
Lanes:        4
Junctions:    8
Ramps:        2
Sensors:      5
Mode:         PeMS Data-Driven
Car-Following: Krause
ODE Solver:   Ballistic
Vmax:         35.0 m/s
======================================================================
Skipping Source actor due to time limit at clock = 43201.00125327633
Skipping Source actor due to time limit at clock = 43210.6788297557
-----------------------------
| Model.cleanup in progress |
-----------------------------
cleanup: agenda
cleanup: wait queues
coroutine counts = (8425737,8425173,8424890)
[ModelOptimizer] Fitness: 4.0946 | Elapsed: 64.63 sec
[ModelOptimizer] Evaluating parameters: VectorD(5.59333,	5.00550,	-2.55703,	3.87120,	0.694218)

======================================================================
TRAFFIC MODEL BUILDER SUMMARY
======================================================================
Network:      US-101-N-DonaldDoyle
Segments:     7
Lanes:        4
Junctions:    8
Ramps:        2
Sensors:      5
Mode:         PeMS Data-Driven
Car-Following: Krause
ODE Solver:   Ballistic
Vmax:         35.0 m/s
======================================================================
Skipping Source actor due to time limit at clock = 43201.00125327633
Skipping Source actor due to time limit at clock = 43210.6788297557
-----------------------------
| Model.cleanup in progress |
-----------------------------
cleanup: agenda
cleanup: wait queues
coroutine counts = (8485494,8484926,8484641)
[ModelOptimizer] Fitness: 4.2605 | Elapsed: 90.63 sec
[ModelOptimizer] Evaluating parameters: VectorD(4.24338,	3.65554,	-1.20707,	2.52124,	1.50000)

======================================================================
TRAFFIC MODEL BUILDER SUMMARY
======================================================================
Network:      US-101-N-DonaldDoyle
Segments:     7
Lanes:        4
Junctions:    8
Ramps:        2
Sensors:      5
Mode:         PeMS Data-Driven
Car-Following: Krause
ODE Solver:   Ballistic
Vmax:         35.0 m/s
======================================================================
Skipping Source actor due to time limit at clock = 43201.00125327633
Skipping Source actor due to time limit at clock = 43210.6788297557
-----------------------------
| Model.cleanup in progress |
-----------------------------
cleanup: agenda
cleanup: wait queues
coroutine counts = (8545251,8544679,8544392)
[ModelOptimizer] Fitness: 3.7829 | Elapsed: 62.16 sec
[ModelOptimizer] Evaluating parameters: VectorD(4.91557,	4.32774,	-1.87926,	3.19344,	1.37198)

======================================================================
TRAFFIC MODEL BUILDER SUMMARY
======================================================================
Network:      US-101-N-DonaldDoyle
Segments:     7
Lanes:        4
Junctions:    8
Ramps:        2
Sensors:      5
Mode:         PeMS Data-Driven
Car-Following: Krause
ODE Solver:   Ballistic
Vmax:         35.0 m/s
======================================================================
Skipping Source actor due to time limit at clock = 43201.00125327633
Skipping Source actor due to time limit at clock = 43210.6788297557
-----------------------------
| Model.cleanup in progress |
-----------------------------
cleanup: agenda
cleanup: wait queues
coroutine counts = (8605008,8604432,8604143)
[ModelOptimizer] Fitness: 4.0860 | Elapsed: 65.78 sec
[ModelOptimizer] Evaluating parameters: VectorD(4.24197,	5.00134,	-2.55287,	2.51983,	0.698377)

======================================================================
TRAFFIC MODEL BUILDER SUMMARY
======================================================================
Network:      US-101-N-DonaldDoyle
Segments:     7
Lanes:        4
Junctions:    8
Ramps:        2
Sensors:      5
Mode:         PeMS Data-Driven
Car-Following: Krause
ODE Solver:   Ballistic
Vmax:         35.0 m/s
======================================================================
Skipping Source actor due to time limit at clock = 43201.00125327633
Skipping Source actor due to time limit at clock = 43210.6788297557
-----------------------------
| Model.cleanup in progress |
-----------------------------
cleanup: agenda
cleanup: wait queues
coroutine counts = (8664765,8664185,8663894)
[ModelOptimizer] Fitness: 4.5653 | Elapsed: 101.51 sec
[ModelOptimizer] Evaluating parameters: VectorD(5.58918,	3.65413,	-1.20566,	3.86704,	1.50000)

======================================================================
TRAFFIC MODEL BUILDER SUMMARY
======================================================================
Network:      US-101-N-DonaldDoyle
Segments:     7
Lanes:        4
Junctions:    8
Ramps:        2
Sensors:      5
Mode:         PeMS Data-Driven
Car-Following: Krause
ODE Solver:   Ballistic
Vmax:         35.0 m/s
======================================================================
Skipping Source actor due to time limit at clock = 43201.00125327633
Skipping Source actor due to time limit at clock = 43210.6788297557
-----------------------------
| Model.cleanup in progress |
-----------------------------
cleanup: agenda
cleanup: wait queues
coroutine counts = (8724522,8723938,8723645)
[ModelOptimizer] Fitness: 4.2838 | Elapsed: 77.18 sec
[ModelOptimizer] Evaluating parameters: VectorD(4.91721,	4.32610,	-1.87763,	3.19507,	1.37362)

======================================================================
TRAFFIC MODEL BUILDER SUMMARY
======================================================================
Network:      US-101-N-DonaldDoyle
Segments:     7
Lanes:        4
Junctions:    8
Ramps:        2
Sensors:      5
Mode:         PeMS Data-Driven
Car-Following: Krause
ODE Solver:   Ballistic
Vmax:         35.0 m/s
======================================================================
Skipping Source actor due to time limit at clock = 43201.00125327633
Skipping Source actor due to time limit at clock = 43210.6788297557
-----------------------------
| Model.cleanup in progress |
-----------------------------
cleanup: agenda
cleanup: wait queues
coroutine counts = (8784279,8783691,8783396)
[ModelOptimizer] Fitness: 4.1774 | Elapsed: 64.01 sec
[ModelOptimizer] Evaluating parameters: VectorD(4.24495,	3.65384,	-1.20537,	3.86733,	1.50000)

======================================================================
TRAFFIC MODEL BUILDER SUMMARY
======================================================================
Network:      US-101-N-DonaldDoyle
Segments:     7
Lanes:        4
Junctions:    8
Ramps:        2
Sensors:      5
Mode:         PeMS Data-Driven
Car-Following: Krause
ODE Solver:   Ballistic
Vmax:         35.0 m/s
======================================================================
Skipping Source actor due to time limit at clock = 43201.00125327633
Skipping Source actor due to time limit at clock = 43210.6788297557
-----------------------------
| Model.cleanup in progress |
-----------------------------
cleanup: agenda
cleanup: wait queues
coroutine counts = (8844036,8843444,8843147)
[ModelOptimizer] Fitness: 3.8211 | Elapsed: 60.91 sec
[ModelOptimizer] Evaluating parameters: VectorD(5.58947,	4.99836,	-2.54988,	2.52282,	0.701360)

======================================================================
TRAFFIC MODEL BUILDER SUMMARY
======================================================================
Network:      US-101-N-DonaldDoyle
Segments:     7
Lanes:        4
Junctions:    8
Ramps:        2
Sensors:      5
Mode:         PeMS Data-Driven
Car-Following: Krause
ODE Solver:   Ballistic
Vmax:         35.0 m/s
======================================================================
Skipping Source actor due to time limit at clock = 43201.00125327633
Skipping Source actor due to time limit at clock = 43210.6788297557
-----------------------------
| Model.cleanup in progress |
-----------------------------
cleanup: agenda
cleanup: wait queues
coroutine counts = (8903793,8903197,8902898)
[ModelOptimizer] Fitness: 4.5502 | Elapsed: 99.47 sec
[ModelOptimizer] Evaluating parameters: VectorD(4.91298,	4.32187,	-1.87339,	3.19931,	1.37785)

======================================================================
TRAFFIC MODEL BUILDER SUMMARY
======================================================================
Network:      US-101-N-DonaldDoyle
Segments:     7
Lanes:        4
Junctions:    8
Ramps:        2
Sensors:      5
Mode:         PeMS Data-Driven
Car-Following: Krause
ODE Solver:   Ballistic
Vmax:         35.0 m/s
======================================================================
Skipping Source actor due to time limit at clock = 43201.00125327633
Skipping Source actor due to time limit at clock = 43210.6788297557
-----------------------------
| Model.cleanup in progress |
-----------------------------
cleanup: agenda
cleanup: wait queues
coroutine counts = (8963550,8962950,8962649)
[ModelOptimizer] Fitness: 4.1100 | Elapsed: 64.25 sec
      50 |      4.07649088 |      4.07649088 |      50.0% ✓
[ModelOptimizer] Evaluating parameters: VectorD(4.24204,	3.65093,	-2.54433,	2.52837,	1.50000)

======================================================================
TRAFFIC MODEL BUILDER SUMMARY
======================================================================
Network:      US-101-N-DonaldDoyle
Segments:     7
Lanes:        4
Junctions:    8
Ramps:        2
Sensors:      5
Mode:         PeMS Data-Driven
Car-Following: Krause
ODE Solver:   Ballistic
Vmax:         35.0 m/s
======================================================================
Skipping Source actor due to time limit at clock = 43201.00125327633
Skipping Source actor due to time limit at clock = 43210.6788297557
-----------------------------
| Model.cleanup in progress |
-----------------------------
cleanup: agenda
cleanup: wait queues
coroutine counts = (9023307,9022703,9022400)
[ModelOptimizer] Fitness: 3.8744 | Elapsed: 61.49 sec
[ModelOptimizer] Evaluating parameters: VectorD(5.58392,	4.99281,	-1.20245,	3.87025,	0.706911)

======================================================================
TRAFFIC MODEL BUILDER SUMMARY
======================================================================
Network:      US-101-N-DonaldDoyle
Segments:     7
Lanes:        4
Junctions:    8
Ramps:        2
Sensors:      5
Mode:         PeMS Data-Driven
Car-Following: Krause
ODE Solver:   Ballistic
Vmax:         35.0 m/s
======================================================================
Skipping Source actor due to time limit at clock = 43201.00125327633
Skipping Source actor due to time limit at clock = 43210.6788297557
-----------------------------
| Model.cleanup in progress |
-----------------------------
cleanup: agenda
cleanup: wait queues
coroutine counts = (9083064,9082456,9082151)
[ModelOptimizer] Fitness: 4.7014 | Elapsed: 97.83 sec
[ModelOptimizer] Evaluating parameters: VectorD(4.90819,	4.31707,	-1.87818,	3.19452,	1.38264)

======================================================================
TRAFFIC MODEL BUILDER SUMMARY
======================================================================
Network:      US-101-N-DonaldDoyle
Segments:     7
Lanes:        4
Junctions:    8
Ramps:        2
Sensors:      5
Mode:         PeMS Data-Driven
Car-Following: Krause
ODE Solver:   Ballistic
Vmax:         35.0 m/s
======================================================================
Skipping Source actor due to time limit at clock = 43201.00125327633
Skipping Source actor due to time limit at clock = 43210.6788297557
-----------------------------
| Model.cleanup in progress |
-----------------------------
cleanup: agenda
cleanup: wait queues
coroutine counts = (9142821,9142209,9141902)
[ModelOptimizer] Fitness: 3.9398 | Elapsed: 61.79 sec
[ModelOptimizer] Evaluating parameters: VectorD(4.23853,	3.64742,	-1.20853,	2.52487,	0.712991)

======================================================================
TRAFFIC MODEL BUILDER SUMMARY
======================================================================
Network:      US-101-N-DonaldDoyle
Segments:     7
Lanes:        4
Junctions:    8
Ramps:        2
Sensors:      5
Mode:         PeMS Data-Driven
Car-Following: Krause
ODE Solver:   Ballistic
Vmax:         35.0 m/s
======================================================================
Skipping Source actor due to time limit at clock = 43201.00125327633
Skipping Source actor due to time limit at clock = 43210.6788297557
-----------------------------
| Model.cleanup in progress |
-----------------------------
cleanup: agenda
cleanup: wait queues
coroutine counts = (9202578,9201962,9201653)
[ModelOptimizer] Fitness: 6.1007 | Elapsed: 222.62 sec
[ModelOptimizer] Evaluating parameters: VectorD(5.57784,	4.98672,	-2.54784,	3.86417,	1.50000)

======================================================================
TRAFFIC MODEL BUILDER SUMMARY
======================================================================
Network:      US-101-N-DonaldDoyle
Segments:     7
Lanes:        4
Junctions:    8
Ramps:        2
Sensors:      5
Mode:         PeMS Data-Driven
Car-Following: Krause
ODE Solver:   Ballistic
Vmax:         35.0 m/s
======================================================================
Skipping Source actor due to time limit at clock = 43201.00125327633
Skipping Source actor due to time limit at clock = 43210.6788297557
-----------------------------
| Model.cleanup in progress |
-----------------------------
cleanup: agenda
cleanup: wait queues
coroutine counts = (9262335,9261715,9261404)
[ModelOptimizer] Fitness: 3.8050 | Elapsed: 59.86 sec
[ModelOptimizer] Evaluating parameters: VectorD(4.92146,	4.33035,	-1.89146,	3.20779,	1.39591)

======================================================================
TRAFFIC MODEL BUILDER SUMMARY
======================================================================
Network:      US-101-N-DonaldDoyle
Segments:     7
Lanes:        4
Junctions:    8
Ramps:        2
Sensors:      5
Mode:         PeMS Data-Driven
Car-Following: Krause
ODE Solver:   Ballistic
Vmax:         35.0 m/s
======================================================================
Skipping Source actor due to time limit at clock = 43201.00125327633
Skipping Source actor due to time limit at clock = 43210.6788297557
-----------------------------
| Model.cleanup in progress |
-----------------------------
cleanup: agenda
cleanup: wait queues
coroutine counts = (9322092,9321468,9321155)
[ModelOptimizer] Fitness: 3.9757 | Elapsed: 61.17 sec
[ModelOptimizer] Evaluating parameters: VectorD(4.25307,	4.99873,	-2.55984,	3.87618,	1.50000)

======================================================================
TRAFFIC MODEL BUILDER SUMMARY
======================================================================
Network:      US-101-N-DonaldDoyle
Segments:     7
Lanes:        4
Junctions:    8
Ramps:        2
Sensors:      5
Mode:         PeMS Data-Driven
Car-Following: Krause
ODE Solver:   Ballistic
Vmax:         35.0 m/s
======================================================================
Skipping Source actor due to time limit at clock = 43201.00125327633
Skipping Source actor due to time limit at clock = 43210.6788297557
-----------------------------
| Model.cleanup in progress |
-----------------------------
cleanup: agenda
cleanup: wait queues
coroutine counts = (9381849,9381221,9380906)
[ModelOptimizer] Fitness: 3.7842 | Elapsed: 59.86 sec
[ModelOptimizer] Evaluating parameters: VectorD(5.58985,	3.66196,	-1.22307,	2.53940,	0.727527)

======================================================================
TRAFFIC MODEL BUILDER SUMMARY
======================================================================
Network:      US-101-N-DonaldDoyle
Segments:     7
Lanes:        4
Junctions:    8
Ramps:        2
Sensors:      5
Mode:         PeMS Data-Driven
Car-Following: Krause
ODE Solver:   Ballistic
Vmax:         35.0 m/s
======================================================================
Skipping Source actor due to time limit at clock = 43201.00125327633
Skipping Source actor due to time limit at clock = 43210.6788297557
-----------------------------
| Model.cleanup in progress |
-----------------------------
cleanup: agenda
cleanup: wait queues
coroutine counts = (9441606,9440974,9440657)
[ModelOptimizer] Fitness: 5.6201 | Elapsed: 131.87 sec
[ModelOptimizer] Evaluating parameters: VectorD(4.91086,	4.34094,	-1.90205,	3.21838,	1.40651)

======================================================================
TRAFFIC MODEL BUILDER SUMMARY
======================================================================
Network:      US-101-N-DonaldDoyle
Segments:     7
Lanes:        4
Junctions:    8
Ramps:        2
Sensors:      5
Mode:         PeMS Data-Driven
Car-Following: Krause
ODE Solver:   Ballistic
Vmax:         35.0 m/s
======================================================================
Skipping Source actor due to time limit at clock = 43201.00125327633
Skipping Source actor due to time limit at clock = 43210.6788297557
-----------------------------
| Model.cleanup in progress |
-----------------------------
cleanup: agenda
cleanup: wait queues
coroutine counts = (9501363,9500727,9500408)
[ModelOptimizer] Fitness: 3.8518 | Elapsed: 58.51 sec
[ModelOptimizer] Evaluating parameters: VectorD(5.57801,	3.67379,	-1.23490,	3.88553,	1.50000)

======================================================================
TRAFFIC MODEL BUILDER SUMMARY
======================================================================
Network:      US-101-N-DonaldDoyle
Segments:     7
Lanes:        4
Junctions:    8
Ramps:        2
Sensors:      5
Mode:         PeMS Data-Driven
Car-Following: Krause
ODE Solver:   Ballistic
Vmax:         35.0 m/s
======================================================================
Skipping Source actor due to time limit at clock = 43201.00125327633
Skipping Source actor due to time limit at clock = 43210.6788297557
-----------------------------
| Model.cleanup in progress |
-----------------------------
cleanup: agenda
cleanup: wait queues
coroutine counts = (9561120,9560480,9560159)
[ModelOptimizer] Fitness: 4.0041 | Elapsed: 65.25 sec
[ModelOptimizer] Evaluating parameters: VectorD(4.24371,	5.00809,	-2.56920,	2.55123,	0.739358)

======================================================================
TRAFFIC MODEL BUILDER SUMMARY
======================================================================
Network:      US-101-N-DonaldDoyle
Segments:     7
Lanes:        4
Junctions:    8
Ramps:        2
Sensors:      5
Mode:         PeMS Data-Driven
Car-Following: Krause
ODE Solver:   Ballistic
Vmax:         35.0 m/s
======================================================================
Skipping Source actor due to time limit at clock = 43201.00125327633
Skipping Source actor due to time limit at clock = 43210.6788297557
-----------------------------
| Model.cleanup in progress |
-----------------------------
cleanup: agenda
cleanup: wait queues
coroutine counts = (9620877,9620233,9619910)
[ModelOptimizer] Fitness: 4.8130 | Elapsed: 94.01 sec
[ModelOptimizer] Evaluating parameters: VectorD(4.91552,	4.33628,	-1.89739,	3.22304,	1.41117)

======================================================================
TRAFFIC MODEL BUILDER SUMMARY
======================================================================
Network:      US-101-N-DonaldDoyle
Segments:     7
Lanes:        4
Junctions:    8
Ramps:        2
Sensors:      5
Mode:         PeMS Data-Driven
Car-Following: Krause
ODE Solver:   Ballistic
Vmax:         35.0 m/s
======================================================================
Skipping Source actor due to time limit at clock = 43201.00125327633
Skipping Source actor due to time limit at clock = 43210.6788297557
-----------------------------
| Model.cleanup in progress |
-----------------------------
cleanup: agenda
cleanup: wait queues
coroutine counts = (9680634,9679986,9679661)
[ModelOptimizer] Fitness: 3.8117 | Elapsed: 63.15 sec
[ModelOptimizer] Evaluating parameters: VectorD(5.58146,	3.67035,	-1.23146,	2.55710,	0.745229)

======================================================================
TRAFFIC MODEL BUILDER SUMMARY
======================================================================
Network:      US-101-N-DonaldDoyle
Segments:     7
Lanes:        4
Junctions:    8
Ramps:        2
Sensors:      5
Mode:         PeMS Data-Driven
Car-Following: Krause
ODE Solver:   Ballistic
Vmax:         35.0 m/s
======================================================================
Skipping Source actor due to time limit at clock = 43201.00125327633
Skipping Source actor due to time limit at clock = 43210.6788297557
-----------------------------
| Model.cleanup in progress |
-----------------------------
cleanup: agenda
cleanup: wait queues
coroutine counts = (9740391,9739739,9739412)
[ModelOptimizer] Fitness: 5.6498 | Elapsed: 128.17 sec
[ModelOptimizer] Evaluating parameters: VectorD(4.24959,	5.00222,	-2.56333,	3.88898,	1.50000)

======================================================================
TRAFFIC MODEL BUILDER SUMMARY
======================================================================
Network:      US-101-N-DonaldDoyle
Segments:     7
Lanes:        4
Junctions:    8
Ramps:        2
Sensors:      5
Mode:         PeMS Data-Driven
Car-Following: Krause
ODE Solver:   Ballistic
Vmax:         35.0 m/s
======================================================================
Skipping Source actor due to time limit at clock = 43201.00125327633
Skipping Source actor due to time limit at clock = 43210.6788297557
-----------------------------
| Model.cleanup in progress |
-----------------------------
cleanup: agenda
cleanup: wait queues
coroutine counts = (9800148,9799492,9799163)
[ModelOptimizer] Fitness: 3.7871 | Elapsed: 56.72 sec
[ModelOptimizer] Evaluating parameters: VectorD(4.90482,	4.34699,	-1.90810,	3.23374,	1.42187)

======================================================================
TRAFFIC MODEL BUILDER SUMMARY
======================================================================
Network:      US-101-N-DonaldDoyle
Segments:     7
Lanes:        4
Junctions:    8
Ramps:        2
Sensors:      5
Mode:         PeMS Data-Driven
Car-Following: Krause
ODE Solver:   Ballistic
Vmax:         35.0 m/s
======================================================================
Skipping Source actor due to time limit at clock = 43201.00125327633
Skipping Source actor due to time limit at clock = 43210.6788297557
-----------------------------
| Model.cleanup in progress |
-----------------------------
cleanup: agenda
cleanup: wait queues
coroutine counts = (9859905,9859245,9858914)
[ModelOptimizer] Fitness: 3.9248 | Elapsed: 61.95 sec
      55 |      3.81167981 |      3.81167981 |      55.0% ✓
[ModelOptimizer] Evaluating parameters: VectorD(5.56957,	5.01173,	-2.57284,	2.56900,	1.50000)

======================================================================
TRAFFIC MODEL BUILDER SUMMARY
======================================================================
Network:      US-101-N-DonaldDoyle
Segments:     7
Lanes:        4
Junctions:    8
Ramps:        2
Sensors:      5
Mode:         PeMS Data-Driven
Car-Following: Krause
ODE Solver:   Ballistic
Vmax:         35.0 m/s
======================================================================
Skipping Source actor due to time limit at clock = 43201.00125327633
Skipping Source actor due to time limit at clock = 43210.6788297557
-----------------------------
| Model.cleanup in progress |
-----------------------------
cleanup: agenda
cleanup: wait queues
coroutine counts = (9919662,9918998,9918665)
[ModelOptimizer] Fitness: 3.8168 | Elapsed: 57.33 sec
[ModelOptimizer] Evaluating parameters: VectorD(4.24007,	3.68224,	-1.24335,	3.89849,	0.757122)

======================================================================
TRAFFIC MODEL BUILDER SUMMARY
======================================================================
Network:      US-101-N-DonaldDoyle
Segments:     7
Lanes:        4
Junctions:    8
Ramps:        2
Sensors:      5
Mode:         PeMS Data-Driven
Car-Following: Krause
ODE Solver:   Ballistic
Vmax:         35.0 m/s
======================================================================
Skipping Source actor due to time limit at clock = 43201.00125327633
Skipping Source actor due to time limit at clock = 43210.6788297557
-----------------------------
| Model.cleanup in progress |
-----------------------------
cleanup: agenda
cleanup: wait queues
coroutine counts = (9979419,9978751,9978416)
[ModelOptimizer] Fitness: 5.7350 | Elapsed: 173.14 sec
[ModelOptimizer] Evaluating parameters: VectorD(4.91582,	4.35799,	-1.91910,	3.22274,	1.43287)

======================================================================
TRAFFIC MODEL BUILDER SUMMARY
======================================================================
Network:      US-101-N-DonaldDoyle
Segments:     7
Lanes:        4
Junctions:    8
Ramps:        2
Sensors:      5
Mode:         PeMS Data-Driven
Car-Following: Krause
ODE Solver:   Ballistic
Vmax:         35.0 m/s
======================================================================
Skipping Source actor due to time limit at clock = 43201.00125327633
Skipping Source actor due to time limit at clock = 43210.6788297557
-----------------------------
| Model.cleanup in progress |
-----------------------------
cleanup: agenda
cleanup: wait queues
coroutine counts = (10039176,10038504,10038167)
[ModelOptimizer] Fitness: 4.0418 | Elapsed: 62.94 sec
[ModelOptimizer] Evaluating parameters: VectorD(4.25224,	3.69441,	-2.58268,	3.88632,	1.50000)

======================================================================
TRAFFIC MODEL BUILDER SUMMARY
======================================================================
Network:      US-101-N-DonaldDoyle
Segments:     7
Lanes:        4
Junctions:    8
Ramps:        2
Sensors:      5
Mode:         PeMS Data-Driven
Car-Following: Krause
ODE Solver:   Ballistic
Vmax:         35.0 m/s
======================================================================
Skipping Source actor due to time limit at clock = 43201.00125327633
Skipping Source actor due to time limit at clock = 43210.6788297557
-----------------------------
| Model.cleanup in progress |
-----------------------------
cleanup: agenda
cleanup: wait queues
coroutine counts = (10098933,10098257,10097918)
[ModelOptimizer] Fitness: 3.8715 | Elapsed: 58.46 sec
[ModelOptimizer] Evaluating parameters: VectorD(5.57940,	5.02157,	-1.25552,	2.55916,	0.769289)

======================================================================
TRAFFIC MODEL BUILDER SUMMARY
======================================================================
Network:      US-101-N-DonaldDoyle
Segments:     7
Lanes:        4
Junctions:    8
Ramps:        2
Sensors:      5
Mode:         PeMS Data-Driven
Car-Following: Krause
ODE Solver:   Ballistic
Vmax:         35.0 m/s
======================================================================
Skipping Source actor due to time limit at clock = 43201.00125327633
Skipping Source actor due to time limit at clock = 43210.6788297557
-----------------------------
| Model.cleanup in progress |
-----------------------------
cleanup: agenda
cleanup: wait queues
coroutine counts = (10158690,10158010,10157669)
[ModelOptimizer] Fitness: 5.1168 | Elapsed: 133.69 sec
[ModelOptimizer] Evaluating parameters: VectorD(4.90869,	4.35086,	-1.92622,	3.22987,	1.44000)

======================================================================
TRAFFIC MODEL BUILDER SUMMARY
======================================================================
Network:      US-101-N-DonaldDoyle
Segments:     7
Lanes:        4
Junctions:    8
Ramps:        2
Sensors:      5
Mode:         PeMS Data-Driven
Car-Following: Krause
ODE Solver:   Ballistic
Vmax:         35.0 m/s
======================================================================
Skipping Source actor due to time limit at clock = 43201.00125327633
Skipping Source actor due to time limit at clock = 43210.6788297557
-----------------------------
| Model.cleanup in progress |
-----------------------------
cleanup: agenda
cleanup: wait queues
coroutine counts = (10218447,10217763,10217420)
[ModelOptimizer] Fitness: 4.0590 | Elapsed: 60.26 sec
[ModelOptimizer] Evaluating parameters: VectorD(4.24626,	5.01330,	-1.26379,	2.56743,	0.777560)

======================================================================
TRAFFIC MODEL BUILDER SUMMARY
======================================================================
Network:      US-101-N-DonaldDoyle
Segments:     7
Lanes:        4
Junctions:    8
Ramps:        2
Sensors:      5
Mode:         PeMS Data-Driven
Car-Following: Krause
ODE Solver:   Ballistic
Vmax:         35.0 m/s
======================================================================
Skipping Source actor due to time limit at clock = 43201.00125327633
Skipping Source actor due to time limit at clock = 43210.6788297557
-----------------------------
| Model.cleanup in progress |
-----------------------------
cleanup: agenda
cleanup: wait queues
coroutine counts = (10278204,10277516,10277171)
[ModelOptimizer] Fitness: 4.7906 | Elapsed: 109.49 sec
[ModelOptimizer] Evaluating parameters: VectorD(5.57113,	3.68842,	-2.58866,	3.89231,	1.50000)

======================================================================
TRAFFIC MODEL BUILDER SUMMARY
======================================================================
Network:      US-101-N-DonaldDoyle
Segments:     7
Lanes:        4
Junctions:    8
Ramps:        2
Sensors:      5
Mode:         PeMS Data-Driven
Car-Following: Krause
ODE Solver:   Ballistic
Vmax:         35.0 m/s
======================================================================
Skipping Source actor due to time limit at clock = 43201.00125327633
Skipping Source actor due to time limit at clock = 43210.6788297557
-----------------------------
| Model.cleanup in progress |
-----------------------------
cleanup: agenda
cleanup: wait queues
coroutine counts = (10337961,10337269,10336922)
[ModelOptimizer] Fitness: 3.9249 | Elapsed: 60.96 sec
[ModelOptimizer] Evaluating parameters: VectorD(4.91364,	4.34592,	-1.93117,	3.23481,	1.44494)

======================================================================
TRAFFIC MODEL BUILDER SUMMARY
======================================================================
Network:      US-101-N-DonaldDoyle
Segments:     7
Lanes:        4
Junctions:    8
Ramps:        2
Sensors:      5
Mode:         PeMS Data-Driven
Car-Following: Krause
ODE Solver:   Ballistic
Vmax:         35.0 m/s
======================================================================
Skipping Source actor due to time limit at clock = 43201.00125327633
Skipping Source actor due to time limit at clock = 43210.6788297557
-----------------------------
| Model.cleanup in progress |
-----------------------------
cleanup: agenda
cleanup: wait queues
coroutine counts = (10397718,10397022,10396673)
[ModelOptimizer] Fitness: 4.0797 | Elapsed: 60.09 sec
[ModelOptimizer] Evaluating parameters: VectorD(4.25232,	3.68460,	-2.59248,	2.57350,	1.50000)

======================================================================
TRAFFIC MODEL BUILDER SUMMARY
======================================================================
Network:      US-101-N-DonaldDoyle
Segments:     7
Lanes:        4
Junctions:    8
Ramps:        2
Sensors:      5
Mode:         PeMS Data-Driven
Car-Following: Krause
ODE Solver:   Ballistic
Vmax:         35.0 m/s
======================================================================
Skipping Source actor due to time limit at clock = 43201.00125327633
Skipping Source actor due to time limit at clock = 43210.6788297557
-----------------------------
| Model.cleanup in progress |
-----------------------------
cleanup: agenda
cleanup: wait queues
coroutine counts = (10457475,10456775,10456424)
[ModelOptimizer] Fitness: 3.8505 | Elapsed: 59.22 sec
[ModelOptimizer] Evaluating parameters: VectorD(5.57495,	5.00723,	-1.26986,	3.89613,	0.783628)

======================================================================
TRAFFIC MODEL BUILDER SUMMARY
======================================================================
Network:      US-101-N-DonaldDoyle
Segments:     7
Lanes:        4
Junctions:    8
Ramps:        2
Sensors:      5
Mode:         PeMS Data-Driven
Car-Following: Krause
ODE Solver:   Ballistic
Vmax:         35.0 m/s
======================================================================
Skipping Source actor due to time limit at clock = 43201.00125327633
Skipping Source actor due to time limit at clock = 43210.6788297557
-----------------------------
| Model.cleanup in progress |
-----------------------------
cleanup: agenda
cleanup: wait queues
coroutine counts = (10517232,10516528,10516175)
[ModelOptimizer] Fitness: 5.3492 | Elapsed: 205.99 sec
[ModelOptimizer] Evaluating parameters: VectorD(4.90509,	4.33737,	-1.93971,	3.22627,	1.45348)

======================================================================
TRAFFIC MODEL BUILDER SUMMARY
======================================================================
Network:      US-101-N-DonaldDoyle
Segments:     7
Lanes:        4
Junctions:    8
Ramps:        2
Sensors:      5
Mode:         PeMS Data-Driven
Car-Following: Krause
ODE Solver:   Ballistic
Vmax:         35.0 m/s
======================================================================
Skipping Source actor due to time limit at clock = 43201.00125327633
Skipping Source actor due to time limit at clock = 43210.6788297557
-----------------------------
| Model.cleanup in progress |
-----------------------------
cleanup: agenda
cleanup: wait queues
coroutine counts = (10576989,10576281,10575926)
[ModelOptimizer] Fitness: 4.2362 | Elapsed: 59.86 sec
[ModelOptimizer] Evaluating parameters: VectorD(4.24488,	4.99758,	-1.27950,	2.56606,	1.50000)

======================================================================
TRAFFIC MODEL BUILDER SUMMARY
======================================================================
Network:      US-101-N-DonaldDoyle
Segments:     7
Lanes:        4
Junctions:    8
Ramps:        2
Sensors:      5
Mode:         PeMS Data-Driven
Car-Following: Krause
ODE Solver:   Ballistic
Vmax:         35.0 m/s
======================================================================
Skipping Source actor due to time limit at clock = 43201.00125327633
Skipping Source actor due to time limit at clock = 43210.6788297557
-----------------------------
| Model.cleanup in progress |
-----------------------------
cleanup: agenda
cleanup: wait queues
coroutine counts = (10636746,10636034,10635677)
[ModelOptimizer] Fitness: 3.5946 | Elapsed: 55.08 sec
[ModelOptimizer] Evaluating parameters: VectorD(5.56530,	3.67717,	-2.59992,	3.88648,	0.793272)

======================================================================
TRAFFIC MODEL BUILDER SUMMARY
======================================================================
Network:      US-101-N-DonaldDoyle
Segments:     7
Lanes:        4
Junctions:    8
Ramps:        2
Sensors:      5
Mode:         PeMS Data-Driven
Car-Following: Krause
ODE Solver:   Ballistic
Vmax:         35.0 m/s
======================================================================
Skipping Source actor due to time limit at clock = 43201.00125327633
Skipping Source actor due to time limit at clock = 43210.6788297557
-----------------------------
| Model.cleanup in progress |
-----------------------------
cleanup: agenda
cleanup: wait queues
coroutine counts = (10696503,10695787,10695428)
[ModelOptimizer] Fitness: 4.9741 | Elapsed: 94.34 sec
[ModelOptimizer] Evaluating parameters: VectorD(4.89725,	4.34522,	-1.93186,	3.21843,	1.46133)

======================================================================
TRAFFIC MODEL BUILDER SUMMARY
======================================================================
Network:      US-101-N-DonaldDoyle
Segments:     7
Lanes:        4
Junctions:    8
Ramps:        2
Sensors:      5
Mode:         PeMS Data-Driven
Car-Following: Krause
ODE Solver:   Ballistic
Vmax:         35.0 m/s
======================================================================
Skipping Source actor due to time limit at clock = 43201.00125327633
Skipping Source actor due to time limit at clock = 43210.6788297557
-----------------------------
| Model.cleanup in progress |
-----------------------------
cleanup: agenda
cleanup: wait queues
coroutine counts = (10756260,10755540,10755179)
[ModelOptimizer] Fitness: 4.1571 | Elapsed: 61.32 sec
      60 |      3.81167981 |      3.81167981 |      60.0% ✓
[ModelOptimizer] Evaluating parameters: VectorD(5.55637,	5.00435,	-1.27274,	3.87755,	0.802201)

======================================================================
TRAFFIC MODEL BUILDER SUMMARY
======================================================================
Network:      US-101-N-DonaldDoyle
Segments:     7
Lanes:        4
Junctions:    8
Ramps:        2
Sensors:      5
Mode:         PeMS Data-Driven
Car-Following: Krause
ODE Solver:   Ballistic
Vmax:         35.0 m/s
======================================================================
Skipping Source actor due to time limit at clock = 43201.00125327633
Skipping Source actor due to time limit at clock = 43210.6788297557
-----------------------------
| Model.cleanup in progress |
-----------------------------
cleanup: agenda
cleanup: wait queues
coroutine counts = (10816017,10815293,10814930)
[ModelOptimizer] Fitness: 5.1066 | Elapsed: 198.58 sec
[ModelOptimizer] Evaluating parameters: VectorD(4.23812,	3.68609,	-2.59099,	2.55930,	1.50000)

======================================================================
TRAFFIC MODEL BUILDER SUMMARY
======================================================================
Network:      US-101-N-DonaldDoyle
Segments:     7
Lanes:        4
Junctions:    8
Ramps:        2
Sensors:      5
Mode:         PeMS Data-Driven
Car-Following: Krause
ODE Solver:   Ballistic
Vmax:         35.0 m/s
======================================================================
Skipping Source actor due to time limit at clock = 43201.00125327633
Skipping Source actor due to time limit at clock = 43210.6788297557
-----------------------------
| Model.cleanup in progress |
-----------------------------
cleanup: agenda
cleanup: wait queues
coroutine counts = (10875774,10875046,10874681)
[ModelOptimizer] Fitness: 3.8576 | Elapsed: 56.89 sec
[ModelOptimizer] Evaluating parameters: VectorD(4.89016,	4.33813,	-1.93895,	3.21134,	1.46842)

======================================================================
TRAFFIC MODEL BUILDER SUMMARY
======================================================================
Network:      US-101-N-DonaldDoyle
Segments:     7
Lanes:        4
Junctions:    8
Ramps:        2
Sensors:      5
Mode:         PeMS Data-Driven
Car-Following: Krause
ODE Solver:   Ballistic
Vmax:         35.0 m/s
======================================================================
Skipping Source actor due to time limit at clock = 43201.00125327633
Skipping Source actor due to time limit at clock = 43210.6788297557
-----------------------------
| Model.cleanup in progress |
-----------------------------
cleanup: agenda
cleanup: wait queues
coroutine counts = (10935531,10934799,10934432)
[ModelOptimizer] Fitness: 3.7750 | Elapsed: 58.25 sec
[ModelOptimizer] Evaluating parameters: VectorD(5.54822,	4.99619,	-1.28089,	3.86940,	0.810353)

======================================================================
TRAFFIC MODEL BUILDER SUMMARY
======================================================================
Network:      US-101-N-DonaldDoyle
Segments:     7
Lanes:        4
Junctions:    8
Ramps:        2
Sensors:      5
Mode:         PeMS Data-Driven
Car-Following: Krause
ODE Solver:   Ballistic
Vmax:         35.0 m/s
======================================================================
Skipping Source actor due to time limit at clock = 43201.00125327633
Skipping Source actor due to time limit at clock = 43210.6788297557
-----------------------------
| Model.cleanup in progress |
-----------------------------
cleanup: agenda
cleanup: wait queues
coroutine counts = (10995288,10994552,10994183)
[ModelOptimizer] Fitness: 4.9295 | Elapsed: 162.75 sec
[ModelOptimizer] Evaluating parameters: VectorD(4.23210,	3.68007,	-2.59701,	2.55328,	1.50000)

======================================================================
TRAFFIC MODEL BUILDER SUMMARY
======================================================================
Network:      US-101-N-DonaldDoyle
Segments:     7
Lanes:        4
Junctions:    8
Ramps:        2
Sensors:      5
Mode:         PeMS Data-Driven
Car-Following: Krause
ODE Solver:   Ballistic
Vmax:         35.0 m/s
======================================================================
Skipping Source actor due to time limit at clock = 43201.00125327633
Skipping Source actor due to time limit at clock = 43210.6788297557
-----------------------------
| Model.cleanup in progress |
-----------------------------
cleanup: agenda
cleanup: wait queues
coroutine counts = (11055045,11054305,11053934)
[ModelOptimizer] Fitness: 3.8562 | Elapsed: 59.56 sec
[ModelOptimizer] Evaluating parameters: VectorD(4.88408,	4.33205,	-1.94503,	3.20526,	1.47449)

======================================================================
TRAFFIC MODEL BUILDER SUMMARY
======================================================================
Network:      US-101-N-DonaldDoyle
Segments:     7
Lanes:        4
Junctions:    8
Ramps:        2
Sensors:      5
Mode:         PeMS Data-Driven
Car-Following: Krause
ODE Solver:   Ballistic
Vmax:         35.0 m/s
======================================================================
Skipping Source actor due to time limit at clock = 43201.00125327633
Skipping Source actor due to time limit at clock = 43210.6788297557
-----------------------------
| Model.cleanup in progress |
-----------------------------
cleanup: agenda
cleanup: wait queues
coroutine counts = (11114802,11114058,11113685)
[ModelOptimizer] Fitness: 3.8165 | Elapsed: 58.65 sec
[ModelOptimizer] Evaluating parameters: VectorD(5.54110,	4.98907,	-2.60205,	3.86228,	0.817478)

======================================================================
TRAFFIC MODEL BUILDER SUMMARY
======================================================================
Network:      US-101-N-DonaldDoyle
Segments:     7
Lanes:        4
Junctions:    8
Ramps:        2
Sensors:      5
Mode:         PeMS Data-Driven
Car-Following: Krause
ODE Solver:   Ballistic
Vmax:         35.0 m/s
======================================================================
Skipping Source actor due to time limit at clock = 43201.00125327633
Skipping Source actor due to time limit at clock = 43210.6788297557
-----------------------------
| Model.cleanup in progress |
-----------------------------
cleanup: agenda
cleanup: wait queues
coroutine counts = (11174559,11173811,11173436)
[ModelOptimizer] Fitness: 3.9395 | Elapsed: 81.01 sec
[ModelOptimizer] Evaluating parameters: VectorD(4.22707,	3.67504,	-1.28801,	2.54825,	1.50000)

======================================================================
TRAFFIC MODEL BUILDER SUMMARY
======================================================================
Network:      US-101-N-DonaldDoyle
Segments:     7
Lanes:        4
Junctions:    8
Ramps:        2
Sensors:      5
Mode:         PeMS Data-Driven
Car-Following: Krause
ODE Solver:   Ballistic
Vmax:         35.0 m/s
======================================================================
Skipping Source actor due to time limit at clock = 43201.00125327633
Skipping Source actor due to time limit at clock = 43210.6788297557
-----------------------------
| Model.cleanup in progress |
-----------------------------
cleanup: agenda
cleanup: wait queues
coroutine counts = (11234316,11233564,11233187)
[ModelOptimizer] Fitness: 3.7531 | Elapsed: 58.35 sec
[ModelOptimizer] Evaluating parameters: VectorD(4.88303,	4.33100,	-1.94398,	3.20421,	1.47555)

======================================================================
TRAFFIC MODEL BUILDER SUMMARY
======================================================================
Network:      US-101-N-DonaldDoyle
Segments:     7
Lanes:        4
Junctions:    8
Ramps:        2
Sensors:      5
Mode:         PeMS Data-Driven
Car-Following: Krause
ODE Solver:   Ballistic
Vmax:         35.0 m/s
======================================================================
Skipping Source actor due to time limit at clock = 43201.00125327633
Skipping Source actor due to time limit at clock = 43210.6788297557
-----------------------------
| Model.cleanup in progress |
-----------------------------
cleanup: agenda
cleanup: wait queues
coroutine counts = (11294073,11293317,11292938)
[ModelOptimizer] Fitness: 3.7733 | Elapsed: 58.85 sec
[ModelOptimizer] Evaluating parameters: VectorD(4.22704,	4.98699,	-2.59996,	2.54822,	1.50000)

======================================================================
TRAFFIC MODEL BUILDER SUMMARY
======================================================================
Network:      US-101-N-DonaldDoyle
Segments:     7
Lanes:        4
Junctions:    8
Ramps:        2
Sensors:      5
Mode:         PeMS Data-Driven
Car-Following: Krause
ODE Solver:   Ballistic
Vmax:         35.0 m/s
======================================================================
Skipping Source actor due to time limit at clock = 43201.00125327633
Skipping Source actor due to time limit at clock = 43210.6788297557
-----------------------------
| Model.cleanup in progress |
-----------------------------
cleanup: agenda
cleanup: wait queues
coroutine counts = (11353830,11353070,11352689)
[ModelOptimizer] Fitness: 3.8009 | Elapsed: 59.90 sec
[ModelOptimizer] Evaluating parameters: VectorD(5.53902,	3.67501,	-1.28799,	3.86020,	0.819559)

======================================================================
TRAFFIC MODEL BUILDER SUMMARY
======================================================================
Network:      US-101-N-DonaldDoyle
Segments:     7
Lanes:        4
Junctions:    8
Ramps:        2
Sensors:      5
Mode:         PeMS Data-Driven
Car-Following: Krause
ODE Solver:   Ballistic
Vmax:         35.0 m/s
======================================================================
Skipping Source actor due to time limit at clock = 43201.00125327633
Skipping Source actor due to time limit at clock = 43210.6788297557
-----------------------------
| Model.cleanup in progress |
-----------------------------
cleanup: agenda
cleanup: wait queues
coroutine counts = (11413587,11412823,11412440)
[ModelOptimizer] Fitness: 4.8308 | Elapsed: 100.64 sec
[ModelOptimizer] Evaluating parameters: VectorD(4.87722,	4.33681,	-1.94978,	3.19840,	1.48136)

======================================================================
TRAFFIC MODEL BUILDER SUMMARY
======================================================================
Network:      US-101-N-DonaldDoyle
Segments:     7
Lanes:        4
Junctions:    8
Ramps:        2
Sensors:      5
Mode:         PeMS Data-Driven
Car-Following: Krause
ODE Solver:   Ballistic
Vmax:         35.0 m/s
======================================================================
Skipping Source actor due to time limit at clock = 43201.00125327633
Skipping Source actor due to time limit at clock = 43210.6788297557
-----------------------------
| Model.cleanup in progress |
-----------------------------
cleanup: agenda
cleanup: wait queues
coroutine counts = (11473344,11472576,11472191)
[ModelOptimizer] Fitness: 3.7058 | Elapsed: 58.68 sec
[ModelOptimizer] Evaluating parameters: VectorD(4.22224,	3.68183,	-2.60476,	2.54342,	1.50000)

======================================================================
TRAFFIC MODEL BUILDER SUMMARY
======================================================================
Network:      US-101-N-DonaldDoyle
Segments:     7
Lanes:        4
Junctions:    8
Ramps:        2
Sensors:      5
Mode:         PeMS Data-Driven
Car-Following: Krause
ODE Solver:   Ballistic
Vmax:         35.0 m/s
======================================================================
Skipping Source actor due to time limit at clock = 43201.00125327633
Skipping Source actor due to time limit at clock = 43210.6788297557
-----------------------------
| Model.cleanup in progress |
-----------------------------
cleanup: agenda
cleanup: wait queues
coroutine counts = (11533101,11532329,11531942)
[ModelOptimizer] Fitness: 3.8819 | Elapsed: 60.75 sec
[ModelOptimizer] Evaluating parameters: VectorD(5.53220,	4.99179,	-1.29481,	3.85338,	0.826378)

======================================================================
TRAFFIC MODEL BUILDER SUMMARY
======================================================================
Network:      US-101-N-DonaldDoyle
Segments:     7
Lanes:        4
Junctions:    8
Ramps:        2
Sensors:      5
Mode:         PeMS Data-Driven
Car-Following: Krause
ODE Solver:   Ballistic
Vmax:         35.0 m/s
======================================================================
Skipping Source actor due to time limit at clock = 43201.00125327633
Skipping Source actor due to time limit at clock = 43210.6788297557
-----------------------------
| Model.cleanup in progress |
-----------------------------
cleanup: agenda
cleanup: wait queues
coroutine counts = (11592858,11592082,11591693)
[ModelOptimizer] Fitness: 4.9638 | Elapsed: 138.52 sec
[ModelOptimizer] Evaluating parameters: VectorD(4.87113,	4.33072,	-1.95587,	3.19231,	1.48744)

======================================================================
TRAFFIC MODEL BUILDER SUMMARY
======================================================================
Network:      US-101-N-DonaldDoyle
Segments:     7
Lanes:        4
Junctions:    8
Ramps:        2
Sensors:      5
Mode:         PeMS Data-Driven
Car-Following: Krause
ODE Solver:   Ballistic
Vmax:         35.0 m/s
======================================================================
Skipping Source actor due to time limit at clock = 43201.00125327633
Skipping Source actor due to time limit at clock = 43210.6788297557
-----------------------------
| Model.cleanup in progress |
-----------------------------
cleanup: agenda
cleanup: wait queues
coroutine counts = (11652615,11651835,11651444)
[ModelOptimizer] Fitness: 3.8434 | Elapsed: 60.33 sec
      65 |      3.70583045 |      3.70583045 |      65.0% ✓
[ModelOptimizer] Evaluating parameters: VectorD(4.21715,	3.67674,	-1.30189,	2.53833,	1.50000)

======================================================================
TRAFFIC MODEL BUILDER SUMMARY
======================================================================
Network:      US-101-N-DonaldDoyle
Segments:     7
Lanes:        4
Junctions:    8
Ramps:        2
Sensors:      5
Mode:         PeMS Data-Driven
Car-Following: Krause
ODE Solver:   Ballistic
Vmax:         35.0 m/s
======================================================================
Skipping Source actor due to time limit at clock = 43201.00125327633
Skipping Source actor due to time limit at clock = 43210.6788297557
-----------------------------
| Model.cleanup in progress |
-----------------------------
cleanup: agenda
cleanup: wait queues
coroutine counts = (11712372,11711588,11711195)
[ModelOptimizer] Fitness: 3.7448 | Elapsed: 62.61 sec
[ModelOptimizer] Evaluating parameters: VectorD(5.52511,	4.98470,	-2.60986,	3.84629,	0.833461)

======================================================================
TRAFFIC MODEL BUILDER SUMMARY
======================================================================
Network:      US-101-N-DonaldDoyle
Segments:     7
Lanes:        4
Junctions:    8
Ramps:        2
Sensors:      5
Mode:         PeMS Data-Driven
Car-Following: Krause
ODE Solver:   Ballistic
Vmax:         35.0 m/s
======================================================================
Skipping Source actor due to time limit at clock = 43201.00125327633
Skipping Source actor due to time limit at clock = 43210.6788297557
-----------------------------
| Model.cleanup in progress |
-----------------------------
cleanup: agenda
cleanup: wait queues
coroutine counts = (11772129,11771341,11770946)
[ModelOptimizer] Fitness: 4.1854 | Elapsed: 86.01 sec
[ModelOptimizer] Evaluating parameters: VectorD(4.86866,	4.32824,	-1.95340,	3.18984,	1.48992)

======================================================================
TRAFFIC MODEL BUILDER SUMMARY
======================================================================
Network:      US-101-N-DonaldDoyle
Segments:     7
Lanes:        4
Junctions:    8
Ramps:        2
Sensors:      5
Mode:         PeMS Data-Driven
Car-Following: Krause
ODE Solver:   Ballistic
Vmax:         35.0 m/s
======================================================================
Skipping Source actor due to time limit at clock = 43201.00125327633
Skipping Source actor due to time limit at clock = 43210.6788297557
-----------------------------
| Model.cleanup in progress |
-----------------------------
cleanup: agenda
cleanup: wait queues
coroutine counts = (11831886,11831094,11830697)
[ModelOptimizer] Fitness: 3.8651 | Elapsed: 58.42 sec
[ModelOptimizer] Evaluating parameters: VectorD(5.52166,	3.67524,	-1.30039,	2.53683,	1.50000)

======================================================================
TRAFFIC MODEL BUILDER SUMMARY
======================================================================
Network:      US-101-N-DonaldDoyle
Segments:     7
Lanes:        4
Junctions:    8
Ramps:        2
Sensors:      5
Mode:         PeMS Data-Driven
Car-Following: Krause
ODE Solver:   Ballistic
Vmax:         35.0 m/s
======================================================================
Skipping Source actor due to time limit at clock = 43201.00125327633
Skipping Source actor due to time limit at clock = 43210.6788297557
-----------------------------
| Model.cleanup in progress |
-----------------------------
cleanup: agenda
cleanup: wait queues
coroutine counts = (11891643,11890847,11890448)
[ModelOptimizer] Fitness: 3.8225 | Elapsed: 65.75 sec
[ModelOptimizer] Evaluating parameters: VectorD(4.21565,	4.98125,	-2.60640,	3.84284,	0.836914)

======================================================================
TRAFFIC MODEL BUILDER SUMMARY
======================================================================
Network:      US-101-N-DonaldDoyle
Segments:     7
Lanes:        4
Junctions:    8
Ramps:        2
Sensors:      5
Mode:         PeMS Data-Driven
Car-Following: Krause
ODE Solver:   Ballistic
Vmax:         35.0 m/s
======================================================================
Skipping Source actor due to time limit at clock = 43201.00125327633
Skipping Source actor due to time limit at clock = 43210.6788297557
-----------------------------
| Model.cleanup in progress |
-----------------------------
cleanup: agenda
cleanup: wait queues
coroutine counts = (11951400,11950600,11950199)
[ModelOptimizer] Fitness: 5.2633 | Elapsed: 245.27 sec
[ModelOptimizer] Evaluating parameters: VectorD(4.87673,	4.32017,	-1.94532,	3.18176,	1.49799)

======================================================================
TRAFFIC MODEL BUILDER SUMMARY
======================================================================
Network:      US-101-N-DonaldDoyle
Segments:     7
Lanes:        4
Junctions:    8
Ramps:        2
Sensors:      5
Mode:         PeMS Data-Driven
Car-Following: Krause
ODE Solver:   Ballistic
Vmax:         35.0 m/s
======================================================================
Skipping Source actor due to time limit at clock = 43201.00125327633
Skipping Source actor due to time limit at clock = 43210.6788297557
-----------------------------
| Model.cleanup in progress |
-----------------------------
cleanup: agenda
cleanup: wait queues
coroutine counts = (12011157,12010353,12009950)
[ModelOptimizer] Fitness: 3.6521 | Elapsed: 57.36 sec
[ModelOptimizer] Evaluating parameters: VectorD(4.22469,	3.66813,	-2.59737,	3.83380,	1.50000)

======================================================================
TRAFFIC MODEL BUILDER SUMMARY
======================================================================
Network:      US-101-N-DonaldDoyle
Segments:     7
Lanes:        4
Junctions:    8
Ramps:        2
Sensors:      5
Mode:         PeMS Data-Driven
Car-Following: Krause
ODE Solver:   Ballistic
Vmax:         35.0 m/s
======================================================================
Skipping Source actor due to time limit at clock = 43201.00125327633
Skipping Source actor due to time limit at clock = 43210.6788297557
-----------------------------
| Model.cleanup in progress |
-----------------------------
cleanup: agenda
cleanup: wait queues
coroutine counts = (12070914,12070106,12069701)
[ModelOptimizer] Fitness: 3.8493 | Elapsed: 61.23 sec
[ModelOptimizer] Evaluating parameters: VectorD(5.52877,	4.97221,	-1.29328,	2.52972,	0.845951)

======================================================================
TRAFFIC MODEL BUILDER SUMMARY
======================================================================
Network:      US-101-N-DonaldDoyle
Segments:     7
Lanes:        4
Junctions:    8
Ramps:        2
Sensors:      5
Mode:         PeMS Data-Driven
Car-Following: Krause
ODE Solver:   Ballistic
Vmax:         35.0 m/s
======================================================================
Skipping Source actor due to time limit at clock = 43201.00125327633
Skipping Source actor due to time limit at clock = 43210.6788297557
-----------------------------
| Model.cleanup in progress |
-----------------------------
cleanup: agenda
cleanup: wait queues
coroutine counts = (12130671,12129859,12129452)
[ModelOptimizer] Fitness: 4.9955 | Elapsed: 158.06 sec
[ModelOptimizer] Evaluating parameters: VectorD(4.87032,	4.31376,	-1.95173,	3.18817,	1.50000)

======================================================================
TRAFFIC MODEL BUILDER SUMMARY
======================================================================
Network:      US-101-N-DonaldDoyle
Segments:     7
Lanes:        4
Junctions:    8
Ramps:        2
Sensors:      5
Mode:         PeMS Data-Driven
Car-Following: Krause
ODE Solver:   Ballistic
Vmax:         35.0 m/s
======================================================================
Skipping Source actor due to time limit at clock = 43201.00125327633
Skipping Source actor due to time limit at clock = 43210.6788297557
-----------------------------
| Model.cleanup in progress |
-----------------------------
cleanup: agenda
cleanup: wait queues
coroutine counts = (12190428,12189612,12189203)
[ModelOptimizer] Fitness: 3.7394 | Elapsed: 60.18 sec
[ModelOptimizer] Evaluating parameters: VectorD(4.21923,	4.96486,	-1.30064,	2.53707,	1.50000)

======================================================================
TRAFFIC MODEL BUILDER SUMMARY
======================================================================
Network:      US-101-N-DonaldDoyle
Segments:     7
Lanes:        4
Junctions:    8
Ramps:        2
Sensors:      5
Mode:         PeMS Data-Driven
Car-Following: Krause
ODE Solver:   Ballistic
Vmax:         35.0 m/s
======================================================================
Skipping Source actor due to time limit at clock = 43201.00125327633
Skipping Source actor due to time limit at clock = 43210.6788297557
-----------------------------
| Model.cleanup in progress |
-----------------------------
cleanup: agenda
cleanup: wait queues
coroutine counts = (12250185,12249365,12248954)
[ModelOptimizer] Fitness: 3.5845 | Elapsed: 58.82 sec
[ModelOptimizer] Evaluating parameters: VectorD(5.52142,	3.66266,	-2.60283,	3.83927,	0.853308)

======================================================================
TRAFFIC MODEL BUILDER SUMMARY
======================================================================
Network:      US-101-N-DonaldDoyle
Segments:     7
Lanes:        4
Junctions:    8
Ramps:        2
Sensors:      5
Mode:         PeMS Data-Driven
Car-Following: Krause
ODE Solver:   Ballistic
Vmax:         35.0 m/s
======================================================================
Skipping Source actor due to time limit at clock = 43201.00125327633
Skipping Source actor due to time limit at clock = 43210.6788297557
-----------------------------
| Model.cleanup in progress |
-----------------------------
cleanup: agenda
cleanup: wait queues
coroutine counts = (12309942,12309118,12308705)
[ModelOptimizer] Fitness: 5.1537 | Elapsed: 101.48 sec
[ModelOptimizer] Evaluating parameters: VectorD(4.86156,	4.32252,	-1.94298,	3.17941,	1.50000)

======================================================================
TRAFFIC MODEL BUILDER SUMMARY
======================================================================
Network:      US-101-N-DonaldDoyle
Segments:     7
Lanes:        4
Junctions:    8
Ramps:        2
Sensors:      5
Mode:         PeMS Data-Driven
Car-Following: Krause
ODE Solver:   Ballistic
Vmax:         35.0 m/s
======================================================================
Skipping Source actor due to time limit at clock = 43201.00125327633
Skipping Source actor due to time limit at clock = 43210.6788297557
-----------------------------
| Model.cleanup in progress |
-----------------------------
cleanup: agenda
cleanup: wait queues
coroutine counts = (12369699,12368871,12368456)
[ModelOptimizer] Fitness: 3.6883 | Elapsed: 58.14 sec
[ModelOptimizer] Evaluating parameters: VectorD(4.21140,	3.67235,	-1.29281,	3.82958,	1.50000)

======================================================================
TRAFFIC MODEL BUILDER SUMMARY
======================================================================
Network:      US-101-N-DonaldDoyle
Segments:     7
Lanes:        4
Junctions:    8
Ramps:        2
Sensors:      5
Mode:         PeMS Data-Driven
Car-Following: Krause
ODE Solver:   Ballistic
Vmax:         35.0 m/s
======================================================================
Skipping Source actor due to time limit at clock = 43201.00125327633
Skipping Source actor due to time limit at clock = 43210.6788297557
-----------------------------
| Model.cleanup in progress |
-----------------------------
cleanup: agenda
cleanup: wait queues
coroutine counts = (12429456,12428624,12428207)
[ModelOptimizer] Fitness: 3.7755 | Elapsed: 60.30 sec
[ModelOptimizer] Evaluating parameters: VectorD(5.51173,	4.97268,	-2.59314,	2.52925,	0.862999)

======================================================================
TRAFFIC MODEL BUILDER SUMMARY
======================================================================
Network:      US-101-N-DonaldDoyle
Segments:     7
Lanes:        4
Junctions:    8
Ramps:        2
Sensors:      5
Mode:         PeMS Data-Driven
Car-Following: Krause
ODE Solver:   Ballistic
Vmax:         35.0 m/s
======================================================================
Skipping Source actor due to time limit at clock = 43201.00125327633
Skipping Source actor due to time limit at clock = 43210.6788297557
-----------------------------
| Model.cleanup in progress |
-----------------------------
cleanup: agenda
cleanup: wait queues
coroutine counts = (12489213,12488377,12487958)
[ModelOptimizer] Fitness: 4.6065 | Elapsed: 108.61 sec
[ModelOptimizer] Evaluating parameters: VectorD(4.85694,	4.31789,	-1.93835,	3.18404,	1.50000)

======================================================================
TRAFFIC MODEL BUILDER SUMMARY
======================================================================
Network:      US-101-N-DonaldDoyle
Segments:     7
Lanes:        4
Junctions:    8
Ramps:        2
Sensors:      5
Mode:         PeMS Data-Driven
Car-Following: Krause
ODE Solver:   Ballistic
Vmax:         35.0 m/s
======================================================================
Skipping Source actor due to time limit at clock = 43201.00125327633
Skipping Source actor due to time limit at clock = 43210.6788297557
-----------------------------
| Model.cleanup in progress |
-----------------------------
cleanup: agenda
cleanup: wait queues
coroutine counts = (12548970,12548130,12547709)
[ModelOptimizer] Fitness: 3.7161 | Elapsed: 56.28 sec
      70 |      3.65213759 |      3.65213759 |      70.0% ✓
[ModelOptimizer] Evaluating parameters: VectorD(4.20769,	3.66864,	-1.28910,	3.83329,	0.868545)

======================================================================
TRAFFIC MODEL BUILDER SUMMARY
======================================================================
Network:      US-101-N-DonaldDoyle
Segments:     7
Lanes:        4
Junctions:    8
Ramps:        2
Sensors:      5
Mode:         PeMS Data-Driven
Car-Following: Krause
ODE Solver:   Ballistic
Vmax:         35.0 m/s
======================================================================
Skipping Source actor due to time limit at clock = 43201.00125327633
Skipping Source actor due to time limit at clock = 43210.6788297557
-----------------------------
| Model.cleanup in progress |
-----------------------------
cleanup: agenda
cleanup: wait queues
coroutine counts = (12608727,12607883,12607460)
[ModelOptimizer] Fitness: 5.7872 | Elapsed: 251.49 sec
[ModelOptimizer] Evaluating parameters: VectorD(5.50618,	4.96714,	-2.58759,	2.53479,	1.50000)

======================================================================
TRAFFIC MODEL BUILDER SUMMARY
======================================================================
Network:      US-101-N-DonaldDoyle
Segments:     7
Lanes:        4
Junctions:    8
Ramps:        2
Sensors:      5
Mode:         PeMS Data-Driven
Car-Following: Krause
ODE Solver:   Ballistic
Vmax:         35.0 m/s
======================================================================
Skipping Source actor due to time limit at clock = 43201.00125327633
Skipping Source actor due to time limit at clock = 43210.6788297557
-----------------------------
| Model.cleanup in progress |
-----------------------------
cleanup: agenda
cleanup: wait queues
coroutine counts = (12668484,12667636,12667211)
[ModelOptimizer] Fitness: 3.8361 | Elapsed: 55.27 sec
[ModelOptimizer] Evaluating parameters: VectorD(4.86778,	4.32873,	-1.94919,	3.17320,	1.50000)

======================================================================
TRAFFIC MODEL BUILDER SUMMARY
======================================================================
Network:      US-101-N-DonaldDoyle
Segments:     7
Lanes:        4
Junctions:    8
Ramps:        2
Sensors:      5
Mode:         PeMS Data-Driven
Car-Following: Krause
ODE Solver:   Ballistic
Vmax:         35.0 m/s
======================================================================
Skipping Source actor due to time limit at clock = 43201.00125327633
Skipping Source actor due to time limit at clock = 43210.6788297557
-----------------------------
| Model.cleanup in progress |
-----------------------------
cleanup: agenda
cleanup: wait queues
coroutine counts = (12728241,12727389,12726962)
[ModelOptimizer] Fitness: 3.7229 | Elapsed: 62.01 sec
[ModelOptimizer] Evaluating parameters: VectorD(4.21944,	3.68039,	-2.59753,	3.82154,	1.50000)

======================================================================
TRAFFIC MODEL BUILDER SUMMARY
======================================================================
Network:      US-101-N-DonaldDoyle
Segments:     7
Lanes:        4
Junctions:    8
Ramps:        2
Sensors:      5
Mode:         PeMS Data-Driven
Car-Following: Krause
ODE Solver:   Ballistic
Vmax:         35.0 m/s
======================================================================
Skipping Source actor due to time limit at clock = 43201.00125327633
Skipping Source actor due to time limit at clock = 43210.6788297557
-----------------------------
| Model.cleanup in progress |
-----------------------------
cleanup: agenda
cleanup: wait queues
coroutine counts = (12787998,12787142,12786713)
[ModelOptimizer] Fitness: 3.8482 | Elapsed: 57.22 sec
[ModelOptimizer] Evaluating parameters: VectorD(5.51612,	4.97707,	-1.30085,	2.52486,	0.880292)

======================================================================
TRAFFIC MODEL BUILDER SUMMARY
======================================================================
Network:      US-101-N-DonaldDoyle
Segments:     7
Lanes:        4
Junctions:    8
Ramps:        2
Sensors:      5
Mode:         PeMS Data-Driven
Car-Following: Krause
ODE Solver:   Ballistic
Vmax:         35.0 m/s
======================================================================
Skipping Source actor due to time limit at clock = 43201.00125327633
Skipping Source actor due to time limit at clock = 43210.6788297557
-----------------------------
| Model.cleanup in progress |
-----------------------------
cleanup: agenda
cleanup: wait queues
coroutine counts = (12847755,12846895,12846464)
[ModelOptimizer] Fitness: 4.3932 | Elapsed: 81.08 sec
[ModelOptimizer] Evaluating parameters: VectorD(4.86476,	4.32571,	-1.95221,	3.17622,	1.50000)

======================================================================
TRAFFIC MODEL BUILDER SUMMARY
======================================================================
Network:      US-101-N-DonaldDoyle
Segments:     7
Lanes:        4
Junctions:    8
Ramps:        2
Sensors:      5
Mode:         PeMS Data-Driven
Car-Following: Krause
ODE Solver:   Ballistic
Vmax:         35.0 m/s
======================================================================
Skipping Source actor due to time limit at clock = 43201.00125327633
Skipping Source actor due to time limit at clock = 43210.6788297557
-----------------------------
| Model.cleanup in progress |
-----------------------------
cleanup: agenda
cleanup: wait queues
coroutine counts = (12907512,12906648,12906215)
[ModelOptimizer] Fitness: 3.7103 | Elapsed: 60.77 sec
[ModelOptimizer] Evaluating parameters: VectorD(5.51221,	4.97316,	-2.59966,	3.82367,	0.884205)

======================================================================
TRAFFIC MODEL BUILDER SUMMARY
======================================================================
Network:      US-101-N-DonaldDoyle
Segments:     7
Lanes:        4
Junctions:    8
Ramps:        2
Sensors:      5
Mode:         PeMS Data-Driven
Car-Following: Krause
ODE Solver:   Ballistic
Vmax:         35.0 m/s
======================================================================
Skipping Source actor due to time limit at clock = 43201.00125327633
Skipping Source actor due to time limit at clock = 43210.6788297557
-----------------------------
| Model.cleanup in progress |
-----------------------------
cleanup: agenda
cleanup: wait queues
coroutine counts = (12967269,12966401,12965966)
[ModelOptimizer] Fitness: 4.8653 | Elapsed: 105.03 sec
[ModelOptimizer] Evaluating parameters: VectorD(4.21730,	3.67826,	-1.30476,	2.52877,	1.50000)

======================================================================
TRAFFIC MODEL BUILDER SUMMARY
======================================================================
Network:      US-101-N-DonaldDoyle
Segments:     7
Lanes:        4
Junctions:    8
Ramps:        2
Sensors:      5
Mode:         PeMS Data-Driven
Car-Following: Krause
ODE Solver:   Ballistic
Vmax:         35.0 m/s
======================================================================
Skipping Source actor due to time limit at clock = 43201.00125327633
Skipping Source actor due to time limit at clock = 43210.6788297557
-----------------------------
| Model.cleanup in progress |
-----------------------------
cleanup: agenda
cleanup: wait queues
coroutine counts = (13027026,13026154,13025717)
[ModelOptimizer] Fitness: 3.7524 | Elapsed: 65.02 sec
[ModelOptimizer] Evaluating parameters: VectorD(4.85860,	4.31955,	-1.94605,	3.17006,	1.50000)

======================================================================
TRAFFIC MODEL BUILDER SUMMARY
======================================================================
Network:      US-101-N-DonaldDoyle
Segments:     7
Lanes:        4
Junctions:    8
Ramps:        2
Sensors:      5
Mode:         PeMS Data-Driven
Car-Following: Krause
ODE Solver:   Ballistic
Vmax:         35.0 m/s
======================================================================
Skipping Source actor due to time limit at clock = 43201.00125327633
Skipping Source actor due to time limit at clock = 43210.6788297557
-----------------------------
| Model.cleanup in progress |
-----------------------------
cleanup: agenda
cleanup: wait queues
coroutine counts = (13086783,13085907,13085468)
[ModelOptimizer] Fitness: 3.7181 | Elapsed: 58.46 sec
[ModelOptimizer] Evaluating parameters: VectorD(4.21202,	4.96613,	-1.29948,	3.81664,	1.50000)

======================================================================
TRAFFIC MODEL BUILDER SUMMARY
======================================================================
Network:      US-101-N-DonaldDoyle
Segments:     7
Lanes:        4
Junctions:    8
Ramps:        2
Sensors:      5
Mode:         PeMS Data-Driven
Car-Following: Krause
ODE Solver:   Ballistic
Vmax:         35.0 m/s
======================================================================
Skipping Source actor due to time limit at clock = 43201.00125327633
Skipping Source actor due to time limit at clock = 43210.6788297557
-----------------------------
| Model.cleanup in progress |
-----------------------------
cleanup: agenda
cleanup: wait queues
coroutine counts = (13146540,13145660,13145219)
[ModelOptimizer] Fitness: 3.5803 | Elapsed: 57.73 sec
[ModelOptimizer] Evaluating parameters: VectorD(5.50517,	3.67298,	-2.59263,	2.52349,	0.891241)

======================================================================
TRAFFIC MODEL BUILDER SUMMARY
======================================================================
Network:      US-101-N-DonaldDoyle
Segments:     7
Lanes:        4
Junctions:    8
Ramps:        2
Sensors:      5
Mode:         PeMS Data-Driven
Car-Following: Krause
ODE Solver:   Ballistic
Vmax:         35.0 m/s
======================================================================
Skipping Source actor due to time limit at clock = 43201.00125327633
Skipping Source actor due to time limit at clock = 43210.6788297557
-----------------------------
| Model.cleanup in progress |
-----------------------------
cleanup: agenda
cleanup: wait queues
coroutine counts = (13206297,13205413,13204970)
[ModelOptimizer] Fitness: 5.6943 | Elapsed: 242.91 sec
[ModelOptimizer] Evaluating parameters: VectorD(4.84692,	4.33123,	-1.93438,	3.18174,	1.50000)

======================================================================
TRAFFIC MODEL BUILDER SUMMARY
======================================================================
Network:      US-101-N-DonaldDoyle
Segments:     7
Lanes:        4
Junctions:    8
Ramps:        2
Sensors:      5
Mode:         PeMS Data-Driven
Car-Following: Krause
ODE Solver:   Ballistic
Vmax:         35.0 m/s
======================================================================
Skipping Source actor due to time limit at clock = 43201.00125327633
Skipping Source actor due to time limit at clock = 43210.6788297557
-----------------------------
| Model.cleanup in progress |
-----------------------------
cleanup: agenda
cleanup: wait queues
coroutine counts = (13266054,13265166,13264721)
[ModelOptimizer] Fitness: 3.6759 | Elapsed: 57.86 sec
[ModelOptimizer] Evaluating parameters: VectorD(5.49263,	4.97694,	-2.58009,	3.82745,	0.903781)

======================================================================
TRAFFIC MODEL BUILDER SUMMARY
======================================================================
Network:      US-101-N-DonaldDoyle
Segments:     7
Lanes:        4
Junctions:    8
Ramps:        2
Sensors:      5
Mode:         PeMS Data-Driven
Car-Following: Krause
ODE Solver:   Ballistic
Vmax:         35.0 m/s
======================================================================
Skipping Source actor due to time limit at clock = 43201.00125327633
Skipping Source actor due to time limit at clock = 43210.6788297557
-----------------------------
| Model.cleanup in progress |
-----------------------------
cleanup: agenda
cleanup: wait queues
coroutine counts = (13325811,13324919,13324472)
[ModelOptimizer] Fitness: 5.1156 | Elapsed: 186.29 sec
[ModelOptimizer] Evaluating parameters: VectorD(4.20121,	3.68552,	-1.28867,	2.53603,	1.50000)

======================================================================
TRAFFIC MODEL BUILDER SUMMARY
======================================================================
Network:      US-101-N-DonaldDoyle
Segments:     7
Lanes:        4
Junctions:    8
Ramps:        2
Sensors:      5
Mode:         PeMS Data-Driven
Car-Following: Krause
ODE Solver:   Ballistic
Vmax:         35.0 m/s
======================================================================
Skipping Source actor due to time limit at clock = 43201.00125327633
Skipping Source actor due to time limit at clock = 43210.6788297557
-----------------------------
| Model.cleanup in progress |
-----------------------------
cleanup: agenda
cleanup: wait queues
coroutine counts = (13385568,13384672,13384223)
[ModelOptimizer] Fitness: 3.7813 | Elapsed: 56.50 sec
[ModelOptimizer] Evaluating parameters: VectorD(4.83957,	4.32387,	-1.92702,	3.17438,	1.50000)

======================================================================
TRAFFIC MODEL BUILDER SUMMARY
======================================================================
Network:      US-101-N-DonaldDoyle
Segments:     7
Lanes:        4
Junctions:    8
Ramps:        2
Sensors:      5
Mode:         PeMS Data-Driven
Car-Following: Krause
ODE Solver:   Ballistic
Vmax:         35.0 m/s
======================================================================
Skipping Source actor due to time limit at clock = 43201.00125327633
Skipping Source actor due to time limit at clock = 43210.6788297557
-----------------------------
| Model.cleanup in progress |
-----------------------------
cleanup: agenda
cleanup: wait queues
coroutine counts = (13445325,13444425,13443974)
[ModelOptimizer] Fitness: 3.6941 | Elapsed: 57.95 sec
      75 |      3.65213759 |      3.65213759 |      75.0% ✓
[ModelOptimizer] Evaluating parameters: VectorD(5.48443,	3.67901,	-2.57188,	2.52952,	0.911987)

======================================================================
TRAFFIC MODEL BUILDER SUMMARY
======================================================================
Network:      US-101-N-DonaldDoyle
Segments:     7
Lanes:        4
Junctions:    8
Ramps:        2
Sensors:      5
Mode:         PeMS Data-Driven
Car-Following: Krause
ODE Solver:   Ballistic
Vmax:         35.0 m/s
======================================================================
Skipping Source actor due to time limit at clock = 43201.00125327633
Skipping Source actor due to time limit at clock = 43210.6788297557
-----------------------------
| Model.cleanup in progress |
-----------------------------
cleanup: agenda
cleanup: wait queues
coroutine counts = (13505082,13504178,13503725)
[ModelOptimizer] Fitness: 5.3757 | Elapsed: 277.66 sec
[ModelOptimizer] Evaluating parameters: VectorD(4.19471,	4.96873,	-1.28217,	3.81924,	1.50000)

======================================================================
TRAFFIC MODEL BUILDER SUMMARY
======================================================================
Network:      US-101-N-DonaldDoyle
Segments:     7
Lanes:        4
Junctions:    8
Ramps:        2
Sensors:      5
Mode:         PeMS Data-Driven
Car-Following: Krause
ODE Solver:   Ballistic
Vmax:         35.0 m/s
======================================================================
Skipping Source actor due to time limit at clock = 43201.00125327633
Skipping Source actor due to time limit at clock = 43210.6788297557
-----------------------------
| Model.cleanup in progress |
-----------------------------
cleanup: agenda
cleanup: wait queues
coroutine counts = (13564839,13563931,13563476)
[ModelOptimizer] Fitness: 3.6251 | Elapsed: 58.61 sec
[ModelOptimizer] Evaluating parameters: VectorD(4.82994,	4.33350,	-1.91740,	3.18401,	1.50000)

======================================================================
TRAFFIC MODEL BUILDER SUMMARY
======================================================================
Network:      US-101-N-DonaldDoyle
Segments:     7
Lanes:        4
Junctions:    8
Ramps:        2
Sensors:      5
Mode:         PeMS Data-Driven
Car-Following: Krause
ODE Solver:   Ballistic
Vmax:         35.0 m/s
======================================================================
Skipping Source actor due to time limit at clock = 43201.00125327633
Skipping Source actor due to time limit at clock = 43210.6788297557
-----------------------------
| Model.cleanup in progress |
-----------------------------
cleanup: agenda
cleanup: wait queues
coroutine counts = (13624596,13623684,13623227)
[ModelOptimizer] Fitness: 3.7189 | Elapsed: 52.59 sec
[ModelOptimizer] Evaluating parameters: VectorD(5.47396,	4.97752,	-2.56142,	2.53999,	0.922455)

======================================================================
TRAFFIC MODEL BUILDER SUMMARY
======================================================================
Network:      US-101-N-DonaldDoyle
Segments:     7
Lanes:        4
Junctions:    8
Ramps:        2
Sensors:      5
Mode:         PeMS Data-Driven
Car-Following: Krause
ODE Solver:   Ballistic
Vmax:         35.0 m/s
======================================================================
Skipping Source actor due to time limit at clock = 43201.00125327633
Skipping Source actor due to time limit at clock = 43210.6788297557
-----------------------------
| Model.cleanup in progress |
-----------------------------
cleanup: agenda
cleanup: wait queues
coroutine counts = (13684353,13683437,13682978)
[ModelOptimizer] Fitness: 5.1900 | Elapsed: 228.33 sec
[ModelOptimizer] Evaluating parameters: VectorD(4.18592,	3.68948,	-1.27338,	3.82803,	1.50000)

======================================================================
TRAFFIC MODEL BUILDER SUMMARY
======================================================================
Network:      US-101-N-DonaldDoyle
Segments:     7
Lanes:        4
Junctions:    8
Ramps:        2
Sensors:      5
Mode:         PeMS Data-Driven
Car-Following: Krause
ODE Solver:   Ballistic
Vmax:         35.0 m/s
======================================================================
Skipping Source actor due to time limit at clock = 43201.00125327633
Skipping Source actor due to time limit at clock = 43210.6788297557
-----------------------------
| Model.cleanup in progress |
-----------------------------
cleanup: agenda
cleanup: wait queues
coroutine counts = (13744110,13743190,13742729)
[ModelOptimizer] Fitness: 3.7901 | Elapsed: 54.37 sec
[ModelOptimizer] Evaluating parameters: VectorD(4.82226,	4.32582,	-1.90971,	3.19169,	1.50000)

======================================================================
TRAFFIC MODEL BUILDER SUMMARY
======================================================================
Network:      US-101-N-DonaldDoyle
Segments:     7
Lanes:        4
Junctions:    8
Ramps:        2
Sensors:      5
Mode:         PeMS Data-Driven
Car-Following: Krause
ODE Solver:   Ballistic
Vmax:         35.0 m/s
======================================================================
Skipping Source actor due to time limit at clock = 43201.00125327633
Skipping Source actor due to time limit at clock = 43210.6788297557
-----------------------------
| Model.cleanup in progress |
-----------------------------
cleanup: agenda
cleanup: wait queues
coroutine counts = (13803867,13802943,13802480)
[ModelOptimizer] Fitness: 3.7128 | Elapsed: 58.64 sec
[ModelOptimizer] Evaluating parameters: VectorD(4.17907,	3.68263,	-1.26652,	3.83488,	1.50000)

======================================================================
TRAFFIC MODEL BUILDER SUMMARY
======================================================================
Network:      US-101-N-DonaldDoyle
Segments:     7
Lanes:        4
Junctions:    8
Ramps:        2
Sensors:      5
Mode:         PeMS Data-Driven
Car-Following: Krause
ODE Solver:   Ballistic
Vmax:         35.0 m/s
======================================================================
Skipping Source actor due to time limit at clock = 43201.00125327633
Skipping Source actor due to time limit at clock = 43210.6788297557
-----------------------------
| Model.cleanup in progress |
-----------------------------
cleanup: agenda
cleanup: wait queues
coroutine counts = (13863624,13862696,13862231)
[ModelOptimizer] Fitness: 3.7917 | Elapsed: 51.35 sec
[ModelOptimizer] Evaluating parameters: VectorD(5.46545,	4.96901,	-2.55290,	2.54850,	0.930965)

======================================================================
TRAFFIC MODEL BUILDER SUMMARY
======================================================================
Network:      US-101-N-DonaldDoyle
Segments:     7
Lanes:        4
Junctions:    8
Ramps:        2
Sensors:      5
Mode:         PeMS Data-Driven
Car-Following: Krause
ODE Solver:   Ballistic
Vmax:         35.0 m/s
======================================================================
Skipping Source actor due to time limit at clock = 43201.00125327633
Skipping Source actor due to time limit at clock = 43210.6788297557
-----------------------------
| Model.cleanup in progress |
-----------------------------
cleanup: agenda
cleanup: wait queues
coroutine counts = (13923381,13922449,13921982)
[ModelOptimizer] Fitness: 5.1661 | Elapsed: 223.27 sec
[ModelOptimizer] Evaluating parameters: VectorD(4.81473,	4.31829,	-1.90219,	3.19922,	1.50000)

======================================================================
TRAFFIC MODEL BUILDER SUMMARY
======================================================================
Network:      US-101-N-DonaldDoyle
Segments:     7
Lanes:        4
Junctions:    8
Ramps:        2
Sensors:      5
Mode:         PeMS Data-Driven
Car-Following: Krause
ODE Solver:   Ballistic
Vmax:         35.0 m/s
======================================================================
Skipping Source actor due to time limit at clock = 43201.00125327633
Skipping Source actor due to time limit at clock = 43210.6788297557
-----------------------------
| Model.cleanup in progress |
-----------------------------
cleanup: agenda
cleanup: wait queues
coroutine counts = (13983138,13982202,13981733)
[ModelOptimizer] Fitness: 3.7192 | Elapsed: 53.81 sec
[ModelOptimizer] Evaluating parameters: VectorD(4.17236,	3.67592,	-1.25981,	2.55685,	0.939309)

======================================================================
TRAFFIC MODEL BUILDER SUMMARY
======================================================================
Network:      US-101-N-DonaldDoyle
Segments:     7
Lanes:        4
Junctions:    8
Ramps:        2
Sensors:      5
Mode:         PeMS Data-Driven
Car-Following: Krause
ODE Solver:   Ballistic
Vmax:         35.0 m/s
======================================================================
Skipping Source actor due to time limit at clock = 43201.00125327633
Skipping Source actor due to time limit at clock = 43210.6788297557
-----------------------------
| Model.cleanup in progress |
-----------------------------
cleanup: agenda
cleanup: wait queues
coroutine counts = (14042895,14041955,14041484)
[ModelOptimizer] Fitness: 5.9880 | Elapsed: 313.13 sec
[ModelOptimizer] Evaluating parameters: VectorD(5.45710,	4.96066,	-2.54456,	3.84159,	1.50000)

======================================================================
TRAFFIC MODEL BUILDER SUMMARY
======================================================================
Network:      US-101-N-DonaldDoyle
Segments:     7
Lanes:        4
Junctions:    8
Ramps:        2
Sensors:      5
Mode:         PeMS Data-Driven
Car-Following: Krause
ODE Solver:   Ballistic
Vmax:         35.0 m/s
======================================================================
Skipping Source actor due to time limit at clock = 43201.00125327633
Skipping Source actor due to time limit at clock = 43210.6788297557
-----------------------------
| Model.cleanup in progress |
-----------------------------
cleanup: agenda
cleanup: wait queues
coroutine counts = (14102652,14101708,14101235)
[ModelOptimizer] Fitness: 3.8023 | Elapsed: 53.96 sec
[ModelOptimizer] Evaluating parameters: VectorD(4.82668,	4.33024,	-1.91413,	3.21117,	1.50000)

======================================================================
TRAFFIC MODEL BUILDER SUMMARY
======================================================================
Network:      US-101-N-DonaldDoyle
Segments:     7
Lanes:        4
Junctions:    8
Ramps:        2
Sensors:      5
Mode:         PeMS Data-Driven
Car-Following: Krause
ODE Solver:   Ballistic
Vmax:         35.0 m/s
======================================================================
Skipping Source actor due to time limit at clock = 43201.00125327633
Skipping Source actor due to time limit at clock = 43210.6788297557
-----------------------------
| Model.cleanup in progress |
-----------------------------
cleanup: agenda
cleanup: wait queues
coroutine counts = (14162409,14161461,14160986)
[ModelOptimizer] Fitness: 3.6741 | Elapsed: 50.64 sec
[ModelOptimizer] Evaluating parameters: VectorD(4.18511,	4.97180,	-1.27256,	2.56960,	0.952061)

======================================================================
TRAFFIC MODEL BUILDER SUMMARY
======================================================================
Network:      US-101-N-DonaldDoyle
Segments:     7
Lanes:        4
Junctions:    8
Ramps:        2
Sensors:      5
Mode:         PeMS Data-Driven
Car-Following: Krause
ODE Solver:   Ballistic
Vmax:         35.0 m/s
======================================================================
Skipping Source actor due to time limit at clock = 43201.00125327633
Skipping Source actor due to time limit at clock = 43210.6788297557
-----------------------------
| Model.cleanup in progress |
-----------------------------
cleanup: agenda
cleanup: wait queues
coroutine counts = (14222166,14221214,14220737)
[ModelOptimizer] Fitness: 4.4064 | Elapsed: 79.55 sec
[ModelOptimizer] Evaluating parameters: VectorD(5.46824,	3.68867,	-2.55570,	3.85274,	1.50000)

======================================================================
TRAFFIC MODEL BUILDER SUMMARY
======================================================================
Network:      US-101-N-DonaldDoyle
Segments:     7
Lanes:        4
Junctions:    8
Ramps:        2
Sensors:      5
Mode:         PeMS Data-Driven
Car-Following: Krause
ODE Solver:   Ballistic
Vmax:         35.0 m/s
======================================================================
Skipping Source actor due to time limit at clock = 43201.00125327633
Skipping Source actor due to time limit at clock = 43210.6788297557
-----------------------------
| Model.cleanup in progress |
-----------------------------
cleanup: agenda
cleanup: wait queues
coroutine counts = (14281923,14280967,14280488)
[ModelOptimizer] Fitness: 3.9082 | Elapsed: 52.24 sec
[ModelOptimizer] Evaluating parameters: VectorD(4.82939,	4.32752,	-1.91685,	3.21388,	1.50000)

======================================================================
TRAFFIC MODEL BUILDER SUMMARY
======================================================================
Network:      US-101-N-DonaldDoyle
Segments:     7
Lanes:        4
Junctions:    8
Ramps:        2
Sensors:      5
Mode:         PeMS Data-Driven
Car-Following: Krause
ODE Solver:   Ballistic
Vmax:         35.0 m/s
======================================================================
Skipping Source actor due to time limit at clock = 43201.00125327633
Skipping Source actor due to time limit at clock = 43210.6788297557
-----------------------------
| Model.cleanup in progress |
-----------------------------
cleanup: agenda
cleanup: wait queues
coroutine counts = (14341680,14340720,14340239)
[ModelOptimizer] Fitness: 3.7427 | Elapsed: 51.71 sec
      80 |      3.65213759 |      3.65213759 |      80.0% ✓
[ModelOptimizer] Evaluating parameters: VectorD(5.47017,	3.68674,	-1.27608,	3.85466,	1.50000)

======================================================================
TRAFFIC MODEL BUILDER SUMMARY
======================================================================
Network:      US-101-N-DonaldDoyle
Segments:     7
Lanes:        4
Junctions:    8
Ramps:        2
Sensors:      5
Mode:         PeMS Data-Driven
Car-Following: Krause
ODE Solver:   Ballistic
Vmax:         35.0 m/s
======================================================================
Skipping Source actor due to time limit at clock = 43201.00125327633
Skipping Source actor due to time limit at clock = 43210.6788297557
-----------------------------
| Model.cleanup in progress |
-----------------------------
cleanup: agenda
cleanup: wait queues
coroutine counts = (14401437,14400473,14399990)
[ModelOptimizer] Fitness: 3.8550 | Elapsed: 55.39 sec
[ModelOptimizer] Evaluating parameters: VectorD(4.18862,	4.96829,	-2.55762,	2.57311,	0.955573)

======================================================================
TRAFFIC MODEL BUILDER SUMMARY
======================================================================
Network:      US-101-N-DonaldDoyle
Segments:     7
Lanes:        4
Junctions:    8
Ramps:        2
Sensors:      5
Mode:         PeMS Data-Driven
Car-Following: Krause
ODE Solver:   Ballistic
Vmax:         35.0 m/s
======================================================================
Skipping Source actor due to time limit at clock = 43201.00125327633
Skipping Source actor due to time limit at clock = 43210.6788297557
-----------------------------
| Model.cleanup in progress |
-----------------------------
cleanup: agenda
cleanup: wait queues
coroutine counts = (14461194,14460226,14459741)
[ModelOptimizer] Fitness: 4.6730 | Elapsed: 85.36 sec
[ModelOptimizer] Evaluating parameters: VectorD(4.83385,	4.32307,	-1.91240,	3.21834,	1.50000)

======================================================================
TRAFFIC MODEL BUILDER SUMMARY
======================================================================
Network:      US-101-N-DonaldDoyle
Segments:     7
Lanes:        4
Junctions:    8
Ramps:        2
Sensors:      5
Mode:         PeMS Data-Driven
Car-Following: Krause
ODE Solver:   Ballistic
Vmax:         35.0 m/s
======================================================================
Skipping Source actor due to time limit at clock = 43201.00125327633
Skipping Source actor due to time limit at clock = 43210.6788297557
-----------------------------
| Model.cleanup in progress |
-----------------------------
cleanup: agenda
cleanup: wait queues
coroutine counts = (14520951,14519979,14519492)
[ModelOptimizer] Fitness: 3.6987 | Elapsed: 50.97 sec
[ModelOptimizer] Evaluating parameters: VectorD(4.19386,	3.68308,	-2.55239,	3.85833,	0.960809)

======================================================================
TRAFFIC MODEL BUILDER SUMMARY
======================================================================
Network:      US-101-N-DonaldDoyle
Segments:     7
Lanes:        4
Junctions:    8
Ramps:        2
Sensors:      5
Mode:         PeMS Data-Driven
Car-Following: Krause
ODE Solver:   Ballistic
Vmax:         35.0 m/s
======================================================================
Skipping Source actor due to time limit at clock = 43201.00125327633
Skipping Source actor due to time limit at clock = 43210.6788297557
-----------------------------
| Model.cleanup in progress |
-----------------------------
cleanup: agenda
cleanup: wait queues
coroutine counts = (14580708,14579732,14579243)
[ModelOptimizer] Fitness: 5.1210 | Elapsed: 84.51 sec
[ModelOptimizer] Evaluating parameters: VectorD(5.47383,	4.96306,	-1.27241,	2.57835,	1.50000)

======================================================================
TRAFFIC MODEL BUILDER SUMMARY
======================================================================
Network:      US-101-N-DonaldDoyle
Segments:     7
Lanes:        4
Junctions:    8
Ramps:        2
Sensors:      5
Mode:         PeMS Data-Driven
Car-Following: Krause
ODE Solver:   Ballistic
Vmax:         35.0 m/s
======================================================================
Skipping Source actor due to time limit at clock = 43201.00125327633
Skipping Source actor due to time limit at clock = 43210.6788297557
-----------------------------
| Model.cleanup in progress |
-----------------------------
cleanup: agenda
cleanup: wait queues
coroutine counts = (14640465,14639485,14638994)
[ModelOptimizer] Fitness: 3.6179 | Elapsed: 52.57 sec
[ModelOptimizer] Evaluating parameters: VectorD(4.84201,	4.33123,	-1.90423,	3.21017,	1.50000)

======================================================================
TRAFFIC MODEL BUILDER SUMMARY
======================================================================
Network:      US-101-N-DonaldDoyle
Segments:     7
Lanes:        4
Junctions:    8
Ramps:        2
Sensors:      5
Mode:         PeMS Data-Driven
Car-Following: Krause
ODE Solver:   Ballistic
Vmax:         35.0 m/s
======================================================================
Skipping Source actor due to time limit at clock = 43201.00125327633
Skipping Source actor due to time limit at clock = 43210.6788297557
-----------------------------
| Model.cleanup in progress |
-----------------------------
cleanup: agenda
cleanup: wait queues
coroutine counts = (14700222,14699238,14698745)
[ModelOptimizer] Fitness: 3.7372 | Elapsed: 53.36 sec
[ModelOptimizer] Evaluating parameters: VectorD(5.48123,	4.97045,	-2.54345,	2.57096,	1.50000)

======================================================================
TRAFFIC MODEL BUILDER SUMMARY
======================================================================
Network:      US-101-N-DonaldDoyle
Segments:     7
Lanes:        4
Junctions:    8
Ramps:        2
Sensors:      5
Mode:         PeMS Data-Driven
Car-Following: Krause
ODE Solver:   Ballistic
Vmax:         35.0 m/s
======================================================================
Skipping Source actor due to time limit at clock = 43201.00125327633
Skipping Source actor due to time limit at clock = 43210.6788297557
-----------------------------
| Model.cleanup in progress |
-----------------------------
cleanup: agenda
cleanup: wait queues
coroutine counts = (14759979,14758991,14758496)
[ModelOptimizer] Fitness: 3.8137 | Elapsed: 51.82 sec
[ModelOptimizer] Evaluating parameters: VectorD(4.20279,	3.69201,	-1.26502,	3.84939,	0.969746)

======================================================================
TRAFFIC MODEL BUILDER SUMMARY
======================================================================
Network:      US-101-N-DonaldDoyle
Segments:     7
Lanes:        4
Junctions:    8
Ramps:        2
Sensors:      5
Mode:         PeMS Data-Driven
Car-Following: Krause
ODE Solver:   Ballistic
Vmax:         35.0 m/s
======================================================================
Skipping Source actor due to time limit at clock = 43201.00125327633
Skipping Source actor due to time limit at clock = 43210.6788297557
-----------------------------
| Model.cleanup in progress |
-----------------------------
cleanup: agenda
cleanup: wait queues
coroutine counts = (14819736,14818744,14818247)
[ModelOptimizer] Fitness: 5.4414 | Elapsed: 184.85 sec
[ModelOptimizer] Evaluating parameters: VectorD(4.85083,	4.34005,	-1.91306,	3.20135,	1.50000)

======================================================================
TRAFFIC MODEL BUILDER SUMMARY
======================================================================
Network:      US-101-N-DonaldDoyle
Segments:     7
Lanes:        4
Junctions:    8
Ramps:        2
Sensors:      5
Mode:         PeMS Data-Driven
Car-Following: Krause
ODE Solver:   Ballistic
Vmax:         35.0 m/s
======================================================================
Skipping Source actor due to time limit at clock = 43201.00125327633
Skipping Source actor due to time limit at clock = 43210.6788297557
-----------------------------
| Model.cleanup in progress |
-----------------------------
cleanup: agenda
cleanup: wait queues
coroutine counts = (14879493,14878497,14877998)
[ModelOptimizer] Fitness: 3.7278 | Elapsed: 50.70 sec
[ModelOptimizer] Evaluating parameters: VectorD(4.21238,	3.70160,	-2.55151,	2.56290,	0.979332)

======================================================================
TRAFFIC MODEL BUILDER SUMMARY
======================================================================
Network:      US-101-N-DonaldDoyle
Segments:     7
Lanes:        4
Junctions:    8
Ramps:        2
Sensors:      5
Mode:         PeMS Data-Driven
Car-Following: Krause
ODE Solver:   Ballistic
Vmax:         35.0 m/s
======================================================================
Skipping Source actor due to time limit at clock = 43201.00125327633
Skipping Source actor due to time limit at clock = 43210.6788297557
-----------------------------
| Model.cleanup in progress |
-----------------------------
cleanup: agenda
cleanup: wait queues
coroutine counts = (14939250,14938250,14937749)
[ModelOptimizer] Fitness: 4.7752 | Elapsed: 68.00 sec
[ModelOptimizer] Evaluating parameters: VectorD(5.48928,	4.97851,	-1.27460,	3.83980,	1.50000)

======================================================================
TRAFFIC MODEL BUILDER SUMMARY
======================================================================
Network:      US-101-N-DonaldDoyle
Segments:     7
Lanes:        4
Junctions:    8
Ramps:        2
Sensors:      5
Mode:         PeMS Data-Driven
Car-Following: Krause
ODE Solver:   Ballistic
Vmax:         35.0 m/s
======================================================================
Skipping Source actor due to time limit at clock = 43201.00125327633
Skipping Source actor due to time limit at clock = 43210.6788297557
-----------------------------
| Model.cleanup in progress |
-----------------------------
cleanup: agenda
cleanup: wait queues
coroutine counts = (14999007,14998003,14997500)
[ModelOptimizer] Fitness: 3.5946 | Elapsed: 46.66 sec
[ModelOptimizer] Evaluating parameters: VectorD(4.85722,	4.34644,	-1.90667,	3.20774,	1.50000)

======================================================================
TRAFFIC MODEL BUILDER SUMMARY
======================================================================
Network:      US-101-N-DonaldDoyle
Segments:     7
Lanes:        4
Junctions:    8
Ramps:        2
Sensors:      5
Mode:         PeMS Data-Driven
Car-Following: Krause
ODE Solver:   Ballistic
Vmax:         35.0 m/s
======================================================================
Skipping Source actor due to time limit at clock = 43201.00125327633
Skipping Source actor due to time limit at clock = 43210.6788297557
-----------------------------
| Model.cleanup in progress |
-----------------------------
cleanup: agenda
cleanup: wait queues
coroutine counts = (15058764,15057756,15057251)
[ModelOptimizer] Fitness: 3.7311 | Elapsed: 50.61 sec
[ModelOptimizer] Evaluating parameters: VectorD(4.21952,	4.98414,	-1.26897,	3.84543,	1.50000)

======================================================================
TRAFFIC MODEL BUILDER SUMMARY
======================================================================
Network:      US-101-N-DonaldDoyle
Segments:     7
Lanes:        4
Junctions:    8
Ramps:        2
Sensors:      5
Mode:         PeMS Data-Driven
Car-Following: Krause
ODE Solver:   Ballistic
Vmax:         35.0 m/s
======================================================================
Skipping Source actor due to time limit at clock = 43201.00125327633
Skipping Source actor due to time limit at clock = 43210.6788297557
-----------------------------
| Model.cleanup in progress |
-----------------------------
cleanup: agenda
cleanup: wait queues
coroutine counts = (15118521,15117509,15117002)
[ModelOptimizer] Fitness: 3.5749 | Elapsed: 49.38 sec
[ModelOptimizer] Evaluating parameters: VectorD(5.49492,	3.70874,	-2.54437,	2.57004,	0.986472)

======================================================================
TRAFFIC MODEL BUILDER SUMMARY
======================================================================
Network:      US-101-N-DonaldDoyle
Segments:     7
Lanes:        4
Junctions:    8
Ramps:        2
Sensors:      5
Mode:         PeMS Data-Driven
Car-Following: Krause
ODE Solver:   Ballistic
Vmax:         35.0 m/s
======================================================================
Skipping Source actor due to time limit at clock = 43201.00125327633
Skipping Source actor due to time limit at clock = 43210.6788297557
-----------------------------
| Model.cleanup in progress |
-----------------------------
cleanup: agenda
cleanup: wait queues
coroutine counts = (15178278,15177262,15176753)
[ModelOptimizer] Fitness: 4.9955 | Elapsed: 75.12 sec
[ModelOptimizer] Evaluating parameters: VectorD(4.84955,	4.35411,	-1.89900,	3.21540,	1.50000)

======================================================================
TRAFFIC MODEL BUILDER SUMMARY
======================================================================
Network:      US-101-N-DonaldDoyle
Segments:     7
Lanes:        4
Junctions:    8
Ramps:        2
Sensors:      5
Mode:         PeMS Data-Driven
Car-Following: Krause
ODE Solver:   Ballistic
Vmax:         35.0 m/s
======================================================================
Skipping Source actor due to time limit at clock = 43201.00125327633
Skipping Source actor due to time limit at clock = 43210.6788297557
-----------------------------
| Model.cleanup in progress |
-----------------------------
cleanup: agenda
cleanup: wait queues
coroutine counts = (15238035,15237015,15236504)
[ModelOptimizer] Fitness: 3.7049 | Elapsed: 44.47 sec
      85 |      3.65213759 |      3.65213759 |      85.0% ✓
[ModelOptimizer] Evaluating parameters: VectorD(4.21259,	4.99106,	-1.26205,	2.57845,	1.50000)

======================================================================
TRAFFIC MODEL BUILDER SUMMARY
======================================================================
Network:      US-101-N-DonaldDoyle
Segments:     7
Lanes:        4
Junctions:    8
Ramps:        2
Sensors:      5
Mode:         PeMS Data-Driven
Car-Following: Krause
ODE Solver:   Ballistic
Vmax:         35.0 m/s
======================================================================
Skipping Source actor due to time limit at clock = 43201.00125327633
Skipping Source actor due to time limit at clock = 43210.6788297557
-----------------------------
| Model.cleanup in progress |
-----------------------------
cleanup: agenda
cleanup: wait queues
coroutine counts = (15297792,15296768,15296255)
[ModelOptimizer] Fitness: 3.5801 | Elapsed: 49.00 sec
[ModelOptimizer] Evaluating parameters: VectorD(5.48650,	3.71715,	-2.53596,	3.85236,	0.994885)

======================================================================
TRAFFIC MODEL BUILDER SUMMARY
======================================================================
Network:      US-101-N-DonaldDoyle
Segments:     7
Lanes:        4
Junctions:    8
Ramps:        2
Sensors:      5
Mode:         PeMS Data-Driven
Car-Following: Krause
ODE Solver:   Ballistic
Vmax:         35.0 m/s
======================================================================
Skipping Source actor due to time limit at clock = 43201.00125327633
Skipping Source actor due to time limit at clock = 43210.6788297557
-----------------------------
| Model.cleanup in progress |
-----------------------------
cleanup: agenda
cleanup: wait queues
coroutine counts = (15357549,15356521,15356006)
[ModelOptimizer] Fitness: 5.0688 | Elapsed: 68.56 sec
[ModelOptimizer] Evaluating parameters: VectorD(4.84153,	4.36213,	-1.89098,	3.20738,	1.50000)

======================================================================
TRAFFIC MODEL BUILDER SUMMARY
======================================================================
Network:      US-101-N-DonaldDoyle
Segments:     7
Lanes:        4
Junctions:    8
Ramps:        2
Sensors:      5
Mode:         PeMS Data-Driven
Car-Following: Krause
ODE Solver:   Ballistic
Vmax:         35.0 m/s
======================================================================
Skipping Source actor due to time limit at clock = 43201.00125327633
Skipping Source actor due to time limit at clock = 43210.6788297557
-----------------------------
| Model.cleanup in progress |
-----------------------------
cleanup: agenda
cleanup: wait queues
coroutine counts = (15417306,15416274,15415757)
[ModelOptimizer] Fitness: 3.7049 | Elapsed: 47.14 sec
[ModelOptimizer] Evaluating parameters: VectorD(4.20531,	4.99835,	-1.25476,	2.57116,	1.00364)

======================================================================
TRAFFIC MODEL BUILDER SUMMARY
======================================================================
Network:      US-101-N-DonaldDoyle
Segments:     7
Lanes:        4
Junctions:    8
Ramps:        2
Sensors:      5
Mode:         PeMS Data-Driven
Car-Following: Krause
ODE Solver:   Ballistic
Vmax:         35.0 m/s
======================================================================
Skipping Source actor due to time limit at clock = 43201.00125327633
Skipping Source actor due to time limit at clock = 43210.6788297557
-----------------------------
| Model.cleanup in progress |
-----------------------------
cleanup: agenda
cleanup: wait queues
coroutine counts = (15477063,15476027,15475508)
[ModelOptimizer] Fitness: 3.6221 | Elapsed: 54.05 sec
[ModelOptimizer] Evaluating parameters: VectorD(5.47775,	3.72591,	-2.52720,	3.84360,	1.50000)

======================================================================
TRAFFIC MODEL BUILDER SUMMARY
======================================================================
Network:      US-101-N-DonaldDoyle
Segments:     7
Lanes:        4
Junctions:    8
Ramps:        2
Sensors:      5
Mode:         PeMS Data-Driven
Car-Following: Krause
ODE Solver:   Ballistic
Vmax:         35.0 m/s
======================================================================
Skipping Source actor due to time limit at clock = 43201.00125327633
Skipping Source actor due to time limit at clock = 43210.6788297557
-----------------------------
| Model.cleanup in progress |
-----------------------------
cleanup: agenda
cleanup: wait queues
coroutine counts = (15536820,15535780,15535259)
[ModelOptimizer] Fitness: 3.8590 | Elapsed: 54.56 sec
[ModelOptimizer] Evaluating parameters: VectorD(4.84026,	4.36340,	-1.88971,	3.20611,	1.50000)

======================================================================
TRAFFIC MODEL BUILDER SUMMARY
======================================================================
Network:      US-101-N-DonaldDoyle
Segments:     7
Lanes:        4
Junctions:    8
Ramps:        2
Sensors:      5
Mode:         PeMS Data-Driven
Car-Following: Krause
ODE Solver:   Ballistic
Vmax:         35.0 m/s
======================================================================
Skipping Source actor due to time limit at clock = 43201.00125327633
Skipping Source actor due to time limit at clock = 43210.6788297557
-----------------------------
| Model.cleanup in progress |
-----------------------------
cleanup: agenda
cleanup: wait queues
coroutine counts = (15596577,15595533,15595010)
[ModelOptimizer] Fitness: 3.7018 | Elapsed: 44.79 sec
[ModelOptimizer] Evaluating parameters: VectorD(4.20476,	3.72791,	-1.25421,	2.57062,	1.50000)

======================================================================
TRAFFIC MODEL BUILDER SUMMARY
======================================================================
Network:      US-101-N-DonaldDoyle
Segments:     7
Lanes:        4
Junctions:    8
Ramps:        2
Sensors:      5
Mode:         PeMS Data-Driven
Car-Following: Krause
ODE Solver:   Ballistic
Vmax:         35.0 m/s
======================================================================
Skipping Source actor due to time limit at clock = 43201.00125327633
Skipping Source actor due to time limit at clock = 43210.6788297557
-----------------------------
| Model.cleanup in progress |
-----------------------------
cleanup: agenda
cleanup: wait queues
coroutine counts = (15656334,15655286,15654761)
[ModelOptimizer] Fitness: 3.7637 | Elapsed: 47.68 sec
[ModelOptimizer] Evaluating parameters: VectorD(5.47575,	4.99889,	-2.52520,	3.84161,	1.00309)

======================================================================
TRAFFIC MODEL BUILDER SUMMARY
======================================================================
Network:      US-101-N-DonaldDoyle
Segments:     7
Lanes:        4
Junctions:    8
Ramps:        2
Sensors:      5
Mode:         PeMS Data-Driven
Car-Following: Krause
ODE Solver:   Ballistic
Vmax:         35.0 m/s
======================================================================
Skipping Source actor due to time limit at clock = 43201.00125327633
Skipping Source actor due to time limit at clock = 43210.6788297557
-----------------------------
| Model.cleanup in progress |
-----------------------------
cleanup: agenda
cleanup: wait queues
coroutine counts = (15716091,15715039,15714512)
[ModelOptimizer] Fitness: 4.6980 | Elapsed: 89.47 sec
[ModelOptimizer] Evaluating parameters: VectorD(4.83524,	4.35839,	-1.88470,	3.20110,	1.50000)

======================================================================
TRAFFIC MODEL BUILDER SUMMARY
======================================================================
Network:      US-101-N-DonaldDoyle
Segments:     7
Lanes:        4
Junctions:    8
Ramps:        2
Sensors:      5
Mode:         PeMS Data-Driven
Car-Following: Krause
ODE Solver:   Ballistic
Vmax:         35.0 m/s
======================================================================
Skipping Source actor due to time limit at clock = 43201.00125327633
Skipping Source actor due to time limit at clock = 43210.6788297557
-----------------------------
| Model.cleanup in progress |
-----------------------------
cleanup: agenda
cleanup: wait queues
coroutine counts = (15775848,15774792,15774263)
[ModelOptimizer] Fitness: 3.6854 | Elapsed: 45.55 sec
[ModelOptimizer] Evaluating parameters: VectorD(5.47002,	3.72361,	-1.24992,	3.83588,	1.50000)

======================================================================
TRAFFIC MODEL BUILDER SUMMARY
======================================================================
Network:      US-101-N-DonaldDoyle
Segments:     7
Lanes:        4
Junctions:    8
Ramps:        2
Sensors:      5
Mode:         PeMS Data-Driven
Car-Following: Krause
ODE Solver:   Ballistic
Vmax:         35.0 m/s
======================================================================
Skipping Source actor due to time limit at clock = 43201.00125327633
Skipping Source actor due to time limit at clock = 43210.6788297557
-----------------------------
| Model.cleanup in progress |
-----------------------------
cleanup: agenda
cleanup: wait queues
coroutine counts = (15835605,15834545,15834014)
[ModelOptimizer] Fitness: 3.8786 | Elapsed: 49.34 sec
[ModelOptimizer] Evaluating parameters: VectorD(4.20047,	4.99317,	-2.51947,	2.56632,	1.00882)

======================================================================
TRAFFIC MODEL BUILDER SUMMARY
======================================================================
Network:      US-101-N-DonaldDoyle
Segments:     7
Lanes:        4
Junctions:    8
Ramps:        2
Sensors:      5
Mode:         PeMS Data-Driven
Car-Following: Krause
ODE Solver:   Ballistic
Vmax:         35.0 m/s
======================================================================
Skipping Source actor due to time limit at clock = 43201.00125327633
Skipping Source actor due to time limit at clock = 43210.6788297557
-----------------------------
| Model.cleanup in progress |
-----------------------------
cleanup: agenda
cleanup: wait queues
coroutine counts = (15895362,15894298,15893765)
[ModelOptimizer] Fitness: 4.0089 | Elapsed: 50.14 sec
[ModelOptimizer] Evaluating parameters: VectorD(4.83594,	4.35769,	-1.88400,	3.20180,	1.50000)

======================================================================
TRAFFIC MODEL BUILDER SUMMARY
======================================================================
Network:      US-101-N-DonaldDoyle
Segments:     7
Lanes:        4
Junctions:    8
Ramps:        2
Sensors:      5
Mode:         PeMS Data-Driven
Car-Following: Krause
ODE Solver:   Ballistic
Vmax:         35.0 m/s
======================================================================
Skipping Source actor due to time limit at clock = 43201.00125327633
Skipping Source actor due to time limit at clock = 43210.6788297557
-----------------------------
| Model.cleanup in progress |
-----------------------------
cleanup: agenda
cleanup: wait queues
coroutine counts = (15955119,15954051,15953516)
[ModelOptimizer] Fitness: 3.7080 | Elapsed: 46.84 sec
[ModelOptimizer] Evaluating parameters: VectorD(5.47001,	3.72362,	-1.24993,	3.83587,	1.01023)

======================================================================
TRAFFIC MODEL BUILDER SUMMARY
======================================================================
Network:      US-101-N-DonaldDoyle
Segments:     7
Lanes:        4
Junctions:    8
Ramps:        2
Sensors:      5
Mode:         PeMS Data-Driven
Car-Following: Krause
ODE Solver:   Ballistic
Vmax:         35.0 m/s
======================================================================
Skipping Source actor due to time limit at clock = 43201.00125327633
Skipping Source actor due to time limit at clock = 43210.6788297557
-----------------------------
| Model.cleanup in progress |
-----------------------------
cleanup: agenda
cleanup: wait queues
coroutine counts = (16014876,16013804,16013267)
[ModelOptimizer] Fitness: 5.5126 | Elapsed: 240.79 sec
[ModelOptimizer] Evaluating parameters: VectorD(4.20187,	4.99176,	-2.51807,	2.56773,	1.50000)

======================================================================
TRAFFIC MODEL BUILDER SUMMARY
======================================================================
Network:      US-101-N-DonaldDoyle
Segments:     7
Lanes:        4
Junctions:    8
Ramps:        2
Sensors:      5
Mode:         PeMS Data-Driven
Car-Following: Krause
ODE Solver:   Ballistic
Vmax:         35.0 m/s
======================================================================
Skipping Source actor due to time limit at clock = 43201.00125327633
Skipping Source actor due to time limit at clock = 43210.6788297557
-----------------------------
| Model.cleanup in progress |
-----------------------------
cleanup: agenda
cleanup: wait queues
coroutine counts = (16074633,16073557,16073018)
[ModelOptimizer] Fitness: 3.7760 | Elapsed: 43.31 sec
[ModelOptimizer] Evaluating parameters: VectorD(4.82666,	4.36697,	-1.89328,	3.19252,	1.50000)

======================================================================
TRAFFIC MODEL BUILDER SUMMARY
======================================================================
Network:      US-101-N-DonaldDoyle
Segments:     7
Lanes:        4
Junctions:    8
Ramps:        2
Sensors:      5
Mode:         PeMS Data-Driven
Car-Following: Krause
ODE Solver:   Ballistic
Vmax:         35.0 m/s
======================================================================
Skipping Source actor due to time limit at clock = 43201.00125327633
Skipping Source actor due to time limit at clock = 43210.6788297557
-----------------------------
| Model.cleanup in progress |
-----------------------------
cleanup: agenda
cleanup: wait queues
coroutine counts = (16134390,16133310,16132769)
[ModelOptimizer] Fitness: 3.7082 | Elapsed: 48.48 sec
      90 |      3.65213759 |      3.65213759 |      90.0% ✓
[ModelOptimizer] Evaluating parameters: VectorD(4.19329,	3.73360,	-2.52665,	2.55915,	1.50000)

======================================================================
TRAFFIC MODEL BUILDER SUMMARY
======================================================================
Network:      US-101-N-DonaldDoyle
Segments:     7
Lanes:        4
Junctions:    8
Ramps:        2
Sensors:      5
Mode:         PeMS Data-Driven
Car-Following: Krause
ODE Solver:   Ballistic
Vmax:         35.0 m/s
======================================================================
Skipping Source actor due to time limit at clock = 43201.00125327633
Skipping Source actor due to time limit at clock = 43210.6788297557
-----------------------------
| Model.cleanup in progress |
-----------------------------
cleanup: agenda
cleanup: wait queues
coroutine counts = (16194147,16193063,16192520)
[ModelOptimizer] Fitness: 3.8763 | Elapsed: 56.57 sec
[ModelOptimizer] Evaluating parameters: VectorD(5.46003,	5.00034,	-1.25991,	3.82589,	1.02020)

======================================================================
TRAFFIC MODEL BUILDER SUMMARY
======================================================================
Network:      US-101-N-DonaldDoyle
Segments:     7
Lanes:        4
Junctions:    8
Ramps:        2
Sensors:      5
Mode:         PeMS Data-Driven
Car-Following: Krause
ODE Solver:   Ballistic
Vmax:         35.0 m/s
======================================================================
Skipping Source actor due to time limit at clock = 43201.00125327633
Skipping Source actor due to time limit at clock = 43210.6788297557
-----------------------------
| Model.cleanup in progress |
-----------------------------
cleanup: agenda
cleanup: wait queues
coroutine counts = (16253904,16252816,16252271)
[ModelOptimizer] Fitness: 4.2509 | Elapsed: 84.25 sec
[ModelOptimizer] Evaluating parameters: VectorD(4.82467,	4.36497,	-1.89527,	3.19052,	1.50000)

======================================================================
TRAFFIC MODEL BUILDER SUMMARY
======================================================================
Network:      US-101-N-DonaldDoyle
Segments:     7
Lanes:        4
Junctions:    8
Ramps:        2
Sensors:      5
Mode:         PeMS Data-Driven
Car-Following: Krause
ODE Solver:   Ballistic
Vmax:         35.0 m/s
======================================================================
Skipping Source actor due to time limit at clock = 43201.00125327633
Skipping Source actor due to time limit at clock = 43210.6788297557
-----------------------------
| Model.cleanup in progress |
-----------------------------
cleanup: agenda
cleanup: wait queues
coroutine counts = (16313661,16312569,16312022)
[ModelOptimizer] Fitness: 3.7153 | Elapsed: 51.69 sec
[ModelOptimizer] Evaluating parameters: VectorD(5.45735,	4.99765,	-2.52795,	3.82320,	1.02289)

======================================================================
TRAFFIC MODEL BUILDER SUMMARY
======================================================================
Network:      US-101-N-DonaldDoyle
Segments:     7
Lanes:        4
Junctions:    8
Ramps:        2
Sensors:      5
Mode:         PeMS Data-Driven
Car-Following: Krause
ODE Solver:   Ballistic
Vmax:         35.0 m/s
======================================================================
Skipping Source actor due to time limit at clock = 43201.00125327633
Skipping Source actor due to time limit at clock = 43210.6788297557
-----------------------------
| Model.cleanup in progress |
-----------------------------
cleanup: agenda
cleanup: wait queues
coroutine counts = (16373418,16372322,16371773)
[ModelOptimizer] Fitness: 4.0495 | Elapsed: 75.50 sec
[ModelOptimizer] Evaluating parameters: VectorD(4.19199,	3.73229,	-1.26260,	2.55784,	1.50000)

======================================================================
TRAFFIC MODEL BUILDER SUMMARY
======================================================================
Network:      US-101-N-DonaldDoyle
Segments:     7
Lanes:        4
Junctions:    8
Ramps:        2
Sensors:      5
Mode:         PeMS Data-Driven
Car-Following: Krause
ODE Solver:   Ballistic
Vmax:         35.0 m/s
======================================================================
Skipping Source actor due to time limit at clock = 43201.00125327633
Skipping Source actor due to time limit at clock = 43210.6788297557
-----------------------------
| Model.cleanup in progress |
-----------------------------
cleanup: agenda
cleanup: wait queues
coroutine counts = (16433175,16432075,16431524)
[ModelOptimizer] Fitness: 3.7335 | Elapsed: 53.52 sec
[ModelOptimizer] Evaluating parameters: VectorD(4.82299,	4.36329,	-1.89359,	3.18884,	1.50000)

======================================================================
TRAFFIC MODEL BUILDER SUMMARY
======================================================================
Network:      US-101-N-DonaldDoyle
Segments:     7
Lanes:        4
Junctions:    8
Ramps:        2
Sensors:      5
Mode:         PeMS Data-Driven
Car-Following: Krause
ODE Solver:   Ballistic
Vmax:         35.0 m/s
======================================================================
Skipping Source actor due to time limit at clock = 43201.00125327633
Skipping Source actor due to time limit at clock = 43210.6788297557
-----------------------------
| Model.cleanup in progress |
-----------------------------
cleanup: agenda
cleanup: wait queues
coroutine counts = (16492932,16491828,16491275)
[ModelOptimizer] Fitness: 3.7057 | Elapsed: 54.10 sec
[ModelOptimizer] Evaluating parameters: VectorD(4.19099,	4.99528,	-2.52559,	3.82084,	1.50000)

======================================================================
TRAFFIC MODEL BUILDER SUMMARY
======================================================================
Network:      US-101-N-DonaldDoyle
Segments:     7
Lanes:        4
Junctions:    8
Ramps:        2
Sensors:      5
Mode:         PeMS Data-Driven
Car-Following: Krause
ODE Solver:   Ballistic
Vmax:         35.0 m/s
======================================================================
Skipping Source actor due to time limit at clock = 43201.00125327633
Skipping Source actor due to time limit at clock = 43210.6788297557
-----------------------------
| Model.cleanup in progress |
-----------------------------
cleanup: agenda
cleanup: wait queues
coroutine counts = (16552689,16551581,16551026)
[ModelOptimizer] Fitness: 3.7746 | Elapsed: 53.99 sec
[ModelOptimizer] Evaluating parameters: VectorD(5.45498,	3.73129,	-1.26160,	2.55684,	1.02526)

======================================================================
TRAFFIC MODEL BUILDER SUMMARY
======================================================================
Network:      US-101-N-DonaldDoyle
Segments:     7
Lanes:        4
Junctions:    8
Ramps:        2
Sensors:      5
Mode:         PeMS Data-Driven
Car-Following: Krause
ODE Solver:   Ballistic
Vmax:         35.0 m/s
======================================================================
Skipping Source actor due to time limit at clock = 43201.00125327633
Skipping Source actor due to time limit at clock = 43210.6788297557
-----------------------------
| Model.cleanup in progress |
-----------------------------
cleanup: agenda
cleanup: wait queues
coroutine counts = (16612446,16611334,16610777)
[ModelOptimizer] Fitness: 5.6438 | Elapsed: 340.68 sec
[ModelOptimizer] Evaluating parameters: VectorD(4.81306,	4.37322,	-1.90352,	3.19877,	1.50000)

======================================================================
TRAFFIC MODEL BUILDER SUMMARY
======================================================================
Network:      US-101-N-DonaldDoyle
Segments:     7
Lanes:        4
Junctions:    8
Ramps:        2
Sensors:      5
Mode:         PeMS Data-Driven
Car-Following: Krause
ODE Solver:   Ballistic
Vmax:         35.0 m/s
======================================================================
Skipping Source actor due to time limit at clock = 43201.00125327633
Skipping Source actor due to time limit at clock = 43210.6788297557
-----------------------------
| Model.cleanup in progress |
-----------------------------
cleanup: agenda
cleanup: wait queues
coroutine counts = (16672203,16671087,16670528)
[ModelOptimizer] Fitness: 3.6693 | Elapsed: 60.72 sec
[ModelOptimizer] Evaluating parameters: VectorD(4.18174,	5.00454,	-2.53484,	2.56745,	1.03586)

======================================================================
TRAFFIC MODEL BUILDER SUMMARY
======================================================================
Network:      US-101-N-DonaldDoyle
Segments:     7
Lanes:        4
Junctions:    8
Ramps:        2
Sensors:      5
Mode:         PeMS Data-Driven
Car-Following: Krause
ODE Solver:   Ballistic
Vmax:         35.0 m/s
======================================================================
Skipping Source actor due to time limit at clock = 43201.00125327633
Skipping Source actor due to time limit at clock = 43210.6788297557
-----------------------------
| Model.cleanup in progress |
-----------------------------
cleanup: agenda
cleanup: wait queues
coroutine counts = (16731960,16730840,16730279)
[ModelOptimizer] Fitness: 4.0523 | Elapsed: 64.34 sec
[ModelOptimizer] Evaluating parameters: VectorD(5.44438,	3.74189,	-1.27220,	3.83009,	1.50000)

======================================================================
TRAFFIC MODEL BUILDER SUMMARY
======================================================================
Network:      US-101-N-DonaldDoyle
Segments:     7
Lanes:        4
Junctions:    8
Ramps:        2
Sensors:      5
Mode:         PeMS Data-Driven
Car-Following: Krause
ODE Solver:   Ballistic
Vmax:         35.0 m/s
======================================================================
Skipping Source actor due to time limit at clock = 43201.00125327633
Skipping Source actor due to time limit at clock = 43210.6788297557
-----------------------------
| Model.cleanup in progress |
-----------------------------
cleanup: agenda
cleanup: wait queues
coroutine counts = (16791717,16790593,16790030)
[ModelOptimizer] Fitness: 3.8530 | Elapsed: 57.44 sec
[ModelOptimizer] Evaluating parameters: VectorD(4.81412,	4.37216,	-1.90246,	3.19982,	1.50000)

======================================================================
TRAFFIC MODEL BUILDER SUMMARY
======================================================================
Network:      US-101-N-DonaldDoyle
Segments:     7
Lanes:        4
Junctions:    8
Ramps:        2
Sensors:      5
Mode:         PeMS Data-Driven
Car-Following: Krause
ODE Solver:   Ballistic
Vmax:         35.0 m/s
======================================================================
Skipping Source actor due to time limit at clock = 43201.00125327633
Skipping Source actor due to time limit at clock = 43210.6788297557
-----------------------------
| Model.cleanup in progress |
-----------------------------
cleanup: agenda
cleanup: wait queues
coroutine counts = (16851474,16850346,16849781)
[ModelOptimizer] Fitness: 3.6973 | Elapsed: 56.46 sec
[ModelOptimizer] Evaluating parameters: VectorD(5.44477,	5.00281,	-1.27181,	3.83047,	1.50000)

======================================================================
TRAFFIC MODEL BUILDER SUMMARY
======================================================================
Network:      US-101-N-DonaldDoyle
Segments:     7
Lanes:        4
Junctions:    8
Ramps:        2
Sensors:      5
Mode:         PeMS Data-Driven
Car-Following: Krause
ODE Solver:   Ballistic
Vmax:         35.0 m/s
======================================================================
Skipping Source actor due to time limit at clock = 43201.00125327633
Skipping Source actor due to time limit at clock = 43210.6788297557
-----------------------------
| Model.cleanup in progress |
-----------------------------
cleanup: agenda
cleanup: wait queues
coroutine counts = (16911231,16910099,16909532)
[ModelOptimizer] Fitness: 3.6206 | Elapsed: 56.51 sec
[ModelOptimizer] Evaluating parameters: VectorD(4.18346,	3.74151,	-2.53312,	2.56917,	1.03758)

======================================================================
TRAFFIC MODEL BUILDER SUMMARY
======================================================================
Network:      US-101-N-DonaldDoyle
Segments:     7
Lanes:        4
Junctions:    8
Ramps:        2
Sensors:      5
Mode:         PeMS Data-Driven
Car-Following: Krause
ODE Solver:   Ballistic
Vmax:         35.0 m/s
======================================================================
Skipping Source actor due to time limit at clock = 43201.00125327633
Skipping Source actor due to time limit at clock = 43210.6788297557
-----------------------------
| Model.cleanup in progress |
-----------------------------
cleanup: agenda
cleanup: wait queues
coroutine counts = (16970988,16969852,16969283)
[ModelOptimizer] Fitness: 4.5769 | Elapsed: 69.74 sec
[ModelOptimizer] Evaluating parameters: VectorD(4.81917,	4.37722,	-1.89740,	3.20488,	1.50000)

======================================================================
TRAFFIC MODEL BUILDER SUMMARY
======================================================================
Network:      US-101-N-DonaldDoyle
Segments:     7
Lanes:        4
Junctions:    8
Ramps:        2
Sensors:      5
Mode:         PeMS Data-Driven
Car-Following: Krause
ODE Solver:   Ballistic
Vmax:         35.0 m/s
======================================================================
Skipping Source actor due to time limit at clock = 43201.00125327633
Skipping Source actor due to time limit at clock = 43210.6788297557
-----------------------------
| Model.cleanup in progress |
-----------------------------
cleanup: agenda
cleanup: wait queues
coroutine counts = (17030745,17029605,17029034)
[ModelOptimizer] Fitness: 3.6988 | Elapsed: 58.68 sec
      95 |      3.65213759 |      3.65213759 |      95.0% ✓
[ModelOptimizer] Evaluating parameters: VectorD(4.18918,	5.00721,	-1.26741,	2.57489,	1.04330)

======================================================================
TRAFFIC MODEL BUILDER SUMMARY
======================================================================
Network:      US-101-N-DonaldDoyle
Segments:     7
Lanes:        4
Junctions:    8
Ramps:        2
Sensors:      5
Mode:         PeMS Data-Driven
Car-Following: Krause
ODE Solver:   Ballistic
Vmax:         35.0 m/s
======================================================================
Skipping Source actor due to time limit at clock = 43201.00125327633
Skipping Source actor due to time limit at clock = 43210.6788297557
-----------------------------
| Model.cleanup in progress |
-----------------------------
cleanup: agenda
cleanup: wait queues
coroutine counts = (17090502,17089358,17088785)
[ModelOptimizer] Fitness: 3.8505 | Elapsed: 68.21 sec
[ModelOptimizer] Evaluating parameters: VectorD(5.44917,	3.74722,	-2.52740,	3.83487,	1.50000)

======================================================================
TRAFFIC MODEL BUILDER SUMMARY
======================================================================
Network:      US-101-N-DonaldDoyle
Segments:     7
Lanes:        4
Junctions:    8
Ramps:        2
Sensors:      5
Mode:         PeMS Data-Driven
Car-Following: Krause
ODE Solver:   Ballistic
Vmax:         35.0 m/s
======================================================================
Skipping Source actor due to time limit at clock = 43201.00125327633
Skipping Source actor due to time limit at clock = 43210.6788297557
-----------------------------
| Model.cleanup in progress |
-----------------------------
cleanup: agenda
cleanup: wait queues
coroutine counts = (17150259,17149111,17148536)
[ModelOptimizer] Fitness: 3.9103 | Elapsed: 57.58 sec
[ModelOptimizer] Evaluating parameters: VectorD(4.81886,	4.37753,	-1.89709,	3.20456,	1.50000)

======================================================================
TRAFFIC MODEL BUILDER SUMMARY
======================================================================
Network:      US-101-N-DonaldDoyle
Segments:     7
Lanes:        4
Junctions:    8
Ramps:        2
Sensors:      5
Mode:         PeMS Data-Driven
Car-Following: Krause
ODE Solver:   Ballistic
Vmax:         35.0 m/s
======================================================================
Skipping Source actor due to time limit at clock = 43201.00125327633
Skipping Source actor due to time limit at clock = 43210.6788297557
-----------------------------
| Model.cleanup in progress |
-----------------------------
cleanup: agenda
cleanup: wait queues
coroutine counts = (17210016,17208864,17208287)
[ModelOptimizer] Fitness: 3.7331 | Elapsed: 62.19 sec
[ModelOptimizer] Evaluating parameters: VectorD(5.44820,	5.00687,	-1.26775,	2.57522,	1.50000)

======================================================================
TRAFFIC MODEL BUILDER SUMMARY
======================================================================
Network:      US-101-N-DonaldDoyle
Segments:     7
Lanes:        4
Junctions:    8
Ramps:        2
Sensors:      5
Mode:         PeMS Data-Driven
Car-Following: Krause
ODE Solver:   Ballistic
Vmax:         35.0 m/s
======================================================================
Skipping Source actor due to time limit at clock = 43201.00125327633
Skipping Source actor due to time limit at clock = 43210.6788297557
-----------------------------
| Model.cleanup in progress |
-----------------------------
cleanup: agenda
cleanup: wait queues
coroutine counts = (17269773,17268617,17268038)
[ModelOptimizer] Fitness: 3.6307 | Elapsed: 51.63 sec
[ModelOptimizer] Evaluating parameters: VectorD(4.18952,	3.74819,	-2.52643,	3.83391,	1.04363)

======================================================================
TRAFFIC MODEL BUILDER SUMMARY
======================================================================
Network:      US-101-N-DonaldDoyle
Segments:     7
Lanes:        4
Junctions:    8
Ramps:        2
Sensors:      5
Mode:         PeMS Data-Driven
Car-Following: Krause
ODE Solver:   Ballistic
Vmax:         35.0 m/s
======================================================================
Skipping Source actor due to time limit at clock = 43201.00125327633
Skipping Source actor due to time limit at clock = 43210.6788297557
-----------------------------
| Model.cleanup in progress |
-----------------------------
cleanup: agenda
cleanup: wait queues
coroutine counts = (17329530,17328370,17327789)
[ModelOptimizer] Fitness: 4.5639 | Elapsed: 75.44 sec
[ModelOptimizer] Evaluating parameters: VectorD(4.82377,	4.38245,	-1.89217,	3.19965,	1.50000)

======================================================================
TRAFFIC MODEL BUILDER SUMMARY
======================================================================
Network:      US-101-N-DonaldDoyle
Segments:     7
Lanes:        4
Junctions:    8
Ramps:        2
Sensors:      5
Mode:         PeMS Data-Driven
Car-Following: Krause
ODE Solver:   Ballistic
Vmax:         35.0 m/s
======================================================================
Skipping Source actor due to time limit at clock = 43201.00125327633
Skipping Source actor due to time limit at clock = 43210.6788297557
-----------------------------
| Model.cleanup in progress |
-----------------------------
cleanup: agenda
cleanup: wait queues
coroutine counts = (17389287,17388123,17387540)
[ModelOptimizer] Fitness: 3.7018 | Elapsed: 58.99 sec
[ModelOptimizer] Evaluating parameters: VectorD(4.19508,	3.75375,	-1.26348,	2.57095,	1.04920)

======================================================================
TRAFFIC MODEL BUILDER SUMMARY
======================================================================
Network:      US-101-N-DonaldDoyle
Segments:     7
Lanes:        4
Junctions:    8
Ramps:        2
Sensors:      5
Mode:         PeMS Data-Driven
Car-Following: Krause
ODE Solver:   Ballistic
Vmax:         35.0 m/s
======================================================================
Skipping Source actor due to time limit at clock = 43201.00125327633
Skipping Source actor due to time limit at clock = 43210.6788297557
-----------------------------
| Model.cleanup in progress |
-----------------------------
cleanup: agenda
cleanup: wait queues
coroutine counts = (17449044,17447876,17447291)
[ModelOptimizer] Fitness: 4.7548 | Elapsed: 116.28 sec
[ModelOptimizer] Evaluating parameters: VectorD(5.45247,	5.01114,	-2.52087,	3.82834,	1.50000)

======================================================================
TRAFFIC MODEL BUILDER SUMMARY
======================================================================
Network:      US-101-N-DonaldDoyle
Segments:     7
Lanes:        4
Junctions:    8
Ramps:        2
Sensors:      5
Mode:         PeMS Data-Driven
Car-Following: Krause
ODE Solver:   Ballistic
Vmax:         35.0 m/s
======================================================================
Skipping Source actor due to time limit at clock = 43201.00125327633
Skipping Source actor due to time limit at clock = 43210.6788297557
-----------------------------
| Model.cleanup in progress |
-----------------------------
cleanup: agenda
cleanup: wait queues
coroutine counts = (17508801,17507629,17507042)
[ModelOptimizer] Fitness: 3.7856 | Elapsed: 59.93 sec
[ModelOptimizer] Evaluating parameters: VectorD(4.82887,	4.38754,	-1.89727,	3.20474,	1.50000)

======================================================================
TRAFFIC MODEL BUILDER SUMMARY
======================================================================
Network:      US-101-N-DonaldDoyle
Segments:     7
Lanes:        4
Junctions:    8
Ramps:        2
Sensors:      5
Mode:         PeMS Data-Driven
Car-Following: Krause
ODE Solver:   Ballistic
Vmax:         35.0 m/s
======================================================================
Skipping Source actor due to time limit at clock = 43201.00125327633
Skipping Source actor due to time limit at clock = 43210.6788297557
-----------------------------
| Model.cleanup in progress |
-----------------------------
cleanup: agenda
cleanup: wait queues
coroutine counts = (17568558,17567382,17566793)
[ModelOptimizer] Fitness: 3.7265 | Elapsed: 54.19 sec
[ModelOptimizer] Evaluating parameters: VectorD(5.45693,	5.01560,	-1.26921,	3.83280,	1.05493)

======================================================================
TRAFFIC MODEL BUILDER SUMMARY
======================================================================
Network:      US-101-N-DonaldDoyle
Segments:     7
Lanes:        4
Junctions:    8
Ramps:        2
Sensors:      5
Mode:         PeMS Data-Driven
Car-Following: Krause
ODE Solver:   Ballistic
Vmax:         35.0 m/s
======================================================================
Skipping Source actor due to time limit at clock = 43201.00125327633
Skipping Source actor due to time limit at clock = 43210.6788297557
-----------------------------
| Model.cleanup in progress |
-----------------------------
cleanup: agenda
cleanup: wait queues
coroutine counts = (17628315,17627135,17626544)
[ModelOptimizer] Fitness: 4.5364 | Elapsed: 87.71 sec
[ModelOptimizer] Evaluating parameters: VectorD(4.20081,	3.75948,	-2.52533,	2.57669,	1.50000)

======================================================================
TRAFFIC MODEL BUILDER SUMMARY
======================================================================
Network:      US-101-N-DonaldDoyle
Segments:     7
Lanes:        4
Junctions:    8
Ramps:        2
Sensors:      5
Mode:         PeMS Data-Driven
Car-Following: Krause
ODE Solver:   Ballistic
Vmax:         35.0 m/s
======================================================================
Skipping Source actor due to time limit at clock = 43201.00125327633
Skipping Source actor due to time limit at clock = 43210.6788297557
-----------------------------
| Model.cleanup in progress |
-----------------------------
cleanup: agenda
cleanup: wait queues
coroutine counts = (17688072,17686888,17686295)
[ModelOptimizer] Fitness: 3.8504 | Elapsed: 60.05 sec
[ModelOptimizer] Evaluating parameters: VectorD(4.82527,	4.38394,	-1.90087,	3.20114,	1.50000)

======================================================================
TRAFFIC MODEL BUILDER SUMMARY
======================================================================
Network:      US-101-N-DonaldDoyle
Segments:     7
Lanes:        4
Junctions:    8
Ramps:        2
Sensors:      5
Mode:         PeMS Data-Driven
Car-Following: Krause
ODE Solver:   Ballistic
Vmax:         35.0 m/s
======================================================================
Skipping Source actor due to time limit at clock = 43201.00125327633
Skipping Source actor due to time limit at clock = 43210.6788297557
-----------------------------
| Model.cleanup in progress |
-----------------------------
cleanup: agenda
cleanup: wait queues
coroutine counts = (17747829,17746641,17746046)
[ModelOptimizer] Fitness: 3.7124 | Elapsed: 55.29 sec
[ModelOptimizer] Evaluating parameters: VectorD(5.45270,	5.01137,	-1.27344,	2.57372,	1.50000)

======================================================================
TRAFFIC MODEL BUILDER SUMMARY
======================================================================
Network:      US-101-N-DonaldDoyle
Segments:     7
Lanes:        4
Junctions:    8
Ramps:        2
Sensors:      5
Mode:         PeMS Data-Driven
Car-Following: Krause
ODE Solver:   Ballistic
Vmax:         35.0 m/s
======================================================================
Skipping Source actor due to time limit at clock = 43201.00125327633
Skipping Source actor due to time limit at clock = 43210.6788297557
-----------------------------
| Model.cleanup in progress |
-----------------------------
cleanup: agenda
cleanup: wait queues
coroutine counts = (17807586,17806394,17805797)
[ModelOptimizer] Fitness: 3.6164 | Elapsed: 60.35 sec
[ModelOptimizer] Evaluating parameters: VectorD(4.19784,	3.75652,	-2.52830,	3.82857,	1.05916)

======================================================================
TRAFFIC MODEL BUILDER SUMMARY
======================================================================
Network:      US-101-N-DonaldDoyle
Segments:     7
Lanes:        4
Junctions:    8
Ramps:        2
Sensors:      5
Mode:         PeMS Data-Driven
Car-Following: Krause
ODE Solver:   Ballistic
Vmax:         35.0 m/s
======================================================================
Skipping Source actor due to time limit at clock = 43201.00125327633
Skipping Source actor due to time limit at clock = 43210.6788297557
-----------------------------
| Model.cleanup in progress |
-----------------------------
cleanup: agenda
cleanup: wait queues
coroutine counts = (17867343,17866147,17865548)
[ModelOptimizer] Fitness: 4.5560 | Elapsed: 68.75 sec
[ModelOptimizer] Evaluating parameters: VectorD(4.83019,	4.38886,	-1.89595,	3.19622,	1.50000)

======================================================================
TRAFFIC MODEL BUILDER SUMMARY
======================================================================
Network:      US-101-N-DonaldDoyle
Segments:     7
Lanes:        4
Junctions:    8
Ramps:        2
Sensors:      5
Mode:         PeMS Data-Driven
Car-Following: Krause
ODE Solver:   Ballistic
Vmax:         35.0 m/s
======================================================================
Skipping Source actor due to time limit at clock = 43201.00125327633
Skipping Source actor due to time limit at clock = 43210.6788297557
-----------------------------
| Model.cleanup in progress |
-----------------------------
cleanup: agenda
cleanup: wait queues
coroutine counts = (17927100,17925900,17925299)
[ModelOptimizer] Fitness: 3.6952 | Elapsed: 56.27 sec
     100 |      3.65213759 |      3.65213759 |     100.0% ✓
----------------------------------------------------------------------
Training completed! Total epochs: 100
Final Loss: 3.65213759
Best Loss:  3.65213759
----------------------------------------------------------------------

----------------------------------------------------------------------
SPSA: OPTIMIZATION SUMMARY
----------------------------------------------------------------------
Metric                    | Value
----------------------------------------------------------------------
Final position (x_last)   | VectorD(4.83019,	4.38886,	-1.89595,	3.19622,	1.69151)
[ModelOptimizer] Evaluating parameters: VectorD(4.83019,	4.38886,	-1.89595,	3.19622,	1.50000)

======================================================================
TRAFFIC MODEL BUILDER SUMMARY
======================================================================
Network:      US-101-N-DonaldDoyle
Segments:     7
Lanes:        4
Junctions:    8
Ramps:        2
Sensors:      5
Mode:         PeMS Data-Driven
Car-Following: Krause
ODE Solver:   Ballistic
Vmax:         35.0 m/s
======================================================================
Skipping Source actor due to time limit at clock = 43201.00125327633
Skipping Source actor due to time limit at clock = 43210.6788297557
-----------------------------
| Model.cleanup in progress |
-----------------------------
cleanup: agenda
cleanup: wait queues
coroutine counts = (17986857,17985653,17985050)
[ModelOptimizer] Fitness: 3.7012 | Elapsed: 58.42 sec
Loss at final position    | 3.70120333
Best position found       | VectorD(4.87673,	4.32017,	-1.94532,	3.18176,	1.49799)
Best loss achieved        | 3.65213759
Total iterations          | 100
Elapsed time              | 65413.3756 seconds (65413375.55 ms)
Time per iteration        | 654133.76 ms
----------------------------------------------------------------------

============================================================
GENERATING FINAL REPORT WITH OPTIMIZED PARAMETERS
============================================================

======================================================================
TRAFFIC MODEL BUILDER SUMMARY
======================================================================
Network:      US-101-N-DonaldDoyle
Segments:     7
Lanes:        4
Junctions:    8
Ramps:        2
Sensors:      5
Mode:         PeMS Data-Driven
Car-Following: Krause
ODE Solver:   Ballistic
Vmax:         35.0 m/s
======================================================================
Skipping Source actor due to time limit at clock = 43201.00125327633
Skipping Source actor due to time limit at clock = 43210.6788297557
-----------------------------
| Model.cleanup in progress |
-----------------------------
cleanup: agenda
cleanup: wait queues
coroutine counts = (18046614,18045406,18044801)

==================================================================================================================================================================================================================
MACRO-LEVEL VALIDATION (Sensor Aggregates)
==================================================================================================================================================================================================================
Sensor    Flow R²      Flow MAE     Flow RMSE    Flow Mean    Flow NRMSE*100   Flow SMAPE     Speed R²     Speed MAE    Speed RMSE   Speed Mean   Speed NRMSE*100  Speed SMAPE   
------------------------------------------------------------------------------------------------------------------------------------------------------------------------------------------------------------------
1         0.9768       10.03        16.22        1168.79      1.39             3.76           0.7276       1.63         3.76         95.18        3.95             12.14         
2         0.9531       15.95        22.84        1256.92      1.82             5.39           0.8697       1.47         2.51         96.12        2.61             9.22          
3         0.9518       18.48        23.96        1264.75      1.89             6.39           0.6338       2.52         3.79         97.47        3.89             14.98         
4         0.9177       24.44        31.43        1291.94      2.43             8.09           0.5405       2.74         3.97         98.56        4.03             15.90         
5         0.9170       24.60        31.73        1280.10      2.48             8.31           -1.0906      6.23         7.60         101.33       7.50             33.69         
==================================================================================================================================================================================================================

============================================================================================================================================================================================================================
MICRO-LEVEL VALIDATION (Lane Detail)
============================================================================================================================================================================================================================
Sensor   Lane   Flow R²      Flow MAE     Flow RMSE    Flow Mean    Flow NRMSE*100   Flow SMAPE     Speed R²     Speed MAE    Speed RMSE   Speed Mean   Speed NRMSE*100  Speed SMAPE   
----------------------------------------------------------------------------------------------------------------------------------------------------------------------------------------------------------------------------
1        1      0.9832       8.10         12.88        201.35       6.40             4.47           0.7504       1.31         2.96         28.67        10.34            4.84          
         2      0.8429       13.73        24.75        410.71       6.03             3.59           0.7188       1.83         4.10         23.40        17.54            20.50         
         3      0.9139       9.85         12.97        319.88       4.06             3.12           0.4579       2.34         4.96         22.40        22.14            15.52         
         4      0.9705       8.42         10.29        236.85       4.34             3.85           0.8004       1.05         2.52         20.71        12.15            7.70          
----------------------------------------------------------------------------------------------------------------------------------------------------------------------------------------------------------------------------
2        1      0.9782       9.92         15.10        210.10       7.19             5.25           0.8258       1.42         2.37         28.89        8.20             6.06          
         2      0.7981       17.06        27.45        417.92       6.57             4.34           0.8587       1.47         2.69         23.66        11.39            10.40         
         3      0.6587       24.42        28.44        345.58       8.23             7.50           0.8935       1.49         2.12         22.89        9.27             8.98          
         4      0.9325       12.40        17.22        283.31       6.08             4.48           0.7485       1.52         2.79         20.68        13.49            11.45         
----------------------------------------------------------------------------------------------------------------------------------------------------------------------------------------------------------------------------
3        1      0.9734       13.17        16.87        216.35       7.80             7.19           0.7716       1.75         2.64         28.79        9.19             7.88          
         2      0.7999       20.75        28.53        431.71       6.61             5.12           0.4981       3.14         4.53         24.18        18.74            19.26         
         3      0.6351       25.58        29.09        346.54       8.39             7.88           0.3065       3.43         4.68         23.27        20.09            20.95         
         4      0.9165       14.44        18.77        270.15       6.95             5.35           0.6520       1.78         2.83         21.23        13.35            11.83         
----------------------------------------------------------------------------------------------------------------------------------------------------------------------------------------------------------------------------
4        1      0.9213       22.40        29.17        220.17       13.25            10.75          0.3041       3.37         4.39         28.90        15.20            15.31         
         2      0.6226       30.29        38.21        437.67       8.73             7.18           0.5438       2.86         3.95         24.71        15.98            17.15         
         3      0.4480       30.98        35.84        349.21       10.26            9.43           0.1672       2.98         4.41         23.69        18.61            18.78         
         4      0.9310       14.08        18.87        284.90       6.62             5.02           0.5940       1.76         2.95         21.26        13.86            12.35         
----------------------------------------------------------------------------------------------------------------------------------------------------------------------------------------------------------------------------
5        1      0.9135       23.69        30.18        220.00       13.72            11.35          -2.0162      5.82         7.65         29.91        25.58            26.55         
         2      0.6299       30.02        39.65        438.52       9.04             7.03           -2.1403      8.29         9.50         25.23        37.65            44.75         
         3      0.5215       28.46        33.09        345.81       9.57             8.72           -0.7313      4.03         5.40         24.12        22.37            23.47         
         4      0.9065       16.25        21.19        275.77       7.69             6.14           -3.2474      6.78         7.28         22.08        32.98            39.98         
============================================================================================================================================================================================================================

============================================================
SUMMARY
============================================================
Average Flow NRMSE*100:  2.0022
Average Speed NRMSE*100: 4.3940
Fitness (avg NRMSE*100): 3.6765
============================================================
Simulation data exported to: log/simulation/krause_spsa_optimized_data.csv
Validation report exported to: log/simulation/krause_spsa_optimized_report.txt

Exported: krause_spsa_optimized_data.csv, krause_spsa_optimized_report.txt
Best Fitness: 3.6521375927214357
Best Parameters: VectorD(4.87673,	4.32017,	-1.94532,	3.18176,	1.49799)
Total Duration: 65471802.21 seconds
