========================================
CALIBRATION ARRAY JOB
========================================
Job ID:        42787432
Array Task ID: 9
Host:          c1-21
Started:       Tue Feb 17 01:30:48 EST 2026
========================================
Model:         Gipps
Optimizer:     GA
========================================
Working directory: /scratch/krb84578/workDir/scalation_2.0
Using JAR: target/scala-3.7.4/scalation-assembly.jar
JAR size:  22M

=== Starting Calibration ===
Tue Feb 17 01:30:49 EST 2026
----------------------------------
| CALIBRATION ARRAY JOB - Task 9 |
----------------------------------
Model: gipps (Gipps)
Optimizer: ga
Timestamp: 2026-02-17T01:30:50.197306284
Host: c1-21
============================================================
Starting parameters: VectorD(2.00000,	1.50000,	-3.00000,	1.00000,	0.670000)
----------------------------------------------------------------------
   Epoch |            Loss |       Best Loss |   Progress
----------------------------------------------------------------------
[ModelOptimizer] Evaluating parameters: VectorD(3.94130,	1.97065,	-1.52935,	2.05005,	1.23532)

======================================================================
TRAFFIC MODEL BUILDER SUMMARY
======================================================================
Network:      US-101-N-DonaldDoyle
Segments:     7
Lanes:        4
Junctions:    8
Ramps:        2
Sensors:      5
Mode:         PeMS Data-Driven
Car-Following: Gipps
ODE Solver:   Ballistic
Vmax:         35.0 m/s
======================================================================
Skipping Source actor due to time limit at clock = 43201.00125327633
Skipping Source actor due to time limit at clock = 43210.6788297557
-----------------------------
| Model.cleanup in progress |
-----------------------------
cleanup: agenda
cleanup: wait queues
coroutine counts = (59757,59753,59750)
[ModelOptimizer] Fitness: 5.2906 | Elapsed: 96.15 sec
[ModelOptimizer] Evaluating parameters: VectorD(3.45683,	1.72841,	-1.77159,	1.84415,	1.11421)

======================================================================
TRAFFIC MODEL BUILDER SUMMARY
======================================================================
Network:      US-101-N-DonaldDoyle
Segments:     7
Lanes:        4
Junctions:    8
Ramps:        2
Sensors:      5
Mode:         PeMS Data-Driven
Car-Following: Gipps
ODE Solver:   Ballistic
Vmax:         35.0 m/s
======================================================================
Skipping Source actor due to time limit at clock = 43201.00125327633
Skipping Source actor due to time limit at clock = 43210.6788297557
-----------------------------
| Model.cleanup in progress |
-----------------------------
cleanup: agenda
cleanup: wait queues
coroutine counts = (119514,119506,119501)
[ModelOptimizer] Fitness: 5.0130 | Elapsed: 112.62 sec
[ModelOptimizer] Evaluating parameters: VectorD(1.44031,	0.720156,	-2.77984,	0.987133,	0.610078)

======================================================================
TRAFFIC MODEL BUILDER SUMMARY
======================================================================
Network:      US-101-N-DonaldDoyle
Segments:     7
Lanes:        4
Junctions:    8
Ramps:        2
Sensors:      5
Mode:         PeMS Data-Driven
Car-Following: Gipps
ODE Solver:   Ballistic
Vmax:         35.0 m/s
======================================================================
Skipping Source actor due to time limit at clock = 43201.00125327633
Skipping Source actor due to time limit at clock = 43210.6788297557
-----------------------------
| Model.cleanup in progress |
-----------------------------
cleanup: agenda
cleanup: wait queues
coroutine counts = (179271,179259,179252)
[ModelOptimizer] Fitness: 5.1952 | Elapsed: 150.83 sec
[ModelOptimizer] Evaluating parameters: VectorD(3.59510,	1.79755,	-1.70245,	1.90292,	1.14877)

======================================================================
TRAFFIC MODEL BUILDER SUMMARY
======================================================================
Network:      US-101-N-DonaldDoyle
Segments:     7
Lanes:        4
Junctions:    8
Ramps:        2
Sensors:      5
Mode:         PeMS Data-Driven
Car-Following: Gipps
ODE Solver:   Ballistic
Vmax:         35.0 m/s
======================================================================
Skipping Source actor due to time limit at clock = 43201.00125327633
Skipping Source actor due to time limit at clock = 43210.6788297557
-----------------------------
| Model.cleanup in progress |
-----------------------------
cleanup: agenda
cleanup: wait queues
coroutine counts = (239028,239012,239003)
[ModelOptimizer] Fitness: 5.0864 | Elapsed: 91.61 sec
[ModelOptimizer] Evaluating parameters: VectorD(2.46478,	1.23239,	-2.26761,	1.42253,	0.866194)

======================================================================
TRAFFIC MODEL BUILDER SUMMARY
======================================================================
Network:      US-101-N-DonaldDoyle
Segments:     7
Lanes:        4
Junctions:    8
Ramps:        2
Sensors:      5
Mode:         PeMS Data-Driven
Car-Following: Gipps
ODE Solver:   Ballistic
Vmax:         35.0 m/s
======================================================================
Skipping Source actor due to time limit at clock = 43201.00125327633
Skipping Source actor due to time limit at clock = 43210.6788297557
-----------------------------
| Model.cleanup in progress |
-----------------------------
cleanup: agenda
cleanup: wait queues
coroutine counts = (298785,298765,298754)
[ModelOptimizer] Fitness: 4.8557 | Elapsed: 106.09 sec
[ModelOptimizer] Evaluating parameters: VectorD(1.43529,	0.717646,	-2.78235,	0.984999,	0.608823)

======================================================================
TRAFFIC MODEL BUILDER SUMMARY
======================================================================
Network:      US-101-N-DonaldDoyle
Segments:     7
Lanes:        4
Junctions:    8
Ramps:        2
Sensors:      5
Mode:         PeMS Data-Driven
Car-Following: Gipps
ODE Solver:   Ballistic
Vmax:         35.0 m/s
======================================================================
Skipping Source actor due to time limit at clock = 43201.00125327633
Skipping Source actor due to time limit at clock = 43210.6788297557
-----------------------------
| Model.cleanup in progress |
-----------------------------
cleanup: agenda
cleanup: wait queues
coroutine counts = (358542,358518,358505)
[ModelOptimizer] Fitness: 5.1827 | Elapsed: 123.65 sec
[ModelOptimizer] Evaluating parameters: VectorD(3.13222,	1.56611,	-1.93389,	1.70619,	1.03305)

======================================================================
TRAFFIC MODEL BUILDER SUMMARY
======================================================================
Network:      US-101-N-DonaldDoyle
Segments:     7
Lanes:        4
Junctions:    8
Ramps:        2
Sensors:      5
Mode:         PeMS Data-Driven
Car-Following: Gipps
ODE Solver:   Ballistic
Vmax:         35.0 m/s
======================================================================
Skipping Source actor due to time limit at clock = 43201.00125327633
Skipping Source actor due to time limit at clock = 43210.6788297557
-----------------------------
| Model.cleanup in progress |
-----------------------------
cleanup: agenda
cleanup: wait queues
coroutine counts = (418299,418271,418256)
[ModelOptimizer] Fitness: 4.9052 | Elapsed: 102.53 sec
[ModelOptimizer] Evaluating parameters: VectorD(4.91352,	2.45676,	-1.04324,	2.46325,	1.47838)

======================================================================
TRAFFIC MODEL BUILDER SUMMARY
======================================================================
Network:      US-101-N-DonaldDoyle
Segments:     7
Lanes:        4
Junctions:    8
Ramps:        2
Sensors:      5
Mode:         PeMS Data-Driven
Car-Following: Gipps
ODE Solver:   Ballistic
Vmax:         35.0 m/s
======================================================================
Skipping Source actor due to time limit at clock = 43201.00125327633
Skipping Source actor due to time limit at clock = 43210.6788297557
-----------------------------
| Model.cleanup in progress |
-----------------------------
cleanup: agenda
cleanup: wait queues
coroutine counts = (478056,478024,478007)
[ModelOptimizer] Fitness: 6.4451 | Elapsed: 89.97 sec
[ModelOptimizer] Evaluating parameters: VectorD(4.66050,	2.33025,	-1.16975,	2.35571,	1.41512)

======================================================================
TRAFFIC MODEL BUILDER SUMMARY
======================================================================
Network:      US-101-N-DonaldDoyle
Segments:     7
Lanes:        4
Junctions:    8
Ramps:        2
Sensors:      5
Mode:         PeMS Data-Driven
Car-Following: Gipps
ODE Solver:   Ballistic
Vmax:         35.0 m/s
======================================================================
Skipping Source actor due to time limit at clock = 43201.00125327633
Skipping Source actor due to time limit at clock = 43210.6788297557
-----------------------------
| Model.cleanup in progress |
-----------------------------
cleanup: agenda
cleanup: wait queues
coroutine counts = (537813,537777,537758)
[ModelOptimizer] Fitness: 6.0969 | Elapsed: 87.18 sec
[ModelOptimizer] Evaluating parameters: VectorD(4.40390,	2.20195,	-1.29805,	2.24666,	1.35097)

======================================================================
TRAFFIC MODEL BUILDER SUMMARY
======================================================================
Network:      US-101-N-DonaldDoyle
Segments:     7
Lanes:        4
Junctions:    8
Ramps:        2
Sensors:      5
Mode:         PeMS Data-Driven
Car-Following: Gipps
ODE Solver:   Ballistic
Vmax:         35.0 m/s
======================================================================
Skipping Source actor due to time limit at clock = 43201.00125327633
Skipping Source actor due to time limit at clock = 43210.6788297557
-----------------------------
| Model.cleanup in progress |
-----------------------------
cleanup: agenda
cleanup: wait queues
coroutine counts = (597570,597530,597509)
[ModelOptimizer] Fitness: 5.7653 | Elapsed: 87.82 sec
[ModelOptimizer] Evaluating parameters: VectorD(2.76323,	1.38161,	-2.11839,	1.54937,	0.940807)

======================================================================
TRAFFIC MODEL BUILDER SUMMARY
======================================================================
Network:      US-101-N-DonaldDoyle
Segments:     7
Lanes:        4
Junctions:    8
Ramps:        2
Sensors:      5
Mode:         PeMS Data-Driven
Car-Following: Gipps
ODE Solver:   Ballistic
Vmax:         35.0 m/s
======================================================================
Skipping Source actor due to time limit at clock = 43201.00125327633
Skipping Source actor due to time limit at clock = 43210.6788297557
-----------------------------
| Model.cleanup in progress |
-----------------------------
cleanup: agenda
cleanup: wait queues
coroutine counts = (657327,657283,657260)
[ModelOptimizer] Fitness: 4.8507 | Elapsed: 100.02 sec
[ModelOptimizer] Evaluating parameters: VectorD(1.22374,	0.611869,	-2.88813,	0.895089,	0.555935)

======================================================================
TRAFFIC MODEL BUILDER SUMMARY
======================================================================
Network:      US-101-N-DonaldDoyle
Segments:     7
Lanes:        4
Junctions:    8
Ramps:        2
Sensors:      5
Mode:         PeMS Data-Driven
Car-Following: Gipps
ODE Solver:   Ballistic
Vmax:         35.0 m/s
======================================================================
Skipping Source actor due to time limit at clock = 43201.00125327633
Skipping Source actor due to time limit at clock = 43210.6788297557
-----------------------------
| Model.cleanup in progress |
-----------------------------
cleanup: agenda
cleanup: wait queues
coroutine counts = (717084,717036,717011)
[ModelOptimizer] Fitness: 5.3972 | Elapsed: 137.35 sec
[ModelOptimizer] Evaluating parameters: VectorD(1.93943,	0.969713,	-2.53029,	1.19926,	0.734856)

======================================================================
TRAFFIC MODEL BUILDER SUMMARY
======================================================================
Network:      US-101-N-DonaldDoyle
Segments:     7
Lanes:        4
Junctions:    8
Ramps:        2
Sensors:      5
Mode:         PeMS Data-Driven
Car-Following: Gipps
ODE Solver:   Ballistic
Vmax:         35.0 m/s
======================================================================
Skipping Source actor due to time limit at clock = 43201.00125327633
Skipping Source actor due to time limit at clock = 43210.6788297557
-----------------------------
| Model.cleanup in progress |
-----------------------------
cleanup: agenda
cleanup: wait queues
coroutine counts = (776841,776789,776762)
[ModelOptimizer] Fitness: 4.9438 | Elapsed: 110.36 sec
[ModelOptimizer] Evaluating parameters: VectorD(3.47921,	1.73960,	-1.76040,	1.85366,	1.11980)

======================================================================
TRAFFIC MODEL BUILDER SUMMARY
======================================================================
Network:      US-101-N-DonaldDoyle
Segments:     7
Lanes:        4
Junctions:    8
Ramps:        2
Sensors:      5
Mode:         PeMS Data-Driven
Car-Following: Gipps
ODE Solver:   Ballistic
Vmax:         35.0 m/s
======================================================================
Skipping Source actor due to time limit at clock = 43201.00125327633
Skipping Source actor due to time limit at clock = 43210.6788297557
-----------------------------
| Model.cleanup in progress |
-----------------------------
cleanup: agenda
cleanup: wait queues
coroutine counts = (836598,836542,836513)
[ModelOptimizer] Fitness: 5.0234 | Elapsed: 81.83 sec
[ModelOptimizer] Evaluating parameters: VectorD(4.08346,	2.04173,	-1.45827,	2.11047,	1.27086)

======================================================================
TRAFFIC MODEL BUILDER SUMMARY
======================================================================
Network:      US-101-N-DonaldDoyle
Segments:     7
Lanes:        4
Junctions:    8
Ramps:        2
Sensors:      5
Mode:         PeMS Data-Driven
Car-Following: Gipps
ODE Solver:   Ballistic
Vmax:         35.0 m/s
======================================================================
Skipping Source actor due to time limit at clock = 43201.00125327633
Skipping Source actor due to time limit at clock = 43210.6788297557
-----------------------------
| Model.cleanup in progress |
-----------------------------
cleanup: agenda
cleanup: wait queues
coroutine counts = (896355,896295,896264)
[ModelOptimizer] Fitness: 5.3806 | Elapsed: 78.73 sec
[ModelOptimizer] Evaluating parameters: VectorD(2.69679,	1.28869,	-1.91393,	1.50718,	0.890453)

======================================================================
TRAFFIC MODEL BUILDER SUMMARY
======================================================================
Network:      US-101-N-DonaldDoyle
Segments:     7
Lanes:        4
Junctions:    8
Ramps:        2
Sensors:      5
Mode:         PeMS Data-Driven
Car-Following: Gipps
ODE Solver:   Ballistic
Vmax:         35.0 m/s
======================================================================
Skipping Source actor due to time limit at clock = 43201.00125327633
Skipping Source actor due to time limit at clock = 43210.6788297557
-----------------------------
| Model.cleanup in progress |
-----------------------------
cleanup: agenda
cleanup: wait queues
coroutine counts = (956112,956048,956015)
[ModelOptimizer] Fitness: 5.0746 | Elapsed: 98.39 sec
[ModelOptimizer] Evaluating parameters: VectorD(2.33086,	1.39988,	-2.52374,	1.80664,	1.07289)

======================================================================
TRAFFIC MODEL BUILDER SUMMARY
======================================================================
Network:      US-101-N-DonaldDoyle
Segments:     7
Lanes:        4
Junctions:    8
Ramps:        2
Sensors:      5
Mode:         PeMS Data-Driven
Car-Following: Gipps
ODE Solver:   Ballistic
Vmax:         35.0 m/s
======================================================================
Skipping Source actor due to time limit at clock = 43201.00125327633
Skipping Source actor due to time limit at clock = 43210.6788297557
-----------------------------
| Model.cleanup in progress |
-----------------------------
cleanup: agenda
cleanup: wait queues
coroutine counts = (1015869,1015801,1015766)
[ModelOptimizer] Fitness: 4.4276 | Elapsed: 91.99 sec
[ModelOptimizer] Evaluating parameters: VectorD(2.69780,	1.13620,	-2.26193,	1.25673,	0.814475)

======================================================================
TRAFFIC MODEL BUILDER SUMMARY
======================================================================
Network:      US-101-N-DonaldDoyle
Segments:     7
Lanes:        4
Junctions:    8
Ramps:        2
Sensors:      5
Mode:         PeMS Data-Driven
Car-Following: Gipps
ODE Solver:   Ballistic
Vmax:         35.0 m/s
======================================================================
Skipping Source actor due to time limit at clock = 43201.00125327633
Skipping Source actor due to time limit at clock = 43210.6788297557
-----------------------------
| Model.cleanup in progress |
-----------------------------
cleanup: agenda
cleanup: wait queues
coroutine counts = (1075626,1075554,1075517)
[ModelOptimizer] Fitness: 4.9760 | Elapsed: 111.30 sec
[ModelOptimizer] Evaluating parameters: VectorD(3.50668,	1.84867,	-1.82654,	1.41055,	0.832623)

======================================================================
TRAFFIC MODEL BUILDER SUMMARY
======================================================================
Network:      US-101-N-DonaldDoyle
Segments:     7
Lanes:        4
Junctions:    8
Ramps:        2
Sensors:      5
Mode:         PeMS Data-Driven
Car-Following: Gipps
ODE Solver:   Ballistic
Vmax:         35.0 m/s
======================================================================
Skipping Source actor due to time limit at clock = 43201.00125327633
Skipping Source actor due to time limit at clock = 43210.6788297557
-----------------------------
| Model.cleanup in progress |
-----------------------------
cleanup: agenda
cleanup: wait queues
coroutine counts = (1135383,1135307,1135268)
[ModelOptimizer] Fitness: 5.1065 | Elapsed: 99.15 sec
[ModelOptimizer] Evaluating parameters: VectorD(2.00531,	0.970059,	-2.27172,	1.04183,	0.590114)

======================================================================
TRAFFIC MODEL BUILDER SUMMARY
======================================================================
Network:      US-101-N-DonaldDoyle
Segments:     7
Lanes:        4
Junctions:    8
Ramps:        2
Sensors:      5
Mode:         PeMS Data-Driven
Car-Following: Gipps
ODE Solver:   Ballistic
Vmax:         35.0 m/s
======================================================================
Skipping Source actor due to time limit at clock = 43201.00125327633
Skipping Source actor due to time limit at clock = 43210.6788297557
-----------------------------
| Model.cleanup in progress |
-----------------------------
cleanup: agenda
cleanup: wait queues
coroutine counts = (1195140,1195060,1195019)
[ModelOptimizer] Fitness: 5.3329 | Elapsed: 127.32 sec
[ModelOptimizer] Evaluating parameters: VectorD(3.17435,	1.68332,	-2.15974,	0.987762,	0.854232)

======================================================================
TRAFFIC MODEL BUILDER SUMMARY
======================================================================
Network:      US-101-N-DonaldDoyle
Segments:     7
Lanes:        4
Junctions:    8
Ramps:        2
Sensors:      5
Mode:         PeMS Data-Driven
Car-Following: Gipps
ODE Solver:   Ballistic
Vmax:         35.0 m/s
======================================================================
Skipping Source actor due to time limit at clock = 43201.00125327633
Skipping Source actor due to time limit at clock = 43210.6788297557
-----------------------------
| Model.cleanup in progress |
-----------------------------
cleanup: agenda
cleanup: wait queues
coroutine counts = (1254897,1254813,1254770)
[ModelOptimizer] Fitness: 4.7455 | Elapsed: 94.22 sec
[ModelOptimizer] Evaluating parameters: VectorD(4.19552,	2.09776,	-1.40224,	2.15810,	1.29888)

======================================================================
TRAFFIC MODEL BUILDER SUMMARY
======================================================================
Network:      US-101-N-DonaldDoyle
Segments:     7
Lanes:        4
Junctions:    8
Ramps:        2
Sensors:      5
Mode:         PeMS Data-Driven
Car-Following: Gipps
ODE Solver:   Ballistic
Vmax:         35.0 m/s
======================================================================
Skipping Source actor due to time limit at clock = 43201.00125327633
Skipping Source actor due to time limit at clock = 43210.6788297557
-----------------------------
| Model.cleanup in progress |
-----------------------------
cleanup: agenda
cleanup: wait queues
coroutine counts = (1314654,1314566,1314521)
[ModelOptimizer] Fitness: 5.5183 | Elapsed: 83.04 sec
[ModelOptimizer] Evaluating parameters: VectorD(4.80421,	2.40210,	-1.09790,	2.41679,	1.45105)

======================================================================
TRAFFIC MODEL BUILDER SUMMARY
======================================================================
Network:      US-101-N-DonaldDoyle
Segments:     7
Lanes:        4
Junctions:    8
Ramps:        2
Sensors:      5
Mode:         PeMS Data-Driven
Car-Following: Gipps
ODE Solver:   Ballistic
Vmax:         35.0 m/s
======================================================================
Skipping Source actor due to time limit at clock = 43201.00125327633
Skipping Source actor due to time limit at clock = 43210.6788297557
-----------------------------
| Model.cleanup in progress |
-----------------------------
cleanup: agenda
cleanup: wait queues
coroutine counts = (1374411,1374319,1374272)
[ModelOptimizer] Fitness: 6.3179 | Elapsed: 86.61 sec
[ModelOptimizer] Evaluating parameters: VectorD(2.44492,	1.22246,	-2.27754,	1.41409,	0.861231)

======================================================================
TRAFFIC MODEL BUILDER SUMMARY
======================================================================
Network:      US-101-N-DonaldDoyle
Segments:     7
Lanes:        4
Junctions:    8
Ramps:        2
Sensors:      5
Mode:         PeMS Data-Driven
Car-Following: Gipps
ODE Solver:   Ballistic
Vmax:         35.0 m/s
======================================================================
Skipping Source actor due to time limit at clock = 43201.00125327633
Skipping Source actor due to time limit at clock = 43210.6788297557
-----------------------------
| Model.cleanup in progress |
-----------------------------
cleanup: agenda
cleanup: wait queues
coroutine counts = (1434168,1434072,1434023)
[ModelOptimizer] Fitness: 4.8446 | Elapsed: 103.58 sec
[ModelOptimizer] Evaluating parameters: VectorD(2.91580,	1.45790,	-2.04210,	1.61421,	0.978949)

======================================================================
TRAFFIC MODEL BUILDER SUMMARY
======================================================================
Network:      US-101-N-DonaldDoyle
Segments:     7
Lanes:        4
Junctions:    8
Ramps:        2
Sensors:      5
Mode:         PeMS Data-Driven
Car-Following: Gipps
ODE Solver:   Ballistic
Vmax:         35.0 m/s
======================================================================
Skipping Source actor due to time limit at clock = 43201.00125327633
Skipping Source actor due to time limit at clock = 43210.6788297557
-----------------------------
| Model.cleanup in progress |
-----------------------------
cleanup: agenda
cleanup: wait queues
coroutine counts = (1493925,1493825,1493774)
[ModelOptimizer] Fitness: 4.8641 | Elapsed: 101.57 sec
[ModelOptimizer] Evaluating parameters: VectorD(2.61243,	1.30622,	-2.19378,	1.48528,	0.903108)

======================================================================
TRAFFIC MODEL BUILDER SUMMARY
======================================================================
Network:      US-101-N-DonaldDoyle
Segments:     7
Lanes:        4
Junctions:    8
Ramps:        2
Sensors:      5
Mode:         PeMS Data-Driven
Car-Following: Gipps
ODE Solver:   Ballistic
Vmax:         35.0 m/s
======================================================================
Skipping Source actor due to time limit at clock = 43201.00125327633
Skipping Source actor due to time limit at clock = 43210.6788297557
-----------------------------
| Model.cleanup in progress |
-----------------------------
cleanup: agenda
cleanup: wait queues
coroutine counts = (1553682,1553578,1553525)
[ModelOptimizer] Fitness: 4.8543 | Elapsed: 101.91 sec
       1 |      4.42764104 |      4.42764104 |       0.3% ✓
[ModelOptimizer] Evaluating parameters: VectorD(3.05530,	1.62926,	-2.80068,	1.55973,	1.15954)

======================================================================
TRAFFIC MODEL BUILDER SUMMARY
======================================================================
Network:      US-101-N-DonaldDoyle
Segments:     7
Lanes:        4
Junctions:    8
Ramps:        2
Sensors:      5
Mode:         PeMS Data-Driven
Car-Following: Gipps
ODE Solver:   Ballistic
Vmax:         35.0 m/s
======================================================================
Skipping Source actor due to time limit at clock = 43201.00125327633
Skipping Source actor due to time limit at clock = 43210.6788297557
-----------------------------
| Model.cleanup in progress |
-----------------------------
cleanup: agenda
cleanup: wait queues
coroutine counts = (1613439,1613331,1613276)
[ModelOptimizer] Fitness: 4.1746 | Elapsed: 78.50 sec
[ModelOptimizer] Evaluating parameters: VectorD(1.97264,	1.24811,	-2.90138,	1.49872,	0.945926)

======================================================================
TRAFFIC MODEL BUILDER SUMMARY
======================================================================
Network:      US-101-N-DonaldDoyle
Segments:     7
Lanes:        4
Junctions:    8
Ramps:        2
Sensors:      5
Mode:         PeMS Data-Driven
Car-Following: Gipps
ODE Solver:   Ballistic
Vmax:         35.0 m/s
======================================================================
Skipping Source actor due to time limit at clock = 43201.00125327633
Skipping Source actor due to time limit at clock = 43210.6788297557
-----------------------------
| Model.cleanup in progress |
-----------------------------
cleanup: agenda
cleanup: wait queues
coroutine counts = (1673196,1673084,1673027)
[ModelOptimizer] Fitness: 4.3450 | Elapsed: 93.46 sec
[ModelOptimizer] Evaluating parameters: VectorD(1.87186,	1.35579,	-2.55099,	1.71303,	0.919504)

======================================================================
TRAFFIC MODEL BUILDER SUMMARY
======================================================================
Network:      US-101-N-DonaldDoyle
Segments:     7
Lanes:        4
Junctions:    8
Ramps:        2
Sensors:      5
Mode:         PeMS Data-Driven
Car-Following: Gipps
ODE Solver:   Ballistic
Vmax:         35.0 m/s
======================================================================
Skipping Source actor due to time limit at clock = 43201.00125327633
Skipping Source actor due to time limit at clock = 43210.6788297557
-----------------------------
| Model.cleanup in progress |
-----------------------------
cleanup: agenda
cleanup: wait queues
coroutine counts = (1732953,1732837,1732778)
[ModelOptimizer] Fitness: 4.5282 | Elapsed: 100.03 sec
[ModelOptimizer] Evaluating parameters: VectorD(3.35146,	1.42845,	-2.35363,	1.42364,	0.794562)

======================================================================
TRAFFIC MODEL BUILDER SUMMARY
======================================================================
Network:      US-101-N-DonaldDoyle
Segments:     7
Lanes:        4
Junctions:    8
Ramps:        2
Sensors:      5
Mode:         PeMS Data-Driven
Car-Following: Gipps
ODE Solver:   Ballistic
Vmax:         35.0 m/s
======================================================================
Skipping Source actor due to time limit at clock = 43201.00125327633
Skipping Source actor due to time limit at clock = 43210.6788297557
-----------------------------
| Model.cleanup in progress |
-----------------------------
cleanup: agenda
cleanup: wait queues
coroutine counts = (1792710,1792590,1792529)
[ModelOptimizer] Fitness: 4.7191 | Elapsed: 104.63 sec
[ModelOptimizer] Evaluating parameters: VectorD(2.47558,	1.39327,	-2.49966,	1.07919,	0.876183)

======================================================================
TRAFFIC MODEL BUILDER SUMMARY
======================================================================
Network:      US-101-N-DonaldDoyle
Segments:     7
Lanes:        4
Junctions:    8
Ramps:        2
Sensors:      5
Mode:         PeMS Data-Driven
Car-Following: Gipps
ODE Solver:   Ballistic
Vmax:         35.0 m/s
======================================================================
Skipping Source actor due to time limit at clock = 43201.00125327633
Skipping Source actor due to time limit at clock = 43210.6788297557
-----------------------------
| Model.cleanup in progress |
-----------------------------
cleanup: agenda
cleanup: wait queues
coroutine counts = (1852467,1852343,1852280)
[ModelOptimizer] Fitness: 4.5530 | Elapsed: 98.98 sec
[ModelOptimizer] Evaluating parameters: VectorD(3.05403,	1.38543,	-2.23938,	1.67460,	0.773944)

======================================================================
TRAFFIC MODEL BUILDER SUMMARY
======================================================================
Network:      US-101-N-DonaldDoyle
Segments:     7
Lanes:        4
Junctions:    8
Ramps:        2
Sensors:      5
Mode:         PeMS Data-Driven
Car-Following: Gipps
ODE Solver:   Ballistic
Vmax:         35.0 m/s
======================================================================
Skipping Source actor due to time limit at clock = 43201.00125327633
Skipping Source actor due to time limit at clock = 43210.6788297557
-----------------------------
| Model.cleanup in progress |
-----------------------------
cleanup: agenda
cleanup: wait queues
coroutine counts = (1912224,1912096,1912031)
[ModelOptimizer] Fitness: 4.8703 | Elapsed: 115.29 sec
[ModelOptimizer] Evaluating parameters: VectorD(3.33969,	1.66984,	-1.83016,	1.79437,	1.08492)

======================================================================
TRAFFIC MODEL BUILDER SUMMARY
======================================================================
Network:      US-101-N-DonaldDoyle
Segments:     7
Lanes:        4
Junctions:    8
Ramps:        2
Sensors:      5
Mode:         PeMS Data-Driven
Car-Following: Gipps
ODE Solver:   Ballistic
Vmax:         35.0 m/s
======================================================================
Skipping Source actor due to time limit at clock = 43201.00125327633
Skipping Source actor due to time limit at clock = 43210.6788297557
-----------------------------
| Model.cleanup in progress |
-----------------------------
cleanup: agenda
cleanup: wait queues
coroutine counts = (1971981,1971849,1971782)
[ModelOptimizer] Fitness: 4.9855 | Elapsed: 101.79 sec
[ModelOptimizer] Evaluating parameters: VectorD(3.00357,	1.50179,	-1.99821,	1.65152,	1.00089)

======================================================================
TRAFFIC MODEL BUILDER SUMMARY
======================================================================
Network:      US-101-N-DonaldDoyle
Segments:     7
Lanes:        4
Junctions:    8
Ramps:        2
Sensors:      5
Mode:         PeMS Data-Driven
Car-Following: Gipps
ODE Solver:   Ballistic
Vmax:         35.0 m/s
======================================================================
Skipping Source actor due to time limit at clock = 43201.00125327633
Skipping Source actor due to time limit at clock = 43210.6788297557
-----------------------------
| Model.cleanup in progress |
-----------------------------
cleanup: agenda
cleanup: wait queues
coroutine counts = (2031738,2031602,2031533)
[ModelOptimizer] Fitness: 4.8965 | Elapsed: 101.17 sec
[ModelOptimizer] Evaluating parameters: VectorD(1.97812,	0.989061,	-2.51094,	1.21570,	0.744530)

======================================================================
TRAFFIC MODEL BUILDER SUMMARY
======================================================================
Network:      US-101-N-DonaldDoyle
Segments:     7
Lanes:        4
Junctions:    8
Ramps:        2
Sensors:      5
Mode:         PeMS Data-Driven
Car-Following: Gipps
ODE Solver:   Ballistic
Vmax:         35.0 m/s
======================================================================
Skipping Source actor due to time limit at clock = 43201.00125327633
Skipping Source actor due to time limit at clock = 43210.6788297557
-----------------------------
| Model.cleanup in progress |
-----------------------------
cleanup: agenda
cleanup: wait queues
coroutine counts = (2091495,2091355,2091284)
[ModelOptimizer] Fitness: 4.9350 | Elapsed: 110.05 sec
[ModelOptimizer] Evaluating parameters: VectorD(1.68734,	0.843671,	-2.65633,	1.09212,	0.671836)

======================================================================
TRAFFIC MODEL BUILDER SUMMARY
======================================================================
Network:      US-101-N-DonaldDoyle
Segments:     7
Lanes:        4
Junctions:    8
Ramps:        2
Sensors:      5
Mode:         PeMS Data-Driven
Car-Following: Gipps
ODE Solver:   Ballistic
Vmax:         35.0 m/s
======================================================================
Skipping Source actor due to time limit at clock = 43201.00125327633
Skipping Source actor due to time limit at clock = 43210.6788297557
-----------------------------
| Model.cleanup in progress |
-----------------------------
cleanup: agenda
cleanup: wait queues
coroutine counts = (2151252,2151108,2151035)
[ModelOptimizer] Fitness: 5.0603 | Elapsed: 115.14 sec
[ModelOptimizer] Evaluating parameters: VectorD(1.03033,	0.515167,	-2.98483,	0.812892,	0.507584)

======================================================================
TRAFFIC MODEL BUILDER SUMMARY
======================================================================
Network:      US-101-N-DonaldDoyle
Segments:     7
Lanes:        4
Junctions:    8
Ramps:        2
Sensors:      5
Mode:         PeMS Data-Driven
Car-Following: Gipps
ODE Solver:   Ballistic
Vmax:         35.0 m/s
======================================================================
Skipping Source actor due to time limit at clock = 43201.00125327633
Skipping Source actor due to time limit at clock = 43210.6788297557
-----------------------------
| Model.cleanup in progress |
-----------------------------
cleanup: agenda
cleanup: wait queues
coroutine counts = (2211009,2210861,2210786)
[ModelOptimizer] Fitness: 5.6473 | Elapsed: 137.85 sec
       2 |      4.17456944 |      4.17456944 |       0.5% ✓
[ModelOptimizer] Evaluating parameters: VectorD(3.63046,	1.65613,	-2.62361,	1.72075,	1.00300)

======================================================================
TRAFFIC MODEL BUILDER SUMMARY
======================================================================
Network:      US-101-N-DonaldDoyle
Segments:     7
Lanes:        4
Junctions:    8
Ramps:        2
Sensors:      5
Mode:         PeMS Data-Driven
Car-Following: Gipps
ODE Solver:   Ballistic
Vmax:         35.0 m/s
======================================================================
Skipping Source actor due to time limit at clock = 43201.00125327633
Skipping Source actor due to time limit at clock = 43210.6788297557
-----------------------------
| Model.cleanup in progress |
-----------------------------
cleanup: agenda
cleanup: wait queues
coroutine counts = (2270766,2270614,2270537)
[ModelOptimizer] Fitness: 4.3429 | Elapsed: 98.03 sec
[ModelOptimizer] Evaluating parameters: VectorD(2.48770,	1.54695,	-3.14808,	1.52319,	0.870579)

======================================================================
TRAFFIC MODEL BUILDER SUMMARY
======================================================================
Network:      US-101-N-DonaldDoyle
Segments:     7
Lanes:        4
Junctions:    8
Ramps:        2
Sensors:      5
Mode:         PeMS Data-Driven
Car-Following: Gipps
ODE Solver:   Ballistic
Vmax:         35.0 m/s
======================================================================
Skipping Source actor due to time limit at clock = 43201.00125327633
Skipping Source actor due to time limit at clock = 43210.6788297557
-----------------------------
| Model.cleanup in progress |
-----------------------------
cleanup: agenda
cleanup: wait queues
coroutine counts = (2330523,2330367,2330288)
[ModelOptimizer] Fitness: 4.1716 | Elapsed: 109.80 sec
[ModelOptimizer] Evaluating parameters: VectorD(2.50881,	1.56519,	-2.70334,	1.63133,	1.19422)

======================================================================
TRAFFIC MODEL BUILDER SUMMARY
======================================================================
Network:      US-101-N-DonaldDoyle
Segments:     7
Lanes:        4
Junctions:    8
Ramps:        2
Sensors:      5
Mode:         PeMS Data-Driven
Car-Following: Gipps
ODE Solver:   Ballistic
Vmax:         35.0 m/s
======================================================================
Skipping Source actor due to time limit at clock = 43201.00125327633
Skipping Source actor due to time limit at clock = 43210.6788297557
-----------------------------
| Model.cleanup in progress |
-----------------------------
cleanup: agenda
cleanup: wait queues
coroutine counts = (2390280,2390120,2390039)
[ModelOptimizer] Fitness: 4.2153 | Elapsed: 87.83 sec
[ModelOptimizer] Evaluating parameters: VectorD(2.52939,	1.32310,	-3.07124,	1.70813,	1.06225)

======================================================================
TRAFFIC MODEL BUILDER SUMMARY
======================================================================
Network:      US-101-N-DonaldDoyle
Segments:     7
Lanes:        4
Junctions:    8
Ramps:        2
Sensors:      5
Mode:         PeMS Data-Driven
Car-Following: Gipps
ODE Solver:   Ballistic
Vmax:         35.0 m/s
======================================================================
Skipping Source actor due to time limit at clock = 43201.00125327633
Skipping Source actor due to time limit at clock = 43210.6788297557
-----------------------------
| Model.cleanup in progress |
-----------------------------
cleanup: agenda
cleanup: wait queues
coroutine counts = (2450037,2449873,2449790)
[ModelOptimizer] Fitness: 4.1408 | Elapsed: 92.55 sec
[ModelOptimizer] Evaluating parameters: VectorD(2.35532,	1.46641,	-2.81262,	1.78860,	0.782804)

======================================================================
TRAFFIC MODEL BUILDER SUMMARY
======================================================================
Network:      US-101-N-DonaldDoyle
Segments:     7
Lanes:        4
Junctions:    8
Ramps:        2
Sensors:      5
Mode:         PeMS Data-Driven
Car-Following: Gipps
ODE Solver:   Ballistic
Vmax:         35.0 m/s
======================================================================
Skipping Source actor due to time limit at clock = 43201.00125327633
Skipping Source actor due to time limit at clock = 43210.6788297557
-----------------------------
| Model.cleanup in progress |
-----------------------------
cleanup: agenda
cleanup: wait queues
coroutine counts = (2509794,2509626,2509541)
[ModelOptimizer] Fitness: 4.4252 | Elapsed: 104.95 sec
[ModelOptimizer] Evaluating parameters: VectorD(2.18640,	1.63113,	-2.57286,	1.47816,	0.857389)

======================================================================
TRAFFIC MODEL BUILDER SUMMARY
======================================================================
Network:      US-101-N-DonaldDoyle
Segments:     7
Lanes:        4
Junctions:    8
Ramps:        2
Sensors:      5
Mode:         PeMS Data-Driven
Car-Following: Gipps
ODE Solver:   Ballistic
Vmax:         35.0 m/s
======================================================================
Skipping Source actor due to time limit at clock = 43201.00125327633
Skipping Source actor due to time limit at clock = 43210.6788297557
-----------------------------
| Model.cleanup in progress |
-----------------------------
cleanup: agenda
cleanup: wait queues
coroutine counts = (2569551,2569379,2569292)
[ModelOptimizer] Fitness: 4.4294 | Elapsed: 101.66 sec
[ModelOptimizer] Evaluating parameters: VectorD(3.13451,	1.56725,	-1.93275,	1.70717,	1.03363)

======================================================================
TRAFFIC MODEL BUILDER SUMMARY
======================================================================
Network:      US-101-N-DonaldDoyle
Segments:     7
Lanes:        4
Junctions:    8
Ramps:        2
Sensors:      5
Mode:         PeMS Data-Driven
Car-Following: Gipps
ODE Solver:   Ballistic
Vmax:         35.0 m/s
======================================================================
Skipping Source actor due to time limit at clock = 43201.00125327633
Skipping Source actor due to time limit at clock = 43210.6788297557
-----------------------------
| Model.cleanup in progress |
-----------------------------
cleanup: agenda
cleanup: wait queues
coroutine counts = (2629308,2629132,2629043)
[ModelOptimizer] Fitness: 4.9181 | Elapsed: 91.41 sec
[ModelOptimizer] Evaluating parameters: VectorD(3.74839,	1.87419,	-1.62581,	1.96806,	1.18710)

======================================================================
TRAFFIC MODEL BUILDER SUMMARY
======================================================================
Network:      US-101-N-DonaldDoyle
Segments:     7
Lanes:        4
Junctions:    8
Ramps:        2
Sensors:      5
Mode:         PeMS Data-Driven
Car-Following: Gipps
ODE Solver:   Ballistic
Vmax:         35.0 m/s
======================================================================
Skipping Source actor due to time limit at clock = 43201.00125327633
Skipping Source actor due to time limit at clock = 43210.6788297557
-----------------------------
| Model.cleanup in progress |
-----------------------------
cleanup: agenda
cleanup: wait queues
coroutine counts = (2689065,2688885,2688794)
[ModelOptimizer] Fitness: 5.1422 | Elapsed: 82.18 sec
[ModelOptimizer] Evaluating parameters: VectorD(1.53556,	0.767780,	-2.73222,	1.02761,	0.633890)

======================================================================
TRAFFIC MODEL BUILDER SUMMARY
======================================================================
Network:      US-101-N-DonaldDoyle
Segments:     7
Lanes:        4
Junctions:    8
Ramps:        2
Sensors:      5
Mode:         PeMS Data-Driven
Car-Following: Gipps
ODE Solver:   Ballistic
Vmax:         35.0 m/s
======================================================================
Skipping Source actor due to time limit at clock = 43201.00125327633
Skipping Source actor due to time limit at clock = 43210.6788297557
-----------------------------
| Model.cleanup in progress |
-----------------------------
cleanup: agenda
cleanup: wait queues
coroutine counts = (2748822,2748638,2748545)
[ModelOptimizer] Fitness: 5.0874 | Elapsed: 125.20 sec
[ModelOptimizer] Evaluating parameters: VectorD(1.23646,	0.618229,	-2.88177,	0.900495,	0.559115)

======================================================================
TRAFFIC MODEL BUILDER SUMMARY
======================================================================
Network:      US-101-N-DonaldDoyle
Segments:     7
Lanes:        4
Junctions:    8
Ramps:        2
Sensors:      5
Mode:         PeMS Data-Driven
Car-Following: Gipps
ODE Solver:   Ballistic
Vmax:         35.0 m/s
======================================================================
Skipping Source actor due to time limit at clock = 43201.00125327633
Skipping Source actor due to time limit at clock = 43210.6788297557
-----------------------------
| Model.cleanup in progress |
-----------------------------
cleanup: agenda
cleanup: wait queues
coroutine counts = (2808579,2808391,2808296)
[ModelOptimizer] Fitness: 5.3686 | Elapsed: 137.53 sec
[ModelOptimizer] Evaluating parameters: VectorD(4.62448,	2.31224,	-1.18776,	2.34040,	1.40612)

======================================================================
TRAFFIC MODEL BUILDER SUMMARY
======================================================================
Network:      US-101-N-DonaldDoyle
Segments:     7
Lanes:        4
Junctions:    8
Ramps:        2
Sensors:      5
Mode:         PeMS Data-Driven
Car-Following: Gipps
ODE Solver:   Ballistic
Vmax:         35.0 m/s
======================================================================
Skipping Source actor due to time limit at clock = 43201.00125327633
Skipping Source actor due to time limit at clock = 43210.6788297557
-----------------------------
| Model.cleanup in progress |
-----------------------------
cleanup: agenda
cleanup: wait queues
coroutine counts = (2868336,2868144,2868047)
[ModelOptimizer] Fitness: 6.0649 | Elapsed: 89.10 sec
       3 |      4.14079500 |      4.14079500 |       0.8% ✓
[ModelOptimizer] Evaluating parameters: VectorD(2.96639,	1.40816,	-3.09457,	1.51537,	1.12525)

======================================================================
TRAFFIC MODEL BUILDER SUMMARY
======================================================================
Network:      US-101-N-DonaldDoyle
Segments:     7
Lanes:        4
Junctions:    8
Ramps:        2
Sensors:      5
Mode:         PeMS Data-Driven
Car-Following: Gipps
ODE Solver:   Ballistic
Vmax:         35.0 m/s
======================================================================
Skipping Source actor due to time limit at clock = 43201.00125327633
Skipping Source actor due to time limit at clock = 43210.6788297557
-----------------------------
| Model.cleanup in progress |
-----------------------------
cleanup: agenda
cleanup: wait queues
coroutine counts = (2928093,2927897,2927798)
[ModelOptimizer] Fitness: 4.0642 | Elapsed: 95.49 sec
[ModelOptimizer] Evaluating parameters: VectorD(2.56650,	1.70683,	-2.47227,	1.61625,	1.17061)

======================================================================
TRAFFIC MODEL BUILDER SUMMARY
======================================================================
Network:      US-101-N-DonaldDoyle
Segments:     7
Lanes:        4
Junctions:    8
Ramps:        2
Sensors:      5
Mode:         PeMS Data-Driven
Car-Following: Gipps
ODE Solver:   Ballistic
Vmax:         35.0 m/s
======================================================================
Skipping Source actor due to time limit at clock = 43201.00125327633
Skipping Source actor due to time limit at clock = 43210.6788297557
-----------------------------
| Model.cleanup in progress |
-----------------------------
cleanup: agenda
cleanup: wait queues
coroutine counts = (2987850,2987650,2987549)
[ModelOptimizer] Fitness: 4.3489 | Elapsed: 90.70 sec
[ModelOptimizer] Evaluating parameters: VectorD(2.33956,	1.42316,	-2.91117,	1.71375,	1.16330)

======================================================================
TRAFFIC MODEL BUILDER SUMMARY
======================================================================
Network:      US-101-N-DonaldDoyle
Segments:     7
Lanes:        4
Junctions:    8
Ramps:        2
Sensors:      5
Mode:         PeMS Data-Driven
Car-Following: Gipps
ODE Solver:   Ballistic
Vmax:         35.0 m/s
======================================================================
Skipping Source actor due to time limit at clock = 43201.00125327633
Skipping Source actor due to time limit at clock = 43210.6788297557
-----------------------------
| Model.cleanup in progress |
-----------------------------
cleanup: agenda
cleanup: wait queues
coroutine counts = (3047607,3047403,3047300)
[ModelOptimizer] Fitness: 4.1558 | Elapsed: 90.11 sec
[ModelOptimizer] Evaluating parameters: VectorD(2.58961,	1.68386,	-3.23830,	1.47225,	1.24575)

======================================================================
TRAFFIC MODEL BUILDER SUMMARY
======================================================================
Network:      US-101-N-DonaldDoyle
Segments:     7
Lanes:        4
Junctions:    8
Ramps:        2
Sensors:      5
Mode:         PeMS Data-Driven
Car-Following: Gipps
ODE Solver:   Ballistic
Vmax:         35.0 m/s
======================================================================
Skipping Source actor due to time limit at clock = 43201.00125327633
Skipping Source actor due to time limit at clock = 43210.6788297557
-----------------------------
| Model.cleanup in progress |
-----------------------------
cleanup: agenda
cleanup: wait queues
coroutine counts = (3107364,3107156,3107051)
[ModelOptimizer] Fitness: 3.7968 | Elapsed: 91.05 sec
[ModelOptimizer] Evaluating parameters: VectorD(2.81782,	1.65426,	-3.48684,	1.37400,	0.705561)

======================================================================
TRAFFIC MODEL BUILDER SUMMARY
======================================================================
Network:      US-101-N-DonaldDoyle
Segments:     7
Lanes:        4
Junctions:    8
Ramps:        2
Sensors:      5
Mode:         PeMS Data-Driven
Car-Following: Gipps
ODE Solver:   Ballistic
Vmax:         35.0 m/s
======================================================================
Skipping Source actor due to time limit at clock = 43201.00125327633
Skipping Source actor due to time limit at clock = 43210.6788297557
-----------------------------
| Model.cleanup in progress |
-----------------------------
cleanup: agenda
cleanup: wait queues
coroutine counts = (3167121,3166909,3166802)
[ModelOptimizer] Fitness: 4.0848 | Elapsed: 119.91 sec
[ModelOptimizer] Evaluating parameters: VectorD(3.11322,	1.35115,	-2.84083,	1.44853,	1.27376)

======================================================================
TRAFFIC MODEL BUILDER SUMMARY
======================================================================
Network:      US-101-N-DonaldDoyle
Segments:     7
Lanes:        4
Junctions:    8
Ramps:        2
Sensors:      5
Mode:         PeMS Data-Driven
Car-Following: Gipps
ODE Solver:   Ballistic
Vmax:         35.0 m/s
======================================================================
Skipping Source actor due to time limit at clock = 43201.00125327633
Skipping Source actor due to time limit at clock = 43210.6788297557
-----------------------------
| Model.cleanup in progress |
-----------------------------
cleanup: agenda
cleanup: wait queues
coroutine counts = (3226878,3226662,3226553)
[ModelOptimizer] Fitness: 4.1120 | Elapsed: 90.31 sec
[ModelOptimizer] Evaluating parameters: VectorD(2.62497,	1.31249,	-2.18751,	1.49061,	0.906243)

======================================================================
TRAFFIC MODEL BUILDER SUMMARY
======================================================================
Network:      US-101-N-DonaldDoyle
Segments:     7
Lanes:        4
Junctions:    8
Ramps:        2
Sensors:      5
Mode:         PeMS Data-Driven
Car-Following: Gipps
ODE Solver:   Ballistic
Vmax:         35.0 m/s
======================================================================
Skipping Source actor due to time limit at clock = 43201.00125327633
Skipping Source actor due to time limit at clock = 43210.6788297557
-----------------------------
| Model.cleanup in progress |
-----------------------------
cleanup: agenda
cleanup: wait queues
coroutine counts = (3286635,3286415,3286304)
[ModelOptimizer] Fitness: 4.8691 | Elapsed: 101.01 sec
[ModelOptimizer] Evaluating parameters: VectorD(4.63853,	2.31926,	-1.18074,	2.34637,	1.40963)

======================================================================
TRAFFIC MODEL BUILDER SUMMARY
======================================================================
Network:      US-101-N-DonaldDoyle
Segments:     7
Lanes:        4
Junctions:    8
Ramps:        2
Sensors:      5
Mode:         PeMS Data-Driven
Car-Following: Gipps
ODE Solver:   Ballistic
Vmax:         35.0 m/s
======================================================================
Skipping Source actor due to time limit at clock = 43201.00125327633
Skipping Source actor due to time limit at clock = 43210.6788297557
-----------------------------
| Model.cleanup in progress |
-----------------------------
cleanup: agenda
cleanup: wait queues
coroutine counts = (3346392,3346168,3346055)
[ModelOptimizer] Fitness: 6.0558 | Elapsed: 80.18 sec
[ModelOptimizer] Evaluating parameters: VectorD(4.09733,	2.04867,	-1.45133,	2.11637,	1.27433)

======================================================================
TRAFFIC MODEL BUILDER SUMMARY
======================================================================
Network:      US-101-N-DonaldDoyle
Segments:     7
Lanes:        4
Junctions:    8
Ramps:        2
Sensors:      5
Mode:         PeMS Data-Driven
Car-Following: Gipps
ODE Solver:   Ballistic
Vmax:         35.0 m/s
======================================================================
Skipping Source actor due to time limit at clock = 43201.00125327633
Skipping Source actor due to time limit at clock = 43210.6788297557
-----------------------------
| Model.cleanup in progress |
-----------------------------
cleanup: agenda
cleanup: wait queues
coroutine counts = (3406149,3405921,3405806)
[ModelOptimizer] Fitness: 5.4084 | Elapsed: 85.89 sec
[ModelOptimizer] Evaluating parameters: VectorD(1.63332,	0.816658,	-2.68334,	1.06916,	0.658329)

======================================================================
TRAFFIC MODEL BUILDER SUMMARY
======================================================================
Network:      US-101-N-DonaldDoyle
Segments:     7
Lanes:        4
Junctions:    8
Ramps:        2
Sensors:      5
Mode:         PeMS Data-Driven
Car-Following: Gipps
ODE Solver:   Ballistic
Vmax:         35.0 m/s
======================================================================
Skipping Source actor due to time limit at clock = 43201.00125327633
Skipping Source actor due to time limit at clock = 43210.6788297557
-----------------------------
| Model.cleanup in progress |
-----------------------------
cleanup: agenda
cleanup: wait queues
coroutine counts = (3465906,3465674,3465557)
[ModelOptimizer] Fitness: 5.0446 | Elapsed: 115.14 sec
[ModelOptimizer] Evaluating parameters: VectorD(3.80767,	1.90384,	-1.59616,	1.99326,	1.20192)

======================================================================
TRAFFIC MODEL BUILDER SUMMARY
======================================================================
Network:      US-101-N-DonaldDoyle
Segments:     7
Lanes:        4
Junctions:    8
Ramps:        2
Sensors:      5
Mode:         PeMS Data-Driven
Car-Following: Gipps
ODE Solver:   Ballistic
Vmax:         35.0 m/s
======================================================================
Skipping Source actor due to time limit at clock = 43201.00125327633
Skipping Source actor due to time limit at clock = 43210.6788297557
-----------------------------
| Model.cleanup in progress |
-----------------------------
cleanup: agenda
cleanup: wait queues
coroutine counts = (3525663,3525427,3525308)
[ModelOptimizer] Fitness: 5.2113 | Elapsed: 84.54 sec
       4 |      3.79678153 |      3.79678153 |       1.0% ✓
[ModelOptimizer] Evaluating parameters: VectorD(3.47326,	1.19085,	-2.84525,	1.42162,	1.12491)

======================================================================
TRAFFIC MODEL BUILDER SUMMARY
======================================================================
Network:      US-101-N-DonaldDoyle
Segments:     7
Lanes:        4
Junctions:    8
Ramps:        2
Sensors:      5
Mode:         PeMS Data-Driven
Car-Following: Gipps
ODE Solver:   Ballistic
Vmax:         35.0 m/s
======================================================================
Skipping Source actor due to time limit at clock = 43201.00125327633
Skipping Source actor due to time limit at clock = 43210.6788297557
-----------------------------
| Model.cleanup in progress |
-----------------------------
cleanup: agenda
cleanup: wait queues
coroutine counts = (3585420,3585180,3585059)
[ModelOptimizer] Fitness: 4.2792 | Elapsed: 89.77 sec
[ModelOptimizer] Evaluating parameters: VectorD(3.12475,	1.91623,	-3.27570,	1.70943,	1.33846)

======================================================================
TRAFFIC MODEL BUILDER SUMMARY
======================================================================
Network:      US-101-N-DonaldDoyle
Segments:     7
Lanes:        4
Junctions:    8
Ramps:        2
Sensors:      5
Mode:         PeMS Data-Driven
Car-Following: Gipps
ODE Solver:   Ballistic
Vmax:         35.0 m/s
======================================================================
Skipping Source actor due to time limit at clock = 43201.00125327633
Skipping Source actor due to time limit at clock = 43210.6788297557
-----------------------------
| Model.cleanup in progress |
-----------------------------
cleanup: agenda
cleanup: wait queues
coroutine counts = (3645177,3644933,3644810)
[ModelOptimizer] Fitness: 3.6564 | Elapsed: 82.90 sec
[ModelOptimizer] Evaluating parameters: VectorD(2.42009,	1.89406,	-3.27657,	1.64641,	1.44761)

======================================================================
TRAFFIC MODEL BUILDER SUMMARY
======================================================================
Network:      US-101-N-DonaldDoyle
Segments:     7
Lanes:        4
Junctions:    8
Ramps:        2
Sensors:      5
Mode:         PeMS Data-Driven
Car-Following: Gipps
ODE Solver:   Ballistic
Vmax:         35.0 m/s
======================================================================
Skipping Source actor due to time limit at clock = 43201.00125327633
Skipping Source actor due to time limit at clock = 43210.6788297557
-----------------------------
| Model.cleanup in progress |
-----------------------------
cleanup: agenda
cleanup: wait queues
coroutine counts = (3704934,3704686,3704561)
[ModelOptimizer] Fitness: 3.5823 | Elapsed: 86.22 sec
[ModelOptimizer] Evaluating parameters: VectorD(3.22260,	1.31409,	-3.42422,	1.52374,	0.840993)

======================================================================
TRAFFIC MODEL BUILDER SUMMARY
======================================================================
Network:      US-101-N-DonaldDoyle
Segments:     7
Lanes:        4
Junctions:    8
Ramps:        2
Sensors:      5
Mode:         PeMS Data-Driven
Car-Following: Gipps
ODE Solver:   Ballistic
Vmax:         35.0 m/s
======================================================================
Skipping Source actor due to time limit at clock = 43201.00125327633
Skipping Source actor due to time limit at clock = 43210.6788297557
-----------------------------
| Model.cleanup in progress |
-----------------------------
cleanup: agenda
cleanup: wait queues
coroutine counts = (3764691,3764439,3764312)
[ModelOptimizer] Fitness: 4.0917 | Elapsed: 103.90 sec
[ModelOptimizer] Evaluating parameters: VectorD(2.92521,	1.32573,	-2.56479,	1.60120,	1.50021)

======================================================================
TRAFFIC MODEL BUILDER SUMMARY
======================================================================
Network:      US-101-N-DonaldDoyle
Segments:     7
Lanes:        4
Junctions:    8
Ramps:        2
Sensors:      5
Mode:         PeMS Data-Driven
Car-Following: Gipps
ODE Solver:   Ballistic
Vmax:         35.0 m/s
======================================================================
Skipping Source actor due to time limit at clock = 43201.00125327633
Skipping Source actor due to time limit at clock = 43210.6788297557
-----------------------------
| Model.cleanup in progress |
-----------------------------
cleanup: agenda
cleanup: wait queues
coroutine counts = (3824448,3824192,3824063)
[ModelOptimizer] Fitness: 4.1870 | Elapsed: 73.86 sec
[ModelOptimizer] Evaluating parameters: VectorD(2.63182,	1.49714,	-2.94366,	1.66633,	1.49771)

======================================================================
TRAFFIC MODEL BUILDER SUMMARY
======================================================================
Network:      US-101-N-DonaldDoyle
Segments:     7
Lanes:        4
Junctions:    8
Ramps:        2
Sensors:      5
Mode:         PeMS Data-Driven
Car-Following: Gipps
ODE Solver:   Ballistic
Vmax:         35.0 m/s
======================================================================
Skipping Source actor due to time limit at clock = 43201.00125327633
Skipping Source actor due to time limit at clock = 43210.6788297557
-----------------------------
| Model.cleanup in progress |
-----------------------------
cleanup: agenda
cleanup: wait queues
coroutine counts = (3884205,3883945,3883814)
[ModelOptimizer] Fitness: 3.8523 | Elapsed: 80.19 sec
[ModelOptimizer] Evaluating parameters: VectorD(1.46313,	0.731564,	-2.76844,	0.996830,	0.615782)

======================================================================
TRAFFIC MODEL BUILDER SUMMARY
======================================================================
Network:      US-101-N-DonaldDoyle
Segments:     7
Lanes:        4
Junctions:    8
Ramps:        2
Sensors:      5
Mode:         PeMS Data-Driven
Car-Following: Gipps
ODE Solver:   Ballistic
Vmax:         35.0 m/s
======================================================================
Skipping Source actor due to time limit at clock = 43201.00125327633
Skipping Source actor due to time limit at clock = 43210.6788297557
-----------------------------
| Model.cleanup in progress |
-----------------------------
cleanup: agenda
cleanup: wait queues
coroutine counts = (3943962,3943698,3943565)
[ModelOptimizer] Fitness: 5.1608 | Elapsed: 136.73 sec
[ModelOptimizer] Evaluating parameters: VectorD(1.91580,	0.957901,	-2.54210,	1.18922,	0.728951)

======================================================================
TRAFFIC MODEL BUILDER SUMMARY
======================================================================
Network:      US-101-N-DonaldDoyle
Segments:     7
Lanes:        4
Junctions:    8
Ramps:        2
Sensors:      5
Mode:         PeMS Data-Driven
Car-Following: Gipps
ODE Solver:   Ballistic
Vmax:         35.0 m/s
======================================================================
Skipping Source actor due to time limit at clock = 43201.00125327633
Skipping Source actor due to time limit at clock = 43210.6788297557
-----------------------------
| Model.cleanup in progress |
-----------------------------
cleanup: agenda
cleanup: wait queues
coroutine counts = (4003719,4003451,4003316)
[ModelOptimizer] Fitness: 4.9670 | Elapsed: 117.04 sec
[ModelOptimizer] Evaluating parameters: VectorD(4.49633,	2.24817,	-1.25183,	2.28594,	1.37408)

======================================================================
TRAFFIC MODEL BUILDER SUMMARY
======================================================================
Network:      US-101-N-DonaldDoyle
Segments:     7
Lanes:        4
Junctions:    8
Ramps:        2
Sensors:      5
Mode:         PeMS Data-Driven
Car-Following: Gipps
ODE Solver:   Ballistic
Vmax:         35.0 m/s
======================================================================
Skipping Source actor due to time limit at clock = 43201.00125327633
Skipping Source actor due to time limit at clock = 43210.6788297557
-----------------------------
| Model.cleanup in progress |
-----------------------------
cleanup: agenda
cleanup: wait queues
coroutine counts = (4063476,4063204,4063067)
[ModelOptimizer] Fitness: 5.8541 | Elapsed: 90.03 sec
[ModelOptimizer] Evaluating parameters: VectorD(1.29559,	0.647795,	-2.85220,	0.925626,	0.573898)

======================================================================
TRAFFIC MODEL BUILDER SUMMARY
======================================================================
Network:      US-101-N-DonaldDoyle
Segments:     7
Lanes:        4
Junctions:    8
Ramps:        2
Sensors:      5
Mode:         PeMS Data-Driven
Car-Following: Gipps
ODE Solver:   Ballistic
Vmax:         35.0 m/s
======================================================================
Skipping Source actor due to time limit at clock = 43201.00125327633
Skipping Source actor due to time limit at clock = 43210.6788297557
-----------------------------
| Model.cleanup in progress |
-----------------------------
cleanup: agenda
cleanup: wait queues
coroutine counts = (4123233,4122957,4122818)
[ModelOptimizer] Fitness: 5.3035 | Elapsed: 150.94 sec
[ModelOptimizer] Evaluating parameters: VectorD(3.98342,	1.99171,	-1.50829,	2.06795,	1.24586)

======================================================================
TRAFFIC MODEL BUILDER SUMMARY
======================================================================
Network:      US-101-N-DonaldDoyle
Segments:     7
Lanes:        4
Junctions:    8
Ramps:        2
Sensors:      5
Mode:         PeMS Data-Driven
Car-Following: Gipps
ODE Solver:   Ballistic
Vmax:         35.0 m/s
======================================================================
Skipping Source actor due to time limit at clock = 43201.00125327633
Skipping Source actor due to time limit at clock = 43210.6788297557
-----------------------------
| Model.cleanup in progress |
-----------------------------
cleanup: agenda
cleanup: wait queues
coroutine counts = (4182990,4182710,4182569)
[ModelOptimizer] Fitness: 5.3454 | Elapsed: 94.43 sec
       5 |      3.58227349 |      3.58227349 |       1.3% ✓
[ModelOptimizer] Evaluating parameters: VectorD(3.47929,	2.08005,	-3.88963,	1.68297,	1.29525)

======================================================================
TRAFFIC MODEL BUILDER SUMMARY
======================================================================
Network:      US-101-N-DonaldDoyle
Segments:     7
Lanes:        4
Junctions:    8
Ramps:        2
Sensors:      5
Mode:         PeMS Data-Driven
Car-Following: Gipps
ODE Solver:   Ballistic
Vmax:         35.0 m/s
======================================================================
Skipping Source actor due to time limit at clock = 43201.00125327633
Skipping Source actor due to time limit at clock = 43210.6788297557
-----------------------------
| Model.cleanup in progress |
-----------------------------
cleanup: agenda
cleanup: wait queues
coroutine counts = (4242747,4242463,4242320)
[ModelOptimizer] Fitness: 3.3044 | Elapsed: 88.42 sec
[ModelOptimizer] Evaluating parameters: VectorD(1.93967,	1.99105,	-2.87302,	1.54456,	1.27018)

======================================================================
TRAFFIC MODEL BUILDER SUMMARY
======================================================================
Network:      US-101-N-DonaldDoyle
Segments:     7
Lanes:        4
Junctions:    8
Ramps:        2
Sensors:      5
Mode:         PeMS Data-Driven
Car-Following: Gipps
ODE Solver:   Ballistic
Vmax:         35.0 m/s
======================================================================
Skipping Source actor due to time limit at clock = 43201.00125327633
Skipping Source actor due to time limit at clock = 43210.6788297557
-----------------------------
| Model.cleanup in progress |
-----------------------------
cleanup: agenda
cleanup: wait queues
coroutine counts = (4302504,4302216,4302071)
[ModelOptimizer] Fitness: 3.9833 | Elapsed: 85.09 sec
[ModelOptimizer] Evaluating parameters: VectorD(2.80970,	1.28048,	-3.15525,	1.86949,	1.24047)

======================================================================
TRAFFIC MODEL BUILDER SUMMARY
======================================================================
Network:      US-101-N-DonaldDoyle
Segments:     7
Lanes:        4
Junctions:    8
Ramps:        2
Sensors:      5
Mode:         PeMS Data-Driven
Car-Following: Gipps
ODE Solver:   Ballistic
Vmax:         35.0 m/s
======================================================================
Skipping Source actor due to time limit at clock = 43201.00125327633
Skipping Source actor due to time limit at clock = 43210.6788297557
-----------------------------
| Model.cleanup in progress |
-----------------------------
cleanup: agenda
cleanup: wait queues
coroutine counts = (4362261,4361969,4361822)
[ModelOptimizer] Fitness: 3.9558 | Elapsed: 83.78 sec
[ModelOptimizer] Evaluating parameters: VectorD(2.96529,	1.94515,	-2.64138,	1.30752,	1.09272)

======================================================================
TRAFFIC MODEL BUILDER SUMMARY
======================================================================
Network:      US-101-N-DonaldDoyle
Segments:     7
Lanes:        4
Junctions:    8
Ramps:        2
Sensors:      5
Mode:         PeMS Data-Driven
Car-Following: Gipps
ODE Solver:   Ballistic
Vmax:         35.0 m/s
======================================================================
Skipping Source actor due to time limit at clock = 43201.00125327633
Skipping Source actor due to time limit at clock = 43210.6788297557
-----------------------------
| Model.cleanup in progress |
-----------------------------
cleanup: agenda
cleanup: wait queues
coroutine counts = (4422018,4421722,4421573)
[ModelOptimizer] Fitness: 4.2664 | Elapsed: 95.09 sec
[ModelOptimizer] Evaluating parameters: VectorD(2.70090,	2.19698,	-2.47756,	1.52412,	1.66358)

======================================================================
TRAFFIC MODEL BUILDER SUMMARY
======================================================================
Network:      US-101-N-DonaldDoyle
Segments:     7
Lanes:        4
Junctions:    8
Ramps:        2
Sensors:      5
Mode:         PeMS Data-Driven
Car-Following: Gipps
ODE Solver:   Ballistic
Vmax:         35.0 m/s
======================================================================
Skipping Source actor due to time limit at clock = 43201.00125327633
Skipping Source actor due to time limit at clock = 43210.6788297557
-----------------------------
| Model.cleanup in progress |
-----------------------------
cleanup: agenda
cleanup: wait queues
coroutine counts = (4481775,4481475,4481324)
[ModelOptimizer] Fitness: 3.9282 | Elapsed: 78.86 sec
[ModelOptimizer] Evaluating parameters: VectorD(2.55180,	1.26619,	-3.51938,	1.64304,	1.42840)

======================================================================
TRAFFIC MODEL BUILDER SUMMARY
======================================================================
Network:      US-101-N-DonaldDoyle
Segments:     7
Lanes:        4
Junctions:    8
Ramps:        2
Sensors:      5
Mode:         PeMS Data-Driven
Car-Following: Gipps
ODE Solver:   Ballistic
Vmax:         35.0 m/s
======================================================================
Skipping Source actor due to time limit at clock = 43201.00125327633
Skipping Source actor due to time limit at clock = 43210.6788297557
-----------------------------
| Model.cleanup in progress |
-----------------------------
cleanup: agenda
cleanup: wait queues
coroutine counts = (4541532,4541228,4541075)
[ModelOptimizer] Fitness: 3.5752 | Elapsed: 84.23 sec
[ModelOptimizer] Evaluating parameters: VectorD(1.03078,	0.515389,	-2.98461,	0.813080,	0.507694)

======================================================================
TRAFFIC MODEL BUILDER SUMMARY
======================================================================
Network:      US-101-N-DonaldDoyle
Segments:     7
Lanes:        4
Junctions:    8
Ramps:        2
Sensors:      5
Mode:         PeMS Data-Driven
Car-Following: Gipps
ODE Solver:   Ballistic
Vmax:         35.0 m/s
======================================================================
Skipping Source actor due to time limit at clock = 43201.00125327633
Skipping Source actor due to time limit at clock = 43210.6788297557
-----------------------------
| Model.cleanup in progress |
-----------------------------
cleanup: agenda
cleanup: wait queues
coroutine counts = (4601289,4600981,4600826)
[ModelOptimizer] Fitness: 5.6470 | Elapsed: 151.77 sec
[ModelOptimizer] Evaluating parameters: VectorD(2.68502,	1.34251,	-2.15749,	1.51614,	0.921256)

======================================================================
TRAFFIC MODEL BUILDER SUMMARY
======================================================================
Network:      US-101-N-DonaldDoyle
Segments:     7
Lanes:        4
Junctions:    8
Ramps:        2
Sensors:      5
Mode:         PeMS Data-Driven
Car-Following: Gipps
ODE Solver:   Ballistic
Vmax:         35.0 m/s
======================================================================
Skipping Source actor due to time limit at clock = 43201.00125327633
Skipping Source actor due to time limit at clock = 43210.6788297557
-----------------------------
| Model.cleanup in progress |
-----------------------------
cleanup: agenda
cleanup: wait queues
coroutine counts = (4661046,4660734,4660577)
[ModelOptimizer] Fitness: 4.8312 | Elapsed: 93.04 sec
[ModelOptimizer] Evaluating parameters: VectorD(3.10795,	1.55398,	-1.94602,	1.69588,	1.02699)

======================================================================
TRAFFIC MODEL BUILDER SUMMARY
======================================================================
Network:      US-101-N-DonaldDoyle
Segments:     7
Lanes:        4
Junctions:    8
Ramps:        2
Sensors:      5
Mode:         PeMS Data-Driven
Car-Following: Gipps
ODE Solver:   Ballistic
Vmax:         35.0 m/s
======================================================================
Skipping Source actor due to time limit at clock = 43201.00125327633
Skipping Source actor due to time limit at clock = 43210.6788297557
-----------------------------
| Model.cleanup in progress |
-----------------------------
cleanup: agenda
cleanup: wait queues
coroutine counts = (4720803,4720487,4720328)
[ModelOptimizer] Fitness: 4.8840 | Elapsed: 86.69 sec
[ModelOptimizer] Evaluating parameters: VectorD(2.48183,	1.24091,	-2.25909,	1.42978,	0.870457)

======================================================================
TRAFFIC MODEL BUILDER SUMMARY
======================================================================
Network:      US-101-N-DonaldDoyle
Segments:     7
Lanes:        4
Junctions:    8
Ramps:        2
Sensors:      5
Mode:         PeMS Data-Driven
Car-Following: Gipps
ODE Solver:   Ballistic
Vmax:         35.0 m/s
======================================================================
Skipping Source actor due to time limit at clock = 43201.00125327633
Skipping Source actor due to time limit at clock = 43210.6788297557
-----------------------------
| Model.cleanup in progress |
-----------------------------
cleanup: agenda
cleanup: wait queues
coroutine counts = (4780560,4780240,4780079)
[ModelOptimizer] Fitness: 4.8669 | Elapsed: 95.74 sec
[ModelOptimizer] Evaluating parameters: VectorD(1.57038,	0.785190,	-2.71481,	1.04241,	0.642595)

======================================================================
TRAFFIC MODEL BUILDER SUMMARY
======================================================================
Network:      US-101-N-DonaldDoyle
Segments:     7
Lanes:        4
Junctions:    8
Ramps:        2
Sensors:      5
Mode:         PeMS Data-Driven
Car-Following: Gipps
ODE Solver:   Ballistic
Vmax:         35.0 m/s
======================================================================
Skipping Source actor due to time limit at clock = 43201.00125327633
Skipping Source actor due to time limit at clock = 43210.6788297557
-----------------------------
| Model.cleanup in progress |
-----------------------------
cleanup: agenda
cleanup: wait queues
coroutine counts = (4840317,4839993,4839830)
[ModelOptimizer] Fitness: 5.0893 | Elapsed: 125.22 sec
       6 |      3.30438257 |      3.30438257 |       1.5% ✓
[ModelOptimizer] Evaluating parameters: VectorD(3.00689,	1.28180,	-4.33217,	1.76159,	1.35618)

======================================================================
TRAFFIC MODEL BUILDER SUMMARY
======================================================================
Network:      US-101-N-DonaldDoyle
Segments:     7
Lanes:        4
Junctions:    8
Ramps:        2
Sensors:      5
Mode:         PeMS Data-Driven
Car-Following: Gipps
ODE Solver:   Ballistic
Vmax:         35.0 m/s
======================================================================
Skipping Source actor due to time limit at clock = 43201.00125327633
Skipping Source actor due to time limit at clock = 43210.6788297557
-----------------------------
| Model.cleanup in progress |
-----------------------------
cleanup: agenda
cleanup: wait queues
coroutine counts = (4900074,4899746,4899581)
[ModelOptimizer] Fitness: 3.2570 | Elapsed: 74.82 sec
[ModelOptimizer] Evaluating parameters: VectorD(4.03317,	2.17502,	-4.17701,	1.57455,	1.41089)

======================================================================
TRAFFIC MODEL BUILDER SUMMARY
======================================================================
Network:      US-101-N-DonaldDoyle
Segments:     7
Lanes:        4
Junctions:    8
Ramps:        2
Sensors:      5
Mode:         PeMS Data-Driven
Car-Following: Gipps
ODE Solver:   Ballistic
Vmax:         35.0 m/s
======================================================================
Skipping Source actor due to time limit at clock = 43201.00125327633
Skipping Source actor due to time limit at clock = 43210.6788297557
-----------------------------
| Model.cleanup in progress |
-----------------------------
cleanup: agenda
cleanup: wait queues
coroutine counts = (4959831,4959499,4959332)
[ModelOptimizer] Fitness: 3.1443 | Elapsed: 69.79 sec
[ModelOptimizer] Evaluating parameters: VectorD(3.47603,	1.75072,	-3.55725,	1.98000,	1.09829)

======================================================================
TRAFFIC MODEL BUILDER SUMMARY
======================================================================
Network:      US-101-N-DonaldDoyle
Segments:     7
Lanes:        4
Junctions:    8
Ramps:        2
Sensors:      5
Mode:         PeMS Data-Driven
Car-Following: Gipps
ODE Solver:   Ballistic
Vmax:         35.0 m/s
======================================================================
Skipping Source actor due to time limit at clock = 43201.00125327633
Skipping Source actor due to time limit at clock = 43210.6788297557
-----------------------------
| Model.cleanup in progress |
-----------------------------
cleanup: agenda
cleanup: wait queues
coroutine counts = (5019588,5019252,5019083)
[ModelOptimizer] Fitness: 3.7831 | Elapsed: 87.87 sec
[ModelOptimizer] Evaluating parameters: VectorD(2.32506,	1.40924,	-2.86271,	1.69757,	1.64710)

======================================================================
TRAFFIC MODEL BUILDER SUMMARY
======================================================================
Network:      US-101-N-DonaldDoyle
Segments:     7
Lanes:        4
Junctions:    8
Ramps:        2
Sensors:      5
Mode:         PeMS Data-Driven
Car-Following: Gipps
ODE Solver:   Ballistic
Vmax:         35.0 m/s
======================================================================
Skipping Source actor due to time limit at clock = 43201.00125327633
Skipping Source actor due to time limit at clock = 43210.6788297557
-----------------------------
| Model.cleanup in progress |
-----------------------------
cleanup: agenda
cleanup: wait queues
coroutine counts = (5079345,5079005,5078834)
[ModelOptimizer] Fitness: 3.8467 | Elapsed: 78.04 sec
[ModelOptimizer] Evaluating parameters: VectorD(3.27898,	2.24639,	-3.36817,	2.01174,	1.48521)

======================================================================
TRAFFIC MODEL BUILDER SUMMARY
======================================================================
Network:      US-101-N-DonaldDoyle
Segments:     7
Lanes:        4
Junctions:    8
Ramps:        2
Sensors:      5
Mode:         PeMS Data-Driven
Car-Following: Gipps
ODE Solver:   Ballistic
Vmax:         35.0 m/s
======================================================================
Skipping Source actor due to time limit at clock = 43201.00125327633
Skipping Source actor due to time limit at clock = 43210.6788297557
-----------------------------
| Model.cleanup in progress |
-----------------------------
cleanup: agenda
cleanup: wait queues
coroutine counts = (5139102,5138758,5138585)
[ModelOptimizer] Fitness: 3.4008 | Elapsed: 71.53 sec
[ModelOptimizer] Evaluating parameters: VectorD(3.51112,	1.90870,	-3.42162,	1.52380,	1.19170)

======================================================================
TRAFFIC MODEL BUILDER SUMMARY
======================================================================
Network:      US-101-N-DonaldDoyle
Segments:     7
Lanes:        4
Junctions:    8
Ramps:        2
Sensors:      5
Mode:         PeMS Data-Driven
Car-Following: Gipps
ODE Solver:   Ballistic
Vmax:         35.0 m/s
======================================================================
Skipping Source actor due to time limit at clock = 43201.00125327633
Skipping Source actor due to time limit at clock = 43210.6788297557
-----------------------------
| Model.cleanup in progress |
-----------------------------
cleanup: agenda
cleanup: wait queues
coroutine counts = (5198859,5198511,5198336)
[ModelOptimizer] Fitness: 3.7384 | Elapsed: 87.70 sec
[ModelOptimizer] Evaluating parameters: VectorD(3.55793,	1.77897,	-1.72103,	1.88712,	1.13948)

======================================================================
TRAFFIC MODEL BUILDER SUMMARY
======================================================================
Network:      US-101-N-DonaldDoyle
Segments:     7
Lanes:        4
Junctions:    8
Ramps:        2
Sensors:      5
Mode:         PeMS Data-Driven
Car-Following: Gipps
ODE Solver:   Ballistic
Vmax:         35.0 m/s
======================================================================
Skipping Source actor due to time limit at clock = 43201.00125327633
Skipping Source actor due to time limit at clock = 43210.6788297557
-----------------------------
| Model.cleanup in progress |
-----------------------------
cleanup: agenda
cleanup: wait queues
coroutine counts = (5258616,5258264,5258087)
[ModelOptimizer] Fitness: 5.0657 | Elapsed: 89.66 sec
[ModelOptimizer] Evaluating parameters: VectorD(1.48593,	0.742967,	-2.75703,	1.00652,	0.621484)

======================================================================
TRAFFIC MODEL BUILDER SUMMARY
======================================================================
Network:      US-101-N-DonaldDoyle
Segments:     7
Lanes:        4
Junctions:    8
Ramps:        2
Sensors:      5
Mode:         PeMS Data-Driven
Car-Following: Gipps
ODE Solver:   Ballistic
Vmax:         35.0 m/s
======================================================================
Skipping Source actor due to time limit at clock = 43201.00125327633
Skipping Source actor due to time limit at clock = 43210.6788297557
-----------------------------
| Model.cleanup in progress |
-----------------------------
cleanup: agenda
cleanup: wait queues
coroutine counts = (5318373,5318017,5317838)
[ModelOptimizer] Fitness: 5.1548 | Elapsed: 121.27 sec
[ModelOptimizer] Evaluating parameters: VectorD(3.33411,	1.66705,	-1.83295,	1.79200,	1.08353)

======================================================================
TRAFFIC MODEL BUILDER SUMMARY
======================================================================
Network:      US-101-N-DonaldDoyle
Segments:     7
Lanes:        4
Junctions:    8
Ramps:        2
Sensors:      5
Mode:         PeMS Data-Driven
Car-Following: Gipps
ODE Solver:   Ballistic
Vmax:         35.0 m/s
======================================================================
Skipping Source actor due to time limit at clock = 43201.00125327633
Skipping Source actor due to time limit at clock = 43210.6788297557
-----------------------------
| Model.cleanup in progress |
-----------------------------
cleanup: agenda
cleanup: wait queues
coroutine counts = (5378130,5377770,5377589)
[ModelOptimizer] Fitness: 4.9743 | Elapsed: 83.22 sec
[ModelOptimizer] Evaluating parameters: VectorD(3.06749,	1.53375,	-1.96625,	1.67868,	1.01687)

======================================================================
TRAFFIC MODEL BUILDER SUMMARY
======================================================================
Network:      US-101-N-DonaldDoyle
Segments:     7
Lanes:        4
Junctions:    8
Ramps:        2
Sensors:      5
Mode:         PeMS Data-Driven
Car-Following: Gipps
ODE Solver:   Ballistic
Vmax:         35.0 m/s
======================================================================
Skipping Source actor due to time limit at clock = 43201.00125327633
Skipping Source actor due to time limit at clock = 43210.6788297557
-----------------------------
| Model.cleanup in progress |
-----------------------------
cleanup: agenda
cleanup: wait queues
coroutine counts = (5437887,5437523,5437340)
[ModelOptimizer] Fitness: 4.8995 | Elapsed: 100.08 sec
[ModelOptimizer] Evaluating parameters: VectorD(2.22588,	1.11294,	-2.38706,	1.32100,	0.806471)

======================================================================
TRAFFIC MODEL BUILDER SUMMARY
======================================================================
Network:      US-101-N-DonaldDoyle
Segments:     7
Lanes:        4
Junctions:    8
Ramps:        2
Sensors:      5
Mode:         PeMS Data-Driven
Car-Following: Gipps
ODE Solver:   Ballistic
Vmax:         35.0 m/s
======================================================================
Skipping Source actor due to time limit at clock = 43201.00125327633
Skipping Source actor due to time limit at clock = 43210.6788297557
-----------------------------
| Model.cleanup in progress |
-----------------------------
cleanup: agenda
cleanup: wait queues
coroutine counts = (5497644,5497276,5497091)
[ModelOptimizer] Fitness: 4.8869 | Elapsed: 122.27 sec
       7 |      3.14430073 |      3.14430073 |       1.8% ✓
[ModelOptimizer] Evaluating parameters: VectorD(2.67551,	1.16656,	-3.88360,	1.61655,	1.23835)

======================================================================
TRAFFIC MODEL BUILDER SUMMARY
======================================================================
Network:      US-101-N-DonaldDoyle
Segments:     7
Lanes:        4
Junctions:    8
Ramps:        2
Sensors:      5
Mode:         PeMS Data-Driven
Car-Following: Gipps
ODE Solver:   Ballistic
Vmax:         35.0 m/s
======================================================================
Skipping Source actor due to time limit at clock = 43201.00125327633
Skipping Source actor due to time limit at clock = 43210.6788297557
-----------------------------
| Model.cleanup in progress |
-----------------------------
cleanup: agenda
cleanup: wait queues
coroutine counts = (5557401,5557029,5556842)
[ModelOptimizer] Fitness: 3.6466 | Elapsed: 99.76 sec
[ModelOptimizer] Evaluating parameters: VectorD(3.46034,	2.25084,	-3.68375,	1.98639,	1.08061)

======================================================================
TRAFFIC MODEL BUILDER SUMMARY
======================================================================
Network:      US-101-N-DonaldDoyle
Segments:     7
Lanes:        4
Junctions:    8
Ramps:        2
Sensors:      5
Mode:         PeMS Data-Driven
Car-Following: Gipps
ODE Solver:   Ballistic
Vmax:         35.0 m/s
======================================================================
Skipping Source actor due to time limit at clock = 43201.00125327633
Skipping Source actor due to time limit at clock = 43210.6788297557
-----------------------------
| Model.cleanup in progress |
-----------------------------
cleanup: agenda
cleanup: wait queues
coroutine counts = (5617158,5616782,5616593)
[ModelOptimizer] Fitness: 3.6708 | Elapsed: 90.55 sec
[ModelOptimizer] Evaluating parameters: VectorD(3.34639,	2.14971,	-3.42724,	1.65444,	1.24134)

======================================================================
TRAFFIC MODEL BUILDER SUMMARY
======================================================================
Network:      US-101-N-DonaldDoyle
Segments:     7
Lanes:        4
Junctions:    8
Ramps:        2
Sensors:      5
Mode:         PeMS Data-Driven
Car-Following: Gipps
ODE Solver:   Ballistic
Vmax:         35.0 m/s
======================================================================
Skipping Source actor due to time limit at clock = 43201.00125327633
Skipping Source actor due to time limit at clock = 43210.6788297557
-----------------------------
| Model.cleanup in progress |
-----------------------------
cleanup: agenda
cleanup: wait queues
coroutine counts = (5676915,5676535,5676344)
[ModelOptimizer] Fitness: 3.6443 | Elapsed: 78.91 sec
[ModelOptimizer] Evaluating parameters: VectorD(3.11158,	2.08696,	-3.20240,	1.81616,	1.38453)

======================================================================
TRAFFIC MODEL BUILDER SUMMARY
======================================================================
Network:      US-101-N-DonaldDoyle
Segments:     7
Lanes:        4
Junctions:    8
Ramps:        2
Sensors:      5
Mode:         PeMS Data-Driven
Car-Following: Gipps
ODE Solver:   Ballistic
Vmax:         35.0 m/s
======================================================================
Skipping Source actor due to time limit at clock = 43201.00125327633
Skipping Source actor due to time limit at clock = 43210.6788297557
-----------------------------
| Model.cleanup in progress |
-----------------------------
cleanup: agenda
cleanup: wait queues
coroutine counts = (5736672,5736288,5736095)
[ModelOptimizer] Fitness: 3.6651 | Elapsed: 80.83 sec
[ModelOptimizer] Evaluating parameters: VectorD(2.83278,	1.80853,	-3.08047,	1.50438,	1.17568)

======================================================================
TRAFFIC MODEL BUILDER SUMMARY
======================================================================
Network:      US-101-N-DonaldDoyle
Segments:     7
Lanes:        4
Junctions:    8
Ramps:        2
Sensors:      5
Mode:         PeMS Data-Driven
Car-Following: Gipps
ODE Solver:   Ballistic
Vmax:         35.0 m/s
======================================================================
Skipping Source actor due to time limit at clock = 43201.00125327633
Skipping Source actor due to time limit at clock = 43210.6788297557
-----------------------------
| Model.cleanup in progress |
-----------------------------
cleanup: agenda
cleanup: wait queues
coroutine counts = (5796429,5796041,5795846)
[ModelOptimizer] Fitness: 3.9374 | Elapsed: 85.40 sec
[ModelOptimizer] Evaluating parameters: VectorD(3.14017,	2.06165,	-4.60562,	1.74216,	1.51695)

======================================================================
TRAFFIC MODEL BUILDER SUMMARY
======================================================================
Network:      US-101-N-DonaldDoyle
Segments:     7
Lanes:        4
Junctions:    8
Ramps:        2
Sensors:      5
Mode:         PeMS Data-Driven
Car-Following: Gipps
ODE Solver:   Ballistic
Vmax:         35.0 m/s
======================================================================
Skipping Source actor due to time limit at clock = 43201.00125327633
Skipping Source actor due to time limit at clock = 43210.6788297557
-----------------------------
| Model.cleanup in progress |
-----------------------------
cleanup: agenda
cleanup: wait queues
coroutine counts = (5856186,5855794,5855597)
[ModelOptimizer] Fitness: 2.8476 | Elapsed: 80.02 sec
[ModelOptimizer] Evaluating parameters: VectorD(1.95901,	0.979506,	-2.52049,	1.20758,	0.739753)

======================================================================
TRAFFIC MODEL BUILDER SUMMARY
======================================================================
Network:      US-101-N-DonaldDoyle
Segments:     7
Lanes:        4
Junctions:    8
Ramps:        2
Sensors:      5
Mode:         PeMS Data-Driven
Car-Following: Gipps
ODE Solver:   Ballistic
Vmax:         35.0 m/s
======================================================================
Skipping Source actor due to time limit at clock = 43201.00125327633
Skipping Source actor due to time limit at clock = 43210.6788297557
-----------------------------
| Model.cleanup in progress |
-----------------------------
cleanup: agenda
cleanup: wait queues
coroutine counts = (5915943,5915547,5915348)
[ModelOptimizer] Fitness: 4.8873 | Elapsed: 134.10 sec
[ModelOptimizer] Evaluating parameters: VectorD(3.08440,	1.54220,	-1.95780,	1.68587,	1.02110)

======================================================================
TRAFFIC MODEL BUILDER SUMMARY
======================================================================
Network:      US-101-N-DonaldDoyle
Segments:     7
Lanes:        4
Junctions:    8
Ramps:        2
Sensors:      5
Mode:         PeMS Data-Driven
Car-Following: Gipps
ODE Solver:   Ballistic
Vmax:         35.0 m/s
======================================================================
Skipping Source actor due to time limit at clock = 43201.00125327633
Skipping Source actor due to time limit at clock = 43210.6788297557
-----------------------------
| Model.cleanup in progress |
-----------------------------
cleanup: agenda
cleanup: wait queues
coroutine counts = (5975700,5975300,5975099)
[ModelOptimizer] Fitness: 4.8788 | Elapsed: 104.41 sec
[ModelOptimizer] Evaluating parameters: VectorD(4.79983,	2.39992,	-1.10008,	2.41493,	1.44996)

======================================================================
TRAFFIC MODEL BUILDER SUMMARY
======================================================================
Network:      US-101-N-DonaldDoyle
Segments:     7
Lanes:        4
Junctions:    8
Ramps:        2
Sensors:      5
Mode:         PeMS Data-Driven
Car-Following: Gipps
ODE Solver:   Ballistic
Vmax:         35.0 m/s
======================================================================
Skipping Source actor due to time limit at clock = 43201.00125327633
Skipping Source actor due to time limit at clock = 43210.6788297557
-----------------------------
| Model.cleanup in progress |
-----------------------------
cleanup: agenda
cleanup: wait queues
coroutine counts = (6035457,6035053,6034850)
[ModelOptimizer] Fitness: 6.3053 | Elapsed: 86.60 sec
[ModelOptimizer] Evaluating parameters: VectorD(3.92556,	1.96278,	-1.53722,	2.04336,	1.23139)

======================================================================
TRAFFIC MODEL BUILDER SUMMARY
======================================================================
Network:      US-101-N-DonaldDoyle
Segments:     7
Lanes:        4
Junctions:    8
Ramps:        2
Sensors:      5
Mode:         PeMS Data-Driven
Car-Following: Gipps
ODE Solver:   Ballistic
Vmax:         35.0 m/s
======================================================================
Skipping Source actor due to time limit at clock = 43201.00125327633
Skipping Source actor due to time limit at clock = 43210.6788297557
-----------------------------
| Model.cleanup in progress |
-----------------------------
cleanup: agenda
cleanup: wait queues
coroutine counts = (6095214,6094806,6094601)
[ModelOptimizer] Fitness: 5.3157 | Elapsed: 91.75 sec
[ModelOptimizer] Evaluating parameters: VectorD(3.25696,	1.62848,	-1.87152,	1.75921,	1.06424)

======================================================================
TRAFFIC MODEL BUILDER SUMMARY
======================================================================
Network:      US-101-N-DonaldDoyle
Segments:     7
Lanes:        4
Junctions:    8
Ramps:        2
Sensors:      5
Mode:         PeMS Data-Driven
Car-Following: Gipps
ODE Solver:   Ballistic
Vmax:         35.0 m/s
======================================================================
Skipping Source actor due to time limit at clock = 43201.00125327633
Skipping Source actor due to time limit at clock = 43210.6788297557
-----------------------------
| Model.cleanup in progress |
-----------------------------
cleanup: agenda
cleanup: wait queues
coroutine counts = (6154971,6154559,6154352)
[ModelOptimizer] Fitness: 4.9426 | Elapsed: 99.53 sec
       8 |      2.84761184 |      2.84761184 |       2.0% ✓
[ModelOptimizer] Evaluating parameters: VectorD(4.09188,	1.78692,	-4.49179,	2.05417,	1.81235)

======================================================================
TRAFFIC MODEL BUILDER SUMMARY
======================================================================
Network:      US-101-N-DonaldDoyle
Segments:     7
Lanes:        4
Junctions:    8
Ramps:        2
Sensors:      5
Mode:         PeMS Data-Driven
Car-Following: Gipps
ODE Solver:   Ballistic
Vmax:         35.0 m/s
======================================================================
Skipping Source actor due to time limit at clock = 43201.00125327633
Skipping Source actor due to time limit at clock = 43210.6788297557
-----------------------------
| Model.cleanup in progress |
-----------------------------
cleanup: agenda
cleanup: wait queues
coroutine counts = (6214728,6214312,6214103)
[ModelOptimizer] Fitness: 2.7145 | Elapsed: 74.10 sec
[ModelOptimizer] Evaluating parameters: VectorD(3.21415,	1.48697,	-3.50705,	1.43201,	1.32393)

======================================================================
TRAFFIC MODEL BUILDER SUMMARY
======================================================================
Network:      US-101-N-DonaldDoyle
Segments:     7
Lanes:        4
Junctions:    8
Ramps:        2
Sensors:      5
Mode:         PeMS Data-Driven
Car-Following: Gipps
ODE Solver:   Ballistic
Vmax:         35.0 m/s
======================================================================
Skipping Source actor due to time limit at clock = 43201.00125327633
Skipping Source actor due to time limit at clock = 43210.6788297557
-----------------------------
| Model.cleanup in progress |
-----------------------------
cleanup: agenda
cleanup: wait queues
coroutine counts = (6274485,6274065,6273854)
[ModelOptimizer] Fitness: 3.6191 | Elapsed: 92.18 sec
[ModelOptimizer] Evaluating parameters: VectorD(4.12743,	2.22291,	-4.91668,	2.02051,	1.51685)

======================================================================
TRAFFIC MODEL BUILDER SUMMARY
======================================================================
Network:      US-101-N-DonaldDoyle
Segments:     7
Lanes:        4
Junctions:    8
Ramps:        2
Sensors:      5
Mode:         PeMS Data-Driven
Car-Following: Gipps
ODE Solver:   Ballistic
Vmax:         35.0 m/s
======================================================================
Skipping Source actor due to time limit at clock = 43201.00125327633
Skipping Source actor due to time limit at clock = 43210.6788297557
-----------------------------
| Model.cleanup in progress |
-----------------------------
cleanup: agenda
cleanup: wait queues
coroutine counts = (6334242,6333818,6333605)
[ModelOptimizer] Fitness: 2.6611 | Elapsed: 76.87 sec
[ModelOptimizer] Evaluating parameters: VectorD(3.16609,	1.39480,	-3.96581,	1.91708,	1.47628)

======================================================================
TRAFFIC MODEL BUILDER SUMMARY
======================================================================
Network:      US-101-N-DonaldDoyle
Segments:     7
Lanes:        4
Junctions:    8
Ramps:        2
Sensors:      5
Mode:         PeMS Data-Driven
Car-Following: Gipps
ODE Solver:   Ballistic
Vmax:         35.0 m/s
======================================================================
Skipping Source actor due to time limit at clock = 43201.00125327633
Skipping Source actor due to time limit at clock = 43210.6788297557
-----------------------------
| Model.cleanup in progress |
-----------------------------
cleanup: agenda
cleanup: wait queues
coroutine counts = (6393999,6393571,6393356)
[ModelOptimizer] Fitness: 3.3290 | Elapsed: 78.09 sec
[ModelOptimizer] Evaluating parameters: VectorD(3.89826,	1.90052,	-4.48905,	1.54782,	1.39689)

======================================================================
TRAFFIC MODEL BUILDER SUMMARY
======================================================================
Network:      US-101-N-DonaldDoyle
Segments:     7
Lanes:        4
Junctions:    8
Ramps:        2
Sensors:      5
Mode:         PeMS Data-Driven
Car-Following: Gipps
ODE Solver:   Ballistic
Vmax:         35.0 m/s
======================================================================
Skipping Source actor due to time limit at clock = 43201.00125327633
Skipping Source actor due to time limit at clock = 43210.6788297557
-----------------------------
| Model.cleanup in progress |
-----------------------------
cleanup: agenda
cleanup: wait queues
coroutine counts = (6453756,6453324,6453107)
[ModelOptimizer] Fitness: 3.1233 | Elapsed: 72.72 sec
[ModelOptimizer] Evaluating parameters: VectorD(3.18647,	2.26543,	-3.32523,	1.55344,	1.24395)

======================================================================
TRAFFIC MODEL BUILDER SUMMARY
======================================================================
Network:      US-101-N-DonaldDoyle
Segments:     7
Lanes:        4
Junctions:    8
Ramps:        2
Sensors:      5
Mode:         PeMS Data-Driven
Car-Following: Gipps
ODE Solver:   Ballistic
Vmax:         35.0 m/s
======================================================================
Skipping Source actor due to time limit at clock = 43201.00125327633
Skipping Source actor due to time limit at clock = 43210.6788297557
-----------------------------
| Model.cleanup in progress |
-----------------------------
cleanup: agenda
cleanup: wait queues
coroutine counts = (6513513,6513077,6512858)
[ModelOptimizer] Fitness: 3.6779 | Elapsed: 83.15 sec
[ModelOptimizer] Evaluating parameters: VectorD(4.05240,	2.02620,	-1.47380,	2.09727,	1.26310)

======================================================================
TRAFFIC MODEL BUILDER SUMMARY
======================================================================
Network:      US-101-N-DonaldDoyle
Segments:     7
Lanes:        4
Junctions:    8
Ramps:        2
Sensors:      5
Mode:         PeMS Data-Driven
Car-Following: Gipps
ODE Solver:   Ballistic
Vmax:         35.0 m/s
======================================================================
Skipping Source actor due to time limit at clock = 43201.00125327633
Skipping Source actor due to time limit at clock = 43210.6788297557
-----------------------------
| Model.cleanup in progress |
-----------------------------
cleanup: agenda
cleanup: wait queues
coroutine counts = (6573270,6572830,6572609)
[ModelOptimizer] Fitness: 5.3789 | Elapsed: 89.82 sec
[ModelOptimizer] Evaluating parameters: VectorD(4.33313,	2.16656,	-1.33344,	2.21658,	1.33328)

======================================================================
TRAFFIC MODEL BUILDER SUMMARY
======================================================================
Network:      US-101-N-DonaldDoyle
Segments:     7
Lanes:        4
Junctions:    8
Ramps:        2
Sensors:      5
Mode:         PeMS Data-Driven
Car-Following: Gipps
ODE Solver:   Ballistic
Vmax:         35.0 m/s
======================================================================
Skipping Source actor due to time limit at clock = 43201.00125327633
Skipping Source actor due to time limit at clock = 43210.6788297557
-----------------------------
| Model.cleanup in progress |
-----------------------------
cleanup: agenda
cleanup: wait queues
coroutine counts = (6633027,6632583,6632360)
[ModelOptimizer] Fitness: 5.6423 | Elapsed: 97.46 sec
[ModelOptimizer] Evaluating parameters: VectorD(2.83246,	1.41623,	-2.08377,	1.57879,	0.958114)

======================================================================
TRAFFIC MODEL BUILDER SUMMARY
======================================================================
Network:      US-101-N-DonaldDoyle
Segments:     7
Lanes:        4
Junctions:    8
Ramps:        2
Sensors:      5
Mode:         PeMS Data-Driven
Car-Following: Gipps
ODE Solver:   Ballistic
Vmax:         35.0 m/s
======================================================================
Skipping Source actor due to time limit at clock = 43201.00125327633
Skipping Source actor due to time limit at clock = 43210.6788297557
-----------------------------
| Model.cleanup in progress |
-----------------------------
cleanup: agenda
cleanup: wait queues
coroutine counts = (6692784,6692336,6692111)
[ModelOptimizer] Fitness: 4.8662 | Elapsed: 105.69 sec
[ModelOptimizer] Evaluating parameters: VectorD(4.84223,	2.42112,	-1.07888,	2.43295,	1.46056)

======================================================================
TRAFFIC MODEL BUILDER SUMMARY
======================================================================
Network:      US-101-N-DonaldDoyle
Segments:     7
Lanes:        4
Junctions:    8
Ramps:        2
Sensors:      5
Mode:         PeMS Data-Driven
Car-Following: Gipps
ODE Solver:   Ballistic
Vmax:         35.0 m/s
======================================================================
Skipping Source actor due to time limit at clock = 43201.00125327633
Skipping Source actor due to time limit at clock = 43210.6788297557
-----------------------------
| Model.cleanup in progress |
-----------------------------
cleanup: agenda
cleanup: wait queues
coroutine counts = (6752541,6752089,6751862)
[ModelOptimizer] Fitness: 6.3519 | Elapsed: 88.49 sec
[ModelOptimizer] Evaluating parameters: VectorD(1.98648,	0.993241,	-2.50676,	1.21926,	0.746621)

======================================================================
TRAFFIC MODEL BUILDER SUMMARY
======================================================================
Network:      US-101-N-DonaldDoyle
Segments:     7
Lanes:        4
Junctions:    8
Ramps:        2
Sensors:      5
Mode:         PeMS Data-Driven
Car-Following: Gipps
ODE Solver:   Ballistic
Vmax:         35.0 m/s
======================================================================
Skipping Source actor due to time limit at clock = 43201.00125327633
Skipping Source actor due to time limit at clock = 43210.6788297557
-----------------------------
| Model.cleanup in progress |
-----------------------------
cleanup: agenda
cleanup: wait queues
coroutine counts = (6812298,6811842,6811613)
[ModelOptimizer] Fitness: 4.9375 | Elapsed: 120.63 sec
       9 |      2.66108388 |      2.66108388 |       2.3% ✓
[ModelOptimizer] Evaluating parameters: VectorD(3.50381,	2.58078,	-3.66173,	2.41596,	2.07212)

======================================================================
TRAFFIC MODEL BUILDER SUMMARY
======================================================================
Network:      US-101-N-DonaldDoyle
Segments:     7
Lanes:        4
Junctions:    8
Ramps:        2
Sensors:      5
Mode:         PeMS Data-Driven
Car-Following: Gipps
ODE Solver:   Ballistic
Vmax:         35.0 m/s
======================================================================
Skipping Source actor due to time limit at clock = 43201.00125327633
Skipping Source actor due to time limit at clock = 43210.6788297557
-----------------------------
| Model.cleanup in progress |
-----------------------------
cleanup: agenda
cleanup: wait queues
coroutine counts = (6872055,6871595,6871364)
[ModelOptimizer] Fitness: 2.7486 | Elapsed: 72.69 sec
[ModelOptimizer] Evaluating parameters: VectorD(3.82359,	2.07677,	-5.06864,	2.28759,	1.23316)

======================================================================
TRAFFIC MODEL BUILDER SUMMARY
======================================================================
Network:      US-101-N-DonaldDoyle
Segments:     7
Lanes:        4
Junctions:    8
Ramps:        2
Sensors:      5
Mode:         PeMS Data-Driven
Car-Following: Gipps
ODE Solver:   Ballistic
Vmax:         35.0 m/s
======================================================================
Skipping Source actor due to time limit at clock = 43201.00125327633
Skipping Source actor due to time limit at clock = 43210.6788297557
-----------------------------
| Model.cleanup in progress |
-----------------------------
cleanup: agenda
cleanup: wait queues
coroutine counts = (6931812,6931348,6931115)
[ModelOptimizer] Fitness: 2.9575 | Elapsed: 91.51 sec
[ModelOptimizer] Evaluating parameters: VectorD(4.19708,	2.07339,	-5.25246,	1.40213,	1.46440)

======================================================================
TRAFFIC MODEL BUILDER SUMMARY
======================================================================
Network:      US-101-N-DonaldDoyle
Segments:     7
Lanes:        4
Junctions:    8
Ramps:        2
Sensors:      5
Mode:         PeMS Data-Driven
Car-Following: Gipps
ODE Solver:   Ballistic
Vmax:         35.0 m/s
======================================================================
Skipping Source actor due to time limit at clock = 43201.00125327633
Skipping Source actor due to time limit at clock = 43210.6788297557
-----------------------------
| Model.cleanup in progress |
-----------------------------
cleanup: agenda
cleanup: wait queues
coroutine counts = (6991569,6991101,6990866)
[ModelOptimizer] Fitness: 2.6002 | Elapsed: 86.89 sec
[ModelOptimizer] Evaluating parameters: VectorD(4.34368,	1.72785,	-4.14648,	2.28144,	1.90252)

======================================================================
TRAFFIC MODEL BUILDER SUMMARY
======================================================================
Network:      US-101-N-DonaldDoyle
Segments:     7
Lanes:        4
Junctions:    8
Ramps:        2
Sensors:      5
Mode:         PeMS Data-Driven
Car-Following: Gipps
ODE Solver:   Ballistic
Vmax:         35.0 m/s
======================================================================
Skipping Source actor due to time limit at clock = 43201.00125327633
Skipping Source actor due to time limit at clock = 43210.6788297557
-----------------------------
| Model.cleanup in progress |
-----------------------------
cleanup: agenda
cleanup: wait queues
coroutine counts = (7051326,7050854,7050617)
[ModelOptimizer] Fitness: 2.8144 | Elapsed: 72.11 sec
[ModelOptimizer] Evaluating parameters: VectorD(4.59054,	1.91016,	-4.68222,	2.27617,	1.75096)

======================================================================
TRAFFIC MODEL BUILDER SUMMARY
======================================================================
Network:      US-101-N-DonaldDoyle
Segments:     7
Lanes:        4
Junctions:    8
Ramps:        2
Sensors:      5
Mode:         PeMS Data-Driven
Car-Following: Gipps
ODE Solver:   Ballistic
Vmax:         35.0 m/s
======================================================================
Skipping Source actor due to time limit at clock = 43201.00125327633
Skipping Source actor due to time limit at clock = 43210.6788297557
-----------------------------
| Model.cleanup in progress |
-----------------------------
cleanup: agenda
cleanup: wait queues
coroutine counts = (7111083,7110607,7110368)
[ModelOptimizer] Fitness: 2.6397 | Elapsed: 70.31 sec
[ModelOptimizer] Evaluating parameters: VectorD(3.72224,	1.81206,	-4.44986,	1.76356,	1.28343)

======================================================================
TRAFFIC MODEL BUILDER SUMMARY
======================================================================
Network:      US-101-N-DonaldDoyle
Segments:     7
Lanes:        4
Junctions:    8
Ramps:        2
Sensors:      5
Mode:         PeMS Data-Driven
Car-Following: Gipps
ODE Solver:   Ballistic
Vmax:         35.0 m/s
======================================================================
Skipping Source actor due to time limit at clock = 43201.00125327633
Skipping Source actor due to time limit at clock = 43210.6788297557
-----------------------------
| Model.cleanup in progress |
-----------------------------
cleanup: agenda
cleanup: wait queues
coroutine counts = (7170840,7170360,7170119)
[ModelOptimizer] Fitness: 3.0942 | Elapsed: 75.44 sec
[ModelOptimizer] Evaluating parameters: VectorD(4.88247,	2.44124,	-1.05876,	2.45005,	1.47062)

======================================================================
TRAFFIC MODEL BUILDER SUMMARY
======================================================================
Network:      US-101-N-DonaldDoyle
Segments:     7
Lanes:        4
Junctions:    8
Ramps:        2
Sensors:      5
Mode:         PeMS Data-Driven
Car-Following: Gipps
ODE Solver:   Ballistic
Vmax:         35.0 m/s
======================================================================
Skipping Source actor due to time limit at clock = 43201.00125327633
Skipping Source actor due to time limit at clock = 43210.6788297557
-----------------------------
| Model.cleanup in progress |
-----------------------------
cleanup: agenda
cleanup: wait queues
coroutine counts = (7230597,7230113,7229870)
[ModelOptimizer] Fitness: 6.4144 | Elapsed: 84.37 sec
[ModelOptimizer] Evaluating parameters: VectorD(3.16494,	1.58247,	-1.91753,	1.72010,	1.04123)

======================================================================
TRAFFIC MODEL BUILDER SUMMARY
======================================================================
Network:      US-101-N-DonaldDoyle
Segments:     7
Lanes:        4
Junctions:    8
Ramps:        2
Sensors:      5
Mode:         PeMS Data-Driven
Car-Following: Gipps
ODE Solver:   Ballistic
Vmax:         35.0 m/s
======================================================================
Skipping Source actor due to time limit at clock = 43201.00125327633
Skipping Source actor due to time limit at clock = 43210.6788297557
-----------------------------
| Model.cleanup in progress |
-----------------------------
cleanup: agenda
cleanup: wait queues
coroutine counts = (7290354,7289866,7289621)
[ModelOptimizer] Fitness: 4.8995 | Elapsed: 94.64 sec
[ModelOptimizer] Evaluating parameters: VectorD(2.36776,	1.18388,	-2.31612,	1.38130,	0.841941)

======================================================================
TRAFFIC MODEL BUILDER SUMMARY
======================================================================
Network:      US-101-N-DonaldDoyle
Segments:     7
Lanes:        4
Junctions:    8
Ramps:        2
Sensors:      5
Mode:         PeMS Data-Driven
Car-Following: Gipps
ODE Solver:   Ballistic
Vmax:         35.0 m/s
======================================================================
Skipping Source actor due to time limit at clock = 43201.00125327633
Skipping Source actor due to time limit at clock = 43210.6788297557
-----------------------------
| Model.cleanup in progress |
-----------------------------
cleanup: agenda
cleanup: wait queues
coroutine counts = (7350111,7349619,7349372)
[ModelOptimizer] Fitness: 4.8852 | Elapsed: 111.09 sec
[ModelOptimizer] Evaluating parameters: VectorD(4.03236,	2.01618,	-1.48382,	2.08875,	1.25809)

======================================================================
TRAFFIC MODEL BUILDER SUMMARY
======================================================================
Network:      US-101-N-DonaldDoyle
Segments:     7
Lanes:        4
Junctions:    8
Ramps:        2
Sensors:      5
Mode:         PeMS Data-Driven
Car-Following: Gipps
ODE Solver:   Ballistic
Vmax:         35.0 m/s
======================================================================
Skipping Source actor due to time limit at clock = 43201.00125327633
Skipping Source actor due to time limit at clock = 43210.6788297557
-----------------------------
| Model.cleanup in progress |
-----------------------------
cleanup: agenda
cleanup: wait queues
coroutine counts = (7409868,7409372,7409123)
[ModelOptimizer] Fitness: 5.3696 | Elapsed: 86.05 sec
[ModelOptimizer] Evaluating parameters: VectorD(1.65002,	0.825009,	-2.67499,	1.07626,	0.662505)

======================================================================
TRAFFIC MODEL BUILDER SUMMARY
======================================================================
Network:      US-101-N-DonaldDoyle
Segments:     7
Lanes:        4
Junctions:    8
Ramps:        2
Sensors:      5
Mode:         PeMS Data-Driven
Car-Following: Gipps
ODE Solver:   Ballistic
Vmax:         35.0 m/s
======================================================================
Skipping Source actor due to time limit at clock = 43201.00125327633
Skipping Source actor due to time limit at clock = 43210.6788297557
-----------------------------
| Model.cleanup in progress |
-----------------------------
cleanup: agenda
cleanup: wait queues
coroutine counts = (7469625,7469125,7468874)
[ModelOptimizer] Fitness: 5.0516 | Elapsed: 122.96 sec
      10 |      2.60021127 |      2.60021127 |       2.5% ✓
[ModelOptimizer] Evaluating parameters: VectorD(3.96184,	1.84825,	-5.23142,	1.23051,	1.50092)

======================================================================
TRAFFIC MODEL BUILDER SUMMARY
======================================================================
Network:      US-101-N-DonaldDoyle
Segments:     7
Lanes:        4
Junctions:    8
Ramps:        2
Sensors:      5
Mode:         PeMS Data-Driven
Car-Following: Gipps
ODE Solver:   Ballistic
Vmax:         35.0 m/s
======================================================================
Skipping Source actor due to time limit at clock = 43201.00125327633
Skipping Source actor due to time limit at clock = 43210.6788297557
-----------------------------
| Model.cleanup in progress |
-----------------------------
cleanup: agenda
cleanup: wait queues
coroutine counts = (7529382,7528878,7528625)
[ModelOptimizer] Fitness: 2.5914 | Elapsed: 72.01 sec
[ModelOptimizer] Evaluating parameters: VectorD(3.89437,	1.85302,	-4.66164,	1.85954,	1.55058)

======================================================================
TRAFFIC MODEL BUILDER SUMMARY
======================================================================
Network:      US-101-N-DonaldDoyle
Segments:     7
Lanes:        4
Junctions:    8
Ramps:        2
Sensors:      5
Mode:         PeMS Data-Driven
Car-Following: Gipps
ODE Solver:   Ballistic
Vmax:         35.0 m/s
======================================================================
Skipping Source actor due to time limit at clock = 43201.00125327633
Skipping Source actor due to time limit at clock = 43210.6788297557
-----------------------------
| Model.cleanup in progress |
-----------------------------
cleanup: agenda
cleanup: wait queues
coroutine counts = (7589139,7588631,7588376)
[ModelOptimizer] Fitness: 2.8273 | Elapsed: 74.66 sec
[ModelOptimizer] Evaluating parameters: VectorD(3.94377,	1.43064,	-4.71183,	1.93781,	2.10780)

======================================================================
TRAFFIC MODEL BUILDER SUMMARY
======================================================================
Network:      US-101-N-DonaldDoyle
Segments:     7
Lanes:        4
Junctions:    8
Ramps:        2
Sensors:      5
Mode:         PeMS Data-Driven
Car-Following: Gipps
ODE Solver:   Ballistic
Vmax:         35.0 m/s
======================================================================
Skipping Source actor due to time limit at clock = 43201.00125327633
Skipping Source actor due to time limit at clock = 43210.6788297557
-----------------------------
| Model.cleanup in progress |
-----------------------------
cleanup: agenda
cleanup: wait queues
coroutine counts = (7648896,7648384,7648127)
[ModelOptimizer] Fitness: 2.2905 | Elapsed: 67.21 sec
[ModelOptimizer] Evaluating parameters: VectorD(4.22292,	2.14553,	-5.89904,	2.30059,	1.36670)

======================================================================
TRAFFIC MODEL BUILDER SUMMARY
======================================================================
Network:      US-101-N-DonaldDoyle
Segments:     7
Lanes:        4
Junctions:    8
Ramps:        2
Sensors:      5
Mode:         PeMS Data-Driven
Car-Following: Gipps
ODE Solver:   Ballistic
Vmax:         35.0 m/s
======================================================================
Skipping Source actor due to time limit at clock = 43201.00125327633
Skipping Source actor due to time limit at clock = 43210.6788297557
-----------------------------
| Model.cleanup in progress |
-----------------------------
cleanup: agenda
cleanup: wait queues
coroutine counts = (7708653,7708137,7707878)
[ModelOptimizer] Fitness: 2.4633 | Elapsed: 75.06 sec
[ModelOptimizer] Evaluating parameters: VectorD(4.99239,	2.12191,	-5.25841,	2.31539,	1.59244)

======================================================================
TRAFFIC MODEL BUILDER SUMMARY
======================================================================
Network:      US-101-N-DonaldDoyle
Segments:     7
Lanes:        4
Junctions:    8
Ramps:        2
Sensors:      5
Mode:         PeMS Data-Driven
Car-Following: Gipps
ODE Solver:   Ballistic
Vmax:         35.0 m/s
======================================================================
Skipping Source actor due to time limit at clock = 43201.00125327633
Skipping Source actor due to time limit at clock = 43210.6788297557
-----------------------------
| Model.cleanup in progress |
-----------------------------
cleanup: agenda
cleanup: wait queues
coroutine counts = (7768410,7767890,7767629)
[ModelOptimizer] Fitness: 2.4775 | Elapsed: 66.91 sec
[ModelOptimizer] Evaluating parameters: VectorD(4.70459,	2.44569,	-4.06477,	2.43755,	1.57186)

======================================================================
TRAFFIC MODEL BUILDER SUMMARY
======================================================================
Network:      US-101-N-DonaldDoyle
Segments:     7
Lanes:        4
Junctions:    8
Ramps:        2
Sensors:      5
Mode:         PeMS Data-Driven
Car-Following: Gipps
ODE Solver:   Ballistic
Vmax:         35.0 m/s
======================================================================
Skipping Source actor due to time limit at clock = 43201.00125327633
Skipping Source actor due to time limit at clock = 43210.6788297557
-----------------------------
| Model.cleanup in progress |
-----------------------------
cleanup: agenda
cleanup: wait queues
coroutine counts = (7828167,7827643,7827380)
[ModelOptimizer] Fitness: 3.1103 | Elapsed: 64.61 sec
[ModelOptimizer] Evaluating parameters: VectorD(1.14223,	0.571117,	-2.92888,	0.860450,	0.535559)

======================================================================
TRAFFIC MODEL BUILDER SUMMARY
======================================================================
Network:      US-101-N-DonaldDoyle
Segments:     7
Lanes:        4
Junctions:    8
Ramps:        2
Sensors:      5
Mode:         PeMS Data-Driven
Car-Following: Gipps
ODE Solver:   Ballistic
Vmax:         35.0 m/s
======================================================================
Skipping Source actor due to time limit at clock = 43201.00125327633
Skipping Source actor due to time limit at clock = 43210.6788297557
-----------------------------
| Model.cleanup in progress |
-----------------------------
cleanup: agenda
cleanup: wait queues
coroutine counts = (7887924,7887396,7887131)
[ModelOptimizer] Fitness: 5.4882 | Elapsed: 141.00 sec
[ModelOptimizer] Evaluating parameters: VectorD(2.49484,	1.24742,	-2.25258,	1.43530,	0.873709)

======================================================================
TRAFFIC MODEL BUILDER SUMMARY
======================================================================
Network:      US-101-N-DonaldDoyle
Segments:     7
Lanes:        4
Junctions:    8
Ramps:        2
Sensors:      5
Mode:         PeMS Data-Driven
Car-Following: Gipps
ODE Solver:   Ballistic
Vmax:         35.0 m/s
======================================================================
Skipping Source actor due to time limit at clock = 43201.00125327633
Skipping Source actor due to time limit at clock = 43210.6788297557
-----------------------------
| Model.cleanup in progress |
-----------------------------
cleanup: agenda
cleanup: wait queues
coroutine counts = (7947681,7947149,7946882)
[ModelOptimizer] Fitness: 4.8613 | Elapsed: 108.41 sec
[ModelOptimizer] Evaluating parameters: VectorD(4.24040,	2.12020,	-1.37980,	2.17717,	1.31010)

======================================================================
TRAFFIC MODEL BUILDER SUMMARY
======================================================================
Network:      US-101-N-DonaldDoyle
Segments:     7
Lanes:        4
Junctions:    8
Ramps:        2
Sensors:      5
Mode:         PeMS Data-Driven
Car-Following: Gipps
ODE Solver:   Ballistic
Vmax:         35.0 m/s
======================================================================
Skipping Source actor due to time limit at clock = 43201.00125327633
Skipping Source actor due to time limit at clock = 43210.6788297557
-----------------------------
| Model.cleanup in progress |
-----------------------------
cleanup: agenda
cleanup: wait queues
coroutine counts = (8007438,8006902,8006633)
[ModelOptimizer] Fitness: 5.5449 | Elapsed: 86.51 sec
[ModelOptimizer] Evaluating parameters: VectorD(2.76569,	1.38285,	-2.11715,	1.55042,	0.941423)

======================================================================
TRAFFIC MODEL BUILDER SUMMARY
======================================================================
Network:      US-101-N-DonaldDoyle
Segments:     7
Lanes:        4
Junctions:    8
Ramps:        2
Sensors:      5
Mode:         PeMS Data-Driven
Car-Following: Gipps
ODE Solver:   Ballistic
Vmax:         35.0 m/s
======================================================================
Skipping Source actor due to time limit at clock = 43201.00125327633
Skipping Source actor due to time limit at clock = 43210.6788297557
-----------------------------
| Model.cleanup in progress |
-----------------------------
cleanup: agenda
cleanup: wait queues
coroutine counts = (8067195,8066655,8066384)
[ModelOptimizer] Fitness: 4.8346 | Elapsed: 94.98 sec
[ModelOptimizer] Evaluating parameters: VectorD(1.11437,	0.557183,	-2.94282,	0.848606,	0.528592)

======================================================================
TRAFFIC MODEL BUILDER SUMMARY
======================================================================
Network:      US-101-N-DonaldDoyle
Segments:     7
Lanes:        4
Junctions:    8
Ramps:        2
Sensors:      5
Mode:         PeMS Data-Driven
Car-Following: Gipps
ODE Solver:   Ballistic
Vmax:         35.0 m/s
======================================================================
Skipping Source actor due to time limit at clock = 43201.00125327633
Skipping Source actor due to time limit at clock = 43210.6788297557
-----------------------------
| Model.cleanup in progress |
-----------------------------
cleanup: agenda
cleanup: wait queues
coroutine counts = (8126952,8126408,8126135)
[ModelOptimizer] Fitness: 5.5259 | Elapsed: 137.99 sec
      11 |      2.29046039 |      2.29046039 |       2.8% ✓
[ModelOptimizer] Evaluating parameters: VectorD(3.31129,	1.61124,	-4.59171,	2.48443,	1.16488)

======================================================================
TRAFFIC MODEL BUILDER SUMMARY
======================================================================
Network:      US-101-N-DonaldDoyle
Segments:     7
Lanes:        4
Junctions:    8
Ramps:        2
Sensors:      5
Mode:         PeMS Data-Driven
Car-Following: Gipps
ODE Solver:   Ballistic
Vmax:         35.0 m/s
======================================================================
Skipping Source actor due to time limit at clock = 43201.00125327633
Skipping Source actor due to time limit at clock = 43210.6788297557
-----------------------------
| Model.cleanup in progress |
-----------------------------
cleanup: agenda
cleanup: wait queues
coroutine counts = (8186709,8186161,8185886)
[ModelOptimizer] Fitness: 3.2700 | Elapsed: 82.08 sec
[ModelOptimizer] Evaluating parameters: VectorD(4.34434,	1.63536,	-5.59392,	1.58861,	1.79165)

======================================================================
TRAFFIC MODEL BUILDER SUMMARY
======================================================================
Network:      US-101-N-DonaldDoyle
Segments:     7
Lanes:        4
Junctions:    8
Ramps:        2
Sensors:      5
Mode:         PeMS Data-Driven
Car-Following: Gipps
ODE Solver:   Ballistic
Vmax:         35.0 m/s
======================================================================
Skipping Source actor due to time limit at clock = 43201.00125327633
Skipping Source actor due to time limit at clock = 43210.6788297557
-----------------------------
| Model.cleanup in progress |
-----------------------------
cleanup: agenda
cleanup: wait queues
coroutine counts = (8246466,8245914,8245637)
[ModelOptimizer] Fitness: 2.2195 | Elapsed: 70.59 sec
[ModelOptimizer] Evaluating parameters: VectorD(4.02479,	1.55214,	-5.05005,	1.42268,	1.26557)

======================================================================
TRAFFIC MODEL BUILDER SUMMARY
======================================================================
Network:      US-101-N-DonaldDoyle
Segments:     7
Lanes:        4
Junctions:    8
Ramps:        2
Sensors:      5
Mode:         PeMS Data-Driven
Car-Following: Gipps
ODE Solver:   Ballistic
Vmax:         35.0 m/s
======================================================================
Skipping Source actor due to time limit at clock = 43201.00125327633
Skipping Source actor due to time limit at clock = 43210.6788297557
-----------------------------
| Model.cleanup in progress |
-----------------------------
cleanup: agenda
cleanup: wait queues
coroutine counts = (8306223,8305667,8305388)
[ModelOptimizer] Fitness: 3.0418 | Elapsed: 86.61 sec
[ModelOptimizer] Evaluating parameters: VectorD(5.52764,	2.23578,	-4.61706,	2.19449,	1.27942)

======================================================================
TRAFFIC MODEL BUILDER SUMMARY
======================================================================
Network:      US-101-N-DonaldDoyle
Segments:     7
Lanes:        4
Junctions:    8
Ramps:        2
Sensors:      5
Mode:         PeMS Data-Driven
Car-Following: Gipps
ODE Solver:   Ballistic
Vmax:         35.0 m/s
======================================================================
Skipping Source actor due to time limit at clock = 43201.00125327633
Skipping Source actor due to time limit at clock = 43210.6788297557
-----------------------------
| Model.cleanup in progress |
-----------------------------
cleanup: agenda
cleanup: wait queues
coroutine counts = (8365980,8365420,8365139)
[ModelOptimizer] Fitness: 2.9808 | Elapsed: 88.15 sec
[ModelOptimizer] Evaluating parameters: VectorD(4.77589,	2.45108,	-5.16568,	1.18422,	1.60461)

======================================================================
TRAFFIC MODEL BUILDER SUMMARY
======================================================================
Network:      US-101-N-DonaldDoyle
Segments:     7
Lanes:        4
Junctions:    8
Ramps:        2
Sensors:      5
Mode:         PeMS Data-Driven
Car-Following: Gipps
ODE Solver:   Ballistic
Vmax:         35.0 m/s
======================================================================
Skipping Source actor due to time limit at clock = 43201.00125327633
Skipping Source actor due to time limit at clock = 43210.6788297557
-----------------------------
| Model.cleanup in progress |
-----------------------------
cleanup: agenda
cleanup: wait queues
coroutine counts = (8425737,8425173,8424890)
[ModelOptimizer] Fitness: 2.4813 | Elapsed: 79.48 sec
[ModelOptimizer] Evaluating parameters: VectorD(5.52145,	2.38650,	-5.28943,	1.89563,	1.43872)

======================================================================
TRAFFIC MODEL BUILDER SUMMARY
======================================================================
Network:      US-101-N-DonaldDoyle
Segments:     7
Lanes:        4
Junctions:    8
Ramps:        2
Sensors:      5
Mode:         PeMS Data-Driven
Car-Following: Gipps
ODE Solver:   Ballistic
Vmax:         35.0 m/s
======================================================================
Skipping Source actor due to time limit at clock = 43201.00125327633
Skipping Source actor due to time limit at clock = 43210.6788297557
-----------------------------
| Model.cleanup in progress |
-----------------------------
cleanup: agenda
cleanup: wait queues
coroutine counts = (8485494,8484926,8484641)
[ModelOptimizer] Fitness: 2.5803 | Elapsed: 75.12 sec
[ModelOptimizer] Evaluating parameters: VectorD(1.21133,	0.605666,	-2.89433,	0.889816,	0.552833)

======================================================================
TRAFFIC MODEL BUILDER SUMMARY
======================================================================
Network:      US-101-N-DonaldDoyle
Segments:     7
Lanes:        4
Junctions:    8
Ramps:        2
Sensors:      5
Mode:         PeMS Data-Driven
Car-Following: Gipps
ODE Solver:   Ballistic
Vmax:         35.0 m/s
======================================================================
Skipping Source actor due to time limit at clock = 43201.00125327633
Skipping Source actor due to time limit at clock = 43210.6788297557
-----------------------------
| Model.cleanup in progress |
-----------------------------
cleanup: agenda
cleanup: wait queues
coroutine counts = (8545251,8544679,8544392)
[ModelOptimizer] Fitness: 5.3837 | Elapsed: 132.06 sec
[ModelOptimizer] Evaluating parameters: VectorD(2.60675,	1.30338,	-2.19662,	1.48287,	0.901689)

======================================================================
TRAFFIC MODEL BUILDER SUMMARY
======================================================================
Network:      US-101-N-DonaldDoyle
Segments:     7
Lanes:        4
Junctions:    8
Ramps:        2
Sensors:      5
Mode:         PeMS Data-Driven
Car-Following: Gipps
ODE Solver:   Ballistic
Vmax:         35.0 m/s
======================================================================
Skipping Source actor due to time limit at clock = 43201.00125327633
Skipping Source actor due to time limit at clock = 43210.6788297557
-----------------------------
| Model.cleanup in progress |
-----------------------------
cleanup: agenda
cleanup: wait queues
coroutine counts = (8605008,8604432,8604143)
[ModelOptimizer] Fitness: 4.8334 | Elapsed: 104.76 sec
[ModelOptimizer] Evaluating parameters: VectorD(2.65243,	1.32622,	-2.17378,	1.50228,	0.913108)

======================================================================
TRAFFIC MODEL BUILDER SUMMARY
======================================================================
Network:      US-101-N-DonaldDoyle
Segments:     7
Lanes:        4
Junctions:    8
Ramps:        2
Sensors:      5
Mode:         PeMS Data-Driven
Car-Following: Gipps
ODE Solver:   Ballistic
Vmax:         35.0 m/s
======================================================================
Skipping Source actor due to time limit at clock = 43201.00125327633
Skipping Source actor due to time limit at clock = 43210.6788297557
-----------------------------
| Model.cleanup in progress |
-----------------------------
cleanup: agenda
cleanup: wait queues
coroutine counts = (8664765,8664185,8663894)
[ModelOptimizer] Fitness: 4.8571 | Elapsed: 111.48 sec
[ModelOptimizer] Evaluating parameters: VectorD(3.45902,	1.72951,	-1.77049,	1.84508,	1.11475)

======================================================================
TRAFFIC MODEL BUILDER SUMMARY
======================================================================
Network:      US-101-N-DonaldDoyle
Segments:     7
Lanes:        4
Junctions:    8
Ramps:        2
Sensors:      5
Mode:         PeMS Data-Driven
Car-Following: Gipps
ODE Solver:   Ballistic
Vmax:         35.0 m/s
======================================================================
Skipping Source actor due to time limit at clock = 43201.00125327633
Skipping Source actor due to time limit at clock = 43210.6788297557
-----------------------------
| Model.cleanup in progress |
-----------------------------
cleanup: agenda
cleanup: wait queues
coroutine counts = (8724522,8723938,8723645)
[ModelOptimizer] Fitness: 5.0114 | Elapsed: 92.21 sec
[ModelOptimizer] Evaluating parameters: VectorD(3.29910,	1.64955,	-1.85045,	1.77712,	1.07478)

======================================================================
TRAFFIC MODEL BUILDER SUMMARY
======================================================================
Network:      US-101-N-DonaldDoyle
Segments:     7
Lanes:        4
Junctions:    8
Ramps:        2
Sensors:      5
Mode:         PeMS Data-Driven
Car-Following: Gipps
ODE Solver:   Ballistic
Vmax:         35.0 m/s
======================================================================
Skipping Source actor due to time limit at clock = 43201.00125327633
Skipping Source actor due to time limit at clock = 43210.6788297557
-----------------------------
| Model.cleanup in progress |
-----------------------------
cleanup: agenda
cleanup: wait queues
coroutine counts = (8784279,8783691,8783396)
[ModelOptimizer] Fitness: 4.9700 | Elapsed: 89.39 sec
      12 |      2.21949890 |      2.21949890 |       3.0% ✓
[ModelOptimizer] Evaluating parameters: VectorD(3.85196,	1.55729,	-5.72219,	1.31392,	1.79612)

======================================================================
TRAFFIC MODEL BUILDER SUMMARY
======================================================================
Network:      US-101-N-DonaldDoyle
Segments:     7
Lanes:        4
Junctions:    8
Ramps:        2
Sensors:      5
Mode:         PeMS Data-Driven
Car-Following: Gipps
ODE Solver:   Ballistic
Vmax:         35.0 m/s
======================================================================
Skipping Source actor due to time limit at clock = 43201.00125327633
Skipping Source actor due to time limit at clock = 43210.6788297557
-----------------------------
| Model.cleanup in progress |
-----------------------------
cleanup: agenda
cleanup: wait queues
coroutine counts = (8844036,8843444,8843147)
[ModelOptimizer] Fitness: 2.1799 | Elapsed: 65.37 sec
[ModelOptimizer] Evaluating parameters: VectorD(4.44647,	1.77805,	-5.00198,	2.20871,	1.64927)

======================================================================
TRAFFIC MODEL BUILDER SUMMARY
======================================================================
Network:      US-101-N-DonaldDoyle
Segments:     7
Lanes:        4
Junctions:    8
Ramps:        2
Sensors:      5
Mode:         PeMS Data-Driven
Car-Following: Gipps
ODE Solver:   Ballistic
Vmax:         35.0 m/s
======================================================================
Skipping Source actor due to time limit at clock = 43201.00125327633
Skipping Source actor due to time limit at clock = 43210.6788297557
-----------------------------
| Model.cleanup in progress |
-----------------------------
cleanup: agenda
cleanup: wait queues
coroutine counts = (8903793,8903197,8902898)
[ModelOptimizer] Fitness: 2.5364 | Elapsed: 66.94 sec
[ModelOptimizer] Evaluating parameters: VectorD(4.60013,	2.11430,	-5.73375,	2.11629,	1.74388)

======================================================================
TRAFFIC MODEL BUILDER SUMMARY
======================================================================
Network:      US-101-N-DonaldDoyle
Segments:     7
Lanes:        4
Junctions:    8
Ramps:        2
Sensors:      5
Mode:         PeMS Data-Driven
Car-Following: Gipps
ODE Solver:   Ballistic
Vmax:         35.0 m/s
======================================================================
Skipping Source actor due to time limit at clock = 43201.00125327633
Skipping Source actor due to time limit at clock = 43210.6788297557
-----------------------------
| Model.cleanup in progress |
-----------------------------
cleanup: agenda
cleanup: wait queues
coroutine counts = (8963550,8962950,8962649)
[ModelOptimizer] Fitness: 2.1857 | Elapsed: 64.76 sec
[ModelOptimizer] Evaluating parameters: VectorD(3.58645,	1.45311,	-5.21848,	2.14719,	1.61000)

======================================================================
TRAFFIC MODEL BUILDER SUMMARY
======================================================================
Network:      US-101-N-DonaldDoyle
Segments:     7
Lanes:        4
Junctions:    8
Ramps:        2
Sensors:      5
Mode:         PeMS Data-Driven
Car-Following: Gipps
ODE Solver:   Ballistic
Vmax:         35.0 m/s
======================================================================
Skipping Source actor due to time limit at clock = 43201.00125327633
Skipping Source actor due to time limit at clock = 43210.6788297557
-----------------------------
| Model.cleanup in progress |
-----------------------------
cleanup: agenda
cleanup: wait queues
coroutine counts = (9023307,9022703,9022400)
[ModelOptimizer] Fitness: 2.5670 | Elapsed: 70.09 sec
[ModelOptimizer] Evaluating parameters: VectorD(3.63704,	1.16957,	-5.12088,	2.26196,	2.36087)

======================================================================
TRAFFIC MODEL BUILDER SUMMARY
======================================================================
Network:      US-101-N-DonaldDoyle
Segments:     7
Lanes:        4
Junctions:    8
Ramps:        2
Sensors:      5
Mode:         PeMS Data-Driven
Car-Following: Gipps
ODE Solver:   Ballistic
Vmax:         35.0 m/s
======================================================================
Skipping Source actor due to time limit at clock = 43201.00125327633
Skipping Source actor due to time limit at clock = 43210.6788297557
-----------------------------
| Model.cleanup in progress |
-----------------------------
cleanup: agenda
cleanup: wait queues
coroutine counts = (9083064,9082456,9082151)
[ModelOptimizer] Fitness: 1.8431 | Elapsed: 67.63 sec
[ModelOptimizer] Evaluating parameters: VectorD(4.60492,	2.30324,	-4.49985,	2.00210,	1.31466)

======================================================================
TRAFFIC MODEL BUILDER SUMMARY
======================================================================
Network:      US-101-N-DonaldDoyle
Segments:     7
Lanes:        4
Junctions:    8
Ramps:        2
Sensors:      5
Mode:         PeMS Data-Driven
Car-Following: Gipps
ODE Solver:   Ballistic
Vmax:         35.0 m/s
======================================================================
Skipping Source actor due to time limit at clock = 43201.00125327633
Skipping Source actor due to time limit at clock = 43210.6788297557
-----------------------------
| Model.cleanup in progress |
-----------------------------
cleanup: agenda
cleanup: wait queues
coroutine counts = (9142821,9142209,9141902)
[ModelOptimizer] Fitness: 3.0869 | Elapsed: 85.37 sec
[ModelOptimizer] Evaluating parameters: VectorD(3.85172,	1.92586,	-1.57414,	2.01198,	1.21293)

======================================================================
TRAFFIC MODEL BUILDER SUMMARY
======================================================================
Network:      US-101-N-DonaldDoyle
Segments:     7
Lanes:        4
Junctions:    8
Ramps:        2
Sensors:      5
Mode:         PeMS Data-Driven
Car-Following: Gipps
ODE Solver:   Ballistic
Vmax:         35.0 m/s
======================================================================
Skipping Source actor due to time limit at clock = 43201.00125327633
Skipping Source actor due to time limit at clock = 43210.6788297557
-----------------------------
| Model.cleanup in progress |
-----------------------------
cleanup: agenda
cleanup: wait queues
coroutine counts = (9202578,9201962,9201653)
[ModelOptimizer] Fitness: 5.2422 | Elapsed: 85.30 sec
[ModelOptimizer] Evaluating parameters: VectorD(2.45154,	1.22577,	-2.27423,	1.41690,	0.862884)

======================================================================
TRAFFIC MODEL BUILDER SUMMARY
======================================================================
Network:      US-101-N-DonaldDoyle
Segments:     7
Lanes:        4
Junctions:    8
Ramps:        2
Sensors:      5
Mode:         PeMS Data-Driven
Car-Following: Gipps
ODE Solver:   Ballistic
Vmax:         35.0 m/s
======================================================================
Skipping Source actor due to time limit at clock = 43201.00125327633
Skipping Source actor due to time limit at clock = 43210.6788297557
-----------------------------
| Model.cleanup in progress |
-----------------------------
cleanup: agenda
cleanup: wait queues
coroutine counts = (9262335,9261715,9261404)
[ModelOptimizer] Fitness: 4.8713 | Elapsed: 100.71 sec
[ModelOptimizer] Evaluating parameters: VectorD(3.58545,	1.79273,	-1.70727,	1.89882,	1.14636)

======================================================================
TRAFFIC MODEL BUILDER SUMMARY
======================================================================
Network:      US-101-N-DonaldDoyle
Segments:     7
Lanes:        4
Junctions:    8
Ramps:        2
Sensors:      5
Mode:         PeMS Data-Driven
Car-Following: Gipps
ODE Solver:   Ballistic
Vmax:         35.0 m/s
======================================================================
Skipping Source actor due to time limit at clock = 43201.00125327633
Skipping Source actor due to time limit at clock = 43210.6788297557
-----------------------------
| Model.cleanup in progress |
-----------------------------
cleanup: agenda
cleanup: wait queues
coroutine counts = (9322092,9321468,9321155)
[ModelOptimizer] Fitness: 5.0905 | Elapsed: 84.91 sec
[ModelOptimizer] Evaluating parameters: VectorD(4.39727,	2.19863,	-1.30137,	2.24384,	1.34932)

======================================================================
TRAFFIC MODEL BUILDER SUMMARY
======================================================================
Network:      US-101-N-DonaldDoyle
Segments:     7
Lanes:        4
Junctions:    8
Ramps:        2
Sensors:      5
Mode:         PeMS Data-Driven
Car-Following: Gipps
ODE Solver:   Ballistic
Vmax:         35.0 m/s
======================================================================
Skipping Source actor due to time limit at clock = 43201.00125327633
Skipping Source actor due to time limit at clock = 43210.6788297557
-----------------------------
| Model.cleanup in progress |
-----------------------------
cleanup: agenda
cleanup: wait queues
coroutine counts = (9381849,9381221,9380906)
[ModelOptimizer] Fitness: 5.7411 | Elapsed: 79.26 sec
[ModelOptimizer] Evaluating parameters: VectorD(4.22974,	2.11487,	-1.38513,	2.17264,	1.30744)

======================================================================
TRAFFIC MODEL BUILDER SUMMARY
======================================================================
Network:      US-101-N-DonaldDoyle
Segments:     7
Lanes:        4
Junctions:    8
Ramps:        2
Sensors:      5
Mode:         PeMS Data-Driven
Car-Following: Gipps
ODE Solver:   Ballistic
Vmax:         35.0 m/s
======================================================================
Skipping Source actor due to time limit at clock = 43201.00125327633
Skipping Source actor due to time limit at clock = 43210.6788297557
-----------------------------
| Model.cleanup in progress |
-----------------------------
cleanup: agenda
cleanup: wait queues
coroutine counts = (9441606,9440974,9440657)
[ModelOptimizer] Fitness: 5.5316 | Elapsed: 89.06 sec
      13 |      1.84309427 |      1.84309427 |       3.3% ✓
[ModelOptimizer] Evaluating parameters: VectorD(4.55819,	1.68698,	-4.87552,	2.26691,	2.81524)

======================================================================
TRAFFIC MODEL BUILDER SUMMARY
======================================================================
Network:      US-101-N-DonaldDoyle
Segments:     7
Lanes:        4
Junctions:    8
Ramps:        2
Sensors:      5
Mode:         PeMS Data-Driven
Car-Following: Gipps
ODE Solver:   Ballistic
Vmax:         35.0 m/s
======================================================================
Skipping Source actor due to time limit at clock = 43201.00125327633
Skipping Source actor due to time limit at clock = 43210.6788297557
-----------------------------
| Model.cleanup in progress |
-----------------------------
cleanup: agenda
cleanup: wait queues
coroutine counts = (9501363,9500727,9500408)
[ModelOptimizer] Fitness: 1.7558 | Elapsed: 61.37 sec
[ModelOptimizer] Evaluating parameters: VectorD(5.51530,	1.77494,	-5.45860,	2.65663,	2.65583)

======================================================================
TRAFFIC MODEL BUILDER SUMMARY
======================================================================
Network:      US-101-N-DonaldDoyle
Segments:     7
Lanes:        4
Junctions:    8
Ramps:        2
Sensors:      5
Mode:         PeMS Data-Driven
Car-Following: Gipps
ODE Solver:   Ballistic
Vmax:         35.0 m/s
======================================================================
Skipping Source actor due to time limit at clock = 43201.00125327633
Skipping Source actor due to time limit at clock = 43210.6788297557
-----------------------------
| Model.cleanup in progress |
-----------------------------
cleanup: agenda
cleanup: wait queues
coroutine counts = (9561120,9560480,9560159)
[ModelOptimizer] Fitness: 1.7198 | Elapsed: 65.41 sec
[ModelOptimizer] Evaluating parameters: VectorD(3.52917,	1.17461,	-4.42291,	1.92429,	1.58689)

======================================================================
TRAFFIC MODEL BUILDER SUMMARY
======================================================================
Network:      US-101-N-DonaldDoyle
Segments:     7
Lanes:        4
Junctions:    8
Ramps:        2
Sensors:      5
Mode:         PeMS Data-Driven
Car-Following: Gipps
ODE Solver:   Ballistic
Vmax:         35.0 m/s
======================================================================
Skipping Source actor due to time limit at clock = 43201.00125327633
Skipping Source actor due to time limit at clock = 43210.6788297557
-----------------------------
| Model.cleanup in progress |
-----------------------------
cleanup: agenda
cleanup: wait queues
coroutine counts = (9620877,9620233,9619910)
[ModelOptimizer] Fitness: 3.1328 | Elapsed: 74.45 sec
[ModelOptimizer] Evaluating parameters: VectorD(4.47761,	1.82046,	-6.29841,	1.23324,	1.94859)

======================================================================
TRAFFIC MODEL BUILDER SUMMARY
======================================================================
Network:      US-101-N-DonaldDoyle
Segments:     7
Lanes:        4
Junctions:    8
Ramps:        2
Sensors:      5
Mode:         PeMS Data-Driven
Car-Following: Gipps
ODE Solver:   Ballistic
Vmax:         35.0 m/s
======================================================================
Skipping Source actor due to time limit at clock = 43201.00125327633
Skipping Source actor due to time limit at clock = 43210.6788297557
-----------------------------
| Model.cleanup in progress |
-----------------------------
cleanup: agenda
cleanup: wait queues
coroutine counts = (9680634,9679986,9679661)
[ModelOptimizer] Fitness: 1.8360 | Elapsed: 73.91 sec
[ModelOptimizer] Evaluating parameters: VectorD(4.14306,	1.53885,	-6.05798,	1.59858,	1.70012)

======================================================================
TRAFFIC MODEL BUILDER SUMMARY
======================================================================
Network:      US-101-N-DonaldDoyle
Segments:     7
Lanes:        4
Junctions:    8
Ramps:        2
Sensors:      5
Mode:         PeMS Data-Driven
Car-Following: Gipps
ODE Solver:   Ballistic
Vmax:         35.0 m/s
======================================================================
Skipping Source actor due to time limit at clock = 43201.00125327633
Skipping Source actor due to time limit at clock = 43210.6788297557
-----------------------------
| Model.cleanup in progress |
-----------------------------
cleanup: agenda
cleanup: wait queues
coroutine counts = (9740391,9739739,9739412)
[ModelOptimizer] Fitness: 2.1409 | Elapsed: 71.76 sec
[ModelOptimizer] Evaluating parameters: VectorD(5.23770,	2.24631,	-6.65068,	1.87393,	1.81247)

======================================================================
TRAFFIC MODEL BUILDER SUMMARY
======================================================================
Network:      US-101-N-DonaldDoyle
Segments:     7
Lanes:        4
Junctions:    8
Ramps:        2
Sensors:      5
Mode:         PeMS Data-Driven
Car-Following: Gipps
ODE Solver:   Ballistic
Vmax:         35.0 m/s
======================================================================
Skipping Source actor due to time limit at clock = 43201.00125327633
Skipping Source actor due to time limit at clock = 43210.6788297557
-----------------------------
| Model.cleanup in progress |
-----------------------------
cleanup: agenda
cleanup: wait queues
coroutine counts = (9800148,9799492,9799162)
[ModelOptimizer] Fitness: 1.8236 | Elapsed: 76.40 sec
[ModelOptimizer] Evaluating parameters: VectorD(4.93996,	2.46998,	-1.03002,	2.47448,	1.48499)

======================================================================
TRAFFIC MODEL BUILDER SUMMARY
======================================================================
Network:      US-101-N-DonaldDoyle
Segments:     7
Lanes:        4
Junctions:    8
Ramps:        2
Sensors:      5
Mode:         PeMS Data-Driven
Car-Following: Gipps
ODE Solver:   Ballistic
Vmax:         35.0 m/s
======================================================================
Skipping Source actor due to time limit at clock = 43201.00125327633
Skipping Source actor due to time limit at clock = 43210.6788297557
-----------------------------
| Model.cleanup in progress |
-----------------------------
cleanup: agenda
cleanup: wait queues
coroutine counts = (9859905,9859245,9858913)
[ModelOptimizer] Fitness: 6.4757 | Elapsed: 86.05 sec
[ModelOptimizer] Evaluating parameters: VectorD(4.74908,	2.37454,	-1.12546,	2.39336,	1.43727)

======================================================================
TRAFFIC MODEL BUILDER SUMMARY
======================================================================
Network:      US-101-N-DonaldDoyle
Segments:     7
Lanes:        4
Junctions:    8
Ramps:        2
Sensors:      5
Mode:         PeMS Data-Driven
Car-Following: Gipps
ODE Solver:   Ballistic
Vmax:         35.0 m/s
======================================================================
Skipping Source actor due to time limit at clock = 43201.00125327633
Skipping Source actor due to time limit at clock = 43210.6788297557
-----------------------------
| Model.cleanup in progress |
-----------------------------
cleanup: agenda
cleanup: wait queues
coroutine counts = (9919662,9918998,9918664)
[ModelOptimizer] Fitness: 6.1869 | Elapsed: 81.89 sec
[ModelOptimizer] Evaluating parameters: VectorD(2.69406,	1.34703,	-2.15297,	1.51998,	0.923515)

======================================================================
TRAFFIC MODEL BUILDER SUMMARY
======================================================================
Network:      US-101-N-DonaldDoyle
Segments:     7
Lanes:        4
Junctions:    8
Ramps:        2
Sensors:      5
Mode:         PeMS Data-Driven
Car-Following: Gipps
ODE Solver:   Ballistic
Vmax:         35.0 m/s
======================================================================
Skipping Source actor due to time limit at clock = 43201.00125327633
Skipping Source actor due to time limit at clock = 43210.6788297557
-----------------------------
| Model.cleanup in progress |
-----------------------------
cleanup: agenda
cleanup: wait queues
coroutine counts = (9979419,9978751,9978415)
[ModelOptimizer] Fitness: 4.8522 | Elapsed: 101.31 sec
[ModelOptimizer] Evaluating parameters: VectorD(4.93420,	2.46710,	-1.03290,	2.47203,	1.48355)

======================================================================
TRAFFIC MODEL BUILDER SUMMARY
======================================================================
Network:      US-101-N-DonaldDoyle
Segments:     7
Lanes:        4
Junctions:    8
Ramps:        2
Sensors:      5
Mode:         PeMS Data-Driven
Car-Following: Gipps
ODE Solver:   Ballistic
Vmax:         35.0 m/s
======================================================================
Skipping Source actor due to time limit at clock = 43201.00125327633
Skipping Source actor due to time limit at clock = 43210.6788297557
-----------------------------
| Model.cleanup in progress |
-----------------------------
cleanup: agenda
cleanup: wait queues
coroutine counts = (10039176,10038504,10038166)
[ModelOptimizer] Fitness: 6.5036 | Elapsed: 74.68 sec
[ModelOptimizer] Evaluating parameters: VectorD(1.51332,	0.756661,	-2.74334,	1.01816,	0.628331)

======================================================================
TRAFFIC MODEL BUILDER SUMMARY
======================================================================
Network:      US-101-N-DonaldDoyle
Segments:     7
Lanes:        4
Junctions:    8
Ramps:        2
Sensors:      5
Mode:         PeMS Data-Driven
Car-Following: Gipps
ODE Solver:   Ballistic
Vmax:         35.0 m/s
======================================================================
Skipping Source actor due to time limit at clock = 43201.00125327633
Skipping Source actor due to time limit at clock = 43210.6788297557
-----------------------------
| Model.cleanup in progress |
-----------------------------
cleanup: agenda
cleanup: wait queues
coroutine counts = (10098933,10098257,10097917)
[ModelOptimizer] Fitness: 5.1043 | Elapsed: 126.56 sec
      14 |      1.71976118 |      1.71976118 |       3.5% ✓
[ModelOptimizer] Evaluating parameters: VectorD(5.27265,	1.55643,	-4.37526,	2.18684,	2.35848)

======================================================================
TRAFFIC MODEL BUILDER SUMMARY
======================================================================
Network:      US-101-N-DonaldDoyle
Segments:     7
Lanes:        4
Junctions:    8
Ramps:        2
Sensors:      5
Mode:         PeMS Data-Driven
Car-Following: Gipps
ODE Solver:   Ballistic
Vmax:         35.0 m/s
======================================================================
Skipping Source actor due to time limit at clock = 43201.00125327633
Skipping Source actor due to time limit at clock = 43210.6788297557
-----------------------------
| Model.cleanup in progress |
-----------------------------
cleanup: agenda
cleanup: wait queues
coroutine counts = (10158690,10158010,10157668)
[ModelOptimizer] Fitness: 2.1407 | Elapsed: 61.52 sec
[ModelOptimizer] Evaluating parameters: VectorD(6.48444,	1.66761,	-5.08421,	3.00993,	2.56423)

======================================================================
TRAFFIC MODEL BUILDER SUMMARY
======================================================================
Network:      US-101-N-DonaldDoyle
Segments:     7
Lanes:        4
Junctions:    8
Ramps:        2
Sensors:      5
Mode:         PeMS Data-Driven
Car-Following: Gipps
ODE Solver:   Ballistic
Vmax:         35.0 m/s
======================================================================
Skipping Source actor due to time limit at clock = 43201.00125327633
Skipping Source actor due to time limit at clock = 43210.6788297557
-----------------------------
| Model.cleanup in progress |
-----------------------------
cleanup: agenda
cleanup: wait queues
coroutine counts = (10218447,10217763,10217419)
[ModelOptimizer] Fitness: 1.8071 | Elapsed: 65.04 sec
[ModelOptimizer] Evaluating parameters: VectorD(5.58927,	1.61329,	-4.70847,	2.95357,	2.70810)

======================================================================
TRAFFIC MODEL BUILDER SUMMARY
======================================================================
Network:      US-101-N-DonaldDoyle
Segments:     7
Lanes:        4
Junctions:    8
Ramps:        2
Sensors:      5
Mode:         PeMS Data-Driven
Car-Following: Gipps
ODE Solver:   Ballistic
Vmax:         35.0 m/s
======================================================================
Skipping Source actor due to time limit at clock = 43201.00125327633
Skipping Source actor due to time limit at clock = 43210.6788297557
-----------------------------
| Model.cleanup in progress |
-----------------------------
cleanup: agenda
cleanup: wait queues
coroutine counts = (10278204,10277516,10277170)
[ModelOptimizer] Fitness: 1.8104 | Elapsed: 61.10 sec
[ModelOptimizer] Evaluating parameters: VectorD(5.00274,	1.86934,	-4.54735,	2.37706,	1.65917)

======================================================================
TRAFFIC MODEL BUILDER SUMMARY
======================================================================
Network:      US-101-N-DonaldDoyle
Segments:     7
Lanes:        4
Junctions:    8
Ramps:        2
Sensors:      5
Mode:         PeMS Data-Driven
Car-Following: Gipps
ODE Solver:   Ballistic
Vmax:         35.0 m/s
======================================================================
Skipping Source actor due to time limit at clock = 43201.00125327633
Skipping Source actor due to time limit at clock = 43210.6788297557
-----------------------------
| Model.cleanup in progress |
-----------------------------
cleanup: agenda
cleanup: wait queues
coroutine counts = (10337961,10337269,10336921)
[ModelOptimizer] Fitness: 2.7797 | Elapsed: 72.64 sec
[ModelOptimizer] Evaluating parameters: VectorD(3.64797,	1.89433,	-4.32859,	2.18565,	2.28495)

======================================================================
TRAFFIC MODEL BUILDER SUMMARY
======================================================================
Network:      US-101-N-DonaldDoyle
Segments:     7
Lanes:        4
Junctions:    8
Ramps:        2
Sensors:      5
Mode:         PeMS Data-Driven
Car-Following: Gipps
ODE Solver:   Ballistic
Vmax:         35.0 m/s
======================================================================
Skipping Source actor due to time limit at clock = 43201.00125327633
Skipping Source actor due to time limit at clock = 43210.6788297557
-----------------------------
| Model.cleanup in progress |
-----------------------------
cleanup: agenda
cleanup: wait queues
coroutine counts = (10397718,10397022,10396672)
[ModelOptimizer] Fitness: 2.2578 | Elapsed: 58.43 sec
[ModelOptimizer] Evaluating parameters: VectorD(4.92678,	2.28586,	-5.14130,	1.21873,	2.18364)

======================================================================
TRAFFIC MODEL BUILDER SUMMARY
======================================================================
Network:      US-101-N-DonaldDoyle
Segments:     7
Lanes:        4
Junctions:    8
Ramps:        2
Sensors:      5
Mode:         PeMS Data-Driven
Car-Following: Gipps
ODE Solver:   Ballistic
Vmax:         35.0 m/s
======================================================================
Skipping Source actor due to time limit at clock = 43201.00125327633
Skipping Source actor due to time limit at clock = 43210.6788297557
-----------------------------
| Model.cleanup in progress |
-----------------------------
cleanup: agenda
cleanup: wait queues
coroutine counts = (10457475,10456775,10456423)
[ModelOptimizer] Fitness: 1.8941 | Elapsed: 62.22 sec
[ModelOptimizer] Evaluating parameters: VectorD(2.38021,	1.19010,	-2.30990,	1.38659,	0.845051)

======================================================================
TRAFFIC MODEL BUILDER SUMMARY
======================================================================
Network:      US-101-N-DonaldDoyle
Segments:     7
Lanes:        4
Junctions:    8
Ramps:        2
Sensors:      5
Mode:         PeMS Data-Driven
Car-Following: Gipps
ODE Solver:   Ballistic
Vmax:         35.0 m/s
======================================================================
Skipping Source actor due to time limit at clock = 43201.00125327633
Skipping Source actor due to time limit at clock = 43210.6788297557
-----------------------------
| Model.cleanup in progress |
-----------------------------
cleanup: agenda
cleanup: wait queues
coroutine counts = (10517232,10516528,10516174)
[ModelOptimizer] Fitness: 4.8913 | Elapsed: 104.76 sec
[ModelOptimizer] Evaluating parameters: VectorD(4.65195,	2.32598,	-1.17402,	2.35208,	1.41299)

======================================================================
TRAFFIC MODEL BUILDER SUMMARY
======================================================================
Network:      US-101-N-DonaldDoyle
Segments:     7
Lanes:        4
Junctions:    8
Ramps:        2
Sensors:      5
Mode:         PeMS Data-Driven
Car-Following: Gipps
ODE Solver:   Ballistic
Vmax:         35.0 m/s
======================================================================
Skipping Source actor due to time limit at clock = 43201.00125327633
Skipping Source actor due to time limit at clock = 43210.6788297557
-----------------------------
| Model.cleanup in progress |
-----------------------------
cleanup: agenda
cleanup: wait queues
coroutine counts = (10576989,10576281,10575925)
[ModelOptimizer] Fitness: 6.0628 | Elapsed: 92.13 sec
[ModelOptimizer] Evaluating parameters: VectorD(3.19460,	1.59730,	-1.90270,	1.73271,	1.04865)

======================================================================
TRAFFIC MODEL BUILDER SUMMARY
======================================================================
Network:      US-101-N-DonaldDoyle
Segments:     7
Lanes:        4
Junctions:    8
Ramps:        2
Sensors:      5
Mode:         PeMS Data-Driven
Car-Following: Gipps
ODE Solver:   Ballistic
Vmax:         35.0 m/s
======================================================================
Skipping Source actor due to time limit at clock = 43201.00125327633
Skipping Source actor due to time limit at clock = 43210.6788297557
-----------------------------
| Model.cleanup in progress |
-----------------------------
cleanup: agenda
cleanup: wait queues
coroutine counts = (10636746,10636034,10635676)
[ModelOptimizer] Fitness: 4.9260 | Elapsed: 90.18 sec
[ModelOptimizer] Evaluating parameters: VectorD(1.18182,	0.590909,	-2.90909,	0.877273,	0.545455)

======================================================================
TRAFFIC MODEL BUILDER SUMMARY
======================================================================
Network:      US-101-N-DonaldDoyle
Segments:     7
Lanes:        4
Junctions:    8
Ramps:        2
Sensors:      5
Mode:         PeMS Data-Driven
Car-Following: Gipps
ODE Solver:   Ballistic
Vmax:         35.0 m/s
======================================================================
Skipping Source actor due to time limit at clock = 43201.00125327633
Skipping Source actor due to time limit at clock = 43210.6788297557
-----------------------------
| Model.cleanup in progress |
-----------------------------
cleanup: agenda
cleanup: wait queues
coroutine counts = (10696503,10695787,10695427)
[ModelOptimizer] Fitness: 5.4349 | Elapsed: 157.63 sec
[ModelOptimizer] Evaluating parameters: VectorD(2.32447,	1.16224,	-2.33776,	1.36290,	0.831118)

======================================================================
TRAFFIC MODEL BUILDER SUMMARY
======================================================================
Network:      US-101-N-DonaldDoyle
Segments:     7
Lanes:        4
Junctions:    8
Ramps:        2
Sensors:      5
Mode:         PeMS Data-Driven
Car-Following: Gipps
ODE Solver:   Ballistic
Vmax:         35.0 m/s
======================================================================
Skipping Source actor due to time limit at clock = 43201.00125327633
Skipping Source actor due to time limit at clock = 43210.6788297557
-----------------------------
| Model.cleanup in progress |
-----------------------------
cleanup: agenda
cleanup: wait queues
coroutine counts = (10756260,10755540,10755178)
[ModelOptimizer] Fitness: 4.8935 | Elapsed: 100.98 sec
      15 |      1.71976118 |      1.71976118 |       3.8% ✓
[ModelOptimizer] Evaluating parameters: VectorD(5.02653,	2.00045,	-5.57791,	2.67863,	2.40942)

======================================================================
TRAFFIC MODEL BUILDER SUMMARY
======================================================================
Network:      US-101-N-DonaldDoyle
Segments:     7
Lanes:        4
Junctions:    8
Ramps:        2
Sensors:      5
Mode:         PeMS Data-Driven
Car-Following: Gipps
ODE Solver:   Ballistic
Vmax:         35.0 m/s
======================================================================
Skipping Source actor due to time limit at clock = 43201.00125327633
Skipping Source actor due to time limit at clock = 43210.6788297557
-----------------------------
| Model.cleanup in progress |
-----------------------------
cleanup: agenda
cleanup: wait queues
coroutine counts = (10816017,10815293,10814929)
[ModelOptimizer] Fitness: 1.7183 | Elapsed: 59.36 sec
[ModelOptimizer] Evaluating parameters: VectorD(5.97605,	1.57196,	-5.16497,	2.90628,	3.12064)

======================================================================
TRAFFIC MODEL BUILDER SUMMARY
======================================================================
Network:      US-101-N-DonaldDoyle
Segments:     7
Lanes:        4
Junctions:    8
Ramps:        2
Sensors:      5
Mode:         PeMS Data-Driven
Car-Following: Gipps
ODE Solver:   Ballistic
Vmax:         35.0 m/s
======================================================================
Skipping Source actor due to time limit at clock = 43201.00125327633
Skipping Source actor due to time limit at clock = 43210.6788297557
-----------------------------
| Model.cleanup in progress |
-----------------------------
cleanup: agenda
cleanup: wait queues
coroutine counts = (10875774,10875046,10874680)
[ModelOptimizer] Fitness: 1.7120 | Elapsed: 55.38 sec
[ModelOptimizer] Evaluating parameters: VectorD(5.97232,	1.42514,	-5.62146,	2.58119,	2.49872)

======================================================================
TRAFFIC MODEL BUILDER SUMMARY
======================================================================
Network:      US-101-N-DonaldDoyle
Segments:     7
Lanes:        4
Junctions:    8
Ramps:        2
Sensors:      5
Mode:         PeMS Data-Driven
Car-Following: Gipps
ODE Solver:   Ballistic
Vmax:         35.0 m/s
======================================================================
Skipping Source actor due to time limit at clock = 43201.00125327633
Skipping Source actor due to time limit at clock = 43210.6788297557
-----------------------------
| Model.cleanup in progress |
-----------------------------
cleanup: agenda
cleanup: wait queues
coroutine counts = (10935531,10934799,10934431)
[ModelOptimizer] Fitness: 1.7274 | Elapsed: 57.86 sec
[ModelOptimizer] Evaluating parameters: VectorD(4.58144,	1.59182,	-5.83329,	3.34658,	2.84803)

======================================================================
TRAFFIC MODEL BUILDER SUMMARY
======================================================================
Network:      US-101-N-DonaldDoyle
Segments:     7
Lanes:        4
Junctions:    8
Ramps:        2
Sensors:      5
Mode:         PeMS Data-Driven
Car-Following: Gipps
ODE Solver:   Ballistic
Vmax:         35.0 m/s
======================================================================
Skipping Source actor due to time limit at clock = 43201.00125327633
Skipping Source actor due to time limit at clock = 43210.6788297557
-----------------------------
| Model.cleanup in progress |
-----------------------------
cleanup: agenda
cleanup: wait queues
coroutine counts = (10995288,10994552,10994182)
[ModelOptimizer] Fitness: 1.7123 | Elapsed: 51.74 sec
[ModelOptimizer] Evaluating parameters: VectorD(4.14888,	1.37787,	-4.16351,	2.49606,	2.68387)

======================================================================
TRAFFIC MODEL BUILDER SUMMARY
======================================================================
Network:      US-101-N-DonaldDoyle
Segments:     7
Lanes:        4
Junctions:    8
Ramps:        2
Sensors:      5
Mode:         PeMS Data-Driven
Car-Following: Gipps
ODE Solver:   Ballistic
Vmax:         35.0 m/s
======================================================================
Skipping Source actor due to time limit at clock = 43201.00125327633
Skipping Source actor due to time limit at clock = 43210.6788297557
-----------------------------
| Model.cleanup in progress |
-----------------------------
cleanup: agenda
cleanup: wait queues
coroutine counts = (11055045,11054305,11053933)
[ModelOptimizer] Fitness: 2.0156 | Elapsed: 54.50 sec
[ModelOptimizer] Evaluating parameters: VectorD(5.75837,	1.59906,	-3.77268,	3.37664,	2.72801)

======================================================================
TRAFFIC MODEL BUILDER SUMMARY
======================================================================
Network:      US-101-N-DonaldDoyle
Segments:     7
Lanes:        4
Junctions:    8
Ramps:        2
Sensors:      5
Mode:         PeMS Data-Driven
Car-Following: Gipps
ODE Solver:   Ballistic
Vmax:         35.0 m/s
======================================================================
Skipping Source actor due to time limit at clock = 43201.00125327633
Skipping Source actor due to time limit at clock = 43210.6788297557
-----------------------------
| Model.cleanup in progress |
-----------------------------
cleanup: agenda
cleanup: wait queues
coroutine counts = (11114802,11114058,11113684)
[ModelOptimizer] Fitness: 2.1268 | Elapsed: 60.38 sec
[ModelOptimizer] Evaluating parameters: VectorD(4.92423,	2.46212,	-1.03788,	2.46780,	1.48106)

======================================================================
TRAFFIC MODEL BUILDER SUMMARY
======================================================================
Network:      US-101-N-DonaldDoyle
Segments:     7
Lanes:        4
Junctions:    8
Ramps:        2
Sensors:      5
Mode:         PeMS Data-Driven
Car-Following: Gipps
ODE Solver:   Ballistic
Vmax:         35.0 m/s
======================================================================
Skipping Source actor due to time limit at clock = 43201.00125327633
Skipping Source actor due to time limit at clock = 43210.6788297557
-----------------------------
| Model.cleanup in progress |
-----------------------------
cleanup: agenda
cleanup: wait queues
coroutine counts = (11174559,11173811,11173435)
[ModelOptimizer] Fitness: 6.5194 | Elapsed: 85.59 sec
[ModelOptimizer] Evaluating parameters: VectorD(3.64289,	1.82144,	-1.67856,	1.92323,	1.16072)

======================================================================
TRAFFIC MODEL BUILDER SUMMARY
======================================================================
Network:      US-101-N-DonaldDoyle
Segments:     7
Lanes:        4
Junctions:    8
Ramps:        2
Sensors:      5
Mode:         PeMS Data-Driven
Car-Following: Gipps
ODE Solver:   Ballistic
Vmax:         35.0 m/s
======================================================================
Skipping Source actor due to time limit at clock = 43201.00125327633
Skipping Source actor due to time limit at clock = 43210.6788297557
-----------------------------
| Model.cleanup in progress |
-----------------------------
cleanup: agenda
cleanup: wait queues
coroutine counts = (11234316,11233564,11233186)
[ModelOptimizer] Fitness: 5.1324 | Elapsed: 92.12 sec
[ModelOptimizer] Evaluating parameters: VectorD(3.07594,	1.53797,	-1.96203,	1.68227,	1.01898)

======================================================================
TRAFFIC MODEL BUILDER SUMMARY
======================================================================
Network:      US-101-N-DonaldDoyle
Segments:     7
Lanes:        4
Junctions:    8
Ramps:        2
Sensors:      5
Mode:         PeMS Data-Driven
Car-Following: Gipps
ODE Solver:   Ballistic
Vmax:         35.0 m/s
======================================================================
Skipping Source actor due to time limit at clock = 43201.00125327633
Skipping Source actor due to time limit at clock = 43210.6788297557
-----------------------------
| Model.cleanup in progress |
-----------------------------
cleanup: agenda
cleanup: wait queues
coroutine counts = (11294073,11293317,11292937)
[ModelOptimizer] Fitness: 4.8987 | Elapsed: 97.73 sec
[ModelOptimizer] Evaluating parameters: VectorD(1.87153,	0.935767,	-2.56423,	1.17040,	0.717884)

======================================================================
TRAFFIC MODEL BUILDER SUMMARY
======================================================================
Network:      US-101-N-DonaldDoyle
Segments:     7
Lanes:        4
Junctions:    8
Ramps:        2
Sensors:      5
Mode:         PeMS Data-Driven
Car-Following: Gipps
ODE Solver:   Ballistic
Vmax:         35.0 m/s
======================================================================
Skipping Source actor due to time limit at clock = 43201.00125327633
Skipping Source actor due to time limit at clock = 43210.6788297557
-----------------------------
| Model.cleanup in progress |
-----------------------------
cleanup: agenda
cleanup: wait queues
coroutine counts = (11353830,11353070,11352688)
[ModelOptimizer] Fitness: 4.9604 | Elapsed: 116.66 sec
[ModelOptimizer] Evaluating parameters: VectorD(3.59310,	1.79655,	-1.70345,	1.90207,	1.14828)

======================================================================
TRAFFIC MODEL BUILDER SUMMARY
======================================================================
Network:      US-101-N-DonaldDoyle
Segments:     7
Lanes:        4
Junctions:    8
Ramps:        2
Sensors:      5
Mode:         PeMS Data-Driven
Car-Following: Gipps
ODE Solver:   Ballistic
Vmax:         35.0 m/s
======================================================================
Skipping Source actor due to time limit at clock = 43201.00125327633
Skipping Source actor due to time limit at clock = 43210.6788297557
-----------------------------
| Model.cleanup in progress |
-----------------------------
cleanup: agenda
cleanup: wait queues
coroutine counts = (11413587,11412823,11412439)
[ModelOptimizer] Fitness: 5.0544 | Elapsed: 89.55 sec
      16 |      1.71203507 |      1.71203507 |       4.0% ✓
[ModelOptimizer] Evaluating parameters: VectorD(3.91184,	1.51399,	-4.36014,	3.34424,	2.96221)

======================================================================
TRAFFIC MODEL BUILDER SUMMARY
======================================================================
Network:      US-101-N-DonaldDoyle
Segments:     7
Lanes:        4
Junctions:    8
Ramps:        2
Sensors:      5
Mode:         PeMS Data-Driven
Car-Following: Gipps
ODE Solver:   Ballistic
Vmax:         35.0 m/s
======================================================================
Skipping Source actor due to time limit at clock = 43201.00125327633
Skipping Source actor due to time limit at clock = 43210.6788297557
-----------------------------
| Model.cleanup in progress |
-----------------------------
cleanup: agenda
cleanup: wait queues
coroutine counts = (11473344,11472576,11472190)
[ModelOptimizer] Fitness: 1.8483 | Elapsed: 58.25 sec
[ModelOptimizer] Evaluating parameters: VectorD(6.49332,	1.83707,	-4.19238,	3.05395,	3.25475)

======================================================================
TRAFFIC MODEL BUILDER SUMMARY
======================================================================
Network:      US-101-N-DonaldDoyle
Segments:     7
Lanes:        4
Junctions:    8
Ramps:        2
Sensors:      5
Mode:         PeMS Data-Driven
Car-Following: Gipps
ODE Solver:   Ballistic
Vmax:         35.0 m/s
======================================================================
Skipping Source actor due to time limit at clock = 43201.00125327633
Skipping Source actor due to time limit at clock = 43210.6788297557
-----------------------------
| Model.cleanup in progress |
-----------------------------
cleanup: agenda
cleanup: wait queues
coroutine counts = (11533101,11532329,11531941)
[ModelOptimizer] Fitness: 1.7373 | Elapsed: 62.05 sec
[ModelOptimizer] Evaluating parameters: VectorD(5.11773,	1.30399,	-4.64487,	2.86873,	2.75833)

======================================================================
TRAFFIC MODEL BUILDER SUMMARY
======================================================================
Network:      US-101-N-DonaldDoyle
Segments:     7
Lanes:        4
Junctions:    8
Ramps:        2
Sensors:      5
Mode:         PeMS Data-Driven
Car-Following: Gipps
ODE Solver:   Ballistic
Vmax:         35.0 m/s
======================================================================
Skipping Source actor due to time limit at clock = 43201.00125327633
Skipping Source actor due to time limit at clock = 43210.6788297557
-----------------------------
| Model.cleanup in progress |
-----------------------------
cleanup: agenda
cleanup: wait queues
coroutine counts = (11592858,11592082,11591692)
[ModelOptimizer] Fitness: 1.8299 | Elapsed: 63.34 sec
[ModelOptimizer] Evaluating parameters: VectorD(4.86437,	1.95375,	-4.86034,	3.87718,	2.34894)

======================================================================
TRAFFIC MODEL BUILDER SUMMARY
======================================================================
Network:      US-101-N-DonaldDoyle
Segments:     7
Lanes:        4
Junctions:    8
Ramps:        2
Sensors:      5
Mode:         PeMS Data-Driven
Car-Following: Gipps
ODE Solver:   Ballistic
Vmax:         35.0 m/s
======================================================================
Skipping Source actor due to time limit at clock = 43201.00125327633
Skipping Source actor due to time limit at clock = 43210.6788297557
-----------------------------
| Model.cleanup in progress |
-----------------------------
cleanup: agenda
cleanup: wait queues
coroutine counts = (11652615,11651835,11651443)
[ModelOptimizer] Fitness: 1.8893 | Elapsed: 61.93 sec
[ModelOptimizer] Evaluating parameters: VectorD(5.50732,	1.80327,	-6.05446,	3.94775,	3.41267)

======================================================================
TRAFFIC MODEL BUILDER SUMMARY
======================================================================
Network:      US-101-N-DonaldDoyle
Segments:     7
Lanes:        4
Junctions:    8
Ramps:        2
Sensors:      5
Mode:         PeMS Data-Driven
Car-Following: Gipps
ODE Solver:   Ballistic
Vmax:         35.0 m/s
======================================================================
Skipping Source actor due to time limit at clock = 43201.00125327633
Skipping Source actor due to time limit at clock = 43210.6788297557
-----------------------------
| Model.cleanup in progress |
-----------------------------
cleanup: agenda
cleanup: wait queues
coroutine counts = (11712372,11711588,11711194)
[ModelOptimizer] Fitness: 1.7112 | Elapsed: 56.91 sec
[ModelOptimizer] Evaluating parameters: VectorD(5.08444,	1.69943,	-5.26173,	3.05447,	2.72753)

======================================================================
TRAFFIC MODEL BUILDER SUMMARY
======================================================================
Network:      US-101-N-DonaldDoyle
Segments:     7
Lanes:        4
Junctions:    8
Ramps:        2
Sensors:      5
Mode:         PeMS Data-Driven
Car-Following: Gipps
ODE Solver:   Ballistic
Vmax:         35.0 m/s
======================================================================
Skipping Source actor due to time limit at clock = 43201.00125327633
Skipping Source actor due to time limit at clock = 43210.6788297557
-----------------------------
| Model.cleanup in progress |
-----------------------------
cleanup: agenda
cleanup: wait queues
coroutine counts = (11772129,11771341,11770945)
[ModelOptimizer] Fitness: 1.7203 | Elapsed: 57.33 sec
[ModelOptimizer] Evaluating parameters: VectorD(1.40013,	0.700066,	-2.79993,	0.970056,	0.600033)

======================================================================
TRAFFIC MODEL BUILDER SUMMARY
======================================================================
Network:      US-101-N-DonaldDoyle
Segments:     7
Lanes:        4
Junctions:    8
Ramps:        2
Sensors:      5
Mode:         PeMS Data-Driven
Car-Following: Gipps
ODE Solver:   Ballistic
Vmax:         35.0 m/s
======================================================================
Skipping Source actor due to time limit at clock = 43201.00125327633
Skipping Source actor due to time limit at clock = 43210.6788297557
-----------------------------
| Model.cleanup in progress |
-----------------------------
cleanup: agenda
cleanup: wait queues
coroutine counts = (11831886,11831094,11830696)
[ModelOptimizer] Fitness: 5.2256 | Elapsed: 126.41 sec
[ModelOptimizer] Evaluating parameters: VectorD(3.47616,	1.73808,	-1.76192,	1.85237,	1.11904)

======================================================================
TRAFFIC MODEL BUILDER SUMMARY
======================================================================
Network:      US-101-N-DonaldDoyle
Segments:     7
Lanes:        4
Junctions:    8
Ramps:        2
Sensors:      5
Mode:         PeMS Data-Driven
Car-Following: Gipps
ODE Solver:   Ballistic
Vmax:         35.0 m/s
======================================================================
Skipping Source actor due to time limit at clock = 43201.00125327633
Skipping Source actor due to time limit at clock = 43210.6788297557
-----------------------------
| Model.cleanup in progress |
-----------------------------
cleanup: agenda
cleanup: wait queues
coroutine counts = (11891643,11890847,11890447)
[ModelOptimizer] Fitness: 5.0395 | Elapsed: 93.89 sec
[ModelOptimizer] Evaluating parameters: VectorD(1.82738,	0.913689,	-2.58631,	1.15164,	0.706844)

======================================================================
TRAFFIC MODEL BUILDER SUMMARY
======================================================================
Network:      US-101-N-DonaldDoyle
Segments:     7
Lanes:        4
Junctions:    8
Ramps:        2
Sensors:      5
Mode:         PeMS Data-Driven
Car-Following: Gipps
ODE Solver:   Ballistic
Vmax:         35.0 m/s
======================================================================
Skipping Source actor due to time limit at clock = 43201.00125327633
Skipping Source actor due to time limit at clock = 43210.6788297557
-----------------------------
| Model.cleanup in progress |
-----------------------------
cleanup: agenda
cleanup: wait queues
coroutine counts = (11951400,11950600,11950198)
[ModelOptimizer] Fitness: 4.9591 | Elapsed: 117.34 sec
[ModelOptimizer] Evaluating parameters: VectorD(3.36236,	1.68118,	-1.81882,	1.80400,	1.09059)

======================================================================
TRAFFIC MODEL BUILDER SUMMARY
======================================================================
Network:      US-101-N-DonaldDoyle
Segments:     7
Lanes:        4
Junctions:    8
Ramps:        2
Sensors:      5
Mode:         PeMS Data-Driven
Car-Following: Gipps
ODE Solver:   Ballistic
Vmax:         35.0 m/s
======================================================================
Skipping Source actor due to time limit at clock = 43201.00125327633
Skipping Source actor due to time limit at clock = 43210.6788297557
-----------------------------
| Model.cleanup in progress |
-----------------------------
cleanup: agenda
cleanup: wait queues
coroutine counts = (12011157,12010353,12009949)
[ModelOptimizer] Fitness: 4.9849 | Elapsed: 84.16 sec
[ModelOptimizer] Evaluating parameters: VectorD(3.09544,	1.54772,	-1.95228,	1.69056,	1.02386)

======================================================================
TRAFFIC MODEL BUILDER SUMMARY
======================================================================
Network:      US-101-N-DonaldDoyle
Segments:     7
Lanes:        4
Junctions:    8
Ramps:        2
Sensors:      5
Mode:         PeMS Data-Driven
Car-Following: Gipps
ODE Solver:   Ballistic
Vmax:         35.0 m/s
======================================================================
Skipping Source actor due to time limit at clock = 43201.00125327633
Skipping Source actor due to time limit at clock = 43210.6788297557
-----------------------------
| Model.cleanup in progress |
-----------------------------
cleanup: agenda
cleanup: wait queues
coroutine counts = (12070914,12070106,12069700)
[ModelOptimizer] Fitness: 4.9115 | Elapsed: 86.27 sec
      17 |      1.71115920 |      1.71115920 |       4.3% ✓
[ModelOptimizer] Evaluating parameters: VectorD(5.69600,	1.83546,	-5.04464,	3.76005,	2.85316)

======================================================================
TRAFFIC MODEL BUILDER SUMMARY
======================================================================
Network:      US-101-N-DonaldDoyle
Segments:     7
Lanes:        4
Junctions:    8
Ramps:        2
Sensors:      5
Mode:         PeMS Data-Driven
Car-Following: Gipps
ODE Solver:   Ballistic
Vmax:         35.0 m/s
======================================================================
Skipping Source actor due to time limit at clock = 43201.00125327633
Skipping Source actor due to time limit at clock = 43210.6788297557
-----------------------------
| Model.cleanup in progress |
-----------------------------
cleanup: agenda
cleanup: wait queues
coroutine counts = (12130671,12129859,12129451)
[ModelOptimizer] Fitness: 1.7300 | Elapsed: 60.42 sec
[ModelOptimizer] Evaluating parameters: VectorD(4.42015,	1.77356,	-7.03328,	4.05801,	3.48929)

======================================================================
TRAFFIC MODEL BUILDER SUMMARY
======================================================================
Network:      US-101-N-DonaldDoyle
Segments:     7
Lanes:        4
Junctions:    8
Ramps:        2
Sensors:      5
Mode:         PeMS Data-Driven
Car-Following: Gipps
ODE Solver:   Ballistic
Vmax:         35.0 m/s
======================================================================
Skipping Source actor due to time limit at clock = 43201.00125327633
Skipping Source actor due to time limit at clock = 43210.6788297557
-----------------------------
| Model.cleanup in progress |
-----------------------------
cleanup: agenda
cleanup: wait queues
coroutine counts = (12190428,12189612,12189202)
[ModelOptimizer] Fitness: 1.7113 | Elapsed: 52.87 sec
[ModelOptimizer] Evaluating parameters: VectorD(5.07978,	1.97696,	-5.47923,	2.43149,	2.60500)

======================================================================
TRAFFIC MODEL BUILDER SUMMARY
======================================================================
Network:      US-101-N-DonaldDoyle
Segments:     7
Lanes:        4
Junctions:    8
Ramps:        2
Sensors:      5
Mode:         PeMS Data-Driven
Car-Following: Gipps
ODE Solver:   Ballistic
Vmax:         35.0 m/s
======================================================================
Skipping Source actor due to time limit at clock = 43201.00125327633
Skipping Source actor due to time limit at clock = 43210.6788297557
-----------------------------
| Model.cleanup in progress |
-----------------------------
cleanup: agenda
cleanup: wait queues
coroutine counts = (12250185,12249365,12248953)
[ModelOptimizer] Fitness: 1.7521 | Elapsed: 65.16 sec
[ModelOptimizer] Evaluating parameters: VectorD(4.39208,	1.83121,	-4.22568,	2.96634,	3.01498)

======================================================================
TRAFFIC MODEL BUILDER SUMMARY
======================================================================
Network:      US-101-N-DonaldDoyle
Segments:     7
Lanes:        4
Junctions:    8
Ramps:        2
Sensors:      5
Mode:         PeMS Data-Driven
Car-Following: Gipps
ODE Solver:   Ballistic
Vmax:         35.0 m/s
======================================================================
Skipping Source actor due to time limit at clock = 43201.00125327633
Skipping Source actor due to time limit at clock = 43210.6788297557
-----------------------------
| Model.cleanup in progress |
-----------------------------
cleanup: agenda
cleanup: wait queues
coroutine counts = (12309942,12309118,12308704)
[ModelOptimizer] Fitness: 1.7937 | Elapsed: 65.19 sec
[ModelOptimizer] Evaluating parameters: VectorD(4.22253,	1.65354,	-5.82727,	2.84170,	2.62889)

======================================================================
TRAFFIC MODEL BUILDER SUMMARY
======================================================================
Network:      US-101-N-DonaldDoyle
Segments:     7
Lanes:        4
Junctions:    8
Ramps:        2
Sensors:      5
Mode:         PeMS Data-Driven
Car-Following: Gipps
ODE Solver:   Ballistic
Vmax:         35.0 m/s
======================================================================
Skipping Source actor due to time limit at clock = 43201.00125327633
Skipping Source actor due to time limit at clock = 43210.6788297557
-----------------------------
| Model.cleanup in progress |
-----------------------------
cleanup: agenda
cleanup: wait queues
coroutine counts = (12369699,12368871,12368455)
[ModelOptimizer] Fitness: 1.7151 | Elapsed: 63.07 sec
[ModelOptimizer] Evaluating parameters: VectorD(4.62537,	1.66161,	-6.01867,	3.00911,	2.80128)

======================================================================
TRAFFIC MODEL BUILDER SUMMARY
======================================================================
Network:      US-101-N-DonaldDoyle
Segments:     7
Lanes:        4
Junctions:    8
Ramps:        2
Sensors:      5
Mode:         PeMS Data-Driven
Car-Following: Gipps
ODE Solver:   Ballistic
Vmax:         35.0 m/s
======================================================================
Skipping Source actor due to time limit at clock = 43201.00125327633
Skipping Source actor due to time limit at clock = 43210.6788297557
-----------------------------
| Model.cleanup in progress |
-----------------------------
cleanup: agenda
cleanup: wait queues
coroutine counts = (12429456,12428624,12428205)
[ModelOptimizer] Fitness: 1.7122 | Elapsed: 55.32 sec
[ModelOptimizer] Evaluating parameters: VectorD(2.32539,	1.16269,	-2.33731,	1.36329,	0.831346)

======================================================================
TRAFFIC MODEL BUILDER SUMMARY
======================================================================
Network:      US-101-N-DonaldDoyle
Segments:     7
Lanes:        4
Junctions:    8
Ramps:        2
Sensors:      5
Mode:         PeMS Data-Driven
Car-Following: Gipps
ODE Solver:   Ballistic
Vmax:         35.0 m/s
======================================================================
Skipping Source actor due to time limit at clock = 43201.00125327633
Skipping Source actor due to time limit at clock = 43210.6788297557
-----------------------------
| Model.cleanup in progress |
-----------------------------
cleanup: agenda
cleanup: wait queues
coroutine counts = (12489213,12488377,12487956)
[ModelOptimizer] Fitness: 4.9011 | Elapsed: 98.34 sec
[ModelOptimizer] Evaluating parameters: VectorD(2.09259,	1.04630,	-2.45370,	1.26435,	0.773148)

======================================================================
TRAFFIC MODEL BUILDER SUMMARY
======================================================================
Network:      US-101-N-DonaldDoyle
Segments:     7
Lanes:        4
Junctions:    8
Ramps:        2
Sensors:      5
Mode:         PeMS Data-Driven
Car-Following: Gipps
ODE Solver:   Ballistic
Vmax:         35.0 m/s
======================================================================
Skipping Source actor due to time limit at clock = 43201.00125327633
Skipping Source actor due to time limit at clock = 43210.6788297557
-----------------------------
| Model.cleanup in progress |
-----------------------------
cleanup: agenda
cleanup: wait queues
coroutine counts = (12548970,12548130,12547707)
[ModelOptimizer] Fitness: 4.9229 | Elapsed: 114.02 sec
[ModelOptimizer] Evaluating parameters: VectorD(3.76879,	1.88440,	-1.61560,	1.97674,	1.19220)

======================================================================
TRAFFIC MODEL BUILDER SUMMARY
======================================================================
Network:      US-101-N-DonaldDoyle
Segments:     7
Lanes:        4
Junctions:    8
Ramps:        2
Sensors:      5
Mode:         PeMS Data-Driven
Car-Following: Gipps
ODE Solver:   Ballistic
Vmax:         35.0 m/s
======================================================================
Skipping Source actor due to time limit at clock = 43201.00125327633
Skipping Source actor due to time limit at clock = 43210.6788297557
-----------------------------
| Model.cleanup in progress |
-----------------------------
cleanup: agenda
cleanup: wait queues
coroutine counts = (12608727,12607883,12607458)
[ModelOptimizer] Fitness: 5.1560 | Elapsed: 93.63 sec
[ModelOptimizer] Evaluating parameters: VectorD(3.50527,	1.75264,	-1.74736,	1.86474,	1.12632)

======================================================================
TRAFFIC MODEL BUILDER SUMMARY
======================================================================
Network:      US-101-N-DonaldDoyle
Segments:     7
Lanes:        4
Junctions:    8
Ramps:        2
Sensors:      5
Mode:         PeMS Data-Driven
Car-Following: Gipps
ODE Solver:   Ballistic
Vmax:         35.0 m/s
======================================================================
Skipping Source actor due to time limit at clock = 43201.00125327633
Skipping Source actor due to time limit at clock = 43210.6788297557
-----------------------------
| Model.cleanup in progress |
-----------------------------
cleanup: agenda
cleanup: wait queues
coroutine counts = (12668484,12667636,12667209)
[ModelOptimizer] Fitness: 5.0281 | Elapsed: 98.35 sec
[ModelOptimizer] Evaluating parameters: VectorD(2.74108,	1.37054,	-2.12946,	1.53996,	0.935269)

======================================================================
TRAFFIC MODEL BUILDER SUMMARY
======================================================================
Network:      US-101-N-DonaldDoyle
Segments:     7
Lanes:        4
Junctions:    8
Ramps:        2
Sensors:      5
Mode:         PeMS Data-Driven
Car-Following: Gipps
ODE Solver:   Ballistic
Vmax:         35.0 m/s
======================================================================
Skipping Source actor due to time limit at clock = 43201.00125327633
Skipping Source actor due to time limit at clock = 43210.6788297557
-----------------------------
| Model.cleanup in progress |
-----------------------------
cleanup: agenda
cleanup: wait queues
coroutine counts = (12728241,12727389,12726960)
[ModelOptimizer] Fitness: 4.8514 | Elapsed: 106.41 sec
      18 |      1.71115920 |      1.71115920 |       4.5% ✓
[ModelOptimizer] Evaluating parameters: VectorD(6.43175,	1.67495,	-5.42513,	4.03763,	3.54492)

======================================================================
TRAFFIC MODEL BUILDER SUMMARY
======================================================================
Network:      US-101-N-DonaldDoyle
Segments:     7
Lanes:        4
Junctions:    8
Ramps:        2
Sensors:      5
Mode:         PeMS Data-Driven
Car-Following: Gipps
ODE Solver:   Ballistic
Vmax:         35.0 m/s
======================================================================
Skipping Source actor due to time limit at clock = 43201.00125327633
Skipping Source actor due to time limit at clock = 43210.6788297557
-----------------------------
| Model.cleanup in progress |
-----------------------------
cleanup: agenda
cleanup: wait queues
coroutine counts = (12787998,12787142,12786711)
[ModelOptimizer] Fitness: 1.7104 | Elapsed: 59.43 sec
[ModelOptimizer] Evaluating parameters: VectorD(6.38144,	1.86309,	-4.91817,	4.01497,	3.17881)

======================================================================
TRAFFIC MODEL BUILDER SUMMARY
======================================================================
Network:      US-101-N-DonaldDoyle
Segments:     7
Lanes:        4
Junctions:    8
Ramps:        2
Sensors:      5
Mode:         PeMS Data-Driven
Car-Following: Gipps
ODE Solver:   Ballistic
Vmax:         35.0 m/s
======================================================================
Skipping Source actor due to time limit at clock = 43201.00125327633
Skipping Source actor due to time limit at clock = 43210.6788297557
-----------------------------
| Model.cleanup in progress |
-----------------------------
cleanup: agenda
cleanup: wait queues
coroutine counts = (12847755,12846895,12846462)
[ModelOptimizer] Fitness: 1.7119 | Elapsed: 56.73 sec
[ModelOptimizer] Evaluating parameters: VectorD(3.99563,	1.36258,	-5.11485,	3.00558,	2.37582)

======================================================================
TRAFFIC MODEL BUILDER SUMMARY
======================================================================
Network:      US-101-N-DonaldDoyle
Segments:     7
Lanes:        4
Junctions:    8
Ramps:        2
Sensors:      5
Mode:         PeMS Data-Driven
Car-Following: Gipps
ODE Solver:   Ballistic
Vmax:         35.0 m/s
======================================================================
Skipping Source actor due to time limit at clock = 43201.00125327633
Skipping Source actor due to time limit at clock = 43210.6788297557
-----------------------------
| Model.cleanup in progress |
-----------------------------
cleanup: agenda
cleanup: wait queues
coroutine counts = (12907512,12906648,12906213)
[ModelOptimizer] Fitness: 1.8015 | Elapsed: 61.51 sec
[ModelOptimizer] Evaluating parameters: VectorD(4.56944,	1.70528,	-6.22789,	3.53647,	3.31345)

======================================================================
TRAFFIC MODEL BUILDER SUMMARY
======================================================================
Network:      US-101-N-DonaldDoyle
Segments:     7
Lanes:        4
Junctions:    8
Ramps:        2
Sensors:      5
Mode:         PeMS Data-Driven
Car-Following: Gipps
ODE Solver:   Ballistic
Vmax:         35.0 m/s
======================================================================
Skipping Source actor due to time limit at clock = 43201.00125327633
Skipping Source actor due to time limit at clock = 43210.6788297557
-----------------------------
| Model.cleanup in progress |
-----------------------------
cleanup: agenda
cleanup: wait queues
coroutine counts = (12967269,12966401,12965964)
[ModelOptimizer] Fitness: 1.7095 | Elapsed: 55.80 sec
[ModelOptimizer] Evaluating parameters: VectorD(5.17288,	1.69670,	-8.19093,	3.27892,	3.18069)

======================================================================
TRAFFIC MODEL BUILDER SUMMARY
======================================================================
Network:      US-101-N-DonaldDoyle
Segments:     7
Lanes:        4
Junctions:    8
Ramps:        2
Sensors:      5
Mode:         PeMS Data-Driven
Car-Following: Gipps
ODE Solver:   Ballistic
Vmax:         35.0 m/s
======================================================================
Skipping Source actor due to time limit at clock = 43201.00125327633
Skipping Source actor due to time limit at clock = 43210.6788297557
-----------------------------
| Model.cleanup in progress |
-----------------------------
cleanup: agenda
cleanup: wait queues
coroutine counts = (13027026,13026154,13025715)
[ModelOptimizer] Fitness: 1.7116 | Elapsed: 53.10 sec
[ModelOptimizer] Evaluating parameters: VectorD(6.91038,	1.55780,	-4.36893,	3.44512,	2.27553)

======================================================================
TRAFFIC MODEL BUILDER SUMMARY
======================================================================
Network:      US-101-N-DonaldDoyle
Segments:     7
Lanes:        4
Junctions:    8
Ramps:        2
Sensors:      5
Mode:         PeMS Data-Driven
Car-Following: Gipps
ODE Solver:   Ballistic
Vmax:         35.0 m/s
======================================================================
Skipping Source actor due to time limit at clock = 43201.00125327633
Skipping Source actor due to time limit at clock = 43210.6788297557
-----------------------------
| Model.cleanup in progress |
-----------------------------
cleanup: agenda
cleanup: wait queues
coroutine counts = (13086783,13085907,13085466)
[ModelOptimizer] Fitness: 2.3218 | Elapsed: 56.51 sec
[ModelOptimizer] Evaluating parameters: VectorD(3.40965,	1.70482,	-1.79518,	1.82410,	1.10241)

======================================================================
TRAFFIC MODEL BUILDER SUMMARY
======================================================================
Network:      US-101-N-DonaldDoyle
Segments:     7
Lanes:        4
Junctions:    8
Ramps:        2
Sensors:      5
Mode:         PeMS Data-Driven
Car-Following: Gipps
ODE Solver:   Ballistic
Vmax:         35.0 m/s
======================================================================
Skipping Source actor due to time limit at clock = 43201.00125327633
Skipping Source actor due to time limit at clock = 43210.6788297557
-----------------------------
| Model.cleanup in progress |
-----------------------------
cleanup: agenda
cleanup: wait queues
coroutine counts = (13146540,13145660,13145217)
[ModelOptimizer] Fitness: 5.0090 | Elapsed: 94.51 sec
[ModelOptimizer] Evaluating parameters: VectorD(3.88504,	1.94252,	-1.55748,	2.02614,	1.22126)

======================================================================
TRAFFIC MODEL BUILDER SUMMARY
======================================================================
Network:      US-101-N-DonaldDoyle
Segments:     7
Lanes:        4
Junctions:    8
Ramps:        2
Sensors:      5
Mode:         PeMS Data-Driven
Car-Following: Gipps
ODE Solver:   Ballistic
Vmax:         35.0 m/s
======================================================================
Skipping Source actor due to time limit at clock = 43201.00125327633
Skipping Source actor due to time limit at clock = 43210.6788297557
-----------------------------
| Model.cleanup in progress |
-----------------------------
cleanup: agenda
cleanup: wait queues
coroutine counts = (13206297,13205413,13204968)
[ModelOptimizer] Fitness: 5.2814 | Elapsed: 91.93 sec
[ModelOptimizer] Evaluating parameters: VectorD(3.28659,	1.64329,	-1.85671,	1.77180,	1.07165)

======================================================================
TRAFFIC MODEL BUILDER SUMMARY
======================================================================
Network:      US-101-N-DonaldDoyle
Segments:     7
Lanes:        4
Junctions:    8
Ramps:        2
Sensors:      5
Mode:         PeMS Data-Driven
Car-Following: Gipps
ODE Solver:   Ballistic
Vmax:         35.0 m/s
======================================================================
Skipping Source actor due to time limit at clock = 43201.00125327633
Skipping Source actor due to time limit at clock = 43210.6788297557
-----------------------------
| Model.cleanup in progress |
-----------------------------
cleanup: agenda
cleanup: wait queues
coroutine counts = (13266054,13265166,13264719)
[ModelOptimizer] Fitness: 4.9379 | Elapsed: 95.58 sec
[ModelOptimizer] Evaluating parameters: VectorD(2.43912,	1.21956,	-2.28044,	1.41163,	0.859780)

======================================================================
TRAFFIC MODEL BUILDER SUMMARY
======================================================================
Network:      US-101-N-DonaldDoyle
Segments:     7
Lanes:        4
Junctions:    8
Ramps:        2
Sensors:      5
Mode:         PeMS Data-Driven
Car-Following: Gipps
ODE Solver:   Ballistic
Vmax:         35.0 m/s
======================================================================
Skipping Source actor due to time limit at clock = 43201.00125327633
Skipping Source actor due to time limit at clock = 43210.6788297557
-----------------------------
| Model.cleanup in progress |
-----------------------------
cleanup: agenda
cleanup: wait queues
coroutine counts = (13325811,13324919,13324470)
[ModelOptimizer] Fitness: 4.8772 | Elapsed: 103.51 sec
[ModelOptimizer] Evaluating parameters: VectorD(3.74349,	1.87174,	-1.62826,	1.96598,	1.18587)

======================================================================
TRAFFIC MODEL BUILDER SUMMARY
======================================================================
Network:      US-101-N-DonaldDoyle
Segments:     7
Lanes:        4
Junctions:    8
Ramps:        2
Sensors:      5
Mode:         PeMS Data-Driven
Car-Following: Gipps
ODE Solver:   Ballistic
Vmax:         35.0 m/s
======================================================================
Skipping Source actor due to time limit at clock = 43201.00125327633
Skipping Source actor due to time limit at clock = 43210.6788297557
-----------------------------
| Model.cleanup in progress |
-----------------------------
cleanup: agenda
cleanup: wait queues
coroutine counts = (13385568,13384672,13384221)
[ModelOptimizer] Fitness: 5.1461 | Elapsed: 89.70 sec
      19 |      1.70949854 |      1.70949854 |       4.8% ✓
[ModelOptimizer] Evaluating parameters: VectorD(4.58380,	1.72127,	-6.42543,	4.18418,	3.51519)

======================================================================
TRAFFIC MODEL BUILDER SUMMARY
======================================================================
Network:      US-101-N-DonaldDoyle
Segments:     7
Lanes:        4
Junctions:    8
Ramps:        2
Sensors:      5
Mode:         PeMS Data-Driven
Car-Following: Gipps
ODE Solver:   Ballistic
Vmax:         35.0 m/s
======================================================================
Skipping Source actor due to time limit at clock = 43201.00125327633
Skipping Source actor due to time limit at clock = 43210.6788297557
-----------------------------
| Model.cleanup in progress |
-----------------------------
cleanup: agenda
cleanup: wait queues
coroutine counts = (13445325,13444425,13443972)
[ModelOptimizer] Fitness: 1.7108 | Elapsed: 56.46 sec
[ModelOptimizer] Evaluating parameters: VectorD(5.95509,	1.68352,	-6.84127,	4.40080,	4.07152)

======================================================================
TRAFFIC MODEL BUILDER SUMMARY
======================================================================
Network:      US-101-N-DonaldDoyle
Segments:     7
Lanes:        4
Junctions:    8
Ramps:        2
Sensors:      5
Mode:         PeMS Data-Driven
Car-Following: Gipps
ODE Solver:   Ballistic
Vmax:         35.0 m/s
======================================================================
Skipping Source actor due to time limit at clock = 43201.00125327633
Skipping Source actor due to time limit at clock = 43210.6788297557
-----------------------------
| Model.cleanup in progress |
-----------------------------
cleanup: agenda
cleanup: wait queues
coroutine counts = (13505082,13504178,13503723)
[ModelOptimizer] Fitness: 1.7109 | Elapsed: 57.55 sec
[ModelOptimizer] Evaluating parameters: VectorD(4.83903,	1.52378,	-6.94297,	3.94426,	2.89844)

======================================================================
TRAFFIC MODEL BUILDER SUMMARY
======================================================================
Network:      US-101-N-DonaldDoyle
Segments:     7
Lanes:        4
Junctions:    8
Ramps:        2
Sensors:      5
Mode:         PeMS Data-Driven
Car-Following: Gipps
ODE Solver:   Ballistic
Vmax:         35.0 m/s
======================================================================
Skipping Source actor due to time limit at clock = 43201.00125327633
Skipping Source actor due to time limit at clock = 43210.6788297557
-----------------------------
| Model.cleanup in progress |
-----------------------------
cleanup: agenda
cleanup: wait queues
coroutine counts = (13564839,13563931,13563474)
[ModelOptimizer] Fitness: 1.7104 | Elapsed: 63.64 sec
[ModelOptimizer] Evaluating parameters: VectorD(6.56243,	1.62161,	-4.84050,	3.31597,	3.86024)

======================================================================
TRAFFIC MODEL BUILDER SUMMARY
======================================================================
Network:      US-101-N-DonaldDoyle
Segments:     7
Lanes:        4
Junctions:    8
Ramps:        2
Sensors:      5
Mode:         PeMS Data-Driven
Car-Following: Gipps
ODE Solver:   Ballistic
Vmax:         35.0 m/s
======================================================================
Skipping Source actor due to time limit at clock = 43201.00125327633
Skipping Source actor due to time limit at clock = 43210.6788297557
-----------------------------
| Model.cleanup in progress |
-----------------------------
cleanup: agenda
cleanup: wait queues
coroutine counts = (13624596,13623684,13623225)
[ModelOptimizer] Fitness: 1.7103 | Elapsed: 63.94 sec
[ModelOptimizer] Evaluating parameters: VectorD(4.79862,	1.83945,	-6.11092,	3.75352,	2.84501)

======================================================================
TRAFFIC MODEL BUILDER SUMMARY
======================================================================
Network:      US-101-N-DonaldDoyle
Segments:     7
Lanes:        4
Junctions:    8
Ramps:        2
Sensors:      5
Mode:         PeMS Data-Driven
Car-Following: Gipps
ODE Solver:   Ballistic
Vmax:         35.0 m/s
======================================================================
Skipping Source actor due to time limit at clock = 43201.00125327633
Skipping Source actor due to time limit at clock = 43210.6788297557
-----------------------------
| Model.cleanup in progress |
-----------------------------
cleanup: agenda
cleanup: wait queues
coroutine counts = (13684353,13683437,13682976)
[ModelOptimizer] Fitness: 1.7124 | Elapsed: 62.93 sec
[ModelOptimizer] Evaluating parameters: VectorD(5.86885,	1.47651,	-5.43318,	4.38330,	3.98444)

======================================================================
TRAFFIC MODEL BUILDER SUMMARY
======================================================================
Network:      US-101-N-DonaldDoyle
Segments:     7
Lanes:        4
Junctions:    8
Ramps:        2
Sensors:      5
Mode:         PeMS Data-Driven
Car-Following: Gipps
ODE Solver:   Ballistic
Vmax:         35.0 m/s
======================================================================
Skipping Source actor due to time limit at clock = 43201.00125327633
Skipping Source actor due to time limit at clock = 43210.6788297557
-----------------------------
| Model.cleanup in progress |
-----------------------------
cleanup: agenda
cleanup: wait queues
coroutine counts = (13744110,13743190,13742727)
[ModelOptimizer] Fitness: 1.7110 | Elapsed: 58.18 sec
[ModelOptimizer] Evaluating parameters: VectorD(4.32702,	2.16351,	-1.33649,	2.21398,	1.33175)

======================================================================
TRAFFIC MODEL BUILDER SUMMARY
======================================================================
Network:      US-101-N-DonaldDoyle
Segments:     7
Lanes:        4
Junctions:    8
Ramps:        2
Sensors:      5
Mode:         PeMS Data-Driven
Car-Following: Gipps
ODE Solver:   Ballistic
Vmax:         35.0 m/s
======================================================================
Skipping Source actor due to time limit at clock = 43201.00125327633
Skipping Source actor due to time limit at clock = 43210.6788297557
-----------------------------
| Model.cleanup in progress |
-----------------------------
cleanup: agenda
cleanup: wait queues
coroutine counts = (13803867,13802943,13802478)
[ModelOptimizer] Fitness: 5.6099 | Elapsed: 91.88 sec
[ModelOptimizer] Evaluating parameters: VectorD(3.69365,	1.84683,	-1.65317,	1.94480,	1.17341)

======================================================================
TRAFFIC MODEL BUILDER SUMMARY
======================================================================
Network:      US-101-N-DonaldDoyle
Segments:     7
Lanes:        4
Junctions:    8
Ramps:        2
Sensors:      5
Mode:         PeMS Data-Driven
Car-Following: Gipps
ODE Solver:   Ballistic
Vmax:         35.0 m/s
======================================================================
Skipping Source actor due to time limit at clock = 43201.00125327633
Skipping Source actor due to time limit at clock = 43210.6788297557
-----------------------------
| Model.cleanup in progress |
-----------------------------
cleanup: agenda
cleanup: wait queues
coroutine counts = (13863624,13862696,13862229)
[ModelOptimizer] Fitness: 5.1367 | Elapsed: 94.00 sec
[ModelOptimizer] Evaluating parameters: VectorD(4.07608,	2.03804,	-1.46196,	2.10733,	1.26902)

======================================================================
TRAFFIC MODEL BUILDER SUMMARY
======================================================================
Network:      US-101-N-DonaldDoyle
Segments:     7
Lanes:        4
Junctions:    8
Ramps:        2
Sensors:      5
Mode:         PeMS Data-Driven
Car-Following: Gipps
ODE Solver:   Ballistic
Vmax:         35.0 m/s
======================================================================
Skipping Source actor due to time limit at clock = 43201.00125327633
Skipping Source actor due to time limit at clock = 43210.6788297557
-----------------------------
| Model.cleanup in progress |
-----------------------------
cleanup: agenda
cleanup: wait queues
coroutine counts = (13923381,13922449,13921980)
[ModelOptimizer] Fitness: 5.3808 | Elapsed: 81.06 sec
[ModelOptimizer] Evaluating parameters: VectorD(2.02057,	1.01028,	-2.48972,	1.23374,	0.755142)

======================================================================
TRAFFIC MODEL BUILDER SUMMARY
======================================================================
Network:      US-101-N-DonaldDoyle
Segments:     7
Lanes:        4
Junctions:    8
Ramps:        2
Sensors:      5
Mode:         PeMS Data-Driven
Car-Following: Gipps
ODE Solver:   Ballistic
Vmax:         35.0 m/s
======================================================================
Skipping Source actor due to time limit at clock = 43201.00125327633
Skipping Source actor due to time limit at clock = 43210.6788297557
-----------------------------
| Model.cleanup in progress |
-----------------------------
cleanup: agenda
cleanup: wait queues
coroutine counts = (13983138,13982202,13981731)
[ModelOptimizer] Fitness: 4.9488 | Elapsed: 121.53 sec
[ModelOptimizer] Evaluating parameters: VectorD(1.10450,	0.552248,	-2.94775,	0.844410,	0.526124)

======================================================================
TRAFFIC MODEL BUILDER SUMMARY
======================================================================
Network:      US-101-N-DonaldDoyle
Segments:     7
Lanes:        4
Junctions:    8
Ramps:        2
Sensors:      5
Mode:         PeMS Data-Driven
Car-Following: Gipps
ODE Solver:   Ballistic
Vmax:         35.0 m/s
======================================================================
Skipping Source actor due to time limit at clock = 43201.00125327633
Skipping Source actor due to time limit at clock = 43210.6788297557
-----------------------------
| Model.cleanup in progress |
-----------------------------
cleanup: agenda
cleanup: wait queues
coroutine counts = (14042895,14041955,14041482)
[ModelOptimizer] Fitness: 5.5603 | Elapsed: 140.49 sec
      20 |      1.70949854 |      1.70949854 |       5.0% ✓
[ModelOptimizer] Evaluating parameters: VectorD(4.83184,	1.96518,	-5.48373,	3.06137,	3.55881)

======================================================================
TRAFFIC MODEL BUILDER SUMMARY
======================================================================
Network:      US-101-N-DonaldDoyle
Segments:     7
Lanes:        4
Junctions:    8
Ramps:        2
Sensors:      5
Mode:         PeMS Data-Driven
Car-Following: Gipps
ODE Solver:   Ballistic
Vmax:         35.0 m/s
======================================================================
Skipping Source actor due to time limit at clock = 43201.00125327633
Skipping Source actor due to time limit at clock = 43210.6788297557
-----------------------------
| Model.cleanup in progress |
-----------------------------
cleanup: agenda
cleanup: wait queues
coroutine counts = (14102652,14101708,14101233)
[ModelOptimizer] Fitness: 1.7099 | Elapsed: 58.44 sec
[ModelOptimizer] Evaluating parameters: VectorD(4.33586,	1.75555,	-6.42701,	3.17001,	3.58970)

======================================================================
TRAFFIC MODEL BUILDER SUMMARY
======================================================================
Network:      US-101-N-DonaldDoyle
Segments:     7
Lanes:        4
Junctions:    8
Ramps:        2
Sensors:      5
Mode:         PeMS Data-Driven
Car-Following: Gipps
ODE Solver:   Ballistic
Vmax:         35.0 m/s
======================================================================
Skipping Source actor due to time limit at clock = 43201.00125327633
Skipping Source actor due to time limit at clock = 43210.6788297557
-----------------------------
| Model.cleanup in progress |
-----------------------------
cleanup: agenda
cleanup: wait queues
coroutine counts = (14162409,14161461,14160984)
[ModelOptimizer] Fitness: 1.7097 | Elapsed: 52.90 sec
[ModelOptimizer] Evaluating parameters: VectorD(4.33632,	1.85135,	-5.17233,	3.49920,	2.97251)

======================================================================
TRAFFIC MODEL BUILDER SUMMARY
======================================================================
Network:      US-101-N-DonaldDoyle
Segments:     7
Lanes:        4
Junctions:    8
Ramps:        2
Sensors:      5
Mode:         PeMS Data-Driven
Car-Following: Gipps
ODE Solver:   Ballistic
Vmax:         35.0 m/s
======================================================================
Skipping Source actor due to time limit at clock = 43201.00125327633
Skipping Source actor due to time limit at clock = 43210.6788297557
-----------------------------
| Model.cleanup in progress |
-----------------------------
cleanup: agenda
cleanup: wait queues
coroutine counts = (14222166,14221214,14220735)
[ModelOptimizer] Fitness: 1.7216 | Elapsed: 61.72 sec
[ModelOptimizer] Evaluating parameters: VectorD(5.64266,	1.93991,	-4.88482,	2.67652,	3.51605)

======================================================================
TRAFFIC MODEL BUILDER SUMMARY
======================================================================
Network:      US-101-N-DonaldDoyle
Segments:     7
Lanes:        4
Junctions:    8
Ramps:        2
Sensors:      5
Mode:         PeMS Data-Driven
Car-Following: Gipps
ODE Solver:   Ballistic
Vmax:         35.0 m/s
======================================================================
Skipping Source actor due to time limit at clock = 43201.00125327633
Skipping Source actor due to time limit at clock = 43210.6788297557
-----------------------------
| Model.cleanup in progress |
-----------------------------
cleanup: agenda
cleanup: wait queues
coroutine counts = (14281923,14280967,14280486)
[ModelOptimizer] Fitness: 1.7109 | Elapsed: 57.00 sec
[ModelOptimizer] Evaluating parameters: VectorD(6.45911,	1.74118,	-4.26603,	3.30007,	3.57638)

======================================================================
TRAFFIC MODEL BUILDER SUMMARY
======================================================================
Network:      US-101-N-DonaldDoyle
Segments:     7
Lanes:        4
Junctions:    8
Ramps:        2
Sensors:      5
Mode:         PeMS Data-Driven
Car-Following: Gipps
ODE Solver:   Ballistic
Vmax:         35.0 m/s
======================================================================
Skipping Source actor due to time limit at clock = 43201.00125327633
Skipping Source actor due to time limit at clock = 43210.6788297557
-----------------------------
| Model.cleanup in progress |
-----------------------------
cleanup: agenda
cleanup: wait queues
coroutine counts = (14341680,14340720,14340237)
[ModelOptimizer] Fitness: 1.7104 | Elapsed: 59.21 sec
[ModelOptimizer] Evaluating parameters: VectorD(5.73351,	1.71308,	-6.91607,	3.62320,	2.92912)

======================================================================
TRAFFIC MODEL BUILDER SUMMARY
======================================================================
Network:      US-101-N-DonaldDoyle
Segments:     7
Lanes:        4
Junctions:    8
Ramps:        2
Sensors:      5
Mode:         PeMS Data-Driven
Car-Following: Gipps
ODE Solver:   Ballistic
Vmax:         35.0 m/s
======================================================================
Skipping Source actor due to time limit at clock = 43201.00125327633
Skipping Source actor due to time limit at clock = 43210.6788297557
-----------------------------
| Model.cleanup in progress |
-----------------------------
cleanup: agenda
cleanup: wait queues
coroutine counts = (14401437,14400473,14399988)
[ModelOptimizer] Fitness: 1.7117 | Elapsed: 62.85 sec
[ModelOptimizer] Evaluating parameters: VectorD(3.18957,	1.59478,	-1.90522,	1.73057,	1.04739)

======================================================================
TRAFFIC MODEL BUILDER SUMMARY
======================================================================
Network:      US-101-N-DonaldDoyle
Segments:     7
Lanes:        4
Junctions:    8
Ramps:        2
Sensors:      5
Mode:         PeMS Data-Driven
Car-Following: Gipps
ODE Solver:   Ballistic
Vmax:         35.0 m/s
======================================================================
Skipping Source actor due to time limit at clock = 43201.00125327633
Skipping Source actor due to time limit at clock = 43210.6788297557
-----------------------------
| Model.cleanup in progress |
-----------------------------
cleanup: agenda
cleanup: wait queues
coroutine counts = (14461194,14460226,14459739)
[ModelOptimizer] Fitness: 4.9422 | Elapsed: 94.26 sec
[ModelOptimizer] Evaluating parameters: VectorD(1.29307,	0.646535,	-2.85347,	0.924554,	0.573267)

======================================================================
TRAFFIC MODEL BUILDER SUMMARY
======================================================================
Network:      US-101-N-DonaldDoyle
Segments:     7
Lanes:        4
Junctions:    8
Ramps:        2
Sensors:      5
Mode:         PeMS Data-Driven
Car-Following: Gipps
ODE Solver:   Ballistic
Vmax:         35.0 m/s
======================================================================
Skipping Source actor due to time limit at clock = 43201.00125327633
Skipping Source actor due to time limit at clock = 43210.6788297557
-----------------------------
| Model.cleanup in progress |
-----------------------------
cleanup: agenda
cleanup: wait queues
coroutine counts = (14520951,14519979,14519490)
[ModelOptimizer] Fitness: 5.2826 | Elapsed: 131.77 sec
[ModelOptimizer] Evaluating parameters: VectorD(3.14333,	1.57167,	-1.92833,	1.71092,	1.03583)

======================================================================
TRAFFIC MODEL BUILDER SUMMARY
======================================================================
Network:      US-101-N-DonaldDoyle
Segments:     7
Lanes:        4
Junctions:    8
Ramps:        2
Sensors:      5
Mode:         PeMS Data-Driven
Car-Following: Gipps
ODE Solver:   Ballistic
Vmax:         35.0 m/s
======================================================================
Skipping Source actor due to time limit at clock = 43201.00125327633
Skipping Source actor due to time limit at clock = 43210.6788297557
-----------------------------
| Model.cleanup in progress |
-----------------------------
cleanup: agenda
cleanup: wait queues
coroutine counts = (14580708,14579732,14579241)
[ModelOptimizer] Fitness: 4.8893 | Elapsed: 95.93 sec
[ModelOptimizer] Evaluating parameters: VectorD(2.28705,	1.14352,	-2.35648,	1.34699,	0.821762)

======================================================================
TRAFFIC MODEL BUILDER SUMMARY
======================================================================
Network:      US-101-N-DonaldDoyle
Segments:     7
Lanes:        4
Junctions:    8
Ramps:        2
Sensors:      5
Mode:         PeMS Data-Driven
Car-Following: Gipps
ODE Solver:   Ballistic
Vmax:         35.0 m/s
======================================================================
Skipping Source actor due to time limit at clock = 43201.00125327633
Skipping Source actor due to time limit at clock = 43210.6788297557
-----------------------------
| Model.cleanup in progress |
-----------------------------
cleanup: agenda
cleanup: wait queues
coroutine counts = (14640465,14639485,14638992)
[ModelOptimizer] Fitness: 4.8457 | Elapsed: 119.16 sec
[ModelOptimizer] Evaluating parameters: VectorD(3.98504,	1.99252,	-1.50748,	2.06864,	1.24626)

======================================================================
TRAFFIC MODEL BUILDER SUMMARY
======================================================================
Network:      US-101-N-DonaldDoyle
Segments:     7
Lanes:        4
Junctions:    8
Ramps:        2
Sensors:      5
Mode:         PeMS Data-Driven
Car-Following: Gipps
ODE Solver:   Ballistic
Vmax:         35.0 m/s
======================================================================
Skipping Source actor due to time limit at clock = 43201.00125327633
Skipping Source actor due to time limit at clock = 43210.6788297557
-----------------------------
| Model.cleanup in progress |
-----------------------------
cleanup: agenda
cleanup: wait queues
coroutine counts = (14700222,14699238,14698743)
[ModelOptimizer] Fitness: 5.3237 | Elapsed: 91.10 sec
      21 |      1.70949854 |      1.70949854 |       5.3% ✓
[ModelOptimizer] Evaluating parameters: VectorD(3.98194,	1.80640,	-6.25548,	3.37471,	3.65400)

======================================================================
TRAFFIC MODEL BUILDER SUMMARY
======================================================================
Network:      US-101-N-DonaldDoyle
Segments:     7
Lanes:        4
Junctions:    8
Ramps:        2
Sensors:      5
Mode:         PeMS Data-Driven
Car-Following: Gipps
ODE Solver:   Ballistic
Vmax:         35.0 m/s
======================================================================
Skipping Source actor due to time limit at clock = 43201.00125327633
Skipping Source actor due to time limit at clock = 43210.6788297557
-----------------------------
| Model.cleanup in progress |
-----------------------------
cleanup: agenda
cleanup: wait queues
coroutine counts = (14759979,14758991,14758494)
[ModelOptimizer] Fitness: 1.7099 | Elapsed: 55.05 sec
[ModelOptimizer] Evaluating parameters: VectorD(5.31675,	1.65839,	-6.05115,	4.06718,	3.79667)

======================================================================
TRAFFIC MODEL BUILDER SUMMARY
======================================================================
Network:      US-101-N-DonaldDoyle
Segments:     7
Lanes:        4
Junctions:    8
Ramps:        2
Sensors:      5
Mode:         PeMS Data-Driven
Car-Following: Gipps
ODE Solver:   Ballistic
Vmax:         35.0 m/s
======================================================================
Skipping Source actor due to time limit at clock = 43201.00125327633
Skipping Source actor due to time limit at clock = 43210.6788297557
-----------------------------
| Model.cleanup in progress |
-----------------------------
cleanup: agenda
cleanup: wait queues
coroutine counts = (14819736,14818744,14818245)
[ModelOptimizer] Fitness: 1.7105 | Elapsed: 52.13 sec
[ModelOptimizer] Evaluating parameters: VectorD(6.86138,	1.75348,	-5.41250,	3.56681,	3.46918)

======================================================================
TRAFFIC MODEL BUILDER SUMMARY
======================================================================
Network:      US-101-N-DonaldDoyle
Segments:     7
Lanes:        4
Junctions:    8
Ramps:        2
Sensors:      5
Mode:         PeMS Data-Driven
Car-Following: Gipps
ODE Solver:   Ballistic
Vmax:         35.0 m/s
======================================================================
Skipping Source actor due to time limit at clock = 43201.00125327633
Skipping Source actor due to time limit at clock = 43210.6788297557
-----------------------------
| Model.cleanup in progress |
-----------------------------
cleanup: agenda
cleanup: wait queues
coroutine counts = (14879493,14878497,14877996)
[ModelOptimizer] Fitness: 1.7109 | Elapsed: 53.87 sec
[ModelOptimizer] Evaluating parameters: VectorD(4.10987,	2.09015,	-5.55673,	2.77250,	2.95711)

======================================================================
TRAFFIC MODEL BUILDER SUMMARY
======================================================================
Network:      US-101-N-DonaldDoyle
Segments:     7
Lanes:        4
Junctions:    8
Ramps:        2
Sensors:      5
Mode:         PeMS Data-Driven
Car-Following: Gipps
ODE Solver:   Ballistic
Vmax:         35.0 m/s
======================================================================
Skipping Source actor due to time limit at clock = 43201.00125327633
Skipping Source actor due to time limit at clock = 43210.6788297557
-----------------------------
| Model.cleanup in progress |
-----------------------------
cleanup: agenda
cleanup: wait queues
coroutine counts = (14939250,14938250,14937747)
[ModelOptimizer] Fitness: 1.7118 | Elapsed: 58.04 sec
[ModelOptimizer] Evaluating parameters: VectorD(7.71419,	1.68021,	-4.27165,	3.03729,	3.67931)

======================================================================
TRAFFIC MODEL BUILDER SUMMARY
======================================================================
Network:      US-101-N-DonaldDoyle
Segments:     7
Lanes:        4
Junctions:    8
Ramps:        2
Sensors:      5
Mode:         PeMS Data-Driven
Car-Following: Gipps
ODE Solver:   Ballistic
Vmax:         35.0 m/s
======================================================================
Skipping Source actor due to time limit at clock = 43201.00125327633
Skipping Source actor due to time limit at clock = 43210.6788297557
-----------------------------
| Model.cleanup in progress |
-----------------------------
cleanup: agenda
cleanup: wait queues
coroutine counts = (14999007,14998003,14997498)
[ModelOptimizer] Fitness: 1.7101 | Elapsed: 55.93 sec
[ModelOptimizer] Evaluating parameters: VectorD(4.59961,	1.71457,	-6.19648,	3.53688,	4.53541)

======================================================================
TRAFFIC MODEL BUILDER SUMMARY
======================================================================
Network:      US-101-N-DonaldDoyle
Segments:     7
Lanes:        4
Junctions:    8
Ramps:        2
Sensors:      5
Mode:         PeMS Data-Driven
Car-Following: Gipps
ODE Solver:   Ballistic
Vmax:         35.0 m/s
======================================================================
Skipping Source actor due to time limit at clock = 43201.00125327633
Skipping Source actor due to time limit at clock = 43210.6788297557
-----------------------------
| Model.cleanup in progress |
-----------------------------
cleanup: agenda
cleanup: wait queues
coroutine counts = (15058764,15057756,15057249)
[ModelOptimizer] Fitness: 1.7113 | Elapsed: 56.26 sec
[ModelOptimizer] Evaluating parameters: VectorD(4.70869,	2.35435,	-1.14565,	2.37619,	1.42717)

======================================================================
TRAFFIC MODEL BUILDER SUMMARY
======================================================================
Network:      US-101-N-DonaldDoyle
Segments:     7
Lanes:        4
Junctions:    8
Ramps:        2
Sensors:      5
Mode:         PeMS Data-Driven
Car-Following: Gipps
ODE Solver:   Ballistic
Vmax:         35.0 m/s
======================================================================
Skipping Source actor due to time limit at clock = 43201.00125327633
Skipping Source actor due to time limit at clock = 43210.6788297557
-----------------------------
| Model.cleanup in progress |
-----------------------------
cleanup: agenda
cleanup: wait queues
coroutine counts = (15118521,15117509,15117000)
[ModelOptimizer] Fitness: 6.1598 | Elapsed: 86.84 sec
[ModelOptimizer] Evaluating parameters: VectorD(1.45676,	0.728378,	-2.77162,	0.994121,	0.614189)

======================================================================
TRAFFIC MODEL BUILDER SUMMARY
======================================================================
Network:      US-101-N-DonaldDoyle
Segments:     7
Lanes:        4
Junctions:    8
Ramps:        2
Sensors:      5
Mode:         PeMS Data-Driven
Car-Following: Gipps
ODE Solver:   Ballistic
Vmax:         35.0 m/s
======================================================================
Skipping Source actor due to time limit at clock = 43201.00125327633
Skipping Source actor due to time limit at clock = 43210.6788297557
-----------------------------
| Model.cleanup in progress |
-----------------------------
cleanup: agenda
cleanup: wait queues
coroutine counts = (15178278,15177262,15176751)
[ModelOptimizer] Fitness: 5.1663 | Elapsed: 131.83 sec
[ModelOptimizer] Evaluating parameters: VectorD(2.19434,	1.09717,	-2.40283,	1.30759,	0.798585)

======================================================================
TRAFFIC MODEL BUILDER SUMMARY
======================================================================
Network:      US-101-N-DonaldDoyle
Segments:     7
Lanes:        4
Junctions:    8
Ramps:        2
Sensors:      5
Mode:         PeMS Data-Driven
Car-Following: Gipps
ODE Solver:   Ballistic
Vmax:         35.0 m/s
======================================================================
Skipping Source actor due to time limit at clock = 43201.00125327633
Skipping Source actor due to time limit at clock = 43210.6788297557
-----------------------------
| Model.cleanup in progress |
-----------------------------
cleanup: agenda
cleanup: wait queues
coroutine counts = (15238035,15237015,15236502)
[ModelOptimizer] Fitness: 4.8569 | Elapsed: 119.26 sec
[ModelOptimizer] Evaluating parameters: VectorD(2.65613,	1.32807,	-2.17193,	1.50386,	0.914033)

======================================================================
TRAFFIC MODEL BUILDER SUMMARY
======================================================================
Network:      US-101-N-DonaldDoyle
Segments:     7
Lanes:        4
Junctions:    8
Ramps:        2
Sensors:      5
Mode:         PeMS Data-Driven
Car-Following: Gipps
ODE Solver:   Ballistic
Vmax:         35.0 m/s
======================================================================
Skipping Source actor due to time limit at clock = 43201.00125327633
Skipping Source actor due to time limit at clock = 43210.6788297557
-----------------------------
| Model.cleanup in progress |
-----------------------------
cleanup: agenda
cleanup: wait queues
coroutine counts = (15297792,15296768,15296253)
[ModelOptimizer] Fitness: 4.8395 | Elapsed: 108.07 sec
[ModelOptimizer] Evaluating parameters: VectorD(2.02996,	1.01498,	-2.48502,	1.23773,	0.757490)

======================================================================
TRAFFIC MODEL BUILDER SUMMARY
======================================================================
Network:      US-101-N-DonaldDoyle
Segments:     7
Lanes:        4
Junctions:    8
Ramps:        2
Sensors:      5
Mode:         PeMS Data-Driven
Car-Following: Gipps
ODE Solver:   Ballistic
Vmax:         35.0 m/s
======================================================================
Skipping Source actor due to time limit at clock = 43201.00125327633
Skipping Source actor due to time limit at clock = 43210.6788297557
-----------------------------
| Model.cleanup in progress |
-----------------------------
cleanup: agenda
cleanup: wait queues
coroutine counts = (15357549,15356521,15356004)
[ModelOptimizer] Fitness: 4.9395 | Elapsed: 111.01 sec
      22 |      1.70949854 |      1.70949854 |       5.5% ✓
[ModelOptimizer] Evaluating parameters: VectorD(3.81788,	1.57504,	-5.74091,	2.87436,	3.88540)

======================================================================
TRAFFIC MODEL BUILDER SUMMARY
======================================================================
Network:      US-101-N-DonaldDoyle
Segments:     7
Lanes:        4
Junctions:    8
Ramps:        2
Sensors:      5
Mode:         PeMS Data-Driven
Car-Following: Gipps
ODE Solver:   Ballistic
Vmax:         35.0 m/s
======================================================================
Skipping Source actor due to time limit at clock = 43201.00125327633
Skipping Source actor due to time limit at clock = 43210.6788297557
-----------------------------
| Model.cleanup in progress |
-----------------------------
cleanup: agenda
cleanup: wait queues
coroutine counts = (15417306,15416274,15415755)
[ModelOptimizer] Fitness: 1.7096 | Elapsed: 56.75 sec
[ModelOptimizer] Evaluating parameters: VectorD(4.14610,	1.49635,	-6.54927,	4.23277,	3.08361)

======================================================================
TRAFFIC MODEL BUILDER SUMMARY
======================================================================
Network:      US-101-N-DonaldDoyle
Segments:     7
Lanes:        4
Junctions:    8
Ramps:        2
Sensors:      5
Mode:         PeMS Data-Driven
Car-Following: Gipps
ODE Solver:   Ballistic
Vmax:         35.0 m/s
======================================================================
Skipping Source actor due to time limit at clock = 43201.00125327633
Skipping Source actor due to time limit at clock = 43210.6788297557
-----------------------------
| Model.cleanup in progress |
-----------------------------
cleanup: agenda
cleanup: wait queues
coroutine counts = (15477063,15476027,15475506)
[ModelOptimizer] Fitness: 1.7103 | Elapsed: 63.55 sec
[ModelOptimizer] Evaluating parameters: VectorD(4.03122,	1.37739,	-6.14224,	2.84759,	3.50243)

======================================================================
TRAFFIC MODEL BUILDER SUMMARY
======================================================================
Network:      US-101-N-DonaldDoyle
Segments:     7
Lanes:        4
Junctions:    8
Ramps:        2
Sensors:      5
Mode:         PeMS Data-Driven
Car-Following: Gipps
ODE Solver:   Ballistic
Vmax:         35.0 m/s
======================================================================
Skipping Source actor due to time limit at clock = 43201.00125327633
Skipping Source actor due to time limit at clock = 43210.6788297557
-----------------------------
| Model.cleanup in progress |
-----------------------------
cleanup: agenda
cleanup: wait queues
coroutine counts = (15536820,15535780,15535257)
[ModelOptimizer] Fitness: 1.7108 | Elapsed: 71.80 sec
[ModelOptimizer] Evaluating parameters: VectorD(3.51154,	1.49622,	-7.27608,	3.25442,	3.04958)

======================================================================
TRAFFIC MODEL BUILDER SUMMARY
======================================================================
Network:      US-101-N-DonaldDoyle
Segments:     7
Lanes:        4
Junctions:    8
Ramps:        2
Sensors:      5
Mode:         PeMS Data-Driven
Car-Following: Gipps
ODE Solver:   Ballistic
Vmax:         35.0 m/s
======================================================================
Skipping Source actor due to time limit at clock = 43201.00125327633
Skipping Source actor due to time limit at clock = 43210.6788297557
-----------------------------
| Model.cleanup in progress |
-----------------------------
cleanup: agenda
cleanup: wait queues
coroutine counts = (15596577,15595533,15595008)
[ModelOptimizer] Fitness: 1.7109 | Elapsed: 64.03 sec
[ModelOptimizer] Evaluating parameters: VectorD(4.38166,	1.41896,	-7.21112,	2.69090,	3.86907)

======================================================================
TRAFFIC MODEL BUILDER SUMMARY
======================================================================
Network:      US-101-N-DonaldDoyle
Segments:     7
Lanes:        4
Junctions:    8
Ramps:        2
Sensors:      5
Mode:         PeMS Data-Driven
Car-Following: Gipps
ODE Solver:   Ballistic
Vmax:         35.0 m/s
======================================================================
Skipping Source actor due to time limit at clock = 43201.00125327633
Skipping Source actor due to time limit at clock = 43210.6788297557
-----------------------------
| Model.cleanup in progress |
-----------------------------
cleanup: agenda
cleanup: wait queues
coroutine counts = (15656334,15655286,15654759)
[ModelOptimizer] Fitness: 1.7099 | Elapsed: 53.80 sec
[ModelOptimizer] Evaluating parameters: VectorD(4.50473,	1.87047,	-5.10198,	3.39082,	3.02012)

======================================================================
TRAFFIC MODEL BUILDER SUMMARY
======================================================================
Network:      US-101-N-DonaldDoyle
Segments:     7
Lanes:        4
Junctions:    8
Ramps:        2
Sensors:      5
Mode:         PeMS Data-Driven
Car-Following: Gipps
ODE Solver:   Ballistic
Vmax:         35.0 m/s
======================================================================
Skipping Source actor due to time limit at clock = 43201.00125327633
Skipping Source actor due to time limit at clock = 43210.6788297557
-----------------------------
| Model.cleanup in progress |
-----------------------------
cleanup: agenda
cleanup: wait queues
coroutine counts = (15716091,15715039,15714510)
[ModelOptimizer] Fitness: 1.7122 | Elapsed: 60.37 sec
[ModelOptimizer] Evaluating parameters: VectorD(4.08925,	2.04463,	-1.45537,	2.11293,	1.27231)

======================================================================
TRAFFIC MODEL BUILDER SUMMARY
======================================================================
Network:      US-101-N-DonaldDoyle
Segments:     7
Lanes:        4
Junctions:    8
Ramps:        2
Sensors:      5
Mode:         PeMS Data-Driven
Car-Following: Gipps
ODE Solver:   Ballistic
Vmax:         35.0 m/s
======================================================================
Skipping Source actor due to time limit at clock = 43201.00125327633
Skipping Source actor due to time limit at clock = 43210.6788297557
-----------------------------
| Model.cleanup in progress |
-----------------------------
cleanup: agenda
cleanup: wait queues
coroutine counts = (15775848,15774792,15774261)
[ModelOptimizer] Fitness: 5.3941 | Elapsed: 86.60 sec
[ModelOptimizer] Evaluating parameters: VectorD(4.38000,	2.19000,	-1.31000,	2.23650,	1.34500)

======================================================================
TRAFFIC MODEL BUILDER SUMMARY
======================================================================
Network:      US-101-N-DonaldDoyle
Segments:     7
Lanes:        4
Junctions:    8
Ramps:        2
Sensors:      5
Mode:         PeMS Data-Driven
Car-Following: Gipps
ODE Solver:   Ballistic
Vmax:         35.0 m/s
======================================================================
Skipping Source actor due to time limit at clock = 43201.00125327633
Skipping Source actor due to time limit at clock = 43210.6788297557
-----------------------------
| Model.cleanup in progress |
-----------------------------
cleanup: agenda
cleanup: wait queues
coroutine counts = (15835605,15834545,15834012)
[ModelOptimizer] Fitness: 5.6949 | Elapsed: 86.09 sec
[ModelOptimizer] Evaluating parameters: VectorD(3.11548,	1.55774,	-1.94226,	1.69908,	1.02887)

======================================================================
TRAFFIC MODEL BUILDER SUMMARY
======================================================================
Network:      US-101-N-DonaldDoyle
Segments:     7
Lanes:        4
Junctions:    8
Ramps:        2
Sensors:      5
Mode:         PeMS Data-Driven
Car-Following: Gipps
ODE Solver:   Ballistic
Vmax:         35.0 m/s
======================================================================
Skipping Source actor due to time limit at clock = 43201.00125327633
Skipping Source actor due to time limit at clock = 43210.6788297557
-----------------------------
| Model.cleanup in progress |
-----------------------------
cleanup: agenda
cleanup: wait queues
coroutine counts = (15895362,15894298,15893763)
[ModelOptimizer] Fitness: 4.8908 | Elapsed: 115.13 sec
[ModelOptimizer] Evaluating parameters: VectorD(4.61103,	2.30551,	-1.19449,	2.33469,	1.40276)

======================================================================
TRAFFIC MODEL BUILDER SUMMARY
======================================================================
Network:      US-101-N-DonaldDoyle
Segments:     7
Lanes:        4
Junctions:    8
Ramps:        2
Sensors:      5
Mode:         PeMS Data-Driven
Car-Following: Gipps
ODE Solver:   Ballistic
Vmax:         35.0 m/s
======================================================================
Skipping Source actor due to time limit at clock = 43201.00125327633
Skipping Source actor due to time limit at clock = 43210.6788297557
-----------------------------
| Model.cleanup in progress |
-----------------------------
cleanup: agenda
cleanup: wait queues
coroutine counts = (15955119,15954051,15953514)
[ModelOptimizer] Fitness: 6.0159 | Elapsed: 94.47 sec
[ModelOptimizer] Evaluating parameters: VectorD(3.74422,	1.87211,	-1.62789,	1.96629,	1.18606)

======================================================================
TRAFFIC MODEL BUILDER SUMMARY
======================================================================
Network:      US-101-N-DonaldDoyle
Segments:     7
Lanes:        4
Junctions:    8
Ramps:        2
Sensors:      5
Mode:         PeMS Data-Driven
Car-Following: Gipps
ODE Solver:   Ballistic
Vmax:         35.0 m/s
======================================================================
Skipping Source actor due to time limit at clock = 43201.00125327633
Skipping Source actor due to time limit at clock = 43210.6788297557
-----------------------------
| Model.cleanup in progress |
-----------------------------
cleanup: agenda
cleanup: wait queues
coroutine counts = (16014876,16013804,16013265)
[ModelOptimizer] Fitness: 5.1501 | Elapsed: 79.52 sec
      23 |      1.70949854 |      1.70949854 |       5.8% ✓
[ModelOptimizer] Evaluating parameters: VectorD(4.31476,	1.46710,	-5.75691,	3.81017,	2.69890)

======================================================================
TRAFFIC MODEL BUILDER SUMMARY
======================================================================
Network:      US-101-N-DonaldDoyle
Segments:     7
Lanes:        4
Junctions:    8
Ramps:        2
Sensors:      5
Mode:         PeMS Data-Driven
Car-Following: Gipps
ODE Solver:   Ballistic
Vmax:         35.0 m/s
======================================================================
Skipping Source actor due to time limit at clock = 43201.00125327633
Skipping Source actor due to time limit at clock = 43210.6788297557
-----------------------------
| Model.cleanup in progress |
-----------------------------
cleanup: agenda
cleanup: wait queues
coroutine counts = (16074633,16073557,16073016)
[ModelOptimizer] Fitness: 1.7132 | Elapsed: 44.78 sec
[ModelOptimizer] Evaluating parameters: VectorD(4.35389,	1.97790,	-5.73806,	3.87223,	4.24922)

======================================================================
TRAFFIC MODEL BUILDER SUMMARY
======================================================================
Network:      US-101-N-DonaldDoyle
Segments:     7
Lanes:        4
Junctions:    8
Ramps:        2
Sensors:      5
Mode:         PeMS Data-Driven
Car-Following: Gipps
ODE Solver:   Ballistic
Vmax:         35.0 m/s
======================================================================
Skipping Source actor due to time limit at clock = 43201.00125327633
Skipping Source actor due to time limit at clock = 43210.6788297557
-----------------------------
| Model.cleanup in progress |
-----------------------------
cleanup: agenda
cleanup: wait queues
coroutine counts = (16134390,16133310,16132767)
[ModelOptimizer] Fitness: 1.7128 | Elapsed: 37.52 sec
[ModelOptimizer] Evaluating parameters: VectorD(3.70504,	1.86479,	-7.28369,	3.31247,	4.08654)

======================================================================
TRAFFIC MODEL BUILDER SUMMARY
======================================================================
Network:      US-101-N-DonaldDoyle
Segments:     7
Lanes:        4
Junctions:    8
Ramps:        2
Sensors:      5
Mode:         PeMS Data-Driven
Car-Following: Gipps
ODE Solver:   Ballistic
Vmax:         35.0 m/s
======================================================================
Skipping Source actor due to time limit at clock = 43201.00125327633
Skipping Source actor due to time limit at clock = 43210.6788297557
-----------------------------
| Model.cleanup in progress |
-----------------------------
cleanup: agenda
cleanup: wait queues
coroutine counts = (16194147,16193063,16192518)
[ModelOptimizer] Fitness: 1.7102 | Elapsed: 38.33 sec
[ModelOptimizer] Evaluating parameters: VectorD(4.23094,	1.99532,	-5.37555,	3.80268,	3.96034)

======================================================================
TRAFFIC MODEL BUILDER SUMMARY
======================================================================
Network:      US-101-N-DonaldDoyle
Segments:     7
Lanes:        4
Junctions:    8
Ramps:        2
Sensors:      5
Mode:         PeMS Data-Driven
Car-Following: Gipps
ODE Solver:   Ballistic
Vmax:         35.0 m/s
======================================================================
Skipping Source actor due to time limit at clock = 43201.00125327633
Skipping Source actor due to time limit at clock = 43210.6788297557
-----------------------------
| Model.cleanup in progress |
-----------------------------
cleanup: agenda
cleanup: wait queues
coroutine counts = (16253904,16252816,16252269)
[ModelOptimizer] Fitness: 1.7113 | Elapsed: 41.38 sec
[ModelOptimizer] Evaluating parameters: VectorD(3.96938,	1.59835,	-4.96211,	2.60719,	4.58011)

======================================================================
TRAFFIC MODEL BUILDER SUMMARY
======================================================================
Network:      US-101-N-DonaldDoyle
Segments:     7
Lanes:        4
Junctions:    8
Ramps:        2
Sensors:      5
Mode:         PeMS Data-Driven
Car-Following: Gipps
ODE Solver:   Ballistic
Vmax:         35.0 m/s
======================================================================
Skipping Source actor due to time limit at clock = 43201.00125327633
Skipping Source actor due to time limit at clock = 43210.6788297557
-----------------------------
| Model.cleanup in progress |
-----------------------------
cleanup: agenda
cleanup: wait queues
coroutine counts = (16313661,16312569,16312020)
[ModelOptimizer] Fitness: 1.7111 | Elapsed: 41.69 sec
[ModelOptimizer] Evaluating parameters: VectorD(4.60211,	1.69869,	-5.46429,	2.66115,	3.01137)

======================================================================
TRAFFIC MODEL BUILDER SUMMARY
======================================================================
Network:      US-101-N-DonaldDoyle
Segments:     7
Lanes:        4
Junctions:    8
Ramps:        2
Sensors:      5
Mode:         PeMS Data-Driven
Car-Following: Gipps
ODE Solver:   Ballistic
Vmax:         35.0 m/s
======================================================================
Skipping Source actor due to time limit at clock = 43201.00125327633
Skipping Source actor due to time limit at clock = 43210.6788297557
-----------------------------
| Model.cleanup in progress |
-----------------------------
cleanup: agenda
cleanup: wait queues
coroutine counts = (16373418,16372322,16371771)
[ModelOptimizer] Fitness: 1.7117 | Elapsed: 44.61 sec
[ModelOptimizer] Evaluating parameters: VectorD(2.34538,	1.17269,	-2.32731,	1.37179,	0.836345)

======================================================================
TRAFFIC MODEL BUILDER SUMMARY
======================================================================
Network:      US-101-N-DonaldDoyle
Segments:     7
Lanes:        4
Junctions:    8
Ramps:        2
Sensors:      5
Mode:         PeMS Data-Driven
Car-Following: Gipps
ODE Solver:   Ballistic
Vmax:         35.0 m/s
======================================================================
Skipping Source actor due to time limit at clock = 43201.00125327633
Skipping Source actor due to time limit at clock = 43210.6788297557
-----------------------------
| Model.cleanup in progress |
-----------------------------
cleanup: agenda
cleanup: wait queues
coroutine counts = (16433175,16432075,16431522)
[ModelOptimizer] Fitness: 4.8538 | Elapsed: 84.62 sec
[ModelOptimizer] Evaluating parameters: VectorD(4.24832,	2.12416,	-1.37584,	2.18054,	1.31208)

======================================================================
TRAFFIC MODEL BUILDER SUMMARY
======================================================================
Network:      US-101-N-DonaldDoyle
Segments:     7
Lanes:        4
Junctions:    8
Ramps:        2
Sensors:      5
Mode:         PeMS Data-Driven
Car-Following: Gipps
ODE Solver:   Ballistic
Vmax:         35.0 m/s
======================================================================
Skipping Source actor due to time limit at clock = 43201.00125327633
Skipping Source actor due to time limit at clock = 43210.6788297557
-----------------------------
| Model.cleanup in progress |
-----------------------------
cleanup: agenda
cleanup: wait queues
coroutine counts = (16492932,16491828,16491273)
[ModelOptimizer] Fitness: 5.5431 | Elapsed: 64.41 sec
[ModelOptimizer] Evaluating parameters: VectorD(3.11818,	1.55909,	-1.94091,	1.70023,	1.02955)

======================================================================
TRAFFIC MODEL BUILDER SUMMARY
======================================================================
Network:      US-101-N-DonaldDoyle
Segments:     7
Lanes:        4
Junctions:    8
Ramps:        2
Sensors:      5
Mode:         PeMS Data-Driven
Car-Following: Gipps
ODE Solver:   Ballistic
Vmax:         35.0 m/s
======================================================================
Skipping Source actor due to time limit at clock = 43201.00125327633
Skipping Source actor due to time limit at clock = 43210.6788297557
-----------------------------
| Model.cleanup in progress |
-----------------------------
cleanup: agenda
cleanup: wait queues
coroutine counts = (16552689,16551581,16551024)
[ModelOptimizer] Fitness: 4.9054 | Elapsed: 69.18 sec
[ModelOptimizer] Evaluating parameters: VectorD(4.18295,	2.09147,	-1.40853,	2.15275,	1.29574)

======================================================================
TRAFFIC MODEL BUILDER SUMMARY
======================================================================
Network:      US-101-N-DonaldDoyle
Segments:     7
Lanes:        4
Junctions:    8
Ramps:        2
Sensors:      5
Mode:         PeMS Data-Driven
Car-Following: Gipps
ODE Solver:   Ballistic
Vmax:         35.0 m/s
======================================================================
Skipping Source actor due to time limit at clock = 43201.00125327633
Skipping Source actor due to time limit at clock = 43210.6788297557
-----------------------------
| Model.cleanup in progress |
-----------------------------
cleanup: agenda
cleanup: wait queues
coroutine counts = (16612446,16611334,16610775)
[ModelOptimizer] Fitness: 5.4832 | Elapsed: 61.60 sec
[ModelOptimizer] Evaluating parameters: VectorD(4.62041,	2.31020,	-1.18980,	2.33867,	1.40510)

======================================================================
TRAFFIC MODEL BUILDER SUMMARY
======================================================================
Network:      US-101-N-DonaldDoyle
Segments:     7
Lanes:        4
Junctions:    8
Ramps:        2
Sensors:      5
Mode:         PeMS Data-Driven
Car-Following: Gipps
ODE Solver:   Ballistic
Vmax:         35.0 m/s
======================================================================
Skipping Source actor due to time limit at clock = 43201.00125327633
Skipping Source actor due to time limit at clock = 43210.6788297557
-----------------------------
| Model.cleanup in progress |
-----------------------------
cleanup: agenda
cleanup: wait queues
coroutine counts = (16672203,16671087,16670526)
[ModelOptimizer] Fitness: 6.0563 | Elapsed: 67.71 sec
      24 |      1.70949854 |      1.70949854 |       6.0% ✓
[ModelOptimizer] Evaluating parameters: VectorD(3.55101,	1.32508,	-5.49070,	3.34306,	2.84423)

======================================================================
TRAFFIC MODEL BUILDER SUMMARY
======================================================================
Network:      US-101-N-DonaldDoyle
Segments:     7
Lanes:        4
Junctions:    8
Ramps:        2
Sensors:      5
Mode:         PeMS Data-Driven
Car-Following: Gipps
ODE Solver:   Ballistic
Vmax:         35.0 m/s
======================================================================
Skipping Source actor due to time limit at clock = 43201.00125327633
Skipping Source actor due to time limit at clock = 43210.6788297557
-----------------------------
| Model.cleanup in progress |
-----------------------------
cleanup: agenda
cleanup: wait queues
coroutine counts = (16731960,16730840,16730277)
[ModelOptimizer] Fitness: 1.7131 | Elapsed: 51.38 sec
[ModelOptimizer] Evaluating parameters: VectorD(4.74267,	1.97218,	-7.01401,	4.18705,	3.50958)

======================================================================
TRAFFIC MODEL BUILDER SUMMARY
======================================================================
Network:      US-101-N-DonaldDoyle
Segments:     7
Lanes:        4
Junctions:    8
Ramps:        2
Sensors:      5
Mode:         PeMS Data-Driven
Car-Following: Gipps
ODE Solver:   Ballistic
Vmax:         35.0 m/s
======================================================================
Skipping Source actor due to time limit at clock = 43201.00125327633
Skipping Source actor due to time limit at clock = 43210.6788297557
-----------------------------
| Model.cleanup in progress |
-----------------------------
cleanup: agenda
cleanup: wait queues
coroutine counts = (16791717,16790593,16790028)
[ModelOptimizer] Fitness: 1.7110 | Elapsed: 54.19 sec
[ModelOptimizer] Evaluating parameters: VectorD(4.10998,	1.42172,	-5.13710,	2.82004,	3.72896)

======================================================================
TRAFFIC MODEL BUILDER SUMMARY
======================================================================
Network:      US-101-N-DonaldDoyle
Segments:     7
Lanes:        4
Junctions:    8
Ramps:        2
Sensors:      5
Mode:         PeMS Data-Driven
Car-Following: Gipps
ODE Solver:   Ballistic
Vmax:         35.0 m/s
======================================================================
Skipping Source actor due to time limit at clock = 43201.00125327633
Skipping Source actor due to time limit at clock = 43210.6788297557
-----------------------------
| Model.cleanup in progress |
-----------------------------
cleanup: agenda
cleanup: wait queues
coroutine counts = (16851474,16850346,16849779)
[ModelOptimizer] Fitness: 1.7098 | Elapsed: 49.05 sec
[ModelOptimizer] Evaluating parameters: VectorD(4.32580,	2.08459,	-4.97439,	3.01726,	4.25830)

======================================================================
TRAFFIC MODEL BUILDER SUMMARY
======================================================================
Network:      US-101-N-DonaldDoyle
Segments:     7
Lanes:        4
Junctions:    8
Ramps:        2
Sensors:      5
Mode:         PeMS Data-Driven
Car-Following: Gipps
ODE Solver:   Ballistic
Vmax:         35.0 m/s
======================================================================
Skipping Source actor due to time limit at clock = 43201.00125327633
Skipping Source actor due to time limit at clock = 43210.6788297557
-----------------------------
| Model.cleanup in progress |
-----------------------------
cleanup: agenda
cleanup: wait queues
coroutine counts = (16911231,16910099,16909530)
[ModelOptimizer] Fitness: 1.7129 | Elapsed: 39.54 sec
[ModelOptimizer] Evaluating parameters: VectorD(4.32390,	1.83458,	-6.58595,	3.20414,	4.63461)

======================================================================
TRAFFIC MODEL BUILDER SUMMARY
======================================================================
Network:      US-101-N-DonaldDoyle
Segments:     7
Lanes:        4
Junctions:    8
Ramps:        2
Sensors:      5
Mode:         PeMS Data-Driven
Car-Following: Gipps
ODE Solver:   Ballistic
Vmax:         35.0 m/s
======================================================================
Skipping Source actor due to time limit at clock = 43201.00125327633
Skipping Source actor due to time limit at clock = 43210.6788297557
-----------------------------
| Model.cleanup in progress |
-----------------------------
cleanup: agenda
cleanup: wait queues
coroutine counts = (16970988,16969852,16969281)
[ModelOptimizer] Fitness: 1.7103 | Elapsed: 37.45 sec
[ModelOptimizer] Evaluating parameters: VectorD(4.61304,	1.52110,	-8.41099,	2.51339,	3.51322)

======================================================================
TRAFFIC MODEL BUILDER SUMMARY
======================================================================
Network:      US-101-N-DonaldDoyle
Segments:     7
Lanes:        4
Junctions:    8
Ramps:        2
Sensors:      5
Mode:         PeMS Data-Driven
Car-Following: Gipps
ODE Solver:   Ballistic
Vmax:         35.0 m/s
======================================================================
Skipping Source actor due to time limit at clock = 43201.00125327633
Skipping Source actor due to time limit at clock = 43210.6788297557
-----------------------------
| Model.cleanup in progress |
-----------------------------
cleanup: agenda
cleanup: wait queues
coroutine counts = (17030745,17029605,17029032)
[ModelOptimizer] Fitness: 1.7107 | Elapsed: 40.10 sec
[ModelOptimizer] Evaluating parameters: VectorD(3.86371,	1.93185,	-1.56815,	2.01708,	1.21593)

======================================================================
TRAFFIC MODEL BUILDER SUMMARY
======================================================================
Network:      US-101-N-DonaldDoyle
Segments:     7
Lanes:        4
Junctions:    8
Ramps:        2
Sensors:      5
Mode:         PeMS Data-Driven
Car-Following: Gipps
ODE Solver:   Ballistic
Vmax:         35.0 m/s
======================================================================
Skipping Source actor due to time limit at clock = 43201.00125327633
Skipping Source actor due to time limit at clock = 43210.6788297557
-----------------------------
| Model.cleanup in progress |
-----------------------------
cleanup: agenda
cleanup: wait queues
coroutine counts = (17090502,17089358,17088783)
[ModelOptimizer] Fitness: 5.2532 | Elapsed: 63.78 sec
[ModelOptimizer] Evaluating parameters: VectorD(2.33195,	1.16597,	-2.33403,	1.36608,	0.832987)

======================================================================
TRAFFIC MODEL BUILDER SUMMARY
======================================================================
Network:      US-101-N-DonaldDoyle
Segments:     7
Lanes:        4
Junctions:    8
Ramps:        2
Sensors:      5
Mode:         PeMS Data-Driven
Car-Following: Gipps
ODE Solver:   Ballistic
Vmax:         35.0 m/s
======================================================================
Skipping Source actor due to time limit at clock = 43201.00125327633
Skipping Source actor due to time limit at clock = 43210.6788297557
-----------------------------
| Model.cleanup in progress |
-----------------------------
cleanup: agenda
cleanup: wait queues
coroutine counts = (17150259,17149111,17148534)
[ModelOptimizer] Fitness: 4.8586 | Elapsed: 79.04 sec
[ModelOptimizer] Evaluating parameters: VectorD(4.06527,	2.03263,	-1.46737,	2.10274,	1.26632)

======================================================================
TRAFFIC MODEL BUILDER SUMMARY
======================================================================
Network:      US-101-N-DonaldDoyle
Segments:     7
Lanes:        4
Junctions:    8
Ramps:        2
Sensors:      5
Mode:         PeMS Data-Driven
Car-Following: Gipps
ODE Solver:   Ballistic
Vmax:         35.0 m/s
======================================================================
Skipping Source actor due to time limit at clock = 43201.00125327633
Skipping Source actor due to time limit at clock = 43210.6788297557
-----------------------------
| Model.cleanup in progress |
-----------------------------
cleanup: agenda
cleanup: wait queues
coroutine counts = (17210016,17208864,17208285)
[ModelOptimizer] Fitness: 5.3896 | Elapsed: 69.67 sec
[ModelOptimizer] Evaluating parameters: VectorD(4.08984,	2.04492,	-1.45508,	2.11318,	1.27246)

======================================================================
TRAFFIC MODEL BUILDER SUMMARY
======================================================================
Network:      US-101-N-DonaldDoyle
Segments:     7
Lanes:        4
Junctions:    8
Ramps:        2
Sensors:      5
Mode:         PeMS Data-Driven
Car-Following: Gipps
ODE Solver:   Ballistic
Vmax:         35.0 m/s
======================================================================
Skipping Source actor due to time limit at clock = 43201.00125327633
Skipping Source actor due to time limit at clock = 43210.6788297557
-----------------------------
| Model.cleanup in progress |
-----------------------------
cleanup: agenda
cleanup: wait queues
coroutine counts = (17269773,17268617,17268036)
[ModelOptimizer] Fitness: 5.4115 | Elapsed: 67.71 sec
[ModelOptimizer] Evaluating parameters: VectorD(4.91950,	2.45975,	-1.04025,	2.46579,	1.47987)

======================================================================
TRAFFIC MODEL BUILDER SUMMARY
======================================================================
Network:      US-101-N-DonaldDoyle
Segments:     7
Lanes:        4
Junctions:    8
Ramps:        2
Sensors:      5
Mode:         PeMS Data-Driven
Car-Following: Gipps
ODE Solver:   Ballistic
Vmax:         35.0 m/s
======================================================================
Skipping Source actor due to time limit at clock = 43201.00125327633
Skipping Source actor due to time limit at clock = 43210.6788297557
-----------------------------
| Model.cleanup in progress |
-----------------------------
cleanup: agenda
cleanup: wait queues
coroutine counts = (17329530,17328370,17327787)
[ModelOptimizer] Fitness: 6.4954 | Elapsed: 63.98 sec
      25 |      1.70949854 |      1.70949854 |       6.3% ✓
[ModelOptimizer] Evaluating parameters: VectorD(3.74423,	1.81796,	-7.08574,	3.82972,	3.84885)

======================================================================
TRAFFIC MODEL BUILDER SUMMARY
======================================================================
Network:      US-101-N-DonaldDoyle
Segments:     7
Lanes:        4
Junctions:    8
Ramps:        2
Sensors:      5
Mode:         PeMS Data-Driven
Car-Following: Gipps
ODE Solver:   Ballistic
Vmax:         35.0 m/s
======================================================================
Skipping Source actor due to time limit at clock = 43201.00125327633
Skipping Source actor due to time limit at clock = 43210.6788297557
-----------------------------
| Model.cleanup in progress |
-----------------------------
cleanup: agenda
cleanup: wait queues
coroutine counts = (17389287,17388123,17387538)
[ModelOptimizer] Fitness: 1.7108 | Elapsed: 35.22 sec
[ModelOptimizer] Evaluating parameters: VectorD(4.50473,	2.10059,	-5.01358,	3.11217,	2.88149)

======================================================================
TRAFFIC MODEL BUILDER SUMMARY
======================================================================
Network:      US-101-N-DonaldDoyle
Segments:     7
Lanes:        4
Junctions:    8
Ramps:        2
Sensors:      5
Mode:         PeMS Data-Driven
Car-Following: Gipps
ODE Solver:   Ballistic
Vmax:         35.0 m/s
======================================================================
Skipping Source actor due to time limit at clock = 43201.00125327633
Skipping Source actor due to time limit at clock = 43210.6788297557
-----------------------------
| Model.cleanup in progress |
-----------------------------
cleanup: agenda
cleanup: wait queues
coroutine counts = (17449044,17447876,17447289)
[ModelOptimizer] Fitness: 1.7318 | Elapsed: 40.07 sec
[ModelOptimizer] Evaluating parameters: VectorD(4.54338,	1.27974,	-4.77303,	3.49275,	3.85857)

======================================================================
TRAFFIC MODEL BUILDER SUMMARY
======================================================================
Network:      US-101-N-DonaldDoyle
Segments:     7
Lanes:        4
Junctions:    8
Ramps:        2
Sensors:      5
Mode:         PeMS Data-Driven
Car-Following: Gipps
ODE Solver:   Ballistic
Vmax:         35.0 m/s
======================================================================
Skipping Source actor due to time limit at clock = 43201.00125327633
Skipping Source actor due to time limit at clock = 43210.6788297557
-----------------------------
| Model.cleanup in progress |
-----------------------------
cleanup: agenda
cleanup: wait queues
coroutine counts = (17508801,17507629,17507040)
[ModelOptimizer] Fitness: 1.7103 | Elapsed: 35.07 sec
[ModelOptimizer] Evaluating parameters: VectorD(3.70541,	1.82037,	-5.38735,	3.08832,	4.14393)

======================================================================
TRAFFIC MODEL BUILDER SUMMARY
======================================================================
Network:      US-101-N-DonaldDoyle
Segments:     7
Lanes:        4
Junctions:    8
Ramps:        2
Sensors:      5
Mode:         PeMS Data-Driven
Car-Following: Gipps
ODE Solver:   Ballistic
Vmax:         35.0 m/s
======================================================================
Skipping Source actor due to time limit at clock = 43201.00125327633
Skipping Source actor due to time limit at clock = 43210.6788297557
-----------------------------
| Model.cleanup in progress |
-----------------------------
cleanup: agenda
cleanup: wait queues
coroutine counts = (17568558,17567382,17566791)
[ModelOptimizer] Fitness: 1.7096 | Elapsed: 35.30 sec
[ModelOptimizer] Evaluating parameters: VectorD(3.65090,	1.80346,	-5.35386,	2.61688,	4.25907)

======================================================================
TRAFFIC MODEL BUILDER SUMMARY
======================================================================
Network:      US-101-N-DonaldDoyle
Segments:     7
Lanes:        4
Junctions:    8
Ramps:        2
Sensors:      5
Mode:         PeMS Data-Driven
Car-Following: Gipps
ODE Solver:   Ballistic
Vmax:         35.0 m/s
======================================================================
Skipping Source actor due to time limit at clock = 43201.00125327633
Skipping Source actor due to time limit at clock = 43210.6788297557
-----------------------------
| Model.cleanup in progress |
-----------------------------
cleanup: agenda
cleanup: wait queues
coroutine counts = (17628315,17627135,17626542)
[ModelOptimizer] Fitness: 1.7129 | Elapsed: 37.64 sec
[ModelOptimizer] Evaluating parameters: VectorD(4.09340,	2.06943,	-5.64440,	2.79664,	3.93498)

======================================================================
TRAFFIC MODEL BUILDER SUMMARY
======================================================================
Network:      US-101-N-DonaldDoyle
Segments:     7
Lanes:        4
Junctions:    8
Ramps:        2
Sensors:      5
Mode:         PeMS Data-Driven
Car-Following: Gipps
ODE Solver:   Ballistic
Vmax:         35.0 m/s
======================================================================
Skipping Source actor due to time limit at clock = 43201.00125327633
Skipping Source actor due to time limit at clock = 43210.6788297557
-----------------------------
| Model.cleanup in progress |
-----------------------------
cleanup: agenda
cleanup: wait queues
coroutine counts = (17688072,17686888,17686293)
[ModelOptimizer] Fitness: 1.7100 | Elapsed: 36.89 sec
[ModelOptimizer] Evaluating parameters: VectorD(2.86116,	1.43058,	-2.06942,	1.59099,	0.965291)

======================================================================
TRAFFIC MODEL BUILDER SUMMARY
======================================================================
Network:      US-101-N-DonaldDoyle
Segments:     7
Lanes:        4
Junctions:    8
Ramps:        2
Sensors:      5
Mode:         PeMS Data-Driven
Car-Following: Gipps
ODE Solver:   Ballistic
Vmax:         35.0 m/s
======================================================================
Skipping Source actor due to time limit at clock = 43201.00125327633
Skipping Source actor due to time limit at clock = 43210.6788297557
-----------------------------
| Model.cleanup in progress |
-----------------------------
cleanup: agenda
cleanup: wait queues
coroutine counts = (17747829,17746641,17746044)
[ModelOptimizer] Fitness: 4.8525 | Elapsed: 71.03 sec
[ModelOptimizer] Evaluating parameters: VectorD(2.41459,	1.20729,	-2.29271,	1.40120,	0.853647)

======================================================================
TRAFFIC MODEL BUILDER SUMMARY
======================================================================
Network:      US-101-N-DonaldDoyle
Segments:     7
Lanes:        4
Junctions:    8
Ramps:        2
Sensors:      5
Mode:         PeMS Data-Driven
Car-Following: Gipps
ODE Solver:   Ballistic
Vmax:         35.0 m/s
======================================================================
Skipping Source actor due to time limit at clock = 43201.00125327633
Skipping Source actor due to time limit at clock = 43210.6788297557
-----------------------------
| Model.cleanup in progress |
-----------------------------
cleanup: agenda
cleanup: wait queues
coroutine counts = (17807586,17806394,17805795)
[ModelOptimizer] Fitness: 4.8479 | Elapsed: 72.95 sec
[ModelOptimizer] Evaluating parameters: VectorD(1.28803,	0.644017,	-2.85598,	0.922414,	0.572008)

======================================================================
TRAFFIC MODEL BUILDER SUMMARY
======================================================================
Network:      US-101-N-DonaldDoyle
Segments:     7
Lanes:        4
Junctions:    8
Ramps:        2
Sensors:      5
Mode:         PeMS Data-Driven
Car-Following: Gipps
ODE Solver:   Ballistic
Vmax:         35.0 m/s
======================================================================
Skipping Source actor due to time limit at clock = 43201.00125327633
Skipping Source actor due to time limit at clock = 43210.6788297557
-----------------------------
| Model.cleanup in progress |
-----------------------------
cleanup: agenda
cleanup: wait queues
coroutine counts = (17867343,17866147,17865546)
[ModelOptimizer] Fitness: 5.3016 | Elapsed: 88.25 sec
[ModelOptimizer] Evaluating parameters: VectorD(3.56640,	1.78320,	-1.71680,	1.89072,	1.14160)

======================================================================
TRAFFIC MODEL BUILDER SUMMARY
======================================================================
Network:      US-101-N-DonaldDoyle
Segments:     7
Lanes:        4
Junctions:    8
Ramps:        2
Sensors:      5
Mode:         PeMS Data-Driven
Car-Following: Gipps
ODE Solver:   Ballistic
Vmax:         35.0 m/s
======================================================================
Skipping Source actor due to time limit at clock = 43201.00125327633
Skipping Source actor due to time limit at clock = 43210.6788297557
-----------------------------
| Model.cleanup in progress |
-----------------------------
cleanup: agenda
cleanup: wait queues
coroutine counts = (17927100,17925900,17925297)
[ModelOptimizer] Fitness: 5.0551 | Elapsed: 60.47 sec
[ModelOptimizer] Evaluating parameters: VectorD(4.77779,	2.38890,	-1.11110,	2.40556,	1.44445)

======================================================================
TRAFFIC MODEL BUILDER SUMMARY
======================================================================
Network:      US-101-N-DonaldDoyle
Segments:     7
Lanes:        4
Junctions:    8
Ramps:        2
Sensors:      5
Mode:         PeMS Data-Driven
Car-Following: Gipps
ODE Solver:   Ballistic
Vmax:         35.0 m/s
======================================================================
Skipping Source actor due to time limit at clock = 43201.00125327633
Skipping Source actor due to time limit at clock = 43210.6788297557
-----------------------------
| Model.cleanup in progress |
-----------------------------
cleanup: agenda
cleanup: wait queues
coroutine counts = (17986857,17985653,17985048)
[ModelOptimizer] Fitness: 6.2655 | Elapsed: 59.14 sec
      26 |      1.70949854 |      1.70949854 |       6.5% ✓
[ModelOptimizer] Evaluating parameters: VectorD(3.99187,	1.88349,	-6.27340,	2.86276,	3.94954)

======================================================================
TRAFFIC MODEL BUILDER SUMMARY
======================================================================
Network:      US-101-N-DonaldDoyle
Segments:     7
Lanes:        4
Junctions:    8
Ramps:        2
Sensors:      5
Mode:         PeMS Data-Driven
Car-Following: Gipps
ODE Solver:   Ballistic
Vmax:         35.0 m/s
======================================================================
Skipping Source actor due to time limit at clock = 43201.00125327633
Skipping Source actor due to time limit at clock = 43210.6788297557
-----------------------------
| Model.cleanup in progress |
-----------------------------
cleanup: agenda
cleanup: wait queues
coroutine counts = (18046614,18045406,18044799)
[ModelOptimizer] Fitness: 1.7104 | Elapsed: 36.63 sec
[ModelOptimizer] Evaluating parameters: VectorD(3.08272,	1.85690,	-5.13695,	2.96903,	3.39694)

======================================================================
TRAFFIC MODEL BUILDER SUMMARY
======================================================================
Network:      US-101-N-DonaldDoyle
Segments:     7
Lanes:        4
Junctions:    8
Ramps:        2
Sensors:      5
Mode:         PeMS Data-Driven
Car-Following: Gipps
ODE Solver:   Ballistic
Vmax:         35.0 m/s
======================================================================
Skipping Source actor due to time limit at clock = 43201.00125327633
Skipping Source actor due to time limit at clock = 43210.6788297557
-----------------------------
| Model.cleanup in progress |
-----------------------------
cleanup: agenda
cleanup: wait queues
coroutine counts = (18106371,18105159,18104550)
[ModelOptimizer] Fitness: 1.7111 | Elapsed: 40.61 sec
[ModelOptimizer] Evaluating parameters: VectorD(4.47733,	1.53251,	-6.28981,	3.71506,	3.18752)

======================================================================
TRAFFIC MODEL BUILDER SUMMARY
======================================================================
Network:      US-101-N-DonaldDoyle
Segments:     7
Lanes:        4
Junctions:    8
Ramps:        2
Sensors:      5
Mode:         PeMS Data-Driven
Car-Following: Gipps
ODE Solver:   Ballistic
Vmax:         35.0 m/s
======================================================================
Skipping Source actor due to time limit at clock = 43201.00125327633
Skipping Source actor due to time limit at clock = 43210.6788297557
-----------------------------
| Model.cleanup in progress |
-----------------------------
cleanup: agenda
cleanup: wait queues
coroutine counts = (18166128,18164912,18164301)
[ModelOptimizer] Fitness: 1.7113 | Elapsed: 39.54 sec
[ModelOptimizer] Evaluating parameters: VectorD(3.24480,	1.98478,	-4.95572,	3.62859,	4.02307)

======================================================================
TRAFFIC MODEL BUILDER SUMMARY
======================================================================
Network:      US-101-N-DonaldDoyle
Segments:     7
Lanes:        4
Junctions:    8
Ramps:        2
Sensors:      5
Mode:         PeMS Data-Driven
Car-Following: Gipps
ODE Solver:   Ballistic
Vmax:         35.0 m/s
======================================================================
Skipping Source actor due to time limit at clock = 43201.00125327633
Skipping Source actor due to time limit at clock = 43210.6788297557
-----------------------------
| Model.cleanup in progress |
-----------------------------
cleanup: agenda
cleanup: wait queues
coroutine counts = (18225885,18224665,18224052)
[ModelOptimizer] Fitness: 1.7110 | Elapsed: 35.44 sec
[ModelOptimizer] Evaluating parameters: VectorD(4.43870,	1.67449,	-5.67394,	2.96915,	3.86530)

======================================================================
TRAFFIC MODEL BUILDER SUMMARY
======================================================================
Network:      US-101-N-DonaldDoyle
Segments:     7
Lanes:        4
Junctions:    8
Ramps:        2
Sensors:      5
Mode:         PeMS Data-Driven
Car-Following: Gipps
ODE Solver:   Ballistic
Vmax:         35.0 m/s
======================================================================
Skipping Source actor due to time limit at clock = 43201.00125327633
Skipping Source actor due to time limit at clock = 43210.6788297557
-----------------------------
| Model.cleanup in progress |
-----------------------------
cleanup: agenda
cleanup: wait queues
coroutine counts = (18285642,18284418,18283803)
[ModelOptimizer] Fitness: 1.7098 | Elapsed: 39.40 sec
[ModelOptimizer] Evaluating parameters: VectorD(3.53318,	1.46428,	-5.38212,	3.24414,	4.56860)

======================================================================
TRAFFIC MODEL BUILDER SUMMARY
======================================================================
Network:      US-101-N-DonaldDoyle
Segments:     7
Lanes:        4
Junctions:    8
Ramps:        2
Sensors:      5
Mode:         PeMS Data-Driven
Car-Following: Gipps
ODE Solver:   Ballistic
Vmax:         35.0 m/s
======================================================================
Skipping Source actor due to time limit at clock = 43201.00125327633
Skipping Source actor due to time limit at clock = 43210.6788297557
-----------------------------
| Model.cleanup in progress |
-----------------------------
cleanup: agenda
cleanup: wait queues
coroutine counts = (18345399,18344171,18343554)
[ModelOptimizer] Fitness: 1.7112 | Elapsed: 33.72 sec
[ModelOptimizer] Evaluating parameters: VectorD(1.45367,	0.726836,	-2.77316,	0.992810,	0.613418)

======================================================================
TRAFFIC MODEL BUILDER SUMMARY
======================================================================
Network:      US-101-N-DonaldDoyle
Segments:     7
Lanes:        4
Junctions:    8
Ramps:        2
Sensors:      5
Mode:         PeMS Data-Driven
Car-Following: Gipps
ODE Solver:   Ballistic
Vmax:         35.0 m/s
======================================================================
Skipping Source actor due to time limit at clock = 43201.00125327633
Skipping Source actor due to time limit at clock = 43210.6788297557
-----------------------------
| Model.cleanup in progress |
-----------------------------
cleanup: agenda
cleanup: wait queues
coroutine counts = (18405156,18403924,18403305)
[ModelOptimizer] Fitness: 5.1747 | Elapsed: 86.17 sec
[ModelOptimizer] Evaluating parameters: VectorD(4.08047,	2.04023,	-1.45977,	2.10920,	1.27012)

======================================================================
TRAFFIC MODEL BUILDER SUMMARY
======================================================================
Network:      US-101-N-DonaldDoyle
Segments:     7
Lanes:        4
Junctions:    8
Ramps:        2
Sensors:      5
Mode:         PeMS Data-Driven
Car-Following: Gipps
ODE Solver:   Ballistic
Vmax:         35.0 m/s
======================================================================
Skipping Source actor due to time limit at clock = 43201.00125327633
Skipping Source actor due to time limit at clock = 43210.6788297557
-----------------------------
| Model.cleanup in progress |
-----------------------------
cleanup: agenda
cleanup: wait queues
coroutine counts = (18464913,18463677,18463056)
[ModelOptimizer] Fitness: 5.4101 | Elapsed: 59.65 sec
[ModelOptimizer] Evaluating parameters: VectorD(3.36199,	1.68099,	-1.81901,	1.80385,	1.09050)

======================================================================
TRAFFIC MODEL BUILDER SUMMARY
======================================================================
Network:      US-101-N-DonaldDoyle
Segments:     7
Lanes:        4
Junctions:    8
Ramps:        2
Sensors:      5
Mode:         PeMS Data-Driven
Car-Following: Gipps
ODE Solver:   Ballistic
Vmax:         35.0 m/s
======================================================================
Skipping Source actor due to time limit at clock = 43201.00125327633
Skipping Source actor due to time limit at clock = 43210.6788297557
-----------------------------
| Model.cleanup in progress |
-----------------------------
cleanup: agenda
cleanup: wait queues
coroutine counts = (18524670,18523430,18522807)
[ModelOptimizer] Fitness: 4.9923 | Elapsed: 62.98 sec
[ModelOptimizer] Evaluating parameters: VectorD(4.50357,	2.25178,	-1.24822,	2.28902,	1.37589)

======================================================================
TRAFFIC MODEL BUILDER SUMMARY
======================================================================
Network:      US-101-N-DonaldDoyle
Segments:     7
Lanes:        4
Junctions:    8
Ramps:        2
Sensors:      5
Mode:         PeMS Data-Driven
Car-Following: Gipps
ODE Solver:   Ballistic
Vmax:         35.0 m/s
======================================================================
Skipping Source actor due to time limit at clock = 43201.00125327633
Skipping Source actor due to time limit at clock = 43210.6788297557
-----------------------------
| Model.cleanup in progress |
-----------------------------
cleanup: agenda
cleanup: wait queues
coroutine counts = (18584427,18583183,18582558)
[ModelOptimizer] Fitness: 5.8669 | Elapsed: 59.06 sec
[ModelOptimizer] Evaluating parameters: VectorD(4.75817,	2.37909,	-1.12091,	2.39722,	1.43954)

======================================================================
TRAFFIC MODEL BUILDER SUMMARY
======================================================================
Network:      US-101-N-DonaldDoyle
Segments:     7
Lanes:        4
Junctions:    8
Ramps:        2
Sensors:      5
Mode:         PeMS Data-Driven
Car-Following: Gipps
ODE Solver:   Ballistic
Vmax:         35.0 m/s
======================================================================
Skipping Source actor due to time limit at clock = 43201.00125327633
Skipping Source actor due to time limit at clock = 43210.6788297557
-----------------------------
| Model.cleanup in progress |
-----------------------------
cleanup: agenda
cleanup: wait queues
coroutine counts = (18644184,18642936,18642309)
[ModelOptimizer] Fitness: 6.2304 | Elapsed: 54.43 sec
      27 |      1.70949854 |      1.70949854 |       6.8% ✓
[ModelOptimizer] Evaluating parameters: VectorD(3.58878,	1.88100,	-5.00165,	3.22315,	3.62019)

======================================================================
TRAFFIC MODEL BUILDER SUMMARY
======================================================================
Network:      US-101-N-DonaldDoyle
Segments:     7
Lanes:        4
Junctions:    8
Ramps:        2
Sensors:      5
Mode:         PeMS Data-Driven
Car-Following: Gipps
ODE Solver:   Ballistic
Vmax:         35.0 m/s
======================================================================
Skipping Source actor due to time limit at clock = 43201.00125327633
Skipping Source actor due to time limit at clock = 43210.6788297557
-----------------------------
| Model.cleanup in progress |
-----------------------------
cleanup: agenda
cleanup: wait queues
coroutine counts = (18703941,18702689,18702060)
[ModelOptimizer] Fitness: 1.7088 | Elapsed: 38.68 sec
[ModelOptimizer] Evaluating parameters: VectorD(3.87451,	1.95139,	-6.34655,	3.61877,	3.26910)

======================================================================
TRAFFIC MODEL BUILDER SUMMARY
======================================================================
Network:      US-101-N-DonaldDoyle
Segments:     7
Lanes:        4
Junctions:    8
Ramps:        2
Sensors:      5
Mode:         PeMS Data-Driven
Car-Following: Gipps
ODE Solver:   Ballistic
Vmax:         35.0 m/s
======================================================================
Skipping Source actor due to time limit at clock = 43201.00125327633
Skipping Source actor due to time limit at clock = 43210.6788297557
-----------------------------
| Model.cleanup in progress |
-----------------------------
cleanup: agenda
cleanup: wait queues
coroutine counts = (18763698,18762442,18761811)
[ModelOptimizer] Fitness: 1.7109 | Elapsed: 38.78 sec
[ModelOptimizer] Evaluating parameters: VectorD(5.06173,	2.04991,	-6.60194,	3.69283,	4.12333)

======================================================================
TRAFFIC MODEL BUILDER SUMMARY
======================================================================
Network:      US-101-N-DonaldDoyle
Segments:     7
Lanes:        4
Junctions:    8
Ramps:        2
Sensors:      5
Mode:         PeMS Data-Driven
Car-Following: Gipps
ODE Solver:   Ballistic
Vmax:         35.0 m/s
======================================================================
Skipping Source actor due to time limit at clock = 43201.00125327633
Skipping Source actor due to time limit at clock = 43210.6788297557
-----------------------------
| Model.cleanup in progress |
-----------------------------
cleanup: agenda
cleanup: wait queues
coroutine counts = (18823455,18822195,18821562)
[ModelOptimizer] Fitness: 1.7088 | Elapsed: 34.76 sec
[ModelOptimizer] Evaluating parameters: VectorD(3.33064,	1.57533,	-5.14606,	2.97111,	4.35466)

======================================================================
TRAFFIC MODEL BUILDER SUMMARY
======================================================================
Network:      US-101-N-DonaldDoyle
Segments:     7
Lanes:        4
Junctions:    8
Ramps:        2
Sensors:      5
Mode:         PeMS Data-Driven
Car-Following: Gipps
ODE Solver:   Ballistic
Vmax:         35.0 m/s
======================================================================
Skipping Source actor due to time limit at clock = 43201.00125327633
Skipping Source actor due to time limit at clock = 43210.6788297557
-----------------------------
| Model.cleanup in progress |
-----------------------------
cleanup: agenda
cleanup: wait queues
coroutine counts = (18883212,18881948,18881313)
[ModelOptimizer] Fitness: 1.7128 | Elapsed: 37.13 sec
[ModelOptimizer] Evaluating parameters: VectorD(3.90167,	1.28938,	-6.51376,	3.00055,	3.10758)

======================================================================
TRAFFIC MODEL BUILDER SUMMARY
======================================================================
Network:      US-101-N-DonaldDoyle
Segments:     7
Lanes:        4
Junctions:    8
Ramps:        2
Sensors:      5
Mode:         PeMS Data-Driven
Car-Following: Gipps
ODE Solver:   Ballistic
Vmax:         35.0 m/s
======================================================================
Skipping Source actor due to time limit at clock = 43201.00125327633
Skipping Source actor due to time limit at clock = 43210.6788297557
-----------------------------
| Model.cleanup in progress |
-----------------------------
cleanup: agenda
cleanup: wait queues
coroutine counts = (18942969,18941701,18941064)
[ModelOptimizer] Fitness: 1.7118 | Elapsed: 40.08 sec
[ModelOptimizer] Evaluating parameters: VectorD(4.24460,	1.70679,	-7.50189,	3.13413,	4.21838)

======================================================================
TRAFFIC MODEL BUILDER SUMMARY
======================================================================
Network:      US-101-N-DonaldDoyle
Segments:     7
Lanes:        4
Junctions:    8
Ramps:        2
Sensors:      5
Mode:         PeMS Data-Driven
Car-Following: Gipps
ODE Solver:   Ballistic
Vmax:         35.0 m/s
======================================================================
Skipping Source actor due to time limit at clock = 43201.00125327633
Skipping Source actor due to time limit at clock = 43210.6788297557
-----------------------------
| Model.cleanup in progress |
-----------------------------
cleanup: agenda
cleanup: wait queues
coroutine counts = (19002726,19001454,19000815)
[ModelOptimizer] Fitness: 1.7121 | Elapsed: 37.56 sec
[ModelOptimizer] Evaluating parameters: VectorD(4.13460,	2.06730,	-1.43270,	2.13220,	1.28365)

======================================================================
TRAFFIC MODEL BUILDER SUMMARY
======================================================================
Network:      US-101-N-DonaldDoyle
Segments:     7
Lanes:        4
Junctions:    8
Ramps:        2
Sensors:      5
Mode:         PeMS Data-Driven
Car-Following: Gipps
ODE Solver:   Ballistic
Vmax:         35.0 m/s
======================================================================
Skipping Source actor due to time limit at clock = 43201.00125327633
Skipping Source actor due to time limit at clock = 43210.6788297557
-----------------------------
| Model.cleanup in progress |
-----------------------------
cleanup: agenda
cleanup: wait queues
coroutine counts = (19062483,19061207,19060566)
[ModelOptimizer] Fitness: 5.4631 | Elapsed: 59.68 sec
[ModelOptimizer] Evaluating parameters: VectorD(3.85490,	1.92745,	-1.57255,	2.01333,	1.21373)

======================================================================
TRAFFIC MODEL BUILDER SUMMARY
======================================================================
Network:      US-101-N-DonaldDoyle
Segments:     7
Lanes:        4
Junctions:    8
Ramps:        2
Sensors:      5
Mode:         PeMS Data-Driven
Car-Following: Gipps
ODE Solver:   Ballistic
Vmax:         35.0 m/s
======================================================================
Skipping Source actor due to time limit at clock = 43201.00125327633
Skipping Source actor due to time limit at clock = 43210.6788297557
-----------------------------
| Model.cleanup in progress |
-----------------------------
cleanup: agenda
cleanup: wait queues
coroutine counts = (19122240,19120960,19120317)
[ModelOptimizer] Fitness: 5.2372 | Elapsed: 47.35 sec
[ModelOptimizer] Evaluating parameters: VectorD(4.87420,	2.43710,	-1.06290,	2.44654,	1.46855)

======================================================================
TRAFFIC MODEL BUILDER SUMMARY
======================================================================
Network:      US-101-N-DonaldDoyle
Segments:     7
Lanes:        4
Junctions:    8
Ramps:        2
Sensors:      5
Mode:         PeMS Data-Driven
Car-Following: Gipps
ODE Solver:   Ballistic
Vmax:         35.0 m/s
======================================================================
Skipping Source actor due to time limit at clock = 43201.00125327633
Skipping Source actor due to time limit at clock = 43210.6788297557
-----------------------------
| Model.cleanup in progress |
-----------------------------
cleanup: agenda
cleanup: wait queues
coroutine counts = (19181997,19180713,19180068)
[ModelOptimizer] Fitness: 6.4067 | Elapsed: 42.57 sec
[ModelOptimizer] Evaluating parameters: VectorD(2.84520,	1.42260,	-2.07740,	1.58421,	0.961300)

======================================================================
TRAFFIC MODEL BUILDER SUMMARY
======================================================================
Network:      US-101-N-DonaldDoyle
Segments:     7
Lanes:        4
Junctions:    8
Ramps:        2
Sensors:      5
Mode:         PeMS Data-Driven
Car-Following: Gipps
ODE Solver:   Ballistic
Vmax:         35.0 m/s
======================================================================
Skipping Source actor due to time limit at clock = 43201.00125327633
Skipping Source actor due to time limit at clock = 43210.6788297557
-----------------------------
| Model.cleanup in progress |
-----------------------------
cleanup: agenda
cleanup: wait queues
coroutine counts = (19241754,19240466,19239819)
[ModelOptimizer] Fitness: 4.8759 | Elapsed: 51.09 sec
[ModelOptimizer] Evaluating parameters: VectorD(2.67719,	1.33860,	-2.16140,	1.51281,	0.919298)

======================================================================
TRAFFIC MODEL BUILDER SUMMARY
======================================================================
Network:      US-101-N-DonaldDoyle
Segments:     7
Lanes:        4
Junctions:    8
Ramps:        2
Sensors:      5
Mode:         PeMS Data-Driven
Car-Following: Gipps
ODE Solver:   Ballistic
Vmax:         35.0 m/s
======================================================================
Skipping Source actor due to time limit at clock = 43201.00125327633
Skipping Source actor due to time limit at clock = 43210.6788297557
-----------------------------
| Model.cleanup in progress |
-----------------------------
cleanup: agenda
cleanup: wait queues
coroutine counts = (19301511,19300219,19299570)
[ModelOptimizer] Fitness: 4.8373 | Elapsed: 49.88 sec
      28 |      1.70879444 |      1.70879444 |       7.0% ✓
[ModelOptimizer] Evaluating parameters: VectorD(3.80576,	1.58272,	-4.52759,	3.19742,	3.95506)

======================================================================
TRAFFIC MODEL BUILDER SUMMARY
======================================================================
Network:      US-101-N-DonaldDoyle
Segments:     7
Lanes:        4
Junctions:    8
Ramps:        2
Sensors:      5
Mode:         PeMS Data-Driven
Car-Following: Gipps
ODE Solver:   Ballistic
Vmax:         35.0 m/s
======================================================================
Skipping Source actor due to time limit at clock = 43201.00125327633
Skipping Source actor due to time limit at clock = 43210.6788297557
-----------------------------
| Model.cleanup in progress |
-----------------------------
cleanup: agenda
cleanup: wait queues
coroutine counts = (19361268,19359972,19359321)
[ModelOptimizer] Fitness: 1.7112 | Elapsed: 28.74 sec
[ModelOptimizer] Evaluating parameters: VectorD(4.49972,	1.59645,	-7.32630,	3.34365,	2.81341)

======================================================================
TRAFFIC MODEL BUILDER SUMMARY
======================================================================
Network:      US-101-N-DonaldDoyle
Segments:     7
Lanes:        4
Junctions:    8
Ramps:        2
Sensors:      5
Mode:         PeMS Data-Driven
Car-Following: Gipps
ODE Solver:   Ballistic
Vmax:         35.0 m/s
======================================================================
Skipping Source actor due to time limit at clock = 43201.00125327633
Skipping Source actor due to time limit at clock = 43210.6788297557
-----------------------------
| Model.cleanup in progress |
-----------------------------
cleanup: agenda
cleanup: wait queues
coroutine counts = (19421025,19419725,19419072)
[ModelOptimizer] Fitness: 1.7124 | Elapsed: 30.70 sec
[ModelOptimizer] Evaluating parameters: VectorD(5.02170,	1.92232,	-7.77542,	3.40125,	3.50041)

======================================================================
TRAFFIC MODEL BUILDER SUMMARY
======================================================================
Network:      US-101-N-DonaldDoyle
Segments:     7
Lanes:        4
Junctions:    8
Ramps:        2
Sensors:      5
Mode:         PeMS Data-Driven
Car-Following: Gipps
ODE Solver:   Ballistic
Vmax:         35.0 m/s
======================================================================
Skipping Source actor due to time limit at clock = 43201.00125327633
Skipping Source actor due to time limit at clock = 43210.6788297557
-----------------------------
| Model.cleanup in progress |
-----------------------------
cleanup: agenda
cleanup: wait queues
coroutine counts = (19480782,19479478,19478823)
[ModelOptimizer] Fitness: 1.7109 | Elapsed: 28.11 sec
[ModelOptimizer] Evaluating parameters: VectorD(4.31550,	1.39434,	-4.40488,	3.62833,	3.40571)

======================================================================
TRAFFIC MODEL BUILDER SUMMARY
======================================================================
Network:      US-101-N-DonaldDoyle
Segments:     7
Lanes:        4
Junctions:    8
Ramps:        2
Sensors:      5
Mode:         PeMS Data-Driven
Car-Following: Gipps
ODE Solver:   Ballistic
Vmax:         35.0 m/s
======================================================================
Skipping Source actor due to time limit at clock = 43201.00125327633
Skipping Source actor due to time limit at clock = 43210.6788297557
-----------------------------
| Model.cleanup in progress |
-----------------------------
cleanup: agenda
cleanup: wait queues
coroutine counts = (19540539,19539231,19538574)
[ModelOptimizer] Fitness: 1.7238 | Elapsed: 30.59 sec
[ModelOptimizer] Evaluating parameters: VectorD(3.40013,	1.50129,	-6.17768,	2.66418,	3.48893)

======================================================================
TRAFFIC MODEL BUILDER SUMMARY
======================================================================
Network:      US-101-N-DonaldDoyle
Segments:     7
Lanes:        4
Junctions:    8
Ramps:        2
Sensors:      5
Mode:         PeMS Data-Driven
Car-Following: Gipps
ODE Solver:   Ballistic
Vmax:         35.0 m/s
======================================================================
Skipping Source actor due to time limit at clock = 43201.00125327633
Skipping Source actor due to time limit at clock = 43210.6788297557
-----------------------------
| Model.cleanup in progress |
-----------------------------
cleanup: agenda
cleanup: wait queues
coroutine counts = (19600296,19598984,19598325)
[ModelOptimizer] Fitness: 1.7113 | Elapsed: 27.48 sec
[ModelOptimizer] Evaluating parameters: VectorD(3.28831,	1.52568,	-4.89076,	3.88123,	3.60616)

======================================================================
TRAFFIC MODEL BUILDER SUMMARY
======================================================================
Network:      US-101-N-DonaldDoyle
Segments:     7
Lanes:        4
Junctions:    8
Ramps:        2
Sensors:      5
Mode:         PeMS Data-Driven
Car-Following: Gipps
ODE Solver:   Ballistic
Vmax:         35.0 m/s
======================================================================
Skipping Source actor due to time limit at clock = 43201.00125327633
Skipping Source actor due to time limit at clock = 43210.6788297557
-----------------------------
| Model.cleanup in progress |
-----------------------------
cleanup: agenda
cleanup: wait queues
coroutine counts = (19660053,19658737,19658076)
[ModelOptimizer] Fitness: 1.7094 | Elapsed: 28.13 sec
[ModelOptimizer] Evaluating parameters: VectorD(1.01488,	0.507440,	-2.99256,	0.806324,	0.503720)

======================================================================
TRAFFIC MODEL BUILDER SUMMARY
======================================================================
Network:      US-101-N-DonaldDoyle
Segments:     7
Lanes:        4
Junctions:    8
Ramps:        2
Sensors:      5
Mode:         PeMS Data-Driven
Car-Following: Gipps
ODE Solver:   Ballistic
Vmax:         35.0 m/s
======================================================================
Skipping Source actor due to time limit at clock = 43201.00125327633
Skipping Source actor due to time limit at clock = 43210.6788297557
-----------------------------
| Model.cleanup in progress |
-----------------------------
cleanup: agenda
cleanup: wait queues
coroutine counts = (19719810,19718490,19717827)
[ModelOptimizer] Fitness: 5.6979 | Elapsed: 71.51 sec
[ModelOptimizer] Evaluating parameters: VectorD(3.51206,	1.75603,	-1.74397,	1.86763,	1.12801)

======================================================================
TRAFFIC MODEL BUILDER SUMMARY
======================================================================
Network:      US-101-N-DonaldDoyle
Segments:     7
Lanes:        4
Junctions:    8
Ramps:        2
Sensors:      5
Mode:         PeMS Data-Driven
Car-Following: Gipps
ODE Solver:   Ballistic
Vmax:         35.0 m/s
======================================================================
Skipping Source actor due to time limit at clock = 43201.00125327633
Skipping Source actor due to time limit at clock = 43210.6788297557
-----------------------------
| Model.cleanup in progress |
-----------------------------
cleanup: agenda
cleanup: wait queues
coroutine counts = (19779567,19778243,19777578)
[ModelOptimizer] Fitness: 5.0300 | Elapsed: 42.70 sec
[ModelOptimizer] Evaluating parameters: VectorD(1.87201,	0.936007,	-2.56399,	1.17061,	0.718003)

======================================================================
TRAFFIC MODEL BUILDER SUMMARY
======================================================================
Network:      US-101-N-DonaldDoyle
Segments:     7
Lanes:        4
Junctions:    8
Ramps:        2
Sensors:      5
Mode:         PeMS Data-Driven
Car-Following: Gipps
ODE Solver:   Ballistic
Vmax:         35.0 m/s
======================================================================
Skipping Source actor due to time limit at clock = 43201.00125327633
Skipping Source actor due to time limit at clock = 43210.6788297557
-----------------------------
| Model.cleanup in progress |
-----------------------------
cleanup: agenda
cleanup: wait queues
coroutine counts = (19839324,19837996,19837329)
[ModelOptimizer] Fitness: 4.9315 | Elapsed: 54.53 sec
[ModelOptimizer] Evaluating parameters: VectorD(3.49118,	1.74559,	-1.75441,	1.85875,	1.12280)

======================================================================
TRAFFIC MODEL BUILDER SUMMARY
======================================================================
Network:      US-101-N-DonaldDoyle
Segments:     7
Lanes:        4
Junctions:    8
Ramps:        2
Sensors:      5
Mode:         PeMS Data-Driven
Car-Following: Gipps
ODE Solver:   Ballistic
Vmax:         35.0 m/s
======================================================================
Skipping Source actor due to time limit at clock = 43201.00125327633
Skipping Source actor due to time limit at clock = 43210.6788297557
-----------------------------
| Model.cleanup in progress |
-----------------------------
cleanup: agenda
cleanup: wait queues
coroutine counts = (19899081,19897749,19897080)
[ModelOptimizer] Fitness: 5.0262 | Elapsed: 42.18 sec
[ModelOptimizer] Evaluating parameters: VectorD(3.19608,	1.59804,	-1.90196,	1.73333,	1.04902)

======================================================================
TRAFFIC MODEL BUILDER SUMMARY
======================================================================
Network:      US-101-N-DonaldDoyle
Segments:     7
Lanes:        4
Junctions:    8
Ramps:        2
Sensors:      5
Mode:         PeMS Data-Driven
Car-Following: Gipps
ODE Solver:   Ballistic
Vmax:         35.0 m/s
======================================================================
Skipping Source actor due to time limit at clock = 43201.00125327633
Skipping Source actor due to time limit at clock = 43210.6788297557
-----------------------------
| Model.cleanup in progress |
-----------------------------
cleanup: agenda
cleanup: wait queues
coroutine counts = (19958838,19957502,19956831)
[ModelOptimizer] Fitness: 4.9239 | Elapsed: 44.55 sec
      29 |      1.70879444 |      1.70879444 |       7.3% ✓
[ModelOptimizer] Evaluating parameters: VectorD(4.57869,	1.90383,	-4.53187,	3.34775,	4.25257)

======================================================================
TRAFFIC MODEL BUILDER SUMMARY
======================================================================
Network:      US-101-N-DonaldDoyle
Segments:     7
Lanes:        4
Junctions:    8
Ramps:        2
Sensors:      5
Mode:         PeMS Data-Driven
Car-Following: Gipps
ODE Solver:   Ballistic
Vmax:         35.0 m/s
======================================================================
Skipping Source actor due to time limit at clock = 43201.00125327633
Skipping Source actor due to time limit at clock = 43210.6788297557
-----------------------------
| Model.cleanup in progress |
-----------------------------
cleanup: agenda
cleanup: wait queues
coroutine counts = (20018595,20017255,20016582)
[ModelOptimizer] Fitness: 1.7128 | Elapsed: 24.99 sec
[ModelOptimizer] Evaluating parameters: VectorD(3.23692,	1.58204,	-5.73234,	3.90655,	3.98595)

======================================================================
TRAFFIC MODEL BUILDER SUMMARY
======================================================================
Network:      US-101-N-DonaldDoyle
Segments:     7
Lanes:        4
Junctions:    8
Ramps:        2
Sensors:      5
Mode:         PeMS Data-Driven
Car-Following: Gipps
ODE Solver:   Ballistic
Vmax:         35.0 m/s
======================================================================
Skipping Source actor due to time limit at clock = 43201.00125327633
Skipping Source actor due to time limit at clock = 43210.6788297557
-----------------------------
| Model.cleanup in progress |
-----------------------------
cleanup: agenda
cleanup: wait queues
coroutine counts = (20078352,20077008,20076333)
[ModelOptimizer] Fitness: 1.7109 | Elapsed: 25.42 sec
[ModelOptimizer] Evaluating parameters: VectorD(4.43515,	2.28048,	-6.73450,	2.85931,	2.78617)

======================================================================
TRAFFIC MODEL BUILDER SUMMARY
======================================================================
Network:      US-101-N-DonaldDoyle
Segments:     7
Lanes:        4
Junctions:    8
Ramps:        2
Sensors:      5
Mode:         PeMS Data-Driven
Car-Following: Gipps
ODE Solver:   Ballistic
Vmax:         35.0 m/s
======================================================================
Skipping Source actor due to time limit at clock = 43201.00125327633
Skipping Source actor due to time limit at clock = 43210.6788297557
-----------------------------
| Model.cleanup in progress |
-----------------------------
cleanup: agenda
cleanup: wait queues
coroutine counts = (20138109,20136761,20136084)
[ModelOptimizer] Fitness: 1.7129 | Elapsed: 28.26 sec
[ModelOptimizer] Evaluating parameters: VectorD(4.24110,	2.05196,	-5.14890,	3.62264,	3.43986)

======================================================================
TRAFFIC MODEL BUILDER SUMMARY
======================================================================
Network:      US-101-N-DonaldDoyle
Segments:     7
Lanes:        4
Junctions:    8
Ramps:        2
Sensors:      5
Mode:         PeMS Data-Driven
Car-Following: Gipps
ODE Solver:   Ballistic
Vmax:         35.0 m/s
======================================================================
Skipping Source actor due to time limit at clock = 43201.00125327633
Skipping Source actor due to time limit at clock = 43210.6788297557
-----------------------------
| Model.cleanup in progress |
-----------------------------
cleanup: agenda
cleanup: wait queues
coroutine counts = (20197866,20196514,20195835)
[ModelOptimizer] Fitness: 1.7112 | Elapsed: 25.60 sec
[ModelOptimizer] Evaluating parameters: VectorD(4.93224,	1.40472,	-6.21141,	3.39021,	3.48976)

======================================================================
TRAFFIC MODEL BUILDER SUMMARY
======================================================================
Network:      US-101-N-DonaldDoyle
Segments:     7
Lanes:        4
Junctions:    8
Ramps:        2
Sensors:      5
Mode:         PeMS Data-Driven
Car-Following: Gipps
ODE Solver:   Ballistic
Vmax:         35.0 m/s
======================================================================
Skipping Source actor due to time limit at clock = 43201.00125327633
Skipping Source actor due to time limit at clock = 43210.6788297557
-----------------------------
| Model.cleanup in progress |
-----------------------------
cleanup: agenda
cleanup: wait queues
coroutine counts = (20257623,20256267,20255585)
[ModelOptimizer] Fitness: 1.7113 | Elapsed: 25.50 sec
[ModelOptimizer] Evaluating parameters: VectorD(3.32515,	1.54448,	-4.70290,	3.26107,	4.05539)

======================================================================
TRAFFIC MODEL BUILDER SUMMARY
======================================================================
Network:      US-101-N-DonaldDoyle
Segments:     7
Lanes:        4
Junctions:    8
Ramps:        2
Sensors:      5
Mode:         PeMS Data-Driven
Car-Following: Gipps
ODE Solver:   Ballistic
Vmax:         35.0 m/s
======================================================================
Skipping Source actor due to time limit at clock = 43201.00125327633
Skipping Source actor due to time limit at clock = 43210.6788297557
-----------------------------
| Model.cleanup in progress |
-----------------------------
cleanup: agenda
cleanup: wait queues
coroutine counts = (20317380,20316020,20315336)
[ModelOptimizer] Fitness: 1.7111 | Elapsed: 24.14 sec
[ModelOptimizer] Evaluating parameters: VectorD(3.67588,	1.83794,	-1.66206,	1.93725,	1.16897)

======================================================================
TRAFFIC MODEL BUILDER SUMMARY
======================================================================
Network:      US-101-N-DonaldDoyle
Segments:     7
Lanes:        4
Junctions:    8
Ramps:        2
Sensors:      5
Mode:         PeMS Data-Driven
Car-Following: Gipps
ODE Solver:   Ballistic
Vmax:         35.0 m/s
======================================================================
Skipping Source actor due to time limit at clock = 43201.00125327633
Skipping Source actor due to time limit at clock = 43210.6788297557
-----------------------------
| Model.cleanup in progress |
-----------------------------
cleanup: agenda
cleanup: wait queues
coroutine counts = (20377137,20375773,20375087)
[ModelOptimizer] Fitness: 5.1282 | Elapsed: 40.26 sec
[ModelOptimizer] Evaluating parameters: VectorD(1.55283,	0.776415,	-2.72359,	1.03495,	0.638207)

======================================================================
TRAFFIC MODEL BUILDER SUMMARY
======================================================================
Network:      US-101-N-DonaldDoyle
Segments:     7
Lanes:        4
Junctions:    8
Ramps:        2
Sensors:      5
Mode:         PeMS Data-Driven
Car-Following: Gipps
ODE Solver:   Ballistic
Vmax:         35.0 m/s
======================================================================
Skipping Source actor due to time limit at clock = 43201.00125327633
Skipping Source actor due to time limit at clock = 43210.6788297557
-----------------------------
| Model.cleanup in progress |
-----------------------------
cleanup: agenda
cleanup: wait queues
coroutine counts = (20436894,20435526,20434838)
[ModelOptimizer] Fitness: 5.1072 | Elapsed: 58.85 sec
[ModelOptimizer] Evaluating parameters: VectorD(3.71879,	1.85939,	-1.64061,	1.95548,	1.17970)

======================================================================
TRAFFIC MODEL BUILDER SUMMARY
======================================================================
Network:      US-101-N-DonaldDoyle
Segments:     7
Lanes:        4
Junctions:    8
Ramps:        2
Sensors:      5
Mode:         PeMS Data-Driven
Car-Following: Gipps
ODE Solver:   Ballistic
Vmax:         35.0 m/s
======================================================================
Skipping Source actor due to time limit at clock = 43201.00125327633
Skipping Source actor due to time limit at clock = 43210.6788297557
-----------------------------
| Model.cleanup in progress |
-----------------------------
cleanup: agenda
cleanup: wait queues
coroutine counts = (20496651,20495279,20494589)
[ModelOptimizer] Fitness: 5.1228 | Elapsed: 41.42 sec
[ModelOptimizer] Evaluating parameters: VectorD(4.21924,	2.10962,	-1.39038,	2.16818,	1.30481)

======================================================================
TRAFFIC MODEL BUILDER SUMMARY
======================================================================
Network:      US-101-N-DonaldDoyle
Segments:     7
Lanes:        4
Junctions:    8
Ramps:        2
Sensors:      5
Mode:         PeMS Data-Driven
Car-Following: Gipps
ODE Solver:   Ballistic
Vmax:         35.0 m/s
======================================================================
Skipping Source actor due to time limit at clock = 43201.00125327633
Skipping Source actor due to time limit at clock = 43210.6788297557
-----------------------------
| Model.cleanup in progress |
-----------------------------
cleanup: agenda
cleanup: wait queues
coroutine counts = (20556408,20555032,20554340)
[ModelOptimizer] Fitness: 5.5277 | Elapsed: 39.85 sec
[ModelOptimizer] Evaluating parameters: VectorD(1.28243,	0.641215,	-2.85878,	0.920033,	0.570608)

======================================================================
TRAFFIC MODEL BUILDER SUMMARY
======================================================================
Network:      US-101-N-DonaldDoyle
Segments:     7
Lanes:        4
Junctions:    8
Ramps:        2
Sensors:      5
Mode:         PeMS Data-Driven
Car-Following: Gipps
ODE Solver:   Ballistic
Vmax:         35.0 m/s
======================================================================
Skipping Source actor due to time limit at clock = 43201.00125327633
Skipping Source actor due to time limit at clock = 43210.6788297557
-----------------------------
| Model.cleanup in progress |
-----------------------------
cleanup: agenda
cleanup: wait queues
coroutine counts = (20616165,20614785,20614091)
[ModelOptimizer] Fitness: 5.3053 | Elapsed: 62.56 sec
      30 |      1.70879444 |      1.70879444 |       7.5% ✓
[ModelOptimizer] Evaluating parameters: VectorD(5.72106,	1.71589,	-4.04686,	3.55841,	4.07352)

======================================================================
TRAFFIC MODEL BUILDER SUMMARY
======================================================================
Network:      US-101-N-DonaldDoyle
Segments:     7
Lanes:        4
Junctions:    8
Ramps:        2
Sensors:      5
Mode:         PeMS Data-Driven
Car-Following: Gipps
ODE Solver:   Ballistic
Vmax:         35.0 m/s
======================================================================
Skipping Source actor due to time limit at clock = 43201.00125327633
Skipping Source actor due to time limit at clock = 43210.6788297557
-----------------------------
| Model.cleanup in progress |
-----------------------------
cleanup: agenda
cleanup: wait queues
coroutine counts = (20675922,20674538,20673842)
[ModelOptimizer] Fitness: 1.7113 | Elapsed: 25.46 sec
[ModelOptimizer] Evaluating parameters: VectorD(5.98613,	1.95843,	-6.47750,	3.16020,	3.35373)

======================================================================
TRAFFIC MODEL BUILDER SUMMARY
======================================================================
Network:      US-101-N-DonaldDoyle
Segments:     7
Lanes:        4
Junctions:    8
Ramps:        2
Sensors:      5
Mode:         PeMS Data-Driven
Car-Following: Gipps
ODE Solver:   Ballistic
Vmax:         35.0 m/s
======================================================================
Skipping Source actor due to time limit at clock = 43201.00125327633
Skipping Source actor due to time limit at clock = 43210.6788297557
-----------------------------
| Model.cleanup in progress |
-----------------------------
cleanup: agenda
cleanup: wait queues
coroutine counts = (20735679,20734291,20733593)
[ModelOptimizer] Fitness: 1.7103 | Elapsed: 25.72 sec
[ModelOptimizer] Evaluating parameters: VectorD(3.71094,	1.91365,	-6.67598,	4.20783,	4.92090)

======================================================================
TRAFFIC MODEL BUILDER SUMMARY
======================================================================
Network:      US-101-N-DonaldDoyle
Segments:     7
Lanes:        4
Junctions:    8
Ramps:        2
Sensors:      5
Mode:         PeMS Data-Driven
Car-Following: Gipps
ODE Solver:   Ballistic
Vmax:         35.0 m/s
======================================================================
Skipping Source actor due to time limit at clock = 43201.00125327633
Skipping Source actor due to time limit at clock = 43210.6788297557
-----------------------------
| Model.cleanup in progress |
-----------------------------
cleanup: agenda
cleanup: wait queues
coroutine counts = (20795436,20794044,20793344)
[ModelOptimizer] Fitness: 1.7116 | Elapsed: 26.18 sec
[ModelOptimizer] Evaluating parameters: VectorD(3.52849,	1.79962,	-5.55002,	4.36812,	3.29346)

======================================================================
TRAFFIC MODEL BUILDER SUMMARY
======================================================================
Network:      US-101-N-DonaldDoyle
Segments:     7
Lanes:        4
Junctions:    8
Ramps:        2
Sensors:      5
Mode:         PeMS Data-Driven
Car-Following: Gipps
ODE Solver:   Ballistic
Vmax:         35.0 m/s
======================================================================
Skipping Source actor due to time limit at clock = 43201.00125327633
Skipping Source actor due to time limit at clock = 43210.6788297557
-----------------------------
| Model.cleanup in progress |
-----------------------------
cleanup: agenda
cleanup: wait queues
coroutine counts = (20855193,20853797,20853095)
[ModelOptimizer] Fitness: 1.7102 | Elapsed: 26.96 sec
[ModelOptimizer] Evaluating parameters: VectorD(4.31673,	1.91618,	-4.97248,	3.49789,	4.21479)

======================================================================
TRAFFIC MODEL BUILDER SUMMARY
======================================================================
Network:      US-101-N-DonaldDoyle
Segments:     7
Lanes:        4
Junctions:    8
Ramps:        2
Sensors:      5
Mode:         PeMS Data-Driven
Car-Following: Gipps
ODE Solver:   Ballistic
Vmax:         35.0 m/s
======================================================================
Skipping Source actor due to time limit at clock = 43201.00125327633
Skipping Source actor due to time limit at clock = 43210.6788297557
-----------------------------
| Model.cleanup in progress |
-----------------------------
cleanup: agenda
cleanup: wait queues
coroutine counts = (20914950,20913550,20912846)
[ModelOptimizer] Fitness: 1.7119 | Elapsed: 24.85 sec
[ModelOptimizer] Evaluating parameters: VectorD(2.63444,	2.04085,	-6.15317,	3.46516,	3.63491)

======================================================================
TRAFFIC MODEL BUILDER SUMMARY
======================================================================
Network:      US-101-N-DonaldDoyle
Segments:     7
Lanes:        4
Junctions:    8
Ramps:        2
Sensors:      5
Mode:         PeMS Data-Driven
Car-Following: Gipps
ODE Solver:   Ballistic
Vmax:         35.0 m/s
======================================================================
Skipping Source actor due to time limit at clock = 43201.00125327633
Skipping Source actor due to time limit at clock = 43210.6788297557
-----------------------------
| Model.cleanup in progress |
-----------------------------
cleanup: agenda
cleanup: wait queues
coroutine counts = (20974707,20973303,20972597)
[ModelOptimizer] Fitness: 1.7101 | Elapsed: 27.18 sec
[ModelOptimizer] Evaluating parameters: VectorD(2.48968,	1.24484,	-2.25516,	1.43311,	0.872419)

======================================================================
TRAFFIC MODEL BUILDER SUMMARY
======================================================================
Network:      US-101-N-DonaldDoyle
Segments:     7
Lanes:        4
Junctions:    8
Ramps:        2
Sensors:      5
Mode:         PeMS Data-Driven
Car-Following: Gipps
ODE Solver:   Ballistic
Vmax:         35.0 m/s
======================================================================
Skipping Source actor due to time limit at clock = 43201.00125327633
Skipping Source actor due to time limit at clock = 43210.6788297557
-----------------------------
| Model.cleanup in progress |
-----------------------------
cleanup: agenda
cleanup: wait queues
coroutine counts = (21034464,21033056,21032348)
[ModelOptimizer] Fitness: 4.8868 | Elapsed: 47.40 sec
[ModelOptimizer] Evaluating parameters: VectorD(3.15090,	1.57545,	-1.92455,	1.71413,	1.03773)

======================================================================
TRAFFIC MODEL BUILDER SUMMARY
======================================================================
Network:      US-101-N-DonaldDoyle
Segments:     7
Lanes:        4
Junctions:    8
Ramps:        2
Sensors:      5
Mode:         PeMS Data-Driven
Car-Following: Gipps
ODE Solver:   Ballistic
Vmax:         35.0 m/s
======================================================================
Skipping Source actor due to time limit at clock = 43201.00125327633
Skipping Source actor due to time limit at clock = 43210.6788297557
-----------------------------
| Model.cleanup in progress |
-----------------------------
cleanup: agenda
cleanup: wait queues
coroutine counts = (21094221,21092809,21092099)
[ModelOptimizer] Fitness: 4.8912 | Elapsed: 43.44 sec
[ModelOptimizer] Evaluating parameters: VectorD(1.15669,	0.578343,	-2.92166,	0.866592,	0.539172)

======================================================================
TRAFFIC MODEL BUILDER SUMMARY
======================================================================
Network:      US-101-N-DonaldDoyle
Segments:     7
Lanes:        4
Junctions:    8
Ramps:        2
Sensors:      5
Mode:         PeMS Data-Driven
Car-Following: Gipps
ODE Solver:   Ballistic
Vmax:         35.0 m/s
======================================================================
Skipping Source actor due to time limit at clock = 43201.00125327633
Skipping Source actor due to time limit at clock = 43210.6788297557
-----------------------------
| Model.cleanup in progress |
-----------------------------
cleanup: agenda
cleanup: wait queues
coroutine counts = (21153978,21152562,21151850)
[ModelOptimizer] Fitness: 5.4549 | Elapsed: 65.95 sec
[ModelOptimizer] Evaluating parameters: VectorD(1.88111,	0.940554,	-2.55945,	1.17447,	0.720277)

======================================================================
TRAFFIC MODEL BUILDER SUMMARY
======================================================================
Network:      US-101-N-DonaldDoyle
Segments:     7
Lanes:        4
Junctions:    8
Ramps:        2
Sensors:      5
Mode:         PeMS Data-Driven
Car-Following: Gipps
ODE Solver:   Ballistic
Vmax:         35.0 m/s
======================================================================
Skipping Source actor due to time limit at clock = 43201.00125327633
Skipping Source actor due to time limit at clock = 43210.6788297557
-----------------------------
| Model.cleanup in progress |
-----------------------------
cleanup: agenda
cleanup: wait queues
coroutine counts = (21213735,21212315,21211601)
[ModelOptimizer] Fitness: 4.9597 | Elapsed: 53.93 sec
[ModelOptimizer] Evaluating parameters: VectorD(1.77161,	0.885804,	-2.61420,	1.12793,	0.692902)

======================================================================
TRAFFIC MODEL BUILDER SUMMARY
======================================================================
Network:      US-101-N-DonaldDoyle
Segments:     7
Lanes:        4
Junctions:    8
Ramps:        2
Sensors:      5
Mode:         PeMS Data-Driven
Car-Following: Gipps
ODE Solver:   Ballistic
Vmax:         35.0 m/s
======================================================================
Skipping Source actor due to time limit at clock = 43201.00125327633
Skipping Source actor due to time limit at clock = 43210.6788297557
-----------------------------
| Model.cleanup in progress |
-----------------------------
cleanup: agenda
cleanup: wait queues
coroutine counts = (21273492,21272068,21271352)
[ModelOptimizer] Fitness: 4.9830 | Elapsed: 54.81 sec
      31 |      1.70879444 |      1.70879444 |       7.8% ✓
[ModelOptimizer] Evaluating parameters: VectorD(3.33100,	1.50996,	-4.90227,	3.60613,	4.67305)

======================================================================
TRAFFIC MODEL BUILDER SUMMARY
======================================================================
Network:      US-101-N-DonaldDoyle
Segments:     7
Lanes:        4
Junctions:    8
Ramps:        2
Sensors:      5
Mode:         PeMS Data-Driven
Car-Following: Gipps
ODE Solver:   Ballistic
Vmax:         35.0 m/s
======================================================================
Skipping Source actor due to time limit at clock = 43201.00125327633
Skipping Source actor due to time limit at clock = 43210.6788297557
-----------------------------
| Model.cleanup in progress |
-----------------------------
cleanup: agenda
cleanup: wait queues
coroutine counts = (21333249,21331821,21331103)
[ModelOptimizer] Fitness: 1.7111 | Elapsed: 24.40 sec
[ModelOptimizer] Evaluating parameters: VectorD(3.30561,	1.56961,	-3.95938,	3.22571,	4.18822)

======================================================================
TRAFFIC MODEL BUILDER SUMMARY
======================================================================
Network:      US-101-N-DonaldDoyle
Segments:     7
Lanes:        4
Junctions:    8
Ramps:        2
Sensors:      5
Mode:         PeMS Data-Driven
Car-Following: Gipps
ODE Solver:   Ballistic
Vmax:         35.0 m/s
======================================================================
Skipping Source actor due to time limit at clock = 43201.00125327633
Skipping Source actor due to time limit at clock = 43210.6788297557
-----------------------------
| Model.cleanup in progress |
-----------------------------
cleanup: agenda
cleanup: wait queues
coroutine counts = (21393006,21391574,21390854)
[ModelOptimizer] Fitness: 1.7100 | Elapsed: 25.68 sec
[ModelOptimizer] Evaluating parameters: VectorD(4.51283,	1.92763,	-5.81754,	4.06138,	2.92433)

======================================================================
TRAFFIC MODEL BUILDER SUMMARY
======================================================================
Network:      US-101-N-DonaldDoyle
Segments:     7
Lanes:        4
Junctions:    8
Ramps:        2
Sensors:      5
Mode:         PeMS Data-Driven
Car-Following: Gipps
ODE Solver:   Ballistic
Vmax:         35.0 m/s
======================================================================
Skipping Source actor due to time limit at clock = 43201.00125327633
Skipping Source actor due to time limit at clock = 43210.6788297557
-----------------------------
| Model.cleanup in progress |
-----------------------------
cleanup: agenda
cleanup: wait queues
coroutine counts = (21452763,21451327,21450605)
[ModelOptimizer] Fitness: 1.7119 | Elapsed: 27.25 sec
[ModelOptimizer] Evaluating parameters: VectorD(2.69250,	1.34238,	-3.96528,	4.19675,	3.24778)

======================================================================
TRAFFIC MODEL BUILDER SUMMARY
======================================================================
Network:      US-101-N-DonaldDoyle
Segments:     7
Lanes:        4
Junctions:    8
Ramps:        2
Sensors:      5
Mode:         PeMS Data-Driven
Car-Following: Gipps
ODE Solver:   Ballistic
Vmax:         35.0 m/s
======================================================================
Skipping Source actor due to time limit at clock = 43201.00125327633
Skipping Source actor due to time limit at clock = 43210.6788297557
-----------------------------
| Model.cleanup in progress |
-----------------------------
cleanup: agenda
cleanup: wait queues
coroutine counts = (21512520,21511080,21510356)
[ModelOptimizer] Fitness: 1.8024 | Elapsed: 26.96 sec
[ModelOptimizer] Evaluating parameters: VectorD(4.01200,	1.44285,	-6.82289,	3.12895,	2.97134)

======================================================================
TRAFFIC MODEL BUILDER SUMMARY
======================================================================
Network:      US-101-N-DonaldDoyle
Segments:     7
Lanes:        4
Junctions:    8
Ramps:        2
Sensors:      5
Mode:         PeMS Data-Driven
Car-Following: Gipps
ODE Solver:   Ballistic
Vmax:         35.0 m/s
======================================================================
Skipping Source actor due to time limit at clock = 43201.00125327633
Skipping Source actor due to time limit at clock = 43210.6788297557
-----------------------------
| Model.cleanup in progress |
-----------------------------
cleanup: agenda
cleanup: wait queues
coroutine counts = (21572277,21570833,21570107)
[ModelOptimizer] Fitness: 1.7112 | Elapsed: 27.73 sec
[ModelOptimizer] Evaluating parameters: VectorD(3.99937,	1.78340,	-5.67873,	4.14016,	3.21864)

======================================================================
TRAFFIC MODEL BUILDER SUMMARY
======================================================================
Network:      US-101-N-DonaldDoyle
Segments:     7
Lanes:        4
Junctions:    8
Ramps:        2
Sensors:      5
Mode:         PeMS Data-Driven
Car-Following: Gipps
ODE Solver:   Ballistic
Vmax:         35.0 m/s
======================================================================
Skipping Source actor due to time limit at clock = 43201.00125327633
Skipping Source actor due to time limit at clock = 43210.6788297557
-----------------------------
| Model.cleanup in progress |
-----------------------------
cleanup: agenda
cleanup: wait queues
coroutine counts = (21632034,21630586,21629858)
[ModelOptimizer] Fitness: 1.7119 | Elapsed: 27.09 sec
[ModelOptimizer] Evaluating parameters: VectorD(1.64357,	0.821787,	-2.67821,	1.07352,	0.660894)

======================================================================
TRAFFIC MODEL BUILDER SUMMARY
======================================================================
Network:      US-101-N-DonaldDoyle
Segments:     7
Lanes:        4
Junctions:    8
Ramps:        2
Sensors:      5
Mode:         PeMS Data-Driven
Car-Following: Gipps
ODE Solver:   Ballistic
Vmax:         35.0 m/s
======================================================================
Skipping Source actor due to time limit at clock = 43201.00125327633
Skipping Source actor due to time limit at clock = 43210.6788297557
-----------------------------
| Model.cleanup in progress |
-----------------------------
cleanup: agenda
cleanup: wait queues
coroutine counts = (21691791,21690339,21689609)
[ModelOptimizer] Fitness: 5.0687 | Elapsed: 56.81 sec
[ModelOptimizer] Evaluating parameters: VectorD(4.46511,	2.23256,	-1.26744,	2.27267,	1.36628)

======================================================================
TRAFFIC MODEL BUILDER SUMMARY
======================================================================
Network:      US-101-N-DonaldDoyle
Segments:     7
Lanes:        4
Junctions:    8
Ramps:        2
Sensors:      5
Mode:         PeMS Data-Driven
Car-Following: Gipps
ODE Solver:   Ballistic
Vmax:         35.0 m/s
======================================================================
Skipping Source actor due to time limit at clock = 43201.00125327633
Skipping Source actor due to time limit at clock = 43210.6788297557
-----------------------------
| Model.cleanup in progress |
-----------------------------
cleanup: agenda
cleanup: wait queues
coroutine counts = (21751548,21750092,21749360)
[ModelOptimizer] Fitness: 5.8635 | Elapsed: 39.30 sec
[ModelOptimizer] Evaluating parameters: VectorD(1.41659,	0.708294,	-2.79171,	0.977050,	0.604147)

======================================================================
TRAFFIC MODEL BUILDER SUMMARY
======================================================================
Network:      US-101-N-DonaldDoyle
Segments:     7
Lanes:        4
Junctions:    8
Ramps:        2
Sensors:      5
Mode:         PeMS Data-Driven
Car-Following: Gipps
ODE Solver:   Ballistic
Vmax:         35.0 m/s
======================================================================
Skipping Source actor due to time limit at clock = 43201.00125327633
Skipping Source actor due to time limit at clock = 43210.6788297557
-----------------------------
| Model.cleanup in progress |
-----------------------------
cleanup: agenda
cleanup: wait queues
coroutine counts = (21811305,21809845,21809111)
[ModelOptimizer] Fitness: 5.2383 | Elapsed: 60.30 sec
[ModelOptimizer] Evaluating parameters: VectorD(2.14661,	1.07331,	-2.42669,	1.28731,	0.786653)

======================================================================
TRAFFIC MODEL BUILDER SUMMARY
======================================================================
Network:      US-101-N-DonaldDoyle
Segments:     7
Lanes:        4
Junctions:    8
Ramps:        2
Sensors:      5
Mode:         PeMS Data-Driven
Car-Following: Gipps
ODE Solver:   Ballistic
Vmax:         35.0 m/s
======================================================================
Skipping Source actor due to time limit at clock = 43201.00125327633
Skipping Source actor due to time limit at clock = 43210.6788297557
-----------------------------
| Model.cleanup in progress |
-----------------------------
cleanup: agenda
cleanup: wait queues
coroutine counts = (21871062,21869598,21868862)
[ModelOptimizer] Fitness: 4.8994 | Elapsed: 50.40 sec
[ModelOptimizer] Evaluating parameters: VectorD(4.10750,	2.05375,	-1.44625,	2.12069,	1.27687)

======================================================================
TRAFFIC MODEL BUILDER SUMMARY
======================================================================
Network:      US-101-N-DonaldDoyle
Segments:     7
Lanes:        4
Junctions:    8
Ramps:        2
Sensors:      5
Mode:         PeMS Data-Driven
Car-Following: Gipps
ODE Solver:   Ballistic
Vmax:         35.0 m/s
======================================================================
Skipping Source actor due to time limit at clock = 43201.00125327633
Skipping Source actor due to time limit at clock = 43210.6788297557
-----------------------------
| Model.cleanup in progress |
-----------------------------
cleanup: agenda
cleanup: wait queues
coroutine counts = (21930819,21929351,21928613)
[ModelOptimizer] Fitness: 5.4292 | Elapsed: 39.12 sec
      32 |      1.70879444 |      1.70879444 |       8.0% ✓
[ModelOptimizer] Evaluating parameters: VectorD(4.06204,	1.96728,	-7.33293,	3.78419,	4.09886)

======================================================================
TRAFFIC MODEL BUILDER SUMMARY
======================================================================
Network:      US-101-N-DonaldDoyle
Segments:     7
Lanes:        4
Junctions:    8
Ramps:        2
Sensors:      5
Mode:         PeMS Data-Driven
Car-Following: Gipps
ODE Solver:   Ballistic
Vmax:         35.0 m/s
======================================================================
Skipping Source actor due to time limit at clock = 43201.00125327633
Skipping Source actor due to time limit at clock = 43210.6788297557
-----------------------------
| Model.cleanup in progress |
-----------------------------
cleanup: agenda
cleanup: wait queues
coroutine counts = (21990576,21989104,21988364)
[ModelOptimizer] Fitness: 1.7097 | Elapsed: 25.99 sec
[ModelOptimizer] Evaluating parameters: VectorD(5.75464,	1.95827,	-5.53995,	3.88334,	3.82393)

======================================================================
TRAFFIC MODEL BUILDER SUMMARY
======================================================================
Network:      US-101-N-DonaldDoyle
Segments:     7
Lanes:        4
Junctions:    8
Ramps:        2
Sensors:      5
Mode:         PeMS Data-Driven
Car-Following: Gipps
ODE Solver:   Ballistic
Vmax:         35.0 m/s
======================================================================
Skipping Source actor due to time limit at clock = 43201.00125327633
Skipping Source actor due to time limit at clock = 43210.6788297557
-----------------------------
| Model.cleanup in progress |
-----------------------------
cleanup: agenda
cleanup: wait queues
coroutine counts = (22050333,22048857,22048115)
[ModelOptimizer] Fitness: 1.7103 | Elapsed: 25.82 sec
[ModelOptimizer] Evaluating parameters: VectorD(3.79394,	1.98932,	-5.60102,	3.92023,	3.89967)

======================================================================
TRAFFIC MODEL BUILDER SUMMARY
======================================================================
Network:      US-101-N-DonaldDoyle
Segments:     7
Lanes:        4
Junctions:    8
Ramps:        2
Sensors:      5
Mode:         PeMS Data-Driven
Car-Following: Gipps
ODE Solver:   Ballistic
Vmax:         35.0 m/s
======================================================================
Skipping Source actor due to time limit at clock = 43201.00125327633
Skipping Source actor due to time limit at clock = 43210.6788297557
-----------------------------
| Model.cleanup in progress |
-----------------------------
cleanup: agenda
cleanup: wait queues
coroutine counts = (22110090,22108610,22107866)
[ModelOptimizer] Fitness: 1.7103 | Elapsed: 26.19 sec
[ModelOptimizer] Evaluating parameters: VectorD(3.15217,	1.77617,	-5.85943,	3.78099,	3.16503)

======================================================================
TRAFFIC MODEL BUILDER SUMMARY
======================================================================
Network:      US-101-N-DonaldDoyle
Segments:     7
Lanes:        4
Junctions:    8
Ramps:        2
Sensors:      5
Mode:         PeMS Data-Driven
Car-Following: Gipps
ODE Solver:   Ballistic
Vmax:         35.0 m/s
======================================================================
Skipping Source actor due to time limit at clock = 43201.00125327633
Skipping Source actor due to time limit at clock = 43210.6788297557
-----------------------------
| Model.cleanup in progress |
-----------------------------
cleanup: agenda
cleanup: wait queues
coroutine counts = (22169847,22168363,22167617)
[ModelOptimizer] Fitness: 1.7114 | Elapsed: 26.57 sec
[ModelOptimizer] Evaluating parameters: VectorD(3.31289,	1.54377,	-5.79966,	3.28265,	3.40079)

======================================================================
TRAFFIC MODEL BUILDER SUMMARY
======================================================================
Network:      US-101-N-DonaldDoyle
Segments:     7
Lanes:        4
Junctions:    8
Ramps:        2
Sensors:      5
Mode:         PeMS Data-Driven
Car-Following: Gipps
ODE Solver:   Ballistic
Vmax:         35.0 m/s
======================================================================
Skipping Source actor due to time limit at clock = 43201.00125327633
Skipping Source actor due to time limit at clock = 43210.6788297557
-----------------------------
| Model.cleanup in progress |
-----------------------------
cleanup: agenda
cleanup: wait queues
coroutine counts = (22229604,22228116,22227368)
[ModelOptimizer] Fitness: 1.7108 | Elapsed: 26.78 sec
[ModelOptimizer] Evaluating parameters: VectorD(5.46442,	1.50800,	-5.82964,	2.85144,	2.87519)

======================================================================
TRAFFIC MODEL BUILDER SUMMARY
======================================================================
Network:      US-101-N-DonaldDoyle
Segments:     7
Lanes:        4
Junctions:    8
Ramps:        2
Sensors:      5
Mode:         PeMS Data-Driven
Car-Following: Gipps
ODE Solver:   Ballistic
Vmax:         35.0 m/s
======================================================================
Skipping Source actor due to time limit at clock = 43201.00125327633
Skipping Source actor due to time limit at clock = 43210.6788297557
-----------------------------
| Model.cleanup in progress |
-----------------------------
cleanup: agenda
cleanup: wait queues
coroutine counts = (22289361,22287869,22287119)
[ModelOptimizer] Fitness: 1.7115 | Elapsed: 27.68 sec
[ModelOptimizer] Evaluating parameters: VectorD(2.69598,	1.34799,	-2.15201,	1.52079,	0.923995)

======================================================================
TRAFFIC MODEL BUILDER SUMMARY
======================================================================
Network:      US-101-N-DonaldDoyle
Segments:     7
Lanes:        4
Junctions:    8
Ramps:        2
Sensors:      5
Mode:         PeMS Data-Driven
Car-Following: Gipps
ODE Solver:   Ballistic
Vmax:         35.0 m/s
======================================================================
Skipping Source actor due to time limit at clock = 43201.00125327633
Skipping Source actor due to time limit at clock = 43210.6788297557
-----------------------------
| Model.cleanup in progress |
-----------------------------
cleanup: agenda
cleanup: wait queues
coroutine counts = (22349118,22347622,22346870)
[ModelOptimizer] Fitness: 4.8526 | Elapsed: 45.43 sec
[ModelOptimizer] Evaluating parameters: VectorD(1.45736,	0.728680,	-2.77132,	0.994378,	0.614340)

======================================================================
TRAFFIC MODEL BUILDER SUMMARY
======================================================================
Network:      US-101-N-DonaldDoyle
Segments:     7
Lanes:        4
Junctions:    8
Ramps:        2
Sensors:      5
Mode:         PeMS Data-Driven
Car-Following: Gipps
ODE Solver:   Ballistic
Vmax:         35.0 m/s
======================================================================
Skipping Source actor due to time limit at clock = 43201.00125327633
Skipping Source actor due to time limit at clock = 43210.6788297557
-----------------------------
| Model.cleanup in progress |
-----------------------------
cleanup: agenda
cleanup: wait queues
coroutine counts = (22408875,22407375,22406621)
[ModelOptimizer] Fitness: 5.1471 | Elapsed: 59.32 sec
[ModelOptimizer] Evaluating parameters: VectorD(4.95579,	2.47790,	-1.02210,	2.48121,	1.48895)

======================================================================
TRAFFIC MODEL BUILDER SUMMARY
======================================================================
Network:      US-101-N-DonaldDoyle
Segments:     7
Lanes:        4
Junctions:    8
Ramps:        2
Sensors:      5
Mode:         PeMS Data-Driven
Car-Following: Gipps
ODE Solver:   Ballistic
Vmax:         35.0 m/s
======================================================================
Skipping Source actor due to time limit at clock = 43201.00125327633
Skipping Source actor due to time limit at clock = 43210.6788297557
-----------------------------
| Model.cleanup in progress |
-----------------------------
cleanup: agenda
cleanup: wait queues
coroutine counts = (22468632,22467128,22466372)
[ModelOptimizer] Fitness: 6.5059 | Elapsed: 39.45 sec
[ModelOptimizer] Evaluating parameters: VectorD(2.86025,	1.43012,	-2.06988,	1.59061,	0.965062)

======================================================================
TRAFFIC MODEL BUILDER SUMMARY
======================================================================
Network:      US-101-N-DonaldDoyle
Segments:     7
Lanes:        4
Junctions:    8
Ramps:        2
Sensors:      5
Mode:         PeMS Data-Driven
Car-Following: Gipps
ODE Solver:   Ballistic
Vmax:         35.0 m/s
======================================================================
Skipping Source actor due to time limit at clock = 43201.00125327633
Skipping Source actor due to time limit at clock = 43210.6788297557
-----------------------------
| Model.cleanup in progress |
-----------------------------
cleanup: agenda
cleanup: wait queues
coroutine counts = (22528389,22526881,22526123)
[ModelOptimizer] Fitness: 4.8407 | Elapsed: 44.82 sec
[ModelOptimizer] Evaluating parameters: VectorD(2.53727,	1.26863,	-2.23137,	1.45334,	0.884317)

======================================================================
TRAFFIC MODEL BUILDER SUMMARY
======================================================================
Network:      US-101-N-DonaldDoyle
Segments:     7
Lanes:        4
Junctions:    8
Ramps:        2
Sensors:      5
Mode:         PeMS Data-Driven
Car-Following: Gipps
ODE Solver:   Ballistic
Vmax:         35.0 m/s
======================================================================
Skipping Source actor due to time limit at clock = 43201.00125327633
Skipping Source actor due to time limit at clock = 43210.6788297557
-----------------------------
| Model.cleanup in progress |
-----------------------------
cleanup: agenda
cleanup: wait queues
coroutine counts = (22588146,22586634,22585874)
[ModelOptimizer] Fitness: 4.8154 | Elapsed: 47.22 sec
      33 |      1.70879444 |      1.70879444 |       8.3% ✓
[ModelOptimizer] Evaluating parameters: VectorD(3.86510,	2.07663,	-5.83292,	2.61701,	3.74677)

======================================================================
TRAFFIC MODEL BUILDER SUMMARY
======================================================================
Network:      US-101-N-DonaldDoyle
Segments:     7
Lanes:        4
Junctions:    8
Ramps:        2
Sensors:      5
Mode:         PeMS Data-Driven
Car-Following: Gipps
ODE Solver:   Ballistic
Vmax:         35.0 m/s
======================================================================
Skipping Source actor due to time limit at clock = 43201.00125327633
Skipping Source actor due to time limit at clock = 43210.6788297557
-----------------------------
| Model.cleanup in progress |
-----------------------------
cleanup: agenda
cleanup: wait queues
coroutine counts = (22647903,22646387,22645625)
[ModelOptimizer] Fitness: 1.7097 | Elapsed: 24.88 sec
[ModelOptimizer] Evaluating parameters: VectorD(5.45448,	2.19690,	-6.85207,	3.81934,	4.17661)

======================================================================
TRAFFIC MODEL BUILDER SUMMARY
======================================================================
Network:      US-101-N-DonaldDoyle
Segments:     7
Lanes:        4
Junctions:    8
Ramps:        2
Sensors:      5
Mode:         PeMS Data-Driven
Car-Following: Gipps
ODE Solver:   Ballistic
Vmax:         35.0 m/s
======================================================================
Skipping Source actor due to time limit at clock = 43201.00125327633
Skipping Source actor due to time limit at clock = 43210.6788297557
-----------------------------
| Model.cleanup in progress |
-----------------------------
cleanup: agenda
cleanup: wait queues
coroutine counts = (22707660,22706140,22705376)
[ModelOptimizer] Fitness: 1.7101 | Elapsed: 25.32 sec
[ModelOptimizer] Evaluating parameters: VectorD(4.62773,	1.75808,	-5.29936,	3.18479,	3.66038)

======================================================================
TRAFFIC MODEL BUILDER SUMMARY
======================================================================
Network:      US-101-N-DonaldDoyle
Segments:     7
Lanes:        4
Junctions:    8
Ramps:        2
Sensors:      5
Mode:         PeMS Data-Driven
Car-Following: Gipps
ODE Solver:   Ballistic
Vmax:         35.0 m/s
======================================================================
Skipping Source actor due to time limit at clock = 43201.00125327633
Skipping Source actor due to time limit at clock = 43210.6788297557
-----------------------------
| Model.cleanup in progress |
-----------------------------
cleanup: agenda
cleanup: wait queues
coroutine counts = (22767417,22765893,22765127)
[ModelOptimizer] Fitness: 1.7099 | Elapsed: 24.87 sec
[ModelOptimizer] Evaluating parameters: VectorD(3.12115,	1.42673,	-4.62387,	3.44119,	4.17077)

======================================================================
TRAFFIC MODEL BUILDER SUMMARY
======================================================================
Network:      US-101-N-DonaldDoyle
Segments:     7
Lanes:        4
Junctions:    8
Ramps:        2
Sensors:      5
Mode:         PeMS Data-Driven
Car-Following: Gipps
ODE Solver:   Ballistic
Vmax:         35.0 m/s
======================================================================
Skipping Source actor due to time limit at clock = 43201.00125327633
Skipping Source actor due to time limit at clock = 43210.6788297557
-----------------------------
| Model.cleanup in progress |
-----------------------------
cleanup: agenda
cleanup: wait queues
coroutine counts = (22827174,22825646,22824878)
[ModelOptimizer] Fitness: 1.7100 | Elapsed: 25.44 sec
[ModelOptimizer] Evaluating parameters: VectorD(3.70084,	1.79568,	-4.79543,	3.24368,	3.97104)

======================================================================
TRAFFIC MODEL BUILDER SUMMARY
======================================================================
Network:      US-101-N-DonaldDoyle
Segments:     7
Lanes:        4
Junctions:    8
Ramps:        2
Sensors:      5
Mode:         PeMS Data-Driven
Car-Following: Gipps
ODE Solver:   Ballistic
Vmax:         35.0 m/s
======================================================================
Skipping Source actor due to time limit at clock = 43201.00125327633
Skipping Source actor due to time limit at clock = 43210.6788297557
-----------------------------
| Model.cleanup in progress |
-----------------------------
cleanup: agenda
cleanup: wait queues
coroutine counts = (22886931,22885399,22884629)
[ModelOptimizer] Fitness: 1.7110 | Elapsed: 24.81 sec
[ModelOptimizer] Evaluating parameters: VectorD(3.58063,	1.82358,	-5.50914,	3.87398,	4.22056)

======================================================================
TRAFFIC MODEL BUILDER SUMMARY
======================================================================
Network:      US-101-N-DonaldDoyle
Segments:     7
Lanes:        4
Junctions:    8
Ramps:        2
Sensors:      5
Mode:         PeMS Data-Driven
Car-Following: Gipps
ODE Solver:   Ballistic
Vmax:         35.0 m/s
======================================================================
Skipping Source actor due to time limit at clock = 43201.00125327633
Skipping Source actor due to time limit at clock = 43210.6788297557
-----------------------------
| Model.cleanup in progress |
-----------------------------
cleanup: agenda
cleanup: wait queues
coroutine counts = (22946688,22945152,22944380)
[ModelOptimizer] Fitness: 1.7123 | Elapsed: 25.63 sec
[ModelOptimizer] Evaluating parameters: VectorD(4.78341,	2.39171,	-1.10829,	2.40795,	1.44585)

======================================================================
TRAFFIC MODEL BUILDER SUMMARY
======================================================================
Network:      US-101-N-DonaldDoyle
Segments:     7
Lanes:        4
Junctions:    8
Ramps:        2
Sensors:      5
Mode:         PeMS Data-Driven
Car-Following: Gipps
ODE Solver:   Ballistic
Vmax:         35.0 m/s
======================================================================
Skipping Source actor due to time limit at clock = 43201.00125327633
Skipping Source actor due to time limit at clock = 43210.6788297557
-----------------------------
| Model.cleanup in progress |
-----------------------------
cleanup: agenda
cleanup: wait queues
coroutine counts = (23006445,23004905,23004131)
[ModelOptimizer] Fitness: 6.2666 | Elapsed: 38.85 sec
[ModelOptimizer] Evaluating parameters: VectorD(3.12332,	1.56166,	-1.93834,	1.70241,	1.03083)

======================================================================
TRAFFIC MODEL BUILDER SUMMARY
======================================================================
Network:      US-101-N-DonaldDoyle
Segments:     7
Lanes:        4
Junctions:    8
Ramps:        2
Sensors:      5
Mode:         PeMS Data-Driven
Car-Following: Gipps
ODE Solver:   Ballistic
Vmax:         35.0 m/s
======================================================================
Skipping Source actor due to time limit at clock = 43201.00125327633
Skipping Source actor due to time limit at clock = 43210.6788297557
-----------------------------
| Model.cleanup in progress |
-----------------------------
cleanup: agenda
cleanup: wait queues
coroutine counts = (23066202,23064658,23063882)
[ModelOptimizer] Fitness: 4.9132 | Elapsed: 44.41 sec
[ModelOptimizer] Evaluating parameters: VectorD(4.13776,	2.06888,	-1.43112,	2.13355,	1.28444)

======================================================================
TRAFFIC MODEL BUILDER SUMMARY
======================================================================
Network:      US-101-N-DonaldDoyle
Segments:     7
Lanes:        4
Junctions:    8
Ramps:        2
Sensors:      5
Mode:         PeMS Data-Driven
Car-Following: Gipps
ODE Solver:   Ballistic
Vmax:         35.0 m/s
======================================================================
Skipping Source actor due to time limit at clock = 43201.00125327633
Skipping Source actor due to time limit at clock = 43210.6788297557
-----------------------------
| Model.cleanup in progress |
-----------------------------
cleanup: agenda
cleanup: wait queues
coroutine counts = (23125959,23124411,23123633)
[ModelOptimizer] Fitness: 5.4711 | Elapsed: 40.16 sec
[ModelOptimizer] Evaluating parameters: VectorD(3.46712,	1.73356,	-1.76644,	1.84853,	1.11678)

======================================================================
TRAFFIC MODEL BUILDER SUMMARY
======================================================================
Network:      US-101-N-DonaldDoyle
Segments:     7
Lanes:        4
Junctions:    8
Ramps:        2
Sensors:      5
Mode:         PeMS Data-Driven
Car-Following: Gipps
ODE Solver:   Ballistic
Vmax:         35.0 m/s
======================================================================
Skipping Source actor due to time limit at clock = 43201.00125327633
Skipping Source actor due to time limit at clock = 43210.6788297557
-----------------------------
| Model.cleanup in progress |
-----------------------------
cleanup: agenda
cleanup: wait queues
coroutine counts = (23185716,23184164,23183384)
[ModelOptimizer] Fitness: 5.0062 | Elapsed: 41.94 sec
[ModelOptimizer] Evaluating parameters: VectorD(3.47035,	1.73517,	-1.76483,	1.84990,	1.11759)

======================================================================
TRAFFIC MODEL BUILDER SUMMARY
======================================================================
Network:      US-101-N-DonaldDoyle
Segments:     7
Lanes:        4
Junctions:    8
Ramps:        2
Sensors:      5
Mode:         PeMS Data-Driven
Car-Following: Gipps
ODE Solver:   Ballistic
Vmax:         35.0 m/s
======================================================================
Skipping Source actor due to time limit at clock = 43201.00125327633
Skipping Source actor due to time limit at clock = 43210.6788297557
-----------------------------
| Model.cleanup in progress |
-----------------------------
cleanup: agenda
cleanup: wait queues
coroutine counts = (23245473,23243917,23243135)
[ModelOptimizer] Fitness: 5.0002 | Elapsed: 41.08 sec
      34 |      1.70879444 |      1.70879444 |       8.5% ✓
[ModelOptimizer] Evaluating parameters: VectorD(5.36157,	2.04633,	-5.63190,	3.55058,	3.24300)

======================================================================
TRAFFIC MODEL BUILDER SUMMARY
======================================================================
Network:      US-101-N-DonaldDoyle
Segments:     7
Lanes:        4
Junctions:    8
Ramps:        2
Sensors:      5
Mode:         PeMS Data-Driven
Car-Following: Gipps
ODE Solver:   Ballistic
Vmax:         35.0 m/s
======================================================================
Skipping Source actor due to time limit at clock = 43201.00125327633
Skipping Source actor due to time limit at clock = 43210.6788297557
-----------------------------
| Model.cleanup in progress |
-----------------------------
cleanup: agenda
cleanup: wait queues
coroutine counts = (23305230,23303670,23302886)
[ModelOptimizer] Fitness: 1.7114 | Elapsed: 26.38 sec
[ModelOptimizer] Evaluating parameters: VectorD(6.05588,	2.15856,	-4.73647,	4.19241,	4.12107)

======================================================================
TRAFFIC MODEL BUILDER SUMMARY
======================================================================
Network:      US-101-N-DonaldDoyle
Segments:     7
Lanes:        4
Junctions:    8
Ramps:        2
Sensors:      5
Mode:         PeMS Data-Driven
Car-Following: Gipps
ODE Solver:   Ballistic
Vmax:         35.0 m/s
======================================================================
Skipping Source actor due to time limit at clock = 43201.00125327633
Skipping Source actor due to time limit at clock = 43210.6788297557
-----------------------------
| Model.cleanup in progress |
-----------------------------
cleanup: agenda
cleanup: wait queues
coroutine counts = (23364987,23363423,23362637)
[ModelOptimizer] Fitness: 1.7090 | Elapsed: 24.56 sec
[ModelOptimizer] Evaluating parameters: VectorD(4.97702,	1.70410,	-5.72911,	3.68758,	3.74668)

======================================================================
TRAFFIC MODEL BUILDER SUMMARY
======================================================================
Network:      US-101-N-DonaldDoyle
Segments:     7
Lanes:        4
Junctions:    8
Ramps:        2
Sensors:      5
Mode:         PeMS Data-Driven
Car-Following: Gipps
ODE Solver:   Ballistic
Vmax:         35.0 m/s
======================================================================
Skipping Source actor due to time limit at clock = 43201.00125327633
Skipping Source actor due to time limit at clock = 43210.6788297557
-----------------------------
| Model.cleanup in progress |
-----------------------------
cleanup: agenda
cleanup: wait queues
coroutine counts = (23424744,23423176,23422388)
[ModelOptimizer] Fitness: 1.7097 | Elapsed: 26.29 sec
[ModelOptimizer] Evaluating parameters: VectorD(3.64276,	1.68145,	-5.92121,	3.13656,	3.76810)

======================================================================
TRAFFIC MODEL BUILDER SUMMARY
======================================================================
Network:      US-101-N-DonaldDoyle
Segments:     7
Lanes:        4
Junctions:    8
Ramps:        2
Sensors:      5
Mode:         PeMS Data-Driven
Car-Following: Gipps
ODE Solver:   Ballistic
Vmax:         35.0 m/s
======================================================================
Skipping Source actor due to time limit at clock = 43201.00125327633
Skipping Source actor due to time limit at clock = 43210.6788297557
-----------------------------
| Model.cleanup in progress |
-----------------------------
cleanup: agenda
cleanup: wait queues
coroutine counts = (23484501,23482929,23482139)
[ModelOptimizer] Fitness: 1.7095 | Elapsed: 24.99 sec
[ModelOptimizer] Evaluating parameters: VectorD(5.04376,	1.67871,	-6.83271,	3.10499,	2.97307)

======================================================================
TRAFFIC MODEL BUILDER SUMMARY
======================================================================
Network:      US-101-N-DonaldDoyle
Segments:     7
Lanes:        4
Junctions:    8
Ramps:        2
Sensors:      5
Mode:         PeMS Data-Driven
Car-Following: Gipps
ODE Solver:   Ballistic
Vmax:         35.0 m/s
======================================================================
Skipping Source actor due to time limit at clock = 43201.00125327633
Skipping Source actor due to time limit at clock = 43210.6788297557
-----------------------------
| Model.cleanup in progress |
-----------------------------
cleanup: agenda
cleanup: wait queues
coroutine counts = (23544258,23542682,23541890)
[ModelOptimizer] Fitness: 1.7114 | Elapsed: 27.66 sec
[ModelOptimizer] Evaluating parameters: VectorD(5.24326,	1.84687,	-7.43548,	3.90245,	3.89130)

======================================================================
TRAFFIC MODEL BUILDER SUMMARY
======================================================================
Network:      US-101-N-DonaldDoyle
Segments:     7
Lanes:        4
Junctions:    8
Ramps:        2
Sensors:      5
Mode:         PeMS Data-Driven
Car-Following: Gipps
ODE Solver:   Ballistic
Vmax:         35.0 m/s
======================================================================
Skipping Source actor due to time limit at clock = 43201.00125327633
Skipping Source actor due to time limit at clock = 43210.6788297557
-----------------------------
| Model.cleanup in progress |
-----------------------------
cleanup: agenda
cleanup: wait queues
coroutine counts = (23604015,23602435,23601641)
[ModelOptimizer] Fitness: 1.7096 | Elapsed: 24.98 sec
[ModelOptimizer] Evaluating parameters: VectorD(4.59193,	2.29596,	-1.20404,	2.32657,	1.39798)

======================================================================
TRAFFIC MODEL BUILDER SUMMARY
======================================================================
Network:      US-101-N-DonaldDoyle
Segments:     7
Lanes:        4
Junctions:    8
Ramps:        2
Sensors:      5
Mode:         PeMS Data-Driven
Car-Following: Gipps
ODE Solver:   Ballistic
Vmax:         35.0 m/s
======================================================================
Skipping Source actor due to time limit at clock = 43201.00125327633
Skipping Source actor due to time limit at clock = 43210.6788297557
-----------------------------
| Model.cleanup in progress |
-----------------------------
cleanup: agenda
cleanup: wait queues
coroutine counts = (23663772,23662188,23661392)
[ModelOptimizer] Fitness: 5.9979 | Elapsed: 39.67 sec
[ModelOptimizer] Evaluating parameters: VectorD(3.45656,	1.72828,	-1.77172,	1.84404,	1.11414)

======================================================================
TRAFFIC MODEL BUILDER SUMMARY
======================================================================
Network:      US-101-N-DonaldDoyle
Segments:     7
Lanes:        4
Junctions:    8
Ramps:        2
Sensors:      5
Mode:         PeMS Data-Driven
Car-Following: Gipps
ODE Solver:   Ballistic
Vmax:         35.0 m/s
======================================================================
Skipping Source actor due to time limit at clock = 43201.00125327633
Skipping Source actor due to time limit at clock = 43210.6788297557
-----------------------------
| Model.cleanup in progress |
-----------------------------
cleanup: agenda
cleanup: wait queues
coroutine counts = (23723529,23721941,23721143)
[ModelOptimizer] Fitness: 5.0153 | Elapsed: 43.73 sec
[ModelOptimizer] Evaluating parameters: VectorD(3.73885,	1.86942,	-1.63058,	1.96401,	1.18471)

======================================================================
TRAFFIC MODEL BUILDER SUMMARY
======================================================================
Network:      US-101-N-DonaldDoyle
Segments:     7
Lanes:        4
Junctions:    8
Ramps:        2
Sensors:      5
Mode:         PeMS Data-Driven
Car-Following: Gipps
ODE Solver:   Ballistic
Vmax:         35.0 m/s
======================================================================
Skipping Source actor due to time limit at clock = 43201.00125327633
Skipping Source actor due to time limit at clock = 43210.6788297557
-----------------------------
| Model.cleanup in progress |
-----------------------------
cleanup: agenda
cleanup: wait queues
coroutine counts = (23783286,23781694,23780894)
[ModelOptimizer] Fitness: 5.1404 | Elapsed: 40.17 sec
[ModelOptimizer] Evaluating parameters: VectorD(2.56353,	1.28177,	-2.21823,	1.46450,	0.890883)

======================================================================
TRAFFIC MODEL BUILDER SUMMARY
======================================================================
Network:      US-101-N-DonaldDoyle
Segments:     7
Lanes:        4
Junctions:    8
Ramps:        2
Sensors:      5
Mode:         PeMS Data-Driven
Car-Following: Gipps
ODE Solver:   Ballistic
Vmax:         35.0 m/s
======================================================================
Skipping Source actor due to time limit at clock = 43201.00125327633
Skipping Source actor due to time limit at clock = 43210.6788297557
-----------------------------
| Model.cleanup in progress |
-----------------------------
cleanup: agenda
cleanup: wait queues
coroutine counts = (23843043,23841447,23840645)
[ModelOptimizer] Fitness: 4.8236 | Elapsed: 48.42 sec
[ModelOptimizer] Evaluating parameters: VectorD(2.74629,	1.37315,	-2.12685,	1.54218,	0.936574)

======================================================================
TRAFFIC MODEL BUILDER SUMMARY
======================================================================
Network:      US-101-N-DonaldDoyle
Segments:     7
Lanes:        4
Junctions:    8
Ramps:        2
Sensors:      5
Mode:         PeMS Data-Driven
Car-Following: Gipps
ODE Solver:   Ballistic
Vmax:         35.0 m/s
======================================================================
Skipping Source actor due to time limit at clock = 43201.00125327633
Skipping Source actor due to time limit at clock = 43210.6788297557
-----------------------------
| Model.cleanup in progress |
-----------------------------
cleanup: agenda
cleanup: wait queues
coroutine counts = (23902800,23901200,23900396)
[ModelOptimizer] Fitness: 4.8424 | Elapsed: 46.85 sec
      35 |      1.70879444 |      1.70879444 |       8.8% ✓
[ModelOptimizer] Evaluating parameters: VectorD(4.13166,	1.64914,	-4.90350,	3.26831,	2.96785)

======================================================================
TRAFFIC MODEL BUILDER SUMMARY
======================================================================
Network:      US-101-N-DonaldDoyle
Segments:     7
Lanes:        4
Junctions:    8
Ramps:        2
Sensors:      5
Mode:         PeMS Data-Driven
Car-Following: Gipps
ODE Solver:   Ballistic
Vmax:         35.0 m/s
======================================================================
Skipping Source actor due to time limit at clock = 43201.00125327633
Skipping Source actor due to time limit at clock = 43210.6788297557
-----------------------------
| Model.cleanup in progress |
-----------------------------
cleanup: agenda
cleanup: wait queues
coroutine counts = (23962557,23960953,23960147)
[ModelOptimizer] Fitness: 1.7441 | Elapsed: 27.13 sec
[ModelOptimizer] Evaluating parameters: VectorD(7.14603,	2.19507,	-4.15165,	4.48301,	3.49061)

======================================================================
TRAFFIC MODEL BUILDER SUMMARY
======================================================================
Network:      US-101-N-DonaldDoyle
Segments:     7
Lanes:        4
Junctions:    8
Ramps:        2
Sensors:      5
Mode:         PeMS Data-Driven
Car-Following: Gipps
ODE Solver:   Ballistic
Vmax:         35.0 m/s
======================================================================
Skipping Source actor due to time limit at clock = 43201.00125327633
Skipping Source actor due to time limit at clock = 43210.6788297557
-----------------------------
| Model.cleanup in progress |
-----------------------------
cleanup: agenda
cleanup: wait queues
coroutine counts = (24022314,24020706,24019898)
[ModelOptimizer] Fitness: 1.7305 | Elapsed: 26.64 sec
[ModelOptimizer] Evaluating parameters: VectorD(3.34649,	2.40214,	-6.20723,	3.76449,	4.26144)

======================================================================
TRAFFIC MODEL BUILDER SUMMARY
======================================================================
Network:      US-101-N-DonaldDoyle
Segments:     7
Lanes:        4
Junctions:    8
Ramps:        2
Sensors:      5
Mode:         PeMS Data-Driven
Car-Following: Gipps
ODE Solver:   Ballistic
Vmax:         35.0 m/s
======================================================================
Skipping Source actor due to time limit at clock = 43201.00125327633
Skipping Source actor due to time limit at clock = 43210.6788297557
-----------------------------
| Model.cleanup in progress |
-----------------------------
cleanup: agenda
cleanup: wait queues
coroutine counts = (24082071,24080459,24079649)
[ModelOptimizer] Fitness: 1.7127 | Elapsed: 25.32 sec
[ModelOptimizer] Evaluating parameters: VectorD(4.98248,	2.50724,	-5.75233,	3.39681,	4.20469)

======================================================================
TRAFFIC MODEL BUILDER SUMMARY
======================================================================
Network:      US-101-N-DonaldDoyle
Segments:     7
Lanes:        4
Junctions:    8
Ramps:        2
Sensors:      5
Mode:         PeMS Data-Driven
Car-Following: Gipps
ODE Solver:   Ballistic
Vmax:         35.0 m/s
======================================================================
Skipping Source actor due to time limit at clock = 43201.00125327633
Skipping Source actor due to time limit at clock = 43210.6788297557
-----------------------------
| Model.cleanup in progress |
-----------------------------
cleanup: agenda
cleanup: wait queues
coroutine counts = (24141828,24140212,24139400)
[ModelOptimizer] Fitness: 1.7124 | Elapsed: 25.69 sec
[ModelOptimizer] Evaluating parameters: VectorD(2.97557,	1.55102,	-5.68033,	2.91687,	4.32301)

======================================================================
TRAFFIC MODEL BUILDER SUMMARY
======================================================================
Network:      US-101-N-DonaldDoyle
Segments:     7
Lanes:        4
Junctions:    8
Ramps:        2
Sensors:      5
Mode:         PeMS Data-Driven
Car-Following: Gipps
ODE Solver:   Ballistic
Vmax:         35.0 m/s
======================================================================
Skipping Source actor due to time limit at clock = 43201.00125327633
Skipping Source actor due to time limit at clock = 43210.6788297557
-----------------------------
| Model.cleanup in progress |
-----------------------------
cleanup: agenda
cleanup: wait queues
coroutine counts = (24201585,24199965,24199151)
[ModelOptimizer] Fitness: 1.7131 | Elapsed: 24.85 sec
[ModelOptimizer] Evaluating parameters: VectorD(3.90456,	1.74343,	-5.63621,	4.20715,	4.70621)

======================================================================
TRAFFIC MODEL BUILDER SUMMARY
======================================================================
Network:      US-101-N-DonaldDoyle
Segments:     7
Lanes:        4
Junctions:    8
Ramps:        2
Sensors:      5
Mode:         PeMS Data-Driven
Car-Following: Gipps
ODE Solver:   Ballistic
Vmax:         35.0 m/s
======================================================================
Skipping Source actor due to time limit at clock = 43201.00125327633
Skipping Source actor due to time limit at clock = 43210.6788297557
-----------------------------
| Model.cleanup in progress |
-----------------------------
cleanup: agenda
cleanup: wait queues
coroutine counts = (24261342,24259718,24258902)
[ModelOptimizer] Fitness: 1.7105 | Elapsed: 24.97 sec
[ModelOptimizer] Evaluating parameters: VectorD(4.12416,	2.06208,	-1.43792,	2.12777,	1.28104)

======================================================================
TRAFFIC MODEL BUILDER SUMMARY
======================================================================
Network:      US-101-N-DonaldDoyle
Segments:     7
Lanes:        4
Junctions:    8
Ramps:        2
Sensors:      5
Mode:         PeMS Data-Driven
Car-Following: Gipps
ODE Solver:   Ballistic
Vmax:         35.0 m/s
======================================================================
Skipping Source actor due to time limit at clock = 43201.00125327633
Skipping Source actor due to time limit at clock = 43210.6788297557
-----------------------------
| Model.cleanup in progress |
-----------------------------
cleanup: agenda
cleanup: wait queues
coroutine counts = (24321099,24319471,24318653)
[ModelOptimizer] Fitness: 5.4465 | Elapsed: 39.68 sec
[ModelOptimizer] Evaluating parameters: VectorD(2.13622,	1.06811,	-2.43189,	1.28290,	0.784056)

======================================================================
TRAFFIC MODEL BUILDER SUMMARY
======================================================================
Network:      US-101-N-DonaldDoyle
Segments:     7
Lanes:        4
Junctions:    8
Ramps:        2
Sensors:      5
Mode:         PeMS Data-Driven
Car-Following: Gipps
ODE Solver:   Ballistic
Vmax:         35.0 m/s
======================================================================
Skipping Source actor due to time limit at clock = 43201.00125327633
Skipping Source actor due to time limit at clock = 43210.6788297557
-----------------------------
| Model.cleanup in progress |
-----------------------------
cleanup: agenda
cleanup: wait queues
coroutine counts = (24380856,24379224,24378404)
[ModelOptimizer] Fitness: 4.9044 | Elapsed: 51.75 sec
[ModelOptimizer] Evaluating parameters: VectorD(2.14547,	1.07273,	-2.42727,	1.28682,	0.786367)

======================================================================
TRAFFIC MODEL BUILDER SUMMARY
======================================================================
Network:      US-101-N-DonaldDoyle
Segments:     7
Lanes:        4
Junctions:    8
Ramps:        2
Sensors:      5
Mode:         PeMS Data-Driven
Car-Following: Gipps
ODE Solver:   Ballistic
Vmax:         35.0 m/s
======================================================================
Skipping Source actor due to time limit at clock = 43201.00125327633
Skipping Source actor due to time limit at clock = 43210.6788297557
-----------------------------
| Model.cleanup in progress |
-----------------------------
cleanup: agenda
cleanup: wait queues
coroutine counts = (24440613,24438977,24438155)
[ModelOptimizer] Fitness: 4.8917 | Elapsed: 51.52 sec
[ModelOptimizer] Evaluating parameters: VectorD(4.76490,	2.38245,	-1.11755,	2.40008,	1.44122)

======================================================================
TRAFFIC MODEL BUILDER SUMMARY
======================================================================
Network:      US-101-N-DonaldDoyle
Segments:     7
Lanes:        4
Junctions:    8
Ramps:        2
Sensors:      5
Mode:         PeMS Data-Driven
Car-Following: Gipps
ODE Solver:   Ballistic
Vmax:         35.0 m/s
======================================================================
Skipping Source actor due to time limit at clock = 43201.00125327633
Skipping Source actor due to time limit at clock = 43210.6788297557
-----------------------------
| Model.cleanup in progress |
-----------------------------
cleanup: agenda
cleanup: wait queues
coroutine counts = (24500370,24498730,24497906)
[ModelOptimizer] Fitness: 6.2586 | Elapsed: 41.25 sec
[ModelOptimizer] Evaluating parameters: VectorD(1.47935,	0.739674,	-2.76033,	1.00372,	0.619837)

======================================================================
TRAFFIC MODEL BUILDER SUMMARY
======================================================================
Network:      US-101-N-DonaldDoyle
Segments:     7
Lanes:        4
Junctions:    8
Ramps:        2
Sensors:      5
Mode:         PeMS Data-Driven
Car-Following: Gipps
ODE Solver:   Ballistic
Vmax:         35.0 m/s
======================================================================
Skipping Source actor due to time limit at clock = 43201.00125327633
Skipping Source actor due to time limit at clock = 43210.6788297557
-----------------------------
| Model.cleanup in progress |
-----------------------------
cleanup: agenda
cleanup: wait queues
coroutine counts = (24560127,24558483,24557657)
[ModelOptimizer] Fitness: 5.1357 | Elapsed: 58.24 sec
      36 |      1.70879444 |      1.70879444 |       9.0% ✓
[ModelOptimizer] Evaluating parameters: VectorD(3.97940,	1.65102,	-5.45472,	2.83432,	2.97937)

======================================================================
TRAFFIC MODEL BUILDER SUMMARY
======================================================================
Network:      US-101-N-DonaldDoyle
Segments:     7
Lanes:        4
Junctions:    8
Ramps:        2
Sensors:      5
Mode:         PeMS Data-Driven
Car-Following: Gipps
ODE Solver:   Ballistic
Vmax:         35.0 m/s
======================================================================
Skipping Source actor due to time limit at clock = 43201.00125327633
Skipping Source actor due to time limit at clock = 43210.6788297557
-----------------------------
| Model.cleanup in progress |
-----------------------------
cleanup: agenda
cleanup: wait queues
coroutine counts = (24619884,24618236,24617408)
[ModelOptimizer] Fitness: 1.7123 | Elapsed: 24.63 sec
[ModelOptimizer] Evaluating parameters: VectorD(5.82193,	1.98691,	-7.01814,	3.57491,	4.63336)

======================================================================
TRAFFIC MODEL BUILDER SUMMARY
======================================================================
Network:      US-101-N-DonaldDoyle
Segments:     7
Lanes:        4
Junctions:    8
Ramps:        2
Sensors:      5
Mode:         PeMS Data-Driven
Car-Following: Gipps
ODE Solver:   Ballistic
Vmax:         35.0 m/s
======================================================================
Skipping Source actor due to time limit at clock = 43201.00125327633
Skipping Source actor due to time limit at clock = 43210.6788297557
-----------------------------
| Model.cleanup in progress |
-----------------------------
cleanup: agenda
cleanup: wait queues
coroutine counts = (24679641,24677989,24677159)
[ModelOptimizer] Fitness: 1.7104 | Elapsed: 24.36 sec
[ModelOptimizer] Evaluating parameters: VectorD(3.08639,	1.45296,	-5.27440,	3.27689,	4.77294)

======================================================================
TRAFFIC MODEL BUILDER SUMMARY
======================================================================
Network:      US-101-N-DonaldDoyle
Segments:     7
Lanes:        4
Junctions:    8
Ramps:        2
Sensors:      5
Mode:         PeMS Data-Driven
Car-Following: Gipps
ODE Solver:   Ballistic
Vmax:         35.0 m/s
======================================================================
Skipping Source actor due to time limit at clock = 43201.00125327633
Skipping Source actor due to time limit at clock = 43210.6788297557
-----------------------------
| Model.cleanup in progress |
-----------------------------
cleanup: agenda
cleanup: wait queues
coroutine counts = (24739398,24737742,24736910)
[ModelOptimizer] Fitness: 1.7101 | Elapsed: 24.48 sec
[ModelOptimizer] Evaluating parameters: VectorD(4.90827,	2.38487,	-4.90394,	3.50473,	4.25935)

======================================================================
TRAFFIC MODEL BUILDER SUMMARY
======================================================================
Network:      US-101-N-DonaldDoyle
Segments:     7
Lanes:        4
Junctions:    8
Ramps:        2
Sensors:      5
Mode:         PeMS Data-Driven
Car-Following: Gipps
ODE Solver:   Ballistic
Vmax:         35.0 m/s
======================================================================
Skipping Source actor due to time limit at clock = 43201.00125327633
Skipping Source actor due to time limit at clock = 43210.6788297557
-----------------------------
| Model.cleanup in progress |
-----------------------------
cleanup: agenda
cleanup: wait queues
coroutine counts = (24799155,24797495,24796661)
[ModelOptimizer] Fitness: 1.7129 | Elapsed: 24.44 sec
[ModelOptimizer] Evaluating parameters: VectorD(3.74878,	1.50655,	-4.47073,	4.19077,	3.76403)

======================================================================
TRAFFIC MODEL BUILDER SUMMARY
======================================================================
Network:      US-101-N-DonaldDoyle
Segments:     7
Lanes:        4
Junctions:    8
Ramps:        2
Sensors:      5
Mode:         PeMS Data-Driven
Car-Following: Gipps
ODE Solver:   Ballistic
Vmax:         35.0 m/s
======================================================================
Skipping Source actor due to time limit at clock = 43201.00125327633
Skipping Source actor due to time limit at clock = 43210.6788297557
-----------------------------
| Model.cleanup in progress |
-----------------------------
cleanup: agenda
cleanup: wait queues
coroutine counts = (24858912,24857248,24856412)
[ModelOptimizer] Fitness: 1.7096 | Elapsed: 26.61 sec
[ModelOptimizer] Evaluating parameters: VectorD(6.36443,	1.50972,	-4.30453,	4.62958,	3.93926)

======================================================================
TRAFFIC MODEL BUILDER SUMMARY
======================================================================
Network:      US-101-N-DonaldDoyle
Segments:     7
Lanes:        4
Junctions:    8
Ramps:        2
Sensors:      5
Mode:         PeMS Data-Driven
Car-Following: Gipps
ODE Solver:   Ballistic
Vmax:         35.0 m/s
======================================================================
Skipping Source actor due to time limit at clock = 43201.00125327633
Skipping Source actor due to time limit at clock = 43210.6788297557
-----------------------------
| Model.cleanup in progress |
-----------------------------
cleanup: agenda
cleanup: wait queues
coroutine counts = (24918669,24917001,24916163)
[ModelOptimizer] Fitness: 1.7101 | Elapsed: 25.06 sec
[ModelOptimizer] Evaluating parameters: VectorD(2.11143,	1.05572,	-2.44428,	1.27236,	0.777858)

======================================================================
TRAFFIC MODEL BUILDER SUMMARY
======================================================================
Network:      US-101-N-DonaldDoyle
Segments:     7
Lanes:        4
Junctions:    8
Ramps:        2
Sensors:      5
Mode:         PeMS Data-Driven
Car-Following: Gipps
ODE Solver:   Ballistic
Vmax:         35.0 m/s
======================================================================
Skipping Source actor due to time limit at clock = 43201.00125327633
Skipping Source actor due to time limit at clock = 43210.6788297557
-----------------------------
| Model.cleanup in progress |
-----------------------------
cleanup: agenda
cleanup: wait queues
coroutine counts = (24978426,24976754,24975914)
[ModelOptimizer] Fitness: 4.9078 | Elapsed: 55.04 sec
[ModelOptimizer] Evaluating parameters: VectorD(4.12984,	2.06492,	-1.43508,	2.13018,	1.28246)

======================================================================
TRAFFIC MODEL BUILDER SUMMARY
======================================================================
Network:      US-101-N-DonaldDoyle
Segments:     7
Lanes:        4
Junctions:    8
Ramps:        2
Sensors:      5
Mode:         PeMS Data-Driven
Car-Following: Gipps
ODE Solver:   Ballistic
Vmax:         35.0 m/s
======================================================================
Skipping Source actor due to time limit at clock = 43201.00125327633
Skipping Source actor due to time limit at clock = 43210.6788297557
-----------------------------
| Model.cleanup in progress |
-----------------------------
cleanup: agenda
cleanup: wait queues
coroutine counts = (25038183,25036507,25035665)
[ModelOptimizer] Fitness: 5.4639 | Elapsed: 46.05 sec
[ModelOptimizer] Evaluating parameters: VectorD(1.13413,	0.567065,	-2.93293,	0.857006,	0.533533)

======================================================================
TRAFFIC MODEL BUILDER SUMMARY
======================================================================
Network:      US-101-N-DonaldDoyle
Segments:     7
Lanes:        4
Junctions:    8
Ramps:        2
Sensors:      5
Mode:         PeMS Data-Driven
Car-Following: Gipps
ODE Solver:   Ballistic
Vmax:         35.0 m/s
======================================================================
Skipping Source actor due to time limit at clock = 43201.00125327633
Skipping Source actor due to time limit at clock = 43210.6788297557
-----------------------------
| Model.cleanup in progress |
-----------------------------
cleanup: agenda
cleanup: wait queues
coroutine counts = (25097940,25096260,25095416)
[ModelOptimizer] Fitness: 5.4711 | Elapsed: 70.21 sec
[ModelOptimizer] Evaluating parameters: VectorD(3.33187,	1.66594,	-1.83406,	1.79105,	1.08297)

======================================================================
TRAFFIC MODEL BUILDER SUMMARY
======================================================================
Network:      US-101-N-DonaldDoyle
Segments:     7
Lanes:        4
Junctions:    8
Ramps:        2
Sensors:      5
Mode:         PeMS Data-Driven
Car-Following: Gipps
ODE Solver:   Ballistic
Vmax:         35.0 m/s
======================================================================
Skipping Source actor due to time limit at clock = 43201.00125327633
Skipping Source actor due to time limit at clock = 43210.6788297557
-----------------------------
| Model.cleanup in progress |
-----------------------------
cleanup: agenda
cleanup: wait queues
coroutine counts = (25157697,25156013,25155167)
[ModelOptimizer] Fitness: 4.9553 | Elapsed: 44.63 sec
[ModelOptimizer] Evaluating parameters: VectorD(4.53105,	2.26552,	-1.23448,	2.30070,	1.38276)

======================================================================
TRAFFIC MODEL BUILDER SUMMARY
======================================================================
Network:      US-101-N-DonaldDoyle
Segments:     7
Lanes:        4
Junctions:    8
Ramps:        2
Sensors:      5
Mode:         PeMS Data-Driven
Car-Following: Gipps
ODE Solver:   Ballistic
Vmax:         35.0 m/s
======================================================================
Skipping Source actor due to time limit at clock = 43201.00125327633
Skipping Source actor due to time limit at clock = 43210.6788297557
-----------------------------
| Model.cleanup in progress |
-----------------------------
cleanup: agenda
cleanup: wait queues
coroutine counts = (25217454,25215766,25214918)
[ModelOptimizer] Fitness: 5.9125 | Elapsed: 40.05 sec
      37 |      1.70879444 |      1.70879444 |       9.3% ✓
[ModelOptimizer] Evaluating parameters: VectorD(4.29375,	1.81550,	-5.55089,	3.79507,	3.97218)

======================================================================
TRAFFIC MODEL BUILDER SUMMARY
======================================================================
Network:      US-101-N-DonaldDoyle
Segments:     7
Lanes:        4
Junctions:    8
Ramps:        2
Sensors:      5
Mode:         PeMS Data-Driven
Car-Following: Gipps
ODE Solver:   Ballistic
Vmax:         35.0 m/s
======================================================================
Skipping Source actor due to time limit at clock = 43201.00125327633
Skipping Source actor due to time limit at clock = 43210.6788297557
-----------------------------
| Model.cleanup in progress |
-----------------------------
cleanup: agenda
cleanup: wait queues
coroutine counts = (25277211,25275519,25274669)
[ModelOptimizer] Fitness: 1.7112 | Elapsed: 26.79 sec
[ModelOptimizer] Evaluating parameters: VectorD(4.11463,	2.00401,	-6.21855,	4.40590,	4.36638)

======================================================================
TRAFFIC MODEL BUILDER SUMMARY
======================================================================
Network:      US-101-N-DonaldDoyle
Segments:     7
Lanes:        4
Junctions:    8
Ramps:        2
Sensors:      5
Mode:         PeMS Data-Driven
Car-Following: Gipps
ODE Solver:   Ballistic
Vmax:         35.0 m/s
======================================================================
Skipping Source actor due to time limit at clock = 43201.00125327633
Skipping Source actor due to time limit at clock = 43210.6788297557
-----------------------------
| Model.cleanup in progress |
-----------------------------
cleanup: agenda
cleanup: wait queues
coroutine counts = (25336968,25335272,25334420)
[ModelOptimizer] Fitness: 1.7126 | Elapsed: 24.50 sec
[ModelOptimizer] Evaluating parameters: VectorD(5.69870,	1.75808,	-4.32774,	4.00142,	3.27900)

======================================================================
TRAFFIC MODEL BUILDER SUMMARY
======================================================================
Network:      US-101-N-DonaldDoyle
Segments:     7
Lanes:        4
Junctions:    8
Ramps:        2
Sensors:      5
Mode:         PeMS Data-Driven
Car-Following: Gipps
ODE Solver:   Ballistic
Vmax:         35.0 m/s
======================================================================
Skipping Source actor due to time limit at clock = 43201.00125327633
Skipping Source actor due to time limit at clock = 43210.6788297557
-----------------------------
| Model.cleanup in progress |
-----------------------------
cleanup: agenda
cleanup: wait queues
coroutine counts = (25396725,25395025,25394171)
[ModelOptimizer] Fitness: 1.7258 | Elapsed: 28.35 sec
[ModelOptimizer] Evaluating parameters: VectorD(6.58122,	2.30939,	-5.24710,	4.29373,	4.01400)

======================================================================
TRAFFIC MODEL BUILDER SUMMARY
======================================================================
Network:      US-101-N-DonaldDoyle
Segments:     7
Lanes:        4
Junctions:    8
Ramps:        2
Sensors:      5
Mode:         PeMS Data-Driven
Car-Following: Gipps
ODE Solver:   Ballistic
Vmax:         35.0 m/s
======================================================================
Skipping Source actor due to time limit at clock = 43201.00125327633
Skipping Source actor due to time limit at clock = 43210.6788297557
-----------------------------
| Model.cleanup in progress |
-----------------------------
cleanup: agenda
cleanup: wait queues
coroutine counts = (25456482,25454778,25453922)
[ModelOptimizer] Fitness: 1.7107 | Elapsed: 25.10 sec
[ModelOptimizer] Evaluating parameters: VectorD(3.28516,	1.57766,	-4.37460,	3.85389,	4.13746)

======================================================================
TRAFFIC MODEL BUILDER SUMMARY
======================================================================
Network:      US-101-N-DonaldDoyle
Segments:     7
Lanes:        4
Junctions:    8
Ramps:        2
Sensors:      5
Mode:         PeMS Data-Driven
Car-Following: Gipps
ODE Solver:   Ballistic
Vmax:         35.0 m/s
======================================================================
Skipping Source actor due to time limit at clock = 43201.00125327633
Skipping Source actor due to time limit at clock = 43210.6788297557
-----------------------------
| Model.cleanup in progress |
-----------------------------
cleanup: agenda
cleanup: wait queues
coroutine counts = (25516239,25514531,25513673)
[ModelOptimizer] Fitness: 1.7092 | Elapsed: 25.98 sec
[ModelOptimizer] Evaluating parameters: VectorD(6.30856,	2.53788,	-4.82470,	3.95765,	4.60368)

======================================================================
TRAFFIC MODEL BUILDER SUMMARY
======================================================================
Network:      US-101-N-DonaldDoyle
Segments:     7
Lanes:        4
Junctions:    8
Ramps:        2
Sensors:      5
Mode:         PeMS Data-Driven
Car-Following: Gipps
ODE Solver:   Ballistic
Vmax:         35.0 m/s
======================================================================
Skipping Source actor due to time limit at clock = 43201.00125327633
Skipping Source actor due to time limit at clock = 43210.6788297557
-----------------------------
| Model.cleanup in progress |
-----------------------------
cleanup: agenda
cleanup: wait queues
coroutine counts = (25575996,25574284,25573424)
[ModelOptimizer] Fitness: 1.7109 | Elapsed: 25.69 sec
[ModelOptimizer] Evaluating parameters: VectorD(3.49358,	1.74679,	-1.75321,	1.85977,	1.12339)

======================================================================
TRAFFIC MODEL BUILDER SUMMARY
======================================================================
Network:      US-101-N-DonaldDoyle
Segments:     7
Lanes:        4
Junctions:    8
Ramps:        2
Sensors:      5
Mode:         PeMS Data-Driven
Car-Following: Gipps
ODE Solver:   Ballistic
Vmax:         35.0 m/s
======================================================================
Skipping Source actor due to time limit at clock = 43201.00125327633
Skipping Source actor due to time limit at clock = 43210.6788297557
-----------------------------
| Model.cleanup in progress |
-----------------------------
cleanup: agenda
cleanup: wait queues
coroutine counts = (25635753,25634037,25633175)
[ModelOptimizer] Fitness: 5.0195 | Elapsed: 44.02 sec
[ModelOptimizer] Evaluating parameters: VectorD(4.72293,	2.36146,	-1.13854,	2.38225,	1.43073)

======================================================================
TRAFFIC MODEL BUILDER SUMMARY
======================================================================
Network:      US-101-N-DonaldDoyle
Segments:     7
Lanes:        4
Junctions:    8
Ramps:        2
Sensors:      5
Mode:         PeMS Data-Driven
Car-Following: Gipps
ODE Solver:   Ballistic
Vmax:         35.0 m/s
======================================================================
Skipping Source actor due to time limit at clock = 43201.00125327633
Skipping Source actor due to time limit at clock = 43210.6788297557
-----------------------------
| Model.cleanup in progress |
-----------------------------
cleanup: agenda
cleanup: wait queues
coroutine counts = (25695510,25693790,25692926)
[ModelOptimizer] Fitness: 6.1884 | Elapsed: 40.15 sec
[ModelOptimizer] Evaluating parameters: VectorD(3.28232,	1.64116,	-1.85884,	1.76999,	1.07058)

======================================================================
TRAFFIC MODEL BUILDER SUMMARY
======================================================================
Network:      US-101-N-DonaldDoyle
Segments:     7
Lanes:        4
Junctions:    8
Ramps:        2
Sensors:      5
Mode:         PeMS Data-Driven
Car-Following: Gipps
ODE Solver:   Ballistic
Vmax:         35.0 m/s
======================================================================
Skipping Source actor due to time limit at clock = 43201.00125327633
Skipping Source actor due to time limit at clock = 43210.6788297557
-----------------------------
| Model.cleanup in progress |
-----------------------------
cleanup: agenda
cleanup: wait queues
coroutine counts = (25755267,25753543,25752677)
[ModelOptimizer] Fitness: 4.9421 | Elapsed: 43.53 sec
[ModelOptimizer] Evaluating parameters: VectorD(4.76848,	2.38424,	-1.11576,	2.40161,	1.44212)

======================================================================
TRAFFIC MODEL BUILDER SUMMARY
======================================================================
Network:      US-101-N-DonaldDoyle
Segments:     7
Lanes:        4
Junctions:    8
Ramps:        2
Sensors:      5
Mode:         PeMS Data-Driven
Car-Following: Gipps
ODE Solver:   Ballistic
Vmax:         35.0 m/s
======================================================================
Skipping Source actor due to time limit at clock = 43201.00125327633
Skipping Source actor due to time limit at clock = 43210.6788297557
-----------------------------
| Model.cleanup in progress |
-----------------------------
cleanup: agenda
cleanup: wait queues
coroutine counts = (25815024,25813296,25812428)
[ModelOptimizer] Fitness: 6.2584 | Elapsed: 38.84 sec
[ModelOptimizer] Evaluating parameters: VectorD(4.09640,	2.04820,	-1.45180,	2.11597,	1.27410)

======================================================================
TRAFFIC MODEL BUILDER SUMMARY
======================================================================
Network:      US-101-N-DonaldDoyle
Segments:     7
Lanes:        4
Junctions:    8
Ramps:        2
Sensors:      5
Mode:         PeMS Data-Driven
Car-Following: Gipps
ODE Solver:   Ballistic
Vmax:         35.0 m/s
======================================================================
Skipping Source actor due to time limit at clock = 43201.00125327633
Skipping Source actor due to time limit at clock = 43210.6788297557
-----------------------------
| Model.cleanup in progress |
-----------------------------
cleanup: agenda
cleanup: wait queues
coroutine counts = (25874781,25873049,25872179)
[ModelOptimizer] Fitness: 5.4268 | Elapsed: 41.22 sec
      38 |      1.70879444 |      1.70879444 |       9.5% ✓
[ModelOptimizer] Evaluating parameters: VectorD(3.68480,	1.87344,	-7.74955,	4.13573,	4.83581)

======================================================================
TRAFFIC MODEL BUILDER SUMMARY
======================================================================
Network:      US-101-N-DonaldDoyle
Segments:     7
Lanes:        4
Junctions:    8
Ramps:        2
Sensors:      5
Mode:         PeMS Data-Driven
Car-Following: Gipps
ODE Solver:   Ballistic
Vmax:         35.0 m/s
======================================================================
Skipping Source actor due to time limit at clock = 43201.00125327633
Skipping Source actor due to time limit at clock = 43210.6788297557
-----------------------------
| Model.cleanup in progress |
-----------------------------
cleanup: agenda
cleanup: wait queues
coroutine counts = (25934538,25932802,25931930)
[ModelOptimizer] Fitness: 1.7109 | Elapsed: 24.90 sec
[ModelOptimizer] Evaluating parameters: VectorD(6.79215,	2.42030,	-7.29067,	3.27094,	4.29935)

======================================================================
TRAFFIC MODEL BUILDER SUMMARY
======================================================================
Network:      US-101-N-DonaldDoyle
Segments:     7
Lanes:        4
Junctions:    8
Ramps:        2
Sensors:      5
Mode:         PeMS Data-Driven
Car-Following: Gipps
ODE Solver:   Ballistic
Vmax:         35.0 m/s
======================================================================
Skipping Source actor due to time limit at clock = 43201.00125327633
Skipping Source actor due to time limit at clock = 43210.6788297557
-----------------------------
| Model.cleanup in progress |
-----------------------------
cleanup: agenda
cleanup: wait queues
coroutine counts = (25994295,25992555,25991681)
[ModelOptimizer] Fitness: 1.7131 | Elapsed: 25.37 sec
[ModelOptimizer] Evaluating parameters: VectorD(3.08514,	1.78316,	-3.79698,	3.98171,	4.82964)

======================================================================
TRAFFIC MODEL BUILDER SUMMARY
======================================================================
Network:      US-101-N-DonaldDoyle
Segments:     7
Lanes:        4
Junctions:    8
Ramps:        2
Sensors:      5
Mode:         PeMS Data-Driven
Car-Following: Gipps
ODE Solver:   Ballistic
Vmax:         35.0 m/s
======================================================================
Skipping Source actor due to time limit at clock = 43201.00125327633
Skipping Source actor due to time limit at clock = 43210.6788297557
-----------------------------
| Model.cleanup in progress |
-----------------------------
cleanup: agenda
cleanup: wait queues
coroutine counts = (26054052,26052308,26051432)
[ModelOptimizer] Fitness: 1.7092 | Elapsed: 24.23 sec
[ModelOptimizer] Evaluating parameters: VectorD(2.94167,	2.13888,	-4.95210,	3.20368,	2.96533)

======================================================================
TRAFFIC MODEL BUILDER SUMMARY
======================================================================
Network:      US-101-N-DonaldDoyle
Segments:     7
Lanes:        4
Junctions:    8
Ramps:        2
Sensors:      5
Mode:         PeMS Data-Driven
Car-Following: Gipps
ODE Solver:   Ballistic
Vmax:         35.0 m/s
======================================================================
Skipping Source actor due to time limit at clock = 43201.00125327633
Skipping Source actor due to time limit at clock = 43210.6788297557
-----------------------------
| Model.cleanup in progress |
-----------------------------
cleanup: agenda
cleanup: wait queues
coroutine counts = (26113809,26112061,26111183)
[ModelOptimizer] Fitness: 1.7386 | Elapsed: 28.42 sec
[ModelOptimizer] Evaluating parameters: VectorD(3.36454,	1.72321,	-5.82553,	3.03673,	4.17319)

======================================================================
TRAFFIC MODEL BUILDER SUMMARY
======================================================================
Network:      US-101-N-DonaldDoyle
Segments:     7
Lanes:        4
Junctions:    8
Ramps:        2
Sensors:      5
Mode:         PeMS Data-Driven
Car-Following: Gipps
ODE Solver:   Ballistic
Vmax:         35.0 m/s
======================================================================
Skipping Source actor due to time limit at clock = 43201.00125327633
Skipping Source actor due to time limit at clock = 43210.6788297557
-----------------------------
| Model.cleanup in progress |
-----------------------------
cleanup: agenda
cleanup: wait queues
coroutine counts = (26173566,26171814,26170934)
[ModelOptimizer] Fitness: 1.7101 | Elapsed: 25.64 sec
[ModelOptimizer] Evaluating parameters: VectorD(3.14424,	1.66506,	-5.63265,	4.85319,	4.04880)

======================================================================
TRAFFIC MODEL BUILDER SUMMARY
======================================================================
Network:      US-101-N-DonaldDoyle
Segments:     7
Lanes:        4
Junctions:    8
Ramps:        2
Sensors:      5
Mode:         PeMS Data-Driven
Car-Following: Gipps
ODE Solver:   Ballistic
Vmax:         35.0 m/s
======================================================================
Skipping Source actor due to time limit at clock = 43201.00125327633
Skipping Source actor due to time limit at clock = 43210.6788297557
-----------------------------
| Model.cleanup in progress |
-----------------------------
cleanup: agenda
cleanup: wait queues
coroutine counts = (26233323,26231567,26230685)
[ModelOptimizer] Fitness: 1.7115 | Elapsed: 25.67 sec
[ModelOptimizer] Evaluating parameters: VectorD(4.23648,	2.11824,	-1.38176,	2.17550,	1.30912)

======================================================================
TRAFFIC MODEL BUILDER SUMMARY
======================================================================
Network:      US-101-N-DonaldDoyle
Segments:     7
Lanes:        4
Junctions:    8
Ramps:        2
Sensors:      5
Mode:         PeMS Data-Driven
Car-Following: Gipps
ODE Solver:   Ballistic
Vmax:         35.0 m/s
======================================================================
Skipping Source actor due to time limit at clock = 43201.00125327633
Skipping Source actor due to time limit at clock = 43210.6788297557
-----------------------------
| Model.cleanup in progress |
-----------------------------
cleanup: agenda
cleanup: wait queues
coroutine counts = (26293080,26291320,26290436)
[ModelOptimizer] Fitness: 5.5300 | Elapsed: 40.85 sec
[ModelOptimizer] Evaluating parameters: VectorD(2.96070,	1.48035,	-2.01965,	1.63330,	0.990174)

======================================================================
TRAFFIC MODEL BUILDER SUMMARY
======================================================================
Network:      US-101-N-DonaldDoyle
Segments:     7
Lanes:        4
Junctions:    8
Ramps:        2
Sensors:      5
Mode:         PeMS Data-Driven
Car-Following: Gipps
ODE Solver:   Ballistic
Vmax:         35.0 m/s
======================================================================
Skipping Source actor due to time limit at clock = 43201.00125327633
Skipping Source actor due to time limit at clock = 43210.6788297557
-----------------------------
| Model.cleanup in progress |
-----------------------------
cleanup: agenda
cleanup: wait queues
coroutine counts = (26352837,26351073,26350187)
[ModelOptimizer] Fitness: 4.8804 | Elapsed: 45.63 sec
[ModelOptimizer] Evaluating parameters: VectorD(3.44269,	1.72135,	-1.77865,	1.83815,	1.11067)

======================================================================
TRAFFIC MODEL BUILDER SUMMARY
======================================================================
Network:      US-101-N-DonaldDoyle
Segments:     7
Lanes:        4
Junctions:    8
Ramps:        2
Sensors:      5
Mode:         PeMS Data-Driven
Car-Following: Gipps
ODE Solver:   Ballistic
Vmax:         35.0 m/s
======================================================================
Skipping Source actor due to time limit at clock = 43201.00125327633
Skipping Source actor due to time limit at clock = 43210.6788297557
-----------------------------
| Model.cleanup in progress |
-----------------------------
cleanup: agenda
cleanup: wait queues
coroutine counts = (26412594,26410826,26409938)
[ModelOptimizer] Fitness: 5.0382 | Elapsed: 41.45 sec
[ModelOptimizer] Evaluating parameters: VectorD(2.25532,	1.12766,	-2.37234,	1.33351,	0.813830)

======================================================================
TRAFFIC MODEL BUILDER SUMMARY
======================================================================
Network:      US-101-N-DonaldDoyle
Segments:     7
Lanes:        4
Junctions:    8
Ramps:        2
Sensors:      5
Mode:         PeMS Data-Driven
Car-Following: Gipps
ODE Solver:   Ballistic
Vmax:         35.0 m/s
======================================================================
Skipping Source actor due to time limit at clock = 43201.00125327633
Skipping Source actor due to time limit at clock = 43210.6788297557
-----------------------------
| Model.cleanup in progress |
-----------------------------
cleanup: agenda
cleanup: wait queues
coroutine counts = (26472351,26470579,26469689)
[ModelOptimizer] Fitness: 4.8742 | Elapsed: 50.33 sec
[ModelOptimizer] Evaluating parameters: VectorD(1.23218,	0.616092,	-2.88391,	0.898678,	0.558046)

======================================================================
TRAFFIC MODEL BUILDER SUMMARY
======================================================================
Network:      US-101-N-DonaldDoyle
Segments:     7
Lanes:        4
Junctions:    8
Ramps:        2
Sensors:      5
Mode:         PeMS Data-Driven
Car-Following: Gipps
ODE Solver:   Ballistic
Vmax:         35.0 m/s
======================================================================
Skipping Source actor due to time limit at clock = 43201.00125327633
Skipping Source actor due to time limit at clock = 43210.6788297557
-----------------------------
| Model.cleanup in progress |
-----------------------------
cleanup: agenda
cleanup: wait queues
coroutine counts = (26532108,26530332,26529440)
[ModelOptimizer] Fitness: 5.3594 | Elapsed: 65.32 sec
      39 |      1.70879444 |      1.70879444 |       9.8% ✓
[ModelOptimizer] Evaluating parameters: VectorD(5.63324,	1.70928,	-5.99010,	3.19180,	3.33045)

======================================================================
TRAFFIC MODEL BUILDER SUMMARY
======================================================================
Network:      US-101-N-DonaldDoyle
Segments:     7
Lanes:        4
Junctions:    8
Ramps:        2
Sensors:      5
Mode:         PeMS Data-Driven
Car-Following: Gipps
ODE Solver:   Ballistic
Vmax:         35.0 m/s
======================================================================
Skipping Source actor due to time limit at clock = 43201.00125327633
Skipping Source actor due to time limit at clock = 43210.6788297557
-----------------------------
| Model.cleanup in progress |
-----------------------------
cleanup: agenda
cleanup: wait queues
coroutine counts = (26591865,26590085,26589191)
[ModelOptimizer] Fitness: 1.7092 | Elapsed: 26.36 sec
[ModelOptimizer] Evaluating parameters: VectorD(4.14822,	1.84617,	-5.17270,	3.38777,	4.39742)

======================================================================
TRAFFIC MODEL BUILDER SUMMARY
======================================================================
Network:      US-101-N-DonaldDoyle
Segments:     7
Lanes:        4
Junctions:    8
Ramps:        2
Sensors:      5
Mode:         PeMS Data-Driven
Car-Following: Gipps
ODE Solver:   Ballistic
Vmax:         35.0 m/s
======================================================================
Skipping Source actor due to time limit at clock = 43201.00125327633
Skipping Source actor due to time limit at clock = 43210.6788297557
-----------------------------
| Model.cleanup in progress |
-----------------------------
cleanup: agenda
cleanup: wait queues
coroutine counts = (26651622,26649838,26648942)
[ModelOptimizer] Fitness: 1.7119 | Elapsed: 25.50 sec
[ModelOptimizer] Evaluating parameters: VectorD(5.96990,	1.62667,	-4.65934,	4.43634,	4.05188)

======================================================================
TRAFFIC MODEL BUILDER SUMMARY
======================================================================
Network:      US-101-N-DonaldDoyle
Segments:     7
Lanes:        4
Junctions:    8
Ramps:        2
Sensors:      5
Mode:         PeMS Data-Driven
Car-Following: Gipps
ODE Solver:   Ballistic
Vmax:         35.0 m/s
======================================================================
Skipping Source actor due to time limit at clock = 43201.00125327633
Skipping Source actor due to time limit at clock = 43210.6788297557
-----------------------------
| Model.cleanup in progress |
-----------------------------
cleanup: agenda
cleanup: wait queues
coroutine counts = (26711379,26709591,26708693)
[ModelOptimizer] Fitness: 1.7112 | Elapsed: 25.03 sec
[ModelOptimizer] Evaluating parameters: VectorD(6.94868,	2.37247,	-4.18541,	3.56986,	2.93249)

======================================================================
TRAFFIC MODEL BUILDER SUMMARY
======================================================================
Network:      US-101-N-DonaldDoyle
Segments:     7
Lanes:        4
Junctions:    8
Ramps:        2
Sensors:      5
Mode:         PeMS Data-Driven
Car-Following: Gipps
ODE Solver:   Ballistic
Vmax:         35.0 m/s
======================================================================
Skipping Source actor due to time limit at clock = 43201.00125327633
Skipping Source actor due to time limit at clock = 43210.6788297557
-----------------------------
| Model.cleanup in progress |
-----------------------------
cleanup: agenda
cleanup: wait queues
coroutine counts = (26771136,26769344,26768444)
[ModelOptimizer] Fitness: 1.8538 | Elapsed: 28.05 sec
[ModelOptimizer] Evaluating parameters: VectorD(3.92260,	1.72226,	-4.39757,	3.27011,	3.94292)

======================================================================
TRAFFIC MODEL BUILDER SUMMARY
======================================================================
Network:      US-101-N-DonaldDoyle
Segments:     7
Lanes:        4
Junctions:    8
Ramps:        2
Sensors:      5
Mode:         PeMS Data-Driven
Car-Following: Gipps
ODE Solver:   Ballistic
Vmax:         35.0 m/s
======================================================================
Skipping Source actor due to time limit at clock = 43201.00125327633
Skipping Source actor due to time limit at clock = 43210.6788297557
-----------------------------
| Model.cleanup in progress |
-----------------------------
cleanup: agenda
cleanup: wait queues
coroutine counts = (26830893,26829097,26828195)
[ModelOptimizer] Fitness: 1.7099 | Elapsed: 25.96 sec
[ModelOptimizer] Evaluating parameters: VectorD(3.76527,	1.52082,	-4.10843,	4.60947,	4.18117)

======================================================================
TRAFFIC MODEL BUILDER SUMMARY
======================================================================
Network:      US-101-N-DonaldDoyle
Segments:     7
Lanes:        4
Junctions:    8
Ramps:        2
Sensors:      5
Mode:         PeMS Data-Driven
Car-Following: Gipps
ODE Solver:   Ballistic
Vmax:         35.0 m/s
======================================================================
Skipping Source actor due to time limit at clock = 43201.00125327633
Skipping Source actor due to time limit at clock = 43210.6788297557
-----------------------------
| Model.cleanup in progress |
-----------------------------
cleanup: agenda
cleanup: wait queues
coroutine counts = (26890650,26888850,26887946)
[ModelOptimizer] Fitness: 1.7103 | Elapsed: 25.92 sec
[ModelOptimizer] Evaluating parameters: VectorD(1.89792,	0.948961,	-2.55104,	1.18162,	0.724480)

======================================================================
TRAFFIC MODEL BUILDER SUMMARY
======================================================================
Network:      US-101-N-DonaldDoyle
Segments:     7
Lanes:        4
Junctions:    8
Ramps:        2
Sensors:      5
Mode:         PeMS Data-Driven
Car-Following: Gipps
ODE Solver:   Ballistic
Vmax:         35.0 m/s
======================================================================
Skipping Source actor due to time limit at clock = 43201.00125327633
Skipping Source actor due to time limit at clock = 43210.6788297557
-----------------------------
| Model.cleanup in progress |
-----------------------------
cleanup: agenda
cleanup: wait queues
coroutine counts = (26950407,26948603,26947697)
[ModelOptimizer] Fitness: 4.9332 | Elapsed: 54.41 sec
[ModelOptimizer] Evaluating parameters: VectorD(2.10094,	1.05047,	-2.44953,	1.26790,	0.775234)

======================================================================
TRAFFIC MODEL BUILDER SUMMARY
======================================================================
Network:      US-101-N-DonaldDoyle
Segments:     7
Lanes:        4
Junctions:    8
Ramps:        2
Sensors:      5
Mode:         PeMS Data-Driven
Car-Following: Gipps
ODE Solver:   Ballistic
Vmax:         35.0 m/s
======================================================================
Skipping Source actor due to time limit at clock = 43201.00125327633
Skipping Source actor due to time limit at clock = 43210.6788297557
-----------------------------
| Model.cleanup in progress |
-----------------------------
cleanup: agenda
cleanup: wait queues
coroutine counts = (27010164,27008356,27007448)
[ModelOptimizer] Fitness: 4.9131 | Elapsed: 52.29 sec
[ModelOptimizer] Evaluating parameters: VectorD(1.96455,	0.982273,	-2.51773,	1.20993,	0.741136)

======================================================================
TRAFFIC MODEL BUILDER SUMMARY
======================================================================
Network:      US-101-N-DonaldDoyle
Segments:     7
Lanes:        4
Junctions:    8
Ramps:        2
Sensors:      5
Mode:         PeMS Data-Driven
Car-Following: Gipps
ODE Solver:   Ballistic
Vmax:         35.0 m/s
======================================================================
Skipping Source actor due to time limit at clock = 43201.00125327633
Skipping Source actor due to time limit at clock = 43210.6788297557
-----------------------------
| Model.cleanup in progress |
-----------------------------
cleanup: agenda
cleanup: wait queues
coroutine counts = (27069921,27068109,27067199)
[ModelOptimizer] Fitness: 4.9194 | Elapsed: 53.00 sec
[ModelOptimizer] Evaluating parameters: VectorD(2.17667,	1.08833,	-2.41167,	1.30008,	0.794167)

======================================================================
TRAFFIC MODEL BUILDER SUMMARY
======================================================================
Network:      US-101-N-DonaldDoyle
Segments:     7
Lanes:        4
Junctions:    8
Ramps:        2
Sensors:      5
Mode:         PeMS Data-Driven
Car-Following: Gipps
ODE Solver:   Ballistic
Vmax:         35.0 m/s
======================================================================
Skipping Source actor due to time limit at clock = 43201.00125327633
Skipping Source actor due to time limit at clock = 43210.6788297557
-----------------------------
| Model.cleanup in progress |
-----------------------------
cleanup: agenda
cleanup: wait queues
coroutine counts = (27129678,27127862,27126950)
[ModelOptimizer] Fitness: 4.9221 | Elapsed: 50.31 sec
[ModelOptimizer] Evaluating parameters: VectorD(2.13120,	1.06560,	-2.43440,	1.28076,	0.782800)

======================================================================
TRAFFIC MODEL BUILDER SUMMARY
======================================================================
Network:      US-101-N-DonaldDoyle
Segments:     7
Lanes:        4
Junctions:    8
Ramps:        2
Sensors:      5
Mode:         PeMS Data-Driven
Car-Following: Gipps
ODE Solver:   Ballistic
Vmax:         35.0 m/s
======================================================================
Skipping Source actor due to time limit at clock = 43201.00125327633
Skipping Source actor due to time limit at clock = 43210.6788297557
-----------------------------
| Model.cleanup in progress |
-----------------------------
cleanup: agenda
cleanup: wait queues
coroutine counts = (27189435,27187615,27186701)
[ModelOptimizer] Fitness: 4.8733 | Elapsed: 50.71 sec
      40 |      1.70879444 |      1.70879444 |      10.0% ✓
[ModelOptimizer] Evaluating parameters: VectorD(3.21644,	1.93590,	-5.20082,	3.25819,	3.48992)

======================================================================
TRAFFIC MODEL BUILDER SUMMARY
======================================================================
Network:      US-101-N-DonaldDoyle
Segments:     7
Lanes:        4
Junctions:    8
Ramps:        2
Sensors:      5
Mode:         PeMS Data-Driven
Car-Following: Gipps
ODE Solver:   Ballistic
Vmax:         35.0 m/s
======================================================================
Skipping Source actor due to time limit at clock = 43201.00125327633
Skipping Source actor due to time limit at clock = 43210.6788297557
-----------------------------
| Model.cleanup in progress |
-----------------------------
cleanup: agenda
cleanup: wait queues
coroutine counts = (27249192,27247368,27246452)
[ModelOptimizer] Fitness: 1.7113 | Elapsed: 25.24 sec
[ModelOptimizer] Evaluating parameters: VectorD(5.68363,	1.67744,	-5.98637,	3.59937,	3.99829)

======================================================================
TRAFFIC MODEL BUILDER SUMMARY
======================================================================
Network:      US-101-N-DonaldDoyle
Segments:     7
Lanes:        4
Junctions:    8
Ramps:        2
Sensors:      5
Mode:         PeMS Data-Driven
Car-Following: Gipps
ODE Solver:   Ballistic
Vmax:         35.0 m/s
======================================================================
Skipping Source actor due to time limit at clock = 43201.00125327633
Skipping Source actor due to time limit at clock = 43210.6788297557
-----------------------------
| Model.cleanup in progress |
-----------------------------
cleanup: agenda
cleanup: wait queues
coroutine counts = (27308949,27307121,27306203)
[ModelOptimizer] Fitness: 1.7106 | Elapsed: 25.69 sec
[ModelOptimizer] Evaluating parameters: VectorD(5.38343,	2.16361,	-4.74496,	3.77846,	3.92779)

======================================================================
TRAFFIC MODEL BUILDER SUMMARY
======================================================================
Network:      US-101-N-DonaldDoyle
Segments:     7
Lanes:        4
Junctions:    8
Ramps:        2
Sensors:      5
Mode:         PeMS Data-Driven
Car-Following: Gipps
ODE Solver:   Ballistic
Vmax:         35.0 m/s
======================================================================
Skipping Source actor due to time limit at clock = 43201.00125327633
Skipping Source actor due to time limit at clock = 43210.6788297557
-----------------------------
| Model.cleanup in progress |
-----------------------------
cleanup: agenda
cleanup: wait queues
coroutine counts = (27368706,27366874,27365954)
[ModelOptimizer] Fitness: 1.7102 | Elapsed: 24.87 sec
[ModelOptimizer] Evaluating parameters: VectorD(3.06278,	2.20653,	-5.90124,	3.13468,	3.67225)

======================================================================
TRAFFIC MODEL BUILDER SUMMARY
======================================================================
Network:      US-101-N-DonaldDoyle
Segments:     7
Lanes:        4
Junctions:    8
Ramps:        2
Sensors:      5
Mode:         PeMS Data-Driven
Car-Following: Gipps
ODE Solver:   Ballistic
Vmax:         35.0 m/s
======================================================================
Skipping Source actor due to time limit at clock = 43201.00125327633
Skipping Source actor due to time limit at clock = 43210.6788297557
-----------------------------
| Model.cleanup in progress |
-----------------------------
cleanup: agenda
cleanup: wait queues
coroutine counts = (27428463,27426627,27425705)
[ModelOptimizer] Fitness: 1.7104 | Elapsed: 25.62 sec
[ModelOptimizer] Evaluating parameters: VectorD(3.84828,	1.41093,	-3.61131,	2.75543,	3.32251)

======================================================================
TRAFFIC MODEL BUILDER SUMMARY
======================================================================
Network:      US-101-N-DonaldDoyle
Segments:     7
Lanes:        4
Junctions:    8
Ramps:        2
Sensors:      5
Mode:         PeMS Data-Driven
Car-Following: Gipps
ODE Solver:   Ballistic
Vmax:         35.0 m/s
======================================================================
Skipping Source actor due to time limit at clock = 43201.00125327633
Skipping Source actor due to time limit at clock = 43210.6788297557
-----------------------------
| Model.cleanup in progress |
-----------------------------
cleanup: agenda
cleanup: wait queues
coroutine counts = (27488220,27486380,27485456)
[ModelOptimizer] Fitness: 1.8905 | Elapsed: 27.03 sec
[ModelOptimizer] Evaluating parameters: VectorD(3.83469,	1.33048,	-4.06197,	3.77407,	3.54363)

======================================================================
TRAFFIC MODEL BUILDER SUMMARY
======================================================================
Network:      US-101-N-DonaldDoyle
Segments:     7
Lanes:        4
Junctions:    8
Ramps:        2
Sensors:      5
Mode:         PeMS Data-Driven
Car-Following: Gipps
ODE Solver:   Ballistic
Vmax:         35.0 m/s
======================================================================
Skipping Source actor due to time limit at clock = 43201.00125327633
Skipping Source actor due to time limit at clock = 43210.6788297557
-----------------------------
| Model.cleanup in progress |
-----------------------------
cleanup: agenda
cleanup: wait queues
coroutine counts = (27547977,27546133,27545207)
[ModelOptimizer] Fitness: 1.7161 | Elapsed: 26.21 sec
[ModelOptimizer] Evaluating parameters: VectorD(2.94554,	1.47277,	-2.02723,	1.62686,	0.986386)

======================================================================
TRAFFIC MODEL BUILDER SUMMARY
======================================================================
Network:      US-101-N-DonaldDoyle
Segments:     7
Lanes:        4
Junctions:    8
Ramps:        2
Sensors:      5
Mode:         PeMS Data-Driven
Car-Following: Gipps
ODE Solver:   Ballistic
Vmax:         35.0 m/s
======================================================================
Skipping Source actor due to time limit at clock = 43201.00125327633
Skipping Source actor due to time limit at clock = 43210.6788297557
-----------------------------
| Model.cleanup in progress |
-----------------------------
cleanup: agenda
cleanup: wait queues
coroutine counts = (27607734,27605886,27604958)
[ModelOptimizer] Fitness: 4.8532 | Elapsed: 44.95 sec
[ModelOptimizer] Evaluating parameters: VectorD(3.82107,	1.91054,	-1.58946,	1.99896,	1.20527)

======================================================================
TRAFFIC MODEL BUILDER SUMMARY
======================================================================
Network:      US-101-N-DonaldDoyle
Segments:     7
Lanes:        4
Junctions:    8
Ramps:        2
Sensors:      5
Mode:         PeMS Data-Driven
Car-Following: Gipps
ODE Solver:   Ballistic
Vmax:         35.0 m/s
======================================================================
Skipping Source actor due to time limit at clock = 43201.00125327633
Skipping Source actor due to time limit at clock = 43210.6788297557
-----------------------------
| Model.cleanup in progress |
-----------------------------
cleanup: agenda
cleanup: wait queues
coroutine counts = (27667491,27665639,27664709)
[ModelOptimizer] Fitness: 5.2023 | Elapsed: 42.43 sec
[ModelOptimizer] Evaluating parameters: VectorD(2.47070,	1.23535,	-2.26465,	1.42505,	0.867676)

======================================================================
TRAFFIC MODEL BUILDER SUMMARY
======================================================================
Network:      US-101-N-DonaldDoyle
Segments:     7
Lanes:        4
Junctions:    8
Ramps:        2
Sensors:      5
Mode:         PeMS Data-Driven
Car-Following: Gipps
ODE Solver:   Ballistic
Vmax:         35.0 m/s
======================================================================
Skipping Source actor due to time limit at clock = 43201.00125327633
Skipping Source actor due to time limit at clock = 43210.6788297557
-----------------------------
| Model.cleanup in progress |
-----------------------------
cleanup: agenda
cleanup: wait queues
coroutine counts = (27727248,27725392,27724460)
[ModelOptimizer] Fitness: 4.8634 | Elapsed: 47.69 sec
[ModelOptimizer] Evaluating parameters: VectorD(4.80290,	2.40145,	-1.09855,	2.41623,	1.45073)

======================================================================
TRAFFIC MODEL BUILDER SUMMARY
======================================================================
Network:      US-101-N-DonaldDoyle
Segments:     7
Lanes:        4
Junctions:    8
Ramps:        2
Sensors:      5
Mode:         PeMS Data-Driven
Car-Following: Gipps
ODE Solver:   Ballistic
Vmax:         35.0 m/s
======================================================================
Skipping Source actor due to time limit at clock = 43201.00125327633
Skipping Source actor due to time limit at clock = 43210.6788297557
-----------------------------
| Model.cleanup in progress |
-----------------------------
cleanup: agenda
cleanup: wait queues
coroutine counts = (27787005,27785145,27784211)
[ModelOptimizer] Fitness: 6.2674 | Elapsed: 39.57 sec
[ModelOptimizer] Evaluating parameters: VectorD(1.34281,	0.671403,	-2.82860,	0.945693,	0.585702)

======================================================================
TRAFFIC MODEL BUILDER SUMMARY
======================================================================
Network:      US-101-N-DonaldDoyle
Segments:     7
Lanes:        4
Junctions:    8
Ramps:        2
Sensors:      5
Mode:         PeMS Data-Driven
Car-Following: Gipps
ODE Solver:   Ballistic
Vmax:         35.0 m/s
======================================================================
Skipping Source actor due to time limit at clock = 43201.00125327633
Skipping Source actor due to time limit at clock = 43210.6788297557
-----------------------------
| Model.cleanup in progress |
-----------------------------
cleanup: agenda
cleanup: wait queues
coroutine counts = (27846762,27844898,27843962)
[ModelOptimizer] Fitness: 5.2877 | Elapsed: 61.52 sec
      41 |      1.70879444 |      1.70879444 |      10.3% ✓
[ModelOptimizer] Evaluating parameters: VectorD(5.99341,	1.93320,	-5.59030,	3.45456,	2.99744)

======================================================================
TRAFFIC MODEL BUILDER SUMMARY
======================================================================
Network:      US-101-N-DonaldDoyle
Segments:     7
Lanes:        4
Junctions:    8
Ramps:        2
Sensors:      5
Mode:         PeMS Data-Driven
Car-Following: Gipps
ODE Solver:   Ballistic
Vmax:         35.0 m/s
======================================================================
Skipping Source actor due to time limit at clock = 43201.00125327633
Skipping Source actor due to time limit at clock = 43210.6788297557
-----------------------------
| Model.cleanup in progress |
-----------------------------
cleanup: agenda
cleanup: wait queues
coroutine counts = (27906519,27904651,27903713)
[ModelOptimizer] Fitness: 1.7118 | Elapsed: 28.00 sec
[ModelOptimizer] Evaluating parameters: VectorD(5.70034,	1.69940,	-7.87244,	4.76851,	3.85703)

======================================================================
TRAFFIC MODEL BUILDER SUMMARY
======================================================================
Network:      US-101-N-DonaldDoyle
Segments:     7
Lanes:        4
Junctions:    8
Ramps:        2
Sensors:      5
Mode:         PeMS Data-Driven
Car-Following: Gipps
ODE Solver:   Ballistic
Vmax:         35.0 m/s
======================================================================
Skipping Source actor due to time limit at clock = 43201.00125327633
Skipping Source actor due to time limit at clock = 43210.6788297557
-----------------------------
| Model.cleanup in progress |
-----------------------------
cleanup: agenda
cleanup: wait queues
coroutine counts = (27966276,27964404,27963464)
[ModelOptimizer] Fitness: 1.7102 | Elapsed: 25.28 sec
[ModelOptimizer] Evaluating parameters: VectorD(3.40516,	1.84073,	-7.83276,	3.83469,	4.62498)

======================================================================
TRAFFIC MODEL BUILDER SUMMARY
======================================================================
Network:      US-101-N-DonaldDoyle
Segments:     7
Lanes:        4
Junctions:    8
Ramps:        2
Sensors:      5
Mode:         PeMS Data-Driven
Car-Following: Gipps
ODE Solver:   Ballistic
Vmax:         35.0 m/s
======================================================================
Skipping Source actor due to time limit at clock = 43201.00125327633
Skipping Source actor due to time limit at clock = 43210.6788297557
-----------------------------
| Model.cleanup in progress |
-----------------------------
cleanup: agenda
cleanup: wait queues
coroutine counts = (28026033,28024157,28023215)
[ModelOptimizer] Fitness: 1.7104 | Elapsed: 25.24 sec
[ModelOptimizer] Evaluating parameters: VectorD(4.06803,	1.79008,	-4.89521,	2.77200,	3.65066)

======================================================================
TRAFFIC MODEL BUILDER SUMMARY
======================================================================
Network:      US-101-N-DonaldDoyle
Segments:     7
Lanes:        4
Junctions:    8
Ramps:        2
Sensors:      5
Mode:         PeMS Data-Driven
Car-Following: Gipps
ODE Solver:   Ballistic
Vmax:         35.0 m/s
======================================================================
Skipping Source actor due to time limit at clock = 43201.00125327633
Skipping Source actor due to time limit at clock = 43210.6788297557
-----------------------------
| Model.cleanup in progress |
-----------------------------
cleanup: agenda
cleanup: wait queues
coroutine counts = (28085790,28083910,28082966)
[ModelOptimizer] Fitness: 1.7099 | Elapsed: 25.21 sec
[ModelOptimizer] Evaluating parameters: VectorD(3.80650,	1.88038,	-5.53296,	2.75261,	3.42677)

======================================================================
TRAFFIC MODEL BUILDER SUMMARY
======================================================================
Network:      US-101-N-DonaldDoyle
Segments:     7
Lanes:        4
Junctions:    8
Ramps:        2
Sensors:      5
Mode:         PeMS Data-Driven
Car-Following: Gipps
ODE Solver:   Ballistic
Vmax:         35.0 m/s
======================================================================
Skipping Source actor due to time limit at clock = 43201.00125327633
Skipping Source actor due to time limit at clock = 43210.6788297557
-----------------------------
| Model.cleanup in progress |
-----------------------------
cleanup: agenda
cleanup: wait queues
coroutine counts = (28145547,28143663,28142717)
[ModelOptimizer] Fitness: 1.7111 | Elapsed: 26.32 sec
[ModelOptimizer] Evaluating parameters: VectorD(3.41415,	1.51016,	-4.45010,	3.65608,	4.00801)

======================================================================
TRAFFIC MODEL BUILDER SUMMARY
======================================================================
Network:      US-101-N-DonaldDoyle
Segments:     7
Lanes:        4
Junctions:    8
Ramps:        2
Sensors:      5
Mode:         PeMS Data-Driven
Car-Following: Gipps
ODE Solver:   Ballistic
Vmax:         35.0 m/s
======================================================================
Skipping Source actor due to time limit at clock = 43201.00125327633
Skipping Source actor due to time limit at clock = 43210.6788297557
-----------------------------
| Model.cleanup in progress |
-----------------------------
cleanup: agenda
cleanup: wait queues
coroutine counts = (28205304,28203416,28202468)
[ModelOptimizer] Fitness: 1.7110 | Elapsed: 26.05 sec
[ModelOptimizer] Evaluating parameters: VectorD(1.29719,	0.648596,	-2.85140,	0.926307,	0.574298)

======================================================================
TRAFFIC MODEL BUILDER SUMMARY
======================================================================
Network:      US-101-N-DonaldDoyle
Segments:     7
Lanes:        4
Junctions:    8
Ramps:        2
Sensors:      5
Mode:         PeMS Data-Driven
Car-Following: Gipps
ODE Solver:   Ballistic
Vmax:         35.0 m/s
======================================================================
Skipping Source actor due to time limit at clock = 43201.00125327633
Skipping Source actor due to time limit at clock = 43210.6788297557
-----------------------------
| Model.cleanup in progress |
-----------------------------
cleanup: agenda
cleanup: wait queues
coroutine counts = (28265061,28263169,28262219)
[ModelOptimizer] Fitness: 5.2842 | Elapsed: 62.21 sec
[ModelOptimizer] Evaluating parameters: VectorD(2.88364,	1.44182,	-2.05818,	1.60055,	0.970911)

======================================================================
TRAFFIC MODEL BUILDER SUMMARY
======================================================================
Network:      US-101-N-DonaldDoyle
Segments:     7
Lanes:        4
Junctions:    8
Ramps:        2
Sensors:      5
Mode:         PeMS Data-Driven
Car-Following: Gipps
ODE Solver:   Ballistic
Vmax:         35.0 m/s
======================================================================
Skipping Source actor due to time limit at clock = 43201.00125327633
Skipping Source actor due to time limit at clock = 43210.6788297557
-----------------------------
| Model.cleanup in progress |
-----------------------------
cleanup: agenda
cleanup: wait queues
coroutine counts = (28324818,28322922,28321970)
[ModelOptimizer] Fitness: 4.8501 | Elapsed: 44.61 sec
[ModelOptimizer] Evaluating parameters: VectorD(1.20500,	0.602498,	-2.89750,	0.887123,	0.551249)

======================================================================
TRAFFIC MODEL BUILDER SUMMARY
======================================================================
Network:      US-101-N-DonaldDoyle
Segments:     7
Lanes:        4
Junctions:    8
Ramps:        2
Sensors:      5
Mode:         PeMS Data-Driven
Car-Following: Gipps
ODE Solver:   Ballistic
Vmax:         35.0 m/s
======================================================================
Skipping Source actor due to time limit at clock = 43201.00125327633
Skipping Source actor due to time limit at clock = 43210.6788297557
-----------------------------
| Model.cleanup in progress |
-----------------------------
cleanup: agenda
cleanup: wait queues
coroutine counts = (28384575,28382675,28381721)
[ModelOptimizer] Fitness: 5.4169 | Elapsed: 64.15 sec
[ModelOptimizer] Evaluating parameters: VectorD(3.50741,	1.75370,	-1.74630,	1.86565,	1.12685)

======================================================================
TRAFFIC MODEL BUILDER SUMMARY
======================================================================
Network:      US-101-N-DonaldDoyle
Segments:     7
Lanes:        4
Junctions:    8
Ramps:        2
Sensors:      5
Mode:         PeMS Data-Driven
Car-Following: Gipps
ODE Solver:   Ballistic
Vmax:         35.0 m/s
======================================================================
Skipping Source actor due to time limit at clock = 43201.00125327633
Skipping Source actor due to time limit at clock = 43210.6788297557
-----------------------------
| Model.cleanup in progress |
-----------------------------
cleanup: agenda
cleanup: wait queues
coroutine counts = (28444332,28442428,28441472)
[ModelOptimizer] Fitness: 5.0091 | Elapsed: 42.66 sec
[ModelOptimizer] Evaluating parameters: VectorD(1.79829,	0.899144,	-2.60086,	1.13927,	0.699572)

======================================================================
TRAFFIC MODEL BUILDER SUMMARY
======================================================================
Network:      US-101-N-DonaldDoyle
Segments:     7
Lanes:        4
Junctions:    8
Ramps:        2
Sensors:      5
Mode:         PeMS Data-Driven
Car-Following: Gipps
ODE Solver:   Ballistic
Vmax:         35.0 m/s
======================================================================
Skipping Source actor due to time limit at clock = 43201.00125327633
Skipping Source actor due to time limit at clock = 43210.6788297557
-----------------------------
| Model.cleanup in progress |
-----------------------------
cleanup: agenda
cleanup: wait queues
coroutine counts = (28504089,28502181,28501223)
[ModelOptimizer] Fitness: 4.9572 | Elapsed: 57.85 sec
      42 |      1.70879444 |      1.70879444 |      10.5% ✓
[ModelOptimizer] Evaluating parameters: VectorD(3.77367,	1.61324,	-4.78140,	3.03314,	4.18298)

======================================================================
TRAFFIC MODEL BUILDER SUMMARY
======================================================================
Network:      US-101-N-DonaldDoyle
Segments:     7
Lanes:        4
Junctions:    8
Ramps:        2
Sensors:      5
Mode:         PeMS Data-Driven
Car-Following: Gipps
ODE Solver:   Ballistic
Vmax:         35.0 m/s
======================================================================
Skipping Source actor due to time limit at clock = 43201.00125327633
Skipping Source actor due to time limit at clock = 43210.6788297557
-----------------------------
| Model.cleanup in progress |
-----------------------------
cleanup: agenda
cleanup: wait queues
coroutine counts = (28563846,28561934,28560974)
[ModelOptimizer] Fitness: 1.7100 | Elapsed: 25.18 sec
[ModelOptimizer] Evaluating parameters: VectorD(5.68006,	2.39730,	-4.28183,	3.59412,	3.61511)

======================================================================
TRAFFIC MODEL BUILDER SUMMARY
======================================================================
Network:      US-101-N-DonaldDoyle
Segments:     7
Lanes:        4
Junctions:    8
Ramps:        2
Sensors:      5
Mode:         PeMS Data-Driven
Car-Following: Gipps
ODE Solver:   Ballistic
Vmax:         35.0 m/s
======================================================================
Skipping Source actor due to time limit at clock = 43201.00125327633
Skipping Source actor due to time limit at clock = 43210.6788297557
-----------------------------
| Model.cleanup in progress |
-----------------------------
cleanup: agenda
cleanup: wait queues
coroutine counts = (28623603,28621687,28620725)
[ModelOptimizer] Fitness: 1.7087 | Elapsed: 29.36 sec
[ModelOptimizer] Evaluating parameters: VectorD(5.53352,	2.16974,	-5.80672,	3.34832,	3.36832)

======================================================================
TRAFFIC MODEL BUILDER SUMMARY
======================================================================
Network:      US-101-N-DonaldDoyle
Segments:     7
Lanes:        4
Junctions:    8
Ramps:        2
Sensors:      5
Mode:         PeMS Data-Driven
Car-Following: Gipps
ODE Solver:   Ballistic
Vmax:         35.0 m/s
======================================================================
Skipping Source actor due to time limit at clock = 43201.00125327633
Skipping Source actor due to time limit at clock = 43210.6788297557
-----------------------------
| Model.cleanup in progress |
-----------------------------
cleanup: agenda
cleanup: wait queues
coroutine counts = (28683360,28681440,28680476)
[ModelOptimizer] Fitness: 1.7108 | Elapsed: 34.22 sec
[ModelOptimizer] Evaluating parameters: VectorD(5.44662,	2.12243,	-4.97373,	3.76921,	4.18769)

======================================================================
TRAFFIC MODEL BUILDER SUMMARY
======================================================================
Network:      US-101-N-DonaldDoyle
Segments:     7
Lanes:        4
Junctions:    8
Ramps:        2
Sensors:      5
Mode:         PeMS Data-Driven
Car-Following: Gipps
ODE Solver:   Ballistic
Vmax:         35.0 m/s
======================================================================
Skipping Source actor due to time limit at clock = 43201.00125327633
Skipping Source actor due to time limit at clock = 43210.6788297557
-----------------------------
| Model.cleanup in progress |
-----------------------------
cleanup: agenda
cleanup: wait queues
coroutine counts = (28743117,28741193,28740227)
[ModelOptimizer] Fitness: 1.7101 | Elapsed: 37.26 sec
[ModelOptimizer] Evaluating parameters: VectorD(3.05978,	1.83700,	-5.15539,	3.89070,	4.56393)

======================================================================
TRAFFIC MODEL BUILDER SUMMARY
======================================================================
Network:      US-101-N-DonaldDoyle
Segments:     7
Lanes:        4
Junctions:    8
Ramps:        2
Sensors:      5
Mode:         PeMS Data-Driven
Car-Following: Gipps
ODE Solver:   Ballistic
Vmax:         35.0 m/s
======================================================================
Skipping Source actor due to time limit at clock = 43201.00125327633
Skipping Source actor due to time limit at clock = 43210.6788297557
-----------------------------
| Model.cleanup in progress |
-----------------------------
cleanup: agenda
cleanup: wait queues
coroutine counts = (28802874,28800946,28799978)
[ModelOptimizer] Fitness: 1.7114 | Elapsed: 38.66 sec
[ModelOptimizer] Evaluating parameters: VectorD(5.13768,	1.65778,	-4.14544,	3.83949,	4.01184)

======================================================================
TRAFFIC MODEL BUILDER SUMMARY
======================================================================
Network:      US-101-N-DonaldDoyle
Segments:     7
Lanes:        4
Junctions:    8
Ramps:        2
Sensors:      5
Mode:         PeMS Data-Driven
Car-Following: Gipps
ODE Solver:   Ballistic
Vmax:         35.0 m/s
======================================================================
Skipping Source actor due to time limit at clock = 43201.00125327633
Skipping Source actor due to time limit at clock = 43210.6788297557
-----------------------------
| Model.cleanup in progress |
-----------------------------
cleanup: agenda
cleanup: wait queues
coroutine counts = (28862631,28860699,28859729)
[ModelOptimizer] Fitness: 1.7113 | Elapsed: 35.56 sec
[ModelOptimizer] Evaluating parameters: VectorD(1.94315,	0.971575,	-2.52843,	1.20084,	0.735787)

======================================================================
TRAFFIC MODEL BUILDER SUMMARY
======================================================================
Network:      US-101-N-DonaldDoyle
Segments:     7
Lanes:        4
Junctions:    8
Ramps:        2
Sensors:      5
Mode:         PeMS Data-Driven
Car-Following: Gipps
ODE Solver:   Ballistic
Vmax:         35.0 m/s
======================================================================
Skipping Source actor due to time limit at clock = 43201.00125327633
Skipping Source actor due to time limit at clock = 43210.6788297557
-----------------------------
| Model.cleanup in progress |
-----------------------------
cleanup: agenda
cleanup: wait queues
coroutine counts = (28922388,28920452,28919480)
[ModelOptimizer] Fitness: 4.9190 | Elapsed: 75.34 sec
[ModelOptimizer] Evaluating parameters: VectorD(3.03319,	1.51659,	-1.98341,	1.66411,	1.00830)

======================================================================
TRAFFIC MODEL BUILDER SUMMARY
======================================================================
Network:      US-101-N-DonaldDoyle
Segments:     7
Lanes:        4
Junctions:    8
Ramps:        2
Sensors:      5
Mode:         PeMS Data-Driven
Car-Following: Gipps
ODE Solver:   Ballistic
Vmax:         35.0 m/s
======================================================================
Skipping Source actor due to time limit at clock = 43201.00125327633
Skipping Source actor due to time limit at clock = 43210.6788297557
-----------------------------
| Model.cleanup in progress |
-----------------------------
cleanup: agenda
cleanup: wait queues
coroutine counts = (28982145,28980205,28979231)
[ModelOptimizer] Fitness: 4.9004 | Elapsed: 65.36 sec
[ModelOptimizer] Evaluating parameters: VectorD(1.23318,	0.616589,	-2.88341,	0.899101,	0.558294)

======================================================================
TRAFFIC MODEL BUILDER SUMMARY
======================================================================
Network:      US-101-N-DonaldDoyle
Segments:     7
Lanes:        4
Junctions:    8
Ramps:        2
Sensors:      5
Mode:         PeMS Data-Driven
Car-Following: Gipps
ODE Solver:   Ballistic
Vmax:         35.0 m/s
======================================================================
Skipping Source actor due to time limit at clock = 43201.00125327633
Skipping Source actor due to time limit at clock = 43210.6788297557
-----------------------------
| Model.cleanup in progress |
-----------------------------
cleanup: agenda
cleanup: wait queues
coroutine counts = (29041902,29039958,29038982)
[ModelOptimizer] Fitness: 5.3615 | Elapsed: 92.46 sec
[ModelOptimizer] Evaluating parameters: VectorD(3.79137,	1.89568,	-1.60432,	1.98633,	1.19784)

======================================================================
TRAFFIC MODEL BUILDER SUMMARY
======================================================================
Network:      US-101-N-DonaldDoyle
Segments:     7
Lanes:        4
Junctions:    8
Ramps:        2
Sensors:      5
Mode:         PeMS Data-Driven
Car-Following: Gipps
ODE Solver:   Ballistic
Vmax:         35.0 m/s
======================================================================
Skipping Source actor due to time limit at clock = 43201.00125327633
Skipping Source actor due to time limit at clock = 43210.6788297557
-----------------------------
| Model.cleanup in progress |
-----------------------------
cleanup: agenda
cleanup: wait queues
coroutine counts = (29101659,29099711,29098733)
[ModelOptimizer] Fitness: 5.1677 | Elapsed: 65.75 sec
[ModelOptimizer] Evaluating parameters: VectorD(3.68922,	1.84461,	-1.65539,	1.94292,	1.17231)

======================================================================
TRAFFIC MODEL BUILDER SUMMARY
======================================================================
Network:      US-101-N-DonaldDoyle
Segments:     7
Lanes:        4
Junctions:    8
Ramps:        2
Sensors:      5
Mode:         PeMS Data-Driven
Car-Following: Gipps
ODE Solver:   Ballistic
Vmax:         35.0 m/s
======================================================================
Skipping Source actor due to time limit at clock = 43201.00125327633
Skipping Source actor due to time limit at clock = 43210.6788297557
-----------------------------
| Model.cleanup in progress |
-----------------------------
cleanup: agenda
cleanup: wait queues
coroutine counts = (29161416,29159464,29158484)
[ModelOptimizer] Fitness: 5.1316 | Elapsed: 56.70 sec
      43 |      1.70868172 |      1.70868172 |      10.8% ✓
[ModelOptimizer] Evaluating parameters: VectorD(4.19433,	2.00554,	-7.79347,	3.07457,	3.21122)

======================================================================
TRAFFIC MODEL BUILDER SUMMARY
======================================================================
Network:      US-101-N-DonaldDoyle
Segments:     7
Lanes:        4
Junctions:    8
Ramps:        2
Sensors:      5
Mode:         PeMS Data-Driven
Car-Following: Gipps
ODE Solver:   Ballistic
Vmax:         35.0 m/s
======================================================================
Skipping Source actor due to time limit at clock = 43201.00125327633
Skipping Source actor due to time limit at clock = 43210.6788297557
-----------------------------
| Model.cleanup in progress |
-----------------------------
cleanup: agenda
cleanup: wait queues
coroutine counts = (29221173,29219217,29218235)
[ModelOptimizer] Fitness: 1.7118 | Elapsed: 36.64 sec
[ModelOptimizer] Evaluating parameters: VectorD(4.20036,	2.19745,	-5.18695,	3.39512,	3.54015)

======================================================================
TRAFFIC MODEL BUILDER SUMMARY
======================================================================
Network:      US-101-N-DonaldDoyle
Segments:     7
Lanes:        4
Junctions:    8
Ramps:        2
Sensors:      5
Mode:         PeMS Data-Driven
Car-Following: Gipps
ODE Solver:   Ballistic
Vmax:         35.0 m/s
======================================================================
Skipping Source actor due to time limit at clock = 43201.00125327633
Skipping Source actor due to time limit at clock = 43210.6788297557
-----------------------------
| Model.cleanup in progress |
-----------------------------
cleanup: agenda
cleanup: wait queues
coroutine counts = (29280930,29278970,29277986)
[ModelOptimizer] Fitness: 1.7104 | Elapsed: 34.44 sec
[ModelOptimizer] Evaluating parameters: VectorD(6.18780,	2.12569,	-5.10782,	4.13380,	4.35389)

======================================================================
TRAFFIC MODEL BUILDER SUMMARY
======================================================================
Network:      US-101-N-DonaldDoyle
Segments:     7
Lanes:        4
Junctions:    8
Ramps:        2
Sensors:      5
Mode:         PeMS Data-Driven
Car-Following: Gipps
ODE Solver:   Ballistic
Vmax:         35.0 m/s
======================================================================
Skipping Source actor due to time limit at clock = 43201.00125327633
Skipping Source actor due to time limit at clock = 43210.6788297557
-----------------------------
| Model.cleanup in progress |
-----------------------------
cleanup: agenda
cleanup: wait queues
coroutine counts = (29340687,29338723,29337737)
[ModelOptimizer] Fitness: 1.7129 | Elapsed: 34.41 sec
[ModelOptimizer] Evaluating parameters: VectorD(3.95664,	2.22893,	-5.88295,	4.22343,	3.87938)

======================================================================
TRAFFIC MODEL BUILDER SUMMARY
======================================================================
Network:      US-101-N-DonaldDoyle
Segments:     7
Lanes:        4
Junctions:    8
Ramps:        2
Sensors:      5
Mode:         PeMS Data-Driven
Car-Following: Gipps
ODE Solver:   Ballistic
Vmax:         35.0 m/s
======================================================================
Skipping Source actor due to time limit at clock = 43201.00125327633
Skipping Source actor due to time limit at clock = 43210.6788297557
-----------------------------
| Model.cleanup in progress |
-----------------------------
cleanup: agenda
cleanup: wait queues
coroutine counts = (29400444,29398476,29397488)
[ModelOptimizer] Fitness: 1.7097 | Elapsed: 35.71 sec
[ModelOptimizer] Evaluating parameters: VectorD(5.08735,	2.04960,	-7.03633,	3.92498,	3.87556)

======================================================================
TRAFFIC MODEL BUILDER SUMMARY
======================================================================
Network:      US-101-N-DonaldDoyle
Segments:     7
Lanes:        4
Junctions:    8
Ramps:        2
Sensors:      5
Mode:         PeMS Data-Driven
Car-Following: Gipps
ODE Solver:   Ballistic
Vmax:         35.0 m/s
======================================================================
Skipping Source actor due to time limit at clock = 43201.00125327633
Skipping Source actor due to time limit at clock = 43210.6788297557
-----------------------------
| Model.cleanup in progress |
-----------------------------
cleanup: agenda
cleanup: wait queues
coroutine counts = (29460201,29458229,29457239)
[ModelOptimizer] Fitness: 1.7099 | Elapsed: 33.35 sec
[ModelOptimizer] Evaluating parameters: VectorD(3.46277,	1.96979,	-4.48998,	2.68916,	4.09285)

======================================================================
TRAFFIC MODEL BUILDER SUMMARY
======================================================================
Network:      US-101-N-DonaldDoyle
Segments:     7
Lanes:        4
Junctions:    8
Ramps:        2
Sensors:      5
Mode:         PeMS Data-Driven
Car-Following: Gipps
ODE Solver:   Ballistic
Vmax:         35.0 m/s
======================================================================
Skipping Source actor due to time limit at clock = 43201.00125327633
Skipping Source actor due to time limit at clock = 43210.6788297557
-----------------------------
| Model.cleanup in progress |
-----------------------------
cleanup: agenda
cleanup: wait queues
coroutine counts = (29519958,29517982,29516990)
[ModelOptimizer] Fitness: 1.7099 | Elapsed: 34.23 sec
[ModelOptimizer] Evaluating parameters: VectorD(1.63921,	0.819604,	-2.68040,	1.07166,	0.659802)

======================================================================
TRAFFIC MODEL BUILDER SUMMARY
======================================================================
Network:      US-101-N-DonaldDoyle
Segments:     7
Lanes:        4
Junctions:    8
Ramps:        2
Sensors:      5
Mode:         PeMS Data-Driven
Car-Following: Gipps
ODE Solver:   Ballistic
Vmax:         35.0 m/s
======================================================================
Skipping Source actor due to time limit at clock = 43201.00125327633
Skipping Source actor due to time limit at clock = 43210.6788297557
-----------------------------
| Model.cleanup in progress |
-----------------------------
cleanup: agenda
cleanup: wait queues
coroutine counts = (29579715,29577735,29576741)
[ModelOptimizer] Fitness: 5.0598 | Elapsed: 76.27 sec
[ModelOptimizer] Evaluating parameters: VectorD(1.05084,	0.525419,	-2.97458,	0.821606,	0.512709)

======================================================================
TRAFFIC MODEL BUILDER SUMMARY
======================================================================
Network:      US-101-N-DonaldDoyle
Segments:     7
Lanes:        4
Junctions:    8
Ramps:        2
Sensors:      5
Mode:         PeMS Data-Driven
Car-Following: Gipps
ODE Solver:   Ballistic
Vmax:         35.0 m/s
======================================================================
Skipping Source actor due to time limit at clock = 43201.00125327633
Skipping Source actor due to time limit at clock = 43210.6788297557
-----------------------------
| Model.cleanup in progress |
-----------------------------
cleanup: agenda
cleanup: wait queues
coroutine counts = (29639472,29637488,29636492)
[ModelOptimizer] Fitness: 5.6452 | Elapsed: 90.59 sec
[ModelOptimizer] Evaluating parameters: VectorD(2.14581,	1.07291,	-2.42709,	1.28697,	0.786453)

======================================================================
TRAFFIC MODEL BUILDER SUMMARY
======================================================================
Network:      US-101-N-DonaldDoyle
Segments:     7
Lanes:        4
Junctions:    8
Ramps:        2
Sensors:      5
Mode:         PeMS Data-Driven
Car-Following: Gipps
ODE Solver:   Ballistic
Vmax:         35.0 m/s
======================================================================
Skipping Source actor due to time limit at clock = 43201.00125327633
Skipping Source actor due to time limit at clock = 43210.6788297557
-----------------------------
| Model.cleanup in progress |
-----------------------------
cleanup: agenda
cleanup: wait queues
coroutine counts = (29699229,29697241,29696243)
[ModelOptimizer] Fitness: 4.9086 | Elapsed: 70.95 sec
[ModelOptimizer] Evaluating parameters: VectorD(1.53992,	0.769962,	-2.73004,	1.02947,	0.634981)

======================================================================
TRAFFIC MODEL BUILDER SUMMARY
======================================================================
Network:      US-101-N-DonaldDoyle
Segments:     7
Lanes:        4
Junctions:    8
Ramps:        2
Sensors:      5
Mode:         PeMS Data-Driven
Car-Following: Gipps
ODE Solver:   Ballistic
Vmax:         35.0 m/s
======================================================================
Skipping Source actor due to time limit at clock = 43201.00125327633
Skipping Source actor due to time limit at clock = 43210.6788297557
-----------------------------
| Model.cleanup in progress |
-----------------------------
cleanup: agenda
cleanup: wait queues
coroutine counts = (29758986,29756994,29755994)
[ModelOptimizer] Fitness: 5.0900 | Elapsed: 85.35 sec
[ModelOptimizer] Evaluating parameters: VectorD(1.66910,	0.834550,	-2.66545,	1.08437,	0.667275)

======================================================================
TRAFFIC MODEL BUILDER SUMMARY
======================================================================
Network:      US-101-N-DonaldDoyle
Segments:     7
Lanes:        4
Junctions:    8
Ramps:        2
Sensors:      5
Mode:         PeMS Data-Driven
Car-Following: Gipps
ODE Solver:   Ballistic
Vmax:         35.0 m/s
======================================================================
Skipping Source actor due to time limit at clock = 43201.00125327633
Skipping Source actor due to time limit at clock = 43210.6788297557
-----------------------------
| Model.cleanup in progress |
-----------------------------
cleanup: agenda
cleanup: wait queues
coroutine counts = (29818743,29816747,29815745)
[ModelOptimizer] Fitness: 5.0550 | Elapsed: 79.98 sec
      44 |      1.70868172 |      1.70868172 |      11.0% ✓
[ModelOptimizer] Evaluating parameters: VectorD(5.52666,	2.50066,	-4.21211,	3.25534,	3.63060)

======================================================================
TRAFFIC MODEL BUILDER SUMMARY
======================================================================
Network:      US-101-N-DonaldDoyle
Segments:     7
Lanes:        4
Junctions:    8
Ramps:        2
Sensors:      5
Mode:         PeMS Data-Driven
Car-Following: Gipps
ODE Solver:   Ballistic
Vmax:         35.0 m/s
======================================================================
Skipping Source actor due to time limit at clock = 43201.00125327633
Skipping Source actor due to time limit at clock = 43210.6788297557
-----------------------------
| Model.cleanup in progress |
-----------------------------
cleanup: agenda
cleanup: wait queues
coroutine counts = (29878500,29876500,29875496)
[ModelOptimizer] Fitness: 1.7105 | Elapsed: 36.59 sec
[ModelOptimizer] Evaluating parameters: VectorD(5.64789,	2.60392,	-4.28584,	3.75962,	3.19011)

======================================================================
TRAFFIC MODEL BUILDER SUMMARY
======================================================================
Network:      US-101-N-DonaldDoyle
Segments:     7
Lanes:        4
Junctions:    8
Ramps:        2
Sensors:      5
Mode:         PeMS Data-Driven
Car-Following: Gipps
ODE Solver:   Ballistic
Vmax:         35.0 m/s
======================================================================
Skipping Source actor due to time limit at clock = 43201.00125327633
Skipping Source actor due to time limit at clock = 43210.6788297557
-----------------------------
| Model.cleanup in progress |
-----------------------------
cleanup: agenda
cleanup: wait queues
coroutine counts = (29938257,29936253,29935247)
[ModelOptimizer] Fitness: 1.7281 | Elapsed: 35.15 sec
[ModelOptimizer] Evaluating parameters: VectorD(6.59663,	2.60644,	-4.79432,	4.06578,	4.40861)

======================================================================
TRAFFIC MODEL BUILDER SUMMARY
======================================================================
Network:      US-101-N-DonaldDoyle
Segments:     7
Lanes:        4
Junctions:    8
Ramps:        2
Sensors:      5
Mode:         PeMS Data-Driven
Car-Following: Gipps
ODE Solver:   Ballistic
Vmax:         35.0 m/s
======================================================================
Skipping Source actor due to time limit at clock = 43201.00125327633
Skipping Source actor due to time limit at clock = 43210.6788297557
-----------------------------
| Model.cleanup in progress |
-----------------------------
cleanup: agenda
cleanup: wait queues
coroutine counts = (29998014,29996006,29994998)
[ModelOptimizer] Fitness: 1.7120 | Elapsed: 32.42 sec
[ModelOptimizer] Evaluating parameters: VectorD(5.25400,	2.24504,	-6.32937,	3.32923,	4.16905)

======================================================================
TRAFFIC MODEL BUILDER SUMMARY
======================================================================
Network:      US-101-N-DonaldDoyle
Segments:     7
Lanes:        4
Junctions:    8
Ramps:        2
Sensors:      5
Mode:         PeMS Data-Driven
Car-Following: Gipps
ODE Solver:   Ballistic
Vmax:         35.0 m/s
======================================================================
Skipping Source actor due to time limit at clock = 43201.00125327633
Skipping Source actor due to time limit at clock = 43210.6788297557
-----------------------------
| Model.cleanup in progress |
-----------------------------
cleanup: agenda
cleanup: wait queues
coroutine counts = (30057771,30055759,30054749)
[ModelOptimizer] Fitness: 1.7097 | Elapsed: 32.23 sec
[ModelOptimizer] Evaluating parameters: VectorD(5.98199,	2.22906,	-4.45314,	3.66617,	4.22717)

======================================================================
TRAFFIC MODEL BUILDER SUMMARY
======================================================================
Network:      US-101-N-DonaldDoyle
Segments:     7
Lanes:        4
Junctions:    8
Ramps:        2
Sensors:      5
Mode:         PeMS Data-Driven
Car-Following: Gipps
ODE Solver:   Ballistic
Vmax:         35.0 m/s
======================================================================
Skipping Source actor due to time limit at clock = 43201.00125327633
Skipping Source actor due to time limit at clock = 43210.6788297557
-----------------------------
| Model.cleanup in progress |
-----------------------------
cleanup: agenda
cleanup: wait queues
coroutine counts = (30117528,30115512,30114500)
[ModelOptimizer] Fitness: 1.7128 | Elapsed: 33.55 sec
[ModelOptimizer] Evaluating parameters: VectorD(6.58099,	2.34271,	-5.63159,	4.92814,	3.49651)

======================================================================
TRAFFIC MODEL BUILDER SUMMARY
======================================================================
Network:      US-101-N-DonaldDoyle
Segments:     7
Lanes:        4
Junctions:    8
Ramps:        2
Sensors:      5
Mode:         PeMS Data-Driven
Car-Following: Gipps
ODE Solver:   Ballistic
Vmax:         35.0 m/s
======================================================================
Skipping Source actor due to time limit at clock = 43201.00125327633
Skipping Source actor due to time limit at clock = 43210.6788297557
-----------------------------
| Model.cleanup in progress |
-----------------------------
cleanup: agenda
cleanup: wait queues
coroutine counts = (30177285,30175265,30174251)
[ModelOptimizer] Fitness: 1.7111 | Elapsed: 31.28 sec
[ModelOptimizer] Evaluating parameters: VectorD(2.02531,	1.01266,	-2.48734,	1.23576,	0.756328)

======================================================================
TRAFFIC MODEL BUILDER SUMMARY
======================================================================
Network:      US-101-N-DonaldDoyle
Segments:     7
Lanes:        4
Junctions:    8
Ramps:        2
Sensors:      5
Mode:         PeMS Data-Driven
Car-Following: Gipps
ODE Solver:   Ballistic
Vmax:         35.0 m/s
======================================================================
Skipping Source actor due to time limit at clock = 43201.00125327633
Skipping Source actor due to time limit at clock = 43210.6788297557
-----------------------------
| Model.cleanup in progress |
-----------------------------
cleanup: agenda
cleanup: wait queues
coroutine counts = (30237042,30235018,30234002)
[ModelOptimizer] Fitness: 4.9423 | Elapsed: 70.33 sec
[ModelOptimizer] Evaluating parameters: VectorD(2.91151,	1.45576,	-2.04424,	1.61239,	0.977878)

======================================================================
TRAFFIC MODEL BUILDER SUMMARY
======================================================================
Network:      US-101-N-DonaldDoyle
Segments:     7
Lanes:        4
Junctions:    8
Ramps:        2
Sensors:      5
Mode:         PeMS Data-Driven
Car-Following: Gipps
ODE Solver:   Ballistic
Vmax:         35.0 m/s
======================================================================
Skipping Source actor due to time limit at clock = 43201.00125327633
Skipping Source actor due to time limit at clock = 43210.6788297557
-----------------------------
| Model.cleanup in progress |
-----------------------------
cleanup: agenda
cleanup: wait queues
coroutine counts = (30296799,30294771,30293753)
[ModelOptimizer] Fitness: 4.8603 | Elapsed: 57.98 sec
[ModelOptimizer] Evaluating parameters: VectorD(4.84077,	2.42039,	-1.07961,	2.43233,	1.46019)

======================================================================
TRAFFIC MODEL BUILDER SUMMARY
======================================================================
Network:      US-101-N-DonaldDoyle
Segments:     7
Lanes:        4
Junctions:    8
Ramps:        2
Sensors:      5
Mode:         PeMS Data-Driven
Car-Following: Gipps
ODE Solver:   Ballistic
Vmax:         35.0 m/s
======================================================================
Skipping Source actor due to time limit at clock = 43201.00125327633
Skipping Source actor due to time limit at clock = 43210.6788297557
-----------------------------
| Model.cleanup in progress |
-----------------------------
cleanup: agenda
cleanup: wait queues
coroutine counts = (30356556,30354524,30353504)
[ModelOptimizer] Fitness: 6.3362 | Elapsed: 45.89 sec
[ModelOptimizer] Evaluating parameters: VectorD(1.65994,	0.829969,	-2.67003,	1.08047,	0.664985)

======================================================================
TRAFFIC MODEL BUILDER SUMMARY
======================================================================
Network:      US-101-N-DonaldDoyle
Segments:     7
Lanes:        4
Junctions:    8
Ramps:        2
Sensors:      5
Mode:         PeMS Data-Driven
Car-Following: Gipps
ODE Solver:   Ballistic
Vmax:         35.0 m/s
======================================================================
Skipping Source actor due to time limit at clock = 43201.00125327633
Skipping Source actor due to time limit at clock = 43210.6788297557
-----------------------------
| Model.cleanup in progress |
-----------------------------
cleanup: agenda
cleanup: wait queues
coroutine counts = (30416313,30414277,30413255)
[ModelOptimizer] Fitness: 5.0705 | Elapsed: 70.94 sec
[ModelOptimizer] Evaluating parameters: VectorD(3.21371,	1.60685,	-1.89315,	1.74083,	1.05343)

======================================================================
TRAFFIC MODEL BUILDER SUMMARY
======================================================================
Network:      US-101-N-DonaldDoyle
Segments:     7
Lanes:        4
Junctions:    8
Ramps:        2
Sensors:      5
Mode:         PeMS Data-Driven
Car-Following: Gipps
ODE Solver:   Ballistic
Vmax:         35.0 m/s
======================================================================
Skipping Source actor due to time limit at clock = 43201.00125327633
Skipping Source actor due to time limit at clock = 43210.6788297557
-----------------------------
| Model.cleanup in progress |
-----------------------------
cleanup: agenda
cleanup: wait queues
coroutine counts = (30476070,30474030,30473006)
[ModelOptimizer] Fitness: 4.9080 | Elapsed: 52.73 sec
      45 |      1.70868172 |      1.70868172 |      11.3% ✓
[ModelOptimizer] Evaluating parameters: VectorD(5.28688,	2.41443,	-6.37279,	3.07679,	4.14095)

======================================================================
TRAFFIC MODEL BUILDER SUMMARY
======================================================================
Network:      US-101-N-DonaldDoyle
Segments:     7
Lanes:        4
Junctions:    8
Ramps:        2
Sensors:      5
Mode:         PeMS Data-Driven
Car-Following: Gipps
ODE Solver:   Ballistic
Vmax:         35.0 m/s
======================================================================
Skipping Source actor due to time limit at clock = 43201.00125327633
Skipping Source actor due to time limit at clock = 43210.6788297557
-----------------------------
| Model.cleanup in progress |
-----------------------------
cleanup: agenda
cleanup: wait queues
coroutine counts = (30535827,30533783,30532757)
[ModelOptimizer] Fitness: 1.7095 | Elapsed: 27.56 sec
[ModelOptimizer] Evaluating parameters: VectorD(3.35025,	2.45000,	-4.64850,	3.66102,	3.08311)

======================================================================
TRAFFIC MODEL BUILDER SUMMARY
======================================================================
Network:      US-101-N-DonaldDoyle
Segments:     7
Lanes:        4
Junctions:    8
Ramps:        2
Sensors:      5
Mode:         PeMS Data-Driven
Car-Following: Gipps
ODE Solver:   Ballistic
Vmax:         35.0 m/s
======================================================================
Skipping Source actor due to time limit at clock = 43201.00125327633
Skipping Source actor due to time limit at clock = 43210.6788297557
-----------------------------
| Model.cleanup in progress |
-----------------------------
cleanup: agenda
cleanup: wait queues
coroutine counts = (30595584,30593536,30592508)
[ModelOptimizer] Fitness: 1.7117 | Elapsed: 34.60 sec
[ModelOptimizer] Evaluating parameters: VectorD(6.50348,	1.97340,	-5.40356,	3.81962,	2.96239)

======================================================================
TRAFFIC MODEL BUILDER SUMMARY
======================================================================
Network:      US-101-N-DonaldDoyle
Segments:     7
Lanes:        4
Junctions:    8
Ramps:        2
Sensors:      5
Mode:         PeMS Data-Driven
Car-Following: Gipps
ODE Solver:   Ballistic
Vmax:         35.0 m/s
======================================================================
Skipping Source actor due to time limit at clock = 43201.00125327633
Skipping Source actor due to time limit at clock = 43210.6788297557
-----------------------------
| Model.cleanup in progress |
-----------------------------
cleanup: agenda
cleanup: wait queues
coroutine counts = (30655341,30653289,30652259)
[ModelOptimizer] Fitness: 1.7130 | Elapsed: 32.52 sec
[ModelOptimizer] Evaluating parameters: VectorD(5.84279,	1.78437,	-7.41799,	2.64841,	3.68674)

======================================================================
TRAFFIC MODEL BUILDER SUMMARY
======================================================================
Network:      US-101-N-DonaldDoyle
Segments:     7
Lanes:        4
Junctions:    8
Ramps:        2
Sensors:      5
Mode:         PeMS Data-Driven
Car-Following: Gipps
ODE Solver:   Ballistic
Vmax:         35.0 m/s
======================================================================
Skipping Source actor due to time limit at clock = 43201.00125327633
Skipping Source actor due to time limit at clock = 43210.6788297557
-----------------------------
| Model.cleanup in progress |
-----------------------------
cleanup: agenda
cleanup: wait queues
coroutine counts = (30715098,30713042,30712010)
[ModelOptimizer] Fitness: 1.7098 | Elapsed: 30.83 sec
[ModelOptimizer] Evaluating parameters: VectorD(6.53123,	2.28391,	-5.55020,	4.28823,	3.97556)

======================================================================
TRAFFIC MODEL BUILDER SUMMARY
======================================================================
Network:      US-101-N-DonaldDoyle
Segments:     7
Lanes:        4
Junctions:    8
Ramps:        2
Sensors:      5
Mode:         PeMS Data-Driven
Car-Following: Gipps
ODE Solver:   Ballistic
Vmax:         35.0 m/s
======================================================================
Skipping Source actor due to time limit at clock = 43201.00125327633
Skipping Source actor due to time limit at clock = 43210.6788297557
-----------------------------
| Model.cleanup in progress |
-----------------------------
cleanup: agenda
cleanup: wait queues
coroutine counts = (30774855,30772795,30771761)
[ModelOptimizer] Fitness: 1.7113 | Elapsed: 31.31 sec
[ModelOptimizer] Evaluating parameters: VectorD(5.25964,	1.81444,	-4.43127,	3.55079,	4.08483)

======================================================================
TRAFFIC MODEL BUILDER SUMMARY
======================================================================
Network:      US-101-N-DonaldDoyle
Segments:     7
Lanes:        4
Junctions:    8
Ramps:        2
Sensors:      5
Mode:         PeMS Data-Driven
Car-Following: Gipps
ODE Solver:   Ballistic
Vmax:         35.0 m/s
======================================================================
Skipping Source actor due to time limit at clock = 43201.00125327633
Skipping Source actor due to time limit at clock = 43210.6788297557
-----------------------------
| Model.cleanup in progress |
-----------------------------
cleanup: agenda
cleanup: wait queues
coroutine counts = (30834612,30832548,30831512)
[ModelOptimizer] Fitness: 1.7101 | Elapsed: 32.54 sec
[ModelOptimizer] Evaluating parameters: VectorD(3.14559,	1.57280,	-1.92720,	1.71188,	1.03640)

======================================================================
TRAFFIC MODEL BUILDER SUMMARY
======================================================================
Network:      US-101-N-DonaldDoyle
Segments:     7
Lanes:        4
Junctions:    8
Ramps:        2
Sensors:      5
Mode:         PeMS Data-Driven
Car-Following: Gipps
ODE Solver:   Ballistic
Vmax:         35.0 m/s
======================================================================
Skipping Source actor due to time limit at clock = 43201.00125327633
Skipping Source actor due to time limit at clock = 43210.6788297557
-----------------------------
| Model.cleanup in progress |
-----------------------------
cleanup: agenda
cleanup: wait queues
coroutine counts = (30894369,30892301,30891263)
[ModelOptimizer] Fitness: 4.9150 | Elapsed: 51.65 sec
[ModelOptimizer] Evaluating parameters: VectorD(1.21563,	0.607813,	-2.89219,	0.891641,	0.553907)

======================================================================
TRAFFIC MODEL BUILDER SUMMARY
======================================================================
Network:      US-101-N-DonaldDoyle
Segments:     7
Lanes:        4
Junctions:    8
Ramps:        2
Sensors:      5
Mode:         PeMS Data-Driven
Car-Following: Gipps
ODE Solver:   Ballistic
Vmax:         35.0 m/s
======================================================================
Skipping Source actor due to time limit at clock = 43201.00125327633
Skipping Source actor due to time limit at clock = 43210.6788297557
-----------------------------
| Model.cleanup in progress |
-----------------------------
cleanup: agenda
cleanup: wait queues
coroutine counts = (30954126,30952054,30951014)
[ModelOptimizer] Fitness: 5.4080 | Elapsed: 76.79 sec
[ModelOptimizer] Evaluating parameters: VectorD(3.75359,	1.87680,	-1.62320,	1.97028,	1.18840)

======================================================================
TRAFFIC MODEL BUILDER SUMMARY
======================================================================
Network:      US-101-N-DonaldDoyle
Segments:     7
Lanes:        4
Junctions:    8
Ramps:        2
Sensors:      5
Mode:         PeMS Data-Driven
Car-Following: Gipps
ODE Solver:   Ballistic
Vmax:         35.0 m/s
======================================================================
Skipping Source actor due to time limit at clock = 43201.00125327633
Skipping Source actor due to time limit at clock = 43210.6788297557
-----------------------------
| Model.cleanup in progress |
-----------------------------
cleanup: agenda
cleanup: wait queues
coroutine counts = (31013883,31011807,31010765)
[ModelOptimizer] Fitness: 5.1498 | Elapsed: 46.37 sec
[ModelOptimizer] Evaluating parameters: VectorD(4.79098,	2.39549,	-1.10451,	2.41117,	1.44774)

======================================================================
TRAFFIC MODEL BUILDER SUMMARY
======================================================================
Network:      US-101-N-DonaldDoyle
Segments:     7
Lanes:        4
Junctions:    8
Ramps:        2
Sensors:      5
Mode:         PeMS Data-Driven
Car-Following: Gipps
ODE Solver:   Ballistic
Vmax:         35.0 m/s
======================================================================
Skipping Source actor due to time limit at clock = 43201.00125327633
Skipping Source actor due to time limit at clock = 43210.6788297557
-----------------------------
| Model.cleanup in progress |
-----------------------------
cleanup: agenda
cleanup: wait queues
coroutine counts = (31073640,31071560,31070516)
[ModelOptimizer] Fitness: 6.2785 | Elapsed: 45.83 sec
[ModelOptimizer] Evaluating parameters: VectorD(4.94731,	2.47365,	-1.02635,	2.47760,	1.48683)

======================================================================
TRAFFIC MODEL BUILDER SUMMARY
======================================================================
Network:      US-101-N-DonaldDoyle
Segments:     7
Lanes:        4
Junctions:    8
Ramps:        2
Sensors:      5
Mode:         PeMS Data-Driven
Car-Following: Gipps
ODE Solver:   Ballistic
Vmax:         35.0 m/s
======================================================================
Skipping Source actor due to time limit at clock = 43201.00125327633
Skipping Source actor due to time limit at clock = 43210.6788297557
-----------------------------
| Model.cleanup in progress |
-----------------------------
cleanup: agenda
cleanup: wait queues
coroutine counts = (31133397,31131313,31130267)
[ModelOptimizer] Fitness: 6.5365 | Elapsed: 47.74 sec
      46 |      1.70868172 |      1.70868172 |      11.5% ✓
[ModelOptimizer] Evaluating parameters: VectorD(5.07162,	2.11867,	-7.13811,	3.22641,	3.47203)

======================================================================
TRAFFIC MODEL BUILDER SUMMARY
======================================================================
Network:      US-101-N-DonaldDoyle
Segments:     7
Lanes:        4
Junctions:    8
Ramps:        2
Sensors:      5
Mode:         PeMS Data-Driven
Car-Following: Gipps
ODE Solver:   Ballistic
Vmax:         35.0 m/s
======================================================================
Skipping Source actor due to time limit at clock = 43201.00125327633
Skipping Source actor due to time limit at clock = 43210.6788297557
-----------------------------
| Model.cleanup in progress |
-----------------------------
cleanup: agenda
cleanup: wait queues
coroutine counts = (31193154,31191066,31190018)
[ModelOptimizer] Fitness: 1.7109 | Elapsed: 31.78 sec
[ModelOptimizer] Evaluating parameters: VectorD(6.39418,	2.12565,	-4.09504,	3.21465,	3.30242)

======================================================================
TRAFFIC MODEL BUILDER SUMMARY
======================================================================
Network:      US-101-N-DonaldDoyle
Segments:     7
Lanes:        4
Junctions:    8
Ramps:        2
Sensors:      5
Mode:         PeMS Data-Driven
Car-Following: Gipps
ODE Solver:   Ballistic
Vmax:         35.0 m/s
======================================================================
Skipping Source actor due to time limit at clock = 43201.00125327633
Skipping Source actor due to time limit at clock = 43210.6788297557
-----------------------------
| Model.cleanup in progress |
-----------------------------
cleanup: agenda
cleanup: wait queues
coroutine counts = (31252911,31250819,31249769)
[ModelOptimizer] Fitness: 1.7354 | Elapsed: 31.71 sec
[ModelOptimizer] Evaluating parameters: VectorD(6.16673,	1.80304,	-4.49857,	3.32742,	3.82385)

======================================================================
TRAFFIC MODEL BUILDER SUMMARY
======================================================================
Network:      US-101-N-DonaldDoyle
Segments:     7
Lanes:        4
Junctions:    8
Ramps:        2
Sensors:      5
Mode:         PeMS Data-Driven
Car-Following: Gipps
ODE Solver:   Ballistic
Vmax:         35.0 m/s
======================================================================
Skipping Source actor due to time limit at clock = 43201.00125327633
Skipping Source actor due to time limit at clock = 43210.6788297557
-----------------------------
| Model.cleanup in progress |
-----------------------------
cleanup: agenda
cleanup: wait queues
coroutine counts = (31312668,31310572,31309520)
[ModelOptimizer] Fitness: 1.7103 | Elapsed: 27.57 sec
[ModelOptimizer] Evaluating parameters: VectorD(5.36207,	1.92096,	-4.36293,	2.66638,	3.68747)

======================================================================
TRAFFIC MODEL BUILDER SUMMARY
======================================================================
Network:      US-101-N-DonaldDoyle
Segments:     7
Lanes:        4
Junctions:    8
Ramps:        2
Sensors:      5
Mode:         PeMS Data-Driven
Car-Following: Gipps
ODE Solver:   Ballistic
Vmax:         35.0 m/s
======================================================================
Skipping Source actor due to time limit at clock = 43201.00125327633
Skipping Source actor due to time limit at clock = 43210.6788297557
-----------------------------
| Model.cleanup in progress |
-----------------------------
cleanup: agenda
cleanup: wait queues
coroutine counts = (31372425,31370325,31369271)
[ModelOptimizer] Fitness: 1.7098 | Elapsed: 28.36 sec
[ModelOptimizer] Evaluating parameters: VectorD(4.39018,	1.94257,	-7.51039,	4.34405,	4.32683)

======================================================================
TRAFFIC MODEL BUILDER SUMMARY
======================================================================
Network:      US-101-N-DonaldDoyle
Segments:     7
Lanes:        4
Junctions:    8
Ramps:        2
Sensors:      5
Mode:         PeMS Data-Driven
Car-Following: Gipps
ODE Solver:   Ballistic
Vmax:         35.0 m/s
======================================================================
Skipping Source actor due to time limit at clock = 43201.00125327633
Skipping Source actor due to time limit at clock = 43210.6788297557
-----------------------------
| Model.cleanup in progress |
-----------------------------
cleanup: agenda
cleanup: wait queues
coroutine counts = (31432182,31430078,31429022)
[ModelOptimizer] Fitness: 1.7136 | Elapsed: 29.64 sec
[ModelOptimizer] Evaluating parameters: VectorD(3.74569,	2.24220,	-5.06216,	3.82860,	3.05113)

======================================================================
TRAFFIC MODEL BUILDER SUMMARY
======================================================================
Network:      US-101-N-DonaldDoyle
Segments:     7
Lanes:        4
Junctions:    8
Ramps:        2
Sensors:      5
Mode:         PeMS Data-Driven
Car-Following: Gipps
ODE Solver:   Ballistic
Vmax:         35.0 m/s
======================================================================
Skipping Source actor due to time limit at clock = 43201.00125327633
Skipping Source actor due to time limit at clock = 43210.6788297557
-----------------------------
| Model.cleanup in progress |
-----------------------------
cleanup: agenda
cleanup: wait queues
coroutine counts = (31491939,31489831,31488773)
[ModelOptimizer] Fitness: 1.7119 | Elapsed: 31.77 sec
[ModelOptimizer] Evaluating parameters: VectorD(3.68926,	1.84463,	-1.65537,	1.94294,	1.17232)

======================================================================
TRAFFIC MODEL BUILDER SUMMARY
======================================================================
Network:      US-101-N-DonaldDoyle
Segments:     7
Lanes:        4
Junctions:    8
Ramps:        2
Sensors:      5
Mode:         PeMS Data-Driven
Car-Following: Gipps
ODE Solver:   Ballistic
Vmax:         35.0 m/s
======================================================================
Skipping Source actor due to time limit at clock = 43201.00125327633
Skipping Source actor due to time limit at clock = 43210.6788297557
-----------------------------
| Model.cleanup in progress |
-----------------------------
cleanup: agenda
cleanup: wait queues
coroutine counts = (31551696,31549584,31548524)
[ModelOptimizer] Fitness: 5.1335 | Elapsed: 49.21 sec
[ModelOptimizer] Evaluating parameters: VectorD(4.60066,	2.30033,	-1.19967,	2.33028,	1.40017)

======================================================================
TRAFFIC MODEL BUILDER SUMMARY
======================================================================
Network:      US-101-N-DonaldDoyle
Segments:     7
Lanes:        4
Junctions:    8
Ramps:        2
Sensors:      5
Mode:         PeMS Data-Driven
Car-Following: Gipps
ODE Solver:   Ballistic
Vmax:         35.0 m/s
======================================================================
Skipping Source actor due to time limit at clock = 43201.00125327633
Skipping Source actor due to time limit at clock = 43210.6788297557
-----------------------------
| Model.cleanup in progress |
-----------------------------
cleanup: agenda
cleanup: wait queues
coroutine counts = (31611453,31609337,31608275)
[ModelOptimizer] Fitness: 6.0112 | Elapsed: 47.07 sec
[ModelOptimizer] Evaluating parameters: VectorD(1.09537,	0.547683,	-2.95232,	0.840531,	0.523842)

======================================================================
TRAFFIC MODEL BUILDER SUMMARY
======================================================================
Network:      US-101-N-DonaldDoyle
Segments:     7
Lanes:        4
Junctions:    8
Ramps:        2
Sensors:      5
Mode:         PeMS Data-Driven
Car-Following: Gipps
ODE Solver:   Ballistic
Vmax:         35.0 m/s
======================================================================
Skipping Source actor due to time limit at clock = 43201.00125327633
Skipping Source actor due to time limit at clock = 43210.6788297557
-----------------------------
| Model.cleanup in progress |
-----------------------------
cleanup: agenda
cleanup: wait queues
coroutine counts = (31671210,31669090,31668026)
[ModelOptimizer] Fitness: 5.5827 | Elapsed: 71.57 sec
[ModelOptimizer] Evaluating parameters: VectorD(1.21974,	0.609871,	-2.89013,	0.893390,	0.554935)

======================================================================
TRAFFIC MODEL BUILDER SUMMARY
======================================================================
Network:      US-101-N-DonaldDoyle
Segments:     7
Lanes:        4
Junctions:    8
Ramps:        2
Sensors:      5
Mode:         PeMS Data-Driven
Car-Following: Gipps
ODE Solver:   Ballistic
Vmax:         35.0 m/s
======================================================================
Skipping Source actor due to time limit at clock = 43201.00125327633
Skipping Source actor due to time limit at clock = 43210.6788297557
-----------------------------
| Model.cleanup in progress |
-----------------------------
cleanup: agenda
cleanup: wait queues
coroutine counts = (31730967,31728843,31727777)
[ModelOptimizer] Fitness: 5.3775 | Elapsed: 76.83 sec
[ModelOptimizer] Evaluating parameters: VectorD(1.72756,	0.863780,	-2.63622,	1.10921,	0.681890)

======================================================================
TRAFFIC MODEL BUILDER SUMMARY
======================================================================
Network:      US-101-N-DonaldDoyle
Segments:     7
Lanes:        4
Junctions:    8
Ramps:        2
Sensors:      5
Mode:         PeMS Data-Driven
Car-Following: Gipps
ODE Solver:   Ballistic
Vmax:         35.0 m/s
======================================================================
Skipping Source actor due to time limit at clock = 43201.00125327633
Skipping Source actor due to time limit at clock = 43210.6788297557
-----------------------------
| Model.cleanup in progress |
-----------------------------
cleanup: agenda
cleanup: wait queues
coroutine counts = (31790724,31788596,31787528)
[ModelOptimizer] Fitness: 5.0255 | Elapsed: 64.94 sec
      47 |      1.70868172 |      1.70868172 |      11.8% ✓
[ModelOptimizer] Evaluating parameters: VectorD(5.71566,	2.20653,	-4.80777,	3.15344,	3.43035)

======================================================================
TRAFFIC MODEL BUILDER SUMMARY
======================================================================
Network:      US-101-N-DonaldDoyle
Segments:     7
Lanes:        4
Junctions:    8
Ramps:        2
Sensors:      5
Mode:         PeMS Data-Driven
Car-Following: Gipps
ODE Solver:   Ballistic
Vmax:         35.0 m/s
======================================================================
Skipping Source actor due to time limit at clock = 43201.00125327633
Skipping Source actor due to time limit at clock = 43210.6788297557
-----------------------------
| Model.cleanup in progress |
-----------------------------
cleanup: agenda
cleanup: wait queues
coroutine counts = (31850481,31848349,31847279)
[ModelOptimizer] Fitness: 1.7111 | Elapsed: 28.52 sec
[ModelOptimizer] Evaluating parameters: VectorD(6.04010,	2.20772,	-4.02079,	3.52024,	3.30967)

======================================================================
TRAFFIC MODEL BUILDER SUMMARY
======================================================================
Network:      US-101-N-DonaldDoyle
Segments:     7
Lanes:        4
Junctions:    8
Ramps:        2
Sensors:      5
Mode:         PeMS Data-Driven
Car-Following: Gipps
ODE Solver:   Ballistic
Vmax:         35.0 m/s
======================================================================
Skipping Source actor due to time limit at clock = 43201.00125327633
Skipping Source actor due to time limit at clock = 43210.6788297557
-----------------------------
| Model.cleanup in progress |
-----------------------------
cleanup: agenda
cleanup: wait queues
coroutine counts = (31910238,31908102,31907030)
[ModelOptimizer] Fitness: 1.7416 | Elapsed: 31.02 sec
[ModelOptimizer] Evaluating parameters: VectorD(5.08938,	2.19095,	-4.61071,	3.05159,	3.01806)

======================================================================
TRAFFIC MODEL BUILDER SUMMARY
======================================================================
Network:      US-101-N-DonaldDoyle
Segments:     7
Lanes:        4
Junctions:    8
Ramps:        2
Sensors:      5
Mode:         PeMS Data-Driven
Car-Following: Gipps
ODE Solver:   Ballistic
Vmax:         35.0 m/s
======================================================================
Skipping Source actor due to time limit at clock = 43201.00125327633
Skipping Source actor due to time limit at clock = 43210.6788297557
-----------------------------
| Model.cleanup in progress |
-----------------------------
cleanup: agenda
cleanup: wait queues
coroutine counts = (31969995,31967855,31966781)
[ModelOptimizer] Fitness: 1.7278 | Elapsed: 32.52 sec
[ModelOptimizer] Evaluating parameters: VectorD(3.76467,	2.02070,	-5.40501,	3.99831,	4.29997)

======================================================================
TRAFFIC MODEL BUILDER SUMMARY
======================================================================
Network:      US-101-N-DonaldDoyle
Segments:     7
Lanes:        4
Junctions:    8
Ramps:        2
Sensors:      5
Mode:         PeMS Data-Driven
Car-Following: Gipps
ODE Solver:   Ballistic
Vmax:         35.0 m/s
======================================================================
Skipping Source actor due to time limit at clock = 43201.00125327633
Skipping Source actor due to time limit at clock = 43210.6788297557
-----------------------------
| Model.cleanup in progress |
-----------------------------
cleanup: agenda
cleanup: wait queues
coroutine counts = (32029752,32027608,32026532)
[ModelOptimizer] Fitness: 1.7131 | Elapsed: 30.45 sec
[ModelOptimizer] Evaluating parameters: VectorD(6.87898,	1.97859,	-5.58672,	3.68658,	3.49191)

======================================================================
TRAFFIC MODEL BUILDER SUMMARY
======================================================================
Network:      US-101-N-DonaldDoyle
Segments:     7
Lanes:        4
Junctions:    8
Ramps:        2
Sensors:      5
Mode:         PeMS Data-Driven
Car-Following: Gipps
ODE Solver:   Ballistic
Vmax:         35.0 m/s
======================================================================
Skipping Source actor due to time limit at clock = 43201.00125327633
Skipping Source actor due to time limit at clock = 43210.6788297557
-----------------------------
| Model.cleanup in progress |
-----------------------------
cleanup: agenda
cleanup: wait queues
coroutine counts = (32089509,32087361,32086283)
[ModelOptimizer] Fitness: 1.7111 | Elapsed: 29.92 sec
[ModelOptimizer] Evaluating parameters: VectorD(3.99107,	1.89937,	-4.48618,	4.50266,	4.53063)

======================================================================
TRAFFIC MODEL BUILDER SUMMARY
======================================================================
Network:      US-101-N-DonaldDoyle
Segments:     7
Lanes:        4
Junctions:    8
Ramps:        2
Sensors:      5
Mode:         PeMS Data-Driven
Car-Following: Gipps
ODE Solver:   Ballistic
Vmax:         35.0 m/s
======================================================================
Skipping Source actor due to time limit at clock = 43201.00125327633
Skipping Source actor due to time limit at clock = 43210.6788297557
-----------------------------
| Model.cleanup in progress |
-----------------------------
cleanup: agenda
cleanup: wait queues
coroutine counts = (32149266,32147114,32146034)
[ModelOptimizer] Fitness: 1.7115 | Elapsed: 28.95 sec
[ModelOptimizer] Evaluating parameters: VectorD(4.86286,	2.43143,	-1.06857,	2.44172,	1.46572)

======================================================================
TRAFFIC MODEL BUILDER SUMMARY
======================================================================
Network:      US-101-N-DonaldDoyle
Segments:     7
Lanes:        4
Junctions:    8
Ramps:        2
Sensors:      5
Mode:         PeMS Data-Driven
Car-Following: Gipps
ODE Solver:   Ballistic
Vmax:         35.0 m/s
======================================================================
Skipping Source actor due to time limit at clock = 43201.00125327633
Skipping Source actor due to time limit at clock = 43210.6788297557
-----------------------------
| Model.cleanup in progress |
-----------------------------
cleanup: agenda
cleanup: wait queues
coroutine counts = (32209023,32206867,32205785)
[ModelOptimizer] Fitness: 6.3842 | Elapsed: 43.12 sec
[ModelOptimizer] Evaluating parameters: VectorD(3.78221,	1.89111,	-1.60889,	1.98244,	1.19555)

======================================================================
TRAFFIC MODEL BUILDER SUMMARY
======================================================================
Network:      US-101-N-DonaldDoyle
Segments:     7
Lanes:        4
Junctions:    8
Ramps:        2
Sensors:      5
Mode:         PeMS Data-Driven
Car-Following: Gipps
ODE Solver:   Ballistic
Vmax:         35.0 m/s
======================================================================
Skipping Source actor due to time limit at clock = 43201.00125327633
Skipping Source actor due to time limit at clock = 43210.6788297557
-----------------------------
| Model.cleanup in progress |
-----------------------------
cleanup: agenda
cleanup: wait queues
coroutine counts = (32268780,32266620,32265536)
[ModelOptimizer] Fitness: 5.1650 | Elapsed: 45.76 sec
[ModelOptimizer] Evaluating parameters: VectorD(3.67540,	1.83770,	-1.66230,	1.93705,	1.16885)

======================================================================
TRAFFIC MODEL BUILDER SUMMARY
======================================================================
Network:      US-101-N-DonaldDoyle
Segments:     7
Lanes:        4
Junctions:    8
Ramps:        2
Sensors:      5
Mode:         PeMS Data-Driven
Car-Following: Gipps
ODE Solver:   Ballistic
Vmax:         35.0 m/s
======================================================================
Skipping Source actor due to time limit at clock = 43201.00125327633
Skipping Source actor due to time limit at clock = 43210.6788297557
-----------------------------
| Model.cleanup in progress |
-----------------------------
cleanup: agenda
cleanup: wait queues
coroutine counts = (32328537,32326373,32325287)
[ModelOptimizer] Fitness: 5.1304 | Elapsed: 48.56 sec
[ModelOptimizer] Evaluating parameters: VectorD(4.59773,	2.29887,	-1.20113,	2.32904,	1.39943)

======================================================================
TRAFFIC MODEL BUILDER SUMMARY
======================================================================
Network:      US-101-N-DonaldDoyle
Segments:     7
Lanes:        4
Junctions:    8
Ramps:        2
Sensors:      5
Mode:         PeMS Data-Driven
Car-Following: Gipps
ODE Solver:   Ballistic
Vmax:         35.0 m/s
======================================================================
Skipping Source actor due to time limit at clock = 43201.00125327633
Skipping Source actor due to time limit at clock = 43210.6788297557
-----------------------------
| Model.cleanup in progress |
-----------------------------
cleanup: agenda
cleanup: wait queues
coroutine counts = (32388294,32386126,32385038)
[ModelOptimizer] Fitness: 6.0283 | Elapsed: 46.93 sec
[ModelOptimizer] Evaluating parameters: VectorD(2.99935,	1.49967,	-2.00033,	1.64972,	0.999837)

======================================================================
TRAFFIC MODEL BUILDER SUMMARY
======================================================================
Network:      US-101-N-DonaldDoyle
Segments:     7
Lanes:        4
Junctions:    8
Ramps:        2
Sensors:      5
Mode:         PeMS Data-Driven
Car-Following: Gipps
ODE Solver:   Ballistic
Vmax:         35.0 m/s
======================================================================
Skipping Source actor due to time limit at clock = 43201.00125327633
Skipping Source actor due to time limit at clock = 43210.6788297557
-----------------------------
| Model.cleanup in progress |
-----------------------------
cleanup: agenda
cleanup: wait queues
coroutine counts = (32448051,32445879,32444789)
[ModelOptimizer] Fitness: 4.8641 | Elapsed: 50.64 sec
      48 |      1.70868172 |      1.70868172 |      12.0% ✓
[ModelOptimizer] Evaluating parameters: VectorD(6.71934,	2.05815,	-6.86655,	3.73580,	4.32830)

======================================================================
TRAFFIC MODEL BUILDER SUMMARY
======================================================================
Network:      US-101-N-DonaldDoyle
Segments:     7
Lanes:        4
Junctions:    8
Ramps:        2
Sensors:      5
Mode:         PeMS Data-Driven
Car-Following: Gipps
ODE Solver:   Ballistic
Vmax:         35.0 m/s
======================================================================
Skipping Source actor due to time limit at clock = 43201.00125327633
Skipping Source actor due to time limit at clock = 43210.6788297557
-----------------------------
| Model.cleanup in progress |
-----------------------------
cleanup: agenda
cleanup: wait queues
coroutine counts = (32507808,32505632,32504540)
[ModelOptimizer] Fitness: 1.7134 | Elapsed: 30.27 sec
[ModelOptimizer] Evaluating parameters: VectorD(4.12764,	1.97513,	-4.78344,	2.96910,	4.29651)

======================================================================
TRAFFIC MODEL BUILDER SUMMARY
======================================================================
Network:      US-101-N-DonaldDoyle
Segments:     7
Lanes:        4
Junctions:    8
Ramps:        2
Sensors:      5
Mode:         PeMS Data-Driven
Car-Following: Gipps
ODE Solver:   Ballistic
Vmax:         35.0 m/s
======================================================================
Skipping Source actor due to time limit at clock = 43201.00125327633
Skipping Source actor due to time limit at clock = 43210.6788297557
-----------------------------
| Model.cleanup in progress |
-----------------------------
cleanup: agenda
cleanup: wait queues
coroutine counts = (32567565,32565385,32564291)
[ModelOptimizer] Fitness: 1.7132 | Elapsed: 31.09 sec
[ModelOptimizer] Evaluating parameters: VectorD(6.15462,	2.83232,	-3.46228,	3.45418,	4.56990)

======================================================================
TRAFFIC MODEL BUILDER SUMMARY
======================================================================
Network:      US-101-N-DonaldDoyle
Segments:     7
Lanes:        4
Junctions:    8
Ramps:        2
Sensors:      5
Mode:         PeMS Data-Driven
Car-Following: Gipps
ODE Solver:   Ballistic
Vmax:         35.0 m/s
======================================================================
Skipping Source actor due to time limit at clock = 43201.00125327633
Skipping Source actor due to time limit at clock = 43210.6788297557
-----------------------------
| Model.cleanup in progress |
-----------------------------
cleanup: agenda
cleanup: wait queues
coroutine counts = (32627322,32625138,32624042)
[ModelOptimizer] Fitness: 1.7114 | Elapsed: 29.85 sec
[ModelOptimizer] Evaluating parameters: VectorD(4.43925,	2.03599,	-5.67187,	2.71690,	4.32261)

======================================================================
TRAFFIC MODEL BUILDER SUMMARY
======================================================================
Network:      US-101-N-DonaldDoyle
Segments:     7
Lanes:        4
Junctions:    8
Ramps:        2
Sensors:      5
Mode:         PeMS Data-Driven
Car-Following: Gipps
ODE Solver:   Ballistic
Vmax:         35.0 m/s
======================================================================
Skipping Source actor due to time limit at clock = 43201.00125327633
Skipping Source actor due to time limit at clock = 43210.6788297557
-----------------------------
| Model.cleanup in progress |
-----------------------------
cleanup: agenda
cleanup: wait queues
coroutine counts = (32687079,32684891,32683793)
[ModelOptimizer] Fitness: 1.7131 | Elapsed: 28.54 sec
[ModelOptimizer] Evaluating parameters: VectorD(5.87746,	2.13544,	-6.91437,	3.02642,	4.74408)

======================================================================
TRAFFIC MODEL BUILDER SUMMARY
======================================================================
Network:      US-101-N-DonaldDoyle
Segments:     7
Lanes:        4
Junctions:    8
Ramps:        2
Sensors:      5
Mode:         PeMS Data-Driven
Car-Following: Gipps
ODE Solver:   Ballistic
Vmax:         35.0 m/s
======================================================================
Skipping Source actor due to time limit at clock = 43201.00125327633
Skipping Source actor due to time limit at clock = 43210.6788297557
-----------------------------
| Model.cleanup in progress |
-----------------------------
cleanup: agenda
cleanup: wait queues
coroutine counts = (32746836,32744644,32743544)
[ModelOptimizer] Fitness: 1.7102 | Elapsed: 28.92 sec
[ModelOptimizer] Evaluating parameters: VectorD(5.87787,	2.18335,	-4.91984,	2.65895,	3.13461)

======================================================================
TRAFFIC MODEL BUILDER SUMMARY
======================================================================
Network:      US-101-N-DonaldDoyle
Segments:     7
Lanes:        4
Junctions:    8
Ramps:        2
Sensors:      5
Mode:         PeMS Data-Driven
Car-Following: Gipps
ODE Solver:   Ballistic
Vmax:         35.0 m/s
======================================================================
Skipping Source actor due to time limit at clock = 43201.00125327633
Skipping Source actor due to time limit at clock = 43210.6788297557
-----------------------------
| Model.cleanup in progress |
-----------------------------
cleanup: agenda
cleanup: wait queues
coroutine counts = (32806593,32804397,32803295)
[ModelOptimizer] Fitness: 1.7107 | Elapsed: 32.27 sec
[ModelOptimizer] Evaluating parameters: VectorD(3.52943,	1.76472,	-1.73528,	1.87501,	1.13236)

======================================================================
TRAFFIC MODEL BUILDER SUMMARY
======================================================================
Network:      US-101-N-DonaldDoyle
Segments:     7
Lanes:        4
Junctions:    8
Ramps:        2
Sensors:      5
Mode:         PeMS Data-Driven
Car-Following: Gipps
ODE Solver:   Ballistic
Vmax:         35.0 m/s
======================================================================
Skipping Source actor due to time limit at clock = 43201.00125327633
Skipping Source actor due to time limit at clock = 43210.6788297557
-----------------------------
| Model.cleanup in progress |
-----------------------------
cleanup: agenda
cleanup: wait queues
coroutine counts = (32866350,32864150,32863046)
[ModelOptimizer] Fitness: 5.0593 | Elapsed: 43.00 sec
[ModelOptimizer] Evaluating parameters: VectorD(3.88155,	1.94077,	-1.55923,	2.02466,	1.22039)

======================================================================
TRAFFIC MODEL BUILDER SUMMARY
======================================================================
Network:      US-101-N-DonaldDoyle
Segments:     7
Lanes:        4
Junctions:    8
Ramps:        2
Sensors:      5
Mode:         PeMS Data-Driven
Car-Following: Gipps
ODE Solver:   Ballistic
Vmax:         35.0 m/s
======================================================================
Skipping Source actor due to time limit at clock = 43201.00125327633
Skipping Source actor due to time limit at clock = 43210.6788297557
-----------------------------
| Model.cleanup in progress |
-----------------------------
cleanup: agenda
cleanup: wait queues
coroutine counts = (32926107,32923903,32922797)
[ModelOptimizer] Fitness: 5.2914 | Elapsed: 49.10 sec
[ModelOptimizer] Evaluating parameters: VectorD(2.15432,	1.07716,	-2.42284,	1.29058,	0.788579)

======================================================================
TRAFFIC MODEL BUILDER SUMMARY
======================================================================
Network:      US-101-N-DonaldDoyle
Segments:     7
Lanes:        4
Junctions:    8
Ramps:        2
Sensors:      5
Mode:         PeMS Data-Driven
Car-Following: Gipps
ODE Solver:   Ballistic
Vmax:         35.0 m/s
======================================================================
Skipping Source actor due to time limit at clock = 43201.00125327633
Skipping Source actor due to time limit at clock = 43210.6788297557
-----------------------------
| Model.cleanup in progress |
-----------------------------
cleanup: agenda
cleanup: wait queues
coroutine counts = (32985864,32983656,32982548)
[ModelOptimizer] Fitness: 4.8816 | Elapsed: 60.65 sec
[ModelOptimizer] Evaluating parameters: VectorD(3.88267,	1.94133,	-1.55867,	2.02513,	1.22067)

======================================================================
TRAFFIC MODEL BUILDER SUMMARY
======================================================================
Network:      US-101-N-DonaldDoyle
Segments:     7
Lanes:        4
Junctions:    8
Ramps:        2
Sensors:      5
Mode:         PeMS Data-Driven
Car-Following: Gipps
ODE Solver:   Ballistic
Vmax:         35.0 m/s
======================================================================
Skipping Source actor due to time limit at clock = 43201.00125327633
Skipping Source actor due to time limit at clock = 43210.6788297557
-----------------------------
| Model.cleanup in progress |
-----------------------------
cleanup: agenda
cleanup: wait queues
coroutine counts = (33045621,33043409,33042299)
[ModelOptimizer] Fitness: 5.3090 | Elapsed: 48.06 sec
[ModelOptimizer] Evaluating parameters: VectorD(3.46353,	1.73176,	-1.76824,	1.84700,	1.11588)

======================================================================
TRAFFIC MODEL BUILDER SUMMARY
======================================================================
Network:      US-101-N-DonaldDoyle
Segments:     7
Lanes:        4
Junctions:    8
Ramps:        2
Sensors:      5
Mode:         PeMS Data-Driven
Car-Following: Gipps
ODE Solver:   Ballistic
Vmax:         35.0 m/s
======================================================================
Skipping Source actor due to time limit at clock = 43201.00125327633
Skipping Source actor due to time limit at clock = 43210.6788297557
-----------------------------
| Model.cleanup in progress |
-----------------------------
cleanup: agenda
cleanup: wait queues
coroutine counts = (33105378,33103162,33102050)
[ModelOptimizer] Fitness: 5.0096 | Elapsed: 46.83 sec
      49 |      1.70868172 |      1.70868172 |      12.3% ✓
[ModelOptimizer] Evaluating parameters: VectorD(5.11524,	2.40144,	-5.95093,	3.80328,	4.86432)

======================================================================
TRAFFIC MODEL BUILDER SUMMARY
======================================================================
Network:      US-101-N-DonaldDoyle
Segments:     7
Lanes:        4
Junctions:    8
Ramps:        2
Sensors:      5
Mode:         PeMS Data-Driven
Car-Following: Gipps
ODE Solver:   Ballistic
Vmax:         35.0 m/s
======================================================================
Skipping Source actor due to time limit at clock = 43201.00125327633
Skipping Source actor due to time limit at clock = 43210.6788297557
-----------------------------
| Model.cleanup in progress |
-----------------------------
cleanup: agenda
cleanup: wait queues
coroutine counts = (33165135,33162915,33161801)
[ModelOptimizer] Fitness: 1.7107 | Elapsed: 27.56 sec
[ModelOptimizer] Evaluating parameters: VectorD(3.87382,	1.55519,	-5.35492,	3.79580,	3.80375)

======================================================================
TRAFFIC MODEL BUILDER SUMMARY
======================================================================
Network:      US-101-N-DonaldDoyle
Segments:     7
Lanes:        4
Junctions:    8
Ramps:        2
Sensors:      5
Mode:         PeMS Data-Driven
Car-Following: Gipps
ODE Solver:   Ballistic
Vmax:         35.0 m/s
======================================================================
Skipping Source actor due to time limit at clock = 43201.00125327633
Skipping Source actor due to time limit at clock = 43210.6788297557
-----------------------------
| Model.cleanup in progress |
-----------------------------
cleanup: agenda
cleanup: wait queues
coroutine counts = (33224892,33222668,33221552)
[ModelOptimizer] Fitness: 1.7107 | Elapsed: 31.22 sec
[ModelOptimizer] Evaluating parameters: VectorD(5.95044,	2.30609,	-4.05005,	4.99703,	3.54297)

======================================================================
TRAFFIC MODEL BUILDER SUMMARY
======================================================================
Network:      US-101-N-DonaldDoyle
Segments:     7
Lanes:        4
Junctions:    8
Ramps:        2
Sensors:      5
Mode:         PeMS Data-Driven
Car-Following: Gipps
ODE Solver:   Ballistic
Vmax:         35.0 m/s
======================================================================
Skipping Source actor due to time limit at clock = 43201.00125327633
Skipping Source actor due to time limit at clock = 43210.6788297557
-----------------------------
| Model.cleanup in progress |
-----------------------------
cleanup: agenda
cleanup: wait queues
coroutine counts = (33284649,33282421,33281303)
[ModelOptimizer] Fitness: 1.7154 | Elapsed: 31.59 sec
[ModelOptimizer] Evaluating parameters: VectorD(5.17855,	1.87296,	-7.13220,	3.71101,	4.14073)

======================================================================
TRAFFIC MODEL BUILDER SUMMARY
======================================================================
Network:      US-101-N-DonaldDoyle
Segments:     7
Lanes:        4
Junctions:    8
Ramps:        2
Sensors:      5
Mode:         PeMS Data-Driven
Car-Following: Gipps
ODE Solver:   Ballistic
Vmax:         35.0 m/s
======================================================================
Skipping Source actor due to time limit at clock = 43201.00125327633
Skipping Source actor due to time limit at clock = 43210.6788297557
-----------------------------
| Model.cleanup in progress |
-----------------------------
cleanup: agenda
cleanup: wait queues
coroutine counts = (33344406,33342174,33341054)
[ModelOptimizer] Fitness: 1.7095 | Elapsed: 30.31 sec
[ModelOptimizer] Evaluating parameters: VectorD(4.84273,	2.40578,	-7.75034,	3.09591,	4.93061)

======================================================================
TRAFFIC MODEL BUILDER SUMMARY
======================================================================
Network:      US-101-N-DonaldDoyle
Segments:     7
Lanes:        4
Junctions:    8
Ramps:        2
Sensors:      5
Mode:         PeMS Data-Driven
Car-Following: Gipps
ODE Solver:   Ballistic
Vmax:         35.0 m/s
======================================================================
Skipping Source actor due to time limit at clock = 43201.00125327633
Skipping Source actor due to time limit at clock = 43210.6788297557
-----------------------------
| Model.cleanup in progress |
-----------------------------
cleanup: agenda
cleanup: wait queues
coroutine counts = (33404163,33401927,33400805)
[ModelOptimizer] Fitness: 1.7117 | Elapsed: 30.63 sec
[ModelOptimizer] Evaluating parameters: VectorD(6.88281,	1.77435,	-4.85585,	4.61066,	3.88923)

======================================================================
TRAFFIC MODEL BUILDER SUMMARY
======================================================================
Network:      US-101-N-DonaldDoyle
Segments:     7
Lanes:        4
Junctions:    8
Ramps:        2
Sensors:      5
Mode:         PeMS Data-Driven
Car-Following: Gipps
ODE Solver:   Ballistic
Vmax:         35.0 m/s
======================================================================
Skipping Source actor due to time limit at clock = 43201.00125327633
Skipping Source actor due to time limit at clock = 43210.6788297557
-----------------------------
| Model.cleanup in progress |
-----------------------------
cleanup: agenda
cleanup: wait queues
coroutine counts = (33463920,33461680,33460556)
[ModelOptimizer] Fitness: 1.7096 | Elapsed: 26.50 sec
[ModelOptimizer] Evaluating parameters: VectorD(4.20418,	2.10209,	-1.39791,	2.16177,	1.30104)

======================================================================
TRAFFIC MODEL BUILDER SUMMARY
======================================================================
Network:      US-101-N-DonaldDoyle
Segments:     7
Lanes:        4
Junctions:    8
Ramps:        2
Sensors:      5
Mode:         PeMS Data-Driven
Car-Following: Gipps
ODE Solver:   Ballistic
Vmax:         35.0 m/s
======================================================================
Skipping Source actor due to time limit at clock = 43201.00125327633
Skipping Source actor due to time limit at clock = 43210.6788297557
-----------------------------
| Model.cleanup in progress |
-----------------------------
cleanup: agenda
cleanup: wait queues
coroutine counts = (33523677,33521433,33520307)
[ModelOptimizer] Fitness: 5.5330 | Elapsed: 50.74 sec
[ModelOptimizer] Evaluating parameters: VectorD(2.13686,	1.06843,	-2.43157,	1.28316,	0.784214)

======================================================================
TRAFFIC MODEL BUILDER SUMMARY
======================================================================
Network:      US-101-N-DonaldDoyle
Segments:     7
Lanes:        4
Junctions:    8
Ramps:        2
Sensors:      5
Mode:         PeMS Data-Driven
Car-Following: Gipps
ODE Solver:   Ballistic
Vmax:         35.0 m/s
======================================================================
Skipping Source actor due to time limit at clock = 43201.00125327633
Skipping Source actor due to time limit at clock = 43210.6788297557
-----------------------------
| Model.cleanup in progress |
-----------------------------
cleanup: agenda
cleanup: wait queues
coroutine counts = (33583434,33581186,33580058)
[ModelOptimizer] Fitness: 4.8847 | Elapsed: 59.06 sec
[ModelOptimizer] Evaluating parameters: VectorD(3.74705,	1.87352,	-1.62648,	1.96749,	1.18676)

======================================================================
TRAFFIC MODEL BUILDER SUMMARY
======================================================================
Network:      US-101-N-DonaldDoyle
Segments:     7
Lanes:        4
Junctions:    8
Ramps:        2
Sensors:      5
Mode:         PeMS Data-Driven
Car-Following: Gipps
ODE Solver:   Ballistic
Vmax:         35.0 m/s
======================================================================
Skipping Source actor due to time limit at clock = 43201.00125327633
Skipping Source actor due to time limit at clock = 43210.6788297557
-----------------------------
| Model.cleanup in progress |
-----------------------------
cleanup: agenda
cleanup: wait queues
coroutine counts = (33643191,33640939,33639809)
[ModelOptimizer] Fitness: 5.1460 | Elapsed: 54.35 sec
[ModelOptimizer] Evaluating parameters: VectorD(2.83026,	1.41513,	-2.08487,	1.57786,	0.957564)

======================================================================
TRAFFIC MODEL BUILDER SUMMARY
======================================================================
Network:      US-101-N-DonaldDoyle
Segments:     7
Lanes:        4
Junctions:    8
Ramps:        2
Sensors:      5
Mode:         PeMS Data-Driven
Car-Following: Gipps
ODE Solver:   Ballistic
Vmax:         35.0 m/s
======================================================================
Skipping Source actor due to time limit at clock = 43201.00125327633
Skipping Source actor due to time limit at clock = 43210.6788297557
-----------------------------
| Model.cleanup in progress |
-----------------------------
cleanup: agenda
cleanup: wait queues
coroutine counts = (33702948,33700692,33699560)
[ModelOptimizer] Fitness: 4.8693 | Elapsed: 59.27 sec
[ModelOptimizer] Evaluating parameters: VectorD(2.90082,	1.45041,	-2.04959,	1.60785,	0.975206)

======================================================================
TRAFFIC MODEL BUILDER SUMMARY
======================================================================
Network:      US-101-N-DonaldDoyle
Segments:     7
Lanes:        4
Junctions:    8
Ramps:        2
Sensors:      5
Mode:         PeMS Data-Driven
Car-Following: Gipps
ODE Solver:   Ballistic
Vmax:         35.0 m/s
======================================================================
Skipping Source actor due to time limit at clock = 43201.00125327633
Skipping Source actor due to time limit at clock = 43210.6788297557
-----------------------------
| Model.cleanup in progress |
-----------------------------
cleanup: agenda
cleanup: wait queues
coroutine counts = (33762705,33760445,33759311)
[ModelOptimizer] Fitness: 4.8992 | Elapsed: 60.55 sec
      50 |      1.70868172 |      1.70868172 |      12.5% ✓
[ModelOptimizer] Evaluating parameters: VectorD(5.14738,	1.95334,	-5.28232,	3.46057,	3.03726)

======================================================================
TRAFFIC MODEL BUILDER SUMMARY
======================================================================
Network:      US-101-N-DonaldDoyle
Segments:     7
Lanes:        4
Junctions:    8
Ramps:        2
Sensors:      5
Mode:         PeMS Data-Driven
Car-Following: Gipps
ODE Solver:   Ballistic
Vmax:         35.0 m/s
======================================================================
Skipping Source actor due to time limit at clock = 43201.00125327633
Skipping Source actor due to time limit at clock = 43210.6788297557
-----------------------------
| Model.cleanup in progress |
-----------------------------
cleanup: agenda
cleanup: wait queues
coroutine counts = (33822462,33820198,33819062)
[ModelOptimizer] Fitness: 1.7114 | Elapsed: 33.13 sec
[ModelOptimizer] Evaluating parameters: VectorD(3.69033,	2.35482,	-4.29390,	3.44449,	4.26946)

======================================================================
TRAFFIC MODEL BUILDER SUMMARY
======================================================================
Network:      US-101-N-DonaldDoyle
Segments:     7
Lanes:        4
Junctions:    8
Ramps:        2
Sensors:      5
Mode:         PeMS Data-Driven
Car-Following: Gipps
ODE Solver:   Ballistic
Vmax:         35.0 m/s
======================================================================
Skipping Source actor due to time limit at clock = 43201.00125327633
Skipping Source actor due to time limit at clock = 43210.6788297557
-----------------------------
| Model.cleanup in progress |
-----------------------------
cleanup: agenda
cleanup: wait queues
coroutine counts = (33882219,33879951,33878813)
[ModelOptimizer] Fitness: 1.7129 | Elapsed: 28.92 sec
[ModelOptimizer] Evaluating parameters: VectorD(6.86144,	2.07591,	-4.83770,	2.91123,	3.64440)

======================================================================
TRAFFIC MODEL BUILDER SUMMARY
======================================================================
Network:      US-101-N-DonaldDoyle
Segments:     7
Lanes:        4
Junctions:    8
Ramps:        2
Sensors:      5
Mode:         PeMS Data-Driven
Car-Following: Gipps
ODE Solver:   Ballistic
Vmax:         35.0 m/s
======================================================================
Skipping Source actor due to time limit at clock = 43201.00125327633
Skipping Source actor due to time limit at clock = 43210.6788297557
-----------------------------
| Model.cleanup in progress |
-----------------------------
cleanup: agenda
cleanup: wait queues
coroutine counts = (33941976,33939704,33938564)
[ModelOptimizer] Fitness: 1.7100 | Elapsed: 27.59 sec
[ModelOptimizer] Evaluating parameters: VectorD(3.78324,	1.74442,	-4.76965,	3.42638,	4.12948)

======================================================================
TRAFFIC MODEL BUILDER SUMMARY
======================================================================
Network:      US-101-N-DonaldDoyle
Segments:     7
Lanes:        4
Junctions:    8
Ramps:        2
Sensors:      5
Mode:         PeMS Data-Driven
Car-Following: Gipps
ODE Solver:   Ballistic
Vmax:         35.0 m/s
======================================================================
Skipping Source actor due to time limit at clock = 43201.00125327633
Skipping Source actor due to time limit at clock = 43210.6788297557
-----------------------------
| Model.cleanup in progress |
-----------------------------
cleanup: agenda
cleanup: wait queues
coroutine counts = (34001733,33999457,33998315)
[ModelOptimizer] Fitness: 1.7088 | Elapsed: 28.13 sec
[ModelOptimizer] Evaluating parameters: VectorD(5.96484,	2.19419,	-4.82361,	4.81348,	4.34907)

======================================================================
TRAFFIC MODEL BUILDER SUMMARY
======================================================================
Network:      US-101-N-DonaldDoyle
Segments:     7
Lanes:        4
Junctions:    8
Ramps:        2
Sensors:      5
Mode:         PeMS Data-Driven
Car-Following: Gipps
ODE Solver:   Ballistic
Vmax:         35.0 m/s
======================================================================
Skipping Source actor due to time limit at clock = 43201.00125327633
Skipping Source actor due to time limit at clock = 43210.6788297557
-----------------------------
| Model.cleanup in progress |
-----------------------------
cleanup: agenda
cleanup: wait queues
coroutine counts = (34061490,34059210,34058066)
[ModelOptimizer] Fitness: 1.7132 | Elapsed: 27.47 sec
[ModelOptimizer] Evaluating parameters: VectorD(3.52173,	2.24300,	-4.82740,	3.83311,	4.74376)

======================================================================
TRAFFIC MODEL BUILDER SUMMARY
======================================================================
Network:      US-101-N-DonaldDoyle
Segments:     7
Lanes:        4
Junctions:    8
Ramps:        2
Sensors:      5
Mode:         PeMS Data-Driven
Car-Following: Gipps
ODE Solver:   Ballistic
Vmax:         35.0 m/s
======================================================================
Skipping Source actor due to time limit at clock = 43201.00125327633
Skipping Source actor due to time limit at clock = 43210.6788297557
-----------------------------
| Model.cleanup in progress |
-----------------------------
cleanup: agenda
cleanup: wait queues
coroutine counts = (34121247,34118963,34117817)
[ModelOptimizer] Fitness: 1.7101 | Elapsed: 26.52 sec
[ModelOptimizer] Evaluating parameters: VectorD(2.15840,	1.07920,	-2.42080,	1.29232,	0.789599)

======================================================================
TRAFFIC MODEL BUILDER SUMMARY
======================================================================
Network:      US-101-N-DonaldDoyle
Segments:     7
Lanes:        4
Junctions:    8
Ramps:        2
Sensors:      5
Mode:         PeMS Data-Driven
Car-Following: Gipps
ODE Solver:   Ballistic
Vmax:         35.0 m/s
======================================================================
Skipping Source actor due to time limit at clock = 43201.00125327633
Skipping Source actor due to time limit at clock = 43210.6788297557
-----------------------------
| Model.cleanup in progress |
-----------------------------
cleanup: agenda
cleanup: wait queues
coroutine counts = (34181004,34178716,34177568)
[ModelOptimizer] Fitness: 4.8804 | Elapsed: 55.08 sec
[ModelOptimizer] Evaluating parameters: VectorD(3.89120,	1.94560,	-1.55440,	2.02876,	1.22280)

======================================================================
TRAFFIC MODEL BUILDER SUMMARY
======================================================================
Network:      US-101-N-DonaldDoyle
Segments:     7
Lanes:        4
Junctions:    8
Ramps:        2
Sensors:      5
Mode:         PeMS Data-Driven
Car-Following: Gipps
ODE Solver:   Ballistic
Vmax:         35.0 m/s
======================================================================
Skipping Source actor due to time limit at clock = 43201.00125327633
Skipping Source actor due to time limit at clock = 43210.6788297557
-----------------------------
| Model.cleanup in progress |
-----------------------------
cleanup: agenda
cleanup: wait queues
coroutine counts = (34240761,34238469,34237319)
[ModelOptimizer] Fitness: 5.2595 | Elapsed: 45.46 sec
[ModelOptimizer] Evaluating parameters: VectorD(1.54896,	0.774481,	-2.72552,	1.03331,	0.637240)

======================================================================
TRAFFIC MODEL BUILDER SUMMARY
======================================================================
Network:      US-101-N-DonaldDoyle
Segments:     7
Lanes:        4
Junctions:    8
Ramps:        2
Sensors:      5
Mode:         PeMS Data-Driven
Car-Following: Gipps
ODE Solver:   Ballistic
Vmax:         35.0 m/s
======================================================================
Skipping Source actor due to time limit at clock = 43201.00125327633
Skipping Source actor due to time limit at clock = 43210.6788297557
-----------------------------
| Model.cleanup in progress |
-----------------------------
cleanup: agenda
cleanup: wait queues
coroutine counts = (34300518,34298222,34297070)
[ModelOptimizer] Fitness: 5.1052 | Elapsed: 74.48 sec
[ModelOptimizer] Evaluating parameters: VectorD(2.23034,	1.11517,	-2.38483,	1.32290,	0.807585)

======================================================================
TRAFFIC MODEL BUILDER SUMMARY
======================================================================
Network:      US-101-N-DonaldDoyle
Segments:     7
Lanes:        4
Junctions:    8
Ramps:        2
Sensors:      5
Mode:         PeMS Data-Driven
Car-Following: Gipps
ODE Solver:   Ballistic
Vmax:         35.0 m/s
======================================================================
Skipping Source actor due to time limit at clock = 43201.00125327633
Skipping Source actor due to time limit at clock = 43210.6788297557
-----------------------------
| Model.cleanup in progress |
-----------------------------
cleanup: agenda
cleanup: wait queues
coroutine counts = (34360275,34357975,34356821)
[ModelOptimizer] Fitness: 4.8736 | Elapsed: 65.70 sec
[ModelOptimizer] Evaluating parameters: VectorD(2.17251,	1.08625,	-2.41375,	1.29831,	0.793126)

======================================================================
TRAFFIC MODEL BUILDER SUMMARY
======================================================================
Network:      US-101-N-DonaldDoyle
Segments:     7
Lanes:        4
Junctions:    8
Ramps:        2
Sensors:      5
Mode:         PeMS Data-Driven
Car-Following: Gipps
ODE Solver:   Ballistic
Vmax:         35.0 m/s
======================================================================
Skipping Source actor due to time limit at clock = 43201.00125327633
Skipping Source actor due to time limit at clock = 43210.6788297557
-----------------------------
| Model.cleanup in progress |
-----------------------------
cleanup: agenda
cleanup: wait queues
coroutine counts = (34420032,34417728,34416572)
[ModelOptimizer] Fitness: 4.8803 | Elapsed: 61.53 sec
      51 |      1.70868172 |      1.70868172 |      12.8% ✓
[ModelOptimizer] Evaluating parameters: VectorD(5.29594,	2.08477,	-5.80198,	3.08783,	4.14995)

======================================================================
TRAFFIC MODEL BUILDER SUMMARY
======================================================================
Network:      US-101-N-DonaldDoyle
Segments:     7
Lanes:        4
Junctions:    8
Ramps:        2
Sensors:      5
Mode:         PeMS Data-Driven
Car-Following: Gipps
ODE Solver:   Ballistic
Vmax:         35.0 m/s
======================================================================
Skipping Source actor due to time limit at clock = 43201.00125327633
Skipping Source actor due to time limit at clock = 43210.6788297557
-----------------------------
| Model.cleanup in progress |
-----------------------------
cleanup: agenda
cleanup: wait queues
coroutine counts = (34479789,34477481,34476323)
[ModelOptimizer] Fitness: 1.7097 | Elapsed: 27.68 sec
[ModelOptimizer] Evaluating parameters: VectorD(6.73530,	1.39613,	-5.42956,	3.79713,	4.74680)

======================================================================
TRAFFIC MODEL BUILDER SUMMARY
======================================================================
Network:      US-101-N-DonaldDoyle
Segments:     7
Lanes:        4
Junctions:    8
Ramps:        2
Sensors:      5
Mode:         PeMS Data-Driven
Car-Following: Gipps
ODE Solver:   Ballistic
Vmax:         35.0 m/s
======================================================================
Skipping Source actor due to time limit at clock = 43201.00125327633
Skipping Source actor due to time limit at clock = 43210.6788297557
-----------------------------
| Model.cleanup in progress |
-----------------------------
cleanup: agenda
cleanup: wait queues
coroutine counts = (34539546,34537234,34536074)
[ModelOptimizer] Fitness: 1.7102 | Elapsed: 27.33 sec
[ModelOptimizer] Evaluating parameters: VectorD(3.39690,	1.83077,	-5.09533,	3.65031,	3.61694)

======================================================================
TRAFFIC MODEL BUILDER SUMMARY
======================================================================
Network:      US-101-N-DonaldDoyle
Segments:     7
Lanes:        4
Junctions:    8
Ramps:        2
Sensors:      5
Mode:         PeMS Data-Driven
Car-Following: Gipps
ODE Solver:   Ballistic
Vmax:         35.0 m/s
======================================================================
Skipping Source actor due to time limit at clock = 43201.00125327633
Skipping Source actor due to time limit at clock = 43210.6788297557
-----------------------------
| Model.cleanup in progress |
-----------------------------
cleanup: agenda
cleanup: wait queues
coroutine counts = (34599303,34596987,34595825)
[ModelOptimizer] Fitness: 1.7088 | Elapsed: 28.04 sec
[ModelOptimizer] Evaluating parameters: VectorD(5.41257,	2.22618,	-6.96340,	4.27751,	4.43069)

======================================================================
TRAFFIC MODEL BUILDER SUMMARY
======================================================================
Network:      US-101-N-DonaldDoyle
Segments:     7
Lanes:        4
Junctions:    8
Ramps:        2
Sensors:      5
Mode:         PeMS Data-Driven
Car-Following: Gipps
ODE Solver:   Ballistic
Vmax:         35.0 m/s
======================================================================
Skipping Source actor due to time limit at clock = 43201.00125327633
Skipping Source actor due to time limit at clock = 43210.6788297557
-----------------------------
| Model.cleanup in progress |
-----------------------------
cleanup: agenda
cleanup: wait queues
coroutine counts = (34659060,34656740,34655576)
[ModelOptimizer] Fitness: 1.7119 | Elapsed: 26.59 sec
[ModelOptimizer] Evaluating parameters: VectorD(4.99719,	2.17231,	-5.09163,	2.88195,	3.59760)

======================================================================
TRAFFIC MODEL BUILDER SUMMARY
======================================================================
Network:      US-101-N-DonaldDoyle
Segments:     7
Lanes:        4
Junctions:    8
Ramps:        2
Sensors:      5
Mode:         PeMS Data-Driven
Car-Following: Gipps
ODE Solver:   Ballistic
Vmax:         35.0 m/s
======================================================================
Skipping Source actor due to time limit at clock = 43201.00125327633
Skipping Source actor due to time limit at clock = 43210.6788297557
-----------------------------
| Model.cleanup in progress |
-----------------------------
cleanup: agenda
cleanup: wait queues
coroutine counts = (34718817,34716493,34715327)
[ModelOptimizer] Fitness: 1.7095 | Elapsed: 27.89 sec
[ModelOptimizer] Evaluating parameters: VectorD(3.35478,	2.08362,	-5.67040,	2.99893,	3.50779)

======================================================================
TRAFFIC MODEL BUILDER SUMMARY
======================================================================
Network:      US-101-N-DonaldDoyle
Segments:     7
Lanes:        4
Junctions:    8
Ramps:        2
Sensors:      5
Mode:         PeMS Data-Driven
Car-Following: Gipps
ODE Solver:   Ballistic
Vmax:         35.0 m/s
======================================================================
Skipping Source actor due to time limit at clock = 43201.00125327633
Skipping Source actor due to time limit at clock = 43210.6788297557
-----------------------------
| Model.cleanup in progress |
-----------------------------
cleanup: agenda
cleanup: wait queues
coroutine counts = (34778574,34776246,34775078)
[ModelOptimizer] Fitness: 1.7110 | Elapsed: 28.20 sec
[ModelOptimizer] Evaluating parameters: VectorD(1.48909,	0.744547,	-2.75545,	1.00786,	0.622273)

======================================================================
TRAFFIC MODEL BUILDER SUMMARY
======================================================================
Network:      US-101-N-DonaldDoyle
Segments:     7
Lanes:        4
Junctions:    8
Ramps:        2
Sensors:      5
Mode:         PeMS Data-Driven
Car-Following: Gipps
ODE Solver:   Ballistic
Vmax:         35.0 m/s
======================================================================
Skipping Source actor due to time limit at clock = 43201.00125327633
Skipping Source actor due to time limit at clock = 43210.6788297557
-----------------------------
| Model.cleanup in progress |
-----------------------------
cleanup: agenda
cleanup: wait queues
coroutine counts = (34838331,34835999,34834829)
[ModelOptimizer] Fitness: 5.1469 | Elapsed: 63.04 sec
[ModelOptimizer] Evaluating parameters: VectorD(4.60989,	2.30495,	-1.19505,	2.33420,	1.40247)

======================================================================
TRAFFIC MODEL BUILDER SUMMARY
======================================================================
Network:      US-101-N-DonaldDoyle
Segments:     7
Lanes:        4
Junctions:    8
Ramps:        2
Sensors:      5
Mode:         PeMS Data-Driven
Car-Following: Gipps
ODE Solver:   Ballistic
Vmax:         35.0 m/s
======================================================================
Skipping Source actor due to time limit at clock = 43201.00125327633
Skipping Source actor due to time limit at clock = 43210.6788297557
-----------------------------
| Model.cleanup in progress |
-----------------------------
cleanup: agenda
cleanup: wait queues
coroutine counts = (34898088,34895752,34894580)
[ModelOptimizer] Fitness: 6.0331 | Elapsed: 40.24 sec
[ModelOptimizer] Evaluating parameters: VectorD(1.15206,	0.576031,	-2.92397,	0.864626,	0.538015)

======================================================================
TRAFFIC MODEL BUILDER SUMMARY
======================================================================
Network:      US-101-N-DonaldDoyle
Segments:     7
Lanes:        4
Junctions:    8
Ramps:        2
Sensors:      5
Mode:         PeMS Data-Driven
Car-Following: Gipps
ODE Solver:   Ballistic
Vmax:         35.0 m/s
======================================================================
Skipping Source actor due to time limit at clock = 43201.00125327633
Skipping Source actor due to time limit at clock = 43210.6788297557
-----------------------------
| Model.cleanup in progress |
-----------------------------
cleanup: agenda
cleanup: wait queues
coroutine counts = (34957845,34955505,34954331)
[ModelOptimizer] Fitness: 5.4795 | Elapsed: 70.03 sec
[ModelOptimizer] Evaluating parameters: VectorD(4.76124,	2.38062,	-1.11938,	2.39853,	1.44031)

======================================================================
TRAFFIC MODEL BUILDER SUMMARY
======================================================================
Network:      US-101-N-DonaldDoyle
Segments:     7
Lanes:        4
Junctions:    8
Ramps:        2
Sensors:      5
Mode:         PeMS Data-Driven
Car-Following: Gipps
ODE Solver:   Ballistic
Vmax:         35.0 m/s
======================================================================
Skipping Source actor due to time limit at clock = 43201.00125327633
Skipping Source actor due to time limit at clock = 43210.6788297557
-----------------------------
| Model.cleanup in progress |
-----------------------------
cleanup: agenda
cleanup: wait queues
coroutine counts = (35017602,35015258,35014082)
[ModelOptimizer] Fitness: 6.2658 | Elapsed: 41.58 sec
[ModelOptimizer] Evaluating parameters: VectorD(4.43336,	2.21668,	-1.28332,	2.25918,	1.35834)

======================================================================
TRAFFIC MODEL BUILDER SUMMARY
======================================================================
Network:      US-101-N-DonaldDoyle
Segments:     7
Lanes:        4
Junctions:    8
Ramps:        2
Sensors:      5
Mode:         PeMS Data-Driven
Car-Following: Gipps
ODE Solver:   Ballistic
Vmax:         35.0 m/s
======================================================================
Skipping Source actor due to time limit at clock = 43201.00125327633
Skipping Source actor due to time limit at clock = 43210.6788297557
-----------------------------
| Model.cleanup in progress |
-----------------------------
cleanup: agenda
cleanup: wait queues
coroutine counts = (35077359,35075011,35073833)
[ModelOptimizer] Fitness: 5.7989 | Elapsed: 42.92 sec
      52 |      1.70868172 |      1.70868172 |      13.0% ✓
[ModelOptimizer] Evaluating parameters: VectorD(2.93063,	2.69123,	-3.60620,	3.28865,	3.91420)

======================================================================
TRAFFIC MODEL BUILDER SUMMARY
======================================================================
Network:      US-101-N-DonaldDoyle
Segments:     7
Lanes:        4
Junctions:    8
Ramps:        2
Sensors:      5
Mode:         PeMS Data-Driven
Car-Following: Gipps
ODE Solver:   Ballistic
Vmax:         35.0 m/s
======================================================================
Skipping Source actor due to time limit at clock = 43201.00125327633
Skipping Source actor due to time limit at clock = 43210.6788297557
-----------------------------
| Model.cleanup in progress |
-----------------------------
cleanup: agenda
cleanup: wait queues
coroutine counts = (35137116,35134764,35133584)
[ModelOptimizer] Fitness: 1.7179 | Elapsed: 26.86 sec
[ModelOptimizer] Evaluating parameters: VectorD(4.86979,	2.44244,	-3.80303,	3.19289,	4.71456)

======================================================================
TRAFFIC MODEL BUILDER SUMMARY
======================================================================
Network:      US-101-N-DonaldDoyle
Segments:     7
Lanes:        4
Junctions:    8
Ramps:        2
Sensors:      5
Mode:         PeMS Data-Driven
Car-Following: Gipps
ODE Solver:   Ballistic
Vmax:         35.0 m/s
======================================================================
Skipping Source actor due to time limit at clock = 43201.00125327633
Skipping Source actor due to time limit at clock = 43210.6788297557
-----------------------------
| Model.cleanup in progress |
-----------------------------
cleanup: agenda
cleanup: wait queues
coroutine counts = (35196873,35194517,35193335)
[ModelOptimizer] Fitness: 1.7103 | Elapsed: 26.69 sec
[ModelOptimizer] Evaluating parameters: VectorD(3.60270,	1.96518,	-3.91036,	3.76266,	3.31324)

======================================================================
TRAFFIC MODEL BUILDER SUMMARY
======================================================================
Network:      US-101-N-DonaldDoyle
Segments:     7
Lanes:        4
Junctions:    8
Ramps:        2
Sensors:      5
Mode:         PeMS Data-Driven
Car-Following: Gipps
ODE Solver:   Ballistic
Vmax:         35.0 m/s
======================================================================
Skipping Source actor due to time limit at clock = 43201.00125327633
Skipping Source actor due to time limit at clock = 43210.6788297557
-----------------------------
| Model.cleanup in progress |
-----------------------------
cleanup: agenda
cleanup: wait queues
coroutine counts = (35256630,35254270,35253086)
[ModelOptimizer] Fitness: 1.7612 | Elapsed: 28.21 sec
[ModelOptimizer] Evaluating parameters: VectorD(5.75217,	1.97283,	-5.54078,	3.83496,	3.38208)

======================================================================
TRAFFIC MODEL BUILDER SUMMARY
======================================================================
Network:      US-101-N-DonaldDoyle
Segments:     7
Lanes:        4
Junctions:    8
Ramps:        2
Sensors:      5
Mode:         PeMS Data-Driven
Car-Following: Gipps
ODE Solver:   Ballistic
Vmax:         35.0 m/s
======================================================================
Skipping Source actor due to time limit at clock = 43201.00125327633
Skipping Source actor due to time limit at clock = 43210.6788297557
-----------------------------
| Model.cleanup in progress |
-----------------------------
cleanup: agenda
cleanup: wait queues
coroutine counts = (35316387,35314023,35312837)
[ModelOptimizer] Fitness: 1.7107 | Elapsed: 27.98 sec
[ModelOptimizer] Evaluating parameters: VectorD(3.15462,	1.46666,	-5.57875,	3.72529,	3.14004)

======================================================================
TRAFFIC MODEL BUILDER SUMMARY
======================================================================
Network:      US-101-N-DonaldDoyle
Segments:     7
Lanes:        4
Junctions:    8
Ramps:        2
Sensors:      5
Mode:         PeMS Data-Driven
Car-Following: Gipps
ODE Solver:   Ballistic
Vmax:         35.0 m/s
======================================================================
Skipping Source actor due to time limit at clock = 43201.00125327633
Skipping Source actor due to time limit at clock = 43210.6788297557
-----------------------------
| Model.cleanup in progress |
-----------------------------
cleanup: agenda
cleanup: wait queues
coroutine counts = (35376144,35373776,35372588)
[ModelOptimizer] Fitness: 1.7107 | Elapsed: 28.67 sec
[ModelOptimizer] Evaluating parameters: VectorD(4.50094,	2.12098,	-6.41356,	4.23552,	4.80301)

======================================================================
TRAFFIC MODEL BUILDER SUMMARY
======================================================================
Network:      US-101-N-DonaldDoyle
Segments:     7
Lanes:        4
Junctions:    8
Ramps:        2
Sensors:      5
Mode:         PeMS Data-Driven
Car-Following: Gipps
ODE Solver:   Ballistic
Vmax:         35.0 m/s
======================================================================
Skipping Source actor due to time limit at clock = 43201.00125327633
Skipping Source actor due to time limit at clock = 43210.6788297557
-----------------------------
| Model.cleanup in progress |
-----------------------------
cleanup: agenda
cleanup: wait queues
coroutine counts = (35435901,35433529,35432339)
[ModelOptimizer] Fitness: 1.7094 | Elapsed: 25.29 sec
[ModelOptimizer] Evaluating parameters: VectorD(2.26386,	1.13193,	-2.36807,	1.33714,	0.815965)

======================================================================
TRAFFIC MODEL BUILDER SUMMARY
======================================================================
Network:      US-101-N-DonaldDoyle
Segments:     7
Lanes:        4
Junctions:    8
Ramps:        2
Sensors:      5
Mode:         PeMS Data-Driven
Car-Following: Gipps
ODE Solver:   Ballistic
Vmax:         35.0 m/s
======================================================================
Skipping Source actor due to time limit at clock = 43201.00125327633
Skipping Source actor due to time limit at clock = 43210.6788297557
-----------------------------
| Model.cleanup in progress |
-----------------------------
cleanup: agenda
cleanup: wait queues
coroutine counts = (35495658,35493282,35492090)
[ModelOptimizer] Fitness: 4.8704 | Elapsed: 53.38 sec
[ModelOptimizer] Evaluating parameters: VectorD(2.34258,	1.17129,	-2.32871,	1.37060,	0.835644)

======================================================================
TRAFFIC MODEL BUILDER SUMMARY
======================================================================
Network:      US-101-N-DonaldDoyle
Segments:     7
Lanes:        4
Junctions:    8
Ramps:        2
Sensors:      5
Mode:         PeMS Data-Driven
Car-Following: Gipps
ODE Solver:   Ballistic
Vmax:         35.0 m/s
======================================================================
Skipping Source actor due to time limit at clock = 43201.00125327633
Skipping Source actor due to time limit at clock = 43210.6788297557
-----------------------------
| Model.cleanup in progress |
-----------------------------
cleanup: agenda
cleanup: wait queues
coroutine counts = (35555415,35553035,35551841)
[ModelOptimizer] Fitness: 4.8768 | Elapsed: 54.55 sec
[ModelOptimizer] Evaluating parameters: VectorD(3.30905,	1.65453,	-1.84547,	1.78135,	1.07726)

======================================================================
TRAFFIC MODEL BUILDER SUMMARY
======================================================================
Network:      US-101-N-DonaldDoyle
Segments:     7
Lanes:        4
Junctions:    8
Ramps:        2
Sensors:      5
Mode:         PeMS Data-Driven
Car-Following: Gipps
ODE Solver:   Ballistic
Vmax:         35.0 m/s
======================================================================
Skipping Source actor due to time limit at clock = 43201.00125327633
Skipping Source actor due to time limit at clock = 43210.6788297557
-----------------------------
| Model.cleanup in progress |
-----------------------------
cleanup: agenda
cleanup: wait queues
coroutine counts = (35615172,35612788,35611592)
[ModelOptimizer] Fitness: 4.9453 | Elapsed: 46.39 sec
[ModelOptimizer] Evaluating parameters: VectorD(4.32187,	2.16094,	-1.33906,	2.21180,	1.33047)

======================================================================
TRAFFIC MODEL BUILDER SUMMARY
======================================================================
Network:      US-101-N-DonaldDoyle
Segments:     7
Lanes:        4
Junctions:    8
Ramps:        2
Sensors:      5
Mode:         PeMS Data-Driven
Car-Following: Gipps
ODE Solver:   Ballistic
Vmax:         35.0 m/s
======================================================================
Skipping Source actor due to time limit at clock = 43201.00125327633
Skipping Source actor due to time limit at clock = 43210.6788297557
-----------------------------
| Model.cleanup in progress |
-----------------------------
cleanup: agenda
cleanup: wait queues
coroutine counts = (35674929,35672541,35671343)
[ModelOptimizer] Fitness: 5.6182 | Elapsed: 43.78 sec
[ModelOptimizer] Evaluating parameters: VectorD(1.12919,	0.564597,	-2.93540,	0.854907,	0.532298)

======================================================================
TRAFFIC MODEL BUILDER SUMMARY
======================================================================
Network:      US-101-N-DonaldDoyle
Segments:     7
Lanes:        4
Junctions:    8
Ramps:        2
Sensors:      5
Mode:         PeMS Data-Driven
Car-Following: Gipps
ODE Solver:   Ballistic
Vmax:         35.0 m/s
======================================================================
Skipping Source actor due to time limit at clock = 43201.00125327633
Skipping Source actor due to time limit at clock = 43210.6788297557
-----------------------------
| Model.cleanup in progress |
-----------------------------
cleanup: agenda
cleanup: wait queues
coroutine counts = (35734686,35732294,35731094)
[ModelOptimizer] Fitness: 5.5234 | Elapsed: 72.59 sec
      53 |      1.70868172 |      1.70868172 |      13.3% ✓
[ModelOptimizer] Evaluating parameters: VectorD(3.81556,	1.78155,	-5.58892,	2.93615,	3.47503)

======================================================================
TRAFFIC MODEL BUILDER SUMMARY
======================================================================
Network:      US-101-N-DonaldDoyle
Segments:     7
Lanes:        4
Junctions:    8
Ramps:        2
Sensors:      5
Mode:         PeMS Data-Driven
Car-Following: Gipps
ODE Solver:   Ballistic
Vmax:         35.0 m/s
======================================================================
Skipping Source actor due to time limit at clock = 43201.00125327633
Skipping Source actor due to time limit at clock = 43210.6788297557
-----------------------------
| Model.cleanup in progress |
-----------------------------
cleanup: agenda
cleanup: wait queues
coroutine counts = (35794443,35792047,35790845)
[ModelOptimizer] Fitness: 1.7109 | Elapsed: 28.03 sec
[ModelOptimizer] Evaluating parameters: VectorD(5.45887,	1.76800,	-7.13745,	3.37072,	3.69756)

======================================================================
TRAFFIC MODEL BUILDER SUMMARY
======================================================================
Network:      US-101-N-DonaldDoyle
Segments:     7
Lanes:        4
Junctions:    8
Ramps:        2
Sensors:      5
Mode:         PeMS Data-Driven
Car-Following: Gipps
ODE Solver:   Ballistic
Vmax:         35.0 m/s
======================================================================
Skipping Source actor due to time limit at clock = 43201.00125327633
Skipping Source actor due to time limit at clock = 43210.6788297557
-----------------------------
| Model.cleanup in progress |
-----------------------------
cleanup: agenda
cleanup: wait queues
coroutine counts = (35854200,35851800,35850596)
[ModelOptimizer] Fitness: 1.7100 | Elapsed: 27.24 sec
[ModelOptimizer] Evaluating parameters: VectorD(4.89571,	2.33043,	-5.12597,	3.35430,	4.18571)

======================================================================
TRAFFIC MODEL BUILDER SUMMARY
======================================================================
Network:      US-101-N-DonaldDoyle
Segments:     7
Lanes:        4
Junctions:    8
Ramps:        2
Sensors:      5
Mode:         PeMS Data-Driven
Car-Following: Gipps
ODE Solver:   Ballistic
Vmax:         35.0 m/s
======================================================================
Skipping Source actor due to time limit at clock = 43201.00125327633
Skipping Source actor due to time limit at clock = 43210.6788297557
-----------------------------
| Model.cleanup in progress |
-----------------------------
cleanup: agenda
cleanup: wait queues
coroutine counts = (35913957,35911553,35910347)
[ModelOptimizer] Fitness: 1.7099 | Elapsed: 26.72 sec
[ModelOptimizer] Evaluating parameters: VectorD(3.19776,	1.76944,	-4.75929,	3.23826,	3.83968)

======================================================================
TRAFFIC MODEL BUILDER SUMMARY
======================================================================
Network:      US-101-N-DonaldDoyle
Segments:     7
Lanes:        4
Junctions:    8
Ramps:        2
Sensors:      5
Mode:         PeMS Data-Driven
Car-Following: Gipps
ODE Solver:   Ballistic
Vmax:         35.0 m/s
======================================================================
Skipping Source actor due to time limit at clock = 43201.00125327633
Skipping Source actor due to time limit at clock = 43210.6788297557
-----------------------------
| Model.cleanup in progress |
-----------------------------
cleanup: agenda
cleanup: wait queues
coroutine counts = (35973714,35971306,35970098)
[ModelOptimizer] Fitness: 1.7105 | Elapsed: 27.51 sec
[ModelOptimizer] Evaluating parameters: VectorD(2.85616,	2.19492,	-4.69843,	3.55437,	4.93510)

======================================================================
TRAFFIC MODEL BUILDER SUMMARY
======================================================================
Network:      US-101-N-DonaldDoyle
Segments:     7
Lanes:        4
Junctions:    8
Ramps:        2
Sensors:      5
Mode:         PeMS Data-Driven
Car-Following: Gipps
ODE Solver:   Ballistic
Vmax:         35.0 m/s
======================================================================
Skipping Source actor due to time limit at clock = 43201.00125327633
Skipping Source actor due to time limit at clock = 43210.6788297557
-----------------------------
| Model.cleanup in progress |
-----------------------------
cleanup: agenda
cleanup: wait queues
coroutine counts = (36033471,36031059,36029849)
[ModelOptimizer] Fitness: 1.7115 | Elapsed: 26.00 sec
[ModelOptimizer] Evaluating parameters: VectorD(4.13319,	1.79159,	-5.39413,	3.74457,	4.23477)

======================================================================
TRAFFIC MODEL BUILDER SUMMARY
======================================================================
Network:      US-101-N-DonaldDoyle
Segments:     7
Lanes:        4
Junctions:    8
Ramps:        2
Sensors:      5
Mode:         PeMS Data-Driven
Car-Following: Gipps
ODE Solver:   Ballistic
Vmax:         35.0 m/s
======================================================================
Skipping Source actor due to time limit at clock = 43201.00125327633
Skipping Source actor due to time limit at clock = 43210.6788297557
-----------------------------
| Model.cleanup in progress |
-----------------------------
cleanup: agenda
cleanup: wait queues
coroutine counts = (36093228,36090812,36089600)
[ModelOptimizer] Fitness: 1.7128 | Elapsed: 26.74 sec
[ModelOptimizer] Evaluating parameters: VectorD(3.76655,	1.88328,	-1.61672,	1.97578,	1.19164)

======================================================================
TRAFFIC MODEL BUILDER SUMMARY
======================================================================
Network:      US-101-N-DonaldDoyle
Segments:     7
Lanes:        4
Junctions:    8
Ramps:        2
Sensors:      5
Mode:         PeMS Data-Driven
Car-Following: Gipps
ODE Solver:   Ballistic
Vmax:         35.0 m/s
======================================================================
Skipping Source actor due to time limit at clock = 43201.00125327633
Skipping Source actor due to time limit at clock = 43210.6788297557
-----------------------------
| Model.cleanup in progress |
-----------------------------
cleanup: agenda
cleanup: wait queues
coroutine counts = (36152985,36150565,36149351)
[ModelOptimizer] Fitness: 5.1706 | Elapsed: 41.86 sec
[ModelOptimizer] Evaluating parameters: VectorD(3.90964,	1.95482,	-1.54518,	2.03660,	1.22741)

======================================================================
TRAFFIC MODEL BUILDER SUMMARY
======================================================================
Network:      US-101-N-DonaldDoyle
Segments:     7
Lanes:        4
Junctions:    8
Ramps:        2
Sensors:      5
Mode:         PeMS Data-Driven
Car-Following: Gipps
ODE Solver:   Ballistic
Vmax:         35.0 m/s
======================================================================
Skipping Source actor due to time limit at clock = 43201.00125327633
Skipping Source actor due to time limit at clock = 43210.6788297557
-----------------------------
| Model.cleanup in progress |
-----------------------------
cleanup: agenda
cleanup: wait queues
coroutine counts = (36212742,36210318,36209102)
[ModelOptimizer] Fitness: 5.2911 | Elapsed: 42.08 sec
[ModelOptimizer] Evaluating parameters: VectorD(4.70059,	2.35030,	-1.14970,	2.37275,	1.42515)

======================================================================
TRAFFIC MODEL BUILDER SUMMARY
======================================================================
Network:      US-101-N-DonaldDoyle
Segments:     7
Lanes:        4
Junctions:    8
Ramps:        2
Sensors:      5
Mode:         PeMS Data-Driven
Car-Following: Gipps
ODE Solver:   Ballistic
Vmax:         35.0 m/s
======================================================================
Skipping Source actor due to time limit at clock = 43201.00125327633
Skipping Source actor due to time limit at clock = 43210.6788297557
-----------------------------
| Model.cleanup in progress |
-----------------------------
cleanup: agenda
cleanup: wait queues
coroutine counts = (36272499,36270071,36268853)
[ModelOptimizer] Fitness: 6.1558 | Elapsed: 41.92 sec
[ModelOptimizer] Evaluating parameters: VectorD(2.05872,	1.02936,	-2.47064,	1.24996,	0.764680)

======================================================================
TRAFFIC MODEL BUILDER SUMMARY
======================================================================
Network:      US-101-N-DonaldDoyle
Segments:     7
Lanes:        4
Junctions:    8
Ramps:        2
Sensors:      5
Mode:         PeMS Data-Driven
Car-Following: Gipps
ODE Solver:   Ballistic
Vmax:         35.0 m/s
======================================================================
Skipping Source actor due to time limit at clock = 43201.00125327633
Skipping Source actor due to time limit at clock = 43210.6788297557
-----------------------------
| Model.cleanup in progress |
-----------------------------
cleanup: agenda
cleanup: wait queues
coroutine counts = (36332256,36329824,36328604)
[ModelOptimizer] Fitness: 4.9087 | Elapsed: 55.49 sec
[ModelOptimizer] Evaluating parameters: VectorD(2.65423,	1.32712,	-2.17288,	1.50305,	0.913559)

======================================================================
TRAFFIC MODEL BUILDER SUMMARY
======================================================================
Network:      US-101-N-DonaldDoyle
Segments:     7
Lanes:        4
Junctions:    8
Ramps:        2
Sensors:      5
Mode:         PeMS Data-Driven
Car-Following: Gipps
ODE Solver:   Ballistic
Vmax:         35.0 m/s
======================================================================
Skipping Source actor due to time limit at clock = 43201.00125327633
Skipping Source actor due to time limit at clock = 43210.6788297557
-----------------------------
| Model.cleanup in progress |
-----------------------------
cleanup: agenda
cleanup: wait queues
coroutine counts = (36392013,36389577,36388355)
[ModelOptimizer] Fitness: 4.8252 | Elapsed: 49.45 sec
      54 |      1.70868172 |      1.70868172 |      13.5% ✓
[ModelOptimizer] Evaluating parameters: VectorD(6.18032,	1.96527,	-5.33693,	3.86628,	3.36174)

======================================================================
TRAFFIC MODEL BUILDER SUMMARY
======================================================================
Network:      US-101-N-DonaldDoyle
Segments:     7
Lanes:        4
Junctions:    8
Ramps:        2
Sensors:      5
Mode:         PeMS Data-Driven
Car-Following: Gipps
ODE Solver:   Ballistic
Vmax:         35.0 m/s
======================================================================
Skipping Source actor due to time limit at clock = 43201.00125327633
Skipping Source actor due to time limit at clock = 43210.6788297557
-----------------------------
| Model.cleanup in progress |
-----------------------------
cleanup: agenda
cleanup: wait queues
coroutine counts = (36451770,36449330,36448106)
[ModelOptimizer] Fitness: 1.7108 | Elapsed: 28.26 sec
[ModelOptimizer] Evaluating parameters: VectorD(4.67691,	2.12949,	-7.83958,	4.15551,	4.03910)

======================================================================
TRAFFIC MODEL BUILDER SUMMARY
======================================================================
Network:      US-101-N-DonaldDoyle
Segments:     7
Lanes:        4
Junctions:    8
Ramps:        2
Sensors:      5
Mode:         PeMS Data-Driven
Car-Following: Gipps
ODE Solver:   Ballistic
Vmax:         35.0 m/s
======================================================================
Skipping Source actor due to time limit at clock = 43201.00125327633
Skipping Source actor due to time limit at clock = 43210.6788297557
-----------------------------
| Model.cleanup in progress |
-----------------------------
cleanup: agenda
cleanup: wait queues
coroutine counts = (36511527,36509083,36507857)
[ModelOptimizer] Fitness: 1.7111 | Elapsed: 26.63 sec
[ModelOptimizer] Evaluating parameters: VectorD(3.90459,	2.36497,	-4.26135,	3.14186,	3.93120)

======================================================================
TRAFFIC MODEL BUILDER SUMMARY
======================================================================
Network:      US-101-N-DonaldDoyle
Segments:     7
Lanes:        4
Junctions:    8
Ramps:        2
Sensors:      5
Mode:         PeMS Data-Driven
Car-Following: Gipps
ODE Solver:   Ballistic
Vmax:         35.0 m/s
======================================================================
Skipping Source actor due to time limit at clock = 43201.00125327633
Skipping Source actor due to time limit at clock = 43210.6788297557
-----------------------------
| Model.cleanup in progress |
-----------------------------
cleanup: agenda
cleanup: wait queues
coroutine counts = (36571284,36568836,36567608)
[ModelOptimizer] Fitness: 1.7103 | Elapsed: 26.49 sec
[ModelOptimizer] Evaluating parameters: VectorD(3.76764,	1.81626,	-5.39024,	3.94488,	4.71036)

======================================================================
TRAFFIC MODEL BUILDER SUMMARY
======================================================================
Network:      US-101-N-DonaldDoyle
Segments:     7
Lanes:        4
Junctions:    8
Ramps:        2
Sensors:      5
Mode:         PeMS Data-Driven
Car-Following: Gipps
ODE Solver:   Ballistic
Vmax:         35.0 m/s
======================================================================
Skipping Source actor due to time limit at clock = 43201.00125327633
Skipping Source actor due to time limit at clock = 43210.6788297557
-----------------------------
| Model.cleanup in progress |
-----------------------------
cleanup: agenda
cleanup: wait queues
coroutine counts = (36631041,36628589,36627359)
[ModelOptimizer] Fitness: 1.7104 | Elapsed: 24.93 sec
[ModelOptimizer] Evaluating parameters: VectorD(4.01469,	1.53915,	-5.70027,	3.09797,	3.82717)

======================================================================
TRAFFIC MODEL BUILDER SUMMARY
======================================================================
Network:      US-101-N-DonaldDoyle
Segments:     7
Lanes:        4
Junctions:    8
Ramps:        2
Sensors:      5
Mode:         PeMS Data-Driven
Car-Following: Gipps
ODE Solver:   Ballistic
Vmax:         35.0 m/s
======================================================================
Skipping Source actor due to time limit at clock = 43201.00125327633
Skipping Source actor due to time limit at clock = 43210.6788297557
-----------------------------
| Model.cleanup in progress |
-----------------------------
cleanup: agenda
cleanup: wait queues
coroutine counts = (36690798,36688342,36687110)
[ModelOptimizer] Fitness: 1.7102 | Elapsed: 27.64 sec
[ModelOptimizer] Evaluating parameters: VectorD(3.50357,	2.05170,	-3.87962,	3.17972,	4.49843)

======================================================================
TRAFFIC MODEL BUILDER SUMMARY
======================================================================
Network:      US-101-N-DonaldDoyle
Segments:     7
Lanes:        4
Junctions:    8
Ramps:        2
Sensors:      5
Mode:         PeMS Data-Driven
Car-Following: Gipps
ODE Solver:   Ballistic
Vmax:         35.0 m/s
======================================================================
Skipping Source actor due to time limit at clock = 43201.00125327633
Skipping Source actor due to time limit at clock = 43210.6788297557
-----------------------------
| Model.cleanup in progress |
-----------------------------
cleanup: agenda
cleanup: wait queues
coroutine counts = (36750555,36748095,36746861)
[ModelOptimizer] Fitness: 1.7122 | Elapsed: 25.75 sec
[ModelOptimizer] Evaluating parameters: VectorD(3.61537,	1.80768,	-1.69232,	1.91153,	1.15384)

======================================================================
TRAFFIC MODEL BUILDER SUMMARY
======================================================================
Network:      US-101-N-DonaldDoyle
Segments:     7
Lanes:        4
Junctions:    8
Ramps:        2
Sensors:      5
Mode:         PeMS Data-Driven
Car-Following: Gipps
ODE Solver:   Ballistic
Vmax:         35.0 m/s
======================================================================
Skipping Source actor due to time limit at clock = 43201.00125327633
Skipping Source actor due to time limit at clock = 43210.6788297557
-----------------------------
| Model.cleanup in progress |
-----------------------------
cleanup: agenda
cleanup: wait queues
coroutine counts = (36810312,36807848,36806612)
[ModelOptimizer] Fitness: 5.1081 | Elapsed: 43.89 sec
[ModelOptimizer] Evaluating parameters: VectorD(2.66944,	1.33472,	-2.16528,	1.50951,	0.917359)

======================================================================
TRAFFIC MODEL BUILDER SUMMARY
======================================================================
Network:      US-101-N-DonaldDoyle
Segments:     7
Lanes:        4
Junctions:    8
Ramps:        2
Sensors:      5
Mode:         PeMS Data-Driven
Car-Following: Gipps
ODE Solver:   Ballistic
Vmax:         35.0 m/s
======================================================================
Skipping Source actor due to time limit at clock = 43201.00125327633
Skipping Source actor due to time limit at clock = 43210.6788297557
-----------------------------
| Model.cleanup in progress |
-----------------------------
cleanup: agenda
cleanup: wait queues
coroutine counts = (36870069,36867601,36866363)
[ModelOptimizer] Fitness: 4.8467 | Elapsed: 48.43 sec
[ModelOptimizer] Evaluating parameters: VectorD(2.23126,	1.11563,	-2.38437,	1.32328,	0.807814)

======================================================================
TRAFFIC MODEL BUILDER SUMMARY
======================================================================
Network:      US-101-N-DonaldDoyle
Segments:     7
Lanes:        4
Junctions:    8
Ramps:        2
Sensors:      5
Mode:         PeMS Data-Driven
Car-Following: Gipps
ODE Solver:   Ballistic
Vmax:         35.0 m/s
======================================================================
Skipping Source actor due to time limit at clock = 43201.00125327633
Skipping Source actor due to time limit at clock = 43210.6788297557
-----------------------------
| Model.cleanup in progress |
-----------------------------
cleanup: agenda
cleanup: wait queues
coroutine counts = (36929826,36927354,36926114)
[ModelOptimizer] Fitness: 4.8954 | Elapsed: 53.77 sec
[ModelOptimizer] Evaluating parameters: VectorD(4.10638,	2.05319,	-1.44681,	2.12021,	1.27660)

======================================================================
TRAFFIC MODEL BUILDER SUMMARY
======================================================================
Network:      US-101-N-DonaldDoyle
Segments:     7
Lanes:        4
Junctions:    8
Ramps:        2
Sensors:      5
Mode:         PeMS Data-Driven
Car-Following: Gipps
ODE Solver:   Ballistic
Vmax:         35.0 m/s
======================================================================
Skipping Source actor due to time limit at clock = 43201.00125327633
Skipping Source actor due to time limit at clock = 43210.6788297557
-----------------------------
| Model.cleanup in progress |
-----------------------------
cleanup: agenda
cleanup: wait queues
coroutine counts = (36989583,36987107,36985865)
[ModelOptimizer] Fitness: 5.4237 | Elapsed: 42.90 sec
[ModelOptimizer] Evaluating parameters: VectorD(3.49757,	1.74878,	-1.75122,	1.86147,	1.12439)

======================================================================
TRAFFIC MODEL BUILDER SUMMARY
======================================================================
Network:      US-101-N-DonaldDoyle
Segments:     7
Lanes:        4
Junctions:    8
Ramps:        2
Sensors:      5
Mode:         PeMS Data-Driven
Car-Following: Gipps
ODE Solver:   Ballistic
Vmax:         35.0 m/s
======================================================================
Skipping Source actor due to time limit at clock = 43201.00125327633
Skipping Source actor due to time limit at clock = 43210.6788297557
-----------------------------
| Model.cleanup in progress |
-----------------------------
cleanup: agenda
cleanup: wait queues
coroutine counts = (37049340,37046860,37045616)
[ModelOptimizer] Fitness: 5.0328 | Elapsed: 43.48 sec
      55 |      1.70868172 |      1.70868172 |      13.8% ✓
[ModelOptimizer] Evaluating parameters: VectorD(3.04891,	2.33230,	-4.23166,	3.41283,	3.11903)

======================================================================
TRAFFIC MODEL BUILDER SUMMARY
======================================================================
Network:      US-101-N-DonaldDoyle
Segments:     7
Lanes:        4
Junctions:    8
Ramps:        2
Sensors:      5
Mode:         PeMS Data-Driven
Car-Following: Gipps
ODE Solver:   Ballistic
Vmax:         35.0 m/s
======================================================================
Skipping Source actor due to time limit at clock = 43201.00125327633
Skipping Source actor due to time limit at clock = 43210.6788297557
-----------------------------
| Model.cleanup in progress |
-----------------------------
cleanup: agenda
cleanup: wait queues
coroutine counts = (37109097,37106613,37105367)
[ModelOptimizer] Fitness: 1.7615 | Elapsed: 28.37 sec
[ModelOptimizer] Evaluating parameters: VectorD(5.57097,	2.19235,	-5.32459,	3.80753,	4.63717)

======================================================================
TRAFFIC MODEL BUILDER SUMMARY
======================================================================
Network:      US-101-N-DonaldDoyle
Segments:     7
Lanes:        4
Junctions:    8
Ramps:        2
Sensors:      5
Mode:         PeMS Data-Driven
Car-Following: Gipps
ODE Solver:   Ballistic
Vmax:         35.0 m/s
======================================================================
Skipping Source actor due to time limit at clock = 43201.00125327633
Skipping Source actor due to time limit at clock = 43210.6788297557
-----------------------------
| Model.cleanup in progress |
-----------------------------
cleanup: agenda
cleanup: wait queues
coroutine counts = (37168854,37166366,37165118)
[ModelOptimizer] Fitness: 1.7102 | Elapsed: 26.84 sec
[ModelOptimizer] Evaluating parameters: VectorD(3.45409,	1.71306,	-5.65946,	3.16450,	3.51289)

======================================================================
TRAFFIC MODEL BUILDER SUMMARY
======================================================================
Network:      US-101-N-DonaldDoyle
Segments:     7
Lanes:        4
Junctions:    8
Ramps:        2
Sensors:      5
Mode:         PeMS Data-Driven
Car-Following: Gipps
ODE Solver:   Ballistic
Vmax:         35.0 m/s
======================================================================
Skipping Source actor due to time limit at clock = 43201.00125327633
Skipping Source actor due to time limit at clock = 43210.6788297557
-----------------------------
| Model.cleanup in progress |
-----------------------------
cleanup: agenda
cleanup: wait queues
coroutine counts = (37228611,37226119,37224869)
[ModelOptimizer] Fitness: 1.7108 | Elapsed: 27.98 sec
[ModelOptimizer] Evaluating parameters: VectorD(4.63518,	2.04886,	-5.15909,	4.12601,	2.94599)

======================================================================
TRAFFIC MODEL BUILDER SUMMARY
======================================================================
Network:      US-101-N-DonaldDoyle
Segments:     7
Lanes:        4
Junctions:    8
Ramps:        2
Sensors:      5
Mode:         PeMS Data-Driven
Car-Following: Gipps
ODE Solver:   Ballistic
Vmax:         35.0 m/s
======================================================================
Skipping Source actor due to time limit at clock = 43201.00125327633
Skipping Source actor due to time limit at clock = 43210.6788297557
-----------------------------
| Model.cleanup in progress |
-----------------------------
cleanup: agenda
cleanup: wait queues
coroutine counts = (37288368,37285872,37284620)
[ModelOptimizer] Fitness: 1.7210 | Elapsed: 27.93 sec
[ModelOptimizer] Evaluating parameters: VectorD(3.35714,	1.98485,	-4.09323,	3.90208,	3.06417)

======================================================================
TRAFFIC MODEL BUILDER SUMMARY
======================================================================
Network:      US-101-N-DonaldDoyle
Segments:     7
Lanes:        4
Junctions:    8
Ramps:        2
Sensors:      5
Mode:         PeMS Data-Driven
Car-Following: Gipps
ODE Solver:   Ballistic
Vmax:         35.0 m/s
======================================================================
Skipping Source actor due to time limit at clock = 43201.00125327633
Skipping Source actor due to time limit at clock = 43210.6788297557
-----------------------------
| Model.cleanup in progress |
-----------------------------
cleanup: agenda
cleanup: wait queues
coroutine counts = (37348125,37345625,37344371)
[ModelOptimizer] Fitness: 1.7712 | Elapsed: 28.43 sec
[ModelOptimizer] Evaluating parameters: VectorD(3.57062,	1.71668,	-4.29383,	3.06798,	4.47214)

======================================================================
TRAFFIC MODEL BUILDER SUMMARY
======================================================================
Network:      US-101-N-DonaldDoyle
Segments:     7
Lanes:        4
Junctions:    8
Ramps:        2
Sensors:      5
Mode:         PeMS Data-Driven
Car-Following: Gipps
ODE Solver:   Ballistic
Vmax:         35.0 m/s
======================================================================
Skipping Source actor due to time limit at clock = 43201.00125327633
Skipping Source actor due to time limit at clock = 43210.6788297557
-----------------------------
| Model.cleanup in progress |
-----------------------------
cleanup: agenda
cleanup: wait queues
coroutine counts = (37407882,37405378,37404122)
[ModelOptimizer] Fitness: 1.7117 | Elapsed: 26.66 sec
[ModelOptimizer] Evaluating parameters: VectorD(4.21864,	2.10932,	-1.39068,	2.16792,	1.30466)

======================================================================
TRAFFIC MODEL BUILDER SUMMARY
======================================================================
Network:      US-101-N-DonaldDoyle
Segments:     7
Lanes:        4
Junctions:    8
Ramps:        2
Sensors:      5
Mode:         PeMS Data-Driven
Car-Following: Gipps
ODE Solver:   Ballistic
Vmax:         35.0 m/s
======================================================================
Skipping Source actor due to time limit at clock = 43201.00125327633
Skipping Source actor due to time limit at clock = 43210.6788297557
-----------------------------
| Model.cleanup in progress |
-----------------------------
cleanup: agenda
cleanup: wait queues
coroutine counts = (37467639,37465131,37463873)
[ModelOptimizer] Fitness: 5.5278 | Elapsed: 43.13 sec
[ModelOptimizer] Evaluating parameters: VectorD(3.68969,	1.84485,	-1.65515,	1.94312,	1.17242)

======================================================================
TRAFFIC MODEL BUILDER SUMMARY
======================================================================
Network:      US-101-N-DonaldDoyle
Segments:     7
Lanes:        4
Junctions:    8
Ramps:        2
Sensors:      5
Mode:         PeMS Data-Driven
Car-Following: Gipps
ODE Solver:   Ballistic
Vmax:         35.0 m/s
======================================================================
Skipping Source actor due to time limit at clock = 43201.00125327633
Skipping Source actor due to time limit at clock = 43210.6788297557
-----------------------------
| Model.cleanup in progress |
-----------------------------
cleanup: agenda
cleanup: wait queues
coroutine counts = (37527396,37524884,37523624)
[ModelOptimizer] Fitness: 5.1220 | Elapsed: 42.57 sec
[ModelOptimizer] Evaluating parameters: VectorD(3.42396,	1.71198,	-1.78802,	1.83018,	1.10599)

======================================================================
TRAFFIC MODEL BUILDER SUMMARY
======================================================================
Network:      US-101-N-DonaldDoyle
Segments:     7
Lanes:        4
Junctions:    8
Ramps:        2
Sensors:      5
Mode:         PeMS Data-Driven
Car-Following: Gipps
ODE Solver:   Ballistic
Vmax:         35.0 m/s
======================================================================
Skipping Source actor due to time limit at clock = 43201.00125327633
Skipping Source actor due to time limit at clock = 43210.6788297557
-----------------------------
| Model.cleanup in progress |
-----------------------------
cleanup: agenda
cleanup: wait queues
coroutine counts = (37587153,37584637,37583375)
[ModelOptimizer] Fitness: 5.0173 | Elapsed: 46.11 sec
[ModelOptimizer] Evaluating parameters: VectorD(4.08069,	2.04035,	-1.45965,	2.10929,	1.27017)

======================================================================
TRAFFIC MODEL BUILDER SUMMARY
======================================================================
Network:      US-101-N-DonaldDoyle
Segments:     7
Lanes:        4
Junctions:    8
Ramps:        2
Sensors:      5
Mode:         PeMS Data-Driven
Car-Following: Gipps
ODE Solver:   Ballistic
Vmax:         35.0 m/s
======================================================================
Skipping Source actor due to time limit at clock = 43201.00125327633
Skipping Source actor due to time limit at clock = 43210.6788297557
-----------------------------
| Model.cleanup in progress |
-----------------------------
cleanup: agenda
cleanup: wait queues
coroutine counts = (37646910,37644390,37643126)
[ModelOptimizer] Fitness: 5.3957 | Elapsed: 43.35 sec
[ModelOptimizer] Evaluating parameters: VectorD(2.66126,	1.33063,	-2.16937,	1.50603,	0.915314)

======================================================================
TRAFFIC MODEL BUILDER SUMMARY
======================================================================
Network:      US-101-N-DonaldDoyle
Segments:     7
Lanes:        4
Junctions:    8
Ramps:        2
Sensors:      5
Mode:         PeMS Data-Driven
Car-Following: Gipps
ODE Solver:   Ballistic
Vmax:         35.0 m/s
======================================================================
Skipping Source actor due to time limit at clock = 43201.00125327633
Skipping Source actor due to time limit at clock = 43210.6788297557
-----------------------------
| Model.cleanup in progress |
-----------------------------
cleanup: agenda
cleanup: wait queues
coroutine counts = (37706667,37704143,37702877)
[ModelOptimizer] Fitness: 4.8336 | Elapsed: 50.39 sec
      56 |      1.70868172 |      1.70868172 |      14.0% ✓
[ModelOptimizer] Evaluating parameters: VectorD(6.71867,	1.96402,	-5.25847,	3.36730,	2.98631)

======================================================================
TRAFFIC MODEL BUILDER SUMMARY
======================================================================
Network:      US-101-N-DonaldDoyle
Segments:     7
Lanes:        4
Junctions:    8
Ramps:        2
Sensors:      5
Mode:         PeMS Data-Driven
Car-Following: Gipps
ODE Solver:   Ballistic
Vmax:         35.0 m/s
======================================================================
Skipping Source actor due to time limit at clock = 43201.00125327633
Skipping Source actor due to time limit at clock = 43210.6788297557
-----------------------------
| Model.cleanup in progress |
-----------------------------
cleanup: agenda
cleanup: wait queues
coroutine counts = (37766424,37763896,37762628)
[ModelOptimizer] Fitness: 1.7161 | Elapsed: 28.57 sec
[ModelOptimizer] Evaluating parameters: VectorD(5.53582,	2.38677,	-3.69994,	3.55460,	4.64802)

======================================================================
TRAFFIC MODEL BUILDER SUMMARY
======================================================================
Network:      US-101-N-DonaldDoyle
Segments:     7
Lanes:        4
Junctions:    8
Ramps:        2
Sensors:      5
Mode:         PeMS Data-Driven
Car-Following: Gipps
ODE Solver:   Ballistic
Vmax:         35.0 m/s
======================================================================
Skipping Source actor due to time limit at clock = 43201.00125327633
Skipping Source actor due to time limit at clock = 43210.6788297557
-----------------------------
| Model.cleanup in progress |
-----------------------------
cleanup: agenda
cleanup: wait queues
coroutine counts = (37826181,37823649,37822379)
[ModelOptimizer] Fitness: 1.7111 | Elapsed: 29.64 sec
[ModelOptimizer] Evaluating parameters: VectorD(3.45713,	2.01041,	-3.99289,	3.71753,	4.22851)

======================================================================
TRAFFIC MODEL BUILDER SUMMARY
======================================================================
Network:      US-101-N-DonaldDoyle
Segments:     7
Lanes:        4
Junctions:    8
Ramps:        2
Sensors:      5
Mode:         PeMS Data-Driven
Car-Following: Gipps
ODE Solver:   Ballistic
Vmax:         35.0 m/s
======================================================================
Skipping Source actor due to time limit at clock = 43201.00125327633
Skipping Source actor due to time limit at clock = 43210.6788297557
-----------------------------
| Model.cleanup in progress |
-----------------------------
cleanup: agenda
cleanup: wait queues
coroutine counts = (37885938,37883402,37882130)
[ModelOptimizer] Fitness: 1.7129 | Elapsed: 28.95 sec
[ModelOptimizer] Evaluating parameters: VectorD(2.79526,	1.46976,	-5.19709,	4.18918,	3.34255)

======================================================================
TRAFFIC MODEL BUILDER SUMMARY
======================================================================
Network:      US-101-N-DonaldDoyle
Segments:     7
Lanes:        4
Junctions:    8
Ramps:        2
Sensors:      5
Mode:         PeMS Data-Driven
Car-Following: Gipps
ODE Solver:   Ballistic
Vmax:         35.0 m/s
======================================================================
Skipping Source actor due to time limit at clock = 43201.00125327633
Skipping Source actor due to time limit at clock = 43210.6788297557
-----------------------------
| Model.cleanup in progress |
-----------------------------
cleanup: agenda
cleanup: wait queues
coroutine counts = (37945695,37943155,37941881)
[ModelOptimizer] Fitness: 1.7094 | Elapsed: 30.40 sec
[ModelOptimizer] Evaluating parameters: VectorD(3.18421,	1.55828,	-5.95747,	3.95803,	3.62795)

======================================================================
TRAFFIC MODEL BUILDER SUMMARY
======================================================================
Network:      US-101-N-DonaldDoyle
Segments:     7
Lanes:        4
Junctions:    8
Ramps:        2
Sensors:      5
Mode:         PeMS Data-Driven
Car-Following: Gipps
ODE Solver:   Ballistic
Vmax:         35.0 m/s
======================================================================
Skipping Source actor due to time limit at clock = 43201.00125327633
Skipping Source actor due to time limit at clock = 43210.6788297557
-----------------------------
| Model.cleanup in progress |
-----------------------------
cleanup: agenda
cleanup: wait queues
coroutine counts = (38005452,38002908,38001632)
[ModelOptimizer] Fitness: 1.7099 | Elapsed: 29.43 sec
[ModelOptimizer] Evaluating parameters: VectorD(5.53962,	2.18847,	-5.51624,	3.03007,	4.59192)

======================================================================
TRAFFIC MODEL BUILDER SUMMARY
======================================================================
Network:      US-101-N-DonaldDoyle
Segments:     7
Lanes:        4
Junctions:    8
Ramps:        2
Sensors:      5
Mode:         PeMS Data-Driven
Car-Following: Gipps
ODE Solver:   Ballistic
Vmax:         35.0 m/s
======================================================================
Skipping Source actor due to time limit at clock = 43201.00125327633
Skipping Source actor due to time limit at clock = 43210.6788297557
-----------------------------
| Model.cleanup in progress |
-----------------------------
cleanup: agenda
cleanup: wait queues
coroutine counts = (38065209,38062661,38061383)
[ModelOptimizer] Fitness: 1.7110 | Elapsed: 26.92 sec
[ModelOptimizer] Evaluating parameters: VectorD(4.85364,	2.42682,	-1.07318,	2.43780,	1.46341)

======================================================================
TRAFFIC MODEL BUILDER SUMMARY
======================================================================
Network:      US-101-N-DonaldDoyle
Segments:     7
Lanes:        4
Junctions:    8
Ramps:        2
Sensors:      5
Mode:         PeMS Data-Driven
Car-Following: Gipps
ODE Solver:   Ballistic
Vmax:         35.0 m/s
======================================================================
Skipping Source actor due to time limit at clock = 43201.00125327633
Skipping Source actor due to time limit at clock = 43210.6788297557
-----------------------------
| Model.cleanup in progress |
-----------------------------
cleanup: agenda
cleanup: wait queues
coroutine counts = (38124966,38122414,38121134)
[ModelOptimizer] Fitness: 6.3745 | Elapsed: 42.54 sec
[ModelOptimizer] Evaluating parameters: VectorD(2.53458,	1.26729,	-2.23271,	1.45220,	0.883644)

======================================================================
TRAFFIC MODEL BUILDER SUMMARY
======================================================================
Network:      US-101-N-DonaldDoyle
Segments:     7
Lanes:        4
Junctions:    8
Ramps:        2
Sensors:      5
Mode:         PeMS Data-Driven
Car-Following: Gipps
ODE Solver:   Ballistic
Vmax:         35.0 m/s
======================================================================
Skipping Source actor due to time limit at clock = 43201.00125327633
Skipping Source actor due to time limit at clock = 43210.6788297557
-----------------------------
| Model.cleanup in progress |
-----------------------------
cleanup: agenda
cleanup: wait queues
coroutine counts = (38184723,38182167,38180885)
[ModelOptimizer] Fitness: 4.8346 | Elapsed: 53.37 sec
[ModelOptimizer] Evaluating parameters: VectorD(2.91269,	1.45635,	-2.04365,	1.61289,	0.978173)

======================================================================
TRAFFIC MODEL BUILDER SUMMARY
======================================================================
Network:      US-101-N-DonaldDoyle
Segments:     7
Lanes:        4
Junctions:    8
Ramps:        2
Sensors:      5
Mode:         PeMS Data-Driven
Car-Following: Gipps
ODE Solver:   Ballistic
Vmax:         35.0 m/s
======================================================================
Skipping Source actor due to time limit at clock = 43201.00125327633
Skipping Source actor due to time limit at clock = 43210.6788297557
-----------------------------
| Model.cleanup in progress |
-----------------------------
cleanup: agenda
cleanup: wait queues
coroutine counts = (38244480,38241920,38240636)
[ModelOptimizer] Fitness: 4.8609 | Elapsed: 48.41 sec
[ModelOptimizer] Evaluating parameters: VectorD(4.39383,	2.19691,	-1.30309,	2.24238,	1.34846)

======================================================================
TRAFFIC MODEL BUILDER SUMMARY
======================================================================
Network:      US-101-N-DonaldDoyle
Segments:     7
Lanes:        4
Junctions:    8
Ramps:        2
Sensors:      5
Mode:         PeMS Data-Driven
Car-Following: Gipps
ODE Solver:   Ballistic
Vmax:         35.0 m/s
======================================================================
Skipping Source actor due to time limit at clock = 43201.00125327633
Skipping Source actor due to time limit at clock = 43210.6788297557
-----------------------------
| Model.cleanup in progress |
-----------------------------
cleanup: agenda
cleanup: wait queues
coroutine counts = (38304237,38301673,38300387)
[ModelOptimizer] Fitness: 5.7446 | Elapsed: 43.19 sec
[ModelOptimizer] Evaluating parameters: VectorD(2.18772,	1.09386,	-2.40614,	1.30478,	0.796930)

======================================================================
TRAFFIC MODEL BUILDER SUMMARY
======================================================================
Network:      US-101-N-DonaldDoyle
Segments:     7
Lanes:        4
Junctions:    8
Ramps:        2
Sensors:      5
Mode:         PeMS Data-Driven
Car-Following: Gipps
ODE Solver:   Ballistic
Vmax:         35.0 m/s
======================================================================
Skipping Source actor due to time limit at clock = 43201.00125327633
Skipping Source actor due to time limit at clock = 43210.6788297557
-----------------------------
| Model.cleanup in progress |
-----------------------------
cleanup: agenda
cleanup: wait queues
coroutine counts = (38363994,38361426,38360138)
[ModelOptimizer] Fitness: 4.8920 | Elapsed: 54.82 sec
      57 |      1.70868172 |      1.70868172 |      14.3% ✓
[ModelOptimizer] Evaluating parameters: VectorD(3.26665,	1.90534,	-4.97076,	3.80481,	3.37482)

======================================================================
TRAFFIC MODEL BUILDER SUMMARY
======================================================================
Network:      US-101-N-DonaldDoyle
Segments:     7
Lanes:        4
Junctions:    8
Ramps:        2
Sensors:      5
Mode:         PeMS Data-Driven
Car-Following: Gipps
ODE Solver:   Ballistic
Vmax:         35.0 m/s
======================================================================
Skipping Source actor due to time limit at clock = 43201.00125327633
Skipping Source actor due to time limit at clock = 43210.6788297557
-----------------------------
| Model.cleanup in progress |
-----------------------------
cleanup: agenda
cleanup: wait queues
coroutine counts = (38423751,38421179,38419889)
[ModelOptimizer] Fitness: 1.7106 | Elapsed: 28.57 sec
[ModelOptimizer] Evaluating parameters: VectorD(5.59631,	1.84129,	-3.61977,	3.06098,	3.15664)

======================================================================
TRAFFIC MODEL BUILDER SUMMARY
======================================================================
Network:      US-101-N-DonaldDoyle
Segments:     7
Lanes:        4
Junctions:    8
Ramps:        2
Sensors:      5
Mode:         PeMS Data-Driven
Car-Following: Gipps
ODE Solver:   Ballistic
Vmax:         35.0 m/s
======================================================================
Skipping Source actor due to time limit at clock = 43201.00125327633
Skipping Source actor due to time limit at clock = 43210.6788297557
-----------------------------
| Model.cleanup in progress |
-----------------------------
cleanup: agenda
cleanup: wait queues
coroutine counts = (38483508,38480932,38479640)
[ModelOptimizer] Fitness: 1.9436 | Elapsed: 28.81 sec
[ModelOptimizer] Evaluating parameters: VectorD(5.51587,	2.58031,	-3.68614,	3.32027,	3.49124)

======================================================================
TRAFFIC MODEL BUILDER SUMMARY
======================================================================
Network:      US-101-N-DonaldDoyle
Segments:     7
Lanes:        4
Junctions:    8
Ramps:        2
Sensors:      5
Mode:         PeMS Data-Driven
Car-Following: Gipps
ODE Solver:   Ballistic
Vmax:         35.0 m/s
======================================================================
Skipping Source actor due to time limit at clock = 43201.00125327633
Skipping Source actor due to time limit at clock = 43210.6788297557
-----------------------------
| Model.cleanup in progress |
-----------------------------
cleanup: agenda
cleanup: wait queues
coroutine counts = (38543265,38540685,38539391)
[ModelOptimizer] Fitness: 1.7664 | Elapsed: 27.72 sec
[ModelOptimizer] Evaluating parameters: VectorD(5.97715,	2.14702,	-5.76360,	3.03941,	4.31961)

======================================================================
TRAFFIC MODEL BUILDER SUMMARY
======================================================================
Network:      US-101-N-DonaldDoyle
Segments:     7
Lanes:        4
Junctions:    8
Ramps:        2
Sensors:      5
Mode:         PeMS Data-Driven
Car-Following: Gipps
ODE Solver:   Ballistic
Vmax:         35.0 m/s
======================================================================
Skipping Source actor due to time limit at clock = 43201.00125327633
Skipping Source actor due to time limit at clock = 43210.6788297557
-----------------------------
| Model.cleanup in progress |
-----------------------------
cleanup: agenda
cleanup: wait queues
coroutine counts = (38603022,38600438,38599142)
[ModelOptimizer] Fitness: 1.7129 | Elapsed: 26.87 sec
[ModelOptimizer] Evaluating parameters: VectorD(3.77639,	1.86529,	-4.02106,	2.83964,	4.22312)

======================================================================
TRAFFIC MODEL BUILDER SUMMARY
======================================================================
Network:      US-101-N-DonaldDoyle
Segments:     7
Lanes:        4
Junctions:    8
Ramps:        2
Sensors:      5
Mode:         PeMS Data-Driven
Car-Following: Gipps
ODE Solver:   Ballistic
Vmax:         35.0 m/s
======================================================================
Skipping Source actor due to time limit at clock = 43201.00125327633
Skipping Source actor due to time limit at clock = 43210.6788297557
-----------------------------
| Model.cleanup in progress |
-----------------------------
cleanup: agenda
cleanup: wait queues
coroutine counts = (38662779,38660191,38658893)
[ModelOptimizer] Fitness: 1.7126 | Elapsed: 27.48 sec
[ModelOptimizer] Evaluating parameters: VectorD(3.59429,	1.69569,	-4.57036,	2.75401,	4.87263)

======================================================================
TRAFFIC MODEL BUILDER SUMMARY
======================================================================
Network:      US-101-N-DonaldDoyle
Segments:     7
Lanes:        4
Junctions:    8
Ramps:        2
Sensors:      5
Mode:         PeMS Data-Driven
Car-Following: Gipps
ODE Solver:   Ballistic
Vmax:         35.0 m/s
======================================================================
Skipping Source actor due to time limit at clock = 43201.00125327633
Skipping Source actor due to time limit at clock = 43210.6788297557
-----------------------------
| Model.cleanup in progress |
-----------------------------
cleanup: agenda
cleanup: wait queues
coroutine counts = (38722536,38719944,38718644)
[ModelOptimizer] Fitness: 1.7105 | Elapsed: 26.03 sec
[ModelOptimizer] Evaluating parameters: VectorD(2.43954,	1.21977,	-2.28023,	1.41180,	0.859884)

======================================================================
TRAFFIC MODEL BUILDER SUMMARY
======================================================================
Network:      US-101-N-DonaldDoyle
Segments:     7
Lanes:        4
Junctions:    8
Ramps:        2
Sensors:      5
Mode:         PeMS Data-Driven
Car-Following: Gipps
ODE Solver:   Ballistic
Vmax:         35.0 m/s
======================================================================
Skipping Source actor due to time limit at clock = 43201.00125327633
Skipping Source actor due to time limit at clock = 43210.6788297557
-----------------------------
| Model.cleanup in progress |
-----------------------------
cleanup: agenda
cleanup: wait queues
coroutine counts = (38782293,38779697,38778395)
[ModelOptimizer] Fitness: 4.8612 | Elapsed: 52.60 sec
[ModelOptimizer] Evaluating parameters: VectorD(1.91413,	0.957067,	-2.54293,	1.18851,	0.728533)

======================================================================
TRAFFIC MODEL BUILDER SUMMARY
======================================================================
Network:      US-101-N-DonaldDoyle
Segments:     7
Lanes:        4
Junctions:    8
Ramps:        2
Sensors:      5
Mode:         PeMS Data-Driven
Car-Following: Gipps
ODE Solver:   Ballistic
Vmax:         35.0 m/s
======================================================================
Skipping Source actor due to time limit at clock = 43201.00125327633
Skipping Source actor due to time limit at clock = 43210.6788297557
-----------------------------
| Model.cleanup in progress |
-----------------------------
cleanup: agenda
cleanup: wait queues
coroutine counts = (38842050,38839450,38838146)
[ModelOptimizer] Fitness: 4.9863 | Elapsed: 56.69 sec
[ModelOptimizer] Evaluating parameters: VectorD(2.95994,	1.47997,	-2.02003,	1.63298,	0.989986)

======================================================================
TRAFFIC MODEL BUILDER SUMMARY
======================================================================
Network:      US-101-N-DonaldDoyle
Segments:     7
Lanes:        4
Junctions:    8
Ramps:        2
Sensors:      5
Mode:         PeMS Data-Driven
Car-Following: Gipps
ODE Solver:   Ballistic
Vmax:         35.0 m/s
======================================================================
Skipping Source actor due to time limit at clock = 43201.00125327633
Skipping Source actor due to time limit at clock = 43210.6788297557
-----------------------------
| Model.cleanup in progress |
-----------------------------
cleanup: agenda
cleanup: wait queues
coroutine counts = (38901807,38899203,38897897)
[ModelOptimizer] Fitness: 4.8687 | Elapsed: 48.33 sec
[ModelOptimizer] Evaluating parameters: VectorD(1.77600,	0.887998,	-2.61200,	1.12980,	0.693999)

======================================================================
TRAFFIC MODEL BUILDER SUMMARY
======================================================================
Network:      US-101-N-DonaldDoyle
Segments:     7
Lanes:        4
Junctions:    8
Ramps:        2
Sensors:      5
Mode:         PeMS Data-Driven
Car-Following: Gipps
ODE Solver:   Ballistic
Vmax:         35.0 m/s
======================================================================
Skipping Source actor due to time limit at clock = 43201.00125327633
Skipping Source actor due to time limit at clock = 43210.6788297557
-----------------------------
| Model.cleanup in progress |
-----------------------------
cleanup: agenda
cleanup: wait queues
coroutine counts = (38961564,38958956,38957648)
[ModelOptimizer] Fitness: 5.0010 | Elapsed: 60.12 sec
[ModelOptimizer] Evaluating parameters: VectorD(3.24935,	1.62468,	-1.87532,	1.75597,	1.06234)

======================================================================
TRAFFIC MODEL BUILDER SUMMARY
======================================================================
Network:      US-101-N-DonaldDoyle
Segments:     7
Lanes:        4
Junctions:    8
Ramps:        2
Sensors:      5
Mode:         PeMS Data-Driven
Car-Following: Gipps
ODE Solver:   Ballistic
Vmax:         35.0 m/s
======================================================================
Skipping Source actor due to time limit at clock = 43201.00125327633
Skipping Source actor due to time limit at clock = 43210.6788297557
-----------------------------
| Model.cleanup in progress |
-----------------------------
cleanup: agenda
cleanup: wait queues
coroutine counts = (39021321,39018709,39017399)
[ModelOptimizer] Fitness: 4.9358 | Elapsed: 46.47 sec
      58 |      1.70868172 |      1.70868172 |      14.5% ✓
[ModelOptimizer] Evaluating parameters: VectorD(3.73520,	1.96133,	-5.67333,	3.25757,	4.03469)

======================================================================
TRAFFIC MODEL BUILDER SUMMARY
======================================================================
Network:      US-101-N-DonaldDoyle
Segments:     7
Lanes:        4
Junctions:    8
Ramps:        2
Sensors:      5
Mode:         PeMS Data-Driven
Car-Following: Gipps
ODE Solver:   Ballistic
Vmax:         35.0 m/s
======================================================================
Skipping Source actor due to time limit at clock = 43201.00125327633
Skipping Source actor due to time limit at clock = 43210.6788297557
-----------------------------
| Model.cleanup in progress |
-----------------------------
cleanup: agenda
cleanup: wait queues
coroutine counts = (39081078,39078462,39077150)
[ModelOptimizer] Fitness: 1.7111 | Elapsed: 33.19 sec
[ModelOptimizer] Evaluating parameters: VectorD(5.60853,	2.09122,	-7.41507,	4.38957,	3.07057)

======================================================================
TRAFFIC MODEL BUILDER SUMMARY
======================================================================
Network:      US-101-N-DonaldDoyle
Segments:     7
Lanes:        4
Junctions:    8
Ramps:        2
Sensors:      5
Mode:         PeMS Data-Driven
Car-Following: Gipps
ODE Solver:   Ballistic
Vmax:         35.0 m/s
======================================================================
Skipping Source actor due to time limit at clock = 43201.00125327633
Skipping Source actor due to time limit at clock = 43210.6788297557
-----------------------------
| Model.cleanup in progress |
-----------------------------
cleanup: agenda
cleanup: wait queues
coroutine counts = (39140835,39138215,39136901)
[ModelOptimizer] Fitness: 1.7103 | Elapsed: 28.59 sec
[ModelOptimizer] Evaluating parameters: VectorD(3.64051,	2.06011,	-4.86247,	3.56037,	4.81508)

======================================================================
TRAFFIC MODEL BUILDER SUMMARY
======================================================================
Network:      US-101-N-DonaldDoyle
Segments:     7
Lanes:        4
Junctions:    8
Ramps:        2
Sensors:      5
Mode:         PeMS Data-Driven
Car-Following: Gipps
ODE Solver:   Ballistic
Vmax:         35.0 m/s
======================================================================
Skipping Source actor due to time limit at clock = 43201.00125327633
Skipping Source actor due to time limit at clock = 43210.6788297557
-----------------------------
| Model.cleanup in progress |
-----------------------------
cleanup: agenda
cleanup: wait queues
coroutine counts = (39200592,39197968,39196652)
[ModelOptimizer] Fitness: 1.7093 | Elapsed: 26.73 sec
[ModelOptimizer] Evaluating parameters: VectorD(4.03684,	1.58900,	-4.32576,	3.22775,	3.77233)

======================================================================
TRAFFIC MODEL BUILDER SUMMARY
======================================================================
Network:      US-101-N-DonaldDoyle
Segments:     7
Lanes:        4
Junctions:    8
Ramps:        2
Sensors:      5
Mode:         PeMS Data-Driven
Car-Following: Gipps
ODE Solver:   Ballistic
Vmax:         35.0 m/s
======================================================================
Skipping Source actor due to time limit at clock = 43201.00125327633
Skipping Source actor due to time limit at clock = 43210.6788297557
-----------------------------
| Model.cleanup in progress |
-----------------------------
cleanup: agenda
cleanup: wait queues
coroutine counts = (39260349,39257721,39256403)
[ModelOptimizer] Fitness: 1.7092 | Elapsed: 26.24 sec
[ModelOptimizer] Evaluating parameters: VectorD(3.26263,	1.60323,	-4.80643,	3.04053,	4.26823)

======================================================================
TRAFFIC MODEL BUILDER SUMMARY
======================================================================
Network:      US-101-N-DonaldDoyle
Segments:     7
Lanes:        4
Junctions:    8
Ramps:        2
Sensors:      5
Mode:         PeMS Data-Driven
Car-Following: Gipps
ODE Solver:   Ballistic
Vmax:         35.0 m/s
======================================================================
Skipping Source actor due to time limit at clock = 43201.00125327633
Skipping Source actor due to time limit at clock = 43210.6788297557
-----------------------------
| Model.cleanup in progress |
-----------------------------
cleanup: agenda
cleanup: wait queues
coroutine counts = (39320106,39317474,39316154)
[ModelOptimizer] Fitness: 1.7129 | Elapsed: 26.74 sec
[ModelOptimizer] Evaluating parameters: VectorD(4.90508,	1.94353,	-7.91873,	4.23103,	4.89597)

======================================================================
TRAFFIC MODEL BUILDER SUMMARY
======================================================================
Network:      US-101-N-DonaldDoyle
Segments:     7
Lanes:        4
Junctions:    8
Ramps:        2
Sensors:      5
Mode:         PeMS Data-Driven
Car-Following: Gipps
ODE Solver:   Ballistic
Vmax:         35.0 m/s
======================================================================
Skipping Source actor due to time limit at clock = 43201.00125327633
Skipping Source actor due to time limit at clock = 43210.6788297557
-----------------------------
| Model.cleanup in progress |
-----------------------------
cleanup: agenda
cleanup: wait queues
coroutine counts = (39379863,39377227,39375905)
[ModelOptimizer] Fitness: 1.7107 | Elapsed: 26.13 sec
[ModelOptimizer] Evaluating parameters: VectorD(2.27877,	1.13938,	-2.36062,	1.34348,	0.819692)

======================================================================
TRAFFIC MODEL BUILDER SUMMARY
======================================================================
Network:      US-101-N-DonaldDoyle
Segments:     7
Lanes:        4
Junctions:    8
Ramps:        2
Sensors:      5
Mode:         PeMS Data-Driven
Car-Following: Gipps
ODE Solver:   Ballistic
Vmax:         35.0 m/s
======================================================================
Skipping Source actor due to time limit at clock = 43201.00125327633
Skipping Source actor due to time limit at clock = 43210.6788297557
-----------------------------
| Model.cleanup in progress |
-----------------------------
cleanup: agenda
cleanup: wait queues
coroutine counts = (39439620,39436980,39435656)
[ModelOptimizer] Fitness: 4.8303 | Elapsed: 53.60 sec
[ModelOptimizer] Evaluating parameters: VectorD(1.33599,	0.667997,	-2.83200,	0.942798,	0.583999)

======================================================================
TRAFFIC MODEL BUILDER SUMMARY
======================================================================
Network:      US-101-N-DonaldDoyle
Segments:     7
Lanes:        4
Junctions:    8
Ramps:        2
Sensors:      5
Mode:         PeMS Data-Driven
Car-Following: Gipps
ODE Solver:   Ballistic
Vmax:         35.0 m/s
======================================================================
Skipping Source actor due to time limit at clock = 43201.00125327633
Skipping Source actor due to time limit at clock = 43210.6788297557
-----------------------------
| Model.cleanup in progress |
-----------------------------
cleanup: agenda
cleanup: wait queues
coroutine counts = (39499377,39496733,39495407)
[ModelOptimizer] Fitness: 5.2741 | Elapsed: 66.26 sec
[ModelOptimizer] Evaluating parameters: VectorD(2.48127,	1.24064,	-2.25936,	1.42954,	0.870318)

======================================================================
TRAFFIC MODEL BUILDER SUMMARY
======================================================================
Network:      US-101-N-DonaldDoyle
Segments:     7
Lanes:        4
Junctions:    8
Ramps:        2
Sensors:      5
Mode:         PeMS Data-Driven
Car-Following: Gipps
ODE Solver:   Ballistic
Vmax:         35.0 m/s
======================================================================
Skipping Source actor due to time limit at clock = 43201.00125327633
Skipping Source actor due to time limit at clock = 43210.6788297557
-----------------------------
| Model.cleanup in progress |
-----------------------------
cleanup: agenda
cleanup: wait queues
coroutine counts = (39559134,39556486,39555158)
[ModelOptimizer] Fitness: 4.8839 | Elapsed: 51.89 sec
[ModelOptimizer] Evaluating parameters: VectorD(2.20332,	1.10166,	-2.39834,	1.31141,	0.800831)

======================================================================
TRAFFIC MODEL BUILDER SUMMARY
======================================================================
Network:      US-101-N-DonaldDoyle
Segments:     7
Lanes:        4
Junctions:    8
Ramps:        2
Sensors:      5
Mode:         PeMS Data-Driven
Car-Following: Gipps
ODE Solver:   Ballistic
Vmax:         35.0 m/s
======================================================================
Skipping Source actor due to time limit at clock = 43201.00125327633
Skipping Source actor due to time limit at clock = 43210.6788297557
-----------------------------
| Model.cleanup in progress |
-----------------------------
cleanup: agenda
cleanup: wait queues
coroutine counts = (39618891,39616239,39614909)
[ModelOptimizer] Fitness: 4.8895 | Elapsed: 53.04 sec
[ModelOptimizer] Evaluating parameters: VectorD(3.22235,	1.61117,	-1.88883,	1.74450,	1.05559)

======================================================================
TRAFFIC MODEL BUILDER SUMMARY
======================================================================
Network:      US-101-N-DonaldDoyle
Segments:     7
Lanes:        4
Junctions:    8
Ramps:        2
Sensors:      5
Mode:         PeMS Data-Driven
Car-Following: Gipps
ODE Solver:   Ballistic
Vmax:         35.0 m/s
======================================================================
Skipping Source actor due to time limit at clock = 43201.00125327633
Skipping Source actor due to time limit at clock = 43210.6788297557
-----------------------------
| Model.cleanup in progress |
-----------------------------
cleanup: agenda
cleanup: wait queues
coroutine counts = (39678648,39675992,39674660)
[ModelOptimizer] Fitness: 4.9188 | Elapsed: 47.15 sec
      59 |      1.70868172 |      1.70868172 |      14.8% ✓
[ModelOptimizer] Evaluating parameters: VectorD(5.82532,	2.17696,	-3.82791,	3.76589,	3.00444)

======================================================================
TRAFFIC MODEL BUILDER SUMMARY
======================================================================
Network:      US-101-N-DonaldDoyle
Segments:     7
Lanes:        4
Junctions:    8
Ramps:        2
Sensors:      5
Mode:         PeMS Data-Driven
Car-Following: Gipps
ODE Solver:   Ballistic
Vmax:         35.0 m/s
======================================================================
Skipping Source actor due to time limit at clock = 43201.00125327633
Skipping Source actor due to time limit at clock = 43210.6788297557
-----------------------------
| Model.cleanup in progress |
-----------------------------
cleanup: agenda
cleanup: wait queues
coroutine counts = (39738405,39735745,39734411)
[ModelOptimizer] Fitness: 1.9126 | Elapsed: 29.15 sec
[ModelOptimizer] Evaluating parameters: VectorD(6.46674,	1.98029,	-5.66860,	2.96992,	3.95194)

======================================================================
TRAFFIC MODEL BUILDER SUMMARY
======================================================================
Network:      US-101-N-DonaldDoyle
Segments:     7
Lanes:        4
Junctions:    8
Ramps:        2
Sensors:      5
Mode:         PeMS Data-Driven
Car-Following: Gipps
ODE Solver:   Ballistic
Vmax:         35.0 m/s
======================================================================
Skipping Source actor due to time limit at clock = 43201.00125327633
Skipping Source actor due to time limit at clock = 43210.6788297557
-----------------------------
| Model.cleanup in progress |
-----------------------------
cleanup: agenda
cleanup: wait queues
coroutine counts = (39798162,39795498,39794162)
[ModelOptimizer] Fitness: 1.7102 | Elapsed: 26.48 sec
[ModelOptimizer] Evaluating parameters: VectorD(6.65207,	2.28711,	-4.39499,	4.12422,	3.57412)

======================================================================
TRAFFIC MODEL BUILDER SUMMARY
======================================================================
Network:      US-101-N-DonaldDoyle
Segments:     7
Lanes:        4
Junctions:    8
Ramps:        2
Sensors:      5
Mode:         PeMS Data-Driven
Car-Following: Gipps
ODE Solver:   Ballistic
Vmax:         35.0 m/s
======================================================================
Skipping Source actor due to time limit at clock = 43201.00125327633
Skipping Source actor due to time limit at clock = 43210.6788297557
-----------------------------
| Model.cleanup in progress |
-----------------------------
cleanup: agenda
cleanup: wait queues
coroutine counts = (39857919,39855251,39853913)
[ModelOptimizer] Fitness: 1.7102 | Elapsed: 26.42 sec
[ModelOptimizer] Evaluating parameters: VectorD(5.84654,	1.68680,	-7.22067,	3.62091,	3.83976)

======================================================================
TRAFFIC MODEL BUILDER SUMMARY
======================================================================
Network:      US-101-N-DonaldDoyle
Segments:     7
Lanes:        4
Junctions:    8
Ramps:        2
Sensors:      5
Mode:         PeMS Data-Driven
Car-Following: Gipps
ODE Solver:   Ballistic
Vmax:         35.0 m/s
======================================================================
Skipping Source actor due to time limit at clock = 43201.00125327633
Skipping Source actor due to time limit at clock = 43210.6788297557
-----------------------------
| Model.cleanup in progress |
-----------------------------
cleanup: agenda
cleanup: wait queues
coroutine counts = (39917676,39915004,39913664)
[ModelOptimizer] Fitness: 1.7105 | Elapsed: 27.32 sec
[ModelOptimizer] Evaluating parameters: VectorD(3.06131,	2.04056,	-4.75299,	3.07654,	4.06736)

======================================================================
TRAFFIC MODEL BUILDER SUMMARY
======================================================================
Network:      US-101-N-DonaldDoyle
Segments:     7
Lanes:        4
Junctions:    8
Ramps:        2
Sensors:      5
Mode:         PeMS Data-Driven
Car-Following: Gipps
ODE Solver:   Ballistic
Vmax:         35.0 m/s
======================================================================
Skipping Source actor due to time limit at clock = 43201.00125327633
Skipping Source actor due to time limit at clock = 43210.6788297557
-----------------------------
| Model.cleanup in progress |
-----------------------------
cleanup: agenda
cleanup: wait queues
coroutine counts = (39977433,39974757,39973415)
[ModelOptimizer] Fitness: 1.7106 | Elapsed: 27.27 sec
[ModelOptimizer] Evaluating parameters: VectorD(3.10955,	1.84481,	-4.25221,	3.65169,	4.02310)

======================================================================
TRAFFIC MODEL BUILDER SUMMARY
======================================================================
Network:      US-101-N-DonaldDoyle
Segments:     7
Lanes:        4
Junctions:    8
Ramps:        2
Sensors:      5
Mode:         PeMS Data-Driven
Car-Following: Gipps
ODE Solver:   Ballistic
Vmax:         35.0 m/s
======================================================================
Skipping Source actor due to time limit at clock = 43201.00125327633
Skipping Source actor due to time limit at clock = 43210.6788297557
-----------------------------
| Model.cleanup in progress |
-----------------------------
cleanup: agenda
cleanup: wait queues
coroutine counts = (40037190,40034510,40033166)
[ModelOptimizer] Fitness: 1.7110 | Elapsed: 27.12 sec
[ModelOptimizer] Evaluating parameters: VectorD(2.39646,	1.19823,	-2.30177,	1.39350,	0.849115)

======================================================================
TRAFFIC MODEL BUILDER SUMMARY
======================================================================
Network:      US-101-N-DonaldDoyle
Segments:     7
Lanes:        4
Junctions:    8
Ramps:        2
Sensors:      5
Mode:         PeMS Data-Driven
Car-Following: Gipps
ODE Solver:   Ballistic
Vmax:         35.0 m/s
======================================================================
Skipping Source actor due to time limit at clock = 43201.00125327633
Skipping Source actor due to time limit at clock = 43210.6788297557
-----------------------------
| Model.cleanup in progress |
-----------------------------
cleanup: agenda
cleanup: wait queues
coroutine counts = (40096947,40094263,40092917)
[ModelOptimizer] Fitness: 4.8647 | Elapsed: 51.28 sec
[ModelOptimizer] Evaluating parameters: VectorD(1.00618,	0.503090,	-2.99691,	0.802626,	0.501545)

======================================================================
TRAFFIC MODEL BUILDER SUMMARY
======================================================================
Network:      US-101-N-DonaldDoyle
Segments:     7
Lanes:        4
Junctions:    8
Ramps:        2
Sensors:      5
Mode:         PeMS Data-Driven
Car-Following: Gipps
ODE Solver:   Ballistic
Vmax:         35.0 m/s
======================================================================
Skipping Source actor due to time limit at clock = 43201.00125327633
Skipping Source actor due to time limit at clock = 43210.6788297557
-----------------------------
| Model.cleanup in progress |
-----------------------------
cleanup: agenda
cleanup: wait queues
coroutine counts = (40156704,40154016,40152668)
[ModelOptimizer] Fitness: 5.6792 | Elapsed: 77.58 sec
[ModelOptimizer] Evaluating parameters: VectorD(3.48987,	1.74494,	-1.75506,	1.85820,	1.12247)

======================================================================
TRAFFIC MODEL BUILDER SUMMARY
======================================================================
Network:      US-101-N-DonaldDoyle
Segments:     7
Lanes:        4
Junctions:    8
Ramps:        2
Sensors:      5
Mode:         PeMS Data-Driven
Car-Following: Gipps
ODE Solver:   Ballistic
Vmax:         35.0 m/s
======================================================================
Skipping Source actor due to time limit at clock = 43201.00125327633
Skipping Source actor due to time limit at clock = 43210.6788297557
-----------------------------
| Model.cleanup in progress |
-----------------------------
cleanup: agenda
cleanup: wait queues
coroutine counts = (40216461,40213769,40212419)
[ModelOptimizer] Fitness: 5.0145 | Elapsed: 45.03 sec
[ModelOptimizer] Evaluating parameters: VectorD(2.43354,	1.21677,	-2.28323,	1.40925,	0.858385)

======================================================================
TRAFFIC MODEL BUILDER SUMMARY
======================================================================
Network:      US-101-N-DonaldDoyle
Segments:     7
Lanes:        4
Junctions:    8
Ramps:        2
Sensors:      5
Mode:         PeMS Data-Driven
Car-Following: Gipps
ODE Solver:   Ballistic
Vmax:         35.0 m/s
======================================================================
Skipping Source actor due to time limit at clock = 43201.00125327633
Skipping Source actor due to time limit at clock = 43210.6788297557
-----------------------------
| Model.cleanup in progress |
-----------------------------
cleanup: agenda
cleanup: wait queues
coroutine counts = (40276218,40273522,40272170)
[ModelOptimizer] Fitness: 4.8696 | Elapsed: 46.83 sec
[ModelOptimizer] Evaluating parameters: VectorD(4.63019,	2.31510,	-1.18490,	2.34283,	1.40755)

======================================================================
TRAFFIC MODEL BUILDER SUMMARY
======================================================================
Network:      US-101-N-DonaldDoyle
Segments:     7
Lanes:        4
Junctions:    8
Ramps:        2
Sensors:      5
Mode:         PeMS Data-Driven
Car-Following: Gipps
ODE Solver:   Ballistic
Vmax:         35.0 m/s
======================================================================
Skipping Source actor due to time limit at clock = 43201.00125327633
Skipping Source actor due to time limit at clock = 43210.6788297557
-----------------------------
| Model.cleanup in progress |
-----------------------------
cleanup: agenda
cleanup: wait queues
coroutine counts = (40335975,40333275,40331921)
[ModelOptimizer] Fitness: 6.0625 | Elapsed: 40.55 sec
      60 |      1.70868172 |      1.70868172 |      15.0% ✓
[ModelOptimizer] Evaluating parameters: VectorD(5.21388,	1.63777,	-5.07811,	4.26304,	3.01245)

======================================================================
TRAFFIC MODEL BUILDER SUMMARY
======================================================================
Network:      US-101-N-DonaldDoyle
Segments:     7
Lanes:        4
Junctions:    8
Ramps:        2
Sensors:      5
Mode:         PeMS Data-Driven
Car-Following: Gipps
ODE Solver:   Ballistic
Vmax:         35.0 m/s
======================================================================
Skipping Source actor due to time limit at clock = 43201.00125327633
Skipping Source actor due to time limit at clock = 43210.6788297557
-----------------------------
| Model.cleanup in progress |
-----------------------------
cleanup: agenda
cleanup: wait queues
coroutine counts = (40395732,40393028,40391672)
[ModelOptimizer] Fitness: 1.7137 | Elapsed: 29.18 sec
[ModelOptimizer] Evaluating parameters: VectorD(5.42005,	1.89097,	-3.56048,	4.03994,	3.16913)

======================================================================
TRAFFIC MODEL BUILDER SUMMARY
======================================================================
Network:      US-101-N-DonaldDoyle
Segments:     7
Lanes:        4
Junctions:    8
Ramps:        2
Sensors:      5
Mode:         PeMS Data-Driven
Car-Following: Gipps
ODE Solver:   Ballistic
Vmax:         35.0 m/s
======================================================================
Skipping Source actor due to time limit at clock = 43201.00125327633
Skipping Source actor due to time limit at clock = 43210.6788297557
-----------------------------
| Model.cleanup in progress |
-----------------------------
cleanup: agenda
cleanup: wait queues
coroutine counts = (40455489,40452781,40451423)
[ModelOptimizer] Fitness: 1.9656 | Elapsed: 28.49 sec
[ModelOptimizer] Evaluating parameters: VectorD(6.36440,	2.61173,	-4.18014,	3.04524,	3.07474)

======================================================================
TRAFFIC MODEL BUILDER SUMMARY
======================================================================
Network:      US-101-N-DonaldDoyle
Segments:     7
Lanes:        4
Junctions:    8
Ramps:        2
Sensors:      5
Mode:         PeMS Data-Driven
Car-Following: Gipps
ODE Solver:   Ballistic
Vmax:         35.0 m/s
======================================================================
Skipping Source actor due to time limit at clock = 43201.00125327633
Skipping Source actor due to time limit at clock = 43210.6788297557
-----------------------------
| Model.cleanup in progress |
-----------------------------
cleanup: agenda
cleanup: wait queues
coroutine counts = (40515246,40512534,40511174)
[ModelOptimizer] Fitness: 1.7404 | Elapsed: 27.87 sec
[ModelOptimizer] Evaluating parameters: VectorD(2.90067,	1.90629,	-4.17350,	3.62083,	3.59794)

======================================================================
TRAFFIC MODEL BUILDER SUMMARY
======================================================================
Network:      US-101-N-DonaldDoyle
Segments:     7
Lanes:        4
Junctions:    8
Ramps:        2
Sensors:      5
Mode:         PeMS Data-Driven
Car-Following: Gipps
ODE Solver:   Ballistic
Vmax:         35.0 m/s
======================================================================
Skipping Source actor due to time limit at clock = 43201.00125327633
Skipping Source actor due to time limit at clock = 43210.6788297557
-----------------------------
| Model.cleanup in progress |
-----------------------------
cleanup: agenda
cleanup: wait queues
coroutine counts = (40575003,40572287,40570925)
[ModelOptimizer] Fitness: 1.7095 | Elapsed: 27.24 sec
[ModelOptimizer] Evaluating parameters: VectorD(2.90138,	1.81353,	-5.10590,	3.17072,	2.90797)

======================================================================
TRAFFIC MODEL BUILDER SUMMARY
======================================================================
Network:      US-101-N-DonaldDoyle
Segments:     7
Lanes:        4
Junctions:    8
Ramps:        2
Sensors:      5
Mode:         PeMS Data-Driven
Car-Following: Gipps
ODE Solver:   Ballistic
Vmax:         35.0 m/s
======================================================================
Skipping Source actor due to time limit at clock = 43201.00125327633
Skipping Source actor due to time limit at clock = 43210.6788297557
-----------------------------
| Model.cleanup in progress |
-----------------------------
cleanup: agenda
cleanup: wait queues
coroutine counts = (40634760,40632040,40630676)
[ModelOptimizer] Fitness: 1.7238 | Elapsed: 29.46 sec
[ModelOptimizer] Evaluating parameters: VectorD(4.73750,	2.03399,	-4.15344,	2.98641,	4.88982)

======================================================================
TRAFFIC MODEL BUILDER SUMMARY
======================================================================
Network:      US-101-N-DonaldDoyle
Segments:     7
Lanes:        4
Junctions:    8
Ramps:        2
Sensors:      5
Mode:         PeMS Data-Driven
Car-Following: Gipps
ODE Solver:   Ballistic
Vmax:         35.0 m/s
======================================================================
Skipping Source actor due to time limit at clock = 43201.00125327633
Skipping Source actor due to time limit at clock = 43210.6788297557
-----------------------------
| Model.cleanup in progress |
-----------------------------
cleanup: agenda
cleanup: wait queues
coroutine counts = (40694517,40691793,40690427)
[ModelOptimizer] Fitness: 1.7109 | Elapsed: 26.16 sec
[ModelOptimizer] Evaluating parameters: VectorD(3.23136,	1.61568,	-1.88432,	1.74833,	1.05784)

======================================================================
TRAFFIC MODEL BUILDER SUMMARY
======================================================================
Network:      US-101-N-DonaldDoyle
Segments:     7
Lanes:        4
Junctions:    8
Ramps:        2
Sensors:      5
Mode:         PeMS Data-Driven
Car-Following: Gipps
ODE Solver:   Ballistic
Vmax:         35.0 m/s
======================================================================
Skipping Source actor due to time limit at clock = 43201.00125327633
Skipping Source actor due to time limit at clock = 43210.6788297557
-----------------------------
| Model.cleanup in progress |
-----------------------------
cleanup: agenda
cleanup: wait queues
coroutine counts = (40754274,40751546,40750178)
[ModelOptimizer] Fitness: 4.9303 | Elapsed: 46.39 sec
[ModelOptimizer] Evaluating parameters: VectorD(2.65188,	1.32594,	-2.17406,	1.50205,	0.912969)

======================================================================
TRAFFIC MODEL BUILDER SUMMARY
======================================================================
Network:      US-101-N-DonaldDoyle
Segments:     7
Lanes:        4
Junctions:    8
Ramps:        2
Sensors:      5
Mode:         PeMS Data-Driven
Car-Following: Gipps
ODE Solver:   Ballistic
Vmax:         35.0 m/s
======================================================================
Skipping Source actor due to time limit at clock = 43201.00125327633
Skipping Source actor due to time limit at clock = 43210.6788297557
-----------------------------
| Model.cleanup in progress |
-----------------------------
cleanup: agenda
cleanup: wait queues
coroutine counts = (40814031,40811299,40809929)
[ModelOptimizer] Fitness: 4.8373 | Elapsed: 48.45 sec
[ModelOptimizer] Evaluating parameters: VectorD(4.99801,	2.49900,	-1.00100,	2.49915,	1.49950)

======================================================================
TRAFFIC MODEL BUILDER SUMMARY
======================================================================
Network:      US-101-N-DonaldDoyle
Segments:     7
Lanes:        4
Junctions:    8
Ramps:        2
Sensors:      5
Mode:         PeMS Data-Driven
Car-Following: Gipps
ODE Solver:   Ballistic
Vmax:         35.0 m/s
======================================================================
Skipping Source actor due to time limit at clock = 43201.00125327633
Skipping Source actor due to time limit at clock = 43210.6788297557
-----------------------------
| Model.cleanup in progress |
-----------------------------
cleanup: agenda
cleanup: wait queues
coroutine counts = (40873788,40871052,40869680)
[ModelOptimizer] Fitness: 6.5936 | Elapsed: 41.73 sec
[ModelOptimizer] Evaluating parameters: VectorD(4.38622,	2.19311,	-1.30689,	2.23914,	1.34655)

======================================================================
TRAFFIC MODEL BUILDER SUMMARY
======================================================================
Network:      US-101-N-DonaldDoyle
Segments:     7
Lanes:        4
Junctions:    8
Ramps:        2
Sensors:      5
Mode:         PeMS Data-Driven
Car-Following: Gipps
ODE Solver:   Ballistic
Vmax:         35.0 m/s
======================================================================
Skipping Source actor due to time limit at clock = 43201.00125327633
Skipping Source actor due to time limit at clock = 43210.6788297557
-----------------------------
| Model.cleanup in progress |
-----------------------------
cleanup: agenda
cleanup: wait queues
coroutine counts = (40933545,40930805,40929431)
[ModelOptimizer] Fitness: 5.7223 | Elapsed: 42.87 sec
[ModelOptimizer] Evaluating parameters: VectorD(2.01011,	1.00505,	-2.49495,	1.22930,	0.752527)

======================================================================
TRAFFIC MODEL BUILDER SUMMARY
======================================================================
Network:      US-101-N-DonaldDoyle
Segments:     7
Lanes:        4
Junctions:    8
Ramps:        2
Sensors:      5
Mode:         PeMS Data-Driven
Car-Following: Gipps
ODE Solver:   Ballistic
Vmax:         35.0 m/s
======================================================================
Skipping Source actor due to time limit at clock = 43201.00125327633
Skipping Source actor due to time limit at clock = 43210.6788297557
-----------------------------
| Model.cleanup in progress |
-----------------------------
cleanup: agenda
cleanup: wait queues
coroutine counts = (40993302,40990558,40989182)
[ModelOptimizer] Fitness: 4.9481 | Elapsed: 54.88 sec
      61 |      1.70868172 |      1.70868172 |      15.3% ✓
[ModelOptimizer] Evaluating parameters: VectorD(6.79886,	2.13107,	-3.63438,	3.48585,	3.68087)

======================================================================
TRAFFIC MODEL BUILDER SUMMARY
======================================================================
Network:      US-101-N-DonaldDoyle
Segments:     7
Lanes:        4
Junctions:    8
Ramps:        2
Sensors:      5
Mode:         PeMS Data-Driven
Car-Following: Gipps
ODE Solver:   Ballistic
Vmax:         35.0 m/s
======================================================================
Skipping Source actor due to time limit at clock = 43201.00125327633
Skipping Source actor due to time limit at clock = 43210.6788297557
-----------------------------
| Model.cleanup in progress |
-----------------------------
cleanup: agenda
cleanup: wait queues
coroutine counts = (41053059,41050311,41048933)
[ModelOptimizer] Fitness: 1.7359 | Elapsed: 28.53 sec
[ModelOptimizer] Evaluating parameters: VectorD(5.00533,	2.09573,	-5.71439,	4.24231,	3.87447)

======================================================================
TRAFFIC MODEL BUILDER SUMMARY
======================================================================
Network:      US-101-N-DonaldDoyle
Segments:     7
Lanes:        4
Junctions:    8
Ramps:        2
Sensors:      5
Mode:         PeMS Data-Driven
Car-Following: Gipps
ODE Solver:   Ballistic
Vmax:         35.0 m/s
======================================================================
Skipping Source actor due to time limit at clock = 43201.00125327633
Skipping Source actor due to time limit at clock = 43210.6788297557
-----------------------------
| Model.cleanup in progress |
-----------------------------
cleanup: agenda
cleanup: wait queues
coroutine counts = (41112816,41110064,41108684)
[ModelOptimizer] Fitness: 1.7100 | Elapsed: 27.43 sec
[ModelOptimizer] Evaluating parameters: VectorD(4.67411,	2.02985,	-3.76873,	3.28190,	2.91930)

======================================================================
TRAFFIC MODEL BUILDER SUMMARY
======================================================================
Network:      US-101-N-DonaldDoyle
Segments:     7
Lanes:        4
Junctions:    8
Ramps:        2
Sensors:      5
Mode:         PeMS Data-Driven
Car-Following: Gipps
ODE Solver:   Ballistic
Vmax:         35.0 m/s
======================================================================
Skipping Source actor due to time limit at clock = 43201.00125327633
Skipping Source actor due to time limit at clock = 43210.6788297557
-----------------------------
| Model.cleanup in progress |
-----------------------------
cleanup: agenda
cleanup: wait queues
coroutine counts = (41172573,41169817,41168435)
[ModelOptimizer] Fitness: 2.0396 | Elapsed: 29.47 sec
[ModelOptimizer] Evaluating parameters: VectorD(3.29166,	1.47707,	-4.27648,	3.48987,	4.03738)

======================================================================
TRAFFIC MODEL BUILDER SUMMARY
======================================================================
Network:      US-101-N-DonaldDoyle
Segments:     7
Lanes:        4
Junctions:    8
Ramps:        2
Sensors:      5
Mode:         PeMS Data-Driven
Car-Following: Gipps
ODE Solver:   Ballistic
Vmax:         35.0 m/s
======================================================================
Skipping Source actor due to time limit at clock = 43201.00125327633
Skipping Source actor due to time limit at clock = 43210.6788297557
-----------------------------
| Model.cleanup in progress |
-----------------------------
cleanup: agenda
cleanup: wait queues
coroutine counts = (41232330,41229570,41228186)
[ModelOptimizer] Fitness: 1.7113 | Elapsed: 26.87 sec
[ModelOptimizer] Evaluating parameters: VectorD(3.71798,	1.68104,	-4.78491,	2.97965,	4.02342)

======================================================================
TRAFFIC MODEL BUILDER SUMMARY
======================================================================
Network:      US-101-N-DonaldDoyle
Segments:     7
Lanes:        4
Junctions:    8
Ramps:        2
Sensors:      5
Mode:         PeMS Data-Driven
Car-Following: Gipps
ODE Solver:   Ballistic
Vmax:         35.0 m/s
======================================================================
Skipping Source actor due to time limit at clock = 43201.00125327633
Skipping Source actor due to time limit at clock = 43210.6788297557
-----------------------------
| Model.cleanup in progress |
-----------------------------
cleanup: agenda
cleanup: wait queues
coroutine counts = (41292087,41289323,41287937)
[ModelOptimizer] Fitness: 1.7110 | Elapsed: 26.80 sec
[ModelOptimizer] Evaluating parameters: VectorD(3.18680,	1.68964,	-5.88024,	3.14693,	4.01470)

======================================================================
TRAFFIC MODEL BUILDER SUMMARY
======================================================================
Network:      US-101-N-DonaldDoyle
Segments:     7
Lanes:        4
Junctions:    8
Ramps:        2
Sensors:      5
Mode:         PeMS Data-Driven
Car-Following: Gipps
ODE Solver:   Ballistic
Vmax:         35.0 m/s
======================================================================
Skipping Source actor due to time limit at clock = 43201.00125327633
Skipping Source actor due to time limit at clock = 43210.6788297557
-----------------------------
| Model.cleanup in progress |
-----------------------------
cleanup: agenda
cleanup: wait queues
coroutine counts = (41351844,41349076,41347688)
[ModelOptimizer] Fitness: 1.7107 | Elapsed: 27.21 sec
[ModelOptimizer] Evaluating parameters: VectorD(3.87539,	1.93770,	-1.56230,	2.02204,	1.21885)

======================================================================
TRAFFIC MODEL BUILDER SUMMARY
======================================================================
Network:      US-101-N-DonaldDoyle
Segments:     7
Lanes:        4
Junctions:    8
Ramps:        2
Sensors:      5
Mode:         PeMS Data-Driven
Car-Following: Gipps
ODE Solver:   Ballistic
Vmax:         35.0 m/s
======================================================================
Skipping Source actor due to time limit at clock = 43201.00125327633
Skipping Source actor due to time limit at clock = 43210.6788297557
-----------------------------
| Model.cleanup in progress |
-----------------------------
cleanup: agenda
cleanup: wait queues
coroutine counts = (41411601,41408829,41407439)
[ModelOptimizer] Fitness: 5.2596 | Elapsed: 45.64 sec
[ModelOptimizer] Evaluating parameters: VectorD(4.10856,	2.05428,	-1.44572,	2.12114,	1.27714)

======================================================================
TRAFFIC MODEL BUILDER SUMMARY
======================================================================
Network:      US-101-N-DonaldDoyle
Segments:     7
Lanes:        4
Junctions:    8
Ramps:        2
Sensors:      5
Mode:         PeMS Data-Driven
Car-Following: Gipps
ODE Solver:   Ballistic
Vmax:         35.0 m/s
======================================================================
Skipping Source actor due to time limit at clock = 43201.00125327633
Skipping Source actor due to time limit at clock = 43210.6788297557
-----------------------------
| Model.cleanup in progress |
-----------------------------
cleanup: agenda
cleanup: wait queues
coroutine counts = (41471358,41468582,41467190)
[ModelOptimizer] Fitness: 5.4539 | Elapsed: 46.01 sec
[ModelOptimizer] Evaluating parameters: VectorD(4.23058,	2.11529,	-1.38471,	2.17300,	1.30764)

======================================================================
TRAFFIC MODEL BUILDER SUMMARY
======================================================================
Network:      US-101-N-DonaldDoyle
Segments:     7
Lanes:        4
Junctions:    8
Ramps:        2
Sensors:      5
Mode:         PeMS Data-Driven
Car-Following: Gipps
ODE Solver:   Ballistic
Vmax:         35.0 m/s
======================================================================
Skipping Source actor due to time limit at clock = 43201.00125327633
Skipping Source actor due to time limit at clock = 43210.6788297557
-----------------------------
| Model.cleanup in progress |
-----------------------------
cleanup: agenda
cleanup: wait queues
coroutine counts = (41531115,41528335,41526941)
[ModelOptimizer] Fitness: 5.5695 | Elapsed: 42.96 sec
[ModelOptimizer] Evaluating parameters: VectorD(3.17232,	1.58616,	-1.91384,	1.72324,	1.04308)

======================================================================
TRAFFIC MODEL BUILDER SUMMARY
======================================================================
Network:      US-101-N-DonaldDoyle
Segments:     7
Lanes:        4
Junctions:    8
Ramps:        2
Sensors:      5
Mode:         PeMS Data-Driven
Car-Following: Gipps
ODE Solver:   Ballistic
Vmax:         35.0 m/s
======================================================================
Skipping Source actor due to time limit at clock = 43201.00125327633
Skipping Source actor due to time limit at clock = 43210.6788297557
-----------------------------
| Model.cleanup in progress |
-----------------------------
cleanup: agenda
cleanup: wait queues
coroutine counts = (41590872,41588088,41586692)
[ModelOptimizer] Fitness: 4.8994 | Elapsed: 39.53 sec
[ModelOptimizer] Evaluating parameters: VectorD(2.09472,	1.04736,	-2.45264,	1.26526,	0.773680)

======================================================================
TRAFFIC MODEL BUILDER SUMMARY
======================================================================
Network:      US-101-N-DonaldDoyle
Segments:     7
Lanes:        4
Junctions:    8
Ramps:        2
Sensors:      5
Mode:         PeMS Data-Driven
Car-Following: Gipps
ODE Solver:   Ballistic
Vmax:         35.0 m/s
======================================================================
Skipping Source actor due to time limit at clock = 43201.00125327633
Skipping Source actor due to time limit at clock = 43210.6788297557
-----------------------------
| Model.cleanup in progress |
-----------------------------
cleanup: agenda
cleanup: wait queues
coroutine counts = (41650629,41647841,41646443)
[ModelOptimizer] Fitness: 4.9117 | Elapsed: 47.74 sec
      62 |      1.70868172 |      1.70868172 |      15.5% ✓
[ModelOptimizer] Evaluating parameters: VectorD(3.81800,	1.82241,	-6.06446,	3.10010,	3.77967)

======================================================================
TRAFFIC MODEL BUILDER SUMMARY
======================================================================
Network:      US-101-N-DonaldDoyle
Segments:     7
Lanes:        4
Junctions:    8
Ramps:        2
Sensors:      5
Mode:         PeMS Data-Driven
Car-Following: Gipps
ODE Solver:   Ballistic
Vmax:         35.0 m/s
======================================================================
Skipping Source actor due to time limit at clock = 43201.00125327633
Skipping Source actor due to time limit at clock = 43210.6788297557
-----------------------------
| Model.cleanup in progress |
-----------------------------
cleanup: agenda
cleanup: wait queues
coroutine counts = (41710386,41707594,41706194)
[ModelOptimizer] Fitness: 1.7092 | Elapsed: 22.99 sec
[ModelOptimizer] Evaluating parameters: VectorD(5.32626,	2.13383,	-7.50630,	3.17450,	3.09912)

======================================================================
TRAFFIC MODEL BUILDER SUMMARY
======================================================================
Network:      US-101-N-DonaldDoyle
Segments:     7
Lanes:        4
Junctions:    8
Ramps:        2
Sensors:      5
Mode:         PeMS Data-Driven
Car-Following: Gipps
ODE Solver:   Ballistic
Vmax:         35.0 m/s
======================================================================
Skipping Source actor due to time limit at clock = 43201.00125327633
Skipping Source actor due to time limit at clock = 43210.6788297557
-----------------------------
| Model.cleanup in progress |
-----------------------------
cleanup: agenda
cleanup: wait queues
coroutine counts = (41770143,41767347,41765945)
[ModelOptimizer] Fitness: 1.7108 | Elapsed: 24.51 sec
[ModelOptimizer] Evaluating parameters: VectorD(3.70482,	1.59495,	-4.67648,	2.94371,	3.82669)

======================================================================
TRAFFIC MODEL BUILDER SUMMARY
======================================================================
Network:      US-101-N-DonaldDoyle
Segments:     7
Lanes:        4
Junctions:    8
Ramps:        2
Sensors:      5
Mode:         PeMS Data-Driven
Car-Following: Gipps
ODE Solver:   Ballistic
Vmax:         35.0 m/s
======================================================================
Skipping Source actor due to time limit at clock = 43201.00125327633
Skipping Source actor due to time limit at clock = 43210.6788297557
-----------------------------
| Model.cleanup in progress |
-----------------------------
cleanup: agenda
cleanup: wait queues
coroutine counts = (41829900,41827100,41825696)
[ModelOptimizer] Fitness: 1.7103 | Elapsed: 25.72 sec
[ModelOptimizer] Evaluating parameters: VectorD(5.76031,	1.64822,	-5.25587,	3.74674,	3.28483)

======================================================================
TRAFFIC MODEL BUILDER SUMMARY
======================================================================
Network:      US-101-N-DonaldDoyle
Segments:     7
Lanes:        4
Junctions:    8
Ramps:        2
Sensors:      5
Mode:         PeMS Data-Driven
Car-Following: Gipps
ODE Solver:   Ballistic
Vmax:         35.0 m/s
======================================================================
Skipping Source actor due to time limit at clock = 43201.00125327633
Skipping Source actor due to time limit at clock = 43210.6788297557
-----------------------------
| Model.cleanup in progress |
-----------------------------
cleanup: agenda
cleanup: wait queues
coroutine counts = (41889657,41886853,41885447)
[ModelOptimizer] Fitness: 1.7107 | Elapsed: 28.99 sec
[ModelOptimizer] Evaluating parameters: VectorD(3.01877,	2.12103,	-5.33358,	4.14668,	4.29511)

======================================================================
TRAFFIC MODEL BUILDER SUMMARY
======================================================================
Network:      US-101-N-DonaldDoyle
Segments:     7
Lanes:        4
Junctions:    8
Ramps:        2
Sensors:      5
Mode:         PeMS Data-Driven
Car-Following: Gipps
ODE Solver:   Ballistic
Vmax:         35.0 m/s
======================================================================
Skipping Source actor due to time limit at clock = 43201.00125327633
Skipping Source actor due to time limit at clock = 43210.6788297557
-----------------------------
| Model.cleanup in progress |
-----------------------------
cleanup: agenda
cleanup: wait queues
coroutine counts = (41949414,41946606,41945198)
[ModelOptimizer] Fitness: 1.7131 | Elapsed: 26.17 sec
[ModelOptimizer] Evaluating parameters: VectorD(3.10545,	2.01625,	-4.68984,	3.94236,	4.06015)

======================================================================
TRAFFIC MODEL BUILDER SUMMARY
======================================================================
Network:      US-101-N-DonaldDoyle
Segments:     7
Lanes:        4
Junctions:    8
Ramps:        2
Sensors:      5
Mode:         PeMS Data-Driven
Car-Following: Gipps
ODE Solver:   Ballistic
Vmax:         35.0 m/s
======================================================================
Skipping Source actor due to time limit at clock = 43201.00125327633
Skipping Source actor due to time limit at clock = 43210.6788297557
-----------------------------
| Model.cleanup in progress |
-----------------------------
cleanup: agenda
cleanup: wait queues
coroutine counts = (42009171,42006359,42004949)
[ModelOptimizer] Fitness: 1.7113 | Elapsed: 27.35 sec
[ModelOptimizer] Evaluating parameters: VectorD(4.39836,	2.19918,	-1.30082,	2.24430,	1.34959)

======================================================================
TRAFFIC MODEL BUILDER SUMMARY
======================================================================
Network:      US-101-N-DonaldDoyle
Segments:     7
Lanes:        4
Junctions:    8
Ramps:        2
Sensors:      5
Mode:         PeMS Data-Driven
Car-Following: Gipps
ODE Solver:   Ballistic
Vmax:         35.0 m/s
======================================================================
Skipping Source actor due to time limit at clock = 43201.00125327633
Skipping Source actor due to time limit at clock = 43210.6788297557
-----------------------------
| Model.cleanup in progress |
-----------------------------
cleanup: agenda
cleanup: wait queues
coroutine counts = (42068928,42066112,42064700)
[ModelOptimizer] Fitness: 5.7222 | Elapsed: 46.32 sec
[ModelOptimizer] Evaluating parameters: VectorD(4.00218,	2.00109,	-1.49891,	2.07593,	1.25055)

======================================================================
TRAFFIC MODEL BUILDER SUMMARY
======================================================================
Network:      US-101-N-DonaldDoyle
Segments:     7
Lanes:        4
Junctions:    8
Ramps:        2
Sensors:      5
Mode:         PeMS Data-Driven
Car-Following: Gipps
ODE Solver:   Ballistic
Vmax:         35.0 m/s
======================================================================
Skipping Source actor due to time limit at clock = 43201.00125327633
Skipping Source actor due to time limit at clock = 43210.6788297557
-----------------------------
| Model.cleanup in progress |
-----------------------------
cleanup: agenda
cleanup: wait queues
coroutine counts = (42128685,42125865,42124451)
[ModelOptimizer] Fitness: 5.3189 | Elapsed: 52.10 sec
[ModelOptimizer] Evaluating parameters: VectorD(2.04934,	1.02467,	-2.47533,	1.24597,	0.762334)

======================================================================
TRAFFIC MODEL BUILDER SUMMARY
======================================================================
Network:      US-101-N-DonaldDoyle
Segments:     7
Lanes:        4
Junctions:    8
Ramps:        2
Sensors:      5
Mode:         PeMS Data-Driven
Car-Following: Gipps
ODE Solver:   Ballistic
Vmax:         35.0 m/s
======================================================================
Skipping Source actor due to time limit at clock = 43201.00125327633
Skipping Source actor due to time limit at clock = 43210.6788297557
-----------------------------
| Model.cleanup in progress |
-----------------------------
cleanup: agenda
cleanup: wait queues
coroutine counts = (42188442,42185618,42184202)
[ModelOptimizer] Fitness: 4.9120 | Elapsed: 59.26 sec
[ModelOptimizer] Evaluating parameters: VectorD(4.86630,	2.43315,	-1.06685,	2.44318,	1.46658)

======================================================================
TRAFFIC MODEL BUILDER SUMMARY
======================================================================
Network:      US-101-N-DonaldDoyle
Segments:     7
Lanes:        4
Junctions:    8
Ramps:        2
Sensors:      5
Mode:         PeMS Data-Driven
Car-Following: Gipps
ODE Solver:   Ballistic
Vmax:         35.0 m/s
======================================================================
Skipping Source actor due to time limit at clock = 43201.00125327633
Skipping Source actor due to time limit at clock = 43210.6788297557
-----------------------------
| Model.cleanup in progress |
-----------------------------
cleanup: agenda
cleanup: wait queues
coroutine counts = (42248199,42245371,42243953)
[ModelOptimizer] Fitness: 6.3863 | Elapsed: 44.25 sec
[ModelOptimizer] Evaluating parameters: VectorD(1.67305,	0.836526,	-2.66347,	1.08605,	0.668263)

======================================================================
TRAFFIC MODEL BUILDER SUMMARY
======================================================================
Network:      US-101-N-DonaldDoyle
Segments:     7
Lanes:        4
Junctions:    8
Ramps:        2
Sensors:      5
Mode:         PeMS Data-Driven
Car-Following: Gipps
ODE Solver:   Ballistic
Vmax:         35.0 m/s
======================================================================
Skipping Source actor due to time limit at clock = 43201.00125327633
Skipping Source actor due to time limit at clock = 43210.6788297557
-----------------------------
| Model.cleanup in progress |
-----------------------------
cleanup: agenda
cleanup: wait queues
coroutine counts = (42307956,42305124,42303704)
[ModelOptimizer] Fitness: 5.0267 | Elapsed: 67.06 sec
      63 |      1.70868172 |      1.70868172 |      15.8% ✓
[ModelOptimizer] Evaluating parameters: VectorD(6.56852,	2.73543,	-3.89978,	3.40214,	3.08696)

======================================================================
TRAFFIC MODEL BUILDER SUMMARY
======================================================================
Network:      US-101-N-DonaldDoyle
Segments:     7
Lanes:        4
Junctions:    8
Ramps:        2
Sensors:      5
Mode:         PeMS Data-Driven
Car-Following: Gipps
ODE Solver:   Ballistic
Vmax:         35.0 m/s
======================================================================
Skipping Source actor due to time limit at clock = 43201.00125327633
Skipping Source actor due to time limit at clock = 43210.6788297557
-----------------------------
| Model.cleanup in progress |
-----------------------------
cleanup: agenda
cleanup: wait queues
coroutine counts = (42367713,42364877,42363455)
[ModelOptimizer] Fitness: 1.7762 | Elapsed: 57.32 sec
[ModelOptimizer] Evaluating parameters: VectorD(4.66106,	2.41765,	-3.75827,	4.22082,	3.14276)

======================================================================
TRAFFIC MODEL BUILDER SUMMARY
======================================================================
Network:      US-101-N-DonaldDoyle
Segments:     7
Lanes:        4
Junctions:    8
Ramps:        2
Sensors:      5
Mode:         PeMS Data-Driven
Car-Following: Gipps
ODE Solver:   Ballistic
Vmax:         35.0 m/s
======================================================================
Skipping Source actor due to time limit at clock = 43201.00125327633
Skipping Source actor due to time limit at clock = 43210.6788297557
-----------------------------
| Model.cleanup in progress |
-----------------------------
cleanup: agenda
cleanup: wait queues
coroutine counts = (42427470,42424630,42423206)
[ModelOptimizer] Fitness: 1.8265 | Elapsed: 82.93 sec
[ModelOptimizer] Evaluating parameters: VectorD(4.33509,	1.98323,	-4.34285,	3.28391,	3.14242)

======================================================================
TRAFFIC MODEL BUILDER SUMMARY
======================================================================
Network:      US-101-N-DonaldDoyle
Segments:     7
Lanes:        4
Junctions:    8
Ramps:        2
Sensors:      5
Mode:         PeMS Data-Driven
Car-Following: Gipps
ODE Solver:   Ballistic
Vmax:         35.0 m/s
======================================================================
Skipping Source actor due to time limit at clock = 43201.00125327633
Skipping Source actor due to time limit at clock = 43210.6788297557
-----------------------------
| Model.cleanup in progress |
-----------------------------
cleanup: agenda
cleanup: wait queues
coroutine counts = (42487227,42484383,42482957)
[ModelOptimizer] Fitness: 1.7313 | Elapsed: 83.79 sec
[ModelOptimizer] Evaluating parameters: VectorD(3.69514,	2.36120,	-7.81627,	3.51439,	4.55196)

======================================================================
TRAFFIC MODEL BUILDER SUMMARY
======================================================================
Network:      US-101-N-DonaldDoyle
Segments:     7
Lanes:        4
Junctions:    8
Ramps:        2
Sensors:      5
Mode:         PeMS Data-Driven
Car-Following: Gipps
ODE Solver:   Ballistic
Vmax:         35.0 m/s
======================================================================
Skipping Source actor due to time limit at clock = 43201.00125327633
Skipping Source actor due to time limit at clock = 43210.6788297557
-----------------------------
| Model.cleanup in progress |
-----------------------------
cleanup: agenda
cleanup: wait queues
coroutine counts = (42546984,42544136,42542708)
[ModelOptimizer] Fitness: 1.7117 | Elapsed: 75.84 sec
[ModelOptimizer] Evaluating parameters: VectorD(3.96576,	1.49351,	-4.76461,	3.92549,	3.13960)

======================================================================
TRAFFIC MODEL BUILDER SUMMARY
======================================================================
Network:      US-101-N-DonaldDoyle
Segments:     7
Lanes:        4
Junctions:    8
Ramps:        2
Sensors:      5
Mode:         PeMS Data-Driven
Car-Following: Gipps
ODE Solver:   Ballistic
Vmax:         35.0 m/s
======================================================================
Skipping Source actor due to time limit at clock = 43201.00125327633
Skipping Source actor due to time limit at clock = 43210.6788297557
-----------------------------
| Model.cleanup in progress |
-----------------------------
cleanup: agenda
cleanup: wait queues
coroutine counts = (42606741,42603889,42602459)
[ModelOptimizer] Fitness: 1.7122 | Elapsed: 85.37 sec
[ModelOptimizer] Evaluating parameters: VectorD(4.12165,	1.94839,	-5.56864,	3.66258,	3.96871)

======================================================================
TRAFFIC MODEL BUILDER SUMMARY
======================================================================
Network:      US-101-N-DonaldDoyle
Segments:     7
Lanes:        4
Junctions:    8
Ramps:        2
Sensors:      5
Mode:         PeMS Data-Driven
Car-Following: Gipps
ODE Solver:   Ballistic
Vmax:         35.0 m/s
======================================================================
Skipping Source actor due to time limit at clock = 43201.00125327633
Skipping Source actor due to time limit at clock = 43210.6788297557
-----------------------------
| Model.cleanup in progress |
-----------------------------
cleanup: agenda
cleanup: wait queues
coroutine counts = (42666498,42663642,42662210)
[ModelOptimizer] Fitness: 1.7110 | Elapsed: 74.15 sec
[ModelOptimizer] Evaluating parameters: VectorD(1.39627,	0.698134,	-2.80187,	0.968414,	0.599067)

======================================================================
TRAFFIC MODEL BUILDER SUMMARY
======================================================================
Network:      US-101-N-DonaldDoyle
Segments:     7
Lanes:        4
Junctions:    8
Ramps:        2
Sensors:      5
Mode:         PeMS Data-Driven
Car-Following: Gipps
ODE Solver:   Ballistic
Vmax:         35.0 m/s
======================================================================
Skipping Source actor due to time limit at clock = 43201.00125327633
Skipping Source actor due to time limit at clock = 43210.6788297557
-----------------------------
| Model.cleanup in progress |
-----------------------------
cleanup: agenda
cleanup: wait queues
coroutine counts = (42726255,42723395,42721961)
[ModelOptimizer] Fitness: 5.2603 | Elapsed: 179.60 sec
[ModelOptimizer] Evaluating parameters: VectorD(4.26237,	2.13118,	-1.36882,	2.18651,	1.31559)

======================================================================
TRAFFIC MODEL BUILDER SUMMARY
======================================================================
Network:      US-101-N-DonaldDoyle
Segments:     7
Lanes:        4
Junctions:    8
Ramps:        2
Sensors:      5
Mode:         PeMS Data-Driven
Car-Following: Gipps
ODE Solver:   Ballistic
Vmax:         35.0 m/s
======================================================================
Skipping Source actor due to time limit at clock = 43201.00125327633
Skipping Source actor due to time limit at clock = 43210.6788297557
-----------------------------
| Model.cleanup in progress |
-----------------------------
cleanup: agenda
cleanup: wait queues
coroutine counts = (42786012,42783148,42781712)
[ModelOptimizer] Fitness: 5.5902 | Elapsed: 118.65 sec
[ModelOptimizer] Evaluating parameters: VectorD(2.74508,	1.37254,	-2.12746,	1.54166,	0.936269)

======================================================================
TRAFFIC MODEL BUILDER SUMMARY
======================================================================
Network:      US-101-N-DonaldDoyle
Segments:     7
Lanes:        4
Junctions:    8
Ramps:        2
Sensors:      5
Mode:         PeMS Data-Driven
Car-Following: Gipps
ODE Solver:   Ballistic
Vmax:         35.0 m/s
======================================================================
Skipping Source actor due to time limit at clock = 43201.00125327633
Skipping Source actor due to time limit at clock = 43210.6788297557
-----------------------------
| Model.cleanup in progress |
-----------------------------
cleanup: agenda
cleanup: wait queues
coroutine counts = (42845769,42842901,42841463)
[ModelOptimizer] Fitness: 4.8432 | Elapsed: 142.69 sec
[ModelOptimizer] Evaluating parameters: VectorD(3.79906,	1.89953,	-1.60047,	1.98960,	1.19977)

======================================================================
TRAFFIC MODEL BUILDER SUMMARY
======================================================================
Network:      US-101-N-DonaldDoyle
Segments:     7
Lanes:        4
Junctions:    8
Ramps:        2
Sensors:      5
Mode:         PeMS Data-Driven
Car-Following: Gipps
ODE Solver:   Ballistic
Vmax:         35.0 m/s
======================================================================
Skipping Source actor due to time limit at clock = 43201.00125327633
Skipping Source actor due to time limit at clock = 43210.6788297557
-----------------------------
| Model.cleanup in progress |
-----------------------------
cleanup: agenda
cleanup: wait queues
coroutine counts = (42905526,42902654,42901214)
[ModelOptimizer] Fitness: 5.1959 | Elapsed: 121.42 sec
[ModelOptimizer] Evaluating parameters: VectorD(1.52331,	0.761656,	-2.73834,	1.02241,	0.630828)

======================================================================
TRAFFIC MODEL BUILDER SUMMARY
======================================================================
Network:      US-101-N-DonaldDoyle
Segments:     7
Lanes:        4
Junctions:    8
Ramps:        2
Sensors:      5
Mode:         PeMS Data-Driven
Car-Following: Gipps
ODE Solver:   Ballistic
Vmax:         35.0 m/s
======================================================================
Skipping Source actor due to time limit at clock = 43201.00125327633
Skipping Source actor due to time limit at clock = 43210.6788297557
-----------------------------
| Model.cleanup in progress |
-----------------------------
cleanup: agenda
cleanup: wait queues
coroutine counts = (42965283,42962407,42960965)
[ModelOptimizer] Fitness: 5.1140 | Elapsed: 191.08 sec
      64 |      1.70868172 |      1.70868172 |      16.0% ✓
[ModelOptimizer] Evaluating parameters: VectorD(3.91160,	1.47856,	-4.49553,	3.41544,	3.65944)

======================================================================
TRAFFIC MODEL BUILDER SUMMARY
======================================================================
Network:      US-101-N-DonaldDoyle
Segments:     7
Lanes:        4
Junctions:    8
Ramps:        2
Sensors:      5
Mode:         PeMS Data-Driven
Car-Following: Gipps
ODE Solver:   Ballistic
Vmax:         35.0 m/s
======================================================================
Skipping Source actor due to time limit at clock = 43201.00125327633
Skipping Source actor due to time limit at clock = 43210.6788297557
-----------------------------
| Model.cleanup in progress |
-----------------------------
cleanup: agenda
cleanup: wait queues
coroutine counts = (43025040,43022160,43020716)
[ModelOptimizer] Fitness: 1.7101 | Elapsed: 92.03 sec
[ModelOptimizer] Evaluating parameters: VectorD(6.00099,	2.58574,	-3.85290,	3.70788,	3.71991)

======================================================================
TRAFFIC MODEL BUILDER SUMMARY
======================================================================
Network:      US-101-N-DonaldDoyle
Segments:     7
Lanes:        4
Junctions:    8
Ramps:        2
Sensors:      5
Mode:         PeMS Data-Driven
Car-Following: Gipps
ODE Solver:   Ballistic
Vmax:         35.0 m/s
======================================================================
Skipping Source actor due to time limit at clock = 43201.00125327633
Skipping Source actor due to time limit at clock = 43210.6788297557
-----------------------------
| Model.cleanup in progress |
-----------------------------
cleanup: agenda
cleanup: wait queues
coroutine counts = (43084797,43081913,43080467)
[ModelOptimizer] Fitness: 1.7129 | Elapsed: 95.20 sec
[ModelOptimizer] Evaluating parameters: VectorD(3.10428,	2.21105,	-4.94373,	3.57887,	3.24925)

======================================================================
TRAFFIC MODEL BUILDER SUMMARY
======================================================================
Network:      US-101-N-DonaldDoyle
Segments:     7
Lanes:        4
Junctions:    8
Ramps:        2
Sensors:      5
Mode:         PeMS Data-Driven
Car-Following: Gipps
ODE Solver:   Ballistic
Vmax:         35.0 m/s
======================================================================
Skipping Source actor due to time limit at clock = 43201.00125327633
Skipping Source actor due to time limit at clock = 43210.6788297557
-----------------------------
| Model.cleanup in progress |
-----------------------------
cleanup: agenda
cleanup: wait queues
coroutine counts = (43144554,43141666,43140218)
[ModelOptimizer] Fitness: 1.7115 | Elapsed: 96.62 sec
[ModelOptimizer] Evaluating parameters: VectorD(3.94132,	1.69225,	-5.26506,	2.95622,	3.51868)

======================================================================
TRAFFIC MODEL BUILDER SUMMARY
======================================================================
Network:      US-101-N-DonaldDoyle
Segments:     7
Lanes:        4
Junctions:    8
Ramps:        2
Sensors:      5
Mode:         PeMS Data-Driven
Car-Following: Gipps
ODE Solver:   Ballistic
Vmax:         35.0 m/s
======================================================================
Skipping Source actor due to time limit at clock = 43201.00125327633
Skipping Source actor due to time limit at clock = 43210.6788297557
-----------------------------
| Model.cleanup in progress |
-----------------------------
cleanup: agenda
cleanup: wait queues
coroutine counts = (43204311,43201419,43199969)
[ModelOptimizer] Fitness: 1.7108 | Elapsed: 104.21 sec
[ModelOptimizer] Evaluating parameters: VectorD(2.95105,	1.84751,	-4.10106,	2.96931,	2.90403)

======================================================================
TRAFFIC MODEL BUILDER SUMMARY
======================================================================
Network:      US-101-N-DonaldDoyle
Segments:     7
Lanes:        4
Junctions:    8
Ramps:        2
Sensors:      5
Mode:         PeMS Data-Driven
Car-Following: Gipps
ODE Solver:   Ballistic
Vmax:         35.0 m/s
======================================================================
Skipping Source actor due to time limit at clock = 43201.00125327633
Skipping Source actor due to time limit at clock = 43210.6788297557
-----------------------------
| Model.cleanup in progress |
-----------------------------
cleanup: agenda
cleanup: wait queues
coroutine counts = (43264068,43261172,43259720)
[ModelOptimizer] Fitness: 1.9802 | Elapsed: 111.94 sec
[ModelOptimizer] Evaluating parameters: VectorD(3.47437,	1.88166,	-7.33657,	3.92191,	4.68428)

======================================================================
TRAFFIC MODEL BUILDER SUMMARY
======================================================================
Network:      US-101-N-DonaldDoyle
Segments:     7
Lanes:        4
Junctions:    8
Ramps:        2
Sensors:      5
Mode:         PeMS Data-Driven
Car-Following: Gipps
ODE Solver:   Ballistic
Vmax:         35.0 m/s
======================================================================
Skipping Source actor due to time limit at clock = 43201.00125327633
Skipping Source actor due to time limit at clock = 43210.6788297557
-----------------------------
| Model.cleanup in progress |
-----------------------------
cleanup: agenda
cleanup: wait queues
coroutine counts = (43323825,43320925,43319471)
[ModelOptimizer] Fitness: 1.7120 | Elapsed: 101.59 sec
[ModelOptimizer] Evaluating parameters: VectorD(4.01572,	2.00786,	-1.49214,	2.08168,	1.25393)

======================================================================
TRAFFIC MODEL BUILDER SUMMARY
======================================================================
Network:      US-101-N-DonaldDoyle
Segments:     7
Lanes:        4
Junctions:    8
Ramps:        2
Sensors:      5
Mode:         PeMS Data-Driven
Car-Following: Gipps
ODE Solver:   Ballistic
Vmax:         35.0 m/s
======================================================================
Skipping Source actor due to time limit at clock = 43201.00125327633
Skipping Source actor due to time limit at clock = 43210.6788297557
-----------------------------
| Model.cleanup in progress |
-----------------------------
cleanup: agenda
cleanup: wait queues
coroutine counts = (43383582,43380678,43379222)
[ModelOptimizer] Fitness: 5.3581 | Elapsed: 173.94 sec
[ModelOptimizer] Evaluating parameters: VectorD(4.43103,	2.21551,	-1.28449,	2.25819,	1.35776)

======================================================================
TRAFFIC MODEL BUILDER SUMMARY
======================================================================
Network:      US-101-N-DonaldDoyle
Segments:     7
Lanes:        4
Junctions:    8
Ramps:        2
Sensors:      5
Mode:         PeMS Data-Driven
Car-Following: Gipps
ODE Solver:   Ballistic
Vmax:         35.0 m/s
======================================================================
Skipping Source actor due to time limit at clock = 43201.00125327633
Skipping Source actor due to time limit at clock = 43210.6788297557
-----------------------------
| Model.cleanup in progress |
-----------------------------
cleanup: agenda
cleanup: wait queues
coroutine counts = (43443339,43440431,43438973)
[ModelOptimizer] Fitness: 5.8046 | Elapsed: 176.50 sec
[ModelOptimizer] Evaluating parameters: VectorD(4.87209,	2.43604,	-1.06396,	2.44564,	1.46802)

======================================================================
TRAFFIC MODEL BUILDER SUMMARY
======================================================================
Network:      US-101-N-DonaldDoyle
Segments:     7
Lanes:        4
Junctions:    8
Ramps:        2
Sensors:      5
Mode:         PeMS Data-Driven
Car-Following: Gipps
ODE Solver:   Ballistic
Vmax:         35.0 m/s
======================================================================
Skipping Source actor due to time limit at clock = 43201.00125327633
Skipping Source actor due to time limit at clock = 43210.6788297557
-----------------------------
| Model.cleanup in progress |
-----------------------------
cleanup: agenda
cleanup: wait queues
coroutine counts = (43503096,43500184,43498724)
[ModelOptimizer] Fitness: 6.4192 | Elapsed: 177.05 sec
[ModelOptimizer] Evaluating parameters: VectorD(1.19794,	0.598971,	-2.90103,	0.884125,	0.549485)

======================================================================
TRAFFIC MODEL BUILDER SUMMARY
======================================================================
Network:      US-101-N-DonaldDoyle
Segments:     7
Lanes:        4
Junctions:    8
Ramps:        2
Sensors:      5
Mode:         PeMS Data-Driven
Car-Following: Gipps
ODE Solver:   Ballistic
Vmax:         35.0 m/s
======================================================================
Skipping Source actor due to time limit at clock = 43201.00125327633
Skipping Source actor due to time limit at clock = 43210.6788297557
-----------------------------
| Model.cleanup in progress |
-----------------------------
cleanup: agenda
cleanup: wait queues
coroutine counts = (43562853,43559937,43558475)
[ModelOptimizer] Fitness: 5.4075 | Elapsed: 324.88 sec
[ModelOptimizer] Evaluating parameters: VectorD(1.50011,	0.750053,	-2.74995,	1.01255,	0.625027)

======================================================================
TRAFFIC MODEL BUILDER SUMMARY
======================================================================
Network:      US-101-N-DonaldDoyle
Segments:     7
Lanes:        4
Junctions:    8
Ramps:        2
Sensors:      5
Mode:         PeMS Data-Driven
Car-Following: Gipps
ODE Solver:   Ballistic
Vmax:         35.0 m/s
======================================================================
Skipping Source actor due to time limit at clock = 43201.00125327633
Skipping Source actor due to time limit at clock = 43210.6788297557
-----------------------------
| Model.cleanup in progress |
-----------------------------
cleanup: agenda
cleanup: wait queues
coroutine counts = (43622610,43619690,43618226)
[ModelOptimizer] Fitness: 5.1298 | Elapsed: 311.68 sec
      65 |      1.70868172 |      1.70868172 |      16.3% ✓
[ModelOptimizer] Evaluating parameters: VectorD(5.77220,	1.71687,	-5.44032,	3.23827,	3.55470)

======================================================================
TRAFFIC MODEL BUILDER SUMMARY
======================================================================
Network:      US-101-N-DonaldDoyle
Segments:     7
Lanes:        4
Junctions:    8
Ramps:        2
Sensors:      5
Mode:         PeMS Data-Driven
Car-Following: Gipps
ODE Solver:   Ballistic
Vmax:         35.0 m/s
======================================================================
Skipping Source actor due to time limit at clock = 43201.00125327633
Skipping Source actor due to time limit at clock = 43210.6788297557
-----------------------------
| Model.cleanup in progress |
-----------------------------
cleanup: agenda
cleanup: wait queues
coroutine counts = (43682367,43679443,43677977)
[ModelOptimizer] Fitness: 1.7105 | Elapsed: 148.12 sec
[ModelOptimizer] Evaluating parameters: VectorD(5.27458,	2.38783,	-3.63088,	3.76511,	4.82977)

======================================================================
TRAFFIC MODEL BUILDER SUMMARY
======================================================================
Network:      US-101-N-DonaldDoyle
Segments:     7
Lanes:        4
Junctions:    8
Ramps:        2
Sensors:      5
Mode:         PeMS Data-Driven
Car-Following: Gipps
ODE Solver:   Ballistic
Vmax:         35.0 m/s
======================================================================
Skipping Source actor due to time limit at clock = 43201.00125327633
Skipping Source actor due to time limit at clock = 43210.6788297557
-----------------------------
| Model.cleanup in progress |
-----------------------------
cleanup: agenda
cleanup: wait queues
coroutine counts = (43742124,43739196,43737728)
[ModelOptimizer] Fitness: 1.7092 | Elapsed: 150.57 sec
[ModelOptimizer] Evaluating parameters: VectorD(5.15603,	2.46984,	-3.80390,	3.31989,	3.34871)

======================================================================
TRAFFIC MODEL BUILDER SUMMARY
======================================================================
Network:      US-101-N-DonaldDoyle
Segments:     7
Lanes:        4
Junctions:    8
Ramps:        2
Sensors:      5
Mode:         PeMS Data-Driven
Car-Following: Gipps
ODE Solver:   Ballistic
Vmax:         35.0 m/s
======================================================================
Skipping Source actor due to time limit at clock = 43201.00125327633
Skipping Source actor due to time limit at clock = 43210.6788297557
-----------------------------
| Model.cleanup in progress |
-----------------------------
cleanup: agenda
cleanup: wait queues
coroutine counts = (43801881,43798949,43797479)
[ModelOptimizer] Fitness: 1.7599 | Elapsed: 186.07 sec
[ModelOptimizer] Evaluating parameters: VectorD(2.91892,	2.07096,	-5.97941,	3.21607,	4.74919)

======================================================================
TRAFFIC MODEL BUILDER SUMMARY
======================================================================
Network:      US-101-N-DonaldDoyle
Segments:     7
Lanes:        4
Junctions:    8
Ramps:        2
Sensors:      5
Mode:         PeMS Data-Driven
Car-Following: Gipps
ODE Solver:   Ballistic
Vmax:         35.0 m/s
======================================================================
Skipping Source actor due to time limit at clock = 43201.00125327633
Skipping Source actor due to time limit at clock = 43210.6788297557
-----------------------------
| Model.cleanup in progress |
-----------------------------
cleanup: agenda
cleanup: wait queues
coroutine counts = (43861638,43858702,43857230)
[ModelOptimizer] Fitness: 1.7100 | Elapsed: 182.33 sec
[ModelOptimizer] Evaluating parameters: VectorD(2.94064,	1.71326,	-5.43463,	3.75379,	3.32278)

======================================================================
TRAFFIC MODEL BUILDER SUMMARY
======================================================================
Network:      US-101-N-DonaldDoyle
Segments:     7
Lanes:        4
Junctions:    8
Ramps:        2
Sensors:      5
Mode:         PeMS Data-Driven
Car-Following: Gipps
ODE Solver:   Ballistic
Vmax:         35.0 m/s
======================================================================
Skipping Source actor due to time limit at clock = 43201.00125327633
Skipping Source actor due to time limit at clock = 43210.6788297557
-----------------------------
| Model.cleanup in progress |
-----------------------------
cleanup: agenda
cleanup: wait queues
coroutine counts = (43921395,43918455,43916981)
[ModelOptimizer] Fitness: 1.7094 | Elapsed: 193.99 sec
[ModelOptimizer] Evaluating parameters: VectorD(4.30388,	1.44944,	-5.35823,	3.23190,	4.28515)

======================================================================
TRAFFIC MODEL BUILDER SUMMARY
======================================================================
Network:      US-101-N-DonaldDoyle
Segments:     7
Lanes:        4
Junctions:    8
Ramps:        2
Sensors:      5
Mode:         PeMS Data-Driven
Car-Following: Gipps
ODE Solver:   Ballistic
Vmax:         35.0 m/s
======================================================================
Skipping Source actor due to time limit at clock = 43201.00125327633
Skipping Source actor due to time limit at clock = 43210.6788297557
-----------------------------
| Model.cleanup in progress |
-----------------------------
cleanup: agenda
cleanup: wait queues
coroutine counts = (43981152,43978208,43976732)
[ModelOptimizer] Fitness: 1.7129 | Elapsed: 247.80 sec
[ModelOptimizer] Evaluating parameters: VectorD(3.20546,	1.60273,	-1.89727,	1.73732,	1.05136)

======================================================================
TRAFFIC MODEL BUILDER SUMMARY
======================================================================
Network:      US-101-N-DonaldDoyle
Segments:     7
Lanes:        4
Junctions:    8
Ramps:        2
Sensors:      5
Mode:         PeMS Data-Driven
Car-Following: Gipps
ODE Solver:   Ballistic
Vmax:         35.0 m/s
======================================================================
Skipping Source actor due to time limit at clock = 43201.00125327633
Skipping Source actor due to time limit at clock = 43210.6788297557
-----------------------------
| Model.cleanup in progress |
-----------------------------
cleanup: agenda
cleanup: wait queues
coroutine counts = (44040909,44037961,44036483)
[ModelOptimizer] Fitness: 4.9303 | Elapsed: 440.36 sec
[ModelOptimizer] Evaluating parameters: VectorD(1.39791,	0.698955,	-2.80105,	0.969112,	0.599477)

======================================================================
TRAFFIC MODEL BUILDER SUMMARY
======================================================================
Network:      US-101-N-DonaldDoyle
Segments:     7
Lanes:        4
Junctions:    8
Ramps:        2
Sensors:      5
Mode:         PeMS Data-Driven
Car-Following: Gipps
ODE Solver:   Ballistic
Vmax:         35.0 m/s
======================================================================
Skipping Source actor due to time limit at clock = 43201.00125327633
Skipping Source actor due to time limit at clock = 43210.6788297557
-----------------------------
| Model.cleanup in progress |
-----------------------------
cleanup: agenda
cleanup: wait queues
coroutine counts = (44100666,44097714,44096234)
[ModelOptimizer] Fitness: 5.2653 | Elapsed: 613.39 sec
[ModelOptimizer] Evaluating parameters: VectorD(2.65331,	1.32665,	-2.17335,	1.50266,	0.913327)

======================================================================
TRAFFIC MODEL BUILDER SUMMARY
======================================================================
Network:      US-101-N-DonaldDoyle
Segments:     7
Lanes:        4
Junctions:    8
Ramps:        2
Sensors:      5
Mode:         PeMS Data-Driven
Car-Following: Gipps
ODE Solver:   Ballistic
Vmax:         35.0 m/s
======================================================================
Skipping Source actor due to time limit at clock = 43201.00125327633
Skipping Source actor due to time limit at clock = 43210.6788297557
-----------------------------
| Model.cleanup in progress |
-----------------------------
cleanup: agenda
cleanup: wait queues
coroutine counts = (44160423,44157467,44155985)
[ModelOptimizer] Fitness: 4.8424 | Elapsed: 723.39 sec
[ModelOptimizer] Evaluating parameters: VectorD(4.56174,	2.28087,	-1.21913,	2.31374,	1.39043)

======================================================================
TRAFFIC MODEL BUILDER SUMMARY
======================================================================
Network:      US-101-N-DonaldDoyle
Segments:     7
Lanes:        4
Junctions:    8
Ramps:        2
Sensors:      5
Mode:         PeMS Data-Driven
Car-Following: Gipps
ODE Solver:   Ballistic
Vmax:         35.0 m/s
======================================================================
Skipping Source actor due to time limit at clock = 43201.00125327633
Skipping Source actor due to time limit at clock = 43210.6788297557
-----------------------------
| Model.cleanup in progress |
-----------------------------
cleanup: agenda
cleanup: wait queues
coroutine counts = (44220180,44217220,44215735)
[ModelOptimizer] Fitness: 5.9622 | Elapsed: 1037.12 sec
[ModelOptimizer] Evaluating parameters: VectorD(1.43195,	0.715976,	-2.78402,	0.983580,	0.607988)

======================================================================
TRAFFIC MODEL BUILDER SUMMARY
======================================================================
Network:      US-101-N-DonaldDoyle
Segments:     7
Lanes:        4
Junctions:    8
Ramps:        2
Sensors:      5
Mode:         PeMS Data-Driven
Car-Following: Gipps
ODE Solver:   Ballistic
Vmax:         35.0 m/s
======================================================================
Skipping Source actor due to time limit at clock = 43201.00125327633
Skipping Source actor due to time limit at clock = 43210.6788297557
-----------------------------
| Model.cleanup in progress |
-----------------------------
cleanup: agenda
cleanup: wait queues
coroutine counts = (44279937,44276973,44275486)
[ModelOptimizer] Fitness: 5.1901 | Elapsed: 1319.30 sec
      66 |      1.70868172 |      1.70868172 |      16.5% ✓
[ModelOptimizer] Evaluating parameters: VectorD(3.89723,	1.77517,	-5.24096,	4.21124,	3.41454)

======================================================================
TRAFFIC MODEL BUILDER SUMMARY
======================================================================
Network:      US-101-N-DonaldDoyle
Segments:     7
Lanes:        4
Junctions:    8
Ramps:        2
Sensors:      5
Mode:         PeMS Data-Driven
Car-Following: Gipps
ODE Solver:   Ballistic
Vmax:         35.0 m/s
======================================================================
Skipping Source actor due to time limit at clock = 43201.00125327633
Skipping Source actor due to time limit at clock = 43210.6788297557
-----------------------------
| Model.cleanup in progress |
-----------------------------
cleanup: agenda
cleanup: wait queues
coroutine counts = (44339694,44336726,44335237)
[ModelOptimizer] Fitness: 1.7111 | Elapsed: 821.37 sec
[ModelOptimizer] Evaluating parameters: VectorD(5.07162,	2.35453,	-3.91227,	3.35849,	2.94569)

======================================================================
TRAFFIC MODEL BUILDER SUMMARY
======================================================================
Network:      US-101-N-DonaldDoyle
Segments:     7
Lanes:        4
Junctions:    8
Ramps:        2
Sensors:      5
Mode:         PeMS Data-Driven
Car-Following: Gipps
ODE Solver:   Ballistic
Vmax:         35.0 m/s
======================================================================
Skipping Source actor due to time limit at clock = 43201.00125327633
Skipping Source actor due to time limit at clock = 43210.6788297557
-----------------------------
| Model.cleanup in progress |
-----------------------------
cleanup: agenda
cleanup: wait queues
coroutine counts = (44399451,44396479,44394988)
[ModelOptimizer] Fitness: 1.9395 | Elapsed: 937.62 sec
[ModelOptimizer] Evaluating parameters: VectorD(3.45290,	1.97642,	-5.29977,	4.01250,	2.92349)

======================================================================
TRAFFIC MODEL BUILDER SUMMARY
======================================================================
Network:      US-101-N-DonaldDoyle
Segments:     7
Lanes:        4
Junctions:    8
Ramps:        2
Sensors:      5
Mode:         PeMS Data-Driven
Car-Following: Gipps
ODE Solver:   Ballistic
Vmax:         35.0 m/s
======================================================================
Skipping Source actor due to time limit at clock = 43201.00125327633
Skipping Source actor due to time limit at clock = 43210.6788297557
-----------------------------
| Model.cleanup in progress |
-----------------------------
cleanup: agenda
cleanup: wait queues
coroutine counts = (44459208,44456232,44454739)
[ModelOptimizer] Fitness: 1.7145 | Elapsed: 1939.37 sec
[ModelOptimizer] Evaluating parameters: VectorD(2.98818,	1.60310,	-5.87595,	3.97078,	3.94520)

======================================================================
TRAFFIC MODEL BUILDER SUMMARY
======================================================================
Network:      US-101-N-DonaldDoyle
Segments:     7
Lanes:        4
Junctions:    8
Ramps:        2
Sensors:      5
Mode:         PeMS Data-Driven
Car-Following: Gipps
ODE Solver:   Ballistic
Vmax:         35.0 m/s
======================================================================
Skipping Source actor due to time limit at clock = 43201.00125327633
Skipping Source actor due to time limit at clock = 43210.6788297557
-----------------------------
| Model.cleanup in progress |
-----------------------------
cleanup: agenda
cleanup: wait queues
coroutine counts = (44518965,44515985,44514490)
[ModelOptimizer] Fitness: 1.7099 | Elapsed: 2391.85 sec
[ModelOptimizer] Evaluating parameters: VectorD(3.13576,	1.79242,	-4.75795,	3.11089,	4.65236)

======================================================================
TRAFFIC MODEL BUILDER SUMMARY
======================================================================
Network:      US-101-N-DonaldDoyle
Segments:     7
Lanes:        4
Junctions:    8
Ramps:        2
Sensors:      5
Mode:         PeMS Data-Driven
Car-Following: Gipps
ODE Solver:   Ballistic
Vmax:         35.0 m/s
======================================================================
Skipping Source actor due to time limit at clock = 43201.00125327633
Skipping Source actor due to time limit at clock = 43210.6788297557
-----------------------------
| Model.cleanup in progress |
-----------------------------
cleanup: agenda
cleanup: wait queues
coroutine counts = (44578722,44575738,44574241)
[ModelOptimizer] Fitness: 1.7110 | Elapsed: 824.11 sec
[ModelOptimizer] Evaluating parameters: VectorD(3.27013,	1.89319,	-6.27056,	3.08704,	4.63624)

======================================================================
TRAFFIC MODEL BUILDER SUMMARY
======================================================================
Network:      US-101-N-DonaldDoyle
Segments:     7
Lanes:        4
Junctions:    8
Ramps:        2
Sensors:      5
Mode:         PeMS Data-Driven
Car-Following: Gipps
ODE Solver:   Ballistic
Vmax:         35.0 m/s
======================================================================
Skipping Source actor due to time limit at clock = 43201.00125327633
Skipping Source actor due to time limit at clock = 43210.6788297557
-----------------------------
| Model.cleanup in progress |
-----------------------------
cleanup: agenda
cleanup: wait queues
coroutine counts = (44638479,44635491,44633992)
[ModelOptimizer] Fitness: 1.7104 | Elapsed: 786.87 sec
[ModelOptimizer] Evaluating parameters: VectorD(4.07213,	2.03606,	-1.46394,	2.10565,	1.26803)

======================================================================
TRAFFIC MODEL BUILDER SUMMARY
======================================================================
Network:      US-101-N-DonaldDoyle
Segments:     7
Lanes:        4
Junctions:    8
Ramps:        2
Sensors:      5
Mode:         PeMS Data-Driven
Car-Following: Gipps
ODE Solver:   Ballistic
Vmax:         35.0 m/s
======================================================================
Skipping Source actor due to time limit at clock = 43201.00125327633
Skipping Source actor due to time limit at clock = 43210.6788297557
-----------------------------
| Model.cleanup in progress |
-----------------------------
cleanup: agenda
cleanup: wait queues
coroutine counts = (44698236,44695244,44693743)
[ModelOptimizer] Fitness: 5.4004 | Elapsed: 1345.67 sec
[ModelOptimizer] Evaluating parameters: VectorD(3.53665,	1.76833,	-1.73167,	1.87808,	1.13416)

======================================================================
TRAFFIC MODEL BUILDER SUMMARY
======================================================================
Network:      US-101-N-DonaldDoyle
Segments:     7
Lanes:        4
Junctions:    8
Ramps:        2
Sensors:      5
Mode:         PeMS Data-Driven
Car-Following: Gipps
ODE Solver:   Ballistic
Vmax:         35.0 m/s
======================================================================
Skipping Source actor due to time limit at clock = 43201.00125327633
Skipping Source actor due to time limit at clock = 43210.6788297557
-----------------------------
| Model.cleanup in progress |
-----------------------------
cleanup: agenda
cleanup: wait queues
coroutine counts = (44757993,44754997,44753494)
[ModelOptimizer] Fitness: 5.0555 | Elapsed: 2762.87 sec
[ModelOptimizer] Evaluating parameters: VectorD(1.78034,	0.890170,	-2.60983,	1.13164,	0.695085)

======================================================================
TRAFFIC MODEL BUILDER SUMMARY
======================================================================
Network:      US-101-N-DonaldDoyle
Segments:     7
Lanes:        4
Junctions:    8
Ramps:        2
Sensors:      5
Mode:         PeMS Data-Driven
Car-Following: Gipps
ODE Solver:   Ballistic
Vmax:         35.0 m/s
======================================================================
